vehicle_id,vehicle_type,enter_time_s,departure_time_s,travel_time_s,route_distance_m,distance_traveled_m,accumulated_waiting_time_s,custom_wait_s,moving_time_s,time_loss_s,free_flow_time_s,delay_s,waiting_fraction,moving_fraction,schedule_efficiency,completed_trip,trip_status
10,car,14.0,77.0,63.0,,406.185,6.0,7.0,56.0,14.016,,,0.1111,0.8889,,True,completed
16,car,24.0,100.0,76.0,,783.196,0.0,0.0,76.0,4.512,,,0.0,1.0,,True,completed
13,car,20.0,103.0,83.0,,731.973,8.0,8.0,75.0,16.122,,,0.0964,0.9036,,True,completed
11,car,18.0,118.0,100.0,,956.914,0.0,0.0,100.0,7.783,,,0.0,1.0,,True,completed
41,car,74.0,121.0,47.0,,378.924,0.0,0.0,47.0,4.116,,,0.0,1.0,,True,completed
31,car,51.0,130.0,79.0,,602.156,9.0,9.0,70.0,23.087,,,0.1139,0.8861,,True,completed
3,car,3.0,160.0,157.0,,1501.651,0.0,3.0,154.0,17.246,,,0.0191,0.9809,,True,completed
26,car,44.0,162.0,118.0,,1037.717,0.0,0.0,118.0,11.232,,,0.0,1.0,,True,completed
6,car,13.0,171.0,158.0,,1604.949,0.0,0.0,158.0,12.553,,,0.0,1.0,,True,completed
2,car,2.0,177.0,175.0,,1588.748,0.0,9.0,166.0,23.865,,,0.0514,0.9486,,True,completed
1,car,2.0,180.0,178.0,,1691.914,0.0,3.0,175.0,23.527,,,0.0169,0.9831,,True,completed
40,car,70.0,180.0,110.0,,984.559,1.0,1.0,109.0,12.064,,,0.0091,0.9909,,True,completed
5,car,5.0,194.0,189.0,,1586.807,0.0,15.0,174.0,38.294,,,0.0794,0.9206,,True,completed
50,car,91.0,209.0,118.0,,1061.327,0.0,0.0,118.0,11.975,,,0.0,1.0,,True,completed
60,car,103.0,223.0,120.0,,887.032,0.0,0.0,120.0,10.909,,,0.0,1.0,,True,completed
8,car,9.0,225.0,216.0,,1655.894,0.0,0.0,216.0,16.806,,,0.0,1.0,,True,completed
47,car,85.0,226.0,141.0,,1262.432,4.0,6.0,135.0,25.973,,,0.0426,0.9574,,True,completed
18,car,30.0,227.0,197.0,,1813.036,10.0,10.0,187.0,31.552,,,0.0508,0.9492,,True,completed
7,car,9.0,230.0,221.0,,2215.468,0.0,0.0,221.0,14.064,,,0.0,1.0,,True,completed
12,car,19.0,233.0,214.0,,2096.82,0.0,8.0,206.0,23.325,,,0.0374,0.9626,,True,completed
85,car,152.0,233.0,81.0,,732.014,4.0,4.0,77.0,14.118,,,0.0494,0.9506,,True,completed
34,truck,55.0,234.0,179.0,,1351.491,0.0,0.0,179.0,14.589,,,0.0,1.0,,True,completed
43,car,80.0,237.0,157.0,,1397.658,0.0,0.0,157.0,12.339,,,0.0,1.0,,True,completed
27,car,46.0,242.0,196.0,,1803.224,6.0,6.0,190.0,22.639,,,0.0306,0.9694,,True,completed
45,car,84.0,242.0,158.0,,1412.398,1.0,1.0,157.0,17.67,,,0.0063,0.9937,,True,completed
36,car,59.0,248.0,189.0,,1862.582,0.0,0.0,189.0,12.033,,,0.0,1.0,,True,completed
73,car,130.0,248.0,118.0,,1098.218,0.0,0.0,118.0,8.736,,,0.0,1.0,,True,completed
23,car,36.0,249.0,213.0,,1919.074,1.0,8.0,205.0,33.95,,,0.0376,0.9624,,True,completed
61,car,106.0,259.0,153.0,,1408.781,0.0,0.0,153.0,23.851,,,0.0,1.0,,True,completed
58,car,100.0,260.0,160.0,,1584.969,0.0,0.0,160.0,14.908,,,0.0,1.0,,True,completed
89,truck,173.0,263.0,90.0,,679.601,0.0,0.0,90.0,6.752,,,0.0,1.0,,True,completed
52,car,93.0,264.0,171.0,,1688.621,0.0,1.0,170.0,16.471,,,0.0058,0.9942,,True,completed
46,car,84.0,265.0,181.0,,1600.24,0.0,0.0,181.0,22.731,,,0.0,1.0,,True,completed
81,car,144.0,266.0,122.0,,1265.53,0.0,0.0,122.0,6.008,,,0.0,1.0,,True,completed
30,car,51.0,281.0,230.0,,2151.749,5.0,5.0,225.0,26.678,,,0.0217,0.9783,,True,completed
0,truck,2.0,284.0,282.0,,2126.904,0.0,2.0,280.0,24.883,,,0.0071,0.9929,,True,completed
38,car,65.0,292.0,227.0,,2132.302,4.0,4.0,223.0,31.326,,,0.0176,0.9824,,True,completed
75,car,136.0,292.0,156.0,,1519.77,0.0,0.0,156.0,14.199,,,0.0,1.0,,True,completed
93,car,176.0,298.0,122.0,,1024.171,2.0,2.0,120.0,18.505,,,0.0164,0.9836,,True,completed
117,car,231.0,300.0,69.0,,539.595,6.0,6.0,63.0,18.671,,,0.087,0.913,,True,completed
103,car,195.0,302.0,107.0,,884.819,8.0,8.0,99.0,20.425,,,0.0748,0.9252,,True,completed
22,car,36.0,303.0,267.0,,2620.391,0.0,6.0,261.0,28.995,,,0.0225,0.9775,,True,completed
28,car,49.0,306.0,257.0,,1577.495,2.0,95.0,162.0,113.674,,,0.3696,0.6304,,True,completed
9,truck,12.0,306.0,294.0,,1957.976,19.0,20.0,274.0,56.21,,,0.068,0.932,,True,completed
33,car,54.0,307.0,253.0,,2301.837,0.0,0.0,253.0,28.185,,,0.0,1.0,,True,completed
91,car,173.0,317.0,144.0,,1283.112,0.0,0.0,144.0,17.333,,,0.0,1.0,,True,completed
115,car,224.0,318.0,94.0,,749.028,9.0,9.0,85.0,17.758,,,0.0957,0.9043,,True,completed
35,car,56.0,320.0,264.0,,2333.49,5.0,8.0,256.0,44.809,,,0.0303,0.9697,,True,completed
55,car,98.0,320.0,222.0,,2222.396,3.0,3.0,219.0,19.65,,,0.0135,0.9865,,True,completed
59,truck,101.0,320.0,219.0,,1656.926,3.0,3.0,216.0,18.325,,,0.0137,0.9863,,True,completed
95,car,181.0,325.0,144.0,,1416.538,0.0,0.0,144.0,12.927,,,0.0,1.0,,True,completed
110,car,212.0,326.0,114.0,,643.402,27.0,27.0,87.0,40.767,,,0.2368,0.7632,,True,completed
120,car,237.0,335.0,98.0,,857.519,7.0,7.0,91.0,19.308,,,0.0714,0.9286,,True,completed
14,truck,21.0,336.0,315.0,,2351.726,2.0,3.0,312.0,29.723,,,0.0095,0.9905,,True,completed
112,car,216.0,339.0,123.0,,1231.489,0.0,0.0,123.0,8.732,,,0.0,1.0,,True,completed
39,truck,67.0,341.0,274.0,,1969.443,4.0,11.0,263.0,35.839,,,0.0401,0.9599,,True,completed
138,car,262.0,350.0,88.0,,666.045,7.0,7.0,81.0,21.347,,,0.0795,0.9205,,True,completed
163,car,307.0,350.0,43.0,,440.698,0.0,0.0,43.0,2.222,,,0.0,1.0,,True,completed
87,car,165.0,351.0,186.0,,1629.042,5.0,9.0,177.0,33.941,,,0.0484,0.9516,,True,completed
88,car,166.0,353.0,187.0,,1822.878,0.0,0.0,187.0,12.612,,,0.0,1.0,,True,completed
107,car,207.0,354.0,147.0,,1393.706,0.0,2.0,145.0,16.582,,,0.0136,0.9864,,True,completed
106,car,202.0,356.0,154.0,,1482.279,7.0,7.0,147.0,18.421,,,0.0455,0.9545,,True,completed
136,car,258.0,357.0,99.0,,904.875,0.0,0.0,99.0,9.606,,,0.0,1.0,,True,completed
71,car,128.0,357.0,229.0,,2100.446,2.0,2.0,227.0,25.772,,,0.0087,0.9913,,True,completed
108,car,209.0,361.0,152.0,,1394.427,9.0,9.0,143.0,20.949,,,0.0592,0.9408,,True,completed
109,truck,211.0,361.0,150.0,,1034.544,1.0,7.0,143.0,24.339,,,0.0467,0.9533,,True,completed
118,car,232.0,362.0,130.0,,1017.943,0.0,0.0,130.0,14.931,,,0.0,1.0,,True,completed
114,truck,223.0,368.0,145.0,,1123.63,0.0,0.0,145.0,8.188,,,0.0,1.0,,True,completed
83,car,149.0,369.0,220.0,,1826.486,0.0,4.0,216.0,32.89,,,0.0182,0.9818,,True,completed
56,car,98.0,370.0,272.0,,2129.554,0.0,5.0,267.0,51.99,,,0.0184,0.9816,,True,completed
151,car,291.0,371.0,80.0,,837.983,0.0,0.0,80.0,3.477,,,0.0,1.0,,True,completed
68,car,118.0,372.0,254.0,,2545.454,3.0,3.0,251.0,22.558,,,0.0118,0.9882,,True,completed
186,car,333.0,376.0,43.0,,444.893,0.0,0.0,43.0,1.959,,,0.0,1.0,,True,completed
86,car,154.0,388.0,234.0,,2305.498,0.0,2.0,232.0,23.48,,,0.0085,0.9915,,True,completed
143,car,276.0,393.0,117.0,,1146.598,0.0,0.0,117.0,12.805,,,0.0,1.0,,True,completed
126,car,241.0,395.0,154.0,,1326.233,16.0,16.0,138.0,31.105,,,0.1039,0.8961,,True,completed
66,car,117.0,397.0,280.0,,2447.135,3.0,25.0,255.0,50.991,,,0.0893,0.9107,,True,completed
101,car,188.0,399.0,211.0,,1645.177,23.0,32.0,179.0,59.418,,,0.1517,0.8483,,True,completed
77,car,137.0,401.0,264.0,,2550.844,3.0,5.0,259.0,31.811,,,0.0189,0.9811,,True,completed
76,car,136.0,404.0,268.0,,2629.978,0.0,0.0,268.0,29.298,,,0.0,1.0,,True,completed
153,car,294.0,405.0,111.0,,1171.282,0.0,0.0,111.0,4.584,,,0.0,1.0,,True,completed
164,truck,309.0,405.0,96.0,,727.434,0.0,0.0,96.0,7.246,,,0.0,1.0,,True,completed
54,truck,96.0,405.0,309.0,,2410.602,0.0,0.0,309.0,18.612,,,0.0,1.0,,True,completed
113,car,218.0,407.0,189.0,,1683.724,9.0,11.0,178.0,34.487,,,0.0582,0.9418,,True,completed
97,car,183.0,408.0,225.0,,2142.05,5.0,5.0,220.0,29.705,,,0.0222,0.9778,,True,completed
121,car,239.0,415.0,176.0,,1491.742,0.0,3.0,173.0,20.196,,,0.017,0.983,,True,completed
147,car,286.0,416.0,130.0,,1215.707,3.0,3.0,127.0,15.661,,,0.0231,0.9769,,True,completed
111,car,216.0,422.0,206.0,,1856.968,0.0,2.0,204.0,20.384,,,0.0097,0.9903,,True,completed
214,truck,374.0,423.0,49.0,,371.458,0.0,0.0,49.0,2.213,,,0.0,1.0,,True,completed
90,car,171.0,426.0,255.0,,2255.035,19.0,21.0,234.0,49.652,,,0.0824,0.9176,,True,completed
123,car,240.0,427.0,187.0,,1559.532,0.0,6.0,181.0,27.172,,,0.0321,0.9679,,True,completed
17,car,27.0,428.0,401.0,,2810.878,17.0,92.0,309.0,125.942,,,0.2294,0.7706,,True,completed
206,car,359.0,429.0,70.0,,665.126,0.0,0.0,70.0,5.925,,,0.0,1.0,,True,completed
141,car,265.0,431.0,166.0,,1634.312,0.0,0.0,166.0,17.039,,,0.0,1.0,,True,completed
193,car,343.0,433.0,90.0,,784.185,0.0,0.0,90.0,17.605,,,0.0,1.0,,True,completed
96,car,181.0,434.0,253.0,,2336.06,4.0,6.0,247.0,37.834,,,0.0237,0.9763,,True,completed
19,truck,32.0,437.0,405.0,,2820.008,39.0,39.0,366.0,64.412,,,0.0963,0.9037,,True,completed
198,car,349.0,437.0,88.0,,753.793,8.0,8.0,80.0,17.735,,,0.0909,0.9091,,True,completed
172,car,318.0,444.0,126.0,,1268.459,0.0,0.0,126.0,10.314,,,0.0,1.0,,True,completed
122,car,240.0,445.0,205.0,,2141.468,0.0,0.0,205.0,10.379,,,0.0,1.0,,True,completed
169,truck,314.0,446.0,132.0,,993.978,0.0,0.0,132.0,10.106,,,0.0,1.0,,True,completed
100,car,188.0,448.0,260.0,,2255.708,14.0,20.0,240.0,43.396,,,0.0769,0.9231,,True,completed
197,car,343.0,448.0,105.0,,1067.147,0.0,0.0,105.0,7.452,,,0.0,1.0,,True,completed
64,truck,111.0,448.0,337.0,,2430.2,7.0,15.0,322.0,44.259,,,0.0445,0.9555,,True,completed
210,car,366.0,456.0,90.0,,916.723,0.0,0.0,90.0,5.362,,,0.0,1.0,,True,completed
167,car,313.0,457.0,144.0,,1488.033,0.0,0.0,144.0,8.079,,,0.0,1.0,,True,completed
194,truck,346.0,458.0,112.0,,784.47,0.0,0.0,112.0,16.338,,,0.0,1.0,,True,completed
175,car,320.0,464.0,144.0,,736.549,69.0,69.0,75.0,76.71,,,0.4792,0.5208,,True,completed
146,car,279.0,466.0,187.0,,1796.233,0.0,0.0,187.0,14.702,,,0.0,1.0,,True,completed
105,car,198.0,469.0,271.0,,2836.717,0.0,0.0,271.0,14.151,,,0.0,1.0,,True,completed
130,car,245.0,473.0,228.0,,1906.409,1.0,19.0,209.0,45.215,,,0.0833,0.9167,,True,completed
157,car,302.0,478.0,176.0,,1697.794,4.0,4.0,172.0,21.915,,,0.0227,0.9773,,True,completed
128,car,244.0,480.0,236.0,,2266.176,0.0,5.0,231.0,24.019,,,0.0212,0.9788,,True,completed
213,car,370.0,480.0,110.0,,981.971,0.0,0.0,110.0,10.864,,,0.0,1.0,,True,completed
127,car,243.0,486.0,243.0,,2255.196,5.0,5.0,238.0,33.985,,,0.0206,0.9794,,True,completed
116,car,230.0,497.0,267.0,,2598.915,2.0,3.0,264.0,29.478,,,0.0112,0.9888,,True,completed
99,truck,187.0,498.0,311.0,,1907.246,34.0,45.0,266.0,75.699,,,0.1447,0.8553,,True,completed
135,car,256.0,501.0,245.0,,2211.79,6.0,6.0,239.0,30.222,,,0.0245,0.9755,,True,completed
227,car,391.0,504.0,113.0,,1055.066,0.0,0.0,113.0,9.984,,,0.0,1.0,,True,completed
250,car,429.0,510.0,81.0,,816.021,0.0,0.0,81.0,6.481,,,0.0,1.0,,True,completed
188,car,335.0,512.0,177.0,,1811.072,0.0,0.0,177.0,11.599,,,0.0,1.0,,True,completed
4,truck,5.0,514.0,509.0,,1530.138,29.0,306.0,203.0,324.393,,,0.6012,0.3988,,True,completed
139,truck,263.0,517.0,254.0,,2012.613,0.0,0.0,254.0,11.34,,,0.0,1.0,,True,completed
161,car,305.0,517.0,212.0,,1694.837,6.0,7.0,205.0,55.452,,,0.033,0.967,,True,completed
275,car,452.0,522.0,70.0,,735.935,0.0,0.0,70.0,2.765,,,0.0,1.0,,True,completed
168,car,313.0,523.0,210.0,,2116.655,0.0,0.0,210.0,15.748,,,0.0,1.0,,True,completed
249,truck,428.0,523.0,95.0,,729.97,0.0,0.0,95.0,5.628,,,0.0,1.0,,True,completed
221,car,385.0,527.0,142.0,,1271.344,6.0,8.0,134.0,26.073,,,0.0563,0.9437,,True,completed
185,car,333.0,529.0,196.0,,1457.947,25.0,40.0,156.0,63.783,,,0.2041,0.7959,,True,completed
238,car,408.0,529.0,121.0,,1114.893,1.0,1.0,120.0,18.337,,,0.0083,0.9917,,True,completed
217,car,380.0,535.0,155.0,,1396.679,3.0,3.0,152.0,18.005,,,0.0194,0.9806,,True,completed
245,car,422.0,537.0,115.0,,901.582,6.0,6.0,109.0,24.663,,,0.0522,0.9478,,True,completed
256,car,436.0,539.0,103.0,,971.838,0.0,0.0,103.0,9.685,,,0.0,1.0,,True,completed
235,car,403.0,541.0,138.0,,1329.746,0.0,0.0,138.0,10.258,,,0.0,1.0,,True,completed
339,truck,532.0,541.0,9.0,,64.296,0.0,0.0,9.0,0.281,,,0.0,1.0,,True,completed
133,car,251.0,542.0,291.0,,2512.778,19.0,30.0,261.0,62.108,,,0.1031,0.8969,,True,completed
308,car,491.0,548.0,57.0,,590.78,0.0,0.0,57.0,2.829,,,0.0,1.0,,True,completed
166,car,312.0,553.0,241.0,,1973.306,13.0,13.0,228.0,60.962,,,0.0539,0.9461,,True,completed
266,car,454.0,560.0,106.0,,872.649,9.0,9.0,97.0,26.461,,,0.0849,0.9151,,True,completed
236,car,406.0,567.0,161.0,,1411.378,4.0,4.0,157.0,32.156,,,0.0248,0.9752,,True,completed
332,car,516.0,567.0,51.0,,480.311,0.0,0.0,51.0,6.772,,,0.0,1.0,,True,completed
333,car,516.0,568.0,52.0,,457.593,0.0,0.0,52.0,9.382,,,0.0,1.0,,True,completed
211,car,367.0,570.0,203.0,,2012.031,3.0,3.0,200.0,20.55,,,0.0148,0.9852,,True,completed
84,truck,150.0,570.0,420.0,,2924.216,1.0,18.0,402.0,67.044,,,0.0429,0.9571,,True,completed
364,truck,556.0,575.0,19.0,,143.73,0.0,0.0,19.0,0.746,,,0.0,1.0,,True,completed
199,truck,349.0,576.0,227.0,,1725.923,0.0,0.0,227.0,17.922,,,0.0,1.0,,True,completed
170,car,315.0,578.0,263.0,,2606.527,0.0,1.0,262.0,26.875,,,0.0038,0.9962,,True,completed
182,car,328.0,580.0,252.0,,2219.04,2.0,20.0,232.0,46.996,,,0.0794,0.9206,,True,completed
252,car,430.0,580.0,150.0,,1523.752,0.0,0.0,150.0,7.401,,,0.0,1.0,,True,completed
259,truck,438.0,584.0,146.0,,1103.862,0.0,0.0,146.0,10.449,,,0.0,1.0,,True,completed
294,truck,480.0,592.0,112.0,,838.012,0.0,0.0,112.0,6.993,,,0.0,1.0,,True,completed
232,car,400.0,597.0,197.0,,1864.181,8.0,8.0,189.0,25.957,,,0.0406,0.9594,,True,completed
202,car,352.0,598.0,246.0,,1790.481,0.0,0.0,246.0,21.709,,,0.0,1.0,,True,completed
183,car,332.0,599.0,267.0,,2769.668,0.0,0.0,267.0,15.514,,,0.0,1.0,,True,completed
265,car,444.0,601.0,157.0,,1491.544,0.0,0.0,157.0,10.765,,,0.0,1.0,,True,completed
228,car,392.0,602.0,210.0,,1989.869,0.0,6.0,204.0,24.285,,,0.0286,0.9714,,True,completed
336,car,524.0,604.0,80.0,,747.337,0.0,0.0,80.0,4.725,,,0.0,1.0,,True,completed
325,car,512.0,606.0,94.0,,644.112,8.0,8.0,86.0,20.978,,,0.0851,0.9149,,True,completed
212,car,369.0,608.0,239.0,,2237.234,6.0,7.0,232.0,34.773,,,0.0293,0.9707,,True,completed
313,car,498.0,611.0,113.0,,1010.537,0.0,0.0,113.0,8.873,,,0.0,1.0,,True,completed
322,car,509.0,611.0,102.0,,1004.865,0.0,0.0,102.0,8.948,,,0.0,1.0,,True,completed
264,truck,444.0,613.0,169.0,,1264.925,0.0,4.0,165.0,15.849,,,0.0237,0.9763,,True,completed
203,car,354.0,617.0,263.0,,2300.73,0.0,0.0,263.0,28.929,,,0.0,1.0,,True,completed
165,car,309.0,619.0,310.0,,2579.134,7.0,7.0,303.0,36.641,,,0.0226,0.9774,,True,completed
300,car,482.0,619.0,137.0,,1265.807,1.0,1.0,136.0,18.627,,,0.0073,0.9927,,True,completed
234,truck,401.0,621.0,220.0,,1657.792,3.0,3.0,217.0,19.163,,,0.0136,0.9864,,True,completed
293,car,476.0,623.0,147.0,,1030.953,7.0,7.0,140.0,35.328,,,0.0476,0.9524,,True,completed
243,car,417.0,630.0,213.0,,1526.9,29.0,35.0,178.0,68.044,,,0.1643,0.8357,,True,completed
205,car,356.0,632.0,276.0,,2339.512,13.0,13.0,263.0,52.675,,,0.0471,0.9529,,True,completed
220,car,384.0,632.0,248.0,,2599.673,0.0,0.0,248.0,12.778,,,0.0,1.0,,True,completed
258,car,439.0,632.0,193.0,,1526.893,26.0,26.0,167.0,47.562,,,0.1347,0.8653,,True,completed
223,car,387.0,634.0,247.0,,2016.538,6.0,10.0,237.0,50.07,,,0.0405,0.9595,,True,completed
244,truck,418.0,641.0,223.0,,1679.478,0.0,3.0,220.0,19.654,,,0.0135,0.9865,,True,completed
277,car,453.0,646.0,193.0,,1638.785,2.0,22.0,171.0,44.508,,,0.114,0.886,,True,completed
344,truck,537.0,649.0,112.0,,876.104,0.0,0.0,112.0,5.825,,,0.0,1.0,,True,completed
311,car,496.0,653.0,157.0,,1493.029,0.0,0.0,157.0,15.292,,,0.0,1.0,,True,completed
369,truck,562.0,653.0,91.0,,662.449,0.0,0.0,91.0,10.474,,,0.0,1.0,,True,completed
315,car,502.0,655.0,153.0,,1479.402,6.0,6.0,147.0,18.012,,,0.0392,0.9608,,True,completed
305,car,489.0,656.0,167.0,,1684.749,1.0,1.0,166.0,13.699,,,0.006,0.994,,True,completed
200,car,351.0,657.0,306.0,,2998.975,0.0,1.0,305.0,34.401,,,0.0033,0.9967,,True,completed
296,car,481.0,661.0,180.0,,1834.439,0.0,0.0,180.0,13.138,,,0.0,1.0,,True,completed
335,car,523.0,664.0,141.0,,1135.117,2.0,16.0,125.0,36.431,,,0.1135,0.8865,,True,completed
268,car,447.0,665.0,218.0,,2214.706,0.0,0.0,218.0,16.365,,,0.0,1.0,,True,completed
340,car,532.0,665.0,133.0,,1397.418,0.0,0.0,133.0,6.231,,,0.0,1.0,,True,completed
297,car,481.0,668.0,187.0,,1422.668,19.0,28.0,159.0,56.139,,,0.1497,0.8503,,True,completed
316,car,502.0,668.0,166.0,,1618.274,6.0,6.0,160.0,19.208,,,0.0361,0.9639,,True,completed
15,car,22.0,672.0,650.0,,3069.222,23.0,332.0,318.0,370.964,,,0.5108,0.4892,,True,completed
280,car,458.0,673.0,215.0,,1835.766,0.0,7.0,208.0,29.347,,,0.0326,0.9674,,True,completed
489,truck,658.0,674.0,16.0,,117.853,0.0,0.0,16.0,0.852,,,0.0,1.0,,True,completed
351,car,541.0,677.0,136.0,,1323.214,0.0,0.0,136.0,12.826,,,0.0,1.0,,True,completed
393,car,595.0,678.0,83.0,,778.84,0.0,0.0,83.0,10.087,,,0.0,1.0,,True,completed
318,car,505.0,680.0,175.0,,1708.417,0.0,5.0,170.0,19.388,,,0.0286,0.9714,,True,completed
279,truck,454.0,682.0,228.0,,1648.551,0.0,0.0,228.0,12.861,,,0.0,1.0,,True,completed
272,car,449.0,684.0,235.0,,1820.813,0.0,16.0,219.0,59.528,,,0.0681,0.9319,,True,completed
397,car,602.0,687.0,85.0,,788.659,1.0,1.0,84.0,12.52,,,0.0118,0.9882,,True,completed
154,truck,299.0,688.0,389.0,,2959.872,1.0,3.0,386.0,32.541,,,0.0077,0.9923,,True,completed
233,car,401.0,690.0,289.0,,2271.939,0.0,30.0,259.0,82.157,,,0.1038,0.8962,,True,completed
343,car,536.0,690.0,154.0,,1560.867,0.0,0.0,154.0,11.986,,,0.0,1.0,,True,completed
412,car,609.0,695.0,86.0,,735.888,0.0,0.0,86.0,18.373,,,0.0,1.0,,True,completed
306,car,491.0,697.0,206.0,,1861.502,14.0,14.0,192.0,34.869,,,0.068,0.932,,True,completed
360,car,551.0,698.0,147.0,,1461.901,0.0,0.0,147.0,10.047,,,0.0,1.0,,True,completed
222,car,387.0,701.0,314.0,,2863.849,0.0,7.0,307.0,28.91,,,0.0223,0.9777,,True,completed
285,car,468.0,702.0,234.0,,2268.78,4.0,4.0,230.0,25.598,,,0.0171,0.9829,,True,completed
189,truck,336.0,704.0,368.0,,2237.821,30.0,36.0,332.0,64.3,,,0.0978,0.9022,,True,completed
267,car,445.0,704.0,259.0,,2265.486,14.0,26.0,233.0,51.513,,,0.1004,0.8996,,True,completed
536,car,691.0,704.0,13.0,,126.985,0.0,0.0,13.0,0.571,,,0.0,1.0,,True,completed
282,car,465.0,706.0,241.0,,1630.108,49.0,62.0,179.0,83.161,,,0.2573,0.7427,,True,completed
366,car,558.0,707.0,149.0,,1519.241,0.0,0.0,149.0,7.287,,,0.0,1.0,,True,completed
346,car,539.0,709.0,170.0,,1585.074,0.0,3.0,167.0,26.342,,,0.0176,0.9824,,True,completed
354,truck,544.0,711.0,167.0,,1034.463,0.0,18.0,149.0,40.577,,,0.1078,0.8922,,True,completed
508,car,672.0,714.0,42.0,,436.863,0.0,0.0,42.0,1.682,,,0.0,1.0,,True,completed
511,car,674.0,715.0,41.0,,373.091,0.0,0.0,41.0,3.523,,,0.0,1.0,,True,completed
435,car,620.0,716.0,96.0,,735.504,13.0,13.0,83.0,27.768,,,0.1354,0.8646,,True,completed
301,car,483.0,723.0,240.0,,2141.649,13.0,15.0,225.0,44.743,,,0.0625,0.9375,,True,completed
219,truck,384.0,725.0,341.0,,1570.293,0.0,127.0,214.0,150.952,,,0.3724,0.6276,,True,completed
370,car,563.0,726.0,163.0,,1683.349,0.0,0.0,163.0,10.497,,,0.0,1.0,,True,completed
468,car,639.0,726.0,87.0,,857.459,0.0,0.0,87.0,7.431,,,0.0,1.0,,True,completed
298,car,481.0,729.0,248.0,,2338.419,1.0,1.0,247.0,28.509,,,0.004,0.996,,True,completed
321,car,508.0,729.0,221.0,,1801.393,29.0,29.0,192.0,56.073,,,0.1312,0.8688,,True,completed
216,car,377.0,730.0,353.0,,3149.108,12.0,29.0,324.0,61.226,,,0.0822,0.9178,,True,completed
492,car,659.0,731.0,72.0,,663.066,0.0,0.0,72.0,4.239,,,0.0,1.0,,True,completed
304,truck,488.0,732.0,244.0,,1640.432,22.0,22.0,222.0,45.863,,,0.0902,0.9098,,True,completed
424,truck,615.0,735.0,120.0,,791.008,9.0,9.0,111.0,23.659,,,0.075,0.925,,True,completed
324,truck,509.0,736.0,227.0,,1392.489,5.0,20.0,207.0,57.908,,,0.0881,0.9119,,True,completed
338,car,531.0,738.0,207.0,,1476.577,3.0,38.0,169.0,66.075,,,0.1836,0.8164,,True,completed
334,truck,518.0,744.0,226.0,,1680.074,6.0,6.0,220.0,21.933,,,0.0265,0.9735,,True,completed
357,car,547.0,744.0,197.0,,1526.184,20.0,28.0,169.0,52.903,,,0.1421,0.8579,,True,completed
356,car,546.0,746.0,200.0,,1681.985,4.0,8.0,192.0,45.709,,,0.04,0.96,,True,completed
53,car,96.0,747.0,651.0,,2158.689,95.0,436.0,215.0,455.92,,,0.6697,0.3303,,True,completed
396,car,601.0,748.0,147.0,,1265.715,1.0,5.0,142.0,30.643,,,0.034,0.966,,True,completed
430,car,618.0,749.0,131.0,,879.674,20.0,20.0,111.0,46.572,,,0.1527,0.8473,,True,completed
469,truck,641.0,750.0,109.0,,850.111,0.0,0.0,109.0,5.422,,,0.0,1.0,,True,completed
358,car,549.0,753.0,204.0,,1826.183,0.0,11.0,193.0,36.915,,,0.0539,0.9461,,True,completed
523,car,684.0,755.0,71.0,,664.604,0.0,0.0,71.0,8.531,,,0.0,1.0,,True,completed
400,car,602.0,759.0,157.0,,1414.723,0.0,9.0,148.0,27.511,,,0.0573,0.9427,,True,completed
230,car,396.0,762.0,366.0,,2895.241,14.0,14.0,352.0,61.709,,,0.0383,0.9617,,True,completed
462,car,636.0,763.0,127.0,,1208.786,0.0,0.0,127.0,14.925,,,0.0,1.0,,True,completed
475,car,643.0,763.0,120.0,,921.218,0.0,8.0,112.0,20.496,,,0.0667,0.9333,,True,completed
482,car,649.0,765.0,116.0,,1142.993,0.0,0.0,116.0,7.859,,,0.0,1.0,,True,completed
491,car,659.0,766.0,107.0,,988.733,0.0,0.0,107.0,7.647,,,0.0,1.0,,True,completed
345,car,539.0,771.0,232.0,,1913.974,6.0,6.0,226.0,54.412,,,0.0259,0.9741,,True,completed
372,car,566.0,771.0,205.0,,1952.132,1.0,1.0,204.0,26.961,,,0.0049,0.9951,,True,completed
602,car,737.0,773.0,36.0,,369.289,0.0,0.0,36.0,1.764,,,0.0,1.0,,True,completed
500,car,665.0,776.0,111.0,,950.233,5.0,6.0,105.0,18.004,,,0.0541,0.9459,,True,completed
429,truck,618.0,778.0,160.0,,1179.817,6.0,6.0,154.0,17.365,,,0.0375,0.9625,,True,completed
570,car,716.0,780.0,64.0,,624.321,0.0,0.0,64.0,5.474,,,0.0,1.0,,True,completed
464,truck,636.0,782.0,146.0,,1020.315,0.0,10.0,136.0,20.39,,,0.0685,0.9315,,True,completed
605,car,738.0,783.0,45.0,,440.726,0.0,0.0,45.0,4.334,,,0.0,1.0,,True,completed
579,truck,722.0,785.0,63.0,,452.112,2.0,2.0,61.0,7.635,,,0.0317,0.9683,,True,completed
540,car,693.0,786.0,93.0,,695.971,14.0,14.0,79.0,27.122,,,0.1505,0.8495,,True,completed
392,car,594.0,787.0,193.0,,1671.144,16.0,17.0,176.0,40.029,,,0.0881,0.9119,,True,completed
348,car,540.0,788.0,248.0,,1557.378,39.0,69.0,179.0,98.759,,,0.2782,0.7218,,True,completed
474,truck,643.0,789.0,146.0,,1068.795,0.0,5.0,141.0,16.693,,,0.0342,0.9658,,True,completed
558,car,708.0,790.0,82.0,,736.918,0.0,0.0,82.0,9.19,,,0.0,1.0,,True,completed
454,truck,632.0,793.0,161.0,,992.375,22.0,22.0,139.0,37.875,,,0.1366,0.8634,,True,completed
527,car,687.0,793.0,106.0,,1037.925,0.0,0.0,106.0,10.11,,,0.0,1.0,,True,completed
406,car,605.0,794.0,189.0,,1685.603,4.0,4.0,185.0,34.646,,,0.0212,0.9788,,True,completed
371,car,564.0,795.0,231.0,,2219.906,6.0,6.0,225.0,26.833,,,0.026,0.974,,True,completed
443,car,624.0,795.0,171.0,,1560.382,10.0,10.0,161.0,28.901,,,0.0585,0.9415,,True,completed
494,truck,660.0,799.0,139.0,,1047.877,0.0,0.0,139.0,11.546,,,0.0,1.0,,True,completed
158,car,302.0,803.0,501.0,,1985.683,59.0,304.0,197.0,321.14,,,0.6068,0.3932,,True,completed
94,truck,181.0,803.0,622.0,,2294.461,12.0,319.0,303.0,344.232,,,0.5129,0.4871,,True,completed
379,truck,576.0,805.0,229.0,,1588.043,0.0,14.0,215.0,37.12,,,0.0611,0.9389,,True,completed
375,car,569.0,807.0,238.0,,2340.07,0.0,0.0,238.0,22.473,,,0.0,1.0,,True,completed
499,truck,665.0,812.0,147.0,,795.969,27.0,33.0,114.0,50.446,,,0.2245,0.7755,,True,completed
598,car,735.0,816.0,81.0,,759.147,0.0,0.0,81.0,10.031,,,0.0,1.0,,True,completed
284,truck,467.0,819.0,352.0,,1641.605,0.0,121.0,231.0,153.244,,,0.3438,0.6562,,True,completed
539,truck,692.0,819.0,127.0,,968.921,0.0,0.0,127.0,9.205,,,0.0,1.0,,True,completed
660,car,775.0,819.0,44.0,,370.489,5.0,6.0,38.0,9.656,,,0.1364,0.8636,,True,completed
525,car,685.0,820.0,135.0,,1265.166,1.0,3.0,132.0,19.56,,,0.0222,0.9778,,True,completed
571,car,716.0,822.0,106.0,,972.011,0.0,0.0,106.0,12.244,,,0.0,1.0,,True,completed
562,car,710.0,823.0,113.0,,1078.952,5.0,5.0,108.0,14.893,,,0.0442,0.9558,,True,completed
630,car,752.0,825.0,73.0,,732.323,0.0,0.0,73.0,6.09,,,0.0,1.0,,True,completed
481,car,653.0,826.0,173.0,,1552.935,5.0,18.0,155.0,31.866,,,0.104,0.896,,True,completed
589,truck,729.0,828.0,99.0,,665.375,9.0,9.0,90.0,18.123,,,0.0909,0.9091,,True,completed
349,truck,540.0,829.0,289.0,,2016.143,0.0,5.0,284.0,23.752,,,0.0173,0.9827,,True,completed
575,car,719.0,829.0,110.0,,977.659,1.0,1.0,109.0,15.702,,,0.0091,0.9909,,True,completed
591,car,730.0,829.0,99.0,,867.75,9.0,9.0,90.0,19.017,,,0.0909,0.9091,,True,completed
455,car,632.0,830.0,198.0,,980.535,16.0,56.0,142.0,88.744,,,0.2828,0.7172,,True,completed
636,car,755.0,831.0,76.0,,728.314,0.0,0.0,76.0,7.067,,,0.0,1.0,,True,completed
416,car,611.0,834.0,223.0,,1821.095,0.0,5.0,218.0,32.315,,,0.0224,0.9776,,True,completed
376,car,583.0,835.0,252.0,,1561.638,13.0,70.0,182.0,110.191,,,0.2778,0.7222,,True,completed
574,truck,718.0,836.0,118.0,,882.221,0.0,0.0,118.0,10.494,,,0.0,1.0,,True,completed
383,car,584.0,837.0,253.0,,1995.99,5.0,15.0,238.0,64.363,,,0.0593,0.9407,,True,completed
442,car,624.0,840.0,216.0,,1819.678,22.0,27.0,189.0,50.29,,,0.125,0.875,,True,completed
654,truck,771.0,844.0,73.0,,404.848,10.0,10.0,63.0,23.395,,,0.137,0.863,,True,completed
522,car,684.0,845.0,161.0,,1322.821,3.0,8.0,153.0,29.628,,,0.0497,0.9503,,True,completed
542,car,695.0,847.0,152.0,,1488.629,0.0,0.0,152.0,13.159,,,0.0,1.0,,True,completed
394,truck,599.0,848.0,249.0,,1855.832,0.0,1.0,248.0,24.667,,,0.004,0.996,,True,completed
459,truck,633.0,849.0,216.0,,1526.377,8.0,13.0,203.0,31.734,,,0.0602,0.9398,,True,completed
553,car,703.0,851.0,148.0,,1328.671,3.0,3.0,145.0,22.412,,,0.0203,0.9797,,True,completed
458,car,633.0,852.0,219.0,,1562.673,16.0,49.0,170.0,77.1,,,0.2237,0.7763,,True,completed
683,car,791.0,852.0,61.0,,587.592,0.0,0.0,61.0,7.116,,,0.0,1.0,,True,completed
417,car,612.0,853.0,241.0,,1964.25,20.0,20.0,221.0,61.766,,,0.083,0.917,,True,completed
479,truck,648.0,854.0,206.0,,1439.205,6.0,9.0,197.0,32.226,,,0.0437,0.9563,,True,completed
652,car,770.0,855.0,85.0,,749.191,1.0,1.0,84.0,15.708,,,0.0118,0.9882,,True,completed
618,car,745.0,860.0,115.0,,985.548,0.0,0.0,115.0,12.039,,,0.0,1.0,,True,completed
503,car,667.0,861.0,194.0,,1810.313,0.0,2.0,192.0,25.681,,,0.0103,0.9897,,True,completed
436,car,620.0,863.0,243.0,,1413.225,45.0,59.0,184.0,108.455,,,0.2428,0.7572,,True,completed
425,car,615.0,864.0,249.0,,2192.47,0.0,5.0,244.0,31.61,,,0.0201,0.9799,,True,completed
613,car,742.0,865.0,123.0,,1153.427,6.0,6.0,117.0,17.585,,,0.0488,0.9512,,True,completed
62,car,108.0,867.0,759.0,,2969.696,49.0,429.0,330.0,470.567,,,0.5652,0.4348,,True,completed
150,car,291.0,870.0,579.0,,2610.747,30.0,311.0,268.0,336.966,,,0.5371,0.4629,,True,completed
413,car,609.0,870.0,261.0,,2127.002,0.0,0.0,261.0,25.763,,,0.0,1.0,,True,completed
451,car,628.0,871.0,243.0,,1941.329,15.0,15.0,228.0,65.557,,,0.0617,0.9383,,True,completed
592,car,730.0,872.0,142.0,,1369.402,0.0,0.0,142.0,16.96,,,0.0,1.0,,True,completed
240,car,412.0,874.0,462.0,,2488.317,1.0,200.0,262.0,235.902,,,0.4329,0.5671,,True,completed
438,car,621.0,875.0,254.0,,1969.757,5.0,12.0,242.0,63.262,,,0.0472,0.9528,,True,completed
686,car,793.0,875.0,82.0,,653.366,11.0,11.0,71.0,21.57,,,0.1341,0.8659,,True,completed
262,car,442.0,876.0,434.0,,1163.147,28.0,304.0,130.0,318.647,,,0.7005,0.2995,,True,completed
617,car,744.0,876.0,132.0,,1160.617,6.0,7.0,125.0,18.909,,,0.053,0.947,,True,completed
329,truck,515.0,877.0,362.0,,1536.009,14.0,145.0,217.0,173.016,,,0.4006,0.5994,,True,completed
616,car,744.0,877.0,133.0,,1271.96,0.0,0.0,133.0,16.502,,,0.0,1.0,,True,completed
708,car,809.0,877.0,68.0,,535.421,7.0,7.0,61.0,17.488,,,0.1029,0.8971,,True,completed
125,car,240.0,878.0,638.0,,,0.0,491.0,147.0,0.0,,,0.7696,0.2304,,True,completed
352,car,542.0,879.0,337.0,,1630.528,13.0,139.0,198.0,187.258,,,0.4125,0.5875,,True,completed
478,car,645.0,882.0,237.0,,2373.225,0.0,0.0,237.0,15.933,,,0.0,1.0,,True,completed
520,car,682.0,885.0,203.0,,1954.516,0.0,0.0,203.0,22.705,,,0.0,1.0,,True,completed
554,truck,706.0,885.0,179.0,,1412.129,0.0,0.0,179.0,8.199,,,0.0,1.0,,True,completed
470,car,639.0,888.0,249.0,,2218.221,0.0,0.0,249.0,33.78,,,0.0,1.0,,True,completed
505,car,668.0,889.0,221.0,,1832.187,5.0,10.0,211.0,54.476,,,0.0452,0.9548,,True,completed
597,car,735.0,891.0,156.0,,1463.53,4.0,4.0,152.0,23.281,,,0.0256,0.9744,,True,completed
473,car,642.0,895.0,253.0,,2067.403,5.0,25.0,228.0,65.819,,,0.0988,0.9012,,True,completed
484,truck,651.0,895.0,244.0,,1809.278,0.0,5.0,239.0,24.999,,,0.0205,0.9795,,True,completed
622,car,748.0,895.0,147.0,,958.479,6.0,26.0,121.0,58.475,,,0.1769,0.8231,,True,completed
32,car,52.0,897.0,845.0,,1673.393,0.0,602.0,243.0,638.175,,,0.7124,0.2876,,True,completed
644,truck,765.0,897.0,132.0,,1011.373,0.0,0.0,132.0,8.438,,,0.0,1.0,,True,completed
637,car,755.0,898.0,143.0,,1023.339,24.0,25.0,118.0,48.75,,,0.1748,0.8252,,True,completed
667,car,781.0,906.0,125.0,,1060.32,0.0,0.0,125.0,11.536,,,0.0,1.0,,True,completed
528,car,687.0,907.0,220.0,,2203.58,0.0,4.0,216.0,20.054,,,0.0182,0.9818,,True,completed
420,car,613.0,909.0,296.0,,2288.035,29.0,50.0,246.0,84.461,,,0.1689,0.8311,,True,completed
439,truck,621.0,910.0,289.0,,1962.757,28.0,28.0,261.0,52.18,,,0.0969,0.9031,,True,completed
633,car,753.0,910.0,157.0,,1642.937,0.0,0.0,157.0,8.134,,,0.0,1.0,,True,completed
472,car,653.0,911.0,258.0,,2054.448,6.0,6.0,252.0,40.41,,,0.0233,0.9767,,True,completed
647,car,767.0,911.0,144.0,,1439.382,0.0,0.0,144.0,12.488,,,0.0,1.0,,True,completed
568,car,714.0,912.0,198.0,,1771.433,11.0,11.0,187.0,32.606,,,0.0556,0.9444,,True,completed
567,car,714.0,917.0,203.0,,1842.231,8.0,8.0,195.0,31.723,,,0.0394,0.9606,,True,completed
758,car,843.0,919.0,76.0,,684.136,0.0,0.0,76.0,9.446,,,0.0,1.0,,True,completed
386,car,587.0,920.0,333.0,,1965.641,40.0,66.0,267.0,124.704,,,0.1982,0.8018,,True,completed
621,car,748.0,924.0,176.0,,1655.87,0.0,0.0,176.0,17.111,,,0.0,1.0,,True,completed
802,car,880.0,924.0,44.0,,445.387,0.0,0.0,44.0,2.915,,,0.0,1.0,,True,completed
759,truck,844.0,926.0,82.0,,629.272,0.0,0.0,82.0,5.457,,,0.0,1.0,,True,completed
671,car,782.0,927.0,145.0,,1136.498,9.0,11.0,134.0,40.892,,,0.0759,0.9241,,True,completed
495,car,662.0,928.0,266.0,,1849.332,26.0,42.0,224.0,89.388,,,0.1579,0.8421,,True,completed
414,truck,610.0,929.0,319.0,,2136.641,28.0,37.0,282.0,61.19,,,0.116,0.884,,True,completed
673,car,783.0,931.0,148.0,,1522.122,0.0,0.0,148.0,7.352,,,0.0,1.0,,True,completed
124,truck,240.0,932.0,692.0,,2672.746,21.0,337.0,355.0,370.633,,,0.487,0.513,,True,completed
140,car,264.0,932.0,668.0,,2652.87,0.0,368.0,300.0,426.972,,,0.5509,0.4491,,True,completed
780,car,856.0,934.0,78.0,,643.205,8.0,8.0,70.0,18.776,,,0.1026,0.8974,,True,completed
578,car,722.0,936.0,214.0,,1623.693,15.0,15.0,199.0,36.44,,,0.0701,0.9299,,True,completed
422,car,613.0,937.0,324.0,,177.74,80.0,300.0,24.0,307.543,,,0.9259,0.0741,,True,completed
531,car,690.0,937.0,247.0,,2143.948,0.0,4.0,243.0,30.933,,,0.0162,0.9838,,True,completed
585,car,727.0,938.0,211.0,,1822.597,0.0,25.0,186.0,43.283,,,0.1185,0.8815,,True,completed
563,car,710.0,939.0,229.0,,2203.485,3.0,3.0,226.0,28.859,,,0.0131,0.9869,,True,completed
625,car,749.0,939.0,190.0,,1741.08,0.0,0.0,190.0,20.382,,,0.0,1.0,,True,completed
577,car,721.0,941.0,220.0,,1995.412,1.0,7.0,213.0,38.603,,,0.0318,0.9682,,True,completed
463,car,636.0,942.0,306.0,,2344.69,0.0,38.0,268.0,67.368,,,0.1242,0.8758,,True,completed
634,truck,754.0,945.0,191.0,,1298.352,0.0,12.0,179.0,33.544,,,0.0628,0.9372,,True,completed
731,car,823.0,945.0,122.0,,1129.805,2.0,4.0,118.0,17.67,,,0.0328,0.9672,,True,completed
748,car,834.0,946.0,112.0,,727.918,0.0,1.0,111.0,13.461,,,0.0089,0.9911,,True,completed
51,car,91.0,947.0,856.0,,2625.478,32.0,574.0,282.0,618.326,,,0.6706,0.3294,,True,completed
524,truck,684.0,948.0,264.0,,1861.855,3.0,8.0,256.0,37.277,,,0.0303,0.9697,,True,completed
788,car,862.0,950.0,88.0,,660.891,9.0,9.0,79.0,24.102,,,0.1023,0.8977,,True,completed
680,car,791.0,959.0,168.0,,1384.239,0.0,0.0,168.0,17.289,,,0.0,1.0,,True,completed
546,car,698.0,961.0,263.0,,2088.221,0.0,10.0,253.0,32.274,,,0.038,0.962,,True,completed
583,car,724.0,961.0,237.0,,2150.366,0.0,1.0,236.0,22.775,,,0.0042,0.9958,,True,completed
626,car,749.0,963.0,214.0,,1759.595,0.0,0.0,214.0,22.363,,,0.0,1.0,,True,completed
246,car,452.0,964.0,512.0,,1965.064,6.0,306.0,206.0,333.746,,,0.5977,0.4023,,True,completed
467,car,639.0,965.0,326.0,,2054.772,16.0,64.0,262.0,115.748,,,0.1963,0.8037,,True,completed
690,car,796.0,965.0,169.0,,1490.574,0.0,4.0,165.0,31.501,,,0.0237,0.9763,,True,completed
620,car,747.0,966.0,219.0,,1823.886,0.0,0.0,219.0,18.01,,,0.0,1.0,,True,completed
368,car,561.0,967.0,406.0,,1055.296,89.0,300.0,106.0,308.159,,,0.7389,0.2611,,True,completed
549,truck,700.0,967.0,267.0,,1663.464,0.0,40.0,227.0,64.696,,,0.1498,0.8502,,True,completed
656,car,772.0,969.0,197.0,,1914.226,0.0,3.0,194.0,22.901,,,0.0152,0.9848,,True,completed
821,car,891.0,979.0,88.0,,757.951,3.0,3.0,85.0,17.808,,,0.0341,0.9659,,True,completed
818,car,891.0,980.0,89.0,,674.642,1.0,1.0,88.0,23.92,,,0.0112,0.9888,,True,completed
49,truck,90.0,981.0,891.0,,2213.575,0.0,604.0,287.0,625.245,,,0.6779,0.3221,,True,completed
682,car,791.0,982.0,191.0,,1738.915,0.0,9.0,182.0,31.267,,,0.0471,0.9529,,True,completed
640,car,758.0,983.0,225.0,,1792.536,32.0,32.0,193.0,49.326,,,0.1422,0.8578,,True,completed
794,truck,869.0,983.0,114.0,,899.517,0.0,0.0,114.0,4.871,,,0.0,1.0,,True,completed
641,car,762.0,984.0,222.0,,2224.357,0.0,0.0,222.0,15.57,,,0.0,1.0,,True,completed
541,car,693.0,985.0,292.0,,1914.492,22.0,60.0,232.0,109.854,,,0.2055,0.7945,,True,completed
710,car,809.0,985.0,176.0,,1377.889,11.0,11.0,165.0,49.577,,,0.0625,0.9375,,True,completed
609,truck,740.0,986.0,246.0,,1581.925,1.0,32.0,214.0,55.093,,,0.1301,0.8699,,True,completed
756,car,841.0,988.0,147.0,,1323.624,7.0,7.0,140.0,21.568,,,0.0476,0.9524,,True,completed
590,car,730.0,989.0,259.0,,1836.864,1.0,46.0,213.0,91.93,,,0.1776,0.8224,,True,completed
684,truck,792.0,989.0,197.0,,1391.473,2.0,8.0,189.0,28.461,,,0.0406,0.9594,,True,completed
582,car,724.0,990.0,266.0,,2417.178,2.0,2.0,264.0,35.02,,,0.0075,0.9925,,True,completed
717,car,812.0,992.0,180.0,,1573.913,0.0,0.0,180.0,19.921,,,0.0,1.0,,True,completed
643,car,765.0,993.0,228.0,,1627.951,7.0,18.0,210.0,63.394,,,0.0789,0.9211,,True,completed
695,car,802.0,993.0,191.0,,1476.009,15.0,19.0,172.0,55.643,,,0.0995,0.9005,,True,completed
687,car,795.0,994.0,199.0,,1901.8,0.0,0.0,199.0,18.04,,,0.0,1.0,,True,completed
801,car,879.0,995.0,116.0,,969.845,5.0,5.0,111.0,21.281,,,0.0431,0.9569,,True,completed
808,car,884.0,1000.0,116.0,,977.211,1.0,1.0,115.0,19.312,,,0.0086,0.9914,,True,completed
80,car,142.0,1001.0,859.0,,2263.54,100.0,616.0,243.0,643.624,,,0.7171,0.2829,,True,completed
800,car,878.0,1003.0,125.0,,1181.335,0.0,0.0,125.0,9.641,,,0.0,1.0,,True,completed
849,truck,909.0,1003.0,94.0,,725.78,0.0,0.0,94.0,5.309,,,0.0,1.0,,True,completed
884,truck,926.0,1006.0,80.0,,594.97,0.0,0.0,80.0,7.152,,,0.0,1.0,,True,completed
603,car,738.0,1008.0,270.0,,1909.515,0.0,31.0,239.0,69.204,,,0.1148,0.8852,,True,completed
653,car,771.0,1008.0,237.0,,1887.293,36.0,39.0,198.0,63.792,,,0.1646,0.8354,,True,completed
727,car,818.0,1008.0,190.0,,1686.923,4.0,10.0,180.0,35.836,,,0.0526,0.9474,,True,completed
735,car,824.0,1008.0,184.0,,1583.234,6.0,6.0,178.0,27.379,,,0.0326,0.9674,,True,completed
662,car,776.0,1010.0,234.0,,1640.749,34.0,47.0,187.0,83.837,,,0.2009,0.7991,,True,completed
754,truck,840.0,1010.0,170.0,,1225.222,1.0,4.0,166.0,21.683,,,0.0235,0.9765,,True,completed
669,truck,781.0,1013.0,232.0,,1418.488,29.0,31.0,201.0,60.292,,,0.1336,0.8664,,True,completed
137,car,261.0,1014.0,753.0,,508.365,84.0,691.0,62.0,706.259,,,0.9177,0.0823,,True,completed
750,car,837.0,1015.0,178.0,,1500.304,6.0,6.0,172.0,30.13,,,0.0337,0.9663,,True,completed
967,car,974.0,1022.0,48.0,,380.142,0.0,0.0,48.0,3.519,,,0.0,1.0,,True,completed
209,truck,365.0,1024.0,659.0,,2126.495,97.0,369.0,290.0,402.139,,,0.5599,0.4401,,True,completed
544,truck,697.0,1025.0,328.0,,2138.892,34.0,41.0,287.0,69.531,,,0.125,0.875,,True,completed
751,car,839.0,1025.0,186.0,,1908.059,0.0,0.0,186.0,11.347,,,0.0,1.0,,True,completed
786,car,861.0,1025.0,164.0,,1496.364,6.0,6.0,158.0,22.497,,,0.0366,0.9634,,True,completed
904,truck,936.0,1025.0,89.0,,679.842,0.0,0.0,89.0,6.005,,,0.0,1.0,,True,completed
601,car,736.0,1027.0,291.0,,2501.983,3.0,28.0,263.0,62.932,,,0.0962,0.9038,,True,completed
572,car,717.0,1032.0,315.0,,2954.343,0.0,0.0,315.0,39.935,,,0.0,1.0,,True,completed
824,truck,894.0,1032.0,138.0,,1058.35,0.0,0.0,138.0,8.799,,,0.0,1.0,,True,completed
736,car,825.0,1033.0,208.0,,1772.814,8.0,10.0,198.0,46.675,,,0.0481,0.9519,,True,completed
770,car,850.0,1033.0,183.0,,1608.984,0.0,1.0,182.0,20.443,,,0.0055,0.9945,,True,completed
790,car,865.0,1034.0,169.0,,1354.556,24.0,25.0,144.0,44.944,,,0.1479,0.8521,,True,completed
870,car,920.0,1034.0,114.0,,740.734,28.0,30.0,84.0,46.333,,,0.2632,0.7368,,True,completed
854,truck,912.0,1036.0,124.0,,776.869,18.0,18.0,106.0,29.5,,,0.1452,0.8548,,True,completed
744,truck,831.0,1037.0,206.0,,1500.161,0.0,2.0,204.0,24.539,,,0.0097,0.9903,,True,completed
927,car,949.0,1039.0,90.0,,835.138,0.0,0.0,90.0,13.673,,,0.0,1.0,,True,completed
670,car,781.0,1040.0,259.0,,2334.286,2.0,8.0,251.0,41.549,,,0.0309,0.9691,,True,completed
715,car,811.0,1040.0,229.0,,1793.312,0.0,26.0,203.0,58.126,,,0.1135,0.8865,,True,completed
865,car,918.0,1040.0,122.0,,1186.864,0.0,3.0,119.0,13.108,,,0.0246,0.9754,,True,completed
901,car,935.0,1040.0,105.0,,659.216,20.0,20.0,85.0,43.836,,,0.1905,0.8095,,True,completed
908,car,939.0,1040.0,101.0,,851.325,0.0,0.0,101.0,22.653,,,0.0,1.0,,True,completed
945,car,959.0,1040.0,81.0,,669.128,4.0,4.0,77.0,13.63,,,0.0494,0.9506,,True,completed
842,car,904.0,1041.0,137.0,,1114.898,0.0,0.0,137.0,35.658,,,0.0,1.0,,True,completed
810,car,886.0,1047.0,161.0,,1086.491,0.0,0.0,161.0,17.042,,,0.0,1.0,,True,completed
665,car,780.0,1048.0,268.0,,2239.469,17.0,27.0,241.0,63.113,,,0.1007,0.8993,,True,completed
720,car,813.0,1048.0,235.0,,1438.437,43.0,59.0,176.0,97.519,,,0.2511,0.7489,,True,completed
832,car,901.0,1048.0,147.0,,1270.185,8.0,11.0,136.0,30.221,,,0.0748,0.9252,,True,completed
678,car,788.0,1049.0,261.0,,1647.278,40.0,54.0,207.0,109.915,,,0.2069,0.7931,,True,completed
895,car,933.0,1049.0,116.0,,1108.771,0.0,0.0,116.0,10.431,,,0.0,1.0,,True,completed
681,car,791.0,1051.0,260.0,,2162.507,31.0,31.0,229.0,63.045,,,0.1192,0.8808,,True,completed
722,car,817.0,1051.0,234.0,,1831.04,0.0,0.0,234.0,31.009,,,0.0,1.0,,True,completed
67,car,117.0,1052.0,935.0,,2317.101,95.0,696.0,239.0,722.357,,,0.7444,0.2556,,True,completed
692,car,798.0,1053.0,255.0,,2151.078,5.0,11.0,244.0,47.682,,,0.0431,0.9569,,True,completed
985,car,987.0,1053.0,66.0,,541.27,3.0,3.0,63.0,16.285,,,0.0455,0.9545,,True,completed
836,car,902.0,1054.0,152.0,,1412.886,0.0,5.0,147.0,23.38,,,0.0329,0.9671,,True,completed
700,car,805.0,1056.0,251.0,,2256.603,2.0,9.0,242.0,45.465,,,0.0359,0.9641,,True,completed
639,truck,756.0,1057.0,301.0,,1965.306,14.0,21.0,280.0,63.542,,,0.0698,0.9302,,True,completed
745,car,831.0,1057.0,226.0,,1641.838,28.0,30.0,196.0,68.92,,,0.1327,0.8673,,True,completed
896,car,933.0,1057.0,124.0,,998.751,3.0,3.0,121.0,16.509,,,0.0242,0.9758,,True,completed
696,car,802.0,1058.0,256.0,,1885.221,19.0,30.0,226.0,79.498,,,0.1172,0.8828,,True,completed
805,car,881.0,1059.0,178.0,,1349.558,24.0,24.0,154.0,48.014,,,0.1348,0.8652,,True,completed
783,car,859.0,1060.0,201.0,,1831.299,0.0,0.0,201.0,15.847,,,0.0,1.0,,True,completed
729,truck,822.0,1061.0,239.0,,1827.757,0.0,1.0,238.0,15.816,,,0.0042,0.9958,,True,completed
892,car,932.0,1061.0,129.0,,981.036,10.0,10.0,119.0,29.757,,,0.0775,0.9225,,True,completed
588,car,729.0,1062.0,333.0,,2738.798,14.0,30.0,303.0,82.22,,,0.0901,0.9099,,True,completed
694,truck,801.0,1063.0,262.0,,2042.391,0.0,0.0,262.0,15.314,,,0.0,1.0,,True,completed
719,truck,812.0,1065.0,253.0,,1520.224,37.0,38.0,215.0,68.808,,,0.1502,0.8498,,True,completed
856,car,913.0,1066.0,153.0,,1397.715,0.0,0.0,153.0,26.204,,,0.0,1.0,,True,completed
685,car,793.0,1070.0,277.0,,2608.85,0.0,13.0,264.0,40.99,,,0.0469,0.9531,,True,completed
777,car,856.0,1070.0,214.0,,1768.071,0.0,0.0,214.0,40.311,,,0.0,1.0,,True,completed
477,car,643.0,1075.0,432.0,,2844.103,3.0,123.0,309.0,169.752,,,0.2847,0.7153,,True,completed
663,car,786.0,1076.0,290.0,,2432.833,6.0,30.0,260.0,69.556,,,0.1034,0.8966,,True,completed
926,car,949.0,1076.0,127.0,,1141.176,6.0,6.0,121.0,18.572,,,0.0472,0.9528,,True,completed
1014,car,1002.0,1078.0,76.0,,744.362,0.0,0.0,76.0,8.007,,,0.0,1.0,,True,completed
820,car,891.0,1078.0,187.0,,1403.539,17.0,17.0,170.0,41.524,,,0.0909,0.9091,,True,completed
914,truck,943.0,1078.0,135.0,,1067.998,0.0,0.0,135.0,5.67,,,0.0,1.0,,True,completed
709,truck,809.0,1082.0,273.0,,1878.082,0.0,0.0,273.0,19.486,,,0.0,1.0,,True,completed
142,car,269.0,1083.0,814.0,,1925.334,44.0,602.0,212.0,631.892,,,0.7396,0.2604,,True,completed
998,truck,993.0,1083.0,90.0,,695.241,0.0,0.0,90.0,5.261,,,0.0,1.0,,True,completed
1013,truck,1001.0,1085.0,84.0,,601.979,2.0,2.0,82.0,10.734,,,0.0238,0.9762,,True,completed
627,car,750.0,1086.0,336.0,,2333.899,44.0,62.0,274.0,109.638,,,0.1845,0.8155,,True,completed
852,car,910.0,1087.0,177.0,,1684.217,2.0,2.0,175.0,18.105,,,0.0113,0.9887,,True,completed
1044,car,1017.0,1088.0,71.0,,673.28,1.0,1.0,70.0,9.404,,,0.0141,0.9859,,True,completed
724,truck,816.0,1089.0,273.0,,1529.786,5.0,71.0,202.0,88.041,,,0.2601,0.7399,,True,completed
1005,car,998.0,1091.0,93.0,,868.969,0.0,0.0,93.0,13.403,,,0.0,1.0,,True,completed
752,car,839.0,1091.0,252.0,,2209.746,0.0,8.0,244.0,40.782,,,0.0317,0.9683,,True,completed
973,car,980.0,1091.0,111.0,,924.229,1.0,1.0,110.0,25.562,,,0.009,0.991,,True,completed
1001,car,996.0,1092.0,96.0,,750.27,5.0,5.0,91.0,20.221,,,0.0521,0.9479,,True,completed
814,truck,890.0,1092.0,202.0,,1164.159,10.0,37.0,165.0,61.19,,,0.1832,0.8168,,True,completed
1064,car,1029.0,1094.0,65.0,,667.261,0.0,0.0,65.0,3.946,,,0.0,1.0,,True,completed
773,car,851.0,1095.0,244.0,,1835.211,20.0,41.0,203.0,72.047,,,0.168,0.832,,True,completed
1050,car,1022.0,1103.0,81.0,,841.303,0.0,0.0,81.0,4.045,,,0.0,1.0,,True,completed
699,truck,804.0,1104.0,300.0,,2212.623,3.0,6.0,294.0,32.699,,,0.02,0.98,,True,completed
1117,car,1051.0,1105.0,54.0,,449.332,0.0,0.0,54.0,12.492,,,0.0,1.0,,True,completed
646,car,767.0,1106.0,339.0,,2741.351,3.0,7.0,332.0,71.019,,,0.0206,0.9794,,True,completed
1059,car,1027.0,1107.0,80.0,,731.866,0.0,0.0,80.0,12.119,,,0.0,1.0,,True,completed
753,car,840.0,1108.0,268.0,,1553.629,52.0,64.0,204.0,121.623,,,0.2388,0.7612,,True,completed
941,car,959.0,1109.0,150.0,,1340.09,0.0,0.0,150.0,24.829,,,0.0,1.0,,True,completed
1102,car,1045.0,1110.0,65.0,,630.508,0.0,0.0,65.0,7.254,,,0.0,1.0,,True,completed
817,car,890.0,1110.0,220.0,,1434.282,50.0,50.0,170.0,89.262,,,0.2273,0.7727,,True,completed
866,car,919.0,1113.0,194.0,,1563.687,30.0,30.0,164.0,51.375,,,0.1546,0.8454,,True,completed
775,car,854.0,1114.0,260.0,,2131.241,0.0,0.0,260.0,25.202,,,0.0,1.0,,True,completed
871,car,920.0,1115.0,195.0,,1407.372,18.0,25.0,170.0,58.374,,,0.1282,0.8718,,True,completed
388,car,590.0,1117.0,527.0,,1944.034,0.0,307.0,220.0,342.148,,,0.5825,0.4175,,True,completed
847,car,907.0,1117.0,210.0,,1691.373,22.0,29.0,181.0,55.278,,,0.1381,0.8619,,True,completed
986,car,987.0,1118.0,131.0,,1117.965,14.0,14.0,117.0,28.616,,,0.1069,0.8931,,True,completed
970,car,976.0,1119.0,143.0,,1458.082,0.0,0.0,143.0,10.767,,,0.0,1.0,,True,completed
1029,car,1010.0,1120.0,110.0,,1082.195,0.0,0.0,110.0,11.601,,,0.0,1.0,,True,completed
983,car,985.0,1120.0,135.0,,1268.898,4.0,4.0,131.0,18.736,,,0.0296,0.9704,,True,completed
823,car,894.0,1121.0,227.0,,1631.784,1.0,50.0,177.0,68.334,,,0.2203,0.7797,,True,completed
129,truck,245.0,1122.0,877.0,,2330.434,0.0,599.0,278.0,624.584,,,0.683,0.317,,True,completed
891,car,932.0,1122.0,190.0,,1617.272,4.0,16.0,174.0,42.929,,,0.0842,0.9158,,True,completed
955,car,965.0,1123.0,158.0,,943.774,24.0,24.0,134.0,45.552,,,0.1519,0.8481,,True,completed
910,car,939.0,1125.0,186.0,,1658.54,0.0,9.0,177.0,34.683,,,0.0484,0.9516,,True,completed
1107,car,1048.0,1126.0,78.0,,753.654,0.0,0.0,78.0,7.136,,,0.0,1.0,,True,completed
20,car,34.0,1131.0,1097.0,,1756.085,34.0,898.0,199.0,924.64,,,0.8186,0.1814,,True,completed
883,car,925.0,1133.0,208.0,,1839.524,0.0,1.0,207.0,23.662,,,0.0048,0.9952,,True,completed
674,truck,783.0,1134.0,351.0,,2431.525,0.0,23.0,328.0,57.5,,,0.0655,0.9345,,True,completed
768,car,849.0,1134.0,285.0,,1548.931,0.0,103.0,182.0,126.725,,,0.3614,0.6386,,True,completed
961,car,968.0,1134.0,166.0,,1565.72,3.0,3.0,163.0,23.691,,,0.0181,0.9819,,True,completed
1025,car,1010.0,1135.0,125.0,,737.126,28.0,33.0,92.0,54.183,,,0.264,0.736,,True,completed
1083,truck,1039.0,1135.0,96.0,,666.637,4.0,4.0,92.0,14.972,,,0.0417,0.9583,,True,completed
848,car,908.0,1136.0,228.0,,1765.362,32.0,35.0,193.0,58.525,,,0.1535,0.8465,,True,completed
881,car,925.0,1136.0,211.0,,1630.942,20.0,29.0,182.0,62.85,,,0.1374,0.8626,,True,completed
913,car,942.0,1136.0,194.0,,1592.534,13.0,26.0,168.0,49.67,,,0.134,0.866,,True,completed
1019,car,1006.0,1137.0,131.0,,1063.008,9.0,9.0,122.0,24.485,,,0.0687,0.9313,,True,completed
793,car,869.0,1137.0,268.0,,2337.442,9.0,21.0,247.0,51.739,,,0.0784,0.9216,,True,completed
764,truck,846.0,1138.0,292.0,,2114.992,13.0,13.0,279.0,37.099,,,0.0445,0.9555,,True,completed
978,car,984.0,1138.0,154.0,,915.23,16.0,17.0,137.0,50.759,,,0.1104,0.8896,,True,completed
834,truck,902.0,1139.0,237.0,,1858.824,0.0,0.0,237.0,12.364,,,0.0,1.0,,True,completed
921,car,945.0,1141.0,196.0,,1036.619,39.0,48.0,148.0,98.633,,,0.2449,0.7551,,True,completed
1065,car,1030.0,1142.0,112.0,,1117.77,0.0,0.0,112.0,5.817,,,0.0,1.0,,True,completed
253,car,432.0,1145.0,713.0,,3364.361,30.0,366.0,347.0,400.43,,,0.5133,0.4867,,True,completed
596,car,735.0,1149.0,414.0,,2897.365,29.0,48.0,366.0,119.87,,,0.1159,0.8841,,True,completed
774,truck,853.0,1149.0,296.0,,1719.145,34.0,53.0,243.0,87.445,,,0.1791,0.8209,,True,completed
1139,car,1065.0,1154.0,89.0,,739.605,6.0,6.0,83.0,20.376,,,0.0674,0.9326,,True,completed
925,car,949.0,1156.0,207.0,,817.065,22.0,113.0,94.0,125.151,,,0.5459,0.4541,,True,completed
829,truck,899.0,1157.0,258.0,,1858.217,7.0,8.0,250.0,32.942,,,0.031,0.969,,True,completed
1111,car,1049.0,1158.0,109.0,,787.921,18.0,18.0,91.0,29.277,,,0.1651,0.8349,,True,completed
726,car,817.0,1158.0,341.0,,2510.033,49.0,50.0,291.0,103.444,,,0.1466,0.8534,,True,completed
791,car,866.0,1158.0,292.0,,1872.508,39.0,39.0,253.0,81.093,,,0.1336,0.8664,,True,completed
819,truck,891.0,1159.0,268.0,,1090.735,18.0,122.0,146.0,135.648,,,0.4552,0.5448,,True,completed
873,car,921.0,1160.0,239.0,,2371.3,0.0,0.0,239.0,16.693,,,0.0,1.0,,True,completed
1192,car,1091.0,1161.0,70.0,,540.417,3.0,3.0,67.0,19.415,,,0.0429,0.9571,,True,completed
853,car,911.0,1162.0,251.0,,1823.116,8.0,37.0,214.0,56.856,,,0.1474,0.8526,,True,completed
1094,car,1042.0,1164.0,122.0,,1150.82,6.0,6.0,116.0,16.548,,,0.0492,0.9508,,True,completed
939,truck,956.0,1164.0,208.0,,1574.532,0.0,5.0,203.0,17.477,,,0.024,0.976,,True,completed
1193,truck,1091.0,1165.0,74.0,,581.935,0.0,0.0,74.0,3.14,,,0.0,1.0,,True,completed
850,car,909.0,1166.0,257.0,,2349.091,0.0,8.0,249.0,34.297,,,0.0311,0.9689,,True,completed
920,car,945.0,1167.0,222.0,,2189.334,1.0,1.0,221.0,21.347,,,0.0045,0.9955,,True,completed
953,car,965.0,1167.0,202.0,,1805.914,12.0,12.0,190.0,36.969,,,0.0594,0.9406,,True,completed
875,car,922.0,1169.0,247.0,,1692.202,31.0,42.0,205.0,87.674,,,0.17,0.83,,True,completed
979,truck,984.0,1170.0,186.0,,1324.001,6.0,6.0,180.0,25.199,,,0.0323,0.9677,,True,completed
1058,truck,1026.0,1171.0,145.0,,1106.243,0.0,0.0,145.0,10.243,,,0.0,1.0,,True,completed
962,car,969.0,1171.0,202.0,,1825.314,11.0,11.0,191.0,35.403,,,0.0545,0.9455,,True,completed
880,car,924.0,1172.0,248.0,,2058.885,3.0,26.0,222.0,61.009,,,0.1048,0.8952,,True,completed
844,truck,905.0,1174.0,269.0,,1680.47,0.0,35.0,234.0,65.027,,,0.1301,0.8699,,True,completed
1327,car,1162.0,1175.0,13.0,,127.836,0.0,0.0,13.0,0.495,,,0.0,1.0,,True,completed
1118,truck,1052.0,1177.0,125.0,,734.829,15.0,22.0,103.0,35.785,,,0.176,0.824,,True,completed
1146,car,1069.0,1178.0,109.0,,912.051,8.0,8.0,101.0,23.599,,,0.0734,0.9266,,True,completed
587,car,728.0,1178.0,450.0,,2565.234,33.0,179.0,271.0,211.683,,,0.3978,0.6022,,True,completed
1049,car,1021.0,1180.0,159.0,,545.878,85.0,92.0,67.0,108.318,,,0.5786,0.4214,,True,completed
1063,truck,1033.0,1180.0,147.0,,945.423,21.0,21.0,126.0,32.48,,,0.1429,0.8571,,True,completed
1109,car,1048.0,1180.0,132.0,,1390.872,0.0,0.0,132.0,5.82,,,0.0,1.0,,True,completed
932,car,954.0,1180.0,226.0,,1726.149,30.0,37.0,189.0,68.382,,,0.1637,0.8363,,True,completed
1096,car,1043.0,1181.0,138.0,,1399.263,0.0,0.0,138.0,10.156,,,0.0,1.0,,True,completed
903,car,936.0,1181.0,245.0,,2121.696,0.0,0.0,245.0,18.14,,,0.0,1.0,,True,completed
897,car,933.0,1182.0,249.0,,1530.07,11.0,62.0,187.0,110.017,,,0.249,0.751,,True,completed
888,car,928.0,1183.0,255.0,,1945.208,10.0,21.0,234.0,75.149,,,0.0824,0.9176,,True,completed
922,car,946.0,1184.0,238.0,,1848.025,8.0,26.0,212.0,66.468,,,0.1092,0.8908,,True,completed
949,truck,963.0,1187.0,224.0,,901.378,78.0,84.0,140.0,114.267,,,0.375,0.625,,True,completed
837,car,902.0,1190.0,288.0,,2245.094,0.0,0.0,288.0,25.365,,,0.0,1.0,,True,completed
877,car,922.0,1190.0,268.0,,2578.351,0.0,0.0,268.0,24.504,,,0.0,1.0,,True,completed
928,car,950.0,1190.0,240.0,,2261.804,9.0,9.0,231.0,31.685,,,0.0375,0.9625,,True,completed
929,truck,951.0,1190.0,239.0,,1814.274,0.0,0.0,239.0,20.109,,,0.0,1.0,,True,completed
968,car,975.0,1191.0,216.0,,1618.981,21.0,21.0,195.0,64.215,,,0.0972,0.9028,,True,completed
1047,car,1019.0,1198.0,179.0,,1813.369,0.0,0.0,179.0,12.996,,,0.0,1.0,,True,completed
1062,car,1029.0,1198.0,169.0,,1443.807,14.0,14.0,155.0,36.82,,,0.0828,0.9172,,True,completed
972,car,978.0,1198.0,220.0,,2026.153,7.0,17.0,203.0,36.338,,,0.0773,0.9227,,True,completed
1018,truck,1006.0,1199.0,193.0,,1409.695,0.0,2.0,191.0,22.326,,,0.0104,0.9896,,True,completed
1128,truck,1055.0,1199.0,144.0,,1090.234,0.0,0.0,144.0,11.342,,,0.0,1.0,,True,completed
1076,car,1035.0,1203.0,168.0,,1523.394,0.0,3.0,165.0,16.989,,,0.0179,0.9821,,True,completed
861,car,915.0,1203.0,288.0,,2206.507,0.0,15.0,273.0,53.85,,,0.0521,0.9479,,True,completed
1132,car,1058.0,1205.0,147.0,,1476.502,0.0,0.0,147.0,11.969,,,0.0,1.0,,True,completed
1037,car,1014.0,1206.0,192.0,,1739.83,0.0,2.0,190.0,21.862,,,0.0104,0.9896,,True,completed
1055,car,1024.0,1206.0,182.0,,1834.495,0.0,0.0,182.0,14.522,,,0.0,1.0,,True,completed
1249,car,1122.0,1206.0,84.0,,705.213,0.0,0.0,84.0,9.194,,,0.0,1.0,,True,completed
1175,car,1082.0,1207.0,125.0,,1147.29,0.0,0.0,125.0,9.223,,,0.0,1.0,,True,completed
915,car,943.0,1207.0,264.0,,2438.762,0.0,10.0,254.0,43.085,,,0.0379,0.9621,,True,completed
879,truck,924.0,1209.0,285.0,,2140.31,0.0,8.0,277.0,26.685,,,0.0281,0.9719,,True,completed
981,car,984.0,1209.0,225.0,,1871.248,0.0,7.0,218.0,44.992,,,0.0311,0.9689,,True,completed
1079,car,1036.0,1211.0,175.0,,1529.806,0.0,2.0,173.0,29.623,,,0.0114,0.9886,,True,completed
1071,car,1031.0,1212.0,181.0,,1410.639,10.0,11.0,170.0,52.219,,,0.0608,0.9392,,True,completed
826,car,895.0,1215.0,320.0,,2128.155,23.0,27.0,293.0,85.257,,,0.0844,0.9156,,True,completed
1093,truck,1042.0,1218.0,176.0,,1242.081,3.0,3.0,173.0,19.751,,,0.017,0.983,,True,completed
1176,car,1082.0,1218.0,136.0,,1131.227,4.0,4.0,132.0,32.313,,,0.0294,0.9706,,True,completed
1099,car,1044.0,1221.0,177.0,,1268.427,8.0,14.0,163.0,60.814,,,0.0791,0.9209,,True,completed
1038,truck,1016.0,1222.0,206.0,,1435.909,14.0,14.0,192.0,31.987,,,0.068,0.932,,True,completed
25,car,43.0,1223.0,1180.0,,3365.133,0.0,794.0,386.0,835.256,,,0.6729,0.3271,,True,completed
1218,truck,1114.0,1224.0,110.0,,766.916,8.0,8.0,102.0,16.933,,,0.0727,0.9273,,True,completed
1042,car,1016.0,1225.0,209.0,,2080.15,6.0,6.0,203.0,20.785,,,0.0287,0.9713,,True,completed
1297,car,1146.0,1230.0,84.0,,507.419,0.0,0.0,84.0,7.617,,,0.0,1.0,,True,completed
1223,truck,1108.0,1231.0,123.0,,869.316,0.0,5.0,118.0,17.194,,,0.0407,0.9593,,True,completed
1322,car,1160.0,1231.0,71.0,,679.37,0.0,0.0,71.0,7.715,,,0.0,1.0,,True,completed
1298,truck,1147.0,1232.0,85.0,,666.748,0.0,0.0,85.0,3.958,,,0.0,1.0,,True,completed
977,car,982.0,1232.0,250.0,,1960.462,14.0,22.0,228.0,69.5,,,0.088,0.912,,True,completed
1032,car,1012.0,1233.0,221.0,,2162.188,4.0,4.0,217.0,24.268,,,0.0181,0.9819,,True,completed
1287,car,1143.0,1235.0,92.0,,682.809,0.0,0.0,92.0,26.745,,,0.0,1.0,,True,completed
1256,car,1124.0,1236.0,112.0,,787.721,10.0,10.0,102.0,37.876,,,0.0893,0.9107,,True,completed
784,truck,861.0,1236.0,375.0,,2205.952,24.0,63.0,312.0,108.285,,,0.168,0.832,,True,completed
863,car,915.0,1238.0,323.0,,2130.769,21.0,34.0,289.0,99.44,,,0.1053,0.8947,,True,completed
894,truck,933.0,1239.0,306.0,,1970.529,9.0,29.0,277.0,68.204,,,0.0948,0.9052,,True,completed
827,car,897.0,1242.0,345.0,,2785.191,0.0,29.0,316.0,67.819,,,0.0841,0.9159,,True,completed
1261,car,1126.0,1243.0,117.0,,803.113,15.0,15.0,102.0,30.119,,,0.1282,0.8718,,True,completed
918,car,944.0,1243.0,299.0,,1797.829,24.0,85.0,214.0,127.232,,,0.2843,0.7157,,True,completed
1043,truck,1017.0,1246.0,229.0,,1539.887,15.0,22.0,207.0,42.635,,,0.0961,0.9039,,True,completed
1036,car,1014.0,1248.0,234.0,,897.46,76.0,104.0,130.0,151.106,,,0.4444,0.5556,,True,completed
1323,truck,1173.0,1250.0,77.0,,575.002,0.0,0.0,77.0,6.972,,,0.0,1.0,,True,completed
1152,car,1071.0,1251.0,180.0,,407.667,75.0,103.0,77.0,139.947,,,0.5722,0.4278,,True,completed
1419,car,1221.0,1251.0,30.0,,84.848,15.0,16.0,14.0,21.246,,,0.5333,0.4667,,True,completed
1017,car,1005.0,1252.0,247.0,,1968.487,0.0,25.0,222.0,47.26,,,0.1012,0.8988,,True,completed
1328,truck,1162.0,1253.0,91.0,,664.69,1.0,1.0,90.0,10.205,,,0.011,0.989,,True,completed
1080,car,1036.0,1255.0,219.0,,1819.084,0.0,3.0,216.0,35.668,,,0.0137,0.9863,,True,completed
980,car,984.0,1259.0,275.0,,2618.84,0.0,3.0,272.0,36.682,,,0.0109,0.9891,,True,completed
1416,car,1220.0,1262.0,42.0,,435.507,0.0,0.0,42.0,1.804,,,0.0,1.0,,True,completed
119,truck,232.0,1265.0,1033.0,,3156.212,2.0,612.0,421.0,650.657,,,0.5924,0.4076,,True,completed
1201,car,1096.0,1266.0,170.0,,1484.884,4.0,7.0,163.0,26.004,,,0.0412,0.9588,,True,completed
1418,truck,1221.0,1269.0,48.0,,372.951,0.0,0.0,48.0,2.228,,,0.0,1.0,,True,completed
924,truck,949.0,1269.0,320.0,,2435.092,0.0,4.0,316.0,26.484,,,0.0125,0.9875,,True,completed
1087,car,1039.0,1276.0,237.0,,1813.66,2.0,12.0,225.0,48.182,,,0.0506,0.9494,,True,completed
1253,truck,1123.0,1279.0,156.0,,1128.604,2.0,2.0,154.0,19.295,,,0.0128,0.9872,,True,completed
807,car,883.0,1279.0,396.0,,1871.595,52.0,135.0,261.0,217.527,,,0.3409,0.6591,,True,completed
812,car,887.0,1280.0,393.0,,2471.276,0.0,133.0,260.0,167.415,,,0.3384,0.6616,,True,completed
104,truck,196.0,1282.0,1086.0,,2401.504,0.0,749.0,337.0,797.038,,,0.6897,0.3103,,True,completed
1191,car,1091.0,1283.0,192.0,,1739.234,5.0,7.0,185.0,27.276,,,0.0365,0.9635,,True,completed
1395,car,1209.0,1284.0,75.0,,729.805,0.0,0.0,75.0,8.002,,,0.0,1.0,,True,completed
1320,car,1159.0,1286.0,127.0,,871.753,25.0,25.0,102.0,46.085,,,0.1969,0.8031,,True,completed
679,truck,789.0,1288.0,499.0,,2287.012,93.0,170.0,329.0,222.136,,,0.3407,0.6593,,True,completed
911,car,941.0,1288.0,347.0,,2224.223,95.0,106.0,241.0,142.336,,,0.3055,0.6945,,True,completed
1016,car,1003.0,1290.0,287.0,,1328.052,94.0,120.0,167.0,161.941,,,0.4181,0.5819,,True,completed
526,car,758.0,1290.0,532.0,,546.478,92.0,461.0,71.0,481.84,,,0.8665,0.1335,,True,completed
935,car,955.0,1292.0,337.0,,1659.48,88.0,139.0,198.0,185.671,,,0.4125,0.5875,,True,completed
1412,car,1219.0,1294.0,75.0,,645.372,0.0,0.0,75.0,15.287,,,0.0,1.0,,True,completed
1244,car,1118.0,1295.0,177.0,,1680.944,0.0,0.0,177.0,21.637,,,0.0,1.0,,True,completed
1402,car,1213.0,1297.0,84.0,,654.672,7.0,7.0,77.0,23.696,,,0.0833,0.9167,,True,completed
1443,truck,1238.0,1298.0,60.0,,472.235,0.0,0.0,60.0,2.309,,,0.0,1.0,,True,completed
1315,car,1156.0,1299.0,143.0,,1142.672,7.0,16.0,127.0,37.576,,,0.1119,0.8881,,True,completed
855,car,912.0,1303.0,391.0,,1968.149,80.0,135.0,256.0,208.66,,,0.3453,0.6547,,True,completed
950,car,963.0,1304.0,341.0,,1973.229,88.0,110.0,231.0,161.681,,,0.3226,0.6774,,True,completed
940,car,958.0,1305.0,347.0,,2372.482,19.0,59.0,288.0,121.253,,,0.17,0.83,,True,completed
1007,car,1000.0,1308.0,308.0,,1806.176,23.0,98.0,210.0,139.191,,,0.3182,0.6818,,True,completed
1349,car,1178.0,1308.0,130.0,,892.184,3.0,4.0,126.0,19.964,,,0.0308,0.9692,,True,completed
987,car,989.0,1309.0,320.0,,1976.27,75.0,96.0,224.0,139.019,,,0.3,0.7,,True,completed
1241,car,1116.0,1311.0,195.0,,1528.86,23.0,32.0,163.0,54.495,,,0.1641,0.8359,,True,completed
1286,car,1142.0,1311.0,169.0,,1384.327,4.0,4.0,165.0,32.867,,,0.0237,0.9763,,True,completed
1245,car,1118.0,1315.0,197.0,,1458.495,15.0,17.0,180.0,57.462,,,0.0863,0.9137,,True,completed
1440,car,1237.0,1320.0,83.0,,726.827,1.0,1.0,82.0,14.862,,,0.012,0.988,,True,completed
1143,truck,1067.0,1323.0,256.0,,1876.169,5.0,5.0,251.0,29.496,,,0.0195,0.9805,,True,completed
1452,car,1243.0,1324.0,81.0,,824.228,0.0,0.0,81.0,5.404,,,0.0,1.0,,True,completed
1382,car,1201.0,1327.0,126.0,,1093.814,2.0,2.0,124.0,17.748,,,0.0159,0.9841,,True,completed
1464,car,1259.0,1329.0,70.0,,663.698,0.0,0.0,70.0,4.459,,,0.0,1.0,,True,completed
1178,truck,1083.0,1330.0,247.0,,1895.655,0.0,1.0,246.0,18.277,,,0.004,0.996,,True,completed
1303,truck,1149.0,1332.0,183.0,,1387.0,0.0,0.0,183.0,12.307,,,0.0,1.0,,True,completed
1304,car,1150.0,1335.0,185.0,,1608.092,0.0,0.0,185.0,37.838,,,0.0,1.0,,True,completed
1238,truck,1115.0,1337.0,222.0,,1558.896,6.0,7.0,215.0,30.317,,,0.0315,0.9685,,True,completed
1462,car,1258.0,1337.0,79.0,,663.696,8.0,8.0,71.0,17.688,,,0.1013,0.8987,,True,completed
858,car,914.0,1338.0,424.0,,2019.02,67.0,154.0,270.0,240.595,,,0.3632,0.6368,,True,completed
811,car,886.0,1339.0,453.0,,2209.721,50.0,161.0,292.0,251.971,,,0.3554,0.6446,,True,completed
1478,truck,1274.0,1341.0,67.0,,373.543,14.0,14.0,53.0,21.137,,,0.209,0.791,,True,completed
1237,car,1113.0,1342.0,229.0,,1975.913,7.0,9.0,220.0,40.152,,,0.0393,0.9607,,True,completed
1426,car,1225.0,1342.0,117.0,,1014.05,2.0,2.0,115.0,23.439,,,0.0171,0.9829,,True,completed
864,truck,921.0,1346.0,425.0,,2018.088,65.0,133.0,292.0,181.093,,,0.3129,0.6871,,True,completed
867,car,923.0,1349.0,426.0,,2028.439,63.0,127.0,299.0,241.345,,,0.2981,0.7019,,True,completed
954,truck,965.0,1349.0,384.0,,1589.523,29.0,133.0,251.0,191.068,,,0.3464,0.6536,,True,completed
1195,car,1093.0,1352.0,259.0,,2474.901,7.0,7.0,252.0,30.938,,,0.027,0.973,,True,completed
1145,car,1068.0,1353.0,285.0,,2157.478,25.0,37.0,248.0,82.024,,,0.1298,0.8702,,True,completed
942,car,958.0,1353.0,395.0,,1618.674,69.0,140.0,255.0,237.225,,,0.3544,0.6456,,True,completed
964,truck,970.0,1353.0,383.0,,2786.721,0.0,13.0,370.0,47.199,,,0.0339,0.9661,,True,completed
1450,car,1243.0,1354.0,111.0,,1076.98,0.0,0.0,111.0,12.619,,,0.0,1.0,,True,completed
916,car,943.0,1362.0,419.0,,2007.932,32.0,132.0,287.0,217.304,,,0.315,0.685,,True,completed
1061,car,1028.0,1365.0,337.0,,2564.766,24.0,40.0,297.0,93.112,,,0.1187,0.8813,,True,completed
859,truck,916.0,1366.0,450.0,,785.28,95.0,303.0,147.0,312.142,,,0.6733,0.3267,,True,completed
1288,truck,1145.0,1367.0,222.0,,629.235,73.0,116.0,106.0,145.462,,,0.5225,0.4775,,True,completed
1400,car,1213.0,1369.0,156.0,,1464.934,0.0,0.0,156.0,17.389,,,0.0,1.0,,True,completed
1227,car,1109.0,1370.0,261.0,,1373.402,69.0,89.0,172.0,135.054,,,0.341,0.659,,True,completed
1010,car,1000.0,1373.0,373.0,,1663.069,53.0,138.0,235.0,211.032,,,0.37,0.63,,True,completed
1210,car,1102.0,1376.0,274.0,,1481.384,64.0,102.0,172.0,138.769,,,0.3723,0.6277,,True,completed
1455,car,1249.0,1376.0,127.0,,1141.374,7.0,7.0,120.0,19.297,,,0.0551,0.9449,,True,completed
1500,car,1303.0,1376.0,73.0,,670.569,0.0,0.0,73.0,10.248,,,0.0,1.0,,True,completed
1173,truck,1081.0,1377.0,296.0,,1420.058,54.0,82.0,214.0,124.15,,,0.277,0.723,,True,completed
1300,car,1147.0,1379.0,232.0,,2046.193,15.0,19.0,213.0,44.108,,,0.0819,0.9181,,True,completed
1474,car,1270.0,1380.0,110.0,,979.176,3.0,3.0,107.0,16.328,,,0.0273,0.9727,,True,completed
1383,truck,1201.0,1384.0,183.0,,1264.903,19.0,19.0,164.0,29.945,,,0.1038,0.8962,,True,completed
1045,car,1018.0,1387.0,369.0,,1890.19,43.0,122.0,247.0,196.428,,,0.3306,0.6694,,True,completed
944,truck,959.0,1390.0,431.0,,2050.865,37.0,125.0,306.0,181.114,,,0.29,0.71,,True,completed
1480,car,1286.0,1391.0,105.0,,1001.651,0.0,0.0,105.0,12.991,,,0.0,1.0,,True,completed
1379,car,1199.0,1392.0,193.0,,1859.501,0.0,0.0,193.0,18.071,,,0.0,1.0,,True,completed
1355,car,1183.0,1394.0,211.0,,1594.488,0.0,12.0,199.0,53.417,,,0.0569,0.9431,,True,completed
1281,car,1140.0,1395.0,255.0,,1331.104,60.0,79.0,176.0,130.074,,,0.3098,0.6902,,True,completed
1504,car,1299.0,1396.0,97.0,,807.523,1.0,2.0,95.0,9.453,,,0.0206,0.9794,,True,completed
1209,car,1102.0,1398.0,296.0,,1522.301,3.0,126.0,170.0,157.992,,,0.4257,0.5743,,True,completed
1445,car,1239.0,1398.0,159.0,,1416.947,2.0,2.0,157.0,29.031,,,0.0126,0.9874,,True,completed
1463,truck,1259.0,1399.0,140.0,,1098.468,0.0,0.0,140.0,6.874,,,0.0,1.0,,True,completed
1386,car,1202.0,1403.0,201.0,,1663.067,0.0,2.0,199.0,31.309,,,0.01,0.99,,True,completed
1415,car,1220.0,1403.0,183.0,,732.411,60.0,81.0,102.0,116.082,,,0.4426,0.5574,,True,completed
1517,car,1312.0,1403.0,91.0,,904.335,0.0,0.0,91.0,7.265,,,0.0,1.0,,True,completed
1108,truck,1048.0,1404.0,356.0,,1525.255,30.0,127.0,229.0,171.896,,,0.3567,0.6433,,True,completed
155,car,301.0,1404.0,1103.0,,2234.457,49.0,870.0,233.0,896.892,,,0.7888,0.2112,,True,completed
1141,car,1066.0,1406.0,340.0,,2581.342,0.0,9.0,331.0,73.892,,,0.0265,0.9735,,True,completed
1608,truck,1387.0,1406.0,19.0,,143.019,0.0,0.0,19.0,0.831,,,0.0,1.0,,True,completed
1337,car,1167.0,1408.0,241.0,,869.948,74.0,111.0,130.0,161.284,,,0.4606,0.5394,,True,completed
1000,car,995.0,1410.0,415.0,,2275.05,29.0,131.0,284.0,206.945,,,0.3157,0.6843,,True,completed
1186,car,1088.0,1410.0,322.0,,1649.958,34.0,88.0,234.0,170.715,,,0.2733,0.7267,,True,completed
1081,car,1037.0,1411.0,374.0,,2504.251,0.0,107.0,267.0,144.704,,,0.2861,0.7139,,True,completed
1292,car,1147.0,1411.0,264.0,,1982.161,5.0,38.0,226.0,81.937,,,0.1439,0.8561,,True,completed
1169,car,1080.0,1412.0,332.0,,1869.118,59.0,103.0,229.0,161.224,,,0.3102,0.6898,,True,completed
1565,car,1355.0,1412.0,57.0,,436.63,5.0,5.0,52.0,16.703,,,0.0877,0.9123,,True,completed
1215,car,1105.0,1418.0,313.0,,1807.176,38.0,78.0,235.0,143.183,,,0.2492,0.7508,,True,completed
1054,car,1024.0,1419.0,395.0,,1930.71,43.0,135.0,260.0,213.972,,,0.3418,0.6582,,True,completed
1309,car,1151.0,1420.0,269.0,,1840.338,31.0,47.0,222.0,94.03,,,0.1747,0.8253,,True,completed
342,car,535.0,1420.0,885.0,,1927.366,26.0,653.0,232.0,708.359,,,0.7379,0.2621,,True,completed
1391,car,1205.0,1428.0,223.0,,1684.895,1.0,15.0,208.0,40.326,,,0.0673,0.9327,,True,completed
1189,car,1091.0,1435.0,344.0,,1270.37,16.0,140.0,204.0,221.093,,,0.407,0.593,,True,completed
1004,car,998.0,1436.0,438.0,,2089.8,0.0,169.0,269.0,207.974,,,0.3858,0.6142,,True,completed
975,car,981.0,1436.0,455.0,,2017.261,31.0,138.0,317.0,215.643,,,0.3033,0.6967,,True,completed
1350,car,1179.0,1437.0,258.0,,2209.056,0.0,9.0,249.0,54.888,,,0.0349,0.9651,,True,completed
966,car,973.0,1437.0,464.0,,2590.352,72.0,140.0,324.0,219.832,,,0.3017,0.6983,,True,completed
1515,car,1310.0,1438.0,128.0,,1280.987,0.0,0.0,128.0,8.853,,,0.0,1.0,,True,completed
1125,car,1055.0,1439.0,384.0,,2589.495,0.0,105.0,279.0,141.682,,,0.2734,0.7266,,True,completed
1115,car,1050.0,1442.0,392.0,,2097.335,68.0,132.0,260.0,200.325,,,0.3367,0.6633,,True,completed
1334,car,1165.0,1443.0,278.0,,1347.235,66.0,94.0,184.0,155.053,,,0.3381,0.6619,,True,completed
792,car,867.0,1444.0,577.0,,2393.221,82.0,218.0,359.0,359.208,,,0.3778,0.6222,,True,completed
649,truck,768.0,1446.0,678.0,,2544.839,55.0,303.0,375.0,327.805,,,0.4469,0.5531,,True,completed
862,car,915.0,1448.0,533.0,,2028.868,6.0,326.0,207.0,351.318,,,0.6116,0.3884,,True,completed
1211,car,1102.0,1449.0,347.0,,1882.396,60.0,96.0,251.0,164.247,,,0.2767,0.7233,,True,completed
1614,car,1391.0,1449.0,58.0,,584.013,0.0,0.0,58.0,4.438,,,0.0,1.0,,True,completed
1222,car,1108.0,1451.0,343.0,,1218.002,26.0,144.0,199.0,216.489,,,0.4198,0.5802,,True,completed
1397,car,1211.0,1454.0,243.0,,1823.569,0.0,17.0,226.0,44.549,,,0.07,0.93,,True,completed
1555,car,1342.0,1454.0,112.0,,1148.272,0.0,0.0,112.0,6.895,,,0.0,1.0,,True,completed
1360,car,1187.0,1455.0,268.0,,724.596,28.0,127.0,141.0,195.856,,,0.4739,0.5261,,True,completed
1457,car,1251.0,1456.0,205.0,,1403.774,25.0,45.0,160.0,61.804,,,0.2195,0.7805,,True,completed
1516,car,1310.0,1458.0,148.0,,1079.188,18.0,18.0,130.0,33.873,,,0.1216,0.8784,,True,completed
1283,truck,1140.0,1459.0,319.0,,1870.037,30.0,63.0,256.0,92.613,,,0.1975,0.8025,,True,completed
1312,car,1154.0,1460.0,306.0,,2579.735,0.0,0.0,306.0,32.561,,,0.0,1.0,,True,completed
1564,car,1354.0,1461.0,107.0,,947.055,4.0,4.0,103.0,19.043,,,0.0374,0.9626,,True,completed
632,car,753.0,1462.0,709.0,,2070.874,0.0,472.0,237.0,520.112,,,0.6657,0.3343,,True,completed
1427,car,1227.0,1469.0,242.0,,1916.731,9.0,17.0,225.0,55.52,,,0.0702,0.9298,,True,completed
1476,car,1273.0,1471.0,198.0,,826.273,58.0,64.0,134.0,111.405,,,0.3232,0.6768,,True,completed
1197,car,1095.0,1472.0,377.0,,1502.883,24.0,133.0,244.0,235.49,,,0.3528,0.6472,,True,completed
1228,truck,1113.0,1476.0,363.0,,1206.122,23.0,138.0,225.0,216.317,,,0.3802,0.6198,,True,completed
1587,car,1368.0,1478.0,110.0,,747.903,15.0,15.0,95.0,40.24,,,0.1364,0.8636,,True,completed
1177,car,1082.0,1479.0,397.0,,919.701,83.0,228.0,169.0,271.479,,,0.5743,0.4257,,True,completed
204,truck,355.0,1480.0,1125.0,,3277.686,0.0,630.0,495.0,664.649,,,0.56,0.44,,True,completed
1594,car,1373.0,1487.0,114.0,,1050.077,7.0,7.0,107.0,17.15,,,0.0614,0.9386,,True,completed
1110,car,1049.0,1489.0,440.0,,2020.348,37.0,159.0,281.0,255.847,,,0.3614,0.6386,,True,completed
132,car,247.0,1492.0,1245.0,,2317.896,95.0,994.0,251.0,1028.449,,,0.7984,0.2016,,True,completed
1514,car,1309.0,1492.0,183.0,,1457.182,10.0,20.0,163.0,41.602,,,0.1093,0.8907,,True,completed
1573,truck,1353.0,1493.0,140.0,,779.906,9.0,20.0,120.0,44.487,,,0.1429,0.8571,,True,completed
1644,car,1415.0,1493.0,78.0,,739.185,0.0,0.0,78.0,9.47,,,0.0,1.0,,True,completed
1352,car,1181.0,1494.0,313.0,,2622.908,2.0,47.0,266.0,74.36,,,0.1502,0.8498,,True,completed
1598,truck,1381.0,1495.0,114.0,,681.652,15.0,15.0,99.0,30.922,,,0.1316,0.8684,,True,completed
778,car,856.0,1498.0,642.0,,1994.646,17.0,409.0,233.0,453.318,,,0.6371,0.3629,,True,completed
1549,car,1336.0,1504.0,168.0,,1494.104,0.0,0.0,168.0,19.063,,,0.0,1.0,,True,completed
1486,car,1285.0,1505.0,220.0,,898.818,59.0,95.0,125.0,137.565,,,0.4318,0.5682,,True,completed
1263,truck,1128.0,1506.0,378.0,,1791.613,29.0,130.0,248.0,160.756,,,0.3439,0.6561,,True,completed
1035,car,1015.0,1507.0,492.0,,,0.0,300.0,192.0,0.0,,,0.6098,0.3902,,True,completed
1225,car,1109.0,1508.0,399.0,,1884.933,37.0,97.0,302.0,178.653,,,0.2431,0.7569,,True,completed
1163,truck,1076.0,1511.0,435.0,,1636.04,30.0,164.0,271.0,236.259,,,0.377,0.623,,True,completed
1159,car,1075.0,1512.0,437.0,,1883.091,40.0,170.0,267.0,260.467,,,0.389,0.611,,True,completed
1136,car,1062.0,1513.0,451.0,,2130.987,19.0,151.0,300.0,255.929,,,0.3348,0.6652,,True,completed
1387,car,1203.0,1516.0,313.0,,1379.27,18.0,127.0,186.0,182.764,,,0.4058,0.5942,,True,completed
1459,car,1254.0,1517.0,263.0,,2303.46,0.0,2.0,261.0,41.418,,,0.0076,0.9924,,True,completed
1557,car,1344.0,1518.0,174.0,,1265.758,7.0,15.0,159.0,57.806,,,0.0862,0.9138,,True,completed
772,car,1059.0,1518.0,459.0,,1210.026,13.0,314.0,145.0,347.821,,,0.6841,0.3159,,True,completed
1116,car,1051.0,1523.0,472.0,,1879.028,34.0,157.0,315.0,264.468,,,0.3326,0.6674,,True,completed
1258,truck,1124.0,1525.0,401.0,,2908.605,14.0,15.0,386.0,50.773,,,0.0374,0.9626,,True,completed
1307,car,1151.0,1525.0,374.0,,2218.464,72.0,103.0,271.0,172.032,,,0.2754,0.7246,,True,completed
1679,car,1442.0,1528.0,86.0,,735.08,3.0,3.0,83.0,17.813,,,0.0349,0.9651,,True,completed
215,car,375.0,1528.0,1153.0,,2185.938,9.0,892.0,261.0,941.198,,,0.7736,0.2264,,True,completed
762,car,845.0,1528.0,683.0,,2225.572,15.0,423.0,260.0,475.766,,,0.6193,0.3807,,True,completed
1485,car,1284.0,1532.0,248.0,,1327.033,66.0,77.0,171.0,119.663,,,0.3105,0.6895,,True,completed
1340,car,1169.0,1535.0,366.0,,2334.642,0.0,94.0,272.0,146.547,,,0.2568,0.7432,,True,completed
1523,truck,1318.0,1535.0,217.0,,884.664,62.0,70.0,147.0,109.181,,,0.3226,0.6774,,True,completed
1637,car,1410.0,1535.0,125.0,,895.359,7.0,7.0,118.0,25.304,,,0.056,0.944,,True,completed
1571,car,1352.0,1538.0,186.0,,733.92,58.0,78.0,108.0,118.946,,,0.4194,0.5806,,True,completed
960,car,968.0,1538.0,570.0,,1181.392,57.0,412.0,158.0,463.888,,,0.7228,0.2772,,True,completed
1693,truck,1451.0,1539.0,88.0,,594.055,5.0,5.0,83.0,15.113,,,0.0568,0.9432,,True,completed
1282,car,1141.0,1543.0,402.0,,1560.829,38.0,157.0,245.0,252.777,,,0.3905,0.6095,,True,completed
623,car,748.0,1546.0,798.0,,2743.378,14.0,479.0,319.0,543.585,,,0.6003,0.3997,,True,completed
1162,car,1076.0,1547.0,471.0,,2262.875,17.0,155.0,316.0,265.111,,,0.3291,0.6709,,True,completed
898,car,934.0,1547.0,613.0,,2303.96,100.0,302.0,311.0,329.212,,,0.4927,0.5073,,True,completed
1278,truck,1137.0,1548.0,411.0,,1492.995,9.0,148.0,263.0,229.056,,,0.3601,0.6399,,True,completed
1518,truck,1314.0,1549.0,235.0,,1836.739,0.0,0.0,235.0,12.753,,,0.0,1.0,,True,completed
1707,car,1462.0,1550.0,88.0,,667.098,7.0,7.0,81.0,22.502,,,0.0795,0.9205,,True,completed
1199,car,1095.0,1554.0,459.0,,2353.981,17.0,143.0,316.0,245.339,,,0.3115,0.6885,,True,completed
1624,car,1398.0,1554.0,156.0,,734.104,28.0,35.0,121.0,84.072,,,0.2244,0.7756,,True,completed
1483,truck,1282.0,1558.0,276.0,,1947.145,2.0,17.0,259.0,40.183,,,0.0616,0.9384,,True,completed
1702,car,1458.0,1562.0,104.0,,974.496,0.0,0.0,104.0,8.857,,,0.0,1.0,,True,completed
1535,car,1328.0,1564.0,236.0,,1889.824,0.0,0.0,236.0,23.506,,,0.0,1.0,,True,completed
399,truck,604.0,1565.0,961.0,,2501.893,56.0,588.0,373.0,618.684,,,0.6119,0.3881,,True,completed
1100,car,1044.0,1569.0,525.0,,2340.309,6.0,193.0,332.0,304.178,,,0.3676,0.6324,,True,completed
1526,car,1320.0,1569.0,249.0,,1680.4,12.0,35.0,214.0,88.273,,,0.1406,0.8594,,True,completed
1581,car,1363.0,1569.0,206.0,,520.472,67.0,122.0,84.0,158.157,,,0.5922,0.4078,,True,completed
1653,truck,1423.0,1569.0,146.0,,1125.353,0.0,0.0,146.0,9.589,,,0.0,1.0,,True,completed
1508,truck,1303.0,1572.0,269.0,,1324.901,64.0,67.0,202.0,108.809,,,0.2491,0.7509,,True,completed
1311,car,1151.0,1573.0,422.0,,590.835,65.0,315.0,107.0,357.823,,,0.7464,0.2536,,True,completed
1421,car,1222.0,1574.0,352.0,,848.445,20.0,145.0,207.0,270.299,,,0.4119,0.5881,,True,completed
1449,car,1241.0,1574.0,333.0,,2060.35,61.0,77.0,256.0,145.293,,,0.2312,0.7688,,True,completed
1700,car,1456.0,1574.0,118.0,,994.037,8.0,9.0,109.0,25.203,,,0.0763,0.9237,,True,completed
1767,car,1533.0,1576.0,43.0,,441.308,0.0,0.0,43.0,2.282,,,0.0,1.0,,True,completed
1299,car,1147.0,1577.0,430.0,,1043.59,13.0,208.0,222.0,331.237,,,0.4837,0.5163,,True,completed
1620,car,1396.0,1585.0,189.0,,1489.623,12.0,12.0,177.0,47.236,,,0.0635,0.9365,,True,completed
1619,car,1395.0,1593.0,198.0,,1124.355,19.0,39.0,159.0,83.229,,,0.197,0.803,,True,completed
1649,car,1418.0,1596.0,178.0,,1688.816,0.0,5.0,173.0,21.792,,,0.0281,0.9719,,True,completed
1567,car,1349.0,1597.0,248.0,,1828.867,9.0,22.0,226.0,65.627,,,0.0887,0.9113,,True,completed
1137,car,1063.0,1598.0,535.0,,2588.758,65.0,186.0,349.0,292.549,,,0.3477,0.6523,,True,completed
734,truck,997.0,1599.0,602.0,,2321.118,0.0,305.0,297.0,323.316,,,0.5066,0.4934,,True,completed
1560,car,1345.0,1600.0,255.0,,981.887,58.0,87.0,168.0,141.411,,,0.3412,0.6588,,True,completed
1216,car,1105.0,1603.0,498.0,,2288.883,0.0,163.0,335.0,281.561,,,0.3273,0.6727,,True,completed
1552,car,1339.0,1606.0,267.0,,2253.818,0.0,12.0,255.0,54.65,,,0.0449,0.9551,,True,completed
152,car,294.0,1608.0,1314.0,,1832.22,100.0,1115.0,199.0,1137.664,,,0.8486,0.1514,,True,completed
1656,car,1425.0,1611.0,186.0,,704.839,53.0,70.0,116.0,120.836,,,0.3763,0.6237,,True,completed
1748,truck,1509.0,1613.0,104.0,,730.452,2.0,2.0,102.0,15.072,,,0.0192,0.9808,,True,completed
1368,truck,1191.0,1614.0,423.0,,1514.688,0.0,220.0,203.0,239.662,,,0.5201,0.4799,,True,completed
1716,car,1470.0,1616.0,146.0,,1427.557,0.0,0.0,146.0,14.695,,,0.0,1.0,,True,completed
1377,car,1197.0,1623.0,426.0,,2793.28,5.0,76.0,350.0,141.009,,,0.1784,0.8216,,True,completed
1577,car,1355.0,1624.0,269.0,,1487.441,0.0,36.0,233.0,106.406,,,0.1338,0.8662,,True,completed
1740,car,1501.0,1625.0,124.0,,1266.174,0.0,0.0,124.0,8.332,,,0.0,1.0,,True,completed
134,truck,255.0,1626.0,1371.0,,2272.598,87.0,1051.0,320.0,1096.873,,,0.7666,0.2334,,True,completed
1775,car,1539.0,1626.0,87.0,,781.533,2.0,2.0,85.0,14.924,,,0.023,0.977,,True,completed
1658,truck,1426.0,1629.0,203.0,,1583.992,0.0,0.0,203.0,9.846,,,0.0,1.0,,True,completed
191,car,338.0,1629.0,1291.0,,2384.534,85.0,1022.0,269.0,1073.685,,,0.7916,0.2084,,True,completed
885,car,927.0,1630.0,703.0,,2639.178,61.0,411.0,292.0,466.33,,,0.5846,0.4154,,True,completed
178,car,321.0,1631.0,1310.0,,2356.359,84.0,1031.0,279.0,1092.827,,,0.787,0.213,,True,completed
187,car,334.0,1631.0,1297.0,,2339.5,83.0,1014.0,283.0,1072.991,,,0.7818,0.2182,,True,completed
207,car,364.0,1635.0,1271.0,,2364.28,80.0,994.0,277.0,1055.152,,,0.7821,0.2179,,True,completed
1423,truck,1224.0,1636.0,412.0,,1391.382,18.0,146.0,266.0,241.537,,,0.3544,0.6456,,True,completed
1745,car,1505.0,1640.0,135.0,,1101.931,5.0,14.0,121.0,32.813,,,0.1037,0.8963,,True,completed
291,car,473.0,1640.0,1167.0,,2113.412,97.0,894.0,273.0,957.657,,,0.7661,0.2339,,True,completed
407,car,605.0,1642.0,1037.0,,1122.053,96.0,891.0,146.0,923.925,,,0.8592,0.1408,,True,completed
1324,car,1161.0,1645.0,484.0,,2124.382,24.0,113.0,371.0,249.619,,,0.2335,0.7665,,True,completed
404,truck,604.0,1645.0,1041.0,,2098.56,94.0,759.0,282.0,788.927,,,0.7291,0.2709,,True,completed
1704,car,1460.0,1646.0,186.0,,1612.403,0.0,8.0,178.0,36.742,,,0.043,0.957,,True,completed
307,car,491.0,1646.0,1155.0,,1709.782,91.0,934.0,221.0,988.501,,,0.8087,0.1913,,True,completed
465,car,638.0,1647.0,1009.0,,1168.559,93.0,823.0,186.0,885.801,,,0.8157,0.1843,,True,completed
501,car,665.0,1649.0,984.0,,1302.916,92.0,805.0,179.0,857.084,,,0.8181,0.1819,,True,completed
1736,car,1494.0,1650.0,156.0,,1055.329,12.0,12.0,144.0,50.656,,,0.0769,0.9231,,True,completed
806,car,882.0,1651.0,769.0,,1111.954,91.0,629.0,140.0,658.783,,,0.8179,0.1821,,True,completed
434,truck,619.0,1655.0,1036.0,,2082.8,88.0,716.0,320.0,784.364,,,0.6911,0.3089,,True,completed
1270,car,1132.0,1657.0,525.0,,1648.942,7.0,232.0,293.0,364.935,,,0.4419,0.5581,,True,completed
1777,car,1543.0,1658.0,115.0,,1069.345,3.0,9.0,106.0,17.287,,,0.0783,0.9217,,True,completed
156,car,302.0,1659.0,1357.0,,2130.66,100.0,1121.0,236.0,1160.129,,,0.8261,0.1739,,True,completed
1798,truck,1574.0,1666.0,92.0,,376.253,37.0,37.0,55.0,45.832,,,0.4022,0.5978,,True,completed
1647,car,1417.0,1668.0,251.0,,896.344,57.0,126.0,125.0,142.357,,,0.502,0.498,,True,completed
1661,car,1430.0,1669.0,239.0,,1915.743,0.0,12.0,227.0,33.82,,,0.0502,0.9498,,True,completed
1376,car,1195.0,1675.0,480.0,,2130.546,15.0,88.0,392.0,214.004,,,0.1833,0.8167,,True,completed
1797,car,1570.0,1680.0,110.0,,985.252,0.0,0.0,110.0,11.93,,,0.0,1.0,,True,completed
1458,truck,1251.0,1681.0,430.0,,1815.707,28.0,86.0,344.0,180.333,,,0.2,0.8,,True,completed
1375,car,1194.0,1686.0,492.0,,1720.88,7.0,165.0,327.0,318.736,,,0.3354,0.6646,,True,completed
747,car,834.0,1687.0,853.0,,2104.355,86.0,602.0,251.0,656.272,,,0.7057,0.2943,,True,completed
1436,car,1233.0,1696.0,463.0,,2251.793,20.0,97.0,366.0,236.036,,,0.2095,0.7905,,True,completed
1645,car,1415.0,1697.0,282.0,,885.933,23.0,81.0,201.0,199.413,,,0.2872,0.7128,,True,completed
1672,car,1439.0,1703.0,264.0,,1907.161,22.0,30.0,234.0,89.632,,,0.1136,0.8864,,True,completed
160,car,303.0,1704.0,1401.0,,2510.459,54.0,1132.0,269.0,1173.646,,,0.808,0.192,,True,completed
1821,car,1606.0,1706.0,100.0,,1051.419,0.0,0.0,100.0,4.371,,,0.0,1.0,,True,completed
1739,car,1499.0,1707.0,208.0,,1864.898,0.0,0.0,208.0,17.787,,,0.0,1.0,,True,completed
1398,truck,1212.0,1708.0,496.0,,1958.9,54.0,203.0,293.0,258.785,,,0.4093,0.5907,,True,completed
1659,car,1427.0,1712.0,285.0,,1040.573,18.0,89.0,196.0,188.572,,,0.3123,0.6877,,True,completed
1444,car,1239.0,1719.0,480.0,,2048.233,0.0,136.0,344.0,276.651,,,0.2833,0.7167,,True,completed
1561,car,1347.0,1725.0,378.0,,2070.802,24.0,76.0,302.0,188.985,,,0.2011,0.7989,,True,completed
1655,car,1424.0,1730.0,306.0,,2911.731,0.0,8.0,298.0,38.805,,,0.0261,0.9739,,True,completed
1738,truck,1497.0,1733.0,236.0,,1604.986,3.0,21.0,215.0,42.096,,,0.089,0.911,,True,completed
1652,car,1423.0,1735.0,312.0,,1566.428,24.0,62.0,250.0,168.16,,,0.1987,0.8013,,True,completed
1538,truck,1329.0,1736.0,407.0,,2377.48,0.0,72.0,335.0,119.928,,,0.1769,0.8231,,True,completed
1431,car,1232.0,1742.0,510.0,,2414.183,12.0,133.0,377.0,282.817,,,0.2608,0.7392,,True,completed
1460,car,1255.0,1742.0,487.0,,1966.524,2.0,143.0,344.0,292.411,,,0.2936,0.7064,,True,completed
1664,car,1431.0,1743.0,312.0,,1877.066,24.0,36.0,276.0,104.656,,,0.1154,0.8846,,True,completed
1844,car,1636.0,1744.0,108.0,,976.583,0.0,0.0,108.0,16.388,,,0.0,1.0,,True,completed
1866,car,1658.0,1746.0,88.0,,727.742,0.0,0.0,88.0,10.813,,,0.0,1.0,,True,completed
1895,car,1691.0,1748.0,57.0,,591.798,0.0,0.0,57.0,2.738,,,0.0,1.0,,True,completed
1900,car,1698.0,1749.0,51.0,,503.876,0.0,0.0,51.0,3.252,,,0.0,1.0,,True,completed
1728,truck,1487.0,1751.0,264.0,,1918.267,1.0,8.0,256.0,31.816,,,0.0303,0.9697,,True,completed
1764,car,1530.0,1752.0,222.0,,1890.113,9.0,12.0,210.0,49.024,,,0.0541,0.9459,,True,completed
1009,car,1360.0,1754.0,394.0,,970.817,8.0,301.0,93.0,305.762,,,0.764,0.236,,True,completed
1769,car,1535.0,1754.0,219.0,,1891.366,7.0,7.0,212.0,45.453,,,0.032,0.968,,True,completed
1243,truck,1117.0,1760.0,643.0,,2353.895,12.0,282.0,361.0,359.074,,,0.4386,0.5614,,True,completed
1712,car,1466.0,1761.0,295.0,,1880.39,21.0,22.0,273.0,82.619,,,0.0746,0.9254,,True,completed
1648,truck,1417.0,1763.0,346.0,,1774.075,10.0,54.0,292.0,132.026,,,0.1561,0.8439,,True,completed
1469,car,1265.0,1764.0,499.0,,927.02,100.0,385.0,114.0,403.77,,,0.7715,0.2285,,True,completed
1519,car,1315.0,1765.0,450.0,,1994.859,87.0,191.0,259.0,269.192,,,0.4244,0.5756,,True,completed
1406,car,1215.0,1766.0,551.0,,2820.247,14.0,98.0,453.0,247.287,,,0.1779,0.8221,,True,completed
1344,car,1173.0,1772.0,599.0,,1174.542,9.0,457.0,142.0,480.856,,,0.7629,0.2371,,True,completed
1636,car,1409.0,1772.0,363.0,,1373.258,81.0,180.0,183.0,237.894,,,0.4959,0.5041,,True,completed
1626,car,1402.0,1774.0,372.0,,1483.334,77.0,180.0,192.0,236.449,,,0.4839,0.5161,,True,completed
1255,car,1124.0,1777.0,653.0,,2385.944,10.0,312.0,341.0,435.508,,,0.4778,0.5222,,True,completed
1806,car,1590.0,1779.0,189.0,,1831.637,0.0,3.0,186.0,20.649,,,0.0159,0.9841,,True,completed
1744,car,1503.0,1785.0,282.0,,2132.157,15.0,26.0,256.0,86.724,,,0.0922,0.9078,,True,completed
1487,car,1284.0,1787.0,503.0,,2828.172,0.0,87.0,416.0,237.693,,,0.173,0.827,,True,completed
1830,car,1617.0,1792.0,175.0,,1523.981,0.0,0.0,175.0,30.13,,,0.0,1.0,,True,completed
1852,car,1644.0,1794.0,150.0,,1269.921,7.0,7.0,143.0,33.654,,,0.0467,0.9533,,True,completed
1625,car,1401.0,1796.0,395.0,,1029.931,4.0,277.0,118.0,293.286,,,0.7013,0.2987,,True,completed
1569,car,1351.0,1799.0,448.0,,1534.155,45.0,232.0,216.0,307.107,,,0.5179,0.4821,,True,completed
1002,car,997.0,,803.0,,844.416,94.0,645.0,158.0,686.365,,,0.8032,0.1968,,False,on_map_at_end
1003,truck,1749.0,,51.0,,0.0,51.0,51.0,0.0,51.0,,,1.0,0.0,,False,on_map_at_end
1006,car,1000.0,,800.0,,228.385,100.0,743.0,57.0,770.895,,,0.9287,0.0713,,False,on_map_at_end
1008,truck,1000.0,,800.0,,1634.557,94.0,525.0,275.0,603.312,,,0.6562,0.3438,,False,on_map_at_end
1011,car,1001.0,,799.0,,866.768,96.0,682.0,117.0,712.03,,,0.8536,0.1464,,False,on_map_at_end
1012,car,1001.0,,799.0,,1617.711,100.0,581.0,218.0,652.85,,,0.7272,0.2728,,False,on_map_at_end
1015,car,1002.0,,798.0,,633.672,100.0,705.0,93.0,740.602,,,0.8835,0.1165,,False,on_map_at_end
102,car,192.0,,1608.0,,866.741,100.0,1479.0,129.0,1529.163,,,0.9198,0.0802,,False,on_map_at_end
1020,car,1007.0,,793.0,,282.875,83.0,710.0,83.0,767.541,,,0.8953,0.1047,,False,on_map_at_end
1021,car,1661.0,,139.0,,0.0,100.0,139.0,0.0,139.0,,,1.0,0.0,,False,on_map_at_end
1022,car,1008.0,,792.0,,1662.905,93.0,516.0,276.0,636.829,,,0.6515,0.3485,,False,on_map_at_end
1023,truck,1008.0,,792.0,,853.767,96.0,661.0,131.0,687.86,,,0.8346,0.1654,,False,on_map_at_end
1024,car,1008.0,,792.0,,447.677,86.0,708.0,84.0,742.635,,,0.8939,0.1061,,False,on_map_at_end
1026,car,1009.0,,791.0,,1294.14,87.0,605.0,186.0,656.868,,,0.7649,0.2351,,False,on_map_at_end
1027,car,1009.0,,791.0,,445.637,99.0,717.0,74.0,750.676,,,0.9064,0.0936,,False,on_map_at_end
1028,truck,1010.0,,790.0,,269.874,83.0,705.0,85.0,757.602,,,0.8924,0.1076,,False,on_map_at_end
1030,car,1011.0,,789.0,,1507.849,100.0,607.0,182.0,647.916,,,0.7693,0.2307,,False,on_map_at_end
1031,car,1011.0,,789.0,,123.767,100.0,749.0,40.0,774.321,,,0.9493,0.0507,,False,on_map_at_end
1033,truck,1012.0,,788.0,,496.043,100.0,704.0,84.0,728.451,,,0.8934,0.1066,,False,on_map_at_end
1034,car,1012.0,,788.0,,626.171,100.0,698.0,90.0,731.338,,,0.8858,0.1142,,False,on_map_at_end
1039,car,1015.0,,785.0,,438.136,99.0,710.0,75.0,744.82,,,0.9045,0.0955,,False,on_map_at_end
1041,car,1016.0,,784.0,,991.218,100.0,620.0,164.0,674.058,,,0.7908,0.2092,,False,on_map_at_end
1046,car,1019.0,,781.0,,1535.369,92.0,592.0,189.0,642.314,,,0.758,0.242,,False,on_map_at_end
1048,truck,1020.0,,780.0,,1540.92,100.0,551.0,229.0,595.016,,,0.7064,0.2936,,False,on_map_at_end
1051,car,1022.0,,778.0,,603.668,100.0,695.0,83.0,723.399,,,0.8933,0.1067,,False,on_map_at_end
1052,car,1022.0,,778.0,,1971.179,97.0,499.0,279.0,596.387,,,0.6414,0.3586,,False,on_map_at_end
1053,truck,1023.0,,777.0,,215.384,100.0,721.0,56.0,750.944,,,0.9279,0.0721,,False,on_map_at_end
1056,car,1024.0,,776.0,,257.969,100.0,727.0,49.0,752.507,,,0.9369,0.0631,,False,on_map_at_end
1057,car,1024.0,,776.0,,1932.665,57.0,568.0,208.0,601.871,,,0.732,0.268,,False,on_map_at_end
1060,car,1028.0,,772.0,,893.743,100.0,664.0,108.0,691.232,,,0.8601,0.1399,,False,on_map_at_end
1066,car,1030.0,,770.0,,79.965,81.0,713.0,57.0,762.803,,,0.926,0.074,,False,on_map_at_end
1067,car,1030.0,,770.0,,809.565,100.0,628.0,142.0,692.31,,,0.8156,0.1844,,False,on_map_at_end
1068,truck,1030.0,,770.0,,735.71,95.0,617.0,153.0,681.593,,,0.8013,0.1987,,False,on_map_at_end
1069,car,1030.0,,770.0,,430.635,97.0,689.0,81.0,730.609,,,0.8948,0.1052,,False,on_map_at_end
1070,car,1030.0,,770.0,,463.132,93.0,705.0,65.0,728.318,,,0.9156,0.0844,,False,on_map_at_end
1072,car,1032.0,,768.0,,423.134,96.0,687.0,81.0,729.497,,,0.8945,0.1055,,False,on_map_at_end
1073,truck,1032.0,,768.0,,387.289,94.0,698.0,70.0,721.286,,,0.9089,0.0911,,False,on_map_at_end
1074,car,1034.0,,766.0,,490.889,84.0,672.0,94.0,712.434,,,0.8773,0.1227,,False,on_map_at_end
1075,car,1034.0,,766.0,,1494.808,95.0,561.0,205.0,630.851,,,0.7324,0.2676,,False,on_map_at_end
1078,truck,1035.0,,765.0,,1030.279,100.0,607.0,158.0,641.317,,,0.7935,0.2065,,False,on_map_at_end
1082,car,1037.0,,763.0,,1260.007,98.0,580.0,183.0,644.638,,,0.7602,0.2398,,False,on_map_at_end
1084,car,1037.0,,763.0,,250.468,100.0,716.0,47.0,740.239,,,0.9384,0.0616,,False,on_map_at_end
1085,car,1038.0,,762.0,,64.961,77.0,711.0,51.0,755.637,,,0.9331,0.0669,,False,on_map_at_end
1086,car,1038.0,,762.0,,891.75,100.0,629.0,133.0,678.251,,,0.8255,0.1745,,False,on_map_at_end
1088,truck,1040.0,,760.0,,874.988,78.0,611.0,149.0,638.655,,,0.8039,0.1961,,False,on_map_at_end
1090,car,1040.0,,760.0,,1533.419,100.0,558.0,202.0,621.771,,,0.7342,0.2658,,False,on_map_at_end
1091,car,1153.0,,647.0,,107.467,100.0,608.0,39.0,637.328,,,0.9397,0.0603,,False,on_map_at_end
1092,car,1041.0,,759.0,,262.373,82.0,677.0,82.0,735.386,,,0.892,0.108,,False,on_map_at_end
1095,car,1042.0,,758.0,,1152.696,100.0,626.0,132.0,653.126,,,0.8259,0.1741,,False,on_map_at_end
1097,car,1043.0,,757.0,,1139.309,86.0,583.0,174.0,637.225,,,0.7701,0.2299,,False,on_map_at_end
1098,truck,1043.0,,757.0,,249.372,82.0,672.0,85.0,727.063,,,0.8877,0.1123,,False,on_map_at_end
1101,car,1044.0,,756.0,,360.518,93.0,694.0,62.0,723.553,,,0.918,0.082,,False,on_map_at_end
1103,truck,1046.0,,754.0,,969.562,100.0,589.0,165.0,637.606,,,0.7812,0.2188,,False,on_map_at_end
1104,car,1046.0,,754.0,,1677.556,88.0,540.0,214.0,602.203,,,0.7162,0.2838,,False,on_map_at_end
1105,car,1047.0,,753.0,,948.089,93.0,604.0,149.0,651.707,,,0.8021,0.1979,,False,on_map_at_end
1106,car,1047.0,,753.0,,1218.743,100.0,611.0,142.0,639.771,,,0.8114,0.1886,,False,on_map_at_end
1112,car,1049.0,,751.0,,36.819,100.0,736.0,15.0,747.686,,,0.98,0.02,,False,on_map_at_end
1113,truck,1049.0,,751.0,,817.234,100.0,613.0,138.0,652.543,,,0.8162,0.1838,,False,on_map_at_end
1114,car,1050.0,,750.0,,481.958,86.0,655.0,95.0,690.936,,,0.8733,0.1267,,False,on_map_at_end
1119,car,1053.0,,747.0,,2805.283,100.0,323.0,424.0,456.415,,,0.4324,0.5676,,False,on_map_at_end
1120,car,1053.0,,747.0,,1525.918,100.0,559.0,188.0,609.202,,,0.7483,0.2517,,False,on_map_at_end
1121,car,1053.0,,747.0,,919.639,100.0,608.0,139.0,661.374,,,0.8139,0.1861,,False,on_map_at_end
1122,car,1053.0,,747.0,,1637.172,100.0,567.0,180.0,599.638,,,0.759,0.241,,False,on_map_at_end
1123,truck,1054.0,,746.0,,713.516,100.0,616.0,130.0,660.283,,,0.8257,0.1743,,False,on_map_at_end
1126,car,1055.0,,745.0,,1638.608,95.0,477.0,268.0,591.605,,,0.6403,0.3597,,False,on_map_at_end
1127,car,1055.0,,745.0,,1412.447,0.0,534.0,211.0,573.494,,,0.7168,0.2832,,False,on_map_at_end
1129,car,1055.0,,745.0,,1536.653,90.0,538.0,207.0,605.015,,,0.7221,0.2779,,False,on_map_at_end
1130,car,1056.0,,744.0,,241.871,83.0,665.0,79.0,722.231,,,0.8938,0.1062,,False,on_map_at_end
1131,car,1058.0,,742.0,,1952.286,100.0,519.0,223.0,564.014,,,0.6995,0.3005,,False,on_map_at_end
1133,truck,1058.0,,742.0,,644.471,92.0,629.0,113.0,664.537,,,0.8477,0.1523,,False,on_map_at_end
1134,car,1061.0,,739.0,,1001.674,100.0,600.0,139.0,647.651,,,0.8119,0.1881,,False,on_map_at_end
1135,car,1061.0,,739.0,,488.639,94.0,666.0,73.0,686.511,,,0.9012,0.0988,,False,on_map_at_end
1138,truck,1065.0,,735.0,,1529.222,85.0,499.0,236.0,551.42,,,0.6789,0.3211,,False,on_map_at_end
1140,car,1066.0,,734.0,,655.302,93.0,642.0,92.0,674.185,,,0.8747,0.1253,,False,on_map_at_end
1142,car,1074.0,,726.0,,1689.955,88.0,527.0,199.0,572.737,,,0.7259,0.2741,,False,on_map_at_end
1144,car,1068.0,,732.0,,786.238,94.0,599.0,133.0,643.271,,,0.8183,0.1817,,False,on_map_at_end
1147,car,1069.0,,731.0,,207.883,100.0,684.0,47.0,707.229,,,0.9357,0.0643,,False,on_map_at_end
1148,truck,1069.0,,731.0,,808.912,93.0,578.0,153.0,610.128,,,0.7907,0.2093,,False,on_map_at_end
1149,car,1070.0,,730.0,,468.349,88.0,638.0,92.0,678.105,,,0.874,0.126,,False,on_map_at_end
1150,car,1070.0,,730.0,,447.097,92.0,660.0,70.0,689.662,,,0.9041,0.0959,,False,on_map_at_end
1151,car,1071.0,,729.0,,455.631,93.0,662.0,67.0,687.993,,,0.9081,0.0919,,False,on_map_at_end
1153,truck,1071.0,,729.0,,1126.308,86.0,548.0,181.0,592.591,,,0.7517,0.2483,,False,on_map_at_end
1154,car,1072.0,,728.0,,766.708,100.0,611.0,117.0,652.688,,,0.8393,0.1607,,False,on_map_at_end
1155,car,1072.0,,728.0,,82.045,89.0,695.0,33.0,720.849,,,0.9547,0.0453,,False,on_map_at_end
1156,car,1072.0,,728.0,,234.37,81.0,647.0,81.0,706.907,,,0.8887,0.1113,,False,on_map_at_end
1157,car,1073.0,,727.0,,582.959,100.0,658.0,69.0,673.907,,,0.9051,0.0949,,False,on_map_at_end
1158,truck,1073.0,,727.0,,610.298,90.0,612.0,115.0,653.399,,,0.8418,0.1582,,False,on_map_at_end
1161,car,1075.0,,725.0,,997.022,88.0,536.0,189.0,608.523,,,0.7393,0.2607,,False,on_map_at_end
1164,car,1077.0,,723.0,,408.955,93.0,645.0,78.0,678.622,,,0.8921,0.1079,,False,on_map_at_end
1166,car,1078.0,,722.0,,1325.558,92.0,532.0,190.0,595.211,,,0.7368,0.2632,,False,on_map_at_end
1167,car,1080.0,,720.0,,744.187,100.0,611.0,109.0,649.197,,,0.8486,0.1514,,False,on_map_at_end
1168,truck,1080.0,,720.0,,390.725,100.0,649.0,71.0,673.094,,,0.9014,0.0986,,False,on_map_at_end
1170,car,1080.0,,720.0,,226.869,81.0,640.0,80.0,699.582,,,0.8889,0.1111,,False,on_map_at_end
1171,car,1081.0,,719.0,,460.848,88.0,600.0,119.0,637.177,,,0.8345,0.1655,,False,on_map_at_end
1172,car,1081.0,,719.0,,695.506,100.0,602.0,117.0,641.749,,,0.8373,0.1627,,False,on_map_at_end
1174,car,1081.0,,719.0,,2298.938,100.0,456.0,263.0,506.23,,,0.6342,0.3658,,False,on_map_at_end
1179,car,1083.0,,717.0,,1588.102,91.0,463.0,254.0,573.319,,,0.6457,0.3543,,False,on_map_at_end
1180,car,1083.0,,717.0,,200.382,100.0,672.0,45.0,696.075,,,0.9372,0.0628,,False,on_map_at_end
1181,car,1084.0,,716.0,,971.005,92.0,595.0,121.0,628.322,,,0.831,0.169,,False,on_map_at_end
1182,car,1084.0,,716.0,,185.38,100.0,674.0,42.0,695.174,,,0.9413,0.0587,,False,on_map_at_end
1183,truck,1085.0,,715.0,,2188.398,90.0,423.0,292.0,451.933,,,0.5916,0.4084,,False,on_map_at_end
1184,car,1087.0,,713.0,,1019.609,94.0,583.0,130.0,613.437,,,0.8177,0.1823,,False,on_map_at_end
1188,truck,1089.0,,711.0,,213.319,95.0,668.0,43.0,685.391,,,0.9395,0.0605,,False,on_map_at_end
1190,car,1091.0,,709.0,,408.132,93.0,629.0,80.0,671.885,,,0.8872,0.1128,,False,on_map_at_end
1194,car,1092.0,,708.0,,1321.474,86.0,546.0,162.0,587.897,,,0.7712,0.2288,,False,on_map_at_end
1196,car,1093.0,,707.0,,836.998,100.0,571.0,136.0,631.488,,,0.8076,0.1924,,False,on_map_at_end
1198,truck,1095.0,,705.0,,797.761,93.0,574.0,131.0,608.832,,,0.8142,0.1858,,False,on_map_at_end
1200,car,1095.0,,705.0,,453.344,85.0,593.0,112.0,648.678,,,0.8411,0.1589,,False,on_map_at_end
1202,car,1098.0,,702.0,,219.368,80.0,622.0,80.0,682.257,,,0.886,0.114,,False,on_map_at_end
1203,truck,1098.0,,702.0,,1007.856,94.0,514.0,188.0,580.996,,,0.7322,0.2678,,False,on_map_at_end
1204,car,1098.0,,702.0,,1363.067,91.0,525.0,177.0,574.982,,,0.7479,0.2521,,False,on_map_at_end
1205,car,1098.0,,702.0,,490.054,100.0,602.0,100.0,652.859,,,0.8575,0.1425,,False,on_map_at_end
1206,car,1100.0,,700.0,,1890.73,87.0,472.0,228.0,528.803,,,0.6743,0.3257,,False,on_map_at_end
1207,car,1101.0,,699.0,,552.955,100.0,623.0,76.0,648.614,,,0.8913,0.1087,,False,on_map_at_end
1208,truck,1101.0,,699.0,,3135.949,22.0,168.0,531.0,298.153,,,0.2403,0.7597,,False,on_map_at_end
1212,car,1103.0,,697.0,,279.597,100.0,650.0,47.0,671.836,,,0.9326,0.0674,,False,on_map_at_end
1213,truck,1103.0,,697.0,,539.954,100.0,611.0,86.0,632.159,,,0.8766,0.1234,,False,on_map_at_end
1214,car,1104.0,,696.0,,1538.318,97.0,514.0,182.0,547.536,,,0.7385,0.2615,,False,on_map_at_end
1217,car,1105.0,,695.0,,788.41,92.0,550.0,145.0,592.058,,,0.7914,0.2086,,False,on_map_at_end
1219,car,1106.0,,694.0,,1404.197,95.0,528.0,166.0,565.526,,,0.7608,0.2392,,False,on_map_at_end
1220,car,1107.0,,693.0,,239.474,86.0,637.0,56.0,663.716,,,0.9192,0.0808,,False,on_map_at_end
1221,car,1107.0,,693.0,,482.553,100.0,596.0,97.0,645.077,,,0.86,0.14,,False,on_map_at_end
1224,car,1110.0,,690.0,,1264.676,92.0,519.0,171.0,570.067,,,0.7522,0.2478,,False,on_map_at_end
1226,car,1110.0,,690.0,,1251.134,87.0,510.0,180.0,570.258,,,0.7391,0.2609,,False,on_map_at_end
1229,car,1115.0,,685.0,,1855.163,75.0,361.0,324.0,504.796,,,0.527,0.473,,False,on_map_at_end
1230,car,1680.0,,120.0,,69.962,100.0,104.0,16.0,113.703,,,0.8667,0.1333,,False,on_map_at_end
1232,car,1111.0,,689.0,,637.369,90.0,589.0,100.0,631.636,,,0.8549,0.1451,,False,on_map_at_end
1233,truck,1111.0,,689.0,,359.286,92.0,621.0,68.0,645.608,,,0.9013,0.0987,,False,on_map_at_end
1234,car,1112.0,,688.0,,1547.993,100.0,467.0,221.0,536.341,,,0.6788,0.3212,,False,on_map_at_end
1235,car,1112.0,,688.0,,1348.065,91.0,509.0,179.0,562.452,,,0.7398,0.2602,,False,on_map_at_end
1236,car,1112.0,,688.0,,610.086,94.0,588.0,100.0,627.411,,,0.8547,0.1453,,False,on_map_at_end
1239,car,1115.0,,685.0,,643.765,94.0,584.0,101.0,624.67,,,0.8526,0.1474,,False,on_map_at_end
1240,car,1115.0,,685.0,,67.761,100.0,661.0,24.0,677.23,,,0.965,0.035,,False,on_map_at_end
1242,car,1116.0,,684.0,,179.519,95.0,641.0,43.0,660.468,,,0.9371,0.0629,,False,on_map_at_end
1246,car,1120.0,,680.0,,381.014,94.0,611.0,69.0,637.319,,,0.8985,0.1015,,False,on_map_at_end
1247,car,1120.0,,680.0,,1875.869,86.0,447.0,233.0,510.12,,,0.6574,0.3426,,False,on_map_at_end
1248,truck,1121.0,,679.0,,680.089,94.0,537.0,142.0,597.357,,,0.7909,0.2091,,False,on_map_at_end
1250,car,1122.0,,678.0,,209.037,100.0,634.0,44.0,659.187,,,0.9351,0.0649,,False,on_map_at_end
1251,car,1122.0,,678.0,,211.867,81.0,605.0,73.0,658.932,,,0.8923,0.1077,,False,on_map_at_end
1252,car,1123.0,,677.0,,509.95,100.0,604.0,73.0,630.63,,,0.8922,0.1078,,False,on_map_at_end
1254,car,1123.0,,677.0,,1847.655,74.0,362.0,315.0,502.166,,,0.5347,0.4653,,False,on_map_at_end
1259,car,1125.0,,675.0,,204.366,81.0,602.0,73.0,656.607,,,0.8919,0.1081,,False,on_map_at_end
1260,car,1125.0,,675.0,,1429.507,95.0,454.0,221.0,545.705,,,0.6726,0.3274,,False,on_map_at_end
1262,car,1127.0,,673.0,,340.398,92.0,601.0,72.0,633.339,,,0.893,0.107,,False,on_map_at_end
1264,car,1129.0,,671.0,,384.179,97.0,598.0,73.0,636.424,,,0.8912,0.1088,,False,on_map_at_end
1265,car,1129.0,,671.0,,1800.237,5.0,433.0,238.0,487.953,,,0.6453,0.3547,,False,on_map_at_end
1266,car,1130.0,,670.0,,1795.762,100.0,457.0,213.0,503.765,,,0.6821,0.3179,,False,on_map_at_end
1267,car,1130.0,,670.0,,448.13,93.0,604.0,66.0,629.668,,,0.9015,0.0985,,False,on_map_at_end
1268,truck,1131.0,,669.0,,1060.618,86.0,487.0,182.0,540.99,,,0.728,0.272,,False,on_map_at_end
1269,car,1131.0,,669.0,,636.264,92.0,571.0,98.0,609.834,,,0.8535,0.1465,,False,on_map_at_end
1271,car,1132.0,,668.0,,1803.064,83.0,364.0,304.0,387.583,,,0.5449,0.4551,,False,on_map_at_end
1274,car,1133.0,,667.0,,393.953,93.0,600.0,67.0,628.715,,,0.8996,0.1004,,False,on_map_at_end
1275,car,1134.0,,666.0,,1971.915,100.0,359.0,307.0,469.72,,,0.539,0.461,,False,on_map_at_end
1276,car,1134.0,,666.0,,1461.488,88.0,511.0,155.0,534.138,,,0.7673,0.2327,,False,on_map_at_end
1277,car,1136.0,,664.0,,417.568,92.0,586.0,78.0,625.605,,,0.8825,0.1175,,False,on_map_at_end
1279,car,1139.0,,661.0,,673.787,94.0,560.0,101.0,591.018,,,0.8472,0.1528,,False,on_map_at_end
1280,car,1139.0,,661.0,,1840.141,72.0,342.0,319.0,480.832,,,0.5174,0.4826,,False,on_map_at_end
1284,car,1141.0,,659.0,,575.863,86.0,557.0,102.0,607.172,,,0.8452,0.1548,,False,on_map_at_end
1285,car,1141.0,,659.0,,1116.782,99.0,514.0,145.0,554.976,,,0.78,0.22,,False,on_map_at_end
1289,car,1144.0,,656.0,,884.851,92.0,532.0,124.0,575.976,,,0.811,0.189,,False,on_map_at_end
1290,car,1144.0,,656.0,,1453.987,90.0,496.0,160.0,524.626,,,0.7561,0.2439,,False,on_map_at_end
1291,car,1145.0,,655.0,,196.864,80.0,595.0,60.0,637.282,,,0.9084,0.0916,,False,on_map_at_end
1293,truck,1145.0,,655.0,,596.196,88.0,555.0,100.0,583.428,,,0.8473,0.1527,,False,on_map_at_end
1294,car,1146.0,,654.0,,502.449,100.0,580.0,74.0,608.48,,,0.8869,0.1131,,False,on_map_at_end
1295,car,1146.0,,654.0,,782.759,90.0,538.0,116.0,579.483,,,0.8226,0.1774,,False,on_map_at_end
1296,car,1146.0,,654.0,,440.126,100.0,595.0,59.0,614.388,,,0.9098,0.0902,,False,on_map_at_end
1301,car,1149.0,,651.0,,2033.372,33.0,364.0,287.0,466.042,,,0.5591,0.4409,,False,on_map_at_end
1302,car,1149.0,,651.0,,189.363,80.0,592.0,59.0,633.957,,,0.9094,0.0906,,False,on_map_at_end
1306,car,1150.0,,650.0,,229.091,100.0,601.0,49.0,629.382,,,0.9246,0.0754,,False,on_map_at_end
1308,truck,1151.0,,649.0,,176.362,79.0,586.0,63.0,627.828,,,0.9029,0.0971,,False,on_map_at_end
131,car,246.0,,1554.0,,2658.749,100.0,1258.0,296.0,1311.933,,,0.8095,0.1905,,False,on_map_at_end
1310,car,1152.0,,648.0,,168.861,80.0,585.0,63.0,632.802,,,0.9028,0.0972,,False,on_map_at_end
1313,truck,1155.0,,645.0,,2014.656,100.0,372.0,273.0,401.327,,,0.5767,0.4233,,False,on_map_at_end
1314,car,1156.0,,644.0,,1173.737,100.0,500.0,144.0,533.883,,,0.7764,0.2236,,False,on_map_at_end
1316,car,1156.0,,644.0,,494.948,100.0,574.0,70.0,599.241,,,0.8913,0.1087,,False,on_map_at_end
1317,car,1156.0,,644.0,,521.909,100.0,576.0,68.0,595.725,,,0.8944,0.1056,,False,on_map_at_end
1318,truck,1156.0,,644.0,,371.178,95.0,560.0,84.0,599.441,,,0.8696,0.1304,,False,on_map_at_end
1319,car,1158.0,,642.0,,726.23,92.0,522.0,120.0,564.749,,,0.8131,0.1869,,False,on_map_at_end
1321,car,1160.0,,640.0,,363.677,94.0,556.0,84.0,607.269,,,0.8688,0.1312,,False,on_map_at_end
1325,car,1161.0,,639.0,,1421.214,100.0,435.0,204.0,499.351,,,0.6808,0.3192,,False,on_map_at_end
1326,car,1161.0,,639.0,,1713.137,90.0,437.0,202.0,483.616,,,0.6839,0.3161,,False,on_map_at_end
1329,car,1163.0,,637.0,,933.053,92.0,457.0,180.0,546.985,,,0.7174,0.2826,,False,on_map_at_end
1330,car,1164.0,,636.0,,1348.721,90.0,483.0,153.0,513.444,,,0.7594,0.2406,,False,on_map_at_end
1331,car,1164.0,,636.0,,1793.139,96.0,375.0,261.0,432.08,,,0.5896,0.4104,,False,on_map_at_end
1332,car,1165.0,,635.0,,1367.837,0.0,462.0,173.0,489.614,,,0.7276,0.2724,,False,on_map_at_end
1333,truck,1165.0,,635.0,,1660.824,93.0,399.0,236.0,434.955,,,0.6283,0.3717,,False,on_map_at_end
1335,car,1166.0,,634.0,,914.594,91.0,500.0,134.0,542.289,,,0.7886,0.2114,,False,on_map_at_end
1336,car,1167.0,,633.0,,1228.586,86.0,460.0,173.0,513.052,,,0.7267,0.2733,,False,on_map_at_end
1338,truck,1171.0,,629.0,,1861.223,11.0,346.0,283.0,405.359,,,0.5501,0.4499,,False,on_map_at_end
1339,car,1167.0,,633.0,,1316.419,96.0,488.0,145.0,513.467,,,0.7709,0.2291,,False,on_map_at_end
1341,car,1169.0,,631.0,,356.176,92.0,555.0,76.0,598.944,,,0.8796,0.1204,,False,on_map_at_end
1342,car,1173.0,,627.0,,775.258,90.0,515.0,112.0,550.23,,,0.8214,0.1786,,False,on_map_at_end
1345,car,1175.0,,625.0,,1623.18,94.0,398.0,227.0,477.448,,,0.6368,0.3632,,False,on_map_at_end
1346,car,1177.0,,623.0,,765.907,91.0,448.0,175.0,494.612,,,0.7191,0.2809,,False,on_map_at_end
1347,car,1177.0,,623.0,,155.249,100.0,588.0,35.0,604.025,,,0.9438,0.0562,,False,on_map_at_end
1348,truck,1177.0,,623.0,,1988.045,26.0,306.0,317.0,382.285,,,0.4912,0.5088,,False,on_map_at_end
1351,car,1180.0,,620.0,,821.996,100.0,482.0,138.0,545.898,,,0.7774,0.2226,,False,on_map_at_end
1353,truck,1181.0,,619.0,,1047.314,87.0,438.0,181.0,490.577,,,0.7076,0.2924,,False,on_map_at_end
1356,car,1183.0,,617.0,,214.964,100.0,571.0,46.0,596.916,,,0.9254,0.0746,,False,on_map_at_end
1357,car,1184.0,,616.0,,623.677,100.0,492.0,124.0,553.013,,,0.7987,0.2013,,False,on_map_at_end
1358,truck,1186.0,,614.0,,902.232,99.0,480.0,134.0,504.985,,,0.7818,0.2182,,False,on_map_at_end
1359,car,1187.0,,613.0,,147.748,97.0,578.0,35.0,595.78,,,0.9429,0.0571,,False,on_map_at_end
1361,car,1188.0,,612.0,,1505.813,97.0,305.0,307.0,368.489,,,0.4984,0.5016,,False,on_map_at_end
1362,car,1188.0,,612.0,,1416.467,89.0,454.0,158.0,484.517,,,0.7418,0.2582,,False,on_map_at_end
1363,truck,1188.0,,612.0,,185.011,100.0,569.0,43.0,589.79,,,0.9297,0.0703,,False,on_map_at_end
1364,car,1190.0,,610.0,,1039.563,88.0,430.0,180.0,502.015,,,0.7049,0.2951,,False,on_map_at_end
1365,car,1190.0,,610.0,,977.601,98.0,492.0,118.0,516.34,,,0.8066,0.1934,,False,on_map_at_end
1366,car,1190.0,,610.0,,275.573,92.0,537.0,73.0,581.28,,,0.8803,0.1197,,False,on_map_at_end
1367,car,1191.0,,609.0,,976.864,86.0,465.0,144.0,518.671,,,0.7635,0.2365,,False,on_map_at_end
1369,car,1191.0,,609.0,,512.572,89.0,510.0,99.0,558.8,,,0.8374,0.1626,,False,on_map_at_end
1370,car,1191.0,,609.0,,2122.42,85.0,362.0,247.0,416.814,,,0.5944,0.4056,,False,on_map_at_end
1372,car,1192.0,,608.0,,348.675,90.0,522.0,86.0,576.619,,,0.8586,0.1414,,False,on_map_at_end
1373,truck,1194.0,,606.0,,134.747,96.0,573.0,33.0,589.824,,,0.9455,0.0545,,False,on_map_at_end
1374,car,1194.0,,606.0,,1072.035,100.0,451.0,155.0,508.476,,,0.7442,0.2558,,False,on_map_at_end
1378,truck,1198.0,,602.0,,168.033,100.0,556.0,46.0,581.828,,,0.9236,0.0764,,False,on_map_at_end
1380,car,1199.0,,601.0,,1460.247,100.0,417.0,184.0,458.354,,,0.6938,0.3062,,False,on_map_at_end
1381,car,1205.0,,595.0,,907.334,100.0,468.0,127.0,512.308,,,0.7866,0.2134,,False,on_map_at_end
1384,car,1201.0,,599.0,,161.36,80.0,543.0,56.0,584.477,,,0.9065,0.0935,,False,on_map_at_end
1385,car,1202.0,,598.0,,1238.439,95.0,455.0,143.0,486.185,,,0.7609,0.2391,,False,on_map_at_end
1388,truck,1203.0,,597.0,,743.285,98.0,482.0,115.0,506.137,,,0.8074,0.1926,,False,on_map_at_end
1389,car,1204.0,,596.0,,1941.91,100.0,250.0,346.0,398.068,,,0.4195,0.5805,,False,on_map_at_end
1390,car,1204.0,,596.0,,153.859,79.0,537.0,59.0,582.153,,,0.901,0.099,,False,on_map_at_end
1392,car,1205.0,,595.0,,241.279,95.0,532.0,63.0,568.024,,,0.8941,0.1059,,False,on_map_at_end
1393,truck,1207.0,,593.0,,1373.501,92.0,362.0,231.0,428.114,,,0.6105,0.3895,,False,on_map_at_end
1394,car,1208.0,,592.0,,881.879,96.0,445.0,147.0,506.84,,,0.7517,0.2483,,False,on_map_at_end
1399,car,1213.0,,587.0,,325.014,90.0,535.0,52.0,557.748,,,0.9114,0.0886,,False,on_map_at_end
1401,car,1213.0,,587.0,,943.002,90.0,467.0,120.0,501.721,,,0.7956,0.2044,,False,on_map_at_end
1404,car,1214.0,,586.0,,36.819,100.0,567.0,19.0,582.686,,,0.9676,0.0324,,False,on_map_at_end
1405,car,1214.0,,586.0,,146.358,78.0,529.0,57.0,572.828,,,0.9027,0.0973,,False,on_map_at_end
1407,car,1215.0,,585.0,,870.729,100.0,455.0,130.0,506.634,,,0.7778,0.2222,,False,on_map_at_end
1408,truck,1215.0,,585.0,,331.283,90.0,522.0,63.0,545.08,,,0.8923,0.1077,,False,on_map_at_end
1409,car,1223.0,,577.0,,1828.43,36.0,295.0,282.0,404.791,,,0.5113,0.4887,,False,on_map_at_end
1410,car,1218.0,,582.0,,394.02,90.0,522.0,60.0,544.533,,,0.8969,0.1031,,False,on_map_at_end
1411,car,1218.0,,582.0,,138.857,79.0,525.0,57.0,569.503,,,0.9021,0.0979,,False,on_map_at_end
1413,truck,1219.0,,581.0,,380.178,95.0,502.0,79.0,535.188,,,0.864,0.136,,False,on_map_at_end
1414,car,1219.0,,581.0,,1477.596,100.0,377.0,204.0,439.998,,,0.6489,0.3511,,False,on_map_at_end
1417,car,1221.0,,579.0,,2086.495,100.0,326.0,253.0,385.811,,,0.563,0.437,,False,on_map_at_end
1422,car,1236.0,,564.0,,1891.389,84.0,346.0,218.0,393.597,,,0.6135,0.3865,,False,on_map_at_end
1425,car,1225.0,,575.0,,1603.888,100.0,391.0,184.0,429.847,,,0.68,0.32,,False,on_map_at_end
1428,truck,1228.0,,572.0,,516.38,50.0,499.0,73.0,509.28,,,0.8724,0.1276,,False,on_map_at_end
1429,car,1228.0,,572.0,,626.402,95.0,470.0,102.0,495.079,,,0.8217,0.1783,,False,on_map_at_end
1430,car,1230.0,,570.0,,399.122,100.0,510.0,60.0,534.079,,,0.8947,0.1053,,False,on_map_at_end
1432,car,1232.0,,568.0,,1398.6,92.0,361.0,207.0,441.051,,,0.6356,0.3644,,False,on_map_at_end
1433,truck,1232.0,,568.0,,1365.021,100.0,378.0,190.0,403.964,,,0.6655,0.3345,,False,on_map_at_end
1434,car,1233.0,,567.0,,1408.966,89.0,414.0,153.0,440.192,,,0.7302,0.2698,,False,on_map_at_end
1435,car,1233.0,,567.0,,341.174,89.0,494.0,73.0,536.294,,,0.8713,0.1287,,False,on_map_at_end
1437,car,1234.0,,566.0,,1010.37,92.0,414.0,152.0,464.155,,,0.7314,0.2686,,False,on_map_at_end
1438,truck,1234.0,,566.0,,2073.494,100.0,271.0,295.0,313.316,,,0.4788,0.5212,,False,on_map_at_end
1439,car,1235.0,,565.0,,391.621,100.0,503.0,62.0,529.754,,,0.8903,0.1097,,False,on_map_at_end
144,truck,277.0,,1523.0,,873.468,100.0,1362.0,161.0,1417.726,,,0.8943,0.1057,,False,on_map_at_end
1441,car,1236.0,,564.0,,737.796,100.0,442.0,122.0,497.313,,,0.7837,0.2163,,False,on_map_at_end
1442,car,1238.0,,562.0,,1624.341,100.0,259.0,303.0,408.13,,,0.4609,0.5391,,False,on_map_at_end
1446,car,1239.0,,561.0,,1518.034,0.0,376.0,185.0,423.428,,,0.6702,0.3298,,False,on_map_at_end
1447,car,1240.0,,560.0,,1490.933,0.0,374.0,186.0,424.739,,,0.6679,0.3321,,False,on_map_at_end
1448,truck,1241.0,,559.0,,2071.468,100.0,277.0,282.0,309.385,,,0.4955,0.5045,,False,on_map_at_end
145,car,277.0,,1523.0,,514.4,100.0,1412.0,111.0,1467.414,,,0.9271,0.0729,,False,on_map_at_end
1451,car,1243.0,,557.0,,1503.747,91.0,364.0,193.0,420.657,,,0.6535,0.3465,,False,on_map_at_end
1453,truck,1245.0,,555.0,,1428.33,100.0,363.0,192.0,383.066,,,0.6541,0.3459,,False,on_map_at_end
1454,car,1249.0,,551.0,,1496.246,91.0,350.0,201.0,415.192,,,0.6352,0.3648,,False,on_map_at_end
1456,car,1249.0,,551.0,,52.759,100.0,532.0,19.0,545.066,,,0.9655,0.0345,,False,on_map_at_end
1461,car,1256.0,,544.0,,848.205,99.0,413.0,131.0,467.661,,,0.7592,0.2408,,False,on_map_at_end
1465,car,1260.0,,540.0,,910.657,91.0,414.0,126.0,453.403,,,0.7667,0.2333,,False,on_map_at_end
1466,car,1264.0,,536.0,,139.959,95.0,512.0,24.0,523.265,,,0.9552,0.0448,,False,on_map_at_end
1467,car,1264.0,,536.0,,1537.837,100.0,366.0,170.0,396.888,,,0.6828,0.3172,,False,on_map_at_end
1470,car,1265.0,,535.0,,127.246,95.0,499.0,36.0,517.05,,,0.9327,0.0673,,False,on_map_at_end
1471,car,1266.0,,534.0,,333.673,86.0,464.0,70.0,503.969,,,0.8689,0.1311,,False,on_map_at_end
1472,car,1267.0,,533.0,,1358.499,91.0,339.0,194.0,410.734,,,0.636,0.364,,False,on_map_at_end
1473,truck,1269.0,,531.0,,320.672,86.0,457.0,74.0,492.504,,,0.8606,0.1394,,False,on_map_at_end
1475,car,1272.0,,528.0,,815.484,96.0,436.0,92.0,454.026,,,0.8258,0.1742,,False,on_map_at_end
1477,car,1274.0,,526.0,,1732.251,97.0,339.0,187.0,367.473,,,0.6445,0.3555,,False,on_map_at_end
1479,car,1275.0,,525.0,,119.745,93.0,490.0,35.0,511.015,,,0.9333,0.0667,,False,on_map_at_end
148,car,287.0,,1513.0,,766.478,100.0,1400.0,113.0,1434.633,,,0.9253,0.0747,,False,on_map_at_end
1481,car,1280.0,,520.0,,750.547,97.0,435.0,85.0,452.233,,,0.8365,0.1635,,False,on_map_at_end
1482,car,1282.0,,518.0,,796.163,98.0,430.0,88.0,445.818,,,0.8301,0.1699,,False,on_map_at_end
1484,car,1284.0,,516.0,,928.0,90.0,398.0,118.0,431.475,,,0.7713,0.2287,,False,on_map_at_end
1488,truck,1285.0,,515.0,,1152.636,94.0,340.0,175.0,376.431,,,0.6602,0.3398,,False,on_map_at_end
1489,car,1286.0,,514.0,,1863.987,85.0,300.0,214.0,345.299,,,0.5837,0.4163,,False,on_map_at_end
149,truck,290.0,,1510.0,,1470.046,100.0,1291.0,219.0,1333.135,,,0.855,0.145,,False,on_map_at_end
1490,car,1387.0,,413.0,,28.179,100.0,401.0,12.0,409.738,,,0.9709,0.0291,,False,on_map_at_end
1491,car,1289.0,,511.0,,145.529,100.0,473.0,38.0,497.902,,,0.9256,0.0744,,False,on_map_at_end
1492,car,1289.0,,511.0,,1502.043,96.0,357.0,154.0,375.349,,,0.6986,0.3014,,False,on_map_at_end
1493,truck,1290.0,,510.0,,1113.629,100.0,358.0,152.0,374.283,,,0.702,0.298,,False,on_map_at_end
1494,car,1291.0,,509.0,,131.356,79.0,453.0,56.0,497.178,,,0.89,0.11,,False,on_map_at_end
1495,car,1291.0,,509.0,,1022.619,100.0,389.0,120.0,416.608,,,0.7642,0.2358,,False,on_map_at_end
1496,car,1291.0,,509.0,,29.318,100.0,497.0,12.0,506.361,,,0.9764,0.0236,,False,on_map_at_end
1497,car,1291.0,,509.0,,701.359,100.0,414.0,95.0,433.224,,,0.8134,0.1866,,False,on_map_at_end
1498,truck,1292.0,,508.0,,1015.524,0.0,352.0,156.0,386.088,,,0.6929,0.3071,,False,on_map_at_end
1499,car,1293.0,,507.0,,737.904,91.0,355.0,152.0,384.798,,,0.7002,0.2998,,False,on_map_at_end
1501,car,1296.0,,504.0,,707.792,98.0,379.0,125.0,439.936,,,0.752,0.248,,False,on_map_at_end
1502,car,1297.0,,503.0,,425.228,100.0,443.0,60.0,464.729,,,0.8807,0.1193,,False,on_map_at_end
1503,truck,1298.0,,502.0,,549.861,85.0,414.0,88.0,435.99,,,0.8247,0.1753,,False,on_map_at_end
1505,car,1300.0,,500.0,,112.244,91.0,467.0,33.0,485.455,,,0.934,0.066,,False,on_map_at_end
1506,car,1300.0,,500.0,,952.591,95.0,380.0,120.0,405.839,,,0.76,0.24,,False,on_map_at_end
1507,car,1301.0,,499.0,,1393.964,87.0,340.0,159.0,373.542,,,0.6814,0.3186,,False,on_map_at_end
1509,car,1306.0,,494.0,,1145.135,93.0,335.0,159.0,389.971,,,0.6781,0.3219,,False,on_map_at_end
1510,car,1306.0,,494.0,,446.814,98.0,399.0,95.0,453.786,,,0.8077,0.1923,,False,on_map_at_end
1511,car,1307.0,,493.0,,1477.517,98.0,336.0,157.0,358.935,,,0.6815,0.3185,,False,on_map_at_end
1512,car,1308.0,,492.0,,123.855,78.0,437.0,55.0,480.853,,,0.8882,0.1118,,False,on_map_at_end
1513,truck,1310.0,,490.0,,1470.076,100.0,265.0,225.0,313.52,,,0.5408,0.4592,,False,on_map_at_end
1520,car,1316.0,,484.0,,999.086,1.0,338.0,146.0,394.081,,,0.6983,0.3017,,False,on_map_at_end
1521,car,1317.0,,483.0,,1216.974,93.0,325.0,158.0,372.112,,,0.6729,0.3271,,False,on_map_at_end
1522,car,1317.0,,483.0,,563.393,98.0,372.0,111.0,428.03,,,0.7702,0.2298,,False,on_map_at_end
1524,car,1319.0,,481.0,,982.35,2.0,336.0,145.0,392.588,,,0.6985,0.3015,,False,on_map_at_end
1527,car,1321.0,,479.0,,116.354,78.0,424.0,55.0,468.528,,,0.8852,0.1148,,False,on_map_at_end
1528,truck,1322.0,,478.0,,307.671,82.0,406.0,72.0,441.065,,,0.8494,0.1506,,False,on_map_at_end
1529,car,1322.0,,478.0,,1039.457,75.0,374.0,104.0,384.206,,,0.7824,0.2176,,False,on_map_at_end
1530,car,1322.0,,478.0,,924.027,96.0,341.0,137.0,393.942,,,0.7134,0.2866,,False,on_map_at_end
1531,car,1323.0,,477.0,,104.743,90.0,441.0,36.0,463.084,,,0.9245,0.0755,,False,on_map_at_end
1533,truck,1324.0,,476.0,,304.506,90.0,407.0,69.0,438.803,,,0.855,0.145,,False,on_map_at_end
1534,car,1327.0,,473.0,,1703.394,98.0,293.0,180.0,317.63,,,0.6195,0.3805,,False,on_map_at_end
1536,car,1328.0,,472.0,,2377.775,49.0,219.0,253.0,253.134,,,0.464,0.536,,False,on_map_at_end
1537,car,1329.0,,471.0,,108.853,79.0,415.0,56.0,461.203,,,0.8811,0.1189,,False,on_map_at_end
1539,car,1330.0,,470.0,,297.011,90.0,419.0,51.0,443.269,,,0.8915,0.1085,,False,on_map_at_end
1540,car,1330.0,,470.0,,317.445,91.0,406.0,64.0,439.521,,,0.8638,0.1362,,False,on_map_at_end
1541,car,1330.0,,470.0,,376.618,100.0,409.0,61.0,436.104,,,0.8702,0.1298,,False,on_map_at_end
1542,car,1331.0,,469.0,,233.423,100.0,430.0,39.0,447.45,,,0.9168,0.0832,,False,on_map_at_end
1543,truck,1332.0,,468.0,,1437.406,100.0,266.0,202.0,294.782,,,0.5684,0.4316,,False,on_map_at_end
1544,car,1334.0,,466.0,,445.779,84.0,385.0,81.0,415.826,,,0.8262,0.1738,,False,on_map_at_end
1545,car,1334.0,,466.0,,1094.875,88.0,340.0,126.0,367.361,,,0.7296,0.2704,,False,on_map_at_end
1546,car,1335.0,,465.0,,1467.865,100.0,319.0,146.0,332.497,,,0.686,0.314,,False,on_map_at_end
1547,car,1335.0,,465.0,,1934.409,63.0,147.0,318.0,274.404,,,0.3161,0.6839,,False,on_map_at_end
1548,truck,1336.0,,464.0,,542.891,96.0,338.0,126.0,394.506,,,0.7284,0.2716,,False,on_map_at_end
1550,car,1338.0,,462.0,,540.408,100.0,371.0,91.0,394.195,,,0.803,0.197,,False,on_map_at_end
1551,car,1338.0,,462.0,,472.665,100.0,406.0,56.0,418.051,,,0.8788,0.1212,,False,on_map_at_end
1553,truck,1340.0,,460.0,,2144.082,82.0,170.0,290.0,201.792,,,0.3696,0.6304,,False,on_map_at_end
1554,car,1342.0,,458.0,,1558.472,99.0,296.0,162.0,316.328,,,0.6463,0.3537,,False,on_map_at_end
1556,car,1343.0,,457.0,,170.009,100.0,421.0,36.0,441.274,,,0.9212,0.0788,,False,on_map_at_end
1558,truck,1344.0,,456.0,,95.851,80.0,401.0,55.0,444.493,,,0.8794,0.1206,,False,on_map_at_end
1559,car,1344.0,,456.0,,1615.969,100.0,270.0,186.0,307.64,,,0.5921,0.4079,,False,on_map_at_end
1562,car,1347.0,,453.0,,730.403,91.0,319.0,134.0,343.276,,,0.7042,0.2958,,False,on_map_at_end
1563,truck,1348.0,,452.0,,387.449,98.0,363.0,89.0,365.888,,,0.8031,0.1969,,False,on_map_at_end
1566,car,1349.0,,451.0,,466.945,100.0,393.0,58.0,408.46,,,0.8714,0.1286,,False,on_map_at_end
1568,truck,1350.0,,450.0,,1839.339,20.0,112.0,338.0,225.291,,,0.2489,0.7511,,False,on_map_at_end
1570,car,1351.0,,449.0,,941.695,4.0,307.0,142.0,359.248,,,0.6837,0.3163,,False,on_map_at_end
1572,car,1352.0,,448.0,,426.597,93.0,376.0,72.0,409.509,,,0.8393,0.1607,,False,on_map_at_end
1574,car,1353.0,,447.0,,753.709,100.0,360.0,87.0,378.344,,,0.8054,0.1946,,False,on_map_at_end
1575,car,1353.0,,447.0,,1577.065,100.0,247.0,200.0,305.063,,,0.5526,0.4474,,False,on_map_at_end
1576,car,1354.0,,446.0,,1479.088,69.0,165.0,281.0,308.822,,,0.37,0.63,,False,on_map_at_end
1578,truck,1355.0,,445.0,,82.85,77.0,390.0,55.0,435.054,,,0.8764,0.1236,,False,on_map_at_end
1579,car,1358.0,,442.0,,439.357,100.0,387.0,55.0,402.039,,,0.8756,0.1244,,False,on_map_at_end
1580,car,1362.0,,438.0,,1441.969,100.0,289.0,149.0,308.221,,,0.6598,0.3402,,False,on_map_at_end
1582,car,1365.0,,435.0,,1471.192,85.0,234.0,201.0,293.639,,,0.5379,0.4621,,False,on_map_at_end
1584,car,1366.0,,434.0,,830.324,100.0,307.0,127.0,330.517,,,0.7074,0.2926,,False,on_map_at_end
1585,car,1366.0,,434.0,,451.942,96.0,385.0,49.0,393.214,,,0.8871,0.1129,,False,on_map_at_end
1586,car,1367.0,,433.0,,75.348,78.0,380.0,53.0,426.219,,,0.8776,0.1224,,False,on_map_at_end
1588,truck,1368.0,,432.0,,294.67,80.0,359.0,73.0,396.626,,,0.831,0.169,,False,on_map_at_end
1589,car,1369.0,,431.0,,97.242,90.0,397.0,34.0,421.262,,,0.9211,0.0789,,False,on_map_at_end
159,truck,303.0,,1497.0,,2342.569,44.0,1128.0,369.0,1216.012,,,0.7535,0.2465,,False,on_map_at_end
1590,car,1371.0,,429.0,,966.993,6.0,283.0,146.0,341.97,,,0.6597,0.3403,,False,on_map_at_end
1591,car,1371.0,,429.0,,1335.995,75.0,251.0,178.0,308.725,,,0.5851,0.4149,,False,on_map_at_end
1592,car,1371.0,,429.0,,1295.088,100.0,288.0,141.0,311.766,,,0.6713,0.3287,,False,on_map_at_end
1593,truck,1372.0,,428.0,,439.959,93.0,363.0,65.0,375.184,,,0.8481,0.1519,,False,on_map_at_end
1595,car,1373.0,,427.0,,1175.663,100.0,302.0,125.0,319.813,,,0.7073,0.2927,,False,on_map_at_end
1597,car,1375.0,,425.0,,967.018,86.0,284.0,141.0,321.665,,,0.6682,0.3318,,False,on_map_at_end
1599,car,1376.0,,424.0,,475.064,89.0,322.0,102.0,340.827,,,0.7594,0.2406,,False,on_map_at_end
1600,car,1380.0,,420.0,,432.458,92.0,360.0,60.0,381.078,,,0.8571,0.1429,,False,on_map_at_end
1601,car,1380.0,,420.0,,1367.027,52.0,198.0,222.0,296.052,,,0.4714,0.5286,,False,on_map_at_end
1602,car,1381.0,,419.0,,390.676,100.0,365.0,54.0,378.656,,,0.8711,0.1289,,False,on_map_at_end
1603,truck,1381.0,,419.0,,1270.828,71.0,219.0,200.0,265.819,,,0.5227,0.4773,,False,on_map_at_end
1604,car,1381.0,,419.0,,1676.721,52.0,198.0,221.0,261.814,,,0.4726,0.5274,,False,on_map_at_end
1605,car,1382.0,,418.0,,516.189,97.0,348.0,70.0,360.847,,,0.8325,0.1675,,False,on_map_at_end
1606,car,1383.0,,417.0,,1214.337,90.0,267.0,150.0,305.086,,,0.6403,0.3597,,False,on_map_at_end
1607,car,1384.0,,416.0,,89.741,90.0,384.0,32.0,405.247,,,0.9231,0.0769,,False,on_map_at_end
1609,car,1387.0,,413.0,,2535.823,0.0,48.0,365.0,149.706,,,0.1162,0.8838,,False,on_map_at_end
1610,car,1388.0,,412.0,,1391.669,87.0,226.0,186.0,285.804,,,0.5485,0.4515,,False,on_map_at_end
1611,car,1389.0,,411.0,,912.997,89.0,309.0,102.0,328.546,,,0.7518,0.2482,,False,on_map_at_end
1612,car,1391.0,,409.0,,75.191,100.0,389.0,20.0,402.233,,,0.9511,0.0489,,False,on_map_at_end
1613,truck,1391.0,,409.0,,665.855,100.0,311.0,98.0,328.333,,,0.7604,0.2396,,False,on_map_at_end
1615,car,1392.0,,408.0,,1250.458,85.0,261.0,147.0,294.175,,,0.6397,0.3603,,False,on_map_at_end
1616,car,1393.0,,407.0,,527.797,100.0,345.0,62.0,359.498,,,0.8477,0.1523,,False,on_map_at_end
1617,car,1395.0,,405.0,,950.095,7.0,266.0,139.0,319.491,,,0.6568,0.3432,,False,on_map_at_end
162,car,305.0,,1495.0,,699.839,100.0,1374.0,121.0,1427.442,,,0.9191,0.0809,,False,on_map_at_end
1621,car,1398.0,,402.0,,2390.959,1.0,65.0,337.0,165.972,,,0.1617,0.8383,,False,on_map_at_end
1622,car,1398.0,,402.0,,1274.586,100.0,256.0,146.0,286.718,,,0.6368,0.3632,,False,on_map_at_end
1623,truck,1398.0,,402.0,,1754.599,3.0,96.0,306.0,190.93,,,0.2388,0.7612,,False,on_map_at_end
1627,car,1402.0,,398.0,,722.902,90.0,279.0,119.0,302.102,,,0.701,0.299,,False,on_map_at_end
1628,truck,1764.0,,36.0,,219.498,2.0,3.0,33.0,8.112,,,0.0833,0.9167,,False,on_map_at_end
1629,car,1404.0,,396.0,,287.169,79.0,328.0,68.0,370.155,,,0.8283,0.1717,,False,on_map_at_end
1630,car,1405.0,,395.0,,1386.463,87.0,245.0,150.0,270.217,,,0.6203,0.3797,,False,on_map_at_end
1631,car,1407.0,,393.0,,172.018,95.0,358.0,35.0,370.649,,,0.9109,0.0891,,False,on_map_at_end
1632,car,1407.0,,393.0,,111.974,100.0,370.0,23.0,380.565,,,0.9415,0.0585,,False,on_map_at_end
1633,truck,1408.0,,392.0,,379.808,94.0,311.0,81.0,346.405,,,0.7934,0.2066,,False,on_map_at_end
1634,car,1408.0,,392.0,,530.145,92.0,318.0,74.0,339.258,,,0.8112,0.1888,,False,on_map_at_end
1635,car,1409.0,,391.0,,424.957,92.0,340.0,51.0,352.753,,,0.8696,0.1304,,False,on_map_at_end
1638,truck,1410.0,,390.0,,711.779,100.0,294.0,96.0,304.407,,,0.7538,0.2462,,False,on_map_at_end
1639,car,1411.0,,389.0,,97.449,100.0,368.0,21.0,376.759,,,0.946,0.054,,False,on_map_at_end
1640,car,1412.0,,388.0,,82.24,89.0,364.0,24.0,377.631,,,0.9381,0.0619,,False,on_map_at_end
1641,car,1412.0,,388.0,,67.843,78.0,337.0,51.0,381.894,,,0.8686,0.1314,,False,on_map_at_end
1642,car,1412.0,,388.0,,279.668,79.0,319.0,69.0,362.83,,,0.8222,0.1778,,False,on_map_at_end
1643,truck,1413.0,,387.0,,1865.33,100.0,123.0,264.0,162.652,,,0.3178,0.6822,,False,on_map_at_end
1646,car,1416.0,,384.0,,1364.349,100.0,235.0,149.0,260.079,,,0.612,0.388,,False,on_map_at_end
1650,car,1422.0,,378.0,,164.457,100.0,334.0,44.0,362.83,,,0.8836,0.1164,,False,on_map_at_end
1651,car,1422.0,,378.0,,1263.615,0.0,241.0,137.0,262.932,,,0.6376,0.3624,,False,on_map_at_end
1654,car,1423.0,,377.0,,89.196,94.0,352.0,25.0,368.972,,,0.9337,0.0663,,False,on_map_at_end
1657,car,1426.0,,374.0,,1464.862,95.0,212.0,162.0,241.809,,,0.5668,0.4332,,False,on_map_at_end
1662,car,1430.0,,370.0,,717.251,89.0,278.0,92.0,302.285,,,0.7514,0.2486,,False,on_map_at_end
1663,truck,1431.0,,369.0,,1084.051,100.0,227.0,142.0,238.544,,,0.6152,0.3848,,False,on_map_at_end
1665,car,1431.0,,369.0,,1434.468,100.0,228.0,141.0,239.897,,,0.6179,0.3821,,False,on_map_at_end
1666,car,1432.0,,368.0,,1203.577,100.0,220.0,148.0,242.731,,,0.5978,0.4022,,False,on_map_at_end
1667,car,1434.0,,366.0,,60.334,77.0,315.0,51.0,360.57,,,0.8607,0.1393,,False,on_map_at_end
1668,truck,1434.0,,366.0,,725.193,93.0,250.0,116.0,278.942,,,0.6831,0.3169,,False,on_map_at_end
1669,car,1434.0,,366.0,,1458.693,74.0,184.0,182.0,233.27,,,0.5027,0.4973,,False,on_map_at_end
1670,car,1436.0,,364.0,,694.899,89.0,228.0,136.0,254.51,,,0.6264,0.3736,,False,on_map_at_end
1671,car,1437.0,,363.0,,52.818,79.0,312.0,51.0,358.246,,,0.8595,0.1405,,False,on_map_at_end
1673,truck,1439.0,,361.0,,39.781,78.0,309.0,52.0,356.224,,,0.856,0.144,,False,on_map_at_end
1674,car,1440.0,,360.0,,403.738,96.0,290.0,70.0,300.116,,,0.8056,0.1944,,False,on_map_at_end
1675,car,1440.0,,360.0,,1299.958,87.0,197.0,163.0,238.579,,,0.5472,0.4528,,False,on_map_at_end
1676,car,1440.0,,360.0,,164.517,94.0,333.0,27.0,342.191,,,0.925,0.075,,False,on_map_at_end
1677,car,1440.0,,360.0,,1651.294,0.0,161.0,199.0,210.964,,,0.4472,0.5528,,False,on_map_at_end
1678,truck,1441.0,,359.0,,1008.344,43.0,190.0,169.0,237.381,,,0.5292,0.4708,,False,on_map_at_end
1680,car,1443.0,,357.0,,539.454,87.0,278.0,79.0,295.556,,,0.7787,0.2213,,False,on_map_at_end
1681,car,1444.0,,356.0,,89.948,100.0,337.0,19.0,345.483,,,0.9466,0.0534,,False,on_map_at_end
1682,car,1444.0,,356.0,,1762.58,1.0,83.0,273.0,184.856,,,0.2331,0.7669,,False,on_map_at_end
1683,truck,1445.0,,355.0,,1284.901,82.0,172.0,183.0,199.919,,,0.4845,0.5155,,False,on_map_at_end
1684,car,1445.0,,355.0,,157.016,92.0,327.0,28.0,337.49,,,0.9211,0.0789,,False,on_map_at_end
1685,car,1445.0,,355.0,,517.683,85.0,284.0,71.0,308.408,,,0.8,0.2,,False,on_map_at_end
1686,car,1446.0,,354.0,,300.928,90.0,313.0,41.0,326.201,,,0.8842,0.1158,,False,on_map_at_end
1687,car,1446.0,,354.0,,272.167,79.0,286.0,68.0,329.505,,,0.8079,0.1921,,False,on_map_at_end
1688,truck,1446.0,,354.0,,704.25,89.0,245.0,109.0,269.093,,,0.6921,0.3079,,False,on_map_at_end
1689,car,1447.0,,353.0,,493.686,94.0,276.0,77.0,291.054,,,0.7819,0.2181,,False,on_map_at_end
1692,car,1451.0,,349.0,,1333.473,100.0,196.0,153.0,224.376,,,0.5616,0.4384,,False,on_map_at_end
1694,car,1451.0,,349.0,,1422.026,5.0,85.0,264.0,217.582,,,0.2436,0.7564,,False,on_map_at_end
1695,car,1474.0,,326.0,,32.255,78.0,285.0,41.0,323.097,,,0.8742,0.1258,,False,on_map_at_end
1696,car,1454.0,,346.0,,417.456,90.0,294.0,52.0,308.429,,,0.8497,0.1503,,False,on_map_at_end
1697,car,1455.0,,345.0,,1793.788,11.0,160.0,185.0,177.227,,,0.4638,0.5362,,False,on_map_at_end
1698,truck,1456.0,,344.0,,404.455,89.0,280.0,64.0,295.446,,,0.814,0.186,,False,on_map_at_end
1699,car,1456.0,,344.0,,475.885,97.0,268.0,76.0,296.681,,,0.7791,0.2209,,False,on_map_at_end
1701,car,1456.0,,344.0,,2151.221,0.0,53.0,291.0,145.927,,,0.1541,0.8459,,False,on_map_at_end
1703,truck,1459.0,,341.0,,131.958,93.0,316.0,25.0,325.159,,,0.9267,0.0733,,False,on_map_at_end
1705,car,1461.0,,339.0,,611.082,91.0,248.0,91.0,284.002,,,0.7316,0.2684,,False,on_map_at_end
1706,car,1461.0,,339.0,,893.713,96.0,219.0,120.0,243.471,,,0.646,0.354,,False,on_map_at_end
1708,truck,1463.0,,337.0,,192.774,92.0,285.0,52.0,309.489,,,0.8457,0.1543,,False,on_map_at_end
1709,car,1464.0,,336.0,,361.086,88.0,287.0,49.0,303.414,,,0.8542,0.1458,,False,on_map_at_end
171,car,315.0,,1485.0,,758.977,100.0,1362.0,123.0,1399.313,,,0.9172,0.0828,,False,on_map_at_end
1710,car,1465.0,,335.0,,1027.035,100.0,232.0,103.0,241.848,,,0.6925,0.3075,,False,on_map_at_end
1711,car,1465.0,,335.0,,486.185,94.0,268.0,67.0,281.503,,,0.8,0.2,,False,on_map_at_end
1713,truck,1467.0,,333.0,,1115.227,100.0,185.0,148.0,199.119,,,0.5556,0.4444,,False,on_map_at_end
1714,car,1469.0,,331.0,,1323.738,76.0,160.0,171.0,206.972,,,0.4834,0.5166,,False,on_map_at_end
1715,car,1469.0,,331.0,,305.532,72.0,300.0,31.0,303.952,,,0.9063,0.0937,,False,on_map_at_end
1717,car,1473.0,,327.0,,264.665,79.0,261.0,66.0,303.18,,,0.7982,0.2018,,False,on_map_at_end
1718,truck,1473.0,,327.0,,689.689,85.0,206.0,121.0,244.204,,,0.63,0.37,,False,on_map_at_end
1719,car,1475.0,,325.0,,257.164,80.0,261.0,64.0,301.855,,,0.8031,0.1969,,False,on_map_at_end
1720,car,1477.0,,323.0,,1090.305,100.0,208.0,115.0,223.815,,,0.644,0.356,,False,on_map_at_end
1721,car,1477.0,,323.0,,74.739,89.0,303.0,20.0,314.283,,,0.9381,0.0619,,False,on_map_at_end
1722,car,1479.0,,321.0,,887.929,52.0,188.0,133.0,236.031,,,0.5857,0.4143,,False,on_map_at_end
1723,truck,1483.0,,317.0,,19.144,78.0,283.0,34.0,314.702,,,0.8927,0.1073,,False,on_map_at_end
1724,car,1489.0,,311.0,,200.274,93.0,261.0,50.0,292.975,,,0.8392,0.1608,,False,on_map_at_end
1725,car,1486.0,,314.0,,787.319,100.0,200.0,114.0,214.197,,,0.6369,0.3631,,False,on_map_at_end
1726,car,1486.0,,314.0,,259.505,89.0,275.0,39.0,290.644,,,0.8758,0.1242,,False,on_map_at_end
1727,car,1487.0,,313.0,,702.69,89.0,218.0,95.0,249.757,,,0.6965,0.3035,,False,on_map_at_end
1729,car,1782.0,,18.0,,11.505,1.0,0.0,18.0,16.965,,,0.0,1.0,,False,on_map_at_end
173,car,318.0,,1482.0,,406.77,100.0,1414.0,68.0,1445.679,,,0.9541,0.0459,,False,on_map_at_end
1730,car,1490.0,,310.0,,396.954,87.0,256.0,54.0,274.274,,,0.8258,0.1742,,False,on_map_at_end
1731,car,1490.0,,310.0,,1573.602,0.0,64.0,246.0,164.155,,,0.2065,0.7935,,False,on_map_at_end
1732,car,1790.0,,10.0,,3.793,0.0,0.0,10.0,9.659,,,0.0,1.0,,False,on_map_at_end
1733,truck,1491.0,,309.0,,1292.896,71.0,119.0,190.0,153.79,,,0.3851,0.6149,,False,on_map_at_end
1734,car,1491.0,,309.0,,1366.964,100.0,160.0,149.0,178.936,,,0.5178,0.4822,,False,on_map_at_end
1735,car,1494.0,,306.0,,921.016,50.0,205.0,101.0,222.944,,,0.6699,0.3301,,False,on_map_at_end
1737,car,1495.0,,305.0,,1413.966,100.0,170.0,135.0,177.742,,,0.5574,0.4426,,False,on_map_at_end
174,truck,319.0,,1481.0,,2907.094,100.0,1054.0,427.0,1107.143,,,0.7117,0.2883,,False,on_map_at_end
1741,car,1502.0,,298.0,,1125.157,100.0,185.0,113.0,194.888,,,0.6208,0.3792,,False,on_map_at_end
1742,car,1502.0,,298.0,,1451.581,86.0,137.0,161.0,166.654,,,0.4597,0.5403,,False,on_map_at_end
1743,truck,1502.0,,298.0,,244.163,79.0,254.0,44.0,268.689,,,0.8523,0.1477,,False,on_map_at_end
1746,car,1505.0,,295.0,,185.273,91.0,246.0,49.0,271.499,,,0.8339,0.1661,,False,on_map_at_end
1747,car,1507.0,,293.0,,236.662,77.0,249.0,44.0,271.7,,,0.8498,0.1502,,False,on_map_at_end
1749,car,1509.0,,291.0,,2296.983,0.0,0.0,291.0,28.174,,,0.0,1.0,,False,on_map_at_end
1750,car,1512.0,,288.0,,1756.447,62.0,70.0,218.0,127.427,,,0.2431,0.7569,,False,on_map_at_end
1751,car,1513.0,,287.0,,1957.225,64.0,75.0,212.0,109.127,,,0.2613,0.7387,,False,on_map_at_end
1752,car,1515.0,,285.0,,1406.465,100.0,149.0,136.0,158.417,,,0.5228,0.4772,,False,on_map_at_end
1754,car,1518.0,,282.0,,251.622,100.0,254.0,28.0,259.252,,,0.9007,0.0993,,False,on_map_at_end
1755,car,1518.0,,282.0,,156.956,100.0,249.0,33.0,267.593,,,0.883,0.117,,False,on_map_at_end
1756,car,1519.0,,281.0,,1730.058,32.0,32.0,249.0,73.87,,,0.1139,0.8861,,False,on_map_at_end
1757,car,1520.0,,280.0,,635.199,77.0,177.0,103.0,222.832,,,0.6321,0.3679,,False,on_map_at_end
1758,truck,1624.0,,176.0,,265.774,88.0,129.0,47.0,143.859,,,0.733,0.267,,False,on_map_at_end
1759,car,1520.0,,280.0,,607.848,100.0,198.0,82.0,214.537,,,0.7071,0.2929,,False,on_map_at_end
176,car,320.0,,1480.0,,1526.106,100.0,1306.0,174.0,1341.94,,,0.8824,0.1176,,False,on_map_at_end
1760,car,1521.0,,279.0,,1742.567,18.0,71.0,208.0,110.623,,,0.2545,0.7455,,False,on_map_at_end
1761,car,1522.0,,278.0,,389.453,89.0,228.0,50.0,242.949,,,0.8201,0.1799,,False,on_map_at_end
1765,car,1532.0,,268.0,,1252.083,100.0,145.0,123.0,155.107,,,0.541,0.459,,False,on_map_at_end
1766,car,1533.0,,267.0,,172.271,91.0,225.0,42.0,251.495,,,0.8427,0.1573,,False,on_map_at_end
1768,truck,1534.0,,266.0,,1555.711,20.0,53.0,213.0,78.769,,,0.1992,0.8008,,False,on_map_at_end
177,car,320.0,,1480.0,,1709.391,91.0,1259.0,221.0,1303.759,,,0.8507,0.1493,,False,on_map_at_end
1770,car,1536.0,,264.0,,1711.0,29.0,29.0,235.0,70.973,,,0.1098,0.8902,,False,on_map_at_end
1772,car,1538.0,,262.0,,1560.741,93.0,94.0,168.0,119.298,,,0.3588,0.6412,,False,on_map_at_end
1774,car,1539.0,,261.0,,288.298,84.0,204.0,57.0,235.053,,,0.7816,0.2184,,False,on_map_at_end
1776,car,1541.0,,259.0,,502.142,92.0,185.0,74.0,208.849,,,0.7143,0.2857,,False,on_map_at_end
1779,car,1549.0,,251.0,,636.216,94.0,176.0,75.0,189.767,,,0.7012,0.2988,,False,on_map_at_end
1780,car,1549.0,,251.0,,1294.403,7.0,45.0,206.0,130.827,,,0.1793,0.8207,,False,on_map_at_end
1781,car,1551.0,,249.0,,229.161,77.0,212.0,37.0,228.375,,,0.8514,0.1486,,False,on_map_at_end
1782,car,1551.0,,249.0,,381.952,87.0,198.0,51.0,214.624,,,0.7952,0.2048,,False,on_map_at_end
1783,truck,1553.0,,247.0,,216.16,77.0,207.0,40.0,221.05,,,0.8381,0.1619,,False,on_map_at_end
1784,car,1554.0,,246.0,,2171.942,0.0,0.0,246.0,33.487,,,0.0,1.0,,False,on_map_at_end
1786,car,1556.0,,244.0,,672.312,83.0,150.0,94.0,183.491,,,0.6148,0.3852,,False,on_map_at_end
1787,car,1559.0,,241.0,,1357.848,49.0,64.0,177.0,118.44,,,0.2656,0.7344,,False,on_map_at_end
1788,truck,1559.0,,241.0,,343.969,100.0,194.0,47.0,199.37,,,0.805,0.195,,False,on_map_at_end
1789,car,1564.0,,236.0,,259.438,90.0,193.0,43.0,210.031,,,0.8178,0.1822,,False,on_map_at_end
179,truck,322.0,,1478.0,,898.308,100.0,1338.0,140.0,1369.906,,,0.9053,0.0947,,False,on_map_at_end
1790,car,1564.0,,236.0,,1553.24,71.0,75.0,161.0,93.763,,,0.3178,0.6822,,False,on_map_at_end
1791,car,1565.0,,235.0,,415.626,89.0,165.0,70.0,181.733,,,0.7021,0.2979,,False,on_map_at_end
1792,car,1565.0,,235.0,,1110.155,100.0,124.0,111.0,133.728,,,0.5277,0.4723,,False,on_map_at_end
1793,truck,1565.0,,235.0,,118.957,92.0,210.0,25.0,220.719,,,0.8936,0.1064,,False,on_map_at_end
1794,car,1565.0,,235.0,,231.12,100.0,208.0,27.0,213.904,,,0.8851,0.1149,,False,on_map_at_end
1795,car,1566.0,,234.0,,769.434,100.0,149.0,85.0,162.719,,,0.6368,0.3632,,False,on_map_at_end
1796,car,1567.0,,233.0,,208.659,75.0,195.0,38.0,214.22,,,0.8369,0.1631,,False,on_map_at_end
1799,car,1580.0,,220.0,,614.094,100.0,156.0,64.0,163.995,,,0.7091,0.2909,,False,on_map_at_end
180,car,324.0,,1476.0,,751.476,100.0,1358.0,118.0,1402.643,,,0.9201,0.0799,,False,on_map_at_end
1800,car,1582.0,,218.0,,149.515,92.0,186.0,32.0,197.286,,,0.8532,0.1468,,False,on_map_at_end
1801,car,1584.0,,216.0,,1119.093,12.0,101.0,115.0,114.027,,,0.4676,0.5324,,False,on_map_at_end
1802,car,1584.0,,216.0,,336.468,100.0,171.0,45.0,176.658,,,0.7917,0.2083,,False,on_map_at_end
1803,truck,1584.0,,216.0,,1380.463,40.0,39.0,177.0,50.278,,,0.1806,0.8194,,False,on_map_at_end
1804,car,1585.0,,215.0,,1021.488,70.0,94.0,121.0,120.739,,,0.4372,0.5628,,False,on_map_at_end
1805,car,1587.0,,213.0,,1260.946,7.0,34.0,179.0,96.423,,,0.1596,0.8404,,False,on_map_at_end
1807,car,1590.0,,210.0,,213.969,96.0,177.0,33.0,185.652,,,0.8429,0.1571,,False,on_map_at_end
1808,truck,1591.0,,209.0,,1394.456,20.0,23.0,186.0,41.363,,,0.11,0.89,,False,on_map_at_end
1809,car,1591.0,,209.0,,1612.826,24.0,25.0,184.0,61.737,,,0.1196,0.8804,,False,on_map_at_end
181,car,327.0,,1473.0,,743.975,100.0,1359.0,114.0,1401.685,,,0.9226,0.0774,,False,on_map_at_end
1810,car,1592.0,,208.0,,1729.851,8.0,15.0,193.0,48.321,,,0.0721,0.9279,,False,on_map_at_end
1811,car,1593.0,,207.0,,862.491,87.0,105.0,102.0,128.982,,,0.5072,0.4928,,False,on_map_at_end
1812,car,1596.0,,204.0,,1515.823,0.0,0.0,204.0,17.234,,,0.0,1.0,,False,on_map_at_end
1813,truck,1597.0,,203.0,,200.968,96.0,170.0,33.0,178.091,,,0.8374,0.1626,,False,on_map_at_end
1814,car,1598.0,,202.0,,345.846,100.0,165.0,37.0,170.36,,,0.8168,0.1832,,False,on_map_at_end
1815,car,1600.0,,200.0,,67.238,88.0,180.0,20.0,191.867,,,0.9,0.1,,False,on_map_at_end
1816,car,1600.0,,200.0,,567.707,73.0,120.0,80.0,148.261,,,0.6,0.4,,False,on_map_at_end
1817,car,1601.0,,199.0,,748.814,46.0,118.0,81.0,131.215,,,0.593,0.407,,False,on_map_at_end
1818,truck,1601.0,,199.0,,1266.13,27.0,27.0,172.0,46.248,,,0.1357,0.8643,,False,on_map_at_end
1819,car,1603.0,,197.0,,1286.233,37.0,46.0,151.0,70.999,,,0.2335,0.7665,,False,on_map_at_end
1820,car,1606.0,,194.0,,1003.238,62.0,62.0,132.0,102.907,,,0.3196,0.6804,,False,on_map_at_end
1822,car,1608.0,,192.0,,147.357,95.0,166.0,26.0,175.415,,,0.8646,0.1354,,False,on_map_at_end
1823,truck,1608.0,,192.0,,1386.519,0.0,6.0,186.0,25.354,,,0.0312,0.9688,,False,on_map_at_end
1824,car,1610.0,,190.0,,539.382,83.0,109.0,81.0,141.158,,,0.5737,0.4263,,False,on_map_at_end
1827,car,1614.0,,186.0,,1011.039,68.0,67.0,119.0,87.197,,,0.3602,0.6398,,False,on_map_at_end
1828,truck,1616.0,,184.0,,63.73,100.0,171.0,13.0,176.349,,,0.9293,0.0707,,False,on_map_at_end
1829,car,1617.0,,183.0,,1278.732,27.0,30.0,153.0,60.559,,,0.1639,0.8361,,False,on_map_at_end
1831,car,1765.0,,35.0,,198.957,6.0,7.0,28.0,12.988,,,0.2,0.8,,False,on_map_at_end
1832,car,1618.0,,182.0,,616.609,94.0,109.0,73.0,120.867,,,0.5989,0.4011,,False,on_map_at_end
1835,car,1623.0,,177.0,,642.29,84.0,97.0,80.0,119.193,,,0.548,0.452,,False,on_map_at_end
1836,car,1628.0,,172.0,,374.451,87.0,122.0,50.0,138.299,,,0.7093,0.2907,,False,on_map_at_end
1837,car,1628.0,,172.0,,599.757,28.0,27.0,145.0,48.9,,,0.157,0.843,,False,on_map_at_end
1838,truck,1629.0,,171.0,,469.322,100.0,106.0,65.0,114.659,,,0.6199,0.3801,,False,on_map_at_end
1839,car,1629.0,,171.0,,325.582,87.0,121.0,50.0,141.583,,,0.7076,0.2924,,False,on_map_at_end
184,truck,333.0,,1467.0,,2078.737,100.0,1170.0,297.0,1211.21,,,0.7975,0.2025,,False,on_map_at_end
1840,car,1630.0,,170.0,,1585.364,0.0,3.0,167.0,23.543,,,0.0176,0.9824,,False,on_map_at_end
1841,car,1634.0,,166.0,,901.674,33.0,33.0,133.0,72.287,,,0.1988,0.8012,,False,on_map_at_end
1842,car,1635.0,,165.0,,257.923,87.0,125.0,40.0,141.09,,,0.7576,0.2424,,False,on_map_at_end
1845,car,1636.0,,164.0,,1355.587,13.0,12.0,152.0,27.99,,,0.0732,0.9268,,False,on_map_at_end
1846,car,1637.0,,163.0,,1692.963,0.0,0.0,163.0,10.632,,,0.0,1.0,,False,on_map_at_end
1847,car,1638.0,,162.0,,106.456,92.0,142.0,20.0,152.419,,,0.8765,0.1235,,False,on_map_at_end
1848,truck,1638.0,,162.0,,816.437,2.0,2.0,160.0,40.674,,,0.0123,0.9877,,False,on_map_at_end
1849,car,1639.0,,161.0,,132.503,94.0,135.0,26.0,148.803,,,0.8385,0.1615,,False,on_map_at_end
1850,car,1640.0,,160.0,,996.037,46.0,45.0,115.0,59.225,,,0.2812,0.7188,,False,on_map_at_end
1851,car,1643.0,,157.0,,854.468,61.0,60.0,97.0,76.806,,,0.3822,0.6178,,False,on_map_at_end
1853,truck,1644.0,,156.0,,565.408,40.0,76.0,80.0,87.94,,,0.4872,0.5128,,False,on_map_at_end
1854,car,1645.0,,155.0,,627.169,37.0,44.0,111.0,94.391,,,0.2839,0.7161,,False,on_map_at_end
1855,car,1647.0,,153.0,,201.158,76.0,117.0,36.0,134.896,,,0.7647,0.2353,,False,on_map_at_end
1856,car,1647.0,,153.0,,126.891,84.0,112.0,41.0,140.881,,,0.732,0.268,,False,on_map_at_end
1857,car,1649.0,,151.0,,850.796,27.0,26.0,125.0,40.668,,,0.1722,0.8278,,False,on_map_at_end
1858,truck,1649.0,,151.0,,1118.265,2.0,2.0,149.0,15.876,,,0.0132,0.9868,,False,on_map_at_end
1859,car,1650.0,,150.0,,255.901,86.0,105.0,45.0,126.969,,,0.7,0.3,,False,on_map_at_end
1861,car,1652.0,,148.0,,612.696,67.0,66.0,82.0,92.857,,,0.4459,0.5541,,False,on_map_at_end
1862,car,1653.0,,147.0,,607.365,65.0,64.0,83.0,91.748,,,0.4354,0.5646,,False,on_map_at_end
1864,car,1654.0,,146.0,,366.95,86.0,95.0,51.0,112.974,,,0.6507,0.3493,,False,on_map_at_end
1865,car,1655.0,,145.0,,112.408,100.0,129.0,16.0,134.883,,,0.8897,0.1103,,False,on_map_at_end
1867,car,1658.0,,142.0,,330.844,100.0,105.0,37.0,111.528,,,0.7394,0.2606,,False,on_map_at_end
1868,truck,1771.0,,29.0,,0.0,29.0,29.0,0.0,29.0,,,1.0,0.0,,False,on_map_at_end
1869,car,1665.0,,135.0,,1184.116,2.0,2.0,133.0,14.485,,,0.0148,0.9852,,False,on_map_at_end
1870,car,1666.0,,134.0,,712.308,26.0,27.0,107.0,45.414,,,0.2015,0.7985,,False,on_map_at_end
1871,car,1667.0,,133.0,,339.338,81.0,80.0,53.0,102.333,,,0.6015,0.3985,,False,on_map_at_end
1872,car,1668.0,,132.0,,193.657,76.0,96.0,36.0,114.571,,,0.7273,0.2727,,False,on_map_at_end
1873,truck,1668.0,,132.0,,110.025,100.0,116.0,16.0,118.792,,,0.8788,0.1212,,False,on_map_at_end
1874,car,1669.0,,131.0,,59.737,88.0,110.0,21.0,124.649,,,0.8397,0.1603,,False,on_map_at_end
1875,car,1670.0,,130.0,,653.843,55.0,54.0,76.0,67.706,,,0.4154,0.5846,,False,on_map_at_end
1876,car,1671.0,,129.0,,216.5,88.0,94.0,35.0,109.515,,,0.7287,0.2713,,False,on_map_at_end
1877,car,1671.0,,129.0,,1169.65,5.0,5.0,124.0,23.067,,,0.0388,0.9612,,False,on_map_at_end
1878,truck,1672.0,,128.0,,276.879,86.0,85.0,43.0,94.761,,,0.6641,0.3359,,False,on_map_at_end
1879,car,1673.0,,127.0,,975.534,8.0,7.0,120.0,28.062,,,0.0551,0.9449,,False,on_map_at_end
1880,car,1675.0,,125.0,,303.079,81.0,80.0,45.0,97.454,,,0.64,0.36,,False,on_map_at_end
1881,car,1680.0,,120.0,,575.062,44.0,44.0,76.0,56.246,,,0.3667,0.6333,,False,on_map_at_end
1882,car,1681.0,,119.0,,227.898,79.0,78.0,41.0,98.489,,,0.6555,0.3445,,False,on_map_at_end
1883,truck,1681.0,,119.0,,935.895,0.0,0.0,119.0,6.648,,,0.0,1.0,,False,on_map_at_end
1884,car,1681.0,,119.0,,909.889,21.0,20.0,99.0,33.091,,,0.1681,0.8319,,False,on_map_at_end
1885,car,1681.0,,119.0,,961.822,9.0,9.0,110.0,25.886,,,0.0756,0.9244,,False,on_map_at_end
1886,car,1682.0,,118.0,,433.917,54.0,53.0,65.0,60.591,,,0.4492,0.5508,,False,on_map_at_end
1887,car,1682.0,,118.0,,539.214,54.0,53.0,65.0,69.195,,,0.4492,0.5508,,False,on_map_at_end
1888,truck,1683.0,,117.0,,567.59,43.0,42.0,75.0,48.862,,,0.359,0.641,,False,on_map_at_end
1889,car,1684.0,,116.0,,46.659,92.0,102.0,14.0,109.813,,,0.8793,0.1207,,False,on_map_at_end
1890,car,1688.0,,112.0,,1065.938,8.0,7.0,105.0,15.42,,,0.0625,0.9375,,False,on_map_at_end
1891,car,1689.0,,111.0,,1139.052,0.0,0.0,111.0,7.406,,,0.0,1.0,,False,on_map_at_end
1893,truck,1693.0,,107.0,,854.548,0.0,0.0,107.0,4.413,,,0.0,1.0,,False,on_map_at_end
1894,car,1691.0,,109.0,,562.841,31.0,30.0,79.0,40.933,,,0.2752,0.7248,,False,on_map_at_end
1896,car,1692.0,,108.0,,322.171,66.0,65.0,43.0,78.83,,,0.6019,0.3981,,False,on_map_at_end
1897,car,1695.0,,105.0,,201.497,72.0,71.0,34.0,86.865,,,0.6762,0.3238,,False,on_map_at_end
1899,car,1696.0,,104.0,,547.839,26.0,25.0,79.0,40.397,,,0.2404,0.7596,,False,on_map_at_end
190,car,338.0,,1462.0,,736.474,100.0,1353.0,109.0,1387.443,,,0.9254,0.0746,,False,on_map_at_end
1902,car,1701.0,,99.0,,916.832,3.0,3.0,96.0,15.638,,,0.0303,0.9697,,False,on_map_at_end
1903,truck,1702.0,,98.0,,777.082,0.0,0.0,98.0,4.464,,,0.0,1.0,,False,on_map_at_end
1904,car,1702.0,,98.0,,457.188,49.0,48.0,50.0,56.853,,,0.4898,0.5102,,False,on_map_at_end
1905,car,1704.0,,96.0,,102.524,84.0,83.0,13.0,86.773,,,0.8646,0.1354,,False,on_map_at_end
1906,car,1704.0,,96.0,,880.228,1.0,1.0,95.0,15.884,,,0.0104,0.9896,,False,on_map_at_end
1907,car,1705.0,,95.0,,887.715,4.0,4.0,91.0,14.693,,,0.0421,0.9579,,False,on_map_at_end
1909,car,1708.0,,92.0,,816.559,0.0,0.0,92.0,18.509,,,0.0,1.0,,False,on_map_at_end
1910,car,1709.0,,91.0,,731.423,11.0,11.0,80.0,23.188,,,0.1209,0.8791,,False,on_map_at_end
1911,car,1709.0,,91.0,,789.901,0.0,0.0,91.0,9.718,,,0.0,1.0,,False,on_map_at_end
1912,car,1709.0,,91.0,,323.342,56.0,55.0,36.0,60.682,,,0.6044,0.3956,,False,on_map_at_end
1913,truck,1711.0,,89.0,,76.947,78.0,77.0,12.0,79.763,,,0.8652,0.1348,,False,on_map_at_end
1914,car,1712.0,,88.0,,39.158,80.0,79.0,9.0,83.832,,,0.8977,0.1023,,False,on_map_at_end
1915,car,1712.0,,88.0,,331.837,49.0,48.0,40.0,57.505,,,0.5455,0.4545,,False,on_map_at_end
1916,car,1712.0,,88.0,,95.023,76.0,75.0,13.0,79.448,,,0.8523,0.1477,,False,on_map_at_end
1917,car,1713.0,,87.0,,862.461,0.0,0.0,87.0,4.972,,,0.0,1.0,,False,on_map_at_end
1918,truck,1715.0,,85.0,,574.469,5.0,4.0,81.0,13.129,,,0.0471,0.9529,,False,on_map_at_end
1919,car,1715.0,,85.0,,859.243,1.0,1.0,84.0,7.595,,,0.0118,0.9882,,False,on_map_at_end
192,car,339.0,,1461.0,,555.257,100.0,1358.0,103.0,1411.026,,,0.9295,0.0705,,False,on_map_at_end
1921,car,1716.0,,84.0,,582.596,1.0,0.0,84.0,8.139,,,0.0,1.0,,False,on_map_at_end
1922,car,1716.0,,84.0,,359.449,47.0,46.0,38.0,51.649,,,0.5476,0.4524,,False,on_map_at_end
1923,truck,1718.0,,82.0,,616.677,0.0,0.0,82.0,7.6,,,0.0,1.0,,False,on_map_at_end
1924,car,1723.0,,77.0,,600.351,0.0,0.0,77.0,21.834,,,0.0,1.0,,False,on_map_at_end
1925,car,1724.0,,76.0,,717.916,0.0,0.0,76.0,4.48,,,0.0,1.0,,False,on_map_at_end
1926,car,1730.0,,70.0,,186.156,49.0,48.0,22.0,53.246,,,0.6857,0.3143,,False,on_map_at_end
1927,car,1731.0,,69.0,,601.152,0.0,0.0,69.0,7.059,,,0.0,1.0,,False,on_map_at_end
1928,truck,1732.0,,68.0,,507.849,0.0,0.0,68.0,5.608,,,0.0,1.0,,False,on_map_at_end
1929,car,1732.0,,68.0,,531.274,8.0,8.0,60.0,19.497,,,0.1176,0.8824,,False,on_map_at_end
1930,car,1734.0,,66.0,,688.801,0.0,0.0,66.0,3.096,,,0.0,1.0,,False,on_map_at_end
1931,car,1736.0,,64.0,,455.13,19.0,18.0,46.0,23.038,,,0.2812,0.7188,,False,on_map_at_end
1932,car,1737.0,,63.0,,656.762,0.0,0.0,63.0,3.891,,,0.0,1.0,,False,on_map_at_end
1933,truck,1739.0,,61.0,,480.779,0.0,0.0,61.0,3.047,,,0.0,1.0,,False,on_map_at_end
1934,car,1740.0,,60.0,,538.302,4.0,4.0,56.0,10.874,,,0.0667,0.9333,,False,on_map_at_end
1935,car,1740.0,,60.0,,391.869,8.0,7.0,53.0,19.305,,,0.1167,0.8833,,False,on_map_at_end
1936,car,1740.0,,60.0,,320.851,0.0,0.0,60.0,4.82,,,0.0,1.0,,False,on_map_at_end
1937,car,1740.0,,60.0,,308.34,27.0,26.0,34.0,31.69,,,0.4333,0.5667,,False,on_map_at_end
1938,truck,1741.0,,59.0,,467.724,0.0,0.0,59.0,2.851,,,0.0,1.0,,False,on_map_at_end
1939,car,1742.0,,58.0,,590.653,0.0,0.0,58.0,4.337,,,0.0,1.0,,False,on_map_at_end
1940,car,1743.0,,57.0,,465.21,0.0,0.0,57.0,6.469,,,0.0,1.0,,False,on_map_at_end
1941,car,1744.0,,56.0,,69.446,45.0,44.0,12.0,47.929,,,0.7857,0.2143,,False,on_map_at_end
1942,car,1745.0,,55.0,,479.989,5.0,4.0,51.0,10.506,,,0.0727,0.9273,,False,on_map_at_end
1943,truck,1745.0,,55.0,,15.178,52.0,51.0,4.0,53.098,,,0.9273,0.0727,,False,on_map_at_end
1944,car,1746.0,,54.0,,112.748,38.0,37.0,17.0,40.022,,,0.6852,0.3148,,False,on_map_at_end
1945,car,1747.0,,53.0,,539.196,0.0,0.0,53.0,4.288,,,0.0,1.0,,False,on_map_at_end
1946,car,1749.0,,51.0,,421.036,7.0,7.0,44.0,12.811,,,0.1373,0.8627,,False,on_map_at_end
1947,car,1750.0,,50.0,,355.782,0.0,0.0,50.0,5.077,,,0.0,1.0,,False,on_map_at_end
1948,truck,1751.0,,49.0,,380.191,0.0,0.0,49.0,3.142,,,0.0,1.0,,False,on_map_at_end
1949,car,1752.0,,48.0,,121.452,32.0,31.0,17.0,36.762,,,0.6458,0.3542,,False,on_map_at_end
195,car,341.0,,1459.0,,1090.219,100.0,1325.0,134.0,1357.928,,,0.9082,0.0918,,False,on_map_at_end
1950,car,1755.0,,45.0,,478.129,0.0,0.0,45.0,1.968,,,0.0,1.0,,False,on_map_at_end
1951,car,1756.0,,44.0,,403.859,5.0,4.0,40.0,7.652,,,0.0909,0.9091,,False,on_map_at_end
1952,car,1756.0,,44.0,,359.339,9.0,8.0,36.0,11.414,,,0.1818,0.8182,,False,on_map_at_end
1953,truck,1756.0,,44.0,,241.561,2.0,2.0,42.0,12.856,,,0.0455,0.9545,,False,on_map_at_end
1954,car,1758.0,,42.0,,178.655,23.0,22.0,20.0,25.921,,,0.5238,0.4762,,False,on_map_at_end
1956,car,1762.0,,38.0,,173.618,2.0,2.0,36.0,8.485,,,0.0526,0.9474,,False,on_map_at_end
1957,car,1763.0,,37.0,,351.831,2.0,1.0,36.0,5.174,,,0.027,0.973,,False,on_map_at_end
1958,truck,1765.0,,35.0,,278.548,0.0,0.0,35.0,1.561,,,0.0,1.0,,False,on_map_at_end
1959,car,1765.0,,35.0,,269.328,0.0,0.0,35.0,4.864,,,0.0,1.0,,False,on_map_at_end
196,car,341.0,,1459.0,,1125.633,100.0,1261.0,198.0,1305.383,,,0.8643,0.1357,,False,on_map_at_end
1960,car,1766.0,,34.0,,344.715,0.0,0.0,34.0,1.563,,,0.0,1.0,,False,on_map_at_end
1961,car,1767.0,,33.0,,268.659,5.0,4.0,29.0,8.82,,,0.1212,0.8788,,False,on_map_at_end
1962,car,1769.0,,31.0,,160.479,1.0,1.0,30.0,8.643,,,0.0323,0.9677,,False,on_map_at_end
1963,truck,1773.0,,27.0,,215.474,0.0,0.0,27.0,1.133,,,0.0,1.0,,False,on_map_at_end
1964,car,1775.0,,25.0,,186.467,5.0,6.0,19.0,8.218,,,0.24,0.76,,False,on_map_at_end
1965,car,1776.0,,24.0,,254.99,0.0,0.0,24.0,1.051,,,0.0,1.0,,False,on_map_at_end
1966,car,1777.0,,23.0,,31.657,14.0,13.0,10.0,19.151,,,0.5652,0.4348,,False,on_map_at_end
1967,car,1779.0,,21.0,,200.863,0.0,0.0,21.0,2.922,,,0.0,1.0,,False,on_map_at_end
1968,truck,1781.0,,19.0,,97.379,4.0,3.0,16.0,6.867,,,0.1579,0.8421,,False,on_map_at_end
1969,car,1784.0,,16.0,,101.999,1.0,1.0,15.0,5.905,,,0.0625,0.9375,,False,on_map_at_end
1970,car,1784.0,,16.0,,170.601,0.0,0.0,16.0,0.646,,,0.0,1.0,,False,on_map_at_end
1971,car,1786.0,,14.0,,125.928,0.0,0.0,14.0,0.786,,,0.0,1.0,,False,on_map_at_end
1972,car,1787.0,,13.0,,98.805,0.0,0.0,13.0,1.503,,,0.0,1.0,,False,on_map_at_end
1973,truck,1790.0,,10.0,,69.394,0.0,0.0,10.0,1.669,,,0.0,1.0,,False,on_map_at_end
1974,car,1790.0,,10.0,,106.263,0.0,0.0,10.0,0.436,,,0.0,1.0,,False,on_map_at_end
1975,car,1790.0,,10.0,,107.105,0.0,0.0,10.0,0.36,,,0.0,1.0,,False,on_map_at_end
1976,car,1791.0,,9.0,,59.558,0.0,0.0,9.0,3.64,,,0.0,1.0,,False,on_map_at_end
1977,car,1791.0,,9.0,,95.756,0.0,0.0,9.0,0.382,,,0.0,1.0,,False,on_map_at_end
1978,truck,1792.0,,8.0,,54.053,0.0,0.0,8.0,1.511,,,0.0,1.0,,False,on_map_at_end
1979,car,1794.0,,6.0,,63.119,0.0,0.0,6.0,0.319,,,0.0,1.0,,False,on_map_at_end
1980,car,1794.0,,6.0,,28.805,0.0,1.0,5.0,3.408,,,0.1667,0.8333,,False,on_map_at_end
1981,car,1799.0,,1.0,,11.013,0.0,0.0,1.0,0.009,,,0.0,1.0,,False,on_map_at_end
1982,car,1799.0,,1.0,,5.98,0.0,0.0,1.0,0.462,,,0.0,1.0,,False,on_map_at_end
201,car,351.0,,1449.0,,890.807,100.0,1330.0,119.0,1368.433,,,0.9179,0.0821,,False,on_map_at_end
208,car,365.0,,1435.0,,870.469,100.0,1307.0,128.0,1342.887,,,0.9108,0.0892,,False,on_map_at_end
21,car,35.0,,1765.0,,1475.796,100.0,1585.0,180.0,1625.614,,,0.898,0.102,,False,on_map_at_end
218,car,382.0,,1418.0,,646.991,100.0,1320.0,98.0,1354.794,,,0.9309,0.0691,,False,on_map_at_end
224,truck,390.0,,1410.0,,857.304,100.0,1264.0,146.0,1306.973,,,0.8965,0.1035,,False,on_map_at_end
225,car,390.0,,1410.0,,2029.952,87.0,1137.0,273.0,1172.917,,,0.8064,0.1936,,False,on_map_at_end
226,car,391.0,,1409.0,,2235.648,100.0,1150.0,259.0,1207.153,,,0.8162,0.1838,,False,on_map_at_end
229,truck,393.0,,1407.0,,1917.447,100.0,1139.0,268.0,1177.754,,,0.8095,0.1905,,False,on_map_at_end
231,car,400.0,,1400.0,,569.057,100.0,1303.0,97.0,1336.308,,,0.9307,0.0693,,False,on_map_at_end
24,truck,38.0,,1762.0,,2119.368,100.0,1464.0,298.0,1508.865,,,0.8309,0.1691,,False,on_map_at_end
241,car,414.0,,1386.0,,1809.226,100.0,1145.0,241.0,1207.747,,,0.8261,0.1739,,False,on_map_at_end
242,car,416.0,,1384.0,,581.945,100.0,1287.0,97.0,1331.624,,,0.9299,0.0701,,False,on_map_at_end
247,car,423.0,,1377.0,,946.457,100.0,1251.0,126.0,1288.358,,,0.9085,0.0915,,False,on_map_at_end
248,car,428.0,,1372.0,,849.803,100.0,1248.0,124.0,1295.254,,,0.9096,0.0904,,False,on_map_at_end
251,car,429.0,,1371.0,,1628.792,92.0,1156.0,215.0,1224.315,,,0.8432,0.1568,,False,on_map_at_end
254,truck,435.0,,1365.0,,2021.359,98.0,1027.0,338.0,1121.737,,,0.7524,0.2476,,False,on_map_at_end
255,car,435.0,,1365.0,,676.808,100.0,1267.0,98.0,1300.19,,,0.9282,0.0718,,False,on_map_at_end
257,car,437.0,,1363.0,,2281.322,100.0,1096.0,267.0,1155.157,,,0.8041,0.1959,,False,on_map_at_end
260,car,438.0,,1362.0,,2099.879,100.0,1119.0,243.0,1172.397,,,0.8216,0.1784,,False,on_map_at_end
261,car,440.0,,1360.0,,1794.224,100.0,1124.0,236.0,1182.317,,,0.8265,0.1735,,False,on_map_at_end
263,car,443.0,,1357.0,,1652.655,100.0,1141.0,216.0,1201.868,,,0.8408,0.1592,,False,on_map_at_end
269,truck,447.0,,1353.0,,364.722,100.0,1278.0,75.0,1309.216,,,0.9446,0.0554,,False,on_map_at_end
270,car,449.0,,1351.0,,668.169,100.0,1258.0,93.0,1287.499,,,0.9312,0.0688,,False,on_map_at_end
271,car,449.0,,1351.0,,1861.887,100.0,1101.0,250.0,1171.932,,,0.815,0.185,,False,on_map_at_end
273,car,450.0,,1350.0,,501.251,100.0,1261.0,89.0,1304.887,,,0.9341,0.0659,,False,on_map_at_end
276,car,453.0,,1347.0,,842.302,100.0,1218.0,129.0,1270.718,,,0.9042,0.0958,,False,on_map_at_end
278,car,454.0,,1346.0,,646.198,100.0,1254.0,92.0,1285.235,,,0.9316,0.0684,,False,on_map_at_end
281,car,462.0,,1338.0,,463.579,100.0,1273.0,65.0,1295.862,,,0.9514,0.0486,,False,on_map_at_end
283,car,466.0,,1334.0,,1786.723,100.0,1105.0,229.0,1166.212,,,0.8283,0.1717,,False,on_map_at_end
286,car,468.0,,1332.0,,361.029,92.0,1280.0,52.0,1300.047,,,0.961,0.039,,False,on_map_at_end
287,car,469.0,,1331.0,,1907.685,7.0,1114.0,217.0,1156.866,,,0.837,0.163,,False,on_map_at_end
288,car,470.0,,1330.0,,917.788,100.0,1206.0,124.0,1240.287,,,0.9068,0.0932,,False,on_map_at_end
289,truck,471.0,,1329.0,,1047.327,96.0,1162.0,167.0,1203.152,,,0.8743,0.1257,,False,on_map_at_end
29,truck,49.0,,1751.0,,2640.386,94.0,1375.0,376.0,1437.412,,,0.7853,0.2147,,False,on_map_at_end
290,car,472.0,,1328.0,,1292.695,100.0,1141.0,187.0,1211.664,,,0.8592,0.1408,,False,on_map_at_end
292,car,475.0,,1325.0,,933.151,100.0,1187.0,138.0,1240.665,,,0.8958,0.1042,,False,on_map_at_end
295,car,481.0,,1319.0,,493.75,100.0,1233.0,86.0,1274.562,,,0.9348,0.0652,,False,on_map_at_end
299,truck,482.0,,1318.0,,1455.167,100.0,1102.0,216.0,1143.261,,,0.8361,0.1639,,False,on_map_at_end
302,car,484.0,,1316.0,,1089.023,44.0,1178.0,138.0,1218.09,,,0.8951,0.1049,,False,on_map_at_end
303,car,484.0,,1316.0,,584.059,100.0,1226.0,90.0,1256.349,,,0.9316,0.0684,,False,on_map_at_end
309,truck,492.0,,1308.0,,732.317,100.0,1178.0,130.0,1219.946,,,0.9006,0.0994,,False,on_map_at_end
310,car,495.0,,1305.0,,653.167,100.0,1208.0,97.0,1241.735,,,0.9257,0.0743,,False,on_map_at_end
312,car,498.0,,1302.0,,1102.191,100.0,1158.0,144.0,1195.22,,,0.8894,0.1106,,False,on_map_at_end
314,truck,498.0,,1302.0,,625.696,100.0,1195.0,107.0,1226.169,,,0.9178,0.0822,,False,on_map_at_end
317,car,504.0,,1296.0,,716.29,90.0,1197.0,99.0,1232.073,,,0.9236,0.0764,,False,on_map_at_end
319,truck,507.0,,1293.0,,821.8,100.0,1148.0,145.0,1194.091,,,0.8879,0.1121,,False,on_map_at_end
320,car,507.0,,1293.0,,632.665,100.0,1195.0,98.0,1231.263,,,0.9242,0.0758,,False,on_map_at_end
323,car,509.0,,1291.0,,993.478,100.0,1135.0,156.0,1184.843,,,0.8792,0.1208,,False,on_map_at_end
326,car,512.0,,1288.0,,2211.039,100.0,1012.0,276.0,1086.368,,,0.7857,0.2143,,False,on_map_at_end
327,car,512.0,,1288.0,,352.898,94.0,1229.0,59.0,1254.397,,,0.9542,0.0458,,False,on_map_at_end
328,car,513.0,,1287.0,,1327.516,100.0,1122.0,165.0,1161.573,,,0.8718,0.1282,,False,on_map_at_end
330,car,515.0,,1285.0,,2197.029,100.0,1003.0,282.0,1086.018,,,0.7805,0.2195,,False,on_map_at_end
337,car,530.0,,1270.0,,844.907,100.0,1149.0,121.0,1193.701,,,0.9047,0.0953,,False,on_map_at_end
341,car,534.0,,1266.0,,1454.375,100.0,1082.0,184.0,1127.773,,,0.8547,0.1453,,False,on_map_at_end
350,car,540.0,,1260.0,,1327.696,100.0,1090.0,170.0,1136.466,,,0.8651,0.1349,,False,on_map_at_end
353,car,543.0,,1257.0,,821.211,100.0,1105.0,152.0,1156.592,,,0.8791,0.1209,,False,on_map_at_end
355,car,545.0,,1255.0,,1847.781,100.0,1021.0,234.0,1079.227,,,0.8135,0.1865,,False,on_map_at_end
359,truck,550.0,,1250.0,,1557.017,96.0,995.0,255.0,1053.123,,,0.796,0.204,,False,on_map_at_end
361,car,554.0,,1246.0,,613.398,100.0,1138.0,108.0,1190.794,,,0.9133,0.0867,,False,on_map_at_end
362,car,555.0,,1245.0,,2192.98,100.0,985.0,260.0,1039.199,,,0.7912,0.2088,,False,on_map_at_end
363,car,556.0,,1244.0,,1455.477,94.0,1061.0,183.0,1113.006,,,0.8529,0.1471,,False,on_map_at_end
365,car,556.0,,1244.0,,889.785,100.0,1120.0,124.0,1159.388,,,0.9003,0.0997,,False,on_map_at_end
367,car,561.0,,1239.0,,607.539,100.0,1158.0,81.0,1182.893,,,0.9346,0.0654,,False,on_map_at_end
37,car,65.0,,1735.0,,956.978,100.0,1601.0,134.0,1637.932,,,0.9228,0.0772,,False,on_map_at_end
373,car,566.0,,1234.0,,1980.613,100.0,977.0,257.0,1054.125,,,0.7917,0.2083,,False,on_map_at_end
374,truck,568.0,,1232.0,,321.169,100.0,1167.0,65.0,1193.444,,,0.9472,0.0528,,False,on_map_at_end
377,car,573.0,,1227.0,,812.722,100.0,1112.0,115.0,1153.854,,,0.9063,0.0937,,False,on_map_at_end
378,car,586.0,,1214.0,,2102.846,100.0,964.0,250.0,1022.836,,,0.7941,0.2059,,False,on_map_at_end
380,car,577.0,,1223.0,,438.788,100.0,1137.0,86.0,1165.909,,,0.9297,0.0703,,False,on_map_at_end
381,car,579.0,,1221.0,,1906.914,100.0,989.0,232.0,1049.232,,,0.81,0.19,,False,on_map_at_end
382,car,581.0,,1219.0,,2191.224,100.0,953.0,266.0,1019.848,,,0.7818,0.2182,,False,on_map_at_end
384,truck,584.0,,1216.0,,1100.136,93.0,1036.0,180.0,1083.541,,,0.852,0.148,,False,on_map_at_end
385,car,586.0,,1214.0,,600.038,99.0,1131.0,83.0,1158.685,,,0.9316,0.0684,,False,on_map_at_end
387,car,590.0,,1210.0,,508.569,97.0,1129.0,81.0,1163.882,,,0.9331,0.0669,,False,on_map_at_end
389,truck,591.0,,1209.0,,656.168,100.0,1080.0,129.0,1130.228,,,0.8933,0.1067,,False,on_map_at_end
390,car,591.0,,1209.0,,784.899,100.0,1104.0,105.0,1138.266,,,0.9132,0.0868,,False,on_map_at_end
391,car,594.0,,1206.0,,1694.029,100.0,993.0,213.0,1047.824,,,0.8234,0.1766,,False,on_map_at_end
395,car,599.0,,1201.0,,539.372,100.0,1116.0,85.0,1145.063,,,0.9292,0.0708,,False,on_map_at_end
398,car,602.0,,1198.0,,1240.512,100.0,1006.0,192.0,1065.717,,,0.8397,0.1603,,False,on_map_at_end
401,car,602.0,,1198.0,,1444.301,95.0,1001.0,197.0,1058.814,,,0.8356,0.1644,,False,on_map_at_end
402,car,603.0,,1197.0,,1332.809,94.0,1011.0,186.0,1074.087,,,0.8446,0.1554,,False,on_map_at_end
403,car,603.0,,1197.0,,1546.955,98.0,968.0,229.0,1038.34,,,0.8087,0.1913,,False,on_map_at_end
405,car,604.0,,1196.0,,592.537,98.0,1113.0,83.0,1141.911,,,0.9306,0.0694,,False,on_map_at_end
409,truck,607.0,,1193.0,,857.539,100.0,1062.0,131.0,1089.843,,,0.8902,0.1098,,False,on_map_at_end
410,car,608.0,,1192.0,,1864.108,45.0,983.0,209.0,1019.478,,,0.8247,0.1753,,False,on_map_at_end
411,car,608.0,,1192.0,,585.036,96.0,1105.0,87.0,1137.94,,,0.927,0.073,,False,on_map_at_end
415,car,612.0,,1188.0,,642.139,100.0,1087.0,101.0,1124.859,,,0.915,0.085,,False,on_map_at_end
418,car,613.0,,1187.0,,1856.607,43.0,976.0,211.0,1018.31,,,0.8222,0.1778,,False,on_map_at_end
419,truck,613.0,,1187.0,,942.265,100.0,1030.0,157.0,1075.204,,,0.8677,0.1323,,False,on_map_at_end
42,car,75.0,,1725.0,,1035.157,100.0,1592.0,133.0,1631.835,,,0.9229,0.0771,,False,on_map_at_end
421,car,613.0,,1187.0,,317.544,100.0,1122.0,65.0,1158.285,,,0.9452,0.0548,,False,on_map_at_end
423,car,614.0,,1186.0,,505.436,100.0,1076.0,110.0,1140.51,,,0.9073,0.0927,,False,on_map_at_end
426,car,615.0,,1185.0,,790.219,100.0,1068.0,117.0,1113.88,,,0.9013,0.0987,,False,on_map_at_end
427,car,615.0,,1185.0,,2029.307,99.0,937.0,248.0,1001.958,,,0.7907,0.2093,,False,on_map_at_end
428,car,617.0,,1183.0,,482.148,96.0,1090.0,93.0,1139.606,,,0.9214,0.0786,,False,on_map_at_end
431,car,619.0,,1181.0,,493.567,95.0,1087.0,94.0,1135.759,,,0.9204,0.0796,,False,on_map_at_end
432,car,619.0,,1181.0,,310.043,100.0,1114.0,67.0,1152.631,,,0.9433,0.0567,,False,on_map_at_end
433,car,619.0,,1181.0,,2417.007,100.0,867.0,314.0,958.651,,,0.7341,0.2659,,False,on_map_at_end
437,car,621.0,,1179.0,,2199.688,100.0,908.0,271.0,973.37,,,0.7701,0.2299,,False,on_map_at_end
44,truck,82.0,,1718.0,,1946.031,0.0,1450.0,268.0,1483.36,,,0.844,0.156,,False,on_map_at_end
440,car,622.0,,1178.0,,468.06,100.0,1091.0,87.0,1130.457,,,0.9261,0.0739,,False,on_map_at_end
441,car,622.0,,1178.0,,2037.338,100.0,910.0,268.0,993.084,,,0.7725,0.2275,,False,on_map_at_end
444,truck,624.0,,1176.0,,764.397,100.0,1047.0,129.0,1084.236,,,0.8903,0.1097,,False,on_map_at_end
445,car,625.0,,1175.0,,756.896,100.0,1044.0,131.0,1106.566,,,0.8885,0.1115,,False,on_map_at_end
446,car,625.0,,1175.0,,676.108,100.0,1063.0,112.0,1114.15,,,0.9047,0.0953,,False,on_map_at_end
447,car,625.0,,1175.0,,2029.837,100.0,912.0,263.0,990.819,,,0.7762,0.2238,,False,on_map_at_end
448,car,627.0,,1173.0,,879.919,97.0,1024.0,149.0,1085.392,,,0.873,0.127,,False,on_map_at_end
449,truck,627.0,,1173.0,,698.226,97.0,1033.0,140.0,1089.179,,,0.8806,0.1194,,False,on_map_at_end
450,car,628.0,,1172.0,,749.395,100.0,1044.0,128.0,1104.083,,,0.8908,0.1092,,False,on_map_at_end
452,car,630.0,,1170.0,,515.136,100.0,1097.0,73.0,1123.637,,,0.9376,0.0624,,False,on_map_at_end
453,car,632.0,,1168.0,,317.977,100.0,1114.0,54.0,1138.861,,,0.9538,0.0462,,False,on_map_at_end
456,car,632.0,,1168.0,,1475.279,46.0,999.0,169.0,1028.406,,,0.8553,0.1447,,False,on_map_at_end
457,car,633.0,,1167.0,,1064.448,100.0,1015.0,152.0,1064.415,,,0.8698,0.1302,,False,on_map_at_end
460,car,634.0,,1166.0,,2192.187,100.0,895.0,271.0,950.887,,,0.7676,0.2324,,False,on_map_at_end
461,car,635.0,,1165.0,,507.635,100.0,1089.0,76.0,1119.312,,,0.9348,0.0652,,False,on_map_at_end
466,car,638.0,,1162.0,,1501.693,100.0,945.0,217.0,1010.428,,,0.8133,0.1867,,False,on_map_at_end
471,car,639.0,,1161.0,,366.218,100.0,1094.0,67.0,1128.04,,,0.9423,0.0577,,False,on_map_at_end
476,car,643.0,,1157.0,,577.535,94.0,1074.0,83.0,1104.399,,,0.9283,0.0717,,False,on_map_at_end
48,car,87.0,,1713.0,,2242.859,88.0,1387.0,326.0,1434.219,,,0.8097,0.1903,,False,on_map_at_end
480,car,649.0,,1151.0,,1306.974,3.0,979.0,172.0,1019.537,,,0.8506,0.1494,,False,on_map_at_end
483,car,649.0,,1151.0,,306.167,100.0,1074.0,77.0,1103.709,,,0.9331,0.0669,,False,on_map_at_end
485,car,651.0,,1149.0,,1630.531,100.0,929.0,220.0,990.453,,,0.8085,0.1915,,False,on_map_at_end
487,car,655.0,,1145.0,,747.213,91.0,1012.0,133.0,1077.75,,,0.8838,0.1162,,False,on_map_at_end
488,car,656.0,,1144.0,,423.786,100.0,1058.0,86.0,1093.177,,,0.9248,0.0752,,False,on_map_at_end
490,car,659.0,,1141.0,,552.409,94.0,1056.0,85.0,1091.283,,,0.9255,0.0745,,False,on_map_at_end
493,car,660.0,,1140.0,,1987.434,100.0,902.0,238.0,959.772,,,0.7912,0.2088,,False,on_map_at_end
496,car,664.0,,1136.0,,741.894,100.0,1027.0,109.0,1068.396,,,0.904,0.096,,False,on_map_at_end
497,car,664.0,,1136.0,,1443.686,100.0,929.0,207.0,991.751,,,0.8178,0.1822,,False,on_map_at_end
498,car,837.0,,963.0,,243.702,100.0,907.0,56.0,941.517,,,0.9418,0.0582,,False,on_map_at_end
502,car,666.0,,1134.0,,1041.945,100.0,989.0,145.0,1034.725,,,0.8721,0.1279,,False,on_map_at_end
504,truck,667.0,,1133.0,,462.784,96.0,1015.0,118.0,1073.968,,,0.8959,0.1041,,False,on_map_at_end
506,car,668.0,,1132.0,,473.065,93.0,1036.0,96.0,1089.097,,,0.9152,0.0848,,False,on_map_at_end
507,car,669.0,,1131.0,,1034.444,100.0,983.0,148.0,1028.078,,,0.8691,0.1309,,False,on_map_at_end
509,truck,672.0,,1128.0,,539.408,93.0,1030.0,98.0,1063.245,,,0.9131,0.0869,,False,on_map_at_end
510,car,673.0,,1127.0,,531.907,92.0,1025.0,102.0,1079.128,,,0.9095,0.0905,,False,on_map_at_end
512,car,675.0,,1125.0,,403.284,100.0,1042.0,83.0,1078.454,,,0.9262,0.0738,,False,on_map_at_end
513,car,676.0,,1124.0,,728.742,94.0,1001.0,123.0,1048.977,,,0.8906,0.1094,,False,on_map_at_end
514,truck,678.0,,1122.0,,1945.447,100.0,827.0,295.0,887.429,,,0.7371,0.2629,,False,on_map_at_end
515,car,680.0,,1120.0,,613.887,100.0,1009.0,111.0,1059.285,,,0.9009,0.0991,,False,on_map_at_end
516,car,680.0,,1120.0,,395.783,100.0,1028.0,92.0,1066.973,,,0.9179,0.0821,,False,on_map_at_end
517,car,681.0,,1119.0,,751.688,100.0,1023.0,96.0,1050.601,,,0.9142,0.0858,,False,on_map_at_end
518,car,682.0,,1118.0,,524.406,90.0,1019.0,99.0,1070.803,,,0.9114,0.0886,,False,on_map_at_end
519,truck,682.0,,1118.0,,1316.903,0.0,898.0,220.0,939.871,,,0.8032,0.1968,,False,on_map_at_end
521,car,684.0,,1116.0,,1026.943,100.0,972.0,144.0,1016.781,,,0.871,0.129,,False,on_map_at_end
529,truck,687.0,,1113.0,,285.665,100.0,1046.0,67.0,1077.82,,,0.9398,0.0602,,False,on_map_at_end
530,car,689.0,,1111.0,,360.825,95.0,1025.0,86.0,1078.409,,,0.9226,0.0774,,False,on_map_at_end
532,car,690.0,,1110.0,,1400.472,100.0,931.0,179.0,976.929,,,0.8387,0.1613,,False,on_map_at_end
533,car,690.0,,1110.0,,1010.091,98.0,921.0,189.0,976.327,,,0.8297,0.1703,,False,on_map_at_end
534,truck,691.0,,1109.0,,1548.01,100.0,873.0,236.0,918.317,,,0.7872,0.2128,,False,on_map_at_end
535,car,691.0,,1109.0,,375.281,100.0,1019.0,90.0,1060.703,,,0.9188,0.0812,,False,on_map_at_end
537,car,691.0,,1109.0,,1382.262,100.0,927.0,182.0,980.514,,,0.8359,0.1641,,False,on_map_at_end
538,car,691.0,,1109.0,,1516.689,100.0,868.0,241.0,969.299,,,0.7827,0.2173,,False,on_map_at_end
543,car,696.0,,1104.0,,607.183,94.0,1000.0,104.0,1048.579,,,0.9058,0.0942,,False,on_map_at_end
547,car,700.0,,1100.0,,367.78,100.0,1014.0,86.0,1057.032,,,0.9218,0.0782,,False,on_map_at_end
548,car,700.0,,1100.0,,1436.185,100.0,901.0,199.0,967.476,,,0.8191,0.1809,,False,on_map_at_end
550,car,701.0,,1099.0,,1019.442,99.0,950.0,149.0,1001.288,,,0.8644,0.1356,,False,on_map_at_end
551,car,702.0,,1098.0,,458.063,92.0,1007.0,91.0,1055.996,,,0.9171,0.0829,,False,on_map_at_end
552,car,703.0,,1097.0,,446.644,92.0,1011.0,86.0,1056.802,,,0.9216,0.0784,,False,on_map_at_end
555,car,706.0,,1094.0,,516.905,89.0,1003.0,91.0,1047.478,,,0.9168,0.0832,,False,on_map_at_end
556,car,708.0,,1092.0,,509.404,89.0,1001.0,91.0,1046.153,,,0.9167,0.0833,,False,on_map_at_end
557,car,708.0,,1092.0,,714.708,100.0,981.0,111.0,1027.466,,,0.8984,0.1016,,False,on_map_at_end
559,truck,710.0,,1090.0,,496.403,89.0,985.0,105.0,1030.408,,,0.9037,0.0963,,False,on_map_at_end
560,car,709.0,,1091.0,,2234.169,100.0,823.0,268.0,882.819,,,0.7544,0.2456,,False,on_map_at_end
561,car,710.0,,1090.0,,295.474,100.0,1040.0,50.0,1062.955,,,0.9541,0.0459,,False,on_map_at_end
564,truck,711.0,,1089.0,,257.662,100.0,1020.0,69.0,1058.068,,,0.9366,0.0634,,False,on_map_at_end
565,car,712.0,,1088.0,,640.93,93.0,981.0,107.0,1029.097,,,0.9017,0.0983,,False,on_map_at_end
566,car,713.0,,1087.0,,619.636,100.0,983.0,104.0,1023.392,,,0.9043,0.0957,,False,on_map_at_end
569,truck,715.0,,1085.0,,708.645,92.0,943.0,142.0,997.715,,,0.8691,0.1309,,False,on_map_at_end
57,car,100.0,,1700.0,,557.405,100.0,1583.0,117.0,1627.495,,,0.9312,0.0688,,False,on_map_at_end
573,car,717.0,,1083.0,,440.281,93.0,985.0,98.0,1034.352,,,0.9095,0.0905,,False,on_map_at_end
576,car,719.0,,1081.0,,254.043,100.0,1035.0,46.0,1058.136,,,0.9574,0.0426,,False,on_map_at_end
580,car,722.0,,1078.0,,488.902,90.0,984.0,94.0,1033.998,,,0.9128,0.0872,,False,on_map_at_end
581,car,723.0,,1077.0,,360.279,100.0,1006.0,71.0,1041.393,,,0.9341,0.0659,,False,on_map_at_end
584,truck,726.0,,1074.0,,595.976,85.0,937.0,137.0,1002.454,,,0.8724,0.1276,,False,on_map_at_end
586,car,728.0,,1072.0,,569.678,89.0,961.0,111.0,1020.409,,,0.8965,0.1035,,False,on_map_at_end
593,car,730.0,,1070.0,,671.438,100.0,978.0,92.0,1010.067,,,0.914,0.086,,False,on_map_at_end
594,truck,734.0,,1066.0,,557.896,91.0,945.0,121.0,998.788,,,0.8865,0.1135,,False,on_map_at_end
595,car,734.0,,1066.0,,692.205,100.0,959.0,107.0,1003.561,,,0.8996,0.1004,,False,on_map_at_end
599,truck,735.0,,1065.0,,1481.246,100.0,827.0,238.0,887.179,,,0.7765,0.2235,,False,on_map_at_end
600,car,736.0,,1064.0,,425.279,91.0,965.0,99.0,1018.318,,,0.907,0.093,,False,on_map_at_end
604,truck,738.0,,1062.0,,998.94,97.0,892.0,170.0,941.724,,,0.8399,0.1601,,False,on_map_at_end
606,car,738.0,,1062.0,,1275.189,100.0,867.0,195.0,942.472,,,0.8164,0.1836,,False,on_map_at_end
607,car,739.0,,1061.0,,481.401,89.0,969.0,92.0,1017.674,,,0.9133,0.0867,,False,on_map_at_end
608,car,740.0,,1060.0,,2275.776,100.0,786.0,274.0,854.293,,,0.7415,0.2585,,False,on_map_at_end
610,car,740.0,,1060.0,,1872.869,100.0,782.0,278.0,875.962,,,0.7377,0.2623,,False,on_map_at_end
611,car,741.0,,1059.0,,280.472,100.0,1005.0,54.0,1033.064,,,0.949,0.051,,False,on_map_at_end
612,car,742.0,,1058.0,,1475.418,100.0,859.0,199.0,911.175,,,0.8119,0.1881,,False,on_map_at_end
614,truck,743.0,,1057.0,,468.4,88.0,956.0,101.0,1000.77,,,0.9044,0.0956,,False,on_map_at_end
615,car,743.0,,1057.0,,1427.977,100.0,857.0,200.0,927.87,,,0.8108,0.1892,,False,on_map_at_end
619,truck,747.0,,1053.0,,1414.151,100.0,802.0,251.0,882.478,,,0.7616,0.2384,,False,on_map_at_end
624,truck,748.0,,1052.0,,682.566,90.0,893.0,159.0,967.881,,,0.8489,0.1511,,False,on_map_at_end
628,car,751.0,,1049.0,,729.185,100.0,950.0,99.0,982.927,,,0.9056,0.0944,,False,on_map_at_end
629,truck,751.0,,1049.0,,656.701,100.0,922.0,127.0,970.164,,,0.8789,0.1211,,False,on_map_at_end
63,car,110.0,,1690.0,,894.744,100.0,1566.0,124.0,1609.256,,,0.9266,0.0734,,False,on_map_at_end
631,car,752.0,,1048.0,,1918.832,100.0,803.0,245.0,874.829,,,0.7662,0.2338,,False,on_map_at_end
635,car,754.0,,1046.0,,350.427,90.0,950.0,96.0,1009.115,,,0.9082,0.0918,,False,on_map_at_end
638,car,756.0,,1044.0,,431.642,91.0,956.0,88.0,1005.152,,,0.9157,0.0843,,False,on_map_at_end
642,car,763.0,,1037.0,,460.899,88.0,956.0,81.0,995.519,,,0.9219,0.0781,,False,on_map_at_end
645,car,766.0,,1034.0,,1891.325,100.0,815.0,219.0,862.696,,,0.7882,0.2118,,False,on_map_at_end
648,car,768.0,,1032.0,,1322.625,100.0,818.0,214.0,893.197,,,0.7926,0.2074,,False,on_map_at_end
65,car,114.0,,1686.0,,1087.437,100.0,1532.0,154.0,1581.376,,,0.9087,0.0913,,False,on_map_at_end
650,car,769.0,,1031.0,,352.778,100.0,953.0,78.0,988.501,,,0.9243,0.0757,,False,on_map_at_end
651,car,769.0,,1031.0,,706.681,100.0,930.0,101.0,966.84,,,0.902,0.098,,False,on_map_at_end
655,car,771.0,,1029.0,,453.398,88.0,950.0,79.0,988.194,,,0.9232,0.0768,,False,on_map_at_end
657,car,772.0,,1028.0,,2137.816,100.0,760.0,268.0,833.633,,,0.7393,0.2607,,False,on_map_at_end
658,car,772.0,,1028.0,,1875.826,100.0,775.0,253.0,858.641,,,0.7539,0.2461,,False,on_map_at_end
659,truck,773.0,,1027.0,,339.776,100.0,948.0,79.0,985.59,,,0.9231,0.0769,,False,on_map_at_end
661,car,775.0,,1025.0,,1100.035,100.0,820.0,205.0,912.946,,,0.8,0.2,,False,on_map_at_end
664,truck,780.0,,1020.0,,976.588,94.0,835.0,185.0,883.425,,,0.8186,0.1814,,False,on_map_at_end
666,car,780.0,,1020.0,,1520.924,100.0,812.0,208.0,882.538,,,0.7961,0.2039,,False,on_map_at_end
668,car,781.0,,1019.0,,1146.473,100.0,831.0,188.0,906.071,,,0.8155,0.1845,,False,on_map_at_end
672,car,782.0,,1018.0,,991.439,96.0,873.0,145.0,922.859,,,0.8576,0.1424,,False,on_map_at_end
675,car,783.0,,1017.0,,332.275,100.0,943.0,74.0,983.124,,,0.9272,0.0728,,False,on_map_at_end
676,car,784.0,,1016.0,,317.273,100.0,918.0,98.0,963.303,,,0.9035,0.0965,,False,on_map_at_end
677,car,787.0,,1013.0,,1568.592,100.0,764.0,249.0,826.633,,,0.7542,0.2458,,False,on_map_at_end
688,car,795.0,,1005.0,,424.717,100.0,935.0,70.0,964.934,,,0.9303,0.0697,,False,on_map_at_end
689,truck,795.0,,1005.0,,906.062,100.0,868.0,137.0,895.66,,,0.8637,0.1363,,False,on_map_at_end
69,truck,123.0,,1677.0,,992.152,100.0,1509.0,168.0,1557.894,,,0.8998,0.1002,,False,on_map_at_end
691,car,798.0,,1002.0,,325.478,100.0,947.0,55.0,972.262,,,0.9451,0.0549,,False,on_map_at_end
693,car,798.0,,1002.0,,890.469,100.0,842.0,160.0,919.038,,,0.8403,0.1597,,False,on_map_at_end
697,car,803.0,,997.0,,1392.507,43.0,813.0,184.0,871.376,,,0.8154,0.1846,,False,on_map_at_end
698,car,803.0,,997.0,,1139.95,100.0,849.0,148.0,893.367,,,0.8516,0.1484,,False,on_map_at_end
70,car,128.0,,1672.0,,1914.579,100.0,1430.0,242.0,1487.115,,,0.8553,0.1447,,False,on_map_at_end
701,car,805.0,,995.0,,596.693,100.0,901.0,94.0,940.721,,,0.9055,0.0945,,False,on_map_at_end
702,car,805.0,,995.0,,445.897,86.0,913.0,82.0,954.869,,,0.9176,0.0824,,False,on_map_at_end
703,car,805.0,,995.0,,969.086,92.0,799.0,196.0,859.95,,,0.803,0.197,,False,on_map_at_end
704,truck,806.0,,994.0,,1387.439,90.0,758.0,236.0,788.442,,,0.7626,0.2374,,False,on_map_at_end
705,car,807.0,,993.0,,611.986,100.0,883.0,110.0,934.642,,,0.8892,0.1108,,False,on_map_at_end
706,car,807.0,,993.0,,882.968,100.0,833.0,160.0,906.81,,,0.8389,0.1611,,False,on_map_at_end
707,car,808.0,,992.0,,438.396,87.0,909.0,83.0,952.544,,,0.9163,0.0837,,False,on_map_at_end
711,car,809.0,,991.0,,430.895,87.0,909.0,82.0,952.219,,,0.9173,0.0827,,False,on_map_at_end
712,car,811.0,,989.0,,423.393,87.0,907.0,82.0,950.894,,,0.9171,0.0829,,False,on_map_at_end
713,car,810.0,,990.0,,524.37,100.0,909.0,81.0,939.398,,,0.9182,0.0818,,False,on_map_at_end
714,truck,811.0,,989.0,,437.911,92.0,908.0,81.0,936.206,,,0.9181,0.0819,,False,on_map_at_end
716,car,812.0,,988.0,,238.02,100.0,916.0,72.0,966.578,,,0.9271,0.0729,,False,on_map_at_end
718,car,812.0,,988.0,,1505.469,100.0,797.0,191.0,842.83,,,0.8067,0.1933,,False,on_map_at_end
72,car,129.0,,1671.0,,2368.729,95.0,1388.0,283.0,1458.003,,,0.8306,0.1694,,False,on_map_at_end
721,car,815.0,,985.0,,961.585,91.0,797.0,188.0,863.176,,,0.8091,0.1909,,False,on_map_at_end
723,car,815.0,,985.0,,199.654,100.0,917.0,68.0,952.225,,,0.931,0.069,,False,on_map_at_end
725,car,816.0,,984.0,,290.06,91.0,880.0,104.0,949.946,,,0.8943,0.1057,,False,on_map_at_end
728,car,822.0,,978.0,,415.892,87.0,897.0,81.0,940.569,,,0.9172,0.0828,,False,on_map_at_end
730,car,823.0,,977.0,,1274.51,100.0,781.0,196.0,862.293,,,0.7994,0.2006,,False,on_map_at_end
732,car,823.0,,977.0,,408.391,86.0,894.0,83.0,940.244,,,0.915,0.085,,False,on_map_at_end
733,car,824.0,,976.0,,1773.06,99.0,726.0,250.0,812.38,,,0.7439,0.2561,,False,on_map_at_end
737,car,825.0,,975.0,,589.191,100.0,883.0,92.0,921.692,,,0.9056,0.0944,,False,on_map_at_end
738,car,826.0,,974.0,,699.18,100.0,878.0,96.0,910.884,,,0.9014,0.0986,,False,on_map_at_end
739,truck,1222.0,,578.0,,1096.974,100.0,437.0,141.0,447.481,,,0.7561,0.2439,,False,on_map_at_end
74,truck,134.0,,1666.0,,2183.813,47.0,1318.0,348.0,1400.717,,,0.7911,0.2089,,False,on_map_at_end
740,car,834.0,,966.0,,1906.785,100.0,751.0,215.0,793.48,,,0.7774,0.2226,,False,on_map_at_end
741,car,831.0,,969.0,,839.367,100.0,862.0,107.0,879.054,,,0.8896,0.1104,,False,on_map_at_end
742,car,830.0,,970.0,,530.138,96.0,898.0,72.0,922.287,,,0.9258,0.0742,,False,on_map_at_end
743,car,831.0,,969.0,,400.89,85.0,887.0,82.0,932.92,,,0.9154,0.0846,,False,on_map_at_end
746,car,832.0,,968.0,,1445.414,100.0,777.0,191.0,831.104,,,0.8027,0.1973,,False,on_map_at_end
749,truck,836.0,,964.0,,635.286,97.0,841.0,123.0,904.868,,,0.8724,0.1276,,False,on_map_at_end
755,car,841.0,,959.0,,1084.534,100.0,770.0,189.0,860.778,,,0.8029,0.1971,,False,on_map_at_end
757,car,842.0,,958.0,,918.58,87.0,765.0,193.0,829.396,,,0.7985,0.2015,,False,on_map_at_end
760,car,844.0,,956.0,,422.559,91.0,886.0,70.0,917.21,,,0.9268,0.0732,,False,on_map_at_end
761,car,845.0,,955.0,,393.389,85.0,875.0,80.0,919.595,,,0.9162,0.0838,,False,on_map_at_end
763,car,845.0,,955.0,,1883.824,100.0,752.0,203.0,784.641,,,0.7874,0.2126,,False,on_map_at_end
765,car,847.0,,953.0,,1234.613,100.0,746.0,207.0,822.811,,,0.7828,0.2172,,False,on_map_at_end
766,car,847.0,,953.0,,385.888,85.0,872.0,81.0,918.27,,,0.915,0.085,,False,on_map_at_end
767,car,1523.0,,277.0,,1.009,100.0,275.0,2.0,276.909,,,0.9928,0.0072,,False,on_map_at_end
769,truck,849.0,,951.0,,942.933,88.0,779.0,172.0,837.592,,,0.8191,0.1809,,False,on_map_at_end
771,car,851.0,,949.0,,378.387,86.0,866.0,83.0,914.945,,,0.9125,0.0875,,False,on_map_at_end
776,car,855.0,,945.0,,2082.843,100.0,724.0,221.0,755.618,,,0.7661,0.2339,,False,on_map_at_end
779,truck,856.0,,944.0,,1645.679,100.0,706.0,238.0,746.04,,,0.7479,0.2521,,False,on_map_at_end
78,car,138.0,,1662.0,,966.769,100.0,1502.0,160.0,1548.054,,,0.9037,0.0963,,False,on_map_at_end
781,car,856.0,,944.0,,1740.667,96.0,697.0,247.0,786.653,,,0.7383,0.2617,,False,on_map_at_end
782,car,858.0,,942.0,,1227.112,100.0,734.0,208.0,817.182,,,0.7792,0.2208,,False,on_map_at_end
785,car,861.0,,939.0,,1780.314,92.0,700.0,239.0,778.526,,,0.7455,0.2545,,False,on_map_at_end
787,car,861.0,,939.0,,911.079,87.0,757.0,182.0,819.771,,,0.8062,0.1938,,False,on_map_at_end
789,truck,863.0,,937.0,,625.104,100.0,834.0,103.0,860.556,,,0.8901,0.1099,,False,on_map_at_end
795,car,873.0,,927.0,,935.432,88.0,775.0,152.0,834.669,,,0.836,0.164,,False,on_map_at_end
796,car,873.0,,927.0,,302.271,100.0,857.0,70.0,898.06,,,0.9245,0.0755,,False,on_map_at_end
797,car,875.0,,925.0,,1869.249,92.0,719.0,206.0,756.042,,,0.7773,0.2227,,False,on_map_at_end
798,car,877.0,,923.0,,669.176,100.0,822.0,101.0,862.51,,,0.8906,0.1094,,False,on_map_at_end
799,truck,877.0,,923.0,,495.05,100.0,750.0,173.0,776.58,,,0.8126,0.1874,,False,on_map_at_end
803,car,881.0,,919.0,,927.546,100.0,803.0,116.0,835.52,,,0.8738,0.1262,,False,on_map_at_end
809,truck,886.0,,914.0,,265.546,95.0,861.0,53.0,882.122,,,0.942,0.058,,False,on_map_at_end
813,car,887.0,,913.0,,370.886,84.0,828.0,85.0,879.62,,,0.9069,0.0931,,False,on_map_at_end
815,car,890.0,,910.0,,2842.788,100.0,523.0,387.0,616.638,,,0.5747,0.4253,,False,on_map_at_end
816,car,890.0,,910.0,,746.451,100.0,751.0,159.0,835.467,,,0.8253,0.1747,,False,on_map_at_end
82,car,145.0,,1655.0,,773.979,100.0,1530.0,125.0,1576.525,,,0.9245,0.0755,,False,on_map_at_end
822,car,891.0,,909.0,,1671.057,100.0,699.0,210.0,756.108,,,0.769,0.231,,False,on_map_at_end
825,car,894.0,,906.0,,363.385,84.0,823.0,83.0,873.295,,,0.9084,0.0916,,False,on_map_at_end
828,car,898.0,,902.0,,512.874,89.0,795.0,107.0,853.854,,,0.8814,0.1186,,False,on_map_at_end
830,car,899.0,,901.0,,553.687,100.0,807.0,94.0,850.843,,,0.8957,0.1043,,False,on_map_at_end
831,car,899.0,,901.0,,172.359,100.0,848.0,53.0,885.134,,,0.9412,0.0588,,False,on_map_at_end
833,car,901.0,,899.0,,355.884,83.0,812.0,87.0,864.437,,,0.9032,0.0968,,False,on_map_at_end
835,car,902.0,,898.0,,967.451,87.0,708.0,190.0,790.294,,,0.7884,0.2116,,False,on_map_at_end
838,car,903.0,,897.0,,1071.638,96.0,702.0,195.0,796.619,,,0.7826,0.2174,,False,on_map_at_end
839,truck,903.0,,897.0,,1198.758,100.0,700.0,197.0,746.605,,,0.7804,0.2196,,False,on_map_at_end
840,car,904.0,,896.0,,1701.065,100.0,686.0,210.0,738.921,,,0.7656,0.2344,,False,on_map_at_end
841,car,904.0,,896.0,,1609.453,90.0,668.0,228.0,748.986,,,0.7455,0.2545,,False,on_map_at_end
843,car,905.0,,895.0,,1963.992,88.0,628.0,267.0,717.052,,,0.7017,0.2983,,False,on_map_at_end
845,car,905.0,,895.0,,1041.1,100.0,747.0,148.0,784.226,,,0.8346,0.1654,,False,on_map_at_end
846,car,1523.0,,277.0,,2.009,100.0,274.0,3.0,276.819,,,0.9892,0.0108,,False,on_map_at_end
851,car,910.0,,890.0,,903.578,86.0,719.0,171.0,768.41,,,0.8079,0.1921,,False,on_map_at_end
857,car,913.0,,887.0,,2219.775,86.0,589.0,298.0,684.344,,,0.664,0.336,,False,on_map_at_end
860,car,918.0,,882.0,,496.144,100.0,795.0,87.0,836.959,,,0.9014,0.0986,,False,on_map_at_end
868,car,919.0,,881.0,,1152.616,94.0,669.0,212.0,764.97,,,0.7594,0.2406,,False,on_map_at_end
869,truck,919.0,,881.0,,1617.429,100.0,636.0,245.0,686.827,,,0.7219,0.2781,,False,on_map_at_end
872,car,922.0,,878.0,,2154.682,100.0,622.0,256.0,669.715,,,0.7084,0.2916,,False,on_map_at_end
874,truck,921.0,,879.0,,1818.743,89.0,616.0,263.0,660.393,,,0.7008,0.2992,,False,on_map_at_end
876,car,922.0,,878.0,,267.986,82.0,782.0,96.0,847.098,,,0.8907,0.1093,,False,on_map_at_end
878,car,925.0,,875.0,,488.643,100.0,788.0,87.0,830.461,,,0.9006,0.0994,,False,on_map_at_end
882,car,925.0,,875.0,,661.675,100.0,777.0,98.0,814.89,,,0.888,0.112,,False,on_map_at_end
886,car,927.0,,873.0,,1652.933,100.0,671.0,202.0,723.643,,,0.7686,0.2314,,False,on_map_at_end
887,car,928.0,,872.0,,1072.679,100.0,471.0,401.0,495.854,,,0.5401,0.4599,,False,on_map_at_end
889,truck,928.0,,872.0,,2646.378,100.0,506.0,366.0,549.881,,,0.5803,0.4197,,False,on_map_at_end
890,car,932.0,,868.0,,348.383,85.0,786.0,82.0,836.645,,,0.9055,0.0945,,False,on_map_at_end
893,car,932.0,,868.0,,1163.995,94.0,696.0,172.0,763.239,,,0.8018,0.1982,,False,on_map_at_end
899,truck,935.0,,865.0,,483.634,94.0,773.0,92.0,806.941,,,0.8936,0.1064,,False,on_map_at_end
900,car,935.0,,865.0,,431.571,88.0,770.0,95.0,823.329,,,0.8902,0.1098,,False,on_map_at_end
902,car,936.0,,864.0,,1645.432,100.0,667.0,197.0,715.411,,,0.772,0.228,,False,on_map_at_end
905,car,938.0,,862.0,,825.67,87.0,708.0,154.0,778.935,,,0.8213,0.1787,,False,on_map_at_end
906,car,938.0,,862.0,,1212.318,92.0,702.0,160.0,741.719,,,0.8144,0.1856,,False,on_map_at_end
907,car,939.0,,861.0,,496.963,82.0,753.0,108.0,800.145,,,0.8746,0.1254,,False,on_map_at_end
909,truck,939.0,,861.0,,1065.686,100.0,692.0,169.0,733.067,,,0.8037,0.1963,,False,on_map_at_end
912,car,942.0,,858.0,,396.138,89.0,796.0,62.0,822.347,,,0.9277,0.0723,,False,on_map_at_end
917,car,943.0,,857.0,,340.882,84.0,774.0,83.0,826.32,,,0.9032,0.0968,,False,on_map_at_end
919,truck,944.0,,856.0,,1947.997,89.0,577.0,279.0,622.147,,,0.6741,0.3259,,False,on_map_at_end
92,car,175.0,,1625.0,,2152.178,100.0,1334.0,291.0,1431.466,,,0.8209,0.1791,,False,on_map_at_end
923,car,949.0,,851.0,,333.381,84.0,768.0,83.0,820.995,,,0.9025,0.0975,,False,on_map_at_end
930,car,951.0,,849.0,,1267.594,100.0,672.0,177.0,718.542,,,0.7915,0.2085,,False,on_map_at_end
931,car,952.0,,848.0,,779.348,100.0,740.0,108.0,771.702,,,0.8726,0.1274,,False,on_map_at_end
933,car,954.0,,846.0,,2493.629,85.0,549.0,297.0,614.371,,,0.6489,0.3511,,False,on_map_at_end
934,truck,955.0,,845.0,,605.677,85.0,713.0,132.0,772.29,,,0.8438,0.1562,,False,on_map_at_end
936,car,956.0,,844.0,,291.975,95.0,791.0,53.0,817.278,,,0.9372,0.0628,,False,on_map_at_end
938,car,956.0,,844.0,,1195.576,91.0,686.0,158.0,731.421,,,0.8128,0.1872,,False,on_map_at_end
943,car,958.0,,842.0,,1713.061,89.0,610.0,232.0,686.859,,,0.7245,0.2755,,False,on_map_at_end
946,car,960.0,,840.0,,2577.119,100.0,564.0,276.0,603.022,,,0.6714,0.3286,,False,on_map_at_end
947,car,960.0,,840.0,,325.88,84.0,757.0,83.0,810.671,,,0.9012,0.0988,,False,on_map_at_end
948,car,964.0,,836.0,,1580.171,100.0,638.0,198.0,690.291,,,0.7632,0.2368,,False,on_map_at_end
951,car,964.0,,836.0,,874.269,96.0,718.0,118.0,753.06,,,0.8589,0.1411,,False,on_map_at_end
952,car,964.0,,836.0,,1189.815,91.0,669.0,167.0,714.107,,,0.8002,0.1998,,False,on_map_at_end
956,car,965.0,,835.0,,885.076,100.0,692.0,143.0,746.574,,,0.8287,0.1713,,False,on_map_at_end
957,car,966.0,,834.0,,477.631,100.0,766.0,68.0,791.013,,,0.9185,0.0815,,False,on_map_at_end
958,car,967.0,,833.0,,318.379,84.0,750.0,83.0,804.346,,,0.9004,0.0996,,False,on_map_at_end
959,truck,967.0,,833.0,,338.749,83.0,758.0,75.0,790.395,,,0.91,0.09,,False,on_map_at_end
963,car,970.0,,830.0,,1915.998,60.0,612.0,218.0,656.147,,,0.7373,0.2627,,False,on_map_at_end
965,car,973.0,,827.0,,1092.887,91.0,691.0,136.0,727.014,,,0.8356,0.1644,,False,on_map_at_end
969,truck,975.0,,825.0,,269.389,100.0,771.0,54.0,792.61,,,0.9345,0.0655,,False,on_map_at_end
971,car,978.0,,822.0,,395.666,100.0,763.0,59.0,786.905,,,0.9282,0.0718,,False,on_map_at_end
974,truck,980.0,,820.0,,256.388,100.0,765.0,55.0,789.172,,,0.9329,0.0671,,False,on_map_at_end
976,car,982.0,,818.0,,310.878,84.0,737.0,81.0,790.021,,,0.901,0.099,,False,on_map_at_end
98,car,184.0,,1616.0,,542.403,100.0,1515.0,101.0,1558.085,,,0.9375,0.0625,,False,on_map_at_end
982,car,985.0,,815.0,,837.468,100.0,714.0,101.0,729.537,,,0.8761,0.1239,,False,on_map_at_end
984,truck,986.0,,814.0,,297.877,84.0,727.0,87.0,778.24,,,0.8931,0.1069,,False,on_map_at_end
988,car,989.0,,811.0,,290.376,83.0,724.0,87.0,784.866,,,0.8927,0.1073,,False,on_map_at_end
989,truck,990.0,,810.0,,232.043,94.0,756.0,54.0,782.144,,,0.9333,0.0667,,False,on_map_at_end
990,car,990.0,,810.0,,1261.748,100.0,655.0,155.0,691.371,,,0.8086,0.1914,,False,on_map_at_end
991,car,991.0,,809.0,,1329.644,90.0,641.0,168.0,682.976,,,0.7923,0.2077,,False,on_map_at_end
992,car,991.0,,809.0,,129.818,100.0,763.0,46.0,796.988,,,0.9431,0.0569,,False,on_map_at_end
993,truck,991.0,,809.0,,235.886,100.0,748.0,61.0,780.256,,,0.9246,0.0754,,False,on_map_at_end
994,car,991.0,,809.0,,460.64,100.0,739.0,70.0,767.524,,,0.9135,0.0865,,False,on_map_at_end
995,car,991.0,,809.0,,265.47,100.0,754.0,55.0,784.64,,,0.932,0.068,,False,on_map_at_end
996,car,991.0,,809.0,,620.867,88.0,697.0,112.0,731.493,,,0.8616,0.1384,,False,on_map_at_end
997,car,992.0,,808.0,,749.344,100.0,710.0,98.0,732.795,,,0.8787,0.1213,,False,on_map_at_end
999,car,993.0,,807.0,,516.475,100.0,735.0,72.0,760.473,,,0.9108,0.0892,,False,on_map_at_end
