vehicle_id,vehicle_type,enter_time_s,departure_time_s,travel_time_s,route_distance_m,distance_traveled_m,accumulated_waiting_time_s,custom_wait_s,moving_time_s,time_loss_s,free_flow_time_s,delay_s,waiting_fraction,moving_fraction,schedule_efficiency,completed_trip,trip_status
17,car,24.0,98.0,74.0,,775.217,0.0,0.0,74.0,2.984,,,0.0,1.0,,True,completed
15,truck,20.0,112.0,92.0,,729.516,0.0,0.0,92.0,3.423,,,0.0,1.0,,True,completed
32,car,51.0,119.0,68.0,,595.91,2.0,2.0,66.0,12.419,,,0.0294,0.9706,,True,completed
43,car,74.0,125.0,51.0,,376.444,0.0,0.0,51.0,4.216,,,0.0,1.0,,True,completed
3,car,3.0,160.0,157.0,,1501.994,0.0,3.0,154.0,17.29,,,0.0191,0.9809,,True,completed
6,car,13.0,178.0,165.0,,1613.209,3.0,3.0,162.0,18.81,,,0.0182,0.9818,,True,completed
41,car,70.0,179.0,109.0,,983.06,4.0,4.0,105.0,13.415,,,0.0367,0.9633,,True,completed
1,car,2.0,183.0,181.0,,1594.558,0.0,9.0,172.0,26.101,,,0.0497,0.9503,,True,completed
51,car,91.0,207.0,116.0,,1065.033,0.0,0.0,116.0,13.489,,,0.0,1.0,,True,completed
29,car,49.0,217.0,168.0,,1584.336,3.0,5.0,163.0,24.178,,,0.0298,0.9702,,True,completed
20,truck,30.0,218.0,188.0,,1379.144,4.0,4.0,184.0,21.267,,,0.0213,0.9787,,True,completed
59,car,103.0,219.0,116.0,,884.083,0.0,0.0,116.0,10.427,,,0.0,1.0,,True,completed
88,car,152.0,222.0,70.0,,732.867,0.0,0.0,70.0,3.041,,,0.0,1.0,,True,completed
5,truck,5.0,223.0,218.0,,1578.926,1.0,7.0,211.0,27.089,,,0.0321,0.9679,,True,completed
8,car,9.0,225.0,216.0,,1654.762,0.0,0.0,216.0,17.123,,,0.0,1.0,,True,completed
35,truck,55.0,233.0,178.0,,1349.623,0.0,0.0,178.0,13.827,,,0.0,1.0,,True,completed
47,car,84.0,234.0,150.0,,1411.96,0.0,0.0,150.0,11.298,,,0.0,1.0,,True,completed
9,car,11.0,236.0,225.0,,2255.709,1.0,1.0,224.0,19.055,,,0.0044,0.9956,,True,completed
23,car,36.0,250.0,214.0,,1970.056,11.0,14.0,200.0,34.096,,,0.0654,0.9346,,True,completed
7,car,9.0,254.0,245.0,,2218.305,0.0,4.0,241.0,37.796,,,0.0163,0.9837,,True,completed
24,car,36.0,255.0,219.0,,1913.962,0.0,9.0,210.0,35.222,,,0.0411,0.9589,,True,completed
102,car,182.0,260.0,78.0,,690.581,0.0,0.0,78.0,13.108,,,0.0,1.0,,True,completed
37,car,59.0,262.0,203.0,,1865.986,0.0,4.0,199.0,25.879,,,0.0197,0.9803,,True,completed
0,truck,2.0,263.0,261.0,,1691.874,35.0,35.0,226.0,56.536,,,0.1341,0.8659,,True,completed
74,car,134.0,264.0,130.0,,1200.349,5.0,5.0,125.0,16.67,,,0.0385,0.9615,,True,completed
57,car,100.0,265.0,165.0,,1591.562,0.0,0.0,165.0,14.592,,,0.0,1.0,,True,completed
48,car,84.0,266.0,182.0,,1598.707,0.0,0.0,182.0,25.494,,,0.0,1.0,,True,completed
95,truck,168.0,271.0,103.0,,681.631,5.0,8.0,95.0,19.523,,,0.0777,0.9223,,True,completed
53,car,93.0,272.0,179.0,,1688.624,5.0,7.0,172.0,24.868,,,0.0391,0.9609,,True,completed
38,car,65.0,279.0,214.0,,1830.557,2.0,7.0,207.0,26.999,,,0.0327,0.9673,,True,completed
83,car,144.0,279.0,135.0,,1267.254,7.0,7.0,128.0,18.384,,,0.0519,0.9481,,True,completed
80,truck,138.0,280.0,142.0,,1011.377,5.0,5.0,137.0,19.348,,,0.0352,0.9648,,True,completed
56,car,100.0,282.0,182.0,,1630.093,0.0,0.0,182.0,26.866,,,0.0,1.0,,True,completed
76,car,136.0,282.0,146.0,,1520.656,0.0,0.0,146.0,7.023,,,0.0,1.0,,True,completed
19,car,28.0,283.0,255.0,,2221.789,20.0,24.0,231.0,52.999,,,0.0941,0.9059,,True,completed
33,car,52.0,283.0,231.0,,1688.913,0.0,11.0,220.0,42.756,,,0.0476,0.9524,,True,completed
11,car,15.0,284.0,269.0,,2574.128,0.0,0.0,269.0,17.342,,,0.0,1.0,,True,completed
64,car,115.0,285.0,170.0,,1389.441,0.0,0.0,170.0,14.82,,,0.0,1.0,,True,completed
60,truck,106.0,286.0,180.0,,1408.223,0.0,0.0,180.0,9.68,,,0.0,1.0,,True,completed
109,car,195.0,289.0,94.0,,882.169,0.0,0.0,94.0,8.184,,,0.0,1.0,,True,completed
117,car,215.0,290.0,75.0,,726.091,0.0,0.0,75.0,6.997,,,0.0,1.0,,True,completed
39,car,65.0,293.0,228.0,,2133.455,6.0,6.0,222.0,30.542,,,0.0263,0.9737,,True,completed
69,car,124.0,294.0,170.0,,1469.38,0.0,0.0,170.0,29.938,,,0.0,1.0,,True,completed
124,car,231.0,295.0,64.0,,538.133,6.0,6.0,58.0,14.253,,,0.0938,0.9062,,True,completed
116,car,212.0,298.0,86.0,,647.432,0.0,0.0,86.0,8.562,,,0.0,1.0,,True,completed
14,car,19.0,298.0,279.0,,2093.524,33.0,70.0,209.0,89.094,,,0.2509,0.7491,,True,completed
34,car,54.0,300.0,246.0,,2303.337,0.0,4.0,242.0,28.042,,,0.0163,0.9837,,True,completed
122,car,224.0,302.0,78.0,,749.136,0.0,0.0,78.0,5.673,,,0.0,1.0,,True,completed
31,car,51.0,302.0,251.0,,2527.805,0.0,0.0,251.0,21.557,,,0.0,1.0,,True,completed
78,car,137.0,304.0,167.0,,1520.57,3.0,3.0,164.0,22.534,,,0.018,0.982,,True,completed
61,car,110.0,318.0,208.0,,1975.575,0.0,0.0,208.0,27.689,,,0.0,1.0,,True,completed
18,car,27.0,330.0,303.0,,2804.879,0.0,5.0,298.0,35.699,,,0.0165,0.9835,,True,completed
92,car,160.0,330.0,170.0,,1499.577,3.0,10.0,160.0,29.61,,,0.0588,0.9412,,True,completed
89,car,153.0,331.0,178.0,,1524.318,0.0,0.0,178.0,36.336,,,0.0,1.0,,True,completed
144,car,261.0,333.0,72.0,,521.83,10.0,10.0,62.0,23.695,,,0.1389,0.8611,,True,completed
68,car,123.0,341.0,218.0,,2085.915,0.0,15.0,203.0,29.066,,,0.0688,0.9312,,True,completed
143,car,258.0,347.0,89.0,,899.044,0.0,0.0,89.0,6.245,,,0.0,1.0,,True,completed
145,truck,262.0,347.0,85.0,,664.95,0.0,0.0,85.0,4.174,,,0.0,1.0,,True,completed
118,car,216.0,349.0,133.0,,1236.563,0.0,0.0,133.0,18.822,,,0.0,1.0,,True,completed
111,car,202.0,350.0,148.0,,1477.925,1.0,1.0,147.0,12.956,,,0.0068,0.9932,,True,completed
22,car,35.0,353.0,318.0,,2989.716,0.0,6.0,312.0,42.236,,,0.0189,0.9811,,True,completed
90,truck,154.0,353.0,199.0,,1437.09,11.0,12.0,187.0,25.48,,,0.0603,0.9397,,True,completed
108,car,192.0,356.0,164.0,,1505.754,6.0,6.0,158.0,26.108,,,0.0366,0.9634,,True,completed
93,car,165.0,358.0,193.0,,1624.253,5.0,5.0,188.0,37.258,,,0.0259,0.9741,,True,completed
94,car,166.0,361.0,195.0,,1831.138,0.0,0.0,195.0,14.559,,,0.0,1.0,,True,completed
71,car,128.0,367.0,239.0,,2104.489,3.0,9.0,230.0,35.385,,,0.0377,0.9623,,True,completed
86,car,149.0,368.0,219.0,,1828.713,6.0,11.0,208.0,40.01,,,0.0502,0.9498,,True,completed
25,truck,38.0,371.0,333.0,,2145.457,11.0,42.0,291.0,74.442,,,0.1261,0.8739,,True,completed
180,truck,320.0,376.0,56.0,,440.085,0.0,0.0,56.0,2.169,,,0.0,1.0,,True,completed
44,car,75.0,377.0,302.0,,2670.154,2.0,10.0,292.0,57.473,,,0.0331,0.9669,,True,completed
46,car,82.0,379.0,297.0,,2746.241,10.0,10.0,287.0,35.056,,,0.0337,0.9663,,True,completed
104,car,187.0,381.0,194.0,,1916.337,0.0,0.0,194.0,14.85,,,0.0,1.0,,True,completed
114,car,209.0,385.0,176.0,,1395.09,5.0,21.0,155.0,42.791,,,0.1193,0.8807,,True,completed
133,car,241.0,386.0,145.0,,1326.576,4.0,4.0,141.0,21.883,,,0.0276,0.9724,,True,completed
50,truck,90.0,386.0,296.0,,2226.75,0.0,3.0,293.0,27.073,,,0.0101,0.9899,,True,completed
149,car,269.0,396.0,127.0,,1139.47,6.0,6.0,121.0,18.191,,,0.0472,0.9528,,True,completed
62,car,111.0,396.0,285.0,,2439.844,0.0,39.0,246.0,62.867,,,0.1368,0.8632,,True,completed
119,car,218.0,397.0,179.0,,1681.291,5.0,5.0,174.0,23.986,,,0.0279,0.9721,,True,completed
73,car,130.0,399.0,269.0,,2544.897,2.0,17.0,252.0,38.212,,,0.0632,0.9368,,True,completed
179,car,320.0,403.0,83.0,,731.709,9.0,9.0,74.0,16.146,,,0.1084,0.8916,,True,completed
158,car,294.0,406.0,112.0,,1177.839,0.0,0.0,112.0,4.993,,,0.0,1.0,,True,completed
77,car,136.0,406.0,270.0,,2627.786,4.0,4.0,266.0,27.284,,,0.0148,0.9852,,True,completed
84,car,144.0,411.0,267.0,,2394.171,4.0,15.0,252.0,40.919,,,0.0562,0.9438,,True,completed
55,truck,98.0,412.0,314.0,,2118.994,0.0,20.0,294.0,42.113,,,0.0637,0.9363,,True,completed
173,car,314.0,413.0,99.0,,945.654,4.0,4.0,95.0,12.673,,,0.0404,0.9596,,True,completed
101,car,181.0,415.0,234.0,,2337.169,0.0,0.0,234.0,15.179,,,0.0,1.0,,True,completed
13,car,18.0,415.0,397.0,,925.948,64.0,300.0,97.0,310.919,,,0.7557,0.2443,,True,completed
128,car,239.0,416.0,177.0,,1491.692,0.0,3.0,174.0,19.293,,,0.0169,0.9831,,True,completed
219,car,374.0,420.0,46.0,,378.727,0.0,0.0,46.0,3.046,,,0.0,1.0,,True,completed
107,car,191.0,429.0,238.0,,1967.636,6.0,11.0,227.0,35.103,,,0.0462,0.9538,,True,completed
65,truck,117.0,433.0,316.0,,2439.61,0.0,2.0,314.0,21.82,,,0.0063,0.9937,,True,completed
130,truck,240.0,434.0,194.0,,1474.881,0.0,0.0,194.0,14.904,,,0.0,1.0,,True,completed
148,car,265.0,437.0,172.0,,1631.932,4.0,4.0,168.0,23.191,,,0.0233,0.9767,,True,completed
121,car,223.0,439.0,216.0,,1726.451,4.0,11.0,205.0,43.911,,,0.0509,0.9491,,True,completed
201,car,343.0,446.0,103.0,,1073.432,0.0,0.0,103.0,4.914,,,0.0,1.0,,True,completed
139,car,250.0,447.0,197.0,,1899.017,0.0,3.0,194.0,20.168,,,0.0152,0.9848,,True,completed
167,car,305.0,450.0,145.0,,1443.65,2.0,2.0,143.0,13.613,,,0.0138,0.9862,,True,completed
4,car,5.0,467.0,462.0,,1532.7,45.0,300.0,162.0,315.343,,,0.6494,0.3506,,True,completed
195,truck,338.0,472.0,134.0,,1049.504,0.0,0.0,134.0,6.498,,,0.0,1.0,,True,completed
146,car,263.0,478.0,215.0,,2012.758,12.0,12.0,203.0,31.796,,,0.0558,0.9442,,True,completed
251,car,419.0,480.0,61.0,,616.621,0.0,0.0,61.0,4.464,,,0.0,1.0,,True,completed
137,car,245.0,482.0,237.0,,1898.794,0.0,14.0,223.0,48.606,,,0.0591,0.9409,,True,completed
152,car,279.0,482.0,203.0,,1791.168,0.0,7.0,196.0,30.764,,,0.0345,0.9655,,True,completed
249,car,418.0,489.0,71.0,,653.95,2.0,2.0,69.0,10.422,,,0.0282,0.9718,,True,completed
172,car,313.0,492.0,179.0,,1688.221,6.0,9.0,170.0,25.507,,,0.0503,0.9497,,True,completed
217,car,370.0,493.0,123.0,,985.484,10.0,10.0,113.0,27.945,,,0.0813,0.9187,,True,completed
253,car,422.0,495.0,73.0,,763.049,0.0,0.0,73.0,3.325,,,0.0,1.0,,True,completed
277,car,451.0,499.0,48.0,,373.152,9.0,10.0,38.0,13.416,,,0.2083,0.7917,,True,completed
28,car,43.0,501.0,458.0,,1509.567,73.0,300.0,158.0,318.894,,,0.655,0.345,,True,completed
242,car,409.0,503.0,94.0,,831.087,0.0,0.0,94.0,7.638,,,0.0,1.0,,True,completed
239,car,406.0,506.0,100.0,,1046.855,0.0,0.0,100.0,4.782,,,0.0,1.0,,True,completed
123,car,230.0,507.0,277.0,,2595.892,2.0,2.0,275.0,32.13,,,0.0072,0.9928,,True,completed
120,truck,219.0,511.0,292.0,,2295.516,0.0,0.0,292.0,14.816,,,0.0,1.0,,True,completed
156,car,291.0,511.0,220.0,,2052.668,4.0,14.0,206.0,31.525,,,0.0636,0.9364,,True,completed
163,car,302.0,511.0,209.0,,1790.378,0.0,0.0,209.0,17.239,,,0.0,1.0,,True,completed
177,car,318.0,517.0,199.0,,1627.089,4.0,12.0,187.0,46.78,,,0.0603,0.9397,,True,completed
278,car,452.0,523.0,71.0,,741.325,0.0,0.0,71.0,3.28,,,0.0,1.0,,True,completed
151,car,277.0,525.0,248.0,,2089.885,11.0,19.0,229.0,44.782,,,0.0766,0.9234,,True,completed
223,car,384.0,526.0,142.0,,1270.54,1.0,3.0,139.0,22.678,,,0.0211,0.9789,,True,completed
67,car,118.0,528.0,410.0,,2542.574,23.0,153.0,257.0,178.337,,,0.3732,0.6268,,True,completed
141,car,255.0,530.0,275.0,,2722.555,0.0,0.0,275.0,19.707,,,0.0,1.0,,True,completed
161,car,302.0,537.0,235.0,,2133.771,7.0,7.0,228.0,37.905,,,0.0298,0.9702,,True,completed
209,car,359.0,537.0,178.0,,1648.939,0.0,6.0,172.0,26.609,,,0.0337,0.9663,,True,completed
244,car,413.0,550.0,137.0,,1305.418,0.0,0.0,137.0,8.757,,,0.0,1.0,,True,completed
262,car,436.0,551.0,115.0,,974.598,0.0,7.0,108.0,21.023,,,0.0609,0.9391,,True,completed
225,truck,385.0,554.0,169.0,,1260.251,0.0,5.0,164.0,16.493,,,0.0296,0.9704,,True,completed
309,car,491.0,556.0,65.0,,662.468,0.0,0.0,65.0,3.659,,,0.0,1.0,,True,completed
311,car,491.0,559.0,68.0,,585.901,7.0,7.0,61.0,14.268,,,0.1029,0.8971,,True,completed
216,car,367.0,566.0,199.0,,1919.915,0.0,0.0,199.0,23.339,,,0.0,1.0,,True,completed
205,truck,352.0,567.0,215.0,,1655.456,0.0,0.0,215.0,14.26,,,0.0,1.0,,True,completed
199,car,340.0,568.0,228.0,,2283.333,0.0,2.0,226.0,20.013,,,0.0088,0.9912,,True,completed
324,car,509.0,571.0,62.0,,598.61,0.0,0.0,62.0,6.19,,,0.0,1.0,,True,completed
58,car,101.0,574.0,473.0,,1558.428,61.0,309.0,164.0,331.854,,,0.6533,0.3467,,True,completed
283,car,462.0,577.0,115.0,,905.224,13.0,13.0,102.0,31.094,,,0.113,0.887,,True,completed
238,car,406.0,578.0,172.0,,1414.051,3.0,3.0,169.0,43.264,,,0.0174,0.9826,,True,completed
228,car,391.0,579.0,188.0,,1857.369,0.0,0.0,188.0,17.265,,,0.0,1.0,,True,completed
230,truck,392.0,583.0,191.0,,1513.577,0.0,0.0,191.0,8.217,,,0.0,1.0,,True,completed
248,car,417.0,584.0,167.0,,1525.391,0.0,5.0,162.0,25.486,,,0.0299,0.9701,,True,completed
269,car,444.0,585.0,141.0,,1270.164,2.0,2.0,139.0,24.06,,,0.0142,0.9858,,True,completed
162,car,302.0,590.0,288.0,,1688.063,81.0,105.0,183.0,134.205,,,0.3646,0.6354,,True,completed
227,car,390.0,590.0,200.0,,1834.204,0.0,3.0,197.0,31.923,,,0.015,0.985,,True,completed
213,car,365.0,591.0,226.0,,2132.994,6.0,6.0,220.0,26.858,,,0.0265,0.9735,,True,completed
169,car,307.0,596.0,289.0,,2015.646,75.0,84.0,205.0,105.136,,,0.2907,0.7093,,True,completed
382,car,575.0,597.0,22.0,,168.546,0.0,0.0,22.0,5.831,,,0.0,1.0,,True,completed
186,car,328.0,599.0,271.0,,2360.404,2.0,5.0,266.0,32.708,,,0.0185,0.9815,,True,completed
308,car,489.0,599.0,110.0,,870.837,17.0,17.0,93.0,29.89,,,0.1545,0.8455,,True,completed
263,car,436.0,600.0,164.0,,1494.038,0.0,0.0,164.0,16.1,,,0.0,1.0,,True,completed
326,car,512.0,602.0,90.0,,649.863,0.0,0.0,90.0,13.473,,,0.0,1.0,,True,completed
337,car,524.0,605.0,81.0,,743.11,0.0,0.0,81.0,7.665,,,0.0,1.0,,True,completed
188,car,332.0,610.0,278.0,,2769.708,0.0,5.0,273.0,26.499,,,0.018,0.982,,True,completed
279,car,453.0,616.0,163.0,,1642.831,1.0,1.0,162.0,14.144,,,0.0061,0.9939,,True,completed
206,car,354.0,622.0,268.0,,2298.606,0.0,8.0,260.0,47.661,,,0.0299,0.9701,,True,completed
212,car,365.0,622.0,257.0,,1832.374,0.0,40.0,217.0,63.966,,,0.1556,0.8444,,True,completed
234,car,400.0,626.0,226.0,,1625.246,0.0,32.0,194.0,52.875,,,0.1416,0.8584,,True,completed
254,car,423.0,628.0,205.0,,2093.113,0.0,0.0,205.0,15.282,,,0.0,1.0,,True,completed
236,car,401.0,635.0,234.0,,2012.556,0.0,10.0,224.0,29.843,,,0.0427,0.9573,,True,completed
363,car,549.0,635.0,86.0,,737.822,7.0,7.0,79.0,17.564,,,0.0814,0.9186,,True,completed
312,car,492.0,639.0,147.0,,1501.208,0.0,0.0,147.0,8.693,,,0.0,1.0,,True,completed
374,car,562.0,639.0,77.0,,670.194,1.0,1.0,76.0,11.46,,,0.013,0.987,,True,completed
125,truck,232.0,643.0,411.0,,3185.089,0.0,0.0,411.0,24.643,,,0.0,1.0,,True,completed
343,car,532.0,645.0,113.0,,1010.702,0.0,0.0,113.0,20.459,,,0.0,1.0,,True,completed
370,truck,556.0,646.0,90.0,,686.012,0.0,0.0,90.0,6.434,,,0.0,1.0,,True,completed
222,car,382.0,648.0,266.0,,2219.071,9.0,18.0,248.0,46.74,,,0.0677,0.9323,,True,completed
258,car,430.0,651.0,221.0,,1896.702,5.0,5.0,216.0,42.445,,,0.0226,0.9774,,True,completed
265,truck,439.0,651.0,212.0,,1498.254,0.0,0.0,212.0,14.265,,,0.0,1.0,,True,completed
27,car,41.0,656.0,615.0,,2143.213,24.0,395.0,220.0,418.709,,,0.6423,0.3577,,True,completed
287,car,468.0,658.0,190.0,,1805.193,0.0,5.0,185.0,24.972,,,0.0263,0.9737,,True,completed
342,car,532.0,659.0,127.0,,1012.638,5.0,5.0,122.0,22.557,,,0.0394,0.9606,,True,completed
246,car,416.0,660.0,244.0,,2102.62,2.0,21.0,223.0,52.708,,,0.0861,0.9139,,True,completed
289,car,469.0,661.0,192.0,,1715.202,7.0,14.0,178.0,35.604,,,0.0729,0.9271,,True,completed
247,car,417.0,662.0,245.0,,2444.36,0.0,2.0,243.0,20.422,,,0.0082,0.9918,,True,completed
286,car,466.0,662.0,196.0,,1814.304,0.0,0.0,196.0,22.036,,,0.0,1.0,,True,completed
316,car,504.0,662.0,158.0,,1469.942,6.0,6.0,152.0,21.662,,,0.038,0.962,,True,completed
284,car,465.0,664.0,199.0,,1626.561,16.0,16.0,183.0,42.273,,,0.0804,0.9196,,True,completed
260,truck,435.0,667.0,232.0,,1736.351,0.0,2.0,230.0,22.294,,,0.0086,0.9914,,True,completed
367,car,552.0,667.0,115.0,,890.27,2.0,2.0,113.0,19.516,,,0.0174,0.9826,,True,completed
336,car,523.0,670.0,147.0,,1133.918,2.0,3.0,144.0,41.76,,,0.0204,0.9796,,True,completed
200,truck,341.0,672.0,331.0,,2533.781,1.0,1.0,330.0,25.477,,,0.003,0.997,,True,completed
82,car,142.0,672.0,530.0,,2148.46,1.0,300.0,230.0,322.845,,,0.566,0.434,,True,completed
282,car,458.0,673.0,215.0,,1835.547,10.0,10.0,205.0,29.142,,,0.0465,0.9535,,True,completed
215,truck,366.0,678.0,312.0,,2397.845,0.0,0.0,312.0,23.075,,,0.0,1.0,,True,completed
220,truck,380.0,678.0,298.0,,2134.668,0.0,18.0,280.0,40.457,,,0.0604,0.9396,,True,completed
270,truck,444.0,680.0,236.0,,1715.667,3.0,5.0,231.0,27.509,,,0.0212,0.9788,,True,completed
189,car,333.0,684.0,351.0,,2430.954,6.0,109.0,242.0,129.514,,,0.3105,0.6895,,True,completed
274,car,449.0,685.0,236.0,,1827.031,18.0,22.0,214.0,56.987,,,0.0932,0.9068,,True,completed
414,car,609.0,686.0,77.0,,732.357,0.0,0.0,77.0,9.349,,,0.0,1.0,,True,completed
401,car,602.0,687.0,85.0,,782.533,1.0,1.0,84.0,13.067,,,0.0118,0.9882,,True,completed
352,car,541.0,690.0,149.0,,1328.699,2.0,2.0,147.0,25.255,,,0.0134,0.9866,,True,completed
411,car,607.0,690.0,83.0,,511.638,6.0,6.0,77.0,17.553,,,0.0723,0.9277,,True,completed
281,car,454.0,691.0,237.0,,2145.414,0.0,6.0,231.0,39.149,,,0.0253,0.9747,,True,completed
315,truck,502.0,692.0,190.0,,1477.235,0.0,0.0,190.0,11.418,,,0.0,1.0,,True,completed
170,truck,309.0,693.0,384.0,,2578.616,0.0,7.0,377.0,36.73,,,0.0182,0.9818,,True,completed
255,truck,428.0,694.0,266.0,,1883.314,0.0,0.0,266.0,15.992,,,0.0,1.0,,True,completed
377,car,565.0,694.0,129.0,,879.06,24.0,24.0,105.0,38.893,,,0.186,0.814,,True,completed
383,car,576.0,694.0,118.0,,1149.677,0.0,0.0,118.0,13.528,,,0.0,1.0,,True,completed
323,car,509.0,695.0,186.0,,1395.508,20.0,22.0,164.0,54.665,,,0.1183,0.8817,,True,completed
348,car,539.0,702.0,163.0,,1590.188,5.0,5.0,158.0,18.857,,,0.0307,0.9693,,True,completed
436,car,620.0,704.0,84.0,,740.653,8.0,8.0,76.0,16.341,,,0.0952,0.9048,,True,completed
355,truck,544.0,707.0,163.0,,1036.079,2.0,11.0,152.0,37.272,,,0.0675,0.9325,,True,completed
304,car,483.0,714.0,231.0,,2139.666,9.0,13.0,218.0,36.352,,,0.0563,0.9437,,True,completed
396,car,594.0,715.0,121.0,,1116.065,5.0,5.0,116.0,17.706,,,0.0413,0.9587,,True,completed
536,car,691.0,715.0,24.0,,134.773,5.0,5.0,19.0,10.87,,,0.2083,0.7917,,True,completed
303,car,482.0,717.0,235.0,,2231.863,0.0,0.0,235.0,31.134,,,0.0,1.0,,True,completed
328,car,512.0,717.0,205.0,,1813.756,14.0,14.0,191.0,34.343,,,0.0683,0.9317,,True,completed
366,car,552.0,720.0,168.0,,1164.218,5.0,29.0,139.0,59.719,,,0.1726,0.8274,,True,completed
508,car,674.0,722.0,48.0,,379.79,0.0,0.0,48.0,3.624,,,0.0,1.0,,True,completed
313,car,495.0,724.0,229.0,,2262.773,5.0,5.0,224.0,22.418,,,0.0218,0.9782,,True,completed
468,car,639.0,726.0,87.0,,853.207,0.0,0.0,87.0,7.404,,,0.0,1.0,,True,completed
301,car,481.0,731.0,250.0,,2186.467,0.0,8.0,242.0,41.642,,,0.032,0.968,,True,completed
388,car,584.0,732.0,148.0,,1521.905,0.0,0.0,148.0,7.505,,,0.0,1.0,,True,completed
469,car,640.0,738.0,98.0,,855.586,4.0,4.0,94.0,18.589,,,0.0408,0.9592,,True,completed
491,car,659.0,739.0,80.0,,663.488,3.0,3.0,77.0,13.622,,,0.0375,0.9625,,True,completed
325,truck,511.0,741.0,230.0,,1477.256,24.0,30.0,200.0,51.096,,,0.1304,0.8696,,True,completed
335,truck,518.0,744.0,226.0,,1684.175,3.0,3.0,223.0,22.099,,,0.0133,0.9867,,True,completed
431,car,618.0,745.0,127.0,,1189.958,9.0,9.0,118.0,18.362,,,0.0709,0.9291,,True,completed
474,car,643.0,746.0,103.0,,1071.642,0.0,0.0,103.0,5.074,,,0.0,1.0,,True,completed
454,car,632.0,749.0,117.0,,989.35,0.0,0.0,117.0,9.095,,,0.0,1.0,,True,completed
361,car,547.0,750.0,203.0,,1528.977,33.0,38.0,165.0,60.197,,,0.1872,0.8128,,True,completed
288,car,469.0,752.0,283.0,,2241.386,0.0,6.0,277.0,51.0,,,0.0212,0.9788,,True,completed
515,truck,680.0,754.0,74.0,,379.981,12.0,12.0,62.0,25.959,,,0.1622,0.8378,,True,completed
523,car,684.0,755.0,71.0,,668.49,0.0,0.0,71.0,8.183,,,0.0,1.0,,True,completed
368,car,554.0,756.0,202.0,,1692.963,0.0,12.0,190.0,36.244,,,0.0594,0.9406,,True,completed
292,car,471.0,757.0,286.0,,2789.184,4.0,5.0,281.0,32.895,,,0.0175,0.9825,,True,completed
471,car,639.0,758.0,119.0,,1050.401,3.0,7.0,112.0,21.392,,,0.0588,0.9412,,True,completed
477,car,643.0,760.0,117.0,,1038.778,3.0,3.0,114.0,19.639,,,0.0256,0.9744,,True,completed
403,car,602.0,761.0,159.0,,1418.103,0.0,11.0,148.0,29.938,,,0.0692,0.9308,,True,completed
481,car,649.0,762.0,113.0,,920.24,0.0,5.0,108.0,17.29,,,0.0442,0.9558,,True,completed
539,car,693.0,765.0,72.0,,691.439,0.0,0.0,72.0,5.246,,,0.0,1.0,,True,completed
190,truck,333.0,767.0,434.0,,1477.281,94.0,232.0,202.0,255.429,,,0.5346,0.4654,,True,completed
582,car,722.0,767.0,45.0,,457.126,0.0,0.0,45.0,2.163,,,0.0,1.0,,True,completed
296,car,480.0,769.0,289.0,,1461.393,93.0,144.0,145.0,156.146,,,0.4983,0.5017,,True,completed
604,car,737.0,773.0,36.0,,370.362,0.0,0.0,36.0,1.667,,,0.0,1.0,,True,completed
575,truck,721.0,776.0,55.0,,230.26,14.0,14.0,41.0,22.788,,,0.2545,0.7455,,True,completed
497,car,665.0,780.0,115.0,,944.179,1.0,2.0,113.0,13.859,,,0.0174,0.9826,,True,completed
607,car,738.0,781.0,43.0,,444.911,0.0,0.0,43.0,1.958,,,0.0,1.0,,True,completed
317,car,505.0,786.0,281.0,,2378.526,35.0,38.0,243.0,64.042,,,0.1352,0.8648,,True,completed
394,car,599.0,789.0,190.0,,1652.611,5.0,7.0,183.0,38.811,,,0.0368,0.9632,,True,completed
330,truck,515.0,790.0,275.0,,2094.112,0.0,1.0,274.0,19.864,,,0.0036,0.9964,,True,completed
300,truck,481.0,791.0,310.0,,2333.909,0.0,5.0,305.0,28.097,,,0.0161,0.9839,,True,completed
538,car,692.0,793.0,101.0,,970.614,0.0,0.0,101.0,11.726,,,0.0,1.0,,True,completed
570,truck,716.0,796.0,80.0,,617.606,0.0,0.0,80.0,4.326,,,0.0,1.0,,True,completed
147,car,264.0,797.0,533.0,,,0.0,313.0,220.0,0.0,,,0.5872,0.4128,,True,completed
182,car,321.0,798.0,477.0,,2358.42,89.0,217.0,260.0,250.224,,,0.4549,0.5451,,True,completed
191,car,334.0,798.0,464.0,,2339.013,89.0,207.0,257.0,246.646,,,0.4461,0.5539,,True,completed
596,car,732.0,798.0,66.0,,664.246,0.0,0.0,66.0,4.641,,,0.0,1.0,,True,completed
627,car,751.0,800.0,49.0,,449.613,2.0,2.0,47.0,7.431,,,0.0408,0.9592,,True,completed
493,car,660.0,801.0,141.0,,1052.323,10.0,11.0,130.0,43.841,,,0.078,0.922,,True,completed
399,car,599.0,802.0,203.0,,1865.986,0.0,6.0,197.0,24.076,,,0.0296,0.9704,,True,completed
433,car,619.0,802.0,183.0,,1706.088,8.0,8.0,175.0,25.161,,,0.0437,0.9563,,True,completed
443,car,624.0,802.0,178.0,,1812.492,0.0,0.0,178.0,11.297,,,0.0,1.0,,True,completed
581,car,722.0,802.0,80.0,,836.909,0.0,0.0,80.0,3.677,,,0.0,1.0,,True,completed
418,car,611.0,804.0,193.0,,1825.026,0.0,1.0,192.0,21.776,,,0.0052,0.9948,,True,completed
52,car,91.0,806.0,715.0,,3236.791,0.0,316.0,399.0,362.752,,,0.442,0.558,,True,completed
341,car,531.0,808.0,277.0,,2153.537,3.0,11.0,266.0,46.803,,,0.0397,0.9603,,True,completed
482,car,649.0,808.0,159.0,,1144.34,24.0,32.0,127.0,50.649,,,0.2013,0.7987,,True,completed
353,car,542.0,809.0,267.0,,2309.125,24.0,29.0,238.0,55.553,,,0.1086,0.8914,,True,completed
12,car,15.0,810.0,795.0,,2625.89,70.0,526.0,269.0,554.24,,,0.6616,0.3384,,True,completed
384,car,577.0,810.0,233.0,,2082.602,0.0,10.0,223.0,30.387,,,0.0429,0.9571,,True,completed
659,car,775.0,811.0,36.0,,369.997,0.0,0.0,36.0,1.7,,,0.0,1.0,,True,completed
321,car,509.0,812.0,303.0,,2801.673,0.0,6.0,297.0,31.36,,,0.0198,0.9802,,True,completed
413,car,608.0,816.0,208.0,,1972.373,7.0,8.0,200.0,29.008,,,0.0385,0.9615,,True,completed
424,car,614.0,816.0,202.0,,1855.076,4.0,8.0,194.0,31.556,,,0.0396,0.9604,,True,completed
423,car,613.0,819.0,206.0,,1954.925,0.0,2.0,204.0,16.903,,,0.0097,0.9903,,True,completed
571,car,716.0,819.0,103.0,,971.102,0.0,0.0,103.0,8.932,,,0.0,1.0,,True,completed
590,truck,729.0,819.0,90.0,,666.852,0.0,0.0,90.0,8.946,,,0.0,1.0,,True,completed
592,car,730.0,819.0,89.0,,875.091,0.0,0.0,89.0,8.308,,,0.0,1.0,,True,completed
294,car,475.0,821.0,346.0,,1669.405,70.0,101.0,245.0,152.23,,,0.2919,0.7081,,True,completed
577,car,719.0,821.0,102.0,,971.177,0.0,0.0,102.0,10.594,,,0.0,1.0,,True,completed
354,car,543.0,824.0,281.0,,1755.966,3.0,47.0,234.0,99.634,,,0.1673,0.8327,,True,completed
657,car,773.0,827.0,54.0,,475.807,3.0,3.0,51.0,10.177,,,0.0556,0.9444,,True,completed
376,car,564.0,831.0,267.0,,2221.705,20.0,32.0,235.0,62.814,,,0.1199,0.8801,,True,completed
600,truck,735.0,833.0,98.0,,758.885,0.0,0.0,98.0,5.499,,,0.0,1.0,,True,completed
379,car,568.0,834.0,266.0,,1743.255,10.0,64.0,202.0,90.966,,,0.2406,0.7594,,True,completed
512,car,678.0,834.0,156.0,,1535.047,0.0,0.0,156.0,14.892,,,0.0,1.0,,True,completed
628,car,752.0,834.0,82.0,,738.928,6.0,6.0,76.0,14.496,,,0.0732,0.9268,,True,completed
522,car,684.0,836.0,152.0,,1329.812,3.0,3.0,149.0,19.727,,,0.0197,0.9803,,True,completed
416,car,610.0,838.0,228.0,,2140.086,1.0,7.0,221.0,32.968,,,0.0307,0.9693,,True,completed
554,car,703.0,841.0,138.0,,1328.35,0.0,0.0,138.0,8.729,,,0.0,1.0,,True,completed
564,car,710.0,845.0,135.0,,1078.545,26.0,26.0,109.0,36.93,,,0.1926,0.8074,,True,completed
576,car,718.0,848.0,130.0,,888.353,0.0,0.0,130.0,13.955,,,0.0,1.0,,True,completed
427,car,615.0,849.0,234.0,,2043.046,0.0,9.0,225.0,48.536,,,0.0385,0.9615,,True,completed
664,car,778.0,849.0,71.0,,742.431,0.0,0.0,71.0,3.181,,,0.0,1.0,,True,completed
462,car,636.0,852.0,216.0,,2104.093,0.0,0.0,216.0,22.528,,,0.0,1.0,,True,completed
410,truck,607.0,853.0,246.0,,1691.529,7.0,15.0,231.0,41.594,,,0.061,0.939,,True,completed
525,truck,685.0,853.0,168.0,,1260.328,0.0,1.0,167.0,15.484,,,0.006,0.994,,True,completed
622,car,748.0,854.0,106.0,,954.13,5.0,5.0,101.0,18.005,,,0.0472,0.9528,,True,completed
651,car,770.0,855.0,85.0,,747.059,3.0,3.0,82.0,15.615,,,0.0353,0.9647,,True,completed
375,truck,563.0,858.0,295.0,,1674.451,1.0,75.0,220.0,92.986,,,0.2542,0.7458,,True,completed
484,car,651.0,859.0,208.0,,1810.352,0.0,18.0,190.0,36.19,,,0.0865,0.9135,,True,completed
510,truck,676.0,859.0,183.0,,1452.561,0.0,0.0,183.0,7.623,,,0.0,1.0,,True,completed
407,car,605.0,862.0,257.0,,1681.344,60.0,61.0,196.0,102.711,,,0.2374,0.7626,,True,completed
541,car,695.0,863.0,168.0,,1493.107,0.0,3.0,165.0,29.94,,,0.0179,0.9821,,True,completed
653,car,771.0,865.0,94.0,,412.126,25.0,25.0,69.0,47.536,,,0.266,0.734,,True,completed
237,car,401.0,866.0,465.0,,1563.99,55.0,300.0,165.0,323.332,,,0.6452,0.3548,,True,completed
380,truck,569.0,866.0,297.0,,2334.561,0.0,0.0,297.0,14.764,,,0.0,1.0,,True,completed
643,car,765.0,868.0,103.0,,1009.81,0.0,0.0,103.0,8.314,,,0.0,1.0,,True,completed
455,truck,632.0,869.0,237.0,,975.744,28.0,86.0,151.0,115.461,,,0.3629,0.6371,,True,completed
686,car,791.0,870.0,79.0,,585.874,12.0,12.0,67.0,25.271,,,0.1519,0.8481,,True,completed
385,truck,579.0,872.0,293.0,,1794.491,25.0,50.0,243.0,76.002,,,0.1706,0.8294,,True,completed
689,car,793.0,872.0,79.0,,654.201,0.0,0.0,79.0,18.211,,,0.0,1.0,,True,completed
478,car,645.0,881.0,236.0,,2371.095,0.0,0.0,236.0,15.229,,,0.0,1.0,,True,completed
620,truck,745.0,881.0,136.0,,982.635,0.0,4.0,132.0,16.449,,,0.0294,0.9706,,True,completed
404,car,602.0,882.0,280.0,,2250.973,0.0,5.0,275.0,35.056,,,0.0179,0.9821,,True,completed
614,car,742.0,886.0,144.0,,1244.424,5.0,5.0,139.0,21.208,,,0.0347,0.9653,,True,completed
127,car,235.0,887.0,652.0,,2011.557,54.0,408.0,244.0,433.996,,,0.6258,0.3742,,True,completed
459,car,633.0,888.0,255.0,,1531.884,10.0,63.0,192.0,115.731,,,0.2471,0.7529,,True,completed
501,car,667.0,888.0,221.0,,1467.224,22.0,57.0,164.0,82.553,,,0.2579,0.7421,,True,completed
615,truck,742.0,888.0,146.0,,1145.046,0.0,0.0,146.0,7.072,,,0.0,1.0,,True,completed
479,car,648.0,890.0,242.0,,1440.764,9.0,62.0,180.0,111.075,,,0.2562,0.7438,,True,completed
593,car,730.0,892.0,162.0,,1377.749,15.0,21.0,141.0,36.334,,,0.1296,0.8704,,True,completed
519,car,682.0,893.0,211.0,,1814.695,0.0,2.0,209.0,29.814,,,0.0095,0.9905,,True,completed
464,car,636.0,895.0,259.0,,1623.571,9.0,65.0,194.0,109.704,,,0.251,0.749,,True,completed
426,car,615.0,897.0,282.0,,2201.527,26.0,36.0,246.0,66.379,,,0.1277,0.8723,,True,completed
483,car,649.0,897.0,248.0,,1220.253,11.0,83.0,165.0,112.592,,,0.3347,0.6653,,True,completed
487,car,655.0,898.0,243.0,,1731.017,19.0,57.0,186.0,85.907,,,0.2346,0.7654,,True,completed
526,car,685.0,898.0,213.0,,2206.533,0.0,0.0,213.0,12.249,,,0.0,1.0,,True,completed
444,car,624.0,902.0,278.0,,2141.169,24.0,55.0,223.0,81.697,,,0.1978,0.8022,,True,completed
555,truck,706.0,903.0,197.0,,1413.874,5.0,6.0,191.0,26.056,,,0.0305,0.9695,,True,completed
566,car,711.0,903.0,192.0,,1140.958,15.0,49.0,143.0,72.773,,,0.2552,0.7448,,True,completed
458,car,636.0,904.0,268.0,,1558.755,6.0,73.0,195.0,126.428,,,0.2724,0.7276,,True,completed
467,car,639.0,904.0,265.0,,2212.298,0.0,7.0,258.0,30.595,,,0.0264,0.9736,,True,completed
672,car,782.0,904.0,122.0,,1142.673,0.0,0.0,122.0,17.109,,,0.0,1.0,,True,completed
463,car,636.0,908.0,272.0,,2346.058,0.0,5.0,267.0,32.507,,,0.0184,0.9816,,True,completed
449,car,627.0,910.0,283.0,,1983.407,0.0,57.0,226.0,102.706,,,0.2014,0.7986,,True,completed
446,car,625.0,911.0,286.0,,2468.746,4.0,13.0,273.0,61.172,,,0.0455,0.9545,,True,completed
415,truck,609.0,912.0,303.0,,2118.94,0.0,7.0,296.0,29.743,,,0.0231,0.9769,,True,completed
769,car,846.0,912.0,66.0,,690.337,0.0,0.0,66.0,2.869,,,0.0,1.0,,True,completed
505,truck,669.0,917.0,248.0,,1826.062,12.0,12.0,236.0,27.5,,,0.0484,0.9516,,True,completed
618,car,744.0,918.0,174.0,,1270.971,8.0,28.0,146.0,57.69,,,0.1609,0.8391,,True,completed
632,car,754.0,918.0,164.0,,1303.729,0.0,17.0,147.0,39.589,,,0.1037,0.8963,,True,completed
761,car,844.0,918.0,74.0,,637.246,5.0,5.0,69.0,15.647,,,0.0676,0.9324,,True,completed
611,car,740.0,919.0,179.0,,1444.553,19.0,25.0,154.0,46.222,,,0.1397,0.8603,,True,completed
524,car,684.0,920.0,236.0,,1873.836,19.0,19.0,217.0,51.991,,,0.0805,0.9195,,True,completed
743,car,830.0,920.0,90.0,,731.491,8.0,8.0,82.0,23.165,,,0.0889,0.9111,,True,completed
473,car,640.0,924.0,284.0,,2546.044,9.0,9.0,275.0,52.721,,,0.0317,0.9683,,True,completed
502,car,668.0,924.0,256.0,,1833.291,13.0,53.0,203.0,88.866,,,0.207,0.793,,True,completed
631,car,753.0,932.0,179.0,,1640.964,2.0,12.0,167.0,30.236,,,0.067,0.933,,True,completed
569,car,714.0,937.0,223.0,,1845.217,0.0,32.0,191.0,51.935,,,0.1435,0.8565,,True,completed
636,car,755.0,938.0,183.0,,1024.603,49.0,54.0,129.0,89.426,,,0.2951,0.7049,,True,completed
409,car,606.0,940.0,334.0,,2267.035,3.0,72.0,262.0,128.577,,,0.2156,0.7844,,True,completed
520,truck,682.0,942.0,260.0,,1947.266,0.0,6.0,254.0,24.26,,,0.0231,0.9769,,True,completed
198,car,339.0,947.0,608.0,,1012.118,64.0,491.0,117.0,516.449,,,0.8076,0.1924,,True,completed
584,car,724.0,947.0,223.0,,1895.822,5.0,17.0,206.0,48.701,,,0.0762,0.9238,,True,completed
760,truck,843.0,948.0,105.0,,684.706,1.0,1.0,104.0,21.547,,,0.0095,0.9905,,True,completed
533,car,690.0,949.0,259.0,,2149.373,0.0,13.0,246.0,50.311,,,0.0502,0.9498,,True,completed
674,car,783.0,949.0,166.0,,1523.748,0.0,0.0,166.0,9.312,,,0.0,1.0,,True,completed
789,car,862.0,949.0,87.0,,666.421,5.0,5.0,82.0,23.416,,,0.0575,0.9425,,True,completed
272,car,447.0,950.0,503.0,,2388.39,0.0,257.0,246.0,284.945,,,0.5109,0.4891,,True,completed
544,car,698.0,951.0,253.0,,1352.877,33.0,75.0,178.0,121.417,,,0.2964,0.7036,,True,completed
751,car,834.0,952.0,118.0,,1105.264,2.0,2.0,116.0,13.348,,,0.0169,0.9831,,True,completed
798,car,869.0,959.0,90.0,,899.285,0.0,0.0,90.0,7.051,,,0.0,1.0,,True,completed
472,car,640.0,963.0,323.0,,2870.655,18.0,28.0,295.0,62.01,,,0.0867,0.9133,,True,completed
694,car,798.0,965.0,167.0,,1534.92,8.0,8.0,159.0,25.968,,,0.0479,0.9521,,True,completed
824,car,890.0,965.0,75.0,,658.529,3.0,3.0,72.0,13.893,,,0.04,0.96,,True,completed
542,car,696.0,966.0,270.0,,1692.339,15.0,72.0,198.0,115.067,,,0.2667,0.7333,,True,completed
591,car,730.0,968.0,238.0,,1833.635,9.0,26.0,212.0,71.078,,,0.1092,0.8908,,True,completed
687,car,792.0,968.0,176.0,,1400.328,7.0,11.0,165.0,46.887,,,0.0625,0.9375,,True,completed
734,car,823.0,968.0,145.0,,1133.846,7.0,7.0,138.0,40.68,,,0.0483,0.9517,,True,completed
573,car,717.0,969.0,252.0,,1535.733,16.0,59.0,193.0,102.731,,,0.2341,0.7659,,True,completed
624,car,749.0,972.0,223.0,,1761.336,0.0,10.0,213.0,32.405,,,0.0448,0.9552,,True,completed
827,car,891.0,974.0,83.0,,765.015,0.0,0.0,83.0,7.433,,,0.0,1.0,,True,completed
853,car,906.0,974.0,68.0,,616.51,2.0,2.0,66.0,11.514,,,0.0294,0.9706,,True,completed
639,car,758.0,977.0,219.0,,1795.58,0.0,20.0,199.0,47.443,,,0.0913,0.9087,,True,completed
532,car,689.0,981.0,292.0,,2312.77,0.0,54.0,238.0,81.636,,,0.1849,0.8151,,True,completed
548,car,701.0,981.0,280.0,,1668.184,30.0,72.0,208.0,126.626,,,0.2571,0.7429,,True,completed
894,car,926.0,986.0,60.0,,598.115,0.0,0.0,60.0,4.459,,,0.0,1.0,,True,completed
716,car,809.0,987.0,178.0,,1374.667,17.0,17.0,161.0,52.166,,,0.0955,0.9045,,True,completed
807,car,879.0,989.0,110.0,,967.76,0.0,0.0,110.0,12.093,,,0.0,1.0,,True,completed
702,car,803.0,990.0,187.0,,1700.998,0.0,0.0,187.0,12.616,,,0.0,1.0,,True,completed
552,car,702.0,993.0,291.0,,2338.73,27.0,50.0,241.0,76.601,,,0.1718,0.8282,,True,completed
856,car,909.0,993.0,84.0,,730.826,9.0,9.0,75.0,16.37,,,0.1071,0.8929,,True,completed
699,car,802.0,994.0,192.0,,1478.878,16.0,16.0,176.0,57.33,,,0.0833,0.9167,,True,completed
879,car,920.0,996.0,76.0,,737.781,0.0,0.0,76.0,8.599,,,0.0,1.0,,True,completed
546,car,698.0,998.0,300.0,,2087.568,0.0,32.0,268.0,70.087,,,0.1067,0.8933,,True,completed
758,car,841.0,1001.0,160.0,,1325.077,18.0,18.0,142.0,37.709,,,0.1125,0.8875,,True,completed
861,car,912.0,1006.0,94.0,,787.569,2.0,2.0,92.0,14.693,,,0.0213,0.9787,,True,completed
603,car,736.0,1007.0,271.0,,2266.742,19.0,19.0,252.0,42.731,,,0.0701,0.9299,,True,completed
588,car,728.0,1008.0,280.0,,2563.5,0.0,0.0,280.0,46.621,,,0.0,1.0,,True,completed
719,car,812.0,1008.0,196.0,,1709.111,10.0,10.0,186.0,39.213,,,0.051,0.949,,True,completed
580,truck,721.0,1010.0,289.0,,1990.673,10.0,14.0,275.0,48.88,,,0.0484,0.9516,,True,completed
105,truck,188.0,1011.0,823.0,,1590.845,85.0,605.0,218.0,633.94,,,0.7351,0.2649,,True,completed
470,truck,639.0,1011.0,372.0,,2216.658,0.0,69.0,303.0,102.779,,,0.1855,0.8145,,True,completed
671,car,781.0,1012.0,231.0,,2336.933,0.0,0.0,231.0,16.815,,,0.0,1.0,,True,completed
642,car,765.0,1013.0,248.0,,1625.29,12.0,52.0,196.0,93.343,,,0.2097,0.7903,,True,completed
912,car,935.0,1015.0,80.0,,657.18,5.0,5.0,75.0,19.076,,,0.0625,0.9375,,True,completed
727,car,816.0,1018.0,202.0,,1528.118,2.0,2.0,200.0,62.374,,,0.0099,0.9901,,True,completed
793,car,865.0,1018.0,153.0,,1357.503,4.0,6.0,147.0,29.186,,,0.0392,0.9608,,True,completed
329,car,513.0,1020.0,507.0,,3002.077,10.0,201.0,306.0,234.256,,,0.3964,0.6036,,True,completed
475,truck,643.0,1024.0,381.0,,2429.906,0.0,65.0,316.0,88.068,,,0.1706,0.8294,,True,completed
310,truck,491.0,1025.0,534.0,,1710.357,88.0,301.0,233.0,324.115,,,0.5637,0.4363,,True,completed
496,car,665.0,1026.0,361.0,,2508.645,0.0,51.0,310.0,113.949,,,0.1413,0.8587,,True,completed
75,truck,135.0,1026.0,891.0,,,0.0,683.0,208.0,0.0,,,0.7666,0.2334,,True,completed
732,car,825.0,1027.0,202.0,,1833.539,0.0,1.0,201.0,19.225,,,0.005,0.995,,True,completed
893,car,925.0,1027.0,102.0,,991.158,0.0,0.0,102.0,11.2,,,0.0,1.0,,True,completed
903,car,932.0,1027.0,95.0,,952.351,0.0,0.0,95.0,7.117,,,0.0,1.0,,True,completed
788,car,861.0,1034.0,173.0,,1496.058,6.0,6.0,167.0,30.185,,,0.0347,0.9653,,True,completed
606,car,738.0,1036.0,298.0,,1916.871,3.0,67.0,231.0,112.474,,,0.2248,0.7752,,True,completed
922,car,940.0,1036.0,96.0,,977.651,0.0,0.0,96.0,5.941,,,0.0,1.0,,True,completed
957,car,959.0,1038.0,79.0,,664.311,0.0,0.0,79.0,9.041,,,0.0,1.0,,True,completed
984,car,974.0,1040.0,66.0,,382.18,17.0,17.0,49.0,25.9,,,0.2576,0.7424,,True,completed
849,car,904.0,1044.0,140.0,,1115.561,0.0,0.0,140.0,38.598,,,0.0,1.0,,True,completed
919,car,939.0,1044.0,105.0,,855.255,0.0,0.0,105.0,26.19,,,0.0,1.0,,True,completed
159,car,299.0,1045.0,746.0,,2950.665,0.0,453.0,293.0,477.763,,,0.6072,0.3928,,True,completed
690,truck,795.0,1046.0,251.0,,1894.114,0.0,6.0,245.0,22.575,,,0.0239,0.9761,,True,completed
816,car,886.0,1046.0,160.0,,1088.822,14.0,14.0,146.0,29.5,,,0.0875,0.9125,,True,completed
763,car,844.0,1050.0,206.0,,1699.747,0.0,4.0,202.0,50.364,,,0.0194,0.9806,,True,completed
786,car,859.0,1051.0,192.0,,1825.831,8.0,8.0,184.0,26.052,,,0.0417,0.9583,,True,completed
949,car,956.0,1054.0,98.0,,504.729,27.0,27.0,71.0,50.16,,,0.2755,0.7245,,True,completed
762,car,844.0,1055.0,211.0,,1665.956,20.0,20.0,191.0,58.236,,,0.0948,0.9052,,True,completed
511,car,677.0,1056.0,379.0,,2658.466,6.0,70.0,309.0,137.97,,,0.1847,0.8153,,True,completed
918,car,939.0,1056.0,117.0,,866.485,4.0,4.0,113.0,18.694,,,0.0342,0.9658,,True,completed
551,car,701.0,1057.0,356.0,,2601.846,1.0,71.0,285.0,119.639,,,0.1994,0.8006,,True,completed
781,car,856.0,1057.0,201.0,,1773.221,4.0,4.0,197.0,36.772,,,0.0199,0.9801,,True,completed
667,car,780.0,1058.0,278.0,,2238.679,33.0,41.0,237.0,72.966,,,0.1475,0.8525,,True,completed
740,truck,827.0,1059.0,232.0,,1473.806,23.0,33.0,199.0,53.461,,,0.1422,0.8578,,True,completed
864,car,914.0,1059.0,145.0,,1396.615,0.0,0.0,145.0,18.303,,,0.0,1.0,,True,completed
586,car,724.0,1060.0,336.0,,2467.371,0.0,60.0,276.0,112.313,,,0.1786,0.8214,,True,completed
801,car,873.0,1060.0,187.0,,1260.183,26.0,36.0,151.0,71.58,,,0.1925,0.8075,,True,completed
1029,car,1001.0,1061.0,60.0,,604.296,0.0,0.0,60.0,4.613,,,0.0,1.0,,True,completed
637,car,756.0,1061.0,305.0,,2498.04,12.0,34.0,271.0,67.492,,,0.1115,0.8885,,True,completed
691,car,795.0,1061.0,266.0,,2428.341,13.0,13.0,253.0,33.492,,,0.0489,0.9511,,True,completed
572,car,717.0,1063.0,346.0,,2957.187,0.0,18.0,328.0,70.56,,,0.052,0.948,,True,completed
829,car,894.0,1065.0,171.0,,1624.857,0.0,0.0,171.0,12.824,,,0.0,1.0,,True,completed
920,truck,941.0,1065.0,124.0,,850.988,0.0,9.0,115.0,20.531,,,0.0726,0.9274,,True,completed
927,car,943.0,1065.0,122.0,,1072.178,1.0,9.0,113.0,24.129,,,0.0738,0.9262,,True,completed
1064,car,1022.0,1067.0,45.0,,458.303,0.0,0.0,45.0,2.296,,,0.0,1.0,,True,completed
907,car,933.0,1069.0,136.0,,995.558,12.0,12.0,124.0,25.796,,,0.0882,0.9118,,True,completed
700,truck,802.0,1073.0,271.0,,1882.271,17.0,17.0,254.0,40.146,,,0.0627,0.9373,,True,completed
720,truck,811.0,1073.0,262.0,,1795.787,4.0,8.0,254.0,44.748,,,0.0305,0.9695,,True,completed
938,car,949.0,1073.0,124.0,,1140.061,2.0,2.0,122.0,15.688,,,0.0161,0.9839,,True,completed
1085,car,1032.0,1075.0,43.0,,441.616,0.0,0.0,43.0,2.254,,,0.0,1.0,,True,completed
327,car,512.0,1076.0,564.0,,1920.02,100.0,327.0,237.0,345.251,,,0.5798,0.4202,,True,completed
157,car,294.0,1077.0,783.0,,1832.22,100.0,601.0,182.0,615.265,,,0.7676,0.2324,,True,completed
872,car,915.0,1078.0,163.0,,1571.306,0.0,0.0,163.0,11.735,,,0.0,1.0,,True,completed
1098,car,1038.0,1081.0,43.0,,445.742,0.0,0.0,43.0,1.883,,,0.0,1.0,,True,completed
1022,car,998.0,1084.0,86.0,,866.182,0.0,0.0,86.0,6.11,,,0.0,1.0,,True,completed
794,car,866.0,1084.0,218.0,,1848.363,1.0,19.0,199.0,42.475,,,0.0872,0.9128,,True,completed
906,car,933.0,1085.0,152.0,,1447.611,0.0,0.0,152.0,8.569,,,0.0,1.0,,True,completed
969,car,965.0,1085.0,120.0,,953.69,0.0,5.0,115.0,24.342,,,0.0417,0.9583,,True,completed
808,car,880.0,1086.0,206.0,,1815.719,0.0,0.0,206.0,21.225,,,0.0,1.0,,True,completed
54,car,96.0,1089.0,993.0,,2159.153,95.0,773.0,220.0,797.983,,,0.7784,0.2216,,True,completed
688,car,793.0,1093.0,300.0,,2598.587,0.0,33.0,267.0,64.506,,,0.11,0.89,,True,completed
959,car,960.0,1094.0,134.0,,1111.469,8.0,13.0,121.0,30.651,,,0.097,0.903,,True,completed
347,car,539.0,1095.0,556.0,,2308.191,0.0,300.0,256.0,335.26,,,0.5396,0.4604,,True,completed
709,car,808.0,1095.0,287.0,,810.559,13.0,189.0,98.0,203.138,,,0.6585,0.3415,,True,completed
1031,truck,1002.0,1096.0,94.0,,741.566,0.0,0.0,94.0,3.976,,,0.0,1.0,,True,completed
1077,car,1029.0,1096.0,67.0,,669.579,0.0,0.0,67.0,5.665,,,0.0,1.0,,True,completed
45,truck,80.0,1097.0,1017.0,,1369.934,30.0,816.0,201.0,852.515,,,0.8024,0.1976,,True,completed
859,car,911.0,1097.0,186.0,,1686.887,5.0,5.0,181.0,27.196,,,0.0269,0.9731,,True,completed
843,car,902.0,1098.0,196.0,,1415.296,38.0,42.0,154.0,67.255,,,0.2143,0.7857,,True,completed
962,car,963.0,1099.0,136.0,,891.306,28.0,28.0,108.0,54.246,,,0.2059,0.7941,,True,completed
1130,car,1051.0,1100.0,49.0,,444.3,1.0,1.0,48.0,7.786,,,0.0204,0.9796,,True,completed
1063,car,1022.0,1102.0,80.0,,836.223,0.0,0.0,80.0,3.667,,,0.0,1.0,,True,completed
952,car,959.0,1103.0,144.0,,1341.591,0.0,0.0,144.0,17.681,,,0.0,1.0,,True,completed
1194,car,1088.0,1104.0,16.0,,157.928,0.0,0.0,16.0,0.786,,,0.0,1.0,,True,completed
812,car,881.0,1104.0,223.0,,1351.028,52.0,68.0,155.0,91.702,,,0.3049,0.6951,,True,completed
904,car,932.0,1106.0,174.0,,980.48,51.0,51.0,123.0,77.138,,,0.2931,0.7069,,True,completed
980,truck,970.0,1109.0,139.0,,984.442,7.0,7.0,132.0,18.141,,,0.0504,0.9496,,True,completed
675,truck,783.0,1110.0,327.0,,2434.899,0.0,6.0,321.0,33.686,,,0.0183,0.9817,,True,completed
393,car,590.0,1111.0,521.0,,712.105,56.0,300.0,221.0,309.073,,,0.5758,0.4242,,True,completed
723,car,812.0,1112.0,300.0,,1527.878,66.0,100.0,200.0,132.277,,,0.3333,0.6667,,True,completed
1072,car,1027.0,1113.0,86.0,,738.729,1.0,1.0,85.0,17.674,,,0.0116,0.9884,,True,completed
1053,car,1016.0,1117.0,101.0,,975.425,0.0,0.0,101.0,7.414,,,0.0,1.0,,True,completed
990,truck,980.0,1117.0,137.0,,919.511,7.0,7.0,130.0,25.331,,,0.0511,0.9489,,True,completed
660,truck,775.0,1119.0,344.0,,2681.944,0.0,0.0,344.0,16.855,,,0.0,1.0,,True,completed
987,car,976.0,1121.0,145.0,,1460.891,0.0,0.0,145.0,12.518,,,0.0,1.0,,True,completed
1058,car,1019.0,1123.0,104.0,,974.365,0.0,0.0,104.0,8.579,,,0.0,1.0,,True,completed
705,truck,805.0,1123.0,318.0,,2249.083,0.0,16.0,302.0,46.795,,,0.0503,0.9497,,True,completed
797,car,869.0,1124.0,255.0,,2338.93,8.0,11.0,244.0,38.834,,,0.0431,0.9569,,True,completed
908,car,933.0,1125.0,192.0,,1526.755,28.0,30.0,162.0,53.591,,,0.1562,0.8438,,True,completed
1118,car,1048.0,1126.0,78.0,,754.605,0.0,0.0,78.0,7.593,,,0.0,1.0,,True,completed
1049,car,1014.0,1128.0,114.0,,889.003,13.0,13.0,101.0,32.403,,,0.114,0.886,,True,completed
266,car,440.0,1128.0,688.0,,1832.45,76.0,430.0,258.0,521.795,,,0.625,0.375,,True,completed
926,car,942.0,1128.0,186.0,,1592.15,12.0,21.0,165.0,41.705,,,0.1129,0.8871,,True,completed
630,truck,753.0,1129.0,376.0,,1691.018,3.0,127.0,249.0,171.547,,,0.3378,0.6622,,True,completed
729,car,817.0,1129.0,312.0,,2510.461,0.0,29.0,283.0,68.547,,,0.0929,0.9071,,True,completed
956,car,959.0,1130.0,171.0,,1506.934,13.0,13.0,158.0,32.718,,,0.076,0.924,,True,completed
842,car,902.0,1135.0,233.0,,2405.37,0.0,0.0,233.0,14.194,,,0.0,1.0,,True,completed
1128,car,1051.0,1136.0,85.0,,800.81,0.0,0.0,85.0,4.162,,,0.0,1.0,,True,completed
437,car,620.0,1136.0,516.0,,1318.096,91.0,364.0,152.0,391.869,,,0.7054,0.2946,,True,completed
994,car,982.0,1136.0,154.0,,1492.623,0.0,0.0,154.0,16.837,,,0.0,1.0,,True,completed
997,car,984.0,1136.0,152.0,,1324.905,4.0,4.0,148.0,23.244,,,0.0263,0.9737,,True,completed
540,truck,693.0,1137.0,444.0,,1909.477,67.0,166.0,278.0,212.701,,,0.3739,0.6261,,True,completed
989,car,978.0,1137.0,159.0,,1207.743,1.0,3.0,156.0,22.794,,,0.0189,0.9811,,True,completed
884,car,923.0,1139.0,216.0,,1687.403,12.0,22.0,194.0,57.006,,,0.1019,0.8981,,True,completed
245,truck,414.0,1146.0,732.0,,1987.743,58.0,434.0,298.0,487.846,,,0.5929,0.4071,,True,completed
1057,car,1018.0,1147.0,129.0,,888.215,13.0,13.0,116.0,26.731,,,0.1008,0.8992,,True,completed
835,truck,899.0,1149.0,250.0,,1863.327,0.0,1.0,249.0,22.025,,,0.004,0.996,,True,completed
860,truck,911.0,1149.0,238.0,,1819.334,0.0,0.0,238.0,14.759,,,0.0,1.0,,True,completed
358,car,545.0,1150.0,605.0,,1903.735,72.0,382.0,223.0,422.105,,,0.6314,0.3686,,True,completed
658,car,773.0,1150.0,377.0,,1916.612,13.0,134.0,243.0,203.005,,,0.3554,0.6446,,True,completed
1105,car,1041.0,1152.0,111.0,,1122.044,0.0,0.0,111.0,8.081,,,0.0,1.0,,True,completed
942,car,951.0,1152.0,201.0,,1811.534,9.0,9.0,192.0,31.632,,,0.0448,0.9552,,True,completed
1078,car,1030.0,1154.0,124.0,,1113.159,0.0,0.0,124.0,19.371,,,0.0,1.0,,True,completed
1107,car,1042.0,1154.0,112.0,,1150.778,0.0,0.0,112.0,6.58,,,0.0,1.0,,True,completed
387,car,581.0,1154.0,573.0,,1815.875,69.0,367.0,206.0,407.253,,,0.6405,0.3595,,True,completed
359,car,546.0,1155.0,609.0,,2502.204,57.0,303.0,306.0,370.255,,,0.4975,0.5025,,True,completed
360,truck,546.0,1155.0,609.0,,1154.088,42.0,432.0,177.0,468.707,,,0.7094,0.2906,,True,completed
892,car,925.0,1157.0,232.0,,1840.619,21.0,25.0,207.0,63.638,,,0.1078,0.8922,,True,completed
1131,truck,1052.0,1158.0,106.0,,736.194,7.0,7.0,99.0,16.621,,,0.066,0.934,,True,completed
950,truck,956.0,1158.0,202.0,,1573.575,0.0,0.0,202.0,10.552,,,0.0,1.0,,True,completed
1201,truck,1091.0,1160.0,69.0,,532.095,0.0,0.0,69.0,3.561,,,0.0,1.0,,True,completed
645,truck,766.0,1161.0,395.0,,2572.103,0.0,19.0,376.0,60.188,,,0.0481,0.9519,,True,completed
1202,car,1091.0,1164.0,73.0,,589.13,6.0,6.0,67.0,18.978,,,0.0822,0.9178,,True,completed
676,car,783.0,1164.0,381.0,,1280.729,10.0,131.0,250.0,219.756,,,0.3438,0.6562,,True,completed
1155,car,1076.0,1165.0,89.0,,806.941,0.0,0.0,89.0,8.226,,,0.0,1.0,,True,completed
1166,truck,1073.0,1168.0,95.0,,468.659,30.0,30.0,65.0,37.738,,,0.3158,0.6842,,True,completed
940,truck,950.0,1168.0,218.0,,1595.337,0.0,2.0,216.0,23.328,,,0.0092,0.9908,,True,completed
735,truck,824.0,1169.0,345.0,,2335.268,9.0,13.0,332.0,63.095,,,0.0377,0.9623,,True,completed
1071,truck,1026.0,1170.0,144.0,,1108.927,0.0,0.0,144.0,8.708,,,0.0,1.0,,True,completed
529,car,687.0,1173.0,486.0,,1506.2,64.0,269.0,217.0,336.441,,,0.5535,0.4465,,True,completed
693,car,796.0,1173.0,377.0,,1487.903,48.0,212.0,165.0,238.643,,,0.5623,0.4377,,True,completed
1032,car,1003.0,1175.0,172.0,,1330.011,23.0,23.0,149.0,45.175,,,0.1337,0.8663,,True,completed
665,truck,778.0,1175.0,397.0,,2433.898,0.0,76.0,321.0,103.815,,,0.1914,0.8086,,True,completed
925,truck,942.0,1175.0,233.0,,1232.276,7.0,61.0,172.0,83.968,,,0.2618,0.7382,,True,completed
322,car,509.0,1176.0,667.0,,2539.164,29.0,364.0,303.0,435.298,,,0.5457,0.4543,,True,completed
888,car,924.0,1176.0,252.0,,2139.549,0.0,0.0,252.0,56.983,,,0.0,1.0,,True,completed
447,car,633.0,1177.0,544.0,,2276.491,47.0,283.0,261.0,335.61,,,0.5202,0.4798,,True,completed
963,car,963.0,1177.0,214.0,,1972.624,5.0,13.0,201.0,34.784,,,0.0607,0.9393,,True,completed
960,truck,961.0,1179.0,218.0,,1730.217,0.0,0.0,218.0,8.949,,,0.0,1.0,,True,completed
1120,car,1048.0,1180.0,132.0,,1392.721,0.0,0.0,132.0,5.654,,,0.0,1.0,,True,completed
1115,car,1045.0,1181.0,136.0,,984.677,0.0,6.0,130.0,24.626,,,0.0441,0.9559,,True,completed
492,car,660.0,1181.0,521.0,,2237.935,45.0,264.0,257.0,316.898,,,0.5067,0.4933,,True,completed
779,car,854.0,1181.0,327.0,,2583.042,0.0,0.0,327.0,42.789,,,0.0,1.0,,True,completed
1192,car,1087.0,1183.0,96.0,,884.823,5.0,5.0,91.0,14.517,,,0.0521,0.9479,,True,completed
1225,car,1107.0,1183.0,76.0,,765.738,0.0,0.0,76.0,6.083,,,0.0,1.0,,True,completed
547,car,700.0,1187.0,487.0,,1624.396,50.0,253.0,234.0,326.86,,,0.5195,0.4805,,True,completed
1152,car,1066.0,1189.0,123.0,,1167.917,0.0,0.0,123.0,13.566,,,0.0,1.0,,True,completed
1160,car,1069.0,1189.0,120.0,,897.88,11.0,15.0,105.0,34.547,,,0.125,0.875,,True,completed
442,car,622.0,1189.0,567.0,,2423.345,36.0,296.0,271.0,347.173,,,0.522,0.478,,True,completed
992,car,981.0,1189.0,208.0,,1900.712,6.0,7.0,201.0,33.152,,,0.0337,0.9663,,True,completed
1230,car,1108.0,1194.0,86.0,,867.197,0.0,0.0,86.0,6.201,,,0.0,1.0,,True,completed
697,car,801.0,1194.0,393.0,,1636.306,28.0,212.0,181.0,243.564,,,0.5394,0.4606,,True,completed
489,car,659.0,1196.0,537.0,,2004.47,30.0,287.0,250.0,339.686,,,0.5345,0.4655,,True,completed
870,truck,915.0,1197.0,282.0,,2190.289,0.0,0.0,282.0,17.78,,,0.0,1.0,,True,completed
1252,car,1119.0,1198.0,79.0,,674.216,7.0,7.0,72.0,16.387,,,0.0886,0.9114,,True,completed
557,car,707.0,1201.0,494.0,,2242.056,26.0,226.0,268.0,290.137,,,0.4575,0.5425,,True,completed
767,car,846.0,1203.0,357.0,,2615.831,16.0,71.0,286.0,119.928,,,0.1989,0.8011,,True,completed
1050,car,1014.0,1204.0,190.0,,1840.643,0.0,0.0,190.0,15.086,,,0.0,1.0,,True,completed
1151,truck,1065.0,1205.0,140.0,,736.44,39.0,39.0,101.0,49.756,,,0.2786,0.7214,,True,completed
36,car,56.0,1208.0,1152.0,,2308.844,33.0,815.0,337.0,930.823,,,0.7075,0.2925,,True,completed
1106,truck,1042.0,1209.0,167.0,,1241.13,0.0,0.0,167.0,16.564,,,0.0,1.0,,True,completed
439,car,621.0,1211.0,590.0,,2504.852,73.0,306.0,284.0,362.824,,,0.5186,0.4814,,True,completed
941,car,950.0,1215.0,265.0,,2270.739,0.0,0.0,265.0,56.532,,,0.0,1.0,,True,completed
1330,car,1161.0,1216.0,55.0,,573.292,0.0,0.0,55.0,2.403,,,0.0,1.0,,True,completed
844,car,902.0,1216.0,314.0,,2248.887,0.0,15.0,299.0,44.357,,,0.0478,0.9522,,True,completed
857,car,909.0,1218.0,309.0,,2128.15,1.0,26.0,283.0,86.328,,,0.0841,0.9159,,True,completed
1141,truck,1055.0,1221.0,166.0,,1086.602,6.0,15.0,151.0,34.096,,,0.0904,0.9096,,True,completed
1302,car,1146.0,1222.0,76.0,,686.882,0.0,0.0,76.0,13.18,,,0.0,1.0,,True,completed
1293,car,1143.0,1227.0,84.0,,689.826,4.0,4.0,80.0,15.483,,,0.0476,0.9524,,True,completed
1294,car,1144.0,1228.0,84.0,,632.532,9.0,9.0,75.0,26.072,,,0.1071,0.8929,,True,completed
855,truck,908.0,1230.0,322.0,,1758.28,34.0,82.0,240.0,108.455,,,0.2547,0.7453,,True,completed
1004,car,989.0,1231.0,242.0,,1981.692,17.0,31.0,211.0,60.42,,,0.1281,0.8719,,True,completed
583,car,723.0,1233.0,510.0,,1628.066,12.0,226.0,284.0,350.509,,,0.4431,0.5569,,True,completed
833,car,897.0,1233.0,336.0,,2784.011,6.0,8.0,328.0,51.516,,,0.0238,0.9762,,True,completed
1084,car,1032.0,1234.0,202.0,,1896.167,2.0,9.0,193.0,29.221,,,0.0446,0.9554,,True,completed
1238,car,1112.0,1234.0,122.0,,845.246,0.0,0.0,122.0,19.883,,,0.0,1.0,,True,completed
931,car,944.0,1235.0,291.0,,1797.082,46.0,76.0,215.0,119.519,,,0.2612,0.7388,,True,completed
1334,car,1162.0,1240.0,78.0,,668.807,2.0,2.0,76.0,11.653,,,0.0256,0.9744,,True,completed
1234,car,1109.0,1244.0,135.0,,1375.042,0.0,0.0,135.0,9.129,,,0.0,1.0,,True,completed
1303,car,1146.0,1246.0,100.0,,945.516,2.0,2.0,98.0,12.425,,,0.02,0.98,,True,completed
967,car,965.0,1246.0,281.0,,1592.313,36.0,72.0,209.0,126.108,,,0.2562,0.7438,,True,completed
882,car,921.0,1247.0,326.0,,2370.832,73.0,73.0,253.0,99.331,,,0.2239,0.7761,,True,completed
1329,car,1160.0,1248.0,88.0,,691.005,1.0,1.0,87.0,23.796,,,0.0114,0.9886,,True,completed
210,truck,359.0,1251.0,892.0,,1636.301,35.0,659.0,233.0,695.416,,,0.7388,0.2612,,True,completed
635,truck,755.0,1251.0,496.0,,1088.577,0.0,357.0,139.0,365.926,,,0.7198,0.2802,,True,completed
1218,car,1102.0,1253.0,151.0,,1474.529,3.0,3.0,148.0,16.514,,,0.0199,0.9801,,True,completed
934,car,945.0,1255.0,310.0,,2371.803,36.0,36.0,274.0,72.194,,,0.1161,0.8839,,True,completed
1317,car,1151.0,1257.0,106.0,,592.016,28.0,28.0,78.0,36.599,,,0.2642,0.7358,,True,completed
1074,car,1028.0,1258.0,230.0,,2067.22,2.0,17.0,213.0,40.846,,,0.0739,0.9261,,True,completed
730,truck,818.0,1259.0,441.0,,1683.685,7.0,162.0,279.0,237.513,,,0.3673,0.6327,,True,completed
1259,car,1123.0,1262.0,139.0,,1129.833,8.0,8.0,131.0,33.616,,,0.0576,0.9424,,True,completed
1020,car,998.0,1268.0,270.0,,2333.356,0.0,16.0,254.0,58.532,,,0.0593,0.9407,,True,completed
1217,car,1102.0,1269.0,167.0,,1525.897,2.0,16.0,151.0,28.668,,,0.0958,0.9042,,True,completed
998,car,984.0,1271.0,287.0,,2617.205,0.0,10.0,277.0,49.255,,,0.0348,0.9652,,True,completed
1093,car,1036.0,1273.0,237.0,,1817.451,0.0,12.0,225.0,42.474,,,0.0506,0.9494,,True,completed
486,car,652.0,1275.0,623.0,,3089.344,0.0,271.0,352.0,330.568,,,0.435,0.565,,True,completed
1372,car,1190.0,1277.0,87.0,,685.003,0.0,0.0,87.0,6.106,,,0.0,1.0,,True,completed
1122,car,1049.0,1280.0,231.0,,1939.962,0.0,11.0,220.0,53.233,,,0.0476,0.9524,,True,completed
1124,car,1049.0,1285.0,236.0,,1768.35,0.0,5.0,231.0,29.641,,,0.0212,0.9788,,True,completed
1127,car,1050.0,1287.0,237.0,,2096.525,4.0,10.0,227.0,46.353,,,0.0422,0.9578,,True,completed
1187,car,1083.0,1288.0,205.0,,1895.953,1.0,1.0,204.0,22.464,,,0.0049,0.9951,,True,completed
1157,car,1067.0,1289.0,222.0,,2035.846,4.0,10.0,212.0,36.675,,,0.045,0.955,,True,completed
1429,car,1224.0,1289.0,65.0,,551.878,7.0,7.0,58.0,13.98,,,0.1077,0.8923,,True,completed
1207,car,1095.0,1291.0,196.0,,1903.034,0.0,0.0,196.0,15.943,,,0.0,1.0,,True,completed
1189,car,1084.0,1294.0,210.0,,1912.916,0.0,0.0,210.0,35.127,,,0.0,1.0,,True,completed
1420,car,1220.0,1296.0,76.0,,741.402,0.0,0.0,76.0,7.306,,,0.0,1.0,,True,completed
1345,car,1169.0,1299.0,130.0,,1106.269,0.0,0.0,130.0,12.462,,,0.0,1.0,,True,completed
1443,car,1238.0,1299.0,61.0,,564.294,0.0,0.0,61.0,6.811,,,0.0,1.0,,True,completed
1171,truck,1075.0,1302.0,227.0,,1696.996,0.0,0.0,227.0,12.899,,,0.0,1.0,,True,completed
1401,truck,1209.0,1304.0,95.0,,730.576,0.0,0.0,95.0,6.068,,,0.0,1.0,,True,completed
1325,car,1156.0,1305.0,149.0,,1502.322,0.0,0.0,149.0,9.074,,,0.0,1.0,,True,completed
1144,car,1058.0,1309.0,251.0,,2061.619,9.0,23.0,228.0,60.883,,,0.0916,0.9084,,True,completed
1261,truck,1124.0,1318.0,194.0,,770.956,79.0,79.0,115.0,99.284,,,0.4072,0.5928,,True,completed
1424,car,1221.0,1321.0,100.0,,990.172,0.0,0.0,100.0,9.013,,,0.0,1.0,,True,completed
351,car,540.0,1322.0,782.0,,1359.533,98.0,598.0,184.0,655.632,,,0.7647,0.2353,,True,completed
1306,truck,1147.0,1328.0,181.0,,1159.334,3.0,16.0,165.0,39.18,,,0.0884,0.9116,,True,completed
346,car,537.0,1330.0,793.0,,1616.431,90.0,598.0,195.0,647.022,,,0.7541,0.2459,,True,completed
752,car,836.0,1331.0,495.0,,1576.965,21.0,265.0,230.0,350.944,,,0.5354,0.4646,,True,completed
1480,car,1274.0,1332.0,58.0,,373.751,11.0,11.0,47.0,19.225,,,0.1897,0.8103,,True,completed
567,car,712.0,1333.0,621.0,,2502.647,65.0,337.0,284.0,392.797,,,0.5427,0.4573,,True,completed
66,car,117.0,1336.0,1219.0,,2311.421,91.0,968.0,251.0,1004.871,,,0.7941,0.2059,,True,completed
838,car,901.0,1338.0,437.0,,1264.898,73.0,242.0,195.0,321.025,,,0.5538,0.4462,,True,completed
1430,car,1225.0,1339.0,114.0,,1015.764,7.0,7.0,107.0,20.576,,,0.0614,0.9386,,True,completed
1465,car,1259.0,1342.0,83.0,,666.702,2.0,2.0,81.0,14.696,,,0.0241,0.9759,,True,completed
1244,car,1112.0,1346.0,234.0,,1529.545,40.0,57.0,177.0,88.643,,,0.2436,0.7564,,True,completed
1168,car,1074.0,1348.0,274.0,,2456.835,0.0,11.0,263.0,40.601,,,0.0401,0.9599,,True,completed
1212,car,1098.0,1350.0,252.0,,2346.582,0.0,5.0,247.0,34.526,,,0.0198,0.9802,,True,completed
1471,truck,1267.0,1354.0,87.0,,675.203,0.0,0.0,87.0,4.486,,,0.0,1.0,,True,completed
851,car,905.0,1357.0,452.0,,1685.434,68.0,195.0,257.0,296.646,,,0.4314,0.5686,,True,completed
1408,car,1213.0,1361.0,148.0,,1424.854,0.0,0.0,148.0,13.73,,,0.0,1.0,,True,completed
1360,car,1183.0,1363.0,180.0,,1596.818,0.0,0.0,180.0,20.355,,,0.0,1.0,,True,completed
1457,car,1249.0,1365.0,116.0,,1145.979,0.0,0.0,116.0,7.898,,,0.0,1.0,,True,completed
1253,car,1122.0,1372.0,250.0,,1448.851,65.0,85.0,165.0,114.06,,,0.34,0.66,,True,completed
1014,car,993.0,1376.0,383.0,,698.436,91.0,300.0,83.0,317.059,,,0.7833,0.2167,,True,completed
1055,car,1017.0,1378.0,361.0,,1538.11,19.0,149.0,212.0,214.911,,,0.4127,0.5873,,True,completed
854,car,907.0,1378.0,471.0,,1666.912,88.0,300.0,171.0,316.755,,,0.6369,0.3631,,True,completed
1154,car,1066.0,1380.0,314.0,,2578.22,0.0,3.0,311.0,39.997,,,0.0096,0.9904,,True,completed
1419,car,1219.0,1380.0,161.0,,1607.575,0.0,0.0,161.0,14.966,,,0.0,1.0,,True,completed
1576,truck,1353.0,1380.0,27.0,,179.485,0.0,0.0,27.0,3.976,,,0.0,1.0,,True,completed
1223,car,1105.0,1386.0,281.0,,2277.342,0.0,6.0,275.0,35.886,,,0.0214,0.9786,,True,completed
1570,car,1348.0,1390.0,42.0,,433.752,0.0,0.0,42.0,1.962,,,0.0,1.0,,True,completed
1061,truck,1021.0,1393.0,372.0,,,0.0,300.0,72.0,0.0,,,0.8065,0.1935,,True,completed
1393,car,1202.0,1393.0,191.0,,1667.635,0.0,0.0,191.0,27.53,,,0.0,1.0,,True,completed
1489,car,1284.0,1393.0,109.0,,903.296,7.0,7.0,102.0,25.701,,,0.0642,0.9358,,True,completed
98,car,175.0,1394.0,1219.0,,2373.862,97.0,950.0,269.0,1003.665,,,0.7793,0.2207,,True,completed
1542,car,1329.0,1395.0,66.0,,666.354,0.0,0.0,66.0,5.028,,,0.0,1.0,,True,completed
750,truck,834.0,1395.0,561.0,,1562.23,80.0,344.0,217.0,372.305,,,0.6132,0.3868,,True,completed
1313,car,1151.0,1396.0,245.0,,2218.237,10.0,13.0,232.0,42.291,,,0.0531,0.9469,,True,completed
1385,car,1199.0,1397.0,198.0,,1868.159,0.0,1.0,197.0,19.493,,,0.0051,0.9949,,True,completed
1479,car,1276.0,1398.0,122.0,,823.579,16.0,17.0,105.0,36.0,,,0.1393,0.8607,,True,completed
890,truck,925.0,1399.0,474.0,,1626.462,85.0,249.0,225.0,277.746,,,0.5253,0.4747,,True,completed
1403,car,1210.0,1400.0,190.0,,1298.319,24.0,24.0,166.0,45.211,,,0.1263,0.8737,,True,completed
1138,car,1055.0,1401.0,346.0,,2595.366,16.0,44.0,302.0,107.024,,,0.1272,0.8728,,True,completed
1502,car,1292.0,1401.0,109.0,,975.333,0.0,0.0,109.0,9.949,,,0.0,1.0,,True,completed
818,car,887.0,1408.0,521.0,,1725.775,27.0,272.0,249.0,364.328,,,0.5221,0.4779,,True,completed
790,truck,863.0,1413.0,550.0,,1469.538,11.0,282.0,268.0,368.725,,,0.5127,0.4873,,True,completed
1523,car,1312.0,1414.0,102.0,,906.71,5.0,5.0,97.0,18.51,,,0.049,0.951,,True,completed
1517,car,1309.0,1416.0,107.0,,1073.732,0.0,0.0,107.0,7.411,,,0.0,1.0,,True,completed
1538,car,1324.0,1416.0,92.0,,802.3,6.0,7.0,85.0,17.721,,,0.0761,0.9239,,True,completed
1530,car,1318.0,1417.0,99.0,,889.473,0.0,0.0,99.0,11.412,,,0.0,1.0,,True,completed
902,car,932.0,1418.0,486.0,,1612.062,64.0,302.0,184.0,339.285,,,0.6214,0.3786,,True,completed
1581,truck,1356.0,1424.0,68.0,,529.415,0.0,0.0,68.0,2.947,,,0.0,1.0,,True,completed
1574,car,1352.0,1425.0,73.0,,734.345,0.0,0.0,73.0,5.908,,,0.0,1.0,,True,completed
1432,car,1228.0,1427.0,199.0,,1038.284,6.0,55.0,144.0,77.484,,,0.2764,0.7236,,True,completed
1555,car,1339.0,1428.0,89.0,,816.81,2.0,3.0,86.0,14.173,,,0.0337,0.9663,,True,completed
772,car,848.0,1428.0,580.0,,1159.598,14.0,358.0,222.0,448.144,,,0.6172,0.3828,,True,completed
1601,truck,1372.0,1431.0,59.0,,463.798,0.0,0.0,59.0,2.322,,,0.0,1.0,,True,completed
1404,car,1211.0,1432.0,221.0,,1825.627,0.0,7.0,214.0,28.417,,,0.0317,0.9683,,True,completed
1488,car,1284.0,1434.0,150.0,,1328.299,5.0,7.0,143.0,25.92,,,0.0467,0.9533,,True,completed
395,truck,591.0,1434.0,843.0,,3085.643,0.0,401.0,442.0,469.319,,,0.4757,0.5243,,True,completed
975,truck,968.0,1438.0,470.0,,1558.91,48.0,242.0,228.0,281.393,,,0.5149,0.4851,,True,completed
500,truck,667.0,1443.0,776.0,,1717.81,89.0,535.0,241.0,569.316,,,0.6894,0.3106,,True,completed
1170,car,1075.0,1445.0,370.0,,1186.025,50.0,196.0,174.0,261.815,,,0.5297,0.4703,,True,completed
1048,car,1013.0,1450.0,437.0,,1915.492,44.0,182.0,255.0,262.09,,,0.4165,0.5835,,True,completed
1595,car,1370.0,1450.0,80.0,,744.253,0.0,0.0,80.0,10.925,,,0.0,1.0,,True,completed
1453,car,1243.0,1452.0,209.0,,2018.071,0.0,2.0,207.0,23.629,,,0.0096,0.9904,,True,completed
1462,car,1254.0,1453.0,199.0,,1628.92,25.0,25.0,174.0,48.166,,,0.1256,0.8744,,True,completed
1560,car,1342.0,1454.0,112.0,,1147.967,0.0,0.0,112.0,6.877,,,0.0,1.0,,True,completed
1344,car,1169.0,1456.0,287.0,,2335.618,2.0,23.0,264.0,68.434,,,0.0801,0.9199,,True,completed
933,car,945.0,1458.0,513.0,,2186.492,43.0,256.0,257.0,312.935,,,0.499,0.501,,True,completed
1624,car,1391.0,1459.0,68.0,,583.085,7.0,7.0,61.0,14.522,,,0.1029,0.8971,,True,completed
598,car,734.0,1460.0,726.0,,1866.406,33.0,433.0,293.0,555.642,,,0.5964,0.4036,,True,completed
1565,car,1345.0,1461.0,116.0,,984.532,0.0,0.0,116.0,13.244,,,0.0,1.0,,True,completed
211,car,364.0,1462.0,1098.0,,2191.585,33.0,715.0,383.0,822.204,,,0.6512,0.3488,,True,completed
1483,car,1279.0,1463.0,184.0,,1778.092,0.0,3.0,181.0,21.925,,,0.0163,0.9837,,True,completed
595,truck,732.0,1464.0,732.0,,1856.963,32.0,427.0,305.0,507.953,,,0.5833,0.4167,,True,completed
1262,car,1124.0,1469.0,345.0,,1335.881,25.0,156.0,189.0,222.397,,,0.4522,0.5478,,True,completed
1512,car,1303.0,1470.0,167.0,,1323.813,15.0,15.0,152.0,39.518,,,0.0898,0.9102,,True,completed
1591,truck,1368.0,1470.0,102.0,,750.469,0.0,0.0,102.0,10.649,,,0.0,1.0,,True,completed
450,truck,628.0,1475.0,847.0,,2005.722,20.0,508.0,339.0,604.977,,,0.5998,0.4002,,True,completed
1000,car,985.0,1477.0,492.0,,1270.582,94.0,349.0,143.0,376.128,,,0.7093,0.2907,,True,completed
1280,car,1134.0,1478.0,344.0,,1557.704,17.0,130.0,214.0,201.706,,,0.3779,0.6221,,True,completed
1663,car,1425.0,1478.0,53.0,,547.983,0.0,0.0,53.0,2.681,,,0.0,1.0,,True,completed
738,car,825.0,1484.0,659.0,,2018.212,15.0,349.0,310.0,475.831,,,0.5296,0.4704,,True,completed
1135,car,1053.0,1486.0,433.0,,1645.452,95.0,254.0,179.0,283.908,,,0.5866,0.4134,,True,completed
886,car,922.0,1487.0,565.0,,2572.079,6.0,292.0,273.0,320.483,,,0.5168,0.4832,,True,completed
1698,car,1449.0,1489.0,40.0,,415.023,0.0,0.0,40.0,1.648,,,0.0,1.0,,True,completed
728,car,816.0,1489.0,673.0,,2273.789,93.0,376.0,297.0,459.306,,,0.5587,0.4413,,True,completed
928,car,943.0,1495.0,552.0,,2437.592,4.0,303.0,249.0,330.455,,,0.5489,0.4511,,True,completed
999,car,984.0,1495.0,511.0,,1847.527,0.0,303.0,208.0,337.752,,,0.593,0.407,,True,completed
1296,truck,1144.0,1497.0,353.0,,1558.512,14.0,93.0,260.0,164.648,,,0.2635,0.7365,,True,completed
1664,car,1425.0,1498.0,73.0,,700.983,1.0,1.0,72.0,8.441,,,0.0137,0.9863,,True,completed
441,car,622.0,1498.0,876.0,,2048.213,91.0,628.0,248.0,682.003,,,0.7169,0.2831,,True,completed
285,truck,466.0,1499.0,1033.0,,2491.88,100.0,625.0,408.0,669.409,,,0.605,0.395,,True,completed
1444,car,1238.0,1501.0,263.0,,475.904,95.0,204.0,59.0,219.117,,,0.7757,0.2243,,True,completed
1183,car,1081.0,1508.0,427.0,,2339.481,82.0,176.0,251.0,211.399,,,0.4122,0.5878,,True,completed
828,car,891.0,1509.0,618.0,,1975.531,4.0,295.0,323.0,436.042,,,0.4773,0.5227,,True,completed
820,truck,888.0,1512.0,624.0,,2431.974,0.0,306.0,318.0,330.738,,,0.4904,0.5096,,True,completed
268,car,443.0,1513.0,1070.0,,2014.74,77.0,820.0,250.0,882.574,,,0.7664,0.2336,,True,completed
937,car,949.0,1515.0,566.0,,2436.297,6.0,296.0,270.0,344.109,,,0.523,0.477,,True,completed
1702,car,1451.0,1516.0,65.0,,601.507,0.0,0.0,65.0,8.389,,,0.0,1.0,,True,completed
1710,car,1456.0,1518.0,62.0,,645.912,0.0,0.0,62.0,2.651,,,0.0,1.0,,True,completed
1269,car,1129.0,1523.0,394.0,,1898.028,78.0,168.0,226.0,211.218,,,0.4264,0.5736,,True,completed
1332,car,1161.0,1526.0,365.0,,1493.365,71.0,166.0,199.0,222.136,,,0.4548,0.5452,,True,completed
339,car,530.0,1530.0,1000.0,,1189.344,73.0,821.0,179.0,890.659,,,0.821,0.179,,True,completed
1600,car,1371.0,1534.0,163.0,,1587.078,0.0,8.0,155.0,18.254,,,0.0491,0.9509,,True,completed
1070,car,1024.0,1535.0,511.0,,2431.612,4.0,240.0,271.0,290.569,,,0.4697,0.5303,,True,completed
488,car,656.0,1540.0,884.0,,2556.342,3.0,539.0,345.0,651.124,,,0.6097,0.3903,,True,completed
40,truck,67.0,1541.0,1474.0,,2697.982,56.0,1107.0,367.0,1152.32,,,0.751,0.249,,True,completed
1525,car,1316.0,1544.0,228.0,,2185.017,0.0,0.0,228.0,19.916,,,0.0,1.0,,True,completed
1685,car,1442.0,1550.0,108.0,,986.058,1.0,1.0,107.0,17.467,,,0.0093,0.9907,,True,completed
1248,car,1116.0,1551.0,435.0,,1527.511,70.0,266.0,169.0,289.682,,,0.6115,0.3885,,True,completed
1557,car,1340.0,1551.0,211.0,,1969.707,8.0,8.0,203.0,29.793,,,0.0379,0.9621,,True,completed
1602,car,1373.0,1554.0,181.0,,1049.369,64.0,64.0,117.0,83.564,,,0.3536,0.6464,,True,completed
1712,car,1458.0,1568.0,110.0,,972.229,3.0,3.0,107.0,15.848,,,0.0273,0.9727,,True,completed
1709,car,1456.0,1571.0,115.0,,1005.335,0.0,0.0,115.0,17.462,,,0.0,1.0,,True,completed
1661,truck,1423.0,1572.0,149.0,,1130.093,0.0,0.0,149.0,11.289,,,0.0,1.0,,True,completed
1760,car,1507.0,1574.0,67.0,,535.243,0.0,0.0,67.0,15.772,,,0.0,1.0,,True,completed
1784,car,1533.0,1576.0,43.0,,444.922,0.0,0.0,43.0,1.957,,,0.0,1.0,,True,completed
425,truck,615.0,1576.0,961.0,,774.076,34.0,705.0,256.0,726.764,,,0.7336,0.2664,,True,completed
1526,truck,1316.0,1591.0,275.0,,2119.53,0.0,0.0,275.0,13.926,,,0.0,1.0,,True,completed
1522,car,1311.0,1599.0,288.0,,2412.259,0.0,10.0,278.0,69.06,,,0.0347,0.9653,,True,completed
1732,car,1484.0,1599.0,115.0,,971.327,2.0,10.0,105.0,20.948,,,0.087,0.913,,True,completed
1364,car,1187.0,1609.0,422.0,,1723.348,25.0,178.0,244.0,265.292,,,0.4218,0.5782,,True,completed
1626,truck,1393.0,1610.0,217.0,,1587.186,4.0,4.0,213.0,25.424,,,0.0184,0.9816,,True,completed
10,truck,12.0,1616.0,1604.0,,1939.593,92.0,1327.0,277.0,1369.493,,,0.8273,0.1727,,True,completed
1790,car,1539.0,1618.0,79.0,,785.782,0.0,0.0,79.0,6.445,,,0.0,1.0,,True,completed
1504,car,1303.0,1622.0,319.0,,681.793,91.0,241.0,78.0,254.996,,,0.7555,0.2445,,True,completed
1812,car,1574.0,1622.0,48.0,,378.081,0.0,0.0,48.0,3.607,,,0.0,1.0,,True,completed
344,car,534.0,1630.0,1096.0,,1685.35,98.0,900.0,196.0,942.507,,,0.8212,0.1788,,True,completed
914,car,936.0,1631.0,695.0,,2124.549,0.0,404.0,291.0,459.923,,,0.5813,0.4187,,True,completed
1007,car,990.0,1633.0,643.0,,1688.692,0.0,408.0,235.0,457.39,,,0.6345,0.3655,,True,completed
402,car,602.0,1633.0,1031.0,,1309.365,96.0,852.0,179.0,897.461,,,0.8264,0.1736,,True,completed
400,truck,599.0,1636.0,1037.0,,1503.411,94.0,827.0,210.0,852.961,,,0.7975,0.2025,,True,completed
391,car,593.0,1637.0,1044.0,,1328.157,91.0,897.0,147.0,923.607,,,0.8592,0.1408,,True,completed
813,car,882.0,1639.0,757.0,,1122.732,92.0,586.0,171.0,633.605,,,0.7741,0.2259,,True,completed
498,car,665.0,1641.0,976.0,,1304.839,91.0,788.0,188.0,847.093,,,0.8074,0.1926,,True,completed
852,car,905.0,1643.0,738.0,,1121.383,90.0,586.0,152.0,619.8,,,0.794,0.206,,True,completed
836,car,899.0,1645.0,746.0,,1581.557,89.0,541.0,205.0,588.412,,,0.7252,0.2748,,True,completed
1045,car,1011.0,1647.0,636.0,,1615.737,88.0,444.0,192.0,480.447,,,0.6981,0.3019,,True,completed
1451,truck,1243.0,1649.0,406.0,,1538.213,0.0,199.0,207.0,219.617,,,0.4901,0.5099,,True,completed
295,truck,475.0,1650.0,1175.0,,2369.578,86.0,833.0,342.0,889.212,,,0.7089,0.2911,,True,completed
602,car,736.0,1659.0,923.0,,2399.91,45.0,596.0,327.0,691.372,,,0.6457,0.3543,,True,completed
81,car,140.0,1663.0,1523.0,,1183.83,100.0,1329.0,194.0,1354.383,,,0.8726,0.1274,,True,completed
1389,car,1201.0,1682.0,481.0,,1259.249,69.0,340.0,141.0,365.777,,,0.7069,0.2931,,True,completed
267,car,442.0,1683.0,1241.0,,860.4,100.0,1150.0,91.0,1162.548,,,0.9267,0.0733,,True,completed
966,car,965.0,1689.0,724.0,,1812.178,62.0,530.0,194.0,558.63,,,0.732,0.268,,True,completed
1096,truck,1038.0,1691.0,653.0,,2417.051,41.0,341.0,312.0,371.152,,,0.5222,0.4778,,True,completed
1730,car,1481.0,1691.0,210.0,,1023.126,95.0,102.0,108.0,115.838,,,0.4857,0.5143,,True,completed
1321,truck,1156.0,1692.0,536.0,,1769.132,79.0,298.0,238.0,322.511,,,0.556,0.444,,True,completed
978,car,969.0,1693.0,724.0,,1825.719,59.0,527.0,197.0,556.897,,,0.7279,0.2721,,True,completed
1406,truck,1213.0,1697.0,484.0,,1454.268,76.0,289.0,195.0,307.083,,,0.5971,0.4029,,True,completed
1750,car,1499.0,1698.0,199.0,,1867.44,0.0,0.0,199.0,17.85,,,0.0,1.0,,True,completed
597,car,734.0,1698.0,964.0,,2193.421,55.0,569.0,395.0,752.538,,,0.5902,0.4098,,True,completed
1743,car,1491.0,1711.0,220.0,,1504.774,48.0,66.0,154.0,83.569,,,0.3,0.7,,True,completed
1729,car,1480.0,1712.0,232.0,,2041.886,4.0,14.0,218.0,37.404,,,0.0603,0.9397,,True,completed
1448,car,1241.0,1719.0,478.0,,2065.024,96.0,239.0,239.0,285.646,,,0.5,0.5,,True,completed
1687,car,1444.0,1726.0,282.0,,637.934,92.0,206.0,76.0,223.585,,,0.7305,0.2695,,True,completed
1637,car,1402.0,1738.0,336.0,,1482.071,81.0,184.0,152.0,199.855,,,0.5476,0.4524,,True,completed
1646,truck,1409.0,1743.0,334.0,,1369.694,85.0,142.0,192.0,168.38,,,0.4251,0.5749,,True,completed
150,truck,273.0,1748.0,1475.0,,922.212,92.0,1215.0,260.0,1248.404,,,0.8237,0.1763,,True,completed
1773,car,1520.0,1749.0,229.0,,735.599,78.0,141.0,88.0,158.087,,,0.6157,0.3843,,True,completed
1335,car,1163.0,1751.0,588.0,,1469.794,75.0,392.0,196.0,448.217,,,0.6667,0.3333,,True,completed
1860,car,1642.0,1753.0,111.0,,1152.537,0.0,0.0,111.0,5.887,,,0.0,1.0,,True,completed
974,car,968.0,1760.0,792.0,,1205.776,69.0,517.0,275.0,681.749,,,0.6528,0.3472,,True,completed
1856,truck,1636.0,1764.0,128.0,,969.608,0.0,0.0,128.0,7.794,,,0.0,1.0,,True,completed
1877,car,1662.0,1766.0,104.0,,909.17,2.0,2.0,102.0,19.313,,,0.0192,0.9808,,True,completed
448,car,627.0,1766.0,1139.0,,2565.1,73.0,836.0,303.0,906.306,,,0.734,0.266,,True,completed
1728,car,1479.0,1768.0,289.0,,964.646,52.0,182.0,107.0,195.578,,,0.6298,0.3702,,True,completed
973,car,967.0,1768.0,801.0,,1471.559,66.0,483.0,318.0,659.675,,,0.603,0.397,,True,completed
1079,car,1030.0,1770.0,740.0,,1228.856,52.0,473.0,267.0,626.716,,,0.6392,0.3608,,True,completed
1102,car,1647.0,1772.0,125.0,,681.265,47.0,47.0,78.0,61.944,,,0.376,0.624,,True,completed
1871,truck,1652.0,1787.0,135.0,,733.035,31.0,31.0,104.0,46.001,,,0.2296,0.7704,,True,completed
1319,car,1154.0,1788.0,634.0,,2582.191,0.0,298.0,336.0,355.941,,,0.47,0.53,,True,completed
100,truck,181.0,,1619.0,,1797.668,100.0,1353.0,266.0,1404.327,,,0.8357,0.1643,,False,on_map_at_end
1001,truck,986.0,,814.0,,346.382,100.0,732.0,82.0,772.418,,,0.8993,0.1007,,False,on_map_at_end
1002,car,987.0,,813.0,,1709.528,99.0,623.0,190.0,656.436,,,0.7663,0.2337,,False,on_map_at_end
1003,car,987.0,,813.0,,388.732,38.0,685.0,128.0,768.933,,,0.8426,0.1574,,False,on_map_at_end
1005,car,989.0,,811.0,,751.895,91.0,665.0,146.0,743.185,,,0.82,0.18,,False,on_map_at_end
1006,truck,989.0,,811.0,,333.381,100.0,730.0,81.0,770.978,,,0.9001,0.0999,,False,on_map_at_end
1008,car,990.0,,810.0,,1246.746,90.0,641.0,169.0,692.322,,,0.7914,0.2086,,False,on_map_at_end
1009,car,991.0,,809.0,,1311.143,100.0,655.0,154.0,685.187,,,0.8096,0.1904,,False,on_map_at_end
1010,car,991.0,,809.0,,383.569,96.0,704.0,105.0,774.164,,,0.8702,0.1298,,False,on_map_at_end
1011,truck,991.0,,809.0,,717.209,100.0,672.0,137.0,722.9,,,0.8307,0.1693,,False,on_map_at_end
1012,car,991.0,,809.0,,900.267,93.0,669.0,140.0,718.303,,,0.8269,0.1731,,False,on_map_at_end
1013,car,992.0,,808.0,,2112.62,100.0,555.0,253.0,615.785,,,0.6869,0.3131,,False,on_map_at_end
1015,car,993.0,,807.0,,1532.978,100.0,594.0,213.0,668.856,,,0.7361,0.2639,,False,on_map_at_end
1016,truck,995.0,,805.0,,1461.147,100.0,603.0,202.0,629.397,,,0.7491,0.2509,,False,on_map_at_end
1017,car,996.0,,804.0,,1439.785,90.0,508.0,296.0,658.217,,,0.6318,0.3682,,False,on_map_at_end
1018,car,997.0,,803.0,,791.909,100.0,649.0,154.0,689.368,,,0.8082,0.1918,,False,on_map_at_end
1019,car,998.0,,802.0,,1572.287,93.0,613.0,189.0,658.285,,,0.7643,0.2357,,False,on_map_at_end
1021,truck,998.0,,802.0,,691.075,91.0,688.0,114.0,718.9,,,0.8579,0.1421,,False,on_map_at_end
1023,car,1000.0,,800.0,,438.788,84.0,698.0,102.0,739.671,,,0.8725,0.1275,,False,on_map_at_end
1024,car,1000.0,,800.0,,1687.206,95.0,600.0,200.0,646.508,,,0.75,0.25,,False,on_map_at_end
1025,car,1346.0,,454.0,,930.092,100.0,352.0,102.0,369.913,,,0.7753,0.2247,,False,on_map_at_end
1027,car,1001.0,,799.0,,808.761,100.0,687.0,112.0,721.706,,,0.8598,0.1402,,False,on_map_at_end
1028,car,1001.0,,799.0,,1407.077,91.0,619.0,180.0,670.821,,,0.7747,0.2253,,False,on_map_at_end
103,car,184.0,,1616.0,,2493.168,91.0,1314.0,302.0,1372.942,,,0.8131,0.1869,,False,on_map_at_end
1033,car,1005.0,,795.0,,1051.67,79.0,682.0,113.0,700.615,,,0.8579,0.1421,,False,on_map_at_end
1034,car,1006.0,,794.0,,1262.31,95.0,611.0,183.0,680.087,,,0.7695,0.2305,,False,on_map_at_end
1035,car,1006.0,,794.0,,260.493,100.0,736.0,58.0,759.122,,,0.927,0.073,,False,on_map_at_end
1036,truck,1007.0,,793.0,,320.38,100.0,717.0,76.0,754.539,,,0.9042,0.0958,,False,on_map_at_end
1037,car,1369.0,,431.0,,426.285,87.0,351.0,80.0,392.356,,,0.8144,0.1856,,False,on_map_at_end
1038,car,1008.0,,792.0,,801.26,100.0,686.0,106.0,715.214,,,0.8662,0.1338,,False,on_map_at_end
1039,car,1008.0,,792.0,,379.013,100.0,709.0,83.0,748.503,,,0.8952,0.1048,,False,on_map_at_end
1041,truck,1009.0,,791.0,,1140.095,0.0,619.0,172.0,651.652,,,0.7826,0.2174,,False,on_map_at_end
1042,car,1009.0,,791.0,,694.706,100.0,662.0,129.0,728.062,,,0.8369,0.1631,,False,on_map_at_end
1043,car,1010.0,,790.0,,312.879,100.0,716.0,74.0,761.841,,,0.9063,0.0937,,False,on_map_at_end
1044,car,1010.0,,790.0,,1012.976,100.0,573.0,217.0,698.831,,,0.7253,0.2747,,False,on_map_at_end
1046,truck,1011.0,,789.0,,321.169,85.0,712.0,77.0,748.196,,,0.9024,0.0976,,False,on_map_at_end
1047,car,1012.0,,788.0,,603.671,86.0,697.0,91.0,733.152,,,0.8845,0.1155,,False,on_map_at_end
1051,truck,1015.0,,785.0,,674.204,100.0,655.0,130.0,704.063,,,0.8344,0.1656,,False,on_map_at_end
1052,car,1016.0,,784.0,,921.439,96.0,660.0,124.0,692.709,,,0.8418,0.1582,,False,on_map_at_end
1054,car,1017.0,,783.0,,1161.612,97.0,645.0,138.0,676.023,,,0.8238,0.1762,,False,on_map_at_end
1056,truck,1018.0,,782.0,,1017.782,100.0,633.0,149.0,659.817,,,0.8095,0.1905,,False,on_map_at_end
1059,car,1019.0,,781.0,,1453.646,100.0,601.0,180.0,649.833,,,0.7695,0.2305,,False,on_map_at_end
106,car,191.0,,1609.0,,1657.534,100.0,1408.0,201.0,1457.878,,,0.8751,0.1249,,False,on_map_at_end
1060,car,1020.0,,780.0,,1544.419,86.0,595.0,185.0,640.768,,,0.7628,0.2372,,False,on_map_at_end
1065,car,1022.0,,778.0,,236.109,100.0,721.0,57.0,748.1,,,0.9267,0.0733,,False,on_map_at_end
1066,truck,1023.0,,777.0,,425.787,82.0,680.0,97.0,725.885,,,0.8752,0.1248,,False,on_map_at_end
1067,car,1024.0,,776.0,,1490.359,100.0,594.0,182.0,633.956,,,0.7655,0.2345,,False,on_map_at_end
1068,car,1024.0,,776.0,,1446.145,100.0,601.0,175.0,644.944,,,0.7745,0.2255,,False,on_map_at_end
1069,car,1024.0,,776.0,,1587.168,84.0,577.0,199.0,631.559,,,0.7436,0.2564,,False,on_map_at_end
1073,car,1028.0,,772.0,,1646.904,100.0,552.0,220.0,622.577,,,0.715,0.285,,False,on_map_at_end
1075,car,1028.0,,772.0,,2482.228,100.0,493.0,279.0,536.447,,,0.6386,0.3614,,False,on_map_at_end
1076,truck,1029.0,,771.0,,223.108,100.0,713.0,58.0,743.986,,,0.9248,0.0752,,False,on_map_at_end
1080,car,1030.0,,770.0,,1634.536,100.0,543.0,227.0,621.691,,,0.7052,0.2948,,False,on_map_at_end
1081,truck,1030.0,,770.0,,618.198,100.0,643.0,127.0,695.787,,,0.8351,0.1649,,False,on_map_at_end
1082,car,1030.0,,770.0,,777.589,87.0,662.0,108.0,700.016,,,0.8597,0.1403,,False,on_map_at_end
1083,car,1032.0,,768.0,,610.697,100.0,638.0,130.0,712.352,,,0.8307,0.1693,,False,on_map_at_end
1086,truck,1034.0,,766.0,,1617.247,100.0,509.0,257.0,570.506,,,0.6645,0.3355,,False,on_map_at_end
1087,car,1034.0,,766.0,,603.196,100.0,634.0,132.0,711.447,,,0.8277,0.1723,,False,on_map_at_end
1088,car,1035.0,,765.0,,966.377,100.0,588.0,177.0,632.694,,,0.7686,0.2314,,False,on_map_at_end
1089,car,1035.0,,765.0,,1874.097,85.0,474.0,291.0,572.896,,,0.6196,0.3804,,False,on_map_at_end
1090,car,1409.0,,391.0,,691.552,100.0,300.0,91.0,328.638,,,0.7673,0.2327,,False,on_map_at_end
1091,truck,1035.0,,765.0,,883.313,91.0,620.0,145.0,658.96,,,0.8105,0.1895,,False,on_map_at_end
1092,car,1036.0,,764.0,,1413.614,100.0,550.0,214.0,630.404,,,0.7199,0.2801,,False,on_map_at_end
1094,car,1036.0,,764.0,,1331.194,89.0,581.0,183.0,624.05,,,0.7605,0.2395,,False,on_map_at_end
1095,car,1037.0,,763.0,,2049.986,98.0,424.0,339.0,573.833,,,0.5557,0.4443,,False,on_map_at_end
1097,car,1038.0,,762.0,,1497.474,100.0,538.0,224.0,626.238,,,0.706,0.294,,False,on_map_at_end
1099,car,1038.0,,762.0,,673.769,95.0,666.0,96.0,698.057,,,0.874,0.126,,False,on_map_at_end
110,truck,196.0,,1604.0,,1640.386,100.0,1348.0,256.0,1405.414,,,0.8404,0.1596,,False,on_map_at_end
1100,car,1039.0,,761.0,,215.607,100.0,705.0,56.0,738.129,,,0.9264,0.0736,,False,on_map_at_end
1101,truck,1040.0,,760.0,,2190.586,95.0,447.0,313.0,496.759,,,0.5882,0.4118,,False,on_map_at_end
1103,car,1040.0,,760.0,,1529.417,84.0,583.0,177.0,622.143,,,0.7671,0.2329,,False,on_map_at_end
1104,car,1159.0,,641.0,,276.025,100.0,568.0,73.0,616.158,,,0.8861,0.1139,,False,on_map_at_end
1108,car,1042.0,,758.0,,1015.777,93.0,615.0,143.0,664.882,,,0.8113,0.1887,,False,on_map_at_end
1109,car,1043.0,,757.0,,1066.858,100.0,634.0,123.0,660.604,,,0.8375,0.1625,,False,on_map_at_end
1111,truck,1044.0,,756.0,,992.474,100.0,539.0,217.0,636.855,,,0.713,0.287,,False,on_map_at_end
1112,car,1044.0,,756.0,,208.106,100.0,697.0,59.0,730.223,,,0.922,0.078,,False,on_map_at_end
1113,car,1044.0,,756.0,,1483.707,98.0,589.0,167.0,621.817,,,0.7791,0.2209,,False,on_map_at_end
1114,car,1044.0,,756.0,,2112.314,100.0,508.0,248.0,563.074,,,0.672,0.328,,False,on_map_at_end
1116,truck,1046.0,,754.0,,1876.385,100.0,505.0,249.0,528.141,,,0.6698,0.3302,,False,on_map_at_end
1117,car,1047.0,,753.0,,817.533,96.0,620.0,133.0,663.372,,,0.8234,0.1766,,False,on_map_at_end
1119,car,1048.0,,752.0,,535.903,100.0,679.0,73.0,703.768,,,0.9029,0.0971,,False,on_map_at_end
112,car,207.0,,1593.0,,1678.478,93.0,1397.0,196.0,1440.0,,,0.877,0.123,,False,on_map_at_end
1121,truck,1050.0,,750.0,,1433.144,100.0,555.0,195.0,577.813,,,0.74,0.26,,False,on_map_at_end
1123,car,1049.0,,751.0,,756.807,28.0,667.0,84.0,684.294,,,0.8881,0.1119,,False,on_map_at_end
1125,car,1049.0,,751.0,,1124.934,97.0,547.0,204.0,636.955,,,0.7284,0.2716,,False,on_map_at_end
1126,truck,1050.0,,750.0,,1474.117,100.0,483.0,267.0,570.235,,,0.644,0.356,,False,on_map_at_end
1129,car,1051.0,,749.0,,958.876,99.0,574.0,175.0,627.805,,,0.7664,0.2336,,False,on_map_at_end
113,car,207.0,,1593.0,,2142.628,94.0,1328.0,265.0,1399.566,,,0.8336,0.1664,,False,on_map_at_end
1132,car,1054.0,,746.0,,951.375,98.0,571.0,175.0,630.794,,,0.7654,0.2346,,False,on_map_at_end
1133,car,1053.0,,747.0,,1502.869,95.0,581.0,166.0,611.356,,,0.7778,0.2222,,False,on_map_at_end
1134,car,1053.0,,747.0,,305.378,100.0,680.0,67.0,719.516,,,0.9103,0.0897,,False,on_map_at_end
1136,truck,1054.0,,746.0,,516.038,93.0,654.0,92.0,683.851,,,0.8767,0.1233,,False,on_map_at_end
1137,car,1054.0,,746.0,,1396.369,100.0,547.0,199.0,614.804,,,0.7332,0.2668,,False,on_map_at_end
1140,car,1055.0,,745.0,,287.098,91.0,683.0,62.0,719.161,,,0.9168,0.0832,,False,on_map_at_end
1142,car,1055.0,,745.0,,1446.344,100.0,567.0,178.0,612.509,,,0.7611,0.2389,,False,on_map_at_end
1143,car,1056.0,,744.0,,297.877,100.0,678.0,66.0,717.191,,,0.9113,0.0887,,False,on_map_at_end
1145,car,1058.0,,742.0,,1308.918,100.0,590.0,152.0,623.168,,,0.7951,0.2049,,False,on_map_at_end
1146,truck,1058.0,,742.0,,652.32,94.0,636.0,106.0,663.561,,,0.8571,0.1429,,False,on_map_at_end
1147,car,1061.0,,739.0,,715.803,31.0,658.0,81.0,673.916,,,0.8904,0.1096,,False,on_map_at_end
1148,car,1062.0,,738.0,,1010.281,100.0,620.0,118.0,647.074,,,0.8401,0.1599,,False,on_map_at_end
1149,car,1063.0,,737.0,,200.605,100.0,683.0,54.0,714.786,,,0.9267,0.0733,,False,on_map_at_end
115,truck,211.0,,1589.0,,513.337,100.0,1486.0,103.0,1526.373,,,0.9352,0.0648,,False,on_map_at_end
1150,car,1065.0,,735.0,,1538.221,87.0,532.0,203.0,587.951,,,0.7238,0.2762,,False,on_map_at_end
1153,car,1066.0,,734.0,,1919.659,100.0,499.0,235.0,554.459,,,0.6798,0.3202,,False,on_map_at_end
1156,truck,1067.0,,733.0,,187.604,100.0,678.0,55.0,710.479,,,0.925,0.075,,False,on_map_at_end
1158,car,1068.0,,732.0,,700.507,95.0,618.0,114.0,656.658,,,0.8443,0.1557,,False,on_map_at_end
1159,car,1068.0,,732.0,,1952.063,100.0,504.0,228.0,553.059,,,0.6885,0.3115,,False,on_map_at_end
1161,truck,1069.0,,731.0,,412.786,81.0,629.0,102.0,675.689,,,0.8605,0.1395,,False,on_map_at_end
1162,car,1069.0,,731.0,,769.405,100.0,580.0,151.0,630.896,,,0.7934,0.2066,,False,on_map_at_end
1163,car,1071.0,,729.0,,989.779,100.0,595.0,134.0,637.865,,,0.8162,0.1838,,False,on_map_at_end
1164,car,1072.0,,728.0,,982.278,100.0,592.0,136.0,639.594,,,0.8132,0.1868,,False,on_map_at_end
1165,car,1072.0,,728.0,,872.896,83.0,501.0,227.0,648.017,,,0.6882,0.3118,,False,on_map_at_end
1167,car,1073.0,,727.0,,1277.978,96.0,585.0,142.0,608.461,,,0.8047,0.1953,,False,on_map_at_end
1169,car,1075.0,,725.0,,1274.526,100.0,528.0,197.0,609.113,,,0.7283,0.2717,,False,on_map_at_end
1172,car,1075.0,,725.0,,1259.506,91.0,331.0,394.0,354.125,,,0.4566,0.5434,,False,on_map_at_end
1173,car,1076.0,,724.0,,1425.643,100.0,553.0,171.0,595.292,,,0.7638,0.2362,,False,on_map_at_end
1174,car,1077.0,,723.0,,1058.903,96.0,574.0,149.0,616.207,,,0.7939,0.2061,,False,on_map_at_end
1175,car,1722.0,,78.0,,427.025,30.0,30.0,48.0,39.219,,,0.3846,0.6154,,False,on_map_at_end
1177,car,1080.0,,720.0,,936.372,94.0,521.0,199.0,569.205,,,0.7236,0.2764,,False,on_map_at_end
1178,car,1081.0,,719.0,,837.655,79.0,493.0,226.0,643.202,,,0.6857,0.3143,,False,on_map_at_end
1179,car,1080.0,,720.0,,914.406,94.0,603.0,117.0,637.549,,,0.8375,0.1625,,False,on_map_at_end
1180,car,1080.0,,720.0,,290.376,100.0,655.0,65.0,693.866,,,0.9097,0.0903,,False,on_map_at_end
1181,truck,1081.0,,719.0,,584.075,91.0,616.0,103.0,648.717,,,0.8567,0.1433,,False,on_map_at_end
1182,car,1081.0,,719.0,,1112.027,100.0,584.0,135.0,618.254,,,0.8122,0.1878,,False,on_map_at_end
1184,car,1082.0,,718.0,,1902.508,100.0,497.0,221.0,541.362,,,0.6922,0.3078,,False,on_map_at_end
1185,car,1082.0,,718.0,,851.882,100.0,538.0,180.0,641.187,,,0.7493,0.2507,,False,on_map_at_end
1186,truck,1082.0,,718.0,,1652.635,100.0,477.0,241.0,519.512,,,0.6643,0.3357,,False,on_map_at_end
1188,car,1083.0,,717.0,,405.285,80.0,619.0,98.0,671.276,,,0.8633,0.1367,,False,on_map_at_end
1190,car,1084.0,,716.0,,397.784,80.0,615.0,101.0,665.378,,,0.8589,0.1411,,False,on_map_at_end
1191,truck,1085.0,,715.0,,2135.388,90.0,428.0,287.0,458.209,,,0.5986,0.4014,,False,on_map_at_end
1193,car,1087.0,,713.0,,890.64,100.0,583.0,130.0,617.486,,,0.8177,0.1823,,False,on_map_at_end
1195,car,1088.0,,712.0,,1000.43,100.0,527.0,185.0,621.714,,,0.7402,0.2598,,False,on_map_at_end
1196,truck,1088.0,,712.0,,1382.42,100.0,504.0,208.0,545.662,,,0.7079,0.2921,,False,on_map_at_end
1198,car,1091.0,,709.0,,180.103,100.0,654.0,55.0,688.917,,,0.9224,0.0776,,False,on_map_at_end
1199,car,1091.0,,709.0,,1395.369,100.0,536.0,173.0,583.142,,,0.756,0.244,,False,on_map_at_end
1200,car,1091.0,,709.0,,1208.098,96.0,531.0,178.0,593.278,,,0.7489,0.2511,,False,on_map_at_end
1203,car,1092.0,,708.0,,1317.472,88.0,534.0,174.0,588.782,,,0.7542,0.2458,,False,on_map_at_end
1204,car,1093.0,,707.0,,1441.969,97.0,540.0,167.0,577.221,,,0.7638,0.2362,,False,on_map_at_end
1205,car,1093.0,,707.0,,1841.148,100.0,436.0,271.0,540.741,,,0.6167,0.3833,,False,on_map_at_end
1206,truck,1095.0,,705.0,,612.59,100.0,603.0,102.0,631.46,,,0.8553,0.1447,,False,on_map_at_end
1208,car,1095.0,,705.0,,1387.868,100.0,534.0,171.0,579.368,,,0.7574,0.2426,,False,on_map_at_end
1209,car,1095.0,,705.0,,1851.565,98.0,426.0,279.0,522.058,,,0.6043,0.3957,,False,on_map_at_end
1210,car,1096.0,,704.0,,895.717,100.0,540.0,164.0,619.234,,,0.767,0.233,,False,on_map_at_end
1211,truck,1098.0,,702.0,,277.375,100.0,630.0,72.0,668.702,,,0.8974,0.1026,,False,on_map_at_end
1213,car,1098.0,,702.0,,1249.975,91.0,553.0,149.0,587.9,,,0.7877,0.2123,,False,on_map_at_end
1214,car,1098.0,,702.0,,292.576,93.0,638.0,64.0,669.046,,,0.9088,0.0912,,False,on_map_at_end
1215,car,1100.0,,700.0,,2082.061,100.0,481.0,219.0,511.001,,,0.6871,0.3129,,False,on_map_at_end
1216,truck,1101.0,,699.0,,547.455,90.0,607.0,92.0,633.274,,,0.8684,0.1316,,False,on_map_at_end
1219,car,1102.0,,698.0,,859.789,100.0,586.0,112.0,607.757,,,0.8395,0.1605,,False,on_map_at_end
1220,car,1103.0,,697.0,,236.592,88.0,649.0,48.0,675.707,,,0.9311,0.0689,,False,on_map_at_end
1221,truck,1103.0,,697.0,,511.951,88.0,608.0,89.0,635.483,,,0.8723,0.1277,,False,on_map_at_end
1222,car,1104.0,,696.0,,1516.922,96.0,521.0,175.0,559.041,,,0.7486,0.2514,,False,on_map_at_end
1224,car,1105.0,,695.0,,741.402,100.0,507.0,188.0,559.672,,,0.7295,0.2705,,False,on_map_at_end
1226,truck,1106.0,,694.0,,844.022,100.0,550.0,144.0,592.677,,,0.7925,0.2075,,False,on_map_at_end
1227,car,1107.0,,693.0,,1198.031,49.0,421.0,272.0,576.533,,,0.6075,0.3925,,False,on_map_at_end
1228,car,1107.0,,693.0,,285.074,93.0,631.0,62.0,662.612,,,0.9105,0.0895,,False,on_map_at_end
1229,car,1108.0,,692.0,,172.602,100.0,634.0,58.0,669.465,,,0.9162,0.0838,,False,on_map_at_end
1231,truck,1110.0,,690.0,,1122.834,93.0,538.0,152.0,555.1,,,0.7797,0.2203,,False,on_map_at_end
1232,car,1109.0,,691.0,,928.871,92.0,496.0,195.0,571.288,,,0.7178,0.2822,,False,on_map_at_end
1233,car,1109.0,,691.0,,165.101,99.0,630.0,61.0,667.948,,,0.9117,0.0883,,False,on_map_at_end
1235,car,1112.0,,688.0,,157.6,98.0,631.0,57.0,667.804,,,0.9172,0.0828,,False,on_map_at_end
1236,truck,1110.0,,690.0,,264.374,100.0,620.0,70.0,658.262,,,0.8986,0.1014,,False,on_map_at_end
1237,car,1193.0,,607.0,,220.019,100.0,553.0,54.0,587.198,,,0.911,0.089,,False,on_map_at_end
1239,car,1111.0,,689.0,,622.367,89.0,588.0,101.0,632.986,,,0.8534,0.1466,,False,on_map_at_end
1240,car,1111.0,,689.0,,1364.309,100.0,496.0,193.0,564.524,,,0.7199,0.2801,,False,on_map_at_end
1241,truck,1112.0,,688.0,,595.296,90.0,576.0,112.0,616.107,,,0.8372,0.1628,,False,on_map_at_end
1242,car,1112.0,,688.0,,515.378,91.0,605.0,83.0,641.616,,,0.8794,0.1206,,False,on_map_at_end
1243,car,1115.0,,685.0,,150.099,97.0,627.0,58.0,664.243,,,0.9153,0.0847,,False,on_map_at_end
1245,car,1113.0,,687.0,,657.234,100.0,588.0,99.0,612.007,,,0.8559,0.1441,,False,on_map_at_end
1246,truck,1115.0,,685.0,,728.401,100.0,508.0,177.0,567.171,,,0.7416,0.2584,,False,on_map_at_end
1247,car,1115.0,,685.0,,265.163,77.0,605.0,80.0,656.558,,,0.8832,0.1168,,False,on_map_at_end
1249,car,1116.0,,684.0,,1002.357,43.0,406.0,278.0,580.045,,,0.5936,0.4064,,False,on_map_at_end
1250,car,1117.0,,683.0,,1380.367,100.0,531.0,152.0,558.424,,,0.7775,0.2225,,False,on_map_at_end
1251,truck,1118.0,,682.0,,1295.697,100.0,490.0,192.0,525.833,,,0.7185,0.2815,,False,on_map_at_end
1254,car,1120.0,,680.0,,336.007,100.0,613.0,67.0,644.426,,,0.9015,0.0985,,False,on_map_at_end
1255,car,1120.0,,680.0,,2067.307,100.0,455.0,225.0,489.844,,,0.6691,0.3309,,False,on_map_at_end
1256,truck,1122.0,,678.0,,251.373,100.0,608.0,70.0,647.823,,,0.8968,0.1032,,False,on_map_at_end
1257,car,1122.0,,678.0,,1559.657,95.0,495.0,183.0,536.269,,,0.7301,0.2699,,False,on_map_at_end
1258,car,1123.0,,677.0,,243.872,100.0,606.0,71.0,655.051,,,0.8951,0.1049,,False,on_map_at_end
126,car,234.0,,1566.0,,852.829,100.0,1458.0,108.0,1482.752,,,0.931,0.069,,False,on_map_at_end
1260,car,1123.0,,677.0,,142.598,96.0,623.0,54.0,656.995,,,0.9202,0.0798,,False,on_map_at_end
1263,car,1124.0,,676.0,,1141.725,99.0,537.0,139.0,566.579,,,0.7944,0.2056,,False,on_map_at_end
1264,car,1125.0,,675.0,,236.371,100.0,602.0,73.0,653.726,,,0.8919,0.1081,,False,on_map_at_end
1265,car,1125.0,,675.0,,595.695,100.0,562.0,113.0,620.899,,,0.8326,0.1674,,False,on_map_at_end
1266,truck,1127.0,,673.0,,297.609,86.0,618.0,55.0,643.127,,,0.9183,0.0817,,False,on_map_at_end
1267,car,1128.0,,672.0,,1245.411,100.0,526.0,146.0,558.524,,,0.7827,0.2173,,False,on_map_at_end
1268,car,1129.0,,671.0,,588.194,100.0,562.0,109.0,617.947,,,0.8376,0.1624,,False,on_map_at_end
1270,car,1130.0,,670.0,,1661.746,100.0,466.0,204.0,518.139,,,0.6955,0.3045,,False,on_map_at_end
1271,truck,1130.0,,670.0,,608.883,100.0,554.0,116.0,596.905,,,0.8269,0.1731,,False,on_map_at_end
1273,car,1131.0,,669.0,,513.669,97.0,602.0,67.0,620.147,,,0.8999,0.1001,,False,on_map_at_end
1275,car,1132.0,,668.0,,1323.693,90.0,499.0,169.0,537.144,,,0.747,0.253,,False,on_map_at_end
1276,truck,1212.0,,588.0,,149.01,100.0,540.0,48.0,570.112,,,0.9184,0.0816,,False,on_map_at_end
1277,car,1133.0,,667.0,,1151.17,99.0,525.0,142.0,563.394,,,0.7871,0.2129,,False,on_map_at_end
1278,car,1133.0,,667.0,,348.946,100.0,598.0,69.0,628.788,,,0.8966,0.1034,,False,on_map_at_end
1279,car,1134.0,,666.0,,135.097,95.0,615.0,51.0,649.988,,,0.9234,0.0766,,False,on_map_at_end
1281,truck,1135.0,,665.0,,236.267,95.0,591.0,74.0,636.637,,,0.8887,0.1113,,False,on_map_at_end
1282,car,1136.0,,664.0,,939.211,64.0,403.0,261.0,578.719,,,0.6069,0.3931,,False,on_map_at_end
1283,car,1137.0,,663.0,,127.596,93.0,611.0,52.0,649.0,,,0.9216,0.0784,,False,on_map_at_end
1284,car,1139.0,,661.0,,513.967,100.0,572.0,89.0,601.093,,,0.8654,0.1346,,False,on_map_at_end
1285,car,1139.0,,661.0,,120.094,91.0,607.0,54.0,646.289,,,0.9183,0.0817,,False,on_map_at_end
1286,truck,1141.0,,659.0,,500.966,100.0,568.0,91.0,596.287,,,0.8619,0.1381,,False,on_map_at_end
1287,car,1140.0,,660.0,,880.715,100.0,521.0,139.0,578.18,,,0.7894,0.2106,,False,on_map_at_end
1288,car,1140.0,,660.0,,1424.861,100.0,507.0,153.0,531.761,,,0.7682,0.2318,,False,on_map_at_end
1289,car,1140.0,,660.0,,1162.527,43.0,399.0,261.0,548.575,,,0.6045,0.3955,,False,on_map_at_end
129,car,240.0,,1560.0,,1172.489,100.0,1413.0,147.0,1448.838,,,0.9058,0.0942,,False,on_map_at_end
1290,car,1140.0,,660.0,,594.364,89.0,558.0,102.0,606.507,,,0.8455,0.1545,,False,on_map_at_end
1291,truck,1141.0,,659.0,,1276.829,96.0,300.0,359.0,317.159,,,0.4552,0.5448,,False,on_map_at_end
1292,car,1142.0,,658.0,,720.9,100.0,504.0,154.0,557.804,,,0.766,0.234,,False,on_map_at_end
1295,car,1144.0,,656.0,,734.533,100.0,554.0,102.0,589.713,,,0.8445,0.1555,,False,on_map_at_end
1297,car,1145.0,,655.0,,228.87,100.0,594.0,61.0,634.402,,,0.9069,0.0931,,False,on_map_at_end
1298,car,1145.0,,655.0,,1478.159,100.0,435.0,220.0,516.965,,,0.6641,0.3359,,False,on_map_at_end
1299,car,1145.0,,655.0,,599.695,90.0,551.0,104.0,601.027,,,0.8412,0.1588,,False,on_map_at_end
1300,car,1146.0,,654.0,,1434.468,96.0,499.0,155.0,524.897,,,0.763,0.237,,False,on_map_at_end
1301,truck,1146.0,,654.0,,758.254,100.0,526.0,128.0,561.535,,,0.8043,0.1957,,False,on_map_at_end
1304,car,1147.0,,653.0,,598.415,100.0,567.0,86.0,597.505,,,0.8683,0.1317,,False,on_map_at_end
1307,car,1730.0,,70.0,,389.705,30.0,30.0,40.0,34.477,,,0.4286,0.5714,,False,on_map_at_end
1308,car,1149.0,,651.0,,1365.365,100.0,498.0,153.0,527.393,,,0.765,0.235,,False,on_map_at_end
1309,car,1149.0,,651.0,,221.369,100.0,589.0,62.0,631.077,,,0.9048,0.0952,,False,on_map_at_end
131,car,240.0,,1560.0,,1140.635,100.0,1358.0,202.0,1411.969,,,0.8705,0.1295,,False,on_map_at_end
1310,car,1150.0,,650.0,,865.713,100.0,506.0,144.0,566.735,,,0.7785,0.2215,,False,on_map_at_end
1311,truck,1150.0,,650.0,,107.676,96.0,594.0,56.0,636.914,,,0.9138,0.0862,,False,on_map_at_end
1312,car,1150.0,,650.0,,114.995,94.0,600.0,50.0,639.65,,,0.9231,0.0769,,False,on_map_at_end
1314,car,1151.0,,649.0,,213.868,100.0,589.0,60.0,629.752,,,0.9076,0.0924,,False,on_map_at_end
1315,car,1151.0,,649.0,,1459.777,100.0,472.0,177.0,506.993,,,0.7273,0.2727,,False,on_map_at_end
1316,truck,1153.0,,647.0,,200.867,100.0,581.0,66.0,622.886,,,0.898,0.102,,False,on_map_at_end
132,car,240.0,,1560.0,,1450.801,87.0,1368.0,192.0,1425.783,,,0.8769,0.1231,,False,on_map_at_end
1320,car,1155.0,,645.0,,2012.655,95.0,418.0,227.0,459.713,,,0.6481,0.3519,,False,on_map_at_end
1322,car,1156.0,,644.0,,1243.882,100.0,419.0,225.0,524.805,,,0.6506,0.3494,,False,on_map_at_end
1323,car,1156.0,,644.0,,496.94,87.0,565.0,79.0,598.799,,,0.8773,0.1227,,False,on_map_at_end
1324,car,1156.0,,644.0,,1497.437,100.0,475.0,169.0,508.345,,,0.7376,0.2624,,False,on_map_at_end
1326,truck,1158.0,,642.0,,570.412,100.0,543.0,99.0,573.431,,,0.8458,0.1542,,False,on_map_at_end
1327,car,1159.0,,641.0,,580.693,100.0,543.0,98.0,588.439,,,0.8471,0.1529,,False,on_map_at_end
1328,car,1160.0,,640.0,,1180.845,100.0,454.0,186.0,533.08,,,0.7094,0.2906,,False,on_map_at_end
1331,truck,1161.0,,639.0,,908.369,89.0,461.0,178.0,500.839,,,0.7214,0.2786,,False,on_map_at_end
1333,car,1162.0,,638.0,,1903.903,100.0,432.0,206.0,464.94,,,0.6771,0.3229,,False,on_map_at_end
1336,truck,1164.0,,636.0,,1188.479,100.0,467.0,169.0,493.012,,,0.7343,0.2657,,False,on_map_at_end
1337,car,1164.0,,636.0,,1367.535,100.0,452.0,184.0,511.089,,,0.7107,0.2893,,False,on_map_at_end
1338,car,1165.0,,635.0,,1357.864,100.0,487.0,148.0,512.201,,,0.7669,0.2331,,False,on_map_at_end
1339,car,1165.0,,635.0,,1894.099,100.0,428.0,207.0,462.615,,,0.674,0.326,,False,on_map_at_end
134,car,243.0,,1557.0,,1599.825,100.0,1361.0,196.0,1412.158,,,0.8741,0.1259,,False,on_map_at_end
1340,car,1165.0,,635.0,,1106.546,75.0,460.0,175.0,525.442,,,0.7244,0.2756,,False,on_map_at_end
1341,truck,1167.0,,633.0,,1344.863,100.0,450.0,183.0,471.246,,,0.7109,0.2891,,False,on_map_at_end
1342,car,1167.0,,633.0,,965.576,100.0,520.0,113.0,545.687,,,0.8215,0.1785,,False,on_map_at_end
1343,car,1167.0,,633.0,,1180.978,100.0,463.0,170.0,525.178,,,0.7314,0.2686,,False,on_map_at_end
1346,truck,1169.0,,631.0,,646.577,100.0,534.0,97.0,552.506,,,0.8463,0.1537,,False,on_map_at_end
1347,car,1170.0,,630.0,,552.689,100.0,545.0,85.0,580.041,,,0.8651,0.1349,,False,on_map_at_end
1348,car,1173.0,,627.0,,750.753,100.0,520.0,107.0,554.432,,,0.8293,0.1707,,False,on_map_at_end
1349,car,1173.0,,627.0,,375.281,80.0,529.0,98.0,579.651,,,0.8437,0.1563,,False,on_map_at_end
135,truck,244.0,,1556.0,,483.195,100.0,1453.0,103.0,1495.594,,,0.9338,0.0662,,False,on_map_at_end
1350,car,1175.0,,625.0,,1835.746,100.0,377.0,248.0,459.31,,,0.6032,0.3968,,False,on_map_at_end
1351,truck,1177.0,,623.0,,483.908,86.0,532.0,91.0,564.908,,,0.8539,0.1461,,False,on_map_at_end
1352,car,1177.0,,623.0,,367.78,77.0,517.0,106.0,573.422,,,0.8299,0.1701,,False,on_map_at_end
1354,car,1178.0,,622.0,,807.129,100.0,504.0,118.0,549.105,,,0.8103,0.1897,,False,on_map_at_end
1355,car,1179.0,,621.0,,1596.784,100.0,440.0,181.0,474.983,,,0.7085,0.2915,,False,on_map_at_end
1356,truck,1180.0,,620.0,,1838.749,91.0,349.0,271.0,399.089,,,0.5629,0.4371,,False,on_map_at_end
1357,car,1181.0,,619.0,,1426.967,94.0,459.0,160.0,490.572,,,0.7415,0.2585,,False,on_map_at_end
1359,car,1765.0,,35.0,,311.145,3.0,4.0,31.0,6.997,,,0.1143,0.8857,,False,on_map_at_end
136,car,245.0,,1555.0,,1731.259,92.0,1354.0,201.0,1398.977,,,0.8707,0.1293,,False,on_map_at_end
1361,truck,1183.0,,617.0,,400.329,100.0,562.0,55.0,570.232,,,0.9109,0.0891,,False,on_map_at_end
1362,car,1186.0,,614.0,,815.878,89.0,484.0,130.0,511.846,,,0.7883,0.2117,,False,on_map_at_end
1363,car,1186.0,,614.0,,1337.362,100.0,448.0,166.0,493.35,,,0.7296,0.2704,,False,on_map_at_end
1366,truck,1189.0,,611.0,,1752.567,100.0,372.0,239.0,400.391,,,0.6088,0.3912,,False,on_map_at_end
1367,car,1188.0,,612.0,,1652.689,82.0,386.0,226.0,461.886,,,0.6307,0.3693,,False,on_map_at_end
1368,car,1188.0,,612.0,,290.062,100.0,544.0,68.0,585.522,,,0.8889,0.1111,,False,on_map_at_end
1370,car,1190.0,,610.0,,713.399,100.0,462.0,148.0,502.883,,,0.7574,0.2426,,False,on_map_at_end
1371,truck,1190.0,,610.0,,139.977,94.0,576.0,34.0,592.728,,,0.9443,0.0557,,False,on_map_at_end
1373,car,1190.0,,610.0,,1168.2,100.0,479.0,131.0,502.462,,,0.7852,0.2148,,False,on_map_at_end
1375,car,1191.0,,609.0,,413.735,95.0,551.0,58.0,566.008,,,0.9048,0.0952,,False,on_map_at_end
1376,truck,1191.0,,609.0,,2075.412,84.0,306.0,303.0,359.034,,,0.5025,0.4975,,False,on_map_at_end
1378,car,1191.0,,609.0,,521.148,100.0,547.0,62.0,561.956,,,0.8982,0.1018,,False,on_map_at_end
1379,car,1193.0,,607.0,,1633.743,100.0,409.0,198.0,459.139,,,0.6738,0.3262,,False,on_map_at_end
138,car,247.0,,1553.0,,2258.869,96.0,1295.0,258.0,1344.538,,,0.8339,0.1661,,False,on_map_at_end
1380,car,1194.0,,606.0,,686.028,100.0,500.0,106.0,543.893,,,0.8251,0.1749,,False,on_map_at_end
1381,truck,1194.0,,606.0,,930.518,100.0,470.0,136.0,494.293,,,0.7756,0.2244,,False,on_map_at_end
1382,car,1195.0,,605.0,,900.868,88.0,424.0,181.0,470.693,,,0.7008,0.2992,,False,on_map_at_end
1383,car,1197.0,,603.0,,816.705,97.0,485.0,118.0,526.409,,,0.8043,0.1957,,False,on_map_at_end
1384,car,1198.0,,602.0,,299.049,100.0,566.0,36.0,575.085,,,0.9402,0.0598,,False,on_map_at_end
1386,truck,1199.0,,601.0,,1546.447,90.0,389.0,212.0,413.898,,,0.6473,0.3527,,False,on_map_at_end
1387,car,1199.0,,601.0,,836.521,100.0,502.0,99.0,524.328,,,0.8353,0.1647,,False,on_map_at_end
1388,car,1201.0,,599.0,,1636.197,99.0,407.0,192.0,450.86,,,0.6795,0.3205,,False,on_map_at_end
1390,car,1201.0,,599.0,,193.366,100.0,537.0,62.0,581.597,,,0.8965,0.1035,,False,on_map_at_end
1391,truck,1202.0,,598.0,,544.79,88.0,477.0,121.0,522.355,,,0.7977,0.2023,,False,on_map_at_end
1392,car,1202.0,,598.0,,1238.346,97.0,446.0,152.0,485.849,,,0.7458,0.2542,,False,on_map_at_end
1394,car,1203.0,,597.0,,434.413,91.0,534.0,63.0,557.277,,,0.8945,0.1055,,False,on_map_at_end
1395,car,1203.0,,597.0,,658.91,90.0,500.0,97.0,528.899,,,0.8375,0.1625,,False,on_map_at_end
1396,truck,1204.0,,596.0,,107.093,89.0,544.0,52.0,583.075,,,0.9128,0.0872,,False,on_map_at_end
1397,car,1204.0,,596.0,,2540.134,0.0,288.0,308.0,343.892,,,0.4832,0.5168,,False,on_map_at_end
1398,car,1205.0,,595.0,,1243.19,96.0,430.0,165.0,480.624,,,0.7227,0.2773,,False,on_map_at_end
1399,car,1207.0,,593.0,,1493.079,98.0,417.0,176.0,458.227,,,0.7032,0.2968,,False,on_map_at_end
140,truck,251.0,,1549.0,,1127.448,100.0,1374.0,175.0,1413.652,,,0.887,0.113,,False,on_map_at_end
1400,car,1208.0,,592.0,,1878.385,89.0,338.0,254.0,419.392,,,0.5709,0.4291,,False,on_map_at_end
1402,car,1209.0,,591.0,,426.912,90.0,532.0,59.0,552.133,,,0.9002,0.0998,,False,on_map_at_end
1405,car,1212.0,,588.0,,1201.277,100.0,440.0,148.0,478.095,,,0.7483,0.2517,,False,on_map_at_end
1407,car,1213.0,,587.0,,1850.439,100.0,366.0,221.0,419.293,,,0.6235,0.3765,,False,on_map_at_end
1410,car,1214.0,,586.0,,185.865,100.0,527.0,59.0,569.272,,,0.8993,0.1007,,False,on_map_at_end
1411,truck,1215.0,,585.0,,887.867,86.0,411.0,174.0,454.799,,,0.7026,0.2974,,False,on_map_at_end
1412,car,1215.0,,585.0,,1949.646,100.0,339.0,246.0,409.091,,,0.5795,0.4205,,False,on_map_at_end
1413,car,1215.0,,585.0,,1070.327,88.0,465.0,120.0,488.256,,,0.7949,0.2051,,False,on_map_at_end
1414,car,1218.0,,582.0,,1651.703,85.0,380.0,202.0,433.345,,,0.6529,0.3471,,False,on_map_at_end
1415,car,1218.0,,582.0,,178.364,100.0,523.0,59.0,565.947,,,0.8986,0.1014,,False,on_map_at_end
1416,truck,1219.0,,581.0,,117.469,100.0,550.0,31.0,566.898,,,0.9466,0.0534,,False,on_map_at_end
1417,car,1219.0,,581.0,,1037.825,100.0,465.0,116.0,487.25,,,0.8003,0.1997,,False,on_map_at_end
1418,car,1219.0,,581.0,,931.71,63.0,314.0,267.0,496.814,,,0.5404,0.4596,,False,on_map_at_end
142,car,256.0,,1544.0,,1680.169,100.0,1354.0,190.0,1391.606,,,0.8769,0.1231,,False,on_map_at_end
1421,truck,1220.0,,580.0,,874.866,85.0,409.0,171.0,450.089,,,0.7052,0.2948,,False,on_map_at_end
1422,car,1220.0,,580.0,,938.723,100.0,459.0,121.0,491.641,,,0.7914,0.2086,,False,on_map_at_end
1423,car,1221.0,,579.0,,2084.494,94.0,342.0,237.0,376.733,,,0.5907,0.4093,,False,on_map_at_end
1425,car,1221.0,,579.0,,1745.261,100.0,376.0,203.0,420.379,,,0.6494,0.3506,,False,on_map_at_end
1427,car,1224.0,,576.0,,1864.883,85.0,347.0,229.0,406.958,,,0.6024,0.3976,,False,on_map_at_end
1428,car,1224.0,,576.0,,99.592,88.0,524.0,52.0,562.941,,,0.9097,0.0903,,False,on_map_at_end
1431,truck,1227.0,,573.0,,1465.419,100.0,364.0,209.0,395.987,,,0.6353,0.3647,,False,on_map_at_end
1433,car,1230.0,,570.0,,530.138,100.0,513.0,57.0,522.287,,,0.9,0.1,,False,on_map_at_end
1434,car,1232.0,,568.0,,434.89,91.0,494.0,74.0,528.859,,,0.8697,0.1303,,False,on_map_at_end
1435,car,1232.0,,568.0,,1500.211,100.0,391.0,177.0,432.343,,,0.6884,0.3116,,False,on_map_at_end
1436,truck,1233.0,,567.0,,702.248,100.0,450.0,117.0,482.567,,,0.7937,0.2063,,False,on_map_at_end
1437,car,1233.0,,567.0,,470.642,100.0,504.0,63.0,524.339,,,0.8889,0.1111,,False,on_map_at_end
1438,car,1234.0,,566.0,,235.158,76.0,477.0,89.0,531.34,,,0.8428,0.1572,,False,on_map_at_end
1439,car,1234.0,,566.0,,2076.993,94.0,346.0,220.0,376.926,,,0.6113,0.3887,,False,on_map_at_end
1440,car,1235.0,,565.0,,522.637,100.0,507.0,58.0,517.962,,,0.8973,0.1027,,False,on_map_at_end
1441,truck,1236.0,,564.0,,1289.39,100.0,370.0,194.0,408.9,,,0.656,0.344,,False,on_map_at_end
1442,car,1236.0,,564.0,,1418.885,100.0,325.0,239.0,435.878,,,0.5762,0.4238,,False,on_map_at_end
1445,car,1239.0,,561.0,,92.091,86.0,508.0,53.0,550.669,,,0.9055,0.0945,,False,on_map_at_end
1446,truck,1239.0,,561.0,,1302.409,100.0,385.0,176.0,404.648,,,0.6863,0.3137,,False,on_map_at_end
1447,car,1240.0,,560.0,,1294.908,100.0,385.0,175.0,443.457,,,0.6875,0.3125,,False,on_map_at_end
1449,car,1241.0,,559.0,,419.411,90.0,502.0,57.0,520.608,,,0.898,0.102,,False,on_map_at_end
1450,car,1243.0,,557.0,,1059.437,100.0,423.0,134.0,461.038,,,0.7594,0.2406,,False,on_map_at_end
1452,car,1243.0,,557.0,,1070.218,100.0,422.0,135.0,457.855,,,0.7576,0.2424,,False,on_map_at_end
1454,car,1245.0,,555.0,,771.161,96.0,436.0,119.0,485.096,,,0.7856,0.2144,,False,on_map_at_end
1455,car,1249.0,,551.0,,807.774,100.0,446.0,105.0,477.829,,,0.8094,0.1906,,False,on_map_at_end
1456,truck,1249.0,,551.0,,512.327,100.0,464.0,87.0,489.496,,,0.8421,0.1579,,False,on_map_at_end
1458,car,1249.0,,551.0,,227.657,75.0,460.0,91.0,519.5,,,0.8348,0.1652,,False,on_map_at_end
1459,car,1251.0,,549.0,,363.229,90.0,495.0,54.0,513.383,,,0.9016,0.0984,,False,on_map_at_end
1460,car,1251.0,,549.0,,867.365,83.0,386.0,163.0,432.164,,,0.7031,0.2969,,False,on_map_at_end
1461,truck,1254.0,,546.0,,853.094,94.0,387.0,159.0,412.594,,,0.7088,0.2912,,False,on_map_at_end
1463,car,1255.0,,545.0,,84.59,84.0,492.0,53.0,535.363,,,0.9028,0.0972,,False,on_map_at_end
1464,car,1256.0,,544.0,,1572.697,99.0,294.0,250.0,402.165,,,0.5404,0.4596,,False,on_map_at_end
1466,truck,1260.0,,540.0,,1094.888,100.0,387.0,153.0,408.512,,,0.7167,0.2833,,False,on_map_at_end
1467,car,1264.0,,536.0,,788.817,86.0,381.0,155.0,451.918,,,0.7108,0.2892,,False,on_map_at_end
1468,car,1264.0,,536.0,,1500.332,94.0,371.0,165.0,399.656,,,0.6922,0.3078,,False,on_map_at_end
1469,car,1265.0,,535.0,,863.219,100.0,425.0,110.0,445.888,,,0.7944,0.2056,,False,on_map_at_end
1470,car,1265.0,,535.0,,524.288,87.0,409.0,126.0,464.132,,,0.7645,0.2355,,False,on_map_at_end
1472,car,1267.0,,533.0,,1460.359,100.0,368.0,165.0,401.427,,,0.6904,0.3096,,False,on_map_at_end
1473,car,1269.0,,531.0,,448.139,100.0,475.0,56.0,490.666,,,0.8945,0.1055,,False,on_map_at_end
1474,car,1269.0,,531.0,,182.713,92.0,488.0,43.0,514.556,,,0.919,0.081,,False,on_map_at_end
1475,car,1270.0,,530.0,,967.726,100.0,418.0,112.0,438.862,,,0.7887,0.2113,,False,on_map_at_end
1476,truck,1272.0,,528.0,,655.773,100.0,418.0,110.0,449.087,,,0.7917,0.2083,,False,on_map_at_end
1477,car,1273.0,,527.0,,1287.407,100.0,381.0,146.0,411.132,,,0.723,0.277,,False,on_map_at_end
1478,car,1274.0,,526.0,,1279.906,100.0,380.0,146.0,410.807,,,0.7224,0.2776,,False,on_map_at_end
1481,truck,1275.0,,525.0,,324.774,73.0,423.0,102.0,485.89,,,0.8057,0.1943,,False,on_map_at_end
1482,car,1276.0,,524.0,,276.546,100.0,487.0,37.0,499.111,,,0.9294,0.0706,,False,on_map_at_end
1484,car,1280.0,,520.0,,593.592,100.0,429.0,91.0,465.908,,,0.825,0.175,,False,on_map_at_end
1485,car,1281.0,,519.0,,729.248,100.0,423.0,96.0,452.882,,,0.815,0.185,,False,on_map_at_end
1486,truck,1282.0,,518.0,,1058.381,100.0,360.0,158.0,390.465,,,0.695,0.305,,False,on_map_at_end
1487,car,1284.0,,516.0,,1419.466,93.0,363.0,153.0,388.247,,,0.7035,0.2965,,False,on_map_at_end
1490,car,1284.0,,516.0,,476.332,86.0,442.0,74.0,472.505,,,0.8566,0.1434,,False,on_map_at_end
1491,truck,1284.0,,516.0,,862.764,82.0,377.0,139.0,412.427,,,0.7306,0.2694,,False,on_map_at_end
1492,car,1285.0,,515.0,,1203.99,100.0,363.0,152.0,406.313,,,0.7049,0.2951,,False,on_map_at_end
1493,car,1286.0,,514.0,,1394.715,100.0,352.0,162.0,386.786,,,0.6848,0.3152,,False,on_map_at_end
1494,car,1287.0,,513.0,,212.655,74.0,427.0,86.0,483.015,,,0.8324,0.1676,,False,on_map_at_end
1495,car,1288.0,,512.0,,2246.499,100.0,279.0,233.0,309.371,,,0.5449,0.4551,,False,on_map_at_end
1496,truck,1289.0,,511.0,,1307.848,42.0,341.0,170.0,355.091,,,0.6673,0.3327,,False,on_map_at_end
1497,car,1289.0,,511.0,,1737.565,100.0,330.0,181.0,353.635,,,0.6458,0.3542,,False,on_map_at_end
1498,car,1290.0,,510.0,,1147.0,85.0,346.0,164.0,398.336,,,0.6784,0.3216,,False,on_map_at_end
1499,car,1291.0,,509.0,,170.863,100.0,451.0,58.0,493.622,,,0.8861,0.1139,,False,on_map_at_end
1500,car,1291.0,,509.0,,36.819,93.0,497.0,12.0,505.686,,,0.9764,0.0236,,False,on_map_at_end
1501,truck,1291.0,,509.0,,615.905,88.0,405.0,104.0,433.561,,,0.7957,0.2043,,False,on_map_at_end
1505,car,1296.0,,504.0,,1173.829,45.0,233.0,271.0,397.538,,,0.4623,0.5377,,False,on_map_at_end
1506,truck,1298.0,,502.0,,545.859,87.0,394.0,108.0,436.471,,,0.7849,0.2151,,False,on_map_at_end
1507,car,1300.0,,500.0,,317.273,74.0,407.0,93.0,463.035,,,0.814,0.186,,False,on_map_at_end
1509,car,1301.0,,499.0,,1411.965,93.0,352.0,147.0,371.922,,,0.7054,0.2946,,False,on_map_at_end
1510,car,1301.0,,499.0,,860.383,100.0,387.0,112.0,421.565,,,0.7756,0.2244,,False,on_map_at_end
1511,truck,1301.0,,499.0,,1952.992,100.0,235.0,264.0,263.633,,,0.4709,0.5291,,False,on_map_at_end
1513,car,1306.0,,494.0,,576.508,100.0,425.0,69.0,442.114,,,0.8603,0.1397,,False,on_map_at_end
1514,car,1307.0,,493.0,,1730.064,100.0,313.0,180.0,335.601,,,0.6349,0.3651,,False,on_map_at_end
1515,car,1308.0,,492.0,,866.808,100.0,376.0,116.0,400.943,,,0.7642,0.2358,,False,on_map_at_end
1516,truck,1308.0,,492.0,,157.862,100.0,431.0,61.0,473.049,,,0.876,0.124,,False,on_map_at_end
1518,car,1309.0,,491.0,,261.544,100.0,455.0,36.0,467.461,,,0.9267,0.0733,,False,on_map_at_end
1519,car,1310.0,,490.0,,1336.941,100.0,331.0,159.0,367.753,,,0.6755,0.3245,,False,on_map_at_end
1520,car,1313.0,,487.0,,1147.604,98.0,345.0,142.0,380.758,,,0.7084,0.2916,,False,on_map_at_end
1521,truck,1310.0,,490.0,,661.143,100.0,386.0,104.0,410.564,,,0.7878,0.2122,,False,on_map_at_end
1524,car,1314.0,,486.0,,552.588,100.0,392.0,94.0,436.155,,,0.8066,0.1934,,False,on_map_at_end
1527,car,1317.0,,483.0,,635.395,100.0,394.0,89.0,418.954,,,0.8157,0.1843,,False,on_map_at_end
1528,car,1317.0,,483.0,,1372.71,100.0,251.0,232.0,353.783,,,0.5197,0.4803,,False,on_map_at_end
1529,car,1318.0,,482.0,,444.959,93.0,415.0,67.0,441.953,,,0.861,0.139,,False,on_map_at_end
153,car,285.0,,1515.0,,2550.144,100.0,1199.0,316.0,1262.514,,,0.7914,0.2086,,False,on_map_at_end
1531,truck,1319.0,,481.0,,1251.903,97.0,310.0,171.0,330.712,,,0.6445,0.3555,,False,on_map_at_end
1532,car,1320.0,,480.0,,1545.739,0.0,251.0,229.0,286.389,,,0.5229,0.4771,,False,on_map_at_end
1534,car,1320.0,,480.0,,994.716,100.0,343.0,137.0,367.217,,,0.7146,0.2854,,False,on_map_at_end
1535,car,1322.0,,478.0,,1244.402,95.0,307.0,171.0,366.003,,,0.6423,0.3577,,False,on_map_at_end
1536,truck,1322.0,,478.0,,995.983,50.0,350.0,128.0,358.905,,,0.7322,0.2678,,False,on_map_at_end
1537,car,1323.0,,477.0,,309.772,73.0,395.0,82.0,441.112,,,0.8281,0.1719,,False,on_map_at_end
1539,car,1327.0,,473.0,,722.812,100.0,381.0,92.0,407.124,,,0.8055,0.1945,,False,on_map_at_end
154,car,287.0,,1513.0,,766.478,100.0,1407.0,106.0,1439.095,,,0.9299,0.0701,,False,on_map_at_end
1540,car,1328.0,,472.0,,1576.076,89.0,269.0,203.0,305.69,,,0.5699,0.4301,,False,on_map_at_end
1541,truck,1328.0,,472.0,,2300.648,100.0,179.0,293.0,195.458,,,0.3792,0.6208,,False,on_map_at_end
1543,car,1330.0,,470.0,,264.937,100.0,421.0,49.0,441.139,,,0.8957,0.1043,,False,on_map_at_end
1544,car,1330.0,,470.0,,492.633,100.0,413.0,57.0,425.663,,,0.8787,0.1213,,False,on_map_at_end
1545,car,1332.0,,468.0,,1015.322,100.0,352.0,116.0,375.479,,,0.7521,0.2479,,False,on_map_at_end
1546,truck,1334.0,,466.0,,938.437,54.0,206.0,260.0,352.875,,,0.4421,0.5579,,False,on_map_at_end
1547,car,1334.0,,466.0,,2281.824,8.0,149.0,317.0,245.722,,,0.3197,0.6803,,False,on_map_at_end
1548,car,1335.0,,465.0,,1409.815,100.0,308.0,157.0,338.115,,,0.6624,0.3376,,False,on_map_at_end
1549,car,1335.0,,465.0,,77.089,83.0,424.0,41.0,455.723,,,0.9118,0.0882,,False,on_map_at_end
155,truck,290.0,,1510.0,,2287.115,88.0,1168.0,342.0,1224.802,,,0.7735,0.2265,,False,on_map_at_end
1550,car,1336.0,,464.0,,1280.384,78.0,245.0,219.0,341.661,,,0.528,0.472,,False,on_map_at_end
1551,truck,1336.0,,464.0,,1217.678,89.0,269.0,195.0,316.277,,,0.5797,0.4203,,False,on_map_at_end
1552,car,1337.0,,463.0,,508.688,100.0,383.0,80.0,408.363,,,0.8272,0.1728,,False,on_map_at_end
1553,car,1338.0,,462.0,,381.906,88.0,407.0,55.0,426.898,,,0.881,0.119,,False,on_map_at_end
1554,car,1339.0,,461.0,,397.632,100.0,412.0,49.0,425.027,,,0.8937,0.1063,,False,on_map_at_end
1556,truck,1340.0,,460.0,,859.51,100.0,328.0,132.0,356.818,,,0.713,0.287,,False,on_map_at_end
1558,car,1341.0,,459.0,,437.457,92.0,388.0,71.0,419.628,,,0.8453,0.1547,,False,on_map_at_end
1559,car,1342.0,,458.0,,1792.741,100.0,231.0,227.0,295.695,,,0.5044,0.4956,,False,on_map_at_end
1561,truck,1343.0,,457.0,,144.861,100.0,408.0,49.0,439.61,,,0.8928,0.1072,,False,on_map_at_end
1562,car,1343.0,,457.0,,129.504,100.0,429.0,28.0,444.971,,,0.9387,0.0613,,False,on_map_at_end
1563,car,1344.0,,456.0,,653.642,100.0,368.0,88.0,397.172,,,0.807,0.193,,False,on_map_at_end
1564,car,1344.0,,456.0,,137.36,100.0,406.0,50.0,443.638,,,0.8904,0.1096,,False,on_map_at_end
1566,truck,1347.0,,453.0,,849.763,82.0,321.0,132.0,350.988,,,0.7086,0.2914,,False,on_map_at_end
1567,car,1347.0,,453.0,,1555.574,85.0,223.0,230.0,268.126,,,0.4923,0.5077,,False,on_map_at_end
1568,car,1348.0,,452.0,,36.806,100.0,433.0,19.0,448.321,,,0.958,0.042,,False,on_map_at_end
1569,car,1348.0,,452.0,,125.706,94.0,415.0,37.0,440.686,,,0.9181,0.0819,,False,on_map_at_end
1571,truck,1349.0,,451.0,,838.718,100.0,327.0,124.0,349.498,,,0.7251,0.2749,,False,on_map_at_end
1572,car,1350.0,,450.0,,69.588,81.0,410.0,40.0,443.099,,,0.9111,0.0889,,False,on_map_at_end
1573,car,1351.0,,449.0,,1229.4,92.0,303.0,146.0,338.353,,,0.6748,0.3252,,False,on_map_at_end
1575,car,1352.0,,448.0,,950.126,49.0,212.0,236.0,362.099,,,0.4732,0.5268,,False,on_map_at_end
1577,car,1353.0,,447.0,,1604.146,90.0,267.0,180.0,302.625,,,0.5973,0.4027,,False,on_map_at_end
1580,car,1355.0,,445.0,,129.859,100.0,403.0,42.0,433.313,,,0.9056,0.0944,,False,on_map_at_end
1582,car,1358.0,,442.0,,1831.077,100.0,236.0,206.0,260.256,,,0.5339,0.4661,,False,on_map_at_end
1583,car,1358.0,,442.0,,515.854,86.0,354.0,88.0,395.573,,,0.8009,0.1991,,False,on_map_at_end
1584,car,1362.0,,438.0,,1402.312,100.0,287.0,151.0,311.791,,,0.6553,0.3447,,False,on_map_at_end
1585,car,1363.0,,437.0,,122.357,100.0,402.0,35.0,425.988,,,0.9199,0.0801,,False,on_map_at_end
1586,truck,1365.0,,435.0,,1396.347,93.0,220.0,215.0,266.739,,,0.5057,0.4943,,False,on_map_at_end
1588,car,1366.0,,434.0,,956.439,61.0,188.0,246.0,335.31,,,0.4332,0.5668,,False,on_map_at_end
1589,car,1366.0,,434.0,,429.949,91.0,363.0,71.0,395.304,,,0.8364,0.1636,,False,on_map_at_end
1590,car,1367.0,,433.0,,114.856,100.0,397.0,36.0,422.663,,,0.9169,0.0831,,False,on_map_at_end
1592,car,1368.0,,432.0,,384.179,100.0,387.0,45.0,397.424,,,0.8958,0.1042,,False,on_map_at_end
1593,car,1369.0,,431.0,,302.271,72.0,349.0,82.0,388.662,,,0.8097,0.1903,,False,on_map_at_end
1594,car,1369.0,,431.0,,1404.464,92.0,272.0,159.0,304.597,,,0.6311,0.3689,,False,on_map_at_end
1596,truck,1370.0,,430.0,,101.855,100.0,392.0,38.0,417.772,,,0.9116,0.0884,,False,on_map_at_end
1597,car,1371.0,,429.0,,1255.23,79.0,282.0,147.0,311.417,,,0.6573,0.3427,,False,on_map_at_end
1598,car,1371.0,,429.0,,1496.607,100.0,260.0,169.0,282.172,,,0.6061,0.3939,,False,on_map_at_end
1599,car,1371.0,,429.0,,1160.572,100.0,294.0,135.0,323.546,,,0.6853,0.3147,,False,on_map_at_end
16,car,22.0,,1778.0,,2874.587,95.0,1401.0,377.0,1518.388,,,0.788,0.212,,False,on_map_at_end
160,truck,301.0,,1499.0,,1702.039,100.0,1244.0,255.0,1290.952,,,0.8299,0.1701,,False,on_map_at_end
1603,car,1373.0,,427.0,,1125.713,87.0,301.0,126.0,324.158,,,0.7049,0.2951,,False,on_map_at_end
1604,car,1375.0,,425.0,,969.519,82.0,279.0,146.0,322.93,,,0.6565,0.3435,,False,on_map_at_end
1605,car,1376.0,,424.0,,935.524,100.0,315.0,109.0,339.204,,,0.7429,0.2571,,False,on_map_at_end
1606,truck,1376.0,,424.0,,1622.999,94.0,211.0,213.0,228.878,,,0.4976,0.5024,,False,on_map_at_end
1607,car,1380.0,,420.0,,662.369,100.0,296.0,124.0,317.289,,,0.7048,0.2952,,False,on_map_at_end
1608,car,1380.0,,420.0,,829.611,94.0,305.0,115.0,345.334,,,0.7262,0.2738,,False,on_map_at_end
1609,car,1381.0,,419.0,,62.087,81.0,380.0,39.0,412.253,,,0.9069,0.0931,,False,on_map_at_end
1610,car,1381.0,,419.0,,320.224,86.0,366.0,53.0,388.5,,,0.8735,0.1265,,False,on_map_at_end
1611,truck,1381.0,,419.0,,494.549,99.0,341.0,78.0,359.63,,,0.8138,0.1862,,False,on_map_at_end
1612,car,1381.0,,419.0,,2148.726,16.0,199.0,220.0,221.275,,,0.4749,0.5251,,False,on_map_at_end
1613,car,1382.0,,418.0,,546.604,100.0,350.0,68.0,368.805,,,0.8373,0.1627,,False,on_map_at_end
1614,car,1382.0,,418.0,,687.246,100.0,321.0,97.0,350.571,,,0.7679,0.2321,,False,on_map_at_end
1615,car,1383.0,,417.0,,1482.758,59.0,165.0,252.0,277.918,,,0.3957,0.6043,,False,on_map_at_end
1616,truck,1383.0,,417.0,,1066.662,86.0,263.0,154.0,288.406,,,0.6307,0.3693,,False,on_map_at_end
1617,car,1383.0,,417.0,,294.77,73.0,342.0,75.0,382.959,,,0.8201,0.1799,,False,on_map_at_end
1618,car,1384.0,,416.0,,274.389,95.0,358.0,58.0,384.522,,,0.8606,0.1394,,False,on_map_at_end
1620,car,1387.0,,413.0,,792.858,80.0,271.0,142.0,301.962,,,0.6562,0.3438,,False,on_map_at_end
1621,truck,1388.0,,412.0,,780.493,100.0,305.0,107.0,318.022,,,0.7403,0.2597,,False,on_map_at_end
1622,car,1391.0,,409.0,,94.354,100.0,374.0,35.0,400.508,,,0.9144,0.0856,,False,on_map_at_end
1623,car,1391.0,,409.0,,566.387,98.0,318.0,91.0,353.679,,,0.7775,0.2225,,False,on_map_at_end
1625,car,1392.0,,408.0,,1188.599,94.0,277.0,131.0,300.501,,,0.6789,0.3211,,False,on_map_at_end
1627,car,1395.0,,405.0,,1214.397,90.0,272.0,133.0,295.703,,,0.6716,0.3284,,False,on_map_at_end
1629,car,1395.0,,405.0,,54.586,81.0,367.0,38.0,398.19,,,0.9062,0.0938,,False,on_map_at_end
1630,car,1396.0,,404.0,,771.699,94.0,285.0,119.0,326.466,,,0.7054,0.2946,,False,on_map_at_end
1631,truck,1398.0,,402.0,,1128.57,100.0,240.0,162.0,265.581,,,0.597,0.403,,False,on_map_at_end
1632,car,1398.0,,402.0,,1153.071,100.0,260.0,142.0,297.756,,,0.6468,0.3532,,False,on_map_at_end
1633,car,1398.0,,402.0,,47.085,80.0,365.0,37.0,396.356,,,0.908,0.092,,False,on_map_at_end
1635,car,1399.0,,401.0,,1475.429,85.0,242.0,159.0,267.78,,,0.6035,0.3965,,False,on_map_at_end
1636,truck,1401.0,,399.0,,261.388,92.0,343.0,56.0,367.555,,,0.8596,0.1404,,False,on_map_at_end
1638,car,1402.0,,398.0,,654.868,100.0,290.0,108.0,308.446,,,0.7286,0.2714,,False,on_map_at_end
1639,car,1403.0,,397.0,,33.839,100.0,382.0,15.0,392.75,,,0.9622,0.0378,,False,on_map_at_end
164,car,303.0,,1497.0,,1453.278,100.0,1280.0,217.0,1331.577,,,0.855,0.145,,False,on_map_at_end
1640,car,1405.0,,395.0,,980.801,100.0,278.0,117.0,304.03,,,0.7038,0.2962,,False,on_map_at_end
1641,truck,1405.0,,395.0,,1391.463,91.0,200.0,195.0,227.958,,,0.5063,0.4937,,False,on_map_at_end
1642,car,1407.0,,393.0,,1183.029,46.0,175.0,218.0,282.481,,,0.4453,0.5547,,False,on_map_at_end
1643,car,1407.0,,393.0,,132.476,93.0,366.0,27.0,377.079,,,0.9313,0.0687,,False,on_map_at_end
1644,car,1409.0,,391.0,,422.437,90.0,318.0,73.0,352.98,,,0.8133,0.1867,,False,on_map_at_end
1645,car,1409.0,,391.0,,86.853,100.0,357.0,34.0,383.183,,,0.913,0.087,,False,on_map_at_end
1647,car,1410.0,,390.0,,79.352,100.0,356.0,34.0,382.858,,,0.9128,0.0872,,False,on_map_at_end
1648,car,1410.0,,390.0,,605.224,44.0,190.0,200.0,335.529,,,0.4872,0.5128,,False,on_map_at_end
1649,car,1412.0,,388.0,,630.749,94.0,301.0,87.0,313.649,,,0.7758,0.2242,,False,on_map_at_end
165,truck,303.0,,1497.0,,1499.854,100.0,1283.0,214.0,1316.946,,,0.857,0.143,,False,on_map_at_end
1650,car,1412.0,,388.0,,71.851,100.0,355.0,33.0,381.533,,,0.9149,0.0851,,False,on_map_at_end
1651,truck,1413.0,,387.0,,1286.667,100.0,207.0,180.0,229.991,,,0.5349,0.4651,,False,on_map_at_end
1652,car,1415.0,,385.0,,414.819,90.0,312.0,73.0,347.666,,,0.8104,0.1896,,False,on_map_at_end
1653,car,1415.0,,385.0,,760.518,92.0,260.0,125.0,282.361,,,0.6753,0.3247,,False,on_map_at_end
1655,car,1416.0,,384.0,,1321.558,100.0,249.0,135.0,263.762,,,0.6484,0.3516,,False,on_map_at_end
1656,truck,1417.0,,383.0,,393.702,81.0,314.0,69.0,335.737,,,0.8198,0.1802,,False,on_map_at_end
1657,car,1418.0,,382.0,,1308.598,88.0,229.0,153.0,263.879,,,0.5995,0.4005,,False,on_map_at_end
1658,car,1422.0,,378.0,,1226.526,89.0,229.0,149.0,264.004,,,0.6058,0.3942,,False,on_map_at_end
1659,car,1422.0,,378.0,,1681.559,100.0,209.0,169.0,226.212,,,0.5529,0.4471,,False,on_map_at_end
166,car,304.0,,1496.0,,758.977,100.0,1393.0,103.0,1426.065,,,0.9311,0.0689,,False,on_map_at_end
1660,car,1423.0,,377.0,,372.461,81.0,314.0,63.0,342.678,,,0.8329,0.1671,,False,on_map_at_end
1662,car,1424.0,,376.0,,896.717,100.0,260.0,116.0,291.985,,,0.6915,0.3085,,False,on_map_at_end
1665,car,1426.0,,374.0,,803.766,98.0,273.0,101.0,301.083,,,0.7299,0.2701,,False,on_map_at_end
1668,car,1430.0,,370.0,,649.217,100.0,289.0,81.0,307.889,,,0.7811,0.2189,,False,on_map_at_end
1669,car,1431.0,,369.0,,1029.101,86.0,253.0,116.0,275.183,,,0.6856,0.3144,,False,on_map_at_end
1670,car,1431.0,,369.0,,753.017,90.0,238.0,131.0,260.083,,,0.645,0.355,,False,on_map_at_end
1671,truck,1431.0,,369.0,,1381.807,100.0,167.0,202.0,203.117,,,0.4526,0.5474,,False,on_map_at_end
1672,car,1432.0,,368.0,,253.887,92.0,311.0,57.0,339.647,,,0.8451,0.1549,,False,on_map_at_end
1673,car,1432.0,,368.0,,1202.523,88.0,225.0,143.0,248.411,,,0.6114,0.3886,,False,on_map_at_end
1674,car,1434.0,,366.0,,64.35,100.0,335.0,31.0,359.711,,,0.9153,0.0847,,False,on_map_at_end
1675,car,1437.0,,363.0,,366.353,100.0,311.0,52.0,330.028,,,0.8567,0.1433,,False,on_map_at_end
1676,truck,1436.0,,364.0,,609.759,100.0,247.0,117.0,270.129,,,0.6786,0.3214,,False,on_map_at_end
1677,car,1437.0,,363.0,,56.849,100.0,331.0,32.0,357.884,,,0.9118,0.0882,,False,on_map_at_end
1678,car,1439.0,,361.0,,776.419,92.0,279.0,82.0,291.122,,,0.7729,0.2271,,False,on_map_at_end
1679,car,1439.0,,361.0,,49.348,100.0,331.0,30.0,356.559,,,0.9169,0.0831,,False,on_map_at_end
168,car,305.0,,1495.0,,1994.367,100.0,1238.0,257.0,1305.893,,,0.8281,0.1719,,False,on_map_at_end
1680,car,1440.0,,360.0,,383.236,100.0,307.0,53.0,318.521,,,0.8528,0.1472,,False,on_map_at_end
1681,truck,1440.0,,360.0,,614.993,100.0,274.0,86.0,286.169,,,0.7611,0.2389,,False,on_map_at_end
1682,car,1440.0,,360.0,,661.953,45.0,159.0,201.0,293.065,,,0.4417,0.5583,,False,on_map_at_end
1683,car,1440.0,,360.0,,487.851,84.0,282.0,78.0,316.093,,,0.7833,0.2167,,False,on_map_at_end
1684,car,1441.0,,359.0,,987.689,57.0,247.0,112.0,269.774,,,0.688,0.312,,False,on_map_at_end
1686,truck,1443.0,,357.0,,468.264,100.0,278.0,79.0,300.786,,,0.7787,0.2213,,False,on_map_at_end
1688,car,1444.0,,356.0,,39.584,81.0,332.0,24.0,351.702,,,0.9326,0.0674,,False,on_map_at_end
1689,car,1445.0,,355.0,,1183.888,100.0,233.0,122.0,245.888,,,0.6563,0.3437,,False,on_map_at_end
1690,car,1445.0,,355.0,,1097.698,44.0,150.0,205.0,248.75,,,0.4225,0.5775,,False,on_map_at_end
1691,truck,1445.0,,355.0,,472.68,84.0,271.0,84.0,298.256,,,0.7634,0.2366,,False,on_map_at_end
1692,car,1446.0,,354.0,,1113.129,100.0,234.0,120.0,250.721,,,0.661,0.339,,False,on_map_at_end
1693,car,1446.0,,354.0,,376.678,100.0,310.0,44.0,320.099,,,0.8757,0.1243,,False,on_map_at_end
1694,car,1446.0,,354.0,,641.716,100.0,279.0,75.0,292.159,,,0.7881,0.2119,,False,on_map_at_end
1695,car,1447.0,,353.0,,480.685,100.0,278.0,75.0,291.97,,,0.7875,0.2125,,False,on_map_at_end
1699,car,1449.0,,351.0,,634.215,100.0,275.0,76.0,291.347,,,0.7835,0.2165,,False,on_map_at_end
1700,car,1450.0,,350.0,,586.89,99.0,268.0,82.0,295.372,,,0.7657,0.2343,,False,on_map_at_end
1701,truck,1451.0,,349.0,,141.879,100.0,321.0,28.0,331.968,,,0.9198,0.0802,,False,on_map_at_end
1704,car,1452.0,,348.0,,41.847,100.0,318.0,30.0,344.234,,,0.9138,0.0862,,False,on_map_at_end
1705,car,1452.0,,348.0,,406.852,91.0,276.0,72.0,311.383,,,0.7931,0.2069,,False,on_map_at_end
1706,truck,1454.0,,346.0,,392.944,93.0,268.0,78.0,298.828,,,0.7746,0.2254,,False,on_map_at_end
1707,car,1455.0,,345.0,,381.423,100.0,272.0,73.0,310.672,,,0.7884,0.2116,,False,on_map_at_end
1708,car,1456.0,,344.0,,1272.883,74.0,147.0,197.0,220.652,,,0.4273,0.5727,,False,on_map_at_end
171,car,312.0,,1488.0,,1828.388,100.0,1257.0,231.0,1309.02,,,0.8448,0.1552,,False,on_map_at_end
1711,truck,1456.0,,344.0,,365.699,79.0,276.0,68.0,300.099,,,0.8023,0.1977,,False,on_map_at_end
1713,car,1459.0,,341.0,,844.823,91.0,237.0,104.0,254.742,,,0.695,0.305,,False,on_map_at_end
1714,car,1461.0,,339.0,,877.502,40.0,125.0,214.0,260.024,,,0.3687,0.6313,,False,on_map_at_end
1716,truck,1462.0,,338.0,,601.992,100.0,251.0,87.0,264.259,,,0.7426,0.2574,,False,on_map_at_end
1717,car,1463.0,,337.0,,699.261,46.0,131.0,206.0,265.281,,,0.3887,0.6113,,False,on_map_at_end
1718,car,1464.0,,336.0,,1180.788,100.0,212.0,124.0,228.741,,,0.631,0.369,,False,on_map_at_end
1719,car,1465.0,,335.0,,877.517,100.0,242.0,93.0,255.423,,,0.7224,0.2776,,False,on_map_at_end
1720,car,1466.0,,334.0,,745.516,90.0,212.0,122.0,232.66,,,0.6347,0.3653,,False,on_map_at_end
1721,truck,1467.0,,333.0,,1388.279,82.0,114.0,219.0,163.719,,,0.3423,0.6577,,False,on_map_at_end
1722,car,1469.0,,331.0,,1873.009,31.0,124.0,207.0,152.818,,,0.3746,0.6254,,False,on_map_at_end
1723,car,1473.0,,327.0,,369.177,100.0,284.0,43.0,293.774,,,0.8685,0.1315,,False,on_map_at_end
1724,car,1473.0,,327.0,,246.386,92.0,267.0,60.0,294.363,,,0.8165,0.1835,,False,on_map_at_end
1725,car,1475.0,,325.0,,361.676,100.0,281.0,44.0,292.449,,,0.8646,0.1354,,False,on_map_at_end
1726,truck,1477.0,,323.0,,806.267,88.0,209.0,114.0,226.124,,,0.6471,0.3529,,False,on_map_at_end
1727,car,1477.0,,323.0,,238.885,90.0,264.0,59.0,296.782,,,0.8173,0.1827,,False,on_map_at_end
1731,truck,1481.0,,319.0,,28.846,100.0,291.0,28.0,315.537,,,0.9122,0.0878,,False,on_map_at_end
1733,car,1486.0,,314.0,,729.868,85.0,199.0,115.0,224.479,,,0.6338,0.3662,,False,on_map_at_end
1734,car,1486.0,,314.0,,1071.706,100.0,202.0,112.0,216.856,,,0.6433,0.3567,,False,on_map_at_end
1735,car,1487.0,,313.0,,1520.19,47.0,119.0,194.0,176.041,,,0.3802,0.6198,,False,on_map_at_end
1736,truck,1487.0,,313.0,,1073.989,100.0,156.0,157.0,183.611,,,0.4984,0.5016,,False,on_map_at_end
1737,car,1488.0,,312.0,,876.977,100.0,207.0,105.0,217.892,,,0.6635,0.3365,,False,on_map_at_end
1738,car,1490.0,,310.0,,21.345,100.0,282.0,28.0,308.079,,,0.9097,0.0903,,False,on_map_at_end
1739,car,1490.0,,310.0,,723.013,88.0,163.0,147.0,192.544,,,0.5258,0.4742,,False,on_map_at_end
174,car,315.0,,1485.0,,1423.274,100.0,1248.0,237.0,1317.212,,,0.8404,0.1596,,False,on_map_at_end
1740,car,1490.0,,310.0,,117.474,91.0,288.0,22.0,297.496,,,0.929,0.071,,False,on_map_at_end
1741,truck,1681.0,,119.0,,8.344,100.0,103.0,16.0,117.998,,,0.8655,0.1345,,False,on_map_at_end
1742,car,1491.0,,309.0,,1422.006,58.0,160.0,149.0,181.018,,,0.5178,0.4822,,False,on_map_at_end
1744,car,1492.0,,308.0,,1647.814,100.0,128.0,180.0,152.542,,,0.4156,0.5844,,False,on_map_at_end
1745,car,1694.0,,106.0,,0.843,100.0,101.0,5.0,105.924,,,0.9528,0.0472,,False,on_map_at_end
1746,truck,1494.0,,306.0,,494.58,100.0,240.0,66.0,246.627,,,0.7843,0.2157,,False,on_map_at_end
1747,car,1494.0,,306.0,,32.083,81.0,283.0,23.0,302.051,,,0.9248,0.0752,,False,on_map_at_end
1748,car,1494.0,,306.0,,1129.005,100.0,152.0,154.0,201.557,,,0.4967,0.5033,,False,on_map_at_end
1749,car,1495.0,,305.0,,1394.81,100.0,160.0,145.0,179.466,,,0.5246,0.4754,,False,on_map_at_end
175,truck,315.0,,1485.0,,722.553,100.0,1353.0,132.0,1398.08,,,0.9111,0.0889,,False,on_map_at_end
1751,truck,1499.0,,301.0,,348.675,100.0,247.0,54.0,259.142,,,0.8206,0.1794,,False,on_map_at_end
1752,car,1501.0,,299.0,,479.01,100.0,223.0,76.0,255.889,,,0.7458,0.2542,,False,on_map_at_end
1753,car,1501.0,,299.0,,541.759,100.0,237.0,62.0,249.752,,,0.7926,0.2074,,False,on_map_at_end
1754,car,1502.0,,298.0,,1067.706,85.0,178.0,120.0,201.271,,,0.5973,0.4027,,False,on_map_at_end
1755,car,1502.0,,298.0,,271.879,100.0,244.0,54.0,273.12,,,0.8188,0.1812,,False,on_map_at_end
1756,truck,1502.0,,298.0,,392.977,100.0,241.0,57.0,250.618,,,0.8087,0.1913,,False,on_map_at_end
1757,car,1503.0,,297.0,,746.415,90.0,208.0,89.0,229.822,,,0.7003,0.2997,,False,on_map_at_end
1758,car,1505.0,,295.0,,97.449,95.0,274.0,21.0,282.705,,,0.9288,0.0712,,False,on_map_at_end
1759,car,1505.0,,295.0,,683.754,53.0,118.0,177.0,228.301,,,0.4,0.6,,False,on_map_at_end
176,car,318.0,,1482.0,,1298.569,91.0,1296.0,186.0,1342.606,,,0.8745,0.1255,,False,on_map_at_end
1761,truck,1509.0,,291.0,,433.119,100.0,210.0,81.0,239.005,,,0.7216,0.2784,,False,on_map_at_end
1762,car,1509.0,,291.0,,715.512,86.0,158.0,133.0,196.104,,,0.543,0.457,,False,on_map_at_end
1763,car,1510.0,,290.0,,1764.738,100.0,112.0,178.0,130.366,,,0.3862,0.6138,,False,on_map_at_end
1764,car,1511.0,,289.0,,485.147,100.0,219.0,70.0,245.336,,,0.7578,0.2422,,False,on_map_at_end
1765,car,1512.0,,288.0,,1165.773,100.0,155.0,133.0,182.59,,,0.5382,0.4618,,False,on_map_at_end
1766,truck,1513.0,,287.0,,1861.894,19.0,30.0,257.0,62.969,,,0.1045,0.8955,,False,on_map_at_end
1767,car,1515.0,,285.0,,1383.961,91.0,142.0,143.0,160.442,,,0.4982,0.5018,,False,on_map_at_end
1770,car,1518.0,,282.0,,181.17,86.0,248.0,34.0,265.518,,,0.8794,0.1206,,False,on_map_at_end
1771,truck,1518.0,,282.0,,267.471,100.0,242.0,40.0,249.891,,,0.8582,0.1418,,False,on_map_at_end
1772,car,1519.0,,281.0,,708.011,86.0,151.0,130.0,176.575,,,0.5374,0.4626,,False,on_map_at_end
1774,car,1520.0,,280.0,,550.397,86.0,194.0,86.0,217.093,,,0.6929,0.3071,,False,on_map_at_end
1775,car,1521.0,,279.0,,532.769,100.0,200.0,79.0,227.907,,,0.7168,0.2832,,False,on_map_at_end
1776,truck,1522.0,,278.0,,373.508,94.0,225.0,53.0,233.161,,,0.8094,0.1906,,False,on_map_at_end
1779,car,1528.0,,272.0,,1874.035,80.0,82.0,190.0,102.515,,,0.3015,0.6985,,False,on_map_at_end
178,car,319.0,,1481.0,,1415.773,100.0,1242.0,239.0,1326.556,,,0.8386,0.1614,,False,on_map_at_end
1780,car,1530.0,,270.0,,738.914,89.0,188.0,82.0,203.497,,,0.6963,0.3037,,False,on_map_at_end
1781,truck,1532.0,,268.0,,1037.333,100.0,133.0,135.0,143.081,,,0.4963,0.5037,,False,on_map_at_end
1782,car,1533.0,,267.0,,880.913,89.0,161.0,106.0,186.945,,,0.603,0.397,,False,on_map_at_end
1783,car,1537.0,,263.0,,308.346,100.0,229.0,34.0,235.249,,,0.8707,0.1293,,False,on_map_at_end
1785,car,1534.0,,266.0,,425.259,100.0,180.0,86.0,222.622,,,0.6767,0.3233,,False,on_map_at_end
1786,truck,1536.0,,264.0,,695.01,86.0,137.0,127.0,158.927,,,0.5189,0.4811,,False,on_map_at_end
1788,car,1538.0,,262.0,,1769.086,36.0,35.0,227.0,100.185,,,0.1336,0.8664,,False,on_map_at_end
1789,car,1539.0,,261.0,,1058.219,42.0,104.0,157.0,165.707,,,0.3985,0.6015,,False,on_map_at_end
1791,truck,1540.0,,260.0,,1751.737,38.0,37.0,223.0,49.338,,,0.1423,0.8577,,False,on_map_at_end
1792,car,1541.0,,259.0,,991.882,68.0,105.0,154.0,164.181,,,0.4054,0.5946,,False,on_map_at_end
1793,car,1543.0,,257.0,,878.312,87.0,147.0,110.0,176.674,,,0.572,0.428,,False,on_map_at_end
1796,truck,1551.0,,249.0,,335.674,100.0,205.0,44.0,208.703,,,0.8233,0.1767,,False,on_map_at_end
1797,car,1551.0,,249.0,,361.424,95.0,208.0,41.0,216.472,,,0.8353,0.1647,,False,on_map_at_end
1798,car,1552.0,,248.0,,328.173,100.0,203.0,45.0,218.464,,,0.8185,0.1815,,False,on_map_at_end
1799,car,1554.0,,246.0,,379.368,100.0,171.0,75.0,202.28,,,0.6951,0.3049,,False,on_map_at_end
1801,truck,1556.0,,244.0,,562.127,100.0,145.0,99.0,156.433,,,0.5943,0.4057,,False,on_map_at_end
1802,car,1559.0,,241.0,,771.603,82.0,148.0,93.0,171.555,,,0.6141,0.3859,,False,on_map_at_end
1803,car,1559.0,,241.0,,554.626,100.0,128.0,113.0,144.191,,,0.5311,0.4689,,False,on_map_at_end
1804,car,1559.0,,241.0,,368.234,100.0,184.0,57.0,190.752,,,0.7635,0.2365,,False,on_map_at_end
1805,car,1564.0,,236.0,,174.298,100.0,206.0,30.0,218.11,,,0.8729,0.1271,,False,on_map_at_end
1806,truck,1564.0,,236.0,,1763.835,4.0,3.0,233.0,23.797,,,0.0127,0.9873,,False,on_map_at_end
1807,car,1565.0,,235.0,,810.307,80.0,102.0,133.0,149.114,,,0.434,0.566,,False,on_map_at_end
1808,car,1565.0,,235.0,,1052.704,85.0,118.0,117.0,139.107,,,0.5021,0.4979,,False,on_map_at_end
1809,car,1566.0,,234.0,,700.516,100.0,158.0,76.0,170.537,,,0.6752,0.3248,,False,on_map_at_end
181,car,320.0,,1480.0,,1593.197,93.0,1235.0,245.0,1322.84,,,0.8345,0.1655,,False,on_map_at_end
1810,car,1567.0,,233.0,,320.672,100.0,200.0,33.0,204.139,,,0.8584,0.1416,,False,on_map_at_end
1811,truck,1570.0,,230.0,,519.768,100.0,137.0,93.0,167.603,,,0.5957,0.4043,,False,on_map_at_end
1813,car,1575.0,,225.0,,1477.184,33.0,55.0,170.0,91.565,,,0.2444,0.7556,,False,on_map_at_end
1814,car,1580.0,,220.0,,412.345,100.0,173.0,47.0,182.633,,,0.7864,0.2136,,False,on_map_at_end
1815,car,1582.0,,218.0,,615.556,70.0,100.0,118.0,156.834,,,0.4587,0.5413,,False,on_map_at_end
1816,truck,1584.0,,216.0,,1013.192,85.0,84.0,132.0,93.964,,,0.3889,0.6111,,False,on_map_at_end
1817,car,1584.0,,216.0,,348.969,100.0,171.0,45.0,177.394,,,0.7917,0.2083,,False,on_map_at_end
1818,car,1584.0,,216.0,,1374.305,77.0,77.0,139.0,92.311,,,0.3565,0.6435,,False,on_map_at_end
1819,car,1585.0,,215.0,,292.527,100.0,156.0,59.0,188.455,,,0.7256,0.2744,,False,on_map_at_end
1821,truck,1590.0,,210.0,,690.409,86.0,108.0,102.0,127.118,,,0.5143,0.4857,,False,on_map_at_end
1822,car,1590.0,,210.0,,1454.546,30.0,37.0,173.0,75.269,,,0.1762,0.8238,,False,on_map_at_end
1823,car,1591.0,,209.0,,1633.049,1.0,0.0,209.0,61.254,,,0.0,1.0,,False,on_map_at_end
1824,car,1591.0,,209.0,,682.908,85.0,105.0,104.0,147.538,,,0.5024,0.4976,,False,on_map_at_end
1825,car,1593.0,,207.0,,1603.378,27.0,26.0,181.0,61.096,,,0.1256,0.8744,,False,on_map_at_end
1826,truck,1596.0,,204.0,,641.004,80.0,80.0,124.0,105.455,,,0.3922,0.6078,,False,on_map_at_end
1827,car,1597.0,,203.0,,134.229,100.0,172.0,31.0,188.107,,,0.8473,0.1527,,False,on_map_at_end
1828,car,1598.0,,202.0,,288.395,85.0,157.0,45.0,175.473,,,0.7772,0.2228,,False,on_map_at_end
1829,car,1600.0,,200.0,,231.384,90.0,141.0,59.0,170.544,,,0.705,0.295,,False,on_map_at_end
183,car,322.0,,1478.0,,453.489,100.0,1395.0,83.0,1433.984,,,0.9438,0.0562,,False,on_map_at_end
1830,car,1600.0,,200.0,,1104.952,32.0,82.0,118.0,99.919,,,0.41,0.59,,False,on_map_at_end
1831,truck,1601.0,,199.0,,294.528,100.0,137.0,62.0,163.643,,,0.6884,0.3116,,False,on_map_at_end
1832,car,1606.0,,194.0,,282.976,100.0,135.0,59.0,168.523,,,0.6959,0.3041,,False,on_map_at_end
1833,car,1606.0,,194.0,,764.102,81.0,101.0,93.0,125.23,,,0.5206,0.4794,,False,on_map_at_end
1834,car,1611.0,,189.0,,80.618,100.0,169.0,20.0,178.767,,,0.8942,0.1058,,False,on_map_at_end
1835,car,1608.0,,192.0,,1748.761,0.0,0.0,192.0,32.584,,,0.0,1.0,,False,on_map_at_end
1836,truck,1610.0,,190.0,,739.477,66.0,66.0,124.0,100.897,,,0.3474,0.6526,,False,on_map_at_end
1837,car,1611.0,,189.0,,783.367,66.0,71.0,118.0,115.829,,,0.3757,0.6243,,False,on_map_at_end
1839,car,1614.0,,186.0,,24.582,81.0,165.0,21.0,182.827,,,0.8871,0.1129,,False,on_map_at_end
184,car,324.0,,1476.0,,751.476,100.0,1362.0,114.0,1395.142,,,0.9228,0.0772,,False,on_map_at_end
1840,car,1616.0,,184.0,,74.239,100.0,166.0,18.0,177.318,,,0.9022,0.0978,,False,on_map_at_end
1841,truck,1617.0,,183.0,,386.869,100.0,116.0,67.0,135.791,,,0.6339,0.3661,,False,on_map_at_end
1842,car,1617.0,,183.0,,1247.628,49.0,48.0,135.0,66.739,,,0.2623,0.7377,,False,on_map_at_end
1843,car,1618.0,,182.0,,26.338,100.0,168.0,14.0,179.218,,,0.9231,0.0769,,False,on_map_at_end
1844,car,1618.0,,182.0,,548.975,100.0,118.0,64.0,131.652,,,0.6484,0.3516,,False,on_map_at_end
1845,car,1619.0,,181.0,,1343.725,51.0,50.0,131.0,60.064,,,0.2762,0.7238,,False,on_map_at_end
1847,car,1623.0,,177.0,,1311.796,30.0,36.0,141.0,58.937,,,0.2034,0.7966,,False,on_map_at_end
1848,car,1628.0,,172.0,,350.269,96.0,133.0,39.0,140.475,,,0.7733,0.2267,,False,on_map_at_end
1849,car,1628.0,,172.0,,539.624,71.0,70.0,102.0,85.899,,,0.407,0.593,,False,on_map_at_end
185,truck,327.0,,1473.0,,709.552,100.0,1353.0,120.0,1387.665,,,0.9185,0.0815,,False,on_map_at_end
1850,car,1629.0,,171.0,,279.004,100.0,140.0,31.0,145.825,,,0.8187,0.1813,,False,on_map_at_end
1851,truck,1629.0,,171.0,,1066.469,30.0,29.0,142.0,42.625,,,0.1696,0.8304,,False,on_map_at_end
1852,car,1630.0,,170.0,,662.405,85.0,85.0,85.0,110.383,,,0.5,0.5,,False,on_map_at_end
1853,car,1712.0,,88.0,,17.081,73.0,72.0,16.0,86.123,,,0.8182,0.1818,,False,on_map_at_end
1854,car,1635.0,,165.0,,1034.62,50.0,49.0,116.0,70.012,,,0.297,0.703,,False,on_map_at_end
1857,car,1638.0,,162.0,,626.002,28.0,27.0,135.0,49.141,,,0.1667,0.8333,,False,on_map_at_end
1858,car,1639.0,,161.0,,30.041,100.0,156.0,5.0,158.296,,,0.9689,0.0311,,False,on_map_at_end
1859,car,1716.0,,84.0,,9.58,70.0,69.0,15.0,82.993,,,0.8214,0.1786,,False,on_map_at_end
1861,truck,1643.0,,157.0,,285.216,85.0,99.0,58.0,122.76,,,0.6306,0.3694,,False,on_map_at_end
1862,car,1644.0,,156.0,,412.617,100.0,112.0,44.0,118.464,,,0.7179,0.2821,,False,on_map_at_end
1863,car,1644.0,,156.0,,1149.447,39.0,38.0,118.0,49.281,,,0.2436,0.7564,,False,on_map_at_end
1865,car,1647.0,,153.0,,385.475,100.0,114.0,39.0,118.307,,,0.7451,0.2549,,False,on_map_at_end
1866,truck,1647.0,,153.0,,345.061,74.0,82.0,71.0,111.576,,,0.5359,0.4641,,False,on_map_at_end
1867,car,1649.0,,151.0,,1168.004,0.0,0.0,151.0,15.473,,,0.0,1.0,,False,on_map_at_end
1868,car,1649.0,,151.0,,794.179,51.0,50.0,101.0,68.94,,,0.3311,0.6689,,False,on_map_at_end
1869,car,1650.0,,150.0,,476.839,69.0,71.0,79.0,107.084,,,0.4733,0.5267,,False,on_map_at_end
187,car,330.0,,1470.0,,1492.353,100.0,1286.0,184.0,1333.532,,,0.8748,0.1252,,False,on_map_at_end
1872,car,1653.0,,147.0,,1073.537,28.0,32.0,115.0,50.381,,,0.2177,0.7823,,False,on_map_at_end
1874,car,1654.0,,146.0,,340.117,97.0,109.0,37.0,115.389,,,0.7466,0.2534,,False,on_map_at_end
1875,car,1655.0,,145.0,,81.585,100.0,134.0,11.0,137.657,,,0.9241,0.0759,,False,on_map_at_end
1876,truck,1658.0,,142.0,,267.893,85.0,96.0,46.0,109.756,,,0.6761,0.3239,,False,on_map_at_end
1878,car,1665.0,,135.0,,652.249,63.0,62.0,73.0,68.882,,,0.4593,0.5407,,False,on_map_at_end
1879,car,1666.0,,134.0,,642.358,41.0,42.0,92.0,56.248,,,0.3134,0.6866,,False,on_map_at_end
1880,car,1667.0,,133.0,,1002.336,20.0,19.0,114.0,39.005,,,0.1429,0.8571,,False,on_map_at_end
1881,truck,1668.0,,132.0,,372.474,84.0,83.0,49.0,87.285,,,0.6288,0.3712,,False,on_map_at_end
1882,car,1668.0,,132.0,,291.548,89.0,96.0,36.0,105.76,,,0.7273,0.2727,,False,on_map_at_end
1883,car,1669.0,,131.0,,223.883,89.0,91.0,40.0,108.406,,,0.6947,0.3053,,False,on_map_at_end
1884,car,1670.0,,130.0,,1.009,100.0,127.0,3.0,129.909,,,0.9769,0.0231,,False,on_map_at_end
1885,car,1671.0,,129.0,,979.818,29.0,28.0,101.0,39.803,,,0.2171,0.7829,,False,on_map_at_end
1886,truck,1671.0,,129.0,,911.602,8.0,8.0,121.0,19.284,,,0.062,0.938,,False,on_map_at_end
1887,car,1672.0,,128.0,,719.992,49.0,48.0,80.0,62.88,,,0.375,0.625,,False,on_map_at_end
1888,car,1725.0,,75.0,,2.079,68.0,67.0,8.0,74.746,,,0.8933,0.1067,,False,on_map_at_end
1889,car,1675.0,,125.0,,1268.256,0.0,0.0,125.0,9.353,,,0.0,1.0,,False,on_map_at_end
1890,car,1675.0,,125.0,,995.223,16.0,16.0,109.0,34.074,,,0.128,0.872,,False,on_map_at_end
1891,truck,1680.0,,120.0,,948.275,0.0,0.0,120.0,5.849,,,0.0,1.0,,False,on_map_at_end
1892,car,1681.0,,119.0,,494.393,44.0,50.0,69.0,74.504,,,0.4202,0.5798,,False,on_map_at_end
1893,car,1681.0,,119.0,,641.903,52.0,51.0,68.0,61.228,,,0.4286,0.5714,,False,on_map_at_end
1894,car,1681.0,,119.0,,279.526,90.0,89.0,30.0,93.842,,,0.7479,0.2521,,False,on_map_at_end
1895,car,1681.0,,119.0,,973.92,15.0,15.0,104.0,26.181,,,0.1261,0.8739,,False,on_map_at_end
1896,truck,1682.0,,118.0,,440.918,57.0,56.0,62.0,65.069,,,0.4746,0.5254,,False,on_map_at_end
1897,car,1682.0,,118.0,,924.875,17.0,16.0,102.0,32.305,,,0.1356,0.8644,,False,on_map_at_end
1898,car,1683.0,,117.0,,371.341,78.0,77.0,40.0,82.932,,,0.6581,0.3419,,False,on_map_at_end
1899,car,1684.0,,116.0,,216.382,75.0,74.0,42.0,90.556,,,0.6379,0.3621,,False,on_map_at_end
1900,car,1688.0,,112.0,,563.872,55.0,54.0,58.0,60.644,,,0.4821,0.5179,,False,on_map_at_end
1901,truck,1689.0,,111.0,,835.322,1.0,1.0,110.0,10.524,,,0.009,0.991,,False,on_map_at_end
1902,car,1691.0,,109.0,,603.809,47.0,46.0,63.0,53.676,,,0.422,0.578,,False,on_map_at_end
1903,car,1691.0,,109.0,,499.89,43.0,42.0,67.0,51.625,,,0.3853,0.6147,,False,on_map_at_end
1904,car,1692.0,,108.0,,719.654,25.0,25.0,83.0,42.475,,,0.2315,0.7685,,False,on_map_at_end
1905,car,1695.0,,105.0,,964.815,4.0,3.0,102.0,16.524,,,0.0286,0.9714,,False,on_map_at_end
1907,car,1696.0,,104.0,,477.889,41.0,40.0,64.0,48.377,,,0.3846,0.6154,,False,on_map_at_end
1908,car,1698.0,,102.0,,533.973,36.0,35.0,67.0,43.193,,,0.3431,0.6569,,False,on_map_at_end
1910,car,1701.0,,99.0,,1002.777,0.0,0.0,99.0,6.513,,,0.0,1.0,,False,on_map_at_end
1911,truck,1702.0,,98.0,,777.856,0.0,0.0,98.0,4.358,,,0.0,1.0,,False,on_map_at_end
1912,car,1702.0,,98.0,,1038.662,0.0,0.0,98.0,4.519,,,0.0,1.0,,False,on_map_at_end
1913,car,1704.0,,96.0,,226.04,74.0,73.0,23.0,75.656,,,0.7604,0.2396,,False,on_map_at_end
1914,car,1704.0,,96.0,,985.843,0.0,0.0,96.0,6.779,,,0.0,1.0,,False,on_map_at_end
1915,car,1705.0,,95.0,,951.313,0.0,0.0,95.0,7.707,,,0.0,1.0,,False,on_map_at_end
1916,truck,1708.0,,92.0,,736.143,0.0,0.0,92.0,3.627,,,0.0,1.0,,False,on_map_at_end
1917,car,1709.0,,91.0,,792.126,7.0,7.0,84.0,18.184,,,0.0769,0.9231,,False,on_map_at_end
1918,car,1710.0,,90.0,,667.978,0.0,0.0,90.0,18.607,,,0.0,1.0,,False,on_map_at_end
1919,car,1709.0,,91.0,,260.392,61.0,60.0,31.0,67.049,,,0.6593,0.3407,,False,on_map_at_end
192,car,335.0,,1465.0,,1469.179,100.0,1285.0,180.0,1331.097,,,0.8771,0.1229,,False,on_map_at_end
1920,car,1711.0,,89.0,,89.948,74.0,73.0,16.0,76.718,,,0.8202,0.1798,,False,on_map_at_end
1921,truck,1712.0,,88.0,,599.136,7.0,6.0,82.0,15.934,,,0.0682,0.9318,,False,on_map_at_end
1922,car,1712.0,,88.0,,740.8,2.0,2.0,86.0,20.642,,,0.0227,0.9773,,False,on_map_at_end
1923,car,1712.0,,88.0,,218.539,65.0,64.0,24.0,68.331,,,0.7273,0.2727,,False,on_map_at_end
1924,car,1713.0,,87.0,,665.409,9.0,9.0,78.0,22.832,,,0.1034,0.8966,,False,on_map_at_end
1925,car,1715.0,,85.0,,589.893,0.0,0.0,85.0,7.17,,,0.0,1.0,,False,on_map_at_end
1926,truck,1715.0,,85.0,,678.969,0.0,0.0,85.0,3.491,,,0.0,1.0,,False,on_map_at_end
1928,car,1716.0,,84.0,,331.881,49.0,49.0,35.0,54.13,,,0.5833,0.4167,,False,on_map_at_end
1929,car,1718.0,,82.0,,661.369,12.0,12.0,70.0,20.557,,,0.1463,0.8537,,False,on_map_at_end
193,car,336.0,,1464.0,,1408.272,100.0,1241.0,223.0,1297.878,,,0.8477,0.1523,,False,on_map_at_end
1930,car,1723.0,,77.0,,636.954,7.0,7.0,70.0,17.97,,,0.0909,0.9091,,False,on_map_at_end
1931,truck,1724.0,,76.0,,351.365,27.0,26.0,50.0,33.011,,,0.3421,0.6579,,False,on_map_at_end
1932,car,1730.0,,70.0,,305.67,39.0,38.0,32.0,42.489,,,0.5429,0.4571,,False,on_map_at_end
1933,car,1731.0,,69.0,,324.02,37.0,36.0,33.0,39.838,,,0.5217,0.4783,,False,on_map_at_end
1934,car,1731.0,,69.0,,682.202,0.0,0.0,69.0,7.28,,,0.0,1.0,,False,on_map_at_end
1935,car,1732.0,,68.0,,692.658,0.0,0.0,68.0,4.904,,,0.0,1.0,,False,on_map_at_end
1936,truck,1734.0,,66.0,,528.185,0.0,0.0,66.0,2.592,,,0.0,1.0,,False,on_map_at_end
1937,car,1736.0,,64.0,,620.04,0.0,0.0,64.0,8.196,,,0.0,1.0,,False,on_map_at_end
1938,car,1737.0,,63.0,,670.118,0.0,0.0,63.0,2.689,,,0.0,1.0,,False,on_map_at_end
1939,car,1739.0,,61.0,,458.843,4.0,4.0,57.0,18.022,,,0.0656,0.9344,,False,on_map_at_end
194,car,338.0,,1462.0,,425.486,100.0,1368.0,94.0,1419.556,,,0.9357,0.0643,,False,on_map_at_end
1940,car,1739.0,,61.0,,630.266,0.0,0.0,61.0,4.275,,,0.0,1.0,,False,on_map_at_end
1941,truck,1740.0,,60.0,,473.766,0.0,0.0,60.0,3.125,,,0.0,1.0,,False,on_map_at_end
1942,car,1740.0,,60.0,,351.365,22.0,21.0,39.0,26.995,,,0.35,0.65,,False,on_map_at_end
1943,car,1740.0,,60.0,,274.145,0.0,0.0,60.0,6.178,,,0.0,1.0,,False,on_map_at_end
1944,car,1740.0,,60.0,,228.669,34.0,33.0,27.0,38.879,,,0.55,0.45,,False,on_map_at_end
1945,car,1741.0,,59.0,,579.429,0.0,0.0,59.0,6.851,,,0.0,1.0,,False,on_map_at_end
1946,truck,1742.0,,58.0,,443.892,0.0,0.0,58.0,4.597,,,0.0,1.0,,False,on_map_at_end
1947,car,1743.0,,57.0,,419.966,0.0,0.0,57.0,4.663,,,0.0,1.0,,False,on_map_at_end
1948,car,1744.0,,56.0,,82.447,44.0,43.0,13.0,46.538,,,0.7679,0.2321,,False,on_map_at_end
1950,car,1745.0,,55.0,,457.35,2.0,1.0,54.0,7.999,,,0.0182,0.9818,,False,on_map_at_end
1951,truck,1746.0,,54.0,,348.185,0.0,0.0,54.0,11.853,,,0.0,1.0,,False,on_map_at_end
1952,car,1746.0,,54.0,,557.047,0.0,0.0,54.0,3.767,,,0.0,1.0,,False,on_map_at_end
1953,car,1747.0,,53.0,,557.517,0.0,0.0,53.0,2.823,,,0.0,1.0,,False,on_map_at_end
1954,car,1749.0,,51.0,,537.521,0.0,0.0,51.0,2.373,,,0.0,1.0,,False,on_map_at_end
1955,car,1750.0,,50.0,,302.299,0.0,0.0,50.0,5.127,,,0.0,1.0,,False,on_map_at_end
1956,truck,1751.0,,49.0,,383.213,0.0,0.0,49.0,2.692,,,0.0,1.0,,False,on_map_at_end
1957,car,1752.0,,48.0,,237.467,20.0,19.0,29.0,26.32,,,0.3958,0.6042,,False,on_map_at_end
1958,car,1754.0,,46.0,,471.973,0.0,0.0,46.0,2.85,,,0.0,1.0,,False,on_map_at_end
1959,car,1755.0,,45.0,,264.524,13.0,12.0,33.0,21.193,,,0.2667,0.7333,,False,on_map_at_end
196,car,339.0,,1461.0,,728.973,100.0,1354.0,107.0,1388.615,,,0.9268,0.0732,,False,on_map_at_end
1960,car,1758.0,,42.0,,149.297,20.0,19.0,23.0,27.951,,,0.4524,0.5476,,False,on_map_at_end
1961,truck,1756.0,,44.0,,276.795,4.0,4.0,40.0,10.771,,,0.0909,0.9091,,False,on_map_at_end
1962,car,1756.0,,44.0,,370.85,0.0,0.0,44.0,3.955,,,0.0,1.0,,False,on_map_at_end
1963,car,1758.0,,42.0,,364.973,6.0,5.0,37.0,9.152,,,0.119,0.881,,False,on_map_at_end
1965,car,1762.0,,38.0,,335.553,0.0,0.0,38.0,2.707,,,0.0,1.0,,False,on_map_at_end
1966,truck,1763.0,,37.0,,250.314,1.0,1.0,36.0,6.95,,,0.027,0.973,,False,on_map_at_end
1967,car,1764.0,,36.0,,278.749,0.0,0.0,36.0,10.861,,,0.0,1.0,,False,on_map_at_end
1968,car,1765.0,,35.0,,277.528,0.0,0.0,35.0,2.818,,,0.0,1.0,,False,on_map_at_end
1969,car,1766.0,,34.0,,346.087,0.0,0.0,34.0,2.42,,,0.0,1.0,,False,on_map_at_end
197,car,339.0,,1461.0,,602.947,92.0,1367.0,94.0,1406.734,,,0.9357,0.0643,,False,on_map_at_end
1970,car,1767.0,,33.0,,197.009,9.0,8.0,25.0,13.904,,,0.2424,0.7576,,False,on_map_at_end
1971,truck,1769.0,,31.0,,194.089,3.0,2.0,29.0,7.7,,,0.0645,0.9355,,False,on_map_at_end
1972,car,1773.0,,27.0,,177.803,7.0,8.0,19.0,10.998,,,0.2963,0.7037,,False,on_map_at_end
1973,car,1773.0,,27.0,,282.065,0.0,0.0,27.0,1.614,,,0.0,1.0,,False,on_map_at_end
1974,car,1783.0,,17.0,,156.28,0.0,0.0,17.0,2.935,,,0.0,1.0,,False,on_map_at_end
1975,car,1777.0,,23.0,,176.123,0.0,0.0,23.0,3.319,,,0.0,1.0,,False,on_map_at_end
1976,truck,1779.0,,21.0,,167.336,0.0,0.0,21.0,0.912,,,0.0,1.0,,False,on_map_at_end
1977,car,1781.0,,19.0,,102.379,6.0,5.0,14.0,8.929,,,0.2632,0.7368,,False,on_map_at_end
1978,car,1784.0,,16.0,,87.104,4.0,4.0,12.0,7.801,,,0.25,0.75,,False,on_map_at_end
1979,car,1785.0,,15.0,,46.081,9.0,8.0,7.0,10.853,,,0.5333,0.4667,,False,on_map_at_end
1982,car,1790.0,,10.0,,38.58,5.0,4.0,6.0,6.528,,,0.4,0.6,,False,on_map_at_end
1983,car,1790.0,,10.0,,86.264,0.0,0.0,10.0,1.45,,,0.0,1.0,,False,on_map_at_end
1984,car,1790.0,,10.0,,105.745,0.0,0.0,10.0,0.483,,,0.0,1.0,,False,on_map_at_end
1985,car,1791.0,,9.0,,7.897,7.0,6.0,3.0,8.289,,,0.6667,0.3333,,False,on_map_at_end
1986,truck,1791.0,,9.0,,72.198,0.0,0.0,9.0,0.333,,,0.0,1.0,,False,on_map_at_end
1987,car,1794.0,,6.0,,64.065,0.0,0.0,6.0,0.234,,,0.0,1.0,,False,on_map_at_end
1988,car,1794.0,,6.0,,34.642,0.0,1.0,5.0,2.882,,,0.1667,0.8333,,False,on_map_at_end
1989,car,1799.0,,1.0,,10.271,0.0,0.0,1.0,0.076,,,0.0,1.0,,False,on_map_at_end
1990,car,1799.0,,1.0,,8.843,0.0,0.0,1.0,0.204,,,0.0,1.0,,False,on_map_at_end
2,car,3.0,,1797.0,,2894.747,100.0,1457.0,340.0,1536.486,,,0.8108,0.1892,,False,on_map_at_end
202,car,349.0,,1451.0,,1104.98,100.0,1302.0,149.0,1338.669,,,0.8973,0.1027,,False,on_map_at_end
203,car,349.0,,1451.0,,410.484,100.0,1360.0,91.0,1408.17,,,0.9373,0.0627,,False,on_map_at_end
204,car,351.0,,1449.0,,1454.177,100.0,1272.0,177.0,1317.099,,,0.8778,0.1222,,False,on_map_at_end
207,car,355.0,,1445.0,,721.472,100.0,1345.0,100.0,1374.929,,,0.9308,0.0692,,False,on_map_at_end
208,car,359.0,,1441.0,,1250.376,100.0,1288.0,153.0,1327.296,,,0.8938,0.1062,,False,on_map_at_end
21,car,32.0,,1768.0,,2708.158,100.0,1446.0,322.0,1511.126,,,0.8179,0.1821,,False,on_map_at_end
214,car,365.0,,1435.0,,1203.968,100.0,1284.0,151.0,1322.762,,,0.8948,0.1052,,False,on_map_at_end
218,car,373.0,,1427.0,,913.104,100.0,1300.0,127.0,1336.946,,,0.911,0.089,,False,on_map_at_end
221,car,382.0,,1418.0,,883.806,92.0,1281.0,137.0,1337.932,,,0.9034,0.0966,,False,on_map_at_end
224,car,384.0,,1416.0,,896.307,92.0,1279.0,137.0,1334.702,,,0.9032,0.0968,,False,on_map_at_end
226,car,387.0,,1413.0,,353.518,100.0,1348.0,65.0,1379.992,,,0.954,0.046,,False,on_map_at_end
229,car,391.0,,1409.0,,1409.171,100.0,1225.0,184.0,1280.699,,,0.8694,0.1306,,False,on_map_at_end
231,car,393.0,,1407.0,,1057.598,100.0,1217.0,190.0,1269.636,,,0.865,0.135,,False,on_map_at_end
232,car,396.0,,1404.0,,1363.265,100.0,1173.0,231.0,1239.834,,,0.8355,0.1645,,False,on_map_at_end
233,car,397.0,,1403.0,,651.941,100.0,1310.0,93.0,1340.399,,,0.9337,0.0663,,False,on_map_at_end
235,truck,400.0,,1400.0,,1090.344,90.0,1146.0,254.0,1217.783,,,0.8186,0.1814,,False,on_map_at_end
240,truck,408.0,,1392.0,,585.329,100.0,1289.0,103.0,1320.292,,,0.926,0.074,,False,on_map_at_end
241,car,408.0,,1392.0,,1453.543,90.0,1205.0,187.0,1259.219,,,0.8657,0.1343,,False,on_map_at_end
243,car,411.0,,1389.0,,346.017,100.0,1320.0,69.0,1354.727,,,0.9503,0.0497,,False,on_map_at_end
250,truck,418.0,,1382.0,,1066.949,100.0,1218.0,164.0,1253.364,,,0.8813,0.1187,,False,on_map_at_end
252,car,419.0,,1381.0,,1386.667,100.0,1182.0,199.0,1254.049,,,0.8559,0.1441,,False,on_map_at_end
256,car,430.0,,1370.0,,1050.097,100.0,1187.0,183.0,1232.03,,,0.8664,0.1336,,False,on_map_at_end
257,car,429.0,,1371.0,,2355.726,94.0,1076.0,295.0,1157.688,,,0.7848,0.2152,,False,on_map_at_end
259,car,434.0,,1366.0,,589.906,100.0,1262.0,104.0,1302.325,,,0.9239,0.0761,,False,on_map_at_end
26,car,39.0,,1761.0,,2368.676,52.0,1482.0,279.0,1540.457,,,0.8416,0.1584,,False,on_map_at_end
261,car,435.0,,1365.0,,582.405,100.0,1259.0,106.0,1299.616,,,0.9223,0.0777,,False,on_map_at_end
264,car,438.0,,1362.0,,1348.263,100.0,1141.0,221.0,1202.876,,,0.8377,0.1623,,False,on_map_at_end
271,car,445.0,,1355.0,,331.015,100.0,1286.0,69.0,1322.807,,,0.9491,0.0509,,False,on_map_at_end
273,car,447.0,,1353.0,,876.305,92.0,1230.0,123.0,1273.105,,,0.9091,0.0909,,False,on_map_at_end
275,truck,450.0,,1350.0,,771.585,100.0,1165.0,185.0,1198.099,,,0.863,0.137,,False,on_map_at_end
276,car,451.0,,1349.0,,1178.582,90.0,1186.0,163.0,1241.757,,,0.8792,0.1208,,False,on_map_at_end
280,truck,454.0,,1346.0,,1524.828,51.0,1033.0,313.0,1058.136,,,0.7675,0.2325,,False,on_map_at_end
290,truck,470.0,,1330.0,,1766.096,100.0,1037.0,293.0,1067.364,,,0.7797,0.2203,,False,on_map_at_end
291,car,471.0,,1329.0,,2790.527,100.0,1019.0,310.0,1072.14,,,0.7667,0.2333,,False,on_map_at_end
293,car,472.0,,1328.0,,868.804,92.0,1210.0,118.0,1249.076,,,0.9111,0.0889,,False,on_map_at_end
297,car,481.0,,1319.0,,668.169,100.0,1226.0,93.0,1255.001,,,0.9295,0.0705,,False,on_map_at_end
298,car,481.0,,1319.0,,1349.162,100.0,1136.0,183.0,1195.369,,,0.8613,0.1387,,False,on_map_at_end
299,car,481.0,,1319.0,,1270.018,100.0,1173.0,146.0,1204.558,,,0.8893,0.1107,,False,on_map_at_end
30,truck,49.0,,1751.0,,2480.343,91.0,1364.0,387.0,1452.516,,,0.779,0.221,,False,on_map_at_end
302,car,482.0,,1318.0,,1440.665,100.0,1117.0,201.0,1175.808,,,0.8475,0.1525,,False,on_map_at_end
305,truck,484.0,,1316.0,,1882.238,100.0,1043.0,273.0,1089.511,,,0.7926,0.2074,,False,on_map_at_end
306,car,487.0,,1313.0,,2054.873,92.0,1063.0,250.0,1127.493,,,0.8096,0.1904,,False,on_map_at_end
307,car,488.0,,1312.0,,1405.565,100.0,1153.0,159.0,1184.529,,,0.8788,0.1212,,False,on_map_at_end
314,car,498.0,,1302.0,,660.668,100.0,1211.0,91.0,1239.705,,,0.9301,0.0699,,False,on_map_at_end
318,car,507.0,,1293.0,,219.83,100.0,1218.0,75.0,1268.895,,,0.942,0.058,,False,on_map_at_end
319,car,508.0,,1292.0,,212.329,100.0,1211.0,81.0,1265.835,,,0.9373,0.0627,,False,on_map_at_end
320,truck,508.0,,1292.0,,1391.809,100.0,1056.0,236.0,1078.051,,,0.8173,0.1827,,False,on_map_at_end
331,car,515.0,,1285.0,,846.301,89.0,1163.0,122.0,1208.489,,,0.9051,0.0949,,False,on_map_at_end
332,car,515.0,,1285.0,,638.697,100.0,1193.0,92.0,1224.671,,,0.9284,0.0716,,False,on_map_at_end
333,car,516.0,,1284.0,,1035.095,100.0,1104.0,180.0,1153.623,,,0.8598,0.1402,,False,on_map_at_end
334,car,516.0,,1284.0,,1954.973,95.0,971.0,313.0,1091.679,,,0.7562,0.2438,,False,on_map_at_end
338,car,527.0,,1273.0,,645.666,100.0,1183.0,90.0,1212.295,,,0.9293,0.0707,,False,on_map_at_end
340,truck,531.0,,1269.0,,1807.851,100.0,1016.0,253.0,1045.577,,,0.8006,0.1994,,False,on_map_at_end
345,truck,535.0,,1265.0,,1183.466,100.0,1070.0,195.0,1122.104,,,0.8458,0.1542,,False,on_map_at_end
349,car,540.0,,1260.0,,1044.446,100.0,1115.0,145.0,1162.123,,,0.8849,0.1151,,False,on_map_at_end
350,truck,540.0,,1260.0,,1302.459,100.0,1070.0,190.0,1101.928,,,0.8492,0.1508,,False,on_map_at_end
356,car,544.0,,1256.0,,623.695,100.0,1167.0,89.0,1195.12,,,0.9291,0.0709,,False,on_map_at_end
357,car,545.0,,1255.0,,197.326,100.0,1182.0,73.0,1233.868,,,0.9418,0.0582,,False,on_map_at_end
362,car,547.0,,1253.0,,956.971,100.0,1112.0,141.0,1158.547,,,0.8875,0.1125,,False,on_map_at_end
364,car,550.0,,1250.0,,1570.694,92.0,1019.0,231.0,1088.975,,,0.8152,0.1848,,False,on_map_at_end
365,truck,551.0,,1249.0,,602.539,100.0,1151.0,98.0,1176.604,,,0.9215,0.0785,,False,on_map_at_end
371,car,556.0,,1244.0,,1622.162,100.0,1062.0,182.0,1097.196,,,0.8537,0.1463,,False,on_map_at_end
372,car,557.0,,1243.0,,595.038,100.0,1150.0,93.0,1188.563,,,0.9252,0.0748,,False,on_map_at_end
373,car,561.0,,1239.0,,182.324,100.0,1166.0,73.0,1220.387,,,0.9411,0.0589,,False,on_map_at_end
378,car,566.0,,1234.0,,838.8,90.0,1121.0,113.0,1157.885,,,0.9084,0.0916,,False,on_map_at_end
381,car,573.0,,1227.0,,2327.385,100.0,928.0,299.0,1016.114,,,0.7563,0.2437,,False,on_map_at_end
386,car,581.0,,1219.0,,1290.015,92.0,1020.0,199.0,1091.272,,,0.8368,0.1632,,False,on_map_at_end
389,car,586.0,,1214.0,,469.889,100.0,1119.0,95.0,1162.072,,,0.9217,0.0783,,False,on_map_at_end
392,car,590.0,,1210.0,,2018.371,100.0,961.0,249.0,1028.06,,,0.7942,0.2058,,False,on_map_at_end
397,car,594.0,,1206.0,,587.537,100.0,1123.0,83.0,1152.516,,,0.9312,0.0688,,False,on_map_at_end
398,car,595.0,,1205.0,,2262.09,92.0,901.0,304.0,999.75,,,0.7477,0.2523,,False,on_map_at_end
405,truck,603.0,,1197.0,,1300.193,100.0,981.0,216.0,1040.819,,,0.8195,0.1805,,False,on_map_at_end
406,car,603.0,,1197.0,,1555.692,90.0,960.0,237.0,1047.411,,,0.802,0.198,,False,on_map_at_end
408,car,605.0,,1195.0,,1077.104,100.0,1028.0,167.0,1087.285,,,0.8603,0.1397,,False,on_map_at_end
412,car,608.0,,1192.0,,2183.859,91.0,915.0,277.0,991.488,,,0.7676,0.2324,,False,on_map_at_end
417,car,610.0,,1190.0,,579.194,100.0,1095.0,95.0,1135.869,,,0.9202,0.0798,,False,on_map_at_end
419,car,612.0,,1188.0,,1743.346,100.0,965.0,223.0,1028.808,,,0.8123,0.1877,,False,on_map_at_end
42,car,74.0,,1726.0,,1486.151,96.0,1533.0,193.0,1585.974,,,0.8882,0.1118,,False,on_map_at_end
420,truck,613.0,,1187.0,,2022.316,89.0,852.0,335.0,943.585,,,0.7178,0.2822,,False,on_map_at_end
421,car,613.0,,1187.0,,1612.125,87.0,986.0,201.0,1041.092,,,0.8307,0.1693,,False,on_map_at_end
422,car,613.0,,1187.0,,152.32,100.0,1130.0,57.0,1169.143,,,0.952,0.048,,False,on_map_at_end
429,car,615.0,,1185.0,,2039.871,91.0,922.0,263.0,1001.199,,,0.7781,0.2219,,False,on_map_at_end
430,truck,617.0,,1183.0,,1804.304,100.0,918.0,265.0,966.163,,,0.776,0.224,,False,on_map_at_end
432,car,619.0,,1181.0,,123.079,100.0,1136.0,45.0,1164.587,,,0.9619,0.0381,,False,on_map_at_end
434,car,619.0,,1181.0,,1607.259,100.0,1003.0,178.0,1036.017,,,0.8493,0.1507,,False,on_map_at_end
435,truck,619.0,,1181.0,,2043.729,95.0,875.0,306.0,934.41,,,0.7409,0.2591,,False,on_map_at_end
438,car,621.0,,1179.0,,2207.189,95.0,901.0,278.0,959.819,,,0.7642,0.2358,,False,on_map_at_end
440,truck,621.0,,1179.0,,1594.258,100.0,955.0,224.0,987.408,,,0.81,0.19,,False,on_map_at_end
445,truck,624.0,,1176.0,,1842.346,98.0,885.0,291.0,954.81,,,0.7526,0.2474,,False,on_map_at_end
451,car,628.0,,1172.0,,1139.868,96.0,1036.0,136.0,1069.951,,,0.884,0.116,,False,on_map_at_end
452,car,630.0,,1170.0,,1104.439,89.0,1024.0,146.0,1070.302,,,0.8752,0.1248,,False,on_map_at_end
453,car,632.0,,1168.0,,2012.587,93.0,894.0,274.0,985.551,,,0.7654,0.2346,,False,on_map_at_end
456,car,632.0,,1168.0,,1795.03,90.0,922.0,246.0,998.899,,,0.7894,0.2106,,False,on_map_at_end
457,car,633.0,,1167.0,,1021.943,100.0,1020.0,147.0,1068.176,,,0.874,0.126,,False,on_map_at_end
460,truck,634.0,,1166.0,,2194.188,94.0,839.0,327.0,898.679,,,0.7196,0.2804,,False,on_map_at_end
461,car,635.0,,1165.0,,1096.938,88.0,1014.0,151.0,1064.793,,,0.8704,0.1296,,False,on_map_at_end
465,truck,638.0,,1162.0,,1101.232,100.0,967.0,195.0,1025.996,,,0.8322,0.1678,,False,on_map_at_end
466,car,638.0,,1162.0,,115.578,100.0,1117.0,45.0,1146.773,,,0.9613,0.0387,,False,on_map_at_end
476,car,643.0,,1157.0,,580.036,100.0,1079.0,78.0,1104.036,,,0.9326,0.0674,,False,on_map_at_end
480,truck,649.0,,1151.0,,567.035,100.0,1057.0,94.0,1082.858,,,0.9183,0.0817,,False,on_map_at_end
485,truck,651.0,,1149.0,,1619.028,91.0,896.0,253.0,953.581,,,0.7798,0.2202,,False,on_map_at_end
49,car,87.0,,1713.0,,2258.628,94.0,1418.0,295.0,1501.792,,,0.8278,0.1722,,False,on_map_at_end
490,truck,659.0,,1141.0,,1356.199,100.0,928.0,213.0,977.877,,,0.8133,0.1867,,False,on_map_at_end
494,car,664.0,,1136.0,,1261.326,100.0,993.0,143.0,1019.057,,,0.8741,0.1259,,False,on_map_at_end
495,truck,664.0,,1136.0,,102.577,100.0,1090.0,46.0,1123.366,,,0.9595,0.0405,,False,on_map_at_end
499,car,666.0,,1134.0,,1006.941,100.0,1004.0,130.0,1041.974,,,0.8854,0.1146,,False,on_map_at_end
503,car,668.0,,1132.0,,1593.322,87.0,938.0,194.0,986.758,,,0.8286,0.1714,,False,on_map_at_end
504,car,669.0,,1131.0,,991.939,100.0,993.0,138.0,1036.917,,,0.878,0.122,,False,on_map_at_end
506,car,672.0,,1128.0,,552.409,100.0,1051.0,77.0,1078.283,,,0.9317,0.0683,,False,on_map_at_end
507,car,673.0,,1127.0,,544.908,100.0,1047.0,80.0,1077.958,,,0.929,0.071,,False,on_map_at_end
509,car,675.0,,1125.0,,1776.646,100.0,842.0,283.0,941.114,,,0.7484,0.2516,,False,on_map_at_end
513,car,678.0,,1122.0,,1837.865,89.0,819.0,303.0,914.402,,,0.7299,0.2701,,False,on_map_at_end
514,car,680.0,,1120.0,,571.382,100.0,1016.0,104.0,1063.973,,,0.9071,0.0929,,False,on_map_at_end
516,car,681.0,,1119.0,,442.719,100.0,1041.0,78.0,1065.173,,,0.9303,0.0697,,False,on_map_at_end
517,car,681.0,,1119.0,,816.296,87.0,1002.0,117.0,1044.378,,,0.8954,0.1046,,False,on_map_at_end
518,car,682.0,,1118.0,,537.407,100.0,1040.0,78.0,1069.633,,,0.9302,0.0698,,False,on_map_at_end
521,car,684.0,,1116.0,,984.438,100.0,976.0,140.0,1020.601,,,0.8746,0.1254,,False,on_map_at_end
527,car,686.0,,1114.0,,529.906,100.0,1032.0,82.0,1066.308,,,0.9264,0.0736,,False,on_map_at_end
528,car,687.0,,1113.0,,1663.248,94.0,882.0,231.0,963.286,,,0.7925,0.2075,,False,on_map_at_end
530,truck,688.0,,1112.0,,1091.007,97.0,891.0,221.0,980.41,,,0.8013,0.1987,,False,on_map_at_end
531,car,689.0,,1111.0,,2337.936,100.0,774.0,337.0,898.044,,,0.6967,0.3033,,False,on_map_at_end
534,car,690.0,,1110.0,,1450.479,91.0,916.0,194.0,968.872,,,0.8252,0.1748,,False,on_map_at_end
535,truck,691.0,,1109.0,,1826.729,100.0,814.0,295.0,887.45,,,0.734,0.266,,False,on_map_at_end
537,car,691.0,,1109.0,,1448.154,91.0,870.0,239.0,958.452,,,0.7845,0.2155,,False,on_map_at_end
543,car,697.0,,1103.0,,1174.372,100.0,903.0,200.0,948.713,,,0.8187,0.1813,,False,on_map_at_end
549,car,701.0,,1099.0,,976.937,100.0,958.0,141.0,1004.847,,,0.8717,0.1283,,False,on_map_at_end
550,truck,701.0,,1099.0,,1108.769,100.0,937.0,162.0,965.334,,,0.8526,0.1474,,False,on_map_at_end
553,car,706.0,,1094.0,,2060.597,90.0,815.0,279.0,907.529,,,0.745,0.255,,False,on_map_at_end
556,car,706.0,,1094.0,,435.218,100.0,1023.0,71.0,1045.922,,,0.9351,0.0649,,False,on_map_at_end
558,car,708.0,,1092.0,,522.405,100.0,1011.0,81.0,1044.983,,,0.9258,0.0742,,False,on_map_at_end
559,car,708.0,,1092.0,,969.436,100.0,950.0,142.0,1000.895,,,0.87,0.13,,False,on_map_at_end
560,truck,708.0,,1092.0,,89.576,100.0,1048.0,44.0,1080.927,,,0.9597,0.0403,,False,on_map_at_end
561,car,709.0,,1091.0,,1932.303,85.0,821.0,270.0,911.62,,,0.7525,0.2475,,False,on_map_at_end
562,car,710.0,,1090.0,,514.904,100.0,1008.0,82.0,1043.658,,,0.9248,0.0752,,False,on_map_at_end
563,car,710.0,,1090.0,,862.273,87.0,965.0,125.0,1012.08,,,0.8853,0.1147,,False,on_map_at_end
565,truck,710.0,,1090.0,,1960.402,87.0,803.0,287.0,854.455,,,0.7367,0.2633,,False,on_map_at_end
568,car,713.0,,1087.0,,569.63,100.0,992.0,95.0,1028.313,,,0.9126,0.0874,,False,on_map_at_end
574,car,718.0,,1082.0,,1212.776,100.0,943.0,139.0,972.849,,,0.8715,0.1285,,False,on_map_at_end
578,car,719.0,,1081.0,,835.844,88.0,960.0,121.0,1005.332,,,0.8881,0.1119,,False,on_map_at_end
579,car,720.0,,1080.0,,1840.822,88.0,827.0,253.0,914.015,,,0.7657,0.2343,,False,on_map_at_end
587,car,728.0,,1072.0,,2080.482,100.0,738.0,334.0,883.561,,,0.6884,0.3116,,False,on_map_at_end
589,car,729.0,,1071.0,,427.717,100.0,1004.0,67.0,1023.847,,,0.9374,0.0626,,False,on_map_at_end
594,car,730.0,,1070.0,,1051.931,87.0,926.0,144.0,975.325,,,0.8654,0.1346,,False,on_map_at_end
599,car,735.0,,1065.0,,1166.871,100.0,887.0,178.0,930.766,,,0.8329,0.1671,,False,on_map_at_end
601,car,735.0,,1065.0,,1438.741,89.0,843.0,222.0,935.452,,,0.7915,0.2085,,False,on_map_at_end
605,truck,737.0,,1063.0,,725.397,100.0,950.0,113.0,975.918,,,0.8937,0.1063,,False,on_map_at_end
608,car,738.0,,1062.0,,1216.156,93.0,866.0,196.0,951.141,,,0.8154,0.1846,,False,on_map_at_end
609,car,739.0,,1061.0,,507.403,100.0,982.0,79.0,1015.333,,,0.9255,0.0745,,False,on_map_at_end
610,truck,740.0,,1060.0,,2243.035,93.0,736.0,324.0,786.656,,,0.6943,0.3057,,False,on_map_at_end
612,car,740.0,,1060.0,,1792.858,87.0,796.0,264.0,877.091,,,0.7509,0.2491,,False,on_map_at_end
613,car,741.0,,1059.0,,1883.571,89.0,793.0,266.0,888.874,,,0.7488,0.2512,,False,on_map_at_end
616,car,743.0,,1057.0,,82.075,100.0,1010.0,47.0,1046.817,,,0.9555,0.0445,,False,on_map_at_end
617,car,743.0,,1057.0,,1353.905,93.0,862.0,195.0,935.147,,,0.8155,0.1845,,False,on_map_at_end
619,car,744.0,,1056.0,,412.715,100.0,986.0,70.0,1010.002,,,0.9337,0.0663,,False,on_map_at_end
621,car,747.0,,1053.0,,1392.148,90.0,821.0,232.0,915.662,,,0.7797,0.2203,,False,on_map_at_end
623,car,748.0,,1052.0,,2321.359,100.0,747.0,305.0,838.299,,,0.7101,0.2899,,False,on_map_at_end
625,truck,750.0,,1050.0,,1909.255,100.0,721.0,329.0,823.481,,,0.6867,0.3133,,False,on_map_at_end
626,car,751.0,,1049.0,,2338.677,100.0,747.0,302.0,837.221,,,0.7121,0.2879,,False,on_map_at_end
629,car,752.0,,1048.0,,1825.82,89.0,807.0,241.0,883.294,,,0.77,0.23,,False,on_map_at_end
63,car,114.0,,1686.0,,900.666,100.0,1570.0,116.0,1602.029,,,0.9312,0.0688,,False,on_map_at_end
633,car,754.0,,1046.0,,1825.068,100.0,699.0,347.0,877.174,,,0.6683,0.3317,,False,on_map_at_end
634,car,755.0,,1045.0,,74.574,100.0,997.0,48.0,1036.686,,,0.9541,0.0459,,False,on_map_at_end
638,car,756.0,,1044.0,,1583.685,100.0,794.0,250.0,897.864,,,0.7605,0.2395,,False,on_map_at_end
640,truck,762.0,,1038.0,,1139.767,100.0,860.0,178.0,901.173,,,0.8285,0.1715,,False,on_map_at_end
641,car,763.0,,1037.0,,384.009,100.0,961.0,76.0,987.58,,,0.9267,0.0733,,False,on_map_at_end
644,car,766.0,,1034.0,,1900.827,94.0,813.0,221.0,856.88,,,0.7863,0.2137,,False,on_map_at_end
646,car,767.0,,1033.0,,376.508,100.0,958.0,75.0,986.847,,,0.9274,0.0726,,False,on_map_at_end
647,car,768.0,,1032.0,,1162.104,86.0,820.0,212.0,910.822,,,0.7946,0.2054,,False,on_map_at_end
648,car,768.0,,1032.0,,2306.326,100.0,739.0,293.0,822.188,,,0.7161,0.2839,,False,on_map_at_end
649,car,769.0,,1031.0,,1574.508,100.0,682.0,349.0,866.606,,,0.6615,0.3385,,False,on_map_at_end
650,truck,769.0,,1031.0,,947.083,100.0,838.0,193.0,892.387,,,0.8128,0.1872,,False,on_map_at_end
652,car,771.0,,1029.0,,1132.266,100.0,863.0,166.0,927.095,,,0.8387,0.1613,,False,on_map_at_end
654,car,771.0,,1029.0,,499.902,100.0,952.0,77.0,984.008,,,0.9252,0.0748,,False,on_map_at_end
656,car,772.0,,1028.0,,2413.821,100.0,724.0,304.0,809.545,,,0.7043,0.2957,,False,on_map_at_end
661,car,776.0,,1024.0,,1077.984,88.0,814.0,210.0,914.06,,,0.7949,0.2051,,False,on_map_at_end
662,car,775.0,,1025.0,,492.401,100.0,942.0,83.0,980.683,,,0.919,0.081,,False,on_map_at_end
663,car,776.0,,1024.0,,1579.256,100.0,847.0,177.0,880.971,,,0.8271,0.1729,,False,on_map_at_end
666,car,780.0,,1020.0,,939.582,100.0,832.0,188.0,898.847,,,0.8157,0.1843,,False,on_map_at_end
668,car,780.0,,1020.0,,1405.409,89.0,818.0,202.0,892.725,,,0.802,0.198,,False,on_map_at_end
669,car,781.0,,1019.0,,1111.469,90.0,830.0,189.0,911.727,,,0.8145,0.1855,,False,on_map_at_end
670,truck,781.0,,1019.0,,1161.613,100.0,846.0,173.0,879.277,,,0.8302,0.1698,,False,on_map_at_end
673,car,782.0,,1018.0,,961.934,100.0,876.0,142.0,927.817,,,0.8605,0.1395,,False,on_map_at_end
677,car,785.0,,1015.0,,1586.909,100.0,670.0,345.0,830.966,,,0.6601,0.3399,,False,on_map_at_end
679,car,787.0,,1013.0,,1395.475,86.0,781.0,232.0,872.883,,,0.771,0.229,,False,on_map_at_end
680,truck,788.0,,1012.0,,1312.161,100.0,807.0,205.0,853.817,,,0.7974,0.2026,,False,on_map_at_end
682,car,789.0,,1011.0,,67.073,100.0,964.0,47.0,1004.389,,,0.9535,0.0465,,False,on_map_at_end
683,car,791.0,,1009.0,,348.505,100.0,937.0,72.0,968.492,,,0.9286,0.0714,,False,on_map_at_end
684,car,791.0,,1009.0,,1571.755,100.0,827.0,182.0,866.726,,,0.8196,0.1804,,False,on_map_at_end
685,truck,791.0,,1009.0,,1269.707,94.0,820.0,189.0,857.179,,,0.8127,0.1873,,False,on_map_at_end
692,car,795.0,,1005.0,,1771.553,96.0,718.0,287.0,825.541,,,0.7144,0.2856,,False,on_map_at_end
695,truck,798.0,,1002.0,,821.962,90.0,835.0,167.0,902.156,,,0.8333,0.1667,,False,on_map_at_end
696,car,799.0,,1001.0,,2322.934,100.0,708.0,293.0,791.164,,,0.7073,0.2927,,False,on_map_at_end
698,car,802.0,,998.0,,2185.642,100.0,723.0,275.0,799.566,,,0.7244,0.2756,,False,on_map_at_end
70,truck,128.0,,1672.0,,2025.579,96.0,1393.0,279.0,1428.292,,,0.8331,0.1669,,False,on_map_at_end
701,car,803.0,,997.0,,739.837,29.0,906.0,91.0,930.895,,,0.9087,0.0913,,False,on_map_at_end
703,car,803.0,,997.0,,1262.966,89.0,824.0,173.0,881.969,,,0.8265,0.1735,,False,on_map_at_end
704,car,804.0,,996.0,,1931.459,100.0,767.0,229.0,819.762,,,0.7701,0.2299,,False,on_map_at_end
706,car,805.0,,995.0,,1889.298,85.0,754.0,241.0,818.91,,,0.7578,0.2422,,False,on_map_at_end
707,car,805.0,,995.0,,484.9,100.0,914.0,81.0,951.359,,,0.9186,0.0814,,False,on_map_at_end
708,car,805.0,,995.0,,909.578,100.0,806.0,189.0,855.486,,,0.8101,0.1899,,False,on_map_at_end
710,truck,807.0,,993.0,,2289.431,100.0,634.0,359.0,717.045,,,0.6385,0.3615,,False,on_map_at_end
711,car,807.0,,993.0,,1603.984,100.0,707.0,286.0,842.96,,,0.712,0.288,,False,on_map_at_end
712,car,807.0,,993.0,,806.96,90.0,828.0,165.0,913.926,,,0.8338,0.1662,,False,on_map_at_end
713,car,808.0,,992.0,,341.004,100.0,924.0,68.0,957.002,,,0.9315,0.0685,,False,on_map_at_end
714,car,809.0,,991.0,,1101.362,100.0,798.0,193.0,848.952,,,0.8052,0.1948,,False,on_map_at_end
715,truck,810.0,,990.0,,1738.718,94.0,704.0,286.0,780.684,,,0.7111,0.2889,,False,on_map_at_end
717,car,812.0,,988.0,,333.503,100.0,911.0,77.0,948.107,,,0.9221,0.0779,,False,on_map_at_end
718,car,810.0,,990.0,,477.399,100.0,908.0,82.0,947.034,,,0.9172,0.0828,,False,on_map_at_end
72,car,129.0,,1671.0,,2025.852,100.0,1418.0,253.0,1486.619,,,0.8486,0.1514,,False,on_map_at_end
721,car,814.0,,986.0,,1493.12,84.0,774.0,212.0,848.368,,,0.785,0.215,,False,on_map_at_end
722,car,814.0,,986.0,,1731.217,92.0,699.0,287.0,820.354,,,0.7089,0.2911,,False,on_map_at_end
724,car,815.0,,985.0,,902.077,100.0,808.0,177.0,855.313,,,0.8203,0.1797,,False,on_map_at_end
725,truck,815.0,,985.0,,1730.017,86.0,731.0,254.0,776.636,,,0.7421,0.2579,,False,on_map_at_end
726,car,815.0,,985.0,,1431.785,100.0,663.0,322.0,847.125,,,0.6731,0.3269,,False,on_map_at_end
731,car,822.0,,978.0,,469.898,100.0,895.0,83.0,935.709,,,0.9151,0.0849,,False,on_map_at_end
733,car,825.0,,975.0,,1179.497,87.0,791.0,184.0,868.844,,,0.8113,0.1887,,False,on_map_at_end
736,car,824.0,,976.0,,1151.618,98.0,797.0,179.0,871.624,,,0.8166,0.1834,,False,on_map_at_end
737,car,825.0,,975.0,,1565.099,96.0,749.0,226.0,831.024,,,0.7682,0.2318,,False,on_map_at_end
739,car,826.0,,974.0,,756.688,91.0,864.0,110.0,905.768,,,0.8871,0.1129,,False,on_map_at_end
741,car,829.0,,971.0,,1414.218,100.0,767.0,204.0,843.364,,,0.7899,0.2101,,False,on_map_at_end
742,car,830.0,,970.0,,945.937,100.0,843.0,127.0,863.278,,,0.8691,0.1309,,False,on_map_at_end
744,car,831.0,,969.0,,462.397,100.0,886.0,83.0,927.384,,,0.9143,0.0857,,False,on_map_at_end
745,truck,831.0,,969.0,,1021.632,85.0,764.0,205.0,846.015,,,0.7884,0.2116,,False,on_map_at_end
746,car,831.0,,969.0,,59.572,100.0,923.0,46.0,962.65,,,0.9525,0.0475,,False,on_map_at_end
747,car,832.0,,968.0,,1461.918,86.0,773.0,195.0,832.636,,,0.7986,0.2014,,False,on_map_at_end
749,car,834.0,,966.0,,311.0,100.0,884.0,82.0,924.81,,,0.9151,0.0849,,False,on_map_at_end
753,car,837.0,,963.0,,303.499,100.0,881.0,82.0,929.536,,,0.9148,0.0852,,False,on_map_at_end
754,car,839.0,,961.0,,295.998,100.0,877.0,84.0,928.278,,,0.9126,0.0874,,False,on_map_at_end
755,truck,840.0,,960.0,,1150.363,100.0,719.0,241.0,821.211,,,0.749,0.251,,False,on_map_at_end
756,car,840.0,,960.0,,1700.097,100.0,701.0,259.0,795.566,,,0.7302,0.2698,,False,on_map_at_end
757,car,840.0,,960.0,,1019.526,86.0,786.0,174.0,867.671,,,0.8187,0.1813,,False,on_map_at_end
759,car,842.0,,958.0,,864.918,100.0,776.0,182.0,818.008,,,0.81,0.19,,False,on_map_at_end
764,car,845.0,,955.0,,454.896,100.0,871.0,84.0,914.059,,,0.912,0.088,,False,on_map_at_end
765,truck,845.0,,955.0,,1450.156,100.0,683.0,272.0,780.311,,,0.7152,0.2848,,False,on_map_at_end
766,car,845.0,,955.0,,1893.326,93.0,735.0,220.0,783.009,,,0.7696,0.2304,,False,on_map_at_end
768,car,846.0,,954.0,,933.931,100.0,818.0,136.0,865.018,,,0.8574,0.1426,,False,on_map_at_end
770,truck,847.0,,953.0,,1084.729,100.0,770.0,183.0,817.59,,,0.808,0.192,,False,on_map_at_end
771,car,847.0,,953.0,,447.395,100.0,867.0,86.0,912.734,,,0.9098,0.0902,,False,on_map_at_end
773,car,849.0,,951.0,,485.697,89.0,861.0,90.0,907.272,,,0.9054,0.0946,,False,on_map_at_end
774,car,849.0,,951.0,,926.43,100.0,815.0,136.0,865.076,,,0.857,0.143,,False,on_map_at_end
775,truck,850.0,,950.0,,1163.364,100.0,719.0,231.0,810.074,,,0.7568,0.2432,,False,on_map_at_end
776,car,851.0,,949.0,,439.893,100.0,864.0,85.0,909.409,,,0.9104,0.0896,,False,on_map_at_end
777,car,1065.0,,735.0,,926.491,100.0,539.0,196.0,647.122,,,0.7333,0.2667,,False,on_map_at_end
778,car,852.0,,948.0,,52.071,100.0,899.0,49.0,941.678,,,0.9483,0.0517,,False,on_map_at_end
780,truck,855.0,,945.0,,2073.844,92.0,649.0,296.0,694.593,,,0.6868,0.3132,,False,on_map_at_end
782,car,856.0,,944.0,,1558.064,92.0,653.0,291.0,761.687,,,0.6917,0.3083,,False,on_map_at_end
783,car,856.0,,944.0,,1567.17,99.0,703.0,241.0,782.404,,,0.7447,0.2553,,False,on_map_at_end
784,car,856.0,,944.0,,1605.785,100.0,734.0,210.0,799.138,,,0.7775,0.2225,,False,on_map_at_end
785,truck,858.0,,942.0,,1064.227,100.0,749.0,193.0,814.082,,,0.7951,0.2049,,False,on_map_at_end
787,car,861.0,,939.0,,1589.426,93.0,734.0,205.0,795.756,,,0.7817,0.2183,,False,on_map_at_end
79,car,138.0,,1662.0,,768.299,100.0,1545.0,117.0,1577.776,,,0.9296,0.0704,,False,on_map_at_end
791,car,864.0,,936.0,,832.535,88.0,819.0,117.0,859.986,,,0.875,0.125,,False,on_map_at_end
792,car,865.0,,935.0,,1564.254,100.0,754.0,181.0,793.378,,,0.8064,0.1936,,False,on_map_at_end
795,truck,867.0,,933.0,,1551.253,100.0,716.0,217.0,746.274,,,0.7674,0.2326,,False,on_map_at_end
796,car,1320.0,,480.0,,791.011,81.0,380.0,100.0,406.766,,,0.7917,0.2083,,False,on_map_at_end
799,car,873.0,,927.0,,896.426,100.0,806.0,121.0,840.251,,,0.8695,0.1305,,False,on_map_at_end
800,truck,873.0,,927.0,,1487.148,100.0,696.0,231.0,751.871,,,0.7508,0.2492,,False,on_map_at_end
802,car,875.0,,925.0,,2183.628,100.0,642.0,283.0,727.099,,,0.6941,0.3059,,False,on_map_at_end
803,car,1270.0,,530.0,,714.655,100.0,446.0,84.0,465.051,,,0.8415,0.1585,,False,on_map_at_end
804,car,877.0,,923.0,,726.684,88.0,817.0,106.0,857.245,,,0.8852,0.1148,,False,on_map_at_end
805,truck,877.0,,923.0,,1027.088,88.0,775.0,148.0,811.894,,,0.8397,0.1603,,False,on_map_at_end
806,car,878.0,,922.0,,1082.006,100.0,748.0,174.0,824.584,,,0.8113,0.1887,,False,on_map_at_end
809,car,880.0,,920.0,,719.183,86.0,811.0,109.0,855.061,,,0.8815,0.1185,,False,on_map_at_end
810,truck,881.0,,919.0,,1463.688,100.0,622.0,297.0,743.058,,,0.6768,0.3232,,False,on_map_at_end
811,car,881.0,,919.0,,44.57,100.0,869.0,50.0,914.371,,,0.9456,0.0544,,False,on_map_at_end
814,car,883.0,,917.0,,702.099,100.0,817.0,100.0,852.931,,,0.8909,0.1091,,False,on_map_at_end
815,truck,886.0,,914.0,,727.731,87.0,786.0,128.0,826.637,,,0.86,0.14,,False,on_map_at_end
817,car,886.0,,914.0,,1543.752,100.0,714.0,200.0,774.8,,,0.7812,0.2188,,False,on_map_at_end
819,car,887.0,,913.0,,432.392,100.0,836.0,77.0,874.084,,,0.9157,0.0843,,False,on_map_at_end
821,car,890.0,,910.0,,37.069,100.0,864.0,46.0,905.35,,,0.9495,0.0505,,False,on_map_at_end
822,car,890.0,,910.0,,1050.386,100.0,735.0,175.0,778.711,,,0.8077,0.1923,,False,on_map_at_end
823,car,890.0,,910.0,,660.941,84.0,765.0,145.0,846.313,,,0.8407,0.1593,,False,on_map_at_end
825,truck,1062.0,,738.0,,24.068,100.0,707.0,31.0,735.111,,,0.958,0.042,,False,on_map_at_end
826,car,891.0,,909.0,,865.572,100.0,756.0,153.0,824.589,,,0.8317,0.1683,,False,on_map_at_end
830,truck,894.0,,906.0,,1297.153,87.0,712.0,194.0,750.279,,,0.7859,0.2141,,False,on_map_at_end
831,car,894.0,,906.0,,424.891,100.0,828.0,78.0,867.759,,,0.9139,0.0861,,False,on_map_at_end
832,car,895.0,,905.0,,1029.884,100.0,718.0,187.0,765.858,,,0.7934,0.2066,,False,on_map_at_end
834,car,898.0,,902.0,,475.869,100.0,810.0,92.0,855.914,,,0.898,0.102,,False,on_map_at_end
837,car,900.0,,900.0,,451.078,100.0,786.0,114.0,859.071,,,0.8733,0.1267,,False,on_map_at_end
839,car,901.0,,899.0,,417.39,100.0,816.0,83.0,861.434,,,0.9077,0.0923,,False,on_map_at_end
840,truck,902.0,,898.0,,1371.53,100.0,629.0,269.0,733.984,,,0.7004,0.2996,,False,on_map_at_end
841,car,902.0,,898.0,,870.074,100.0,734.0,164.0,795.088,,,0.8174,0.1826,,False,on_map_at_end
845,truck,903.0,,897.0,,893.751,100.0,722.0,175.0,789.322,,,0.8049,0.1951,,False,on_map_at_end
846,car,903.0,,897.0,,1125.749,98.0,692.0,205.0,781.392,,,0.7715,0.2285,,False,on_map_at_end
847,car,904.0,,896.0,,1630.057,94.0,681.0,215.0,746.016,,,0.76,0.24,,False,on_map_at_end
848,car,904.0,,896.0,,1418.565,91.0,706.0,190.0,767.331,,,0.7879,0.2121,,False,on_map_at_end
85,truck,145.0,,1655.0,,786.598,100.0,1527.0,128.0,1560.57,,,0.9227,0.0773,,False,on_map_at_end
850,truck,905.0,,895.0,,2287.873,100.0,568.0,327.0,619.523,,,0.6346,0.3654,,False,on_map_at_end
858,car,910.0,,890.0,,685.68,86.0,783.0,107.0,827.87,,,0.8798,0.1202,,False,on_map_at_end
862,car,912.0,,888.0,,1570.689,100.0,613.0,275.0,745.862,,,0.6903,0.3097,,False,on_map_at_end
863,car,913.0,,887.0,,1871.609,95.0,647.0,240.0,716.073,,,0.7294,0.2706,,False,on_map_at_end
865,truck,1371.0,,429.0,,11.067,100.0,411.0,18.0,427.615,,,0.958,0.042,,False,on_map_at_end
866,car,916.0,,884.0,,1536.251,100.0,706.0,178.0,745.318,,,0.7986,0.2014,,False,on_map_at_end
867,car,917.0,,883.0,,824.905,100.0,735.0,148.0,808.462,,,0.8324,0.1676,,False,on_map_at_end
868,car,919.0,,881.0,,817.404,100.0,727.0,154.0,807.216,,,0.8252,0.1748,,False,on_map_at_end
869,car,1677.0,,123.0,,3.566,100.0,115.0,8.0,122.531,,,0.935,0.065,,False,on_map_at_end
87,car,150.0,,1650.0,,1408.056,100.0,1466.0,184.0,1522.696,,,0.8885,0.1115,,False,on_map_at_end
871,car,915.0,,885.0,,1977.65,100.0,559.0,326.0,706.474,,,0.6316,0.3684,,False,on_map_at_end
873,car,915.0,,885.0,,1566.922,88.0,679.0,206.0,743.775,,,0.7672,0.2328,,False,on_map_at_end
874,car,922.0,,878.0,,1528.75,100.0,701.0,177.0,739.63,,,0.7984,0.2016,,False,on_map_at_end
876,car,924.0,,876.0,,1513.748,100.0,702.0,174.0,738.969,,,0.8014,0.1986,,False,on_map_at_end
877,car,919.0,,881.0,,1285.668,93.0,614.0,267.0,764.056,,,0.6969,0.3031,,False,on_map_at_end
878,car,919.0,,881.0,,1574.423,89.0,678.0,203.0,738.724,,,0.7696,0.2304,,False,on_map_at_end
880,truck,920.0,,880.0,,1195.097,96.0,626.0,254.0,735.557,,,0.7114,0.2886,,False,on_map_at_end
881,car,921.0,,879.0,,2319.966,98.0,588.0,291.0,620.252,,,0.6689,0.3311,,False,on_map_at_end
885,truck,922.0,,878.0,,1258.539,100.0,616.0,262.0,726.915,,,0.7016,0.2984,,False,on_map_at_end
887,car,930.0,,870.0,,809.903,100.0,722.0,148.0,797.108,,,0.8299,0.1701,,False,on_map_at_end
889,car,932.0,,868.0,,787.4,97.0,715.0,153.0,796.637,,,0.8237,0.1763,,False,on_map_at_end
891,car,925.0,,875.0,,678.179,85.0,776.0,99.0,813.696,,,0.8869,0.1131,,False,on_map_at_end
895,truck,927.0,,873.0,,1544.296,100.0,550.0,323.0,687.604,,,0.63,0.37,,False,on_map_at_end
896,car,927.0,,873.0,,1559.421,87.0,676.0,197.0,732.372,,,0.7743,0.2257,,False,on_map_at_end
897,car,928.0,,872.0,,859.267,100.0,761.0,111.0,790.408,,,0.8727,0.1273,,False,on_map_at_end
898,car,928.0,,872.0,,1374.199,92.0,700.0,172.0,740.218,,,0.8028,0.1972,,False,on_map_at_end
899,car,928.0,,872.0,,2650.308,96.0,567.0,305.0,617.842,,,0.6502,0.3498,,False,on_map_at_end
900,truck,930.0,,870.0,,917.816,85.0,714.0,156.0,759.818,,,0.8207,0.1793,,False,on_map_at_end
901,car,932.0,,868.0,,409.889,100.0,783.0,85.0,831.11,,,0.9021,0.0979,,False,on_map_at_end
905,truck,932.0,,868.0,,980.608,95.0,690.0,178.0,750.28,,,0.7949,0.2051,,False,on_map_at_end
909,car,934.0,,866.0,,2127.499,96.0,620.0,246.0,666.528,,,0.7159,0.2841,,False,on_map_at_end
91,car,158.0,,1642.0,,1606.427,100.0,1369.0,273.0,1459.027,,,0.8337,0.1663,,False,on_map_at_end
910,truck,935.0,,865.0,,904.814,85.0,706.0,159.0,756.379,,,0.8162,0.1838,,False,on_map_at_end
911,car,935.0,,865.0,,377.909,100.0,798.0,67.0,823.578,,,0.9225,0.0775,,False,on_map_at_end
913,car,936.0,,864.0,,1551.92,85.0,664.0,200.0,723.894,,,0.7685,0.2315,,False,on_map_at_end
915,truck,936.0,,864.0,,1377.881,100.0,566.0,298.0,698.341,,,0.6551,0.3449,,False,on_map_at_end
916,car,938.0,,862.0,,728.293,100.0,718.0,144.0,777.746,,,0.8329,0.1671,,False,on_map_at_end
921,car,939.0,,861.0,,1202.412,86.0,706.0,155.0,751.951,,,0.82,0.18,,False,on_map_at_end
923,car,940.0,,860.0,,1733.179,95.0,537.0,323.0,699.304,,,0.6244,0.3756,,False,on_map_at_end
924,car,941.0,,859.0,,2123.622,80.0,585.0,274.0,657.884,,,0.681,0.319,,False,on_map_at_end
929,car,943.0,,857.0,,402.388,100.0,774.0,83.0,820.785,,,0.9032,0.0968,,False,on_map_at_end
930,truck,945.0,,855.0,,389.387,100.0,763.0,92.0,808.255,,,0.8924,0.1076,,False,on_map_at_end
932,car,944.0,,856.0,,1973.999,93.0,614.0,242.0,678.124,,,0.7173,0.2827,,False,on_map_at_end
935,truck,946.0,,854.0,,1550.587,100.0,624.0,230.0,667.228,,,0.7307,0.2693,,False,on_map_at_end
936,car,949.0,,851.0,,381.886,100.0,759.0,92.0,816.63,,,0.8919,0.1081,,False,on_map_at_end
939,car,949.0,,851.0,,418.745,45.0,713.0,138.0,806.911,,,0.8378,0.1622,,False,on_map_at_end
943,car,951.0,,849.0,,1102.528,94.0,712.0,137.0,741.086,,,0.8386,0.1614,,False,on_map_at_end
944,car,952.0,,848.0,,1579.922,96.0,608.0,240.0,698.548,,,0.717,0.283,,False,on_map_at_end
945,truck,957.0,,843.0,,578.908,100.0,748.0,95.0,773.503,,,0.8873,0.1127,,False,on_map_at_end
946,car,954.0,,846.0,,1135.361,100.0,615.0,231.0,737.629,,,0.727,0.273,,False,on_map_at_end
947,car,955.0,,845.0,,1639.919,100.0,551.0,294.0,697.134,,,0.6521,0.3479,,False,on_map_at_end
948,car,955.0,,845.0,,1639.331,93.0,639.0,206.0,696.686,,,0.7562,0.2438,,False,on_map_at_end
951,car,958.0,,842.0,,609.487,100.0,744.0,98.0,786.543,,,0.8836,0.1164,,False,on_map_at_end
953,car,959.0,,841.0,,921.535,100.0,707.0,134.0,741.456,,,0.8407,0.1593,,False,on_map_at_end
954,car,958.0,,842.0,,2036.942,100.0,564.0,278.0,657.464,,,0.6698,0.3302,,False,on_map_at_end
958,car,962.0,,838.0,,1437.386,94.0,672.0,166.0,704.89,,,0.8019,0.1981,,False,on_map_at_end
96,car,171.0,,1629.0,,1670.627,100.0,1437.0,192.0,1478.054,,,0.8821,0.1179,,False,on_map_at_end
961,car,963.0,,837.0,,1430.107,94.0,679.0,158.0,706.448,,,0.8112,0.1888,,False,on_map_at_end
964,car,964.0,,836.0,,851.766,100.0,722.0,114.0,755.17,,,0.8636,0.1364,,False,on_map_at_end
968,car,965.0,,835.0,,1527.848,100.0,525.0,310.0,690.887,,,0.6287,0.3713,,False,on_map_at_end
97,car,173.0,,1627.0,,858.909,100.0,1502.0,125.0,1543.092,,,0.9232,0.0768,,False,on_map_at_end
970,truck,965.0,,835.0,,1220.638,100.0,444.0,391.0,464.323,,,0.5317,0.4683,,False,on_map_at_end
971,car,966.0,,834.0,,844.265,100.0,715.0,119.0,751.044,,,0.8573,0.1427,,False,on_map_at_end
972,car,967.0,,833.0,,374.385,100.0,752.0,81.0,799.305,,,0.9028,0.0972,,False,on_map_at_end
976,car,978.0,,822.0,,2049.341,100.0,561.0,261.0,636.714,,,0.6825,0.3175,,False,on_map_at_end
977,car,969.0,,831.0,,836.764,100.0,710.0,121.0,750.16,,,0.8544,0.1456,,False,on_map_at_end
979,car,970.0,,830.0,,1567.069,97.0,628.0,202.0,688.065,,,0.7566,0.2434,,False,on_map_at_end
981,car,972.0,,828.0,,366.884,100.0,744.0,84.0,794.98,,,0.8986,0.1014,,False,on_map_at_end
982,car,973.0,,827.0,,1414.767,100.0,628.0,199.0,696.916,,,0.7594,0.2406,,False,on_map_at_end
983,car,973.0,,827.0,,267.995,100.0,761.0,66.0,790.946,,,0.9202,0.0798,,False,on_map_at_end
985,truck,977.0,,823.0,,588.985,100.0,712.0,111.0,752.294,,,0.8651,0.1349,,False,on_map_at_end
986,car,975.0,,825.0,,498.582,49.0,695.0,130.0,765.181,,,0.8424,0.1576,,False,on_map_at_end
988,car,977.0,,823.0,,1622.439,29.0,514.0,309.0,676.624,,,0.6245,0.3755,,False,on_map_at_end
99,car,176.0,,1624.0,,830.906,100.0,1469.0,155.0,1522.308,,,0.9046,0.0954,,False,on_map_at_end
991,car,980.0,,820.0,,1246.437,91.0,658.0,162.0,707.311,,,0.8024,0.1976,,False,on_map_at_end
993,car,982.0,,818.0,,359.383,100.0,737.0,81.0,785.655,,,0.901,0.099,,False,on_map_at_end
995,car,982.0,,818.0,,1662.858,100.0,612.0,206.0,665.68,,,0.7482,0.2518,,False,on_map_at_end
996,truck,984.0,,816.0,,816.262,100.0,692.0,124.0,716.928,,,0.848,0.152,,False,on_map_at_end
