vehicle_id,vehicle_type,enter_time_s,departure_time_s,travel_time_s,route_distance_m,distance_traveled_m,accumulated_waiting_time_s,custom_wait_s,moving_time_s,time_loss_s,free_flow_time_s,delay_s,waiting_fraction,moving_fraction,schedule_efficiency,completed_trip,trip_status
2,DEFAULT_VEHTYPE,15.0,89.0,74.0,,870.368,0.0,0.0,74.0,4.795,,,0.0,1.0,,True,completed
6,DEFAULT_VEHTYPE,39.0,122.0,83.0,,887.882,0.0,0.0,83.0,4.331,,,0.0,1.0,,True,completed
1,DEFAULT_VEHTYPE,10.0,144.0,134.0,,1491.437,0.0,0.0,134.0,7.745,,,0.0,1.0,,True,completed
7,DEFAULT_VEHTYPE,54.0,155.0,101.0,,1188.194,0.0,0.0,101.0,5.473,,,0.0,1.0,,True,completed
8,DEFAULT_VEHTYPE,58.0,156.0,98.0,,890.995,0.0,0.0,98.0,5.934,,,0.0,1.0,,True,completed
25,DEFAULT_VEHTYPE,112.0,165.0,53.0,,573.211,0.0,0.0,53.0,3.76,,,0.0,1.0,,True,completed
5,DEFAULT_VEHTYPE,37.0,169.0,132.0,,1490.185,0.0,0.0,132.0,7.378,,,0.0,1.0,,True,completed
13,DEFAULT_VEHTYPE,77.0,180.0,103.0,,1177.187,0.0,0.0,103.0,10.591,,,0.0,1.0,,True,completed
0,DEFAULT_VEHTYPE,1.0,182.0,181.0,,1743.088,0.0,0.0,181.0,13.286,,,0.0,1.0,,True,completed
16,DEFAULT_VEHTYPE,85.0,189.0,104.0,,1191.568,0.0,0.0,104.0,7.897,,,0.0,1.0,,True,completed
24,DEFAULT_VEHTYPE,111.0,199.0,88.0,,888.643,0.0,0.0,88.0,4.407,,,0.0,1.0,,True,completed
14,DEFAULT_VEHTYPE,78.0,201.0,123.0,,1153.656,0.0,0.0,123.0,10.021,,,0.0,1.0,,True,completed
19,DEFAULT_VEHTYPE,91.0,205.0,114.0,,1488.368,0.0,0.0,114.0,4.93,,,0.0,1.0,,True,completed
10,DEFAULT_VEHTYPE,63.0,206.0,143.0,,1476.92,0.0,0.0,143.0,8.883,,,0.0,1.0,,True,completed
23,DEFAULT_VEHTYPE,107.0,211.0,104.0,,1177.802,0.0,0.0,104.0,8.125,,,0.0,1.0,,True,completed
15,DEFAULT_VEHTYPE,80.0,225.0,145.0,,1492.79,0.0,0.0,145.0,8.36,,,0.0,1.0,,True,completed
31,DEFAULT_VEHTYPE,139.0,227.0,88.0,,895.266,4.0,4.0,84.0,12.117,,,0.0455,0.9545,,True,completed
4,DEFAULT_VEHTYPE,35.0,228.0,193.0,,1741.67,0.0,4.0,189.0,21.609,,,0.0207,0.9793,,True,completed
20,DEFAULT_VEHTYPE,99.0,232.0,133.0,,1478.394,0.0,0.0,133.0,10.228,,,0.0,1.0,,True,completed
22,DEFAULT_VEHTYPE,105.0,239.0,134.0,,1195.198,20.0,20.0,114.0,30.428,,,0.1493,0.8507,,True,completed
32,DEFAULT_VEHTYPE,140.0,245.0,105.0,,887.279,0.0,0.0,105.0,6.929,,,0.0,1.0,,True,completed
12,DEFAULT_VEHTYPE,75.0,253.0,178.0,,1491.763,0.0,0.0,178.0,12.269,,,0.0,1.0,,True,completed
11,DEFAULT_VEHTYPE,71.0,254.0,183.0,,1744.22,4.0,4.0,179.0,22.757,,,0.0219,0.9781,,True,completed
43,DEFAULT_VEHTYPE,187.0,256.0,69.0,,567.597,0.0,0.0,69.0,5.554,,,0.0,1.0,,True,completed
33,DEFAULT_VEHTYPE,140.0,282.0,142.0,,1490.722,0.0,0.0,142.0,8.15,,,0.0,1.0,,True,completed
17,DEFAULT_VEHTYPE,86.0,284.0,198.0,,1779.008,0.0,0.0,198.0,13.443,,,0.0,1.0,,True,completed
35,DEFAULT_VEHTYPE,147.0,288.0,141.0,,1469.82,0.0,8.0,133.0,24.548,,,0.0567,0.9433,,True,completed
29,DEFAULT_VEHTYPE,119.0,291.0,172.0,,1780.844,8.0,8.0,164.0,21.832,,,0.0465,0.9535,,True,completed
44,DEFAULT_VEHTYPE,198.0,296.0,98.0,,889.518,16.0,16.0,82.0,25.388,,,0.1633,0.8367,,True,completed
3,DEFAULT_VEHTYPE,28.0,302.0,274.0,,2388.632,0.0,5.0,269.0,28.959,,,0.0182,0.9818,,True,completed
49,DEFAULT_VEHTYPE,221.0,302.0,81.0,,871.001,0.0,0.0,81.0,4.526,,,0.0,1.0,,True,completed
9,DEFAULT_VEHTYPE,62.0,302.0,240.0,,2088.523,0.0,0.0,240.0,16.446,,,0.0,1.0,,True,completed
38,DEFAULT_VEHTYPE,170.0,306.0,136.0,,1468.866,0.0,0.0,136.0,9.164,,,0.0,1.0,,True,completed
26,DEFAULT_VEHTYPE,112.0,308.0,196.0,,1779.041,3.0,3.0,193.0,23.991,,,0.0153,0.9847,,True,completed
28,DEFAULT_VEHTYPE,118.0,308.0,190.0,,1774.182,0.0,12.0,178.0,28.41,,,0.0632,0.9368,,True,completed
54,DEFAULT_VEHTYPE,237.0,315.0,78.0,,856.081,0.0,0.0,78.0,6.297,,,0.0,1.0,,True,completed
40,DEFAULT_VEHTYPE,176.0,318.0,142.0,,1193.662,3.0,3.0,139.0,16.011,,,0.0211,0.9789,,True,completed
18,DEFAULT_VEHTYPE,88.0,321.0,233.0,,2376.794,0.0,0.0,233.0,17.642,,,0.0,1.0,,True,completed
51,DEFAULT_VEHTYPE,229.0,329.0,100.0,,1166.105,0.0,0.0,100.0,5.93,,,0.0,1.0,,True,completed
42,DEFAULT_VEHTYPE,179.0,332.0,153.0,,1469.306,0.0,0.0,153.0,10.329,,,0.0,1.0,,True,completed
27,DEFAULT_VEHTYPE,115.0,340.0,225.0,,1790.582,1.0,23.0,202.0,46.07,,,0.1022,0.8978,,True,completed
21,DEFAULT_VEHTYPE,102.0,347.0,245.0,,2076.427,0.0,6.0,239.0,29.483,,,0.0245,0.9755,,True,completed
34,DEFAULT_VEHTYPE,144.0,349.0,205.0,,2084.196,15.0,16.0,189.0,41.032,,,0.078,0.922,,True,completed
36,DEFAULT_VEHTYPE,155.0,353.0,198.0,,1784.689,0.0,28.0,170.0,45.688,,,0.1414,0.8586,,True,completed
52,DEFAULT_VEHTYPE,230.0,357.0,127.0,,1189.02,0.0,0.0,127.0,8.025,,,0.0,1.0,,True,completed
55,DEFAULT_VEHTYPE,258.0,366.0,108.0,,1193.881,0.0,0.0,108.0,6.391,,,0.0,1.0,,True,completed
59,DEFAULT_VEHTYPE,277.0,366.0,89.0,,892.554,0.0,0.0,89.0,5.299,,,0.0,1.0,,True,completed
57,DEFAULT_VEHTYPE,269.0,369.0,100.0,,891.756,0.0,0.0,100.0,6.721,,,0.0,1.0,,True,completed
39,DEFAULT_VEHTYPE,174.0,370.0,196.0,,1773.31,0.0,4.0,192.0,20.184,,,0.0204,0.9796,,True,completed
60,DEFAULT_VEHTYPE,279.0,372.0,93.0,,867.101,0.0,0.0,93.0,8.708,,,0.0,1.0,,True,completed
30,DEFAULT_VEHTYPE,138.0,374.0,236.0,,2072.35,10.0,10.0,226.0,36.444,,,0.0424,0.9576,,True,completed
37,DEFAULT_VEHTYPE,156.0,381.0,225.0,,2374.701,7.0,7.0,218.0,23.199,,,0.0311,0.9689,,True,completed
58,DEFAULT_VEHTYPE,276.0,385.0,109.0,,1192.514,7.0,7.0,102.0,19.466,,,0.0642,0.9358,,True,completed
56,DEFAULT_VEHTYPE,260.0,386.0,126.0,,1493.768,0.0,0.0,126.0,6.709,,,0.0,1.0,,True,completed
68,DEFAULT_VEHTYPE,308.0,386.0,78.0,,857.101,0.0,0.0,78.0,5.711,,,0.0,1.0,,True,completed
41,DEFAULT_VEHTYPE,177.0,388.0,211.0,,2080.893,0.0,0.0,211.0,13.364,,,0.0,1.0,,True,completed
45,DEFAULT_VEHTYPE,205.0,388.0,183.0,,1747.691,0.0,7.0,176.0,21.534,,,0.0383,0.9617,,True,completed
64,DEFAULT_VEHTYPE,287.0,393.0,106.0,,1197.167,0.0,0.0,106.0,5.489,,,0.0,1.0,,True,completed
50,DEFAULT_VEHTYPE,223.0,395.0,172.0,,1740.02,0.0,0.0,172.0,16.76,,,0.0,1.0,,True,completed
66,DEFAULT_VEHTYPE,298.0,405.0,107.0,,888.67,11.0,11.0,96.0,21.347,,,0.1028,0.8972,,True,completed
47,DEFAULT_VEHTYPE,213.0,407.0,194.0,,2092.881,0.0,0.0,194.0,10.617,,,0.0,1.0,,True,completed
46,DEFAULT_VEHTYPE,212.0,417.0,205.0,,1779.228,0.0,0.0,205.0,14.526,,,0.0,1.0,,True,completed
62,DEFAULT_VEHTYPE,284.0,417.0,133.0,,1193.21,0.0,0.0,133.0,9.354,,,0.0,1.0,,True,completed
71,DEFAULT_VEHTYPE,325.0,422.0,97.0,,893.961,5.0,5.0,92.0,15.471,,,0.0515,0.9485,,True,completed
48,DEFAULT_VEHTYPE,219.0,427.0,208.0,,1781.314,4.0,9.0,199.0,32.846,,,0.0433,0.9567,,True,completed
61,DEFAULT_VEHTYPE,280.0,445.0,165.0,,1478.626,0.0,0.0,165.0,11.639,,,0.0,1.0,,True,completed
63,DEFAULT_VEHTYPE,286.0,449.0,163.0,,1494.481,19.0,20.0,143.0,45.39,,,0.1227,0.8773,,True,completed
53,DEFAULT_VEHTYPE,232.0,450.0,218.0,,1779.586,0.0,51.0,167.0,64.642,,,0.2339,0.7661,,True,completed
65,DEFAULT_VEHTYPE,295.0,451.0,156.0,,1769.693,0.0,0.0,156.0,9.238,,,0.0,1.0,,True,completed
67,DEFAULT_VEHTYPE,303.0,463.0,160.0,,1478.62,15.0,15.0,145.0,31.24,,,0.0938,0.9062,,True,completed
74,DEFAULT_VEHTYPE,331.0,483.0,152.0,,1486.493,0.0,0.0,152.0,11.354,,,0.0,1.0,,True,completed
70,DEFAULT_VEHTYPE,321.0,486.0,165.0,,1776.145,0.0,2.0,163.0,16.139,,,0.0121,0.9879,,True,completed
87,DEFAULT_VEHTYPE,409.0,486.0,77.0,,848.606,0.0,0.0,77.0,6.242,,,0.0,1.0,,True,completed
69,DEFAULT_VEHTYPE,311.0,492.0,181.0,,1792.699,9.0,9.0,172.0,24.099,,,0.0497,0.9503,,True,completed
78,DEFAULT_VEHTYPE,380.0,494.0,114.0,,1191.379,0.0,0.0,114.0,6.609,,,0.0,1.0,,True,completed
75,DEFAULT_VEHTYPE,350.0,496.0,146.0,,1472.592,0.0,0.0,146.0,9.056,,,0.0,1.0,,True,completed
76,DEFAULT_VEHTYPE,360.0,503.0,143.0,,1777.848,0.0,1.0,142.0,10.528,,,0.007,0.993,,True,completed
80,DEFAULT_VEHTYPE,389.0,504.0,115.0,,891.809,0.0,0.0,115.0,9.057,,,0.0,1.0,,True,completed
73,DEFAULT_VEHTYPE,330.0,505.0,175.0,,1736.503,0.0,0.0,175.0,12.807,,,0.0,1.0,,True,completed
92,DEFAULT_VEHTYPE,427.0,506.0,79.0,,869.151,0.0,0.0,79.0,5.077,,,0.0,1.0,,True,completed
90,DEFAULT_VEHTYPE,422.0,509.0,87.0,,894.42,1.0,1.0,86.0,8.902,,,0.0115,0.9885,,True,completed
81,DEFAULT_VEHTYPE,392.0,511.0,119.0,,1188.9,8.0,8.0,111.0,17.463,,,0.0672,0.9328,,True,completed
100,DEFAULT_VEHTYPE,453.0,518.0,65.0,,596.926,0.0,0.0,65.0,4.108,,,0.0,1.0,,True,completed
72,DEFAULT_VEHTYPE,328.0,522.0,194.0,,1786.018,3.0,16.0,178.0,35.32,,,0.0825,0.9175,,True,completed
94,DEFAULT_VEHTYPE,431.0,522.0,91.0,,858.098,0.0,0.0,91.0,7.501,,,0.0,1.0,,True,completed
97,DEFAULT_VEHTYPE,443.0,540.0,97.0,,871.212,14.0,14.0,83.0,22.952,,,0.1443,0.8557,,True,completed
84,DEFAULT_VEHTYPE,403.0,545.0,142.0,,1490.99,0.0,0.0,142.0,14.882,,,0.0,1.0,,True,completed
104,DEFAULT_VEHTYPE,467.0,546.0,79.0,,865.875,0.0,0.0,79.0,5.699,,,0.0,1.0,,True,completed
98,DEFAULT_VEHTYPE,443.0,548.0,105.0,,1196.851,0.0,0.0,105.0,5.822,,,0.0,1.0,,True,completed
89,DEFAULT_VEHTYPE,420.0,551.0,131.0,,1153.967,0.0,0.0,131.0,9.775,,,0.0,1.0,,True,completed
85,DEFAULT_VEHTYPE,407.0,553.0,146.0,,1477.695,9.0,9.0,137.0,22.477,,,0.0616,0.9384,,True,completed
77,DEFAULT_VEHTYPE,378.0,561.0,183.0,,1479.532,0.0,2.0,181.0,18.361,,,0.0109,0.9891,,True,completed
110,DEFAULT_VEHTYPE,483.0,568.0,85.0,,872.128,0.0,0.0,85.0,5.733,,,0.0,1.0,,True,completed
91,DEFAULT_VEHTYPE,424.0,568.0,144.0,,1471.25,0.0,0.0,144.0,12.606,,,0.0,1.0,,True,completed
86,DEFAULT_VEHTYPE,408.0,575.0,167.0,,1744.906,0.0,0.0,167.0,11.537,,,0.0,1.0,,True,completed
88,DEFAULT_VEHTYPE,410.0,581.0,171.0,,1490.877,23.0,24.0,147.0,43.808,,,0.1404,0.8596,,True,completed
112,DEFAULT_VEHTYPE,488.0,587.0,99.0,,856.521,0.0,0.0,99.0,8.184,,,0.0,1.0,,True,completed
108,DEFAULT_VEHTYPE,474.0,590.0,116.0,,1173.083,0.0,0.0,116.0,8.389,,,0.0,1.0,,True,completed
79,DEFAULT_VEHTYPE,381.0,591.0,210.0,,1780.439,0.0,1.0,209.0,21.034,,,0.0048,0.9952,,True,completed
116,DEFAULT_VEHTYPE,504.0,597.0,93.0,,896.292,0.0,0.0,93.0,6.24,,,0.0,1.0,,True,completed
96,DEFAULT_VEHTYPE,437.0,603.0,166.0,,1772.608,0.0,7.0,159.0,20.675,,,0.0422,0.9578,,True,completed
83,DEFAULT_VEHTYPE,401.0,606.0,205.0,,1787.755,0.0,6.0,199.0,23.262,,,0.0293,0.9707,,True,completed
93,DEFAULT_VEHTYPE,429.0,606.0,177.0,,1775.982,0.0,0.0,177.0,11.031,,,0.0,1.0,,True,completed
101,DEFAULT_VEHTYPE,454.0,608.0,154.0,,1496.479,0.0,0.0,154.0,9.919,,,0.0,1.0,,True,completed
82,DEFAULT_VEHTYPE,398.0,626.0,228.0,,2095.389,6.0,6.0,222.0,23.503,,,0.0263,0.9737,,True,completed
102,DEFAULT_VEHTYPE,466.0,627.0,161.0,,1492.405,0.0,0.0,161.0,14.653,,,0.0,1.0,,True,completed
107,DEFAULT_VEHTYPE,473.0,635.0,162.0,,1471.266,0.0,0.0,162.0,12.278,,,0.0,1.0,,True,completed
130,DEFAULT_VEHTYPE,556.0,637.0,81.0,,873.109,0.0,0.0,81.0,5.738,,,0.0,1.0,,True,completed
134,DEFAULT_VEHTYPE,573.0,647.0,74.0,,887.219,0.0,0.0,74.0,4.096,,,0.0,1.0,,True,completed
123,DEFAULT_VEHTYPE,535.0,649.0,114.0,,893.258,0.0,1.0,113.0,9.523,,,0.0088,0.9912,,True,completed
118,DEFAULT_VEHTYPE,515.0,651.0,136.0,,1178.223,0.0,0.0,136.0,10.226,,,0.0,1.0,,True,completed
131,DEFAULT_VEHTYPE,565.0,651.0,86.0,,886.044,0.0,0.0,86.0,5.555,,,0.0,1.0,,True,completed
106,DEFAULT_VEHTYPE,471.0,654.0,183.0,,1775.255,3.0,3.0,180.0,18.597,,,0.0164,0.9836,,True,completed
127,DEFAULT_VEHTYPE,549.0,657.0,108.0,,887.748,0.0,0.0,108.0,6.772,,,0.0,1.0,,True,completed
129,DEFAULT_VEHTYPE,553.0,657.0,104.0,,1171.505,0.0,0.0,104.0,5.579,,,0.0,1.0,,True,completed
113,DEFAULT_VEHTYPE,491.0,660.0,169.0,,1783.915,5.0,5.0,164.0,18.442,,,0.0296,0.9704,,True,completed
117,DEFAULT_VEHTYPE,508.0,660.0,152.0,,1488.313,8.0,8.0,144.0,20.94,,,0.0526,0.9474,,True,completed
137,DEFAULT_VEHTYPE,582.0,676.0,94.0,,887.037,0.0,0.0,94.0,5.76,,,0.0,1.0,,True,completed
95,DEFAULT_VEHTYPE,432.0,678.0,246.0,,2076.754,0.0,9.0,237.0,31.595,,,0.0366,0.9634,,True,completed
109,DEFAULT_VEHTYPE,475.0,685.0,210.0,,1782.349,24.0,24.0,186.0,40.397,,,0.1143,0.8857,,True,completed
111,DEFAULT_VEHTYPE,488.0,687.0,199.0,,2086.172,0.0,0.0,199.0,11.659,,,0.0,1.0,,True,completed
105,DEFAULT_VEHTYPE,468.0,689.0,221.0,,2373.395,4.0,7.0,214.0,35.47,,,0.0317,0.9683,,True,completed
143,DEFAULT_VEHTYPE,604.0,693.0,89.0,,1195.854,0.0,0.0,89.0,3.962,,,0.0,1.0,,True,completed
99,DEFAULT_VEHTYPE,444.0,693.0,249.0,,1773.877,0.0,7.0,242.0,30.872,,,0.0281,0.9719,,True,completed
103,DEFAULT_VEHTYPE,468.0,696.0,228.0,,2076.369,6.0,6.0,222.0,25.867,,,0.0263,0.9737,,True,completed
122,DEFAULT_VEHTYPE,535.0,696.0,161.0,,1748.182,0.0,0.0,161.0,10.648,,,0.0,1.0,,True,completed
120,DEFAULT_VEHTYPE,527.0,699.0,172.0,,1784.374,5.0,13.0,159.0,28.979,,,0.0756,0.9244,,True,completed
141,DEFAULT_VEHTYPE,602.0,706.0,104.0,,596.353,37.0,37.0,67.0,44.964,,,0.3558,0.6442,,True,completed
126,DEFAULT_VEHTYPE,547.0,714.0,167.0,,1792.06,0.0,0.0,167.0,8.562,,,0.0,1.0,,True,completed
114,DEFAULT_VEHTYPE,495.0,718.0,223.0,,1744.35,9.0,21.0,202.0,43.877,,,0.0942,0.9058,,True,completed
124,DEFAULT_VEHTYPE,539.0,719.0,180.0,,1777.924,15.0,15.0,165.0,41.509,,,0.0833,0.9167,,True,completed
142,DEFAULT_VEHTYPE,604.0,721.0,117.0,,1190.108,3.0,3.0,114.0,13.931,,,0.0256,0.9744,,True,completed
144,DEFAULT_VEHTYPE,612.0,724.0,112.0,,1175.497,0.0,0.0,112.0,6.754,,,0.0,1.0,,True,completed
153,DEFAULT_VEHTYPE,648.0,739.0,91.0,,888.104,0.0,0.0,91.0,5.553,,,0.0,1.0,,True,completed
125,DEFAULT_VEHTYPE,547.0,740.0,193.0,,1794.04,0.0,12.0,181.0,32.887,,,0.0622,0.9378,,True,completed
119,DEFAULT_VEHTYPE,526.0,742.0,216.0,,2085.528,12.0,12.0,204.0,31.607,,,0.0556,0.9444,,True,completed
132,DEFAULT_VEHTYPE,566.0,753.0,187.0,,1494.353,0.0,13.0,174.0,33.171,,,0.0695,0.9305,,True,completed
150,DEFAULT_VEHTYPE,638.0,753.0,115.0,,1190.743,4.0,4.0,111.0,15.829,,,0.0348,0.9652,,True,completed
115,DEFAULT_VEHTYPE,503.0,756.0,253.0,,2073.935,7.0,10.0,243.0,40.2,,,0.0395,0.9605,,True,completed
156,DEFAULT_VEHTYPE,664.0,758.0,94.0,,889.099,0.0,0.0,94.0,5.443,,,0.0,1.0,,True,completed
139,DEFAULT_VEHTYPE,584.0,759.0,175.0,,1785.098,2.0,5.0,170.0,25.076,,,0.0286,0.9714,,True,completed
154,DEFAULT_VEHTYPE,652.0,759.0,107.0,,1173.424,0.0,0.0,107.0,6.944,,,0.0,1.0,,True,completed
138,DEFAULT_VEHTYPE,583.0,760.0,177.0,,1772.749,0.0,0.0,177.0,11.099,,,0.0,1.0,,True,completed
140,DEFAULT_VEHTYPE,591.0,761.0,170.0,,1739.401,6.0,6.0,164.0,21.514,,,0.0353,0.9647,,True,completed
159,DEFAULT_VEHTYPE,673.0,764.0,91.0,,890.692,0.0,0.0,91.0,5.227,,,0.0,1.0,,True,completed
121,DEFAULT_VEHTYPE,532.0,765.0,233.0,,1789.507,26.0,30.0,203.0,57.055,,,0.1288,0.8712,,True,completed
136,DEFAULT_VEHTYPE,581.0,770.0,189.0,,1774.601,0.0,0.0,189.0,13.04,,,0.0,1.0,,True,completed
149,DEFAULT_VEHTYPE,638.0,775.0,137.0,,1491.544,0.0,0.0,137.0,7.835,,,0.0,1.0,,True,completed
147,DEFAULT_VEHTYPE,622.0,779.0,157.0,,1453.192,0.0,0.0,157.0,10.703,,,0.0,1.0,,True,completed
135,DEFAULT_VEHTYPE,580.0,780.0,200.0,,1490.526,1.0,3.0,197.0,22.519,,,0.015,0.985,,True,completed
133,DEFAULT_VEHTYPE,571.0,784.0,213.0,,2090.743,0.0,13.0,200.0,28.635,,,0.061,0.939,,True,completed
148,DEFAULT_VEHTYPE,623.0,815.0,192.0,,1789.629,0.0,0.0,192.0,11.98,,,0.0,1.0,,True,completed
128,DEFAULT_VEHTYPE,550.0,828.0,278.0,,2394.725,7.0,12.0,266.0,39.242,,,0.0432,0.9568,,True,completed
155,DEFAULT_VEHTYPE,657.0,828.0,171.0,,1736.26,21.0,21.0,150.0,36.882,,,0.1228,0.8772,,True,completed
157,DEFAULT_VEHTYPE,666.0,829.0,163.0,,1773.719,19.0,19.0,144.0,37.592,,,0.1166,0.8834,,True,completed
152,DEFAULT_VEHTYPE,645.0,831.0,186.0,,1484.386,45.0,45.0,141.0,56.481,,,0.2419,0.7581,,True,completed
163,DEFAULT_VEHTYPE,695.0,834.0,139.0,,1456.825,0.0,0.0,139.0,15.705,,,0.0,1.0,,True,completed
181,DEFAULT_VEHTYPE,767.0,846.0,79.0,,852.311,0.0,0.0,79.0,5.565,,,0.0,1.0,,True,completed
158,DEFAULT_VEHTYPE,668.0,847.0,179.0,,2071.209,0.0,6.0,173.0,20.412,,,0.0335,0.9665,,True,completed
165,DEFAULT_VEHTYPE,707.0,847.0,140.0,,1469.507,0.0,6.0,134.0,19.062,,,0.0429,0.9571,,True,completed
177,DEFAULT_VEHTYPE,756.0,855.0,99.0,,874.602,1.0,1.0,98.0,12.964,,,0.0101,0.9899,,True,completed
146,DEFAULT_VEHTYPE,620.0,856.0,236.0,,2381.634,0.0,3.0,233.0,30.334,,,0.0127,0.9873,,True,completed
151,DEFAULT_VEHTYPE,640.0,856.0,216.0,,1780.744,0.0,43.0,173.0,57.967,,,0.1991,0.8009,,True,completed
161,DEFAULT_VEHTYPE,684.0,856.0,172.0,,1495.886,5.0,10.0,162.0,28.698,,,0.0581,0.9419,,True,completed
145,DEFAULT_VEHTYPE,617.0,860.0,243.0,,2388.255,12.0,14.0,229.0,45.233,,,0.0576,0.9424,,True,completed
171,DEFAULT_VEHTYPE,742.0,862.0,120.0,,894.478,0.0,0.0,120.0,12.069,,,0.0,1.0,,True,completed
166,DEFAULT_VEHTYPE,729.0,868.0,139.0,,1779.328,0.0,0.0,139.0,7.402,,,0.0,1.0,,True,completed
180,DEFAULT_VEHTYPE,763.0,875.0,112.0,,1152.213,0.0,0.0,112.0,7.922,,,0.0,1.0,,True,completed
186,DEFAULT_VEHTYPE,783.0,880.0,97.0,,874.883,0.0,0.0,97.0,6.942,,,0.0,1.0,,True,completed
178,DEFAULT_VEHTYPE,760.0,881.0,121.0,,1478.039,0.0,0.0,121.0,6.601,,,0.0,1.0,,True,completed
173,DEFAULT_VEHTYPE,748.0,889.0,141.0,,1496.116,3.0,3.0,138.0,19.142,,,0.0213,0.9787,,True,completed
164,DEFAULT_VEHTYPE,706.0,891.0,185.0,,1790.245,21.0,21.0,164.0,33.898,,,0.1135,0.8865,,True,completed
194,DEFAULT_VEHTYPE,808.0,896.0,88.0,,892.161,0.0,0.0,88.0,5.55,,,0.0,1.0,,True,completed
175,DEFAULT_VEHTYPE,755.0,901.0,146.0,,1477.574,3.0,3.0,143.0,21.801,,,0.0205,0.9795,,True,completed
162,DEFAULT_VEHTYPE,695.0,910.0,215.0,,2384.427,7.0,8.0,207.0,24.669,,,0.0372,0.9628,,True,completed
179,DEFAULT_VEHTYPE,761.0,914.0,153.0,,894.007,27.0,44.0,109.0,55.221,,,0.2876,0.7124,,True,completed
170,DEFAULT_VEHTYPE,738.0,918.0,180.0,,1493.013,6.0,6.0,174.0,21.364,,,0.0333,0.9667,,True,completed
193,DEFAULT_VEHTYPE,807.0,920.0,113.0,,1174.459,0.0,0.0,113.0,6.89,,,0.0,1.0,,True,completed
201,DEFAULT_VEHTYPE,830.0,920.0,90.0,,893.164,4.0,4.0,86.0,16.075,,,0.0444,0.9556,,True,completed
182,DEFAULT_VEHTYPE,767.0,924.0,157.0,,1493.821,0.0,0.0,157.0,11.26,,,0.0,1.0,,True,completed
160,DEFAULT_VEHTYPE,681.0,928.0,247.0,,1779.093,0.0,31.0,216.0,54.646,,,0.1255,0.8745,,True,completed
183,DEFAULT_VEHTYPE,774.0,935.0,161.0,,1470.391,16.0,20.0,141.0,34.028,,,0.1242,0.8758,,True,completed
167,DEFAULT_VEHTYPE,731.0,936.0,205.0,,1492.412,30.0,37.0,168.0,56.165,,,0.1805,0.8195,,True,completed
211,DEFAULT_VEHTYPE,863.0,937.0,74.0,,872.038,0.0,0.0,74.0,4.851,,,0.0,1.0,,True,completed
172,DEFAULT_VEHTYPE,746.0,938.0,192.0,,2070.772,0.0,6.0,186.0,34.819,,,0.0312,0.9688,,True,completed
216,DEFAULT_VEHTYPE,877.0,963.0,86.0,,851.463,0.0,0.0,86.0,6.111,,,0.0,1.0,,True,completed
188,DEFAULT_VEHTYPE,794.0,964.0,170.0,,1777.816,2.0,2.0,168.0,18.933,,,0.0118,0.9882,,True,completed
189,DEFAULT_VEHTYPE,795.0,967.0,172.0,,1194.171,0.0,18.0,154.0,36.675,,,0.1047,0.8953,,True,completed
168,DEFAULT_VEHTYPE,734.0,968.0,234.0,,2075.982,0.0,0.0,234.0,15.827,,,0.0,1.0,,True,completed
185,DEFAULT_VEHTYPE,776.0,969.0,193.0,,2074.011,0.0,0.0,193.0,13.205,,,0.0,1.0,,True,completed
214,DEFAULT_VEHTYPE,876.0,970.0,94.0,,852.822,0.0,0.0,94.0,8.121,,,0.0,1.0,,True,completed
207,DEFAULT_VEHTYPE,856.0,971.0,115.0,,1155.637,0.0,0.0,115.0,8.729,,,0.0,1.0,,True,completed
176,DEFAULT_VEHTYPE,757.0,972.0,215.0,,1770.105,39.0,39.0,176.0,53.669,,,0.1814,0.8186,,True,completed
196,DEFAULT_VEHTYPE,819.0,972.0,153.0,,1495.05,0.0,0.0,153.0,8.66,,,0.0,1.0,,True,completed
218,DEFAULT_VEHTYPE,886.0,972.0,86.0,,891.39,0.0,0.0,86.0,4.83,,,0.0,1.0,,True,completed
191,DEFAULT_VEHTYPE,803.0,973.0,170.0,,1747.356,0.0,10.0,160.0,26.496,,,0.0588,0.9412,,True,completed
169,DEFAULT_VEHTYPE,737.0,978.0,241.0,,2082.319,9.0,9.0,232.0,34.729,,,0.0373,0.9627,,True,completed
205,DEFAULT_VEHTYPE,848.0,981.0,133.0,,1489.573,0.0,0.0,133.0,7.405,,,0.0,1.0,,True,completed
217,DEFAULT_VEHTYPE,883.0,983.0,100.0,,871.406,8.0,8.0,92.0,19.019,,,0.08,0.92,,True,completed
197,DEFAULT_VEHTYPE,819.0,990.0,171.0,,1490.665,25.0,25.0,146.0,38.044,,,0.1462,0.8538,,True,completed
174,DEFAULT_VEHTYPE,752.0,992.0,240.0,,2074.704,1.0,26.0,214.0,52.695,,,0.1083,0.8917,,True,completed
195,DEFAULT_VEHTYPE,809.0,992.0,183.0,,1787.288,14.0,19.0,164.0,36.377,,,0.1038,0.8962,,True,completed
198,DEFAULT_VEHTYPE,820.0,1001.0,181.0,,1780.532,11.0,11.0,170.0,30.919,,,0.0608,0.9392,,True,completed
187,DEFAULT_VEHTYPE,793.0,1004.0,211.0,,2078.686,0.0,0.0,211.0,13.416,,,0.0,1.0,,True,completed
221,DEFAULT_VEHTYPE,894.0,1007.0,113.0,,1190.929,0.0,0.0,113.0,13.633,,,0.0,1.0,,True,completed
206,DEFAULT_VEHTYPE,853.0,1008.0,155.0,,1742.508,0.0,0.0,155.0,9.899,,,0.0,1.0,,True,completed
210,DEFAULT_VEHTYPE,862.0,1012.0,150.0,,1487.95,6.0,6.0,144.0,17.749,,,0.04,0.96,,True,completed
200,DEFAULT_VEHTYPE,825.0,1014.0,189.0,,1473.307,31.0,40.0,149.0,60.345,,,0.2116,0.7884,,True,completed
213,DEFAULT_VEHTYPE,871.0,1014.0,143.0,,1189.297,0.0,0.0,143.0,10.319,,,0.0,1.0,,True,completed
246,DEFAULT_VEHTYPE,966.0,1020.0,54.0,,567.88,0.0,0.0,54.0,4.04,,,0.0,1.0,,True,completed
209,DEFAULT_VEHTYPE,861.0,1022.0,161.0,,1475.135,14.0,14.0,147.0,33.529,,,0.087,0.913,,True,completed
224,DEFAULT_VEHTYPE,902.0,1023.0,121.0,,891.936,31.0,31.0,90.0,40.232,,,0.2562,0.7438,,True,completed
239,DEFAULT_VEHTYPE,938.0,1025.0,87.0,,849.259,0.0,0.0,87.0,7.783,,,0.0,1.0,,True,completed
223,DEFAULT_VEHTYPE,898.0,1026.0,128.0,,1153.242,0.0,0.0,128.0,12.787,,,0.0,1.0,,True,completed
192,DEFAULT_VEHTYPE,804.0,1031.0,227.0,,2377.243,0.0,0.0,227.0,15.829,,,0.0,1.0,,True,completed
241,DEFAULT_VEHTYPE,944.0,1036.0,92.0,,850.476,0.0,0.0,92.0,7.094,,,0.0,1.0,,True,completed
190,DEFAULT_VEHTYPE,802.0,1038.0,236.0,,2087.156,0.0,5.0,231.0,23.954,,,0.0212,0.9788,,True,completed
199,DEFAULT_VEHTYPE,820.0,1040.0,220.0,,2373.956,0.0,0.0,220.0,14.076,,,0.0,1.0,,True,completed
204,DEFAULT_VEHTYPE,846.0,1040.0,194.0,,1741.854,38.0,38.0,156.0,53.209,,,0.1959,0.8041,,True,completed
215,DEFAULT_VEHTYPE,876.0,1040.0,164.0,,1774.392,2.0,2.0,162.0,15.055,,,0.0122,0.9878,,True,completed
232,DEFAULT_VEHTYPE,926.0,1041.0,115.0,,1166.893,0.0,0.0,115.0,7.602,,,0.0,1.0,,True,completed
238,DEFAULT_VEHTYPE,935.0,1041.0,106.0,,1177.715,0.0,0.0,106.0,9.084,,,0.0,1.0,,True,completed
247,DEFAULT_VEHTYPE,967.0,1043.0,76.0,,868.123,0.0,0.0,76.0,5.219,,,0.0,1.0,,True,completed
202,DEFAULT_VEHTYPE,837.0,1044.0,207.0,,1474.69,0.0,16.0,191.0,38.178,,,0.0773,0.9227,,True,completed
219,DEFAULT_VEHTYPE,892.0,1044.0,152.0,,1494.205,0.0,0.0,152.0,9.4,,,0.0,1.0,,True,completed
226,DEFAULT_VEHTYPE,913.0,1054.0,141.0,,1747.2,0.0,0.0,141.0,9.36,,,0.0,1.0,,True,completed
233,DEFAULT_VEHTYPE,928.0,1057.0,129.0,,1491.341,0.0,0.0,129.0,9.198,,,0.0,1.0,,True,completed
220,DEFAULT_VEHTYPE,892.0,1066.0,174.0,,1775.362,0.0,0.0,174.0,17.046,,,0.0,1.0,,True,completed
203,DEFAULT_VEHTYPE,842.0,1068.0,226.0,,2072.529,0.0,0.0,226.0,15.83,,,0.0,1.0,,True,completed
184,DEFAULT_VEHTYPE,774.0,1070.0,296.0,,2071.552,8.0,27.0,269.0,57.551,,,0.0912,0.9088,,True,completed
240,DEFAULT_VEHTYPE,940.0,1070.0,130.0,,1153.47,0.0,0.0,130.0,10.229,,,0.0,1.0,,True,completed
225,DEFAULT_VEHTYPE,903.0,1072.0,169.0,,1778.157,0.0,4.0,165.0,20.589,,,0.0237,0.9763,,True,completed
208,DEFAULT_VEHTYPE,860.0,1073.0,213.0,,1778.174,19.0,33.0,180.0,51.767,,,0.1549,0.8451,,True,completed
264,DEFAULT_VEHTYPE,1017.0,1073.0,56.0,,594.736,0.0,0.0,56.0,3.002,,,0.0,1.0,,True,completed
266,DEFAULT_VEHTYPE,1018.0,1078.0,60.0,,894.489,0.0,0.0,60.0,2.385,,,0.0,1.0,,True,completed
248,DEFAULT_VEHTYPE,971.0,1079.0,108.0,,1194.498,5.0,5.0,103.0,15.23,,,0.0463,0.9537,,True,completed
242,DEFAULT_VEHTYPE,949.0,1081.0,132.0,,1190.983,7.0,9.0,123.0,24.903,,,0.0682,0.9318,,True,completed
255,DEFAULT_VEHTYPE,993.0,1083.0,90.0,,888.412,0.0,0.0,90.0,13.05,,,0.0,1.0,,True,completed
237,DEFAULT_VEHTYPE,934.0,1088.0,154.0,,1779.081,0.0,0.0,154.0,9.718,,,0.0,1.0,,True,completed
212,DEFAULT_VEHTYPE,865.0,1090.0,225.0,,2089.882,0.0,14.0,211.0,35.417,,,0.0622,0.9378,,True,completed
257,DEFAULT_VEHTYPE,1001.0,1093.0,92.0,,888.439,0.0,0.0,92.0,8.249,,,0.0,1.0,,True,completed
250,DEFAULT_VEHTYPE,978.0,1094.0,116.0,,1187.485,0.0,0.0,116.0,6.955,,,0.0,1.0,,True,completed
267,DEFAULT_VEHTYPE,1019.0,1095.0,76.0,,847.87,0.0,0.0,76.0,5.75,,,0.0,1.0,,True,completed
263,DEFAULT_VEHTYPE,1016.0,1100.0,84.0,,848.008,0.0,0.0,84.0,7.026,,,0.0,1.0,,True,completed
234,DEFAULT_VEHTYPE,930.0,1103.0,173.0,,1172.398,2.0,26.0,147.0,45.218,,,0.1503,0.8497,,True,completed
235,DEFAULT_VEHTYPE,931.0,1114.0,183.0,,1488.695,24.0,24.0,159.0,42.334,,,0.1311,0.8689,,True,completed
271,DEFAULT_VEHTYPE,1030.0,1116.0,86.0,,891.608,5.0,5.0,81.0,12.869,,,0.0581,0.9419,,True,completed
280,DEFAULT_VEHTYPE,1055.0,1118.0,63.0,,593.136,0.0,0.0,63.0,3.685,,,0.0,1.0,,True,completed
230,DEFAULT_VEHTYPE,924.0,1122.0,198.0,,2090.224,1.0,1.0,197.0,16.09,,,0.0051,0.9949,,True,completed
236,DEFAULT_VEHTYPE,933.0,1134.0,201.0,,1781.299,7.0,15.0,186.0,34.956,,,0.0746,0.9254,,True,completed
227,DEFAULT_VEHTYPE,918.0,1137.0,219.0,,2078.299,19.0,23.0,196.0,45.135,,,0.105,0.895,,True,completed
260,DEFAULT_VEHTYPE,1008.0,1142.0,134.0,,1176.03,0.0,0.0,134.0,10.798,,,0.0,1.0,,True,completed
296,DEFAULT_VEHTYPE,1093.0,1143.0,50.0,,566.216,0.0,0.0,50.0,3.564,,,0.0,1.0,,True,completed
245,DEFAULT_VEHTYPE,960.0,1145.0,185.0,,1492.547,0.0,13.0,172.0,28.273,,,0.0703,0.9297,,True,completed
261,DEFAULT_VEHTYPE,1009.0,1147.0,138.0,,1175.062,5.0,5.0,133.0,20.495,,,0.0362,0.9638,,True,completed
244,DEFAULT_VEHTYPE,957.0,1150.0,193.0,,1772.814,2.0,16.0,177.0,34.817,,,0.0829,0.9171,,True,completed
253,DEFAULT_VEHTYPE,988.0,1150.0,162.0,,1195.374,29.0,43.0,119.0,56.823,,,0.2654,0.7346,,True,completed
249,DEFAULT_VEHTYPE,972.0,1151.0,179.0,,1741.854,8.0,8.0,171.0,30.294,,,0.0447,0.9553,,True,completed
256,DEFAULT_VEHTYPE,1001.0,1151.0,150.0,,1153.861,33.0,33.0,117.0,44.28,,,0.22,0.78,,True,completed
268,DEFAULT_VEHTYPE,1024.0,1154.0,130.0,,1493.062,0.0,0.0,130.0,7.997,,,0.0,1.0,,True,completed
282,DEFAULT_VEHTYPE,1057.0,1155.0,98.0,,889.218,0.0,0.0,98.0,9.928,,,0.0,1.0,,True,completed
276,DEFAULT_VEHTYPE,1044.0,1157.0,113.0,,1190.822,0.0,0.0,113.0,6.734,,,0.0,1.0,,True,completed
275,DEFAULT_VEHTYPE,1043.0,1159.0,116.0,,1167.653,0.0,0.0,116.0,7.556,,,0.0,1.0,,True,completed
231,DEFAULT_VEHTYPE,926.0,1162.0,236.0,,2088.621,18.0,29.0,207.0,49.377,,,0.1229,0.8771,,True,completed
222,DEFAULT_VEHTYPE,897.0,1166.0,269.0,,2074.283,0.0,6.0,263.0,29.527,,,0.0223,0.9777,,True,completed
229,DEFAULT_VEHTYPE,922.0,1169.0,247.0,,2385.85,9.0,15.0,232.0,38.654,,,0.0607,0.9393,,True,completed
262,DEFAULT_VEHTYPE,1009.0,1172.0,163.0,,1485.821,7.0,7.0,156.0,26.625,,,0.0429,0.9571,,True,completed
243,DEFAULT_VEHTYPE,950.0,1173.0,223.0,,1789.969,0.0,43.0,180.0,69.666,,,0.1928,0.8072,,True,completed
288,DEFAULT_VEHTYPE,1073.0,1179.0,106.0,,851.752,0.0,0.0,106.0,9.443,,,0.0,1.0,,True,completed
272,DEFAULT_VEHTYPE,1032.0,1188.0,156.0,,1456.79,12.0,13.0,143.0,32.207,,,0.0833,0.9167,,True,completed
283,DEFAULT_VEHTYPE,1061.0,1188.0,127.0,,1478.462,0.0,0.0,127.0,7.476,,,0.0,1.0,,True,completed
269,DEFAULT_VEHTYPE,1027.0,1189.0,162.0,,1489.308,0.0,0.0,162.0,10.325,,,0.0,1.0,,True,completed
259,DEFAULT_VEHTYPE,1006.0,1194.0,188.0,,1744.941,6.0,6.0,182.0,22.515,,,0.0319,0.9681,,True,completed
301,DEFAULT_VEHTYPE,1117.0,1197.0,80.0,,853.301,0.0,0.0,80.0,6.278,,,0.0,1.0,,True,completed
277,DEFAULT_VEHTYPE,1045.0,1198.0,153.0,,1489.651,8.0,8.0,145.0,25.052,,,0.0523,0.9477,,True,completed
311,DEFAULT_VEHTYPE,1139.0,1198.0,59.0,,576.271,0.0,0.0,59.0,5.036,,,0.0,1.0,,True,completed
278,DEFAULT_VEHTYPE,1050.0,1204.0,154.0,,1471.227,0.0,0.0,154.0,14.502,,,0.0,1.0,,True,completed
305,DEFAULT_VEHTYPE,1128.0,1208.0,80.0,,897.457,0.0,0.0,80.0,4.08,,,0.0,1.0,,True,completed
228,DEFAULT_VEHTYPE,920.0,1209.0,289.0,,2375.56,42.0,58.0,231.0,81.624,,,0.2007,0.7993,,True,completed
291,DEFAULT_VEHTYPE,1080.0,1211.0,131.0,,1160.492,13.0,13.0,118.0,26.025,,,0.0992,0.9008,,True,completed
274,DEFAULT_VEHTYPE,1041.0,1214.0,173.0,,1775.537,0.0,4.0,169.0,16.932,,,0.0231,0.9769,,True,completed
303,DEFAULT_VEHTYPE,1127.0,1224.0,97.0,,886.188,0.0,0.0,97.0,10.033,,,0.0,1.0,,True,completed
251,DEFAULT_VEHTYPE,978.0,1225.0,247.0,,1740.922,0.0,37.0,210.0,58.317,,,0.1498,0.8502,,True,completed
281,DEFAULT_VEHTYPE,1055.0,1227.0,172.0,,1472.389,4.0,8.0,164.0,26.189,,,0.0465,0.9535,,True,completed
290,DEFAULT_VEHTYPE,1078.0,1228.0,150.0,,1774.744,0.0,0.0,150.0,7.622,,,0.0,1.0,,True,completed
265,DEFAULT_VEHTYPE,1017.0,1240.0,223.0,,2075.773,22.0,22.0,201.0,37.827,,,0.0987,0.9013,,True,completed
295,DEFAULT_VEHTYPE,1087.0,1244.0,157.0,,1776.59,4.0,4.0,153.0,17.397,,,0.0255,0.9745,,True,completed
293,DEFAULT_VEHTYPE,1087.0,1245.0,158.0,,1197.28,0.0,8.0,150.0,26.254,,,0.0506,0.9494,,True,completed
279,DEFAULT_VEHTYPE,1054.0,1248.0,194.0,,2073.468,0.0,0.0,194.0,11.634,,,0.0,1.0,,True,completed
287,DEFAULT_VEHTYPE,1072.0,1250.0,178.0,,1484.691,20.0,31.0,147.0,52.942,,,0.1742,0.8258,,True,completed
298,DEFAULT_VEHTYPE,1096.0,1251.0,155.0,,1474.843,0.0,0.0,155.0,10.814,,,0.0,1.0,,True,completed
300,DEFAULT_VEHTYPE,1110.0,1253.0,143.0,,1172.558,21.0,21.0,122.0,31.701,,,0.1469,0.8531,,True,completed
252,DEFAULT_VEHTYPE,978.0,1254.0,276.0,,2086.44,34.0,51.0,225.0,78.805,,,0.1848,0.8152,,True,completed
306,DEFAULT_VEHTYPE,1129.0,1254.0,125.0,,1154.219,0.0,0.0,125.0,9.371,,,0.0,1.0,,True,completed
304,DEFAULT_VEHTYPE,1127.0,1258.0,131.0,,1467.911,0.0,0.0,131.0,8.152,,,0.0,1.0,,True,completed
307,DEFAULT_VEHTYPE,1131.0,1261.0,130.0,,1488.304,0.0,0.0,130.0,6.325,,,0.0,1.0,,True,completed
286,DEFAULT_VEHTYPE,1070.0,1263.0,193.0,,1781.846,18.0,30.0,163.0,44.066,,,0.1554,0.8446,,True,completed
299,DEFAULT_VEHTYPE,1103.0,1264.0,161.0,,1774.388,0.0,7.0,154.0,19.572,,,0.0435,0.9565,,True,completed
322,DEFAULT_VEHTYPE,1161.0,1268.0,107.0,,1158.9,0.0,0.0,107.0,7.087,,,0.0,1.0,,True,completed
320,DEFAULT_VEHTYPE,1160.0,1269.0,109.0,,895.348,0.0,0.0,109.0,8.125,,,0.0,1.0,,True,completed
331,DEFAULT_VEHTYPE,1185.0,1269.0,84.0,,897.341,0.0,0.0,84.0,4.683,,,0.0,1.0,,True,completed
321,DEFAULT_VEHTYPE,1160.0,1270.0,110.0,,1179.636,0.0,0.0,110.0,8.673,,,0.0,1.0,,True,completed
258,DEFAULT_VEHTYPE,1003.0,1272.0,269.0,,2370.815,2.0,26.0,243.0,53.172,,,0.0967,0.9033,,True,completed
270,DEFAULT_VEHTYPE,1029.0,1272.0,243.0,,2074.562,9.0,34.0,209.0,57.557,,,0.1399,0.8601,,True,completed
308,DEFAULT_VEHTYPE,1131.0,1276.0,145.0,,1789.506,0.0,8.0,137.0,24.658,,,0.0552,0.9448,,True,completed
294,DEFAULT_VEHTYPE,1087.0,1285.0,198.0,,1776.226,0.0,0.0,198.0,13.808,,,0.0,1.0,,True,completed
302,DEFAULT_VEHTYPE,1125.0,1287.0,162.0,,1769.532,0.0,0.0,162.0,9.841,,,0.0,1.0,,True,completed
285,DEFAULT_VEHTYPE,1069.0,1288.0,219.0,,1774.571,9.0,9.0,210.0,28.203,,,0.0411,0.9589,,True,completed
342,DEFAULT_VEHTYPE,1205.0,1288.0,83.0,,851.541,0.0,0.0,83.0,5.754,,,0.0,1.0,,True,completed
273,DEFAULT_VEHTYPE,1040.0,1290.0,250.0,,1791.519,30.0,30.0,220.0,49.374,,,0.12,0.88,,True,completed
356,DEFAULT_VEHTYPE,1240.0,1291.0,51.0,,570.671,0.0,0.0,51.0,3.445,,,0.0,1.0,,True,completed
297,DEFAULT_VEHTYPE,1096.0,1293.0,197.0,,1789.742,9.0,13.0,184.0,30.937,,,0.066,0.934,,True,completed
315,DEFAULT_VEHTYPE,1151.0,1298.0,147.0,,1188.135,34.0,34.0,113.0,45.47,,,0.2313,0.7687,,True,completed
347,DEFAULT_VEHTYPE,1218.0,1299.0,81.0,,867.793,0.0,0.0,81.0,5.302,,,0.0,1.0,,True,completed
292,DEFAULT_VEHTYPE,1081.0,1302.0,221.0,,2086.234,2.0,2.0,219.0,57.753,,,0.009,0.991,,True,completed
289,DEFAULT_VEHTYPE,1076.0,1306.0,230.0,,2089.905,2.0,2.0,228.0,26.564,,,0.0087,0.9913,,True,completed
345,DEFAULT_VEHTYPE,1214.0,1310.0,96.0,,894.146,0.0,0.0,96.0,6.966,,,0.0,1.0,,True,completed
309,DEFAULT_VEHTYPE,1133.0,1314.0,181.0,,2086.013,0.0,0.0,181.0,11.637,,,0.0,1.0,,True,completed
340,DEFAULT_VEHTYPE,1204.0,1314.0,110.0,,887.456,12.0,12.0,98.0,26.504,,,0.1091,0.8909,,True,completed
317,DEFAULT_VEHTYPE,1153.0,1322.0,169.0,,1746.633,0.0,0.0,169.0,12.958,,,0.0,1.0,,True,completed
254,DEFAULT_VEHTYPE,991.0,1325.0,334.0,,2371.741,13.0,81.0,253.0,115.794,,,0.2425,0.7575,,True,completed
284,DEFAULT_VEHTYPE,1068.0,1325.0,257.0,,2077.1,14.0,29.0,228.0,57.45,,,0.1128,0.8872,,True,completed
313,DEFAULT_VEHTYPE,1146.0,1330.0,184.0,,1748.342,0.0,5.0,179.0,22.805,,,0.0272,0.9728,,True,completed
361,DEFAULT_VEHTYPE,1254.0,1332.0,78.0,,893.329,0.0,0.0,78.0,4.405,,,0.0,1.0,,True,completed
341,DEFAULT_VEHTYPE,1206.0,1337.0,131.0,,1186.166,12.0,12.0,119.0,30.049,,,0.0916,0.9084,,True,completed
312,DEFAULT_VEHTYPE,1144.0,1338.0,194.0,,1741.225,0.0,5.0,189.0,22.599,,,0.0258,0.9742,,True,completed
318,DEFAULT_VEHTYPE,1158.0,1338.0,180.0,,1741.044,2.0,2.0,178.0,19.022,,,0.0111,0.9889,,True,completed
327,DEFAULT_VEHTYPE,1178.0,1340.0,162.0,,1490.18,12.0,12.0,150.0,38.931,,,0.0741,0.9259,,True,completed
326,DEFAULT_VEHTYPE,1176.0,1344.0,168.0,,1489.753,9.0,9.0,159.0,27.234,,,0.0536,0.9464,,True,completed
337,DEFAULT_VEHTYPE,1199.0,1345.0,146.0,,1489.174,0.0,0.0,146.0,8.283,,,0.0,1.0,,True,completed
330,DEFAULT_VEHTYPE,1183.0,1347.0,164.0,,1747.801,0.0,0.0,164.0,11.735,,,0.0,1.0,,True,completed
372,DEFAULT_VEHTYPE,1277.0,1355.0,78.0,,876.046,0.0,0.0,78.0,4.576,,,0.0,1.0,,True,completed
333,DEFAULT_VEHTYPE,1193.0,1357.0,164.0,,1776.201,0.0,0.0,164.0,13.299,,,0.0,1.0,,True,completed
370,DEFAULT_VEHTYPE,1275.0,1360.0,85.0,,886.173,4.0,4.0,81.0,11.737,,,0.0471,0.9529,,True,completed
325,DEFAULT_VEHTYPE,1176.0,1363.0,187.0,,1741.147,0.0,0.0,187.0,29.014,,,0.0,1.0,,True,completed
390,DEFAULT_VEHTYPE,1312.0,1366.0,54.0,,569.225,0.0,0.0,54.0,3.852,,,0.0,1.0,,True,completed
319,DEFAULT_VEHTYPE,1159.0,1367.0,208.0,,1744.355,0.0,1.0,207.0,18.888,,,0.0048,0.9952,,True,completed
355,DEFAULT_VEHTYPE,1230.0,1367.0,137.0,,1489.986,0.0,0.0,137.0,11.541,,,0.0,1.0,,True,completed
310,DEFAULT_VEHTYPE,1134.0,1369.0,235.0,,2081.902,0.0,2.0,233.0,24.539,,,0.0085,0.9915,,True,completed
338,DEFAULT_VEHTYPE,1199.0,1372.0,173.0,,1489.826,11.0,23.0,150.0,40.891,,,0.1329,0.8671,,True,completed
324,DEFAULT_VEHTYPE,1165.0,1375.0,210.0,,2070.767,5.0,5.0,205.0,22.128,,,0.0238,0.9762,,True,completed
343,DEFAULT_VEHTYPE,1211.0,1375.0,164.0,,1737.356,0.0,4.0,160.0,22.81,,,0.0244,0.9756,,True,completed
346,DEFAULT_VEHTYPE,1216.0,1375.0,159.0,,1792.903,2.0,2.0,157.0,15.078,,,0.0126,0.9874,,True,completed
328,DEFAULT_VEHTYPE,1179.0,1376.0,197.0,,1777.391,1.0,1.0,196.0,18.359,,,0.0051,0.9949,,True,completed
336,DEFAULT_VEHTYPE,1198.0,1376.0,178.0,,1494.885,12.0,12.0,166.0,30.035,,,0.0674,0.9326,,True,completed
344,DEFAULT_VEHTYPE,1214.0,1377.0,163.0,,1493.455,1.0,1.0,162.0,14.766,,,0.0061,0.9939,,True,completed
334,DEFAULT_VEHTYPE,1194.0,1378.0,184.0,,1741.463,0.0,0.0,184.0,13.274,,,0.0,1.0,,True,completed
335,DEFAULT_VEHTYPE,1196.0,1378.0,182.0,,1740.334,0.0,8.0,174.0,29.883,,,0.044,0.956,,True,completed
385,DEFAULT_VEHTYPE,1298.0,1382.0,84.0,,892.468,0.0,0.0,84.0,4.815,,,0.0,1.0,,True,completed
357,DEFAULT_VEHTYPE,1243.0,1388.0,145.0,,1475.134,0.0,0.0,145.0,16.542,,,0.0,1.0,,True,completed
329,DEFAULT_VEHTYPE,1181.0,1390.0,209.0,,1794.12,0.0,11.0,198.0,32.05,,,0.0526,0.9474,,True,completed
351,DEFAULT_VEHTYPE,1224.0,1391.0,167.0,,1486.552,7.0,12.0,155.0,31.525,,,0.0719,0.9281,,True,completed
353,DEFAULT_VEHTYPE,1228.0,1391.0,163.0,,1495.416,0.0,0.0,163.0,10.848,,,0.0,1.0,,True,completed
365,DEFAULT_VEHTYPE,1265.0,1391.0,126.0,,1188.095,8.0,8.0,118.0,18.556,,,0.0635,0.9365,,True,completed
407,DEFAULT_VEHTYPE,1346.0,1398.0,52.0,,570.154,0.0,0.0,52.0,3.574,,,0.0,1.0,,True,completed
323,DEFAULT_VEHTYPE,1163.0,1402.0,239.0,,2071.772,14.0,23.0,216.0,54.889,,,0.0962,0.9038,,True,completed
362,DEFAULT_VEHTYPE,1259.0,1402.0,143.0,,1176.444,3.0,3.0,140.0,17.3,,,0.021,0.979,,True,completed
358,DEFAULT_VEHTYPE,1244.0,1408.0,164.0,,1780.684,0.0,0.0,164.0,9.485,,,0.0,1.0,,True,completed
384,DEFAULT_VEHTYPE,1297.0,1412.0,115.0,,1193.666,0.0,0.0,115.0,9.729,,,0.0,1.0,,True,completed
376,DEFAULT_VEHTYPE,1287.0,1413.0,126.0,,1175.177,4.0,4.0,122.0,17.296,,,0.0317,0.9683,,True,completed
354,DEFAULT_VEHTYPE,1229.0,1414.0,185.0,,1746.895,0.0,1.0,184.0,17.936,,,0.0054,0.9946,,True,completed
404,DEFAULT_VEHTYPE,1337.0,1416.0,79.0,,873.712,0.0,0.0,79.0,4.748,,,0.0,1.0,,True,completed
316,DEFAULT_VEHTYPE,1152.0,1417.0,265.0,,2078.314,46.0,93.0,172.0,116.705,,,0.3509,0.6491,,True,completed
349,DEFAULT_VEHTYPE,1219.0,1420.0,201.0,,2073.283,7.0,7.0,194.0,24.596,,,0.0348,0.9652,,True,completed
408,DEFAULT_VEHTYPE,1347.0,1424.0,77.0,,848.459,0.0,0.0,77.0,6.015,,,0.0,1.0,,True,completed
381,DEFAULT_VEHTYPE,1293.0,1427.0,134.0,,1157.951,5.0,5.0,129.0,20.001,,,0.0373,0.9627,,True,completed
375,DEFAULT_VEHTYPE,1286.0,1429.0,143.0,,1491.083,0.0,7.0,136.0,18.758,,,0.049,0.951,,True,completed
339,DEFAULT_VEHTYPE,1204.0,1433.0,229.0,,2072.148,8.0,14.0,215.0,34.374,,,0.0611,0.9389,,True,completed
352,DEFAULT_VEHTYPE,1226.0,1433.0,207.0,,1488.166,28.0,53.0,154.0,70.202,,,0.256,0.744,,True,completed
314,DEFAULT_VEHTYPE,1146.0,1437.0,291.0,,2372.969,14.0,51.0,240.0,83.145,,,0.1753,0.8247,,True,completed
359,DEFAULT_VEHTYPE,1248.0,1438.0,190.0,,1456.721,0.0,0.0,190.0,17.302,,,0.0,1.0,,True,completed
382,DEFAULT_VEHTYPE,1291.0,1438.0,147.0,,1469.571,8.0,8.0,139.0,20.128,,,0.0544,0.9456,,True,completed
414,DEFAULT_VEHTYPE,1360.0,1439.0,79.0,,851.785,0.0,0.0,79.0,6.062,,,0.0,1.0,,True,completed
413,DEFAULT_VEHTYPE,1351.0,1440.0,89.0,,856.108,0.0,0.0,89.0,7.395,,,0.0,1.0,,True,completed
401,DEFAULT_VEHTYPE,1329.0,1441.0,112.0,,1193.535,2.0,2.0,110.0,14.809,,,0.0179,0.9821,,True,completed
360,DEFAULT_VEHTYPE,1249.0,1443.0,194.0,,1493.506,17.0,35.0,159.0,55.351,,,0.1804,0.8196,,True,completed
371,DEFAULT_VEHTYPE,1276.0,1443.0,167.0,,1491.12,18.0,18.0,149.0,31.563,,,0.1078,0.8922,,True,completed
332,DEFAULT_VEHTYPE,1188.0,1447.0,259.0,,2079.99,21.0,29.0,230.0,53.695,,,0.112,0.888,,True,completed
369,DEFAULT_VEHTYPE,1273.0,1448.0,175.0,,1781.996,0.0,3.0,172.0,21.754,,,0.0171,0.9829,,True,completed
367,DEFAULT_VEHTYPE,1272.0,1451.0,179.0,,1740.273,8.0,10.0,169.0,27.216,,,0.0559,0.9441,,True,completed
379,DEFAULT_VEHTYPE,1289.0,1451.0,162.0,,1491.27,0.0,0.0,162.0,10.132,,,0.0,1.0,,True,completed
418,DEFAULT_VEHTYPE,1375.0,1451.0,76.0,,891.856,0.0,0.0,76.0,8.888,,,0.0,1.0,,True,completed
394,DEFAULT_VEHTYPE,1320.0,1458.0,138.0,,1456.809,0.0,0.0,138.0,17.774,,,0.0,1.0,,True,completed
348,DEFAULT_VEHTYPE,1219.0,1460.0,241.0,,2373.194,0.0,0.0,241.0,15.433,,,0.0,1.0,,True,completed
383,DEFAULT_VEHTYPE,1295.0,1460.0,165.0,,1458.207,2.0,4.0,161.0,22.344,,,0.0242,0.9758,,True,completed
366,DEFAULT_VEHTYPE,1270.0,1464.0,194.0,,1495.197,7.0,34.0,160.0,55.518,,,0.1753,0.8247,,True,completed
419,DEFAULT_VEHTYPE,1383.0,1465.0,82.0,,853.895,0.0,0.0,82.0,7.072,,,0.0,1.0,,True,completed
400,DEFAULT_VEHTYPE,1327.0,1468.0,141.0,,1187.374,0.0,0.0,141.0,12.892,,,0.0,1.0,,True,completed
363,DEFAULT_VEHTYPE,1260.0,1469.0,209.0,,2094.548,2.0,2.0,207.0,27.806,,,0.0096,0.9904,,True,completed
388,DEFAULT_VEHTYPE,1310.0,1471.0,161.0,,1775.874,0.0,0.0,161.0,12.931,,,0.0,1.0,,True,completed
395,DEFAULT_VEHTYPE,1322.0,1473.0,151.0,,1494.459,0.0,0.0,151.0,10.201,,,0.0,1.0,,True,completed
410,DEFAULT_VEHTYPE,1350.0,1473.0,123.0,,1191.264,1.0,1.0,122.0,12.132,,,0.0081,0.9919,,True,completed
364,DEFAULT_VEHTYPE,1262.0,1474.0,212.0,,2077.495,0.0,0.0,212.0,18.634,,,0.0,1.0,,True,completed
373,DEFAULT_VEHTYPE,1277.0,1475.0,198.0,,1781.46,16.0,32.0,166.0,54.732,,,0.1616,0.8384,,True,completed
378,DEFAULT_VEHTYPE,1289.0,1477.0,188.0,,1777.331,0.0,1.0,187.0,17.499,,,0.0053,0.9947,,True,completed
433,DEFAULT_VEHTYPE,1410.0,1478.0,68.0,,568.012,0.0,0.0,68.0,5.274,,,0.0,1.0,,True,completed
387,DEFAULT_VEHTYPE,1307.0,1480.0,173.0,,1781.794,6.0,9.0,164.0,28.744,,,0.052,0.948,,True,completed
374,DEFAULT_VEHTYPE,1281.0,1481.0,200.0,,1772.859,10.0,23.0,177.0,46.091,,,0.115,0.885,,True,completed
386,DEFAULT_VEHTYPE,1306.0,1484.0,178.0,,1455.751,3.0,3.0,175.0,18.163,,,0.0169,0.9831,,True,completed
431,DEFAULT_VEHTYPE,1400.0,1487.0,87.0,,867.974,0.0,0.0,87.0,6.556,,,0.0,1.0,,True,completed
391,DEFAULT_VEHTYPE,1313.0,1488.0,175.0,,1789.961,10.0,12.0,163.0,35.234,,,0.0686,0.9314,,True,completed
406,DEFAULT_VEHTYPE,1344.0,1489.0,145.0,,1474.83,4.0,7.0,138.0,26.986,,,0.0483,0.9517,,True,completed
380,DEFAULT_VEHTYPE,1290.0,1495.0,205.0,,1778.203,2.0,11.0,194.0,30.502,,,0.0537,0.9463,,True,completed
399,DEFAULT_VEHTYPE,1325.0,1498.0,173.0,,1772.634,5.0,5.0,168.0,20.333,,,0.0289,0.9711,,True,completed
417,DEFAULT_VEHTYPE,1373.0,1498.0,125.0,,1190.275,21.0,21.0,104.0,35.223,,,0.168,0.832,,True,completed
393,DEFAULT_VEHTYPE,1319.0,1502.0,183.0,,1778.457,3.0,3.0,180.0,18.841,,,0.0164,0.9836,,True,completed
420,DEFAULT_VEHTYPE,1384.0,1506.0,122.0,,1188.358,0.0,0.0,122.0,16.108,,,0.0,1.0,,True,completed
350,DEFAULT_VEHTYPE,1220.0,1507.0,287.0,,2372.69,10.0,20.0,267.0,49.084,,,0.0697,0.9303,,True,completed
429,DEFAULT_VEHTYPE,1395.0,1507.0,112.0,,1184.63,0.0,0.0,112.0,16.65,,,0.0,1.0,,True,completed
422,DEFAULT_VEHTYPE,1386.0,1511.0,125.0,,1190.84,4.0,4.0,121.0,17.352,,,0.032,0.968,,True,completed
412,DEFAULT_VEHTYPE,1352.0,1514.0,162.0,,1467.11,5.0,5.0,157.0,34.104,,,0.0309,0.9691,,True,completed
411,DEFAULT_VEHTYPE,1350.0,1515.0,165.0,,1471.685,5.0,5.0,160.0,23.326,,,0.0303,0.9697,,True,completed
454,DEFAULT_VEHTYPE,1454.0,1518.0,64.0,,569.898,0.0,0.0,64.0,5.187,,,0.0,1.0,,True,completed
377,DEFAULT_VEHTYPE,1288.0,1527.0,239.0,,2089.677,14.0,43.0,196.0,68.8,,,0.1799,0.8201,,True,completed
424,DEFAULT_VEHTYPE,1388.0,1529.0,141.0,,1453.621,0.0,0.0,141.0,12.888,,,0.0,1.0,,True,completed
396,DEFAULT_VEHTYPE,1322.0,1534.0,212.0,,1771.725,4.0,22.0,190.0,41.22,,,0.1038,0.8962,,True,completed
405,DEFAULT_VEHTYPE,1343.0,1538.0,195.0,,2094.596,0.0,7.0,188.0,27.882,,,0.0359,0.9641,,True,completed
392,DEFAULT_VEHTYPE,1315.0,1541.0,226.0,,1793.985,16.0,46.0,180.0,66.574,,,0.2035,0.7965,,True,completed
464,DEFAULT_VEHTYPE,1477.0,1541.0,64.0,,568.29,0.0,0.0,64.0,5.292,,,0.0,1.0,,True,completed
434,DEFAULT_VEHTYPE,1412.0,1546.0,134.0,,1471.603,0.0,0.0,134.0,13.721,,,0.0,1.0,,True,completed
397,DEFAULT_VEHTYPE,1322.0,1549.0,227.0,,2072.461,20.0,38.0,189.0,61.675,,,0.1674,0.8326,,True,completed
452,DEFAULT_VEHTYPE,1453.0,1550.0,97.0,,850.349,0.0,0.0,97.0,7.963,,,0.0,1.0,,True,completed
389,DEFAULT_VEHTYPE,1311.0,1553.0,242.0,,2095.535,13.0,19.0,223.0,50.876,,,0.0785,0.9215,,True,completed
402,DEFAULT_VEHTYPE,1329.0,1553.0,224.0,,2094.792,0.0,11.0,213.0,33.697,,,0.0491,0.9509,,True,completed
437,DEFAULT_VEHTYPE,1417.0,1554.0,137.0,,1473.122,0.0,0.0,137.0,9.109,,,0.0,1.0,,True,completed
416,DEFAULT_VEHTYPE,1365.0,1556.0,191.0,,1489.383,21.0,24.0,167.0,44.015,,,0.1257,0.8743,,True,completed
428,DEFAULT_VEHTYPE,1394.0,1556.0,162.0,,1775.76,0.0,0.0,162.0,11.193,,,0.0,1.0,,True,completed
461,DEFAULT_VEHTYPE,1472.0,1556.0,84.0,,569.668,0.0,0.0,84.0,10.314,,,0.0,1.0,,True,completed
421,DEFAULT_VEHTYPE,1385.0,1560.0,175.0,,1774.997,3.0,3.0,172.0,19.005,,,0.0171,0.9829,,True,completed
368,DEFAULT_VEHTYPE,1272.0,1563.0,291.0,,2379.285,16.0,41.0,250.0,77.08,,,0.1409,0.8591,,True,completed
442,DEFAULT_VEHTYPE,1431.0,1564.0,133.0,,1461.288,11.0,11.0,122.0,24.494,,,0.0827,0.9173,,True,completed
462,DEFAULT_VEHTYPE,1473.0,1571.0,98.0,,885.745,0.0,0.0,98.0,6.497,,,0.0,1.0,,True,completed
403,DEFAULT_VEHTYPE,1333.0,1573.0,240.0,,2078.165,9.0,23.0,217.0,46.675,,,0.0958,0.9042,,True,completed
409,DEFAULT_VEHTYPE,1348.0,1576.0,228.0,,1777.414,12.0,32.0,196.0,52.59,,,0.1404,0.8596,,True,completed
465,DEFAULT_VEHTYPE,1478.0,1583.0,105.0,,890.124,1.0,1.0,104.0,11.93,,,0.0095,0.9905,,True,completed
486,DEFAULT_VEHTYPE,1505.0,1583.0,78.0,,848.188,0.0,0.0,78.0,7.826,,,0.0,1.0,,True,completed
468,DEFAULT_VEHTYPE,1486.0,1585.0,99.0,,885.52,2.0,2.0,97.0,13.21,,,0.0202,0.9798,,True,completed
505,DEFAULT_VEHTYPE,1538.0,1585.0,47.0,,585.325,0.0,0.0,47.0,2.405,,,0.0,1.0,,True,completed
423,DEFAULT_VEHTYPE,1387.0,1602.0,215.0,,1771.403,10.0,29.0,186.0,55.887,,,0.1349,0.8651,,True,completed
474,DEFAULT_VEHTYPE,1492.0,1602.0,110.0,,1190.298,1.0,1.0,109.0,11.602,,,0.0091,0.9909,,True,completed
432,DEFAULT_VEHTYPE,1402.0,1606.0,204.0,,1794.002,7.0,7.0,197.0,23.781,,,0.0343,0.9657,,True,completed
518,DEFAULT_VEHTYPE,1554.0,1612.0,58.0,,569.887,0.0,0.0,58.0,4.164,,,0.0,1.0,,True,completed
451,DEFAULT_VEHTYPE,1451.0,1614.0,163.0,,1779.621,0.0,0.0,163.0,26.61,,,0.0,1.0,,True,completed
506,DEFAULT_VEHTYPE,1539.0,1614.0,75.0,,894.389,0.0,0.0,75.0,4.012,,,0.0,1.0,,True,completed
441,DEFAULT_VEHTYPE,1431.0,1615.0,184.0,,1473.898,9.0,16.0,168.0,38.019,,,0.087,0.913,,True,completed
443,DEFAULT_VEHTYPE,1436.0,1618.0,182.0,,1793.308,13.0,13.0,169.0,31.075,,,0.0714,0.9286,,True,completed
430,DEFAULT_VEHTYPE,1396.0,1620.0,224.0,,2071.55,4.0,10.0,214.0,46.802,,,0.0446,0.9554,,True,completed
504,DEFAULT_VEHTYPE,1537.0,1620.0,83.0,,873.482,0.0,0.0,83.0,5.072,,,0.0,1.0,,True,completed
415,DEFAULT_VEHTYPE,1364.0,1622.0,258.0,,2071.72,1.0,48.0,210.0,72.217,,,0.186,0.814,,True,completed
427,DEFAULT_VEHTYPE,1393.0,1623.0,230.0,,2069.657,5.0,11.0,219.0,33.957,,,0.0478,0.9522,,True,completed
481,DEFAULT_VEHTYPE,1500.0,1623.0,123.0,,1185.813,2.0,2.0,121.0,14.226,,,0.0163,0.9837,,True,completed
449,DEFAULT_VEHTYPE,1447.0,1624.0,177.0,,1471.005,22.0,22.0,155.0,41.551,,,0.1243,0.8757,,True,completed
439,DEFAULT_VEHTYPE,1421.0,1627.0,206.0,,1779.571,42.0,42.0,164.0,56.733,,,0.2039,0.7961,,True,completed
426,DEFAULT_VEHTYPE,1393.0,1629.0,236.0,,2091.086,4.0,4.0,232.0,23.154,,,0.0169,0.9831,,True,completed
480,DEFAULT_VEHTYPE,1500.0,1630.0,130.0,,1194.708,0.0,0.0,130.0,19.195,,,0.0,1.0,,True,completed
498,DEFAULT_VEHTYPE,1530.0,1631.0,101.0,,895.068,6.0,6.0,95.0,25.196,,,0.0594,0.9406,,True,completed
445,DEFAULT_VEHTYPE,1441.0,1632.0,191.0,,1776.42,13.0,13.0,178.0,29.085,,,0.0681,0.9319,,True,completed
398,DEFAULT_VEHTYPE,1323.0,1633.0,310.0,,2371.603,1.0,39.0,271.0,70.322,,,0.1258,0.8742,,True,completed
446,DEFAULT_VEHTYPE,1442.0,1633.0,191.0,,1742.915,12.0,12.0,179.0,30.544,,,0.0628,0.9372,,True,completed
453,DEFAULT_VEHTYPE,1453.0,1635.0,182.0,,1489.188,3.0,12.0,170.0,35.32,,,0.0659,0.9341,,True,completed
476,DEFAULT_VEHTYPE,1494.0,1635.0,141.0,,1473.883,2.0,2.0,139.0,15.667,,,0.0142,0.9858,,True,completed
527,DEFAULT_VEHTYPE,1566.0,1635.0,69.0,,883.663,0.0,0.0,69.0,3.805,,,0.0,1.0,,True,completed
447,DEFAULT_VEHTYPE,1443.0,1636.0,193.0,,1791.337,10.0,11.0,182.0,29.829,,,0.057,0.943,,True,completed
463,DEFAULT_VEHTYPE,1474.0,1638.0,164.0,,1488.215,0.0,4.0,160.0,19.75,,,0.0244,0.9756,,True,completed
435,DEFAULT_VEHTYPE,1415.0,1641.0,226.0,,1476.677,24.0,34.0,192.0,55.688,,,0.1504,0.8496,,True,completed
525,DEFAULT_VEHTYPE,1561.0,1643.0,82.0,,856.953,0.0,0.0,82.0,6.969,,,0.0,1.0,,True,completed
438,DEFAULT_VEHTYPE,1417.0,1651.0,234.0,,1777.586,11.0,11.0,223.0,31.336,,,0.047,0.953,,True,completed
466,DEFAULT_VEHTYPE,1483.0,1651.0,168.0,,1493.375,0.0,6.0,162.0,19.903,,,0.0357,0.9643,,True,completed
467,DEFAULT_VEHTYPE,1485.0,1655.0,170.0,,1491.877,0.0,3.0,167.0,19.092,,,0.0176,0.9824,,True,completed
510,DEFAULT_VEHTYPE,1541.0,1659.0,118.0,,1160.117,0.0,0.0,118.0,8.29,,,0.0,1.0,,True,completed
459,DEFAULT_VEHTYPE,1468.0,1662.0,194.0,,1742.129,0.0,0.0,194.0,19.217,,,0.0,1.0,,True,completed
479,DEFAULT_VEHTYPE,1499.0,1662.0,163.0,,1190.162,21.0,21.0,142.0,36.693,,,0.1288,0.8712,,True,completed
457,DEFAULT_VEHTYPE,1462.0,1667.0,205.0,,1774.534,3.0,8.0,197.0,30.34,,,0.039,0.961,,True,completed
482,DEFAULT_VEHTYPE,1501.0,1671.0,170.0,,1470.534,30.0,30.0,140.0,43.724,,,0.1765,0.8235,,True,completed
528,DEFAULT_VEHTYPE,1566.0,1672.0,106.0,,1182.305,11.0,11.0,95.0,20.609,,,0.1038,0.8962,,True,completed
444,DEFAULT_VEHTYPE,1438.0,1678.0,240.0,,1745.154,24.0,34.0,206.0,59.455,,,0.1417,0.8583,,True,completed
436,DEFAULT_VEHTYPE,1415.0,1681.0,266.0,,2076.629,1.0,34.0,232.0,75.141,,,0.1278,0.8722,,True,completed
514,DEFAULT_VEHTYPE,1548.0,1681.0,133.0,,1175.203,15.0,15.0,118.0,27.261,,,0.1128,0.8872,,True,completed
552,DEFAULT_VEHTYPE,1602.0,1682.0,80.0,,870.034,0.0,0.0,80.0,5.489,,,0.0,1.0,,True,completed
515,DEFAULT_VEHTYPE,1549.0,1683.0,134.0,,1188.944,6.0,6.0,128.0,22.643,,,0.0448,0.9552,,True,completed
546,DEFAULT_VEHTYPE,1593.0,1683.0,90.0,,888.615,0.0,0.0,90.0,5.443,,,0.0,1.0,,True,completed
495,DEFAULT_VEHTYPE,1524.0,1684.0,160.0,,1493.625,0.0,0.0,160.0,17.798,,,0.0,1.0,,True,completed
425,DEFAULT_VEHTYPE,1392.0,1685.0,293.0,,2381.151,1.0,4.0,289.0,33.54,,,0.0137,0.9863,,True,completed
487,DEFAULT_VEHTYPE,1507.0,1685.0,178.0,,1493.366,7.0,20.0,158.0,43.624,,,0.1124,0.8876,,True,completed
524,DEFAULT_VEHTYPE,1560.0,1686.0,126.0,,1195.734,0.0,0.0,126.0,8.046,,,0.0,1.0,,True,completed
455,DEFAULT_VEHTYPE,1457.0,1687.0,230.0,,1781.69,15.0,23.0,207.0,49.96,,,0.1,0.9,,True,completed
493,DEFAULT_VEHTYPE,1518.0,1687.0,169.0,,1475.023,8.0,8.0,161.0,28.696,,,0.0473,0.9527,,True,completed
499,DEFAULT_VEHTYPE,1531.0,1687.0,156.0,,1739.856,1.0,1.0,155.0,28.306,,,0.0064,0.9936,,True,completed
530,DEFAULT_VEHTYPE,1571.0,1687.0,116.0,,1193.682,2.0,2.0,114.0,13.974,,,0.0172,0.9828,,True,completed
485,DEFAULT_VEHTYPE,1504.0,1688.0,184.0,,1773.659,0.0,0.0,184.0,16.329,,,0.0,1.0,,True,completed
440,DEFAULT_VEHTYPE,1428.0,1689.0,261.0,,2375.283,12.0,27.0,234.0,46.697,,,0.1034,0.8966,,True,completed
473,DEFAULT_VEHTYPE,1491.0,1689.0,198.0,,2071.677,0.0,0.0,198.0,33.299,,,0.0,1.0,,True,completed
472,DEFAULT_VEHTYPE,1488.0,1690.0,202.0,,1778.605,38.0,38.0,164.0,57.441,,,0.1881,0.8119,,True,completed
478,DEFAULT_VEHTYPE,1497.0,1691.0,194.0,,2074.551,0.0,8.0,186.0,29.973,,,0.0412,0.9588,,True,completed
448,DEFAULT_VEHTYPE,1447.0,1692.0,245.0,,1773.617,51.0,67.0,178.0,86.748,,,0.2735,0.7265,,True,completed
469,DEFAULT_VEHTYPE,1486.0,1694.0,208.0,,1747.666,0.0,24.0,184.0,46.089,,,0.1154,0.8846,,True,completed
507,DEFAULT_VEHTYPE,1540.0,1695.0,155.0,,1157.743,9.0,9.0,146.0,24.308,,,0.0581,0.9419,,True,completed
523,DEFAULT_VEHTYPE,1559.0,1698.0,139.0,,1157.237,0.0,0.0,139.0,11.508,,,0.0,1.0,,True,completed
509,DEFAULT_VEHTYPE,1541.0,1707.0,166.0,,1493.042,0.0,0.0,166.0,11.306,,,0.0,1.0,,True,completed
555,DEFAULT_VEHTYPE,1603.0,1707.0,104.0,,1169.75,0.0,0.0,104.0,6.56,,,0.0,1.0,,True,completed
526,DEFAULT_VEHTYPE,1562.0,1712.0,150.0,,1178.919,30.0,30.0,120.0,46.092,,,0.2,0.8,,True,completed
502,DEFAULT_VEHTYPE,1534.0,1714.0,180.0,,1794.395,0.0,1.0,179.0,12.934,,,0.0056,0.9944,,True,completed
512,DEFAULT_VEHTYPE,1546.0,1714.0,168.0,,1487.814,14.0,21.0,147.0,38.502,,,0.125,0.875,,True,completed
553,DEFAULT_VEHTYPE,1603.0,1716.0,113.0,,1170.71,0.0,0.0,113.0,10.8,,,0.0,1.0,,True,completed
557,DEFAULT_VEHTYPE,1607.0,1718.0,111.0,,1151.731,0.0,0.0,111.0,10.269,,,0.0,1.0,,True,completed
492,DEFAULT_VEHTYPE,1513.0,1719.0,206.0,,1778.414,2.0,9.0,197.0,28.645,,,0.0437,0.9563,,True,completed
477,DEFAULT_VEHTYPE,1495.0,1720.0,225.0,,1781.292,11.0,27.0,198.0,56.413,,,0.12,0.88,,True,completed
585,DEFAULT_VEHTYPE,1656.0,1720.0,64.0,,588.503,0.0,0.0,64.0,3.709,,,0.0,1.0,,True,completed
543,DEFAULT_VEHTYPE,1591.0,1721.0,130.0,,1192.563,0.0,0.0,130.0,8.415,,,0.0,1.0,,True,completed
458,DEFAULT_VEHTYPE,1467.0,1722.0,255.0,,2382.44,9.0,13.0,242.0,49.095,,,0.051,0.949,,True,completed
491,DEFAULT_VEHTYPE,1513.0,1723.0,210.0,,1775.613,25.0,25.0,185.0,44.278,,,0.119,0.881,,True,completed
508,DEFAULT_VEHTYPE,1541.0,1726.0,185.0,,1496.942,19.0,19.0,166.0,35.226,,,0.1027,0.8973,,True,completed
503,DEFAULT_VEHTYPE,1535.0,1727.0,192.0,,1740.837,2.0,2.0,190.0,18.635,,,0.0104,0.9896,,True,completed
470,DEFAULT_VEHTYPE,1486.0,1728.0,242.0,,2379.014,0.0,0.0,242.0,18.858,,,0.0,1.0,,True,completed
577,DEFAULT_VEHTYPE,1650.0,1728.0,78.0,,847.842,0.0,0.0,78.0,5.428,,,0.0,1.0,,True,completed
483,DEFAULT_VEHTYPE,1503.0,1729.0,226.0,,1776.394,0.0,0.0,226.0,18.667,,,0.0,1.0,,True,completed
501,DEFAULT_VEHTYPE,1534.0,1730.0,196.0,,2072.257,7.0,7.0,189.0,27.445,,,0.0357,0.9643,,True,completed
490,DEFAULT_VEHTYPE,1510.0,1731.0,221.0,,2079.757,0.0,9.0,212.0,45.547,,,0.0407,0.9593,,True,completed
561,DEFAULT_VEHTYPE,1612.0,1731.0,119.0,,1171.695,0.0,0.0,119.0,8.174,,,0.0,1.0,,True,completed
488,DEFAULT_VEHTYPE,1507.0,1732.0,225.0,,1781.424,9.0,44.0,181.0,63.886,,,0.1956,0.8044,,True,completed
489,DEFAULT_VEHTYPE,1508.0,1734.0,226.0,,2073.0,0.0,0.0,226.0,23.018,,,0.0,1.0,,True,completed
539,DEFAULT_VEHTYPE,1586.0,1734.0,148.0,,1478.032,0.0,0.0,148.0,10.793,,,0.0,1.0,,True,completed
550,DEFAULT_VEHTYPE,1601.0,1734.0,133.0,,1191.181,7.0,7.0,126.0,20.264,,,0.0526,0.9474,,True,completed
484,DEFAULT_VEHTYPE,1503.0,1735.0,232.0,,1778.051,4.0,37.0,195.0,65.688,,,0.1595,0.8405,,True,completed
471,DEFAULT_VEHTYPE,1487.0,1743.0,256.0,,2090.776,50.0,50.0,206.0,67.549,,,0.1953,0.8047,,True,completed
564,DEFAULT_VEHTYPE,1615.0,1743.0,128.0,,1484.445,0.0,0.0,128.0,10.185,,,0.0,1.0,,True,completed
496,DEFAULT_VEHTYPE,1526.0,1744.0,218.0,,1773.71,0.0,0.0,218.0,16.777,,,0.0,1.0,,True,completed
516,DEFAULT_VEHTYPE,1550.0,1744.0,194.0,,1773.895,0.0,1.0,193.0,14.767,,,0.0052,0.9948,,True,completed
594,DEFAULT_VEHTYPE,1663.0,1745.0,82.0,,886.5,0.0,0.0,82.0,4.316,,,0.0,1.0,,True,completed
475,DEFAULT_VEHTYPE,1493.0,1747.0,254.0,,2072.894,12.0,20.0,234.0,48.68,,,0.0787,0.9213,,True,completed
538,DEFAULT_VEHTYPE,1582.0,1747.0,165.0,,1175.892,25.0,65.0,100.0,80.235,,,0.3939,0.6061,,True,completed
536,DEFAULT_VEHTYPE,1579.0,1748.0,169.0,,1770.101,2.0,2.0,167.0,16.867,,,0.0118,0.9882,,True,completed
460,DEFAULT_VEHTYPE,1469.0,1754.0,285.0,,2072.562,2.0,27.0,258.0,56.859,,,0.0947,0.9053,,True,completed
541,DEFAULT_VEHTYPE,1590.0,1756.0,166.0,,1495.286,4.0,4.0,162.0,23.228,,,0.0241,0.9759,,True,completed
456,DEFAULT_VEHTYPE,1458.0,1757.0,299.0,,1747.282,64.0,98.0,201.0,119.49,,,0.3278,0.6722,,True,completed
517,DEFAULT_VEHTYPE,1551.0,1757.0,206.0,,1741.92,0.0,0.0,206.0,15.706,,,0.0,1.0,,True,completed
500,DEFAULT_VEHTYPE,1533.0,1759.0,226.0,,1772.803,69.0,69.0,157.0,84.104,,,0.3053,0.6947,,True,completed
590,DEFAULT_VEHTYPE,1659.0,1761.0,102.0,,888.025,13.0,13.0,89.0,27.735,,,0.1275,0.8725,,True,completed
615,DEFAULT_VEHTYPE,1691.0,1762.0,71.0,,570.788,0.0,0.0,71.0,6.148,,,0.0,1.0,,True,completed
551,DEFAULT_VEHTYPE,1602.0,1764.0,162.0,,1490.446,9.0,9.0,153.0,22.68,,,0.0556,0.9444,,True,completed
559,DEFAULT_VEHTYPE,1607.0,1770.0,163.0,,1742.833,0.0,0.0,163.0,14.932,,,0.0,1.0,,True,completed
563,DEFAULT_VEHTYPE,1613.0,1774.0,161.0,,1745.218,0.0,0.0,161.0,11.25,,,0.0,1.0,,True,completed
596,DEFAULT_VEHTYPE,1665.0,1774.0,109.0,,1187.295,5.0,5.0,104.0,15.873,,,0.0459,0.9541,,True,completed
450,DEFAULT_VEHTYPE,1448.0,1775.0,327.0,,2376.536,1.0,62.0,265.0,96.926,,,0.1896,0.8104,,True,completed
521,DEFAULT_VEHTYPE,1556.0,1775.0,219.0,,1776.605,5.0,17.0,202.0,44.373,,,0.0776,0.9224,,True,completed
529,DEFAULT_VEHTYPE,1567.0,1775.0,208.0,,1791.254,5.0,17.0,191.0,37.175,,,0.0817,0.9183,,True,completed
568,DEFAULT_VEHTYPE,1631.0,1778.0,147.0,,1176.52,2.0,10.0,137.0,28.544,,,0.068,0.932,,True,completed
570,DEFAULT_VEHTYPE,1633.0,1778.0,145.0,,1173.195,0.0,6.0,139.0,32.446,,,0.0414,0.9586,,True,completed
519,DEFAULT_VEHTYPE,1555.0,1779.0,224.0,,2082.01,0.0,0.0,224.0,22.64,,,0.0,1.0,,True,completed
545,DEFAULT_VEHTYPE,1593.0,1779.0,186.0,,1491.589,11.0,16.0,170.0,33.572,,,0.086,0.914,,True,completed
531,DEFAULT_VEHTYPE,1571.0,1780.0,209.0,,1775.657,1.0,8.0,201.0,30.007,,,0.0383,0.9617,,True,completed
520,DEFAULT_VEHTYPE,1556.0,1781.0,225.0,,2076.481,10.0,14.0,211.0,36.835,,,0.0622,0.9378,,True,completed
562,DEFAULT_VEHTYPE,1612.0,1784.0,172.0,,1486.719,5.0,13.0,159.0,31.184,,,0.0756,0.9244,,True,completed
612,DEFAULT_VEHTYPE,1686.0,1785.0,99.0,,874.475,3.0,3.0,96.0,14.89,,,0.0303,0.9697,,True,completed
607,DEFAULT_VEHTYPE,1682.0,1789.0,107.0,,1157.217,0.0,0.0,107.0,8.417,,,0.0,1.0,,True,completed
533,DEFAULT_VEHTYPE,1575.0,1793.0,218.0,,1748.051,42.0,42.0,176.0,58.941,,,0.1927,0.8073,,True,completed
623,DEFAULT_VEHTYPE,1701.0,1794.0,93.0,,890.716,6.0,6.0,87.0,16.734,,,0.0645,0.9355,,True,completed
628,DEFAULT_VEHTYPE,1711.0,1798.0,87.0,,856.395,0.0,0.0,87.0,7.031,,,0.0,1.0,,True,completed
579,DEFAULT_VEHTYPE,1651.0,1802.0,151.0,,1173.031,29.0,29.0,122.0,44.867,,,0.1921,0.8079,,True,completed
645,DEFAULT_VEHTYPE,1730.0,1802.0,72.0,,587.453,11.0,11.0,61.0,19.125,,,0.1528,0.8472,,True,completed
587,DEFAULT_VEHTYPE,1658.0,1808.0,150.0,,1490.22,6.0,6.0,144.0,18.164,,,0.04,0.96,,True,completed
511,DEFAULT_VEHTYPE,1545.0,1811.0,266.0,,2374.239,18.0,21.0,245.0,80.559,,,0.0789,0.9211,,True,completed
569,DEFAULT_VEHTYPE,1633.0,1812.0,179.0,,1776.249,4.0,5.0,174.0,36.427,,,0.0279,0.9721,,True,completed
497,DEFAULT_VEHTYPE,1528.0,1814.0,286.0,,2377.916,20.0,27.0,259.0,60.688,,,0.0944,0.9056,,True,completed
558,DEFAULT_VEHTYPE,1607.0,1814.0,207.0,,1779.056,5.0,11.0,196.0,41.385,,,0.0531,0.9469,,True,completed
560,DEFAULT_VEHTYPE,1609.0,1815.0,206.0,,1486.94,5.0,36.0,170.0,62.952,,,0.1748,0.8252,,True,completed
638,DEFAULT_VEHTYPE,1726.0,1817.0,91.0,,853.082,0.0,0.0,91.0,7.053,,,0.0,1.0,,True,completed
548,DEFAULT_VEHTYPE,1597.0,1818.0,221.0,,1794.004,22.0,41.0,180.0,90.05,,,0.1855,0.8145,,True,completed
522,DEFAULT_VEHTYPE,1557.0,1820.0,263.0,,2093.869,4.0,4.0,259.0,29.932,,,0.0152,0.9848,,True,completed
634,DEFAULT_VEHTYPE,1716.0,1820.0,104.0,,886.299,17.0,17.0,87.0,28.798,,,0.1635,0.8365,,True,completed
593,DEFAULT_VEHTYPE,1662.0,1822.0,160.0,,1493.264,0.0,0.0,160.0,14.138,,,0.0,1.0,,True,completed
626,DEFAULT_VEHTYPE,1708.0,1822.0,114.0,,869.109,31.0,31.0,83.0,42.503,,,0.2719,0.7281,,True,completed
554,DEFAULT_VEHTYPE,1604.0,1827.0,223.0,,1492.722,33.0,49.0,174.0,70.045,,,0.2197,0.7803,,True,completed
605,DEFAULT_VEHTYPE,1681.0,1827.0,146.0,,1193.95,1.0,6.0,140.0,22.943,,,0.0411,0.9589,,True,completed
547,DEFAULT_VEHTYPE,1595.0,1829.0,234.0,,2071.732,19.0,21.0,213.0,51.846,,,0.0897,0.9103,,True,completed
589,DEFAULT_VEHTYPE,1659.0,1830.0,171.0,,1471.421,10.0,24.0,147.0,40.263,,,0.1404,0.8596,,True,completed
646,DEFAULT_VEHTYPE,1732.0,1830.0,98.0,,872.853,0.0,0.0,98.0,6.744,,,0.0,1.0,,True,completed
540,DEFAULT_VEHTYPE,1588.0,1831.0,243.0,,2373.754,4.0,8.0,235.0,44.13,,,0.0329,0.9671,,True,completed
571,DEFAULT_VEHTYPE,1633.0,1831.0,198.0,,1774.262,0.0,8.0,190.0,32.886,,,0.0404,0.9596,,True,completed
613,DEFAULT_VEHTYPE,1687.0,1831.0,144.0,,1473.248,4.0,4.0,140.0,18.553,,,0.0278,0.9722,,True,completed
619,DEFAULT_VEHTYPE,1697.0,1831.0,134.0,,1174.193,10.0,13.0,121.0,26.805,,,0.097,0.903,,True,completed
513,DEFAULT_VEHTYPE,1547.0,1832.0,285.0,,1779.207,54.0,54.0,231.0,77.058,,,0.1895,0.8105,,True,completed
494,DEFAULT_VEHTYPE,1523.0,1834.0,311.0,,2375.207,7.0,60.0,251.0,87.681,,,0.1929,0.8071,,True,completed
532,DEFAULT_VEHTYPE,1572.0,1834.0,262.0,,1490.607,36.0,97.0,165.0,122.21,,,0.3702,0.6298,,True,completed
534,DEFAULT_VEHTYPE,1576.0,1834.0,258.0,,1774.019,0.0,45.0,213.0,66.04,,,0.1744,0.8256,,True,completed
633,DEFAULT_VEHTYPE,1713.0,1835.0,122.0,,1150.675,2.0,2.0,120.0,21.945,,,0.0164,0.9836,,True,completed
625,DEFAULT_VEHTYPE,1707.0,1836.0,129.0,,1156.043,2.0,2.0,127.0,16.8,,,0.0155,0.9845,,True,completed
629,DEFAULT_VEHTYPE,1711.0,1838.0,127.0,,1175.684,11.0,11.0,116.0,22.437,,,0.0866,0.9134,,True,completed
535,DEFAULT_VEHTYPE,1578.0,1839.0,261.0,,2070.996,5.0,31.0,230.0,60.085,,,0.1188,0.8812,,True,completed
664,DEFAULT_VEHTYPE,1755.0,1840.0,85.0,,591.057,29.0,29.0,56.0,37.939,,,0.3412,0.6588,,True,completed
556,DEFAULT_VEHTYPE,1605.0,1842.0,237.0,,1780.9,39.0,57.0,180.0,76.689,,,0.2405,0.7595,,True,completed
565,DEFAULT_VEHTYPE,1616.0,1843.0,227.0,,2077.607,8.0,13.0,214.0,39.296,,,0.0573,0.9427,,True,completed
586,DEFAULT_VEHTYPE,1658.0,1844.0,186.0,,1490.226,12.0,24.0,162.0,48.171,,,0.129,0.871,,True,completed
601,DEFAULT_VEHTYPE,1675.0,1845.0,170.0,,1472.273,14.0,32.0,138.0,50.278,,,0.1882,0.8118,,True,completed
622,DEFAULT_VEHTYPE,1699.0,1846.0,147.0,,1472.396,0.0,1.0,146.0,14.795,,,0.0068,0.9932,,True,completed
631,DEFAULT_VEHTYPE,1712.0,1847.0,135.0,,1192.38,6.0,6.0,129.0,21.878,,,0.0444,0.9556,,True,completed
572,DEFAULT_VEHTYPE,1635.0,1849.0,214.0,,1771.792,3.0,10.0,204.0,41.735,,,0.0467,0.9533,,True,completed
602,DEFAULT_VEHTYPE,1676.0,1849.0,173.0,,1495.184,2.0,4.0,169.0,22.821,,,0.0231,0.9769,,True,completed
652,DEFAULT_VEHTYPE,1738.0,1850.0,112.0,,1174.84,0.0,0.0,112.0,10.405,,,0.0,1.0,,True,completed
670,DEFAULT_VEHTYPE,1763.0,1852.0,89.0,,875.944,0.0,0.0,89.0,7.732,,,0.0,1.0,,True,completed
610,DEFAULT_VEHTYPE,1683.0,1857.0,174.0,,1778.67,4.0,4.0,170.0,18.049,,,0.023,0.977,,True,completed
621,DEFAULT_VEHTYPE,1699.0,1857.0,158.0,,1778.651,0.0,0.0,158.0,10.915,,,0.0,1.0,,True,completed
566,DEFAULT_VEHTYPE,1625.0,1859.0,234.0,,1172.227,3.0,96.0,138.0,114.161,,,0.4103,0.5897,,True,completed
718,DEFAULT_VEHTYPE,1805.0,1859.0,54.0,,591.887,0.0,0.0,54.0,3.224,,,0.0,1.0,,True,completed
721,DEFAULT_VEHTYPE,1807.0,1859.0,52.0,,573.452,0.0,0.0,52.0,3.554,,,0.0,1.0,,True,completed
604,DEFAULT_VEHTYPE,1681.0,1861.0,180.0,,1768.36,4.0,6.0,174.0,39.074,,,0.0333,0.9667,,True,completed
614,DEFAULT_VEHTYPE,1690.0,1862.0,172.0,,1778.461,2.0,2.0,170.0,17.314,,,0.0116,0.9884,,True,completed
627,DEFAULT_VEHTYPE,1709.0,1863.0,154.0,,1467.301,7.0,7.0,147.0,22.326,,,0.0455,0.9545,,True,completed
591,DEFAULT_VEHTYPE,1661.0,1865.0,204.0,,1777.038,3.0,9.0,195.0,31.749,,,0.0441,0.9559,,True,completed
680,DEFAULT_VEHTYPE,1774.0,1867.0,93.0,,887.594,0.0,0.0,93.0,5.111,,,0.0,1.0,,True,completed
581,DEFAULT_VEHTYPE,1653.0,1868.0,215.0,,2075.585,2.0,33.0,182.0,60.044,,,0.1535,0.8465,,True,completed
611,DEFAULT_VEHTYPE,1685.0,1869.0,184.0,,1194.054,38.0,38.0,146.0,56.942,,,0.2065,0.7935,,True,completed
683,DEFAULT_VEHTYPE,1778.0,1869.0,91.0,,873.71,0.0,0.0,91.0,7.339,,,0.0,1.0,,True,completed
609,DEFAULT_VEHTYPE,1683.0,1870.0,187.0,,1771.127,16.0,18.0,169.0,50.244,,,0.0963,0.9037,,True,completed
542,DEFAULT_VEHTYPE,1590.0,1871.0,281.0,,1792.57,3.0,56.0,225.0,78.213,,,0.1993,0.8007,,True,completed
574,DEFAULT_VEHTYPE,1648.0,1871.0,223.0,,2367.988,1.0,10.0,213.0,37.486,,,0.0448,0.9552,,True,completed
537,DEFAULT_VEHTYPE,1581.0,1874.0,293.0,,2091.539,32.0,63.0,230.0,98.866,,,0.215,0.785,,True,completed
549,DEFAULT_VEHTYPE,1601.0,1875.0,274.0,,2079.918,31.0,42.0,232.0,72.718,,,0.1533,0.8467,,True,completed
688,DEFAULT_VEHTYPE,1783.0,1876.0,93.0,,849.574,0.0,0.0,93.0,7.202,,,0.0,1.0,,True,completed
617,DEFAULT_VEHTYPE,1694.0,1878.0,184.0,,1769.584,18.0,18.0,166.0,31.341,,,0.0978,0.9022,,True,completed
651,DEFAULT_VEHTYPE,1736.0,1880.0,144.0,,1471.27,0.0,0.0,144.0,9.132,,,0.0,1.0,,True,completed
595,DEFAULT_VEHTYPE,1665.0,1881.0,216.0,,2089.499,4.0,9.0,207.0,36.741,,,0.0417,0.9583,,True,completed
588,DEFAULT_VEHTYPE,1659.0,1884.0,225.0,,1794.886,27.0,71.0,154.0,93.524,,,0.3156,0.6844,,True,completed
544,DEFAULT_VEHTYPE,1592.0,1886.0,294.0,,2075.834,23.0,60.0,234.0,91.188,,,0.2041,0.7959,,True,completed
582,DEFAULT_VEHTYPE,1653.0,1887.0,234.0,,1748.27,21.0,36.0,198.0,57.161,,,0.1538,0.8462,,True,completed
715,DEFAULT_VEHTYPE,1805.0,1889.0,84.0,,886.329,0.0,0.0,84.0,8.897,,,0.0,1.0,,True,completed
720,DEFAULT_VEHTYPE,1806.0,1891.0,85.0,,850.493,0.0,0.0,85.0,6.239,,,0.0,1.0,,True,completed
690,DEFAULT_VEHTYPE,1784.0,1892.0,108.0,,893.517,32.0,32.0,76.0,40.309,,,0.2963,0.7037,,True,completed
700,DEFAULT_VEHTYPE,1793.0,1892.0,99.0,,857.881,0.0,0.0,99.0,7.857,,,0.0,1.0,,True,completed
722,DEFAULT_VEHTYPE,1807.0,1892.0,85.0,,856.237,0.0,0.0,85.0,9.132,,,0.0,1.0,,True,completed
575,DEFAULT_VEHTYPE,1649.0,1893.0,244.0,,2079.2,30.0,33.0,211.0,57.02,,,0.1352,0.8648,,True,completed
691,DEFAULT_VEHTYPE,1784.0,1894.0,110.0,,594.215,46.0,46.0,64.0,53.952,,,0.4182,0.5818,,True,completed
608,DEFAULT_VEHTYPE,1682.0,1899.0,217.0,,1778.667,28.0,56.0,161.0,78.823,,,0.2581,0.7419,,True,completed
636,DEFAULT_VEHTYPE,1720.0,1899.0,179.0,,1493.014,17.0,45.0,134.0,60.616,,,0.2514,0.7486,,True,completed
657,DEFAULT_VEHTYPE,1744.0,1899.0,155.0,,1450.961,0.0,0.0,155.0,29.249,,,0.0,1.0,,True,completed
666,DEFAULT_VEHTYPE,1758.0,1903.0,145.0,,1488.967,5.0,6.0,139.0,19.341,,,0.0414,0.9586,,True,completed
640,DEFAULT_VEHTYPE,1727.0,1907.0,180.0,,1742.131,0.0,0.0,180.0,15.408,,,0.0,1.0,,True,completed
744,DEFAULT_VEHTYPE,1826.0,1907.0,81.0,,889.381,0.0,0.0,81.0,4.529,,,0.0,1.0,,True,completed
635,DEFAULT_VEHTYPE,1718.0,1909.0,191.0,,1786.923,8.0,12.0,179.0,30.806,,,0.0628,0.9372,,True,completed
766,DEFAULT_VEHTYPE,1848.0,1909.0,61.0,,591.451,0.0,0.0,61.0,3.95,,,0.0,1.0,,True,completed
618,DEFAULT_VEHTYPE,1696.0,1912.0,216.0,,1794.735,37.0,37.0,179.0,57.419,,,0.1713,0.8287,,True,completed
620,DEFAULT_VEHTYPE,1699.0,1912.0,213.0,,1497.284,37.0,64.0,149.0,85.481,,,0.3005,0.6995,,True,completed
655,DEFAULT_VEHTYPE,1742.0,1912.0,170.0,,1795.093,0.0,2.0,168.0,16.417,,,0.0118,0.9882,,True,completed
598,DEFAULT_VEHTYPE,1668.0,1914.0,246.0,,1493.306,26.0,84.0,162.0,106.494,,,0.3415,0.6585,,True,completed
616,DEFAULT_VEHTYPE,1694.0,1914.0,220.0,,1778.384,6.0,29.0,191.0,53.233,,,0.1318,0.8682,,True,completed
682,DEFAULT_VEHTYPE,1776.0,1914.0,138.0,,1193.269,19.0,32.0,106.0,48.789,,,0.2319,0.7681,,True,completed
773,DEFAULT_VEHTYPE,1853.0,1914.0,61.0,,575.003,0.0,0.0,61.0,4.537,,,0.0,1.0,,True,completed
567,DEFAULT_VEHTYPE,1628.0,1915.0,287.0,,2373.264,25.0,44.0,243.0,91.147,,,0.1533,0.8467,,True,completed
624,DEFAULT_VEHTYPE,1706.0,1915.0,209.0,,1779.388,25.0,46.0,163.0,66.179,,,0.2201,0.7799,,True,completed
597,DEFAULT_VEHTYPE,1668.0,1917.0,249.0,,2071.972,4.0,9.0,240.0,70.053,,,0.0361,0.9639,,True,completed
687,DEFAULT_VEHTYPE,1782.0,1917.0,135.0,,888.866,31.0,36.0,99.0,50.119,,,0.2667,0.7333,,True,completed
573,DEFAULT_VEHTYPE,1639.0,1922.0,283.0,,2074.596,0.0,16.0,267.0,51.817,,,0.0565,0.9435,,True,completed
580,DEFAULT_VEHTYPE,1653.0,1922.0,269.0,,1493.746,39.0,118.0,151.0,136.846,,,0.4387,0.5613,,True,completed
599,DEFAULT_VEHTYPE,1669.0,1922.0,253.0,,2073.748,15.0,50.0,203.0,86.669,,,0.1976,0.8024,,True,completed
637,DEFAULT_VEHTYPE,1723.0,1922.0,199.0,,1494.901,26.0,26.0,173.0,41.846,,,0.1307,0.8693,,True,completed
738,DEFAULT_VEHTYPE,1820.0,1922.0,102.0,,1189.184,0.0,0.0,102.0,5.585,,,0.0,1.0,,True,completed
739,DEFAULT_VEHTYPE,1822.0,1924.0,102.0,,1190.159,3.0,3.0,99.0,13.045,,,0.0294,0.9706,,True,completed
583,DEFAULT_VEHTYPE,1654.0,1927.0,273.0,,2088.043,22.0,49.0,224.0,92.3,,,0.1795,0.8205,,True,completed
662,DEFAULT_VEHTYPE,1754.0,1927.0,173.0,,1478.416,14.0,27.0,146.0,48.784,,,0.1561,0.8439,,True,completed
667,DEFAULT_VEHTYPE,1760.0,1927.0,167.0,,1189.848,15.0,20.0,147.0,40.93,,,0.1198,0.8802,,True,completed
639,DEFAULT_VEHTYPE,1726.0,1929.0,203.0,,1791.245,11.0,25.0,178.0,50.06,,,0.1232,0.8768,,True,completed
641,DEFAULT_VEHTYPE,1727.0,1929.0,202.0,,1489.312,16.0,17.0,185.0,38.211,,,0.0842,0.9158,,True,completed
576,DEFAULT_VEHTYPE,1649.0,1930.0,281.0,,2088.56,24.0,43.0,238.0,65.342,,,0.153,0.847,,True,completed
606,DEFAULT_VEHTYPE,1682.0,1930.0,248.0,,1791.978,10.0,33.0,215.0,59.001,,,0.1331,0.8669,,True,completed
707,DEFAULT_VEHTYPE,1799.0,1930.0,131.0,,1173.391,17.0,17.0,114.0,34.972,,,0.1298,0.8702,,True,completed
600,DEFAULT_VEHTYPE,1672.0,1931.0,259.0,,2073.26,0.0,32.0,227.0,53.122,,,0.1236,0.8764,,True,completed
661,DEFAULT_VEHTYPE,1750.0,1931.0,181.0,,1742.88,0.0,1.0,180.0,21.769,,,0.0055,0.9945,,True,completed
685,DEFAULT_VEHTYPE,1780.0,1932.0,152.0,,1493.956,3.0,5.0,147.0,21.717,,,0.0329,0.9671,,True,completed
584,DEFAULT_VEHTYPE,1655.0,1933.0,278.0,,2385.289,22.0,40.0,238.0,77.698,,,0.1439,0.8561,,True,completed
647,DEFAULT_VEHTYPE,1732.0,1933.0,201.0,,1486.994,34.0,45.0,156.0,64.783,,,0.2239,0.7761,,True,completed
578,DEFAULT_VEHTYPE,1651.0,1934.0,283.0,,2072.557,4.0,11.0,272.0,39.083,,,0.0389,0.9611,,True,completed
755,DEFAULT_VEHTYPE,1836.0,1934.0,98.0,,875.087,4.0,4.0,94.0,14.921,,,0.0408,0.9592,,True,completed
663,DEFAULT_VEHTYPE,1754.0,1935.0,181.0,,1494.96,10.0,14.0,167.0,35.798,,,0.0773,0.9227,,True,completed
724,DEFAULT_VEHTYPE,1810.0,1936.0,126.0,,1173.291,3.0,3.0,123.0,14.373,,,0.0238,0.9762,,True,completed
768,DEFAULT_VEHTYPE,1849.0,1937.0,88.0,,873.406,0.0,0.0,88.0,8.055,,,0.0,1.0,,True,completed
672,DEFAULT_VEHTYPE,1767.0,1938.0,171.0,,1490.705,12.0,12.0,159.0,30.827,,,0.0702,0.9298,,True,completed
649,DEFAULT_VEHTYPE,1735.0,1939.0,204.0,,1773.855,0.0,0.0,204.0,20.126,,,0.0,1.0,,True,completed
775,DEFAULT_VEHTYPE,1854.0,1939.0,85.0,,854.31,0.0,0.0,85.0,6.006,,,0.0,1.0,,True,completed
656,DEFAULT_VEHTYPE,1744.0,1941.0,197.0,,2071.82,0.0,24.0,173.0,41.205,,,0.1218,0.8782,,True,completed
653,DEFAULT_VEHTYPE,1740.0,1946.0,206.0,,1795.343,11.0,13.0,193.0,32.958,,,0.0631,0.9369,,True,completed
673,DEFAULT_VEHTYPE,1768.0,1950.0,182.0,,1774.417,13.0,15.0,167.0,34.571,,,0.0824,0.9176,,True,completed
713,DEFAULT_VEHTYPE,1803.0,1950.0,147.0,,1191.173,29.0,30.0,117.0,50.262,,,0.2041,0.7959,,True,completed
763,DEFAULT_VEHTYPE,1844.0,1951.0,107.0,,892.098,22.0,22.0,85.0,37.585,,,0.2056,0.7944,,True,completed
803,DEFAULT_VEHTYPE,1881.0,1953.0,72.0,,570.718,0.0,0.0,72.0,6.129,,,0.0,1.0,,True,completed
665,DEFAULT_VEHTYPE,1756.0,1955.0,199.0,,1495.868,28.0,30.0,169.0,54.829,,,0.1508,0.8492,,True,completed
742,DEFAULT_VEHTYPE,1825.0,1955.0,130.0,,1172.859,2.0,2.0,128.0,15.529,,,0.0154,0.9846,,True,completed
767,DEFAULT_VEHTYPE,1849.0,1955.0,106.0,,877.878,16.0,16.0,90.0,28.09,,,0.1509,0.8491,,True,completed
679,DEFAULT_VEHTYPE,1773.0,1956.0,183.0,,1490.566,2.0,10.0,173.0,32.547,,,0.0546,0.9454,,True,completed
802,DEFAULT_VEHTYPE,1880.0,1956.0,76.0,,867.98,0.0,0.0,76.0,4.919,,,0.0,1.0,,True,completed
689,DEFAULT_VEHTYPE,1783.0,1957.0,174.0,,1493.53,0.0,2.0,172.0,29.897,,,0.0115,0.9885,,True,completed
732,DEFAULT_VEHTYPE,1816.0,1958.0,142.0,,1190.915,4.0,5.0,137.0,23.071,,,0.0352,0.9648,,True,completed
706,DEFAULT_VEHTYPE,1800.0,1959.0,159.0,,1477.965,0.0,0.0,159.0,15.099,,,0.0,1.0,,True,completed
806,DEFAULT_VEHTYPE,1883.0,1959.0,76.0,,853.646,0.0,0.0,76.0,5.738,,,0.0,1.0,,True,completed
668,DEFAULT_VEHTYPE,1761.0,1960.0,199.0,,1474.765,11.0,26.0,173.0,46.778,,,0.1307,0.8693,,True,completed
684,DEFAULT_VEHTYPE,1779.0,1960.0,181.0,,1742.402,0.0,0.0,181.0,17.882,,,0.0,1.0,,True,completed
782,DEFAULT_VEHTYPE,1863.0,1960.0,97.0,,887.588,7.0,7.0,90.0,18.255,,,0.0722,0.9278,,True,completed
696,DEFAULT_VEHTYPE,1788.0,1961.0,173.0,,1483.806,6.0,16.0,157.0,56.187,,,0.0925,0.9075,,True,completed
603,DEFAULT_VEHTYPE,1678.0,1963.0,285.0,,1779.578,39.0,43.0,242.0,69.482,,,0.1509,0.8491,,True,completed
719,DEFAULT_VEHTYPE,1806.0,1963.0,157.0,,1487.257,0.0,6.0,151.0,34.952,,,0.0382,0.9618,,True,completed
731,DEFAULT_VEHTYPE,1816.0,1963.0,147.0,,889.123,35.0,52.0,95.0,66.317,,,0.3537,0.6463,,True,completed
659,DEFAULT_VEHTYPE,1747.0,1964.0,217.0,,1777.989,29.0,29.0,188.0,51.514,,,0.1336,0.8664,,True,completed
756,DEFAULT_VEHTYPE,1837.0,1964.0,127.0,,871.591,20.0,20.0,107.0,30.414,,,0.1575,0.8425,,True,completed
820,DEFAULT_VEHTYPE,1898.0,1965.0,67.0,,571.023,0.0,0.0,67.0,5.443,,,0.0,1.0,,True,completed
686,DEFAULT_VEHTYPE,1781.0,1966.0,185.0,,1774.871,15.0,20.0,165.0,47.499,,,0.1081,0.8919,,True,completed
743,DEFAULT_VEHTYPE,1826.0,1966.0,140.0,,1173.387,3.0,6.0,134.0,37.907,,,0.0429,0.9571,,True,completed
592,DEFAULT_VEHTYPE,1662.0,1967.0,305.0,,2395.468,8.0,31.0,274.0,63.705,,,0.1016,0.8984,,True,completed
671,DEFAULT_VEHTYPE,1765.0,1967.0,202.0,,2086.096,0.0,21.0,181.0,37.277,,,0.104,0.896,,True,completed
694,DEFAULT_VEHTYPE,1786.0,1968.0,182.0,,1789.716,11.0,28.0,154.0,46.431,,,0.1538,0.8462,,True,completed
675,DEFAULT_VEHTYPE,1770.0,1969.0,199.0,,1780.273,28.0,31.0,168.0,62.069,,,0.1558,0.8442,,True,completed
774,DEFAULT_VEHTYPE,1854.0,1971.0,117.0,,890.553,31.0,31.0,86.0,46.678,,,0.265,0.735,,True,completed
826,DEFAULT_VEHTYPE,1904.0,1971.0,67.0,,571.122,6.0,6.0,61.0,13.71,,,0.0896,0.9104,,True,completed
630,DEFAULT_VEHTYPE,1712.0,1973.0,261.0,,2386.975,7.0,9.0,252.0,42.174,,,0.0345,0.9655,,True,completed
632,DEFAULT_VEHTYPE,1714.0,1974.0,260.0,,2391.724,6.0,13.0,247.0,52.228,,,0.05,0.95,,True,completed
669,DEFAULT_VEHTYPE,1763.0,1974.0,211.0,,1791.035,4.0,20.0,191.0,42.049,,,0.0948,0.9052,,True,completed
697,DEFAULT_VEHTYPE,1789.0,1974.0,185.0,,1792.004,2.0,5.0,180.0,28.526,,,0.027,0.973,,True,completed
723,DEFAULT_VEHTYPE,1808.0,1975.0,167.0,,892.824,26.0,38.0,129.0,55.948,,,0.2275,0.7725,,True,completed
771,DEFAULT_VEHTYPE,1853.0,1975.0,122.0,,1174.41,5.0,5.0,117.0,29.199,,,0.041,0.959,,True,completed
780,DEFAULT_VEHTYPE,1861.0,1976.0,115.0,,894.513,14.0,14.0,101.0,24.02,,,0.1217,0.8783,,True,completed
818,DEFAULT_VEHTYPE,1894.0,1978.0,84.0,,889.411,0.0,0.0,84.0,9.99,,,0.0,1.0,,True,completed
840,DEFAULT_VEHTYPE,1919.0,1978.0,59.0,,589.681,0.0,0.0,59.0,3.978,,,0.0,1.0,,True,completed
650,DEFAULT_VEHTYPE,1737.0,1980.0,243.0,,2089.356,11.0,18.0,225.0,53.773,,,0.0741,0.9259,,True,completed
678,DEFAULT_VEHTYPE,1773.0,1982.0,209.0,,1779.495,10.0,29.0,180.0,52.837,,,0.1388,0.8612,,True,completed
701,DEFAULT_VEHTYPE,1795.0,1982.0,187.0,,1495.226,13.0,14.0,173.0,33.237,,,0.0749,0.9251,,True,completed
737,DEFAULT_VEHTYPE,1819.0,1983.0,164.0,,1188.329,33.0,34.0,130.0,54.488,,,0.2073,0.7927,,True,completed
726,DEFAULT_VEHTYPE,1813.0,1985.0,172.0,,1742.622,0.0,2.0,170.0,18.747,,,0.0116,0.9884,,True,completed
759,DEFAULT_VEHTYPE,1840.0,1988.0,148.0,,886.813,26.0,40.0,108.0,52.463,,,0.2703,0.7297,,True,completed
705,DEFAULT_VEHTYPE,1798.0,1990.0,192.0,,1743.615,12.0,12.0,180.0,47.373,,,0.0625,0.9375,,True,completed
642,DEFAULT_VEHTYPE,1730.0,1992.0,262.0,,2087.473,16.0,35.0,227.0,75.206,,,0.1336,0.8664,,True,completed
727,DEFAULT_VEHTYPE,1814.0,1992.0,178.0,,1494.972,17.0,37.0,141.0,61.991,,,0.2079,0.7921,,True,completed
823,DEFAULT_VEHTYPE,1901.0,1992.0,91.0,,894.241,1.0,1.0,90.0,13.882,,,0.011,0.989,,True,completed
717,DEFAULT_VEHTYPE,1805.0,1993.0,188.0,,1739.253,0.0,1.0,187.0,16.67,,,0.0053,0.9947,,True,completed
757,DEFAULT_VEHTYPE,1837.0,1994.0,157.0,,1195.676,21.0,24.0,133.0,45.788,,,0.1529,0.8471,,True,completed
788,DEFAULT_VEHTYPE,1871.0,1994.0,123.0,,1186.381,4.0,4.0,119.0,23.954,,,0.0325,0.9675,,True,completed
781,DEFAULT_VEHTYPE,1862.0,1996.0,134.0,,1174.715,3.0,3.0,131.0,22.012,,,0.0224,0.9776,,True,completed
729,DEFAULT_VEHTYPE,1815.0,1998.0,183.0,,1495.145,6.0,9.0,174.0,33.552,,,0.0492,0.9508,,True,completed
796,DEFAULT_VEHTYPE,1874.0,2000.0,126.0,,1475.604,7.0,7.0,119.0,19.132,,,0.0556,0.9444,,True,completed
699,DEFAULT_VEHTYPE,1792.0,2002.0,210.0,,1740.661,39.0,39.0,171.0,57.108,,,0.1857,0.8143,,True,completed
733,DEFAULT_VEHTYPE,1817.0,2002.0,185.0,,1477.153,0.0,19.0,166.0,33.289,,,0.1027,0.8973,,True,completed
745,DEFAULT_VEHTYPE,1827.0,2002.0,175.0,,1478.27,3.0,29.0,146.0,47.515,,,0.1657,0.8343,,True,completed
654,DEFAULT_VEHTYPE,1742.0,2003.0,261.0,,2369.798,1.0,10.0,251.0,57.861,,,0.0383,0.9617,,True,completed
704,DEFAULT_VEHTYPE,1798.0,2003.0,205.0,,1778.306,14.0,17.0,188.0,41.181,,,0.0829,0.9171,,True,completed
674,DEFAULT_VEHTYPE,1768.0,2004.0,236.0,,1476.294,17.0,32.0,204.0,55.694,,,0.1356,0.8644,,True,completed
710,DEFAULT_VEHTYPE,1802.0,2004.0,202.0,,1781.984,0.0,0.0,202.0,15.539,,,0.0,1.0,,True,completed
754,DEFAULT_VEHTYPE,1835.0,2004.0,169.0,,1188.909,37.0,48.0,121.0,66.292,,,0.284,0.716,,True,completed
648,DEFAULT_VEHTYPE,1734.0,2005.0,271.0,,2074.186,35.0,40.0,231.0,70.879,,,0.1476,0.8524,,True,completed
712,DEFAULT_VEHTYPE,1803.0,2005.0,202.0,,1491.065,16.0,38.0,164.0,59.225,,,0.1881,0.8119,,True,completed
711,DEFAULT_VEHTYPE,1802.0,2008.0,206.0,,1780.624,0.0,27.0,179.0,45.818,,,0.1311,0.8689,,True,completed
790,DEFAULT_VEHTYPE,1872.0,2008.0,136.0,,1187.19,6.0,6.0,130.0,25.472,,,0.0441,0.9559,,True,completed
834,DEFAULT_VEHTYPE,1915.0,2010.0,95.0,,884.177,11.0,11.0,84.0,20.949,,,0.1158,0.8842,,True,completed
736,DEFAULT_VEHTYPE,1817.0,2011.0,194.0,,1772.181,10.0,48.0,146.0,67.485,,,0.2474,0.7526,,True,completed
822,DEFAULT_VEHTYPE,1900.0,2011.0,111.0,,1169.789,0.0,0.0,111.0,6.719,,,0.0,1.0,,True,completed
660,DEFAULT_VEHTYPE,1748.0,2015.0,267.0,,1770.542,39.0,64.0,203.0,91.385,,,0.2397,0.7603,,True,completed
734,DEFAULT_VEHTYPE,1817.0,2016.0,199.0,,1772.403,0.0,24.0,175.0,50.449,,,0.1206,0.8794,,True,completed
815,DEFAULT_VEHTYPE,1892.0,2016.0,124.0,,1197.339,10.0,10.0,114.0,26.048,,,0.0806,0.9194,,True,completed
692,DEFAULT_VEHTYPE,1785.0,2017.0,232.0,,1793.585,27.0,29.0,203.0,56.693,,,0.125,0.875,,True,completed
708,DEFAULT_VEHTYPE,1802.0,2017.0,215.0,,1176.066,64.0,78.0,137.0,92.706,,,0.3628,0.6372,,True,completed
658,DEFAULT_VEHTYPE,1746.0,2018.0,272.0,,1775.314,19.0,59.0,213.0,89.931,,,0.2169,0.7831,,True,completed
800,DEFAULT_VEHTYPE,1878.0,2022.0,144.0,,1197.542,9.0,24.0,120.0,39.551,,,0.1667,0.8333,,True,completed
830,DEFAULT_VEHTYPE,1908.0,2022.0,114.0,,889.448,23.0,24.0,90.0,34.456,,,0.2105,0.7895,,True,completed
841,DEFAULT_VEHTYPE,1919.0,2022.0,103.0,,886.977,0.0,0.0,103.0,7.304,,,0.0,1.0,,True,completed
695,DEFAULT_VEHTYPE,1787.0,2028.0,241.0,,2075.23,6.0,7.0,234.0,33.509,,,0.029,0.971,,True,completed
786,DEFAULT_VEHTYPE,1870.0,2029.0,159.0,,1495.336,20.0,20.0,139.0,39.363,,,0.1258,0.8742,,True,completed
793,DEFAULT_VEHTYPE,1876.0,2029.0,153.0,,1187.563,22.0,22.0,131.0,49.407,,,0.1438,0.8562,,True,completed
811,DEFAULT_VEHTYPE,1888.0,2029.0,141.0,,1484.565,1.0,9.0,132.0,24.388,,,0.0638,0.9362,,True,completed
833,DEFAULT_VEHTYPE,1912.0,2030.0,118.0,,852.923,0.0,0.0,118.0,12.151,,,0.0,1.0,,True,completed
709,DEFAULT_VEHTYPE,1802.0,2031.0,229.0,,2079.999,0.0,6.0,223.0,29.293,,,0.0262,0.9738,,True,completed
779,DEFAULT_VEHTYPE,1860.0,2031.0,171.0,,1484.891,17.0,21.0,150.0,38.98,,,0.1228,0.8772,,True,completed
681,DEFAULT_VEHTYPE,1775.0,2032.0,257.0,,2075.993,0.0,40.0,217.0,63.156,,,0.1556,0.8444,,True,completed
758,DEFAULT_VEHTYPE,1840.0,2032.0,192.0,,1777.222,16.0,19.0,173.0,44.512,,,0.099,0.901,,True,completed
778,DEFAULT_VEHTYPE,1860.0,2032.0,172.0,,1485.221,5.0,7.0,165.0,35.765,,,0.0407,0.9593,,True,completed
677,DEFAULT_VEHTYPE,1772.0,2033.0,261.0,,1775.923,1.0,18.0,243.0,44.995,,,0.069,0.931,,True,completed
798,DEFAULT_VEHTYPE,1876.0,2033.0,157.0,,1476.05,0.0,6.0,151.0,33.689,,,0.0382,0.9618,,True,completed
703,DEFAULT_VEHTYPE,1798.0,2034.0,236.0,,2077.876,0.0,17.0,219.0,39.603,,,0.072,0.928,,True,completed
676,DEFAULT_VEHTYPE,1772.0,2036.0,264.0,,1775.524,6.0,15.0,249.0,41.879,,,0.0568,0.9432,,True,completed
770,DEFAULT_VEHTYPE,1850.0,2037.0,187.0,,1472.705,0.0,10.0,177.0,29.108,,,0.0535,0.9465,,True,completed
693,DEFAULT_VEHTYPE,1785.0,2039.0,254.0,,2072.361,24.0,55.0,199.0,88.469,,,0.2165,0.7835,,True,completed
735,DEFAULT_VEHTYPE,1817.0,2039.0,222.0,,2075.226,0.0,4.0,218.0,30.792,,,0.018,0.982,,True,completed
769,DEFAULT_VEHTYPE,1850.0,2039.0,189.0,,1781.347,12.0,16.0,173.0,31.942,,,0.0847,0.9153,,True,completed
730,DEFAULT_VEHTYPE,1816.0,2040.0,224.0,,2079.0,9.0,20.0,204.0,55.223,,,0.0893,0.9107,,True,completed
776,DEFAULT_VEHTYPE,1858.0,2041.0,183.0,,1492.961,11.0,30.0,153.0,66.553,,,0.1639,0.8361,,True,completed
809,DEFAULT_VEHTYPE,1887.0,2041.0,154.0,,1488.67,4.0,22.0,132.0,40.332,,,0.1429,0.8571,,True,completed
716,DEFAULT_VEHTYPE,1805.0,2043.0,238.0,,1775.592,37.0,52.0,186.0,73.724,,,0.2185,0.7815,,True,completed
783,DEFAULT_VEHTYPE,1864.0,2044.0,180.0,,1154.831,17.0,17.0,163.0,34.4,,,0.0944,0.9056,,True,completed
813,DEFAULT_VEHTYPE,1891.0,2045.0,154.0,,1175.677,22.0,22.0,132.0,39.774,,,0.1429,0.8571,,True,completed
728,DEFAULT_VEHTYPE,1815.0,2046.0,231.0,,1789.138,2.0,31.0,200.0,56.614,,,0.1342,0.8658,,True,completed
835,DEFAULT_VEHTYPE,1916.0,2046.0,130.0,,877.745,31.0,31.0,99.0,40.716,,,0.2385,0.7615,,True,completed
761,DEFAULT_VEHTYPE,1841.0,2047.0,206.0,,1779.915,0.0,4.0,202.0,34.489,,,0.0194,0.9806,,True,completed
794,DEFAULT_VEHTYPE,1874.0,2048.0,174.0,,1774.491,0.0,7.0,167.0,35.58,,,0.0402,0.9598,,True,completed
797,DEFAULT_VEHTYPE,1876.0,2048.0,172.0,,1477.46,21.0,28.0,144.0,44.684,,,0.1628,0.8372,,True,completed
746,DEFAULT_VEHTYPE,1827.0,2050.0,223.0,,1778.997,16.0,50.0,173.0,79.54,,,0.2242,0.7758,,True,completed
808,DEFAULT_VEHTYPE,1887.0,2050.0,163.0,,1493.677,0.0,0.0,163.0,11.775,,,0.0,1.0,,True,completed
753,DEFAULT_VEHTYPE,1834.0,2051.0,217.0,,2073.69,9.0,12.0,205.0,39.034,,,0.0553,0.9447,,True,completed
845,DEFAULT_VEHTYPE,1925.0,2052.0,127.0,,1167.973,9.0,9.0,118.0,19.944,,,0.0709,0.9291,,True,completed
867,DEFAULT_VEHTYPE,1954.0,2052.0,98.0,,889.577,9.0,9.0,89.0,18.569,,,0.0918,0.9082,,True,completed
885,DEFAULT_VEHTYPE,1976.0,2052.0,76.0,,871.351,0.0,0.0,76.0,4.892,,,0.0,1.0,,True,completed
762,DEFAULT_VEHTYPE,1842.0,2054.0,212.0,,1775.951,9.0,26.0,186.0,52.622,,,0.1226,0.8774,,True,completed
787,DEFAULT_VEHTYPE,1870.0,2055.0,185.0,,1772.824,1.0,14.0,171.0,34.753,,,0.0757,0.9243,,True,completed
828,DEFAULT_VEHTYPE,1905.0,2058.0,153.0,,1779.763,2.0,2.0,151.0,16.478,,,0.0131,0.9869,,True,completed
848,DEFAULT_VEHTYPE,1927.0,2058.0,131.0,,1157.572,2.0,2.0,129.0,16.909,,,0.0153,0.9847,,True,completed
777,DEFAULT_VEHTYPE,1858.0,2059.0,201.0,,1461.399,0.0,6.0,195.0,26.827,,,0.0299,0.9701,,True,completed
876,DEFAULT_VEHTYPE,1968.0,2059.0,91.0,,858.417,0.0,0.0,91.0,7.866,,,0.0,1.0,,True,completed
859,DEFAULT_VEHTYPE,1940.0,2061.0,121.0,,1159.568,3.0,3.0,118.0,16.526,,,0.0248,0.9752,,True,completed
804,DEFAULT_VEHTYPE,1881.0,2062.0,181.0,,1771.543,0.0,15.0,166.0,35.202,,,0.0829,0.9171,,True,completed
801,DEFAULT_VEHTYPE,1879.0,2064.0,185.0,,1748.023,3.0,3.0,182.0,22.547,,,0.0162,0.9838,,True,completed
750,DEFAULT_VEHTYPE,1832.0,2065.0,233.0,,1787.675,6.0,43.0,190.0,61.229,,,0.1845,0.8155,,True,completed
792,DEFAULT_VEHTYPE,1874.0,2066.0,192.0,,1490.226,2.0,18.0,174.0,41.564,,,0.0938,0.9062,,True,completed
866,DEFAULT_VEHTYPE,1953.0,2068.0,115.0,,1178.92,0.0,0.0,115.0,8.012,,,0.0,1.0,,True,completed
862,DEFAULT_VEHTYPE,1945.0,2069.0,124.0,,1194.037,21.0,21.0,103.0,30.541,,,0.1694,0.8306,,True,completed
814,DEFAULT_VEHTYPE,1891.0,2070.0,179.0,,1769.254,9.0,15.0,164.0,46.09,,,0.0838,0.9162,,True,completed
843,DEFAULT_VEHTYPE,1922.0,2070.0,148.0,,1469.023,6.0,6.0,142.0,24.524,,,0.0405,0.9595,,True,completed
698,DEFAULT_VEHTYPE,1790.0,2073.0,283.0,,2379.452,5.0,19.0,264.0,64.238,,,0.0671,0.9329,,True,completed
893,DEFAULT_VEHTYPE,1989.0,2073.0,84.0,,848.627,0.0,0.0,84.0,6.57,,,0.0,1.0,,True,completed
765,DEFAULT_VEHTYPE,1846.0,2074.0,228.0,,1786.368,25.0,33.0,195.0,57.848,,,0.1447,0.8553,,True,completed
895,DEFAULT_VEHTYPE,1990.0,2074.0,84.0,,850.051,1.0,1.0,83.0,9.926,,,0.0119,0.9881,,True,completed
865,DEFAULT_VEHTYPE,1950.0,2075.0,125.0,,1152.326,0.0,0.0,125.0,10.174,,,0.0,1.0,,True,completed
785,DEFAULT_VEHTYPE,1868.0,2076.0,208.0,,1777.699,3.0,12.0,196.0,54.235,,,0.0577,0.9423,,True,completed
644,DEFAULT_VEHTYPE,1730.0,2078.0,348.0,,2375.146,19.0,44.0,304.0,73.592,,,0.1264,0.8736,,True,completed
854,DEFAULT_VEHTYPE,1934.0,2080.0,146.0,,1190.902,31.0,31.0,115.0,42.937,,,0.2123,0.7877,,True,completed
643,DEFAULT_VEHTYPE,1728.0,2083.0,355.0,,2095.497,5.0,82.0,273.0,115.259,,,0.231,0.769,,True,completed
855,DEFAULT_VEHTYPE,1936.0,2085.0,149.0,,1188.473,16.0,19.0,130.0,34.611,,,0.1275,0.8725,,True,completed
844,DEFAULT_VEHTYPE,1923.0,2086.0,163.0,,1197.375,28.0,28.0,135.0,44.591,,,0.1718,0.8282,,True,completed
906,DEFAULT_VEHTYPE,2000.0,2086.0,86.0,,893.225,0.0,0.0,86.0,4.832,,,0.0,1.0,,True,completed
725,DEFAULT_VEHTYPE,1813.0,2087.0,274.0,,2376.165,9.0,13.0,261.0,37.929,,,0.0474,0.9526,,True,completed
836,DEFAULT_VEHTYPE,1916.0,2089.0,173.0,,1156.549,32.0,40.0,133.0,55.386,,,0.2312,0.7688,,True,completed
880,DEFAULT_VEHTYPE,1973.0,2091.0,118.0,,1195.911,0.0,0.0,118.0,6.731,,,0.0,1.0,,True,completed
851,DEFAULT_VEHTYPE,1930.0,2092.0,162.0,,1469.407,16.0,17.0,145.0,33.178,,,0.1049,0.8951,,True,completed
824,DEFAULT_VEHTYPE,1902.0,2093.0,191.0,,1474.945,32.0,32.0,159.0,54.546,,,0.1675,0.8325,,True,completed
784,DEFAULT_VEHTYPE,1867.0,2098.0,231.0,,1788.254,0.0,54.0,177.0,69.829,,,0.2338,0.7662,,True,completed
747,DEFAULT_VEHTYPE,1828.0,2100.0,272.0,,2374.921,5.0,30.0,242.0,94.153,,,0.1103,0.8897,,True,completed
748,DEFAULT_VEHTYPE,1830.0,2100.0,270.0,,2072.125,24.0,31.0,239.0,55.367,,,0.1148,0.8852,,True,completed
857,DEFAULT_VEHTYPE,1937.0,2100.0,163.0,,1742.729,4.0,4.0,159.0,18.427,,,0.0245,0.9755,,True,completed
918,DEFAULT_VEHTYPE,2014.0,2102.0,88.0,,873.35,0.0,0.0,88.0,6.327,,,0.0,1.0,,True,completed
937,DEFAULT_VEHTYPE,2036.0,2103.0,67.0,,596.964,0.0,0.0,67.0,4.592,,,0.0,1.0,,True,completed
714,DEFAULT_VEHTYPE,1804.0,2104.0,300.0,,2373.214,4.0,40.0,260.0,74.309,,,0.1333,0.8667,,True,completed
740,DEFAULT_VEHTYPE,1824.0,2105.0,281.0,,2380.502,24.0,40.0,241.0,81.053,,,0.1423,0.8577,,True,completed
821,DEFAULT_VEHTYPE,1900.0,2105.0,205.0,,1747.222,5.0,14.0,191.0,38.444,,,0.0683,0.9317,,True,completed
837,DEFAULT_VEHTYPE,1917.0,2105.0,188.0,,1747.693,1.0,1.0,187.0,20.223,,,0.0053,0.9947,,True,completed
861,DEFAULT_VEHTYPE,1942.0,2105.0,163.0,,1172.028,4.0,4.0,159.0,20.946,,,0.0245,0.9755,,True,completed
702,DEFAULT_VEHTYPE,1796.0,2106.0,310.0,,2373.386,26.0,54.0,256.0,86.703,,,0.1742,0.8258,,True,completed
926,DEFAULT_VEHTYPE,2023.0,2106.0,83.0,,858.068,0.0,0.0,83.0,7.234,,,0.0,1.0,,True,completed
829,DEFAULT_VEHTYPE,1907.0,2108.0,201.0,,1476.416,43.0,62.0,139.0,74.259,,,0.3085,0.6915,,True,completed
894,DEFAULT_VEHTYPE,1989.0,2109.0,120.0,,1171.536,3.0,3.0,117.0,24.826,,,0.025,0.975,,True,completed
819,DEFAULT_VEHTYPE,1896.0,2110.0,214.0,,1770.763,10.0,35.0,179.0,57.741,,,0.1636,0.8364,,True,completed
897,DEFAULT_VEHTYPE,1991.0,2110.0,119.0,,1191.633,0.0,0.0,119.0,13.967,,,0.0,1.0,,True,completed
900,DEFAULT_VEHTYPE,1993.0,2110.0,117.0,,1187.956,5.0,5.0,112.0,19.421,,,0.0427,0.9573,,True,completed
919,DEFAULT_VEHTYPE,2015.0,2110.0,95.0,,891.971,11.0,11.0,84.0,19.219,,,0.1158,0.8842,,True,completed
764,DEFAULT_VEHTYPE,1844.0,2111.0,267.0,,2073.551,16.0,33.0,234.0,61.031,,,0.1236,0.8764,,True,completed
874,DEFAULT_VEHTYPE,1967.0,2111.0,144.0,,1197.013,7.0,21.0,123.0,37.313,,,0.1458,0.8542,,True,completed
842,DEFAULT_VEHTYPE,1920.0,2112.0,192.0,,1774.906,0.0,17.0,175.0,36.278,,,0.0885,0.9115,,True,completed
858,DEFAULT_VEHTYPE,1938.0,2112.0,174.0,,1738.261,0.0,4.0,170.0,25.059,,,0.023,0.977,,True,completed
904,DEFAULT_VEHTYPE,1997.0,2114.0,117.0,,884.554,36.0,36.0,81.0,45.517,,,0.3077,0.6923,,True,completed
825,DEFAULT_VEHTYPE,1902.0,2115.0,213.0,,1781.825,7.0,10.0,203.0,53.542,,,0.0469,0.9531,,True,completed
891,DEFAULT_VEHTYPE,1987.0,2116.0,129.0,,1169.374,1.0,2.0,127.0,25.225,,,0.0155,0.9845,,True,completed
795,DEFAULT_VEHTYPE,1874.0,2117.0,243.0,,1776.339,8.0,28.0,215.0,57.765,,,0.1152,0.8848,,True,completed
864,DEFAULT_VEHTYPE,1948.0,2119.0,171.0,,1486.785,0.0,0.0,171.0,16.215,,,0.0,1.0,,True,completed
875,DEFAULT_VEHTYPE,1967.0,2119.0,152.0,,1472.492,9.0,11.0,141.0,22.601,,,0.0724,0.9276,,True,completed
901,DEFAULT_VEHTYPE,1995.0,2119.0,124.0,,1160.154,2.0,2.0,122.0,15.146,,,0.0161,0.9839,,True,completed
827,DEFAULT_VEHTYPE,1904.0,2122.0,218.0,,1471.647,19.0,20.0,198.0,42.437,,,0.0917,0.9083,,True,completed
799,DEFAULT_VEHTYPE,1878.0,2125.0,247.0,,2075.094,4.0,16.0,231.0,46.449,,,0.0648,0.9352,,True,completed
902,DEFAULT_VEHTYPE,1996.0,2125.0,129.0,,1189.076,0.0,0.0,129.0,12.917,,,0.0,1.0,,True,completed
943,DEFAULT_VEHTYPE,2042.0,2125.0,83.0,,850.42,0.0,0.0,83.0,7.057,,,0.0,1.0,,True,completed
751,DEFAULT_VEHTYPE,1834.0,2128.0,294.0,,2393.763,16.0,54.0,240.0,90.414,,,0.1837,0.8163,,True,completed
839,DEFAULT_VEHTYPE,1918.0,2128.0,210.0,,1742.875,6.0,6.0,204.0,23.585,,,0.0286,0.9714,,True,completed
903,DEFAULT_VEHTYPE,1996.0,2130.0,134.0,,1189.902,9.0,15.0,119.0,28.246,,,0.1119,0.8881,,True,completed
892,DEFAULT_VEHTYPE,1988.0,2131.0,143.0,,1494.074,3.0,3.0,140.0,16.96,,,0.021,0.979,,True,completed
741,DEFAULT_VEHTYPE,1824.0,2132.0,308.0,,2377.88,17.0,63.0,245.0,88.808,,,0.2045,0.7955,,True,completed
847,DEFAULT_VEHTYPE,1926.0,2133.0,207.0,,1490.521,34.0,52.0,155.0,70.84,,,0.2512,0.7488,,True,completed
852,DEFAULT_VEHTYPE,1931.0,2133.0,202.0,,1777.562,9.0,18.0,184.0,41.229,,,0.0891,0.9109,,True,completed
954,DEFAULT_VEHTYPE,2050.0,2133.0,83.0,,855.39,0.0,0.0,83.0,10.544,,,0.0,1.0,,True,completed
760,DEFAULT_VEHTYPE,1842.0,2134.0,292.0,,2380.11,15.0,37.0,255.0,78.051,,,0.1267,0.8733,,True,completed
772,DEFAULT_VEHTYPE,1853.0,2135.0,282.0,,1781.344,66.0,87.0,195.0,106.911,,,0.3085,0.6915,,True,completed
856,DEFAULT_VEHTYPE,1937.0,2135.0,198.0,,1494.358,14.0,32.0,166.0,54.635,,,0.1616,0.8384,,True,completed
888,DEFAULT_VEHTYPE,1982.0,2135.0,153.0,,1491.903,4.0,4.0,149.0,20.271,,,0.0261,0.9739,,True,completed
924,DEFAULT_VEHTYPE,2020.0,2137.0,117.0,,1159.944,0.0,0.0,117.0,8.826,,,0.0,1.0,,True,completed
816,DEFAULT_VEHTYPE,1893.0,2138.0,245.0,,1779.981,25.0,43.0,202.0,68.002,,,0.1755,0.8245,,True,completed
789,DEFAULT_VEHTYPE,1872.0,2139.0,267.0,,2072.429,25.0,50.0,217.0,102.293,,,0.1873,0.8127,,True,completed
898,DEFAULT_VEHTYPE,1992.0,2141.0,149.0,,897.186,64.0,64.0,85.0,73.899,,,0.4295,0.5705,,True,completed
905,DEFAULT_VEHTYPE,2000.0,2141.0,141.0,,1475.562,0.0,2.0,139.0,15.134,,,0.0142,0.9858,,True,completed
817,DEFAULT_VEHTYPE,1894.0,2142.0,248.0,,2372.147,1.0,24.0,224.0,73.202,,,0.0968,0.9032,,True,completed
832,DEFAULT_VEHTYPE,1911.0,2142.0,231.0,,1494.806,0.0,67.0,164.0,82.147,,,0.29,0.71,,True,completed
966,DEFAULT_VEHTYPE,2074.0,2143.0,69.0,,596.834,8.0,8.0,61.0,14.263,,,0.1159,0.8841,,True,completed
752,DEFAULT_VEHTYPE,1834.0,2144.0,310.0,,2388.383,11.0,47.0,263.0,84.513,,,0.1516,0.8484,,True,completed
911,DEFAULT_VEHTYPE,2005.0,2145.0,140.0,,1175.981,0.0,2.0,138.0,15.345,,,0.0143,0.9857,,True,completed
908,DEFAULT_VEHTYPE,2004.0,2146.0,142.0,,1490.908,9.0,10.0,132.0,19.275,,,0.0704,0.9296,,True,completed
850,DEFAULT_VEHTYPE,1929.0,2147.0,218.0,,2073.96,2.0,6.0,212.0,41.575,,,0.0275,0.9725,,True,completed
886,DEFAULT_VEHTYPE,1979.0,2149.0,170.0,,1491.626,1.0,1.0,169.0,15.875,,,0.0059,0.9941,,True,completed
915,DEFAULT_VEHTYPE,2010.0,2149.0,139.0,,1185.605,16.0,28.0,111.0,44.443,,,0.2014,0.7986,,True,completed
944,DEFAULT_VEHTYPE,2043.0,2154.0,111.0,,872.797,15.0,15.0,96.0,27.703,,,0.1351,0.8649,,True,completed
812,DEFAULT_VEHTYPE,1890.0,2155.0,265.0,,2087.812,3.0,28.0,237.0,61.874,,,0.1057,0.8943,,True,completed
860,DEFAULT_VEHTYPE,1941.0,2155.0,214.0,,1493.388,18.0,40.0,174.0,67.824,,,0.1869,0.8131,,True,completed
957,DEFAULT_VEHTYPE,2053.0,2157.0,104.0,,874.544,0.0,0.0,104.0,8.743,,,0.0,1.0,,True,completed
896,DEFAULT_VEHTYPE,1990.0,2159.0,169.0,,1748.241,0.0,0.0,169.0,11.679,,,0.0,1.0,,True,completed
961,DEFAULT_VEHTYPE,2061.0,2160.0,99.0,,893.171,17.0,17.0,82.0,26.211,,,0.1717,0.8283,,True,completed
879,DEFAULT_VEHTYPE,1972.0,2164.0,192.0,,1739.974,8.0,8.0,184.0,25.983,,,0.0417,0.9583,,True,completed
914,DEFAULT_VEHTYPE,2010.0,2165.0,155.0,,1194.547,26.0,26.0,129.0,39.908,,,0.1677,0.8323,,True,completed
939,DEFAULT_VEHTYPE,2037.0,2166.0,129.0,,1178.422,22.0,22.0,107.0,31.755,,,0.1705,0.8295,,True,completed
884,DEFAULT_VEHTYPE,1976.0,2167.0,191.0,,1789.28,4.0,4.0,187.0,31.898,,,0.0209,0.9791,,True,completed
923,DEFAULT_VEHTYPE,2019.0,2167.0,148.0,,1736.506,5.0,5.0,143.0,20.755,,,0.0338,0.9662,,True,completed
863,DEFAULT_VEHTYPE,1945.0,2170.0,225.0,,1495.55,41.0,76.0,149.0,105.262,,,0.3378,0.6622,,True,completed
831,DEFAULT_VEHTYPE,1909.0,2171.0,262.0,,2376.719,7.0,23.0,239.0,49.955,,,0.0878,0.9122,,True,completed
925,DEFAULT_VEHTYPE,2023.0,2171.0,148.0,,1173.04,16.0,24.0,124.0,43.042,,,0.1622,0.8378,,True,completed
810,DEFAULT_VEHTYPE,1888.0,2172.0,284.0,,2090.268,0.0,23.0,261.0,49.332,,,0.081,0.919,,True,completed
959,DEFAULT_VEHTYPE,2057.0,2172.0,115.0,,1159.137,0.0,0.0,115.0,13.288,,,0.0,1.0,,True,completed
976,DEFAULT_VEHTYPE,2094.0,2172.0,78.0,,891.936,0.0,0.0,78.0,6.404,,,0.0,1.0,,True,completed
871,DEFAULT_VEHTYPE,1963.0,2176.0,213.0,,1740.435,10.0,14.0,199.0,37.503,,,0.0657,0.9343,,True,completed
907,DEFAULT_VEHTYPE,2003.0,2176.0,173.0,,1497.631,22.0,22.0,151.0,33.927,,,0.1272,0.8728,,True,completed
878,DEFAULT_VEHTYPE,1970.0,2178.0,208.0,,1490.316,0.0,39.0,169.0,56.674,,,0.1875,0.8125,,True,completed
887,DEFAULT_VEHTYPE,1980.0,2178.0,198.0,,1789.34,30.0,31.0,167.0,62.137,,,0.1566,0.8434,,True,completed
917,DEFAULT_VEHTYPE,2012.0,2178.0,166.0,,1487.493,13.0,24.0,142.0,36.981,,,0.1446,0.8554,,True,completed
921,DEFAULT_VEHTYPE,2019.0,2178.0,159.0,,1491.218,8.0,9.0,150.0,33.13,,,0.0566,0.9434,,True,completed
838,DEFAULT_VEHTYPE,1918.0,2180.0,262.0,,2371.942,1.0,1.0,261.0,23.404,,,0.0038,0.9962,,True,completed
870,DEFAULT_VEHTYPE,1963.0,2180.0,217.0,,1770.691,28.0,45.0,172.0,70.066,,,0.2074,0.7926,,True,completed
982,DEFAULT_VEHTYPE,2101.0,2181.0,80.0,,590.264,22.0,22.0,58.0,29.333,,,0.275,0.725,,True,completed
965,DEFAULT_VEHTYPE,2073.0,2182.0,109.0,,1175.863,4.0,4.0,105.0,15.042,,,0.0367,0.9633,,True,completed
929,DEFAULT_VEHTYPE,2029.0,2185.0,156.0,,1495.166,12.0,18.0,138.0,36.679,,,0.1154,0.8846,,True,completed
889,DEFAULT_VEHTYPE,1983.0,2187.0,204.0,,1473.866,30.0,34.0,170.0,56.719,,,0.1667,0.8333,,True,completed
984,DEFAULT_VEHTYPE,2105.0,2191.0,86.0,,890.506,1.0,1.0,85.0,10.657,,,0.0116,0.9884,,True,completed
948,DEFAULT_VEHTYPE,2046.0,2195.0,149.0,,1176.377,17.0,17.0,132.0,35.525,,,0.1141,0.8859,,True,completed
805,DEFAULT_VEHTYPE,1882.0,2196.0,314.0,,2372.331,22.0,45.0,269.0,92.231,,,0.1433,0.8567,,True,completed
749,DEFAULT_VEHTYPE,1830.0,2198.0,368.0,,2376.385,34.0,81.0,287.0,114.102,,,0.2201,0.7799,,True,completed
849,DEFAULT_VEHTYPE,1929.0,2198.0,269.0,,2070.507,7.0,24.0,245.0,50.516,,,0.0892,0.9108,,True,completed
986,DEFAULT_VEHTYPE,2110.0,2200.0,90.0,,868.432,0.0,1.0,89.0,9.408,,,0.0111,0.9889,,True,completed
932,DEFAULT_VEHTYPE,2031.0,2202.0,171.0,,1772.533,0.0,3.0,168.0,22.162,,,0.0175,0.9825,,True,completed
791,DEFAULT_VEHTYPE,1873.0,2203.0,330.0,,2087.937,8.0,101.0,229.0,137.99,,,0.3061,0.6939,,True,completed
853,DEFAULT_VEHTYPE,1933.0,2203.0,270.0,,2375.007,0.0,5.0,265.0,26.714,,,0.0185,0.9815,,True,completed
883,DEFAULT_VEHTYPE,1975.0,2203.0,228.0,,887.458,17.0,102.0,126.0,118.076,,,0.4474,0.5526,,True,completed
909,DEFAULT_VEHTYPE,2004.0,2203.0,199.0,,1748.377,5.0,22.0,177.0,44.253,,,0.1106,0.8894,,True,completed
935,DEFAULT_VEHTYPE,2035.0,2203.0,168.0,,1468.246,9.0,13.0,155.0,32.174,,,0.0774,0.9226,,True,completed
881,DEFAULT_VEHTYPE,1974.0,2204.0,230.0,,2387.43,0.0,3.0,227.0,20.612,,,0.013,0.987,,True,completed
1007,DEFAULT_VEHTYPE,2142.0,2211.0,69.0,,588.464,9.0,9.0,60.0,16.967,,,0.1304,0.8696,,True,completed
928,DEFAULT_VEHTYPE,2025.0,2212.0,187.0,,1487.602,0.0,23.0,164.0,37.109,,,0.123,0.877,,True,completed
941,DEFAULT_VEHTYPE,2039.0,2212.0,173.0,,1744.618,0.0,0.0,173.0,12.067,,,0.0,1.0,,True,completed
951,DEFAULT_VEHTYPE,2049.0,2212.0,163.0,,1744.735,0.0,0.0,163.0,11.689,,,0.0,1.0,,True,completed
946,DEFAULT_VEHTYPE,2044.0,2214.0,170.0,,1452.108,7.0,15.0,155.0,33.636,,,0.0882,0.9118,,True,completed
846,DEFAULT_VEHTYPE,1925.0,2215.0,290.0,,2379.631,0.0,47.0,243.0,86.153,,,0.1621,0.8379,,True,completed
869,DEFAULT_VEHTYPE,1958.0,2215.0,257.0,,1786.683,44.0,57.0,200.0,79.582,,,0.2218,0.7782,,True,completed
931,DEFAULT_VEHTYPE,2031.0,2216.0,185.0,,1494.498,27.0,27.0,158.0,48.833,,,0.1459,0.8541,,True,completed
945,DEFAULT_VEHTYPE,2044.0,2219.0,175.0,,1489.495,2.0,8.0,167.0,33.118,,,0.0457,0.9543,,True,completed
960,DEFAULT_VEHTYPE,2059.0,2219.0,160.0,,1793.287,3.0,3.0,157.0,18.914,,,0.0187,0.9812,,True,completed
934,DEFAULT_VEHTYPE,2035.0,2220.0,185.0,,1492.388,0.0,5.0,180.0,21.06,,,0.027,0.973,,True,completed
962,DEFAULT_VEHTYPE,2068.0,2220.0,152.0,,1168.325,11.0,35.0,117.0,50.304,,,0.2303,0.7697,,True,completed
969,DEFAULT_VEHTYPE,2079.0,2223.0,144.0,,1485.202,2.0,2.0,142.0,19.295,,,0.0139,0.9861,,True,completed
940,DEFAULT_VEHTYPE,2039.0,2225.0,186.0,,1494.741,25.0,25.0,161.0,44.003,,,0.1344,0.8656,,True,completed
971,DEFAULT_VEHTYPE,2084.0,2225.0,141.0,,1191.507,9.0,9.0,132.0,24.967,,,0.0638,0.9362,,True,completed
872,DEFAULT_VEHTYPE,1963.0,2226.0,263.0,,1773.18,15.0,59.0,204.0,82.307,,,0.2243,0.7757,,True,completed
899,DEFAULT_VEHTYPE,1992.0,2226.0,234.0,,2378.713,0.0,0.0,234.0,30.287,,,0.0,1.0,,True,completed
956,DEFAULT_VEHTYPE,2052.0,2227.0,175.0,,1776.76,0.0,11.0,164.0,29.801,,,0.0629,0.9371,,True,completed
877,DEFAULT_VEHTYPE,1970.0,2228.0,258.0,,2374.496,0.0,9.0,249.0,30.06,,,0.0349,0.9651,,True,completed
927,DEFAULT_VEHTYPE,2024.0,2229.0,205.0,,1768.755,29.0,41.0,164.0,62.46,,,0.2,0.8,,True,completed
868,DEFAULT_VEHTYPE,1956.0,2230.0,274.0,,2075.265,1.0,52.0,222.0,90.055,,,0.1898,0.8102,,True,completed
988,DEFAULT_VEHTYPE,2112.0,2230.0,118.0,,1176.743,2.0,2.0,116.0,13.11,,,0.0169,0.9831,,True,completed
912,DEFAULT_VEHTYPE,2007.0,2231.0,224.0,,1789.848,27.0,39.0,185.0,64.491,,,0.1741,0.8259,,True,completed
1005,DEFAULT_VEHTYPE,2141.0,2232.0,91.0,,596.85,29.0,30.0,61.0,39.4,,,0.3297,0.6703,,True,completed
807,DEFAULT_VEHTYPE,1885.0,2234.0,349.0,,2379.992,27.0,65.0,284.0,95.342,,,0.1862,0.8138,,True,completed
967,DEFAULT_VEHTYPE,2076.0,2236.0,160.0,,1494.969,0.0,0.0,160.0,10.42,,,0.0,1.0,,True,completed
974,DEFAULT_VEHTYPE,2088.0,2237.0,149.0,,1486.778,7.0,7.0,142.0,24.428,,,0.047,0.953,,True,completed
873,DEFAULT_VEHTYPE,1966.0,2240.0,274.0,,2386.931,5.0,43.0,231.0,78.187,,,0.1569,0.8431,,True,completed
933,DEFAULT_VEHTYPE,2033.0,2243.0,210.0,,1776.029,26.0,26.0,184.0,45.467,,,0.1238,0.8762,,True,completed
1002,DEFAULT_VEHTYPE,2134.0,2245.0,111.0,,1187.046,0.0,0.0,111.0,6.439,,,0.0,1.0,,True,completed
920,DEFAULT_VEHTYPE,2018.0,2245.0,227.0,,2077.354,2.0,5.0,222.0,28.252,,,0.022,0.978,,True,completed
953,DEFAULT_VEHTYPE,2050.0,2247.0,197.0,,1490.867,0.0,38.0,159.0,53.214,,,0.1929,0.8071,,True,completed
1014,DEFAULT_VEHTYPE,2159.0,2250.0,91.0,,883.582,8.0,8.0,83.0,17.21,,,0.0879,0.9121,,True,completed
882,DEFAULT_VEHTYPE,1976.0,2250.0,274.0,,2387.289,11.0,34.0,240.0,57.786,,,0.1241,0.8759,,True,completed
890,DEFAULT_VEHTYPE,1984.0,2250.0,266.0,,2372.864,22.0,37.0,229.0,71.345,,,0.1391,0.8609,,True,completed
930,DEFAULT_VEHTYPE,2030.0,2250.0,220.0,,1777.335,9.0,9.0,211.0,30.527,,,0.0409,0.9591,,True,completed
1030,DEFAULT_VEHTYPE,2179.0,2254.0,75.0,,888.963,0.0,0.0,75.0,3.725,,,0.0,1.0,,True,completed
916,DEFAULT_VEHTYPE,2012.0,2254.0,242.0,,1774.488,2.0,23.0,219.0,49.835,,,0.095,0.905,,True,completed
1027,DEFAULT_VEHTYPE,2173.0,2255.0,82.0,,885.215,0.0,0.0,82.0,4.453,,,0.0,1.0,,True,completed
947,DEFAULT_VEHTYPE,2045.0,2255.0,210.0,,1742.223,13.0,29.0,181.0,52.52,,,0.1381,0.8619,,True,completed
963,DEFAULT_VEHTYPE,2072.0,2255.0,183.0,,1195.013,19.0,46.0,137.0,66.078,,,0.2514,0.7486,,True,completed
913,DEFAULT_VEHTYPE,2008.0,2260.0,252.0,,2381.388,0.0,26.0,226.0,43.028,,,0.1032,0.8968,,True,completed
910,DEFAULT_VEHTYPE,2005.0,2262.0,257.0,,1774.879,36.0,77.0,180.0,100.511,,,0.2996,0.7004,,True,completed
922,DEFAULT_VEHTYPE,2019.0,2264.0,245.0,,2076.137,3.0,18.0,227.0,49.797,,,0.0735,0.9265,,True,completed
993,DEFAULT_VEHTYPE,2120.0,2264.0,144.0,,1192.306,19.0,21.0,123.0,33.133,,,0.1458,0.8542,,True,completed
1004,DEFAULT_VEHTYPE,2137.0,2266.0,129.0,,1174.975,3.0,3.0,126.0,17.04,,,0.0233,0.9767,,True,completed
1033,DEFAULT_VEHTYPE,2181.0,2267.0,86.0,,870.292,0.0,0.0,86.0,6.671,,,0.0,1.0,,True,completed
983,DEFAULT_VEHTYPE,2101.0,2267.0,166.0,,1492.58,0.0,0.0,166.0,10.792,,,0.0,1.0,,True,completed
995,DEFAULT_VEHTYPE,2126.0,2267.0,141.0,,1159.327,16.0,16.0,125.0,32.076,,,0.1135,0.8865,,True,completed
1019,DEFAULT_VEHTYPE,2165.0,2278.0,113.0,,1173.288,0.0,0.0,113.0,6.808,,,0.0,1.0,,True,completed
1016,DEFAULT_VEHTYPE,2161.0,2279.0,118.0,,1159.053,5.0,5.0,113.0,17.862,,,0.0424,0.9576,,True,completed
994,DEFAULT_VEHTYPE,2123.0,2279.0,156.0,,1483.067,22.0,27.0,129.0,38.59,,,0.1731,0.8269,,True,completed
1044,DEFAULT_VEHTYPE,2209.0,2282.0,73.0,,870.744,0.0,0.0,73.0,4.109,,,0.0,1.0,,True,completed
938,DEFAULT_VEHTYPE,2037.0,2283.0,246.0,,1738.361,0.0,73.0,173.0,94.217,,,0.2967,0.7033,,True,completed
989,DEFAULT_VEHTYPE,2115.0,2283.0,168.0,,1188.869,5.0,40.0,128.0,57.425,,,0.2381,0.7619,,True,completed
1056,DEFAULT_VEHTYPE,2233.0,2285.0,52.0,,590.062,0.0,0.0,52.0,2.647,,,0.0,1.0,,True,completed
972,DEFAULT_VEHTYPE,2084.0,2293.0,209.0,,1745.28,20.0,28.0,181.0,48.725,,,0.134,0.866,,True,completed
978,DEFAULT_VEHTYPE,2096.0,2293.0,197.0,,1789.971,5.0,9.0,188.0,30.065,,,0.0457,0.9543,,True,completed
1015,DEFAULT_VEHTYPE,2160.0,2296.0,136.0,,1473.048,3.0,3.0,133.0,15.058,,,0.0221,0.9779,,True,completed
1022,DEFAULT_VEHTYPE,2169.0,2297.0,128.0,,1189.336,0.0,0.0,128.0,12.583,,,0.0,1.0,,True,completed
1062,DEFAULT_VEHTYPE,2249.0,2297.0,48.0,,568.539,0.0,0.0,48.0,5.008,,,0.0,1.0,,True,completed
1000,DEFAULT_VEHTYPE,2131.0,2298.0,167.0,,1738.241,0.0,0.0,167.0,15.703,,,0.0,1.0,,True,completed
1010,DEFAULT_VEHTYPE,2157.0,2299.0,142.0,,1471.393,3.0,3.0,139.0,16.143,,,0.0211,0.9789,,True,completed
949,DEFAULT_VEHTYPE,2047.0,2299.0,252.0,,2091.545,0.0,0.0,252.0,24.316,,,0.0,1.0,,True,completed
980,DEFAULT_VEHTYPE,2099.0,2299.0,200.0,,1493.901,16.0,17.0,183.0,39.34,,,0.085,0.915,,True,completed
1009,DEFAULT_VEHTYPE,2149.0,2300.0,151.0,,1468.484,10.0,10.0,141.0,34.199,,,0.0662,0.9338,,True,completed
973,DEFAULT_VEHTYPE,2088.0,2305.0,217.0,,2091.024,0.0,0.0,217.0,17.07,,,0.0,1.0,,True,completed
992,DEFAULT_VEHTYPE,2119.0,2305.0,186.0,,1775.887,0.0,3.0,183.0,29.489,,,0.0161,0.9839,,True,completed
1011,DEFAULT_VEHTYPE,2158.0,2306.0,148.0,,1171.077,0.0,8.0,140.0,20.982,,,0.0541,0.9459,,True,completed
964,DEFAULT_VEHTYPE,2073.0,2309.0,236.0,,2084.855,1.0,27.0,209.0,55.199,,,0.1144,0.8856,,True,completed
985,DEFAULT_VEHTYPE,2106.0,2310.0,204.0,,2071.955,0.0,0.0,204.0,18.067,,,0.0,1.0,,True,completed
996,DEFAULT_VEHTYPE,2126.0,2310.0,184.0,,1771.895,0.0,0.0,184.0,12.159,,,0.0,1.0,,True,completed
1053,DEFAULT_VEHTYPE,2228.0,2315.0,87.0,,892.692,0.0,0.0,87.0,5.113,,,0.0,1.0,,True,completed
979,DEFAULT_VEHTYPE,2097.0,2315.0,218.0,,1777.647,23.0,26.0,192.0,48.205,,,0.1193,0.8807,,True,completed
1032,DEFAULT_VEHTYPE,2180.0,2318.0,138.0,,1197.004,3.0,12.0,126.0,29.142,,,0.087,0.913,,True,completed
997,DEFAULT_VEHTYPE,2128.0,2318.0,190.0,,1494.196,5.0,22.0,168.0,40.416,,,0.1158,0.8842,,True,completed
958,DEFAULT_VEHTYPE,2054.0,2320.0,266.0,,2077.035,1.0,46.0,220.0,66.674,,,0.1729,0.8271,,True,completed
998,DEFAULT_VEHTYPE,2129.0,2322.0,193.0,,1768.78,3.0,10.0,183.0,37.263,,,0.0518,0.9482,,True,completed
990,DEFAULT_VEHTYPE,2117.0,2324.0,207.0,,1775.656,9.0,22.0,185.0,53.72,,,0.1063,0.8937,,True,completed
977,DEFAULT_VEHTYPE,2094.0,2326.0,232.0,,2078.622,0.0,11.0,221.0,40.395,,,0.0474,0.9526,,True,completed
1012,DEFAULT_VEHTYPE,2158.0,2330.0,172.0,,1793.637,5.0,11.0,161.0,28.788,,,0.064,0.936,,True,completed
970,DEFAULT_VEHTYPE,2083.0,2330.0,247.0,,1778.291,14.0,16.0,231.0,45.214,,,0.0648,0.9352,,True,completed
1037,DEFAULT_VEHTYPE,2192.0,2331.0,139.0,,1479.58,0.0,1.0,138.0,10.31,,,0.0072,0.9928,,True,completed
936,DEFAULT_VEHTYPE,2036.0,2333.0,297.0,,2071.496,30.0,76.0,221.0,106.073,,,0.2559,0.7441,,True,completed
1023,DEFAULT_VEHTYPE,2169.0,2334.0,165.0,,1456.63,0.0,0.0,165.0,12.862,,,0.0,1.0,,True,completed
952,DEFAULT_VEHTYPE,2049.0,2335.0,286.0,,2073.374,31.0,53.0,233.0,80.895,,,0.1853,0.8147,,True,completed
1025,DEFAULT_VEHTYPE,2172.0,2336.0,164.0,,1493.635,25.0,25.0,139.0,40.24,,,0.1524,0.8476,,True,completed
1038,DEFAULT_VEHTYPE,2194.0,2337.0,143.0,,1156.053,23.0,23.0,120.0,39.538,,,0.1608,0.8392,,True,completed
1067,DEFAULT_VEHTYPE,2257.0,2337.0,80.0,,893.845,0.0,0.0,80.0,4.333,,,0.0,1.0,,True,completed
1020,DEFAULT_VEHTYPE,2166.0,2339.0,173.0,,1775.941,6.0,10.0,163.0,34.624,,,0.0578,0.9422,,True,completed
1003,DEFAULT_VEHTYPE,2135.0,2342.0,207.0,,1778.733,30.0,30.0,177.0,50.422,,,0.1449,0.8551,,True,completed
991,DEFAULT_VEHTYPE,2119.0,2345.0,226.0,,2378.543,4.0,9.0,217.0,35.363,,,0.0398,0.9602,,True,completed
975,DEFAULT_VEHTYPE,2090.0,2348.0,258.0,,1774.492,34.0,41.0,217.0,67.167,,,0.1589,0.8411,,True,completed
942,DEFAULT_VEHTYPE,2039.0,2349.0,310.0,,2369.677,3.0,78.0,232.0,109.871,,,0.2516,0.7484,,True,completed
981,DEFAULT_VEHTYPE,2100.0,2354.0,254.0,,2094.048,9.0,35.0,219.0,64.121,,,0.1378,0.8622,,True,completed
1048,DEFAULT_VEHTYPE,2222.0,2355.0,133.0,,1155.688,6.0,6.0,127.0,20.016,,,0.0451,0.9549,,True,completed
1050,DEFAULT_VEHTYPE,2224.0,2355.0,131.0,,1173.054,5.0,5.0,126.0,17.533,,,0.0382,0.9618,,True,completed
1052,DEFAULT_VEHTYPE,2227.0,2358.0,131.0,,1194.407,23.0,27.0,104.0,37.289,,,0.2061,0.7939,,True,completed
1066,DEFAULT_VEHTYPE,2257.0,2359.0,102.0,,889.69,23.0,23.0,79.0,31.77,,,0.2255,0.7745,,True,completed
1063,DEFAULT_VEHTYPE,2250.0,2360.0,110.0,,1192.106,0.0,0.0,110.0,5.944,,,0.0,1.0,,True,completed
1042,DEFAULT_VEHTYPE,2205.0,2364.0,159.0,,1175.79,5.0,30.0,129.0,46.33,,,0.1887,0.8113,,True,completed
1054,DEFAULT_VEHTYPE,2229.0,2364.0,135.0,,1474.524,0.0,5.0,130.0,18.467,,,0.037,0.963,,True,completed
987,DEFAULT_VEHTYPE,2111.0,2364.0,253.0,,2078.231,23.0,35.0,218.0,59.636,,,0.1383,0.8617,,True,completed
1028,DEFAULT_VEHTYPE,2175.0,2365.0,190.0,,1488.181,10.0,21.0,169.0,43.244,,,0.1105,0.8895,,True,completed
955,DEFAULT_VEHTYPE,2051.0,2367.0,316.0,,2090.846,9.0,45.0,271.0,79.588,,,0.1424,0.8576,,True,completed
1088,DEFAULT_VEHTYPE,2305.0,2368.0,63.0,,592.948,0.0,0.0,63.0,4.196,,,0.0,1.0,,True,completed
1089,DEFAULT_VEHTYPE,2306.0,2369.0,63.0,,567.451,0.0,0.0,63.0,5.024,,,0.0,1.0,,True,completed
1040,DEFAULT_VEHTYPE,2199.0,2370.0,171.0,,1777.148,0.0,3.0,168.0,19.786,,,0.0175,0.9825,,True,completed
1095,DEFAULT_VEHTYPE,2314.0,2370.0,56.0,,567.152,0.0,0.0,56.0,3.898,,,0.0,1.0,,True,completed
1036,DEFAULT_VEHTYPE,2192.0,2371.0,179.0,,1777.145,5.0,5.0,174.0,19.626,,,0.0279,0.9721,,True,completed
968,DEFAULT_VEHTYPE,2078.0,2373.0,295.0,,2379.684,0.0,26.0,269.0,56.435,,,0.0881,0.9119,,True,completed
1021,DEFAULT_VEHTYPE,2168.0,2374.0,206.0,,1775.681,9.0,11.0,195.0,38.207,,,0.0534,0.9466,,True,completed
950,DEFAULT_VEHTYPE,2047.0,2376.0,329.0,,1193.543,63.0,193.0,136.0,210.436,,,0.5866,0.4134,,True,completed
1001,DEFAULT_VEHTYPE,2132.0,2384.0,252.0,,2092.805,0.0,20.0,232.0,42.545,,,0.0794,0.9206,,True,completed
1072,DEFAULT_VEHTYPE,2274.0,2384.0,110.0,,889.491,17.0,17.0,93.0,26.025,,,0.1545,0.8455,,True,completed
1013,DEFAULT_VEHTYPE,2159.0,2387.0,228.0,,1793.842,4.0,34.0,194.0,55.01,,,0.1491,0.8509,,True,completed
1069,DEFAULT_VEHTYPE,2265.0,2388.0,123.0,,893.392,19.0,19.0,104.0,29.149,,,0.1545,0.8455,,True,completed
1090,DEFAULT_VEHTYPE,2307.0,2390.0,83.0,,890.646,1.0,1.0,82.0,9.548,,,0.012,0.988,,True,completed
1057,DEFAULT_VEHTYPE,2236.0,2392.0,156.0,,1191.96,38.0,38.0,118.0,49.115,,,0.2436,0.7564,,True,completed
1101,DEFAULT_VEHTYPE,2321.0,2392.0,71.0,,853.735,0.0,0.0,71.0,5.469,,,0.0,1.0,,True,completed
1092,DEFAULT_VEHTYPE,2309.0,2393.0,84.0,,857.607,0.0,0.0,84.0,6.536,,,0.0,1.0,,True,completed
1059,DEFAULT_VEHTYPE,2242.0,2394.0,152.0,,1492.845,0.0,11.0,141.0,25.18,,,0.0724,0.9276,,True,completed
1041,DEFAULT_VEHTYPE,2200.0,2395.0,195.0,,1474.778,3.0,30.0,165.0,50.206,,,0.1538,0.8462,,True,completed
1035,DEFAULT_VEHTYPE,2187.0,2401.0,214.0,,1773.453,0.0,13.0,201.0,32.24,,,0.0607,0.9393,,True,completed
1076,DEFAULT_VEHTYPE,2279.0,2401.0,122.0,,1170.972,5.0,5.0,117.0,19.924,,,0.041,0.959,,True,completed
1008,DEFAULT_VEHTYPE,2147.0,2403.0,256.0,,2375.67,0.0,21.0,235.0,44.203,,,0.082,0.918,,True,completed
1018,DEFAULT_VEHTYPE,2162.0,2406.0,244.0,,2377.023,0.0,8.0,236.0,30.855,,,0.0328,0.9672,,True,completed
1070,DEFAULT_VEHTYPE,2266.0,2406.0,140.0,,1192.26,15.0,27.0,113.0,36.607,,,0.1929,0.8071,,True,completed
1026,DEFAULT_VEHTYPE,2173.0,2407.0,234.0,,1494.437,24.0,59.0,175.0,81.702,,,0.2521,0.7479,,True,completed
1047,DEFAULT_VEHTYPE,2221.0,2408.0,187.0,,1494.478,2.0,19.0,168.0,39.292,,,0.1016,0.8984,,True,completed
1058,DEFAULT_VEHTYPE,2236.0,2408.0,172.0,,1471.635,9.0,9.0,163.0,24.413,,,0.0523,0.9477,,True,completed
999,DEFAULT_VEHTYPE,2129.0,2410.0,281.0,,2089.494,39.0,77.0,204.0,110.478,,,0.274,0.726,,True,completed
1123,DEFAULT_VEHTYPE,2365.0,2413.0,48.0,,596.682,0.0,0.0,48.0,2.393,,,0.0,1.0,,True,completed
1071,DEFAULT_VEHTYPE,2271.0,2419.0,148.0,,1168.25,3.0,10.0,138.0,26.215,,,0.0676,0.9324,,True,completed
1024,DEFAULT_VEHTYPE,2171.0,2420.0,249.0,,1793.094,8.0,43.0,206.0,63.809,,,0.1727,0.8273,,True,completed
1084,DEFAULT_VEHTYPE,2298.0,2420.0,122.0,,1174.608,16.0,16.0,106.0,27.75,,,0.1311,0.8689,,True,completed
1045,DEFAULT_VEHTYPE,2215.0,2421.0,206.0,,1785.137,12.0,31.0,175.0,51.495,,,0.1505,0.8495,,True,completed
1100,DEFAULT_VEHTYPE,2320.0,2422.0,102.0,,1197.074,0.0,0.0,102.0,5.752,,,0.0,1.0,,True,completed
1031,DEFAULT_VEHTYPE,2179.0,2423.0,244.0,,2376.213,3.0,8.0,236.0,31.103,,,0.0328,0.9672,,True,completed
1034,DEFAULT_VEHTYPE,2184.0,2425.0,241.0,,2375.528,7.0,12.0,229.0,50.269,,,0.0498,0.9502,,True,completed
1046,DEFAULT_VEHTYPE,2217.0,2427.0,210.0,,1779.453,6.0,6.0,204.0,28.354,,,0.0286,0.9714,,True,completed
1051,DEFAULT_VEHTYPE,2227.0,2431.0,204.0,,1747.79,26.0,37.0,167.0,59.397,,,0.1814,0.8186,,True,completed
1112,DEFAULT_VEHTYPE,2336.0,2433.0,97.0,,871.19,4.0,4.0,93.0,14.788,,,0.0412,0.9588,,True,completed
1111,DEFAULT_VEHTYPE,2336.0,2436.0,100.0,,894.001,5.0,5.0,95.0,16.811,,,0.05,0.95,,True,completed
1083,DEFAULT_VEHTYPE,2297.0,2437.0,140.0,,1170.485,0.0,0.0,140.0,11.232,,,0.0,1.0,,True,completed
1116,DEFAULT_VEHTYPE,2352.0,2442.0,90.0,,889.743,1.0,1.0,89.0,11.428,,,0.0111,0.9889,,True,completed
1055,DEFAULT_VEHTYPE,2230.0,2447.0,217.0,,1775.7,0.0,32.0,185.0,50.556,,,0.1475,0.8525,,True,completed
1029,DEFAULT_VEHTYPE,2177.0,2452.0,275.0,,2386.91,6.0,22.0,253.0,54.892,,,0.08,0.92,,True,completed
1064,DEFAULT_VEHTYPE,2254.0,2453.0,199.0,,2075.384,0.0,2.0,197.0,24.459,,,0.0101,0.9899,,True,completed
1080,DEFAULT_VEHTYPE,2294.0,2453.0,159.0,,1474.827,0.0,0.0,159.0,11.083,,,0.0,1.0,,True,completed
1085,DEFAULT_VEHTYPE,2298.0,2457.0,159.0,,1452.981,0.0,0.0,159.0,11.521,,,0.0,1.0,,True,completed
1097,DEFAULT_VEHTYPE,2316.0,2457.0,141.0,,1194.666,8.0,8.0,133.0,19.808,,,0.0567,0.9433,,True,completed
1110,DEFAULT_VEHTYPE,2335.0,2457.0,122.0,,1176.501,0.0,0.0,122.0,10.142,,,0.0,1.0,,True,completed
1113,DEFAULT_VEHTYPE,2342.0,2458.0,116.0,,1151.084,0.0,0.0,116.0,12.333,,,0.0,1.0,,True,completed
1087,DEFAULT_VEHTYPE,2304.0,2459.0,155.0,,1495.173,0.0,0.0,155.0,15.23,,,0.0,1.0,,True,completed
1049,DEFAULT_VEHTYPE,2222.0,2462.0,240.0,,1778.418,29.0,46.0,194.0,83.299,,,0.1917,0.8083,,True,completed
1074,DEFAULT_VEHTYPE,2276.0,2462.0,186.0,,1471.202,26.0,32.0,154.0,64.002,,,0.172,0.828,,True,completed
1043,DEFAULT_VEHTYPE,2207.0,2463.0,256.0,,2074.725,17.0,33.0,223.0,65.164,,,0.1289,0.8711,,True,completed
1078,DEFAULT_VEHTYPE,2285.0,2464.0,179.0,,1485.263,9.0,25.0,154.0,46.808,,,0.1397,0.8603,,True,completed
1081,DEFAULT_VEHTYPE,2295.0,2464.0,169.0,,1744.91,2.0,2.0,167.0,15.696,,,0.0118,0.9882,,True,completed
1060,DEFAULT_VEHTYPE,2245.0,2468.0,223.0,,1740.025,0.0,60.0,163.0,73.839,,,0.2691,0.7309,,True,completed
1039,DEFAULT_VEHTYPE,2197.0,2473.0,276.0,,2376.994,1.0,1.0,275.0,28.709,,,0.0036,0.9964,,True,completed
1073,DEFAULT_VEHTYPE,2274.0,2473.0,199.0,,1776.828,6.0,14.0,185.0,33.51,,,0.0704,0.9296,,True,completed
1086,DEFAULT_VEHTYPE,2304.0,2474.0,170.0,,1495.373,4.0,12.0,158.0,30.668,,,0.0706,0.9294,,True,completed
1099,DEFAULT_VEHTYPE,2319.0,2474.0,155.0,,1469.008,0.0,1.0,154.0,15.328,,,0.0065,0.9935,,True,completed
1102,DEFAULT_VEHTYPE,2323.0,2475.0,152.0,,1472.801,2.0,2.0,150.0,15.987,,,0.0132,0.9868,,True,completed
1105,DEFAULT_VEHTYPE,2326.0,2478.0,152.0,,1486.648,7.0,7.0,145.0,20.343,,,0.0461,0.9539,,True,completed
1068,DEFAULT_VEHTYPE,2258.0,2483.0,225.0,,1773.897,0.0,27.0,198.0,43.638,,,0.12,0.88,,True,completed
1104,DEFAULT_VEHTYPE,2326.0,2483.0,157.0,,1777.648,0.0,0.0,157.0,14.532,,,0.0,1.0,,True,completed
1006,DEFAULT_VEHTYPE,2141.0,2484.0,343.0,,2375.219,32.0,80.0,263.0,115.224,,,0.2332,0.7668,,True,completed
1017,DEFAULT_VEHTYPE,2161.0,2484.0,323.0,,2089.418,34.0,34.0,289.0,60.684,,,0.1053,0.8947,,True,completed
1119,DEFAULT_VEHTYPE,2357.0,2485.0,128.0,,1454.375,0.0,0.0,128.0,7.708,,,0.0,1.0,,True,completed
1094,DEFAULT_VEHTYPE,2311.0,2490.0,179.0,,1488.067,0.0,4.0,175.0,20.383,,,0.0223,0.9777,,True,completed
1096,DEFAULT_VEHTYPE,2315.0,2494.0,179.0,,1774.249,0.0,7.0,172.0,30.514,,,0.0391,0.9609,,True,completed
1065,DEFAULT_VEHTYPE,2254.0,2495.0,241.0,,1781.724,32.0,44.0,197.0,71.574,,,0.1826,0.8174,,True,completed
1125,DEFAULT_VEHTYPE,2368.0,2502.0,134.0,,1191.362,8.0,10.0,124.0,27.32,,,0.0746,0.9254,,True,completed
1134,DEFAULT_VEHTYPE,2391.0,2507.0,116.0,,1188.669,0.0,0.0,116.0,7.816,,,0.0,1.0,,True,completed
1155,DEFAULT_VEHTYPE,2455.0,2512.0,57.0,,571.294,0.0,0.0,57.0,3.208,,,0.0,1.0,,True,completed
1141,DEFAULT_VEHTYPE,2422.0,2518.0,96.0,,1159.414,0.0,0.0,96.0,5.913,,,0.0,1.0,,True,completed
1142,DEFAULT_VEHTYPE,2424.0,2518.0,94.0,,875.946,0.0,0.0,94.0,6.972,,,0.0,1.0,,True,completed
1118,DEFAULT_VEHTYPE,2353.0,2526.0,173.0,,1743.594,0.0,0.0,173.0,14.851,,,0.0,1.0,,True,completed
1082,DEFAULT_VEHTYPE,2296.0,2534.0,238.0,,2071.726,0.0,19.0,219.0,41.555,,,0.0798,0.9202,,True,completed
1114,DEFAULT_VEHTYPE,2345.0,2534.0,189.0,,1475.297,32.0,33.0,156.0,52.267,,,0.1746,0.8254,,True,completed
1077,DEFAULT_VEHTYPE,2280.0,2537.0,257.0,,2089.182,13.0,16.0,241.0,42.207,,,0.0623,0.9377,,True,completed
1121,DEFAULT_VEHTYPE,2359.0,2538.0,179.0,,1785.808,11.0,14.0,165.0,43.964,,,0.0782,0.9218,,True,completed
1122,DEFAULT_VEHTYPE,2360.0,2539.0,179.0,,1771.506,0.0,0.0,179.0,15.752,,,0.0,1.0,,True,completed
1108,DEFAULT_VEHTYPE,2332.0,2541.0,209.0,,2087.922,0.0,1.0,208.0,23.341,,,0.0048,0.9952,,True,completed
1107,DEFAULT_VEHTYPE,2332.0,2542.0,210.0,,1782.517,3.0,3.0,207.0,21.198,,,0.0143,0.9857,,True,completed
1106,DEFAULT_VEHTYPE,2330.0,2552.0,222.0,,2088.075,15.0,18.0,204.0,51.162,,,0.0811,0.9189,,True,completed
1129,DEFAULT_VEHTYPE,2385.0,2552.0,167.0,,1492.846,25.0,25.0,142.0,37.527,,,0.1497,0.8503,,True,completed
1132,DEFAULT_VEHTYPE,2387.0,2552.0,165.0,,1743.297,7.0,7.0,158.0,23.336,,,0.0424,0.9576,,True,completed
1143,DEFAULT_VEHTYPE,2425.0,2552.0,127.0,,1191.803,7.0,7.0,120.0,23.312,,,0.0551,0.9449,,True,completed
1130,DEFAULT_VEHTYPE,2386.0,2555.0,169.0,,1495.202,10.0,11.0,158.0,28.912,,,0.0651,0.9349,,True,completed
1061,DEFAULT_VEHTYPE,2248.0,2557.0,309.0,,2089.349,15.0,55.0,254.0,92.39,,,0.178,0.822,,True,completed
1154,DEFAULT_VEHTYPE,2454.0,2557.0,103.0,,1155.461,0.0,0.0,103.0,6.537,,,0.0,1.0,,True,completed
1128,DEFAULT_VEHTYPE,2377.0,2558.0,181.0,,1741.187,0.0,0.0,181.0,14.658,,,0.0,1.0,,True,completed
1079,DEFAULT_VEHTYPE,2293.0,2559.0,266.0,,2079.452,1.0,22.0,244.0,56.311,,,0.0827,0.9173,,True,completed
1139,DEFAULT_VEHTYPE,2417.0,2562.0,145.0,,1492.818,3.0,3.0,142.0,15.958,,,0.0207,0.9793,,True,completed
1120,DEFAULT_VEHTYPE,2359.0,2564.0,205.0,,1775.272,22.0,22.0,183.0,38.445,,,0.1073,0.8927,,True,completed
1103,DEFAULT_VEHTYPE,2325.0,2566.0,241.0,,2088.448,8.0,31.0,210.0,66.037,,,0.1286,0.8714,,True,completed
1151,DEFAULT_VEHTYPE,2450.0,2568.0,118.0,,1189.659,0.0,0.0,118.0,7.464,,,0.0,1.0,,True,completed
1091,DEFAULT_VEHTYPE,2308.0,2570.0,262.0,,2094.325,0.0,25.0,237.0,46.607,,,0.0954,0.9046,,True,completed
1146,DEFAULT_VEHTYPE,2444.0,2570.0,126.0,,1175.147,9.0,9.0,117.0,19.36,,,0.0714,0.9286,,True,completed
1137,DEFAULT_VEHTYPE,2407.0,2572.0,165.0,,1487.44,11.0,15.0,150.0,33.242,,,0.0909,0.9091,,True,completed
1126,DEFAULT_VEHTYPE,2376.0,2575.0,199.0,,1774.745,1.0,1.0,198.0,23.128,,,0.005,0.995,,True,completed
1131,DEFAULT_VEHTYPE,2387.0,2575.0,188.0,,1741.788,0.0,0.0,188.0,16.067,,,0.0,1.0,,True,completed
1127,DEFAULT_VEHTYPE,2377.0,2581.0,204.0,,1785.606,16.0,31.0,173.0,49.583,,,0.152,0.848,,True,completed
1117,DEFAULT_VEHTYPE,2353.0,2582.0,229.0,,2076.168,11.0,24.0,205.0,46.261,,,0.1048,0.8952,,True,completed
1153,DEFAULT_VEHTYPE,2454.0,2582.0,128.0,,1192.745,8.0,8.0,120.0,23.062,,,0.0625,0.9375,,True,completed
1144,DEFAULT_VEHTYPE,2436.0,2585.0,149.0,,1486.28,0.0,0.0,149.0,10.07,,,0.0,1.0,,True,completed
1075,DEFAULT_VEHTYPE,2278.0,2587.0,309.0,,2078.04,27.0,65.0,244.0,93.428,,,0.2104,0.7896,,True,completed
1109,DEFAULT_VEHTYPE,2333.0,2588.0,255.0,,2076.679,3.0,36.0,219.0,59.245,,,0.1412,0.8588,,True,completed
1169,DEFAULT_VEHTYPE,2488.0,2588.0,100.0,,1179.656,0.0,0.0,100.0,5.026,,,0.0,1.0,,True,completed
1093,DEFAULT_VEHTYPE,2310.0,2589.0,279.0,,2077.581,0.0,16.0,263.0,39.325,,,0.0573,0.9427,,True,completed
1175,DEFAULT_VEHTYPE,2504.0,2592.0,88.0,,870.999,0.0,0.0,88.0,5.687,,,0.0,1.0,,True,completed
1098,DEFAULT_VEHTYPE,2319.0,2594.0,275.0,,2077.566,0.0,38.0,237.0,63.128,,,0.1382,0.8618,,True,completed
1157,DEFAULT_VEHTYPE,2468.0,2595.0,127.0,,1171.377,0.0,0.0,127.0,12.487,,,0.0,1.0,,True,completed
1148,DEFAULT_VEHTYPE,2446.0,2602.0,156.0,,1492.652,2.0,7.0,149.0,24.675,,,0.0449,0.9551,,True,completed
1138,DEFAULT_VEHTYPE,2410.0,2605.0,195.0,,2370.313,0.0,0.0,195.0,10.516,,,0.0,1.0,,True,completed
1149,DEFAULT_VEHTYPE,2447.0,2605.0,158.0,,1775.482,0.0,0.0,158.0,9.266,,,0.0,1.0,,True,completed
1136,DEFAULT_VEHTYPE,2404.0,2612.0,208.0,,2092.419,6.0,6.0,202.0,25.673,,,0.0288,0.9712,,True,completed
1185,DEFAULT_VEHTYPE,2517.0,2617.0,100.0,,891.686,0.0,0.0,100.0,6.203,,,0.0,1.0,,True,completed
1196,DEFAULT_VEHTYPE,2540.0,2617.0,77.0,,856.82,0.0,0.0,77.0,5.682,,,0.0,1.0,,True,completed
1183,DEFAULT_VEHTYPE,2516.0,2620.0,104.0,,1193.396,0.0,0.0,104.0,5.266,,,0.0,1.0,,True,completed
1158,DEFAULT_VEHTYPE,2471.0,2621.0,150.0,,1485.273,5.0,7.0,143.0,23.055,,,0.0467,0.9533,,True,completed
1152,DEFAULT_VEHTYPE,2453.0,2622.0,169.0,,1490.902,29.0,42.0,127.0,55.232,,,0.2485,0.7515,,True,completed
1150,DEFAULT_VEHTYPE,2448.0,2625.0,177.0,,1495.793,16.0,18.0,159.0,34.055,,,0.1017,0.8983,,True,completed
1140,DEFAULT_VEHTYPE,2419.0,2626.0,207.0,,1486.868,32.0,37.0,170.0,56.693,,,0.1787,0.8213,,True,completed
1163,DEFAULT_VEHTYPE,2479.0,2626.0,147.0,,1154.291,0.0,0.0,147.0,11.757,,,0.0,1.0,,True,completed
1133,DEFAULT_VEHTYPE,2390.0,2628.0,238.0,,2376.43,7.0,9.0,229.0,33.772,,,0.0378,0.9622,,True,completed
1145,DEFAULT_VEHTYPE,2438.0,2630.0,192.0,,2087.929,0.0,0.0,192.0,12.721,,,0.0,1.0,,True,completed
1198,DEFAULT_VEHTYPE,2545.0,2631.0,86.0,,888.192,1.0,1.0,85.0,10.549,,,0.0116,0.9884,,True,completed
1203,DEFAULT_VEHTYPE,2550.0,2632.0,82.0,,870.56,0.0,0.0,82.0,5.396,,,0.0,1.0,,True,completed
1202,DEFAULT_VEHTYPE,2549.0,2636.0,87.0,,850.144,0.0,0.0,87.0,7.287,,,0.0,1.0,,True,completed
1115,DEFAULT_VEHTYPE,2346.0,2640.0,294.0,,2381.845,25.0,27.0,267.0,52.315,,,0.0918,0.9082,,True,completed
1167,DEFAULT_VEHTYPE,2487.0,2643.0,156.0,,1491.989,0.0,0.0,156.0,10.163,,,0.0,1.0,,True,completed
1194,DEFAULT_VEHTYPE,2535.0,2643.0,108.0,,894.293,15.0,15.0,93.0,24.854,,,0.1389,0.8611,,True,completed
1213,DEFAULT_VEHTYPE,2564.0,2643.0,79.0,,889.325,0.0,0.0,79.0,4.043,,,0.0,1.0,,True,completed
1212,DEFAULT_VEHTYPE,2564.0,2645.0,81.0,,848.693,0.0,0.0,81.0,6.062,,,0.0,1.0,,True,completed
1168,DEFAULT_VEHTYPE,2489.0,2650.0,161.0,,1494.602,8.0,8.0,153.0,30.147,,,0.0497,0.9503,,True,completed
1178,DEFAULT_VEHTYPE,2507.0,2651.0,144.0,,1494.261,1.0,1.0,143.0,14.579,,,0.0069,0.9931,,True,completed
1199,DEFAULT_VEHTYPE,2546.0,2651.0,105.0,,1195.212,0.0,0.0,105.0,10.922,,,0.0,1.0,,True,completed
1160,DEFAULT_VEHTYPE,2475.0,2653.0,178.0,,1490.936,2.0,2.0,176.0,17.335,,,0.0112,0.9888,,True,completed
1124,DEFAULT_VEHTYPE,2366.0,2654.0,288.0,,2385.977,11.0,30.0,258.0,62.392,,,0.1042,0.8958,,True,completed
1191,DEFAULT_VEHTYPE,2527.0,2654.0,127.0,,1189.991,3.0,3.0,124.0,15.666,,,0.0236,0.9764,,True,completed
1164,DEFAULT_VEHTYPE,2480.0,2659.0,179.0,,1486.338,3.0,5.0,174.0,26.695,,,0.0279,0.9721,,True,completed
1170,DEFAULT_VEHTYPE,2492.0,2661.0,169.0,,1777.283,3.0,3.0,166.0,16.849,,,0.0178,0.9822,,True,completed
1180,DEFAULT_VEHTYPE,2509.0,2669.0,160.0,,1791.442,2.0,2.0,158.0,19.522,,,0.0125,0.9875,,True,completed
1162,DEFAULT_VEHTYPE,2478.0,2673.0,195.0,,2072.526,0.0,4.0,191.0,31.266,,,0.0205,0.9795,,True,completed
1174,DEFAULT_VEHTYPE,2501.0,2673.0,172.0,,1740.703,0.0,0.0,172.0,12.004,,,0.0,1.0,,True,completed
1193,DEFAULT_VEHTYPE,2533.0,2673.0,140.0,,1192.689,0.0,5.0,135.0,16.743,,,0.0357,0.9643,,True,completed
1173,DEFAULT_VEHTYPE,2498.0,2674.0,176.0,,1771.184,1.0,1.0,175.0,16.13,,,0.0057,0.9943,,True,completed
1182,DEFAULT_VEHTYPE,2514.0,2674.0,160.0,,1745.513,0.0,0.0,160.0,11.49,,,0.0,1.0,,True,completed
1171,DEFAULT_VEHTYPE,2492.0,2675.0,183.0,,1178.101,0.0,5.0,178.0,24.685,,,0.0273,0.9727,,True,completed
1166,DEFAULT_VEHTYPE,2480.0,2680.0,200.0,,1472.929,6.0,11.0,189.0,31.098,,,0.055,0.945,,True,completed
1187,DEFAULT_VEHTYPE,2519.0,2680.0,161.0,,1158.116,26.0,26.0,135.0,39.855,,,0.1615,0.8385,,True,completed
1184,DEFAULT_VEHTYPE,2516.0,2681.0,165.0,,1491.586,10.0,16.0,149.0,37.367,,,0.097,0.903,,True,completed
1188,DEFAULT_VEHTYPE,2520.0,2681.0,161.0,,1474.889,5.0,17.0,144.0,35.246,,,0.1056,0.8944,,True,completed
1186,DEFAULT_VEHTYPE,2517.0,2682.0,165.0,,1479.644,9.0,16.0,149.0,33.157,,,0.097,0.903,,True,completed
1211,DEFAULT_VEHTYPE,2563.0,2683.0,120.0,,1156.673,0.0,0.0,120.0,13.512,,,0.0,1.0,,True,completed
1189,DEFAULT_VEHTYPE,2524.0,2684.0,160.0,,1744.801,0.0,0.0,160.0,11.407,,,0.0,1.0,,True,completed
1239,DEFAULT_VEHTYPE,2634.0,2688.0,54.0,,576.34,0.0,0.0,54.0,3.923,,,0.0,1.0,,True,completed
1147,DEFAULT_VEHTYPE,2445.0,2689.0,244.0,,2074.802,15.0,42.0,202.0,65.598,,,0.1721,0.8279,,True,completed
1217,DEFAULT_VEHTYPE,2589.0,2690.0,101.0,,888.807,15.0,15.0,86.0,29.312,,,0.1485,0.8515,,True,completed
1206,DEFAULT_VEHTYPE,2554.0,2691.0,137.0,,1197.357,20.0,20.0,117.0,38.394,,,0.146,0.854,,True,completed
1181,DEFAULT_VEHTYPE,2510.0,2704.0,194.0,,2079.336,8.0,12.0,182.0,30.609,,,0.0619,0.9381,,True,completed
1242,DEFAULT_VEHTYPE,2643.0,2706.0,63.0,,594.837,0.0,0.0,63.0,3.537,,,0.0,1.0,,True,completed
1247,DEFAULT_VEHTYPE,2655.0,2706.0,51.0,,587.689,0.0,0.0,51.0,2.737,,,0.0,1.0,,True,completed
1179,DEFAULT_VEHTYPE,2509.0,2708.0,199.0,,2079.017,7.0,17.0,182.0,49.068,,,0.0854,0.9146,,True,completed
1210,DEFAULT_VEHTYPE,2561.0,2712.0,151.0,,1194.436,37.0,37.0,114.0,47.54,,,0.245,0.755,,True,completed
1156,DEFAULT_VEHTYPE,2467.0,2715.0,248.0,,2372.165,7.0,27.0,221.0,55.213,,,0.1089,0.8911,,True,completed
1190,DEFAULT_VEHTYPE,2525.0,2715.0,190.0,,1743.203,0.0,5.0,185.0,21.447,,,0.0263,0.9737,,True,completed
1224,DEFAULT_VEHTYPE,2612.0,2721.0,109.0,,886.639,0.0,0.0,109.0,7.976,,,0.0,1.0,,True,completed
1135,DEFAULT_VEHTYPE,2401.0,2732.0,331.0,,2390.879,25.0,84.0,247.0,123.007,,,0.2538,0.7462,,True,completed
1204,DEFAULT_VEHTYPE,2550.0,2734.0,184.0,,1740.117,0.0,0.0,184.0,15.887,,,0.0,1.0,,True,completed
1216,DEFAULT_VEHTYPE,2581.0,2734.0,153.0,,1776.668,0.0,0.0,153.0,9.003,,,0.0,1.0,,True,completed
1214,DEFAULT_VEHTYPE,2571.0,2735.0,164.0,,1493.351,7.0,7.0,157.0,20.009,,,0.0427,0.9573,,True,completed
1177,DEFAULT_VEHTYPE,2506.0,2739.0,233.0,,1779.587,0.0,0.0,233.0,20.148,,,0.0,1.0,,True,completed
1220,DEFAULT_VEHTYPE,2605.0,2739.0,134.0,,1156.747,0.0,0.0,134.0,14.045,,,0.0,1.0,,True,completed
1165,DEFAULT_VEHTYPE,2480.0,2742.0,262.0,,2095.412,0.0,20.0,242.0,37.407,,,0.0763,0.9237,,True,completed
1218,DEFAULT_VEHTYPE,2594.0,2743.0,149.0,,1487.435,7.0,7.0,142.0,25.632,,,0.047,0.953,,True,completed
1207,DEFAULT_VEHTYPE,2557.0,2744.0,187.0,,1746.897,7.0,7.0,180.0,23.939,,,0.0374,0.9626,,True,completed
1231,DEFAULT_VEHTYPE,2619.0,2744.0,125.0,,1193.189,2.0,2.0,123.0,13.315,,,0.016,0.984,,True,completed
1223,DEFAULT_VEHTYPE,2611.0,2749.0,138.0,,1455.696,0.0,0.0,138.0,8.857,,,0.0,1.0,,True,completed
1208,DEFAULT_VEHTYPE,2559.0,2750.0,191.0,,1774.689,3.0,17.0,174.0,34.279,,,0.089,0.911,,True,completed
1226,DEFAULT_VEHTYPE,2613.0,2752.0,139.0,,1484.527,4.0,4.0,135.0,16.51,,,0.0288,0.9712,,True,completed
1251,DEFAULT_VEHTYPE,2667.0,2755.0,88.0,,887.696,0.0,0.0,88.0,5.115,,,0.0,1.0,,True,completed
1225,DEFAULT_VEHTYPE,2612.0,2756.0,144.0,,1193.911,14.0,14.0,130.0,25.587,,,0.0972,0.9028,,True,completed
1228,DEFAULT_VEHTYPE,2616.0,2756.0,140.0,,1487.383,0.0,0.0,140.0,8.946,,,0.0,1.0,,True,completed
1254,DEFAULT_VEHTYPE,2673.0,2757.0,84.0,,885.55,0.0,0.0,84.0,4.465,,,0.0,1.0,,True,completed
1172,DEFAULT_VEHTYPE,2496.0,2759.0,263.0,,2079.65,0.0,1.0,262.0,20.959,,,0.0038,0.9962,,True,completed
1159,DEFAULT_VEHTYPE,2471.0,2762.0,291.0,,2378.734,2.0,7.0,284.0,38.709,,,0.0241,0.9759,,True,completed
1205,DEFAULT_VEHTYPE,2551.0,2763.0,212.0,,2080.995,3.0,3.0,209.0,25.389,,,0.0142,0.9858,,True,completed
1250,DEFAULT_VEHTYPE,2663.0,2767.0,104.0,,1161.03,0.0,0.0,104.0,6.91,,,0.0,1.0,,True,completed
1256,DEFAULT_VEHTYPE,2677.0,2767.0,90.0,,892.182,0.0,0.0,90.0,5.716,,,0.0,1.0,,True,completed
1245,DEFAULT_VEHTYPE,2649.0,2772.0,123.0,,1188.202,4.0,4.0,119.0,14.944,,,0.0325,0.9675,,True,completed
1215,DEFAULT_VEHTYPE,2578.0,2773.0,195.0,,2079.134,0.0,0.0,195.0,11.512,,,0.0,1.0,,True,completed
1209,DEFAULT_VEHTYPE,2561.0,2783.0,222.0,,1791.837,7.0,32.0,190.0,56.65,,,0.1441,0.8559,,True,completed
1201,DEFAULT_VEHTYPE,2548.0,2787.0,239.0,,2078.857,6.0,6.0,233.0,28.231,,,0.0251,0.9749,,True,completed
1176,DEFAULT_VEHTYPE,2505.0,2794.0,289.0,,1776.465,67.0,92.0,197.0,121.934,,,0.3183,0.6817,,True,completed
1195,DEFAULT_VEHTYPE,2537.0,2799.0,262.0,,2370.273,17.0,42.0,220.0,73.524,,,0.1603,0.8397,,True,completed
1276,DEFAULT_VEHTYPE,2740.0,2800.0,60.0,,596.895,4.0,4.0,56.0,13.018,,,0.0667,0.9333,,True,completed
1234,DEFAULT_VEHTYPE,2627.0,2802.0,175.0,,1487.494,21.0,25.0,150.0,43.759,,,0.1429,0.8571,,True,completed
1221,DEFAULT_VEHTYPE,2606.0,2803.0,197.0,,1771.267,0.0,23.0,174.0,42.313,,,0.1168,0.8832,,True,completed
1227,DEFAULT_VEHTYPE,2614.0,2804.0,190.0,,1746.379,0.0,0.0,190.0,14.27,,,0.0,1.0,,True,completed
1248,DEFAULT_VEHTYPE,2656.0,2806.0,150.0,,1154.501,1.0,1.0,149.0,16.079,,,0.0067,0.9933,,True,completed
1278,DEFAULT_VEHTYPE,2745.0,2806.0,61.0,,571.619,0.0,0.0,61.0,4.561,,,0.0,1.0,,True,completed
1161,DEFAULT_VEHTYPE,2476.0,2807.0,331.0,,2079.63,6.0,65.0,266.0,94.525,,,0.1964,0.8036,,True,completed
1233,DEFAULT_VEHTYPE,2625.0,2810.0,185.0,,1474.072,0.0,12.0,173.0,29.047,,,0.0649,0.9351,,True,completed
1246,DEFAULT_VEHTYPE,2649.0,2811.0,162.0,,1493.33,0.0,0.0,162.0,11.153,,,0.0,1.0,,True,completed
1243,DEFAULT_VEHTYPE,2645.0,2812.0,167.0,,1491.488,0.0,0.0,167.0,11.296,,,0.0,1.0,,True,completed
1200,DEFAULT_VEHTYPE,2547.0,2814.0,267.0,,2077.774,7.0,45.0,222.0,72.315,,,0.1685,0.8315,,True,completed
1219,DEFAULT_VEHTYPE,2595.0,2814.0,219.0,,1488.513,29.0,50.0,169.0,74.844,,,0.2283,0.7717,,True,completed
1222,DEFAULT_VEHTYPE,2607.0,2814.0,207.0,,1478.244,0.0,39.0,168.0,55.303,,,0.1884,0.8116,,True,completed
1236,DEFAULT_VEHTYPE,2629.0,2817.0,188.0,,1794.141,14.0,18.0,170.0,31.527,,,0.0957,0.9043,,True,completed
1230,DEFAULT_VEHTYPE,2618.0,2821.0,203.0,,2072.856,6.0,6.0,197.0,24.756,,,0.0296,0.9704,,True,completed
1238,DEFAULT_VEHTYPE,2632.0,2821.0,189.0,,1495.33,0.0,13.0,176.0,29.915,,,0.0688,0.9312,,True,completed
1241,DEFAULT_VEHTYPE,2643.0,2821.0,178.0,,1742.433,12.0,12.0,166.0,29.152,,,0.0674,0.9326,,True,completed
1240,DEFAULT_VEHTYPE,2641.0,2824.0,183.0,,1485.701,1.0,33.0,150.0,54.264,,,0.1803,0.8197,,True,completed
1257,DEFAULT_VEHTYPE,2681.0,2826.0,145.0,,1195.666,5.0,13.0,132.0,28.485,,,0.0897,0.9103,,True,completed
1261,DEFAULT_VEHTYPE,2695.0,2826.0,131.0,,1160.206,0.0,0.0,131.0,10.178,,,0.0,1.0,,True,completed
1266,DEFAULT_VEHTYPE,2711.0,2828.0,117.0,,893.906,9.0,9.0,108.0,23.886,,,0.0769,0.9231,,True,completed
1249,DEFAULT_VEHTYPE,2661.0,2831.0,170.0,,1195.694,3.0,14.0,156.0,32.94,,,0.0824,0.9176,,True,completed
1192,DEFAULT_VEHTYPE,2532.0,2833.0,301.0,,2372.792,13.0,15.0,286.0,42.416,,,0.0498,0.9502,,True,completed
1255,DEFAULT_VEHTYPE,2677.0,2837.0,160.0,,1474.973,0.0,1.0,159.0,14.762,,,0.0063,0.9938,,True,completed
1229,DEFAULT_VEHTYPE,2617.0,2840.0,223.0,,2077.289,0.0,0.0,223.0,18.037,,,0.0,1.0,,True,completed
1244,DEFAULT_VEHTYPE,2647.0,2843.0,196.0,,1478.339,17.0,44.0,152.0,63.064,,,0.2245,0.7755,,True,completed
1252,DEFAULT_VEHTYPE,2669.0,2847.0,178.0,,1473.149,17.0,17.0,161.0,31.237,,,0.0955,0.9045,,True,completed
1258,DEFAULT_VEHTYPE,2685.0,2847.0,162.0,,1486.199,14.0,22.0,140.0,38.15,,,0.1358,0.8642,,True,completed
1197,DEFAULT_VEHTYPE,2543.0,2854.0,311.0,,2374.526,25.0,43.0,268.0,90.087,,,0.1383,0.8617,,True,completed
1235,DEFAULT_VEHTYPE,2628.0,2856.0,228.0,,2075.543,4.0,5.0,223.0,26.989,,,0.0219,0.9781,,True,completed
1237,DEFAULT_VEHTYPE,2629.0,2856.0,227.0,,2369.927,0.0,6.0,221.0,33.898,,,0.0264,0.9736,,True,completed
1289,DEFAULT_VEHTYPE,2768.0,2856.0,88.0,,854.41,0.0,0.0,88.0,6.834,,,0.0,1.0,,True,completed
1267,DEFAULT_VEHTYPE,2715.0,2859.0,144.0,,1458.658,1.0,1.0,143.0,14.881,,,0.0069,0.9931,,True,completed
1283,DEFAULT_VEHTYPE,2757.0,2861.0,104.0,,1183.983,0.0,0.0,104.0,5.557,,,0.0,1.0,,True,completed
1232,DEFAULT_VEHTYPE,2620.0,2862.0,242.0,,2371.649,0.0,17.0,225.0,34.661,,,0.0702,0.9298,,True,completed
1268,DEFAULT_VEHTYPE,2717.0,2866.0,149.0,,1490.551,4.0,10.0,139.0,25.611,,,0.0671,0.9329,,True,completed
1262,DEFAULT_VEHTYPE,2696.0,2868.0,172.0,,1472.193,0.0,0.0,172.0,13.588,,,0.0,1.0,,True,completed
1279,DEFAULT_VEHTYPE,2746.0,2869.0,123.0,,1174.54,5.0,5.0,118.0,17.341,,,0.0407,0.9593,,True,completed
1271,DEFAULT_VEHTYPE,2722.0,2880.0,158.0,,1173.878,2.0,3.0,155.0,25.02,,,0.019,0.981,,True,completed
1270,DEFAULT_VEHTYPE,2719.0,2888.0,169.0,,1743.504,0.0,0.0,169.0,12.907,,,0.0,1.0,,True,completed
1277,DEFAULT_VEHTYPE,2742.0,2893.0,151.0,,1492.321,0.0,0.0,151.0,9.677,,,0.0,1.0,,True,completed
1287,DEFAULT_VEHTYPE,2765.0,2893.0,128.0,,1486.621,0.0,0.0,128.0,10.044,,,0.0,1.0,,True,completed
1299,DEFAULT_VEHTYPE,2809.0,2893.0,84.0,,867.765,0.0,0.0,84.0,5.325,,,0.0,1.0,,True,completed
1265,DEFAULT_VEHTYPE,2707.0,2895.0,188.0,,1789.62,2.0,2.0,186.0,17.276,,,0.0106,0.9894,,True,completed
1263,DEFAULT_VEHTYPE,2697.0,2896.0,199.0,,1786.515,8.0,8.0,191.0,24.232,,,0.0402,0.9598,,True,completed
1285,DEFAULT_VEHTYPE,2760.0,2906.0,146.0,,1475.135,0.0,0.0,146.0,9.104,,,0.0,1.0,,True,completed
1259,DEFAULT_VEHTYPE,2687.0,2907.0,220.0,,1787.865,6.0,13.0,207.0,34.905,,,0.0591,0.9409,,True,completed
1292,DEFAULT_VEHTYPE,2774.0,2907.0,133.0,,1460.437,0.0,0.0,133.0,10.656,,,0.0,1.0,,True,completed
1253,DEFAULT_VEHTYPE,2673.0,2909.0,236.0,,2370.443,9.0,10.0,226.0,44.93,,,0.0424,0.9576,,True,completed
1260,DEFAULT_VEHTYPE,2691.0,2912.0,221.0,,1744.786,0.0,15.0,206.0,34.731,,,0.0679,0.9321,,True,completed
1288,DEFAULT_VEHTYPE,2768.0,2915.0,147.0,,1473.456,2.0,6.0,141.0,21.202,,,0.0408,0.9592,,True,completed
1281,DEFAULT_VEHTYPE,2749.0,2920.0,171.0,,1778.056,4.0,5.0,166.0,21.58,,,0.0292,0.9708,,True,completed
1307,DEFAULT_VEHTYPE,2835.0,2920.0,85.0,,847.913,0.0,0.0,85.0,6.255,,,0.0,1.0,,True,completed
1308,DEFAULT_VEHTYPE,2838.0,2922.0,84.0,,866.328,0.0,0.0,84.0,6.304,,,0.0,1.0,,True,completed
1309,DEFAULT_VEHTYPE,2839.0,2924.0,85.0,,858.16,0.0,0.0,85.0,6.421,,,0.0,1.0,,True,completed
1272,DEFAULT_VEHTYPE,2729.0,2925.0,196.0,,1774.463,6.0,6.0,190.0,25.171,,,0.0306,0.9694,,True,completed
1269,DEFAULT_VEHTYPE,2718.0,2927.0,209.0,,1788.141,0.0,45.0,164.0,63.175,,,0.2153,0.7847,,True,completed
1293,DEFAULT_VEHTYPE,2776.0,2928.0,152.0,,1490.407,0.0,5.0,147.0,17.464,,,0.0329,0.9671,,True,completed
1294,DEFAULT_VEHTYPE,2778.0,2931.0,153.0,,1474.759,3.0,8.0,145.0,27.389,,,0.0523,0.9477,,True,completed
1314,DEFAULT_VEHTYPE,2854.0,2934.0,80.0,,867.642,0.0,0.0,80.0,5.459,,,0.0,1.0,,True,completed
1264,DEFAULT_VEHTYPE,2706.0,2939.0,233.0,,2373.799,1.0,1.0,232.0,19.548,,,0.0043,0.9957,,True,completed
1282,DEFAULT_VEHTYPE,2750.0,2939.0,189.0,,1748.222,0.0,0.0,189.0,21.205,,,0.0,1.0,,True,completed
1290,DEFAULT_VEHTYPE,2770.0,2939.0,169.0,,1487.965,0.0,20.0,149.0,33.085,,,0.1183,0.8817,,True,completed
1316,DEFAULT_VEHTYPE,2855.0,2939.0,84.0,,868.628,0.0,0.0,84.0,12.488,,,0.0,1.0,,True,completed
1298,DEFAULT_VEHTYPE,2805.0,2942.0,137.0,,1485.552,0.0,0.0,137.0,8.008,,,0.0,1.0,,True,completed
1302,DEFAULT_VEHTYPE,2821.0,2942.0,121.0,,888.368,14.0,14.0,107.0,25.503,,,0.1157,0.8843,,True,completed
1320,DEFAULT_VEHTYPE,2863.0,2945.0,82.0,,848.319,0.0,0.0,82.0,6.187,,,0.0,1.0,,True,completed
1325,DEFAULT_VEHTYPE,2889.0,2948.0,59.0,,569.345,0.0,0.0,59.0,4.774,,,0.0,1.0,,True,completed
1274,DEFAULT_VEHTYPE,2731.0,2949.0,218.0,,2372.572,7.0,7.0,211.0,29.56,,,0.0321,0.9679,,True,completed
1280,DEFAULT_VEHTYPE,2746.0,2951.0,205.0,,1771.992,0.0,3.0,202.0,24.283,,,0.0146,0.9854,,True,completed
1297,DEFAULT_VEHTYPE,2802.0,2954.0,152.0,,1747.319,0.0,0.0,152.0,10.667,,,0.0,1.0,,True,completed
1303,DEFAULT_VEHTYPE,2824.0,2957.0,133.0,,1192.424,4.0,5.0,128.0,16.905,,,0.0376,0.9624,,True,completed
1286,DEFAULT_VEHTYPE,2764.0,2960.0,196.0,,1792.428,0.0,0.0,196.0,15.496,,,0.0,1.0,,True,completed
1295,DEFAULT_VEHTYPE,2786.0,2961.0,175.0,,1743.415,0.0,6.0,169.0,21.611,,,0.0343,0.9657,,True,completed
1296,DEFAULT_VEHTYPE,2801.0,2968.0,167.0,,1488.826,3.0,3.0,164.0,17.63,,,0.018,0.982,,True,completed
1324,DEFAULT_VEHTYPE,2883.0,2973.0,90.0,,896.686,0.0,0.0,90.0,7.762,,,0.0,1.0,,True,completed
1317,DEFAULT_VEHTYPE,2859.0,2987.0,128.0,,1153.771,0.0,0.0,128.0,10.012,,,0.0,1.0,,True,completed
1310,DEFAULT_VEHTYPE,2840.0,2989.0,149.0,,1487.2,0.0,0.0,149.0,12.565,,,0.0,1.0,,True,completed
1291,DEFAULT_VEHTYPE,2773.0,2990.0,217.0,,2089.521,7.0,10.0,207.0,32.459,,,0.0461,0.9539,,True,completed
1332,DEFAULT_VEHTYPE,2924.0,3003.0,79.0,,870.718,0.0,0.0,79.0,5.154,,,0.0,1.0,,True,completed
1304,DEFAULT_VEHTYPE,2824.0,3008.0,184.0,,2085.691,24.0,24.0,160.0,37.748,,,0.1304,0.8696,,True,completed
1300,DEFAULT_VEHTYPE,2815.0,3009.0,194.0,,1777.952,0.0,3.0,191.0,19.656,,,0.0155,0.9845,,True,completed
1343,DEFAULT_VEHTYPE,2949.0,3009.0,60.0,,568.363,0.0,0.0,60.0,5.032,,,0.0,1.0,,True,completed
1284,DEFAULT_VEHTYPE,2758.0,3010.0,252.0,,2086.34,0.0,22.0,230.0,45.252,,,0.0873,0.9127,,True,completed
1321,DEFAULT_VEHTYPE,2866.0,3010.0,144.0,,1494.733,2.0,3.0,141.0,16.518,,,0.0208,0.9792,,True,completed
1275,DEFAULT_VEHTYPE,2740.0,3014.0,274.0,,2379.084,30.0,33.0,241.0,58.768,,,0.1204,0.8796,,True,completed
1336,DEFAULT_VEHTYPE,2928.0,3014.0,86.0,,852.299,2.0,2.0,84.0,10.985,,,0.0233,0.9767,,True,completed
1311,DEFAULT_VEHTYPE,2848.0,3018.0,170.0,,1485.771,8.0,19.0,151.0,37.412,,,0.1118,0.8882,,True,completed
1273,DEFAULT_VEHTYPE,2730.0,3022.0,292.0,,2373.474,36.0,48.0,244.0,79.808,,,0.1644,0.8356,,True,completed
1338,DEFAULT_VEHTYPE,2934.0,3022.0,88.0,,893.621,0.0,0.0,88.0,6.469,,,0.0,1.0,,True,completed
1319,DEFAULT_VEHTYPE,2862.0,3032.0,170.0,,1748.511,3.0,3.0,167.0,20.011,,,0.0176,0.9824,,True,completed
1312,DEFAULT_VEHTYPE,2848.0,3039.0,191.0,,2081.965,0.0,3.0,188.0,20.202,,,0.0157,0.9843,,True,completed
1301,DEFAULT_VEHTYPE,2817.0,3047.0,230.0,,1775.724,17.0,25.0,205.0,45.848,,,0.1087,0.8913,,True,completed
1305,DEFAULT_VEHTYPE,2826.0,3055.0,229.0,,1793.28,6.0,34.0,195.0,57.336,,,0.1485,0.8515,,True,completed
1329,DEFAULT_VEHTYPE,2915.0,3055.0,140.0,,1489.189,0.0,0.0,140.0,7.459,,,0.0,1.0,,True,completed
1348,DEFAULT_VEHTYPE,2970.0,3056.0,86.0,,889.21,0.0,0.0,86.0,5.04,,,0.0,1.0,,True,completed
1328,DEFAULT_VEHTYPE,2904.0,3059.0,155.0,,1495.308,13.0,13.0,142.0,24.366,,,0.0839,0.9161,,True,completed
1341,DEFAULT_VEHTYPE,2943.0,3060.0,117.0,,1155.495,0.0,0.0,117.0,7.668,,,0.0,1.0,,True,completed
1322,DEFAULT_VEHTYPE,2870.0,3064.0,194.0,,1773.864,4.0,4.0,190.0,23.461,,,0.0206,0.9794,,True,completed
1323,DEFAULT_VEHTYPE,2882.0,3065.0,183.0,,1739.394,0.0,0.0,183.0,14.486,,,0.0,1.0,,True,completed
1306,DEFAULT_VEHTYPE,2834.0,3066.0,232.0,,1790.233,13.0,33.0,199.0,57.326,,,0.1422,0.8578,,True,completed
1313,DEFAULT_VEHTYPE,2852.0,3066.0,214.0,,1789.02,0.0,6.0,208.0,24.187,,,0.028,0.972,,True,completed
1345,DEFAULT_VEHTYPE,2953.0,3072.0,119.0,,1172.294,2.0,2.0,117.0,14.912,,,0.0168,0.9832,,True,completed
1334,DEFAULT_VEHTYPE,2926.0,3080.0,154.0,,1472.902,6.0,6.0,148.0,19.548,,,0.039,0.961,,True,completed
1335,DEFAULT_VEHTYPE,2927.0,3094.0,167.0,,1776.735,0.0,0.0,167.0,9.312,,,0.0,1.0,,True,completed
1331,DEFAULT_VEHTYPE,2920.0,3099.0,179.0,,1476.14,2.0,7.0,172.0,27.988,,,0.0391,0.9609,,True,completed
1318,DEFAULT_VEHTYPE,2861.0,3102.0,241.0,,2379.069,2.0,25.0,216.0,45.832,,,0.1037,0.8963,,True,completed
1344,DEFAULT_VEHTYPE,2952.0,3104.0,152.0,,1490.018,0.0,0.0,152.0,9.618,,,0.0,1.0,,True,completed
1327,DEFAULT_VEHTYPE,2902.0,3113.0,211.0,,1745.662,9.0,28.0,183.0,49.727,,,0.1327,0.8673,,True,completed
1342,DEFAULT_VEHTYPE,2945.0,3115.0,170.0,,1492.881,10.0,10.0,160.0,23.559,,,0.0588,0.9412,,True,completed
1315,DEFAULT_VEHTYPE,2855.0,3116.0,261.0,,1772.18,28.0,55.0,206.0,81.869,,,0.2107,0.7893,,True,completed
1330,DEFAULT_VEHTYPE,2919.0,3120.0,201.0,,2076.244,4.0,8.0,193.0,33.189,,,0.0398,0.9602,,True,completed
1326,DEFAULT_VEHTYPE,2898.0,3121.0,223.0,,2078.077,3.0,21.0,202.0,47.22,,,0.0942,0.9058,,True,completed
1350,DEFAULT_VEHTYPE,2986.0,3123.0,137.0,,1493.68,10.0,10.0,127.0,20.379,,,0.073,0.927,,True,completed
1359,DEFAULT_VEHTYPE,3014.0,3125.0,111.0,,1154.46,0.0,0.0,111.0,8.075,,,0.0,1.0,,True,completed
1333,DEFAULT_VEHTYPE,2925.0,3126.0,201.0,,2074.398,0.0,5.0,196.0,25.475,,,0.0249,0.9751,,True,completed
1339,DEFAULT_VEHTYPE,2934.0,3134.0,200.0,,1791.612,6.0,11.0,189.0,31.52,,,0.055,0.945,,True,completed
1349,DEFAULT_VEHTYPE,2972.0,3134.0,162.0,,1467.594,6.0,6.0,156.0,21.741,,,0.037,0.963,,True,completed
1340,DEFAULT_VEHTYPE,2941.0,3135.0,194.0,,1740.094,2.0,2.0,192.0,19.672,,,0.0103,0.9897,,True,completed
1358,DEFAULT_VEHTYPE,3004.0,3135.0,131.0,,1459.891,0.0,0.0,131.0,10.05,,,0.0,1.0,,True,completed
1351,DEFAULT_VEHTYPE,2988.0,3137.0,149.0,,1771.823,0.0,0.0,149.0,7.969,,,0.0,1.0,,True,completed
1361,DEFAULT_VEHTYPE,3023.0,3143.0,120.0,,1175.06,0.0,0.0,120.0,8.48,,,0.0,1.0,,True,completed
1364,DEFAULT_VEHTYPE,3039.0,3145.0,106.0,,891.911,11.0,11.0,95.0,19.407,,,0.1038,0.8962,,True,completed
1347,DEFAULT_VEHTYPE,2970.0,3153.0,183.0,,1772.716,2.0,2.0,181.0,19.024,,,0.0109,0.9891,,True,completed
1354,DEFAULT_VEHTYPE,2995.0,3157.0,162.0,,1738.555,0.0,0.0,162.0,12.021,,,0.0,1.0,,True,completed
1352,DEFAULT_VEHTYPE,2988.0,3163.0,175.0,,1492.235,0.0,11.0,164.0,23.726,,,0.0629,0.9371,,True,completed
1370,DEFAULT_VEHTYPE,3078.0,3163.0,85.0,,887.27,0.0,0.0,85.0,4.687,,,0.0,1.0,,True,completed
1356,DEFAULT_VEHTYPE,2999.0,3165.0,166.0,,1476.203,3.0,3.0,163.0,21.727,,,0.0181,0.9819,,True,completed
1368,DEFAULT_VEHTYPE,3075.0,3166.0,91.0,,855.492,0.0,0.0,91.0,7.052,,,0.0,1.0,,True,completed
1355,DEFAULT_VEHTYPE,2999.0,3180.0,181.0,,1776.537,0.0,0.0,181.0,16.453,,,0.0,1.0,,True,completed
1353,DEFAULT_VEHTYPE,2990.0,3186.0,196.0,,1777.648,7.0,7.0,189.0,22.402,,,0.0357,0.9643,,True,completed
1363,DEFAULT_VEHTYPE,3037.0,3190.0,153.0,,1489.546,4.0,11.0,142.0,31.257,,,0.0719,0.9281,,True,completed
1337,DEFAULT_VEHTYPE,2932.0,3196.0,264.0,,2076.766,27.0,29.0,235.0,56.206,,,0.1098,0.8902,,True,completed
1375,DEFAULT_VEHTYPE,3109.0,3207.0,98.0,,893.898,0.0,0.0,98.0,6.118,,,0.0,1.0,,True,completed
1357,DEFAULT_VEHTYPE,3003.0,3208.0,205.0,,1739.492,0.0,16.0,189.0,36.653,,,0.078,0.922,,True,completed
1360,DEFAULT_VEHTYPE,3018.0,3214.0,196.0,,1487.339,15.0,30.0,166.0,53.757,,,0.1531,0.8469,,True,completed
1365,DEFAULT_VEHTYPE,3045.0,3214.0,169.0,,1784.509,0.0,0.0,169.0,9.9,,,0.0,1.0,,True,completed
1366,DEFAULT_VEHTYPE,3052.0,3221.0,169.0,,1780.008,4.0,4.0,165.0,17.494,,,0.0237,0.9763,,True,completed
1385,DEFAULT_VEHTYPE,3144.0,3224.0,80.0,,886.516,0.0,0.0,80.0,4.099,,,0.0,1.0,,True,completed
1346,DEFAULT_VEHTYPE,2962.0,3227.0,265.0,,2087.753,14.0,16.0,249.0,45.256,,,0.0604,0.9396,,True,completed
1362,DEFAULT_VEHTYPE,3037.0,3231.0,194.0,,1741.501,0.0,1.0,193.0,19.545,,,0.0052,0.9948,,True,completed
1367,DEFAULT_VEHTYPE,3069.0,3232.0,163.0,,1492.75,2.0,16.0,147.0,34.5,,,0.0982,0.9018,,True,completed
1369,DEFAULT_VEHTYPE,3077.0,3242.0,165.0,,1740.348,0.0,8.0,157.0,22.384,,,0.0485,0.9515,,True,completed
1380,DEFAULT_VEHTYPE,3118.0,3242.0,124.0,,1190.414,1.0,1.0,123.0,13.19,,,0.0081,0.9919,,True,completed
1400,DEFAULT_VEHTYPE,3199.0,3250.0,51.0,,569.961,0.0,0.0,51.0,3.54,,,0.0,1.0,,True,completed
1373,DEFAULT_VEHTYPE,3096.0,3252.0,156.0,,1452.811,19.0,21.0,135.0,34.354,,,0.1346,0.8654,,True,completed
1383,DEFAULT_VEHTYPE,3127.0,3265.0,138.0,,1484.104,4.0,4.0,134.0,16.742,,,0.029,0.971,,True,completed
1394,DEFAULT_VEHTYPE,3178.0,3271.0,93.0,,856.445,0.0,0.0,93.0,7.375,,,0.0,1.0,,True,completed
1372,DEFAULT_VEHTYPE,3091.0,3273.0,182.0,,1793.583,0.0,0.0,182.0,13.058,,,0.0,1.0,,True,completed
1396,DEFAULT_VEHTYPE,3191.0,3277.0,86.0,,849.325,0.0,0.0,86.0,6.59,,,0.0,1.0,,True,completed
1378,DEFAULT_VEHTYPE,3114.0,3278.0,164.0,,1742.034,0.0,0.0,164.0,10.965,,,0.0,1.0,,True,completed
1387,DEFAULT_VEHTYPE,3150.0,3284.0,134.0,,1191.295,0.0,0.0,134.0,9.365,,,0.0,1.0,,True,completed
1371,DEFAULT_VEHTYPE,3080.0,3285.0,205.0,,1777.438,5.0,14.0,191.0,34.529,,,0.0683,0.9317,,True,completed
1402,DEFAULT_VEHTYPE,3208.0,3289.0,81.0,,874.078,0.0,0.0,81.0,5.123,,,0.0,1.0,,True,completed
1393,DEFAULT_VEHTYPE,3175.0,3290.0,115.0,,1187.13,0.0,0.0,115.0,6.742,,,0.0,1.0,,True,completed
1374,DEFAULT_VEHTYPE,3099.0,3295.0,196.0,,1475.064,30.0,30.0,166.0,52.241,,,0.1531,0.8469,,True,completed
1384,DEFAULT_VEHTYPE,3131.0,3304.0,173.0,,1492.132,20.0,20.0,153.0,33.169,,,0.1156,0.8844,,True,completed
1399,DEFAULT_VEHTYPE,3197.0,3324.0,127.0,,1192.37,0.0,0.0,127.0,8.586,,,0.0,1.0,,True,completed
1390,DEFAULT_VEHTYPE,3168.0,3325.0,157.0,,1493.14,16.0,17.0,140.0,30.126,,,0.1083,0.8917,,True,completed
1403,DEFAULT_VEHTYPE,3211.0,3327.0,116.0,,1167.5,0.0,0.0,116.0,8.333,,,0.0,1.0,,True,completed
1381,DEFAULT_VEHTYPE,3118.0,3333.0,215.0,,2070.432,0.0,0.0,215.0,15.139,,,0.0,1.0,,True,completed
1407,DEFAULT_VEHTYPE,3241.0,3334.0,93.0,,1191.971,0.0,0.0,93.0,4.544,,,0.0,1.0,,True,completed
1411,DEFAULT_VEHTYPE,3251.0,3335.0,84.0,,891.326,0.0,0.0,84.0,4.783,,,0.0,1.0,,True,completed
1379,DEFAULT_VEHTYPE,3116.0,3346.0,230.0,,2373.318,0.0,18.0,212.0,42.208,,,0.0783,0.9217,,True,completed
1408,DEFAULT_VEHTYPE,3246.0,3349.0,103.0,,886.523,23.0,23.0,80.0,32.942,,,0.2233,0.7767,,True,completed
1404,DEFAULT_VEHTYPE,3217.0,3350.0,133.0,,1192.799,1.0,1.0,132.0,13.208,,,0.0075,0.9925,,True,completed
1395,DEFAULT_VEHTYPE,3186.0,3351.0,165.0,,1778.908,0.0,9.0,156.0,21.357,,,0.0545,0.9455,,True,completed
1409,DEFAULT_VEHTYPE,3247.0,3351.0,104.0,,1151.043,0.0,0.0,104.0,7.392,,,0.0,1.0,,True,completed
1389,DEFAULT_VEHTYPE,3158.0,3354.0,196.0,,1489.265,25.0,36.0,160.0,53.51,,,0.1837,0.8163,,True,completed
1388,DEFAULT_VEHTYPE,3154.0,3359.0,205.0,,2075.7,0.0,0.0,205.0,12.258,,,0.0,1.0,,True,completed
1398,DEFAULT_VEHTYPE,3195.0,3363.0,168.0,,1489.618,7.0,13.0,155.0,28.687,,,0.0774,0.9226,,True,completed
1392,DEFAULT_VEHTYPE,3171.0,3364.0,193.0,,2072.192,0.0,3.0,190.0,17.098,,,0.0155,0.9845,,True,completed
1422,DEFAULT_VEHTYPE,3316.0,3369.0,53.0,,569.021,0.0,0.0,53.0,3.48,,,0.0,1.0,,True,completed
1412,DEFAULT_VEHTYPE,3260.0,3385.0,125.0,,1177.001,0.0,0.0,125.0,9.081,,,0.0,1.0,,True,completed
1417,DEFAULT_VEHTYPE,3286.0,3393.0,107.0,,1186.247,0.0,0.0,107.0,11.207,,,0.0,1.0,,True,completed
1397,DEFAULT_VEHTYPE,3194.0,3399.0,205.0,,1772.387,0.0,0.0,205.0,14.914,,,0.0,1.0,,True,completed
1401,DEFAULT_VEHTYPE,3204.0,3408.0,204.0,,2072.012,0.0,0.0,204.0,12.864,,,0.0,1.0,,True,completed
1415,DEFAULT_VEHTYPE,3280.0,3409.0,129.0,,1187.395,0.0,0.0,129.0,22.364,,,0.0,1.0,,True,completed
1386,DEFAULT_VEHTYPE,3145.0,3411.0,266.0,,2390.893,0.0,3.0,263.0,23.792,,,0.0113,0.9887,,True,completed
1425,DEFAULT_VEHTYPE,3319.0,3413.0,94.0,,856.656,0.0,0.0,94.0,7.426,,,0.0,1.0,,True,completed
1382,DEFAULT_VEHTYPE,3120.0,3414.0,294.0,,2381.665,8.0,11.0,283.0,38.442,,,0.0374,0.9626,,True,completed
1416,DEFAULT_VEHTYPE,3286.0,3414.0,128.0,,1171.397,5.0,5.0,123.0,17.309,,,0.0391,0.9609,,True,completed
1376,DEFAULT_VEHTYPE,3110.0,3421.0,311.0,,2376.975,0.0,3.0,308.0,33.356,,,0.0096,0.9904,,True,completed
1414,DEFAULT_VEHTYPE,3279.0,3422.0,143.0,,1491.441,1.0,1.0,142.0,15.531,,,0.007,0.993,,True,completed
1410,DEFAULT_VEHTYPE,3247.0,3431.0,184.0,,1791.09,12.0,14.0,170.0,31.277,,,0.0761,0.9239,,True,completed
1436,DEFAULT_VEHTYPE,3366.0,3434.0,68.0,,868.038,0.0,0.0,68.0,4.706,,,0.0,1.0,,True,completed
1413,DEFAULT_VEHTYPE,3266.0,3449.0,183.0,,1780.334,0.0,6.0,177.0,22.001,,,0.0328,0.9672,,True,completed
1406,DEFAULT_VEHTYPE,3238.0,3452.0,214.0,,2073.185,0.0,2.0,212.0,22.838,,,0.0093,0.9907,,True,completed
1377,DEFAULT_VEHTYPE,3113.0,3454.0,341.0,,2382.018,13.0,13.0,328.0,50.488,,,0.0381,0.9619,,True,completed
1428,DEFAULT_VEHTYPE,3327.0,3454.0,127.0,,1190.63,0.0,0.0,127.0,8.883,,,0.0,1.0,,True,completed
1418,DEFAULT_VEHTYPE,3299.0,3461.0,162.0,,1781.104,0.0,0.0,162.0,9.157,,,0.0,1.0,,True,completed
1427,DEFAULT_VEHTYPE,3325.0,3462.0,137.0,,1153.776,0.0,0.0,137.0,11.087,,,0.0,1.0,,True,completed
1419,DEFAULT_VEHTYPE,3304.0,3473.0,169.0,,1485.826,26.0,36.0,133.0,51.199,,,0.213,0.787,,True,completed
1432,DEFAULT_VEHTYPE,3346.0,3479.0,133.0,,1195.516,0.0,0.0,133.0,11.184,,,0.0,1.0,,True,completed
1391,DEFAULT_VEHTYPE,3171.0,3480.0,309.0,,2075.76,0.0,7.0,302.0,36.621,,,0.0227,0.9773,,True,completed
1426,DEFAULT_VEHTYPE,3325.0,3490.0,165.0,,1774.85,0.0,0.0,165.0,11.305,,,0.0,1.0,,True,completed
1430,DEFAULT_VEHTYPE,3332.0,3497.0,165.0,,1787.113,0.0,0.0,165.0,14.007,,,0.0,1.0,,True,completed
1405,DEFAULT_VEHTYPE,3232.0,3500.0,268.0,,2378.341,3.0,32.0,236.0,57.323,,,0.1194,0.8806,,True,completed
1421,DEFAULT_VEHTYPE,3311.0,3500.0,189.0,,1789.406,0.0,9.0,180.0,25.81,,,0.0476,0.9524,,True,completed
1439,DEFAULT_VEHTYPE,3394.0,3507.0,113.0,,1186.989,12.0,12.0,101.0,26.431,,,0.1062,0.8938,,True,completed
1424,DEFAULT_VEHTYPE,3317.0,3513.0,196.0,,1742.345,0.0,0.0,196.0,15.049,,,0.0,1.0,,True,completed
1423,DEFAULT_VEHTYPE,3316.0,3516.0,200.0,,1778.79,0.0,2.0,198.0,18.482,,,0.01,0.99,,True,completed
1431,DEFAULT_VEHTYPE,3335.0,3533.0,198.0,,1776.53,21.0,21.0,177.0,37.519,,,0.1061,0.8939,,True,completed
1442,DEFAULT_VEHTYPE,3403.0,3538.0,135.0,,1491.473,3.0,3.0,132.0,14.044,,,0.0222,0.9778,,True,completed
1434,DEFAULT_VEHTYPE,3359.0,3539.0,180.0,,1784.795,0.0,13.0,167.0,28.65,,,0.0722,0.9278,,True,completed
1445,DEFAULT_VEHTYPE,3414.0,3542.0,128.0,,1192.105,16.0,16.0,112.0,26.669,,,0.125,0.875,,True,completed
1443,DEFAULT_VEHTYPE,3405.0,3543.0,138.0,,1492.989,0.0,0.0,138.0,8.242,,,0.0,1.0,,True,completed
1449,DEFAULT_VEHTYPE,3424.0,3554.0,130.0,,1191.749,0.0,0.0,130.0,8.203,,,0.0,1.0,,True,completed
1470,DEFAULT_VEHTYPE,3487.0,3554.0,67.0,,568.877,0.0,0.0,67.0,5.1,,,0.0,1.0,,True,completed
1435,DEFAULT_VEHTYPE,3361.0,3558.0,197.0,,2071.306,0.0,0.0,197.0,11.289,,,0.0,1.0,,True,completed
1464,DEFAULT_VEHTYPE,3479.0,3564.0,85.0,,892.754,0.0,0.0,85.0,4.761,,,0.0,1.0,,True,completed
1466,DEFAULT_VEHTYPE,3481.0,3565.0,84.0,,886.106,0.0,0.0,84.0,5.338,,,0.0,1.0,,True,completed
1451,DEFAULT_VEHTYPE,3428.0,3570.0,142.0,,1491.084,0.0,0.0,142.0,8.472,,,0.0,1.0,,True,completed
1448,DEFAULT_VEHTYPE,3423.0,3572.0,149.0,,1191.574,0.0,0.0,149.0,11.366,,,0.0,1.0,,True,completed
1450,DEFAULT_VEHTYPE,3427.0,3575.0,148.0,,1492.391,0.0,0.0,148.0,17.502,,,0.0,1.0,,True,completed
1468,DEFAULT_VEHTYPE,3483.0,3575.0,92.0,,850.964,0.0,0.0,92.0,6.743,,,0.0,1.0,,True,completed
1420,DEFAULT_VEHTYPE,3308.0,3578.0,270.0,,2082.129,0.0,4.0,266.0,30.688,,,0.0148,0.9852,,True,completed
1440,DEFAULT_VEHTYPE,3397.0,3578.0,181.0,,1794.539,0.0,7.0,174.0,20.838,,,0.0387,0.9613,,True,completed
1461,DEFAULT_VEHTYPE,3471.0,3579.0,108.0,,1196.573,0.0,0.0,108.0,5.964,,,0.0,1.0,,True,completed
1441,DEFAULT_VEHTYPE,3402.0,3580.0,178.0,,1747.691,18.0,21.0,157.0,41.109,,,0.118,0.882,,True,completed
1460,DEFAULT_VEHTYPE,3468.0,3583.0,115.0,,1191.47,0.0,0.0,115.0,6.402,,,0.0,1.0,,True,completed
1457,DEFAULT_VEHTYPE,3452.0,3584.0,132.0,,1477.071,0.0,0.0,132.0,7.872,,,0.0,1.0,,True,completed
1438,DEFAULT_VEHTYPE,3385.0,3591.0,206.0,,1492.919,20.0,20.0,186.0,40.02,,,0.0971,0.9029,,True,completed
1446,DEFAULT_VEHTYPE,3416.0,3591.0,175.0,,1772.073,0.0,0.0,175.0,11.545,,,0.0,1.0,,True,completed
1455,DEFAULT_VEHTYPE,3443.0,3599.0,156.0,,1777.856,0.0,0.0,156.0,8.814,,,0.0,1.0,,True,completed
1429,DEFAULT_VEHTYPE,3331.0,,269.0,,2315.217,0.0,24.0,245.0,44.15,,,0.0892,0.9108,,False,on_map_at_end
1433,DEFAULT_VEHTYPE,3355.0,,245.0,,2144.784,0.0,23.0,222.0,40.851,,,0.0939,0.9061,,False,on_map_at_end
1437,DEFAULT_VEHTYPE,3382.0,,218.0,,1927.309,0.0,32.0,186.0,48.363,,,0.1468,0.8532,,False,on_map_at_end
1444,DEFAULT_VEHTYPE,3407.0,,193.0,,1653.831,0.0,22.0,171.0,38.612,,,0.114,0.886,,False,on_map_at_end
1447,DEFAULT_VEHTYPE,3422.0,,178.0,,1394.091,15.0,15.0,163.0,31.025,,,0.0843,0.9157,,False,on_map_at_end
1452,DEFAULT_VEHTYPE,3428.0,,172.0,,1548.434,9.0,9.0,163.0,20.94,,,0.0523,0.9477,,False,on_map_at_end
1453,DEFAULT_VEHTYPE,3429.0,,171.0,,1465.336,2.0,1.0,170.0,16.741,,,0.0058,0.9942,,False,on_map_at_end
1454,DEFAULT_VEHTYPE,3431.0,,169.0,,1473.166,0.0,0.0,169.0,18.099,,,0.0,1.0,,False,on_map_at_end
1456,DEFAULT_VEHTYPE,3446.0,,154.0,,1712.261,0.0,0.0,154.0,9.325,,,0.0,1.0,,False,on_map_at_end
1458,DEFAULT_VEHTYPE,3457.0,,143.0,,1134.582,12.0,12.0,131.0,25.293,,,0.0839,0.9161,,False,on_map_at_end
1459,DEFAULT_VEHTYPE,3464.0,,136.0,,1417.161,2.0,2.0,134.0,16.41,,,0.0147,0.9853,,False,on_map_at_end
1462,DEFAULT_VEHTYPE,3472.0,,128.0,,1354.993,10.0,13.0,115.0,23.551,,,0.1016,0.8984,,False,on_map_at_end
1463,DEFAULT_VEHTYPE,3476.0,,124.0,,1078.319,17.0,17.0,107.0,31.828,,,0.1371,0.8629,,False,on_map_at_end
1465,DEFAULT_VEHTYPE,3480.0,,120.0,,1120.438,0.0,0.0,120.0,7.833,,,0.0,1.0,,False,on_map_at_end
1467,DEFAULT_VEHTYPE,3483.0,,117.0,,1160.972,10.0,10.0,107.0,19.493,,,0.0855,0.9145,,False,on_map_at_end
1469,DEFAULT_VEHTYPE,3484.0,,116.0,,1110.973,7.0,7.0,109.0,18.489,,,0.0603,0.9397,,False,on_map_at_end
1471,DEFAULT_VEHTYPE,3494.0,,106.0,,866.514,18.0,18.0,88.0,28.102,,,0.1698,0.8302,,False,on_map_at_end
1472,DEFAULT_VEHTYPE,3495.0,,105.0,,1123.995,2.0,2.0,103.0,12.761,,,0.019,0.981,,False,on_map_at_end
