vehicle_id,vehicle_type,enter_time_s,departure_time_s,travel_time_s,route_distance_m,distance_traveled_m,accumulated_waiting_time_s,custom_wait_s,moving_time_s,time_loss_s,free_flow_time_s,delay_s,waiting_fraction,moving_fraction,schedule_efficiency,completed_trip,trip_status
14,car,20.0,113.0,93.0,,733.55,13.0,13.0,80.0,25.98,,,0.1398,0.8602,,True,completed
11,car,18.0,118.0,100.0,,952.914,0.0,0.0,100.0,7.906,,,0.0,1.0,,True,completed
43,car,74.0,125.0,51.0,,377.389,0.0,0.0,51.0,4.151,,,0.0,1.0,,True,completed
16,car,24.0,126.0,102.0,,778.248,16.0,16.0,86.0,30.957,,,0.1569,0.8431,,True,completed
32,car,51.0,138.0,87.0,,594.77,19.0,19.0,68.0,31.444,,,0.2184,0.7816,,True,completed
29,car,49.0,165.0,116.0,,755.986,31.0,31.0,85.0,45.601,,,0.2672,0.7328,,True,completed
13,car,19.0,167.0,148.0,,1215.224,19.0,19.0,129.0,36.661,,,0.1284,0.8716,,True,completed
41,car,70.0,175.0,105.0,,988.772,0.0,0.0,105.0,8.946,,,0.0,1.0,,True,completed
24,car,38.0,176.0,138.0,,1267.069,0.0,3.0,135.0,21.417,,,0.0217,0.9783,,True,completed
53,car,93.0,196.0,103.0,,873.653,0.0,0.0,103.0,13.555,,,0.0,1.0,,True,completed
4,car,5.0,198.0,193.0,,1545.431,20.0,24.0,169.0,44.306,,,0.1244,0.8756,,True,completed
51,car,91.0,208.0,117.0,,1062.863,0.0,0.0,117.0,14.662,,,0.0,1.0,,True,completed
19,car,30.0,213.0,183.0,,1808.559,0.0,0.0,183.0,18.876,,,0.0,1.0,,True,completed
72,car,128.0,215.0,87.0,,737.766,8.0,8.0,79.0,18.133,,,0.092,0.908,,True,completed
17,car,27.0,220.0,193.0,,1681.041,2.0,2.0,191.0,22.237,,,0.0104,0.9896,,True,completed
59,car,103.0,221.0,118.0,,887.235,0.0,0.0,118.0,12.34,,,0.0,1.0,,True,completed
28,car,43.0,223.0,180.0,,1521.431,6.0,18.0,162.0,38.899,,,0.1,0.9,,True,completed
23,car,36.0,229.0,193.0,,1234.617,10.0,21.0,172.0,44.312,,,0.1088,0.8912,,True,completed
36,car,55.0,232.0,177.0,,1355.229,0.0,23.0,154.0,47.87,,,0.1299,0.8701,,True,completed
86,car,152.0,234.0,82.0,,740.05,4.0,4.0,78.0,14.395,,,0.0488,0.9512,,True,completed
5,truck,5.0,238.0,233.0,,1577.139,0.0,26.0,207.0,42.306,,,0.1116,0.8884,,True,completed
8,car,9.0,240.0,231.0,,1655.319,0.0,9.0,222.0,31.809,,,0.039,0.961,,True,completed
22,car,35.0,242.0,207.0,,1804.95,0.0,26.0,181.0,41.998,,,0.1256,0.8744,,True,completed
47,car,84.0,245.0,161.0,,1412.545,6.0,6.0,155.0,22.822,,,0.0373,0.9627,,True,completed
9,car,12.0,245.0,233.0,,1968.068,4.0,9.0,224.0,49.1,,,0.0386,0.9614,,True,completed
7,car,9.0,251.0,242.0,,2212.969,19.0,20.0,222.0,35.452,,,0.0826,0.9174,,True,completed
0,truck,2.0,253.0,251.0,,1691.931,9.0,19.0,232.0,46.534,,,0.0757,0.9243,,True,completed
6,car,7.0,255.0,248.0,,2106.818,7.0,37.0,211.0,56.798,,,0.1492,0.8508,,True,completed
20,truck,30.0,257.0,227.0,,1647.591,0.0,11.0,216.0,27.056,,,0.0485,0.9515,,True,completed
82,car,144.0,264.0,120.0,,1019.344,8.0,8.0,112.0,20.413,,,0.0667,0.9333,,True,completed
64,car,114.0,265.0,151.0,,1440.586,3.0,3.0,148.0,15.178,,,0.0199,0.9801,,True,completed
94,car,168.0,267.0,99.0,,676.577,17.0,18.0,81.0,36.026,,,0.1818,0.8182,,True,completed
101,car,182.0,268.0,86.0,,690.07,8.0,8.0,78.0,21.606,,,0.093,0.907,,True,completed
42,car,74.0,269.0,195.0,,1766.849,8.0,9.0,186.0,27.372,,,0.0462,0.9538,,True,completed
45,truck,80.0,269.0,189.0,,1388.333,6.0,6.0,183.0,20.698,,,0.0317,0.9683,,True,completed
10,truck,15.0,270.0,255.0,,1990.039,0.0,0.0,255.0,14.435,,,0.0,1.0,,True,completed
26,car,41.0,277.0,236.0,,2227.522,6.0,6.0,230.0,32.223,,,0.0254,0.9746,,True,completed
38,car,59.0,279.0,220.0,,1864.003,17.0,21.0,199.0,42.636,,,0.0955,0.9045,,True,completed
34,car,52.0,281.0,229.0,,2004.534,0.0,1.0,228.0,22.996,,,0.0044,0.9956,,True,completed
81,car,144.0,283.0,139.0,,1270.213,7.0,8.0,131.0,22.826,,,0.0576,0.9424,,True,completed
18,car,28.0,288.0,260.0,,2214.587,5.0,13.0,247.0,56.451,,,0.05,0.95,,True,completed
57,car,100.0,288.0,188.0,,1593.547,14.0,14.0,174.0,36.741,,,0.0745,0.9255,,True,completed
71,car,124.0,289.0,165.0,,1473.719,1.0,1.0,164.0,24.348,,,0.0061,0.9939,,True,completed
12,car,19.0,295.0,276.0,,2303.119,0.0,16.0,260.0,43.396,,,0.058,0.942,,True,completed
123,car,231.0,295.0,64.0,,539.163,2.0,2.0,62.0,11.494,,,0.0312,0.9688,,True,completed
48,car,84.0,297.0,213.0,,1593.215,2.0,17.0,196.0,58.271,,,0.0798,0.9202,,True,completed
27,car,42.0,298.0,256.0,,2158.762,4.0,31.0,225.0,57.698,,,0.1211,0.8789,,True,completed
56,car,100.0,299.0,199.0,,1629.322,13.0,14.0,185.0,43.728,,,0.0704,0.9296,,True,completed
108,car,195.0,302.0,107.0,,885.128,8.0,8.0,99.0,21.395,,,0.0748,0.9252,,True,completed
3,car,3.0,305.0,302.0,,2524.004,27.0,42.0,260.0,72.8,,,0.1391,0.8609,,True,completed
74,car,130.0,307.0,177.0,,1524.477,6.0,17.0,160.0,34.102,,,0.096,0.904,,True,completed
80,truck,140.0,307.0,167.0,,1272.78,0.0,0.0,167.0,9.18,,,0.0,1.0,,True,completed
31,car,51.0,309.0,258.0,,1999.39,24.0,32.0,226.0,60.534,,,0.124,0.876,,True,completed
76,car,136.0,309.0,173.0,,1524.767,6.0,15.0,158.0,33.663,,,0.0867,0.9133,,True,completed
63,car,111.0,310.0,199.0,,1649.364,6.0,36.0,163.0,49.509,,,0.1809,0.8191,,True,completed
33,car,52.0,312.0,260.0,,2203.553,12.0,29.0,231.0,57.685,,,0.1115,0.8885,,True,completed
60,truck,106.0,314.0,208.0,,1411.052,0.0,14.0,194.0,37.359,,,0.0673,0.9327,,True,completed
116,car,212.0,316.0,104.0,,643.809,15.0,15.0,89.0,26.764,,,0.1442,0.8558,,True,completed
54,car,96.0,322.0,226.0,,2166.128,12.0,12.0,214.0,29.56,,,0.0531,0.9469,,True,completed
121,car,227.0,327.0,100.0,,944.92,0.0,0.0,100.0,5.705,,,0.0,1.0,,True,completed
2,car,3.0,327.0,324.0,,2861.907,19.0,23.0,301.0,62.97,,,0.071,0.929,,True,completed
39,car,65.0,327.0,262.0,,1837.944,15.0,34.0,228.0,59.111,,,0.1298,0.8702,,True,completed
147,car,271.0,328.0,57.0,,372.262,0.0,0.0,57.0,6.964,,,0.0,1.0,,True,completed
88,car,153.0,332.0,179.0,,1528.528,13.0,17.0,162.0,38.865,,,0.095,0.905,,True,completed
99,car,176.0,332.0,156.0,,1033.568,16.0,16.0,140.0,33.069,,,0.1026,0.8974,,True,completed
126,car,236.0,336.0,100.0,,882.604,10.0,10.0,90.0,18.879,,,0.1,0.9,,True,completed
120,truck,224.0,339.0,115.0,,747.975,15.0,15.0,100.0,24.207,,,0.1304,0.8696,,True,completed
61,car,110.0,345.0,235.0,,1971.302,19.0,20.0,215.0,55.082,,,0.0851,0.9149,,True,completed
91,car,160.0,345.0,185.0,,1503.518,15.0,17.0,168.0,42.979,,,0.0919,0.9081,,True,completed
115,truck,211.0,349.0,138.0,,1033.897,0.0,0.0,138.0,11.864,,,0.0,1.0,,True,completed
46,car,82.0,349.0,267.0,,2222.769,11.0,25.0,242.0,53.965,,,0.0936,0.9064,,True,completed
107,car,192.0,352.0,160.0,,1499.917,8.0,8.0,152.0,22.147,,,0.05,0.95,,True,completed
78,car,137.0,352.0,215.0,,1528.053,15.0,34.0,181.0,69.643,,,0.1581,0.8419,,True,completed
40,truck,65.0,355.0,290.0,,2127.115,0.0,14.0,276.0,32.211,,,0.0483,0.9517,,True,completed
58,car,101.0,356.0,255.0,,1660.649,21.0,68.0,187.0,103.75,,,0.2667,0.7333,,True,completed
124,car,232.0,357.0,125.0,,1018.018,6.0,6.0,119.0,26.49,,,0.048,0.952,,True,completed
97,car,173.0,359.0,186.0,,1467.368,5.0,13.0,173.0,42.486,,,0.0699,0.9301,,True,completed
21,car,32.0,362.0,330.0,,2824.451,0.0,20.0,310.0,60.93,,,0.0606,0.9394,,True,completed
50,truck,90.0,362.0,272.0,,1984.151,9.0,14.0,258.0,32.71,,,0.0515,0.9485,,True,completed
92,car,165.0,376.0,211.0,,1628.699,33.0,33.0,178.0,58.139,,,0.1564,0.8436,,True,completed
113,car,207.0,377.0,170.0,,1391.971,0.0,17.0,153.0,41.789,,,0.1,0.9,,True,completed
37,car,56.0,378.0,322.0,,2337.65,25.0,36.0,286.0,98.046,,,0.1118,0.8882,,True,completed
67,car,117.0,380.0,263.0,,2487.98,12.0,12.0,251.0,37.641,,,0.0456,0.9544,,True,completed
73,car,129.0,381.0,252.0,,2451.866,4.0,8.0,244.0,29.185,,,0.0317,0.9683,,True,completed
129,car,241.0,384.0,143.0,,1328.77,3.0,3.0,140.0,20.398,,,0.021,0.979,,True,completed
69,car,118.0,384.0,266.0,,2540.707,12.0,12.0,254.0,34.788,,,0.0451,0.9549,,True,completed
146,car,269.0,386.0,117.0,,1141.152,0.0,0.0,117.0,8.373,,,0.0,1.0,,True,completed
93,car,166.0,388.0,222.0,,1828.326,23.0,23.0,199.0,43.364,,,0.1036,0.8964,,True,completed
141,car,258.0,389.0,131.0,,901.827,8.0,24.0,107.0,42.894,,,0.1832,0.8168,,True,completed
35,truck,54.0,389.0,335.0,,2292.501,0.0,21.0,314.0,57.833,,,0.0627,0.9373,,True,completed
168,car,309.0,390.0,81.0,,734.713,1.0,1.0,80.0,13.011,,,0.0123,0.9877,,True,completed
128,car,240.0,394.0,154.0,,1360.715,8.0,8.0,146.0,26.502,,,0.0519,0.9481,,True,completed
149,car,276.0,394.0,118.0,,1147.63,0.0,0.0,118.0,13.712,,,0.0,1.0,,True,completed
66,car,117.0,397.0,280.0,,2447.513,3.0,20.0,260.0,50.76,,,0.0714,0.9286,,True,completed
52,car,91.0,398.0,307.0,,2639.763,21.0,37.0,270.0,66.19,,,0.1205,0.8795,,True,completed
104,car,188.0,400.0,212.0,,1652.062,19.0,31.0,181.0,60.963,,,0.1462,0.8538,,True,completed
44,car,75.0,400.0,325.0,,2664.722,17.0,42.0,283.0,80.846,,,0.1292,0.8708,,True,completed
15,truck,22.0,403.0,381.0,,2448.851,0.0,48.0,333.0,84.459,,,0.126,0.874,,True,completed
114,car,209.0,404.0,195.0,,1394.051,15.0,38.0,157.0,61.899,,,0.1949,0.8051,,True,completed
135,truck,246.0,404.0,158.0,,1174.427,0.0,0.0,158.0,10.427,,,0.0,1.0,,True,completed
55,truck,98.0,408.0,310.0,,2121.063,0.0,14.0,296.0,38.061,,,0.0452,0.9548,,True,completed
1,car,2.0,410.0,408.0,,2746.611,8.0,79.0,329.0,158.978,,,0.1936,0.8064,,True,completed
178,car,320.0,413.0,93.0,,733.84,13.0,13.0,80.0,25.954,,,0.1398,0.8602,,True,completed
100,truck,181.0,414.0,233.0,,1826.837,0.0,0.0,233.0,12.342,,,0.0,1.0,,True,completed
103,car,187.0,414.0,227.0,,1910.674,3.0,8.0,219.0,44.076,,,0.0352,0.9648,,True,completed
110,truck,202.0,417.0,215.0,,1474.295,5.0,17.0,198.0,36.731,,,0.0791,0.9209,,True,completed
96,car,173.0,417.0,244.0,,2106.895,0.0,12.0,232.0,41.228,,,0.0492,0.9508,,True,completed
79,car,138.0,418.0,280.0,,2448.943,21.0,25.0,255.0,57.584,,,0.0893,0.9107,,True,completed
137,car,248.0,419.0,171.0,,1330.391,11.0,11.0,160.0,47.758,,,0.0643,0.9357,,True,completed
194,car,339.0,419.0,80.0,,786.909,0.0,0.0,80.0,7.22,,,0.0,1.0,,True,completed
112,car,207.0,420.0,213.0,,1695.503,15.0,23.0,190.0,56.991,,,0.108,0.892,,True,completed
30,truck,49.0,422.0,373.0,,2743.299,5.0,14.0,359.0,40.641,,,0.0375,0.9625,,True,completed
211,car,374.0,425.0,51.0,,381.99,1.0,1.0,50.0,12.64,,,0.0196,0.9804,,True,completed
125,truck,232.0,431.0,199.0,,1391.485,0.0,19.0,180.0,30.955,,,0.0955,0.9045,,True,completed
102,car,183.0,436.0,253.0,,2142.829,11.0,15.0,238.0,56.855,,,0.0593,0.9407,,True,completed
106,car,191.0,437.0,246.0,,1971.02,0.0,21.0,225.0,49.663,,,0.0854,0.9146,,True,completed
118,car,216.0,439.0,223.0,,1856.683,2.0,20.0,203.0,34.823,,,0.0897,0.9103,,True,completed
167,car,307.0,439.0,132.0,,990.065,11.0,11.0,121.0,23.309,,,0.0833,0.9167,,True,completed
187,car,333.0,442.0,109.0,,985.63,2.0,2.0,107.0,18.036,,,0.0183,0.9817,,True,completed
203,car,359.0,443.0,84.0,,666.37,1.0,1.0,83.0,15.531,,,0.0119,0.9881,,True,completed
68,car,118.0,445.0,327.0,,2914.789,0.0,31.0,296.0,56.322,,,0.0948,0.9052,,True,completed
85,truck,149.0,446.0,297.0,,1823.138,25.0,37.0,260.0,75.993,,,0.1246,0.8754,,True,completed
148,car,273.0,447.0,174.0,,967.886,19.0,43.0,131.0,72.297,,,0.2471,0.7529,,True,completed
98,car,175.0,448.0,273.0,,2376.563,0.0,30.0,243.0,57.329,,,0.1099,0.8901,,True,completed
134,car,245.0,459.0,214.0,,1900.996,0.0,9.0,205.0,35.245,,,0.0421,0.9579,,True,completed
70,truck,123.0,460.0,337.0,,2087.897,26.0,48.0,289.0,85.352,,,0.1424,0.8576,,True,completed
89,car,154.0,460.0,306.0,,2247.354,0.0,16.0,290.0,51.815,,,0.0523,0.9477,,True,completed
87,car,152.0,463.0,311.0,,2598.156,0.0,41.0,270.0,75.299,,,0.1318,0.8682,,True,completed
49,car,87.0,464.0,377.0,,3031.858,8.0,13.0,364.0,92.853,,,0.0345,0.9655,,True,completed
244,car,418.0,465.0,47.0,,401.696,4.0,4.0,43.0,9.847,,,0.0851,0.9149,,True,completed
62,car,110.0,466.0,356.0,,3045.664,5.0,22.0,334.0,65.826,,,0.0618,0.9382,,True,completed
154,car,291.0,468.0,177.0,,1478.936,1.0,20.0,157.0,42.459,,,0.113,0.887,,True,completed
84,car,147.0,480.0,333.0,,2821.741,24.0,43.0,290.0,76.494,,,0.1291,0.8709,,True,completed
77,car,136.0,481.0,345.0,,2631.8,10.0,55.0,290.0,102.031,,,0.1594,0.8406,,True,completed
208,car,366.0,487.0,121.0,,918.449,27.0,27.0,94.0,36.525,,,0.2231,0.7769,,True,completed
143,car,263.0,488.0,225.0,,2015.507,6.0,15.0,210.0,42.407,,,0.0667,0.9333,,True,completed
151,car,279.0,489.0,210.0,,1795.912,7.0,10.0,200.0,36.017,,,0.0476,0.9524,,True,completed
152,car,287.0,492.0,205.0,,1444.34,8.0,8.0,197.0,26.865,,,0.039,0.961,,True,completed
25,truck,39.0,494.0,455.0,,2640.524,37.0,79.0,376.0,136.069,,,0.1736,0.8264,,True,completed
119,car,218.0,495.0,277.0,,2137.832,33.0,38.0,239.0,81.357,,,0.1372,0.8628,,True,completed
90,truck,158.0,495.0,337.0,,2206.822,17.0,21.0,316.0,47.963,,,0.0623,0.9377,,True,completed
111,car,202.0,496.0,294.0,,2534.0,0.0,31.0,263.0,56.092,,,0.1054,0.8946,,True,completed
237,car,410.0,497.0,87.0,,796.173,0.0,0.0,87.0,7.474,,,0.0,1.0,,True,completed
131,car,244.0,499.0,255.0,,2262.828,10.0,24.0,231.0,45.891,,,0.0941,0.9059,,True,completed
132,car,244.0,501.0,257.0,,1922.381,29.0,33.0,224.0,80.82,,,0.1284,0.8716,,True,completed
83,car,145.0,504.0,359.0,,2956.064,12.0,23.0,336.0,78.622,,,0.0641,0.9359,,True,completed
195,truck,343.0,506.0,163.0,,1069.165,0.0,16.0,147.0,33.649,,,0.0982,0.9018,,True,completed
234,car,406.0,507.0,101.0,,1048.131,0.0,0.0,101.0,5.667,,,0.0,1.0,,True,completed
95,truck,171.0,510.0,339.0,,2249.617,29.0,38.0,301.0,67.465,,,0.1121,0.8879,,True,completed
210,truck,370.0,511.0,141.0,,979.519,5.0,5.0,136.0,22.406,,,0.0355,0.9645,,True,completed
213,car,378.0,511.0,133.0,,1023.467,0.0,3.0,130.0,17.059,,,0.0226,0.9774,,True,completed
159,car,302.0,517.0,215.0,,2129.179,0.0,0.0,215.0,17.882,,,0.0,1.0,,True,completed
105,truck,191.0,518.0,327.0,,2351.519,11.0,20.0,307.0,43.705,,,0.0612,0.9388,,True,completed
288,car,468.0,519.0,51.0,,457.907,2.0,2.0,49.0,8.788,,,0.0392,0.9608,,True,completed
160,truck,302.0,522.0,220.0,,1688.425,0.0,0.0,220.0,15.667,,,0.0,1.0,,True,completed
164,car,305.0,522.0,217.0,,1688.222,22.0,25.0,192.0,61.862,,,0.1152,0.8848,,True,completed
136,car,247.0,523.0,276.0,,2332.14,14.0,29.0,247.0,58.3,,,0.1051,0.8949,,True,completed
166,car,307.0,524.0,217.0,,2008.85,1.0,7.0,210.0,34.921,,,0.0323,0.9677,,True,completed
122,car,230.0,529.0,299.0,,2591.066,15.0,30.0,269.0,62.906,,,0.1003,0.8997,,True,completed
161,car,302.0,529.0,227.0,,1789.592,0.0,0.0,227.0,23.359,,,0.0,1.0,,True,completed
109,car,196.0,535.0,339.0,,2424.069,35.0,49.0,290.0,96.866,,,0.1445,0.8555,,True,completed
264,car,442.0,536.0,94.0,,882.295,4.0,4.0,90.0,13.381,,,0.0426,0.9574,,True,completed
277,car,452.0,536.0,84.0,,733.151,1.0,1.0,83.0,17.016,,,0.0119,0.9881,,True,completed
236,car,408.0,539.0,131.0,,1108.219,4.0,9.0,122.0,28.028,,,0.0687,0.9313,,True,completed
133,car,245.0,540.0,295.0,,2362.019,15.0,46.0,249.0,79.506,,,0.1559,0.8441,,True,completed
183,car,330.0,540.0,210.0,,1895.172,11.0,14.0,196.0,36.413,,,0.0667,0.9333,,True,completed
186,car,333.0,542.0,209.0,,1463.999,14.0,31.0,178.0,76.077,,,0.1483,0.8517,,True,completed
218,car,385.0,543.0,158.0,,1262.486,0.0,17.0,141.0,42.528,,,0.1076,0.8924,,True,completed
75,truck,134.0,545.0,411.0,,2614.725,38.0,50.0,361.0,94.543,,,0.1217,0.8783,,True,completed
142,car,261.0,547.0,286.0,,2220.043,0.0,43.0,243.0,74.088,,,0.1503,0.8497,,True,completed
140,truck,256.0,549.0,293.0,,1771.531,23.0,46.0,247.0,78.905,,,0.157,0.843,,True,completed
145,truck,266.0,552.0,286.0,,1623.753,8.0,45.0,241.0,90.072,,,0.1573,0.8427,,True,completed
283,car,462.0,560.0,98.0,,899.343,2.0,2.0,96.0,15.36,,,0.0204,0.9796,,True,completed
232,car,403.0,561.0,158.0,,1322.818,16.0,16.0,142.0,31.942,,,0.1013,0.8987,,True,completed
158,car,301.0,562.0,261.0,,2249.049,23.0,28.0,233.0,53.064,,,0.1073,0.8927,,True,completed
254,car,432.0,568.0,136.0,,1024.771,0.0,33.0,103.0,41.304,,,0.2426,0.7574,,True,completed
162,car,303.0,570.0,267.0,,1819.562,26.0,43.0,224.0,72.096,,,0.161,0.839,,True,completed
258,car,436.0,571.0,135.0,,975.651,7.0,23.0,112.0,41.541,,,0.1704,0.8296,,True,completed
155,truck,294.0,577.0,283.0,,1854.826,2.0,18.0,265.0,58.67,,,0.0636,0.9364,,True,completed
196,car,349.0,579.0,230.0,,1700.048,33.0,34.0,196.0,64.412,,,0.1478,0.8522,,True,completed
233,car,406.0,580.0,174.0,,1414.588,0.0,25.0,149.0,45.233,,,0.1437,0.8563,,True,completed
65,truck,115.0,580.0,465.0,,3198.555,0.0,18.0,447.0,65.125,,,0.0387,0.9613,,True,completed
139,car,256.0,581.0,325.0,,2203.29,37.0,46.0,279.0,123.749,,,0.1415,0.8585,,True,completed
127,car,240.0,585.0,345.0,,2022.804,36.0,49.0,296.0,98.195,,,0.142,0.858,,True,completed
138,car,255.0,586.0,331.0,,2724.245,1.0,18.0,313.0,76.29,,,0.0544,0.9456,,True,completed
333,car,512.0,588.0,76.0,,644.841,0.0,0.0,76.0,6.256,,,0.0,1.0,,True,completed
214,car,380.0,590.0,210.0,,2142.093,0.0,0.0,210.0,14.067,,,0.0,1.0,,True,completed
314,car,491.0,590.0,99.0,,587.057,33.0,33.0,66.0,45.164,,,0.3333,0.6667,,True,completed
175,truck,318.0,591.0,273.0,,1638.108,24.0,46.0,227.0,75.195,,,0.1685,0.8315,,True,completed
170,truck,311.0,592.0,281.0,,1456.369,16.0,63.0,218.0,104.672,,,0.2242,0.7758,,True,completed
117,car,215.0,593.0,378.0,,2813.407,39.0,55.0,323.0,121.621,,,0.1455,0.8545,,True,completed
150,truck,277.0,598.0,321.0,,2082.76,29.0,40.0,281.0,69.474,,,0.1246,0.8754,,True,completed
163,car,303.0,598.0,295.0,,2129.257,36.0,48.0,247.0,100.269,,,0.1627,0.8373,,True,completed
206,car,365.0,598.0,233.0,,1836.61,16.0,16.0,217.0,49.015,,,0.0687,0.9313,,True,completed
326,car,507.0,599.0,92.0,,734.384,2.0,2.0,90.0,18.806,,,0.0217,0.9783,,True,completed
299,car,480.0,600.0,120.0,,842.866,15.0,15.0,105.0,36.596,,,0.125,0.875,,True,completed
190,truck,335.0,604.0,269.0,,1889.202,0.0,14.0,255.0,40.623,,,0.052,0.948,,True,completed
209,car,367.0,607.0,240.0,,2008.104,2.0,23.0,217.0,57.409,,,0.0958,0.9042,,True,completed
157,car,299.0,611.0,312.0,,2965.201,0.0,20.0,292.0,43.899,,,0.0641,0.9359,,True,completed
343,car,524.0,611.0,87.0,,750.107,9.0,9.0,78.0,15.66,,,0.1034,0.8966,,True,completed
173,car,315.0,613.0,298.0,,2599.222,0.0,32.0,266.0,62.713,,,0.1074,0.8926,,True,completed
172,car,313.0,616.0,303.0,,2122.253,30.0,69.0,234.0,110.335,,,0.2277,0.7723,,True,completed
185,truck,333.0,616.0,283.0,,2028.827,0.0,16.0,267.0,38.246,,,0.0565,0.9435,,True,completed
165,truck,305.0,617.0,312.0,,2005.473,5.0,29.0,283.0,67.084,,,0.0929,0.9071,,True,completed
130,truck,243.0,618.0,375.0,,2250.763,24.0,67.0,308.0,103.8,,,0.1787,0.8213,,True,completed
207,car,365.0,619.0,254.0,,2125.303,9.0,15.0,239.0,58.177,,,0.0591,0.9409,,True,completed
259,car,436.0,619.0,183.0,,1493.255,10.0,10.0,173.0,32.475,,,0.0546,0.9454,,True,completed
405,truck,602.0,619.0,17.0,,128.101,0.0,0.0,17.0,0.622,,,0.0,1.0,,True,completed
176,car,318.0,626.0,308.0,,2797.406,16.0,16.0,292.0,52.754,,,0.0519,0.9481,,True,completed
278,car,453.0,627.0,174.0,,1642.138,0.0,5.0,169.0,25.125,,,0.0287,0.9713,,True,completed
362,car,545.0,628.0,83.0,,730.322,0.0,0.0,83.0,8.059,,,0.0,1.0,,True,completed
255,truck,434.0,631.0,197.0,,1214.889,29.0,29.0,168.0,49.74,,,0.1472,0.8528,,True,completed
220,truck,390.0,632.0,242.0,,1834.392,3.0,3.0,239.0,20.665,,,0.0124,0.9876,,True,completed
246,car,419.0,632.0,213.0,,1501.891,21.0,38.0,175.0,76.572,,,0.1784,0.8216,,True,completed
174,car,315.0,634.0,319.0,,2285.41,4.0,36.0,283.0,95.71,,,0.1129,0.8871,,True,completed
381,car,567.0,636.0,69.0,,413.572,12.0,12.0,57.0,28.857,,,0.1739,0.8261,,True,completed
267,car,444.0,637.0,193.0,,1263.912,33.0,39.0,154.0,77.512,,,0.2021,0.7979,,True,completed
242,car,417.0,638.0,221.0,,1523.339,27.0,40.0,181.0,76.231,,,0.181,0.819,,True,completed
217,car,384.0,643.0,259.0,,2606.626,4.0,4.0,255.0,23.157,,,0.0154,0.9846,,True,completed
179,car,320.0,644.0,324.0,,2340.797,30.0,30.0,294.0,78.025,,,0.0926,0.9074,,True,completed
199,car,354.0,644.0,290.0,,2298.289,0.0,24.0,266.0,67.694,,,0.0828,0.9172,,True,completed
253,car,430.0,644.0,214.0,,1901.184,3.0,3.0,211.0,35.796,,,0.014,0.986,,True,completed
192,car,338.0,645.0,307.0,,2675.879,0.0,24.0,283.0,54.64,,,0.0782,0.9218,,True,completed
342,car,523.0,645.0,122.0,,1138.032,2.0,2.0,120.0,17.246,,,0.0164,0.9836,,True,completed
184,car,332.0,647.0,315.0,,2768.631,18.0,24.0,291.0,58.612,,,0.0762,0.9238,,True,completed
376,car,562.0,650.0,88.0,,670.071,7.0,7.0,81.0,21.387,,,0.0795,0.9205,,True,completed
156,car,299.0,652.0,353.0,,2479.821,30.0,39.0,314.0,104.001,,,0.1105,0.8895,,True,completed
193,car,338.0,652.0,314.0,,2385.993,24.0,56.0,258.0,95.903,,,0.1783,0.8217,,True,completed
197,car,349.0,652.0,303.0,,1725.859,20.0,57.0,246.0,135.637,,,0.1881,0.8119,,True,completed
188,car,334.0,653.0,319.0,,2608.254,9.0,36.0,283.0,75.622,,,0.1129,0.8871,,True,completed
263,car,440.0,653.0,213.0,,1830.608,11.0,11.0,202.0,35.618,,,0.0516,0.9484,,True,completed
352,car,537.0,655.0,118.0,,877.389,12.0,18.0,100.0,38.034,,,0.1525,0.8475,,True,completed
329,car,509.0,656.0,147.0,,998.937,9.0,18.0,129.0,54.367,,,0.1224,0.8776,,True,completed
201,car,356.0,658.0,302.0,,2088.537,35.0,50.0,252.0,112.622,,,0.1656,0.8344,,True,completed
373,car,556.0,659.0,103.0,,688.421,22.0,22.0,81.0,39.329,,,0.2136,0.7864,,True,completed
153,car,290.0,660.0,370.0,,2707.03,18.0,65.0,305.0,121.807,,,0.1757,0.8243,,True,completed
226,car,393.0,662.0,269.0,,2254.386,19.0,40.0,229.0,64.299,,,0.1487,0.8513,,True,completed
286,car,467.0,662.0,195.0,,1648.643,18.0,26.0,169.0,44.278,,,0.1333,0.8667,,True,completed
296,car,473.0,662.0,189.0,,1773.404,1.0,1.0,188.0,22.272,,,0.0053,0.9947,,True,completed
169,car,309.0,663.0,354.0,,2581.479,0.0,13.0,341.0,53.992,,,0.0367,0.9633,,True,completed
229,car,400.0,663.0,263.0,,1633.564,27.0,58.0,205.0,102.567,,,0.2205,0.7795,,True,completed
238,car,414.0,663.0,249.0,,1990.454,32.0,39.0,210.0,61.147,,,0.1566,0.8434,,True,completed
262,car,439.0,666.0,227.0,,1505.858,21.0,31.0,196.0,53.3,,,0.1366,0.8634,,True,completed
324,car,502.0,667.0,165.0,,1608.585,2.0,2.0,163.0,18.771,,,0.0121,0.9879,,True,completed
293,car,471.0,671.0,200.0,,1622.073,0.0,0.0,200.0,31.933,,,0.0,1.0,,True,completed
349,car,532.0,673.0,141.0,,1018.184,7.0,17.0,124.0,47.521,,,0.1206,0.8794,,True,completed
231,car,401.0,675.0,274.0,,1664.227,21.0,83.0,191.0,122.245,,,0.3029,0.6971,,True,completed
399,car,595.0,679.0,84.0,,781.693,0.0,0.0,84.0,11.069,,,0.0,1.0,,True,completed
323,car,502.0,683.0,181.0,,1474.753,17.0,19.0,162.0,46.264,,,0.105,0.895,,True,completed
260,truck,438.0,686.0,248.0,,1634.09,22.0,22.0,226.0,42.396,,,0.0887,0.9113,,True,completed
305,truck,482.0,686.0,204.0,,1267.72,5.0,24.0,180.0,50.181,,,0.1176,0.8824,,True,completed
301,car,481.0,687.0,206.0,,1912.224,5.0,7.0,199.0,31.047,,,0.034,0.966,,True,completed
171,car,312.0,688.0,376.0,,1970.438,51.0,106.0,270.0,180.307,,,0.2819,0.7181,,True,completed
212,car,375.0,688.0,313.0,,2204.76,27.0,42.0,271.0,94.346,,,0.1342,0.8658,,True,completed
358,car,541.0,689.0,148.0,,1327.171,2.0,2.0,146.0,25.211,,,0.0135,0.9865,,True,completed
189,car,334.0,690.0,356.0,,2332.422,30.0,31.0,325.0,124.425,,,0.0871,0.9129,,True,completed
180,truck,321.0,691.0,370.0,,2356.037,32.0,37.0,333.0,85.694,,,0.1,0.9,,True,completed
357,car,540.0,691.0,151.0,,1354.211,12.0,12.0,139.0,25.62,,,0.0795,0.9205,,True,completed
241,car,417.0,694.0,277.0,,2201.756,7.0,39.0,238.0,67.004,,,0.1408,0.8592,,True,completed
247,car,442.0,696.0,254.0,,1974.759,34.0,35.0,219.0,74.33,,,0.1378,0.8622,,True,completed
249,car,428.0,696.0,268.0,,2048.844,8.0,59.0,209.0,79.302,,,0.2201,0.7799,,True,completed
280,truck,454.0,696.0,242.0,,1649.746,0.0,4.0,238.0,21.501,,,0.0165,0.9835,,True,completed
379,car,565.0,700.0,135.0,,883.13,2.0,2.0,133.0,30.29,,,0.0148,0.9852,,True,completed
256,car,435.0,701.0,266.0,,2372.432,2.0,22.0,244.0,49.265,,,0.0827,0.9173,,True,completed
225,truck,392.0,703.0,311.0,,1990.864,9.0,28.0,283.0,70.059,,,0.09,0.91,,True,completed
493,car,658.0,704.0,46.0,,128.181,28.0,28.0,18.0,33.147,,,0.6087,0.3913,,True,completed
538,car,691.0,704.0,13.0,,126.46,0.0,0.0,13.0,0.618,,,0.0,1.0,,True,completed
284,car,465.0,706.0,241.0,,1627.212,30.0,44.0,197.0,84.348,,,0.1826,0.8174,,True,completed
230,truck,401.0,707.0,306.0,,1963.972,9.0,37.0,269.0,69.138,,,0.1209,0.8791,,True,completed
331,car,509.0,707.0,198.0,,1393.931,16.0,35.0,163.0,66.842,,,0.1768,0.8232,,True,completed
204,car,364.0,709.0,345.0,,2247.221,9.0,58.0,287.0,135.751,,,0.1681,0.8319,,True,completed
315,truck,492.0,709.0,217.0,,1499.445,8.0,11.0,206.0,35.66,,,0.0507,0.9493,,True,completed
282,car,458.0,711.0,253.0,,1835.952,38.0,41.0,212.0,67.464,,,0.1621,0.8379,,True,completed
313,car,491.0,711.0,220.0,,1734.973,11.0,13.0,207.0,43.751,,,0.0591,0.9409,,True,completed
224,car,391.0,712.0,321.0,,2069.453,44.0,70.0,251.0,130.959,,,0.2181,0.7819,,True,completed
332,car,511.0,713.0,202.0,,1482.651,14.0,21.0,181.0,45.465,,,0.104,0.896,,True,completed
438,car,620.0,716.0,96.0,,738.068,13.0,13.0,83.0,28.22,,,0.1354,0.8646,,True,completed
337,car,515.0,718.0,203.0,,1535.396,19.0,24.0,179.0,42.911,,,0.1182,0.8818,,True,completed
223,car,391.0,719.0,328.0,,2665.46,1.0,30.0,298.0,85.512,,,0.0915,0.9085,,True,completed
360,truck,544.0,719.0,175.0,,1036.857,3.0,25.0,150.0,48.507,,,0.1429,0.8571,,True,completed
243,car,418.0,720.0,302.0,,1680.239,59.0,88.0,214.0,138.053,,,0.2914,0.7086,,True,completed
380,truck,566.0,721.0,155.0,,1144.765,0.0,0.0,155.0,12.242,,,0.0,1.0,,True,completed
403,car,602.0,721.0,119.0,,783.981,15.0,22.0,97.0,46.478,,,0.1849,0.8151,,True,completed
415,truck,609.0,722.0,113.0,,728.746,16.0,16.0,97.0,24.049,,,0.1416,0.8584,,True,completed
252,car,429.0,727.0,298.0,,2451.897,19.0,36.0,262.0,74.765,,,0.1208,0.8792,,True,completed
266,car,443.0,733.0,290.0,,2012.251,50.0,59.0,231.0,107.401,,,0.2034,0.7966,,True,completed
351,car,536.0,733.0,197.0,,1564.041,13.0,13.0,184.0,54.303,,,0.066,0.934,,True,completed
367,car,548.0,733.0,185.0,,1644.369,0.0,3.0,182.0,26.876,,,0.0162,0.9838,,True,completed
291,car,470.0,735.0,265.0,,2049.365,18.0,37.0,228.0,70.986,,,0.1396,0.8604,,True,completed
306,car,483.0,735.0,252.0,,2145.184,5.0,16.0,236.0,55.811,,,0.0635,0.9365,,True,completed
345,truck,530.0,736.0,206.0,,1431.219,17.0,17.0,189.0,30.552,,,0.0825,0.9175,,True,completed
317,car,495.0,738.0,243.0,,1933.716,10.0,34.0,209.0,56.983,,,0.1399,0.8601,,True,completed
513,car,674.0,738.0,64.0,,377.797,6.0,6.0,58.0,14.513,,,0.0938,0.9062,,True,completed
427,car,614.0,741.0,127.0,,799.214,14.0,23.0,104.0,44.008,,,0.1811,0.8189,,True,completed
181,car,322.0,742.0,420.0,,2688.045,53.0,116.0,304.0,175.493,,,0.2762,0.7238,,True,completed
374,car,558.0,743.0,185.0,,1520.585,2.0,26.0,159.0,44.041,,,0.1405,0.8595,,True,completed
215,truck,382.0,745.0,363.0,,2217.137,24.0,48.0,315.0,95.562,,,0.1322,0.8678,,True,completed
268,car,444.0,745.0,301.0,,1722.885,48.0,81.0,220.0,140.652,,,0.2691,0.7309,,True,completed
276,car,451.0,745.0,294.0,,1576.666,64.0,103.0,191.0,149.393,,,0.3503,0.6497,,True,completed
281,car,455.0,745.0,290.0,,2213.907,43.0,43.0,247.0,87.09,,,0.1483,0.8517,,True,completed
404,car,602.0,745.0,143.0,,1304.003,0.0,0.0,143.0,14.252,,,0.0,1.0,,True,completed
453,car,628.0,745.0,117.0,,792.904,6.0,6.0,111.0,23.435,,,0.0513,0.9487,,True,completed
308,car,487.0,746.0,259.0,,2408.332,4.0,13.0,246.0,41.248,,,0.0502,0.9498,,True,completed
495,truck,659.0,747.0,88.0,,661.674,0.0,0.0,88.0,7.082,,,0.0,1.0,,True,completed
310,truck,489.0,748.0,259.0,,1687.383,15.0,32.0,227.0,54.86,,,0.1236,0.8764,,True,completed
297,car,475.0,749.0,274.0,,2372.828,12.0,29.0,245.0,58.567,,,0.1058,0.8942,,True,completed
321,car,499.0,749.0,250.0,,1867.944,0.0,34.0,216.0,74.687,,,0.136,0.864,,True,completed
198,car,351.0,750.0,399.0,,2498.678,59.0,115.0,284.0,171.974,,,0.2882,0.7118,,True,completed
269,car,445.0,751.0,306.0,,2267.864,20.0,53.0,253.0,93.999,,,0.1732,0.8268,,True,completed
303,car,481.0,752.0,271.0,,2336.04,4.0,17.0,254.0,51.798,,,0.0627,0.9373,,True,completed
456,car,632.0,753.0,121.0,,991.173,0.0,0.0,121.0,13.127,,,0.0,1.0,,True,completed
265,truck,442.0,757.0,315.0,,2154.02,0.0,15.0,300.0,55.264,,,0.0476,0.9524,,True,completed
257,car,435.0,763.0,328.0,,2668.826,0.0,33.0,295.0,73.389,,,0.1006,0.8994,,True,completed
221,car,390.0,764.0,374.0,,2324.613,39.0,99.0,275.0,156.118,,,0.2647,0.7353,,True,completed
397,car,594.0,764.0,170.0,,1111.185,27.0,44.0,126.0,68.514,,,0.2588,0.7412,,True,completed
271,car,447.0,765.0,318.0,,2233.416,26.0,63.0,255.0,114.902,,,0.1981,0.8019,,True,completed
528,car,689.0,766.0,77.0,,564.045,18.0,18.0,59.0,24.964,,,0.2338,0.7662,,True,completed
272,car,449.0,767.0,318.0,,2604.392,26.0,39.0,279.0,81.331,,,0.1226,0.8774,,True,completed
325,truck,505.0,767.0,262.0,,1711.174,1.0,28.0,234.0,55.085,,,0.1069,0.8931,,True,completed
205,truck,364.0,769.0,405.0,,2361.363,31.0,68.0,337.0,119.902,,,0.1679,0.8321,,True,completed
346,car,530.0,769.0,239.0,,1190.874,47.0,87.0,152.0,129.697,,,0.364,0.636,,True,completed
353,car,539.0,769.0,230.0,,1588.454,9.0,47.0,183.0,85.857,,,0.2043,0.7957,,True,completed
216,car,384.0,771.0,387.0,,2822.027,1.0,29.0,358.0,75.315,,,0.0749,0.9251,,True,completed
318,car,496.0,771.0,275.0,,1935.657,19.0,39.0,236.0,80.821,,,0.1418,0.8582,,True,completed
365,truck,546.0,771.0,225.0,,1149.651,45.0,57.0,168.0,85.179,,,0.2533,0.7467,,True,completed
368,car,549.0,773.0,224.0,,1826.859,27.0,39.0,185.0,56.652,,,0.1741,0.8259,,True,completed
525,truck,684.0,773.0,89.0,,664.402,0.0,0.0,89.0,8.009,,,0.0,1.0,,True,completed
222,car,391.0,775.0,384.0,,2268.948,29.0,79.0,305.0,170.974,,,0.2057,0.7943,,True,completed
467,car,638.0,775.0,137.0,,1172.449,0.0,0.0,137.0,14.341,,,0.0,1.0,,True,completed
228,car,397.0,776.0,379.0,,2905.23,0.0,53.0,326.0,106.596,,,0.1398,0.8602,,True,completed
542,car,693.0,776.0,83.0,,701.952,0.0,0.0,83.0,13.009,,,0.0,1.0,,True,completed
248,car,423.0,778.0,355.0,,2084.587,72.0,114.0,241.0,166.213,,,0.3211,0.6789,,True,completed
273,car,449.0,780.0,331.0,,1826.128,28.0,77.0,254.0,136.503,,,0.2326,0.7674,,True,completed
478,car,643.0,780.0,137.0,,1325.554,6.0,6.0,131.0,16.6,,,0.0438,0.9562,,True,completed
191,car,336.0,781.0,445.0,,2248.555,63.0,109.0,336.0,210.091,,,0.2449,0.7551,,True,completed
219,car,387.0,782.0,395.0,,2008.479,55.0,121.0,274.0,199.943,,,0.3063,0.6937,,True,completed
498,car,660.0,782.0,122.0,,1044.868,9.0,9.0,113.0,26.064,,,0.0738,0.9262,,True,completed
502,car,665.0,783.0,118.0,,944.519,0.0,0.0,118.0,17.957,,,0.0,1.0,,True,completed
613,car,738.0,786.0,48.0,,442.513,0.0,0.0,48.0,7.173,,,0.0,1.0,,True,completed
484,car,649.0,787.0,138.0,,1145.45,14.0,14.0,124.0,27.307,,,0.1014,0.8986,,True,completed
567,car,708.0,787.0,79.0,,737.337,0.0,0.0,79.0,8.518,,,0.0,1.0,,True,completed
290,truck,470.0,789.0,319.0,,2211.512,13.0,21.0,298.0,50.292,,,0.0658,0.9342,,True,completed
588,car,722.0,789.0,67.0,,454.201,17.0,17.0,50.0,24.952,,,0.2537,0.7463,,True,completed
235,truck,412.0,790.0,378.0,,2329.049,0.0,65.0,313.0,95.932,,,0.172,0.828,,True,completed
434,car,619.0,790.0,171.0,,1708.459,0.0,0.0,171.0,14.737,,,0.0,1.0,,True,completed
177,car,319.0,791.0,472.0,,2960.785,0.0,60.0,412.0,145.018,,,0.1271,0.8729,,True,completed
406,car,602.0,792.0,190.0,,1413.112,18.0,36.0,154.0,61.192,,,0.1895,0.8105,,True,completed
335,truck,512.0,794.0,282.0,,1818.602,5.0,29.0,253.0,60.287,,,0.1028,0.8972,,True,completed
476,car,643.0,794.0,151.0,,1067.945,9.0,31.0,120.0,53.378,,,0.2053,0.7947,,True,completed
312,car,491.0,795.0,304.0,,1863.504,33.0,72.0,232.0,132.741,,,0.2368,0.7632,,True,completed
350,truck,534.0,796.0,262.0,,1491.187,3.0,47.0,215.0,79.374,,,0.1794,0.8206,,True,completed
501,car,664.0,796.0,132.0,,1177.463,14.0,14.0,118.0,25.027,,,0.1061,0.8939,,True,completed
304,car,482.0,797.0,315.0,,2018.686,49.0,77.0,238.0,120.645,,,0.2444,0.7556,,True,completed
341,car,518.0,799.0,281.0,,1684.207,48.0,70.0,211.0,125.935,,,0.2491,0.7509,,True,completed
144,car,264.0,803.0,539.0,,,0.0,315.0,224.0,0.0,,,0.5844,0.4156,,True,completed
482,car,649.0,804.0,155.0,,1476.04,0.0,0.0,155.0,10.811,,,0.0,1.0,,True,completed
609,car,737.0,804.0,67.0,,375.183,18.0,19.0,48.0,32.233,,,0.2836,0.7164,,True,completed
295,truck,472.0,807.0,335.0,,1914.904,30.0,60.0,275.0,103.627,,,0.1791,0.8209,,True,completed
470,truck,639.0,807.0,168.0,,851.883,22.0,39.0,129.0,64.446,,,0.2321,0.7679,,True,completed
578,car,716.0,807.0,91.0,,624.377,15.0,15.0,76.0,29.547,,,0.1648,0.8352,,True,completed
444,car,624.0,810.0,186.0,,1818.409,0.0,1.0,185.0,16.863,,,0.0054,0.9946,,True,completed
471,car,640.0,810.0,170.0,,855.482,20.0,36.0,134.0,90.386,,,0.2118,0.7882,,True,completed
394,car,590.0,811.0,221.0,,2032.793,8.0,9.0,212.0,29.898,,,0.0407,0.9593,,True,completed
359,car,543.0,812.0,269.0,,1756.591,11.0,26.0,243.0,64.316,,,0.0967,0.9033,,True,completed
302,car,481.0,813.0,332.0,,1421.339,52.0,115.0,217.0,201.726,,,0.3464,0.6536,,True,completed
510,truck,670.0,813.0,143.0,,983.161,5.0,5.0,138.0,23.695,,,0.035,0.965,,True,completed
289,car,469.0,814.0,345.0,,2252.061,19.0,67.0,278.0,120.653,,,0.1942,0.8058,,True,completed
383,car,573.0,822.0,249.0,,1555.042,13.0,65.0,184.0,107.283,,,0.261,0.739,,True,completed
497,car,660.0,822.0,162.0,,1444.535,0.0,2.0,160.0,16.288,,,0.0123,0.9877,,True,completed
182,car,324.0,824.0,500.0,,2802.414,69.0,150.0,350.0,235.253,,,0.3,0.7,,True,completed
279,car,454.0,825.0,371.0,,2278.843,0.0,104.0,267.0,157.57,,,0.2803,0.7197,,True,completed
348,car,531.0,826.0,295.0,,1480.237,32.0,71.0,224.0,150.931,,,0.2407,0.7593,,True,completed
393,car,590.0,826.0,236.0,,2038.478,0.0,11.0,225.0,48.567,,,0.0466,0.9534,,True,completed
668,car,775.0,828.0,53.0,,372.074,12.0,12.0,41.0,18.513,,,0.2264,0.7736,,True,completed
382,car,569.0,829.0,260.0,,2337.513,2.0,13.0,247.0,44.087,,,0.05,0.95,,True,completed
483,car,649.0,829.0,180.0,,1555.375,2.0,12.0,168.0,34.015,,,0.0667,0.9333,,True,completed
336,car,513.0,830.0,317.0,,2210.495,12.0,40.0,277.0,110.686,,,0.1262,0.8738,,True,completed
294,car,471.0,832.0,361.0,,2786.616,18.0,53.0,308.0,105.725,,,0.1468,0.8532,,True,completed
417,car,610.0,832.0,222.0,,2136.82,2.0,7.0,215.0,28.136,,,0.0315,0.9685,,True,completed
433,car,618.0,832.0,214.0,,895.223,42.0,76.0,138.0,123.255,,,0.3551,0.6449,,True,completed
202,car,359.0,833.0,474.0,,2639.432,34.0,127.0,347.0,217.472,,,0.2679,0.7321,,True,completed
597,car,729.0,833.0,104.0,,673.549,17.0,17.0,87.0,42.38,,,0.1635,0.8365,,True,completed
366,car,547.0,835.0,288.0,,1522.723,16.0,68.0,220.0,142.522,,,0.2361,0.7639,,True,completed
426,car,614.0,836.0,222.0,,1853.621,19.0,24.0,198.0,49.598,,,0.1081,0.8919,,True,completed
637,car,752.0,836.0,84.0,,741.766,5.0,5.0,79.0,16.24,,,0.0595,0.9405,,True,completed
402,car,601.0,838.0,237.0,,1267.581,48.0,73.0,164.0,120.632,,,0.308,0.692,,True,completed
407,car,602.0,839.0,237.0,,1661.615,4.0,29.0,208.0,77.235,,,0.1224,0.8776,,True,completed
251,car,429.0,840.0,411.0,,2873.327,30.0,79.0,332.0,144.43,,,0.1922,0.8078,,True,completed
524,car,684.0,840.0,156.0,,1331.785,6.0,6.0,150.0,26.971,,,0.0385,0.9615,,True,completed
582,car,718.0,843.0,125.0,,881.158,0.0,0.0,125.0,12.662,,,0.0,1.0,,True,completed
387,car,579.0,844.0,265.0,,2496.144,9.0,14.0,251.0,39.086,,,0.0528,0.9472,,True,completed
599,car,730.0,845.0,115.0,,872.791,17.0,17.0,98.0,35.098,,,0.1478,0.8522,,True,completed
363,car,545.0,848.0,303.0,,1907.723,62.0,70.0,233.0,119.731,,,0.231,0.769,,True,completed
311,car,525.0,849.0,324.0,,2461.687,5.0,59.0,265.0,100.101,,,0.1821,0.8179,,True,completed
377,car,563.0,851.0,288.0,,1678.456,14.0,83.0,205.0,135.937,,,0.2882,0.7118,,True,completed
432,car,618.0,853.0,235.0,,2132.958,20.0,20.0,215.0,38.831,,,0.0851,0.9149,,True,completed
605,truck,735.0,855.0,120.0,,760.25,7.0,7.0,113.0,27.129,,,0.0583,0.9417,,True,completed
626,car,745.0,855.0,110.0,,978.698,0.0,0.0,110.0,11.57,,,0.0,1.0,,True,completed
437,car,619.0,856.0,237.0,,2080.829,9.0,9.0,228.0,45.034,,,0.038,0.962,,True,completed
541,car,692.0,856.0,164.0,,976.773,28.0,35.0,129.0,68.688,,,0.2134,0.7866,,True,completed
503,car,665.0,857.0,192.0,,1309.24,6.0,10.0,182.0,53.564,,,0.0521,0.9479,,True,completed
395,truck,591.0,861.0,270.0,,1775.315,0.0,31.0,239.0,55.877,,,0.1148,0.8852,,True,completed
396,car,591.0,862.0,271.0,,1866.517,0.0,67.0,204.0,100.442,,,0.2472,0.7528,,True,completed
250,truck,428.0,863.0,435.0,,1964.319,39.0,113.0,322.0,171.926,,,0.2598,0.7402,,True,completed
370,truck,552.0,864.0,312.0,,2218.356,3.0,21.0,291.0,44.691,,,0.0673,0.9327,,True,completed
200,truck,355.0,865.0,510.0,,3419.831,4.0,52.0,458.0,98.425,,,0.102,0.898,,True,completed
561,car,703.0,865.0,162.0,,1326.84,17.0,17.0,145.0,34.572,,,0.1049,0.8951,,True,completed
643,car,755.0,865.0,110.0,,733.111,10.0,10.0,100.0,33.015,,,0.0909,0.9091,,True,completed
392,car,590.0,866.0,276.0,,2059.229,2.0,36.0,240.0,88.445,,,0.1304,0.8696,,True,completed
458,car,632.0,866.0,234.0,,1929.059,0.0,29.0,205.0,55.493,,,0.1239,0.8761,,True,completed
527,car,685.0,866.0,181.0,,1262.961,16.0,32.0,149.0,66.1,,,0.1768,0.8232,,True,completed
239,car,416.0,868.0,452.0,,3149.617,16.0,71.0,381.0,157.218,,,0.1571,0.8429,,True,completed
270,truck,447.0,869.0,422.0,,2207.71,30.0,96.0,326.0,155.208,,,0.2275,0.7725,,True,completed
328,car,513.0,869.0,356.0,,1794.632,31.0,86.0,270.0,190.394,,,0.2416,0.7584,,True,completed
420,truck,611.0,869.0,258.0,,1818.4,0.0,13.0,245.0,37.864,,,0.0504,0.9496,,True,completed
652,car,765.0,871.0,106.0,,1008.314,1.0,1.0,105.0,12.497,,,0.0094,0.9906,,True,completed
398,car,594.0,872.0,278.0,,1867.999,0.0,65.0,213.0,97.15,,,0.2338,0.7662,,True,completed
287,car,468.0,873.0,405.0,,2264.488,29.0,90.0,315.0,198.437,,,0.2222,0.7778,,True,completed
579,car,716.0,874.0,158.0,,978.23,5.0,11.0,147.0,63.865,,,0.0696,0.9304,,True,completed
583,car,719.0,876.0,157.0,,977.235,5.0,27.0,130.0,64.316,,,0.172,0.828,,True,completed
644,car,755.0,877.0,122.0,,1112.326,0.0,9.0,113.0,18.308,,,0.0738,0.9262,,True,completed
316,car,495.0,878.0,383.0,,2857.375,0.0,37.0,346.0,124.09,,,0.0966,0.9034,,True,completed
309,car,488.0,879.0,391.0,,1643.105,49.0,148.0,243.0,240.827,,,0.3785,0.6215,,True,completed
464,car,636.0,879.0,243.0,,1205.604,47.0,82.0,161.0,131.552,,,0.3374,0.6626,,True,completed
693,car,791.0,879.0,88.0,,730.215,0.0,0.0,88.0,9.252,,,0.0,1.0,,True,completed
422,car,613.0,881.0,268.0,,2329.437,1.0,15.0,253.0,53.1,,,0.056,0.944,,True,completed
485,truck,649.0,881.0,232.0,,1209.901,0.0,43.0,189.0,84.732,,,0.1853,0.8147,,True,completed
621,car,742.0,883.0,141.0,,1147.787,14.0,23.0,118.0,36.301,,,0.1631,0.8369,,True,completed
411,car,605.0,885.0,280.0,,1687.41,44.0,69.0,211.0,123.713,,,0.2464,0.7536,,True,completed
727,car,812.0,886.0,74.0,,648.918,0.0,0.0,74.0,8.441,,,0.0,1.0,,True,completed
466,car,636.0,887.0,251.0,,1623.848,16.0,47.0,204.0,101.871,,,0.1873,0.8127,,True,completed
521,car,682.0,888.0,206.0,,1392.779,0.0,19.0,187.0,35.251,,,0.0922,0.9078,,True,completed
608,car,736.0,891.0,155.0,,1492.189,0.0,0.0,155.0,13.224,,,0.0,1.0,,True,completed
694,car,791.0,897.0,106.0,,589.529,32.0,32.0,74.0,51.942,,,0.3019,0.6981,,True,completed
240,truck,417.0,898.0,481.0,,3313.669,0.0,30.0,451.0,78.244,,,0.0624,0.9376,,True,completed
274,car,450.0,898.0,448.0,,3030.858,61.0,88.0,360.0,163.635,,,0.1964,0.8036,,True,completed
474,car,642.0,898.0,256.0,,2064.961,11.0,35.0,221.0,68.928,,,0.1367,0.8633,,True,completed
506,car,667.0,900.0,233.0,,1464.863,21.0,49.0,184.0,95.354,,,0.2103,0.7897,,True,completed
327,car,508.0,901.0,393.0,,1964.434,9.0,115.0,278.0,207.852,,,0.2926,0.7074,,True,completed
429,car,615.0,903.0,288.0,,2043.144,2.0,33.0,255.0,102.882,,,0.1146,0.8854,,True,completed
409,car,603.0,905.0,302.0,,2030.783,7.0,37.0,265.0,93.913,,,0.1225,0.8775,,True,completed
414,car,608.0,906.0,298.0,,2569.752,6.0,24.0,274.0,61.922,,,0.0805,0.9195,,True,completed
546,car,695.0,910.0,215.0,,1486.3,20.0,27.0,188.0,78.056,,,0.1256,0.8744,,True,completed
428,car,615.0,912.0,297.0,,2202.863,18.0,39.0,258.0,89.821,,,0.1313,0.8687,,True,completed
475,truck,641.0,912.0,271.0,,1447.137,49.0,61.0,210.0,94.23,,,0.2251,0.7749,,True,completed
416,car,609.0,914.0,305.0,,2127.278,0.0,25.0,280.0,64.025,,,0.082,0.918,,True,completed
436,car,619.0,915.0,296.0,,2165.832,8.0,40.0,256.0,98.315,,,0.1351,0.8649,,True,completed
660,truck,771.0,916.0,145.0,,745.746,18.0,31.0,114.0,53.874,,,0.2138,0.7862,,True,completed
300,truck,481.0,917.0,436.0,,2366.903,4.0,93.0,343.0,150.075,,,0.2133,0.7867,,True,completed
320,truck,498.0,917.0,419.0,,2377.447,7.0,87.0,332.0,128.609,,,0.2076,0.7924,,True,completed
356,car,540.0,917.0,377.0,,2018.462,44.0,98.0,279.0,162.933,,,0.2599,0.7401,,True,completed
631,car,749.0,919.0,170.0,,1474.591,0.0,0.0,170.0,15.782,,,0.0,1.0,,True,completed
697,car,793.0,919.0,126.0,,655.971,28.0,28.0,98.0,65.161,,,0.2222,0.7778,,True,completed
641,car,753.0,922.0,169.0,,1642.745,0.0,3.0,166.0,19.674,,,0.0178,0.9822,,True,completed
563,car,706.0,923.0,217.0,,1414.328,20.0,50.0,167.0,88.181,,,0.2304,0.7696,,True,completed
486,car,651.0,924.0,273.0,,1811.425,19.0,38.0,235.0,104.545,,,0.1392,0.8608,,True,completed
454,car,630.0,925.0,295.0,,2615.699,3.0,22.0,273.0,55.691,,,0.0746,0.9254,,True,completed
334,car,512.0,927.0,415.0,,2340.664,70.0,131.0,284.0,199.359,,,0.3157,0.6843,,True,completed
372,car,556.0,927.0,371.0,,2173.839,24.0,92.0,279.0,173.334,,,0.248,0.752,,True,completed
389,car,584.0,928.0,344.0,,1993.356,24.0,97.0,247.0,156.4,,,0.282,0.718,,True,completed
463,car,635.0,928.0,293.0,,2615.879,0.0,17.0,276.0,53.945,,,0.058,0.942,,True,completed
531,car,687.0,928.0,241.0,,1790.622,18.0,38.0,203.0,78.197,,,0.1577,0.8423,,True,completed
481,car,648.0,930.0,282.0,,1438.431,22.0,95.0,187.0,151.54,,,0.3369,0.6631,,True,completed
676,car,781.0,930.0,149.0,,1063.207,0.0,0.0,149.0,19.547,,,0.0,1.0,,True,completed
533,car,689.0,931.0,242.0,,973.201,66.0,104.0,138.0,144.017,,,0.4298,0.5702,,True,completed
606,car,735.0,931.0,196.0,,1627.398,22.0,22.0,174.0,47.813,,,0.1122,0.8878,,True,completed
447,car,625.0,932.0,307.0,,1965.998,10.0,64.0,243.0,127.223,,,0.2085,0.7915,,True,completed
375,truck,561.0,933.0,372.0,,1603.36,40.0,120.0,252.0,177.812,,,0.3226,0.6774,,True,completed
760,truck,834.0,934.0,100.0,,725.577,0.0,0.0,100.0,10.701,,,0.0,1.0,,True,completed
617,car,740.0,938.0,198.0,,1452.724,13.0,41.0,157.0,65.62,,,0.2071,0.7929,,True,completed
745,truck,824.0,939.0,115.0,,741.395,16.0,16.0,99.0,24.997,,,0.1391,0.8609,,True,completed
339,car,515.0,940.0,425.0,,2624.992,36.0,97.0,328.0,176.162,,,0.2282,0.7718,,True,completed
451,car,627.0,940.0,313.0,,1982.087,21.0,79.0,234.0,133.46,,,0.2524,0.7476,,True,completed
452,car,628.0,941.0,313.0,,2017.352,9.0,57.0,256.0,128.008,,,0.1821,0.8179,,True,completed
572,car,711.0,941.0,230.0,,1140.931,27.0,64.0,166.0,112.628,,,0.2783,0.7217,,True,completed
413,car,607.0,943.0,336.0,,1683.915,15.0,116.0,220.0,183.288,,,0.3452,0.6548,,True,completed
817,car,880.0,945.0,65.0,,442.973,17.0,17.0,48.0,24.132,,,0.2615,0.7385,,True,completed
549,car,697.0,946.0,249.0,,2142.279,19.0,25.0,224.0,53.648,,,0.1004,0.8996,,True,completed
245,truck,418.0,949.0,531.0,,3355.185,0.0,71.0,460.0,123.416,,,0.1337,0.8663,,True,completed
802,car,862.0,950.0,88.0,,670.013,9.0,9.0,79.0,23.787,,,0.1023,0.8977,,True,completed
423,car,613.0,954.0,341.0,,2728.278,0.0,44.0,297.0,93.251,,,0.129,0.871,,True,completed
518,car,680.0,954.0,274.0,,2143.453,14.0,32.0,242.0,77.976,,,0.1168,0.8832,,True,completed
401,car,599.0,955.0,356.0,,2518.261,0.0,67.0,289.0,120.335,,,0.1882,0.8118,,True,completed
479,car,645.0,955.0,310.0,,2370.157,36.0,47.0,263.0,75.272,,,0.1516,0.8484,,True,completed
576,car,714.0,956.0,242.0,,1837.503,29.0,42.0,200.0,65.647,,,0.1736,0.8264,,True,completed
669,car,775.0,956.0,181.0,,1322.855,0.0,19.0,162.0,45.479,,,0.105,0.895,,True,completed
763,car,837.0,957.0,120.0,,711.191,29.0,29.0,91.0,54.703,,,0.2417,0.7583,,True,completed
425,truck,613.0,958.0,345.0,,2357.115,4.0,22.0,323.0,60.803,,,0.0638,0.9362,,True,completed
465,truck,636.0,958.0,322.0,,2340.493,0.0,7.0,315.0,32.054,,,0.0217,0.9783,,True,completed
516,car,678.0,958.0,280.0,,2071.939,25.0,37.0,243.0,66.277,,,0.1321,0.8679,,True,completed
338,car,515.0,960.0,445.0,,3494.583,2.0,49.0,396.0,127.863,,,0.1101,0.8899,,True,completed
551,car,698.0,960.0,262.0,,2087.341,0.0,0.0,262.0,32.782,,,0.0,1.0,,True,completed
275,truck,451.0,963.0,512.0,,2870.592,53.0,103.0,409.0,165.339,,,0.2012,0.7988,,True,completed
795,truck,856.0,963.0,107.0,,640.196,15.0,15.0,92.0,29.146,,,0.1402,0.8598,,True,completed
809,car,869.0,964.0,95.0,,900.356,1.0,1.0,94.0,12.502,,,0.0105,0.9895,,True,completed
364,car,546.0,965.0,419.0,,2503.872,73.0,105.0,314.0,190.24,,,0.2506,0.7494,,True,completed
610,truck,738.0,965.0,227.0,,1544.714,0.0,19.0,208.0,40.43,,,0.0837,0.9163,,True,completed
347,car,531.0,966.0,435.0,,2557.579,52.0,98.0,337.0,202.436,,,0.2253,0.7747,,True,completed
292,car,471.0,967.0,496.0,,3351.625,51.0,79.0,417.0,192.108,,,0.1593,0.8407,,True,completed
285,truck,466.0,968.0,502.0,,2508.706,70.0,115.0,387.0,190.112,,,0.2291,0.7709,,True,completed
369,car,550.0,968.0,418.0,,2539.952,24.0,105.0,313.0,170.23,,,0.2512,0.7488,,True,completed
659,car,769.0,969.0,200.0,,1612.721,20.0,28.0,172.0,53.381,,,0.14,0.86,,True,completed
681,car,783.0,972.0,189.0,,1520.455,2.0,3.0,186.0,46.96,,,0.0159,0.9841,,True,completed
554,car,700.0,976.0,276.0,,1672.507,22.0,52.0,224.0,114.192,,,0.1884,0.8116,,True,completed
593,car,727.0,976.0,249.0,,1831.623,24.0,55.0,194.0,80.593,,,0.2209,0.7791,,True,completed
719,car,809.0,976.0,167.0,,1301.921,0.0,15.0,152.0,42.345,,,0.0898,0.9102,,True,completed
547,car,696.0,977.0,281.0,,1686.086,17.0,61.0,220.0,127.564,,,0.2171,0.7829,,True,completed
571,car,710.0,978.0,268.0,,1075.107,70.0,105.0,163.0,170.239,,,0.3918,0.6082,,True,completed
651,car,765.0,981.0,216.0,,1627.722,20.0,26.0,190.0,60.552,,,0.1204,0.8796,,True,completed
623,car,743.0,982.0,239.0,,1818.58,0.0,34.0,205.0,74.196,,,0.1423,0.8577,,True,completed
654,car,766.0,982.0,216.0,,1651.207,0.0,10.0,206.0,35.149,,,0.0463,0.9537,,True,completed
741,car,823.0,983.0,160.0,,1125.526,14.0,14.0,146.0,55.938,,,0.0875,0.9125,,True,completed
446,car,624.0,984.0,360.0,,2537.597,12.0,69.0,291.0,128.547,,,0.1917,0.8083,,True,completed
707,car,802.0,984.0,182.0,,1477.601,15.0,18.0,164.0,47.296,,,0.0989,0.9011,,True,completed
773,car,844.0,984.0,140.0,,985.588,23.0,23.0,117.0,43.278,,,0.1643,0.8357,,True,completed
887,car,921.0,985.0,64.0,,422.5,11.0,11.0,53.0,24.215,,,0.1719,0.8281,,True,completed
461,car,633.0,986.0,353.0,,1527.139,20.0,134.0,219.0,196.217,,,0.3796,0.6204,,True,completed
638,car,752.0,986.0,234.0,,2098.385,1.0,24.0,210.0,43.378,,,0.1026,0.8974,,True,completed
386,car,577.0,989.0,412.0,,2086.41,32.0,106.0,306.0,194.81,,,0.2573,0.7427,,True,completed
430,truck,615.0,989.0,374.0,,2521.003,17.0,46.0,328.0,70.359,,,0.123,0.877,,True,completed
648,car,757.0,989.0,232.0,,1582.014,29.0,55.0,177.0,77.168,,,0.2371,0.7629,,True,completed
457,car,632.0,990.0,358.0,,2407.726,0.0,43.0,315.0,82.197,,,0.1201,0.8799,,True,completed
769,car,840.0,990.0,150.0,,1321.627,10.0,10.0,140.0,29.535,,,0.0667,0.9333,,True,completed
473,car,640.0,991.0,351.0,,2550.479,10.0,58.0,293.0,119.479,,,0.1652,0.8348,,True,completed
619,car,741.0,991.0,250.0,,2278.378,0.0,21.0,229.0,42.672,,,0.084,0.916,,True,completed
627,car,747.0,995.0,248.0,,1830.471,0.0,14.0,234.0,42.099,,,0.0565,0.9435,,True,completed
600,truck,730.0,996.0,266.0,,1367.764,6.0,51.0,215.0,100.517,,,0.1917,0.8083,,True,completed
534,car,689.0,997.0,308.0,,2313.621,3.0,53.0,255.0,97.319,,,0.1721,0.8279,,True,completed
832,car,891.0,998.0,107.0,,676.522,23.0,23.0,84.0,38.64,,,0.215,0.785,,True,completed
355,truck,540.0,999.0,459.0,,1555.898,48.0,205.0,254.0,270.979,,,0.4466,0.5534,,True,completed
772,car,843.0,999.0,156.0,,1153.882,3.0,3.0,153.0,16.642,,,0.0192,0.9808,,True,completed
548,car,696.0,1002.0,306.0,,2564.652,0.0,41.0,265.0,71.881,,,0.134,0.866,,True,completed
584,car,719.0,1002.0,283.0,,2368.764,0.0,29.0,254.0,67.539,,,0.1025,0.8975,,True,completed
706,car,802.0,1002.0,200.0,,1579.204,0.0,20.0,180.0,46.85,,,0.1,0.9,,True,completed
442,car,622.0,1003.0,381.0,,2145.938,41.0,106.0,275.0,185.137,,,0.2782,0.7218,,True,completed
371,car,555.0,1005.0,450.0,,2276.127,75.0,156.0,294.0,238.941,,,0.3467,0.6533,,True,completed
721,car,809.0,1005.0,196.0,,1377.963,22.0,22.0,174.0,70.517,,,0.1122,0.8878,,True,completed
340,truck,516.0,1008.0,492.0,,1683.975,71.0,184.0,308.0,261.866,,,0.374,0.626,,True,completed
695,truck,792.0,1009.0,217.0,,1393.471,15.0,24.0,193.0,48.293,,,0.1106,0.8894,,True,completed
500,truck,664.0,1010.0,346.0,,1859.236,0.0,85.0,261.0,121.751,,,0.2457,0.7543,,True,completed
227,car,396.0,1011.0,615.0,,2897.427,21.0,201.0,414.0,314.139,,,0.3268,0.6732,,True,completed
833,car,891.0,1011.0,120.0,,762.628,19.0,26.0,94.0,42.464,,,0.2167,0.7833,,True,completed
861,car,909.0,1012.0,103.0,,734.926,6.0,6.0,97.0,30.757,,,0.0583,0.9417,,True,completed
535,truck,690.0,1013.0,323.0,,2141.79,0.0,35.0,288.0,61.833,,,0.1084,0.8916,,True,completed
1003,car,987.0,1015.0,28.0,,202.401,0.0,0.0,28.0,3.433,,,0.0,1.0,,True,completed
307,car,484.0,1016.0,532.0,,2102.014,51.0,209.0,323.0,331.151,,,0.3929,0.6071,,True,completed
378,car,564.0,1017.0,453.0,,2218.615,11.0,125.0,328.0,248.063,,,0.2759,0.7241,,True,completed
883,car,920.0,1018.0,98.0,,737.013,11.0,11.0,87.0,24.691,,,0.1122,0.8878,,True,completed
441,car,621.0,1019.0,398.0,,1963.947,50.0,118.0,280.0,219.227,,,0.2965,0.7035,,True,completed
872,car,914.0,1019.0,105.0,,798.661,2.0,2.0,103.0,18.775,,,0.019,0.981,,True,completed
455,truck,632.0,1021.0,389.0,,2455.947,22.0,53.0,336.0,87.449,,,0.1362,0.8638,,True,completed
836,car,894.0,1021.0,127.0,,1062.121,0.0,0.0,127.0,15.486,,,0.0,1.0,,True,completed
570,truck,710.0,1022.0,312.0,,1988.271,0.0,45.0,267.0,72.312,,,0.1442,0.8558,,True,completed
717,car,807.0,1022.0,215.0,,1316.109,1.0,51.0,164.0,88.148,,,0.2372,0.7628,,True,completed
734,car,816.0,1022.0,206.0,,1527.859,25.0,36.0,170.0,65.989,,,0.1748,0.8252,,True,completed
322,car,501.0,1023.0,522.0,,1966.445,64.0,191.0,331.0,338.311,,,0.3659,0.6341,,True,completed
509,car,669.0,1023.0,354.0,,2715.744,0.0,27.0,327.0,82.597,,,0.0763,0.9237,,True,completed
897,car,926.0,1023.0,97.0,,604.459,21.0,21.0,76.0,40.696,,,0.2165,0.7835,,True,completed
418,car,610.0,1024.0,414.0,,1383.178,57.0,176.0,238.0,285.447,,,0.4251,0.5749,,True,completed
419,car,611.0,1024.0,413.0,,2719.654,0.0,82.0,331.0,156.185,,,0.1985,0.8015,,True,completed
472,car,639.0,1024.0,385.0,,2245.44,0.0,85.0,300.0,181.425,,,0.2208,0.7792,,True,completed
983,car,974.0,1024.0,50.0,,377.947,0.0,0.0,50.0,4.563,,,0.0,1.0,,True,completed
574,car,713.0,1025.0,312.0,,2304.502,15.0,61.0,251.0,97.779,,,0.1955,0.8045,,True,completed
468,car,638.0,1030.0,392.0,,2621.85,4.0,71.0,321.0,139.865,,,0.1811,0.8189,,True,completed
726,car,813.0,1031.0,218.0,,1918.593,0.0,4.0,214.0,40.288,,,0.0183,0.9817,,True,completed
640,truck,753.0,1032.0,279.0,,1904.018,20.0,26.0,253.0,48.233,,,0.0932,0.9068,,True,completed
580,truck,717.0,1034.0,317.0,,1534.121,6.0,72.0,245.0,128.516,,,0.2271,0.7729,,True,completed
765,truck,839.0,1035.0,196.0,,1429.578,4.0,4.0,192.0,21.955,,,0.0204,0.9796,,True,completed
586,car,721.0,1036.0,315.0,,1994.831,29.0,79.0,236.0,133.236,,,0.2508,0.7492,,True,completed
558,car,701.0,1037.0,336.0,,2601.003,8.0,45.0,291.0,99.611,,,0.1339,0.8661,,True,completed
577,car,715.0,1037.0,322.0,,1648.803,32.0,83.0,239.0,168.494,,,0.2578,0.7422,,True,completed
624,car,744.0,1037.0,293.0,,1271.847,52.0,109.0,184.0,176.827,,,0.372,0.628,,True,completed
569,car,709.0,1038.0,329.0,,1813.051,2.0,66.0,263.0,161.397,,,0.2006,0.7994,,True,completed
460,truck,633.0,1039.0,406.0,,1563.027,12.0,143.0,263.0,217.299,,,0.3522,0.6478,,True,completed
642,car,754.0,1039.0,285.0,,1178.657,31.0,95.0,190.0,170.637,,,0.3333,0.6667,,True,completed
601,car,730.0,1041.0,311.0,,2324.3,0.0,24.0,287.0,98.518,,,0.0772,0.9228,,True,completed
679,car,781.0,1041.0,260.0,,2330.228,1.0,18.0,242.0,40.826,,,0.0692,0.9308,,True,completed
915,truck,935.0,1041.0,106.0,,651.773,2.0,2.0,104.0,26.385,,,0.0189,0.9811,,True,completed
507,car,668.0,1042.0,374.0,,1835.162,12.0,127.0,247.0,206.471,,,0.3396,0.6604,,True,completed
632,car,749.0,1044.0,295.0,,1765.527,24.0,41.0,254.0,96.957,,,0.139,0.861,,True,completed
439,car,621.0,1045.0,424.0,,2354.01,77.0,127.0,297.0,203.752,,,0.2995,0.7005,,True,completed
950,truck,956.0,1045.0,89.0,,498.867,17.0,17.0,72.0,27.963,,,0.191,0.809,,True,completed
865,truck,912.0,1046.0,134.0,,778.298,22.0,22.0,112.0,38.982,,,0.1642,0.8358,,True,completed
687,car,788.0,1047.0,259.0,,2194.5,1.0,17.0,242.0,47.634,,,0.0656,0.9344,,True,completed
908,car,933.0,1047.0,114.0,,966.629,6.0,6.0,108.0,19.413,,,0.0526,0.9474,,True,completed
489,car,654.0,1048.0,394.0,,2298.621,0.0,92.0,302.0,162.606,,,0.2335,0.7665,,True,completed
564,car,706.0,1049.0,343.0,,1861.501,4.0,108.0,235.0,170.249,,,0.3149,0.6851,,True,completed
958,car,959.0,1049.0,90.0,,666.757,5.0,5.0,85.0,22.754,,,0.0556,0.9444,,True,completed
298,car,476.0,1051.0,575.0,,2526.178,46.0,212.0,363.0,325.683,,,0.3687,0.6313,,True,completed
462,car,634.0,1051.0,417.0,,2333.358,69.0,117.0,300.0,190.519,,,0.2806,0.7194,,True,completed
522,car,682.0,1051.0,369.0,,1958.966,33.0,103.0,266.0,186.416,,,0.2791,0.7209,,True,completed
770,truck,841.0,1052.0,211.0,,1322.929,8.0,27.0,184.0,49.673,,,0.128,0.872,,True,completed
612,car,738.0,1055.0,317.0,,1918.394,28.0,69.0,248.0,133.193,,,0.2177,0.7823,,True,completed
810,truck,873.0,1055.0,182.0,,1255.763,3.0,8.0,174.0,29.878,,,0.044,0.956,,True,completed
566,car,708.0,1058.0,350.0,,2016.917,12.0,102.0,248.0,165.459,,,0.2914,0.7086,,True,completed
667,car,773.0,1058.0,285.0,,2128.349,13.0,38.0,247.0,86.436,,,0.1333,0.8667,,True,completed
682,car,783.0,1058.0,275.0,,2438.887,6.0,26.0,249.0,54.229,,,0.0945,0.9055,,True,completed
319,car,498.0,1060.0,562.0,,3653.598,5.0,125.0,437.0,214.395,,,0.2224,0.7776,,True,completed
822,car,884.0,1061.0,177.0,,971.337,17.0,39.0,138.0,84.455,,,0.2203,0.7797,,True,completed
492,car,656.0,1063.0,407.0,,2556.283,3.0,94.0,313.0,173.605,,,0.231,0.769,,True,completed
645,truck,755.0,1063.0,308.0,,1016.22,55.0,107.0,201.0,184.558,,,0.3474,0.6526,,True,completed
782,car,847.0,1063.0,216.0,,1552.464,14.0,25.0,191.0,60.953,,,0.1157,0.8843,,True,completed
361,car,544.0,1064.0,520.0,,2959.129,7.0,162.0,358.0,246.919,,,0.3115,0.6885,,True,completed
649,car,762.0,1065.0,303.0,,2524.357,34.0,48.0,255.0,73.527,,,0.1584,0.8416,,True,completed
559,car,702.0,1067.0,365.0,,2336.488,14.0,67.0,298.0,150.989,,,0.1836,0.8164,,True,completed
739,car,822.0,1067.0,245.0,,1832.589,23.0,47.0,198.0,75.403,,,0.1918,0.8082,,True,completed
698,car,795.0,1068.0,273.0,,1900.548,4.0,47.0,226.0,93.647,,,0.1722,0.8278,,True,completed
941,car,949.0,1069.0,120.0,,1144.759,0.0,0.0,120.0,9.899,,,0.0,1.0,,True,completed
675,truck,780.0,1070.0,290.0,,1805.047,4.0,38.0,252.0,72.244,,,0.131,0.869,,True,completed
611,car,737.0,1071.0,334.0,,1726.239,28.0,102.0,232.0,174.234,,,0.3054,0.6946,,True,completed
731,car,813.0,1073.0,260.0,,1443.225,20.0,51.0,209.0,122.463,,,0.1962,0.8038,,True,completed
400,truck,599.0,1074.0,475.0,,2956.018,0.0,69.0,406.0,118.32,,,0.1453,0.8547,,True,completed
664,car,772.0,1075.0,303.0,,1909.458,45.0,78.0,225.0,129.042,,,0.2574,0.7426,,True,completed
766,car,840.0,1075.0,235.0,,1408.56,15.0,58.0,177.0,92.839,,,0.2468,0.7532,,True,completed
421,car,612.0,1076.0,464.0,,1972.068,55.0,178.0,286.0,282.343,,,0.3836,0.6164,,True,completed
410,truck,604.0,1077.0,473.0,,2107.669,19.0,144.0,329.0,217.397,,,0.3044,0.6956,,True,completed
708,car,802.0,1077.0,275.0,,1885.319,16.0,37.0,238.0,86.322,,,0.1345,0.8655,,True,completed
800,truck,861.0,1077.0,216.0,,1486.602,0.0,21.0,195.0,35.765,,,0.0972,0.9028,,True,completed
853,car,904.0,1077.0,173.0,,1115.016,4.0,29.0,144.0,71.648,,,0.1676,0.8324,,True,completed
448,car,625.0,1078.0,453.0,,2462.341,34.0,131.0,322.0,228.647,,,0.2892,0.7108,,True,completed
536,car,690.0,1079.0,389.0,,2668.461,5.0,57.0,332.0,142.96,,,0.1465,0.8535,,True,completed
824,car,886.0,1079.0,193.0,,1089.283,30.0,30.0,163.0,69.039,,,0.1554,0.8446,,True,completed
867,car,913.0,1079.0,166.0,,1394.667,0.0,0.0,166.0,39.479,,,0.0,1.0,,True,completed
993,car,982.0,1079.0,97.0,,888.786,0.0,0.0,97.0,6.488,,,0.0,1.0,,True,completed
445,truck,624.0,1081.0,457.0,,1393.503,60.0,171.0,286.0,288.297,,,0.3742,0.6258,,True,completed
537,car,691.0,1081.0,390.0,,2660.121,4.0,70.0,320.0,148.366,,,0.1795,0.8205,,True,completed
856,car,905.0,1081.0,176.0,,1123.948,0.0,10.0,166.0,54.011,,,0.0568,0.9432,,True,completed
724,car,811.0,1082.0,271.0,,1699.032,31.0,70.0,201.0,114.776,,,0.2583,0.7417,,True,completed
797,car,859.0,1082.0,223.0,,1830.593,0.0,2.0,221.0,56.109,,,0.009,0.991,,True,completed
921,car,939.0,1082.0,143.0,,857.072,9.0,25.0,118.0,64.198,,,0.1748,0.8252,,True,completed
646,car,756.0,1084.0,328.0,,2492.764,0.0,57.0,271.0,91.193,,,0.1738,0.8262,,True,completed
922,car,940.0,1084.0,144.0,,858.287,6.0,20.0,124.0,64.23,,,0.1389,0.8611,,True,completed
1031,car,1001.0,1085.0,84.0,,598.324,17.0,17.0,67.0,29.15,,,0.2024,0.7976,,True,completed
835,truck,894.0,1086.0,192.0,,1108.963,6.0,38.0,154.0,57.6,,,0.1979,0.8021,,True,completed
790,truck,854.0,1087.0,233.0,,1653.711,0.0,0.0,233.0,15.031,,,0.0,1.0,,True,completed
942,car,950.0,1087.0,137.0,,945.216,6.0,7.0,130.0,50.275,,,0.0511,0.9489,,True,completed
858,car,907.0,1088.0,181.0,,1694.86,2.0,2.0,179.0,26.263,,,0.011,0.989,,True,completed
391,car,587.0,1090.0,503.0,,1973.036,13.0,163.0,340.0,316.251,,,0.3241,0.6759,,True,completed
792,car,856.0,1090.0,234.0,,1774.421,26.0,35.0,199.0,68.449,,,0.1496,0.8504,,True,completed
385,truck,575.0,1091.0,516.0,,2284.008,68.0,154.0,362.0,240.331,,,0.2984,0.7016,,True,completed
388,car,581.0,1091.0,510.0,,2365.687,69.0,167.0,343.0,294.379,,,0.3275,0.6725,,True,completed
585,truck,720.0,1092.0,372.0,,1695.594,12.0,83.0,289.0,167.291,,,0.2231,0.7769,,True,completed
750,truck,829.0,1092.0,263.0,,1811.094,9.0,20.0,243.0,44.582,,,0.076,0.924,,True,completed
699,car,795.0,1093.0,298.0,,2429.028,27.0,31.0,267.0,68.546,,,0.104,0.896,,True,completed
1067,car,1021.0,1096.0,75.0,,546.475,18.0,18.0,57.0,24.5,,,0.24,0.76,,True,completed
494,car,659.0,1096.0,437.0,,2745.925,6.0,109.0,328.0,174.699,,,0.2494,0.7506,,True,completed
556,car,701.0,1096.0,395.0,,1657.582,23.0,139.0,256.0,243.438,,,0.3519,0.6481,,True,completed
603,car,734.0,1097.0,363.0,,1867.66,22.0,116.0,247.0,182.312,,,0.3196,0.6804,,True,completed
846,car,902.0,1097.0,195.0,,1306.617,8.0,26.0,169.0,65.089,,,0.1333,0.8667,,True,completed
469,car,639.0,1098.0,459.0,,2049.983,21.0,122.0,337.0,255.195,,,0.2658,0.7342,,True,completed
598,car,730.0,1100.0,370.0,,1834.735,12.0,116.0,254.0,203.0,,,0.3135,0.6865,,True,completed
748,car,826.0,1100.0,274.0,,2051.04,0.0,49.0,225.0,81.283,,,0.1788,0.8212,,True,completed
847,car,902.0,1102.0,200.0,,1419.334,6.0,29.0,171.0,70.519,,,0.145,0.855,,True,completed
408,car,603.0,1103.0,500.0,,2181.549,57.0,195.0,305.0,299.586,,,0.39,0.61,,True,completed
909,car,933.0,1103.0,170.0,,994.508,24.0,36.0,134.0,63.968,,,0.2118,0.7882,,True,completed
344,car,527.0,1104.0,577.0,,2769.247,26.0,193.0,384.0,314.158,,,0.3345,0.6655,,True,completed
532,car,687.0,1105.0,418.0,,1503.396,62.0,158.0,260.0,269.683,,,0.378,0.622,,True,completed
877,car,918.0,1106.0,188.0,,1186.8,17.0,43.0,145.0,79.444,,,0.2287,0.7713,,True,completed
1032,car,1002.0,1107.0,105.0,,751.947,6.0,6.0,99.0,36.324,,,0.0571,0.9429,,True,completed
804,car,864.0,1107.0,243.0,,1691.326,11.0,25.0,218.0,89.015,,,0.1029,0.8971,,True,completed
1015,truck,993.0,1108.0,115.0,,695.278,17.0,17.0,98.0,30.31,,,0.1478,0.8522,,True,completed
702,car,798.0,1108.0,310.0,,2344.198,2.0,55.0,255.0,90.778,,,0.1774,0.8226,,True,completed
733,car,817.0,1109.0,292.0,,1821.183,11.0,32.0,260.0,72.771,,,0.1096,0.8904,,True,completed
1076,car,1027.0,1110.0,83.0,,738.998,0.0,0.0,83.0,14.587,,,0.0,1.0,,True,completed
1133,car,1051.0,1112.0,61.0,,440.506,8.0,8.0,53.0,20.305,,,0.1311,0.8689,,True,completed
967,car,965.0,1112.0,147.0,,952.944,16.0,16.0,131.0,41.963,,,0.1088,0.8912,,True,completed
979,car,970.0,1113.0,143.0,,984.3,18.0,18.0,125.0,47.233,,,0.1259,0.8741,,True,completed
544,car,695.0,1121.0,426.0,,2333.632,19.0,88.0,338.0,200.341,,,0.2066,0.7934,,True,completed
775,truck,844.0,1122.0,278.0,,1705.027,19.0,48.0,230.0,71.177,,,0.1727,0.8273,,True,completed
954,car,958.0,1122.0,164.0,,1335.199,4.0,4.0,160.0,40.72,,,0.0244,0.9756,,True,completed
918,car,938.0,1124.0,186.0,,1169.132,16.0,38.0,148.0,68.033,,,0.2043,0.7957,,True,completed
1198,car,1088.0,1125.0,37.0,,159.342,17.0,17.0,20.0,21.659,,,0.4595,0.5405,,True,completed
553,car,700.0,1125.0,425.0,,1702.922,74.0,160.0,265.0,260.22,,,0.3765,0.6235,,True,completed
927,car,942.0,1125.0,183.0,,1239.495,32.0,42.0,141.0,69.833,,,0.2295,0.7705,,True,completed
879,car,919.0,1126.0,207.0,,1564.871,24.0,39.0,168.0,64.273,,,0.1884,0.8116,,True,completed
912,car,935.0,1126.0,191.0,,1366.065,5.0,33.0,158.0,66.485,,,0.1728,0.8272,,True,completed
674,car,780.0,1127.0,347.0,,2243.191,24.0,61.0,286.0,124.728,,,0.1758,0.8242,,True,completed
354,car,540.0,1128.0,588.0,,3358.576,20.0,172.0,416.0,271.945,,,0.2925,0.7075,,True,completed
1023,car,998.0,1129.0,131.0,,872.996,24.0,29.0,102.0,50.485,,,0.2214,0.7786,,True,completed
852,car,904.0,1129.0,225.0,,2013.744,8.0,9.0,216.0,41.927,,,0.04,0.96,,True,completed
881,car,919.0,1129.0,210.0,,1457.595,0.0,31.0,179.0,66.197,,,0.1476,0.8524,,True,completed
505,truck,667.0,1130.0,463.0,,1821.151,35.0,164.0,299.0,242.633,,,0.3542,0.6458,,True,completed
545,truck,695.0,1131.0,436.0,,2914.236,22.0,38.0,398.0,84.546,,,0.0872,0.9128,,True,completed
749,car,827.0,1131.0,304.0,,1039.544,22.0,123.0,181.0,201.949,,,0.4046,0.5954,,True,completed
864,car,911.0,1132.0,221.0,,1465.237,8.0,42.0,179.0,87.367,,,0.19,0.81,,True,completed
929,car,943.0,1134.0,191.0,,1077.258,13.0,34.0,157.0,92.951,,,0.178,0.822,,True,completed
1082,car,1029.0,1135.0,106.0,,666.06,15.0,15.0,91.0,45.054,,,0.1415,0.8585,,True,completed
1134,car,1052.0,1136.0,84.0,,737.559,5.0,5.0,79.0,16.619,,,0.0595,0.9405,,True,completed
591,car,724.0,1136.0,412.0,,1894.997,27.0,140.0,272.0,236.239,,,0.3398,0.6602,,True,completed
917,car,936.0,1137.0,201.0,,685.803,39.0,50.0,151.0,133.338,,,0.2488,0.7512,,True,completed
614,car,738.0,1138.0,400.0,,1711.217,69.0,149.0,251.0,241.824,,,0.3725,0.6275,,True,completed
761,car,836.0,1141.0,305.0,,1575.35,19.0,84.0,221.0,161.528,,,0.2754,0.7246,,True,completed
896,car,925.0,1141.0,216.0,,1844.771,2.0,17.0,199.0,47.194,,,0.0787,0.9213,,True,completed
796,car,856.0,1143.0,287.0,,2033.517,19.0,59.0,228.0,102.656,,,0.2056,0.7944,,True,completed
1154,car,1065.0,1144.0,79.0,,741.499,0.0,0.0,79.0,10.046,,,0.0,1.0,,True,completed
799,car,861.0,1144.0,283.0,,2522.957,2.0,2.0,281.0,54.142,,,0.0071,0.9929,,True,completed
491,car,656.0,1145.0,489.0,,2093.399,62.0,185.0,304.0,299.049,,,0.3783,0.6217,,True,completed
808,car,869.0,1146.0,277.0,,2332.763,9.0,21.0,256.0,57.15,,,0.0758,0.9242,,True,completed
1068,car,1022.0,1148.0,126.0,,837.338,7.0,10.0,116.0,49.234,,,0.0794,0.9206,,True,completed
701,car,796.0,1148.0,352.0,,1494.822,34.0,134.0,218.0,206.632,,,0.3807,0.6193,,True,completed
696,car,793.0,1150.0,357.0,,2608.911,23.0,58.0,299.0,121.134,,,0.1625,0.8375,,True,completed
1064,car,1019.0,1153.0,134.0,,972.611,9.0,13.0,121.0,42.255,,,0.097,0.903,,True,completed
1060,truck,1017.0,1155.0,138.0,,661.233,23.0,23.0,115.0,57.62,,,0.1667,0.8333,,True,completed
1063,car,1018.0,1155.0,137.0,,889.612,12.0,12.0,125.0,36.732,,,0.0876,0.9124,,True,completed
905,truck,932.0,1155.0,223.0,,1610.84,7.0,7.0,216.0,28.536,,,0.0314,0.9686,,True,completed
997,car,984.0,1156.0,172.0,,1328.727,18.0,18.0,154.0,42.842,,,0.1047,0.8953,,True,completed
424,car,613.0,1159.0,546.0,,2108.38,58.0,228.0,318.0,353.149,,,0.4176,0.5824,,True,completed
1083,car,1030.0,1161.0,131.0,,1115.693,8.0,8.0,123.0,22.637,,,0.0611,0.9389,,True,completed
1121,car,1048.0,1164.0,116.0,,750.681,23.0,23.0,93.0,46.488,,,0.1983,0.8017,,True,completed
1204,car,1091.0,1164.0,73.0,,534.009,13.0,13.0,60.0,23.018,,,0.1781,0.8219,,True,completed
595,truck,728.0,1165.0,437.0,,2560.102,43.0,79.0,358.0,128.53,,,0.1808,0.8192,,True,completed
633,car,749.0,1165.0,416.0,,1824.3,26.0,134.0,282.0,238.593,,,0.3221,0.6779,,True,completed
840,truck,899.0,1165.0,266.0,,1859.378,0.0,15.0,251.0,40.215,,,0.0564,0.9436,,True,completed
938,car,946.0,1165.0,219.0,,1848.13,9.0,11.0,208.0,48.747,,,0.0502,0.9498,,True,completed
1013,car,991.0,1167.0,176.0,,1367.1,6.0,26.0,150.0,47.635,,,0.1477,0.8523,,True,completed
449,car,625.0,1169.0,544.0,,2284.272,62.0,219.0,325.0,335.117,,,0.4026,0.5974,,True,completed
431,car,617.0,1171.0,554.0,,2106.421,52.0,236.0,318.0,360.784,,,0.426,0.574,,True,completed
882,car,919.0,1171.0,252.0,,2094.92,5.0,20.0,232.0,61.964,,,0.0794,0.9206,,True,completed
1151,car,1064.0,1172.0,108.0,,882.877,16.0,16.0,92.0,27.133,,,0.1481,0.8519,,True,completed
1162,car,1069.0,1172.0,103.0,,909.313,8.0,8.0,95.0,19.311,,,0.0777,0.9223,,True,completed
496,car,660.0,1173.0,513.0,,2242.756,55.0,174.0,339.0,306.579,,,0.3392,0.6608,,True,completed
906,car,932.0,1173.0,241.0,,985.255,42.0,60.0,181.0,138.37,,,0.249,0.751,,True,completed
1342,car,1162.0,1175.0,13.0,,125.72,0.0,0.0,13.0,0.685,,,0.0,1.0,,True,completed
834,car,891.0,1178.0,287.0,,2083.394,20.0,43.0,244.0,96.221,,,0.1498,0.8502,,True,completed
1099,car,1037.0,1179.0,142.0,,667.578,24.0,36.0,106.0,80.917,,,0.2535,0.7465,,True,completed
261,car,438.0,1179.0,741.0,,3187.889,35.0,218.0,523.0,394.755,,,0.2942,0.7058,,True,completed
443,car,622.0,1179.0,557.0,,2419.114,61.0,238.0,319.0,337.287,,,0.4273,0.5727,,True,completed
705,truck,801.0,1181.0,380.0,,1625.419,11.0,115.0,265.0,183.396,,,0.3026,0.6974,,True,completed
968,car,965.0,1181.0,216.0,,1308.969,13.0,35.0,181.0,76.436,,,0.162,0.838,,True,completed
1034,car,1003.0,1185.0,182.0,,1331.397,32.0,35.0,147.0,57.715,,,0.1923,0.8077,,True,completed
639,car,753.0,1185.0,432.0,,2103.244,29.0,126.0,306.0,240.514,,,0.2917,0.7083,,True,completed
1107,car,1042.0,1186.0,144.0,,1250.465,0.0,0.0,144.0,11.252,,,0.0,1.0,,True,completed
543,car,693.0,1186.0,493.0,,1911.637,12.0,160.0,333.0,308.132,,,0.3245,0.6755,,True,completed
390,truck,586.0,1187.0,601.0,,2737.783,4.0,182.0,419.0,270.327,,,0.3028,0.6972,,True,completed
926,car,941.0,1187.0,246.0,,2220.373,10.0,14.0,232.0,43.217,,,0.0569,0.9431,,True,completed
974,car,968.0,1189.0,221.0,,1559.011,11.0,21.0,200.0,78.907,,,0.095,0.905,,True,completed
1019,car,998.0,1190.0,192.0,,1013.647,46.0,61.0,131.0,98.161,,,0.3177,0.6823,,True,completed
1180,truck,1080.0,1190.0,110.0,,825.873,0.0,0.0,110.0,9.658,,,0.0,1.0,,True,completed
384,car,573.0,1193.0,620.0,,2550.372,56.0,249.0,371.0,387.357,,,0.4016,0.5984,,True,completed
1108,car,1042.0,1194.0,152.0,,1155.014,19.0,26.0,126.0,46.55,,,0.1711,0.8289,,True,completed
557,car,701.0,1196.0,495.0,,2128.911,23.0,172.0,323.0,290.966,,,0.3475,0.6525,,True,completed
764,car,839.0,1196.0,357.0,,1916.136,55.0,122.0,235.0,180.099,,,0.3417,0.6583,,True,completed
1229,car,1106.0,1197.0,91.0,,674.012,14.0,14.0,77.0,28.904,,,0.1538,0.8462,,True,completed
803,car,863.0,1197.0,334.0,,1464.318,25.0,116.0,218.0,190.205,,,0.3473,0.6527,,True,completed
1037,car,1006.0,1199.0,193.0,,1062.125,39.0,55.0,138.0,87.91,,,0.285,0.715,,True,completed
1228,car,1106.0,1200.0,94.0,,764.13,11.0,11.0,83.0,24.228,,,0.117,0.883,,True,completed
801,car,862.0,1200.0,338.0,,1876.107,40.0,81.0,257.0,166.554,,,0.2396,0.7604,,True,completed
1043,car,1009.0,1203.0,194.0,,736.057,38.0,79.0,115.0,121.082,,,0.4072,0.5928,,True,completed
661,car,771.0,1203.0,432.0,,1881.908,48.0,173.0,259.0,259.933,,,0.4005,0.5995,,True,completed
851,car,904.0,1203.0,299.0,,2133.901,18.0,56.0,243.0,102.568,,,0.1873,0.8127,,True,completed
540,truck,691.0,1204.0,513.0,,2150.477,41.0,161.0,352.0,252.974,,,0.3138,0.6862,,True,completed
628,car,748.0,1204.0,456.0,,3258.039,21.0,86.0,370.0,159.028,,,0.1886,0.8114,,True,completed
811,car,874.0,1204.0,330.0,,2637.453,0.0,37.0,293.0,90.98,,,0.1121,0.8879,,True,completed
587,car,722.0,1205.0,483.0,,2362.913,33.0,174.0,309.0,268.656,,,0.3602,0.6398,,True,completed
1033,car,1003.0,1207.0,204.0,,1501.641,2.0,22.0,182.0,66.632,,,0.1078,0.8922,,True,completed
616,car,740.0,1209.0,469.0,,2425.991,60.0,184.0,285.0,247.109,,,0.3923,0.6077,,True,completed
514,car,675.0,1210.0,535.0,,2201.225,22.0,176.0,359.0,317.344,,,0.329,0.671,,True,completed
672,car,778.0,1210.0,432.0,,2431.005,5.0,129.0,303.0,211.527,,,0.2986,0.7014,,True,completed
949,car,955.0,1210.0,255.0,,2140.907,18.0,25.0,230.0,56.825,,,0.098,0.902,,True,completed
1308,car,1146.0,1212.0,66.0,,691.477,0.0,0.0,66.0,2.766,,,0.0,1.0,,True,completed
1145,truck,1058.0,1213.0,155.0,,1048.012,0.0,2.0,153.0,25.333,,,0.0129,0.9871,,True,completed
1073,car,1024.0,1216.0,192.0,,1163.58,27.0,39.0,153.0,83.728,,,0.2031,0.7969,,True,completed
899,car,927.0,1216.0,289.0,,2412.593,6.0,24.0,265.0,70.56,,,0.083,0.917,,True,completed
488,car,652.0,1217.0,565.0,,3088.568,4.0,159.0,406.0,266.77,,,0.2814,0.7186,,True,completed
729,car,812.0,1217.0,405.0,,1830.658,54.0,112.0,293.0,222.441,,,0.2765,0.7235,,True,completed
1048,car,1011.0,1221.0,210.0,,1612.206,8.0,25.0,185.0,63.053,,,0.119,0.881,,True,completed
1244,car,1112.0,1221.0,109.0,,644.368,17.0,17.0,92.0,35.824,,,0.156,0.844,,True,completed
893,car,924.0,1225.0,301.0,,2060.668,17.0,59.0,242.0,114.036,,,0.196,0.804,,True,completed
1275,truck,1129.0,1227.0,98.0,,470.747,24.0,24.0,74.0,40.488,,,0.2449,0.7551,,True,completed
973,car,968.0,1228.0,260.0,,1203.349,23.0,83.0,177.0,149.529,,,0.3192,0.6808,,True,completed
1256,car,1118.0,1229.0,111.0,,677.085,18.0,18.0,93.0,48.215,,,0.1622,0.8378,,True,completed
670,truck,776.0,1229.0,453.0,,2172.397,11.0,94.0,359.0,188.354,,,0.2075,0.7925,,True,completed
725,truck,811.0,1230.0,419.0,,2064.745,1.0,105.0,314.0,168.246,,,0.2506,0.7494,,True,completed
850,truck,903.0,1234.0,331.0,,2032.149,3.0,39.0,292.0,85.482,,,0.1178,0.8822,,True,completed
1338,car,1164.0,1236.0,72.0,,567.849,12.0,12.0,60.0,19.893,,,0.1667,0.8333,,True,completed
961,car,963.0,1236.0,273.0,,903.453,52.0,104.0,169.0,190.34,,,0.381,0.619,,True,completed
728,car,812.0,1237.0,425.0,,2456.605,0.0,86.0,339.0,158.292,,,0.2024,0.7976,,True,completed
819,car,881.0,1237.0,356.0,,1245.431,87.0,196.0,160.0,232.215,,,0.5506,0.4494,,True,completed
841,car,899.0,1239.0,340.0,,2255.373,6.0,69.0,271.0,127.632,,,0.2029,0.7971,,True,completed
1137,car,1053.0,1241.0,188.0,,1645.662,7.0,11.0,177.0,38.889,,,0.0585,0.9415,,True,completed
1260,truck,1121.0,1242.0,121.0,,883.667,0.0,0.0,121.0,9.272,,,0.0,1.0,,True,completed
629,car,748.0,1243.0,495.0,,2768.55,21.0,127.0,368.0,238.428,,,0.2566,0.7434,,True,completed
848,car,902.0,1243.0,341.0,,2248.866,0.0,25.0,316.0,73.117,,,0.0733,0.9267,,True,completed
989,car,978.0,1243.0,265.0,,2100.609,16.0,16.0,249.0,74.552,,,0.0604,0.9396,,True,completed
1233,car,1108.0,1244.0,136.0,,872.42,24.0,34.0,102.0,55.488,,,0.25,0.75,,True,completed
1004,car,989.0,1245.0,256.0,,1981.99,10.0,31.0,225.0,74.679,,,0.1211,0.8789,,True,completed
994,car,982.0,1245.0,263.0,,2028.387,0.0,19.0,244.0,54.361,,,0.0722,0.9278,,True,completed
842,car,899.0,1246.0,347.0,,790.602,53.0,192.0,155.0,273.396,,,0.5533,0.4467,,True,completed
934,car,944.0,1246.0,302.0,,1993.916,21.0,53.0,249.0,119.103,,,0.1755,0.8245,,True,completed
1066,car,1020.0,1247.0,227.0,,2176.296,8.0,8.0,219.0,29.953,,,0.0352,0.9648,,True,completed
870,truck,916.0,1247.0,331.0,,874.153,55.0,144.0,187.0,225.06,,,0.435,0.565,,True,completed
1276,car,1130.0,1249.0,119.0,,727.001,38.0,38.0,81.0,52.569,,,0.3193,0.6807,,True,completed
778,car,845.0,1251.0,406.0,,2048.866,49.0,149.0,257.0,218.672,,,0.367,0.633,,True,completed
1298,car,1144.0,1254.0,110.0,,635.372,34.0,34.0,76.0,51.816,,,0.3091,0.6909,,True,completed
1323,car,1151.0,1257.0,106.0,,586.726,22.0,22.0,84.0,39.339,,,0.2075,0.7925,,True,completed
620,truck,742.0,1257.0,515.0,,2352.736,56.0,141.0,374.0,231.084,,,0.2738,0.7262,,True,completed
666,car,773.0,1258.0,485.0,,1715.865,14.0,287.0,198.0,322.841,,,0.5918,0.4082,,True,completed
901,car,928.0,1258.0,330.0,,1944.101,24.0,62.0,268.0,149.83,,,0.1879,0.8121,,True,completed
1096,car,1036.0,1259.0,223.0,,1820.232,0.0,4.0,219.0,48.129,,,0.0179,0.9821,,True,completed
762,car,837.0,1259.0,422.0,,1496.254,17.0,182.0,240.0,277.105,,,0.4313,0.5687,,True,completed
477,car,643.0,1260.0,617.0,,3027.557,42.0,231.0,386.0,329.711,,,0.3744,0.6256,,True,completed
653,car,766.0,1260.0,494.0,,2509.515,62.0,160.0,334.0,236.359,,,0.3239,0.6761,,True,completed
529,car,686.0,1261.0,575.0,,2789.749,31.0,190.0,385.0,319.573,,,0.3304,0.6696,,True,completed
1140,truck,1055.0,1262.0,207.0,,725.005,31.0,77.0,130.0,117.724,,,0.372,0.628,,True,completed
1337,car,1160.0,1262.0,102.0,,690.504,16.0,16.0,86.0,37.082,,,0.1569,0.8431,,True,completed
972,car,967.0,1262.0,295.0,,1472.491,20.0,80.0,215.0,154.559,,,0.2712,0.7288,,True,completed
1450,truck,1230.0,1263.0,33.0,,239.126,0.0,0.0,33.0,3.293,,,0.0,1.0,,True,completed
736,car,817.0,1263.0,446.0,,2513.996,89.0,154.0,292.0,216.603,,,0.3453,0.6547,,True,completed
1205,truck,1091.0,1265.0,174.0,,585.399,44.0,69.0,105.0,102.724,,,0.3966,0.6034,,True,completed
615,truck,739.0,1266.0,527.0,,2202.312,0.0,157.0,370.0,231.806,,,0.2979,0.7021,,True,completed
1219,car,1102.0,1267.0,165.0,,1529.643,9.0,9.0,156.0,26.331,,,0.0545,0.9455,,True,completed
735,truck,816.0,1267.0,451.0,,2261.911,13.0,99.0,352.0,178.128,,,0.2195,0.7805,,True,completed
1021,car,998.0,1270.0,272.0,,2088.656,0.0,7.0,265.0,41.71,,,0.0257,0.9743,,True,completed
873,car,915.0,1272.0,357.0,,2196.443,39.0,73.0,284.0,151.048,,,0.2045,0.7955,,True,completed
530,truck,687.0,1274.0,587.0,,2984.496,9.0,150.0,437.0,227.161,,,0.2555,0.7445,,True,completed
1022,car,1012.0,1275.0,263.0,,2129.267,0.0,15.0,248.0,50.27,,,0.057,0.943,,True,completed
700,truck,795.0,1275.0,480.0,,2308.991,22.0,116.0,364.0,197.859,,,0.2417,0.7583,,True,completed
962,car,963.0,1275.0,312.0,,1976.585,24.0,70.0,242.0,132.867,,,0.2244,0.7756,,True,completed
1435,truck,1220.0,1276.0,56.0,,437.507,0.0,0.0,56.0,2.478,,,0.0,1.0,,True,completed
813,car,877.0,1276.0,399.0,,1928.822,2.0,200.0,199.0,223.067,,,0.5013,0.4987,,True,completed
843,car,901.0,1277.0,376.0,,1267.981,44.0,158.0,218.0,260.062,,,0.4202,0.5798,,True,completed
986,car,975.0,1277.0,302.0,,2316.28,22.0,51.0,251.0,89.954,,,0.1689,0.8311,,True,completed
907,car,932.0,1278.0,346.0,,1270.464,36.0,133.0,213.0,230.368,,,0.3844,0.6156,,True,completed
1373,car,1186.0,1280.0,94.0,,883.817,0.0,0.0,94.0,7.279,,,0.0,1.0,,True,completed
890,truck,922.0,1280.0,358.0,,2578.624,0.0,15.0,343.0,44.573,,,0.0419,0.9581,,True,completed
435,truck,619.0,1281.0,662.0,,2104.184,55.0,292.0,370.0,407.075,,,0.4411,0.5589,,True,completed
737,car,818.0,1282.0,464.0,,1691.044,40.0,178.0,286.0,308.136,,,0.3836,0.6164,,True,completed
746,car,825.0,1282.0,457.0,,1755.807,33.0,171.0,286.0,296.131,,,0.3742,0.6258,,True,completed
1149,car,1061.0,1286.0,225.0,,432.817,53.0,174.0,51.0,184.686,,,0.7733,0.2267,,True,completed
568,car,709.0,1287.0,578.0,,1612.913,46.0,272.0,306.0,420.159,,,0.4706,0.5294,,True,completed
622,car,743.0,1289.0,546.0,,1612.499,48.0,246.0,300.0,391.606,,,0.4505,0.5495,,True,completed
1051,car,1012.0,1291.0,279.0,,1009.262,71.0,147.0,132.0,186.785,,,0.5269,0.4731,,True,completed
1234,car,1112.0,1291.0,179.0,,1460.698,0.0,0.0,179.0,31.6,,,0.0,1.0,,True,completed
1334,car,1159.0,1292.0,133.0,,877.769,9.0,22.0,111.0,51.289,,,0.1654,0.8346,,True,completed
943,car,951.0,1292.0,341.0,,1815.513,45.0,93.0,248.0,170.226,,,0.2727,0.7273,,True,completed
1058,car,1016.0,1293.0,277.0,,1577.801,18.0,42.0,235.0,132.775,,,0.1516,0.8484,,True,completed
1084,car,1030.0,1293.0,263.0,,1226.801,18.0,79.0,184.0,150.855,,,0.3004,0.6996,,True,completed
678,car,781.0,1294.0,513.0,,1423.429,53.0,267.0,246.0,382.198,,,0.5205,0.4795,,True,completed
828,car,890.0,1295.0,405.0,,1170.178,23.0,199.0,206.0,297.043,,,0.4914,0.5086,,True,completed
1047,car,1010.0,1298.0,288.0,,1074.94,44.0,110.0,178.0,190.254,,,0.3819,0.6181,,True,completed
552,car,700.0,1298.0,598.0,,1624.975,60.0,246.0,352.0,439.895,,,0.4114,0.5886,,True,completed
1025,truck,1000.0,1299.0,299.0,,1807.441,21.0,36.0,263.0,80.958,,,0.1204,0.8796,,True,completed
794,car,856.0,1299.0,443.0,,2980.932,21.0,86.0,357.0,169.748,,,0.1941,0.8059,,True,completed
713,car,805.0,1300.0,495.0,,2613.288,42.0,164.0,331.0,255.887,,,0.3313,0.6687,,True,completed
1251,car,1116.0,1301.0,185.0,,1528.869,14.0,14.0,171.0,43.778,,,0.0757,0.9243,,True,completed
665,truck,772.0,1301.0,529.0,,2474.613,48.0,125.0,404.0,229.691,,,0.2363,0.7637,,True,completed
1172,car,1073.0,1302.0,229.0,,1309.253,13.0,42.0,187.0,77.729,,,0.1834,0.8166,,True,completed
656,car,768.0,1303.0,535.0,,2817.159,27.0,135.0,400.0,279.647,,,0.2523,0.7477,,True,completed
930,truck,943.0,1303.0,360.0,,2433.466,0.0,32.0,328.0,66.551,,,0.0889,0.9111,,True,completed
1055,truck,1014.0,1304.0,290.0,,893.409,53.0,95.0,195.0,181.258,,,0.3276,0.6724,,True,completed
815,truck,878.0,1304.0,426.0,,1861.806,39.0,135.0,291.0,201.494,,,0.3169,0.6831,,True,completed
1117,car,1045.0,1306.0,261.0,,2130.321,0.0,9.0,252.0,65.84,,,0.0345,0.9655,,True,completed
830,truck,890.0,1306.0,416.0,,2040.198,5.0,103.0,313.0,169.588,,,0.2476,0.7524,,True,completed
999,car,984.0,1306.0,322.0,,1869.984,38.0,66.0,256.0,146.065,,,0.205,0.795,,True,completed
886,car,921.0,1307.0,386.0,,2367.215,84.0,112.0,274.0,153.208,,,0.2902,0.7098,,True,completed
1050,truck,1012.0,1309.0,297.0,,1974.006,26.0,29.0,268.0,58.498,,,0.0976,0.9024,,True,completed
1061,car,1018.0,1309.0,291.0,,1777.916,21.0,60.0,231.0,114.145,,,0.2062,0.7938,,True,completed
1460,truck,1238.0,1309.0,71.0,,474.282,3.0,3.0,68.0,13.063,,,0.0423,0.9577,,True,completed
826,car,887.0,1309.0,422.0,,1726.277,32.0,138.0,284.0,265.247,,,0.327,0.673,,True,completed
1095,truck,1035.0,1311.0,276.0,,1620.869,11.0,45.0,231.0,80.418,,,0.163,0.837,,True,completed
1343,car,1162.0,1311.0,149.0,,669.588,32.0,32.0,117.0,81.667,,,0.2148,0.7852,,True,completed
878,car,918.0,1311.0,393.0,,893.963,44.0,205.0,188.0,304.281,,,0.5216,0.4784,,True,completed
988,car,977.0,1312.0,335.0,,2037.291,0.0,81.0,254.0,150.351,,,0.2418,0.7582,,True,completed
1035,truck,1005.0,1313.0,308.0,,1961.084,27.0,27.0,281.0,71.339,,,0.0877,0.9123,,True,completed
440,truck,621.0,1314.0,693.0,,2596.395,15.0,237.0,456.0,379.53,,,0.342,0.658,,True,completed
657,car,769.0,1314.0,545.0,,2630.297,37.0,151.0,394.0,305.352,,,0.2771,0.7229,,True,completed
1166,car,1071.0,1315.0,244.0,,408.266,47.0,103.0,141.0,192.421,,,0.4221,0.5779,,True,completed
1496,car,1274.0,1316.0,42.0,,373.224,0.0,0.0,42.0,6.353,,,0.0,1.0,,True,completed
1418,car,1213.0,1319.0,106.0,,646.177,12.0,12.0,94.0,46.332,,,0.1132,0.8868,,True,completed
677,car,781.0,1320.0,539.0,,2154.341,26.0,188.0,351.0,313.037,,,0.3488,0.6512,,True,completed
704,car,798.0,1320.0,522.0,,2048.836,8.0,190.0,332.0,329.787,,,0.364,0.636,,True,completed
860,truck,909.0,1320.0,411.0,,2808.182,29.0,34.0,377.0,72.883,,,0.0827,0.9173,,True,completed
1010,truck,991.0,1321.0,330.0,,814.5,0.0,214.0,116.0,230.863,,,0.6485,0.3515,,True,completed
831,car,890.0,1321.0,431.0,,1428.283,49.0,197.0,234.0,298.965,,,0.4571,0.5429,,True,completed
816,car,879.0,1322.0,443.0,,2496.781,43.0,171.0,272.0,216.351,,,0.386,0.614,,True,completed
330,truck,515.0,1325.0,810.0,,1562.191,30.0,566.0,244.0,626.879,,,0.6988,0.3012,,True,completed
919,car,938.0,1325.0,387.0,,1702.024,53.0,127.0,260.0,223.433,,,0.3282,0.6718,,True,completed
1427,car,1217.0,1327.0,110.0,,651.67,31.0,31.0,79.0,49.39,,,0.2818,0.7182,,True,completed
636,car,751.0,1327.0,576.0,,1965.738,54.0,283.0,293.0,397.568,,,0.4913,0.5087,,True,completed
1074,car,1024.0,1329.0,305.0,,2433.087,5.0,51.0,254.0,84.373,,,0.1672,0.8328,,True,completed
940,truck,949.0,1329.0,380.0,,2430.904,0.0,48.0,332.0,87.007,,,0.1263,0.8737,,True,completed
1462,car,1239.0,1330.0,91.0,,614.995,17.0,17.0,74.0,28.942,,,0.1868,0.8132,,True,completed
937,car,948.0,1330.0,382.0,,1900.043,26.0,108.0,274.0,203.074,,,0.2827,0.7173,,True,completed
1294,car,1141.0,1331.0,190.0,,1321.534,0.0,30.0,160.0,69.82,,,0.1579,0.8421,,True,completed
658,car,769.0,1331.0,562.0,,2248.962,18.0,194.0,368.0,334.785,,,0.3452,0.6548,,True,completed
791,car,855.0,1332.0,477.0,,2277.587,60.0,192.0,285.0,265.318,,,0.4025,0.5975,,True,completed
857,car,906.0,1335.0,429.0,,1068.41,76.0,186.0,243.0,329.681,,,0.4336,0.5664,,True,completed
512,car,673.0,1337.0,664.0,,2958.589,28.0,252.0,412.0,389.045,,,0.3795,0.6205,,True,completed
1101,car,1038.0,1338.0,300.0,,1715.341,46.0,86.0,214.0,143.397,,,0.2867,0.7133,,True,completed
1191,car,1083.0,1339.0,256.0,,1898.7,5.0,22.0,234.0,76.242,,,0.0859,0.9141,,True,completed
1291,car,1140.0,1339.0,199.0,,1325.764,28.0,37.0,162.0,73.536,,,0.1859,0.8141,,True,completed
499,car,662.0,1340.0,678.0,,1839.797,59.0,297.0,381.0,509.118,,,0.4381,0.5619,,True,completed
925,truck,940.0,1340.0,400.0,,1142.325,13.0,240.0,160.0,261.562,,,0.6,0.4,,True,completed
1209,car,1095.0,1342.0,247.0,,1903.057,5.0,22.0,225.0,67.197,,,0.0891,0.9109,,True,completed
1097,car,1036.0,1343.0,307.0,,2499.318,0.0,33.0,274.0,76.964,,,0.1075,0.8925,,True,completed
1237,car,1109.0,1343.0,234.0,,1377.397,50.0,84.0,150.0,108.59,,,0.359,0.641,,True,completed
874,car,915.0,1343.0,428.0,,2045.63,30.0,133.0,295.0,242.684,,,0.3107,0.6893,,True,completed
757,car,832.0,1344.0,512.0,,2716.201,0.0,182.0,330.0,253.188,,,0.3555,0.6445,,True,completed
948,car,955.0,1344.0,389.0,,1727.936,15.0,122.0,267.0,232.167,,,0.3136,0.6864,,True,completed
1212,car,1096.0,1345.0,249.0,,1494.58,13.0,62.0,187.0,108.417,,,0.249,0.751,,True,completed
779,car,846.0,1346.0,500.0,,1686.749,0.0,300.0,200.0,337.379,,,0.6,0.4,,True,completed
590,truck,723.0,1347.0,624.0,,1625.757,53.0,243.0,381.0,427.625,,,0.3894,0.6106,,True,completed
1182,car,1080.0,1348.0,268.0,,1866.41,25.0,37.0,231.0,97.213,,,0.1381,0.8619,,True,completed
1457,car,1236.0,1350.0,114.0,,718.7,22.0,22.0,92.0,47.114,,,0.193,0.807,,True,completed
744,car,824.0,1351.0,527.0,,2335.391,69.0,170.0,357.0,315.082,,,0.3226,0.6774,,True,completed
1488,car,1267.0,1357.0,90.0,,675.576,10.0,10.0,80.0,27.841,,,0.1111,0.8889,,True,completed
1075,truck,1026.0,1359.0,333.0,,2149.238,0.0,17.0,316.0,42.604,,,0.0511,0.9489,,True,completed
647,car,756.0,1359.0,603.0,,1968.406,55.0,263.0,340.0,420.549,,,0.4362,0.5638,,True,completed
688,car,788.0,1359.0,571.0,,1646.219,60.0,307.0,264.0,418.507,,,0.5377,0.4623,,True,completed
920,truck,939.0,1359.0,420.0,,1719.734,20.0,108.0,312.0,210.47,,,0.2571,0.7429,,True,completed
1358,car,1177.0,1360.0,183.0,,1315.936,15.0,17.0,166.0,61.047,,,0.0929,0.9071,,True,completed
1467,car,1243.0,1362.0,119.0,,824.247,23.0,23.0,96.0,43.143,,,0.1933,0.8067,,True,completed
1146,car,1058.0,1365.0,307.0,,2238.029,18.0,39.0,268.0,103.561,,,0.127,0.873,,True,completed
1372,car,1185.0,1365.0,180.0,,1307.796,12.0,14.0,166.0,38.814,,,0.0778,0.9222,,True,completed
1014,car,991.0,1366.0,375.0,,2151.441,34.0,109.0,266.0,167.425,,,0.2907,0.7093,,True,completed
1283,car,1133.0,1366.0,233.0,,1047.389,36.0,88.0,145.0,137.359,,,0.3777,0.6223,,True,completed
964,car,964.0,1367.0,403.0,,1680.823,51.0,138.0,265.0,240.546,,,0.3424,0.6576,,True,completed
1265,truck,1123.0,1369.0,246.0,,1131.14,15.0,63.0,183.0,108.766,,,0.2561,0.7439,,True,completed
1175,truck,1075.0,1373.0,298.0,,1325.593,41.0,85.0,213.0,136.382,,,0.2852,0.7148,,True,completed
990,truck,980.0,1374.0,394.0,,2180.637,41.0,86.0,308.0,130.222,,,0.2183,0.7817,,True,completed
952,car,956.0,1375.0,419.0,,2268.9,7.0,133.0,286.0,201.607,,,0.3174,0.6826,,True,completed
854,car,905.0,1376.0,471.0,,2511.546,48.0,121.0,350.0,242.351,,,0.2569,0.7431,,True,completed
812,car,875.0,1377.0,502.0,,2909.661,15.0,123.0,379.0,238.345,,,0.245,0.755,,True,completed
1009,car,991.0,1378.0,387.0,,1858.377,44.0,122.0,265.0,212.449,,,0.3152,0.6848,,True,completed
1079,car,1028.0,1378.0,350.0,,2557.009,31.0,50.0,300.0,108.38,,,0.1429,0.8571,,True,completed
709,car,802.0,1380.0,578.0,,2713.236,11.0,170.0,408.0,331.073,,,0.2941,0.7059,,True,completed
743,car,824.0,1380.0,556.0,,2076.155,33.0,203.0,353.0,331.103,,,0.3651,0.6349,,True,completed
1136,car,1053.0,1384.0,331.0,,2521.947,36.0,43.0,288.0,102.668,,,0.1299,0.8701,,True,completed
1481,car,1259.0,1385.0,126.0,,669.89,31.0,31.0,95.0,60.256,,,0.246,0.754,,True,completed
1148,car,1058.0,1386.0,328.0,,1797.463,74.0,109.0,219.0,154.434,,,0.3323,0.6677,,True,completed
1002,car,987.0,1388.0,401.0,,1508.931,0.0,227.0,174.0,261.299,,,0.5661,0.4339,,True,completed
1340,truck,1161.0,1388.0,227.0,,1491.422,7.0,18.0,209.0,44.14,,,0.0793,0.9207,,True,completed
1102,car,1039.0,1389.0,350.0,,1814.593,2.0,71.0,279.0,162.943,,,0.2029,0.7971,,True,completed
1159,car,1068.0,1389.0,321.0,,1906.14,16.0,46.0,275.0,121.57,,,0.1433,0.8567,,True,completed
1438,car,1221.0,1389.0,168.0,,991.364,14.0,34.0,134.0,76.765,,,0.2024,0.7976,,True,completed
1451,car,1232.0,1390.0,158.0,,1359.88,9.0,9.0,149.0,28.255,,,0.057,0.943,,True,completed
1242,car,1111.0,1391.0,280.0,,1794.508,38.0,49.0,231.0,101.501,,,0.175,0.825,,True,completed
987,car,976.0,1393.0,417.0,,1455.812,0.0,234.0,183.0,284.976,,,0.5612,0.4388,,True,completed
1187,car,1081.0,1396.0,315.0,,2332.202,8.0,39.0,276.0,94.993,,,0.1238,0.8762,,True,completed
1325,truck,1153.0,1396.0,243.0,,1579.006,2.0,22.0,221.0,51.106,,,0.0905,0.9095,,True,completed
1519,car,1296.0,1397.0,101.0,,684.857,4.0,4.0,97.0,37.529,,,0.0396,0.9604,,True,completed
1466,car,1243.0,1400.0,157.0,,1549.982,0.0,0.0,157.0,11.611,,,0.0,1.0,,True,completed
767,car,840.0,1400.0,560.0,,1563.244,52.0,275.0,285.0,412.539,,,0.4911,0.5089,,True,completed
1110,truck,1043.0,1401.0,358.0,,1402.449,50.0,171.0,187.0,188.363,,,0.4777,0.5223,,True,completed
916,car,936.0,1404.0,468.0,,2643.705,41.0,142.0,326.0,226.154,,,0.3034,0.6966,,True,completed
1369,car,1183.0,1405.0,222.0,,1593.969,7.0,36.0,186.0,69.415,,,0.1622,0.8378,,True,completed
1008,car,990.0,1409.0,419.0,,2672.146,5.0,118.0,301.0,171.843,,,0.2816,0.7184,,True,completed
1485,truck,1270.0,1409.0,139.0,,782.38,5.0,25.0,114.0,43.729,,,0.1799,0.8201,,True,completed
751,car,836.0,1409.0,573.0,,2596.631,46.0,165.0,408.0,335.879,,,0.288,0.712,,True,completed
1216,car,1098.0,1411.0,313.0,,2044.413,25.0,75.0,238.0,123.823,,,0.2396,0.7604,,True,completed
1030,truck,1001.0,1415.0,414.0,,1901.584,29.0,120.0,294.0,184.396,,,0.2899,0.7101,,True,completed
1016,car,993.0,1417.0,424.0,,1536.291,34.0,147.0,277.0,284.391,,,0.3467,0.6533,,True,completed
1416,car,1213.0,1417.0,204.0,,1459.33,26.0,33.0,171.0,62.527,,,0.1618,0.8382,,True,completed
1087,car,1030.0,1419.0,389.0,,2324.565,2.0,122.0,267.0,174.261,,,0.3136,0.6864,,True,completed
1194,car,1084.0,1419.0,335.0,,2861.027,10.0,25.0,310.0,73.431,,,0.0746,0.9254,,True,completed
1544,car,1318.0,1419.0,101.0,,961.954,0.0,0.0,101.0,7.352,,,0.0,1.0,,True,completed
1156,car,1066.0,1420.0,354.0,,2579.324,0.0,17.0,337.0,80.241,,,0.048,0.952,,True,completed
1231,car,1107.0,1420.0,313.0,,1319.099,16.0,111.0,202.0,187.234,,,0.3546,0.6454,,True,completed
1197,car,1087.0,1422.0,335.0,,2016.085,12.0,63.0,272.0,141.282,,,0.1881,0.8119,,True,completed
1224,car,1104.0,1422.0,318.0,,2276.503,29.0,46.0,272.0,108.738,,,0.1447,0.8553,,True,completed
412,car,765.0,1422.0,657.0,,2009.334,56.0,288.0,369.0,473.529,,,0.4384,0.5616,,True,completed
618,car,740.0,1423.0,683.0,,2441.6,52.0,254.0,429.0,445.555,,,0.3719,0.6281,,True,completed
519,car,681.0,1424.0,743.0,,2693.611,51.0,371.0,372.0,497.178,,,0.4993,0.5007,,True,completed
1402,car,1202.0,1425.0,223.0,,1666.928,6.0,18.0,205.0,61.474,,,0.0807,0.9193,,True,completed
863,car,913.0,1425.0,512.0,,2945.948,0.0,119.0,393.0,240.866,,,0.2324,0.7676,,True,completed
1100,truck,1038.0,1426.0,388.0,,1534.52,16.0,94.0,294.0,202.784,,,0.2423,0.7577,,True,completed
1381,car,1190.0,1427.0,237.0,,1741.854,17.0,39.0,198.0,64.89,,,0.1646,0.8354,,True,completed
1390,truck,1194.0,1432.0,238.0,,1622.866,0.0,20.0,218.0,41.941,,,0.084,0.916,,True,completed
1012,car,991.0,1434.0,443.0,,1154.773,46.0,250.0,193.0,337.535,,,0.5643,0.4357,,True,completed
1413,car,1210.0,1434.0,224.0,,1994.34,2.0,11.0,213.0,40.67,,,0.0491,0.9509,,True,completed
450,truck,627.0,1434.0,807.0,,2658.335,15.0,298.0,509.0,486.061,,,0.3693,0.6307,,True,completed
1057,car,1016.0,1437.0,421.0,,2120.651,48.0,135.0,286.0,210.585,,,0.3207,0.6793,,True,completed
1445,truck,1225.0,1438.0,213.0,,1014.151,17.0,48.0,165.0,89.582,,,0.2254,0.7746,,True,completed
1480,truck,1259.0,1440.0,181.0,,1224.331,16.0,16.0,165.0,29.165,,,0.0884,0.9116,,True,completed
1580,truck,1349.0,1441.0,92.0,,432.889,20.0,20.0,72.0,39.032,,,0.2174,0.7826,,True,completed
1246,car,1112.0,1442.0,330.0,,2679.112,0.0,33.0,297.0,74.693,,,0.1,0.9,,True,completed
755,truck,831.0,1444.0,613.0,,1874.019,50.0,252.0,361.0,360.744,,,0.4111,0.5889,,True,completed
759,car,834.0,1446.0,612.0,,2111.096,1.0,238.0,374.0,386.679,,,0.3889,0.6111,,True,completed
716,car,807.0,1447.0,640.0,,2444.904,24.0,234.0,406.0,410.798,,,0.3656,0.6344,,True,completed
805,truck,866.0,1450.0,584.0,,1875.786,45.0,222.0,362.0,331.986,,,0.3801,0.6199,,True,completed
1563,car,1334.0,1451.0,117.0,,1033.996,0.0,0.0,117.0,9.224,,,0.0,1.0,,True,completed
756,car,831.0,1451.0,620.0,,2134.856,0.0,314.0,306.0,353.427,,,0.5065,0.4935,,True,completed
1594,car,1356.0,1452.0,96.0,,525.516,18.0,18.0,78.0,47.152,,,0.1875,0.8125,,True,completed
1103,car,1040.0,1461.0,421.0,,2501.184,25.0,72.0,349.0,194.227,,,0.171,0.829,,True,completed
1362,car,1178.0,1465.0,287.0,,2033.535,8.0,26.0,261.0,84.603,,,0.0906,0.9094,,True,completed
1493,car,1270.0,1467.0,197.0,,988.947,25.0,46.0,151.0,99.787,,,0.2335,0.7665,,True,completed
1273,car,1127.0,1468.0,341.0,,1476.114,49.0,133.0,208.0,191.079,,,0.39,0.61,,True,completed
1307,car,1146.0,1469.0,323.0,,2098.044,22.0,97.0,226.0,133.174,,,0.3003,0.6997,,True,completed
1552,car,1324.0,1469.0,145.0,,804.31,12.0,38.0,107.0,71.087,,,0.2621,0.7379,,True,completed
490,truck,655.0,1469.0,814.0,,1947.763,67.0,453.0,361.0,579.03,,,0.5565,0.4435,,True,completed
515,truck,676.0,1469.0,793.0,,2784.26,3.0,268.0,525.0,454.619,,,0.338,0.662,,True,completed
1396,car,1199.0,1470.0,271.0,,1859.764,0.0,47.0,224.0,89.244,,,0.1734,0.8266,,True,completed
1537,car,1312.0,1471.0,159.0,,900.25,11.0,36.0,123.0,75.629,,,0.2264,0.7736,,True,completed
1588,car,1353.0,1476.0,123.0,,778.521,18.0,21.0,102.0,49.915,,,0.1707,0.8293,,True,completed
1603,car,1368.0,1479.0,111.0,,741.292,19.0,21.0,90.0,41.487,,,0.1892,0.8108,,True,completed
946,car,954.0,1480.0,526.0,,1721.09,33.0,235.0,291.0,368.009,,,0.4468,0.5532,,True,completed
1397,car,1199.0,1481.0,282.0,,1583.057,0.0,59.0,223.0,120.774,,,0.2092,0.7908,,True,completed
1475,truck,1252.0,1481.0,229.0,,1656.235,0.0,9.0,220.0,27.895,,,0.0393,0.9607,,True,completed
1465,truck,1243.0,1484.0,241.0,,1064.469,19.0,62.0,179.0,112.056,,,0.2573,0.7427,,True,completed
884,car,920.0,1484.0,564.0,,1417.616,30.0,244.0,320.0,429.615,,,0.4326,0.5674,,True,completed
1053,car,1013.0,1485.0,472.0,,1698.529,71.0,193.0,279.0,311.08,,,0.4089,0.5911,,True,completed
1549,car,1322.0,1487.0,165.0,,1266.045,8.0,25.0,140.0,48.447,,,0.1515,0.8485,,True,completed
1044,car,1009.0,1488.0,479.0,,2157.552,45.0,167.0,312.0,277.261,,,0.3486,0.6514,,True,completed
1304,car,1146.0,1494.0,348.0,,2134.907,6.0,63.0,285.0,132.906,,,0.181,0.819,,True,completed
1579,car,1348.0,1494.0,146.0,,943.181,15.0,27.0,119.0,59.091,,,0.1849,0.8151,,True,completed
1663,car,1415.0,1495.0,80.0,,731.81,0.0,0.0,80.0,12.022,,,0.0,1.0,,True,completed
1720,truck,1456.0,1495.0,39.0,,252.346,0.0,0.0,39.0,4.437,,,0.0,1.0,,True,completed
607,car,736.0,1497.0,761.0,,2398.178,23.0,316.0,445.0,534.835,,,0.4152,0.5848,,True,completed
1350,truck,1167.0,1498.0,331.0,,868.486,52.0,135.0,196.0,225.74,,,0.4079,0.5921,,True,completed
1395,truck,1198.0,1499.0,301.0,,2083.005,17.0,19.0,282.0,47.773,,,0.0631,0.9369,,True,completed
1045,truck,1009.0,1500.0,491.0,,2322.667,0.0,155.0,336.0,210.587,,,0.3157,0.6843,,True,completed
560,truck,703.0,1500.0,797.0,,2632.043,53.0,292.0,505.0,479.259,,,0.3664,0.6336,,True,completed
1676,car,1425.0,1502.0,77.0,,550.275,16.0,16.0,61.0,26.475,,,0.2078,0.7922,,True,completed
1714,car,1451.0,1511.0,60.0,,594.674,0.0,0.0,60.0,4.576,,,0.0,1.0,,True,completed
956,car,958.0,1515.0,557.0,,2543.171,50.0,188.0,369.0,325.119,,,0.3375,0.6625,,True,completed
1344,car,1163.0,1516.0,353.0,,1306.496,31.0,132.0,221.0,225.381,,,0.3739,0.6261,,True,completed
1119,car,1047.0,1517.0,470.0,,2145.446,40.0,148.0,322.0,263.809,,,0.3149,0.6851,,True,completed
936,car,945.0,1517.0,572.0,,2958.85,2.0,157.0,415.0,290.561,,,0.2745,0.7255,,True,completed
1644,car,1401.0,1518.0,117.0,,1043.473,5.0,5.0,112.0,19.789,,,0.0427,0.9573,,True,completed
671,car,776.0,1520.0,744.0,,2530.765,53.0,335.0,409.0,506.995,,,0.4503,0.5497,,True,completed
1399,car,1201.0,1522.0,321.0,,1258.363,38.0,122.0,199.0,205.368,,,0.3801,0.6199,,True,completed
1711,car,1449.0,1522.0,73.0,,415.546,15.0,16.0,57.0,34.48,,,0.2192,0.7808,,True,completed
849,car,903.0,1526.0,623.0,,2180.513,55.0,290.0,333.0,418.017,,,0.4655,0.5345,,True,completed
1111,car,1043.0,1527.0,484.0,,2015.317,41.0,158.0,326.0,287.914,,,0.3264,0.6736,,True,completed
1433,car,1219.0,1528.0,309.0,,1616.953,1.0,61.0,248.0,149.829,,,0.1974,0.8026,,True,completed
924,car,939.0,1528.0,589.0,,1628.363,23.0,236.0,353.0,439.27,,,0.4007,0.5993,,True,completed
752,car,831.0,1529.0,698.0,,1554.106,56.0,476.0,222.0,513.508,,,0.6819,0.3181,,True,completed
740,truck,823.0,1531.0,708.0,,2206.136,34.0,267.0,441.0,441.516,,,0.3771,0.6229,,True,completed
1612,car,1373.0,1532.0,159.0,,1051.194,16.0,23.0,136.0,62.23,,,0.1447,0.8553,,True,completed
1568,car,1336.0,1533.0,197.0,,1492.472,27.0,27.0,170.0,45.275,,,0.1371,0.8629,,True,completed
1557,car,1330.0,1534.0,204.0,,1445.073,0.0,0.0,204.0,17.146,,,0.0,1.0,,True,completed
1698,car,1442.0,1536.0,94.0,,737.39,14.0,14.0,80.0,25.52,,,0.1489,0.8511,,True,completed
663,car,771.0,1536.0,765.0,,1302.354,63.0,473.0,292.0,636.874,,,0.6183,0.3817,,True,completed
975,truck,986.0,1538.0,552.0,,2261.974,59.0,159.0,393.0,278.256,,,0.288,0.712,,True,completed
1143,car,1056.0,1539.0,483.0,,1025.4,59.0,278.0,205.0,389.543,,,0.5756,0.4244,,True,completed
1167,car,1071.0,1539.0,468.0,,1714.004,59.0,179.0,289.0,296.892,,,0.3825,0.6175,,True,completed
984,car,980.0,1539.0,559.0,,1614.185,49.0,265.0,294.0,410.08,,,0.4741,0.5259,,True,completed
594,car,728.0,1541.0,813.0,,2545.748,25.0,306.0,507.0,577.371,,,0.3764,0.6236,,True,completed
1364,car,1179.0,1545.0,366.0,,2213.145,11.0,51.0,315.0,157.824,,,0.1393,0.8607,,True,completed
1703,car,1445.0,1546.0,101.0,,624.583,25.0,25.0,76.0,38.939,,,0.2475,0.7525,,True,completed
1005,truck,989.0,1551.0,562.0,,1615.024,59.0,322.0,240.0,366.0,,,0.573,0.427,,True,completed
838,car,895.0,1555.0,660.0,,2125.728,36.0,250.0,410.0,415.758,,,0.3788,0.6212,,True,completed
1538,car,1314.0,1557.0,243.0,,1843.846,16.0,33.0,210.0,70.153,,,0.1358,0.8642,,True,completed
1652,car,1408.0,1558.0,150.0,,1151.258,0.0,9.0,141.0,27.686,,,0.06,0.94,,True,completed
1174,car,1075.0,1561.0,486.0,,1182.954,98.0,346.0,140.0,377.884,,,0.7119,0.2881,,True,completed
1554,car,1327.0,1562.0,235.0,,1484.33,25.0,44.0,191.0,100.02,,,0.1872,0.8128,,True,completed
944,car,951.0,1562.0,611.0,,2533.498,53.0,259.0,352.0,368.23,,,0.4239,0.5761,,True,completed
1533,car,1309.0,1563.0,254.0,,2092.028,0.0,30.0,224.0,62.581,,,0.1181,0.8819,,True,completed
780,truck,846.0,1564.0,718.0,,1686.709,43.0,297.0,421.0,513.559,,,0.4136,0.5864,,True,completed
995,truck,982.0,1564.0,582.0,,1947.787,20.0,189.0,393.0,346.285,,,0.3247,0.6753,,True,completed
1147,car,1058.0,1565.0,507.0,,1477.012,97.0,327.0,180.0,371.978,,,0.645,0.355,,True,completed
793,car,856.0,1566.0,710.0,,2009.826,35.0,332.0,378.0,521.548,,,0.4676,0.5324,,True,completed
894,car,925.0,1566.0,641.0,,1614.686,93.0,408.0,233.0,495.251,,,0.6365,0.3635,,True,completed
715,truck,806.0,1568.0,762.0,,1557.151,91.0,503.0,259.0,575.069,,,0.6601,0.3399,,True,completed
885,truck,922.0,1569.0,647.0,,2353.063,54.0,270.0,377.0,363.102,,,0.4173,0.5827,,True,completed
1245,truck,1117.0,1574.0,457.0,,1825.545,49.0,125.0,332.0,235.923,,,0.2735,0.7265,,True,completed
511,car,672.0,1575.0,903.0,,2962.42,97.0,508.0,395.0,631.141,,,0.5626,0.4374,,True,completed
1206,car,1092.0,1576.0,484.0,,1400.708,95.0,320.0,164.0,356.124,,,0.6612,0.3388,,True,completed
662,car,771.0,1576.0,805.0,,2786.694,65.0,341.0,464.0,551.536,,,0.4236,0.5764,,True,completed
1130,truck,1051.0,1578.0,527.0,,1184.912,93.0,350.0,177.0,383.57,,,0.6641,0.3359,,True,completed
1282,car,1133.0,1578.0,445.0,,2197.843,49.0,153.0,292.0,240.71,,,0.3438,0.6562,,True,completed
1116,car,1044.0,1579.0,535.0,,2512.407,51.0,159.0,376.0,305.711,,,0.2972,0.7028,,True,completed
1468,car,1243.0,1580.0,337.0,,776.128,77.0,161.0,176.0,266.073,,,0.4777,0.5223,,True,completed
1129,car,1050.0,1581.0,531.0,,2091.458,89.0,259.0,272.0,340.951,,,0.4878,0.5122,,True,completed
1153,car,1065.0,1581.0,516.0,,1629.808,92.0,284.0,232.0,361.747,,,0.5504,0.4496,,True,completed
1434,car,1220.0,1581.0,361.0,,739.432,87.0,267.0,94.0,293.45,,,0.7396,0.2604,,True,completed
928,car,942.0,1581.0,639.0,,1590.578,79.0,393.0,246.0,494.733,,,0.615,0.385,,True,completed
1509,car,1292.0,1582.0,290.0,,2178.576,2.0,36.0,254.0,91.448,,,0.1241,0.8759,,True,completed
898,car,927.0,1582.0,655.0,,2665.557,27.0,243.0,412.0,412.791,,,0.371,0.629,,True,completed
1181,car,1080.0,1583.0,503.0,,1084.857,91.0,311.0,192.0,404.007,,,0.6183,0.3817,,True,completed
814,car,877.0,1583.0,706.0,,2090.861,40.0,368.0,338.0,511.872,,,0.5212,0.4788,,True,completed
1190,truck,1082.0,1585.0,503.0,,915.056,97.0,342.0,161.0,389.263,,,0.6799,0.3201,,True,completed
1220,truck,1102.0,1587.0,485.0,,1472.67,82.0,252.0,233.0,306.812,,,0.5196,0.4804,,True,completed
1721,car,1456.0,1588.0,132.0,,1002.052,5.0,13.0,119.0,36.789,,,0.0985,0.9015,,True,completed
1138,car,1054.0,1589.0,535.0,,1308.215,88.0,360.0,175.0,412.768,,,0.6729,0.3271,,True,completed
1173,car,1075.0,1591.0,516.0,,1887.845,51.0,239.0,277.0,341.706,,,0.4632,0.5368,,True,completed
1723,car,1458.0,1591.0,133.0,,977.659,6.0,21.0,112.0,39.563,,,0.1579,0.8421,,True,completed
910,truck,933.0,1592.0,659.0,,1529.099,86.0,388.0,271.0,474.435,,,0.5888,0.4112,,True,completed
1448,car,1228.0,1594.0,366.0,,1036.156,75.0,206.0,160.0,232.998,,,0.5628,0.4372,,True,completed
945,truck,952.0,1594.0,642.0,,3088.423,0.0,138.0,504.0,263.146,,,0.215,0.785,,True,completed
1601,car,1366.0,1598.0,232.0,,1653.058,5.0,18.0,214.0,40.655,,,0.0776,0.9224,,True,completed
747,car,825.0,1598.0,773.0,,2017.675,74.0,475.0,298.0,590.063,,,0.6145,0.3855,,True,completed
1236,car,1109.0,1599.0,490.0,,2129.625,41.0,147.0,343.0,285.765,,,0.3,0.7,,True,completed
1406,car,1205.0,1599.0,394.0,,1692.72,44.0,137.0,257.0,237.691,,,0.3477,0.6523,,True,completed
539,car,691.0,1601.0,910.0,,3363.937,86.0,441.0,469.0,600.536,,,0.4846,0.5154,,True,completed
1091,car,1034.0,1602.0,568.0,,2198.651,45.0,201.0,367.0,344.55,,,0.3539,0.6461,,True,completed
1608,car,1371.0,1602.0,231.0,,2000.042,5.0,16.0,215.0,42.686,,,0.0693,0.9307,,True,completed
1020,truck,998.0,1603.0,605.0,,1065.261,56.0,327.0,278.0,475.803,,,0.5405,0.4595,,True,completed
1293,car,1140.0,1603.0,463.0,,1876.029,43.0,172.0,291.0,290.574,,,0.3715,0.6285,,True,completed
889,car,922.0,1603.0,681.0,,2143.063,45.0,291.0,390.0,477.7,,,0.4273,0.5727,,True,completed
935,truck,945.0,1604.0,659.0,,2180.295,69.0,346.0,313.0,395.386,,,0.525,0.475,,True,completed
1495,truck,1273.0,1606.0,333.0,,822.669,86.0,210.0,123.0,232.78,,,0.6306,0.3694,,True,completed
690,truck,789.0,1607.0,818.0,,2283.608,84.0,419.0,399.0,542.825,,,0.5122,0.4878,,True,completed
712,car,804.0,1607.0,803.0,,2213.823,83.0,405.0,398.0,598.606,,,0.5044,0.4956,,True,completed
1312,car,1147.0,1609.0,462.0,,1185.798,81.0,319.0,143.0,353.968,,,0.6905,0.3095,,True,completed
596,car,729.0,1610.0,881.0,,2739.265,81.0,451.0,430.0,627.264,,,0.5119,0.4881,,True,completed
1274,car,1129.0,1611.0,482.0,,2254.826,0.0,175.0,307.0,275.303,,,0.3631,0.6369,,True,completed
1597,car,1363.0,1611.0,248.0,,515.028,82.0,184.0,64.0,200.647,,,0.7419,0.2581,,True,completed
1348,car,1165.0,1613.0,448.0,,1348.815,73.0,253.0,195.0,325.03,,,0.5647,0.4353,,True,completed
684,car,785.0,1613.0,828.0,,2088.54,58.0,445.0,383.0,621.249,,,0.5374,0.4626,,True,completed
1647,car,1403.0,1616.0,213.0,,809.237,27.0,117.0,96.0,130.559,,,0.5493,0.4507,,True,completed
1354,car,1169.0,1617.0,448.0,,886.638,51.0,221.0,227.0,367.055,,,0.4933,0.5067,,True,completed
1200,truck,1088.0,1621.0,533.0,,1641.31,73.0,286.0,247.0,334.575,,,0.5366,0.4634,,True,completed
1610,truck,1371.0,1621.0,250.0,,1558.223,0.0,32.0,218.0,61.456,,,0.128,0.872,,True,completed
1286,car,1134.0,1623.0,489.0,,1563.171,67.0,309.0,180.0,346.061,,,0.6319,0.3681,,True,completed
947,car,954.0,1623.0,669.0,,2298.011,0.0,225.0,444.0,444.272,,,0.3363,0.6637,,True,completed
1825,truck,1574.0,1626.0,52.0,,372.714,0.0,0.0,52.0,4.832,,,0.0,1.0,,True,completed
1268,car,1124.0,1627.0,503.0,,1326.269,67.0,340.0,163.0,382.315,,,0.6759,0.3241,,True,completed
1633,car,1391.0,1629.0,238.0,,585.697,33.0,95.0,143.0,184.287,,,0.3992,0.6008,,True,completed
1241,car,1111.0,1633.0,522.0,,1557.437,63.0,335.0,187.0,380.18,,,0.6418,0.3582,,True,completed
892,car,924.0,1634.0,710.0,,2142.398,53.0,319.0,391.0,514.778,,,0.4493,0.5507,,True,completed
1443,car,1224.0,1635.0,411.0,,1861.375,72.0,194.0,217.0,241.201,,,0.472,0.528,,True,completed
1295,truck,1141.0,1636.0,495.0,,1318.805,62.0,290.0,205.0,335.017,,,0.5859,0.4141,,True,completed
1561,car,1330.0,1636.0,306.0,,1913.238,15.0,89.0,217.0,128.3,,,0.2908,0.7092,,True,completed
1319,car,1151.0,1637.0,486.0,,2217.746,73.0,209.0,277.0,284.47,,,0.43,0.57,,True,completed
683,car,783.0,1637.0,854.0,,1281.746,50.0,490.0,364.0,719.976,,,0.5738,0.4262,,True,completed
774,car,844.0,1637.0,793.0,,2588.616,71.0,406.0,387.0,554.345,,,0.512,0.488,,True,completed
565,truck,708.0,1638.0,930.0,,2281.711,70.0,535.0,395.0,654.866,,,0.5753,0.4247,,True,completed
1449,car,1228.0,1640.0,412.0,,785.355,62.0,275.0,137.0,316.305,,,0.6675,0.3325,,True,completed
1118,car,1046.0,1642.0,596.0,,2537.764,42.0,203.0,393.0,364.276,,,0.3406,0.6594,,True,completed
1586,car,1352.0,1644.0,292.0,,736.499,63.0,196.0,96.0,224.714,,,0.6712,0.3288,,True,completed
573,car,712.0,1645.0,933.0,,2502.546,31.0,399.0,534.0,701.086,,,0.4277,0.5723,,True,completed
1336,car,1160.0,1646.0,486.0,,1062.356,42.0,239.0,247.0,389.224,,,0.4918,0.5082,,True,completed
1352,car,1167.0,1647.0,480.0,,1490.285,59.0,273.0,207.0,335.741,,,0.5687,0.4313,,True,completed
777,car,845.0,1648.0,803.0,,2238.781,20.0,308.0,495.0,576.564,,,0.3836,0.6164,,True,completed
1476,car,1254.0,1651.0,397.0,,2298.615,2.0,97.0,300.0,172.756,,,0.2443,0.7557,,True,completed
517,car,680.0,1652.0,972.0,,1248.648,54.0,680.0,292.0,841.661,,,0.6996,0.3004,,True,completed
902,car,928.0,1653.0,725.0,,2867.332,53.0,358.0,367.0,439.907,,,0.4938,0.5062,,True,completed
1384,car,1192.0,1654.0,462.0,,1597.985,53.0,183.0,279.0,312.796,,,0.3961,0.6039,,True,completed
1218,car,1101.0,1655.0,554.0,,1929.327,83.0,293.0,261.0,378.814,,,0.5289,0.4711,,True,completed
1506,car,1284.0,1656.0,372.0,,906.507,75.0,176.0,196.0,289.019,,,0.4731,0.5269,,True,completed
1026,car,1000.0,1658.0,658.0,,1832.898,49.0,335.0,323.0,490.385,,,0.5091,0.4909,,True,completed
1054,car,1013.0,1658.0,645.0,,2369.804,62.0,304.0,341.0,421.771,,,0.4713,0.5287,,True,completed
923,car,939.0,1660.0,721.0,,1958.369,16.0,302.0,419.0,541.798,,,0.4189,0.5811,,True,completed
1078,car,1030.0,1661.0,631.0,,2489.496,0.0,351.0,280.0,404.638,,,0.5563,0.4437,,True,completed
1123,car,1048.0,1664.0,616.0,,1394.519,78.0,425.0,191.0,489.492,,,0.6899,0.3101,,True,completed
692,car,791.0,1664.0,873.0,,2163.581,46.0,525.0,348.0,676.266,,,0.6014,0.3986,,True,completed
1196,car,1085.0,1666.0,581.0,,2226.172,61.0,312.0,269.0,378.244,,,0.537,0.463,,True,completed
480,truck,646.0,1666.0,1020.0,,2905.321,47.0,537.0,483.0,668.15,,,0.5265,0.4735,,True,completed
868,car,913.0,1666.0,753.0,,2288.689,63.0,385.0,368.0,541.53,,,0.5113,0.4887,,True,completed
1300,truck,1144.0,1667.0,523.0,,1558.774,45.0,290.0,233.0,334.559,,,0.5545,0.4455,,True,completed
1527,car,1303.0,1667.0,364.0,,1326.595,54.0,163.0,201.0,235.605,,,0.4478,0.5522,,True,completed
1576,car,1345.0,1667.0,322.0,,985.28,58.0,164.0,158.0,217.832,,,0.5093,0.4907,,True,completed
1441,car,1227.0,1668.0,441.0,,2015.483,58.0,185.0,256.0,258.058,,,0.4195,0.5805,,True,completed
1332,car,1156.0,1669.0,513.0,,2256.075,5.0,192.0,321.0,305.74,,,0.3743,0.6257,,True,completed
710,truck,803.0,1669.0,866.0,,1816.451,43.0,527.0,339.0,646.34,,,0.6085,0.3915,,True,completed
1624,car,1383.0,1671.0,288.0,,1913.517,0.0,25.0,263.0,95.615,,,0.0868,0.9132,,True,completed
714,car,805.0,1673.0,868.0,,2980.498,8.0,431.0,437.0,584.14,,,0.4965,0.5035,,True,completed
1287,car,1136.0,1674.0,538.0,,1576.266,50.0,266.0,272.0,394.605,,,0.4944,0.5056,,True,completed
1660,truck,1412.0,1674.0,262.0,,645.253,51.0,139.0,123.0,183.054,,,0.5305,0.4695,,True,completed
1532,car,1309.0,1675.0,366.0,,1530.461,0.0,204.0,162.0,227.044,,,0.5574,0.4426,,True,completed
823,car,886.0,1675.0,789.0,,2393.161,49.0,498.0,291.0,571.345,,,0.6312,0.3688,,True,completed
1310,truck,1147.0,1676.0,529.0,,1449.299,7.0,311.0,218.0,353.385,,,0.5879,0.4121,,True,completed
1345,truck,1164.0,1676.0,512.0,,1493.376,40.0,270.0,242.0,331.23,,,0.5273,0.4727,,True,completed
1000,truck,985.0,1678.0,693.0,,1262.485,65.0,380.0,313.0,540.1,,,0.5483,0.4517,,True,completed
1113,car,1044.0,1678.0,634.0,,1270.151,52.0,353.0,281.0,517.732,,,0.5568,0.4432,,True,completed
821,car,883.0,1678.0,795.0,,1867.184,70.0,412.0,383.0,620.088,,,0.5182,0.4818,,True,completed
1675,truck,1424.0,1679.0,255.0,,743.548,42.0,95.0,160.0,164.739,,,0.3725,0.6275,,True,completed
581,car,718.0,1679.0,961.0,,2557.297,52.0,593.0,368.0,729.265,,,0.6171,0.3829,,True,completed
1677,car,1425.0,1680.0,255.0,,699.336,43.0,144.0,111.0,190.249,,,0.5647,0.4353,,True,completed
895,truck,925.0,1680.0,755.0,,2353.193,34.0,409.0,346.0,471.255,,,0.5417,0.4583,,True,completed
965,truck,965.0,1680.0,715.0,,1802.019,35.0,445.0,270.0,497.515,,,0.6224,0.3776,,True,completed
1398,car,1201.0,1684.0,483.0,,1416.235,31.0,265.0,218.0,334.53,,,0.5487,0.4513,,True,completed
1062,car,1018.0,1685.0,667.0,,1884.675,44.0,307.0,360.0,495.932,,,0.4603,0.5397,,True,completed
1668,car,1417.0,1685.0,268.0,,2124.894,7.0,25.0,243.0,67.896,,,0.0933,0.9067,,True,completed
1672,car,1423.0,1685.0,262.0,,1138.78,45.0,76.0,186.0,157.491,,,0.2901,0.7099,,True,completed
1717,car,1454.0,1685.0,231.0,,1656.855,0.0,1.0,230.0,25.454,,,0.0043,0.9957,,True,completed
1760,truck,1494.0,1685.0,191.0,,1107.683,25.0,34.0,157.0,56.94,,,0.178,0.822,,True,completed
720,truck,810.0,1686.0,876.0,,1567.696,45.0,529.0,347.0,685.913,,,0.6039,0.3961,,True,completed
1215,truck,1098.0,1687.0,589.0,,1527.848,48.0,334.0,255.0,403.853,,,0.5671,0.4329,,True,completed
1534,car,1310.0,1687.0,377.0,,1281.119,62.0,204.0,173.0,256.076,,,0.5411,0.4589,,True,completed
1773,car,1504.0,1687.0,183.0,,1472.508,0.0,0.0,183.0,14.983,,,0.0,1.0,,True,completed
875,truck,915.0,1691.0,776.0,,2111.768,30.0,329.0,447.0,497.485,,,0.424,0.576,,True,completed
1394,car,1197.0,1692.0,495.0,,1612.528,21.0,198.0,297.0,335.649,,,0.4,0.6,,True,completed
1139,car,1054.0,1695.0,641.0,,3027.242,6.0,191.0,450.0,351.632,,,0.298,0.702,,True,completed
1521,car,1297.0,1695.0,398.0,,1057.701,53.0,178.0,220.0,301.375,,,0.4472,0.5528,,True,completed
859,car,908.0,1695.0,787.0,,1765.341,29.0,481.0,306.0,620.115,,,0.6112,0.3888,,True,completed
1056,car,1015.0,1697.0,682.0,,2540.643,52.0,285.0,397.0,450.784,,,0.4179,0.5821,,True,completed
959,car,962.0,1699.0,737.0,,2786.871,53.0,393.0,344.0,480.2,,,0.5332,0.4668,,True,completed
1486,car,1265.0,1700.0,435.0,,1923.556,14.0,161.0,274.0,260.789,,,0.3701,0.6299,,True,completed
1564,car,1334.0,1700.0,366.0,,1160.254,59.0,199.0,167.0,259.879,,,0.5437,0.4563,,True,completed
1578,car,1348.0,1700.0,352.0,,938.229,33.0,153.0,199.0,266.283,,,0.4347,0.5653,,True,completed
788,car,851.0,1700.0,849.0,,1832.212,58.0,475.0,374.0,680.238,,,0.5595,0.4405,,True,completed
992,car,981.0,1700.0,719.0,,2016.2,42.0,316.0,403.0,499.033,,,0.4395,0.5605,,True,completed
1122,car,1048.0,1703.0,655.0,,1534.103,41.0,320.0,335.0,513.973,,,0.4885,0.5115,,True,completed
1353,car,1169.0,1704.0,535.0,,2332.296,0.0,250.0,285.0,316.288,,,0.4673,0.5327,,True,completed
1565,truck,1335.0,1704.0,369.0,,2165.608,32.0,81.0,288.0,107.94,,,0.2195,0.7805,,True,completed
1596,car,1362.0,1704.0,342.0,,2522.865,33.0,58.0,284.0,113.712,,,0.1696,0.8304,,True,completed
1803,car,1538.0,1705.0,167.0,,1446.556,0.0,16.0,151.0,34.319,,,0.0958,0.9042,,True,completed
820,truck,881.0,1705.0,824.0,,1349.733,26.0,525.0,299.0,658.101,,,0.6371,0.3629,,True,completed
1092,car,1034.0,1707.0,673.0,,1532.007,67.0,368.0,305.0,534.041,,,0.5468,0.4532,,True,completed
1179,car,1078.0,1707.0,629.0,,2363.318,4.0,340.0,289.0,414.358,,,0.5405,0.4595,,True,completed
845,truck,902.0,1707.0,805.0,,1857.341,21.0,365.0,440.0,580.265,,,0.4534,0.5466,,True,completed
1730,truck,1462.0,1709.0,247.0,,665.935,32.0,81.0,166.0,165.017,,,0.3279,0.6721,,True,completed
1120,truck,1047.0,1712.0,665.0,,2672.267,45.0,255.0,410.0,341.873,,,0.3835,0.6165,,True,completed
1374,car,1186.0,1712.0,526.0,,1092.518,50.0,334.0,192.0,397.294,,,0.635,0.365,,True,completed
1788,car,1520.0,1713.0,193.0,,736.876,40.0,59.0,134.0,125.681,,,0.3057,0.6943,,True,completed
1685,truck,1432.0,1714.0,282.0,,1013.123,60.0,105.0,177.0,158.835,,,0.3723,0.6277,,True,completed
1895,truck,1666.0,1714.0,48.0,,375.164,0.0,0.0,48.0,1.962,,,0.0,1.0,,True,completed
1622,car,1382.0,1716.0,334.0,,2094.16,71.0,103.0,231.0,137.212,,,0.3084,0.6916,,True,completed
1189,car,1082.0,1717.0,635.0,,1138.088,39.0,361.0,274.0,530.782,,,0.5685,0.4315,,True,completed
1860,truck,1621.0,1717.0,96.0,,735.86,0.0,0.0,96.0,5.518,,,0.0,1.0,,True,completed
1898,car,1668.0,1719.0,51.0,,454.775,2.0,2.0,49.0,9.07,,,0.0392,0.9608,,True,completed
1090,truck,1033.0,1720.0,687.0,,3170.258,9.0,218.0,469.0,283.127,,,0.3173,0.6827,,True,completed
602,car,734.0,1720.0,986.0,,2186.067,49.0,474.0,512.0,765.468,,,0.4807,0.5193,,True,completed
978,car,970.0,1722.0,752.0,,2535.301,1.0,377.0,375.0,521.543,,,0.5013,0.4987,,True,completed
1271,car,1125.0,1723.0,598.0,,1680.085,51.0,277.0,321.0,444.963,,,0.4632,0.5368,,True,completed
703,car,798.0,1724.0,926.0,,2152.981,52.0,499.0,427.0,720.209,,,0.5389,0.4611,,True,completed
1036,car,1006.0,1725.0,719.0,,1416.05,53.0,394.0,325.0,589.912,,,0.548,0.452,,True,completed
1262,car,1122.0,1725.0,603.0,,1786.256,57.0,362.0,241.0,438.723,,,0.6003,0.3997,,True,completed
1306,car,1146.0,1726.0,580.0,,1812.255,6.0,311.0,269.0,414.946,,,0.5362,0.4638,,True,completed
1524,car,1301.0,1726.0,425.0,,1460.919,68.0,236.0,189.0,292.147,,,0.5553,0.4447,,True,completed
1539,car,1315.0,1726.0,411.0,,1992.241,62.0,144.0,267.0,229.676,,,0.3504,0.6496,,True,completed
589,car,722.0,1726.0,1004.0,,3062.908,28.0,505.0,499.0,719.098,,,0.503,0.497,,True,completed
1487,car,1266.0,1729.0,463.0,,1193.21,41.0,193.0,270.0,353.164,,,0.4168,0.5832,,True,completed
1217,car,1100.0,1731.0,631.0,,2478.131,57.0,238.0,393.0,405.552,,,0.3772,0.6228,,True,completed
1420,truck,1224.0,1731.0,507.0,,2020.237,47.0,162.0,345.0,262.92,,,0.3195,0.6805,,True,completed
1616,car,1380.0,1732.0,352.0,,2668.876,0.0,36.0,316.0,89.599,,,0.1023,0.8977,,True,completed
650,truck,763.0,1732.0,969.0,,2951.251,53.0,455.0,514.0,613.233,,,0.4696,0.5304,,True,completed
1389,car,1191.0,1734.0,543.0,,2257.349,18.0,196.0,347.0,332.893,,,0.361,0.639,,True,completed
866,car,912.0,1735.0,823.0,,1968.709,55.0,343.0,480.0,641.486,,,0.4168,0.5832,,True,completed
977,car,969.0,1736.0,767.0,,1833.968,41.0,486.0,281.0,599.623,,,0.6336,0.3664,,True,completed
1232,car,1108.0,1737.0,629.0,,1206.588,38.0,335.0,294.0,510.562,,,0.5326,0.4674,,True,completed
1378,car,1188.0,1739.0,551.0,,2437.8,0.0,279.0,272.0,329.911,,,0.5064,0.4936,,True,completed
1764,car,1499.0,1739.0,240.0,,1857.961,0.0,31.0,209.0,61.501,,,0.1292,0.8708,,True,completed
754,car,831.0,1739.0,908.0,,1439.662,48.0,575.0,333.0,771.419,,,0.6333,0.3667,,True,completed
829,car,890.0,1739.0,849.0,,2958.47,7.0,351.0,498.0,538.444,,,0.4134,0.5866,,True,completed
1186,car,1081.0,1740.0,659.0,,1418.922,45.0,319.0,340.0,528.851,,,0.4841,0.5159,,True,completed
1645,truck,1402.0,1743.0,341.0,,1478.597,46.0,95.0,246.0,162.363,,,0.2786,0.7214,,True,completed
1614,car,1375.0,1748.0,373.0,,1503.445,26.0,117.0,256.0,235.888,,,0.3137,0.6863,,True,completed
1214,car,1098.0,1751.0,653.0,,2046.502,2.0,328.0,325.0,459.282,,,0.5023,0.4977,,True,completed
1589,car,1353.0,1751.0,398.0,,1644.221,14.0,211.0,187.0,249.019,,,0.5302,0.4698,,True,completed
1252,car,1116.0,1753.0,637.0,,2270.209,7.0,289.0,348.0,422.849,,,0.4537,0.5463,,True,completed
1408,car,1207.0,1753.0,546.0,,1683.019,50.0,236.0,310.0,393.527,,,0.4322,0.5678,,True,completed
1240,truck,1115.0,1754.0,639.0,,1544.659,58.0,329.0,310.0,452.469,,,0.5149,0.4851,,True,completed
982,car,973.0,1755.0,782.0,,2591.737,54.0,341.0,441.0,540.639,,,0.4361,0.5639,,True,completed
1202,car,1091.0,1756.0,665.0,,1275.58,34.0,345.0,320.0,537.642,,,0.5188,0.4812,,True,completed
1387,car,1191.0,1756.0,565.0,,2238.033,54.0,204.0,361.0,359.744,,,0.3611,0.6389,,True,completed
1542,car,1317.0,1756.0,439.0,,1540.173,24.0,144.0,295.0,291.775,,,0.328,0.672,,True,completed
1606,car,1369.0,1756.0,387.0,,1611.271,55.0,164.0,223.0,240.696,,,0.4238,0.5762,,True,completed
1299,car,1144.0,1757.0,613.0,,1663.116,50.0,373.0,240.0,460.336,,,0.6085,0.3915,,True,completed
1412,car,1210.0,1757.0,547.0,,1633.978,43.0,233.0,314.0,398.042,,,0.426,0.574,,True,completed
1452,car,1232.0,1758.0,526.0,,1702.558,53.0,226.0,300.0,371.075,,,0.4297,0.5703,,True,completed
1254,car,1117.0,1759.0,642.0,,2609.516,7.0,281.0,361.0,404.25,,,0.4377,0.5623,,True,completed
1892,car,1662.0,1762.0,100.0,,901.372,0.0,0.0,100.0,14.701,,,0.0,1.0,,True,completed
1259,car,1120.0,1766.0,646.0,,2506.55,56.0,238.0,408.0,415.228,,,0.3684,0.6316,,True,completed
969,car,966.0,1766.0,800.0,,2585.254,4.0,352.0,448.0,555.775,,,0.44,0.56,,True,completed
1316,car,1150.0,1767.0,617.0,,1611.187,26.0,271.0,346.0,464.632,,,0.4392,0.5608,,True,completed
1160,truck,1068.0,1768.0,700.0,,2623.351,32.0,241.0,459.0,382.15,,,0.3443,0.6557,,True,completed
1221,car,1102.0,1768.0,666.0,,1888.148,48.0,386.0,280.0,484.735,,,0.5796,0.4204,,True,completed
1483,car,1264.0,1770.0,506.0,,1665.126,28.0,264.0,242.0,329.629,,,0.5217,0.4783,,True,completed
1759,car,1491.0,1770.0,279.0,,1515.749,2.0,77.0,202.0,134.584,,,0.276,0.724,,True,completed
1211,car,1095.0,1771.0,676.0,,2581.402,19.0,229.0,447.0,422.176,,,0.3388,0.6612,,True,completed
1247,car,1113.0,1771.0,658.0,,1962.616,30.0,370.0,288.0,471.664,,,0.5623,0.4377,,True,completed
1377,car,1189.0,1771.0,582.0,,2235.686,48.0,201.0,381.0,363.545,,,0.3454,0.6546,,True,completed
1386,car,1191.0,1772.0,581.0,,1403.388,20.0,351.0,230.0,437.224,,,0.6041,0.3959,,True,completed
1871,car,1636.0,1773.0,137.0,,975.789,6.0,23.0,114.0,45.465,,,0.1679,0.8321,,True,completed
1027,car,1470.0,1774.0,304.0,,984.112,34.0,102.0,202.0,214.016,,,0.3355,0.6645,,True,completed
1184,car,1081.0,1775.0,694.0,,2691.814,19.0,228.0,466.0,437.954,,,0.3285,0.6715,,True,completed
685,truck,785.0,1775.0,990.0,,2055.241,58.0,565.0,425.0,741.939,,,0.5707,0.4293,,True,completed
1326,car,1154.0,1776.0,622.0,,2583.702,0.0,267.0,355.0,344.447,,,0.4293,0.5707,,True,completed
1409,car,1208.0,1777.0,569.0,,2060.245,37.0,193.0,376.0,378.873,,,0.3392,0.6608,,True,completed
1649,car,1405.0,1778.0,373.0,,1608.952,60.0,136.0,237.0,226.526,,,0.3646,0.6354,,True,completed
1188,car,1082.0,1779.0,697.0,,2527.972,23.0,317.0,380.0,466.559,,,0.4548,0.5452,,True,completed
1080,truck,1029.0,1780.0,751.0,,2531.727,0.0,278.0,473.0,441.671,,,0.3702,0.6298,,True,completed
871,car,918.0,1780.0,862.0,,2681.601,34.0,395.0,467.0,617.269,,,0.4582,0.5418,,True,completed
1238,car,1111.0,1781.0,670.0,,1221.76,48.0,350.0,320.0,541.196,,,0.5224,0.4776,,True,completed
1489,car,1267.0,1782.0,515.0,,1677.312,47.0,215.0,300.0,362.544,,,0.4175,0.5825,,True,completed
1106,car,1041.0,1783.0,742.0,,2428.284,2.0,391.0,351.0,521.706,,,0.527,0.473,,True,completed
1407,car,1205.0,1783.0,578.0,,2012.068,14.0,241.0,337.0,391.767,,,0.417,0.583,,True,completed
1755,truck,1490.0,1784.0,294.0,,2093.684,9.0,21.0,273.0,41.657,,,0.0714,0.9286,,True,completed
1454,car,1233.0,1785.0,552.0,,2439.346,0.0,263.0,289.0,329.759,,,0.4764,0.5236,,True,completed
1741,car,1476.0,1785.0,309.0,,1153.179,31.0,99.0,210.0,204.213,,,0.3204,0.6796,,True,completed
1598,car,1365.0,1786.0,421.0,,1625.948,53.0,147.0,274.0,268.197,,,0.3492,0.6508,,True,completed
1640,truck,1398.0,1786.0,388.0,,2094.497,40.0,52.0,336.0,135.075,,,0.134,0.866,,True,completed
1634,car,1392.0,1788.0,396.0,,1500.067,49.0,147.0,249.0,258.182,,,0.3712,0.6288,,True,completed
1494,car,1272.0,1791.0,519.0,,1717.309,14.0,284.0,235.0,359.688,,,0.5472,0.4528,,True,completed
1639,car,1396.0,1791.0,395.0,,1490.407,32.0,137.0,258.0,252.798,,,0.3468,0.6532,,True,completed
1243,car,1116.0,1792.0,676.0,,2120.104,26.0,367.0,309.0,479.099,,,0.5429,0.4571,,True,completed
1641,car,1398.0,1792.0,394.0,,2346.901,0.0,109.0,285.0,176.553,,,0.2766,0.7234,,True,completed
1673,car,1423.0,1794.0,371.0,,1304.168,52.0,156.0,215.0,252.111,,,0.4205,0.5795,,True,completed
1161,car,1069.0,1796.0,727.0,,619.105,72.0,589.0,138.0,642.256,,,0.8102,0.1898,,True,completed
1964,car,1740.0,1796.0,56.0,,307.372,11.0,11.0,45.0,17.136,,,0.1964,0.8036,,True,completed
891,car,926.0,1796.0,870.0,,2675.614,50.0,405.0,465.0,626.442,,,0.4655,0.5345,,True,completed
1417,car,1213.0,1798.0,585.0,,2256.202,44.0,254.0,331.0,379.846,,,0.4342,0.5658,,True,completed
1177,car,1076.0,1799.0,723.0,,1643.029,49.0,347.0,376.0,560.948,,,0.4799,0.5201,,True,completed
1341,car,1162.0,1799.0,637.0,,2652.52,37.0,229.0,408.0,393.956,,,0.3595,0.6405,,True,completed
1511,car,1289.0,1800.0,511.0,,1920.878,48.0,227.0,284.0,336.175,,,0.4442,0.5558,,True,completed
1886,car,1652.0,1800.0,148.0,,740.909,38.0,38.0,110.0,80.318,,,0.2568,0.7432,,True,completed
981,car,973.0,1800.0,827.0,,3388.363,41.0,319.0,508.0,515.385,,,0.3857,0.6143,,True,completed
1001,car,986.0,,814.0,,773.979,77.0,655.0,159.0,734.791,,,0.8047,0.1953,,False,on_map_at_end
1006,car,989.0,,811.0,,766.478,77.0,651.0,160.0,734.057,,,0.8027,0.1973,,False,on_map_at_end
1007,car,990.0,,810.0,,1979.015,65.0,391.0,419.0,627.317,,,0.4827,0.5173,,False,on_map_at_end
1011,car,991.0,,809.0,,619.509,55.0,643.0,166.0,728.779,,,0.7948,0.2052,,False,on_map_at_end
1017,car,995.0,,805.0,,1418.142,100.0,589.0,216.0,662.232,,,0.7317,0.2683,,False,on_map_at_end
1018,car,997.0,,803.0,,849.916,100.0,644.0,159.0,684.011,,,0.802,0.198,,False,on_map_at_end
1024,car,1000.0,,800.0,,523.584,72.0,672.0,128.0,730.829,,,0.84,0.16,,False,on_map_at_end
1028,car,1222.0,,578.0,,966.221,100.0,412.0,166.0,472.35,,,0.7128,0.2872,,False,on_map_at_end
1029,car,1001.0,,799.0,,866.768,100.0,689.0,110.0,715.626,,,0.8623,0.1377,,False,on_map_at_end
1038,car,1007.0,,793.0,,751.476,74.0,640.0,153.0,719.868,,,0.8071,0.1929,,False,on_map_at_end
1039,car,1558.0,,242.0,,881.284,34.0,77.0,165.0,160.319,,,0.3182,0.6818,,False,on_map_at_end
1040,truck,1008.0,,792.0,,1561.176,17.0,437.0,355.0,604.477,,,0.5518,0.4482,,False,on_map_at_end
1041,car,1008.0,,792.0,,859.267,100.0,681.0,111.0,707.849,,,0.8598,0.1402,,False,on_map_at_end
1042,car,1034.0,,766.0,,424.019,100.0,695.0,71.0,720.667,,,0.9073,0.0927,,False,on_map_at_end
1046,car,1010.0,,790.0,,743.975,74.0,637.0,153.0,714.346,,,0.8063,0.1937,,False,on_map_at_end
1049,car,1011.0,,789.0,,516.026,56.0,652.0,137.0,733.563,,,0.8264,0.1736,,False,on_map_at_end
1052,car,1012.0,,788.0,,1980.815,100.0,536.0,252.0,609.115,,,0.6802,0.3198,,False,on_map_at_end
1059,car,1016.0,,784.0,,842.415,100.0,635.0,149.0,670.919,,,0.8099,0.1901,,False,on_map_at_end
1065,truck,1019.0,,781.0,,1390.369,100.0,564.0,217.0,613.79,,,0.7222,0.2778,,False,on_map_at_end
1069,car,1022.0,,778.0,,1377.329,61.0,409.0,369.0,638.679,,,0.5257,0.4743,,False,on_map_at_end
1070,truck,1023.0,,777.0,,510.084,71.0,647.0,130.0,715.52,,,0.8327,0.1673,,False,on_map_at_end
1071,car,1024.0,,776.0,,1541.365,100.0,543.0,233.0,621.255,,,0.6997,0.3003,,False,on_map_at_end
1072,car,1024.0,,776.0,,1382.868,100.0,554.0,222.0,650.896,,,0.7139,0.2861,,False,on_map_at_end
1077,car,1028.0,,772.0,,1862.514,64.0,379.0,393.0,602.799,,,0.4909,0.5091,,False,on_map_at_end
1081,car,1034.0,,766.0,,405.569,100.0,692.0,74.0,725.411,,,0.9034,0.0966,,False,on_map_at_end
1085,truck,1030.0,,770.0,,1801.15,74.0,367.0,403.0,553.716,,,0.4766,0.5234,,False,on_map_at_end
1086,car,1030.0,,770.0,,2482.263,53.0,396.0,374.0,544.534,,,0.5143,0.4857,,False,on_map_at_end
1088,car,1032.0,,768.0,,1859.858,53.0,386.0,382.0,598.686,,,0.5026,0.4974,,False,on_map_at_end
1089,car,1032.0,,768.0,,1509.307,100.0,463.0,305.0,631.132,,,0.6029,0.3971,,False,on_map_at_end
1093,car,1035.0,,765.0,,1649.406,64.0,363.0,402.0,550.427,,,0.4745,0.5255,,False,on_map_at_end
1094,car,1708.0,,92.0,,394.449,40.0,40.0,52.0,56.499,,,0.4348,0.5652,,False,on_map_at_end
1098,car,1037.0,,763.0,,2321.927,77.0,327.0,436.0,548.049,,,0.4286,0.5714,,False,on_map_at_end
1104,car,1040.0,,760.0,,736.474,74.0,607.0,153.0,690.779,,,0.7987,0.2013,,False,on_map_at_end
1105,truck,1040.0,,760.0,,2382.056,60.0,310.0,450.0,474.039,,,0.4079,0.5921,,False,on_map_at_end
1109,car,1042.0,,758.0,,2428.819,100.0,388.0,370.0,537.174,,,0.5119,0.4881,,False,on_map_at_end
1112,car,1043.0,,757.0,,728.973,82.0,603.0,154.0,685.36,,,0.7966,0.2034,,False,on_map_at_end
1114,car,1044.0,,756.0,,1369.748,57.0,377.0,379.0,622.301,,,0.4987,0.5013,,False,on_map_at_end
1115,truck,1044.0,,756.0,,2316.385,70.0,395.0,361.0,477.307,,,0.5225,0.4775,,False,on_map_at_end
1124,car,1049.0,,751.0,,1345.363,100.0,548.0,203.0,629.041,,,0.7297,0.2703,,False,on_map_at_end
1125,truck,1049.0,,751.0,,1136.329,100.0,578.0,173.0,614.161,,,0.7696,0.2304,,False,on_map_at_end
1126,car,1049.0,,751.0,,1619.345,61.0,361.0,390.0,556.76,,,0.4807,0.5193,,False,on_map_at_end
1127,car,1049.0,,751.0,,836.217,100.0,601.0,150.0,664.941,,,0.8003,0.1997,,False,on_map_at_end
1128,car,1050.0,,750.0,,1582.842,100.0,391.0,359.0,589.645,,,0.5213,0.4787,,False,on_map_at_end
1131,car,1051.0,,749.0,,1609.448,65.0,378.0,371.0,556.846,,,0.5047,0.4953,,False,on_map_at_end
1132,car,1051.0,,749.0,,2604.471,90.0,438.0,311.0,511.885,,,0.5848,0.4152,,False,on_map_at_end
1135,truck,1055.0,,745.0,,1572.707,70.0,374.0,371.0,532.936,,,0.502,0.498,,False,on_map_at_end
1141,car,1055.0,,745.0,,1045.191,98.0,488.0,257.0,649.742,,,0.655,0.345,,False,on_map_at_end
1142,car,1055.0,,745.0,,2778.414,53.0,392.0,353.0,488.165,,,0.5262,0.4738,,False,on_map_at_end
1144,car,1056.0,,744.0,,721.472,78.0,581.0,163.0,673.259,,,0.7809,0.2191,,False,on_map_at_end
1150,truck,1062.0,,738.0,,1687.661,57.0,377.0,361.0,535.209,,,0.5108,0.4892,,False,on_map_at_end
1152,car,1063.0,,737.0,,2325.316,36.0,335.0,402.0,524.121,,,0.4545,0.5455,,False,on_map_at_end
1155,truck,1066.0,,734.0,,1960.457,89.0,442.0,292.0,497.667,,,0.6022,0.3978,,False,on_map_at_end
1157,car,1067.0,,733.0,,1334.243,63.0,366.0,367.0,600.288,,,0.4993,0.5007,,False,on_map_at_end
1158,car,1067.0,,733.0,,713.971,75.0,576.0,157.0,664.953,,,0.7858,0.2142,,False,on_map_at_end
1163,car,1071.0,,729.0,,502.399,72.0,591.0,138.0,654.122,,,0.8107,0.1893,,False,on_map_at_end
1164,car,1069.0,,731.0,,819.912,100.0,551.0,180.0,600.654,,,0.7538,0.2462,,False,on_map_at_end
1165,truck,1071.0,,729.0,,1666.57,63.0,374.0,355.0,528.325,,,0.513,0.487,,False,on_map_at_end
1168,car,1072.0,,728.0,,1570.199,68.0,388.0,340.0,585.18,,,0.533,0.467,,False,on_map_at_end
1169,car,1072.0,,728.0,,2580.373,78.0,399.0,329.0,495.233,,,0.5481,0.4519,,False,on_map_at_end
1170,truck,1073.0,,727.0,,1954.813,100.0,427.0,300.0,492.071,,,0.5873,0.4127,,False,on_map_at_end
1171,car,1525.0,,275.0,,677.406,82.0,155.0,120.0,201.314,,,0.5636,0.4364,,False,on_map_at_end
1176,car,1076.0,,724.0,,1337.862,100.0,526.0,198.0,602.918,,,0.7265,0.2735,,False,on_map_at_end
1183,car,1080.0,,720.0,,706.469,74.0,568.0,152.0,653.41,,,0.7889,0.2111,,False,on_map_at_end
1185,truck,1081.0,,719.0,,1568.625,67.0,367.0,352.0,528.664,,,0.5104,0.4896,,False,on_map_at_end
1192,car,1083.0,,717.0,,1016.674,64.0,386.0,331.0,617.834,,,0.5384,0.4616,,False,on_map_at_end
1193,car,1083.0,,717.0,,451.289,90.0,603.0,114.0,655.146,,,0.841,0.159,,False,on_map_at_end
1195,truck,1086.0,,714.0,,438.288,89.0,599.0,115.0,661.384,,,0.8389,0.1611,,False,on_map_at_end
1199,car,1088.0,,712.0,,1440.927,70.0,368.0,344.0,581.476,,,0.5169,0.4831,,False,on_map_at_end
1201,car,1089.0,,711.0,,1724.323,23.0,309.0,402.0,549.056,,,0.4346,0.5654,,False,on_map_at_end
1203,car,1091.0,,709.0,,1394.449,44.0,400.0,309.0,578.237,,,0.5642,0.4358,,False,on_map_at_end
1207,car,1093.0,,707.0,,2298.999,60.0,288.0,419.0,497.749,,,0.4074,0.5926,,False,on_map_at_end
1208,car,1095.0,,705.0,,1323.488,61.0,389.0,316.0,581.622,,,0.5518,0.4482,,False,on_map_at_end
1210,truck,1095.0,,705.0,,1279.406,100.0,475.0,230.0,551.41,,,0.6738,0.3262,,False,on_map_at_end
1213,car,1098.0,,702.0,,668.169,80.0,556.0,146.0,639.422,,,0.792,0.208,,False,on_map_at_end
1222,car,1103.0,,697.0,,2175.815,60.0,325.0,372.0,494.599,,,0.4663,0.5337,,False,on_map_at_end
1223,car,1103.0,,697.0,,1897.036,100.0,425.0,272.0,525.186,,,0.6098,0.3902,,False,on_map_at_end
1225,truck,1106.0,,694.0,,1175.624,100.0,407.0,287.0,551.122,,,0.5865,0.4135,,False,on_map_at_end
1226,car,1105.0,,695.0,,1319.241,47.0,373.0,322.0,569.98,,,0.5367,0.4633,,False,on_map_at_end
1227,car,1105.0,,695.0,,791.909,100.0,520.0,175.0,569.527,,,0.7482,0.2518,,False,on_map_at_end
1230,truck,1107.0,,693.0,,1548.482,76.0,334.0,359.0,507.108,,,0.482,0.518,,False,on_map_at_end
1235,truck,1109.0,,691.0,,1440.277,58.0,337.0,354.0,490.638,,,0.4877,0.5123,,False,on_map_at_end
1239,car,1114.0,,686.0,,1281.058,42.0,361.0,325.0,563.746,,,0.5262,0.4738,,False,on_map_at_end
1248,car,1115.0,,685.0,,771.407,98.0,490.0,195.0,544.717,,,0.7153,0.2847,,False,on_map_at_end
1249,car,1115.0,,685.0,,2300.802,15.0,380.0,305.0,466.962,,,0.5547,0.4453,,False,on_map_at_end
1250,truck,1115.0,,685.0,,300.167,87.0,589.0,96.0,648.966,,,0.8599,0.1401,,False,on_map_at_end
1253,car,1117.0,,683.0,,1271.905,100.0,461.0,222.0,568.527,,,0.675,0.325,,False,on_map_at_end
1255,truck,1118.0,,682.0,,1130.355,99.0,407.0,275.0,545.719,,,0.5968,0.4032,,False,on_map_at_end
1257,car,1118.0,,682.0,,1176.848,100.0,497.0,185.0,569.639,,,0.7287,0.2713,,False,on_map_at_end
1258,car,1120.0,,680.0,,386.514,100.0,612.0,68.0,641.125,,,0.9,0.1,,False,on_map_at_end
1261,car,1122.0,,678.0,,354.231,71.0,523.0,155.0,639.802,,,0.7714,0.2286,,False,on_map_at_end
1263,car,1122.0,,678.0,,660.668,80.0,524.0,154.0,614.041,,,0.7729,0.2271,,False,on_map_at_end
1264,car,1123.0,,677.0,,1882.034,100.0,417.0,260.0,506.137,,,0.616,0.384,,False,on_map_at_end
1266,car,1123.0,,677.0,,1266.056,35.0,350.0,327.0,547.899,,,0.517,0.483,,False,on_map_at_end
1267,car,1124.0,,676.0,,1264.404,100.0,449.0,227.0,562.203,,,0.6642,0.3358,,False,on_map_at_end
1269,car,1124.0,,676.0,,2455.508,0.0,281.0,395.0,450.959,,,0.4157,0.5843,,False,on_map_at_end
1270,truck,1125.0,,675.0,,647.667,82.0,513.0,162.0,597.204,,,0.76,0.24,,False,on_map_at_end
1272,car,1126.0,,674.0,,279.838,59.0,547.0,127.0,643.607,,,0.8116,0.1884,,False,on_map_at_end
1277,car,1131.0,,669.0,,1358.139,49.0,475.0,194.0,533.354,,,0.71,0.29,,False,on_map_at_end
1278,car,1131.0,,669.0,,1902.786,49.0,398.0,271.0,492.524,,,0.5949,0.4051,,False,on_map_at_end
1279,car,1132.0,,668.0,,229.321,50.0,550.0,118.0,643.387,,,0.8234,0.1766,,False,on_map_at_end
1280,truck,1132.0,,668.0,,2485.802,92.0,283.0,385.0,366.35,,,0.4237,0.5763,,False,on_map_at_end
1281,car,1133.0,,667.0,,1511.017,22.0,418.0,249.0,521.929,,,0.6267,0.3733,,False,on_map_at_end
1284,car,1133.0,,667.0,,399.453,100.0,590.0,77.0,623.709,,,0.8846,0.1154,,False,on_map_at_end
1285,truck,1134.0,,666.0,,1216.268,33.0,350.0,316.0,519.446,,,0.5255,0.4745,,False,on_map_at_end
1288,car,1137.0,,663.0,,1274.071,32.0,352.0,311.0,541.359,,,0.5309,0.4691,,False,on_map_at_end
1289,car,1139.0,,661.0,,1466.376,74.0,426.0,235.0,517.068,,,0.6445,0.3555,,False,on_map_at_end
1290,truck,1139.0,,661.0,,872.009,58.0,382.0,279.0,556.021,,,0.5779,0.4221,,False,on_map_at_end
1292,car,1141.0,,659.0,,1299.958,53.0,347.0,312.0,537.897,,,0.5266,0.4734,,False,on_map_at_end
1296,car,1143.0,,657.0,,635.495,100.0,436.0,221.0,592.608,,,0.6636,0.3364,,False,on_map_at_end
1297,car,1227.0,,573.0,,936.556,49.0,376.0,197.0,483.769,,,0.6562,0.3438,,False,on_map_at_end
1301,car,1145.0,,655.0,,640.166,79.0,497.0,158.0,593.176,,,0.7588,0.2412,,False,on_map_at_end
1302,car,1145.0,,655.0,,1926.103,43.0,272.0,383.0,470.388,,,0.4153,0.5847,,False,on_map_at_end
1303,car,1145.0,,655.0,,1921.329,93.0,420.0,235.0,480.138,,,0.6412,0.3588,,False,on_map_at_end
1305,truck,1146.0,,654.0,,808.761,100.0,523.0,131.0,556.149,,,0.7997,0.2003,,False,on_map_at_end
1309,car,1146.0,,654.0,,1104.127,72.0,379.0,275.0,552.878,,,0.5795,0.4205,,False,on_map_at_end
1311,car,1147.0,,653.0,,214.24,50.0,548.0,105.0,629.828,,,0.8392,0.1608,,False,on_map_at_end
1313,car,1147.0,,653.0,,632.665,77.0,486.0,167.0,591.902,,,0.7443,0.2557,,False,on_map_at_end
1314,car,1149.0,,651.0,,1221.399,100.0,426.0,225.0,541.073,,,0.6544,0.3456,,False,on_map_at_end
1315,truck,1149.0,,651.0,,602.539,80.0,476.0,175.0,578.247,,,0.7312,0.2688,,False,on_map_at_end
1317,car,1150.0,,650.0,,1565.588,100.0,375.0,275.0,508.509,,,0.5769,0.4231,,False,on_map_at_end
1318,car,1150.0,,650.0,,1601.175,100.0,415.0,235.0,505.482,,,0.6385,0.3615,,False,on_map_at_end
1320,truck,1151.0,,649.0,,589.538,79.0,470.0,179.0,578.195,,,0.7242,0.2758,,False,on_map_at_end
1321,car,1151.0,,649.0,,1221.225,100.0,395.0,254.0,534.782,,,0.6086,0.3914,,False,on_map_at_end
1322,car,1153.0,,647.0,,582.037,78.0,461.0,186.0,593.459,,,0.7125,0.2875,,False,on_map_at_end
1324,car,1152.0,,648.0,,187.336,54.0,549.0,99.0,626.84,,,0.8472,0.1528,,False,on_map_at_end
1327,car,1155.0,,645.0,,548.654,100.0,434.0,211.0,595.621,,,0.6729,0.3271,,False,on_map_at_end
1328,car,1156.0,,644.0,,801.26,100.0,520.0,124.0,567.685,,,0.8075,0.1925,,False,on_map_at_end
1329,car,1156.0,,644.0,,1285.884,100.0,352.0,292.0,522.197,,,0.5466,0.4534,,False,on_map_at_end
1330,truck,1156.0,,644.0,,1773.072,100.0,348.0,296.0,431.142,,,0.5404,0.4596,,False,on_map_at_end
1331,car,1156.0,,644.0,,1863.921,100.0,358.0,286.0,474.623,,,0.5559,0.4441,,False,on_map_at_end
1333,car,1158.0,,642.0,,1787.818,64.0,368.0,274.0,469.449,,,0.5732,0.4268,,False,on_map_at_end
1335,truck,1219.0,,581.0,,894.804,45.0,386.0,195.0,473.345,,,0.6644,0.3356,,False,on_map_at_end
1339,car,1161.0,,639.0,,1425.275,54.0,316.0,323.0,466.434,,,0.4945,0.5055,,False,on_map_at_end
1346,car,1164.0,,636.0,,1653.498,84.0,381.0,255.0,481.734,,,0.5991,0.4009,,False,on_map_at_end
1347,car,1165.0,,635.0,,2644.362,37.0,215.0,420.0,393.8,,,0.3386,0.6614,,False,on_map_at_end
1349,car,1166.0,,634.0,,2206.889,25.0,334.0,300.0,422.897,,,0.5268,0.4732,,False,on_map_at_end
1351,car,1167.0,,633.0,,1136.962,100.0,480.0,153.0,530.343,,,0.7583,0.2417,,False,on_map_at_end
1355,truck,1173.0,,627.0,,780.758,100.0,497.0,130.0,532.842,,,0.7927,0.2073,,False,on_map_at_end
1356,car,1173.0,,627.0,,417.786,86.0,522.0,105.0,572.94,,,0.8325,0.1675,,False,on_map_at_end
1357,car,1175.0,,625.0,,2333.829,62.0,243.0,382.0,412.874,,,0.3888,0.6112,,False,on_map_at_end
1359,car,1177.0,,623.0,,1417.773,53.0,306.0,317.0,457.67,,,0.4912,0.5088,,False,on_map_at_end
1360,truck,1177.0,,623.0,,404.785,87.0,520.0,103.0,573.001,,,0.8347,0.1653,,False,on_map_at_end
1361,car,1177.0,,623.0,,1533.864,100.0,399.0,224.0,472.839,,,0.6404,0.3596,,False,on_map_at_end
1363,car,1178.0,,622.0,,638.92,72.0,441.0,181.0,563.14,,,0.709,0.291,,False,on_map_at_end
1365,truck,1180.0,,620.0,,1715.826,57.0,254.0,366.0,413.973,,,0.4097,0.5903,,False,on_map_at_end
1366,car,1181.0,,619.0,,2435.845,100.0,294.0,325.0,399.499,,,0.475,0.525,,False,on_map_at_end
1367,car,1181.0,,619.0,,593.4,33.0,500.0,119.0,557.349,,,0.8078,0.1922,,False,on_map_at_end
1370,truck,1183.0,,617.0,,1459.182,91.0,321.0,296.0,441.773,,,0.5203,0.4797,,False,on_map_at_end
1371,car,1184.0,,616.0,,1535.408,73.0,281.0,335.0,470.523,,,0.4562,0.5438,,False,on_map_at_end
1375,truck,1186.0,,614.0,,1835.598,22.0,262.0,352.0,392.862,,,0.4267,0.5733,,False,on_map_at_end
1376,car,1187.0,,613.0,,123.079,84.0,539.0,74.0,593.913,,,0.8793,0.1207,,False,on_map_at_end
1379,car,1188.0,,612.0,,1551.338,60.0,267.0,345.0,472.167,,,0.4363,0.5637,,False,on_map_at_end
1380,truck,1190.0,,610.0,,110.078,84.0,536.0,74.0,596.61,,,0.8787,0.1213,,False,on_map_at_end
1382,car,1190.0,,610.0,,1590.37,52.0,380.0,230.0,456.585,,,0.623,0.377,,False,on_map_at_end
1383,car,1190.0,,610.0,,1138.103,100.0,326.0,284.0,507.343,,,0.5344,0.4656,,False,on_map_at_end
1385,truck,1193.0,,607.0,,97.077,83.0,534.0,73.0,595.339,,,0.8797,0.1203,,False,on_map_at_end
1391,car,1194.0,,606.0,,2365.541,92.0,284.0,322.0,375.28,,,0.4686,0.5314,,False,on_map_at_end
1392,car,1195.0,,605.0,,89.576,83.0,531.0,74.0,594.958,,,0.8777,0.1223,,False,on_map_at_end
1393,car,1195.0,,605.0,,1395.243,50.0,300.0,305.0,439.004,,,0.4959,0.5041,,False,on_map_at_end
1400,truck,1201.0,,599.0,,547.409,78.0,413.0,186.0,533.285,,,0.6895,0.3105,,False,on_map_at_end
1401,car,1202.0,,598.0,,1418.893,46.0,387.0,211.0,466.591,,,0.6472,0.3528,,False,on_map_at_end
1403,car,1203.0,,597.0,,1379.265,48.0,298.0,299.0,431.096,,,0.4992,0.5008,,False,on_map_at_end
1404,car,1203.0,,597.0,,765.756,96.0,475.0,122.0,520.911,,,0.7956,0.2044,,False,on_map_at_end
1405,truck,1204.0,,596.0,,665.587,72.0,383.0,213.0,515.95,,,0.6426,0.3574,,False,on_map_at_end
1410,truck,1209.0,,591.0,,631.238,100.0,436.0,155.0,515.221,,,0.7377,0.2623,,False,on_map_at_end
1411,car,1209.0,,591.0,,1664.045,0.0,340.0,251.0,423.886,,,0.5753,0.4247,,False,on_map_at_end
1414,car,1212.0,,588.0,,1372.295,66.0,297.0,291.0,463.293,,,0.5051,0.4949,,False,on_map_at_end
1415,truck,1215.0,,585.0,,1847.018,52.0,291.0,294.0,362.672,,,0.4974,0.5026,,False,on_map_at_end
1419,car,1213.0,,587.0,,2255.548,57.0,237.0,350.0,383.174,,,0.4037,0.5963,,False,on_map_at_end
1421,car,1214.0,,586.0,,539.908,76.0,408.0,178.0,537.408,,,0.6962,0.3038,,False,on_map_at_end
1422,car,1214.0,,586.0,,1441.176,57.0,324.0,262.0,454.957,,,0.5529,0.4471,,False,on_map_at_end
1423,car,1215.0,,585.0,,1319.24,68.0,295.0,290.0,414.804,,,0.5043,0.4957,,False,on_map_at_end
1424,car,1215.0,,585.0,,658.086,71.0,375.0,210.0,511.243,,,0.641,0.359,,False,on_map_at_end
1425,truck,1216.0,,584.0,,526.906,75.0,405.0,179.0,520.746,,,0.6935,0.3065,,False,on_map_at_end
1426,car,1215.0,,585.0,,1691.206,67.0,329.0,256.0,431.26,,,0.5624,0.4376,,False,on_map_at_end
1428,car,1218.0,,582.0,,1222.49,9.0,363.0,219.0,468.049,,,0.6237,0.3763,,False,on_map_at_end
1429,car,1218.0,,582.0,,519.385,75.0,399.0,183.0,535.255,,,0.6856,0.3144,,False,on_map_at_end
1430,truck,1219.0,,581.0,,1456.179,59.0,244.0,337.0,406.09,,,0.42,0.58,,False,on_map_at_end
1431,car,1220.0,,580.0,,1625.709,66.0,322.0,258.0,432.826,,,0.5552,0.4448,,False,on_map_at_end
1432,car,1219.0,,581.0,,2006.664,16.0,217.0,364.0,398.166,,,0.3735,0.6265,,False,on_map_at_end
1436,car,1220.0,,580.0,,973.306,67.0,399.0,181.0,488.803,,,0.6879,0.3121,,False,on_map_at_end
1437,car,1221.0,,579.0,,577.487,94.0,422.0,157.0,522.461,,,0.7288,0.2712,,False,on_map_at_end
1439,car,1221.0,,579.0,,1494.58,100.0,335.0,244.0,444.486,,,0.5786,0.4214,,False,on_map_at_end
1440,truck,1222.0,,578.0,,76.575,82.0,509.0,69.0,568.807,,,0.8806,0.1194,,False,on_map_at_end
1442,car,1224.0,,576.0,,650.585,68.0,364.0,212.0,512.122,,,0.6319,0.3681,,False,on_map_at_end
1444,car,1225.0,,575.0,,1714.139,68.0,363.0,212.0,417.354,,,0.6313,0.3687,,False,on_map_at_end
1446,car,1227.0,,573.0,,643.084,65.0,365.0,208.0,504.807,,,0.637,0.363,,False,on_map_at_end
1447,car,1227.0,,573.0,,1356.128,100.0,353.0,220.0,444.572,,,0.6161,0.3839,,False,on_map_at_end
1453,car,1232.0,,568.0,,2393.346,7.0,242.0,326.0,350.532,,,0.4261,0.5739,,False,on_map_at_end
1455,truck,1233.0,,567.0,,1788.287,0.0,210.0,357.0,352.32,,,0.3704,0.6296,,False,on_map_at_end
1456,car,1234.0,,566.0,,532.769,100.0,417.0,149.0,514.226,,,0.7367,0.2633,,False,on_map_at_end
1458,car,1236.0,,564.0,,1397.38,89.0,304.0,260.0,436.738,,,0.539,0.461,,False,on_map_at_end
1459,car,1238.0,,562.0,,69.074,82.0,490.0,72.0,554.26,,,0.8719,0.1281,,False,on_map_at_end
1461,car,1239.0,,561.0,,635.583,62.0,347.0,214.0,496.839,,,0.6185,0.3815,,False,on_map_at_end
1463,car,1239.0,,561.0,,1213.898,100.0,348.0,213.0,451.748,,,0.6203,0.3797,,False,on_map_at_end
1464,car,1240.0,,560.0,,1206.396,99.0,344.0,216.0,451.423,,,0.6143,0.3857,,False,on_map_at_end
1469,car,1245.0,,555.0,,1673.144,65.0,296.0,259.0,403.405,,,0.5333,0.4667,,False,on_map_at_end
1470,truck,1249.0,,551.0,,1503.019,8.0,310.0,241.0,370.566,,,0.5626,0.4374,,False,on_map_at_end
1471,car,1249.0,,551.0,,1682.709,31.0,256.0,295.0,398.761,,,0.4646,0.5354,,False,on_map_at_end
1472,car,1249.0,,551.0,,272.164,86.0,478.0,73.0,521.222,,,0.8675,0.1325,,False,on_map_at_end
1473,car,1251.0,,549.0,,1356.74,59.0,306.0,243.0,426.077,,,0.5574,0.4426,,False,on_map_at_end
1474,car,1251.0,,549.0,,1305.255,73.0,279.0,270.0,393.154,,,0.5082,0.4918,,False,on_map_at_end
1477,car,1255.0,,545.0,,612.409,64.0,344.0,201.0,478.839,,,0.6312,0.3688,,False,on_map_at_end
1478,car,1256.0,,544.0,,1630.416,88.0,261.0,283.0,396.955,,,0.4798,0.5202,,False,on_map_at_end
1479,car,1256.0,,544.0,,728.402,91.0,395.0,149.0,437.405,,,0.7261,0.2739,,False,on_map_at_end
1482,car,1262.0,,538.0,,1557.467,53.0,251.0,287.0,396.05,,,0.4665,0.5335,,False,on_map_at_end
1484,car,1264.0,,536.0,,1623.027,91.0,340.0,196.0,388.057,,,0.6343,0.3657,,False,on_map_at_end
1490,truck,1268.0,,532.0,,1541.803,6.0,207.0,325.0,346.91,,,0.3891,0.6109,,False,on_map_at_end
1491,car,1269.0,,531.0,,1820.594,3.0,185.0,346.0,365.963,,,0.3484,0.6516,,False,on_map_at_end
1492,car,1269.0,,531.0,,1451.574,98.0,315.0,216.0,400.346,,,0.5932,0.4068,,False,on_map_at_end
1497,car,1275.0,,525.0,,376.782,86.0,435.0,90.0,481.717,,,0.8286,0.1714,,False,on_map_at_end
1498,car,1289.0,,511.0,,2203.041,55.0,166.0,345.0,310.534,,,0.3249,0.6751,,False,on_map_at_end
1499,car,1278.0,,522.0,,561.897,52.0,314.0,208.0,457.538,,,0.6015,0.3985,,False,on_map_at_end
1500,truck,1280.0,,520.0,,1630.323,4.0,258.0,262.0,324.191,,,0.4962,0.5038,,False,on_map_at_end
1501,car,1282.0,,518.0,,635.823,98.0,306.0,212.0,460.488,,,0.5907,0.4093,,False,on_map_at_end
1502,car,1283.0,,517.0,,1511.227,25.0,295.0,222.0,380.068,,,0.5706,0.4294,,False,on_map_at_end
1503,car,1282.0,,518.0,,1700.097,40.0,207.0,311.0,361.45,,,0.3996,0.6004,,False,on_map_at_end
1504,car,1284.0,,516.0,,2226.547,38.0,192.0,324.0,313.422,,,0.3721,0.6279,,False,on_map_at_end
1505,truck,1284.0,,516.0,,1189.389,85.0,303.0,213.0,370.755,,,0.5872,0.4128,,False,on_map_at_end
1507,car,1284.0,,516.0,,1299.378,72.0,294.0,222.0,397.576,,,0.5698,0.4302,,False,on_map_at_end
1508,car,1285.0,,515.0,,445.928,100.0,373.0,142.0,474.866,,,0.7243,0.2757,,False,on_map_at_end
1510,truck,1287.0,,513.0,,259.163,86.0,437.0,76.0,481.888,,,0.8519,0.1481,,False,on_map_at_end
1512,car,1294.0,,506.0,,2175.64,53.0,165.0,341.0,308.437,,,0.3261,0.6739,,False,on_map_at_end
1513,car,1290.0,,510.0,,745.254,95.0,399.0,111.0,439.98,,,0.7824,0.2176,,False,on_map_at_end
1514,car,1291.0,,509.0,,511.478,76.0,361.0,148.0,462.966,,,0.7092,0.2908,,False,on_map_at_end
1515,truck,1291.0,,509.0,,2257.355,81.0,182.0,327.0,238.009,,,0.3576,0.6424,,False,on_map_at_end
1516,car,1291.0,,509.0,,814.769,58.0,341.0,168.0,405.327,,,0.6699,0.3301,,False,on_map_at_end
1517,car,1291.0,,509.0,,778.51,85.0,378.0,131.0,426.641,,,0.7426,0.2574,,False,on_map_at_end
1518,car,1293.0,,507.0,,720.9,89.0,359.0,148.0,402.46,,,0.7081,0.2919,,False,on_map_at_end
1520,truck,1296.0,,504.0,,1329.199,100.0,260.0,244.0,344.254,,,0.5159,0.4841,,False,on_map_at_end
1522,car,1300.0,,500.0,,369.281,86.0,412.0,88.0,461.85,,,0.824,0.176,,False,on_map_at_end
1523,car,1300.0,,500.0,,61.573,80.0,425.0,75.0,493.435,,,0.85,0.15,,False,on_map_at_end
1525,truck,1301.0,,499.0,,868.885,56.0,245.0,254.0,394.692,,,0.491,0.509,,False,on_map_at_end
1526,car,1301.0,,499.0,,2317.18,43.0,161.0,338.0,287.197,,,0.3226,0.6774,,False,on_map_at_end
1528,car,1306.0,,494.0,,428.876,100.0,359.0,135.0,455.401,,,0.7267,0.2733,,False,on_map_at_end
1529,car,1306.0,,494.0,,1365.424,56.0,214.0,280.0,370.826,,,0.4332,0.5668,,False,on_map_at_end
1530,truck,1307.0,,493.0,,2088.435,43.0,150.0,343.0,242.06,,,0.3043,0.6957,,False,on_map_at_end
1531,car,1308.0,,492.0,,502.678,77.0,355.0,137.0,446.759,,,0.7215,0.2785,,False,on_map_at_end
1535,truck,1310.0,,490.0,,893.024,77.0,265.0,225.0,382.794,,,0.5408,0.4592,,False,on_map_at_end
1536,car,1311.0,,489.0,,54.072,80.0,410.0,79.0,482.975,,,0.8384,0.1616,,False,on_map_at_end
1540,truck,1316.0,,484.0,,1193.395,99.0,289.0,195.0,340.735,,,0.5971,0.4029,,False,on_map_at_end
1541,car,1317.0,,483.0,,2436.621,0.0,168.0,315.0,258.032,,,0.3478,0.6522,,False,on_map_at_end
1543,car,1318.0,,482.0,,1646.057,84.0,270.0,212.0,333.251,,,0.5602,0.4398,,False,on_map_at_end
1545,truck,1319.0,,481.0,,1144.89,89.0,287.0,194.0,343.558,,,0.5967,0.4033,,False,on_map_at_end
1546,car,1605.0,,195.0,,619.398,69.0,105.0,90.0,138.753,,,0.5385,0.4615,,False,on_map_at_end
1547,car,1321.0,,479.0,,494.336,77.0,343.0,136.0,434.509,,,0.7161,0.2839,,False,on_map_at_end
1548,car,1322.0,,478.0,,1137.389,88.0,282.0,196.0,375.634,,,0.59,0.41,,False,on_map_at_end
1550,truck,1322.0,,478.0,,934.029,86.0,336.0,142.0,365.134,,,0.7029,0.2971,,False,on_map_at_end
1551,car,1323.0,,477.0,,361.78,85.0,385.0,92.0,431.825,,,0.8071,0.1929,,False,on_map_at_end
1553,car,1324.0,,476.0,,1471.442,26.0,219.0,257.0,342.517,,,0.4601,0.5399,,False,on_map_at_end
1555,truck,1327.0,,473.0,,2236.397,43.0,117.0,356.0,203.355,,,0.2474,0.7526,,False,on_map_at_end
1556,car,1328.0,,472.0,,1547.573,94.0,230.0,242.0,286.557,,,0.4873,0.5127,,False,on_map_at_end
1558,car,1329.0,,471.0,,482.191,77.0,333.0,138.0,427.602,,,0.707,0.293,,False,on_map_at_end
1559,car,1329.0,,471.0,,1650.974,51.0,210.0,261.0,321.826,,,0.4459,0.5541,,False,on_map_at_end
1560,truck,1330.0,,470.0,,322.945,94.0,398.0,72.0,429.314,,,0.8468,0.1532,,False,on_map_at_end
1562,car,1332.0,,468.0,,2227.069,60.0,139.0,329.0,266.617,,,0.297,0.703,,False,on_map_at_end
1566,car,1335.0,,465.0,,521.69,49.0,293.0,172.0,408.548,,,0.6301,0.3699,,False,on_map_at_end
1567,car,1336.0,,464.0,,1433.616,47.0,186.0,278.0,328.095,,,0.4009,0.5991,,False,on_map_at_end
1569,car,1338.0,,462.0,,733.027,33.0,318.0,144.0,381.885,,,0.6883,0.3117,,False,on_map_at_end
1570,truck,1339.0,,461.0,,751.629,76.0,252.0,209.0,370.642,,,0.5466,0.4534,,False,on_map_at_end
1571,car,1340.0,,460.0,,2275.775,91.0,214.0,246.0,253.285,,,0.4652,0.5348,,False,on_map_at_end
1572,car,1342.0,,458.0,,2151.394,41.0,141.0,317.0,263.594,,,0.3079,0.6921,,False,on_map_at_end
1573,car,1343.0,,457.0,,2119.283,30.0,139.0,318.0,260.511,,,0.3042,0.6958,,False,on_map_at_end
1574,car,1344.0,,456.0,,940.541,71.0,249.0,207.0,371.35,,,0.5461,0.4539,,False,on_map_at_end
1575,truck,1344.0,,456.0,,461.504,78.0,321.0,135.0,400.597,,,0.7039,0.2961,,False,on_map_at_end
1577,car,1347.0,,453.0,,1269.485,77.0,258.0,195.0,336.671,,,0.5695,0.4305,,False,on_map_at_end
1581,car,1349.0,,451.0,,1631.055,81.0,243.0,208.0,303.322,,,0.5388,0.4612,,False,on_map_at_end
1582,car,1349.0,,451.0,,742.677,100.0,318.0,133.0,371.425,,,0.7051,0.2949,,False,on_map_at_end
1583,car,1350.0,,450.0,,486.349,67.0,300.0,150.0,399.647,,,0.6667,0.3333,,False,on_map_at_end
1584,car,1351.0,,449.0,,1479.783,49.0,180.0,269.0,313.108,,,0.4009,0.5991,,False,on_map_at_end
1585,truck,1351.0,,449.0,,1124.388,87.0,253.0,196.0,314.019,,,0.5635,0.4365,,False,on_map_at_end
1587,car,1352.0,,448.0,,1882.38,31.0,156.0,292.0,276.933,,,0.3482,0.6518,,False,on_map_at_end
1590,truck,1550.0,,250.0,,41.071,78.0,185.0,65.0,245.07,,,0.74,0.26,,False,on_map_at_end
1591,car,1613.0,,187.0,,33.57,79.0,136.0,51.0,183.21,,,0.7273,0.2727,,False,on_map_at_end
1592,car,1355.0,,445.0,,448.672,79.0,317.0,128.0,404.619,,,0.7124,0.2876,,False,on_map_at_end
1593,car,1356.0,,444.0,,241.393,92.0,387.0,57.0,414.902,,,0.8716,0.1284,,False,on_map_at_end
1595,truck,1358.0,,442.0,,498.403,85.0,347.0,95.0,381.751,,,0.7851,0.2149,,False,on_map_at_end
1599,car,1365.0,,435.0,,698.476,66.0,322.0,113.0,361.684,,,0.7402,0.2598,,False,on_map_at_end
1600,truck,1366.0,,434.0,,870.829,88.0,276.0,158.0,328.704,,,0.6359,0.3641,,False,on_map_at_end
1602,car,1367.0,,433.0,,437.282,81.0,311.0,122.0,393.644,,,0.7182,0.2818,,False,on_map_at_end
1604,car,1368.0,,432.0,,859.909,58.0,220.0,212.0,354.251,,,0.5093,0.4907,,False,on_map_at_end
1605,truck,1369.0,,431.0,,335.778,84.0,343.0,88.0,390.645,,,0.7958,0.2042,,False,on_map_at_end
1607,car,1371.0,,429.0,,1077.708,86.0,262.0,167.0,332.005,,,0.6107,0.3893,,False,on_map_at_end
1609,car,1371.0,,429.0,,1564.394,37.0,153.0,276.0,287.768,,,0.3566,0.6434,,False,on_map_at_end
1611,car,1372.0,,428.0,,1614.379,88.0,225.0,203.0,282.386,,,0.5257,0.4743,,False,on_map_at_end
1613,car,1373.0,,427.0,,1242.474,88.0,276.0,151.0,313.455,,,0.6464,0.3536,,False,on_map_at_end
1615,truck,1376.0,,424.0,,1592.243,46.0,132.0,292.0,230.874,,,0.3113,0.6887,,False,on_map_at_end
1617,car,1383.0,,417.0,,885.117,100.0,271.0,146.0,337.339,,,0.6499,0.3501,,False,on_map_at_end
1618,car,1381.0,,419.0,,1071.017,88.0,274.0,145.0,312.244,,,0.6539,0.3461,,False,on_map_at_end
1619,car,1381.0,,419.0,,1306.009,63.0,170.0,249.0,300.174,,,0.4057,0.5943,,False,on_map_at_end
1620,truck,1381.0,,419.0,,1936.411,19.0,109.0,310.0,186.258,,,0.2601,0.7399,,False,on_map_at_end
1621,car,1382.0,,418.0,,605.226,73.0,297.0,121.0,327.995,,,0.7105,0.2895,,False,on_map_at_end
1623,car,1383.0,,417.0,,2093.557,42.0,132.0,285.0,224.283,,,0.3165,0.6835,,False,on_map_at_end
1625,truck,1383.0,,417.0,,1148.2,35.0,202.0,215.0,279.161,,,0.4844,0.5156,,False,on_map_at_end
1626,car,1384.0,,416.0,,328.277,84.0,336.0,80.0,376.332,,,0.8077,0.1923,,False,on_map_at_end
1627,car,1387.0,,413.0,,1217.377,73.0,204.0,209.0,275.157,,,0.4939,0.5061,,False,on_map_at_end
1628,car,1388.0,,412.0,,873.318,78.0,219.0,193.0,332.322,,,0.5316,0.4684,,False,on_map_at_end
1629,car,1389.0,,411.0,,2129.386,32.0,99.0,312.0,217.629,,,0.2409,0.7591,,False,on_map_at_end
1630,truck,1391.0,,409.0,,422.239,82.0,290.0,119.0,358.311,,,0.709,0.291,,False,on_map_at_end
1631,car,1391.0,,409.0,,1350.196,83.0,228.0,181.0,287.02,,,0.5575,0.4425,,False,on_map_at_end
1632,car,1391.0,,409.0,,734.297,83.0,289.0,120.0,330.963,,,0.7066,0.2934,,False,on_map_at_end
1635,truck,1393.0,,407.0,,1227.23,10.0,184.0,223.0,259.673,,,0.4521,0.5479,,False,on_map_at_end
1636,car,1395.0,,405.0,,1070.207,85.0,237.0,168.0,308.68,,,0.5852,0.4148,,False,on_map_at_end
1637,car,1722.0,,78.0,,497.884,24.0,23.0,55.0,31.837,,,0.2949,0.7051,,False,on_map_at_end
1638,car,1395.0,,405.0,,430.534,71.0,275.0,130.0,361.61,,,0.679,0.321,,False,on_map_at_end
1642,car,1398.0,,402.0,,421.292,76.0,274.0,128.0,357.524,,,0.6816,0.3184,,False,on_map_at_end
1643,car,1647.0,,153.0,,26.069,77.0,112.0,41.0,149.867,,,0.732,0.268,,False,on_map_at_end
1646,car,1402.0,,398.0,,705.898,87.0,260.0,138.0,301.226,,,0.6533,0.3467,,False,on_map_at_end
1648,car,1404.0,,396.0,,837.406,52.0,189.0,207.0,320.617,,,0.4773,0.5227,,False,on_map_at_end
1650,truck,1732.0,,68.0,,13.068,47.0,46.0,22.0,66.431,,,0.6765,0.3235,,False,on_map_at_end
1651,car,1740.0,,60.0,,5.567,47.0,46.0,14.0,59.227,,,0.7667,0.2333,,False,on_map_at_end
1653,car,1408.0,,392.0,,964.627,78.0,235.0,157.0,297.636,,,0.5995,0.4005,,False,on_map_at_end
1654,car,1409.0,,391.0,,1571.374,78.0,182.0,209.0,249.23,,,0.4655,0.5345,,False,on_map_at_end
1655,truck,1409.0,,391.0,,408.205,84.0,278.0,113.0,341.996,,,0.711,0.289,,False,on_map_at_end
1656,car,1410.0,,390.0,,400.075,84.0,276.0,114.0,353.993,,,0.7077,0.2923,,False,on_map_at_end
1657,car,1410.0,,390.0,,2364.592,65.0,115.0,275.0,176.819,,,0.2949,0.7051,,False,on_map_at_end
1658,car,1418.0,,382.0,,812.112,38.0,179.0,203.0,308.406,,,0.4686,0.5314,,False,on_map_at_end
1659,car,1411.0,,389.0,,160.058,85.0,333.0,56.0,372.737,,,0.856,0.144,,False,on_map_at_end
1661,car,1412.0,,388.0,,392.439,83.0,273.0,115.0,352.68,,,0.7036,0.2964,,False,on_map_at_end
1662,car,1412.0,,388.0,,1666.97,2.0,143.0,245.0,237.579,,,0.3686,0.6314,,False,on_map_at_end
1664,car,1415.0,,385.0,,683.395,87.0,250.0,135.0,283.338,,,0.6494,0.3506,,False,on_map_at_end
1667,car,1417.0,,383.0,,797.719,75.0,228.0,155.0,310.84,,,0.5953,0.4047,,False,on_map_at_end
1669,car,1418.0,,382.0,,1026.475,70.0,204.0,178.0,286.827,,,0.534,0.466,,False,on_map_at_end
1670,truck,1422.0,,378.0,,1964.961,40.0,77.0,301.0,141.584,,,0.2037,0.7963,,False,on_map_at_end
1671,car,1423.0,,377.0,,797.683,75.0,227.0,150.0,303.549,,,0.6021,0.3979,,False,on_map_at_end
1678,car,1426.0,,374.0,,731.849,76.0,200.0,174.0,307.749,,,0.5348,0.4652,,False,on_map_at_end
1681,car,1430.0,,370.0,,715.249,88.0,267.0,103.0,300.925,,,0.7216,0.2784,,False,on_map_at_end
1682,car,1431.0,,369.0,,1117.056,85.0,218.0,151.0,267.318,,,0.5908,0.4092,,False,on_map_at_end
1683,car,1431.0,,369.0,,1194.874,68.0,139.0,230.0,213.333,,,0.3767,0.6233,,False,on_map_at_end
1684,car,1431.0,,369.0,,2545.472,41.0,67.0,302.0,139.749,,,0.1816,0.8184,,False,on_map_at_end
1686,car,1432.0,,368.0,,2046.108,47.0,87.0,281.0,182.738,,,0.2364,0.7636,,False,on_map_at_end
1687,car,1434.0,,366.0,,384.894,80.0,270.0,96.0,331.359,,,0.7377,0.2623,,False,on_map_at_end
1688,car,1434.0,,366.0,,780.936,46.0,203.0,163.0,295.715,,,0.5546,0.4454,,False,on_map_at_end
1689,car,1436.0,,364.0,,662.369,95.0,222.0,142.0,256.674,,,0.6099,0.3901,,False,on_map_at_end
1690,truck,1437.0,,363.0,,371.889,80.0,262.0,101.0,318.355,,,0.7218,0.2782,,False,on_map_at_end
1691,car,1439.0,,361.0,,1218.276,72.0,182.0,179.0,251.354,,,0.5042,0.4958,,False,on_map_at_end
1692,car,1439.0,,361.0,,364.388,78.0,261.0,100.0,327.914,,,0.723,0.277,,False,on_map_at_end
1693,car,1440.0,,360.0,,490.242,73.0,277.0,83.0,302.897,,,0.7694,0.2306,,False,on_map_at_end
1694,car,1440.0,,360.0,,1292.457,41.0,139.0,221.0,238.165,,,0.3861,0.6139,,False,on_map_at_end
1695,truck,1440.0,,360.0,,1302.752,28.0,114.0,246.0,203.03,,,0.3167,0.6833,,False,on_map_at_end
1696,car,1440.0,,360.0,,478.398,84.0,277.0,83.0,314.735,,,0.7694,0.2306,,False,on_map_at_end
1697,car,1441.0,,359.0,,1018.346,79.0,204.0,155.0,265.206,,,0.5682,0.4318,,False,on_map_at_end
1699,car,1443.0,,357.0,,1448.097,47.0,131.0,226.0,217.637,,,0.3669,0.6331,,False,on_map_at_end
1700,truck,1444.0,,356.0,,92.449,100.0,337.0,19.0,344.902,,,0.9466,0.0534,,False,on_map_at_end
1701,car,1444.0,,356.0,,405.214,75.0,243.0,113.0,316.339,,,0.6826,0.3174,,False,on_map_at_end
1702,car,1445.0,,355.0,,1576.509,33.0,101.0,254.0,210.612,,,0.2845,0.7155,,False,on_map_at_end
1704,car,1445.0,,355.0,,1512.866,0.0,142.0,213.0,206.439,,,0.4,0.6,,False,on_map_at_end
1705,truck,1446.0,,354.0,,1528.075,33.0,76.0,278.0,169.883,,,0.2147,0.7853,,False,on_map_at_end
1706,car,1446.0,,354.0,,829.905,50.0,166.0,188.0,278.823,,,0.4689,0.5311,,False,on_map_at_end
1707,car,1446.0,,354.0,,692.746,87.0,252.0,102.0,287.267,,,0.7119,0.2881,,False,on_map_at_end
1708,car,1447.0,,353.0,,584.823,73.0,250.0,103.0,276.289,,,0.7082,0.2918,,False,on_map_at_end
1712,car,1450.0,,350.0,,688.858,88.0,227.0,123.0,271.13,,,0.6486,0.3514,,False,on_map_at_end
1713,car,1451.0,,349.0,,1444.656,90.0,183.0,166.0,217.87,,,0.5244,0.4756,,False,on_map_at_end
1716,car,1452.0,,348.0,,356.887,76.0,258.0,90.0,315.88,,,0.7414,0.2586,,False,on_map_at_end
1718,car,1455.0,,345.0,,408.423,94.0,251.0,94.0,308.242,,,0.7275,0.2725,,False,on_map_at_end
1719,car,1456.0,,344.0,,1548.871,75.0,159.0,185.0,204.093,,,0.4622,0.5378,,False,on_map_at_end
1722,car,1456.0,,344.0,,790.218,73.0,200.0,144.0,272.643,,,0.5814,0.4186,,False,on_map_at_end
1724,car,1459.0,,341.0,,1208.792,35.0,147.0,194.0,231.375,,,0.4311,0.5689,,False,on_map_at_end
1725,truck,1459.0,,341.0,,1443.446,17.0,99.0,242.0,163.705,,,0.2903,0.7097,,False,on_map_at_end
1726,car,1460.0,,340.0,,1491.723,33.0,116.0,224.0,205.178,,,0.3412,0.6588,,False,on_map_at_end
1727,car,1460.0,,340.0,,1123.597,58.0,133.0,207.0,237.738,,,0.3912,0.6088,,False,on_map_at_end
1728,car,1461.0,,339.0,,1470.592,33.0,120.0,219.0,206.288,,,0.354,0.646,,False,on_map_at_end
1731,car,1463.0,,337.0,,1325.499,32.0,128.0,209.0,210.975,,,0.3798,0.6202,,False,on_map_at_end
1732,car,1464.0,,336.0,,1560.887,45.0,108.0,228.0,193.933,,,0.3214,0.6786,,False,on_map_at_end
1733,car,1465.0,,335.0,,1299.339,35.0,112.0,223.0,217.668,,,0.3343,0.6657,,False,on_map_at_end
1734,car,1465.0,,335.0,,576.029,72.0,244.0,91.0,271.711,,,0.7284,0.2716,,False,on_map_at_end
1735,truck,1466.0,,334.0,,1174.368,68.0,124.0,210.0,172.138,,,0.3713,0.6287,,False,on_map_at_end
1736,car,1467.0,,333.0,,2010.568,100.0,112.0,221.0,152.047,,,0.3363,0.6637,,False,on_map_at_end
1737,car,1469.0,,331.0,,1756.71,28.0,90.0,241.0,167.985,,,0.2719,0.7281,,False,on_map_at_end
1738,car,1473.0,,327.0,,822.404,50.0,149.0,178.0,252.983,,,0.4557,0.5443,,False,on_map_at_end
1739,car,1473.0,,327.0,,1409.044,41.0,115.0,212.0,200.185,,,0.3517,0.6483,,False,on_map_at_end
1740,truck,1475.0,,325.0,,779.398,60.0,139.0,186.0,231.435,,,0.4277,0.5723,,False,on_map_at_end
1742,car,1477.0,,323.0,,2227.528,36.0,69.0,254.0,121.478,,,0.2136,0.7864,,False,on_map_at_end
1743,car,1477.0,,323.0,,320.775,84.0,248.0,75.0,283.034,,,0.7678,0.2322,,False,on_map_at_end
1744,car,1479.0,,321.0,,1557.027,0.0,111.0,210.0,174.445,,,0.3458,0.6542,,False,on_map_at_end
1745,truck,1481.0,,319.0,,975.326,63.0,113.0,206.0,201.427,,,0.3542,0.6458,,False,on_map_at_end
1746,car,1481.0,,319.0,,349.386,75.0,229.0,90.0,287.555,,,0.7179,0.2821,,False,on_map_at_end
1747,car,1485.0,,315.0,,341.885,73.0,225.0,90.0,284.23,,,0.7143,0.2857,,False,on_map_at_end
1749,car,1486.0,,314.0,,354.005,69.0,208.0,106.0,273.055,,,0.6624,0.3376,,False,on_map_at_end
1750,truck,1486.0,,314.0,,1432.793,47.0,79.0,235.0,141.504,,,0.2516,0.7484,,False,on_map_at_end
1751,car,1487.0,,313.0,,1417.069,43.0,108.0,205.0,185.462,,,0.345,0.655,,False,on_map_at_end
1752,car,1487.0,,313.0,,1401.449,44.0,104.0,209.0,183.919,,,0.3323,0.6677,,False,on_map_at_end
1753,car,1488.0,,312.0,,2153.06,0.0,48.0,264.0,106.448,,,0.1538,0.8462,,False,on_map_at_end
1754,car,1490.0,,310.0,,334.384,72.0,220.0,90.0,279.905,,,0.7097,0.2903,,False,on_map_at_end
1757,car,1491.0,,309.0,,326.883,70.0,215.0,94.0,279.58,,,0.6958,0.3042,,False,on_map_at_end
1758,car,1491.0,,309.0,,835.577,52.0,130.0,179.0,233.603,,,0.4207,0.5793,,False,on_map_at_end
1761,car,1494.0,,306.0,,339.002,67.0,210.0,96.0,269.176,,,0.6863,0.3137,,False,on_map_at_end
1762,car,1494.0,,306.0,,2403.272,10.0,56.0,250.0,86.809,,,0.183,0.817,,False,on_map_at_end
1763,car,1495.0,,305.0,,2414.029,21.0,39.0,266.0,87.313,,,0.1279,0.8721,,False,on_map_at_end
1765,truck,1501.0,,299.0,,975.102,37.0,116.0,183.0,181.941,,,0.388,0.612,,False,on_map_at_end
1766,car,1501.0,,299.0,,961.046,36.0,115.0,184.0,211.786,,,0.3846,0.6154,,False,on_map_at_end
1767,car,1502.0,,298.0,,1178.164,83.0,136.0,162.0,190.52,,,0.4564,0.5436,,False,on_map_at_end
1768,car,1502.0,,298.0,,1507.087,57.0,83.0,215.0,161.657,,,0.2785,0.7215,,False,on_map_at_end
1769,car,1502.0,,298.0,,881.896,51.0,137.0,161.0,217.677,,,0.4597,0.5403,,False,on_map_at_end
1770,truck,1503.0,,297.0,,1130.08,67.0,95.0,202.0,137.38,,,0.3199,0.6801,,False,on_map_at_end
1771,car,1503.0,,297.0,,1175.259,66.0,118.0,179.0,191.226,,,0.3973,0.6027,,False,on_map_at_end
1772,car,1504.0,,296.0,,319.381,69.0,203.0,93.0,267.255,,,0.6858,0.3142,,False,on_map_at_end
1774,car,1505.0,,295.0,,84.948,100.0,277.0,18.0,285.169,,,0.939,0.061,,False,on_map_at_end
1775,truck,1505.0,,295.0,,1267.959,25.0,83.0,212.0,139.685,,,0.2814,0.7186,,False,on_map_at_end
1776,car,1507.0,,293.0,,758.891,54.0,134.0,159.0,224.423,,,0.4573,0.5427,,False,on_map_at_end
1777,car,1509.0,,291.0,,513.511,89.0,199.0,92.0,244.784,,,0.6838,0.3162,,False,on_map_at_end
1778,car,1509.0,,291.0,,1330.873,75.0,94.0,197.0,145.389,,,0.323,0.677,,False,on_map_at_end
1779,car,1512.0,,288.0,,1165.173,42.0,95.0,193.0,181.674,,,0.3299,0.6701,,False,on_map_at_end
1780,truck,1513.0,,287.0,,1725.913,6.0,24.0,263.0,79.441,,,0.0836,0.9164,,False,on_map_at_end
1781,car,1514.0,,286.0,,1566.844,62.0,83.0,203.0,143.525,,,0.2902,0.7098,,False,on_map_at_end
1782,car,1515.0,,285.0,,2302.156,15.0,49.0,236.0,77.804,,,0.1719,0.8281,,False,on_map_at_end
1783,car,1515.0,,285.0,,303.363,65.0,199.0,86.0,248.817,,,0.6982,0.3018,,False,on_map_at_end
1784,car,1515.0,,285.0,,311.878,68.0,193.0,92.0,256.931,,,0.6772,0.3228,,False,on_map_at_end
1785,truck,1518.0,,282.0,,284.127,88.0,209.0,73.0,247.891,,,0.7411,0.2589,,False,on_map_at_end
1786,car,1518.0,,282.0,,1531.34,38.0,97.0,185.0,143.761,,,0.344,0.656,,False,on_map_at_end
1787,car,1519.0,,281.0,,614.759,92.0,173.0,108.0,201.591,,,0.6157,0.3843,,False,on_map_at_end
1789,car,1520.0,,280.0,,660.855,84.0,164.0,116.0,213.968,,,0.5857,0.4143,,False,on_map_at_end
1790,truck,1521.0,,279.0,,446.759,86.0,180.0,99.0,225.241,,,0.6452,0.3548,,False,on_map_at_end
1791,car,1522.0,,278.0,,1854.495,0.0,62.0,216.0,104.872,,,0.223,0.777,,False,on_map_at_end
1792,car,1524.0,,276.0,,304.374,66.0,186.0,90.0,248.606,,,0.6739,0.3261,,False,on_map_at_end
1793,car,1528.0,,272.0,,568.411,71.0,165.0,107.0,191.315,,,0.6066,0.3934,,False,on_map_at_end
1794,car,1530.0,,270.0,,1167.707,66.0,107.0,163.0,164.905,,,0.3963,0.6037,,False,on_map_at_end
1795,truck,1532.0,,268.0,,1344.519,22.0,79.0,189.0,106.203,,,0.2948,0.7052,,False,on_map_at_end
1796,car,1533.0,,267.0,,1057.389,31.0,102.0,165.0,171.115,,,0.382,0.618,,False,on_map_at_end
1797,car,1533.0,,267.0,,1435.786,55.0,73.0,194.0,137.399,,,0.2734,0.7266,,False,on_map_at_end
1798,car,1534.0,,266.0,,296.867,63.0,170.0,96.0,239.282,,,0.6391,0.3609,,False,on_map_at_end
1799,car,1534.0,,266.0,,439.257,81.0,175.0,91.0,216.972,,,0.6579,0.3421,,False,on_map_at_end
1800,truck,1535.0,,265.0,,1123.227,84.0,109.0,156.0,130.159,,,0.4113,0.5887,,False,on_map_at_end
1801,car,1536.0,,264.0,,1085.466,85.0,107.0,157.0,136.907,,,0.4053,0.5947,,False,on_map_at_end
1802,car,1538.0,,262.0,,289.342,65.0,168.0,94.0,235.959,,,0.6412,0.3588,,False,on_map_at_end
1804,car,1539.0,,261.0,,281.818,65.0,166.0,95.0,235.479,,,0.636,0.364,,False,on_map_at_end
1805,truck,1539.0,,261.0,,1225.356,66.0,92.0,169.0,113.898,,,0.3525,0.6475,,False,on_map_at_end
1806,car,1540.0,,260.0,,1217.505,65.0,87.0,173.0,150.223,,,0.3346,0.6654,,False,on_map_at_end
1807,car,1541.0,,259.0,,751.347,49.0,115.0,144.0,191.165,,,0.444,0.556,,False,on_map_at_end
1808,car,1543.0,,257.0,,1065.938,28.0,81.0,176.0,160.638,,,0.3152,0.6848,,False,on_map_at_end
1809,car,1549.0,,251.0,,649.217,93.0,173.0,78.0,186.982,,,0.6892,0.3108,,False,on_map_at_end
1811,car,1551.0,,249.0,,1109.637,84.0,106.0,143.0,149.132,,,0.4257,0.5743,,False,on_map_at_end
1812,car,1551.0,,249.0,,1455.359,37.0,84.0,165.0,116.766,,,0.3373,0.6627,,False,on_map_at_end
1813,car,1554.0,,246.0,,940.722,28.0,91.0,155.0,155.518,,,0.3699,0.6301,,False,on_map_at_end
1814,car,1555.0,,245.0,,274.219,65.0,154.0,91.0,220.32,,,0.6286,0.3714,,False,on_map_at_end
1815,truck,1556.0,,244.0,,1032.764,52.0,65.0,179.0,120.019,,,0.2664,0.7336,,False,on_map_at_end
1816,car,1559.0,,241.0,,627.413,78.0,151.0,90.0,184.532,,,0.6266,0.3734,,False,on_map_at_end
1817,car,1559.0,,241.0,,455.96,69.0,161.0,80.0,190.834,,,0.668,0.332,,False,on_map_at_end
1818,car,1564.0,,236.0,,226.908,94.0,196.0,40.0,209.48,,,0.8305,0.1695,,False,on_map_at_end
1819,car,1564.0,,236.0,,1874.018,1.0,29.0,207.0,63.932,,,0.1229,0.8771,,False,on_map_at_end
1820,truck,1565.0,,235.0,,969.775,54.0,65.0,170.0,116.519,,,0.2766,0.7234,,False,on_map_at_end
1821,car,1565.0,,235.0,,1163.162,80.0,95.0,140.0,128.965,,,0.4043,0.5957,,False,on_map_at_end
1822,car,1567.0,,233.0,,664.911,40.0,108.0,125.0,172.998,,,0.4635,0.5365,,False,on_map_at_end
1823,car,1569.0,,231.0,,1399.685,49.0,65.0,166.0,103.492,,,0.2814,0.7186,,False,on_map_at_end
1824,car,1570.0,,230.0,,974.201,19.0,68.0,162.0,139.049,,,0.2957,0.7043,,False,on_map_at_end
1826,car,1575.0,,225.0,,1125.072,59.0,74.0,151.0,123.743,,,0.3289,0.6711,,False,on_map_at_end
1827,car,1580.0,,220.0,,847.872,33.0,44.0,176.0,143.543,,,0.2,0.8,,False,on_map_at_end
1828,car,1582.0,,218.0,,1054.315,42.0,69.0,149.0,117.356,,,0.3165,0.6835,,False,on_map_at_end
1829,car,1584.0,,216.0,,929.209,35.0,73.0,143.0,131.475,,,0.338,0.662,,False,on_map_at_end
1830,truck,1584.0,,216.0,,365.235,92.0,159.0,57.0,171.993,,,0.7361,0.2639,,False,on_map_at_end
1831,car,1584.0,,216.0,,2090.138,0.0,0.0,216.0,27.886,,,0.0,1.0,,False,on_map_at_end
1832,car,1585.0,,215.0,,352.416,79.0,139.0,76.0,183.282,,,0.6465,0.3535,,False,on_map_at_end
1834,car,1590.0,,210.0,,1253.263,68.0,70.0,140.0,93.454,,,0.3333,0.6667,,False,on_map_at_end
1835,truck,1591.0,,209.0,,1282.527,3.0,28.0,181.0,54.693,,,0.134,0.866,,False,on_map_at_end
1836,car,1591.0,,209.0,,1490.618,18.0,33.0,176.0,73.478,,,0.1579,0.8421,,False,on_map_at_end
1837,car,1591.0,,209.0,,1078.957,81.0,82.0,127.0,109.425,,,0.3923,0.6077,,False,on_map_at_end
1838,car,1592.0,,208.0,,978.8,52.0,70.0,138.0,118.173,,,0.3365,0.6635,,False,on_map_at_end
1839,car,1593.0,,207.0,,1558.948,22.0,46.0,161.0,64.231,,,0.2222,0.7778,,False,on_map_at_end
1840,truck,1596.0,,204.0,,1049.095,27.0,32.0,172.0,51.373,,,0.1569,0.8431,,False,on_map_at_end
1841,car,1607.0,,193.0,,158.858,92.0,158.0,35.0,172.397,,,0.8187,0.1813,,False,on_map_at_end
1842,car,1598.0,,202.0,,398.853,81.0,124.0,78.0,165.664,,,0.6139,0.3861,,False,on_map_at_end
1843,car,1600.0,,200.0,,313.274,82.0,137.0,63.0,166.786,,,0.685,0.315,,False,on_map_at_end
1844,car,1600.0,,200.0,,266.479,64.0,122.0,78.0,176.017,,,0.61,0.39,,False,on_map_at_end
1845,truck,1601.0,,199.0,,1154.944,18.0,30.0,169.0,60.351,,,0.1508,0.8492,,False,on_map_at_end
1846,car,1601.0,,199.0,,583.366,40.0,92.0,107.0,146.497,,,0.4623,0.5377,,False,on_map_at_end
1847,car,1603.0,,197.0,,1323.738,20.0,33.0,164.0,71.112,,,0.1675,0.8325,,False,on_map_at_end
1848,car,1606.0,,194.0,,342.865,79.0,130.0,64.0,163.142,,,0.6701,0.3299,,False,on_map_at_end
1849,car,1606.0,,194.0,,604.91,72.0,107.0,87.0,139.558,,,0.5515,0.4485,,False,on_map_at_end
1850,truck,1608.0,,192.0,,139.856,91.0,166.0,26.0,174.899,,,0.8646,0.1354,,False,on_map_at_end
1851,car,1608.0,,192.0,,1679.319,13.0,13.0,179.0,39.643,,,0.0677,0.9323,,False,on_map_at_end
1852,car,1610.0,,190.0,,901.339,56.0,56.0,134.0,108.483,,,0.2947,0.7053,,False,on_map_at_end
1853,car,1614.0,,186.0,,1214.597,43.0,52.0,134.0,68.678,,,0.2796,0.7204,,False,on_map_at_end
1854,car,1616.0,,184.0,,1442.437,20.0,19.0,165.0,49.596,,,0.1033,0.8967,,False,on_map_at_end
1855,truck,1617.0,,183.0,,1221.629,15.0,15.0,168.0,35.723,,,0.082,0.918,,False,on_map_at_end
1856,car,1617.0,,183.0,,1423.817,8.0,17.0,166.0,45.636,,,0.0929,0.9071,,False,on_map_at_end
1857,car,1618.0,,182.0,,511.05,65.0,91.0,91.0,109.446,,,0.5,0.5,,False,on_map_at_end
1858,car,1618.0,,182.0,,601.607,91.0,107.0,75.0,124.125,,,0.5879,0.4121,,False,on_map_at_end
1859,car,1619.0,,181.0,,1133.862,45.0,50.0,131.0,78.928,,,0.2762,0.7238,,False,on_map_at_end
1862,car,1623.0,,177.0,,995.662,25.0,54.0,123.0,86.424,,,0.3051,0.6949,,False,on_map_at_end
1863,car,1628.0,,172.0,,1102.589,17.0,46.0,126.0,72.228,,,0.2674,0.7326,,False,on_map_at_end
1864,car,1628.0,,172.0,,582.629,64.0,63.0,109.0,79.772,,,0.3663,0.6337,,False,on_map_at_end
1865,truck,1629.0,,171.0,,995.969,35.0,35.0,136.0,51.122,,,0.2047,0.7953,,False,on_map_at_end
1866,car,1630.0,,170.0,,1238.261,37.0,36.0,134.0,56.009,,,0.2118,0.7882,,False,on_map_at_end
1867,car,1632.0,,168.0,,1361.798,14.0,14.0,154.0,43.879,,,0.0833,0.9167,,False,on_map_at_end
1868,car,1634.0,,166.0,,295.605,67.0,98.0,68.0,132.374,,,0.5904,0.4096,,False,on_map_at_end
1869,car,1635.0,,165.0,,1236.232,19.0,21.0,144.0,51.597,,,0.1273,0.8727,,False,on_map_at_end
1870,truck,1635.0,,165.0,,253.307,64.0,85.0,80.0,134.591,,,0.5152,0.4848,,False,on_map_at_end
1872,car,1636.0,,164.0,,1376.477,6.0,6.0,158.0,25.256,,,0.0366,0.9634,,False,on_map_at_end
1873,car,1637.0,,163.0,,453.919,94.0,93.0,70.0,114.472,,,0.5706,0.4294,,False,on_map_at_end
1874,car,1638.0,,162.0,,1036.449,17.0,17.0,145.0,39.228,,,0.1049,0.8951,,False,on_map_at_end
1875,truck,1639.0,,161.0,,315.434,42.0,69.0,92.0,123.133,,,0.4286,0.5714,,False,on_map_at_end
1876,car,1640.0,,160.0,,1137.924,31.0,31.0,129.0,47.09,,,0.1938,0.8063,,False,on_map_at_end
1877,car,1642.0,,158.0,,563.247,48.0,68.0,90.0,106.951,,,0.4304,0.5696,,False,on_map_at_end
1878,car,1643.0,,157.0,,1042.799,36.0,41.0,116.0,56.095,,,0.2611,0.7389,,False,on_map_at_end
1879,car,1644.0,,156.0,,601.234,65.0,72.0,84.0,101.888,,,0.4615,0.5385,,False,on_map_at_end
1880,truck,1644.0,,156.0,,671.209,33.0,48.0,108.0,75.423,,,0.3077,0.6923,,False,on_map_at_end
1882,car,1647.0,,153.0,,911.187,34.0,47.0,106.0,70.992,,,0.3072,0.6928,,False,on_map_at_end
1883,car,1649.0,,151.0,,899.94,37.0,37.0,114.0,70.005,,,0.245,0.755,,False,on_map_at_end
1884,car,1649.0,,151.0,,339.122,69.0,70.0,81.0,105.27,,,0.4636,0.5364,,False,on_map_at_end
1885,truck,1650.0,,150.0,,239.256,65.0,76.0,74.0,121.278,,,0.5067,0.4933,,False,on_map_at_end
1887,car,1653.0,,147.0,,775.123,39.0,39.0,108.0,77.238,,,0.2653,0.7347,,False,on_map_at_end
1888,car,1654.0,,146.0,,230.932,68.0,78.0,68.0,125.216,,,0.5342,0.4658,,False,on_map_at_end
1889,car,1654.0,,146.0,,1204.344,1.0,3.0,143.0,18.667,,,0.0205,0.9795,,False,on_map_at_end
1890,truck,1655.0,,145.0,,973.635,18.0,18.0,127.0,28.117,,,0.1241,0.8759,,False,on_map_at_end
1891,car,1658.0,,142.0,,383.85,82.0,84.0,58.0,107.162,,,0.5915,0.4085,,False,on_map_at_end
1893,car,1665.0,,135.0,,1011.581,14.0,14.0,121.0,32.078,,,0.1037,0.8963,,False,on_map_at_end
1894,car,1666.0,,134.0,,759.815,17.0,17.0,117.0,42.31,,,0.1269,0.8731,,False,on_map_at_end
1896,car,1667.0,,133.0,,937.102,19.0,25.0,108.0,48.026,,,0.188,0.812,,False,on_map_at_end
1897,car,1668.0,,132.0,,903.686,33.0,32.0,100.0,50.667,,,0.2424,0.7576,,False,on_map_at_end
1899,car,1669.0,,131.0,,305.773,77.0,76.0,55.0,95.094,,,0.5802,0.4198,,False,on_map_at_end
1900,truck,1670.0,,130.0,,636.549,30.0,39.0,91.0,53.404,,,0.3,0.7,,False,on_map_at_end
1901,car,1671.0,,129.0,,1232.077,0.0,0.0,129.0,13.951,,,0.0,1.0,,False,on_map_at_end
1902,car,1671.0,,129.0,,885.153,15.0,26.0,103.0,48.243,,,0.2016,0.7984,,False,on_map_at_end
1903,car,1671.0,,129.0,,785.249,28.0,33.0,96.0,58.194,,,0.2558,0.7442,,False,on_map_at_end
1904,car,1672.0,,128.0,,899.615,19.0,23.0,105.0,44.536,,,0.1797,0.8203,,False,on_map_at_end
1905,truck,1673.0,,127.0,,800.623,0.0,16.0,111.0,30.887,,,0.126,0.874,,False,on_map_at_end
1906,car,1675.0,,125.0,,865.196,21.0,20.0,105.0,46.029,,,0.16,0.84,,False,on_map_at_end
1907,car,1676.0,,124.0,,856.965,11.0,10.0,114.0,34.783,,,0.0806,0.9194,,False,on_map_at_end
1908,car,1680.0,,120.0,,911.309,17.0,16.0,104.0,30.475,,,0.1333,0.8667,,False,on_map_at_end
1909,car,1681.0,,119.0,,222.362,69.0,70.0,49.0,98.987,,,0.5882,0.4118,,False,on_map_at_end
1910,truck,1681.0,,119.0,,950.503,0.0,0.0,119.0,4.894,,,0.0,1.0,,False,on_map_at_end
1911,car,1681.0,,119.0,,520.651,35.0,34.0,85.0,72.141,,,0.2857,0.7143,,False,on_map_at_end
1912,car,1681.0,,119.0,,779.46,16.0,16.0,103.0,37.988,,,0.1345,0.8655,,False,on_map_at_end
1913,car,1682.0,,118.0,,446.418,56.0,55.0,63.0,69.092,,,0.4661,0.5339,,False,on_map_at_end
1914,car,1682.0,,118.0,,911.309,24.0,23.0,95.0,35.676,,,0.1949,0.8051,,False,on_map_at_end
1915,truck,1683.0,,117.0,,657.099,24.0,23.0,94.0,38.117,,,0.1966,0.8034,,False,on_map_at_end
1916,car,1684.0,,116.0,,298.272,62.0,61.0,55.0,79.754,,,0.5259,0.4741,,False,on_map_at_end
1917,car,1687.0,,113.0,,1056.036,8.0,8.0,105.0,17.956,,,0.0708,0.9292,,False,on_map_at_end
1918,car,1688.0,,112.0,,614.378,37.0,36.0,76.0,55.717,,,0.3214,0.6786,,False,on_map_at_end
1919,car,1689.0,,111.0,,759.179,15.0,15.0,96.0,31.086,,,0.1351,0.8649,,False,on_map_at_end
1920,truck,1691.0,,109.0,,538.901,40.0,39.0,70.0,44.306,,,0.3578,0.6422,,False,on_map_at_end
1921,car,1691.0,,109.0,,615.848,28.0,27.0,82.0,50.03,,,0.2477,0.7523,,False,on_map_at_end
1922,car,1691.0,,109.0,,485.14,39.0,38.0,71.0,65.337,,,0.3486,0.6514,,False,on_map_at_end
1923,car,1692.0,,108.0,,832.236,12.0,11.0,97.0,32.808,,,0.1019,0.8981,,False,on_map_at_end
1924,car,1695.0,,105.0,,920.824,7.0,7.0,98.0,21.341,,,0.0667,0.9333,,False,on_map_at_end
1925,truck,1695.0,,105.0,,208.164,56.0,56.0,49.0,80.01,,,0.5333,0.4667,,False,on_map_at_end
1926,car,1696.0,,104.0,,608.347,11.0,10.0,94.0,30.353,,,0.0962,0.9038,,False,on_map_at_end
1927,car,1698.0,,102.0,,199.062,56.0,56.0,46.0,84.084,,,0.549,0.451,,False,on_map_at_end
1928,car,1699.0,,101.0,,188.657,57.0,57.0,44.0,84.021,,,0.5644,0.4356,,False,on_map_at_end
1929,car,1702.0,,98.0,,770.314,14.0,14.0,84.0,27.94,,,0.1429,0.8571,,False,on_map_at_end
1930,truck,1702.0,,98.0,,575.443,21.0,21.0,77.0,28.919,,,0.2143,0.7857,,False,on_map_at_end
1931,car,1704.0,,96.0,,917.943,0.0,0.0,96.0,7.065,,,0.0,1.0,,False,on_map_at_end
1932,car,1705.0,,95.0,,779.487,8.0,7.0,88.0,24.56,,,0.0737,0.9263,,False,on_map_at_end
1935,truck,1708.0,,92.0,,488.395,29.0,28.0,64.0,33.369,,,0.3043,0.6957,,False,on_map_at_end
1936,car,1709.0,,91.0,,707.416,10.0,10.0,81.0,25.881,,,0.1099,0.8901,,False,on_map_at_end
1937,car,1711.0,,89.0,,692.93,0.0,0.0,89.0,17.511,,,0.0,1.0,,False,on_map_at_end
1938,car,1709.0,,91.0,,376.349,42.0,41.0,50.0,56.495,,,0.4505,0.5495,,False,on_map_at_end
1939,car,1711.0,,89.0,,77.447,78.0,77.0,12.0,80.304,,,0.8652,0.1348,,False,on_map_at_end
1940,truck,1712.0,,88.0,,456.767,23.0,23.0,65.0,32.957,,,0.2614,0.7386,,False,on_map_at_end
1941,car,1712.0,,88.0,,730.603,7.0,7.0,81.0,21.702,,,0.0795,0.9205,,False,on_map_at_end
1942,car,1712.0,,88.0,,890.207,0.0,0.0,88.0,5.096,,,0.0,1.0,,False,on_map_at_end
1943,car,1713.0,,87.0,,526.148,23.0,22.0,65.0,39.299,,,0.2529,0.7471,,False,on_map_at_end
1944,car,1714.0,,86.0,,33.839,78.0,78.0,8.0,81.804,,,0.907,0.093,,False,on_map_at_end
1945,truck,1715.0,,85.0,,557.76,9.0,9.0,76.0,17.896,,,0.1059,0.8941,,False,on_map_at_end
1946,car,1715.0,,85.0,,178.865,57.0,57.0,28.0,68.902,,,0.6706,0.3294,,False,on_map_at_end
1947,car,1716.0,,84.0,,407.423,0.0,0.0,84.0,8.025,,,0.0,1.0,,False,on_map_at_end
1948,car,1716.0,,84.0,,622.699,20.0,20.0,64.0,27.496,,,0.2381,0.7619,,False,on_map_at_end
1949,car,1718.0,,82.0,,604.312,13.0,13.0,69.0,26.367,,,0.1585,0.8415,,False,on_map_at_end
1950,truck,1723.0,,77.0,,441.878,15.0,15.0,62.0,23.792,,,0.1948,0.8052,,False,on_map_at_end
1951,car,1724.0,,76.0,,532.769,10.0,9.0,67.0,26.157,,,0.1184,0.8816,,False,on_map_at_end
1952,car,1727.0,,73.0,,165.386,50.0,50.0,23.0,58.115,,,0.6849,0.3151,,False,on_map_at_end
1953,car,1730.0,,70.0,,498.145,18.0,17.0,53.0,25.143,,,0.2429,0.7571,,False,on_map_at_end
1954,car,1731.0,,69.0,,540.784,9.0,9.0,60.0,20.139,,,0.1304,0.8696,,False,on_map_at_end
1955,truck,1731.0,,69.0,,425.318,8.0,8.0,61.0,17.324,,,0.1159,0.8841,,False,on_map_at_end
1956,car,1732.0,,68.0,,416.993,11.0,11.0,57.0,23.501,,,0.1618,0.8382,,False,on_map_at_end
1957,car,1734.0,,66.0,,376.195,25.0,25.0,41.0,31.615,,,0.3788,0.6212,,False,on_map_at_end
1958,car,1736.0,,64.0,,625.045,1.0,1.0,63.0,7.745,,,0.0156,0.9844,,False,on_map_at_end
1959,car,1737.0,,63.0,,394.189,20.0,20.0,43.0,27.47,,,0.3175,0.6825,,False,on_map_at_end
1960,truck,1739.0,,61.0,,439.959,5.0,4.0,57.0,8.184,,,0.0656,0.9344,,False,on_map_at_end
1961,car,1739.0,,61.0,,358.309,19.0,18.0,43.0,28.752,,,0.2951,0.7049,,False,on_map_at_end
1962,car,1740.0,,60.0,,333.967,12.0,11.0,49.0,17.773,,,0.1833,0.8167,,False,on_map_at_end
1963,car,1740.0,,60.0,,467.373,9.0,9.0,51.0,15.56,,,0.15,0.85,,False,on_map_at_end
1965,truck,1740.0,,60.0,,348.346,10.0,9.0,51.0,18.081,,,0.15,0.85,,False,on_map_at_end
1966,car,1741.0,,59.0,,375.097,9.0,9.0,50.0,25.241,,,0.1525,0.8475,,False,on_map_at_end
1967,car,1741.0,,59.0,,509.058,0.0,0.0,59.0,13.184,,,0.0,1.0,,False,on_map_at_end
1968,car,1742.0,,58.0,,397.221,5.0,4.0,54.0,22.25,,,0.069,0.931,,False,on_map_at_end
1969,car,1743.0,,57.0,,339.571,0.0,0.0,57.0,5.169,,,0.0,1.0,,False,on_map_at_end
1970,truck,1744.0,,56.0,,64.446,45.0,44.0,12.0,48.263,,,0.7857,0.2143,,False,on_map_at_end
1971,car,1744.0,,56.0,,153.602,37.0,37.0,19.0,42.176,,,0.6607,0.3393,,False,on_map_at_end
1973,car,1745.0,,55.0,,307.724,11.0,11.0,44.0,19.502,,,0.2,0.8,,False,on_map_at_end
1974,car,1746.0,,54.0,,344.852,3.0,3.0,51.0,22.119,,,0.0556,0.9444,,False,on_map_at_end
1975,truck,1746.0,,54.0,,430.859,0.0,0.0,54.0,2.276,,,0.0,1.0,,False,on_map_at_end
1976,car,1747.0,,53.0,,434.288,5.0,5.0,48.0,13.835,,,0.0943,0.9057,,False,on_map_at_end
1977,car,1750.0,,50.0,,356.128,0.0,0.0,50.0,4.809,,,0.0,1.0,,False,on_map_at_end
1978,car,1751.0,,49.0,,142.034,32.0,32.0,17.0,36.217,,,0.6531,0.3469,,False,on_map_at_end
1979,car,1752.0,,48.0,,406.392,4.0,4.0,44.0,10.983,,,0.0833,0.9167,,False,on_map_at_end
1980,truck,1754.0,,46.0,,265.53,7.0,7.0,39.0,13.652,,,0.1522,0.8478,,False,on_map_at_end
1981,car,1755.0,,45.0,,292.813,12.0,12.0,33.0,18.647,,,0.2667,0.7333,,False,on_map_at_end
1982,car,1756.0,,44.0,,370.569,6.0,5.0,39.0,10.648,,,0.1136,0.8864,,False,on_map_at_end
1983,car,1756.0,,44.0,,242.919,16.0,16.0,28.0,21.967,,,0.3636,0.6364,,False,on_map_at_end
1984,car,1756.0,,44.0,,383.279,5.0,4.0,40.0,9.505,,,0.0909,0.9091,,False,on_map_at_end
1985,truck,1758.0,,42.0,,334.932,0.0,0.0,42.0,1.792,,,0.0,1.0,,False,on_map_at_end
1986,car,1761.0,,39.0,,132.559,22.0,22.0,17.0,27.07,,,0.5641,0.4359,,False,on_map_at_end
1987,car,1762.0,,38.0,,297.864,0.0,0.0,38.0,2.952,,,0.0,1.0,,False,on_map_at_end
1988,car,1763.0,,37.0,,219.621,10.0,10.0,27.0,16.989,,,0.2703,0.7297,,False,on_map_at_end
1989,car,1764.0,,36.0,,361.907,0.0,0.0,36.0,3.428,,,0.0,1.0,,False,on_map_at_end
1990,truck,1765.0,,35.0,,258.28,0.0,0.0,35.0,2.443,,,0.0,1.0,,False,on_map_at_end
1991,car,1766.0,,34.0,,359.992,0.0,0.0,34.0,1.6,,,0.0,1.0,,False,on_map_at_end
1992,car,1769.0,,31.0,,267.116,0.0,0.0,31.0,4.125,,,0.0,1.0,,False,on_map_at_end
1993,car,1773.0,,27.0,,181.953,3.0,3.0,24.0,10.624,,,0.1111,0.8889,,False,on_map_at_end
1994,car,1773.0,,27.0,,280.399,0.0,0.0,27.0,1.764,,,0.0,1.0,,False,on_map_at_end
1995,truck,1775.0,,25.0,,142.508,0.0,0.0,25.0,7.892,,,0.0,1.0,,False,on_map_at_end
1996,car,1776.0,,24.0,,253.002,0.0,0.0,24.0,1.23,,,0.0,1.0,,False,on_map_at_end
1997,car,1777.0,,23.0,,168.067,0.0,0.0,23.0,3.293,,,0.0,1.0,,False,on_map_at_end
1998,car,1779.0,,21.0,,217.285,0.0,0.0,21.0,1.444,,,0.0,1.0,,False,on_map_at_end
1999,car,1781.0,,19.0,,180.846,0.0,0.0,19.0,1.953,,,0.0,1.0,,False,on_map_at_end
2000,truck,1786.0,,14.0,,107.0,0.0,0.0,14.0,0.625,,,0.0,1.0,,False,on_map_at_end
2001,car,1788.0,,12.0,,91.345,0.0,0.0,12.0,0.925,,,0.0,1.0,,False,on_map_at_end
2002,car,1790.0,,10.0,,105.899,0.0,0.0,10.0,0.469,,,0.0,1.0,,False,on_map_at_end
2003,car,1790.0,,10.0,,106.774,0.0,0.0,10.0,0.39,,,0.0,1.0,,False,on_map_at_end
2005,truck,1791.0,,9.0,,73.159,0.0,0.0,9.0,0.217,,,0.0,1.0,,False,on_map_at_end
2006,car,1794.0,,6.0,,63.402,0.0,0.0,6.0,0.269,,,0.0,1.0,,False,on_map_at_end
2007,car,1794.0,,6.0,,64.48,0.0,0.0,6.0,0.197,,,0.0,1.0,,False,on_map_at_end
2008,car,1795.0,,5.0,,53.114,0.0,0.0,5.0,0.22,,,0.0,1.0,,False,on_map_at_end
2009,car,1799.0,,1.0,,10.23,0.0,0.0,1.0,0.079,,,0.0,1.0,,False,on_map_at_end
2010,car,1799.0,,1.0,,10.753,0.0,0.0,1.0,0.032,,,0.0,1.0,,False,on_map_at_end
459,car,633.0,,1167.0,,2888.688,51.0,706.0,461.0,893.048,,,0.605,0.395,,False,on_map_at_end
487,car,651.0,,1149.0,,1062.598,100.0,956.0,193.0,1010.449,,,0.832,0.168,,False,on_map_at_end
504,car,666.0,,1134.0,,1631.263,57.0,826.0,308.0,978.849,,,0.7284,0.2716,,False,on_map_at_end
508,car,669.0,,1131.0,,1157.487,74.0,945.0,186.0,1015.655,,,0.8355,0.1645,,False,on_map_at_end
520,truck,682.0,,1118.0,,2386.32,45.0,696.0,422.0,831.0,,,0.6225,0.3775,,False,on_map_at_end
523,car,684.0,,1116.0,,1071.949,100.0,965.0,151.0,1010.087,,,0.8647,0.1353,,False,on_map_at_end
526,car,685.0,,1115.0,,1056.947,100.0,958.0,157.0,1015.167,,,0.8592,0.1408,,False,on_map_at_end
550,truck,1246.0,,554.0,,1123.448,100.0,377.0,177.0,418.444,,,0.6805,0.3195,,False,on_map_at_end
555,truck,701.0,,1099.0,,1043.946,100.0,923.0,176.0,973.293,,,0.8399,0.1601,,False,on_map_at_end
562,car,705.0,,1095.0,,2244.309,100.0,729.0,366.0,881.271,,,0.6658,0.3342,,False,on_map_at_end
575,truck,713.0,,1087.0,,899.697,64.0,922.0,165.0,978.194,,,0.8482,0.1518,,False,on_map_at_end
592,car,724.0,,1076.0,,2335.739,55.0,678.0,398.0,852.729,,,0.6301,0.3699,,False,on_map_at_end
604,car,735.0,,1065.0,,2571.166,100.0,588.0,477.0,801.595,,,0.5521,0.4479,,False,on_map_at_end
625,truck,745.0,,1055.0,,2859.624,77.0,561.0,494.0,709.807,,,0.5318,0.4682,,False,on_map_at_end
630,truck,748.0,,1052.0,,1988.397,68.0,553.0,499.0,810.316,,,0.5257,0.4743,,False,on_map_at_end
634,car,750.0,,1050.0,,1781.799,100.0,692.0,358.0,878.977,,,0.659,0.341,,False,on_map_at_end
635,truck,751.0,,1049.0,,2264.493,70.0,684.0,365.0,776.648,,,0.652,0.348,,False,on_map_at_end
655,truck,767.0,,1033.0,,2444.877,84.0,579.0,454.0,739.033,,,0.5605,0.4395,,False,on_map_at_end
673,car,780.0,,1020.0,,1014.093,100.0,834.0,186.0,893.699,,,0.8176,0.1824,,False,on_map_at_end
680,truck,782.0,,1018.0,,1030.945,100.0,847.0,171.0,893.027,,,0.832,0.168,,False,on_map_at_end
686,car,787.0,,1013.0,,2615.167,100.0,565.0,448.0,747.87,,,0.5577,0.4423,,False,on_map_at_end
689,car,1285.0,,515.0,,2023.848,22.0,189.0,326.0,330.742,,,0.367,0.633,,False,on_map_at_end
691,car,791.0,,1009.0,,1930.819,100.0,699.0,310.0,825.548,,,0.6928,0.3072,,False,on_map_at_end
711,car,803.0,,997.0,,2587.201,100.0,683.0,314.0,762.589,,,0.6851,0.3149,,False,on_map_at_end
718,car,808.0,,992.0,,1868.216,100.0,719.0,273.0,817.031,,,0.7248,0.2752,,False,on_map_at_end
722,car,811.0,,989.0,,1784.437,100.0,692.0,297.0,821.571,,,0.6997,0.3003,,False,on_map_at_end
723,car,813.0,,987.0,,2229.812,2.0,568.0,419.0,754.399,,,0.5755,0.4245,,False,on_map_at_end
730,truck,812.0,,988.0,,1304.668,100.0,695.0,293.0,830.744,,,0.7034,0.2966,,False,on_map_at_end
732,car,815.0,,985.0,,978.589,100.0,775.0,210.0,843.24,,,0.7868,0.2132,,False,on_map_at_end
738,car,822.0,,978.0,,1731.93,100.0,705.0,273.0,817.032,,,0.7209,0.2791,,False,on_map_at_end
742,car,823.0,,977.0,,2095.81,20.0,582.0,395.0,778.424,,,0.5957,0.4043,,False,on_map_at_end
753,car,830.0,,970.0,,1023.444,100.0,825.0,145.0,873.678,,,0.8505,0.1495,,False,on_map_at_end
758,car,1405.0,,395.0,,1673.549,0.0,137.0,258.0,241.553,,,0.3468,0.6532,,False,on_map_at_end
768,car,840.0,,960.0,,1561.591,75.0,553.0,407.0,813.627,,,0.576,0.424,,False,on_map_at_end
771,car,842.0,,958.0,,963.587,100.0,767.0,191.0,841.044,,,0.8006,0.1994,,False,on_map_at_end
776,car,845.0,,955.0,,2483.608,0.0,541.0,414.0,725.786,,,0.5665,0.4335,,False,on_map_at_end
781,car,846.0,,954.0,,1008.442,100.0,800.0,154.0,857.402,,,0.8386,0.1614,,False,on_map_at_end
783,car,847.0,,953.0,,1665.973,100.0,665.0,288.0,770.449,,,0.6978,0.3022,,False,on_map_at_end
784,car,849.0,,951.0,,1860.438,100.0,701.0,250.0,782.817,,,0.7371,0.2629,,False,on_map_at_end
785,truck,849.0,,951.0,,987.94,100.0,777.0,174.0,832.201,,,0.817,0.183,,False,on_map_at_end
786,car,851.0,,949.0,,1225.252,55.0,654.0,295.0,834.739,,,0.6891,0.3109,,False,on_map_at_end
787,car,1345.0,,455.0,,841.196,76.0,234.0,221.0,379.042,,,0.5143,0.4857,,False,on_map_at_end
789,car,852.0,,948.0,,1420.229,100.0,615.0,333.0,815.807,,,0.6487,0.3513,,False,on_map_at_end
798,car,860.0,,940.0,,1837.987,61.0,634.0,306.0,773.984,,,0.6745,0.3255,,False,on_map_at_end
806,car,867.0,,933.0,,1772.639,65.0,652.0,281.0,772.595,,,0.6988,0.3012,,False,on_map_at_end
807,car,867.0,,933.0,,1156.37,100.0,753.0,180.0,806.121,,,0.8071,0.1929,,False,on_map_at_end
818,car,881.0,,919.0,,1607.784,99.0,549.0,370.0,774.069,,,0.5974,0.4026,,False,on_map_at_end
825,truck,886.0,,914.0,,1602.259,100.0,667.0,247.0,721.25,,,0.7298,0.2702,,False,on_map_at_end
827,car,887.0,,913.0,,1436.272,77.0,679.0,234.0,760.511,,,0.7437,0.2563,,False,on_map_at_end
837,car,894.0,,906.0,,1159.445,48.0,665.0,241.0,792.466,,,0.734,0.266,,False,on_map_at_end
839,car,898.0,,902.0,,557.881,100.0,790.0,112.0,843.182,,,0.8758,0.1242,,False,on_map_at_end
844,car,901.0,,899.0,,1139.901,47.0,662.0,237.0,786.319,,,0.7364,0.2636,,False,on_map_at_end
855,truck,905.0,,895.0,,1453.119,70.0,484.0,411.0,720.084,,,0.5408,0.4592,,False,on_map_at_end
862,car,910.0,,890.0,,943.085,100.0,705.0,185.0,775.3,,,0.7921,0.2079,,False,on_map_at_end
869,car,914.0,,886.0,,1587.257,100.0,676.0,210.0,742.283,,,0.763,0.237,,False,on_map_at_end
876,car,920.0,,880.0,,1579.756,100.0,656.0,224.0,737.087,,,0.7455,0.2545,,False,on_map_at_end
880,truck,924.0,,876.0,,1551.753,100.0,622.0,254.0,689.263,,,0.71,0.29,,False,on_map_at_end
888,car,922.0,,878.0,,1203.884,100.0,631.0,247.0,764.68,,,0.7187,0.2813,,False,on_map_at_end
900,truck,928.0,,872.0,,952.436,100.0,708.0,164.0,757.482,,,0.8119,0.1881,,False,on_map_at_end
903,car,930.0,,870.0,,2276.458,100.0,573.0,297.0,664.123,,,0.6586,0.3414,,False,on_map_at_end
904,car,932.0,,868.0,,1071.051,47.0,646.0,222.0,767.569,,,0.7442,0.2558,,False,on_map_at_end
911,car,934.0,,866.0,,2199.688,92.0,513.0,353.0,652.128,,,0.5924,0.4076,,False,on_map_at_end
913,car,935.0,,865.0,,2268.957,100.0,567.0,298.0,660.312,,,0.6555,0.3445,,False,on_map_at_end
914,car,935.0,,865.0,,476.578,100.0,760.0,105.0,816.468,,,0.8786,0.1214,,False,on_map_at_end
931,car,943.0,,857.0,,1369.723,100.0,519.0,338.0,725.82,,,0.6056,0.3944,,False,on_map_at_end
932,car,943.0,,857.0,,1406.267,68.0,634.0,223.0,724.921,,,0.7398,0.2602,,False,on_map_at_end
933,car,944.0,,856.0,,1322.266,100.0,622.0,234.0,730.062,,,0.7266,0.2734,,False,on_map_at_end
939,car,949.0,,851.0,,1363.262,59.0,657.0,194.0,723.226,,,0.772,0.228,,False,on_map_at_end
951,car,956.0,,844.0,,1203.171,100.0,538.0,306.0,724.462,,,0.6374,0.3626,,False,on_map_at_end
953,car,977.0,,823.0,,1978.218,41.0,423.0,400.0,639.049,,,0.514,0.486,,False,on_map_at_end
955,truck,958.0,,842.0,,1101.514,100.0,641.0,201.0,703.104,,,0.7613,0.2387,,False,on_map_at_end
957,car,959.0,,841.0,,1687.292,100.0,499.0,342.0,665.647,,,0.5933,0.4067,,False,on_map_at_end
960,truck,960.0,,840.0,,959.722,57.0,648.0,192.0,724.787,,,0.7714,0.2286,,False,on_map_at_end
963,car,964.0,,836.0,,937.434,100.0,687.0,149.0,745.071,,,0.8218,0.1782,,False,on_map_at_end
966,car,965.0,,835.0,,1434.915,100.0,601.0,234.0,698.982,,,0.7198,0.2802,,False,on_map_at_end
970,truck,966.0,,834.0,,924.433,100.0,671.0,163.0,720.548,,,0.8046,0.1954,,False,on_map_at_end
971,car,967.0,,833.0,,1191.633,49.0,637.0,196.0,715.525,,,0.7647,0.2353,,False,on_map_at_end
976,car,969.0,,831.0,,916.931,100.0,672.0,159.0,745.694,,,0.8087,0.1913,,False,on_map_at_end
980,truck,972.0,,828.0,,795.498,80.0,657.0,171.0,729.865,,,0.7935,0.2065,,False,on_map_at_end
985,truck,975.0,,825.0,,1266.212,40.0,577.0,248.0,674.022,,,0.6994,0.3006,,False,on_map_at_end
991,car,980.0,,820.0,,936.403,43.0,643.0,177.0,728.103,,,0.7841,0.2159,,False,on_map_at_end
996,car,984.0,,816.0,,909.43,100.0,677.0,139.0,727.517,,,0.8297,0.1703,,False,on_map_at_end
998,car,984.0,,816.0,,2531.07,100.0,416.0,400.0,587.837,,,0.5098,0.4902,,False,on_map_at_end
