step:3600/3600, q_loss:0, rewards:-45.853618706597224, queue:1.4982638888888888, delay:0.06189080874125163, throughput:1432
episode:0/200, real avg travel time:253.28631284916202
intersection:0, mean_episode_reward:-2.9775004386901855, mean_queue:3.105555534362793
intersection:1, mean_episode_reward:-3.346667766571045, mean_queue:3.4555554389953613
intersection:2, mean_episode_reward:-2.8577775955200195, mean_queue:2.9972221851348877
intersection:3, mean_episode_reward:-2.5711114406585693, mean_queue:2.719444513320923
intersection:4, mean_episode_reward:-2.8230552673339844, mean_queue:2.944444417953491
intersection:5, mean_episode_reward:-2.570000171661377, mean_queue:2.6861112117767334
intersection:6, mean_episode_reward:-2.3358330726623535, mean_queue:2.469444513320923
intersection:7, mean_episode_reward:-2.253056287765503, mean_queue:2.3805556297302246
intersection:8, mean_episode_reward:-3.493055820465088, mean_queue:3.61388897895813
intersection:9, mean_episode_reward:-3.506113052368164, mean_queue:3.6083333492279053
intersection:10, mean_episode_reward:-2.8100006580352783, mean_queue:2.894444465637207
intersection:11, mean_episode_reward:-2.989999771118164, mean_queue:3.133333444595337
intersection:12, mean_episode_reward:-2.3949995040893555, mean_queue:2.538888931274414
intersection:13, mean_episode_reward:-3.462501049041748, mean_queue:3.616666555404663
intersection:14, mean_episode_reward:-3.0680551528930664, mean_queue:3.1972222328186035
intersection:15, mean_episode_reward:-2.3938889503479004, mean_queue:2.5833332538604736
intersection:16, mean_episode_reward:0.0, mean_queue:0.0
intersection:17, mean_episode_reward:0.0, mean_queue:0.0
intersection:18, mean_episode_reward:0.0, mean_queue:0.0
intersection:19, mean_episode_reward:0.0, mean_queue:0.0
intersection:20, mean_episode_reward:0.0, mean_queue:0.0
intersection:21, mean_episode_reward:0.0, mean_queue:0.0
intersection:22, mean_episode_reward:0.0, mean_queue:0.0
intersection:23, mean_episode_reward:0.0, mean_queue:0.0
intersection:24, mean_episode_reward:0.0, mean_queue:0.0
intersection:25, mean_episode_reward:0.0, mean_queue:0.0
intersection:26, mean_episode_reward:0.0, mean_queue:0.0
intersection:27, mean_episode_reward:0.0, mean_queue:0.0
intersection:28, mean_episode_reward:0.0, mean_queue:0.0
intersection:29, mean_episode_reward:0.0, mean_queue:0.0
intersection:30, mean_episode_reward:0.0, mean_queue:0.0
intersection:31, mean_episode_reward:0.0, mean_queue:0.0
Test step:0/200, travel time :901.8308823529412, rewards:-493.46918402777777, queue:15.459635416666666, delay:0.16589667002360026, throughput:408
step:3600/3600, q_loss:0, rewards:-47.60999891493056, queue:1.5526041666666666, delay:0.06298954221937392, throughput:1427
episode:1/200, real avg travel time:257.0665732305536
intersection:0, mean_episode_reward:-2.9724996089935303, mean_queue:3.1305556297302246
intersection:1, mean_episode_reward:-2.926389217376709, mean_queue:3.047222137451172
intersection:2, mean_episode_reward:-3.800002098083496, mean_queue:3.9194445610046387
intersection:3, mean_episode_reward:-2.521667242050171, mean_queue:2.6777777671813965
intersection:4, mean_episode_reward:-3.103055238723755, mean_queue:3.2277777194976807
intersection:5, mean_episode_reward:-3.144444465637207, mean_queue:3.2277777194976807
intersection:6, mean_episode_reward:-2.586944818496704, mean_queue:2.6888887882232666
intersection:7, mean_episode_reward:-2.951944589614868, mean_queue:3.077777862548828
intersection:8, mean_episode_reward:-2.966110944747925, mean_queue:3.105555534362793
intersection:9, mean_episode_reward:-3.8152778148651123, mean_queue:3.9000000953674316
intersection:10, mean_episode_reward:-3.159168243408203, mean_queue:3.230555534362793
intersection:11, mean_episode_reward:-2.709444046020508, mean_queue:2.855555534362793
intersection:12, mean_episode_reward:-3.2561113834381104, mean_queue:3.394444465637207
intersection:13, mean_episode_reward:-3.236665964126587, mean_queue:3.3972222805023193
intersection:14, mean_episode_reward:-2.2244441509246826, mean_queue:2.383333444595337
intersection:15, mean_episode_reward:-2.2358334064483643, mean_queue:2.4194445610046387
intersection:16, mean_episode_reward:0.0, mean_queue:0.0
intersection:17, mean_episode_reward:0.0, mean_queue:0.0
intersection:18, mean_episode_reward:0.0, mean_queue:0.0
intersection:19, mean_episode_reward:0.0, mean_queue:0.0
intersection:20, mean_episode_reward:0.0, mean_queue:0.0
intersection:21, mean_episode_reward:0.0, mean_queue:0.0
intersection:22, mean_episode_reward:0.0, mean_queue:0.0
intersection:23, mean_episode_reward:0.0, mean_queue:0.0
intersection:24, mean_episode_reward:0.0, mean_queue:0.0
intersection:25, mean_episode_reward:0.0, mean_queue:0.0
intersection:26, mean_episode_reward:0.0, mean_queue:0.0
intersection:27, mean_episode_reward:0.0, mean_queue:0.0
intersection:28, mean_episode_reward:0.0, mean_queue:0.0
intersection:29, mean_episode_reward:0.0, mean_queue:0.0
intersection:30, mean_episode_reward:0.0, mean_queue:0.0
intersection:31, mean_episode_reward:0.0, mean_queue:0.0
Test step:1/200, travel time :901.8308823529412, rewards:-493.46918402777777, queue:15.459635416666666, delay:0.16589667002360026, throughput:408
step:3600/3600, q_loss:0.9901465177536011, rewards:-60.209445529513886, queue:1.9432291666666666, delay:0.07553321520487467, throughput:1327
episode:2/200, real avg travel time:259.93293142426523
intersection:0, mean_episode_reward:-4.401390075683594, mean_queue:4.5333333015441895
intersection:1, mean_episode_reward:-3.4841668605804443, mean_queue:3.586111068725586
intersection:2, mean_episode_reward:-3.9222233295440674, mean_queue:4.05555534362793
intersection:3, mean_episode_reward:-3.7216668128967285, mean_queue:3.8694443702697754
intersection:4, mean_episode_reward:-3.8988895416259766, mean_queue:4.013888835906982
intersection:5, mean_episode_reward:-2.8130545616149902, mean_queue:2.9111111164093018
intersection:6, mean_episode_reward:-3.3094451427459717, mean_queue:3.394444465637207
intersection:7, mean_episode_reward:-4.421945095062256, mean_queue:4.538888931274414
intersection:8, mean_episode_reward:-3.434999704360962, mean_queue:3.569444417953491
intersection:9, mean_episode_reward:-3.4825003147125244, mean_queue:3.569444417953491
intersection:10, mean_episode_reward:-3.6761107444763184, mean_queue:3.7638888359069824
intersection:11, mean_episode_reward:-4.035000324249268, mean_queue:4.166666507720947
intersection:12, mean_episode_reward:-3.5633320808410645, mean_queue:3.711111068725586
intersection:13, mean_episode_reward:-4.018056392669678, mean_queue:4.152777671813965
intersection:14, mean_episode_reward:-5.012778282165527, mean_queue:5.125
intersection:15, mean_episode_reward:-3.0138885974884033, mean_queue:3.222222328186035
intersection:16, mean_episode_reward:0.0, mean_queue:0.0
intersection:17, mean_episode_reward:0.0, mean_queue:0.0
intersection:18, mean_episode_reward:0.0, mean_queue:0.0
intersection:19, mean_episode_reward:0.0, mean_queue:0.0
intersection:20, mean_episode_reward:0.0, mean_queue:0.0
intersection:21, mean_episode_reward:0.0, mean_queue:0.0
intersection:22, mean_episode_reward:0.0, mean_queue:0.0
intersection:23, mean_episode_reward:0.0, mean_queue:0.0
intersection:24, mean_episode_reward:0.0, mean_queue:0.0
intersection:25, mean_episode_reward:0.0, mean_queue:0.0
intersection:26, mean_episode_reward:0.0, mean_queue:0.0
intersection:27, mean_episode_reward:0.0, mean_queue:0.0
intersection:28, mean_episode_reward:0.0, mean_queue:0.0
intersection:29, mean_episode_reward:0.0, mean_queue:0.0
intersection:30, mean_episode_reward:0.0, mean_queue:0.0
intersection:31, mean_episode_reward:0.0, mean_queue:0.0
Test step:2/200, travel time :867.2941176470588, rewards:-494.5675347222222, queue:15.493315972222222, delay:0.1684898164537218, throughput:391
step:3600/3600, q_loss:2.6220085620880127, rewards:-198.6580295138889, queue:6.238107638888889, delay:0.13323688507080078, throughput:1331
episode:3/200, real avg travel time:618.8181818181819
intersection:0, mean_episode_reward:-16.859722137451172, mean_queue:16.922222137451172
intersection:1, mean_episode_reward:-12.365276336669922, mean_queue:12.41944408416748
intersection:2, mean_episode_reward:-18.27500343322754, mean_queue:18.34722137451172
intersection:3, mean_episode_reward:-7.8388895988464355, mean_queue:7.89722204208374
intersection:4, mean_episode_reward:-10.341943740844727, mean_queue:10.413888931274414
intersection:5, mean_episode_reward:-20.355003356933594, mean_queue:20.40833282470703
intersection:6, mean_episode_reward:-11.969719886779785, mean_queue:11.991666793823242
intersection:7, mean_episode_reward:-10.924446105957031, mean_queue:10.977777481079102
intersection:8, mean_episode_reward:-15.497496604919434, mean_queue:15.530555725097656
intersection:9, mean_episode_reward:-10.220834732055664, mean_queue:10.283333778381348
intersection:10, mean_episode_reward:-7.62722110748291, mean_queue:7.6777777671813965
intersection:11, mean_episode_reward:-12.518610000610352, mean_queue:12.597222328186035
intersection:12, mean_episode_reward:-13.99388599395752, mean_queue:14.030555725097656
intersection:13, mean_episode_reward:-11.98527717590332, mean_queue:12.072221755981445
intersection:14, mean_episode_reward:-8.100001335144043, mean_queue:8.183333396911621
intersection:15, mean_episode_reward:-9.784720420837402, mean_queue:9.866666793823242
intersection:16, mean_episode_reward:0.0, mean_queue:0.0
intersection:17, mean_episode_reward:0.0, mean_queue:0.0
intersection:18, mean_episode_reward:0.0, mean_queue:0.0
intersection:19, mean_episode_reward:0.0, mean_queue:0.0
intersection:20, mean_episode_reward:0.0, mean_queue:0.0
intersection:21, mean_episode_reward:0.0, mean_queue:0.0
intersection:22, mean_episode_reward:0.0, mean_queue:0.0
intersection:23, mean_episode_reward:0.0, mean_queue:0.0
intersection:24, mean_episode_reward:0.0, mean_queue:0.0
intersection:25, mean_episode_reward:0.0, mean_queue:0.0
intersection:26, mean_episode_reward:0.0, mean_queue:0.0
intersection:27, mean_episode_reward:0.0, mean_queue:0.0
intersection:28, mean_episode_reward:0.0, mean_queue:0.0
intersection:29, mean_episode_reward:0.0, mean_queue:0.0
intersection:30, mean_episode_reward:0.0, mean_queue:0.0
intersection:31, mean_episode_reward:0.0, mean_queue:0.0
Test step:3/200, travel time :790.8265524625268, rewards:-475.50967881944445, queue:14.895659722222222, delay:0.1706392076280382, throughput:467
step:3600/3600, q_loss:10.375223159790039, rewards:-141.37667100694443, queue:4.451041666666667, delay:0.11937751770019531, throughput:1347
episode:4/200, real avg travel time:456.84929472902746
intersection:0, mean_episode_reward:-7.050551891326904, mean_queue:7.108333110809326
intersection:1, mean_episode_reward:-10.403888702392578, mean_queue:10.452777862548828
intersection:2, mean_episode_reward:-12.861948013305664, mean_queue:12.922222137451172
intersection:3, mean_episode_reward:-6.603058338165283, mean_queue:6.688889026641846
intersection:4, mean_episode_reward:-13.965553283691406, mean_queue:14.022222518920898
intersection:5, mean_episode_reward:-9.270832061767578, mean_queue:9.341666221618652
intersection:6, mean_episode_reward:-9.436668395996094, mean_queue:9.497221946716309
intersection:7, mean_episode_reward:-6.515833377838135, mean_queue:6.599999904632568
intersection:8, mean_episode_reward:-10.431111335754395, mean_queue:10.48888874053955
intersection:9, mean_episode_reward:-3.053332805633545, mean_queue:3.1305556297302246
intersection:10, mean_episode_reward:-4.911112308502197, mean_queue:4.952777862548828
intersection:11, mean_episode_reward:-13.251388549804688, mean_queue:13.350000381469727
intersection:12, mean_episode_reward:-9.378331184387207, mean_queue:9.422222137451172
intersection:13, mean_episode_reward:-10.206942558288574, mean_queue:10.286110877990723
intersection:14, mean_episode_reward:-4.941666603088379, mean_queue:5.0
intersection:15, mean_episode_reward:-9.094443321228027, mean_queue:9.16944408416748
intersection:16, mean_episode_reward:0.0, mean_queue:0.0
intersection:17, mean_episode_reward:0.0, mean_queue:0.0
intersection:18, mean_episode_reward:0.0, mean_queue:0.0
intersection:19, mean_episode_reward:0.0, mean_queue:0.0
intersection:20, mean_episode_reward:0.0, mean_queue:0.0
intersection:21, mean_episode_reward:0.0, mean_queue:0.0
intersection:22, mean_episode_reward:0.0, mean_queue:0.0
intersection:23, mean_episode_reward:0.0, mean_queue:0.0
intersection:24, mean_episode_reward:0.0, mean_queue:0.0
intersection:25, mean_episode_reward:0.0, mean_queue:0.0
intersection:26, mean_episode_reward:0.0, mean_queue:0.0
intersection:27, mean_episode_reward:0.0, mean_queue:0.0
intersection:28, mean_episode_reward:0.0, mean_queue:0.0
intersection:29, mean_episode_reward:0.0, mean_queue:0.0
intersection:30, mean_episode_reward:0.0, mean_queue:0.0
intersection:31, mean_episode_reward:0.0, mean_queue:0.0
Test step:4/200, travel time :625.7746967071057, rewards:-410.8530381944444, queue:12.879166666666666, delay:0.1476713498433431, throughput:577
step:3600/3600, q_loss:12.933792114257812, rewards:-111.73139105902777, queue:3.5319444444444446, delay:0.11112606260511611, throughput:1391
episode:5/200, real avg travel time:401.63048166786484
intersection:0, mean_episode_reward:-7.480277061462402, mean_queue:7.563889026641846
intersection:1, mean_episode_reward:-8.346110343933105, mean_queue:8.411110877990723
intersection:2, mean_episode_reward:-9.370832443237305, mean_queue:9.408333778381348
intersection:3, mean_episode_reward:-3.2733347415924072, mean_queue:3.4194445610046387
intersection:4, mean_episode_reward:-10.339446067810059, mean_queue:10.416666984558105
intersection:5, mean_episode_reward:-6.248888969421387, mean_queue:6.286110877990723
intersection:6, mean_episode_reward:-9.172224044799805, mean_queue:9.26388931274414
intersection:7, mean_episode_reward:-4.077779293060303, mean_queue:4.166666507720947
intersection:8, mean_episode_reward:-9.24777603149414, mean_queue:9.288888931274414
intersection:9, mean_episode_reward:-4.731390476226807, mean_queue:4.791666507720947
intersection:10, mean_episode_reward:-4.09138822555542, mean_queue:4.1777777671813965
intersection:11, mean_episode_reward:-6.142778396606445, mean_queue:6.241666793823242
intersection:12, mean_episode_reward:-7.37222146987915, mean_queue:7.486111164093018
intersection:13, mean_episode_reward:-13.471948623657227, mean_queue:13.54444408416748
intersection:14, mean_episode_reward:-2.624722480773926, mean_queue:2.719444513320923
intersection:15, mean_episode_reward:-5.740277290344238, mean_queue:5.836111068725586
intersection:16, mean_episode_reward:0.0, mean_queue:0.0
intersection:17, mean_episode_reward:0.0, mean_queue:0.0
intersection:18, mean_episode_reward:0.0, mean_queue:0.0
intersection:19, mean_episode_reward:0.0, mean_queue:0.0
intersection:20, mean_episode_reward:0.0, mean_queue:0.0
intersection:21, mean_episode_reward:0.0, mean_queue:0.0
intersection:22, mean_episode_reward:0.0, mean_queue:0.0
intersection:23, mean_episode_reward:0.0, mean_queue:0.0
intersection:24, mean_episode_reward:0.0, mean_queue:0.0
intersection:25, mean_episode_reward:0.0, mean_queue:0.0
intersection:26, mean_episode_reward:0.0, mean_queue:0.0
intersection:27, mean_episode_reward:0.0, mean_queue:0.0
intersection:28, mean_episode_reward:0.0, mean_queue:0.0
intersection:29, mean_episode_reward:0.0, mean_queue:0.0
intersection:30, mean_episode_reward:0.0, mean_queue:0.0
intersection:31, mean_episode_reward:0.0, mean_queue:0.0
Test step:5/200, travel time :541.2457212713937, rewards:-313.5849826388889, queue:9.842621527777778, delay:0.14899251725938584, throughput:818
step:3600/3600, q_loss:11.003873825073242, rewards:-87.72638888888889, queue:2.7909722222222224, delay:0.09813535478379991, throughput:1398
episode:6/200, real avg travel time:348.15307582260374
intersection:0, mean_episode_reward:-7.380001544952393, mean_queue:7.488888740539551
intersection:1, mean_episode_reward:-4.544166564941406, mean_queue:4.6583333015441895
intersection:2, mean_episode_reward:-5.781666278839111, mean_queue:5.891666889190674
intersection:3, mean_episode_reward:-2.037222385406494, mean_queue:2.2083332538604736
intersection:4, mean_episode_reward:-7.723612308502197, mean_queue:7.813889026641846
intersection:5, mean_episode_reward:-6.4413886070251465, mean_queue:6.497222423553467
intersection:6, mean_episode_reward:-8.181111335754395, mean_queue:8.258333206176758
intersection:7, mean_episode_reward:-3.8938887119293213, mean_queue:3.9972221851348877
intersection:8, mean_episode_reward:-8.763333320617676, mean_queue:8.802778244018555
intersection:9, mean_episode_reward:-2.802222490310669, mean_queue:2.883333444595337
intersection:10, mean_episode_reward:-3.2049992084503174, mean_queue:3.299999952316284
intersection:11, mean_episode_reward:-7.412224769592285, mean_queue:7.497222423553467
intersection:12, mean_episode_reward:-4.2411112785339355, mean_queue:4.344444274902344
intersection:13, mean_episode_reward:-9.097777366638184, mean_queue:9.197221755981445
intersection:14, mean_episode_reward:-1.9213887453079224, mean_queue:2.0527777671813965
intersection:15, mean_episode_reward:-4.300277233123779, mean_queue:4.419444561004639
intersection:16, mean_episode_reward:0.0, mean_queue:0.0
intersection:17, mean_episode_reward:0.0, mean_queue:0.0
intersection:18, mean_episode_reward:0.0, mean_queue:0.0
intersection:19, mean_episode_reward:0.0, mean_queue:0.0
intersection:20, mean_episode_reward:0.0, mean_queue:0.0
intersection:21, mean_episode_reward:0.0, mean_queue:0.0
intersection:22, mean_episode_reward:0.0, mean_queue:0.0
intersection:23, mean_episode_reward:0.0, mean_queue:0.0
intersection:24, mean_episode_reward:0.0, mean_queue:0.0
intersection:25, mean_episode_reward:0.0, mean_queue:0.0
intersection:26, mean_episode_reward:0.0, mean_queue:0.0
intersection:27, mean_episode_reward:0.0, mean_queue:0.0
intersection:28, mean_episode_reward:0.0, mean_queue:0.0
intersection:29, mean_episode_reward:0.0, mean_queue:0.0
intersection:30, mean_episode_reward:0.0, mean_queue:0.0
intersection:31, mean_episode_reward:0.0, mean_queue:0.0
Test step:6/200, travel time :557.3976531942634, rewards:-330.20859375, queue:10.366753472222221, delay:0.13248833550347222, throughput:767
step:3600/3600, q_loss:8.500492095947266, rewards:-64.45972764756945, queue:2.0641493055555555, delay:0.08820130030314127, throughput:1423
episode:7/200, real avg travel time:300.5382993675334
intersection:0, mean_episode_reward:-5.342222213745117, mean_queue:5.4083333015441895
intersection:1, mean_episode_reward:-4.152499675750732, mean_queue:4.25
intersection:2, mean_episode_reward:-4.109167575836182, mean_queue:4.208333492279053
intersection:3, mean_episode_reward:-1.8433337211608887, mean_queue:1.9972221851348877
intersection:4, mean_episode_reward:-6.060278415679932, mean_queue:6.150000095367432
intersection:5, mean_episode_reward:-4.483334541320801, mean_queue:4.580555438995361
intersection:6, mean_episode_reward:-1.9116663932800293, mean_queue:1.9916666746139526
intersection:7, mean_episode_reward:-4.125556468963623, mean_queue:4.202777862548828
intersection:8, mean_episode_reward:-6.595555305480957, mean_queue:6.638888835906982
intersection:9, mean_episode_reward:-2.106388568878174, mean_queue:2.183333396911621
intersection:10, mean_episode_reward:-1.7877780199050903, mean_queue:1.880555510520935
intersection:11, mean_episode_reward:-5.461388111114502, mean_queue:5.56944465637207
intersection:12, mean_episode_reward:-3.789722442626953, mean_queue:3.913888931274414
intersection:13, mean_episode_reward:-8.799723625183105, mean_queue:8.911110877990723
intersection:14, mean_episode_reward:-1.630833387374878, mean_queue:1.7388888597488403
intersection:15, mean_episode_reward:-2.2602779865264893, mean_queue:2.4277777671813965
intersection:16, mean_episode_reward:0.0, mean_queue:0.0
intersection:17, mean_episode_reward:0.0, mean_queue:0.0
intersection:18, mean_episode_reward:0.0, mean_queue:0.0
intersection:19, mean_episode_reward:0.0, mean_queue:0.0
intersection:20, mean_episode_reward:0.0, mean_queue:0.0
intersection:21, mean_episode_reward:0.0, mean_queue:0.0
intersection:22, mean_episode_reward:0.0, mean_queue:0.0
intersection:23, mean_episode_reward:0.0, mean_queue:0.0
intersection:24, mean_episode_reward:0.0, mean_queue:0.0
intersection:25, mean_episode_reward:0.0, mean_queue:0.0
intersection:26, mean_episode_reward:0.0, mean_queue:0.0
intersection:27, mean_episode_reward:0.0, mean_queue:0.0
intersection:28, mean_episode_reward:0.0, mean_queue:0.0
intersection:29, mean_episode_reward:0.0, mean_queue:0.0
intersection:30, mean_episode_reward:0.0, mean_queue:0.0
intersection:31, mean_episode_reward:0.0, mean_queue:0.0
Test step:7/200, travel time :355.0933786078098, rewards:-141.89110243055555, queue:4.489149305555555, delay:0.0990661727057563, throughput:1178
step:3600/3600, q_loss:6.375720024108887, rewards:-55.41139322916667, queue:1.7850694444444444, delay:0.08047127723693848, throughput:1434
episode:8/200, real avg travel time:281.942119944212
intersection:0, mean_episode_reward:-3.815000295639038, mean_queue:3.9277777671813965
intersection:1, mean_episode_reward:-7.398055076599121, mean_queue:7.5
intersection:2, mean_episode_reward:-5.7583327293396, mean_queue:5.830555438995361
intersection:3, mean_episode_reward:-1.5486109256744385, mean_queue:1.6888889074325562
intersection:4, mean_episode_reward:-3.6641671657562256, mean_queue:3.808333396911621
intersection:5, mean_episode_reward:-3.0511107444763184, mean_queue:3.1472222805023193
intersection:6, mean_episode_reward:-2.4361116886138916, mean_queue:2.5333333015441895
intersection:7, mean_episode_reward:-1.525277853012085, mean_queue:1.6361111402511597
intersection:8, mean_episode_reward:-6.888891696929932, mean_queue:6.949999809265137
intersection:9, mean_episode_reward:-1.6183334589004517, mean_queue:1.6972222328186035
intersection:10, mean_episode_reward:-2.166944980621338, mean_queue:2.2555556297302246
intersection:11, mean_episode_reward:-3.674722671508789, mean_queue:3.777777671813965
intersection:12, mean_episode_reward:-3.021944522857666, mean_queue:3.1305556297302246
intersection:13, mean_episode_reward:-4.051111221313477, mean_queue:4.166666507720947
intersection:14, mean_episode_reward:-3.043612003326416, mean_queue:3.172222137451172
intersection:15, mean_episode_reward:-1.749166488647461, mean_queue:1.899999976158142
intersection:16, mean_episode_reward:0.0, mean_queue:0.0
intersection:17, mean_episode_reward:0.0, mean_queue:0.0
intersection:18, mean_episode_reward:0.0, mean_queue:0.0
intersection:19, mean_episode_reward:0.0, mean_queue:0.0
intersection:20, mean_episode_reward:0.0, mean_queue:0.0
intersection:21, mean_episode_reward:0.0, mean_queue:0.0
intersection:22, mean_episode_reward:0.0, mean_queue:0.0
intersection:23, mean_episode_reward:0.0, mean_queue:0.0
intersection:24, mean_episode_reward:0.0, mean_queue:0.0
intersection:25, mean_episode_reward:0.0, mean_queue:0.0
intersection:26, mean_episode_reward:0.0, mean_queue:0.0
intersection:27, mean_episode_reward:0.0, mean_queue:0.0
intersection:28, mean_episode_reward:0.0, mean_queue:0.0
intersection:29, mean_episode_reward:0.0, mean_queue:0.0
intersection:30, mean_episode_reward:0.0, mean_queue:0.0
intersection:31, mean_episode_reward:0.0, mean_queue:0.0
Test step:8/200, travel time :350.4094861660079, rewards:-119.63166232638889, queue:3.7940104166666666, delay:0.09984327952067057, throughput:1265
step:3600/3600, q_loss:5.095190525054932, rewards:-47.721668836805556, queue:1.5490451388888888, delay:0.07445633146497939, throughput:1438
episode:9/200, real avg travel time:260.528511821975
intersection:0, mean_episode_reward:-2.8397231101989746, mean_queue:2.972222328186035
intersection:1, mean_episode_reward:-2.804166555404663, mean_queue:2.9277777671813965
intersection:2, mean_episode_reward:-5.087221145629883, mean_queue:5.1972222328186035
intersection:3, mean_episode_reward:-1.8197219371795654, mean_queue:1.9388889074325562
intersection:4, mean_episode_reward:-5.35666561126709, mean_queue:5.472222328186035
intersection:5, mean_episode_reward:-2.58805513381958, mean_queue:2.6777777671813965
intersection:6, mean_episode_reward:-2.3669443130493164, mean_queue:2.450000047683716
intersection:7, mean_episode_reward:-1.4655556678771973, mean_queue:1.586111068725586
intersection:8, mean_episode_reward:-4.483333110809326, mean_queue:4.56944465637207
intersection:9, mean_episode_reward:-1.4338887929916382, mean_queue:1.5361111164093018
intersection:10, mean_episode_reward:-2.3038887977600098, mean_queue:2.394444465637207
intersection:11, mean_episode_reward:-4.440556049346924, mean_queue:4.5722222328186035
intersection:12, mean_episode_reward:-3.353888511657715, mean_queue:3.424999952316284
intersection:13, mean_episode_reward:-4.277778625488281, mean_queue:4.463889122009277
intersection:14, mean_episode_reward:-1.29444420337677, mean_queue:1.4166666269302368
intersection:15, mean_episode_reward:-1.8058334589004517, mean_queue:1.9694443941116333
intersection:16, mean_episode_reward:0.0, mean_queue:0.0
intersection:17, mean_episode_reward:0.0, mean_queue:0.0
intersection:18, mean_episode_reward:0.0, mean_queue:0.0
intersection:19, mean_episode_reward:0.0, mean_queue:0.0
intersection:20, mean_episode_reward:0.0, mean_queue:0.0
intersection:21, mean_episode_reward:0.0, mean_queue:0.0
intersection:22, mean_episode_reward:0.0, mean_queue:0.0
intersection:23, mean_episode_reward:0.0, mean_queue:0.0
intersection:24, mean_episode_reward:0.0, mean_queue:0.0
intersection:25, mean_episode_reward:0.0, mean_queue:0.0
intersection:26, mean_episode_reward:0.0, mean_queue:0.0
intersection:27, mean_episode_reward:0.0, mean_queue:0.0
intersection:28, mean_episode_reward:0.0, mean_queue:0.0
intersection:29, mean_episode_reward:0.0, mean_queue:0.0
intersection:30, mean_episode_reward:0.0, mean_queue:0.0
intersection:31, mean_episode_reward:0.0, mean_queue:0.0
Test step:9/200, travel time :286.5110946745562, rewards:-78.20916883680556, queue:2.5010416666666666, delay:0.08566206826104059, throughput:1352
step:3600/3600, q_loss:4.146732330322266, rewards:-34.95027940538194, queue:1.152517361111111, delay:0.06206844647725423, throughput:1442
episode:10/200, real avg travel time:229.8606102635229
intersection:0, mean_episode_reward:-3.257500171661377, mean_queue:3.3722221851348877
intersection:1, mean_episode_reward:-2.742500066757202, mean_queue:2.866666555404663
intersection:2, mean_episode_reward:-2.6038880348205566, mean_queue:2.7249999046325684
intersection:3, mean_episode_reward:-0.6288889646530151, mean_queue:0.7777777910232544
intersection:4, mean_episode_reward:-3.6755564212799072, mean_queue:3.819444417953491
intersection:5, mean_episode_reward:-1.7805558443069458, mean_queue:1.8777778148651123
intersection:6, mean_episode_reward:-1.851111650466919, mean_queue:1.9527777433395386
intersection:7, mean_episode_reward:-1.0936111211776733, mean_queue:1.2000000476837158
intersection:8, mean_episode_reward:-4.509167671203613, mean_queue:4.611111164093018
intersection:9, mean_episode_reward:-1.2527775764465332, mean_queue:1.3583333492279053
intersection:10, mean_episode_reward:-1.7300002574920654, mean_queue:1.7999999523162842
intersection:11, mean_episode_reward:-2.5063881874084473, mean_queue:2.6388888359069824
intersection:12, mean_episode_reward:-2.695833921432495, mean_queue:2.825000047683716
intersection:13, mean_episode_reward:-2.3727784156799316, mean_queue:2.5222222805023193
intersection:14, mean_episode_reward:-1.3308331966400146, mean_queue:1.4361110925674438
intersection:15, mean_episode_reward:-0.9188889265060425, mean_queue:1.0972222089767456
intersection:16, mean_episode_reward:0.0, mean_queue:0.0
intersection:17, mean_episode_reward:0.0, mean_queue:0.0
intersection:18, mean_episode_reward:0.0, mean_queue:0.0
intersection:19, mean_episode_reward:0.0, mean_queue:0.0
intersection:20, mean_episode_reward:0.0, mean_queue:0.0
intersection:21, mean_episode_reward:0.0, mean_queue:0.0
intersection:22, mean_episode_reward:0.0, mean_queue:0.0
intersection:23, mean_episode_reward:0.0, mean_queue:0.0
intersection:24, mean_episode_reward:0.0, mean_queue:0.0
intersection:25, mean_episode_reward:0.0, mean_queue:0.0
intersection:26, mean_episode_reward:0.0, mean_queue:0.0
intersection:27, mean_episode_reward:0.0, mean_queue:0.0
intersection:28, mean_episode_reward:0.0, mean_queue:0.0
intersection:29, mean_episode_reward:0.0, mean_queue:0.0
intersection:30, mean_episode_reward:0.0, mean_queue:0.0
intersection:31, mean_episode_reward:0.0, mean_queue:0.0
Test step:10/200, travel time :279.89639970609846, rewards:-71.02249891493055, queue:2.2772569444444444, delay:0.07573129336039225, throughput:1361
step:3600/3600, q_loss:3.3041155338287354, rewards:-27.640272352430557, queue:0.92578125, delay:0.054268964131673175, throughput:1446
episode:11/200, real avg travel time:214.40525587828492
intersection:0, mean_episode_reward:-3.153610944747925, mean_queue:3.280555486679077
intersection:1, mean_episode_reward:-1.5797220468521118, mean_queue:1.7055555582046509
intersection:2, mean_episode_reward:-1.7619444131851196, mean_queue:1.9027777910232544
intersection:3, mean_episode_reward:-0.8016664385795593, mean_queue:0.9666666388511658
intersection:4, mean_episode_reward:-2.53694486618042, mean_queue:2.6611111164093018
intersection:5, mean_episode_reward:-1.0605555772781372, mean_queue:1.1666666269302368
intersection:6, mean_episode_reward:-1.741944432258606, mean_queue:1.8111110925674438
intersection:7, mean_episode_reward:-0.7191667556762695, mean_queue:0.855555534362793
intersection:8, mean_episode_reward:-2.963610887527466, mean_queue:3.066666603088379
intersection:9, mean_episode_reward:-1.4555555582046509, mean_queue:1.5583332777023315
intersection:10, mean_episode_reward:-0.9511107802391052, mean_queue:1.0444444417953491
intersection:11, mean_episode_reward:-2.2058329582214355, mean_queue:2.3138887882232666
intersection:12, mean_episode_reward:-2.2952771186828613, mean_queue:2.4083333015441895
intersection:13, mean_episode_reward:-2.779721260070801, mean_queue:2.9638888835906982
intersection:14, mean_episode_reward:-0.9108332395553589, mean_queue:1.019444465637207
intersection:15, mean_episode_reward:-0.722777783870697, mean_queue:0.8999999761581421
intersection:16, mean_episode_reward:0.0, mean_queue:0.0
intersection:17, mean_episode_reward:0.0, mean_queue:0.0
intersection:18, mean_episode_reward:0.0, mean_queue:0.0
intersection:19, mean_episode_reward:0.0, mean_queue:0.0
intersection:20, mean_episode_reward:0.0, mean_queue:0.0
intersection:21, mean_episode_reward:0.0, mean_queue:0.0
intersection:22, mean_episode_reward:0.0, mean_queue:0.0
intersection:23, mean_episode_reward:0.0, mean_queue:0.0
intersection:24, mean_episode_reward:0.0, mean_queue:0.0
intersection:25, mean_episode_reward:0.0, mean_queue:0.0
intersection:26, mean_episode_reward:0.0, mean_queue:0.0
intersection:27, mean_episode_reward:0.0, mean_queue:0.0
intersection:28, mean_episode_reward:0.0, mean_queue:0.0
intersection:29, mean_episode_reward:0.0, mean_queue:0.0
intersection:30, mean_episode_reward:0.0, mean_queue:0.0
intersection:31, mean_episode_reward:0.0, mean_queue:0.0
Test step:11/200, travel time :233.88824801730354, rewards:-49.125835503472224, queue:1.5950520833333333, delay:0.059626007080078126, throughput:1387
step:3600/3600, q_loss:2.528428792953491, rewards:-27.197498914930556, queue:0.9090277777777778, delay:0.0529459105597602, throughput:1446
episode:12/200, real avg travel time:212.5850622406639
intersection:0, mean_episode_reward:-3.335278034210205, mean_queue:3.4388887882232666
intersection:1, mean_episode_reward:-1.3549996614456177, mean_queue:1.4527777433395386
intersection:2, mean_episode_reward:-2.2780566215515137, mean_queue:2.4111111164093018
intersection:3, mean_episode_reward:-0.7613888382911682, mean_queue:0.9111111164093018
intersection:4, mean_episode_reward:-2.0730550289154053, mean_queue:2.2083332538604736
intersection:5, mean_episode_reward:-2.056389093399048, mean_queue:2.152777671813965
intersection:6, mean_episode_reward:-2.42722225189209, mean_queue:2.5250000953674316
intersection:7, mean_episode_reward:-0.6775001287460327, mean_queue:0.7888888716697693
intersection:8, mean_episode_reward:-2.688333034515381, mean_queue:2.8027777671813965
intersection:9, mean_episode_reward:-1.3774998188018799, mean_queue:1.4500000476837158
intersection:10, mean_episode_reward:-0.9711108803749084, mean_queue:1.0416666269302368
intersection:11, mean_episode_reward:-1.3530558347702026, mean_queue:1.5138888359069824
intersection:12, mean_episode_reward:-2.338611125946045, mean_queue:2.452777862548828
intersection:13, mean_episode_reward:-2.2502777576446533, mean_queue:2.4111111164093018
intersection:14, mean_episode_reward:-0.600555419921875, mean_queue:0.7083333134651184
intersection:15, mean_episode_reward:-0.6541666388511658, mean_queue:0.8194444179534912
intersection:16, mean_episode_reward:0.0, mean_queue:0.0
intersection:17, mean_episode_reward:0.0, mean_queue:0.0
intersection:18, mean_episode_reward:0.0, mean_queue:0.0
intersection:19, mean_episode_reward:0.0, mean_queue:0.0
intersection:20, mean_episode_reward:0.0, mean_queue:0.0
intersection:21, mean_episode_reward:0.0, mean_queue:0.0
intersection:22, mean_episode_reward:0.0, mean_queue:0.0
intersection:23, mean_episode_reward:0.0, mean_queue:0.0
intersection:24, mean_episode_reward:0.0, mean_queue:0.0
intersection:25, mean_episode_reward:0.0, mean_queue:0.0
intersection:26, mean_episode_reward:0.0, mean_queue:0.0
intersection:27, mean_episode_reward:0.0, mean_queue:0.0
intersection:28, mean_episode_reward:0.0, mean_queue:0.0
intersection:29, mean_episode_reward:0.0, mean_queue:0.0
intersection:30, mean_episode_reward:0.0, mean_queue:0.0
intersection:31, mean_episode_reward:0.0, mean_queue:0.0
Test step:12/200, travel time :219.45296167247386, rewards:-31.498334418402777, queue:1.0419270833333334, delay:0.05650149981180827, throughput:1435
step:3600/3600, q_loss:2.0367465019226074, rewards:-24.497222222222224, queue:0.8275173611111111, delay:0.0481928825378418, throughput:1447
episode:13/200, real avg travel time:205.37111264685555
intersection:0, mean_episode_reward:-2.4422223567962646, mean_queue:2.5722222328186035
intersection:1, mean_episode_reward:-1.0227779150009155, mean_queue:1.149999976158142
intersection:2, mean_episode_reward:-1.7555558681488037, mean_queue:1.880555510520935
intersection:3, mean_episode_reward:-0.7188889384269714, mean_queue:0.8527777791023254
intersection:4, mean_episode_reward:-1.7722222805023193, mean_queue:1.9083333015441895
intersection:5, mean_episode_reward:-2.0433335304260254, mean_queue:2.1583333015441895
intersection:6, mean_episode_reward:-1.803610920906067, mean_queue:1.8916666507720947
intersection:7, mean_episode_reward:-0.5680555701255798, mean_queue:0.6972222328186035
intersection:8, mean_episode_reward:-3.6049997806549072, mean_queue:3.741666555404663
intersection:9, mean_episode_reward:-1.3808330297470093, mean_queue:1.4472222328186035
intersection:10, mean_episode_reward:-1.0683331489562988, mean_queue:1.1388888359069824
intersection:11, mean_episode_reward:-1.2291666269302368, mean_queue:1.3861111402511597
intersection:12, mean_episode_reward:-1.5694444179534912, mean_queue:1.6722222566604614
intersection:13, mean_episode_reward:-2.270554780960083, mean_queue:2.472222328186035
intersection:14, mean_episode_reward:-0.6994443535804749, mean_queue:0.7916666865348816
intersection:15, mean_episode_reward:-0.5477777719497681, mean_queue:0.7194444537162781
intersection:16, mean_episode_reward:0.0, mean_queue:0.0
intersection:17, mean_episode_reward:0.0, mean_queue:0.0
intersection:18, mean_episode_reward:0.0, mean_queue:0.0
intersection:19, mean_episode_reward:0.0, mean_queue:0.0
intersection:20, mean_episode_reward:0.0, mean_queue:0.0
intersection:21, mean_episode_reward:0.0, mean_queue:0.0
intersection:22, mean_episode_reward:0.0, mean_queue:0.0
intersection:23, mean_episode_reward:0.0, mean_queue:0.0
intersection:24, mean_episode_reward:0.0, mean_queue:0.0
intersection:25, mean_episode_reward:0.0, mean_queue:0.0
intersection:26, mean_episode_reward:0.0, mean_queue:0.0
intersection:27, mean_episode_reward:0.0, mean_queue:0.0
intersection:28, mean_episode_reward:0.0, mean_queue:0.0
intersection:29, mean_episode_reward:0.0, mean_queue:0.0
intersection:30, mean_episode_reward:0.0, mean_queue:0.0
intersection:31, mean_episode_reward:0.0, mean_queue:0.0
Test step:13/200, travel time :212.88515406162466, rewards:-30.739444986979166, queue:1.0157118055555556, delay:0.05239683787027995, throughput:1428
step:3600/3600, q_loss:1.648141860961914, rewards:-21.91999782986111, queue:0.7456597222222222, delay:0.045878394444783525, throughput:1449
episode:14/200, real avg travel time:201.55210489993098
intersection:0, mean_episode_reward:-2.9641668796539307, mean_queue:3.0999999046325684
intersection:1, mean_episode_reward:-0.9749996662139893, mean_queue:1.0638889074325562
intersection:2, mean_episode_reward:-2.98972225189209, mean_queue:3.1194443702697754
intersection:3, mean_episode_reward:-0.7091666460037231, mean_queue:0.8638888597488403
intersection:4, mean_episode_reward:-1.047777533531189, mean_queue:1.2000000476837158
intersection:5, mean_episode_reward:-1.0944443941116333, mean_queue:1.2027777433395386
intersection:6, mean_episode_reward:-1.4080556631088257, mean_queue:1.4972221851348877
intersection:7, mean_episode_reward:-0.6641665697097778, mean_queue:0.7833333611488342
intersection:8, mean_episode_reward:-2.203611373901367, mean_queue:2.3305554389953613
intersection:9, mean_episode_reward:-1.2427774667739868, mean_queue:1.3027777671813965
intersection:10, mean_episode_reward:-0.9572219252586365, mean_queue:1.0305556058883667
intersection:11, mean_episode_reward:-1.0691661834716797, mean_queue:1.211111068725586
intersection:12, mean_episode_reward:-1.2372223138809204, mean_queue:1.3472222089767456
intersection:13, mean_episode_reward:-2.1794443130493164, mean_queue:2.3499999046325684
intersection:14, mean_episode_reward:-0.7011110782623291, mean_queue:0.8138889074325562
intersection:15, mean_episode_reward:-0.4769443869590759, mean_queue:0.644444465637207
intersection:16, mean_episode_reward:0.0, mean_queue:0.0
intersection:17, mean_episode_reward:0.0, mean_queue:0.0
intersection:18, mean_episode_reward:0.0, mean_queue:0.0
intersection:19, mean_episode_reward:0.0, mean_queue:0.0
intersection:20, mean_episode_reward:0.0, mean_queue:0.0
intersection:21, mean_episode_reward:0.0, mean_queue:0.0
intersection:22, mean_episode_reward:0.0, mean_queue:0.0
intersection:23, mean_episode_reward:0.0, mean_queue:0.0
intersection:24, mean_episode_reward:0.0, mean_queue:0.0
intersection:25, mean_episode_reward:0.0, mean_queue:0.0
intersection:26, mean_episode_reward:0.0, mean_queue:0.0
intersection:27, mean_episode_reward:0.0, mean_queue:0.0
intersection:28, mean_episode_reward:0.0, mean_queue:0.0
intersection:29, mean_episode_reward:0.0, mean_queue:0.0
intersection:30, mean_episode_reward:0.0, mean_queue:0.0
intersection:31, mean_episode_reward:0.0, mean_queue:0.0
Test step:14/200, travel time :200.29256428075053, rewards:-23.947501627604165, queue:0.8060763888888889, delay:0.045156701405843096, throughput:1439
step:3600/3600, q_loss:1.4126511812210083, rewards:-17.37444390190972, queue:0.6020833333333333, delay:0.04044503900739882, throughput:1449
episode:15/200, real avg travel time:191.15251897860594
intersection:0, mean_episode_reward:-1.3319439888000488, mean_queue:1.4555555582046509
intersection:1, mean_episode_reward:-0.9236107468605042, mean_queue:1.0416666269302368
intersection:2, mean_episode_reward:-2.01611065864563, mean_queue:2.1277778148651123
intersection:3, mean_episode_reward:-0.704444408416748, mean_queue:0.8527777791023254
intersection:4, mean_episode_reward:-0.9058332443237305, mean_queue:1.0222222805023193
intersection:5, mean_episode_reward:-0.6438887119293213, mean_queue:0.7555555701255798
intersection:6, mean_episode_reward:-1.40666663646698, mean_queue:1.505555510520935
intersection:7, mean_episode_reward:-0.6619445085525513, mean_queue:0.7611111402511597
intersection:8, mean_episode_reward:-1.7413889169692993, mean_queue:1.8583333492279053
intersection:9, mean_episode_reward:-0.9033330082893372, mean_queue:0.9861111044883728
intersection:10, mean_episode_reward:-0.9224998354911804, mean_queue:1.005555510520935
intersection:11, mean_episode_reward:-1.040555715560913, mean_queue:1.1777777671813965
intersection:12, mean_episode_reward:-1.0519442558288574, mean_queue:1.1749999523162842
intersection:13, mean_episode_reward:-2.031111478805542, mean_queue:2.1972222328186035
intersection:14, mean_episode_reward:-0.6083333492279053, mean_queue:0.699999988079071
intersection:15, mean_episode_reward:-0.4808333218097687, mean_queue:0.644444465637207
intersection:16, mean_episode_reward:0.0, mean_queue:0.0
intersection:17, mean_episode_reward:0.0, mean_queue:0.0
intersection:18, mean_episode_reward:0.0, mean_queue:0.0
intersection:19, mean_episode_reward:0.0, mean_queue:0.0
intersection:20, mean_episode_reward:0.0, mean_queue:0.0
intersection:21, mean_episode_reward:0.0, mean_queue:0.0
intersection:22, mean_episode_reward:0.0, mean_queue:0.0
intersection:23, mean_episode_reward:0.0, mean_queue:0.0
intersection:24, mean_episode_reward:0.0, mean_queue:0.0
intersection:25, mean_episode_reward:0.0, mean_queue:0.0
intersection:26, mean_episode_reward:0.0, mean_queue:0.0
intersection:27, mean_episode_reward:0.0, mean_queue:0.0
intersection:28, mean_episode_reward:0.0, mean_queue:0.0
intersection:29, mean_episode_reward:0.0, mean_queue:0.0
intersection:30, mean_episode_reward:0.0, mean_queue:0.0
intersection:31, mean_episode_reward:0.0, mean_queue:0.0
Test step:15/200, travel time :194.34806629834253, rewards:-18.7875, queue:0.6460069444444444, delay:0.039608897103203665, throughput:1448
step:3600/3600, q_loss:1.2135744094848633, rewards:-14.663332790798611, queue:0.5167534722222222, delay:0.03567292425367567, throughput:1449
episode:16/200, real avg travel time:184.1304347826087
intersection:0, mean_episode_reward:-0.8758330345153809, mean_queue:0.9777777791023254
intersection:1, mean_episode_reward:-0.9624998569488525, mean_queue:1.0805555582046509
intersection:2, mean_episode_reward:-1.966111421585083, mean_queue:2.086111068725586
intersection:3, mean_episode_reward:-0.6349999308586121, mean_queue:0.7555555701255798
intersection:4, mean_episode_reward:-0.8466664552688599, mean_queue:0.9694444537162781
intersection:5, mean_episode_reward:-0.6480555534362793, mean_queue:0.75
intersection:6, mean_episode_reward:-0.9694444537162781, mean_queue:1.0555555820465088
intersection:7, mean_episode_reward:-0.590833306312561, mean_queue:0.6916666626930237
intersection:8, mean_episode_reward:-1.2716667652130127, mean_queue:1.4027777910232544
intersection:9, mean_episode_reward:-0.8774998188018799, mean_queue:0.9444444179534912
intersection:10, mean_episode_reward:-0.8249998092651367, mean_queue:0.9166666865348816
intersection:11, mean_episode_reward:-1.0625, mean_queue:1.1972222328186035
intersection:12, mean_episode_reward:-0.9913887977600098, mean_queue:1.1166666746139526
intersection:13, mean_episode_reward:-0.9547221660614014, mean_queue:1.1416666507720947
intersection:14, mean_episode_reward:-0.6036111116409302, mean_queue:0.7055555582046509
intersection:15, mean_episode_reward:-0.582500159740448, mean_queue:0.7444444298744202
intersection:16, mean_episode_reward:0.0, mean_queue:0.0
intersection:17, mean_episode_reward:0.0, mean_queue:0.0
intersection:18, mean_episode_reward:0.0, mean_queue:0.0
intersection:19, mean_episode_reward:0.0, mean_queue:0.0
intersection:20, mean_episode_reward:0.0, mean_queue:0.0
intersection:21, mean_episode_reward:0.0, mean_queue:0.0
intersection:22, mean_episode_reward:0.0, mean_queue:0.0
intersection:23, mean_episode_reward:0.0, mean_queue:0.0
intersection:24, mean_episode_reward:0.0, mean_queue:0.0
intersection:25, mean_episode_reward:0.0, mean_queue:0.0
intersection:26, mean_episode_reward:0.0, mean_queue:0.0
intersection:27, mean_episode_reward:0.0, mean_queue:0.0
intersection:28, mean_episode_reward:0.0, mean_queue:0.0
intersection:29, mean_episode_reward:0.0, mean_queue:0.0
intersection:30, mean_episode_reward:0.0, mean_queue:0.0
intersection:31, mean_episode_reward:0.0, mean_queue:0.0
Test step:16/200, travel time :189.90795847750866, rewards:-18.045000542534723, queue:0.62265625, delay:0.03833789825439453, throughput:1445
step:3600/3600, q_loss:0.9927769303321838, rewards:-16.521941460503474, queue:0.5763888888888888, delay:0.0371866782506307, throughput:1449
episode:17/200, real avg travel time:187.9799861973775
intersection:0, mean_episode_reward:-1.3111110925674438, mean_queue:1.4500000476837158
intersection:1, mean_episode_reward:-0.959166407585144, mean_queue:1.0805555582046509
intersection:2, mean_episode_reward:-1.8591666221618652, mean_queue:1.9916666746139526
intersection:3, mean_episode_reward:-0.6644445061683655, mean_queue:0.8055555820465088
intersection:4, mean_episode_reward:-0.9399998784065247, mean_queue:1.0805555582046509
intersection:5, mean_episode_reward:-0.7922220230102539, mean_queue:0.8833333253860474
intersection:6, mean_episode_reward:-1.1274995803833008, mean_queue:1.230555534362793
intersection:7, mean_episode_reward:-0.5358332395553589, mean_queue:0.6305555701255798
intersection:8, mean_episode_reward:-1.7847224473953247, mean_queue:1.894444465637207
intersection:9, mean_episode_reward:-1.1708327531814575, mean_queue:1.2472221851348877
intersection:10, mean_episode_reward:-0.9574996829032898, mean_queue:1.0166666507720947
intersection:11, mean_episode_reward:-1.2119441032409668, mean_queue:1.3250000476837158
intersection:12, mean_episode_reward:-1.1397216320037842, mean_queue:1.269444465637207
intersection:13, mean_episode_reward:-1.0011111497879028, mean_queue:1.2000000476837158
intersection:14, mean_episode_reward:-0.5466665029525757, mean_queue:0.6472222208976746
intersection:15, mean_episode_reward:-0.5200001001358032, mean_queue:0.6916666626930237
intersection:16, mean_episode_reward:0.0, mean_queue:0.0
intersection:17, mean_episode_reward:0.0, mean_queue:0.0
intersection:18, mean_episode_reward:0.0, mean_queue:0.0
intersection:19, mean_episode_reward:0.0, mean_queue:0.0
intersection:20, mean_episode_reward:0.0, mean_queue:0.0
intersection:21, mean_episode_reward:0.0, mean_queue:0.0
intersection:22, mean_episode_reward:0.0, mean_queue:0.0
intersection:23, mean_episode_reward:0.0, mean_queue:0.0
intersection:24, mean_episode_reward:0.0, mean_queue:0.0
intersection:25, mean_episode_reward:0.0, mean_queue:0.0
intersection:26, mean_episode_reward:0.0, mean_queue:0.0
intersection:27, mean_episode_reward:0.0, mean_queue:0.0
intersection:28, mean_episode_reward:0.0, mean_queue:0.0
intersection:29, mean_episode_reward:0.0, mean_queue:0.0
intersection:30, mean_episode_reward:0.0, mean_queue:0.0
intersection:31, mean_episode_reward:0.0, mean_queue:0.0
Test step:17/200, travel time :189.04488950276243, rewards:-17.707499186197918, queue:0.6121527777777778, delay:0.03757301171620687, throughput:1448
step:3600/3600, q_loss:0.896099865436554, rewards:-14.725, queue:0.5190104166666667, delay:0.0349306583404541, throughput:1448
episode:18/200, real avg travel time:183.95580110497238
intersection:0, mean_episode_reward:-0.9466666579246521, mean_queue:1.0666667222976685
intersection:1, mean_episode_reward:-0.7811108827590942, mean_queue:0.8888888955116272
intersection:2, mean_episode_reward:-1.6375001668930054, mean_queue:1.7722222805023193
intersection:3, mean_episode_reward:-0.6719444990158081, mean_queue:0.7916666865348816
intersection:4, mean_episode_reward:-0.7158334255218506, mean_queue:0.8277778029441833
intersection:5, mean_episode_reward:-0.7802778482437134, mean_queue:0.875
intersection:6, mean_episode_reward:-0.9888888597488403, mean_queue:1.0916666984558105
intersection:7, mean_episode_reward:-0.3961111605167389, mean_queue:0.49166667461395264
intersection:8, mean_episode_reward:-2.026944637298584, mean_queue:2.1472222805023193
intersection:9, mean_episode_reward:-0.9788888692855835, mean_queue:1.0694444179534912
intersection:10, mean_episode_reward:-0.8716664910316467, mean_queue:0.9833333492279053
intersection:11, mean_episode_reward:-1.085277795791626, mean_queue:1.1972222328186035
intersection:12, mean_episode_reward:-0.9308334589004517, mean_queue:1.0472222566604614
intersection:13, mean_episode_reward:-0.9091665744781494, mean_queue:1.0916666984558105
intersection:14, mean_episode_reward:-0.5080553889274597, mean_queue:0.605555534362793
intersection:15, mean_episode_reward:-0.4958333671092987, mean_queue:0.6611111164093018
intersection:16, mean_episode_reward:0.0, mean_queue:0.0
intersection:17, mean_episode_reward:0.0, mean_queue:0.0
intersection:18, mean_episode_reward:0.0, mean_queue:0.0
intersection:19, mean_episode_reward:0.0, mean_queue:0.0
intersection:20, mean_episode_reward:0.0, mean_queue:0.0
intersection:21, mean_episode_reward:0.0, mean_queue:0.0
intersection:22, mean_episode_reward:0.0, mean_queue:0.0
intersection:23, mean_episode_reward:0.0, mean_queue:0.0
intersection:24, mean_episode_reward:0.0, mean_queue:0.0
intersection:25, mean_episode_reward:0.0, mean_queue:0.0
intersection:26, mean_episode_reward:0.0, mean_queue:0.0
intersection:27, mean_episode_reward:0.0, mean_queue:0.0
intersection:28, mean_episode_reward:0.0, mean_queue:0.0
intersection:29, mean_episode_reward:0.0, mean_queue:0.0
intersection:30, mean_episode_reward:0.0, mean_queue:0.0
intersection:31, mean_episode_reward:0.0, mean_queue:0.0
Test step:18/200, travel time :183.4775397373877, rewards:-14.2125, queue:0.5014756944444444, delay:0.03387617005242242, throughput:1447
step:3600/3600, q_loss:0.7886771559715271, rewards:-14.099720594618056, queue:0.5003472222222223, delay:0.033937395943535696, throughput:1452
episode:19/200, real avg travel time:182.78581267217632
intersection:0, mean_episode_reward:-1.2486107349395752, mean_queue:1.369444489479065
intersection:1, mean_episode_reward:-0.7897220253944397, mean_queue:0.8972222208976746
intersection:2, mean_episode_reward:-1.6802774667739868, mean_queue:1.8277777433395386
intersection:3, mean_episode_reward:-0.6036108732223511, mean_queue:0.75
intersection:4, mean_episode_reward:-0.7266666889190674, mean_queue:0.875
intersection:5, mean_episode_reward:-0.74916672706604, mean_queue:0.8444444537162781
intersection:6, mean_episode_reward:-1.173888921737671, mean_queue:1.2666666507720947
intersection:7, mean_episode_reward:-0.43499988317489624, mean_queue:0.5249999761581421
intersection:8, mean_episode_reward:-1.1313886642456055, mean_queue:1.25
intersection:9, mean_episode_reward:-0.9222218990325928, mean_queue:1.0
intersection:10, mean_episode_reward:-0.8441660404205322, mean_queue:0.9111111164093018
intersection:11, mean_episode_reward:-1.164444088935852, mean_queue:1.2972222566604614
intersection:12, mean_episode_reward:-0.7236111164093018, mean_queue:0.8388888835906982
intersection:13, mean_episode_reward:-0.8055554628372192, mean_queue:0.980555534362793
intersection:14, mean_episode_reward:-0.538888692855835, mean_queue:0.6472222208976746
intersection:15, mean_episode_reward:-0.5624999403953552, mean_queue:0.730555534362793
intersection:16, mean_episode_reward:0.0, mean_queue:0.0
intersection:17, mean_episode_reward:0.0, mean_queue:0.0
intersection:18, mean_episode_reward:0.0, mean_queue:0.0
intersection:19, mean_episode_reward:0.0, mean_queue:0.0
intersection:20, mean_episode_reward:0.0, mean_queue:0.0
intersection:21, mean_episode_reward:0.0, mean_queue:0.0
intersection:22, mean_episode_reward:0.0, mean_queue:0.0
intersection:23, mean_episode_reward:0.0, mean_queue:0.0
intersection:24, mean_episode_reward:0.0, mean_queue:0.0
intersection:25, mean_episode_reward:0.0, mean_queue:0.0
intersection:26, mean_episode_reward:0.0, mean_queue:0.0
intersection:27, mean_episode_reward:0.0, mean_queue:0.0
intersection:28, mean_episode_reward:0.0, mean_queue:0.0
intersection:29, mean_episode_reward:0.0, mean_queue:0.0
intersection:30, mean_episode_reward:0.0, mean_queue:0.0
intersection:31, mean_episode_reward:0.0, mean_queue:0.0
Test step:19/200, travel time :179.1479697178252, rewards:-12.351387532552083, queue:0.4409722222222222, delay:0.03143399556477865, throughput:1453
step:3600/3600, q_loss:0.6688076257705688, rewards:-12.419721137152777, queue:0.44253472222222223, delay:0.030553984642028808, throughput:1454
episode:20/200, real avg travel time:178.57290233837688
intersection:0, mean_episode_reward:-0.93666672706604, mean_queue:1.0305556058883667
intersection:1, mean_episode_reward:-0.7761111855506897, mean_queue:0.8916666507720947
intersection:2, mean_episode_reward:-0.9999998211860657, mean_queue:1.1416666507720947
intersection:3, mean_episode_reward:-0.6538889408111572, mean_queue:0.8027777671813965
intersection:4, mean_episode_reward:-0.7413887977600098, mean_queue:0.8694444298744202
intersection:5, mean_episode_reward:-0.7422220706939697, mean_queue:0.7944444417953491
intersection:6, mean_episode_reward:-0.8180555701255798, mean_queue:0.9166666865348816
intersection:7, mean_episode_reward:-0.4450001120567322, mean_queue:0.5416666865348816
intersection:8, mean_episode_reward:-1.0624994039535522, mean_queue:1.1666666269302368
intersection:9, mean_episode_reward:-0.8238886594772339, mean_queue:0.8999999761581421
intersection:10, mean_episode_reward:-0.7363888025283813, mean_queue:0.7888888716697693
intersection:11, mean_episode_reward:-1.0627777576446533, mean_queue:1.1749999523162842
intersection:12, mean_episode_reward:-0.7377777099609375, mean_queue:0.855555534362793
intersection:13, mean_episode_reward:-0.8497220277786255, mean_queue:1.0138888359069824
intersection:14, mean_episode_reward:-0.5797221064567566, mean_queue:0.6888889074325562
intersection:15, mean_episode_reward:-0.45361119508743286, mean_queue:0.5833333134651184
intersection:16, mean_episode_reward:0.0, mean_queue:0.0
intersection:17, mean_episode_reward:0.0, mean_queue:0.0
intersection:18, mean_episode_reward:0.0, mean_queue:0.0
intersection:19, mean_episode_reward:0.0, mean_queue:0.0
intersection:20, mean_episode_reward:0.0, mean_queue:0.0
intersection:21, mean_episode_reward:0.0, mean_queue:0.0
intersection:22, mean_episode_reward:0.0, mean_queue:0.0
intersection:23, mean_episode_reward:0.0, mean_queue:0.0
intersection:24, mean_episode_reward:0.0, mean_queue:0.0
intersection:25, mean_episode_reward:0.0, mean_queue:0.0
intersection:26, mean_episode_reward:0.0, mean_queue:0.0
intersection:27, mean_episode_reward:0.0, mean_queue:0.0
intersection:28, mean_episode_reward:0.0, mean_queue:0.0
intersection:29, mean_episode_reward:0.0, mean_queue:0.0
intersection:30, mean_episode_reward:0.0, mean_queue:0.0
intersection:31, mean_episode_reward:0.0, mean_queue:0.0
Test step:20/200, travel time :210.078445229682, rewards:-32.70138346354167, queue:1.077951388888889, delay:0.0360360754860772, throughput:1415
step:3600/3600, q_loss:0.5727592706680298, rewards:-11.974720594618056, queue:0.4309027777777778, delay:0.029614864455329046, throughput:1452
episode:21/200, real avg travel time:178.54683195592287
intersection:0, mean_episode_reward:-0.9652774333953857, mean_queue:1.0638889074325562
intersection:1, mean_episode_reward:-0.7091666460037231, mean_queue:0.8416666388511658
intersection:2, mean_episode_reward:-1.1441667079925537, mean_queue:1.2861111164093018
intersection:3, mean_episode_reward:-0.5269442796707153, mean_queue:0.6583333611488342
intersection:4, mean_episode_reward:-0.6500002145767212, mean_queue:0.7888888716697693
intersection:5, mean_episode_reward:-0.6497220396995544, mean_queue:0.730555534362793
intersection:6, mean_episode_reward:-0.7147222757339478, mean_queue:0.8277778029441833
intersection:7, mean_episode_reward:-0.3747221529483795, mean_queue:0.4611110985279083
intersection:8, mean_episode_reward:-1.5466665029525757, mean_queue:1.663888931274414
intersection:9, mean_episode_reward:-0.7191664576530457, mean_queue:0.7944444417953491
intersection:10, mean_episode_reward:-0.6974999904632568, mean_queue:0.7611111402511597
intersection:11, mean_episode_reward:-0.8255555629730225, mean_queue:0.9361110925674438
intersection:12, mean_episode_reward:-0.8297223448753357, mean_queue:0.9583333134651184
intersection:13, mean_episode_reward:-0.598611056804657, mean_queue:0.7611111402511597
intersection:14, mean_episode_reward:-0.4975000023841858, mean_queue:0.5833333134651184
intersection:15, mean_episode_reward:-0.525277853012085, mean_queue:0.6722221970558167
intersection:16, mean_episode_reward:0.0, mean_queue:0.0
intersection:17, mean_episode_reward:0.0, mean_queue:0.0
intersection:18, mean_episode_reward:0.0, mean_queue:0.0
intersection:19, mean_episode_reward:0.0, mean_queue:0.0
intersection:20, mean_episode_reward:0.0, mean_queue:0.0
intersection:21, mean_episode_reward:0.0, mean_queue:0.0
intersection:22, mean_episode_reward:0.0, mean_queue:0.0
intersection:23, mean_episode_reward:0.0, mean_queue:0.0
intersection:24, mean_episode_reward:0.0, mean_queue:0.0
intersection:25, mean_episode_reward:0.0, mean_queue:0.0
intersection:26, mean_episode_reward:0.0, mean_queue:0.0
intersection:27, mean_episode_reward:0.0, mean_queue:0.0
intersection:28, mean_episode_reward:0.0, mean_queue:0.0
intersection:29, mean_episode_reward:0.0, mean_queue:0.0
intersection:30, mean_episode_reward:0.0, mean_queue:0.0
intersection:31, mean_episode_reward:0.0, mean_queue:0.0
Test step:21/200, travel time :177.2757909215956, rewards:-11.741388617621528, queue:0.41987847222222224, delay:0.029657909605238172, throughput:1454
step:3600/3600, q_loss:0.5090093612670898, rewards:-11.901942274305556, queue:0.4279513888888889, delay:0.02897427611880832, throughput:1452
episode:22/200, real avg travel time:177.06060606060606
intersection:0, mean_episode_reward:-0.9141663312911987, mean_queue:1.0083333253860474
intersection:1, mean_episode_reward:-0.8583332300186157, mean_queue:0.9416666626930237
intersection:2, mean_episode_reward:-0.9725000858306885, mean_queue:1.130555510520935
intersection:3, mean_episode_reward:-0.5802777409553528, mean_queue:0.7138888835906982
intersection:4, mean_episode_reward:-0.7030556201934814, mean_queue:0.8111110925674438
intersection:5, mean_episode_reward:-0.740555465221405, mean_queue:0.8333333134651184
intersection:6, mean_episode_reward:-0.6811110973358154, mean_queue:0.7527777552604675
intersection:7, mean_episode_reward:-0.4613889455795288, mean_queue:0.5805555582046509
intersection:8, mean_episode_reward:-1.0930556058883667, mean_queue:1.211111068725586
intersection:9, mean_episode_reward:-0.7952774167060852, mean_queue:0.8777777552604675
intersection:10, mean_episode_reward:-0.8852775692939758, mean_queue:0.9527778029441833
intersection:11, mean_episode_reward:-0.6541667580604553, mean_queue:0.7722222208976746
intersection:12, mean_episode_reward:-0.8138887286186218, mean_queue:0.9305555820465088
intersection:13, mean_episode_reward:-0.6880556344985962, mean_queue:0.8666666746139526
intersection:14, mean_episode_reward:-0.5233333110809326, mean_queue:0.6166666746139526
intersection:15, mean_episode_reward:-0.5374999046325684, mean_queue:0.6944444179534912
intersection:16, mean_episode_reward:0.0, mean_queue:0.0
intersection:17, mean_episode_reward:0.0, mean_queue:0.0
intersection:18, mean_episode_reward:0.0, mean_queue:0.0
intersection:19, mean_episode_reward:0.0, mean_queue:0.0
intersection:20, mean_episode_reward:0.0, mean_queue:0.0
intersection:21, mean_episode_reward:0.0, mean_queue:0.0
intersection:22, mean_episode_reward:0.0, mean_queue:0.0
intersection:23, mean_episode_reward:0.0, mean_queue:0.0
intersection:24, mean_episode_reward:0.0, mean_queue:0.0
intersection:25, mean_episode_reward:0.0, mean_queue:0.0
intersection:26, mean_episode_reward:0.0, mean_queue:0.0
intersection:27, mean_episode_reward:0.0, mean_queue:0.0
intersection:28, mean_episode_reward:0.0, mean_queue:0.0
intersection:29, mean_episode_reward:0.0, mean_queue:0.0
intersection:30, mean_episode_reward:0.0, mean_queue:0.0
intersection:31, mean_episode_reward:0.0, mean_queue:0.0
Test step:22/200, travel time :177.2410468319559, rewards:-11.90805392795139, queue:0.4261284722222222, delay:0.029889408747355142, throughput:1452
step:3600/3600, q_loss:0.45562440156936646, rewards:-12.225278049045139, queue:0.43723958333333335, delay:0.02962651252746582, throughput:1451
episode:23/200, real avg travel time:178.2157133011716
intersection:0, mean_episode_reward:-0.8594443202018738, mean_queue:0.9583333134651184
intersection:1, mean_episode_reward:-1.030277967453003, mean_queue:1.125
intersection:2, mean_episode_reward:-0.9116668105125427, mean_queue:1.0777777433395386
intersection:3, mean_episode_reward:-0.6588890552520752, mean_queue:0.7944444417953491
intersection:4, mean_episode_reward:-0.7452776432037354, mean_queue:0.8777777552604675
intersection:5, mean_episode_reward:-0.7180553674697876, mean_queue:0.7833333611488342
intersection:6, mean_episode_reward:-0.6030556559562683, mean_queue:0.6777777671813965
intersection:7, mean_episode_reward:-0.351666659116745, mean_queue:0.43888887763023376
intersection:8, mean_episode_reward:-1.0522223711013794, mean_queue:1.163888931274414
intersection:9, mean_episode_reward:-0.9238885045051575, mean_queue:1.0
intersection:10, mean_episode_reward:-0.82750004529953, mean_queue:0.8972222208976746
intersection:11, mean_episode_reward:-0.958888828754425, mean_queue:1.1027777194976807
intersection:12, mean_episode_reward:-0.7391666173934937, mean_queue:0.8583333492279053
intersection:13, mean_episode_reward:-0.8194443583488464, mean_queue:0.9638888835906982
intersection:14, mean_episode_reward:-0.5266665816307068, mean_queue:0.6305555701255798
intersection:15, mean_episode_reward:-0.4991667568683624, mean_queue:0.6416666507720947
intersection:16, mean_episode_reward:0.0, mean_queue:0.0
intersection:17, mean_episode_reward:0.0, mean_queue:0.0
intersection:18, mean_episode_reward:0.0, mean_queue:0.0
intersection:19, mean_episode_reward:0.0, mean_queue:0.0
intersection:20, mean_episode_reward:0.0, mean_queue:0.0
intersection:21, mean_episode_reward:0.0, mean_queue:0.0
intersection:22, mean_episode_reward:0.0, mean_queue:0.0
intersection:23, mean_episode_reward:0.0, mean_queue:0.0
intersection:24, mean_episode_reward:0.0, mean_queue:0.0
intersection:25, mean_episode_reward:0.0, mean_queue:0.0
intersection:26, mean_episode_reward:0.0, mean_queue:0.0
intersection:27, mean_episode_reward:0.0, mean_queue:0.0
intersection:28, mean_episode_reward:0.0, mean_queue:0.0
intersection:29, mean_episode_reward:0.0, mean_queue:0.0
intersection:30, mean_episode_reward:0.0, mean_queue:0.0
intersection:31, mean_episode_reward:0.0, mean_queue:0.0
Test step:23/200, travel time :176.5909090909091, rewards:-11.606108940972222, queue:0.4167534722222222, delay:0.02922268443637424, throughput:1452
step:3600/3600, q_loss:0.42444559931755066, rewards:-11.996666124131945, queue:0.4293402777777778, delay:0.029406478669908313, throughput:1451
episode:24/200, real avg travel time:177.66781529979323
intersection:0, mean_episode_reward:-0.8238886594772339, mean_queue:0.9138888716697693
intersection:1, mean_episode_reward:-0.8772221803665161, mean_queue:0.9611111283302307
intersection:2, mean_episode_reward:-0.9005553126335144, mean_queue:1.0527777671813965
intersection:3, mean_episode_reward:-0.5480554699897766, mean_queue:0.6722221970558167
intersection:4, mean_episode_reward:-0.8008334040641785, mean_queue:0.9361110925674438
intersection:5, mean_episode_reward:-0.9519444704055786, mean_queue:1.0638889074325562
intersection:6, mean_episode_reward:-0.5480554699897766, mean_queue:0.6388888955116272
intersection:7, mean_episode_reward:-0.42416661977767944, mean_queue:0.5083333253860474
intersection:8, mean_episode_reward:-0.9249998331069946, mean_queue:1.005555510520935
intersection:9, mean_episode_reward:-1.027221918106079, mean_queue:1.1277778148651123
intersection:10, mean_episode_reward:-0.7766664028167725, mean_queue:0.824999988079071
intersection:11, mean_episode_reward:-0.836111307144165, mean_queue:0.9527778029441833
intersection:12, mean_episode_reward:-0.7599999904632568, mean_queue:0.8777777552604675
intersection:13, mean_episode_reward:-0.7336111068725586, mean_queue:0.8916666507720947
intersection:14, mean_episode_reward:-0.4788888394832611, mean_queue:0.5777778029441833
intersection:15, mean_episode_reward:-0.5844444036483765, mean_queue:0.7333333492279053
intersection:16, mean_episode_reward:0.0, mean_queue:0.0
intersection:17, mean_episode_reward:0.0, mean_queue:0.0
intersection:18, mean_episode_reward:0.0, mean_queue:0.0
intersection:19, mean_episode_reward:0.0, mean_queue:0.0
intersection:20, mean_episode_reward:0.0, mean_queue:0.0
intersection:21, mean_episode_reward:0.0, mean_queue:0.0
intersection:22, mean_episode_reward:0.0, mean_queue:0.0
intersection:23, mean_episode_reward:0.0, mean_queue:0.0
intersection:24, mean_episode_reward:0.0, mean_queue:0.0
intersection:25, mean_episode_reward:0.0, mean_queue:0.0
intersection:26, mean_episode_reward:0.0, mean_queue:0.0
intersection:27, mean_episode_reward:0.0, mean_queue:0.0
intersection:28, mean_episode_reward:0.0, mean_queue:0.0
intersection:29, mean_episode_reward:0.0, mean_queue:0.0
intersection:30, mean_episode_reward:0.0, mean_queue:0.0
intersection:31, mean_episode_reward:0.0, mean_queue:0.0
Test step:24/200, travel time :174.76446280991735, rewards:-10.809442816840278, queue:0.39131944444444444, delay:0.027405651410420735, throughput:1452
step:3600/3600, q_loss:0.3904832601547241, rewards:-10.962776692708333, queue:0.3980034722222222, delay:0.02756145265367296, throughput:1454
episode:25/200, real avg travel time:175.23246217331499
intersection:0, mean_episode_reward:-0.8949998021125793, mean_queue:0.9861111044883728
intersection:1, mean_episode_reward:-0.9311109781265259, mean_queue:1.024999976158142
intersection:2, mean_episode_reward:-0.9063889384269714, mean_queue:1.0638889074325562
intersection:3, mean_episode_reward:-0.5741665959358215, mean_queue:0.7250000238418579
intersection:4, mean_episode_reward:-0.8744446039199829, mean_queue:1.0111111402511597
intersection:5, mean_episode_reward:-0.6788888573646545, mean_queue:0.7861111164093018
intersection:6, mean_episode_reward:-0.5691666007041931, mean_queue:0.644444465637207
intersection:7, mean_episode_reward:-0.41277775168418884, mean_queue:0.5055555701255798
intersection:8, mean_episode_reward:-0.8327776789665222, mean_queue:0.9166666865348816
intersection:9, mean_episode_reward:-0.8036109805107117, mean_queue:0.8694444298744202
intersection:10, mean_episode_reward:-0.6763888597488403, mean_queue:0.7472222447395325
intersection:11, mean_episode_reward:-0.5963888168334961, mean_queue:0.7333333492279053
intersection:12, mean_episode_reward:-0.585277795791626, mean_queue:0.6888889074325562
intersection:13, mean_episode_reward:-0.6461111903190613, mean_queue:0.8222222328186035
intersection:14, mean_episode_reward:-0.4602777659893036, mean_queue:0.5472221970558167
intersection:15, mean_episode_reward:-0.5199998617172241, mean_queue:0.6638888716697693
intersection:16, mean_episode_reward:0.0, mean_queue:0.0
intersection:17, mean_episode_reward:0.0, mean_queue:0.0
intersection:18, mean_episode_reward:0.0, mean_queue:0.0
intersection:19, mean_episode_reward:0.0, mean_queue:0.0
intersection:20, mean_episode_reward:0.0, mean_queue:0.0
intersection:21, mean_episode_reward:0.0, mean_queue:0.0
intersection:22, mean_episode_reward:0.0, mean_queue:0.0
intersection:23, mean_episode_reward:0.0, mean_queue:0.0
intersection:24, mean_episode_reward:0.0, mean_queue:0.0
intersection:25, mean_episode_reward:0.0, mean_queue:0.0
intersection:26, mean_episode_reward:0.0, mean_queue:0.0
intersection:27, mean_episode_reward:0.0, mean_queue:0.0
intersection:28, mean_episode_reward:0.0, mean_queue:0.0
intersection:29, mean_episode_reward:0.0, mean_queue:0.0
intersection:30, mean_episode_reward:0.0, mean_queue:0.0
intersection:31, mean_episode_reward:0.0, mean_queue:0.0
Test step:25/200, travel time :175.10330578512398, rewards:-10.911110432942708, queue:0.39375, delay:0.027351540989345974, throughput:1452
step:3600/3600, q_loss:0.37723901867866516, rewards:-10.611110432942708, queue:0.38350694444444444, delay:0.026806317435370552, throughput:1455
episode:26/200, real avg travel time:174.73470790378008
intersection:0, mean_episode_reward:-0.8502779603004456, mean_queue:0.9305555820465088
intersection:1, mean_episode_reward:-0.7827776670455933, mean_queue:0.8777777552604675
intersection:2, mean_episode_reward:-0.813610851764679, mean_queue:0.9194444417953491
intersection:3, mean_episode_reward:-0.5127778053283691, mean_queue:0.644444465637207
intersection:4, mean_episode_reward:-0.6363889575004578, mean_queue:0.7638888955116272
intersection:5, mean_episode_reward:-0.6519445180892944, mean_queue:0.7388888597488403
intersection:6, mean_episode_reward:-0.6000000834465027, mean_queue:0.6833333373069763
intersection:7, mean_episode_reward:-0.387777715921402, mean_queue:0.4972222149372101
intersection:8, mean_episode_reward:-0.8774998188018799, mean_queue:0.9472222328186035
intersection:9, mean_episode_reward:-0.8522217869758606, mean_queue:0.9083333611488342
intersection:10, mean_episode_reward:-0.7247222065925598, mean_queue:0.8111110925674438
intersection:11, mean_episode_reward:-0.6424999833106995, mean_queue:0.75
intersection:12, mean_episode_reward:-0.5655555725097656, mean_queue:0.6666666865348816
intersection:13, mean_episode_reward:-0.6336110234260559, mean_queue:0.7861111164093018
intersection:14, mean_episode_reward:-0.5580554008483887, mean_queue:0.6666666865348816
intersection:15, mean_episode_reward:-0.5213889479637146, mean_queue:0.6805555820465088
intersection:16, mean_episode_reward:0.0, mean_queue:0.0
intersection:17, mean_episode_reward:0.0, mean_queue:0.0
intersection:18, mean_episode_reward:0.0, mean_queue:0.0
intersection:19, mean_episode_reward:0.0, mean_queue:0.0
intersection:20, mean_episode_reward:0.0, mean_queue:0.0
intersection:21, mean_episode_reward:0.0, mean_queue:0.0
intersection:22, mean_episode_reward:0.0, mean_queue:0.0
intersection:23, mean_episode_reward:0.0, mean_queue:0.0
intersection:24, mean_episode_reward:0.0, mean_queue:0.0
intersection:25, mean_episode_reward:0.0, mean_queue:0.0
intersection:26, mean_episode_reward:0.0, mean_queue:0.0
intersection:27, mean_episode_reward:0.0, mean_queue:0.0
intersection:28, mean_episode_reward:0.0, mean_queue:0.0
intersection:29, mean_episode_reward:0.0, mean_queue:0.0
intersection:30, mean_episode_reward:0.0, mean_queue:0.0
intersection:31, mean_episode_reward:0.0, mean_queue:0.0
Test step:26/200, travel time :175.7537826685007, rewards:-11.120277235243055, queue:0.4014756944444444, delay:0.028111706839667426, throughput:1454
step:3600/3600, q_loss:0.355895072221756, rewards:-10.715833197699652, queue:0.3876736111111111, delay:0.026799829800923665, throughput:1452
episode:27/200, real avg travel time:174.54476584022038
intersection:0, mean_episode_reward:-0.845000147819519, mean_queue:0.949999988079071
intersection:1, mean_episode_reward:-0.8044440150260925, mean_queue:0.9166666865348816
intersection:2, mean_episode_reward:-0.8038888573646545, mean_queue:0.980555534362793
intersection:3, mean_episode_reward:-0.686111330986023, mean_queue:0.8333333134651184
intersection:4, mean_episode_reward:-0.6805555820465088, mean_queue:0.7833333611488342
intersection:5, mean_episode_reward:-0.6911112070083618, mean_queue:0.7583333253860474
intersection:6, mean_episode_reward:-0.5744446516036987, mean_queue:0.6361111402511597
intersection:7, mean_episode_reward:-0.36638885736465454, mean_queue:0.4694444537162781
intersection:8, mean_episode_reward:-0.8416663408279419, mean_queue:0.925000011920929
intersection:9, mean_episode_reward:-0.877777636051178, mean_queue:0.9444444179534912
intersection:10, mean_episode_reward:-0.6669444441795349, mean_queue:0.7277777791023254
intersection:11, mean_episode_reward:-0.6027777194976807, mean_queue:0.7222222089767456
intersection:12, mean_episode_reward:-0.6827779412269592, mean_queue:0.7888888716697693
intersection:13, mean_episode_reward:-0.5686110258102417, mean_queue:0.7111111283302307
intersection:14, mean_episode_reward:-0.4686111807823181, mean_queue:0.5583333373069763
intersection:15, mean_episode_reward:-0.5547223091125488, mean_queue:0.699999988079071
intersection:16, mean_episode_reward:0.0, mean_queue:0.0
intersection:17, mean_episode_reward:0.0, mean_queue:0.0
intersection:18, mean_episode_reward:0.0, mean_queue:0.0
intersection:19, mean_episode_reward:0.0, mean_queue:0.0
intersection:20, mean_episode_reward:0.0, mean_queue:0.0
intersection:21, mean_episode_reward:0.0, mean_queue:0.0
intersection:22, mean_episode_reward:0.0, mean_queue:0.0
intersection:23, mean_episode_reward:0.0, mean_queue:0.0
intersection:24, mean_episode_reward:0.0, mean_queue:0.0
intersection:25, mean_episode_reward:0.0, mean_queue:0.0
intersection:26, mean_episode_reward:0.0, mean_queue:0.0
intersection:27, mean_episode_reward:0.0, mean_queue:0.0
intersection:28, mean_episode_reward:0.0, mean_queue:0.0
intersection:29, mean_episode_reward:0.0, mean_queue:0.0
intersection:30, mean_episode_reward:0.0, mean_queue:0.0
intersection:31, mean_episode_reward:0.0, mean_queue:0.0
Test step:27/200, travel time :174.5681818181818, rewards:-10.582500542534722, queue:0.38203125, delay:0.027114873462253147, throughput:1452
step:3600/3600, q_loss:0.3473924994468689, rewards:-10.719443766276042, queue:0.38645833333333335, delay:0.027198802100287543, throughput:1454
episode:28/200, real avg travel time:174.72558459422282
intersection:0, mean_episode_reward:-0.744999885559082, mean_queue:0.8166666626930237
intersection:1, mean_episode_reward:-0.8158330917358398, mean_queue:0.9111111164093018
intersection:2, mean_episode_reward:-0.836388885974884, mean_queue:0.9611111283302307
intersection:3, mean_episode_reward:-0.49944448471069336, mean_queue:0.6277777552604675
intersection:4, mean_episode_reward:-0.7044445872306824, mean_queue:0.8472222089767456
intersection:5, mean_episode_reward:-0.6344442367553711, mean_queue:0.7250000238418579
intersection:6, mean_episode_reward:-0.6149998307228088, mean_queue:0.6805555820465088
intersection:7, mean_episode_reward:-0.38583341240882874, mean_queue:0.4833333194255829
intersection:8, mean_episode_reward:-0.8849998712539673, mean_queue:0.9833333492279053
intersection:9, mean_episode_reward:-0.9091664552688599, mean_queue:0.9611111283302307
intersection:10, mean_episode_reward:-0.5955554246902466, mean_queue:0.6666666865348816
intersection:11, mean_episode_reward:-0.6824999451637268, mean_queue:0.7861111164093018
intersection:12, mean_episode_reward:-0.6405556797981262, mean_queue:0.7611111402511597
intersection:13, mean_episode_reward:-0.7061110734939575, mean_queue:0.8583333492279053
intersection:14, mean_episode_reward:-0.45027774572372437, mean_queue:0.550000011920929
intersection:15, mean_episode_reward:-0.6138888597488403, mean_queue:0.7472222447395325
intersection:16, mean_episode_reward:0.0, mean_queue:0.0
intersection:17, mean_episode_reward:0.0, mean_queue:0.0
intersection:18, mean_episode_reward:0.0, mean_queue:0.0
intersection:19, mean_episode_reward:0.0, mean_queue:0.0
intersection:20, mean_episode_reward:0.0, mean_queue:0.0
intersection:21, mean_episode_reward:0.0, mean_queue:0.0
intersection:22, mean_episode_reward:0.0, mean_queue:0.0
intersection:23, mean_episode_reward:0.0, mean_queue:0.0
intersection:24, mean_episode_reward:0.0, mean_queue:0.0
intersection:25, mean_episode_reward:0.0, mean_queue:0.0
intersection:26, mean_episode_reward:0.0, mean_queue:0.0
intersection:27, mean_episode_reward:0.0, mean_queue:0.0
intersection:28, mean_episode_reward:0.0, mean_queue:0.0
intersection:29, mean_episode_reward:0.0, mean_queue:0.0
intersection:30, mean_episode_reward:0.0, mean_queue:0.0
intersection:31, mean_episode_reward:0.0, mean_queue:0.0
Test step:28/200, travel time :174.49208534067446, rewards:-10.584444173177083, queue:0.3840277777777778, delay:0.026735859447055393, throughput:1453
step:3600/3600, q_loss:0.3358592092990875, rewards:-10.620277235243055, queue:0.3857638888888889, delay:0.026828808254665798, throughput:1452
episode:29/200, real avg travel time:174.61914600550963
intersection:0, mean_episode_reward:-0.9324997663497925, mean_queue:1.0083333253860474
intersection:1, mean_episode_reward:-0.8205554485321045, mean_queue:0.9277777671813965
intersection:2, mean_episode_reward:-0.9125001430511475, mean_queue:1.0527777671813965
intersection:3, mean_episode_reward:-0.5405555963516235, mean_queue:0.6611111164093018
intersection:4, mean_episode_reward:-0.7472223043441772, mean_queue:0.8972222208976746
intersection:5, mean_episode_reward:-0.6072221398353577, mean_queue:0.6916666626930237
intersection:6, mean_episode_reward:-0.5911110639572144, mean_queue:0.6638888716697693
intersection:7, mean_episode_reward:-0.42444437742233276, mean_queue:0.5138888955116272
intersection:8, mean_episode_reward:-0.7644442319869995, mean_queue:0.8500000238418579
intersection:9, mean_episode_reward:-0.8455553650856018, mean_queue:0.9055555462837219
intersection:10, mean_episode_reward:-0.6727776527404785, mean_queue:0.7527777552604675
intersection:11, mean_episode_reward:-0.678611159324646, mean_queue:0.8083333373069763
intersection:12, mean_episode_reward:-0.5563890337944031, mean_queue:0.6888889074325562
intersection:13, mean_episode_reward:-0.6150000691413879, mean_queue:0.7583333253860474
intersection:14, mean_episode_reward:-0.4274999797344208, mean_queue:0.5361111164093018
intersection:15, mean_episode_reward:-0.4838889241218567, mean_queue:0.6277777552604675
intersection:16, mean_episode_reward:0.0, mean_queue:0.0
intersection:17, mean_episode_reward:0.0, mean_queue:0.0
intersection:18, mean_episode_reward:0.0, mean_queue:0.0
intersection:19, mean_episode_reward:0.0, mean_queue:0.0
intersection:20, mean_episode_reward:0.0, mean_queue:0.0
intersection:21, mean_episode_reward:0.0, mean_queue:0.0
intersection:22, mean_episode_reward:0.0, mean_queue:0.0
intersection:23, mean_episode_reward:0.0, mean_queue:0.0
intersection:24, mean_episode_reward:0.0, mean_queue:0.0
intersection:25, mean_episode_reward:0.0, mean_queue:0.0
intersection:26, mean_episode_reward:0.0, mean_queue:0.0
intersection:27, mean_episode_reward:0.0, mean_queue:0.0
intersection:28, mean_episode_reward:0.0, mean_queue:0.0
intersection:29, mean_episode_reward:0.0, mean_queue:0.0
intersection:30, mean_episode_reward:0.0, mean_queue:0.0
intersection:31, mean_episode_reward:0.0, mean_queue:0.0
Test step:29/200, travel time :174.9951790633609, rewards:-10.828610568576389, queue:0.39114583333333336, delay:0.02730139096577962, throughput:1452
step:3600/3600, q_loss:0.3216562569141388, rewards:-11.22416517469618, queue:0.4046875, delay:0.027537653181287976, throughput:1453
episode:30/200, real avg travel time:175.54163799036476
intersection:0, mean_episode_reward:-1.0322216749191284, mean_queue:1.1388888359069824
intersection:1, mean_episode_reward:-0.7819444537162781, mean_queue:0.8666666746139526
intersection:2, mean_episode_reward:-0.9627775549888611, mean_queue:1.0972222089767456
intersection:3, mean_episode_reward:-0.6524999141693115, mean_queue:0.7777777910232544
intersection:4, mean_episode_reward:-0.7583335041999817, mean_queue:0.8999999761581421
intersection:5, mean_episode_reward:-0.6605554819107056, mean_queue:0.7416666746139526
intersection:6, mean_episode_reward:-0.5863889455795288, mean_queue:0.6694444417953491
intersection:7, mean_episode_reward:-0.3611111640930176, mean_queue:0.4555555582046509
intersection:8, mean_episode_reward:-0.8547219038009644, mean_queue:0.9277777671813965
intersection:9, mean_episode_reward:-0.9683331251144409, mean_queue:1.0555555820465088
intersection:10, mean_episode_reward:-0.6138889193534851, mean_queue:0.6861110925674438
intersection:11, mean_episode_reward:-0.7524998188018799, mean_queue:0.875
intersection:12, mean_episode_reward:-0.6175000667572021, mean_queue:0.7472222447395325
intersection:13, mean_episode_reward:-0.6411113142967224, mean_queue:0.7805555462837219
intersection:14, mean_episode_reward:-0.43861114978790283, mean_queue:0.5305555462837219
intersection:15, mean_episode_reward:-0.541666567325592, mean_queue:0.699999988079071
intersection:16, mean_episode_reward:0.0, mean_queue:0.0
intersection:17, mean_episode_reward:0.0, mean_queue:0.0
intersection:18, mean_episode_reward:0.0, mean_queue:0.0
intersection:19, mean_episode_reward:0.0, mean_queue:0.0
intersection:20, mean_episode_reward:0.0, mean_queue:0.0
intersection:21, mean_episode_reward:0.0, mean_queue:0.0
intersection:22, mean_episode_reward:0.0, mean_queue:0.0
intersection:23, mean_episode_reward:0.0, mean_queue:0.0
intersection:24, mean_episode_reward:0.0, mean_queue:0.0
intersection:25, mean_episode_reward:0.0, mean_queue:0.0
intersection:26, mean_episode_reward:0.0, mean_queue:0.0
intersection:27, mean_episode_reward:0.0, mean_queue:0.0
intersection:28, mean_episode_reward:0.0, mean_queue:0.0
intersection:29, mean_episode_reward:0.0, mean_queue:0.0
intersection:30, mean_episode_reward:0.0, mean_queue:0.0
intersection:31, mean_episode_reward:0.0, mean_queue:0.0
Test step:30/200, travel time :173.77685950413223, rewards:-10.424443901909722, queue:0.37838541666666664, delay:0.025905868742201063, throughput:1452
step:3600/3600, q_loss:0.3220224976539612, rewards:-10.492498779296875, queue:0.37890625, delay:0.026860390769110787, throughput:1452
episode:31/200, real avg travel time:174.33264462809916
intersection:0, mean_episode_reward:-0.8863887190818787, mean_queue:0.9638888835906982
intersection:1, mean_episode_reward:-0.8333332538604736, mean_queue:0.9222221970558167
intersection:2, mean_episode_reward:-0.7494444251060486, mean_queue:0.8722222447395325
intersection:3, mean_episode_reward:-0.5363888144493103, mean_queue:0.6527777910232544
intersection:4, mean_episode_reward:-0.7208332419395447, mean_queue:0.855555534362793
intersection:5, mean_episode_reward:-0.5619444251060486, mean_queue:0.6527777910232544
intersection:6, mean_episode_reward:-0.5491667985916138, mean_queue:0.5972222089767456
intersection:7, mean_episode_reward:-0.4005555510520935, mean_queue:0.5027777552604675
intersection:8, mean_episode_reward:-0.7849999070167542, mean_queue:0.8666666746139526
intersection:9, mean_episode_reward:-0.8733331561088562, mean_queue:0.9111111164093018
intersection:10, mean_episode_reward:-0.6358331441879272, mean_queue:0.7111111283302307
intersection:11, mean_episode_reward:-0.6061111688613892, mean_queue:0.7416666746139526
intersection:12, mean_episode_reward:-0.6458333134651184, mean_queue:0.7611111402511597
intersection:13, mean_episode_reward:-0.6636109352111816, mean_queue:0.8305555582046509
intersection:14, mean_episode_reward:-0.5, mean_queue:0.6111111044883728
intersection:15, mean_episode_reward:-0.5447221398353577, mean_queue:0.6722221970558167
intersection:16, mean_episode_reward:0.0, mean_queue:0.0
intersection:17, mean_episode_reward:0.0, mean_queue:0.0
intersection:18, mean_episode_reward:0.0, mean_queue:0.0
intersection:19, mean_episode_reward:0.0, mean_queue:0.0
intersection:20, mean_episode_reward:0.0, mean_queue:0.0
intersection:21, mean_episode_reward:0.0, mean_queue:0.0
intersection:22, mean_episode_reward:0.0, mean_queue:0.0
intersection:23, mean_episode_reward:0.0, mean_queue:0.0
intersection:24, mean_episode_reward:0.0, mean_queue:0.0
intersection:25, mean_episode_reward:0.0, mean_queue:0.0
intersection:26, mean_episode_reward:0.0, mean_queue:0.0
intersection:27, mean_episode_reward:0.0, mean_queue:0.0
intersection:28, mean_episode_reward:0.0, mean_queue:0.0
intersection:29, mean_episode_reward:0.0, mean_queue:0.0
intersection:30, mean_episode_reward:0.0, mean_queue:0.0
intersection:31, mean_episode_reward:0.0, mean_queue:0.0
Test step:31/200, travel time :173.78664831383344, rewards:-10.303055826822916, queue:0.37647569444444445, delay:0.025772900051540797, throughput:1453
step:3600/3600, q_loss:0.3110111355781555, rewards:-10.216944715711806, queue:0.36953125, delay:0.025856359799702962, throughput:1453
episode:32/200, real avg travel time:173.94838265657262
intersection:0, mean_episode_reward:-0.8158333897590637, mean_queue:0.9222221970558167
intersection:1, mean_episode_reward:-0.820555567741394, mean_queue:0.925000011920929
intersection:2, mean_episode_reward:-0.7425001263618469, mean_queue:0.8277778029441833
intersection:3, mean_episode_reward:-0.584444522857666, mean_queue:0.7055555582046509
intersection:4, mean_episode_reward:-0.6586112380027771, mean_queue:0.7805555462837219
intersection:5, mean_episode_reward:-0.6444446444511414, mean_queue:0.7277777791023254
intersection:6, mean_episode_reward:-0.5119444727897644, mean_queue:0.5944444537162781
intersection:7, mean_episode_reward:-0.37388893961906433, mean_queue:0.4694444537162781
intersection:8, mean_episode_reward:-0.7783331274986267, mean_queue:0.8527777791023254
intersection:9, mean_episode_reward:-0.8386111855506897, mean_queue:0.9166666865348816
intersection:10, mean_episode_reward:-0.5866665840148926, mean_queue:0.6194444298744202
intersection:11, mean_episode_reward:-0.6075000762939453, mean_queue:0.7194444537162781
intersection:12, mean_episode_reward:-0.6325001120567322, mean_queue:0.7472222447395325
intersection:13, mean_episode_reward:-0.5944444537162781, mean_queue:0.7416666746139526
intersection:14, mean_episode_reward:-0.43999993801116943, mean_queue:0.5333333611488342
intersection:15, mean_episode_reward:-0.5866665244102478, mean_queue:0.7416666746139526
intersection:16, mean_episode_reward:0.0, mean_queue:0.0
intersection:17, mean_episode_reward:0.0, mean_queue:0.0
intersection:18, mean_episode_reward:0.0, mean_queue:0.0
intersection:19, mean_episode_reward:0.0, mean_queue:0.0
intersection:20, mean_episode_reward:0.0, mean_queue:0.0
intersection:21, mean_episode_reward:0.0, mean_queue:0.0
intersection:22, mean_episode_reward:0.0, mean_queue:0.0
intersection:23, mean_episode_reward:0.0, mean_queue:0.0
intersection:24, mean_episode_reward:0.0, mean_queue:0.0
intersection:25, mean_episode_reward:0.0, mean_queue:0.0
intersection:26, mean_episode_reward:0.0, mean_queue:0.0
intersection:27, mean_episode_reward:0.0, mean_queue:0.0
intersection:28, mean_episode_reward:0.0, mean_queue:0.0
intersection:29, mean_episode_reward:0.0, mean_queue:0.0
intersection:30, mean_episode_reward:0.0, mean_queue:0.0
intersection:31, mean_episode_reward:0.0, mean_queue:0.0
Test step:32/200, travel time :174.02338376891333, rewards:-10.2897216796875, queue:0.3704861111111111, delay:0.026145505905151366, throughput:1454
step:3600/3600, q_loss:0.29779353737831116, rewards:-10.261110432942708, queue:0.3736111111111111, delay:0.025964625676472983, throughput:1454
episode:33/200, real avg travel time:173.8878954607978
intersection:0, mean_episode_reward:-0.878888726234436, mean_queue:0.9861111044883728
intersection:1, mean_episode_reward:-0.7444444298744202, mean_queue:0.8138889074325562
intersection:2, mean_episode_reward:-0.8222220540046692, mean_queue:0.9555555582046509
intersection:3, mean_episode_reward:-0.6702777743339539, mean_queue:0.800000011920929
intersection:4, mean_episode_reward:-0.7399998903274536, mean_queue:0.875
intersection:5, mean_episode_reward:-0.5772221684455872, mean_queue:0.6694444417953491
intersection:6, mean_episode_reward:-0.5299999713897705, mean_queue:0.6138888597488403
intersection:7, mean_episode_reward:-0.4280555844306946, mean_queue:0.5249999761581421
intersection:8, mean_episode_reward:-0.7347219586372375, mean_queue:0.8194444179534912
intersection:9, mean_episode_reward:-0.7388888597488403, mean_queue:0.8222222328186035
intersection:10, mean_episode_reward:-0.5641666650772095, mean_queue:0.6083333492279053
intersection:11, mean_episode_reward:-0.5666666626930237, mean_queue:0.699999988079071
intersection:12, mean_episode_reward:-0.6097221970558167, mean_queue:0.7222222089767456
intersection:13, mean_episode_reward:-0.6111111640930176, mean_queue:0.769444465637207
intersection:14, mean_episode_reward:-0.4955556094646454, mean_queue:0.6027777791023254
intersection:15, mean_episode_reward:-0.5491666793823242, mean_queue:0.6722221970558167
intersection:16, mean_episode_reward:0.0, mean_queue:0.0
intersection:17, mean_episode_reward:0.0, mean_queue:0.0
intersection:18, mean_episode_reward:0.0, mean_queue:0.0
intersection:19, mean_episode_reward:0.0, mean_queue:0.0
intersection:20, mean_episode_reward:0.0, mean_queue:0.0
intersection:21, mean_episode_reward:0.0, mean_queue:0.0
intersection:22, mean_episode_reward:0.0, mean_queue:0.0
intersection:23, mean_episode_reward:0.0, mean_queue:0.0
intersection:24, mean_episode_reward:0.0, mean_queue:0.0
intersection:25, mean_episode_reward:0.0, mean_queue:0.0
intersection:26, mean_episode_reward:0.0, mean_queue:0.0
intersection:27, mean_episode_reward:0.0, mean_queue:0.0
intersection:28, mean_episode_reward:0.0, mean_queue:0.0
intersection:29, mean_episode_reward:0.0, mean_queue:0.0
intersection:30, mean_episode_reward:0.0, mean_queue:0.0
intersection:31, mean_episode_reward:0.0, mean_queue:0.0
Test step:33/200, travel time :174.20867768595042, rewards:-10.522500271267361, queue:0.3834201388888889, delay:0.026509706179300943, throughput:1452
step:3600/3600, q_loss:0.29362550377845764, rewards:-10.240833197699653, queue:0.37057291666666664, delay:0.02621005376180013, throughput:1454
episode:34/200, real avg travel time:173.85763411279228
intersection:0, mean_episode_reward:-0.891110897064209, mean_queue:0.9750000238418579
intersection:1, mean_episode_reward:-0.7550000548362732, mean_queue:0.8583333492279053
intersection:2, mean_episode_reward:-0.801944375038147, mean_queue:0.8972222208976746
intersection:3, mean_episode_reward:-0.5836110711097717, mean_queue:0.7083333134651184
intersection:4, mean_episode_reward:-0.8283334374427795, mean_queue:0.9611111283302307
intersection:5, mean_episode_reward:-0.5894444584846497, mean_queue:0.6722221970558167
intersection:6, mean_episode_reward:-0.40861108899116516, mean_queue:0.46666666865348816
intersection:7, mean_episode_reward:-0.32750001549720764, mean_queue:0.4000000059604645
intersection:8, mean_episode_reward:-0.6983333826065063, mean_queue:0.7861111164093018
intersection:9, mean_episode_reward:-0.7016667723655701, mean_queue:0.7833333611488342
intersection:10, mean_episode_reward:-0.6247220039367676, mean_queue:0.7083333134651184
intersection:11, mean_episode_reward:-0.740555465221405, mean_queue:0.8527777791023254
intersection:12, mean_episode_reward:-0.6038888096809387, mean_queue:0.7138888835906982
intersection:13, mean_episode_reward:-0.6677778959274292, mean_queue:0.8166666626930237
intersection:14, mean_episode_reward:-0.5147221088409424, mean_queue:0.6000000238418579
intersection:15, mean_episode_reward:-0.5036110877990723, mean_queue:0.6583333611488342
intersection:16, mean_episode_reward:0.0, mean_queue:0.0
intersection:17, mean_episode_reward:0.0, mean_queue:0.0
intersection:18, mean_episode_reward:0.0, mean_queue:0.0
intersection:19, mean_episode_reward:0.0, mean_queue:0.0
intersection:20, mean_episode_reward:0.0, mean_queue:0.0
intersection:21, mean_episode_reward:0.0, mean_queue:0.0
intersection:22, mean_episode_reward:0.0, mean_queue:0.0
intersection:23, mean_episode_reward:0.0, mean_queue:0.0
intersection:24, mean_episode_reward:0.0, mean_queue:0.0
intersection:25, mean_episode_reward:0.0, mean_queue:0.0
intersection:26, mean_episode_reward:0.0, mean_queue:0.0
intersection:27, mean_episode_reward:0.0, mean_queue:0.0
intersection:28, mean_episode_reward:0.0, mean_queue:0.0
intersection:29, mean_episode_reward:0.0, mean_queue:0.0
intersection:30, mean_episode_reward:0.0, mean_queue:0.0
intersection:31, mean_episode_reward:0.0, mean_queue:0.0
Test step:34/200, travel time :173.96275862068964, rewards:-10.327777099609374, queue:0.37569444444444444, delay:0.02657662762535943, throughput:1450
step:3600/3600, q_loss:0.29311302304267883, rewards:-10.266387939453125, queue:0.371875, delay:0.02595774597591824, throughput:1451
episode:35/200, real avg travel time:174.0103376981392
intersection:0, mean_episode_reward:-0.7258332967758179, mean_queue:0.8277778029441833
intersection:1, mean_episode_reward:-0.8097222447395325, mean_queue:0.8972222208976746
intersection:2, mean_episode_reward:-0.8777776956558228, mean_queue:0.9944444298744202
intersection:3, mean_episode_reward:-0.6674998998641968, mean_queue:0.7972221970558167
intersection:4, mean_episode_reward:-0.7747222185134888, mean_queue:0.8861111402511597
intersection:5, mean_episode_reward:-0.6558333039283752, mean_queue:0.7527777552604675
intersection:6, mean_episode_reward:-0.4833333194255829, mean_queue:0.5555555820465088
intersection:7, mean_episode_reward:-0.47361111640930176, mean_queue:0.5666666626930237
intersection:8, mean_episode_reward:-0.7697219252586365, mean_queue:0.8444444537162781
intersection:9, mean_episode_reward:-0.7386109232902527, mean_queue:0.8083333373069763
intersection:10, mean_episode_reward:-0.5149999856948853, mean_queue:0.5611110925674438
intersection:11, mean_episode_reward:-0.5947222709655762, mean_queue:0.7083333134651184
intersection:12, mean_episode_reward:-0.6033334136009216, mean_queue:0.7416666746139526
intersection:13, mean_episode_reward:-0.6219444870948792, mean_queue:0.7833333611488342
intersection:14, mean_episode_reward:-0.4652778208255768, mean_queue:0.5416666865348816
intersection:15, mean_episode_reward:-0.4894445538520813, mean_queue:0.6333333253860474
intersection:16, mean_episode_reward:0.0, mean_queue:0.0
intersection:17, mean_episode_reward:0.0, mean_queue:0.0
intersection:18, mean_episode_reward:0.0, mean_queue:0.0
intersection:19, mean_episode_reward:0.0, mean_queue:0.0
intersection:20, mean_episode_reward:0.0, mean_queue:0.0
intersection:21, mean_episode_reward:0.0, mean_queue:0.0
intersection:22, mean_episode_reward:0.0, mean_queue:0.0
intersection:23, mean_episode_reward:0.0, mean_queue:0.0
intersection:24, mean_episode_reward:0.0, mean_queue:0.0
intersection:25, mean_episode_reward:0.0, mean_queue:0.0
intersection:26, mean_episode_reward:0.0, mean_queue:0.0
intersection:27, mean_episode_reward:0.0, mean_queue:0.0
intersection:28, mean_episode_reward:0.0, mean_queue:0.0
intersection:29, mean_episode_reward:0.0, mean_queue:0.0
intersection:30, mean_episode_reward:0.0, mean_queue:0.0
intersection:31, mean_episode_reward:0.0, mean_queue:0.0
Test step:35/200, travel time :172.60357880247764, rewards:-9.658888075086805, queue:0.3529513888888889, delay:0.024881548351711698, throughput:1453
step:3600/3600, q_loss:0.28530600666999817, rewards:-10.466110568576388, queue:0.37881944444444443, delay:0.026303593317667642, throughput:1452
episode:36/200, real avg travel time:174.2224517906336
intersection:0, mean_episode_reward:-0.9074996113777161, mean_queue:1.0
intersection:1, mean_episode_reward:-0.8094443678855896, mean_queue:0.9361110925674438
intersection:2, mean_episode_reward:-0.8994444012641907, mean_queue:1.0138888359069824
intersection:3, mean_episode_reward:-0.6158333420753479, mean_queue:0.7527777552604675
intersection:4, mean_episode_reward:-0.763055682182312, mean_queue:0.894444465637207
intersection:5, mean_episode_reward:-0.753888726234436, mean_queue:0.8416666388511658
intersection:6, mean_episode_reward:-0.5188888311386108, mean_queue:0.5944444537162781
intersection:7, mean_episode_reward:-0.357222318649292, mean_queue:0.4583333432674408
intersection:8, mean_episode_reward:-0.753888726234436, mean_queue:0.8194444179534912
intersection:9, mean_episode_reward:-0.7647222876548767, mean_queue:0.8222222328186035
intersection:10, mean_episode_reward:-0.5333332419395447, mean_queue:0.5888888835906982
intersection:11, mean_episode_reward:-0.5447221398353577, mean_queue:0.6499999761581421
intersection:12, mean_episode_reward:-0.6072221994400024, mean_queue:0.7138888835906982
intersection:13, mean_episode_reward:-0.6497222185134888, mean_queue:0.8138889074325562
intersection:14, mean_episode_reward:-0.547222375869751, mean_queue:0.6361111402511597
intersection:15, mean_episode_reward:-0.44000014662742615, mean_queue:0.5861111283302307
intersection:16, mean_episode_reward:0.0, mean_queue:0.0
intersection:17, mean_episode_reward:0.0, mean_queue:0.0
intersection:18, mean_episode_reward:0.0, mean_queue:0.0
intersection:19, mean_episode_reward:0.0, mean_queue:0.0
intersection:20, mean_episode_reward:0.0, mean_queue:0.0
intersection:21, mean_episode_reward:0.0, mean_queue:0.0
intersection:22, mean_episode_reward:0.0, mean_queue:0.0
intersection:23, mean_episode_reward:0.0, mean_queue:0.0
intersection:24, mean_episode_reward:0.0, mean_queue:0.0
intersection:25, mean_episode_reward:0.0, mean_queue:0.0
intersection:26, mean_episode_reward:0.0, mean_queue:0.0
intersection:27, mean_episode_reward:0.0, mean_queue:0.0
intersection:28, mean_episode_reward:0.0, mean_queue:0.0
intersection:29, mean_episode_reward:0.0, mean_queue:0.0
intersection:30, mean_episode_reward:0.0, mean_queue:0.0
intersection:31, mean_episode_reward:0.0, mean_queue:0.0
Test step:36/200, travel time :172.83964211975223, rewards:-9.823055013020833, queue:0.35920138888888886, delay:0.024940543704562716, throughput:1453
step:3600/3600, q_loss:0.29032784700393677, rewards:-10.225833468967014, queue:0.3692708333333333, delay:0.025692319869995116, throughput:1453
episode:37/200, real avg travel time:173.6717136958018
intersection:0, mean_episode_reward:-0.7536109685897827, mean_queue:0.824999988079071
intersection:1, mean_episode_reward:-0.7552778720855713, mean_queue:0.8416666388511658
intersection:2, mean_episode_reward:-0.8222222924232483, mean_queue:0.9027777910232544
intersection:3, mean_episode_reward:-0.6044444441795349, mean_queue:0.7361111044883728
intersection:4, mean_episode_reward:-0.7191668152809143, mean_queue:0.8444444537162781
intersection:5, mean_episode_reward:-0.6444443464279175, mean_queue:0.7250000238418579
intersection:6, mean_episode_reward:-0.5330555438995361, mean_queue:0.6138888597488403
intersection:7, mean_episode_reward:-0.3561111092567444, mean_queue:0.46666666865348816
intersection:8, mean_episode_reward:-0.8141664862632751, mean_queue:0.9027777910232544
intersection:9, mean_episode_reward:-0.8761110305786133, mean_queue:0.9527778029441833
intersection:10, mean_episode_reward:-0.551111102104187, mean_queue:0.644444465637207
intersection:11, mean_episode_reward:-0.5569445490837097, mean_queue:0.6416666507720947
intersection:12, mean_episode_reward:-0.6700001358985901, mean_queue:0.7944444417953491
intersection:13, mean_episode_reward:-0.6508333086967468, mean_queue:0.7972221970558167
intersection:14, mean_episode_reward:-0.478333443403244, mean_queue:0.5638889074325562
intersection:15, mean_episode_reward:-0.4400000274181366, mean_queue:0.5638889074325562
intersection:16, mean_episode_reward:0.0, mean_queue:0.0
intersection:17, mean_episode_reward:0.0, mean_queue:0.0
intersection:18, mean_episode_reward:0.0, mean_queue:0.0
intersection:19, mean_episode_reward:0.0, mean_queue:0.0
intersection:20, mean_episode_reward:0.0, mean_queue:0.0
intersection:21, mean_episode_reward:0.0, mean_queue:0.0
intersection:22, mean_episode_reward:0.0, mean_queue:0.0
intersection:23, mean_episode_reward:0.0, mean_queue:0.0
intersection:24, mean_episode_reward:0.0, mean_queue:0.0
intersection:25, mean_episode_reward:0.0, mean_queue:0.0
intersection:26, mean_episode_reward:0.0, mean_queue:0.0
intersection:27, mean_episode_reward:0.0, mean_queue:0.0
intersection:28, mean_episode_reward:0.0, mean_queue:0.0
intersection:29, mean_episode_reward:0.0, mean_queue:0.0
intersection:30, mean_episode_reward:0.0, mean_queue:0.0
intersection:31, mean_episode_reward:0.0, mean_queue:0.0
Test step:37/200, travel time :173.1542699724518, rewards:-9.921388075086806, queue:0.36041666666666666, delay:0.025252334276835122, throughput:1452
step:3600/3600, q_loss:0.2811012864112854, rewards:-9.570000542534721, queue:0.3524305555555556, delay:0.024881972206963435, throughput:1453
episode:38/200, real avg travel time:172.78251892635924
intersection:0, mean_episode_reward:-0.7061110734939575, mean_queue:0.7944444417953491
intersection:1, mean_episode_reward:-0.642500102519989, mean_queue:0.7611111402511597
intersection:2, mean_episode_reward:-0.6186110377311707, mean_queue:0.7277777791023254
intersection:3, mean_episode_reward:-0.5577778220176697, mean_queue:0.7138888835906982
intersection:4, mean_episode_reward:-0.7408334612846375, mean_queue:0.8611111044883728
intersection:5, mean_episode_reward:-0.5558335185050964, mean_queue:0.6333333253860474
intersection:6, mean_episode_reward:-0.5363889932632446, mean_queue:0.6166666746139526
intersection:7, mean_episode_reward:-0.46138903498649597, mean_queue:0.5722222328186035
intersection:8, mean_episode_reward:-0.7313886880874634, mean_queue:0.8111110925674438
intersection:9, mean_episode_reward:-0.6986111998558044, mean_queue:0.7388888597488403
intersection:10, mean_episode_reward:-0.567777693271637, mean_queue:0.6638888716697693
intersection:11, mean_episode_reward:-0.59333336353302, mean_queue:0.7055555582046509
intersection:12, mean_episode_reward:-0.65583336353302, mean_queue:0.7666666507720947
intersection:13, mean_episode_reward:-0.6424999833106995, mean_queue:0.8027777671813965
intersection:14, mean_episode_reward:-0.416666716337204, mean_queue:0.519444465637207
intersection:15, mean_episode_reward:-0.4444444477558136, mean_queue:0.5888888835906982
intersection:16, mean_episode_reward:0.0, mean_queue:0.0
intersection:17, mean_episode_reward:0.0, mean_queue:0.0
intersection:18, mean_episode_reward:0.0, mean_queue:0.0
intersection:19, mean_episode_reward:0.0, mean_queue:0.0
intersection:20, mean_episode_reward:0.0, mean_queue:0.0
intersection:21, mean_episode_reward:0.0, mean_queue:0.0
intersection:22, mean_episode_reward:0.0, mean_queue:0.0
intersection:23, mean_episode_reward:0.0, mean_queue:0.0
intersection:24, mean_episode_reward:0.0, mean_queue:0.0
intersection:25, mean_episode_reward:0.0, mean_queue:0.0
intersection:26, mean_episode_reward:0.0, mean_queue:0.0
intersection:27, mean_episode_reward:0.0, mean_queue:0.0
intersection:28, mean_episode_reward:0.0, mean_queue:0.0
intersection:29, mean_episode_reward:0.0, mean_queue:0.0
intersection:30, mean_episode_reward:0.0, mean_queue:0.0
intersection:31, mean_episode_reward:0.0, mean_queue:0.0
Test step:38/200, travel time :172.99380165289256, rewards:-9.868332926432291, queue:0.35824652777777777, delay:0.02512456046210395, throughput:1452
step:3600/3600, q_loss:0.28335559368133545, rewards:-10.518889702690972, queue:0.37942708333333336, delay:0.02599247031741672, throughput:1453
episode:39/200, real avg travel time:174.2828630419821
intersection:0, mean_episode_reward:-0.8691667318344116, mean_queue:0.9694444537162781
intersection:1, mean_episode_reward:-0.8005556464195251, mean_queue:0.8916666507720947
intersection:2, mean_episode_reward:-0.8063890337944031, mean_queue:0.9166666865348816
intersection:3, mean_episode_reward:-0.6425000429153442, mean_queue:0.7833333611488342
intersection:4, mean_episode_reward:-0.7172223329544067, mean_queue:0.8500000238418579
intersection:5, mean_episode_reward:-0.6052778363227844, mean_queue:0.675000011920929
intersection:6, mean_episode_reward:-0.5272221565246582, mean_queue:0.5805555582046509
intersection:7, mean_episode_reward:-0.40694454312324524, mean_queue:0.5138888955116272
intersection:8, mean_episode_reward:-0.717499852180481, mean_queue:0.7972221970558167
intersection:9, mean_episode_reward:-0.8047221899032593, mean_queue:0.9055555462837219
intersection:10, mean_episode_reward:-0.5011111497879028, mean_queue:0.5666666626930237
intersection:11, mean_episode_reward:-0.6611109972000122, mean_queue:0.7333333492279053
intersection:12, mean_episode_reward:-0.6688889861106873, mean_queue:0.7916666865348816
intersection:13, mean_episode_reward:-0.6886111497879028, mean_queue:0.8222222328186035
intersection:14, mean_episode_reward:-0.5541664958000183, mean_queue:0.644444465637207
intersection:15, mean_episode_reward:-0.5475000739097595, mean_queue:0.699999988079071
intersection:16, mean_episode_reward:0.0, mean_queue:0.0
intersection:17, mean_episode_reward:0.0, mean_queue:0.0
intersection:18, mean_episode_reward:0.0, mean_queue:0.0
intersection:19, mean_episode_reward:0.0, mean_queue:0.0
intersection:20, mean_episode_reward:0.0, mean_queue:0.0
intersection:21, mean_episode_reward:0.0, mean_queue:0.0
intersection:22, mean_episode_reward:0.0, mean_queue:0.0
intersection:23, mean_episode_reward:0.0, mean_queue:0.0
intersection:24, mean_episode_reward:0.0, mean_queue:0.0
intersection:25, mean_episode_reward:0.0, mean_queue:0.0
intersection:26, mean_episode_reward:0.0, mean_queue:0.0
intersection:27, mean_episode_reward:0.0, mean_queue:0.0
intersection:28, mean_episode_reward:0.0, mean_queue:0.0
intersection:29, mean_episode_reward:0.0, mean_queue:0.0
intersection:30, mean_episode_reward:0.0, mean_queue:0.0
intersection:31, mean_episode_reward:0.0, mean_queue:0.0
Test step:39/200, travel time :173.50103234686856, rewards:-10.113054741753473, queue:0.3646701388888889, delay:0.025420898861355252, throughput:1453
step:3600/3600, q_loss:0.2810780107975006, rewards:-10.324165852864583, queue:0.3743923611111111, delay:0.026021724277072483, throughput:1453
episode:40/200, real avg travel time:173.9504473503097
intersection:0, mean_episode_reward:-0.7736111283302307, mean_queue:0.8611111044883728
intersection:1, mean_episode_reward:-0.7130554914474487, mean_queue:0.8138889074325562
intersection:2, mean_episode_reward:-0.7591665387153625, mean_queue:0.8527777791023254
intersection:3, mean_episode_reward:-0.5630554556846619, mean_queue:0.7027778029441833
intersection:4, mean_episode_reward:-0.8091665506362915, mean_queue:0.9333333373069763
intersection:5, mean_episode_reward:-0.7047221660614014, mean_queue:0.8027777671813965
intersection:6, mean_episode_reward:-0.42694446444511414, mean_queue:0.4972222149372101
intersection:7, mean_episode_reward:-0.36416664719581604, mean_queue:0.4277777671813965
intersection:8, mean_episode_reward:-0.7813887000083923, mean_queue:0.8638888597488403
intersection:9, mean_episode_reward:-0.7747222185134888, mean_queue:0.8500000238418579
intersection:10, mean_episode_reward:-0.5802778005599976, mean_queue:0.6527777910232544
intersection:11, mean_episode_reward:-0.5961112380027771, mean_queue:0.7166666388511658
intersection:12, mean_episode_reward:-0.6044443845748901, mean_queue:0.7333333492279053
intersection:13, mean_episode_reward:-0.7405557632446289, mean_queue:0.8861111402511597
intersection:14, mean_episode_reward:-0.5913888812065125, mean_queue:0.7055555582046509
intersection:15, mean_episode_reward:-0.5413888096809387, mean_queue:0.6805555820465088
intersection:16, mean_episode_reward:0.0, mean_queue:0.0
intersection:17, mean_episode_reward:0.0, mean_queue:0.0
intersection:18, mean_episode_reward:0.0, mean_queue:0.0
intersection:19, mean_episode_reward:0.0, mean_queue:0.0
intersection:20, mean_episode_reward:0.0, mean_queue:0.0
intersection:21, mean_episode_reward:0.0, mean_queue:0.0
intersection:22, mean_episode_reward:0.0, mean_queue:0.0
intersection:23, mean_episode_reward:0.0, mean_queue:0.0
intersection:24, mean_episode_reward:0.0, mean_queue:0.0
intersection:25, mean_episode_reward:0.0, mean_queue:0.0
intersection:26, mean_episode_reward:0.0, mean_queue:0.0
intersection:27, mean_episode_reward:0.0, mean_queue:0.0
intersection:28, mean_episode_reward:0.0, mean_queue:0.0
intersection:29, mean_episode_reward:0.0, mean_queue:0.0
intersection:30, mean_episode_reward:0.0, mean_queue:0.0
intersection:31, mean_episode_reward:0.0, mean_queue:0.0
Test step:40/200, travel time :174.4776016540317, rewards:-10.5691650390625, queue:0.38046875, delay:0.02634672588772244, throughput:1451
step:3600/3600, q_loss:0.27992281317710876, rewards:-10.279444715711806, queue:0.3715277777777778, delay:0.025744144121805826, throughput:1451
episode:41/200, real avg travel time:174.0199862164025
intersection:0, mean_episode_reward:-0.9408332705497742, mean_queue:1.0111111402511597
intersection:1, mean_episode_reward:-0.6852777004241943, mean_queue:0.7777777910232544
intersection:2, mean_episode_reward:-0.7200000286102295, mean_queue:0.8194444179534912
intersection:3, mean_episode_reward:-0.6455554962158203, mean_queue:0.769444465637207
intersection:4, mean_episode_reward:-0.7633332014083862, mean_queue:0.8805555701255798
intersection:5, mean_episode_reward:-0.5249999761581421, mean_queue:0.6000000238418579
intersection:6, mean_episode_reward:-0.4977777600288391, mean_queue:0.5944444537162781
intersection:7, mean_episode_reward:-0.37861111760139465, mean_queue:0.4583333432674408
intersection:8, mean_episode_reward:-0.7208332419395447, mean_queue:0.800000011920929
intersection:9, mean_episode_reward:-0.7819444537162781, mean_queue:0.8638888597488403
intersection:10, mean_episode_reward:-0.5511110424995422, mean_queue:0.6138888597488403
intersection:11, mean_episode_reward:-0.6572222113609314, mean_queue:0.7749999761581421
intersection:12, mean_episode_reward:-0.6638889312744141, mean_queue:0.7833333611488342
intersection:13, mean_episode_reward:-0.7233332991600037, mean_queue:0.8805555701255798
intersection:14, mean_episode_reward:-0.513055682182312, mean_queue:0.6166666746139526
intersection:15, mean_episode_reward:-0.5116665959358215, mean_queue:0.644444465637207
intersection:16, mean_episode_reward:0.0, mean_queue:0.0
intersection:17, mean_episode_reward:0.0, mean_queue:0.0
intersection:18, mean_episode_reward:0.0, mean_queue:0.0
intersection:19, mean_episode_reward:0.0, mean_queue:0.0
intersection:20, mean_episode_reward:0.0, mean_queue:0.0
intersection:21, mean_episode_reward:0.0, mean_queue:0.0
intersection:22, mean_episode_reward:0.0, mean_queue:0.0
intersection:23, mean_episode_reward:0.0, mean_queue:0.0
intersection:24, mean_episode_reward:0.0, mean_queue:0.0
intersection:25, mean_episode_reward:0.0, mean_queue:0.0
intersection:26, mean_episode_reward:0.0, mean_queue:0.0
intersection:27, mean_episode_reward:0.0, mean_queue:0.0
intersection:28, mean_episode_reward:0.0, mean_queue:0.0
intersection:29, mean_episode_reward:0.0, mean_queue:0.0
intersection:30, mean_episode_reward:0.0, mean_queue:0.0
intersection:31, mean_episode_reward:0.0, mean_queue:0.0
Test step:41/200, travel time :173.86460481099655, rewards:-10.286943901909723, queue:0.3715277777777778, delay:0.025628376007080077, throughput:1455
step:3600/3600, q_loss:0.27802494168281555, rewards:-10.965555148654515, queue:0.39479166666666665, delay:0.026824386914571126, throughput:1451
episode:42/200, real avg travel time:175.24534803583737
intersection:0, mean_episode_reward:-0.7694443464279175, mean_queue:0.8694444298744202
intersection:1, mean_episode_reward:-0.8158330917358398, mean_queue:0.9111111164093018
intersection:2, mean_episode_reward:-0.9041666388511658, mean_queue:1.019444465637207
intersection:3, mean_episode_reward:-0.5922222137451172, mean_queue:0.7277777791023254
intersection:4, mean_episode_reward:-0.8327779173851013, mean_queue:0.9777777791023254
intersection:5, mean_episode_reward:-0.8691665530204773, mean_queue:0.9694444537162781
intersection:6, mean_episode_reward:-0.6011110544204712, mean_queue:0.6666666865348816
intersection:7, mean_episode_reward:-0.3911111056804657, mean_queue:0.5
intersection:8, mean_episode_reward:-0.7449999451637268, mean_queue:0.8194444179534912
intersection:9, mean_episode_reward:-0.79749995470047, mean_queue:0.8527777791023254
intersection:10, mean_episode_reward:-0.5711109042167664, mean_queue:0.6416666507720947
intersection:11, mean_episode_reward:-0.6230556964874268, mean_queue:0.7472222447395325
intersection:12, mean_episode_reward:-0.6344445943832397, mean_queue:0.7472222447395325
intersection:13, mean_episode_reward:-0.7522222995758057, mean_queue:0.8916666507720947
intersection:14, mean_episode_reward:-0.5749999284744263, mean_queue:0.675000011920929
intersection:15, mean_episode_reward:-0.49138879776000977, mean_queue:0.6166666746139526
intersection:16, mean_episode_reward:0.0, mean_queue:0.0
intersection:17, mean_episode_reward:0.0, mean_queue:0.0
intersection:18, mean_episode_reward:0.0, mean_queue:0.0
intersection:19, mean_episode_reward:0.0, mean_queue:0.0
intersection:20, mean_episode_reward:0.0, mean_queue:0.0
intersection:21, mean_episode_reward:0.0, mean_queue:0.0
intersection:22, mean_episode_reward:0.0, mean_queue:0.0
intersection:23, mean_episode_reward:0.0, mean_queue:0.0
intersection:24, mean_episode_reward:0.0, mean_queue:0.0
intersection:25, mean_episode_reward:0.0, mean_queue:0.0
intersection:26, mean_episode_reward:0.0, mean_queue:0.0
intersection:27, mean_episode_reward:0.0, mean_queue:0.0
intersection:28, mean_episode_reward:0.0, mean_queue:0.0
intersection:29, mean_episode_reward:0.0, mean_queue:0.0
intersection:30, mean_episode_reward:0.0, mean_queue:0.0
intersection:31, mean_episode_reward:0.0, mean_queue:0.0
Test step:42/200, travel time :173.80082701585113, rewards:-10.186111111111112, queue:0.36883680555555554, delay:0.025845509105258516, throughput:1451
step:3600/3600, q_loss:0.28118574619293213, rewards:-9.641389295789931, queue:0.3484375, delay:0.024710395601060656, throughput:1451
episode:43/200, real avg travel time:172.80427291523088
intersection:0, mean_episode_reward:-0.8080554604530334, mean_queue:0.8888888955116272
intersection:1, mean_episode_reward:-0.6727778315544128, mean_queue:0.7611111402511597
intersection:2, mean_episode_reward:-0.7022222280502319, mean_queue:0.8194444179534912
intersection:3, mean_episode_reward:-0.6697221398353577, mean_queue:0.800000011920929
intersection:4, mean_episode_reward:-0.815278172492981, mean_queue:0.9305555820465088
intersection:5, mean_episode_reward:-0.5688889026641846, mean_queue:0.6388888955116272
intersection:6, mean_episode_reward:-0.4358333945274353, mean_queue:0.5083333253860474
intersection:7, mean_episode_reward:-0.3797222077846527, mean_queue:0.46388888359069824
intersection:8, mean_episode_reward:-0.678055465221405, mean_queue:0.7472222447395325
intersection:9, mean_episode_reward:-0.7091666460037231, mean_queue:0.7638888955116272
intersection:10, mean_episode_reward:-0.48416662216186523, mean_queue:0.5472221970558167
intersection:11, mean_episode_reward:-0.5125001072883606, mean_queue:0.6083333492279053
intersection:12, mean_episode_reward:-0.5516666769981384, mean_queue:0.6499999761581421
intersection:13, mean_episode_reward:-0.714444637298584, mean_queue:0.8833333253860474
intersection:14, mean_episode_reward:-0.44555556774139404, mean_queue:0.5249999761581421
intersection:15, mean_episode_reward:-0.49333328008651733, mean_queue:0.6138888597488403
intersection:16, mean_episode_reward:0.0, mean_queue:0.0
intersection:17, mean_episode_reward:0.0, mean_queue:0.0
intersection:18, mean_episode_reward:0.0, mean_queue:0.0
intersection:19, mean_episode_reward:0.0, mean_queue:0.0
intersection:20, mean_episode_reward:0.0, mean_queue:0.0
intersection:21, mean_episode_reward:0.0, mean_queue:0.0
intersection:22, mean_episode_reward:0.0, mean_queue:0.0
intersection:23, mean_episode_reward:0.0, mean_queue:0.0
intersection:24, mean_episode_reward:0.0, mean_queue:0.0
intersection:25, mean_episode_reward:0.0, mean_queue:0.0
intersection:26, mean_episode_reward:0.0, mean_queue:0.0
intersection:27, mean_episode_reward:0.0, mean_queue:0.0
intersection:28, mean_episode_reward:0.0, mean_queue:0.0
intersection:29, mean_episode_reward:0.0, mean_queue:0.0
intersection:30, mean_episode_reward:0.0, mean_queue:0.0
intersection:31, mean_episode_reward:0.0, mean_queue:0.0
Test step:43/200, travel time :173.57133011716058, rewards:-10.053610568576389, queue:0.36380208333333336, delay:0.02578937212626139, throughput:1451
step:3600/3600, q_loss:0.2737959027290344, rewards:-10.814999728732639, queue:0.3876736111111111, delay:0.02602095603942871, throughput:1452
episode:44/200, real avg travel time:174.79683195592287
intersection:0, mean_episode_reward:-0.8294441103935242, mean_queue:0.9083333611488342
intersection:1, mean_episode_reward:-0.6997222900390625, mean_queue:0.7944444417953491
intersection:2, mean_episode_reward:-1.0905554294586182, mean_queue:1.1666666269302368
intersection:3, mean_episode_reward:-0.6827777028083801, mean_queue:0.8055555820465088
intersection:4, mean_episode_reward:-0.8999998569488525, mean_queue:1.024999976158142
intersection:5, mean_episode_reward:-0.7041666507720947, mean_queue:0.7805555462837219
intersection:6, mean_episode_reward:-0.5594446063041687, mean_queue:0.6611111164093018
intersection:7, mean_episode_reward:-0.3761111795902252, mean_queue:0.46666666865348816
intersection:8, mean_episode_reward:-0.8211107850074768, mean_queue:0.9111111164093018
intersection:9, mean_episode_reward:-0.7491666078567505, mean_queue:0.8277778029441833
intersection:10, mean_episode_reward:-0.5041666030883789, mean_queue:0.550000011920929
intersection:11, mean_episode_reward:-0.597777783870697, mean_queue:0.7027778029441833
intersection:12, mean_episode_reward:-0.6083333492279053, mean_queue:0.7166666388511658
intersection:13, mean_episode_reward:-0.7249999046325684, mean_queue:0.8916666507720947
intersection:14, mean_episode_reward:-0.5172221064567566, mean_queue:0.6166666746139526
intersection:15, mean_episode_reward:-0.44999995827674866, mean_queue:0.5805555582046509
intersection:16, mean_episode_reward:0.0, mean_queue:0.0
intersection:17, mean_episode_reward:0.0, mean_queue:0.0
intersection:18, mean_episode_reward:0.0, mean_queue:0.0
intersection:19, mean_episode_reward:0.0, mean_queue:0.0
intersection:20, mean_episode_reward:0.0, mean_queue:0.0
intersection:21, mean_episode_reward:0.0, mean_queue:0.0
intersection:22, mean_episode_reward:0.0, mean_queue:0.0
intersection:23, mean_episode_reward:0.0, mean_queue:0.0
intersection:24, mean_episode_reward:0.0, mean_queue:0.0
intersection:25, mean_episode_reward:0.0, mean_queue:0.0
intersection:26, mean_episode_reward:0.0, mean_queue:0.0
intersection:27, mean_episode_reward:0.0, mean_queue:0.0
intersection:28, mean_episode_reward:0.0, mean_queue:0.0
intersection:29, mean_episode_reward:0.0, mean_queue:0.0
intersection:30, mean_episode_reward:0.0, mean_queue:0.0
intersection:31, mean_episode_reward:0.0, mean_queue:0.0
Test step:44/200, travel time :173.7200825309491, rewards:-10.039722357855903, queue:0.3636284722222222, delay:0.02571361329820421, throughput:1454
step:3600/3600, q_loss:0.2717536985874176, rewards:-9.968054877387154, queue:0.36171875, delay:0.02486826048956977, throughput:1452
episode:45/200, real avg travel time:173.1542699724518
intersection:0, mean_episode_reward:-0.8611108660697937, mean_queue:0.9472222328186035
intersection:1, mean_episode_reward:-0.717777669429779, mean_queue:0.7833333611488342
intersection:2, mean_episode_reward:-0.8141666054725647, mean_queue:0.9277777671813965
intersection:3, mean_episode_reward:-0.6027777194976807, mean_queue:0.730555534362793
intersection:4, mean_episode_reward:-0.8033336400985718, mean_queue:0.9305555820465088
intersection:5, mean_episode_reward:-0.5913887619972229, mean_queue:0.6972222328186035
intersection:6, mean_episode_reward:-0.45833319425582886, mean_queue:0.5222222208976746
intersection:7, mean_episode_reward:-0.35722222924232483, mean_queue:0.4583333432674408
intersection:8, mean_episode_reward:-0.7955551743507385, mean_queue:0.8666666746139526
intersection:9, mean_episode_reward:-0.6955555081367493, mean_queue:0.7666666507720947
intersection:10, mean_episode_reward:-0.5497221946716309, mean_queue:0.6166666746139526
intersection:11, mean_episode_reward:-0.6311110854148865, mean_queue:0.7333333492279053
intersection:12, mean_episode_reward:-0.5925000309944153, mean_queue:0.7111111283302307
intersection:13, mean_episode_reward:-0.6808334589004517, mean_queue:0.8416666388511658
intersection:14, mean_episode_reward:-0.37222230434417725, mean_queue:0.4583333432674408
intersection:15, mean_episode_reward:-0.444444477558136, mean_queue:0.5833333134651184
intersection:16, mean_episode_reward:0.0, mean_queue:0.0
intersection:17, mean_episode_reward:0.0, mean_queue:0.0
intersection:18, mean_episode_reward:0.0, mean_queue:0.0
intersection:19, mean_episode_reward:0.0, mean_queue:0.0
intersection:20, mean_episode_reward:0.0, mean_queue:0.0
intersection:21, mean_episode_reward:0.0, mean_queue:0.0
intersection:22, mean_episode_reward:0.0, mean_queue:0.0
intersection:23, mean_episode_reward:0.0, mean_queue:0.0
intersection:24, mean_episode_reward:0.0, mean_queue:0.0
intersection:25, mean_episode_reward:0.0, mean_queue:0.0
intersection:26, mean_episode_reward:0.0, mean_queue:0.0
intersection:27, mean_episode_reward:0.0, mean_queue:0.0
intersection:28, mean_episode_reward:0.0, mean_queue:0.0
intersection:29, mean_episode_reward:0.0, mean_queue:0.0
intersection:30, mean_episode_reward:0.0, mean_queue:0.0
intersection:31, mean_episode_reward:0.0, mean_queue:0.0
Test step:45/200, travel time :174.17906336088154, rewards:-10.59083251953125, queue:0.3806423611111111, delay:0.02593407366010878, throughput:1452
step:3600/3600, q_loss:0.2745300829410553, rewards:-9.813888888888888, queue:0.35885416666666664, delay:0.024897670745849608, throughput:1450
episode:46/200, real avg travel time:172.85172413793103
intersection:0, mean_episode_reward:-0.8302777409553528, mean_queue:0.9194444417953491
intersection:1, mean_episode_reward:-0.6947222948074341, mean_queue:0.8111110925674438
intersection:2, mean_episode_reward:-0.8002777099609375, mean_queue:0.8916666507720947
intersection:3, mean_episode_reward:-0.6311110854148865, mean_queue:0.7861111164093018
intersection:4, mean_episode_reward:-0.7752776145935059, mean_queue:0.8972222208976746
intersection:5, mean_episode_reward:-0.6519443392753601, mean_queue:0.7444444298744202
intersection:6, mean_episode_reward:-0.4497222602367401, mean_queue:0.519444465637207
intersection:7, mean_episode_reward:-0.4091666638851166, mean_queue:0.5
intersection:8, mean_episode_reward:-0.7091666460037231, mean_queue:0.800000011920929
intersection:9, mean_episode_reward:-0.6700002551078796, mean_queue:0.7444444298744202
intersection:10, mean_episode_reward:-0.4449998140335083, mean_queue:0.5083333253860474
intersection:11, mean_episode_reward:-0.5819445848464966, mean_queue:0.6916666626930237
intersection:12, mean_episode_reward:-0.5680555701255798, mean_queue:0.7027778029441833
intersection:13, mean_episode_reward:-0.6491667628288269, mean_queue:0.8083333373069763
intersection:14, mean_episode_reward:-0.5383331775665283, mean_queue:0.6083333492279053
intersection:15, mean_episode_reward:-0.4097222685813904, mean_queue:0.550000011920929
intersection:16, mean_episode_reward:0.0, mean_queue:0.0
intersection:17, mean_episode_reward:0.0, mean_queue:0.0
intersection:18, mean_episode_reward:0.0, mean_queue:0.0
intersection:19, mean_episode_reward:0.0, mean_queue:0.0
intersection:20, mean_episode_reward:0.0, mean_queue:0.0
intersection:21, mean_episode_reward:0.0, mean_queue:0.0
intersection:22, mean_episode_reward:0.0, mean_queue:0.0
intersection:23, mean_episode_reward:0.0, mean_queue:0.0
intersection:24, mean_episode_reward:0.0, mean_queue:0.0
intersection:25, mean_episode_reward:0.0, mean_queue:0.0
intersection:26, mean_episode_reward:0.0, mean_queue:0.0
intersection:27, mean_episode_reward:0.0, mean_queue:0.0
intersection:28, mean_episode_reward:0.0, mean_queue:0.0
intersection:29, mean_episode_reward:0.0, mean_queue:0.0
intersection:30, mean_episode_reward:0.0, mean_queue:0.0
intersection:31, mean_episode_reward:0.0, mean_queue:0.0
Test step:46/200, travel time :174.01859504132233, rewards:-10.409998914930556, queue:0.37647569444444445, delay:0.026108527183532716, throughput:1452
step:3600/3600, q_loss:0.2698753774166107, rewards:-9.682499864366319, queue:0.35173611111111114, delay:0.025104782316419813, throughput:1452
episode:47/200, real avg travel time:173.02961432506888
intersection:0, mean_episode_reward:-0.6644445061683655, mean_queue:0.7416666746139526
intersection:1, mean_episode_reward:-0.6227778792381287, mean_queue:0.7027778029441833
intersection:2, mean_episode_reward:-0.9025002121925354, mean_queue:0.9833333492279053
intersection:3, mean_episode_reward:-0.6838891506195068, mean_queue:0.8083333373069763
intersection:4, mean_episode_reward:-0.7997221946716309, mean_queue:0.9277777671813965
intersection:5, mean_episode_reward:-0.5380555987358093, mean_queue:0.6222222447395325
intersection:6, mean_episode_reward:-0.4858333170413971, mean_queue:0.5694444179534912
intersection:7, mean_episode_reward:-0.36277782917022705, mean_queue:0.45277777314186096
intersection:8, mean_episode_reward:-0.7513887286186218, mean_queue:0.8222222328186035
intersection:9, mean_episode_reward:-0.739444375038147, mean_queue:0.8222222328186035
intersection:10, mean_episode_reward:-0.4886108934879303, mean_queue:0.5361111164093018
intersection:11, mean_episode_reward:-0.5791667103767395, mean_queue:0.6944444179534912
intersection:12, mean_episode_reward:-0.53166663646698, mean_queue:0.6583333611488342
intersection:13, mean_episode_reward:-0.5586109161376953, mean_queue:0.7166666388511658
intersection:14, mean_episode_reward:-0.44555550813674927, mean_queue:0.5305555462837219
intersection:15, mean_episode_reward:-0.5280554890632629, mean_queue:0.6666666865348816
intersection:16, mean_episode_reward:0.0, mean_queue:0.0
intersection:17, mean_episode_reward:0.0, mean_queue:0.0
intersection:18, mean_episode_reward:0.0, mean_queue:0.0
intersection:19, mean_episode_reward:0.0, mean_queue:0.0
intersection:20, mean_episode_reward:0.0, mean_queue:0.0
intersection:21, mean_episode_reward:0.0, mean_queue:0.0
intersection:22, mean_episode_reward:0.0, mean_queue:0.0
intersection:23, mean_episode_reward:0.0, mean_queue:0.0
intersection:24, mean_episode_reward:0.0, mean_queue:0.0
intersection:25, mean_episode_reward:0.0, mean_queue:0.0
intersection:26, mean_episode_reward:0.0, mean_queue:0.0
intersection:27, mean_episode_reward:0.0, mean_queue:0.0
intersection:28, mean_episode_reward:0.0, mean_queue:0.0
intersection:29, mean_episode_reward:0.0, mean_queue:0.0
intersection:30, mean_episode_reward:0.0, mean_queue:0.0
intersection:31, mean_episode_reward:0.0, mean_queue:0.0
Test step:47/200, travel time :173.8725017229497, rewards:-10.43861083984375, queue:0.37578125, delay:0.025815939903259276, throughput:1451
step:3600/3600, q_loss:0.2696440517902374, rewards:-10.348055691189236, queue:0.3728298611111111, delay:0.02622452841864692, throughput:1451
episode:48/200, real avg travel time:174.1502412129566
intersection:0, mean_episode_reward:-0.7786112427711487, mean_queue:0.8666666746139526
intersection:1, mean_episode_reward:-0.7263888716697693, mean_queue:0.800000011920929
intersection:2, mean_episode_reward:-0.9024999737739563, mean_queue:0.9861111044883728
intersection:3, mean_episode_reward:-0.6555556058883667, mean_queue:0.8111110925674438
intersection:4, mean_episode_reward:-0.8186113238334656, mean_queue:0.9555555582046509
intersection:5, mean_episode_reward:-0.5622223615646362, mean_queue:0.6416666507720947
intersection:6, mean_episode_reward:-0.5097222328186035, mean_queue:0.5805555582046509
intersection:7, mean_episode_reward:-0.39138883352279663, mean_queue:0.4555555582046509
intersection:8, mean_episode_reward:-0.8224995732307434, mean_queue:0.8972222208976746
intersection:9, mean_episode_reward:-0.82916659116745, mean_queue:0.8972222208976746
intersection:10, mean_episode_reward:-0.5580556392669678, mean_queue:0.6083333492279053
intersection:11, mean_episode_reward:-0.6097222566604614, mean_queue:0.7166666388511658
intersection:12, mean_episode_reward:-0.5844444632530212, mean_queue:0.6944444179534912
intersection:13, mean_episode_reward:-0.637499988079071, mean_queue:0.8055555820465088
intersection:14, mean_episode_reward:-0.557222306728363, mean_queue:0.6722221970558167
intersection:15, mean_episode_reward:-0.40444445610046387, mean_queue:0.5416666865348816
intersection:16, mean_episode_reward:0.0, mean_queue:0.0
intersection:17, mean_episode_reward:0.0, mean_queue:0.0
intersection:18, mean_episode_reward:0.0, mean_queue:0.0
intersection:19, mean_episode_reward:0.0, mean_queue:0.0
intersection:20, mean_episode_reward:0.0, mean_queue:0.0
intersection:21, mean_episode_reward:0.0, mean_queue:0.0
intersection:22, mean_episode_reward:0.0, mean_queue:0.0
intersection:23, mean_episode_reward:0.0, mean_queue:0.0
intersection:24, mean_episode_reward:0.0, mean_queue:0.0
intersection:25, mean_episode_reward:0.0, mean_queue:0.0
intersection:26, mean_episode_reward:0.0, mean_queue:0.0
intersection:27, mean_episode_reward:0.0, mean_queue:0.0
intersection:28, mean_episode_reward:0.0, mean_queue:0.0
intersection:29, mean_episode_reward:0.0, mean_queue:0.0
intersection:30, mean_episode_reward:0.0, mean_queue:0.0
intersection:31, mean_episode_reward:0.0, mean_queue:0.0
Test step:48/200, travel time :173.26634549208535, rewards:-9.848055013020833, queue:0.35651041666666666, delay:0.025482053226894803, throughput:1453
step:3600/3600, q_loss:0.26357051730155945, rewards:-10.269166395399306, queue:0.37300347222222224, delay:0.025371392567952473, throughput:1453
episode:49/200, real avg travel time:173.48520302821748
intersection:0, mean_episode_reward:-0.8077779412269592, mean_queue:0.9083333611488342
intersection:1, mean_episode_reward:-0.7213888168334961, mean_queue:0.8055555820465088
intersection:2, mean_episode_reward:-0.755833089351654, mean_queue:0.8638888597488403
intersection:3, mean_episode_reward:-0.660277783870697, mean_queue:0.7944444417953491
intersection:4, mean_episode_reward:-0.8897222876548767, mean_queue:1.005555510520935
intersection:5, mean_episode_reward:-0.6652777194976807, mean_queue:0.75
intersection:6, mean_episode_reward:-0.5180556178092957, mean_queue:0.605555534362793
intersection:7, mean_episode_reward:-0.4077777862548828, mean_queue:0.5027777552604675
intersection:8, mean_episode_reward:-0.7874998450279236, mean_queue:0.8722222447395325
intersection:9, mean_episode_reward:-0.8158330917358398, mean_queue:0.8916666507720947
intersection:10, mean_episode_reward:-0.5347222089767456, mean_queue:0.5972222089767456
intersection:11, mean_episode_reward:-0.4472222626209259, mean_queue:0.574999988079071
intersection:12, mean_episode_reward:-0.617222249507904, mean_queue:0.730555534362793
intersection:13, mean_episode_reward:-0.5969445109367371, mean_queue:0.7555555701255798
intersection:14, mean_episode_reward:-0.5394445061683655, mean_queue:0.6361111402511597
intersection:15, mean_episode_reward:-0.5041665434837341, mean_queue:0.6416666507720947
intersection:16, mean_episode_reward:0.0, mean_queue:0.0
intersection:17, mean_episode_reward:0.0, mean_queue:0.0
intersection:18, mean_episode_reward:0.0, mean_queue:0.0
intersection:19, mean_episode_reward:0.0, mean_queue:0.0
intersection:20, mean_episode_reward:0.0, mean_queue:0.0
intersection:21, mean_episode_reward:0.0, mean_queue:0.0
intersection:22, mean_episode_reward:0.0, mean_queue:0.0
intersection:23, mean_episode_reward:0.0, mean_queue:0.0
intersection:24, mean_episode_reward:0.0, mean_queue:0.0
intersection:25, mean_episode_reward:0.0, mean_queue:0.0
intersection:26, mean_episode_reward:0.0, mean_queue:0.0
intersection:27, mean_episode_reward:0.0, mean_queue:0.0
intersection:28, mean_episode_reward:0.0, mean_queue:0.0
intersection:29, mean_episode_reward:0.0, mean_queue:0.0
intersection:30, mean_episode_reward:0.0, mean_queue:0.0
intersection:31, mean_episode_reward:0.0, mean_queue:0.0
Test step:49/200, travel time :172.95790200138026, rewards:-9.827223036024305, queue:0.3578125, delay:0.02485469977060954, throughput:1449
step:3600/3600, q_loss:0.26007288694381714, rewards:-10.229166666666666, queue:0.3680555555555556, delay:0.025476039780510797, throughput:1453
episode:50/200, real avg travel time:173.64762560220234
intersection:0, mean_episode_reward:-0.7083333134651184, mean_queue:0.7944444417953491
intersection:1, mean_episode_reward:-0.7788891196250916, mean_queue:0.894444465637207
intersection:2, mean_episode_reward:-0.8794443607330322, mean_queue:0.9555555582046509
intersection:3, mean_episode_reward:-0.6430556178092957, mean_queue:0.7777777910232544
intersection:4, mean_episode_reward:-0.7933332920074463, mean_queue:0.9111111164093018
intersection:5, mean_episode_reward:-0.554444432258606, mean_queue:0.6388888955116272
intersection:6, mean_episode_reward:-0.5580556392669678, mean_queue:0.625
intersection:7, mean_episode_reward:-0.39499998092651367, mean_queue:0.47777777910232544
intersection:8, mean_episode_reward:-0.8338884711265564, mean_queue:0.9277777671813965
intersection:9, mean_episode_reward:-0.7016665935516357, mean_queue:0.7583333253860474
intersection:10, mean_episode_reward:-0.5191665291786194, mean_queue:0.5611110925674438
intersection:11, mean_episode_reward:-0.5594444870948792, mean_queue:0.6472222208976746
intersection:12, mean_episode_reward:-0.6263890862464905, mean_queue:0.75
intersection:13, mean_episode_reward:-0.621388852596283, mean_queue:0.769444465637207
intersection:14, mean_episode_reward:-0.49222230911254883, mean_queue:0.5833333134651184
intersection:15, mean_episode_reward:-0.5644446611404419, mean_queue:0.7055555582046509
intersection:16, mean_episode_reward:0.0, mean_queue:0.0
intersection:17, mean_episode_reward:0.0, mean_queue:0.0
intersection:18, mean_episode_reward:0.0, mean_queue:0.0
intersection:19, mean_episode_reward:0.0, mean_queue:0.0
intersection:20, mean_episode_reward:0.0, mean_queue:0.0
intersection:21, mean_episode_reward:0.0, mean_queue:0.0
intersection:22, mean_episode_reward:0.0, mean_queue:0.0
intersection:23, mean_episode_reward:0.0, mean_queue:0.0
intersection:24, mean_episode_reward:0.0, mean_queue:0.0
intersection:25, mean_episode_reward:0.0, mean_queue:0.0
intersection:26, mean_episode_reward:0.0, mean_queue:0.0
intersection:27, mean_episode_reward:0.0, mean_queue:0.0
intersection:28, mean_episode_reward:0.0, mean_queue:0.0
intersection:29, mean_episode_reward:0.0, mean_queue:0.0
intersection:30, mean_episode_reward:0.0, mean_queue:0.0
intersection:31, mean_episode_reward:0.0, mean_queue:0.0
Test step:50/200, travel time :172.20563961485558, rewards:-9.500554741753472, queue:0.346875, delay:0.024040545357598198, throughput:1454
step:3600/3600, q_loss:0.2688056528568268, rewards:-9.949998643663195, queue:0.3637152777777778, delay:0.025529612435234918, throughput:1454
episode:51/200, real avg travel time:173.1767537826685
intersection:0, mean_episode_reward:-0.7930552959442139, mean_queue:0.8916666507720947
intersection:1, mean_episode_reward:-0.769444465637207, mean_queue:0.8722222447395325
intersection:2, mean_episode_reward:-0.7508332133293152, mean_queue:0.8583333492279053
intersection:3, mean_episode_reward:-0.5719444751739502, mean_queue:0.7166666388511658
intersection:4, mean_episode_reward:-0.8469441533088684, mean_queue:0.9750000238418579
intersection:5, mean_episode_reward:-0.6116666793823242, mean_queue:0.6722221970558167
intersection:6, mean_episode_reward:-0.4511110484600067, mean_queue:0.5333333611488342
intersection:7, mean_episode_reward:-0.4238888621330261, mean_queue:0.5249999761581421
intersection:8, mean_episode_reward:-0.8555552959442139, mean_queue:0.9444444179534912
intersection:9, mean_episode_reward:-0.7977776527404785, mean_queue:0.8777777552604675
intersection:10, mean_episode_reward:-0.5469445586204529, mean_queue:0.6111111044883728
intersection:11, mean_episode_reward:-0.570555567741394, mean_queue:0.6944444179534912
intersection:12, mean_episode_reward:-0.5769444108009338, mean_queue:0.6833333373069763
intersection:13, mean_episode_reward:-0.5391667485237122, mean_queue:0.7111111283302307
intersection:14, mean_episode_reward:-0.4563888907432556, mean_queue:0.5472221970558167
intersection:15, mean_episode_reward:-0.38777774572372437, mean_queue:0.5249999761581421
intersection:16, mean_episode_reward:0.0, mean_queue:0.0
intersection:17, mean_episode_reward:0.0, mean_queue:0.0
intersection:18, mean_episode_reward:0.0, mean_queue:0.0
intersection:19, mean_episode_reward:0.0, mean_queue:0.0
intersection:20, mean_episode_reward:0.0, mean_queue:0.0
intersection:21, mean_episode_reward:0.0, mean_queue:0.0
intersection:22, mean_episode_reward:0.0, mean_queue:0.0
intersection:23, mean_episode_reward:0.0, mean_queue:0.0
intersection:24, mean_episode_reward:0.0, mean_queue:0.0
intersection:25, mean_episode_reward:0.0, mean_queue:0.0
intersection:26, mean_episode_reward:0.0, mean_queue:0.0
intersection:27, mean_episode_reward:0.0, mean_queue:0.0
intersection:28, mean_episode_reward:0.0, mean_queue:0.0
intersection:29, mean_episode_reward:0.0, mean_queue:0.0
intersection:30, mean_episode_reward:0.0, mean_queue:0.0
intersection:31, mean_episode_reward:0.0, mean_queue:0.0
Test step:51/200, travel time :173.03514817367332, rewards:-9.990277099609376, queue:0.3623263888888889, delay:0.024899620480007597, throughput:1451
step:3600/3600, q_loss:0.25880172848701477, rewards:-9.9397216796875, queue:0.3599826388888889, delay:0.02487214141421848, throughput:1452
episode:52/200, real avg travel time:173.13980716253442
intersection:0, mean_episode_reward:-0.787222146987915, mean_queue:0.8777777552604675
intersection:1, mean_episode_reward:-0.6030555367469788, mean_queue:0.6833333373069763
intersection:2, mean_episode_reward:-0.6913888454437256, mean_queue:0.7916666865348816
intersection:3, mean_episode_reward:-0.6052777767181396, mean_queue:0.7361111044883728
intersection:4, mean_episode_reward:-0.7733331322669983, mean_queue:0.9027777910232544
intersection:5, mean_episode_reward:-0.5024999976158142, mean_queue:0.5638889074325562
intersection:6, mean_episode_reward:-0.5311111211776733, mean_queue:0.5916666388511658
intersection:7, mean_episode_reward:-0.4224999248981476, mean_queue:0.5138888955116272
intersection:8, mean_episode_reward:-0.8513888120651245, mean_queue:0.9444444179534912
intersection:9, mean_episode_reward:-0.8394442796707153, mean_queue:0.9138888716697693
intersection:10, mean_episode_reward:-0.5424999594688416, mean_queue:0.5888888835906982
intersection:11, mean_episode_reward:-0.6330555081367493, mean_queue:0.7388888597488403
intersection:12, mean_episode_reward:-0.581944465637207, mean_queue:0.7083333134651184
intersection:13, mean_episode_reward:-0.5977777242660522, mean_queue:0.75
intersection:14, mean_episode_reward:-0.5152776837348938, mean_queue:0.6166666746139526
intersection:15, mean_episode_reward:-0.461944580078125, mean_queue:0.5972222089767456
intersection:16, mean_episode_reward:0.0, mean_queue:0.0
intersection:17, mean_episode_reward:0.0, mean_queue:0.0
intersection:18, mean_episode_reward:0.0, mean_queue:0.0
intersection:19, mean_episode_reward:0.0, mean_queue:0.0
intersection:20, mean_episode_reward:0.0, mean_queue:0.0
intersection:21, mean_episode_reward:0.0, mean_queue:0.0
intersection:22, mean_episode_reward:0.0, mean_queue:0.0
intersection:23, mean_episode_reward:0.0, mean_queue:0.0
intersection:24, mean_episode_reward:0.0, mean_queue:0.0
intersection:25, mean_episode_reward:0.0, mean_queue:0.0
intersection:26, mean_episode_reward:0.0, mean_queue:0.0
intersection:27, mean_episode_reward:0.0, mean_queue:0.0
intersection:28, mean_episode_reward:0.0, mean_queue:0.0
intersection:29, mean_episode_reward:0.0, mean_queue:0.0
intersection:30, mean_episode_reward:0.0, mean_queue:0.0
intersection:31, mean_episode_reward:0.0, mean_queue:0.0
Test step:52/200, travel time :173.36588720770288, rewards:-9.987776692708334, queue:0.3607638888888889, delay:0.02508055633968777, throughput:1454
step:3600/3600, q_loss:0.2558334469795227, rewards:-10.009166124131944, queue:0.3623263888888889, delay:0.024930169847276477, throughput:1452
episode:53/200, real avg travel time:172.95730027548208
intersection:0, mean_episode_reward:-0.7541664838790894, mean_queue:0.8416666388511658
intersection:1, mean_episode_reward:-0.6741666197776794, mean_queue:0.7666666507720947
intersection:2, mean_episode_reward:-0.8102775812149048, mean_queue:0.8999999761581421
intersection:3, mean_episode_reward:-0.6180555820465088, mean_queue:0.7666666507720947
intersection:4, mean_episode_reward:-0.7655555009841919, mean_queue:0.8999999761581421
intersection:5, mean_episode_reward:-0.5491665601730347, mean_queue:0.6222222447395325
intersection:6, mean_episode_reward:-0.5500000715255737, mean_queue:0.625
intersection:7, mean_episode_reward:-0.3930554986000061, mean_queue:0.49166667461395264
intersection:8, mean_episode_reward:-0.7774997353553772, mean_queue:0.8472222089767456
intersection:9, mean_episode_reward:-0.714722216129303, mean_queue:0.7861111164093018
intersection:10, mean_episode_reward:-0.46972227096557617, mean_queue:0.5055555701255798
intersection:11, mean_episode_reward:-0.6855554580688477, mean_queue:0.8055555820465088
intersection:12, mean_episode_reward:-0.6058332920074463, mean_queue:0.7055555582046509
intersection:13, mean_episode_reward:-0.7097223997116089, mean_queue:0.8916666507720947
intersection:14, mean_episode_reward:-0.464722216129303, mean_queue:0.5444444417953491
intersection:15, mean_episode_reward:-0.46694445610046387, mean_queue:0.5944444537162781
intersection:16, mean_episode_reward:0.0, mean_queue:0.0
intersection:17, mean_episode_reward:0.0, mean_queue:0.0
intersection:18, mean_episode_reward:0.0, mean_queue:0.0
intersection:19, mean_episode_reward:0.0, mean_queue:0.0
intersection:20, mean_episode_reward:0.0, mean_queue:0.0
intersection:21, mean_episode_reward:0.0, mean_queue:0.0
intersection:22, mean_episode_reward:0.0, mean_queue:0.0
intersection:23, mean_episode_reward:0.0, mean_queue:0.0
intersection:24, mean_episode_reward:0.0, mean_queue:0.0
intersection:25, mean_episode_reward:0.0, mean_queue:0.0
intersection:26, mean_episode_reward:0.0, mean_queue:0.0
intersection:27, mean_episode_reward:0.0, mean_queue:0.0
intersection:28, mean_episode_reward:0.0, mean_queue:0.0
intersection:29, mean_episode_reward:0.0, mean_queue:0.0
intersection:30, mean_episode_reward:0.0, mean_queue:0.0
intersection:31, mean_episode_reward:0.0, mean_queue:0.0
Test step:53/200, travel time :173.1248275862069, rewards:-9.945277235243056, queue:0.35963541666666665, delay:0.025007711516486272, throughput:1450
step:3600/3600, q_loss:0.265479177236557, rewards:-9.744166395399306, queue:0.35546875, delay:0.02504954073164198, throughput:1453
episode:54/200, real avg travel time:173.31658637302132
intersection:0, mean_episode_reward:-0.8374999165534973, mean_queue:0.9472222328186035
intersection:1, mean_episode_reward:-0.629721999168396, mean_queue:0.7111111283302307
intersection:2, mean_episode_reward:-0.8244444131851196, mean_queue:0.9111111164093018
intersection:3, mean_episode_reward:-0.5377777814865112, mean_queue:0.6722221970558167
intersection:4, mean_episode_reward:-0.7422221899032593, mean_queue:0.8583333492279053
intersection:5, mean_episode_reward:-0.57916659116745, mean_queue:0.6499999761581421
intersection:6, mean_episode_reward:-0.47166675329208374, mean_queue:0.5555555820465088
intersection:7, mean_episode_reward:-0.38027775287628174, mean_queue:0.4749999940395355
intersection:8, mean_episode_reward:-0.7524998784065247, mean_queue:0.8500000238418579
intersection:9, mean_episode_reward:-0.7527779340744019, mean_queue:0.8111110925674438
intersection:10, mean_episode_reward:-0.4486111104488373, mean_queue:0.5249999761581421
intersection:11, mean_episode_reward:-0.5525000095367432, mean_queue:0.6666666865348816
intersection:12, mean_episode_reward:-0.6608332991600037, mean_queue:0.7722222208976746
intersection:13, mean_episode_reward:-0.5869445204734802, mean_queue:0.7555555701255798
intersection:14, mean_episode_reward:-0.5044444799423218, mean_queue:0.605555534362793
intersection:15, mean_episode_reward:-0.48277783393859863, mean_queue:0.6083333492279053
intersection:16, mean_episode_reward:0.0, mean_queue:0.0
intersection:17, mean_episode_reward:0.0, mean_queue:0.0
intersection:18, mean_episode_reward:0.0, mean_queue:0.0
intersection:19, mean_episode_reward:0.0, mean_queue:0.0
intersection:20, mean_episode_reward:0.0, mean_queue:0.0
intersection:21, mean_episode_reward:0.0, mean_queue:0.0
intersection:22, mean_episode_reward:0.0, mean_queue:0.0
intersection:23, mean_episode_reward:0.0, mean_queue:0.0
intersection:24, mean_episode_reward:0.0, mean_queue:0.0
intersection:25, mean_episode_reward:0.0, mean_queue:0.0
intersection:26, mean_episode_reward:0.0, mean_queue:0.0
intersection:27, mean_episode_reward:0.0, mean_queue:0.0
intersection:28, mean_episode_reward:0.0, mean_queue:0.0
intersection:29, mean_episode_reward:0.0, mean_queue:0.0
intersection:30, mean_episode_reward:0.0, mean_queue:0.0
intersection:31, mean_episode_reward:0.0, mean_queue:0.0
Test step:54/200, travel time :173.21197522367515, rewards:-9.965555148654515, queue:0.36163194444444446, delay:0.02499750985039605, throughput:1453
step:3600/3600, q_loss:0.25782501697540283, rewards:-10.119722493489583, queue:0.36493055555555554, delay:0.025628844896952312, throughput:1453
episode:55/200, real avg travel time:173.80454232622162
intersection:0, mean_episode_reward:-0.8627775311470032, mean_queue:0.9388889074325562
intersection:1, mean_episode_reward:-0.7280555963516235, mean_queue:0.8194444179534912
intersection:2, mean_episode_reward:-0.8277779221534729, mean_queue:0.8972222208976746
intersection:3, mean_episode_reward:-0.5802777409553528, mean_queue:0.7027778029441833
intersection:4, mean_episode_reward:-0.6744444370269775, mean_queue:0.824999988079071
intersection:5, mean_episode_reward:-0.6461110711097717, mean_queue:0.7250000238418579
intersection:6, mean_episode_reward:-0.5163888931274414, mean_queue:0.605555534362793
intersection:7, mean_episode_reward:-0.3641667366027832, mean_queue:0.4444444477558136
intersection:8, mean_episode_reward:-0.7308334112167358, mean_queue:0.7944444417953491
intersection:9, mean_episode_reward:-0.6816666126251221, mean_queue:0.75
intersection:10, mean_episode_reward:-0.5374998450279236, mean_queue:0.6027777791023254
intersection:11, mean_episode_reward:-0.576388955116272, mean_queue:0.6888889074325562
intersection:12, mean_episode_reward:-0.5716665983200073, mean_queue:0.6833333373069763
intersection:13, mean_episode_reward:-0.7724998593330383, mean_queue:0.9333333373069763
intersection:14, mean_episode_reward:-0.496944397687912, mean_queue:0.5888888835906982
intersection:15, mean_episode_reward:-0.5522222518920898, mean_queue:0.6777777671813965
intersection:16, mean_episode_reward:0.0, mean_queue:0.0
intersection:17, mean_episode_reward:0.0, mean_queue:0.0
intersection:18, mean_episode_reward:0.0, mean_queue:0.0
intersection:19, mean_episode_reward:0.0, mean_queue:0.0
intersection:20, mean_episode_reward:0.0, mean_queue:0.0
intersection:21, mean_episode_reward:0.0, mean_queue:0.0
intersection:22, mean_episode_reward:0.0, mean_queue:0.0
intersection:23, mean_episode_reward:0.0, mean_queue:0.0
intersection:24, mean_episode_reward:0.0, mean_queue:0.0
intersection:25, mean_episode_reward:0.0, mean_queue:0.0
intersection:26, mean_episode_reward:0.0, mean_queue:0.0
intersection:27, mean_episode_reward:0.0, mean_queue:0.0
intersection:28, mean_episode_reward:0.0, mean_queue:0.0
intersection:29, mean_episode_reward:0.0, mean_queue:0.0
intersection:30, mean_episode_reward:0.0, mean_queue:0.0
intersection:31, mean_episode_reward:0.0, mean_queue:0.0
Test step:55/200, travel time :172.19050894085282, rewards:-9.450555419921875, queue:0.34539930555555554, delay:0.024272998174031574, throughput:1454
step:3600/3600, q_loss:0.252699613571167, rewards:-9.920554606119792, queue:0.36015625, delay:0.025236728456285266, throughput:1452
episode:56/200, real avg travel time:173.46143250688706
intersection:0, mean_episode_reward:-0.7397218346595764, mean_queue:0.8305555582046509
intersection:1, mean_episode_reward:-0.6019444465637207, mean_queue:0.6916666626930237
intersection:2, mean_episode_reward:-0.8719444870948792, mean_queue:0.9750000238418579
intersection:3, mean_episode_reward:-0.5616667866706848, mean_queue:0.6833333373069763
intersection:4, mean_episode_reward:-0.8991667628288269, mean_queue:1.0277777910232544
intersection:5, mean_episode_reward:-0.6874999403953552, mean_queue:0.7583333253860474
intersection:6, mean_episode_reward:-0.5077778100967407, mean_queue:0.6111111044883728
intersection:7, mean_episode_reward:-0.3455555737018585, mean_queue:0.4277777671813965
intersection:8, mean_episode_reward:-0.8127776980400085, mean_queue:0.8888888955116272
intersection:9, mean_episode_reward:-0.7383330464363098, mean_queue:0.8111110925674438
intersection:10, mean_episode_reward:-0.4661109447479248, mean_queue:0.5361111164093018
intersection:11, mean_episode_reward:-0.5794442892074585, mean_queue:0.6861110925674438
intersection:12, mean_episode_reward:-0.5783332586288452, mean_queue:0.6833333373069763
intersection:13, mean_episode_reward:-0.6433334946632385, mean_queue:0.8138889074325562
intersection:14, mean_episode_reward:-0.4027777314186096, mean_queue:0.47777777910232544
intersection:15, mean_episode_reward:-0.4841667115688324, mean_queue:0.6222222447395325
intersection:16, mean_episode_reward:0.0, mean_queue:0.0
intersection:17, mean_episode_reward:0.0, mean_queue:0.0
intersection:18, mean_episode_reward:0.0, mean_queue:0.0
intersection:19, mean_episode_reward:0.0, mean_queue:0.0
intersection:20, mean_episode_reward:0.0, mean_queue:0.0
intersection:21, mean_episode_reward:0.0, mean_queue:0.0
intersection:22, mean_episode_reward:0.0, mean_queue:0.0
intersection:23, mean_episode_reward:0.0, mean_queue:0.0
intersection:24, mean_episode_reward:0.0, mean_queue:0.0
intersection:25, mean_episode_reward:0.0, mean_queue:0.0
intersection:26, mean_episode_reward:0.0, mean_queue:0.0
intersection:27, mean_episode_reward:0.0, mean_queue:0.0
intersection:28, mean_episode_reward:0.0, mean_queue:0.0
intersection:29, mean_episode_reward:0.0, mean_queue:0.0
intersection:30, mean_episode_reward:0.0, mean_queue:0.0
intersection:31, mean_episode_reward:0.0, mean_queue:0.0
Test step:56/200, travel time :173.31013094417642, rewards:-9.918333604600694, queue:0.3614583333333333, delay:0.025173963440789118, throughput:1451
step:3600/3600, q_loss:0.2514365315437317, rewards:-9.902776421440972, queue:0.36102430555555554, delay:0.025032663345336915, throughput:1453
episode:57/200, real avg travel time:173.11149346180318
intersection:0, mean_episode_reward:-0.7891665101051331, mean_queue:0.875
intersection:1, mean_episode_reward:-0.7074998617172241, mean_queue:0.7944444417953491
intersection:2, mean_episode_reward:-0.8791666626930237, mean_queue:0.9888888597488403
intersection:3, mean_episode_reward:-0.5855557322502136, mean_queue:0.7222222089767456
intersection:4, mean_episode_reward:-0.6983335018157959, mean_queue:0.8277778029441833
intersection:5, mean_episode_reward:-0.5283334255218506, mean_queue:0.6000000238418579
intersection:6, mean_episode_reward:-0.44861119985580444, mean_queue:0.5166666507720947
intersection:7, mean_episode_reward:-0.38444438576698303, mean_queue:0.4888888895511627
intersection:8, mean_episode_reward:-0.7816664576530457, mean_queue:0.8861111402511597
intersection:9, mean_episode_reward:-0.8297218084335327, mean_queue:0.875
intersection:10, mean_episode_reward:-0.4594443738460541, mean_queue:0.5361111164093018
intersection:11, mean_episode_reward:-0.5008333325386047, mean_queue:0.605555534362793
intersection:12, mean_episode_reward:-0.5813889503479004, mean_queue:0.7083333134651184
intersection:13, mean_episode_reward:-0.7152777910232544, mean_queue:0.8916666507720947
intersection:14, mean_episode_reward:-0.5147219896316528, mean_queue:0.6000000238418579
intersection:15, mean_episode_reward:-0.49861112236976624, mean_queue:0.6361111402511597
intersection:16, mean_episode_reward:0.0, mean_queue:0.0
intersection:17, mean_episode_reward:0.0, mean_queue:0.0
intersection:18, mean_episode_reward:0.0, mean_queue:0.0
intersection:19, mean_episode_reward:0.0, mean_queue:0.0
intersection:20, mean_episode_reward:0.0, mean_queue:0.0
intersection:21, mean_episode_reward:0.0, mean_queue:0.0
intersection:22, mean_episode_reward:0.0, mean_queue:0.0
intersection:23, mean_episode_reward:0.0, mean_queue:0.0
intersection:24, mean_episode_reward:0.0, mean_queue:0.0
intersection:25, mean_episode_reward:0.0, mean_queue:0.0
intersection:26, mean_episode_reward:0.0, mean_queue:0.0
intersection:27, mean_episode_reward:0.0, mean_queue:0.0
intersection:28, mean_episode_reward:0.0, mean_queue:0.0
intersection:29, mean_episode_reward:0.0, mean_queue:0.0
intersection:30, mean_episode_reward:0.0, mean_queue:0.0
intersection:31, mean_episode_reward:0.0, mean_queue:0.0
Test step:57/200, travel time :172.7847317744154, rewards:-9.790555148654514, queue:0.3572048611111111, delay:0.024809726079305015, throughput:1454
step:3600/3600, q_loss:0.24785321950912476, rewards:-9.558333333333334, queue:0.34817708333333336, delay:0.024263196521335177, throughput:1452
episode:58/200, real avg travel time:172.61914600550963
intersection:0, mean_episode_reward:-0.7966666221618652, mean_queue:0.9055555462837219
intersection:1, mean_episode_reward:-0.6233333349227905, mean_queue:0.6972222328186035
intersection:2, mean_episode_reward:-0.7013887166976929, mean_queue:0.7777777910232544
intersection:3, mean_episode_reward:-0.4766666889190674, mean_queue:0.5972222089767456
intersection:4, mean_episode_reward:-0.7502779364585876, mean_queue:0.875
intersection:5, mean_episode_reward:-0.547222375869751, mean_queue:0.605555534362793
intersection:6, mean_episode_reward:-0.5719443559646606, mean_queue:0.6472222208976746
intersection:7, mean_episode_reward:-0.3291666805744171, mean_queue:0.4138889014720917
intersection:8, mean_episode_reward:-0.7786108255386353, mean_queue:0.875
intersection:9, mean_episode_reward:-0.6888887882232666, mean_queue:0.7583333253860474
intersection:10, mean_episode_reward:-0.5144443511962891, mean_queue:0.5916666388511658
intersection:11, mean_episode_reward:-0.6366667747497559, mean_queue:0.7444444298744202
intersection:12, mean_episode_reward:-0.6305556297302246, mean_queue:0.75
intersection:13, mean_episode_reward:-0.6247221231460571, mean_queue:0.7944444417953491
intersection:14, mean_episode_reward:-0.47444435954093933, mean_queue:0.5666666626930237
intersection:15, mean_episode_reward:-0.41333338618278503, mean_queue:0.5416666865348816
intersection:16, mean_episode_reward:0.0, mean_queue:0.0
intersection:17, mean_episode_reward:0.0, mean_queue:0.0
intersection:18, mean_episode_reward:0.0, mean_queue:0.0
intersection:19, mean_episode_reward:0.0, mean_queue:0.0
intersection:20, mean_episode_reward:0.0, mean_queue:0.0
intersection:21, mean_episode_reward:0.0, mean_queue:0.0
intersection:22, mean_episode_reward:0.0, mean_queue:0.0
intersection:23, mean_episode_reward:0.0, mean_queue:0.0
intersection:24, mean_episode_reward:0.0, mean_queue:0.0
intersection:25, mean_episode_reward:0.0, mean_queue:0.0
intersection:26, mean_episode_reward:0.0, mean_queue:0.0
intersection:27, mean_episode_reward:0.0, mean_queue:0.0
intersection:28, mean_episode_reward:0.0, mean_queue:0.0
intersection:29, mean_episode_reward:0.0, mean_queue:0.0
intersection:30, mean_episode_reward:0.0, mean_queue:0.0
intersection:31, mean_episode_reward:0.0, mean_queue:0.0
Test step:58/200, travel time :173.44979367262724, rewards:-9.842499457465278, queue:0.35833333333333334, delay:0.02501212226019965, throughput:1454
step:3600/3600, q_loss:0.24425409734249115, rewards:-9.858053927951389, queue:0.3580729166666667, delay:0.02494933870103624, throughput:1455
episode:59/200, real avg travel time:173.25154639175258
intersection:0, mean_episode_reward:-0.6786110401153564, mean_queue:0.7472222447395325
intersection:1, mean_episode_reward:-0.6255554556846619, mean_queue:0.7194444537162781
intersection:2, mean_episode_reward:-0.795833170413971, mean_queue:0.875
intersection:3, mean_episode_reward:-0.6555554866790771, mean_queue:0.7777777910232544
intersection:4, mean_episode_reward:-0.779721736907959, mean_queue:0.9194444417953491
intersection:5, mean_episode_reward:-0.6658332943916321, mean_queue:0.7583333253860474
intersection:6, mean_episode_reward:-0.47722217440605164, mean_queue:0.5333333611488342
intersection:7, mean_episode_reward:-0.38305553793907166, mean_queue:0.46388888359069824
intersection:8, mean_episode_reward:-0.7786108255386353, mean_queue:0.8611111044883728
intersection:9, mean_episode_reward:-0.7636110782623291, mean_queue:0.8416666388511658
intersection:10, mean_episode_reward:-0.5255556106567383, mean_queue:0.5888888835906982
intersection:11, mean_episode_reward:-0.5683333277702332, mean_queue:0.6861110925674438
intersection:12, mean_episode_reward:-0.5605554580688477, mean_queue:0.6722221970558167
intersection:13, mean_episode_reward:-0.6799997687339783, mean_queue:0.8361111283302307
intersection:14, mean_episode_reward:-0.4191666543483734, mean_queue:0.5138888955116272
intersection:15, mean_episode_reward:-0.5008334517478943, mean_queue:0.6638888716697693
intersection:16, mean_episode_reward:0.0, mean_queue:0.0
intersection:17, mean_episode_reward:0.0, mean_queue:0.0
intersection:18, mean_episode_reward:0.0, mean_queue:0.0
intersection:19, mean_episode_reward:0.0, mean_queue:0.0
intersection:20, mean_episode_reward:0.0, mean_queue:0.0
intersection:21, mean_episode_reward:0.0, mean_queue:0.0
intersection:22, mean_episode_reward:0.0, mean_queue:0.0
intersection:23, mean_episode_reward:0.0, mean_queue:0.0
intersection:24, mean_episode_reward:0.0, mean_queue:0.0
intersection:25, mean_episode_reward:0.0, mean_queue:0.0
intersection:26, mean_episode_reward:0.0, mean_queue:0.0
intersection:27, mean_episode_reward:0.0, mean_queue:0.0
intersection:28, mean_episode_reward:0.0, mean_queue:0.0
intersection:29, mean_episode_reward:0.0, mean_queue:0.0
intersection:30, mean_episode_reward:0.0, mean_queue:0.0
intersection:31, mean_episode_reward:0.0, mean_queue:0.0
Test step:59/200, travel time :172.49208534067446, rewards:-9.571944173177084, queue:0.3490451388888889, delay:0.02448564635382758, throughput:1453
step:3600/3600, q_loss:0.24757112562656403, rewards:-10.087221950954861, queue:0.36692708333333335, delay:0.024958433045281305, throughput:1454
episode:60/200, real avg travel time:173.23177441540577
intersection:0, mean_episode_reward:-0.7605554461479187, mean_queue:0.8583333492279053
intersection:1, mean_episode_reward:-0.7661110758781433, mean_queue:0.8583333492279053
intersection:2, mean_episode_reward:-0.8966664671897888, mean_queue:0.9777777791023254
intersection:3, mean_episode_reward:-0.6730555891990662, mean_queue:0.7972221970558167
intersection:4, mean_episode_reward:-0.8002776503562927, mean_queue:0.9333333373069763
intersection:5, mean_episode_reward:-0.6133334040641785, mean_queue:0.6944444179534912
intersection:6, mean_episode_reward:-0.4669443666934967, mean_queue:0.5583333373069763
intersection:7, mean_episode_reward:-0.4336110055446625, mean_queue:0.5111111402511597
intersection:8, mean_episode_reward:-0.6886110305786133, mean_queue:0.7805555462837219
intersection:9, mean_episode_reward:-0.784444272518158, mean_queue:0.8416666388511658
intersection:10, mean_episode_reward:-0.5355555415153503, mean_queue:0.6166666746139526
intersection:11, mean_episode_reward:-0.5441666841506958, mean_queue:0.6805555820465088
intersection:12, mean_episode_reward:-0.5227776765823364, mean_queue:0.6111111044883728
intersection:13, mean_episode_reward:-0.6191666722297668, mean_queue:0.7805555462837219
intersection:14, mean_episode_reward:-0.487499862909317, mean_queue:0.5916666388511658
intersection:15, mean_episode_reward:-0.4944446086883545, mean_queue:0.6499999761581421
intersection:16, mean_episode_reward:0.0, mean_queue:0.0
intersection:17, mean_episode_reward:0.0, mean_queue:0.0
intersection:18, mean_episode_reward:0.0, mean_queue:0.0
intersection:19, mean_episode_reward:0.0, mean_queue:0.0
intersection:20, mean_episode_reward:0.0, mean_queue:0.0
intersection:21, mean_episode_reward:0.0, mean_queue:0.0
intersection:22, mean_episode_reward:0.0, mean_queue:0.0
intersection:23, mean_episode_reward:0.0, mean_queue:0.0
intersection:24, mean_episode_reward:0.0, mean_queue:0.0
intersection:25, mean_episode_reward:0.0, mean_queue:0.0
intersection:26, mean_episode_reward:0.0, mean_queue:0.0
intersection:27, mean_episode_reward:0.0, mean_queue:0.0
intersection:28, mean_episode_reward:0.0, mean_queue:0.0
intersection:29, mean_episode_reward:0.0, mean_queue:0.0
intersection:30, mean_episode_reward:0.0, mean_queue:0.0
intersection:31, mean_episode_reward:0.0, mean_queue:0.0
Test step:60/200, travel time :172.46662078458363, rewards:-9.478888617621529, queue:0.3459201388888889, delay:0.024261344803704156, throughput:1453
step:3600/3600, q_loss:0.24516016244888306, rewards:-9.971388075086805, queue:0.3636284722222222, delay:0.025066248575846353, throughput:1452
episode:61/200, real avg travel time:173.07300275482095
intersection:0, mean_episode_reward:-0.7716665267944336, mean_queue:0.8472222089767456
intersection:1, mean_episode_reward:-0.7036110758781433, mean_queue:0.8055555820465088
intersection:2, mean_episode_reward:-0.8361109495162964, mean_queue:0.9222221970558167
intersection:3, mean_episode_reward:-0.6213887929916382, mean_queue:0.7416666746139526
intersection:4, mean_episode_reward:-0.7747220993041992, mean_queue:0.8861111402511597
intersection:5, mean_episode_reward:-0.49222221970558167, mean_queue:0.5611110925674438
intersection:6, mean_episode_reward:-0.5244445204734802, mean_queue:0.5888888835906982
intersection:7, mean_episode_reward:-0.4116666913032532, mean_queue:0.5166666507720947
intersection:8, mean_episode_reward:-0.7625001072883606, mean_queue:0.8777777552604675
intersection:9, mean_episode_reward:-0.7208332419395447, mean_queue:0.7888888716697693
intersection:10, mean_episode_reward:-0.6119442582130432, mean_queue:0.6861110925674438
intersection:11, mean_episode_reward:-0.5502776503562927, mean_queue:0.6777777671813965
intersection:12, mean_episode_reward:-0.6208332777023315, mean_queue:0.7472222447395325
intersection:13, mean_episode_reward:-0.5991666913032532, mean_queue:0.7749999761581421
intersection:14, mean_episode_reward:-0.43611112236976624, mean_queue:0.5388888716697693
intersection:15, mean_episode_reward:-0.5338888168334961, mean_queue:0.675000011920929
intersection:16, mean_episode_reward:0.0, mean_queue:0.0
intersection:17, mean_episode_reward:0.0, mean_queue:0.0
intersection:18, mean_episode_reward:0.0, mean_queue:0.0
intersection:19, mean_episode_reward:0.0, mean_queue:0.0
intersection:20, mean_episode_reward:0.0, mean_queue:0.0
intersection:21, mean_episode_reward:0.0, mean_queue:0.0
intersection:22, mean_episode_reward:0.0, mean_queue:0.0
intersection:23, mean_episode_reward:0.0, mean_queue:0.0
intersection:24, mean_episode_reward:0.0, mean_queue:0.0
intersection:25, mean_episode_reward:0.0, mean_queue:0.0
intersection:26, mean_episode_reward:0.0, mean_queue:0.0
intersection:27, mean_episode_reward:0.0, mean_queue:0.0
intersection:28, mean_episode_reward:0.0, mean_queue:0.0
intersection:29, mean_episode_reward:0.0, mean_queue:0.0
intersection:30, mean_episode_reward:0.0, mean_queue:0.0
intersection:31, mean_episode_reward:0.0, mean_queue:0.0
Test step:61/200, travel time :173.19601100412655, rewards:-10.000276692708333, queue:0.36102430555555554, delay:0.024844381544325087, throughput:1454
step:3600/3600, q_loss:0.24342505633831024, rewards:-10.174443901909722, queue:0.36866319444444445, delay:0.025600155194600422, throughput:1454
episode:62/200, real avg travel time:173.82118294360384
intersection:0, mean_episode_reward:-0.9119441509246826, mean_queue:1.0361111164093018
intersection:1, mean_episode_reward:-0.6838887333869934, mean_queue:0.7777777910232544
intersection:2, mean_episode_reward:-0.7841666340827942, mean_queue:0.8861111402511597
intersection:3, mean_episode_reward:-0.654722273349762, mean_queue:0.7749999761581421
intersection:4, mean_episode_reward:-0.8430554866790771, mean_queue:0.9472222328186035
intersection:5, mean_episode_reward:-0.6247223019599915, mean_queue:0.6944444179534912
intersection:6, mean_episode_reward:-0.5566666126251221, mean_queue:0.6333333253860474
intersection:7, mean_episode_reward:-0.3872222602367401, mean_queue:0.47777777910232544
intersection:8, mean_episode_reward:-0.7722220420837402, mean_queue:0.8500000238418579
intersection:9, mean_episode_reward:-0.8061110377311707, mean_queue:0.8833333253860474
intersection:10, mean_episode_reward:-0.5122223496437073, mean_queue:0.5888888835906982
intersection:11, mean_episode_reward:-0.5627777576446533, mean_queue:0.6888889074325562
intersection:12, mean_episode_reward:-0.4974999725818634, mean_queue:0.6277777552604675
intersection:13, mean_episode_reward:-0.5286111831665039, mean_queue:0.6527777910232544
intersection:14, mean_episode_reward:-0.5627776384353638, mean_queue:0.6611111164093018
intersection:15, mean_episode_reward:-0.4858333170413971, mean_queue:0.6166666746139526
intersection:16, mean_episode_reward:0.0, mean_queue:0.0
intersection:17, mean_episode_reward:0.0, mean_queue:0.0
intersection:18, mean_episode_reward:0.0, mean_queue:0.0
intersection:19, mean_episode_reward:0.0, mean_queue:0.0
intersection:20, mean_episode_reward:0.0, mean_queue:0.0
intersection:21, mean_episode_reward:0.0, mean_queue:0.0
intersection:22, mean_episode_reward:0.0, mean_queue:0.0
intersection:23, mean_episode_reward:0.0, mean_queue:0.0
intersection:24, mean_episode_reward:0.0, mean_queue:0.0
intersection:25, mean_episode_reward:0.0, mean_queue:0.0
intersection:26, mean_episode_reward:0.0, mean_queue:0.0
intersection:27, mean_episode_reward:0.0, mean_queue:0.0
intersection:28, mean_episode_reward:0.0, mean_queue:0.0
intersection:29, mean_episode_reward:0.0, mean_queue:0.0
intersection:30, mean_episode_reward:0.0, mean_queue:0.0
intersection:31, mean_episode_reward:0.0, mean_queue:0.0
Test step:62/200, travel time :173.246735395189, rewards:-9.921944851345486, queue:0.36050347222222223, delay:0.024809034665425618, throughput:1455
step:3600/3600, q_loss:0.24156025052070618, rewards:-10.11777818467882, queue:0.36866319444444445, delay:0.024921178817749023, throughput:1453
episode:63/200, real avg travel time:173.6228492773572
intersection:0, mean_episode_reward:-0.9216663837432861, mean_queue:1.0111111402511597
intersection:1, mean_episode_reward:-0.7172221541404724, mean_queue:0.8277778029441833
intersection:2, mean_episode_reward:-0.8777779340744019, mean_queue:0.9888888597488403
intersection:3, mean_episode_reward:-0.6144444346427917, mean_queue:0.7361111044883728
intersection:4, mean_episode_reward:-0.8569442629814148, mean_queue:0.9777777791023254
intersection:5, mean_episode_reward:-0.60916668176651, mean_queue:0.6777777671813965
intersection:6, mean_episode_reward:-0.5425000190734863, mean_queue:0.6499999761581421
intersection:7, mean_episode_reward:-0.334444522857666, mean_queue:0.4277777671813965
intersection:8, mean_episode_reward:-0.6683332920074463, mean_queue:0.7583333253860474
intersection:9, mean_episode_reward:-0.6830555200576782, mean_queue:0.75
intersection:10, mean_episode_reward:-0.4952778220176697, mean_queue:0.5611110925674438
intersection:11, mean_episode_reward:-0.4950000047683716, mean_queue:0.605555534362793
intersection:12, mean_episode_reward:-0.5155556201934814, mean_queue:0.6583333611488342
intersection:13, mean_episode_reward:-0.625555694103241, mean_queue:0.7749999761581421
intersection:14, mean_episode_reward:-0.5047222375869751, mean_queue:0.6027777791023254
intersection:15, mean_episode_reward:-0.6561112403869629, mean_queue:0.7888888716697693
intersection:16, mean_episode_reward:0.0, mean_queue:0.0
intersection:17, mean_episode_reward:0.0, mean_queue:0.0
intersection:18, mean_episode_reward:0.0, mean_queue:0.0
intersection:19, mean_episode_reward:0.0, mean_queue:0.0
intersection:20, mean_episode_reward:0.0, mean_queue:0.0
intersection:21, mean_episode_reward:0.0, mean_queue:0.0
intersection:22, mean_episode_reward:0.0, mean_queue:0.0
intersection:23, mean_episode_reward:0.0, mean_queue:0.0
intersection:24, mean_episode_reward:0.0, mean_queue:0.0
intersection:25, mean_episode_reward:0.0, mean_queue:0.0
intersection:26, mean_episode_reward:0.0, mean_queue:0.0
intersection:27, mean_episode_reward:0.0, mean_queue:0.0
intersection:28, mean_episode_reward:0.0, mean_queue:0.0
intersection:29, mean_episode_reward:0.0, mean_queue:0.0
intersection:30, mean_episode_reward:0.0, mean_queue:0.0
intersection:31, mean_episode_reward:0.0, mean_queue:0.0
Test step:63/200, travel time :172.69029593943566, rewards:-9.65249972873264, queue:0.34930555555555554, delay:0.024738905164930554, throughput:1453
step:3600/3600, q_loss:0.24322539567947388, rewards:-9.758332655164931, queue:0.35651041666666666, delay:0.024250592125786674, throughput:1453
episode:64/200, real avg travel time:172.54645560908466
intersection:0, mean_episode_reward:-0.726111114025116, mean_queue:0.8166666626930237
intersection:1, mean_episode_reward:-0.7252776026725769, mean_queue:0.824999988079071
intersection:2, mean_episode_reward:-0.8516666889190674, mean_queue:0.9666666388511658
intersection:3, mean_episode_reward:-0.5730555057525635, mean_queue:0.7055555582046509
intersection:4, mean_episode_reward:-0.7741668820381165, mean_queue:0.8972222208976746
intersection:5, mean_episode_reward:-0.5377777814865112, mean_queue:0.625
intersection:6, mean_episode_reward:-0.5583333373069763, mean_queue:0.6361111402511597
intersection:7, mean_episode_reward:-0.30722224712371826, mean_queue:0.3888888955116272
intersection:8, mean_episode_reward:-0.7816663980484009, mean_queue:0.8583333492279053
intersection:9, mean_episode_reward:-0.7450000047683716, mean_queue:0.824999988079071
intersection:10, mean_episode_reward:-0.5508331060409546, mean_queue:0.6333333253860474
intersection:11, mean_episode_reward:-0.5377777814865112, mean_queue:0.6694444417953491
intersection:12, mean_episode_reward:-0.558888852596283, mean_queue:0.6611111164093018
intersection:13, mean_episode_reward:-0.6483332514762878, mean_queue:0.7805555462837219
intersection:14, mean_episode_reward:-0.4641665518283844, mean_queue:0.574999988079071
intersection:15, mean_episode_reward:-0.4180555045604706, mean_queue:0.5444444417953491
intersection:16, mean_episode_reward:0.0, mean_queue:0.0
intersection:17, mean_episode_reward:0.0, mean_queue:0.0
intersection:18, mean_episode_reward:0.0, mean_queue:0.0
intersection:19, mean_episode_reward:0.0, mean_queue:0.0
intersection:20, mean_episode_reward:0.0, mean_queue:0.0
intersection:21, mean_episode_reward:0.0, mean_queue:0.0
intersection:22, mean_episode_reward:0.0, mean_queue:0.0
intersection:23, mean_episode_reward:0.0, mean_queue:0.0
intersection:24, mean_episode_reward:0.0, mean_queue:0.0
intersection:25, mean_episode_reward:0.0, mean_queue:0.0
intersection:26, mean_episode_reward:0.0, mean_queue:0.0
intersection:27, mean_episode_reward:0.0, mean_queue:0.0
intersection:28, mean_episode_reward:0.0, mean_queue:0.0
intersection:29, mean_episode_reward:0.0, mean_queue:0.0
intersection:30, mean_episode_reward:0.0, mean_queue:0.0
intersection:31, mean_episode_reward:0.0, mean_queue:0.0
Test step:64/200, travel time :172.96013745704468, rewards:-9.881944444444445, queue:0.35885416666666664, delay:0.0245433595445421, throughput:1455
step:3600/3600, q_loss:0.24401067197322845, rewards:-9.962776692708333, queue:0.36258680555555556, delay:0.025084972381591797, throughput:1452
episode:65/200, real avg travel time:173.150826446281
intersection:0, mean_episode_reward:-0.7936108708381653, mean_queue:0.8833333253860474
intersection:1, mean_episode_reward:-0.6408331394195557, mean_queue:0.7444444298744202
intersection:2, mean_episode_reward:-0.7977774739265442, mean_queue:0.8888888955116272
intersection:3, mean_episode_reward:-0.6519444584846497, mean_queue:0.7888888716697693
intersection:4, mean_episode_reward:-0.7633333802223206, mean_queue:0.8861111402511597
intersection:5, mean_episode_reward:-0.5625, mean_queue:0.625
intersection:6, mean_episode_reward:-0.6527777910232544, mean_queue:0.7194444537162781
intersection:7, mean_episode_reward:-0.3949999511241913, mean_queue:0.4749999940395355
intersection:8, mean_episode_reward:-0.8116664290428162, mean_queue:0.8916666507720947
intersection:9, mean_episode_reward:-0.7116667032241821, mean_queue:0.7861111164093018
intersection:10, mean_episode_reward:-0.539722204208374, mean_queue:0.644444465637207
intersection:11, mean_episode_reward:-0.5269443988800049, mean_queue:0.6388888955116272
intersection:12, mean_episode_reward:-0.5713887810707092, mean_queue:0.6916666626930237
intersection:13, mean_episode_reward:-0.615555465221405, mean_queue:0.7749999761581421
intersection:14, mean_episode_reward:-0.5222222208976746, mean_queue:0.6305555701255798
intersection:15, mean_episode_reward:-0.4058333933353424, mean_queue:0.5333333611488342
intersection:16, mean_episode_reward:0.0, mean_queue:0.0
intersection:17, mean_episode_reward:0.0, mean_queue:0.0
intersection:18, mean_episode_reward:0.0, mean_queue:0.0
intersection:19, mean_episode_reward:0.0, mean_queue:0.0
intersection:20, mean_episode_reward:0.0, mean_queue:0.0
intersection:21, mean_episode_reward:0.0, mean_queue:0.0
intersection:22, mean_episode_reward:0.0, mean_queue:0.0
intersection:23, mean_episode_reward:0.0, mean_queue:0.0
intersection:24, mean_episode_reward:0.0, mean_queue:0.0
intersection:25, mean_episode_reward:0.0, mean_queue:0.0
intersection:26, mean_episode_reward:0.0, mean_queue:0.0
intersection:27, mean_episode_reward:0.0, mean_queue:0.0
intersection:28, mean_episode_reward:0.0, mean_queue:0.0
intersection:29, mean_episode_reward:0.0, mean_queue:0.0
intersection:30, mean_episode_reward:0.0, mean_queue:0.0
intersection:31, mean_episode_reward:0.0, mean_queue:0.0
Test step:65/200, travel time :172.6041237113402, rewards:-9.610555691189235, queue:0.3494791666666667, delay:0.02431226306491428, throughput:1455
step:3600/3600, q_loss:0.2483159452676773, rewards:-10.073055013020833, queue:0.3659722222222222, delay:0.02553863525390625, throughput:1453
episode:66/200, real avg travel time:173.86648313833447
intersection:0, mean_episode_reward:-0.7266665101051331, mean_queue:0.8222222328186035
intersection:1, mean_episode_reward:-0.6888889670372009, mean_queue:0.7749999761581421
intersection:2, mean_episode_reward:-0.8355554342269897, mean_queue:0.9527778029441833
intersection:3, mean_episode_reward:-0.6938889026641846, mean_queue:0.8055555820465088
intersection:4, mean_episode_reward:-0.7497221231460571, mean_queue:0.8638888597488403
intersection:5, mean_episode_reward:-0.6336110234260559, mean_queue:0.7222222089767456
intersection:6, mean_episode_reward:-0.5413889288902283, mean_queue:0.6361111402511597
intersection:7, mean_episode_reward:-0.35249999165534973, mean_queue:0.43611112236976624
intersection:8, mean_episode_reward:-0.8533331751823425, mean_queue:0.925000011920929
intersection:9, mean_episode_reward:-0.7155555486679077, mean_queue:0.800000011920929
intersection:10, mean_episode_reward:-0.5641667246818542, mean_queue:0.625
intersection:11, mean_episode_reward:-0.5427778959274292, mean_queue:0.6472222208976746
intersection:12, mean_episode_reward:-0.7027776837348938, mean_queue:0.824999988079071
intersection:13, mean_episode_reward:-0.5961111187934875, mean_queue:0.7416666746139526
intersection:14, mean_episode_reward:-0.4741666615009308, mean_queue:0.5833333134651184
intersection:15, mean_episode_reward:-0.40194442868232727, mean_queue:0.550000011920929
intersection:16, mean_episode_reward:0.0, mean_queue:0.0
intersection:17, mean_episode_reward:0.0, mean_queue:0.0
intersection:18, mean_episode_reward:0.0, mean_queue:0.0
intersection:19, mean_episode_reward:0.0, mean_queue:0.0
intersection:20, mean_episode_reward:0.0, mean_queue:0.0
intersection:21, mean_episode_reward:0.0, mean_queue:0.0
intersection:22, mean_episode_reward:0.0, mean_queue:0.0
intersection:23, mean_episode_reward:0.0, mean_queue:0.0
intersection:24, mean_episode_reward:0.0, mean_queue:0.0
intersection:25, mean_episode_reward:0.0, mean_queue:0.0
intersection:26, mean_episode_reward:0.0, mean_queue:0.0
intersection:27, mean_episode_reward:0.0, mean_queue:0.0
intersection:28, mean_episode_reward:0.0, mean_queue:0.0
intersection:29, mean_episode_reward:0.0, mean_queue:0.0
intersection:30, mean_episode_reward:0.0, mean_queue:0.0
intersection:31, mean_episode_reward:0.0, mean_queue:0.0
Test step:66/200, travel time :172.86244841815682, rewards:-9.808888753255209, queue:0.3567708333333333, delay:0.02465399106343587, throughput:1454
step:3600/3600, q_loss:0.24789665639400482, rewards:-10.1125, queue:0.36666666666666664, delay:0.025001743104722765, throughput:1452
episode:67/200, real avg travel time:173.47727272727272
intersection:0, mean_episode_reward:-0.6833332777023315, mean_queue:0.7638888955116272
intersection:1, mean_episode_reward:-0.6572222113609314, mean_queue:0.7611111402511597
intersection:2, mean_episode_reward:-0.8791666626930237, mean_queue:0.9472222328186035
intersection:3, mean_episode_reward:-0.6933333277702332, mean_queue:0.8222222328186035
intersection:4, mean_episode_reward:-0.8083333373069763, mean_queue:0.9444444179534912
intersection:5, mean_episode_reward:-0.6702776551246643, mean_queue:0.7333333492279053
intersection:6, mean_episode_reward:-0.6041666269302368, mean_queue:0.7055555582046509
intersection:7, mean_episode_reward:-0.415555477142334, mean_queue:0.5055555701255798
intersection:8, mean_episode_reward:-0.7694441080093384, mean_queue:0.8638888597488403
intersection:9, mean_episode_reward:-0.7641668319702148, mean_queue:0.8500000238418579
intersection:10, mean_episode_reward:-0.49222204089164734, mean_queue:0.5666666626930237
intersection:11, mean_episode_reward:-0.49722227454185486, mean_queue:0.605555534362793
intersection:12, mean_episode_reward:-0.6211109757423401, mean_queue:0.7388888597488403
intersection:13, mean_episode_reward:-0.6188889741897583, mean_queue:0.7472222447395325
intersection:14, mean_episode_reward:-0.4947221875190735, mean_queue:0.6027777791023254
intersection:15, mean_episode_reward:-0.44333335757255554, mean_queue:0.574999988079071
intersection:16, mean_episode_reward:0.0, mean_queue:0.0
intersection:17, mean_episode_reward:0.0, mean_queue:0.0
intersection:18, mean_episode_reward:0.0, mean_queue:0.0
intersection:19, mean_episode_reward:0.0, mean_queue:0.0
intersection:20, mean_episode_reward:0.0, mean_queue:0.0
intersection:21, mean_episode_reward:0.0, mean_queue:0.0
intersection:22, mean_episode_reward:0.0, mean_queue:0.0
intersection:23, mean_episode_reward:0.0, mean_queue:0.0
intersection:24, mean_episode_reward:0.0, mean_queue:0.0
intersection:25, mean_episode_reward:0.0, mean_queue:0.0
intersection:26, mean_episode_reward:0.0, mean_queue:0.0
intersection:27, mean_episode_reward:0.0, mean_queue:0.0
intersection:28, mean_episode_reward:0.0, mean_queue:0.0
intersection:29, mean_episode_reward:0.0, mean_queue:0.0
intersection:30, mean_episode_reward:0.0, mean_queue:0.0
intersection:31, mean_episode_reward:0.0, mean_queue:0.0
Test step:67/200, travel time :173.1522038567493, rewards:-9.900834147135416, queue:0.35824652777777777, delay:0.025063302781846788, throughput:1452
step:3600/3600, q_loss:0.25143715739250183, rewards:-10.127220323350695, queue:0.3680555555555556, delay:0.025001419915093318, throughput:1452
episode:68/200, real avg travel time:173.17217630853995
intersection:0, mean_episode_reward:-0.8141666054725647, mean_queue:0.8888888955116272
intersection:1, mean_episode_reward:-0.7219445109367371, mean_queue:0.800000011920929
intersection:2, mean_episode_reward:-0.9330553412437439, mean_queue:1.0333333015441895
intersection:3, mean_episode_reward:-0.5374999642372131, mean_queue:0.6916666626930237
intersection:4, mean_episode_reward:-0.7711111307144165, mean_queue:0.8999999761581421
intersection:5, mean_episode_reward:-0.5322220921516418, mean_queue:0.5833333134651184
intersection:6, mean_episode_reward:-0.5244443416595459, mean_queue:0.6166666746139526
intersection:7, mean_episode_reward:-0.3505556583404541, mean_queue:0.4444444477558136
intersection:8, mean_episode_reward:-0.8483332395553589, mean_queue:0.9361110925674438
intersection:9, mean_episode_reward:-0.713055431842804, mean_queue:0.7722222208976746
intersection:10, mean_episode_reward:-0.5136110782623291, mean_queue:0.574999988079071
intersection:11, mean_episode_reward:-0.6255554556846619, mean_queue:0.7555555701255798
intersection:12, mean_episode_reward:-0.6738887429237366, mean_queue:0.8222222328186035
intersection:13, mean_episode_reward:-0.568888783454895, mean_queue:0.7194444537162781
intersection:14, mean_episode_reward:-0.4758331775665283, mean_queue:0.5777778029441833
intersection:15, mean_episode_reward:-0.5230555534362793, mean_queue:0.6611111164093018
intersection:16, mean_episode_reward:0.0, mean_queue:0.0
intersection:17, mean_episode_reward:0.0, mean_queue:0.0
intersection:18, mean_episode_reward:0.0, mean_queue:0.0
intersection:19, mean_episode_reward:0.0, mean_queue:0.0
intersection:20, mean_episode_reward:0.0, mean_queue:0.0
intersection:21, mean_episode_reward:0.0, mean_queue:0.0
intersection:22, mean_episode_reward:0.0, mean_queue:0.0
intersection:23, mean_episode_reward:0.0, mean_queue:0.0
intersection:24, mean_episode_reward:0.0, mean_queue:0.0
intersection:25, mean_episode_reward:0.0, mean_queue:0.0
intersection:26, mean_episode_reward:0.0, mean_queue:0.0
intersection:27, mean_episode_reward:0.0, mean_queue:0.0
intersection:28, mean_episode_reward:0.0, mean_queue:0.0
intersection:29, mean_episode_reward:0.0, mean_queue:0.0
intersection:30, mean_episode_reward:0.0, mean_queue:0.0
intersection:31, mean_episode_reward:0.0, mean_queue:0.0
Test step:68/200, travel time :173.093599449415, rewards:-9.943888346354166, queue:0.36171875, delay:0.024699253506130642, throughput:1453
step:3600/3600, q_loss:0.25440236926078796, rewards:-9.849165852864584, queue:0.35954861111111114, delay:0.024786660406324598, throughput:1454
episode:69/200, real avg travel time:173.1203576341128
intersection:0, mean_episode_reward:-0.6861110329627991, mean_queue:0.7944444417953491
intersection:1, mean_episode_reward:-0.6591665744781494, mean_queue:0.730555534362793
intersection:2, mean_episode_reward:-0.903333306312561, mean_queue:0.9944444298744202
intersection:3, mean_episode_reward:-0.4880557060241699, mean_queue:0.625
intersection:4, mean_episode_reward:-0.7744443416595459, mean_queue:0.8805555701255798
intersection:5, mean_episode_reward:-0.5891667604446411, mean_queue:0.7027778029441833
intersection:6, mean_episode_reward:-0.5011110901832581, mean_queue:0.5972222089767456
intersection:7, mean_episode_reward:-0.3763889670372009, mean_queue:0.4472222328186035
intersection:8, mean_episode_reward:-0.8224995136260986, mean_queue:0.9083333611488342
intersection:9, mean_episode_reward:-0.732222318649292, mean_queue:0.8055555820465088
intersection:10, mean_episode_reward:-0.5774999260902405, mean_queue:0.6416666507720947
intersection:11, mean_episode_reward:-0.49611109495162964, mean_queue:0.6194444298744202
intersection:12, mean_episode_reward:-0.6472222805023193, mean_queue:0.7805555462837219
intersection:13, mean_episode_reward:-0.5805554986000061, mean_queue:0.7333333492279053
intersection:14, mean_episode_reward:-0.5205555558204651, mean_queue:0.6166666746139526
intersection:15, mean_episode_reward:-0.49472206830978394, mean_queue:0.6277777552604675
intersection:16, mean_episode_reward:0.0, mean_queue:0.0
intersection:17, mean_episode_reward:0.0, mean_queue:0.0
intersection:18, mean_episode_reward:0.0, mean_queue:0.0
intersection:19, mean_episode_reward:0.0, mean_queue:0.0
intersection:20, mean_episode_reward:0.0, mean_queue:0.0
intersection:21, mean_episode_reward:0.0, mean_queue:0.0
intersection:22, mean_episode_reward:0.0, mean_queue:0.0
intersection:23, mean_episode_reward:0.0, mean_queue:0.0
intersection:24, mean_episode_reward:0.0, mean_queue:0.0
intersection:25, mean_episode_reward:0.0, mean_queue:0.0
intersection:26, mean_episode_reward:0.0, mean_queue:0.0
intersection:27, mean_episode_reward:0.0, mean_queue:0.0
intersection:28, mean_episode_reward:0.0, mean_queue:0.0
intersection:29, mean_episode_reward:0.0, mean_queue:0.0
intersection:30, mean_episode_reward:0.0, mean_queue:0.0
intersection:31, mean_episode_reward:0.0, mean_queue:0.0
Test step:69/200, travel time :172.4821182943604, rewards:-9.627776421440972, queue:0.34835069444444444, delay:0.02436987559000651, throughput:1454
step:3600/3600, q_loss:0.25207021832466125, rewards:-9.676110161675346, queue:0.3512152777777778, delay:0.0247309234407213, throughput:1453
episode:70/200, real avg travel time:172.7205781142464
intersection:0, mean_episode_reward:-0.7613887190818787, mean_queue:0.8416666388511658
intersection:1, mean_episode_reward:-0.6408332586288452, mean_queue:0.7388888597488403
intersection:2, mean_episode_reward:-0.9899998307228088, mean_queue:1.1111111640930176
intersection:3, mean_episode_reward:-0.5041666030883789, mean_queue:0.6194444298744202
intersection:4, mean_episode_reward:-0.763611376285553, mean_queue:0.8722222447395325
intersection:5, mean_episode_reward:-0.5622221827507019, mean_queue:0.6361111402511597
intersection:6, mean_episode_reward:-0.4352778196334839, mean_queue:0.49166667461395264
intersection:7, mean_episode_reward:-0.3558333218097687, mean_queue:0.43611112236976624
intersection:8, mean_episode_reward:-0.7255553603172302, mean_queue:0.8138889074325562
intersection:9, mean_episode_reward:-0.6722221970558167, mean_queue:0.7416666746139526
intersection:10, mean_episode_reward:-0.5019442439079285, mean_queue:0.5611110925674438
intersection:11, mean_episode_reward:-0.49666666984558105, mean_queue:0.6000000238418579
intersection:12, mean_episode_reward:-0.6544445753097534, mean_queue:0.7944444417953491
intersection:13, mean_episode_reward:-0.5863887667655945, mean_queue:0.7166666388511658
intersection:14, mean_episode_reward:-0.4838889539241791, mean_queue:0.5888888835906982
intersection:15, mean_episode_reward:-0.5416666865348816, mean_queue:0.675000011920929
intersection:16, mean_episode_reward:0.0, mean_queue:0.0
intersection:17, mean_episode_reward:0.0, mean_queue:0.0
intersection:18, mean_episode_reward:0.0, mean_queue:0.0
intersection:19, mean_episode_reward:0.0, mean_queue:0.0
intersection:20, mean_episode_reward:0.0, mean_queue:0.0
intersection:21, mean_episode_reward:0.0, mean_queue:0.0
intersection:22, mean_episode_reward:0.0, mean_queue:0.0
intersection:23, mean_episode_reward:0.0, mean_queue:0.0
intersection:24, mean_episode_reward:0.0, mean_queue:0.0
intersection:25, mean_episode_reward:0.0, mean_queue:0.0
intersection:26, mean_episode_reward:0.0, mean_queue:0.0
intersection:27, mean_episode_reward:0.0, mean_queue:0.0
intersection:28, mean_episode_reward:0.0, mean_queue:0.0
intersection:29, mean_episode_reward:0.0, mean_queue:0.0
intersection:30, mean_episode_reward:0.0, mean_queue:0.0
intersection:31, mean_episode_reward:0.0, mean_queue:0.0
Test step:70/200, travel time :172.85192837465564, rewards:-9.899721950954861, queue:0.36006944444444444, delay:0.02508307033114963, throughput:1452
step:3600/3600, q_loss:0.25411900877952576, rewards:-10.22833251953125, queue:0.3697048611111111, delay:0.025112287203470866, throughput:1454
episode:71/200, real avg travel time:173.39752407152682
intersection:0, mean_episode_reward:-0.7944446206092834, mean_queue:0.9055555462837219
intersection:1, mean_episode_reward:-0.6988888382911682, mean_queue:0.7638888955116272
intersection:2, mean_episode_reward:-0.8722221255302429, mean_queue:0.9777777791023254
intersection:3, mean_episode_reward:-0.5502779483795166, mean_queue:0.6777777671813965
intersection:4, mean_episode_reward:-0.7602775692939758, mean_queue:0.8833333253860474
intersection:5, mean_episode_reward:-0.59111088514328, mean_queue:0.6638888716697693
intersection:6, mean_episode_reward:-0.6063889265060425, mean_queue:0.7027778029441833
intersection:7, mean_episode_reward:-0.43722233176231384, mean_queue:0.5333333611488342
intersection:8, mean_episode_reward:-0.6794441938400269, mean_queue:0.75
intersection:9, mean_episode_reward:-0.8258332014083862, mean_queue:0.8861111402511597
intersection:10, mean_episode_reward:-0.5363889336585999, mean_queue:0.5944444537162781
intersection:11, mean_episode_reward:-0.5766667723655701, mean_queue:0.6805555820465088
intersection:12, mean_episode_reward:-0.641110897064209, mean_queue:0.7527777552604675
intersection:13, mean_episode_reward:-0.7005555629730225, mean_queue:0.8638888597488403
intersection:14, mean_episode_reward:-0.48027774691581726, mean_queue:0.5833333134651184
intersection:15, mean_episode_reward:-0.47722217440605164, mean_queue:0.6111111044883728
intersection:16, mean_episode_reward:0.0, mean_queue:0.0
intersection:17, mean_episode_reward:0.0, mean_queue:0.0
intersection:18, mean_episode_reward:0.0, mean_queue:0.0
intersection:19, mean_episode_reward:0.0, mean_queue:0.0
intersection:20, mean_episode_reward:0.0, mean_queue:0.0
intersection:21, mean_episode_reward:0.0, mean_queue:0.0
intersection:22, mean_episode_reward:0.0, mean_queue:0.0
intersection:23, mean_episode_reward:0.0, mean_queue:0.0
intersection:24, mean_episode_reward:0.0, mean_queue:0.0
intersection:25, mean_episode_reward:0.0, mean_queue:0.0
intersection:26, mean_episode_reward:0.0, mean_queue:0.0
intersection:27, mean_episode_reward:0.0, mean_queue:0.0
intersection:28, mean_episode_reward:0.0, mean_queue:0.0
intersection:29, mean_episode_reward:0.0, mean_queue:0.0
intersection:30, mean_episode_reward:0.0, mean_queue:0.0
intersection:31, mean_episode_reward:0.0, mean_queue:0.0
Test step:71/200, travel time :171.95592286501378, rewards:-9.494443088107639, queue:0.3463541666666667, delay:0.024332412083943687, throughput:1452
step:3600/3600, q_loss:0.2519755959510803, rewards:-9.94722154405382, queue:0.36085069444444445, delay:0.024957577387491863, throughput:1454
episode:72/200, real avg travel time:173.30330123796423
intersection:0, mean_episode_reward:-0.6322222948074341, mean_queue:0.7194444537162781
intersection:1, mean_episode_reward:-0.6836109757423401, mean_queue:0.7555555701255798
intersection:2, mean_episode_reward:-0.9483335018157959, mean_queue:1.0750000476837158
intersection:3, mean_episode_reward:-0.4972221255302429, mean_queue:0.6388888955116272
intersection:4, mean_episode_reward:-0.6974999904632568, mean_queue:0.8111110925674438
intersection:5, mean_episode_reward:-0.5444444417953491, mean_queue:0.6111111044883728
intersection:6, mean_episode_reward:-0.5122221112251282, mean_queue:0.5777778029441833
intersection:7, mean_episode_reward:-0.40416669845581055, mean_queue:0.4833333194255829
intersection:8, mean_episode_reward:-0.6891665458679199, mean_queue:0.7722222208976746
intersection:9, mean_episode_reward:-0.7938887476921082, mean_queue:0.8666666746139526
intersection:10, mean_episode_reward:-0.6249998807907104, mean_queue:0.6972222328186035
intersection:11, mean_episode_reward:-0.5872220993041992, mean_queue:0.6916666626930237
intersection:12, mean_episode_reward:-0.7008333206176758, mean_queue:0.8055555820465088
intersection:13, mean_episode_reward:-0.6175000667572021, mean_queue:0.7861111164093018
intersection:14, mean_episode_reward:-0.47888875007629395, mean_queue:0.5666666626930237
intersection:15, mean_episode_reward:-0.5349999070167542, mean_queue:0.6888889074325562
intersection:16, mean_episode_reward:0.0, mean_queue:0.0
intersection:17, mean_episode_reward:0.0, mean_queue:0.0
intersection:18, mean_episode_reward:0.0, mean_queue:0.0
intersection:19, mean_episode_reward:0.0, mean_queue:0.0
intersection:20, mean_episode_reward:0.0, mean_queue:0.0
intersection:21, mean_episode_reward:0.0, mean_queue:0.0
intersection:22, mean_episode_reward:0.0, mean_queue:0.0
intersection:23, mean_episode_reward:0.0, mean_queue:0.0
intersection:24, mean_episode_reward:0.0, mean_queue:0.0
intersection:25, mean_episode_reward:0.0, mean_queue:0.0
intersection:26, mean_episode_reward:0.0, mean_queue:0.0
intersection:27, mean_episode_reward:0.0, mean_queue:0.0
intersection:28, mean_episode_reward:0.0, mean_queue:0.0
intersection:29, mean_episode_reward:0.0, mean_queue:0.0
intersection:30, mean_episode_reward:0.0, mean_queue:0.0
intersection:31, mean_episode_reward:0.0, mean_queue:0.0
Test step:72/200, travel time :173.11631108052305, rewards:-10.019444444444444, queue:0.36310763888888886, delay:0.024654528829786512, throughput:1453
step:3600/3600, q_loss:0.2524590492248535, rewards:-9.745833333333334, queue:0.35529513888888886, delay:0.024457817607455783, throughput:1452
episode:73/200, real avg travel time:172.5750688705234
intersection:0, mean_episode_reward:-0.6811110377311707, mean_queue:0.769444465637207
intersection:1, mean_episode_reward:-0.757777750492096, mean_queue:0.8500000238418579
intersection:2, mean_episode_reward:-0.7288888096809387, mean_queue:0.8444444537162781
intersection:3, mean_episode_reward:-0.5094443559646606, mean_queue:0.6555555462837219
intersection:4, mean_episode_reward:-0.8155556321144104, mean_queue:0.9361110925674438
intersection:5, mean_episode_reward:-0.5094445943832397, mean_queue:0.5944444537162781
intersection:6, mean_episode_reward:-0.47583329677581787, mean_queue:0.5444444417953491
intersection:7, mean_episode_reward:-0.3102778196334839, mean_queue:0.3861111104488373
intersection:8, mean_episode_reward:-0.7886109948158264, mean_queue:0.8500000238418579
intersection:9, mean_episode_reward:-0.8633334636688232, mean_queue:0.9555555582046509
intersection:10, mean_episode_reward:-0.5430554151535034, mean_queue:0.5972222089767456
intersection:11, mean_episode_reward:-0.5055555701255798, mean_queue:0.6138888597488403
intersection:12, mean_episode_reward:-0.6436113715171814, mean_queue:0.7527777552604675
intersection:13, mean_episode_reward:-0.604166567325592, mean_queue:0.7611111402511597
intersection:14, mean_episode_reward:-0.48944443464279175, mean_queue:0.5972222089767456
intersection:15, mean_episode_reward:-0.5197223424911499, mean_queue:0.6611111164093018
intersection:16, mean_episode_reward:0.0, mean_queue:0.0
intersection:17, mean_episode_reward:0.0, mean_queue:0.0
intersection:18, mean_episode_reward:0.0, mean_queue:0.0
intersection:19, mean_episode_reward:0.0, mean_queue:0.0
intersection:20, mean_episode_reward:0.0, mean_queue:0.0
intersection:21, mean_episode_reward:0.0, mean_queue:0.0
intersection:22, mean_episode_reward:0.0, mean_queue:0.0
intersection:23, mean_episode_reward:0.0, mean_queue:0.0
intersection:24, mean_episode_reward:0.0, mean_queue:0.0
intersection:25, mean_episode_reward:0.0, mean_queue:0.0
intersection:26, mean_episode_reward:0.0, mean_queue:0.0
intersection:27, mean_episode_reward:0.0, mean_queue:0.0
intersection:28, mean_episode_reward:0.0, mean_queue:0.0
intersection:29, mean_episode_reward:0.0, mean_queue:0.0
intersection:30, mean_episode_reward:0.0, mean_queue:0.0
intersection:31, mean_episode_reward:0.0, mean_queue:0.0
Test step:73/200, travel time :172.29387474191327, rewards:-9.604166666666666, queue:0.3490451388888889, delay:0.023997121387057833, throughput:1453
step:3600/3600, q_loss:0.250468909740448, rewards:-9.919444444444444, queue:0.3579861111111111, delay:0.024565855662027996, throughput:1453
episode:74/200, real avg travel time:172.9511355815554
intersection:0, mean_episode_reward:-0.7197222113609314, mean_queue:0.8111110925674438
intersection:1, mean_episode_reward:-0.6544445157051086, mean_queue:0.7388888597488403
intersection:2, mean_episode_reward:-0.7519444227218628, mean_queue:0.8388888835906982
intersection:3, mean_episode_reward:-0.5444445013999939, mean_queue:0.6694444417953491
intersection:4, mean_episode_reward:-0.8436110615730286, mean_queue:0.9583333134651184
intersection:5, mean_episode_reward:-0.6233333349227905, mean_queue:0.6972222328186035
intersection:6, mean_episode_reward:-0.5649998784065247, mean_queue:0.6638888716697693
intersection:7, mean_episode_reward:-0.42722222208976746, mean_queue:0.49166667461395264
intersection:8, mean_episode_reward:-0.7288888692855835, mean_queue:0.8166666626930237
intersection:9, mean_episode_reward:-0.7844443321228027, mean_queue:0.8527777791023254
intersection:10, mean_episode_reward:-0.5480554103851318, mean_queue:0.6138888597488403
intersection:11, mean_episode_reward:-0.4286111295223236, mean_queue:0.5305555462837219
intersection:12, mean_episode_reward:-0.6891664862632751, mean_queue:0.7916666865348816
intersection:13, mean_episode_reward:-0.6558332443237305, mean_queue:0.8027777671813965
intersection:14, mean_episode_reward:-0.46666666865348816, mean_queue:0.5611110925674438
intersection:15, mean_episode_reward:-0.488055557012558, mean_queue:0.6166666746139526
intersection:16, mean_episode_reward:0.0, mean_queue:0.0
intersection:17, mean_episode_reward:0.0, mean_queue:0.0
intersection:18, mean_episode_reward:0.0, mean_queue:0.0
intersection:19, mean_episode_reward:0.0, mean_queue:0.0
intersection:20, mean_episode_reward:0.0, mean_queue:0.0
intersection:21, mean_episode_reward:0.0, mean_queue:0.0
intersection:22, mean_episode_reward:0.0, mean_queue:0.0
intersection:23, mean_episode_reward:0.0, mean_queue:0.0
intersection:24, mean_episode_reward:0.0, mean_queue:0.0
intersection:25, mean_episode_reward:0.0, mean_queue:0.0
intersection:26, mean_episode_reward:0.0, mean_queue:0.0
intersection:27, mean_episode_reward:0.0, mean_queue:0.0
intersection:28, mean_episode_reward:0.0, mean_queue:0.0
intersection:29, mean_episode_reward:0.0, mean_queue:0.0
intersection:30, mean_episode_reward:0.0, mean_queue:0.0
intersection:31, mean_episode_reward:0.0, mean_queue:0.0
Test step:74/200, travel time :171.939477303989, rewards:-9.432222493489583, queue:0.3434027777777778, delay:0.0236106448703342, throughput:1454
step:3600/3600, q_loss:0.255903959274292, rewards:-9.914443630642362, queue:0.3609375, delay:0.024598958757188587, throughput:1451
episode:75/200, real avg travel time:172.77325982081322
intersection:0, mean_episode_reward:-0.7302775979042053, mean_queue:0.824999988079071
intersection:1, mean_episode_reward:-0.7083332538604736, mean_queue:0.8083333373069763
intersection:2, mean_episode_reward:-0.8308332562446594, mean_queue:0.9333333373069763
intersection:3, mean_episode_reward:-0.628333330154419, mean_queue:0.7583333253860474
intersection:4, mean_episode_reward:-0.7163889408111572, mean_queue:0.8472222089767456
intersection:5, mean_episode_reward:-0.5747222304344177, mean_queue:0.6388888955116272
intersection:6, mean_episode_reward:-0.5291666388511658, mean_queue:0.6111111044883728
intersection:7, mean_episode_reward:-0.41083332896232605, mean_queue:0.5027777552604675
intersection:8, mean_episode_reward:-0.6924999952316284, mean_queue:0.7805555462837219
intersection:9, mean_episode_reward:-0.6736112236976624, mean_queue:0.7527777552604675
intersection:10, mean_episode_reward:-0.472777783870697, mean_queue:0.5416666865348816
intersection:11, mean_episode_reward:-0.6074998378753662, mean_queue:0.7138888835906982
intersection:12, mean_episode_reward:-0.6174998879432678, mean_queue:0.7055555582046509
intersection:13, mean_episode_reward:-0.6252776980400085, mean_queue:0.7861111164093018
intersection:14, mean_episode_reward:-0.4738888740539551, mean_queue:0.5638889074325562
intersection:15, mean_episode_reward:-0.6225001215934753, mean_queue:0.7805555462837219
intersection:16, mean_episode_reward:0.0, mean_queue:0.0
intersection:17, mean_episode_reward:0.0, mean_queue:0.0
intersection:18, mean_episode_reward:0.0, mean_queue:0.0
intersection:19, mean_episode_reward:0.0, mean_queue:0.0
intersection:20, mean_episode_reward:0.0, mean_queue:0.0
intersection:21, mean_episode_reward:0.0, mean_queue:0.0
intersection:22, mean_episode_reward:0.0, mean_queue:0.0
intersection:23, mean_episode_reward:0.0, mean_queue:0.0
intersection:24, mean_episode_reward:0.0, mean_queue:0.0
intersection:25, mean_episode_reward:0.0, mean_queue:0.0
intersection:26, mean_episode_reward:0.0, mean_queue:0.0
intersection:27, mean_episode_reward:0.0, mean_queue:0.0
intersection:28, mean_episode_reward:0.0, mean_queue:0.0
intersection:29, mean_episode_reward:0.0, mean_queue:0.0
intersection:30, mean_episode_reward:0.0, mean_queue:0.0
intersection:31, mean_episode_reward:0.0, mean_queue:0.0
Test step:75/200, travel time :172.04195323246216, rewards:-9.552777777777777, queue:0.3490451388888889, delay:0.023782295650906032, throughput:1454
step:3600/3600, q_loss:0.2588459849357605, rewards:-9.973611111111111, queue:0.3611979166666667, delay:0.02499737474653456, throughput:1454
episode:76/200, real avg travel time:172.95942228335625
intersection:0, mean_episode_reward:-0.7152776718139648, mean_queue:0.8055555820465088
intersection:1, mean_episode_reward:-0.6858333945274353, mean_queue:0.7861111164093018
intersection:2, mean_episode_reward:-0.8033334612846375, mean_queue:0.9027777910232544
intersection:3, mean_episode_reward:-0.522777795791626, mean_queue:0.6583333611488342
intersection:4, mean_episode_reward:-0.6908333897590637, mean_queue:0.8083333373069763
intersection:5, mean_episode_reward:-0.5950000882148743, mean_queue:0.6666666865348816
intersection:6, mean_episode_reward:-0.5155555605888367, mean_queue:0.5861111283302307
intersection:7, mean_episode_reward:-0.37166666984558105, mean_queue:0.4416666626930237
intersection:8, mean_episode_reward:-0.8388886451721191, mean_queue:0.9194444417953491
intersection:9, mean_episode_reward:-0.7733330726623535, mean_queue:0.8611111044883728
intersection:10, mean_episode_reward:-0.5611109733581543, mean_queue:0.6194444298744202
intersection:11, mean_episode_reward:-0.5858333110809326, mean_queue:0.6833333373069763
intersection:12, mean_episode_reward:-0.5949998497962952, mean_queue:0.6972222328186035
intersection:13, mean_episode_reward:-0.7555556297302246, mean_queue:0.9194444417953491
intersection:14, mean_episode_reward:-0.4272223711013794, mean_queue:0.5277777910232544
intersection:15, mean_episode_reward:-0.5363889336585999, mean_queue:0.675000011920929
intersection:16, mean_episode_reward:0.0, mean_queue:0.0
intersection:17, mean_episode_reward:0.0, mean_queue:0.0
intersection:18, mean_episode_reward:0.0, mean_queue:0.0
intersection:19, mean_episode_reward:0.0, mean_queue:0.0
intersection:20, mean_episode_reward:0.0, mean_queue:0.0
intersection:21, mean_episode_reward:0.0, mean_queue:0.0
intersection:22, mean_episode_reward:0.0, mean_queue:0.0
intersection:23, mean_episode_reward:0.0, mean_queue:0.0
intersection:24, mean_episode_reward:0.0, mean_queue:0.0
intersection:25, mean_episode_reward:0.0, mean_queue:0.0
intersection:26, mean_episode_reward:0.0, mean_queue:0.0
intersection:27, mean_episode_reward:0.0, mean_queue:0.0
intersection:28, mean_episode_reward:0.0, mean_queue:0.0
intersection:29, mean_episode_reward:0.0, mean_queue:0.0
intersection:30, mean_episode_reward:0.0, mean_queue:0.0
intersection:31, mean_episode_reward:0.0, mean_queue:0.0
Test step:76/200, travel time :171.30584192439864, rewards:-9.141944715711805, queue:0.3350694444444444, delay:0.023220266236199272, throughput:1455
step:3600/3600, q_loss:0.255115807056427, rewards:-10.206110297309028, queue:0.3693576388888889, delay:0.025258848402235242, throughput:1453
episode:77/200, real avg travel time:173.87198898830007
intersection:0, mean_episode_reward:-0.7633334398269653, mean_queue:0.8472222089767456
intersection:1, mean_episode_reward:-0.6711111068725586, mean_queue:0.7472222447395325
intersection:2, mean_episode_reward:-0.7863889932632446, mean_queue:0.8861111402511597
intersection:3, mean_episode_reward:-0.6133334040641785, mean_queue:0.7333333492279053
intersection:4, mean_episode_reward:-0.7713887691497803, mean_queue:0.894444465637207
intersection:5, mean_episode_reward:-0.5333333611488342, mean_queue:0.6138888597488403
intersection:6, mean_episode_reward:-0.5511109828948975, mean_queue:0.6305555701255798
intersection:7, mean_episode_reward:-0.4777778089046478, mean_queue:0.5888888835906982
intersection:8, mean_episode_reward:-0.7694441080093384, mean_queue:0.8416666388511658
intersection:9, mean_episode_reward:-0.8338890075683594, mean_queue:0.9027777910232544
intersection:10, mean_episode_reward:-0.6197221875190735, mean_queue:0.6888889074325562
intersection:11, mean_episode_reward:-0.6983333826065063, mean_queue:0.8111110925674438
intersection:12, mean_episode_reward:-0.611111044883728, mean_queue:0.7333333492279053
intersection:13, mean_episode_reward:-0.6574999690055847, mean_queue:0.8083333373069763
intersection:14, mean_episode_reward:-0.43861106038093567, mean_queue:0.5527777671813965
intersection:15, mean_episode_reward:-0.4097221791744232, mean_queue:0.5388888716697693
intersection:16, mean_episode_reward:0.0, mean_queue:0.0
intersection:17, mean_episode_reward:0.0, mean_queue:0.0
intersection:18, mean_episode_reward:0.0, mean_queue:0.0
intersection:19, mean_episode_reward:0.0, mean_queue:0.0
intersection:20, mean_episode_reward:0.0, mean_queue:0.0
intersection:21, mean_episode_reward:0.0, mean_queue:0.0
intersection:22, mean_episode_reward:0.0, mean_queue:0.0
intersection:23, mean_episode_reward:0.0, mean_queue:0.0
intersection:24, mean_episode_reward:0.0, mean_queue:0.0
intersection:25, mean_episode_reward:0.0, mean_queue:0.0
intersection:26, mean_episode_reward:0.0, mean_queue:0.0
intersection:27, mean_episode_reward:0.0, mean_queue:0.0
intersection:28, mean_episode_reward:0.0, mean_queue:0.0
intersection:29, mean_episode_reward:0.0, mean_queue:0.0
intersection:30, mean_episode_reward:0.0, mean_queue:0.0
intersection:31, mean_episode_reward:0.0, mean_queue:0.0
Test step:77/200, travel time :171.6554332874828, rewards:-9.167222764756945, queue:0.33428819444444446, delay:0.02360219955444336, throughput:1454
step:3600/3600, q_loss:0.25460052490234375, rewards:-9.803054470486112, queue:0.35555555555555557, delay:0.024753559960259332, throughput:1454
episode:78/200, real avg travel time:172.61348005502063
intersection:0, mean_episode_reward:-0.7077776789665222, mean_queue:0.8027777671813965
intersection:1, mean_episode_reward:-0.6069443821907043, mean_queue:0.699999988079071
intersection:2, mean_episode_reward:-0.7236109972000122, mean_queue:0.8138889074325562
intersection:3, mean_episode_reward:-0.6627777814865112, mean_queue:0.7805555462837219
intersection:4, mean_episode_reward:-0.8516665101051331, mean_queue:0.9777777791023254
intersection:5, mean_episode_reward:-0.5430554151535034, mean_queue:0.6222222447395325
intersection:6, mean_episode_reward:-0.5505556464195251, mean_queue:0.6222222447395325
intersection:7, mean_episode_reward:-0.3655555844306946, mean_queue:0.4472222328186035
intersection:8, mean_episode_reward:-0.7608330845832825, mean_queue:0.8500000238418579
intersection:9, mean_episode_reward:-0.7383334040641785, mean_queue:0.8194444179534912
intersection:10, mean_episode_reward:-0.5499998927116394, mean_queue:0.625
intersection:11, mean_episode_reward:-0.4883333444595337, mean_queue:0.574999988079071
intersection:12, mean_episode_reward:-0.6372222304344177, mean_queue:0.7444444298744202
intersection:13, mean_episode_reward:-0.6197222471237183, mean_queue:0.7666666507720947
intersection:14, mean_episode_reward:-0.5730554461479187, mean_queue:0.6777777671813965
intersection:15, mean_episode_reward:-0.4236113131046295, mean_queue:0.5527777671813965
intersection:16, mean_episode_reward:0.0, mean_queue:0.0
intersection:17, mean_episode_reward:0.0, mean_queue:0.0
intersection:18, mean_episode_reward:0.0, mean_queue:0.0
intersection:19, mean_episode_reward:0.0, mean_queue:0.0
intersection:20, mean_episode_reward:0.0, mean_queue:0.0
intersection:21, mean_episode_reward:0.0, mean_queue:0.0
intersection:22, mean_episode_reward:0.0, mean_queue:0.0
intersection:23, mean_episode_reward:0.0, mean_queue:0.0
intersection:24, mean_episode_reward:0.0, mean_queue:0.0
intersection:25, mean_episode_reward:0.0, mean_queue:0.0
intersection:26, mean_episode_reward:0.0, mean_queue:0.0
intersection:27, mean_episode_reward:0.0, mean_queue:0.0
intersection:28, mean_episode_reward:0.0, mean_queue:0.0
intersection:29, mean_episode_reward:0.0, mean_queue:0.0
intersection:30, mean_episode_reward:0.0, mean_queue:0.0
intersection:31, mean_episode_reward:0.0, mean_queue:0.0
Test step:78/200, travel time :172.22023399862354, rewards:-9.7977783203125, queue:0.3548611111111111, delay:0.0243997679816352, throughput:1453
step:3600/3600, q_loss:0.25929829478263855, rewards:-9.963332790798612, queue:0.3629340277777778, delay:0.024531020058525935, throughput:1453
episode:79/200, real avg travel time:173.1975223675155
intersection:0, mean_episode_reward:-0.7230554223060608, mean_queue:0.8194444179534912
intersection:1, mean_episode_reward:-0.6697221398353577, mean_queue:0.7611111402511597
intersection:2, mean_episode_reward:-0.8236110210418701, mean_queue:0.9222221970558167
intersection:3, mean_episode_reward:-0.5424998998641968, mean_queue:0.6666666865348816
intersection:4, mean_episode_reward:-0.7613890171051025, mean_queue:0.8861111402511597
intersection:5, mean_episode_reward:-0.5041666030883789, mean_queue:0.5777778029441833
intersection:6, mean_episode_reward:-0.5169443488121033, mean_queue:0.6083333492279053
intersection:7, mean_episode_reward:-0.44138890504837036, mean_queue:0.5222222208976746
intersection:8, mean_episode_reward:-0.8091663718223572, mean_queue:0.9027777910232544
intersection:9, mean_episode_reward:-0.8122223019599915, mean_queue:0.8805555701255798
intersection:10, mean_episode_reward:-0.5797222852706909, mean_queue:0.6416666507720947
intersection:11, mean_episode_reward:-0.6422222852706909, mean_queue:0.7777777910232544
intersection:12, mean_episode_reward:-0.6336111426353455, mean_queue:0.7638888955116272
intersection:13, mean_episode_reward:-0.5227776169776917, mean_queue:0.6583333611488342
intersection:14, mean_episode_reward:-0.4849998950958252, mean_queue:0.5888888835906982
intersection:15, mean_episode_reward:-0.4958333373069763, mean_queue:0.6361111402511597
intersection:16, mean_episode_reward:0.0, mean_queue:0.0
intersection:17, mean_episode_reward:0.0, mean_queue:0.0
intersection:18, mean_episode_reward:0.0, mean_queue:0.0
intersection:19, mean_episode_reward:0.0, mean_queue:0.0
intersection:20, mean_episode_reward:0.0, mean_queue:0.0
intersection:21, mean_episode_reward:0.0, mean_queue:0.0
intersection:22, mean_episode_reward:0.0, mean_queue:0.0
intersection:23, mean_episode_reward:0.0, mean_queue:0.0
intersection:24, mean_episode_reward:0.0, mean_queue:0.0
intersection:25, mean_episode_reward:0.0, mean_queue:0.0
intersection:26, mean_episode_reward:0.0, mean_queue:0.0
intersection:27, mean_episode_reward:0.0, mean_queue:0.0
intersection:28, mean_episode_reward:0.0, mean_queue:0.0
intersection:29, mean_episode_reward:0.0, mean_queue:0.0
intersection:30, mean_episode_reward:0.0, mean_queue:0.0
intersection:31, mean_episode_reward:0.0, mean_queue:0.0
Test step:79/200, travel time :171.86304198210598, rewards:-9.535833062065972, queue:0.3464409722222222, delay:0.02379858228895399, throughput:1453
step:3600/3600, q_loss:0.2585054934024811, rewards:-9.886943901909722, queue:0.3620659722222222, delay:0.025079107284545897, throughput:1452
episode:80/200, real avg travel time:173.15151515151516
intersection:0, mean_episode_reward:-0.7169445753097534, mean_queue:0.7972221970558167
intersection:1, mean_episode_reward:-0.7069443464279175, mean_queue:0.8222222328186035
intersection:2, mean_episode_reward:-0.773888885974884, mean_queue:0.875
intersection:3, mean_episode_reward:-0.46055570244789124, mean_queue:0.6000000238418579
intersection:4, mean_episode_reward:-0.8038887977600098, mean_queue:0.9222221970558167
intersection:5, mean_episode_reward:-0.6502776145935059, mean_queue:0.7277777791023254
intersection:6, mean_episode_reward:-0.5102778673171997, mean_queue:0.5861111283302307
intersection:7, mean_episode_reward:-0.3494444191455841, mean_queue:0.4305555522441864
intersection:8, mean_episode_reward:-0.7544443607330322, mean_queue:0.855555534362793
intersection:9, mean_episode_reward:-0.7322221398353577, mean_queue:0.8222222328186035
intersection:10, mean_episode_reward:-0.5066666007041931, mean_queue:0.5805555582046509
intersection:11, mean_episode_reward:-0.5777777433395386, mean_queue:0.6972222328186035
intersection:12, mean_episode_reward:-0.7574997544288635, mean_queue:0.875
intersection:13, mean_episode_reward:-0.5872220993041992, mean_queue:0.7666666507720947
intersection:14, mean_episode_reward:-0.47472211718559265, mean_queue:0.5666666626930237
intersection:15, mean_episode_reward:-0.5241667032241821, mean_queue:0.6611111164093018
intersection:16, mean_episode_reward:0.0, mean_queue:0.0
intersection:17, mean_episode_reward:0.0, mean_queue:0.0
intersection:18, mean_episode_reward:0.0, mean_queue:0.0
intersection:19, mean_episode_reward:0.0, mean_queue:0.0
intersection:20, mean_episode_reward:0.0, mean_queue:0.0
intersection:21, mean_episode_reward:0.0, mean_queue:0.0
intersection:22, mean_episode_reward:0.0, mean_queue:0.0
intersection:23, mean_episode_reward:0.0, mean_queue:0.0
intersection:24, mean_episode_reward:0.0, mean_queue:0.0
intersection:25, mean_episode_reward:0.0, mean_queue:0.0
intersection:26, mean_episode_reward:0.0, mean_queue:0.0
intersection:27, mean_episode_reward:0.0, mean_queue:0.0
intersection:28, mean_episode_reward:0.0, mean_queue:0.0
intersection:29, mean_episode_reward:0.0, mean_queue:0.0
intersection:30, mean_episode_reward:0.0, mean_queue:0.0
intersection:31, mean_episode_reward:0.0, mean_queue:0.0
Test step:80/200, travel time :172.50103376981392, rewards:-9.801110161675346, queue:0.35616319444444444, delay:0.024407839775085448, throughput:1451
step:3600/3600, q_loss:0.2610297203063965, rewards:-10.035277642144097, queue:0.36432291666666666, delay:0.025337677531772188, throughput:1452
episode:81/200, real avg travel time:173.0599173553719
intersection:0, mean_episode_reward:-0.7452777624130249, mean_queue:0.8305555582046509
intersection:1, mean_episode_reward:-0.7238889336585999, mean_queue:0.8194444179534912
intersection:2, mean_episode_reward:-0.8380554914474487, mean_queue:0.9416666626930237
intersection:3, mean_episode_reward:-0.5952777862548828, mean_queue:0.7416666746139526
intersection:4, mean_episode_reward:-0.7847221493721008, mean_queue:0.9027777910232544
intersection:5, mean_episode_reward:-0.5886110663414001, mean_queue:0.6472222208976746
intersection:6, mean_episode_reward:-0.5313888788223267, mean_queue:0.6277777552604675
intersection:7, mean_episode_reward:-0.44638893008232117, mean_queue:0.5527777671813965
intersection:8, mean_episode_reward:-0.7783331274986267, mean_queue:0.8722222447395325
intersection:9, mean_episode_reward:-0.7213888168334961, mean_queue:0.7861111164093018
intersection:10, mean_episode_reward:-0.5525000095367432, mean_queue:0.5944444537162781
intersection:11, mean_episode_reward:-0.5497222542762756, mean_queue:0.6555555462837219
intersection:12, mean_episode_reward:-0.5369444489479065, mean_queue:0.6499999761581421
intersection:13, mean_episode_reward:-0.6011112332344055, mean_queue:0.7666666507720947
intersection:14, mean_episode_reward:-0.48138898611068726, mean_queue:0.5805555582046509
intersection:15, mean_episode_reward:-0.5602777600288391, mean_queue:0.6888889074325562
intersection:16, mean_episode_reward:0.0, mean_queue:0.0
intersection:17, mean_episode_reward:0.0, mean_queue:0.0
intersection:18, mean_episode_reward:0.0, mean_queue:0.0
intersection:19, mean_episode_reward:0.0, mean_queue:0.0
intersection:20, mean_episode_reward:0.0, mean_queue:0.0
intersection:21, mean_episode_reward:0.0, mean_queue:0.0
intersection:22, mean_episode_reward:0.0, mean_queue:0.0
intersection:23, mean_episode_reward:0.0, mean_queue:0.0
intersection:24, mean_episode_reward:0.0, mean_queue:0.0
intersection:25, mean_episode_reward:0.0, mean_queue:0.0
intersection:26, mean_episode_reward:0.0, mean_queue:0.0
intersection:27, mean_episode_reward:0.0, mean_queue:0.0
intersection:28, mean_episode_reward:0.0, mean_queue:0.0
intersection:29, mean_episode_reward:0.0, mean_queue:0.0
intersection:30, mean_episode_reward:0.0, mean_queue:0.0
intersection:31, mean_episode_reward:0.0, mean_queue:0.0
Test step:81/200, travel time :171.54439091534755, rewards:-9.440833197699654, queue:0.3451388888888889, delay:0.023665263917711045, throughput:1453
step:3600/3600, q_loss:0.2566293179988861, rewards:-10.207222493489583, queue:0.3719618055555556, delay:0.025032848782009547, throughput:1455
episode:82/200, real avg travel time:173.366323024055
intersection:0, mean_episode_reward:-0.6483333706855774, mean_queue:0.7361111044883728
intersection:1, mean_episode_reward:-0.7180553078651428, mean_queue:0.8027777671813965
intersection:2, mean_episode_reward:-0.7819445133209229, mean_queue:0.9027777910232544
intersection:3, mean_episode_reward:-0.6263888478279114, mean_queue:0.7555555701255798
intersection:4, mean_episode_reward:-0.7283331751823425, mean_queue:0.8444444537162781
intersection:5, mean_episode_reward:-0.6130555868148804, mean_queue:0.6777777671813965
intersection:6, mean_episode_reward:-0.5530557632446289, mean_queue:0.6638888716697693
intersection:7, mean_episode_reward:-0.449444442987442, mean_queue:0.5472221970558167
intersection:8, mean_episode_reward:-0.8024998307228088, mean_queue:0.8888888955116272
intersection:9, mean_episode_reward:-0.8736110925674438, mean_queue:0.9722222089767456
intersection:10, mean_episode_reward:-0.5061110854148865, mean_queue:0.5916666388511658
intersection:11, mean_episode_reward:-0.6236112713813782, mean_queue:0.7250000238418579
intersection:12, mean_episode_reward:-0.719722330570221, mean_queue:0.8361111283302307
intersection:13, mean_episode_reward:-0.6380556225776672, mean_queue:0.8111110925674438
intersection:14, mean_episode_reward:-0.4691666066646576, mean_queue:0.5638889074325562
intersection:15, mean_episode_reward:-0.4558333456516266, mean_queue:0.5833333134651184
intersection:16, mean_episode_reward:0.0, mean_queue:0.0
intersection:17, mean_episode_reward:0.0, mean_queue:0.0
intersection:18, mean_episode_reward:0.0, mean_queue:0.0
intersection:19, mean_episode_reward:0.0, mean_queue:0.0
intersection:20, mean_episode_reward:0.0, mean_queue:0.0
intersection:21, mean_episode_reward:0.0, mean_queue:0.0
intersection:22, mean_episode_reward:0.0, mean_queue:0.0
intersection:23, mean_episode_reward:0.0, mean_queue:0.0
intersection:24, mean_episode_reward:0.0, mean_queue:0.0
intersection:25, mean_episode_reward:0.0, mean_queue:0.0
intersection:26, mean_episode_reward:0.0, mean_queue:0.0
intersection:27, mean_episode_reward:0.0, mean_queue:0.0
intersection:28, mean_episode_reward:0.0, mean_queue:0.0
intersection:29, mean_episode_reward:0.0, mean_queue:0.0
intersection:30, mean_episode_reward:0.0, mean_queue:0.0
intersection:31, mean_episode_reward:0.0, mean_queue:0.0
Test step:82/200, travel time :171.02341597796143, rewards:-8.998055013020833, queue:0.33151041666666664, delay:0.023135119014316134, throughput:1452
step:3600/3600, q_loss:0.25787749886512756, rewards:-10.020831976996528, queue:0.3636284722222222, delay:0.02512722545199924, throughput:1452
episode:83/200, real avg travel time:173.1590909090909
intersection:0, mean_episode_reward:-0.7113888263702393, mean_queue:0.8111110925674438
intersection:1, mean_episode_reward:-0.658610999584198, mean_queue:0.7472222447395325
intersection:2, mean_episode_reward:-0.8580553531646729, mean_queue:0.9888888597488403
intersection:3, mean_episode_reward:-0.6394445300102234, mean_queue:0.7888888716697693
intersection:4, mean_episode_reward:-0.6811111569404602, mean_queue:0.7833333611488342
intersection:5, mean_episode_reward:-0.6749998927116394, mean_queue:0.7250000238418579
intersection:6, mean_episode_reward:-0.5791666507720947, mean_queue:0.6611111164093018
intersection:7, mean_episode_reward:-0.41750001907348633, mean_queue:0.5
intersection:8, mean_episode_reward:-0.6674997806549072, mean_queue:0.75
intersection:9, mean_episode_reward:-0.8111109137535095, mean_queue:0.8888888955116272
intersection:10, mean_episode_reward:-0.5699998736381531, mean_queue:0.644444465637207
intersection:11, mean_episode_reward:-0.633611261844635, mean_queue:0.7250000238418579
intersection:12, mean_episode_reward:-0.6213887333869934, mean_queue:0.7222222089767456
intersection:13, mean_episode_reward:-0.6211110353469849, mean_queue:0.7777777910232544
intersection:14, mean_episode_reward:-0.42694446444511414, mean_queue:0.5388888716697693
intersection:15, mean_episode_reward:-0.4488888084888458, mean_queue:0.5833333134651184
intersection:16, mean_episode_reward:0.0, mean_queue:0.0
intersection:17, mean_episode_reward:0.0, mean_queue:0.0
intersection:18, mean_episode_reward:0.0, mean_queue:0.0
intersection:19, mean_episode_reward:0.0, mean_queue:0.0
intersection:20, mean_episode_reward:0.0, mean_queue:0.0
intersection:21, mean_episode_reward:0.0, mean_queue:0.0
intersection:22, mean_episode_reward:0.0, mean_queue:0.0
intersection:23, mean_episode_reward:0.0, mean_queue:0.0
intersection:24, mean_episode_reward:0.0, mean_queue:0.0
intersection:25, mean_episode_reward:0.0, mean_queue:0.0
intersection:26, mean_episode_reward:0.0, mean_queue:0.0
intersection:27, mean_episode_reward:0.0, mean_queue:0.0
intersection:28, mean_episode_reward:0.0, mean_queue:0.0
intersection:29, mean_episode_reward:0.0, mean_queue:0.0
intersection:30, mean_episode_reward:0.0, mean_queue:0.0
intersection:31, mean_episode_reward:0.0, mean_queue:0.0
Test step:83/200, travel time :172.25877494838267, rewards:-9.551944986979167, queue:0.35, delay:0.024201363987392848, throughput:1453
step:3600/3600, q_loss:0.2578573524951935, rewards:-9.886110432942708, queue:0.35868055555555556, delay:0.024361581272549098, throughput:1453
episode:84/200, real avg travel time:172.56159669649003
intersection:0, mean_episode_reward:-0.6375001668930054, mean_queue:0.7222222089767456
intersection:1, mean_episode_reward:-0.6613887548446655, mean_queue:0.7333333492279053
intersection:2, mean_episode_reward:-0.8724997639656067, mean_queue:1.0
intersection:3, mean_episode_reward:-0.5408333539962769, mean_queue:0.6666666865348816
intersection:4, mean_episode_reward:-0.796944260597229, mean_queue:0.8999999761581421
intersection:5, mean_episode_reward:-0.5961110591888428, mean_queue:0.6777777671813965
intersection:6, mean_episode_reward:-0.5977776646614075, mean_queue:0.6638888716697693
intersection:7, mean_episode_reward:-0.5116668343544006, mean_queue:0.605555534362793
intersection:8, mean_episode_reward:-0.7477776408195496, mean_queue:0.8416666388511658
intersection:9, mean_episode_reward:-0.7441665530204773, mean_queue:0.8111110925674438
intersection:10, mean_episode_reward:-0.5377776026725769, mean_queue:0.6111111044883728
intersection:11, mean_episode_reward:-0.5641666054725647, mean_queue:0.675000011920929
intersection:12, mean_episode_reward:-0.612777829170227, mean_queue:0.7194444537162781
intersection:13, mean_episode_reward:-0.5452777743339539, mean_queue:0.6916666626930237
intersection:14, mean_episode_reward:-0.47055554389953613, mean_queue:0.574999988079071
intersection:15, mean_episode_reward:-0.4488890469074249, mean_queue:0.5833333134651184
intersection:16, mean_episode_reward:0.0, mean_queue:0.0
intersection:17, mean_episode_reward:0.0, mean_queue:0.0
intersection:18, mean_episode_reward:0.0, mean_queue:0.0
intersection:19, mean_episode_reward:0.0, mean_queue:0.0
intersection:20, mean_episode_reward:0.0, mean_queue:0.0
intersection:21, mean_episode_reward:0.0, mean_queue:0.0
intersection:22, mean_episode_reward:0.0, mean_queue:0.0
intersection:23, mean_episode_reward:0.0, mean_queue:0.0
intersection:24, mean_episode_reward:0.0, mean_queue:0.0
intersection:25, mean_episode_reward:0.0, mean_queue:0.0
intersection:26, mean_episode_reward:0.0, mean_queue:0.0
intersection:27, mean_episode_reward:0.0, mean_queue:0.0
intersection:28, mean_episode_reward:0.0, mean_queue:0.0
intersection:29, mean_episode_reward:0.0, mean_queue:0.0
intersection:30, mean_episode_reward:0.0, mean_queue:0.0
intersection:31, mean_episode_reward:0.0, mean_queue:0.0
Test step:84/200, travel time :172.78842177808409, rewards:-9.862221950954861, queue:0.3589409722222222, delay:0.024161370595296223, throughput:1451
step:3600/3600, q_loss:0.2529630661010742, rewards:-9.694999186197917, queue:0.35147569444444443, delay:0.024200516276889378, throughput:1452
episode:85/200, real avg travel time:172.35055096418733
intersection:0, mean_episode_reward:-0.6708333492279053, mean_queue:0.75
intersection:1, mean_episode_reward:-0.6949998140335083, mean_queue:0.7777777910232544
intersection:2, mean_episode_reward:-0.7322222590446472, mean_queue:0.855555534362793
intersection:3, mean_episode_reward:-0.5386111736297607, mean_queue:0.6638888716697693
intersection:4, mean_episode_reward:-0.7166667580604553, mean_queue:0.8222222328186035
intersection:5, mean_episode_reward:-0.5397223234176636, mean_queue:0.605555534362793
intersection:6, mean_episode_reward:-0.48861101269721985, mean_queue:0.5361111164093018
intersection:7, mean_episode_reward:-0.43388888239860535, mean_queue:0.5083333253860474
intersection:8, mean_episode_reward:-0.758333146572113, mean_queue:0.8388888835906982
intersection:9, mean_episode_reward:-0.7230555415153503, mean_queue:0.8194444179534912
intersection:10, mean_episode_reward:-0.54749995470047, mean_queue:0.6166666746139526
intersection:11, mean_episode_reward:-0.5586109757423401, mean_queue:0.6722221970558167
intersection:12, mean_episode_reward:-0.6902777552604675, mean_queue:0.8055555820465088
intersection:13, mean_episode_reward:-0.6761111617088318, mean_queue:0.8166666626930237
intersection:14, mean_episode_reward:-0.4427776634693146, mean_queue:0.5388888716697693
intersection:15, mean_episode_reward:-0.48277777433395386, mean_queue:0.6194444298744202
intersection:16, mean_episode_reward:0.0, mean_queue:0.0
intersection:17, mean_episode_reward:0.0, mean_queue:0.0
intersection:18, mean_episode_reward:0.0, mean_queue:0.0
intersection:19, mean_episode_reward:0.0, mean_queue:0.0
intersection:20, mean_episode_reward:0.0, mean_queue:0.0
intersection:21, mean_episode_reward:0.0, mean_queue:0.0
intersection:22, mean_episode_reward:0.0, mean_queue:0.0
intersection:23, mean_episode_reward:0.0, mean_queue:0.0
intersection:24, mean_episode_reward:0.0, mean_queue:0.0
intersection:25, mean_episode_reward:0.0, mean_queue:0.0
intersection:26, mean_episode_reward:0.0, mean_queue:0.0
intersection:27, mean_episode_reward:0.0, mean_queue:0.0
intersection:28, mean_episode_reward:0.0, mean_queue:0.0
intersection:29, mean_episode_reward:0.0, mean_queue:0.0
intersection:30, mean_episode_reward:0.0, mean_queue:0.0
intersection:31, mean_episode_reward:0.0, mean_queue:0.0
Test step:85/200, travel time :173.14187327823691, rewards:-10.064722357855903, queue:0.36493055555555554, delay:0.024721564186943903, throughput:1452
step:3600/3600, q_loss:0.25093531608581543, rewards:-10.131666395399305, queue:0.36484375, delay:0.0244797945022583, throughput:1454
episode:86/200, real avg travel time:173.15818431911967
intersection:0, mean_episode_reward:-0.6547220349311829, mean_queue:0.7416666746139526
intersection:1, mean_episode_reward:-0.5808332562446594, mean_queue:0.6666666865348816
intersection:2, mean_episode_reward:-0.7488888502120972, mean_queue:0.8305555582046509
intersection:3, mean_episode_reward:-0.5313889980316162, mean_queue:0.6638888716697693
intersection:4, mean_episode_reward:-0.7577779293060303, mean_queue:0.8666666746139526
intersection:5, mean_episode_reward:-0.568611204624176, mean_queue:0.6416666507720947
intersection:6, mean_episode_reward:-0.5588887333869934, mean_queue:0.6305555701255798
intersection:7, mean_episode_reward:-0.44111111760139465, mean_queue:0.5222222208976746
intersection:8, mean_episode_reward:-0.7972219586372375, mean_queue:0.8638888597488403
intersection:9, mean_episode_reward:-0.7730552554130554, mean_queue:0.8472222089767456
intersection:10, mean_episode_reward:-0.5622223615646362, mean_queue:0.6305555701255798
intersection:11, mean_episode_reward:-0.6761109828948975, mean_queue:0.7972221970558167
intersection:12, mean_episode_reward:-0.762499988079071, mean_queue:0.8861111402511597
intersection:13, mean_episode_reward:-0.7113890051841736, mean_queue:0.8777777552604675
intersection:14, mean_episode_reward:-0.4150000810623169, mean_queue:0.5083333253860474
intersection:15, mean_episode_reward:-0.5919443964958191, mean_queue:0.699999988079071
intersection:16, mean_episode_reward:0.0, mean_queue:0.0
intersection:17, mean_episode_reward:0.0, mean_queue:0.0
intersection:18, mean_episode_reward:0.0, mean_queue:0.0
intersection:19, mean_episode_reward:0.0, mean_queue:0.0
intersection:20, mean_episode_reward:0.0, mean_queue:0.0
intersection:21, mean_episode_reward:0.0, mean_queue:0.0
intersection:22, mean_episode_reward:0.0, mean_queue:0.0
intersection:23, mean_episode_reward:0.0, mean_queue:0.0
intersection:24, mean_episode_reward:0.0, mean_queue:0.0
intersection:25, mean_episode_reward:0.0, mean_queue:0.0
intersection:26, mean_episode_reward:0.0, mean_queue:0.0
intersection:27, mean_episode_reward:0.0, mean_queue:0.0
intersection:28, mean_episode_reward:0.0, mean_queue:0.0
intersection:29, mean_episode_reward:0.0, mean_queue:0.0
intersection:30, mean_episode_reward:0.0, mean_queue:0.0
intersection:31, mean_episode_reward:0.0, mean_queue:0.0
Test step:86/200, travel time :172.8486932599725, rewards:-10.079999457465277, queue:0.365625, delay:0.024484851625230578, throughput:1454
step:3600/3600, q_loss:0.2568705976009369, rewards:-9.829165988498264, queue:0.3563368055555556, delay:0.024292834599812827, throughput:1453
episode:87/200, real avg travel time:172.70061940812113
intersection:0, mean_episode_reward:-0.7188888788223267, mean_queue:0.8055555820465088
intersection:1, mean_episode_reward:-0.6477778553962708, mean_queue:0.7472222447395325
intersection:2, mean_episode_reward:-0.8138887286186218, mean_queue:0.9111111164093018
intersection:3, mean_episode_reward:-0.5677779316902161, mean_queue:0.7138888835906982
intersection:4, mean_episode_reward:-0.7574998736381531, mean_queue:0.8694444298744202
intersection:5, mean_episode_reward:-0.5752776861190796, mean_queue:0.6583333611488342
intersection:6, mean_episode_reward:-0.4694444537162781, mean_queue:0.5361111164093018
intersection:7, mean_episode_reward:-0.4191666841506958, mean_queue:0.4972222149372101
intersection:8, mean_episode_reward:-0.7780553102493286, mean_queue:0.8388888835906982
intersection:9, mean_episode_reward:-0.8097220659255981, mean_queue:0.894444465637207
intersection:10, mean_episode_reward:-0.5383332371711731, mean_queue:0.5888888835906982
intersection:11, mean_episode_reward:-0.5277777910232544, mean_queue:0.6472222208976746
intersection:12, mean_episode_reward:-0.580833375453949, mean_queue:0.6944444179534912
intersection:13, mean_episode_reward:-0.587777853012085, mean_queue:0.7388888597488403
intersection:14, mean_episode_reward:-0.5458333492279053, mean_queue:0.6472222208976746
intersection:15, mean_episode_reward:-0.491111159324646, mean_queue:0.6138888597488403
intersection:16, mean_episode_reward:0.0, mean_queue:0.0
intersection:17, mean_episode_reward:0.0, mean_queue:0.0
intersection:18, mean_episode_reward:0.0, mean_queue:0.0
intersection:19, mean_episode_reward:0.0, mean_queue:0.0
intersection:20, mean_episode_reward:0.0, mean_queue:0.0
intersection:21, mean_episode_reward:0.0, mean_queue:0.0
intersection:22, mean_episode_reward:0.0, mean_queue:0.0
intersection:23, mean_episode_reward:0.0, mean_queue:0.0
intersection:24, mean_episode_reward:0.0, mean_queue:0.0
intersection:25, mean_episode_reward:0.0, mean_queue:0.0
intersection:26, mean_episode_reward:0.0, mean_queue:0.0
intersection:27, mean_episode_reward:0.0, mean_queue:0.0
intersection:28, mean_episode_reward:0.0, mean_queue:0.0
intersection:29, mean_episode_reward:0.0, mean_queue:0.0
intersection:30, mean_episode_reward:0.0, mean_queue:0.0
intersection:31, mean_episode_reward:0.0, mean_queue:0.0
Test step:87/200, travel time :171.29683195592287, rewards:-9.200278049045139, queue:0.33828125, delay:0.023377505938212077, throughput:1452
step:3600/3600, q_loss:0.25673773884773254, rewards:-10.077501085069445, queue:0.3677951388888889, delay:0.024875815709431967, throughput:1451
episode:88/200, real avg travel time:173.14817367332873
intersection:0, mean_episode_reward:-0.709444522857666, mean_queue:0.8277778029441833
intersection:1, mean_episode_reward:-0.6277779936790466, mean_queue:0.7388888597488403
intersection:2, mean_episode_reward:-0.7886109948158264, mean_queue:0.9111111164093018
intersection:3, mean_episode_reward:-0.5811111927032471, mean_queue:0.730555534362793
intersection:4, mean_episode_reward:-0.8238888382911682, mean_queue:0.949999988079071
intersection:5, mean_episode_reward:-0.6066667437553406, mean_queue:0.6777777671813965
intersection:6, mean_episode_reward:-0.5013889074325562, mean_queue:0.5888888835906982
intersection:7, mean_episode_reward:-0.39250004291534424, mean_queue:0.4722222089767456
intersection:8, mean_episode_reward:-0.8430556654930115, mean_queue:0.9194444417953491
intersection:9, mean_episode_reward:-0.7611111998558044, mean_queue:0.8527777791023254
intersection:10, mean_episode_reward:-0.5216667652130127, mean_queue:0.5833333134651184
intersection:11, mean_episode_reward:-0.5972221493721008, mean_queue:0.7083333134651184
intersection:12, mean_episode_reward:-0.6669446229934692, mean_queue:0.7805555462837219
intersection:13, mean_episode_reward:-0.6544444561004639, mean_queue:0.7833333611488342
intersection:14, mean_episode_reward:-0.4850001037120819, mean_queue:0.5972222089767456
intersection:15, mean_episode_reward:-0.5166667103767395, mean_queue:0.6472222208976746
intersection:16, mean_episode_reward:0.0, mean_queue:0.0
intersection:17, mean_episode_reward:0.0, mean_queue:0.0
intersection:18, mean_episode_reward:0.0, mean_queue:0.0
intersection:19, mean_episode_reward:0.0, mean_queue:0.0
intersection:20, mean_episode_reward:0.0, mean_queue:0.0
intersection:21, mean_episode_reward:0.0, mean_queue:0.0
intersection:22, mean_episode_reward:0.0, mean_queue:0.0
intersection:23, mean_episode_reward:0.0, mean_queue:0.0
intersection:24, mean_episode_reward:0.0, mean_queue:0.0
intersection:25, mean_episode_reward:0.0, mean_queue:0.0
intersection:26, mean_episode_reward:0.0, mean_queue:0.0
intersection:27, mean_episode_reward:0.0, mean_queue:0.0
intersection:28, mean_episode_reward:0.0, mean_queue:0.0
intersection:29, mean_episode_reward:0.0, mean_queue:0.0
intersection:30, mean_episode_reward:0.0, mean_queue:0.0
intersection:31, mean_episode_reward:0.0, mean_queue:0.0
Test step:88/200, travel time :171.75653370013754, rewards:-9.438611518012152, queue:0.34401041666666665, delay:0.023887994554307727, throughput:1454
step:3600/3600, q_loss:0.261698454618454, rewards:-9.738333468967014, queue:0.3564236111111111, delay:0.02467306719885932, throughput:1455
episode:89/200, real avg travel time:173.08384879725085
intersection:0, mean_episode_reward:-0.7527778744697571, mean_queue:0.855555534362793
intersection:1, mean_episode_reward:-0.5855556726455688, mean_queue:0.6861110925674438
intersection:2, mean_episode_reward:-0.708611011505127, mean_queue:0.8305555582046509
intersection:3, mean_episode_reward:-0.5619446039199829, mean_queue:0.6944444179534912
intersection:4, mean_episode_reward:-0.7569444179534912, mean_queue:0.8777777552604675
intersection:5, mean_episode_reward:-0.5377777218818665, mean_queue:0.6027777791023254
intersection:6, mean_episode_reward:-0.5277777314186096, mean_queue:0.5972222089767456
intersection:7, mean_episode_reward:-0.3966667652130127, mean_queue:0.4833333194255829
intersection:8, mean_episode_reward:-0.7497220635414124, mean_queue:0.8138889074325562
intersection:9, mean_episode_reward:-0.7419443130493164, mean_queue:0.8166666626930237
intersection:10, mean_episode_reward:-0.6019444465637207, mean_queue:0.6805555820465088
intersection:11, mean_episode_reward:-0.5680555105209351, mean_queue:0.675000011920929
intersection:12, mean_episode_reward:-0.6902777552604675, mean_queue:0.8083333373069763
intersection:13, mean_episode_reward:-0.6344445943832397, mean_queue:0.7972221970558167
intersection:14, mean_episode_reward:-0.45972225069999695, mean_queue:0.5777778029441833
intersection:15, mean_episode_reward:-0.4641667604446411, mean_queue:0.6083333492279053
intersection:16, mean_episode_reward:0.0, mean_queue:0.0
intersection:17, mean_episode_reward:0.0, mean_queue:0.0
intersection:18, mean_episode_reward:0.0, mean_queue:0.0
intersection:19, mean_episode_reward:0.0, mean_queue:0.0
intersection:20, mean_episode_reward:0.0, mean_queue:0.0
intersection:21, mean_episode_reward:0.0, mean_queue:0.0
intersection:22, mean_episode_reward:0.0, mean_queue:0.0
intersection:23, mean_episode_reward:0.0, mean_queue:0.0
intersection:24, mean_episode_reward:0.0, mean_queue:0.0
intersection:25, mean_episode_reward:0.0, mean_queue:0.0
intersection:26, mean_episode_reward:0.0, mean_queue:0.0
intersection:27, mean_episode_reward:0.0, mean_queue:0.0
intersection:28, mean_episode_reward:0.0, mean_queue:0.0
intersection:29, mean_episode_reward:0.0, mean_queue:0.0
intersection:30, mean_episode_reward:0.0, mean_queue:0.0
intersection:31, mean_episode_reward:0.0, mean_queue:0.0
Test step:89/200, travel time :172.43092783505153, rewards:-9.595000542534722, queue:0.35008680555555555, delay:0.0243003871705797, throughput:1455
step:3600/3600, q_loss:0.252366304397583, rewards:-9.562499321831597, queue:0.3488715277777778, delay:0.02425180541144477, throughput:1454
episode:90/200, real avg travel time:172.1685006877579
intersection:0, mean_episode_reward:-0.6613889336585999, mean_queue:0.7638888955116272
intersection:1, mean_episode_reward:-0.615555465221405, mean_queue:0.7166666388511658
intersection:2, mean_episode_reward:-0.7494442462921143, mean_queue:0.8416666388511658
intersection:3, mean_episode_reward:-0.6677778959274292, mean_queue:0.8111110925674438
intersection:4, mean_episode_reward:-0.683055579662323, mean_queue:0.7833333611488342
intersection:5, mean_episode_reward:-0.48361116647720337, mean_queue:0.5444444417953491
intersection:6, mean_episode_reward:-0.5452776551246643, mean_queue:0.6194444298744202
intersection:7, mean_episode_reward:-0.44055554270744324, mean_queue:0.5361111164093018
intersection:8, mean_episode_reward:-0.7324998378753662, mean_queue:0.824999988079071
intersection:9, mean_episode_reward:-0.7461110353469849, mean_queue:0.8194444179534912
intersection:10, mean_episode_reward:-0.5655554533004761, mean_queue:0.6111111044883728
intersection:11, mean_episode_reward:-0.6088888049125671, mean_queue:0.7361111044883728
intersection:12, mean_episode_reward:-0.5786110162734985, mean_queue:0.675000011920929
intersection:13, mean_episode_reward:-0.6077776551246643, mean_queue:0.7722222208976746
intersection:14, mean_episode_reward:-0.45722219347953796, mean_queue:0.5638889074325562
intersection:15, mean_episode_reward:-0.4191667437553406, mean_queue:0.5444444417953491
intersection:16, mean_episode_reward:0.0, mean_queue:0.0
intersection:17, mean_episode_reward:0.0, mean_queue:0.0
intersection:18, mean_episode_reward:0.0, mean_queue:0.0
intersection:19, mean_episode_reward:0.0, mean_queue:0.0
intersection:20, mean_episode_reward:0.0, mean_queue:0.0
intersection:21, mean_episode_reward:0.0, mean_queue:0.0
intersection:22, mean_episode_reward:0.0, mean_queue:0.0
intersection:23, mean_episode_reward:0.0, mean_queue:0.0
intersection:24, mean_episode_reward:0.0, mean_queue:0.0
intersection:25, mean_episode_reward:0.0, mean_queue:0.0
intersection:26, mean_episode_reward:0.0, mean_queue:0.0
intersection:27, mean_episode_reward:0.0, mean_queue:0.0
intersection:28, mean_episode_reward:0.0, mean_queue:0.0
intersection:29, mean_episode_reward:0.0, mean_queue:0.0
intersection:30, mean_episode_reward:0.0, mean_queue:0.0
intersection:31, mean_episode_reward:0.0, mean_queue:0.0
Test step:90/200, travel time :172.6228492773572, rewards:-9.746944173177083, queue:0.35555555555555557, delay:0.02420635223388672, throughput:1453
step:3600/3600, q_loss:0.252146452665329, rewards:-9.929166666666667, queue:0.3614583333333333, delay:0.024599639574686687, throughput:1451
episode:91/200, real avg travel time:172.8752584424535
intersection:0, mean_episode_reward:-0.7544443011283875, mean_queue:0.8527777791023254
intersection:1, mean_episode_reward:-0.6119445562362671, mean_queue:0.7166666388511658
intersection:2, mean_episode_reward:-0.71916663646698, mean_queue:0.7944444417953491
intersection:3, mean_episode_reward:-0.5947222113609314, mean_queue:0.7388888597488403
intersection:4, mean_episode_reward:-0.7869443297386169, mean_queue:0.8999999761581421
intersection:5, mean_episode_reward:-0.527222216129303, mean_queue:0.6138888597488403
intersection:6, mean_episode_reward:-0.5552778244018555, mean_queue:0.625
intersection:7, mean_episode_reward:-0.5222223401069641, mean_queue:0.6222222447395325
intersection:8, mean_episode_reward:-0.7786110043525696, mean_queue:0.8694444298744202
intersection:9, mean_episode_reward:-0.6563888192176819, mean_queue:0.7444444298744202
intersection:10, mean_episode_reward:-0.5266664624214172, mean_queue:0.5805555582046509
intersection:11, mean_episode_reward:-0.602222204208374, mean_queue:0.7027778029441833
intersection:12, mean_episode_reward:-0.6680554747581482, mean_queue:0.7722222208976746
intersection:13, mean_episode_reward:-0.596666693687439, mean_queue:0.7583333253860474
intersection:14, mean_episode_reward:-0.46222224831581116, mean_queue:0.5666666626930237
intersection:15, mean_episode_reward:-0.5663889646530151, mean_queue:0.7083333134651184
intersection:16, mean_episode_reward:0.0, mean_queue:0.0
intersection:17, mean_episode_reward:0.0, mean_queue:0.0
intersection:18, mean_episode_reward:0.0, mean_queue:0.0
intersection:19, mean_episode_reward:0.0, mean_queue:0.0
intersection:20, mean_episode_reward:0.0, mean_queue:0.0
intersection:21, mean_episode_reward:0.0, mean_queue:0.0
intersection:22, mean_episode_reward:0.0, mean_queue:0.0
intersection:23, mean_episode_reward:0.0, mean_queue:0.0
intersection:24, mean_episode_reward:0.0, mean_queue:0.0
intersection:25, mean_episode_reward:0.0, mean_queue:0.0
intersection:26, mean_episode_reward:0.0, mean_queue:0.0
intersection:27, mean_episode_reward:0.0, mean_queue:0.0
intersection:28, mean_episode_reward:0.0, mean_queue:0.0
intersection:29, mean_episode_reward:0.0, mean_queue:0.0
intersection:30, mean_episode_reward:0.0, mean_queue:0.0
intersection:31, mean_episode_reward:0.0, mean_queue:0.0
Test step:91/200, travel time :171.66896077081898, rewards:-9.2522216796875, queue:0.3380208333333333, delay:0.024246676762898763, throughput:1453
step:3600/3600, q_loss:0.25643888115882874, rewards:-9.816388617621527, queue:0.3563368055555556, delay:0.02410187191433377, throughput:1452
episode:92/200, real avg travel time:172.8526170798898
intersection:0, mean_episode_reward:-0.7266665697097778, mean_queue:0.8472222089767456
intersection:1, mean_episode_reward:-0.6797220706939697, mean_queue:0.7611111402511597
intersection:2, mean_episode_reward:-0.7791668176651001, mean_queue:0.8916666507720947
intersection:3, mean_episode_reward:-0.5405555963516235, mean_queue:0.6722221970558167
intersection:4, mean_episode_reward:-0.8544445633888245, mean_queue:0.949999988079071
intersection:5, mean_episode_reward:-0.4883333444595337, mean_queue:0.5666666626930237
intersection:6, mean_episode_reward:-0.5461112260818481, mean_queue:0.6194444298744202
intersection:7, mean_episode_reward:-0.41749992966651917, mean_queue:0.5083333253860474
intersection:8, mean_episode_reward:-0.7733334302902222, mean_queue:0.8500000238418579
intersection:9, mean_episode_reward:-0.7413887977600098, mean_queue:0.8027777671813965
intersection:10, mean_episode_reward:-0.6405553817749023, mean_queue:0.7138888835906982
intersection:11, mean_episode_reward:-0.5411112904548645, mean_queue:0.6388888955116272
intersection:12, mean_episode_reward:-0.6352776288986206, mean_queue:0.75
intersection:13, mean_episode_reward:-0.5725000500679016, mean_queue:0.7111111283302307
intersection:14, mean_episode_reward:-0.45694443583488464, mean_queue:0.5666666626930237
intersection:15, mean_episode_reward:-0.42277777194976807, mean_queue:0.5527777671813965
intersection:16, mean_episode_reward:0.0, mean_queue:0.0
intersection:17, mean_episode_reward:0.0, mean_queue:0.0
intersection:18, mean_episode_reward:0.0, mean_queue:0.0
intersection:19, mean_episode_reward:0.0, mean_queue:0.0
intersection:20, mean_episode_reward:0.0, mean_queue:0.0
intersection:21, mean_episode_reward:0.0, mean_queue:0.0
intersection:22, mean_episode_reward:0.0, mean_queue:0.0
intersection:23, mean_episode_reward:0.0, mean_queue:0.0
intersection:24, mean_episode_reward:0.0, mean_queue:0.0
intersection:25, mean_episode_reward:0.0, mean_queue:0.0
intersection:26, mean_episode_reward:0.0, mean_queue:0.0
intersection:27, mean_episode_reward:0.0, mean_queue:0.0
intersection:28, mean_episode_reward:0.0, mean_queue:0.0
intersection:29, mean_episode_reward:0.0, mean_queue:0.0
intersection:30, mean_episode_reward:0.0, mean_queue:0.0
intersection:31, mean_episode_reward:0.0, mean_queue:0.0
Test step:92/200, travel time :172.15485203028217, rewards:-9.635555013020833, queue:0.35104166666666664, delay:0.0241712040371365, throughput:1453
step:3600/3600, q_loss:0.2572758197784424, rewards:-9.645278591579862, queue:0.35269097222222223, delay:0.024344343609280058, throughput:1451
episode:93/200, real avg travel time:172.47415575465197
intersection:0, mean_episode_reward:-0.6872223019599915, mean_queue:0.7638888955116272
intersection:1, mean_episode_reward:-0.7119444012641907, mean_queue:0.7916666865348816
intersection:2, mean_episode_reward:-0.7302777767181396, mean_queue:0.8611111044883728
intersection:3, mean_episode_reward:-0.5691666603088379, mean_queue:0.7027778029441833
intersection:4, mean_episode_reward:-0.6583331823348999, mean_queue:0.7638888955116272
intersection:5, mean_episode_reward:-0.5950000882148743, mean_queue:0.7083333134651184
intersection:6, mean_episode_reward:-0.5236111879348755, mean_queue:0.5694444179534912
intersection:7, mean_episode_reward:-0.4091666638851166, mean_queue:0.4888888895511627
intersection:8, mean_episode_reward:-0.7419443726539612, mean_queue:0.824999988079071
intersection:9, mean_episode_reward:-0.7694445848464966, mean_queue:0.8472222089767456
intersection:10, mean_episode_reward:-0.4933333098888397, mean_queue:0.5833333134651184
intersection:11, mean_episode_reward:-0.46027782559394836, mean_queue:0.5805555582046509
intersection:12, mean_episode_reward:-0.6338889002799988, mean_queue:0.7472222447395325
intersection:13, mean_episode_reward:-0.5941668152809143, mean_queue:0.7472222447395325
intersection:14, mean_episode_reward:-0.5138888955116272, mean_queue:0.6138888597488403
intersection:15, mean_episode_reward:-0.5536112189292908, mean_queue:0.6916666626930237
intersection:16, mean_episode_reward:0.0, mean_queue:0.0
intersection:17, mean_episode_reward:0.0, mean_queue:0.0
intersection:18, mean_episode_reward:0.0, mean_queue:0.0
intersection:19, mean_episode_reward:0.0, mean_queue:0.0
intersection:20, mean_episode_reward:0.0, mean_queue:0.0
intersection:21, mean_episode_reward:0.0, mean_queue:0.0
intersection:22, mean_episode_reward:0.0, mean_queue:0.0
intersection:23, mean_episode_reward:0.0, mean_queue:0.0
intersection:24, mean_episode_reward:0.0, mean_queue:0.0
intersection:25, mean_episode_reward:0.0, mean_queue:0.0
intersection:26, mean_episode_reward:0.0, mean_queue:0.0
intersection:27, mean_episode_reward:0.0, mean_queue:0.0
intersection:28, mean_episode_reward:0.0, mean_queue:0.0
intersection:29, mean_episode_reward:0.0, mean_queue:0.0
intersection:30, mean_episode_reward:0.0, mean_queue:0.0
intersection:31, mean_episode_reward:0.0, mean_queue:0.0
Test step:93/200, travel time :172.81374570446735, rewards:-9.7977783203125, queue:0.35694444444444445, delay:0.024244493908352323, throughput:1455
step:3600/3600, q_loss:0.2539818584918976, rewards:-9.398055691189237, queue:0.3451388888888889, delay:0.024235630035400392, throughput:1453
episode:94/200, real avg travel time:171.86717136958018
intersection:0, mean_episode_reward:-0.7474997639656067, mean_queue:0.8472222089767456
intersection:1, mean_episode_reward:-0.6563889980316162, mean_queue:0.7277777791023254
intersection:2, mean_episode_reward:-0.6797221899032593, mean_queue:0.7916666865348816
intersection:3, mean_episode_reward:-0.5755556225776672, mean_queue:0.7166666388511658
intersection:4, mean_episode_reward:-0.6655556559562683, mean_queue:0.7833333611488342
intersection:5, mean_episode_reward:-0.5705554485321045, mean_queue:0.6555555462837219
intersection:6, mean_episode_reward:-0.49027782678604126, mean_queue:0.5777778029441833
intersection:7, mean_episode_reward:-0.4252777397632599, mean_queue:0.519444465637207
intersection:8, mean_episode_reward:-0.7111111879348755, mean_queue:0.7722222208976746
intersection:9, mean_episode_reward:-0.7069444060325623, mean_queue:0.7916666865348816
intersection:10, mean_episode_reward:-0.4894445240497589, mean_queue:0.550000011920929
intersection:11, mean_episode_reward:-0.550555408000946, mean_queue:0.6527777910232544
intersection:12, mean_episode_reward:-0.5961110591888428, mean_queue:0.730555534362793
intersection:13, mean_episode_reward:-0.565833330154419, mean_queue:0.6972222328186035
intersection:14, mean_episode_reward:-0.5202778577804565, mean_queue:0.6361111402511597
intersection:15, mean_episode_reward:-0.4469445049762726, mean_queue:0.5944444537162781
intersection:16, mean_episode_reward:0.0, mean_queue:0.0
intersection:17, mean_episode_reward:0.0, mean_queue:0.0
intersection:18, mean_episode_reward:0.0, mean_queue:0.0
intersection:19, mean_episode_reward:0.0, mean_queue:0.0
intersection:20, mean_episode_reward:0.0, mean_queue:0.0
intersection:21, mean_episode_reward:0.0, mean_queue:0.0
intersection:22, mean_episode_reward:0.0, mean_queue:0.0
intersection:23, mean_episode_reward:0.0, mean_queue:0.0
intersection:24, mean_episode_reward:0.0, mean_queue:0.0
intersection:25, mean_episode_reward:0.0, mean_queue:0.0
intersection:26, mean_episode_reward:0.0, mean_queue:0.0
intersection:27, mean_episode_reward:0.0, mean_queue:0.0
intersection:28, mean_episode_reward:0.0, mean_queue:0.0
intersection:29, mean_episode_reward:0.0, mean_queue:0.0
intersection:30, mean_episode_reward:0.0, mean_queue:0.0
intersection:31, mean_episode_reward:0.0, mean_queue:0.0
Test step:94/200, travel time :173.12456985547144, rewards:-9.936111111111112, queue:0.3589409722222222, delay:0.02480324109395345, throughput:1453
step:3600/3600, q_loss:0.25070273876190186, rewards:-9.470833333333333, queue:0.3459201388888889, delay:0.02399231062995063, throughput:1453
episode:95/200, real avg travel time:172.11218169304885
intersection:0, mean_episode_reward:-0.7474997043609619, mean_queue:0.8333333134651184
intersection:1, mean_episode_reward:-0.5527777075767517, mean_queue:0.6333333253860474
intersection:2, mean_episode_reward:-0.6697223782539368, mean_queue:0.8027777671813965
intersection:3, mean_episode_reward:-0.5466667413711548, mean_queue:0.6638888716697693
intersection:4, mean_episode_reward:-0.9152775406837463, mean_queue:1.0333333015441895
intersection:5, mean_episode_reward:-0.4786111116409302, mean_queue:0.5472221970558167
intersection:6, mean_episode_reward:-0.44611117243766785, mean_queue:0.5166666507720947
intersection:7, mean_episode_reward:-0.38777780532836914, mean_queue:0.4722222089767456
intersection:8, mean_episode_reward:-0.743333101272583, mean_queue:0.8277778029441833
intersection:9, mean_episode_reward:-0.7188889980316162, mean_queue:0.7972221970558167
intersection:10, mean_episode_reward:-0.5125001072883606, mean_queue:0.5833333134651184
intersection:11, mean_episode_reward:-0.4788888692855835, mean_queue:0.5777778029441833
intersection:12, mean_episode_reward:-0.634722113609314, mean_queue:0.7472222447395325
intersection:13, mean_episode_reward:-0.6475000977516174, mean_queue:0.800000011920929
intersection:14, mean_episode_reward:-0.5258333683013916, mean_queue:0.6361111402511597
intersection:15, mean_episode_reward:-0.46472227573394775, mean_queue:0.5972222089767456
intersection:16, mean_episode_reward:0.0, mean_queue:0.0
intersection:17, mean_episode_reward:0.0, mean_queue:0.0
intersection:18, mean_episode_reward:0.0, mean_queue:0.0
intersection:19, mean_episode_reward:0.0, mean_queue:0.0
intersection:20, mean_episode_reward:0.0, mean_queue:0.0
intersection:21, mean_episode_reward:0.0, mean_queue:0.0
intersection:22, mean_episode_reward:0.0, mean_queue:0.0
intersection:23, mean_episode_reward:0.0, mean_queue:0.0
intersection:24, mean_episode_reward:0.0, mean_queue:0.0
intersection:25, mean_episode_reward:0.0, mean_queue:0.0
intersection:26, mean_episode_reward:0.0, mean_queue:0.0
intersection:27, mean_episode_reward:0.0, mean_queue:0.0
intersection:28, mean_episode_reward:0.0, mean_queue:0.0
intersection:29, mean_episode_reward:0.0, mean_queue:0.0
intersection:30, mean_episode_reward:0.0, mean_queue:0.0
intersection:31, mean_episode_reward:0.0, mean_queue:0.0
Test step:95/200, travel time :172.47491408934707, rewards:-9.704999457465277, queue:0.3529513888888889, delay:0.024380440182156033, throughput:1455
step:3600/3600, q_loss:0.2535600960254669, rewards:-9.674444580078125, queue:0.35234375, delay:0.024460294511583117, throughput:1452
episode:96/200, real avg travel time:172.18595041322314
intersection:0, mean_episode_reward:-0.6566667556762695, mean_queue:0.7749999761581421
intersection:1, mean_episode_reward:-0.6441667079925537, mean_queue:0.7250000238418579
intersection:2, mean_episode_reward:-0.6961110234260559, mean_queue:0.7888888716697693
intersection:3, mean_episode_reward:-0.5758334398269653, mean_queue:0.7138888835906982
intersection:4, mean_episode_reward:-0.7736111283302307, mean_queue:0.8999999761581421
intersection:5, mean_episode_reward:-0.521111011505127, mean_queue:0.6083333492279053
intersection:6, mean_episode_reward:-0.6005554795265198, mean_queue:0.6694444417953491
intersection:7, mean_episode_reward:-0.51583331823349, mean_queue:0.6222222447395325
intersection:8, mean_episode_reward:-0.7183331847190857, mean_queue:0.7972221970558167
intersection:9, mean_episode_reward:-0.7094445824623108, mean_queue:0.7611111402511597
intersection:10, mean_episode_reward:-0.5230554342269897, mean_queue:0.5916666388511658
intersection:11, mean_episode_reward:-0.3850000500679016, mean_queue:0.48055556416511536
intersection:12, mean_episode_reward:-0.7630555629730225, mean_queue:0.8722222447395325
intersection:13, mean_episode_reward:-0.6991667747497559, mean_queue:0.8416666388511658
intersection:14, mean_episode_reward:-0.4222223162651062, mean_queue:0.5249999761581421
intersection:15, mean_episode_reward:-0.4702778160572052, mean_queue:0.6027777791023254
intersection:16, mean_episode_reward:0.0, mean_queue:0.0
intersection:17, mean_episode_reward:0.0, mean_queue:0.0
intersection:18, mean_episode_reward:0.0, mean_queue:0.0
intersection:19, mean_episode_reward:0.0, mean_queue:0.0
intersection:20, mean_episode_reward:0.0, mean_queue:0.0
intersection:21, mean_episode_reward:0.0, mean_queue:0.0
intersection:22, mean_episode_reward:0.0, mean_queue:0.0
intersection:23, mean_episode_reward:0.0, mean_queue:0.0
intersection:24, mean_episode_reward:0.0, mean_queue:0.0
intersection:25, mean_episode_reward:0.0, mean_queue:0.0
intersection:26, mean_episode_reward:0.0, mean_queue:0.0
intersection:27, mean_episode_reward:0.0, mean_queue:0.0
intersection:28, mean_episode_reward:0.0, mean_queue:0.0
intersection:29, mean_episode_reward:0.0, mean_queue:0.0
intersection:30, mean_episode_reward:0.0, mean_queue:0.0
intersection:31, mean_episode_reward:0.0, mean_queue:0.0
Test step:96/200, travel time :172.5065472088215, rewards:-9.808055284288194, queue:0.35833333333333334, delay:0.02490863535139296, throughput:1451
step:3600/3600, q_loss:0.25106698274612427, rewards:-9.58861083984375, queue:0.35182291666666665, delay:0.024495951334635415, throughput:1453
episode:97/200, real avg travel time:172.51204404679973
intersection:0, mean_episode_reward:-0.7808331251144409, mean_queue:0.8833333253860474
intersection:1, mean_episode_reward:-0.622222363948822, mean_queue:0.7111111283302307
intersection:2, mean_episode_reward:-0.8163887858390808, mean_queue:0.9194444417953491
intersection:3, mean_episode_reward:-0.5361109375953674, mean_queue:0.6722221970558167
intersection:4, mean_episode_reward:-0.6683334112167358, mean_queue:0.8111110925674438
intersection:5, mean_episode_reward:-0.545833170413971, mean_queue:0.6194444298744202
intersection:6, mean_episode_reward:-0.5136111974716187, mean_queue:0.5777778029441833
intersection:7, mean_episode_reward:-0.42777785658836365, mean_queue:0.5305555462837219
intersection:8, mean_episode_reward:-0.7238888144493103, mean_queue:0.7944444417953491
intersection:9, mean_episode_reward:-0.7163890600204468, mean_queue:0.800000011920929
intersection:10, mean_episode_reward:-0.5000001192092896, mean_queue:0.5833333134651184
intersection:11, mean_episode_reward:-0.5144444108009338, mean_queue:0.6194444298744202
intersection:12, mean_episode_reward:-0.683055579662323, mean_queue:0.8111110925674438
intersection:13, mean_episode_reward:-0.6588889360427856, mean_queue:0.8138889074325562
intersection:14, mean_episode_reward:-0.44138866662979126, mean_queue:0.5472221970558167
intersection:15, mean_episode_reward:-0.43944457173347473, mean_queue:0.5638889074325562
intersection:16, mean_episode_reward:0.0, mean_queue:0.0
intersection:17, mean_episode_reward:0.0, mean_queue:0.0
intersection:18, mean_episode_reward:0.0, mean_queue:0.0
intersection:19, mean_episode_reward:0.0, mean_queue:0.0
intersection:20, mean_episode_reward:0.0, mean_queue:0.0
intersection:21, mean_episode_reward:0.0, mean_queue:0.0
intersection:22, mean_episode_reward:0.0, mean_queue:0.0
intersection:23, mean_episode_reward:0.0, mean_queue:0.0
intersection:24, mean_episode_reward:0.0, mean_queue:0.0
intersection:25, mean_episode_reward:0.0, mean_queue:0.0
intersection:26, mean_episode_reward:0.0, mean_queue:0.0
intersection:27, mean_episode_reward:0.0, mean_queue:0.0
intersection:28, mean_episode_reward:0.0, mean_queue:0.0
intersection:29, mean_episode_reward:0.0, mean_queue:0.0
intersection:30, mean_episode_reward:0.0, mean_queue:0.0
intersection:31, mean_episode_reward:0.0, mean_queue:0.0
Test step:97/200, travel time :171.9545767377839, rewards:-9.27527804904514, queue:0.33871527777777777, delay:0.024146138297186957, throughput:1453
step:3600/3600, q_loss:0.24370937049388885, rewards:-9.556943766276042, queue:0.3503472222222222, delay:0.024443120426601832, throughput:1453
episode:98/200, real avg travel time:172.57467309015829
intersection:0, mean_episode_reward:-0.6911109685897827, mean_queue:0.800000011920929
intersection:1, mean_episode_reward:-0.6091665625572205, mean_queue:0.7222222089767456
intersection:2, mean_episode_reward:-0.7319442629814148, mean_queue:0.8333333134651184
intersection:3, mean_episode_reward:-0.5269444584846497, mean_queue:0.6694444417953491
intersection:4, mean_episode_reward:-0.798611044883728, mean_queue:0.9166666865348816
intersection:5, mean_episode_reward:-0.5286111831665039, mean_queue:0.6222222447395325
intersection:6, mean_episode_reward:-0.4672222137451172, mean_queue:0.5305555462837219
intersection:7, mean_episode_reward:-0.434999942779541, mean_queue:0.5361111164093018
intersection:8, mean_episode_reward:-0.8169443607330322, mean_queue:0.8861111402511597
intersection:9, mean_episode_reward:-0.71833336353302, mean_queue:0.7861111164093018
intersection:10, mean_episode_reward:-0.5047223567962646, mean_queue:0.574999988079071
intersection:11, mean_episode_reward:-0.5066667795181274, mean_queue:0.5972222089767456
intersection:12, mean_episode_reward:-0.7422221899032593, mean_queue:0.8833333253860474
intersection:13, mean_episode_reward:-0.5699999332427979, mean_queue:0.7027778029441833
intersection:14, mean_episode_reward:-0.4919443726539612, mean_queue:0.5944444537162781
intersection:15, mean_episode_reward:-0.41750001907348633, mean_queue:0.5555555820465088
intersection:16, mean_episode_reward:0.0, mean_queue:0.0
intersection:17, mean_episode_reward:0.0, mean_queue:0.0
intersection:18, mean_episode_reward:0.0, mean_queue:0.0
intersection:19, mean_episode_reward:0.0, mean_queue:0.0
intersection:20, mean_episode_reward:0.0, mean_queue:0.0
intersection:21, mean_episode_reward:0.0, mean_queue:0.0
intersection:22, mean_episode_reward:0.0, mean_queue:0.0
intersection:23, mean_episode_reward:0.0, mean_queue:0.0
intersection:24, mean_episode_reward:0.0, mean_queue:0.0
intersection:25, mean_episode_reward:0.0, mean_queue:0.0
intersection:26, mean_episode_reward:0.0, mean_queue:0.0
intersection:27, mean_episode_reward:0.0, mean_queue:0.0
intersection:28, mean_episode_reward:0.0, mean_queue:0.0
intersection:29, mean_episode_reward:0.0, mean_queue:0.0
intersection:30, mean_episode_reward:0.0, mean_queue:0.0
intersection:31, mean_episode_reward:0.0, mean_queue:0.0
Test step:98/200, travel time :172.7603305785124, rewards:-9.891665988498264, queue:0.3624131944444444, delay:0.02452180915408664, throughput:1452
step:3600/3600, q_loss:0.24685192108154297, rewards:-9.543610975477431, queue:0.34739583333333335, delay:0.02432139449649387, throughput:1452
episode:99/200, real avg travel time:172.482782369146
intersection:0, mean_episode_reward:-0.7247222661972046, mean_queue:0.8138889074325562
intersection:1, mean_episode_reward:-0.6605554223060608, mean_queue:0.7749999761581421
intersection:2, mean_episode_reward:-0.6858330965042114, mean_queue:0.7861111164093018
intersection:3, mean_episode_reward:-0.5377779006958008, mean_queue:0.675000011920929
intersection:4, mean_episode_reward:-0.6611109972000122, mean_queue:0.7805555462837219
intersection:5, mean_episode_reward:-0.523888885974884, mean_queue:0.625
intersection:6, mean_episode_reward:-0.47694459557533264, mean_queue:0.5277777910232544
intersection:7, mean_episode_reward:-0.4266665577888489, mean_queue:0.5138888955116272
intersection:8, mean_episode_reward:-0.6916666626930237, mean_queue:0.7472222447395325
intersection:9, mean_episode_reward:-0.7094444036483765, mean_queue:0.7861111164093018
intersection:10, mean_episode_reward:-0.5438888669013977, mean_queue:0.6083333492279053
intersection:11, mean_episode_reward:-0.6536111831665039, mean_queue:0.7638888955116272
intersection:12, mean_episode_reward:-0.6830554604530334, mean_queue:0.7805555462837219
intersection:13, mean_episode_reward:-0.5972222685813904, mean_queue:0.7444444298744202
intersection:14, mean_episode_reward:-0.43916648626327515, mean_queue:0.5361111164093018
intersection:15, mean_episode_reward:-0.5280554890632629, mean_queue:0.6527777910232544
intersection:16, mean_episode_reward:0.0, mean_queue:0.0
intersection:17, mean_episode_reward:0.0, mean_queue:0.0
intersection:18, mean_episode_reward:0.0, mean_queue:0.0
intersection:19, mean_episode_reward:0.0, mean_queue:0.0
intersection:20, mean_episode_reward:0.0, mean_queue:0.0
intersection:21, mean_episode_reward:0.0, mean_queue:0.0
intersection:22, mean_episode_reward:0.0, mean_queue:0.0
intersection:23, mean_episode_reward:0.0, mean_queue:0.0
intersection:24, mean_episode_reward:0.0, mean_queue:0.0
intersection:25, mean_episode_reward:0.0, mean_queue:0.0
intersection:26, mean_episode_reward:0.0, mean_queue:0.0
intersection:27, mean_episode_reward:0.0, mean_queue:0.0
intersection:28, mean_episode_reward:0.0, mean_queue:0.0
intersection:29, mean_episode_reward:0.0, mean_queue:0.0
intersection:30, mean_episode_reward:0.0, mean_queue:0.0
intersection:31, mean_episode_reward:0.0, mean_queue:0.0
Test step:99/200, travel time :172.83837689133426, rewards:-9.627499728732639, queue:0.353125, delay:0.024724965625339084, throughput:1454
step:3600/3600, q_loss:0.2349136620759964, rewards:-9.868333604600695, queue:0.36276041666666664, delay:0.024767507447136773, throughput:1455
episode:100/200, real avg travel time:173.0123711340206
intersection:0, mean_episode_reward:-0.6694444417953491, mean_queue:0.7805555462837219
intersection:1, mean_episode_reward:-0.7269445061683655, mean_queue:0.8416666388511658
intersection:2, mean_episode_reward:-0.8149999976158142, mean_queue:0.9472222328186035
intersection:3, mean_episode_reward:-0.4930555522441864, mean_queue:0.6416666507720947
intersection:4, mean_episode_reward:-0.6349998712539673, mean_queue:0.75
intersection:5, mean_episode_reward:-0.6352778673171997, mean_queue:0.7277777791023254
intersection:6, mean_episode_reward:-0.5691667795181274, mean_queue:0.6333333253860474
intersection:7, mean_episode_reward:-0.4861111640930176, mean_queue:0.5805555582046509
intersection:8, mean_episode_reward:-0.8208332657814026, mean_queue:0.8861111402511597
intersection:9, mean_episode_reward:-0.6938889622688293, mean_queue:0.7944444417953491
intersection:10, mean_episode_reward:-0.5297221541404724, mean_queue:0.6111111044883728
intersection:11, mean_episode_reward:-0.6058334708213806, mean_queue:0.7250000238418579
intersection:12, mean_episode_reward:-0.7597222924232483, mean_queue:0.875
intersection:13, mean_episode_reward:-0.6027778387069702, mean_queue:0.7388888597488403
intersection:14, mean_episode_reward:-0.3544444441795349, mean_queue:0.4583333432674408
intersection:15, mean_episode_reward:-0.4711112976074219, mean_queue:0.6166666746139526
intersection:16, mean_episode_reward:0.0, mean_queue:0.0
intersection:17, mean_episode_reward:0.0, mean_queue:0.0
intersection:18, mean_episode_reward:0.0, mean_queue:0.0
intersection:19, mean_episode_reward:0.0, mean_queue:0.0
intersection:20, mean_episode_reward:0.0, mean_queue:0.0
intersection:21, mean_episode_reward:0.0, mean_queue:0.0
intersection:22, mean_episode_reward:0.0, mean_queue:0.0
intersection:23, mean_episode_reward:0.0, mean_queue:0.0
intersection:24, mean_episode_reward:0.0, mean_queue:0.0
intersection:25, mean_episode_reward:0.0, mean_queue:0.0
intersection:26, mean_episode_reward:0.0, mean_queue:0.0
intersection:27, mean_episode_reward:0.0, mean_queue:0.0
intersection:28, mean_episode_reward:0.0, mean_queue:0.0
intersection:29, mean_episode_reward:0.0, mean_queue:0.0
intersection:30, mean_episode_reward:0.0, mean_queue:0.0
intersection:31, mean_episode_reward:0.0, mean_queue:0.0
Test step:100/200, travel time :172.3725085910653, rewards:-9.582222493489583, queue:0.3497395833333333, delay:0.024094714058770075, throughput:1455
step:3600/3600, q_loss:0.2383166402578354, rewards:-10.006944444444445, queue:0.36380208333333336, delay:0.024983988867865667, throughput:1452
episode:101/200, real avg travel time:173.37603305785123
intersection:0, mean_episode_reward:-0.7169442772865295, mean_queue:0.8138889074325562
intersection:1, mean_episode_reward:-0.7763887047767639, mean_queue:0.875
intersection:2, mean_episode_reward:-0.629721999168396, mean_queue:0.7277777791023254
intersection:3, mean_episode_reward:-0.4488888084888458, mean_queue:0.5916666388511658
intersection:4, mean_episode_reward:-0.8566665649414062, mean_queue:0.980555534362793
intersection:5, mean_episode_reward:-0.535000205039978, mean_queue:0.6388888955116272
intersection:6, mean_episode_reward:-0.5638889670372009, mean_queue:0.6361111402511597
intersection:7, mean_episode_reward:-0.47361114621162415, mean_queue:0.5527777671813965
intersection:8, mean_episode_reward:-0.7927775979042053, mean_queue:0.8527777791023254
intersection:9, mean_episode_reward:-0.7441667318344116, mean_queue:0.8305555582046509
intersection:10, mean_episode_reward:-0.5755555629730225, mean_queue:0.6499999761581421
intersection:11, mean_episode_reward:-0.5747224688529968, mean_queue:0.6944444179534912
intersection:12, mean_episode_reward:-0.6702777147293091, mean_queue:0.7722222208976746
intersection:13, mean_episode_reward:-0.6444445848464966, mean_queue:0.7749999761581421
intersection:14, mean_episode_reward:-0.43333324790000916, mean_queue:0.5416666865348816
intersection:15, mean_episode_reward:-0.570555567741394, mean_queue:0.7083333134651184
intersection:16, mean_episode_reward:0.0, mean_queue:0.0
intersection:17, mean_episode_reward:0.0, mean_queue:0.0
intersection:18, mean_episode_reward:0.0, mean_queue:0.0
intersection:19, mean_episode_reward:0.0, mean_queue:0.0
intersection:20, mean_episode_reward:0.0, mean_queue:0.0
intersection:21, mean_episode_reward:0.0, mean_queue:0.0
intersection:22, mean_episode_reward:0.0, mean_queue:0.0
intersection:23, mean_episode_reward:0.0, mean_queue:0.0
intersection:24, mean_episode_reward:0.0, mean_queue:0.0
intersection:25, mean_episode_reward:0.0, mean_queue:0.0
intersection:26, mean_episode_reward:0.0, mean_queue:0.0
intersection:27, mean_episode_reward:0.0, mean_queue:0.0
intersection:28, mean_episode_reward:0.0, mean_queue:0.0
intersection:29, mean_episode_reward:0.0, mean_queue:0.0
intersection:30, mean_episode_reward:0.0, mean_queue:0.0
intersection:31, mean_episode_reward:0.0, mean_queue:0.0
Test step:101/200, travel time :172.66230186078567, rewards:-9.714166259765625, queue:0.35564236111111114, delay:0.024354563819037542, throughput:1451
step:3600/3600, q_loss:0.238833487033844, rewards:-9.8125, queue:0.35694444444444445, delay:0.024516254001193578, throughput:1449
episode:102/200, real avg travel time:172.71704623878537
intersection:0, mean_episode_reward:-0.6622224450111389, mean_queue:0.7583333253860474
intersection:1, mean_episode_reward:-0.6280556321144104, mean_queue:0.7055555582046509
intersection:2, mean_episode_reward:-0.8352777361869812, mean_queue:0.9361110925674438
intersection:3, mean_episode_reward:-0.5680555701255798, mean_queue:0.6944444179534912
intersection:4, mean_episode_reward:-0.7861108779907227, mean_queue:0.8999999761581421
intersection:5, mean_episode_reward:-0.5622222423553467, mean_queue:0.6333333253860474
intersection:6, mean_episode_reward:-0.5730555653572083, mean_queue:0.6611111164093018
intersection:7, mean_episode_reward:-0.44722214341163635, mean_queue:0.5666666626930237
intersection:8, mean_episode_reward:-0.6908335089683533, mean_queue:0.7805555462837219
intersection:9, mean_episode_reward:-0.7647222876548767, mean_queue:0.8500000238418579
intersection:10, mean_episode_reward:-0.5030553936958313, mean_queue:0.5611110925674438
intersection:11, mean_episode_reward:-0.5886109471321106, mean_queue:0.675000011920929
intersection:12, mean_episode_reward:-0.6747221946716309, mean_queue:0.7861111164093018
intersection:13, mean_episode_reward:-0.5777776837348938, mean_queue:0.7055555582046509
intersection:14, mean_episode_reward:-0.4627777934074402, mean_queue:0.5611110925674438
intersection:15, mean_episode_reward:-0.48777779936790466, mean_queue:0.6472222208976746
intersection:16, mean_episode_reward:0.0, mean_queue:0.0
intersection:17, mean_episode_reward:0.0, mean_queue:0.0
intersection:18, mean_episode_reward:0.0, mean_queue:0.0
intersection:19, mean_episode_reward:0.0, mean_queue:0.0
intersection:20, mean_episode_reward:0.0, mean_queue:0.0
intersection:21, mean_episode_reward:0.0, mean_queue:0.0
intersection:22, mean_episode_reward:0.0, mean_queue:0.0
intersection:23, mean_episode_reward:0.0, mean_queue:0.0
intersection:24, mean_episode_reward:0.0, mean_queue:0.0
intersection:25, mean_episode_reward:0.0, mean_queue:0.0
intersection:26, mean_episode_reward:0.0, mean_queue:0.0
intersection:27, mean_episode_reward:0.0, mean_queue:0.0
intersection:28, mean_episode_reward:0.0, mean_queue:0.0
intersection:29, mean_episode_reward:0.0, mean_queue:0.0
intersection:30, mean_episode_reward:0.0, mean_queue:0.0
intersection:31, mean_episode_reward:0.0, mean_queue:0.0
Test step:102/200, travel time :172.72382920110192, rewards:-9.72638888888889, queue:0.35399305555555555, delay:0.024347257614135743, throughput:1452
step:3600/3600, q_loss:0.23701299726963043, rewards:-10.169167751736111, queue:0.36961805555555555, delay:0.025077705913119846, throughput:1452
episode:103/200, real avg travel time:173.36570247933884
intersection:0, mean_episode_reward:-0.7324999570846558, mean_queue:0.8361111283302307
intersection:1, mean_episode_reward:-0.6572224497795105, mean_queue:0.7444444298744202
intersection:2, mean_episode_reward:-0.7791667580604553, mean_queue:0.8527777791023254
intersection:3, mean_episode_reward:-0.6569443941116333, mean_queue:0.8138889074325562
intersection:4, mean_episode_reward:-0.8702778220176697, mean_queue:1.0027778148651123
intersection:5, mean_episode_reward:-0.5580557584762573, mean_queue:0.6361111402511597
intersection:6, mean_episode_reward:-0.6380555629730225, mean_queue:0.699999988079071
intersection:7, mean_episode_reward:-0.3983333706855774, mean_queue:0.49444442987442017
intersection:8, mean_episode_reward:-0.7469443678855896, mean_queue:0.8166666626930237
intersection:9, mean_episode_reward:-0.7202779054641724, mean_queue:0.8083333373069763
intersection:10, mean_episode_reward:-0.5166667103767395, mean_queue:0.5694444179534912
intersection:11, mean_episode_reward:-0.5777778625488281, mean_queue:0.6972222328186035
intersection:12, mean_episode_reward:-0.7808334231376648, mean_queue:0.9027777910232544
intersection:13, mean_episode_reward:-0.6861112117767334, mean_queue:0.8583333492279053
intersection:14, mean_episode_reward:-0.4233333170413971, mean_queue:0.5444444417953491
intersection:15, mean_episode_reward:-0.4266666769981384, mean_queue:0.550000011920929
intersection:16, mean_episode_reward:0.0, mean_queue:0.0
intersection:17, mean_episode_reward:0.0, mean_queue:0.0
intersection:18, mean_episode_reward:0.0, mean_queue:0.0
intersection:19, mean_episode_reward:0.0, mean_queue:0.0
intersection:20, mean_episode_reward:0.0, mean_queue:0.0
intersection:21, mean_episode_reward:0.0, mean_queue:0.0
intersection:22, mean_episode_reward:0.0, mean_queue:0.0
intersection:23, mean_episode_reward:0.0, mean_queue:0.0
intersection:24, mean_episode_reward:0.0, mean_queue:0.0
intersection:25, mean_episode_reward:0.0, mean_queue:0.0
intersection:26, mean_episode_reward:0.0, mean_queue:0.0
intersection:27, mean_episode_reward:0.0, mean_queue:0.0
intersection:28, mean_episode_reward:0.0, mean_queue:0.0
intersection:29, mean_episode_reward:0.0, mean_queue:0.0
intersection:30, mean_episode_reward:0.0, mean_queue:0.0
intersection:31, mean_episode_reward:0.0, mean_queue:0.0
Test step:103/200, travel time :171.72796143250687, rewards:-9.278333875868055, queue:0.33975694444444443, delay:0.02360316382514106, throughput:1452
step:3600/3600, q_loss:0.2363356053829193, rewards:-9.654722764756944, queue:0.35182291666666665, delay:0.02449151939815945, throughput:1454
episode:104/200, real avg travel time:172.6155433287483
intersection:0, mean_episode_reward:-0.7769442200660706, mean_queue:0.8805555701255798
intersection:1, mean_episode_reward:-0.65583336353302, mean_queue:0.7555555701255798
intersection:2, mean_episode_reward:-0.7413888573646545, mean_queue:0.8388888835906982
intersection:3, mean_episode_reward:-0.5791667103767395, mean_queue:0.7250000238418579
intersection:4, mean_episode_reward:-0.8483335971832275, mean_queue:0.9694444537162781
intersection:5, mean_episode_reward:-0.5158334970474243, mean_queue:0.5972222089767456
intersection:6, mean_episode_reward:-0.5575000047683716, mean_queue:0.6388888955116272
intersection:7, mean_episode_reward:-0.32499998807907104, mean_queue:0.40833333134651184
intersection:8, mean_episode_reward:-0.8144443035125732, mean_queue:0.8861111402511597
intersection:9, mean_episode_reward:-0.7452778220176697, mean_queue:0.8222222328186035
intersection:10, mean_episode_reward:-0.5483332872390747, mean_queue:0.6222222447395325
intersection:11, mean_episode_reward:-0.5363888740539551, mean_queue:0.625
intersection:12, mean_episode_reward:-0.6308333277702332, mean_queue:0.730555534362793
intersection:13, mean_episode_reward:-0.5455555319786072, mean_queue:0.7027778029441833
intersection:14, mean_episode_reward:-0.40749993920326233, mean_queue:0.5027777552604675
intersection:15, mean_episode_reward:-0.42638900876045227, mean_queue:0.5527777671813965
intersection:16, mean_episode_reward:0.0, mean_queue:0.0
intersection:17, mean_episode_reward:0.0, mean_queue:0.0
intersection:18, mean_episode_reward:0.0, mean_queue:0.0
intersection:19, mean_episode_reward:0.0, mean_queue:0.0
intersection:20, mean_episode_reward:0.0, mean_queue:0.0
intersection:21, mean_episode_reward:0.0, mean_queue:0.0
intersection:22, mean_episode_reward:0.0, mean_queue:0.0
intersection:23, mean_episode_reward:0.0, mean_queue:0.0
intersection:24, mean_episode_reward:0.0, mean_queue:0.0
intersection:25, mean_episode_reward:0.0, mean_queue:0.0
intersection:26, mean_episode_reward:0.0, mean_queue:0.0
intersection:27, mean_episode_reward:0.0, mean_queue:0.0
intersection:28, mean_episode_reward:0.0, mean_queue:0.0
intersection:29, mean_episode_reward:0.0, mean_queue:0.0
intersection:30, mean_episode_reward:0.0, mean_queue:0.0
intersection:31, mean_episode_reward:0.0, mean_queue:0.0
Test step:104/200, travel time :172.87680660701997, rewards:-9.80472140842014, queue:0.35711805555555554, delay:0.024589811431037056, throughput:1453
step:3600/3600, q_loss:0.23702672123908997, rewards:-9.659444173177084, queue:0.3558159722222222, delay:0.024242544174194337, throughput:1454
episode:105/200, real avg travel time:172.70495185694637
intersection:0, mean_episode_reward:-0.709444522857666, mean_queue:0.8194444179534912
intersection:1, mean_episode_reward:-0.6869444251060486, mean_queue:0.7972221970558167
intersection:2, mean_episode_reward:-0.7227779030799866, mean_queue:0.8222222328186035
intersection:3, mean_episode_reward:-0.5575000047683716, mean_queue:0.6944444179534912
intersection:4, mean_episode_reward:-0.7541666626930237, mean_queue:0.8833333253860474
intersection:5, mean_episode_reward:-0.5588889718055725, mean_queue:0.6305555701255798
intersection:6, mean_episode_reward:-0.5908334255218506, mean_queue:0.6777777671813965
intersection:7, mean_episode_reward:-0.37305551767349243, mean_queue:0.4416666626930237
intersection:8, mean_episode_reward:-0.8333331346511841, mean_queue:0.9416666626930237
intersection:9, mean_episode_reward:-0.6963887810707092, mean_queue:0.7861111164093018
intersection:10, mean_episode_reward:-0.5752776861190796, mean_queue:0.6499999761581421
intersection:11, mean_episode_reward:-0.47972214221954346, mean_queue:0.5861111283302307
intersection:12, mean_episode_reward:-0.6466665267944336, mean_queue:0.7583333253860474
intersection:13, mean_episode_reward:-0.4894443154335022, mean_queue:0.6555555462837219
intersection:14, mean_episode_reward:-0.5049998760223389, mean_queue:0.6166666746139526
intersection:15, mean_episode_reward:-0.47999992966651917, mean_queue:0.625
intersection:16, mean_episode_reward:0.0, mean_queue:0.0
intersection:17, mean_episode_reward:0.0, mean_queue:0.0
intersection:18, mean_episode_reward:0.0, mean_queue:0.0
intersection:19, mean_episode_reward:0.0, mean_queue:0.0
intersection:20, mean_episode_reward:0.0, mean_queue:0.0
intersection:21, mean_episode_reward:0.0, mean_queue:0.0
intersection:22, mean_episode_reward:0.0, mean_queue:0.0
intersection:23, mean_episode_reward:0.0, mean_queue:0.0
intersection:24, mean_episode_reward:0.0, mean_queue:0.0
intersection:25, mean_episode_reward:0.0, mean_queue:0.0
intersection:26, mean_episode_reward:0.0, mean_queue:0.0
intersection:27, mean_episode_reward:0.0, mean_queue:0.0
intersection:28, mean_episode_reward:0.0, mean_queue:0.0
intersection:29, mean_episode_reward:0.0, mean_queue:0.0
intersection:30, mean_episode_reward:0.0, mean_queue:0.0
intersection:31, mean_episode_reward:0.0, mean_queue:0.0
Test step:105/200, travel time :173.06602475928474, rewards:-9.782778591579861, queue:0.35703125, delay:0.024816195170084637, throughput:1454
step:3600/3600, q_loss:0.24464920163154602, rewards:-9.758333333333333, queue:0.35494791666666664, delay:0.024366810586717393, throughput:1453
episode:106/200, real avg travel time:172.91810048176188
intersection:0, mean_episode_reward:-0.6819446086883545, mean_queue:0.769444465637207
intersection:1, mean_episode_reward:-0.6838887929916382, mean_queue:0.7666666507720947
intersection:2, mean_episode_reward:-0.8013886213302612, mean_queue:0.9138888716697693
intersection:3, mean_episode_reward:-0.5855555534362793, mean_queue:0.7277777791023254
intersection:4, mean_episode_reward:-0.7363891005516052, mean_queue:0.8611111044883728
intersection:5, mean_episode_reward:-0.5483331680297852, mean_queue:0.6194444298744202
intersection:6, mean_episode_reward:-0.5347221493721008, mean_queue:0.6111111044883728
intersection:7, mean_episode_reward:-0.3594444692134857, mean_queue:0.4444444477558136
intersection:8, mean_episode_reward:-0.7655553221702576, mean_queue:0.8388888835906982
intersection:9, mean_episode_reward:-0.7675000429153442, mean_queue:0.8805555701255798
intersection:10, mean_episode_reward:-0.46361106634140015, mean_queue:0.5277777910232544
intersection:11, mean_episode_reward:-0.5497223138809204, mean_queue:0.6388888955116272
intersection:12, mean_episode_reward:-0.6863888502120972, mean_queue:0.7916666865348816
intersection:13, mean_episode_reward:-0.7011111974716187, mean_queue:0.8527777791023254
intersection:14, mean_episode_reward:-0.3999999165534973, mean_queue:0.49444442987442017
intersection:15, mean_episode_reward:-0.49277785420417786, mean_queue:0.6194444298744202
intersection:16, mean_episode_reward:0.0, mean_queue:0.0
intersection:17, mean_episode_reward:0.0, mean_queue:0.0
intersection:18, mean_episode_reward:0.0, mean_queue:0.0
intersection:19, mean_episode_reward:0.0, mean_queue:0.0
intersection:20, mean_episode_reward:0.0, mean_queue:0.0
intersection:21, mean_episode_reward:0.0, mean_queue:0.0
intersection:22, mean_episode_reward:0.0, mean_queue:0.0
intersection:23, mean_episode_reward:0.0, mean_queue:0.0
intersection:24, mean_episode_reward:0.0, mean_queue:0.0
intersection:25, mean_episode_reward:0.0, mean_queue:0.0
intersection:26, mean_episode_reward:0.0, mean_queue:0.0
intersection:27, mean_episode_reward:0.0, mean_queue:0.0
intersection:28, mean_episode_reward:0.0, mean_queue:0.0
intersection:29, mean_episode_reward:0.0, mean_queue:0.0
intersection:30, mean_episode_reward:0.0, mean_queue:0.0
intersection:31, mean_episode_reward:0.0, mean_queue:0.0
Test step:106/200, travel time :172.6127922971114, rewards:-9.806111653645834, queue:0.35694444444444445, delay:0.02427603668636746, throughput:1454
step:3600/3600, q_loss:0.23492205142974854, rewards:-9.853333875868056, queue:0.35920138888888886, delay:0.025108824835883246, throughput:1451
episode:107/200, real avg travel time:173.21088904203998
intersection:0, mean_episode_reward:-0.7194444537162781, mean_queue:0.8305555582046509
intersection:1, mean_episode_reward:-0.6655555963516235, mean_queue:0.7527777552604675
intersection:2, mean_episode_reward:-0.7841665744781494, mean_queue:0.8805555701255798
intersection:3, mean_episode_reward:-0.6419443488121033, mean_queue:0.7749999761581421
intersection:4, mean_episode_reward:-0.6872221827507019, mean_queue:0.7972221970558167
intersection:5, mean_episode_reward:-0.4852776825428009, mean_queue:0.5666666626930237
intersection:6, mean_episode_reward:-0.5433333516120911, mean_queue:0.6166666746139526
intersection:7, mean_episode_reward:-0.440000057220459, mean_queue:0.5333333611488342
intersection:8, mean_episode_reward:-0.7458333373069763, mean_queue:0.8277778029441833
intersection:9, mean_episode_reward:-0.7500000596046448, mean_queue:0.7916666865348816
intersection:10, mean_episode_reward:-0.5922221541404724, mean_queue:0.675000011920929
intersection:11, mean_episode_reward:-0.6155556440353394, mean_queue:0.730555534362793
intersection:12, mean_episode_reward:-0.6752777695655823, mean_queue:0.800000011920929
intersection:13, mean_episode_reward:-0.6672222018241882, mean_queue:0.8194444179534912
intersection:14, mean_episode_reward:-0.3847222626209259, mean_queue:0.5138888955116272
intersection:15, mean_episode_reward:-0.45555558800697327, mean_queue:0.5833333134651184
intersection:16, mean_episode_reward:0.0, mean_queue:0.0
intersection:17, mean_episode_reward:0.0, mean_queue:0.0
intersection:18, mean_episode_reward:0.0, mean_queue:0.0
intersection:19, mean_episode_reward:0.0, mean_queue:0.0
intersection:20, mean_episode_reward:0.0, mean_queue:0.0
intersection:21, mean_episode_reward:0.0, mean_queue:0.0
intersection:22, mean_episode_reward:0.0, mean_queue:0.0
intersection:23, mean_episode_reward:0.0, mean_queue:0.0
intersection:24, mean_episode_reward:0.0, mean_queue:0.0
intersection:25, mean_episode_reward:0.0, mean_queue:0.0
intersection:26, mean_episode_reward:0.0, mean_queue:0.0
intersection:27, mean_episode_reward:0.0, mean_queue:0.0
intersection:28, mean_episode_reward:0.0, mean_queue:0.0
intersection:29, mean_episode_reward:0.0, mean_queue:0.0
intersection:30, mean_episode_reward:0.0, mean_queue:0.0
intersection:31, mean_episode_reward:0.0, mean_queue:0.0
Test step:107/200, travel time :172.72283356258598, rewards:-9.767499457465277, queue:0.35772569444444446, delay:0.024457833502027723, throughput:1454
step:3600/3600, q_loss:0.23709072172641754, rewards:-10.109998914930555, queue:0.3668402777777778, delay:0.024872883160909017, throughput:1452
episode:108/200, real avg travel time:173.56955922865015
intersection:0, mean_episode_reward:-0.7630555033683777, mean_queue:0.8722222447395325
intersection:1, mean_episode_reward:-0.7044445276260376, mean_queue:0.7972221970558167
intersection:2, mean_episode_reward:-0.8222224116325378, mean_queue:0.9305555820465088
intersection:3, mean_episode_reward:-0.6994443535804749, mean_queue:0.8305555582046509
intersection:4, mean_episode_reward:-0.707222044467926, mean_queue:0.8472222089767456
intersection:5, mean_episode_reward:-0.576666533946991, mean_queue:0.6527777910232544
intersection:6, mean_episode_reward:-0.5719443559646606, mean_queue:0.644444465637207
intersection:7, mean_episode_reward:-0.4463888704776764, mean_queue:0.5527777671813965
intersection:8, mean_episode_reward:-0.834166407585144, mean_queue:0.9166666865348816
intersection:9, mean_episode_reward:-0.6811111569404602, mean_queue:0.7833333611488342
intersection:10, mean_episode_reward:-0.5058332681655884, mean_queue:0.5611110925674438
intersection:11, mean_episode_reward:-0.554444432258606, mean_queue:0.6416666507720947
intersection:12, mean_episode_reward:-0.6594443321228027, mean_queue:0.7749999761581421
intersection:13, mean_episode_reward:-0.6050000786781311, mean_queue:0.7472222447395325
intersection:14, mean_episode_reward:-0.472777783870697, mean_queue:0.5555555820465088
intersection:15, mean_episode_reward:-0.5058333277702332, mean_queue:0.6305555701255798
intersection:16, mean_episode_reward:0.0, mean_queue:0.0
intersection:17, mean_episode_reward:0.0, mean_queue:0.0
intersection:18, mean_episode_reward:0.0, mean_queue:0.0
intersection:19, mean_episode_reward:0.0, mean_queue:0.0
intersection:20, mean_episode_reward:0.0, mean_queue:0.0
intersection:21, mean_episode_reward:0.0, mean_queue:0.0
intersection:22, mean_episode_reward:0.0, mean_queue:0.0
intersection:23, mean_episode_reward:0.0, mean_queue:0.0
intersection:24, mean_episode_reward:0.0, mean_queue:0.0
intersection:25, mean_episode_reward:0.0, mean_queue:0.0
intersection:26, mean_episode_reward:0.0, mean_queue:0.0
intersection:27, mean_episode_reward:0.0, mean_queue:0.0
intersection:28, mean_episode_reward:0.0, mean_queue:0.0
intersection:29, mean_episode_reward:0.0, mean_queue:0.0
intersection:30, mean_episode_reward:0.0, mean_queue:0.0
intersection:31, mean_episode_reward:0.0, mean_queue:0.0
Test step:108/200, travel time :172.96627666896077, rewards:-9.936665852864584, queue:0.3615451388888889, delay:0.02469127443101671, throughput:1453
step:3600/3600, q_loss:0.24209992587566376, rewards:-9.897500271267361, queue:0.35946180555555557, delay:0.02467389636569553, throughput:1452
episode:109/200, real avg travel time:172.72727272727272
intersection:0, mean_episode_reward:-0.7141665816307068, mean_queue:0.800000011920929
intersection:1, mean_episode_reward:-0.6547221541404724, mean_queue:0.7527777552604675
intersection:2, mean_episode_reward:-0.7355555891990662, mean_queue:0.8138889074325562
intersection:3, mean_episode_reward:-0.655277669429779, mean_queue:0.8055555820465088
intersection:4, mean_episode_reward:-0.7102778553962708, mean_queue:0.8166666626930237
intersection:5, mean_episode_reward:-0.5158332586288452, mean_queue:0.605555534362793
intersection:6, mean_episode_reward:-0.6013888716697693, mean_queue:0.6833333373069763
intersection:7, mean_episode_reward:-0.44277775287628174, mean_queue:0.5333333611488342
intersection:8, mean_episode_reward:-0.795833170413971, mean_queue:0.8694444298744202
intersection:9, mean_episode_reward:-0.8775001764297485, mean_queue:0.9583333134651184
intersection:10, mean_episode_reward:-0.5133333206176758, mean_queue:0.5833333134651184
intersection:11, mean_episode_reward:-0.48805558681488037, mean_queue:0.5833333134651184
intersection:12, mean_episode_reward:-0.6611111760139465, mean_queue:0.7833333611488342
intersection:13, mean_episode_reward:-0.6508333683013916, mean_queue:0.7972221970558167
intersection:14, mean_episode_reward:-0.49555566906929016, mean_queue:0.6000000238418579
intersection:15, mean_episode_reward:-0.38527780771255493, mean_queue:0.5166666507720947
intersection:16, mean_episode_reward:0.0, mean_queue:0.0
intersection:17, mean_episode_reward:0.0, mean_queue:0.0
intersection:18, mean_episode_reward:0.0, mean_queue:0.0
intersection:19, mean_episode_reward:0.0, mean_queue:0.0
intersection:20, mean_episode_reward:0.0, mean_queue:0.0
intersection:21, mean_episode_reward:0.0, mean_queue:0.0
intersection:22, mean_episode_reward:0.0, mean_queue:0.0
intersection:23, mean_episode_reward:0.0, mean_queue:0.0
intersection:24, mean_episode_reward:0.0, mean_queue:0.0
intersection:25, mean_episode_reward:0.0, mean_queue:0.0
intersection:26, mean_episode_reward:0.0, mean_queue:0.0
intersection:27, mean_episode_reward:0.0, mean_queue:0.0
intersection:28, mean_episode_reward:0.0, mean_queue:0.0
intersection:29, mean_episode_reward:0.0, mean_queue:0.0
intersection:30, mean_episode_reward:0.0, mean_queue:0.0
intersection:31, mean_episode_reward:0.0, mean_queue:0.0
Test step:109/200, travel time :172.6682725395733, rewards:-9.746388075086806, queue:0.35321180555555554, delay:0.02398117913140191, throughput:1453
step:3600/3600, q_loss:0.24129872024059296, rewards:-9.872500271267361, queue:0.3590277777777778, delay:0.024387084113226997, throughput:1454
episode:110/200, real avg travel time:172.82943603851444
intersection:0, mean_episode_reward:-0.6911113262176514, mean_queue:0.7861111164093018
intersection:1, mean_episode_reward:-0.7408333420753479, mean_queue:0.8083333373069763
intersection:2, mean_episode_reward:-0.8180558681488037, mean_queue:0.9472222328186035
intersection:3, mean_episode_reward:-0.5908334255218506, mean_queue:0.7388888597488403
intersection:4, mean_episode_reward:-0.7533332705497742, mean_queue:0.8472222089767456
intersection:5, mean_episode_reward:-0.5938888788223267, mean_queue:0.6944444179534912
intersection:6, mean_episode_reward:-0.5613886713981628, mean_queue:0.6305555701255798
intersection:7, mean_episode_reward:-0.400833398103714, mean_queue:0.49444442987442017
intersection:8, mean_episode_reward:-0.7041665315628052, mean_queue:0.7805555462837219
intersection:9, mean_episode_reward:-0.766666829586029, mean_queue:0.8388888835906982
intersection:10, mean_episode_reward:-0.6074998378753662, mean_queue:0.6805555820465088
intersection:11, mean_episode_reward:-0.4875001311302185, mean_queue:0.5833333134651184
intersection:12, mean_episode_reward:-0.5691666007041931, mean_queue:0.6777777671813965
intersection:13, mean_episode_reward:-0.6186110377311707, mean_queue:0.769444465637207
intersection:14, mean_episode_reward:-0.46749991178512573, mean_queue:0.5666666626930237
intersection:15, mean_episode_reward:-0.5011111497879028, mean_queue:0.644444465637207
intersection:16, mean_episode_reward:0.0, mean_queue:0.0
intersection:17, mean_episode_reward:0.0, mean_queue:0.0
intersection:18, mean_episode_reward:0.0, mean_queue:0.0
intersection:19, mean_episode_reward:0.0, mean_queue:0.0
intersection:20, mean_episode_reward:0.0, mean_queue:0.0
intersection:21, mean_episode_reward:0.0, mean_queue:0.0
intersection:22, mean_episode_reward:0.0, mean_queue:0.0
intersection:23, mean_episode_reward:0.0, mean_queue:0.0
intersection:24, mean_episode_reward:0.0, mean_queue:0.0
intersection:25, mean_episode_reward:0.0, mean_queue:0.0
intersection:26, mean_episode_reward:0.0, mean_queue:0.0
intersection:27, mean_episode_reward:0.0, mean_queue:0.0
intersection:28, mean_episode_reward:0.0, mean_queue:0.0
intersection:29, mean_episode_reward:0.0, mean_queue:0.0
intersection:30, mean_episode_reward:0.0, mean_queue:0.0
intersection:31, mean_episode_reward:0.0, mean_queue:0.0
Test step:110/200, travel time :172.7159559834938, rewards:-9.755277506510417, queue:0.3525173611111111, delay:0.024578624301486544, throughput:1454
step:3600/3600, q_loss:0.2412591278553009, rewards:-9.79722154405382, queue:0.35572916666666665, delay:0.024206977420383028, throughput:1453
episode:111/200, real avg travel time:172.9139710942877
intersection:0, mean_episode_reward:-0.7083333134651184, mean_queue:0.8222222328186035
intersection:1, mean_episode_reward:-0.5674998760223389, mean_queue:0.6333333253860474
intersection:2, mean_episode_reward:-0.6761109828948975, mean_queue:0.7861111164093018
intersection:3, mean_episode_reward:-0.49083325266838074, mean_queue:0.5972222089767456
intersection:4, mean_episode_reward:-0.7944445013999939, mean_queue:0.9027777910232544
intersection:5, mean_episode_reward:-0.519444465637207, mean_queue:0.5888888835906982
intersection:6, mean_episode_reward:-0.5572222471237183, mean_queue:0.6222222447395325
intersection:7, mean_episode_reward:-0.4480556547641754, mean_queue:0.5527777671813965
intersection:8, mean_episode_reward:-0.7813885807991028, mean_queue:0.8583333492279053
intersection:9, mean_episode_reward:-0.8533332943916321, mean_queue:0.925000011920929
intersection:10, mean_episode_reward:-0.5419443249702454, mean_queue:0.625
intersection:11, mean_episode_reward:-0.5344444513320923, mean_queue:0.6388888955116272
intersection:12, mean_episode_reward:-0.7199999690055847, mean_queue:0.8444444537162781
intersection:13, mean_episode_reward:-0.6716669797897339, mean_queue:0.8388888835906982
intersection:14, mean_episode_reward:-0.47333332896232605, mean_queue:0.574999988079071
intersection:15, mean_episode_reward:-0.4591667056083679, mean_queue:0.5722222328186035
intersection:16, mean_episode_reward:0.0, mean_queue:0.0
intersection:17, mean_episode_reward:0.0, mean_queue:0.0
intersection:18, mean_episode_reward:0.0, mean_queue:0.0
intersection:19, mean_episode_reward:0.0, mean_queue:0.0
intersection:20, mean_episode_reward:0.0, mean_queue:0.0
intersection:21, mean_episode_reward:0.0, mean_queue:0.0
intersection:22, mean_episode_reward:0.0, mean_queue:0.0
intersection:23, mean_episode_reward:0.0, mean_queue:0.0
intersection:24, mean_episode_reward:0.0, mean_queue:0.0
intersection:25, mean_episode_reward:0.0, mean_queue:0.0
intersection:26, mean_episode_reward:0.0, mean_queue:0.0
intersection:27, mean_episode_reward:0.0, mean_queue:0.0
intersection:28, mean_episode_reward:0.0, mean_queue:0.0
intersection:29, mean_episode_reward:0.0, mean_queue:0.0
intersection:30, mean_episode_reward:0.0, mean_queue:0.0
intersection:31, mean_episode_reward:0.0, mean_queue:0.0
Test step:111/200, travel time :171.92635925671024, rewards:-9.370833333333334, queue:0.3421875, delay:0.02358372476365831, throughput:1453
step:3600/3600, q_loss:0.2429206371307373, rewards:-9.626665581597223, queue:0.3506076388888889, delay:0.02398949729071723, throughput:1451
episode:112/200, real avg travel time:172.29703652653342
intersection:0, mean_episode_reward:-0.7627778053283691, mean_queue:0.855555534362793
intersection:1, mean_episode_reward:-0.7277778387069702, mean_queue:0.8138889074325562
intersection:2, mean_episode_reward:-0.7366665601730347, mean_queue:0.8333333134651184
intersection:3, mean_episode_reward:-0.5408334732055664, mean_queue:0.6833333373069763
intersection:4, mean_episode_reward:-0.7177777886390686, mean_queue:0.8611111044883728
intersection:5, mean_episode_reward:-0.5408331751823425, mean_queue:0.605555534362793
intersection:6, mean_episode_reward:-0.46666669845581055, mean_queue:0.5444444417953491
intersection:7, mean_episode_reward:-0.38694435358047485, mean_queue:0.46666666865348816
intersection:8, mean_episode_reward:-0.8580554723739624, mean_queue:0.9277777671813965
intersection:9, mean_episode_reward:-0.7791666388511658, mean_queue:0.8583333492279053
intersection:10, mean_episode_reward:-0.4733331501483917, mean_queue:0.5416666865348816
intersection:11, mean_episode_reward:-0.5949999690055847, mean_queue:0.6944444179534912
intersection:12, mean_episode_reward:-0.6161109805107117, mean_queue:0.7333333492279053
intersection:13, mean_episode_reward:-0.5833333134651184, mean_queue:0.7250000238418579
intersection:14, mean_episode_reward:-0.42888885736465454, mean_queue:0.5361111164093018
intersection:15, mean_episode_reward:-0.4125000834465027, mean_queue:0.5388888716697693
intersection:16, mean_episode_reward:0.0, mean_queue:0.0
intersection:17, mean_episode_reward:0.0, mean_queue:0.0
intersection:18, mean_episode_reward:0.0, mean_queue:0.0
intersection:19, mean_episode_reward:0.0, mean_queue:0.0
intersection:20, mean_episode_reward:0.0, mean_queue:0.0
intersection:21, mean_episode_reward:0.0, mean_queue:0.0
intersection:22, mean_episode_reward:0.0, mean_queue:0.0
intersection:23, mean_episode_reward:0.0, mean_queue:0.0
intersection:24, mean_episode_reward:0.0, mean_queue:0.0
intersection:25, mean_episode_reward:0.0, mean_queue:0.0
intersection:26, mean_episode_reward:0.0, mean_queue:0.0
intersection:27, mean_episode_reward:0.0, mean_queue:0.0
intersection:28, mean_episode_reward:0.0, mean_queue:0.0
intersection:29, mean_episode_reward:0.0, mean_queue:0.0
intersection:30, mean_episode_reward:0.0, mean_queue:0.0
intersection:31, mean_episode_reward:0.0, mean_queue:0.0
Test step:112/200, travel time :171.9910406616127, rewards:-9.296389431423611, queue:0.34140625, delay:0.023709983295864528, throughput:1451
step:3600/3600, q_loss:0.2449527531862259, rewards:-9.511944580078126, queue:0.35008680555555555, delay:0.023976831965976293, throughput:1452
episode:113/200, real avg travel time:172.19903581267218
intersection:0, mean_episode_reward:-0.6944444179534912, mean_queue:0.7972221970558167
intersection:1, mean_episode_reward:-0.7055556774139404, mean_queue:0.8055555820465088
intersection:2, mean_episode_reward:-0.7455555200576782, mean_queue:0.8638888597488403
intersection:3, mean_episode_reward:-0.6194444298744202, mean_queue:0.7722222208976746
intersection:4, mean_episode_reward:-0.7908332943916321, mean_queue:0.9055555462837219
intersection:5, mean_episode_reward:-0.5102777481079102, mean_queue:0.5944444537162781
intersection:6, mean_episode_reward:-0.5477777719497681, mean_queue:0.6305555701255798
intersection:7, mean_episode_reward:-0.4111112058162689, mean_queue:0.5083333253860474
intersection:8, mean_episode_reward:-0.7472221255302429, mean_queue:0.824999988079071
intersection:9, mean_episode_reward:-0.6705555319786072, mean_queue:0.730555534362793
intersection:10, mean_episode_reward:-0.48416662216186523, mean_queue:0.5416666865348816
intersection:11, mean_episode_reward:-0.5980556607246399, mean_queue:0.7111111283302307
intersection:12, mean_episode_reward:-0.6127779483795166, mean_queue:0.7361111044883728
intersection:13, mean_episode_reward:-0.5569445490837097, mean_queue:0.7194444537162781
intersection:14, mean_episode_reward:-0.3627779185771942, mean_queue:0.4694444537162781
intersection:15, mean_episode_reward:-0.45444440841674805, mean_queue:0.5916666388511658
intersection:16, mean_episode_reward:0.0, mean_queue:0.0
intersection:17, mean_episode_reward:0.0, mean_queue:0.0
intersection:18, mean_episode_reward:0.0, mean_queue:0.0
intersection:19, mean_episode_reward:0.0, mean_queue:0.0
intersection:20, mean_episode_reward:0.0, mean_queue:0.0
intersection:21, mean_episode_reward:0.0, mean_queue:0.0
intersection:22, mean_episode_reward:0.0, mean_queue:0.0
intersection:23, mean_episode_reward:0.0, mean_queue:0.0
intersection:24, mean_episode_reward:0.0, mean_queue:0.0
intersection:25, mean_episode_reward:0.0, mean_queue:0.0
intersection:26, mean_episode_reward:0.0, mean_queue:0.0
intersection:27, mean_episode_reward:0.0, mean_queue:0.0
intersection:28, mean_episode_reward:0.0, mean_queue:0.0
intersection:29, mean_episode_reward:0.0, mean_queue:0.0
intersection:30, mean_episode_reward:0.0, mean_queue:0.0
intersection:31, mean_episode_reward:0.0, mean_queue:0.0
Test step:113/200, travel time :172.45385674931129, rewards:-9.57583279079861, queue:0.35, delay:0.024208259582519532, throughput:1452
step:3600/3600, q_loss:0.24688315391540527, rewards:-9.474443901909723, queue:0.34930555555555554, delay:0.023523656527201335, throughput:1452
episode:114/200, real avg travel time:171.98691460055096
intersection:0, mean_episode_reward:-0.7555554509162903, mean_queue:0.8500000238418579
intersection:1, mean_episode_reward:-0.6408333778381348, mean_queue:0.7222222089767456
intersection:2, mean_episode_reward:-0.6966666579246521, mean_queue:0.8083333373069763
intersection:3, mean_episode_reward:-0.5619444251060486, mean_queue:0.6972222328186035
intersection:4, mean_episode_reward:-0.6738888621330261, mean_queue:0.7972221970558167
intersection:5, mean_episode_reward:-0.5155556201934814, mean_queue:0.6027777791023254
intersection:6, mean_episode_reward:-0.4925001263618469, mean_queue:0.5833333134651184
intersection:7, mean_episode_reward:-0.43500009179115295, mean_queue:0.5555555820465088
intersection:8, mean_episode_reward:-0.7094443440437317, mean_queue:0.7916666865348816
intersection:9, mean_episode_reward:-0.7294442653656006, mean_queue:0.824999988079071
intersection:10, mean_episode_reward:-0.6019443273544312, mean_queue:0.6638888716697693
intersection:11, mean_episode_reward:-0.5902777910232544, mean_queue:0.699999988079071
intersection:12, mean_episode_reward:-0.5669443607330322, mean_queue:0.699999988079071
intersection:13, mean_episode_reward:-0.548611044883728, mean_queue:0.6888889074325562
intersection:14, mean_episode_reward:-0.429444283246994, mean_queue:0.5361111164093018
intersection:15, mean_episode_reward:-0.5263890624046326, mean_queue:0.6555555462837219
intersection:16, mean_episode_reward:0.0, mean_queue:0.0
intersection:17, mean_episode_reward:0.0, mean_queue:0.0
intersection:18, mean_episode_reward:0.0, mean_queue:0.0
intersection:19, mean_episode_reward:0.0, mean_queue:0.0
intersection:20, mean_episode_reward:0.0, mean_queue:0.0
intersection:21, mean_episode_reward:0.0, mean_queue:0.0
intersection:22, mean_episode_reward:0.0, mean_queue:0.0
intersection:23, mean_episode_reward:0.0, mean_queue:0.0
intersection:24, mean_episode_reward:0.0, mean_queue:0.0
intersection:25, mean_episode_reward:0.0, mean_queue:0.0
intersection:26, mean_episode_reward:0.0, mean_queue:0.0
intersection:27, mean_episode_reward:0.0, mean_queue:0.0
intersection:28, mean_episode_reward:0.0, mean_queue:0.0
intersection:29, mean_episode_reward:0.0, mean_queue:0.0
intersection:30, mean_episode_reward:0.0, mean_queue:0.0
intersection:31, mean_episode_reward:0.0, mean_queue:0.0
Test step:114/200, travel time :171.6198347107438, rewards:-9.195831976996528, queue:0.3371527777777778, delay:0.023218101925320096, throughput:1452
step:3600/3600, q_loss:0.24089540541172028, rewards:-9.6625, queue:0.3524305555555556, delay:0.02374251153733995, throughput:1453
episode:115/200, real avg travel time:172.20784583620096
intersection:0, mean_episode_reward:-0.753611147403717, mean_queue:0.8416666388511658
intersection:1, mean_episode_reward:-0.6058333516120911, mean_queue:0.6722221970558167
intersection:2, mean_episode_reward:-0.7486110329627991, mean_queue:0.8611111044883728
intersection:3, mean_episode_reward:-0.4855555593967438, mean_queue:0.6305555701255798
intersection:4, mean_episode_reward:-0.788611114025116, mean_queue:0.9138888716697693
intersection:5, mean_episode_reward:-0.5813888311386108, mean_queue:0.6638888716697693
intersection:6, mean_episode_reward:-0.588888943195343, mean_queue:0.6722221970558167
intersection:7, mean_episode_reward:-0.35305553674697876, mean_queue:0.42500001192092896
intersection:8, mean_episode_reward:-0.7624998092651367, mean_queue:0.8500000238418579
intersection:9, mean_episode_reward:-0.7027778029441833, mean_queue:0.7861111164093018
intersection:10, mean_episode_reward:-0.47194430232048035, mean_queue:0.5444444417953491
intersection:11, mean_episode_reward:-0.6586112380027771, mean_queue:0.7555555701255798
intersection:12, mean_episode_reward:-0.5961110591888428, mean_queue:0.7055555582046509
intersection:13, mean_episode_reward:-0.6641666293144226, mean_queue:0.8194444179534912
intersection:14, mean_episode_reward:-0.4055555462837219, mean_queue:0.5055555701255798
intersection:15, mean_episode_reward:-0.4952777326107025, mean_queue:0.6305555701255798
intersection:16, mean_episode_reward:0.0, mean_queue:0.0
intersection:17, mean_episode_reward:0.0, mean_queue:0.0
intersection:18, mean_episode_reward:0.0, mean_queue:0.0
intersection:19, mean_episode_reward:0.0, mean_queue:0.0
intersection:20, mean_episode_reward:0.0, mean_queue:0.0
intersection:21, mean_episode_reward:0.0, mean_queue:0.0
intersection:22, mean_episode_reward:0.0, mean_queue:0.0
intersection:23, mean_episode_reward:0.0, mean_queue:0.0
intersection:24, mean_episode_reward:0.0, mean_queue:0.0
intersection:25, mean_episode_reward:0.0, mean_queue:0.0
intersection:26, mean_episode_reward:0.0, mean_queue:0.0
intersection:27, mean_episode_reward:0.0, mean_queue:0.0
intersection:28, mean_episode_reward:0.0, mean_queue:0.0
intersection:29, mean_episode_reward:0.0, mean_queue:0.0
intersection:30, mean_episode_reward:0.0, mean_queue:0.0
intersection:31, mean_episode_reward:0.0, mean_queue:0.0
Test step:115/200, travel time :172.73002754820936, rewards:-9.74972195095486, queue:0.35598958333333336, delay:0.024168311225043402, throughput:1452
step:3600/3600, q_loss:0.24525560438632965, rewards:-9.955277506510416, queue:0.3625, delay:0.024531968434651694, throughput:1452
episode:116/200, real avg travel time:172.94214876033058
intersection:0, mean_episode_reward:-0.6369443535804749, mean_queue:0.7166666388511658
intersection:1, mean_episode_reward:-0.5805554986000061, mean_queue:0.6777777671813965
intersection:2, mean_episode_reward:-0.6677777171134949, mean_queue:0.7722222208976746
intersection:3, mean_episode_reward:-0.5399999618530273, mean_queue:0.6527777910232544
intersection:4, mean_episode_reward:-0.7936109900474548, mean_queue:0.8972222208976746
intersection:5, mean_episode_reward:-0.5786111354827881, mean_queue:0.6722221970558167
intersection:6, mean_episode_reward:-0.599722146987915, mean_queue:0.7083333134651184
intersection:7, mean_episode_reward:-0.5058334469795227, mean_queue:0.6000000238418579
intersection:8, mean_episode_reward:-0.8411108255386353, mean_queue:0.9055555462837219
intersection:9, mean_episode_reward:-0.7783333659172058, mean_queue:0.855555534362793
intersection:10, mean_episode_reward:-0.6402776837348938, mean_queue:0.7222222089767456
intersection:11, mean_episode_reward:-0.5586111545562744, mean_queue:0.6638888716697693
intersection:12, mean_episode_reward:-0.6458334922790527, mean_queue:0.7722222208976746
intersection:13, mean_episode_reward:-0.6569445133209229, mean_queue:0.8111110925674438
intersection:14, mean_episode_reward:-0.4663888216018677, mean_queue:0.5888888835906982
intersection:15, mean_episode_reward:-0.46472227573394775, mean_queue:0.5833333134651184
intersection:16, mean_episode_reward:0.0, mean_queue:0.0
intersection:17, mean_episode_reward:0.0, mean_queue:0.0
intersection:18, mean_episode_reward:0.0, mean_queue:0.0
intersection:19, mean_episode_reward:0.0, mean_queue:0.0
intersection:20, mean_episode_reward:0.0, mean_queue:0.0
intersection:21, mean_episode_reward:0.0, mean_queue:0.0
intersection:22, mean_episode_reward:0.0, mean_queue:0.0
intersection:23, mean_episode_reward:0.0, mean_queue:0.0
intersection:24, mean_episode_reward:0.0, mean_queue:0.0
intersection:25, mean_episode_reward:0.0, mean_queue:0.0
intersection:26, mean_episode_reward:0.0, mean_queue:0.0
intersection:27, mean_episode_reward:0.0, mean_queue:0.0
intersection:28, mean_episode_reward:0.0, mean_queue:0.0
intersection:29, mean_episode_reward:0.0, mean_queue:0.0
intersection:30, mean_episode_reward:0.0, mean_queue:0.0
intersection:31, mean_episode_reward:0.0, mean_queue:0.0
Test step:116/200, travel time :172.53305785123968, rewards:-9.71861097547743, queue:0.35529513888888886, delay:0.024437570571899415, throughput:1452
step:3600/3600, q_loss:0.24138079583644867, rewards:-9.194166395399305, queue:0.3380208333333333, delay:0.023852343029446072, throughput:1453
episode:117/200, real avg travel time:171.94838265657262
intersection:0, mean_episode_reward:-0.6649998426437378, mean_queue:0.7472222447395325
intersection:1, mean_episode_reward:-0.6427778601646423, mean_queue:0.730555534362793
intersection:2, mean_episode_reward:-0.6869446635246277, mean_queue:0.800000011920929
intersection:3, mean_episode_reward:-0.588888943195343, mean_queue:0.7250000238418579
intersection:4, mean_episode_reward:-0.6805556416511536, mean_queue:0.7916666865348816
intersection:5, mean_episode_reward:-0.508055567741394, mean_queue:0.5916666388511658
intersection:6, mean_episode_reward:-0.5108334422111511, mean_queue:0.6000000238418579
intersection:7, mean_episode_reward:-0.3747222125530243, mean_queue:0.46666666865348816
intersection:8, mean_episode_reward:-0.731666624546051, mean_queue:0.8111110925674438
intersection:9, mean_episode_reward:-0.7341665625572205, mean_queue:0.7833333611488342
intersection:10, mean_episode_reward:-0.5586110353469849, mean_queue:0.6611111164093018
intersection:11, mean_episode_reward:-0.4619445502758026, mean_queue:0.5611110925674438
intersection:12, mean_episode_reward:-0.5838889479637146, mean_queue:0.7138888835906982
intersection:13, mean_episode_reward:-0.5561110973358154, mean_queue:0.6972222328186035
intersection:14, mean_episode_reward:-0.4375, mean_queue:0.5388888716697693
intersection:15, mean_episode_reward:-0.4725000560283661, mean_queue:0.5972222089767456
intersection:16, mean_episode_reward:0.0, mean_queue:0.0
intersection:17, mean_episode_reward:0.0, mean_queue:0.0
intersection:18, mean_episode_reward:0.0, mean_queue:0.0
intersection:19, mean_episode_reward:0.0, mean_queue:0.0
intersection:20, mean_episode_reward:0.0, mean_queue:0.0
intersection:21, mean_episode_reward:0.0, mean_queue:0.0
intersection:22, mean_episode_reward:0.0, mean_queue:0.0
intersection:23, mean_episode_reward:0.0, mean_queue:0.0
intersection:24, mean_episode_reward:0.0, mean_queue:0.0
intersection:25, mean_episode_reward:0.0, mean_queue:0.0
intersection:26, mean_episode_reward:0.0, mean_queue:0.0
intersection:27, mean_episode_reward:0.0, mean_queue:0.0
intersection:28, mean_episode_reward:0.0, mean_queue:0.0
intersection:29, mean_episode_reward:0.0, mean_queue:0.0
intersection:30, mean_episode_reward:0.0, mean_queue:0.0
intersection:31, mean_episode_reward:0.0, mean_queue:0.0
Test step:117/200, travel time :173.54269972451792, rewards:-10.121942816840278, queue:0.3659722222222222, delay:0.02463186581929525, throughput:1452
step:3600/3600, q_loss:0.23757261037826538, rewards:-9.489166937934028, queue:0.3467881944444444, delay:0.024231812689039442, throughput:1452
episode:118/200, real avg travel time:172.48898071625345
intersection:0, mean_episode_reward:-0.6608332991600037, mean_queue:0.7472222447395325
intersection:1, mean_episode_reward:-0.642777681350708, mean_queue:0.7138888835906982
intersection:2, mean_episode_reward:-0.7961110472679138, mean_queue:0.9222221970558167
intersection:3, mean_episode_reward:-0.5927777290344238, mean_queue:0.7416666746139526
intersection:4, mean_episode_reward:-0.7611111998558044, mean_queue:0.8722222447395325
intersection:5, mean_episode_reward:-0.5902777314186096, mean_queue:0.6861110925674438
intersection:6, mean_episode_reward:-0.4786112904548645, mean_queue:0.5555555820465088
intersection:7, mean_episode_reward:-0.41055551171302795, mean_queue:0.5055555701255798
intersection:8, mean_episode_reward:-0.6638889312744141, mean_queue:0.7250000238418579
intersection:9, mean_episode_reward:-0.7544441223144531, mean_queue:0.8166666626930237
intersection:10, mean_episode_reward:-0.48833325505256653, mean_queue:0.5611110925674438
intersection:11, mean_episode_reward:-0.508055567741394, mean_queue:0.6111111044883728
intersection:12, mean_episode_reward:-0.6036112308502197, mean_queue:0.7277777791023254
intersection:13, mean_episode_reward:-0.6519442796707153, mean_queue:0.8027777671813965
intersection:14, mean_episode_reward:-0.40805548429489136, mean_queue:0.5111111402511597
intersection:15, mean_episode_reward:-0.47777795791625977, mean_queue:0.5972222089767456
intersection:16, mean_episode_reward:0.0, mean_queue:0.0
intersection:17, mean_episode_reward:0.0, mean_queue:0.0
intersection:18, mean_episode_reward:0.0, mean_queue:0.0
intersection:19, mean_episode_reward:0.0, mean_queue:0.0
intersection:20, mean_episode_reward:0.0, mean_queue:0.0
intersection:21, mean_episode_reward:0.0, mean_queue:0.0
intersection:22, mean_episode_reward:0.0, mean_queue:0.0
intersection:23, mean_episode_reward:0.0, mean_queue:0.0
intersection:24, mean_episode_reward:0.0, mean_queue:0.0
intersection:25, mean_episode_reward:0.0, mean_queue:0.0
intersection:26, mean_episode_reward:0.0, mean_queue:0.0
intersection:27, mean_episode_reward:0.0, mean_queue:0.0
intersection:28, mean_episode_reward:0.0, mean_queue:0.0
intersection:29, mean_episode_reward:0.0, mean_queue:0.0
intersection:30, mean_episode_reward:0.0, mean_queue:0.0
intersection:31, mean_episode_reward:0.0, mean_queue:0.0
Test step:118/200, travel time :172.4931129476584, rewards:-9.616944037543403, queue:0.35164930555555557, delay:0.024312506781684028, throughput:1452
step:3600/3600, q_loss:0.23340171575546265, rewards:-9.983888753255208, queue:0.3618923611111111, delay:0.024031602011786567, throughput:1451
episode:119/200, real avg travel time:172.75878704341832
intersection:0, mean_episode_reward:-0.8088885545730591, mean_queue:0.894444465637207
intersection:1, mean_episode_reward:-0.6805555820465088, mean_queue:0.7833333611488342
intersection:2, mean_episode_reward:-0.8038889765739441, mean_queue:0.8805555701255798
intersection:3, mean_episode_reward:-0.49333348870277405, mean_queue:0.6194444298744202
intersection:4, mean_episode_reward:-0.7124999761581421, mean_queue:0.8472222089767456
intersection:5, mean_episode_reward:-0.5305555462837219, mean_queue:0.6194444298744202
intersection:6, mean_episode_reward:-0.5466667413711548, mean_queue:0.6111111044883728
intersection:7, mean_episode_reward:-0.45222222805023193, mean_queue:0.5416666865348816
intersection:8, mean_episode_reward:-0.7077777981758118, mean_queue:0.7833333611488342
intersection:9, mean_episode_reward:-0.7508334517478943, mean_queue:0.8277778029441833
intersection:10, mean_episode_reward:-0.4947221875190735, mean_queue:0.5638889074325562
intersection:11, mean_episode_reward:-0.5788890719413757, mean_queue:0.6694444417953491
intersection:12, mean_episode_reward:-0.6430554986000061, mean_queue:0.7527777552604675
intersection:13, mean_episode_reward:-0.690277636051178, mean_queue:0.8500000238418579
intersection:14, mean_episode_reward:-0.6144442558288574, mean_queue:0.7361111044883728
intersection:15, mean_episode_reward:-0.475277841091156, mean_queue:0.6000000238418579
intersection:16, mean_episode_reward:0.0, mean_queue:0.0
intersection:17, mean_episode_reward:0.0, mean_queue:0.0
intersection:18, mean_episode_reward:0.0, mean_queue:0.0
intersection:19, mean_episode_reward:0.0, mean_queue:0.0
intersection:20, mean_episode_reward:0.0, mean_queue:0.0
intersection:21, mean_episode_reward:0.0, mean_queue:0.0
intersection:22, mean_episode_reward:0.0, mean_queue:0.0
intersection:23, mean_episode_reward:0.0, mean_queue:0.0
intersection:24, mean_episode_reward:0.0, mean_queue:0.0
intersection:25, mean_episode_reward:0.0, mean_queue:0.0
intersection:26, mean_episode_reward:0.0, mean_queue:0.0
intersection:27, mean_episode_reward:0.0, mean_queue:0.0
intersection:28, mean_episode_reward:0.0, mean_queue:0.0
intersection:29, mean_episode_reward:0.0, mean_queue:0.0
intersection:30, mean_episode_reward:0.0, mean_queue:0.0
intersection:31, mean_episode_reward:0.0, mean_queue:0.0
Test step:119/200, travel time :172.11095796002758, rewards:-9.469166395399306, queue:0.3484375, delay:0.024416716893513997, throughput:1451
step:3600/3600, q_loss:0.23566101491451263, rewards:-9.386665852864583, queue:0.34296875, delay:0.023656394746568467, throughput:1452
episode:120/200, real avg travel time:171.9504132231405
intersection:0, mean_episode_reward:-0.7311110496520996, mean_queue:0.8083333373069763
intersection:1, mean_episode_reward:-0.6286109685897827, mean_queue:0.7277777791023254
intersection:2, mean_episode_reward:-0.6547224521636963, mean_queue:0.7722222208976746
intersection:3, mean_episode_reward:-0.4599999785423279, mean_queue:0.605555534362793
intersection:4, mean_episode_reward:-0.6597222685813904, mean_queue:0.7805555462837219
intersection:5, mean_episode_reward:-0.5405555963516235, mean_queue:0.6166666746139526
intersection:6, mean_episode_reward:-0.5794443488121033, mean_queue:0.6527777910232544
intersection:7, mean_episode_reward:-0.410277783870697, mean_queue:0.5027777552604675
intersection:8, mean_episode_reward:-0.7936108708381653, mean_queue:0.8638888597488403
intersection:9, mean_episode_reward:-0.7961111068725586, mean_queue:0.8722222447395325
intersection:10, mean_episode_reward:-0.5774999260902405, mean_queue:0.6638888716697693
intersection:11, mean_episode_reward:-0.5566666126251221, mean_queue:0.6472222208976746
intersection:12, mean_episode_reward:-0.621388852596283, mean_queue:0.7250000238418579
intersection:13, mean_episode_reward:-0.5808334350585938, mean_queue:0.7166666388511658
intersection:14, mean_episode_reward:-0.3938888609409332, mean_queue:0.47777777910232544
intersection:15, mean_episode_reward:-0.402222216129303, mean_queue:0.5416666865348816
intersection:16, mean_episode_reward:0.0, mean_queue:0.0
intersection:17, mean_episode_reward:0.0, mean_queue:0.0
intersection:18, mean_episode_reward:0.0, mean_queue:0.0
intersection:19, mean_episode_reward:0.0, mean_queue:0.0
intersection:20, mean_episode_reward:0.0, mean_queue:0.0
intersection:21, mean_episode_reward:0.0, mean_queue:0.0
intersection:22, mean_episode_reward:0.0, mean_queue:0.0
intersection:23, mean_episode_reward:0.0, mean_queue:0.0
intersection:24, mean_episode_reward:0.0, mean_queue:0.0
intersection:25, mean_episode_reward:0.0, mean_queue:0.0
intersection:26, mean_episode_reward:0.0, mean_queue:0.0
intersection:27, mean_episode_reward:0.0, mean_queue:0.0
intersection:28, mean_episode_reward:0.0, mean_queue:0.0
intersection:29, mean_episode_reward:0.0, mean_queue:0.0
intersection:30, mean_episode_reward:0.0, mean_queue:0.0
intersection:31, mean_episode_reward:0.0, mean_queue:0.0
Test step:120/200, travel time :172.20976616231087, rewards:-9.459166124131944, queue:0.34383680555555557, delay:0.023865551418728297, throughput:1454
step:3600/3600, q_loss:0.23660533130168915, rewards:-9.322777642144096, queue:0.34149305555555554, delay:0.023281256357828777, throughput:1452
episode:121/200, real avg travel time:171.70247933884298
intersection:0, mean_episode_reward:-0.7111110091209412, mean_queue:0.824999988079071
intersection:1, mean_episode_reward:-0.589722216129303, mean_queue:0.6777777671813965
intersection:2, mean_episode_reward:-0.6969444751739502, mean_queue:0.8111110925674438
intersection:3, mean_episode_reward:-0.5925000309944153, mean_queue:0.7277777791023254
intersection:4, mean_episode_reward:-0.6611111760139465, mean_queue:0.7666666507720947
intersection:5, mean_episode_reward:-0.5027777552604675, mean_queue:0.5694444179534912
intersection:6, mean_episode_reward:-0.5141667127609253, mean_queue:0.5972222089767456
intersection:7, mean_episode_reward:-0.4555555582046509, mean_queue:0.5527777671813965
intersection:8, mean_episode_reward:-0.6777776479721069, mean_queue:0.7472222447395325
intersection:9, mean_episode_reward:-0.6505556106567383, mean_queue:0.7194444537162781
intersection:10, mean_episode_reward:-0.5772219896316528, mean_queue:0.6305555701255798
intersection:11, mean_episode_reward:-0.5975000262260437, mean_queue:0.7083333134651184
intersection:12, mean_episode_reward:-0.7199999690055847, mean_queue:0.8527777791023254
intersection:13, mean_episode_reward:-0.5847223401069641, mean_queue:0.7250000238418579
intersection:14, mean_episode_reward:-0.4280555248260498, mean_queue:0.5416666865348816
intersection:15, mean_episode_reward:-0.36305558681488037, mean_queue:0.4749999940395355
intersection:16, mean_episode_reward:0.0, mean_queue:0.0
intersection:17, mean_episode_reward:0.0, mean_queue:0.0
intersection:18, mean_episode_reward:0.0, mean_queue:0.0
intersection:19, mean_episode_reward:0.0, mean_queue:0.0
intersection:20, mean_episode_reward:0.0, mean_queue:0.0
intersection:21, mean_episode_reward:0.0, mean_queue:0.0
intersection:22, mean_episode_reward:0.0, mean_queue:0.0
intersection:23, mean_episode_reward:0.0, mean_queue:0.0
intersection:24, mean_episode_reward:0.0, mean_queue:0.0
intersection:25, mean_episode_reward:0.0, mean_queue:0.0
intersection:26, mean_episode_reward:0.0, mean_queue:0.0
intersection:27, mean_episode_reward:0.0, mean_queue:0.0
intersection:28, mean_episode_reward:0.0, mean_queue:0.0
intersection:29, mean_episode_reward:0.0, mean_queue:0.0
intersection:30, mean_episode_reward:0.0, mean_queue:0.0
intersection:31, mean_episode_reward:0.0, mean_queue:0.0
Test step:121/200, travel time :171.50206327372766, rewards:-9.179444715711806, queue:0.33585069444444443, delay:0.023444959852430555, throughput:1454
step:3600/3600, q_loss:0.23677508533000946, rewards:-9.759166124131944, queue:0.3546875, delay:0.02419849501715766, throughput:1452
episode:122/200, real avg travel time:172.65013774104682
intersection:0, mean_episode_reward:-0.7913888692855835, mean_queue:0.8638888597488403
intersection:1, mean_episode_reward:-0.6919444799423218, mean_queue:0.7944444417953491
intersection:2, mean_episode_reward:-0.8294446468353271, mean_queue:0.949999988079071
intersection:3, mean_episode_reward:-0.5497220754623413, mean_queue:0.6611111164093018
intersection:4, mean_episode_reward:-0.7624999284744263, mean_queue:0.8500000238418579
intersection:5, mean_episode_reward:-0.5972220301628113, mean_queue:0.6694444417953491
intersection:6, mean_episode_reward:-0.41972219944000244, mean_queue:0.4888888895511627
intersection:7, mean_episode_reward:-0.39583343267440796, mean_queue:0.47777777910232544
intersection:8, mean_episode_reward:-0.7916665077209473, mean_queue:0.8666666746139526
intersection:9, mean_episode_reward:-0.6455556154251099, mean_queue:0.7250000238418579
intersection:10, mean_episode_reward:-0.45388901233673096, mean_queue:0.5305555462837219
intersection:11, mean_episode_reward:-0.5844445824623108, mean_queue:0.6916666626930237
intersection:12, mean_episode_reward:-0.7030555009841919, mean_queue:0.855555534362793
intersection:13, mean_episode_reward:-0.7074998617172241, mean_queue:0.8444444537162781
intersection:14, mean_episode_reward:-0.39277780055999756, mean_queue:0.5222222208976746
intersection:15, mean_episode_reward:-0.44250014424324036, mean_queue:0.5583333373069763
intersection:16, mean_episode_reward:0.0, mean_queue:0.0
intersection:17, mean_episode_reward:0.0, mean_queue:0.0
intersection:18, mean_episode_reward:0.0, mean_queue:0.0
intersection:19, mean_episode_reward:0.0, mean_queue:0.0
intersection:20, mean_episode_reward:0.0, mean_queue:0.0
intersection:21, mean_episode_reward:0.0, mean_queue:0.0
intersection:22, mean_episode_reward:0.0, mean_queue:0.0
intersection:23, mean_episode_reward:0.0, mean_queue:0.0
intersection:24, mean_episode_reward:0.0, mean_queue:0.0
intersection:25, mean_episode_reward:0.0, mean_queue:0.0
intersection:26, mean_episode_reward:0.0, mean_queue:0.0
intersection:27, mean_episode_reward:0.0, mean_queue:0.0
intersection:28, mean_episode_reward:0.0, mean_queue:0.0
intersection:29, mean_episode_reward:0.0, mean_queue:0.0
intersection:30, mean_episode_reward:0.0, mean_queue:0.0
intersection:31, mean_episode_reward:0.0, mean_queue:0.0
Test step:122/200, travel time :171.75017205781143, rewards:-9.332777235243055, queue:0.3427951388888889, delay:0.023472931649949815, throughput:1453
step:3600/3600, q_loss:0.2326001077890396, rewards:-9.34750027126736, queue:0.3412326388888889, delay:0.023901017506917317, throughput:1453
episode:123/200, real avg travel time:172.07157604955265
intersection:0, mean_episode_reward:-0.648888885974884, mean_queue:0.730555534362793
intersection:1, mean_episode_reward:-0.6363887786865234, mean_queue:0.7388888597488403
intersection:2, mean_episode_reward:-0.6222222447395325, mean_queue:0.7222222089767456
intersection:3, mean_episode_reward:-0.4469444155693054, mean_queue:0.5611110925674438
intersection:4, mean_episode_reward:-0.7277778387069702, mean_queue:0.8222222328186035
intersection:5, mean_episode_reward:-0.549444317817688, mean_queue:0.6138888597488403
intersection:6, mean_episode_reward:-0.5261112451553345, mean_queue:0.6111111044883728
intersection:7, mean_episode_reward:-0.4641667306423187, mean_queue:0.5638889074325562
intersection:8, mean_episode_reward:-0.8905556797981262, mean_queue:0.9777777791023254
intersection:9, mean_episode_reward:-0.6030556559562683, mean_queue:0.699999988079071
intersection:10, mean_episode_reward:-0.49833324551582336, mean_queue:0.5555555820465088
intersection:11, mean_episode_reward:-0.5441668033599854, mean_queue:0.6638888716697693
intersection:12, mean_episode_reward:-0.6994444727897644, mean_queue:0.8194444179534912
intersection:13, mean_episode_reward:-0.6413888931274414, mean_queue:0.7777777910232544
intersection:14, mean_episode_reward:-0.39472225308418274, mean_queue:0.49166667461395264
intersection:15, mean_episode_reward:-0.4538889527320862, mean_queue:0.5694444179534912
intersection:16, mean_episode_reward:0.0, mean_queue:0.0
intersection:17, mean_episode_reward:0.0, mean_queue:0.0
intersection:18, mean_episode_reward:0.0, mean_queue:0.0
intersection:19, mean_episode_reward:0.0, mean_queue:0.0
intersection:20, mean_episode_reward:0.0, mean_queue:0.0
intersection:21, mean_episode_reward:0.0, mean_queue:0.0
intersection:22, mean_episode_reward:0.0, mean_queue:0.0
intersection:23, mean_episode_reward:0.0, mean_queue:0.0
intersection:24, mean_episode_reward:0.0, mean_queue:0.0
intersection:25, mean_episode_reward:0.0, mean_queue:0.0
intersection:26, mean_episode_reward:0.0, mean_queue:0.0
intersection:27, mean_episode_reward:0.0, mean_queue:0.0
intersection:28, mean_episode_reward:0.0, mean_queue:0.0
intersection:29, mean_episode_reward:0.0, mean_queue:0.0
intersection:30, mean_episode_reward:0.0, mean_queue:0.0
intersection:31, mean_episode_reward:0.0, mean_queue:0.0
Test step:123/200, travel time :171.97592847317745, rewards:-9.37388916015625, queue:0.3433159722222222, delay:0.023738993538750544, throughput:1454
step:3600/3600, q_loss:0.23637987673282623, rewards:-9.80249972873264, queue:0.3563368055555556, delay:0.024079762564765083, throughput:1453
episode:124/200, real avg travel time:172.65588437715073
intersection:0, mean_episode_reward:-0.7149999737739563, mean_queue:0.8138889074325562
intersection:1, mean_episode_reward:-0.6108331680297852, mean_queue:0.6888889074325562
intersection:2, mean_episode_reward:-0.8202779293060303, mean_queue:0.9166666865348816
intersection:3, mean_episode_reward:-0.5941667556762695, mean_queue:0.7055555582046509
intersection:4, mean_episode_reward:-0.7708331346511841, mean_queue:0.8722222447395325
intersection:5, mean_episode_reward:-0.4808334410190582, mean_queue:0.574999988079071
intersection:6, mean_episode_reward:-0.5516666769981384, mean_queue:0.6305555701255798
intersection:7, mean_episode_reward:-0.35722222924232483, mean_queue:0.4472222328186035
intersection:8, mean_episode_reward:-0.7308333516120911, mean_queue:0.7972221970558167
intersection:9, mean_episode_reward:-0.8641664385795593, mean_queue:0.9416666626930237
intersection:10, mean_episode_reward:-0.5791666507720947, mean_queue:0.6666666865348816
intersection:11, mean_episode_reward:-0.6094444394111633, mean_queue:0.7111111283302307
intersection:12, mean_episode_reward:-0.5455555319786072, mean_queue:0.675000011920929
intersection:13, mean_episode_reward:-0.5711110234260559, mean_queue:0.6972222328186035
intersection:14, mean_episode_reward:-0.4719443917274475, mean_queue:0.5861111283302307
intersection:15, mean_episode_reward:-0.5294445753097534, mean_queue:0.6777777671813965
intersection:16, mean_episode_reward:0.0, mean_queue:0.0
intersection:17, mean_episode_reward:0.0, mean_queue:0.0
intersection:18, mean_episode_reward:0.0, mean_queue:0.0
intersection:19, mean_episode_reward:0.0, mean_queue:0.0
intersection:20, mean_episode_reward:0.0, mean_queue:0.0
intersection:21, mean_episode_reward:0.0, mean_queue:0.0
intersection:22, mean_episode_reward:0.0, mean_queue:0.0
intersection:23, mean_episode_reward:0.0, mean_queue:0.0
intersection:24, mean_episode_reward:0.0, mean_queue:0.0
intersection:25, mean_episode_reward:0.0, mean_queue:0.0
intersection:26, mean_episode_reward:0.0, mean_queue:0.0
intersection:27, mean_episode_reward:0.0, mean_queue:0.0
intersection:28, mean_episode_reward:0.0, mean_queue:0.0
intersection:29, mean_episode_reward:0.0, mean_queue:0.0
intersection:30, mean_episode_reward:0.0, mean_queue:0.0
intersection:31, mean_episode_reward:0.0, mean_queue:0.0
Test step:124/200, travel time :171.65609924190213, rewards:-9.257776557074653, queue:0.33828125, delay:0.023085906770494248, throughput:1451
step:3600/3600, q_loss:0.2376394420862198, rewards:-9.708331976996528, queue:0.35477430555555556, delay:0.024089198642306856, throughput:1454
episode:125/200, real avg travel time:172.31155433287483
intersection:0, mean_episode_reward:-0.6863886713981628, mean_queue:0.7833333611488342
intersection:1, mean_episode_reward:-0.6716667413711548, mean_queue:0.7416666746139526
intersection:2, mean_episode_reward:-0.7797220945358276, mean_queue:0.9305555820465088
intersection:3, mean_episode_reward:-0.5891667008399963, mean_queue:0.7277777791023254
intersection:4, mean_episode_reward:-0.6180554628372192, mean_queue:0.7361111044883728
intersection:5, mean_episode_reward:-0.538611114025116, mean_queue:0.6083333492279053
intersection:6, mean_episode_reward:-0.5219444036483765, mean_queue:0.5944444537162781
intersection:7, mean_episode_reward:-0.40666663646698, mean_queue:0.5055555701255798
intersection:8, mean_episode_reward:-0.7861107587814331, mean_queue:0.8722222447395325
intersection:9, mean_episode_reward:-0.7827776670455933, mean_queue:0.8444444537162781
intersection:10, mean_episode_reward:-0.5588889718055725, mean_queue:0.6388888955116272
intersection:11, mean_episode_reward:-0.6747223138809204, mean_queue:0.7611111402511597
intersection:12, mean_episode_reward:-0.6436110138893127, mean_queue:0.7722222208976746
intersection:13, mean_episode_reward:-0.5697221755981445, mean_queue:0.730555534362793
intersection:14, mean_episode_reward:-0.425555557012558, mean_queue:0.5249999761581421
intersection:15, mean_episode_reward:-0.45472225546836853, mean_queue:0.5805555582046509
intersection:16, mean_episode_reward:0.0, mean_queue:0.0
intersection:17, mean_episode_reward:0.0, mean_queue:0.0
intersection:18, mean_episode_reward:0.0, mean_queue:0.0
intersection:19, mean_episode_reward:0.0, mean_queue:0.0
intersection:20, mean_episode_reward:0.0, mean_queue:0.0
intersection:21, mean_episode_reward:0.0, mean_queue:0.0
intersection:22, mean_episode_reward:0.0, mean_queue:0.0
intersection:23, mean_episode_reward:0.0, mean_queue:0.0
intersection:24, mean_episode_reward:0.0, mean_queue:0.0
intersection:25, mean_episode_reward:0.0, mean_queue:0.0
intersection:26, mean_episode_reward:0.0, mean_queue:0.0
intersection:27, mean_episode_reward:0.0, mean_queue:0.0
intersection:28, mean_episode_reward:0.0, mean_queue:0.0
intersection:29, mean_episode_reward:0.0, mean_queue:0.0
intersection:30, mean_episode_reward:0.0, mean_queue:0.0
intersection:31, mean_episode_reward:0.0, mean_queue:0.0
Test step:125/200, travel time :171.30323914541697, rewards:-9.255833604600694, queue:0.33967013888888886, delay:0.023388202985127768, throughput:1451
step:3600/3600, q_loss:0.23980960249900818, rewards:-9.699999321831598, queue:0.35381944444444446, delay:0.024448034498426648, throughput:1452
episode:126/200, real avg travel time:172.43870523415978
intersection:0, mean_episode_reward:-0.7772220969200134, mean_queue:0.8666666746139526
intersection:1, mean_episode_reward:-0.6775001287460327, mean_queue:0.7638888955116272
intersection:2, mean_episode_reward:-0.6863887906074524, mean_queue:0.7638888955116272
intersection:3, mean_episode_reward:-0.5958332419395447, mean_queue:0.7277777791023254
intersection:4, mean_episode_reward:-0.8016666769981384, mean_queue:0.925000011920929
intersection:5, mean_episode_reward:-0.5869445204734802, mean_queue:0.6777777671813965
intersection:6, mean_episode_reward:-0.5205556154251099, mean_queue:0.6138888597488403
intersection:7, mean_episode_reward:-0.4044443666934967, mean_queue:0.5166666507720947
intersection:8, mean_episode_reward:-0.8074995279312134, mean_queue:0.8666666746139526
intersection:9, mean_episode_reward:-0.7225000262260437, mean_queue:0.7805555462837219
intersection:10, mean_episode_reward:-0.5877776741981506, mean_queue:0.6527777910232544
intersection:11, mean_episode_reward:-0.5502779483795166, mean_queue:0.6555555462837219
intersection:12, mean_episode_reward:-0.5899999141693115, mean_queue:0.7250000238418579
intersection:13, mean_episode_reward:-0.6116667985916138, mean_queue:0.7527777552604675
intersection:14, mean_episode_reward:-0.3641667366027832, mean_queue:0.47777777910232544
intersection:15, mean_episode_reward:-0.41555553674697876, mean_queue:0.5555555820465088
intersection:16, mean_episode_reward:0.0, mean_queue:0.0
intersection:17, mean_episode_reward:0.0, mean_queue:0.0
intersection:18, mean_episode_reward:0.0, mean_queue:0.0
intersection:19, mean_episode_reward:0.0, mean_queue:0.0
intersection:20, mean_episode_reward:0.0, mean_queue:0.0
intersection:21, mean_episode_reward:0.0, mean_queue:0.0
intersection:22, mean_episode_reward:0.0, mean_queue:0.0
intersection:23, mean_episode_reward:0.0, mean_queue:0.0
intersection:24, mean_episode_reward:0.0, mean_queue:0.0
intersection:25, mean_episode_reward:0.0, mean_queue:0.0
intersection:26, mean_episode_reward:0.0, mean_queue:0.0
intersection:27, mean_episode_reward:0.0, mean_queue:0.0
intersection:28, mean_episode_reward:0.0, mean_queue:0.0
intersection:29, mean_episode_reward:0.0, mean_queue:0.0
intersection:30, mean_episode_reward:0.0, mean_queue:0.0
intersection:31, mean_episode_reward:0.0, mean_queue:0.0
Test step:126/200, travel time :172.48624484181568, rewards:-9.649443901909722, queue:0.3512152777777778, delay:0.023655094040764702, throughput:1454
step:3600/3600, q_loss:0.23788070678710938, rewards:-9.522222222222222, queue:0.346875, delay:0.023959006203545463, throughput:1454
episode:127/200, real avg travel time:172.19119669876204
intersection:0, mean_episode_reward:-0.6511110663414001, mean_queue:0.730555534362793
intersection:1, mean_episode_reward:-0.7086111307144165, mean_queue:0.8027777671813965
intersection:2, mean_episode_reward:-0.7263888716697693, mean_queue:0.8166666626930237
intersection:3, mean_episode_reward:-0.502500057220459, mean_queue:0.6277777552604675
intersection:4, mean_episode_reward:-0.7624999284744263, mean_queue:0.8611111044883728
intersection:5, mean_episode_reward:-0.5713889002799988, mean_queue:0.6583333611488342
intersection:6, mean_episode_reward:-0.4680555462837219, mean_queue:0.5583333373069763
intersection:7, mean_episode_reward:-0.4280554950237274, mean_queue:0.49444442987442017
intersection:8, mean_episode_reward:-0.6588888168334961, mean_queue:0.7416666746139526
intersection:9, mean_episode_reward:-0.6986111402511597, mean_queue:0.7944444417953491
intersection:10, mean_episode_reward:-0.5147221684455872, mean_queue:0.5833333134651184
intersection:11, mean_episode_reward:-0.6983333230018616, mean_queue:0.8277778029441833
intersection:12, mean_episode_reward:-0.5716665983200073, mean_queue:0.675000011920929
intersection:13, mean_episode_reward:-0.590833306312561, mean_queue:0.7194444537162781
intersection:14, mean_episode_reward:-0.4713889956474304, mean_queue:0.5805555582046509
intersection:15, mean_episode_reward:-0.49916669726371765, mean_queue:0.6277777552604675
intersection:16, mean_episode_reward:0.0, mean_queue:0.0
intersection:17, mean_episode_reward:0.0, mean_queue:0.0
intersection:18, mean_episode_reward:0.0, mean_queue:0.0
intersection:19, mean_episode_reward:0.0, mean_queue:0.0
intersection:20, mean_episode_reward:0.0, mean_queue:0.0
intersection:21, mean_episode_reward:0.0, mean_queue:0.0
intersection:22, mean_episode_reward:0.0, mean_queue:0.0
intersection:23, mean_episode_reward:0.0, mean_queue:0.0
intersection:24, mean_episode_reward:0.0, mean_queue:0.0
intersection:25, mean_episode_reward:0.0, mean_queue:0.0
intersection:26, mean_episode_reward:0.0, mean_queue:0.0
intersection:27, mean_episode_reward:0.0, mean_queue:0.0
intersection:28, mean_episode_reward:0.0, mean_queue:0.0
intersection:29, mean_episode_reward:0.0, mean_queue:0.0
intersection:30, mean_episode_reward:0.0, mean_queue:0.0
intersection:31, mean_episode_reward:0.0, mean_queue:0.0
Test step:127/200, travel time :172.28512396694214, rewards:-9.68722195095486, queue:0.3525173611111111, delay:0.024002414279513887, throughput:1452
step:3600/3600, q_loss:0.23448993265628815, rewards:-9.558611382378473, queue:0.3467881944444444, delay:0.024022033479478625, throughput:1451
episode:128/200, real avg travel time:172.11784975878703
intersection:0, mean_episode_reward:-0.714722216129303, mean_queue:0.8055555820465088
intersection:1, mean_episode_reward:-0.670833170413971, mean_queue:0.7583333253860474
intersection:2, mean_episode_reward:-0.7391666173934937, mean_queue:0.8361111283302307
intersection:3, mean_episode_reward:-0.6391667127609253, mean_queue:0.7805555462837219
intersection:4, mean_episode_reward:-0.7163889408111572, mean_queue:0.8083333373069763
intersection:5, mean_episode_reward:-0.594722330570221, mean_queue:0.6805555820465088
intersection:6, mean_episode_reward:-0.5061111450195312, mean_queue:0.5833333134651184
intersection:7, mean_episode_reward:-0.41361114382743835, mean_queue:0.49166667461395264
intersection:8, mean_episode_reward:-0.749444305896759, mean_queue:0.8222222328186035
intersection:9, mean_episode_reward:-0.7152776718139648, mean_queue:0.7861111164093018
intersection:10, mean_episode_reward:-0.48833325505256653, mean_queue:0.5666666626930237
intersection:11, mean_episode_reward:-0.5577778220176697, mean_queue:0.6638888716697693
intersection:12, mean_episode_reward:-0.6202779412269592, mean_queue:0.730555534362793
intersection:13, mean_episode_reward:-0.652499794960022, mean_queue:0.7916666865348816
intersection:14, mean_episode_reward:-0.37666669487953186, mean_queue:0.4611110985279083
intersection:15, mean_episode_reward:-0.40361103415489197, mean_queue:0.5305555462837219
intersection:16, mean_episode_reward:0.0, mean_queue:0.0
intersection:17, mean_episode_reward:0.0, mean_queue:0.0
intersection:18, mean_episode_reward:0.0, mean_queue:0.0
intersection:19, mean_episode_reward:0.0, mean_queue:0.0
intersection:20, mean_episode_reward:0.0, mean_queue:0.0
intersection:21, mean_episode_reward:0.0, mean_queue:0.0
intersection:22, mean_episode_reward:0.0, mean_queue:0.0
intersection:23, mean_episode_reward:0.0, mean_queue:0.0
intersection:24, mean_episode_reward:0.0, mean_queue:0.0
intersection:25, mean_episode_reward:0.0, mean_queue:0.0
intersection:26, mean_episode_reward:0.0, mean_queue:0.0
intersection:27, mean_episode_reward:0.0, mean_queue:0.0
intersection:28, mean_episode_reward:0.0, mean_queue:0.0
intersection:29, mean_episode_reward:0.0, mean_queue:0.0
intersection:30, mean_episode_reward:0.0, mean_queue:0.0
intersection:31, mean_episode_reward:0.0, mean_queue:0.0
Test step:128/200, travel time :172.29525120440468, rewards:-9.603055826822917, queue:0.34791666666666665, delay:0.02382904158698188, throughput:1453
step:3600/3600, q_loss:0.23380020260810852, rewards:-9.791387939453125, queue:0.35651041666666666, delay:0.024105350176493328, throughput:1454
episode:129/200, real avg travel time:172.45942228335625
intersection:0, mean_episode_reward:-0.5583333969116211, mean_queue:0.6472222208976746
intersection:1, mean_episode_reward:-0.6702778339385986, mean_queue:0.7638888955116272
intersection:2, mean_episode_reward:-0.6530555486679077, mean_queue:0.75
intersection:3, mean_episode_reward:-0.5349999070167542, mean_queue:0.644444465637207
intersection:4, mean_episode_reward:-0.6819441318511963, mean_queue:0.7888888716697693
intersection:5, mean_episode_reward:-0.6513887643814087, mean_queue:0.730555534362793
intersection:6, mean_episode_reward:-0.5588887929916382, mean_queue:0.6361111402511597
intersection:7, mean_episode_reward:-0.5102777481079102, mean_queue:0.6194444298744202
intersection:8, mean_episode_reward:-0.8269440531730652, mean_queue:0.8861111402511597
intersection:9, mean_episode_reward:-0.9058332443237305, mean_queue:1.0027778148651123
intersection:10, mean_episode_reward:-0.5747222304344177, mean_queue:0.6527777910232544
intersection:11, mean_episode_reward:-0.5841668248176575, mean_queue:0.7055555582046509
intersection:12, mean_episode_reward:-0.630277693271637, mean_queue:0.7555555701255798
intersection:13, mean_episode_reward:-0.6161112189292908, mean_queue:0.7555555701255798
intersection:14, mean_episode_reward:-0.4133332669734955, mean_queue:0.5249999761581421
intersection:15, mean_episode_reward:-0.42083337903022766, mean_queue:0.5444444417953491
intersection:16, mean_episode_reward:0.0, mean_queue:0.0
intersection:17, mean_episode_reward:0.0, mean_queue:0.0
intersection:18, mean_episode_reward:0.0, mean_queue:0.0
intersection:19, mean_episode_reward:0.0, mean_queue:0.0
intersection:20, mean_episode_reward:0.0, mean_queue:0.0
intersection:21, mean_episode_reward:0.0, mean_queue:0.0
intersection:22, mean_episode_reward:0.0, mean_queue:0.0
intersection:23, mean_episode_reward:0.0, mean_queue:0.0
intersection:24, mean_episode_reward:0.0, mean_queue:0.0
intersection:25, mean_episode_reward:0.0, mean_queue:0.0
intersection:26, mean_episode_reward:0.0, mean_queue:0.0
intersection:27, mean_episode_reward:0.0, mean_queue:0.0
intersection:28, mean_episode_reward:0.0, mean_queue:0.0
intersection:29, mean_episode_reward:0.0, mean_queue:0.0
intersection:30, mean_episode_reward:0.0, mean_queue:0.0
intersection:31, mean_episode_reward:0.0, mean_queue:0.0
Test step:129/200, travel time :172.56228492773573, rewards:-9.622498914930556, queue:0.35086805555555556, delay:0.024315245946248374, throughput:1453
step:3600/3600, q_loss:0.23477941751480103, rewards:-9.770555284288195, queue:0.3575520833333333, delay:0.02405235237545437, throughput:1452
episode:130/200, real avg travel time:172.3422865013774
intersection:0, mean_episode_reward:-0.5502777695655823, mean_queue:0.6305555701255798
intersection:1, mean_episode_reward:-0.5847222805023193, mean_queue:0.675000011920929
intersection:2, mean_episode_reward:-0.6761109232902527, mean_queue:0.8055555820465088
intersection:3, mean_episode_reward:-0.6061110496520996, mean_queue:0.7361111044883728
intersection:4, mean_episode_reward:-0.6555556654930115, mean_queue:0.7388888597488403
intersection:5, mean_episode_reward:-0.5847222805023193, mean_queue:0.675000011920929
intersection:6, mean_episode_reward:-0.5336109399795532, mean_queue:0.5944444537162781
intersection:7, mean_episode_reward:-0.4366666078567505, mean_queue:0.5444444417953491
intersection:8, mean_episode_reward:-0.7883332967758179, mean_queue:0.8611111044883728
intersection:9, mean_episode_reward:-0.8336110711097717, mean_queue:0.925000011920929
intersection:10, mean_episode_reward:-0.6186110377311707, mean_queue:0.7277777791023254
intersection:11, mean_episode_reward:-0.6225000023841858, mean_queue:0.7277777791023254
intersection:12, mean_episode_reward:-0.6541665196418762, mean_queue:0.7888888716697693
intersection:13, mean_episode_reward:-0.7324999570846558, mean_queue:0.8777777552604675
intersection:14, mean_episode_reward:-0.4052777886390686, mean_queue:0.5222222208976746
intersection:15, mean_episode_reward:-0.4877776801586151, mean_queue:0.6111111044883728
intersection:16, mean_episode_reward:0.0, mean_queue:0.0
intersection:17, mean_episode_reward:0.0, mean_queue:0.0
intersection:18, mean_episode_reward:0.0, mean_queue:0.0
intersection:19, mean_episode_reward:0.0, mean_queue:0.0
intersection:20, mean_episode_reward:0.0, mean_queue:0.0
intersection:21, mean_episode_reward:0.0, mean_queue:0.0
intersection:22, mean_episode_reward:0.0, mean_queue:0.0
intersection:23, mean_episode_reward:0.0, mean_queue:0.0
intersection:24, mean_episode_reward:0.0, mean_queue:0.0
intersection:25, mean_episode_reward:0.0, mean_queue:0.0
intersection:26, mean_episode_reward:0.0, mean_queue:0.0
intersection:27, mean_episode_reward:0.0, mean_queue:0.0
intersection:28, mean_episode_reward:0.0, mean_queue:0.0
intersection:29, mean_episode_reward:0.0, mean_queue:0.0
intersection:30, mean_episode_reward:0.0, mean_queue:0.0
intersection:31, mean_episode_reward:0.0, mean_queue:0.0
Test step:130/200, travel time :171.58333333333334, rewards:-9.154166666666667, queue:0.3349826388888889, delay:0.023434461487664118, throughput:1452
step:3600/3600, q_loss:0.22777752578258514, rewards:-9.430832248263888, queue:0.34444444444444444, delay:0.023455784055921768, throughput:1453
episode:131/200, real avg travel time:171.79834824501032
intersection:0, mean_episode_reward:-0.6544443964958191, mean_queue:0.7444444298744202
intersection:1, mean_episode_reward:-0.6197220683097839, mean_queue:0.6888889074325562
intersection:2, mean_episode_reward:-0.7497221231460571, mean_queue:0.8861111402511597
intersection:3, mean_episode_reward:-0.5972222685813904, mean_queue:0.7111111283302307
intersection:4, mean_episode_reward:-0.6694444417953491, mean_queue:0.7777777910232544
intersection:5, mean_episode_reward:-0.46944448351860046, mean_queue:0.5305555462837219
intersection:6, mean_episode_reward:-0.5483332872390747, mean_queue:0.5972222089767456
intersection:7, mean_episode_reward:-0.48944440484046936, mean_queue:0.5916666388511658
intersection:8, mean_episode_reward:-0.7572219967842102, mean_queue:0.824999988079071
intersection:9, mean_episode_reward:-0.647777795791626, mean_queue:0.7472222447395325
intersection:10, mean_episode_reward:-0.506944477558136, mean_queue:0.5694444179534912
intersection:11, mean_episode_reward:-0.602222204208374, mean_queue:0.7222222089767456
intersection:12, mean_episode_reward:-0.6666666269302368, mean_queue:0.7888888716697693
intersection:13, mean_episode_reward:-0.6413888931274414, mean_queue:0.7888888716697693
intersection:14, mean_episode_reward:-0.35972222685813904, mean_queue:0.46388888359069824
intersection:15, mean_episode_reward:-0.4511110186576843, mean_queue:0.5888888835906982
intersection:16, mean_episode_reward:0.0, mean_queue:0.0
intersection:17, mean_episode_reward:0.0, mean_queue:0.0
intersection:18, mean_episode_reward:0.0, mean_queue:0.0
intersection:19, mean_episode_reward:0.0, mean_queue:0.0
intersection:20, mean_episode_reward:0.0, mean_queue:0.0
intersection:21, mean_episode_reward:0.0, mean_queue:0.0
intersection:22, mean_episode_reward:0.0, mean_queue:0.0
intersection:23, mean_episode_reward:0.0, mean_queue:0.0
intersection:24, mean_episode_reward:0.0, mean_queue:0.0
intersection:25, mean_episode_reward:0.0, mean_queue:0.0
intersection:26, mean_episode_reward:0.0, mean_queue:0.0
intersection:27, mean_episode_reward:0.0, mean_queue:0.0
intersection:28, mean_episode_reward:0.0, mean_queue:0.0
intersection:29, mean_episode_reward:0.0, mean_queue:0.0
intersection:30, mean_episode_reward:0.0, mean_queue:0.0
intersection:31, mean_episode_reward:0.0, mean_queue:0.0
Test step:131/200, travel time :171.77272727272728, rewards:-9.24972195095486, queue:0.3386284722222222, delay:0.02362656593322754, throughput:1452
step:3600/3600, q_loss:0.23062796890735626, rewards:-9.45, queue:0.3480902777777778, delay:0.023678032557169597, throughput:1454
episode:132/200, real avg travel time:171.97661623108667
intersection:0, mean_episode_reward:-0.716666579246521, mean_queue:0.8111110925674438
intersection:1, mean_episode_reward:-0.6955556273460388, mean_queue:0.7749999761581421
intersection:2, mean_episode_reward:-0.7169443964958191, mean_queue:0.8416666388511658
intersection:3, mean_episode_reward:-0.4536111652851105, mean_queue:0.5861111283302307
intersection:4, mean_episode_reward:-0.7736111283302307, mean_queue:0.9166666865348816
intersection:5, mean_episode_reward:-0.5383333563804626, mean_queue:0.6277777552604675
intersection:6, mean_episode_reward:-0.44499996304512024, mean_queue:0.5138888955116272
intersection:7, mean_episode_reward:-0.46305564045906067, mean_queue:0.5666666626930237
intersection:8, mean_episode_reward:-0.7186110615730286, mean_queue:0.7888888716697693
intersection:9, mean_episode_reward:-0.6880553960800171, mean_queue:0.7777777910232544
intersection:10, mean_episode_reward:-0.5361109375953674, mean_queue:0.6083333492279053
intersection:11, mean_episode_reward:-0.6127779483795166, mean_queue:0.7166666388511658
intersection:12, mean_episode_reward:-0.6177777647972107, mean_queue:0.75
intersection:13, mean_episode_reward:-0.6975001096725464, mean_queue:0.8500000238418579
intersection:14, mean_episode_reward:-0.4069443643093109, mean_queue:0.5249999761581421
intersection:15, mean_episode_reward:-0.3694444000720978, mean_queue:0.4833333194255829
intersection:16, mean_episode_reward:0.0, mean_queue:0.0
intersection:17, mean_episode_reward:0.0, mean_queue:0.0
intersection:18, mean_episode_reward:0.0, mean_queue:0.0
intersection:19, mean_episode_reward:0.0, mean_queue:0.0
intersection:20, mean_episode_reward:0.0, mean_queue:0.0
intersection:21, mean_episode_reward:0.0, mean_queue:0.0
intersection:22, mean_episode_reward:0.0, mean_queue:0.0
intersection:23, mean_episode_reward:0.0, mean_queue:0.0
intersection:24, mean_episode_reward:0.0, mean_queue:0.0
intersection:25, mean_episode_reward:0.0, mean_queue:0.0
intersection:26, mean_episode_reward:0.0, mean_queue:0.0
intersection:27, mean_episode_reward:0.0, mean_queue:0.0
intersection:28, mean_episode_reward:0.0, mean_queue:0.0
intersection:29, mean_episode_reward:0.0, mean_queue:0.0
intersection:30, mean_episode_reward:0.0, mean_queue:0.0
intersection:31, mean_episode_reward:0.0, mean_queue:0.0
Test step:132/200, travel time :172.45485871812542, rewards:-9.619444444444444, queue:0.3521701388888889, delay:0.024445494016011555, throughput:1451
step:3600/3600, q_loss:0.23209843039512634, rewards:-9.368055555555555, queue:0.3421875, delay:0.024035530620151097, throughput:1451
episode:133/200, real avg travel time:172.1984838042729
intersection:0, mean_episode_reward:-0.5841665267944336, mean_queue:0.6805555820465088
intersection:1, mean_episode_reward:-0.6219445466995239, mean_queue:0.7111111283302307
intersection:2, mean_episode_reward:-0.5808334946632385, mean_queue:0.6888889074325562
intersection:3, mean_episode_reward:-0.49750015139579773, mean_queue:0.6222222447395325
intersection:4, mean_episode_reward:-0.6758333444595337, mean_queue:0.7749999761581421
intersection:5, mean_episode_reward:-0.6286112070083618, mean_queue:0.7138888835906982
intersection:6, mean_episode_reward:-0.5469443798065186, mean_queue:0.6138888597488403
intersection:7, mean_episode_reward:-0.40388891100883484, mean_queue:0.5083333253860474
intersection:8, mean_episode_reward:-0.6605555415153503, mean_queue:0.730555534362793
intersection:9, mean_episode_reward:-0.7372221946716309, mean_queue:0.8111110925674438
intersection:10, mean_episode_reward:-0.5022221207618713, mean_queue:0.5722222328186035
intersection:11, mean_episode_reward:-0.5041664838790894, mean_queue:0.605555534362793
intersection:12, mean_episode_reward:-0.6991665959358215, mean_queue:0.7944444417953491
intersection:13, mean_episode_reward:-0.7744444012641907, mean_queue:0.949999988079071
intersection:14, mean_episode_reward:-0.4177776277065277, mean_queue:0.519444465637207
intersection:15, mean_episode_reward:-0.5327778458595276, mean_queue:0.6527777910232544
intersection:16, mean_episode_reward:0.0, mean_queue:0.0
intersection:17, mean_episode_reward:0.0, mean_queue:0.0
intersection:18, mean_episode_reward:0.0, mean_queue:0.0
intersection:19, mean_episode_reward:0.0, mean_queue:0.0
intersection:20, mean_episode_reward:0.0, mean_queue:0.0
intersection:21, mean_episode_reward:0.0, mean_queue:0.0
intersection:22, mean_episode_reward:0.0, mean_queue:0.0
intersection:23, mean_episode_reward:0.0, mean_queue:0.0
intersection:24, mean_episode_reward:0.0, mean_queue:0.0
intersection:25, mean_episode_reward:0.0, mean_queue:0.0
intersection:26, mean_episode_reward:0.0, mean_queue:0.0
intersection:27, mean_episode_reward:0.0, mean_queue:0.0
intersection:28, mean_episode_reward:0.0, mean_queue:0.0
intersection:29, mean_episode_reward:0.0, mean_queue:0.0
intersection:30, mean_episode_reward:0.0, mean_queue:0.0
intersection:31, mean_episode_reward:0.0, mean_queue:0.0
Test step:133/200, travel time :171.42177808407993, rewards:-9.090277099609375, queue:0.3334201388888889, delay:0.022908332612779407, throughput:1451
step:3600/3600, q_loss:0.23076289892196655, rewards:-9.651944986979167, queue:0.3511284722222222, delay:0.02466588815053304, throughput:1453
episode:134/200, real avg travel time:172.45836200963524
intersection:0, mean_episode_reward:-0.6477777361869812, mean_queue:0.7555555701255798
intersection:1, mean_episode_reward:-0.6041666269302368, mean_queue:0.675000011920929
intersection:2, mean_episode_reward:-0.7016667723655701, mean_queue:0.8027777671813965
intersection:3, mean_episode_reward:-0.5488889217376709, mean_queue:0.6722221970558167
intersection:4, mean_episode_reward:-0.7313889265060425, mean_queue:0.8472222089767456
intersection:5, mean_episode_reward:-0.5338888764381409, mean_queue:0.6000000238418579
intersection:6, mean_episode_reward:-0.46222227811813354, mean_queue:0.5166666507720947
intersection:7, mean_episode_reward:-0.46138885617256165, mean_queue:0.5638889074325562
intersection:8, mean_episode_reward:-0.7208330631256104, mean_queue:0.7888888716697693
intersection:9, mean_episode_reward:-0.7300001382827759, mean_queue:0.8111110925674438
intersection:10, mean_episode_reward:-0.6027777194976807, mean_queue:0.675000011920929
intersection:11, mean_episode_reward:-0.7072222232818604, mean_queue:0.8361111283302307
intersection:12, mean_episode_reward:-0.6580555438995361, mean_queue:0.7722222208976746
intersection:13, mean_episode_reward:-0.6377779841423035, mean_queue:0.800000011920929
intersection:14, mean_episode_reward:-0.37999993562698364, mean_queue:0.4749999940395355
intersection:15, mean_episode_reward:-0.523888885974884, mean_queue:0.644444465637207
intersection:16, mean_episode_reward:0.0, mean_queue:0.0
intersection:17, mean_episode_reward:0.0, mean_queue:0.0
intersection:18, mean_episode_reward:0.0, mean_queue:0.0
intersection:19, mean_episode_reward:0.0, mean_queue:0.0
intersection:20, mean_episode_reward:0.0, mean_queue:0.0
intersection:21, mean_episode_reward:0.0, mean_queue:0.0
intersection:22, mean_episode_reward:0.0, mean_queue:0.0
intersection:23, mean_episode_reward:0.0, mean_queue:0.0
intersection:24, mean_episode_reward:0.0, mean_queue:0.0
intersection:25, mean_episode_reward:0.0, mean_queue:0.0
intersection:26, mean_episode_reward:0.0, mean_queue:0.0
intersection:27, mean_episode_reward:0.0, mean_queue:0.0
intersection:28, mean_episode_reward:0.0, mean_queue:0.0
intersection:29, mean_episode_reward:0.0, mean_queue:0.0
intersection:30, mean_episode_reward:0.0, mean_queue:0.0
intersection:31, mean_episode_reward:0.0, mean_queue:0.0
Test step:134/200, travel time :171.41890959282264, rewards:-9.1375, queue:0.33480902777777777, delay:0.02364534272087945, throughput:1449
step:3600/3600, q_loss:0.237220898270607, rewards:-9.427221001519097, queue:0.3450520833333333, delay:0.023637591467963324, throughput:1452
episode:135/200, real avg travel time:172.20110192837467
intersection:0, mean_episode_reward:-0.611111044883728, mean_queue:0.6972222328186035
intersection:1, mean_episode_reward:-0.6611109375953674, mean_queue:0.7333333492279053
intersection:2, mean_episode_reward:-0.6483332514762878, mean_queue:0.7916666865348816
intersection:3, mean_episode_reward:-0.5477778315544128, mean_queue:0.6777777671813965
intersection:4, mean_episode_reward:-0.7599999904632568, mean_queue:0.8611111044883728
intersection:5, mean_episode_reward:-0.5163889527320862, mean_queue:0.6111111044883728
intersection:6, mean_episode_reward:-0.449444442987442, mean_queue:0.519444465637207
intersection:7, mean_episode_reward:-0.38694441318511963, mean_queue:0.4722222089767456
intersection:8, mean_episode_reward:-0.7824997901916504, mean_queue:0.8444444537162781
intersection:9, mean_episode_reward:-0.6408332586288452, mean_queue:0.7333333492279053
intersection:10, mean_episode_reward:-0.557499885559082, mean_queue:0.6138888597488403
intersection:11, mean_episode_reward:-0.5983332395553589, mean_queue:0.6972222328186035
intersection:12, mean_episode_reward:-0.6747220754623413, mean_queue:0.8055555820465088
intersection:13, mean_episode_reward:-0.6155555844306946, mean_queue:0.75
intersection:14, mean_episode_reward:-0.4249999225139618, mean_queue:0.5361111164093018
intersection:15, mean_episode_reward:-0.551666796207428, mean_queue:0.6972222328186035
intersection:16, mean_episode_reward:0.0, mean_queue:0.0
intersection:17, mean_episode_reward:0.0, mean_queue:0.0
intersection:18, mean_episode_reward:0.0, mean_queue:0.0
intersection:19, mean_episode_reward:0.0, mean_queue:0.0
intersection:20, mean_episode_reward:0.0, mean_queue:0.0
intersection:21, mean_episode_reward:0.0, mean_queue:0.0
intersection:22, mean_episode_reward:0.0, mean_queue:0.0
intersection:23, mean_episode_reward:0.0, mean_queue:0.0
intersection:24, mean_episode_reward:0.0, mean_queue:0.0
intersection:25, mean_episode_reward:0.0, mean_queue:0.0
intersection:26, mean_episode_reward:0.0, mean_queue:0.0
intersection:27, mean_episode_reward:0.0, mean_queue:0.0
intersection:28, mean_episode_reward:0.0, mean_queue:0.0
intersection:29, mean_episode_reward:0.0, mean_queue:0.0
intersection:30, mean_episode_reward:0.0, mean_queue:0.0
intersection:31, mean_episode_reward:0.0, mean_queue:0.0
Test step:135/200, travel time :171.3064738292011, rewards:-9.003055826822917, queue:0.33255208333333336, delay:0.02365332179599338, throughput:1452
step:3600/3600, q_loss:0.23808830976486206, rewards:-9.456665717230903, queue:0.34375, delay:0.023833518558078342, throughput:1453
episode:136/200, real avg travel time:172.0055058499656
intersection:0, mean_episode_reward:-0.8313887715339661, mean_queue:0.9361110925674438
intersection:1, mean_episode_reward:-0.6308332681655884, mean_queue:0.7250000238418579
intersection:2, mean_episode_reward:-0.6200000047683716, mean_queue:0.7111111283302307
intersection:3, mean_episode_reward:-0.616944432258606, mean_queue:0.7388888597488403
intersection:4, mean_episode_reward:-0.7072222828865051, mean_queue:0.8333333134651184
intersection:5, mean_episode_reward:-0.47722217440605164, mean_queue:0.5638889074325562
intersection:6, mean_episode_reward:-0.5419444441795349, mean_queue:0.6000000238418579
intersection:7, mean_episode_reward:-0.3308332860469818, mean_queue:0.42500001192092896
intersection:8, mean_episode_reward:-0.7566663026809692, mean_queue:0.824999988079071
intersection:9, mean_episode_reward:-0.7086110711097717, mean_queue:0.7749999761581421
intersection:10, mean_episode_reward:-0.4866665303707123, mean_queue:0.5583333373069763
intersection:11, mean_episode_reward:-0.5116666555404663, mean_queue:0.5972222089767456
intersection:12, mean_episode_reward:-0.7469444274902344, mean_queue:0.855555534362793
intersection:13, mean_episode_reward:-0.6147221326828003, mean_queue:0.7638888955116272
intersection:14, mean_episode_reward:-0.3777777850627899, mean_queue:0.47777777910232544
intersection:15, mean_episode_reward:-0.4972221851348877, mean_queue:0.6138888597488403
intersection:16, mean_episode_reward:0.0, mean_queue:0.0
intersection:17, mean_episode_reward:0.0, mean_queue:0.0
intersection:18, mean_episode_reward:0.0, mean_queue:0.0
intersection:19, mean_episode_reward:0.0, mean_queue:0.0
intersection:20, mean_episode_reward:0.0, mean_queue:0.0
intersection:21, mean_episode_reward:0.0, mean_queue:0.0
intersection:22, mean_episode_reward:0.0, mean_queue:0.0
intersection:23, mean_episode_reward:0.0, mean_queue:0.0
intersection:24, mean_episode_reward:0.0, mean_queue:0.0
intersection:25, mean_episode_reward:0.0, mean_queue:0.0
intersection:26, mean_episode_reward:0.0, mean_queue:0.0
intersection:27, mean_episode_reward:0.0, mean_queue:0.0
intersection:28, mean_episode_reward:0.0, mean_queue:0.0
intersection:29, mean_episode_reward:0.0, mean_queue:0.0
intersection:30, mean_episode_reward:0.0, mean_queue:0.0
intersection:31, mean_episode_reward:0.0, mean_queue:0.0
Test step:136/200, travel time :171.53236914600552, rewards:-9.246388753255209, queue:0.3377604166666667, delay:0.023046104113260905, throughput:1452
step:3600/3600, q_loss:0.23355574905872345, rewards:-9.57611083984375, queue:0.35208333333333336, delay:0.024203263388739692, throughput:1453
episode:137/200, real avg travel time:172.1844459738472
intersection:0, mean_episode_reward:-0.6505556106567383, mean_queue:0.7444444298744202
intersection:1, mean_episode_reward:-0.7583330869674683, mean_queue:0.8361111283302307
intersection:2, mean_episode_reward:-0.6769444942474365, mean_queue:0.8166666626930237
intersection:3, mean_episode_reward:-0.49333328008651733, mean_queue:0.605555534362793
intersection:4, mean_episode_reward:-0.7405555844306946, mean_queue:0.8527777791023254
intersection:5, mean_episode_reward:-0.5844444036483765, mean_queue:0.6888889074325562
intersection:6, mean_episode_reward:-0.5197222232818604, mean_queue:0.6000000238418579
intersection:7, mean_episode_reward:-0.47638893127441406, mean_queue:0.5888888835906982
intersection:8, mean_episode_reward:-0.71916663646698, mean_queue:0.8055555820465088
intersection:9, mean_episode_reward:-0.7680553793907166, mean_queue:0.8472222089767456
intersection:10, mean_episode_reward:-0.4902777671813965, mean_queue:0.5583333373069763
intersection:11, mean_episode_reward:-0.5247222185134888, mean_queue:0.6583333611488342
intersection:12, mean_episode_reward:-0.5663888454437256, mean_queue:0.675000011920929
intersection:13, mean_episode_reward:-0.5908332467079163, mean_queue:0.7138888835906982
intersection:14, mean_episode_reward:-0.486666738986969, mean_queue:0.605555534362793
intersection:15, mean_episode_reward:-0.529722273349762, mean_queue:0.6694444417953491
intersection:16, mean_episode_reward:0.0, mean_queue:0.0
intersection:17, mean_episode_reward:0.0, mean_queue:0.0
intersection:18, mean_episode_reward:0.0, mean_queue:0.0
intersection:19, mean_episode_reward:0.0, mean_queue:0.0
intersection:20, mean_episode_reward:0.0, mean_queue:0.0
intersection:21, mean_episode_reward:0.0, mean_queue:0.0
intersection:22, mean_episode_reward:0.0, mean_queue:0.0
intersection:23, mean_episode_reward:0.0, mean_queue:0.0
intersection:24, mean_episode_reward:0.0, mean_queue:0.0
intersection:25, mean_episode_reward:0.0, mean_queue:0.0
intersection:26, mean_episode_reward:0.0, mean_queue:0.0
intersection:27, mean_episode_reward:0.0, mean_queue:0.0
intersection:28, mean_episode_reward:0.0, mean_queue:0.0
intersection:29, mean_episode_reward:0.0, mean_queue:0.0
intersection:30, mean_episode_reward:0.0, mean_queue:0.0
intersection:31, mean_episode_reward:0.0, mean_queue:0.0
Test step:137/200, travel time :171.78497587870433, rewards:-9.31222195095486, queue:0.33958333333333335, delay:0.023591828346252442, throughput:1451
step:3600/3600, q_loss:0.23671874403953552, rewards:-9.142222764756944, queue:0.33585069444444443, delay:0.02324617173936632, throughput:1453
episode:138/200, real avg travel time:171.6262904335857
intersection:0, mean_episode_reward:-0.7022222280502319, mean_queue:0.8055555820465088
intersection:1, mean_episode_reward:-0.5555556416511536, mean_queue:0.6583333611488342
intersection:2, mean_episode_reward:-0.6883332133293152, mean_queue:0.8333333134651184
intersection:3, mean_episode_reward:-0.5169445276260376, mean_queue:0.6611111164093018
intersection:4, mean_episode_reward:-0.705833375453949, mean_queue:0.8138889074325562
intersection:5, mean_episode_reward:-0.5458333492279053, mean_queue:0.6166666746139526
intersection:6, mean_episode_reward:-0.5049999952316284, mean_queue:0.5666666626930237
intersection:7, mean_episode_reward:-0.4141666889190674, mean_queue:0.5055555701255798
intersection:8, mean_episode_reward:-0.6983335018157959, mean_queue:0.7666666507720947
intersection:9, mean_episode_reward:-0.8008332848548889, mean_queue:0.8611111044883728
intersection:10, mean_episode_reward:-0.5522221326828003, mean_queue:0.6222222447395325
intersection:11, mean_episode_reward:-0.39722225069999695, mean_queue:0.49444442987442017
intersection:12, mean_episode_reward:-0.6697222590446472, mean_queue:0.769444465637207
intersection:13, mean_episode_reward:-0.54749995470047, mean_queue:0.6888889074325562
intersection:14, mean_episode_reward:-0.38555556535720825, mean_queue:0.5
intersection:15, mean_episode_reward:-0.45694440603256226, mean_queue:0.5833333134651184
intersection:16, mean_episode_reward:0.0, mean_queue:0.0
intersection:17, mean_episode_reward:0.0, mean_queue:0.0
intersection:18, mean_episode_reward:0.0, mean_queue:0.0
intersection:19, mean_episode_reward:0.0, mean_queue:0.0
intersection:20, mean_episode_reward:0.0, mean_queue:0.0
intersection:21, mean_episode_reward:0.0, mean_queue:0.0
intersection:22, mean_episode_reward:0.0, mean_queue:0.0
intersection:23, mean_episode_reward:0.0, mean_queue:0.0
intersection:24, mean_episode_reward:0.0, mean_queue:0.0
intersection:25, mean_episode_reward:0.0, mean_queue:0.0
intersection:26, mean_episode_reward:0.0, mean_queue:0.0
intersection:27, mean_episode_reward:0.0, mean_queue:0.0
intersection:28, mean_episode_reward:0.0, mean_queue:0.0
intersection:29, mean_episode_reward:0.0, mean_queue:0.0
intersection:30, mean_episode_reward:0.0, mean_queue:0.0
intersection:31, mean_episode_reward:0.0, mean_queue:0.0
Test step:138/200, travel time :172.05574673090157, rewards:-9.233333333333333, queue:0.33784722222222224, delay:0.023875713348388672, throughput:1453
step:3600/3600, q_loss:0.23560866713523865, rewards:-9.486388481987847, queue:0.3488715277777778, delay:0.023775590790642634, throughput:1454
episode:139/200, real avg travel time:172.1898211829436
intersection:0, mean_episode_reward:-0.603888750076294, mean_queue:0.7027778029441833
intersection:1, mean_episode_reward:-0.5869444608688354, mean_queue:0.6777777671813965
intersection:2, mean_episode_reward:-0.6766667366027832, mean_queue:0.8194444179534912
intersection:3, mean_episode_reward:-0.47666671872138977, mean_queue:0.5916666388511658
intersection:4, mean_episode_reward:-0.7547224164009094, mean_queue:0.8638888597488403
intersection:5, mean_episode_reward:-0.5463889837265015, mean_queue:0.6333333253860474
intersection:6, mean_episode_reward:-0.5252776741981506, mean_queue:0.5888888835906982
intersection:7, mean_episode_reward:-0.46194446086883545, mean_queue:0.5694444179534912
intersection:8, mean_episode_reward:-0.8383334875106812, mean_queue:0.9277777671813965
intersection:9, mean_episode_reward:-0.7505552768707275, mean_queue:0.8305555582046509
intersection:10, mean_episode_reward:-0.5349999070167542, mean_queue:0.6305555701255798
intersection:11, mean_episode_reward:-0.5536110997200012, mean_queue:0.6583333611488342
intersection:12, mean_episode_reward:-0.7158333659172058, mean_queue:0.8222222328186035
intersection:13, mean_episode_reward:-0.6694443821907043, mean_queue:0.8361111283302307
intersection:14, mean_episode_reward:-0.42388883233070374, mean_queue:0.5249999761581421
intersection:15, mean_episode_reward:-0.36722224950790405, mean_queue:0.4861111044883728
intersection:16, mean_episode_reward:0.0, mean_queue:0.0
intersection:17, mean_episode_reward:0.0, mean_queue:0.0
intersection:18, mean_episode_reward:0.0, mean_queue:0.0
intersection:19, mean_episode_reward:0.0, mean_queue:0.0
intersection:20, mean_episode_reward:0.0, mean_queue:0.0
intersection:21, mean_episode_reward:0.0, mean_queue:0.0
intersection:22, mean_episode_reward:0.0, mean_queue:0.0
intersection:23, mean_episode_reward:0.0, mean_queue:0.0
intersection:24, mean_episode_reward:0.0, mean_queue:0.0
intersection:25, mean_episode_reward:0.0, mean_queue:0.0
intersection:26, mean_episode_reward:0.0, mean_queue:0.0
intersection:27, mean_episode_reward:0.0, mean_queue:0.0
intersection:28, mean_episode_reward:0.0, mean_queue:0.0
intersection:29, mean_episode_reward:0.0, mean_queue:0.0
intersection:30, mean_episode_reward:0.0, mean_queue:0.0
intersection:31, mean_episode_reward:0.0, mean_queue:0.0
Test step:139/200, travel time :171.3328738800827, rewards:-9.176943630642361, queue:0.3371527777777778, delay:0.023159103923373753, throughput:1451
step:3600/3600, q_loss:0.23128187656402588, rewards:-9.81222195095486, queue:0.3550347222222222, delay:0.024418645434909396, throughput:1452
episode:140/200, real avg travel time:172.5957300275482
intersection:0, mean_episode_reward:-0.6358335018157959, mean_queue:0.7222222089767456
intersection:1, mean_episode_reward:-0.7230556011199951, mean_queue:0.8083333373069763
intersection:2, mean_episode_reward:-0.7280555963516235, mean_queue:0.8527777791023254
intersection:3, mean_episode_reward:-0.5369445085525513, mean_queue:0.6555555462837219
intersection:4, mean_episode_reward:-0.7780554890632629, mean_queue:0.8777777552604675
intersection:5, mean_episode_reward:-0.569444477558136, mean_queue:0.6611111164093018
intersection:6, mean_episode_reward:-0.5097223520278931, mean_queue:0.5722222328186035
intersection:7, mean_episode_reward:-0.4266666769981384, mean_queue:0.5222222208976746
intersection:8, mean_episode_reward:-0.7113888263702393, mean_queue:0.7916666865348816
intersection:9, mean_episode_reward:-0.8558332920074463, mean_queue:0.9222221970558167
intersection:10, mean_episode_reward:-0.537222146987915, mean_queue:0.6000000238418579
intersection:11, mean_episode_reward:-0.5594443678855896, mean_queue:0.6555555462837219
intersection:12, mean_episode_reward:-0.699722170829773, mean_queue:0.8083333373069763
intersection:13, mean_episode_reward:-0.6833332180976868, mean_queue:0.8388888835906982
intersection:14, mean_episode_reward:-0.4552777111530304, mean_queue:0.5527777671813965
intersection:15, mean_episode_reward:-0.402222216129303, mean_queue:0.519444465637207
intersection:16, mean_episode_reward:0.0, mean_queue:0.0
intersection:17, mean_episode_reward:0.0, mean_queue:0.0
intersection:18, mean_episode_reward:0.0, mean_queue:0.0
intersection:19, mean_episode_reward:0.0, mean_queue:0.0
intersection:20, mean_episode_reward:0.0, mean_queue:0.0
intersection:21, mean_episode_reward:0.0, mean_queue:0.0
intersection:22, mean_episode_reward:0.0, mean_queue:0.0
intersection:23, mean_episode_reward:0.0, mean_queue:0.0
intersection:24, mean_episode_reward:0.0, mean_queue:0.0
intersection:25, mean_episode_reward:0.0, mean_queue:0.0
intersection:26, mean_episode_reward:0.0, mean_queue:0.0
intersection:27, mean_episode_reward:0.0, mean_queue:0.0
intersection:28, mean_episode_reward:0.0, mean_queue:0.0
intersection:29, mean_episode_reward:0.0, mean_queue:0.0
intersection:30, mean_episode_reward:0.0, mean_queue:0.0
intersection:31, mean_episode_reward:0.0, mean_queue:0.0
Test step:140/200, travel time :171.72727272727272, rewards:-9.31583251953125, queue:0.34210069444444446, delay:0.02340801821814643, throughput:1452
step:3600/3600, q_loss:0.23064476251602173, rewards:-9.733054606119792, queue:0.35546875, delay:0.023884161313374837, throughput:1452
episode:141/200, real avg travel time:172.15151515151516
intersection:0, mean_episode_reward:-0.5986108779907227, mean_queue:0.6888889074325562
intersection:1, mean_episode_reward:-0.6433331966400146, mean_queue:0.7277777791023254
intersection:2, mean_episode_reward:-0.7613888382911682, mean_queue:0.8916666507720947
intersection:3, mean_episode_reward:-0.4855555295944214, mean_queue:0.6277777552604675
intersection:4, mean_episode_reward:-0.5752778053283691, mean_queue:0.6583333611488342
intersection:5, mean_episode_reward:-0.6094444394111633, mean_queue:0.6888889074325562
intersection:6, mean_episode_reward:-0.5608332753181458, mean_queue:0.6388888955116272
intersection:7, mean_episode_reward:-0.47305557131767273, mean_queue:0.5666666626930237
intersection:8, mean_episode_reward:-0.7852775454521179, mean_queue:0.8666666746139526
intersection:9, mean_episode_reward:-0.7958330512046814, mean_queue:0.894444465637207
intersection:10, mean_episode_reward:-0.5683333277702332, mean_queue:0.625
intersection:11, mean_episode_reward:-0.6080555319786072, mean_queue:0.7138888835906982
intersection:12, mean_episode_reward:-0.6766665577888489, mean_queue:0.8111110925674438
intersection:13, mean_episode_reward:-0.5947222113609314, mean_queue:0.7472222447395325
intersection:14, mean_episode_reward:-0.5405555367469788, mean_queue:0.6416666507720947
intersection:15, mean_episode_reward:-0.45611101388931274, mean_queue:0.5861111283302307
intersection:16, mean_episode_reward:0.0, mean_queue:0.0
intersection:17, mean_episode_reward:0.0, mean_queue:0.0
intersection:18, mean_episode_reward:0.0, mean_queue:0.0
intersection:19, mean_episode_reward:0.0, mean_queue:0.0
intersection:20, mean_episode_reward:0.0, mean_queue:0.0
intersection:21, mean_episode_reward:0.0, mean_queue:0.0
intersection:22, mean_episode_reward:0.0, mean_queue:0.0
intersection:23, mean_episode_reward:0.0, mean_queue:0.0
intersection:24, mean_episode_reward:0.0, mean_queue:0.0
intersection:25, mean_episode_reward:0.0, mean_queue:0.0
intersection:26, mean_episode_reward:0.0, mean_queue:0.0
intersection:27, mean_episode_reward:0.0, mean_queue:0.0
intersection:28, mean_episode_reward:0.0, mean_queue:0.0
intersection:29, mean_episode_reward:0.0, mean_queue:0.0
intersection:30, mean_episode_reward:0.0, mean_queue:0.0
intersection:31, mean_episode_reward:0.0, mean_queue:0.0
Test step:141/200, travel time :171.3064738292011, rewards:-9.066666666666666, queue:0.3324652777777778, delay:0.02316669358147515, throughput:1452
step:3600/3600, q_loss:0.23024964332580566, rewards:-9.748888481987848, queue:0.3560763888888889, delay:0.024024539523654513, throughput:1454
episode:142/200, real avg travel time:172.77922971114168
intersection:0, mean_episode_reward:-0.6163888573646545, mean_queue:0.7138888835906982
intersection:1, mean_episode_reward:-0.6116666793823242, mean_queue:0.6972222328186035
intersection:2, mean_episode_reward:-0.8016664385795593, mean_queue:0.9083333611488342
intersection:3, mean_episode_reward:-0.5269443988800049, mean_queue:0.6472222208976746
intersection:4, mean_episode_reward:-0.7558333277702332, mean_queue:0.875
intersection:5, mean_episode_reward:-0.5816665887832642, mean_queue:0.6472222208976746
intersection:6, mean_episode_reward:-0.5599998235702515, mean_queue:0.6472222208976746
intersection:7, mean_episode_reward:-0.4161110818386078, mean_queue:0.5166666507720947
intersection:8, mean_episode_reward:-0.8133333921432495, mean_queue:0.8972222208976746
intersection:9, mean_episode_reward:-0.7855555415153503, mean_queue:0.8777777552604675
intersection:10, mean_episode_reward:-0.5313888788223267, mean_queue:0.605555534362793
intersection:11, mean_episode_reward:-0.505000114440918, mean_queue:0.6194444298744202
intersection:12, mean_episode_reward:-0.6188889145851135, mean_queue:0.730555534362793
intersection:13, mean_episode_reward:-0.6305555105209351, mean_queue:0.7972221970558167
intersection:14, mean_episode_reward:-0.46999990940093994, mean_queue:0.5611110925674438
intersection:15, mean_episode_reward:-0.523888885974884, mean_queue:0.6527777910232544
intersection:16, mean_episode_reward:0.0, mean_queue:0.0
intersection:17, mean_episode_reward:0.0, mean_queue:0.0
intersection:18, mean_episode_reward:0.0, mean_queue:0.0
intersection:19, mean_episode_reward:0.0, mean_queue:0.0
intersection:20, mean_episode_reward:0.0, mean_queue:0.0
intersection:21, mean_episode_reward:0.0, mean_queue:0.0
intersection:22, mean_episode_reward:0.0, mean_queue:0.0
intersection:23, mean_episode_reward:0.0, mean_queue:0.0
intersection:24, mean_episode_reward:0.0, mean_queue:0.0
intersection:25, mean_episode_reward:0.0, mean_queue:0.0
intersection:26, mean_episode_reward:0.0, mean_queue:0.0
intersection:27, mean_episode_reward:0.0, mean_queue:0.0
intersection:28, mean_episode_reward:0.0, mean_queue:0.0
intersection:29, mean_episode_reward:0.0, mean_queue:0.0
intersection:30, mean_episode_reward:0.0, mean_queue:0.0
intersection:31, mean_episode_reward:0.0, mean_queue:0.0
Test step:142/200, travel time :171.9002751031637, rewards:-9.359166124131944, queue:0.34140625, delay:0.023805899090237087, throughput:1454
step:3600/3600, q_loss:0.237205371260643, rewards:-9.535833062065972, queue:0.3484375, delay:0.023672869470384387, throughput:1454
episode:143/200, real avg travel time:172.19532324621733
intersection:0, mean_episode_reward:-0.6369442939758301, mean_queue:0.7194444537162781
intersection:1, mean_episode_reward:-0.620555579662323, mean_queue:0.7250000238418579
intersection:2, mean_episode_reward:-0.6477776765823364, mean_queue:0.7527777552604675
intersection:3, mean_episode_reward:-0.6558333039283752, mean_queue:0.7972221970558167
intersection:4, mean_episode_reward:-0.6383333206176758, mean_queue:0.7250000238418579
intersection:5, mean_episode_reward:-0.5761111974716187, mean_queue:0.6611111164093018
intersection:6, mean_episode_reward:-0.48416659235954285, mean_queue:0.5388888716697693
intersection:7, mean_episode_reward:-0.387777715921402, mean_queue:0.48055556416511536
intersection:8, mean_episode_reward:-0.8869441747665405, mean_queue:0.9527778029441833
intersection:9, mean_episode_reward:-0.7344444990158081, mean_queue:0.8305555582046509
intersection:10, mean_episode_reward:-0.5936108827590942, mean_queue:0.6722221970558167
intersection:11, mean_episode_reward:-0.5638889670372009, mean_queue:0.6805555820465088
intersection:12, mean_episode_reward:-0.618888795375824, mean_queue:0.730555534362793
intersection:13, mean_episode_reward:-0.57527756690979, mean_queue:0.7277777791023254
intersection:14, mean_episode_reward:-0.4419443905353546, mean_queue:0.5583333373069763
intersection:15, mean_episode_reward:-0.4733334481716156, mean_queue:0.5972222089767456
intersection:16, mean_episode_reward:0.0, mean_queue:0.0
intersection:17, mean_episode_reward:0.0, mean_queue:0.0
intersection:18, mean_episode_reward:0.0, mean_queue:0.0
intersection:19, mean_episode_reward:0.0, mean_queue:0.0
intersection:20, mean_episode_reward:0.0, mean_queue:0.0
intersection:21, mean_episode_reward:0.0, mean_queue:0.0
intersection:22, mean_episode_reward:0.0, mean_queue:0.0
intersection:23, mean_episode_reward:0.0, mean_queue:0.0
intersection:24, mean_episode_reward:0.0, mean_queue:0.0
intersection:25, mean_episode_reward:0.0, mean_queue:0.0
intersection:26, mean_episode_reward:0.0, mean_queue:0.0
intersection:27, mean_episode_reward:0.0, mean_queue:0.0
intersection:28, mean_episode_reward:0.0, mean_queue:0.0
intersection:29, mean_episode_reward:0.0, mean_queue:0.0
intersection:30, mean_episode_reward:0.0, mean_queue:0.0
intersection:31, mean_episode_reward:0.0, mean_queue:0.0
Test step:143/200, travel time :171.44146005509643, rewards:-9.156943766276042, queue:0.3365451388888889, delay:0.02341747283935547, throughput:1452
step:3600/3600, q_loss:0.23497702181339264, rewards:-9.912778049045139, queue:0.3620659722222222, delay:0.024841123157077365, throughput:1452
episode:144/200, real avg travel time:173.22107438016528
intersection:0, mean_episode_reward:-0.791666567325592, mean_queue:0.875
intersection:1, mean_episode_reward:-0.6027777194976807, mean_queue:0.699999988079071
intersection:2, mean_episode_reward:-0.7513889670372009, mean_queue:0.8805555701255798
intersection:3, mean_episode_reward:-0.5663888454437256, mean_queue:0.6888889074325562
intersection:4, mean_episode_reward:-0.7955555319786072, mean_queue:0.9027777910232544
intersection:5, mean_episode_reward:-0.535833477973938, mean_queue:0.625
intersection:6, mean_episode_reward:-0.47499996423721313, mean_queue:0.550000011920929
intersection:7, mean_episode_reward:-0.4624999463558197, mean_queue:0.5638889074325562
intersection:8, mean_episode_reward:-0.8622221946716309, mean_queue:0.9555555582046509
intersection:9, mean_episode_reward:-0.9269443154335022, mean_queue:1.005555510520935
intersection:10, mean_episode_reward:-0.632222056388855, mean_queue:0.7083333134651184
intersection:11, mean_episode_reward:-0.5308333039283752, mean_queue:0.6583333611488342
intersection:12, mean_episode_reward:-0.5875001549720764, mean_queue:0.699999988079071
intersection:13, mean_episode_reward:-0.5652778148651123, mean_queue:0.7111111283302307
intersection:14, mean_episode_reward:-0.38749998807907104, mean_queue:0.5138888955116272
intersection:15, mean_episode_reward:-0.4391666054725647, mean_queue:0.5472221970558167
intersection:16, mean_episode_reward:0.0, mean_queue:0.0
intersection:17, mean_episode_reward:0.0, mean_queue:0.0
intersection:18, mean_episode_reward:0.0, mean_queue:0.0
intersection:19, mean_episode_reward:0.0, mean_queue:0.0
intersection:20, mean_episode_reward:0.0, mean_queue:0.0
intersection:21, mean_episode_reward:0.0, mean_queue:0.0
intersection:22, mean_episode_reward:0.0, mean_queue:0.0
intersection:23, mean_episode_reward:0.0, mean_queue:0.0
intersection:24, mean_episode_reward:0.0, mean_queue:0.0
intersection:25, mean_episode_reward:0.0, mean_queue:0.0
intersection:26, mean_episode_reward:0.0, mean_queue:0.0
intersection:27, mean_episode_reward:0.0, mean_queue:0.0
intersection:28, mean_episode_reward:0.0, mean_queue:0.0
intersection:29, mean_episode_reward:0.0, mean_queue:0.0
intersection:30, mean_episode_reward:0.0, mean_queue:0.0
intersection:31, mean_episode_reward:0.0, mean_queue:0.0
Test step:144/200, travel time :171.64831383344804, rewards:-9.223611111111111, queue:0.33914930555555556, delay:0.023827687899271647, throughput:1453
step:3600/3600, q_loss:0.23154231905937195, rewards:-9.993055555555555, queue:0.3623263888888889, delay:0.024787765079074434, throughput:1451
episode:145/200, real avg travel time:172.9524465885596
intersection:0, mean_episode_reward:-0.7477778196334839, mean_queue:0.8472222089767456
intersection:1, mean_episode_reward:-0.8113887310028076, mean_queue:0.8888888955116272
intersection:2, mean_episode_reward:-0.761944591999054, mean_queue:0.8666666746139526
intersection:3, mean_episode_reward:-0.56166672706604, mean_queue:0.7083333134651184
intersection:4, mean_episode_reward:-0.8408331274986267, mean_queue:0.9527778029441833
intersection:5, mean_episode_reward:-0.6100000739097595, mean_queue:0.6944444179534912
intersection:6, mean_episode_reward:-0.48000001907348633, mean_queue:0.5666666626930237
intersection:7, mean_episode_reward:-0.3427778482437134, mean_queue:0.42500001192092896
intersection:8, mean_episode_reward:-0.8602778315544128, mean_queue:0.9527778029441833
intersection:9, mean_episode_reward:-0.6883332133293152, mean_queue:0.7555555701255798
intersection:10, mean_episode_reward:-0.5075002312660217, mean_queue:0.5805555582046509
intersection:11, mean_episode_reward:-0.5394443273544312, mean_queue:0.6388888955116272
intersection:12, mean_episode_reward:-0.7225000262260437, mean_queue:0.8222222328186035
intersection:13, mean_episode_reward:-0.6116666793823242, mean_queue:0.7444444298744202
intersection:14, mean_episode_reward:-0.42361101508140564, mean_queue:0.5611110925674438
intersection:15, mean_episode_reward:-0.48333337903022766, mean_queue:0.5888888835906982
intersection:16, mean_episode_reward:0.0, mean_queue:0.0
intersection:17, mean_episode_reward:0.0, mean_queue:0.0
intersection:18, mean_episode_reward:0.0, mean_queue:0.0
intersection:19, mean_episode_reward:0.0, mean_queue:0.0
intersection:20, mean_episode_reward:0.0, mean_queue:0.0
intersection:21, mean_episode_reward:0.0, mean_queue:0.0
intersection:22, mean_episode_reward:0.0, mean_queue:0.0
intersection:23, mean_episode_reward:0.0, mean_queue:0.0
intersection:24, mean_episode_reward:0.0, mean_queue:0.0
intersection:25, mean_episode_reward:0.0, mean_queue:0.0
intersection:26, mean_episode_reward:0.0, mean_queue:0.0
intersection:27, mean_episode_reward:0.0, mean_queue:0.0
intersection:28, mean_episode_reward:0.0, mean_queue:0.0
intersection:29, mean_episode_reward:0.0, mean_queue:0.0
intersection:30, mean_episode_reward:0.0, mean_queue:0.0
intersection:31, mean_episode_reward:0.0, mean_queue:0.0
Test step:145/200, travel time :171.8493810178817, rewards:-9.358611382378472, queue:0.3424479166666667, delay:0.02355015277862549, throughput:1454
step:3600/3600, q_loss:0.23322054743766785, rewards:-9.403055826822916, queue:0.34600694444444446, delay:0.023942663934495713, throughput:1452
episode:146/200, real avg travel time:172.2004132231405
intersection:0, mean_episode_reward:-0.6816666722297668, mean_queue:0.800000011920929
intersection:1, mean_episode_reward:-0.5794444680213928, mean_queue:0.6583333611488342
intersection:2, mean_episode_reward:-0.6463887691497803, mean_queue:0.7749999761581421
intersection:3, mean_episode_reward:-0.519166886806488, mean_queue:0.6416666507720947
intersection:4, mean_episode_reward:-0.7272223830223083, mean_queue:0.8416666388511658
intersection:5, mean_episode_reward:-0.529166579246521, mean_queue:0.6138888597488403
intersection:6, mean_episode_reward:-0.4899999499320984, mean_queue:0.5611110925674438
intersection:7, mean_episode_reward:-0.4222223162651062, mean_queue:0.49444442987442017
intersection:8, mean_episode_reward:-0.981110692024231, mean_queue:1.0805555582046509
intersection:9, mean_episode_reward:-0.7341665625572205, mean_queue:0.8416666388511658
intersection:10, mean_episode_reward:-0.4052778482437134, mean_queue:0.4722222089767456
intersection:11, mean_episode_reward:-0.617222249507904, mean_queue:0.7416666746139526
intersection:12, mean_episode_reward:-0.6469444632530212, mean_queue:0.7444444298744202
intersection:13, mean_episode_reward:-0.5583332180976868, mean_queue:0.7027778029441833
intersection:14, mean_episode_reward:-0.43250003457069397, mean_queue:0.5444444417953491
intersection:15, mean_episode_reward:-0.4322223365306854, mean_queue:0.5583333373069763
intersection:16, mean_episode_reward:0.0, mean_queue:0.0
intersection:17, mean_episode_reward:0.0, mean_queue:0.0
intersection:18, mean_episode_reward:0.0, mean_queue:0.0
intersection:19, mean_episode_reward:0.0, mean_queue:0.0
intersection:20, mean_episode_reward:0.0, mean_queue:0.0
intersection:21, mean_episode_reward:0.0, mean_queue:0.0
intersection:22, mean_episode_reward:0.0, mean_queue:0.0
intersection:23, mean_episode_reward:0.0, mean_queue:0.0
intersection:24, mean_episode_reward:0.0, mean_queue:0.0
intersection:25, mean_episode_reward:0.0, mean_queue:0.0
intersection:26, mean_episode_reward:0.0, mean_queue:0.0
intersection:27, mean_episode_reward:0.0, mean_queue:0.0
intersection:28, mean_episode_reward:0.0, mean_queue:0.0
intersection:29, mean_episode_reward:0.0, mean_queue:0.0
intersection:30, mean_episode_reward:0.0, mean_queue:0.0
intersection:31, mean_episode_reward:0.0, mean_queue:0.0
Test step:146/200, travel time :171.78541953232462, rewards:-9.27611083984375, queue:0.34131944444444445, delay:0.02370443344116211, throughput:1454
step:3600/3600, q_loss:0.234610915184021, rewards:-9.738888888888889, queue:0.35442708333333334, delay:0.024025985929701062, throughput:1454
episode:147/200, real avg travel time:172.5041265474553
intersection:0, mean_episode_reward:-0.6841665506362915, mean_queue:0.7749999761581421
intersection:1, mean_episode_reward:-0.7041667699813843, mean_queue:0.8083333373069763
intersection:2, mean_episode_reward:-0.7938887476921082, mean_queue:0.9055555462837219
intersection:3, mean_episode_reward:-0.5319443941116333, mean_queue:0.6638888716697693
intersection:4, mean_episode_reward:-0.7836111187934875, mean_queue:0.8999999761581421
intersection:5, mean_episode_reward:-0.6036110520362854, mean_queue:0.6833333373069763
intersection:6, mean_episode_reward:-0.5519444346427917, mean_queue:0.6361111402511597
intersection:7, mean_episode_reward:-0.3038889467716217, mean_queue:0.3916666805744171
intersection:8, mean_episode_reward:-0.7133331894874573, mean_queue:0.7916666865348816
intersection:9, mean_episode_reward:-0.7497223019599915, mean_queue:0.8472222089767456
intersection:10, mean_episode_reward:-0.575833261013031, mean_queue:0.6527777910232544
intersection:11, mean_episode_reward:-0.6380555629730225, mean_queue:0.7361111044883728
intersection:12, mean_episode_reward:-0.5555555820465088, mean_queue:0.6527777910232544
intersection:13, mean_episode_reward:-0.6122223734855652, mean_queue:0.7416666746139526
intersection:14, mean_episode_reward:-0.4350000023841858, mean_queue:0.5472221970558167
intersection:15, mean_episode_reward:-0.501944363117218, mean_queue:0.6083333492279053
intersection:16, mean_episode_reward:0.0, mean_queue:0.0
intersection:17, mean_episode_reward:0.0, mean_queue:0.0
intersection:18, mean_episode_reward:0.0, mean_queue:0.0
intersection:19, mean_episode_reward:0.0, mean_queue:0.0
intersection:20, mean_episode_reward:0.0, mean_queue:0.0
intersection:21, mean_episode_reward:0.0, mean_queue:0.0
intersection:22, mean_episode_reward:0.0, mean_queue:0.0
intersection:23, mean_episode_reward:0.0, mean_queue:0.0
intersection:24, mean_episode_reward:0.0, mean_queue:0.0
intersection:25, mean_episode_reward:0.0, mean_queue:0.0
intersection:26, mean_episode_reward:0.0, mean_queue:0.0
intersection:27, mean_episode_reward:0.0, mean_queue:0.0
intersection:28, mean_episode_reward:0.0, mean_queue:0.0
intersection:29, mean_episode_reward:0.0, mean_queue:0.0
intersection:30, mean_episode_reward:0.0, mean_queue:0.0
intersection:31, mean_episode_reward:0.0, mean_queue:0.0
Test step:147/200, travel time :171.86107290233838, rewards:-9.389165581597222, queue:0.3433159722222222, delay:0.02352250417073568, throughput:1454
step:3600/3600, q_loss:0.23743027448654175, rewards:-9.55, queue:0.3506076388888889, delay:0.023942576514350042, throughput:1454
episode:148/200, real avg travel time:172.0997248968363
intersection:0, mean_episode_reward:-0.7249999046325684, mean_queue:0.8166666626930237
intersection:1, mean_episode_reward:-0.7119446396827698, mean_queue:0.8083333373069763
intersection:2, mean_episode_reward:-0.6883333325386047, mean_queue:0.8194444179534912
intersection:3, mean_episode_reward:-0.5244445204734802, mean_queue:0.6722221970558167
intersection:4, mean_episode_reward:-0.7294446229934692, mean_queue:0.8361111283302307
intersection:5, mean_episode_reward:-0.5936112403869629, mean_queue:0.6916666626930237
intersection:6, mean_episode_reward:-0.5274998545646667, mean_queue:0.6083333492279053
intersection:7, mean_episode_reward:-0.3641666769981384, mean_queue:0.4472222328186035
intersection:8, mean_episode_reward:-0.7744443416595459, mean_queue:0.875
intersection:9, mean_episode_reward:-0.7886112928390503, mean_queue:0.8527777791023254
intersection:10, mean_episode_reward:-0.5155553817749023, mean_queue:0.5805555582046509
intersection:11, mean_episode_reward:-0.5894443988800049, mean_queue:0.6944444179534912
intersection:12, mean_episode_reward:-0.568888783454895, mean_queue:0.675000011920929
intersection:13, mean_episode_reward:-0.5522223114967346, mean_queue:0.7194444537162781
intersection:14, mean_episode_reward:-0.4461110830307007, mean_queue:0.5361111164093018
intersection:15, mean_episode_reward:-0.45027780532836914, mean_queue:0.5861111283302307
intersection:16, mean_episode_reward:0.0, mean_queue:0.0
intersection:17, mean_episode_reward:0.0, mean_queue:0.0
intersection:18, mean_episode_reward:0.0, mean_queue:0.0
intersection:19, mean_episode_reward:0.0, mean_queue:0.0
intersection:20, mean_episode_reward:0.0, mean_queue:0.0
intersection:21, mean_episode_reward:0.0, mean_queue:0.0
intersection:22, mean_episode_reward:0.0, mean_queue:0.0
intersection:23, mean_episode_reward:0.0, mean_queue:0.0
intersection:24, mean_episode_reward:0.0, mean_queue:0.0
intersection:25, mean_episode_reward:0.0, mean_queue:0.0
intersection:26, mean_episode_reward:0.0, mean_queue:0.0
intersection:27, mean_episode_reward:0.0, mean_queue:0.0
intersection:28, mean_episode_reward:0.0, mean_queue:0.0
intersection:29, mean_episode_reward:0.0, mean_queue:0.0
intersection:30, mean_episode_reward:0.0, mean_queue:0.0
intersection:31, mean_episode_reward:0.0, mean_queue:0.0
Test step:148/200, travel time :171.98345968297727, rewards:-9.563334147135416, queue:0.3501736111111111, delay:0.023954574267069498, throughput:1451
step:3600/3600, q_loss:0.24077771604061127, rewards:-9.346944173177084, queue:0.34383680555555557, delay:0.023416487375895183, throughput:1453
episode:149/200, real avg travel time:171.72883688919478
intersection:0, mean_episode_reward:-0.7569442987442017, mean_queue:0.8527777791023254
intersection:1, mean_episode_reward:-0.6527777314186096, mean_queue:0.769444465637207
intersection:2, mean_episode_reward:-0.7294443845748901, mean_queue:0.8277778029441833
intersection:3, mean_episode_reward:-0.4830555021762848, mean_queue:0.605555534362793
intersection:4, mean_episode_reward:-0.7055556178092957, mean_queue:0.8194444179534912
intersection:5, mean_episode_reward:-0.5136110782623291, mean_queue:0.5916666388511658
intersection:6, mean_episode_reward:-0.5463889837265015, mean_queue:0.625
intersection:7, mean_episode_reward:-0.43027788400650024, mean_queue:0.5305555462837219
intersection:8, mean_episode_reward:-0.7241666316986084, mean_queue:0.8027777671813965
intersection:9, mean_episode_reward:-0.7258332371711731, mean_queue:0.8055555820465088
intersection:10, mean_episode_reward:-0.43777769804000854, mean_queue:0.5055555701255798
intersection:11, mean_episode_reward:-0.45333331823349, mean_queue:0.5333333611488342
intersection:12, mean_episode_reward:-0.6430554986000061, mean_queue:0.8027777671813965
intersection:13, mean_episode_reward:-0.6172221899032593, mean_queue:0.7722222208976746
intersection:14, mean_episode_reward:-0.4430555999279022, mean_queue:0.5361111164093018
intersection:15, mean_episode_reward:-0.48444437980651855, mean_queue:0.6222222447395325
intersection:16, mean_episode_reward:0.0, mean_queue:0.0
intersection:17, mean_episode_reward:0.0, mean_queue:0.0
intersection:18, mean_episode_reward:0.0, mean_queue:0.0
intersection:19, mean_episode_reward:0.0, mean_queue:0.0
intersection:20, mean_episode_reward:0.0, mean_queue:0.0
intersection:21, mean_episode_reward:0.0, mean_queue:0.0
intersection:22, mean_episode_reward:0.0, mean_queue:0.0
intersection:23, mean_episode_reward:0.0, mean_queue:0.0
intersection:24, mean_episode_reward:0.0, mean_queue:0.0
intersection:25, mean_episode_reward:0.0, mean_queue:0.0
intersection:26, mean_episode_reward:0.0, mean_queue:0.0
intersection:27, mean_episode_reward:0.0, mean_queue:0.0
intersection:28, mean_episode_reward:0.0, mean_queue:0.0
intersection:29, mean_episode_reward:0.0, mean_queue:0.0
intersection:30, mean_episode_reward:0.0, mean_queue:0.0
intersection:31, mean_episode_reward:0.0, mean_queue:0.0
Test step:149/200, travel time :172.04407713498622, rewards:-9.415833197699653, queue:0.34383680555555557, delay:0.023903200361463758, throughput:1452
step:3600/3600, q_loss:0.24052655696868896, rewards:-10.118887668185764, queue:0.3668402777777778, delay:0.02454282707638211, throughput:1453
episode:150/200, real avg travel time:172.96765313145218
intersection:0, mean_episode_reward:-0.6986109614372253, mean_queue:0.7972221970558167
intersection:1, mean_episode_reward:-0.7016667127609253, mean_queue:0.7777777910232544
intersection:2, mean_episode_reward:-0.7066664695739746, mean_queue:0.7916666865348816
intersection:3, mean_episode_reward:-0.581110954284668, mean_queue:0.7138888835906982
intersection:4, mean_episode_reward:-0.7327775955200195, mean_queue:0.8444444537162781
intersection:5, mean_episode_reward:-0.5505552887916565, mean_queue:0.6305555701255798
intersection:6, mean_episode_reward:-0.5847222805023193, mean_queue:0.6583333611488342
intersection:7, mean_episode_reward:-0.4647221863269806, mean_queue:0.5694444179534912
intersection:8, mean_episode_reward:-0.8199998736381531, mean_queue:0.9083333611488342
intersection:9, mean_episode_reward:-0.8336109519004822, mean_queue:0.9166666865348816
intersection:10, mean_episode_reward:-0.5052777528762817, mean_queue:0.6027777791023254
intersection:11, mean_episode_reward:-0.6063888072967529, mean_queue:0.7055555582046509
intersection:12, mean_episode_reward:-0.5533333420753479, mean_queue:0.6611111164093018
intersection:13, mean_episode_reward:-0.6641666889190674, mean_queue:0.8027777671813965
intersection:14, mean_episode_reward:-0.538611114025116, mean_queue:0.6472222208976746
intersection:15, mean_episode_reward:-0.5766666531562805, mean_queue:0.7111111283302307
intersection:16, mean_episode_reward:0.0, mean_queue:0.0
intersection:17, mean_episode_reward:0.0, mean_queue:0.0
intersection:18, mean_episode_reward:0.0, mean_queue:0.0
intersection:19, mean_episode_reward:0.0, mean_queue:0.0
intersection:20, mean_episode_reward:0.0, mean_queue:0.0
intersection:21, mean_episode_reward:0.0, mean_queue:0.0
intersection:22, mean_episode_reward:0.0, mean_queue:0.0
intersection:23, mean_episode_reward:0.0, mean_queue:0.0
intersection:24, mean_episode_reward:0.0, mean_queue:0.0
intersection:25, mean_episode_reward:0.0, mean_queue:0.0
intersection:26, mean_episode_reward:0.0, mean_queue:0.0
intersection:27, mean_episode_reward:0.0, mean_queue:0.0
intersection:28, mean_episode_reward:0.0, mean_queue:0.0
intersection:29, mean_episode_reward:0.0, mean_queue:0.0
intersection:30, mean_episode_reward:0.0, mean_queue:0.0
intersection:31, mean_episode_reward:0.0, mean_queue:0.0
Test step:150/200, travel time :172.12938747419133, rewards:-9.454444037543404, queue:0.34782986111111114, delay:0.024204529656304253, throughput:1453
step:3600/3600, q_loss:0.24433420598506927, rewards:-9.47861056857639, queue:0.34522569444444445, delay:0.023702836036682128, throughput:1450
episode:151/200, real avg travel time:171.78758620689655
intersection:0, mean_episode_reward:-0.6163889169692993, mean_queue:0.6916666626930237
intersection:1, mean_episode_reward:-0.7183332443237305, mean_queue:0.8055555820465088
intersection:2, mean_episode_reward:-0.7533333897590637, mean_queue:0.8666666746139526
intersection:3, mean_episode_reward:-0.4888889193534851, mean_queue:0.5861111283302307
intersection:4, mean_episode_reward:-0.6869444847106934, mean_queue:0.7944444417953491
intersection:5, mean_episode_reward:-0.5244444012641907, mean_queue:0.5944444537162781
intersection:6, mean_episode_reward:-0.6227777004241943, mean_queue:0.7027778029441833
intersection:7, mean_episode_reward:-0.43222227692604065, mean_queue:0.519444465637207
intersection:8, mean_episode_reward:-0.7797221541404724, mean_queue:0.8583333492279053
intersection:9, mean_episode_reward:-0.6897220015525818, mean_queue:0.769444465637207
intersection:10, mean_episode_reward:-0.5949999690055847, mean_queue:0.6555555462837219
intersection:11, mean_episode_reward:-0.5177777409553528, mean_queue:0.6472222208976746
intersection:12, mean_episode_reward:-0.5755555629730225, mean_queue:0.6916666626930237
intersection:13, mean_episode_reward:-0.6363889575004578, mean_queue:0.7888888716697693
intersection:14, mean_episode_reward:-0.43777766823768616, mean_queue:0.5611110925674438
intersection:15, mean_episode_reward:-0.4033333957195282, mean_queue:0.5138888955116272
intersection:16, mean_episode_reward:0.0, mean_queue:0.0
intersection:17, mean_episode_reward:0.0, mean_queue:0.0
intersection:18, mean_episode_reward:0.0, mean_queue:0.0
intersection:19, mean_episode_reward:0.0, mean_queue:0.0
intersection:20, mean_episode_reward:0.0, mean_queue:0.0
intersection:21, mean_episode_reward:0.0, mean_queue:0.0
intersection:22, mean_episode_reward:0.0, mean_queue:0.0
intersection:23, mean_episode_reward:0.0, mean_queue:0.0
intersection:24, mean_episode_reward:0.0, mean_queue:0.0
intersection:25, mean_episode_reward:0.0, mean_queue:0.0
intersection:26, mean_episode_reward:0.0, mean_queue:0.0
intersection:27, mean_episode_reward:0.0, mean_queue:0.0
intersection:28, mean_episode_reward:0.0, mean_queue:0.0
intersection:29, mean_episode_reward:0.0, mean_queue:0.0
intersection:30, mean_episode_reward:0.0, mean_queue:0.0
intersection:31, mean_episode_reward:0.0, mean_queue:0.0
Test step:151/200, travel time :172.29841488628531, rewards:-9.503888617621527, queue:0.3489583333333333, delay:0.02451699044969347, throughput:1451
step:3600/3600, q_loss:0.2406843602657318, rewards:-9.194166395399305, queue:0.33706597222222223, delay:0.02353214422861735, throughput:1451
episode:152/200, real avg travel time:171.3673328738801
intersection:0, mean_episode_reward:-0.6608332991600037, mean_queue:0.7527777552604675
intersection:1, mean_episode_reward:-0.635833203792572, mean_queue:0.7388888597488403
intersection:2, mean_episode_reward:-0.6847221851348877, mean_queue:0.7972221970558167
intersection:3, mean_episode_reward:-0.5236111283302307, mean_queue:0.644444465637207
intersection:4, mean_episode_reward:-0.7280557155609131, mean_queue:0.8472222089767456
intersection:5, mean_episode_reward:-0.5111109614372253, mean_queue:0.5861111283302307
intersection:6, mean_episode_reward:-0.5052777528762817, mean_queue:0.5611110925674438
intersection:7, mean_episode_reward:-0.39333322644233704, mean_queue:0.4861111044883728
intersection:8, mean_episode_reward:-0.7244443893432617, mean_queue:0.7944444417953491
intersection:9, mean_episode_reward:-0.6816666126251221, mean_queue:0.7194444537162781
intersection:10, mean_episode_reward:-0.5452777147293091, mean_queue:0.644444465637207
intersection:11, mean_episode_reward:-0.5602778196334839, mean_queue:0.6722221970558167
intersection:12, mean_episode_reward:-0.6075000762939453, mean_queue:0.7166666388511658
intersection:13, mean_episode_reward:-0.5688889622688293, mean_queue:0.730555534362793
intersection:14, mean_episode_reward:-0.48166653513908386, mean_queue:0.5972222089767456
intersection:15, mean_episode_reward:-0.3816666007041931, mean_queue:0.4972222149372101
intersection:16, mean_episode_reward:0.0, mean_queue:0.0
intersection:17, mean_episode_reward:0.0, mean_queue:0.0
intersection:18, mean_episode_reward:0.0, mean_queue:0.0
intersection:19, mean_episode_reward:0.0, mean_queue:0.0
intersection:20, mean_episode_reward:0.0, mean_queue:0.0
intersection:21, mean_episode_reward:0.0, mean_queue:0.0
intersection:22, mean_episode_reward:0.0, mean_queue:0.0
intersection:23, mean_episode_reward:0.0, mean_queue:0.0
intersection:24, mean_episode_reward:0.0, mean_queue:0.0
intersection:25, mean_episode_reward:0.0, mean_queue:0.0
intersection:26, mean_episode_reward:0.0, mean_queue:0.0
intersection:27, mean_episode_reward:0.0, mean_queue:0.0
intersection:28, mean_episode_reward:0.0, mean_queue:0.0
intersection:29, mean_episode_reward:0.0, mean_queue:0.0
intersection:30, mean_episode_reward:0.0, mean_queue:0.0
intersection:31, mean_episode_reward:0.0, mean_queue:0.0
Test step:152/200, travel time :171.48005502063273, rewards:-9.015833197699653, queue:0.3314236111111111, delay:0.023453394571940105, throughput:1454
step:3600/3600, q_loss:0.23788833618164062, rewards:-9.741388617621528, queue:0.3542534722222222, delay:0.02415239546034071, throughput:1451
episode:153/200, real avg travel time:172.34941419710543
intersection:0, mean_episode_reward:-0.6794445514678955, mean_queue:0.7749999761581421
intersection:1, mean_episode_reward:-0.7544443607330322, mean_queue:0.8305555582046509
intersection:2, mean_episode_reward:-0.6749997735023499, mean_queue:0.7666666507720947
intersection:3, mean_episode_reward:-0.42611122131347656, mean_queue:0.5249999761581421
intersection:4, mean_episode_reward:-0.6913888454437256, mean_queue:0.7972221970558167
intersection:5, mean_episode_reward:-0.646111249923706, mean_queue:0.75
intersection:6, mean_episode_reward:-0.49861112236976624, mean_queue:0.5777778029441833
intersection:7, mean_episode_reward:-0.39916670322418213, mean_queue:0.49444442987442017
intersection:8, mean_episode_reward:-0.8099995851516724, mean_queue:0.875
intersection:9, mean_episode_reward:-0.8744444251060486, mean_queue:0.9777777791023254
intersection:10, mean_episode_reward:-0.584722101688385, mean_queue:0.6555555462837219
intersection:11, mean_episode_reward:-0.5405556559562683, mean_queue:0.6472222208976746
intersection:12, mean_episode_reward:-0.6044442653656006, mean_queue:0.7138888835906982
intersection:13, mean_episode_reward:-0.6477776169776917, mean_queue:0.800000011920929
intersection:14, mean_episode_reward:-0.46833330392837524, mean_queue:0.5722222328186035
intersection:15, mean_episode_reward:-0.44083333015441895, mean_queue:0.5777778029441833
intersection:16, mean_episode_reward:0.0, mean_queue:0.0
intersection:17, mean_episode_reward:0.0, mean_queue:0.0
intersection:18, mean_episode_reward:0.0, mean_queue:0.0
intersection:19, mean_episode_reward:0.0, mean_queue:0.0
intersection:20, mean_episode_reward:0.0, mean_queue:0.0
intersection:21, mean_episode_reward:0.0, mean_queue:0.0
intersection:22, mean_episode_reward:0.0, mean_queue:0.0
intersection:23, mean_episode_reward:0.0, mean_queue:0.0
intersection:24, mean_episode_reward:0.0, mean_queue:0.0
intersection:25, mean_episode_reward:0.0, mean_queue:0.0
intersection:26, mean_episode_reward:0.0, mean_queue:0.0
intersection:27, mean_episode_reward:0.0, mean_queue:0.0
intersection:28, mean_episode_reward:0.0, mean_queue:0.0
intersection:29, mean_episode_reward:0.0, mean_queue:0.0
intersection:30, mean_episode_reward:0.0, mean_queue:0.0
intersection:31, mean_episode_reward:0.0, mean_queue:0.0
Test step:153/200, travel time :171.81655172413792, rewards:-9.308611382378473, queue:0.3410590277777778, delay:0.02408836152818468, throughput:1450
step:3600/3600, q_loss:0.23971456289291382, rewards:-9.285276285807292, queue:0.34001736111111114, delay:0.023795003361172146, throughput:1452
episode:154/200, real avg travel time:171.85399449035813
intersection:0, mean_episode_reward:-0.5741665363311768, mean_queue:0.6722221970558167
intersection:1, mean_episode_reward:-0.5797222256660461, mean_queue:0.644444465637207
intersection:2, mean_episode_reward:-0.6391664743423462, mean_queue:0.7472222447395325
intersection:3, mean_episode_reward:-0.5288888812065125, mean_queue:0.644444465637207
intersection:4, mean_episode_reward:-0.708888828754425, mean_queue:0.8111110925674438
intersection:5, mean_episode_reward:-0.4966665506362915, mean_queue:0.5777778029441833
intersection:6, mean_episode_reward:-0.5886110067367554, mean_queue:0.6611111164093018
intersection:7, mean_episode_reward:-0.4208332598209381, mean_queue:0.5
intersection:8, mean_episode_reward:-0.7447222471237183, mean_queue:0.855555534362793
intersection:9, mean_episode_reward:-0.8152776956558228, mean_queue:0.8916666507720947
intersection:10, mean_episode_reward:-0.48833325505256653, mean_queue:0.5472221970558167
intersection:11, mean_episode_reward:-0.6088888645172119, mean_queue:0.730555534362793
intersection:12, mean_episode_reward:-0.5855554938316345, mean_queue:0.7055555582046509
intersection:13, mean_episode_reward:-0.5569444298744202, mean_queue:0.7222222089767456
intersection:14, mean_episode_reward:-0.4761109948158264, mean_queue:0.5611110925674438
intersection:15, mean_episode_reward:-0.4725000560283661, mean_queue:0.6083333492279053
intersection:16, mean_episode_reward:0.0, mean_queue:0.0
intersection:17, mean_episode_reward:0.0, mean_queue:0.0
intersection:18, mean_episode_reward:0.0, mean_queue:0.0
intersection:19, mean_episode_reward:0.0, mean_queue:0.0
intersection:20, mean_episode_reward:0.0, mean_queue:0.0
intersection:21, mean_episode_reward:0.0, mean_queue:0.0
intersection:22, mean_episode_reward:0.0, mean_queue:0.0
intersection:23, mean_episode_reward:0.0, mean_queue:0.0
intersection:24, mean_episode_reward:0.0, mean_queue:0.0
intersection:25, mean_episode_reward:0.0, mean_queue:0.0
intersection:26, mean_episode_reward:0.0, mean_queue:0.0
intersection:27, mean_episode_reward:0.0, mean_queue:0.0
intersection:28, mean_episode_reward:0.0, mean_queue:0.0
intersection:29, mean_episode_reward:0.0, mean_queue:0.0
intersection:30, mean_episode_reward:0.0, mean_queue:0.0
intersection:31, mean_episode_reward:0.0, mean_queue:0.0
Test step:154/200, travel time :172.0041265474553, rewards:-9.373055013020833, queue:0.34296875, delay:0.02376064724392361, throughput:1454
step:3600/3600, q_loss:0.23792466521263123, rewards:-9.166388617621529, queue:0.3368923611111111, delay:0.02352807256910536, throughput:1453
episode:155/200, real avg travel time:171.49208534067446
intersection:0, mean_episode_reward:-0.5316666960716248, mean_queue:0.6027777791023254
intersection:1, mean_episode_reward:-0.6594445109367371, mean_queue:0.7527777552604675
intersection:2, mean_episode_reward:-0.6658333539962769, mean_queue:0.7749999761581421
intersection:3, mean_episode_reward:-0.566111147403717, mean_queue:0.6972222328186035
intersection:4, mean_episode_reward:-0.6380555629730225, mean_queue:0.7472222447395325
intersection:5, mean_episode_reward:-0.5174998641014099, mean_queue:0.6138888597488403
intersection:6, mean_episode_reward:-0.5474998354911804, mean_queue:0.625
intersection:7, mean_episode_reward:-0.4933333396911621, mean_queue:0.5777778029441833
intersection:8, mean_episode_reward:-0.7208333611488342, mean_queue:0.8027777671813965
intersection:9, mean_episode_reward:-0.800000011920929, mean_queue:0.8722222447395325
intersection:10, mean_episode_reward:-0.4988887906074524, mean_queue:0.6000000238418579
intersection:11, mean_episode_reward:-0.5597223043441772, mean_queue:0.6472222208976746
intersection:12, mean_episode_reward:-0.6308333277702332, mean_queue:0.75
intersection:13, mean_episode_reward:-0.5725000500679016, mean_queue:0.7166666388511658
intersection:14, mean_episode_reward:-0.35249999165534973, mean_queue:0.4555555582046509
intersection:15, mean_episode_reward:-0.4116666615009308, mean_queue:0.5444444417953491
intersection:16, mean_episode_reward:0.0, mean_queue:0.0
intersection:17, mean_episode_reward:0.0, mean_queue:0.0
intersection:18, mean_episode_reward:0.0, mean_queue:0.0
intersection:19, mean_episode_reward:0.0, mean_queue:0.0
intersection:20, mean_episode_reward:0.0, mean_queue:0.0
intersection:21, mean_episode_reward:0.0, mean_queue:0.0
intersection:22, mean_episode_reward:0.0, mean_queue:0.0
intersection:23, mean_episode_reward:0.0, mean_queue:0.0
intersection:24, mean_episode_reward:0.0, mean_queue:0.0
intersection:25, mean_episode_reward:0.0, mean_queue:0.0
intersection:26, mean_episode_reward:0.0, mean_queue:0.0
intersection:27, mean_episode_reward:0.0, mean_queue:0.0
intersection:28, mean_episode_reward:0.0, mean_queue:0.0
intersection:29, mean_episode_reward:0.0, mean_queue:0.0
intersection:30, mean_episode_reward:0.0, mean_queue:0.0
intersection:31, mean_episode_reward:0.0, mean_queue:0.0
Test step:155/200, travel time :171.47799174690508, rewards:-9.107222493489584, queue:0.334375, delay:0.023440588845147027, throughput:1454
step:3600/3600, q_loss:0.23825247585773468, rewards:-9.660555013020833, queue:0.35147569444444443, delay:0.023988803227742512, throughput:1454
episode:156/200, real avg travel time:172.32943603851444
intersection:0, mean_episode_reward:-0.6388887763023376, mean_queue:0.7194444537162781
intersection:1, mean_episode_reward:-0.7561109662055969, mean_queue:0.8527777791023254
intersection:2, mean_episode_reward:-0.6125001311302185, mean_queue:0.7027778029441833
intersection:3, mean_episode_reward:-0.5441666841506958, mean_queue:0.6666666865348816
intersection:4, mean_episode_reward:-0.6369444727897644, mean_queue:0.7416666746139526
intersection:5, mean_episode_reward:-0.5172222852706909, mean_queue:0.6000000238418579
intersection:6, mean_episode_reward:-0.5641666054725647, mean_queue:0.6222222447395325
intersection:7, mean_episode_reward:-0.4772222638130188, mean_queue:0.5694444179534912
intersection:8, mean_episode_reward:-0.8088886737823486, mean_queue:0.8861111402511597
intersection:9, mean_episode_reward:-0.8558332920074463, mean_queue:0.9361110925674438
intersection:10, mean_episode_reward:-0.5513888597488403, mean_queue:0.6333333253860474
intersection:11, mean_episode_reward:-0.6238888502120972, mean_queue:0.7555555701255798
intersection:12, mean_episode_reward:-0.5525000691413879, mean_queue:0.6694444417953491
intersection:13, mean_episode_reward:-0.687222421169281, mean_queue:0.8472222089767456
intersection:14, mean_episode_reward:-0.40555545687675476, mean_queue:0.4972222149372101
intersection:15, mean_episode_reward:-0.42805561423301697, mean_queue:0.5472221970558167
intersection:16, mean_episode_reward:0.0, mean_queue:0.0
intersection:17, mean_episode_reward:0.0, mean_queue:0.0
intersection:18, mean_episode_reward:0.0, mean_queue:0.0
intersection:19, mean_episode_reward:0.0, mean_queue:0.0
intersection:20, mean_episode_reward:0.0, mean_queue:0.0
intersection:21, mean_episode_reward:0.0, mean_queue:0.0
intersection:22, mean_episode_reward:0.0, mean_queue:0.0
intersection:23, mean_episode_reward:0.0, mean_queue:0.0
intersection:24, mean_episode_reward:0.0, mean_queue:0.0
intersection:25, mean_episode_reward:0.0, mean_queue:0.0
intersection:26, mean_episode_reward:0.0, mean_queue:0.0
intersection:27, mean_episode_reward:0.0, mean_queue:0.0
intersection:28, mean_episode_reward:0.0, mean_queue:0.0
intersection:29, mean_episode_reward:0.0, mean_queue:0.0
intersection:30, mean_episode_reward:0.0, mean_queue:0.0
intersection:31, mean_episode_reward:0.0, mean_queue:0.0
Test step:156/200, travel time :171.40399174122504, rewards:-9.28861083984375, queue:0.3381076388888889, delay:0.0233905209435357, throughput:1453
step:3600/3600, q_loss:0.23883408308029175, rewards:-9.88833279079861, queue:0.3602430555555556, delay:0.024635505676269532, throughput:1453
episode:157/200, real avg travel time:172.9917412250516
intersection:0, mean_episode_reward:-0.6238888502120972, mean_queue:0.7166666388511658
intersection:1, mean_episode_reward:-0.7724999189376831, mean_queue:0.8777777552604675
intersection:2, mean_episode_reward:-0.8383331298828125, mean_queue:0.9527778029441833
intersection:3, mean_episode_reward:-0.5277777910232544, mean_queue:0.6694444417953491
intersection:4, mean_episode_reward:-0.73333340883255, mean_queue:0.8611111044883728
intersection:5, mean_episode_reward:-0.6047223210334778, mean_queue:0.6805555820465088
intersection:6, mean_episode_reward:-0.49500003457069397, mean_queue:0.5638889074325562
intersection:7, mean_episode_reward:-0.4286109507083893, mean_queue:0.5166666507720947
intersection:8, mean_episode_reward:-0.813610851764679, mean_queue:0.8972222208976746
intersection:9, mean_episode_reward:-0.8663887977600098, mean_queue:0.9444444179534912
intersection:10, mean_episode_reward:-0.5288889408111572, mean_queue:0.6000000238418579
intersection:11, mean_episode_reward:-0.574444591999054, mean_queue:0.6916666626930237
intersection:12, mean_episode_reward:-0.5811110138893127, mean_queue:0.6944444179534912
intersection:13, mean_episode_reward:-0.6041667461395264, mean_queue:0.75
intersection:14, mean_episode_reward:-0.48305559158325195, mean_queue:0.5722222328186035
intersection:15, mean_episode_reward:-0.4125000834465027, mean_queue:0.5388888716697693
intersection:16, mean_episode_reward:0.0, mean_queue:0.0
intersection:17, mean_episode_reward:0.0, mean_queue:0.0
intersection:18, mean_episode_reward:0.0, mean_queue:0.0
intersection:19, mean_episode_reward:0.0, mean_queue:0.0
intersection:20, mean_episode_reward:0.0, mean_queue:0.0
intersection:21, mean_episode_reward:0.0, mean_queue:0.0
intersection:22, mean_episode_reward:0.0, mean_queue:0.0
intersection:23, mean_episode_reward:0.0, mean_queue:0.0
intersection:24, mean_episode_reward:0.0, mean_queue:0.0
intersection:25, mean_episode_reward:0.0, mean_queue:0.0
intersection:26, mean_episode_reward:0.0, mean_queue:0.0
intersection:27, mean_episode_reward:0.0, mean_queue:0.0
intersection:28, mean_episode_reward:0.0, mean_queue:0.0
intersection:29, mean_episode_reward:0.0, mean_queue:0.0
intersection:30, mean_episode_reward:0.0, mean_queue:0.0
intersection:31, mean_episode_reward:0.0, mean_queue:0.0
Test step:157/200, travel time :172.46492434663, rewards:-9.534722222222221, queue:0.3493923611111111, delay:0.023903981844584147, throughput:1454
step:3600/3600, q_loss:0.24096938967704773, rewards:-9.612776692708334, queue:0.3501736111111111, delay:0.02394039101070828, throughput:1450
episode:158/200, real avg travel time:172.43724137931034
intersection:0, mean_episode_reward:-0.691388726234436, mean_queue:0.7888888716697693
intersection:1, mean_episode_reward:-0.6427778005599976, mean_queue:0.75
intersection:2, mean_episode_reward:-0.6994444727897644, mean_queue:0.8111110925674438
intersection:3, mean_episode_reward:-0.559166669845581, mean_queue:0.675000011920929
intersection:4, mean_episode_reward:-0.7577776312828064, mean_queue:0.8777777552604675
intersection:5, mean_episode_reward:-0.5777778029441833, mean_queue:0.6499999761581421
intersection:6, mean_episode_reward:-0.5144442915916443, mean_queue:0.5888888835906982
intersection:7, mean_episode_reward:-0.39916664361953735, mean_queue:0.4611110985279083
intersection:8, mean_episode_reward:-0.698888897895813, mean_queue:0.7805555462837219
intersection:9, mean_episode_reward:-0.8238887190818787, mean_queue:0.9083333611488342
intersection:10, mean_episode_reward:-0.5305553674697876, mean_queue:0.6194444298744202
intersection:11, mean_episode_reward:-0.5205555558204651, mean_queue:0.6138888597488403
intersection:12, mean_episode_reward:-0.6230555176734924, mean_queue:0.7388888597488403
intersection:13, mean_episode_reward:-0.5727777481079102, mean_queue:0.7250000238418579
intersection:14, mean_episode_reward:-0.43694445490837097, mean_queue:0.5249999761581421
intersection:15, mean_episode_reward:-0.5641666650772095, mean_queue:0.6916666626930237
intersection:16, mean_episode_reward:0.0, mean_queue:0.0
intersection:17, mean_episode_reward:0.0, mean_queue:0.0
intersection:18, mean_episode_reward:0.0, mean_queue:0.0
intersection:19, mean_episode_reward:0.0, mean_queue:0.0
intersection:20, mean_episode_reward:0.0, mean_queue:0.0
intersection:21, mean_episode_reward:0.0, mean_queue:0.0
intersection:22, mean_episode_reward:0.0, mean_queue:0.0
intersection:23, mean_episode_reward:0.0, mean_queue:0.0
intersection:24, mean_episode_reward:0.0, mean_queue:0.0
intersection:25, mean_episode_reward:0.0, mean_queue:0.0
intersection:26, mean_episode_reward:0.0, mean_queue:0.0
intersection:27, mean_episode_reward:0.0, mean_queue:0.0
intersection:28, mean_episode_reward:0.0, mean_queue:0.0
intersection:29, mean_episode_reward:0.0, mean_queue:0.0
intersection:30, mean_episode_reward:0.0, mean_queue:0.0
intersection:31, mean_episode_reward:0.0, mean_queue:0.0
Test step:158/200, travel time :172.33769813921433, rewards:-9.505276828342014, queue:0.3463541666666667, delay:0.024344759517245823, throughput:1451
step:3600/3600, q_loss:0.2395886480808258, rewards:-9.787776692708333, queue:0.35538194444444443, delay:0.02412367926703559, throughput:1450
episode:159/200, real avg travel time:172.5655172413793
intersection:0, mean_episode_reward:-0.6905556321144104, mean_queue:0.7972221970558167
intersection:1, mean_episode_reward:-0.6005554795265198, mean_queue:0.699999988079071
intersection:2, mean_episode_reward:-0.6591665744781494, mean_queue:0.7777777910232544
intersection:3, mean_episode_reward:-0.4911109507083893, mean_queue:0.6194444298744202
intersection:4, mean_episode_reward:-0.7430552244186401, mean_queue:0.8333333134651184
intersection:5, mean_episode_reward:-0.5122222304344177, mean_queue:0.5805555582046509
intersection:6, mean_episode_reward:-0.5583335161209106, mean_queue:0.6277777552604675
intersection:7, mean_episode_reward:-0.4377777874469757, mean_queue:0.5305555462837219
intersection:8, mean_episode_reward:-0.7805553674697876, mean_queue:0.8583333492279053
intersection:9, mean_episode_reward:-0.848055362701416, mean_queue:0.9222221970558167
intersection:10, mean_episode_reward:-0.6030555367469788, mean_queue:0.6583333611488342
intersection:11, mean_episode_reward:-0.6586111783981323, mean_queue:0.7611111402511597
intersection:12, mean_episode_reward:-0.6136112213134766, mean_queue:0.7333333492279053
intersection:13, mean_episode_reward:-0.692777693271637, mean_queue:0.8305555582046509
intersection:14, mean_episode_reward:-0.4558333158493042, mean_queue:0.574999988079071
intersection:15, mean_episode_reward:-0.44249993562698364, mean_queue:0.5666666626930237
intersection:16, mean_episode_reward:0.0, mean_queue:0.0
intersection:17, mean_episode_reward:0.0, mean_queue:0.0
intersection:18, mean_episode_reward:0.0, mean_queue:0.0
intersection:19, mean_episode_reward:0.0, mean_queue:0.0
intersection:20, mean_episode_reward:0.0, mean_queue:0.0
intersection:21, mean_episode_reward:0.0, mean_queue:0.0
intersection:22, mean_episode_reward:0.0, mean_queue:0.0
intersection:23, mean_episode_reward:0.0, mean_queue:0.0
intersection:24, mean_episode_reward:0.0, mean_queue:0.0
intersection:25, mean_episode_reward:0.0, mean_queue:0.0
intersection:26, mean_episode_reward:0.0, mean_queue:0.0
intersection:27, mean_episode_reward:0.0, mean_queue:0.0
intersection:28, mean_episode_reward:0.0, mean_queue:0.0
intersection:29, mean_episode_reward:0.0, mean_queue:0.0
intersection:30, mean_episode_reward:0.0, mean_queue:0.0
intersection:31, mean_episode_reward:0.0, mean_queue:0.0
Test step:159/200, travel time :171.86845730027548, rewards:-9.377222357855903, queue:0.3450520833333333, delay:0.023686795764499242, throughput:1452
step:3600/3600, q_loss:0.23137308657169342, rewards:-9.223888481987847, queue:0.33645833333333336, delay:0.023371495140923394, throughput:1451
episode:160/200, real avg travel time:171.6209510682288
intersection:0, mean_episode_reward:-0.5758333206176758, mean_queue:0.6722221970558167
intersection:1, mean_episode_reward:-0.6605555415153503, mean_queue:0.7277777791023254
intersection:2, mean_episode_reward:-0.662222146987915, mean_queue:0.7583333253860474
intersection:3, mean_episode_reward:-0.5099999904632568, mean_queue:0.6388888955116272
intersection:4, mean_episode_reward:-0.6413888931274414, mean_queue:0.7472222447395325
intersection:5, mean_episode_reward:-0.5836111903190613, mean_queue:0.6861110925674438
intersection:6, mean_episode_reward:-0.5094443559646606, mean_queue:0.5861111283302307
intersection:7, mean_episode_reward:-0.3872222602367401, mean_queue:0.4694444537162781
intersection:8, mean_episode_reward:-0.6833333969116211, mean_queue:0.7611111402511597
intersection:9, mean_episode_reward:-0.6980554461479187, mean_queue:0.7749999761581421
intersection:10, mean_episode_reward:-0.5811110734939575, mean_queue:0.6194444298744202
intersection:11, mean_episode_reward:-0.5375001430511475, mean_queue:0.6583333611488342
intersection:12, mean_episode_reward:-0.4994444251060486, mean_queue:0.605555534362793
intersection:13, mean_episode_reward:-0.6500000953674316, mean_queue:0.7805555462837219
intersection:14, mean_episode_reward:-0.4602776765823364, mean_queue:0.5583333373069763
intersection:15, mean_episode_reward:-0.5838889479637146, mean_queue:0.7222222089767456
intersection:16, mean_episode_reward:0.0, mean_queue:0.0
intersection:17, mean_episode_reward:0.0, mean_queue:0.0
intersection:18, mean_episode_reward:0.0, mean_queue:0.0
intersection:19, mean_episode_reward:0.0, mean_queue:0.0
intersection:20, mean_episode_reward:0.0, mean_queue:0.0
intersection:21, mean_episode_reward:0.0, mean_queue:0.0
intersection:22, mean_episode_reward:0.0, mean_queue:0.0
intersection:23, mean_episode_reward:0.0, mean_queue:0.0
intersection:24, mean_episode_reward:0.0, mean_queue:0.0
intersection:25, mean_episode_reward:0.0, mean_queue:0.0
intersection:26, mean_episode_reward:0.0, mean_queue:0.0
intersection:27, mean_episode_reward:0.0, mean_queue:0.0
intersection:28, mean_episode_reward:0.0, mean_queue:0.0
intersection:29, mean_episode_reward:0.0, mean_queue:0.0
intersection:30, mean_episode_reward:0.0, mean_queue:0.0
intersection:31, mean_episode_reward:0.0, mean_queue:0.0
Test step:160/200, travel time :172.20454545454547, rewards:-9.620555284288194, queue:0.3519965277777778, delay:0.024245010481940374, throughput:1452
step:3600/3600, q_loss:0.23463504016399384, rewards:-9.828333875868056, queue:0.3628472222222222, delay:0.024822092056274413, throughput:1453
episode:161/200, real avg travel time:172.91534755677907
intersection:0, mean_episode_reward:-0.6649998426437378, mean_queue:0.7666666507720947
intersection:1, mean_episode_reward:-0.6944443583488464, mean_queue:0.7805555462837219
intersection:2, mean_episode_reward:-0.7336110472679138, mean_queue:0.8416666388511658
intersection:3, mean_episode_reward:-0.5444445013999939, mean_queue:0.675000011920929
intersection:4, mean_episode_reward:-0.6655556559562683, mean_queue:0.7944444417953491
intersection:5, mean_episode_reward:-0.7091667056083679, mean_queue:0.800000011920929
intersection:6, mean_episode_reward:-0.5824999213218689, mean_queue:0.6666666865348816
intersection:7, mean_episode_reward:-0.44888895750045776, mean_queue:0.5527777671813965
intersection:8, mean_episode_reward:-0.7525001764297485, mean_queue:0.8611111044883728
intersection:9, mean_episode_reward:-0.7313889265060425, mean_queue:0.8027777671813965
intersection:10, mean_episode_reward:-0.6061111092567444, mean_queue:0.7083333134651184
intersection:11, mean_episode_reward:-0.5263890027999878, mean_queue:0.6555555462837219
intersection:12, mean_episode_reward:-0.5497222542762756, mean_queue:0.6694444417953491
intersection:13, mean_episode_reward:-0.573055624961853, mean_queue:0.7333333492279053
intersection:14, mean_episode_reward:-0.4369443655014038, mean_queue:0.5666666626930237
intersection:15, mean_episode_reward:-0.6086112260818481, mean_queue:0.7361111044883728
intersection:16, mean_episode_reward:0.0, mean_queue:0.0
intersection:17, mean_episode_reward:0.0, mean_queue:0.0
intersection:18, mean_episode_reward:0.0, mean_queue:0.0
intersection:19, mean_episode_reward:0.0, mean_queue:0.0
intersection:20, mean_episode_reward:0.0, mean_queue:0.0
intersection:21, mean_episode_reward:0.0, mean_queue:0.0
intersection:22, mean_episode_reward:0.0, mean_queue:0.0
intersection:23, mean_episode_reward:0.0, mean_queue:0.0
intersection:24, mean_episode_reward:0.0, mean_queue:0.0
intersection:25, mean_episode_reward:0.0, mean_queue:0.0
intersection:26, mean_episode_reward:0.0, mean_queue:0.0
intersection:27, mean_episode_reward:0.0, mean_queue:0.0
intersection:28, mean_episode_reward:0.0, mean_queue:0.0
intersection:29, mean_episode_reward:0.0, mean_queue:0.0
intersection:30, mean_episode_reward:0.0, mean_queue:0.0
intersection:31, mean_episode_reward:0.0, mean_queue:0.0
Test step:161/200, travel time :173.2799174690509, rewards:-9.995555284288194, queue:0.36302083333333335, delay:0.024614265229966906, throughput:1454
step:3600/3600, q_loss:0.23721438646316528, rewards:-9.54305419921875, queue:0.3480902777777778, delay:0.02398686408996582, throughput:1454
episode:162/200, real avg travel time:172.1045392022008
intersection:0, mean_episode_reward:-0.6513888239860535, mean_queue:0.7333333492279053
intersection:1, mean_episode_reward:-0.5977777242660522, mean_queue:0.6916666626930237
intersection:2, mean_episode_reward:-0.6677777171134949, mean_queue:0.7777777910232544
intersection:3, mean_episode_reward:-0.628333330154419, mean_queue:0.7416666746139526
intersection:4, mean_episode_reward:-0.7033333778381348, mean_queue:0.8138889074325562
intersection:5, mean_episode_reward:-0.5527775883674622, mean_queue:0.6416666507720947
intersection:6, mean_episode_reward:-0.5319444537162781, mean_queue:0.605555534362793
intersection:7, mean_episode_reward:-0.44388899207115173, mean_queue:0.574999988079071
intersection:8, mean_episode_reward:-0.7811108827590942, mean_queue:0.8722222447395325
intersection:9, mean_episode_reward:-0.7238888144493103, mean_queue:0.8055555820465088
intersection:10, mean_episode_reward:-0.49749985337257385, mean_queue:0.5388888716697693
intersection:11, mean_episode_reward:-0.5191664695739746, mean_queue:0.6166666746139526
intersection:12, mean_episode_reward:-0.6413887739181519, mean_queue:0.7527777552604675
intersection:13, mean_episode_reward:-0.688055694103241, mean_queue:0.8444444537162781
intersection:14, mean_episode_reward:-0.43999990820884705, mean_queue:0.5249999761581421
intersection:15, mean_episode_reward:-0.47472211718559265, mean_queue:0.6027777791023254
intersection:16, mean_episode_reward:0.0, mean_queue:0.0
intersection:17, mean_episode_reward:0.0, mean_queue:0.0
intersection:18, mean_episode_reward:0.0, mean_queue:0.0
intersection:19, mean_episode_reward:0.0, mean_queue:0.0
intersection:20, mean_episode_reward:0.0, mean_queue:0.0
intersection:21, mean_episode_reward:0.0, mean_queue:0.0
intersection:22, mean_episode_reward:0.0, mean_queue:0.0
intersection:23, mean_episode_reward:0.0, mean_queue:0.0
intersection:24, mean_episode_reward:0.0, mean_queue:0.0
intersection:25, mean_episode_reward:0.0, mean_queue:0.0
intersection:26, mean_episode_reward:0.0, mean_queue:0.0
intersection:27, mean_episode_reward:0.0, mean_queue:0.0
intersection:28, mean_episode_reward:0.0, mean_queue:0.0
intersection:29, mean_episode_reward:0.0, mean_queue:0.0
intersection:30, mean_episode_reward:0.0, mean_queue:0.0
intersection:31, mean_episode_reward:0.0, mean_queue:0.0
Test step:162/200, travel time :172.11975223675154, rewards:-9.584722222222222, queue:0.3506076388888889, delay:0.02372358375125461, throughput:1453
step:3600/3600, q_loss:0.24126584827899933, rewards:-9.10722181532118, queue:0.33541666666666664, delay:0.023673073450724284, throughput:1452
episode:163/200, real avg travel time:171.77617079889808
intersection:0, mean_episode_reward:-0.6063887476921082, mean_queue:0.7027778029441833
intersection:1, mean_episode_reward:-0.6169444918632507, mean_queue:0.730555534362793
intersection:2, mean_episode_reward:-0.6099997758865356, mean_queue:0.7222222089767456
intersection:3, mean_episode_reward:-0.5077778697013855, mean_queue:0.6416666507720947
intersection:4, mean_episode_reward:-0.6369444727897644, mean_queue:0.7638888955116272
intersection:5, mean_episode_reward:-0.5199998021125793, mean_queue:0.5916666388511658
intersection:6, mean_episode_reward:-0.4922221302986145, mean_queue:0.5666666626930237
intersection:7, mean_episode_reward:-0.3891666829586029, mean_queue:0.4888888895511627
intersection:8, mean_episode_reward:-0.6249999403953552, mean_queue:0.6972222328186035
intersection:9, mean_episode_reward:-0.6952776908874512, mean_queue:0.7722222208976746
intersection:10, mean_episode_reward:-0.5016665458679199, mean_queue:0.5611110925674438
intersection:11, mean_episode_reward:-0.5802779197692871, mean_queue:0.6972222328186035
intersection:12, mean_episode_reward:-0.6100000143051147, mean_queue:0.7027778029441833
intersection:13, mean_episode_reward:-0.6197221875190735, mean_queue:0.7805555462837219
intersection:14, mean_episode_reward:-0.486666738986969, mean_queue:0.5833333134651184
intersection:15, mean_episode_reward:-0.6091668605804443, mean_queue:0.730555534362793
intersection:16, mean_episode_reward:0.0, mean_queue:0.0
intersection:17, mean_episode_reward:0.0, mean_queue:0.0
intersection:18, mean_episode_reward:0.0, mean_queue:0.0
intersection:19, mean_episode_reward:0.0, mean_queue:0.0
intersection:20, mean_episode_reward:0.0, mean_queue:0.0
intersection:21, mean_episode_reward:0.0, mean_queue:0.0
intersection:22, mean_episode_reward:0.0, mean_queue:0.0
intersection:23, mean_episode_reward:0.0, mean_queue:0.0
intersection:24, mean_episode_reward:0.0, mean_queue:0.0
intersection:25, mean_episode_reward:0.0, mean_queue:0.0
intersection:26, mean_episode_reward:0.0, mean_queue:0.0
intersection:27, mean_episode_reward:0.0, mean_queue:0.0
intersection:28, mean_episode_reward:0.0, mean_queue:0.0
intersection:29, mean_episode_reward:0.0, mean_queue:0.0
intersection:30, mean_episode_reward:0.0, mean_queue:0.0
intersection:31, mean_episode_reward:0.0, mean_queue:0.0
Test step:163/200, travel time :172.51928374655648, rewards:-9.472499593098958, queue:0.3462673611111111, delay:0.02436558935377333, throughput:1452
step:3600/3600, q_loss:0.24053321778774261, rewards:-9.6875, queue:0.3533854166666667, delay:0.024131446414523656, throughput:1454
episode:164/200, real avg travel time:172.7104539202201
intersection:0, mean_episode_reward:-0.6794444918632507, mean_queue:0.7888888716697693
intersection:1, mean_episode_reward:-0.6472222805023193, mean_queue:0.7361111044883728
intersection:2, mean_episode_reward:-0.720277726650238, mean_queue:0.8277778029441833
intersection:3, mean_episode_reward:-0.5024999380111694, mean_queue:0.6222222447395325
intersection:4, mean_episode_reward:-0.5891666412353516, mean_queue:0.7027778029441833
intersection:5, mean_episode_reward:-0.5024999976158142, mean_queue:0.6000000238418579
intersection:6, mean_episode_reward:-0.6305555105209351, mean_queue:0.7138888835906982
intersection:7, mean_episode_reward:-0.4644443392753601, mean_queue:0.5666666626930237
intersection:8, mean_episode_reward:-0.7308331727981567, mean_queue:0.7888888716697693
intersection:9, mean_episode_reward:-0.8552777767181396, mean_queue:0.9138888716697693
intersection:10, mean_episode_reward:-0.6041667461395264, mean_queue:0.6888889074325562
intersection:11, mean_episode_reward:-0.5080555081367493, mean_queue:0.6027777791023254
intersection:12, mean_episode_reward:-0.5961111187934875, mean_queue:0.7138888835906982
intersection:13, mean_episode_reward:-0.5744444727897644, mean_queue:0.7333333492279053
intersection:14, mean_episode_reward:-0.5430555939674377, mean_queue:0.6416666507720947
intersection:15, mean_episode_reward:-0.5394443869590759, mean_queue:0.6666666865348816
intersection:16, mean_episode_reward:0.0, mean_queue:0.0
intersection:17, mean_episode_reward:0.0, mean_queue:0.0
intersection:18, mean_episode_reward:0.0, mean_queue:0.0
intersection:19, mean_episode_reward:0.0, mean_queue:0.0
intersection:20, mean_episode_reward:0.0, mean_queue:0.0
intersection:21, mean_episode_reward:0.0, mean_queue:0.0
intersection:22, mean_episode_reward:0.0, mean_queue:0.0
intersection:23, mean_episode_reward:0.0, mean_queue:0.0
intersection:24, mean_episode_reward:0.0, mean_queue:0.0
intersection:25, mean_episode_reward:0.0, mean_queue:0.0
intersection:26, mean_episode_reward:0.0, mean_queue:0.0
intersection:27, mean_episode_reward:0.0, mean_queue:0.0
intersection:28, mean_episode_reward:0.0, mean_queue:0.0
intersection:29, mean_episode_reward:0.0, mean_queue:0.0
intersection:30, mean_episode_reward:0.0, mean_queue:0.0
intersection:31, mean_episode_reward:0.0, mean_queue:0.0
Test step:164/200, travel time :171.474552957359, rewards:-9.25611097547743, queue:0.33967013888888886, delay:0.023217921786838108, throughput:1454
step:3600/3600, q_loss:0.24097341299057007, rewards:-9.479443359375, queue:0.3494791666666667, delay:0.024024624294704863, throughput:1453
episode:165/200, real avg travel time:172.19132828630418
intersection:0, mean_episode_reward:-0.7199999690055847, mean_queue:0.8166666626930237
intersection:1, mean_episode_reward:-0.609722375869751, mean_queue:0.699999988079071
intersection:2, mean_episode_reward:-0.6274998784065247, mean_queue:0.7583333253860474
intersection:3, mean_episode_reward:-0.5277776718139648, mean_queue:0.6499999761581421
intersection:4, mean_episode_reward:-0.6083333492279053, mean_queue:0.7361111044883728
intersection:5, mean_episode_reward:-0.532777726650238, mean_queue:0.6111111044883728
intersection:6, mean_episode_reward:-0.5163887739181519, mean_queue:0.5944444537162781
intersection:7, mean_episode_reward:-0.4569444954395294, mean_queue:0.5527777671813965
intersection:8, mean_episode_reward:-0.7819442749023438, mean_queue:0.8444444537162781
intersection:9, mean_episode_reward:-0.7888886332511902, mean_queue:0.8694444298744202
intersection:10, mean_episode_reward:-0.544166624546051, mean_queue:0.6416666507720947
intersection:11, mean_episode_reward:-0.6555555462837219, mean_queue:0.7833333611488342
intersection:12, mean_episode_reward:-0.557222306728363, mean_queue:0.6666666865348816
intersection:13, mean_episode_reward:-0.5747222900390625, mean_queue:0.7250000238418579
intersection:14, mean_episode_reward:-0.4094444215297699, mean_queue:0.5249999761581421
intersection:15, mean_episode_reward:-0.5680555701255798, mean_queue:0.7083333134651184
intersection:16, mean_episode_reward:0.0, mean_queue:0.0
intersection:17, mean_episode_reward:0.0, mean_queue:0.0
intersection:18, mean_episode_reward:0.0, mean_queue:0.0
intersection:19, mean_episode_reward:0.0, mean_queue:0.0
intersection:20, mean_episode_reward:0.0, mean_queue:0.0
intersection:21, mean_episode_reward:0.0, mean_queue:0.0
intersection:22, mean_episode_reward:0.0, mean_queue:0.0
intersection:23, mean_episode_reward:0.0, mean_queue:0.0
intersection:24, mean_episode_reward:0.0, mean_queue:0.0
intersection:25, mean_episode_reward:0.0, mean_queue:0.0
intersection:26, mean_episode_reward:0.0, mean_queue:0.0
intersection:27, mean_episode_reward:0.0, mean_queue:0.0
intersection:28, mean_episode_reward:0.0, mean_queue:0.0
intersection:29, mean_episode_reward:0.0, mean_queue:0.0
intersection:30, mean_episode_reward:0.0, mean_queue:0.0
intersection:31, mean_episode_reward:0.0, mean_queue:0.0
Test step:165/200, travel time :171.59628610729024, rewards:-9.102222357855903, queue:0.3347222222222222, delay:0.023227651913960774, throughput:1454
step:3600/3600, q_loss:0.23645320534706116, rewards:-9.37861056857639, queue:0.34322916666666664, delay:0.02377880414326986, throughput:1452
episode:166/200, real avg travel time:171.9896694214876
intersection:0, mean_episode_reward:-0.6911109685897827, mean_queue:0.7777777910232544
intersection:1, mean_episode_reward:-0.6005555987358093, mean_queue:0.6694444417953491
intersection:2, mean_episode_reward:-0.7308332920074463, mean_queue:0.8277778029441833
intersection:3, mean_episode_reward:-0.4769443869590759, mean_queue:0.605555534362793
intersection:4, mean_episode_reward:-0.6261112689971924, mean_queue:0.769444465637207
intersection:5, mean_episode_reward:-0.488055557012558, mean_queue:0.5861111283302307
intersection:6, mean_episode_reward:-0.53083336353302, mean_queue:0.5944444537162781
intersection:7, mean_episode_reward:-0.46499982476234436, mean_queue:0.5638889074325562
intersection:8, mean_episode_reward:-0.6850000023841858, mean_queue:0.7472222447395325
intersection:9, mean_episode_reward:-0.7819446325302124, mean_queue:0.855555534362793
intersection:10, mean_episode_reward:-0.5777775645256042, mean_queue:0.644444465637207
intersection:11, mean_episode_reward:-0.5641667246818542, mean_queue:0.6833333373069763
intersection:12, mean_episode_reward:-0.5486112236976624, mean_queue:0.6555555462837219
intersection:13, mean_episode_reward:-0.6063889265060425, mean_queue:0.7527777552604675
intersection:14, mean_episode_reward:-0.4302777647972107, mean_queue:0.5361111164093018
intersection:15, mean_episode_reward:-0.5749999284744263, mean_queue:0.7138888835906982
intersection:16, mean_episode_reward:0.0, mean_queue:0.0
intersection:17, mean_episode_reward:0.0, mean_queue:0.0
intersection:18, mean_episode_reward:0.0, mean_queue:0.0
intersection:19, mean_episode_reward:0.0, mean_queue:0.0
intersection:20, mean_episode_reward:0.0, mean_queue:0.0
intersection:21, mean_episode_reward:0.0, mean_queue:0.0
intersection:22, mean_episode_reward:0.0, mean_queue:0.0
intersection:23, mean_episode_reward:0.0, mean_queue:0.0
intersection:24, mean_episode_reward:0.0, mean_queue:0.0
intersection:25, mean_episode_reward:0.0, mean_queue:0.0
intersection:26, mean_episode_reward:0.0, mean_queue:0.0
intersection:27, mean_episode_reward:0.0, mean_queue:0.0
intersection:28, mean_episode_reward:0.0, mean_queue:0.0
intersection:29, mean_episode_reward:0.0, mean_queue:0.0
intersection:30, mean_episode_reward:0.0, mean_queue:0.0
intersection:31, mean_episode_reward:0.0, mean_queue:0.0
Test step:166/200, travel time :171.14807162534436, rewards:-9.059722222222222, queue:0.3338541666666667, delay:0.02315402560763889, throughput:1452
step:3600/3600, q_loss:0.23563100397586823, rewards:-9.0272216796875, queue:0.33229166666666665, delay:0.023711662822299532, throughput:1453
episode:167/200, real avg travel time:171.55058499655885
intersection:0, mean_episode_reward:-0.668055534362793, mean_queue:0.7583333253860474
intersection:1, mean_episode_reward:-0.679999828338623, mean_queue:0.7583333253860474
intersection:2, mean_episode_reward:-0.6586112380027771, mean_queue:0.7666666507720947
intersection:3, mean_episode_reward:-0.48972219228744507, mean_queue:0.6305555701255798
intersection:4, mean_episode_reward:-0.5894443988800049, mean_queue:0.7055555582046509
intersection:5, mean_episode_reward:-0.4647221863269806, mean_queue:0.5583333373069763
intersection:6, mean_episode_reward:-0.539722204208374, mean_queue:0.6194444298744202
intersection:7, mean_episode_reward:-0.4730556011199951, mean_queue:0.5583333373069763
intersection:8, mean_episode_reward:-0.6622219681739807, mean_queue:0.7111111283302307
intersection:9, mean_episode_reward:-0.6169443726539612, mean_queue:0.6972222328186035
intersection:10, mean_episode_reward:-0.49666666984558105, mean_queue:0.574999988079071
intersection:11, mean_episode_reward:-0.5266665816307068, mean_queue:0.6277777552604675
intersection:12, mean_episode_reward:-0.6141665577888489, mean_queue:0.7333333492279053
intersection:13, mean_episode_reward:-0.5930553674697876, mean_queue:0.7361111044883728
intersection:14, mean_episode_reward:-0.4238886833190918, mean_queue:0.5249999761581421
intersection:15, mean_episode_reward:-0.5302777886390686, mean_queue:0.6722221970558167
intersection:16, mean_episode_reward:0.0, mean_queue:0.0
intersection:17, mean_episode_reward:0.0, mean_queue:0.0
intersection:18, mean_episode_reward:0.0, mean_queue:0.0
intersection:19, mean_episode_reward:0.0, mean_queue:0.0
intersection:20, mean_episode_reward:0.0, mean_queue:0.0
intersection:21, mean_episode_reward:0.0, mean_queue:0.0
intersection:22, mean_episode_reward:0.0, mean_queue:0.0
intersection:23, mean_episode_reward:0.0, mean_queue:0.0
intersection:24, mean_episode_reward:0.0, mean_queue:0.0
intersection:25, mean_episode_reward:0.0, mean_queue:0.0
intersection:26, mean_episode_reward:0.0, mean_queue:0.0
intersection:27, mean_episode_reward:0.0, mean_queue:0.0
intersection:28, mean_episode_reward:0.0, mean_queue:0.0
intersection:29, mean_episode_reward:0.0, mean_queue:0.0
intersection:30, mean_episode_reward:0.0, mean_queue:0.0
intersection:31, mean_episode_reward:0.0, mean_queue:0.0
Test step:167/200, travel time :171.79573590096285, rewards:-9.185000271267361, queue:0.3381076388888889, delay:0.02349923981560601, throughput:1454
step:3600/3600, q_loss:0.2312304675579071, rewards:-9.333055284288195, queue:0.3416666666666667, delay:0.023721032672458224, throughput:1454
episode:168/200, real avg travel time:171.82943603851444
intersection:0, mean_episode_reward:-0.650277853012085, mean_queue:0.7444444298744202
intersection:1, mean_episode_reward:-0.6872220635414124, mean_queue:0.7861111164093018
intersection:2, mean_episode_reward:-0.6369444727897644, mean_queue:0.7527777552604675
intersection:3, mean_episode_reward:-0.5255555510520935, mean_queue:0.6333333253860474
intersection:4, mean_episode_reward:-0.6297222375869751, mean_queue:0.7611111402511597
intersection:5, mean_episode_reward:-0.531110942363739, mean_queue:0.6194444298744202
intersection:6, mean_episode_reward:-0.508055567741394, mean_queue:0.5472221970558167
intersection:7, mean_episode_reward:-0.5072221159934998, mean_queue:0.6138888597488403
intersection:8, mean_episode_reward:-0.7805555462837219, mean_queue:0.8861111402511597
intersection:9, mean_episode_reward:-0.7172221541404724, mean_queue:0.7861111164093018
intersection:10, mean_episode_reward:-0.4624999463558197, mean_queue:0.5361111164093018
intersection:11, mean_episode_reward:-0.6352777481079102, mean_queue:0.7444444298744202
intersection:12, mean_episode_reward:-0.60999995470047, mean_queue:0.7194444537162781
intersection:13, mean_episode_reward:-0.5547221899032593, mean_queue:0.7138888835906982
intersection:14, mean_episode_reward:-0.45055562257766724, mean_queue:0.5361111164093018
intersection:15, mean_episode_reward:-0.4461110830307007, mean_queue:0.5527777671813965
intersection:16, mean_episode_reward:0.0, mean_queue:0.0
intersection:17, mean_episode_reward:0.0, mean_queue:0.0
intersection:18, mean_episode_reward:0.0, mean_queue:0.0
intersection:19, mean_episode_reward:0.0, mean_queue:0.0
intersection:20, mean_episode_reward:0.0, mean_queue:0.0
intersection:21, mean_episode_reward:0.0, mean_queue:0.0
intersection:22, mean_episode_reward:0.0, mean_queue:0.0
intersection:23, mean_episode_reward:0.0, mean_queue:0.0
intersection:24, mean_episode_reward:0.0, mean_queue:0.0
intersection:25, mean_episode_reward:0.0, mean_queue:0.0
intersection:26, mean_episode_reward:0.0, mean_queue:0.0
intersection:27, mean_episode_reward:0.0, mean_queue:0.0
intersection:28, mean_episode_reward:0.0, mean_queue:0.0
intersection:29, mean_episode_reward:0.0, mean_queue:0.0
intersection:30, mean_episode_reward:0.0, mean_queue:0.0
intersection:31, mean_episode_reward:0.0, mean_queue:0.0
Test step:168/200, travel time :170.75498967653132, rewards:-8.775276692708333, queue:0.3236111111111111, delay:0.022967614067925347, throughput:1453
step:3600/3600, q_loss:0.23179911077022552, rewards:-9.106666395399305, queue:0.33671875, delay:0.02345388730367025, throughput:1454
episode:169/200, real avg travel time:171.3583218707015
intersection:0, mean_episode_reward:-0.5727777481079102, mean_queue:0.6527777910232544
intersection:1, mean_episode_reward:-0.618888795375824, mean_queue:0.7055555582046509
intersection:2, mean_episode_reward:-0.7227775454521179, mean_queue:0.8416666388511658
intersection:3, mean_episode_reward:-0.5044443607330322, mean_queue:0.6361111402511597
intersection:4, mean_episode_reward:-0.7136110067367554, mean_queue:0.8500000238418579
intersection:5, mean_episode_reward:-0.5533333420753479, mean_queue:0.6305555701255798
intersection:6, mean_episode_reward:-0.49361106753349304, mean_queue:0.5805555582046509
intersection:7, mean_episode_reward:-0.45722219347953796, mean_queue:0.5388888716697693
intersection:8, mean_episode_reward:-0.5963888168334961, mean_queue:0.6777777671813965
intersection:9, mean_episode_reward:-0.8172221779823303, mean_queue:0.9055555462837219
intersection:10, mean_episode_reward:-0.5097222924232483, mean_queue:0.5833333134651184
intersection:11, mean_episode_reward:-0.5988889336585999, mean_queue:0.7222222089767456
intersection:12, mean_episode_reward:-0.5911112427711487, mean_queue:0.6944444179534912
intersection:13, mean_episode_reward:-0.5369444489479065, mean_queue:0.7055555582046509
intersection:14, mean_episode_reward:-0.35916668176651, mean_queue:0.4611110985279083
intersection:15, mean_episode_reward:-0.46055564284324646, mean_queue:0.5888888835906982
intersection:16, mean_episode_reward:0.0, mean_queue:0.0
intersection:17, mean_episode_reward:0.0, mean_queue:0.0
intersection:18, mean_episode_reward:0.0, mean_queue:0.0
intersection:19, mean_episode_reward:0.0, mean_queue:0.0
intersection:20, mean_episode_reward:0.0, mean_queue:0.0
intersection:21, mean_episode_reward:0.0, mean_queue:0.0
intersection:22, mean_episode_reward:0.0, mean_queue:0.0
intersection:23, mean_episode_reward:0.0, mean_queue:0.0
intersection:24, mean_episode_reward:0.0, mean_queue:0.0
intersection:25, mean_episode_reward:0.0, mean_queue:0.0
intersection:26, mean_episode_reward:0.0, mean_queue:0.0
intersection:27, mean_episode_reward:0.0, mean_queue:0.0
intersection:28, mean_episode_reward:0.0, mean_queue:0.0
intersection:29, mean_episode_reward:0.0, mean_queue:0.0
intersection:30, mean_episode_reward:0.0, mean_queue:0.0
intersection:31, mean_episode_reward:0.0, mean_queue:0.0
Test step:169/200, travel time :171.49931224209078, rewards:-9.188333468967015, queue:0.33836805555555555, delay:0.02341954443189833, throughput:1454
step:3600/3600, q_loss:0.23564186692237854, rewards:-9.331945122612847, queue:0.34262152777777777, delay:0.02373038132985433, throughput:1453
episode:170/200, real avg travel time:171.64831383344804
intersection:0, mean_episode_reward:-0.6333334445953369, mean_queue:0.7250000238418579
intersection:1, mean_episode_reward:-0.7305554151535034, mean_queue:0.8333333134651184
intersection:2, mean_episode_reward:-0.8291667699813843, mean_queue:0.9472222328186035
intersection:3, mean_episode_reward:-0.4227778911590576, mean_queue:0.550000011920929
intersection:4, mean_episode_reward:-0.6455554962158203, mean_queue:0.7583333253860474
intersection:5, mean_episode_reward:-0.5047222375869751, mean_queue:0.6000000238418579
intersection:6, mean_episode_reward:-0.5313889980316162, mean_queue:0.5777778029441833
intersection:7, mean_episode_reward:-0.44166675209999084, mean_queue:0.5333333611488342
intersection:8, mean_episode_reward:-0.8249996900558472, mean_queue:0.9111111164093018
intersection:9, mean_episode_reward:-0.6719444990158081, mean_queue:0.7527777552604675
intersection:10, mean_episode_reward:-0.4658333659172058, mean_queue:0.5166666507720947
intersection:11, mean_episode_reward:-0.5708334445953369, mean_queue:0.699999988079071
intersection:12, mean_episode_reward:-0.5783332586288452, mean_queue:0.6916666626930237
intersection:13, mean_episode_reward:-0.5850000381469727, mean_queue:0.7416666746139526
intersection:14, mean_episode_reward:-0.35388892889022827, mean_queue:0.45277777314186096
intersection:15, mean_episode_reward:-0.5419445633888245, mean_queue:0.6722221970558167
intersection:16, mean_episode_reward:0.0, mean_queue:0.0
intersection:17, mean_episode_reward:0.0, mean_queue:0.0
intersection:18, mean_episode_reward:0.0, mean_queue:0.0
intersection:19, mean_episode_reward:0.0, mean_queue:0.0
intersection:20, mean_episode_reward:0.0, mean_queue:0.0
intersection:21, mean_episode_reward:0.0, mean_queue:0.0
intersection:22, mean_episode_reward:0.0, mean_queue:0.0
intersection:23, mean_episode_reward:0.0, mean_queue:0.0
intersection:24, mean_episode_reward:0.0, mean_queue:0.0
intersection:25, mean_episode_reward:0.0, mean_queue:0.0
intersection:26, mean_episode_reward:0.0, mean_queue:0.0
intersection:27, mean_episode_reward:0.0, mean_queue:0.0
intersection:28, mean_episode_reward:0.0, mean_queue:0.0
intersection:29, mean_episode_reward:0.0, mean_queue:0.0
intersection:30, mean_episode_reward:0.0, mean_queue:0.0
intersection:31, mean_episode_reward:0.0, mean_queue:0.0
Test step:170/200, travel time :172.04810996563575, rewards:-9.63888888888889, queue:0.3529513888888889, delay:0.023610062069363065, throughput:1455
step:3600/3600, q_loss:0.2292494922876358, rewards:-9.432777913411458, queue:0.3424479166666667, delay:0.02317755487230089, throughput:1451
episode:171/200, real avg travel time:171.39972432804961
intersection:0, mean_episode_reward:-0.6141666173934937, mean_queue:0.6861110925674438
intersection:1, mean_episode_reward:-0.681388795375824, mean_queue:0.7555555701255798
intersection:2, mean_episode_reward:-0.6733333468437195, mean_queue:0.7833333611488342
intersection:3, mean_episode_reward:-0.4527777433395386, mean_queue:0.5666666626930237
intersection:4, mean_episode_reward:-0.8288887143135071, mean_queue:0.9333333373069763
intersection:5, mean_episode_reward:-0.5386111736297607, mean_queue:0.6416666507720947
intersection:6, mean_episode_reward:-0.5263888239860535, mean_queue:0.6000000238418579
intersection:7, mean_episode_reward:-0.46888893842697144, mean_queue:0.5527777671813965
intersection:8, mean_episode_reward:-0.7377777099609375, mean_queue:0.8194444179534912
intersection:9, mean_episode_reward:-0.7283333539962769, mean_queue:0.7861111164093018
intersection:10, mean_episode_reward:-0.47666656970977783, mean_queue:0.5444444417953491
intersection:11, mean_episode_reward:-0.4888889789581299, mean_queue:0.5916666388511658
intersection:12, mean_episode_reward:-0.6588889956474304, mean_queue:0.7611111402511597
intersection:13, mean_episode_reward:-0.6136111617088318, mean_queue:0.7722222208976746
intersection:14, mean_episode_reward:-0.4044444262981415, mean_queue:0.5083333253860474
intersection:15, mean_episode_reward:-0.539722204208374, mean_queue:0.6555555462837219
intersection:16, mean_episode_reward:0.0, mean_queue:0.0
intersection:17, mean_episode_reward:0.0, mean_queue:0.0
intersection:18, mean_episode_reward:0.0, mean_queue:0.0
intersection:19, mean_episode_reward:0.0, mean_queue:0.0
intersection:20, mean_episode_reward:0.0, mean_queue:0.0
intersection:21, mean_episode_reward:0.0, mean_queue:0.0
intersection:22, mean_episode_reward:0.0, mean_queue:0.0
intersection:23, mean_episode_reward:0.0, mean_queue:0.0
intersection:24, mean_episode_reward:0.0, mean_queue:0.0
intersection:25, mean_episode_reward:0.0, mean_queue:0.0
intersection:26, mean_episode_reward:0.0, mean_queue:0.0
intersection:27, mean_episode_reward:0.0, mean_queue:0.0
intersection:28, mean_episode_reward:0.0, mean_queue:0.0
intersection:29, mean_episode_reward:0.0, mean_queue:0.0
intersection:30, mean_episode_reward:0.0, mean_queue:0.0
intersection:31, mean_episode_reward:0.0, mean_queue:0.0
Test step:171/200, travel time :171.76997245179064, rewards:-9.247777642144097, queue:0.3404513888888889, delay:0.02396486070421007, throughput:1452
step:3600/3600, q_loss:0.22598546743392944, rewards:-9.458333333333334, queue:0.3463541666666667, delay:0.02375833723280165, throughput:1452
episode:172/200, real avg travel time:171.78443526170798
intersection:0, mean_episode_reward:-0.6583333015441895, mean_queue:0.7388888597488403
intersection:1, mean_episode_reward:-0.7180554866790771, mean_queue:0.8138889074325562
intersection:2, mean_episode_reward:-0.7769442200660706, mean_queue:0.8833333253860474
intersection:3, mean_episode_reward:-0.579444408416748, mean_queue:0.7055555582046509
intersection:4, mean_episode_reward:-0.7266667485237122, mean_queue:0.824999988079071
intersection:5, mean_episode_reward:-0.6416666507720947, mean_queue:0.730555534362793
intersection:6, mean_episode_reward:-0.5122222304344177, mean_queue:0.5916666388511658
intersection:7, mean_episode_reward:-0.4283334016799927, mean_queue:0.5249999761581421
intersection:8, mean_episode_reward:-0.5986109972000122, mean_queue:0.6805555820465088
intersection:9, mean_episode_reward:-0.7508332133293152, mean_queue:0.8305555582046509
intersection:10, mean_episode_reward:-0.48888880014419556, mean_queue:0.5666666626930237
intersection:11, mean_episode_reward:-0.48972228169441223, mean_queue:0.6000000238418579
intersection:12, mean_episode_reward:-0.6394445300102234, mean_queue:0.7611111402511597
intersection:13, mean_episode_reward:-0.5897222757339478, mean_queue:0.7388888597488403
intersection:14, mean_episode_reward:-0.39194434881210327, mean_queue:0.49444442987442017
intersection:15, mean_episode_reward:-0.4675000011920929, mean_queue:0.5972222089767456
intersection:16, mean_episode_reward:0.0, mean_queue:0.0
intersection:17, mean_episode_reward:0.0, mean_queue:0.0
intersection:18, mean_episode_reward:0.0, mean_queue:0.0
intersection:19, mean_episode_reward:0.0, mean_queue:0.0
intersection:20, mean_episode_reward:0.0, mean_queue:0.0
intersection:21, mean_episode_reward:0.0, mean_queue:0.0
intersection:22, mean_episode_reward:0.0, mean_queue:0.0
intersection:23, mean_episode_reward:0.0, mean_queue:0.0
intersection:24, mean_episode_reward:0.0, mean_queue:0.0
intersection:25, mean_episode_reward:0.0, mean_queue:0.0
intersection:26, mean_episode_reward:0.0, mean_queue:0.0
intersection:27, mean_episode_reward:0.0, mean_queue:0.0
intersection:28, mean_episode_reward:0.0, mean_queue:0.0
intersection:29, mean_episode_reward:0.0, mean_queue:0.0
intersection:30, mean_episode_reward:0.0, mean_queue:0.0
intersection:31, mean_episode_reward:0.0, mean_queue:0.0
Test step:172/200, travel time :170.94222833562586, rewards:-8.860000271267362, queue:0.3267361111111111, delay:0.02307260831197103, throughput:1454
step:3600/3600, q_loss:0.22176843881607056, rewards:-9.010833062065972, queue:0.33350694444444445, delay:0.023076542218526206, throughput:1456
episode:173/200, real avg travel time:171.27266483516485
intersection:0, mean_episode_reward:-0.6344444751739502, mean_queue:0.7472222447395325
intersection:1, mean_episode_reward:-0.7213887572288513, mean_queue:0.8194444179534912
intersection:2, mean_episode_reward:-0.6305555105209351, mean_queue:0.730555534362793
intersection:3, mean_episode_reward:-0.4819445013999939, mean_queue:0.605555534362793
intersection:4, mean_episode_reward:-0.6219443678855896, mean_queue:0.7111111283302307
intersection:5, mean_episode_reward:-0.5419444441795349, mean_queue:0.6555555462837219
intersection:6, mean_episode_reward:-0.474166601896286, mean_queue:0.5416666865348816
intersection:7, mean_episode_reward:-0.45055559277534485, mean_queue:0.5444444417953491
intersection:8, mean_episode_reward:-0.6777777075767517, mean_queue:0.75
intersection:9, mean_episode_reward:-0.7305557131767273, mean_queue:0.8055555820465088
intersection:10, mean_episode_reward:-0.5430552959442139, mean_queue:0.6138888597488403
intersection:11, mean_episode_reward:-0.4794445335865021, mean_queue:0.5916666388511658
intersection:12, mean_episode_reward:-0.6422220468521118, mean_queue:0.7833333611488342
intersection:13, mean_episode_reward:-0.5294445753097534, mean_queue:0.7055555582046509
intersection:14, mean_episode_reward:-0.4216667115688324, mean_queue:0.5138888955116272
intersection:15, mean_episode_reward:-0.4297221601009369, mean_queue:0.5527777671813965
intersection:16, mean_episode_reward:0.0, mean_queue:0.0
intersection:17, mean_episode_reward:0.0, mean_queue:0.0
intersection:18, mean_episode_reward:0.0, mean_queue:0.0
intersection:19, mean_episode_reward:0.0, mean_queue:0.0
intersection:20, mean_episode_reward:0.0, mean_queue:0.0
intersection:21, mean_episode_reward:0.0, mean_queue:0.0
intersection:22, mean_episode_reward:0.0, mean_queue:0.0
intersection:23, mean_episode_reward:0.0, mean_queue:0.0
intersection:24, mean_episode_reward:0.0, mean_queue:0.0
intersection:25, mean_episode_reward:0.0, mean_queue:0.0
intersection:26, mean_episode_reward:0.0, mean_queue:0.0
intersection:27, mean_episode_reward:0.0, mean_queue:0.0
intersection:28, mean_episode_reward:0.0, mean_queue:0.0
intersection:29, mean_episode_reward:0.0, mean_queue:0.0
intersection:30, mean_episode_reward:0.0, mean_queue:0.0
intersection:31, mean_episode_reward:0.0, mean_queue:0.0
Test step:173/200, travel time :171.12379642365886, rewards:-8.993333604600695, queue:0.3287326388888889, delay:0.02346895005967882, throughput:1454
step:3600/3600, q_loss:0.2232818454504013, rewards:-9.540277777777778, queue:0.34930555555555554, delay:0.024218882454766166, throughput:1452
episode:174/200, real avg travel time:172.28581267217632
intersection:0, mean_episode_reward:-0.6200000047683716, mean_queue:0.7111111283302307
intersection:1, mean_episode_reward:-0.7372223734855652, mean_queue:0.8361111283302307
intersection:2, mean_episode_reward:-0.7825002670288086, mean_queue:0.8861111402511597
intersection:3, mean_episode_reward:-0.5697221755981445, mean_queue:0.6916666626930237
intersection:4, mean_episode_reward:-0.6566667556762695, mean_queue:0.7583333253860474
intersection:5, mean_episode_reward:-0.5125001072883606, mean_queue:0.5888888835906982
intersection:6, mean_episode_reward:-0.4641666114330292, mean_queue:0.5277777910232544
intersection:7, mean_episode_reward:-0.459444522857666, mean_queue:0.5666666626930237
intersection:8, mean_episode_reward:-0.720277726650238, mean_queue:0.8194444179534912
intersection:9, mean_episode_reward:-0.842499852180481, mean_queue:0.9333333373069763
intersection:10, mean_episode_reward:-0.5661109685897827, mean_queue:0.6361111402511597
intersection:11, mean_episode_reward:-0.4963890612125397, mean_queue:0.6138888597488403
intersection:12, mean_episode_reward:-0.676666796207428, mean_queue:0.7888888716697693
intersection:13, mean_episode_reward:-0.5822222232818604, mean_queue:0.7472222447395325
intersection:14, mean_episode_reward:-0.4119444191455841, mean_queue:0.5111111402511597
intersection:15, mean_episode_reward:-0.441944420337677, mean_queue:0.5611110925674438
intersection:16, mean_episode_reward:0.0, mean_queue:0.0
intersection:17, mean_episode_reward:0.0, mean_queue:0.0
intersection:18, mean_episode_reward:0.0, mean_queue:0.0
intersection:19, mean_episode_reward:0.0, mean_queue:0.0
intersection:20, mean_episode_reward:0.0, mean_queue:0.0
intersection:21, mean_episode_reward:0.0, mean_queue:0.0
intersection:22, mean_episode_reward:0.0, mean_queue:0.0
intersection:23, mean_episode_reward:0.0, mean_queue:0.0
intersection:24, mean_episode_reward:0.0, mean_queue:0.0
intersection:25, mean_episode_reward:0.0, mean_queue:0.0
intersection:26, mean_episode_reward:0.0, mean_queue:0.0
intersection:27, mean_episode_reward:0.0, mean_queue:0.0
intersection:28, mean_episode_reward:0.0, mean_queue:0.0
intersection:29, mean_episode_reward:0.0, mean_queue:0.0
intersection:30, mean_episode_reward:0.0, mean_queue:0.0
intersection:31, mean_episode_reward:0.0, mean_queue:0.0
Test step:174/200, travel time :171.74639175257732, rewards:-9.152498372395833, queue:0.33663194444444444, delay:0.02356617980533176, throughput:1455
step:3600/3600, q_loss:0.2205052524805069, rewards:-9.680277506510416, queue:0.35234375, delay:0.024085945553249784, throughput:1453
episode:175/200, real avg travel time:172.31039229181005
intersection:0, mean_episode_reward:-0.6986110806465149, mean_queue:0.7944444417953491
intersection:1, mean_episode_reward:-0.6863888502120972, mean_queue:0.7777777910232544
intersection:2, mean_episode_reward:-0.7827779054641724, mean_queue:0.8805555701255798
intersection:3, mean_episode_reward:-0.6094444990158081, mean_queue:0.7416666746139526
intersection:4, mean_episode_reward:-0.7724998593330383, mean_queue:0.8722222447395325
intersection:5, mean_episode_reward:-0.5069445371627808, mean_queue:0.5888888835906982
intersection:6, mean_episode_reward:-0.5022222995758057, mean_queue:0.574999988079071
intersection:7, mean_episode_reward:-0.4072221517562866, mean_queue:0.4972222149372101
intersection:8, mean_episode_reward:-0.693611204624176, mean_queue:0.7666666507720947
intersection:9, mean_episode_reward:-0.9619441628456116, mean_queue:1.0444444417953491
intersection:10, mean_episode_reward:-0.5574999451637268, mean_queue:0.6527777910232544
intersection:11, mean_episode_reward:-0.49861106276512146, mean_queue:0.5833333134651184
intersection:12, mean_episode_reward:-0.5644443035125732, mean_queue:0.675000011920929
intersection:13, mean_episode_reward:-0.6013888716697693, mean_queue:0.7583333253860474
intersection:14, mean_episode_reward:-0.3830556273460388, mean_queue:0.49444442987442017
intersection:15, mean_episode_reward:-0.4536111056804657, mean_queue:0.5722222328186035
intersection:16, mean_episode_reward:0.0, mean_queue:0.0
intersection:17, mean_episode_reward:0.0, mean_queue:0.0
intersection:18, mean_episode_reward:0.0, mean_queue:0.0
intersection:19, mean_episode_reward:0.0, mean_queue:0.0
intersection:20, mean_episode_reward:0.0, mean_queue:0.0
intersection:21, mean_episode_reward:0.0, mean_queue:0.0
intersection:22, mean_episode_reward:0.0, mean_queue:0.0
intersection:23, mean_episode_reward:0.0, mean_queue:0.0
intersection:24, mean_episode_reward:0.0, mean_queue:0.0
intersection:25, mean_episode_reward:0.0, mean_queue:0.0
intersection:26, mean_episode_reward:0.0, mean_queue:0.0
intersection:27, mean_episode_reward:0.0, mean_queue:0.0
intersection:28, mean_episode_reward:0.0, mean_queue:0.0
intersection:29, mean_episode_reward:0.0, mean_queue:0.0
intersection:30, mean_episode_reward:0.0, mean_queue:0.0
intersection:31, mean_episode_reward:0.0, mean_queue:0.0
Test step:175/200, travel time :170.64924346629985, rewards:-8.909166802300348, queue:0.32803819444444443, delay:0.022821315129597983, throughput:1454
step:3600/3600, q_loss:0.22613072395324707, rewards:-9.64083251953125, queue:0.3521701388888889, delay:0.024018817477756076, throughput:1454
episode:176/200, real avg travel time:172.39614855570838
intersection:0, mean_episode_reward:-0.6899999380111694, mean_queue:0.7638888955116272
intersection:1, mean_episode_reward:-0.7250000834465027, mean_queue:0.8138889074325562
intersection:2, mean_episode_reward:-0.6402778029441833, mean_queue:0.7583333253860474
intersection:3, mean_episode_reward:-0.5641665458679199, mean_queue:0.6805555820465088
intersection:4, mean_episode_reward:-0.7469443678855896, mean_queue:0.8666666746139526
intersection:5, mean_episode_reward:-0.5411109328269958, mean_queue:0.6416666507720947
intersection:6, mean_episode_reward:-0.4419443905353546, mean_queue:0.5222222208976746
intersection:7, mean_episode_reward:-0.43666669726371765, mean_queue:0.5472221970558167
intersection:8, mean_episode_reward:-0.6972221732139587, mean_queue:0.7472222447395325
intersection:9, mean_episode_reward:-0.7386112809181213, mean_queue:0.8305555582046509
intersection:10, mean_episode_reward:-0.5041666030883789, mean_queue:0.5555555820465088
intersection:11, mean_episode_reward:-0.5447221994400024, mean_queue:0.6472222208976746
intersection:12, mean_episode_reward:-0.6549999713897705, mean_queue:0.7749999761581421
intersection:13, mean_episode_reward:-0.6636109948158264, mean_queue:0.8361111283302307
intersection:14, mean_episode_reward:-0.45055559277534485, mean_queue:0.5361111164093018
intersection:15, mean_episode_reward:-0.6008332371711731, mean_queue:0.7472222447395325
intersection:16, mean_episode_reward:0.0, mean_queue:0.0
intersection:17, mean_episode_reward:0.0, mean_queue:0.0
intersection:18, mean_episode_reward:0.0, mean_queue:0.0
intersection:19, mean_episode_reward:0.0, mean_queue:0.0
intersection:20, mean_episode_reward:0.0, mean_queue:0.0
intersection:21, mean_episode_reward:0.0, mean_queue:0.0
intersection:22, mean_episode_reward:0.0, mean_queue:0.0
intersection:23, mean_episode_reward:0.0, mean_queue:0.0
intersection:24, mean_episode_reward:0.0, mean_queue:0.0
intersection:25, mean_episode_reward:0.0, mean_queue:0.0
intersection:26, mean_episode_reward:0.0, mean_queue:0.0
intersection:27, mean_episode_reward:0.0, mean_queue:0.0
intersection:28, mean_episode_reward:0.0, mean_queue:0.0
intersection:29, mean_episode_reward:0.0, mean_queue:0.0
intersection:30, mean_episode_reward:0.0, mean_queue:0.0
intersection:31, mean_episode_reward:0.0, mean_queue:0.0
Test step:176/200, travel time :171.76975945017182, rewards:-9.223888481987847, queue:0.3373263888888889, delay:0.023276360829671223, throughput:1455
step:3600/3600, q_loss:0.22757023572921753, rewards:-9.57833251953125, queue:0.3498263888888889, delay:0.023664214875963, throughput:1451
episode:177/200, real avg travel time:172.3094417643005
intersection:0, mean_episode_reward:-0.7150000929832458, mean_queue:0.800000011920929
intersection:1, mean_episode_reward:-0.611111044883728, mean_queue:0.699999988079071
intersection:2, mean_episode_reward:-0.7074999809265137, mean_queue:0.8138889074325562
intersection:3, mean_episode_reward:-0.5111111402511597, mean_queue:0.6499999761581421
intersection:4, mean_episode_reward:-0.663611114025116, mean_queue:0.7749999761581421
intersection:5, mean_episode_reward:-0.47444427013397217, mean_queue:0.550000011920929
intersection:6, mean_episode_reward:-0.49861106276512146, mean_queue:0.5888888835906982
intersection:7, mean_episode_reward:-0.43999993801116943, mean_queue:0.5472221970558167
intersection:8, mean_episode_reward:-0.7822219729423523, mean_queue:0.8638888597488403
intersection:9, mean_episode_reward:-0.8299999833106995, mean_queue:0.9083333611488342
intersection:10, mean_episode_reward:-0.6141665577888489, mean_queue:0.6555555462837219
intersection:11, mean_episode_reward:-0.5497221350669861, mean_queue:0.6611111164093018
intersection:12, mean_episode_reward:-0.6444444060325623, mean_queue:0.7611111402511597
intersection:13, mean_episode_reward:-0.6038889288902283, mean_queue:0.7611111402511597
intersection:14, mean_episode_reward:-0.4383332133293152, mean_queue:0.5416666865348816
intersection:15, mean_episode_reward:-0.49416661262512207, mean_queue:0.6166666746139526
intersection:16, mean_episode_reward:0.0, mean_queue:0.0
intersection:17, mean_episode_reward:0.0, mean_queue:0.0
intersection:18, mean_episode_reward:0.0, mean_queue:0.0
intersection:19, mean_episode_reward:0.0, mean_queue:0.0
intersection:20, mean_episode_reward:0.0, mean_queue:0.0
intersection:21, mean_episode_reward:0.0, mean_queue:0.0
intersection:22, mean_episode_reward:0.0, mean_queue:0.0
intersection:23, mean_episode_reward:0.0, mean_queue:0.0
intersection:24, mean_episode_reward:0.0, mean_queue:0.0
intersection:25, mean_episode_reward:0.0, mean_queue:0.0
intersection:26, mean_episode_reward:0.0, mean_queue:0.0
intersection:27, mean_episode_reward:0.0, mean_queue:0.0
intersection:28, mean_episode_reward:0.0, mean_queue:0.0
intersection:29, mean_episode_reward:0.0, mean_queue:0.0
intersection:30, mean_episode_reward:0.0, mean_queue:0.0
intersection:31, mean_episode_reward:0.0, mean_queue:0.0
Test step:177/200, travel time :172.02269601100411, rewards:-9.536110432942708, queue:0.34921875, delay:0.0236707157558865, throughput:1454
step:3600/3600, q_loss:0.22231784462928772, rewards:-9.371388075086806, queue:0.34383680555555557, delay:0.02384298112657335, throughput:1453
episode:178/200, real avg travel time:171.80385409497592
intersection:0, mean_episode_reward:-0.6616665720939636, mean_queue:0.7472222447395325
intersection:1, mean_episode_reward:-0.6552775502204895, mean_queue:0.7444444298744202
intersection:2, mean_episode_reward:-0.7058331966400146, mean_queue:0.8083333373069763
intersection:3, mean_episode_reward:-0.4711112976074219, mean_queue:0.6111111044883728
intersection:4, mean_episode_reward:-0.7852775454521179, mean_queue:0.8833333253860474
intersection:5, mean_episode_reward:-0.5541666150093079, mean_queue:0.644444465637207
intersection:6, mean_episode_reward:-0.5344443917274475, mean_queue:0.625
intersection:7, mean_episode_reward:-0.48388880491256714, mean_queue:0.6000000238418579
intersection:8, mean_episode_reward:-0.6916664838790894, mean_queue:0.7611111402511597
intersection:9, mean_episode_reward:-0.8347224593162537, mean_queue:0.9055555462837219
intersection:10, mean_episode_reward:-0.4930553734302521, mean_queue:0.5611110925674438
intersection:11, mean_episode_reward:-0.48527777194976807, mean_queue:0.5888888835906982
intersection:12, mean_episode_reward:-0.5749999284744263, mean_queue:0.6944444179534912
intersection:13, mean_episode_reward:-0.5147222876548767, mean_queue:0.6861110925674438
intersection:14, mean_episode_reward:-0.42888882756233215, mean_queue:0.5166666507720947
intersection:15, mean_episode_reward:-0.49638891220092773, mean_queue:0.625
intersection:16, mean_episode_reward:0.0, mean_queue:0.0
intersection:17, mean_episode_reward:0.0, mean_queue:0.0
intersection:18, mean_episode_reward:0.0, mean_queue:0.0
intersection:19, mean_episode_reward:0.0, mean_queue:0.0
intersection:20, mean_episode_reward:0.0, mean_queue:0.0
intersection:21, mean_episode_reward:0.0, mean_queue:0.0
intersection:22, mean_episode_reward:0.0, mean_queue:0.0
intersection:23, mean_episode_reward:0.0, mean_queue:0.0
intersection:24, mean_episode_reward:0.0, mean_queue:0.0
intersection:25, mean_episode_reward:0.0, mean_queue:0.0
intersection:26, mean_episode_reward:0.0, mean_queue:0.0
intersection:27, mean_episode_reward:0.0, mean_queue:0.0
intersection:28, mean_episode_reward:0.0, mean_queue:0.0
intersection:29, mean_episode_reward:0.0, mean_queue:0.0
intersection:30, mean_episode_reward:0.0, mean_queue:0.0
intersection:31, mean_episode_reward:0.0, mean_queue:0.0
Test step:178/200, travel time :171.66391184573004, rewards:-9.17166748046875, queue:0.3373263888888889, delay:0.023829656177096897, throughput:1452
step:3600/3600, q_loss:0.2229124754667282, rewards:-9.131666395399305, queue:0.3363715277777778, delay:0.02330209149254693, throughput:1453
episode:179/200, real avg travel time:171.3317274604267
intersection:0, mean_episode_reward:-0.6252776384353638, mean_queue:0.7138888835906982
intersection:1, mean_episode_reward:-0.5922220349311829, mean_queue:0.6694444417953491
intersection:2, mean_episode_reward:-0.7313889265060425, mean_queue:0.8444444537162781
intersection:3, mean_episode_reward:-0.524444580078125, mean_queue:0.6722221970558167
intersection:4, mean_episode_reward:-0.6208332777023315, mean_queue:0.7361111044883728
intersection:5, mean_episode_reward:-0.5433333516120911, mean_queue:0.6194444298744202
intersection:6, mean_episode_reward:-0.5047221779823303, mean_queue:0.5694444179534912
intersection:7, mean_episode_reward:-0.44361114501953125, mean_queue:0.519444465637207
intersection:8, mean_episode_reward:-0.8077773451805115, mean_queue:0.8999999761581421
intersection:9, mean_episode_reward:-0.717222273349762, mean_queue:0.8111110925674438
intersection:10, mean_episode_reward:-0.46749991178512573, mean_queue:0.5527777671813965
intersection:11, mean_episode_reward:-0.46527791023254395, mean_queue:0.574999988079071
intersection:12, mean_episode_reward:-0.6541666388511658, mean_queue:0.769444465637207
intersection:13, mean_episode_reward:-0.5338888764381409, mean_queue:0.6972222328186035
intersection:14, mean_episode_reward:-0.41722220182418823, mean_queue:0.5
intersection:15, mean_episode_reward:-0.48277774453163147, mean_queue:0.6138888597488403
intersection:16, mean_episode_reward:0.0, mean_queue:0.0
intersection:17, mean_episode_reward:0.0, mean_queue:0.0
intersection:18, mean_episode_reward:0.0, mean_queue:0.0
intersection:19, mean_episode_reward:0.0, mean_queue:0.0
intersection:20, mean_episode_reward:0.0, mean_queue:0.0
intersection:21, mean_episode_reward:0.0, mean_queue:0.0
intersection:22, mean_episode_reward:0.0, mean_queue:0.0
intersection:23, mean_episode_reward:0.0, mean_queue:0.0
intersection:24, mean_episode_reward:0.0, mean_queue:0.0
intersection:25, mean_episode_reward:0.0, mean_queue:0.0
intersection:26, mean_episode_reward:0.0, mean_queue:0.0
intersection:27, mean_episode_reward:0.0, mean_queue:0.0
intersection:28, mean_episode_reward:0.0, mean_queue:0.0
intersection:29, mean_episode_reward:0.0, mean_queue:0.0
intersection:30, mean_episode_reward:0.0, mean_queue:0.0
intersection:31, mean_episode_reward:0.0, mean_queue:0.0
Test step:179/200, travel time :171.73933975240715, rewards:-9.247500271267361, queue:0.3385416666666667, delay:0.02370061344570584, throughput:1454
step:3600/3600, q_loss:0.2223576456308365, rewards:-9.361943901909722, queue:0.3453125, delay:0.02377004623413086, throughput:1450
episode:180/200, real avg travel time:172.0848275862069
intersection:0, mean_episode_reward:-0.714999794960022, mean_queue:0.8166666626930237
intersection:1, mean_episode_reward:-0.6569442749023438, mean_queue:0.7527777552604675
intersection:2, mean_episode_reward:-0.7036111354827881, mean_queue:0.8333333134651184
intersection:3, mean_episode_reward:-0.5511109828948975, mean_queue:0.6722221970558167
intersection:4, mean_episode_reward:-0.6791667342185974, mean_queue:0.8027777671813965
intersection:5, mean_episode_reward:-0.5355556607246399, mean_queue:0.6111111044883728
intersection:6, mean_episode_reward:-0.4427778422832489, mean_queue:0.5083333253860474
intersection:7, mean_episode_reward:-0.4325000047683716, mean_queue:0.519444465637207
intersection:8, mean_episode_reward:-0.6961110234260559, mean_queue:0.7777777910232544
intersection:9, mean_episode_reward:-0.8436110615730286, mean_queue:0.9333333373069763
intersection:10, mean_episode_reward:-0.46388885378837585, mean_queue:0.5472221970558167
intersection:11, mean_episode_reward:-0.5147223472595215, mean_queue:0.625
intersection:12, mean_episode_reward:-0.5358332991600037, mean_queue:0.6611111164093018
intersection:13, mean_episode_reward:-0.6641666889190674, mean_queue:0.824999988079071
intersection:14, mean_episode_reward:-0.4688888490200043, mean_queue:0.5722222328186035
intersection:15, mean_episode_reward:-0.4580554962158203, mean_queue:0.5916666388511658
intersection:16, mean_episode_reward:0.0, mean_queue:0.0
intersection:17, mean_episode_reward:0.0, mean_queue:0.0
intersection:18, mean_episode_reward:0.0, mean_queue:0.0
intersection:19, mean_episode_reward:0.0, mean_queue:0.0
intersection:20, mean_episode_reward:0.0, mean_queue:0.0
intersection:21, mean_episode_reward:0.0, mean_queue:0.0
intersection:22, mean_episode_reward:0.0, mean_queue:0.0
intersection:23, mean_episode_reward:0.0, mean_queue:0.0
intersection:24, mean_episode_reward:0.0, mean_queue:0.0
intersection:25, mean_episode_reward:0.0, mean_queue:0.0
intersection:26, mean_episode_reward:0.0, mean_queue:0.0
intersection:27, mean_episode_reward:0.0, mean_queue:0.0
intersection:28, mean_episode_reward:0.0, mean_queue:0.0
intersection:29, mean_episode_reward:0.0, mean_queue:0.0
intersection:30, mean_episode_reward:0.0, mean_queue:0.0
intersection:31, mean_episode_reward:0.0, mean_queue:0.0
Test step:180/200, travel time :172.48486932599724, rewards:-9.555554877387152, queue:0.3506076388888889, delay:0.02423781818813748, throughput:1454
step:3600/3600, q_loss:0.2231627106666565, rewards:-9.215277777777779, queue:0.3386284722222222, delay:0.023847508430480956, throughput:1455
episode:181/200, real avg travel time:171.76701030927836
intersection:0, mean_episode_reward:-0.662777841091156, mean_queue:0.7611111402511597
intersection:1, mean_episode_reward:-0.68833327293396, mean_queue:0.7722222208976746
intersection:2, mean_episode_reward:-0.7599999904632568, mean_queue:0.8972222208976746
intersection:3, mean_episode_reward:-0.46638888120651245, mean_queue:0.5833333134651184
intersection:4, mean_episode_reward:-0.7724999189376831, mean_queue:0.8722222447395325
intersection:5, mean_episode_reward:-0.49805551767349243, mean_queue:0.5777778029441833
intersection:6, mean_episode_reward:-0.4513889253139496, mean_queue:0.5361111164093018
intersection:7, mean_episode_reward:-0.3402777910232544, mean_queue:0.4472222328186035
intersection:8, mean_episode_reward:-0.8313887715339661, mean_queue:0.9388889074325562
intersection:9, mean_episode_reward:-0.8288885951042175, mean_queue:0.9111111164093018
intersection:10, mean_episode_reward:-0.5113888382911682, mean_queue:0.6111111044883728
intersection:11, mean_episode_reward:-0.4077777862548828, mean_queue:0.49444442987442017
intersection:12, mean_episode_reward:-0.5419444441795349, mean_queue:0.6499999761581421
intersection:13, mean_episode_reward:-0.5908333659172058, mean_queue:0.7194444537162781
intersection:14, mean_episode_reward:-0.4463888704776764, mean_queue:0.5333333611488342
intersection:15, mean_episode_reward:-0.4169444739818573, mean_queue:0.5305555462837219
intersection:16, mean_episode_reward:0.0, mean_queue:0.0
intersection:17, mean_episode_reward:0.0, mean_queue:0.0
intersection:18, mean_episode_reward:0.0, mean_queue:0.0
intersection:19, mean_episode_reward:0.0, mean_queue:0.0
intersection:20, mean_episode_reward:0.0, mean_queue:0.0
intersection:21, mean_episode_reward:0.0, mean_queue:0.0
intersection:22, mean_episode_reward:0.0, mean_queue:0.0
intersection:23, mean_episode_reward:0.0, mean_queue:0.0
intersection:24, mean_episode_reward:0.0, mean_queue:0.0
intersection:25, mean_episode_reward:0.0, mean_queue:0.0
intersection:26, mean_episode_reward:0.0, mean_queue:0.0
intersection:27, mean_episode_reward:0.0, mean_queue:0.0
intersection:28, mean_episode_reward:0.0, mean_queue:0.0
intersection:29, mean_episode_reward:0.0, mean_queue:0.0
intersection:30, mean_episode_reward:0.0, mean_queue:0.0
intersection:31, mean_episode_reward:0.0, mean_queue:0.0
Test step:181/200, travel time :171.97314049586777, rewards:-9.463888888888889, queue:0.34774305555555557, delay:0.023998832702636717, throughput:1452
step:3600/3600, q_loss:0.21937181055545807, rewards:-9.720277235243056, queue:0.35494791666666664, delay:0.02451279428270128, throughput:1451
episode:182/200, real avg travel time:172.81667815299792
intersection:0, mean_episode_reward:-0.6169442534446716, mean_queue:0.7111111283302307
intersection:1, mean_episode_reward:-0.7055554986000061, mean_queue:0.7916666865348816
intersection:2, mean_episode_reward:-0.8683332800865173, mean_queue:1.0083333253860474
intersection:3, mean_episode_reward:-0.5380556583404541, mean_queue:0.6472222208976746
intersection:4, mean_episode_reward:-0.7683331966400146, mean_queue:0.8833333253860474
intersection:5, mean_episode_reward:-0.6113889217376709, mean_queue:0.7027778029441833
intersection:6, mean_episode_reward:-0.5047222971916199, mean_queue:0.5833333134651184
intersection:7, mean_episode_reward:-0.3836110532283783, mean_queue:0.4749999940395355
intersection:8, mean_episode_reward:-0.7438889145851135, mean_queue:0.8444444537162781
intersection:9, mean_episode_reward:-0.7758329510688782, mean_queue:0.824999988079071
intersection:10, mean_episode_reward:-0.5269444584846497, mean_queue:0.5916666388511658
intersection:11, mean_episode_reward:-0.4883333742618561, mean_queue:0.6111111044883728
intersection:12, mean_episode_reward:-0.6427780389785767, mean_queue:0.7527777552604675
intersection:13, mean_episode_reward:-0.5747223496437073, mean_queue:0.7416666746139526
intersection:14, mean_episode_reward:-0.4505555033683777, mean_queue:0.5361111164093018
intersection:15, mean_episode_reward:-0.5202777981758118, mean_queue:0.6527777910232544
intersection:16, mean_episode_reward:0.0, mean_queue:0.0
intersection:17, mean_episode_reward:0.0, mean_queue:0.0
intersection:18, mean_episode_reward:0.0, mean_queue:0.0
intersection:19, mean_episode_reward:0.0, mean_queue:0.0
intersection:20, mean_episode_reward:0.0, mean_queue:0.0
intersection:21, mean_episode_reward:0.0, mean_queue:0.0
intersection:22, mean_episode_reward:0.0, mean_queue:0.0
intersection:23, mean_episode_reward:0.0, mean_queue:0.0
intersection:24, mean_episode_reward:0.0, mean_queue:0.0
intersection:25, mean_episode_reward:0.0, mean_queue:0.0
intersection:26, mean_episode_reward:0.0, mean_queue:0.0
intersection:27, mean_episode_reward:0.0, mean_queue:0.0
intersection:28, mean_episode_reward:0.0, mean_queue:0.0
intersection:29, mean_episode_reward:0.0, mean_queue:0.0
intersection:30, mean_episode_reward:0.0, mean_queue:0.0
intersection:31, mean_episode_reward:0.0, mean_queue:0.0
Test step:182/200, travel time :172.16574965612105, rewards:-9.380555555555556, queue:0.34366319444444443, delay:0.024195255173577204, throughput:1454
step:3600/3600, q_loss:0.22368986904621124, rewards:-9.042777506510417, queue:0.33315972222222223, delay:0.023333303133646646, throughput:1453
episode:183/200, real avg travel time:171.5719201651755
intersection:0, mean_episode_reward:-0.7933332920074463, mean_queue:0.8972222208976746
intersection:1, mean_episode_reward:-0.7352776527404785, mean_queue:0.8194444179534912
intersection:2, mean_episode_reward:-0.6930555701255798, mean_queue:0.8083333373069763
intersection:3, mean_episode_reward:-0.4788888692855835, mean_queue:0.5944444537162781
intersection:4, mean_episode_reward:-0.612500011920929, mean_queue:0.7111111283302307
intersection:5, mean_episode_reward:-0.5097220540046692, mean_queue:0.574999988079071
intersection:6, mean_episode_reward:-0.3655555844306946, mean_queue:0.4444444477558136
intersection:7, mean_episode_reward:-0.3358333706855774, mean_queue:0.43888887763023376
intersection:8, mean_episode_reward:-0.7738888263702393, mean_queue:0.8638888597488403
intersection:9, mean_episode_reward:-0.7074999809265137, mean_queue:0.7833333611488342
intersection:10, mean_episode_reward:-0.46638888120651245, mean_queue:0.5583333373069763
intersection:11, mean_episode_reward:-0.5411112308502197, mean_queue:0.6333333253860474
intersection:12, mean_episode_reward:-0.5363890528678894, mean_queue:0.6472222208976746
intersection:13, mean_episode_reward:-0.6330555081367493, mean_queue:0.8027777671813965
intersection:14, mean_episode_reward:-0.3772222399711609, mean_queue:0.4694444537162781
intersection:15, mean_episode_reward:-0.4830555319786072, mean_queue:0.6138888597488403
intersection:16, mean_episode_reward:0.0, mean_queue:0.0
intersection:17, mean_episode_reward:0.0, mean_queue:0.0
intersection:18, mean_episode_reward:0.0, mean_queue:0.0
intersection:19, mean_episode_reward:0.0, mean_queue:0.0
intersection:20, mean_episode_reward:0.0, mean_queue:0.0
intersection:21, mean_episode_reward:0.0, mean_queue:0.0
intersection:22, mean_episode_reward:0.0, mean_queue:0.0
intersection:23, mean_episode_reward:0.0, mean_queue:0.0
intersection:24, mean_episode_reward:0.0, mean_queue:0.0
intersection:25, mean_episode_reward:0.0, mean_queue:0.0
intersection:26, mean_episode_reward:0.0, mean_queue:0.0
intersection:27, mean_episode_reward:0.0, mean_queue:0.0
intersection:28, mean_episode_reward:0.0, mean_queue:0.0
intersection:29, mean_episode_reward:0.0, mean_queue:0.0
intersection:30, mean_episode_reward:0.0, mean_queue:0.0
intersection:31, mean_episode_reward:0.0, mean_queue:0.0
Test step:183/200, travel time :171.88636363636363, rewards:-9.004722764756945, queue:0.3329861111111111, delay:0.02405637370215522, throughput:1452
step:3600/3600, q_loss:0.2260494828224182, rewards:-9.4, queue:0.3470486111111111, delay:0.02371145354376899, throughput:1455
episode:184/200, real avg travel time:172.30515463917527
intersection:0, mean_episode_reward:-0.7355555891990662, mean_queue:0.824999988079071
intersection:1, mean_episode_reward:-0.7341665625572205, mean_queue:0.8138889074325562
intersection:2, mean_episode_reward:-0.7413888573646545, mean_queue:0.8694444298744202
intersection:3, mean_episode_reward:-0.544166624546051, mean_queue:0.675000011920929
intersection:4, mean_episode_reward:-0.6680555939674377, mean_queue:0.7749999761581421
intersection:5, mean_episode_reward:-0.6333333849906921, mean_queue:0.7416666746139526
intersection:6, mean_episode_reward:-0.4661111533641815, mean_queue:0.5527777671813965
intersection:7, mean_episode_reward:-0.4252777397632599, mean_queue:0.5138888955116272
intersection:8, mean_episode_reward:-0.6605556011199951, mean_queue:0.7555555701255798
intersection:9, mean_episode_reward:-0.7383330464363098, mean_queue:0.8472222089767456
intersection:10, mean_episode_reward:-0.4961110055446625, mean_queue:0.5555555820465088
intersection:11, mean_episode_reward:-0.4980555772781372, mean_queue:0.6222222447395325
intersection:12, mean_episode_reward:-0.4744444489479065, mean_queue:0.5861111283302307
intersection:13, mean_episode_reward:-0.5516666769981384, mean_queue:0.6916666626930237
intersection:14, mean_episode_reward:-0.4722222089767456, mean_queue:0.5833333134651184
intersection:15, mean_episode_reward:-0.5605555772781372, mean_queue:0.6972222328186035
intersection:16, mean_episode_reward:0.0, mean_queue:0.0
intersection:17, mean_episode_reward:0.0, mean_queue:0.0
intersection:18, mean_episode_reward:0.0, mean_queue:0.0
intersection:19, mean_episode_reward:0.0, mean_queue:0.0
intersection:20, mean_episode_reward:0.0, mean_queue:0.0
intersection:21, mean_episode_reward:0.0, mean_queue:0.0
intersection:22, mean_episode_reward:0.0, mean_queue:0.0
intersection:23, mean_episode_reward:0.0, mean_queue:0.0
intersection:24, mean_episode_reward:0.0, mean_queue:0.0
intersection:25, mean_episode_reward:0.0, mean_queue:0.0
intersection:26, mean_episode_reward:0.0, mean_queue:0.0
intersection:27, mean_episode_reward:0.0, mean_queue:0.0
intersection:28, mean_episode_reward:0.0, mean_queue:0.0
intersection:29, mean_episode_reward:0.0, mean_queue:0.0
intersection:30, mean_episode_reward:0.0, mean_queue:0.0
intersection:31, mean_episode_reward:0.0, mean_queue:0.0
Test step:184/200, travel time :170.82931865106676, rewards:-8.871944851345486, queue:0.3269097222222222, delay:0.022844325171576606, throughput:1453
step:3600/3600, q_loss:0.22036056220531464, rewards:-9.219443088107639, queue:0.33975694444444443, delay:0.02362275653415256, throughput:1452
episode:185/200, real avg travel time:171.72107438016528
intersection:0, mean_episode_reward:-0.7524998188018799, mean_queue:0.8527777791023254
intersection:1, mean_episode_reward:-0.6855554580688477, mean_queue:0.7972221970558167
intersection:2, mean_episode_reward:-0.6597221493721008, mean_queue:0.769444465637207
intersection:3, mean_episode_reward:-0.4561111032962799, mean_queue:0.5722222328186035
intersection:4, mean_episode_reward:-0.7350000143051147, mean_queue:0.8444444537162781
intersection:5, mean_episode_reward:-0.48194441199302673, mean_queue:0.5722222328186035
intersection:6, mean_episode_reward:-0.48111122846603394, mean_queue:0.5638889074325562
intersection:7, mean_episode_reward:-0.33916664123535156, mean_queue:0.43611112236976624
intersection:8, mean_episode_reward:-0.711666464805603, mean_queue:0.800000011920929
intersection:9, mean_episode_reward:-0.8158330321311951, mean_queue:0.894444465637207
intersection:10, mean_episode_reward:-0.5044443607330322, mean_queue:0.5694444179534912
intersection:11, mean_episode_reward:-0.42194443941116333, mean_queue:0.5305555462837219
intersection:12, mean_episode_reward:-0.47222235798835754, mean_queue:0.5833333134651184
intersection:13, mean_episode_reward:-0.6411111354827881, mean_queue:0.8027777671813965
intersection:14, mean_episode_reward:-0.4588888883590698, mean_queue:0.5555555820465088
intersection:15, mean_episode_reward:-0.602222204208374, mean_queue:0.7277777791023254
intersection:16, mean_episode_reward:0.0, mean_queue:0.0
intersection:17, mean_episode_reward:0.0, mean_queue:0.0
intersection:18, mean_episode_reward:0.0, mean_queue:0.0
intersection:19, mean_episode_reward:0.0, mean_queue:0.0
intersection:20, mean_episode_reward:0.0, mean_queue:0.0
intersection:21, mean_episode_reward:0.0, mean_queue:0.0
intersection:22, mean_episode_reward:0.0, mean_queue:0.0
intersection:23, mean_episode_reward:0.0, mean_queue:0.0
intersection:24, mean_episode_reward:0.0, mean_queue:0.0
intersection:25, mean_episode_reward:0.0, mean_queue:0.0
intersection:26, mean_episode_reward:0.0, mean_queue:0.0
intersection:27, mean_episode_reward:0.0, mean_queue:0.0
intersection:28, mean_episode_reward:0.0, mean_queue:0.0
intersection:29, mean_episode_reward:0.0, mean_queue:0.0
intersection:30, mean_episode_reward:0.0, mean_queue:0.0
intersection:31, mean_episode_reward:0.0, mean_queue:0.0
Test step:185/200, travel time :172.29003436426117, rewards:-9.406388346354166, queue:0.3446180555555556, delay:0.02402739789750841, throughput:1455
step:3600/3600, q_loss:0.21922527253627777, rewards:-9.252499728732639, queue:0.34036458333333336, delay:0.024165325694613986, throughput:1454
episode:186/200, real avg travel time:171.88583218707015
intersection:0, mean_episode_reward:-0.7047222256660461, mean_queue:0.7944444417953491
intersection:1, mean_episode_reward:-0.7069445252418518, mean_queue:0.8083333373069763
intersection:2, mean_episode_reward:-0.7058331966400146, mean_queue:0.8138889074325562
intersection:3, mean_episode_reward:-0.4677777588367462, mean_queue:0.6000000238418579
intersection:4, mean_episode_reward:-0.7183331847190857, mean_queue:0.8416666388511658
intersection:5, mean_episode_reward:-0.5658332705497742, mean_queue:0.6611111164093018
intersection:6, mean_episode_reward:-0.4938889741897583, mean_queue:0.574999988079071
intersection:7, mean_episode_reward:-0.4099999666213989, mean_queue:0.5111111402511597
intersection:8, mean_episode_reward:-0.6361109614372253, mean_queue:0.7194444537162781
intersection:9, mean_episode_reward:-0.67083340883255, mean_queue:0.75
intersection:10, mean_episode_reward:-0.4813888669013977, mean_queue:0.5416666865348816
intersection:11, mean_episode_reward:-0.479722261428833, mean_queue:0.5944444537162781
intersection:12, mean_episode_reward:-0.5263890027999878, mean_queue:0.6472222208976746
intersection:13, mean_episode_reward:-0.6800000667572021, mean_queue:0.8222222328186035
intersection:14, mean_episode_reward:-0.41583332419395447, mean_queue:0.4972222149372101
intersection:15, mean_episode_reward:-0.5888890027999878, mean_queue:0.7138888835906982
intersection:16, mean_episode_reward:0.0, mean_queue:0.0
intersection:17, mean_episode_reward:0.0, mean_queue:0.0
intersection:18, mean_episode_reward:0.0, mean_queue:0.0
intersection:19, mean_episode_reward:0.0, mean_queue:0.0
intersection:20, mean_episode_reward:0.0, mean_queue:0.0
intersection:21, mean_episode_reward:0.0, mean_queue:0.0
intersection:22, mean_episode_reward:0.0, mean_queue:0.0
intersection:23, mean_episode_reward:0.0, mean_queue:0.0
intersection:24, mean_episode_reward:0.0, mean_queue:0.0
intersection:25, mean_episode_reward:0.0, mean_queue:0.0
intersection:26, mean_episode_reward:0.0, mean_queue:0.0
intersection:27, mean_episode_reward:0.0, mean_queue:0.0
intersection:28, mean_episode_reward:0.0, mean_queue:0.0
intersection:29, mean_episode_reward:0.0, mean_queue:0.0
intersection:30, mean_episode_reward:0.0, mean_queue:0.0
intersection:31, mean_episode_reward:0.0, mean_queue:0.0
Test step:186/200, travel time :171.90577716643742, rewards:-9.233610704210069, queue:0.33828125, delay:0.023867130279541016, throughput:1454
step:3600/3600, q_loss:0.21595463156700134, rewards:-9.462221272786458, queue:0.34739583333333335, delay:0.023622544606526692, throughput:1452
episode:187/200, real avg travel time:172.0048209366391
intersection:0, mean_episode_reward:-0.788055419921875, mean_queue:0.8861111402511597
intersection:1, mean_episode_reward:-0.6738889813423157, mean_queue:0.7472222447395325
intersection:2, mean_episode_reward:-0.8077776432037354, mean_queue:0.925000011920929
intersection:3, mean_episode_reward:-0.4611111879348755, mean_queue:0.5916666388511658
intersection:4, mean_episode_reward:-0.659722089767456, mean_queue:0.7638888955116272
intersection:5, mean_episode_reward:-0.5344444513320923, mean_queue:0.6277777552604675
intersection:6, mean_episode_reward:-0.5238887667655945, mean_queue:0.6027777791023254
intersection:7, mean_episode_reward:-0.3711110055446625, mean_queue:0.4472222328186035
intersection:8, mean_episode_reward:-0.7297220826148987, mean_queue:0.8138889074325562
intersection:9, mean_episode_reward:-0.7705556154251099, mean_queue:0.8638888597488403
intersection:10, mean_episode_reward:-0.5288887619972229, mean_queue:0.6083333492279053
intersection:11, mean_episode_reward:-0.43888893723487854, mean_queue:0.5527777671813965
intersection:12, mean_episode_reward:-0.5058333277702332, mean_queue:0.6222222447395325
intersection:13, mean_episode_reward:-0.6469443440437317, mean_queue:0.8055555820465088
intersection:14, mean_episode_reward:-0.5086110234260559, mean_queue:0.6083333492279053
intersection:15, mean_episode_reward:-0.5127777457237244, mean_queue:0.6499999761581421
intersection:16, mean_episode_reward:0.0, mean_queue:0.0
intersection:17, mean_episode_reward:0.0, mean_queue:0.0
intersection:18, mean_episode_reward:0.0, mean_queue:0.0
intersection:19, mean_episode_reward:0.0, mean_queue:0.0
intersection:20, mean_episode_reward:0.0, mean_queue:0.0
intersection:21, mean_episode_reward:0.0, mean_queue:0.0
intersection:22, mean_episode_reward:0.0, mean_queue:0.0
intersection:23, mean_episode_reward:0.0, mean_queue:0.0
intersection:24, mean_episode_reward:0.0, mean_queue:0.0
intersection:25, mean_episode_reward:0.0, mean_queue:0.0
intersection:26, mean_episode_reward:0.0, mean_queue:0.0
intersection:27, mean_episode_reward:0.0, mean_queue:0.0
intersection:28, mean_episode_reward:0.0, mean_queue:0.0
intersection:29, mean_episode_reward:0.0, mean_queue:0.0
intersection:30, mean_episode_reward:0.0, mean_queue:0.0
intersection:31, mean_episode_reward:0.0, mean_queue:0.0
Test step:187/200, travel time :171.86648313833447, rewards:-9.36583251953125, queue:0.3450520833333333, delay:0.02389987309773763, throughput:1453
step:3600/3600, q_loss:0.22039316594600677, rewards:-9.455555555555556, queue:0.3484375, delay:0.023894241121080188, throughput:1455
episode:188/200, real avg travel time:172.23780068728522
intersection:0, mean_episode_reward:-0.7530553936958313, mean_queue:0.8583333492279053
intersection:1, mean_episode_reward:-0.7205553650856018, mean_queue:0.8138889074325562
intersection:2, mean_episode_reward:-0.6905556321144104, mean_queue:0.8027777671813965
intersection:3, mean_episode_reward:-0.506111204624176, mean_queue:0.6472222208976746
intersection:4, mean_episode_reward:-0.6938889622688293, mean_queue:0.8027777671813965
intersection:5, mean_episode_reward:-0.5119444727897644, mean_queue:0.5805555582046509
intersection:6, mean_episode_reward:-0.5313889980316162, mean_queue:0.6166666746139526
intersection:7, mean_episode_reward:-0.40527766942977905, mean_queue:0.4833333194255829
intersection:8, mean_episode_reward:-0.7766667008399963, mean_queue:0.875
intersection:9, mean_episode_reward:-0.7661110162734985, mean_queue:0.8694444298744202
intersection:10, mean_episode_reward:-0.5705553889274597, mean_queue:0.6527777910232544
intersection:11, mean_episode_reward:-0.457777738571167, mean_queue:0.5666666626930237
intersection:12, mean_episode_reward:-0.5063888430595398, mean_queue:0.6083333492279053
intersection:13, mean_episode_reward:-0.6094444394111633, mean_queue:0.7833333611488342
intersection:14, mean_episode_reward:-0.457777738571167, mean_queue:0.5694444179534912
intersection:15, mean_episode_reward:-0.4980555772781372, mean_queue:0.6194444298744202
intersection:16, mean_episode_reward:0.0, mean_queue:0.0
intersection:17, mean_episode_reward:0.0, mean_queue:0.0
intersection:18, mean_episode_reward:0.0, mean_queue:0.0
intersection:19, mean_episode_reward:0.0, mean_queue:0.0
intersection:20, mean_episode_reward:0.0, mean_queue:0.0
intersection:21, mean_episode_reward:0.0, mean_queue:0.0
intersection:22, mean_episode_reward:0.0, mean_queue:0.0
intersection:23, mean_episode_reward:0.0, mean_queue:0.0
intersection:24, mean_episode_reward:0.0, mean_queue:0.0
intersection:25, mean_episode_reward:0.0, mean_queue:0.0
intersection:26, mean_episode_reward:0.0, mean_queue:0.0
intersection:27, mean_episode_reward:0.0, mean_queue:0.0
intersection:28, mean_episode_reward:0.0, mean_queue:0.0
intersection:29, mean_episode_reward:0.0, mean_queue:0.0
intersection:30, mean_episode_reward:0.0, mean_queue:0.0
intersection:31, mean_episode_reward:0.0, mean_queue:0.0
Test step:188/200, travel time :172.20357634112793, rewards:-9.473610432942708, queue:0.34739583333333335, delay:0.023699159092373318, throughput:1454
step:3600/3600, q_loss:0.22667312622070312, rewards:-9.550278727213541, queue:0.3519097222222222, delay:0.023828321033053927, throughput:1454
episode:189/200, real avg travel time:172.52407152682255
intersection:0, mean_episode_reward:-0.6894444823265076, mean_queue:0.7777777910232544
intersection:1, mean_episode_reward:-0.6880555152893066, mean_queue:0.7861111164093018
intersection:2, mean_episode_reward:-0.8477777242660522, mean_queue:0.9944444298744202
intersection:3, mean_episode_reward:-0.6383334398269653, mean_queue:0.7666666507720947
intersection:4, mean_episode_reward:-0.620555579662323, mean_queue:0.7250000238418579
intersection:5, mean_episode_reward:-0.48000001907348633, mean_queue:0.5611110925674438
intersection:6, mean_episode_reward:-0.5508334040641785, mean_queue:0.6388888955116272
intersection:7, mean_episode_reward:-0.4402778744697571, mean_queue:0.5611110925674438
intersection:8, mean_episode_reward:-0.7469443678855896, mean_queue:0.8361111283302307
intersection:9, mean_episode_reward:-0.7352777123451233, mean_queue:0.8111110925674438
intersection:10, mean_episode_reward:-0.4838888347148895, mean_queue:0.5694444179534912
intersection:11, mean_episode_reward:-0.4538889527320862, mean_queue:0.5666666626930237
intersection:12, mean_episode_reward:-0.5133333206176758, mean_queue:0.6166666746139526
intersection:13, mean_episode_reward:-0.5422223210334778, mean_queue:0.7083333134651184
intersection:14, mean_episode_reward:-0.4683334231376648, mean_queue:0.5583333373069763
intersection:15, mean_episode_reward:-0.6511112451553345, mean_queue:0.7833333611488342
intersection:16, mean_episode_reward:0.0, mean_queue:0.0
intersection:17, mean_episode_reward:0.0, mean_queue:0.0
intersection:18, mean_episode_reward:0.0, mean_queue:0.0
intersection:19, mean_episode_reward:0.0, mean_queue:0.0
intersection:20, mean_episode_reward:0.0, mean_queue:0.0
intersection:21, mean_episode_reward:0.0, mean_queue:0.0
intersection:22, mean_episode_reward:0.0, mean_queue:0.0
intersection:23, mean_episode_reward:0.0, mean_queue:0.0
intersection:24, mean_episode_reward:0.0, mean_queue:0.0
intersection:25, mean_episode_reward:0.0, mean_queue:0.0
intersection:26, mean_episode_reward:0.0, mean_queue:0.0
intersection:27, mean_episode_reward:0.0, mean_queue:0.0
intersection:28, mean_episode_reward:0.0, mean_queue:0.0
intersection:29, mean_episode_reward:0.0, mean_queue:0.0
intersection:30, mean_episode_reward:0.0, mean_queue:0.0
intersection:31, mean_episode_reward:0.0, mean_queue:0.0
Test step:189/200, travel time :170.88651994497937, rewards:-8.780000135633681, queue:0.32534722222222223, delay:0.022807910707261826, throughput:1454
step:3600/3600, q_loss:0.2237118035554886, rewards:-9.3477783203125, queue:0.3427951388888889, delay:0.023790211147732204, throughput:1454
episode:190/200, real avg travel time:172.07565337001375
intersection:0, mean_episode_reward:-0.6444444060325623, mean_queue:0.7250000238418579
intersection:1, mean_episode_reward:-0.6916666030883789, mean_queue:0.7972221970558167
intersection:2, mean_episode_reward:-0.7683332562446594, mean_queue:0.894444465637207
intersection:3, mean_episode_reward:-0.5513888597488403, mean_queue:0.6638888716697693
intersection:4, mean_episode_reward:-0.7361109256744385, mean_queue:0.8388888835906982
intersection:5, mean_episode_reward:-0.5086111426353455, mean_queue:0.6000000238418579
intersection:6, mean_episode_reward:-0.5166667699813843, mean_queue:0.5888888835906982
intersection:7, mean_episode_reward:-0.42944449186325073, mean_queue:0.5222222208976746
intersection:8, mean_episode_reward:-0.6266666650772095, mean_queue:0.7111111283302307
intersection:9, mean_episode_reward:-0.6469444036483765, mean_queue:0.7222222089767456
intersection:10, mean_episode_reward:-0.510555624961853, mean_queue:0.5638889074325562
intersection:11, mean_episode_reward:-0.5002778172492981, mean_queue:0.6111111044883728
intersection:12, mean_episode_reward:-0.6013890504837036, mean_queue:0.730555534362793
intersection:13, mean_episode_reward:-0.6886110305786133, mean_queue:0.8361111283302307
intersection:14, mean_episode_reward:-0.41527777910232544, mean_queue:0.5222222208976746
intersection:15, mean_episode_reward:-0.511388897895813, mean_queue:0.6416666507720947
intersection:16, mean_episode_reward:0.0, mean_queue:0.0
intersection:17, mean_episode_reward:0.0, mean_queue:0.0
intersection:18, mean_episode_reward:0.0, mean_queue:0.0
intersection:19, mean_episode_reward:0.0, mean_queue:0.0
intersection:20, mean_episode_reward:0.0, mean_queue:0.0
intersection:21, mean_episode_reward:0.0, mean_queue:0.0
intersection:22, mean_episode_reward:0.0, mean_queue:0.0
intersection:23, mean_episode_reward:0.0, mean_queue:0.0
intersection:24, mean_episode_reward:0.0, mean_queue:0.0
intersection:25, mean_episode_reward:0.0, mean_queue:0.0
intersection:26, mean_episode_reward:0.0, mean_queue:0.0
intersection:27, mean_episode_reward:0.0, mean_queue:0.0
intersection:28, mean_episode_reward:0.0, mean_queue:0.0
intersection:29, mean_episode_reward:0.0, mean_queue:0.0
intersection:30, mean_episode_reward:0.0, mean_queue:0.0
intersection:31, mean_episode_reward:0.0, mean_queue:0.0
Test step:190/200, travel time :172.09222298692362, rewards:-9.36333279079861, queue:0.3443576388888889, delay:0.023774843745761446, throughput:1453
step:3600/3600, q_loss:0.21910811960697174, rewards:-9.481110975477431, queue:0.34713541666666664, delay:0.023789633644951715, throughput:1455
episode:191/200, real avg travel time:172.14295532646048
intersection:0, mean_episode_reward:-0.7572221755981445, mean_queue:0.8638888597488403
intersection:1, mean_episode_reward:-0.6516668200492859, mean_queue:0.730555534362793
intersection:2, mean_episode_reward:-0.7341664433479309, mean_queue:0.8388888835906982
intersection:3, mean_episode_reward:-0.6161110997200012, mean_queue:0.730555534362793
intersection:4, mean_episode_reward:-0.7158331274986267, mean_queue:0.8138889074325562
intersection:5, mean_episode_reward:-0.5594443678855896, mean_queue:0.6361111402511597
intersection:6, mean_episode_reward:-0.5886111259460449, mean_queue:0.6666666865348816
intersection:7, mean_episode_reward:-0.45472216606140137, mean_queue:0.5861111283302307
intersection:8, mean_episode_reward:-0.644444465637207, mean_queue:0.7361111044883728
intersection:9, mean_episode_reward:-0.6602778434753418, mean_queue:0.7444444298744202
intersection:10, mean_episode_reward:-0.529722273349762, mean_queue:0.6083333492279053
intersection:11, mean_episode_reward:-0.4744444489479065, mean_queue:0.5916666388511658
intersection:12, mean_episode_reward:-0.5480555295944214, mean_queue:0.6694444417953491
intersection:13, mean_episode_reward:-0.6255555748939514, mean_queue:0.7527777552604675
intersection:14, mean_episode_reward:-0.4005555808544159, mean_queue:0.4861111044883728
intersection:15, mean_episode_reward:-0.5202777981758118, mean_queue:0.6527777910232544
intersection:16, mean_episode_reward:0.0, mean_queue:0.0
intersection:17, mean_episode_reward:0.0, mean_queue:0.0
intersection:18, mean_episode_reward:0.0, mean_queue:0.0
intersection:19, mean_episode_reward:0.0, mean_queue:0.0
intersection:20, mean_episode_reward:0.0, mean_queue:0.0
intersection:21, mean_episode_reward:0.0, mean_queue:0.0
intersection:22, mean_episode_reward:0.0, mean_queue:0.0
intersection:23, mean_episode_reward:0.0, mean_queue:0.0
intersection:24, mean_episode_reward:0.0, mean_queue:0.0
intersection:25, mean_episode_reward:0.0, mean_queue:0.0
intersection:26, mean_episode_reward:0.0, mean_queue:0.0
intersection:27, mean_episode_reward:0.0, mean_queue:0.0
intersection:28, mean_episode_reward:0.0, mean_queue:0.0
intersection:29, mean_episode_reward:0.0, mean_queue:0.0
intersection:30, mean_episode_reward:0.0, mean_queue:0.0
intersection:31, mean_episode_reward:0.0, mean_queue:0.0
Test step:191/200, travel time :172.41706813489333, rewards:-9.408333333333333, queue:0.34661458333333334, delay:0.024195665783352322, throughput:1453
step:3600/3600, q_loss:0.21611182391643524, rewards:-9.35694308810764, queue:0.34366319444444443, delay:0.023550229602389866, throughput:1452
episode:192/200, real avg travel time:171.8870523415978
intersection:0, mean_episode_reward:-0.6827776432037354, mean_queue:0.7638888955116272
intersection:1, mean_episode_reward:-0.6997222900390625, mean_queue:0.800000011920929
intersection:2, mean_episode_reward:-0.6919444799423218, mean_queue:0.8305555582046509
intersection:3, mean_episode_reward:-0.5288888812065125, mean_queue:0.6527777910232544
intersection:4, mean_episode_reward:-0.744999885559082, mean_queue:0.8388888835906982
intersection:5, mean_episode_reward:-0.5258334279060364, mean_queue:0.6138888597488403
intersection:6, mean_episode_reward:-0.4919443726539612, mean_queue:0.5583333373069763
intersection:7, mean_episode_reward:-0.441388875246048, mean_queue:0.5444444417953491
intersection:8, mean_episode_reward:-0.8002771735191345, mean_queue:0.8861111402511597
intersection:9, mean_episode_reward:-0.6758332252502441, mean_queue:0.7666666507720947
intersection:10, mean_episode_reward:-0.5013887882232666, mean_queue:0.5666666626930237
intersection:11, mean_episode_reward:-0.45444455742836, mean_queue:0.5722222328186035
intersection:12, mean_episode_reward:-0.602222204208374, mean_queue:0.7027778029441833
intersection:13, mean_episode_reward:-0.5916665196418762, mean_queue:0.7250000238418579
intersection:14, mean_episode_reward:-0.4524998664855957, mean_queue:0.5555555820465088
intersection:15, mean_episode_reward:-0.47111111879348755, mean_queue:0.6194444298744202
intersection:16, mean_episode_reward:0.0, mean_queue:0.0
intersection:17, mean_episode_reward:0.0, mean_queue:0.0
intersection:18, mean_episode_reward:0.0, mean_queue:0.0
intersection:19, mean_episode_reward:0.0, mean_queue:0.0
intersection:20, mean_episode_reward:0.0, mean_queue:0.0
intersection:21, mean_episode_reward:0.0, mean_queue:0.0
intersection:22, mean_episode_reward:0.0, mean_queue:0.0
intersection:23, mean_episode_reward:0.0, mean_queue:0.0
intersection:24, mean_episode_reward:0.0, mean_queue:0.0
intersection:25, mean_episode_reward:0.0, mean_queue:0.0
intersection:26, mean_episode_reward:0.0, mean_queue:0.0
intersection:27, mean_episode_reward:0.0, mean_queue:0.0
intersection:28, mean_episode_reward:0.0, mean_queue:0.0
intersection:29, mean_episode_reward:0.0, mean_queue:0.0
intersection:30, mean_episode_reward:0.0, mean_queue:0.0
intersection:31, mean_episode_reward:0.0, mean_queue:0.0
Test step:192/200, travel time :171.10743801652893, rewards:-9.081666395399306, queue:0.3377604166666667, delay:0.022722397910224068, throughput:1452
step:3600/3600, q_loss:0.21814891695976257, rewards:-8.637221950954862, queue:0.3198784722222222, delay:0.02255245844523112, throughput:1453
episode:193/200, real avg travel time:170.45147969717826
intersection:0, mean_episode_reward:-0.6269442439079285, mean_queue:0.7083333134651184
intersection:1, mean_episode_reward:-0.536111056804657, mean_queue:0.625
intersection:2, mean_episode_reward:-0.6997220516204834, mean_queue:0.8111110925674438
intersection:3, mean_episode_reward:-0.5113888382911682, mean_queue:0.6361111402511597
intersection:4, mean_episode_reward:-0.6525000333786011, mean_queue:0.7388888597488403
intersection:5, mean_episode_reward:-0.48277777433395386, mean_queue:0.5694444179534912
intersection:6, mean_episode_reward:-0.44444435834884644, mean_queue:0.5166666507720947
intersection:7, mean_episode_reward:-0.3794444501399994, mean_queue:0.44999998807907104
intersection:8, mean_episode_reward:-0.6552776098251343, mean_queue:0.7388888597488403
intersection:9, mean_episode_reward:-0.7216668128967285, mean_queue:0.8111110925674438
intersection:10, mean_episode_reward:-0.5577775835990906, mean_queue:0.644444465637207
intersection:11, mean_episode_reward:-0.4869444966316223, mean_queue:0.6027777791023254
intersection:12, mean_episode_reward:-0.5583332777023315, mean_queue:0.6777777671813965
intersection:13, mean_episode_reward:-0.5161111950874329, mean_queue:0.6611111164093018
intersection:14, mean_episode_reward:-0.38611099123954773, mean_queue:0.4888888895511627
intersection:15, mean_episode_reward:-0.42166683077812195, mean_queue:0.5555555820465088
intersection:16, mean_episode_reward:0.0, mean_queue:0.0
intersection:17, mean_episode_reward:0.0, mean_queue:0.0
intersection:18, mean_episode_reward:0.0, mean_queue:0.0
intersection:19, mean_episode_reward:0.0, mean_queue:0.0
intersection:20, mean_episode_reward:0.0, mean_queue:0.0
intersection:21, mean_episode_reward:0.0, mean_queue:0.0
intersection:22, mean_episode_reward:0.0, mean_queue:0.0
intersection:23, mean_episode_reward:0.0, mean_queue:0.0
intersection:24, mean_episode_reward:0.0, mean_queue:0.0
intersection:25, mean_episode_reward:0.0, mean_queue:0.0
intersection:26, mean_episode_reward:0.0, mean_queue:0.0
intersection:27, mean_episode_reward:0.0, mean_queue:0.0
intersection:28, mean_episode_reward:0.0, mean_queue:0.0
intersection:29, mean_episode_reward:0.0, mean_queue:0.0
intersection:30, mean_episode_reward:0.0, mean_queue:0.0
intersection:31, mean_episode_reward:0.0, mean_queue:0.0
Test step:193/200, travel time :171.07501720578114, rewards:-8.935555691189236, queue:0.33090277777777777, delay:0.022848240534464517, throughput:1453
step:3600/3600, q_loss:0.2203744649887085, rewards:-9.635556369357639, queue:0.3527777777777778, delay:0.02375322447882758, throughput:1455
episode:194/200, real avg travel time:172.45154639175257
intersection:0, mean_episode_reward:-0.6902778148651123, mean_queue:0.7638888955116272
intersection:1, mean_episode_reward:-0.8033329248428345, mean_queue:0.875
intersection:2, mean_episode_reward:-0.8050002455711365, mean_queue:0.949999988079071
intersection:3, mean_episode_reward:-0.5372222661972046, mean_queue:0.6638888716697693
intersection:4, mean_episode_reward:-0.9744443893432617, mean_queue:1.086111068725586
intersection:5, mean_episode_reward:-0.566111147403717, mean_queue:0.6611111164093018
intersection:6, mean_episode_reward:-0.49055561423301697, mean_queue:0.5833333134651184
intersection:7, mean_episode_reward:-0.4725000262260437, mean_queue:0.5833333134651184
intersection:8, mean_episode_reward:-0.6761112213134766, mean_queue:0.7722222208976746
intersection:9, mean_episode_reward:-0.6894444227218628, mean_queue:0.7777777910232544
intersection:10, mean_episode_reward:-0.5566666722297668, mean_queue:0.6277777552604675
intersection:11, mean_episode_reward:-0.4588890075683594, mean_queue:0.574999988079071
intersection:12, mean_episode_reward:-0.5444445013999939, mean_queue:0.6305555701255798
intersection:13, mean_episode_reward:-0.596666693687439, mean_queue:0.7527777552604675
intersection:14, mean_episode_reward:-0.3686111569404602, mean_queue:0.46666666865348816
intersection:15, mean_episode_reward:-0.4052778482437134, mean_queue:0.519444465637207
intersection:16, mean_episode_reward:0.0, mean_queue:0.0
intersection:17, mean_episode_reward:0.0, mean_queue:0.0
intersection:18, mean_episode_reward:0.0, mean_queue:0.0
intersection:19, mean_episode_reward:0.0, mean_queue:0.0
intersection:20, mean_episode_reward:0.0, mean_queue:0.0
intersection:21, mean_episode_reward:0.0, mean_queue:0.0
intersection:22, mean_episode_reward:0.0, mean_queue:0.0
intersection:23, mean_episode_reward:0.0, mean_queue:0.0
intersection:24, mean_episode_reward:0.0, mean_queue:0.0
intersection:25, mean_episode_reward:0.0, mean_queue:0.0
intersection:26, mean_episode_reward:0.0, mean_queue:0.0
intersection:27, mean_episode_reward:0.0, mean_queue:0.0
intersection:28, mean_episode_reward:0.0, mean_queue:0.0
intersection:29, mean_episode_reward:0.0, mean_queue:0.0
intersection:30, mean_episode_reward:0.0, mean_queue:0.0
intersection:31, mean_episode_reward:0.0, mean_queue:0.0
Test step:194/200, travel time :171.093599449415, rewards:-8.906667073567709, queue:0.3277777777777778, delay:0.022974917623731824, throughput:1453
step:3600/3600, q_loss:0.22182661294937134, rewards:-9.331666395399306, queue:0.34444444444444444, delay:0.023377572165595162, throughput:1454
episode:195/200, real avg travel time:171.6155433287483
intersection:0, mean_episode_reward:-0.6272221207618713, mean_queue:0.7138888835906982
intersection:1, mean_episode_reward:-0.6988890767097473, mean_queue:0.8055555820465088
intersection:2, mean_episode_reward:-0.7150001525878906, mean_queue:0.8527777791023254
intersection:3, mean_episode_reward:-0.48138898611068726, mean_queue:0.6138888597488403
intersection:4, mean_episode_reward:-0.6461110711097717, mean_queue:0.730555534362793
intersection:5, mean_episode_reward:-0.5688889026641846, mean_queue:0.6583333611488342
intersection:6, mean_episode_reward:-0.4947221875190735, mean_queue:0.5694444179534912
intersection:7, mean_episode_reward:-0.3955554664134979, mean_queue:0.5111111402511597
intersection:8, mean_episode_reward:-0.7172219753265381, mean_queue:0.7861111164093018
intersection:9, mean_episode_reward:-0.8863888382911682, mean_queue:0.9861111044883728
intersection:10, mean_episode_reward:-0.522222101688385, mean_queue:0.6000000238418579
intersection:11, mean_episode_reward:-0.5030555725097656, mean_queue:0.6083333492279053
intersection:12, mean_episode_reward:-0.5938889980316162, mean_queue:0.699999988079071
intersection:13, mean_episode_reward:-0.5727777481079102, mean_queue:0.7472222447395325
intersection:14, mean_episode_reward:-0.4480556547641754, mean_queue:0.5555555820465088
intersection:15, mean_episode_reward:-0.46027782559394836, mean_queue:0.5833333134651184
intersection:16, mean_episode_reward:0.0, mean_queue:0.0
intersection:17, mean_episode_reward:0.0, mean_queue:0.0
intersection:18, mean_episode_reward:0.0, mean_queue:0.0
intersection:19, mean_episode_reward:0.0, mean_queue:0.0
intersection:20, mean_episode_reward:0.0, mean_queue:0.0
intersection:21, mean_episode_reward:0.0, mean_queue:0.0
intersection:22, mean_episode_reward:0.0, mean_queue:0.0
intersection:23, mean_episode_reward:0.0, mean_queue:0.0
intersection:24, mean_episode_reward:0.0, mean_queue:0.0
intersection:25, mean_episode_reward:0.0, mean_queue:0.0
intersection:26, mean_episode_reward:0.0, mean_queue:0.0
intersection:27, mean_episode_reward:0.0, mean_queue:0.0
intersection:28, mean_episode_reward:0.0, mean_queue:0.0
intersection:29, mean_episode_reward:0.0, mean_queue:0.0
intersection:30, mean_episode_reward:0.0, mean_queue:0.0
intersection:31, mean_episode_reward:0.0, mean_queue:0.0
Test step:195/200, travel time :171.36501377410468, rewards:-9.03861083984375, queue:0.3329861111111111, delay:0.023323265711466472, throughput:1452
step:3600/3600, q_loss:0.21796643733978271, rewards:-9.044722493489584, queue:0.33402777777777776, delay:0.023141810629102918, throughput:1453
episode:196/200, real avg travel time:171.26221610461116
intersection:0, mean_episode_reward:-0.6522220373153687, mean_queue:0.75
intersection:1, mean_episode_reward:-0.6408333778381348, mean_queue:0.730555534362793
intersection:2, mean_episode_reward:-0.7830556035041809, mean_queue:0.9055555462837219
intersection:3, mean_episode_reward:-0.47472232580184937, mean_queue:0.6222222447395325
intersection:4, mean_episode_reward:-0.618055522441864, mean_queue:0.7194444537162781
intersection:5, mean_episode_reward:-0.5616669058799744, mean_queue:0.644444465637207
intersection:6, mean_episode_reward:-0.49500006437301636, mean_queue:0.6138888597488403
intersection:7, mean_episode_reward:-0.4213888347148895, mean_queue:0.519444465637207
intersection:8, mean_episode_reward:-0.7269441485404968, mean_queue:0.8111110925674438
intersection:9, mean_episode_reward:-0.6880556344985962, mean_queue:0.7611111402511597
intersection:10, mean_episode_reward:-0.4336110055446625, mean_queue:0.47777777910232544
intersection:11, mean_episode_reward:-0.48444443941116333, mean_queue:0.5833333134651184
intersection:12, mean_episode_reward:-0.5241666436195374, mean_queue:0.6111111044883728
intersection:13, mean_episode_reward:-0.5738887786865234, mean_queue:0.7416666746139526
intersection:14, mean_episode_reward:-0.38194435834884644, mean_queue:0.5
intersection:15, mean_episode_reward:-0.5847222805023193, mean_queue:0.6972222328186035
intersection:16, mean_episode_reward:0.0, mean_queue:0.0
intersection:17, mean_episode_reward:0.0, mean_queue:0.0
intersection:18, mean_episode_reward:0.0, mean_queue:0.0
intersection:19, mean_episode_reward:0.0, mean_queue:0.0
intersection:20, mean_episode_reward:0.0, mean_queue:0.0
intersection:21, mean_episode_reward:0.0, mean_queue:0.0
intersection:22, mean_episode_reward:0.0, mean_queue:0.0
intersection:23, mean_episode_reward:0.0, mean_queue:0.0
intersection:24, mean_episode_reward:0.0, mean_queue:0.0
intersection:25, mean_episode_reward:0.0, mean_queue:0.0
intersection:26, mean_episode_reward:0.0, mean_queue:0.0
intersection:27, mean_episode_reward:0.0, mean_queue:0.0
intersection:28, mean_episode_reward:0.0, mean_queue:0.0
intersection:29, mean_episode_reward:0.0, mean_queue:0.0
intersection:30, mean_episode_reward:0.0, mean_queue:0.0
intersection:31, mean_episode_reward:0.0, mean_queue:0.0
Test step:196/200, travel time :171.48382656572608, rewards:-9.21111111111111, queue:0.3375, delay:0.023384073045518664, throughput:1453
step:3600/3600, q_loss:0.21718516945838928, rewards:-9.094444444444445, queue:0.3368923611111111, delay:0.023388263914320202, throughput:1454
episode:197/200, real avg travel time:171.18638239339754
intersection:0, mean_episode_reward:-0.6799999475479126, mean_queue:0.7861111164093018
intersection:1, mean_episode_reward:-0.6850001215934753, mean_queue:0.7555555701255798
intersection:2, mean_episode_reward:-0.5741665959358215, mean_queue:0.7027778029441833
intersection:3, mean_episode_reward:-0.43722230195999146, mean_queue:0.5861111283302307
intersection:4, mean_episode_reward:-0.5855554938316345, mean_queue:0.6944444179534912
intersection:5, mean_episode_reward:-0.5474998354911804, mean_queue:0.6333333253860474
intersection:6, mean_episode_reward:-0.4922221601009369, mean_queue:0.5722222328186035
intersection:7, mean_episode_reward:-0.4444443881511688, mean_queue:0.5249999761581421
intersection:8, mean_episode_reward:-0.7233332991600037, mean_queue:0.8111110925674438
intersection:9, mean_episode_reward:-0.7702779173851013, mean_queue:0.8416666388511658
intersection:10, mean_episode_reward:-0.512499988079071, mean_queue:0.5833333134651184
intersection:11, mean_episode_reward:-0.5566666722297668, mean_queue:0.6777777671813965
intersection:12, mean_episode_reward:-0.6527777910232544, mean_queue:0.7555555701255798
intersection:13, mean_episode_reward:-0.6105554103851318, mean_queue:0.7861111164093018
intersection:14, mean_episode_reward:-0.39500004053115845, mean_queue:0.5055555701255798
intersection:15, mean_episode_reward:-0.42722228169441223, mean_queue:0.5638889074325562
intersection:16, mean_episode_reward:0.0, mean_queue:0.0
intersection:17, mean_episode_reward:0.0, mean_queue:0.0
intersection:18, mean_episode_reward:0.0, mean_queue:0.0
intersection:19, mean_episode_reward:0.0, mean_queue:0.0
intersection:20, mean_episode_reward:0.0, mean_queue:0.0
intersection:21, mean_episode_reward:0.0, mean_queue:0.0
intersection:22, mean_episode_reward:0.0, mean_queue:0.0
intersection:23, mean_episode_reward:0.0, mean_queue:0.0
intersection:24, mean_episode_reward:0.0, mean_queue:0.0
intersection:25, mean_episode_reward:0.0, mean_queue:0.0
intersection:26, mean_episode_reward:0.0, mean_queue:0.0
intersection:27, mean_episode_reward:0.0, mean_queue:0.0
intersection:28, mean_episode_reward:0.0, mean_queue:0.0
intersection:29, mean_episode_reward:0.0, mean_queue:0.0
intersection:30, mean_episode_reward:0.0, mean_queue:0.0
intersection:31, mean_episode_reward:0.0, mean_queue:0.0
Test step:197/200, travel time :171.74741913282864, rewards:-9.151112196180556, queue:0.3362847222222222, delay:0.023336328400505913, throughput:1453
step:3600/3600, q_loss:0.2170853316783905, rewards:-9.144722493489583, queue:0.3385416666666667, delay:0.023398367563883464, throughput:1454
episode:198/200, real avg travel time:171.343878954608
intersection:0, mean_episode_reward:-0.6986111402511597, mean_queue:0.7861111164093018
intersection:1, mean_episode_reward:-0.6386111974716187, mean_queue:0.7194444537162781
intersection:2, mean_episode_reward:-0.7302775979042053, mean_queue:0.8527777791023254
intersection:3, mean_episode_reward:-0.5711111426353455, mean_queue:0.7138888835906982
intersection:4, mean_episode_reward:-0.6766666173934937, mean_queue:0.7722222208976746
intersection:5, mean_episode_reward:-0.6538888812065125, mean_queue:0.7638888955116272
intersection:6, mean_episode_reward:-0.42555558681488037, mean_queue:0.5
intersection:7, mean_episode_reward:-0.4049999713897705, mean_queue:0.4972222149372101
intersection:8, mean_episode_reward:-0.6519442796707153, mean_queue:0.7416666746139526
intersection:9, mean_episode_reward:-0.7249999046325684, mean_queue:0.8027777671813965
intersection:10, mean_episode_reward:-0.4616667330265045, mean_queue:0.5694444179534912
intersection:11, mean_episode_reward:-0.5286111235618591, mean_queue:0.644444465637207
intersection:12, mean_episode_reward:-0.5952778458595276, mean_queue:0.7027778029441833
intersection:13, mean_episode_reward:-0.5677776336669922, mean_queue:0.7333333492279053
intersection:14, mean_episode_reward:-0.3888888359069824, mean_queue:0.4722222089767456
intersection:15, mean_episode_reward:-0.4258333742618561, mean_queue:0.5611110925674438
intersection:16, mean_episode_reward:0.0, mean_queue:0.0
intersection:17, mean_episode_reward:0.0, mean_queue:0.0
intersection:18, mean_episode_reward:0.0, mean_queue:0.0
intersection:19, mean_episode_reward:0.0, mean_queue:0.0
intersection:20, mean_episode_reward:0.0, mean_queue:0.0
intersection:21, mean_episode_reward:0.0, mean_queue:0.0
intersection:22, mean_episode_reward:0.0, mean_queue:0.0
intersection:23, mean_episode_reward:0.0, mean_queue:0.0
intersection:24, mean_episode_reward:0.0, mean_queue:0.0
intersection:25, mean_episode_reward:0.0, mean_queue:0.0
intersection:26, mean_episode_reward:0.0, mean_queue:0.0
intersection:27, mean_episode_reward:0.0, mean_queue:0.0
intersection:28, mean_episode_reward:0.0, mean_queue:0.0
intersection:29, mean_episode_reward:0.0, mean_queue:0.0
intersection:30, mean_episode_reward:0.0, mean_queue:0.0
intersection:31, mean_episode_reward:0.0, mean_queue:0.0
Test step:198/200, travel time :171.44742268041236, rewards:-9.008055284288194, queue:0.3316840277777778, delay:0.023197433683607313, throughput:1455
step:3600/3600, q_loss:0.2169876992702484, rewards:-9.034166124131945, queue:0.33524305555555556, delay:0.023392391204833985, throughput:1454
episode:199/200, real avg travel time:171.62379642365886
intersection:0, mean_episode_reward:-0.6755555272102356, mean_queue:0.7833333611488342
intersection:1, mean_episode_reward:-0.6038889288902283, mean_queue:0.6694444417953491
intersection:2, mean_episode_reward:-0.6369443535804749, mean_queue:0.7611111402511597
intersection:3, mean_episode_reward:-0.5008333921432495, mean_queue:0.6111111044883728
intersection:4, mean_episode_reward:-0.6411110758781433, mean_queue:0.7666666507720947
intersection:5, mean_episode_reward:-0.5369444489479065, mean_queue:0.6277777552604675
intersection:6, mean_episode_reward:-0.4341667890548706, mean_queue:0.5055555701255798
intersection:7, mean_episode_reward:-0.46083328127861023, mean_queue:0.5416666865348816
intersection:8, mean_episode_reward:-0.7905552387237549, mean_queue:0.8861111402511597
intersection:9, mean_episode_reward:-0.7686111330986023, mean_queue:0.8472222089767456
intersection:10, mean_episode_reward:-0.4616667926311493, mean_queue:0.550000011920929
intersection:11, mean_episode_reward:-0.5547221899032593, mean_queue:0.6944444179534912
intersection:12, mean_episode_reward:-0.4566665589809418, mean_queue:0.5694444179534912
intersection:13, mean_episode_reward:-0.6069443821907043, mean_queue:0.7749999761581421
intersection:14, mean_episode_reward:-0.3563889265060425, mean_queue:0.4555555582046509
intersection:15, mean_episode_reward:-0.5483333468437195, mean_queue:0.6833333373069763
intersection:16, mean_episode_reward:0.0, mean_queue:0.0
intersection:17, mean_episode_reward:0.0, mean_queue:0.0
intersection:18, mean_episode_reward:0.0, mean_queue:0.0
intersection:19, mean_episode_reward:0.0, mean_queue:0.0
intersection:20, mean_episode_reward:0.0, mean_queue:0.0
intersection:21, mean_episode_reward:0.0, mean_queue:0.0
intersection:22, mean_episode_reward:0.0, mean_queue:0.0
intersection:23, mean_episode_reward:0.0, mean_queue:0.0
intersection:24, mean_episode_reward:0.0, mean_queue:0.0
intersection:25, mean_episode_reward:0.0, mean_queue:0.0
intersection:26, mean_episode_reward:0.0, mean_queue:0.0
intersection:27, mean_episode_reward:0.0, mean_queue:0.0
intersection:28, mean_episode_reward:0.0, mean_queue:0.0
intersection:29, mean_episode_reward:0.0, mean_queue:0.0
intersection:30, mean_episode_reward:0.0, mean_queue:0.0
intersection:31, mean_episode_reward:0.0, mean_queue:0.0
Test step:199/200, travel time :171.77892561983472, rewards:-9.262221950954862, queue:0.33932291666666664, delay:0.02339578734503852, throughput:1452
Final Travel Time is 171.7789, mean rewards: -9.2622, queue: 0.3393, delay: 0.0234, throughput: 1452
Total time taken: 9644.752432823181
