vehicle_id,vehicle_type,enter_time_s,departure_time_s,travel_time_s,route_distance_m,distance_traveled_m,accumulated_waiting_time_s,custom_wait_s,moving_time_s,time_loss_s,free_flow_time_s,delay_s,waiting_fraction,moving_fraction,schedule_efficiency,completed_trip,trip_status
13,pkw,20.0,113.0,93.0,,736.367,13.0,13.0,80.0,25.726,,,0.1398,0.8602,,True,completed
41,pkw,74.0,120.0,46.0,,378.619,0.0,0.0,46.0,3.192,,,0.0,1.0,,True,completed
26,pkw,44.0,162.0,118.0,,1037.427,0.0,0.0,118.0,11.113,,,0.0,1.0,,True,completed
2,pkw,2.0,167.0,165.0,,1588.799,0.0,0.0,165.0,14.845,,,0.0,1.0,,True,completed
40,pkw,70.0,174.0,104.0,,982.168,0.0,0.0,104.0,6.214,,,0.0,1.0,,True,completed
28,pkw,49.0,211.0,162.0,,1583.084,0.0,5.0,157.0,18.056,,,0.0309,0.9691,,True,completed
18,pkw,30.0,214.0,184.0,,1810.336,3.0,3.0,181.0,18.815,,,0.0163,0.9837,,True,completed
60,pkw,103.0,223.0,120.0,,889.159,0.0,0.0,120.0,10.884,,,0.0,1.0,,True,completed
8,pkw,9.0,225.0,216.0,,1656.191,0.0,0.0,216.0,16.917,,,0.0,1.0,,True,completed
50,pkw,91.0,230.0,139.0,,1064.687,14.0,14.0,125.0,32.629,,,0.1007,0.8993,,True,completed
0,pkw,2.0,233.0,231.0,,2130.266,12.0,12.0,219.0,33.685,,,0.0519,0.9481,,True,completed
45,pkw,84.0,243.0,159.0,,1403.882,1.0,1.0,158.0,19.25,,,0.0063,0.9937,,True,completed
85,pkw,152.0,243.0,91.0,,731.442,11.0,11.0,80.0,24.17,,,0.1209,0.8791,,True,completed
73,pkw,130.0,248.0,118.0,,1096.673,0.0,0.0,118.0,8.89,,,0.0,1.0,,True,completed
75,pkw,136.0,286.0,150.0,,1523.52,0.0,0.0,150.0,7.73,,,0.0,1.0,,True,completed
37,pkw,65.0,290.0,225.0,,1836.904,1.0,18.0,207.0,38.181,,,0.08,0.92,,True,completed
103,pkw,195.0,291.0,96.0,,887.243,0.0,0.0,96.0,8.661,,,0.0,1.0,,True,completed
110,pkw,212.0,298.0,86.0,,646.83,1.0,1.0,85.0,12.646,,,0.0116,0.9884,,True,completed
115,pkw,224.0,305.0,81.0,,742.757,0.0,0.0,81.0,5.441,,,0.0,1.0,,True,completed
52,pkw,93.0,306.0,213.0,,1690.677,8.0,29.0,184.0,41.66,,,0.1362,0.8638,,True,completed
91,pkw,173.0,310.0,137.0,,1279.923,0.0,0.0,137.0,10.636,,,0.0,1.0,,True,completed
138,pkw,262.0,333.0,71.0,,669.234,0.0,0.0,71.0,4.133,,,0.0,1.0,,True,completed
56,pkw,98.0,336.0,238.0,,2131.7,0.0,0.0,238.0,17.883,,,0.0,1.0,,True,completed
87,pkw,165.0,339.0,174.0,,1624.891,5.0,5.0,169.0,22.078,,,0.0287,0.9713,,True,completed
106,pkw,202.0,348.0,146.0,,1475.939,0.0,0.0,146.0,11.006,,,0.0,1.0,,True,completed
163,pkw,307.0,350.0,43.0,,438.934,0.0,0.0,43.0,2.389,,,0.0,1.0,,True,completed
136,pkw,258.0,356.0,98.0,,905.499,0.0,0.0,98.0,8.753,,,0.0,1.0,,True,completed
118,pkw,232.0,357.0,125.0,,1020.293,0.0,0.0,125.0,9.599,,,0.0,1.0,,True,completed
102,pkw,192.0,358.0,166.0,,1500.497,15.0,15.0,151.0,28.336,,,0.0904,0.9096,,True,completed
108,pkw,209.0,360.0,151.0,,1387.973,1.0,1.0,150.0,19.994,,,0.0066,0.9934,,True,completed
71,pkw,128.0,360.0,232.0,,2106.215,0.0,2.0,230.0,28.09,,,0.0086,0.9914,,True,completed
10,pkw,14.0,365.0,351.0,,384.189,51.0,301.0,50.0,304.699,,,0.8575,0.1425,,True,completed
186,pkw,333.0,375.0,42.0,,438.361,0.0,0.0,42.0,1.547,,,0.0,1.0,,True,completed
164,pkw,309.0,380.0,71.0,,732.856,0.0,0.0,71.0,3.255,,,0.0,1.0,,True,completed
66,pkw,117.0,381.0,264.0,,2445.34,0.0,11.0,253.0,35.375,,,0.0417,0.9583,,True,completed
86,pkw,154.0,397.0,243.0,,2306.256,0.0,14.0,229.0,32.584,,,0.0576,0.9424,,True,completed
16,pkw,24.0,398.0,374.0,,680.28,64.0,300.0,74.0,312.314,,,0.8021,0.1979,,True,completed
126,pkw,241.0,406.0,165.0,,1323.877,4.0,23.0,142.0,42.382,,,0.1394,0.8606,,True,completed
153,pkw,294.0,407.0,113.0,,1171.505,0.0,0.0,113.0,6.563,,,0.0,1.0,,True,completed
147,pkw,286.0,410.0,124.0,,1209.04,0.0,0.0,124.0,10.585,,,0.0,1.0,,True,completed
38,pkw,65.0,415.0,350.0,,2130.922,98.0,129.0,221.0,145.417,,,0.3686,0.6314,,True,completed
214,pkw,374.0,422.0,48.0,,371.664,0.0,0.0,48.0,4.476,,,0.0,1.0,,True,completed
169,pkw,314.0,424.0,110.0,,1001.113,0.0,0.0,110.0,11.449,,,0.0,1.0,,True,completed
193,pkw,339.0,424.0,85.0,,784.711,1.0,1.0,84.0,12.33,,,0.0118,0.9882,,True,completed
121,pkw,239.0,425.0,186.0,,1486.388,7.0,10.0,176.0,30.645,,,0.0538,0.9462,,True,completed
194,pkw,340.0,427.0,87.0,,786.691,0.0,0.0,87.0,13.63,,,0.0,1.0,,True,completed
206,pkw,359.0,430.0,71.0,,668.134,0.0,0.0,71.0,6.604,,,0.0,1.0,,True,completed
175,pkw,320.0,434.0,114.0,,734.394,29.0,32.0,82.0,46.904,,,0.2807,0.7193,,True,completed
96,pkw,181.0,439.0,258.0,,2338.445,6.0,21.0,237.0,42.647,,,0.0814,0.9186,,True,completed
172,pkw,318.0,457.0,139.0,,1272.518,8.0,8.0,131.0,22.926,,,0.0576,0.9424,,True,completed
146,pkw,279.0,466.0,187.0,,1795.39,0.0,0.0,187.0,14.688,,,0.0,1.0,,True,completed
6,pkw,7.0,478.0,471.0,,1515.48,14.0,316.0,155.0,334.146,,,0.6709,0.3291,,True,completed
195,pkw,341.0,504.0,163.0,,1649.794,0.0,0.0,163.0,9.694,,,0.0,1.0,,True,completed
47,pkw,85.0,507.0,422.0,,1223.43,0.0,300.0,122.0,310.615,,,0.7109,0.2891,,True,completed
227,pkw,391.0,509.0,118.0,,1061.068,0.0,0.0,118.0,14.177,,,0.0,1.0,,True,completed
188,pkw,335.0,520.0,185.0,,1812.751,1.0,1.0,184.0,19.889,,,0.0054,0.9946,,True,completed
250,pkw,429.0,521.0,92.0,,819.428,9.0,9.0,83.0,17.154,,,0.0978,0.9022,,True,completed
266,pkw,445.0,530.0,85.0,,873.785,0.0,0.0,85.0,5.359,,,0.0,1.0,,True,completed
245,pkw,420.0,533.0,113.0,,902.088,8.0,8.0,105.0,13.154,,,0.0708,0.9292,,True,completed
89,pkw,168.0,535.0,367.0,,626.645,73.0,300.0,67.0,308.61,,,0.8174,0.1826,,True,completed
238,pkw,408.0,539.0,131.0,,1105.377,15.0,15.0,116.0,29.615,,,0.1145,0.8855,,True,completed
339,pkw,532.0,540.0,8.0,,72.512,0.0,0.0,8.0,0.474,,,0.0,1.0,,True,completed
275,pkw,452.0,554.0,102.0,,738.27,21.0,21.0,81.0,34.555,,,0.2059,0.7941,,True,completed
27,pkw,46.0,560.0,514.0,,1788.964,32.0,324.0,190.0,343.23,,,0.6304,0.3696,,True,completed
333,pkw,516.0,561.0,45.0,,459.932,0.0,0.0,45.0,2.16,,,0.0,1.0,,True,completed
332,pkw,516.0,562.0,46.0,,479.854,0.0,0.0,46.0,1.813,,,0.0,1.0,,True,completed
81,pkw,144.0,566.0,422.0,,1223.683,81.0,300.0,122.0,310.582,,,0.7109,0.2891,,True,completed
235,pkw,403.0,570.0,167.0,,1329.54,18.0,18.0,149.0,39.668,,,0.1078,0.8922,,True,completed
259,pkw,438.0,570.0,132.0,,1104.363,0.0,0.0,132.0,9.966,,,0.0,1.0,,True,completed
150,pkw,291.0,583.0,292.0,,2610.184,0.0,30.0,262.0,50.095,,,0.1027,0.8973,,True,completed
294,pkw,480.0,583.0,103.0,,838.876,0.0,0.0,103.0,7.065,,,0.0,1.0,,True,completed
117,pkw,231.0,584.0,353.0,,487.59,100.0,300.0,53.0,307.841,,,0.8499,0.1501,,True,completed
252,pkw,430.0,590.0,160.0,,1522.634,7.0,7.0,153.0,17.51,,,0.0437,0.9563,,True,completed
208,pkw,365.0,592.0,227.0,,1833.673,0.0,13.0,214.0,34.521,,,0.0573,0.9427,,True,completed
325,pkw,512.0,593.0,81.0,,644.743,0.0,0.0,81.0,7.691,,,0.0,1.0,,True,completed
33,pkw,54.0,593.0,539.0,,2203.443,0.0,300.0,239.0,323.03,,,0.5566,0.4434,,True,completed
265,pkw,444.0,600.0,156.0,,1492.311,0.0,0.0,156.0,9.747,,,0.0,1.0,,True,completed
202,pkw,352.0,601.0,249.0,,1789.667,1.0,1.0,248.0,25.003,,,0.004,0.996,,True,completed
32,pkw,52.0,603.0,551.0,,1653.108,0.0,319.0,232.0,345.368,,,0.5789,0.4211,,True,completed
336,pkw,524.0,604.0,80.0,,743.868,0.0,0.0,80.0,5.147,,,0.0,1.0,,True,completed
322,pkw,509.0,611.0,102.0,,1009.049,0.0,0.0,102.0,8.741,,,0.0,1.0,,True,completed
313,pkw,498.0,613.0,115.0,,1007.269,0.0,0.0,115.0,11.293,,,0.0,1.0,,True,completed
233,pkw,401.0,623.0,222.0,,2276.196,0.0,0.0,222.0,14.565,,,0.0,1.0,,True,completed
369,pkw,562.0,632.0,70.0,,669.582,0.0,0.0,70.0,4.741,,,0.0,1.0,,True,completed
277,pkw,453.0,641.0,188.0,,1642.862,0.0,23.0,165.0,39.141,,,0.1223,0.8777,,True,completed
300,pkw,482.0,643.0,161.0,,1263.609,2.0,22.0,139.0,34.672,,,0.1366,0.8634,,True,completed
309,pkw,492.0,644.0,152.0,,1499.324,0.0,2.0,150.0,14.825,,,0.0132,0.9868,,True,completed
17,pkw,27.0,654.0,627.0,,2786.848,3.0,318.0,309.0,355.016,,,0.5072,0.4928,,True,completed
279,pkw,454.0,654.0,200.0,,1654.356,0.0,0.0,200.0,16.58,,,0.0,1.0,,True,completed
315,pkw,502.0,655.0,153.0,,1478.088,4.0,4.0,149.0,18.059,,,0.0261,0.9739,,True,completed
280,pkw,458.0,663.0,205.0,,1836.879,0.0,0.0,205.0,19.586,,,0.0,1.0,,True,completed
282,pkw,465.0,666.0,201.0,,1628.46,9.0,12.0,189.0,43.213,,,0.0597,0.9403,,True,completed
125,pkw,240.0,668.0,428.0,,1358.063,98.0,288.0,140.0,301.803,,,0.6729,0.3271,,True,completed
31,pkw,51.0,671.0,620.0,,601.562,97.0,552.0,68.0,564.087,,,0.8903,0.1097,,True,completed
324,pkw,509.0,671.0,162.0,,1388.558,5.0,8.0,154.0,30.902,,,0.0494,0.9506,,True,completed
340,pkw,532.0,672.0,140.0,,1400.221,3.0,3.0,137.0,12.979,,,0.0214,0.9786,,True,completed
354,pkw,544.0,675.0,131.0,,1036.263,4.0,4.0,127.0,27.985,,,0.0305,0.9695,,True,completed
412,pkw,609.0,680.0,71.0,,730.529,0.0,0.0,71.0,3.471,,,0.0,1.0,,True,completed
143,pkw,276.0,681.0,405.0,,1051.704,99.0,300.0,105.0,309.886,,,0.7407,0.2593,,True,completed
397,pkw,602.0,681.0,79.0,,779.232,0.0,0.0,79.0,7.36,,,0.0,1.0,,True,completed
435,pkw,620.0,701.0,81.0,,735.042,3.0,3.0,78.0,12.81,,,0.037,0.963,,True,completed
305,pkw,489.0,706.0,217.0,,1687.034,16.0,37.0,180.0,63.282,,,0.1705,0.8295,,True,completed
296,pkw,481.0,708.0,227.0,,1834.256,41.0,41.0,186.0,60.169,,,0.1806,0.8194,,True,completed
366,pkw,558.0,708.0,150.0,,1525.052,0.0,0.0,150.0,7.418,,,0.0,1.0,,True,completed
424,pkw,614.0,710.0,96.0,,799.249,1.0,1.0,95.0,15.726,,,0.0104,0.9896,,True,completed
508,pkw,672.0,714.0,42.0,,435.682,0.0,0.0,42.0,1.788,,,0.0,1.0,,True,completed
511,pkw,674.0,715.0,41.0,,374.07,0.0,0.0,41.0,3.422,,,0.0,1.0,,True,completed
360,pkw,551.0,720.0,169.0,,1453.542,11.0,11.0,158.0,32.844,,,0.0651,0.9349,,True,completed
137,pkw,261.0,727.0,466.0,,,0.0,405.0,61.0,0.0,,,0.8691,0.1309,,True,completed
198,pkw,349.0,728.0,379.0,,742.23,100.0,300.0,79.0,310.394,,,0.7916,0.2084,,True,completed
249,pkw,428.0,730.0,302.0,,738.699,98.0,219.0,83.0,233.561,,,0.7252,0.2748,,True,completed
492,pkw,659.0,731.0,72.0,,662.964,0.0,0.0,72.0,4.294,,,0.0,1.0,,True,completed
94,pkw,181.0,732.0,551.0,,2292.988,34.0,300.0,251.0,321.16,,,0.5445,0.4555,,True,completed
286,pkw,468.0,733.0,265.0,,455.918,96.0,210.0,55.0,222.967,,,0.7925,0.2075,,True,completed
20,pkw,34.0,734.0,700.0,,1751.311,73.0,511.0,189.0,530.125,,,0.73,0.27,,True,completed
536,pkw,691.0,735.0,44.0,,130.512,24.0,24.0,20.0,31.254,,,0.5455,0.4545,,True,completed
358,pkw,549.0,737.0,188.0,,1825.452,0.0,0.0,188.0,20.661,,,0.0,1.0,,True,completed
298,pkw,481.0,746.0,265.0,,2335.925,2.0,21.0,244.0,46.072,,,0.0792,0.9208,,True,completed
464,pkw,636.0,753.0,117.0,,1021.318,0.0,1.0,116.0,11.826,,,0.0085,0.9915,,True,completed
351,pkw,541.0,756.0,215.0,,1324.513,0.0,80.0,135.0,91.737,,,0.3721,0.6279,,True,completed
213,pkw,370.0,766.0,396.0,,989.849,92.0,279.0,117.0,296.243,,,0.7045,0.2955,,True,completed
482,pkw,649.0,766.0,117.0,,1146.096,0.0,0.0,117.0,7.911,,,0.0,1.0,,True,completed
579,pkw,722.0,767.0,45.0,,459.64,0.0,0.0,45.0,2.072,,,0.0,1.0,,True,completed
455,pkw,632.0,769.0,137.0,,978.926,8.0,8.0,129.0,28.472,,,0.0584,0.9416,,True,completed
34,pkw,55.0,772.0,717.0,,1257.942,0.0,570.0,147.0,599.85,,,0.795,0.205,,True,completed
491,pkw,659.0,774.0,115.0,,982.698,0.0,0.0,115.0,16.511,,,0.0,1.0,,True,completed
605,pkw,738.0,781.0,43.0,,445.233,0.0,0.0,43.0,1.929,,,0.0,1.0,,True,completed
540,pkw,693.0,786.0,93.0,,695.946,5.0,5.0,88.0,27.131,,,0.0538,0.9462,,True,completed
475,pkw,643.0,788.0,145.0,,922.36,0.0,26.0,119.0,45.354,,,0.1793,0.8207,,True,completed
19,pkw,32.0,798.0,766.0,,2694.935,6.0,484.0,282.0,512.309,,,0.6319,0.3681,,True,completed
23,pkw,36.0,805.0,769.0,,1824.835,0.0,575.0,194.0,598.994,,,0.7477,0.2523,,True,completed
442,pkw,624.0,806.0,182.0,,1816.325,1.0,1.0,181.0,16.549,,,0.0055,0.9945,,True,completed
83,pkw,149.0,806.0,657.0,,1720.472,57.0,451.0,206.0,479.652,,,0.6865,0.3135,,True,completed
598,pkw,735.0,813.0,78.0,,758.825,0.0,0.0,78.0,7.393,,,0.0,1.0,,True,completed
394,pkw,599.0,816.0,217.0,,1867.508,2.0,12.0,205.0,40.149,,,0.0553,0.9447,,True,completed
574,pkw,718.0,822.0,104.0,,887.496,0.0,0.0,104.0,12.717,,,0.0,1.0,,True,completed
654,pkw,771.0,825.0,54.0,,409.722,0.0,0.0,54.0,11.104,,,0.0,1.0,,True,completed
630,pkw,752.0,828.0,76.0,,732.939,0.0,0.0,76.0,9.035,,,0.0,1.0,,True,completed
11,pkw,18.0,839.0,821.0,,878.494,73.0,720.0,101.0,737.002,,,0.877,0.123,,True,completed
61,pkw,106.0,839.0,733.0,,1382.596,6.0,587.0,146.0,606.762,,,0.8008,0.1992,,True,completed
481,pkw,649.0,847.0,198.0,,1547.574,4.0,33.0,165.0,57.319,,,0.1667,0.8333,,True,completed
375,pkw,569.0,849.0,280.0,,2338.044,2.0,36.0,244.0,64.647,,,0.1286,0.8714,,True,completed
122,pkw,240.0,851.0,611.0,,2120.988,34.0,400.0,211.0,418.49,,,0.6547,0.3453,,True,completed
30,pkw,51.0,862.0,811.0,,2140.421,34.0,590.0,221.0,609.6,,,0.7275,0.2725,,True,completed
618,pkw,745.0,862.0,117.0,,987.387,0.0,1.0,116.0,13.63,,,0.0085,0.9915,,True,completed
613,pkw,742.0,865.0,123.0,,1154.462,0.0,8.0,115.0,17.608,,,0.065,0.935,,True,completed
472,pkw,640.0,873.0,233.0,,2053.107,0.0,0.0,233.0,15.74,,,0.0,1.0,,True,completed
478,pkw,645.0,881.0,236.0,,2372.554,0.0,0.0,236.0,14.886,,,0.0,1.0,,True,completed
592,pkw,730.0,882.0,152.0,,1368.482,17.0,17.0,135.0,27.276,,,0.1118,0.8882,,True,completed
522,pkw,684.0,887.0,203.0,,1323.631,37.0,51.0,152.0,70.871,,,0.2512,0.7488,,True,completed
553,pkw,703.0,895.0,192.0,,1328.365,32.0,44.0,148.0,62.903,,,0.2292,0.7708,,True,completed
413,pkw,609.0,896.0,287.0,,2126.713,0.0,20.0,267.0,51.621,,,0.0697,0.9303,,True,completed
528,pkw,687.0,899.0,212.0,,2205.297,0.0,0.0,212.0,12.073,,,0.0,1.0,,True,completed
567,pkw,714.0,904.0,190.0,,1840.953,0.0,1.0,189.0,19.235,,,0.0053,0.9947,,True,completed
634,pkw,754.0,904.0,150.0,,1305.963,7.0,7.0,143.0,26.268,,,0.0467,0.9533,,True,completed
463,pkw,636.0,906.0,270.0,,2340.033,1.0,1.0,269.0,32.092,,,0.0037,0.9963,,True,completed
162,pkw,305.0,907.0,602.0,,2010.947,98.0,394.0,208.0,414.75,,,0.6545,0.3455,,True,completed
759,pkw,844.0,907.0,63.0,,633.74,0.0,0.0,63.0,4.963,,,0.0,1.0,,True,completed
165,pkw,309.0,908.0,599.0,,2563.524,0.0,300.0,299.0,329.87,,,0.5008,0.4992,,True,completed
67,pkw,117.0,910.0,793.0,,2317.593,95.0,559.0,234.0,580.516,,,0.7049,0.2951,,True,completed
758,pkw,843.0,915.0,72.0,,682.201,0.0,0.0,72.0,5.939,,,0.0,1.0,,True,completed
802,pkw,880.0,923.0,43.0,,444.685,0.0,0.0,43.0,1.978,,,0.0,1.0,,True,completed
633,pkw,753.0,927.0,174.0,,1636.011,0.0,13.0,161.0,25.758,,,0.0747,0.9253,,True,completed
788,pkw,862.0,930.0,68.0,,667.072,0.0,0.0,68.0,3.503,,,0.0,1.0,,True,completed
621,pkw,748.0,931.0,183.0,,1653.666,1.0,1.0,182.0,24.368,,,0.0055,0.9945,,True,completed
673,pkw,783.0,933.0,150.0,,1518.579,0.0,0.0,150.0,9.878,,,0.0,1.0,,True,completed
531,pkw,690.0,936.0,246.0,,2145.262,0.0,4.0,242.0,30.194,,,0.0163,0.9837,,True,completed
154,pkw,299.0,943.0,644.0,,2863.423,0.0,361.0,283.0,382.808,,,0.5606,0.4394,,True,completed
748,pkw,834.0,943.0,109.0,,729.291,0.0,0.0,109.0,10.296,,,0.0,1.0,,True,completed
625,pkw,751.0,944.0,193.0,,1738.622,0.0,0.0,193.0,23.491,,,0.0,1.0,,True,completed
684,pkw,792.0,951.0,159.0,,1400.458,13.0,13.0,146.0,20.464,,,0.0818,0.9182,,True,completed
583,pkw,724.0,954.0,230.0,,2154.396,0.0,0.0,230.0,15.91,,,0.0,1.0,,True,completed
546,pkw,698.0,957.0,259.0,,2088.796,0.0,3.0,256.0,28.532,,,0.0116,0.9884,,True,completed
695,pkw,802.0,960.0,158.0,,1477.762,6.0,6.0,152.0,22.672,,,0.038,0.962,,True,completed
640,pkw,758.0,965.0,207.0,,1797.941,0.0,9.0,198.0,30.333,,,0.0435,0.9565,,True,completed
710,pkw,809.0,965.0,156.0,,1372.591,10.0,10.0,146.0,29.978,,,0.0641,0.9359,,True,completed
846,pkw,906.0,966.0,60.0,,607.632,0.0,0.0,60.0,4.313,,,0.0,1.0,,True,completed
643,pkw,765.0,967.0,202.0,,1629.483,11.0,11.0,191.0,36.705,,,0.0545,0.9455,,True,completed
821,pkw,891.0,969.0,78.0,,765.411,0.0,0.0,78.0,7.115,,,0.0,1.0,,True,completed
209,pkw,365.0,977.0,612.0,,2130.398,98.0,385.0,227.0,416.275,,,0.6291,0.3709,,True,completed
754,pkw,840.0,978.0,138.0,,1226.625,9.0,9.0,129.0,25.278,,,0.0652,0.9348,,True,completed
849,pkw,909.0,981.0,72.0,,731.609,0.0,0.0,72.0,4.185,,,0.0,1.0,,True,completed
801,pkw,879.0,985.0,106.0,,969.445,0.0,0.0,106.0,11.356,,,0.0,1.0,,True,completed
3,pkw,3.0,987.0,984.0,,1393.764,99.0,832.0,152.0,855.972,,,0.8455,0.1545,,True,completed
717,pkw,812.0,988.0,176.0,,1573.945,0.0,0.0,176.0,17.562,,,0.0,1.0,,True,completed
687,pkw,795.0,994.0,199.0,,1901.521,0.0,2.0,197.0,18.622,,,0.0101,0.9899,,True,completed
735,pkw,824.0,1001.0,177.0,,1583.835,4.0,4.0,173.0,20.326,,,0.0226,0.9774,,True,completed
800,pkw,878.0,1002.0,124.0,,1182.831,0.0,0.0,124.0,8.363,,,0.0,1.0,,True,completed
904,pkw,936.0,1008.0,72.0,,683.771,0.0,0.0,72.0,6.388,,,0.0,1.0,,True,completed
696,pkw,802.0,1011.0,209.0,,1883.109,0.0,0.0,209.0,32.522,,,0.0,1.0,,True,completed
842,pkw,904.0,1014.0,110.0,,1115.14,0.0,0.0,110.0,8.636,,,0.0,1.0,,True,completed
715,pkw,811.0,1015.0,204.0,,1798.088,0.0,15.0,189.0,32.44,,,0.0735,0.9265,,True,completed
854,pkw,912.0,1015.0,103.0,,781.579,19.0,19.0,84.0,30.599,,,0.1845,0.8155,,True,completed
967,pkw,974.0,1022.0,48.0,,379.717,0.0,0.0,48.0,3.55,,,0.0,1.0,,True,completed
142,pkw,269.0,1027.0,758.0,,1921.888,48.0,549.0,209.0,576.162,,,0.7243,0.2757,,True,completed
368,pkw,561.0,1027.0,466.0,,1068.731,83.0,349.0,117.0,350.512,,,0.7489,0.2511,,True,completed
112,pkw,216.0,1030.0,814.0,,1204.45,100.0,681.0,133.0,702.789,,,0.8366,0.1634,,True,completed
945,pkw,959.0,1031.0,72.0,,669.06,0.0,0.0,72.0,4.681,,,0.0,1.0,,True,completed
985,pkw,987.0,1039.0,52.0,,541.969,0.0,0.0,52.0,2.222,,,0.0,1.0,,True,completed
786,pkw,861.0,1040.0,179.0,,1493.999,1.0,22.0,157.0,37.703,,,0.1229,0.8771,,True,completed
670,pkw,781.0,1042.0,261.0,,2336.104,0.0,21.0,240.0,43.421,,,0.0805,0.9195,,True,completed
777,pkw,856.0,1043.0,187.0,,1773.906,0.0,0.0,187.0,12.273,,,0.0,1.0,,True,completed
810,pkw,886.0,1046.0,160.0,,1083.728,0.0,0.0,160.0,17.03,,,0.0,1.0,,True,completed
856,pkw,913.0,1046.0,133.0,,1394.755,0.0,0.0,133.0,6.471,,,0.0,1.0,,True,completed
895,pkw,933.0,1046.0,113.0,,1110.817,0.0,0.0,113.0,7.371,,,0.0,1.0,,True,completed
783,pkw,859.0,1060.0,201.0,,1832.648,0.0,0.0,201.0,15.715,,,0.0,1.0,,True,completed
1013,pkw,1001.0,1061.0,60.0,,603.271,0.0,0.0,60.0,4.705,,,0.0,1.0,,True,completed
823,pkw,894.0,1065.0,171.0,,1630.688,0.0,0.0,171.0,12.395,,,0.0,1.0,,True,completed
262,pkw,442.0,1066.0,624.0,,1150.98,96.0,496.0,128.0,510.607,,,0.7949,0.2051,,True,completed
926,pkw,949.0,1068.0,119.0,,1146.79,0.0,0.0,119.0,9.849,,,0.0,1.0,,True,completed
578,pkw,722.0,1072.0,350.0,,1622.129,73.0,145.0,205.0,173.017,,,0.4143,0.5857,,True,completed
892,pkw,932.0,1073.0,141.0,,982.905,23.0,23.0,118.0,41.624,,,0.1631,0.8369,,True,completed
1049,pkw,1021.0,1074.0,53.0,,544.047,0.0,0.0,53.0,2.509,,,0.0,1.0,,True,completed
896,pkw,933.0,1074.0,141.0,,997.292,14.0,14.0,127.0,33.535,,,0.0993,0.9007,,True,completed
129,pkw,245.0,1076.0,831.0,,2339.657,0.0,598.0,233.0,618.437,,,0.7196,0.2804,,True,completed
1001,pkw,996.0,1077.0,81.0,,750.35,0.0,0.0,81.0,5.273,,,0.0,1.0,,True,completed
852,pkw,910.0,1082.0,172.0,,1685.624,0.0,0.0,172.0,13.598,,,0.0,1.0,,True,completed
726,pkw,817.0,1086.0,269.0,,2511.419,0.0,2.0,267.0,31.441,,,0.0074,0.9926,,True,completed
820,pkw,891.0,1087.0,196.0,,1403.689,24.0,26.0,170.0,50.946,,,0.1327,0.8673,,True,completed
998,pkw,993.0,1088.0,95.0,,693.876,16.0,16.0,79.0,28.743,,,0.1684,0.8316,,True,completed
46,pkw,84.0,1091.0,1007.0,,1500.815,6.0,824.0,183.0,858.299,,,0.8183,0.1817,,True,completed
4,pkw,5.0,1095.0,1090.0,,1496.622,80.0,921.0,169.0,947.578,,,0.845,0.155,,True,completed
346,pkw,539.0,1097.0,558.0,,1498.137,0.0,388.0,170.0,409.757,,,0.6953,0.3047,,True,completed
941,pkw,958.0,1099.0,141.0,,1341.758,2.0,2.0,139.0,15.643,,,0.0142,0.9858,,True,completed
829,pkw,899.0,1100.0,201.0,,1864.421,0.0,1.0,200.0,22.411,,,0.005,0.995,,True,completed
500,pkw,665.0,1111.0,446.0,,887.584,23.0,302.0,144.0,307.752,,,0.6771,0.3229,,True,completed
58,pkw,100.0,1115.0,1015.0,,1577.76,100.0,850.0,165.0,869.205,,,0.8374,0.1626,,True,completed
379,pkw,576.0,1116.0,540.0,,1492.642,56.0,382.0,158.0,404.755,,,0.7074,0.2926,,True,completed
221,pkw,385.0,1117.0,732.0,,1223.656,0.0,603.0,129.0,620.264,,,0.8238,0.1762,,True,completed
1,pkw,2.0,1118.0,1116.0,,1648.003,81.0,937.0,179.0,966.997,,,0.8396,0.1604,,True,completed
1152,pkw,1071.0,1119.0,48.0,,407.66,0.0,0.0,48.0,7.929,,,0.0,1.0,,True,completed
793,pkw,869.0,1129.0,260.0,,2337.275,2.0,19.0,241.0,43.424,,,0.0731,0.9269,,True,completed
39,pkw,67.0,1130.0,1063.0,,1875.864,16.0,859.0,204.0,890.933,,,0.8081,0.1919,,True,completed
970,pkw,976.0,1130.0,154.0,,1456.743,10.0,10.0,144.0,21.887,,,0.0649,0.9351,,True,completed
978,pkw,984.0,1130.0,146.0,,911.494,22.0,22.0,124.0,42.612,,,0.1507,0.8493,,True,completed
1111,pkw,1049.0,1135.0,86.0,,794.838,0.0,0.0,86.0,5.652,,,0.0,1.0,,True,completed
1063,pkw,1033.0,1137.0,104.0,,951.958,0.0,0.0,104.0,7.48,,,0.0,1.0,,True,completed
979,pkw,984.0,1138.0,154.0,,1329.367,12.0,12.0,142.0,25.863,,,0.0779,0.9221,,True,completed
1070,pkw,1030.0,1141.0,111.0,,1146.109,0.0,0.0,111.0,6.849,,,0.0,1.0,,True,completed
1016,pkw,1003.0,1142.0,139.0,,1327.661,0.0,0.0,139.0,13.693,,,0.0,1.0,,True,completed
1065,pkw,1030.0,1142.0,112.0,,1113.413,0.0,0.0,112.0,6.252,,,0.0,1.0,,True,completed
953,pkw,965.0,1144.0,179.0,,1813.649,0.0,0.0,179.0,12.986,,,0.0,1.0,,True,completed
996,pkw,991.0,1144.0,153.0,,1159.765,0.0,0.0,153.0,14.205,,,0.0,1.0,,True,completed
1074,pkw,1034.0,1156.0,122.0,,1052.049,0.0,0.0,122.0,11.812,,,0.0,1.0,,True,completed
873,pkw,921.0,1161.0,240.0,,2370.674,0.0,0.0,240.0,17.348,,,0.0,1.0,,True,completed
1146,pkw,1069.0,1164.0,95.0,,907.709,0.0,0.0,95.0,10.297,,,0.0,1.0,,True,completed
962,pkw,969.0,1169.0,200.0,,1831.229,16.0,16.0,184.0,33.117,,,0.08,0.92,,True,completed
1109,pkw,1048.0,1180.0,132.0,,1390.138,0.0,0.0,132.0,5.886,,,0.0,1.0,,True,completed
1096,pkw,1043.0,1182.0,139.0,,1397.032,0.0,0.0,139.0,11.421,,,0.0,1.0,,True,completed
382,pkw,581.0,1188.0,607.0,,2305.01,100.0,328.0,279.0,348.009,,,0.5404,0.4596,,True,completed
1093,pkw,1042.0,1193.0,151.0,,1246.392,0.0,0.0,151.0,12.548,,,0.0,1.0,,True,completed
837,pkw,902.0,1193.0,291.0,,2247.761,0.0,0.0,291.0,27.84,,,0.0,1.0,,True,completed
877,pkw,922.0,1196.0,274.0,,2578.984,0.0,6.0,268.0,30.597,,,0.0219,0.9781,,True,completed
1047,pkw,1019.0,1197.0,178.0,,1803.752,0.0,0.0,178.0,12.502,,,0.0,1.0,,True,completed
1037,pkw,1014.0,1199.0,185.0,,1738.534,0.0,0.0,185.0,14.935,,,0.0,1.0,,True,completed
1288,pkw,1144.0,1207.0,63.0,,638.177,0.0,0.0,63.0,4.563,,,0.0,1.0,,True,completed
1062,pkw,1029.0,1208.0,179.0,,1446.41,24.0,24.0,155.0,46.569,,,0.1341,0.8659,,True,completed
756,pkw,841.0,1209.0,368.0,,1324.602,19.0,220.0,148.0,226.655,,,0.5978,0.4022,,True,completed
1123,pkw,1054.0,1212.0,158.0,,1304.04,18.0,18.0,140.0,36.967,,,0.1139,0.8861,,True,completed
156,pkw,302.0,1216.0,914.0,,2133.716,97.0,679.0,235.0,707.301,,,0.7429,0.2571,,True,completed
178,pkw,321.0,1216.0,895.0,,2327.42,100.0,600.0,295.0,618.022,,,0.6704,0.3296,,True,completed
1287,pkw,1143.0,1218.0,75.0,,683.883,0.0,0.0,75.0,9.58,,,0.0,1.0,,True,completed
827,pkw,897.0,1218.0,321.0,,2792.776,0.0,19.0,302.0,42.998,,,0.0592,0.9408,,True,completed
1132,pkw,1058.0,1220.0,162.0,,1474.507,14.0,14.0,148.0,27.335,,,0.0864,0.9136,,True,completed
939,pkw,956.0,1221.0,265.0,,1580.154,0.0,103.0,162.0,117.861,,,0.3887,0.6113,,True,completed
1055,pkw,1024.0,1228.0,204.0,,1832.204,21.0,21.0,183.0,35.973,,,0.1029,0.8971,,True,completed
1297,pkw,1146.0,1230.0,84.0,,510.991,0.0,0.0,84.0,7.105,,,0.0,1.0,,True,completed
1328,pkw,1162.0,1231.0,69.0,,663.037,0.0,0.0,69.0,4.013,,,0.0,1.0,,True,completed
1122,pkw,1053.0,1237.0,184.0,,1645.498,3.0,17.0,167.0,34.882,,,0.0924,0.9076,,True,completed
489,pkw,658.0,1239.0,581.0,,102.259,93.0,564.0,17.0,571.313,,,0.9707,0.0293,,True,completed
1080,pkw,1036.0,1242.0,206.0,,1815.495,0.0,0.0,206.0,22.473,,,0.0,1.0,,True,completed
1311,pkw,1151.0,1243.0,92.0,,586.081,17.0,17.0,75.0,28.753,,,0.1848,0.8152,,True,completed
1419,pkw,1221.0,1249.0,28.0,,87.008,11.0,12.0,16.0,19.081,,,0.4286,0.5714,,True,completed
1004,pkw,998.0,1250.0,252.0,,2089.232,0.0,0.0,252.0,21.902,,,0.0,1.0,,True,completed
1177,pkw,1082.0,1258.0,176.0,,915.493,28.0,28.0,148.0,50.84,,,0.1591,0.8409,,True,completed
1418,pkw,1221.0,1258.0,37.0,,382.049,0.0,0.0,37.0,1.615,,,0.0,1.0,,True,completed
1133,pkw,1058.0,1260.0,202.0,,1798.055,0.0,10.0,192.0,29.86,,,0.0495,0.9505,,True,completed
1416,pkw,1220.0,1263.0,43.0,,442.215,0.0,0.0,43.0,2.2,,,0.0,1.0,,True,completed
1209,pkw,1102.0,1268.0,166.0,,1523.598,3.0,16.0,150.0,27.875,,,0.0964,0.9036,,True,completed
1194,pkw,1092.0,1271.0,179.0,,1397.837,32.0,32.0,147.0,50.48,,,0.1788,0.8212,,True,completed
964,pkw,970.0,1274.0,304.0,,2791.629,0.0,23.0,281.0,46.563,,,0.0757,0.9243,,True,completed
1227,pkw,1109.0,1275.0,166.0,,1371.53,18.0,18.0,148.0,40.094,,,0.1084,0.8916,,True,completed
1169,pkw,1080.0,1280.0,200.0,,1869.775,5.0,5.0,195.0,29.054,,,0.025,0.975,,True,completed
1210,pkw,1102.0,1280.0,178.0,,1477.319,24.0,26.0,152.0,43.445,,,0.1461,0.8539,,True,completed
1395,pkw,1209.0,1280.0,71.0,,731.87,0.0,0.0,71.0,3.468,,,0.0,1.0,,True,completed
1178,pkw,1083.0,1284.0,201.0,,1900.0,5.0,5.0,196.0,23.168,,,0.0249,0.9751,,True,completed
1281,pkw,1140.0,1284.0,144.0,,1331.942,5.0,5.0,139.0,19.032,,,0.0347,0.9653,,True,completed
1443,pkw,1238.0,1284.0,46.0,,479.968,0.0,0.0,46.0,1.802,,,0.0,1.0,,True,completed
1204,pkw,1098.0,1287.0,189.0,,1535.819,17.0,17.0,172.0,45.007,,,0.0899,0.9101,,True,completed
1329,pkw,1163.0,1288.0,125.0,,1222.541,0.0,0.0,125.0,7.954,,,0.0,1.0,,True,completed
187,pkw,334.0,1290.0,956.0,,,0.0,580.0,376.0,0.0,,,0.6067,0.3933,,True,completed
1138,pkw,1065.0,1296.0,231.0,,1626.494,25.0,41.0,190.0,80.322,,,0.1775,0.8225,,True,completed
1214,pkw,1104.0,1297.0,193.0,,1697.538,1.0,1.0,192.0,28.452,,,0.0052,0.9948,,True,completed
1232,pkw,1111.0,1303.0,192.0,,1800.223,0.0,0.0,192.0,18.266,,,0.0,1.0,,True,completed
1211,pkw,1102.0,1307.0,205.0,,1884.071,2.0,2.0,203.0,22.119,,,0.0098,0.9902,,True,completed
1203,pkw,1098.0,1308.0,210.0,,2044.699,1.0,1.0,209.0,19.226,,,0.0048,0.9952,,True,completed
120,pkw,237.0,1310.0,1073.0,,838.117,23.0,970.0,103.0,995.587,,,0.904,0.096,,True,completed
1289,pkw,1144.0,1314.0,170.0,,1666.392,0.0,0.0,170.0,16.718,,,0.0,1.0,,True,completed
1478,pkw,1274.0,1319.0,45.0,,377.159,0.0,0.0,45.0,4.093,,,0.0,1.0,,True,completed
1330,pkw,1164.0,1326.0,162.0,,1496.492,9.0,9.0,153.0,25.343,,,0.0556,0.9444,,True,completed
1464,pkw,1259.0,1329.0,70.0,,663.071,0.0,0.0,70.0,4.511,,,0.0,1.0,,True,completed
1325,pkw,1161.0,1331.0,170.0,,1487.268,1.0,7.0,163.0,23.535,,,0.0412,0.9588,,True,completed
12,pkw,19.0,1334.0,1315.0,,2079.972,98.0,1101.0,214.0,1127.341,,,0.8373,0.1627,,True,completed
1426,pkw,1225.0,1335.0,110.0,,1019.549,0.0,0.0,110.0,16.042,,,0.0,1.0,,True,completed
132,pkw,247.0,1337.0,1090.0,,2318.846,95.0,846.0,244.0,873.538,,,0.7761,0.2239,,True,completed
1429,pkw,1228.0,1339.0,111.0,,784.411,0.0,0.0,111.0,18.812,,,0.0,1.0,,True,completed
1452,pkw,1243.0,1340.0,97.0,,819.468,10.0,10.0,87.0,21.845,,,0.1031,0.8969,,True,completed
1358,pkw,1186.0,1343.0,157.0,,1084.773,17.0,17.0,140.0,43.824,,,0.1083,0.8917,,True,completed
342,pkw,535.0,1351.0,816.0,,1932.329,33.0,608.0,208.0,639.037,,,0.7451,0.2549,,True,completed
1355,pkw,1183.0,1358.0,175.0,,1593.745,0.0,0.0,175.0,17.336,,,0.0,1.0,,True,completed
1265,pkw,1129.0,1360.0,231.0,,1901.831,1.0,15.0,216.0,36.661,,,0.0649,0.9351,,True,completed
1400,pkw,1213.0,1362.0,149.0,,1460.603,0.0,0.0,149.0,11.05,,,0.0,1.0,,True,completed
167,pkw,313.0,1362.0,1049.0,,1389.161,1.0,897.0,152.0,922.527,,,0.8551,0.1449,,True,completed
1174,pkw,1081.0,1363.0,282.0,,2336.12,0.0,42.0,240.0,64.548,,,0.1489,0.8511,,True,completed
1455,pkw,1249.0,1364.0,115.0,,1139.025,0.0,0.0,115.0,7.48,,,0.0,1.0,,True,completed
1166,pkw,1078.0,1368.0,290.0,,2360.917,4.0,39.0,251.0,67.553,,,0.1345,0.8655,,True,completed
1428,pkw,1228.0,1368.0,140.0,,1039.732,3.0,3.0,137.0,20.483,,,0.0214,0.9786,,True,completed
680,pkw,791.0,1370.0,579.0,,1385.138,98.0,401.0,178.0,427.989,,,0.6926,0.3074,,True,completed
1382,pkw,1201.0,1375.0,174.0,,1104.633,48.0,48.0,126.0,64.38,,,0.2759,0.7241,,True,completed
1262,pkw,1127.0,1384.0,257.0,,1479.022,0.0,56.0,201.0,93.94,,,0.2179,0.7821,,True,completed
1058,pkw,1026.0,1390.0,364.0,,1114.998,45.0,240.0,124.0,260.251,,,0.6593,0.3407,,True,completed
1373,pkw,1194.0,1391.0,197.0,,1627.497,0.0,18.0,179.0,40.196,,,0.0914,0.9086,,True,completed
1379,pkw,1199.0,1391.0,192.0,,1858.711,0.0,0.0,192.0,16.63,,,0.0,1.0,,True,completed
526,pkw,1307.0,1396.0,89.0,,565.196,28.0,29.0,60.0,36.416,,,0.3258,0.6742,,True,completed
1517,pkw,1312.0,1405.0,93.0,,905.945,0.0,0.0,93.0,9.277,,,0.0,1.0,,True,completed
1340,pkw,1169.0,1410.0,241.0,,2335.59,2.0,2.0,239.0,21.408,,,0.0083,0.9917,,True,completed
1581,pkw,1363.0,1413.0,50.0,,519.955,0.0,0.0,50.0,2.204,,,0.0,1.0,,True,completed
1457,pkw,1251.0,1418.0,167.0,,1407.431,2.0,2.0,165.0,23.246,,,0.012,0.988,,True,completed
1523,pkw,1318.0,1422.0,104.0,,885.72,0.0,0.0,104.0,10.513,,,0.0,1.0,,True,completed
219,pkw,384.0,1425.0,1041.0,,1554.8,1.0,872.0,169.0,898.949,,,0.8377,0.1623,,True,completed
1480,pkw,1323.0,1426.0,103.0,,1009.223,0.0,0.0,103.0,10.575,,,0.0,1.0,,True,completed
1425,pkw,1225.0,1435.0,210.0,,1920.603,13.0,13.0,197.0,31.458,,,0.0619,0.9381,,True,completed
1515,pkw,1310.0,1437.0,127.0,,1274.932,0.0,0.0,127.0,8.584,,,0.0,1.0,,True,completed
925,pkw,1136.0,1439.0,303.0,,809.716,27.0,212.0,91.0,221.872,,,0.6997,0.3003,,True,completed
1125,pkw,1055.0,1442.0,387.0,,2594.127,25.0,122.0,265.0,144.063,,,0.3152,0.6848,,True,completed
1475,pkw,1272.0,1445.0,173.0,,1720.469,1.0,1.0,172.0,14.95,,,0.0058,0.9942,,True,completed
443,pkw,624.0,1448.0,824.0,,1550.157,58.0,658.0,166.0,683.696,,,0.7985,0.2015,,True,completed
328,pkw,513.0,1454.0,941.0,,2108.165,76.0,611.0,330.0,601.354,,,0.6493,0.3507,,True,completed
1513,pkw,1309.0,1455.0,146.0,,1524.84,0.0,0.0,146.0,7.763,,,0.0,1.0,,True,completed
1167,pkw,1080.0,1459.0,379.0,,1453.446,38.0,202.0,177.0,237.432,,,0.533,0.467,,True,completed
1530,pkw,1322.0,1463.0,141.0,,1211.284,17.0,17.0,124.0,29.918,,,0.1206,0.8794,,True,completed
1339,pkw,1167.0,1464.0,297.0,,2638.65,0.0,16.0,281.0,34.626,,,0.0539,0.9461,,True,completed
236,pkw,406.0,1465.0,1059.0,,1376.359,15.0,902.0,157.0,933.243,,,0.8517,0.1483,,True,completed
928,pkw,950.0,1471.0,521.0,,2269.015,0.0,292.0,229.0,311.836,,,0.5605,0.4395,,True,completed
1560,pkw,1345.0,1472.0,127.0,,986.116,0.0,0.0,127.0,12.048,,,0.0,1.0,,True,completed
1300,pkw,1147.0,1476.0,329.0,,2047.186,0.0,124.0,205.0,140.904,,,0.3769,0.6231,,True,completed
480,pkw,649.0,1485.0,836.0,,1472.332,1.0,658.0,178.0,688.086,,,0.7871,0.2129,,True,completed
1396,pkw,1209.0,1489.0,280.0,,2130.69,0.0,9.0,271.0,46.289,,,0.0321,0.9679,,True,completed
1575,pkw,1353.0,1510.0,157.0,,1645.093,0.0,0.0,157.0,7.631,,,0.0,1.0,,True,completed
1638,pkw,1410.0,1516.0,106.0,,1092.941,0.0,0.0,106.0,5.767,,,0.0,1.0,,True,completed
1640,pkw,1412.0,1516.0,104.0,,647.036,14.0,14.0,90.0,27.508,,,0.1346,0.8654,,True,completed
355,pkw,545.0,1523.0,978.0,,1886.16,100.0,709.0,269.0,735.466,,,0.7249,0.2751,,True,completed
350,pkw,540.0,1524.0,984.0,,1361.575,97.0,823.0,161.0,856.514,,,0.8364,0.1636,,True,completed
1518,pkw,1314.0,1525.0,211.0,,1841.956,18.0,19.0,192.0,38.735,,,0.09,0.91,,True,completed
203,pkw,354.0,1529.0,1175.0,,2197.332,0.0,902.0,273.0,949.65,,,0.7677,0.2323,,True,completed
72,pkw,129.0,1531.0,1402.0,,2426.409,95.0,1145.0,257.0,1179.878,,,0.8167,0.1833,,True,completed
1707,pkw,1462.0,1535.0,73.0,,669.837,0.0,0.0,73.0,7.229,,,0.0,1.0,,True,completed
850,pkw,909.0,1537.0,628.0,,2243.469,0.0,386.0,242.0,415.656,,,0.6146,0.3854,,True,completed
1503,pkw,1298.0,1541.0,243.0,,2086.715,1.0,1.0,242.0,25.799,,,0.0041,0.9959,,True,completed
1377,pkw,1197.0,1544.0,347.0,,2786.926,0.0,27.0,320.0,62.675,,,0.0778,0.9222,,True,completed
1700,pkw,1456.0,1558.0,102.0,,1006.511,0.0,0.0,102.0,8.25,,,0.0,1.0,,True,completed
183,pkw,332.0,1558.0,1226.0,,2683.534,75.0,795.0,431.0,824.985,,,0.6485,0.3515,,True,completed
1453,pkw,1245.0,1568.0,323.0,,2824.201,0.0,11.0,312.0,47.843,,,0.0341,0.9659,,True,completed
1579,pkw,1358.0,1570.0,212.0,,1834.664,0.0,0.0,212.0,30.413,,,0.0,1.0,,True,completed
1681,pkw,1444.0,1571.0,127.0,,1035.554,10.0,10.0,117.0,26.418,,,0.0787,0.9213,,True,completed
1767,pkw,1533.0,1576.0,43.0,,443.851,0.0,0.0,43.0,2.053,,,0.0,1.0,,True,completed
1722,pkw,1479.0,1585.0,106.0,,970.523,0.0,0.0,106.0,8.58,,,0.0,1.0,,True,completed
407,pkw,605.0,1591.0,986.0,,1122.422,98.0,846.0,140.0,872.959,,,0.858,0.142,,True,completed
465,pkw,638.0,1594.0,956.0,,1173.947,96.0,797.0,159.0,832.289,,,0.8337,0.1663,,True,completed
434,pkw,619.0,1596.0,977.0,,2082.445,95.0,735.0,242.0,785.937,,,0.7523,0.2477,,True,completed
307,pkw,491.0,1598.0,1107.0,,1709.201,91.0,904.0,203.0,940.029,,,0.8166,0.1834,,True,completed
514,pkw,678.0,1598.0,920.0,,2077.341,94.0,673.0,247.0,715.232,,,0.7315,0.2685,,True,completed
393,pkw,595.0,1608.0,1013.0,,731.651,74.0,920.0,93.0,944.816,,,0.9082,0.0918,,True,completed
657,pkw,772.0,1612.0,840.0,,,0.0,465.0,375.0,0.0,,,0.5536,0.4464,,True,completed
1798,pkw,1574.0,1617.0,43.0,,378.9,0.0,0.0,43.0,5.949,,,0.0,1.0,,True,completed
1674,pkw,1440.0,1618.0,178.0,,1408.818,0.0,0.0,178.0,14.542,,,0.0,1.0,,True,completed
602,pkw,737.0,1618.0,881.0,,348.856,97.0,813.0,68.0,838.126,,,0.9228,0.0772,,True,completed
1711,pkw,1465.0,1619.0,154.0,,877.749,48.0,48.0,106.0,62.928,,,0.3117,0.6883,,True,completed
1087,pkw,1039.0,1621.0,582.0,,1767.397,0.0,347.0,235.0,375.529,,,0.5962,0.4038,,True,completed
1622,pkw,1398.0,1631.0,233.0,,2341.669,0.0,0.0,233.0,16.514,,,0.0,1.0,,True,completed
1725,pkw,1486.0,1634.0,148.0,,1088.911,0.0,0.0,148.0,16.75,,,0.0,1.0,,True,completed
29,pkw,49.0,1644.0,1595.0,,2712.587,95.0,1305.0,290.0,1342.537,,,0.8182,0.1818,,True,completed
36,pkw,59.0,1647.0,1588.0,,1856.807,76.0,1363.0,225.0,1412.288,,,0.8583,0.1417,,True,completed
1485,pkw,1284.0,1665.0,381.0,,1331.369,46.0,239.0,142.0,252.209,,,0.6273,0.3727,,True,completed
308,pkw,491.0,1665.0,1174.0,,544.819,57.0,1102.0,72.0,1124.074,,,0.9387,0.0613,,True,completed
558,pkw,708.0,1678.0,970.0,,731.685,53.0,873.0,97.0,897.288,,,0.9,0.1,,True,completed
819,pkw,891.0,1679.0,788.0,,1099.287,98.0,657.0,131.0,680.194,,,0.8338,0.1662,,True,completed
318,pkw,505.0,1694.0,1189.0,,1616.279,0.0,1002.0,187.0,1042.247,,,0.8427,0.1573,,True,completed
316,pkw,502.0,1696.0,1194.0,,1599.204,85.0,1025.0,169.0,1048.61,,,0.8585,0.1415,,True,completed
597,pkw,735.0,1703.0,968.0,,1336.764,6.0,807.0,161.0,830.224,,,0.8337,0.1663,,True,completed
1663,pkw,1431.0,1719.0,288.0,,2471.377,0.0,37.0,251.0,59.603,,,0.1285,0.8715,,True,completed
1094,pkw,1042.0,1724.0,682.0,,1148.33,0.0,555.0,127.0,558.444,,,0.8138,0.1862,,True,completed
1639,pkw,1411.0,1728.0,317.0,,1481.491,1.0,136.0,181.0,162.854,,,0.429,0.571,,True,completed
694,pkw,801.0,1729.0,928.0,,2035.134,81.0,717.0,211.0,743.441,,,0.7726,0.2274,,True,completed
1821,pkw,1606.0,1730.0,124.0,,1048.406,20.0,20.0,104.0,28.643,,,0.1613,0.8387,,True,completed
1076,pkw,1035.0,1731.0,696.0,,1498.328,82.0,524.0,172.0,548.188,,,0.7529,0.2471,,True,completed
168,pkw,313.0,1733.0,1420.0,,2022.322,37.0,1171.0,249.0,1234.646,,,0.8246,0.1754,,True,completed
1508,pkw,1303.0,1734.0,431.0,,1326.094,38.0,275.0,156.0,297.169,,,0.6381,0.3619,,True,completed
1656,pkw,1425.0,1738.0,313.0,,705.134,25.0,234.0,79.0,247.68,,,0.7476,0.2524,,True,completed
1748,pkw,1509.0,1748.0,239.0,,730.006,78.0,150.0,89.0,171.723,,,0.6276,0.3724,,True,completed
7,pkw,9.0,1756.0,1747.0,,2202.664,67.0,1474.0,273.0,1541.888,,,0.8437,0.1563,,True,completed
1922,pkw,1716.0,1761.0,45.0,,459.35,0.0,0.0,45.0,2.14,,,0.0,1.0,,True,completed
42,pkw,75.0,1768.0,1693.0,,2555.699,42.0,1405.0,288.0,1457.156,,,0.8299,0.1701,,True,completed
1636,pkw,1409.0,1779.0,370.0,,1372.167,29.0,217.0,153.0,244.621,,,0.5865,0.4135,,True,completed
1626,pkw,1402.0,1787.0,385.0,,1475.344,17.0,215.0,170.0,250.43,,,0.5584,0.4416,,True,completed
1504,pkw,1442.0,1797.0,355.0,,816.365,9.0,254.0,101.0,266.748,,,0.7155,0.2845,,True,completed
1806,pkw,1590.0,1800.0,210.0,,1835.923,24.0,24.0,186.0,41.236,,,0.1143,0.8857,,True,completed
100,pkw,188.0,,1612.0,,1693.986,100.0,1415.0,197.0,1457.047,,,0.8778,0.1222,,False,on_map_at_end
1000,pkw,995.0,,805.0,,1547.251,100.0,638.0,167.0,664.966,,,0.7925,0.2075,,False,on_map_at_end
1002,pkw,997.0,,803.0,,308.157,100.0,716.0,87.0,749.31,,,0.8917,0.1083,,False,on_map_at_end
1003,pkw,998.0,,802.0,,83.232,100.0,773.0,29.0,794.509,,,0.9638,0.0362,,False,on_map_at_end
1005,pkw,998.0,,802.0,,294.426,100.0,738.0,64.0,775.134,,,0.9202,0.0798,,False,on_map_at_end
1006,pkw,1000.0,,800.0,,361.276,100.0,726.0,74.0,754.009,,,0.9075,0.0925,,False,on_map_at_end
1007,pkw,1000.0,,800.0,,1003.277,100.0,678.0,122.0,705.102,,,0.8475,0.1525,,False,on_map_at_end
1008,pkw,1000.0,,800.0,,407.075,100.0,725.0,75.0,762.599,,,0.9062,0.0938,,False,on_map_at_end
101,pkw,188.0,,1612.0,,480.789,100.0,1516.0,96.0,1568.413,,,0.9404,0.0596,,False,on_map_at_end
1010,pkw,1000.0,,800.0,,1190.612,100.0,648.0,152.0,682.2,,,0.81,0.19,,False,on_map_at_end
1011,pkw,1001.0,,799.0,,951.932,100.0,669.0,130.0,704.319,,,0.8373,0.1627,,False,on_map_at_end
1012,pkw,1001.0,,799.0,,1896.108,95.0,546.0,253.0,627.722,,,0.6834,0.3166,,False,on_map_at_end
1014,pkw,1002.0,,798.0,,178.647,100.0,749.0,49.0,781.922,,,0.9386,0.0614,,False,on_map_at_end
1015,pkw,1002.0,,798.0,,787.73,100.0,693.0,105.0,726.7,,,0.8684,0.1316,,False,on_map_at_end
1017,pkw,1005.0,,795.0,,1192.111,100.0,645.0,150.0,674.711,,,0.8113,0.1887,,False,on_map_at_end
1018,pkw,1352.0,,448.0,,21.017,100.0,428.0,20.0,446.108,,,0.9554,0.0446,,False,on_map_at_end
1019,pkw,1006.0,,794.0,,420.216,100.0,726.0,68.0,747.632,,,0.9144,0.0856,,False,on_map_at_end
1020,pkw,1007.0,,793.0,,312.376,84.0,717.0,76.0,764.886,,,0.9042,0.0958,,False,on_map_at_end
1022,pkw,1008.0,,792.0,,100.576,100.0,751.0,41.0,779.102,,,0.9482,0.0518,,False,on_map_at_end
1023,pkw,1008.0,,792.0,,944.431,100.0,666.0,126.0,698.891,,,0.8409,0.1591,,False,on_map_at_end
1025,pkw,1010.0,,790.0,,93.075,100.0,749.0,41.0,779.801,,,0.9481,0.0519,,False,on_map_at_end
1026,pkw,1009.0,,791.0,,1325.444,88.0,625.0,166.0,654.848,,,0.7901,0.2099,,False,on_map_at_end
1027,pkw,1009.0,,791.0,,366.9,87.0,723.0,68.0,757.979,,,0.914,0.086,,False,on_map_at_end
1028,pkw,1010.0,,790.0,,304.875,82.0,712.0,78.0,762.561,,,0.9013,0.0987,,False,on_map_at_end
1029,pkw,1010.0,,790.0,,868.455,84.0,665.0,125.0,711.838,,,0.8418,0.1582,,False,on_map_at_end
1030,pkw,1011.0,,789.0,,294.425,100.0,735.0,54.0,762.168,,,0.9316,0.0684,,False,on_map_at_end
1031,pkw,1011.0,,789.0,,251.158,100.0,729.0,60.0,759.212,,,0.924,0.076,,False,on_map_at_end
1032,pkw,1012.0,,788.0,,291.225,94.0,730.0,58.0,744.237,,,0.9264,0.0736,,False,on_map_at_end
1033,pkw,1012.0,,788.0,,85.251,97.0,750.0,38.0,763.327,,,0.9518,0.0482,,False,on_map_at_end
1034,pkw,1012.0,,788.0,,1902.629,100.0,585.0,203.0,604.614,,,0.7424,0.2576,,False,on_map_at_end
1035,pkw,1013.0,,787.0,,783.777,100.0,696.0,91.0,697.912,,,0.8844,0.1156,,False,on_map_at_end
1036,pkw,1014.0,,786.0,,279.174,100.0,733.0,53.0,760.246,,,0.9326,0.0674,,False,on_map_at_end
1038,pkw,1015.0,,785.0,,279.423,100.0,721.0,64.0,759.083,,,0.9185,0.0815,,False,on_map_at_end
1039,pkw,1015.0,,785.0,,359.399,86.0,714.0,71.0,752.654,,,0.9096,0.0904,,False,on_map_at_end
104,pkw,196.0,,1604.0,,1837.72,81.0,1354.0,250.0,1427.718,,,0.8441,0.1559,,False,on_map_at_end
1040,pkw,1016.0,,784.0,,1291.485,89.0,561.0,223.0,654.062,,,0.7156,0.2844,,False,on_map_at_end
1041,pkw,1016.0,,784.0,,1243.612,100.0,579.0,205.0,651.337,,,0.7385,0.2615,,False,on_map_at_end
1042,pkw,1016.0,,784.0,,1351.957,98.0,631.0,153.0,662.323,,,0.8048,0.1952,,False,on_map_at_end
1043,pkw,1017.0,,783.0,,989.229,100.0,662.0,121.0,688.621,,,0.8455,0.1545,,False,on_map_at_end
1044,pkw,1652.0,,148.0,,13.516,100.0,137.0,11.0,146.784,,,0.9257,0.0743,,False,on_map_at_end
1045,pkw,1018.0,,782.0,,1225.777,100.0,655.0,127.0,671.679,,,0.8376,0.1624,,False,on_map_at_end
1048,pkw,1020.0,,780.0,,1351.957,89.0,629.0,151.0,658.323,,,0.8064,0.1936,,False,on_map_at_end
105,pkw,198.0,,1602.0,,853.409,100.0,1499.0,103.0,1525.192,,,0.9357,0.0643,,False,on_map_at_end
1051,pkw,1022.0,,778.0,,764.189,100.0,690.0,88.0,708.886,,,0.8869,0.1131,,False,on_map_at_end
1052,pkw,1022.0,,778.0,,412.715,100.0,716.0,62.0,736.911,,,0.9203,0.0797,,False,on_map_at_end
1053,pkw,1023.0,,777.0,,353.775,100.0,706.0,71.0,734.163,,,0.9086,0.0914,,False,on_map_at_end
1054,pkw,1024.0,,776.0,,1508.86,100.0,602.0,174.0,634.231,,,0.7758,0.2242,,False,on_map_at_end
1056,pkw,1024.0,,776.0,,287.973,100.0,722.0,54.0,749.8,,,0.9304,0.0696,,False,on_map_at_end
1057,pkw,1024.0,,776.0,,1344.456,97.0,625.0,151.0,654.998,,,0.8054,0.1946,,False,on_map_at_end
1059,pkw,1027.0,,773.0,,686.733,100.0,693.0,80.0,711.653,,,0.8965,0.1035,,False,on_map_at_end
1060,pkw,1028.0,,772.0,,610.299,100.0,674.0,98.0,716.782,,,0.8731,0.1269,,False,on_map_at_end
1061,pkw,1028.0,,772.0,,1607.603,100.0,581.0,191.0,616.137,,,0.7526,0.2474,,False,on_map_at_end
1064,pkw,1656.0,,144.0,,6.014,100.0,135.0,9.0,143.459,,,0.9375,0.0625,,False,on_map_at_end
1066,pkw,1227.0,,573.0,,456.33,100.0,514.0,59.0,532.38,,,0.897,0.103,,False,on_map_at_end
1067,pkw,1030.0,,770.0,,1089.963,100.0,597.0,173.0,667.406,,,0.7753,0.2247,,False,on_map_at_end
1068,pkw,1030.0,,770.0,,462.808,92.0,715.0,55.0,729.57,,,0.9286,0.0714,,False,on_map_at_end
1069,pkw,1030.0,,770.0,,351.898,86.0,701.0,69.0,738.329,,,0.9104,0.0896,,False,on_map_at_end
107,pkw,207.0,,1593.0,,796.398,100.0,1448.0,145.0,1518.513,,,0.909,0.091,,False,on_map_at_end
1072,pkw,1032.0,,768.0,,344.397,85.0,700.0,68.0,737.004,,,0.9115,0.0885,,False,on_map_at_end
1073,pkw,1032.0,,768.0,,800.867,63.0,645.0,123.0,670.458,,,0.8398,0.1602,,False,on_map_at_end
1078,pkw,1035.0,,765.0,,1387.231,99.0,569.0,196.0,639.91,,,0.7438,0.2562,,False,on_map_at_end
1082,pkw,1037.0,,763.0,,1167.993,100.0,602.0,161.0,652.823,,,0.789,0.211,,False,on_map_at_end
1084,pkw,1037.0,,763.0,,280.472,100.0,707.0,56.0,737.631,,,0.9266,0.0734,,False,on_map_at_end
1085,pkw,1520.0,,280.0,,0.0,100.0,280.0,0.0,280.0,,,1.0,0.0,,False,on_map_at_end
1086,pkw,1038.0,,762.0,,1138.645,100.0,589.0,173.0,656.365,,,0.773,0.227,,False,on_map_at_end
1088,pkw,1040.0,,760.0,,1864.423,92.0,531.0,229.0,571.575,,,0.6987,0.3013,,False,on_map_at_end
109,pkw,211.0,,1589.0,,551.939,100.0,1499.0,90.0,1534.471,,,0.9434,0.0566,,False,on_map_at_end
1090,pkw,1040.0,,760.0,,1344.455,89.0,610.0,150.0,638.998,,,0.8026,0.1974,,False,on_map_at_end
1092,pkw,1041.0,,759.0,,297.374,83.0,682.0,77.0,732.236,,,0.8986,0.1014,,False,on_map_at_end
1095,pkw,1042.0,,758.0,,770.113,94.0,655.0,103.0,679.551,,,0.8641,0.1359,,False,on_map_at_end
1097,pkw,1043.0,,757.0,,85.574,100.0,716.0,41.0,745.523,,,0.9458,0.0542,,False,on_map_at_end
1098,pkw,1043.0,,757.0,,289.873,82.0,679.0,78.0,730.911,,,0.897,0.103,,False,on_map_at_end
1099,pkw,1044.0,,756.0,,860.954,82.0,641.0,115.0,678.513,,,0.8479,0.1521,,False,on_map_at_end
1100,pkw,1044.0,,756.0,,405.214,100.0,695.0,61.0,714.485,,,0.9193,0.0807,,False,on_map_at_end
1101,pkw,1044.0,,756.0,,373.019,96.0,701.0,55.0,722.428,,,0.9272,0.0728,,False,on_map_at_end
1102,pkw,1045.0,,755.0,,42.193,100.0,724.0,31.0,733.203,,,0.9589,0.0411,,False,on_map_at_end
1103,pkw,1046.0,,754.0,,1246.389,96.0,562.0,192.0,641.752,,,0.7454,0.2546,,False,on_map_at_end
1104,pkw,1046.0,,754.0,,1729.363,88.0,567.0,187.0,597.715,,,0.752,0.248,,False,on_map_at_end
1105,pkw,1047.0,,753.0,,1273.129,81.0,545.0,208.0,621.976,,,0.7238,0.2762,,False,on_map_at_end
1106,pkw,1047.0,,753.0,,1412.974,100.0,592.0,161.0,621.948,,,0.7862,0.2138,,False,on_map_at_end
1107,pkw,1048.0,,752.0,,599.938,100.0,680.0,72.0,697.924,,,0.9043,0.0957,,False,on_map_at_end
1108,pkw,1048.0,,752.0,,738.398,100.0,672.0,80.0,685.406,,,0.8936,0.1064,,False,on_map_at_end
111,pkw,216.0,,1584.0,,1783.232,100.0,1354.0,230.0,1406.546,,,0.8548,0.1452,,False,on_map_at_end
1110,pkw,1049.0,,751.0,,1532.249,100.0,581.0,170.0,612.242,,,0.7736,0.2264,,False,on_map_at_end
1112,pkw,1049.0,,751.0,,25.855,100.0,741.0,10.0,748.673,,,0.9867,0.0133,,False,on_map_at_end
1113,pkw,1049.0,,751.0,,595.297,100.0,654.0,97.0,697.059,,,0.8708,0.1292,,False,on_map_at_end
1114,pkw,1050.0,,750.0,,612.525,100.0,629.0,121.0,679.031,,,0.8387,0.1613,,False,on_map_at_end
1115,pkw,1050.0,,750.0,,264.421,100.0,689.0,61.0,725.339,,,0.9187,0.0813,,False,on_map_at_end
1116,pkw,1051.0,,749.0,,300.656,100.0,666.0,83.0,696.622,,,0.8892,0.1108,,False,on_map_at_end
1118,pkw,1052.0,,748.0,,69.897,100.0,726.0,22.0,723.709,,,0.9706,0.0294,,False,on_map_at_end
1119,pkw,1053.0,,747.0,,293.155,100.0,663.0,84.0,699.246,,,0.8876,0.1124,,False,on_map_at_end
1120,pkw,1053.0,,747.0,,1336.954,88.0,596.0,151.0,626.673,,,0.7979,0.2021,,False,on_map_at_end
1121,pkw,1053.0,,747.0,,716.856,100.0,633.0,114.0,679.679,,,0.8474,0.1526,,False,on_map_at_end
1124,pkw,1054.0,,746.0,,135.514,100.0,715.0,31.0,728.99,,,0.9584,0.0416,,False,on_map_at_end
1126,pkw,1055.0,,745.0,,78.073,100.0,710.0,35.0,734.777,,,0.953,0.047,,False,on_map_at_end
1127,pkw,1055.0,,745.0,,50.861,100.0,730.0,15.0,740.422,,,0.9799,0.0201,,False,on_map_at_end
1128,pkw,1055.0,,745.0,,315.744,100.0,691.0,54.0,714.761,,,0.9275,0.0725,,False,on_map_at_end
1129,pkw,1055.0,,745.0,,258.979,100.0,697.0,48.0,716.378,,,0.9356,0.0644,,False,on_map_at_end
113,pkw,218.0,,1582.0,,845.567,100.0,1431.0,151.0,1504.891,,,0.9046,0.0954,,False,on_map_at_end
1130,pkw,1056.0,,744.0,,282.371,83.0,668.0,76.0,718.586,,,0.8978,0.1022,,False,on_map_at_end
1131,pkw,1058.0,,742.0,,1188.965,100.0,604.0,138.0,633.416,,,0.814,0.186,,False,on_map_at_end
1134,pkw,1063.0,,737.0,,202.468,100.0,699.0,38.0,718.278,,,0.9484,0.0516,,False,on_map_at_end
1135,pkw,1061.0,,739.0,,18.354,100.0,727.0,12.0,737.348,,,0.9838,0.0162,,False,on_map_at_end
1136,pkw,1062.0,,738.0,,1173.27,100.0,609.0,129.0,632.405,,,0.8252,0.1748,,False,on_map_at_end
1137,pkw,1063.0,,737.0,,384.009,100.0,680.0,57.0,695.427,,,0.9227,0.0773,,False,on_map_at_end
1139,pkw,1065.0,,735.0,,584.936,100.0,665.0,70.0,682.355,,,0.9048,0.0952,,False,on_map_at_end
114,pkw,223.0,,1577.0,,845.567,100.0,1421.0,156.0,1498.795,,,0.9011,0.0989,,False,on_map_at_end
1140,pkw,1066.0,,734.0,,62.396,100.0,714.0,20.0,710.384,,,0.9728,0.0272,,False,on_map_at_end
1141,pkw,1066.0,,734.0,,285.654,100.0,662.0,72.0,690.648,,,0.9019,0.0981,,False,on_map_at_end
1142,pkw,1067.0,,733.0,,1741.762,88.0,545.0,188.0,575.092,,,0.7435,0.2565,,False,on_map_at_end
1143,pkw,1067.0,,733.0,,1226.474,100.0,584.0,149.0,621.772,,,0.7967,0.2033,,False,on_map_at_end
1144,pkw,1068.0,,732.0,,1198.606,91.0,524.0,208.0,606.181,,,0.7158,0.2842,,False,on_map_at_end
1145,pkw,1068.0,,732.0,,1441.948,100.0,553.0,179.0,596.005,,,0.7555,0.2445,,False,on_map_at_end
1147,pkw,1069.0,,731.0,,346.274,100.0,666.0,65.0,691.456,,,0.9111,0.0889,,False,on_map_at_end
1148,pkw,1069.0,,731.0,,278.153,100.0,652.0,79.0,682.472,,,0.8919,0.1081,,False,on_map_at_end
1149,pkw,1070.0,,730.0,,605.024,100.0,615.0,115.0,665.469,,,0.8425,0.1575,,False,on_map_at_end
1150,pkw,1070.0,,730.0,,459.598,96.0,667.0,63.0,688.537,,,0.9137,0.0863,,False,on_map_at_end
1151,pkw,1071.0,,729.0,,470.13,100.0,649.0,80.0,686.688,,,0.8903,0.1097,,False,on_map_at_end
1153,pkw,1071.0,,729.0,,70.572,100.0,699.0,30.0,720.798,,,0.9588,0.0412,,False,on_map_at_end
1154,pkw,1072.0,,728.0,,1101.157,94.0,538.0,190.0,622.572,,,0.739,0.261,,False,on_map_at_end
1156,pkw,1072.0,,728.0,,274.87,83.0,651.0,77.0,703.261,,,0.8942,0.1058,,False,on_map_at_end
1157,pkw,1073.0,,727.0,,749.187,100.0,637.0,90.0,658.951,,,0.8762,0.1238,,False,on_map_at_end
1158,pkw,1073.0,,727.0,,1011.954,88.0,532.0,195.0,624.649,,,0.7318,0.2682,,False,on_map_at_end
1159,pkw,1075.0,,725.0,,288.323,100.0,677.0,48.0,696.204,,,0.9338,0.0662,,False,on_map_at_end
116,pkw,230.0,,1570.0,,2174.038,100.0,1321.0,249.0,1372.837,,,0.8414,0.1586,,False,on_map_at_end
1160,pkw,1075.0,,725.0,,68.23,100.0,710.0,15.0,718.819,,,0.9793,0.0207,,False,on_map_at_end
1162,pkw,1076.0,,724.0,,1524.748,100.0,555.0,169.0,586.465,,,0.7666,0.2334,,False,on_map_at_end
1163,pkw,1076.0,,724.0,,54.895,100.0,704.0,20.0,700.945,,,0.9724,0.0276,,False,on_map_at_end
1164,pkw,1077.0,,723.0,,507.12,100.0,638.0,85.0,669.535,,,0.8824,0.1176,,False,on_map_at_end
1168,pkw,1080.0,,720.0,,182.788,100.0,661.0,59.0,703.549,,,0.9181,0.0819,,False,on_map_at_end
1170,pkw,1080.0,,720.0,,267.369,83.0,643.0,77.0,695.937,,,0.8931,0.1069,,False,on_map_at_end
1171,pkw,1081.0,,719.0,,575.02,99.0,566.0,153.0,623.229,,,0.7872,0.2128,,False,on_map_at_end
1172,pkw,1081.0,,719.0,,992.45,84.0,555.0,164.0,614.054,,,0.7719,0.2281,,False,on_map_at_end
1175,pkw,1082.0,,718.0,,1087.407,100.0,589.0,129.0,610.658,,,0.8203,0.1797,,False,on_map_at_end
1179,pkw,1083.0,,717.0,,63.071,100.0,691.0,26.0,710.991,,,0.9637,0.0363,,False,on_map_at_end
1180,pkw,1083.0,,717.0,,338.773,100.0,653.0,64.0,681.739,,,0.9107,0.0893,,False,on_map_at_end
1181,pkw,1084.0,,716.0,,989.006,94.0,599.0,117.0,626.637,,,0.8366,0.1634,,False,on_map_at_end
1182,pkw,1084.0,,716.0,,331.272,100.0,650.0,66.0,678.878,,,0.9078,0.0922,,False,on_map_at_end
1183,pkw,1085.0,,715.0,,1032.654,100.0,606.0,109.0,613.38,,,0.8476,0.1524,,False,on_map_at_end
1184,pkw,1087.0,,713.0,,1386.971,85.0,516.0,197.0,580.331,,,0.7237,0.2763,,False,on_map_at_end
1185,pkw,1088.0,,712.0,,28.519,100.0,695.0,17.0,709.433,,,0.9761,0.0239,,False,on_map_at_end
1186,pkw,1088.0,,712.0,,34.692,100.0,687.0,25.0,690.878,,,0.9649,0.0351,,False,on_map_at_end
1187,pkw,1088.0,,712.0,,332.05,91.0,653.0,59.0,681.608,,,0.9171,0.0829,,False,on_map_at_end
1188,pkw,1089.0,,711.0,,128.013,100.0,681.0,30.0,696.592,,,0.9578,0.0422,,False,on_map_at_end
1189,pkw,1091.0,,709.0,,361.506,100.0,648.0,61.0,670.918,,,0.914,0.086,,False,on_map_at_end
119,pkw,232.0,,1568.0,,1884.392,100.0,1324.0,244.0,1394.193,,,0.8444,0.1556,,False,on_map_at_end
1190,pkw,1091.0,,709.0,,336.896,86.0,643.0,66.0,678.679,,,0.9069,0.0931,,False,on_map_at_end
1191,pkw,1091.0,,709.0,,807.203,82.0,591.0,118.0,630.539,,,0.8336,0.1664,,False,on_map_at_end
1192,pkw,1091.0,,709.0,,279.423,100.0,655.0,54.0,682.816,,,0.9238,0.0762,,False,on_map_at_end
1195,pkw,1093.0,,707.0,,1336.955,96.0,556.0,151.0,586.673,,,0.7864,0.2136,,False,on_map_at_end
1196,pkw,1093.0,,707.0,,22.839,96.0,690.0,17.0,704.944,,,0.976,0.024,,False,on_map_at_end
1197,pkw,1095.0,,705.0,,86.259,100.0,683.0,22.0,694.362,,,0.9688,0.0312,,False,on_map_at_end
1198,pkw,1095.0,,705.0,,921.928,98.0,586.0,119.0,618.172,,,0.8312,0.1688,,False,on_map_at_end
1199,pkw,1095.0,,705.0,,1509.746,100.0,541.0,164.0,568.502,,,0.7674,0.2326,,False,on_map_at_end
1200,pkw,1095.0,,705.0,,560.018,95.0,562.0,143.0,638.211,,,0.7972,0.2028,,False,on_map_at_end
1201,pkw,1096.0,,704.0,,792.201,77.0,576.0,128.0,625.202,,,0.8182,0.1818,,False,on_map_at_end
1202,pkw,1098.0,,702.0,,259.868,83.0,634.0,68.0,678.612,,,0.9031,0.0969,,False,on_map_at_end
1205,pkw,1098.0,,702.0,,755.45,97.0,553.0,149.0,628.962,,,0.7877,0.2123,,False,on_map_at_end
1206,pkw,1100.0,,700.0,,1942.54,86.0,488.0,212.0,523.934,,,0.6971,0.3029,,False,on_map_at_end
1207,pkw,1101.0,,699.0,,741.686,100.0,610.0,89.0,631.686,,,0.8727,0.1273,,False,on_map_at_end
1208,pkw,1101.0,,699.0,,270.652,100.0,619.0,80.0,651.638,,,0.8856,0.1144,,False,on_map_at_end
1212,pkw,1103.0,,697.0,,105.576,100.0,667.0,30.0,687.498,,,0.957,0.043,,False,on_map_at_end
1213,pkw,1103.0,,697.0,,734.185,100.0,608.0,89.0,630.487,,,0.8723,0.1277,,False,on_map_at_end
1216,pkw,1105.0,,695.0,,354.005,100.0,638.0,57.0,658.595,,,0.918,0.082,,False,on_map_at_end
1217,pkw,1105.0,,695.0,,263.151,100.0,619.0,76.0,653.252,,,0.8906,0.1094,,False,on_map_at_end
1218,pkw,1106.0,,694.0,,168.542,100.0,647.0,47.0,678.831,,,0.9323,0.0677,,False,on_map_at_end
1219,pkw,1106.0,,694.0,,166.516,100.0,659.0,35.0,679.013,,,0.9496,0.0504,,False,on_map_at_end
1220,pkw,1107.0,,693.0,,120.512,100.0,662.0,31.0,676.601,,,0.9553,0.0447,,False,on_map_at_end
1221,pkw,1107.0,,693.0,,695.442,87.0,556.0,137.0,625.8,,,0.8023,0.1977,,False,on_map_at_end
1222,pkw,1108.0,,692.0,,346.504,100.0,629.0,63.0,649.409,,,0.909,0.091,,False,on_map_at_end
1223,pkw,1108.0,,692.0,,264.421,100.0,641.0,51.0,667.417,,,0.9263,0.0737,,False,on_map_at_end
1224,pkw,1112.0,,688.0,,1620.675,88.0,479.0,209.0,536.737,,,0.6962,0.3038,,False,on_map_at_end
1225,pkw,1109.0,,691.0,,255.65,100.0,609.0,82.0,640.787,,,0.8813,0.1187,,False,on_map_at_end
1226,pkw,1110.0,,690.0,,1302.941,87.0,528.0,162.0,565.084,,,0.7652,0.2348,,False,on_map_at_end
1228,pkw,1112.0,,688.0,,339.003,100.0,625.0,63.0,650.912,,,0.9084,0.0916,,False,on_map_at_end
1229,pkw,1114.0,,686.0,,331.502,100.0,622.0,64.0,645.955,,,0.9067,0.0933,,False,on_map_at_end
123,pkw,240.0,,1560.0,,1227.871,100.0,1402.0,158.0,1433.676,,,0.8987,0.1013,,False,on_map_at_end
1231,pkw,1111.0,,689.0,,1329.453,95.0,540.0,149.0,569.348,,,0.7837,0.2163,,False,on_map_at_end
1233,pkw,1111.0,,689.0,,376.937,94.0,636.0,53.0,654.157,,,0.9231,0.0769,,False,on_map_at_end
1234,pkw,1112.0,,688.0,,1867.84,100.0,479.0,209.0,507.516,,,0.6962,0.3038,,False,on_map_at_end
1235,pkw,1112.0,,688.0,,2666.172,93.0,396.0,292.0,441.783,,,0.5756,0.4244,,False,on_map_at_end
1236,pkw,1112.0,,688.0,,928.579,94.0,541.0,147.0,599.037,,,0.7863,0.2137,,False,on_map_at_end
1237,pkw,1113.0,,687.0,,1189.72,100.0,525.0,162.0,569.972,,,0.7642,0.2358,,False,on_map_at_end
1238,pkw,1115.0,,685.0,,741.39,100.0,566.0,119.0,600.72,,,0.8263,0.1737,,False,on_map_at_end
1239,pkw,1115.0,,685.0,,962.258,93.0,525.0,160.0,596.077,,,0.7664,0.2336,,False,on_map_at_end
124,pkw,240.0,,1560.0,,2152.024,100.0,1327.0,233.0,1365.991,,,0.8506,0.1494,,False,on_map_at_end
1240,pkw,1115.0,,685.0,,198.651,100.0,636.0,49.0,662.221,,,0.9285,0.0715,,False,on_map_at_end
1241,pkw,1116.0,,684.0,,695.073,100.0,582.0,102.0,620.303,,,0.8509,0.1491,,False,on_map_at_end
1242,pkw,1116.0,,684.0,,113.011,100.0,654.0,30.0,669.186,,,0.9561,0.0439,,False,on_map_at_end
1247,pkw,1120.0,,680.0,,1927.787,86.0,471.0,209.0,505.296,,,0.6926,0.3074,,False,on_map_at_end
1248,pkw,1121.0,,679.0,,561.591,99.0,581.0,98.0,627.808,,,0.8557,0.1443,,False,on_map_at_end
1249,pkw,1122.0,,678.0,,55.57,100.0,648.0,30.0,669.566,,,0.9558,0.0442,,False,on_map_at_end
1250,pkw,1122.0,,678.0,,239.041,100.0,626.0,52.0,656.486,,,0.9233,0.0767,,False,on_map_at_end
1251,pkw,1122.0,,678.0,,252.367,82.0,618.0,60.0,655.287,,,0.9115,0.0885,,False,on_map_at_end
1252,pkw,1123.0,,677.0,,719.183,100.0,588.0,89.0,611.612,,,0.8685,0.1315,,False,on_map_at_end
1253,pkw,1123.0,,677.0,,482.154,100.0,614.0,63.0,632.654,,,0.9069,0.0931,,False,on_map_at_end
1254,pkw,1123.0,,677.0,,324.001,100.0,619.0,58.0,640.891,,,0.9143,0.0857,,False,on_map_at_end
1255,pkw,1124.0,,676.0,,1486.649,100.0,522.0,154.0,541.322,,,0.7722,0.2278,,False,on_map_at_end
1257,pkw,1124.0,,676.0,,98.234,100.0,638.0,38.0,667.159,,,0.9438,0.0562,,False,on_map_at_end
1258,pkw,1124.0,,676.0,,974.227,100.0,552.0,124.0,584.903,,,0.8166,0.1834,,False,on_map_at_end
1259,pkw,1125.0,,675.0,,244.866,82.0,615.0,60.0,652.962,,,0.9111,0.0889,,False,on_map_at_end
1261,pkw,1126.0,,674.0,,48.069,100.0,645.0,29.0,667.457,,,0.957,0.043,,False,on_map_at_end
1263,pkw,1128.0,,672.0,,1127.916,100.0,531.0,141.0,567.915,,,0.7902,0.2098,,False,on_map_at_end
1264,pkw,1129.0,,671.0,,329.395,85.0,621.0,50.0,641.354,,,0.9255,0.0745,,False,on_map_at_end
1266,pkw,1130.0,,670.0,,1009.937,100.0,536.0,134.0,576.756,,,0.8,0.2,,False,on_map_at_end
1267,pkw,1130.0,,670.0,,455.128,99.0,593.0,77.0,629.038,,,0.8851,0.1149,,False,on_map_at_end
1268,pkw,1131.0,,669.0,,40.568,100.0,643.0,26.0,664.557,,,0.9611,0.0389,,False,on_map_at_end
1269,pkw,1131.0,,669.0,,947.256,89.0,519.0,150.0,581.847,,,0.7758,0.2242,,False,on_map_at_end
127,pkw,243.0,,1557.0,,1671.483,100.0,1369.0,188.0,1402.792,,,0.8793,0.1207,,False,on_map_at_end
1270,pkw,1132.0,,668.0,,33.067,100.0,642.0,26.0,664.104,,,0.9611,0.0389,,False,on_map_at_end
1271,pkw,1132.0,,668.0,,1472.918,100.0,478.0,190.0,512.265,,,0.7156,0.2844,,False,on_map_at_end
1273,pkw,1134.0,,666.0,,21.018,100.0,647.0,19.0,664.108,,,0.9715,0.0285,,False,on_map_at_end
1274,pkw,1133.0,,667.0,,499.619,99.0,591.0,76.0,618.951,,,0.8861,0.1139,,False,on_map_at_end
1275,pkw,1134.0,,666.0,,308.999,100.0,606.0,60.0,630.326,,,0.9099,0.0901,,False,on_map_at_end
1276,pkw,1134.0,,666.0,,1321.952,94.0,517.0,149.0,547.023,,,0.7763,0.2237,,False,on_map_at_end
1277,pkw,1136.0,,664.0,,535.289,98.0,565.0,99.0,615.431,,,0.8509,0.1491,,False,on_map_at_end
1278,pkw,1137.0,,663.0,,301.498,100.0,603.0,60.0,626.403,,,0.9095,0.0905,,False,on_map_at_end
1279,pkw,1139.0,,661.0,,1026.147,78.0,501.0,160.0,559.192,,,0.7579,0.2421,,False,on_map_at_end
128,pkw,244.0,,1556.0,,527.148,100.0,1471.0,85.0,1502.77,,,0.9454,0.0546,,False,on_map_at_end
1280,pkw,1139.0,,661.0,,293.997,100.0,596.0,65.0,623.226,,,0.9017,0.0983,,False,on_map_at_end
1282,pkw,1141.0,,659.0,,929.221,78.0,524.0,135.0,569.352,,,0.7951,0.2049,,False,on_map_at_end
1283,pkw,1140.0,,660.0,,469.553,100.0,603.0,57.0,616.487,,,0.9136,0.0864,,False,on_map_at_end
1284,pkw,1141.0,,659.0,,966.016,78.0,510.0,149.0,571.546,,,0.7739,0.2261,,False,on_map_at_end
1285,pkw,1141.0,,659.0,,47.394,100.0,646.0,13.0,636.734,,,0.9803,0.0197,,False,on_map_at_end
1286,pkw,1142.0,,658.0,,1229.485,100.0,517.0,141.0,538.17,,,0.7857,0.2143,,False,on_map_at_end
1290,pkw,1144.0,,656.0,,1314.451,91.0,503.0,153.0,537.698,,,0.7668,0.2332,,False,on_map_at_end
1291,pkw,1145.0,,655.0,,237.365,82.0,596.0,59.0,633.637,,,0.9099,0.0901,,False,on_map_at_end
1292,pkw,1145.0,,655.0,,452.15,100.0,599.0,56.0,613.498,,,0.9145,0.0855,,False,on_map_at_end
1293,pkw,1145.0,,655.0,,39.893,100.0,644.0,11.0,633.41,,,0.9832,0.0168,,False,on_map_at_end
1294,pkw,1146.0,,654.0,,711.682,100.0,565.0,89.0,589.682,,,0.8639,0.1361,,False,on_map_at_end
1295,pkw,1146.0,,654.0,,914.427,96.0,535.0,119.0,567.552,,,0.818,0.182,,False,on_map_at_end
1296,pkw,1146.0,,654.0,,597.359,98.0,579.0,75.0,600.237,,,0.8853,0.1147,,False,on_map_at_end
1299,pkw,1147.0,,653.0,,25.566,100.0,626.0,27.0,649.978,,,0.9587,0.0413,,False,on_map_at_end
130,pkw,245.0,,1555.0,,1811.276,100.0,1329.0,226.0,1382.7,,,0.8547,0.1453,,False,on_map_at_end
1301,pkw,1149.0,,651.0,,1464.146,100.0,496.0,155.0,518.338,,,0.7619,0.2381,,False,on_map_at_end
1302,pkw,1149.0,,651.0,,229.864,83.0,591.0,60.0,630.312,,,0.9078,0.0922,,False,on_map_at_end
1303,pkw,1149.0,,651.0,,1221.984,100.0,511.0,140.0,532.807,,,0.7849,0.2151,,False,on_map_at_end
1304,pkw,1150.0,,650.0,,784.7,73.0,527.0,123.0,578.893,,,0.8108,0.1892,,False,on_map_at_end
1305,pkw,1186.0,,614.0,,76.606,100.0,583.0,31.0,607.105,,,0.9495,0.0505,,False,on_map_at_end
1306,pkw,1150.0,,650.0,,74.239,100.0,625.0,25.0,643.318,,,0.9615,0.0385,,False,on_map_at_end
1307,pkw,1151.0,,649.0,,331.308,100.0,602.0,47.0,617.944,,,0.9276,0.0724,,False,on_map_at_end
1308,pkw,1151.0,,649.0,,222.363,83.0,588.0,61.0,628.987,,,0.906,0.094,,False,on_map_at_end
1309,pkw,1151.0,,649.0,,218.659,100.0,615.0,34.0,628.525,,,0.9476,0.0524,,False,on_map_at_end
131,pkw,246.0,,1554.0,,2367.563,100.0,1286.0,268.0,1338.299,,,0.8275,0.1725,,False,on_map_at_end
1310,pkw,1152.0,,648.0,,214.862,83.0,587.0,61.0,628.662,,,0.9059,0.0941,,False,on_map_at_end
1312,pkw,1154.0,,646.0,,248.149,100.0,575.0,71.0,605.639,,,0.8901,0.1099,,False,on_map_at_end
1314,pkw,1156.0,,644.0,,1375.469,100.0,489.0,155.0,515.527,,,0.7593,0.2407,,False,on_map_at_end
1316,pkw,1156.0,,644.0,,704.181,100.0,554.0,90.0,580.395,,,0.8602,0.1398,,False,on_map_at_end
1317,pkw,1156.0,,644.0,,268.722,94.0,592.0,52.0,611.109,,,0.9193,0.0807,,False,on_map_at_end
1318,pkw,1156.0,,644.0,,321.894,84.0,593.0,51.0,615.029,,,0.9208,0.0792,,False,on_map_at_end
1319,pkw,1158.0,,642.0,,1074.727,90.0,481.0,161.0,533.42,,,0.7492,0.2508,,False,on_map_at_end
1321,pkw,1160.0,,640.0,,314.393,83.0,588.0,52.0,611.704,,,0.9187,0.0813,,False,on_map_at_end
1323,pkw,1164.0,,636.0,,115.279,100.0,614.0,22.0,625.625,,,0.9654,0.0346,,False,on_map_at_end
1324,pkw,1161.0,,639.0,,240.648,100.0,565.0,74.0,595.435,,,0.8842,0.1158,,False,on_map_at_end
1326,pkw,1162.0,,638.0,,1792.386,87.0,442.0,196.0,475.277,,,0.6928,0.3072,,False,on_map_at_end
1327,pkw,1162.0,,638.0,,66.738,100.0,617.0,21.0,631.994,,,0.9671,0.0329,,False,on_map_at_end
133,pkw,251.0,,1549.0,,1191.605,100.0,1402.0,147.0,1440.048,,,0.9051,0.0949,,False,on_map_at_end
1332,pkw,1165.0,,635.0,,1072.405,22.0,511.0,124.0,532.757,,,0.8047,0.1953,,False,on_map_at_end
1333,pkw,1165.0,,635.0,,1784.885,86.0,436.0,199.0,472.567,,,0.6866,0.3134,,False,on_map_at_end
1335,pkw,1166.0,,634.0,,1270.593,86.0,456.0,178.0,510.265,,,0.7192,0.2808,,False,on_map_at_end
1336,pkw,1167.0,,633.0,,1280.438,85.0,476.0,157.0,508.356,,,0.752,0.248,,False,on_map_at_end
1338,pkw,1167.0,,633.0,,1071.858,100.0,518.0,115.0,535.759,,,0.8183,0.1817,,False,on_map_at_end
134,pkw,255.0,,1545.0,,2060.555,95.0,1320.0,225.0,1357.473,,,0.8544,0.1456,,False,on_map_at_end
1341,pkw,1169.0,,631.0,,306.892,85.0,585.0,46.0,603.379,,,0.9271,0.0729,,False,on_map_at_end
1342,pkw,1173.0,,627.0,,906.926,94.0,505.0,122.0,538.631,,,0.8054,0.1946,,False,on_map_at_end
1343,pkw,1173.0,,627.0,,316.27,100.0,558.0,69.0,587.088,,,0.89,0.11,,False,on_map_at_end
1344,pkw,1173.0,,627.0,,1064.904,19.0,502.0,125.0,521.769,,,0.8006,0.1994,,False,on_map_at_end
1346,pkw,1177.0,,623.0,,233.147,100.0,538.0,85.0,574.201,,,0.8636,0.1364,,False,on_map_at_end
1347,pkw,1177.0,,623.0,,308.769,100.0,556.0,67.0,585.152,,,0.8925,0.1075,,False,on_map_at_end
1348,pkw,1177.0,,623.0,,1486.357,100.0,443.0,180.0,478.925,,,0.7111,0.2889,,False,on_map_at_end
1349,pkw,1349.0,,451.0,,39.348,100.0,421.0,30.0,447.459,,,0.9335,0.0665,,False,on_map_at_end
135,pkw,256.0,,1544.0,,1786.29,100.0,1331.0,213.0,1372.949,,,0.862,0.138,,False,on_map_at_end
1350,pkw,1179.0,,621.0,,462.052,100.0,564.0,57.0,578.55,,,0.9082,0.0918,,False,on_map_at_end
1351,pkw,1180.0,,620.0,,15.338,95.0,608.0,12.0,618.62,,,0.9806,0.0194,,False,on_map_at_end
1352,pkw,1181.0,,619.0,,1329.453,88.0,470.0,149.0,499.348,,,0.7593,0.2407,,False,on_map_at_end
1353,pkw,1376.0,,424.0,,18.065,100.0,403.0,21.0,421.672,,,0.9505,0.0495,,False,on_map_at_end
1356,pkw,1183.0,,617.0,,242.967,96.0,568.0,49.0,594.618,,,0.9206,0.0794,,False,on_map_at_end
1357,pkw,1184.0,,616.0,,368.387,95.0,522.0,94.0,576.177,,,0.8474,0.1526,,False,on_map_at_end
1359,pkw,1187.0,,613.0,,301.268,100.0,550.0,63.0,577.769,,,0.8972,0.1028,,False,on_map_at_end
1360,pkw,1680.0,,120.0,,10.564,100.0,109.0,11.0,118.663,,,0.9083,0.0917,,False,on_map_at_end
1361,pkw,1188.0,,612.0,,1661.853,87.0,432.0,180.0,461.444,,,0.7059,0.2941,,False,on_map_at_end
1362,pkw,1188.0,,612.0,,1306.95,90.0,463.0,149.0,494.373,,,0.7565,0.2435,,False,on_map_at_end
1363,pkw,1188.0,,612.0,,1274.484,48.0,349.0,263.0,360.779,,,0.5703,0.4297,,False,on_map_at_end
1364,pkw,1684.0,,116.0,,3.063,100.0,108.0,8.0,115.609,,,0.931,0.069,,False,on_map_at_end
1365,pkw,1190.0,,610.0,,1248.09,84.0,435.0,175.0,478.282,,,0.7131,0.2869,,False,on_map_at_end
1366,pkw,1190.0,,610.0,,579.064,87.0,493.0,117.0,553.895,,,0.8082,0.1918,,False,on_map_at_end
1367,pkw,1190.0,,610.0,,1028.679,86.0,483.0,127.0,515.02,,,0.7918,0.2082,,False,on_map_at_end
1368,pkw,1191.0,,609.0,,1306.073,8.0,472.0,137.0,491.452,,,0.775,0.225,,False,on_map_at_end
1369,pkw,1191.0,,609.0,,876.072,85.0,463.0,146.0,526.234,,,0.7603,0.2397,,False,on_map_at_end
1370,pkw,1191.0,,609.0,,331.308,100.0,559.0,50.0,578.393,,,0.9179,0.0821,,False,on_map_at_end
1372,pkw,1192.0,,608.0,,299.391,82.0,557.0,51.0,581.055,,,0.9161,0.0839,,False,on_map_at_end
1374,pkw,1194.0,,606.0,,286.211,100.0,557.0,49.0,580.241,,,0.9191,0.0809,,False,on_map_at_end
1376,pkw,1195.0,,605.0,,225.646,100.0,519.0,86.0,552.641,,,0.8579,0.1421,,False,on_map_at_end
1378,pkw,1198.0,,602.0,,201.536,95.0,561.0,41.0,583.862,,,0.9319,0.0681,,False,on_map_at_end
1381,pkw,1199.0,,601.0,,136.512,100.0,564.0,37.0,588.714,,,0.9384,0.0616,,False,on_map_at_end
1383,pkw,1201.0,,599.0,,815.948,87.0,492.0,107.0,525.564,,,0.8214,0.1786,,False,on_map_at_end
1384,pkw,1201.0,,599.0,,207.361,82.0,540.0,59.0,580.337,,,0.9015,0.0985,,False,on_map_at_end
1387,pkw,1203.0,,597.0,,642.565,100.0,501.0,96.0,536.128,,,0.8392,0.1608,,False,on_map_at_end
1388,pkw,1203.0,,597.0,,1141.749,83.0,416.0,181.0,474.562,,,0.6968,0.3032,,False,on_map_at_end
1389,pkw,1204.0,,596.0,,286.496,100.0,533.0,63.0,561.199,,,0.8943,0.1057,,False,on_map_at_end
139,pkw,263.0,,1537.0,,838.407,100.0,1431.0,106.0,1461.447,,,0.931,0.069,,False,on_map_at_end
1390,pkw,1204.0,,596.0,,199.86,83.0,538.0,58.0,578.012,,,0.9027,0.0973,,False,on_map_at_end
1391,pkw,1205.0,,595.0,,506.097,100.0,442.0,153.0,469.72,,,0.7429,0.2571,,False,on_map_at_end
1392,pkw,1205.0,,595.0,,353.385,91.0,506.0,89.0,558.126,,,0.8504,0.1496,,False,on_map_at_end
1394,pkw,1208.0,,592.0,,611.842,88.0,475.0,117.0,531.198,,,0.8024,0.1976,,False,on_map_at_end
1398,pkw,1212.0,,588.0,,454.551,98.0,520.0,68.0,545.737,,,0.8844,0.1156,,False,on_map_at_end
1399,pkw,1213.0,,587.0,,343.015,93.0,536.0,51.0,556.128,,,0.9131,0.0869,,False,on_map_at_end
14,pkw,21.0,,1779.0,,2340.12,100.0,1521.0,258.0,1555.339,,,0.855,0.145,,False,on_map_at_end
140,pkw,264.0,,1536.0,,830.906,100.0,1428.0,108.0,1461.095,,,0.9297,0.0703,,False,on_map_at_end
1401,pkw,1213.0,,587.0,,966.503,93.0,467.0,120.0,499.403,,,0.7956,0.2044,,False,on_map_at_end
1402,pkw,1213.0,,587.0,,316.306,100.0,536.0,51.0,557.743,,,0.9131,0.0869,,False,on_map_at_end
1404,pkw,1214.0,,586.0,,10.853,100.0,572.0,14.0,585.023,,,0.9761,0.0239,,False,on_map_at_end
1405,pkw,1214.0,,586.0,,192.359,83.0,529.0,57.0,568.688,,,0.9027,0.0973,,False,on_map_at_end
1406,pkw,1215.0,,585.0,,218.145,100.0,509.0,76.0,545.156,,,0.8701,0.1299,,False,on_map_at_end
1407,pkw,1215.0,,585.0,,608.193,89.0,476.0,109.0,530.262,,,0.8137,0.1863,,False,on_map_at_end
1408,pkw,1215.0,,585.0,,354.434,93.0,533.0,52.0,552.784,,,0.9111,0.0889,,False,on_map_at_end
1409,pkw,1217.0,,583.0,,1404.805,100.0,420.0,163.0,449.182,,,0.7204,0.2796,,False,on_map_at_end
141,pkw,265.0,,1535.0,,203.64,100.0,1481.0,54.0,1517.212,,,0.9648,0.0352,,False,on_map_at_end
1410,pkw,1218.0,,582.0,,765.021,85.0,454.0,128.0,511.12,,,0.7801,0.2199,,False,on_map_at_end
1411,pkw,1218.0,,582.0,,184.858,81.0,524.0,58.0,565.363,,,0.9003,0.0997,,False,on_map_at_end
1412,pkw,1219.0,,581.0,,308.805,100.0,526.0,55.0,551.914,,,0.9053,0.0947,,False,on_map_at_end
1413,pkw,1219.0,,581.0,,497.784,90.0,481.0,100.0,535.83,,,0.8279,0.1721,,False,on_map_at_end
1414,pkw,1219.0,,581.0,,203.657,100.0,539.0,42.0,561.911,,,0.9277,0.0723,,False,on_map_at_end
1415,pkw,1220.0,,580.0,,27.191,100.0,559.0,21.0,559.553,,,0.9638,0.0362,,False,on_map_at_end
1417,pkw,1221.0,,579.0,,2119.998,94.0,355.0,224.0,382.65,,,0.6131,0.3869,,False,on_map_at_end
1420,pkw,1221.0,,579.0,,69.105,99.0,549.0,30.0,564.725,,,0.9482,0.0518,,False,on_map_at_end
1422,pkw,1225.0,,575.0,,100.277,100.0,549.0,26.0,565.975,,,0.9548,0.0452,,False,on_map_at_end
1423,pkw,1224.0,,576.0,,278.995,100.0,512.0,64.0,539.617,,,0.8889,0.1111,,False,on_map_at_end
1424,pkw,1224.0,,576.0,,60.948,100.0,558.0,18.0,558.842,,,0.9688,0.0312,,False,on_map_at_end
1427,pkw,1227.0,,573.0,,286.302,100.0,517.0,56.0,545.849,,,0.9023,0.0977,,False,on_map_at_end
1430,pkw,1230.0,,570.0,,432.624,93.0,503.0,67.0,531.063,,,0.8825,0.1175,,False,on_map_at_end
1431,pkw,1232.0,,568.0,,625.883,100.0,485.0,83.0,511.67,,,0.8539,0.1461,,False,on_map_at_end
1432,pkw,1232.0,,568.0,,181.154,100.0,526.0,42.0,550.869,,,0.9261,0.0739,,False,on_map_at_end
1433,pkw,1232.0,,568.0,,1942.638,100.0,365.0,203.0,391.923,,,0.6426,0.3574,,False,on_map_at_end
1434,pkw,1233.0,,567.0,,1291.948,89.0,420.0,147.0,450.723,,,0.7407,0.2593,,False,on_map_at_end
1435,pkw,1233.0,,567.0,,291.89,84.0,520.0,47.0,540.73,,,0.9171,0.0829,,False,on_map_at_end
1436,pkw,1233.0,,567.0,,210.644,100.0,505.0,62.0,536.975,,,0.8907,0.1093,,False,on_map_at_end
1438,pkw,1234.0,,566.0,,2112.497,95.0,330.0,236.0,356.95,,,0.583,0.417,,False,on_map_at_end
1439,pkw,1235.0,,565.0,,425.123,92.0,495.0,70.0,526.739,,,0.8761,0.1239,,False,on_map_at_end
144,pkw,277.0,,1523.0,,1298.92,100.0,1326.0,197.0,1392.778,,,0.8707,0.1293,,False,on_map_at_end
1440,pkw,1236.0,,564.0,,173.653,100.0,522.0,42.0,547.603,,,0.9255,0.0745,,False,on_map_at_end
1441,pkw,1236.0,,564.0,,475.281,86.0,468.0,96.0,520.95,,,0.8298,0.1702,,False,on_map_at_end
1444,pkw,1239.0,,561.0,,271.494,100.0,500.0,61.0,528.237,,,0.8913,0.1087,,False,on_map_at_end
1445,pkw,1239.0,,561.0,,347.067,95.0,506.0,55.0,528.5,,,0.902,0.098,,False,on_map_at_end
1446,pkw,1239.0,,561.0,,1279.647,9.0,426.0,135.0,445.831,,,0.7594,0.2406,,False,on_map_at_end
1447,pkw,1240.0,,560.0,,1255.114,10.0,425.0,135.0,447.039,,,0.7589,0.2411,,False,on_map_at_end
1448,pkw,1241.0,,559.0,,1280.551,100.0,399.0,160.0,438.545,,,0.7138,0.2862,,False,on_map_at_end
145,pkw,277.0,,1523.0,,959.355,100.0,1348.0,175.0,1427.379,,,0.8851,0.1149,,False,on_map_at_end
1450,pkw,1243.0,,557.0,,32.392,100.0,546.0,11.0,536.085,,,0.9803,0.0197,,False,on_map_at_end
1451,pkw,1243.0,,557.0,,278.801,100.0,505.0,52.0,531.087,,,0.9066,0.0934,,False,on_map_at_end
1454,pkw,1249.0,,551.0,,263.799,100.0,498.0,53.0,526.289,,,0.9038,0.0962,,False,on_map_at_end
1456,pkw,1249.0,,551.0,,168.647,100.0,514.0,37.0,532.033,,,0.9328,0.0672,,False,on_map_at_end
1458,pkw,1251.0,,549.0,,203.142,100.0,474.0,75.0,506.888,,,0.8634,0.1366,,False,on_map_at_end
1459,pkw,1254.0,,546.0,,777.199,84.0,435.0,111.0,472.323,,,0.7967,0.2033,,False,on_map_at_end
1461,pkw,1256.0,,544.0,,1056.659,100.0,435.0,109.0,448.9,,,0.7996,0.2004,,False,on_map_at_end
1462,pkw,1258.0,,542.0,,151.15,100.0,501.0,41.0,528.073,,,0.9244,0.0756,,False,on_map_at_end
1463,pkw,1259.0,,541.0,,332.56,92.0,494.0,47.0,510.085,,,0.9131,0.0869,,False,on_map_at_end
1465,pkw,1260.0,,540.0,,983.672,85.0,419.0,121.0,446.641,,,0.7759,0.2241,,False,on_map_at_end
1466,pkw,1264.0,,536.0,,1092.596,81.0,362.0,174.0,420.954,,,0.6754,0.3246,,False,on_map_at_end
1467,pkw,1264.0,,536.0,,1558.339,97.0,377.0,159.0,395.03,,,0.7034,0.2966,,False,on_map_at_end
1469,pkw,1265.0,,535.0,,19.69,100.0,519.0,16.0,515.228,,,0.9701,0.0299,,False,on_map_at_end
1470,pkw,1265.0,,535.0,,828.067,81.0,380.0,155.0,436.124,,,0.7103,0.2897,,False,on_map_at_end
1471,pkw,1266.0,,534.0,,284.389,87.0,490.0,44.0,508.405,,,0.9176,0.0824,,False,on_map_at_end
1473,pkw,1269.0,,531.0,,276.888,85.0,485.0,46.0,506.08,,,0.9134,0.0866,,False,on_map_at_end
1474,pkw,1270.0,,530.0,,959.225,92.0,399.0,131.0,439.08,,,0.7528,0.2472,,False,on_map_at_end
1476,pkw,1362.0,,438.0,,24.346,100.0,419.0,19.0,435.809,,,0.9566,0.0434,,False,on_map_at_end
1477,pkw,1274.0,,526.0,,1875.03,85.0,313.0,213.0,355.756,,,0.5951,0.4049,,False,on_map_at_end
1479,pkw,1275.0,,525.0,,266.888,100.0,477.0,48.0,493.712,,,0.9086,0.0914,,False,on_map_at_end
148,pkw,287.0,,1513.0,,773.979,100.0,1398.0,115.0,1433.668,,,0.924,0.076,,False,on_map_at_end
1481,pkw,1280.0,,520.0,,1333.339,100.0,367.0,153.0,399.286,,,0.7058,0.2942,,False,on_map_at_end
1482,pkw,1282.0,,518.0,,1190.514,81.0,365.0,153.0,410.521,,,0.7046,0.2954,,False,on_map_at_end
1483,pkw,1282.0,,518.0,,439.548,91.0,462.0,56.0,476.618,,,0.8919,0.1081,,False,on_map_at_end
1484,pkw,1284.0,,516.0,,951.501,92.0,401.0,115.0,429.747,,,0.7771,0.2229,,False,on_map_at_end
1486,pkw,1285.0,,515.0,,136.148,100.0,473.0,42.0,502.328,,,0.9184,0.0816,,False,on_map_at_end
1487,pkw,1284.0,,516.0,,1086.789,100.0,404.0,112.0,418.188,,,0.7829,0.2171,,False,on_map_at_end
1489,pkw,1286.0,,514.0,,148.642,100.0,477.0,37.0,500.622,,,0.928,0.072,,False,on_map_at_end
149,pkw,290.0,,1510.0,,1124.357,100.0,1375.0,135.0,1407.657,,,0.9106,0.0894,,False,on_map_at_end
1490,pkw,1287.0,,513.0,,149.269,100.0,484.0,29.0,495.722,,,0.9435,0.0565,,False,on_map_at_end
1491,pkw,1289.0,,511.0,,179.032,91.0,471.0,40.0,494.887,,,0.9217,0.0783,,False,on_map_at_end
1492,pkw,1289.0,,511.0,,1646.851,85.0,327.0,184.0,362.283,,,0.6399,0.3601,,False,on_map_at_end
1493,pkw,1290.0,,510.0,,1330.463,100.0,351.0,159.0,381.548,,,0.6882,0.3118,,False,on_map_at_end
1494,pkw,1291.0,,509.0,,177.357,81.0,453.0,56.0,493.038,,,0.89,0.11,,False,on_map_at_end
1495,pkw,1291.0,,509.0,,241.204,100.0,455.0,54.0,487.291,,,0.8939,0.1061,,False,on_map_at_end
1496,pkw,1291.0,,509.0,,3.352,100.0,503.0,6.0,508.698,,,0.9882,0.0118,,False,on_map_at_end
1497,pkw,1291.0,,509.0,,1096.742,80.0,343.0,166.0,395.21,,,0.6739,0.3261,,False,on_map_at_end
1498,pkw,1292.0,,508.0,,269.486,90.0,469.0,39.0,483.746,,,0.9232,0.0768,,False,on_map_at_end
1499,pkw,1293.0,,507.0,,195.641,100.0,433.0,74.0,467.588,,,0.854,0.146,,False,on_map_at_end
15,pkw,22.0,,1778.0,,2610.624,87.0,1466.0,312.0,1542.215,,,0.8245,0.1755,,False,on_map_at_end
1500,pkw,1326.0,,474.0,,25.266,100.0,456.0,18.0,471.726,,,0.962,0.038,,False,on_map_at_end
1501,pkw,1296.0,,504.0,,938.749,100.0,405.0,99.0,419.165,,,0.8036,0.1964,,False,on_map_at_end
1502,pkw,1297.0,,503.0,,47.77,85.0,465.0,38.0,498.701,,,0.9245,0.0755,,False,on_map_at_end
1505,pkw,1300.0,,500.0,,259.387,100.0,447.0,53.0,466.214,,,0.894,0.106,,False,on_map_at_end
1507,pkw,1301.0,,499.0,,1284.447,88.0,364.0,135.0,383.399,,,0.7295,0.2705,,False,on_map_at_end
151,pkw,291.0,,1509.0,,63.899,100.0,1478.0,31.0,1503.249,,,0.9795,0.0205,,False,on_map_at_end
1510,pkw,1306.0,,494.0,,655.268,100.0,427.0,67.0,435.025,,,0.8644,0.1356,,False,on_map_at_end
1511,pkw,1307.0,,493.0,,1631.849,84.0,309.0,184.0,345.441,,,0.6268,0.3732,,False,on_map_at_end
1512,pkw,1308.0,,492.0,,169.856,83.0,439.0,53.0,476.713,,,0.8923,0.1077,,False,on_map_at_end
1514,pkw,1328.0,,472.0,,17.765,100.0,456.0,16.0,470.401,,,0.9661,0.0339,,False,on_map_at_end
1516,pkw,1310.0,,490.0,,791.038,80.0,367.0,123.0,407.079,,,0.749,0.251,,False,on_map_at_end
152,pkw,294.0,,1506.0,,1727.715,100.0,1288.0,218.0,1340.16,,,0.8552,0.1448,,False,on_map_at_end
1520,pkw,1316.0,,484.0,,261.985,89.0,445.0,39.0,460.421,,,0.9194,0.0806,,False,on_map_at_end
1521,pkw,1317.0,,483.0,,2202.085,100.0,236.0,247.0,283.347,,,0.4886,0.5114,,False,on_map_at_end
1522,pkw,1317.0,,483.0,,308.379,84.0,413.0,70.0,450.95,,,0.8551,0.1449,,False,on_map_at_end
1524,pkw,1319.0,,481.0,,254.484,89.0,443.0,38.0,458.096,,,0.921,0.079,,False,on_map_at_end
1526,pkw,1320.0,,480.0,,222.529,100.0,449.0,31.0,459.14,,,0.9354,0.0646,,False,on_map_at_end
1527,pkw,1321.0,,479.0,,162.355,81.0,425.0,54.0,464.388,,,0.8873,0.1127,,False,on_map_at_end
1528,pkw,1322.0,,478.0,,246.983,88.0,440.0,38.0,455.771,,,0.9205,0.0795,,False,on_map_at_end
1529,pkw,1322.0,,478.0,,1030.01,98.0,358.0,120.0,384.574,,,0.749,0.251,,False,on_map_at_end
1531,pkw,1323.0,,477.0,,251.886,100.0,427.0,50.0,443.358,,,0.8952,0.1048,,False,on_map_at_end
1534,pkw,1327.0,,473.0,,1860.028,84.0,270.0,203.0,303.297,,,0.5708,0.4292,,False,on_map_at_end
1535,pkw,1328.0,,472.0,,188.14,100.0,421.0,51.0,439.519,,,0.8919,0.1081,,False,on_map_at_end
1536,pkw,1328.0,,472.0,,179.519,100.0,440.0,32.0,451.995,,,0.9322,0.0678,,False,on_map_at_end
1537,pkw,1329.0,,471.0,,154.854,82.0,418.0,53.0,457.063,,,0.8875,0.1125,,False,on_map_at_end
1539,pkw,1330.0,,470.0,,320.512,92.0,420.0,50.0,441.154,,,0.8936,0.1064,,False,on_map_at_end
1540,pkw,1330.0,,470.0,,469.615,91.0,399.0,71.0,425.831,,,0.8489,0.1511,,False,on_map_at_end
1541,pkw,1330.0,,470.0,,410.121,89.0,412.0,58.0,433.089,,,0.8766,0.1234,,False,on_map_at_end
1542,pkw,1331.0,,469.0,,100.353,100.0,448.0,21.0,459.968,,,0.9552,0.0448,,False,on_map_at_end
1543,pkw,1332.0,,468.0,,627.917,100.0,366.0,102.0,392.759,,,0.7821,0.2179,,False,on_map_at_end
1544,pkw,1334.0,,466.0,,485.008,83.0,378.0,88.0,411.255,,,0.8112,0.1888,,False,on_map_at_end
1545,pkw,1334.0,,466.0,,28.358,96.0,451.0,15.0,463.448,,,0.9678,0.0322,,False,on_map_at_end
1546,pkw,1335.0,,465.0,,1314.451,87.0,327.0,138.0,346.698,,,0.7032,0.2968,,False,on_map_at_end
1547,pkw,1335.0,,465.0,,248.991,100.0,422.0,43.0,435.84,,,0.9075,0.0925,,False,on_map_at_end
1548,pkw,1336.0,,464.0,,779.348,100.0,365.0,99.0,385.585,,,0.7866,0.2134,,False,on_map_at_end
1549,pkw,1336.0,,464.0,,1304.431,100.0,311.0,153.0,334.48,,,0.6703,0.3297,,False,on_map_at_end
155,pkw,301.0,,1499.0,,1852.147,84.0,1266.0,233.0,1328.924,,,0.8446,0.1554,,False,on_map_at_end
1550,pkw,1337.0,,463.0,,962.211,81.0,315.0,148.0,357.416,,,0.6803,0.3197,,False,on_map_at_end
1551,pkw,1338.0,,462.0,,857.243,80.0,338.0,124.0,381.368,,,0.7316,0.2684,,False,on_map_at_end
1552,pkw,1653.0,,147.0,,10.369,100.0,136.0,11.0,146.067,,,0.9252,0.0748,,False,on_map_at_end
1553,pkw,1340.0,,460.0,,233.703,100.0,410.0,50.0,438.967,,,0.8913,0.1087,,False,on_map_at_end
1555,pkw,1342.0,,458.0,,24.891,100.0,444.0,14.0,437.76,,,0.9694,0.0306,,False,on_map_at_end
1556,pkw,1343.0,,457.0,,91.371,87.0,428.0,29.0,448.776,,,0.9365,0.0635,,False,on_map_at_end
1557,pkw,1344.0,,456.0,,937.865,73.0,343.0,113.0,371.591,,,0.7522,0.2478,,False,on_map_at_end
1558,pkw,1344.0,,456.0,,147.353,82.0,401.0,55.0,442.738,,,0.8794,0.1206,,False,on_map_at_end
1559,pkw,1344.0,,456.0,,883.65,100.0,346.0,110.0,373.572,,,0.7588,0.2412,,False,on_map_at_end
1561,pkw,1347.0,,453.0,,1071.787,100.0,344.0,109.0,356.538,,,0.7594,0.2406,,False,on_map_at_end
1562,pkw,1347.0,,453.0,,180.639,100.0,399.0,54.0,420.288,,,0.8808,0.1192,,False,on_map_at_end
1566,pkw,1349.0,,451.0,,666.676,100.0,375.0,76.0,390.454,,,0.8315,0.1685,,False,on_map_at_end
1567,pkw,1349.0,,451.0,,1045.516,75.0,300.0,151.0,341.277,,,0.6652,0.3348,,False,on_map_at_end
1568,pkw,1350.0,,450.0,,236.109,100.0,408.0,42.0,419.765,,,0.9067,0.0933,,False,on_map_at_end
1569,pkw,1351.0,,449.0,,23.639,100.0,440.0,9.0,446.872,,,0.98,0.02,,False,on_map_at_end
157,pkw,302.0,,1498.0,,1347.009,89.0,1331.0,167.0,1377.846,,,0.8885,0.1115,,False,on_map_at_end
1570,pkw,1351.0,,449.0,,239.481,89.0,413.0,36.0,427.446,,,0.9198,0.0802,,False,on_map_at_end
1571,pkw,1352.0,,448.0,,12.189,100.0,434.0,14.0,428.903,,,0.9688,0.0312,,False,on_map_at_end
1572,pkw,1352.0,,448.0,,7.837,95.0,441.0,7.0,447.295,,,0.9844,0.0156,,False,on_map_at_end
1573,pkw,1353.0,,447.0,,94.878,100.0,427.0,20.0,437.584,,,0.9553,0.0447,,False,on_map_at_end
1574,pkw,1353.0,,447.0,,1160.51,80.0,302.0,145.0,341.771,,,0.6756,0.3244,,False,on_map_at_end
1578,pkw,1355.0,,445.0,,139.852,82.0,392.0,53.0,432.413,,,0.8809,0.1191,,False,on_map_at_end
158,pkw,302.0,,1498.0,,808.403,100.0,1394.0,104.0,1425.243,,,0.9306,0.0694,,False,on_map_at_end
1580,pkw,1362.0,,438.0,,1306.95,88.0,300.0,138.0,320.373,,,0.6849,0.3151,,False,on_map_at_end
1582,pkw,1365.0,,435.0,,1240.153,66.0,276.0,159.0,314.363,,,0.6345,0.3655,,False,on_map_at_end
1583,pkw,1365.0,,435.0,,473.949,100.0,372.0,63.0,388.17,,,0.8552,0.1448,,False,on_map_at_end
1584,pkw,1366.0,,434.0,,1914.98,21.0,189.0,245.0,228.651,,,0.4355,0.5645,,False,on_map_at_end
1585,pkw,1366.0,,434.0,,659.175,100.0,358.0,76.0,374.166,,,0.8249,0.1751,,False,on_map_at_end
1586,pkw,1367.0,,433.0,,132.351,84.0,381.0,52.0,421.088,,,0.8799,0.1201,,False,on_map_at_end
1588,pkw,1368.0,,432.0,,231.98,89.0,397.0,35.0,411.122,,,0.919,0.081,,False,on_map_at_end
1589,pkw,1369.0,,431.0,,244.385,100.0,391.0,40.0,406.409,,,0.9072,0.0928,,False,on_map_at_end
159,pkw,303.0,,1497.0,,1966.005,100.0,1279.0,218.0,1318.837,,,0.8544,0.1456,,False,on_map_at_end
1590,pkw,1371.0,,429.0,,224.479,87.0,392.0,37.0,408.797,,,0.9138,0.0862,,False,on_map_at_end
1592,pkw,1371.0,,429.0,,1927.636,100.0,220.0,209.0,254.171,,,0.5128,0.4872,,False,on_map_at_end
1593,pkw,1372.0,,428.0,,651.674,100.0,352.0,76.0,368.591,,,0.8224,0.1776,,False,on_map_at_end
1594,pkw,1373.0,,427.0,,830.222,98.0,341.0,86.0,351.699,,,0.7986,0.2014,,False,on_map_at_end
1595,pkw,1373.0,,427.0,,1569.045,80.0,244.0,183.0,281.697,,,0.5714,0.4286,,False,on_map_at_end
1599,pkw,1376.0,,424.0,,760.637,71.0,327.0,97.0,339.783,,,0.7712,0.2288,,False,on_map_at_end
160,pkw,303.0,,1497.0,,1608.958,82.0,1289.0,208.0,1352.732,,,0.8611,0.1389,,False,on_map_at_end
1600,pkw,1380.0,,420.0,,636.671,100.0,345.0,75.0,362.167,,,0.8214,0.1786,,False,on_map_at_end
1601,pkw,1380.0,,420.0,,1034.353,100.0,311.0,109.0,326.522,,,0.7405,0.2595,,False,on_map_at_end
1602,pkw,1381.0,,419.0,,786.059,82.0,304.0,115.0,339.94,,,0.7255,0.2745,,False,on_map_at_end
1604,pkw,1381.0,,419.0,,1334.858,34.0,253.0,166.0,292.586,,,0.6038,0.3962,,False,on_map_at_end
1605,pkw,1382.0,,418.0,,939.708,80.0,291.0,127.0,322.529,,,0.6962,0.3038,,False,on_map_at_end
1606,pkw,1383.0,,417.0,,1489.797,100.0,261.0,156.0,280.167,,,0.6259,0.3741,,False,on_map_at_end
1607,pkw,1384.0,,416.0,,236.884,100.0,373.0,43.0,387.493,,,0.8966,0.1034,,False,on_map_at_end
1609,pkw,1387.0,,413.0,,173.138,100.0,366.0,47.0,384.811,,,0.8862,0.1138,,False,on_map_at_end
161,pkw,305.0,,1495.0,,823.064,100.0,1343.0,152.0,1419.075,,,0.8983,0.1017,,False,on_map_at_end
1610,pkw,1401.0,,399.0,,4.688,100.0,389.0,10.0,380.578,,,0.9749,0.0251,,False,on_map_at_end
1611,pkw,1389.0,,411.0,,928.997,91.0,306.0,105.0,327.187,,,0.7445,0.2555,,False,on_map_at_end
1612,pkw,1690.0,,110.0,,21.732,98.0,101.0,9.0,108.044,,,0.9182,0.0818,,False,on_map_at_end
1613,pkw,1391.0,,409.0,,1051.736,80.0,256.0,153.0,295.79,,,0.6259,0.3741,,False,on_map_at_end
1615,pkw,1392.0,,408.0,,1386.587,34.0,245.0,163.0,281.402,,,0.6005,0.3995,,False,on_map_at_end
1616,pkw,1393.0,,407.0,,1133.417,100.0,284.0,123.0,304.583,,,0.6978,0.3022,,False,on_map_at_end
1617,pkw,1395.0,,405.0,,216.978,86.0,368.0,37.0,385.472,,,0.9086,0.0914,,False,on_map_at_end
1619,pkw,1395.0,,405.0,,228.608,100.0,364.0,41.0,378.142,,,0.8988,0.1012,,False,on_map_at_end
1620,pkw,1396.0,,404.0,,737.287,77.0,305.0,99.0,332.316,,,0.755,0.245,,False,on_map_at_end
1621,pkw,1398.0,,402.0,,78.758,100.0,383.0,19.0,389.663,,,0.9527,0.0473,,False,on_map_at_end
1623,pkw,1398.0,,402.0,,221.107,100.0,360.0,42.0,376.453,,,0.8955,0.1045,,False,on_map_at_end
1625,pkw,1401.0,,399.0,,705.581,21.0,316.0,83.0,328.2,,,0.792,0.208,,False,on_map_at_end
1627,pkw,1402.0,,398.0,,165.637,100.0,353.0,45.0,372.079,,,0.8869,0.1131,,False,on_map_at_end
1628,pkw,1444.0,,356.0,,16.929,95.0,350.0,6.0,354.387,,,0.9831,0.0169,,False,on_map_at_end
1629,pkw,1404.0,,396.0,,209.477,87.0,361.0,35.0,377.147,,,0.9116,0.0884,,False,on_map_at_end
1630,pkw,1405.0,,395.0,,1276.946,88.0,261.0,134.0,280.074,,,0.6608,0.3392,,False,on_map_at_end
1631,pkw,1407.0,,393.0,,105.51,100.0,368.0,25.0,379.29,,,0.9364,0.0636,,False,on_map_at_end
1632,pkw,1407.0,,393.0,,761.566,92.0,296.0,97.0,320.307,,,0.7532,0.2468,,False,on_map_at_end
1633,pkw,1408.0,,392.0,,462.279,71.0,344.0,48.0,350.935,,,0.8776,0.1224,,False,on_map_at_end
1634,pkw,1408.0,,392.0,,565.649,96.0,326.0,66.0,336.147,,,0.8316,0.1684,,False,on_map_at_end
1635,pkw,1409.0,,391.0,,629.17,100.0,317.0,74.0,334.147,,,0.8107,0.1893,,False,on_map_at_end
1637,pkw,1409.0,,391.0,,301.419,91.0,345.0,46.0,361.633,,,0.8824,0.1176,,False,on_map_at_end
1641,pkw,1412.0,,388.0,,124.85,82.0,334.0,54.0,376.763,,,0.8608,0.1392,,False,on_map_at_end
1642,pkw,1412.0,,388.0,,201.976,87.0,353.0,35.0,369.822,,,0.9098,0.0902,,False,on_map_at_end
1644,pkw,1415.0,,385.0,,554.932,100.0,322.0,63.0,335.056,,,0.8364,0.1636,,False,on_map_at_end
1646,pkw,1416.0,,384.0,,590.058,100.0,307.0,77.0,329.93,,,0.7995,0.2005,,False,on_map_at_end
1647,pkw,1666.0,,134.0,,2.868,100.0,130.0,4.0,133.742,,,0.9701,0.0299,,False,on_map_at_end
1648,pkw,1417.0,,383.0,,621.226,100.0,316.0,67.0,327.089,,,0.8251,0.1749,,False,on_map_at_end
1649,pkw,1418.0,,382.0,,408.408,92.0,328.0,54.0,343.387,,,0.8586,0.1414,,False,on_map_at_end
1650,pkw,1422.0,,378.0,,197.96,88.0,342.0,36.0,359.767,,,0.9048,0.0952,,False,on_map_at_end
1651,pkw,1422.0,,378.0,,83.87,85.0,344.0,34.0,370.452,,,0.9101,0.0899,,False,on_map_at_end
1653,pkw,1423.0,,377.0,,400.907,94.0,326.0,51.0,339.698,,,0.8647,0.1353,,False,on_map_at_end
1654,pkw,1423.0,,377.0,,154.089,96.0,357.0,20.0,363.132,,,0.9469,0.0531,,False,on_map_at_end
1655,pkw,1424.0,,376.0,,951.724,92.0,266.0,110.0,287.347,,,0.7074,0.2926,,False,on_map_at_end
1658,pkw,1426.0,,374.0,,9.249,100.0,365.0,9.0,364.168,,,0.9759,0.0241,,False,on_map_at_end
166,pkw,312.0,,1488.0,,815.563,100.0,1339.0,149.0,1414.093,,,0.8999,0.1001,,False,on_map_at_end
1662,pkw,1430.0,,370.0,,874.269,100.0,273.0,97.0,287.725,,,0.7378,0.2622,,False,on_map_at_end
1664,pkw,1431.0,,369.0,,158.136,100.0,320.0,49.0,341.562,,,0.8672,0.1328,,False,on_map_at_end
1665,pkw,1431.0,,369.0,,1299.449,89.0,234.0,135.0,252.048,,,0.6341,0.3659,,False,on_map_at_end
1666,pkw,1432.0,,368.0,,1374.199,100.0,209.0,159.0,226.825,,,0.5679,0.4321,,False,on_map_at_end
1667,pkw,1434.0,,366.0,,117.349,82.0,319.0,47.0,355.439,,,0.8716,0.1284,,False,on_map_at_end
1668,pkw,1434.0,,366.0,,1034.156,100.0,257.0,109.0,272.925,,,0.7022,0.2978,,False,on_map_at_end
1669,pkw,1434.0,,366.0,,207.527,100.0,334.0,32.0,346.013,,,0.9126,0.0874,,False,on_map_at_end
1670,pkw,1436.0,,364.0,,150.635,100.0,312.0,52.0,336.138,,,0.8571,0.1429,,False,on_map_at_end
1671,pkw,1437.0,,363.0,,109.848,82.0,316.0,47.0,353.114,,,0.8705,0.1295,,False,on_map_at_end
1672,pkw,1439.0,,361.0,,1049.284,100.0,251.0,110.0,266.564,,,0.6953,0.3047,,False,on_map_at_end
1673,pkw,1439.0,,361.0,,102.346,80.0,313.0,48.0,351.789,,,0.867,0.133,,False,on_map_at_end
1675,pkw,1440.0,,360.0,,856.357,62.0,250.0,110.0,279.504,,,0.6944,0.3056,,False,on_map_at_end
1676,pkw,1440.0,,360.0,,98.008,100.0,338.0,22.0,349.391,,,0.9389,0.0611,,False,on_map_at_end
1677,pkw,1440.0,,360.0,,1683.419,100.0,192.0,168.0,207.662,,,0.5333,0.4667,,False,on_map_at_end
1678,pkw,1441.0,,359.0,,17.39,100.0,351.0,8.0,347.435,,,0.9777,0.0223,,False,on_map_at_end
1679,pkw,1442.0,,358.0,,539.93,100.0,297.0,61.0,309.406,,,0.8296,0.1704,,False,on_map_at_end
1680,pkw,1443.0,,357.0,,570.019,95.0,276.0,81.0,292.087,,,0.7731,0.2269,,False,on_map_at_end
1682,pkw,1444.0,,356.0,,213.606,100.0,313.0,43.0,328.424,,,0.8792,0.1208,,False,on_map_at_end
1683,pkw,1445.0,,355.0,,116.459,100.0,321.0,34.0,343.98,,,0.9042,0.0958,,False,on_map_at_end
1684,pkw,1445.0,,355.0,,90.507,100.0,331.0,24.0,344.907,,,0.9324,0.0676,,False,on_map_at_end
1685,pkw,1688.0,,112.0,,9.889,100.0,106.0,6.0,111.11,,,0.9464,0.0536,,False,on_map_at_end
1686,pkw,1446.0,,354.0,,316.929,91.0,309.0,45.0,325.001,,,0.8729,0.1271,,False,on_map_at_end
1687,pkw,1446.0,,354.0,,194.475,88.0,321.0,33.0,336.497,,,0.9068,0.0932,,False,on_map_at_end
1688,pkw,1446.0,,354.0,,866.768,98.0,256.0,98.0,272.574,,,0.7232,0.2768,,False,on_map_at_end
1689,pkw,1447.0,,353.0,,909.704,80.0,221.0,132.0,252.566,,,0.6261,0.3739,,False,on_map_at_end
1692,pkw,1451.0,,349.0,,85.351,97.0,333.0,16.0,341.318,,,0.9542,0.0458,,False,on_map_at_end
1693,pkw,1451.0,,349.0,,133.64,100.0,321.0,28.0,336.972,,,0.9198,0.0802,,False,on_map_at_end
1695,pkw,1452.0,,348.0,,94.845,81.0,313.0,35.0,339.464,,,0.8994,0.1006,,False,on_map_at_end
1696,pkw,1454.0,,346.0,,589.639,100.0,285.0,61.0,291.84,,,0.8237,0.1763,,False,on_map_at_end
1698,pkw,1456.0,,344.0,,621.669,100.0,270.0,74.0,287.513,,,0.7849,0.2151,,False,on_map_at_end
1699,pkw,1456.0,,344.0,,749.344,100.0,251.0,93.0,271.983,,,0.7297,0.2703,,False,on_map_at_end
170,pkw,315.0,,1485.0,,1760.279,100.0,1294.0,191.0,1327.113,,,0.8714,0.1286,,False,on_map_at_end
1701,pkw,1456.0,,344.0,,613.725,100.0,276.0,68.0,288.764,,,0.8023,0.1977,,False,on_map_at_end
1703,pkw,1459.0,,341.0,,913.938,41.0,219.0,122.0,243.582,,,0.6422,0.3578,,False,on_map_at_end
1704,pkw,1460.0,,340.0,,288.323,94.0,301.0,39.0,312.382,,,0.8853,0.1147,,False,on_map_at_end
1705,pkw,1461.0,,339.0,,905.043,100.0,240.0,99.0,257.545,,,0.708,0.292,,False,on_map_at_end
1708,pkw,1463.0,,337.0,,233.778,94.0,297.0,40.0,308.118,,,0.8813,0.1187,,False,on_map_at_end
1709,pkw,1464.0,,336.0,,377.086,91.0,289.0,47.0,301.971,,,0.8601,0.1399,,False,on_map_at_end
171,pkw,315.0,,1485.0,,766.478,100.0,1362.0,123.0,1397.887,,,0.9172,0.0828,,False,on_map_at_end
1710,pkw,1465.0,,335.0,,1425.717,87.0,178.0,157.0,206.169,,,0.5313,0.4687,,False,on_map_at_end
1712,pkw,1466.0,,334.0,,143.134,100.0,287.0,47.0,307.728,,,0.8593,0.1407,,False,on_map_at_end
1713,pkw,1693.0,,107.0,,3.649,100.0,104.0,3.0,106.672,,,0.972,0.028,,False,on_map_at_end
1714,pkw,1469.0,,331.0,,912.22,69.0,213.0,118.0,243.629,,,0.6435,0.3565,,False,on_map_at_end
1715,pkw,1469.0,,331.0,,1022.509,97.0,220.0,111.0,237.997,,,0.6647,0.3353,,False,on_map_at_end
1716,pkw,1470.0,,330.0,,1398.269,100.0,188.0,142.0,195.459,,,0.5697,0.4303,,False,on_map_at_end
1717,pkw,1473.0,,327.0,,186.974,89.0,295.0,32.0,310.172,,,0.9021,0.0979,,False,on_map_at_end
1718,pkw,1473.0,,327.0,,996.651,100.0,219.0,108.0,237.301,,,0.6697,0.3303,,False,on_map_at_end
1719,pkw,1475.0,,325.0,,179.473,88.0,292.0,33.0,308.847,,,0.8985,0.1015,,False,on_map_at_end
1720,pkw,1477.0,,323.0,,987.648,96.0,216.0,107.0,233.101,,,0.6687,0.3313,,False,on_map_at_end
1721,pkw,1477.0,,323.0,,229.383,100.0,281.0,42.0,296.13,,,0.87,0.13,,False,on_map_at_end
1723,pkw,1481.0,,319.0,,87.344,80.0,289.0,30.0,311.139,,,0.906,0.094,,False,on_map_at_end
1724,pkw,1486.0,,314.0,,488.735,100.0,252.0,62.0,270.013,,,0.8025,0.1975,,False,on_map_at_end
1726,pkw,1486.0,,314.0,,275.505,91.0,277.0,37.0,289.204,,,0.8822,0.1178,,False,on_map_at_end
1727,pkw,1487.0,,313.0,,966.647,100.0,205.0,108.0,226.001,,,0.655,0.345,,False,on_map_at_end
1728,pkw,1487.0,,313.0,,291.73,83.0,260.0,53.0,270.623,,,0.8307,0.1693,,False,on_map_at_end
1729,pkw,1490.0,,310.0,,79.843,82.0,283.0,27.0,302.814,,,0.9129,0.0871,,False,on_map_at_end
173,pkw,318.0,,1482.0,,706.817,100.0,1386.0,96.0,1418.243,,,0.9352,0.0648,,False,on_map_at_end
1730,pkw,1490.0,,310.0,,614.168,100.0,234.0,76.0,254.072,,,0.7548,0.2452,,False,on_map_at_end
1732,pkw,1491.0,,309.0,,72.342,81.0,281.0,28.0,302.489,,,0.9094,0.0906,,False,on_map_at_end
1735,pkw,1494.0,,306.0,,181.196,100.0,267.0,39.0,289.692,,,0.8725,0.1275,,False,on_map_at_end
1736,pkw,1494.0,,306.0,,206.105,100.0,265.0,41.0,282.218,,,0.866,0.134,,False,on_map_at_end
1737,pkw,1495.0,,305.0,,1284.447,87.0,169.0,136.0,189.399,,,0.5541,0.4459,,False,on_map_at_end
1738,pkw,1497.0,,303.0,,714.784,75.0,209.0,94.0,236.512,,,0.6898,0.3102,,False,on_map_at_end
1739,pkw,1499.0,,301.0,,799.769,86.0,198.0,103.0,228.199,,,0.6578,0.3422,,False,on_map_at_end
174,pkw,319.0,,1481.0,,1090.162,100.0,1306.0,175.0,1345.156,,,0.8818,0.1182,,False,on_map_at_end
1740,pkw,1501.0,,299.0,,768.535,74.0,203.0,96.0,229.831,,,0.6789,0.3211,,False,on_map_at_end
1741,pkw,1502.0,,298.0,,1498.494,85.0,136.0,162.0,157.843,,,0.4564,0.5436,,False,on_map_at_end
1742,pkw,1502.0,,298.0,,261.221,92.0,262.0,36.0,274.141,,,0.8792,0.1208,,False,on_map_at_end
1743,pkw,1502.0,,298.0,,171.972,88.0,267.0,31.0,282.522,,,0.896,0.104,,False,on_map_at_end
1744,pkw,1503.0,,297.0,,1041.783,100.0,186.0,111.0,203.239,,,0.6263,0.3737,,False,on_map_at_end
1745,pkw,1505.0,,295.0,,385.905,91.0,236.0,59.0,258.888,,,0.8,0.2,,False,on_map_at_end
1746,pkw,1505.0,,295.0,,226.277,94.0,256.0,39.0,267.864,,,0.8678,0.1322,,False,on_map_at_end
1747,pkw,1507.0,,293.0,,164.471,88.0,263.0,30.0,278.197,,,0.8976,0.1024,,False,on_map_at_end
1749,pkw,1509.0,,291.0,,135.633,100.0,244.0,47.0,265.197,,,0.8385,0.1615,,False,on_map_at_end
1750,pkw,1512.0,,288.0,,378.404,94.0,241.0,47.0,252.332,,,0.8368,0.1632,,False,on_map_at_end
1751,pkw,1513.0,,287.0,,79.876,100.0,268.0,19.0,278.9,,,0.9338,0.0662,,False,on_map_at_end
1752,pkw,1515.0,,285.0,,1276.946,87.0,150.0,135.0,170.074,,,0.5263,0.4737,,False,on_map_at_end
1753,pkw,1515.0,,285.0,,64.841,79.0,255.0,30.0,279.164,,,0.8947,0.1053,,False,on_map_at_end
1754,pkw,1518.0,,282.0,,619.459,88.0,202.0,80.0,224.569,,,0.7163,0.2837,,False,on_map_at_end
1755,pkw,1518.0,,282.0,,190.459,87.0,248.0,34.0,264.581,,,0.8794,0.1206,,False,on_map_at_end
1756,pkw,1519.0,,281.0,,128.132,100.0,234.0,47.0,254.939,,,0.8327,0.1673,,False,on_map_at_end
1757,pkw,1692.0,,108.0,,2.388,100.0,105.0,3.0,107.785,,,0.9722,0.0278,,False,on_map_at_end
1758,pkw,1520.0,,280.0,,286.924,90.0,239.0,41.0,253.37,,,0.8536,0.1464,,False,on_map_at_end
1759,pkw,1520.0,,280.0,,981.185,85.0,150.0,130.0,179.652,,,0.5357,0.4643,,False,on_map_at_end
176,pkw,320.0,,1480.0,,1215.587,100.0,1331.0,149.0,1369.403,,,0.8993,0.1007,,False,on_map_at_end
1760,pkw,1521.0,,279.0,,1160.035,27.0,137.0,142.0,164.046,,,0.491,0.509,,False,on_map_at_end
1761,pkw,1522.0,,278.0,,606.667,100.0,207.0,71.0,222.935,,,0.7446,0.2554,,False,on_map_at_end
1762,pkw,1524.0,,276.0,,57.34,79.0,247.0,29.0,270.839,,,0.8949,0.1051,,False,on_map_at_end
1763,pkw,1527.0,,273.0,,49.839,82.0,248.0,25.0,268.514,,,0.9084,0.0916,,False,on_map_at_end
1764,pkw,1530.0,,270.0,,1034.282,100.0,160.0,110.0,176.914,,,0.5926,0.4074,,False,on_map_at_end
1765,pkw,1532.0,,268.0,,1912.634,60.0,72.0,196.0,95.58,,,0.2687,0.7313,,False,on_map_at_end
1766,pkw,1533.0,,267.0,,436.228,100.0,210.0,57.0,227.739,,,0.7865,0.2135,,False,on_map_at_end
1768,pkw,1534.0,,266.0,,1141.716,26.0,125.0,141.0,156.678,,,0.4699,0.5301,,False,on_map_at_end
1769,pkw,1535.0,,265.0,,1026.78,100.0,156.0,109.0,172.589,,,0.5887,0.4113,,False,on_map_at_end
177,pkw,320.0,,1480.0,,1715.802,80.0,1218.0,262.0,1303.231,,,0.823,0.177,,False,on_map_at_end
1770,pkw,1536.0,,264.0,,120.631,100.0,222.0,42.0,242.673,,,0.8409,0.1591,,False,on_map_at_end
1771,pkw,1538.0,,262.0,,42.338,82.0,237.0,25.0,258.19,,,0.9046,0.0954,,False,on_map_at_end
1772,pkw,1538.0,,262.0,,1740.126,73.0,72.0,190.0,103.532,,,0.2748,0.7252,,False,on_map_at_end
1774,pkw,1539.0,,261.0,,565.256,100.0,192.0,69.0,210.126,,,0.7356,0.2644,,False,on_map_at_end
1776,pkw,1541.0,,259.0,,543.146,93.0,188.0,71.0,205.031,,,0.7259,0.2741,,False,on_map_at_end
1778,pkw,1546.0,,254.0,,34.837,80.0,228.0,26.0,250.865,,,0.8976,0.1024,,False,on_map_at_end
1779,pkw,1549.0,,251.0,,851.766,95.0,155.0,96.0,169.797,,,0.6175,0.3825,,False,on_map_at_end
1781,pkw,1551.0,,249.0,,156.97,89.0,220.0,29.0,234.873,,,0.8835,0.1165,,False,on_map_at_end
1782,pkw,1551.0,,249.0,,575.458,100.0,191.0,58.0,196.916,,,0.7671,0.2329,,False,on_map_at_end
1783,pkw,1552.0,,248.0,,149.463,89.0,218.0,30.0,234.548,,,0.879,0.121,,False,on_map_at_end
1784,pkw,1554.0,,246.0,,891.715,65.0,140.0,106.0,159.524,,,0.5691,0.4309,,False,on_map_at_end
1785,pkw,1555.0,,245.0,,27.336,80.0,219.0,26.0,242.54,,,0.8939,0.1061,,False,on_map_at_end
1786,pkw,1556.0,,244.0,,944.144,100.0,144.0,100.0,159.026,,,0.5902,0.4098,,False,on_map_at_end
1787,pkw,1559.0,,241.0,,1019.351,100.0,133.0,108.0,148.985,,,0.5519,0.4481,,False,on_map_at_end
1788,pkw,1559.0,,241.0,,1048.579,60.0,116.0,125.0,136.447,,,0.4813,0.5187,,False,on_map_at_end
1789,pkw,1564.0,,236.0,,429.457,96.0,181.0,55.0,194.945,,,0.7669,0.2331,,False,on_map_at_end
179,pkw,322.0,,1478.0,,1943.502,100.0,1267.0,211.0,1301.839,,,0.8572,0.1428,,False,on_map_at_end
1790,pkw,1564.0,,236.0,,1732.625,31.0,43.0,193.0,77.945,,,0.1822,0.8178,,False,on_map_at_end
1791,pkw,1565.0,,235.0,,460.848,95.0,164.0,71.0,175.895,,,0.6979,0.3021,,False,on_map_at_end
1792,pkw,1565.0,,235.0,,1445.579,84.0,83.0,152.0,100.403,,,0.3532,0.6468,,False,on_map_at_end
1793,pkw,1565.0,,235.0,,895.329,19.0,95.0,140.0,121.443,,,0.4043,0.5957,,False,on_map_at_end
1794,pkw,1565.0,,235.0,,596.956,85.0,162.0,73.0,178.875,,,0.6894,0.3106,,False,on_map_at_end
1795,pkw,1566.0,,234.0,,666.777,95.0,161.0,73.0,173.079,,,0.688,0.312,,False,on_map_at_end
1796,pkw,1567.0,,233.0,,141.954,89.0,206.0,27.0,220.224,,,0.8841,0.1159,,False,on_map_at_end
1797,pkw,1570.0,,230.0,,936.722,88.0,116.0,114.0,137.083,,,0.5043,0.4957,,False,on_map_at_end
1799,pkw,1580.0,,220.0,,1259.643,56.0,78.0,142.0,105.269,,,0.3545,0.6455,,False,on_map_at_end
180,pkw,324.0,,1476.0,,758.977,100.0,1356.0,120.0,1401.714,,,0.9187,0.0813,,False,on_map_at_end
1800,pkw,1582.0,,218.0,,83.006,100.0,203.0,15.0,206.5,,,0.9312,0.0688,,False,on_map_at_end
1801,pkw,1678.0,,122.0,,8.994,100.0,110.0,12.0,121.191,,,0.9016,0.0984,,False,on_map_at_end
1802,pkw,1584.0,,216.0,,1041.078,60.0,90.0,126.0,109.823,,,0.4167,0.5833,,False,on_map_at_end
1803,pkw,1584.0,,216.0,,1269.445,87.0,86.0,130.0,101.749,,,0.3981,0.6019,,False,on_map_at_end
1808,pkw,1591.0,,209.0,,1601.842,20.0,28.0,181.0,54.825,,,0.134,0.866,,False,on_map_at_end
1809,pkw,1591.0,,209.0,,1011.778,100.0,100.0,109.0,117.939,,,0.4785,0.5215,,False,on_map_at_end
181,pkw,327.0,,1473.0,,751.476,100.0,1352.0,121.0,1400.931,,,0.9179,0.0821,,False,on_map_at_end
1810,pkw,1592.0,,208.0,,273.321,90.0,163.0,45.0,181.481,,,0.7837,0.2163,,False,on_map_at_end
1811,pkw,1593.0,,207.0,,876.49,88.0,103.0,104.0,127.622,,,0.4976,0.5024,,False,on_map_at_end
1812,pkw,1596.0,,204.0,,113.13,100.0,161.0,43.0,181.374,,,0.7892,0.2108,,False,on_map_at_end
1814,pkw,1598.0,,202.0,,701.089,88.0,120.0,82.0,135.966,,,0.5941,0.4059,,False,on_map_at_end
1815,pkw,1600.0,,200.0,,221.882,100.0,161.0,39.0,173.038,,,0.805,0.195,,False,on_map_at_end
1816,pkw,1600.0,,200.0,,1239.893,0.0,68.0,132.0,86.705,,,0.34,0.66,,False,on_map_at_end
1819,pkw,1603.0,,197.0,,738.517,80.0,89.0,108.0,120.967,,,0.4518,0.5482,,False,on_map_at_end
182,pkw,328.0,,1472.0,,56.398,100.0,1444.0,28.0,1466.924,,,0.981,0.019,,False,on_map_at_end
1822,pkw,1608.0,,192.0,,347.905,93.0,143.0,49.0,156.933,,,0.7448,0.2552,,False,on_map_at_end
1823,pkw,1608.0,,192.0,,1860.698,0.0,0.0,192.0,12.315,,,0.0,1.0,,False,on_map_at_end
1824,pkw,1610.0,,190.0,,783.078,100.0,112.0,78.0,119.286,,,0.5895,0.4105,,False,on_map_at_end
1825,pkw,1611.0,,189.0,,19.835,80.0,165.0,24.0,187.215,,,0.873,0.127,,False,on_map_at_end
1827,pkw,1614.0,,186.0,,198.604,100.0,153.0,33.0,163.965,,,0.8226,0.1774,,False,on_map_at_end
1829,pkw,1617.0,,183.0,,727.699,76.0,75.0,108.0,110.924,,,0.4098,0.5902,,False,on_map_at_end
1831,pkw,1744.0,,56.0,,26.338,49.0,49.0,7.0,53.088,,,0.875,0.125,,False,on_map_at_end
1832,pkw,1618.0,,182.0,,836.764,91.0,90.0,92.0,99.871,,,0.4945,0.5055,,False,on_map_at_end
1833,pkw,1619.0,,181.0,,54.103,97.0,167.0,14.0,176.131,,,0.9227,0.0773,,False,on_map_at_end
1835,pkw,1623.0,,177.0,,893.487,92.0,91.0,86.0,96.585,,,0.5141,0.4859,,False,on_map_at_end
1836,pkw,1628.0,,172.0,,560.456,100.0,114.0,58.0,120.863,,,0.6628,0.3372,,False,on_map_at_end
1837,pkw,1628.0,,172.0,,105.629,100.0,128.0,44.0,147.647,,,0.7442,0.2558,,False,on_map_at_end
1838,pkw,1629.0,,171.0,,2.429,100.0,166.0,5.0,170.716,,,0.9708,0.0292,,False,on_map_at_end
1839,pkw,1629.0,,171.0,,347.082,89.0,120.0,51.0,139.681,,,0.7018,0.2982,,False,on_map_at_end
184,pkw,333.0,,1467.0,,1381.855,96.0,1301.0,166.0,1339.496,,,0.8868,0.1132,,False,on_map_at_end
1840,pkw,1630.0,,170.0,,1485.047,14.0,14.0,156.0,32.3,,,0.0824,0.9176,,False,on_map_at_end
1841,pkw,1634.0,,166.0,,191.103,100.0,130.0,36.0,141.214,,,0.7831,0.2169,,False,on_map_at_end
1842,pkw,1635.0,,165.0,,279.423,91.0,126.0,39.0,139.139,,,0.7636,0.2364,,False,on_map_at_end
1843,pkw,1635.0,,165.0,,12.333,80.0,140.0,25.0,163.89,,,0.8485,0.1515,,False,on_map_at_end
1845,pkw,1636.0,,164.0,,1281.927,20.0,19.0,145.0,35.196,,,0.1159,0.8841,,False,on_map_at_end
1847,pkw,1638.0,,162.0,,891.447,16.0,20.0,142.0,61.775,,,0.1235,0.8765,,False,on_map_at_end
1848,pkw,1638.0,,162.0,,98.128,100.0,123.0,39.0,144.963,,,0.7593,0.2407,,False,on_map_at_end
1849,pkw,1639.0,,161.0,,76.369,85.0,139.0,22.0,154.127,,,0.8634,0.1366,,False,on_map_at_end
185,pkw,333.0,,1467.0,,348.304,100.0,1426.0,41.0,1435.652,,,0.9721,0.0279,,False,on_map_at_end
1850,pkw,1640.0,,160.0,,183.602,100.0,126.0,34.0,138.199,,,0.7875,0.2125,,False,on_map_at_end
1851,pkw,1643.0,,157.0,,63.756,100.0,142.0,15.0,150.266,,,0.9045,0.0955,,False,on_map_at_end
1852,pkw,1644.0,,156.0,,753.533,57.0,56.0,100.0,88.181,,,0.359,0.641,,False,on_map_at_end
1853,pkw,1644.0,,156.0,,68.868,83.0,132.0,24.0,149.802,,,0.8462,0.1538,,False,on_map_at_end
1855,pkw,1647.0,,153.0,,134.436,87.0,124.0,29.0,140.901,,,0.8105,0.1895,,False,on_map_at_end
1856,pkw,1647.0,,153.0,,370.569,100.0,114.0,39.0,117.608,,,0.7451,0.2549,,False,on_map_at_end
1857,pkw,1649.0,,151.0,,570.398,55.0,54.0,97.0,66.526,,,0.3576,0.6424,,False,on_map_at_end
1858,pkw,1649.0,,151.0,,986.229,30.0,29.0,122.0,48.64,,,0.1921,0.8079,,False,on_map_at_end
1859,pkw,1650.0,,150.0,,87.195,93.0,132.0,18.0,142.152,,,0.88,0.12,,False,on_map_at_end
1862,pkw,1653.0,,147.0,,902.857,21.0,46.0,101.0,64.866,,,0.3129,0.6871,,False,on_map_at_end
1863,pkw,1771.0,,29.0,,4.832,16.0,15.0,14.0,28.565,,,0.5172,0.4828,,False,on_map_at_end
1864,pkw,1654.0,,146.0,,555.335,90.0,89.0,57.0,95.488,,,0.6096,0.3904,,False,on_map_at_end
1865,pkw,1655.0,,145.0,,32.844,95.0,134.0,11.0,142.044,,,0.9241,0.0759,,False,on_map_at_end
1866,pkw,1658.0,,142.0,,703.739,60.0,59.0,83.0,68.073,,,0.4155,0.5845,,False,on_map_at_end
1867,pkw,1658.0,,142.0,,666.268,62.0,61.0,81.0,77.305,,,0.4296,0.5704,,False,on_map_at_end
1868,pkw,1745.0,,55.0,,2.3,49.0,49.0,6.0,54.673,,,0.8909,0.1091,,False,on_map_at_end
1869,pkw,1665.0,,135.0,,979.696,21.0,20.0,115.0,34.251,,,0.1481,0.8519,,False,on_map_at_end
1870,pkw,1666.0,,134.0,,928.626,5.0,6.0,128.0,23.9,,,0.0448,0.9552,,False,on_map_at_end
1871,pkw,1667.0,,133.0,,44.699,100.0,122.0,11.0,128.977,,,0.9173,0.0827,,False,on_map_at_end
1872,pkw,1668.0,,132.0,,126.87,87.0,105.0,27.0,120.582,,,0.7955,0.2045,,False,on_map_at_end
1873,pkw,1668.0,,132.0,,149.028,85.0,102.0,30.0,118.587,,,0.7727,0.2273,,False,on_map_at_end
1874,pkw,1669.0,,131.0,,214.381,100.0,101.0,30.0,108.09,,,0.771,0.229,,False,on_map_at_end
1875,pkw,1670.0,,130.0,,917.788,37.0,36.0,94.0,43.968,,,0.2769,0.7231,,False,on_map_at_end
1876,pkw,1671.0,,129.0,,245.501,89.0,91.0,38.0,106.905,,,0.7054,0.2946,,False,on_map_at_end
1877,pkw,1671.0,,129.0,,829.954,32.0,39.0,90.0,53.399,,,0.3023,0.6977,,False,on_map_at_end
1879,pkw,1673.0,,127.0,,176.101,99.0,98.0,29.0,105.933,,,0.7717,0.2283,,False,on_map_at_end
1880,pkw,1675.0,,125.0,,324.579,79.0,78.0,47.0,95.578,,,0.624,0.376,,False,on_map_at_end
1882,pkw,1681.0,,119.0,,492.096,71.0,70.0,49.0,74.711,,,0.5882,0.4118,,False,on_map_at_end
1883,pkw,1681.0,,119.0,,1004.277,22.0,21.0,98.0,28.614,,,0.1765,0.8235,,False,on_map_at_end
1885,pkw,1681.0,,119.0,,720.198,34.0,33.0,86.0,48.038,,,0.2773,0.7227,,False,on_map_at_end
1886,pkw,1682.0,,118.0,,771.236,18.0,17.0,101.0,26.469,,,0.1441,0.8559,,False,on_map_at_end
1887,pkw,1682.0,,118.0,,848.74,29.0,30.0,88.0,40.963,,,0.2542,0.7458,,False,on_map_at_end
1888,pkw,1683.0,,117.0,,940.395,20.0,22.0,95.0,32.111,,,0.188,0.812,,False,on_map_at_end
1889,pkw,1684.0,,116.0,,206.88,84.0,83.0,33.0,88.39,,,0.7155,0.2845,,False,on_map_at_end
189,pkw,336.0,,1464.0,,996.179,100.0,1275.0,189.0,1316.86,,,0.8709,0.1291,,False,on_map_at_end
1891,pkw,1689.0,,111.0,,933.17,17.0,17.0,94.0,26.376,,,0.1532,0.8468,,False,on_map_at_end
1893,pkw,1691.0,,109.0,,980.578,10.0,9.0,100.0,19.874,,,0.0826,0.9174,,False,on_map_at_end
1894,pkw,1691.0,,109.0,,819.131,1.0,1.0,108.0,15.318,,,0.0092,0.9908,,False,on_map_at_end
1896,pkw,1692.0,,108.0,,355.674,62.0,61.0,47.0,75.809,,,0.5648,0.4352,,False,on_map_at_end
1897,pkw,1695.0,,105.0,,222.998,70.0,69.0,36.0,84.93,,,0.6571,0.3429,,False,on_map_at_end
1899,pkw,1696.0,,104.0,,771.876,3.0,3.0,101.0,18.285,,,0.0288,0.9712,,False,on_map_at_end
190,pkw,338.0,,1462.0,,743.975,100.0,1345.0,117.0,1386.36,,,0.92,0.08,,False,on_map_at_end
1900,pkw,1698.0,,102.0,,226.409,69.0,68.0,34.0,80.378,,,0.6667,0.3333,,False,on_map_at_end
1902,pkw,1701.0,,99.0,,185.024,77.0,76.0,23.0,81.494,,,0.7677,0.2323,,False,on_map_at_end
1903,pkw,1702.0,,98.0,,758.947,24.0,23.0,75.0,29.111,,,0.2347,0.7653,,False,on_map_at_end
1904,pkw,1702.0,,98.0,,1042.317,0.0,0.0,98.0,4.191,,,0.0,1.0,,False,on_map_at_end
1905,pkw,1704.0,,96.0,,141.527,81.0,80.0,16.0,83.262,,,0.8333,0.1667,,False,on_map_at_end
1906,pkw,1704.0,,96.0,,177.523,75.0,74.0,22.0,79.138,,,0.7708,0.2292,,False,on_map_at_end
1907,pkw,1705.0,,95.0,,72.375,85.0,84.0,11.0,88.076,,,0.8842,0.1158,,False,on_map_at_end
1909,pkw,1708.0,,92.0,,952.716,0.0,0.0,92.0,5.433,,,0.0,1.0,,False,on_map_at_end
191,pkw,338.0,,1462.0,,2232.411,99.0,1227.0,235.0,1259.668,,,0.8393,0.1607,,False,on_map_at_end
1910,pkw,1709.0,,91.0,,867.809,0.0,0.0,91.0,10.915,,,0.0,1.0,,False,on_map_at_end
1911,pkw,1709.0,,91.0,,806.581,0.0,0.0,91.0,7.44,,,0.0,1.0,,False,on_map_at_end
1912,pkw,1709.0,,91.0,,622.739,20.0,20.0,71.0,29.191,,,0.2198,0.7802,,False,on_map_at_end
1913,pkw,1711.0,,89.0,,305.577,45.0,44.0,45.0,58.033,,,0.4944,0.5056,,False,on_map_at_end
1914,pkw,1712.0,,88.0,,611.916,12.0,11.0,77.0,24.963,,,0.125,0.875,,False,on_map_at_end
1915,pkw,1712.0,,88.0,,37.198,82.0,81.0,7.0,84.652,,,0.9205,0.0795,,False,on_map_at_end
1916,pkw,1712.0,,88.0,,134.026,73.0,72.0,16.0,75.938,,,0.8182,0.1818,,False,on_map_at_end
1917,pkw,1713.0,,87.0,,850.88,0.0,0.0,87.0,5.861,,,0.0,1.0,,False,on_map_at_end
1918,pkw,1715.0,,85.0,,562.896,4.0,3.0,82.0,11.973,,,0.0353,0.9647,,False,on_map_at_end
1919,pkw,1715.0,,85.0,,858.863,1.0,1.0,84.0,7.646,,,0.0118,0.9882,,False,on_map_at_end
192,pkw,339.0,,1461.0,,998.211,100.0,1311.0,150.0,1371.16,,,0.8973,0.1027,,False,on_map_at_end
1921,pkw,1716.0,,84.0,,90.627,68.0,67.0,17.0,70.93,,,0.7976,0.2024,,False,on_map_at_end
1923,pkw,1718.0,,82.0,,316.849,45.0,44.0,38.0,52.641,,,0.5366,0.4634,,False,on_map_at_end
1924,pkw,1723.0,,77.0,,309.348,43.0,42.0,35.0,48.306,,,0.5455,0.4545,,False,on_map_at_end
1925,pkw,1724.0,,76.0,,697.065,0.0,0.0,76.0,6.3,,,0.0,1.0,,False,on_map_at_end
1926,pkw,1730.0,,70.0,,119.289,45.0,45.0,25.0,59.264,,,0.6429,0.3571,,False,on_map_at_end
1927,pkw,1731.0,,69.0,,607.245,0.0,0.0,69.0,6.489,,,0.0,1.0,,False,on_map_at_end
1928,pkw,1732.0,,68.0,,293.429,38.0,37.0,31.0,41.591,,,0.5441,0.4559,,False,on_map_at_end
1930,pkw,1736.0,,64.0,,126.139,50.0,49.0,15.0,52.647,,,0.7656,0.2344,,False,on_map_at_end
1931,pkw,1736.0,,64.0,,682.338,0.0,0.0,64.0,2.589,,,0.0,1.0,,False,on_map_at_end
1932,pkw,1737.0,,63.0,,255.701,35.0,34.0,29.0,39.987,,,0.5397,0.4603,,False,on_map_at_end
1933,pkw,1739.0,,61.0,,624.197,0.0,0.0,61.0,4.446,,,0.0,1.0,,False,on_map_at_end
1934,pkw,1740.0,,60.0,,601.969,0.0,0.0,60.0,4.339,,,0.0,1.0,,False,on_map_at_end
1935,pkw,1740.0,,60.0,,569.327,0.0,0.0,60.0,3.266,,,0.0,1.0,,False,on_map_at_end
1936,pkw,1740.0,,60.0,,83.126,43.0,42.0,18.0,45.704,,,0.7,0.3,,False,on_map_at_end
1937,pkw,1740.0,,60.0,,550.865,0.0,0.0,60.0,7.278,,,0.0,1.0,,False,on_map_at_end
1939,pkw,1742.0,,58.0,,587.7,0.0,0.0,58.0,4.622,,,0.0,1.0,,False,on_map_at_end
1940,pkw,1743.0,,57.0,,473.303,0.0,0.0,57.0,5.597,,,0.0,1.0,,False,on_map_at_end
1941,pkw,1744.0,,56.0,,249.178,20.0,20.0,36.0,29.009,,,0.3571,0.6429,,False,on_map_at_end
1943,pkw,1745.0,,55.0,,393.873,0.0,0.0,55.0,5.39,,,0.0,1.0,,False,on_map_at_end
1944,pkw,1746.0,,54.0,,332.903,13.0,12.0,42.0,19.149,,,0.2222,0.7778,,False,on_map_at_end
1946,pkw,1749.0,,51.0,,178.39,29.0,29.0,22.0,34.617,,,0.5686,0.4314,,False,on_map_at_end
1947,pkw,1750.0,,50.0,,356.945,0.0,0.0,50.0,4.953,,,0.0,1.0,,False,on_map_at_end
1948,pkw,1751.0,,49.0,,459.24,0.0,0.0,49.0,3.657,,,0.0,1.0,,False,on_map_at_end
1949,pkw,1752.0,,48.0,,160.455,30.0,29.0,19.0,33.258,,,0.6042,0.3958,,False,on_map_at_end
1951,pkw,1756.0,,44.0,,467.727,0.0,0.0,44.0,1.904,,,0.0,1.0,,False,on_map_at_end
1953,pkw,1756.0,,44.0,,393.477,0.0,0.0,44.0,5.187,,,0.0,1.0,,False,on_map_at_end
1954,pkw,1758.0,,42.0,,111.584,17.0,17.0,25.0,31.957,,,0.4048,0.5952,,False,on_map_at_end
1956,pkw,1762.0,,38.0,,217.279,0.0,0.0,38.0,3.843,,,0.0,1.0,,False,on_map_at_end
1959,pkw,1765.0,,35.0,,287.101,0.0,0.0,35.0,2.866,,,0.0,1.0,,False,on_map_at_end
196,pkw,341.0,,1459.0,,465.679,100.0,1328.0,131.0,1373.518,,,0.9102,0.0898,,False,on_map_at_end
1960,pkw,1766.0,,34.0,,343.78,0.0,0.0,34.0,1.651,,,0.0,1.0,,False,on_map_at_end
1961,pkw,1767.0,,33.0,,126.139,14.0,13.0,20.0,21.647,,,0.3939,0.6061,,False,on_map_at_end
1962,pkw,1769.0,,31.0,,169.021,1.0,1.0,30.0,7.442,,,0.0323,0.9677,,False,on_map_at_end
1963,pkw,1773.0,,27.0,,289.319,0.0,0.0,27.0,0.961,,,0.0,1.0,,False,on_map_at_end
1965,pkw,1776.0,,24.0,,251.529,0.0,0.0,24.0,1.362,,,0.0,1.0,,False,on_map_at_end
1966,pkw,1777.0,,23.0,,167.74,0.0,0.0,23.0,2.496,,,0.0,1.0,,False,on_map_at_end
1967,pkw,1779.0,,21.0,,200.925,1.0,0.0,21.0,2.917,,,0.0,1.0,,False,on_map_at_end
1968,pkw,1781.0,,19.0,,172.793,0.0,0.0,19.0,2.843,,,0.0,1.0,,False,on_map_at_end
1969,pkw,1784.0,,16.0,,87.398,2.0,2.0,14.0,7.083,,,0.125,0.875,,False,on_map_at_end
197,pkw,343.0,,1457.0,,405.779,100.0,1355.0,102.0,1411.285,,,0.93,0.07,,False,on_map_at_end
1970,pkw,1784.0,,16.0,,170.89,0.0,0.0,16.0,0.62,,,0.0,1.0,,False,on_map_at_end
1971,pkw,1786.0,,14.0,,126.135,0.0,0.0,14.0,0.764,,,0.0,1.0,,False,on_map_at_end
1972,pkw,1787.0,,13.0,,96.667,0.0,0.0,13.0,1.752,,,0.0,1.0,,False,on_map_at_end
1973,pkw,1790.0,,10.0,,25.343,6.0,5.0,5.0,7.719,,,0.5,0.5,,False,on_map_at_end
1974,pkw,1790.0,,10.0,,106.468,0.0,0.0,10.0,0.418,,,0.0,1.0,,False,on_map_at_end
1975,pkw,1790.0,,10.0,,104.915,0.0,0.0,10.0,0.558,,,0.0,1.0,,False,on_map_at_end
1976,pkw,1791.0,,9.0,,10.24,6.0,5.0,4.0,8.078,,,0.5556,0.4444,,False,on_map_at_end
1977,pkw,1791.0,,9.0,,94.814,0.0,0.0,9.0,0.467,,,0.0,1.0,,False,on_map_at_end
1978,pkw,1792.0,,8.0,,58.886,0.0,0.0,8.0,1.281,,,0.0,1.0,,False,on_map_at_end
1979,pkw,1794.0,,6.0,,63.72,0.0,0.0,6.0,0.265,,,0.0,1.0,,False,on_map_at_end
1981,pkw,1799.0,,1.0,,10.484,0.0,0.0,1.0,0.056,,,0.0,1.0,,False,on_map_at_end
199,pkw,349.0,,1451.0,,497.144,100.0,1370.0,81.0,1402.958,,,0.9442,0.0558,,False,on_map_at_end
200,pkw,351.0,,1449.0,,793.401,100.0,1341.0,108.0,1377.44,,,0.9255,0.0745,,False,on_map_at_end
201,pkw,351.0,,1449.0,,911.309,100.0,1341.0,108.0,1366.774,,,0.9255,0.0745,,False,on_map_at_end
204,pkw,355.0,,1445.0,,736.474,100.0,1334.0,111.0,1375.684,,,0.9232,0.0768,,False,on_map_at_end
205,pkw,356.0,,1444.0,,807.212,100.0,1339.0,105.0,1364.162,,,0.9273,0.0727,,False,on_map_at_end
207,pkw,364.0,,1436.0,,2224.91,97.0,1198.0,238.0,1233.343,,,0.8343,0.1657,,False,on_map_at_end
21,pkw,35.0,,1765.0,,2404.139,76.0,1471.0,294.0,1542.995,,,0.8334,0.1666,,False,on_map_at_end
210,pkw,366.0,,1434.0,,882.358,100.0,1328.0,106.0,1353.832,,,0.9261,0.0739,,False,on_map_at_end
211,pkw,367.0,,1433.0,,785.9,100.0,1321.0,112.0,1362.268,,,0.9218,0.0782,,False,on_map_at_end
212,pkw,369.0,,1431.0,,1539.418,81.0,1237.0,194.0,1292.137,,,0.8644,0.1356,,False,on_map_at_end
215,pkw,375.0,,1425.0,,886.859,100.0,1282.0,143.0,1335.374,,,0.8996,0.1004,,False,on_map_at_end
216,pkw,377.0,,1423.0,,778.399,100.0,1317.0,106.0,1352.675,,,0.9255,0.0745,,False,on_map_at_end
217,pkw,380.0,,1420.0,,778.559,100.0,1305.0,115.0,1339.852,,,0.919,0.081,,False,on_map_at_end
218,pkw,382.0,,1418.0,,278.396,93.0,1325.0,93.0,1388.159,,,0.9344,0.0656,,False,on_map_at_end
22,pkw,36.0,,1764.0,,2176.135,100.0,1486.0,278.0,1568.686,,,0.8424,0.1576,,False,on_map_at_end
220,pkw,384.0,,1416.0,,1730.275,70.0,1230.0,186.0,1260.814,,,0.8686,0.1314,,False,on_map_at_end
222,pkw,387.0,,1413.0,,1125.447,100.0,1267.0,146.0,1306.199,,,0.8967,0.1033,,False,on_map_at_end
223,pkw,387.0,,1413.0,,521.408,100.0,1337.0,76.0,1361.127,,,0.9462,0.0538,,False,on_map_at_end
224,pkw,390.0,,1410.0,,903.808,100.0,1300.0,110.0,1328.113,,,0.922,0.078,,False,on_map_at_end
225,pkw,390.0,,1410.0,,493.954,100.0,1320.0,90.0,1362.554,,,0.9362,0.0638,,False,on_map_at_end
226,pkw,391.0,,1409.0,,2086.628,95.0,1185.0,224.0,1220.451,,,0.841,0.159,,False,on_map_at_end
228,pkw,392.0,,1408.0,,695.477,100.0,1289.0,119.0,1343.888,,,0.9155,0.0845,,False,on_map_at_end
229,pkw,393.0,,1407.0,,2024.67,10.0,1190.0,217.0,1224.091,,,0.8458,0.1542,,False,on_map_at_end
230,pkw,396.0,,1404.0,,458.178,100.0,1296.0,108.0,1327.654,,,0.9231,0.0769,,False,on_map_at_end
231,pkw,400.0,,1400.0,,879.358,100.0,1236.0,164.0,1307.467,,,0.8829,0.1171,,False,on_map_at_end
232,pkw,400.0,,1400.0,,1832.869,100.0,1194.0,206.0,1232.761,,,0.8529,0.1471,,False,on_map_at_end
234,pkw,401.0,,1399.0,,790.088,72.0,1272.0,127.0,1328.0,,,0.9092,0.0908,,False,on_map_at_end
237,pkw,408.0,,1392.0,,631.123,100.0,1295.0,97.0,1331.213,,,0.9303,0.0697,,False,on_map_at_end
239,pkw,411.0,,1389.0,,1961.578,88.0,1068.0,321.0,1099.687,,,0.7689,0.2311,,False,on_map_at_end
24,pkw,38.0,,1762.0,,1444.657,94.0,1589.0,173.0,1632.044,,,0.9018,0.0982,,False,on_map_at_end
240,pkw,412.0,,1388.0,,748.394,100.0,1280.0,108.0,1320.077,,,0.9222,0.0778,,False,on_map_at_end
241,pkw,414.0,,1386.0,,1660.206,95.0,1177.0,209.0,1220.932,,,0.8492,0.1508,,False,on_map_at_end
242,pkw,416.0,,1384.0,,135.199,100.0,1350.0,34.0,1371.832,,,0.9754,0.0246,,False,on_map_at_end
243,pkw,417.0,,1383.0,,48.897,100.0,1353.0,30.0,1378.599,,,0.9783,0.0217,,False,on_map_at_end
244,pkw,419.0,,1381.0,,1393.004,100.0,1193.0,188.0,1241.438,,,0.8639,0.1361,,False,on_map_at_end
246,pkw,434.0,,1366.0,,1407.47,92.0,1160.0,206.0,1185.142,,,0.8492,0.1508,,False,on_map_at_end
247,pkw,423.0,,1377.0,,1304.603,100.0,1172.0,205.0,1259.585,,,0.8511,0.1489,,False,on_map_at_end
248,pkw,428.0,,1372.0,,892.744,100.0,1259.0,113.0,1291.409,,,0.9176,0.0824,,False,on_map_at_end
25,pkw,43.0,,1757.0,,1577.848,100.0,1554.0,203.0,1614.091,,,0.8845,0.1155,,False,on_map_at_end
251,pkw,429.0,,1371.0,,1819.767,80.0,1149.0,222.0,1206.762,,,0.8381,0.1619,,False,on_map_at_end
253,pkw,432.0,,1368.0,,1027.978,95.0,1241.0,127.0,1275.481,,,0.9072,0.0928,,False,on_map_at_end
254,pkw,435.0,,1365.0,,1950.998,79.0,1114.0,251.0,1188.528,,,0.8161,0.1839,,False,on_map_at_end
255,pkw,435.0,,1365.0,,706.47,100.0,1265.0,100.0,1297.717,,,0.9267,0.0733,,False,on_map_at_end
256,pkw,436.0,,1364.0,,41.396,100.0,1333.0,31.0,1360.274,,,0.9773,0.0227,,False,on_map_at_end
257,pkw,438.0,,1362.0,,33.895,100.0,1331.0,31.0,1358.949,,,0.9772,0.0228,,False,on_map_at_end
258,pkw,631.0,,1169.0,,26.394,100.0,1139.0,30.0,1166.625,,,0.9743,0.0257,,False,on_map_at_end
260,pkw,438.0,,1362.0,,1441.969,95.0,1202.0,160.0,1232.221,,,0.8825,0.1175,,False,on_map_at_end
261,pkw,440.0,,1360.0,,1652.705,93.0,1151.0,209.0,1195.16,,,0.8463,0.1537,,False,on_map_at_end
263,pkw,443.0,,1357.0,,1241.055,91.0,1194.0,163.0,1239.496,,,0.8799,0.1201,,False,on_map_at_end
264,pkw,444.0,,1356.0,,1027.978,93.0,1223.0,133.0,1263.481,,,0.9019,0.0981,,False,on_map_at_end
267,pkw,445.0,,1355.0,,445.988,100.0,1281.0,74.0,1312.464,,,0.9454,0.0546,,False,on_map_at_end
268,pkw,447.0,,1353.0,,1727.633,100.0,1154.0,199.0,1196.909,,,0.8529,0.1471,,False,on_map_at_end
269,pkw,447.0,,1353.0,,796.687,100.0,1212.0,141.0,1281.297,,,0.8958,0.1042,,False,on_map_at_end
271,pkw,449.0,,1351.0,,848.295,100.0,1234.0,117.0,1262.971,,,0.9134,0.0866,,False,on_map_at_end
272,pkw,449.0,,1351.0,,1282.456,94.0,1175.0,176.0,1225.704,,,0.8697,0.1303,,False,on_map_at_end
273,pkw,450.0,,1350.0,,918.214,100.0,1182.0,168.0,1267.36,,,0.8756,0.1244,,False,on_map_at_end
276,pkw,453.0,,1347.0,,885.243,100.0,1231.0,116.0,1266.79,,,0.9139,0.0861,,False,on_map_at_end
278,pkw,454.0,,1346.0,,668.169,100.0,1259.0,87.0,1281.603,,,0.9354,0.0646,,False,on_map_at_end
281,pkw,462.0,,1338.0,,337.062,100.0,1288.0,50.0,1307.327,,,0.9626,0.0374,,False,on_map_at_end
283,pkw,466.0,,1334.0,,1645.204,93.0,1136.0,198.0,1178.655,,,0.8516,0.1484,,False,on_map_at_end
284,pkw,467.0,,1333.0,,329.336,100.0,1272.0,61.0,1302.929,,,0.9542,0.0458,,False,on_map_at_end
285,pkw,468.0,,1332.0,,1697.881,100.0,1136.0,196.0,1175.066,,,0.8529,0.1471,,False,on_map_at_end
287,pkw,469.0,,1331.0,,834.352,100.0,1166.0,165.0,1245.872,,,0.876,0.124,,False,on_map_at_end
288,pkw,470.0,,1330.0,,1314.156,100.0,1138.0,192.0,1205.091,,,0.8556,0.1444,,False,on_map_at_end
289,pkw,471.0,,1329.0,,1118.117,100.0,1199.0,130.0,1218.868,,,0.9022,0.0978,,False,on_map_at_end
290,pkw,472.0,,1328.0,,274.378,100.0,1276.0,52.0,1303.306,,,0.9608,0.0392,,False,on_map_at_end
291,pkw,473.0,,1327.0,,756.056,100.0,1208.0,119.0,1250.196,,,0.9103,0.0897,,False,on_map_at_end
292,pkw,475.0,,1325.0,,499.406,100.0,1242.0,83.0,1279.655,,,0.9374,0.0626,,False,on_map_at_end
293,pkw,476.0,,1324.0,,748.555,100.0,1196.0,128.0,1238.906,,,0.9033,0.0967,,False,on_map_at_end
295,pkw,481.0,,1319.0,,895.711,100.0,1159.0,160.0,1238.385,,,0.8787,0.1213,,False,on_map_at_end
297,pkw,481.0,,1319.0,,721.488,56.0,1210.0,109.0,1252.624,,,0.9174,0.0826,,False,on_map_at_end
299,pkw,482.0,,1318.0,,1733.293,92.0,1107.0,211.0,1154.573,,,0.8399,0.1601,,False,on_map_at_end
301,pkw,483.0,,1317.0,,1593.365,100.0,1091.0,226.0,1173.114,,,0.8284,0.1716,,False,on_map_at_end
302,pkw,484.0,,1316.0,,508.569,97.0,1246.0,70.0,1269.521,,,0.9468,0.0532,,False,on_map_at_end
303,pkw,484.0,,1316.0,,819.35,100.0,1151.0,165.0,1224.068,,,0.8746,0.1254,,False,on_map_at_end
304,pkw,488.0,,1312.0,,355.786,100.0,1209.0,103.0,1279.883,,,0.9215,0.0785,,False,on_map_at_end
306,pkw,491.0,,1309.0,,1312.842,100.0,1149.0,160.0,1189.906,,,0.8778,0.1222,,False,on_map_at_end
310,pkw,495.0,,1305.0,,660.668,100.0,1214.0,91.0,1240.645,,,0.9303,0.0697,,False,on_map_at_end
311,pkw,496.0,,1304.0,,959.125,92.0,1165.0,139.0,1212.312,,,0.8934,0.1066,,False,on_map_at_end
312,pkw,498.0,,1302.0,,1109.692,100.0,1154.0,148.0,1193.355,,,0.8863,0.1137,,False,on_map_at_end
314,pkw,498.0,,1302.0,,653.167,100.0,1212.0,90.0,1240.448,,,0.9309,0.0691,,False,on_map_at_end
317,pkw,504.0,,1296.0,,806.728,95.0,1191.0,105.0,1223.212,,,0.919,0.081,,False,on_map_at_end
319,pkw,507.0,,1293.0,,877.742,100.0,1175.0,118.0,1213.234,,,0.9087,0.0913,,False,on_map_at_end
320,pkw,507.0,,1293.0,,645.666,100.0,1203.0,90.0,1229.188,,,0.9304,0.0696,,False,on_map_at_end
321,pkw,508.0,,1292.0,,1297.84,100.0,1133.0,159.0,1174.198,,,0.8769,0.1231,,False,on_map_at_end
323,pkw,509.0,,1291.0,,1356.199,100.0,1000.0,291.0,1024.379,,,0.7746,0.2254,,False,on_map_at_end
326,pkw,512.0,,1288.0,,314.334,100.0,1227.0,61.0,1259.169,,,0.9526,0.0474,,False,on_map_at_end
327,pkw,512.0,,1288.0,,1253.205,87.0,1133.0,155.0,1175.751,,,0.8797,0.1203,,False,on_map_at_end
329,pkw,515.0,,1285.0,,1323.16,95.0,1097.0,188.0,1128.974,,,0.8537,0.1463,,False,on_map_at_end
330,pkw,515.0,,1285.0,,1680.906,97.0,1099.0,186.0,1134.56,,,0.8553,0.1447,,False,on_map_at_end
331,pkw,515.0,,1285.0,,638.165,100.0,1199.0,86.0,1225.186,,,0.9331,0.0669,,False,on_map_at_end
334,pkw,518.0,,1282.0,,683.059,100.0,1154.0,128.0,1218.57,,,0.9002,0.0998,,False,on_map_at_end
335,pkw,523.0,,1277.0,,675.557,100.0,1151.0,126.0,1215.034,,,0.9013,0.0987,,False,on_map_at_end
337,pkw,530.0,,1270.0,,695.887,94.0,1176.0,94.0,1207.11,,,0.926,0.074,,False,on_map_at_end
338,pkw,531.0,,1269.0,,474.088,100.0,1178.0,91.0,1225.509,,,0.9283,0.0717,,False,on_map_at_end
341,pkw,534.0,,1266.0,,320.903,100.0,1226.0,40.0,1237.118,,,0.9684,0.0316,,False,on_map_at_end
343,pkw,536.0,,1264.0,,1441.969,100.0,1106.0,158.0,1134.221,,,0.875,0.125,,False,on_map_at_end
344,pkw,537.0,,1263.0,,358.309,100.0,1191.0,72.0,1230.752,,,0.943,0.057,,False,on_map_at_end
345,pkw,539.0,,1261.0,,597.895,100.0,1139.0,122.0,1204.575,,,0.9033,0.0967,,False,on_map_at_end
348,pkw,540.0,,1260.0,,944.123,86.0,1113.0,147.0,1168.912,,,0.8833,0.1167,,False,on_map_at_end
349,pkw,540.0,,1260.0,,450.677,100.0,1154.0,106.0,1186.493,,,0.9159,0.0841,,False,on_map_at_end
35,pkw,56.0,,1744.0,,921.705,100.0,1605.0,139.0,1657.196,,,0.9203,0.0797,,False,on_map_at_end
352,pkw,542.0,,1258.0,,974.399,100.0,1140.0,118.0,1169.333,,,0.9062,0.0938,,False,on_map_at_end
353,pkw,543.0,,1257.0,,1430.18,94.0,924.0,333.0,961.793,,,0.7351,0.2649,,False,on_map_at_end
356,pkw,546.0,,1254.0,,630.929,100.0,1141.0,113.0,1196.222,,,0.9099,0.0901,,False,on_map_at_end
357,pkw,937.0,,863.0,,18.893,100.0,842.0,21.0,861.3,,,0.9757,0.0243,,False,on_map_at_end
359,pkw,550.0,,1250.0,,1585.696,100.0,1013.0,237.0,1064.643,,,0.8104,0.1896,,False,on_map_at_end
361,pkw,554.0,,1246.0,,299.709,95.0,1195.0,51.0,1219.026,,,0.9591,0.0409,,False,on_map_at_end
362,pkw,555.0,,1245.0,,111.029,100.0,1212.0,33.0,1235.007,,,0.9735,0.0265,,False,on_map_at_end
363,pkw,556.0,,1244.0,,1476.059,100.0,1075.0,169.0,1111.153,,,0.8641,0.1359,,False,on_map_at_end
364,pkw,1242.0,,558.0,,11.392,100.0,545.0,13.0,556.975,,,0.9767,0.0233,,False,on_map_at_end
365,pkw,556.0,,1244.0,,1708.272,71.0,940.0,304.0,955.434,,,0.7556,0.2444,,False,on_map_at_end
367,pkw,561.0,,1239.0,,616.194,100.0,1155.0,84.0,1180.668,,,0.9322,0.0678,,False,on_map_at_end
370,pkw,1546.0,,254.0,,3.891,100.0,248.0,6.0,253.65,,,0.9764,0.0236,,False,on_map_at_end
372,pkw,566.0,,1234.0,,1605.232,90.0,1022.0,212.0,1076.868,,,0.8282,0.1718,,False,on_map_at_end
373,pkw,566.0,,1234.0,,2034.618,100.0,996.0,238.0,1048.914,,,0.8071,0.1929,,False,on_map_at_end
374,pkw,568.0,,1232.0,,597.094,100.0,1097.0,135.0,1169.971,,,0.8904,0.1096,,False,on_map_at_end
376,pkw,573.0,,1227.0,,363.207,100.0,1148.0,79.0,1194.311,,,0.9356,0.0644,,False,on_map_at_end
377,pkw,573.0,,1227.0,,1431.398,93.0,927.0,300.0,958.208,,,0.7555,0.2445,,False,on_map_at_end
378,pkw,575.0,,1225.0,,1979.01,90.0,990.0,235.0,1045.415,,,0.8082,0.1918,,False,on_map_at_end
380,pkw,577.0,,1223.0,,670.519,100.0,1089.0,134.0,1125.391,,,0.8904,0.1096,,False,on_map_at_end
381,pkw,579.0,,1221.0,,2040.469,100.0,983.0,238.0,1037.189,,,0.8051,0.1949,,False,on_map_at_end
383,pkw,584.0,,1216.0,,540.848,100.0,1102.0,114.0,1164.94,,,0.9062,0.0938,,False,on_map_at_end
384,pkw,584.0,,1216.0,,1090.634,93.0,1072.0,144.0,1117.315,,,0.8816,0.1184,,False,on_map_at_end
385,pkw,586.0,,1214.0,,607.539,100.0,1132.0,82.0,1157.748,,,0.9325,0.0675,,False,on_map_at_end
386,pkw,587.0,,1213.0,,671.087,100.0,1100.0,113.0,1135.56,,,0.9068,0.0932,,False,on_map_at_end
387,pkw,590.0,,1210.0,,493.567,93.0,1130.0,80.0,1165.113,,,0.9339,0.0661,,False,on_map_at_end
388,pkw,590.0,,1210.0,,870.241,100.0,1095.0,115.0,1131.254,,,0.905,0.095,,False,on_map_at_end
389,pkw,591.0,,1209.0,,248.425,100.0,1154.0,55.0,1186.193,,,0.9545,0.0455,,False,on_map_at_end
390,pkw,591.0,,1209.0,,665.883,92.0,1113.0,96.0,1148.888,,,0.9206,0.0794,,False,on_map_at_end
391,pkw,594.0,,1206.0,,1562.692,89.0,998.0,208.0,1059.643,,,0.8275,0.1725,,False,on_map_at_end
392,pkw,594.0,,1206.0,,143.984,100.0,1140.0,66.0,1193.041,,,0.9453,0.0547,,False,on_map_at_end
395,pkw,599.0,,1201.0,,531.871,100.0,1113.0,88.0,1146.23,,,0.9267,0.0733,,False,on_map_at_end
396,pkw,601.0,,1199.0,,982.872,87.0,1066.0,133.0,1110.541,,,0.8891,0.1109,,False,on_map_at_end
398,pkw,602.0,,1198.0,,1302.018,100.0,1022.0,176.0,1059.797,,,0.8531,0.1469,,False,on_map_at_end
399,pkw,602.0,,1198.0,,1936.789,95.0,981.0,217.0,1022.466,,,0.8189,0.1811,,False,on_map_at_end
400,pkw,602.0,,1198.0,,111.029,100.0,1167.0,31.0,1188.007,,,0.9741,0.0259,,False,on_map_at_end
401,pkw,602.0,,1198.0,,1466.167,100.0,1015.0,183.0,1056.817,,,0.8472,0.1528,,False,on_map_at_end
402,pkw,603.0,,1197.0,,1361.199,100.0,1033.0,164.0,1071.469,,,0.863,0.137,,False,on_map_at_end
403,pkw,603.0,,1197.0,,1593.197,100.0,980.0,217.0,1033.922,,,0.8187,0.1813,,False,on_map_at_end
404,pkw,604.0,,1196.0,,663.586,100.0,1090.0,106.0,1129.719,,,0.9114,0.0886,,False,on_map_at_end
405,pkw,604.0,,1196.0,,600.038,100.0,1112.0,84.0,1141.188,,,0.9298,0.0702,,False,on_map_at_end
406,pkw,605.0,,1195.0,,585.923,100.0,1063.0,132.0,1141.237,,,0.8895,0.1105,,False,on_map_at_end
409,pkw,607.0,,1193.0,,476.903,100.0,1106.0,87.0,1140.555,,,0.9271,0.0729,,False,on_map_at_end
410,pkw,608.0,,1192.0,,643.38,92.0,1094.0,98.0,1133.684,,,0.9178,0.0822,,False,on_map_at_end
411,pkw,608.0,,1192.0,,578.307,100.0,1112.0,80.0,1137.753,,,0.9329,0.0671,,False,on_map_at_end
414,pkw,610.0,,1190.0,,1434.468,100.0,1030.0,160.0,1060.897,,,0.8655,0.1345,,False,on_map_at_end
415,pkw,611.0,,1189.0,,649.876,100.0,1092.0,97.0,1125.626,,,0.9184,0.0816,,False,on_map_at_end
416,pkw,611.0,,1189.0,,103.528,100.0,1155.0,34.0,1179.682,,,0.9714,0.0286,,False,on_map_at_end
417,pkw,612.0,,1188.0,,1350.576,94.0,859.0,329.0,901.106,,,0.7231,0.2769,,False,on_map_at_end
418,pkw,613.0,,1187.0,,635.879,91.0,1092.0,95.0,1129.77,,,0.92,0.08,,False,on_map_at_end
419,pkw,613.0,,1187.0,,977.769,98.0,1046.0,141.0,1099.182,,,0.8812,0.1188,,False,on_map_at_end
420,pkw,613.0,,1187.0,,361.019,100.0,1123.0,64.0,1150.752,,,0.9461,0.0539,,False,on_map_at_end
421,pkw,613.0,,1187.0,,285.402,100.0,1117.0,70.0,1161.764,,,0.941,0.059,,False,on_map_at_end
422,pkw,613.0,,1187.0,,152.568,100.0,1144.0,43.0,1173.269,,,0.9638,0.0362,,False,on_map_at_end
423,pkw,614.0,,1186.0,,97.694,100.0,1143.0,43.0,1177.207,,,0.9637,0.0363,,False,on_map_at_end
425,pkw,615.0,,1185.0,,1571.847,100.0,987.0,198.0,1024.593,,,0.8329,0.1671,,False,on_map_at_end
426,pkw,615.0,,1185.0,,1034.156,100.0,1060.0,125.0,1091.925,,,0.8945,0.1055,,False,on_map_at_end
427,pkw,615.0,,1185.0,,1434.468,95.0,1024.0,161.0,1055.897,,,0.8641,0.1359,,False,on_map_at_end
428,pkw,617.0,,1183.0,,467.146,94.0,1110.0,73.0,1140.956,,,0.9383,0.0617,,False,on_map_at_end
429,pkw,618.0,,1182.0,,228.646,100.0,1085.0,97.0,1161.391,,,0.9179,0.0821,,False,on_map_at_end
43,pkw,80.0,,1720.0,,906.703,100.0,1575.0,145.0,1621.686,,,0.9157,0.0843,,False,on_map_at_end
430,pkw,618.0,,1182.0,,353.518,100.0,1114.0,68.0,1147.154,,,0.9425,0.0575,,False,on_map_at_end
431,pkw,619.0,,1181.0,,478.565,93.0,1101.0,80.0,1137.147,,,0.9323,0.0677,,False,on_map_at_end
432,pkw,620.0,,1180.0,,277.901,100.0,1110.0,70.0,1155.439,,,0.9407,0.0593,,False,on_map_at_end
433,pkw,619.0,,1181.0,,1455.923,100.0,1013.0,168.0,1047.391,,,0.8577,0.1423,,False,on_map_at_end
436,pkw,620.0,,1180.0,,929.121,83.0,1039.0,141.0,1091.014,,,0.8805,0.1195,,False,on_map_at_end
438,pkw,621.0,,1179.0,,1341.564,100.0,1015.0,164.0,1040.13,,,0.8609,0.1391,,False,on_map_at_end
439,pkw,621.0,,1179.0,,1819.738,100.0,929.0,250.0,949.691,,,0.788,0.212,,False,on_map_at_end
440,pkw,622.0,,1178.0,,626.309,100.0,1090.0,88.0,1115.392,,,0.9253,0.0747,,False,on_map_at_end
441,pkw,622.0,,1178.0,,1921.787,94.0,953.0,225.0,1003.119,,,0.809,0.191,,False,on_map_at_end
444,pkw,624.0,,1176.0,,628.378,90.0,1076.0,100.0,1118.903,,,0.915,0.085,,False,on_map_at_end
445,pkw,625.0,,1175.0,,620.877,90.0,1075.0,100.0,1118.802,,,0.9149,0.0851,,False,on_map_at_end
446,pkw,625.0,,1175.0,,935.047,100.0,1066.0,109.0,1090.845,,,0.9072,0.0928,,False,on_map_at_end
447,pkw,625.0,,1175.0,,1876.78,89.0,948.0,227.0,1004.777,,,0.8068,0.1932,,False,on_map_at_end
448,pkw,627.0,,1173.0,,1019.154,100.0,1047.0,126.0,1081.275,,,0.8926,0.1074,,False,on_map_at_end
449,pkw,627.0,,1173.0,,598.032,100.0,1062.0,111.0,1119.717,,,0.9054,0.0946,,False,on_map_at_end
450,pkw,628.0,,1172.0,,613.376,90.0,1072.0,100.0,1116.275,,,0.9147,0.0853,,False,on_map_at_end
451,pkw,628.0,,1172.0,,103.528,100.0,1138.0,34.0,1162.682,,,0.971,0.029,,False,on_map_at_end
452,pkw,630.0,,1170.0,,629.19,100.0,1085.0,85.0,1113.372,,,0.9274,0.0726,,False,on_map_at_end
453,pkw,632.0,,1168.0,,477.037,100.0,1098.0,70.0,1124.537,,,0.9401,0.0599,,False,on_map_at_end
454,pkw,632.0,,1168.0,,131.497,100.0,1095.0,73.0,1156.165,,,0.9375,0.0625,,False,on_map_at_end
456,pkw,632.0,,1168.0,,262.052,92.0,1109.0,59.0,1144.008,,,0.9495,0.0505,,False,on_map_at_end
457,pkw,633.0,,1167.0,,1071.949,100.0,1031.0,136.0,1063.607,,,0.8835,0.1165,,False,on_map_at_end
458,pkw,633.0,,1167.0,,378.308,100.0,1111.0,56.0,1129.011,,,0.952,0.048,,False,on_map_at_end
460,pkw,634.0,,1166.0,,2207.189,96.0,915.0,251.0,949.142,,,0.7847,0.2153,,False,on_map_at_end
461,pkw,635.0,,1165.0,,621.689,100.0,1070.0,95.0,1108.441,,,0.9185,0.0815,,False,on_map_at_end
462,pkw,637.0,,1163.0,,93.992,100.0,1074.0,89.0,1154.541,,,0.9235,0.0765,,False,on_map_at_end
466,pkw,638.0,,1162.0,,1385.358,89.0,967.0,195.0,1020.958,,,0.8322,0.1678,,False,on_map_at_end
467,pkw,639.0,,1161.0,,656.085,100.0,1053.0,108.0,1088.12,,,0.907,0.093,,False,on_map_at_end
470,pkw,639.0,,1161.0,,96.027,100.0,1126.0,35.0,1152.357,,,0.9699,0.0301,,False,on_map_at_end
471,pkw,639.0,,1161.0,,239.701,93.0,1106.0,55.0,1139.427,,,0.9526,0.0474,,False,on_map_at_end
474,pkw,643.0,,1157.0,,978.528,100.0,910.0,247.0,940.498,,,0.7865,0.2135,,False,on_map_at_end
476,pkw,643.0,,1157.0,,585.036,100.0,1079.0,78.0,1103.557,,,0.9326,0.0674,,False,on_map_at_end
477,pkw,643.0,,1157.0,,336.837,100.0,1108.0,49.0,1126.273,,,0.9576,0.0424,,False,on_map_at_end
479,pkw,648.0,,1152.0,,335.806,100.0,1079.0,73.0,1121.777,,,0.9366,0.0634,,False,on_map_at_end
48,pkw,87.0,,1713.0,,2294.863,87.0,1324.0,389.0,1417.55,,,0.7729,0.2271,,False,on_map_at_end
483,pkw,649.0,,1151.0,,438.785,100.0,1056.0,95.0,1089.779,,,0.9175,0.0825,,False,on_map_at_end
484,pkw,651.0,,1149.0,,1192.328,100.0,999.0,150.0,1033.917,,,0.8695,0.1305,,False,on_map_at_end
485,pkw,651.0,,1149.0,,1684.536,100.0,940.0,209.0,985.532,,,0.8181,0.1819,,False,on_map_at_end
486,pkw,652.0,,1148.0,,734.342,100.0,1037.0,111.0,1077.048,,,0.9033,0.0967,,False,on_map_at_end
487,pkw,655.0,,1145.0,,981.649,100.0,1019.0,126.0,1056.651,,,0.89,0.11,,False,on_map_at_end
488,pkw,656.0,,1144.0,,548.903,100.0,1040.0,104.0,1080.812,,,0.9091,0.0909,,False,on_map_at_end
49,pkw,90.0,,1710.0,,1417.979,72.0,1510.0,200.0,1582.921,,,0.883,0.117,,False,on_map_at_end
490,pkw,659.0,,1141.0,,577.535,100.0,1062.0,79.0,1088.438,,,0.9308,0.0692,,False,on_map_at_end
493,pkw,660.0,,1140.0,,1849.379,90.0,921.0,219.0,972.06,,,0.8079,0.1921,,False,on_map_at_end
494,pkw,660.0,,1140.0,,993.296,100.0,1022.0,118.0,1049.343,,,0.8965,0.1035,,False,on_map_at_end
495,pkw,662.0,,1138.0,,444.084,100.0,1057.0,81.0,1097.173,,,0.9288,0.0712,,False,on_map_at_end
496,pkw,664.0,,1136.0,,598.374,90.0,1037.0,99.0,1081.289,,,0.9129,0.0871,,False,on_map_at_end
497,pkw,664.0,,1136.0,,1313.133,91.0,950.0,186.0,1004.03,,,0.8363,0.1637,,False,on_map_at_end
498,pkw,665.0,,1135.0,,100.061,100.0,1100.0,35.0,1125.994,,,0.9692,0.0308,,False,on_map_at_end
499,pkw,665.0,,1135.0,,333.302,100.0,1087.0,48.0,1105.003,,,0.9577,0.0423,,False,on_map_at_end
5,pkw,5.0,,1795.0,,405.905,100.0,1739.0,56.0,1759.008,,,0.9688,0.0312,,False,on_map_at_end
501,pkw,665.0,,1135.0,,1279.515,100.0,965.0,170.0,1011.412,,,0.8502,0.1498,,False,on_map_at_end
502,pkw,666.0,,1134.0,,1056.947,100.0,1005.0,129.0,1033.38,,,0.8862,0.1138,,False,on_map_at_end
504,pkw,667.0,,1133.0,,726.841,100.0,1020.0,113.0,1061.878,,,0.9003,0.0997,,False,on_map_at_end
505,pkw,668.0,,1132.0,,541.83,100.0,1061.0,71.0,1082.639,,,0.9373,0.0627,,False,on_map_at_end
506,pkw,668.0,,1132.0,,463.563,92.0,1051.0,81.0,1089.959,,,0.9284,0.0716,,False,on_map_at_end
507,pkw,669.0,,1131.0,,1041.945,100.0,990.0,141.0,1027.481,,,0.8753,0.1247,,False,on_map_at_end
509,pkw,672.0,,1128.0,,552.409,100.0,1051.0,77.0,1078.283,,,0.9317,0.0683,,False,on_map_at_end
51,pkw,91.0,,1709.0,,2037.903,100.0,1478.0,231.0,1526.127,,,0.8648,0.1352,,False,on_map_at_end
510,pkw,673.0,,1127.0,,544.908,100.0,1045.0,82.0,1077.958,,,0.9272,0.0728,,False,on_map_at_end
512,pkw,675.0,,1125.0,,503.897,100.0,1021.0,104.0,1067.772,,,0.9076,0.0924,,False,on_map_at_end
513,pkw,676.0,,1124.0,,947.793,100.0,998.0,126.0,1029.041,,,0.8879,0.1121,,False,on_map_at_end
515,pkw,680.0,,1120.0,,621.388,100.0,1025.0,95.0,1058.184,,,0.9152,0.0848,,False,on_map_at_end
516,pkw,680.0,,1120.0,,496.396,100.0,1009.0,111.0,1055.197,,,0.9009,0.0991,,False,on_map_at_end
517,pkw,681.0,,1119.0,,862.74,100.0,1002.0,117.0,1040.615,,,0.8954,0.1046,,False,on_map_at_end
518,pkw,682.0,,1118.0,,537.407,100.0,1035.0,83.0,1069.633,,,0.9258,0.0742,,False,on_map_at_end
519,pkw,682.0,,1118.0,,209.545,90.0,1059.0,59.0,1098.783,,,0.9472,0.0528,,False,on_map_at_end
521,pkw,684.0,,1116.0,,1034.444,100.0,984.0,132.0,1016.05,,,0.8817,0.1183,,False,on_map_at_end
523,pkw,684.0,,1116.0,,64.351,100.0,1046.0,70.0,1094.534,,,0.9373,0.0627,,False,on_map_at_end
524,pkw,684.0,,1116.0,,1226.025,100.0,953.0,163.0,991.768,,,0.8539,0.1461,,False,on_map_at_end
525,pkw,685.0,,1115.0,,96.027,100.0,1080.0,35.0,1106.357,,,0.9686,0.0314,,False,on_map_at_end
527,pkw,687.0,,1113.0,,316.013,100.0,1051.0,62.0,1083.6,,,0.9443,0.0557,,False,on_map_at_end
529,pkw,687.0,,1113.0,,386.278,100.0,1025.0,88.0,1065.796,,,0.9209,0.0791,,False,on_map_at_end
53,pkw,96.0,,1704.0,,1882.858,100.0,1456.0,248.0,1535.081,,,0.8545,0.1455,,False,on_map_at_end
530,pkw,689.0,,1111.0,,595.26,100.0,1019.0,92.0,1057.426,,,0.9172,0.0828,,False,on_map_at_end
532,pkw,690.0,,1110.0,,1526.527,100.0,918.0,192.0,965.897,,,0.827,0.173,,False,on_map_at_end
533,pkw,690.0,,1110.0,,443.176,100.0,1003.0,107.0,1033.092,,,0.9036,0.0964,,False,on_map_at_end
534,pkw,691.0,,1109.0,,1422.957,90.0,910.0,199.0,960.634,,,0.8206,0.1794,,False,on_map_at_end
535,pkw,691.0,,1109.0,,481.394,100.0,1007.0,102.0,1047.664,,,0.908,0.092,,False,on_map_at_end
537,pkw,691.0,,1109.0,,1216.205,93.0,952.0,157.0,995.358,,,0.8584,0.1416,,False,on_map_at_end
538,pkw,691.0,,1109.0,,1570.694,100.0,909.0,200.0,964.297,,,0.8197,0.1803,,False,on_map_at_end
54,pkw,96.0,,1704.0,,350.907,100.0,1657.0,47.0,1672.418,,,0.9724,0.0276,,False,on_map_at_end
541,pkw,693.0,,1107.0,,549.232,100.0,1017.0,90.0,1056.668,,,0.9187,0.0813,,False,on_map_at_end
542,pkw,695.0,,1105.0,,437.079,100.0,1035.0,70.0,1062.28,,,0.9367,0.0633,,False,on_map_at_end
543,pkw,696.0,,1104.0,,945.308,100.0,985.0,119.0,1010.078,,,0.8922,0.1078,,False,on_map_at_end
544,pkw,697.0,,1103.0,,1426.967,100.0,947.0,156.0,974.572,,,0.8586,0.1414,,False,on_map_at_end
547,pkw,700.0,,1100.0,,466.392,100.0,1013.0,87.0,1045.542,,,0.9209,0.0791,,False,on_map_at_end
548,pkw,700.0,,1100.0,,1305.632,91.0,936.0,164.0,979.253,,,0.8509,0.1491,,False,on_map_at_end
549,pkw,700.0,,1100.0,,305.901,100.0,1049.0,51.0,1072.469,,,0.9536,0.0464,,False,on_map_at_end
55,pkw,98.0,,1702.0,,1748.471,100.0,1506.0,196.0,1543.892,,,0.8848,0.1152,,False,on_map_at_end
550,pkw,701.0,,1099.0,,1026.943,100.0,966.0,133.0,1000.833,,,0.879,0.121,,False,on_map_at_end
551,pkw,702.0,,1098.0,,448.56,91.0,1016.0,82.0,1056.848,,,0.9253,0.0747,,False,on_map_at_end
552,pkw,703.0,,1097.0,,437.142,91.0,1018.0,79.0,1057.657,,,0.928,0.072,,False,on_map_at_end
554,pkw,706.0,,1094.0,,88.526,100.0,1060.0,34.0,1086.033,,,0.9689,0.0311,,False,on_map_at_end
555,pkw,706.0,,1094.0,,529.906,100.0,1009.0,85.0,1046.308,,,0.9223,0.0777,,False,on_map_at_end
556,pkw,708.0,,1092.0,,522.405,100.0,1006.0,86.0,1044.983,,,0.9212,0.0788,,False,on_map_at_end
557,pkw,708.0,,1092.0,,583.371,90.0,994.0,98.0,1039.359,,,0.9103,0.0897,,False,on_map_at_end
559,pkw,709.0,,1091.0,,514.904,100.0,1006.0,85.0,1044.658,,,0.9221,0.0779,,False,on_map_at_end
560,pkw,709.0,,1091.0,,1331.092,100.0,929.0,162.0,964.987,,,0.8515,0.1485,,False,on_map_at_end
561,pkw,710.0,,1090.0,,392.599,100.0,1024.0,66.0,1054.213,,,0.9394,0.0606,,False,on_map_at_end
562,pkw,710.0,,1090.0,,967.97,86.0,959.0,131.0,999.447,,,0.8798,0.1202,,False,on_map_at_end
563,pkw,710.0,,1090.0,,1710.838,100.0,902.0,188.0,935.565,,,0.8275,0.1725,,False,on_map_at_end
564,pkw,711.0,,1089.0,,363.775,100.0,1006.0,83.0,1051.014,,,0.9238,0.0762,,False,on_map_at_end
565,pkw,712.0,,1088.0,,860.483,100.0,977.0,111.0,1009.904,,,0.898,0.102,,False,on_map_at_end
566,pkw,713.0,,1087.0,,619.636,100.0,994.0,93.0,1023.561,,,0.9144,0.0856,,False,on_map_at_end
569,pkw,715.0,,1085.0,,948.047,100.0,965.0,120.0,996.572,,,0.8894,0.1106,,False,on_map_at_end
57,pkw,100.0,,1700.0,,1408.736,85.0,1470.0,230.0,1551.621,,,0.8647,0.1353,,False,on_map_at_end
570,pkw,717.0,,1083.0,,310.799,100.0,1031.0,52.0,1055.028,,,0.952,0.048,,False,on_map_at_end
572,pkw,717.0,,1083.0,,2419.357,100.0,819.0,264.0,857.418,,,0.7562,0.2438,,False,on_map_at_end
573,pkw,717.0,,1083.0,,659.332,100.0,976.0,107.0,1006.915,,,0.9012,0.0988,,False,on_map_at_end
576,pkw,719.0,,1081.0,,368.097,100.0,1022.0,59.0,1047.871,,,0.9454,0.0546,,False,on_map_at_end
577,pkw,721.0,,1079.0,,290.8,100.0,1019.0,60.0,1052.828,,,0.9444,0.0556,,False,on_map_at_end
580,pkw,722.0,,1078.0,,507.403,100.0,995.0,83.0,1032.333,,,0.923,0.077,,False,on_map_at_end
581,pkw,723.0,,1077.0,,603.045,100.0,985.0,92.0,1010.244,,,0.9146,0.0854,,False,on_map_at_end
582,pkw,724.0,,1076.0,,959.297,100.0,952.0,124.0,986.952,,,0.8848,0.1152,,False,on_map_at_end
584,pkw,726.0,,1074.0,,824.878,100.0,969.0,105.0,999.76,,,0.9022,0.0978,,False,on_map_at_end
585,pkw,727.0,,1073.0,,1784.574,100.0,874.0,199.0,911.155,,,0.8145,0.1855,,False,on_map_at_end
586,pkw,728.0,,1072.0,,790.579,100.0,969.0,103.0,1000.461,,,0.9039,0.0961,,False,on_map_at_end
587,pkw,728.0,,1072.0,,1678.152,100.0,867.0,205.0,916.055,,,0.8088,0.1912,,False,on_map_at_end
588,pkw,729.0,,1071.0,,612.409,100.0,987.0,84.0,1013.643,,,0.9216,0.0784,,False,on_map_at_end
589,pkw,729.0,,1071.0,,88.526,100.0,1042.0,29.0,1063.033,,,0.9729,0.0271,,False,on_map_at_end
59,pkw,101.0,,1699.0,,872.599,100.0,1590.0,109.0,1621.403,,,0.9358,0.0642,,False,on_map_at_end
590,pkw,730.0,,1070.0,,504.588,100.0,999.0,71.0,1023.874,,,0.9336,0.0664,,False,on_map_at_end
591,pkw,730.0,,1070.0,,391.939,100.0,1003.0,67.0,1033.902,,,0.9374,0.0626,,False,on_map_at_end
593,pkw,730.0,,1070.0,,589.758,100.0,980.0,90.0,1016.921,,,0.9159,0.0841,,False,on_map_at_end
594,pkw,734.0,,1066.0,,792.805,100.0,943.0,123.0,982.489,,,0.8846,0.1154,,False,on_map_at_end
595,pkw,734.0,,1066.0,,568.369,89.0,971.0,95.0,1014.712,,,0.9109,0.0891,,False,on_map_at_end
596,pkw,735.0,,1065.0,,435.675,100.0,967.0,98.0,998.597,,,0.908,0.092,,False,on_map_at_end
599,pkw,735.0,,1065.0,,1579.782,100.0,873.0,192.0,914.756,,,0.8197,0.1803,,False,on_map_at_end
600,pkw,736.0,,1064.0,,616.176,100.0,965.0,99.0,1001.126,,,0.907,0.093,,False,on_map_at_end
601,pkw,736.0,,1064.0,,81.025,100.0,1035.0,29.0,1056.708,,,0.9727,0.0273,,False,on_map_at_end
603,pkw,738.0,,1062.0,,504.588,100.0,980.0,82.0,1012.508,,,0.9228,0.0772,,False,on_map_at_end
604,pkw,738.0,,1062.0,,1019.442,100.0,933.0,129.0,967.427,,,0.8785,0.1215,,False,on_map_at_end
606,pkw,738.0,,1062.0,,1323.694,100.0,894.0,168.0,938.434,,,0.8418,0.1582,,False,on_map_at_end
607,pkw,739.0,,1061.0,,499.902,100.0,986.0,75.0,1016.008,,,0.9293,0.0707,,False,on_map_at_end
608,pkw,740.0,,1060.0,,420.971,100.0,999.0,61.0,1022.112,,,0.9425,0.0575,,False,on_map_at_end
609,pkw,740.0,,1060.0,,268.659,100.0,1013.0,47.0,1035.82,,,0.9557,0.0443,,False,on_map_at_end
610,pkw,740.0,,1060.0,,1999.407,100.0,806.0,254.0,864.093,,,0.7604,0.2396,,False,on_map_at_end
611,pkw,741.0,,1059.0,,462.035,100.0,980.0,79.0,1016.769,,,0.9254,0.0746,,False,on_map_at_end
612,pkw,742.0,,1058.0,,1608.974,100.0,846.0,212.0,899.067,,,0.7996,0.2004,,False,on_map_at_end
614,pkw,743.0,,1057.0,,492.401,100.0,979.0,78.0,1012.684,,,0.9262,0.0738,,False,on_map_at_end
615,pkw,743.0,,1057.0,,1476.445,100.0,881.0,176.0,923.663,,,0.8335,0.1665,,False,on_map_at_end
616,pkw,744.0,,1056.0,,945.366,71.0,918.0,138.0,970.916,,,0.8693,0.1307,,False,on_map_at_end
617,pkw,744.0,,1056.0,,604.908,100.0,964.0,92.0,994.305,,,0.9129,0.0871,,False,on_map_at_end
619,pkw,747.0,,1053.0,,1548.191,100.0,833.0,220.0,896.139,,,0.7911,0.2089,,False,on_map_at_end
62,pkw,108.0,,1692.0,,1817.728,100.0,1469.0,223.0,1509.664,,,0.8682,0.1318,,False,on_map_at_end
620,pkw,747.0,,1053.0,,428.174,100.0,950.0,103.0,981.43,,,0.9022,0.0978,,False,on_map_at_end
622,pkw,748.0,,1052.0,,271.272,100.0,1012.0,40.0,1027.585,,,0.962,0.038,,False,on_map_at_end
623,pkw,748.0,,1052.0,,917.788,100.0,925.0,127.0,965.626,,,0.8793,0.1207,,False,on_map_at_end
624,pkw,748.0,,1052.0,,910.287,100.0,924.0,128.0,966.605,,,0.8783,0.1217,,False,on_map_at_end
626,pkw,749.0,,1051.0,,420.673,100.0,947.0,104.0,983.289,,,0.901,0.099,,False,on_map_at_end
627,pkw,750.0,,1050.0,,589.906,100.0,951.0,99.0,987.987,,,0.9057,0.0943,,False,on_map_at_end
628,pkw,751.0,,1049.0,,847.738,100.0,934.0,115.0,972.127,,,0.8904,0.1096,,False,on_map_at_end
629,pkw,751.0,,1049.0,,553.367,89.0,970.0,79.0,999.007,,,0.9247,0.0753,,False,on_map_at_end
63,pkw,110.0,,1690.0,,1676.159,86.0,1465.0,225.0,1539.421,,,0.8669,0.1331,,False,on_map_at_end
631,pkw,752.0,,1048.0,,1419.466,94.0,893.0,155.0,920.247,,,0.8521,0.1479,,False,on_map_at_end
632,pkw,753.0,,1047.0,,809.069,100.0,935.0,112.0,973.122,,,0.893,0.107,,False,on_map_at_end
635,pkw,754.0,,1046.0,,173.019,100.0,1010.0,36.0,1025.449,,,0.9656,0.0344,,False,on_map_at_end
636,pkw,755.0,,1045.0,,308.512,100.0,990.0,55.0,1015.231,,,0.9474,0.0526,,False,on_map_at_end
637,pkw,755.0,,1045.0,,489.586,100.0,971.0,74.0,999.948,,,0.9292,0.0708,,False,on_map_at_end
638,pkw,756.0,,1044.0,,422.139,91.0,964.0,80.0,1006.007,,,0.9234,0.0766,,False,on_map_at_end
639,pkw,756.0,,1044.0,,440.486,100.0,969.0,75.0,1002.735,,,0.9282,0.0718,,False,on_map_at_end
64,pkw,111.0,,1689.0,,1186.041,90.0,1530.0,159.0,1582.516,,,0.9059,0.0941,,False,on_map_at_end
641,pkw,762.0,,1038.0,,1379.167,100.0,863.0,175.0,910.662,,,0.8314,0.1686,,False,on_map_at_end
642,pkw,763.0,,1037.0,,484.899,100.0,960.0,77.0,993.359,,,0.9257,0.0743,,False,on_map_at_end
644,pkw,765.0,,1035.0,,917.334,97.0,911.0,124.0,937.394,,,0.8802,0.1198,,False,on_map_at_end
645,pkw,766.0,,1034.0,,1913.828,95.0,825.0,209.0,860.081,,,0.7979,0.2021,,False,on_map_at_end
646,pkw,767.0,,1033.0,,574.904,100.0,929.0,104.0,966.517,,,0.8993,0.1007,,False,on_map_at_end
647,pkw,767.0,,1033.0,,369.187,100.0,960.0,73.0,999.142,,,0.9293,0.0707,,False,on_map_at_end
648,pkw,768.0,,1032.0,,1413.659,100.0,827.0,205.0,884.99,,,0.8014,0.1986,,False,on_map_at_end
65,pkw,114.0,,1686.0,,1187.049,100.0,1424.0,262.0,1444.923,,,0.8446,0.1554,,False,on_map_at_end
650,pkw,769.0,,1031.0,,479.045,100.0,944.0,87.0,974.631,,,0.9156,0.0844,,False,on_map_at_end
651,pkw,769.0,,1031.0,,832.736,100.0,914.0,117.0,955.418,,,0.8865,0.1135,,False,on_map_at_end
653,pkw,771.0,,1029.0,,1364.165,100.0,858.0,171.0,904.0,,,0.8338,0.1662,,False,on_map_at_end
655,pkw,771.0,,1029.0,,477.398,100.0,952.0,77.0,986.034,,,0.9252,0.0748,,False,on_map_at_end
656,pkw,772.0,,1028.0,,1356.664,100.0,855.0,173.0,905.352,,,0.8317,0.1683,,False,on_map_at_end
658,pkw,772.0,,1028.0,,1411.965,94.0,870.0,158.0,900.922,,,0.8463,0.1537,,False,on_map_at_end
659,pkw,773.0,,1027.0,,451.289,100.0,948.0,79.0,971.298,,,0.9231,0.0769,,False,on_map_at_end
660,pkw,775.0,,1025.0,,273.557,100.0,975.0,50.0,1000.38,,,0.9512,0.0488,,False,on_map_at_end
661,pkw,775.0,,1025.0,,81.025,100.0,992.0,33.0,1017.708,,,0.9678,0.0322,,False,on_map_at_end
662,pkw,776.0,,1024.0,,881.827,68.0,796.0,228.0,787.165,,,0.7773,0.2227,,False,on_map_at_end
663,pkw,781.0,,1019.0,,258.555,100.0,964.0,55.0,995.73,,,0.946,0.054,,False,on_map_at_end
664,pkw,780.0,,1020.0,,413.172,100.0,926.0,94.0,955.661,,,0.9078,0.0922,,False,on_map_at_end
665,pkw,780.0,,1020.0,,489.586,100.0,931.0,89.0,974.665,,,0.9127,0.0873,,False,on_map_at_end
666,pkw,780.0,,1020.0,,1686.969,100.0,823.0,197.0,867.712,,,0.8069,0.1931,,False,on_map_at_end
667,pkw,781.0,,1019.0,,567.403,100.0,912.0,107.0,952.355,,,0.895,0.105,,False,on_map_at_end
668,pkw,781.0,,1019.0,,1267.512,100.0,834.0,185.0,888.122,,,0.8184,0.1816,,False,on_map_at_end
669,pkw,781.0,,1019.0,,73.524,100.0,985.0,34.0,1012.383,,,0.9666,0.0334,,False,on_map_at_end
671,pkw,782.0,,1018.0,,73.524,100.0,982.0,36.0,1011.383,,,0.9646,0.0354,,False,on_map_at_end
672,pkw,782.0,,1018.0,,1011.941,100.0,885.0,133.0,921.061,,,0.8694,0.1306,,False,on_map_at_end
674,pkw,783.0,,1017.0,,1411.965,100.0,849.0,168.0,880.277,,,0.8348,0.1652,,False,on_map_at_end
675,pkw,783.0,,1017.0,,443.788,100.0,942.0,75.0,971.801,,,0.9263,0.0737,,False,on_map_at_end
676,pkw,784.0,,1016.0,,436.287,100.0,916.0,100.0,943.57,,,0.9016,0.0984,,False,on_map_at_end
677,pkw,787.0,,1013.0,,1665.103,100.0,763.0,250.0,810.76,,,0.7532,0.2468,,False,on_map_at_end
678,pkw,788.0,,1012.0,,113.899,100.0,987.0,25.0,958.599,,,0.9753,0.0247,,False,on_map_at_end
679,pkw,789.0,,1011.0,,257.335,100.0,944.0,67.0,982.111,,,0.9337,0.0663,,False,on_map_at_end
68,pkw,118.0,,1682.0,,1804.316,100.0,1485.0,197.0,1519.994,,,0.8829,0.1171,,False,on_map_at_end
681,pkw,791.0,,1009.0,,1607.259,100.0,839.0,170.0,863.537,,,0.8315,0.1685,,False,on_map_at_end
682,pkw,791.0,,1009.0,,966.727,96.0,897.0,112.0,921.061,,,0.889,0.111,,False,on_map_at_end
683,pkw,791.0,,1009.0,,66.023,100.0,970.0,39.0,1003.058,,,0.9613,0.0387,,False,on_map_at_end
685,pkw,793.0,,1007.0,,1404.464,92.0,849.0,158.0,880.597,,,0.8431,0.1569,,False,on_map_at_end
686,pkw,793.0,,1007.0,,474.584,100.0,933.0,74.0,963.612,,,0.9265,0.0735,,False,on_map_at_end
688,pkw,795.0,,1005.0,,343.667,95.0,947.0,58.0,974.07,,,0.9423,0.0577,,False,on_map_at_end
689,pkw,795.0,,1005.0,,762.546,100.0,874.0,131.0,918.202,,,0.8697,0.1303,,False,on_map_at_end
69,pkw,123.0,,1677.0,,1452.109,100.0,1493.0,184.0,1546.309,,,0.8903,0.1097,,False,on_map_at_end
690,pkw,796.0,,1004.0,,884.114,78.0,882.0,122.0,922.812,,,0.8785,0.1215,,False,on_map_at_end
691,pkw,798.0,,1002.0,,425.68,100.0,930.0,72.0,960.811,,,0.9281,0.0719,,False,on_map_at_end
692,pkw,798.0,,1002.0,,552.401,100.0,899.0,103.0,939.665,,,0.8972,0.1028,,False,on_map_at_end
693,pkw,798.0,,1002.0,,963.003,100.0,861.0,141.0,904.495,,,0.8593,0.1407,,False,on_map_at_end
697,pkw,803.0,,997.0,,1084.014,100.0,866.0,131.0,899.171,,,0.8686,0.1314,,False,on_map_at_end
698,pkw,803.0,,997.0,,256.27,100.0,958.0,39.0,973.935,,,0.9609,0.0391,,False,on_map_at_end
70,pkw,128.0,,1672.0,,1308.158,94.0,1486.0,186.0,1524.976,,,0.8888,0.1112,,False,on_map_at_end
700,pkw,805.0,,995.0,,66.023,100.0,957.0,38.0,989.058,,,0.9618,0.0382,,False,on_map_at_end
701,pkw,805.0,,995.0,,458.638,90.0,918.0,77.0,953.256,,,0.9226,0.0774,,False,on_map_at_end
702,pkw,805.0,,995.0,,469.897,100.0,918.0,77.0,952.709,,,0.9226,0.0774,,False,on_map_at_end
703,pkw,805.0,,995.0,,405.67,100.0,887.0,108.0,919.021,,,0.8915,0.1085,,False,on_map_at_end
704,pkw,806.0,,994.0,,114.816,93.0,950.0,44.0,983.261,,,0.9557,0.0443,,False,on_map_at_end
705,pkw,807.0,,993.0,,165.518,100.0,957.0,36.0,975.029,,,0.9637,0.0363,,False,on_map_at_end
706,pkw,807.0,,993.0,,948.001,100.0,842.0,151.0,893.087,,,0.8479,0.1521,,False,on_map_at_end
707,pkw,808.0,,992.0,,462.396,100.0,915.0,77.0,950.384,,,0.9224,0.0776,,False,on_map_at_end
708,pkw,809.0,,991.0,,346.933,100.0,924.0,67.0,958.902,,,0.9324,0.0676,,False,on_map_at_end
709,pkw,809.0,,991.0,,398.169,100.0,881.0,110.0,915.235,,,0.889,0.111,,False,on_map_at_end
711,pkw,809.0,,991.0,,454.895,100.0,912.0,79.0,950.059,,,0.9203,0.0797,,False,on_map_at_end
712,pkw,811.0,,989.0,,447.394,99.0,911.0,78.0,948.734,,,0.9211,0.0789,,False,on_map_at_end
713,pkw,810.0,,990.0,,488.639,100.0,920.0,70.0,940.79,,,0.9293,0.0707,,False,on_map_at_end
714,pkw,811.0,,989.0,,433.558,90.0,911.0,78.0,941.517,,,0.9211,0.0789,,False,on_map_at_end
716,pkw,814.0,,986.0,,84.964,91.0,943.0,43.0,978.353,,,0.9564,0.0436,,False,on_map_at_end
718,pkw,812.0,,988.0,,1392.953,89.0,807.0,181.0,853.454,,,0.8168,0.1832,,False,on_map_at_end
721,pkw,815.0,,985.0,,390.668,100.0,878.0,107.0,920.92,,,0.8914,0.1086,,False,on_map_at_end
722,pkw,817.0,,983.0,,383.167,100.0,875.0,108.0,917.392,,,0.8901,0.1099,,False,on_map_at_end
723,pkw,815.0,,985.0,,303.666,100.0,911.0,74.0,935.151,,,0.9249,0.0751,,False,on_map_at_end
724,pkw,816.0,,984.0,,772.931,100.0,884.0,100.0,912.818,,,0.8984,0.1016,,False,on_map_at_end
725,pkw,816.0,,984.0,,158.017,100.0,944.0,40.0,963.207,,,0.9593,0.0407,,False,on_map_at_end
727,pkw,818.0,,982.0,,467.152,100.0,908.0,74.0,939.325,,,0.9246,0.0754,,False,on_map_at_end
728,pkw,822.0,,978.0,,439.893,95.0,900.0,78.0,938.409,,,0.9202,0.0798,,False,on_map_at_end
729,pkw,1044.0,,756.0,,54.35,100.0,710.0,46.0,751.108,,,0.9392,0.0608,,False,on_map_at_end
730,pkw,824.0,,976.0,,1401.048,100.0,793.0,183.0,849.904,,,0.8125,0.1875,,False,on_map_at_end
731,pkw,823.0,,977.0,,459.651,100.0,904.0,73.0,934.406,,,0.9253,0.0747,,False,on_map_at_end
732,pkw,823.0,,977.0,,432.392,95.0,901.0,76.0,938.084,,,0.9222,0.0778,,False,on_map_at_end
733,pkw,824.0,,976.0,,1952.106,100.0,727.0,249.0,795.901,,,0.7449,0.2551,,False,on_map_at_end
734,pkw,824.0,,976.0,,990.282,88.0,862.0,114.0,889.377,,,0.8832,0.1168,,False,on_map_at_end
736,pkw,825.0,,975.0,,360.163,100.0,913.0,62.0,942.22,,,0.9364,0.0636,,False,on_map_at_end
737,pkw,825.0,,975.0,,443.636,90.0,898.0,77.0,934.859,,,0.921,0.079,,False,on_map_at_end
738,pkw,826.0,,974.0,,825.235,100.0,861.0,113.0,899.522,,,0.884,0.116,,False,on_map_at_end
739,pkw,829.0,,971.0,,930.274,64.0,865.0,106.0,890.31,,,0.8908,0.1092,,False,on_map_at_end
74,pkw,134.0,,1666.0,,1793.019,50.0,1464.0,202.0,1495.971,,,0.8788,0.1212,,False,on_map_at_end
741,pkw,830.0,,970.0,,1311.193,100.0,684.0,286.0,704.731,,,0.7052,0.2948,,False,on_map_at_end
742,pkw,830.0,,970.0,,605.079,100.0,895.0,75.0,905.199,,,0.9227,0.0773,,False,on_map_at_end
743,pkw,831.0,,969.0,,424.891,94.0,894.0,75.0,930.759,,,0.9226,0.0774,,False,on_map_at_end
744,pkw,831.0,,969.0,,1129.758,100.0,839.0,130.0,864.611,,,0.8658,0.1342,,False,on_map_at_end
745,pkw,831.0,,969.0,,234.832,100.0,910.0,59.0,944.732,,,0.9391,0.0609,,False,on_map_at_end
746,pkw,832.0,,968.0,,1586.471,100.0,776.0,192.0,818.491,,,0.8017,0.1983,,False,on_map_at_end
747,pkw,834.0,,966.0,,529.898,100.0,871.0,95.0,915.431,,,0.9017,0.0983,,False,on_map_at_end
749,pkw,836.0,,964.0,,722.815,100.0,852.0,112.0,898.056,,,0.8838,0.1162,,False,on_map_at_end
750,pkw,837.0,,963.0,,514.896,100.0,859.0,104.0,905.317,,,0.892,0.108,,False,on_map_at_end
752,pkw,839.0,,961.0,,492.392,100.0,857.0,104.0,905.894,,,0.8918,0.1082,,False,on_map_at_end
753,pkw,840.0,,960.0,,876.613,76.0,833.0,127.0,877.135,,,0.8677,0.1323,,False,on_map_at_end
755,pkw,841.0,,959.0,,1293.585,100.0,787.0,172.0,842.175,,,0.8206,0.1794,,False,on_map_at_end
757,pkw,842.0,,958.0,,375.666,100.0,854.0,104.0,888.808,,,0.8914,0.1086,,False,on_map_at_end
76,pkw,136.0,,1664.0,,1979.388,95.0,1434.0,230.0,1485.785,,,0.8618,0.1382,,False,on_map_at_end
760,pkw,844.0,,956.0,,426.057,92.0,892.0,64.0,916.903,,,0.9331,0.0669,,False,on_map_at_end
761,pkw,845.0,,955.0,,417.39,91.0,876.0,79.0,917.435,,,0.9173,0.0827,,False,on_map_at_end
762,pkw,845.0,,955.0,,150.516,100.0,916.0,39.0,937.157,,,0.9592,0.0408,,False,on_map_at_end
763,pkw,845.0,,955.0,,716.908,87.0,859.0,96.0,856.296,,,0.8995,0.1005,,False,on_map_at_end
764,pkw,846.0,,954.0,,1404.464,100.0,793.0,161.0,827.597,,,0.8312,0.1688,,False,on_map_at_end
765,pkw,847.0,,953.0,,1406.159,100.0,735.0,218.0,807.268,,,0.7712,0.2288,,False,on_map_at_end
766,pkw,847.0,,953.0,,409.889,89.0,875.0,78.0,916.11,,,0.9182,0.0818,,False,on_map_at_end
767,pkw,849.0,,951.0,,101.212,100.0,922.0,29.0,942.431,,,0.9695,0.0305,,False,on_map_at_end
768,pkw,849.0,,951.0,,318.729,100.0,903.0,48.0,921.958,,,0.9495,0.0505,,False,on_map_at_end
769,pkw,849.0,,951.0,,1004.44,100.0,815.0,136.0,856.349,,,0.857,0.143,,False,on_map_at_end
77,pkw,137.0,,1663.0,,293.653,100.0,1578.0,85.0,1637.111,,,0.9489,0.0511,,False,on_map_at_end
770,pkw,850.0,,950.0,,869.112,78.0,820.0,130.0,863.046,,,0.8632,0.1368,,False,on_map_at_end
771,pkw,851.0,,949.0,,402.388,88.0,874.0,75.0,912.785,,,0.921,0.079,,False,on_map_at_end
773,pkw,851.0,,949.0,,219.83,100.0,885.0,64.0,924.218,,,0.9326,0.0674,,False,on_map_at_end
774,pkw,852.0,,948.0,,212.329,100.0,882.0,66.0,926.805,,,0.9304,0.0696,,False,on_map_at_end
775,pkw,854.0,,946.0,,368.165,100.0,841.0,105.0,879.504,,,0.889,0.111,,False,on_map_at_end
776,pkw,855.0,,945.0,,58.522,100.0,907.0,38.0,939.733,,,0.9598,0.0402,,False,on_map_at_end
778,pkw,856.0,,944.0,,563.414,100.0,838.0,106.0,886.967,,,0.8877,0.1123,,False,on_map_at_end
779,pkw,856.0,,944.0,,1902.076,100.0,702.0,242.0,770.146,,,0.7436,0.2564,,False,on_map_at_end
78,pkw,138.0,,1662.0,,753.297,100.0,1543.0,119.0,1585.97,,,0.9284,0.0716,,False,on_map_at_end
781,pkw,856.0,,944.0,,1912.688,100.0,696.0,248.0,771.191,,,0.7373,0.2627,,False,on_map_at_end
782,pkw,858.0,,942.0,,1398.658,100.0,729.0,213.0,802.015,,,0.7739,0.2261,,False,on_map_at_end
784,pkw,860.0,,940.0,,1599.758,100.0,755.0,185.0,795.446,,,0.8032,0.1968,,False,on_map_at_end
785,pkw,861.0,,939.0,,1396.963,91.0,780.0,159.0,813.272,,,0.8307,0.1693,,False,on_map_at_end
787,pkw,861.0,,939.0,,360.664,100.0,839.0,100.0,878.467,,,0.8935,0.1065,,False,on_map_at_end
789,pkw,863.0,,937.0,,555.913,100.0,834.0,103.0,882.506,,,0.8901,0.1099,,False,on_map_at_end
79,pkw,140.0,,1660.0,,799.599,100.0,1549.0,111.0,1575.554,,,0.9331,0.0669,,False,on_map_at_end
790,pkw,865.0,,935.0,,58.522,100.0,893.0,42.0,929.733,,,0.9551,0.0449,,False,on_map_at_end
791,pkw,866.0,,934.0,,353.163,100.0,831.0,103.0,869.455,,,0.8897,0.1103,,False,on_map_at_end
792,pkw,867.0,,933.0,,1592.257,100.0,750.0,183.0,788.792,,,0.8039,0.1961,,False,on_map_at_end
794,pkw,869.0,,931.0,,813.782,100.0,844.0,87.0,843.993,,,0.9066,0.0934,,False,on_map_at_end
795,pkw,873.0,,927.0,,989.438,100.0,795.0,132.0,829.91,,,0.8576,0.1424,,False,on_map_at_end
796,pkw,873.0,,927.0,,421.285,100.0,856.0,71.0,886.705,,,0.9234,0.0766,,False,on_map_at_end
798,pkw,877.0,,923.0,,810.233,100.0,806.0,117.0,849.857,,,0.8732,0.1268,,False,on_map_at_end
799,pkw,877.0,,923.0,,413.784,100.0,840.0,83.0,869.923,,,0.9101,0.0899,,False,on_map_at_end
80,pkw,142.0,,1658.0,,2219.044,100.0,1399.0,259.0,1447.289,,,0.8438,0.1562,,False,on_map_at_end
803,pkw,881.0,,919.0,,696.61,100.0,804.0,115.0,856.305,,,0.8749,0.1251,,False,on_map_at_end
804,pkw,881.0,,919.0,,1215.619,91.0,756.0,163.0,802.54,,,0.8226,0.1774,,False,on_map_at_end
805,pkw,881.0,,919.0,,238.655,100.0,856.0,63.0,897.521,,,0.9314,0.0686,,False,on_map_at_end
806,pkw,882.0,,918.0,,1108.998,100.0,783.0,135.0,809.481,,,0.8529,0.1471,,False,on_map_at_end
807,pkw,883.0,,917.0,,676.768,100.0,835.0,82.0,852.21,,,0.9106,0.0894,,False,on_map_at_end
809,pkw,886.0,,914.0,,299.049,100.0,871.0,43.0,887.085,,,0.953,0.047,,False,on_map_at_end
811,pkw,886.0,,914.0,,1584.756,100.0,748.0,166.0,771.078,,,0.8184,0.1816,,False,on_map_at_end
812,pkw,887.0,,913.0,,1274.71,100.0,771.0,142.0,797.109,,,0.8445,0.1555,,False,on_map_at_end
813,pkw,887.0,,913.0,,394.887,87.0,835.0,78.0,877.46,,,0.9146,0.0854,,False,on_map_at_end
814,pkw,890.0,,910.0,,159.821,100.0,852.0,58.0,894.285,,,0.9363,0.0637,,False,on_map_at_end
815,pkw,890.0,,910.0,,345.662,100.0,815.0,95.0,854.072,,,0.8956,0.1044,,False,on_map_at_end
816,pkw,890.0,,910.0,,940.5,100.0,779.0,131.0,818.131,,,0.856,0.144,,False,on_map_at_end
818,pkw,891.0,,909.0,,144.819,100.0,858.0,51.0,893.225,,,0.9439,0.0561,,False,on_map_at_end
82,pkw,145.0,,1655.0,,792.098,100.0,1541.0,114.0,1573.978,,,0.9311,0.0689,,False,on_map_at_end
822,pkw,891.0,,909.0,,1910.451,100.0,658.0,251.0,734.532,,,0.7239,0.2761,,False,on_map_at_end
824,pkw,894.0,,906.0,,477.39,100.0,817.0,89.0,853.031,,,0.9018,0.0982,,False,on_map_at_end
825,pkw,894.0,,906.0,,387.386,86.0,830.0,76.0,871.135,,,0.9161,0.0839,,False,on_map_at_end
826,pkw,895.0,,905.0,,338.161,100.0,802.0,103.0,843.578,,,0.8862,0.1138,,False,on_map_at_end
828,pkw,898.0,,902.0,,553.879,100.0,810.0,92.0,849.926,,,0.898,0.102,,False,on_map_at_end
830,pkw,899.0,,901.0,,413.632,89.0,827.0,74.0,863.508,,,0.9179,0.0821,,False,on_map_at_end
831,pkw,899.0,,901.0,,32.304,89.0,863.0,38.0,897.706,,,0.9578,0.0422,,False,on_map_at_end
832,pkw,901.0,,899.0,,898.459,87.0,782.0,117.0,818.138,,,0.8699,0.1301,,False,on_map_at_end
833,pkw,901.0,,899.0,,379.885,86.0,817.0,82.0,862.106,,,0.9088,0.0912,,False,on_map_at_end
834,pkw,902.0,,898.0,,330.159,100.0,840.0,58.0,867.475,,,0.9354,0.0646,,False,on_map_at_end
835,pkw,902.0,,898.0,,1154.474,100.0,705.0,193.0,773.593,,,0.7851,0.2149,,False,on_map_at_end
836,pkw,1027.0,,773.0,,51.021,100.0,736.0,37.0,768.408,,,0.9521,0.0479,,False,on_map_at_end
838,pkw,903.0,,897.0,,1243.659,100.0,712.0,185.0,781.044,,,0.7938,0.2062,,False,on_map_at_end
839,pkw,903.0,,897.0,,1460.655,100.0,674.0,223.0,736.265,,,0.7514,0.2486,,False,on_map_at_end
84,pkw,150.0,,1650.0,,1446.509,100.0,1483.0,167.0,1519.081,,,0.8988,0.1012,,False,on_map_at_end
840,pkw,904.0,,896.0,,1947.96,100.0,648.0,248.0,717.159,,,0.7232,0.2768,,False,on_map_at_end
841,pkw,904.0,,896.0,,146.867,97.0,864.0,32.0,864.304,,,0.9643,0.0357,,False,on_map_at_end
843,pkw,905.0,,895.0,,2002.797,90.0,667.0,228.0,713.059,,,0.7453,0.2547,,False,on_map_at_end
844,pkw,905.0,,895.0,,1227.28,68.0,542.0,353.0,563.336,,,0.6056,0.3944,,False,on_map_at_end
845,pkw,905.0,,895.0,,1110.107,100.0,747.0,148.0,777.897,,,0.8346,0.1654,,False,on_map_at_end
847,pkw,907.0,,893.0,,363.389,100.0,838.0,55.0,842.765,,,0.9384,0.0616,,False,on_map_at_end
851,pkw,910.0,,890.0,,330.66,100.0,794.0,96.0,832.667,,,0.8921,0.1079,,False,on_map_at_end
853,pkw,1042.0,,758.0,,43.52,100.0,727.0,31.0,754.083,,,0.9591,0.0409,,False,on_map_at_end
855,pkw,912.0,,888.0,,415.909,100.0,834.0,54.0,848.622,,,0.9392,0.0608,,False,on_map_at_end
858,pkw,914.0,,886.0,,1577.255,100.0,718.0,168.0,743.68,,,0.8104,0.1896,,False,on_map_at_end
859,pkw,916.0,,884.0,,406.131,89.0,807.0,77.0,847.173,,,0.9129,0.0871,,False,on_map_at_end
861,pkw,915.0,,885.0,,1453.095,100.0,698.0,187.0,724.43,,,0.7887,0.2113,,False,on_map_at_end
862,pkw,915.0,,885.0,,795.719,100.0,760.0,125.0,813.385,,,0.8588,0.1412,,False,on_map_at_end
863,pkw,915.0,,885.0,,323.159,100.0,788.0,97.0,833.732,,,0.8904,0.1096,,False,on_map_at_end
864,pkw,919.0,,881.0,,1569.754,100.0,710.0,171.0,738.788,,,0.8059,0.1941,,False,on_map_at_end
865,pkw,918.0,,882.0,,79.698,100.0,847.0,35.0,841.569,,,0.9603,0.0397,,False,on_map_at_end
866,pkw,919.0,,881.0,,1396.963,100.0,719.0,162.0,755.272,,,0.8161,0.1839,,False,on_map_at_end
867,pkw,922.0,,878.0,,1562.253,100.0,707.0,171.0,736.715,,,0.8052,0.1948,,False,on_map_at_end
868,pkw,919.0,,881.0,,1264.629,100.0,680.0,201.0,754.95,,,0.7719,0.2281,,False,on_map_at_end
869,pkw,919.0,,881.0,,1389.462,91.0,720.0,161.0,755.947,,,0.8173,0.1827,,False,on_map_at_end
870,pkw,920.0,,880.0,,64.696,100.0,849.0,31.0,840.858,,,0.9648,0.0352,,False,on_map_at_end
871,pkw,920.0,,880.0,,844.708,86.0,756.0,124.0,796.795,,,0.8591,0.1409,,False,on_map_at_end
872,pkw,922.0,,878.0,,2192.187,95.0,634.0,244.0,666.227,,,0.7221,0.2779,,False,on_map_at_end
875,pkw,922.0,,878.0,,251.054,100.0,809.0,69.0,855.405,,,0.9214,0.0786,,False,on_map_at_end
876,pkw,922.0,,878.0,,143.015,100.0,846.0,32.0,860.004,,,0.9636,0.0364,,False,on_map_at_end
878,pkw,925.0,,875.0,,384.179,96.0,814.0,61.0,840.424,,,0.9303,0.0697,,False,on_map_at_end
879,pkw,924.0,,876.0,,1385.846,100.0,729.0,147.0,750.413,,,0.8322,0.1678,,False,on_map_at_end
88,pkw,166.0,,1634.0,,1795.225,100.0,1423.0,211.0,1462.597,,,0.8709,0.1291,,False,on_map_at_end
882,pkw,925.0,,875.0,,802.732,100.0,767.0,108.0,802.204,,,0.8766,0.1234,,False,on_map_at_end
883,pkw,925.0,,875.0,,1662.857,100.0,681.0,194.0,710.919,,,0.7783,0.2217,,False,on_map_at_end
884,pkw,926.0,,874.0,,216.152,100.0,821.0,53.0,854.546,,,0.9394,0.0606,,False,on_map_at_end
885,pkw,927.0,,873.0,,780.717,100.0,748.0,125.0,802.735,,,0.8568,0.1432,,False,on_map_at_end
886,pkw,927.0,,873.0,,1374.46,89.0,711.0,162.0,749.297,,,0.8144,0.1856,,False,on_map_at_end
887,pkw,928.0,,872.0,,974.435,100.0,745.0,127.0,782.494,,,0.8544,0.1456,,False,on_map_at_end
888,pkw,1046.0,,754.0,,36.019,100.0,725.0,29.0,750.758,,,0.9615,0.0385,,False,on_map_at_end
889,pkw,928.0,,872.0,,815.185,100.0,746.0,126.0,772.996,,,0.8555,0.1445,,False,on_map_at_end
890,pkw,932.0,,868.0,,372.384,85.0,789.0,79.0,834.485,,,0.909,0.091,,False,on_map_at_end
891,pkw,932.0,,868.0,,1389.462,100.0,706.0,162.0,742.947,,,0.8134,0.1866,,False,on_map_at_end
893,pkw,932.0,,868.0,,1343.517,100.0,681.0,187.0,747.082,,,0.7846,0.2154,,False,on_map_at_end
894,pkw,933.0,,867.0,,236.052,100.0,796.0,71.0,845.755,,,0.9181,0.0819,,False,on_map_at_end
898,pkw,934.0,,866.0,,2184.686,95.0,630.0,236.0,663.034,,,0.7275,0.2725,,False,on_map_at_end
899,pkw,935.0,,865.0,,522.637,100.0,791.0,74.0,817.962,,,0.9145,0.0855,,False,on_map_at_end
9,pkw,12.0,,1788.0,,1439.469,96.0,1621.0,167.0,1656.896,,,0.9066,0.0934,,False,on_map_at_end
90,pkw,171.0,,1629.0,,1701.487,100.0,1435.0,194.0,1474.467,,,0.8809,0.1191,,False,on_map_at_end
900,pkw,935.0,,865.0,,485.576,100.0,782.0,83.0,818.426,,,0.904,0.096,,False,on_map_at_end
901,pkw,935.0,,865.0,,437.078,100.0,788.0,77.0,824.81,,,0.911,0.089,,False,on_map_at_end
902,pkw,936.0,,864.0,,1366.959,89.0,702.0,162.0,740.972,,,0.8125,0.1875,,False,on_map_at_end
903,pkw,936.0,,864.0,,704.182,100.0,761.0,103.0,783.227,,,0.8808,0.1192,,False,on_map_at_end
905,pkw,938.0,,862.0,,1012.693,100.0,691.0,171.0,762.282,,,0.8016,0.1984,,False,on_map_at_end
906,pkw,938.0,,862.0,,1035.587,24.0,715.0,147.0,757.43,,,0.8295,0.1705,,False,on_map_at_end
907,pkw,939.0,,861.0,,665.033,100.0,726.0,135.0,784.977,,,0.8432,0.1568,,False,on_map_at_end
909,pkw,939.0,,861.0,,296.226,100.0,814.0,47.0,834.064,,,0.9454,0.0546,,False,on_map_at_end
910,pkw,939.0,,861.0,,980.046,95.0,737.0,124.0,755.07,,,0.856,0.144,,False,on_map_at_end
911,pkw,941.0,,859.0,,355.888,100.0,796.0,63.0,809.267,,,0.9267,0.0733,,False,on_map_at_end
912,pkw,942.0,,858.0,,399.636,91.0,793.0,65.0,822.032,,,0.9242,0.0758,,False,on_map_at_end
913,pkw,942.0,,858.0,,208.651,100.0,808.0,50.0,839.221,,,0.9417,0.0583,,False,on_map_at_end
914,pkw,943.0,,857.0,,57.195,100.0,825.0,32.0,827.852,,,0.9627,0.0373,,False,on_map_at_end
915,pkw,943.0,,857.0,,1381.961,100.0,697.0,160.0,732.622,,,0.8133,0.1867,,False,on_map_at_end
916,pkw,943.0,,857.0,,123.079,100.0,818.0,39.0,839.37,,,0.9545,0.0455,,False,on_map_at_end
917,pkw,943.0,,857.0,,364.883,85.0,779.0,78.0,824.16,,,0.909,0.091,,False,on_map_at_end
918,pkw,944.0,,856.0,,324.43,100.0,791.0,65.0,825.99,,,0.9241,0.0759,,False,on_map_at_end
919,pkw,944.0,,856.0,,208.651,100.0,789.0,67.0,837.221,,,0.9217,0.0783,,False,on_map_at_end
92,pkw,175.0,,1625.0,,2346.226,100.0,1347.0,278.0,1414.074,,,0.8289,0.1711,,False,on_map_at_end
920,pkw,945.0,,855.0,,807.619,97.0,744.0,111.0,764.086,,,0.8702,0.1298,,False,on_map_at_end
921,pkw,945.0,,855.0,,115.578,100.0,813.0,42.0,842.078,,,0.9509,0.0491,,False,on_map_at_end
922,pkw,946.0,,854.0,,65.863,100.0,836.0,18.0,848.072,,,0.9789,0.0211,,False,on_map_at_end
923,pkw,949.0,,851.0,,357.382,85.0,774.0,77.0,818.835,,,0.9095,0.0905,,False,on_map_at_end
924,pkw,949.0,,851.0,,1374.46,100.0,690.0,161.0,727.297,,,0.8108,0.1892,,False,on_map_at_end
927,pkw,949.0,,851.0,,49.694,100.0,814.0,37.0,828.527,,,0.9565,0.0435,,False,on_map_at_end
929,pkw,951.0,,849.0,,1117.318,100.0,719.0,130.0,748.153,,,0.8469,0.1531,,False,on_map_at_end
93,pkw,176.0,,1624.0,,943.609,100.0,1487.0,137.0,1518.071,,,0.9156,0.0844,,False,on_map_at_end
930,pkw,951.0,,849.0,,1499.487,100.0,623.0,226.0,697.593,,,0.7338,0.2662,,False,on_map_at_end
931,pkw,952.0,,848.0,,495.905,100.0,745.0,103.0,797.156,,,0.8785,0.1215,,False,on_map_at_end
932,pkw,954.0,,846.0,,789.607,100.0,752.0,94.0,773.748,,,0.8889,0.1111,,False,on_map_at_end
933,pkw,954.0,,846.0,,2087.601,6.0,614.0,232.0,644.786,,,0.7258,0.2742,,False,on_map_at_end
934,pkw,955.0,,845.0,,743.212,100.0,723.0,122.0,778.11,,,0.8556,0.1444,,False,on_map_at_end
935,pkw,955.0,,845.0,,309.427,100.0,781.0,64.0,816.301,,,0.9243,0.0757,,False,on_map_at_end
936,pkw,956.0,,844.0,,325.478,100.0,793.0,51.0,814.257,,,0.9396,0.0604,,False,on_map_at_end
937,pkw,956.0,,844.0,,398.782,100.0,755.0,89.0,789.111,,,0.8945,0.1055,,False,on_map_at_end
938,pkw,956.0,,844.0,,1008.512,18.0,714.0,130.0,750.212,,,0.846,0.154,,False,on_map_at_end
942,pkw,1137.0,,663.0,,1129.517,100.0,518.0,145.0,550.683,,,0.7813,0.2187,,False,on_map_at_end
943,pkw,958.0,,842.0,,1744.365,89.0,644.0,198.0,684.249,,,0.7648,0.2352,,False,on_map_at_end
944,pkw,959.0,,841.0,,442.719,100.0,767.0,74.0,790.009,,,0.912,0.088,,False,on_map_at_end
946,pkw,962.0,,838.0,,2619.304,92.0,557.0,281.0,597.788,,,0.6647,0.3353,,False,on_map_at_end
947,pkw,960.0,,840.0,,349.881,85.0,761.0,79.0,808.51,,,0.906,0.094,,False,on_map_at_end
948,pkw,963.0,,837.0,,1827.066,100.0,596.0,241.0,669.239,,,0.7121,0.2879,,False,on_map_at_end
949,pkw,963.0,,837.0,,316.929,100.0,757.0,80.0,806.988,,,0.9044,0.0956,,False,on_map_at_end
95,pkw,181.0,,1619.0,,789.988,79.0,1490.0,129.0,1548.008,,,0.9203,0.0797,,False,on_map_at_end
950,pkw,963.0,,837.0,,201.15,100.0,768.0,69.0,818.896,,,0.9176,0.0824,,False,on_map_at_end
951,pkw,964.0,,836.0,,959.433,100.0,704.0,132.0,745.578,,,0.8421,0.1579,,False,on_map_at_end
952,pkw,964.0,,836.0,,108.077,100.0,796.0,40.0,821.805,,,0.9522,0.0478,,False,on_map_at_end
954,pkw,965.0,,835.0,,429.578,100.0,749.0,86.0,795.654,,,0.897,0.103,,False,on_map_at_end
955,pkw,965.0,,835.0,,86.808,100.0,818.0,17.0,818.724,,,0.9796,0.0204,,False,on_map_at_end
956,pkw,965.0,,835.0,,1139.472,100.0,657.0,178.0,723.612,,,0.7868,0.2132,,False,on_map_at_end
957,pkw,966.0,,834.0,,515.136,100.0,764.0,70.0,787.637,,,0.9161,0.0839,,False,on_map_at_end
958,pkw,967.0,,833.0,,342.38,85.0,754.0,79.0,802.186,,,0.9052,0.0948,,False,on_map_at_end
959,pkw,967.0,,833.0,,488.404,100.0,728.0,105.0,783.465,,,0.8739,0.1261,,False,on_map_at_end
960,pkw,968.0,,832.0,,250.298,100.0,757.0,75.0,809.473,,,0.9099,0.0901,,False,on_map_at_end
961,pkw,968.0,,832.0,,1366.959,100.0,672.0,160.0,708.972,,,0.8077,0.1923,,False,on_map_at_end
963,pkw,970.0,,830.0,,301.926,100.0,778.0,52.0,801.902,,,0.9373,0.0627,,False,on_map_at_end
965,pkw,973.0,,827.0,,1096.188,90.0,691.0,136.0,726.728,,,0.8356,0.1644,,False,on_map_at_end
966,pkw,973.0,,827.0,,435.218,100.0,757.0,70.0,778.575,,,0.9154,0.0846,,False,on_map_at_end
969,pkw,975.0,,825.0,,391.281,100.0,745.0,80.0,781.423,,,0.903,0.097,,False,on_map_at_end
97,pkw,183.0,,1617.0,,1830.506,100.0,1366.0,251.0,1442.469,,,0.8448,0.1552,,False,on_map_at_end
971,pkw,978.0,,822.0,,235.296,100.0,748.0,74.0,800.823,,,0.91,0.09,,False,on_map_at_end
972,pkw,978.0,,822.0,,1359.458,89.0,670.0,152.0,699.648,,,0.8151,0.1849,,False,on_map_at_end
973,pkw,980.0,,820.0,,651.674,94.0,723.0,97.0,743.507,,,0.8817,0.1183,,False,on_map_at_end
974,pkw,980.0,,820.0,,383.779,100.0,738.0,82.0,777.369,,,0.9,0.1,,False,on_map_at_end
975,pkw,981.0,,819.0,,315.658,100.0,719.0,100.0,751.733,,,0.8779,0.1221,,False,on_map_at_end
976,pkw,982.0,,818.0,,334.879,85.0,740.0,78.0,787.861,,,0.9046,0.0954,,False,on_map_at_end
977,pkw,982.0,,818.0,,400.907,100.0,754.0,64.0,780.444,,,0.9218,0.0782,,False,on_map_at_end
98,pkw,184.0,,1616.0,,981.858,100.0,1461.0,155.0,1518.565,,,0.9041,0.0959,,False,on_map_at_end
980,pkw,984.0,,816.0,,1359.458,99.0,659.0,157.0,693.648,,,0.8076,0.1924,,False,on_map_at_end
981,pkw,984.0,,816.0,,1099.772,100.0,673.0,143.0,706.233,,,0.8248,0.1752,,False,on_map_at_end
982,pkw,985.0,,815.0,,1602.747,48.0,498.0,317.0,527.32,,,0.611,0.389,,False,on_map_at_end
983,pkw,1347.0,,453.0,,28.518,100.0,429.0,24.0,450.433,,,0.947,0.053,,False,on_map_at_end
984,pkw,986.0,,814.0,,327.378,85.0,737.0,77.0,784.536,,,0.9054,0.0946,,False,on_map_at_end
986,pkw,987.0,,813.0,,72.197,100.0,791.0,22.0,788.502,,,0.9729,0.0271,,False,on_map_at_end
987,pkw,989.0,,811.0,,100.253,100.0,772.0,39.0,784.977,,,0.9519,0.0481,,False,on_map_at_end
988,pkw,989.0,,811.0,,319.877,84.0,733.0,78.0,782.211,,,0.9038,0.0962,,False,on_map_at_end
989,pkw,990.0,,810.0,,269.045,100.0,759.0,51.0,785.786,,,0.937,0.063,,False,on_map_at_end
99,pkw,187.0,,1613.0,,586.836,100.0,1537.0,76.0,1554.293,,,0.9529,0.0471,,False,on_map_at_end
990,pkw,990.0,,810.0,,1442.978,100.0,652.0,158.0,674.97,,,0.8049,0.1951,,False,on_map_at_end
991,pkw,991.0,,809.0,,1340.446,90.0,644.0,165.0,681.487,,,0.796,0.204,,False,on_map_at_end
992,pkw,1141.0,,659.0,,387.449,100.0,562.0,97.0,564.62,,,0.8528,0.1472,,False,on_map_at_end
993,pkw,991.0,,809.0,,368.777,100.0,728.0,81.0,763.671,,,0.8999,0.1001,,False,on_map_at_end
994,pkw,991.0,,809.0,,376.678,95.0,749.0,60.0,775.099,,,0.9258,0.0742,,False,on_map_at_end
995,pkw,991.0,,809.0,,295.474,100.0,755.0,54.0,781.952,,,0.9333,0.0667,,False,on_map_at_end
997,pkw,992.0,,808.0,,465.901,100.0,696.0,112.0,758.54,,,0.8614,0.1386,,False,on_map_at_end
999,pkw,1219.0,,581.0,,471.332,100.0,521.0,60.0,539.03,,,0.8967,0.1033,,False,on_map_at_end
