vehicle_id,vehicle_type,enter_time_s,departure_time_s,travel_time_s,route_distance_m,distance_traveled_m,accumulated_waiting_time_s,custom_wait_s,moving_time_s,time_loss_s,free_flow_time_s,delay_s,waiting_fraction,moving_fraction,schedule_efficiency,completed_trip,trip_status
17,car,24.0,98.0,74.0,,780.504,0.0,0.0,74.0,2.564,,,0.0,1.0,,True,completed
15,truck,20.0,119.0,99.0,,732.39,1.0,1.0,98.0,9.078,,,0.0101,0.9899,,True,completed
32,car,51.0,122.0,71.0,,592.914,2.0,2.0,69.0,15.654,,,0.0282,0.9718,,True,completed
43,car,74.0,124.0,50.0,,376.727,0.0,0.0,50.0,3.138,,,0.0,1.0,,True,completed
13,car,18.0,138.0,120.0,,955.439,8.0,8.0,112.0,30.515,,,0.0667,0.9333,,True,completed
6,car,7.0,158.0,151.0,,1608.846,0.0,0.0,151.0,5.202,,,0.0,1.0,,True,completed
3,car,3.0,161.0,158.0,,1504.771,0.0,3.0,155.0,18.38,,,0.019,0.981,,True,completed
1,car,2.0,177.0,175.0,,1588.892,0.0,0.0,175.0,21.422,,,0.0,1.0,,True,completed
41,car,70.0,183.0,113.0,,984.64,6.0,6.0,107.0,17.322,,,0.0531,0.9469,,True,completed
51,car,91.0,210.0,119.0,,1063.16,0.0,0.0,119.0,17.039,,,0.0,1.0,,True,completed
29,car,49.0,218.0,169.0,,1578.795,0.0,6.0,163.0,25.264,,,0.0355,0.9645,,True,completed
59,car,103.0,219.0,116.0,,888.996,0.0,0.0,116.0,10.004,,,0.0,1.0,,True,completed
14,car,19.0,225.0,206.0,,2100.16,0.0,0.0,206.0,15.465,,,0.0,1.0,,True,completed
5,truck,5.0,232.0,227.0,,1580.163,0.0,8.0,219.0,26.612,,,0.0352,0.9648,,True,completed
8,car,9.0,235.0,226.0,,1659.16,0.0,10.0,216.0,26.697,,,0.0442,0.9558,,True,completed
47,car,84.0,237.0,153.0,,1411.997,0.0,0.0,153.0,14.595,,,0.0,1.0,,True,completed
7,car,9.0,239.0,230.0,,2217.131,0.0,0.0,230.0,22.857,,,0.0,1.0,,True,completed
24,car,36.0,244.0,208.0,,1919.56,8.0,8.0,200.0,23.757,,,0.0385,0.9615,,True,completed
23,car,36.0,245.0,209.0,,1967.062,6.0,6.0,203.0,29.171,,,0.0287,0.9713,,True,completed
88,car,152.0,247.0,95.0,,732.555,15.0,15.0,80.0,28.069,,,0.1579,0.8421,,True,completed
37,car,59.0,256.0,197.0,,1868.283,0.0,0.0,197.0,19.601,,,0.0,1.0,,True,completed
0,truck,2.0,262.0,260.0,,1692.952,0.0,40.0,220.0,55.512,,,0.1538,0.8462,,True,completed
35,truck,55.0,264.0,209.0,,1351.711,22.0,23.0,186.0,45.049,,,0.11,0.89,,True,completed
48,car,84.0,268.0,184.0,,1599.121,0.0,5.0,179.0,29.247,,,0.0272,0.9728,,True,completed
74,car,134.0,270.0,136.0,,1201.291,2.0,2.0,134.0,23.436,,,0.0147,0.9853,,True,completed
57,car,100.0,271.0,171.0,,1589.908,0.0,0.0,171.0,20.561,,,0.0,1.0,,True,completed
19,car,28.0,272.0,244.0,,2217.821,18.0,18.0,226.0,41.989,,,0.0738,0.9262,,True,completed
33,car,52.0,274.0,222.0,,1693.893,0.0,8.0,214.0,33.273,,,0.036,0.964,,True,completed
95,truck,168.0,277.0,109.0,,681.178,7.0,7.0,102.0,25.74,,,0.0642,0.9358,,True,completed
80,truck,138.0,279.0,141.0,,1013.247,8.0,8.0,133.0,8.826,,,0.0567,0.9433,,True,completed
76,car,136.0,280.0,144.0,,1524.888,0.0,0.0,144.0,4.647,,,0.0,1.0,,True,completed
63,car,114.0,283.0,169.0,,1443.747,15.0,15.0,154.0,34.606,,,0.0888,0.9112,,True,completed
27,car,41.0,288.0,247.0,,2159.261,8.0,25.0,222.0,39.984,,,0.1012,0.8988,,True,completed
10,truck,12.0,291.0,279.0,,1960.185,0.0,19.0,260.0,41.915,,,0.0681,0.9319,,True,completed
102,car,182.0,293.0,111.0,,688.606,26.0,26.0,85.0,46.643,,,0.2342,0.7658,,True,completed
9,car,11.0,294.0,283.0,,2255.477,0.0,44.0,239.0,77.231,,,0.1555,0.8445,,True,completed
116,car,212.0,297.0,85.0,,645.94,0.0,0.0,85.0,7.874,,,0.0,1.0,,True,completed
109,car,195.0,300.0,105.0,,887.509,3.0,3.0,102.0,18.283,,,0.0286,0.9714,,True,completed
81,car,140.0,301.0,161.0,,1271.794,29.0,29.0,132.0,39.868,,,0.1801,0.8199,,True,completed
83,car,144.0,302.0,158.0,,1265.313,9.0,15.0,143.0,41.542,,,0.0949,0.9051,,True,completed
34,car,54.0,303.0,249.0,,2299.118,0.0,3.0,246.0,31.494,,,0.012,0.988,,True,completed
64,car,115.0,306.0,191.0,,1388.874,0.0,18.0,173.0,35.889,,,0.0942,0.9058,,True,completed
53,car,93.0,309.0,216.0,,1686.267,9.0,33.0,183.0,62.42,,,0.1528,0.8472,,True,completed
124,car,231.0,316.0,85.0,,539.956,8.0,8.0,77.0,35.062,,,0.0941,0.9059,,True,completed
38,car,65.0,317.0,252.0,,1835.546,0.0,31.0,221.0,64.341,,,0.123,0.877,,True,completed
122,car,224.0,322.0,98.0,,746.755,5.0,5.0,93.0,25.901,,,0.051,0.949,,True,completed
56,car,100.0,322.0,222.0,,1629.889,27.0,27.0,195.0,56.864,,,0.1216,0.8784,,True,completed
45,truck,80.0,323.0,243.0,,1393.313,26.0,55.0,188.0,74.39,,,0.2263,0.7737,,True,completed
60,truck,106.0,323.0,217.0,,1407.518,13.0,25.0,192.0,46.514,,,0.1152,0.8848,,True,completed
36,car,56.0,325.0,269.0,,2337.009,0.0,11.0,258.0,44.222,,,0.0409,0.9591,,True,completed
89,car,153.0,330.0,177.0,,1524.367,0.0,10.0,167.0,35.503,,,0.0565,0.9435,,True,completed
117,car,215.0,334.0,119.0,,726.603,28.0,29.0,90.0,51.268,,,0.2437,0.7563,,True,completed
144,car,261.0,336.0,75.0,,526.671,4.0,5.0,70.0,26.263,,,0.0667,0.9333,,True,completed
69,car,124.0,338.0,214.0,,1469.751,14.0,27.0,187.0,74.235,,,0.1262,0.8738,,True,completed
25,truck,38.0,344.0,306.0,,2140.435,8.0,13.0,293.0,48.045,,,0.0425,0.9575,,True,completed
58,car,101.0,346.0,245.0,,1660.393,29.0,50.0,195.0,94.13,,,0.2041,0.7959,,True,completed
26,car,39.0,351.0,312.0,,2636.074,29.0,35.0,277.0,63.832,,,0.1122,0.8878,,True,completed
90,truck,154.0,351.0,197.0,,1432.548,1.0,1.0,196.0,24.025,,,0.0051,0.9949,,True,completed
78,car,137.0,354.0,217.0,,1519.364,20.0,27.0,190.0,72.574,,,0.1244,0.8756,,True,completed
118,car,216.0,356.0,140.0,,1239.537,0.0,5.0,135.0,25.762,,,0.0357,0.9643,,True,completed
145,truck,262.0,359.0,97.0,,661.035,8.0,8.0,89.0,16.644,,,0.0825,0.9175,,True,completed
114,car,209.0,361.0,152.0,,1396.838,1.0,1.0,151.0,18.94,,,0.0066,0.9934,,True,completed
61,car,110.0,366.0,256.0,,1965.901,5.0,39.0,217.0,76.594,,,0.1523,0.8477,,True,completed
20,truck,30.0,368.0,338.0,,1380.325,53.0,150.0,188.0,170.94,,,0.4438,0.5562,,True,completed
111,car,202.0,370.0,168.0,,1476.339,7.0,7.0,161.0,33.064,,,0.0417,0.9583,,True,completed
62,car,111.0,370.0,259.0,,2443.876,0.0,8.0,251.0,36.617,,,0.0309,0.9691,,True,completed
11,car,15.0,373.0,358.0,,2570.121,1.0,64.0,294.0,98.469,,,0.1788,0.8212,,True,completed
180,truck,320.0,376.0,56.0,,439.762,0.0,0.0,56.0,2.207,,,0.0,1.0,,True,completed
67,car,118.0,376.0,258.0,,2542.753,1.0,1.0,257.0,26.437,,,0.0039,0.9961,,True,completed
86,car,149.0,377.0,228.0,,1823.025,0.0,7.0,221.0,49.634,,,0.0307,0.9693,,True,completed
92,car,160.0,377.0,217.0,,1495.541,0.0,37.0,180.0,68.942,,,0.1705,0.8295,,True,completed
71,car,128.0,378.0,250.0,,2104.946,9.0,13.0,237.0,45.589,,,0.052,0.948,,True,completed
94,car,166.0,380.0,214.0,,1827.019,5.0,5.0,209.0,34.184,,,0.0234,0.9766,,True,completed
31,car,53.0,381.0,328.0,,2531.586,0.0,41.0,287.0,98.307,,,0.125,0.875,,True,completed
115,truck,211.0,383.0,172.0,,1032.323,28.0,28.0,144.0,46.064,,,0.1628,0.8372,,True,completed
149,car,269.0,384.0,115.0,,1142.03,0.0,0.0,115.0,6.426,,,0.0,1.0,,True,completed
82,car,142.0,384.0,242.0,,2153.809,3.0,4.0,238.0,33.372,,,0.0165,0.9835,,True,completed
22,car,35.0,385.0,350.0,,2993.013,0.0,32.0,318.0,74.324,,,0.0914,0.9086,,True,completed
55,truck,98.0,386.0,288.0,,2119.577,0.0,0.0,288.0,16.643,,,0.0,1.0,,True,completed
179,car,320.0,389.0,69.0,,737.538,0.0,0.0,69.0,1.621,,,0.0,1.0,,True,completed
93,car,165.0,390.0,225.0,,1626.49,5.0,11.0,214.0,69.248,,,0.0489,0.9511,,True,completed
119,car,218.0,391.0,173.0,,1691.797,0.0,1.0,172.0,17.116,,,0.0058,0.9942,,True,completed
99,car,176.0,392.0,216.0,,1031.261,69.0,71.0,145.0,92.783,,,0.3287,0.6713,,True,completed
44,car,75.0,395.0,320.0,,2671.721,0.0,43.0,277.0,75.31,,,0.1344,0.8656,,True,completed
18,car,27.0,397.0,370.0,,2807.064,0.0,28.0,342.0,102.163,,,0.0757,0.9243,,True,completed
46,car,82.0,401.0,319.0,,2747.716,3.0,21.0,298.0,57.553,,,0.0658,0.9342,,True,completed
158,car,294.0,403.0,109.0,,1174.863,0.0,0.0,109.0,2.261,,,0.0,1.0,,True,completed
96,car,171.0,407.0,236.0,,2255.282,17.0,17.0,219.0,31.039,,,0.072,0.928,,True,completed
143,car,274.0,410.0,136.0,,901.377,2.0,15.0,121.0,43.608,,,0.1103,0.8897,,True,completed
84,car,144.0,410.0,266.0,,2391.269,0.0,5.0,261.0,40.44,,,0.0188,0.9812,,True,completed
133,car,241.0,411.0,170.0,,1327.897,7.0,17.0,153.0,46.626,,,0.1,0.9,,True,completed
50,truck,90.0,414.0,324.0,,2228.585,0.0,22.0,302.0,55.024,,,0.0679,0.9321,,True,completed
106,car,191.0,417.0,226.0,,2347.266,0.0,0.0,226.0,11.876,,,0.0,1.0,,True,completed
219,car,374.0,420.0,46.0,,379.47,0.0,0.0,46.0,2.971,,,0.0,1.0,,True,completed
173,car,314.0,436.0,122.0,,940.944,5.0,24.0,98.0,36.126,,,0.1967,0.8033,,True,completed
150,truck,273.0,442.0,169.0,,970.948,39.0,39.0,130.0,50.895,,,0.2308,0.7692,,True,completed
107,car,191.0,443.0,252.0,,1976.797,1.0,11.0,241.0,48.634,,,0.0437,0.9563,,True,completed
139,car,250.0,450.0,200.0,,1898.565,0.0,4.0,196.0,23.27,,,0.02,0.98,,True,completed
167,car,305.0,452.0,147.0,,1444.079,3.0,3.0,144.0,15.66,,,0.0204,0.9796,,True,completed
101,car,181.0,453.0,272.0,,2336.384,0.0,12.0,260.0,53.356,,,0.0441,0.9559,,True,completed
130,truck,240.0,453.0,213.0,,1471.06,0.0,15.0,198.0,34.377,,,0.0704,0.9296,,True,completed
201,car,343.0,453.0,110.0,,1074.936,1.0,1.0,109.0,12.044,,,0.0091,0.9909,,True,completed
198,car,339.0,454.0,115.0,,1019.259,6.0,6.0,109.0,21.948,,,0.0522,0.9478,,True,completed
72,car,129.0,463.0,334.0,,2810.883,6.0,32.0,302.0,78.0,,,0.0958,0.9042,,True,completed
77,car,136.0,465.0,329.0,,2633.808,12.0,27.0,302.0,85.23,,,0.0821,0.9179,,True,completed
128,car,239.0,467.0,228.0,,1489.704,6.0,41.0,187.0,71.422,,,0.1798,0.8202,,True,completed
40,truck,67.0,467.0,400.0,,2748.982,2.0,17.0,383.0,68.537,,,0.0425,0.9575,,True,completed
126,car,234.0,470.0,236.0,,2102.275,8.0,8.0,228.0,37.027,,,0.0339,0.9661,,True,completed
21,car,32.0,470.0,438.0,,2822.925,53.0,96.0,342.0,167.819,,,0.2192,0.7808,,True,completed
65,truck,117.0,474.0,357.0,,2443.458,0.0,35.0,322.0,62.365,,,0.098,0.902,,True,completed
108,car,192.0,477.0,285.0,,1505.708,37.0,124.0,161.0,146.858,,,0.4351,0.5649,,True,completed
217,car,370.0,482.0,112.0,,981.127,6.0,6.0,106.0,17.362,,,0.0536,0.9464,,True,completed
146,car,263.0,484.0,221.0,,2009.143,12.0,17.0,204.0,38.308,,,0.0769,0.9231,,True,completed
148,car,265.0,484.0,219.0,,1624.817,7.0,31.0,188.0,61.482,,,0.1416,0.8584,,True,completed
91,car,158.0,484.0,326.0,,2209.615,39.0,60.0,266.0,87.536,,,0.184,0.816,,True,completed
136,car,245.0,486.0,241.0,,2361.234,0.0,2.0,239.0,24.07,,,0.0083,0.9917,,True,completed
251,car,419.0,486.0,67.0,,616.968,0.0,0.0,67.0,10.446,,,0.0,1.0,,True,completed
277,car,451.0,487.0,36.0,,374.816,0.0,0.0,36.0,1.266,,,0.0,1.0,,True,completed
121,car,223.0,495.0,272.0,,1724.973,36.0,59.0,213.0,100.569,,,0.2169,0.7831,,True,completed
163,car,302.0,505.0,203.0,,1787.89,0.0,0.0,203.0,11.392,,,0.0,1.0,,True,completed
28,car,43.0,506.0,463.0,,1504.387,74.0,308.0,155.0,324.303,,,0.6652,0.3348,,True,completed
4,car,5.0,512.0,507.0,,1536.683,42.0,333.0,174.0,360.623,,,0.6568,0.3432,,True,completed
129,car,240.0,516.0,276.0,,2659.732,0.0,7.0,269.0,28.916,,,0.0254,0.9746,,True,completed
152,car,279.0,518.0,239.0,,1800.754,0.0,16.0,223.0,65.659,,,0.0669,0.9331,,True,completed
156,car,291.0,519.0,228.0,,2046.644,0.0,5.0,223.0,39.912,,,0.0219,0.9781,,True,completed
253,car,422.0,523.0,101.0,,762.842,15.0,16.0,85.0,31.344,,,0.1584,0.8416,,True,completed
209,car,359.0,524.0,165.0,,1652.886,0.0,0.0,165.0,13.503,,,0.0,1.0,,True,completed
104,car,187.0,527.0,340.0,,1917.14,44.0,98.0,242.0,160.906,,,0.2882,0.7118,,True,completed
68,car,123.0,531.0,408.0,,2086.992,8.0,181.0,227.0,210.65,,,0.4436,0.5564,,True,completed
242,car,409.0,532.0,123.0,,835.646,19.0,19.0,104.0,36.255,,,0.1545,0.8455,,True,completed
112,car,207.0,533.0,326.0,,2770.436,0.0,1.0,325.0,73.235,,,0.0031,0.9969,,True,completed
239,car,406.0,535.0,129.0,,1046.924,0.0,0.0,129.0,33.776,,,0.0,1.0,,True,completed
262,car,436.0,536.0,100.0,,977.211,0.0,0.0,100.0,6.094,,,0.0,1.0,,True,completed
87,car,150.0,537.0,387.0,,2926.519,18.0,38.0,349.0,117.704,,,0.0982,0.9018,,True,completed
70,truck,128.0,539.0,411.0,,3163.507,0.0,6.0,405.0,29.618,,,0.0146,0.9854,,True,completed
249,car,418.0,542.0,124.0,,652.515,24.0,36.0,88.0,55.255,,,0.2903,0.7097,,True,completed
120,truck,219.0,543.0,324.0,,2294.089,0.0,25.0,299.0,46.986,,,0.0772,0.9228,,True,completed
278,car,452.0,547.0,95.0,,732.405,15.0,15.0,80.0,28.083,,,0.1579,0.8421,,True,completed
218,car,373.0,549.0,176.0,,1101.788,45.0,45.0,131.0,65.55,,,0.2557,0.7443,,True,completed
187,car,330.0,550.0,220.0,,1894.622,0.0,0.0,220.0,45.427,,,0.0,1.0,,True,completed
161,car,302.0,553.0,251.0,,2127.552,18.0,18.0,233.0,54.649,,,0.0717,0.9283,,True,completed
177,car,318.0,554.0,236.0,,1628.958,0.0,46.0,190.0,83.593,,,0.1949,0.8051,,True,completed
192,car,335.0,554.0,219.0,,1889.679,0.0,0.0,219.0,45.537,,,0.0,1.0,,True,completed
141,car,255.0,556.0,301.0,,2722.55,17.0,17.0,284.0,44.962,,,0.0565,0.9435,,True,completed
244,car,413.0,563.0,150.0,,1305.386,0.0,3.0,147.0,21.729,,,0.02,0.98,,True,completed
52,car,91.0,567.0,476.0,,3261.158,0.0,56.0,420.0,120.501,,,0.1176,0.8824,,True,completed
283,car,462.0,569.0,107.0,,902.264,0.0,0.0,107.0,22.928,,,0.0,1.0,,True,completed
324,car,509.0,570.0,61.0,,601.893,0.0,0.0,61.0,4.84,,,0.0,1.0,,True,completed
309,car,491.0,571.0,80.0,,657.762,0.0,0.0,80.0,19.284,,,0.0,1.0,,True,completed
135,truck,244.0,572.0,328.0,,2256.701,6.0,13.0,315.0,53.686,,,0.0396,0.9604,,True,completed
205,truck,352.0,572.0,220.0,,1655.804,0.0,0.0,220.0,19.037,,,0.0,1.0,,True,completed
248,car,417.0,572.0,155.0,,1521.054,0.0,0.0,155.0,13.311,,,0.0,1.0,,True,completed
103,car,184.0,574.0,390.0,,3320.68,7.0,22.0,368.0,61.921,,,0.0564,0.9436,,True,completed
223,car,384.0,574.0,190.0,,1270.568,9.0,40.0,150.0,70.273,,,0.2105,0.7895,,True,completed
189,car,333.0,575.0,242.0,,2437.602,0.0,4.0,238.0,19.885,,,0.0165,0.9835,,True,completed
159,car,299.0,577.0,278.0,,2955.844,0.0,0.0,278.0,8.386,,,0.0,1.0,,True,completed
197,car,339.0,579.0,240.0,,2046.916,0.0,26.0,214.0,52.922,,,0.1083,0.8917,,True,completed
85,truck,145.0,585.0,440.0,,2957.23,0.0,53.0,387.0,83.561,,,0.1205,0.8795,,True,completed
190,truck,333.0,589.0,256.0,,1478.788,20.0,35.0,221.0,77.142,,,0.1367,0.8633,,True,completed
213,car,365.0,592.0,227.0,,2126.546,2.0,2.0,225.0,28.352,,,0.0088,0.9912,,True,completed
183,car,322.0,596.0,274.0,,848.07,57.0,151.0,123.0,193.502,,,0.5511,0.4489,,True,completed
210,truck,359.0,599.0,240.0,,1668.06,9.0,9.0,231.0,38.28,,,0.0375,0.9625,,True,completed
225,truck,385.0,599.0,214.0,,1265.411,44.0,44.0,170.0,60.881,,,0.2056,0.7944,,True,completed
237,car,401.0,600.0,199.0,,1660.32,13.0,22.0,177.0,47.64,,,0.1106,0.8894,,True,completed
337,car,524.0,601.0,77.0,,745.377,0.0,0.0,77.0,3.417,,,0.0,1.0,,True,completed
169,car,307.0,602.0,295.0,,2013.06,59.0,73.0,222.0,93.133,,,0.2475,0.7525,,True,completed
216,car,367.0,602.0,235.0,,1918.972,0.0,25.0,210.0,59.39,,,0.1064,0.8936,,True,completed
269,car,444.0,602.0,158.0,,1262.983,29.0,29.0,129.0,42.145,,,0.1835,0.8165,,True,completed
166,car,304.0,603.0,299.0,,2669.507,0.0,26.0,273.0,54.42,,,0.087,0.913,,True,completed
206,car,354.0,603.0,249.0,,2301.99,0.0,3.0,246.0,28.83,,,0.012,0.988,,True,completed
162,car,302.0,605.0,303.0,,1696.617,43.0,90.0,213.0,123.924,,,0.297,0.703,,True,completed
199,car,340.0,607.0,267.0,,2288.246,26.0,32.0,235.0,51.194,,,0.1199,0.8801,,True,completed
227,car,390.0,607.0,217.0,,1832.445,1.0,1.0,216.0,48.87,,,0.0046,0.9954,,True,completed
195,truck,338.0,610.0,272.0,,1048.111,34.0,115.0,157.0,144.793,,,0.4228,0.5772,,True,completed
318,car,507.0,610.0,103.0,,735.14,2.0,2.0,101.0,30.882,,,0.0194,0.9806,,True,completed
73,car,130.0,611.0,481.0,,2538.314,0.0,201.0,280.0,250.761,,,0.4179,0.5821,,True,completed
311,car,491.0,612.0,121.0,,590.072,49.0,57.0,64.0,66.893,,,0.4711,0.5289,,True,completed
230,truck,392.0,613.0,221.0,,1518.663,0.0,9.0,212.0,37.619,,,0.0407,0.9593,,True,completed
382,car,575.0,615.0,40.0,,173.392,8.0,8.0,32.0,23.395,,,0.2,0.8,,True,completed
263,car,436.0,616.0,180.0,,1494.611,0.0,11.0,169.0,32.202,,,0.0611,0.9389,,True,completed
238,car,406.0,617.0,211.0,,1413.226,39.0,41.0,170.0,82.093,,,0.1943,0.8057,,True,completed
137,car,245.0,619.0,374.0,,1908.482,92.0,149.0,225.0,185.135,,,0.3984,0.6016,,True,completed
258,car,430.0,626.0,196.0,,1901.449,0.0,0.0,196.0,16.864,,,0.0,1.0,,True,completed
236,car,401.0,629.0,228.0,,2016.449,0.0,1.0,227.0,23.415,,,0.0044,0.9956,,True,completed
343,car,532.0,630.0,98.0,,1013.363,0.0,0.0,98.0,5.203,,,0.0,1.0,,True,completed
279,car,453.0,640.0,187.0,,1645.57,4.0,14.0,173.0,37.897,,,0.0749,0.9251,,True,completed
363,car,549.0,641.0,92.0,,738.716,2.0,2.0,90.0,23.577,,,0.0217,0.9783,,True,completed
228,car,391.0,646.0,255.0,,1859.304,18.0,41.0,214.0,84.317,,,0.1608,0.8392,,True,completed
172,car,313.0,647.0,334.0,,1690.091,38.0,135.0,199.0,170.065,,,0.4042,0.5958,,True,completed
131,car,240.0,649.0,409.0,,1987.562,61.0,135.0,274.0,181.576,,,0.3301,0.6699,,True,completed
265,truck,439.0,649.0,210.0,,1498.193,0.0,0.0,210.0,12.269,,,0.0,1.0,,True,completed
308,car,489.0,650.0,161.0,,872.72,57.0,61.0,100.0,80.922,,,0.3789,0.6211,,True,completed
186,car,328.0,653.0,325.0,,2363.298,0.0,52.0,273.0,76.622,,,0.16,0.84,,True,completed
326,car,512.0,653.0,141.0,,644.282,44.0,44.0,97.0,65.29,,,0.3121,0.6879,,True,completed
367,car,552.0,656.0,104.0,,892.207,0.0,0.0,104.0,8.205,,,0.0,1.0,,True,completed
370,truck,556.0,657.0,101.0,,685.148,1.0,1.0,100.0,17.539,,,0.0099,0.9901,,True,completed
220,truck,380.0,658.0,278.0,,2140.133,0.0,2.0,276.0,19.812,,,0.0072,0.9928,,True,completed
374,car,562.0,658.0,96.0,,663.749,5.0,5.0,91.0,31.072,,,0.0521,0.9479,,True,completed
286,car,466.0,659.0,193.0,,1809.497,0.0,0.0,193.0,19.603,,,0.0,1.0,,True,completed
284,car,465.0,663.0,198.0,,1629.577,1.0,2.0,196.0,40.805,,,0.0101,0.9899,,True,completed
154,car,287.0,666.0,379.0,,3417.791,0.0,12.0,367.0,56.36,,,0.0317,0.9683,,True,completed
247,car,417.0,668.0,251.0,,2444.471,0.0,0.0,251.0,26.104,,,0.0,1.0,,True,completed
270,truck,445.0,668.0,223.0,,1719.521,0.0,0.0,223.0,14.807,,,0.0,1.0,,True,completed
274,car,449.0,670.0,221.0,,1829.048,5.0,7.0,214.0,42.427,,,0.0317,0.9683,,True,completed
336,car,523.0,670.0,147.0,,1131.053,0.0,0.0,147.0,41.747,,,0.0,1.0,,True,completed
153,car,285.0,681.0,396.0,,2747.818,0.0,86.0,310.0,132.071,,,0.2172,0.7828,,True,completed
342,car,532.0,681.0,149.0,,1021.464,16.0,16.0,133.0,43.71,,,0.1074,0.8926,,True,completed
200,truck,341.0,682.0,341.0,,2536.359,1.0,9.0,332.0,35.16,,,0.0264,0.9736,,True,completed
221,car,382.0,682.0,300.0,,2298.705,0.0,52.0,248.0,83.44,,,0.1733,0.8267,,True,completed
414,car,609.0,690.0,81.0,,732.417,0.0,0.0,81.0,13.311,,,0.0,1.0,,True,completed
289,car,469.0,691.0,222.0,,1712.25,29.0,33.0,189.0,55.897,,,0.1486,0.8514,,True,completed
296,car,480.0,692.0,212.0,,1468.116,51.0,58.0,154.0,78.601,,,0.2736,0.7264,,True,completed
383,car,576.0,693.0,117.0,,1149.831,1.0,1.0,116.0,12.514,,,0.0085,0.9915,,True,completed
287,car,468.0,694.0,226.0,,1811.11,16.0,18.0,208.0,60.475,,,0.0796,0.9204,,True,completed
215,truck,366.0,698.0,332.0,,2394.08,16.0,19.0,313.0,43.494,,,0.0572,0.9428,,True,completed
436,car,620.0,699.0,79.0,,732.323,1.0,1.0,78.0,12.09,,,0.0127,0.9873,,True,completed
170,truck,309.0,702.0,393.0,,2572.361,0.0,9.0,384.0,46.944,,,0.0229,0.9771,,True,completed
411,car,607.0,702.0,95.0,,512.002,19.0,19.0,76.0,29.446,,,0.2,0.8,,True,completed
536,car,691.0,704.0,13.0,,130.988,0.0,0.0,13.0,0.211,,,0.0,1.0,,True,completed
401,car,602.0,706.0,104.0,,785.429,18.0,18.0,86.0,31.585,,,0.1731,0.8269,,True,completed
151,car,277.0,714.0,437.0,,2082.904,0.0,183.0,254.0,234.307,,,0.4188,0.5812,,True,completed
396,car,594.0,715.0,121.0,,1117.08,6.0,6.0,115.0,17.651,,,0.0496,0.9504,,True,completed
281,car,454.0,716.0,262.0,,2146.174,0.0,19.0,243.0,64.118,,,0.0725,0.9275,,True,completed
255,truck,428.0,726.0,298.0,,1887.701,0.0,27.0,271.0,47.78,,,0.0906,0.9094,,True,completed
468,car,639.0,728.0,89.0,,854.234,0.0,0.0,89.0,9.508,,,0.0,1.0,,True,completed
508,car,674.0,728.0,54.0,,377.7,0.0,0.0,54.0,9.624,,,0.0,1.0,,True,completed
297,car,481.0,729.0,248.0,,1861.602,0.0,19.0,229.0,70.746,,,0.0766,0.9234,,True,completed
388,car,584.0,729.0,145.0,,1520.558,0.0,0.0,145.0,4.533,,,0.0,1.0,,True,completed
431,car,618.0,730.0,112.0,,1189.103,0.0,0.0,112.0,3.421,,,0.0,1.0,,True,completed
105,truck,188.0,732.0,544.0,,1639.561,54.0,260.0,284.0,346.03,,,0.4779,0.5221,,True,completed
469,car,640.0,732.0,92.0,,856.284,0.0,0.0,92.0,12.474,,,0.0,1.0,,True,completed
224,car,384.0,733.0,349.0,,2136.231,3.0,69.0,280.0,108.015,,,0.1977,0.8023,,True,completed
393,car,590.0,735.0,145.0,,731.224,38.0,43.0,102.0,72.93,,,0.2966,0.7034,,True,completed
515,truck,680.0,737.0,57.0,,380.553,0.0,0.0,57.0,8.856,,,0.0,1.0,,True,completed
312,car,492.0,740.0,248.0,,1506.379,13.0,56.0,192.0,109.265,,,0.2258,0.7742,,True,completed
366,car,552.0,740.0,188.0,,1161.166,17.0,42.0,146.0,79.57,,,0.2234,0.7766,,True,completed
335,truck,518.0,741.0,223.0,,1685.157,0.0,3.0,220.0,19.157,,,0.0135,0.9865,,True,completed
491,car,659.0,745.0,86.0,,665.676,5.0,5.0,81.0,19.451,,,0.0581,0.9419,,True,completed
260,truck,435.0,749.0,314.0,,1738.369,6.0,54.0,260.0,104.033,,,0.172,0.828,,True,completed
301,car,481.0,750.0,269.0,,2180.21,0.0,30.0,239.0,60.898,,,0.1115,0.8885,,True,completed
315,truck,502.0,750.0,248.0,,1477.706,9.0,46.0,202.0,60.13,,,0.1855,0.8145,,True,completed
471,car,639.0,750.0,111.0,,1045.644,0.0,0.0,111.0,14.506,,,0.0,1.0,,True,completed
212,car,365.0,752.0,387.0,,1837.637,60.0,139.0,248.0,176.754,,,0.3592,0.6408,,True,completed
39,car,65.0,757.0,692.0,,2130.66,100.0,455.0,237.0,487.485,,,0.6575,0.3425,,True,completed
377,car,565.0,760.0,195.0,,885.375,67.0,67.0,128.0,95.404,,,0.3436,0.6564,,True,completed
348,car,539.0,762.0,223.0,,1590.833,55.0,55.0,168.0,69.798,,,0.2466,0.7534,,True,completed
523,car,684.0,765.0,81.0,,665.79,0.0,0.0,81.0,18.285,,,0.0,1.0,,True,completed
481,car,649.0,766.0,117.0,,920.751,0.0,6.0,111.0,21.336,,,0.0513,0.9487,,True,completed
477,car,643.0,768.0,125.0,,1033.33,2.0,2.0,123.0,28.101,,,0.016,0.984,,True,completed
316,car,504.0,769.0,265.0,,1468.71,43.0,52.0,213.0,128.909,,,0.1962,0.8038,,True,completed
368,car,554.0,770.0,216.0,,1694.405,0.0,14.0,202.0,49.723,,,0.0648,0.9352,,True,completed
234,car,400.0,772.0,372.0,,1628.806,6.0,124.0,248.0,198.934,,,0.3333,0.6667,,True,completed
323,car,509.0,773.0,264.0,,1388.277,15.0,96.0,168.0,125.66,,,0.3636,0.6364,,True,completed
125,truck,232.0,774.0,542.0,,3186.101,0.0,118.0,424.0,148.489,,,0.2177,0.7823,,True,completed
379,car,568.0,774.0,206.0,,1744.306,0.0,4.0,202.0,30.562,,,0.0194,0.9806,,True,completed
254,car,423.0,775.0,352.0,,2093.73,0.0,71.0,281.0,161.954,,,0.2017,0.7983,,True,completed
361,car,547.0,778.0,231.0,,1522.582,26.0,38.0,193.0,88.625,,,0.1645,0.8355,,True,completed
575,truck,721.0,778.0,57.0,,236.218,13.0,13.0,44.0,24.073,,,0.2281,0.7719,,True,completed
352,car,541.0,779.0,238.0,,1329.754,41.0,41.0,197.0,114.05,,,0.1723,0.8277,,True,completed
454,car,632.0,781.0,149.0,,991.357,19.0,19.0,130.0,31.756,,,0.1275,0.8725,,True,completed
185,truck,327.0,783.0,456.0,,1362.656,18.0,203.0,253.0,290.835,,,0.4452,0.5548,,True,completed
140,truck,251.0,785.0,534.0,,2515.922,21.0,157.0,377.0,230.969,,,0.294,0.706,,True,completed
493,car,660.0,788.0,128.0,,1053.588,14.0,14.0,114.0,30.477,,,0.1094,0.8906,,True,completed
168,car,305.0,789.0,484.0,,2008.024,61.0,234.0,250.0,292.316,,,0.4835,0.5165,,True,completed
328,car,512.0,789.0,277.0,,1819.836,14.0,43.0,234.0,105.44,,,0.1552,0.8448,,True,completed
75,truck,135.0,790.0,655.0,,1500.99,89.0,425.0,230.0,473.809,,,0.6489,0.3511,,True,completed
282,car,458.0,792.0,334.0,,1836.2,60.0,118.0,216.0,148.226,,,0.3533,0.6467,,True,completed
54,car,96.0,792.0,696.0,,2160.064,95.0,482.0,214.0,501.001,,,0.6925,0.3075,,True,completed
134,car,243.0,793.0,550.0,,2255.287,69.0,253.0,297.0,345.265,,,0.46,0.54,,True,completed
627,car,751.0,793.0,42.0,,442.914,0.0,0.0,42.0,1.019,,,0.0,1.0,,True,completed
418,car,611.0,795.0,184.0,,1823.456,0.0,0.0,184.0,12.962,,,0.0,1.0,,True,completed
582,car,722.0,796.0,74.0,,457.507,24.0,24.0,50.0,31.212,,,0.3243,0.6757,,True,completed
357,car,545.0,797.0,252.0,,728.523,30.0,97.0,155.0,181.72,,,0.3849,0.6151,,True,completed
607,car,738.0,797.0,59.0,,445.348,7.0,7.0,52.0,17.918,,,0.1186,0.8814,,True,completed
482,car,649.0,799.0,150.0,,1147.042,28.0,28.0,122.0,41.194,,,0.1867,0.8133,,True,completed
407,car,605.0,800.0,195.0,,1690.046,0.0,0.0,195.0,39.737,,,0.0,1.0,,True,completed
581,car,722.0,800.0,78.0,,834.985,0.0,0.0,78.0,1.851,,,0.0,1.0,,True,completed
300,truck,481.0,804.0,323.0,,2331.337,12.0,13.0,310.0,41.433,,,0.0402,0.9598,,True,completed
341,car,531.0,804.0,273.0,,2147.18,3.0,7.0,266.0,43.048,,,0.0256,0.9744,,True,completed
222,car,382.0,806.0,424.0,,2223.949,0.0,129.0,295.0,204.391,,,0.3042,0.6958,,True,completed
474,car,643.0,807.0,164.0,,1070.662,2.0,41.0,123.0,56.501,,,0.25,0.75,,True,completed
596,car,732.0,808.0,76.0,,664.116,0.0,0.0,76.0,14.678,,,0.0,1.0,,True,completed
317,car,505.0,811.0,306.0,,2373.161,22.0,43.0,263.0,70.022,,,0.1405,0.8595,,True,completed
127,car,235.0,813.0,578.0,,2115.748,36.0,275.0,303.0,349.8,,,0.4758,0.5242,,True,completed
355,truck,544.0,816.0,272.0,,1037.848,0.0,93.0,179.0,146.05,,,0.3419,0.6581,,True,completed
403,car,602.0,817.0,215.0,,1418.766,15.0,32.0,183.0,85.866,,,0.1488,0.8512,,True,completed
657,car,773.0,818.0,45.0,,478.353,0.0,0.0,45.0,0.948,,,0.0,1.0,,True,completed
592,car,730.0,820.0,90.0,,867.486,0.0,0.0,90.0,9.966,,,0.0,1.0,,True,completed
590,truck,729.0,822.0,93.0,,667.137,4.0,4.0,89.0,11.912,,,0.043,0.957,,True,completed
330,truck,515.0,823.0,308.0,,2093.635,9.0,23.0,285.0,45.109,,,0.0747,0.9253,,True,completed
451,car,628.0,823.0,195.0,,1500.606,11.0,15.0,180.0,58.616,,,0.0769,0.9231,,True,completed
570,truck,739.0,823.0,84.0,,619.934,0.0,0.0,84.0,8.045,,,0.0,1.0,,True,completed
497,car,665.0,825.0,160.0,,948.735,0.0,29.0,131.0,50.663,,,0.1812,0.8187,,True,completed
155,truck,290.0,830.0,540.0,,2570.686,0.0,168.0,372.0,220.061,,,0.3111,0.6889,,True,completed
604,car,789.0,831.0,42.0,,373.465,0.0,0.0,42.0,7.388,,,0.0,1.0,,True,completed
304,car,483.0,832.0,349.0,,2145.86,18.0,90.0,259.0,153.88,,,0.2579,0.7421,,True,completed
147,car,264.0,834.0,570.0,,,0.0,335.0,235.0,0.0,,,0.5877,0.4123,,True,completed
273,car,447.0,834.0,387.0,,1991.22,0.0,143.0,244.0,195.174,,,0.3695,0.6305,,True,completed
331,car,515.0,836.0,321.0,,1983.917,0.0,89.0,232.0,140.681,,,0.2773,0.7227,,True,completed
416,car,610.0,836.0,226.0,,2141.773,6.0,6.0,220.0,30.322,,,0.0265,0.9735,,True,completed
659,car,793.0,836.0,43.0,,370.665,0.0,0.0,43.0,8.64,,,0.0,1.0,,True,completed
399,car,599.0,837.0,238.0,,1859.852,0.0,19.0,219.0,59.955,,,0.0798,0.9202,,True,completed
522,car,684.0,842.0,158.0,,1324.249,10.0,10.0,148.0,26.111,,,0.0633,0.9367,,True,completed
288,car,469.0,844.0,375.0,,2247.223,0.0,46.0,329.0,142.094,,,0.1227,0.8773,,True,completed
325,truck,511.0,844.0,333.0,,1475.357,44.0,114.0,219.0,144.115,,,0.3423,0.6577,,True,completed
42,car,74.0,844.0,770.0,,1854.641,10.0,559.0,211.0,595.321,,,0.726,0.274,,True,completed
538,car,692.0,847.0,155.0,,970.552,27.0,30.0,125.0,65.628,,,0.1935,0.8065,,True,completed
628,car,752.0,847.0,95.0,,737.071,17.0,17.0,78.0,27.663,,,0.1789,0.8211,,True,completed
664,car,778.0,848.0,70.0,,748.935,0.0,0.0,70.0,1.595,,,0.0,1.0,,True,completed
564,car,710.0,852.0,142.0,,1082.434,24.0,24.0,118.0,43.58,,,0.169,0.831,,True,completed
188,car,332.0,853.0,521.0,,2770.803,8.0,188.0,333.0,269.427,,,0.3608,0.6392,,True,completed
571,car,716.0,854.0,138.0,,976.253,19.0,19.0,119.0,43.52,,,0.1377,0.8623,,True,completed
600,truck,739.0,856.0,117.0,,762.786,0.0,0.0,117.0,23.762,,,0.0,1.0,,True,completed
622,car,748.0,856.0,108.0,,957.546,4.0,4.0,104.0,19.608,,,0.037,0.963,,True,completed
577,car,719.0,857.0,138.0,,978.358,17.0,17.0,121.0,45.368,,,0.1232,0.8768,,True,completed
413,car,608.0,858.0,250.0,,1975.375,6.0,22.0,228.0,61.49,,,0.088,0.912,,True,completed
385,truck,579.0,862.0,283.0,,1790.851,39.0,39.0,244.0,66.417,,,0.1378,0.8622,,True,completed
375,truck,563.0,866.0,303.0,,1672.312,7.0,67.0,236.0,101.242,,,0.2211,0.7789,,True,completed
576,car,718.0,866.0,148.0,,886.723,20.0,20.0,128.0,32.248,,,0.1351,0.8649,,True,completed
686,car,791.0,866.0,75.0,,587.67,1.0,1.0,74.0,21.109,,,0.0133,0.9867,,True,completed
425,truck,615.0,867.0,252.0,,795.769,9.0,62.0,190.0,151.867,,,0.246,0.754,,True,completed
510,truck,676.0,869.0,193.0,,1453.416,0.0,5.0,188.0,17.52,,,0.0259,0.9741,,True,completed
618,car,744.0,870.0,126.0,,1265.794,0.0,0.0,126.0,10.195,,,0.0,1.0,,True,completed
541,car,695.0,872.0,177.0,,1493.252,0.0,9.0,168.0,38.874,,,0.0508,0.9492,,True,completed
614,car,742.0,874.0,132.0,,1244.912,0.0,0.0,132.0,9.444,,,0.0,1.0,,True,completed
241,car,408.0,877.0,469.0,,2582.215,0.0,141.0,328.0,224.152,,,0.3006,0.6994,,True,completed
455,truck,632.0,877.0,245.0,,978.592,35.0,83.0,162.0,122.192,,,0.3388,0.6612,,True,completed
313,car,495.0,878.0,383.0,,2262.967,46.0,111.0,272.0,176.674,,,0.2898,0.7102,,True,completed
462,car,636.0,888.0,252.0,,2109.55,1.0,24.0,228.0,57.95,,,0.0952,0.9048,,True,completed
410,truck,607.0,892.0,285.0,,1685.742,36.0,47.0,238.0,73.298,,,0.1649,0.8351,,True,completed
620,truck,745.0,892.0,147.0,,981.022,0.0,11.0,136.0,27.418,,,0.0748,0.9252,,True,completed
689,car,793.0,892.0,99.0,,654.742,12.0,12.0,87.0,38.165,,,0.1212,0.8788,,True,completed
651,car,770.0,893.0,123.0,,754.523,30.0,30.0,93.0,52.926,,,0.2439,0.7561,,True,completed
554,car,703.0,894.0,191.0,,1329.319,36.0,37.0,154.0,61.369,,,0.1937,0.8063,,True,completed
303,car,482.0,898.0,416.0,,2233.371,20.0,78.0,338.0,207.603,,,0.1875,0.8125,,True,completed
512,car,678.0,898.0,220.0,,1537.996,28.0,41.0,179.0,78.669,,,0.1864,0.8136,,True,completed
743,car,830.0,898.0,68.0,,726.455,0.0,0.0,68.0,1.618,,,0.0,1.0,,True,completed
615,truck,742.0,902.0,160.0,,1150.559,8.0,8.0,152.0,20.427,,,0.05,0.95,,True,completed
353,car,542.0,907.0,365.0,,2305.907,8.0,77.0,288.0,154.014,,,0.211,0.789,,True,completed
2,car,3.0,909.0,906.0,,3300.821,70.0,460.0,446.0,606.667,,,0.5077,0.4923,,True,completed
347,car,539.0,909.0,370.0,,2358.098,23.0,91.0,279.0,155.213,,,0.2459,0.7541,,True,completed
380,truck,569.0,909.0,340.0,,2334.055,3.0,18.0,322.0,57.855,,,0.0529,0.9471,,True,completed
505,truck,669.0,913.0,244.0,,1824.993,1.0,1.0,243.0,23.772,,,0.0041,0.9959,,True,completed
635,truck,755.0,913.0,158.0,,1105.621,0.0,6.0,152.0,24.272,,,0.038,0.962,,True,completed
643,car,765.0,913.0,148.0,,1009.36,22.0,26.0,122.0,53.32,,,0.1757,0.8243,,True,completed
548,car,700.0,915.0,215.0,,1674.857,0.0,25.0,190.0,61.003,,,0.1163,0.8837,,True,completed
298,car,481.0,916.0,435.0,,1908.335,50.0,177.0,258.0,259.051,,,0.4069,0.5931,,True,completed
672,car,784.0,916.0,132.0,,1137.311,7.0,9.0,123.0,27.577,,,0.0682,0.9318,,True,completed
525,truck,685.0,918.0,233.0,,1266.071,27.0,56.0,177.0,71.585,,,0.2403,0.7597,,True,completed
761,car,844.0,918.0,74.0,,638.228,0.0,0.0,74.0,15.559,,,0.0,1.0,,True,completed
203,car,349.0,919.0,570.0,,1720.786,12.0,275.0,295.0,398.039,,,0.4825,0.5175,,True,completed
569,car,714.0,920.0,206.0,,1840.784,0.0,5.0,201.0,35.851,,,0.0243,0.9757,,True,completed
142,car,256.0,924.0,668.0,,2215.543,42.0,352.0,316.0,457.06,,,0.5269,0.4731,,True,completed
555,truck,706.0,925.0,219.0,,1412.75,26.0,26.0,193.0,38.194,,,0.1187,0.8813,,True,completed
709,car,806.0,925.0,119.0,,807.018,10.0,25.0,94.0,35.431,,,0.2101,0.7899,,True,completed
261,car,435.0,926.0,491.0,,1285.662,27.0,245.0,246.0,359.915,,,0.499,0.501,,True,completed
437,car,620.0,926.0,306.0,,1414.21,75.0,120.0,186.0,173.065,,,0.3922,0.6078,,True,completed
500,truck,667.0,929.0,262.0,,1809.207,0.0,26.0,236.0,42.853,,,0.0992,0.9008,,True,completed
520,truck,682.0,931.0,249.0,,1949.66,0.0,0.0,249.0,12.841,,,0.0,1.0,,True,completed
321,car,509.0,932.0,423.0,,2800.323,0.0,57.0,366.0,142.702,,,0.1348,0.8652,,True,completed
526,car,685.0,935.0,250.0,,2206.454,16.0,22.0,228.0,49.222,,,0.088,0.912,,True,completed
470,truck,639.0,936.0,297.0,,2217.77,0.0,6.0,291.0,27.628,,,0.0202,0.9798,,True,completed
478,car,645.0,936.0,291.0,,2374.959,43.0,43.0,248.0,69.888,,,0.1478,0.8522,,True,completed
584,car,724.0,936.0,212.0,,1889.749,0.0,0.0,212.0,37.746,,,0.0,1.0,,True,completed
174,car,315.0,940.0,625.0,,2216.45,9.0,228.0,397.0,383.204,,,0.3648,0.6352,,True,completed
789,car,862.0,941.0,79.0,,666.276,0.0,0.0,79.0,15.458,,,0.0,1.0,,True,completed
769,car,846.0,942.0,96.0,,690.599,22.0,22.0,74.0,32.845,,,0.2292,0.7708,,True,completed
760,truck,843.0,943.0,100.0,,683.872,5.0,5.0,95.0,16.667,,,0.05,0.95,,True,completed
519,car,682.0,944.0,262.0,,1808.617,0.0,32.0,230.0,80.965,,,0.1221,0.8779,,True,completed
560,truck,708.0,946.0,238.0,,732.308,32.0,76.0,162.0,148.27,,,0.3193,0.6807,,True,completed
459,car,633.0,951.0,318.0,,1529.511,2.0,74.0,244.0,178.94,,,0.2327,0.7673,,True,completed
79,car,138.0,951.0,813.0,,1693.217,59.0,619.0,194.0,644.624,,,0.7614,0.2386,,True,completed
751,car,834.0,955.0,121.0,,1099.48,5.0,5.0,116.0,17.048,,,0.0413,0.9587,,True,completed
798,car,869.0,956.0,87.0,,903.726,0.0,0.0,87.0,3.601,,,0.0,1.0,,True,completed
611,car,740.0,959.0,219.0,,1454.266,46.0,50.0,169.0,85.244,,,0.2283,0.7717,,True,completed
171,car,312.0,960.0,648.0,,1968.808,70.0,340.0,308.0,451.894,,,0.5247,0.4753,,True,completed
293,car,472.0,960.0,488.0,,2774.91,33.0,156.0,332.0,232.996,,,0.3197,0.6803,,True,completed
674,car,783.0,960.0,177.0,,1521.346,3.0,3.0,174.0,20.656,,,0.0169,0.9831,,True,completed
433,car,619.0,962.0,343.0,,1701.52,38.0,84.0,259.0,175.785,,,0.2449,0.7551,,True,completed
458,car,633.0,966.0,333.0,,1561.727,20.0,102.0,231.0,183.89,,,0.3063,0.6937,,True,completed
824,car,890.0,967.0,77.0,,644.252,5.0,5.0,72.0,17.383,,,0.0649,0.9351,,True,completed
653,car,771.0,971.0,200.0,,411.071,52.0,79.0,121.0,153.682,,,0.395,0.605,,True,completed
479,car,648.0,972.0,324.0,,1438.256,31.0,106.0,218.0,193.294,,,0.3272,0.6728,,True,completed
687,car,792.0,972.0,180.0,,1398.195,17.0,17.0,163.0,51.523,,,0.0944,0.9056,,True,completed
299,car,481.0,978.0,497.0,,1416.093,62.0,272.0,225.0,367.572,,,0.5473,0.4527,,True,completed
734,car,823.0,981.0,158.0,,1130.968,7.0,23.0,135.0,54.124,,,0.1456,0.8544,,True,completed
693,car,796.0,982.0,186.0,,1488.054,0.0,9.0,177.0,47.292,,,0.0484,0.9516,,True,completed
463,car,636.0,984.0,348.0,,2342.519,0.0,54.0,294.0,111.035,,,0.1552,0.8448,,True,completed
631,car,753.0,985.0,232.0,,1641.071,41.0,51.0,181.0,83.226,,,0.2198,0.7802,,True,completed
853,car,906.0,985.0,79.0,,606.472,13.0,13.0,66.0,23.417,,,0.1646,0.8354,,True,completed
444,car,624.0,986.0,362.0,,2143.401,0.0,45.0,317.0,165.159,,,0.1243,0.8757,,True,completed
472,car,640.0,991.0,351.0,,2875.616,0.0,20.0,331.0,89.116,,,0.057,0.943,,True,completed
697,car,801.0,991.0,190.0,,1631.296,0.0,0.0,190.0,40.979,,,0.0,1.0,,True,completed
827,car,891.0,992.0,101.0,,763.026,9.0,9.0,92.0,25.073,,,0.0891,0.9109,,True,completed
606,car,738.0,993.0,255.0,,1918.269,0.0,23.0,232.0,68.691,,,0.0902,0.9098,,True,completed
807,car,879.0,998.0,119.0,,970.826,9.0,9.0,110.0,21.021,,,0.0756,0.9244,,True,completed
702,car,803.0,1000.0,197.0,,1701.496,0.0,3.0,194.0,23.131,,,0.0152,0.9848,,True,completed
861,car,912.0,1000.0,88.0,,786.616,0.0,0.0,88.0,8.875,,,0.0,1.0,,True,completed
426,car,615.0,1004.0,389.0,,2204.013,1.0,69.0,320.0,173.437,,,0.1774,0.8226,,True,completed
949,car,956.0,1007.0,51.0,,505.6,0.0,0.0,51.0,2.673,,,0.0,1.0,,True,completed
546,car,698.0,1008.0,310.0,,2090.955,0.0,36.0,274.0,79.18,,,0.1161,0.8839,,True,completed
801,car,873.0,1008.0,135.0,,1264.76,4.0,4.0,131.0,19.147,,,0.0296,0.9704,,True,completed
856,car,909.0,1008.0,99.0,,735.091,2.0,2.0,97.0,31.387,,,0.0202,0.9798,,True,completed
603,car,736.0,1010.0,274.0,,2268.994,0.0,14.0,260.0,45.256,,,0.0511,0.9489,,True,completed
292,car,471.0,1011.0,540.0,,2791.142,0.0,130.0,410.0,286.712,,,0.2407,0.7593,,True,completed
409,car,606.0,1012.0,406.0,,2272.74,8.0,111.0,295.0,192.366,,,0.2734,0.7266,,True,completed
354,car,543.0,1014.0,471.0,,1756.303,17.0,215.0,256.0,289.224,,,0.4565,0.5435,,True,completed
533,car,690.0,1016.0,326.0,,2143.163,1.0,63.0,263.0,117.188,,,0.1933,0.8067,,True,completed
699,car,802.0,1018.0,216.0,,1477.413,34.0,47.0,169.0,71.159,,,0.2176,0.7824,,True,completed
984,car,974.0,1019.0,45.0,,381.557,0.0,0.0,45.0,5.062,,,0.0,1.0,,True,completed
737,car,825.0,1023.0,198.0,,1762.643,14.0,14.0,184.0,35.596,,,0.0707,0.9293,,True,completed
404,car,602.0,1026.0,424.0,,2244.583,0.0,66.0,358.0,170.399,,,0.1557,0.8443,,True,completed
912,car,935.0,1026.0,91.0,,651.565,0.0,0.0,91.0,30.725,,,0.0,1.0,,True,completed
639,car,758.0,1032.0,274.0,,1793.033,53.0,58.0,216.0,101.883,,,0.2117,0.7883,,True,completed
957,car,959.0,1032.0,73.0,,663.349,0.0,0.0,73.0,3.408,,,0.0,1.0,,True,completed
922,car,940.0,1035.0,95.0,,968.846,0.0,0.0,95.0,5.433,,,0.0,1.0,,True,completed
716,car,809.0,1037.0,228.0,,1377.546,17.0,31.0,197.0,101.467,,,0.136,0.864,,True,completed
484,car,651.0,1040.0,389.0,,1810.652,0.0,95.0,294.0,216.896,,,0.2442,0.7558,,True,completed
588,car,728.0,1042.0,314.0,,2566.545,0.0,35.0,279.0,80.398,,,0.1115,0.8885,,True,completed
894,car,934.0,1042.0,108.0,,592.651,30.0,30.0,78.0,52.908,,,0.2778,0.7222,,True,completed
475,truck,643.0,1043.0,400.0,,2430.355,0.0,57.0,343.0,96.99,,,0.1425,0.8575,,True,completed
637,car,756.0,1043.0,287.0,,2490.124,0.0,23.0,264.0,40.855,,,0.0801,0.9199,,True,completed
849,car,904.0,1043.0,139.0,,1107.257,0.0,0.0,139.0,38.346,,,0.0,1.0,,True,completed
502,car,668.0,1044.0,376.0,,1835.912,4.0,105.0,271.0,200.62,,,0.2793,0.7207,,True,completed
671,car,781.0,1044.0,263.0,,2337.151,4.0,7.0,256.0,48.504,,,0.0266,0.9734,,True,completed
903,car,932.0,1047.0,115.0,,950.612,8.0,8.0,107.0,27.558,,,0.0696,0.9304,,True,completed
879,car,920.0,1048.0,128.0,,735.382,36.0,36.0,92.0,60.815,,,0.2812,0.7188,,True,completed
421,car,613.0,1049.0,436.0,,2729.215,0.0,102.0,334.0,188.181,,,0.2339,0.7661,,True,completed
893,car,926.0,1049.0,123.0,,994.832,0.0,0.0,123.0,31.842,,,0.0,1.0,,True,completed
563,car,710.0,1051.0,341.0,,1987.354,0.0,70.0,271.0,160.608,,,0.2053,0.7947,,True,completed
927,car,943.0,1052.0,109.0,,1073.38,0.0,0.0,109.0,11.255,,,0.0,1.0,,True,completed
727,car,816.0,1053.0,237.0,,1532.586,9.0,9.0,228.0,87.432,,,0.038,0.962,,True,completed
730,truck,818.0,1057.0,239.0,,1680.691,0.0,11.0,228.0,35.888,,,0.046,0.954,,True,completed
524,car,684.0,1060.0,376.0,,1871.312,1.0,70.0,306.0,192.368,,,0.1862,0.8138,,True,completed
918,car,939.0,1060.0,121.0,,868.938,6.0,6.0,115.0,23.446,,,0.0496,0.9504,,True,completed
838,car,901.0,1061.0,160.0,,1266.626,0.0,6.0,154.0,43.413,,,0.0375,0.9625,,True,completed
165,truck,303.0,1062.0,759.0,,2132.554,34.0,380.0,379.0,501.783,,,0.5007,0.4993,,True,completed
591,car,730.0,1062.0,332.0,,1824.216,3.0,75.0,257.0,165.535,,,0.2259,0.7741,,True,completed
775,truck,850.0,1062.0,212.0,,1603.128,0.0,0.0,212.0,17.952,,,0.0,1.0,,True,completed
788,car,861.0,1062.0,201.0,,1496.463,1.0,32.0,169.0,58.016,,,0.1592,0.8408,,True,completed
534,car,690.0,1064.0,374.0,,2670.515,0.0,39.0,335.0,122.12,,,0.1043,0.8957,,True,completed
864,car,914.0,1064.0,150.0,,1397.776,0.0,0.0,150.0,23.199,,,0.0,1.0,,True,completed
164,car,303.0,1068.0,765.0,,1817.763,71.0,382.0,383.0,558.017,,,0.4993,0.5007,,True,completed
624,car,749.0,1069.0,320.0,,1767.484,28.0,69.0,251.0,129.056,,,0.2156,0.7844,,True,completed
685,truck,791.0,1070.0,279.0,,1733.372,24.0,38.0,241.0,69.186,,,0.1362,0.8638,,True,completed
473,car,640.0,1075.0,435.0,,2547.077,0.0,65.0,370.0,203.508,,,0.1494,0.8506,,True,completed
969,car,965.0,1076.0,111.0,,952.887,0.0,0.0,111.0,15.396,,,0.0,1.0,,True,completed
415,truck,609.0,1078.0,469.0,,2119.383,0.0,63.0,406.0,187.896,,,0.1343,0.8657,,True,completed
594,car,730.0,1078.0,348.0,,2327.681,0.0,56.0,292.0,133.866,,,0.1609,0.8391,,True,completed
1085,car,1032.0,1079.0,47.0,,443.756,0.0,0.0,47.0,6.062,,,0.0,1.0,,True,completed
732,car,822.0,1079.0,257.0,,1832.796,18.0,36.0,221.0,66.524,,,0.1401,0.8599,,True,completed
938,car,949.0,1079.0,130.0,,1147.208,1.0,1.0,129.0,20.972,,,0.0077,0.9923,,True,completed
593,car,730.0,1080.0,350.0,,1376.325,31.0,127.0,223.0,224.046,,,0.3629,0.6371,,True,completed
1022,car,998.0,1082.0,84.0,,867.478,0.0,0.0,84.0,4.042,,,0.0,1.0,,True,completed
1098,car,1038.0,1082.0,44.0,,443.042,0.0,0.0,44.0,3.126,,,0.0,1.0,,True,completed
906,car,933.0,1082.0,149.0,,1446.552,0.0,0.0,149.0,5.648,,,0.0,1.0,,True,completed
1064,car,1022.0,1083.0,61.0,,460.497,10.0,10.0,51.0,18.266,,,0.1639,0.8361,,True,completed
384,car,577.0,1083.0,506.0,,2087.096,0.0,199.0,307.0,302.944,,,0.3933,0.6067,,True,completed
542,car,696.0,1083.0,387.0,,1684.24,18.0,183.0,204.0,222.581,,,0.4729,0.5271,,True,completed
12,car,15.0,1084.0,1069.0,,2625.335,75.0,738.0,331.0,829.634,,,0.6904,0.3096,,True,completed
1029,car,1001.0,1087.0,86.0,,603.202,15.0,15.0,71.0,30.711,,,0.1744,0.8256,,True,completed
688,car,793.0,1088.0,295.0,,2601.892,0.0,33.0,262.0,49.259,,,0.1119,0.8881,,True,completed
642,car,765.0,1089.0,324.0,,1627.458,28.0,87.0,237.0,169.238,,,0.2685,0.7315,,True,completed
793,car,865.0,1089.0,224.0,,1351.227,14.0,61.0,163.0,92.414,,,0.2723,0.7277,,True,completed
859,car,910.0,1089.0,179.0,,1686.069,2.0,2.0,177.0,20.693,,,0.0112,0.9888,,True,completed
636,car,755.0,1090.0,335.0,,1025.097,84.0,167.0,168.0,241.401,,,0.4985,0.5015,,True,completed
552,car,702.0,1091.0,389.0,,2329.572,12.0,61.0,328.0,175.203,,,0.1568,0.8432,,True,completed
580,truck,721.0,1092.0,371.0,,1990.603,18.0,57.0,314.0,130.879,,,0.1536,0.8464,,True,completed
1031,truck,1002.0,1096.0,94.0,,745.109,0.0,0.0,94.0,3.551,,,0.0,1.0,,True,completed
781,car,856.0,1096.0,240.0,,1770.502,4.0,28.0,212.0,76.055,,,0.1167,0.8833,,True,completed
980,truck,970.0,1096.0,126.0,,977.729,0.0,0.0,126.0,5.941,,,0.0,1.0,,True,completed
376,car,564.0,1097.0,533.0,,2222.136,39.0,176.0,357.0,328.344,,,0.3302,0.6698,,True,completed
66,car,117.0,1103.0,986.0,,2318.814,95.0,716.0,270.0,771.313,,,0.7262,0.2738,,True,completed
539,car,693.0,1105.0,412.0,,698.197,26.0,245.0,167.0,344.922,,,0.5947,0.4053,,True,completed
346,car,537.0,1106.0,569.0,,1610.413,91.0,380.0,189.0,415.602,,,0.6678,0.3322,,True,completed
690,truck,795.0,1106.0,311.0,,1895.19,0.0,40.0,271.0,82.448,,,0.1286,0.8714,,True,completed
723,car,812.0,1106.0,294.0,,1527.66,58.0,68.0,226.0,126.002,,,0.2313,0.7687,,True,completed
1130,car,1051.0,1107.0,56.0,,449.097,0.0,0.0,56.0,14.394,,,0.0,1.0,,True,completed
1194,car,1088.0,1107.0,19.0,,152.781,0.0,0.0,19.0,4.25,,,0.0,1.0,,True,completed
540,truck,693.0,1108.0,415.0,,1909.284,38.0,139.0,276.0,183.67,,,0.3349,0.6651,,True,completed
990,truck,980.0,1108.0,128.0,,921.935,0.0,0.0,128.0,16.138,,,0.0,1.0,,True,completed
736,car,824.0,1109.0,285.0,,2913.294,0.0,0.0,285.0,20.721,,,0.0,1.0,,True,completed
843,car,902.0,1112.0,210.0,,1416.42,4.0,28.0,182.0,81.026,,,0.1333,0.8667,,True,completed
808,car,880.0,1114.0,234.0,,1817.265,0.0,11.0,223.0,50.285,,,0.047,0.953,,True,completed
829,car,894.0,1118.0,224.0,,1626.662,6.0,39.0,185.0,65.739,,,0.1741,0.8259,,True,completed
919,car,939.0,1120.0,181.0,,852.208,5.0,76.0,105.0,92.651,,,0.4199,0.5801,,True,completed
987,car,976.0,1121.0,145.0,,1454.602,0.0,0.0,145.0,13.085,,,0.0,1.0,,True,completed
880,truck,920.0,1123.0,203.0,,1405.919,0.0,8.0,195.0,32.197,,,0.0394,0.9606,,True,completed
952,car,958.0,1124.0,166.0,,1341.252,9.0,11.0,155.0,39.97,,,0.0663,0.9337,,True,completed
544,car,698.0,1125.0,427.0,,1353.495,14.0,137.0,290.0,295.204,,,0.3208,0.6792,,True,completed
675,truck,783.0,1127.0,344.0,,2433.834,0.0,24.0,320.0,41.518,,,0.0698,0.9302,,True,completed
902,car,932.0,1127.0,195.0,,1612.728,16.0,16.0,179.0,48.177,,,0.0821,0.9179,,True,completed
1072,car,1027.0,1130.0,103.0,,735.88,11.0,11.0,92.0,34.684,,,0.1068,0.8932,,True,completed
660,truck,775.0,1131.0,356.0,,2680.851,0.0,1.0,355.0,29.25,,,0.0028,0.9972,,True,completed
920,truck,941.0,1133.0,192.0,,849.014,0.0,65.0,127.0,78.777,,,0.3385,0.6615,,True,completed
423,car,613.0,1134.0,521.0,,1956.45,0.0,243.0,278.0,331.598,,,0.4664,0.5336,,True,completed
720,truck,811.0,1134.0,323.0,,1789.015,71.0,84.0,239.0,98.417,,,0.2601,0.7399,,True,completed
989,car,979.0,1134.0,155.0,,1208.328,0.0,3.0,152.0,19.209,,,0.0194,0.9806,,True,completed
496,car,665.0,1135.0,470.0,,2516.103,0.0,108.0,362.0,222.34,,,0.2298,0.7702,,True,completed
705,truck,805.0,1135.0,330.0,,2250.532,0.0,21.0,309.0,38.722,,,0.0636,0.9364,,True,completed
739,car,826.0,1135.0,309.0,,2052.159,0.0,82.0,227.0,121.936,,,0.2654,0.7346,,True,completed
565,truck,710.0,1139.0,429.0,,2558.511,43.0,93.0,336.0,120.515,,,0.2168,0.7832,,True,completed
572,car,717.0,1139.0,422.0,,2957.256,21.0,63.0,359.0,138.412,,,0.1493,0.8507,,True,completed
1166,truck,1073.0,1140.0,67.0,,474.777,1.0,1.0,66.0,9.004,,,0.0149,0.9851,,True,completed
307,car,488.0,1144.0,656.0,,1643.045,55.0,376.0,280.0,505.616,,,0.5732,0.4268,,True,completed
791,car,864.0,1145.0,281.0,,1412.111,46.0,97.0,184.0,151.578,,,0.3452,0.6548,,True,completed
1077,car,1029.0,1151.0,122.0,,671.725,29.0,38.0,84.0,60.467,,,0.3115,0.6885,,True,completed
373,car,561.0,1153.0,592.0,,953.27,19.0,345.0,247.0,502.733,,,0.5828,0.4172,,True,completed
1044,car,1010.0,1155.0,145.0,,1079.531,0.0,6.0,139.0,46.841,,,0.0414,0.9586,,True,completed
1063,car,1022.0,1156.0,134.0,,842.818,3.0,6.0,128.0,57.08,,,0.0448,0.9552,,True,completed
840,truck,902.0,1156.0,254.0,,1853.84,0.0,8.0,246.0,29.211,,,0.0315,0.9685,,True,completed
925,truck,942.0,1156.0,214.0,,1235.817,29.0,37.0,177.0,64.54,,,0.1729,0.8271,,True,completed
1057,car,1018.0,1161.0,143.0,,885.261,11.0,11.0,132.0,41.216,,,0.0769,0.9231,,True,completed
1078,car,1035.0,1161.0,126.0,,1118.32,9.0,9.0,117.0,11.752,,,0.0714,0.9286,,True,completed
1118,car,1048.0,1161.0,113.0,,756.061,10.0,10.0,103.0,42.413,,,0.0885,0.9115,,True,completed
175,truck,315.0,1161.0,846.0,,2285.74,36.0,374.0,472.0,569.472,,,0.4421,0.5579,,True,completed
1000,car,985.0,1162.0,177.0,,1267.292,7.0,41.0,136.0,53.136,,,0.2316,0.7684,,True,completed
835,truck,899.0,1162.0,263.0,,1862.928,0.0,4.0,259.0,35.032,,,0.0152,0.9848,,True,completed
1202,car,1091.0,1163.0,72.0,,584.27,7.0,7.0,65.0,18.415,,,0.0972,0.9028,,True,completed
259,car,434.0,1163.0,729.0,,1218.137,50.0,431.0,298.0,606.483,,,0.5912,0.4088,,True,completed
667,car,781.0,1163.0,382.0,,2232.495,73.0,93.0,289.0,177.425,,,0.2435,0.7565,,True,completed
767,car,846.0,1163.0,317.0,,2620.428,3.0,14.0,303.0,78.956,,,0.0442,0.9558,,True,completed
1105,car,1041.0,1164.0,123.0,,1116.63,7.0,7.0,116.0,12.094,,,0.0569,0.9431,,True,completed
956,car,959.0,1164.0,205.0,,1507.991,5.0,9.0,196.0,66.567,,,0.0439,0.9561,,True,completed
842,car,902.0,1165.0,263.0,,2404.223,9.0,14.0,249.0,44.542,,,0.0532,0.9468,,True,completed
950,truck,956.0,1165.0,209.0,,1573.585,0.0,5.0,204.0,17.535,,,0.0239,0.9761,,True,completed
997,car,984.0,1165.0,181.0,,1329.291,20.0,20.0,161.0,52.185,,,0.1105,0.8895,,True,completed
229,car,391.0,1166.0,775.0,,2075.753,44.0,416.0,359.0,584.742,,,0.5368,0.4632,,True,completed
907,car,933.0,1166.0,233.0,,991.971,55.0,90.0,143.0,123.018,,,0.3863,0.6137,,True,completed
1107,car,1042.0,1167.0,125.0,,1154.882,0.0,8.0,117.0,19.275,,,0.064,0.936,,True,completed
1151,truck,1065.0,1167.0,102.0,,731.784,0.0,0.0,102.0,12.372,,,0.0,1.0,,True,completed
750,truck,834.0,1169.0,335.0,,1562.776,70.0,119.0,216.0,146.178,,,0.3552,0.6448,,True,completed
940,truck,950.0,1169.0,219.0,,1596.228,8.0,8.0,211.0,24.29,,,0.0365,0.9635,,True,completed
851,car,905.0,1170.0,265.0,,1680.764,17.0,40.0,225.0,110.473,,,0.1509,0.8491,,True,completed
1131,truck,1052.0,1171.0,119.0,,732.25,14.0,14.0,105.0,30.095,,,0.1176,0.8824,,True,completed
350,truck,540.0,1172.0,632.0,,1557.208,47.0,343.0,289.0,442.144,,,0.5427,0.4573,,True,completed
511,car,677.0,1173.0,496.0,,2659.183,4.0,125.0,371.0,251.869,,,0.252,0.748,,True,completed
597,car,734.0,1174.0,440.0,,2189.208,10.0,138.0,302.0,228.751,,,0.3136,0.6864,,True,completed
1053,car,1016.0,1175.0,159.0,,975.51,0.0,1.0,158.0,64.79,,,0.0063,0.9937,,True,completed
503,car,668.0,1175.0,507.0,,2540.085,6.0,203.0,304.0,257.44,,,0.4004,0.5996,,True,completed
994,car,982.0,1179.0,197.0,,1489.697,21.0,31.0,166.0,60.034,,,0.1574,0.8426,,True,completed
1032,car,1003.0,1181.0,178.0,,1329.443,38.0,38.0,140.0,51.07,,,0.2135,0.7865,,True,completed
735,truck,824.0,1182.0,358.0,,2336.968,8.0,40.0,318.0,75.9,,,0.1117,0.8883,,True,completed
271,car,445.0,1183.0,738.0,,2258.677,12.0,392.0,346.0,531.179,,,0.5312,0.4688,,True,completed
992,car,981.0,1184.0,203.0,,1909.321,0.0,0.0,203.0,27.558,,,0.0,1.0,,True,completed
691,car,795.0,1188.0,393.0,,2427.984,80.0,107.0,286.0,160.195,,,0.2723,0.7277,,True,completed
892,car,925.0,1189.0,264.0,,1839.254,13.0,55.0,209.0,96.29,,,0.2083,0.7917,,True,completed
1058,car,1019.0,1190.0,171.0,,976.427,0.0,7.0,164.0,74.43,,,0.0409,0.9591,,True,completed
700,truck,802.0,1192.0,390.0,,1878.941,0.0,56.0,334.0,159.405,,,0.1436,0.8564,,True,completed
812,car,881.0,1193.0,312.0,,1352.271,43.0,129.0,183.0,180.443,,,0.4135,0.5865,,True,completed
860,truck,911.0,1193.0,282.0,,1818.276,0.0,23.0,259.0,59.156,,,0.0816,0.9184,,True,completed
963,car,964.0,1195.0,231.0,,1970.205,0.0,2.0,229.0,51.991,,,0.0087,0.9913,,True,completed
1054,car,1017.0,1198.0,181.0,,1542.786,0.0,2.0,179.0,38.126,,,0.011,0.989,,True,completed
634,car,755.0,1198.0,443.0,,727.189,38.0,264.0,179.0,373.257,,,0.5959,0.4041,,True,completed
1252,car,1122.0,1199.0,77.0,,675.409,0.0,0.0,77.0,13.783,,,0.0,1.0,,True,completed
797,car,869.0,1200.0,331.0,,2339.216,23.0,60.0,271.0,106.875,,,0.1813,0.8187,,True,completed
1201,truck,1091.0,1202.0,111.0,,534.324,12.0,12.0,99.0,45.295,,,0.1081,0.8919,,True,completed
1115,car,1045.0,1203.0,158.0,,981.45,30.0,30.0,128.0,46.088,,,0.1899,0.8101,,True,completed
1141,truck,1055.0,1203.0,148.0,,1088.894,0.0,3.0,145.0,15.816,,,0.0203,0.9797,,True,completed
449,car,627.0,1208.0,581.0,,1981.332,0.0,252.0,329.0,401.095,,,0.4337,0.5663,,True,completed
1192,car,1087.0,1209.0,122.0,,882.066,11.0,11.0,111.0,40.508,,,0.0902,0.9098,,True,completed
246,car,416.0,1210.0,794.0,,2107.27,2.0,519.0,275.0,602.145,,,0.6537,0.3463,,True,completed
777,car,1060.0,1211.0,151.0,,1225.37,0.0,11.0,140.0,32.49,,,0.0728,0.9272,,True,completed
1293,car,1143.0,1215.0,72.0,,689.646,0.0,0.0,72.0,3.51,,,0.0,1.0,,True,completed
941,car,950.0,1215.0,265.0,,2275.575,5.0,14.0,251.0,56.712,,,0.0528,0.9472,,True,completed
1106,truck,1042.0,1217.0,175.0,,1240.86,5.0,5.0,170.0,24.485,,,0.0286,0.9714,,True,completed
645,truck,766.0,1217.0,451.0,,2579.193,0.0,65.0,386.0,115.348,,,0.1441,0.8559,,True,completed
719,car,811.0,1218.0,407.0,,1699.084,68.0,122.0,285.0,251.022,,,0.2998,0.7002,,True,completed
946,car,954.0,1220.0,266.0,,2296.935,0.0,0.0,266.0,39.09,,,0.0,1.0,,True,completed
1152,car,1066.0,1224.0,158.0,,1165.618,13.0,17.0,141.0,48.997,,,0.1076,0.8924,,True,completed
1230,car,1108.0,1225.0,117.0,,865.053,0.0,0.0,117.0,37.765,,,0.0,1.0,,True,completed
758,car,841.0,1225.0,384.0,,1326.745,48.0,103.0,281.0,261.666,,,0.2682,0.7318,,True,completed
1128,car,1051.0,1227.0,176.0,,805.439,25.0,66.0,110.0,84.488,,,0.375,0.625,,True,completed
763,car,844.0,1231.0,387.0,,1708.147,59.0,116.0,271.0,230.986,,,0.2997,0.7003,,True,completed
243,car,411.0,1232.0,821.0,,1640.163,46.0,487.0,334.0,663.92,,,0.5932,0.4068,,True,completed
1160,car,1069.0,1233.0,164.0,,894.228,0.0,34.0,130.0,80.496,,,0.2073,0.7927,,True,completed
1238,car,1112.0,1234.0,122.0,,840.287,0.0,0.0,122.0,20.401,,,0.0,1.0,,True,completed
904,car,932.0,1235.0,303.0,,980.868,38.0,111.0,192.0,206.176,,,0.3663,0.6337,,True,completed
1084,car,1032.0,1238.0,206.0,,1893.583,12.0,12.0,194.0,33.363,,,0.0583,0.9417,,True,completed
959,car,960.0,1238.0,278.0,,1107.814,2.0,133.0,145.0,175.03,,,0.4784,0.5216,,True,completed
1111,truck,1044.0,1240.0,196.0,,1263.462,9.0,14.0,182.0,42.954,,,0.0714,0.9286,,True,completed
779,car,854.0,1242.0,388.0,,2581.594,0.0,23.0,365.0,103.613,,,0.0593,0.9407,,True,completed
1334,car,1162.0,1243.0,81.0,,670.954,3.0,3.0,78.0,14.445,,,0.037,0.963,,True,completed
1185,car,1082.0,1245.0,163.0,,1142.365,3.0,3.0,160.0,57.783,,,0.0184,0.9816,,True,completed
1302,car,1146.0,1245.0,99.0,,695.662,9.0,9.0,90.0,35.39,,,0.0909,0.9091,,True,completed
833,car,897.0,1245.0,348.0,,2792.835,2.0,12.0,336.0,62.704,,,0.0345,0.9655,,True,completed
882,car,921.0,1246.0,325.0,,2365.38,56.0,56.0,269.0,98.54,,,0.1723,0.8277,,True,completed
1034,car,1006.0,1247.0,241.0,,1412.647,39.0,62.0,179.0,112.52,,,0.2573,0.7427,,True,completed
890,truck,925.0,1247.0,322.0,,1626.331,8.0,57.0,265.0,125.762,,,0.177,0.823,,True,completed
1061,truck,1021.0,1248.0,227.0,,542.934,66.0,104.0,123.0,160.569,,,0.4581,0.5419,,True,completed
1155,car,1152.0,1249.0,97.0,,799.319,9.0,10.0,87.0,17.092,,,0.1031,0.8969,,True,completed
1225,car,1169.0,1249.0,80.0,,767.749,0.0,0.0,80.0,9.902,,,0.0,1.0,,True,completed
1329,car,1160.0,1249.0,89.0,,691.235,1.0,2.0,87.0,23.463,,,0.0225,0.9775,,True,completed
1294,car,1144.0,1252.0,108.0,,637.779,6.0,6.0,102.0,49.599,,,0.0556,0.9444,,True,completed
762,car,844.0,1255.0,411.0,,1667.977,47.0,155.0,256.0,250.811,,,0.3771,0.6229,,True,completed
1071,truck,1026.0,1256.0,230.0,,1103.051,0.0,63.0,167.0,85.405,,,0.2739,0.7261,,True,completed
908,car,933.0,1257.0,324.0,,1528.194,31.0,104.0,220.0,185.461,,,0.321,0.679,,True,completed
960,truck,961.0,1258.0,297.0,,1728.513,0.0,53.0,244.0,88.145,,,0.1785,0.8215,,True,completed
419,car,612.0,1260.0,648.0,,1972.173,64.0,340.0,308.0,466.7,,,0.5247,0.4753,,True,completed
914,car,936.0,1262.0,326.0,,2122.796,0.0,45.0,281.0,91.038,,,0.138,0.862,,True,completed
1135,car,1053.0,1263.0,210.0,,1640.736,0.0,20.0,190.0,61.332,,,0.0952,0.9048,,True,completed
1330,car,1203.0,1263.0,60.0,,568.642,0.0,0.0,60.0,7.822,,,0.0,1.0,,True,completed
1217,car,1102.0,1264.0,162.0,,1526.794,0.0,0.0,162.0,23.587,,,0.0,1.0,,True,completed
1007,car,990.0,1265.0,275.0,,1692.542,0.0,24.0,251.0,88.943,,,0.0873,0.9127,,True,completed
1261,truck,1124.0,1267.0,143.0,,779.197,26.0,26.0,117.0,47.255,,,0.1818,0.8182,,True,completed
452,car,630.0,1272.0,642.0,,2611.619,46.0,310.0,332.0,403.713,,,0.4829,0.5171,,True,completed
441,car,622.0,1275.0,653.0,,2140.118,76.0,353.0,300.0,450.074,,,0.5406,0.4594,,True,completed
461,car,635.0,1275.0,640.0,,2610.112,35.0,256.0,384.0,382.251,,,0.4,0.6,,True,completed
884,car,926.0,1276.0,350.0,,1692.964,25.0,82.0,268.0,190.28,,,0.2343,0.7657,,True,completed
1372,car,1190.0,1277.0,87.0,,686.95,0.0,0.0,87.0,5.946,,,0.0,1.0,,True,completed
1271,truck,1130.0,1279.0,149.0,,723.675,32.0,35.0,114.0,61.124,,,0.2349,0.7651,,True,completed
786,car,859.0,1280.0,421.0,,1831.741,31.0,182.0,239.0,254.542,,,0.4323,0.5677,,True,completed
1189,car,1084.0,1281.0,197.0,,1910.363,3.0,3.0,194.0,22.35,,,0.0152,0.9848,,True,completed
226,car,387.0,1282.0,895.0,,2011.912,33.0,479.0,416.0,700.359,,,0.5352,0.4648,,True,completed
1384,car,1198.0,1285.0,87.0,,495.899,12.0,12.0,75.0,41.369,,,0.1379,0.8621,,True,completed
854,car,907.0,1285.0,378.0,,1689.589,65.0,151.0,227.0,223.775,,,0.3995,0.6005,,True,completed
424,car,614.0,1286.0,672.0,,1857.709,45.0,361.0,311.0,501.001,,,0.5372,0.4628,,True,completed
1346,truck,1169.0,1287.0,118.0,,748.65,11.0,11.0,107.0,26.047,,,0.0932,0.9068,,True,completed
725,truck,815.0,1288.0,473.0,,2001.616,55.0,136.0,337.0,221.636,,,0.2875,0.7125,,True,completed
1187,car,1083.0,1292.0,209.0,,1901.095,0.0,0.0,209.0,25.619,,,0.0,1.0,,True,completed
1387,car,1199.0,1293.0,94.0,,975.116,0.0,0.0,94.0,3.992,,,0.0,1.0,,True,completed
1234,car,1109.0,1294.0,185.0,,1374.461,4.0,4.0,181.0,59.263,,,0.0216,0.9784,,True,completed
1345,car,1169.0,1294.0,125.0,,1104.558,0.0,0.0,125.0,7.828,,,0.0,1.0,,True,completed
898,car,928.0,1294.0,366.0,,2098.429,16.0,67.0,299.0,167.848,,,0.1831,0.8169,,True,completed
439,car,621.0,1295.0,674.0,,2591.841,11.0,259.0,415.0,438.818,,,0.3843,0.6157,,True,completed
1317,car,1151.0,1297.0,146.0,,592.772,48.0,48.0,98.0,76.7,,,0.3288,0.6712,,True,completed
794,car,866.0,1298.0,432.0,,1851.155,39.0,136.0,296.0,256.095,,,0.3148,0.6852,,True,completed
1218,car,1102.0,1299.0,197.0,,1473.597,18.0,24.0,173.0,62.555,,,0.1218,0.8782,,True,completed
1171,truck,1075.0,1300.0,225.0,,1696.695,0.0,0.0,225.0,10.666,,,0.0,1.0,,True,completed
1401,truck,1209.0,1301.0,92.0,,724.633,0.0,0.0,92.0,3.519,,,0.0,1.0,,True,completed
1443,car,1238.0,1302.0,64.0,,565.822,0.0,0.0,64.0,9.618,,,0.0,1.0,,True,completed
1259,car,1123.0,1307.0,184.0,,1140.265,0.0,22.0,162.0,77.861,,,0.1196,0.8804,,True,completed
1303,car,1198.0,1307.0,109.0,,948.869,0.0,0.0,109.0,20.585,,,0.0,1.0,,True,completed
1020,car,998.0,1309.0,311.0,,2343.271,0.0,31.0,280.0,97.493,,,0.0997,0.9003,,True,completed
1444,car,1238.0,1310.0,72.0,,478.069,18.0,18.0,54.0,27.973,,,0.25,0.75,,True,completed
1157,car,1067.0,1312.0,245.0,,2038.482,0.0,23.0,222.0,59.411,,,0.0939,0.9061,,True,completed
1354,car,1178.0,1312.0,134.0,,993.3,26.0,26.0,108.0,43.3,,,0.194,0.806,,True,completed
995,car,982.0,1314.0,332.0,,1956.82,63.0,104.0,228.0,151.586,,,0.3133,0.6867,,True,completed
998,car,984.0,1316.0,332.0,,2620.448,4.0,26.0,306.0,94.032,,,0.0783,0.9217,,True,completed
1004,car,989.0,1317.0,328.0,,1980.972,11.0,32.0,296.0,137.453,,,0.0976,0.9024,,True,completed
1200,car,1091.0,1319.0,228.0,,1732.971,4.0,5.0,223.0,63.505,,,0.0219,0.9781,,True,completed
855,truck,908.0,1319.0,411.0,,1757.854,30.0,125.0,286.0,197.449,,,0.3041,0.6959,,True,completed
1050,car,1014.0,1320.0,306.0,,1842.721,14.0,100.0,206.0,131.533,,,0.3268,0.6732,,True,completed
446,car,625.0,1320.0,695.0,,2462.563,59.0,335.0,360.0,461.323,,,0.482,0.518,,True,completed
1074,car,1028.0,1322.0,294.0,,2065.501,0.0,30.0,264.0,105.308,,,0.102,0.898,,True,completed
1420,car,1220.0,1327.0,107.0,,732.88,9.0,9.0,98.0,39.084,,,0.0841,0.9159,,True,completed
1429,car,1224.0,1327.0,103.0,,554.078,22.0,22.0,81.0,51.713,,,0.2136,0.7864,,True,completed
934,car,945.0,1327.0,382.0,,2368.703,73.0,102.0,280.0,145.241,,,0.267,0.733,,True,completed
394,car,972.0,1329.0,357.0,,1651.388,47.0,154.0,203.0,206.246,,,0.4314,0.5686,,True,completed
1055,car,1017.0,1331.0,314.0,,1543.511,8.0,109.0,205.0,167.105,,,0.3471,0.6529,,True,completed
1480,car,1274.0,1333.0,59.0,,381.194,1.0,1.0,58.0,19.557,,,0.0169,0.9831,,True,completed
962,car,963.0,1340.0,377.0,,902.954,78.0,193.0,184.0,294.338,,,0.5119,0.4881,,True,completed
305,truck,484.0,1342.0,858.0,,2090.055,30.0,451.0,407.0,605.633,,,0.5256,0.4744,,True,completed
1424,car,1221.0,1343.0,122.0,,989.822,9.0,9.0,113.0,30.956,,,0.0738,0.9262,,True,completed
1465,car,1259.0,1344.0,85.0,,669.484,3.0,3.0,82.0,16.561,,,0.0353,0.9647,,True,completed
665,truck,797.0,1346.0,549.0,,2432.029,0.0,183.0,366.0,256.04,,,0.3333,0.6667,,True,completed
1093,car,1036.0,1347.0,311.0,,1817.497,9.0,49.0,262.0,107.636,,,0.1576,0.8424,,True,completed
1389,car,1201.0,1347.0,146.0,,1269.506,0.0,5.0,141.0,29.314,,,0.0342,0.9658,,True,completed
932,car,945.0,1351.0,406.0,,1995.782,39.0,86.0,320.0,224.632,,,0.2118,0.7882,,True,completed
1025,car,1201.0,1355.0,154.0,,984.273,8.0,38.0,116.0,64.163,,,0.2468,0.7532,,True,completed
362,car,547.0,1355.0,808.0,,1837.31,27.0,391.0,417.0,633.404,,,0.4839,0.5161,,True,completed
756,car,840.0,1357.0,517.0,,2800.678,0.0,116.0,401.0,234.721,,,0.2244,0.7756,,True,completed
1430,car,1225.0,1360.0,135.0,,1024.84,2.0,7.0,128.0,40.508,,,0.0519,0.9481,,True,completed
432,car,622.0,1361.0,739.0,,888.799,16.0,369.0,370.0,650.582,,,0.4993,0.5007,,True,completed
1457,car,1249.0,1363.0,114.0,,1145.792,0.0,0.0,114.0,5.949,,,0.0,1.0,,True,completed
1144,car,1058.0,1367.0,309.0,,2072.346,5.0,56.0,253.0,118.483,,,0.1812,0.8188,,True,completed
1204,car,1093.0,1368.0,275.0,,2595.868,11.0,15.0,260.0,39.912,,,0.0545,0.9455,,True,completed
1479,car,1273.0,1368.0,95.0,,823.186,0.0,0.0,95.0,9.029,,,0.0,1.0,,True,completed
320,truck,508.0,1371.0,863.0,,1807.34,13.0,479.0,384.0,643.758,,,0.555,0.445,,True,completed
926,car,943.0,1371.0,428.0,,1590.389,31.0,182.0,246.0,274.864,,,0.4252,0.5748,,True,completed
1306,truck,1147.0,1372.0,225.0,,1161.853,0.0,70.0,155.0,72.758,,,0.3111,0.6889,,True,completed
1183,car,1081.0,1374.0,293.0,,2338.152,17.0,25.0,268.0,77.821,,,0.0853,0.9147,,True,completed
1174,car,1077.0,1379.0,302.0,,1443.492,54.0,89.0,213.0,150.89,,,0.2947,0.7053,,True,completed
1251,truck,1118.0,1379.0,261.0,,1679.115,0.0,28.0,233.0,57.643,,,0.1073,0.8927,,True,completed
1432,car,1228.0,1379.0,151.0,,1042.645,2.0,2.0,149.0,29.011,,,0.0132,0.9868,,True,completed
1471,truck,1267.0,1379.0,112.0,,674.559,0.0,0.0,112.0,29.549,,,0.0,1.0,,True,completed
1576,truck,1353.0,1379.0,26.0,,174.524,0.0,0.0,26.0,3.562,,,0.0,1.0,,True,completed
1127,car,1050.0,1381.0,331.0,,2090.431,4.0,51.0,280.0,140.873,,,0.1541,0.8459,,True,completed
427,car,615.0,1381.0,766.0,,2041.264,0.0,388.0,378.0,580.896,,,0.5065,0.4935,,True,completed
1075,car,1028.0,1384.0,356.0,,2558.889,0.0,20.0,336.0,112.593,,,0.0562,0.9438,,True,completed
1398,car,1205.0,1384.0,179.0,,1689.703,0.0,0.0,179.0,22.949,,,0.0,1.0,,True,completed
1422,car,1220.0,1386.0,166.0,,1409.518,7.0,7.0,159.0,33.308,,,0.0422,0.9578,,True,completed
494,car,664.0,1387.0,723.0,,2014.495,44.0,369.0,354.0,537.803,,,0.5104,0.4896,,True,completed
670,truck,781.0,1387.0,606.0,,1417.5,60.0,352.0,254.0,434.449,,,0.5809,0.4191,,True,completed
467,car,639.0,1389.0,750.0,,2208.877,0.0,341.0,409.0,515.121,,,0.4547,0.5453,,True,completed
1542,car,1329.0,1392.0,63.0,,663.175,0.0,0.0,63.0,2.314,,,0.0,1.0,,True,completed
1049,car,1014.0,1394.0,380.0,,899.297,79.0,188.0,192.0,297.446,,,0.4947,0.5053,,True,completed
193,car,336.0,1400.0,1064.0,,2246.573,66.0,556.0,508.0,821.061,,,0.5226,0.4774,,True,completed
782,car,856.0,1401.0,545.0,,2011.8,0.0,210.0,335.0,355.89,,,0.3853,0.6147,,True,completed
1450,car,1243.0,1402.0,159.0,,1074.876,8.0,38.0,121.0,50.891,,,0.239,0.761,,True,completed
1021,truck,998.0,1403.0,405.0,,2088.645,0.0,78.0,327.0,133.453,,,0.1926,0.8074,,True,completed
1210,car,1096.0,1403.0,307.0,,1485.689,44.0,75.0,232.0,166.984,,,0.2443,0.7557,,True,completed
711,car,807.0,1403.0,596.0,,2442.317,39.0,208.0,388.0,368.558,,,0.349,0.651,,True,completed
870,truck,915.0,1404.0,489.0,,2193.662,0.0,100.0,389.0,224.204,,,0.2045,0.7955,,True,completed
1475,car,1270.0,1405.0,135.0,,982.829,4.0,10.0,125.0,41.52,,,0.0741,0.9259,,True,completed
556,car,706.0,1405.0,699.0,,1364.121,27.0,396.0,303.0,564.564,,,0.5665,0.4335,,True,completed
97,car,173.0,1407.0,1234.0,,2112.308,88.0,929.0,305.0,1029.035,,,0.7528,0.2472,,True,completed
194,car,338.0,1408.0,1070.0,,1787.748,96.0,799.0,271.0,893.123,,,0.7467,0.2533,,True,completed
820,truck,888.0,1410.0,522.0,,2431.254,0.0,181.0,341.0,228.892,,,0.3467,0.6533,,True,completed
252,car,419.0,1411.0,992.0,,2956.947,3.0,448.0,544.0,722.308,,,0.4516,0.5484,,True,completed
465,truck,638.0,1411.0,773.0,,1152.968,94.0,593.0,180.0,631.001,,,0.7671,0.2329,,True,completed
49,car,87.0,1411.0,1324.0,,3016.566,62.0,917.0,407.0,1039.046,,,0.6926,0.3074,,True,completed
1223,car,1105.0,1412.0,307.0,,2270.576,9.0,9.0,298.0,62.499,,,0.0293,0.9707,,True,completed
931,car,947.0,1412.0,465.0,,1795.503,52.0,176.0,289.0,293.876,,,0.3785,0.6215,,True,completed
272,car,447.0,1413.0,966.0,,2388.416,2.0,649.0,317.0,747.758,,,0.6718,0.3282,,True,completed
391,car,641.0,1413.0,772.0,,1329.884,91.0,597.0,175.0,651.389,,,0.7733,0.2267,,True,completed
999,car,984.0,1413.0,429.0,,1871.929,3.0,86.0,343.0,252.979,,,0.2005,0.7995,,True,completed
1385,car,1199.0,1414.0,215.0,,1860.237,0.0,6.0,209.0,37.016,,,0.0279,0.9721,,True,completed
498,car,665.0,1416.0,751.0,,1309.675,91.0,562.0,189.0,621.734,,,0.7483,0.2517,,True,completed
888,car,924.0,1416.0,492.0,,2143.746,4.0,110.0,382.0,296.371,,,0.2236,0.7764,,True,completed
1269,car,1129.0,1417.0,288.0,,1901.793,0.0,33.0,255.0,104.851,,,0.1146,0.8854,,True,completed
1539,car,1327.0,1418.0,91.0,,945.639,0.0,0.0,91.0,3.725,,,0.0,1.0,,True,completed
344,car,534.0,1419.0,885.0,,1684.982,70.0,630.0,255.0,722.487,,,0.7119,0.2881,,True,completed
1300,car,1146.0,1420.0,274.0,,2621.736,0.0,0.0,274.0,35.853,,,0.0,1.0,,True,completed
1332,car,1161.0,1420.0,259.0,,1495.312,0.0,42.0,217.0,115.793,,,0.1622,0.8378,,True,completed
1392,car,1202.0,1421.0,219.0,,1413.877,33.0,40.0,179.0,89.969,,,0.1826,0.8174,,True,completed
1147,car,1092.0,1422.0,330.0,,1280.437,47.0,136.0,194.0,204.152,,,0.4121,0.5879,,True,completed
1212,car,1098.0,1422.0,324.0,,2346.399,30.0,45.0,279.0,106.77,,,0.1389,0.8611,,True,completed
1517,car,1309.0,1422.0,113.0,,1072.555,0.0,0.0,113.0,13.683,,,0.0,1.0,,True,completed
400,truck,599.0,1422.0,823.0,,1503.848,65.0,582.0,241.0,639.211,,,0.7072,0.2928,,True,completed
641,car,763.0,1422.0,659.0,,1362.911,5.0,315.0,344.0,516.323,,,0.478,0.522,,True,completed
1504,car,1300.0,1423.0,123.0,,678.254,28.0,28.0,95.0,59.713,,,0.2276,0.7724,,True,completed
1538,car,1324.0,1425.0,101.0,,808.141,7.0,8.0,93.0,26.543,,,0.0792,0.9208,,True,completed
1581,truck,1356.0,1427.0,71.0,,532.115,0.0,0.0,71.0,5.878,,,0.0,1.0,,True,completed
967,car,965.0,1428.0,463.0,,1588.643,75.0,194.0,269.0,308.523,,,0.419,0.581,,True,completed
184,car,324.0,1429.0,1105.0,,2798.978,41.0,542.0,563.0,829.546,,,0.4905,0.5095,,True,completed
1601,truck,1372.0,1431.0,59.0,,467.114,0.0,0.0,59.0,1.924,,,0.0,1.0,,True,completed
1404,car,1211.0,1433.0,222.0,,1821.311,0.0,2.0,220.0,29.85,,,0.009,0.991,,True,completed
1408,car,1213.0,1434.0,221.0,,1420.257,34.0,43.0,178.0,87.194,,,0.1946,0.8054,,True,completed
1248,car,1116.0,1438.0,322.0,,1531.429,43.0,87.0,235.0,176.386,,,0.2702,0.7298,,True,completed
1523,car,1312.0,1438.0,126.0,,898.792,8.0,16.0,110.0,43.038,,,0.127,0.873,,True,completed
1419,car,1219.0,1443.0,224.0,,1604.605,52.0,52.0,172.0,78.234,,,0.2321,0.7679,,True,completed
1555,car,1339.0,1443.0,104.0,,823.061,2.0,2.0,102.0,28.571,,,0.0192,0.9808,,True,completed
1168,car,1074.0,1445.0,371.0,,2453.674,0.0,91.0,280.0,138.119,,,0.2453,0.7547,,True,completed
1270,car,1130.0,1446.0,316.0,,1878.201,39.0,45.0,271.0,137.33,,,0.1424,0.8576,,True,completed
464,car,636.0,1446.0,810.0,,1626.481,6.0,420.0,390.0,660.405,,,0.5185,0.4815,,True,completed
1360,car,1207.0,1449.0,242.0,,1593.556,0.0,24.0,218.0,82.6,,,0.0992,0.9008,,True,completed
1379,car,1193.0,1449.0,256.0,,2302.175,3.0,3.0,253.0,46.693,,,0.0117,0.9883,,True,completed
1451,truck,1243.0,1449.0,206.0,,1543.366,0.0,0.0,206.0,19.172,,,0.0,1.0,,True,completed
1393,car,1202.0,1452.0,250.0,,1660.964,0.0,28.0,222.0,86.176,,,0.112,0.888,,True,completed
1560,car,1342.0,1453.0,111.0,,1152.401,0.0,0.0,111.0,5.437,,,0.0,1.0,,True,completed
1570,car,1371.0,1453.0,82.0,,430.141,17.0,18.0,64.0,42.287,,,0.2195,0.7805,,True,completed
1595,car,1370.0,1453.0,83.0,,749.905,0.0,0.0,83.0,13.286,,,0.0,1.0,,True,completed
1344,car,1169.0,1455.0,286.0,,2337.698,0.0,25.0,261.0,67.232,,,0.0874,0.9126,,True,completed
1355,car,1179.0,1455.0,276.0,,2211.422,1.0,4.0,272.0,68.592,,,0.0145,0.9855,,True,completed
290,truck,470.0,1455.0,985.0,,2271.166,29.0,565.0,420.0,710.925,,,0.5736,0.4264,,True,completed
207,car,355.0,1456.0,1101.0,,3418.653,0.0,680.0,421.0,783.863,,,0.6176,0.3824,,True,completed
208,car,359.0,1458.0,1099.0,,2641.975,59.0,610.0,489.0,852.647,,,0.5551,0.4449,,True,completed
729,car,817.0,1458.0,641.0,,2508.354,86.0,239.0,402.0,397.67,,,0.3729,0.6271,,True,completed
1403,car,1210.0,1461.0,251.0,,1302.121,57.0,67.0,184.0,106.056,,,0.2669,0.7331,,True,completed
1502,car,1292.0,1463.0,171.0,,974.959,1.0,39.0,132.0,62.709,,,0.2281,0.7719,,True,completed
1530,car,1318.0,1464.0,146.0,,884.778,20.0,20.0,126.0,58.779,,,0.137,0.863,,True,completed
828,car,891.0,1464.0,573.0,,1978.219,0.0,243.0,330.0,381.822,,,0.4241,0.5759,,True,completed
844,car,902.0,1466.0,564.0,,2244.957,0.0,86.0,478.0,294.31,,,0.1525,0.8475,,True,completed
1574,car,1352.0,1467.0,115.0,,737.33,38.0,38.0,77.0,47.64,,,0.3304,0.6696,,True,completed
1488,car,1284.0,1468.0,184.0,,1330.471,17.0,22.0,162.0,59.739,,,0.1196,0.8804,,True,completed
1313,car,1151.0,1471.0,320.0,,2219.416,13.0,30.0,290.0,116.426,,,0.0938,0.9062,,True,completed
1521,truck,1310.0,1471.0,161.0,,1077.512,9.0,10.0,151.0,30.647,,,0.0621,0.9379,,True,completed
948,car,955.0,1471.0,516.0,,1663.967,80.0,252.0,264.0,363.828,,,0.4884,0.5116,,True,completed
132,car,240.0,1472.0,1232.0,,2258.427,7.0,951.0,281.0,1024.035,,,0.7719,0.2281,,True,completed
1452,car,1243.0,1474.0,231.0,,1438.215,5.0,44.0,187.0,96.653,,,0.1905,0.8095,,True,completed
1512,car,1303.0,1474.0,171.0,,1331.589,11.0,11.0,160.0,42.789,,,0.0643,0.9357,,True,completed
1288,car,1140.0,1478.0,338.0,,2753.985,13.0,47.0,291.0,84.538,,,0.1391,0.8609,,True,completed
1485,car,1281.0,1479.0,198.0,,1395.009,15.0,18.0,180.0,69.684,,,0.0909,0.9091,,True,completed
1492,car,1285.0,1479.0,194.0,,1269.834,38.0,38.0,156.0,69.368,,,0.1959,0.8041,,True,completed
16,car,22.0,1479.0,1457.0,,3069.33,24.0,1044.0,413.0,1178.668,,,0.7165,0.2835,,True,completed
1244,car,1112.0,1483.0,371.0,,1528.415,58.0,113.0,258.0,225.449,,,0.3046,0.6954,,True,completed
871,car,915.0,1486.0,571.0,,2044.496,6.0,251.0,320.0,385.547,,,0.4396,0.5604,,True,completed
1357,car,1181.0,1489.0,308.0,,2621.868,0.0,32.0,276.0,69.969,,,0.1039,0.8961,,True,completed
1324,car,1156.0,1491.0,335.0,,2783.732,10.0,27.0,308.0,82.27,,,0.0806,0.9194,,True,completed
1145,car,1058.0,1493.0,435.0,,1475.565,66.0,156.0,279.0,291.369,,,0.3586,0.6414,,True,completed
448,car,627.0,1494.0,867.0,,2667.446,57.0,417.0,450.0,624.67,,,0.481,0.519,,True,completed
1454,car,1245.0,1497.0,252.0,,1580.108,46.0,50.0,202.0,106.986,,,0.1984,0.8016,,True,completed
1563,car,1344.0,1497.0,153.0,,1265.109,9.0,11.0,142.0,37.116,,,0.0719,0.9281,,True,completed
1565,car,1345.0,1497.0,152.0,,987.079,9.0,9.0,143.0,48.32,,,0.0592,0.9408,,True,completed
1513,car,1306.0,1498.0,192.0,,1421.058,19.0,19.0,173.0,62.738,,,0.099,0.901,,True,completed
1024,car,1000.0,1501.0,501.0,,1831.126,0.0,179.0,322.0,334.066,,,0.3573,0.6427,,True,completed
1591,truck,1368.0,1502.0,134.0,,745.354,25.0,25.0,109.0,43.258,,,0.1866,0.8134,,True,completed
680,truck,788.0,1502.0,714.0,,1640.69,55.0,394.0,320.0,515.347,,,0.5518,0.4482,,True,completed
1624,car,1391.0,1503.0,112.0,,582.038,26.0,26.0,86.0,58.616,,,0.2321,0.7679,,True,completed
1663,car,1425.0,1503.0,78.0,,553.289,6.0,6.0,72.0,27.203,,,0.0769,0.9231,,True,completed
574,car,718.0,1505.0,787.0,,1881.747,54.0,350.0,437.0,615.785,,,0.4447,0.5553,,True,completed
1263,car,1124.0,1512.0,388.0,,2909.192,0.0,63.0,325.0,115.783,,,0.1624,0.8376,,True,completed
157,car,294.0,1517.0,1223.0,,1832.22,100.0,1031.0,192.0,1038.176,,,0.843,0.157,,True,completed
1510,car,1301.0,1518.0,217.0,,1987.481,0.0,0.0,217.0,29.173,,,0.0,1.0,,True,completed
191,car,334.0,1527.0,1193.0,,2335.305,92.0,879.0,314.0,975.907,,,0.7368,0.2632,,True,completed
1448,car,1241.0,1529.0,288.0,,2065.276,0.0,10.0,278.0,95.703,,,0.0347,0.9653,,True,completed
1698,car,1449.0,1532.0,83.0,,410.23,28.0,28.0,55.0,45.079,,,0.3373,0.6627,,True,completed
1241,truck,1112.0,1534.0,422.0,,645.02,90.0,227.0,195.0,343.124,,,0.5379,0.4621,,True,completed
1242,car,1112.0,1534.0,422.0,,1979.556,0.0,97.0,325.0,187.364,,,0.2299,0.7701,,True,completed
182,car,321.0,1534.0,1213.0,,2354.818,87.0,874.0,339.0,986.13,,,0.7205,0.2795,,True,completed
501,car,667.0,1536.0,869.0,,1469.926,18.0,479.0,390.0,730.429,,,0.5512,0.4488,,True,completed
1033,car,1005.0,1538.0,533.0,,1973.013,0.0,200.0,333.0,345.865,,,0.3752,0.6248,,True,completed
1686,truck,1443.0,1538.0,95.0,,678.274,0.0,0.0,95.0,12.366,,,0.0,1.0,,True,completed
885,truck,922.0,1538.0,616.0,,2138.278,0.0,247.0,369.0,357.672,,,0.401,0.599,,True,completed
1602,car,1373.0,1539.0,166.0,,1054.516,9.0,21.0,145.0,68.401,,,0.1265,0.8735,,True,completed
1664,car,1425.0,1539.0,114.0,,699.888,6.0,8.0,106.0,49.45,,,0.0702,0.9298,,True,completed
204,car,351.0,1545.0,1194.0,,2824.003,54.0,597.0,597.0,925.813,,,0.5,0.5,,True,completed
1685,car,1442.0,1546.0,104.0,,987.55,0.0,0.0,104.0,12.451,,,0.0,1.0,,True,completed
1710,car,1456.0,1546.0,90.0,,646.058,11.0,11.0,79.0,21.337,,,0.1222,0.8778,,True,completed
1589,car,1366.0,1547.0,181.0,,1654.062,0.0,0.0,181.0,10.202,,,0.0,1.0,,True,completed
655,truck,773.0,1549.0,776.0,,1909.642,34.0,390.0,386.0,545.751,,,0.5026,0.4974,,True,completed
1153,car,1066.0,1551.0,485.0,,1954.538,22.0,148.0,337.0,291.565,,,0.3052,0.6948,,True,completed
1399,car,1207.0,1553.0,346.0,,1677.99,30.0,84.0,262.0,193.314,,,0.2428,0.7572,,True,completed
1557,car,1340.0,1553.0,213.0,,1970.912,0.0,0.0,213.0,31.146,,,0.0,1.0,,True,completed
605,truck,737.0,1553.0,816.0,,1719.081,6.0,365.0,451.0,608.226,,,0.4473,0.5527,,True,completed
390,truck,588.0,1554.0,966.0,,1968.8,22.0,420.0,546.0,727.467,,,0.4348,0.5652,,True,completed
1702,car,1451.0,1555.0,104.0,,585.947,16.0,16.0,88.0,49.278,,,0.1538,0.8462,,True,completed
256,car,430.0,1555.0,1125.0,,1879.121,54.0,747.0,378.0,854.332,,,0.664,0.336,,True,completed
937,car,949.0,1556.0,607.0,,2434.603,1.0,292.0,315.0,385.349,,,0.4811,0.5189,,True,completed
804,car,877.0,1558.0,681.0,,1927.702,82.0,422.0,259.0,506.069,,,0.6197,0.3803,,True,completed
1524,car,1314.0,1559.0,245.0,,1838.133,15.0,42.0,203.0,74.11,,,0.1714,0.8286,,True,completed
742,car,835.0,1559.0,724.0,,1560.439,73.0,489.0,235.0,529.521,,,0.6754,0.3246,,True,completed
1102,car,1475.0,1560.0,85.0,,679.214,7.0,7.0,78.0,22.198,,,0.0824,0.9176,,True,completed
1637,car,1402.0,1562.0,160.0,,1477.384,0.0,0.0,160.0,24.469,,,0.0,1.0,,True,completed
123,car,269.0,1563.0,1294.0,,2599.487,55.0,922.0,372.0,1040.031,,,0.7125,0.2875,,True,completed
809,car,880.0,1563.0,683.0,,2114.995,23.0,424.0,259.0,488.546,,,0.6208,0.3792,,True,completed
1096,truck,1037.0,1564.0,527.0,,2459.416,88.0,166.0,361.0,230.165,,,0.315,0.685,,True,completed
1125,car,1049.0,1564.0,515.0,,1821.111,56.0,228.0,287.0,336.188,,,0.4427,0.5573,,True,completed
1716,truck,1462.0,1564.0,102.0,,664.807,11.0,11.0,91.0,19.708,,,0.1078,0.8922,,True,completed
294,car,475.0,1564.0,1089.0,,1662.471,47.0,611.0,478.0,885.926,,,0.5611,0.4389,,True,completed
1310,car,1150.0,1565.0,415.0,,1613.516,48.0,166.0,249.0,258.377,,,0.4,0.6,,True,completed
1640,car,1405.0,1566.0,161.0,,1417.484,0.0,0.0,161.0,30.002,,,0.0,1.0,,True,completed
1469,car,1265.0,1567.0,302.0,,953.485,42.0,141.0,161.0,203.826,,,0.4669,0.5331,,True,completed
1495,car,1288.0,1567.0,279.0,,2439.007,20.0,24.0,255.0,57.847,,,0.086,0.914,,True,completed
979,car,970.0,1568.0,598.0,,2536.541,3.0,230.0,368.0,350.925,,,0.3846,0.6154,,True,completed
692,car,795.0,1569.0,774.0,,2583.069,45.0,360.0,414.0,513.899,,,0.4651,0.5349,,True,completed
1515,car,1308.0,1570.0,262.0,,962.05,31.0,96.0,166.0,161.702,,,0.3664,0.6336,,True,completed
1687,car,1444.0,1571.0,127.0,,629.293,37.0,39.0,88.0,69.363,,,0.3071,0.6929,,True,completed
483,car,649.0,1571.0,922.0,,1217.893,1.0,541.0,381.0,786.378,,,0.5868,0.4132,,True,completed
1073,car,1028.0,1572.0,544.0,,2551.675,44.0,208.0,336.0,306.971,,,0.3824,0.6176,,True,completed
319,car,508.0,1572.0,1064.0,,1964.478,47.0,579.0,485.0,866.875,,,0.5442,0.4558,,True,completed
1613,car,1382.0,1573.0,191.0,,1142.017,0.0,43.0,148.0,76.227,,,0.2251,0.7749,,True,completed
1383,car,1197.0,1574.0,377.0,,1607.243,45.0,144.0,233.0,225.415,,,0.382,0.618,,True,completed
825,truck,892.0,1574.0,682.0,,667.859,21.0,462.0,220.0,600.396,,,0.6774,0.3226,,True,completed
915,truck,936.0,1576.0,640.0,,1616.217,0.0,325.0,315.0,444.624,,,0.5078,0.4922,,True,completed
1784,car,1533.0,1577.0,44.0,,444.189,0.0,0.0,44.0,3.023,,,0.0,1.0,,True,completed
1760,car,1507.0,1578.0,71.0,,527.625,11.0,11.0,60.0,20.558,,,0.1549,0.8451,,True,completed
1598,car,1371.0,1579.0,208.0,,1542.827,2.0,12.0,196.0,47.023,,,0.0577,0.9423,,True,completed
1090,car,1308.0,1580.0,272.0,,1493.819,38.0,81.0,191.0,126.485,,,0.2978,0.7022,,True,completed
1361,truck,1183.0,1581.0,398.0,,2664.469,2.0,17.0,381.0,76.532,,,0.0427,0.9573,,True,completed
1094,car,1036.0,1585.0,549.0,,2914.173,0.0,73.0,476.0,250.341,,,0.133,0.867,,True,completed
371,car,556.0,1586.0,1030.0,,2164.096,49.0,662.0,368.0,833.386,,,0.6427,0.3573,,True,completed
1486,truck,1282.0,1587.0,305.0,,1950.575,8.0,31.0,274.0,68.97,,,0.1016,0.8984,,True,completed
264,car,438.0,1590.0,1152.0,,3181.461,30.0,477.0,675.0,820.27,,,0.4141,0.5859,,True,completed
1600,car,1371.0,1591.0,220.0,,1587.877,0.0,40.0,180.0,75.485,,,0.1818,0.8182,,True,completed
928,car,943.0,1593.0,650.0,,2437.518,0.0,358.0,292.0,428.337,,,0.5508,0.4492,,True,completed
1435,car,1232.0,1594.0,362.0,,1704.096,10.0,105.0,257.0,207.026,,,0.2901,0.7099,,True,completed
1525,car,1316.0,1600.0,284.0,,2188.145,0.0,17.0,267.0,64.228,,,0.0599,0.9401,,True,completed
1577,car,1353.0,1600.0,247.0,,1643.343,36.0,68.0,179.0,97.595,,,0.2753,0.7247,,True,completed
1657,car,1418.0,1600.0,182.0,,1687.805,0.0,0.0,182.0,28.168,,,0.0,1.0,,True,completed
991,car,980.0,1600.0,620.0,,2815.184,0.0,155.0,465.0,330.737,,,0.25,0.75,,True,completed
543,car,697.0,1602.0,905.0,,2217.462,19.0,366.0,539.0,651.418,,,0.4044,0.5956,,True,completed
714,car,809.0,1604.0,795.0,,1880.729,38.0,370.0,425.0,578.905,,,0.4654,0.5346,,True,completed
1712,car,1458.0,1606.0,148.0,,978.522,19.0,27.0,121.0,43.73,,,0.1824,0.8176,,True,completed
1146,truck,1058.0,1607.0,549.0,,1789.032,79.0,226.0,323.0,332.201,,,0.4117,0.5883,,True,completed
1253,car,1173.0,1608.0,435.0,,1457.817,17.0,130.0,305.0,298.599,,,0.2989,0.7011,,True,completed
1732,car,1484.0,1609.0,125.0,,972.114,8.0,8.0,117.0,30.649,,,0.064,0.936,,True,completed
1626,truck,1393.0,1610.0,217.0,,1582.621,5.0,5.0,212.0,25.972,,,0.023,0.977,,True,completed
1655,car,1416.0,1611.0,195.0,,1531.743,11.0,11.0,184.0,54.954,,,0.0564,0.9436,,True,completed
516,car,681.0,1611.0,930.0,,2502.978,15.0,434.0,496.0,677.913,,,0.4667,0.5333,,True,completed
1709,car,1456.0,1612.0,156.0,,997.039,0.0,29.0,127.0,59.288,,,0.1859,0.8141,,True,completed
487,car,655.0,1614.0,959.0,,1725.965,14.0,536.0,423.0,802.295,,,0.5589,0.4411,,True,completed
1179,car,1080.0,1617.0,537.0,,1864.31,18.0,249.0,288.0,349.163,,,0.4637,0.5363,,True,completed
1773,car,1520.0,1618.0,98.0,,740.567,9.0,9.0,89.0,17.329,,,0.0918,0.9082,,True,completed
1661,truck,1423.0,1620.0,197.0,,1127.669,5.0,42.0,155.0,59.592,,,0.2132,0.7868,,True,completed
1812,car,1574.0,1624.0,50.0,,377.797,0.0,0.0,50.0,5.392,,,0.0,1.0,,True,completed
1035,car,1006.0,1630.0,624.0,,1056.515,32.0,366.0,258.0,512.005,,,0.5865,0.4135,,True,completed
232,car,396.0,1635.0,1239.0,,2902.437,17.0,560.0,679.0,928.707,,,0.452,0.548,,True,completed
1431,truck,1227.0,1640.0,413.0,,1910.042,0.0,81.0,332.0,171.689,,,0.1961,0.8039,,True,completed
1623,car,1391.0,1640.0,249.0,,1738.127,7.0,24.0,225.0,86.174,,,0.0964,0.9036,,True,completed
1790,car,1544.0,1640.0,96.0,,780.097,0.0,0.0,96.0,23.583,,,0.0,1.0,,True,completed
771,car,847.0,1642.0,795.0,,1913.191,28.0,469.0,326.0,612.91,,,0.5899,0.4101,,True,completed
1489,car,1284.0,1643.0,359.0,,903.889,62.0,126.0,233.0,275.54,,,0.351,0.649,,True,completed
1519,car,1310.0,1644.0,334.0,,1952.1,44.0,95.0,239.0,154.807,,,0.2844,0.7156,,True,completed
895,truck,927.0,1648.0,721.0,,2659.614,0.0,286.0,435.0,400.018,,,0.3967,0.6033,,True,completed
1526,truck,1316.0,1654.0,338.0,,2121.025,0.0,43.0,295.0,67.933,,,0.1272,0.8728,,True,completed
947,car,955.0,1656.0,701.0,,1729.069,3.0,341.0,360.0,544.153,,,0.4864,0.5136,,True,completed
1612,car,1381.0,1659.0,278.0,,2333.963,9.0,19.0,259.0,62.986,,,0.0683,0.9317,,True,completed
683,car,791.0,1659.0,868.0,,1273.225,49.0,484.0,384.0,739.921,,,0.5576,0.4424,,True,completed
1315,car,1151.0,1664.0,513.0,,1839.952,20.0,158.0,355.0,335.33,,,0.308,0.692,,True,completed
1388,car,1201.0,1666.0,465.0,,2019.81,19.0,152.0,313.0,267.56,,,0.3269,0.6731,,True,completed
573,car,717.0,1666.0,949.0,,1538.12,0.0,498.0,451.0,789.608,,,0.5248,0.4752,,True,completed
1226,truck,1110.0,1668.0,558.0,,2252.786,0.0,117.0,441.0,286.387,,,0.2097,0.7903,,True,completed
1646,truck,1409.0,1669.0,260.0,,1369.286,20.0,67.0,193.0,94.518,,,0.2577,0.7423,,True,completed
1010,car,995.0,1676.0,681.0,,2614.4,0.0,345.0,336.0,383.802,,,0.5066,0.4934,,True,completed
1728,car,1479.0,1676.0,197.0,,970.092,14.0,62.0,135.0,102.883,,,0.3147,0.6853,,True,completed
30,truck,49.0,1677.0,1628.0,,2731.222,94.0,1219.0,409.0,1298.661,,,0.7488,0.2512,,True,completed
1461,truck,1254.0,1679.0,425.0,,2293.406,0.0,98.0,327.0,147.237,,,0.2306,0.7694,,True,completed
1809,car,1566.0,1679.0,113.0,,920.303,16.0,16.0,97.0,28.257,,,0.1416,0.8584,,True,completed
1752,car,1501.0,1682.0,181.0,,1263.176,21.0,28.0,153.0,65.156,,,0.1547,0.8453,,True,completed
486,car,652.0,1682.0,1030.0,,3081.727,0.0,484.0,546.0,738.792,,,0.4699,0.5301,,True,completed
1743,car,1501.0,1684.0,183.0,,1508.506,17.0,24.0,159.0,46.233,,,0.1311,0.8689,,True,completed
585,truck,724.0,1685.0,961.0,,2412.899,12.0,430.0,531.0,667.765,,,0.4475,0.5525,,True,completed
818,car,887.0,1687.0,800.0,,1730.174,7.0,408.0,392.0,633.148,,,0.51,0.49,,True,completed
1706,truck,1454.0,1688.0,234.0,,1648.611,0.0,0.0,234.0,15.019,,,0.0,1.0,,True,completed
1729,car,1480.0,1690.0,210.0,,2034.183,0.0,0.0,210.0,15.979,,,0.0,1.0,,True,completed
1015,car,993.0,1691.0,698.0,,1533.917,2.0,353.0,345.0,558.685,,,0.5057,0.4943,,True,completed
1487,car,1284.0,1692.0,408.0,,2088.362,70.0,173.0,235.0,208.611,,,0.424,0.576,,True,completed
1536,truck,1324.0,1693.0,369.0,,1260.086,0.0,207.0,162.0,216.363,,,0.561,0.439,,True,completed
1811,truck,1570.0,1694.0,124.0,,977.293,0.0,0.0,124.0,5.678,,,0.0,1.0,,True,completed
1541,truck,1328.0,1697.0,369.0,,2558.174,14.0,28.0,341.0,60.709,,,0.0759,0.9241,,True,completed
1017,car,996.0,1703.0,707.0,,1690.355,0.0,372.0,335.0,525.893,,,0.5262,0.4738,,True,completed
1527,car,1317.0,1709.0,392.0,,2952.508,26.0,47.0,345.0,108.912,,,0.1199,0.8801,,True,completed
532,car,689.0,1711.0,1022.0,,2318.912,11.0,564.0,458.0,811.036,,,0.5519,0.4481,,True,completed
434,car,619.0,1712.0,1093.0,,2025.529,79.0,728.0,365.0,909.111,,,0.6661,0.3339,,True,completed
551,car,701.0,1716.0,1015.0,,2608.634,0.0,502.0,513.0,768.335,,,0.4946,0.5054,,True,completed
1097,car,1038.0,1717.0,679.0,,1538.097,14.0,329.0,350.0,538.563,,,0.4845,0.5155,,True,completed
1782,car,1533.0,1719.0,186.0,,1544.623,7.0,7.0,179.0,45.203,,,0.0376,0.9624,,True,completed
625,truck,750.0,1720.0,970.0,,1976.831,8.0,592.0,378.0,724.399,,,0.6103,0.3897,,True,completed
1882,car,1668.0,1722.0,54.0,,456.979,2.0,2.0,52.0,11.871,,,0.037,0.963,,True,completed
1764,car,1511.0,1723.0,212.0,,1459.864,0.0,52.0,160.0,79.251,,,0.2453,0.7547,,True,completed
1748,car,1504.0,1725.0,221.0,,1165.162,5.0,59.0,162.0,112.432,,,0.267,0.733,,True,completed
717,car,812.0,1735.0,923.0,,1212.904,57.0,518.0,405.0,799.876,,,0.5612,0.4388,,True,completed
813,car,882.0,1735.0,853.0,,1116.985,80.0,664.0,189.0,731.645,,,0.7784,0.2216,,True,completed
310,truck,491.0,1742.0,1251.0,,1710.373,88.0,906.0,345.0,1023.339,,,0.7242,0.2758,,True,completed
1414,car,1218.0,1745.0,527.0,,2818.726,18.0,116.0,411.0,265.785,,,0.2201,0.7799,,True,completed
1730,car,1481.0,1748.0,267.0,,1021.257,57.0,96.0,171.0,172.977,,,0.3596,0.6404,,True,completed
1793,car,1543.0,1749.0,206.0,,1072.551,5.0,64.0,142.0,107.051,,,0.3107,0.6893,,True,completed
1100,car,1039.0,1754.0,715.0,,1813.437,3.0,343.0,372.0,537.886,,,0.4797,0.5203,,True,completed
755,truck,840.0,1755.0,915.0,,1557.584,68.0,605.0,310.0,726.177,,,0.6612,0.3388,,True,completed
1871,truck,1652.0,1758.0,106.0,,736.029,9.0,9.0,97.0,16.641,,,0.0849,0.9151,,True,completed
1928,car,1716.0,1760.0,44.0,,459.119,0.0,0.0,44.0,1.045,,,0.0,1.0,,True,completed
329,car,513.0,1763.0,1250.0,,3001.871,2.0,861.0,389.0,977.284,,,0.6888,0.3112,,True,completed
1671,truck,1431.0,1769.0,338.0,,2593.054,5.0,5.0,333.0,25.669,,,0.0148,0.9852,,True,completed
1856,truck,1636.0,1772.0,136.0,,973.516,2.0,2.0,134.0,15.459,,,0.0147,0.9853,,True,completed
1462,car,1254.0,1773.0,519.0,,1627.357,56.0,220.0,299.0,368.391,,,0.4239,0.5761,,True,completed
1860,car,1642.0,1776.0,134.0,,1152.012,9.0,9.0,125.0,28.552,,,0.0672,0.9328,,True,completed
1558,car,1341.0,1778.0,437.0,,2143.322,19.0,77.0,360.0,237.583,,,0.1762,0.8238,,True,completed
1651,truck,1413.0,1780.0,367.0,,1437.568,31.0,85.0,282.0,190.745,,,0.2316,0.7684,,True,completed
1455,car,1249.0,1783.0,534.0,,2320.093,0.0,104.0,430.0,308.541,,,0.1948,0.8052,,True,completed
1662,car,1424.0,1783.0,359.0,,2919.323,0.0,8.0,351.0,90.427,,,0.0223,0.9777,,True,completed
1767,car,1515.0,1791.0,276.0,,2599.067,0.0,22.0,254.0,40.754,,,0.0797,0.9203,,True,completed
1750,car,1499.0,1792.0,293.0,,1864.886,0.0,61.0,232.0,112.054,,,0.2082,0.7918,,True,completed
100,truck,181.0,,1619.0,,1850.175,61.0,1270.0,349.0,1386.5,,,0.7844,0.2156,,False,on_map_at_end
1001,truck,986.0,,814.0,,488.887,82.0,682.0,132.0,755.31,,,0.8378,0.1622,,False,on_map_at_end
1002,car,987.0,,813.0,,1467.37,100.0,543.0,270.0,680.437,,,0.6679,0.3321,,False,on_map_at_end
1003,car,987.0,,813.0,,240.157,100.0,707.0,106.0,785.036,,,0.8696,0.1304,,False,on_map_at_end
1005,car,989.0,,811.0,,337.729,100.0,727.0,84.0,743.604,,,0.8964,0.1036,,False,on_map_at_end
1006,truck,989.0,,811.0,,475.84,80.0,670.0,141.0,753.876,,,0.8261,0.1739,,False,on_map_at_end
1008,car,990.0,,810.0,,2345.346,100.0,398.0,412.0,593.134,,,0.4914,0.5086,,False,on_map_at_end
1009,car,991.0,,809.0,,1217.63,91.0,585.0,224.0,693.294,,,0.7231,0.2769,,False,on_map_at_end
1011,truck,991.0,,809.0,,324.728,100.0,714.0,95.0,733.017,,,0.8826,0.1174,,False,on_map_at_end
1012,car,991.0,,809.0,,585.343,100.0,609.0,200.0,748.107,,,0.7528,0.2472,,False,on_map_at_end
1013,car,992.0,,808.0,,1699.227,84.0,512.0,296.0,653.295,,,0.6337,0.3663,,False,on_map_at_end
1014,car,993.0,,807.0,,388.85,100.0,661.0,146.0,771.647,,,0.8191,0.1809,,False,on_map_at_end
1016,truck,995.0,,805.0,,1390.369,100.0,581.0,224.0,637.705,,,0.7217,0.2783,,False,on_map_at_end
1018,car,997.0,,803.0,,891.741,80.0,623.0,180.0,680.017,,,0.7758,0.2242,,False,on_map_at_end
1019,car,998.0,,802.0,,1649.854,100.0,501.0,301.0,641.957,,,0.6247,0.3753,,False,on_map_at_end
1023,car,1000.0,,800.0,,342.774,100.0,661.0,139.0,752.848,,,0.8263,0.1737,,False,on_map_at_end
1026,truck,1001.0,,799.0,,990.724,100.0,594.0,205.0,676.33,,,0.7434,0.2566,,False,on_map_at_end
1027,car,1001.0,,799.0,,917.541,75.0,611.0,188.0,712.2,,,0.7647,0.2353,,False,on_map_at_end
1028,car,1001.0,,799.0,,1589.927,97.0,459.0,340.0,654.233,,,0.5745,0.4255,,False,on_map_at_end
1030,car,1002.0,,798.0,,1196.882,85.0,513.0,285.0,676.222,,,0.6429,0.3571,,False,on_map_at_end
1036,truck,1007.0,,793.0,,462.753,79.0,658.0,135.0,737.447,,,0.8298,0.1702,,False,on_map_at_end
1037,car,1242.0,,558.0,,505.47,100.0,427.0,131.0,512.166,,,0.7652,0.2348,,False,on_map_at_end
1038,car,1008.0,,792.0,,901.585,79.0,629.0,163.0,705.919,,,0.7942,0.2058,,False,on_map_at_end
1039,car,1008.0,,792.0,,459.407,77.0,648.0,144.0,741.664,,,0.8182,0.1818,,False,on_map_at_end
1040,car,1008.0,,792.0,,90.076,100.0,686.0,106.0,781.886,,,0.8662,0.1338,,False,on_map_at_end
1041,truck,1009.0,,791.0,,1204.628,87.0,545.0,246.0,643.979,,,0.689,0.311,,False,on_map_at_end
1042,car,1009.0,,791.0,,317.227,100.0,702.0,89.0,725.449,,,0.8875,0.1125,,False,on_map_at_end
1043,car,1010.0,,790.0,,455.041,78.0,652.0,138.0,749.046,,,0.8253,0.1747,,False,on_map_at_end
1045,car,1011.0,,789.0,,1492.847,94.0,561.0,228.0,646.42,,,0.711,0.289,,False,on_map_at_end
1046,truck,1011.0,,789.0,,453.469,90.0,583.0,206.0,651.858,,,0.7389,0.2611,,False,on_map_at_end
1047,car,1012.0,,788.0,,1715.063,100.0,488.0,300.0,632.614,,,0.6193,0.3807,,False,on_map_at_end
1048,car,1016.0,,784.0,,1860.034,100.0,513.0,271.0,587.111,,,0.6543,0.3457,,False,on_map_at_end
1051,truck,1015.0,,785.0,,304.225,100.0,686.0,99.0,711.478,,,0.8739,0.1261,,False,on_map_at_end
1052,car,1016.0,,784.0,,1133.952,75.0,543.0,241.0,673.58,,,0.6926,0.3074,,False,on_map_at_end
1056,truck,1018.0,,782.0,,1443.177,88.0,443.0,339.0,608.749,,,0.5665,0.4335,,False,on_map_at_end
1059,car,1019.0,,781.0,,1375.367,100.0,574.0,207.0,656.832,,,0.735,0.265,,False,on_map_at_end
1060,car,1020.0,,780.0,,1744.496,60.0,519.0,261.0,622.712,,,0.6654,0.3346,,False,on_map_at_end
1062,car,1021.0,,779.0,,82.574,100.0,671.0,108.0,770.909,,,0.8614,0.1386,,False,on_map_at_end
1065,car,1022.0,,778.0,,666.087,84.0,516.0,262.0,706.594,,,0.6632,0.3368,,False,on_map_at_end
1066,truck,1023.0,,777.0,,329.773,100.0,638.0,139.0,737.411,,,0.8211,0.1789,,False,on_map_at_end
1067,car,1024.0,,776.0,,1515.959,83.0,534.0,242.0,631.813,,,0.6881,0.3119,,False,on_map_at_end
1068,car,1024.0,,776.0,,1367.866,100.0,561.0,215.0,652.259,,,0.7229,0.2771,,False,on_map_at_end
1069,car,1024.0,,776.0,,1774.826,62.0,516.0,260.0,614.591,,,0.6649,0.3351,,False,on_map_at_end
1070,car,1024.0,,776.0,,1459.858,100.0,551.0,225.0,607.15,,,0.7101,0.2899,,False,on_map_at_end
1076,truck,1029.0,,771.0,,653.086,83.0,515.0,256.0,692.121,,,0.668,0.332,,False,on_map_at_end
1079,car,1030.0,,770.0,,299.542,93.0,563.0,207.0,742.538,,,0.7312,0.2688,,False,on_map_at_end
1080,car,1030.0,,770.0,,925.161,100.0,422.0,348.0,686.144,,,0.5481,0.4519,,False,on_map_at_end
1081,truck,1030.0,,770.0,,291.224,99.0,669.0,101.0,716.039,,,0.8688,0.1312,,False,on_map_at_end
1082,car,1030.0,,770.0,,1924.695,100.0,370.0,400.0,596.367,,,0.4805,0.5195,,False,on_map_at_end
1086,truck,1034.0,,766.0,,870.466,72.0,430.0,336.0,660.44,,,0.5614,0.4386,,False,on_map_at_end
1087,car,1034.0,,766.0,,283.723,97.0,654.0,112.0,740.465,,,0.8538,0.1462,,False,on_map_at_end
1088,car,1035.0,,765.0,,1391.514,79.0,360.0,405.0,592.043,,,0.4706,0.5294,,False,on_map_at_end
1089,car,1035.0,,765.0,,1674.668,80.0,325.0,440.0,581.832,,,0.4248,0.5752,,False,on_map_at_end
1091,truck,1035.0,,765.0,,1067.105,94.0,450.0,315.0,618.896,,,0.5882,0.4118,,False,on_map_at_end
1092,car,1036.0,,764.0,,661.333,100.0,515.0,249.0,698.536,,,0.6741,0.3259,,False,on_map_at_end
1095,car,1037.0,,763.0,,1443.937,100.0,370.0,393.0,618.771,,,0.4849,0.5151,,False,on_map_at_end
1099,car,1038.0,,762.0,,366.346,100.0,608.0,154.0,728.479,,,0.7979,0.2021,,False,on_map_at_end
110,truck,196.0,,1604.0,,1603.199,100.0,1309.0,295.0,1410.809,,,0.8161,0.1839,,False,on_map_at_end
1101,truck,1040.0,,760.0,,2170.583,100.0,455.0,305.0,499.159,,,0.5987,0.4013,,False,on_map_at_end
1103,car,1040.0,,760.0,,1734.593,61.0,505.0,255.0,603.593,,,0.6645,0.3355,,False,on_map_at_end
1104,car,1613.0,,187.0,,21.455,100.0,147.0,40.0,185.069,,,0.7861,0.2139,,False,on_map_at_end
1108,car,1042.0,,758.0,,2124.61,100.0,329.0,429.0,565.031,,,0.434,0.566,,False,on_map_at_end
1109,car,1047.0,,753.0,,975.578,100.0,572.0,181.0,664.35,,,0.7596,0.2404,,False,on_map_at_end
1110,car,1043.0,,757.0,,75.073,100.0,648.0,109.0,747.593,,,0.856,0.144,,False,on_map_at_end
1112,car,1044.0,,756.0,,645.584,81.0,484.0,272.0,687.57,,,0.6402,0.3598,,False,on_map_at_end
1113,car,1044.0,,756.0,,1744.442,91.0,447.0,309.0,588.942,,,0.5913,0.4087,,False,on_map_at_end
1114,car,1044.0,,756.0,,1801.47,71.0,459.0,297.0,581.724,,,0.6071,0.3929,,False,on_map_at_end
1116,truck,1053.0,,747.0,,1588.045,79.0,445.0,302.0,555.873,,,0.5957,0.4043,,False,on_map_at_end
1117,car,1047.0,,753.0,,564.841,100.0,554.0,199.0,688.76,,,0.7357,0.2643,,False,on_map_at_end
1119,car,1048.0,,752.0,,974.299,94.0,493.0,259.0,663.201,,,0.6556,0.3444,,False,on_map_at_end
1120,car,1048.0,,752.0,,360.332,87.0,635.0,117.0,719.57,,,0.8444,0.1556,,False,on_map_at_end
1121,truck,1050.0,,750.0,,347.331,83.0,624.0,126.0,708.304,,,0.832,0.168,,False,on_map_at_end
1122,car,1049.0,,751.0,,1681.071,72.0,458.0,293.0,597.78,,,0.6099,0.3901,,False,on_map_at_end
1123,car,1049.0,,751.0,,932.084,100.0,603.0,148.0,667.112,,,0.8029,0.1971,,False,on_map_at_end
1124,car,1049.0,,751.0,,1669.088,100.0,496.0,255.0,554.717,,,0.6605,0.3395,,False,on_map_at_end
1126,truck,1050.0,,750.0,,698.539,86.0,423.0,327.0,663.176,,,0.564,0.436,,False,on_map_at_end
1129,car,1051.0,,749.0,,1375.423,83.0,376.0,373.0,588.608,,,0.502,0.498,,False,on_map_at_end
113,car,207.0,,1593.0,,2137.628,100.0,1267.0,326.0,1390.664,,,0.7954,0.2046,,False,on_map_at_end
1132,car,1054.0,,746.0,,1353.152,86.0,392.0,354.0,593.576,,,0.5255,0.4745,,False,on_map_at_end
1133,car,1053.0,,747.0,,1705.854,66.0,510.0,237.0,593.301,,,0.6827,0.3173,,False,on_map_at_end
1134,car,1053.0,,747.0,,447.097,79.0,622.0,125.0,706.761,,,0.8327,0.1673,,False,on_map_at_end
1136,truck,1054.0,,746.0,,201.114,100.0,593.0,153.0,721.857,,,0.7949,0.2051,,False,on_map_at_end
1137,car,1054.0,,746.0,,1719.999,65.0,330.0,416.0,585.842,,,0.4424,0.5576,,False,on_map_at_end
1138,car,1055.0,,745.0,,1601.046,82.0,481.0,264.0,600.35,,,0.6456,0.3544,,False,on_map_at_end
1139,car,1055.0,,745.0,,67.572,100.0,634.0,111.0,737.27,,,0.851,0.149,,False,on_map_at_end
1140,car,1055.0,,745.0,,1378.197,100.0,385.0,360.0,620.558,,,0.5168,0.4832,,False,on_map_at_end
1142,car,1055.0,,745.0,,1642.353,100.0,436.0,309.0,585.62,,,0.5852,0.4148,,False,on_map_at_end
1143,car,1056.0,,744.0,,439.111,81.0,618.0,126.0,704.48,,,0.8306,0.1694,,False,on_map_at_end
1148,car,1062.0,,738.0,,1422.668,85.0,391.0,347.0,608.385,,,0.5298,0.4702,,False,on_map_at_end
1149,car,1063.0,,737.0,,638.081,80.0,487.0,250.0,673.154,,,0.6608,0.3392,,False,on_map_at_end
1150,car,1065.0,,735.0,,1576.402,100.0,434.0,301.0,584.433,,,0.5905,0.4095,,False,on_map_at_end
1154,car,1066.0,,734.0,,1661.587,100.0,491.0,243.0,551.181,,,0.6689,0.3311,,False,on_map_at_end
1156,truck,1067.0,,733.0,,599.408,90.0,500.0,233.0,660.87,,,0.6821,0.3179,,False,on_map_at_end
1158,car,1068.0,,732.0,,961.568,86.0,477.0,255.0,624.292,,,0.6516,0.3484,,False,on_map_at_end
1159,car,1068.0,,732.0,,1671.224,76.0,439.0,293.0,578.842,,,0.5997,0.4003,,False,on_map_at_end
1161,truck,1069.0,,731.0,,316.772,96.0,590.0,141.0,688.49,,,0.8071,0.1929,,False,on_map_at_end
1162,car,1069.0,,731.0,,864.912,90.0,579.0,152.0,622.567,,,0.7921,0.2079,,False,on_map_at_end
1163,car,1071.0,,729.0,,1415.145,83.0,387.0,342.0,595.025,,,0.5309,0.4691,,False,on_map_at_end
1164,car,1072.0,,728.0,,1407.571,82.0,374.0,354.0,598.607,,,0.5137,0.4863,,False,on_map_at_end
1165,car,1072.0,,728.0,,284.54,91.0,472.0,256.0,701.784,,,0.6484,0.3516,,False,on_map_at_end
1167,car,1073.0,,727.0,,1067.147,100.0,517.0,210.0,630.001,,,0.7111,0.2889,,False,on_map_at_end
1169,car,1075.0,,725.0,,1638.862,100.0,433.0,292.0,575.76,,,0.5972,0.4028,,False,on_map_at_end
1170,car,1075.0,,725.0,,1160.249,100.0,515.0,210.0,592.577,,,0.7103,0.2897,,False,on_map_at_end
1172,car,1075.0,,725.0,,986.53,57.0,501.0,224.0,606.874,,,0.691,0.309,,False,on_map_at_end
1173,car,1076.0,,724.0,,339.83,79.0,601.0,123.0,693.415,,,0.8301,0.1699,,False,on_map_at_end
1175,car,1565.0,,235.0,,1251.41,30.0,53.0,182.0,120.922,,,0.2255,0.7745,,False,on_map_at_end
1176,truck,1078.0,,722.0,,986.633,100.0,533.0,189.0,603.478,,,0.7382,0.2618,,False,on_map_at_end
1177,car,1080.0,,720.0,,1336.143,91.0,378.0,342.0,527.061,,,0.525,0.475,,False,on_map_at_end
1178,car,1082.0,,718.0,,264.301,92.0,485.0,233.0,694.213,,,0.6755,0.3245,,False,on_map_at_end
1180,car,1080.0,,720.0,,430.848,84.0,596.0,124.0,681.223,,,0.8278,0.1722,,False,on_map_at_end
1181,truck,1081.0,,719.0,,284.162,100.0,564.0,155.0,684.887,,,0.7844,0.2156,,False,on_map_at_end
1182,car,1081.0,,719.0,,1206.067,100.0,481.0,238.0,609.742,,,0.669,0.331,,False,on_map_at_end
1184,car,1082.0,,718.0,,3572.162,0.0,154.0,564.0,364.594,,,0.2145,0.7855,,False,on_map_at_end
1186,truck,1082.0,,718.0,,2801.573,29.0,171.0,547.0,371.435,,,0.2382,0.7618,,False,on_map_at_end
1188,car,1083.0,,717.0,,309.271,96.0,578.0,139.0,682.073,,,0.8061,0.1939,,False,on_map_at_end
1190,car,1084.0,,716.0,,294.268,90.0,597.0,119.0,678.451,,,0.8338,0.1662,,False,on_map_at_end
1191,truck,1085.0,,715.0,,2135.39,100.0,367.0,348.0,430.078,,,0.5133,0.4867,,False,on_map_at_end
1193,car,1087.0,,713.0,,1156.799,93.0,432.0,281.0,576.404,,,0.6059,0.3941,,False,on_map_at_end
1195,car,1088.0,,712.0,,1356.664,100.0,415.0,297.0,588.666,,,0.5829,0.4171,,False,on_map_at_end
1196,truck,1088.0,,712.0,,1613.248,100.0,410.0,302.0,474.025,,,0.5758,0.4242,,False,on_map_at_end
1197,car,1089.0,,711.0,,60.071,100.0,598.0,113.0,703.592,,,0.8411,0.1589,,False,on_map_at_end
1198,car,1091.0,,709.0,,535.272,80.0,468.0,241.0,653.988,,,0.6601,0.3399,,False,on_map_at_end
1199,car,1091.0,,709.0,,332.329,75.0,585.0,124.0,679.09,,,0.8251,0.1749,,False,on_map_at_end
1203,car,1092.0,,708.0,,1368.654,100.0,440.0,268.0,584.179,,,0.6215,0.3785,,False,on_map_at_end
1205,car,1093.0,,707.0,,956.164,98.0,371.0,336.0,620.724,,,0.5248,0.4752,,False,on_map_at_end
1206,truck,1095.0,,705.0,,1045.484,86.0,399.0,306.0,579.492,,,0.566,0.434,,False,on_map_at_end
1207,car,1095.0,,705.0,,1662.486,100.0,502.0,203.0,551.936,,,0.7121,0.2879,,False,on_map_at_end
1208,car,1095.0,,705.0,,324.828,72.0,577.0,128.0,675.765,,,0.8184,0.1816,,False,on_map_at_end
1209,car,1095.0,,705.0,,888.469,100.0,381.0,324.0,609.54,,,0.5404,0.4596,,False,on_map_at_end
1211,truck,1098.0,,702.0,,416.921,86.0,567.0,135.0,651.949,,,0.8077,0.1923,,False,on_map_at_end
1213,car,1098.0,,702.0,,1059.646,100.0,493.0,209.0,605.927,,,0.7023,0.2977,,False,on_map_at_end
1214,car,1098.0,,702.0,,137.975,100.0,617.0,85.0,684.387,,,0.8789,0.1211,,False,on_map_at_end
1215,car,1100.0,,700.0,,1793.969,68.0,401.0,299.0,535.935,,,0.5729,0.4271,,False,on_map_at_end
1216,truck,1101.0,,699.0,,1552.872,100.0,324.0,375.0,512.576,,,0.4635,0.5365,,False,on_map_at_end
1219,car,1102.0,,698.0,,1047.829,100.0,476.0,222.0,591.119,,,0.6819,0.3181,,False,on_map_at_end
1220,car,1103.0,,697.0,,1348.193,100.0,388.0,309.0,575.222,,,0.5567,0.4433,,False,on_map_at_end
1221,truck,1103.0,,697.0,,1539.871,100.0,292.0,405.0,512.062,,,0.4189,0.5811,,False,on_map_at_end
1222,car,1104.0,,696.0,,1963.296,100.0,336.0,360.0,513.818,,,0.4828,0.5172,,False,on_map_at_end
1224,car,1105.0,,695.0,,827.351,90.0,499.0,196.0,551.464,,,0.718,0.282,,False,on_map_at_end
1227,car,1107.0,,693.0,,578.829,100.0,492.0,201.0,633.052,,,0.71,0.29,,False,on_map_at_end
1228,car,1107.0,,693.0,,109.972,100.0,631.0,62.0,680.175,,,0.9105,0.0895,,False,on_map_at_end
1229,car,1108.0,,692.0,,496.345,89.0,478.0,214.0,634.312,,,0.6908,0.3092,,False,on_map_at_end
1232,car,1109.0,,691.0,,1319.781,96.0,342.0,349.0,534.964,,,0.4949,0.5051,,False,on_map_at_end
1233,car,1110.0,,690.0,,1056.044,82.0,481.0,209.0,576.03,,,0.6971,0.3029,,False,on_map_at_end
1235,car,1112.0,,688.0,,371.508,100.0,518.0,170.0,644.749,,,0.7529,0.2471,,False,on_map_at_end
1236,truck,1110.0,,690.0,,402.948,90.0,559.0,131.0,641.627,,,0.8101,0.1899,,False,on_map_at_end
1237,car,1653.0,,147.0,,0.953,100.0,144.0,3.0,146.914,,,0.9796,0.0204,,False,on_map_at_end
1239,car,1111.0,,689.0,,664.379,100.0,525.0,164.0,628.866,,,0.762,0.238,,False,on_map_at_end
1240,car,1111.0,,689.0,,1515.129,100.0,344.0,345.0,541.335,,,0.4993,0.5007,,False,on_map_at_end
1243,car,1115.0,,685.0,,985.035,48.0,457.0,228.0,577.892,,,0.6672,0.3328,,False,on_map_at_end
1245,car,1113.0,,687.0,,1319.717,86.0,380.0,307.0,537.484,,,0.5531,0.4469,,False,on_map_at_end
1246,truck,1115.0,,685.0,,812.875,92.0,485.0,200.0,557.417,,,0.708,0.292,,False,on_map_at_end
1247,car,1115.0,,685.0,,154.142,84.0,604.0,81.0,668.466,,,0.8818,0.1182,,False,on_map_at_end
1249,car,1116.0,,684.0,,444.557,82.0,402.0,282.0,631.754,,,0.5877,0.4123,,False,on_map_at_end
1250,car,1117.0,,683.0,,317.327,69.0,552.0,131.0,654.44,,,0.8082,0.1918,,False,on_map_at_end
1254,car,1120.0,,680.0,,424.019,93.0,600.0,80.0,636.387,,,0.8824,0.1176,,False,on_map_at_end
1255,car,1120.0,,680.0,,1786.468,65.0,391.0,289.0,516.603,,,0.575,0.425,,False,on_map_at_end
1256,truck,1122.0,,678.0,,389.015,91.0,547.0,131.0,631.3,,,0.8068,0.1932,,False,on_map_at_end
1257,car,1122.0,,678.0,,1539.654,100.0,492.0,186.0,538.006,,,0.7257,0.2743,,False,on_map_at_end
1258,car,1123.0,,677.0,,380.631,93.0,542.0,135.0,642.743,,,0.8006,0.1994,,False,on_map_at_end
1260,car,1123.0,,677.0,,281.998,100.0,523.0,154.0,638.795,,,0.7725,0.2275,,False,on_map_at_end
1262,car,1124.0,,676.0,,1152.748,100.0,458.0,218.0,543.787,,,0.6775,0.3225,,False,on_map_at_end
1264,car,1127.0,,673.0,,372.528,96.0,542.0,131.0,639.472,,,0.8053,0.1947,,False,on_map_at_end
1265,car,1125.0,,675.0,,276.222,78.0,555.0,120.0,650.14,,,0.8222,0.1778,,False,on_map_at_end
1266,truck,1127.0,,673.0,,92.449,100.0,607.0,66.0,661.154,,,0.9019,0.0981,,False,on_map_at_end
1267,car,1128.0,,672.0,,1428.418,100.0,356.0,316.0,542.542,,,0.5298,0.4702,,False,on_map_at_end
1268,car,1129.0,,671.0,,268.721,74.0,548.0,123.0,646.815,,,0.8167,0.1833,,False,on_map_at_end
1272,car,1131.0,,669.0,,52.57,100.0,553.0,116.0,662.313,,,0.8266,0.1734,,False,on_map_at_end
1273,car,1131.0,,669.0,,302.838,100.0,529.0,140.0,641.284,,,0.7907,0.2093,,False,on_map_at_end
1274,car,1133.0,,667.0,,45.069,100.0,547.0,120.0,662.259,,,0.8201,0.1799,,False,on_map_at_end
1275,car,1132.0,,668.0,,2295.606,100.0,239.0,429.0,449.903,,,0.3578,0.6422,,False,on_map_at_end
1277,car,1134.0,,666.0,,1393.456,71.0,459.0,207.0,540.101,,,0.6892,0.3108,,False,on_map_at_end
1278,car,1133.0,,667.0,,429.407,88.0,578.0,89.0,621.824,,,0.8666,0.1334,,False,on_map_at_end
1279,car,1134.0,,666.0,,244.492,100.0,545.0,121.0,636.527,,,0.8183,0.1817,,False,on_map_at_end
1280,car,1134.0,,666.0,,1426.967,100.0,452.0,214.0,509.572,,,0.6787,0.3213,,False,on_map_at_end
1281,truck,1135.0,,665.0,,1448.747,100.0,325.0,340.0,491.081,,,0.4887,0.5113,,False,on_map_at_end
1282,car,1136.0,,664.0,,648.806,86.0,369.0,295.0,605.156,,,0.5557,0.4443,,False,on_map_at_end
1283,car,1137.0,,663.0,,236.109,100.0,535.0,128.0,636.947,,,0.8069,0.1931,,False,on_map_at_end
1284,car,1139.0,,661.0,,764.207,100.0,437.0,224.0,569.574,,,0.6611,0.3389,,False,on_map_at_end
1285,car,1139.0,,661.0,,228.608,100.0,527.0,134.0,632.814,,,0.7973,0.2027,,False,on_map_at_end
1286,truck,1141.0,,659.0,,661.471,100.0,440.0,219.0,577.231,,,0.6677,0.3323,,False,on_map_at_end
1287,car,1140.0,,660.0,,1264.953,100.0,395.0,265.0,542.976,,,0.5985,0.4015,,False,on_map_at_end
1289,car,1140.0,,660.0,,714.494,81.0,374.0,286.0,589.255,,,0.5667,0.4333,,False,on_map_at_end
1290,car,1140.0,,660.0,,638.045,100.0,466.0,194.0,602.575,,,0.7061,0.2939,,False,on_map_at_end
1291,truck,1141.0,,659.0,,1288.58,100.0,355.0,304.0,503.779,,,0.5387,0.4613,,False,on_map_at_end
1292,car,1142.0,,658.0,,803.974,94.0,477.0,181.0,550.621,,,0.7249,0.2751,,False,on_map_at_end
1295,car,1144.0,,656.0,,930.542,100.0,427.0,229.0,572.061,,,0.6509,0.3491,,False,on_map_at_end
1296,truck,1144.0,,656.0,,1398.963,100.0,420.0,236.0,460.057,,,0.6402,0.3598,,False,on_map_at_end
1297,car,1145.0,,655.0,,364.596,98.0,540.0,115.0,622.186,,,0.8244,0.1756,,False,on_map_at_end
1298,car,1145.0,,655.0,,706.894,77.0,380.0,275.0,586.785,,,0.5802,0.4198,,False,on_map_at_end
1299,car,1145.0,,655.0,,1756.128,100.0,364.0,291.0,495.275,,,0.5557,0.4443,,False,on_map_at_end
1301,truck,1146.0,,654.0,,845.932,86.0,510.0,144.0,550.963,,,0.7798,0.2202,,False,on_map_at_end
1304,car,1147.0,,653.0,,814.458,100.0,421.0,232.0,561.009,,,0.6447,0.3553,,False,on_map_at_end
1305,car,1167.0,,633.0,,37.568,100.0,532.0,101.0,628.233,,,0.8404,0.1596,,False,on_map_at_end
1307,car,1637.0,,163.0,,1517.534,19.0,18.0,145.0,26.041,,,0.1104,0.8896,,False,on_map_at_end
1308,car,1149.0,,651.0,,261.22,70.0,529.0,122.0,627.49,,,0.8126,0.1874,,False,on_map_at_end
1309,car,1149.0,,651.0,,356.71,100.0,539.0,112.0,618.896,,,0.828,0.172,,False,on_map_at_end
1311,truck,1150.0,,650.0,,1320.376,100.0,313.0,337.0,491.492,,,0.4815,0.5185,,False,on_map_at_end
1312,car,1150.0,,650.0,,1326.019,100.0,373.0,277.0,530.58,,,0.5738,0.4262,,False,on_map_at_end
1314,car,1151.0,,649.0,,349.047,100.0,535.0,114.0,617.585,,,0.8243,0.1757,,False,on_map_at_end
1316,truck,1153.0,,647.0,,335.96,100.0,530.0,117.0,606.669,,,0.8192,0.1808,,False,on_map_at_end
1318,car,1351.0,,449.0,,30.066,100.0,367.0,82.0,445.733,,,0.8174,0.1826,,False,on_map_at_end
1319,car,1154.0,,646.0,,1562.574,100.0,386.0,260.0,469.699,,,0.5975,0.4025,,False,on_map_at_end
1320,car,1155.0,,645.0,,1985.151,100.0,409.0,236.0,462.578,,,0.6341,0.3659,,False,on_map_at_end
1321,truck,1156.0,,644.0,,1611.979,100.0,410.0,234.0,450.373,,,0.6366,0.3634,,False,on_map_at_end
1322,car,1156.0,,644.0,,1738.844,43.0,269.0,375.0,471.136,,,0.4177,0.5823,,False,on_map_at_end
1323,car,1156.0,,644.0,,1524.869,100.0,267.0,377.0,505.737,,,0.4146,0.5854,,False,on_map_at_end
1325,car,1156.0,,644.0,,253.718,67.0,518.0,126.0,621.165,,,0.8043,0.1957,,False,on_map_at_end
1326,truck,1158.0,,642.0,,760.235,100.0,400.0,242.0,506.643,,,0.6231,0.3769,,False,on_map_at_end
1327,car,1159.0,,641.0,,246.217,63.0,513.0,128.0,618.84,,,0.8003,0.1997,,False,on_map_at_end
1328,car,1160.0,,640.0,,1644.548,53.0,287.0,353.0,491.454,,,0.4484,0.5516,,False,on_map_at_end
1331,truck,1161.0,,639.0,,1286.089,100.0,335.0,304.0,454.894,,,0.5243,0.4757,,False,on_map_at_end
1333,car,1161.0,,639.0,,1620.749,93.0,405.0,234.0,491.879,,,0.6338,0.3662,,False,on_map_at_end
1335,car,1163.0,,637.0,,489.405,78.0,361.0,276.0,587.11,,,0.5667,0.4333,,False,on_map_at_end
1336,truck,1164.0,,636.0,,1396.231,100.0,327.0,309.0,467.987,,,0.5142,0.4858,,False,on_map_at_end
1337,car,1164.0,,636.0,,1575.286,100.0,373.0,263.0,492.78,,,0.5865,0.4135,,False,on_map_at_end
1338,car,1165.0,,635.0,,238.716,59.0,508.0,127.0,613.515,,,0.8,0.2,,False,on_map_at_end
1339,car,1165.0,,635.0,,1605.498,88.0,385.0,250.0,488.123,,,0.6063,0.3937,,False,on_map_at_end
1340,car,1165.0,,635.0,,1100.005,100.0,466.0,169.0,533.371,,,0.7339,0.2661,,False,on_map_at_end
1341,truck,1167.0,,633.0,,225.715,56.0,498.0,135.0,605.903,,,0.7867,0.2133,,False,on_map_at_end
1342,car,1167.0,,633.0,,919.571,100.0,495.0,138.0,549.436,,,0.782,0.218,,False,on_map_at_end
1343,car,1167.0,,633.0,,1353.225,100.0,381.0,252.0,510.328,,,0.6019,0.3981,,False,on_map_at_end
1347,car,1170.0,,630.0,,218.214,53.0,493.0,137.0,610.361,,,0.7825,0.2175,,False,on_map_at_end
1348,car,1173.0,,627.0,,837.795,88.0,504.0,123.0,546.435,,,0.8038,0.1962,,False,on_map_at_end
1349,car,1173.0,,627.0,,271.761,80.0,542.0,85.0,592.695,,,0.8644,0.1356,,False,on_map_at_end
1350,car,1175.0,,625.0,,1626.217,62.0,380.0,245.0,477.987,,,0.608,0.392,,False,on_map_at_end
1351,truck,1177.0,,623.0,,1511.868,100.0,237.0,386.0,441.503,,,0.3804,0.6196,,False,on_map_at_end
1352,car,1177.0,,623.0,,264.26,79.0,537.0,86.0,587.316,,,0.862,0.138,,False,on_map_at_end
1353,car,1177.0,,623.0,,1488.652,90.0,423.0,200.0,475.951,,,0.679,0.321,,False,on_map_at_end
1356,truck,1180.0,,620.0,,866.655,73.0,337.0,283.0,515.914,,,0.5435,0.4565,,False,on_map_at_end
1358,car,1368.0,,432.0,,22.565,100.0,366.0,66.0,429.549,,,0.8472,0.1528,,False,on_map_at_end
1359,car,1760.0,,40.0,,0.0,40.0,40.0,0.0,40.0,,,1.0,0.0,,False,on_map_at_end
1362,car,1186.0,,614.0,,649.859,100.0,503.0,111.0,527.566,,,0.8192,0.1808,,False,on_map_at_end
1363,car,1186.0,,614.0,,210.713,51.0,490.0,124.0,595.036,,,0.798,0.202,,False,on_map_at_end
1364,car,1187.0,,613.0,,1012.653,98.0,330.0,283.0,521.86,,,0.5383,0.4617,,False,on_map_at_end
1365,car,1609.0,,191.0,,15.064,100.0,148.0,43.0,189.22,,,0.7749,0.2251,,False,on_map_at_end
1366,truck,1188.0,,612.0,,1522.536,64.0,372.0,240.0,429.008,,,0.6078,0.3922,,False,on_map_at_end
1367,car,1188.0,,612.0,,1383.961,100.0,410.0,202.0,459.442,,,0.6699,0.3301,,False,on_map_at_end
1368,car,1188.0,,612.0,,101.049,100.0,571.0,41.0,565.905,,,0.933,0.067,,False,on_map_at_end
1369,car,1667.0,,133.0,,7.563,100.0,108.0,25.0,132.189,,,0.812,0.188,,False,on_map_at_end
1370,car,1190.0,,610.0,,781.423,97.0,440.0,170.0,496.813,,,0.7213,0.2787,,False,on_map_at_end
1371,truck,1190.0,,610.0,,79.448,100.0,541.0,69.0,600.197,,,0.8869,0.1131,,False,on_map_at_end
1373,car,1190.0,,610.0,,902.363,74.0,433.0,177.0,526.826,,,0.7098,0.2902,,False,on_map_at_end
1374,car,1701.0,,99.0,,0.062,99.0,99.0,0.0,98.992,,,1.0,0.0,,False,on_map_at_end
1375,car,1191.0,,609.0,,239.155,100.0,492.0,117.0,581.365,,,0.8079,0.1921,,False,on_map_at_end
1376,truck,1191.0,,609.0,,2119.092,100.0,277.0,332.0,353.788,,,0.4548,0.5452,,False,on_map_at_end
1378,car,1191.0,,609.0,,203.212,48.0,482.0,127.0,590.711,,,0.7915,0.2085,,False,on_map_at_end
138,car,247.0,,1553.0,,2238.867,100.0,1234.0,319.0,1345.707,,,0.7946,0.2054,,False,on_map_at_end
1380,car,1194.0,,606.0,,924.357,100.0,389.0,217.0,478.42,,,0.6419,0.3581,,False,on_map_at_end
1381,truck,1194.0,,606.0,,2109.836,96.0,228.0,378.0,352.718,,,0.3762,0.6238,,False,on_map_at_end
1382,car,1195.0,,605.0,,1278.588,100.0,318.0,287.0,433.033,,,0.5256,0.4744,,False,on_map_at_end
1386,truck,1199.0,,601.0,,1439.744,87.0,362.0,239.0,425.286,,,0.6023,0.3977,,False,on_map_at_end
1390,car,1201.0,,599.0,,328.417,100.0,524.0,75.0,569.442,,,0.8748,0.1252,,False,on_map_at_end
1391,truck,1202.0,,598.0,,603.473,100.0,408.0,190.0,515.093,,,0.6823,0.3177,,False,on_map_at_end
1394,car,1203.0,,597.0,,252.331,100.0,496.0,101.0,573.62,,,0.8308,0.1692,,False,on_map_at_end
1395,car,1203.0,,597.0,,519.834,100.0,457.0,140.0,541.579,,,0.7655,0.2345,,False,on_map_at_end
1396,truck,1204.0,,596.0,,215.607,100.0,461.0,135.0,569.979,,,0.7735,0.2265,,False,on_map_at_end
1397,car,1204.0,,596.0,,1604.478,100.0,405.0,191.0,445.763,,,0.6795,0.3205,,False,on_map_at_end
1400,car,1208.0,,592.0,,962.796,100.0,303.0,289.0,501.801,,,0.5118,0.4882,,False,on_map_at_end
1402,car,1209.0,,591.0,,228.669,100.0,522.0,69.0,570.083,,,0.8832,0.1168,,False,on_map_at_end
1405,car,1212.0,,588.0,,1706.44,100.0,320.0,268.0,431.712,,,0.5442,0.4558,,False,on_map_at_end
1406,truck,1213.0,,587.0,,1278.526,100.0,380.0,207.0,431.814,,,0.6474,0.3526,,False,on_map_at_end
1407,car,1213.0,,587.0,,2055.757,100.0,305.0,282.0,400.982,,,0.5196,0.4804,,False,on_map_at_end
1410,car,1214.0,,586.0,,320.892,100.0,513.0,73.0,557.119,,,0.8754,0.1246,,False,on_map_at_end
1411,truck,1215.0,,585.0,,1265.587,100.0,289.0,296.0,409.306,,,0.494,0.506,,False,on_map_at_end
1412,car,1215.0,,585.0,,1452.107,53.0,259.0,326.0,454.309,,,0.4427,0.5573,,False,on_map_at_end
1413,car,1215.0,,585.0,,894.587,100.0,455.0,130.0,503.869,,,0.7778,0.2222,,False,on_map_at_end
1415,car,1218.0,,582.0,,313.384,100.0,511.0,71.0,553.795,,,0.878,0.122,,False,on_map_at_end
1417,car,1219.0,,581.0,,2219.684,89.0,188.0,393.0,380.623,,,0.3236,0.6764,,False,on_map_at_end
1418,car,1219.0,,581.0,,633.804,77.0,322.0,259.0,523.609,,,0.5542,0.4458,,False,on_map_at_end
1421,truck,1220.0,,580.0,,1206.877,100.0,312.0,268.0,410.419,,,0.5379,0.4621,,False,on_map_at_end
1423,car,1221.0,,579.0,,2056.99,100.0,329.0,250.0,379.976,,,0.5682,0.4318,,False,on_map_at_end
1425,car,1221.0,,579.0,,2459.56,91.0,177.0,402.0,327.063,,,0.3057,0.6943,,False,on_map_at_end
1427,car,1224.0,,576.0,,1888.061,100.0,300.0,276.0,404.931,,,0.5208,0.4792,,False,on_map_at_end
1428,car,1224.0,,576.0,,208.106,98.0,434.0,142.0,548.711,,,0.7535,0.2465,,False,on_map_at_end
1433,car,1230.0,,570.0,,1755.003,100.0,229.0,341.0,411.616,,,0.4018,0.5982,,False,on_map_at_end
1434,car,1232.0,,568.0,,841.325,94.0,344.0,224.0,490.958,,,0.6056,0.3944,,False,on_map_at_end
1436,truck,1233.0,,567.0,,791.588,96.0,438.0,129.0,471.834,,,0.7725,0.2275,,False,on_map_at_end
1437,car,1233.0,,567.0,,195.71,44.0,440.0,127.0,549.386,,,0.776,0.224,,False,on_map_at_end
1438,car,1234.0,,566.0,,333.577,95.0,445.0,121.0,477.998,,,0.7862,0.2138,,False,on_map_at_end
1439,car,1234.0,,566.0,,2049.489,100.0,322.0,244.0,379.236,,,0.5689,0.4311,,False,on_map_at_end
1440,car,1235.0,,565.0,,1747.502,100.0,223.0,342.0,407.44,,,0.3947,0.6053,,False,on_map_at_end
1441,truck,1236.0,,564.0,,1423.699,100.0,334.0,230.0,374.8,,,0.5922,0.4078,,False,on_map_at_end
1442,car,1236.0,,564.0,,924.748,87.0,285.0,279.0,480.466,,,0.5053,0.4947,,False,on_map_at_end
1445,car,1239.0,,561.0,,200.604,96.0,418.0,143.0,538.495,,,0.7451,0.2549,,False,on_map_at_end
1446,truck,1239.0,,561.0,,182.709,41.0,427.0,134.0,539.066,,,0.7611,0.2389,,False,on_map_at_end
1447,car,1240.0,,560.0,,175.208,38.0,423.0,137.0,544.231,,,0.7554,0.2446,,False,on_map_at_end
1449,car,1241.0,,559.0,,221.168,100.0,497.0,62.0,538.419,,,0.8891,0.1109,,False,on_map_at_end
1453,car,1243.0,,557.0,,1575.493,80.0,309.0,248.0,402.24,,,0.5548,0.4452,,False,on_map_at_end
1456,truck,1249.0,,551.0,,753.582,100.0,338.0,213.0,460.534,,,0.6134,0.3866,,False,on_map_at_end
1458,car,1249.0,,551.0,,131.638,80.0,477.0,74.0,532.785,,,0.8657,0.1343,,False,on_map_at_end
1460,car,1251.0,,549.0,,1199.376,100.0,284.0,265.0,402.147,,,0.5173,0.4827,,False,on_map_at_end
1463,car,1255.0,,545.0,,193.103,93.0,406.0,139.0,523.0,,,0.745,0.255,,False,on_map_at_end
1464,car,1256.0,,544.0,,1004.154,86.0,252.0,292.0,453.625,,,0.4632,0.5368,,False,on_map_at_end
1466,truck,1260.0,,540.0,,1046.437,83.0,321.0,219.0,338.492,,,0.5944,0.4056,,False,on_map_at_end
1467,car,1264.0,,536.0,,817.495,100.0,385.0,151.0,449.001,,,0.7183,0.2817,,False,on_map_at_end
1468,car,1264.0,,536.0,,1502.832,100.0,368.0,168.0,399.807,,,0.6866,0.3134,,False,on_map_at_end
1470,car,1265.0,,535.0,,573.468,100.0,413.0,122.0,459.737,,,0.772,0.228,,False,on_map_at_end
1472,car,1267.0,,533.0,,1481.807,99.0,255.0,278.0,399.636,,,0.4784,0.5216,,False,on_map_at_end
1473,car,1269.0,,531.0,,167.707,36.0,405.0,126.0,515.906,,,0.7627,0.2373,,False,on_map_at_end
1474,car,1269.0,,531.0,,1233.375,100.0,212.0,319.0,419.738,,,0.3992,0.6008,,False,on_map_at_end
1476,truck,1272.0,,528.0,,835.089,100.0,362.0,166.0,427.548,,,0.6856,0.3144,,False,on_map_at_end
1477,car,1273.0,,527.0,,160.206,32.0,397.0,130.0,512.581,,,0.7533,0.2467,,False,on_map_at_end
1478,car,1274.0,,526.0,,152.705,29.0,394.0,132.0,512.256,,,0.749,0.251,,False,on_map_at_end
1481,truck,1275.0,,525.0,,236.256,81.0,430.0,95.0,496.517,,,0.819,0.181,,False,on_map_at_end
1482,car,1276.0,,524.0,,1501.411,100.0,221.0,303.0,388.859,,,0.4218,0.5782,,False,on_map_at_end
1483,car,1279.0,,521.0,,1482.467,86.0,335.0,186.0,386.565,,,0.643,0.357,,False,on_map_at_end
1484,car,1280.0,,520.0,,772.908,100.0,349.0,171.0,449.808,,,0.6712,0.3288,,False,on_map_at_end
1490,car,1284.0,,516.0,,1451.858,100.0,227.0,289.0,384.747,,,0.4399,0.5601,,False,on_map_at_end
1491,truck,1284.0,,516.0,,1235.779,100.0,261.0,255.0,367.647,,,0.5058,0.4942,,False,on_map_at_end
1493,car,1286.0,,514.0,,1551.528,100.0,274.0,240.0,355.137,,,0.5331,0.4669,,False,on_map_at_end
1494,car,1287.0,,513.0,,124.137,80.0,440.0,73.0,495.497,,,0.8577,0.1423,,False,on_map_at_end
1496,truck,1289.0,,511.0,,1633.539,100.0,256.0,255.0,305.748,,,0.501,0.499,,False,on_map_at_end
1497,car,1289.0,,511.0,,1474.966,82.0,313.0,198.0,377.529,,,0.6125,0.3875,,False,on_map_at_end
1498,car,1290.0,,510.0,,1602.121,94.0,197.0,313.0,347.988,,,0.3863,0.6137,,False,on_map_at_end
1499,car,1291.0,,509.0,,305.88,100.0,439.0,70.0,481.471,,,0.8625,0.1375,,False,on_map_at_end
1500,car,1291.0,,509.0,,518.988,91.0,415.0,94.0,454.284,,,0.8153,0.1847,,False,on_map_at_end
1501,truck,1291.0,,509.0,,464.888,100.0,428.0,81.0,452.208,,,0.8409,0.1591,,False,on_map_at_end
1505,car,1296.0,,504.0,,909.745,92.0,254.0,250.0,421.289,,,0.504,0.496,,False,on_map_at_end
1506,truck,1298.0,,502.0,,574.537,100.0,380.0,122.0,433.028,,,0.757,0.243,,False,on_map_at_end
1507,car,1300.0,,500.0,,228.755,81.0,407.0,93.0,473.308,,,0.814,0.186,,False,on_map_at_end
1509,car,1301.0,,499.0,,1363.459,100.0,304.0,195.0,348.287,,,0.6092,0.3908,,False,on_map_at_end
1511,truck,1301.0,,499.0,,1662.389,60.0,211.0,288.0,298.532,,,0.4228,0.5772,,False,on_map_at_end
1514,car,1307.0,,493.0,,1452.462,75.0,271.0,222.0,360.259,,,0.5497,0.4503,,False,on_map_at_end
1516,truck,1308.0,,492.0,,292.878,100.0,408.0,84.0,456.841,,,0.8293,0.1707,,False,on_map_at_end
1518,car,1309.0,,491.0,,1496.686,100.0,315.0,176.0,346.663,,,0.6415,0.3585,,False,on_map_at_end
1520,car,1310.0,,490.0,,1053.591,100.0,345.0,145.0,392.364,,,0.7041,0.2959,,False,on_map_at_end
1522,car,1311.0,,489.0,,1647.138,56.0,195.0,294.0,339.589,,,0.3988,0.6012,,False,on_map_at_end
1528,car,1317.0,,483.0,,696.838,81.0,221.0,262.0,414.883,,,0.4576,0.5424,,False,on_map_at_end
1529,car,1318.0,,482.0,,1444.357,100.0,186.0,296.0,351.423,,,0.3859,0.6141,,False,on_map_at_end
1531,truck,1319.0,,481.0,,139.703,27.0,351.0,130.0,464.229,,,0.7297,0.2703,,False,on_map_at_end
1532,car,1320.0,,480.0,,132.201,24.0,349.0,131.0,468.102,,,0.7271,0.2729,,False,on_map_at_end
1534,car,1320.0,,480.0,,1200.035,100.0,285.0,195.0,348.533,,,0.5938,0.4062,,False,on_map_at_end
1535,car,1324.0,,476.0,,124.698,22.0,347.0,129.0,464.777,,,0.729,0.271,,False,on_map_at_end
1537,car,1323.0,,477.0,,221.254,79.0,384.0,93.0,451.315,,,0.805,0.195,,False,on_map_at_end
1540,car,1328.0,,472.0,,1446.888,100.0,272.0,200.0,317.197,,,0.5763,0.4237,,False,on_map_at_end
1543,car,1330.0,,470.0,,345.645,100.0,401.0,69.0,433.544,,,0.8532,0.1468,,False,on_map_at_end
1544,car,1330.0,,470.0,,1681.993,85.0,141.0,329.0,318.452,,,0.3,0.7,,False,on_map_at_end
1545,car,1332.0,,468.0,,2120.555,100.0,221.0,247.0,266.914,,,0.4722,0.5278,,False,on_map_at_end
1546,truck,1334.0,,466.0,,820.309,78.0,232.0,234.0,367.05,,,0.4979,0.5021,,False,on_map_at_end
1547,car,1334.0,,466.0,,1473.941,83.0,179.0,287.0,329.203,,,0.3841,0.6159,,False,on_map_at_end
1548,car,1335.0,,465.0,,1505.096,98.0,298.0,167.0,328.979,,,0.6409,0.3591,,False,on_map_at_end
1549,car,1335.0,,465.0,,185.602,92.0,339.0,126.0,442.665,,,0.729,0.271,,False,on_map_at_end
1550,car,1336.0,,464.0,,631.178,100.0,263.0,201.0,400.306,,,0.5668,0.4332,,False,on_map_at_end
1551,truck,1336.0,,464.0,,2184.536,22.0,55.0,409.0,199.927,,,0.1185,0.8815,,False,on_map_at_end
1552,car,1337.0,,463.0,,606.786,100.0,317.0,146.0,399.162,,,0.6847,0.3153,,False,on_map_at_end
1553,car,1338.0,,462.0,,206.166,100.0,394.0,68.0,442.759,,,0.8528,0.1472,,False,on_map_at_end
1554,car,1339.0,,461.0,,117.194,18.0,336.0,125.0,450.452,,,0.7289,0.2711,,False,on_map_at_end
1556,truck,1340.0,,460.0,,2120.076,100.0,184.0,276.0,205.01,,,0.4,0.6,,False,on_map_at_end
1559,car,1342.0,,458.0,,1535.641,72.0,229.0,229.0,319.062,,,0.5,0.5,,False,on_map_at_end
1561,truck,1343.0,,457.0,,279.876,100.0,378.0,79.0,423.401,,,0.8271,0.1729,,False,on_map_at_end
1562,car,1343.0,,457.0,,92.205,100.0,431.0,26.0,429.702,,,0.9431,0.0569,,False,on_map_at_end
1564,car,1344.0,,456.0,,272.375,100.0,373.0,83.0,431.486,,,0.818,0.182,,False,on_map_at_end
1566,truck,1347.0,,453.0,,1194.774,100.0,230.0,223.0,309.57,,,0.5077,0.4923,,False,on_map_at_end
1567,car,1347.0,,453.0,,1405.883,100.0,231.0,222.0,281.484,,,0.5099,0.4901,,False,on_map_at_end
1568,car,1348.0,,452.0,,387.449,98.0,368.0,84.0,370.62,,,0.8142,0.1858,,False,on_map_at_end
1569,car,1348.0,,452.0,,1135.495,93.0,193.0,259.0,349.615,,,0.427,0.573,,False,on_map_at_end
1571,truck,1349.0,,451.0,,1468.593,100.0,207.0,244.0,273.494,,,0.459,0.541,,False,on_map_at_end
1572,car,1350.0,,450.0,,178.101,89.0,330.0,120.0,432.337,,,0.7333,0.2667,,False,on_map_at_end
1573,car,1351.0,,449.0,,109.682,15.0,325.0,124.0,439.129,,,0.7238,0.2762,,False,on_map_at_end
1575,car,1352.0,,448.0,,680.223,73.0,222.0,226.0,386.188,,,0.4955,0.5045,,False,on_map_at_end
1580,car,1355.0,,445.0,,264.874,100.0,369.0,76.0,421.161,,,0.8292,0.1708,,False,on_map_at_end
1582,car,1358.0,,442.0,,2434.181,69.0,101.0,341.0,205.127,,,0.2285,0.7715,,False,on_map_at_end
1583,car,1358.0,,442.0,,567.036,100.0,355.0,87.0,390.966,,,0.8032,0.1968,,False,on_map_at_end
1584,car,1362.0,,438.0,,1495.614,99.0,274.0,164.0,302.78,,,0.6256,0.3744,,False,on_map_at_end
1585,car,1363.0,,437.0,,257.372,100.0,365.0,72.0,413.836,,,0.8352,0.1648,,False,on_map_at_end
1586,truck,1365.0,,435.0,,1449.385,94.0,184.0,251.0,260.365,,,0.423,0.577,,False,on_map_at_end
1587,car,1365.0,,435.0,,459.889,95.0,365.0,70.0,387.514,,,0.8391,0.1609,,False,on_map_at_end
1588,car,1366.0,,434.0,,810.308,73.0,189.0,245.0,348.286,,,0.4355,0.5645,,False,on_map_at_end
1590,car,1367.0,,433.0,,249.871,100.0,360.0,73.0,410.511,,,0.8314,0.1686,,False,on_map_at_end
1592,car,1368.0,,432.0,,102.149,15.0,308.0,124.0,422.806,,,0.713,0.287,,False,on_map_at_end
1593,car,1369.0,,431.0,,213.753,80.0,356.0,75.0,401.067,,,0.826,0.174,,False,on_map_at_end
1594,car,1369.0,,431.0,,1355.958,100.0,242.0,189.0,280.963,,,0.5615,0.4385,,False,on_map_at_end
1596,truck,1370.0,,430.0,,236.87,100.0,350.0,80.0,401.564,,,0.814,0.186,,False,on_map_at_end
1597,car,1371.0,,429.0,,94.596,15.0,304.0,125.0,420.486,,,0.7086,0.2914,,False,on_map_at_end
1599,car,1371.0,,429.0,,1287.587,100.0,237.0,192.0,312.024,,,0.5524,0.4476,,False,on_map_at_end
160,truck,301.0,,1499.0,,1686.537,87.0,1174.0,325.0,1292.783,,,0.7832,0.2168,,False,on_map_at_end
1603,car,1373.0,,427.0,,970.474,100.0,283.0,144.0,337.932,,,0.6628,0.3372,,False,on_map_at_end
1604,car,1375.0,,425.0,,945.009,100.0,292.0,133.0,326.166,,,0.6871,0.3129,,False,on_map_at_end
1605,car,1376.0,,424.0,,1055.038,100.0,251.0,173.0,320.499,,,0.592,0.408,,False,on_map_at_end
1606,truck,1376.0,,424.0,,1579.493,83.0,187.0,237.0,233.932,,,0.441,0.559,,False,on_map_at_end
1607,car,1380.0,,420.0,,758.422,100.0,278.0,142.0,308.443,,,0.6619,0.3381,,False,on_map_at_end
1608,car,1385.0,,415.0,,707.594,100.0,295.0,120.0,351.316,,,0.7108,0.2892,,False,on_map_at_end
1609,car,1381.0,,419.0,,170.6,84.0,320.0,99.0,400.461,,,0.7637,0.2363,,False,on_map_at_end
1610,car,1381.0,,419.0,,169.207,100.0,385.0,34.0,402.631,,,0.9189,0.0811,,False,on_map_at_end
1611,truck,1381.0,,419.0,,1148.059,100.0,226.0,193.0,281.033,,,0.5394,0.4606,,False,on_map_at_end
1614,car,1382.0,,418.0,,767.814,100.0,294.0,124.0,343.419,,,0.7033,0.2967,,False,on_map_at_end
1615,car,1383.0,,417.0,,1422.289,82.0,152.0,265.0,283.693,,,0.3645,0.6355,,False,on_map_at_end
1616,truck,1383.0,,417.0,,911.423,100.0,250.0,167.0,307.2,,,0.5995,0.4005,,False,on_map_at_end
1617,car,1383.0,,417.0,,206.252,73.0,342.0,75.0,393.123,,,0.8201,0.1799,,False,on_map_at_end
1618,car,1384.0,,416.0,,198.75,72.0,338.0,78.0,393.153,,,0.8125,0.1875,,False,on_map_at_end
1619,car,1386.0,,414.0,,444.887,89.0,330.0,84.0,368.972,,,0.7971,0.2029,,False,on_map_at_end
1620,car,1387.0,,413.0,,1145.37,100.0,163.0,250.0,270.321,,,0.3947,0.6053,,False,on_map_at_end
1621,truck,1388.0,,412.0,,1285.579,100.0,224.0,188.0,256.798,,,0.5437,0.4563,,False,on_map_at_end
1622,car,1391.0,,409.0,,229.369,100.0,337.0,72.0,388.357,,,0.824,0.176,,False,on_map_at_end
1625,car,1392.0,,408.0,,1249.139,100.0,232.0,176.0,294.759,,,0.5686,0.4314,,False,on_map_at_end
1627,car,1395.0,,405.0,,87.005,14.0,290.0,115.0,397.169,,,0.716,0.284,,False,on_map_at_end
1629,car,1395.0,,405.0,,163.099,82.0,308.0,97.0,384.653,,,0.7605,0.2395,,False,on_map_at_end
1630,car,1396.0,,404.0,,1186.367,100.0,213.0,191.0,288.67,,,0.5272,0.4728,,False,on_map_at_end
1631,truck,1398.0,,402.0,,871.47,66.0,221.0,181.0,289.008,,,0.5498,0.4502,,False,on_map_at_end
1632,car,1398.0,,402.0,,1280.086,100.0,215.0,187.0,286.05,,,0.5348,0.4652,,False,on_map_at_end
1633,car,1398.0,,402.0,,155.598,80.0,302.0,100.0,383.349,,,0.7512,0.2488,,False,on_map_at_end
1635,car,1399.0,,401.0,,1327.691,100.0,208.0,193.0,281.149,,,0.5187,0.4813,,False,on_map_at_end
1636,truck,1401.0,,399.0,,185.749,66.0,339.0,60.0,376.636,,,0.8496,0.1504,,False,on_map_at_end
1638,car,1402.0,,398.0,,750.906,100.0,273.0,125.0,299.434,,,0.6859,0.3141,,False,on_map_at_end
1639,car,1599.0,,201.0,,515.049,69.0,121.0,80.0,137.916,,,0.602,0.398,,False,on_map_at_end
1641,truck,1405.0,,395.0,,1342.956,100.0,213.0,182.0,224.781,,,0.5392,0.4608,,False,on_map_at_end
1642,car,1407.0,,393.0,,525.816,78.0,173.0,220.0,341.798,,,0.4402,0.5598,,False,on_map_at_end
1643,car,1407.0,,393.0,,71.947,100.0,319.0,74.0,384.353,,,0.8117,0.1883,,False,on_map_at_end
1644,car,1409.0,,391.0,,900.828,90.0,175.0,216.0,290.392,,,0.4476,0.5524,,False,on_map_at_end
1645,car,1409.0,,391.0,,221.868,100.0,320.0,71.0,371.032,,,0.8184,0.1816,,False,on_map_at_end
1647,car,1410.0,,390.0,,214.366,100.0,315.0,75.0,370.707,,,0.8077,0.1923,,False,on_map_at_end
1648,car,1410.0,,390.0,,342.81,71.0,189.0,201.0,359.147,,,0.4846,0.5154,,False,on_map_at_end
1649,car,1412.0,,388.0,,604.975,37.0,297.0,91.0,316.74,,,0.7655,0.2345,,False,on_map_at_end
1650,car,1412.0,,388.0,,206.865,100.0,311.0,77.0,369.382,,,0.8015,0.1985,,False,on_map_at_end
1652,car,1415.0,,385.0,,1531.408,28.0,95.0,290.0,232.797,,,0.2468,0.7532,,False,on_map_at_end
1653,car,1415.0,,385.0,,1241.361,81.0,204.0,181.0,236.778,,,0.5299,0.4701,,False,on_map_at_end
1656,truck,1417.0,,383.0,,738.713,100.0,215.0,168.0,294.319,,,0.5614,0.4386,,False,on_map_at_end
1658,car,1422.0,,378.0,,1518.919,80.0,187.0,191.0,237.532,,,0.4947,0.5053,,False,on_map_at_end
1659,car,1424.0,,376.0,,1403.956,52.0,186.0,190.0,249.188,,,0.4947,0.5053,,False,on_map_at_end
1660,car,1423.0,,377.0,,717.472,100.0,210.0,167.0,311.691,,,0.557,0.443,,False,on_map_at_end
1665,car,1426.0,,374.0,,1173.428,100.0,213.0,161.0,266.806,,,0.5695,0.4305,,False,on_map_at_end
1668,car,1430.0,,370.0,,745.252,100.0,275.0,95.0,291.624,,,0.7432,0.2568,,False,on_map_at_end
1669,car,1431.0,,369.0,,873.862,100.0,213.0,156.0,289.399,,,0.5772,0.4228,,False,on_map_at_end
1670,car,1431.0,,369.0,,1122.866,100.0,159.0,210.0,227.076,,,0.4309,0.5691,,False,on_map_at_end
1672,car,1432.0,,368.0,,178.248,77.0,323.0,45.0,348.049,,,0.8777,0.1223,,False,on_map_at_end
1673,car,1432.0,,368.0,,1656.564,79.0,96.0,272.0,207.448,,,0.2609,0.7391,,False,on_map_at_end
1674,car,1434.0,,366.0,,199.364,100.0,294.0,72.0,346.514,,,0.8033,0.1967,,False,on_map_at_end
1675,car,1434.0,,366.0,,573.672,100.0,279.0,87.0,314.369,,,0.7623,0.2377,,False,on_map_at_end
1676,truck,1436.0,,364.0,,715.398,100.0,237.0,127.0,257.067,,,0.6511,0.3489,,False,on_map_at_end
1677,car,1437.0,,363.0,,191.863,100.0,291.0,72.0,345.732,,,0.8017,0.1983,,False,on_map_at_end
1678,car,1439.0,,361.0,,1146.269,100.0,157.0,204.0,257.835,,,0.4349,0.5651,,False,on_map_at_end
1679,car,1439.0,,361.0,,184.362,100.0,287.0,74.0,344.407,,,0.795,0.205,,False,on_map_at_end
1680,car,1440.0,,360.0,,466.331,100.0,274.0,86.0,310.22,,,0.7611,0.2389,,False,on_map_at_end
1681,truck,1440.0,,360.0,,1165.864,100.0,189.0,171.0,219.845,,,0.525,0.475,,False,on_map_at_end
1682,car,1440.0,,360.0,,651.99,82.0,163.0,197.0,294.01,,,0.4528,0.5472,,False,on_map_at_end
1683,car,1440.0,,360.0,,503.528,100.0,252.0,108.0,314.682,,,0.7,0.3,,False,on_map_at_end
1684,car,1441.0,,359.0,,1051.349,100.0,220.0,139.0,262.418,,,0.6128,0.3872,,False,on_map_at_end
1688,car,1444.0,,356.0,,148.097,77.0,261.0,95.0,339.919,,,0.7331,0.2669,,False,on_map_at_end
1689,car,1446.0,,354.0,,1288.399,100.0,199.0,155.0,226.428,,,0.5621,0.4379,,False,on_map_at_end
1690,car,1445.0,,355.0,,558.825,73.0,155.0,200.0,297.095,,,0.4366,0.5634,,False,on_map_at_end
1691,truck,1445.0,,355.0,,516.36,100.0,250.0,105.0,293.012,,,0.7042,0.2958,,False,on_map_at_end
1692,car,1446.0,,354.0,,1269.871,100.0,187.0,167.0,236.914,,,0.5282,0.4718,,False,on_map_at_end
1693,car,1446.0,,354.0,,79.378,12.0,258.0,96.0,346.856,,,0.7288,0.2712,,False,on_map_at_end
1694,car,1446.0,,354.0,,737.751,100.0,266.0,88.0,283.226,,,0.7514,0.2486,,False,on_map_at_end
1695,car,1447.0,,353.0,,563.78,100.0,247.0,106.0,282.928,,,0.6997,0.3003,,False,on_map_at_end
1699,car,1449.0,,351.0,,730.25,100.0,263.0,88.0,282.696,,,0.7493,0.2507,,False,on_map_at_end
1700,car,1450.0,,350.0,,1178.865,100.0,190.0,160.0,241.818,,,0.5429,0.4571,,False,on_map_at_end
1701,truck,1451.0,,349.0,,1283.465,100.0,174.0,175.0,194.439,,,0.4986,0.5014,,False,on_map_at_end
1704,car,1452.0,,348.0,,176.861,100.0,279.0,69.0,332.082,,,0.8017,0.1983,,False,on_map_at_end
1705,car,1452.0,,348.0,,893.327,88.0,140.0,208.0,248.108,,,0.4023,0.5977,,False,on_map_at_end
1707,car,1455.0,,345.0,,1929.144,100.0,141.0,204.0,167.615,,,0.4087,0.5913,,False,on_map_at_end
1708,car,1456.0,,344.0,,511.385,89.0,153.0,191.0,290.3,,,0.4448,0.5552,,False,on_map_at_end
1711,truck,1456.0,,344.0,,718.211,100.0,171.0,173.0,257.78,,,0.4971,0.5029,,False,on_map_at_end
1713,car,1459.0,,341.0,,753.987,100.0,236.0,105.0,263.007,,,0.6921,0.3079,,False,on_map_at_end
1714,car,1461.0,,339.0,,890.042,83.0,155.0,184.0,258.895,,,0.4572,0.5428,,False,on_map_at_end
1717,car,1463.0,,337.0,,457.376,80.0,125.0,212.0,286.993,,,0.3709,0.6291,,False,on_map_at_end
1718,car,1464.0,,336.0,,1315.026,100.0,188.0,148.0,216.89,,,0.5595,0.4405,,False,on_map_at_end
1719,car,1465.0,,335.0,,997.03,100.0,202.0,133.0,244.942,,,0.603,0.397,,False,on_map_at_end
1720,car,1466.0,,334.0,,1115.365,100.0,149.0,185.0,199.726,,,0.4461,0.5539,,False,on_map_at_end
1721,truck,1467.0,,333.0,,1183.972,73.0,87.0,246.0,188.312,,,0.2613,0.7387,,False,on_map_at_end
1722,car,1469.0,,331.0,,1878.653,0.0,61.0,270.0,152.486,,,0.1843,0.8157,,False,on_map_at_end
1723,car,1473.0,,327.0,,71.687,13.0,233.0,94.0,320.548,,,0.7125,0.2875,,False,on_map_at_end
1724,car,1473.0,,327.0,,155.249,82.0,284.0,43.0,306.549,,,0.8685,0.1315,,False,on_map_at_end
1725,car,1734.0,,66.0,,63.843,1.0,1.0,65.0,60.254,,,0.0152,0.9848,,False,on_map_at_end
1726,truck,1477.0,,323.0,,1119.422,100.0,155.0,168.0,188.347,,,0.4799,0.5201,,False,on_map_at_end
1727,car,1477.0,,323.0,,147.748,71.0,268.0,55.0,306.848,,,0.8297,0.1703,,False,on_map_at_end
1731,truck,1481.0,,319.0,,163.86,100.0,248.0,71.0,299.329,,,0.7774,0.2226,,False,on_map_at_end
1733,car,1486.0,,314.0,,621.856,100.0,213.0,101.0,235.408,,,0.6783,0.3217,,False,on_map_at_end
1734,car,1486.0,,314.0,,1213.445,100.0,166.0,148.0,203.958,,,0.5287,0.4713,,False,on_map_at_end
1735,car,1487.0,,313.0,,870.729,83.0,144.0,169.0,234.634,,,0.4601,0.5399,,False,on_map_at_end
1736,truck,1487.0,,313.0,,1384.718,57.0,88.0,225.0,146.472,,,0.2812,0.7188,,False,on_map_at_end
1737,car,1488.0,,312.0,,1026.217,100.0,181.0,131.0,204.456,,,0.5801,0.4199,,False,on_map_at_end
1738,car,1490.0,,310.0,,156.358,100.0,242.0,68.0,295.928,,,0.7806,0.2194,,False,on_map_at_end
1739,car,1490.0,,310.0,,1078.389,100.0,129.0,181.0,160.401,,,0.4161,0.5839,,False,on_map_at_end
1740,car,1490.0,,310.0,,64.446,100.0,269.0,41.0,303.14,,,0.8677,0.1323,,False,on_map_at_end
1741,truck,1492.0,,308.0,,143.357,100.0,235.0,73.0,290.79,,,0.763,0.237,,False,on_map_at_end
1742,car,1491.0,,309.0,,1429.436,27.0,95.0,214.0,180.349,,,0.3074,0.6926,,False,on_map_at_end
1744,car,1492.0,,308.0,,1995.057,56.0,76.0,232.0,112.05,,,0.2468,0.7532,,False,on_map_at_end
1745,car,1494.0,,306.0,,135.856,100.0,230.0,76.0,293.773,,,0.7516,0.2484,,False,on_map_at_end
1746,truck,1494.0,,306.0,,621.594,100.0,205.0,101.0,231.379,,,0.6699,0.3301,,False,on_map_at_end
1747,car,1494.0,,306.0,,140.595,74.0,230.0,76.0,288.693,,,0.7516,0.2484,,False,on_map_at_end
1749,car,1495.0,,305.0,,1472.864,100.0,155.0,150.0,171.944,,,0.5082,0.4918,,False,on_map_at_end
1751,truck,1758.0,,42.0,,50.37,0.0,0.0,42.0,35.953,,,0.0,1.0,,False,on_map_at_end
1753,car,1502.0,,298.0,,661.272,100.0,205.0,93.0,238.066,,,0.6879,0.3121,,False,on_map_at_end
1754,car,1502.0,,298.0,,934.97,100.0,168.0,130.0,213.122,,,0.5638,0.4362,,False,on_map_at_end
1755,car,1502.0,,298.0,,1408.074,100.0,143.0,155.0,161.59,,,0.4799,0.5201,,False,on_map_at_end
1756,truck,1765.0,,35.0,,36.557,0.0,0.0,35.0,30.611,,,0.0,1.0,,False,on_map_at_end
1757,car,1503.0,,297.0,,1116.264,100.0,136.0,161.0,196.535,,,0.4579,0.5421,,False,on_map_at_end
1758,car,1505.0,,295.0,,56.944,100.0,262.0,33.0,287.815,,,0.8881,0.1119,,False,on_map_at_end
1759,car,1505.0,,295.0,,449.875,75.0,108.0,187.0,249.301,,,0.3661,0.6339,,False,on_map_at_end
176,car,318.0,,1482.0,,1216.469,94.0,1249.0,233.0,1369.53,,,0.8428,0.1572,,False,on_map_at_end
1761,truck,1509.0,,291.0,,1351.028,100.0,108.0,183.0,128.362,,,0.3711,0.6289,,False,on_map_at_end
1762,car,1509.0,,291.0,,1233.86,78.0,109.0,182.0,147.333,,,0.3746,0.6254,,False,on_map_at_end
1763,car,1510.0,,290.0,,1479.634,46.0,73.0,217.0,146.615,,,0.2517,0.7483,,False,on_map_at_end
1765,car,1512.0,,288.0,,1432.717,54.0,90.0,198.0,158.523,,,0.3125,0.6875,,False,on_map_at_end
1766,truck,1513.0,,287.0,,1774.612,0.0,18.0,269.0,73.419,,,0.0627,0.9373,,False,on_map_at_end
1768,car,1515.0,,285.0,,128.355,100.0,219.0,66.0,273.448,,,0.7684,0.2316,,False,on_map_at_end
1769,car,1516.0,,284.0,,120.854,100.0,214.0,70.0,273.123,,,0.7535,0.2465,,False,on_map_at_end
1770,car,1518.0,,282.0,,100.1,100.0,240.0,42.0,272.719,,,0.8511,0.1489,,False,on_map_at_end
1771,truck,1518.0,,282.0,,920.803,74.0,89.0,193.0,171.459,,,0.3156,0.6844,,False,on_map_at_end
1772,car,1519.0,,281.0,,1070.888,100.0,125.0,156.0,143.533,,,0.4448,0.5552,,False,on_map_at_end
1774,car,1520.0,,280.0,,442.384,100.0,203.0,77.0,228.176,,,0.725,0.275,,False,on_map_at_end
1775,car,1521.0,,279.0,,2000.983,39.0,38.0,241.0,92.715,,,0.1362,0.8638,,False,on_map_at_end
1776,truck,1522.0,,278.0,,880.326,85.0,94.0,184.0,163.183,,,0.3381,0.6619,,False,on_map_at_end
1777,car,1524.0,,276.0,,113.353,100.0,212.0,64.0,265.798,,,0.7681,0.2319,,False,on_map_at_end
1778,car,1527.0,,273.0,,105.851,100.0,205.0,68.0,263.473,,,0.7509,0.2491,,False,on_map_at_end
1779,car,1528.0,,272.0,,1472.133,68.0,74.0,198.0,138.06,,,0.2721,0.7279,,False,on_map_at_end
178,car,319.0,,1481.0,,2827.786,90.0,932.0,549.0,1195.339,,,0.6293,0.3707,,False,on_map_at_end
1780,car,1530.0,,270.0,,1108.763,100.0,118.0,152.0,170.21,,,0.437,0.563,,False,on_map_at_end
1781,truck,1532.0,,268.0,,1166.071,55.0,96.0,172.0,127.828,,,0.3582,0.6418,,False,on_map_at_end
1783,car,1533.0,,267.0,,457.863,100.0,198.0,69.0,225.792,,,0.7416,0.2584,,False,on_map_at_end
1785,car,1534.0,,266.0,,1993.482,34.0,33.0,233.0,77.028,,,0.1241,0.8759,,False,on_map_at_end
1786,truck,1536.0,,264.0,,1057.887,100.0,99.0,165.0,115.28,,,0.375,0.625,,False,on_map_at_end
1787,car,1538.0,,262.0,,98.35,100.0,194.0,68.0,253.148,,,0.7405,0.2595,,False,on_map_at_end
1788,car,1538.0,,262.0,,1474.258,49.0,77.0,185.0,127.591,,,0.2939,0.7061,,False,on_map_at_end
1789,car,1539.0,,261.0,,469.294,78.0,132.0,129.0,218.763,,,0.5057,0.4943,,False,on_map_at_end
1791,truck,1540.0,,260.0,,1449.159,58.0,58.0,202.0,85.472,,,0.2231,0.7769,,False,on_map_at_end
1792,car,1541.0,,259.0,,766.744,74.0,87.0,172.0,184.871,,,0.3359,0.6641,,False,on_map_at_end
1794,car,1546.0,,254.0,,90.849,100.0,187.0,67.0,245.823,,,0.7362,0.2638,,False,on_map_at_end
1796,truck,1773.0,,27.0,,22.736,0.0,0.0,27.0,24.271,,,0.0,1.0,,False,on_map_at_end
1797,car,1551.0,,249.0,,872.825,82.0,88.0,161.0,160.689,,,0.3534,0.6466,,False,on_map_at_end
1798,car,1780.0,,20.0,,14.425,0.0,0.0,20.0,18.702,,,0.0,1.0,,False,on_map_at_end
1799,car,1554.0,,246.0,,1124.86,100.0,116.0,130.0,134.2,,,0.4715,0.5285,,False,on_map_at_end
1800,car,1555.0,,245.0,,83.348,100.0,186.0,59.0,237.499,,,0.7592,0.2408,,False,on_map_at_end
1801,truck,1556.0,,244.0,,657.369,100.0,129.0,115.0,144.644,,,0.5287,0.4713,,False,on_map_at_end
1802,car,1559.0,,241.0,,552.904,100.0,149.0,92.0,191.238,,,0.6183,0.3817,,False,on_map_at_end
1803,car,1559.0,,241.0,,649.868,100.0,118.0,123.0,132.618,,,0.4896,0.5104,,False,on_map_at_end
1804,car,1559.0,,241.0,,403.738,100.0,177.0,64.0,185.515,,,0.7344,0.2656,,False,on_map_at_end
1805,car,1564.0,,236.0,,279.937,100.0,194.0,42.0,207.961,,,0.822,0.178,,False,on_map_at_end
1806,truck,1564.0,,236.0,,1461.257,34.0,33.0,203.0,59.872,,,0.1398,0.8602,,False,on_map_at_end
1807,car,1565.0,,235.0,,598.494,65.0,67.0,168.0,168.311,,,0.2851,0.7149,,False,on_map_at_end
1808,car,1565.0,,235.0,,919.968,100.0,124.0,111.0,151.476,,,0.5277,0.4723,,False,on_map_at_end
181,car,320.0,,1480.0,,1573.194,100.0,1186.0,294.0,1324.912,,,0.8014,0.1986,,False,on_map_at_end
1810,car,1790.0,,10.0,,5.682,0.0,0.0,10.0,9.489,,,0.0,1.0,,False,on_map_at_end
1813,car,1575.0,,225.0,,691.678,68.0,69.0,156.0,162.748,,,0.3067,0.6933,,False,on_map_at_end
1814,car,1580.0,,220.0,,554.084,100.0,152.0,68.0,169.891,,,0.6909,0.3091,,False,on_map_at_end
1815,car,1582.0,,218.0,,347.006,59.0,84.0,134.0,180.93,,,0.3853,0.6147,,False,on_map_at_end
1816,truck,1584.0,,216.0,,1167.932,62.0,61.0,155.0,75.232,,,0.2824,0.7176,,False,on_map_at_end
1817,car,1584.0,,216.0,,396.237,100.0,162.0,54.0,171.864,,,0.75,0.25,,False,on_map_at_end
1818,car,1584.0,,216.0,,2305.775,0.0,0.0,216.0,8.478,,,0.0,1.0,,False,on_map_at_end
1819,car,1585.0,,215.0,,1202.934,69.0,75.0,140.0,105.563,,,0.3488,0.6512,,False,on_map_at_end
1821,truck,1590.0,,210.0,,1130.399,49.0,59.0,151.0,74.183,,,0.281,0.719,,False,on_map_at_end
1822,car,1590.0,,210.0,,703.175,53.0,60.0,150.0,142.682,,,0.2857,0.7143,,False,on_map_at_end
1823,car,1591.0,,209.0,,1330.475,30.0,29.0,180.0,88.315,,,0.1388,0.8612,,False,on_map_at_end
1824,car,1591.0,,209.0,,1058.786,60.0,64.0,145.0,113.708,,,0.3062,0.6938,,False,on_map_at_end
1825,car,1593.0,,207.0,,1765.364,6.0,20.0,187.0,46.545,,,0.0966,0.9034,,False,on_map_at_end
1826,truck,1596.0,,204.0,,1037.384,38.0,37.0,167.0,57.73,,,0.1814,0.8186,,False,on_map_at_end
1827,car,1597.0,,203.0,,251.996,100.0,165.0,38.0,176.218,,,0.8128,0.1872,,False,on_map_at_end
1828,car,1598.0,,202.0,,155.659,100.0,149.0,53.0,187.469,,,0.7376,0.2624,,False,on_map_at_end
1829,car,1600.0,,200.0,,140.247,68.0,145.0,55.0,182.22,,,0.725,0.275,,False,on_map_at_end
1830,car,1600.0,,200.0,,1733.066,0.0,12.0,188.0,42.484,,,0.06,0.94,,False,on_map_at_end
1831,truck,1601.0,,199.0,,1179.621,34.0,38.0,161.0,56.683,,,0.191,0.809,,False,on_map_at_end
1832,car,1606.0,,194.0,,1178.589,37.0,57.0,137.0,87.472,,,0.2938,0.7062,,False,on_map_at_end
1833,car,1606.0,,194.0,,522.899,100.0,135.0,59.0,146.939,,,0.6959,0.3041,,False,on_map_at_end
1834,car,1608.0,,192.0,,198.385,100.0,158.0,34.0,168.683,,,0.8229,0.1771,,False,on_map_at_end
1835,car,1608.0,,192.0,,1438.504,25.0,33.0,159.0,61.433,,,0.1719,0.8281,,False,on_map_at_end
1836,truck,1610.0,,190.0,,502.632,41.0,62.0,128.0,129.35,,,0.3263,0.6737,,False,on_map_at_end
1837,car,1611.0,,189.0,,577.111,52.0,57.0,132.0,135.111,,,0.3016,0.6984,,False,on_map_at_end
1838,car,1611.0,,189.0,,75.847,100.0,174.0,15.0,182.174,,,0.9206,0.0794,,False,on_map_at_end
1839,car,1614.0,,186.0,,133.094,75.0,121.0,65.0,168.818,,,0.6505,0.3495,,False,on_map_at_end
1840,car,1616.0,,184.0,,548.958,67.0,66.0,118.0,134.593,,,0.3587,0.6413,,False,on_map_at_end
1841,truck,1617.0,,183.0,,935.223,39.0,39.0,144.0,69.961,,,0.2131,0.7869,,False,on_map_at_end
1842,car,1617.0,,183.0,,1215.435,32.0,33.0,150.0,70.621,,,0.1803,0.8197,,False,on_map_at_end
1843,car,1649.0,,151.0,,507.548,63.0,72.0,79.0,97.915,,,0.4768,0.5232,,False,on_map_at_end
1844,car,1618.0,,182.0,,644.217,100.0,109.0,73.0,121.641,,,0.5989,0.4011,,False,on_map_at_end
1845,car,1619.0,,181.0,,1271.859,24.0,36.0,145.0,66.532,,,0.1989,0.8011,,False,on_map_at_end
1847,car,1623.0,,177.0,,633.575,43.0,42.0,135.0,119.978,,,0.2373,0.7627,,False,on_map_at_end
1848,car,1628.0,,172.0,,829.809,64.0,63.0,109.0,97.052,,,0.3663,0.6337,,False,on_map_at_end
1849,car,1628.0,,172.0,,634.866,58.0,57.0,115.0,74.685,,,0.3314,0.6686,,False,on_map_at_end
1850,car,1629.0,,171.0,,420.743,100.0,126.0,45.0,133.133,,,0.7368,0.2632,,False,on_map_at_end
1851,truck,1629.0,,171.0,,1238.463,3.0,2.0,169.0,21.969,,,0.0117,0.9883,,False,on_map_at_end
1852,car,1630.0,,170.0,,1122.898,45.0,44.0,126.0,65.585,,,0.2588,0.7412,,False,on_map_at_end
1853,car,1634.0,,166.0,,125.593,75.0,116.0,50.0,152.197,,,0.6988,0.3012,,False,on_map_at_end
1854,car,1635.0,,165.0,,1176.358,23.0,36.0,129.0,57.215,,,0.2182,0.7818,,False,on_map_at_end
1855,car,1635.0,,165.0,,68.346,100.0,152.0,13.0,158.849,,,0.9212,0.0788,,False,on_map_at_end
1857,car,1638.0,,162.0,,1021.695,0.0,0.0,162.0,13.594,,,0.0,1.0,,False,on_map_at_end
1858,car,1639.0,,161.0,,84.703,100.0,137.0,24.0,153.377,,,0.8509,0.1491,,False,on_map_at_end
1859,car,1640.0,,160.0,,118.092,72.0,109.0,51.0,147.593,,,0.6813,0.3187,,False,on_map_at_end
1861,truck,1643.0,,157.0,,774.069,57.0,56.0,101.0,64.075,,,0.3567,0.6433,,False,on_map_at_end
1862,car,1644.0,,156.0,,966.471,33.0,33.0,123.0,68.079,,,0.2115,0.7885,,False,on_map_at_end
1863,car,1644.0,,156.0,,1089.31,19.0,19.0,137.0,55.14,,,0.1218,0.8782,,False,on_map_at_end
1866,truck,1647.0,,153.0,,125.733,56.0,55.0,98.0,137.906,,,0.3595,0.6405,,False,on_map_at_end
1867,car,1649.0,,151.0,,830.671,33.0,33.0,118.0,46.24,,,0.2185,0.7815,,False,on_map_at_end
1868,car,1649.0,,151.0,,787.088,30.0,35.0,116.0,69.677,,,0.2318,0.7682,,False,on_map_at_end
1869,car,1650.0,,150.0,,262.248,58.0,57.0,93.0,126.397,,,0.38,0.62,,False,on_map_at_end
1872,car,1653.0,,147.0,,897.585,18.0,36.0,111.0,66.217,,,0.2449,0.7551,,False,on_map_at_end
1873,car,1654.0,,146.0,,60.845,100.0,133.0,13.0,140.524,,,0.911,0.089,,False,on_map_at_end
1874,car,1654.0,,146.0,,1332.483,0.0,0.0,146.0,5.577,,,0.0,1.0,,False,on_map_at_end
1875,car,1655.0,,145.0,,677.166,33.0,39.0,106.0,83.807,,,0.269,0.731,,False,on_map_at_end
1876,truck,1658.0,,142.0,,135.156,100.0,117.0,25.0,125.694,,,0.8239,0.1761,,False,on_map_at_end
1877,car,1662.0,,138.0,,888.941,2.0,19.0,119.0,56.549,,,0.1377,0.8623,,False,on_map_at_end
1878,car,1665.0,,135.0,,1218.87,1.0,1.0,134.0,17.158,,,0.0074,0.9926,,False,on_map_at_end
1879,car,1666.0,,134.0,,591.851,43.0,45.0,89.0,62.492,,,0.3358,0.6642,,False,on_map_at_end
1880,car,1667.0,,133.0,,757.312,48.0,48.0,85.0,61.925,,,0.3609,0.6391,,False,on_map_at_end
1883,car,1669.0,,131.0,,132.746,67.0,77.0,54.0,117.662,,,0.5878,0.4122,,False,on_map_at_end
1884,car,1670.0,,130.0,,551.281,22.0,28.0,102.0,79.873,,,0.2154,0.7846,,False,on_map_at_end
1885,car,1671.0,,129.0,,887.918,29.0,29.0,100.0,48.09,,,0.2248,0.7752,,False,on_map_at_end
1886,truck,1671.0,,129.0,,456.785,58.0,57.0,72.0,74.164,,,0.4419,0.5581,,False,on_map_at_end
1887,car,1672.0,,128.0,,1058.679,8.0,8.0,120.0,32.192,,,0.0625,0.9375,,False,on_map_at_end
1888,car,1673.0,,127.0,,110.591,74.0,82.0,45.0,113.515,,,0.6457,0.3543,,False,on_map_at_end
1889,car,1675.0,,125.0,,1127.595,0.0,5.0,120.0,21.611,,,0.04,0.96,,False,on_map_at_end
1890,car,1675.0,,125.0,,884.889,32.0,31.0,94.0,44.75,,,0.248,0.752,,False,on_map_at_end
1891,truck,1680.0,,120.0,,958.236,0.0,0.0,120.0,4.49,,,0.0,1.0,,False,on_map_at_end
1892,car,1681.0,,119.0,,340.897,81.0,80.0,39.0,88.319,,,0.6723,0.3277,,False,on_map_at_end
1893,car,1681.0,,119.0,,1038.26,8.0,7.0,112.0,25.556,,,0.0588,0.9412,,False,on_map_at_end
1894,car,1681.0,,119.0,,349.313,64.0,72.0,47.0,87.561,,,0.605,0.395,,False,on_map_at_end
1895,car,1681.0,,119.0,,994.582,11.0,11.0,108.0,24.66,,,0.0924,0.9076,,False,on_map_at_end
1896,truck,1682.0,,118.0,,488.186,46.0,45.0,73.0,59.394,,,0.3814,0.6186,,False,on_map_at_end
1897,car,1682.0,,118.0,,658.776,36.0,36.0,82.0,57.152,,,0.3051,0.6949,,False,on_map_at_end
1898,car,1683.0,,117.0,,513.079,51.0,53.0,64.0,70.213,,,0.453,0.547,,False,on_map_at_end
1899,car,1684.0,,116.0,,125.244,58.0,57.0,59.0,101.341,,,0.4914,0.5086,,False,on_map_at_end
1900,car,1688.0,,112.0,,994.323,7.0,6.0,106.0,21.856,,,0.0536,0.9464,,False,on_map_at_end
1901,truck,1689.0,,111.0,,546.099,39.0,38.0,73.0,45.241,,,0.3423,0.6577,,False,on_map_at_end
1902,car,1691.0,,109.0,,603.809,39.0,38.0,71.0,53.311,,,0.3486,0.6514,,False,on_map_at_end
1903,car,1691.0,,109.0,,434.883,49.0,48.0,61.0,58.677,,,0.4404,0.5596,,False,on_map_at_end
1904,car,1692.0,,108.0,,495.086,34.0,33.0,75.0,63.045,,,0.3056,0.6944,,False,on_map_at_end
1905,car,1697.0,,103.0,,795.885,5.0,5.0,98.0,29.944,,,0.0485,0.9515,,False,on_map_at_end
1906,truck,1695.0,,105.0,,47.843,93.0,92.0,13.0,99.256,,,0.8762,0.1238,,False,on_map_at_end
1907,car,1696.0,,104.0,,427.382,43.0,42.0,62.0,54.412,,,0.4038,0.5962,,False,on_map_at_end
1908,car,1698.0,,102.0,,616.609,19.0,18.0,84.0,28.982,,,0.1765,0.8235,,False,on_map_at_end
1909,car,1698.0,,102.0,,40.342,90.0,89.0,13.0,98.369,,,0.8725,0.1275,,False,on_map_at_end
1910,car,1701.0,,99.0,,790.608,20.0,19.0,80.0,26.476,,,0.1919,0.8081,,False,on_map_at_end
1911,truck,1702.0,,98.0,,783.174,0.0,0.0,98.0,3.846,,,0.0,1.0,,False,on_map_at_end
1912,car,1702.0,,98.0,,1063.736,0.0,0.0,98.0,2.263,,,0.0,1.0,,False,on_map_at_end
1913,car,1704.0,,96.0,,814.229,11.0,10.0,86.0,22.62,,,0.1042,0.8958,,False,on_map_at_end
1914,car,1704.0,,96.0,,993.911,0.0,0.0,96.0,5.964,,,0.0,1.0,,False,on_map_at_end
1915,car,1705.0,,95.0,,954.884,0.0,0.0,95.0,7.725,,,0.0,1.0,,False,on_map_at_end
1916,truck,1708.0,,92.0,,434.387,31.0,30.0,62.0,39.853,,,0.3261,0.6739,,False,on_map_at_end
1917,car,1709.0,,91.0,,898.133,0.0,0.0,91.0,7.994,,,0.0,1.0,,False,on_map_at_end
1918,car,1710.0,,90.0,,683.186,0.0,0.0,90.0,17.497,,,0.0,1.0,,False,on_map_at_end
1919,car,1709.0,,91.0,,127.655,71.0,70.0,21.0,78.995,,,0.7692,0.2308,,False,on_map_at_end
1920,car,1711.0,,89.0,,49.443,76.0,75.0,14.0,82.249,,,0.8427,0.1573,,False,on_map_at_end
1921,truck,1712.0,,88.0,,112.243,46.0,45.0,43.0,74.525,,,0.5114,0.4886,,False,on_map_at_end
1922,car,1712.0,,88.0,,600.688,12.0,12.0,76.0,33.293,,,0.1364,0.8636,,False,on_map_at_end
1923,car,1712.0,,88.0,,591.315,22.0,22.0,66.0,34.781,,,0.25,0.75,,False,on_map_at_end
1924,car,1713.0,,87.0,,636.556,0.0,0.0,87.0,25.229,,,0.0,1.0,,False,on_map_at_end
1925,car,1715.0,,85.0,,604.775,0.0,0.0,85.0,5.211,,,0.0,1.0,,False,on_map_at_end
1926,truck,1715.0,,85.0,,682.982,0.0,0.0,85.0,3.009,,,0.0,1.0,,False,on_map_at_end
1927,car,1715.0,,85.0,,32.841,75.0,74.0,11.0,82.044,,,0.8706,0.1294,,False,on_map_at_end
1929,car,1718.0,,82.0,,802.794,0.0,0.0,82.0,8.139,,,0.0,1.0,,False,on_map_at_end
1930,car,1723.0,,77.0,,743.893,0.0,0.0,77.0,8.192,,,0.0,1.0,,False,on_map_at_end
1931,truck,1724.0,,76.0,,438.166,15.0,15.0,61.0,22.594,,,0.1974,0.8026,,False,on_map_at_end
1933,car,1731.0,,69.0,,724.709,0.0,0.0,69.0,3.127,,,0.0,1.0,,False,on_map_at_end
1934,car,1731.0,,69.0,,669.769,0.0,0.0,69.0,8.389,,,0.0,1.0,,False,on_map_at_end
1935,car,1732.0,,68.0,,503.873,9.0,9.0,59.0,22.182,,,0.1324,0.8676,,False,on_map_at_end
1936,truck,1734.0,,66.0,,529.659,0.0,0.0,66.0,2.415,,,0.0,1.0,,False,on_map_at_end
1937,car,1736.0,,64.0,,694.112,0.0,0.0,64.0,1.529,,,0.0,1.0,,False,on_map_at_end
1938,car,1737.0,,63.0,,683.551,0.0,0.0,63.0,1.48,,,0.0,1.0,,False,on_map_at_end
1939,car,1739.0,,61.0,,339.005,13.0,14.0,47.0,29.227,,,0.2295,0.7705,,False,on_map_at_end
1940,car,1739.0,,61.0,,651.444,0.0,0.0,61.0,2.369,,,0.0,1.0,,False,on_map_at_end
1941,truck,1740.0,,60.0,,466.351,0.0,0.0,60.0,4.015,,,0.0,1.0,,False,on_map_at_end
1942,car,1740.0,,60.0,,409.2,5.0,5.0,55.0,21.787,,,0.0833,0.9167,,False,on_map_at_end
1943,car,1740.0,,60.0,,290.52,0.0,0.0,60.0,2.963,,,0.0,1.0,,False,on_map_at_end
1944,car,1740.0,,60.0,,120.154,41.0,40.0,20.0,48.634,,,0.6667,0.3333,,False,on_map_at_end
1945,car,1741.0,,59.0,,120.211,41.0,41.0,18.0,48.181,,,0.6949,0.3051,,False,on_map_at_end
1946,truck,1742.0,,58.0,,460.784,0.0,0.0,58.0,2.555,,,0.0,1.0,,False,on_map_at_end
1947,car,1743.0,,57.0,,428.341,0.0,0.0,57.0,3.599,,,0.0,1.0,,False,on_map_at_end
1948,car,1744.0,,56.0,,41.942,44.0,43.0,13.0,51.186,,,0.7679,0.2321,,False,on_map_at_end
1950,car,1745.0,,55.0,,460.475,0.0,0.0,55.0,7.671,,,0.0,1.0,,False,on_map_at_end
1951,truck,1746.0,,54.0,,217.812,19.0,19.0,35.0,27.671,,,0.3519,0.6481,,False,on_map_at_end
1952,car,1746.0,,54.0,,407.148,13.0,13.0,41.0,9.354,,,0.2407,0.7593,,False,on_map_at_end
1953,car,1747.0,,53.0,,448.989,4.0,3.0,50.0,12.591,,,0.0566,0.9434,,False,on_map_at_end
1954,car,1749.0,,51.0,,500.737,0.0,0.0,51.0,5.718,,,0.0,1.0,,False,on_map_at_end
1955,car,1750.0,,50.0,,315.369,0.0,0.0,50.0,3.206,,,0.0,1.0,,False,on_map_at_end
1956,truck,1751.0,,49.0,,382.054,0.0,0.0,49.0,2.831,,,0.0,1.0,,False,on_map_at_end
1957,car,1752.0,,48.0,,87.44,32.0,32.0,16.0,39.725,,,0.6667,0.3333,,False,on_map_at_end
1958,car,1754.0,,46.0,,249.061,14.0,14.0,32.0,23.214,,,0.3043,0.6957,,False,on_map_at_end
1959,car,1755.0,,45.0,,332.88,0.0,0.0,45.0,15.041,,,0.0,1.0,,False,on_map_at_end
196,car,339.0,,1461.0,,2634.213,100.0,1083.0,378.0,1209.037,,,0.7413,0.2587,,False,on_map_at_end
1960,car,1756.0,,44.0,,328.476,0.0,0.0,44.0,13.091,,,0.0,1.0,,False,on_map_at_end
1961,truck,1756.0,,44.0,,351.299,0.0,0.0,44.0,1.827,,,0.0,1.0,,False,on_map_at_end
1962,car,1756.0,,44.0,,236.662,5.0,5.0,39.0,16.583,,,0.1136,0.8864,,False,on_map_at_end
1964,car,1761.0,,39.0,,25.34,30.0,29.0,10.0,36.719,,,0.7436,0.2564,,False,on_map_at_end
1965,car,1762.0,,38.0,,242.042,2.0,2.0,36.0,11.164,,,0.0526,0.9474,,False,on_map_at_end
1966,truck,1763.0,,37.0,,296.236,0.0,0.0,37.0,1.437,,,0.0,1.0,,False,on_map_at_end
1967,car,1764.0,,36.0,,330.494,0.0,0.0,36.0,6.207,,,0.0,1.0,,False,on_map_at_end
1968,car,1765.0,,35.0,,285.72,0.0,0.0,35.0,1.862,,,0.0,1.0,,False,on_map_at_end
1969,car,1766.0,,34.0,,339.119,0.0,0.0,34.0,3.056,,,0.0,1.0,,False,on_map_at_end
1970,car,1767.0,,33.0,,197.009,8.0,7.0,26.0,14.375,,,0.2121,0.7879,,False,on_map_at_end
1971,truck,1769.0,,31.0,,213.384,0.0,0.0,31.0,5.384,,,0.0,1.0,,False,on_map_at_end
1972,car,1781.0,,19.0,,202.652,0.0,0.0,19.0,0.761,,,0.0,1.0,,False,on_map_at_end
1973,car,1773.0,,27.0,,115.746,9.0,10.0,17.0,16.439,,,0.3704,0.6296,,False,on_map_at_end
1974,car,1784.0,,16.0,,89.799,1.0,2.0,14.0,7.918,,,0.125,0.875,,False,on_map_at_end
1975,car,1777.0,,23.0,,104.692,3.0,2.0,21.0,11.375,,,0.087,0.913,,False,on_map_at_end
1976,truck,1779.0,,21.0,,168.551,0.0,0.0,21.0,0.766,,,0.0,1.0,,False,on_map_at_end
1977,car,1781.0,,19.0,,164.573,0.0,0.0,19.0,3.3,,,0.0,1.0,,False,on_map_at_end
1978,car,1784.0,,16.0,,116.945,0.0,0.0,16.0,5.206,,,0.0,1.0,,False,on_map_at_end
1979,car,1785.0,,15.0,,119.909,2.0,1.0,14.0,4.208,,,0.0667,0.9333,,False,on_map_at_end
1980,car,1786.0,,14.0,,17.83,5.0,4.0,10.0,12.395,,,0.2857,0.7143,,False,on_map_at_end
1981,truck,1787.0,,13.0,,93.522,0.0,0.0,13.0,1.773,,,0.0,1.0,,False,on_map_at_end
1982,car,1790.0,,10.0,,103.281,0.0,0.0,10.0,0.705,,,0.0,1.0,,False,on_map_at_end
1983,car,1790.0,,10.0,,3.649,9.0,8.0,2.0,9.672,,,0.8,0.2,,False,on_map_at_end
1984,car,1790.0,,10.0,,107.943,0.0,0.0,10.0,0.285,,,0.0,1.0,,False,on_map_at_end
1985,car,1791.0,,9.0,,80.172,0.0,0.0,9.0,1.784,,,0.0,1.0,,False,on_map_at_end
1987,car,1794.0,,6.0,,65.206,0.0,0.0,6.0,0.131,,,0.0,1.0,,False,on_map_at_end
1988,car,1794.0,,6.0,,64.902,0.0,0.0,6.0,0.159,,,0.0,1.0,,False,on_map_at_end
1989,car,1799.0,,1.0,,11.031,0.0,0.0,1.0,0.007,,,0.0,1.0,,False,on_map_at_end
1990,car,1799.0,,1.0,,10.635,0.0,0.0,1.0,0.043,,,0.0,1.0,,False,on_map_at_end
202,car,349.0,,1451.0,,1668.768,100.0,1156.0,295.0,1281.446,,,0.7967,0.2033,,False,on_map_at_end
211,car,364.0,,1436.0,,2178.012,100.0,1063.0,373.0,1206.979,,,0.7403,0.2597,,False,on_map_at_end
214,car,365.0,,1435.0,,1188.965,100.0,1215.0,220.0,1324.41,,,0.8467,0.1533,,False,on_map_at_end
231,car,393.0,,1407.0,,1434.707,100.0,1052.0,355.0,1232.141,,,0.7477,0.2523,,False,on_map_at_end
233,car,413.0,,1387.0,,1121.507,100.0,1130.0,257.0,1280.26,,,0.8147,0.1853,,False,on_map_at_end
235,truck,400.0,,1400.0,,1257.257,100.0,1129.0,271.0,1248.394,,,0.8064,0.1936,,False,on_map_at_end
240,truck,408.0,,1392.0,,1131.403,100.0,1132.0,260.0,1253.617,,,0.8132,0.1868,,False,on_map_at_end
245,truck,414.0,,1386.0,,1762.721,100.0,1086.0,300.0,1169.837,,,0.7835,0.2165,,False,on_map_at_end
250,truck,418.0,,1382.0,,1492.564,100.0,1058.0,324.0,1202.081,,,0.7656,0.2344,,False,on_map_at_end
257,car,429.0,,1371.0,,2320.721,98.0,990.0,381.0,1152.812,,,0.7221,0.2779,,False,on_map_at_end
266,car,440.0,,1360.0,,1712.214,100.0,1075.0,285.0,1205.583,,,0.7904,0.2096,,False,on_map_at_end
267,car,442.0,,1358.0,,859.909,100.0,1232.0,126.0,1280.527,,,0.9072,0.0928,,False,on_map_at_end
268,car,443.0,,1357.0,,1606.15,100.0,1080.0,277.0,1208.158,,,0.7959,0.2041,,False,on_map_at_end
275,truck,450.0,,1350.0,,2284.459,98.0,964.0,386.0,1074.749,,,0.7141,0.2859,,False,on_map_at_end
276,car,460.0,,1340.0,,2108.851,100.0,992.0,348.0,1148.839,,,0.7403,0.2597,,False,on_map_at_end
280,truck,454.0,,1346.0,,1135.059,100.0,1098.0,248.0,1208.354,,,0.8158,0.1842,,False,on_map_at_end
285,truck,466.0,,1334.0,,2356.577,100.0,890.0,444.0,1023.748,,,0.6672,0.3328,,False,on_map_at_end
291,car,471.0,,1329.0,,2888.468,70.0,812.0,517.0,1063.008,,,0.611,0.389,,False,on_map_at_end
295,truck,475.0,,1325.0,,2240.187,62.0,816.0,509.0,1037.74,,,0.6158,0.3842,,False,on_map_at_end
302,car,482.0,,1318.0,,1431.162,100.0,1045.0,273.0,1176.628,,,0.7929,0.2071,,False,on_map_at_end
306,car,487.0,,1313.0,,2071.876,85.0,999.0,314.0,1125.972,,,0.7609,0.2391,,False,on_map_at_end
314,car,498.0,,1302.0,,1086.553,100.0,1041.0,261.0,1197.541,,,0.7995,0.2005,,False,on_map_at_end
322,car,509.0,,1291.0,,1988.435,100.0,1003.0,288.0,1111.043,,,0.7769,0.2231,,False,on_map_at_end
327,car,512.0,,1288.0,,1906.144,100.0,1023.0,265.0,1114.291,,,0.7943,0.2057,,False,on_map_at_end
332,car,515.0,,1285.0,,1030.546,100.0,1036.0,249.0,1182.211,,,0.8062,0.1938,,False,on_map_at_end
334,car,516.0,,1284.0,,1485.692,100.0,1009.0,275.0,1135.581,,,0.7858,0.2142,,False,on_map_at_end
338,car,527.0,,1273.0,,2008.828,87.0,920.0,353.0,1084.103,,,0.7227,0.2773,,False,on_map_at_end
339,car,530.0,,1270.0,,831.906,100.0,1089.0,181.0,1194.679,,,0.8575,0.1425,,False,on_map_at_end
340,truck,531.0,,1269.0,,2148.318,80.0,891.0,378.0,1010.693,,,0.7021,0.2979,,False,on_map_at_end
345,truck,535.0,,1265.0,,1138.459,89.0,987.0,278.0,1118.621,,,0.7802,0.2198,,False,on_map_at_end
349,car,540.0,,1260.0,,1264.71,100.0,991.0,269.0,1141.025,,,0.7865,0.2135,,False,on_map_at_end
351,car,540.0,,1260.0,,1288.189,75.0,923.0,337.0,1123.101,,,0.7325,0.2675,,False,on_map_at_end
356,car,544.0,,1256.0,,951.499,100.0,1037.0,219.0,1165.93,,,0.8256,0.1744,,False,on_map_at_end
358,car,545.0,,1255.0,,1851.782,100.0,977.0,278.0,1077.813,,,0.7785,0.2215,,False,on_map_at_end
359,car,546.0,,1254.0,,2145.068,100.0,934.0,320.0,1049.475,,,0.7448,0.2552,,False,on_map_at_end
360,truck,546.0,,1254.0,,762.898,100.0,1090.0,164.0,1162.416,,,0.8692,0.1308,,False,on_map_at_end
364,car,550.0,,1250.0,,1527.688,64.0,869.0,381.0,1083.732,,,0.6952,0.3048,,False,on_map_at_end
365,truck,551.0,,1249.0,,910.494,100.0,1001.0,248.0,1139.632,,,0.8014,0.1986,,False,on_map_at_end
369,car,555.0,,1245.0,,2148.475,100.0,971.0,274.0,1047.708,,,0.7799,0.2201,,False,on_map_at_end
372,car,557.0,,1243.0,,2146.606,100.0,842.0,401.0,971.05,,,0.6774,0.3226,,False,on_map_at_end
378,car,566.0,,1234.0,,2136.429,88.0,871.0,363.0,1039.95,,,0.7058,0.2942,,False,on_map_at_end
381,car,573.0,,1227.0,,2420.425,61.0,763.0,464.0,1006.901,,,0.6218,0.3782,,False,on_map_at_end
386,car,581.0,,1219.0,,1234.507,86.0,884.0,335.0,1086.983,,,0.7252,0.2748,,False,on_map_at_end
387,car,581.0,,1219.0,,1736.909,100.0,968.0,251.0,1061.016,,,0.7941,0.2059,,False,on_map_at_end
389,car,586.0,,1214.0,,2053.971,100.0,680.0,534.0,1010.461,,,0.5601,0.4399,,False,on_map_at_end
392,car,590.0,,1210.0,,2049.372,79.0,892.0,318.0,1025.193,,,0.7372,0.2628,,False,on_map_at_end
395,truck,591.0,,1209.0,,696.707,100.0,1050.0,159.0,1125.362,,,0.8685,0.1315,,False,on_map_at_end
397,car,594.0,,1206.0,,1453.274,100.0,932.0,274.0,1070.932,,,0.7728,0.2272,,False,on_map_at_end
398,car,595.0,,1205.0,,2198.054,55.0,734.0,471.0,996.167,,,0.6091,0.3909,,False,on_map_at_end
402,car,602.0,,1198.0,,1266.513,80.0,924.0,274.0,1069.193,,,0.7713,0.2287,,False,on_map_at_end
405,truck,603.0,,1197.0,,1262.686,82.0,847.0,350.0,1045.305,,,0.7076,0.2924,,False,on_map_at_end
406,car,603.0,,1197.0,,1462.656,59.0,778.0,419.0,1037.826,,,0.65,0.35,,False,on_map_at_end
408,car,605.0,,1195.0,,1089.604,82.0,963.0,232.0,1085.773,,,0.8059,0.1941,,False,on_map_at_end
412,car,608.0,,1192.0,,689.205,100.0,1039.0,153.0,1129.812,,,0.8716,0.1284,,False,on_map_at_end
420,truck,613.0,,1187.0,,648.201,100.0,1007.0,180.0,1109.185,,,0.8484,0.1516,,False,on_map_at_end
422,car,613.0,,1187.0,,2180.944,100.0,699.0,488.0,986.374,,,0.5889,0.4111,,False,on_map_at_end
428,car,617.0,,1183.0,,1703.909,100.0,662.0,521.0,1026.649,,,0.5596,0.4404,,False,on_map_at_end
429,car,615.0,,1185.0,,2034.87,94.0,907.0,278.0,1001.712,,,0.7654,0.2346,,False,on_map_at_end
430,truck,617.0,,1183.0,,1852.809,100.0,776.0,407.0,950.359,,,0.656,0.344,,False,on_map_at_end
435,truck,619.0,,1181.0,,1674.988,81.0,693.0,488.0,969.862,,,0.5868,0.4132,,False,on_map_at_end
438,car,621.0,,1179.0,,2207.189,100.0,885.0,294.0,959.588,,,0.7506,0.2494,,False,on_map_at_end
440,truck,621.0,,1179.0,,1759.638,65.0,805.0,374.0,967.333,,,0.6828,0.3172,,False,on_map_at_end
442,car,622.0,,1178.0,,1888.283,100.0,895.0,283.0,1007.147,,,0.7598,0.2402,,False,on_map_at_end
443,car,624.0,,1176.0,,1814.868,100.0,836.0,340.0,1010.509,,,0.7109,0.2891,,False,on_map_at_end
445,truck,624.0,,1176.0,,627.699,100.0,995.0,181.0,1100.646,,,0.8461,0.1539,,False,on_map_at_end
447,car,625.0,,1175.0,,1858.279,100.0,892.0,283.0,988.268,,,0.7591,0.2409,,False,on_map_at_end
450,truck,628.0,,1172.0,,584.693,100.0,1017.0,155.0,1101.809,,,0.8677,0.1323,,False,on_map_at_end
453,car,632.0,,1168.0,,2084.62,77.0,853.0,315.0,978.885,,,0.7303,0.2697,,False,on_map_at_end
456,car,632.0,,1168.0,,313.378,100.0,1062.0,106.0,1139.326,,,0.9092,0.0908,,False,on_map_at_end
457,car,633.0,,1167.0,,1172.489,84.0,963.0,204.0,1050.53,,,0.8252,0.1748,,False,on_map_at_end
460,truck,634.0,,1166.0,,2194.188,100.0,819.0,347.0,898.843,,,0.7024,0.2976,,False,on_map_at_end
466,car,638.0,,1162.0,,1212.318,100.0,940.0,222.0,1037.398,,,0.809,0.191,,False,on_map_at_end
476,car,643.0,,1157.0,,792.098,82.0,999.0,158.0,1071.353,,,0.8634,0.1366,,False,on_map_at_end
480,truck,649.0,,1151.0,,760.978,76.0,966.0,185.0,1059.311,,,0.8393,0.1607,,False,on_map_at_end
485,truck,651.0,,1149.0,,1540.993,53.0,727.0,422.0,952.705,,,0.6327,0.3673,,False,on_map_at_end
488,car,656.0,,1144.0,,357.57,100.0,998.0,146.0,1111.558,,,0.8724,0.1276,,False,on_map_at_end
489,car,659.0,,1141.0,,1419.458,100.0,899.0,242.0,978.596,,,0.7879,0.2121,,False,on_map_at_end
490,truck,659.0,,1141.0,,1036.594,54.0,738.0,403.0,1016.367,,,0.6468,0.3532,,False,on_map_at_end
492,car,660.0,,1140.0,,1778.569,100.0,920.0,220.0,978.666,,,0.807,0.193,,False,on_map_at_end
495,truck,664.0,,1136.0,,1191.816,100.0,886.0,250.0,991.021,,,0.7799,0.2201,,False,on_map_at_end
499,car,666.0,,1134.0,,1121.982,62.0,927.0,207.0,1031.429,,,0.8175,0.1825,,False,on_map_at_end
504,car,669.0,,1131.0,,1096.684,55.0,936.0,195.0,1027.376,,,0.8276,0.1724,,False,on_map_at_end
506,car,672.0,,1128.0,,753.477,75.0,950.0,178.0,1057.312,,,0.8422,0.1578,,False,on_map_at_end
507,car,673.0,,1127.0,,745.975,69.0,953.0,174.0,1048.482,,,0.8456,0.1544,,False,on_map_at_end
509,car,675.0,,1125.0,,533.903,100.0,862.0,263.0,1054.833,,,0.7662,0.2338,,False,on_map_at_end
513,car,678.0,,1122.0,,1863.339,40.0,632.0,490.0,912.06,,,0.5633,0.4367,,False,on_map_at_end
514,car,680.0,,1120.0,,693.924,69.0,964.0,156.0,1051.007,,,0.8607,0.1393,,False,on_map_at_end
517,car,681.0,,1119.0,,2092.832,80.0,781.0,338.0,928.754,,,0.6979,0.3021,,False,on_map_at_end
518,car,682.0,,1118.0,,1661.989,100.0,851.0,267.0,927.062,,,0.7612,0.2388,,False,on_map_at_end
521,car,684.0,,1116.0,,1071.949,95.0,955.0,161.0,1012.923,,,0.8557,0.1443,,False,on_map_at_end
527,car,686.0,,1114.0,,2139.018,18.0,668.0,446.0,745.501,,,0.5996,0.4004,,False,on_map_at_end
528,car,687.0,,1113.0,,1735.281,78.0,861.0,252.0,956.797,,,0.7736,0.2264,,False,on_map_at_end
529,car,687.0,,1113.0,,855.227,52.0,791.0,322.0,1023.6,,,0.7107,0.2893,,False,on_map_at_end
530,truck,688.0,,1112.0,,571.692,100.0,969.0,143.0,1043.37,,,0.8714,0.1286,,False,on_map_at_end
531,car,689.0,,1111.0,,564.191,100.0,959.0,152.0,1059.502,,,0.8632,0.1368,,False,on_map_at_end
535,truck,691.0,,1109.0,,1326.144,100.0,860.0,249.0,947.431,,,0.7755,0.2245,,False,on_map_at_end
537,car,691.0,,1109.0,,812.757,100.0,839.0,270.0,1016.213,,,0.7565,0.2435,,False,on_map_at_end
545,truck,1748.0,,52.0,,371.645,1.0,1.0,51.0,7.064,,,0.0192,0.9808,,False,on_map_at_end
547,car,700.0,,1100.0,,451.289,100.0,972.0,128.0,1047.326,,,0.8836,0.1164,,False,on_map_at_end
549,car,701.0,,1099.0,,1064.448,91.0,930.0,169.0,996.651,,,0.8462,0.1538,,False,on_map_at_end
550,truck,701.0,,1099.0,,1207.432,80.0,825.0,274.0,952.582,,,0.7507,0.2493,,False,on_map_at_end
553,car,706.0,,1094.0,,2002.059,44.0,632.0,462.0,912.745,,,0.5777,0.4223,,False,on_map_at_end
557,car,707.0,,1093.0,,1763.567,100.0,866.0,227.0,933.576,,,0.7923,0.2077,,False,on_map_at_end
558,car,708.0,,1092.0,,1997.022,100.0,746.0,346.0,797.496,,,0.6832,0.3168,,False,on_map_at_end
559,car,708.0,,1092.0,,1056.947,89.0,915.0,177.0,993.286,,,0.8379,0.1621,,False,on_map_at_end
561,car,709.0,,1091.0,,556.689,100.0,964.0,127.0,1040.455,,,0.8836,0.1164,,False,on_map_at_end
562,car,710.0,,1090.0,,686.286,55.0,920.0,170.0,1022.661,,,0.844,0.156,,False,on_map_at_end
566,car,711.0,,1089.0,,1025.174,40.0,908.0,181.0,983.284,,,0.8338,0.1662,,False,on_map_at_end
567,car,712.0,,1088.0,,1921.592,36.0,616.0,472.0,904.612,,,0.5662,0.4338,,False,on_map_at_end
568,car,713.0,,1087.0,,1977.593,100.0,766.0,321.0,794.403,,,0.7047,0.2953,,False,on_map_at_end
578,car,719.0,,1081.0,,2042.868,100.0,728.0,353.0,891.094,,,0.6735,0.3265,,False,on_map_at_end
579,car,720.0,,1080.0,,2004.365,60.0,760.0,320.0,899.268,,,0.7037,0.2963,,False,on_map_at_end
583,car,723.0,,1077.0,,443.788,100.0,955.0,122.0,1025.952,,,0.8867,0.1133,,False,on_map_at_end
586,car,724.0,,1076.0,,928.547,88.0,714.0,362.0,983.156,,,0.6636,0.3364,,False,on_map_at_end
587,car,728.0,,1072.0,,1450.529,43.0,662.0,410.0,940.571,,,0.6175,0.3825,,False,on_map_at_end
589,car,729.0,,1071.0,,2000.976,92.0,566.0,505.0,882.166,,,0.5285,0.4715,,False,on_map_at_end
595,truck,732.0,,1068.0,,513.147,100.0,916.0,152.0,1006.398,,,0.8577,0.1423,,False,on_map_at_end
598,car,734.0,,1066.0,,505.645,100.0,900.0,166.0,1020.133,,,0.8443,0.1557,,False,on_map_at_end
599,car,735.0,,1065.0,,1649.271,58.0,606.0,459.0,886.142,,,0.569,0.431,,False,on_map_at_end
601,car,735.0,,1065.0,,1436.238,47.0,665.0,400.0,935.66,,,0.6244,0.3756,,False,on_map_at_end
602,car,736.0,,1064.0,,735.341,100.0,738.0,326.0,990.056,,,0.6936,0.3064,,False,on_map_at_end
608,car,738.0,,1062.0,,831.52,89.0,796.0,266.0,976.793,,,0.7495,0.2505,,False,on_map_at_end
609,car,739.0,,1061.0,,668.169,95.0,941.0,120.0,999.468,,,0.8869,0.1131,,False,on_map_at_end
610,truck,740.0,,1060.0,,2251.774,100.0,731.0,329.0,789.275,,,0.6896,0.3104,,False,on_map_at_end
612,car,740.0,,1060.0,,1747.506,55.0,600.0,460.0,863.206,,,0.566,0.434,,False,on_map_at_end
613,car,741.0,,1059.0,,2025.088,65.0,732.0,327.0,868.123,,,0.6912,0.3088,,False,on_map_at_end
616,car,743.0,,1057.0,,1171.313,100.0,823.0,234.0,939.206,,,0.7786,0.2214,,False,on_map_at_end
617,car,743.0,,1057.0,,1317.9,48.0,690.0,367.0,928.388,,,0.6528,0.3472,,False,on_map_at_end
619,car,744.0,,1056.0,,2216.07,33.0,496.0,560.0,839.984,,,0.4697,0.5303,,False,on_map_at_end
621,car,747.0,,1053.0,,760.669,100.0,847.0,206.0,973.383,,,0.8044,0.1956,,False,on_map_at_end
623,car,748.0,,1052.0,,2390.045,100.0,619.0,433.0,831.444,,,0.5884,0.4116,,False,on_map_at_end
626,car,751.0,,1049.0,,1830.591,100.0,786.0,263.0,883.167,,,0.7493,0.2507,,False,on_map_at_end
629,car,752.0,,1048.0,,2011.866,64.0,743.0,305.0,866.609,,,0.709,0.291,,False,on_map_at_end
630,truck,753.0,,1047.0,,876.985,100.0,802.0,245.0,941.401,,,0.766,0.234,,False,on_map_at_end
632,car,754.0,,1046.0,,529.039,100.0,818.0,228.0,951.924,,,0.782,0.218,,False,on_map_at_end
633,car,754.0,,1046.0,,622.488,100.0,818.0,228.0,986.161,,,0.782,0.218,,False,on_map_at_end
638,car,756.0,,1044.0,,1805.595,73.0,662.0,382.0,868.084,,,0.6341,0.3659,,False,on_map_at_end
640,truck,762.0,,1038.0,,1680.174,59.0,570.0,468.0,836.171,,,0.5491,0.4509,,False,on_map_at_end
644,car,766.0,,1034.0,,1887.825,100.0,780.0,254.0,858.224,,,0.7544,0.2456,,False,on_map_at_end
646,car,767.0,,1033.0,,1963.676,33.0,508.0,525.0,841.276,,,0.4918,0.5082,,False,on_map_at_end
647,car,768.0,,1032.0,,1270.108,38.0,634.0,398.0,901.256,,,0.6143,0.3857,,False,on_map_at_end
648,car,768.0,,1032.0,,1813.242,100.0,783.0,249.0,866.908,,,0.7587,0.2413,,False,on_map_at_end
649,car,769.0,,1031.0,,436.287,100.0,898.0,133.0,971.085,,,0.871,0.129,,False,on_map_at_end
650,truck,769.0,,1031.0,,1004.59,80.0,787.0,244.0,885.191,,,0.7633,0.2367,,False,on_map_at_end
652,car,771.0,,1029.0,,1672.673,70.0,591.0,438.0,877.071,,,0.5743,0.4257,,False,on_map_at_end
654,car,771.0,,1029.0,,660.668,91.0,919.0,110.0,966.902,,,0.8931,0.1069,,False,on_map_at_end
656,car,772.0,,1028.0,,1935.739,100.0,763.0,265.0,852.506,,,0.7422,0.2578,,False,on_map_at_end
658,car,773.0,,1027.0,,981.65,100.0,674.0,353.0,938.651,,,0.6563,0.3437,,False,on_map_at_end
661,car,776.0,,1024.0,,1214.049,71.0,764.0,260.0,901.793,,,0.7461,0.2539,,False,on_map_at_end
662,car,775.0,,1025.0,,653.167,89.0,920.0,105.0,964.097,,,0.8976,0.1024,,False,on_map_at_end
663,car,776.0,,1024.0,,1592.253,85.0,774.0,250.0,880.27,,,0.7559,0.2441,,False,on_map_at_end
666,car,780.0,,1020.0,,989.587,78.0,779.0,241.0,893.805,,,0.7637,0.2363,,False,on_map_at_end
668,car,780.0,,1020.0,,1460.843,37.0,618.0,402.0,887.967,,,0.6059,0.3941,,False,on_map_at_end
669,car,781.0,,1019.0,,494.573,100.0,843.0,176.0,967.089,,,0.8273,0.1727,,False,on_map_at_end
673,car,782.0,,1018.0,,1049.446,88.0,852.0,166.0,919.883,,,0.8369,0.1631,,False,on_map_at_end
676,car,783.0,,1017.0,,428.785,100.0,868.0,149.0,945.804,,,0.8535,0.1465,,False,on_map_at_end
677,car,785.0,,1015.0,,421.284,100.0,863.0,152.0,947.004,,,0.8502,0.1498,,False,on_map_at_end
678,car,785.0,,1015.0,,505.953,65.0,886.0,129.0,963.082,,,0.8729,0.1271,,False,on_map_at_end
679,car,787.0,,1013.0,,1398.176,50.0,604.0,409.0,872.726,,,0.5962,0.4038,,False,on_map_at_end
681,car,1754.0,,46.0,,5.229,42.0,41.0,5.0,36.353,,,0.8913,0.1087,,False,on_map_at_end
682,car,789.0,,1011.0,,2104.434,70.0,553.0,458.0,820.235,,,0.547,0.453,,False,on_map_at_end
684,car,791.0,,1009.0,,1584.727,83.0,755.0,254.0,865.954,,,0.7483,0.2517,,False,on_map_at_end
694,car,798.0,,1002.0,,1242.473,100.0,792.0,210.0,889.327,,,0.7904,0.2096,,False,on_map_at_end
695,truck,798.0,,1002.0,,227.57,100.0,798.0,204.0,973.556,,,0.7964,0.2036,,False,on_map_at_end
696,car,799.0,,1001.0,,470.141,100.0,854.0,147.0,958.68,,,0.8531,0.1469,,False,on_map_at_end
698,car,802.0,,998.0,,1707.56,100.0,763.0,235.0,842.916,,,0.7645,0.2355,,False,on_map_at_end
701,car,803.0,,997.0,,1210.06,82.0,754.0,243.0,886.626,,,0.7563,0.2437,,False,on_map_at_end
703,car,805.0,,995.0,,2469.589,100.0,627.0,368.0,770.423,,,0.6302,0.3698,,False,on_map_at_end
704,car,804.0,,996.0,,2180.254,100.0,562.0,434.0,768.366,,,0.5643,0.4357,,False,on_map_at_end
706,car,805.0,,995.0,,552.034,100.0,864.0,131.0,906.521,,,0.8683,0.1317,,False,on_map_at_end
707,car,805.0,,995.0,,645.665,86.0,879.0,116.0,935.222,,,0.8834,0.1166,,False,on_map_at_end
708,car,805.0,,995.0,,982.085,77.0,739.0,256.0,848.59,,,0.7427,0.2573,,False,on_map_at_end
710,truck,807.0,,993.0,,419.634,100.0,874.0,119.0,905.624,,,0.8802,0.1198,,False,on_map_at_end
712,car,807.0,,993.0,,190.064,100.0,840.0,153.0,969.294,,,0.8459,0.1541,,False,on_map_at_end
713,car,808.0,,992.0,,1947.446,27.0,494.0,498.0,811.358,,,0.498,0.502,,False,on_map_at_end
715,truck,810.0,,990.0,,1275.638,100.0,750.0,240.0,836.374,,,0.7576,0.2424,,False,on_map_at_end
718,car,810.0,,990.0,,686.84,61.0,842.0,148.0,904.596,,,0.8505,0.1495,,False,on_map_at_end
721,car,1607.0,,193.0,,28.956,100.0,149.0,44.0,190.394,,,0.772,0.228,,False,on_map_at_end
722,car,816.0,,984.0,,1268.137,100.0,766.0,218.0,860.213,,,0.7785,0.2215,,False,on_map_at_end
724,car,815.0,,985.0,,974.579,76.0,725.0,260.0,849.137,,,0.736,0.264,,False,on_map_at_end
726,car,815.0,,985.0,,288.663,100.0,852.0,133.0,951.644,,,0.865,0.135,,False,on_map_at_end
728,car,816.0,,984.0,,563.827,100.0,787.0,197.0,925.847,,,0.7998,0.2002,,False,on_map_at_end
731,car,822.0,,978.0,,638.164,87.0,873.0,105.0,918.034,,,0.8926,0.1074,,False,on_map_at_end
733,car,827.0,,973.0,,1176.25,48.0,614.0,359.0,867.136,,,0.631,0.369,,False,on_map_at_end
738,car,825.0,,975.0,,404.632,100.0,884.0,91.0,901.526,,,0.9067,0.0933,,False,on_map_at_end
740,truck,827.0,,973.0,,236.603,100.0,802.0,171.0,893.692,,,0.8243,0.1757,,False,on_map_at_end
741,car,855.0,,945.0,,1637.111,48.0,622.0,323.0,797.217,,,0.6582,0.3418,,False,on_map_at_end
744,car,831.0,,969.0,,630.663,84.0,870.0,99.0,910.352,,,0.8978,0.1022,,False,on_map_at_end
745,truck,831.0,,969.0,,478.164,100.0,819.0,150.0,911.445,,,0.8452,0.1548,,False,on_map_at_end
746,car,831.0,,969.0,,1506.624,25.0,502.0,467.0,827.357,,,0.5181,0.4819,,False,on_map_at_end
747,car,832.0,,968.0,,2567.81,100.0,598.0,370.0,733.135,,,0.6178,0.3822,,False,on_map_at_end
749,car,834.0,,966.0,,1434.552,28.0,498.0,468.0,812.745,,,0.5155,0.4845,,False,on_map_at_end
752,car,836.0,,964.0,,768.076,100.0,728.0,236.0,894.052,,,0.7552,0.2448,,False,on_map_at_end
753,car,837.0,,963.0,,878.789,79.0,535.0,428.0,868.251,,,0.5556,0.4444,,False,on_map_at_end
754,car,839.0,,961.0,,843.907,66.0,582.0,379.0,877.567,,,0.6056,0.3944,,False,on_map_at_end
757,car,840.0,,960.0,,1150.042,50.0,663.0,297.0,856.039,,,0.6906,0.3094,,False,on_map_at_end
759,car,842.0,,958.0,,967.07,75.0,704.0,254.0,808.674,,,0.7349,0.2651,,False,on_map_at_end
764,car,845.0,,955.0,,607.539,93.0,863.0,92.0,898.006,,,0.9037,0.0963,,False,on_map_at_end
765,truck,845.0,,955.0,,536.069,100.0,694.0,261.0,890.124,,,0.7267,0.2733,,False,on_map_at_end
766,car,845.0,,955.0,,1867.323,100.0,730.0,225.0,785.382,,,0.7644,0.2356,,False,on_map_at_end
768,car,846.0,,954.0,,1041.944,85.0,793.0,161.0,855.296,,,0.8312,0.1688,,False,on_map_at_end
770,truck,847.0,,953.0,,1042.375,73.0,605.0,348.0,822.58,,,0.6348,0.3652,,False,on_map_at_end
772,car,848.0,,952.0,,281.162,100.0,832.0,120.0,915.471,,,0.8739,0.1261,,False,on_map_at_end
773,car,855.0,,945.0,,1692.32,100.0,667.0,278.0,791.882,,,0.7058,0.2942,,False,on_map_at_end
774,car,849.0,,951.0,,1034.443,86.0,787.0,164.0,855.681,,,0.8275,0.1725,,False,on_map_at_end
776,car,851.0,,949.0,,600.038,89.0,847.0,102.0,894.285,,,0.8925,0.1075,,False,on_map_at_end
778,car,852.0,,948.0,,533.839,73.0,583.0,365.0,895.6,,,0.615,0.385,,False,on_map_at_end
780,truck,855.0,,945.0,,2043.159,100.0,643.0,302.0,698.273,,,0.6804,0.3196,,False,on_map_at_end
783,car,856.0,,944.0,,1107.275,100.0,737.0,207.0,833.116,,,0.7807,0.2193,,False,on_map_at_end
784,car,858.0,,942.0,,1621.128,69.0,578.0,364.0,795.755,,,0.6136,0.3864,,False,on_map_at_end
785,truck,858.0,,942.0,,1019.564,77.0,575.0,367.0,819.447,,,0.6104,0.3896,,False,on_map_at_end
787,car,861.0,,939.0,,1896.324,45.0,586.0,353.0,768.081,,,0.6241,0.3759,,False,on_map_at_end
790,truck,863.0,,937.0,,582.918,100.0,657.0,280.0,863.5,,,0.7012,0.2988,,False,on_map_at_end
792,car,865.0,,935.0,,1528.785,89.0,688.0,247.0,796.517,,,0.7358,0.2642,,False,on_map_at_end
795,truck,867.0,,933.0,,1504.854,93.0,672.0,261.0,752.085,,,0.7203,0.2797,,False,on_map_at_end
796,car,867.0,,933.0,,1173.71,87.0,718.0,215.0,824.6,,,0.7696,0.2304,,False,on_map_at_end
799,car,873.0,,927.0,,1019.441,83.0,757.0,170.0,828.93,,,0.8166,0.1834,,False,on_map_at_end
800,truck,873.0,,927.0,,393.281,100.0,786.0,141.0,879.702,,,0.8479,0.1521,,False,on_map_at_end
802,car,875.0,,925.0,,1762.735,100.0,707.0,218.0,765.611,,,0.7643,0.2357,,False,on_map_at_end
803,car,1193.0,,607.0,,1247.821,100.0,354.0,253.0,492.676,,,0.5832,0.4168,,False,on_map_at_end
805,truck,877.0,,923.0,,380.28,100.0,775.0,148.0,876.504,,,0.8397,0.1603,,False,on_map_at_end
806,car,878.0,,922.0,,1121.454,64.0,620.0,302.0,812.068,,,0.6725,0.3275,,False,on_map_at_end
810,truck,881.0,,919.0,,733.117,100.0,645.0,274.0,830.991,,,0.7018,0.2982,,False,on_map_at_end
811,car,881.0,,919.0,,1105.804,100.0,671.0,248.0,814.112,,,0.7301,0.2699,,False,on_map_at_end
814,car,883.0,,917.0,,1250.639,73.0,566.0,351.0,803.027,,,0.6172,0.3828,,False,on_map_at_end
815,truck,886.0,,914.0,,1898.082,100.0,632.0,282.0,685.977,,,0.6915,0.3085,,False,on_map_at_end
816,car,886.0,,914.0,,822.822,100.0,698.0,216.0,811.703,,,0.7637,0.2363,,False,on_map_at_end
817,car,886.0,,914.0,,1486.649,100.0,677.0,237.0,779.924,,,0.7407,0.2593,,False,on_map_at_end
819,car,887.0,,913.0,,592.537,87.0,816.0,97.0,858.578,,,0.8938,0.1062,,False,on_map_at_end
821,car,890.0,,910.0,,483.332,62.0,584.0,326.0,861.609,,,0.6418,0.3582,,False,on_map_at_end
822,car,890.0,,910.0,,1565.421,73.0,538.0,372.0,730.885,,,0.5912,0.4088,,False,on_map_at_end
823,car,890.0,,910.0,,152.978,100.0,800.0,110.0,892.64,,,0.8791,0.1209,,False,on_map_at_end
826,car,891.0,,909.0,,413.179,100.0,787.0,122.0,867.737,,,0.8658,0.1342,,False,on_map_at_end
830,truck,894.0,,906.0,,2408.545,100.0,483.0,423.0,616.859,,,0.5331,0.4669,,False,on_map_at_end
831,car,894.0,,906.0,,585.035,87.0,804.0,102.0,852.31,,,0.8874,0.1126,,False,on_map_at_end
832,car,895.0,,905.0,,1521.958,87.0,530.0,375.0,718.864,,,0.5856,0.4144,,False,on_map_at_end
834,car,898.0,,902.0,,583.882,83.0,780.0,122.0,845.717,,,0.8647,0.1353,,False,on_map_at_end
836,car,899.0,,901.0,,1467.748,97.0,696.0,205.0,754.924,,,0.7725,0.2275,,False,on_map_at_end
837,car,899.0,,901.0,,81.312,100.0,799.0,102.0,893.121,,,0.8868,0.1132,,False,on_map_at_end
839,car,901.0,,899.0,,577.534,84.0,801.0,98.0,845.737,,,0.891,0.109,,False,on_map_at_end
841,car,902.0,,898.0,,1035.917,42.0,568.0,330.0,779.732,,,0.6325,0.3675,,False,on_map_at_end
845,truck,903.0,,897.0,,441.358,100.0,758.0,139.0,843.905,,,0.845,0.155,,False,on_map_at_end
846,car,903.0,,897.0,,665.854,100.0,720.0,177.0,825.135,,,0.8027,0.1973,,False,on_map_at_end
847,car,904.0,,896.0,,1168.161,100.0,676.0,220.0,790.036,,,0.7545,0.2455,,False,on_map_at_end
848,car,904.0,,896.0,,1702.797,36.0,560.0,336.0,741.617,,,0.625,0.375,,False,on_map_at_end
850,truck,905.0,,895.0,,1894.983,100.0,578.0,317.0,667.083,,,0.6458,0.3542,,False,on_map_at_end
852,car,905.0,,895.0,,1014.299,100.0,719.0,176.0,787.652,,,0.8034,0.1966,,False,on_map_at_end
857,car,909.0,,891.0,,433.857,100.0,755.0,136.0,851.611,,,0.8474,0.1526,,False,on_map_at_end
858,car,910.0,,890.0,,1799.073,100.0,632.0,258.0,727.516,,,0.7101,0.2899,,False,on_map_at_end
862,car,912.0,,888.0,,1763.848,100.0,558.0,330.0,727.654,,,0.6284,0.3716,,False,on_map_at_end
863,car,913.0,,887.0,,376.678,100.0,793.0,94.0,816.099,,,0.894,0.106,,False,on_map_at_end
865,truck,913.0,,887.0,,188.154,85.0,711.0,176.0,863.566,,,0.8016,0.1984,,False,on_map_at_end
866,car,916.0,,884.0,,1471.647,100.0,652.0,232.0,751.144,,,0.7376,0.2624,,False,on_map_at_end
867,car,919.0,,881.0,,367.733,100.0,790.0,91.0,810.904,,,0.8967,0.1033,,False,on_map_at_end
868,car,923.0,,877.0,,360.232,100.0,779.0,98.0,807.579,,,0.8883,0.1117,,False,on_map_at_end
869,car,914.0,,886.0,,138.419,98.0,737.0,149.0,867.786,,,0.8318,0.1682,,False,on_map_at_end
872,car,915.0,,885.0,,145.477,100.0,779.0,106.0,865.402,,,0.8802,0.1198,,False,on_map_at_end
873,car,915.0,,885.0,,1858.546,37.0,544.0,341.0,717.46,,,0.6147,0.3853,,False,on_map_at_end
874,car,927.0,,873.0,,1464.146,100.0,649.0,224.0,740.822,,,0.7434,0.2566,,False,on_map_at_end
875,truck,919.0,,881.0,,118.079,100.0,741.0,140.0,866.812,,,0.8411,0.1589,,False,on_map_at_end
876,car,931.0,,869.0,,1456.644,100.0,640.0,229.0,737.014,,,0.7365,0.2635,,False,on_map_at_end
877,car,919.0,,881.0,,1437.719,100.0,580.0,301.0,750.574,,,0.6583,0.3417,,False,on_map_at_end
878,car,919.0,,881.0,,1850.697,35.0,530.0,351.0,713.84,,,0.6016,0.3984,,False,on_map_at_end
881,car,921.0,,879.0,,2107.497,100.0,569.0,310.0,681.255,,,0.6473,0.3527,,False,on_map_at_end
883,car,935.0,,865.0,,1449.143,100.0,619.0,246.0,721.798,,,0.7156,0.2844,,False,on_map_at_end
886,car,922.0,,878.0,,1179.919,100.0,641.0,237.0,764.74,,,0.7301,0.2699,,False,on_map_at_end
887,car,940.0,,860.0,,352.731,100.0,757.0,103.0,791.254,,,0.8802,0.1198,,False,on_map_at_end
889,car,945.0,,855.0,,345.23,100.0,745.0,110.0,786.929,,,0.8713,0.1287,,False,on_map_at_end
891,car,925.0,,875.0,,1791.572,100.0,615.0,260.0,712.995,,,0.7029,0.2971,,False,on_map_at_end
896,car,927.0,,873.0,,1842.771,38.0,526.0,347.0,706.783,,,0.6025,0.3975,,False,on_map_at_end
897,car,928.0,,872.0,,961.4,73.0,693.0,179.0,780.732,,,0.7947,0.2053,,False,on_map_at_end
899,car,928.0,,872.0,,2630.306,100.0,543.0,329.0,619.113,,,0.6227,0.3773,,False,on_map_at_end
900,truck,930.0,,870.0,,1960.2,100.0,447.0,423.0,634.682,,,0.5138,0.4862,,False,on_map_at_end
901,car,932.0,,868.0,,552.409,94.0,778.0,90.0,818.283,,,0.8963,0.1037,,False,on_map_at_end
905,truck,932.0,,868.0,,999.764,79.0,507.0,361.0,747.98,,,0.5841,0.4159,,False,on_map_at_end
909,car,934.0,,866.0,,2114.998,100.0,569.0,297.0,667.47,,,0.657,0.343,,False,on_map_at_end
910,truck,935.0,,865.0,,1947.198,100.0,407.0,458.0,631.243,,,0.4705,0.5295,,False,on_map_at_end
911,car,935.0,,865.0,,502.579,79.0,730.0,135.0,812.446,,,0.8439,0.1561,,False,on_map_at_end
913,car,936.0,,864.0,,1834.65,40.0,522.0,342.0,698.507,,,0.6042,0.3958,,False,on_map_at_end
916,car,938.0,,862.0,,884.545,47.0,574.0,288.0,763.411,,,0.6659,0.3341,,False,on_map_at_end
917,car,938.0,,862.0,,110.578,100.0,736.0,126.0,849.298,,,0.8538,0.1462,,False,on_map_at_end
921,car,939.0,,861.0,,2298.802,100.0,482.0,379.0,653.145,,,0.5598,0.4402,,False,on_map_at_end
923,car,940.0,,860.0,,1331.229,87.0,401.0,459.0,735.392,,,0.4663,0.5337,,False,on_map_at_end
924,car,941.0,,859.0,,2042.61,92.0,581.0,278.0,667.623,,,0.6764,0.3236,,False,on_map_at_end
929,car,943.0,,857.0,,544.908,92.0,761.0,96.0,807.958,,,0.888,0.112,,False,on_map_at_end
930,truck,945.0,,855.0,,531.907,89.0,735.0,120.0,791.146,,,0.8596,0.1404,,False,on_map_at_end
933,car,945.0,,855.0,,2026.367,100.0,546.0,309.0,660.817,,,0.6386,0.3614,,False,on_map_at_end
935,truck,946.0,,854.0,,1641.183,100.0,540.0,314.0,647.03,,,0.6323,0.3677,,False,on_map_at_end
936,car,949.0,,851.0,,524.406,87.0,727.0,124.0,803.803,,,0.8543,0.1457,,False,on_map_at_end
939,car,949.0,,851.0,,247.659,100.0,728.0,123.0,824.109,,,0.8555,0.1445,,False,on_map_at_end
942,car,951.0,,849.0,,370.173,100.0,707.0,142.0,812.804,,,0.8327,0.1673,,False,on_map_at_end
943,car,951.0,,849.0,,1206.628,84.0,527.0,322.0,722.79,,,0.6207,0.3793,,False,on_map_at_end
944,car,952.0,,848.0,,1922.981,100.0,490.0,358.0,666.819,,,0.5778,0.4222,,False,on_map_at_end
945,truck,956.0,,844.0,,1093.944,55.0,506.0,338.0,712.502,,,0.5995,0.4005,,False,on_map_at_end
951,car,958.0,,842.0,,1124.523,75.0,516.0,326.0,738.663,,,0.6128,0.3872,,False,on_map_at_end
953,car,994.0,,806.0,,1005.233,100.0,586.0,220.0,696.754,,,0.727,0.273,,False,on_map_at_end
954,car,958.0,,842.0,,1644.052,97.0,566.0,276.0,693.24,,,0.6722,0.3278,,False,on_map_at_end
955,truck,959.0,,841.0,,752.557,61.0,539.0,302.0,746.184,,,0.6409,0.3591,,False,on_map_at_end
958,car,962.0,,838.0,,1054.545,100.0,615.0,223.0,741.904,,,0.7339,0.2661,,False,on_map_at_end
961,car,963.0,,837.0,,1054.768,100.0,624.0,213.0,741.7,,,0.7455,0.2545,,False,on_map_at_end
964,car,964.0,,836.0,,953.86,75.0,657.0,179.0,745.949,,,0.7859,0.2141,,False,on_map_at_end
965,truck,964.0,,836.0,,97.577,100.0,721.0,115.0,824.284,,,0.8624,0.1376,,False,on_map_at_end
966,car,965.0,,835.0,,1441.642,100.0,598.0,237.0,704.467,,,0.7162,0.2838,,False,on_map_at_end
968,car,965.0,,835.0,,1506.669,49.0,390.0,445.0,683.81,,,0.4671,0.5329,,False,on_map_at_end
970,truck,965.0,,835.0,,901.373,67.0,584.0,251.0,720.018,,,0.6994,0.3006,,False,on_map_at_end
971,car,966.0,,834.0,,946.268,73.0,648.0,186.0,742.108,,,0.777,0.223,,False,on_map_at_end
972,car,967.0,,833.0,,516.904,84.0,719.0,114.0,786.478,,,0.8631,0.1369,,False,on_map_at_end
973,car,967.0,,833.0,,547.413,100.0,592.0,241.0,776.691,,,0.7107,0.2893,,False,on_map_at_end
974,car,968.0,,832.0,,294.305,100.0,625.0,207.0,805.512,,,0.7512,0.2488,,False,on_map_at_end
975,truck,968.0,,832.0,,1467.359,100.0,576.0,256.0,655.509,,,0.6923,0.3077,,False,on_map_at_end
976,car,970.0,,830.0,,1656.451,92.0,560.0,270.0,680.267,,,0.6747,0.3253,,False,on_map_at_end
977,car,969.0,,831.0,,938.634,73.0,644.0,187.0,740.885,,,0.775,0.225,,False,on_map_at_end
978,car,969.0,,831.0,,1434.141,100.0,606.0,225.0,701.087,,,0.7292,0.2708,,False,on_map_at_end
98,car,175.0,,1625.0,,2370.728,89.0,1261.0,364.0,1410.897,,,0.776,0.224,,False,on_map_at_end
981,car,972.0,,828.0,,509.403,83.0,714.0,114.0,782.153,,,0.8623,0.1377,,False,on_map_at_end
982,car,973.0,,827.0,,1084.253,100.0,661.0,166.0,728.099,,,0.7993,0.2007,,False,on_map_at_end
983,car,973.0,,827.0,,745.056,60.0,508.0,319.0,745.172,,,0.6143,0.3857,,False,on_map_at_end
985,truck,975.0,,825.0,,1081.059,91.0,514.0,311.0,695.221,,,0.623,0.377,,False,on_map_at_end
986,car,975.0,,825.0,,357.776,100.0,698.0,127.0,781.361,,,0.8461,0.1539,,False,on_map_at_end
988,car,982.0,,818.0,,286.804,100.0,601.0,217.0,792.187,,,0.7347,0.2653,,False,on_map_at_end
993,car,982.0,,818.0,,501.899,83.0,703.0,115.0,772.829,,,0.8594,0.1406,,False,on_map_at_end
996,truck,984.0,,816.0,,925.399,74.0,612.0,204.0,703.847,,,0.75,0.25,,False,on_map_at_end
