vehicle_id,vehicle_type,enter_time_s,departure_time_s,travel_time_s,route_distance_m,distance_traveled_m,accumulated_waiting_time_s,custom_wait_s,moving_time_s,time_loss_s,free_flow_time_s,delay_s,waiting_fraction,moving_fraction,schedule_efficiency,completed_trip,trip_status
h15454c2:3,default_016,57613.0,57660.0,47.0,,353.547,0.0,0.0,47.0,6.043,,,0.0,1.0,,True,completed
carIn60260:1,default_016,57607.0,57661.0,54.0,,426.508,0.0,0.0,54.0,4.635,,,0.0,1.0,,True,completed
carIn53971:1,default_016,57641.0,57687.0,46.0,,487.651,0.0,0.0,46.0,5.159,,,0.0,1.0,,True,completed
h12244c1:3,default_016,57613.0,57709.0,96.0,,1175.385,0.0,0.0,96.0,9.667,,,0.0,1.0,,True,completed
S5R_frequency1.2,bus,57613.0,57714.0,101.0,,1104.966,2.0,2.0,99.0,19.881,,,0.0198,0.9802,,True,completed
h9563c2:5,default_016,57632.0,57718.0,86.0,,1181.19,0.0,0.0,86.0,5.083,,,0.0,1.0,,True,completed
h3568c1:3,default_016,57657.0,57726.0,69.0,,803.55,0.0,0.0,69.0,9.161,,,0.0,1.0,,True,completed
h7181c1:1,default_016,57661.0,57729.0,68.0,,927.945,6.0,6.0,62.0,15.012,,,0.0882,0.9118,,True,completed
h7800c1:5,default_016,57697.0,57733.0,36.0,,174.251,12.0,12.0,24.0,15.795,,,0.3333,0.6667,,True,completed
carIn22761:1,default_016,57616.0,57736.0,120.0,,1086.653,36.0,36.0,84.0,53.115,,,0.3,0.7,,True,completed
carIn30817:1,default_016,57682.0,57746.0,64.0,,716.212,0.0,0.0,64.0,7.623,,,0.0,1.0,,True,completed
carIn121703:1,default_016,57648.0,57748.0,100.0,,1147.806,0.0,0.0,100.0,7.091,,,0.0,1.0,,True,completed
h3154c1:1,default_016,57659.0,57750.0,91.0,,1204.097,4.0,4.0,87.0,16.706,,,0.044,0.956,,True,completed
h645c1:1,default_016,57623.0,57757.0,134.0,,1908.569,0.0,0.0,134.0,6.656,,,0.0,1.0,,True,completed
h3326c1:2,default_016,57657.0,57761.0,104.0,,1305.325,0.0,0.0,104.0,12.247,,,0.0,1.0,,True,completed
carIn107084:1,default_016,57602.0,57767.0,165.0,,2241.597,0.0,0.0,165.0,12.001,,,0.0,1.0,,True,completed
carIn118591:1,default_016,57690.0,57774.0,84.0,,1181.149,0.0,0.0,84.0,5.552,,,0.0,1.0,,True,completed
carIn12365:1,default_016,57714.0,57788.0,74.0,,712.093,0.0,0.0,74.0,4.536,,,0.0,1.0,,True,completed
h4538c1:1,default_016,57702.0,57796.0,94.0,,439.772,53.0,53.0,41.0,60.246,,,0.5638,0.4362,,True,completed
carIn86816:1,default_016,57618.0,57797.0,179.0,,2065.502,0.0,23.0,156.0,44.568,,,0.1285,0.8715,,True,completed
carIn82220:1,default_016,57618.0,57801.0,183.0,,2247.298,6.0,6.0,177.0,33.392,,,0.0328,0.9672,,True,completed
carIn48184:1,default_016,57614.0,57802.0,188.0,,2254.167,16.0,16.0,172.0,38.901,,,0.0851,0.9149,,True,completed
h17600c1:1,default_016,57663.0,57802.0,139.0,,2088.208,0.0,0.0,139.0,7.949,,,0.0,1.0,,True,completed
carIn27009:1,default_015,57674.0,57803.0,129.0,,699.317,28.0,30.0,99.0,43.083,,,0.2326,0.7674,,True,completed
h11737c1:1,default_016,57665.0,57804.0,139.0,,1583.08,19.0,19.0,120.0,32.816,,,0.1367,0.8633,,True,completed
carIn102915:1,default_016,57644.0,57807.0,163.0,,2063.256,0.0,0.0,163.0,16.469,,,0.0,1.0,,True,completed
carIn126288:1,default_016,57675.0,57808.0,133.0,,1596.59,1.0,1.0,132.0,13.352,,,0.0075,0.9925,,True,completed
carIn12152:1,default_016,57648.0,57809.0,161.0,,2023.544,0.0,0.0,161.0,22.131,,,0.0,1.0,,True,completed
randUni33724:1,random_016,57646.0,57810.0,164.0,,2063.063,0.0,0.0,164.0,18.373,,,0.0,1.0,,True,completed
carIn107282:1,default_016,57750.0,57812.0,62.0,,437.429,16.0,16.0,46.0,22.291,,,0.2581,0.7419,,True,completed
h5979c1:5,default_016,57670.0,57812.0,142.0,,650.543,49.0,49.0,93.0,74.52,,,0.3451,0.6549,,True,completed
carIn77943:1,default_016,57608.0,57813.0,205.0,,2241.174,7.0,7.0,198.0,45.257,,,0.0341,0.9659,,True,completed
carIn81046:1,default_016,57610.0,57820.0,210.0,,2246.041,0.0,0.0,210.0,23.172,,,0.0,1.0,,True,completed
carIn73855:1,default_016,57744.0,57821.0,77.0,,1156.784,0.0,0.0,77.0,10.527,,,0.0,1.0,,True,completed
h19804c1:3,default_016,57617.0,57822.0,205.0,,2248.044,0.0,0.0,205.0,28.953,,,0.0,1.0,,True,completed
carIn100288:1,default_016,57665.0,57826.0,161.0,,2066.989,0.0,0.0,161.0,20.414,,,0.0,1.0,,True,completed
50R_frequency3.17,bus,57675.0,57832.0,157.0,,1950.24,0.0,0.0,157.0,12.117,,,0.0,1.0,,True,completed
carIn29531:1,default_016,57667.0,57834.0,167.0,,2053.842,2.0,2.0,165.0,23.18,,,0.012,0.988,,True,completed
carIn77438:1,default_016,57614.0,57834.0,220.0,,2231.253,0.0,0.0,220.0,19.398,,,0.0,1.0,,True,completed
h3864c1:3,default_016,57679.0,57834.0,155.0,,1568.782,0.0,0.0,155.0,15.115,,,0.0,1.0,,True,completed
carIn107842:1,default_016,57623.0,57835.0,212.0,,2221.391,0.0,0.0,212.0,80.691,,,0.0,1.0,,True,completed
carIn2912:1,default_016,57669.0,57836.0,167.0,,2055.511,1.0,1.0,166.0,28.788,,,0.006,0.994,,True,completed
h15382c1:3,default_016,57624.0,57837.0,213.0,,2241.842,0.0,0.0,213.0,24.66,,,0.0,1.0,,True,completed
randUni15030:1,random_016,57736.0,57840.0,104.0,,916.343,0.0,0.0,104.0,9.343,,,0.0,1.0,,True,completed
carIn49437:1,default_016,57671.0,57841.0,170.0,,2061.779,0.0,0.0,170.0,23.89,,,0.0,1.0,,True,completed
carIn116184:1,default_016,57628.0,57842.0,214.0,,2248.743,28.0,28.0,186.0,56.456,,,0.1308,0.8692,,True,completed
carIn126378:1,default_016,57746.0,57842.0,96.0,,1149.918,5.0,5.0,91.0,15.598,,,0.0521,0.9479,,True,completed
carIn3969:1,default_016,57626.0,57843.0,217.0,,2246.908,8.0,8.0,209.0,59.801,,,0.0369,0.9631,,True,completed
carIn462:1,default_016,57620.0,57843.0,223.0,,2252.766,29.0,29.0,194.0,53.1,,,0.13,0.87,,True,completed
h18601c1:3,default_016,57675.0,57843.0,168.0,,2067.069,0.0,0.0,168.0,43.781,,,0.0,1.0,,True,completed
carIn31257:1,default_016,57630.0,57844.0,214.0,,2252.98,29.0,29.0,185.0,75.74,,,0.1355,0.8645,,True,completed
carIn56649:1,default_016,57628.0,57844.0,216.0,,2236.425,6.0,6.0,210.0,70.049,,,0.0278,0.9722,,True,completed
carIn8642:1,default_016,57775.0,57845.0,70.0,,704.66,0.0,0.0,70.0,9.133,,,0.0,1.0,,True,completed
carIn81860:1,default_016,57713.0,57846.0,133.0,,1225.684,13.0,13.0,120.0,31.609,,,0.0977,0.9023,,True,completed
carIn129809:1,default_015,57730.0,57848.0,118.0,,697.067,29.0,29.0,89.0,40.614,,,0.2458,0.7542,,True,completed
carIn50326:1,default_016,57652.0,57848.0,196.0,,1580.839,45.0,55.0,141.0,73.033,,,0.2806,0.7194,,True,completed
carIn17767:1,default_016,57632.0,57851.0,219.0,,2244.801,5.0,5.0,214.0,37.956,,,0.0228,0.9772,,True,completed
carIn106665:1,default_016,57659.0,57854.0,195.0,,2836.914,0.0,0.0,195.0,13.025,,,0.0,1.0,,True,completed
carIn99385:1,default_016,57650.0,57860.0,210.0,,2245.842,0.0,0.0,210.0,37.842,,,0.0,1.0,,True,completed
randUni10474:1,random_016,57606.0,57860.0,254.0,,3040.092,7.0,7.0,247.0,30.63,,,0.0276,0.9724,,True,completed
carIn767:1,default_016,57620.0,57862.0,242.0,,3045.002,0.0,0.0,242.0,42.983,,,0.0,1.0,,True,completed
h5170c2:1,default_016,57632.0,57862.0,230.0,,3083.132,8.0,8.0,222.0,32.347,,,0.0348,0.9652,,True,completed
h13377c2:3,default_016,57805.0,57863.0,58.0,,713.996,0.0,0.0,58.0,4.415,,,0.0,1.0,,True,completed
h17549c1:1,default_016,57681.0,57869.0,188.0,,1745.531,3.0,27.0,161.0,53.793,,,0.1436,0.8564,,True,completed
carIn101568:1,default_016,57639.0,57872.0,233.0,,2252.287,28.0,43.0,190.0,74.192,,,0.1845,0.8155,,True,completed
h5216c1:1,default_016,57665.0,57872.0,207.0,,1811.859,25.0,36.0,171.0,71.552,,,0.1739,0.8261,,True,completed
h16072c2:3,default_016,57662.0,57874.0,212.0,,1600.721,20.0,45.0,167.0,78.017,,,0.2123,0.7877,,True,completed
carIn53503:1,default_016,57762.0,57875.0,113.0,,1428.262,4.0,4.0,109.0,23.361,,,0.0354,0.9646,,True,completed
h11868c1:5,default_016,57701.0,57875.0,174.0,,1611.613,8.0,8.0,166.0,55.334,,,0.046,0.954,,True,completed
h825c2:3,default_016,57691.0,57875.0,184.0,,2193.804,8.0,8.0,176.0,37.363,,,0.0435,0.9565,,True,completed
carIn132618:1,default_016,57679.0,57876.0,197.0,,2246.732,7.0,7.0,190.0,57.966,,,0.0355,0.9645,,True,completed
carIn24709:1,default_016,57753.0,57876.0,123.0,,1522.831,0.0,0.0,123.0,13.99,,,0.0,1.0,,True,completed
carIn32621:1,default_016,57656.0,57877.0,221.0,,2248.356,7.0,7.0,214.0,42.644,,,0.0317,0.9683,,True,completed
carIn61442:1,default_016,57659.0,57877.0,218.0,,2254.641,9.0,9.0,209.0,47.293,,,0.0413,0.9587,,True,completed
carIn88932:1,default_016,57638.0,57882.0,244.0,,2222.641,0.0,20.0,224.0,46.197,,,0.082,0.918,,True,completed
carIn38625:1,default_016,57630.0,57884.0,254.0,,3032.197,6.0,6.0,248.0,70.365,,,0.0236,0.9764,,True,completed
carIn44740:1,default_016,57642.0,57884.0,242.0,,2226.407,0.0,18.0,224.0,99.893,,,0.0744,0.9256,,True,completed
carIn13443:1,default_016,57730.0,57888.0,158.0,,1752.536,7.0,13.0,145.0,36.378,,,0.0823,0.9177,,True,completed
carIn64859:1,default_016,57634.0,57889.0,255.0,,3046.925,4.0,4.0,251.0,56.143,,,0.0157,0.9843,,True,completed
h18996c2:1,default_016,57679.0,57889.0,210.0,,2190.438,3.0,3.0,207.0,22.774,,,0.0143,0.9857,,True,completed
carIn92047:1,default_016,57683.0,57891.0,208.0,,2246.139,10.0,10.0,198.0,68.921,,,0.0481,0.9519,,True,completed
h16437c1:3,default_016,57718.0,57892.0,174.0,,1608.975,7.0,7.0,167.0,58.99,,,0.0402,0.9598,,True,completed
carIn48979:1,default_016,57636.0,57893.0,257.0,,3042.226,3.0,3.0,254.0,47.761,,,0.0117,0.9883,,True,completed
h15353c2:1,default_016,57640.0,57895.0,255.0,,3048.805,3.0,3.0,252.0,58.972,,,0.0118,0.9882,,True,completed
carIn70061:1,default_016,57685.0,57897.0,212.0,,2248.456,4.0,11.0,201.0,59.506,,,0.0519,0.9481,,True,completed
randUni23028:1,random_016,57885.0,57898.0,13.0,,126.606,0.0,0.0,13.0,1.723,,,0.0,1.0,,True,completed
h6846c2:1,default_016,57742.0,57901.0,159.0,,1405.118,3.0,3.0,156.0,30.29,,,0.0189,0.9811,,True,completed
carIn102242:1,default_016,57803.0,57903.0,100.0,,1175.259,2.0,2.0,98.0,18.102,,,0.02,0.98,,True,completed
carIn132499:1,default_016,57741.0,57908.0,167.0,,2092.367,0.0,0.0,167.0,10.863,,,0.0,1.0,,True,completed
carIn29676:1,default_016,57790.0,57908.0,118.0,,1158.938,4.0,7.0,111.0,33.981,,,0.0593,0.9407,,True,completed
h7097c1:1,default_016,57671.0,57909.0,238.0,,2581.857,42.0,42.0,196.0,64.474,,,0.1765,0.8235,,True,completed
carIn81681:1,default_016,57727.0,57910.0,183.0,,2230.79,19.0,25.0,158.0,52.55,,,0.1366,0.8634,,True,completed
carIn104131:1,default_016,57837.0,57911.0,74.0,,942.764,4.0,4.0,70.0,16.344,,,0.0541,0.9459,,True,completed
carIn96510:1,default_016,57646.0,57911.0,265.0,,2981.351,0.0,2.0,263.0,71.023,,,0.0075,0.9925,,True,completed
carIn23683:1,default_016,57642.0,57912.0,270.0,,2983.32,0.0,3.0,267.0,36.157,,,0.0111,0.9889,,True,completed
carIn4388:1,default_016,57695.0,57912.0,217.0,,2249.776,2.0,11.0,206.0,56.627,,,0.0507,0.9493,,True,completed
carIn4826:1,default_016,57688.0,57912.0,224.0,,2248.721,4.0,4.0,220.0,54.404,,,0.0179,0.9821,,True,completed
carIn99578:1,default_016,57680.0,57913.0,233.0,,2984.737,0.0,10.0,223.0,46.294,,,0.0429,0.9571,,True,completed
carIn23049:1,default_016,57707.0,57914.0,207.0,,2250.347,4.0,4.0,203.0,59.212,,,0.0193,0.9807,,True,completed
carIn60497:1,default_016,57711.0,57914.0,203.0,,2255.502,0.0,0.0,203.0,63.882,,,0.0,1.0,,True,completed
h9953c2:3,default_016,57683.0,57916.0,233.0,,1532.004,1.0,60.0,173.0,112.582,,,0.2575,0.7425,,True,completed
carIn64490:1,default_016,57646.0,57917.0,271.0,,3034.047,15.0,15.0,256.0,84.051,,,0.0554,0.9446,,True,completed
carIn79268:1,default_016,57859.0,57923.0,64.0,,938.425,4.0,4.0,60.0,14.833,,,0.0625,0.9375,,True,completed
h23116c2:5,default_016,57699.0,57925.0,226.0,,1599.017,0.0,0.0,226.0,26.115,,,0.0,1.0,,True,completed
carIn13362:1,default_016,57648.0,57927.0,279.0,,3039.231,10.0,10.0,269.0,49.383,,,0.0358,0.9642,,True,completed
carIn25314:1,default_016,57654.0,57929.0,275.0,,3045.197,9.0,9.0,266.0,74.873,,,0.0327,0.9673,,True,completed
carIn70533:1,default_016,57813.0,57931.0,118.0,,694.32,40.0,40.0,78.0,52.35,,,0.339,0.661,,True,completed
carIn13353:1,default_016,57839.0,57932.0,93.0,,704.978,19.0,19.0,74.0,33.138,,,0.2043,0.7957,,True,completed
carIn11547:1,default_016,57652.0,57933.0,281.0,,3029.048,0.0,4.0,277.0,42.689,,,0.0142,0.9858,,True,completed
carIn118538:1,default_016,57683.0,57933.0,250.0,,1902.288,18.0,39.0,211.0,64.248,,,0.156,0.844,,True,completed
carIn14532:1,default_016,57743.0,57936.0,193.0,,1756.485,7.0,7.0,186.0,39.006,,,0.0363,0.9637,,True,completed
carIn63848:1,default_016,57842.0,57937.0,95.0,,705.745,13.0,13.0,82.0,22.784,,,0.1368,0.8632,,True,completed
carIn119432:1,default_016,57686.0,57938.0,252.0,,2983.972,4.0,7.0,245.0,41.538,,,0.0278,0.9722,,True,completed
carIn125694:1,default_016,57762.0,57939.0,177.0,,2188.635,3.0,3.0,174.0,27.819,,,0.0169,0.9831,,True,completed
carIn129628:1,default_016,57740.0,57946.0,206.0,,2026.613,15.0,15.0,191.0,33.465,,,0.0728,0.9272,,True,completed
randUni3548:1,random_016,57727.0,57948.0,221.0,,1734.46,12.0,47.0,174.0,72.364,,,0.2127,0.7873,,True,completed
carIn106296:1,default_016,57768.0,57949.0,181.0,,2094.457,0.0,0.0,181.0,11.53,,,0.0,1.0,,True,completed
h8222c1:5,default_016,57840.0,57949.0,109.0,,1523.891,0.0,0.0,109.0,8.708,,,0.0,1.0,,True,completed
carIn82298:1,default_016,57784.0,57953.0,169.0,,1735.373,0.0,10.0,159.0,25.593,,,0.0592,0.9408,,True,completed
h19249c2:1,default_016,57770.0,57954.0,184.0,,2180.519,0.0,0.0,184.0,50.808,,,0.0,1.0,,True,completed
carIn82741:1,default_016,57766.0,57956.0,190.0,,2180.308,0.0,0.0,190.0,13.906,,,0.0,1.0,,True,completed
h15937c1:3,default_016,57779.0,57956.0,177.0,,2065.875,3.0,4.0,173.0,27.502,,,0.0226,0.9774,,True,completed
carIn92532:1,default_016,57714.0,57959.0,245.0,,2960.424,0.0,0.0,245.0,14.08,,,0.0,1.0,,True,completed
h10591c1:1,default_016,57744.0,57962.0,218.0,,2954.751,0.0,0.0,218.0,11.365,,,0.0,1.0,,True,completed
randUni11215:1,random_016,57954.0,57965.0,11.0,,125.297,0.0,0.0,11.0,1.521,,,0.0,1.0,,True,completed
h7032c2:3,default_016,57864.0,57966.0,102.0,,898.305,7.0,7.0,95.0,21.044,,,0.0686,0.9314,,True,completed
carIn36351:1,default_016,57735.0,57971.0,236.0,,2246.481,41.0,45.0,191.0,97.579,,,0.1907,0.8093,,True,completed
carIn56449:1,default_016,57759.0,57971.0,212.0,,1599.041,0.0,0.0,212.0,22.981,,,0.0,1.0,,True,completed
h3426c1:1,default_016,57865.0,57971.0,106.0,,716.067,32.0,32.0,74.0,45.521,,,0.3019,0.6981,,True,completed
h17039c2:3,default_016,57778.0,57973.0,195.0,,1600.419,40.0,44.0,151.0,95.011,,,0.2256,0.7744,,True,completed
carIn95912:1,default_016,57825.0,57974.0,149.0,,2097.65,0.0,0.0,149.0,24.133,,,0.0,1.0,,True,completed
h7178c1:1,default_016,57746.0,57974.0,228.0,,1605.876,37.0,49.0,179.0,98.473,,,0.2149,0.7851,,True,completed
carIn107484:1,default_016,57755.0,57975.0,220.0,,2250.04,39.0,46.0,174.0,94.45,,,0.2091,0.7909,,True,completed
carIn1513:1,default_016,57757.0,57976.0,219.0,,2256.222,39.0,44.0,175.0,103.387,,,0.2009,0.7991,,True,completed
h3301c2:3,default_016,57798.0,57976.0,178.0,,1416.819,11.0,11.0,167.0,49.073,,,0.0618,0.9382,,True,completed
h13760c1:1,default_016,57746.0,57977.0,231.0,,2831.818,0.0,10.0,221.0,29.204,,,0.0433,0.9567,,True,completed
carIn24735:1,default_016,57751.0,57979.0,228.0,,2833.417,0.0,5.0,223.0,26.5,,,0.0219,0.9781,,True,completed
carIn121351:1,default_015,57756.0,57981.0,225.0,,1906.131,10.0,21.0,204.0,46.738,,,0.0933,0.9067,,True,completed
randUni18456:1,random_016,57869.0,57981.0,112.0,,1518.496,0.0,0.0,112.0,12.541,,,0.0,1.0,,True,completed
carIn115169:1,default_016,57760.0,57987.0,227.0,,2162.805,5.0,17.0,210.0,48.662,,,0.0749,0.9251,,True,completed
carIn113750:1,default_016,57962.0,57989.0,27.0,,178.05,0.0,0.0,27.0,6.628,,,0.0,1.0,,True,completed
carIn104643:1,default_016,57775.0,57993.0,218.0,,2086.184,8.0,35.0,183.0,52.042,,,0.1606,0.8394,,True,completed
carIn9695:1,default_016,57823.0,57998.0,175.0,,1587.123,11.0,11.0,164.0,26.627,,,0.0629,0.9371,,True,completed
carIn76675:1,default_016,57796.0,58001.0,205.0,,1738.106,10.0,21.0,184.0,57.128,,,0.1024,0.8976,,True,completed
carIn39194:1,default_016,57785.0,58002.0,217.0,,2249.607,5.0,5.0,212.0,49.836,,,0.023,0.977,,True,completed
carIn68868:1,default_016,57783.0,58003.0,220.0,,2251.897,1.0,1.0,219.0,31.422,,,0.0045,0.9955,,True,completed
carIn21032:1,default_016,57788.0,58004.0,216.0,,2253.452,2.0,2.0,214.0,57.616,,,0.0093,0.9907,,True,completed
carIn27323:1,default_016,57763.0,58005.0,242.0,,2020.796,8.0,39.0,203.0,95.028,,,0.1612,0.8388,,True,completed
carIn96088:1,default_016,57790.0,58006.0,216.0,,2247.41,9.0,9.0,207.0,69.851,,,0.0417,0.9583,,True,completed
carIn119559:1,default_016,57791.0,58007.0,216.0,,2247.241,7.0,14.0,202.0,74.184,,,0.0648,0.9352,,True,completed
randUni20153:1,random_016,57831.0,58007.0,176.0,,2098.217,0.0,3.0,173.0,22.538,,,0.017,0.983,,True,completed
randUni13258:1,random_016,57865.0,58011.0,146.0,,1573.519,4.0,4.0,142.0,19.851,,,0.0274,0.9726,,True,completed
carIn20054:1,default_016,57927.0,58014.0,87.0,,918.631,15.0,15.0,72.0,32.465,,,0.1724,0.8276,,True,completed
carIn80064:1,default_016,57604.0,58015.0,411.0,,1570.934,70.0,311.0,100.0,335.255,,,0.7567,0.2433,,True,completed
carIn127325:1,default_016,57843.0,58018.0,175.0,,2060.224,1.0,1.0,174.0,28.228,,,0.0057,0.9943,,True,completed
carIn39729:1,default_016,57841.0,58018.0,177.0,,2186.888,0.0,0.0,177.0,15.023,,,0.0,1.0,,True,completed
carIn89697:1,default_016,57843.0,58018.0,175.0,,2097.492,1.0,1.0,174.0,31.715,,,0.0057,0.9943,,True,completed
h3688c1:1,default_016,57626.0,58018.0,392.0,,1058.973,76.0,300.0,92.0,312.385,,,0.7653,0.2347,,True,completed
carIn84877:1,default_016,57785.0,58019.0,234.0,,2077.589,0.0,79.0,155.0,95.422,,,0.3376,0.6624,,True,completed
carIn38599:1,default_016,57854.0,58020.0,166.0,,2062.515,1.0,1.0,165.0,29.939,,,0.006,0.994,,True,completed
carIn41392:1,default_016,57758.0,58020.0,262.0,,2983.538,0.0,51.0,211.0,94.259,,,0.1947,0.8053,,True,completed
carIn14263:1,default_016,57923.0,58021.0,98.0,,1147.599,7.0,8.0,90.0,22.76,,,0.0816,0.9184,,True,completed
carIn25697:1,default_016,57914.0,58021.0,107.0,,1149.792,12.0,12.0,95.0,24.945,,,0.1121,0.8879,,True,completed
carIn76994:1,default_016,57827.0,58027.0,200.0,,1753.58,11.0,11.0,189.0,69.176,,,0.055,0.945,,True,completed
carIn52048:1,default_016,57927.0,58028.0,101.0,,705.574,3.0,3.0,98.0,20.69,,,0.0297,0.9703,,True,completed
carIn123877:1,default_016,57754.0,58031.0,277.0,,2407.084,10.0,39.0,238.0,73.716,,,0.1408,0.8592,,True,completed
carIn42952:1,default_016,57833.0,58031.0,198.0,,1753.665,8.0,10.0,188.0,49.976,,,0.0505,0.9495,,True,completed
carIn47165:1,default_016,57793.0,58032.0,239.0,,2256.427,21.0,26.0,213.0,95.389,,,0.1088,0.8912,,True,completed
h19054c1:1,default_016,57801.0,58032.0,231.0,,2255.386,13.0,17.0,214.0,82.089,,,0.0736,0.9264,,True,completed
h13496c1:1,default_016,57837.0,58033.0,196.0,,1752.009,7.0,9.0,187.0,68.298,,,0.0459,0.9541,,True,completed
carIn66532:1,default_016,57795.0,58035.0,240.0,,2249.581,9.0,13.0,227.0,53.125,,,0.0542,0.9458,,True,completed
randUni24217:1,random_016,57863.0,58035.0,172.0,,2085.504,0.0,0.0,172.0,10.769,,,0.0,1.0,,True,completed
carIn70936:1,default_016,57839.0,58039.0,200.0,,2031.81,0.0,0.0,200.0,16.037,,,0.0,1.0,,True,completed
carIn36687:1,default_016,57842.0,58040.0,198.0,,2022.381,0.0,0.0,198.0,50.464,,,0.0,1.0,,True,completed
carIn32833:1,default_016,57845.0,58042.0,197.0,,2023.628,0.0,2.0,195.0,35.956,,,0.0102,0.9898,,True,completed
h317c2:1,default_016,57708.0,58042.0,334.0,,358.166,79.0,300.0,34.0,303.908,,,0.8982,0.1018,,True,completed
h8191c1:3,default_016,57837.0,58042.0,205.0,,1902.442,29.0,40.0,165.0,66.446,,,0.1951,0.8049,,True,completed
randUni26693:1,random_016,57925.0,58043.0,118.0,,1482.049,0.0,0.0,118.0,15.642,,,0.0,1.0,,True,completed
carIn90208:1,default_016,57784.0,58047.0,263.0,,2980.375,0.0,9.0,254.0,77.419,,,0.0342,0.9658,,True,completed
carIn17428:1,default_016,57781.0,58048.0,267.0,,2988.942,1.0,11.0,256.0,53.129,,,0.0412,0.9588,,True,completed
randUni22678:1,random_016,57937.0,58048.0,111.0,,1230.242,0.0,0.0,111.0,11.214,,,0.0,1.0,,True,completed
carIn19971:1,default_016,57787.0,58049.0,262.0,,2980.275,0.0,7.0,255.0,60.941,,,0.0267,0.9733,,True,completed
h1498c1:1,default_016,57983.0,58050.0,67.0,,805.973,0.0,0.0,67.0,12.707,,,0.0,1.0,,True,completed
carIn116330:1,default_016,57824.0,58051.0,227.0,,2984.391,2.0,3.0,224.0,44.4,,,0.0132,0.9868,,True,completed
carIn62536:1,default_016,57840.0,58051.0,211.0,,2980.41,0.0,0.0,211.0,41.872,,,0.0,1.0,,True,completed
carIn120813:1,default_016,57857.0,58056.0,199.0,,2023.22,3.0,3.0,196.0,21.324,,,0.0151,0.9849,,True,completed
carIn101266:1,default_016,57738.0,58057.0,319.0,,2233.345,63.0,152.0,167.0,191.781,,,0.4765,0.5235,,True,completed
carIn88209:1,default_016,57947.0,58057.0,110.0,,1196.191,0.0,0.0,110.0,7.222,,,0.0,1.0,,True,completed
carIn116805:1,default_016,57845.0,58064.0,219.0,,2956.176,0.0,0.0,219.0,12.523,,,0.0,1.0,,True,completed
carIn80913:1,default_016,57733.0,58065.0,332.0,,2240.172,53.0,114.0,218.0,146.222,,,0.3434,0.6566,,True,completed
h6242c2:1,default_016,57919.0,58065.0,146.0,,1177.072,45.0,47.0,99.0,63.199,,,0.3219,0.6781,,True,completed
carIn10740:1,default_016,57866.0,58066.0,200.0,,2189.962,0.0,11.0,189.0,29.36,,,0.055,0.945,,True,completed
carIn30422:1,default_016,57915.0,58066.0,151.0,,1586.621,0.0,8.0,143.0,24.614,,,0.053,0.947,,True,completed
carIn11414:1,default_016,57829.0,58067.0,238.0,,2244.308,21.0,25.0,213.0,91.689,,,0.105,0.895,,True,completed
carIn115754:1,default_016,57917.0,58067.0,150.0,,1178.851,44.0,50.0,100.0,69.011,,,0.3333,0.6667,,True,completed
h13194c2:1,default_016,57835.0,58068.0,233.0,,2234.682,16.0,18.0,215.0,81.89,,,0.0773,0.9227,,True,completed
carIn124047:1,default_016,57919.0,58070.0,151.0,,1590.879,0.0,6.0,145.0,23.196,,,0.0397,0.9603,,True,completed
carIn17722:1,default_016,57841.0,58070.0,229.0,,2239.484,14.0,15.0,214.0,88.939,,,0.0655,0.9345,,True,completed
carIn75310:1,default_016,57923.0,58070.0,147.0,,1176.487,42.0,42.0,105.0,66.037,,,0.2857,0.7143,,True,completed
carIn28935:1,default_016,57923.0,58072.0,149.0,,1593.811,0.0,5.0,144.0,34.383,,,0.0336,0.9664,,True,completed
carIn6863:1,default_016,57839.0,58073.0,234.0,,2242.658,9.0,10.0,224.0,65.984,,,0.0427,0.9573,,True,completed
h4928c2:1,default_016,57932.0,58074.0,142.0,,1394.724,7.0,7.0,135.0,63.365,,,0.0493,0.9507,,True,completed
carIn10611:1,default_016,57909.0,58075.0,166.0,,1950.068,3.0,3.0,163.0,28.752,,,0.0181,0.9819,,True,completed
carIn68993:1,default_016,57884.0,58078.0,194.0,,2178.524,2.0,2.0,192.0,22.528,,,0.0103,0.9897,,True,completed
carIn79899:1,default_016,57882.0,58078.0,196.0,,2180.758,6.0,9.0,187.0,57.864,,,0.0459,0.9541,,True,completed
carIn130975:1,default_015,58018.0,58079.0,61.0,,691.453,0.0,0.0,61.0,8.566,,,0.0,1.0,,True,completed
randUni19661:1,random_016,57816.0,58080.0,264.0,,2244.994,43.0,58.0,206.0,116.738,,,0.2197,0.7803,,True,completed
carIn37367:1,default_016,57891.0,58081.0,190.0,,2083.824,3.0,3.0,187.0,21.655,,,0.0158,0.9842,,True,completed
randUni3712:1,random_016,57907.0,58081.0,174.0,,1960.223,2.0,2.0,172.0,32.946,,,0.0115,0.9885,,True,completed
h7649c2:1,default_016,57989.0,58082.0,93.0,,697.881,14.0,14.0,79.0,27.522,,,0.1505,0.8495,,True,completed
carIn39560:1,default_016,57842.0,58084.0,242.0,,2982.644,0.0,5.0,237.0,35.209,,,0.0207,0.9793,,True,completed
carIn64357:1,default_016,57931.0,58085.0,154.0,,1593.246,5.0,8.0,146.0,45.387,,,0.0519,0.9481,,True,completed
carIn94927:1,default_016,57848.0,58087.0,239.0,,2988.103,0.0,3.0,236.0,32.352,,,0.0126,0.9874,,True,completed
h6381c2:1,default_016,57978.0,58090.0,112.0,,1344.44,0.0,0.0,112.0,11.465,,,0.0,1.0,,True,completed
carIn27185:1,default_016,57806.0,58091.0,285.0,,2244.375,41.0,74.0,211.0,135.947,,,0.2596,0.7404,,True,completed
h4574c1:3,default_016,57908.0,58091.0,183.0,,975.168,50.0,101.0,82.0,114.765,,,0.5519,0.4481,,True,completed
carIn43750:1,default_016,57814.0,58092.0,278.0,,2248.642,36.0,68.0,210.0,126.009,,,0.2446,0.7554,,True,completed
carIn13530:1,default_016,57867.0,58093.0,226.0,,2218.883,8.0,14.0,212.0,39.55,,,0.0619,0.9381,,True,completed
h13311c1:3,default_016,57636.0,58093.0,457.0,,2569.258,48.0,185.0,272.0,225.86,,,0.4048,0.5952,,True,completed
carIn75407:1,default_016,57965.0,58094.0,129.0,,1351.046,14.0,14.0,115.0,30.823,,,0.1085,0.8915,,True,completed
carIn68997:1,default_016,57850.0,58096.0,246.0,,2863.504,8.0,8.0,238.0,38.653,,,0.0325,0.9675,,True,completed
h15045c2:3,default_016,57739.0,58096.0,357.0,,2198.113,46.0,154.0,203.0,180.773,,,0.4314,0.5686,,True,completed
carIn129116:1,default_016,57828.0,58097.0,269.0,,2251.471,37.0,71.0,198.0,125.64,,,0.2639,0.7361,,True,completed
carIn82278:1,default_016,57703.0,58098.0,395.0,,1068.564,64.0,302.0,93.0,320.45,,,0.7646,0.2354,,True,completed
carIn114651:1,default_016,57823.0,58100.0,277.0,,2254.558,34.0,67.0,210.0,115.352,,,0.2419,0.7581,,True,completed
h2483c1:1,default_016,57734.0,58103.0,369.0,,2284.864,38.0,193.0,176.0,211.019,,,0.523,0.477,,True,completed
h24c1:1,default_016,57831.0,58103.0,272.0,,2204.778,40.0,52.0,220.0,77.819,,,0.1912,0.8088,,True,completed
h13810c1:3,default_016,57748.0,58104.0,356.0,,2575.222,40.0,71.0,285.0,119.415,,,0.1994,0.8006,,True,completed
h2510c1:1,default_016,57852.0,58105.0,253.0,,2294.708,37.0,101.0,152.0,131.117,,,0.3992,0.6008,,True,completed
h5801c1:1,default_016,57971.0,58105.0,134.0,,1333.344,4.0,4.0,130.0,24.014,,,0.0299,0.9701,,True,completed
carIn46062:1,default_016,58012.0,58109.0,97.0,,1150.36,0.0,0.0,97.0,6.098,,,0.0,1.0,,True,completed
carIn67360:1,default_016,57946.0,58109.0,163.0,,2084.836,0.0,0.0,163.0,12.999,,,0.0,1.0,,True,completed
carIn99077:1,default_016,58022.0,58111.0,89.0,,703.463,27.0,27.0,62.0,36.019,,,0.3034,0.6966,,True,completed
h8633c1:3,default_016,57753.0,58112.0,359.0,,2038.249,29.0,170.0,189.0,193.012,,,0.4735,0.5265,,True,completed
carIn11138:1,default_016,57859.0,58114.0,255.0,,2355.352,38.0,55.0,200.0,100.403,,,0.2157,0.7843,,True,completed
h16888c2:1,default_016,57893.0,58118.0,225.0,,2832.428,0.0,16.0,209.0,36.393,,,0.0711,0.9289,,True,completed
h15472c1:3,default_016,57698.0,58120.0,422.0,,2441.676,23.0,166.0,256.0,214.148,,,0.3934,0.6066,,True,completed
h16997c2:1,default_016,57956.0,58120.0,164.0,,2089.03,0.0,0.0,164.0,10.96,,,0.0,1.0,,True,completed
h21908c1:3,default_016,57662.0,58120.0,458.0,,2856.003,22.0,161.0,297.0,192.924,,,0.3515,0.6485,,True,completed
h11995c1:3,default_016,57958.0,58121.0,163.0,,1584.072,23.0,23.0,140.0,37.339,,,0.1411,0.8589,,True,completed
carIn20516:1,default_016,57861.0,58123.0,262.0,,2366.938,30.0,48.0,214.0,86.085,,,0.1832,0.8168,,True,completed
carIn90834:1,default_016,57935.0,58123.0,188.0,,1587.648,13.0,43.0,145.0,68.32,,,0.2287,0.7713,,True,completed
h8323c2:1,default_016,58014.0,58128.0,114.0,,1325.688,0.0,0.0,114.0,9.808,,,0.0,1.0,,True,completed
carIn103218:1,default_016,57847.0,58130.0,283.0,,2251.084,22.0,73.0,210.0,128.52,,,0.258,0.742,,True,completed
h3874c1:1,default_016,58084.0,58131.0,47.0,,353.18,0.0,0.0,47.0,7.76,,,0.0,1.0,,True,completed
h8149c2:3,default_016,57978.0,58132.0,154.0,,1892.62,0.0,4.0,150.0,18.18,,,0.026,0.974,,True,completed
randUni2621:1,random_016,57907.0,58132.0,225.0,,2066.059,0.0,15.0,210.0,36.865,,,0.0667,0.9333,,True,completed
h2831c1:1,default_016,57601.0,58136.0,535.0,,2568.669,2.0,303.0,232.0,337.843,,,0.5664,0.4336,,True,completed
h5938c1:1,default_016,57741.0,58138.0,397.0,,1089.908,43.0,295.0,102.0,307.249,,,0.7431,0.2569,,True,completed
carIn34399:1,default_016,57835.0,58141.0,306.0,,2245.265,37.0,100.0,206.0,155.951,,,0.3268,0.6732,,True,completed
carIn43306:1,default_016,57861.0,58141.0,280.0,,2246.392,23.0,77.0,203.0,136.568,,,0.275,0.725,,True,completed
randUni14624:1,random_016,57607.0,58142.0,535.0,,2786.947,5.0,310.0,225.0,342.668,,,0.5794,0.4206,,True,completed
h11361c2:1,default_016,57950.0,58143.0,193.0,,1751.17,28.0,28.0,165.0,51.903,,,0.1451,0.8549,,True,completed
h1626c2:3,default_016,57985.0,58143.0,158.0,,952.553,0.0,0.0,158.0,22.766,,,0.0,1.0,,True,completed
h19413c1:1,default_016,57682.0,58143.0,461.0,,2054.198,52.0,302.0,159.0,324.915,,,0.6551,0.3449,,True,completed
carIn133832:1,default_016,57869.0,58144.0,275.0,,2254.343,19.0,67.0,208.0,115.158,,,0.2436,0.7564,,True,completed
carIn78766:1,default_016,57925.0,58144.0,219.0,,2571.586,0.0,4.0,215.0,42.446,,,0.0183,0.9817,,True,completed
carIn20061:1,default_016,57952.0,58145.0,193.0,,1750.155,26.0,26.0,167.0,64.331,,,0.1347,0.8653,,True,completed
carIn67869:1,default_016,57953.0,58145.0,192.0,,2474.575,0.0,0.0,192.0,30.763,,,0.0,1.0,,True,completed
carIn124505:1,default_016,57954.0,58146.0,192.0,,2032.855,1.0,1.0,191.0,23.197,,,0.0052,0.9948,,True,completed
carIn85747:1,default_016,57674.0,58146.0,472.0,,2067.162,47.0,303.0,169.0,325.504,,,0.6419,0.3581,,True,completed
carIn24917:1,default_016,57938.0,58147.0,209.0,,2471.213,0.0,5.0,204.0,29.904,,,0.0239,0.9761,,True,completed
carIn50343:1,default_016,57935.0,58148.0,213.0,,2177.118,8.0,8.0,205.0,61.003,,,0.0376,0.9624,,True,completed
carIn86468:1,default_016,57869.0,58148.0,279.0,,2985.592,1.0,19.0,260.0,96.621,,,0.0681,0.9319,,True,completed
h2461c2:1,default_016,57907.0,58148.0,241.0,,2626.988,8.0,31.0,210.0,60.158,,,0.1286,0.8714,,True,completed
carIn12663:1,default_016,57903.0,58150.0,247.0,,2989.026,0.0,0.0,247.0,45.868,,,0.0,1.0,,True,completed
h8343c1:5,default_016,57680.0,58151.0,471.0,,2030.115,0.0,300.0,171.0,332.892,,,0.6369,0.3631,,True,completed
h7703c2:3,default_016,57989.0,58157.0,168.0,,1635.91,38.0,39.0,129.0,57.621,,,0.2321,0.7679,,True,completed
h7072c2:1,default_016,58037.0,58158.0,121.0,,1177.795,2.0,2.0,119.0,12.943,,,0.0165,0.9835,,True,completed
carIn42670:1,default_016,57976.0,58161.0,185.0,,2474.49,6.0,10.0,175.0,37.717,,,0.0541,0.9459,,True,completed
h18666c1:1,default_016,57968.0,58161.0,193.0,,2473.787,3.0,3.0,190.0,25.894,,,0.0155,0.9845,,True,completed
carIn131497:1,default_016,57996.0,58164.0,168.0,,2084.768,0.0,0.0,168.0,12.021,,,0.0,1.0,,True,completed
carIn93629:1,default_016,57952.0,58164.0,212.0,,1594.195,0.0,5.0,207.0,31.212,,,0.0236,0.9764,,True,completed
carIn76697:1,default_016,57871.0,58165.0,294.0,,2248.585,37.0,92.0,202.0,147.857,,,0.3129,0.6871,,True,completed
carIn47890:1,default_016,57882.0,58167.0,285.0,,2409.79,0.0,30.0,255.0,93.136,,,0.1053,0.8947,,True,completed
carIn15836:1,default_016,58014.0,58168.0,154.0,,1482.662,0.0,0.0,154.0,28.768,,,0.0,1.0,,True,completed
h18583c1:3,default_016,57966.0,58169.0,203.0,,2087.523,0.0,27.0,176.0,46.87,,,0.133,0.867,,True,completed
carIn20162:1,default_016,57923.0,58170.0,247.0,,2982.787,0.0,5.0,242.0,29.893,,,0.0202,0.9798,,True,completed
h7415c1:1,default_016,58105.0,58170.0,65.0,,602.64,3.0,3.0,62.0,13.892,,,0.0462,0.9538,,True,completed
h5239c1:3,default_016,57835.0,58175.0,340.0,,761.046,87.0,300.0,40.0,305.468,,,0.8824,0.1176,,True,completed
carIn99509:1,default_015,57721.0,58176.0,455.0,,1739.166,15.0,315.0,140.0,331.32,,,0.6923,0.3077,,True,completed
carIn6825:1,default_016,58127.0,58177.0,50.0,,927.352,0.0,0.0,50.0,5.871,,,0.0,1.0,,True,completed
h11064c2:3,default_016,58066.0,58177.0,111.0,,1180.205,0.0,0.0,111.0,7.958,,,0.0,1.0,,True,completed
h6695c1:3,default_016,58014.0,58177.0,163.0,,1779.372,0.0,6.0,157.0,19.042,,,0.0368,0.9632,,True,completed
h7618c2:1,default_016,58129.0,58179.0,50.0,,410.503,0.0,0.0,50.0,5.422,,,0.0,1.0,,True,completed
carIn125623:1,default_016,58003.0,58181.0,178.0,,2090.319,0.0,0.0,178.0,9.527,,,0.0,1.0,,True,completed
carIn60026:1,default_016,57895.0,58182.0,287.0,,2248.144,33.0,69.0,218.0,120.743,,,0.2404,0.7596,,True,completed
carIn99815:1,default_016,57898.0,58182.0,284.0,,2252.28,32.0,65.0,219.0,132.793,,,0.2289,0.7711,,True,completed
carIn131531:1,default_016,57984.0,58184.0,200.0,,2475.365,2.0,2.0,198.0,31.211,,,0.01,0.99,,True,completed
carIn41334:1,default_016,57937.0,58186.0,249.0,,2447.695,0.0,36.0,213.0,64.324,,,0.1446,0.8554,,True,completed
h7308c2:1,default_016,58052.0,58186.0,134.0,,1435.427,0.0,0.0,134.0,9.497,,,0.0,1.0,,True,completed
carIn12160:1,default_016,57985.0,58188.0,203.0,,2067.084,9.0,10.0,193.0,34.739,,,0.0493,0.9507,,True,completed
carIn106026:1,default_016,57900.0,58189.0,289.0,,2247.922,31.0,65.0,224.0,128.851,,,0.2249,0.7751,,True,completed
h7445c2:1,default_016,58088.0,58191.0,103.0,,878.428,3.0,3.0,100.0,19.712,,,0.0291,0.9709,,True,completed
randUni22223:1,random_016,58180.0,58191.0,11.0,,124.921,0.0,0.0,11.0,1.675,,,0.0,1.0,,True,completed
h17086c2:1,default_016,57931.0,58192.0,261.0,,2834.018,0.0,36.0,225.0,63.579,,,0.1379,0.8621,,True,completed
randUni1534:1,random_016,57950.0,58192.0,242.0,,2007.139,2.0,56.0,186.0,81.152,,,0.2314,0.7686,,True,completed
carIn115083:1,default_016,58005.0,58193.0,188.0,,2092.603,3.0,3.0,185.0,23.723,,,0.016,0.984,,True,completed
carIn108723:1,default_016,58025.0,58194.0,169.0,,2095.642,3.0,3.0,166.0,25.934,,,0.0178,0.9822,,True,completed
carIn77514:1,default_016,58000.0,58195.0,195.0,,2086.599,6.0,6.0,189.0,23.234,,,0.0308,0.9692,,True,completed
h13211c1:1,default_016,58103.0,58195.0,92.0,,1144.414,0.0,0.0,92.0,8.471,,,0.0,1.0,,True,completed
h3923c1:1,default_016,58096.0,58195.0,99.0,,1150.165,0.0,0.0,99.0,5.912,,,0.0,1.0,,True,completed
carIn115101:1,default_016,57910.0,58198.0,288.0,,2239.88,83.0,115.0,173.0,153.56,,,0.3993,0.6007,,True,completed
carIn129696:1,default_016,58016.0,58198.0,182.0,,1591.801,9.0,9.0,173.0,61.291,,,0.0495,0.9505,,True,completed
carIn28563:1,default_016,57902.0,58201.0,299.0,,2250.485,22.0,66.0,233.0,148.508,,,0.2207,0.7793,,True,completed
carIn131842:1,default_016,57942.0,58202.0,260.0,,2445.757,9.0,39.0,221.0,69.83,,,0.15,0.85,,True,completed
h15285c2:1,default_016,57957.0,58203.0,246.0,,2032.69,8.0,36.0,210.0,57.391,,,0.1463,0.8537,,True,completed
h16468c2:3,default_016,57912.0,58203.0,291.0,,2235.493,79.0,105.0,186.0,130.151,,,0.3608,0.6392,,True,completed
carIn112457:1,default_016,57964.0,58204.0,240.0,,2022.128,8.0,35.0,205.0,88.992,,,0.1458,0.8542,,True,completed
carIn14716:1,default_016,57922.0,58204.0,282.0,,2254.411,18.0,63.0,219.0,128.875,,,0.2234,0.7766,,True,completed
carIn52221:1,default_016,57921.0,58205.0,284.0,,2240.131,78.0,96.0,188.0,130.646,,,0.338,0.662,,True,completed
carIn29260:1,default_016,58045.0,58206.0,161.0,,2225.75,0.0,0.0,161.0,14.701,,,0.0,1.0,,True,completed
carIn103390:1,default_016,57925.0,58208.0,283.0,,2243.114,63.0,86.0,197.0,120.806,,,0.3039,0.6961,,True,completed
carIn5041:1,default_016,57929.0,58209.0,280.0,,2991.08,1.0,19.0,261.0,56.976,,,0.0679,0.9321,,True,completed
carIn39047:1,default_016,57928.0,58210.0,282.0,,2830.318,6.0,44.0,238.0,73.369,,,0.156,0.844,,True,completed
carIn106826:1,default_016,58100.0,58211.0,111.0,,1150.781,0.0,0.0,111.0,7.363,,,0.0,1.0,,True,completed
h5559c1:1,default_016,58109.0,58211.0,102.0,,896.418,3.0,3.0,99.0,20.34,,,0.0294,0.9706,,True,completed
carIn127632:1,default_016,57955.0,58214.0,259.0,,2986.121,5.0,9.0,250.0,71.171,,,0.0347,0.9653,,True,completed
carIn56385:1,default_015,58049.0,58215.0,166.0,,2087.719,0.0,15.0,151.0,37.714,,,0.0904,0.9096,,True,completed
carIn9151:1,default_016,58000.0,58215.0,215.0,,1086.093,56.0,115.0,100.0,130.876,,,0.5349,0.4651,,True,completed
carIn51997:1,default_016,57944.0,58218.0,274.0,,1682.434,54.0,108.0,166.0,147.24,,,0.3942,0.6058,,True,completed
randUni29093:1,random_016,57644.0,58219.0,575.0,,2784.625,62.0,329.0,246.0,393.686,,,0.5722,0.4278,,True,completed
carIn12492:1,default_016,58007.0,58221.0,214.0,,2332.172,18.0,18.0,196.0,40.57,,,0.0841,0.9159,,True,completed
h10603c2:1,default_016,58023.0,58222.0,199.0,,2320.753,12.0,12.0,187.0,40.104,,,0.0603,0.9397,,True,completed
carIn109253:1,default_016,57998.0,58224.0,226.0,,2987.785,0.0,0.0,226.0,57.393,,,0.0,1.0,,True,completed
h11162c1:3,default_016,57976.0,58224.0,248.0,,1754.5,31.0,77.0,171.0,132.7,,,0.3105,0.6895,,True,completed
h12345c2:1,default_016,58012.0,58224.0,212.0,,2321.981,8.0,8.0,204.0,33.693,,,0.0377,0.9623,,True,completed
carIn77862:1,default_016,58022.0,58226.0,204.0,,2188.484,0.0,0.0,204.0,16.431,,,0.0,1.0,,True,completed
h20688c2:1,default_016,57957.0,58226.0,269.0,,3044.257,15.0,23.0,246.0,66.347,,,0.0855,0.9145,,True,completed
carIn115181:1,default_016,57929.0,58229.0,300.0,,2240.828,72.0,98.0,202.0,145.719,,,0.3267,0.6733,,True,completed
carIn80270:1,default_016,58054.0,58231.0,177.0,,1682.447,0.0,0.0,177.0,24.927,,,0.0,1.0,,True,completed
carIn82941:1,default_016,57934.0,58231.0,297.0,,2244.017,70.0,91.0,206.0,155.132,,,0.3064,0.6936,,True,completed
carIn4343:1,default_016,57954.0,58232.0,278.0,,2233.533,70.0,85.0,193.0,147.028,,,0.3058,0.6942,,True,completed
h18880c2:3,default_016,57985.0,58235.0,250.0,,2839.792,0.0,20.0,230.0,64.485,,,0.08,0.92,,True,completed
carIn92122:1,default_016,57983.0,58238.0,255.0,,2836.175,5.0,26.0,229.0,61.234,,,0.102,0.898,,True,completed
h19118c1:3,default_016,58034.0,58238.0,204.0,,2186.518,0.0,14.0,190.0,37.72,,,0.0686,0.9314,,True,completed
h3540c1:1,default_016,57992.0,58238.0,246.0,,2125.994,34.0,36.0,210.0,77.127,,,0.1463,0.8537,,True,completed
h5303c1:3,default_016,58067.0,58238.0,171.0,,1809.847,1.0,5.0,166.0,47.79,,,0.0292,0.9708,,True,completed
carIn56251:1,default_016,57962.0,58239.0,277.0,,2993.266,7.0,16.0,261.0,60.08,,,0.0578,0.9422,,True,completed
carIn124412:1,default_016,58009.0,58240.0,231.0,,1749.607,10.0,10.0,221.0,31.953,,,0.0433,0.9567,,True,completed
carIn133456:1,default_016,57982.0,58240.0,258.0,,2252.164,9.0,32.0,226.0,80.352,,,0.124,0.876,,True,completed
carIn19920:1,default_016,58048.0,58240.0,192.0,,2074.796,2.0,2.0,190.0,24.945,,,0.0104,0.9896,,True,completed
carIn77315:1,default_016,58021.0,58240.0,219.0,,2205.461,29.0,29.0,190.0,68.047,,,0.1324,0.8676,,True,completed
carIn110142:1,default_016,57949.0,58241.0,292.0,,2440.579,34.0,68.0,224.0,110.362,,,0.2329,0.7671,,True,completed
carIn124935:1,default_016,57954.0,58242.0,288.0,,2444.789,15.0,47.0,241.0,86.945,,,0.1632,0.8368,,True,completed
carIn127546:1,default_016,58017.0,58242.0,225.0,,3009.008,0.0,2.0,223.0,45.876,,,0.0089,0.9911,,True,completed
carIn23782:1,default_016,58076.0,58243.0,167.0,,1686.372,5.0,5.0,162.0,40.298,,,0.0299,0.9701,,True,completed
carIn117869:1,default_016,57759.0,58244.0,485.0,,1744.591,0.0,313.0,172.0,333.269,,,0.6454,0.3546,,True,completed
carIn14210:1,default_016,57953.0,58244.0,291.0,,2256.503,31.0,70.0,221.0,136.025,,,0.2405,0.7595,,True,completed
carIn59537:1,default_016,57989.0,58244.0,255.0,,2475.657,0.0,17.0,238.0,83.311,,,0.0667,0.9333,,True,completed
h10159c1:1,default_016,58095.0,58244.0,149.0,,1584.749,23.0,24.0,125.0,43.193,,,0.1611,0.8389,,True,completed
carIn85094:1,default_016,58113.0,58247.0,134.0,,1585.676,0.0,0.0,134.0,39.886,,,0.0,1.0,,True,completed
carIn21257:1,default_016,58023.0,58251.0,228.0,,2980.859,0.0,0.0,228.0,25.284,,,0.0,1.0,,True,completed
carIn106190:1,default_016,57956.0,58253.0,297.0,,2255.251,38.0,80.0,217.0,163.158,,,0.2694,0.7306,,True,completed
carIn92490:1,default_016,57932.0,58253.0,321.0,,2835.919,0.0,24.0,297.0,53.218,,,0.0748,0.9252,,True,completed
carIn13735:1,default_016,57958.0,58254.0,296.0,,2244.381,35.0,74.0,222.0,165.022,,,0.25,0.75,,True,completed
carIn52219:1,default_016,58047.0,58254.0,207.0,,2243.709,0.0,17.0,190.0,37.96,,,0.0821,0.9179,,True,completed
carIn57053:1,default_016,57894.0,58255.0,361.0,,2633.251,76.0,182.0,179.0,230.332,,,0.5042,0.4958,,True,completed
randUni24018:1,random_016,58195.0,58255.0,60.0,,557.862,15.0,15.0,45.0,22.558,,,0.25,0.75,,True,completed
15R_frequency4.0,bus,58166.0,58256.0,90.0,,1174.403,0.0,0.0,90.0,3.771,,,0.0,1.0,,True,completed
carIn128652:1,default_016,58054.0,58258.0,204.0,,2241.193,0.0,10.0,194.0,42.429,,,0.049,0.951,,True,completed
carIn55900:1,default_016,58102.0,58261.0,159.0,,2096.31,0.0,0.0,159.0,18.747,,,0.0,1.0,,True,completed
h8230c1:3,default_016,58156.0,58261.0,105.0,,1069.069,8.0,8.0,97.0,19.118,,,0.0762,0.9238,,True,completed
carIn24470:1,default_016,57960.0,58262.0,302.0,,2247.89,29.0,74.0,228.0,170.938,,,0.245,0.755,,True,completed
carIn44556:1,default_016,58188.0,58262.0,74.0,,761.723,4.0,4.0,70.0,11.01,,,0.0541,0.9459,,True,completed
carIn34426:1,default_016,57991.0,58264.0,273.0,,2475.442,13.0,30.0,243.0,94.886,,,0.1099,0.8901,,True,completed
carIn48742:1,default_016,58091.0,58264.0,173.0,,2096.81,0.0,2.0,171.0,15.225,,,0.0116,0.9884,,True,completed
h10425c2:3,default_016,58166.0,58264.0,98.0,,1180.558,0.0,0.0,98.0,5.504,,,0.0,1.0,,True,completed
carIn72260:1,default_016,58104.0,58265.0,161.0,,2094.436,0.0,0.0,161.0,12.948,,,0.0,1.0,,True,completed
h19125c1:1,default_016,58040.0,58266.0,226.0,,2481.067,13.0,15.0,211.0,81.833,,,0.0664,0.9336,,True,completed
h6583c1:1,default_016,58175.0,58266.0,91.0,,947.5,0.0,0.0,91.0,8.892,,,0.0,1.0,,True,completed
h5989c1:1,default_016,58174.0,58268.0,94.0,,1179.955,0.0,0.0,94.0,5.217,,,0.0,1.0,,True,completed
randUni3772:1,random_016,58142.0,58269.0,127.0,,1483.563,0.0,0.0,127.0,12.152,,,0.0,1.0,,True,completed
carIn74714:1,default_016,57993.0,58271.0,278.0,,2479.94,13.0,29.0,249.0,111.43,,,0.1043,0.8957,,True,completed
carIn77135:1,default_016,57962.0,58271.0,309.0,,2249.045,27.0,78.0,231.0,171.798,,,0.2524,0.7476,,True,completed
h15400c2:1,default_016,58075.0,58271.0,196.0,,2564.431,0.0,0.0,196.0,15.447,,,0.0,1.0,,True,completed
carIn37120:1,default_016,58063.0,58272.0,209.0,,2540.777,18.0,20.0,189.0,58.993,,,0.0957,0.9043,,True,completed
h5350c1:3,default_016,58199.0,58272.0,73.0,,730.853,0.0,0.0,73.0,7.621,,,0.0,1.0,,True,completed
carIn105573:1,default_016,57986.0,58274.0,288.0,,2479.391,13.0,32.0,256.0,60.98,,,0.1111,0.8889,,True,completed
carIn123917:1,default_016,58058.0,58274.0,216.0,,2238.728,0.0,17.0,199.0,48.184,,,0.0787,0.9213,,True,completed
carIn14685:1,default_016,58120.0,58274.0,154.0,,1579.142,10.0,10.0,144.0,54.074,,,0.0649,0.9351,,True,completed
70.42,bus,58001.0,58276.0,275.0,,2473.428,12.0,34.0,241.0,96.037,,,0.1236,0.8764,,True,completed
carIn34148:1,default_016,58062.0,58276.0,214.0,,2242.496,0.0,15.0,199.0,55.057,,,0.0701,0.9299,,True,completed
carIn832:1,default_016,57970.0,58278.0,308.0,,2251.212,21.0,76.0,232.0,160.725,,,0.2468,0.7532,,True,completed
carIn89643:1,default_016,58194.0,58278.0,84.0,,844.345,3.0,3.0,81.0,18.245,,,0.0357,0.9643,,True,completed
h21824c1:3,default_016,58101.0,58278.0,177.0,,2199.107,0.0,0.0,177.0,17.241,,,0.0,1.0,,True,completed
carIn57137:1,default_016,58106.0,58279.0,173.0,,1752.079,0.0,0.0,173.0,15.557,,,0.0,1.0,,True,completed
carIn82364:1,default_016,58021.0,58279.0,258.0,,2449.973,3.0,36.0,222.0,69.493,,,0.1395,0.8605,,True,completed
carIn4436:1,default_016,58064.0,58281.0,217.0,,2190.317,0.0,4.0,213.0,27.034,,,0.0184,0.9816,,True,completed
carIn73064:1,default_016,58098.0,58282.0,184.0,,2096.386,5.0,5.0,179.0,24.246,,,0.0272,0.9728,,True,completed
carIn80846:1,default_016,58071.0,58282.0,211.0,,2032.608,3.0,3.0,208.0,31.647,,,0.0142,0.9858,,True,completed
h818c1:3,default_016,57928.0,58282.0,354.0,,2196.608,50.0,159.0,195.0,192.177,,,0.4492,0.5508,,True,completed
carIn37169:1,default_016,58058.0,58284.0,226.0,,2464.972,2.0,2.0,224.0,31.761,,,0.0088,0.9912,,True,completed
carIn60475:1,default_016,58194.0,58284.0,90.0,,1150.668,0.0,0.0,90.0,8.772,,,0.0,1.0,,True,completed
h8445c2:3,default_016,58060.0,58284.0,224.0,,2168.507,0.0,0.0,224.0,24.777,,,0.0,1.0,,True,completed
10_frequency1.43,bus,57841.0,58286.0,445.0,,2095.477,47.0,214.0,231.0,264.201,,,0.4809,0.5191,,True,completed
carIn68866:1,default_016,58116.0,58287.0,171.0,,2090.363,0.0,0.0,171.0,9.422,,,0.0,1.0,,True,completed
carIn25346:1,default_016,58031.0,58288.0,257.0,,2452.333,0.0,21.0,236.0,58.796,,,0.0817,0.9183,,True,completed
carIn67628:1,default_016,57987.0,58288.0,301.0,,1594.677,3.0,88.0,213.0,120.283,,,0.2924,0.7076,,True,completed
h12347c1:3,default_016,57996.0,58289.0,293.0,,1600.909,19.0,82.0,211.0,174.693,,,0.2799,0.7201,,True,completed
carIn125444:1,default_016,58156.0,58291.0,135.0,,1527.879,2.0,2.0,133.0,31.151,,,0.0148,0.9852,,True,completed
carIn36761:1,default_016,57721.0,58291.0,570.0,,2934.613,0.0,300.0,270.0,318.729,,,0.5263,0.4737,,True,completed
carIn66973:1,default_016,58232.0,58291.0,59.0,,703.808,0.0,0.0,59.0,6.774,,,0.0,1.0,,True,completed
carIn126239:1,default_016,58052.0,58293.0,241.0,,2447.945,0.0,4.0,237.0,34.065,,,0.0166,0.9834,,True,completed
carIn78053:1,default_016,58128.0,58295.0,167.0,,2089.471,8.0,11.0,156.0,38.42,,,0.0659,0.9341,,True,completed
h3249c2:1,default_016,58019.0,58295.0,276.0,,2057.71,0.0,0.0,276.0,76.266,,,0.0,1.0,,True,completed
carIn34418:1,default_016,58064.0,58296.0,232.0,,2241.314,0.0,13.0,219.0,49.907,,,0.056,0.944,,True,completed
carIn41543:1,default_015,58208.0,58297.0,89.0,,702.928,14.0,14.0,75.0,23.898,,,0.1573,0.8427,,True,completed
h3503c1:3,default_016,58116.0,58297.0,181.0,,1500.004,0.0,0.0,181.0,21.609,,,0.0,1.0,,True,completed
h5446c1:1,default_016,58030.0,58297.0,267.0,,1229.649,18.0,90.0,177.0,170.325,,,0.3371,0.6629,,True,completed
carIn66513:1,default_016,58069.0,58299.0,230.0,,2456.575,6.0,6.0,224.0,46.769,,,0.0261,0.9739,,True,completed
carIn71779:1,default_016,58124.0,58299.0,175.0,,1748.792,4.0,10.0,165.0,50.785,,,0.0571,0.9429,,True,completed
carIn84663:1,default_016,57997.0,58299.0,302.0,,2250.682,17.0,69.0,233.0,151.64,,,0.2285,0.7715,,True,completed
carIn118748:1,default_016,58020.0,58300.0,280.0,,2327.788,69.0,78.0,202.0,107.868,,,0.2786,0.7214,,True,completed
carIn74740:1,default_016,58132.0,58300.0,168.0,,2084.822,0.0,2.0,166.0,23.203,,,0.0119,0.9881,,True,completed
randUni15389:1,random_016,58278.0,58300.0,22.0,,228.157,0.0,0.0,22.0,2.735,,,0.0,1.0,,True,completed
carIn118894:1,default_016,58093.0,58301.0,208.0,,2317.892,22.0,23.0,185.0,61.246,,,0.1106,0.8894,,True,completed
h8701c1:1,default_016,58063.0,58301.0,238.0,,2898.49,0.0,10.0,228.0,39.694,,,0.042,0.958,,True,completed
carIn24958:1,default_016,58130.0,58303.0,173.0,,2096.07,0.0,4.0,169.0,26.212,,,0.0231,0.9769,,True,completed
carIn77706:1,default_016,58089.0,58303.0,214.0,,2318.315,14.0,17.0,197.0,47.825,,,0.0794,0.9206,,True,completed
carIn86501:1,default_016,58192.0,58303.0,111.0,,1387.053,0.0,0.0,111.0,7.022,,,0.0,1.0,,True,completed
h9007c2:1,default_016,58108.0,58304.0,196.0,,2092.395,9.0,10.0,186.0,26.167,,,0.051,0.949,,True,completed
carIn106971:1,default_016,58122.0,58305.0,183.0,,2092.859,0.0,5.0,178.0,26.778,,,0.0273,0.9727,,True,completed
carIn17649:1,default_016,58100.0,58306.0,206.0,,2332.844,3.0,3.0,203.0,37.24,,,0.0146,0.9854,,True,completed
carIn107470:1,default_016,58002.0,58307.0,305.0,,2251.772,17.0,57.0,248.0,138.562,,,0.1869,0.8131,,True,completed
carIn15999:1,default_016,58124.0,58307.0,183.0,,2322.667,4.0,7.0,176.0,42.279,,,0.0383,0.9617,,True,completed
randUni22473:1,random_016,58133.0,58307.0,174.0,,2080.321,6.0,6.0,168.0,25.112,,,0.0345,0.9655,,True,completed
h8253c1:1,default_016,58106.0,58308.0,202.0,,1575.74,27.0,64.0,138.0,86.399,,,0.3168,0.6832,,True,completed
randUni31946:1,random_016,57827.0,58308.0,481.0,,2402.336,29.0,237.0,244.0,284.627,,,0.4927,0.5073,,True,completed
h8685c2:3,default_016,58155.0,58309.0,154.0,,1819.255,0.0,0.0,154.0,17.827,,,0.0,1.0,,True,completed
carIn47154:1,default_016,58135.0,58310.0,175.0,,2078.343,6.0,6.0,169.0,31.715,,,0.0343,0.9657,,True,completed
h5183c2:1,default_016,58015.0,58310.0,295.0,,2535.192,41.0,76.0,219.0,108.311,,,0.2576,0.7424,,True,completed
h8213c1:1,default_016,58067.0,58310.0,243.0,,1626.728,22.0,89.0,154.0,116.087,,,0.3663,0.6337,,True,completed
h21606c1:3,default_016,57865.0,58311.0,446.0,,2481.509,21.0,200.0,246.0,248.738,,,0.4484,0.5516,,True,completed
carIn105114:1,default_016,58068.0,58312.0,244.0,,2802.823,5.0,5.0,239.0,26.015,,,0.0205,0.9795,,True,completed
carIn56443:1,default_016,58130.0,58312.0,182.0,,2197.95,14.0,14.0,168.0,31.229,,,0.0769,0.9231,,True,completed
carIn64375:1,default_016,58051.0,58312.0,261.0,,2227.794,0.0,35.0,226.0,60.184,,,0.1341,0.8659,,True,completed
carIn6053:1,default_016,58101.0,58314.0,213.0,,2961.274,0.0,0.0,213.0,25.47,,,0.0,1.0,,True,completed
h17878c2:3,default_016,57992.0,58314.0,322.0,,2202.354,24.0,82.0,240.0,159.765,,,0.2547,0.7453,,True,completed
h23154c1:1,default_016,58056.0,58314.0,258.0,,2228.492,0.0,32.0,226.0,62.659,,,0.124,0.876,,True,completed
carIn57579:1,default_016,58059.0,58315.0,256.0,,1598.99,0.0,3.0,253.0,36.012,,,0.0117,0.9883,,True,completed
h1478c1:3,default_016,58195.0,58316.0,121.0,,1455.154,0.0,0.0,121.0,9.137,,,0.0,1.0,,True,completed
h6245c2:3,default_016,58060.0,58316.0,256.0,,2231.751,0.0,33.0,223.0,100.761,,,0.1289,0.8711,,True,completed
h1317c2:3,default_016,58279.0,58317.0,38.0,,126.099,17.0,17.0,21.0,27.598,,,0.4474,0.5526,,True,completed
carIn39118:1,default_016,57980.0,58320.0,340.0,,2666.746,25.0,55.0,285.0,97.289,,,0.1618,0.8382,,True,completed
58.20,bus,58055.0,58321.0,266.0,,2689.669,23.0,23.0,243.0,64.83,,,0.0865,0.9135,,True,completed
carIn46110:1,default_016,57684.0,58322.0,638.0,,1729.626,77.0,501.0,137.0,521.418,,,0.7853,0.2147,,True,completed
h10435c2:1,default_016,58093.0,58323.0,230.0,,2965.494,0.0,0.0,230.0,13.548,,,0.0,1.0,,True,completed
h6365c2:1,default_016,58275.0,58323.0,48.0,,605.396,0.0,0.0,48.0,3.17,,,0.0,1.0,,True,completed
h8237c2:3,default_016,57988.0,58323.0,335.0,,1696.803,29.0,80.0,255.0,147.854,,,0.2388,0.7612,,True,completed
carIn12093:1,default_016,58140.0,58324.0,184.0,,2189.164,0.0,0.0,184.0,13.597,,,0.0,1.0,,True,completed
carIn41120:1,default_016,58065.0,58324.0,259.0,,2621.741,8.0,8.0,251.0,44.044,,,0.0309,0.9691,,True,completed
carIn59961:1,default_016,58142.0,58325.0,183.0,,2179.849,0.0,0.0,183.0,21.451,,,0.0,1.0,,True,completed
h6887c2:1,default_016,58211.0,58329.0,118.0,,1178.357,0.0,0.0,118.0,12.597,,,0.0,1.0,,True,completed
carIn67926:1,default_016,58114.0,58330.0,216.0,,2193.488,5.0,5.0,211.0,47.368,,,0.0231,0.9769,,True,completed
h6698c1:3,default_016,58189.0,58337.0,148.0,,1775.582,0.0,0.0,148.0,8.279,,,0.0,1.0,,True,completed
carIn53413:1,default_016,58061.0,58338.0,277.0,,3121.652,31.0,38.0,239.0,97.102,,,0.1372,0.8628,,True,completed
h6449c2:1,default_016,57960.0,58338.0,378.0,,2548.618,29.0,106.0,272.0,204.152,,,0.2804,0.7196,,True,completed
randUni24927:1,random_016,58085.0,58338.0,253.0,,3003.926,0.0,31.0,222.0,62.793,,,0.1225,0.8775,,True,completed
randUni9526:1,random_016,58149.0,58338.0,189.0,,2204.155,7.0,7.0,182.0,47.951,,,0.037,0.963,,True,completed
carIn30756:1,default_016,58108.0,58340.0,232.0,,2997.789,0.0,10.0,222.0,46.452,,,0.0431,0.9569,,True,completed
h9695c1:3,default_016,58260.0,58341.0,81.0,,701.191,16.0,16.0,65.0,23.814,,,0.1975,0.8025,,True,completed
carIn76743:1,default_016,58180.0,58342.0,162.0,,1986.477,0.0,8.0,154.0,23.277,,,0.0494,0.9506,,True,completed
carIn44560:1,default_016,58262.0,58343.0,81.0,,694.849,15.0,15.0,66.0,24.161,,,0.1852,0.8148,,True,completed
h330c1:1,default_016,57737.0,58343.0,606.0,,348.509,83.0,572.0,34.0,580.978,,,0.9439,0.0561,,True,completed
carIn28609:1,default_016,58120.0,58345.0,225.0,,1594.061,16.0,41.0,184.0,67.543,,,0.1822,0.8178,,True,completed
carIn34432:1,default_016,58207.0,58345.0,138.0,,1586.919,2.0,4.0,134.0,19.984,,,0.029,0.971,,True,completed
carIn104860:1,default_016,58196.0,58346.0,150.0,,954.101,5.0,5.0,145.0,25.458,,,0.0333,0.9667,,True,completed
carIn92294:1,default_016,58134.0,58348.0,214.0,,2087.7,0.0,40.0,174.0,57.665,,,0.1869,0.8131,,True,completed
h5434c1:1,default_016,58069.0,58348.0,279.0,,1832.436,27.0,61.0,218.0,129.449,,,0.2186,0.7814,,True,completed
carIn34505:1,default_016,58200.0,58349.0,149.0,,2094.841,0.0,0.0,149.0,22.162,,,0.0,1.0,,True,completed
h22368c1:5,default_016,58052.0,58349.0,297.0,,2480.573,0.0,56.0,241.0,141.464,,,0.1886,0.8114,,True,completed
h1915c1:1,default_016,58223.0,58350.0,127.0,,1411.768,0.0,0.0,127.0,20.676,,,0.0,1.0,,True,completed
carIn59471:1,default_016,58180.0,58353.0,173.0,,2095.139,0.0,1.0,172.0,11.671,,,0.0058,0.9942,,True,completed
carIn39380:1,default_016,58269.0,58354.0,85.0,,1146.636,0.0,0.0,85.0,5.091,,,0.0,1.0,,True,completed
carIn4377:1,default_016,58083.0,58354.0,271.0,,3131.838,23.0,23.0,248.0,61.648,,,0.0849,0.9151,,True,completed
carIn91322:1,default_016,58038.0,58355.0,317.0,,2358.578,3.0,55.0,262.0,156.924,,,0.1735,0.8265,,True,completed
h6709c1:3,default_016,58217.0,58355.0,138.0,,1586.82,4.0,4.0,134.0,20.023,,,0.029,0.971,,True,completed
carIn112105:1,default_016,58126.0,58357.0,231.0,,2471.793,0.0,3.0,228.0,27.716,,,0.013,0.987,,True,completed
h6054c1:2,default_016,58067.0,58357.0,290.0,,2846.928,7.0,7.0,283.0,59.642,,,0.0241,0.9759,,True,completed
h13652c1:1,default_016,58187.0,58360.0,173.0,,2324.875,0.0,10.0,163.0,35.637,,,0.0578,0.9422,,True,completed
carIn63236:1,default_016,58183.0,58362.0,179.0,,2066.057,0.0,6.0,173.0,25.915,,,0.0335,0.9665,,True,completed
randUni1064:1,random_016,58210.0,58362.0,152.0,,1505.708,1.0,1.0,151.0,19.111,,,0.0066,0.9934,,True,completed
randUni13776:1,random_016,58316.0,58362.0,46.0,,628.3,0.0,0.0,46.0,3.329,,,0.0,1.0,,True,completed
carIn106219:1,default_016,58004.0,58363.0,359.0,,2253.642,35.0,92.0,267.0,191.853,,,0.2563,0.7437,,True,completed
carIn25613:1,default_016,58006.0,58365.0,359.0,,2256.535,33.0,89.0,270.0,217.109,,,0.2479,0.7521,,True,completed
carIn68461:1,default_016,58196.0,58365.0,169.0,,2092.322,2.0,4.0,165.0,39.603,,,0.0237,0.9763,,True,completed
carIn27351:1,default_016,58122.0,58366.0,244.0,,2490.789,0.0,25.0,219.0,55.606,,,0.1025,0.8975,,True,completed
carIn60783:1,default_016,58139.0,58366.0,227.0,,2471.797,0.0,0.0,227.0,58.868,,,0.0,1.0,,True,completed
randUni32801:1,random_016,58338.0,58366.0,28.0,,174.832,0.0,0.0,28.0,2.121,,,0.0,1.0,,True,completed
carIn14932:1,default_016,58015.0,58367.0,352.0,,3008.467,0.0,47.0,305.0,129.336,,,0.1335,0.8665,,True,completed
carIn59218:1,default_016,58066.0,58367.0,301.0,,2352.805,0.0,44.0,257.0,117.694,,,0.1462,0.8538,,True,completed
carIn106626:1,default_016,58084.0,58369.0,285.0,,1478.507,0.0,85.0,200.0,135.089,,,0.2982,0.7018,,True,completed
carIn30393:1,default_016,58191.0,58370.0,179.0,,2097.093,5.0,9.0,170.0,32.014,,,0.0503,0.9497,,True,completed
carIn130940:1,default_016,58287.0,58371.0,84.0,,1146.859,0.0,0.0,84.0,6.307,,,0.0,1.0,,True,completed
carIn28951:1,default_016,57607.0,58371.0,764.0,,2097.816,4.0,605.0,159.0,628.49,,,0.7919,0.2081,,True,completed
carIn8883:1,default_016,58072.0,58371.0,299.0,,3041.276,26.0,39.0,260.0,93.018,,,0.1304,0.8696,,True,completed
h4350c2:1,default_016,58281.0,58372.0,91.0,,1153.575,0.0,0.0,91.0,5.742,,,0.0,1.0,,True,completed
carIn30844:1,default_016,58148.0,58373.0,225.0,,3029.993,0.0,0.0,225.0,30.694,,,0.0,1.0,,True,completed
h19053c1:1,default_016,58008.0,58374.0,366.0,,2251.923,30.0,94.0,272.0,185.617,,,0.2568,0.7432,,True,completed
carIn10610:1,default_016,58282.0,58375.0,93.0,,1184.761,0.0,0.0,93.0,5.058,,,0.0,1.0,,True,completed
carIn115122:1,default_016,58313.0,58375.0,62.0,,942.477,0.0,0.0,62.0,5.611,,,0.0,1.0,,True,completed
carIn23909:1,default_016,58198.0,58375.0,177.0,,2086.195,0.0,2.0,175.0,21.416,,,0.0113,0.9887,,True,completed
carIn107169:1,default_016,58013.0,58376.0,363.0,,2253.912,28.0,88.0,275.0,191.865,,,0.2424,0.7576,,True,completed
carIn12403:1,default_016,58283.0,58376.0,93.0,,1173.428,0.0,0.0,93.0,8.497,,,0.0,1.0,,True,completed
carIn64077:1,default_016,58277.0,58376.0,99.0,,1153.223,0.0,0.0,99.0,6.665,,,0.0,1.0,,True,completed
carIn39026:1,default_016,58148.0,58377.0,229.0,,2468.323,0.0,17.0,212.0,63.556,,,0.0742,0.9258,,True,completed
h2796c2:1,default_016,58254.0,58377.0,123.0,,1297.275,0.0,0.0,123.0,14.7,,,0.0,1.0,,True,completed
carIn13116:1,default_016,58283.0,58378.0,95.0,,1152.021,0.0,0.0,95.0,6.557,,,0.0,1.0,,True,completed
carIn98216:1,default_016,58281.0,58380.0,99.0,,1181.532,0.0,0.0,99.0,6.36,,,0.0,1.0,,True,completed
carIn73578:1,default_016,58029.0,58382.0,353.0,,2441.838,89.0,118.0,235.0,159.369,,,0.3343,0.6657,,True,completed
h17525c1:3,default_016,58037.0,58382.0,345.0,,1973.504,25.0,76.0,269.0,168.936,,,0.2203,0.7797,,True,completed
carIn12858:1,default_016,57662.0,58385.0,723.0,,1723.554,44.0,573.0,150.0,602.493,,,0.7925,0.2075,,True,completed
carIn23748:1,default_016,58211.0,58385.0,174.0,,1592.995,25.0,25.0,149.0,50.649,,,0.1437,0.8563,,True,completed
carIn3845:1,default_016,58130.0,58389.0,259.0,,2771.451,6.0,8.0,251.0,48.692,,,0.0309,0.9691,,True,completed
h19125c1:3,default_016,58206.0,58390.0,184.0,,2091.123,0.0,9.0,175.0,30.36,,,0.0489,0.9511,,True,completed
carIn63998:1,default_016,58213.0,58391.0,178.0,,2097.464,0.0,0.0,178.0,17.527,,,0.0,1.0,,True,completed
carIn120214:1,default_016,58150.0,58393.0,243.0,,2480.765,0.0,10.0,233.0,34.809,,,0.0412,0.9588,,True,completed
carIn42563:1,default_016,58027.0,58394.0,367.0,,2248.446,20.0,108.0,259.0,213.776,,,0.2943,0.7057,,True,completed
carIn119903:1,default_016,58058.0,58396.0,338.0,,2252.155,19.0,94.0,244.0,189.452,,,0.2781,0.7219,,True,completed
carIn103533:1,default_016,58167.0,58399.0,232.0,,3020.429,1.0,9.0,223.0,46.163,,,0.0388,0.9612,,True,completed
carIn88205:1,default_016,58061.0,58399.0,338.0,,2252.084,16.0,86.0,252.0,176.235,,,0.2544,0.7456,,True,completed
carIn42019:1,default_016,58141.0,58400.0,259.0,,3010.004,0.0,6.0,253.0,61.84,,,0.0232,0.9768,,True,completed
h7681c1:1,default_016,58353.0,58401.0,48.0,,433.431,0.0,0.0,48.0,4.0,,,0.0,1.0,,True,completed
carIn101271:1,default_016,58192.0,58402.0,210.0,,2329.349,4.0,8.0,202.0,47.578,,,0.0381,0.9619,,True,completed
carIn36101:1,default_016,58285.0,58402.0,117.0,,699.36,22.0,22.0,95.0,33.976,,,0.188,0.812,,True,completed
h4804c2:3,default_016,58259.0,58402.0,143.0,,1216.879,0.0,0.0,143.0,16.33,,,0.0,1.0,,True,completed
carIn130710:1,default_016,58202.0,58403.0,201.0,,2318.32,4.0,14.0,187.0,49.195,,,0.0697,0.9303,,True,completed
carIn16720:1,default_016,58299.0,58404.0,105.0,,1153.891,15.0,15.0,90.0,29.501,,,0.1429,0.8571,,True,completed
h21824c1:1,default_016,58168.0,58404.0,236.0,,2467.623,16.0,25.0,211.0,87.387,,,0.1059,0.8941,,True,completed
carIn3134:1,default_016,58215.0,58405.0,190.0,,2328.467,2.0,8.0,182.0,49.238,,,0.0421,0.9579,,True,completed
carIn119419:1,default_016,58185.0,58407.0,222.0,,2062.871,0.0,0.0,222.0,17.67,,,0.0,1.0,,True,completed
h22816c2:3,default_016,57751.0,58407.0,656.0,,2563.966,23.0,467.0,189.0,486.418,,,0.7119,0.2881,,True,completed
h15051c1:3,default_016,58218.0,58409.0,191.0,,2064.636,0.0,0.0,191.0,53.489,,,0.0,1.0,,True,completed
carIn79109:1,default_016,58217.0,58410.0,193.0,,2097.291,0.0,6.0,187.0,33.627,,,0.0311,0.9689,,True,completed
h19666c2:1,default_016,58175.0,58412.0,237.0,,2477.551,0.0,5.0,232.0,40.62,,,0.0211,0.9789,,True,completed
h18374c1:1,default_016,58207.0,58415.0,208.0,,2187.615,1.0,1.0,207.0,41.473,,,0.0048,0.9952,,True,completed
carIn15039:1,default_016,58152.0,58416.0,264.0,,2627.825,10.0,24.0,240.0,52.191,,,0.0909,0.9091,,True,completed
h11667c1:3,default_016,58295.0,58418.0,123.0,,1070.338,26.0,26.0,97.0,35.733,,,0.2114,0.7886,,True,completed
h12799c2:1,default_016,58184.0,58418.0,234.0,,2965.034,3.0,8.0,226.0,34.666,,,0.0342,0.9658,,True,completed
carIn24542:1,default_016,58143.0,58419.0,276.0,,2985.638,0.0,14.0,262.0,74.508,,,0.0507,0.9493,,True,completed
h15464c1:1,default_016,58157.0,58419.0,262.0,,2621.827,10.0,21.0,241.0,45.056,,,0.0802,0.9198,,True,completed
44.21,bus,58308.0,58422.0,114.0,,1172.113,13.0,13.0,101.0,27.976,,,0.114,0.886,,True,completed
carIn128043:1,default_016,58161.0,58422.0,261.0,,2627.482,8.0,17.0,244.0,55.917,,,0.0651,0.9349,,True,completed
carIn28822:1,default_016,58188.0,58422.0,234.0,,2094.147,0.0,4.0,230.0,25.018,,,0.0171,0.9829,,True,completed
carIn119250:1,default_016,58223.0,58424.0,201.0,,2090.75,0.0,35.0,166.0,62.514,,,0.1741,0.8259,,True,completed
h3919c1:1,default_016,58294.0,58427.0,133.0,,1178.731,0.0,0.0,133.0,18.355,,,0.0,1.0,,True,completed
h2825c2:1,default_016,58218.0,58429.0,211.0,,2202.061,0.0,19.0,192.0,45.562,,,0.09,0.91,,True,completed
carIn88049:1,default_016,58153.0,58430.0,277.0,,2985.094,0.0,0.0,277.0,35.875,,,0.0,1.0,,True,completed
h2759c1:1,default_016,58172.0,58430.0,258.0,,2826.02,0.0,1.0,257.0,51.86,,,0.0039,0.9961,,True,completed
randUni31414:1,random_016,58286.0,58433.0,147.0,,1395.361,1.0,10.0,137.0,40.095,,,0.068,0.932,,True,completed
carIn44257:1,default_016,58278.0,58436.0,158.0,,1991.504,0.0,0.0,158.0,17.144,,,0.0,1.0,,True,completed
h1764c1:1,default_016,58206.0,58437.0,231.0,,2079.691,27.0,32.0,199.0,72.972,,,0.1385,0.8615,,True,completed
carIn101335:1,default_016,58314.0,58438.0,124.0,,1523.726,3.0,3.0,121.0,41.456,,,0.0242,0.9758,,True,completed
carIn127864:1,default_016,58219.0,58438.0,219.0,,2321.935,27.0,32.0,187.0,72.469,,,0.1461,0.8539,,True,completed
h1319c2:1,default_016,58406.0,58438.0,32.0,,116.678,18.0,18.0,14.0,22.667,,,0.5625,0.4375,,True,completed
carIn112305:1,default_016,58102.0,58440.0,338.0,,2249.87,23.0,80.0,258.0,145.352,,,0.2367,0.7633,,True,completed
randUni31145:1,random_016,57815.0,58440.0,625.0,,224.056,83.0,601.0,24.0,606.523,,,0.9616,0.0384,,True,completed
carIn12903:1,default_016,58135.0,58442.0,307.0,,2253.17,22.0,86.0,221.0,158.824,,,0.2801,0.7199,,True,completed
h12136c2:1,default_016,58294.0,58443.0,149.0,,2090.289,2.0,2.0,147.0,28.384,,,0.0134,0.9866,,True,completed
carIn55573:1,default_016,58292.0,58444.0,152.0,,1591.715,13.0,13.0,139.0,51.55,,,0.0855,0.9145,,True,completed
carIn78259:1,default_016,58239.0,58446.0,207.0,,1681.813,49.0,52.0,155.0,77.851,,,0.2512,0.7488,,True,completed
h3204c1:3,default_016,58329.0,58446.0,117.0,,1316.726,0.0,0.0,117.0,9.126,,,0.0,1.0,,True,completed
randUni30334:1,random_016,58153.0,58446.0,293.0,,1597.849,0.0,25.0,268.0,68.48,,,0.0853,0.9147,,True,completed
carIn20573:1,default_016,58306.0,58448.0,142.0,,1596.033,4.0,4.0,138.0,43.406,,,0.0282,0.9718,,True,completed
carIn75660:1,default_016,57678.0,58451.0,773.0,,2062.604,48.0,600.0,173.0,625.184,,,0.7762,0.2238,,True,completed
carIn7949:1,default_016,57676.0,58451.0,775.0,,2064.541,47.0,599.0,176.0,619.364,,,0.7729,0.2271,,True,completed
h11724c1:3,default_016,58224.0,58451.0,227.0,,2061.679,0.0,0.0,227.0,20.307,,,0.0,1.0,,True,completed
carIn129056:1,default_016,58237.0,58453.0,216.0,,2063.201,0.0,0.0,216.0,65.747,,,0.0,1.0,,True,completed
carIn58560:1,default_016,58243.0,58455.0,212.0,,2066.523,0.0,0.0,212.0,71.961,,,0.0,1.0,,True,completed
h2007c1:1,default_016,58330.0,58455.0,125.0,,1082.389,8.0,8.0,117.0,18.88,,,0.064,0.936,,True,completed
h3131c2:3,default_016,58269.0,58455.0,186.0,,2143.85,0.0,0.0,186.0,19.049,,,0.0,1.0,,True,completed
carIn21609:1,default_016,58233.0,58456.0,223.0,,2186.114,0.0,0.0,223.0,50.42,,,0.0,1.0,,True,completed
h3203c1:3,default_016,58231.0,58458.0,227.0,,2502.233,1.0,1.0,226.0,26.725,,,0.0044,0.9956,,True,completed
randUni34066:1,random_016,58275.0,58459.0,184.0,,1555.113,35.0,35.0,149.0,66.601,,,0.1902,0.8098,,True,completed
carIn18134:1,default_016,58235.0,58460.0,225.0,,2189.033,0.0,0.0,225.0,47.796,,,0.0,1.0,,True,completed
carIn6929:1,default_016,58190.0,58461.0,271.0,,2559.941,20.0,89.0,182.0,118.215,,,0.3284,0.6716,,True,completed
h15050c1:3,default_016,58369.0,58461.0,92.0,,1151.976,6.0,6.0,86.0,16.893,,,0.0652,0.9348,,True,completed
carIn81485:1,default_016,58264.0,58462.0,198.0,,1896.052,22.0,65.0,133.0,83.761,,,0.3283,0.6717,,True,completed
randUni29553:1,random_016,58294.0,58462.0,168.0,,2186.277,0.0,0.0,168.0,16.434,,,0.0,1.0,,True,completed
carIn57782:1,default_016,58412.0,58464.0,52.0,,425.872,0.0,0.0,52.0,4.792,,,0.0,1.0,,True,completed
carIn59535:1,default_016,58317.0,58465.0,148.0,,1595.097,2.0,2.0,146.0,34.134,,,0.0135,0.9865,,True,completed
carIn4549:1,default_016,58184.0,58466.0,282.0,,3169.495,0.0,6.0,276.0,32.931,,,0.0213,0.9787,,True,completed
carIn48108:1,default_016,58300.0,58466.0,166.0,,2089.234,2.0,4.0,162.0,28.917,,,0.0241,0.9759,,True,completed
carIn128356:1,default_016,58277.0,58467.0,190.0,,2570.758,0.0,18.0,172.0,31.104,,,0.0947,0.9053,,True,completed
carIn132692:1,default_016,58236.0,58467.0,231.0,,2472.739,45.0,46.0,185.0,70.741,,,0.1991,0.8009,,True,completed
h3418c1:3,default_016,58331.0,58467.0,136.0,,1622.371,0.0,0.0,136.0,10.173,,,0.0,1.0,,True,completed
carIn14770:1,default_016,58309.0,58473.0,164.0,,2093.857,0.0,0.0,164.0,32.575,,,0.0,1.0,,True,completed
carIn34713:1,default_016,58281.0,58473.0,192.0,,2090.391,2.0,5.0,187.0,28.125,,,0.026,0.974,,True,completed
h12101c2:3,default_016,58380.0,58473.0,93.0,,1179.739,0.0,0.0,93.0,9.387,,,0.0,1.0,,True,completed
h5688c1:1,default_016,58246.0,58476.0,230.0,,1695.39,41.0,66.0,164.0,99.563,,,0.287,0.713,,True,completed
carIn118174:1,default_016,58241.0,58477.0,236.0,,2457.065,14.0,15.0,221.0,34.081,,,0.0636,0.9364,,True,completed
carIn34676:1,default_016,58249.0,58479.0,230.0,,2460.903,13.0,13.0,217.0,48.481,,,0.0565,0.9435,,True,completed
h13424c1:3,default_016,58290.0,58480.0,190.0,,1752.819,6.0,6.0,184.0,31.85,,,0.0316,0.9684,,True,completed
carIn16803:1,default_016,58265.0,58484.0,219.0,,2347.777,4.0,4.0,215.0,22.883,,,0.0183,0.9817,,True,completed
carIn101784:1,default_016,58364.0,58486.0,122.0,,1591.871,0.0,0.0,122.0,21.433,,,0.0,1.0,,True,completed
h7027c1:3,default_016,58389.0,58487.0,98.0,,895.059,0.0,0.0,98.0,16.35,,,0.0,1.0,,True,completed
randUni13661:1,random_016,58180.0,58487.0,307.0,,2481.04,0.0,4.0,303.0,50.831,,,0.013,0.987,,True,completed
carIn85789:1,default_016,58304.0,58496.0,192.0,,2096.654,0.0,0.0,192.0,22.401,,,0.0,1.0,,True,completed
carIn44807:1,default_016,58351.0,58499.0,148.0,,948.434,0.0,0.0,148.0,16.852,,,0.0,1.0,,True,completed
carIn111381:1,default_016,58017.0,58501.0,484.0,,2844.736,51.0,183.0,301.0,292.502,,,0.3781,0.6219,,True,completed
carIn113509:1,default_016,58302.0,58502.0,200.0,,2090.486,0.0,1.0,199.0,21.917,,,0.005,0.995,,True,completed
carIn39382:1,default_016,58400.0,58505.0,105.0,,1180.08,15.0,15.0,90.0,26.546,,,0.1429,0.8571,,True,completed
h22852c2:1,default_016,58263.0,58505.0,242.0,,3042.982,10.0,32.0,210.0,66.609,,,0.1322,0.8678,,True,completed
h23108c1:3,default_016,58197.0,58508.0,311.0,,2484.951,43.0,108.0,203.0,160.78,,,0.3473,0.6527,,True,completed
h2817c1:1,default_016,58251.0,58508.0,257.0,,2535.56,0.0,48.0,209.0,80.311,,,0.1868,0.8132,,True,completed
h6042c1:3,default_016,58407.0,58508.0,101.0,,1177.094,5.0,5.0,96.0,16.967,,,0.0495,0.9505,,True,completed
carIn54938:1,default_016,58410.0,58510.0,100.0,,705.084,23.0,23.0,77.0,35.558,,,0.23,0.77,,True,completed
h12527c1:3,default_016,58407.0,58511.0,104.0,,706.191,23.0,23.0,81.0,33.019,,,0.2212,0.7788,,True,completed
randUni15130:1,random_016,58352.0,58511.0,159.0,,1382.566,2.0,4.0,155.0,28.037,,,0.0252,0.9748,,True,completed
carIn52495:1,default_016,58136.0,58512.0,376.0,,3125.125,42.0,105.0,271.0,172.641,,,0.2793,0.7207,,True,completed
h5855c1:3,default_016,58424.0,58513.0,89.0,,800.296,0.0,0.0,89.0,8.76,,,0.0,1.0,,True,completed
h15745c1:5,default_016,58083.0,58515.0,432.0,,2846.791,36.0,149.0,283.0,210.34,,,0.3449,0.6551,,True,completed
carIn99328:1,default_016,58412.0,58517.0,105.0,,700.726,22.0,22.0,83.0,32.804,,,0.2095,0.7905,,True,completed
h6508c1:3,default_016,58268.0,58517.0,249.0,,2480.409,35.0,58.0,191.0,79.004,,,0.2329,0.7671,,True,completed
h13782c1:3,default_016,58391.0,58521.0,130.0,,1598.555,5.0,5.0,125.0,20.837,,,0.0385,0.9615,,True,completed
carIn64656:1,default_016,58132.0,58522.0,390.0,,2856.747,29.0,100.0,290.0,130.005,,,0.2564,0.7436,,True,completed
randUni7950:1,random_016,58353.0,58522.0,169.0,,1356.211,17.0,17.0,152.0,42.348,,,0.1006,0.8994,,True,completed
h10407c1:5,default_016,58393.0,58523.0,130.0,,1600.433,9.0,10.0,120.0,25.099,,,0.0769,0.9231,,True,completed
h20047c1:3,default_016,58230.0,58523.0,293.0,,2475.738,29.0,67.0,226.0,104.424,,,0.2287,0.7713,,True,completed
carIn79279:1,default_016,58126.0,58524.0,398.0,,3127.782,29.0,105.0,293.0,138.369,,,0.2638,0.7362,,True,completed
h11767c1:5,default_016,58397.0,58525.0,128.0,,1605.213,5.0,5.0,123.0,19.83,,,0.0391,0.9609,,True,completed
h5076c1:3,default_016,58279.0,58525.0,246.0,,2292.128,28.0,36.0,210.0,81.362,,,0.1463,0.8537,,True,completed
h15467c1:1,default_016,58267.0,58526.0,259.0,,2465.919,29.0,40.0,219.0,68.653,,,0.1544,0.8456,,True,completed
h2029c1:1,default_016,58453.0,58526.0,73.0,,1105.875,0.0,0.0,73.0,9.084,,,0.0,1.0,,True,completed
h10238c1:3,default_016,58318.0,58528.0,210.0,,2058.154,14.0,14.0,196.0,33.231,,,0.0667,0.9333,,True,completed
carIn87370:1,default_016,58138.0,58529.0,391.0,,3135.477,34.0,110.0,281.0,169.61,,,0.2813,0.7187,,True,completed
h2998c1:1,default_016,58337.0,58529.0,192.0,,1781.813,5.0,9.0,183.0,29.476,,,0.0469,0.9531,,True,completed
h15410c1:1,default_016,58265.0,58530.0,265.0,,2462.62,19.0,25.0,240.0,53.695,,,0.0943,0.9057,,True,completed
carIn66127:1,default_016,58153.0,58531.0,378.0,,2861.107,33.0,111.0,267.0,177.781,,,0.2937,0.7063,,True,completed
carIn102527:1,default_016,58359.0,58532.0,173.0,,1594.619,19.0,24.0,149.0,46.786,,,0.1387,0.8613,,True,completed
carIn108227:1,default_016,58163.0,58532.0,369.0,,2361.01,31.0,145.0,224.0,194.94,,,0.393,0.607,,True,completed
h5729c2:1,default_016,58322.0,58533.0,211.0,,2169.744,18.0,19.0,192.0,55.329,,,0.09,0.91,,True,completed
randUni20354:1,random_016,58279.0,58533.0,254.0,,2569.796,0.0,16.0,238.0,34.586,,,0.063,0.937,,True,completed
carIn38844:1,default_016,58461.0,58534.0,73.0,,694.288,7.0,7.0,66.0,19.379,,,0.0959,0.9041,,True,completed
h5752c1:1,default_016,58433.0,58534.0,101.0,,1079.259,1.0,1.0,100.0,17.068,,,0.0099,0.9901,,True,completed
70R.42,bus,58324.0,58535.0,211.0,,2084.875,0.0,38.0,173.0,59.901,,,0.1801,0.8199,,True,completed
carIn39745:1,default_016,58470.0,58535.0,65.0,,476.989,0.0,1.0,64.0,8.908,,,0.0154,0.9846,,True,completed
carIn50671:1,default_016,58154.0,58535.0,381.0,,2852.541,28.0,103.0,278.0,171.818,,,0.2703,0.7297,,True,completed
carIn94231:1,default_016,58320.0,58535.0,215.0,,1599.112,0.0,0.0,215.0,28.493,,,0.0,1.0,,True,completed
h2019c2:1,default_016,58383.0,58535.0,152.0,,1581.865,11.0,11.0,141.0,37.336,,,0.0724,0.9276,,True,completed
h4654c1:1,default_016,58330.0,58535.0,205.0,,1548.557,29.0,73.0,132.0,98.324,,,0.3561,0.6439,,True,completed
carIn75793:1,default_016,57731.0,58537.0,806.0,,2364.52,51.0,600.0,206.0,627.626,,,0.7444,0.2556,,True,completed
carIn87853:1,default_016,58372.0,58538.0,166.0,,2089.582,0.0,0.0,166.0,15.191,,,0.0,1.0,,True,completed
h15442c1:3,default_016,58342.0,58538.0,196.0,,1867.432,12.0,12.0,184.0,38.111,,,0.0612,0.9388,,True,completed
h5082c1:1,default_016,58327.0,58538.0,211.0,,2194.911,11.0,12.0,199.0,44.626,,,0.0569,0.9431,,True,completed
carIn65455:1,default_016,58434.0,58539.0,105.0,,1309.074,3.0,3.0,102.0,12.169,,,0.0286,0.9714,,True,completed
carIn18363:1,default_016,58325.0,58540.0,215.0,,2183.654,12.0,12.0,203.0,63.209,,,0.0558,0.9442,,True,completed
h645c1:3,default_016,58339.0,58540.0,201.0,,2196.581,10.0,10.0,191.0,45.374,,,0.0498,0.9502,,True,completed
h4943c1:3,default_016,57862.0,58541.0,679.0,,1465.563,27.0,566.0,113.0,594.382,,,0.8336,0.1664,,True,completed
carIn127763:1,default_016,58468.0,58542.0,74.0,,694.233,0.0,0.0,74.0,13.444,,,0.0,1.0,,True,completed
carIn132468:1,default_016,58327.0,58542.0,215.0,,2183.788,12.0,12.0,203.0,53.717,,,0.0558,0.9442,,True,completed
carIn679:1,default_016,58390.0,58542.0,152.0,,2060.904,0.0,0.0,152.0,14.994,,,0.0,1.0,,True,completed
carIn74847:1,default_016,58175.0,58544.0,369.0,,2989.91,11.0,108.0,261.0,169.749,,,0.2927,0.7073,,True,completed
randUni10030:1,random_016,58273.0,58544.0,271.0,,2459.266,7.0,27.0,244.0,54.607,,,0.0996,0.9004,,True,completed
randUni18438:1,random_016,58437.0,58544.0,107.0,,935.901,8.0,8.0,99.0,34.292,,,0.0748,0.9252,,True,completed
carIn11373:1,default_016,58377.0,58546.0,169.0,,1089.696,39.0,66.0,103.0,82.722,,,0.3905,0.6095,,True,completed
h7827c1:3,default_016,58418.0,58546.0,128.0,,967.835,36.0,36.0,92.0,58.2,,,0.2812,0.7188,,True,completed
carIn89977:1,default_016,58385.0,58548.0,163.0,,1089.108,37.0,56.0,107.0,86.418,,,0.3436,0.6564,,True,completed
randUni1227:1,random_016,58465.0,58549.0,84.0,,706.338,0.0,0.0,84.0,8.147,,,0.0,1.0,,True,completed
carIn39783:1,default_016,58456.0,58550.0,94.0,,1089.808,0.0,0.0,94.0,23.633,,,0.0,1.0,,True,completed
carIn68687:1,default_016,58393.0,58550.0,157.0,,1740.066,0.0,1.0,156.0,22.78,,,0.0064,0.9936,,True,completed
carIn93414:1,default_016,58380.0,58552.0,172.0,,2319.806,0.0,0.0,172.0,17.47,,,0.0,1.0,,True,completed
h5718c1:3,default_016,58347.0,58553.0,206.0,,2222.337,6.0,7.0,199.0,43.752,,,0.034,0.966,,True,completed
carIn105303:1,default_016,58501.0,58554.0,53.0,,170.033,16.0,16.0,37.0,27.038,,,0.3019,0.6981,,True,completed
carIn64261:1,default_016,58388.0,58554.0,166.0,,2326.828,0.0,0.0,166.0,25.937,,,0.0,1.0,,True,completed
carIn17347:1,default_016,58298.0,58555.0,257.0,,1599.698,9.0,44.0,213.0,72.857,,,0.1712,0.8288,,True,completed
carIn5333:1,default_016,58155.0,58557.0,402.0,,3130.755,7.0,72.0,330.0,117.361,,,0.1791,0.8209,,True,completed
carIn74287:1,default_016,58329.0,58558.0,229.0,,2182.81,9.0,15.0,214.0,52.897,,,0.0655,0.9345,,True,completed
h4900c2:1,default_016,58230.0,58558.0,328.0,,2982.66,15.0,50.0,278.0,109.916,,,0.1524,0.8476,,True,completed
carIn128126:1,default_016,58465.0,58559.0,94.0,,938.727,24.0,24.0,70.0,45.061,,,0.2553,0.7447,,True,completed
carIn102946:1,default_016,58438.0,58560.0,122.0,,1334.977,0.0,0.0,122.0,13.772,,,0.0,1.0,,True,completed
h3116c2:1,default_016,58413.0,58560.0,147.0,,1526.773,0.0,0.0,147.0,14.783,,,0.0,1.0,,True,completed
carIn92025:1,default_016,58378.0,58561.0,183.0,,2107.78,2.0,2.0,181.0,23.821,,,0.0109,0.9891,,True,completed
carIn114964:1,default_016,58333.0,58562.0,229.0,,2571.085,4.0,4.0,225.0,22.015,,,0.0175,0.9825,,True,completed
carIn56593:1,default_016,58382.0,58562.0,180.0,,2097.236,2.0,2.0,178.0,20.731,,,0.0111,0.9889,,True,completed
carIn8441:1,default_016,58201.0,58562.0,361.0,,3129.169,2.0,64.0,297.0,114.674,,,0.1773,0.8227,,True,completed
carIn111834:1,default_016,58370.0,58563.0,193.0,,1752.171,17.0,17.0,176.0,38.603,,,0.0881,0.9119,,True,completed
carIn113976:1,default_016,58384.0,58564.0,180.0,,2099.158,2.0,2.0,178.0,21.346,,,0.0111,0.9889,,True,completed
carIn86713:1,default_016,58376.0,58564.0,188.0,,2098.187,4.0,4.0,184.0,21.331,,,0.0213,0.9787,,True,completed
h6476c1:3,default_016,58437.0,58564.0,127.0,,1351.989,3.0,6.0,121.0,21.028,,,0.0472,0.9528,,True,completed
carIn61499:1,default_016,58374.0,58565.0,191.0,,1751.277,17.0,17.0,174.0,52.359,,,0.089,0.911,,True,completed
h2457c1:1,default_016,58362.0,58566.0,204.0,,1449.484,3.0,26.0,178.0,60.707,,,0.1275,0.8725,,True,completed
carIn4877:1,default_016,58419.0,58567.0,148.0,,2052.918,0.0,0.0,148.0,15.383,,,0.0,1.0,,True,completed
carIn49165:1,default_016,58377.0,58567.0,190.0,,2262.605,0.0,0.0,190.0,19.571,,,0.0,1.0,,True,completed
carIn59600:1,default_016,58477.0,58567.0,90.0,,1154.642,0.0,0.0,90.0,6.404,,,0.0,1.0,,True,completed
carIn101743:1,default_016,58449.0,58569.0,120.0,,1590.076,0.0,0.0,120.0,9.293,,,0.0,1.0,,True,completed
carIn81810:1,default_016,58343.0,58569.0,226.0,,3005.696,5.0,5.0,221.0,33.976,,,0.0221,0.9779,,True,completed
h17334c2:1,default_016,58378.0,58569.0,191.0,,1752.537,11.0,11.0,180.0,31.943,,,0.0576,0.9424,,True,completed
carIn28393:1,default_016,58412.0,58571.0,159.0,,2096.447,0.0,0.0,159.0,10.326,,,0.0,1.0,,True,completed
carIn114778:1,default_016,58275.0,58576.0,301.0,,2609.732,0.0,0.0,301.0,34.426,,,0.0,1.0,,True,completed
carIn58127:1,default_016,58434.0,58577.0,143.0,,1526.012,14.0,15.0,128.0,53.399,,,0.1049,0.8951,,True,completed
carIn83006:1,default_016,57851.0,58577.0,726.0,,2666.928,0.0,506.0,220.0,534.005,,,0.697,0.303,,True,completed
h20442c2:1,default_016,58284.0,58579.0,295.0,,3036.206,32.0,45.0,250.0,97.965,,,0.1525,0.8475,,True,completed
carIn26189:1,default_016,58473.0,58581.0,108.0,,1148.389,0.0,0.0,108.0,7.998,,,0.0,1.0,,True,completed
carIn77998:1,default_016,58404.0,58581.0,177.0,,2089.757,0.0,0.0,177.0,12.914,,,0.0,1.0,,True,completed
carIn6862:1,default_016,58381.0,58582.0,201.0,,2259.454,0.0,0.0,201.0,32.51,,,0.0,1.0,,True,completed
h5344c2:3,default_016,58426.0,58582.0,156.0,,1338.263,10.0,10.0,146.0,26.417,,,0.0641,0.9359,,True,completed
randUni25382:1,random_016,58497.0,58582.0,85.0,,1076.707,0.0,0.0,85.0,4.319,,,0.0,1.0,,True,completed
randUni4308:1,random_016,58429.0,58582.0,153.0,,952.641,28.0,28.0,125.0,47.265,,,0.183,0.817,,True,completed
carIn75903:1,default_016,58281.0,58583.0,302.0,,2624.947,0.0,39.0,263.0,125.164,,,0.1291,0.8709,,True,completed
carIn123969:1,default_016,58422.0,58590.0,168.0,,2066.525,0.0,0.0,168.0,13.056,,,0.0,1.0,,True,completed
carIn226:1,default_016,58527.0,58592.0,65.0,,716.931,0.0,0.0,65.0,9.001,,,0.0,1.0,,True,completed
carIn56843:1,default_016,58334.0,58592.0,258.0,,2445.299,37.0,37.0,221.0,58.166,,,0.1434,0.8566,,True,completed
h6233c1:1,default_016,58504.0,58593.0,89.0,,716.422,9.0,9.0,80.0,18.079,,,0.1011,0.8989,,True,completed
carIn69396:1,default_016,58426.0,58594.0,168.0,,2064.235,0.0,0.0,168.0,14.315,,,0.0,1.0,,True,completed
carIn71716:1,default_016,58328.0,58594.0,266.0,,2480.99,3.0,3.0,263.0,30.508,,,0.0113,0.9887,,True,completed
carIn7263:1,default_016,58391.0,58594.0,203.0,,2449.035,0.0,4.0,199.0,27.148,,,0.0197,0.9803,,True,completed
carIn36114:1,default_016,58396.0,58596.0,200.0,,2452.089,0.0,0.0,200.0,24.959,,,0.0,1.0,,True,completed
carIn82295:1,default_016,58392.0,58598.0,206.0,,2321.977,0.0,7.0,199.0,32.728,,,0.034,0.966,,True,completed
carIn105531:1,default_016,58471.0,58601.0,130.0,,700.512,50.0,50.0,80.0,74.036,,,0.3846,0.6154,,True,completed
carIn63035:1,default_016,58476.0,58601.0,125.0,,701.611,45.0,45.0,80.0,68.299,,,0.36,0.64,,True,completed
carIn23130:1,default_016,58491.0,58603.0,112.0,,1593.537,0.0,0.0,112.0,7.125,,,0.0,1.0,,True,completed
carIn122311:1,default_016,58396.0,58604.0,208.0,,2104.88,3.0,21.0,187.0,43.021,,,0.101,0.899,,True,completed
carIn58120:1,default_016,58473.0,58604.0,131.0,,704.223,47.0,47.0,84.0,69.018,,,0.3588,0.6412,,True,completed
carIn112214:1,default_016,58460.0,58606.0,146.0,,2092.896,0.0,3.0,143.0,14.261,,,0.0205,0.9795,,True,completed
carIn29374:1,default_016,58506.0,58606.0,100.0,,871.354,7.0,7.0,93.0,16.078,,,0.07,0.93,,True,completed
randUni32900:1,random_016,58499.0,58606.0,107.0,,1345.527,3.0,3.0,104.0,18.943,,,0.028,0.972,,True,completed
carIn1113:1,default_016,58385.0,58607.0,222.0,,1756.991,0.0,6.0,216.0,28.056,,,0.027,0.973,,True,completed
h4313c2:5,default_016,58358.0,58608.0,250.0,,1979.987,38.0,47.0,203.0,83.886,,,0.188,0.812,,True,completed
h6521c1:3,default_016,58416.0,58608.0,192.0,,1609.497,43.0,56.0,136.0,69.379,,,0.2917,0.7083,,True,completed
carIn79186:1,default_016,58390.0,58609.0,219.0,,1756.064,0.0,6.0,213.0,99.56,,,0.0274,0.9726,,True,completed
carIn116339:1,default_016,58503.0,58610.0,107.0,,1136.545,0.0,0.0,107.0,7.293,,,0.0,1.0,,True,completed
carIn46289:1,default_016,58422.0,58610.0,188.0,,2254.156,10.0,18.0,170.0,50.813,,,0.0957,0.9043,,True,completed
h6842c1:1,default_016,58500.0,58612.0,112.0,,1195.499,7.0,7.0,105.0,29.072,,,0.0625,0.9375,,True,completed
h3053c2:1,default_016,58470.0,58613.0,143.0,,1858.895,0.0,0.0,143.0,12.875,,,0.0,1.0,,True,completed
h3776c1:3,default_016,58458.0,58613.0,155.0,,1406.427,0.0,0.0,155.0,13.779,,,0.0,1.0,,True,completed
h8120c1:3,default_016,58463.0,58613.0,150.0,,1552.351,19.0,25.0,125.0,42.185,,,0.1667,0.8333,,True,completed
carIn14373:1,default_016,58398.0,58617.0,219.0,,2261.23,0.0,13.0,206.0,36.662,,,0.0594,0.9406,,True,completed
carIn98204:1,default_016,58513.0,58618.0,105.0,,1174.899,2.0,2.0,103.0,19.641,,,0.019,0.981,,True,completed
h6051c1:3,default_016,58282.0,58620.0,338.0,,2122.187,0.0,50.0,288.0,91.615,,,0.1479,0.8521,,True,completed
h6541c1:3,default_016,57728.0,58624.0,896.0,,1138.796,79.0,781.0,115.0,802.27,,,0.8717,0.1283,,True,completed
S7R.2,bus,58621.0,58626.0,5.0,,54.46,0.0,0.0,5.0,0.079,,,0.0,1.0,,True,completed
h4552c1:1,default_017,58577.0,58627.0,50.0,,640.587,0.0,0.0,50.0,6.527,,,0.0,1.0,,True,completed
carIn132940:1,default_016,58398.0,58628.0,230.0,,2268.609,0.0,10.0,220.0,53.515,,,0.0435,0.9565,,True,completed
carIn21399:1,default_016,57770.0,58628.0,858.0,,1569.034,64.0,709.0,149.0,741.495,,,0.8263,0.1737,,True,completed
carIn46198:1,default_016,58603.0,58629.0,26.0,,197.203,2.0,2.0,24.0,9.722,,,0.0769,0.9231,,True,completed
randUni18740:1,random_016,58600.0,58629.0,29.0,,394.533,0.0,0.0,29.0,1.773,,,0.0,1.0,,True,completed
carIn43436:1,default_016,58508.0,58630.0,122.0,,1526.917,3.0,3.0,119.0,40.977,,,0.0246,0.9754,,True,completed
h11708c1:3,default_016,58533.0,58630.0,97.0,,1173.029,5.0,5.0,92.0,18.656,,,0.0515,0.9485,,True,completed
h6584c2:3,default_016,58485.0,58630.0,145.0,,1378.87,0.0,3.0,142.0,22.302,,,0.0207,0.9793,,True,completed
carIn96399:1,default_016,58404.0,58631.0,227.0,,2271.61,0.0,9.0,218.0,51.41,,,0.0396,0.9604,,True,completed
h8166c1:1,default_017,58532.0,58632.0,100.0,,1359.013,3.0,3.0,97.0,13.318,,,0.03,0.97,,True,completed
carIn9410:1,default_016,58382.0,58633.0,251.0,,2263.892,0.0,14.0,237.0,42.191,,,0.0558,0.9442,,True,completed
carIn30947:1,default_016,58524.0,58634.0,110.0,,1178.157,0.0,0.0,110.0,15.655,,,0.0,1.0,,True,completed
carIn78253:1,default_016,58407.0,58636.0,229.0,,1597.444,5.0,23.0,206.0,53.322,,,0.1004,0.8996,,True,completed
h4152c1:1,default_016,58442.0,58636.0,194.0,,1946.215,0.0,0.0,194.0,13.784,,,0.0,1.0,,True,completed
h11739c1:1,default_016,58463.0,58640.0,177.0,,2095.324,6.0,6.0,171.0,25.103,,,0.0339,0.9661,,True,completed
carIn19779:1,default_016,58409.0,58641.0,232.0,,2263.572,0.0,19.0,213.0,68.843,,,0.0819,0.9181,,True,completed
carIn40423:1,default_016,58403.0,58641.0,238.0,,2265.246,4.0,13.0,225.0,55.815,,,0.0546,0.9454,,True,completed
h8139c1:3,default_016,58475.0,58642.0,167.0,,1377.783,8.0,8.0,159.0,32.073,,,0.0479,0.9521,,True,completed
11_frequency1.43,bus,58420.0,58645.0,225.0,,2096.484,1.0,4.0,221.0,50.324,,,0.0178,0.9822,,True,completed
carIn117099:1,default_016,58497.0,58645.0,148.0,,1356.174,11.0,11.0,137.0,26.9,,,0.0743,0.9257,,True,completed
randUni14683:1,random_016,58495.0,58647.0,152.0,,1791.876,0.0,0.0,152.0,8.575,,,0.0,1.0,,True,completed
carIn46204:1,default_016,58402.0,58648.0,246.0,,2269.136,1.0,10.0,236.0,45.236,,,0.0407,0.9593,,True,completed
carIn64496:1,default_016,58345.0,58648.0,303.0,,2864.719,33.0,60.0,243.0,97.297,,,0.198,0.802,,True,completed
h6873c1:1,default_016,58417.0,58648.0,231.0,,2130.525,0.0,29.0,202.0,54.903,,,0.1255,0.8745,,True,completed
h7971c2:1,default_017,58623.0,58648.0,25.0,,172.008,0.0,0.0,25.0,1.842,,,0.0,1.0,,True,completed
h3281c1:1,default_016,58373.0,58650.0,277.0,,1753.2,32.0,42.0,235.0,93.876,,,0.1516,0.8484,,True,completed
carIn58094:1,default_016,58595.0,58651.0,56.0,,930.783,0.0,0.0,56.0,5.129,,,0.0,1.0,,True,completed
carIn80917:1,default_016,58406.0,58651.0,245.0,,2271.321,0.0,13.0,232.0,53.945,,,0.0531,0.9469,,True,completed
carIn76033:1,default_016,58477.0,58652.0,175.0,,2197.528,0.0,0.0,175.0,11.365,,,0.0,1.0,,True,completed
carIn80933:1,default_016,58435.0,58652.0,217.0,,2060.213,10.0,32.0,185.0,58.054,,,0.1475,0.8525,,True,completed
carIn86049:1,default_016,58419.0,58652.0,233.0,,2978.851,0.0,26.0,207.0,57.467,,,0.1116,0.8884,,True,completed
h7026c1:5,default_016,58459.0,58653.0,194.0,,1670.649,0.0,0.0,194.0,20.332,,,0.0,1.0,,True,completed
h884c1:5,default_016,58413.0,58655.0,242.0,,2102.075,1.0,12.0,230.0,78.742,,,0.0496,0.9504,,True,completed
carIn22263:1,default_016,58444.0,58657.0,213.0,,1741.508,12.0,39.0,174.0,62.781,,,0.1831,0.8169,,True,completed
h4951c1:3,default_016,58502.0,58659.0,157.0,,1831.034,5.0,5.0,152.0,28.076,,,0.0318,0.9682,,True,completed
h3828c2:3,default_016,58497.0,58662.0,165.0,,1564.354,18.0,18.0,147.0,39.063,,,0.1091,0.8909,,True,completed
carIn121022:1,default_016,58409.0,58664.0,255.0,,2273.017,1.0,10.0,245.0,73.889,,,0.0392,0.9608,,True,completed
carIn112232:1,default_016,58472.0,58667.0,195.0,,2497.953,0.0,0.0,195.0,20.255,,,0.0,1.0,,True,completed
h11478c1:3,default_016,58564.0,58671.0,107.0,,697.014,30.0,30.0,77.0,38.345,,,0.2804,0.7196,,True,completed
h3346c2:1,default_017,58543.0,58672.0,129.0,,1120.536,1.0,1.0,128.0,23.636,,,0.0078,0.9922,,True,completed
h8177c1:5,default_016,58535.0,58672.0,137.0,,1669.504,2.0,2.0,135.0,15.928,,,0.0146,0.9854,,True,completed
carIn34477:1,default_016,58573.0,58673.0,100.0,,699.264,24.0,24.0,76.0,33.242,,,0.24,0.76,,True,completed
carIn57169:1,default_016,58503.0,58685.0,182.0,,2062.638,1.0,1.0,181.0,20.451,,,0.0055,0.9945,,True,completed
h5754c1:3,default_016,58497.0,58686.0,189.0,,2213.89,2.0,10.0,179.0,46.732,,,0.0529,0.9471,,True,completed
h6758c1:1,default_017,58545.0,58686.0,141.0,,2078.84,0.0,0.0,141.0,12.692,,,0.0,1.0,,True,completed
h20267c1:3,default_016,58433.0,58691.0,258.0,,2568.227,5.0,10.0,248.0,35.383,,,0.0388,0.9612,,True,completed
carIn123476:1,default_016,58454.0,58698.0,244.0,,2250.436,7.0,34.0,210.0,58.304,,,0.1393,0.8607,,True,completed
carIn116557:1,default_016,58554.0,58701.0,147.0,,2095.878,0.0,0.0,147.0,6.312,,,0.0,1.0,,True,completed
h7575c1:1,default_017,58652.0,58701.0,49.0,,591.13,1.0,1.0,48.0,9.801,,,0.0204,0.9796,,True,completed
carIn89521:1,default_016,58461.0,58702.0,241.0,,2256.987,10.0,36.0,205.0,99.564,,,0.1494,0.8506,,True,completed
h2372c2:1,default_017,58543.0,58703.0,160.0,,1041.75,35.0,50.0,110.0,68.551,,,0.3125,0.6875,,True,completed
randUni30720:1,random_016,58400.0,58703.0,303.0,,2965.156,0.0,2.0,301.0,31.373,,,0.0066,0.9934,,True,completed
randUni17493:1,random_016,58605.0,58705.0,100.0,,1117.25,0.0,0.0,100.0,14.875,,,0.0,1.0,,True,completed
carIn66851:1,default_016,58659.0,58706.0,47.0,,422.624,0.0,0.0,47.0,3.537,,,0.0,1.0,,True,completed
h8736c1:1,default_016,58490.0,58709.0,219.0,,1622.349,30.0,30.0,189.0,57.195,,,0.137,0.863,,True,completed
carIn107824:1,default_016,58508.0,58711.0,203.0,,2072.912,26.0,26.0,177.0,52.379,,,0.1281,0.8719,,True,completed
h18297c1:1,default_016,58486.0,58711.0,225.0,,2723.088,0.0,0.0,225.0,24.646,,,0.0,1.0,,True,completed
h7134c2:1,default_016,58463.0,58711.0,248.0,,2359.698,26.0,40.0,208.0,70.929,,,0.1613,0.8387,,True,completed
carIn61678:1,default_016,58547.0,58712.0,165.0,,2318.507,0.0,0.0,165.0,14.332,,,0.0,1.0,,True,completed
carIn131004:1,default_016,58500.0,58714.0,214.0,,2272.454,0.0,14.0,200.0,43.273,,,0.0654,0.9346,,True,completed
h6770c1:1,default_016,58490.0,58714.0,224.0,,2475.112,9.0,9.0,215.0,25.134,,,0.0402,0.9598,,True,completed
carIn58044:1,default_016,58570.0,58716.0,146.0,,1587.38,6.0,6.0,140.0,17.111,,,0.0411,0.9589,,True,completed
h13664c2:3,default_017,58591.0,58716.0,125.0,,1185.539,5.0,5.0,120.0,23.65,,,0.04,0.96,,True,completed
h17906c1:3,default_016,58529.0,58718.0,189.0,,2344.453,8.0,8.0,181.0,41.579,,,0.0423,0.9577,,True,completed
randUni21818:1,random_017,58620.0,58718.0,98.0,,1288.379,0.0,0.0,98.0,14.009,,,0.0,1.0,,True,completed
carIn61454:1,default_016,58538.0,58721.0,183.0,,2059.717,0.0,0.0,183.0,15.824,,,0.0,1.0,,True,completed
carIn4401:1,default_016,58568.0,58728.0,160.0,,2085.206,1.0,1.0,159.0,14.568,,,0.0063,0.9938,,True,completed
carIn38397:1,default_016,58652.0,58730.0,78.0,,936.849,8.0,8.0,70.0,24.626,,,0.1026,0.8974,,True,completed
carIn18733:1,default_016,58577.0,58735.0,158.0,,1527.259,7.0,23.0,135.0,54.466,,,0.1456,0.8544,,True,completed
carIn73662:1,default_016,58540.0,58735.0,195.0,,2078.113,8.0,8.0,187.0,51.735,,,0.041,0.959,,True,completed
randUni18540:1,random_016,58710.0,58737.0,27.0,,273.667,0.0,0.0,27.0,1.501,,,0.0,1.0,,True,completed
carIn5613:1,default_016,58509.0,58739.0,230.0,,2104.885,1.0,11.0,219.0,55.191,,,0.0478,0.9522,,True,completed
carIn88999:1,default_016,58505.0,58739.0,234.0,,2272.586,0.0,13.0,221.0,63.135,,,0.0556,0.9444,,True,completed
carIn111246:1,default_015,58662.0,58740.0,78.0,,702.27,9.0,9.0,69.0,19.034,,,0.1154,0.8846,,True,completed
carIn64825:1,default_016,58573.0,58741.0,168.0,,1751.739,4.0,4.0,164.0,39.855,,,0.0238,0.9762,,True,completed
carIn70993:1,default_016,58507.0,58741.0,234.0,,2103.249,1.0,16.0,218.0,66.293,,,0.0684,0.9316,,True,completed
carIn32434:1,default_015,58645.0,58742.0,97.0,,703.934,29.0,29.0,68.0,43.966,,,0.299,0.701,,True,completed
carIn23014:1,default_016,58647.0,58745.0,98.0,,701.013,16.0,16.0,82.0,28.071,,,0.1633,0.8367,,True,completed
randUni31888:1,random_016,58650.0,58747.0,97.0,,702.118,15.0,15.0,82.0,27.765,,,0.1546,0.8454,,True,completed
h7702c1:1,default_017,58633.0,58748.0,115.0,,1183.782,2.0,2.0,113.0,15.294,,,0.0174,0.9826,,True,completed
carIn103809:1,default_016,58499.0,58749.0,250.0,,2269.82,0.0,2.0,248.0,28.267,,,0.008,0.992,,True,completed
h5802c1:3,default_016,58622.0,58749.0,127.0,,1266.953,0.0,0.0,127.0,14.102,,,0.0,1.0,,True,completed
carIn12916:1,default_016,58509.0,58753.0,244.0,,2106.832,0.0,12.0,232.0,53.452,,,0.0492,0.9508,,True,completed
carIn65217:1,default_016,58515.0,58753.0,238.0,,2269.251,0.0,7.0,231.0,55.179,,,0.0294,0.9706,,True,completed
h10407c1:3,default_016,58630.0,58754.0,124.0,,1147.674,6.0,6.0,118.0,18.424,,,0.0484,0.9516,,True,completed
carIn75736:1,default_016,58562.0,58755.0,193.0,,2092.055,1.0,1.0,192.0,19.73,,,0.0052,0.9948,,True,completed
carIn16214:1,default_016,58525.0,58756.0,231.0,,2270.052,0.0,3.0,228.0,50.018,,,0.013,0.987,,True,completed
h6230c1:1,default_016,58186.0,58756.0,570.0,,2758.32,5.0,358.0,212.0,414.584,,,0.6281,0.3719,,True,completed
15_frequency5.0,bus,58668.0,58757.0,89.0,,1147.285,0.0,0.0,89.0,4.935,,,0.0,1.0,,True,completed
carIn126278:1,default_016,58677.0,58758.0,81.0,,670.282,0.0,0.0,81.0,8.357,,,0.0,1.0,,True,completed
h2145c1:1,default_017,58604.0,58758.0,154.0,,1789.858,0.0,0.0,154.0,10.918,,,0.0,1.0,,True,completed
h12033c2:1,default_016,58670.0,58759.0,89.0,,1148.67,0.0,0.0,89.0,6.796,,,0.0,1.0,,True,completed
h3531c1:3,default_016,58526.0,58759.0,233.0,,1845.706,0.0,20.0,213.0,63.06,,,0.0858,0.9142,,True,completed
randUni23891:1,random_016,58574.0,58760.0,186.0,,1218.019,0.0,0.0,186.0,22.826,,,0.0,1.0,,True,completed
carIn80513:1,default_016,58475.0,58762.0,287.0,,2627.536,0.0,9.0,278.0,56.9,,,0.0314,0.9686,,True,completed
carIn10310:1,default_016,58290.0,58763.0,473.0,,1734.335,46.0,321.0,152.0,342.447,,,0.6786,0.3214,,True,completed
carIn30946:1,default_016,58561.0,58765.0,204.0,,1737.122,5.0,39.0,165.0,63.673,,,0.1912,0.8088,,True,completed
h21203c1:1,default_016,58594.0,58767.0,173.0,,1735.395,0.0,5.0,168.0,30.344,,,0.0289,0.9711,,True,completed
carIn123851:1,default_016,58575.0,58768.0,193.0,,2058.828,0.0,0.0,193.0,14.952,,,0.0,1.0,,True,completed
carIn67518:1,default_016,58513.0,58769.0,256.0,,2264.274,0.0,8.0,248.0,45.713,,,0.0312,0.9688,,True,completed
carIn119804:1,default_016,58568.0,58771.0,203.0,,2457.163,22.0,22.0,181.0,60.807,,,0.1084,0.8916,,True,completed
carIn16032:1,default_016,58594.0,58771.0,177.0,,2058.264,0.0,0.0,177.0,22.305,,,0.0,1.0,,True,completed
h10396c2:1,default_016,58630.0,58771.0,141.0,,2084.929,0.0,1.0,140.0,9.555,,,0.0071,0.9929,,True,completed
h2394c2:3,default_016,58664.0,58772.0,108.0,,888.476,4.0,4.0,104.0,21.076,,,0.037,0.963,,True,completed
carIn17880:1,default_016,58477.0,58773.0,296.0,,2849.368,34.0,54.0,242.0,98.107,,,0.1824,0.8176,,True,completed
h12439c1:3,default_016,58532.0,58774.0,242.0,,2264.706,0.0,23.0,219.0,54.651,,,0.095,0.905,,True,completed
h19014c2:1,default_016,58492.0,58777.0,285.0,,2988.488,39.0,48.0,237.0,75.95,,,0.1684,0.8316,,True,completed
h4014c2:1,default_017,58668.0,58780.0,112.0,,1311.847,10.0,10.0,102.0,21.597,,,0.0893,0.9107,,True,completed
carIn99233:1,default_016,57691.0,58781.0,1090.0,,2060.528,53.0,925.0,165.0,951.827,,,0.8486,0.1514,,True,completed
carIn33579:1,default_016,58574.0,58782.0,208.0,,2446.261,3.0,4.0,204.0,32.028,,,0.0192,0.9808,,True,completed
h11321c2:3,default_017,58602.0,58783.0,181.0,,1602.249,23.0,37.0,144.0,61.596,,,0.2044,0.7956,,True,completed
carIn12464:1,default_016,58502.0,58785.0,283.0,,3003.188,31.0,37.0,246.0,82.252,,,0.1307,0.8693,,True,completed
h5114c1:3,default_017,58606.0,58786.0,180.0,,1625.792,25.0,38.0,142.0,58.947,,,0.2111,0.7889,,True,completed
carIn2310:1,default_016,58500.0,58787.0,287.0,,3011.487,32.0,38.0,249.0,70.175,,,0.1324,0.8676,,True,completed
carIn7631:1,default_016,57787.0,58787.0,1000.0,,1746.07,14.0,856.0,144.0,873.971,,,0.856,0.144,,True,completed
carIn38282:1,default_016,58522.0,58790.0,268.0,,2268.558,7.0,29.0,239.0,78.293,,,0.1082,0.8918,,True,completed
carIn97450:1,default_016,58596.0,58790.0,194.0,,2181.366,0.0,0.0,194.0,15.217,,,0.0,1.0,,True,completed
carIn21502:1,default_016,58620.0,58794.0,174.0,,2056.881,2.0,2.0,172.0,20.037,,,0.0115,0.9885,,True,completed
carIn112895:1,default_016,58592.0,58796.0,204.0,,2246.626,11.0,11.0,193.0,32.522,,,0.0539,0.9461,,True,completed
h7759c1:3,default_016,57855.0,58797.0,942.0,,1737.583,0.0,804.0,138.0,827.893,,,0.8535,0.1465,,True,completed
carIn20419:1,default_016,58575.0,58798.0,223.0,,2316.641,0.0,49.0,174.0,68.482,,,0.2197,0.7803,,True,completed
carIn55473:1,default_016,58597.0,58798.0,201.0,,2250.009,5.0,15.0,186.0,41.033,,,0.0746,0.9254,,True,completed
carIn79013:1,default_016,58549.0,58798.0,249.0,,3160.095,2.0,2.0,247.0,27.968,,,0.008,0.992,,True,completed
carIn108570:1,default_016,58590.0,58799.0,209.0,,2467.592,17.0,18.0,191.0,46.84,,,0.0861,0.9139,,True,completed
carIn65054:1,default_016,58599.0,58799.0,200.0,,2240.32,4.0,12.0,188.0,41.048,,,0.06,0.94,,True,completed
carIn118929:1,default_016,58613.0,58800.0,187.0,,2457.346,0.0,0.0,187.0,33.03,,,0.0,1.0,,True,completed
carIn98975:1,default_016,58638.0,58800.0,162.0,,2091.04,0.0,1.0,161.0,15.688,,,0.0062,0.9938,,True,completed
carIn125057:1,default_016,58601.0,58801.0,200.0,,2244.823,0.0,6.0,194.0,36.393,,,0.03,0.97,,True,completed
carIn86773:1,default_016,58617.0,58803.0,186.0,,2454.225,0.0,0.0,186.0,16.028,,,0.0,1.0,,True,completed
carIn25868:1,default_016,58577.0,58804.0,227.0,,1594.752,0.0,0.0,227.0,28.132,,,0.0,1.0,,True,completed
h15139c1:3,default_017,58576.0,58805.0,229.0,,2105.378,0.0,29.0,200.0,67.1,,,0.1266,0.8734,,True,completed
h9652c2:1,default_016,58533.0,58805.0,272.0,,2469.37,0.0,66.0,206.0,94.043,,,0.2426,0.7574,,True,completed
randUni9011:1,random_016,58792.0,58805.0,13.0,,127.366,0.0,0.0,13.0,1.895,,,0.0,1.0,,True,completed
h17190c2:3,default_017,58672.0,58806.0,134.0,,1180.213,13.0,22.0,112.0,44.754,,,0.1642,0.8358,,True,completed
carIn28420:1,default_016,58579.0,58807.0,228.0,,1598.282,0.0,0.0,228.0,70.112,,,0.0,1.0,,True,completed
carIn59000:1,default_016,58650.0,58808.0,158.0,,1593.181,9.0,16.0,142.0,48.519,,,0.1013,0.8987,,True,completed
carIn108193:1,default_016,58611.0,58810.0,199.0,,2108.298,0.0,1.0,198.0,31.711,,,0.005,0.995,,True,completed
carIn106374:1,default_016,58613.0,58811.0,198.0,,2096.001,0.0,0.0,198.0,50.06,,,0.0,1.0,,True,completed
carIn93590:1,default_017,58730.0,58811.0,81.0,,1176.831,0.0,0.0,81.0,4.396,,,0.0,1.0,,True,completed
carIn106056:1,default_016,58740.0,58812.0,72.0,,696.276,7.0,7.0,65.0,17.171,,,0.0972,0.9028,,True,completed
carIn119801:1,default_016,58619.0,58812.0,193.0,,2235.706,9.0,9.0,184.0,41.573,,,0.0466,0.9534,,True,completed
carIn81795:1,default_016,58665.0,58812.0,147.0,,1584.074,5.0,6.0,141.0,39.41,,,0.0408,0.9592,,True,completed
carIn131446:1,default_016,58738.0,58814.0,76.0,,702.901,7.0,7.0,69.0,14.641,,,0.0921,0.9079,,True,completed
carIn50897:1,default_016,58296.0,58814.0,518.0,,2046.708,67.0,332.0,186.0,389.84,,,0.6409,0.3591,,True,completed
carIn107462:1,default_016,58655.0,58816.0,161.0,,2089.159,1.0,5.0,156.0,29.924,,,0.0311,0.9689,,True,completed
h2616c2:1,default_017,58718.0,58816.0,98.0,,1174.445,1.0,1.0,97.0,12.643,,,0.0102,0.9898,,True,completed
h7228c1:1,default_016,58285.0,58817.0,532.0,,914.877,63.0,458.0,74.0,486.727,,,0.8609,0.1391,,True,completed
carIn82410:1,default_016,58626.0,58818.0,192.0,,2559.458,0.0,0.0,192.0,25.287,,,0.0,1.0,,True,completed
carIn62237:1,default_016,58647.0,58819.0,172.0,,2097.109,1.0,9.0,163.0,30.514,,,0.0523,0.9477,,True,completed
carIn69552:1,default_016,58753.0,58820.0,67.0,,693.747,0.0,0.0,67.0,5.09,,,0.0,1.0,,True,completed
carIn79403:1,default_016,58609.0,58820.0,211.0,,2099.391,1.0,4.0,207.0,42.62,,,0.019,0.981,,True,completed
h19610c1:3,default_016,58287.0,58820.0,533.0,,1275.311,60.0,421.0,112.0,451.688,,,0.7899,0.2101,,True,completed
carIn117726:1,default_016,58580.0,58821.0,241.0,,2444.887,28.0,49.0,192.0,91.707,,,0.2033,0.7967,,True,completed
h5355c2:1,default_017,58663.0,58821.0,158.0,,1795.189,19.0,19.0,139.0,46.097,,,0.1203,0.8797,,True,completed
h8335c1:3,default_016,58697.0,58821.0,124.0,,1346.994,0.0,0.0,124.0,10.547,,,0.0,1.0,,True,completed
carIn27955:1,default_016,58727.0,58822.0,95.0,,1152.527,4.0,4.0,91.0,16.07,,,0.0421,0.9579,,True,completed
carIn34488:1,default_016,58595.0,58824.0,229.0,,2450.466,1.0,8.0,221.0,44.548,,,0.0349,0.9651,,True,completed
h11081c2:3,default_017,58774.0,58824.0,50.0,,324.447,8.0,8.0,42.0,17.619,,,0.16,0.84,,True,completed
randUni1293:1,random_016,58722.0,58824.0,102.0,,798.519,1.0,1.0,101.0,20.386,,,0.0098,0.9902,,True,completed
h11408c2:1,default_016,58684.0,58825.0,141.0,,1594.178,5.0,5.0,136.0,27.034,,,0.0355,0.9645,,True,completed
carIn19843:1,default_016,58209.0,58826.0,617.0,,2240.648,52.0,406.0,211.0,448.104,,,0.658,0.342,,True,completed
h8468c1:3,default_016,57761.0,58826.0,1065.0,,1934.43,0.0,915.0,150.0,940.951,,,0.8592,0.1408,,True,completed
carIn17094:1,default_016,58677.0,58827.0,150.0,,1741.155,2.0,2.0,148.0,22.298,,,0.0133,0.9867,,True,completed
carIn30596:1,default_016,58216.0,58829.0,613.0,,2233.549,50.0,396.0,217.0,442.56,,,0.646,0.354,,True,completed
carIn11804:1,default_016,58481.0,58830.0,349.0,,2389.587,38.0,149.0,200.0,188.829,,,0.4269,0.5731,,True,completed
carIn121450:1,default_016,58555.0,58830.0,275.0,,2981.885,0.0,14.0,261.0,46.525,,,0.0509,0.9491,,True,completed
h8428c2:3,default_016,58728.0,58833.0,105.0,,1422.262,0.0,0.0,105.0,11.647,,,0.0,1.0,,True,completed
carIn24690:1,default_016,58738.0,58834.0,96.0,,1149.524,3.0,3.0,93.0,12.845,,,0.0312,0.9688,,True,completed
carIn122044:1,default_016,58615.0,58835.0,220.0,,2464.221,7.0,7.0,213.0,25.725,,,0.0318,0.9682,,True,completed
carIn12609:1,default_016,58622.0,58836.0,214.0,,2455.146,5.0,5.0,209.0,40.776,,,0.0234,0.9766,,True,completed
carIn25745:1,default_016,58645.0,58837.0,192.0,,2321.83,27.0,38.0,154.0,66.857,,,0.1979,0.8021,,True,completed
carIn50832:1,default_016,58640.0,58837.0,197.0,,1754.139,0.0,0.0,197.0,15.111,,,0.0,1.0,,True,completed
carIn130002:1,default_016,58649.0,58839.0,190.0,,1752.975,0.0,17.0,173.0,55.994,,,0.0895,0.9105,,True,completed
carIn85069:1,default_016,57787.0,58839.0,1052.0,,2366.281,56.0,849.0,203.0,886.387,,,0.807,0.193,,True,completed
h6656c1:1,default_016,58522.0,58839.0,317.0,,1398.74,22.0,214.0,103.0,228.144,,,0.6751,0.3249,,True,completed
carIn117095:1,default_016,58746.0,58840.0,94.0,,1156.274,0.0,0.0,94.0,8.352,,,0.0,1.0,,True,completed
carIn63762:1,default_016,58749.0,58840.0,91.0,,1149.277,0.0,0.0,91.0,7.91,,,0.0,1.0,,True,completed
h3249c1:5,default_016,58618.0,58840.0,222.0,,1476.744,0.0,9.0,213.0,59.77,,,0.0405,0.9595,,True,completed
h3699c2:1,default_017,58740.0,58840.0,100.0,,996.364,0.0,0.0,100.0,10.634,,,0.0,1.0,,True,completed
h15062c1:3,default_016,58659.0,58841.0,182.0,,1750.479,0.0,8.0,174.0,43.925,,,0.044,0.956,,True,completed
carIn109423:1,default_016,58760.0,58842.0,82.0,,717.931,11.0,11.0,71.0,23.057,,,0.1341,0.8659,,True,completed
carIn127387:1,default_016,58624.0,58843.0,219.0,,2458.23,9.0,9.0,210.0,36.508,,,0.0411,0.9589,,True,completed
carIn21569:1,default_016,58710.0,58848.0,138.0,,1536.104,11.0,11.0,127.0,40.466,,,0.0797,0.9203,,True,completed
carIn60062:1,default_016,58679.0,58848.0,169.0,,2089.808,0.0,4.0,165.0,23.277,,,0.0237,0.9763,,True,completed
h18563c2:1,default_016,58661.0,58848.0,187.0,,2178.698,0.0,0.0,187.0,16.779,,,0.0,1.0,,True,completed
carIn96017:1,default_016,58760.0,58849.0,89.0,,699.871,14.0,14.0,75.0,24.065,,,0.1573,0.8427,,True,completed
carIn110166:1,default_016,58633.0,58850.0,217.0,,2328.518,0.0,0.0,217.0,17.994,,,0.0,1.0,,True,completed
carIn87230:1,default_016,58755.0,58850.0,95.0,,703.758,16.0,16.0,79.0,24.566,,,0.1684,0.8316,,True,completed
carIn27332:1,default_016,58662.0,58851.0,189.0,,1934.994,6.0,6.0,183.0,36.326,,,0.0317,0.9683,,True,completed
carIn52782:1,default_016,58652.0,58852.0,200.0,,2332.489,0.0,6.0,194.0,60.95,,,0.03,0.97,,True,completed
carIn103134:1,default_016,58657.0,58853.0,196.0,,2322.904,0.0,3.0,193.0,45.16,,,0.0153,0.9847,,True,completed
carIn18260:1,default_016,58634.0,58853.0,219.0,,2746.908,1.0,2.0,217.0,26.598,,,0.0091,0.9909,,True,completed
carIn81944:1,default_016,58595.0,58855.0,260.0,,3043.778,13.0,13.0,247.0,56.127,,,0.05,0.95,,True,completed
carIn77066:1,default_016,58616.0,58857.0,241.0,,3049.197,6.0,6.0,235.0,50.917,,,0.0249,0.9751,,True,completed
carIn99563:1,default_016,58661.0,58857.0,196.0,,2088.934,0.0,9.0,187.0,44.081,,,0.0459,0.9541,,True,completed
carIn103679:1,default_016,58624.0,58858.0,234.0,,3037.385,4.0,4.0,230.0,48.083,,,0.0171,0.9829,,True,completed
carIn94831:1,default_016,58221.0,58860.0,639.0,,2237.652,45.0,416.0,223.0,480.459,,,0.651,0.349,,True,completed
carIn12248:1,default_016,58753.0,58861.0,108.0,,1152.2,11.0,11.0,97.0,29.134,,,0.1019,0.8981,,True,completed
randUni5442:1,random_017,58842.0,58861.0,19.0,,116.703,0.0,0.0,19.0,7.887,,,0.0,1.0,,True,completed
carIn87001:1,default_016,58269.0,58862.0,593.0,,2242.572,43.0,385.0,208.0,453.017,,,0.6492,0.3508,,True,completed
carIn79796:1,default_016,58681.0,58863.0,182.0,,2087.379,0.0,0.0,182.0,15.494,,,0.0,1.0,,True,completed
h3514c2:1,default_016,58253.0,58864.0,611.0,,2291.059,42.0,383.0,228.0,443.975,,,0.6268,0.3732,,True,completed
randUni23360:1,random_017,58849.0,58864.0,15.0,,112.111,0.0,0.0,15.0,4.004,,,0.0,1.0,,True,completed
h11535c1:1,default_016,58277.0,58866.0,589.0,,2236.71,40.0,381.0,208.0,443.236,,,0.6469,0.3531,,True,completed
carIn38477:1,default_016,58642.0,58867.0,225.0,,2087.763,0.0,9.0,216.0,25.732,,,0.04,0.96,,True,completed
carIn124485:1,default_016,58676.0,58868.0,192.0,,2328.92,6.0,14.0,178.0,52.871,,,0.0729,0.9271,,True,completed
carIn128814:1,default_016,58731.0,58870.0,139.0,,1588.831,0.0,6.0,133.0,24.248,,,0.0432,0.9568,,True,completed
carIn44249:1,default_016,58620.0,58870.0,250.0,,2625.71,0.0,9.0,241.0,34.354,,,0.036,0.964,,True,completed
carIn108734:1,default_016,58479.0,58872.0,393.0,,1068.593,61.0,300.0,93.0,315.183,,,0.7634,0.2366,,True,completed
h18695c1:3,default_017,58795.0,58872.0,77.0,,656.476,0.0,0.0,77.0,8.177,,,0.0,1.0,,True,completed
carIn57427:1,default_016,58694.0,58873.0,179.0,,2061.99,0.0,0.0,179.0,22.706,,,0.0,1.0,,True,completed
carIn65267:1,default_016,58666.0,58875.0,209.0,,2497.038,0.0,16.0,193.0,44.218,,,0.0766,0.9234,,True,completed
carIn18173:1,default_016,58767.0,58876.0,109.0,,1338.556,0.0,0.0,109.0,10.888,,,0.0,1.0,,True,completed
carIn64745:1,default_016,58748.0,58876.0,128.0,,1535.457,4.0,4.0,124.0,34.048,,,0.0312,0.9688,,True,completed
carIn83375:1,default_016,58751.0,58877.0,126.0,,1525.949,4.0,4.0,122.0,36.023,,,0.0317,0.9683,,True,completed
carIn44794:1,default_016,58279.0,58878.0,599.0,,2231.231,35.0,392.0,207.0,451.733,,,0.6544,0.3456,,True,completed
randUni32614:1,random_017,58677.0,58878.0,201.0,,951.19,0.0,33.0,168.0,63.338,,,0.1642,0.8358,,True,completed
carIn72969:1,default_016,58682.0,58879.0,197.0,,2179.803,0.0,4.0,193.0,22.668,,,0.0203,0.9797,,True,completed
carIn8076:1,default_017,58766.0,58879.0,113.0,,1530.558,0.0,0.0,113.0,24.767,,,0.0,1.0,,True,completed
randUni13203:1,random_017,58710.0,58879.0,169.0,,2301.917,0.0,0.0,169.0,15.265,,,0.0,1.0,,True,completed
carIn56878:1,default_016,58286.0,58880.0,594.0,,2236.926,33.0,381.0,213.0,455.987,,,0.6414,0.3586,,True,completed
h8954c1:3,default_017,58766.0,58880.0,114.0,,1183.213,8.0,13.0,101.0,32.573,,,0.114,0.886,,True,completed
h13622c2:5,default_017,58784.0,58882.0,98.0,,1177.384,0.0,0.0,98.0,8.785,,,0.0,1.0,,True,completed
carIn77177:1,default_016,58288.0,58883.0,595.0,,2233.85,31.0,373.0,222.0,443.616,,,0.6269,0.3731,,True,completed
carIn7070:1,default_016,58298.0,58885.0,587.0,,2231.621,28.0,356.0,231.0,436.993,,,0.6065,0.3935,,True,completed
carIn99023:1,default_016,58738.0,58885.0,147.0,,1587.521,5.0,9.0,138.0,31.381,,,0.0612,0.9388,,True,completed
randUni29513:1,random_016,58745.0,58886.0,141.0,,1633.795,1.0,4.0,137.0,25.968,,,0.0284,0.9716,,True,completed
carIn128127:1,default_016,58724.0,58887.0,163.0,,2324.027,0.0,0.0,163.0,25.218,,,0.0,1.0,,True,completed
carIn15744:1,default_016,58328.0,58888.0,560.0,,2130.876,37.0,364.0,196.0,425.299,,,0.65,0.35,,True,completed
randUni27636:1,random_017,58745.0,58888.0,143.0,,1524.385,0.0,0.0,143.0,15.139,,,0.0,1.0,,True,completed
carIn108541:1,default_016,58733.0,58889.0,156.0,,2332.008,0.0,5.0,151.0,33.595,,,0.0321,0.9679,,True,completed
h5874c1:1,default_017,58700.0,58889.0,189.0,,1423.751,0.0,0.0,189.0,28.635,,,0.0,1.0,,True,completed
carIn84247:1,default_016,58680.0,58890.0,210.0,,1898.996,13.0,29.0,181.0,55.261,,,0.1381,0.8619,,True,completed
carIn116903:1,default_016,58632.0,58894.0,262.0,,2748.535,0.0,0.0,262.0,19.695,,,0.0,1.0,,True,completed
h20460c2:3,default_017,58650.0,58894.0,244.0,,2753.143,0.0,4.0,240.0,32.819,,,0.0164,0.9836,,True,completed
h17432c2:1,default_016,58726.0,58895.0,169.0,,1750.209,6.0,6.0,163.0,26.02,,,0.0355,0.9645,,True,completed
randUni30845:1,random_016,58616.0,58895.0,279.0,,2982.62,2.0,35.0,244.0,90.644,,,0.1254,0.8746,,True,completed
carIn69244:1,default_016,58337.0,58896.0,559.0,,2134.817,28.0,337.0,222.0,381.168,,,0.6029,0.3971,,True,completed
carIn73848:1,default_016,58326.0,58897.0,571.0,,2259.065,29.0,367.0,204.0,405.361,,,0.6427,0.3573,,True,completed
carIn123267:1,default_016,58747.0,58898.0,151.0,,1592.278,0.0,1.0,150.0,30.387,,,0.0066,0.9934,,True,completed
carIn28586:1,default_016,58815.0,58898.0,83.0,,692.577,23.0,23.0,60.0,31.126,,,0.2771,0.7229,,True,completed
carIn13292:1,default_016,58720.0,58901.0,181.0,,2092.169,4.0,4.0,177.0,22.13,,,0.0221,0.9779,,True,completed
carIn51961:1,default_017,58693.0,58902.0,209.0,,2255.356,8.0,8.0,201.0,62.062,,,0.0383,0.9617,,True,completed
carIn90032:1,default_016,58684.0,58902.0,218.0,,2030.268,19.0,34.0,184.0,61.036,,,0.156,0.844,,True,completed
carIn13270:1,default_017,58687.0,58903.0,216.0,,2250.194,3.0,3.0,213.0,28.294,,,0.0139,0.9861,,True,completed
carIn39472:1,default_016,58710.0,58904.0,194.0,,2225.054,5.0,5.0,189.0,33.237,,,0.0258,0.9742,,True,completed
carIn88246:1,default_016,58492.0,58904.0,412.0,,2156.232,23.0,195.0,217.0,232.991,,,0.4733,0.5267,,True,completed
carIn36934:1,default_017,58720.0,58905.0,185.0,,2253.639,0.0,0.0,185.0,17.493,,,0.0,1.0,,True,completed
carIn100268:1,default_016,58314.0,58907.0,593.0,,2245.272,48.0,370.0,223.0,470.5,,,0.6239,0.3761,,True,completed
carIn104119:1,default_017,58723.0,58907.0,184.0,,2256.319,0.0,0.0,184.0,17.971,,,0.0,1.0,,True,completed
carIn93434:1,default_017,58725.0,58908.0,183.0,,2246.666,0.0,0.0,183.0,30.054,,,0.0,1.0,,True,completed
h5908c1:3,default_017,58708.0,58909.0,201.0,,1855.366,4.0,4.0,197.0,32.794,,,0.0199,0.9801,,True,completed
carIn105208:1,default_016,58694.0,58910.0,216.0,,2446.114,0.0,0.0,216.0,21.27,,,0.0,1.0,,True,completed
carIn46654:1,default_016,58729.0,58910.0,181.0,,2086.989,0.0,0.0,181.0,13.646,,,0.0,1.0,,True,completed
carIn124917:1,default_016,58707.0,58912.0,205.0,,2249.607,0.0,0.0,205.0,16.053,,,0.0,1.0,,True,completed
carIn34817:1,default_016,58312.0,58912.0,600.0,,2236.754,43.0,354.0,246.0,441.256,,,0.59,0.41,,True,completed
carIn69856:1,default_016,58712.0,58913.0,201.0,,2222.341,0.0,6.0,195.0,61.408,,,0.0299,0.9701,,True,completed
carIn16084:1,default_016,58278.0,58914.0,636.0,,3002.879,40.0,344.0,292.0,438.521,,,0.5409,0.4591,,True,completed
h20865c1:1,default_016,58720.0,58914.0,194.0,,2023.298,16.0,18.0,176.0,47.465,,,0.0928,0.9072,,True,completed
h3104c1:1,default_017,58764.0,58915.0,151.0,,1720.292,0.0,0.0,151.0,24.044,,,0.0,1.0,,True,completed
h6209c1:5,default_016,58483.0,58915.0,432.0,,917.847,39.0,320.0,112.0,386.216,,,0.7407,0.2593,,True,completed
carIn88448:1,default_016,58709.0,58916.0,207.0,,2460.381,14.0,16.0,191.0,45.732,,,0.0773,0.9227,,True,completed
carIn46123:1,default_016,58767.0,58918.0,151.0,,1582.35,0.0,0.0,151.0,14.191,,,0.0,1.0,,True,completed
carIn117371:1,default_016,58821.0,58921.0,100.0,,1153.715,2.0,2.0,98.0,15.577,,,0.02,0.98,,True,completed
carIn59498:1,default_016,58283.0,58921.0,638.0,,3006.169,39.0,322.0,316.0,410.678,,,0.5047,0.4953,,True,completed
carIn62888:1,default_016,58735.0,58921.0,186.0,,2097.073,3.0,7.0,179.0,32.805,,,0.0376,0.9624,,True,completed
carIn7166:1,default_016,58568.0,58921.0,353.0,,2153.119,4.0,131.0,222.0,158.679,,,0.3711,0.6289,,True,completed
h1586c1:3,default_016,58184.0,58921.0,737.0,,2213.964,10.0,563.0,174.0,604.082,,,0.7639,0.2361,,True,completed
h23124c1:3,default_016,58726.0,58921.0,195.0,,2101.946,4.0,4.0,191.0,23.808,,,0.0205,0.9795,,True,completed
h2660c1:3,default_016,58726.0,58921.0,195.0,,1779.344,11.0,11.0,184.0,64.602,,,0.0564,0.9436,,True,completed
carIn20174:1,default_016,57847.0,58922.0,1075.0,,2833.47,37.0,780.0,295.0,883.498,,,0.7256,0.2744,,True,completed
carIn33667:1,default_016,58831.0,58922.0,91.0,,697.354,8.0,8.0,83.0,23.092,,,0.0879,0.9121,,True,completed
carIn106549:1,default_016,58835.0,58923.0,88.0,,1156.657,0.0,0.0,88.0,19.62,,,0.0,1.0,,True,completed
carIn49935:1,default_016,58672.0,58923.0,251.0,,2494.299,31.0,46.0,205.0,87.339,,,0.1833,0.8167,,True,completed
carIn133189:1,default_016,58751.0,58924.0,173.0,,2096.03,0.0,1.0,172.0,20.477,,,0.0058,0.9942,,True,completed
carIn28158:1,default_016,58685.0,58924.0,239.0,,2561.749,1.0,8.0,231.0,31.761,,,0.0335,0.9665,,True,completed
carIn116517:1,default_016,58769.0,58925.0,156.0,,2090.674,0.0,0.0,156.0,8.398,,,0.0,1.0,,True,completed
carIn40493:1,default_016,58833.0,58925.0,92.0,,1146.975,0.0,0.0,92.0,8.479,,,0.0,1.0,,True,completed
h5701c2:1,default_017,58843.0,58925.0,82.0,,714.141,1.0,1.0,81.0,11.75,,,0.0122,0.9878,,True,completed
carIn96161:1,default_016,58831.0,58926.0,95.0,,1149.649,0.0,0.0,95.0,10.903,,,0.0,1.0,,True,completed
carIn29243:1,default_016,58743.0,58927.0,184.0,,1750.988,0.0,3.0,181.0,25.661,,,0.0163,0.9837,,True,completed
carIn25885:1,default_017,58653.0,58928.0,275.0,,2275.751,0.0,60.0,215.0,100.586,,,0.2182,0.7818,,True,completed
h17890c1:3,default_016,57793.0,58928.0,1135.0,,765.654,79.0,1059.0,76.0,1083.516,,,0.933,0.067,,True,completed
carIn49530:1,default_016,58828.0,58929.0,101.0,,1146.802,0.0,0.0,101.0,8.214,,,0.0,1.0,,True,completed
carIn81387:1,default_016,58749.0,58929.0,180.0,,1749.986,0.0,1.0,179.0,54.061,,,0.0056,0.9944,,True,completed
h5555c2:1,default_017,58845.0,58929.0,84.0,,898.16,0.0,0.0,84.0,8.912,,,0.0,1.0,,True,completed
carIn121379:1,default_017,58754.0,58932.0,178.0,,2247.121,0.0,0.0,178.0,22.736,,,0.0,1.0,,True,completed
carIn26435:1,default_017,58628.0,58933.0,305.0,,2155.884,8.0,78.0,227.0,112.806,,,0.2557,0.7443,,True,completed
carIn38589:1,default_016,58700.0,58933.0,233.0,,2445.704,2.0,2.0,231.0,28.519,,,0.0086,0.9914,,True,completed
carIn26626:1,default_017,58633.0,58935.0,302.0,,2158.348,8.0,76.0,226.0,160.283,,,0.2517,0.7483,,True,completed
carIn27681:1,default_016,58702.0,58935.0,233.0,,2447.454,0.0,9.0,224.0,37.522,,,0.0386,0.9614,,True,completed
carIn73825:1,default_017,58757.0,58935.0,178.0,,2256.165,0.0,0.0,178.0,21.612,,,0.0,1.0,,True,completed
carIn97071:1,default_017,58711.0,58935.0,224.0,,2332.589,0.0,8.0,216.0,50.635,,,0.0357,0.9643,,True,completed
carIn33737:1,default_017,58616.0,58936.0,320.0,,3420.525,0.0,27.0,293.0,65.707,,,0.0844,0.9156,,True,completed
carIn123550:1,default_017,58635.0,58937.0,302.0,,2158.337,7.0,75.0,227.0,141.267,,,0.2483,0.7517,,True,completed
h4972c1:1,default_017,58753.0,58937.0,184.0,,2063.087,0.0,0.0,184.0,17.915,,,0.0,1.0,,True,completed
carIn127611:1,default_016,58847.0,58940.0,93.0,,1148.084,0.0,0.0,93.0,10.655,,,0.0,1.0,,True,completed
carIn46090:1,default_016,58771.0,58940.0,169.0,,2088.092,0.0,0.0,169.0,17.925,,,0.0,1.0,,True,completed
carIn89809:1,default_016,58844.0,58941.0,97.0,,1144.919,6.0,6.0,91.0,20.206,,,0.0619,0.9381,,True,completed
h1898c1:5,default_016,58766.0,58941.0,175.0,,1523.294,17.0,31.0,144.0,70.451,,,0.1771,0.8229,,True,completed
carIn114402:1,default_017,58749.0,58945.0,196.0,,2065.072,7.0,9.0,187.0,55.644,,,0.0459,0.9541,,True,completed
carIn3554:1,default_016,58918.0,58945.0,27.0,,387.229,0.0,0.0,27.0,3.096,,,0.0,1.0,,True,completed
carIn120252:1,default_016,58755.0,58946.0,191.0,,2097.969,0.0,0.0,191.0,23.195,,,0.0,1.0,,True,completed
carIn19529:1,default_016,58740.0,58946.0,206.0,,2093.652,2.0,6.0,200.0,28.314,,,0.0291,0.9709,,True,completed
carIn109280:1,default_016,58673.0,58948.0,275.0,,2993.277,13.0,21.0,254.0,62.846,,,0.0764,0.9236,,True,completed
carIn6676:1,default_016,58651.0,58948.0,297.0,,2992.361,25.0,25.0,272.0,57.265,,,0.0842,0.9158,,True,completed
carIn23760:1,default_016,58684.0,58949.0,265.0,,2984.027,11.0,19.0,246.0,65.71,,,0.0717,0.9283,,True,completed
carIn30065:1,default_017,58695.0,58951.0,256.0,,2981.696,8.0,8.0,248.0,43.215,,,0.0312,0.9688,,True,completed
carIn27339:1,default_017,58751.0,58952.0,201.0,,2062.767,8.0,9.0,192.0,56.622,,,0.0448,0.9552,,True,completed
carIn14721:1,default_017,58747.0,58953.0,206.0,,2183.615,8.0,11.0,195.0,51.638,,,0.0534,0.9466,,True,completed
h6471c2:1,default_017,58808.0,58953.0,145.0,,1862.17,0.0,2.0,143.0,36.673,,,0.0138,0.9862,,True,completed
h19735c1:3,default_017,58641.0,58954.0,313.0,,1492.212,47.0,183.0,130.0,216.195,,,0.5847,0.4153,,True,completed
h21165c1:3,default_016,58732.0,58955.0,223.0,,2748.707,0.0,8.0,215.0,26.913,,,0.0359,0.9641,,True,completed
carIn27708:1,default_016,58849.0,58961.0,112.0,,1145.076,10.0,10.0,102.0,28.229,,,0.0893,0.9107,,True,completed
h3484c1:3,default_017,58851.0,58961.0,110.0,,1466.72,1.0,1.0,109.0,13.115,,,0.0091,0.9909,,True,completed
randUni1455:1,random_016,58944.0,58961.0,17.0,,130.008,1.0,1.0,16.0,5.857,,,0.0588,0.9412,,True,completed
carIn10974:1,default_016,58746.0,58962.0,216.0,,2450.743,1.0,1.0,215.0,24.145,,,0.0046,0.9954,,True,completed
h5390c2:1,default_017,58937.0,58962.0,25.0,,347.615,0.0,0.0,25.0,4.616,,,0.0,1.0,,True,completed
randUni32659:1,random_017,58733.0,58962.0,229.0,,2444.301,18.0,18.0,211.0,38.539,,,0.0786,0.9214,,True,completed
carIn588:1,default_016,58872.0,58963.0,91.0,,873.209,22.0,22.0,69.0,31.562,,,0.2418,0.7582,,True,completed
h18835c2:1,default_016,58600.0,58963.0,363.0,,1679.979,58.0,205.0,158.0,241.84,,,0.5647,0.4353,,True,completed
carIn106490:1,default_016,58842.0,58964.0,122.0,,1147.473,8.0,8.0,114.0,23.907,,,0.0656,0.9344,,True,completed
carIn44628:1,default_017,58760.0,58964.0,204.0,,2248.582,3.0,23.0,181.0,46.036,,,0.1127,0.8873,,True,completed
carIn90844:1,default_017,58760.0,58964.0,204.0,,2475.58,3.0,3.0,201.0,30.518,,,0.0147,0.9853,,True,completed
h19702c2:1,default_017,58753.0,58964.0,211.0,,2190.824,4.0,4.0,207.0,43.871,,,0.019,0.981,,True,completed
carIn66342:1,default_016,58767.0,58966.0,199.0,,1585.432,27.0,57.0,142.0,71.663,,,0.2864,0.7136,,True,completed
randUni3773:1,random_016,58775.0,58966.0,191.0,,2084.605,0.0,23.0,168.0,36.811,,,0.1204,0.8796,,True,completed
h17118c1:5,default_016,58762.0,58967.0,205.0,,2061.056,0.0,0.0,205.0,38.668,,,0.0,1.0,,True,completed
h4794c2:1,default_016,58075.0,58967.0,892.0,,952.019,72.0,821.0,71.0,852.572,,,0.9204,0.0796,,True,completed
carIn76795:1,default_016,58826.0,58968.0,142.0,,1591.711,3.0,3.0,139.0,31.543,,,0.0211,0.9789,,True,completed
h2162c1:3,default_017,58777.0,58969.0,192.0,,1714.144,0.0,21.0,171.0,41.085,,,0.1094,0.8906,,True,completed
h19569c1:1,default_017,58775.0,58970.0,195.0,,1682.378,24.0,31.0,164.0,62.418,,,0.159,0.841,,True,completed
h7330c1:5,default_016,58838.0,58973.0,135.0,,1446.475,4.0,4.0,131.0,31.494,,,0.0296,0.9704,,True,completed
carIn120442:1,default_017,58871.0,58975.0,104.0,,1180.646,0.0,0.0,104.0,7.961,,,0.0,1.0,,True,completed
carIn90140:1,default_016,57779.0,58975.0,1196.0,,1726.683,30.0,1013.0,183.0,1059.052,,,0.847,0.153,,True,completed
carIn84299:1,default_016,58634.0,58976.0,342.0,,2645.994,0.0,23.0,319.0,60.494,,,0.0673,0.9327,,True,completed
h6628c2:1,default_017,58720.0,58976.0,256.0,,2645.049,4.0,29.0,227.0,59.822,,,0.1133,0.8867,,True,completed
carIn115330:1,default_016,58816.0,58977.0,161.0,,2093.907,5.0,5.0,156.0,22.279,,,0.0311,0.9689,,True,completed
carIn41774:1,default_017,58697.0,58978.0,281.0,,2984.145,3.0,30.0,251.0,98.087,,,0.1068,0.8932,,True,completed
carIn79629:1,default_017,58758.0,58978.0,220.0,,2181.052,7.0,7.0,213.0,41.351,,,0.0318,0.9682,,True,completed
h16229c1:1,default_016,58818.0,58978.0,160.0,,2099.351,2.0,2.0,158.0,16.803,,,0.0125,0.9875,,True,completed
h1471c2:1,default_017,58844.0,58979.0,135.0,,1763.126,6.0,10.0,125.0,32.27,,,0.0741,0.9259,,True,completed
carIn50892:1,default_017,58778.0,58980.0,202.0,,2244.583,13.0,19.0,183.0,59.385,,,0.0941,0.9059,,True,completed
carIn76517:1,default_016,58346.0,58980.0,634.0,,2258.521,33.0,390.0,244.0,437.938,,,0.6151,0.3849,,True,completed
h22046c2:3,default_016,58734.0,58980.0,246.0,,2744.629,0.0,2.0,244.0,25.362,,,0.0081,0.9919,,True,completed
h4398c1:5,default_017,58825.0,58980.0,155.0,,1572.677,0.0,0.0,155.0,9.682,,,0.0,1.0,,True,completed
randUni26034:1,random_017,58768.0,58981.0,213.0,,2394.829,2.0,10.0,203.0,39.461,,,0.0469,0.9531,,True,completed
h11066c1:3,default_016,58814.0,58982.0,168.0,,2091.775,0.0,0.0,168.0,14.064,,,0.0,1.0,,True,completed
h8784c1:3,default_016,58827.0,58983.0,156.0,,1602.172,0.0,0.0,156.0,14.749,,,0.0,1.0,,True,completed
carIn101327:1,default_017,58793.0,58984.0,191.0,,2250.807,13.0,15.0,176.0,51.916,,,0.0785,0.9215,,True,completed
carIn53054:1,default_017,58775.0,58984.0,209.0,,2255.787,15.0,23.0,186.0,49.91,,,0.11,0.89,,True,completed
carIn74793:1,default_016,58824.0,58984.0,160.0,,1737.542,4.0,20.0,140.0,40.526,,,0.125,0.875,,True,completed
carIn91030:1,default_017,58796.0,58984.0,188.0,,2062.031,0.0,0.0,188.0,35.816,,,0.0,1.0,,True,completed
h5970c1:3,default_017,58699.0,58984.0,285.0,,2982.949,0.0,15.0,270.0,53.285,,,0.0526,0.9474,,True,completed
h7677c2:1,default_017,58922.0,58984.0,62.0,,777.149,0.0,0.0,62.0,2.954,,,0.0,1.0,,True,completed
carIn117391:1,default_016,58718.0,58985.0,267.0,,2990.771,0.0,1.0,266.0,54.109,,,0.0037,0.9963,,True,completed
h16882c2:3,default_017,58844.0,58985.0,141.0,,1600.086,0.0,10.0,131.0,30.753,,,0.0709,0.9291,,True,completed
carIn21165:1,default_017,58721.0,58988.0,267.0,,2988.859,0.0,0.0,267.0,49.237,,,0.0,1.0,,True,completed
carIn81589:1,default_016,58834.0,58989.0,155.0,,1593.941,7.0,7.0,148.0,29.151,,,0.0452,0.9548,,True,completed
h18640c1:1,default_017,58959.0,58989.0,30.0,,171.594,4.0,4.0,26.0,9.904,,,0.1333,0.8667,,True,completed
randUni13123:1,random_017,58780.0,58990.0,210.0,,2180.13,0.0,6.0,204.0,40.175,,,0.0286,0.9714,,True,completed
h13058c1:1,default_016,58844.0,58991.0,147.0,,1583.468,1.0,1.0,146.0,38.01,,,0.0068,0.9932,,True,completed
h6426c1:1,default_017,58880.0,58991.0,111.0,,1179.369,0.0,1.0,110.0,17.154,,,0.009,0.991,,True,completed
carIn31482:1,default_017,58743.0,58992.0,249.0,,2988.953,0.0,7.0,242.0,68.613,,,0.0281,0.9719,,True,completed
h5808c1:5,default_017,58902.0,58992.0,90.0,,939.259,0.0,0.0,90.0,15.88,,,0.0,1.0,,True,completed
carIn11276:1,default_017,58779.0,58993.0,214.0,,1477.364,0.0,7.0,207.0,67.69,,,0.0327,0.9673,,True,completed
randUni7240:1,random_016,58786.0,58995.0,209.0,,1592.481,15.0,15.0,194.0,42.909,,,0.0718,0.9282,,True,completed
carIn73956:1,default_017,58855.0,58996.0,141.0,,1532.931,11.0,11.0,130.0,45.378,,,0.078,0.922,,True,completed
carIn82054:1,default_016,58732.0,58997.0,265.0,,2963.488,0.0,0.0,265.0,16.548,,,0.0,1.0,,True,completed
carIn48627:1,default_016,58828.0,58998.0,170.0,,2089.142,0.0,0.0,170.0,17.595,,,0.0,1.0,,True,completed
carIn101424:1,default_016,58824.0,59000.0,176.0,,2091.017,2.0,4.0,172.0,26.259,,,0.0227,0.9773,,True,completed
h18243c1:3,default_016,57813.0,59001.0,1188.0,,3141.49,0.0,897.0,291.0,971.324,,,0.7551,0.2449,,True,completed
carIn119596:1,default_016,58842.0,59004.0,162.0,,1958.252,8.0,8.0,154.0,41.041,,,0.0494,0.9506,,True,completed
carIn33432:1,default_016,58793.0,59010.0,217.0,,2564.766,0.0,2.0,215.0,20.58,,,0.0092,0.9908,,True,completed
h20540c1:1,default_016,57635.0,59011.0,1376.0,,2086.508,0.0,1191.0,185.0,1232.911,,,0.8656,0.1344,,True,completed
randUni29500:1,random_016,58980.0,59011.0,31.0,,389.862,0.0,0.0,31.0,2.776,,,0.0,1.0,,True,completed
h892c2:1,default_017,58991.0,59013.0,22.0,,201.299,0.0,0.0,22.0,2.484,,,0.0,1.0,,True,completed
carIn7665:1,default_016,58814.0,59014.0,200.0,,2054.921,0.0,0.0,200.0,62.541,,,0.0,1.0,,True,completed
carIn101533:1,default_016,58840.0,59016.0,176.0,,1750.192,0.0,1.0,175.0,36.503,,,0.0057,0.9943,,True,completed
carIn104424:1,default_016,58832.0,59018.0,186.0,,2321.769,7.0,7.0,179.0,35.817,,,0.0376,0.9624,,True,completed
carIn7925:1,default_016,58919.0,59018.0,99.0,,1148.761,5.0,5.0,94.0,14.384,,,0.0505,0.9495,,True,completed
h18795c1:1,default_017,58958.0,59018.0,60.0,,930.697,0.0,0.0,60.0,15.811,,,0.0,1.0,,True,completed
carIn70323:1,default_016,58852.0,59019.0,167.0,,2093.619,0.0,0.0,167.0,28.624,,,0.0,1.0,,True,completed
carIn95309:1,default_017,58960.0,59021.0,61.0,,940.839,0.0,0.0,61.0,12.352,,,0.0,1.0,,True,completed
h17751c1:3,default_016,58836.0,59021.0,185.0,,2096.731,0.0,2.0,183.0,24.414,,,0.0108,0.9892,,True,completed
h2775c1:3,default_017,58859.0,59021.0,162.0,,1869.795,10.0,10.0,152.0,29.835,,,0.0617,0.9383,,True,completed
carIn20787:1,default_016,58822.0,59022.0,200.0,,2331.21,0.0,2.0,198.0,29.361,,,0.01,0.99,,True,completed
carIn72152:1,default_016,58830.0,59024.0,194.0,,2090.357,4.0,4.0,190.0,23.925,,,0.0206,0.9794,,True,completed
carIn67265:1,default_016,58846.0,59026.0,180.0,,1585.007,25.0,25.0,155.0,49.3,,,0.1389,0.8611,,True,completed
h20242c2:3,default_017,58762.0,59028.0,266.0,,2416.825,9.0,34.0,232.0,68.479,,,0.1278,0.8722,,True,completed
randUni26196:1,random_017,58779.0,59028.0,249.0,,2700.54,5.0,8.0,241.0,43.062,,,0.0321,0.9679,,True,completed
h3833c1:1,default_017,58966.0,59029.0,63.0,,644.484,1.0,1.0,62.0,10.471,,,0.0159,0.9841,,True,completed
h3972c1:1,default_017,58847.0,59029.0,182.0,,2480.265,0.0,0.0,182.0,16.983,,,0.0,1.0,,True,completed
carIn106828:1,default_017,58736.0,59030.0,294.0,,2743.081,0.0,28.0,266.0,52.847,,,0.0952,0.9048,,True,completed
carIn19922:1,default_017,58745.0,59030.0,285.0,,2984.943,28.0,33.0,252.0,97.737,,,0.1158,0.8842,,True,completed
carIn3905:1,default_017,58747.0,59032.0,285.0,,2989.031,26.0,28.0,257.0,98.818,,,0.0982,0.9018,,True,completed
carIn70123:1,default_016,58913.0,59032.0,119.0,,1153.236,5.0,13.0,106.0,27.599,,,0.1092,0.8908,,True,completed
h15970c1:1,default_016,58930.0,59032.0,102.0,,1155.69,0.0,0.0,102.0,16.051,,,0.0,1.0,,True,completed
carIn67739:1,default_016,58926.0,59034.0,108.0,,1151.828,1.0,1.0,107.0,16.867,,,0.0093,0.9907,,True,completed
carIn90886:1,default_016,58848.0,59034.0,186.0,,2328.083,0.0,0.0,186.0,27.446,,,0.0,1.0,,True,completed
carIn93425:1,default_016,58922.0,59034.0,112.0,,1367.341,0.0,0.0,112.0,15.37,,,0.0,1.0,,True,completed
carIn93971:1,default_017,58737.0,59034.0,297.0,,2339.652,21.0,86.0,211.0,127.213,,,0.2896,0.7104,,True,completed
carIn53954:1,default_017,58755.0,59036.0,281.0,,2992.462,17.0,35.0,246.0,78.847,,,0.1246,0.8754,,True,completed
carIn109069:1,default_017,58758.0,59037.0,279.0,,2982.516,17.0,39.0,240.0,104.775,,,0.1398,0.8602,,True,completed
h7143c1:1,default_017,58840.0,59037.0,197.0,,2380.648,1.0,1.0,196.0,20.384,,,0.0051,0.9949,,True,completed
carIn67938:1,default_016,58916.0,59038.0,122.0,,1594.63,0.0,0.0,122.0,13.312,,,0.0,1.0,,True,completed
carIn19228:1,default_017,58837.0,59039.0,202.0,,2066.304,14.0,17.0,185.0,56.754,,,0.0842,0.9158,,True,completed
carIn61152:1,default_017,58839.0,59041.0,202.0,,2061.224,11.0,11.0,191.0,48.333,,,0.0545,0.9455,,True,completed
carIn108534:1,default_016,58915.0,59042.0,127.0,,699.612,59.0,62.0,65.0,68.661,,,0.4882,0.5118,,True,completed
carIn71104:1,default_016,58943.0,59043.0,100.0,,703.268,36.0,36.0,64.0,43.857,,,0.36,0.64,,True,completed
carIn26526:1,default_017,58847.0,59044.0,197.0,,2060.879,11.0,11.0,186.0,47.727,,,0.0558,0.9442,,True,completed
randUni2407:1,random_016,57821.0,59044.0,1223.0,,224.352,84.0,1195.0,28.0,1206.205,,,0.9771,0.0229,,True,completed
carIn94366:1,default_016,59013.0,59046.0,33.0,,394.029,0.0,0.0,33.0,2.588,,,0.0,1.0,,True,completed
randUni10279:1,random_017,58825.0,59046.0,221.0,,2602.253,2.0,2.0,219.0,32.934,,,0.009,0.991,,True,completed
carIn109052:1,default_016,58795.0,59048.0,253.0,,2092.464,0.0,2.0,251.0,28.936,,,0.0079,0.9921,,True,completed
carIn63797:1,default_016,58850.0,59049.0,199.0,,2334.952,9.0,11.0,188.0,51.185,,,0.0553,0.9447,,True,completed
carIn75323:1,default_017,58849.0,59050.0,201.0,,2066.524,9.0,9.0,192.0,53.346,,,0.0448,0.9552,,True,completed
carIn79149:1,default_016,58773.0,59050.0,277.0,,3170.353,0.0,0.0,277.0,71.484,,,0.0,1.0,,True,completed
carIn23719:1,default_017,58830.0,59051.0,221.0,,2245.996,25.0,32.0,189.0,82.333,,,0.1448,0.8552,,True,completed
h11184c2:3,default_017,58809.0,59051.0,242.0,,2889.773,0.0,8.0,234.0,34.886,,,0.0331,0.9669,,True,completed
randUni12842:1,random_017,58840.0,59051.0,211.0,,1840.685,0.0,2.0,209.0,23.81,,,0.0095,0.9905,,True,completed
h18936c1:1,default_017,58796.0,59053.0,257.0,,2452.365,14.0,18.0,239.0,60.598,,,0.07,0.93,,True,completed
h9354c1:1,default_016,58946.0,59053.0,107.0,,704.292,29.0,29.0,78.0,39.89,,,0.271,0.729,,True,completed
carIn6481:1,default_016,58900.0,59054.0,154.0,,1753.092,0.0,0.0,154.0,13.125,,,0.0,1.0,,True,completed
carIn85306:1,default_017,58840.0,59054.0,214.0,,2470.267,0.0,5.0,209.0,41.271,,,0.0234,0.9766,,True,completed
carIn89230:1,default_016,58813.0,59054.0,241.0,,2254.967,25.0,47.0,194.0,76.416,,,0.195,0.805,,True,completed
carIn65962:1,default_016,58914.0,59055.0,141.0,,1585.084,2.0,2.0,139.0,20.02,,,0.0142,0.9858,,True,completed
carIn127172:1,default_017,58846.0,59056.0,210.0,,2474.393,0.0,1.0,209.0,41.478,,,0.0048,0.9952,,True,completed
carIn4179:1,default_016,58912.0,59056.0,144.0,,1754.431,0.0,0.0,144.0,27.557,,,0.0,1.0,,True,completed
carIn69514:1,default_017,58853.0,59056.0,203.0,,2620.414,0.0,0.0,203.0,17.398,,,0.0,1.0,,True,completed
carIn65783:1,default_016,58926.0,59057.0,131.0,,1589.022,2.0,2.0,129.0,26.749,,,0.0153,0.9847,,True,completed
carIn88905:1,default_016,57684.0,59058.0,1374.0,,2063.527,50.0,1192.0,182.0,1227.817,,,0.8675,0.1325,,True,completed
carIn97198:1,default_016,58944.0,59059.0,115.0,,1390.084,0.0,0.0,115.0,6.64,,,0.0,1.0,,True,completed
carIn119568:1,default_017,58896.0,59063.0,167.0,,2331.021,0.0,0.0,167.0,12.691,,,0.0,1.0,,True,completed
carIn110565:1,default_016,58910.0,59064.0,154.0,,2095.132,0.0,0.0,154.0,11.713,,,0.0,1.0,,True,completed
randUni5006:1,random_017,58848.0,59069.0,221.0,,1445.156,0.0,10.0,211.0,35.174,,,0.0452,0.9548,,True,completed
h8769c1:5,default_017,58912.0,59073.0,161.0,,1790.797,0.0,4.0,157.0,28.032,,,0.0248,0.9752,,True,completed
randUni29364:1,random_017,58944.0,59074.0,130.0,,1464.149,0.0,0.0,130.0,28.231,,,0.0,1.0,,True,completed
carIn78548:1,default_017,58963.0,59075.0,112.0,,1181.925,3.0,3.0,109.0,22.093,,,0.0268,0.9732,,True,completed
carIn35302:1,default_017,58908.0,59076.0,168.0,,2092.865,0.0,0.0,168.0,10.99,,,0.0,1.0,,True,completed
h2823c1:1,default_017,58776.0,59077.0,301.0,,1602.343,64.0,168.0,133.0,195.852,,,0.5581,0.4419,,True,completed
carIn122766:1,default_016,58906.0,59078.0,172.0,,2323.071,0.0,0.0,172.0,13.876,,,0.0,1.0,,True,completed
h7061c1:1,default_017,58939.0,59078.0,139.0,,1138.645,1.0,1.0,138.0,18.998,,,0.0072,0.9928,,True,completed
h20718c1:1,default_017,58890.0,59080.0,190.0,,2559.896,0.0,0.0,190.0,10.265,,,0.0,1.0,,True,completed
carIn88637:1,default_017,58822.0,59081.0,259.0,,2391.796,31.0,46.0,213.0,84.542,,,0.1776,0.8224,,True,completed
h16599c1:3,default_016,59005.0,59081.0,76.0,,698.701,0.0,0.0,76.0,6.019,,,0.0,1.0,,True,completed
carIn52353:1,default_016,58683.0,59082.0,399.0,,2394.914,29.0,179.0,220.0,204.316,,,0.4486,0.5514,,True,completed
carIn97972:1,default_017,58848.0,59082.0,234.0,,2473.993,5.0,5.0,229.0,35.24,,,0.0214,0.9786,,True,completed
carIn69233:1,default_017,58833.0,59083.0,250.0,,2249.372,25.0,29.0,221.0,67.675,,,0.116,0.884,,True,completed
carIn95659:1,default_016,58924.0,59083.0,159.0,,1900.108,1.0,1.0,158.0,19.981,,,0.0063,0.9937,,True,completed
carIn3986:1,default_017,58867.0,59084.0,217.0,,2253.38,23.0,24.0,193.0,82.413,,,0.1106,0.8894,,True,completed
carIn23312:1,default_017,58887.0,59085.0,198.0,,2475.715,7.0,7.0,191.0,35.954,,,0.0354,0.9646,,True,completed
carIn124171:1,default_016,58930.0,59086.0,156.0,,1595.823,14.0,14.0,142.0,33.785,,,0.0897,0.9103,,True,completed
carIn39376:1,default_016,58507.0,59086.0,579.0,,2982.804,46.0,333.0,246.0,374.602,,,0.5751,0.4249,,True,completed
h6173c2:1,default_017,59062.0,59086.0,24.0,,298.886,0.0,0.0,24.0,2.55,,,0.0,1.0,,True,completed
carIn30011:1,default_017,58865.0,59087.0,222.0,,2060.419,0.0,9.0,213.0,55.787,,,0.0405,0.9595,,True,completed
carIn41453:1,default_017,58838.0,59087.0,249.0,,2256.081,26.0,38.0,211.0,95.129,,,0.1526,0.8474,,True,completed
carIn53759:1,default_017,58786.0,59087.0,301.0,,2989.166,0.0,18.0,283.0,77.886,,,0.0598,0.9402,,True,completed
randUni8979:1,random_016,58916.0,59087.0,171.0,,2027.0,4.0,4.0,167.0,23.308,,,0.0234,0.9766,,True,completed
carIn63810:1,default_017,58776.0,59088.0,312.0,,2984.78,0.0,18.0,294.0,55.88,,,0.0577,0.9423,,True,completed
h6414c1:3,default_016,58934.0,59088.0,154.0,,1584.091,20.0,20.0,134.0,51.766,,,0.1299,0.8701,,True,completed
carIn27505:1,default_017,58864.0,59089.0,225.0,,1806.841,2.0,11.0,214.0,43.481,,,0.0489,0.9511,,True,completed
carIn67270:1,default_016,58840.0,59089.0,249.0,,2254.744,22.0,30.0,219.0,74.404,,,0.1205,0.8795,,True,completed
carIn116362:1,default_017,58808.0,59090.0,282.0,,2988.131,0.0,6.0,276.0,63.241,,,0.0213,0.9787,,True,completed
carIn80785:1,default_016,59013.0,59090.0,77.0,,877.643,0.0,0.0,77.0,4.94,,,0.0,1.0,,True,completed
h10378c1:3,default_017,59013.0,59090.0,77.0,,911.194,0.0,0.0,77.0,4.258,,,0.0,1.0,,True,completed
carIn92455:1,default_017,58815.0,59091.0,276.0,,2868.428,0.0,19.0,257.0,83.354,,,0.0688,0.9312,,True,completed
carIn11486:1,default_017,58812.0,59092.0,280.0,,2991.943,0.0,3.0,277.0,91.502,,,0.0107,0.9893,,True,completed
carIn97978:1,default_016,58940.0,59092.0,152.0,,1593.615,7.0,7.0,145.0,38.291,,,0.0461,0.9539,,True,completed
carIn78787:1,default_016,58932.0,59094.0,162.0,,2092.142,0.0,0.0,162.0,23.244,,,0.0,1.0,,True,completed
carIn124539:1,default_017,58832.0,59095.0,263.0,,2855.427,0.0,2.0,261.0,85.964,,,0.0076,0.9924,,True,completed
carIn50495:1,default_017,58852.0,59095.0,243.0,,2090.179,43.0,51.0,192.0,73.199,,,0.2099,0.7901,,True,completed
carIn69046:1,default_016,57888.0,59095.0,1207.0,,1398.299,0.0,1070.0,137.0,1101.573,,,0.8865,0.1135,,True,completed
h20967c1:5,default_017,58821.0,59096.0,275.0,,2987.486,0.0,17.0,258.0,87.878,,,0.0618,0.9382,,True,completed
h5068c2:1,default_017,58835.0,59097.0,262.0,,3012.741,0.0,13.0,249.0,81.807,,,0.0496,0.9504,,True,completed
carIn113771:1,default_016,58922.0,59099.0,177.0,,2094.467,0.0,0.0,177.0,14.017,,,0.0,1.0,,True,completed
carIn37094:1,default_016,58928.0,59099.0,171.0,,2091.86,0.0,0.0,171.0,19.893,,,0.0,1.0,,True,completed
carIn122367:1,default_017,58859.0,59100.0,241.0,,2105.572,29.0,39.0,202.0,71.168,,,0.1618,0.8382,,True,completed
carIn124507:1,default_017,58911.0,59100.0,189.0,,1683.546,46.0,47.0,142.0,75.749,,,0.2487,0.7513,,True,completed
carIn108382:1,default_017,58991.0,59102.0,111.0,,1086.394,14.0,14.0,97.0,37.331,,,0.1261,0.8739,,True,completed
carIn60755:1,default_017,58860.0,59102.0,242.0,,2109.568,26.0,33.0,209.0,89.271,,,0.1364,0.8636,,True,completed
carIn83817:1,default_016,58878.0,59103.0,225.0,,2256.929,0.0,22.0,203.0,58.128,,,0.0978,0.9022,,True,completed
carIn88431:1,default_017,58875.0,59103.0,228.0,,2252.468,12.0,31.0,197.0,66.671,,,0.136,0.864,,True,completed
carIn14644:1,default_017,58888.0,59107.0,219.0,,2253.955,7.0,22.0,197.0,57.874,,,0.1005,0.8995,,True,completed
h7973c1:5,default_017,59040.0,59107.0,67.0,,806.349,0.0,0.0,67.0,5.549,,,0.0,1.0,,True,completed
carIn14809:1,default_017,58829.0,59108.0,279.0,,2982.259,0.0,2.0,277.0,41.541,,,0.0072,0.9928,,True,completed
carIn58895:1,default_017,58862.0,59108.0,246.0,,2105.666,22.0,26.0,220.0,65.638,,,0.1057,0.8943,,True,completed
h6715c1:3,default_017,59021.0,59108.0,87.0,,817.487,8.0,8.0,79.0,27.46,,,0.092,0.908,,True,completed
h7305c1:3,default_016,57699.0,59108.0,1409.0,,2699.261,0.0,1178.0,231.0,1232.616,,,0.8361,0.1639,,True,completed
carIn103051:1,default_016,58870.0,59110.0,240.0,,2076.592,26.0,35.0,205.0,95.999,,,0.1458,0.8542,,True,completed
carIn123526:1,default_017,58858.0,59110.0,252.0,,2746.615,0.0,9.0,243.0,51.813,,,0.0357,0.9643,,True,completed
carIn107778:1,default_017,58900.0,59112.0,212.0,,2247.991,12.0,18.0,194.0,70.716,,,0.0849,0.9151,,True,completed
carIn120777:1,default_016,58924.0,59112.0,188.0,,2091.182,0.0,0.0,188.0,13.99,,,0.0,1.0,,True,completed
carIn105844:1,default_017,58872.0,59113.0,241.0,,2085.216,23.0,31.0,210.0,107.813,,,0.1286,0.8714,,True,completed
carIn131191:1,default_016,58820.0,59113.0,293.0,,2487.049,68.0,86.0,207.0,128.315,,,0.2935,0.7065,,True,completed
15R_frequency4.1,bus,58990.0,59114.0,124.0,,1173.592,9.0,14.0,110.0,37.823,,,0.1129,0.8871,,True,completed
carIn101351:1,default_017,58905.0,59114.0,209.0,,2254.095,11.0,16.0,193.0,81.629,,,0.0766,0.9234,,True,completed
carIn92139:1,default_016,58855.0,59114.0,259.0,,2621.959,14.0,26.0,233.0,58.036,,,0.1004,0.8996,,True,completed
h5112c2:1,default_017,58905.0,59115.0,210.0,,2519.234,4.0,11.0,199.0,55.993,,,0.0524,0.9476,,True,completed
randUni21710:1,random_017,59102.0,59115.0,13.0,,90.627,0.0,1.0,12.0,6.095,,,0.0769,0.9231,,True,completed
carIn25797:1,default_017,58865.0,59116.0,251.0,,2984.14,3.0,7.0,244.0,46.93,,,0.0279,0.9721,,True,completed
carIn26499:1,default_017,58992.0,59116.0,124.0,,1178.722,9.0,12.0,112.0,48.525,,,0.0968,0.9032,,True,completed
carIn27442:1,default_016,59009.0,59116.0,107.0,,1149.312,0.0,0.0,107.0,7.097,,,0.0,1.0,,True,completed
randUni32554:1,random_017,58973.0,59116.0,143.0,,1523.986,25.0,29.0,114.0,58.666,,,0.2028,0.7972,,True,completed
carIn74590:1,default_017,58868.0,59117.0,249.0,,2874.485,0.0,12.0,237.0,64.284,,,0.0482,0.9518,,True,completed
carIn49325:1,default_017,58870.0,59119.0,249.0,,2878.434,0.0,9.0,240.0,82.901,,,0.0361,0.9639,,True,completed
h16557c2:1,default_016,58947.0,59125.0,178.0,,2090.493,2.0,2.0,176.0,46.343,,,0.0112,0.9888,,True,completed
h2397c1:1,default_017,58868.0,59125.0,257.0,,2686.754,0.0,0.0,257.0,21.182,,,0.0,1.0,,True,completed
h5748c2:1,default_017,59033.0,59125.0,92.0,,1054.072,0.0,0.0,92.0,10.515,,,0.0,1.0,,True,completed
h6550c1:3,default_017,59027.0,59130.0,103.0,,840.85,0.0,0.0,103.0,18.975,,,0.0,1.0,,True,completed
carIn33459:1,default_016,58938.0,59132.0,194.0,,2097.146,4.0,4.0,190.0,32.942,,,0.0206,0.9794,,True,completed
h15708c1:3,default_017,58883.0,59133.0,250.0,,2748.811,3.0,5.0,245.0,41.171,,,0.02,0.98,,True,completed
carIn34577:1,default_016,58898.0,59134.0,236.0,,1903.72,12.0,12.0,224.0,34.568,,,0.0508,0.9492,,True,completed
carIn131671:1,default_017,58940.0,59135.0,195.0,,2250.286,15.0,19.0,176.0,48.512,,,0.0974,0.9026,,True,completed
carIn104410:1,default_016,58942.0,59136.0,194.0,,2098.811,1.0,1.0,193.0,24.791,,,0.0052,0.9948,,True,completed
carIn104761:1,default_017,58872.0,59138.0,266.0,,2860.072,0.0,1.0,265.0,42.385,,,0.0038,0.9962,,True,completed
carIn50487:1,default_016,58982.0,59138.0,156.0,,1898.335,0.0,0.0,156.0,14.821,,,0.0,1.0,,True,completed
carIn105630:1,default_017,58799.0,59140.0,341.0,,3423.859,2.0,29.0,312.0,113.486,,,0.085,0.915,,True,completed
h18855c1:1,default_016,58733.0,59140.0,407.0,,3423.074,4.0,85.0,322.0,132.817,,,0.2088,0.7912,,True,completed
h19727c1:1,default_017,59002.0,59141.0,139.0,,1121.717,0.0,0.0,139.0,19.827,,,0.0,1.0,,True,completed
carIn21372:1,default_016,58945.0,59142.0,197.0,,2093.043,0.0,0.0,197.0,20.783,,,0.0,1.0,,True,completed
carIn53950:1,default_017,58949.0,59142.0,193.0,,1220.429,77.0,84.0,109.0,100.209,,,0.4352,0.5648,,True,completed
carIn62064:1,default_017,58885.0,59143.0,258.0,,2445.467,12.0,12.0,246.0,34.705,,,0.0465,0.9535,,True,completed
h8090c1:3,default_017,58995.0,59143.0,148.0,,1567.526,0.0,0.0,148.0,14.144,,,0.0,1.0,,True,completed
carIn98146:1,default_017,59031.0,59144.0,113.0,,1534.715,1.0,1.0,112.0,31.938,,,0.0088,0.9912,,True,completed
carIn103187:1,default_017,58946.0,59145.0,199.0,,2210.972,0.0,8.0,191.0,38.672,,,0.0402,0.9598,,True,completed
h3891c2:1,default_017,59124.0,59146.0,22.0,,219.803,0.0,0.0,22.0,1.095,,,0.0,1.0,,True,completed
h12223c1:1,default_017,58990.0,59147.0,157.0,,2088.984,0.0,0.0,157.0,17.003,,,0.0,1.0,,True,completed
carIn52531:1,default_016,59042.0,59148.0,106.0,,1380.023,0.0,0.0,106.0,5.855,,,0.0,1.0,,True,completed
randUni3573:1,random_017,58964.0,59148.0,184.0,,1616.75,17.0,20.0,164.0,40.294,,,0.1087,0.8913,,True,completed
carIn87107:1,default_016,58920.0,59149.0,229.0,,2334.528,47.0,50.0,179.0,78.92,,,0.2183,0.7817,,True,completed
carIn1332:1,default_016,58918.0,59152.0,234.0,,2327.447,33.0,33.0,201.0,57.47,,,0.141,0.859,,True,completed
h7362c1:3,default_016,58975.0,59152.0,177.0,,1904.518,5.0,13.0,164.0,32.81,,,0.0734,0.9266,,True,completed
carIn46554:1,default_016,58894.0,59153.0,259.0,,2239.155,1.0,49.0,210.0,100.395,,,0.1892,0.8108,,True,completed
carIn125612:1,default_016,58936.0,59154.0,218.0,,2333.338,19.0,23.0,195.0,59.417,,,0.1055,0.8945,,True,completed
carIn129648:1,default_016,59009.0,59154.0,145.0,,1909.674,10.0,10.0,135.0,35.631,,,0.069,0.931,,True,completed
carIn116174:1,default_016,59001.0,59155.0,154.0,,2096.766,0.0,0.0,154.0,21.518,,,0.0,1.0,,True,completed
h3506c1:1,default_017,58989.0,59155.0,166.0,,1543.076,16.0,16.0,150.0,39.124,,,0.0964,0.9036,,True,completed
carIn49801:1,default_016,58897.0,59156.0,259.0,,2249.492,1.0,49.0,210.0,97.986,,,0.1892,0.8108,,True,completed
carIn126567:1,default_016,59010.0,59157.0,147.0,,1595.863,13.0,13.0,134.0,34.71,,,0.0884,0.9116,,True,completed
carIn51690:1,default_016,58899.0,59157.0,258.0,,2239.764,0.0,43.0,215.0,106.329,,,0.1667,0.8333,,True,completed
h1823c2:1,default_017,58844.0,59157.0,313.0,,2201.315,38.0,118.0,195.0,156.158,,,0.377,0.623,,True,completed
h4844c2:3,default_017,59009.0,59157.0,148.0,,1220.913,0.0,15.0,133.0,35.187,,,0.1014,0.8986,,True,completed
carIn87928:1,default_016,58974.0,59158.0,184.0,,2345.376,13.0,13.0,171.0,43.288,,,0.0707,0.9293,,True,completed
h2024c2:1,default_017,58912.0,59158.0,246.0,,1868.884,39.0,87.0,159.0,124.003,,,0.3537,0.6463,,True,completed
h22109c1:3,default_016,58930.0,59159.0,229.0,,2058.204,11.0,27.0,202.0,53.951,,,0.1179,0.8821,,True,completed
carIn131725:1,default_017,58943.0,59160.0,217.0,,2248.742,34.0,36.0,181.0,65.639,,,0.1659,0.8341,,True,completed
carIn68820:1,default_016,58943.0,59160.0,217.0,,2324.693,9.0,9.0,208.0,42.865,,,0.0415,0.9585,,True,completed
h17538c2:1,default_017,58999.0,59162.0,163.0,,2331.779,0.0,0.0,163.0,30.896,,,0.0,1.0,,True,completed
randUni27510:1,random_017,58932.0,59162.0,230.0,,2056.143,11.0,26.0,204.0,63.369,,,0.113,0.887,,True,completed
carIn21584:1,default_016,59079.0,59163.0,84.0,,695.269,21.0,22.0,62.0,31.603,,,0.2619,0.7381,,True,completed
carIn32060:1,default_016,59023.0,59163.0,140.0,,693.338,58.0,72.0,68.0,79.66,,,0.5143,0.4857,,True,completed
h5233c2:1,default_017,59115.0,59165.0,50.0,,569.245,0.0,0.0,50.0,11.212,,,0.0,1.0,,True,completed
randUni5144:1,random_017,58906.0,59165.0,259.0,,2078.14,25.0,70.0,189.0,119.643,,,0.2703,0.7297,,True,completed
carIn119611:1,default_017,58922.0,59167.0,245.0,,2078.264,22.0,50.0,195.0,84.525,,,0.2041,0.7959,,True,completed
h6397c1:3,default_017,59098.0,59167.0,69.0,,717.915,0.0,0.0,69.0,5.168,,,0.0,1.0,,True,completed
carIn52284:1,default_017,58875.0,59170.0,295.0,,2884.875,17.0,38.0,257.0,112.105,,,0.1288,0.8712,,True,completed
h3456c2:1,default_016,59025.0,59170.0,145.0,,705.833,52.0,71.0,74.0,79.066,,,0.4897,0.5103,,True,completed
carIn115873:1,default_017,58961.0,59172.0,211.0,,954.511,10.0,76.0,135.0,101.175,,,0.3602,0.6398,,True,completed
h11945c1:3,default_017,59082.0,59172.0,90.0,,1181.75,1.0,1.0,89.0,10.771,,,0.0111,0.9889,,True,completed
carIn124269:1,default_016,58987.0,59173.0,186.0,,2095.197,0.0,0.0,186.0,12.825,,,0.0,1.0,,True,completed
carIn132069:1,default_017,58974.0,59173.0,199.0,,2075.021,13.0,18.0,181.0,46.503,,,0.0905,0.9095,,True,completed
carIn4978:1,default_017,58801.0,59175.0,374.0,,3422.476,15.0,45.0,329.0,116.287,,,0.1203,0.8797,,True,completed
randUni12008:1,random_017,58976.0,59175.0,199.0,,2078.759,12.0,16.0,183.0,60.808,,,0.0804,0.9196,,True,completed
h12129c1:1,default_016,59018.0,59176.0,158.0,,2089.471,0.0,0.0,158.0,17.649,,,0.0,1.0,,True,completed
h13750c1:1,default_016,58984.0,59177.0,193.0,,2347.385,3.0,3.0,190.0,25.972,,,0.0155,0.9845,,True,completed
carIn2773:1,default_017,58993.0,59178.0,185.0,,2321.888,0.0,0.0,185.0,20.566,,,0.0,1.0,,True,completed
70.43,bus,58903.0,59179.0,276.0,,2462.903,24.0,40.0,236.0,97.995,,,0.1449,0.8551,,True,completed
carIn119589:1,default_017,58979.0,59179.0,200.0,,2083.331,11.0,13.0,187.0,46.978,,,0.065,0.935,,True,completed
carIn46086:1,default_017,59120.0,59180.0,60.0,,427.578,0.0,0.0,60.0,6.394,,,0.0,1.0,,True,completed
carIn67403:1,default_016,59005.0,59180.0,175.0,,2328.87,0.0,3.0,172.0,31.307,,,0.0171,0.9829,,True,completed
h2841c1:3,default_017,58960.0,59181.0,221.0,,2081.065,4.0,11.0,210.0,41.303,,,0.0498,0.9502,,True,completed
randUni20190:1,random_017,59020.0,59181.0,161.0,,2094.928,0.0,0.0,161.0,21.732,,,0.0,1.0,,True,completed
carIn112638:1,default_017,59076.0,59182.0,106.0,,1183.815,5.0,5.0,101.0,14.32,,,0.0472,0.9528,,True,completed
carIn120389:1,default_016,59005.0,59182.0,177.0,,2331.479,0.0,3.0,174.0,29.71,,,0.0169,0.9831,,True,completed
carIn54361:1,default_017,58735.0,59182.0,447.0,,3771.228,0.0,91.0,356.0,146.744,,,0.2036,0.7964,,True,completed
carIn85698:1,default_016,59016.0,59182.0,166.0,,2089.217,0.0,0.0,166.0,15.96,,,0.0,1.0,,True,completed
carIn32540:1,default_016,58388.0,59183.0,795.0,,2136.699,38.0,585.0,210.0,613.352,,,0.7358,0.2642,,True,completed
carIn37774:1,default_016,59007.0,59185.0,178.0,,1872.022,0.0,14.0,164.0,32.409,,,0.0787,0.9213,,True,completed
h8674c1:3,default_017,58983.0,59191.0,208.0,,2188.473,16.0,26.0,182.0,58.685,,,0.125,0.875,,True,completed
h7412c1:3,default_017,59093.0,59193.0,100.0,,900.351,0.0,0.0,100.0,8.534,,,0.0,1.0,,True,completed
carIn29290:1,default_017,59025.0,59196.0,171.0,,2099.878,0.0,6.0,165.0,29.564,,,0.0351,0.9649,,True,completed
h18402c2:1,default_017,58981.0,59197.0,216.0,,2062.815,0.0,0.0,216.0,18.409,,,0.0,1.0,,True,completed
h2454c1:1,default_017,59090.0,59198.0,108.0,,1207.088,0.0,0.0,108.0,8.446,,,0.0,1.0,,True,completed
carIn21540:1,default_016,59012.0,59199.0,187.0,,2328.342,9.0,10.0,177.0,34.569,,,0.0535,0.9465,,True,completed
carIn49309:1,default_016,58407.0,59199.0,792.0,,2141.498,25.0,581.0,211.0,637.036,,,0.7336,0.2664,,True,completed
carIn98977:1,default_017,59024.0,59199.0,175.0,,2092.095,0.0,11.0,164.0,31.32,,,0.0629,0.9371,,True,completed
h15589c1:1,default_016,59011.0,59199.0,188.0,,1771.447,2.0,2.0,186.0,24.231,,,0.0106,0.9894,,True,completed
h13192c1:3,default_016,58999.0,59201.0,202.0,,2324.928,4.0,9.0,193.0,40.527,,,0.0446,0.9554,,True,completed
h21299c1:3,default_017,58988.0,59201.0,213.0,,2110.179,12.0,20.0,193.0,50.464,,,0.0939,0.9061,,True,completed
carIn22500:1,default_016,58449.0,59202.0,753.0,,2135.546,23.0,520.0,233.0,579.17,,,0.6906,0.3094,,True,completed
carIn111313:1,default_016,59022.0,59203.0,181.0,,2331.981,0.0,0.0,181.0,25.314,,,0.0,1.0,,True,completed
carIn24343:1,default_017,58920.0,59203.0,283.0,,2181.73,7.0,77.0,206.0,115.192,,,0.2721,0.7279,,True,completed
carIn107285:1,default_016,58978.0,59204.0,226.0,,3073.773,0.0,7.0,219.0,44.811,,,0.031,0.969,,True,completed
carIn39:1,default_017,59023.0,59205.0,182.0,,2074.254,11.0,11.0,171.0,31.374,,,0.0604,0.9396,,True,completed
h6734c1:1,default_017,59030.0,59206.0,176.0,,1725.94,1.0,1.0,175.0,20.398,,,0.0057,0.9943,,True,completed
carIn111917:1,default_016,59124.0,59207.0,83.0,,848.32,0.0,0.0,83.0,5.754,,,0.0,1.0,,True,completed
h8164c1:3,default_017,59090.0,59207.0,117.0,,1522.738,0.0,0.0,117.0,12.139,,,0.0,1.0,,True,completed
h19594c1:1,default_017,59035.0,59208.0,173.0,,2078.355,0.0,0.0,173.0,21.837,,,0.0,1.0,,True,completed
carIn131154:1,default_017,59091.0,59209.0,118.0,,1535.471,0.0,0.0,118.0,30.716,,,0.0,1.0,,True,completed
carIn93529:1,default_016,58980.0,59209.0,229.0,,2840.363,0.0,6.0,223.0,38.182,,,0.0262,0.9738,,True,completed
carIn95007:1,default_016,59033.0,59210.0,177.0,,2096.681,0.0,0.0,177.0,21.687,,,0.0,1.0,,True,completed
carIn2162:1,default_016,57849.0,59211.0,1362.0,,2838.0,25.0,1103.0,259.0,1142.32,,,0.8098,0.1902,,True,completed
h9142c1:3,default_017,58990.0,59211.0,221.0,,2845.846,0.0,4.0,217.0,40.22,,,0.0181,0.9819,,True,completed
h10516c2:3,default_017,58979.0,59212.0,233.0,,2186.106,0.0,8.0,225.0,42.739,,,0.0343,0.9657,,True,completed
carIn91137:1,default_016,59007.0,59213.0,206.0,,2243.035,9.0,9.0,197.0,37.77,,,0.0437,0.9563,,True,completed
h4607c1:3,default_016,58986.0,59213.0,227.0,,2974.067,0.0,2.0,225.0,39.287,,,0.0088,0.9912,,True,completed
randUni25974:1,random_017,59031.0,59213.0,182.0,,2091.827,0.0,0.0,182.0,21.888,,,0.0,1.0,,True,completed
carIn9903:1,default_016,57806.0,59214.0,1408.0,,2935.207,0.0,1104.0,304.0,1142.488,,,0.7841,0.2159,,True,completed
h1445c1:5,default_017,59119.0,59214.0,95.0,,990.56,0.0,0.0,95.0,10.099,,,0.0,1.0,,True,completed
carIn117262:1,default_016,59014.0,59215.0,201.0,,2232.738,7.0,7.0,194.0,35.083,,,0.0348,0.9652,,True,completed
carIn18926:1,default_017,58994.0,59215.0,221.0,,2183.564,0.0,2.0,219.0,32.383,,,0.009,0.991,,True,completed
carIn94184:1,default_017,58916.0,59217.0,301.0,,2684.748,0.0,36.0,265.0,91.012,,,0.1196,0.8804,,True,completed
carIn94426:1,default_016,59029.0,59217.0,188.0,,2238.562,1.0,1.0,187.0,39.613,,,0.0053,0.9947,,True,completed
carIn47562:1,default_016,59074.0,59219.0,145.0,,1898.104,2.0,2.0,143.0,20.008,,,0.0138,0.9862,,True,completed
h22177c1:3,default_017,58987.0,59221.0,234.0,,2102.135,0.0,14.0,220.0,44.316,,,0.0598,0.9402,,True,completed
carIn112295:1,default_017,59038.0,59223.0,185.0,,2061.384,0.0,0.0,185.0,14.906,,,0.0,1.0,,True,completed
h6677c1:1,default_017,58954.0,59223.0,269.0,,2321.178,0.0,38.0,231.0,88.395,,,0.1413,0.8587,,True,completed
carIn60202:1,default_017,59096.0,59226.0,130.0,,1247.708,0.0,1.0,129.0,16.78,,,0.0077,0.9923,,True,completed
carIn111222:1,default_017,58918.0,59227.0,309.0,,2646.507,0.0,33.0,276.0,71.826,,,0.1068,0.8932,,True,completed
h12911c2:3,default_017,59074.0,59227.0,153.0,,1550.216,4.0,7.0,146.0,28.234,,,0.0458,0.9542,,True,completed
carIn63222:1,default_016,58988.0,59229.0,241.0,,3082.358,0.0,2.0,239.0,28.176,,,0.0083,0.9917,,True,completed
carIn128783:1,default_017,59045.0,59235.0,190.0,,2080.274,5.0,5.0,185.0,47.559,,,0.0263,0.9737,,True,completed
h3536c1:1,default_016,57768.0,59239.0,1471.0,,923.566,73.0,1333.0,138.0,1367.29,,,0.9062,0.0938,,True,completed
carIn40634:1,default_017,59027.0,59241.0,214.0,,2187.093,0.0,12.0,202.0,40.09,,,0.0561,0.9439,,True,completed
h7422c1:3,default_017,58931.0,59241.0,310.0,,2095.245,4.0,82.0,228.0,128.083,,,0.2645,0.7355,,True,completed
h18522c1:1,default_016,57787.0,59242.0,1455.0,,1570.427,62.0,1300.0,155.0,1341.713,,,0.8935,0.1065,,True,completed
h22119c1:3,default_017,59006.0,59245.0,239.0,,2106.056,18.0,25.0,214.0,55.657,,,0.1046,0.8954,,True,completed
carIn63322:1,default_017,59079.0,59246.0,167.0,,1582.464,0.0,6.0,161.0,24.191,,,0.0359,0.9641,,True,completed
h5563c1:1,default_017,59033.0,59247.0,214.0,,1828.897,16.0,16.0,198.0,51.714,,,0.0748,0.9252,,True,completed
h452c1:3,default_017,59209.0,59249.0,40.0,,388.316,6.0,6.0,34.0,14.524,,,0.15,0.85,,True,completed
carIn99824:1,default_017,59080.0,59253.0,173.0,,2101.314,0.0,0.0,173.0,16.646,,,0.0,1.0,,True,completed
h1875c2:5,default_017,58981.0,59253.0,272.0,,2969.748,0.0,12.0,260.0,41.219,,,0.0441,0.9559,,True,completed
h4887c1:1,default_016,58025.0,59253.0,1228.0,,1304.848,59.0,1082.0,146.0,1130.424,,,0.8811,0.1189,,True,completed
carIn89463:1,default_017,59126.0,59255.0,129.0,,1530.419,8.0,8.0,121.0,40.126,,,0.062,0.938,,True,completed
h11063c1:1,default_017,59108.0,59255.0,147.0,,2090.312,0.0,0.0,147.0,6.876,,,0.0,1.0,,True,completed
carIn97994:1,default_016,59013.0,59257.0,244.0,,2954.367,0.0,0.0,244.0,15.002,,,0.0,1.0,,True,completed
h16956c2:3,default_017,59057.0,59262.0,205.0,,2177.195,0.0,2.0,203.0,21.899,,,0.0098,0.9902,,True,completed
carIn88627:1,default_017,59076.0,59264.0,188.0,,2101.657,0.0,0.0,188.0,16.119,,,0.0,1.0,,True,completed
h22876c1:3,default_017,59092.0,59266.0,174.0,,2105.661,0.0,4.0,170.0,33.932,,,0.023,0.977,,True,completed
carIn40134:1,default_017,59089.0,59269.0,180.0,,2234.721,9.0,9.0,171.0,40.736,,,0.05,0.95,,True,completed
h11179c1:3,default_017,59093.0,59272.0,179.0,,2232.962,0.0,0.0,179.0,22.765,,,0.0,1.0,,True,completed
h12282c2:1,default_016,59106.0,59274.0,168.0,,1748.932,7.0,7.0,161.0,21.358,,,0.0417,0.9583,,True,completed
carIn106103:1,default_017,59140.0,59275.0,135.0,,1530.513,0.0,0.0,135.0,26.87,,,0.0,1.0,,True,completed
randUni9199:1,random_017,59263.0,59276.0,13.0,,132.997,0.0,0.0,13.0,2.044,,,0.0,1.0,,True,completed
h5288c1:1,default_017,59148.0,59277.0,129.0,,1013.649,11.0,11.0,118.0,29.359,,,0.0853,0.9147,,True,completed
carIn68294:1,default_017,59034.0,59279.0,245.0,,2092.172,0.0,62.0,183.0,76.305,,,0.2531,0.7469,,True,completed
randUni31435:1,random_017,59267.0,59279.0,12.0,,132.863,0.0,0.0,12.0,1.207,,,0.0,1.0,,True,completed
h284c2:1,default_017,59082.0,59280.0,198.0,,1739.096,2.0,16.0,182.0,42.714,,,0.0808,0.9192,,True,completed
carIn20918:1,default_016,59206.0,59284.0,78.0,,877.252,0.0,0.0,78.0,5.38,,,0.0,1.0,,True,completed
carIn89788:1,default_017,59018.0,59287.0,269.0,,2649.439,0.0,0.0,269.0,28.627,,,0.0,1.0,,True,completed
h1364c1:1,default_017,59210.0,59288.0,78.0,,869.612,0.0,0.0,78.0,6.727,,,0.0,1.0,,True,completed
h19757c1:3,default_017,59159.0,59288.0,129.0,,1279.907,8.0,8.0,121.0,28.908,,,0.062,0.938,,True,completed
carIn14034:1,default_017,59103.0,59291.0,188.0,,2246.001,8.0,13.0,175.0,46.451,,,0.0691,0.9309,,True,completed
carIn65489:1,default_016,59205.0,59292.0,87.0,,703.133,0.0,0.0,87.0,7.875,,,0.0,1.0,,True,completed
carIn95983:1,default_017,59105.0,59296.0,191.0,,2246.257,0.0,0.0,191.0,23.693,,,0.0,1.0,,True,completed
carIn31887:1,default_016,59208.0,59297.0,89.0,,870.829,0.0,0.0,89.0,6.628,,,0.0,1.0,,True,completed
carIn89075:1,default_016,59066.0,59299.0,233.0,,2827.071,0.0,12.0,221.0,35.471,,,0.0515,0.9485,,True,completed
carIn24634:1,default_017,59245.0,59300.0,55.0,,940.127,0.0,0.0,55.0,12.599,,,0.0,1.0,,True,completed
carIn123172:1,default_017,59168.0,59305.0,137.0,,1584.898,10.0,10.0,127.0,25.151,,,0.073,0.927,,True,completed
h16575c1:3,default_017,59038.0,59305.0,267.0,,2548.425,2.0,13.0,254.0,55.962,,,0.0487,0.9513,,True,completed
h10345c1:3,default_017,59224.0,59308.0,84.0,,1172.316,0.0,0.0,84.0,5.698,,,0.0,1.0,,True,completed
carIn29420:1,default_016,59220.0,59309.0,89.0,,698.875,12.0,12.0,77.0,20.829,,,0.1348,0.8652,,True,completed
h4425c1:1,default_017,59284.0,59314.0,30.0,,388.893,0.0,0.0,30.0,3.683,,,0.0,1.0,,True,completed
h3856c1:3,default_017,59265.0,59316.0,51.0,,444.494,0.0,0.0,51.0,5.002,,,0.0,1.0,,True,completed
carIn12406:1,default_017,59094.0,59320.0,226.0,,2106.608,0.0,38.0,188.0,57.257,,,0.1681,0.8319,,True,completed
h5071c1:1,default_017,59205.0,59324.0,119.0,,1567.097,0.0,0.0,119.0,11.716,,,0.0,1.0,,True,completed
carIn100290:1,default_016,59078.0,59325.0,247.0,,2828.273,0.0,21.0,226.0,42.009,,,0.085,0.915,,True,completed
h10908c2:1,default_017,59171.0,59327.0,156.0,,2085.104,0.0,0.0,156.0,9.961,,,0.0,1.0,,True,completed
carIn19763:1,default_017,59191.0,59328.0,137.0,,1166.779,16.0,16.0,121.0,72.626,,,0.1168,0.8832,,True,completed
h19581c1:1,default_017,59027.0,59328.0,301.0,,1595.571,0.0,41.0,260.0,76.414,,,0.1362,0.8638,,True,completed
carIn75337:1,default_017,59055.0,59331.0,276.0,,2678.929,0.0,1.0,275.0,35.142,,,0.0036,0.9964,,True,completed
carIn54443:1,default_016,59249.0,59334.0,85.0,,849.076,0.0,0.0,85.0,5.568,,,0.0,1.0,,True,completed
carIn120898:1,default_016,59251.0,59339.0,88.0,,844.487,0.0,0.0,88.0,6.239,,,0.0,1.0,,True,completed
carIn105533:1,default_017,59214.0,59344.0,130.0,,1412.426,0.0,0.0,130.0,9.303,,,0.0,1.0,,True,completed
carIn117782:1,default_017,59189.0,59344.0,155.0,,2087.85,0.0,0.0,155.0,11.954,,,0.0,1.0,,True,completed
carIn10572:1,default_017,59179.0,59348.0,169.0,,2097.003,0.0,0.0,169.0,8.224,,,0.0,1.0,,True,completed
h5637c2:1,default_017,59162.0,59348.0,186.0,,1707.34,44.0,55.0,131.0,82.462,,,0.2957,0.7043,,True,completed
h16590c1:3,default_017,59228.0,59349.0,121.0,,1182.959,4.0,4.0,117.0,18.271,,,0.0331,0.9669,,True,completed
carIn56065:1,default_017,59044.0,59354.0,310.0,,2653.755,0.0,10.0,300.0,45.199,,,0.0323,0.9677,,True,completed
carIn14336:1,default_017,59263.0,59359.0,96.0,,1075.04,0.0,1.0,95.0,20.695,,,0.0104,0.9896,,True,completed
carIn104522:1,default_017,59272.0,59362.0,90.0,,693.17,27.0,27.0,63.0,35.311,,,0.3,0.7,,True,completed
carIn51949:1,default_017,59267.0,59365.0,98.0,,705.108,27.0,27.0,71.0,34.999,,,0.2755,0.7245,,True,completed
h6606c2:1,default_017,59272.0,59365.0,93.0,,737.815,10.0,10.0,83.0,33.478,,,0.1075,0.8925,,True,completed
carIn126817:1,default_016,58888.0,59366.0,478.0,,3037.359,45.0,207.0,271.0,244.745,,,0.4331,0.5669,,True,completed
carIn84951:1,default_016,59296.0,59366.0,70.0,,698.136,6.0,6.0,64.0,16.31,,,0.0857,0.9143,,True,completed
carIn39071:1,default_016,59285.0,59367.0,82.0,,700.702,13.0,13.0,69.0,23.288,,,0.1585,0.8415,,True,completed
carIn96182:1,default_016,58892.0,59368.0,476.0,,3043.172,44.0,203.0,273.0,283.725,,,0.4265,0.5735,,True,completed
randUni26910:1,random_016,59280.0,59370.0,90.0,,1102.212,0.0,0.0,90.0,8.311,,,0.0,1.0,,True,completed
randUni81:1,random_017,59101.0,59370.0,269.0,,1936.51,43.0,124.0,145.0,150.645,,,0.461,0.539,,True,completed
h2629c1:1,default_017,59184.0,59371.0,187.0,,1592.283,43.0,66.0,121.0,94.746,,,0.3529,0.6471,,True,completed
carIn52823:1,default_016,59100.0,59373.0,273.0,,2828.836,0.0,42.0,231.0,74.679,,,0.1538,0.8462,,True,completed
carIn31637:1,default_017,59196.0,59374.0,178.0,,1752.617,23.0,23.0,155.0,51.588,,,0.1292,0.8708,,True,completed
carIn102210:1,default_016,59090.0,59379.0,289.0,,2836.378,0.0,48.0,241.0,71.836,,,0.1661,0.8339,,True,completed
carIn36297:1,default_017,59184.0,59381.0,197.0,,2091.505,0.0,0.0,197.0,12.348,,,0.0,1.0,,True,completed
carIn52093:1,default_016,59182.0,59381.0,199.0,,1900.825,2.0,3.0,196.0,32.117,,,0.0151,0.9849,,True,completed
carIn125328:1,default_017,59192.0,59382.0,190.0,,2090.448,0.0,0.0,190.0,13.755,,,0.0,1.0,,True,completed
h7791c1:3,default_017,59218.0,59383.0,165.0,,2095.822,0.0,4.0,161.0,21.087,,,0.0242,0.9758,,True,completed
h12809c1:1,default_017,59287.0,59384.0,97.0,,1146.063,4.0,4.0,93.0,16.109,,,0.0412,0.9588,,True,completed
carIn122052:1,default_016,58509.0,59386.0,877.0,,2983.099,50.0,629.0,248.0,679.671,,,0.7172,0.2828,,True,completed
h3406c2:1,default_017,59260.0,59387.0,127.0,,1464.372,0.0,0.0,127.0,12.767,,,0.0,1.0,,True,completed
carIn115231:1,default_017,59187.0,59388.0,201.0,,2228.105,24.0,24.0,177.0,58.051,,,0.1194,0.8806,,True,completed
carIn125905:1,default_017,59194.0,59390.0,196.0,,2235.404,21.0,21.0,175.0,65.887,,,0.1071,0.8929,,True,completed
h14207c1:3,default_017,59176.0,59391.0,215.0,,2101.583,15.0,19.0,196.0,41.567,,,0.0884,0.9116,,True,completed
carIn13687:1,default_016,59321.0,59392.0,71.0,,844.06,0.0,0.0,71.0,4.774,,,0.0,1.0,,True,completed
h3155c2:1,default_017,58967.0,59392.0,425.0,,1173.953,43.0,320.0,105.0,332.18,,,0.7529,0.2471,,True,completed
carIn125337:1,default_017,59321.0,59393.0,72.0,,936.7,0.0,0.0,72.0,9.986,,,0.0,1.0,,True,completed
carIn73496:1,default_017,59131.0,59394.0,263.0,,2684.503,7.0,8.0,255.0,52.254,,,0.0304,0.9696,,True,completed
h17078c1:1,default_017,59200.0,59394.0,194.0,,2234.506,14.0,14.0,180.0,46.5,,,0.0722,0.9278,,True,completed
h2697c2:3,default_016,58652.0,59397.0,745.0,,1434.698,75.0,563.0,182.0,602.961,,,0.7557,0.2443,,True,completed
carIn128851:1,default_016,59155.0,59398.0,243.0,,2963.644,0.0,0.0,243.0,14.528,,,0.0,1.0,,True,completed
randUni9429:1,random_017,59267.0,59398.0,131.0,,955.271,0.0,0.0,131.0,14.533,,,0.0,1.0,,True,completed
carIn4904:1,default_017,59264.0,59400.0,136.0,,1700.605,0.0,0.0,136.0,28.631,,,0.0,1.0,,True,completed
carIn11387:1,default_017,59289.0,59401.0,112.0,,1145.865,6.0,8.0,104.0,27.198,,,0.0714,0.9286,,True,completed
carIn741:1,default_016,58118.0,59401.0,1283.0,,2008.132,79.0,1094.0,189.0,1131.121,,,0.8527,0.1473,,True,completed
carIn59596:1,default_017,59344.0,59406.0,62.0,,938.905,0.0,0.0,62.0,9.201,,,0.0,1.0,,True,completed
carIn90084:1,default_016,59284.0,59408.0,124.0,,1152.359,0.0,5.0,119.0,16.914,,,0.0403,0.9597,,True,completed
h18780c1:1,default_017,59346.0,59408.0,62.0,,942.145,0.0,0.0,62.0,10.295,,,0.0,1.0,,True,completed
h21285c1:3,default_016,58523.0,59409.0,886.0,,2573.688,49.0,639.0,247.0,682.678,,,0.7212,0.2788,,True,completed
randUni8745:1,random_017,59383.0,59412.0,29.0,,235.47,0.0,0.0,29.0,4.826,,,0.0,1.0,,True,completed
carIn2041:1,default_016,58511.0,59413.0,902.0,,3006.753,44.0,649.0,253.0,721.394,,,0.7195,0.2805,,True,completed
h6031c1:1,default_017,59311.0,59414.0,103.0,,1176.446,1.0,1.0,102.0,16.878,,,0.0097,0.9903,,True,completed
carIn101921:1,default_016,57853.0,59419.0,1566.0,,1738.708,0.0,1416.0,150.0,1441.613,,,0.9042,0.0958,,True,completed
h14413c2:3,default_016,58586.0,59419.0,833.0,,2658.667,39.0,600.0,233.0,656.132,,,0.7203,0.2797,,True,completed
randUni11283:1,random_017,59246.0,59420.0,174.0,,2096.05,5.0,5.0,169.0,21.4,,,0.0287,0.9713,,True,completed
h8373c1:1,default_017,58655.0,59423.0,768.0,,1632.431,36.0,604.0,164.0,640.312,,,0.7865,0.2135,,True,completed
h9555c1:1,default_017,59151.0,59423.0,272.0,,2638.086,10.0,49.0,223.0,92.2,,,0.1801,0.8199,,True,completed
h5671c1:3,default_017,58582.0,59424.0,842.0,,2443.946,35.0,622.0,220.0,657.41,,,0.7387,0.2613,,True,completed
h22608c1:3,default_016,59249.0,59425.0,176.0,,2087.582,0.0,0.0,176.0,12.171,,,0.0,1.0,,True,completed
70R.43,bus,59230.0,59426.0,196.0,,2077.679,0.0,26.0,170.0,45.419,,,0.1327,0.8673,,True,completed
randUni16093:1,random_017,59225.0,59426.0,201.0,,1112.481,66.0,104.0,97.0,118.748,,,0.5174,0.4826,,True,completed
carIn53294:1,default_016,58586.0,59427.0,841.0,,3002.865,31.0,606.0,235.0,652.982,,,0.7206,0.2794,,True,completed
h18647c1:3,default_016,58559.0,59428.0,869.0,,3005.207,30.0,614.0,255.0,658.107,,,0.7066,0.2934,,True,completed
randUni11573:1,random_017,59416.0,59429.0,13.0,,129.548,0.0,0.0,13.0,2.002,,,0.0,1.0,,True,completed
carIn18630:1,default_016,58571.0,59430.0,859.0,,3004.611,27.0,608.0,251.0,649.216,,,0.7078,0.2922,,True,completed
carIn31479:1,default_017,59277.0,59436.0,159.0,,2088.496,0.0,0.0,159.0,18.131,,,0.0,1.0,,True,completed
carIn13606:1,default_017,59352.0,59437.0,85.0,,870.989,0.0,0.0,85.0,10.6,,,0.0,1.0,,True,completed
carIn10052:1,default_017,59125.0,59440.0,315.0,,2973.385,39.0,49.0,266.0,88.026,,,0.1556,0.8444,,True,completed
carIn105280:1,default_017,59060.0,59442.0,382.0,,1679.804,59.0,232.0,150.0,264.371,,,0.6073,0.3927,,True,completed
h6287c1:3,default_017,59223.0,59442.0,219.0,,1709.96,35.0,35.0,184.0,69.123,,,0.1598,0.8402,,True,completed
carIn100649:1,default_016,58604.0,59443.0,839.0,,3008.584,16.0,573.0,266.0,617.207,,,0.683,0.317,,True,completed
carIn126886:1,default_016,58602.0,59443.0,841.0,,2829.119,23.0,581.0,260.0,663.161,,,0.6908,0.3092,,True,completed
h18868c2:3,default_016,57892.0,59444.0,1552.0,,2665.551,0.0,1327.0,225.0,1371.789,,,0.855,0.145,,True,completed
h3761c2:1,default_017,59156.0,59444.0,288.0,,2453.296,34.0,54.0,234.0,100.893,,,0.1875,0.8125,,True,completed
carIn128824:1,default_017,59141.0,59445.0,304.0,,2842.916,32.0,33.0,271.0,67.883,,,0.1086,0.8914,,True,completed
carIn74850:1,default_017,59234.0,59445.0,211.0,,1092.16,57.0,119.0,92.0,131.954,,,0.564,0.436,,True,completed
carIn121013:1,default_017,59382.0,59446.0,64.0,,934.631,0.0,0.0,64.0,8.232,,,0.0,1.0,,True,completed
carIn85764:1,default_017,59196.0,59447.0,251.0,,2101.011,42.0,58.0,193.0,95.251,,,0.2311,0.7689,,True,completed
h7248c2:1,default_017,59342.0,59447.0,105.0,,1175.171,4.0,4.0,101.0,16.482,,,0.0381,0.9619,,True,completed
carIn23374:1,default_016,58592.0,59448.0,856.0,,2828.79,20.0,590.0,266.0,647.089,,,0.6893,0.3107,,True,completed
carIn96283:1,default_017,59360.0,59449.0,89.0,,1148.225,0.0,0.0,89.0,7.392,,,0.0,1.0,,True,completed
h13859c2:3,default_017,59295.0,59449.0,154.0,,1466.24,3.0,3.0,151.0,25.308,,,0.0195,0.9805,,True,completed
h4794c1:3,default_017,59315.0,59451.0,136.0,,1043.209,35.0,35.0,101.0,52.267,,,0.2574,0.7426,,True,completed
h18905c1:3,default_016,58604.0,59453.0,849.0,,2824.622,18.0,571.0,278.0,646.201,,,0.6726,0.3274,,True,completed
carIn72915:1,default_016,58608.0,59454.0,846.0,,2828.041,20.0,568.0,278.0,631.955,,,0.6714,0.3286,,True,completed
h19558c2:1,default_017,59163.0,59455.0,292.0,,1597.669,16.0,110.0,182.0,134.681,,,0.3767,0.6233,,True,completed
h8305c1:1,default_017,58714.0,59457.0,743.0,,1824.64,20.0,571.0,172.0,606.443,,,0.7685,0.2315,,True,completed
carIn83433:1,default_017,59362.0,59458.0,96.0,,1148.654,0.0,0.0,96.0,5.925,,,0.0,1.0,,True,completed
h19373c2:1,default_017,59273.0,59458.0,185.0,,1685.641,3.0,7.0,178.0,41.816,,,0.0378,0.9622,,True,completed
carIn35338:1,default_017,58950.0,59460.0,510.0,,2247.624,55.0,331.0,179.0,367.094,,,0.649,0.351,,True,completed
carIn94908:1,default_016,59271.0,59460.0,189.0,,1752.865,17.0,17.0,172.0,69.475,,,0.0899,0.9101,,True,completed
h1124c2:3,default_017,59193.0,59461.0,268.0,,2110.339,23.0,23.0,245.0,55.67,,,0.0858,0.9142,,True,completed
h2513c1:1,default_017,58955.0,59461.0,506.0,,2380.928,60.0,301.0,205.0,326.038,,,0.5949,0.4051,,True,completed
carIn110010:1,default_016,59273.0,59462.0,189.0,,1752.992,16.0,16.0,173.0,64.748,,,0.0847,0.9153,,True,completed
carIn71230:1,default_016,58606.0,59462.0,856.0,,2819.631,26.0,589.0,267.0,667.047,,,0.6881,0.3119,,True,completed
h3233c1:3,default_017,59191.0,59462.0,271.0,,1858.186,25.0,25.0,246.0,73.443,,,0.0923,0.9077,,True,completed
h22707c2:3,default_017,58671.0,59465.0,794.0,,2202.875,26.0,577.0,217.0,618.4,,,0.7267,0.2733,,True,completed
carIn96997:1,default_017,59250.0,59466.0,216.0,,2475.152,0.0,10.0,206.0,32.7,,,0.0463,0.9537,,True,completed
carIn107772:1,default_016,59289.0,59468.0,179.0,,2086.762,6.0,12.0,167.0,35.692,,,0.067,0.933,,True,completed
carIn55378:1,default_017,59291.0,59468.0,177.0,,2090.315,3.0,7.0,170.0,34.041,,,0.0395,0.9605,,True,completed
h4562c1:1,default_017,58631.0,59468.0,837.0,,2324.833,11.0,580.0,257.0,617.378,,,0.693,0.307,,True,completed
carIn54160:1,default_016,59282.0,59469.0,187.0,,1591.516,6.0,12.0,175.0,51.531,,,0.0642,0.9358,,True,completed
carIn63907:1,default_017,59379.0,59469.0,90.0,,1150.327,0.0,0.0,90.0,9.5,,,0.0,1.0,,True,completed
carIn1086:1,default_017,59295.0,59470.0,175.0,,1582.735,6.0,9.0,166.0,58.256,,,0.0514,0.9486,,True,completed
h2574c1:1,default_017,58888.0,59470.0,582.0,,2594.413,65.0,300.0,282.0,340.464,,,0.5155,0.4845,,True,completed
carIn50430:1,default_017,59373.0,59471.0,98.0,,1144.08,6.0,6.0,92.0,17.173,,,0.0612,0.9388,,True,completed
carIn119949:1,default_017,59385.0,59472.0,87.0,,1145.387,0.0,0.0,87.0,8.788,,,0.0,1.0,,True,completed
carIn31110:1,default_016,58610.0,59472.0,862.0,,2826.081,18.0,578.0,284.0,656.763,,,0.6705,0.3295,,True,completed
carIn17193:1,default_017,59321.0,59473.0,152.0,,1587.997,0.0,0.0,152.0,24.952,,,0.0,1.0,,True,completed
h7915c1:1,default_017,59342.0,59475.0,133.0,,1593.055,0.0,0.0,133.0,22.617,,,0.0,1.0,,True,completed
h7357c1:3,default_017,59395.0,59476.0,81.0,,644.278,6.0,6.0,75.0,19.336,,,0.0741,0.9259,,True,completed
h6124c2:1,default_017,59192.0,59479.0,287.0,,1833.962,39.0,39.0,248.0,103.93,,,0.1359,0.8641,,True,completed
randUni33972:1,random_017,58631.0,59479.0,848.0,,2696.341,10.0,534.0,314.0,591.372,,,0.6297,0.3703,,True,completed
h2283c1:3,default_017,59282.0,59480.0,198.0,,828.17,0.0,0.0,198.0,34.183,,,0.0,1.0,,True,completed
h3714c1:1,default_017,58768.0,59482.0,714.0,,1829.53,5.0,514.0,200.0,565.317,,,0.7199,0.2801,,True,completed
h2307c1:3,default_017,59264.0,59483.0,219.0,,2095.957,0.0,0.0,219.0,16.119,,,0.0,1.0,,True,completed
carIn129563:1,default_017,59425.0,59484.0,59.0,,937.79,0.0,0.0,59.0,12.141,,,0.0,1.0,,True,completed
carIn91554:1,default_017,58978.0,59488.0,510.0,,2243.848,53.0,349.0,161.0,384.371,,,0.6843,0.3157,,True,completed
h7539c2:1,default_017,59377.0,59491.0,114.0,,694.348,40.0,40.0,74.0,54.685,,,0.3509,0.6491,,True,completed
carIn12648:1,default_016,59395.0,59492.0,97.0,,701.626,20.0,20.0,77.0,30.015,,,0.2062,0.7938,,True,completed
h21815c2:3,default_017,59223.0,59493.0,270.0,,2104.535,31.0,43.0,227.0,78.431,,,0.1593,0.8407,,True,completed
carIn75921:1,default_016,59398.0,59494.0,96.0,,699.366,17.0,17.0,79.0,27.528,,,0.1771,0.8229,,True,completed
carIn124002:1,default_017,58982.0,59495.0,513.0,,2250.845,46.0,334.0,179.0,370.04,,,0.6511,0.3489,,True,completed
carIn39916:1,default_017,59334.0,59497.0,163.0,,2095.981,0.0,0.0,163.0,14.865,,,0.0,1.0,,True,completed
carIn57711:1,default_017,59459.0,59498.0,39.0,,429.667,0.0,0.0,39.0,8.278,,,0.0,1.0,,True,completed
h18714c1:1,default_017,58929.0,59501.0,572.0,,2443.54,34.0,325.0,247.0,410.822,,,0.5682,0.4318,,True,completed
carIn5824:1,default_016,57697.0,59502.0,1805.0,,2059.873,89.0,1603.0,202.0,1645.327,,,0.8881,0.1119,,True,completed
carIn78845:1,default_017,58920.0,59503.0,583.0,,2468.655,35.0,343.0,240.0,405.814,,,0.5883,0.4117,,True,completed
h363c1:3,default_017,59425.0,59503.0,78.0,,899.584,0.0,0.0,78.0,6.768,,,0.0,1.0,,True,completed
carIn10501:1,default_017,58925.0,59504.0,579.0,,2447.662,31.0,329.0,250.0,377.122,,,0.5682,0.4318,,True,completed
carIn29345:1,default_017,59293.0,59505.0,212.0,,2091.273,0.0,24.0,188.0,54.085,,,0.1132,0.8868,,True,completed
h19663c1:3,default_017,59297.0,59505.0,208.0,,2094.959,0.0,14.0,194.0,40.471,,,0.0673,0.9327,,True,completed
h13095c2:5,default_017,58938.0,59506.0,568.0,,2450.686,31.0,320.0,248.0,381.014,,,0.5634,0.4366,,True,completed
h3520c2:3,default_017,59313.0,59506.0,193.0,,1635.554,0.0,0.0,193.0,18.872,,,0.0,1.0,,True,completed
carIn102467:1,default_016,59310.0,59511.0,201.0,,2136.979,16.0,27.0,174.0,54.174,,,0.1343,0.8657,,True,completed
carIn22680:1,default_017,59279.0,59511.0,232.0,,2088.567,1.0,8.0,224.0,34.47,,,0.0345,0.9655,,True,completed
carIn59721:1,default_017,59275.0,59511.0,236.0,,1754.883,9.0,9.0,227.0,33.112,,,0.0381,0.9619,,True,completed
h6269c1:1,default_017,59398.0,59511.0,113.0,,905.986,19.0,19.0,94.0,37.433,,,0.1681,0.8319,,True,completed
h2814c1:1,default_017,59277.0,59512.0,235.0,,1712.421,24.0,24.0,211.0,48.078,,,0.1021,0.8979,,True,completed
carIn32427:1,default_017,59021.0,59513.0,492.0,,2251.139,36.0,303.0,189.0,332.093,,,0.6159,0.3841,,True,completed
carIn77492:1,default_016,59312.0,59513.0,201.0,,2134.136,11.0,21.0,180.0,46.761,,,0.1045,0.8955,,True,completed
carIn56192:1,default_016,57830.0,59514.0,1684.0,,2941.359,20.0,1412.0,272.0,1492.572,,,0.8385,0.1615,,True,completed
carIn2247:1,default_017,59364.0,59516.0,152.0,,1586.337,0.0,0.0,152.0,10.492,,,0.0,1.0,,True,completed
carIn85155:1,default_017,58983.0,59517.0,534.0,,2445.816,29.0,306.0,228.0,353.066,,,0.573,0.427,,True,completed
carIn25901:1,default_017,59373.0,59518.0,145.0,,1587.245,0.0,0.0,145.0,33.027,,,0.0,1.0,,True,completed
h3628c1:3,default_017,59430.0,59518.0,88.0,,472.456,17.0,17.0,71.0,28.667,,,0.1932,0.8068,,True,completed
randUni25192:1,random_017,59502.0,59518.0,16.0,,115.86,0.0,0.0,16.0,4.468,,,0.0,1.0,,True,completed
carIn68435:1,default_016,58999.0,59520.0,521.0,,2851.0,0.0,297.0,224.0,335.44,,,0.5701,0.4299,,True,completed
carIn129063:1,default_017,59387.0,59523.0,136.0,,1585.09,0.0,0.0,136.0,18.494,,,0.0,1.0,,True,completed
carIn67503:1,default_017,59290.0,59523.0,233.0,,2378.919,3.0,3.0,230.0,35.715,,,0.0129,0.9871,,True,completed
carIn116478:1,default_016,57790.0,59526.0,1736.0,,1576.467,72.0,1587.0,149.0,1649.282,,,0.9142,0.0858,,True,completed
carIn76130:1,default_016,58657.0,59526.0,869.0,,2822.845,46.0,577.0,292.0,675.842,,,0.664,0.336,,True,completed
h22638c1:3,default_017,59341.0,59530.0,189.0,,1593.948,0.0,0.0,189.0,22.777,,,0.0,1.0,,True,completed
h2761c1:3,default_017,58691.0,59530.0,839.0,,2335.304,41.0,577.0,262.0,660.085,,,0.6877,0.3123,,True,completed
carIn75901:1,default_017,59274.0,59531.0,257.0,,2854.696,16.0,45.0,212.0,83.03,,,0.1751,0.8249,,True,completed
h3111c1:3,default_017,59328.0,59531.0,203.0,,1965.667,24.0,24.0,179.0,43.594,,,0.1182,0.8818,,True,completed
carIn23023:1,default_016,58649.0,59532.0,883.0,,3001.422,42.0,575.0,308.0,694.419,,,0.6512,0.3488,,True,completed
h11877c2:3,default_017,59346.0,59533.0,187.0,,1596.711,0.0,0.0,187.0,38.896,,,0.0,1.0,,True,completed
h20963c2:1,default_017,59252.0,59533.0,281.0,,2800.532,23.0,23.0,258.0,112.928,,,0.0819,0.9181,,True,completed
h22650c1:3,default_017,58724.0,59533.0,809.0,,2473.589,38.0,552.0,257.0,640.164,,,0.6823,0.3177,,True,completed
carIn65257:1,default_017,59371.0,59537.0,166.0,,2094.606,0.0,0.0,166.0,9.984,,,0.0,1.0,,True,completed
h19111c1:1,default_016,58668.0,59539.0,871.0,,2824.842,34.0,568.0,303.0,638.493,,,0.6521,0.3479,,True,completed
carIn132654:1,default_017,59422.0,59541.0,119.0,,1503.142,0.0,0.0,119.0,25.014,,,0.0,1.0,,True,completed
h5444c1:1,default_017,59399.0,59542.0,143.0,,1693.897,0.0,0.0,143.0,10.106,,,0.0,1.0,,True,completed
carIn5003:1,default_017,59389.0,59543.0,154.0,,2085.503,0.0,0.0,154.0,10.939,,,0.0,1.0,,True,completed
carIn107614:1,default_017,59369.0,59544.0,175.0,,1754.788,0.0,0.0,175.0,42.696,,,0.0,1.0,,True,completed
carIn68672:1,default_016,58991.0,59544.0,553.0,,2849.134,0.0,295.0,258.0,319.614,,,0.5335,0.4665,,True,completed
carIn37130:1,default_017,59381.0,59545.0,164.0,,2086.284,0.0,0.0,164.0,17.682,,,0.0,1.0,,True,completed
h1032c2:3,default_017,58691.0,59545.0,854.0,,2358.019,26.0,579.0,275.0,636.528,,,0.678,0.322,,True,completed
carIn3145:1,default_017,59375.0,59546.0,171.0,,1752.768,0.0,0.0,171.0,43.942,,,0.0,1.0,,True,completed
h19712c1:3,default_017,59393.0,59546.0,153.0,,2095.471,0.0,0.0,153.0,12.841,,,0.0,1.0,,True,completed
carIn20130:1,default_016,59011.0,59547.0,536.0,,2838.101,0.0,309.0,227.0,347.277,,,0.5765,0.4235,,True,completed
carIn3978:1,default_017,59248.0,59547.0,299.0,,2978.604,16.0,16.0,283.0,70.864,,,0.0535,0.9465,,True,completed
randUni8994:1,random_017,59409.0,59547.0,138.0,,1464.347,12.0,12.0,126.0,23.505,,,0.087,0.913,,True,completed
carIn57882:1,default_017,59313.0,59548.0,235.0,,2748.346,4.0,17.0,218.0,62.255,,,0.0723,0.9277,,True,completed
h7421c1:3,default_017,58832.0,59548.0,716.0,,1974.8,29.0,500.0,216.0,590.863,,,0.6983,0.3017,,True,completed
h4388c1:3,default_016,57693.0,59549.0,1856.0,,2139.005,69.0,1591.0,265.0,1644.757,,,0.8572,0.1428,,True,completed
carIn43968:1,default_017,59377.0,59550.0,173.0,,2093.628,0.0,0.0,173.0,9.926,,,0.0,1.0,,True,completed
carIn119624:1,default_017,59279.0,59552.0,273.0,,2853.578,30.0,49.0,224.0,105.298,,,0.1795,0.8205,,True,completed
carIn47365:1,default_017,59536.0,59552.0,16.0,,215.078,0.0,0.0,16.0,1.724,,,0.0,1.0,,True,completed
h5573c2:3,default_017,59268.0,59552.0,284.0,,2903.688,0.0,0.0,284.0,42.74,,,0.0,1.0,,True,completed
h7564c1:1,default_017,59495.0,59552.0,57.0,,543.332,8.0,8.0,49.0,16.093,,,0.1404,0.8596,,True,completed
carIn14837:1,default_017,59463.0,59553.0,90.0,,1154.813,0.0,0.0,90.0,10.332,,,0.0,1.0,,True,completed
h5803c1:1,default_017,58780.0,59554.0,774.0,,2449.759,18.0,453.0,321.0,531.59,,,0.5853,0.4147,,True,completed
carIn88849:1,default_016,59041.0,59555.0,514.0,,2028.523,26.0,321.0,193.0,361.526,,,0.6245,0.3755,,True,completed
carIn68962:1,default_017,59391.0,59557.0,166.0,,1591.685,25.0,34.0,132.0,53.162,,,0.2048,0.7952,,True,completed
h7326c1:1,default_017,59480.0,59559.0,79.0,,614.185,23.0,23.0,56.0,34.271,,,0.2911,0.7089,,True,completed
carIn94622:1,default_017,59369.0,59562.0,193.0,,1683.854,50.0,50.0,143.0,76.822,,,0.2591,0.7409,,True,completed
carIn8346:1,default_016,59062.0,59563.0,501.0,,2355.043,14.0,281.0,220.0,321.928,,,0.5609,0.4391,,True,completed
randUni8343:1,random_017,59545.0,59563.0,18.0,,161.605,0.0,0.0,18.0,2.855,,,0.0,1.0,,True,completed
h15256c1:1,default_016,59064.0,59564.0,500.0,,2345.027,13.0,278.0,222.0,344.609,,,0.556,0.444,,True,completed
carIn95200:1,default_017,59309.0,59565.0,256.0,,2744.79,0.0,7.0,249.0,32.899,,,0.0273,0.9727,,True,completed
carIn122009:1,default_016,59367.0,59566.0,199.0,,2090.044,0.0,0.0,199.0,13.646,,,0.0,1.0,,True,completed
carIn21898:1,default_016,59068.0,59566.0,498.0,,2348.342,13.0,280.0,218.0,351.027,,,0.5622,0.4378,,True,completed
h5529c1:1,default_017,59397.0,59566.0,169.0,,1175.191,26.0,37.0,132.0,69.67,,,0.2189,0.7811,,True,completed
carIn78837:1,default_016,59290.0,59568.0,278.0,,2555.935,15.0,47.0,231.0,85.957,,,0.1691,0.8309,,True,completed
h7396c1:3,default_017,59274.0,59568.0,294.0,,2209.903,26.0,83.0,211.0,129.888,,,0.2823,0.7177,,True,completed
carIn35947:1,default_017,59382.0,59570.0,188.0,,1685.041,12.0,21.0,167.0,53.742,,,0.1117,0.8883,,True,completed
carIn99214:1,default_016,59293.0,59570.0,277.0,,2560.183,13.0,47.0,230.0,110.295,,,0.1697,0.8303,,True,completed
h7463c1:1,default_017,59420.0,59570.0,150.0,,1176.09,24.0,35.0,115.0,69.527,,,0.2333,0.7667,,True,completed
carIn35952:1,default_016,59299.0,59572.0,273.0,,2552.232,9.0,44.0,229.0,85.543,,,0.1612,0.8388,,True,completed
h12375c1:1,default_017,59460.0,59572.0,112.0,,1151.781,0.0,0.0,112.0,8.193,,,0.0,1.0,,True,completed
h7480c2:1,default_017,59347.0,59575.0,228.0,,2074.406,29.0,29.0,199.0,47.201,,,0.1272,0.8728,,True,completed
h16962c1:3,default_017,59307.0,59576.0,269.0,,2217.22,30.0,60.0,209.0,99.024,,,0.223,0.777,,True,completed
carIn129179:1,default_017,59448.0,59578.0,130.0,,1183.58,23.0,27.0,103.0,54.175,,,0.2077,0.7923,,True,completed
carIn8244:1,default_017,59318.0,59578.0,260.0,,2742.84,6.0,9.0,251.0,41.302,,,0.0346,0.9654,,True,completed
h21838c1:3,default_017,59352.0,59578.0,226.0,,2749.182,5.0,5.0,221.0,38.508,,,0.0221,0.9779,,True,completed
randUni5132:1,random_017,59441.0,59578.0,137.0,,957.382,14.0,14.0,123.0,30.191,,,0.1022,0.8978,,True,completed
carIn3617:1,default_017,59444.0,59582.0,138.0,,1184.659,15.0,25.0,113.0,48.154,,,0.1812,0.8188,,True,completed
h10165c2:3,default_017,59453.0,59584.0,131.0,,1179.334,15.0,17.0,114.0,48.999,,,0.1298,0.8702,,True,completed
carIn108812:1,default_017,59453.0,59587.0,134.0,,1176.313,12.0,13.0,121.0,49.622,,,0.097,0.903,,True,completed
carIn34880:1,default_017,59383.0,59588.0,205.0,,2324.424,31.0,31.0,174.0,64.932,,,0.1512,0.8488,,True,completed
carIn33950:1,default_017,59451.0,59591.0,140.0,,1185.245,6.0,10.0,130.0,40.947,,,0.0714,0.9286,,True,completed
carIn68429:1,default_017,59385.0,59591.0,206.0,,2320.402,24.0,24.0,182.0,49.024,,,0.1165,0.8835,,True,completed
carIn48381:1,default_017,59309.0,59593.0,284.0,,2748.757,0.0,0.0,284.0,27.093,,,0.0,1.0,,True,completed
carIn130866:1,default_017,59371.0,59597.0,226.0,,2351.008,0.0,0.0,226.0,23.636,,,0.0,1.0,,True,completed
h3504c1:3,default_017,59016.0,59597.0,581.0,,2032.147,0.0,329.0,252.0,360.972,,,0.5663,0.4337,,True,completed
carIn124523:1,default_017,59347.0,59600.0,253.0,,2857.209,8.0,26.0,227.0,91.497,,,0.1028,0.8972,,True,completed
carIn68387:1,default_016,57805.0,59604.0,1799.0,,2563.971,18.0,1560.0,239.0,1617.523,,,0.8671,0.1329,,True,completed
carIn106995:1,default_017,59442.0,59605.0,163.0,,1588.485,26.0,26.0,137.0,42.412,,,0.1595,0.8405,,True,completed
carIn127856:1,default_017,59470.0,59605.0,135.0,,1423.147,0.0,0.0,135.0,16.635,,,0.0,1.0,,True,completed
carIn48085:1,default_017,59386.0,59606.0,220.0,,2127.406,0.0,12.0,208.0,31.754,,,0.0545,0.9455,,True,completed
carIn37159:1,default_017,59460.0,59608.0,148.0,,1586.644,19.0,19.0,129.0,43.204,,,0.1284,0.8716,,True,completed
carIn34317:1,default_017,59472.0,59612.0,140.0,,1584.879,0.0,0.0,140.0,21.525,,,0.0,1.0,,True,completed
h18546c1:1,default_017,59388.0,59615.0,227.0,,2083.474,0.0,51.0,176.0,71.01,,,0.2247,0.7753,,True,completed
carIn101577:1,default_017,59495.0,59616.0,121.0,,1536.483,4.0,4.0,117.0,27.674,,,0.0331,0.9669,,True,completed
carIn85033:1,default_017,59573.0,59616.0,43.0,,424.095,0.0,0.0,43.0,3.114,,,0.0,1.0,,True,completed
carIn107917:1,default_017,59562.0,59618.0,56.0,,936.938,0.0,0.0,56.0,5.95,,,0.0,1.0,,True,completed
h13542c1:3,default_017,59450.0,59618.0,168.0,,2095.607,2.0,2.0,166.0,25.243,,,0.0119,0.9881,,True,completed
carIn12775:1,default_016,57677.0,59619.0,1942.0,,1939.79,4.0,1735.0,207.0,1766.46,,,0.8934,0.1066,,True,completed
h8209c1:5,default_017,59297.0,59619.0,322.0,,1209.313,74.0,173.0,149.0,223.667,,,0.5373,0.4627,,True,completed
carIn60156:1,default_017,59332.0,59621.0,289.0,,2960.339,1.0,2.0,287.0,32.659,,,0.0069,0.9931,,True,completed
carIn96887:1,default_017,59397.0,59621.0,224.0,,2453.252,13.0,13.0,211.0,57.54,,,0.058,0.942,,True,completed
carIn47200:1,default_017,59548.0,59622.0,74.0,,749.374,0.0,0.0,74.0,7.709,,,0.0,1.0,,True,completed
carIn25714:1,default_017,59362.0,59623.0,261.0,,2963.975,1.0,1.0,260.0,38.963,,,0.0038,0.9962,,True,completed
randUni1069:1,random_017,59448.0,59624.0,176.0,,2095.793,0.0,0.0,176.0,13.798,,,0.0,1.0,,True,completed
h8904c1:1,default_017,59414.0,59625.0,211.0,,2095.011,0.0,18.0,193.0,39.647,,,0.0853,0.9147,,True,completed
carIn98315:1,default_017,59482.0,59626.0,144.0,,1575.731,0.0,0.0,144.0,6.813,,,0.0,1.0,,True,completed
h11971c1:1,default_017,59476.0,59626.0,150.0,,1593.95,2.0,2.0,148.0,25.966,,,0.0133,0.9867,,True,completed
carIn55601:1,default_017,59384.0,59627.0,243.0,,2552.608,1.0,29.0,214.0,66.789,,,0.1193,0.8807,,True,completed
carIn118065:1,default_017,59459.0,59628.0,169.0,,2080.579,0.0,0.0,169.0,13.391,,,0.0,1.0,,True,completed
carIn118942:1,default_016,59419.0,59629.0,210.0,,2084.921,9.0,27.0,183.0,62.305,,,0.1286,0.8714,,True,completed
carIn23559:1,default_016,59389.0,59629.0,240.0,,2556.108,0.0,13.0,227.0,56.707,,,0.0542,0.9458,,True,completed
carIn124371:1,default_017,59456.0,59630.0,174.0,,2088.443,0.0,0.0,174.0,16.851,,,0.0,1.0,,True,completed
carIn31380:1,default_017,59452.0,59633.0,181.0,,1751.413,20.0,20.0,161.0,44.456,,,0.1105,0.8895,,True,completed
h15087c1:1,default_017,59459.0,59633.0,174.0,,1908.509,1.0,1.0,173.0,20.249,,,0.0057,0.9943,,True,completed
carIn42595:1,default_017,59462.0,59635.0,173.0,,2091.226,0.0,0.0,173.0,17.568,,,0.0,1.0,,True,completed
carIn92138:1,default_016,59472.0,59635.0,163.0,,695.775,57.0,95.0,68.0,106.447,,,0.5828,0.4172,,True,completed
carIn28933:1,default_017,59425.0,59637.0,212.0,,2088.68,6.0,18.0,194.0,39.643,,,0.0849,0.9151,,True,completed
carIn66337:1,default_017,59464.0,59637.0,173.0,,2097.462,0.0,0.0,173.0,19.976,,,0.0,1.0,,True,completed
h4178c2:1,default_017,59468.0,59637.0,169.0,,1903.455,0.0,0.0,169.0,10.306,,,0.0,1.0,,True,completed
carIn82040:1,default_017,59468.0,59638.0,170.0,,1679.725,16.0,16.0,154.0,45.514,,,0.0941,0.9059,,True,completed
h4391c1:3,default_016,58405.0,59638.0,1233.0,,361.732,80.0,1150.0,83.0,1204.65,,,0.9327,0.0673,,True,completed
carIn56713:1,default_017,58985.0,59639.0,654.0,,2442.385,46.0,417.0,237.0,466.45,,,0.6376,0.3624,,True,completed
carIn60433:1,default_017,59469.0,59639.0,170.0,,703.187,53.0,97.0,73.0,109.658,,,0.5706,0.4294,,True,completed
carIn27277:1,default_017,59446.0,59641.0,195.0,,2093.507,0.0,0.0,195.0,12.124,,,0.0,1.0,,True,completed
carIn82165:1,default_017,59033.0,59641.0,608.0,,2249.954,48.0,423.0,185.0,482.668,,,0.6957,0.3043,,True,completed
carIn89157:1,default_017,59500.0,59641.0,141.0,,706.341,52.0,68.0,73.0,82.217,,,0.4823,0.5177,,True,completed
h3634c1:3,default_017,59555.0,59641.0,86.0,,381.58,35.0,35.0,51.0,44.559,,,0.407,0.593,,True,completed
carIn6308:1,default_017,59571.0,59642.0,71.0,,696.33,0.0,1.0,70.0,12.499,,,0.0141,0.9859,,True,completed
carIn8011:1,default_017,59530.0,59642.0,112.0,,1331.666,0.0,0.0,112.0,7.519,,,0.0,1.0,,True,completed
carIn58912:1,default_017,59482.0,59644.0,162.0,,2086.283,0.0,5.0,157.0,29.809,,,0.0309,0.9691,,True,completed
h1716c1:3,default_017,59357.0,59645.0,288.0,,2570.397,19.0,24.0,264.0,98.35,,,0.0833,0.9167,,True,completed
carIn31002:1,default_017,59454.0,59648.0,194.0,,2334.063,18.0,18.0,176.0,55.004,,,0.0928,0.9072,,True,completed
carIn42891:1,default_017,59470.0,59648.0,178.0,,2093.807,0.0,1.0,177.0,26.273,,,0.0056,0.9944,,True,completed
carIn18942:1,default_017,59388.0,59649.0,261.0,,2351.316,5.0,9.0,252.0,48.937,,,0.0345,0.9655,,True,completed
randUni16001:1,random_016,57913.0,59649.0,1736.0,,213.759,85.0,1701.0,35.0,1720.306,,,0.9798,0.0202,,True,completed
carIn113425:1,default_017,59458.0,59650.0,192.0,,2326.18,9.0,10.0,182.0,53.037,,,0.0521,0.9479,,True,completed
randUni30068:1,random_017,59333.0,59651.0,318.0,,2854.606,52.0,75.0,243.0,135.287,,,0.2358,0.7642,,True,completed
carIn130515:1,default_017,59036.0,59653.0,617.0,,2252.975,41.0,414.0,203.0,458.893,,,0.671,0.329,,True,completed
h3928c2:1,default_017,59164.0,59654.0,490.0,,1156.797,36.0,356.0,134.0,402.563,,,0.7265,0.2735,,True,completed
h14904c1:3,default_017,59487.0,59655.0,168.0,,978.903,38.0,80.0,88.0,97.364,,,0.4762,0.5238,,True,completed
h19059c2:3,default_017,59560.0,59656.0,96.0,,967.319,1.0,1.0,95.0,15.81,,,0.0104,0.9896,,True,completed
carIn29164:1,default_017,59406.0,59658.0,252.0,,2560.616,0.0,20.0,232.0,49.505,,,0.0794,0.9206,,True,completed
carIn86721:1,default_017,59493.0,59658.0,165.0,,2204.928,3.0,3.0,162.0,23.227,,,0.0182,0.9818,,True,completed
h18373c1:1,default_017,59505.0,59660.0,155.0,,1580.99,11.0,11.0,144.0,27.458,,,0.071,0.929,,True,completed
carIn101445:1,default_017,59443.0,59661.0,218.0,,1595.374,0.0,8.0,210.0,33.896,,,0.0367,0.9633,,True,completed
h17372c1:3,default_017,59552.0,59661.0,109.0,,1149.662,10.0,10.0,99.0,28.623,,,0.0917,0.9083,,True,completed
carIn44813:1,default_017,59576.0,59663.0,87.0,,703.531,5.0,5.0,82.0,16.644,,,0.0575,0.9425,,True,completed
carIn23179:1,default_017,59542.0,59664.0,122.0,,1528.358,3.0,3.0,119.0,28.892,,,0.0246,0.9754,,True,completed
h12166c2:1,default_017,59544.0,59664.0,120.0,,1153.505,9.0,9.0,111.0,26.506,,,0.075,0.925,,True,completed
h17612c1:1,default_017,59466.0,59664.0,198.0,,2322.46,0.0,0.0,198.0,22.174,,,0.0,1.0,,True,completed
carIn38435:1,default_017,59392.0,59665.0,273.0,,3055.224,0.0,0.0,273.0,30.267,,,0.0,1.0,,True,completed
h12424c2:1,default_017,59541.0,59665.0,124.0,,1156.824,14.0,15.0,109.0,35.001,,,0.121,0.879,,True,completed
carIn37363:1,default_017,59505.0,59669.0,164.0,,1627.913,0.0,0.0,164.0,18.789,,,0.0,1.0,,True,completed
carIn57957:1,default_017,59430.0,59671.0,241.0,,2965.339,3.0,3.0,238.0,25.567,,,0.0124,0.9876,,True,completed
carIn84722:1,default_017,59484.0,59671.0,187.0,,2461.185,3.0,3.0,184.0,35.843,,,0.016,0.984,,True,completed
h15688c2:3,default_017,59496.0,59671.0,175.0,,2076.036,2.0,6.0,169.0,37.39,,,0.0343,0.9657,,True,completed
h19577c1:1,default_016,57693.0,59671.0,1978.0,,2065.079,47.0,1766.0,212.0,1811.754,,,0.8928,0.1072,,True,completed
carIn3951:1,default_017,59478.0,59672.0,194.0,,2087.393,0.0,5.0,189.0,40.524,,,0.0258,0.9742,,True,completed
h2426c1:1,default_017,59540.0,59672.0,132.0,,1452.601,4.0,4.0,128.0,21.067,,,0.0303,0.9697,,True,completed
carIn89560:1,default_017,59484.0,59673.0,189.0,,2089.692,0.0,7.0,182.0,42.712,,,0.037,0.963,,True,completed
carIn96468:1,default_017,59088.0,59673.0,585.0,,2345.992,11.0,356.0,229.0,427.481,,,0.6085,0.3915,,True,completed
carIn94817:1,default_016,59409.0,59677.0,268.0,,2564.258,1.0,16.0,252.0,68.472,,,0.0597,0.9403,,True,completed
carIn68883:1,default_017,59480.0,59678.0,198.0,,2327.052,1.0,6.0,192.0,41.052,,,0.0303,0.9697,,True,completed
h4811c1:1,default_017,59358.0,59678.0,320.0,,3417.926,3.0,21.0,299.0,60.729,,,0.0656,0.9344,,True,completed
carIn106708:1,default_017,59474.0,59679.0,205.0,,2090.01,0.0,0.0,205.0,18.557,,,0.0,1.0,,True,completed
carIn10788:1,default_017,59532.0,59679.0,147.0,,1590.308,0.0,3.0,144.0,27.559,,,0.0204,0.9796,,True,completed
carIn65982:1,default_017,59378.0,59680.0,302.0,,2730.947,0.0,11.0,291.0,64.121,,,0.0364,0.9636,,True,completed
randUni28336:1,random_016,57926.0,59682.0,1756.0,,3698.174,0.0,1351.0,405.0,1445.178,,,0.7694,0.2306,,True,completed
h22863c1:1,default_016,59451.0,59685.0,234.0,,2188.221,9.0,20.0,214.0,47.224,,,0.0855,0.9145,,True,completed
carIn58311:1,default_017,59426.0,59691.0,265.0,,2958.701,0.0,0.0,265.0,15.869,,,0.0,1.0,,True,completed
carIn130079:1,default_017,59380.0,59692.0,312.0,,2728.305,0.0,1.0,311.0,35.636,,,0.0032,0.9968,,True,completed
carIn82770:1,default_017,59448.0,59695.0,247.0,,2750.363,0.0,9.0,238.0,35.771,,,0.0364,0.9636,,True,completed
carIn98575:1,default_017,59450.0,59695.0,245.0,,2964.863,0.0,0.0,245.0,14.847,,,0.0,1.0,,True,completed
carIn5220:1,default_017,59621.0,59696.0,75.0,,809.561,1.0,1.0,74.0,10.837,,,0.0133,0.9867,,True,completed
carIn6431:1,default_017,59513.0,59696.0,183.0,,1807.438,0.0,0.0,183.0,18.567,,,0.0,1.0,,True,completed
carIn22201:1,default_017,59410.0,59698.0,288.0,,2948.908,0.0,6.0,282.0,55.587,,,0.0208,0.9792,,True,completed
carIn119685:1,default_017,59429.0,59700.0,271.0,,2651.069,0.0,12.0,259.0,67.816,,,0.0443,0.9557,,True,completed
carIn68221:1,default_017,59587.0,59700.0,113.0,,1336.339,0.0,0.0,113.0,7.431,,,0.0,1.0,,True,completed
h2415c1:1,default_017,59517.0,59702.0,185.0,,1506.112,47.0,47.0,138.0,77.35,,,0.2541,0.7459,,True,completed
carIn106693:1,default_017,59440.0,59703.0,263.0,,2573.396,2.0,58.0,205.0,92.491,,,0.2205,0.7795,,True,completed
carIn47137:1,default_017,59606.0,59704.0,98.0,,1168.782,0.0,0.0,98.0,17.67,,,0.0,1.0,,True,completed
h4486c1:3,default_017,59484.0,59704.0,220.0,,2957.522,0.0,0.0,220.0,12.595,,,0.0,1.0,,True,completed
carIn12405:1,default_017,59416.0,59706.0,290.0,,2721.554,0.0,14.0,276.0,79.48,,,0.0483,0.9517,,True,completed
h5226c1:3,default_016,58347.0,59706.0,1359.0,,700.502,79.0,1288.0,71.0,1319.328,,,0.9478,0.0522,,True,completed
carIn4608:1,default_017,59636.0,59708.0,72.0,,870.251,0.0,0.0,72.0,5.186,,,0.0,1.0,,True,completed
carIn81469:1,default_017,59552.0,59709.0,157.0,,2207.892,0.0,0.0,157.0,12.713,,,0.0,1.0,,True,completed
carIn47283:1,default_017,59380.0,59710.0,330.0,,2381.881,21.0,23.0,307.0,62.51,,,0.0697,0.9303,,True,completed
carIn21777:1,default_016,59519.0,59711.0,192.0,,2096.776,0.0,33.0,159.0,45.427,,,0.1719,0.8281,,True,completed
carIn82030:1,default_017,59422.0,59712.0,290.0,,2356.95,20.0,37.0,253.0,102.825,,,0.1276,0.8724,,True,completed
carIn74980:1,default_017,59472.0,59713.0,241.0,,2346.337,14.0,14.0,227.0,46.225,,,0.0581,0.9419,,True,completed
carIn51665:1,default_017,59555.0,59714.0,159.0,,1585.69,14.0,15.0,144.0,47.409,,,0.0943,0.9057,,True,completed
carIn131552:1,default_017,59477.0,59715.0,238.0,,2346.409,3.0,3.0,235.0,32.885,,,0.0126,0.9874,,True,completed
carIn32499:1,default_017,59638.0,59715.0,77.0,,873.146,0.0,0.0,77.0,6.063,,,0.0,1.0,,True,completed
h7995c1:3,default_017,59490.0,59716.0,226.0,,2173.726,0.0,19.0,207.0,53.869,,,0.0841,0.9159,,True,completed
carIn108123:1,default_017,59480.0,59717.0,237.0,,2346.474,3.0,3.0,234.0,49.49,,,0.0127,0.9873,,True,completed
randUni15929:1,random_016,58307.0,59717.0,1410.0,,1972.185,95.0,1204.0,206.0,1231.824,,,0.8539,0.1461,,True,completed
carIn39181:1,default_017,59553.0,59718.0,165.0,,1564.113,0.0,1.0,164.0,35.628,,,0.0061,0.9939,,True,completed
carIn70711:1,default_017,59539.0,59718.0,179.0,,2097.746,8.0,12.0,167.0,35.63,,,0.067,0.933,,True,completed
carIn90285:1,default_017,59544.0,59718.0,174.0,,1803.668,9.0,9.0,165.0,29.121,,,0.0517,0.9483,,True,completed
carIn108376:1,default_017,59482.0,59720.0,238.0,,2352.516,0.0,0.0,238.0,29.276,,,0.0,1.0,,True,completed
h13576c1:1,default_017,59545.0,59722.0,177.0,,2091.497,0.0,3.0,174.0,24.5,,,0.0169,0.9831,,True,completed
50R_frequency3.18,bus,59475.0,59723.0,248.0,,2454.569,0.0,18.0,230.0,63.188,,,0.0726,0.9274,,True,completed
carIn132421:1,default_017,59587.0,59726.0,139.0,,1534.139,11.0,13.0,126.0,45.342,,,0.0935,0.9065,,True,completed
h11097c2:1,default_017,59651.0,59729.0,78.0,,834.744,0.0,0.0,78.0,6.286,,,0.0,1.0,,True,completed
h11323c2:3,default_017,59503.0,59731.0,228.0,,2600.462,0.0,11.0,217.0,49.565,,,0.0482,0.9518,,True,completed
carIn116669:1,default_017,59608.0,59732.0,124.0,,1525.764,0.0,0.0,124.0,16.575,,,0.0,1.0,,True,completed
carIn122842:1,default_017,59486.0,59732.0,246.0,,2497.181,30.0,42.0,204.0,89.766,,,0.1707,0.8293,,True,completed
carIn18108:1,default_017,59621.0,59733.0,112.0,,704.037,46.0,46.0,66.0,52.859,,,0.4107,0.5893,,True,completed
carIn16333:1,default_017,59637.0,59736.0,99.0,,699.648,34.0,34.0,65.0,43.093,,,0.3434,0.6566,,True,completed
carIn37678:1,default_016,59480.0,59736.0,256.0,,2559.165,9.0,10.0,246.0,31.692,,,0.0391,0.9609,,True,completed
carIn107483:1,default_017,59559.0,59737.0,178.0,,2095.619,3.0,3.0,175.0,40.513,,,0.0169,0.9831,,True,completed
carIn75478:1,default_017,59329.0,59737.0,408.0,,2855.572,84.0,150.0,258.0,212.715,,,0.3676,0.6324,,True,completed
carIn51608:1,default_017,59541.0,59739.0,198.0,,2335.095,6.0,11.0,187.0,42.934,,,0.0556,0.9444,,True,completed
carIn81262:1,default_017,59350.0,59739.0,389.0,,2861.789,82.0,139.0,250.0,210.947,,,0.3573,0.6427,,True,completed
carIn59569:1,default_017,59567.0,59741.0,174.0,,1587.473,9.0,10.0,164.0,53.809,,,0.0575,0.9425,,True,completed
carIn25206:1,default_017,59623.0,59742.0,119.0,,705.914,41.0,41.0,78.0,50.375,,,0.3445,0.6555,,True,completed
carIn48414:1,default_017,59535.0,59742.0,207.0,,2333.771,0.0,8.0,199.0,35.219,,,0.0386,0.9614,,True,completed
carIn74574:1,default_017,59651.0,59743.0,92.0,,695.486,19.0,19.0,73.0,28.328,,,0.2065,0.7935,,True,completed
randUni5330:1,random_017,59479.0,59743.0,264.0,,2744.765,0.0,11.0,253.0,31.992,,,0.0417,0.9583,,True,completed
randUni9586:1,random_017,59592.0,59743.0,151.0,,1520.489,3.0,7.0,144.0,29.701,,,0.0464,0.9536,,True,completed
carIn79846:1,default_017,59417.0,59745.0,328.0,,3152.657,6.0,42.0,286.0,81.519,,,0.128,0.872,,True,completed
h5065c2:3,default_017,59571.0,59748.0,177.0,,1519.62,12.0,15.0,162.0,42.77,,,0.0847,0.9153,,True,completed
44R.21,bus,59661.0,59750.0,89.0,,1146.05,0.0,0.0,89.0,5.028,,,0.0,1.0,,True,completed
9112R_frequency3.0,bus,59522.0,59751.0,229.0,,2450.054,4.0,8.0,221.0,44.57,,,0.0349,0.9651,,True,completed
carIn112360:1,default_017,59547.0,59751.0,204.0,,2328.185,4.0,6.0,198.0,36.596,,,0.0294,0.9706,,True,completed
carIn25964:1,default_017,59551.0,59754.0,203.0,,2324.095,0.0,1.0,202.0,34.927,,,0.0049,0.9951,,True,completed
carIn79499:1,default_017,59537.0,59754.0,217.0,,2960.698,0.0,0.0,217.0,11.933,,,0.0,1.0,,True,completed
carIn88539:1,default_017,59542.0,59754.0,212.0,,2099.305,0.0,4.0,208.0,24.087,,,0.0189,0.9811,,True,completed
carIn113545:1,default_017,59669.0,59755.0,86.0,,843.76,0.0,0.0,86.0,5.503,,,0.0,1.0,,True,completed
carIn56180:1,default_017,59557.0,59756.0,199.0,,2330.545,0.0,1.0,198.0,52.155,,,0.005,0.995,,True,completed
carIn109718:1,default_017,59657.0,59757.0,100.0,,940.154,26.0,26.0,74.0,41.126,,,0.26,0.74,,True,completed
h2958c1:1,default_017,59618.0,59758.0,140.0,,1304.941,6.0,6.0,134.0,33.023,,,0.0429,0.9571,,True,completed
carIn114414:1,default_016,57847.0,59760.0,1913.0,,2232.172,50.0,1666.0,247.0,1737.287,,,0.8709,0.1291,,True,completed
carIn62648:1,default_017,59563.0,59760.0,197.0,,2087.728,2.0,6.0,191.0,43.778,,,0.0305,0.9695,,True,completed
carIn128418:1,default_017,59474.0,59761.0,287.0,,2385.582,0.0,0.0,287.0,29.382,,,0.0,1.0,,True,completed
carIn132310:1,default_017,59541.0,59761.0,220.0,,1901.318,20.0,67.0,153.0,87.869,,,0.3045,0.6955,,True,completed
carIn35763:1,default_017,59633.0,59762.0,129.0,,1412.682,0.0,0.0,129.0,20.701,,,0.0,1.0,,True,completed
h963c2:5,default_017,59425.0,59762.0,337.0,,2451.163,0.0,72.0,265.0,109.2,,,0.2136,0.7864,,True,completed
carIn41236:1,default_016,57904.0,59763.0,1859.0,,1735.671,18.0,1677.0,182.0,1734.928,,,0.9021,0.0979,,True,completed
carIn10109:1,default_017,59569.0,59766.0,197.0,,2096.254,0.0,0.0,197.0,36.383,,,0.0,1.0,,True,completed
h11367c1:3,default_017,59571.0,59767.0,196.0,,2087.014,0.0,0.0,196.0,42.18,,,0.0,1.0,,True,completed
carIn119818:1,default_017,59499.0,59768.0,269.0,,3000.447,5.0,16.0,253.0,81.98,,,0.0595,0.9405,,True,completed
carIn31116:1,default_017,59574.0,59768.0,194.0,,2208.793,0.0,6.0,188.0,39.596,,,0.0309,0.9691,,True,completed
h19014c2:3,default_017,59549.0,59768.0,219.0,,2097.364,6.0,7.0,212.0,35.943,,,0.032,0.968,,True,completed
carIn9744:1,default_017,59565.0,59769.0,204.0,,1755.816,9.0,11.0,193.0,52.117,,,0.0539,0.9461,,True,completed
carIn45016:1,default_017,59439.0,59775.0,336.0,,2724.649,0.0,55.0,281.0,112.467,,,0.1637,0.8363,,True,completed
h5489c1:3,default_017,59663.0,59776.0,113.0,,1336.97,0.0,1.0,112.0,14.59,,,0.0088,0.9912,,True,completed
h6415c1:3,default_017,59655.0,59778.0,123.0,,1524.316,8.0,8.0,115.0,40.526,,,0.065,0.935,,True,completed
carIn24511:1,default_017,58989.0,59780.0,791.0,,2451.629,45.0,548.0,243.0,605.117,,,0.6928,0.3072,,True,completed
carIn6057:1,default_017,59352.0,59780.0,428.0,,2851.852,84.0,214.0,214.0,262.603,,,0.5,0.5,,True,completed
carIn89055:1,default_017,59527.0,59781.0,254.0,,2577.896,0.0,0.0,254.0,28.272,,,0.0,1.0,,True,completed
carIn15800:1,default_017,59098.0,59782.0,684.0,,2054.917,57.0,498.0,186.0,530.84,,,0.7281,0.2719,,True,completed
h6404c2:1,default_016,58658.0,59784.0,1126.0,,2500.234,62.0,882.0,244.0,928.202,,,0.7833,0.2167,,True,completed
carIn12401:1,default_017,59550.0,59785.0,235.0,,2953.328,0.0,0.0,235.0,13.978,,,0.0,1.0,,True,completed
h6652c1:3,default_017,59483.0,59785.0,302.0,,2936.456,0.0,40.0,262.0,81.609,,,0.1325,0.8675,,True,completed
carIn71239:1,default_017,59445.0,59786.0,341.0,,2729.782,0.0,47.0,294.0,90.59,,,0.1378,0.8622,,True,completed
carIn28218:1,default_017,59616.0,59787.0,171.0,,2087.1,0.0,10.0,161.0,23.407,,,0.0585,0.9415,,True,completed
carIn51347:1,default_017,59507.0,59787.0,280.0,,2720.231,0.0,9.0,271.0,88.414,,,0.0321,0.9679,,True,completed
h16275c2:1,default_017,59634.0,59787.0,153.0,,2090.562,0.0,0.0,153.0,17.593,,,0.0,1.0,,True,completed
carIn67729:1,default_017,59561.0,59790.0,229.0,,2322.783,15.0,20.0,209.0,64.607,,,0.0873,0.9127,,True,completed
carIn81853:1,default_017,59497.0,59791.0,294.0,,2352.78,21.0,21.0,273.0,78.495,,,0.0714,0.9286,,True,completed
carIn88912:1,default_016,57868.0,59791.0,1923.0,,1744.292,13.0,1758.0,165.0,1804.557,,,0.9142,0.0858,,True,completed
carIn22477:1,default_017,59621.0,59792.0,171.0,,2327.831,0.0,0.0,171.0,14.692,,,0.0,1.0,,True,completed
carIn48033:1,default_017,59056.0,59792.0,736.0,,2253.309,37.0,534.0,202.0,572.035,,,0.7255,0.2745,,True,completed
15_frequency5.1,bus,59676.0,59793.0,117.0,,1148.865,8.0,17.0,100.0,32.527,,,0.1453,0.8547,,True,completed
carIn108748:1,default_017,59661.0,59793.0,132.0,,1526.324,6.0,6.0,126.0,26.993,,,0.0455,0.9545,,True,completed
carIn117658:1,default_017,59499.0,59793.0,294.0,,2353.291,20.0,20.0,274.0,129.13,,,0.068,0.932,,True,completed
carIn22571:1,default_016,59668.0,59793.0,125.0,,704.618,48.0,52.0,73.0,70.042,,,0.416,0.584,,True,completed
carIn75932:1,default_017,59059.0,59793.0,734.0,,2244.137,36.0,529.0,205.0,599.434,,,0.7207,0.2793,,True,completed
carIn57768:1,default_017,59777.0,59795.0,18.0,,168.066,0.0,0.0,18.0,0.848,,,0.0,1.0,,True,completed
carIn82428:1,default_017,59632.0,59795.0,163.0,,2098.849,0.0,0.0,163.0,13.435,,,0.0,1.0,,True,completed
h19304c2:1,default_017,59518.0,59795.0,277.0,,2420.974,0.0,15.0,262.0,68.408,,,0.0542,0.9458,,True,completed
carIn121030:1,default_017,59505.0,59797.0,292.0,,2952.241,0.0,0.0,292.0,48.043,,,0.0,1.0,,True,completed
carIn78913:1,default_016,59247.0,59798.0,551.0,,2539.252,63.0,305.0,246.0,366.724,,,0.5535,0.4465,,True,completed
h14505c2:1,default_017,59735.0,59798.0,63.0,,696.779,0.0,0.0,63.0,8.193,,,0.0,1.0,,True,completed
carIn65386:1,default_017,59476.0,59799.0,323.0,,2379.902,3.0,3.0,320.0,49.155,,,0.0093,0.9907,,True,completed
h16988c2:3,default_017,59501.0,59801.0,300.0,,2355.745,2.0,28.0,272.0,108.827,,,0.0933,0.9067,,True,completed
carIn23910:1,default_017,59099.0,59802.0,703.0,,2063.537,45.0,468.0,235.0,503.114,,,0.6657,0.3343,,True,completed
carIn25787:1,default_017,59680.0,59802.0,122.0,,701.615,42.0,42.0,80.0,52.505,,,0.3443,0.6557,,True,completed
carIn48172:1,default_017,59503.0,59802.0,299.0,,2345.207,2.0,27.0,272.0,99.301,,,0.0903,0.9097,,True,completed
carIn61178:1,default_017,59585.0,59803.0,218.0,,2134.843,8.0,26.0,192.0,57.625,,,0.1193,0.8807,,True,completed
carIn48262:1,default_017,59102.0,59804.0,702.0,,2065.467,44.0,467.0,235.0,564.499,,,0.6652,0.3348,,True,completed
randUni13827:1,random_017,59254.0,59804.0,550.0,,2538.555,57.0,300.0,250.0,341.759,,,0.5455,0.4545,,True,completed
carIn107786:1,default_017,59505.0,59805.0,300.0,,2357.747,1.0,25.0,275.0,87.639,,,0.0833,0.9167,,True,completed
carIn108712:1,default_016,59719.0,59805.0,86.0,,706.141,5.0,6.0,80.0,16.437,,,0.0698,0.9302,,True,completed
carIn116160:1,default_017,59636.0,59805.0,169.0,,1589.155,28.0,28.0,141.0,43.151,,,0.1657,0.8343,,True,completed
carIn121330:1,default_017,59646.0,59805.0,159.0,,2087.298,0.0,0.0,159.0,29.33,,,0.0,1.0,,True,completed
h5161c1:1,default_017,59536.0,59805.0,269.0,,2690.796,0.0,1.0,268.0,32.082,,,0.0037,0.9963,,True,completed
h18335c1:1,default_017,59567.0,59806.0,239.0,,2418.021,0.0,4.0,235.0,50.109,,,0.0167,0.9833,,True,completed
h4275c1:1,default_017,59635.0,59806.0,171.0,,1900.859,0.0,0.0,171.0,29.048,,,0.0,1.0,,True,completed
h12457c2:1,default_017,59652.0,59809.0,157.0,,1594.762,0.0,0.0,157.0,21.251,,,0.0,1.0,,True,completed
h10204c1:3,default_017,59539.0,59810.0,271.0,,2607.895,14.0,38.0,233.0,68.584,,,0.1402,0.8598,,True,completed
h2186c2:1,default_017,59117.0,59810.0,693.0,,1978.892,11.0,471.0,222.0,542.876,,,0.6797,0.3203,,True,completed
carIn123346:1,default_017,59355.0,59811.0,456.0,,2858.2,78.0,213.0,243.0,262.551,,,0.4671,0.5329,,True,completed
h8287c2:1,default_017,59311.0,59811.0,500.0,,1916.76,50.0,310.0,190.0,342.629,,,0.62,0.38,,True,completed
carIn133921:1,default_016,59131.0,59812.0,681.0,,2022.463,10.0,451.0,230.0,517.545,,,0.6623,0.3377,,True,completed
carIn131121:1,default_017,59107.0,59813.0,706.0,,2064.215,38.0,465.0,241.0,553.623,,,0.6586,0.3414,,True,completed
carIn99979:1,default_017,59356.0,59813.0,457.0,,2860.328,75.0,203.0,254.0,258.604,,,0.4442,0.5558,,True,completed
h10852c1:1,default_017,59625.0,59814.0,189.0,,2094.771,0.0,2.0,187.0,18.568,,,0.0106,0.9894,,True,completed
h19952c2:3,default_017,59110.0,59815.0,705.0,,2063.407,35.0,462.0,243.0,554.016,,,0.6553,0.3447,,True,completed
h7380c2:1,default_017,59513.0,59815.0,302.0,,2604.075,11.0,52.0,250.0,96.753,,,0.1722,0.8278,,True,completed
carIn55416:1,default_017,59632.0,59816.0,184.0,,1909.344,0.0,0.0,184.0,15.035,,,0.0,1.0,,True,completed
carIn127600:1,default_017,59112.0,59817.0,705.0,,2059.309,32.0,463.0,242.0,575.748,,,0.6567,0.3433,,True,completed
carIn38460:1,default_017,59359.0,59817.0,458.0,,2861.897,75.0,182.0,276.0,227.897,,,0.3974,0.6026,,True,completed
carIn64935:1,default_017,59556.0,59818.0,262.0,,1174.829,71.0,159.0,103.0,187.432,,,0.6069,0.3931,,True,completed
h9953c2:1,default_017,59736.0,59818.0,82.0,,799.025,0.0,0.0,82.0,8.352,,,0.0,1.0,,True,completed
carIn115008:1,default_017,59158.0,59819.0,661.0,,2059.055,31.0,458.0,203.0,505.734,,,0.6929,0.3071,,True,completed
h14312c2:1,default_017,59668.0,59820.0,152.0,,2231.135,0.0,0.0,152.0,17.824,,,0.0,1.0,,True,completed
carIn104802:1,default_017,59630.0,59821.0,191.0,,2092.159,0.0,0.0,191.0,12.21,,,0.0,1.0,,True,completed
h2363c2:3,default_017,59578.0,59821.0,243.0,,2276.867,13.0,32.0,211.0,76.924,,,0.1317,0.8683,,True,completed
h5939c2:1,default_017,59715.0,59821.0,106.0,,559.222,49.0,49.0,57.0,60.972,,,0.4623,0.5377,,True,completed
carIn27403:1,default_017,59572.0,59822.0,250.0,,2961.052,0.0,0.0,250.0,14.975,,,0.0,1.0,,True,completed
carIn120650:1,default_017,59538.0,59823.0,285.0,,1180.253,67.0,153.0,132.0,178.903,,,0.5368,0.4632,,True,completed
carIn13522:1,default_017,59348.0,59824.0,476.0,,2260.683,34.0,245.0,231.0,319.498,,,0.5147,0.4853,,True,completed
carIn58764:1,default_017,59574.0,59824.0,250.0,,2964.352,0.0,0.0,250.0,18.209,,,0.0,1.0,,True,completed
carIn104800:1,default_017,59202.0,59825.0,623.0,,2061.678,24.0,414.0,209.0,472.48,,,0.6645,0.3355,,True,completed
h7018c2:1,default_017,59573.0,59825.0,252.0,,1176.15,64.0,116.0,136.0,151.543,,,0.4603,0.5397,,True,completed
carIn83216:1,default_017,59339.0,59827.0,488.0,,2265.965,29.0,248.0,240.0,281.882,,,0.5082,0.4918,,True,completed
carIn119471:1,default_017,59638.0,59829.0,191.0,,2328.621,3.0,3.0,188.0,29.678,,,0.0157,0.9843,,True,completed
carIn76776:1,default_016,57933.0,59830.0,1897.0,,2925.008,14.0,1622.0,275.0,1701.467,,,0.855,0.145,,True,completed
h3201c2:1,default_017,59344.0,59830.0,486.0,,2006.755,41.0,263.0,223.0,299.512,,,0.5412,0.4588,,True,completed
carIn32562:1,default_017,59642.0,59831.0,189.0,,2334.026,2.0,2.0,187.0,51.214,,,0.0106,0.9894,,True,completed
carIn8880:1,default_017,59648.0,59831.0,183.0,,2092.861,2.0,2.0,181.0,28.72,,,0.0109,0.9891,,True,completed
carIn100745:1,default_016,58654.0,59832.0,1178.0,,2981.785,51.0,872.0,306.0,992.226,,,0.7402,0.2598,,True,completed
carIn40471:1,default_017,59580.0,59832.0,252.0,,2427.083,0.0,0.0,252.0,48.302,,,0.0,1.0,,True,completed
carIn69005:1,default_017,59512.0,59833.0,321.0,,2353.182,27.0,50.0,271.0,121.704,,,0.1558,0.8442,,True,completed
carIn75265:1,default_017,59644.0,59833.0,189.0,,2097.644,4.0,4.0,185.0,24.931,,,0.0212,0.9788,,True,completed
carIn41080:1,default_017,59640.0,59834.0,194.0,,2332.109,0.0,0.0,194.0,25.424,,,0.0,1.0,,True,completed
carIn78694:1,default_017,59585.0,59834.0,249.0,,2429.824,0.0,0.0,249.0,55.487,,,0.0,1.0,,True,completed
carIn10244:1,default_017,59659.0,59835.0,176.0,,2321.492,2.0,2.0,174.0,38.837,,,0.0114,0.9886,,True,completed
carIn118279:1,default_017,59554.0,59835.0,281.0,,2346.236,25.0,25.0,256.0,83.729,,,0.089,0.911,,True,completed
carIn128876:1,default_017,59593.0,59835.0,242.0,,2081.22,48.0,48.0,194.0,105.758,,,0.1983,0.8017,,True,completed
carIn66792:1,default_017,59661.0,59835.0,174.0,,1591.147,8.0,13.0,161.0,58.755,,,0.0747,0.9253,,True,completed
carIn51931:1,default_017,59369.0,59836.0,467.0,,2263.175,25.0,230.0,237.0,299.879,,,0.4925,0.5075,,True,completed
carIn64321:1,default_017,59364.0,59837.0,473.0,,2260.374,23.0,231.0,242.0,271.119,,,0.4884,0.5116,,True,completed
h19566c1:3,default_017,59558.0,59838.0,280.0,,2357.188,24.0,24.0,256.0,86.665,,,0.0857,0.9143,,True,completed
carIn76578:1,default_017,59579.0,59839.0,260.0,,2203.74,48.0,50.0,210.0,120.265,,,0.1923,0.8077,,True,completed
h15708c1:1,default_017,59513.0,59839.0,326.0,,2556.321,7.0,77.0,249.0,132.863,,,0.2362,0.7638,,True,completed
h9317c1:3,default_017,59560.0,59839.0,279.0,,2348.437,23.0,23.0,256.0,104.182,,,0.0824,0.9176,,True,completed
carIn9257:1,default_017,59584.0,59841.0,257.0,,2201.619,47.0,49.0,208.0,106.312,,,0.1907,0.8093,,True,completed
carIn115930:1,default_017,59577.0,59842.0,265.0,,2204.167,44.0,51.0,214.0,76.849,,,0.1925,0.8075,,True,completed
h16806c1:1,default_017,59602.0,59842.0,240.0,,2326.095,7.0,32.0,208.0,68.435,,,0.1333,0.8667,,True,completed
carIn117322:1,default_017,59750.0,59843.0,93.0,,848.533,4.0,4.0,89.0,14.453,,,0.043,0.957,,True,completed
h3847c1:3,default_016,57894.0,59844.0,1950.0,,521.47,79.0,1875.0,75.0,1914.746,,,0.9615,0.0385,,True,completed
h3878c1:3,default_017,59678.0,59844.0,166.0,,1571.421,2.0,2.0,164.0,31.777,,,0.012,0.988,,True,completed
carIn105923:1,default_017,59650.0,59846.0,196.0,,2095.358,0.0,0.0,196.0,18.563,,,0.0,1.0,,True,completed
h5196c2:1,default_017,59608.0,59846.0,238.0,,2938.653,1.0,5.0,233.0,65.587,,,0.021,0.979,,True,completed
randUni27250:1,random_017,59598.0,59847.0,249.0,,2206.153,43.0,47.0,202.0,86.401,,,0.1888,0.8112,,True,completed
carIn132350:1,default_017,59536.0,59848.0,312.0,,2573.243,43.0,56.0,256.0,133.243,,,0.1795,0.8205,,True,completed
carIn6709:1,default_017,58686.0,59848.0,1162.0,,2840.292,50.0,866.0,296.0,990.306,,,0.7453,0.2547,,True,completed
carIn96794:1,default_017,59722.0,59848.0,126.0,,1509.545,0.0,0.0,126.0,21.732,,,0.0,1.0,,True,completed
h2837c1:1,default_017,59423.0,59848.0,425.0,,1545.727,23.0,300.0,125.0,312.698,,,0.7059,0.2941,,True,completed
carIn4295:1,default_017,59554.0,59850.0,296.0,,2719.501,0.0,5.0,291.0,58.083,,,0.0169,0.9831,,True,completed
carIn86860:1,default_017,59539.0,59850.0,311.0,,2577.309,42.0,54.0,257.0,126.303,,,0.1736,0.8264,,True,completed
carIn90774:1,default_017,59560.0,59852.0,292.0,,2723.806,0.0,3.0,289.0,90.06,,,0.0103,0.9897,,True,completed
h6702c2:3,default_017,59562.0,59853.0,291.0,,2490.339,10.0,18.0,273.0,49.598,,,0.0619,0.9381,,True,completed
carIn99760:1,default_017,59589.0,59854.0,265.0,,2426.546,0.0,10.0,255.0,70.045,,,0.0377,0.9623,,True,completed
carIn131514:1,default_016,58680.0,59856.0,1176.0,,3009.805,40.0,870.0,306.0,984.822,,,0.7398,0.2602,,True,completed
carIn30744:1,default_017,59591.0,59856.0,265.0,,2426.914,0.0,3.0,262.0,54.535,,,0.0113,0.9887,,True,completed
10_frequency1.44,bus,58741.0,59858.0,1117.0,,2093.835,41.0,839.0,278.0,936.161,,,0.7511,0.2489,,True,completed
carIn131420:1,default_017,59016.0,59858.0,842.0,,2452.271,48.0,616.0,226.0,662.053,,,0.7316,0.2684,,True,completed
carIn13902:1,default_016,58682.0,59858.0,1176.0,,3010.727,39.0,867.0,309.0,985.547,,,0.7372,0.2628,,True,completed
carIn410:1,default_017,59023.0,59859.0,836.0,,2442.213,48.0,602.0,234.0,668.996,,,0.7201,0.2799,,True,completed
randUni15050:1,random_017,59565.0,59859.0,294.0,,2358.213,34.0,38.0,256.0,79.51,,,0.1293,0.8707,,True,completed
randUni30424:1,random_017,59580.0,59859.0,279.0,,2733.91,35.0,40.0,239.0,92.809,,,0.1434,0.8566,,True,completed
carIn121252:1,default_017,59045.0,59861.0,816.0,,2473.324,47.0,592.0,224.0,644.776,,,0.7255,0.2745,,True,completed
carIn130714:1,default_017,59534.0,59861.0,327.0,,3008.699,35.0,62.0,265.0,126.945,,,0.1896,0.8104,,True,completed
carIn34660:1,default_017,59713.0,59861.0,148.0,,1585.162,0.0,0.0,148.0,15.777,,,0.0,1.0,,True,completed
carIn97305:1,default_017,59256.0,59861.0,605.0,,2795.466,44.0,339.0,266.0,396.574,,,0.5603,0.4397,,True,completed
carIn130031:1,default_017,59664.0,59862.0,198.0,,1844.611,0.0,21.0,177.0,47.997,,,0.1061,0.8939,,True,completed
carIn74341:1,default_017,59629.0,59862.0,233.0,,2196.98,35.0,36.0,197.0,72.793,,,0.1545,0.8455,,True,completed
carIn2002:1,default_017,59721.0,59863.0,142.0,,1588.043,0.0,0.0,142.0,33.996,,,0.0,1.0,,True,completed
h5440c1:1,default_017,59436.0,59864.0,428.0,,2669.943,60.0,210.0,218.0,262.866,,,0.4907,0.5093,,True,completed
carIn132265:1,default_017,59728.0,59865.0,137.0,,1591.54,0.0,0.0,137.0,23.357,,,0.0,1.0,,True,completed
h2021c1:5,default_017,59691.0,59865.0,174.0,,1418.245,18.0,37.0,137.0,54.033,,,0.2126,0.7874,,True,completed
carIn104153:1,default_016,59510.0,59867.0,357.0,,2720.687,8.0,80.0,277.0,123.63,,,0.2241,0.7759,,True,completed
carIn41840:1,default_017,59631.0,59867.0,236.0,,2207.322,29.0,29.0,207.0,63.905,,,0.1229,0.8771,,True,completed
carIn41916:1,default_017,59062.0,59867.0,805.0,,2253.067,35.0,590.0,215.0,639.563,,,0.7329,0.2671,,True,completed
carIn5840:1,default_017,59642.0,59868.0,226.0,,2197.836,28.0,28.0,198.0,63.138,,,0.1239,0.8761,,True,completed
h6296c2:1,default_017,59759.0,59868.0,109.0,,1064.296,0.0,0.0,109.0,12.272,,,0.0,1.0,,True,completed
h7021c1:3,default_017,59648.0,59868.0,220.0,,2301.986,0.0,0.0,220.0,17.558,,,0.0,1.0,,True,completed
carIn13693:1,default_017,59591.0,59870.0,279.0,,2529.026,0.0,25.0,254.0,62.035,,,0.0896,0.9104,,True,completed
carIn47417:1,default_017,59652.0,59870.0,218.0,,2200.123,0.0,0.0,218.0,83.858,,,0.0,1.0,,True,completed
carIn63321:1,default_017,59420.0,59870.0,450.0,,2209.992,54.0,190.0,260.0,249.719,,,0.4222,0.5778,,True,completed
carIn9404:1,default_017,59732.0,59871.0,139.0,,1592.719,0.0,0.0,139.0,13.446,,,0.0,1.0,,True,completed
carIn52287:1,default_017,59727.0,59872.0,145.0,,1156.112,41.0,41.0,104.0,53.0,,,0.2828,0.7172,,True,completed
h16442c1:5,default_017,59633.0,59872.0,239.0,,1175.361,54.0,99.0,140.0,137.209,,,0.4142,0.5858,,True,completed
h9732c2:3,default_017,58751.0,59872.0,1121.0,,2578.802,33.0,806.0,315.0,907.865,,,0.719,0.281,,True,completed
carIn106166:1,default_017,59662.0,59874.0,212.0,,1178.144,52.0,72.0,140.0,119.07,,,0.3396,0.6604,,True,completed
carIn108717:1,default_017,59028.0,59874.0,846.0,,2452.225,35.0,574.0,272.0,633.732,,,0.6785,0.3215,,True,completed
carIn100569:1,default_017,59033.0,59875.0,842.0,,2442.641,35.0,572.0,270.0,690.694,,,0.6793,0.3207,,True,completed
carIn73000:1,default_017,58741.0,59875.0,1134.0,,2842.363,31.0,821.0,313.0,920.042,,,0.724,0.276,,True,completed
carIn6392:1,default_017,59666.0,59876.0,210.0,,1177.864,50.0,69.0,141.0,118.35,,,0.3286,0.6714,,True,completed
h18522c2:1,default_017,59038.0,59877.0,839.0,,2446.182,37.0,577.0,262.0,649.208,,,0.6877,0.3123,,True,completed
h6456c2:1,default_017,58759.0,59877.0,1118.0,,2549.15,28.0,812.0,306.0,920.296,,,0.7263,0.2737,,True,completed
carIn101261:1,default_017,59654.0,59878.0,224.0,,2098.648,4.0,9.0,215.0,40.06,,,0.0402,0.9598,,True,completed
carIn47339:1,default_017,59668.0,59878.0,210.0,,1181.267,49.0,67.0,143.0,135.873,,,0.319,0.681,,True,completed
carIn60385:1,default_017,59800.0,59878.0,78.0,,1019.595,1.0,1.0,77.0,10.271,,,0.0128,0.9872,,True,completed
carIn6238:1,default_016,58781.0,59878.0,1097.0,,2697.641,26.0,735.0,362.0,915.795,,,0.67,0.33,,True,completed
h19623c2:1,default_017,59040.0,59879.0,839.0,,2449.615,36.0,571.0,268.0,654.767,,,0.6806,0.3194,,True,completed
h2707c1:3,default_017,58950.0,59879.0,929.0,,1095.184,25.0,765.0,164.0,861.305,,,0.8235,0.1765,,True,completed
carIn75330:1,default_017,59756.0,59880.0,124.0,,1337.746,3.0,3.0,121.0,15.807,,,0.0242,0.9758,,True,completed
h4555c1:3,default_017,59764.0,59880.0,116.0,,921.351,37.0,37.0,79.0,67.804,,,0.319,0.681,,True,completed
carIn79774:1,default_017,58927.0,59881.0,954.0,,3419.708,35.0,596.0,358.0,687.97,,,0.6247,0.3753,,True,completed
carIn93862:1,default_017,59052.0,59881.0,829.0,,2480.567,36.0,569.0,260.0,653.249,,,0.6864,0.3136,,True,completed
h4955c1:1,default_017,59146.0,59881.0,735.0,,1343.405,32.0,579.0,156.0,631.411,,,0.7878,0.2122,,True,completed
h8124c2:3,default_017,59354.0,59881.0,527.0,,2197.603,39.0,295.0,232.0,348.645,,,0.5598,0.4402,,True,completed
carIn91696:1,default_016,59301.0,59883.0,582.0,,2800.199,38.0,292.0,290.0,382.632,,,0.5017,0.4983,,True,completed
carIn7180:1,default_016,59303.0,59884.0,581.0,,2791.013,38.0,291.0,290.0,374.587,,,0.5009,0.4991,,True,completed
randUni29779:1,random_017,59666.0,59884.0,218.0,,1664.87,0.0,24.0,194.0,52.4,,,0.1101,0.8899,,True,completed
carIn13616:1,default_017,59593.0,59885.0,292.0,,2421.096,21.0,21.0,271.0,59.482,,,0.0719,0.9281,,True,completed
h3321c2:1,default_017,59527.0,59886.0,359.0,,2143.795,37.0,184.0,175.0,245.442,,,0.5125,0.4875,,True,completed
carIn110667:1,default_017,59563.0,59888.0,325.0,,3002.255,4.0,60.0,265.0,141.037,,,0.1846,0.8154,,True,completed
carIn3046:1,default_017,59723.0,59888.0,165.0,,2089.031,5.0,5.0,160.0,19.871,,,0.0303,0.9697,,True,completed
carIn98689:1,default_017,59589.0,59888.0,299.0,,3006.376,0.0,30.0,269.0,114.707,,,0.1003,0.8997,,True,completed
randUni34230:1,random_017,59874.0,59888.0,14.0,,160.112,0.0,0.0,14.0,0.874,,,0.0,1.0,,True,completed
carIn95705:1,default_017,59049.0,59889.0,840.0,,2447.426,29.0,558.0,282.0,633.208,,,0.6643,0.3357,,True,completed
h4843c1:1,default_017,59754.0,59889.0,135.0,,787.182,12.0,12.0,123.0,34.597,,,0.0889,0.9111,,True,completed
carIn103719:1,default_017,59679.0,59890.0,211.0,,2201.862,6.0,14.0,197.0,46.868,,,0.0664,0.9336,,True,completed
h11392c2:1,default_017,59742.0,59890.0,148.0,,2082.976,0.0,0.0,148.0,19.122,,,0.0,1.0,,True,completed
randUni4562:1,random_017,59772.0,59890.0,118.0,,1395.186,0.0,0.0,118.0,10.469,,,0.0,1.0,,True,completed
carIn30877:1,default_017,59724.0,59891.0,167.0,,1897.835,0.0,0.0,167.0,25.384,,,0.0,1.0,,True,completed
h18986c2:1,default_017,59070.0,59891.0,821.0,,2480.123,28.0,555.0,266.0,647.08,,,0.676,0.324,,True,completed
h5145c1:1,default_017,58822.0,59891.0,1069.0,,3087.627,16.0,729.0,340.0,866.117,,,0.6819,0.3181,,True,completed
h5611c2:1,default_017,59742.0,59891.0,149.0,,1370.039,3.0,3.0,146.0,18.59,,,0.0201,0.9799,,True,completed
carIn112205:1,default_017,59598.0,59892.0,294.0,,3007.214,0.0,53.0,241.0,106.054,,,0.1803,0.8197,,True,completed
carIn14220:1,default_017,59715.0,59892.0,177.0,,2087.361,1.0,1.0,176.0,14.723,,,0.0056,0.9944,,True,completed
carIn84390:1,default_017,59740.0,59892.0,152.0,,2317.562,0.0,0.0,152.0,15.633,,,0.0,1.0,,True,completed
carIn95196:1,default_017,59672.0,59892.0,220.0,,1182.239,50.0,72.0,148.0,126.728,,,0.3273,0.6727,,True,completed
carIn99893:1,default_017,59746.0,59892.0,146.0,,2088.792,0.0,0.0,146.0,17.429,,,0.0,1.0,,True,completed
h19068c2:1,default_017,59072.0,59892.0,820.0,,2469.534,28.0,552.0,268.0,632.666,,,0.6732,0.3268,,True,completed
carIn126075:1,default_017,59644.0,59893.0,249.0,,2076.816,21.0,21.0,228.0,54.689,,,0.0843,0.9157,,True,completed
carIn128961:1,default_016,58777.0,59894.0,1117.0,,2699.925,13.0,738.0,379.0,845.422,,,0.6607,0.3393,,True,completed
carIn58732:1,default_017,59601.0,59894.0,293.0,,2423.478,26.0,26.0,267.0,93.932,,,0.0887,0.9113,,True,completed
carIn70615:1,default_017,59665.0,59894.0,229.0,,1177.66,48.0,72.0,157.0,133.416,,,0.3144,0.6856,,True,completed
carIn6369:1,default_016,58804.0,59895.0,1091.0,,2662.093,12.0,731.0,360.0,852.89,,,0.67,0.33,,True,completed
carIn70191:1,default_017,59569.0,59896.0,327.0,,2722.285,24.0,71.0,256.0,119.234,,,0.2171,0.7829,,True,completed
carIn88317:1,default_017,59738.0,59896.0,158.0,,1583.864,11.0,11.0,147.0,23.063,,,0.0696,0.9304,,True,completed
carIn105041:1,default_017,59845.0,59897.0,52.0,,390.453,17.0,17.0,35.0,23.913,,,0.3269,0.6731,,True,completed
carIn109040:1,default_017,59675.0,59897.0,222.0,,1184.036,48.0,70.0,152.0,130.439,,,0.3153,0.6847,,True,completed
carIn12799:1,default_017,59812.0,59898.0,86.0,,693.852,10.0,10.0,76.0,21.338,,,0.1163,0.8837,,True,completed
carIn131101:1,default_017,59744.0,59898.0,154.0,,1584.927,11.0,11.0,143.0,27.375,,,0.0714,0.9286,,True,completed
carIn133301:1,default_017,59581.0,59899.0,318.0,,2718.752,21.0,57.0,261.0,102.494,,,0.1792,0.8208,,True,completed
h16456c1:3,default_017,59670.0,59899.0,229.0,,1174.856,50.0,70.0,159.0,146.484,,,0.3057,0.6943,,True,completed
carIn57857:1,default_017,59637.0,59900.0,263.0,,2834.241,0.0,0.0,263.0,20.077,,,0.0,1.0,,True,completed
carIn24527:1,default_017,59730.0,59901.0,171.0,,2327.474,0.0,0.0,171.0,15.334,,,0.0,1.0,,True,completed
carIn34459:1,default_016,59249.0,59901.0,652.0,,2024.346,8.0,399.0,253.0,475.97,,,0.612,0.388,,True,completed
carIn67538:1,default_017,59576.0,59901.0,325.0,,2206.638,48.0,89.0,236.0,164.581,,,0.2738,0.7262,,True,completed
carIn44548:1,default_017,59656.0,59902.0,246.0,,2454.338,7.0,7.0,239.0,46.685,,,0.0285,0.9715,,True,completed
carIn130012:1,default_017,59734.0,59904.0,170.0,,2328.385,0.0,0.0,170.0,13.173,,,0.0,1.0,,True,completed
carIn90708:1,default_017,59687.0,59904.0,217.0,,1179.354,47.0,71.0,146.0,133.28,,,0.3272,0.6728,,True,completed
h7978c1:1,default_017,59865.0,59904.0,39.0,,346.722,0.0,0.0,39.0,6.489,,,0.0,1.0,,True,completed
h6106c1:1,default_017,59745.0,59906.0,161.0,,549.058,42.0,50.0,111.0,105.358,,,0.3106,0.6894,,True,completed
h11958c1:1,default_017,59737.0,59908.0,171.0,,2093.943,0.0,9.0,162.0,30.866,,,0.0526,0.9474,,True,completed
carIn53456:1,default_017,59122.0,59909.0,787.0,,2256.773,30.0,559.0,228.0,614.952,,,0.7103,0.2897,,True,completed
carIn4021:1,default_017,59613.0,59910.0,297.0,,2721.197,4.0,16.0,281.0,123.773,,,0.0539,0.9461,,True,completed
h17549c1:3,default_017,59741.0,59911.0,170.0,,1183.712,34.0,34.0,136.0,67.091,,,0.2,0.8,,True,completed
carIn5072:1,default_017,59624.0,59912.0,288.0,,2726.813,5.0,8.0,280.0,109.848,,,0.0278,0.9722,,True,completed
carIn75533:1,default_017,59840.0,59912.0,72.0,,841.921,0.0,0.0,72.0,5.321,,,0.0,1.0,,True,completed
carIn130631:1,default_017,59662.0,59913.0,251.0,,2445.049,3.0,7.0,244.0,68.212,,,0.0279,0.9721,,True,completed
h6092c1:1,default_017,59718.0,59913.0,195.0,,1199.54,32.0,32.0,163.0,77.107,,,0.1641,0.8359,,True,completed
randUni18940:1,random_016,57997.0,59913.0,1916.0,,1617.416,14.0,1753.0,163.0,1800.165,,,0.9149,0.0851,,True,completed
carIn92245:1,default_017,59657.0,59914.0,257.0,,2496.675,40.0,49.0,208.0,88.222,,,0.1907,0.8093,,True,completed
randUni1697:1,random_017,59529.0,59914.0,385.0,,2952.931,35.0,60.0,325.0,103.69,,,0.1558,0.8442,,True,completed
carIn10769:1,default_017,59653.0,59915.0,262.0,,2687.52,7.0,7.0,255.0,50.02,,,0.0267,0.9733,,True,completed
carIn123096:1,default_017,59695.0,59916.0,221.0,,2094.731,0.0,11.0,210.0,29.165,,,0.0498,0.9502,,True,completed
carIn76404:1,default_017,59845.0,59916.0,71.0,,846.539,0.0,0.0,71.0,4.29,,,0.0,1.0,,True,completed
h1329c1:1,default_017,59895.0,59916.0,21.0,,233.279,0.0,0.0,21.0,3.934,,,0.0,1.0,,True,completed
carIn66285:1,default_017,59658.0,59917.0,259.0,,2107.463,17.0,35.0,224.0,71.051,,,0.1351,0.8649,,True,completed
carIn87592:1,default_017,59671.0,59919.0,248.0,,2843.307,0.0,0.0,248.0,31.926,,,0.0,1.0,,True,completed
h23040c1:3,default_017,59681.0,59919.0,238.0,,2110.745,16.0,24.0,214.0,87.213,,,0.1008,0.8992,,True,completed
h6472c1:1,default_017,59632.0,59920.0,288.0,,2762.879,0.0,14.0,274.0,37.687,,,0.0486,0.9514,,True,completed
randUni5114:1,random_017,59600.0,59920.0,320.0,,3003.799,0.0,47.0,273.0,91.138,,,0.1469,0.8531,,True,completed
carIn64095:1,default_017,59638.0,59921.0,283.0,,2721.095,0.0,14.0,269.0,75.524,,,0.0495,0.9505,,True,completed
randUni16421:1,random_017,59640.0,59921.0,281.0,,3007.116,0.0,15.0,266.0,72.065,,,0.0534,0.9466,,True,completed
h20364c1:3,default_017,59679.0,59922.0,243.0,,2108.048,7.0,14.0,229.0,63.591,,,0.0576,0.9424,,True,completed
h20682c1:3,default_017,59737.0,59924.0,187.0,,2201.421,0.0,0.0,187.0,24.961,,,0.0,1.0,,True,completed
randUni34054:1,random_017,59901.0,59924.0,23.0,,235.025,0.0,0.0,23.0,2.965,,,0.0,1.0,,True,completed
carIn2562:1,default_017,59728.0,59925.0,197.0,,1595.876,0.0,2.0,195.0,26.917,,,0.0102,0.9898,,True,completed
carIn80269:1,default_017,59724.0,59926.0,202.0,,2133.633,2.0,8.0,194.0,33.752,,,0.0396,0.9604,,True,completed
h6595c1:3,default_017,59821.0,59926.0,105.0,,873.632,0.0,0.0,105.0,13.379,,,0.0,1.0,,True,completed
carIn123309:1,default_017,59058.0,59927.0,869.0,,2451.445,24.0,560.0,309.0,649.079,,,0.6444,0.3556,,True,completed
carIn11974:1,default_017,58859.0,59928.0,1069.0,,2196.219,40.0,777.0,292.0,912.327,,,0.7268,0.2732,,True,completed
carIn61624:1,default_017,59067.0,59928.0,861.0,,2441.948,22.0,559.0,302.0,650.223,,,0.6492,0.3508,,True,completed
carIn77805:1,default_017,59725.0,59928.0,203.0,,2322.939,0.0,0.0,203.0,15.92,,,0.0,1.0,,True,completed
randUni11611:1,random_017,59749.0,59929.0,180.0,,2206.545,0.0,0.0,180.0,13.612,,,0.0,1.0,,True,completed
carIn10771:1,default_017,59259.0,59930.0,671.0,,2190.696,5.0,389.0,282.0,486.353,,,0.5797,0.4203,,True,completed
carIn127559:1,default_017,59123.0,59930.0,807.0,,2472.868,20.0,540.0,267.0,648.15,,,0.6691,0.3309,,True,completed
carIn6266:1,default_017,58865.0,59931.0,1066.0,,2692.881,39.0,756.0,310.0,871.85,,,0.7092,0.2908,,True,completed
carIn123224:1,default_016,57802.0,59932.0,2130.0,,2501.583,19.0,1903.0,227.0,1973.102,,,0.8934,0.1066,,True,completed
carIn12357:1,default_017,59125.0,59932.0,807.0,,2478.976,20.0,535.0,272.0,648.709,,,0.6629,0.3371,,True,completed
h2384c1:3,default_017,59661.0,59932.0,271.0,,2382.344,0.0,13.0,258.0,55.988,,,0.048,0.952,,True,completed
h13110c1:1,default_017,59642.0,59933.0,291.0,,2836.603,0.0,51.0,240.0,82.548,,,0.1753,0.8247,,True,completed
carIn97951:1,default_017,59626.0,59934.0,308.0,,2850.681,46.0,63.0,245.0,117.873,,,0.2045,0.7955,,True,completed
h2798c2:1,default_017,59152.0,59934.0,782.0,,1951.752,20.0,531.0,251.0,624.874,,,0.679,0.321,,True,completed
carIn101059:1,default_017,59628.0,59936.0,308.0,,2852.189,42.0,57.0,251.0,123.658,,,0.1851,0.8149,,True,completed
h18530c2:1,default_017,59128.0,59936.0,808.0,,2479.21,20.0,509.0,299.0,619.45,,,0.63,0.37,,True,completed
carIn94273:1,default_017,59730.0,59937.0,207.0,,2031.523,3.0,3.0,204.0,21.602,,,0.0145,0.9855,,True,completed
h1956c1:1,default_017,59649.0,59937.0,288.0,,2520.318,0.0,0.0,288.0,30.882,,,0.0,1.0,,True,completed
carIn61781:1,default_017,59800.0,59938.0,138.0,,1582.072,3.0,6.0,132.0,34.455,,,0.0435,0.9565,,True,completed
carIn100032:1,default_017,59696.0,59939.0,243.0,,2950.21,0.0,0.0,243.0,21.04,,,0.0,1.0,,True,completed
carIn63357:1,default_017,59642.0,59939.0,297.0,,2524.289,0.0,12.0,285.0,65.603,,,0.0404,0.9596,,True,completed
carIn72685:1,default_017,59731.0,59939.0,208.0,,1618.888,16.0,17.0,191.0,49.014,,,0.0817,0.9183,,True,completed
h6634c2:1,default_017,59717.0,59939.0,222.0,,1721.688,40.0,48.0,174.0,95.315,,,0.2162,0.7838,,True,completed
carIn14448:1,default_017,59805.0,59940.0,135.0,,1587.389,1.0,1.0,134.0,33.144,,,0.0074,0.9926,,True,completed
h976c1:3,default_017,59650.0,59940.0,290.0,,2084.901,62.0,62.0,228.0,151.956,,,0.2138,0.7862,,True,completed
carIn28593:1,default_017,59656.0,59942.0,286.0,,2083.348,59.0,59.0,227.0,116.75,,,0.2063,0.7937,,True,completed
carIn55765:1,default_017,59735.0,59944.0,209.0,,2073.323,26.0,26.0,183.0,61.806,,,0.1244,0.8756,,True,completed
carIn99678:1,default_017,59119.0,59944.0,825.0,,2451.309,18.0,492.0,333.0,597.895,,,0.5964,0.4036,,True,completed
carIn25799:1,default_017,59133.0,59945.0,812.0,,2245.23,39.0,588.0,224.0,667.425,,,0.7241,0.2759,,True,completed
carIn90327:1,default_017,59771.0,59945.0,174.0,,1186.002,40.0,40.0,134.0,93.397,,,0.2299,0.7701,,True,completed
carIn106944:1,default_017,59688.0,59946.0,258.0,,2948.847,0.0,38.0,220.0,68.886,,,0.1473,0.8527,,True,completed
carIn37462:1,default_017,59136.0,59947.0,811.0,,2245.806,39.0,586.0,225.0,665.33,,,0.7226,0.2774,,True,completed
carIn38048:1,default_017,59713.0,59950.0,237.0,,2452.841,15.0,15.0,222.0,53.835,,,0.0633,0.9367,,True,completed
randUni33486:1,random_017,59306.0,59950.0,644.0,,2536.993,61.0,369.0,275.0,444.151,,,0.573,0.427,,True,completed
carIn116618:1,default_017,59809.0,59951.0,142.0,,1505.871,7.0,7.0,135.0,24.253,,,0.0493,0.9507,,True,completed
h21815c1:1,default_017,59842.0,59951.0,109.0,,701.42,42.0,42.0,67.0,55.635,,,0.3853,0.6147,,True,completed
h4684c1:3,default_017,59185.0,59951.0,766.0,,1113.499,54.0,643.0,123.0,694.232,,,0.8394,0.1606,,True,completed
carIn110353:1,default_017,59003.0,59952.0,949.0,,3423.966,17.0,572.0,377.0,694.857,,,0.6027,0.3973,,True,completed
carIn118983:1,default_017,59861.0,59952.0,91.0,,706.171,8.0,8.0,83.0,24.971,,,0.0879,0.9121,,True,completed
carIn7303:1,default_017,59733.0,59952.0,219.0,,2453.849,0.0,10.0,209.0,37.595,,,0.0457,0.9543,,True,completed
h8797c1:3,default_017,59623.0,59952.0,329.0,,1669.675,60.0,161.0,168.0,211.792,,,0.4894,0.5106,,True,completed
carIn100376:1,default_017,59735.0,59954.0,219.0,,2456.316,0.0,8.0,211.0,41.06,,,0.0365,0.9635,,True,completed
carIn92182:1,default_017,59692.0,59955.0,263.0,,2829.191,0.0,47.0,216.0,73.147,,,0.1787,0.8213,,True,completed
h12044c2:3,default_017,59209.0,59955.0,746.0,,2758.082,13.0,291.0,455.0,415.027,,,0.3901,0.6099,,True,completed
carIn56819:1,default_017,59138.0,59957.0,819.0,,2254.181,36.0,583.0,236.0,661.591,,,0.7118,0.2882,,True,completed
h18856c1:1,default_017,59769.0,59958.0,189.0,,2199.773,6.0,6.0,183.0,24.186,,,0.0317,0.9683,,True,completed
h19624c2:1,default_017,59783.0,59958.0,175.0,,2199.645,2.0,2.0,173.0,24.065,,,0.0114,0.9886,,True,completed
h19283c1:3,default_017,59221.0,59962.0,741.0,,2477.302,4.0,376.0,365.0,484.67,,,0.5074,0.4926,,True,completed
carIn51083:1,default_017,59698.0,59963.0,265.0,,1777.67,0.0,56.0,209.0,83.396,,,0.2113,0.7887,,True,completed
randUni34343:1,random_017,59664.0,59964.0,300.0,,1886.5,0.0,65.0,235.0,109.849,,,0.2167,0.7833,,True,completed
h6764c1:1,default_017,59708.0,59969.0,261.0,,2213.586,33.0,34.0,227.0,86.212,,,0.1303,0.8697,,True,completed
carIn55123:1,default_017,59911.0,59970.0,59.0,,931.83,0.0,0.0,59.0,6.182,,,0.0,1.0,,True,completed
carIn100142:1,default_017,59645.0,59971.0,326.0,,2723.822,23.0,33.0,293.0,112.193,,,0.1012,0.8988,,True,completed
carIn49359:1,default_016,57766.0,59971.0,2205.0,,2061.101,56.0,2028.0,177.0,2083.662,,,0.9197,0.0803,,True,completed
carIn7286:1,default_016,57773.0,59971.0,2198.0,,2060.87,53.0,2010.0,188.0,2064.272,,,0.9145,0.0855,,True,completed
h3790c2:1,default_017,59707.0,59971.0,264.0,,2328.795,0.0,59.0,205.0,95.776,,,0.2235,0.7765,,True,completed
carIn117742:1,default_017,59773.0,59972.0,199.0,,2102.482,1.0,1.0,198.0,23.694,,,0.005,0.995,,True,completed
carIn120502:1,default_017,59679.0,59975.0,296.0,,2447.875,23.0,27.0,269.0,81.776,,,0.0912,0.9088,,True,completed
carIn10367:1,default_017,59644.0,59976.0,332.0,,2834.965,0.0,46.0,286.0,69.92,,,0.1386,0.8614,,True,completed
carIn52273:1,default_017,59815.0,59977.0,162.0,,2089.697,3.0,3.0,159.0,24.936,,,0.0185,0.9815,,True,completed
carIn58081:1,default_017,59676.0,59977.0,301.0,,2585.516,22.0,35.0,266.0,97.811,,,0.1163,0.8837,,True,completed
randUni14880:1,random_017,59955.0,59977.0,22.0,,229.296,0.0,0.0,22.0,4.132,,,0.0,1.0,,True,completed
randUni9425:1,random_017,59848.0,59977.0,129.0,,1515.76,0.0,0.0,129.0,11.103,,,0.0,1.0,,True,completed
carIn41557:1,default_017,59684.0,59978.0,294.0,,2442.998,22.0,27.0,267.0,120.155,,,0.0918,0.9082,,True,completed
h6100c2:3,default_017,59812.0,59978.0,166.0,,1371.605,1.0,41.0,125.0,59.598,,,0.247,0.753,,True,completed
carIn124942:1,default_017,59568.0,59983.0,415.0,,3326.537,0.0,15.0,400.0,61.836,,,0.0361,0.9639,,True,completed
carIn71408:1,default_017,59767.0,59983.0,216.0,,2457.424,0.0,0.0,216.0,21.075,,,0.0,1.0,,True,completed
h2082c2:1,default_017,59709.0,59985.0,276.0,,2512.232,2.0,5.0,271.0,97.651,,,0.0181,0.9819,,True,completed
h21699c2:1,default_016,57890.0,59988.0,2098.0,,958.465,19.0,1978.0,120.0,2021.904,,,0.9428,0.0572,,True,completed
h6178c2:1,default_017,59887.0,59988.0,101.0,,1065.719,8.0,8.0,93.0,26.757,,,0.0792,0.9208,,True,completed
h2638c1:1,default_017,59800.0,59989.0,189.0,,1593.605,39.0,60.0,129.0,97.957,,,0.3175,0.6825,,True,completed
carIn76232:1,default_017,59844.0,59990.0,146.0,,1408.648,0.0,17.0,129.0,30.185,,,0.1164,0.8836,,True,completed
carIn43442:1,default_017,59142.0,59991.0,849.0,,2252.57,30.0,604.0,245.0,709.657,,,0.7114,0.2886,,True,completed
h3064c2:1,default_017,59731.0,59991.0,260.0,,2850.757,3.0,19.0,241.0,61.969,,,0.0731,0.9269,,True,completed
h3923c1:3,default_017,59908.0,59991.0,83.0,,1084.709,0.0,0.0,83.0,6.222,,,0.0,1.0,,True,completed
carIn122033:1,default_017,59813.0,59992.0,179.0,,2317.501,1.0,1.0,178.0,29.915,,,0.0056,0.9944,,True,completed
carIn34701:1,default_017,59140.0,59992.0,852.0,,2251.526,26.0,606.0,246.0,693.811,,,0.7113,0.2887,,True,completed
carIn59622:1,default_017,59145.0,59993.0,848.0,,2251.333,29.0,609.0,239.0,711.221,,,0.7182,0.2818,,True,completed
randUni6593:1,random_017,59820.0,59993.0,173.0,,949.611,1.0,1.0,172.0,29.404,,,0.0058,0.9942,,True,completed
carIn74609:1,default_017,59148.0,59994.0,846.0,,2255.832,24.0,600.0,246.0,707.668,,,0.7092,0.2908,,True,completed
h4356c1:1,default_017,59811.0,59994.0,183.0,,2325.056,0.0,0.0,183.0,39.792,,,0.0,1.0,,True,completed
h7178c2:1,default_017,59699.0,59994.0,295.0,,2604.107,41.0,47.0,248.0,73.287,,,0.1593,0.8407,,True,completed
carIn9354:1,default_017,59150.0,59995.0,845.0,,2245.093,24.0,596.0,249.0,695.557,,,0.7053,0.2947,,True,completed
carIn49751:1,default_017,59805.0,59999.0,194.0,,2074.165,0.0,1.0,193.0,25.536,,,0.0052,0.9948,,True,completed
h4623c2:1,default_017,59291.0,59999.0,708.0,,1287.216,82.0,615.0,93.0,640.957,,,0.8686,0.1314,,True,completed
carIn1044:1,default_017,59694.0,60000.0,306.0,,2827.625,2.0,69.0,237.0,107.084,,,0.2255,0.7745,,True,completed
carIn42108:1,default_017,59686.0,60001.0,315.0,,2450.585,35.0,37.0,278.0,96.772,,,0.1175,0.8825,,True,completed
carIn4374:1,default_017,59650.0,60003.0,353.0,,2729.24,32.0,63.0,290.0,168.901,,,0.1785,0.8215,,True,completed
carIn12204:1,default_017,59696.0,60004.0,308.0,,2829.369,0.0,60.0,248.0,93.579,,,0.1948,0.8052,,True,completed
carIn22277:1,default_017,59654.0,60004.0,350.0,,2719.181,16.0,61.0,289.0,170.627,,,0.1743,0.8257,,True,completed
carIn44070:1,default_017,59819.0,60005.0,186.0,,2207.871,0.0,0.0,186.0,25.64,,,0.0,1.0,,True,completed
h14243c1:1,default_017,59774.0,60005.0,231.0,,2094.44,0.0,66.0,165.0,90.081,,,0.2857,0.7143,,True,completed
carIn91055:1,default_017,59656.0,60006.0,350.0,,2724.241,15.0,61.0,289.0,168.801,,,0.1743,0.8257,,True,completed
carIn19949:1,default_017,59659.0,60008.0,349.0,,2727.677,11.0,53.0,296.0,158.665,,,0.1519,0.8481,,True,completed
carIn67303:1,default_017,59950.0,60008.0,58.0,,939.371,0.0,0.0,58.0,5.091,,,0.0,1.0,,True,completed
h10245c2:3,default_017,59134.0,60008.0,874.0,,2191.908,20.0,621.0,253.0,687.724,,,0.7105,0.2895,,True,completed
h12454c2:3,default_017,59895.0,60009.0,114.0,,698.582,41.0,41.0,73.0,53.525,,,0.3596,0.6404,,True,completed
carIn3933:1,default_017,59819.0,60010.0,191.0,,2319.78,5.0,5.0,186.0,27.921,,,0.0262,0.9738,,True,completed
carIn9512:1,default_017,59913.0,60011.0,98.0,,1149.242,7.0,7.0,91.0,17.74,,,0.0714,0.9286,,True,completed
h13970c1:1,default_017,59889.0,60011.0,122.0,,697.628,48.0,49.0,73.0,62.317,,,0.4016,0.5984,,True,completed
h22924c1:3,default_017,59784.0,60012.0,228.0,,2102.621,10.0,15.0,213.0,39.84,,,0.0658,0.9342,,True,completed
carIn72548:1,default_017,59917.0,60013.0,96.0,,1154.936,5.0,5.0,91.0,20.226,,,0.0521,0.9479,,True,completed
h11222c1:1,default_017,59822.0,60013.0,191.0,,2087.226,0.0,0.0,191.0,14.186,,,0.0,1.0,,True,completed
carIn107838:1,default_017,59817.0,60014.0,197.0,,2325.871,2.0,2.0,195.0,26.952,,,0.0102,0.9898,,True,completed
carIn1610:1,default_017,59794.0,60014.0,220.0,,2102.629,8.0,10.0,210.0,54.448,,,0.0455,0.9545,,True,completed
carIn56043:1,default_017,59967.0,60014.0,47.0,,442.189,6.0,6.0,41.0,13.885,,,0.1277,0.8723,,True,completed
carIn91069:1,default_017,59744.0,60014.0,270.0,,2452.608,1.0,14.0,256.0,52.297,,,0.0519,0.9481,,True,completed
h13163c1:1,default_017,59892.0,60014.0,122.0,,702.858,42.0,42.0,80.0,55.68,,,0.3443,0.6557,,True,completed
carIn81617:1,default_017,59827.0,60015.0,188.0,,1686.001,26.0,32.0,156.0,62.004,,,0.1702,0.8298,,True,completed
carIn97087:1,default_017,59746.0,60016.0,270.0,,2456.784,0.0,12.0,258.0,79.927,,,0.0444,0.9556,,True,completed
h9190c1:3,default_017,59727.0,60016.0,289.0,,2838.227,0.0,40.0,249.0,77.606,,,0.1384,0.8616,,True,completed
carIn30524:1,default_017,59859.0,60017.0,158.0,,1684.497,5.0,8.0,150.0,44.813,,,0.0506,0.9494,,True,completed
carIn92891:1,default_017,59692.0,60018.0,326.0,,2997.54,1.0,56.0,270.0,164.799,,,0.1718,0.8282,,True,completed
h8348c2:1,default_017,59801.0,60018.0,217.0,,1696.779,21.0,21.0,196.0,60.994,,,0.0968,0.9032,,True,completed
carIn119802:1,default_017,59748.0,60019.0,271.0,,2456.541,0.0,13.0,258.0,53.742,,,0.048,0.952,,True,completed
carIn13078:1,default_017,59663.0,60019.0,356.0,,3010.82,6.0,88.0,268.0,153.833,,,0.2472,0.7528,,True,completed
carIn44486:1,default_017,59911.0,60019.0,108.0,,1153.601,2.0,2.0,106.0,13.041,,,0.0185,0.9815,,True,completed
carIn49153:1,default_017,59807.0,60019.0,212.0,,1587.887,30.0,30.0,182.0,46.546,,,0.1415,0.8585,,True,completed
carIn35192:1,default_017,59827.0,60021.0,194.0,,1588.283,29.0,29.0,165.0,78.262,,,0.1495,0.8505,,True,completed
carIn12091:1,default_017,59815.0,60022.0,207.0,,2464.184,4.0,9.0,198.0,50.217,,,0.0435,0.9565,,True,completed
15R_frequency4.2,bus,59906.0,60023.0,117.0,,1167.015,12.0,12.0,105.0,31.177,,,0.1026,0.8974,,True,completed
carIn99709:1,default_017,59829.0,60023.0,194.0,,1590.985,29.0,29.0,165.0,98.718,,,0.1495,0.8505,,True,completed
carIn105838:1,default_017,59690.0,60025.0,335.0,,2850.656,11.0,92.0,243.0,148.018,,,0.2746,0.7254,,True,completed
carIn103687:1,default_017,59833.0,60026.0,193.0,,2072.647,0.0,0.0,193.0,60.608,,,0.0,1.0,,True,completed
carIn87270:1,default_017,59813.0,60026.0,213.0,,2028.966,15.0,15.0,198.0,44.114,,,0.0704,0.9296,,True,completed
carIn30330:1,default_017,59916.0,60029.0,113.0,,1412.705,2.0,6.0,107.0,18.613,,,0.0531,0.9469,,True,completed
randUni23803:1,random_017,59995.0,60029.0,34.0,,400.235,0.0,0.0,34.0,1.646,,,0.0,1.0,,True,completed
carIn60030:1,default_017,59819.0,60030.0,211.0,,2027.744,12.0,12.0,199.0,39.395,,,0.0569,0.9431,,True,completed
carIn110026:1,default_017,59889.0,60031.0,142.0,,945.21,16.0,16.0,126.0,36.401,,,0.1127,0.8873,,True,completed
carIn124021:1,default_017,59824.0,60032.0,208.0,,2207.207,0.0,1.0,207.0,65.246,,,0.0048,0.9952,,True,completed
carIn88255:1,default_017,59915.0,60032.0,117.0,,1151.443,3.0,9.0,108.0,27.435,,,0.0769,0.9231,,True,completed
carIn119253:1,default_017,59947.0,60033.0,86.0,,849.79,1.0,1.0,85.0,15.596,,,0.0116,0.9884,,True,completed
carIn14955:1,default_017,59822.0,60033.0,211.0,,2030.959,12.0,12.0,199.0,37.536,,,0.0569,0.9431,,True,completed
X80R_frequency3.0,bus,59791.0,60034.0,243.0,,2484.732,0.0,16.0,227.0,48.505,,,0.0658,0.9342,,True,completed
carIn131766:1,default_017,59828.0,60034.0,206.0,,2205.729,0.0,1.0,205.0,65.254,,,0.0049,0.9951,,True,completed
carIn28886:1,default_017,59627.0,60034.0,407.0,,2402.959,18.0,154.0,253.0,201.689,,,0.3784,0.6216,,True,completed
h20773c1:1,default_017,59778.0,60034.0,256.0,,2221.557,0.0,55.0,201.0,93.313,,,0.2148,0.7852,,True,completed
carIn129793:1,default_017,59793.0,60035.0,242.0,,2099.325,20.0,27.0,215.0,69.446,,,0.1116,0.8884,,True,completed
carIn29898:1,default_017,59826.0,60035.0,209.0,,1740.267,0.0,47.0,162.0,72.379,,,0.2249,0.7751,,True,completed
carIn7182:1,default_017,59821.0,60035.0,214.0,,2205.059,0.0,3.0,211.0,21.92,,,0.014,0.986,,True,completed
carIn4806:1,default_017,59861.0,60036.0,175.0,,2131.174,3.0,3.0,172.0,28.363,,,0.0171,0.9829,,True,completed
carIn59126:1,default_017,59905.0,60036.0,131.0,,1580.4,0.0,0.0,131.0,21.969,,,0.0,1.0,,True,completed
carIn50428:1,default_017,59913.0,60038.0,125.0,,1586.291,0.0,0.0,125.0,22.964,,,0.0,1.0,,True,completed
carIn480:1,default_017,59787.0,60039.0,252.0,,1597.622,2.0,45.0,207.0,69.268,,,0.1786,0.8214,,True,completed
carIn95753:1,default_016,59266.0,60039.0,773.0,,2232.88,59.0,576.0,197.0,622.921,,,0.7451,0.2549,,True,completed
carIn125823:1,default_017,59917.0,60041.0,124.0,,1588.111,0.0,6.0,118.0,24.881,,,0.0484,0.9516,,True,completed
carIn24151:1,default_016,59269.0,60041.0,772.0,,2237.821,57.0,573.0,199.0,635.306,,,0.7422,0.2578,,True,completed
carIn5448:1,default_017,60037.0,60041.0,4.0,,36.498,0.0,0.0,4.0,0.18,,,0.0,1.0,,True,completed
h8611c2:1,default_017,59286.0,60041.0,755.0,,1343.209,17.0,508.0,247.0,625.087,,,0.6728,0.3272,,True,completed
carIn101474:1,default_017,59771.0,60043.0,272.0,,2189.739,27.0,54.0,218.0,114.474,,,0.1985,0.8015,,True,completed
carIn112388:1,default_017,59897.0,60044.0,147.0,,2085.199,0.0,0.0,147.0,10.302,,,0.0,1.0,,True,completed
carIn90270:1,default_017,59852.0,60044.0,192.0,,339.048,73.0,143.0,49.0,169.237,,,0.7448,0.2552,,True,completed
h8582c1:1,default_017,59318.0,60044.0,726.0,,1349.952,16.0,478.0,248.0,601.836,,,0.6584,0.3416,,True,completed
carIn12675:1,default_017,59899.0,60046.0,147.0,,2090.024,0.0,0.0,147.0,14.067,,,0.0,1.0,,True,completed
h9732c1:1,default_017,59286.0,60048.0,762.0,,2243.972,49.0,526.0,236.0,585.854,,,0.6903,0.3097,,True,completed
carIn14357:1,default_017,59299.0,60049.0,750.0,,2234.196,49.0,518.0,232.0,587.291,,,0.6907,0.3093,,True,completed
h21676c2:1,default_017,59774.0,60049.0,275.0,,2565.183,0.0,9.0,266.0,35.32,,,0.0327,0.9673,,True,completed
h4877c1:1,default_016,58440.0,60050.0,1610.0,,702.6,45.0,1517.0,93.0,1565.583,,,0.9422,0.0578,,True,completed
carIn51831:1,default_017,59959.0,60051.0,92.0,,850.392,6.0,6.0,86.0,18.296,,,0.0652,0.9348,,True,completed
carIn9388:1,default_017,59699.0,60051.0,352.0,,3044.904,8.0,110.0,242.0,160.461,,,0.3125,0.6875,,True,completed
h12073c1:5,default_017,59713.0,60052.0,339.0,,2816.467,2.0,56.0,283.0,95.419,,,0.1652,0.8348,,True,completed
carIn41994:1,default_017,59961.0,60053.0,92.0,,848.42,4.0,4.0,88.0,19.782,,,0.0435,0.9565,,True,completed
h21135c1:3,default_017,59664.0,60054.0,390.0,,3671.632,3.0,21.0,369.0,69.499,,,0.0538,0.9462,,True,completed
carIn98559:1,default_017,59816.0,60055.0,239.0,,2187.61,15.0,15.0,224.0,47.832,,,0.0628,0.9372,,True,completed
h10036c1:3,default_017,59923.0,60055.0,132.0,,1173.63,17.0,25.0,107.0,42.639,,,0.1894,0.8106,,True,completed
carIn113286:1,default_016,59302.0,60059.0,757.0,,2244.432,46.0,520.0,237.0,616.156,,,0.6869,0.3131,,True,completed
carIn33693:1,default_017,59917.0,60059.0,142.0,,1531.965,8.0,14.0,128.0,49.407,,,0.0986,0.9014,,True,completed
carIn55838:1,default_016,59305.0,60060.0,755.0,,2232.889,44.0,519.0,236.0,618.487,,,0.6874,0.3126,,True,completed
h4747c1:3,default_017,60021.0,60061.0,40.0,,491.481,0.0,0.0,40.0,8.247,,,0.0,1.0,,True,completed
carIn47142:1,default_017,59931.0,60062.0,131.0,,1528.677,4.0,4.0,127.0,30.508,,,0.0305,0.9695,,True,completed
h11308c1:3,default_017,59319.0,60064.0,745.0,,2235.172,40.0,512.0,233.0,585.039,,,0.6872,0.3128,,True,completed
randUni26453:1,random_017,59977.0,60064.0,87.0,,441.575,0.0,0.0,87.0,8.754,,,0.0,1.0,,True,completed
carIn114036:1,default_017,59359.0,60066.0,707.0,,2237.825,37.0,511.0,196.0,560.292,,,0.7228,0.2772,,True,completed
carIn27613:1,default_017,59901.0,60068.0,167.0,,2320.176,1.0,1.0,166.0,22.684,,,0.006,0.994,,True,completed
carIn44209:1,default_017,59878.0,60068.0,190.0,,2126.687,10.0,10.0,180.0,38.512,,,0.0526,0.9474,,True,completed
carIn132806:1,default_017,59921.0,60070.0,149.0,,1592.765,3.0,9.0,140.0,29.404,,,0.0604,0.9396,,True,completed
carIn59556:1,default_017,59758.0,60071.0,313.0,,3034.88,0.0,76.0,237.0,105.069,,,0.2428,0.7572,,True,completed
carIn73014:1,default_017,59924.0,60071.0,147.0,,1583.659,0.0,9.0,138.0,38.481,,,0.0612,0.9388,,True,completed
carIn30089:1,default_017,59762.0,60073.0,311.0,,3023.239,0.0,77.0,234.0,123.737,,,0.2476,0.7524,,True,completed
carIn70300:1,default_017,59776.0,60075.0,299.0,,3028.766,0.0,62.0,237.0,103.102,,,0.2074,0.7926,,True,completed
h19287c1:1,default_017,59940.0,60075.0,135.0,,1528.894,9.0,9.0,126.0,36.6,,,0.0667,0.9333,,True,completed
randUni18423:1,random_017,59789.0,60075.0,286.0,,2421.727,0.0,13.0,273.0,51.584,,,0.0455,0.9545,,True,completed
carIn129500:1,default_017,59873.0,60077.0,204.0,,2572.371,0.0,2.0,202.0,31.721,,,0.0098,0.9902,,True,completed
carIn25615:1,default_017,59812.0,60077.0,265.0,,2953.558,0.0,0.0,265.0,20.523,,,0.0,1.0,,True,completed
carIn68249:1,default_017,59871.0,60077.0,206.0,,2561.98,0.0,4.0,202.0,27.946,,,0.0194,0.9806,,True,completed
carIn27873:1,default_017,59907.0,60078.0,171.0,,2093.862,13.0,13.0,158.0,25.952,,,0.076,0.924,,True,completed
carIn87483:1,default_017,59362.0,60078.0,716.0,,2230.054,34.0,515.0,201.0,571.417,,,0.7193,0.2807,,True,completed
h7791c2:1,default_017,60039.0,60078.0,39.0,,343.76,0.0,0.0,39.0,4.531,,,0.0,1.0,,True,completed
carIn101067:1,default_017,60032.0,60079.0,47.0,,423.499,0.0,0.0,47.0,4.407,,,0.0,1.0,,True,completed
carIn17195:1,default_016,59005.0,60080.0,1075.0,,2993.304,32.0,797.0,278.0,882.964,,,0.7414,0.2586,,True,completed
randUni7218:1,random_017,59849.0,60080.0,231.0,,2185.835,36.0,44.0,187.0,85.889,,,0.1905,0.8095,,True,completed
carIn31488:1,default_017,59856.0,60081.0,225.0,,2248.384,0.0,14.0,211.0,32.615,,,0.0622,0.9378,,True,completed
carIn30531:1,default_017,59859.0,60082.0,223.0,,2220.597,0.0,16.0,207.0,60.92,,,0.0717,0.9283,,True,completed
carIn44044:1,default_017,59367.0,60083.0,716.0,,2238.168,28.0,486.0,230.0,568.377,,,0.6788,0.3212,,True,completed
carIn81960:1,default_017,59915.0,60083.0,168.0,,2086.065,0.0,7.0,161.0,19.76,,,0.0417,0.9583,,True,completed
carIn106353:1,default_017,60020.0,60084.0,64.0,,711.0,0.0,0.0,64.0,3.396,,,0.0,1.0,,True,completed
carIn85774:1,default_017,59871.0,60084.0,213.0,,2934.322,0.0,0.0,213.0,27.11,,,0.0,1.0,,True,completed
carIn20777:1,default_017,59868.0,60086.0,218.0,,2228.587,0.0,23.0,195.0,80.609,,,0.1055,0.8945,,True,completed
h2278c2:1,default_017,59946.0,60086.0,140.0,,1133.436,10.0,10.0,130.0,38.065,,,0.0714,0.9286,,True,completed
h6592c2:1,default_017,59531.0,60086.0,555.0,,1384.297,32.0,405.0,150.0,465.83,,,0.7297,0.2703,,True,completed
carIn19551:1,default_017,59897.0,60087.0,190.0,,1613.782,34.0,38.0,152.0,69.687,,,0.2,0.8,,True,completed
carIn28390:1,default_017,59917.0,60088.0,171.0,,2060.018,0.0,3.0,168.0,27.514,,,0.0175,0.9825,,True,completed
carIn47876:1,default_017,59847.0,60088.0,241.0,,3024.375,9.0,12.0,229.0,76.817,,,0.0498,0.9502,,True,completed
carIn105064:1,default_017,59919.0,60090.0,171.0,,2058.256,0.0,1.0,170.0,23.867,,,0.0058,0.9942,,True,completed
carIn118970:1,default_017,59911.0,60090.0,179.0,,2332.528,19.0,20.0,159.0,40.287,,,0.1117,0.8883,,True,completed
carIn42731:1,default_017,59931.0,60090.0,159.0,,1582.635,0.0,7.0,152.0,22.592,,,0.044,0.956,,True,completed
carIn74819:1,default_017,59898.0,60090.0,192.0,,2096.929,1.0,16.0,176.0,43.891,,,0.0833,0.9167,,True,completed
h2993c2:3,default_017,59951.0,60091.0,140.0,,1782.524,0.0,0.0,140.0,11.441,,,0.0,1.0,,True,completed
carIn67597:1,default_017,59909.0,60092.0,183.0,,2332.729,10.0,10.0,173.0,30.479,,,0.0546,0.9454,,True,completed
carIn71191:1,default_017,59919.0,60092.0,173.0,,1748.222,8.0,14.0,159.0,36.55,,,0.0809,0.9191,,True,completed
carIn72377:1,default_017,59810.0,60092.0,282.0,,2859.481,19.0,77.0,205.0,106.426,,,0.273,0.727,,True,completed
h15765c1:3,default_017,59872.0,60094.0,222.0,,1596.836,0.0,5.0,217.0,32.322,,,0.0225,0.9775,,True,completed
h6437c1:1,default_017,59466.0,60094.0,628.0,,1502.737,8.0,505.0,123.0,534.378,,,0.8041,0.1959,,True,completed
randUni19167:1,random_017,59755.0,60095.0,340.0,,3011.246,1.0,29.0,311.0,133.588,,,0.0853,0.9147,,True,completed
randUni6161:1,random_017,59926.0,60095.0,169.0,,2064.174,0.0,0.0,169.0,16.328,,,0.0,1.0,,True,completed
h16419c2:1,default_017,59855.0,60096.0,241.0,,1740.749,43.0,60.0,181.0,95.74,,,0.249,0.751,,True,completed
carIn81542:1,default_016,59942.0,60097.0,155.0,,956.944,0.0,0.0,155.0,20.585,,,0.0,1.0,,True,completed
carIn58772:1,default_016,59070.0,60098.0,1028.0,,3001.618,27.0,730.0,298.0,848.027,,,0.7101,0.2899,,True,completed
h17789c1:1,default_017,59858.0,60098.0,240.0,,1742.719,42.0,58.0,182.0,100.042,,,0.2417,0.7583,,True,completed
carIn52251:1,default_017,59932.0,60100.0,168.0,,1592.678,3.0,17.0,151.0,57.077,,,0.1012,0.8988,,True,completed
h10911c1:3,default_017,59974.0,60100.0,126.0,,1113.99,9.0,9.0,117.0,20.685,,,0.0714,0.9286,,True,completed
carIn16723:1,default_017,59705.0,60101.0,396.0,,3008.954,1.0,65.0,331.0,118.847,,,0.1641,0.8359,,True,completed
carIn50534:1,default_017,60076.0,60101.0,25.0,,175.738,0.0,0.0,25.0,2.017,,,0.0,1.0,,True,completed
carIn40217:1,default_017,59862.0,60103.0,241.0,,2091.797,7.0,16.0,225.0,45.181,,,0.0664,0.9336,,True,completed
carIn56091:1,default_016,59071.0,60103.0,1032.0,,2995.377,21.0,702.0,330.0,796.945,,,0.6802,0.3198,,True,completed
carIn37123:1,default_016,59076.0,60105.0,1029.0,,2999.429,18.0,687.0,342.0,819.272,,,0.6676,0.3324,,True,completed
carIn51111:1,default_017,59872.0,60105.0,233.0,,2092.825,0.0,10.0,223.0,53.465,,,0.0429,0.9571,,True,completed
carIn126696:1,default_017,59760.0,60106.0,346.0,,2634.152,39.0,88.0,258.0,123.627,,,0.2543,0.7457,,True,completed
h5278c1:3,default_017,59987.0,60106.0,119.0,,1084.285,6.0,14.0,105.0,40.108,,,0.1176,0.8824,,True,completed
carIn16788:1,default_017,59922.0,60109.0,187.0,,2091.604,1.0,16.0,171.0,38.253,,,0.0856,0.9144,,True,completed
h22859c1:3,default_017,59896.0,60109.0,213.0,,2107.06,5.0,20.0,193.0,51.781,,,0.0939,0.9061,,True,completed
carIn36532:1,default_017,59882.0,60110.0,228.0,,2088.001,0.0,5.0,223.0,39.025,,,0.0219,0.9781,,True,completed
carIn102834:1,default_017,59159.0,60111.0,952.0,,3002.958,11.0,586.0,366.0,691.487,,,0.6155,0.3845,,True,completed
carIn14551:1,default_017,60010.0,60111.0,101.0,,1153.067,3.0,3.0,98.0,23.797,,,0.0297,0.9703,,True,completed
carIn43543:1,default_017,59909.0,60111.0,202.0,,2098.83,1.0,4.0,198.0,29.184,,,0.0198,0.9802,,True,completed
carIn125461:1,default_017,59438.0,60112.0,674.0,,3786.296,17.0,358.0,316.0,397.166,,,0.5312,0.4688,,True,completed
carIn44321:1,default_017,59877.0,60112.0,235.0,,2571.984,14.0,15.0,220.0,39.488,,,0.0638,0.9362,,True,completed
carIn45674:1,default_017,59988.0,60113.0,125.0,,1147.418,10.0,24.0,101.0,44.525,,,0.192,0.808,,True,completed
carIn95552:1,default_017,59911.0,60114.0,203.0,,2106.946,0.0,0.0,203.0,34.33,,,0.0,1.0,,True,completed
h22386c1:1,default_017,59875.0,60114.0,239.0,,2572.447,5.0,7.0,232.0,44.885,,,0.0293,0.9707,,True,completed
carIn130178:1,default_017,60005.0,60115.0,110.0,,1146.451,1.0,2.0,108.0,24.855,,,0.0182,0.9818,,True,completed
h12375c1:3,default_017,59925.0,60115.0,190.0,,2211.062,10.0,10.0,180.0,36.842,,,0.0526,0.9474,,True,completed
carIn113596:1,default_017,59892.0,60117.0,225.0,,2221.645,0.0,4.0,221.0,46.273,,,0.0178,0.9822,,True,completed
carIn55743:1,default_017,60036.0,60118.0,82.0,,876.458,0.0,0.0,82.0,5.144,,,0.0,1.0,,True,completed
h6648c1:1,default_017,59893.0,60118.0,225.0,,1712.648,9.0,77.0,148.0,96.397,,,0.3422,0.6578,,True,completed
carIn59248:1,default_017,59894.0,60119.0,225.0,,2225.707,0.0,2.0,223.0,74.962,,,0.0089,0.9911,,True,completed
carIn119326:1,default_017,60041.0,60120.0,79.0,,875.508,0.0,0.0,79.0,8.274,,,0.0,1.0,,True,completed
carIn31737:1,default_017,59900.0,60120.0,220.0,,2452.298,11.0,22.0,198.0,61.964,,,0.1,0.9,,True,completed
carIn22228:1,default_017,59893.0,60121.0,228.0,,2938.769,0.0,0.0,228.0,39.275,,,0.0,1.0,,True,completed
randUni32703:1,random_017,59898.0,60122.0,224.0,,2220.606,0.0,7.0,217.0,70.985,,,0.0312,0.9688,,True,completed
carIn126532:1,default_017,59947.0,60123.0,176.0,,2091.005,0.0,9.0,167.0,21.415,,,0.0511,0.9489,,True,completed
carIn38141:1,default_016,57907.0,60123.0,2216.0,,2934.244,0.0,1911.0,305.0,1961.414,,,0.8624,0.1376,,True,completed
h8705c1:5,default_017,59952.0,60124.0,172.0,,1815.851,0.0,0.0,172.0,16.416,,,0.0,1.0,,True,completed
carIn92630:1,default_017,59903.0,60125.0,222.0,,2330.193,18.0,18.0,204.0,36.708,,,0.0811,0.9189,,True,completed
carIn9685:1,default_017,59928.0,60126.0,198.0,,2321.066,0.0,8.0,190.0,44.068,,,0.0404,0.9596,,True,completed
h5881c1:1,default_017,60038.0,60127.0,89.0,,687.307,0.0,0.0,89.0,10.546,,,0.0,1.0,,True,completed
carIn1028:1,default_017,59864.0,60128.0,264.0,,3015.138,3.0,15.0,249.0,70.473,,,0.0568,0.9432,,True,completed
carIn14933:1,default_017,59908.0,60134.0,226.0,,2104.898,0.0,0.0,226.0,20.699,,,0.0,1.0,,True,completed
carIn15182:1,default_017,59942.0,60135.0,193.0,,2558.254,0.0,4.0,189.0,24.959,,,0.0207,0.9793,,True,completed
carIn52230:1,default_017,59926.0,60136.0,210.0,,2089.1,0.0,9.0,201.0,32.429,,,0.0429,0.9571,,True,completed
carIn11145:1,default_017,59930.0,60137.0,207.0,,2326.744,0.0,15.0,192.0,53.535,,,0.0725,0.9275,,True,completed
carIn25322:1,default_017,59915.0,60137.0,222.0,,2157.897,0.0,14.0,208.0,36.699,,,0.0631,0.9369,,True,completed
carIn130399:1,default_017,59980.0,60138.0,158.0,,2316.802,0.0,0.0,158.0,14.456,,,0.0,1.0,,True,completed
carIn50118:1,default_017,59850.0,60138.0,288.0,,2460.373,7.0,67.0,221.0,93.928,,,0.2326,0.7674,,True,completed
carIn68034:1,default_017,59995.0,60140.0,145.0,,1592.875,0.0,12.0,133.0,39.691,,,0.0828,0.9172,,True,completed
carIn93120:1,default_017,59982.0,60140.0,158.0,,1753.119,0.0,0.0,158.0,9.996,,,0.0,1.0,,True,completed
carIn101433:1,default_017,60050.0,60142.0,92.0,,847.243,0.0,0.0,92.0,6.987,,,0.0,1.0,,True,completed
randUni8293:1,random_017,59921.0,60145.0,224.0,,2408.34,0.0,0.0,224.0,38.919,,,0.0,1.0,,True,completed
h1722c1:1,default_016,57814.0,60146.0,2332.0,,2642.706,69.0,2098.0,234.0,2172.683,,,0.8997,0.1003,,True,completed
h6226c2:1,default_017,59919.0,60146.0,227.0,,2404.676,0.0,0.0,227.0,25.267,,,0.0,1.0,,True,completed
carIn31215:1,default_017,60068.0,60147.0,79.0,,930.317,10.0,11.0,68.0,29.813,,,0.1392,0.8608,,True,completed
10R_frequency1.41,bus,57907.0,60148.0,2241.0,,2262.301,0.0,1993.0,248.0,2056.15,,,0.8893,0.1107,,True,completed
10_frequency1.45,bus,59641.0,60148.0,507.0,,3515.875,0.0,127.0,380.0,207.131,,,0.2505,0.7495,,True,completed
h3278c2:1,default_017,59911.0,60149.0,238.0,,1825.186,1.0,28.0,210.0,72.159,,,0.1176,0.8824,,True,completed
carIn100273:1,default_017,60128.0,60152.0,24.0,,176.544,0.0,0.0,24.0,3.244,,,0.0,1.0,,True,completed
carIn101453:1,default_017,60003.0,60152.0,149.0,,1534.973,8.0,8.0,141.0,37.217,,,0.0537,0.9463,,True,completed
carIn25105:1,default_017,59919.0,60152.0,233.0,,2132.067,7.0,11.0,222.0,33.228,,,0.0472,0.9528,,True,completed
carIn39482:1,default_017,59870.0,60153.0,283.0,,3020.059,0.0,21.0,262.0,75.378,,,0.0742,0.9258,,True,completed
h13540c2:3,default_016,57783.0,60153.0,2370.0,,1728.352,75.0,2166.0,204.0,2229.284,,,0.9139,0.0861,,True,completed
carIn122678:1,default_017,60008.0,60155.0,147.0,,1471.016,13.0,13.0,134.0,42.245,,,0.0884,0.9116,,True,completed
carIn41325:1,default_017,59885.0,60155.0,270.0,,3026.623,0.0,6.0,264.0,75.068,,,0.0222,0.9778,,True,completed
h7849c1:3,default_017,59964.0,60155.0,191.0,,1761.813,33.0,33.0,158.0,47.686,,,0.1728,0.8272,,True,completed
h8733c1:1,default_017,59948.0,60156.0,208.0,,1502.101,47.0,79.0,129.0,99.893,,,0.3798,0.6202,,True,completed
carIn126478:1,default_017,59857.0,60158.0,301.0,,2810.61,15.0,42.0,259.0,81.452,,,0.1395,0.8605,,True,completed
carIn52808:1,default_017,59922.0,60160.0,238.0,,2648.088,12.0,20.0,218.0,63.957,,,0.084,0.916,,True,completed
randUni30056:1,random_017,60031.0,60160.0,129.0,,1419.803,0.0,0.0,129.0,16.133,,,0.0,1.0,,True,completed
carIn117146:1,default_017,59935.0,60161.0,226.0,,2320.168,6.0,17.0,209.0,56.729,,,0.0752,0.9248,,True,completed
carIn79006:1,default_017,59945.0,60164.0,219.0,,2322.77,4.0,14.0,205.0,49.293,,,0.0639,0.9361,,True,completed
carIn120108:1,default_017,59825.0,60165.0,340.0,,2192.706,3.0,112.0,228.0,144.456,,,0.3294,0.6706,,True,completed
h18961c1:3,default_017,59998.0,60166.0,168.0,,2095.958,0.0,11.0,157.0,30.713,,,0.0655,0.9345,,True,completed
h5625c1:3,default_017,59946.0,60166.0,220.0,,2430.779,3.0,15.0,205.0,60.131,,,0.0682,0.9318,,True,completed
h1896c1:3,default_017,59526.0,60167.0,641.0,,1873.986,31.0,479.0,162.0,523.224,,,0.7473,0.2527,,True,completed
carIn99002:1,default_017,59661.0,60169.0,508.0,,2727.463,19.0,214.0,294.0,295.523,,,0.4213,0.5787,,True,completed
randUni7029:1,random_017,60050.0,60169.0,119.0,,1167.762,0.0,0.0,119.0,10.862,,,0.0,1.0,,True,completed
carIn36997:1,default_017,59896.0,60170.0,274.0,,3024.502,0.0,0.0,274.0,73.283,,,0.0,1.0,,True,completed
carIn63730:1,default_017,59903.0,60172.0,269.0,,3030.387,0.0,0.0,269.0,74.661,,,0.0,1.0,,True,completed
h22337c1:1,default_017,59900.0,60173.0,273.0,,3020.334,0.0,5.0,268.0,75.505,,,0.0183,0.9817,,True,completed
carIn128944:1,default_017,59970.0,60174.0,204.0,,2090.899,0.0,9.0,195.0,27.489,,,0.0441,0.9559,,True,completed
h8336c1:3,default_017,59609.0,60174.0,565.0,,2363.511,1.0,322.0,243.0,400.122,,,0.5699,0.4301,,True,completed
carIn116962:1,default_017,59920.0,60176.0,256.0,,2648.005,18.0,29.0,227.0,78.646,,,0.1133,0.8867,,True,completed
carIn75153:1,default_017,59902.0,60176.0,274.0,,3030.336,0.0,5.0,269.0,69.005,,,0.0182,0.9818,,True,completed
carIn115401:1,default_017,59989.0,60178.0,189.0,,2096.234,0.0,14.0,175.0,29.69,,,0.0741,0.9259,,True,completed
carIn86887:1,default_017,59665.0,60179.0,514.0,,2728.757,10.0,210.0,304.0,281.667,,,0.4086,0.5914,,True,completed
carIn108552:1,default_017,60042.0,60180.0,138.0,,1527.135,5.0,5.0,133.0,30.246,,,0.0362,0.9638,,True,completed
carIn122449:1,default_017,59695.0,60180.0,485.0,,2719.672,10.0,184.0,301.0,274.861,,,0.3794,0.6206,,True,completed
carIn4643:1,default_017,60087.0,60180.0,93.0,,1150.644,0.0,0.0,93.0,8.328,,,0.0,1.0,,True,completed
h4964c2:1,default_017,59782.0,60180.0,398.0,,3131.122,0.0,46.0,352.0,91.786,,,0.1156,0.8844,,True,completed
carIn62269:1,default_017,59698.0,60182.0,484.0,,2723.151,9.0,186.0,298.0,279.523,,,0.3843,0.6157,,True,completed
carIn121765:1,default_017,59700.0,60185.0,485.0,,2726.637,7.0,181.0,304.0,272.116,,,0.3732,0.6268,,True,completed
carIn94195:1,default_017,59856.0,60185.0,329.0,,2465.775,17.0,113.0,216.0,143.179,,,0.3435,0.6565,,True,completed
carIn97075:1,default_017,59933.0,60185.0,252.0,,1685.979,56.0,90.0,162.0,128.234,,,0.3571,0.6429,,True,completed
carIn11579:1,default_017,59907.0,60186.0,279.0,,3024.319,9.0,11.0,268.0,100.447,,,0.0394,0.9606,,True,completed
carIn91305:1,default_017,59723.0,60186.0,463.0,,2716.418,8.0,182.0,281.0,282.55,,,0.3931,0.6069,,True,completed
carIn133266:1,default_017,60028.0,60187.0,159.0,,1091.507,46.0,55.0,104.0,78.606,,,0.3459,0.6541,,True,completed
carIn84139:1,default_017,59993.0,60188.0,195.0,,2324.487,7.0,20.0,175.0,54.115,,,0.1026,0.8974,,True,completed
carIn50466:1,default_017,60088.0,60189.0,101.0,,1091.638,7.0,7.0,94.0,31.021,,,0.0693,0.9307,,True,completed
carIn20524:1,default_017,60003.0,60190.0,187.0,,2328.606,5.0,13.0,174.0,49.598,,,0.0695,0.9305,,True,completed
h21016c1:1,default_017,59887.0,60190.0,303.0,,2024.819,5.0,94.0,209.0,134.738,,,0.3102,0.6898,,True,completed
carIn67235:1,default_017,59158.0,60193.0,1035.0,,2195.369,0.0,720.0,315.0,830.027,,,0.6957,0.3043,,True,completed
h3793c2:1,default_017,59917.0,60194.0,277.0,,1596.973,0.0,92.0,185.0,126.529,,,0.3321,0.6679,,True,completed
randUni3248:1,random_017,59804.0,60194.0,390.0,,2578.528,1.0,130.0,260.0,177.996,,,0.3333,0.6667,,True,completed
carIn121002:1,default_017,60000.0,60195.0,195.0,,2092.01,0.0,10.0,185.0,29.701,,,0.0513,0.9487,,True,completed
h20286c1:1,default_017,59905.0,60195.0,290.0,,3018.612,5.0,7.0,283.0,95.824,,,0.0241,0.9759,,True,completed
carIn19520:1,default_017,60029.0,60196.0,167.0,,2097.417,0.0,0.0,167.0,12.073,,,0.0,1.0,,True,completed
h1871c1:3,default_017,59989.0,60196.0,207.0,,1764.611,8.0,24.0,183.0,50.103,,,0.1159,0.8841,,True,completed
carIn54378:1,default_017,60006.0,60197.0,191.0,,2095.213,0.0,9.0,182.0,30.191,,,0.0471,0.9529,,True,completed
carIn93341:1,default_017,59703.0,60199.0,496.0,,2950.404,0.0,184.0,312.0,279.108,,,0.371,0.629,,True,completed
carIn119566:1,default_017,59996.0,60201.0,205.0,,2057.921,0.0,9.0,196.0,27.221,,,0.0439,0.9561,,True,completed
carIn47309:1,default_017,60097.0,60201.0,104.0,,694.273,31.0,31.0,73.0,42.73,,,0.2981,0.7019,,True,completed
randUni27803:1,random_017,59915.0,60201.0,286.0,,3413.611,3.0,21.0,265.0,82.994,,,0.0734,0.9266,,True,completed
carIn100324:1,default_017,60092.0,60202.0,110.0,,1145.424,8.0,8.0,102.0,19.86,,,0.0727,0.9273,,True,completed
carIn13427:1,default_017,60096.0,60203.0,107.0,,1148.53,9.0,9.0,98.0,25.168,,,0.0841,0.9159,,True,completed
carIn57557:1,default_017,59738.0,60203.0,465.0,,2726.491,0.0,157.0,308.0,220.771,,,0.3376,0.6624,,True,completed
h8943c1:3,default_017,60100.0,60204.0,104.0,,698.581,29.0,29.0,75.0,43.347,,,0.2788,0.7212,,True,completed
carIn16097:1,default_017,59985.0,60205.0,220.0,,2323.743,1.0,16.0,204.0,40.373,,,0.0727,0.9273,,True,completed
h1736c1:1,default_017,59951.0,60205.0,254.0,,2743.789,0.0,9.0,245.0,44.814,,,0.0354,0.9646,,True,completed
h2151c2:1,default_017,60040.0,60205.0,165.0,,1810.781,0.0,0.0,165.0,11.253,,,0.0,1.0,,True,completed
carIn3784:1,default_017,59191.0,60206.0,1015.0,,2190.121,19.0,716.0,299.0,837.842,,,0.7054,0.2946,,True,completed
carIn45259:1,default_017,60094.0,60206.0,112.0,,1154.73,9.0,11.0,101.0,31.375,,,0.0982,0.9018,,True,completed
h19989c1:1,default_016,57731.0,60206.0,2475.0,,2071.375,0.0,2275.0,200.0,2325.685,,,0.9192,0.0808,,True,completed
carIn119055:1,default_017,59879.0,60207.0,328.0,,2465.907,6.0,88.0,240.0,159.143,,,0.2683,0.7317,,True,completed
carIn5029:1,default_017,59991.0,60207.0,216.0,,2329.164,0.0,14.0,202.0,47.552,,,0.0648,0.9352,,True,completed
h9956c2:1,default_017,60027.0,60208.0,181.0,,2319.369,0.0,0.0,181.0,23.26,,,0.0,1.0,,True,completed
carIn87481:1,default_017,59986.0,60209.0,223.0,,1764.058,0.0,11.0,212.0,37.844,,,0.0493,0.9507,,True,completed
carIn108703:1,default_017,60040.0,60210.0,170.0,,1589.177,0.0,35.0,135.0,53.788,,,0.2059,0.7941,,True,completed
carIn38064:1,default_017,60008.0,60210.0,202.0,,2324.175,0.0,8.0,194.0,32.907,,,0.0396,0.9604,,True,completed
h13339c1:1,default_017,60102.0,60211.0,109.0,,698.848,36.0,36.0,73.0,51.82,,,0.3303,0.6697,,True,completed
carIn42687:1,default_017,59777.0,60212.0,435.0,,2722.126,3.0,138.0,297.0,205.478,,,0.3172,0.6828,,True,completed
h13512c1:1,default_017,59992.0,60212.0,220.0,,2953.009,0.0,0.0,220.0,13.073,,,0.0,1.0,,True,completed
carIn62582:1,default_017,60003.0,60217.0,214.0,,2107.352,24.0,24.0,190.0,50.828,,,0.1121,0.8879,,True,completed
h18095c1:3,default_017,60107.0,60217.0,110.0,,693.878,33.0,33.0,77.0,50.97,,,0.3,0.7,,True,completed
h7188c1:3,default_017,59975.0,60218.0,243.0,,2210.254,41.0,66.0,177.0,114.548,,,0.2716,0.7284,,True,completed
carIn96239:1,default_017,59858.0,60221.0,363.0,,2627.182,2.0,95.0,268.0,127.104,,,0.2617,0.7383,,True,completed
carIn94707:1,default_017,60032.0,60222.0,190.0,,2295.649,0.0,0.0,190.0,16.471,,,0.0,1.0,,True,completed
carIn105021:1,default_017,60161.0,60223.0,62.0,,428.876,9.0,9.0,53.0,19.353,,,0.1452,0.8548,,True,completed
randUni9225:1,random_017,60202.0,60224.0,22.0,,233.541,0.0,0.0,22.0,3.123,,,0.0,1.0,,True,completed
70.44,bus,59810.0,60225.0,415.0,,2575.51,1.0,132.0,283.0,204.842,,,0.3181,0.6819,,True,completed
carIn56120:1,default_017,60034.0,60226.0,192.0,,2091.42,0.0,38.0,154.0,57.893,,,0.1979,0.8021,,True,completed
h2533c1:3,default_017,59903.0,60226.0,323.0,,2799.396,0.0,3.0,320.0,52.709,,,0.0093,0.9907,,True,completed
carIn5195:1,default_017,60015.0,60228.0,213.0,,2102.953,0.0,0.0,213.0,19.156,,,0.0,1.0,,True,completed
h18895c1:1,default_017,60096.0,60228.0,132.0,,1536.215,2.0,2.0,130.0,21.151,,,0.0152,0.9848,,True,completed
carIn88700:1,default_017,60038.0,60229.0,191.0,,2094.366,0.0,38.0,153.0,51.388,,,0.199,0.801,,True,completed
carIn1538:1,default_016,59244.0,60231.0,987.0,,2678.603,80.0,651.0,336.0,771.416,,,0.6596,0.3404,,True,completed
carIn94723:1,default_017,59869.0,60231.0,362.0,,2625.529,7.0,91.0,271.0,164.385,,,0.2514,0.7486,,True,completed
h18341c2:3,default_017,59963.0,60231.0,268.0,,2682.953,5.0,19.0,249.0,55.819,,,0.0709,0.9291,,True,completed
h4781c1:1,default_017,59563.0,60232.0,669.0,,797.053,77.0,613.0,56.0,630.118,,,0.9163,0.0837,,True,completed
h8069c1:3,default_017,60055.0,60232.0,177.0,,1847.006,0.0,0.0,177.0,19.28,,,0.0,1.0,,True,completed
h17506c1:3,default_017,59902.0,60233.0,331.0,,2716.484,0.0,1.0,330.0,37.768,,,0.003,0.997,,True,completed
carIn120243:1,default_017,60036.0,60235.0,199.0,,2331.694,0.0,38.0,161.0,58.768,,,0.191,0.809,,True,completed
carIn21035:1,default_017,60096.0,60237.0,141.0,,1591.895,0.0,7.0,134.0,31.13,,,0.0496,0.9504,,True,completed
carIn83079:1,default_017,59746.0,60239.0,493.0,,3118.988,0.0,152.0,341.0,216.444,,,0.3083,0.6917,,True,completed
h10259c1:3,default_017,60098.0,60240.0,142.0,,1586.085,0.0,6.0,136.0,25.203,,,0.0423,0.9577,,True,completed
carIn29018:1,default_017,59912.0,60243.0,331.0,,2137.279,0.0,0.0,331.0,50.89,,,0.0,1.0,,True,completed
h5677c2:1,default_017,60157.0,60245.0,88.0,,783.577,19.0,19.0,69.0,28.291,,,0.2159,0.7841,,True,completed
randUni13024:1,random_017,60230.0,60245.0,15.0,,159.755,0.0,0.0,15.0,2.143,,,0.0,1.0,,True,completed
carIn127723:1,default_017,60082.0,60246.0,164.0,,2085.145,2.0,2.0,162.0,29.526,,,0.0122,0.9878,,True,completed
h3250c1:3,default_017,59958.0,60247.0,289.0,,1814.998,0.0,0.0,289.0,93.271,,,0.0,1.0,,True,completed
carIn130986:1,default_017,60237.0,60253.0,16.0,,161.565,0.0,0.0,16.0,0.908,,,0.0,1.0,,True,completed
randUni8012:1,random_017,60246.0,60254.0,8.0,,96.081,0.0,0.0,8.0,0.242,,,0.0,1.0,,True,completed
randUni22786:1,random_016,58066.0,60255.0,2189.0,,218.861,85.0,2145.0,44.0,2172.53,,,0.9799,0.0201,,True,completed
carIn95680:1,default_017,59779.0,60257.0,478.0,,2722.09,0.0,136.0,342.0,212.991,,,0.2845,0.7155,,True,completed
h17897c1:1,default_017,60082.0,60257.0,175.0,,1251.357,2.0,45.0,130.0,71.149,,,0.2571,0.7429,,True,completed
carIn48501:1,default_017,59929.0,60260.0,331.0,,3843.696,0.0,9.0,322.0,73.243,,,0.0272,0.9728,,True,completed
h6564c2:1,default_017,60140.0,60262.0,122.0,,367.596,69.0,69.0,53.0,87.641,,,0.5656,0.4344,,True,completed
randUni31234:1,random_017,60250.0,60264.0,14.0,,123.634,0.0,0.0,14.0,1.953,,,0.0,1.0,,True,completed
h10924c2:1,default_017,60072.0,60266.0,194.0,,2323.204,11.0,16.0,178.0,54.959,,,0.0825,0.9175,,True,completed
carIn32189:1,default_017,60050.0,60267.0,217.0,,2415.273,0.0,4.0,213.0,54.329,,,0.0184,0.9816,,True,completed
h1352c2:3,default_017,60137.0,60268.0,131.0,,950.917,0.0,0.0,131.0,13.393,,,0.0,1.0,,True,completed
carIn48897:1,default_016,57777.0,60271.0,2494.0,,2066.224,57.0,2290.0,204.0,2355.98,,,0.9182,0.0818,,True,completed
carIn99747:1,default_017,59870.0,60271.0,401.0,,2671.096,12.0,120.0,281.0,196.945,,,0.2993,0.7007,,True,completed
carIn63402:1,default_017,60055.0,60272.0,217.0,,2063.87,54.0,54.0,163.0,73.932,,,0.2488,0.7512,,True,completed
carIn856:1,default_017,60041.0,60273.0,232.0,,2322.607,0.0,35.0,197.0,66.359,,,0.1509,0.8491,,True,completed
carIn119663:1,default_017,59913.0,60276.0,363.0,,3845.02,0.0,22.0,341.0,58.938,,,0.0606,0.9394,,True,completed
h18408c1:3,default_017,60068.0,60276.0,208.0,,1863.501,0.0,31.0,177.0,58.263,,,0.149,0.851,,True,completed
h18401c1:1,default_017,60091.0,60279.0,188.0,,2065.833,3.0,9.0,179.0,31.359,,,0.0479,0.9521,,True,completed
h6466c1:1,default_017,60165.0,60280.0,115.0,,1316.137,0.0,0.0,115.0,8.105,,,0.0,1.0,,True,completed
carIn15622:1,default_017,60079.0,60281.0,202.0,,2329.797,6.0,8.0,194.0,35.653,,,0.0396,0.9604,,True,completed
carIn70751:1,default_016,57768.0,60282.0,2514.0,,2062.726,46.0,2292.0,222.0,2341.421,,,0.9117,0.0883,,True,completed
h14055c1:1,default_017,60111.0,60282.0,171.0,,2320.209,0.0,0.0,171.0,36.545,,,0.0,1.0,,True,completed
carIn8555:1,default_017,60133.0,60287.0,154.0,,2086.851,0.0,4.0,150.0,34.176,,,0.026,0.974,,True,completed
carIn44338:1,default_017,60109.0,60288.0,179.0,,1748.942,0.0,2.0,177.0,24.746,,,0.0112,0.9888,,True,completed
carIn111726:1,default_017,59935.0,60289.0,354.0,,3846.863,3.0,7.0,347.0,69.103,,,0.0198,0.9802,,True,completed
carIn90721:1,default_017,60105.0,60291.0,186.0,,2087.319,0.0,17.0,169.0,45.637,,,0.0914,0.9086,,True,completed
carIn119364:1,default_017,60087.0,60293.0,206.0,,2095.105,6.0,15.0,191.0,40.799,,,0.0728,0.9272,,True,completed
carIn30054:1,default_017,59944.0,60297.0,353.0,,3850.89,0.0,1.0,352.0,53.888,,,0.0028,0.9972,,True,completed
carIn114071:1,default_017,59934.0,60298.0,364.0,,2858.305,72.0,123.0,241.0,169.604,,,0.3379,0.6621,,True,completed
h15024c1:2,default_017,60140.0,60298.0,158.0,,1398.848,4.0,4.0,154.0,33.635,,,0.0253,0.9747,,True,completed
carIn10399:1,default_017,60103.0,60299.0,196.0,,2320.016,8.0,12.0,184.0,39.291,,,0.0612,0.9388,,True,completed
carIn45428:1,default_017,59937.0,60299.0,362.0,,3848.672,0.0,1.0,361.0,40.035,,,0.0028,0.9972,,True,completed
carIn59791:1,default_017,59945.0,60300.0,355.0,,2853.632,69.0,112.0,243.0,160.01,,,0.3155,0.6845,,True,completed
carIn93327:1,default_017,59902.0,60300.0,398.0,,2668.545,14.0,105.0,293.0,203.729,,,0.2638,0.7362,,True,completed
carIn90096:1,default_017,60253.0,60301.0,48.0,,427.886,0.0,0.0,48.0,4.843,,,0.0,1.0,,True,completed
carIn90201:1,default_017,60101.0,60301.0,200.0,,2327.854,8.0,20.0,180.0,55.284,,,0.1,0.9,,True,completed
randUni18055:1,random_017,60075.0,60301.0,226.0,,1973.692,6.0,9.0,217.0,39.353,,,0.0398,0.9602,,True,completed
carIn21296:1,default_017,59946.0,60302.0,356.0,,3851.626,0.0,0.0,356.0,49.666,,,0.0,1.0,,True,completed
carIn8158:1,default_017,60181.0,60302.0,121.0,,1530.573,0.0,0.0,121.0,26.914,,,0.0,1.0,,True,completed
carIn79344:1,default_017,59908.0,60303.0,395.0,,2918.547,9.0,96.0,299.0,183.177,,,0.243,0.757,,True,completed
carIn24601:1,default_017,60059.0,60304.0,245.0,,2990.111,0.0,10.0,235.0,56.341,,,0.0408,0.9592,,True,completed
carIn130473:1,default_017,60044.0,60306.0,262.0,,2022.442,0.0,11.0,251.0,62.476,,,0.042,0.958,,True,completed
carIn47060:1,default_017,59942.0,60306.0,364.0,,3847.702,0.0,0.0,364.0,35.634,,,0.0,1.0,,True,completed
carIn69238:1,default_017,60086.0,60306.0,220.0,,2987.073,0.0,0.0,220.0,29.97,,,0.0,1.0,,True,completed
h8367c1:3,default_017,59990.0,60308.0,318.0,,1801.146,12.0,106.0,212.0,193.282,,,0.3333,0.6667,,True,completed
carIn70417:1,default_017,60114.0,60309.0,195.0,,2190.919,0.0,15.0,180.0,41.132,,,0.0769,0.9231,,True,completed
70R.44,bus,60144.0,60310.0,166.0,,2077.932,0.0,0.0,166.0,15.401,,,0.0,1.0,,True,completed
carIn73616:1,default_017,60107.0,60311.0,204.0,,2327.494,0.0,3.0,201.0,27.693,,,0.0147,0.9853,,True,completed
carIn35475:1,default_017,60160.0,60313.0,153.0,,1151.177,29.0,29.0,124.0,41.408,,,0.1895,0.8105,,True,completed
carIn37549:1,default_017,60050.0,60315.0,265.0,,3041.751,0.0,18.0,247.0,45.951,,,0.0679,0.9321,,True,completed
h1522c2:1,default_017,60210.0,60315.0,105.0,,1185.474,0.0,0.0,105.0,9.091,,,0.0,1.0,,True,completed
carIn65611:1,default_017,60061.0,60317.0,256.0,,3047.601,0.0,14.0,242.0,76.034,,,0.0547,0.9453,,True,completed
carIn105920:1,default_017,60131.0,60318.0,187.0,,2320.449,7.0,18.0,169.0,53.8,,,0.0963,0.9037,,True,completed
h18202c1:3,default_017,59562.0,60319.0,757.0,,2747.626,52.0,488.0,269.0,565.574,,,0.6446,0.3554,,True,completed
h21367c2:3,default_017,60121.0,60320.0,199.0,,2185.398,0.0,8.0,191.0,32.145,,,0.0402,0.9598,,True,completed
carIn36263:1,default_016,58027.0,60321.0,2294.0,,2989.127,6.0,2035.0,259.0,2096.759,,,0.8871,0.1129,,True,completed
carIn13549:1,default_017,60181.0,60322.0,141.0,,1597.031,9.0,9.0,132.0,26.997,,,0.0638,0.9362,,True,completed
carIn79484:1,default_017,60167.0,60322.0,155.0,,1583.335,8.0,8.0,147.0,25.108,,,0.0516,0.9484,,True,completed
randUni31515:1,random_017,60150.0,60324.0,174.0,,1080.029,54.0,59.0,115.0,75.753,,,0.3391,0.6609,,True,completed
carIn23218:1,default_017,60127.0,60326.0,199.0,,2329.045,5.0,5.0,194.0,23.873,,,0.0251,0.9749,,True,completed
randUni2365:1,random_017,60309.0,60326.0,17.0,,133.187,0.0,0.0,17.0,6.253,,,0.0,1.0,,True,completed
carIn101107:1,default_017,60129.0,60328.0,199.0,,2321.557,5.0,5.0,194.0,25.913,,,0.0251,0.9749,,True,completed
carIn63295:1,default_017,60251.0,60328.0,77.0,,934.867,15.0,15.0,62.0,29.998,,,0.1948,0.8052,,True,completed
44.22,bus,60098.0,60330.0,232.0,,1176.697,71.0,114.0,118.0,145.515,,,0.4914,0.5086,,True,completed
carIn15521:1,default_017,60137.0,60330.0,193.0,,2327.484,4.0,4.0,189.0,32.426,,,0.0207,0.9793,,True,completed
randUni31271:1,random_017,60148.0,60331.0,183.0,,2188.291,0.0,0.0,183.0,13.307,,,0.0,1.0,,True,completed
h6617c2:1,default_017,60047.0,60332.0,285.0,,3399.612,0.0,22.0,263.0,59.857,,,0.0772,0.9228,,True,completed
h8646c2:1,default_017,60143.0,60332.0,189.0,,2180.296,5.0,5.0,184.0,44.523,,,0.0265,0.9735,,True,completed
h8325c1:3,default_017,60114.0,60333.0,219.0,,2560.417,0.0,0.0,219.0,27.549,,,0.0,1.0,,True,completed
carIn131081:1,default_017,60125.0,60334.0,209.0,,1680.926,57.0,61.0,148.0,86.182,,,0.2919,0.7081,,True,completed
randUni13744:1,random_017,60122.0,60335.0,213.0,,1903.674,0.0,0.0,213.0,24.927,,,0.0,1.0,,True,completed
carIn103779:1,default_017,60154.0,60336.0,182.0,,1086.645,49.0,77.0,105.0,110.848,,,0.4231,0.5769,,True,completed
carIn95649:1,default_017,60138.0,60337.0,199.0,,1585.884,54.0,56.0,143.0,82.695,,,0.2814,0.7186,,True,completed
carIn47422:1,default_017,60152.0,60338.0,186.0,,2263.246,10.0,10.0,176.0,32.996,,,0.0538,0.9462,,True,completed
h18912c2:1,default_017,60142.0,60338.0,196.0,,1680.431,29.0,42.0,154.0,85.819,,,0.2143,0.7857,,True,completed
carIn117870:1,default_017,60139.0,60340.0,201.0,,1747.555,40.0,40.0,161.0,68.377,,,0.199,0.801,,True,completed
randUni29831:1,random_017,60196.0,60340.0,144.0,,1574.707,5.0,5.0,139.0,35.259,,,0.0347,0.9653,,True,completed
carIn54105:1,default_017,60051.0,60343.0,292.0,,3683.776,0.0,0.0,292.0,33.899,,,0.0,1.0,,True,completed
carIn7376:1,default_017,59954.0,60344.0,390.0,,2852.483,63.0,142.0,248.0,231.741,,,0.3641,0.6359,,True,completed
carIn27282:1,default_017,60177.0,60345.0,168.0,,1759.066,0.0,2.0,166.0,26.798,,,0.0119,0.9881,,True,completed
carIn77737:1,default_017,60200.0,60346.0,146.0,,948.793,0.0,0.0,146.0,20.867,,,0.0,1.0,,True,completed
h10601c2:3,default_017,59928.0,60346.0,418.0,,2579.278,57.0,131.0,287.0,210.823,,,0.3134,0.6866,,True,completed
carIn4086:1,default_017,60025.0,60349.0,324.0,,3851.368,0.0,0.0,324.0,25.515,,,0.0,1.0,,True,completed
carIn30648:1,default_016,58146.0,60350.0,2204.0,,2080.008,70.0,1999.0,205.0,2055.995,,,0.907,0.093,,True,completed
h21808c2:1,default_017,60030.0,60350.0,320.0,,1902.074,11.0,104.0,216.0,135.896,,,0.325,0.675,,True,completed
h6036c2:1,default_017,60122.0,60350.0,228.0,,1184.144,58.0,91.0,137.0,138.971,,,0.3991,0.6009,,True,completed
carIn97415:1,default_017,60211.0,60351.0,140.0,,1525.826,5.0,5.0,135.0,39.262,,,0.0357,0.9643,,True,completed
carIn101809:1,default_016,57909.0,60352.0,2443.0,,1747.838,14.0,2245.0,198.0,2316.281,,,0.919,0.081,,True,completed
carIn50859:1,default_017,60104.0,60352.0,248.0,,1902.221,12.0,45.0,203.0,95.977,,,0.1815,0.8185,,True,completed
h4105c2:1,default_017,60257.0,60352.0,95.0,,1148.95,8.0,8.0,87.0,24.144,,,0.0842,0.9158,,True,completed
randUni17381:1,random_017,60122.0,60352.0,230.0,,959.565,64.0,89.0,141.0,141.86,,,0.387,0.613,,True,completed
carIn72374:1,default_017,59976.0,60354.0,378.0,,2852.498,62.0,107.0,271.0,184.043,,,0.2831,0.7169,,True,completed
carIn64300:1,default_017,60283.0,60355.0,72.0,,429.412,14.0,14.0,58.0,22.949,,,0.1944,0.8056,,True,completed
carIn116289:1,default_017,59981.0,60357.0,376.0,,2852.954,59.0,100.0,276.0,186.457,,,0.266,0.734,,True,completed
h7706c1:1,default_017,60150.0,60359.0,209.0,,2083.708,26.0,30.0,179.0,57.489,,,0.1435,0.8565,,True,completed
h22386c1:3,default_017,59348.0,60360.0,1012.0,,3388.41,58.0,754.0,258.0,816.155,,,0.7451,0.2549,,True,completed
h6920c2:1,default_017,60152.0,60360.0,208.0,,743.648,59.0,76.0,132.0,123.586,,,0.3654,0.6346,,True,completed
h5538c1:3,default_017,60075.0,60361.0,286.0,,2335.999,8.0,89.0,197.0,143.13,,,0.3112,0.6888,,True,completed
h20162c1:3,default_017,60115.0,60364.0,249.0,,2982.053,0.0,18.0,231.0,57.7,,,0.0723,0.9277,,True,completed
carIn87994:1,default_017,60125.0,60366.0,241.0,,2986.796,0.0,16.0,225.0,54.978,,,0.0664,0.9336,,True,completed
h5040c2:1,default_017,59983.0,60368.0,385.0,,2740.65,53.0,95.0,290.0,164.992,,,0.2468,0.7532,,True,completed
carIn30015:1,default_017,60221.0,60369.0,148.0,,1532.195,3.0,10.0,138.0,46.81,,,0.0676,0.9324,,True,completed
carIn2556:1,default_017,60119.0,60373.0,254.0,,2056.03,59.0,70.0,184.0,94.59,,,0.2756,0.7244,,True,completed
carIn38513:1,default_017,60250.0,60373.0,123.0,,1384.952,6.0,7.0,116.0,23.158,,,0.0569,0.9431,,True,completed
carIn78473:1,default_017,60047.0,60373.0,326.0,,1599.045,0.0,111.0,215.0,138.199,,,0.3405,0.6595,,True,completed
randUni17729:1,random_017,59083.0,60373.0,1290.0,,2553.062,22.0,1041.0,249.0,1084.99,,,0.807,0.193,,True,completed
carIn113194:1,default_017,60037.0,60375.0,338.0,,3847.474,0.0,0.0,338.0,25.675,,,0.0,1.0,,True,completed
carIn46522:1,default_017,60154.0,60375.0,221.0,,2135.729,29.0,29.0,192.0,58.832,,,0.1312,0.8688,,True,completed
randUni17453:1,random_017,60213.0,60376.0,163.0,,1486.081,5.0,14.0,149.0,35.071,,,0.0859,0.9141,,True,completed
carIn38060:1,default_017,60135.0,60377.0,242.0,,2984.107,0.0,9.0,233.0,34.986,,,0.0372,0.9628,,True,completed
h8371c2:3,default_017,60184.0,60377.0,193.0,,2109.865,0.0,2.0,191.0,44.138,,,0.0104,0.9896,,True,completed
h11491c1:3,default_017,59963.0,60379.0,416.0,,2586.079,47.0,104.0,312.0,193.991,,,0.25,0.75,,True,completed
carIn121550:1,default_017,60190.0,60381.0,191.0,,705.867,51.0,118.0,73.0,133.525,,,0.6178,0.3822,,True,completed
carIn39552:1,default_017,60249.0,60382.0,133.0,,1539.757,4.0,4.0,129.0,21.862,,,0.0301,0.9699,,True,completed
h17777c1:1,default_017,60167.0,60382.0,215.0,,700.511,53.0,140.0,75.0,154.483,,,0.6512,0.3488,,True,completed
carIn93060:1,default_017,60234.0,60383.0,149.0,,1905.264,3.0,3.0,146.0,21.959,,,0.0201,0.9799,,True,completed
carIn96557:1,default_017,60176.0,60383.0,207.0,,1754.71,37.0,37.0,170.0,62.3,,,0.1787,0.8213,,True,completed
h18804c1:1,default_017,60193.0,60383.0,190.0,,2186.802,0.0,4.0,186.0,24.053,,,0.0211,0.9789,,True,completed
58.21,bus,59864.0,60384.0,520.0,,2644.676,56.0,207.0,313.0,300.386,,,0.3981,0.6019,,True,completed
carIn41951:1,default_017,60192.0,60384.0,192.0,,702.901,49.0,117.0,75.0,132.001,,,0.6094,0.3906,,True,completed
carIn109667:1,default_017,60086.0,60385.0,299.0,,2330.042,26.0,85.0,214.0,125.852,,,0.2843,0.7157,,True,completed
carIn131023:1,default_017,60071.0,60385.0,314.0,,2496.95,31.0,107.0,207.0,146.501,,,0.3408,0.6592,,True,completed
h21872c1:1,default_016,57902.0,60385.0,2483.0,,1743.506,7.0,2291.0,192.0,2363.278,,,0.9227,0.0773,,True,completed
carIn62458:1,default_017,60239.0,60386.0,147.0,,701.207,48.0,70.0,77.0,81.53,,,0.4762,0.5238,,True,completed
carIn23455:1,default_017,60204.0,60387.0,183.0,,2060.302,2.0,2.0,181.0,24.754,,,0.0109,0.9891,,True,completed
carIn84997:1,default_017,60098.0,60387.0,289.0,,1596.756,0.0,54.0,235.0,86.909,,,0.1869,0.8131,,True,completed
h8838c2:1,default_017,60170.0,60388.0,218.0,,1909.681,8.0,49.0,169.0,81.616,,,0.2248,0.7752,,True,completed
carIn25092:1,default_017,60207.0,60389.0,182.0,,2065.266,2.0,2.0,180.0,37.723,,,0.011,0.989,,True,completed
h11604c1:3,default_017,60146.0,60393.0,247.0,,2812.618,4.0,4.0,243.0,29.302,,,0.0162,0.9838,,True,completed
carIn45819:1,default_017,60207.0,60394.0,187.0,,2249.169,0.0,10.0,177.0,32.344,,,0.0535,0.9465,,True,completed
carIn107581:1,default_017,60196.0,60398.0,202.0,,2181.925,8.0,10.0,192.0,35.823,,,0.0495,0.9505,,True,completed
carIn73533:1,default_017,60143.0,60398.0,255.0,,2745.724,2.0,8.0,247.0,43.81,,,0.0314,0.9686,,True,completed
h11144c1:3,default_017,60141.0,60400.0,259.0,,2328.218,47.0,54.0,205.0,89.32,,,0.2085,0.7915,,True,completed
carIn23865:1,default_017,60106.0,60401.0,295.0,,3661.106,0.0,0.0,295.0,48.631,,,0.0,1.0,,True,completed
carIn91332:1,default_017,60150.0,60401.0,251.0,,2984.698,1.0,5.0,246.0,42.626,,,0.0199,0.9801,,True,completed
carIn93155:1,default_017,60120.0,60401.0,281.0,,3128.749,0.0,33.0,248.0,64.941,,,0.1174,0.8826,,True,completed
carIn22472:1,default_017,60277.0,60402.0,125.0,,1524.933,5.0,5.0,120.0,29.534,,,0.04,0.96,,True,completed
carIn14785:1,default_017,60214.0,60403.0,189.0,,2061.567,0.0,5.0,184.0,32.711,,,0.0265,0.9735,,True,completed
carIn97493:1,default_017,60153.0,60403.0,250.0,,2989.174,0.0,2.0,248.0,60.786,,,0.008,0.992,,True,completed
carIn121427:1,default_016,58127.0,60404.0,2277.0,,2924.898,16.0,2038.0,239.0,2078.029,,,0.895,0.105,,True,completed
carIn126748:1,default_017,60156.0,60404.0,248.0,,2978.772,0.0,3.0,245.0,83.009,,,0.0121,0.9879,,True,completed
carIn60812:1,default_017,60135.0,60404.0,269.0,,2326.685,42.0,42.0,227.0,70.624,,,0.1561,0.8439,,True,completed
carIn128895:1,default_017,60211.0,60406.0,195.0,,2182.012,0.0,6.0,189.0,44.912,,,0.0308,0.9692,,True,completed
carIn95654:1,default_017,60088.0,60406.0,318.0,,3664.009,0.0,0.0,318.0,54.481,,,0.0,1.0,,True,completed
h16709c1:1,default_017,60159.0,60406.0,247.0,,2332.855,33.0,39.0,208.0,76.307,,,0.1579,0.8421,,True,completed
carIn32668:1,default_017,60171.0,60407.0,236.0,,2323.266,27.0,32.0,204.0,70.757,,,0.1356,0.8644,,True,completed
carIn82041:1,default_017,60247.0,60410.0,163.0,,2094.243,0.0,0.0,163.0,9.442,,,0.0,1.0,,True,completed
h10426c1:1,default_017,60172.0,60410.0,238.0,,2330.996,0.0,39.0,199.0,77.609,,,0.1639,0.8361,,True,completed
h14455c1:1,default_017,60291.0,60411.0,120.0,,705.458,34.0,35.0,85.0,48.898,,,0.2917,0.7083,,True,completed
h7997c1:5,default_017,60198.0,60411.0,213.0,,1572.61,55.0,57.0,156.0,78.181,,,0.2676,0.7324,,True,completed
carIn43115:1,default_017,60098.0,60413.0,315.0,,3664.247,0.0,0.0,315.0,45.966,,,0.0,1.0,,True,completed
carIn76164:1,default_017,60238.0,60413.0,175.0,,2054.482,0.0,0.0,175.0,19.679,,,0.0,1.0,,True,completed
carIn104797:1,default_017,60361.0,60414.0,53.0,,500.804,0.0,0.0,53.0,4.615,,,0.0,1.0,,True,completed
h7469c2:3,default_017,60349.0,60418.0,69.0,,645.062,0.0,0.0,69.0,7.047,,,0.0,1.0,,True,completed
h16634c2:3,default_017,60151.0,60419.0,268.0,,1178.28,47.0,107.0,161.0,171.724,,,0.3993,0.6007,,True,completed
h14694c1:1,default_017,60209.0,60420.0,211.0,,2247.637,0.0,12.0,199.0,36.403,,,0.0569,0.9431,,True,completed
carIn25519:1,default_017,60184.0,60421.0,237.0,,2318.99,32.0,37.0,200.0,69.877,,,0.1561,0.8439,,True,completed
carIn51558:1,default_017,60215.0,60421.0,206.0,,2238.102,0.0,11.0,195.0,43.999,,,0.0534,0.9466,,True,completed
carIn54670:1,default_017,60147.0,60423.0,276.0,,3067.157,8.0,32.0,244.0,78.8,,,0.1159,0.8841,,True,completed
h5335c2:1,default_017,59714.0,60424.0,710.0,,3834.118,56.0,260.0,450.0,372.014,,,0.3662,0.6338,,True,completed
carIn53208:1,default_017,60199.0,60425.0,226.0,,2421.927,8.0,23.0,203.0,76.809,,,0.1018,0.8982,,True,completed
S7R.3,bus,60421.0,60426.0,5.0,,53.971,0.0,0.0,5.0,0.114,,,0.0,1.0,,True,completed
carIn2052:1,default_017,60145.0,60426.0,281.0,,3074.331,0.0,24.0,257.0,50.931,,,0.0854,0.9146,,True,completed
h21497c2:3,default_017,60054.0,60427.0,373.0,,2111.075,53.0,177.0,196.0,215.106,,,0.4745,0.5255,,True,completed
carIn130023:1,default_017,60119.0,60430.0,311.0,,2104.052,50.0,100.0,211.0,143.243,,,0.3215,0.6785,,True,completed
h17887c1:3,default_017,59863.0,60432.0,569.0,,3072.119,47.0,242.0,327.0,354.784,,,0.4253,0.5747,,True,completed
h5893c1:3,default_017,60316.0,60432.0,116.0,,1048.675,0.0,0.0,116.0,12.421,,,0.0,1.0,,True,completed
carIn28190:1,default_017,60219.0,60433.0,214.0,,2242.392,9.0,18.0,196.0,50.9,,,0.0841,0.9159,,True,completed
carIn69673:1,default_017,60339.0,60433.0,94.0,,701.701,6.0,6.0,88.0,18.018,,,0.0638,0.9362,,True,completed
carIn114148:1,default_017,60158.0,60434.0,276.0,,2752.174,0.0,17.0,259.0,49.835,,,0.0616,0.9384,,True,completed
carIn40028:1,default_017,60086.0,60434.0,348.0,,3821.019,0.0,0.0,348.0,37.321,,,0.0,1.0,,True,completed
h17189c2:1,default_017,60084.0,60434.0,350.0,,3163.369,0.0,9.0,341.0,46.451,,,0.0257,0.9743,,True,completed
h23113c1:3,default_017,60128.0,60434.0,306.0,,2100.759,47.0,87.0,219.0,130.057,,,0.2843,0.7157,,True,completed
carIn125642:1,default_017,60222.0,60435.0,213.0,,2240.466,2.0,19.0,194.0,52.209,,,0.0892,0.9108,,True,completed
carIn10026:1,default_017,60224.0,60437.0,213.0,,2241.231,0.0,13.0,200.0,53.543,,,0.061,0.939,,True,completed
h3091c2:1,default_017,60224.0,60438.0,214.0,,1098.694,54.0,71.0,143.0,99.566,,,0.3318,0.6682,,True,completed
carIn30722:1,default_017,60271.0,60439.0,168.0,,1753.205,0.0,0.0,168.0,15.588,,,0.0,1.0,,True,completed
carIn47609:1,default_017,60227.0,60439.0,212.0,,2246.033,0.0,37.0,175.0,58.129,,,0.1745,0.8255,,True,completed
carIn73460:1,default_017,60220.0,60440.0,220.0,,2141.12,2.0,2.0,218.0,25.262,,,0.0091,0.9909,,True,completed
h2996c1:3,default_016,57859.0,60441.0,2582.0,,2386.942,72.0,2281.0,301.0,2359.157,,,0.8834,0.1166,,True,completed
carIn31363:1,default_017,60231.0,60442.0,211.0,,2135.206,2.0,2.0,209.0,44.178,,,0.0095,0.9905,,True,completed
h11930c1:3,default_017,60273.0,60442.0,169.0,,2088.005,0.0,0.0,169.0,18.691,,,0.0,1.0,,True,completed
h1743c1:3,default_017,60163.0,60443.0,280.0,,2164.956,0.0,56.0,224.0,92.244,,,0.2,0.8,,True,completed
carIn107953:1,default_017,60234.0,60444.0,210.0,,2139.77,1.0,11.0,199.0,51.965,,,0.0524,0.9476,,True,completed
carIn95817:1,default_017,59164.0,60446.0,1282.0,,2213.377,60.0,1015.0,267.0,1152.433,,,0.7917,0.2083,,True,completed
h1488c1:3,default_017,60322.0,60447.0,125.0,,1315.348,0.0,0.0,125.0,22.097,,,0.0,1.0,,True,completed
h18191c1:3,default_017,60343.0,60449.0,106.0,,1526.525,1.0,1.0,105.0,26.757,,,0.0094,0.9906,,True,completed
carIn36808:1,default_017,60203.0,60450.0,247.0,,2856.878,0.0,6.0,241.0,59.085,,,0.0243,0.9757,,True,completed
h1678c1:3,default_017,60282.0,60450.0,168.0,,2012.803,0.0,0.0,168.0,24.049,,,0.0,1.0,,True,completed
carIn121907:1,default_017,60444.0,60451.0,7.0,,78.756,0.0,0.0,7.0,0.294,,,0.0,1.0,,True,completed
carIn16188:1,default_017,60366.0,60452.0,86.0,,998.011,0.0,0.0,86.0,7.416,,,0.0,1.0,,True,completed
carIn1372:1,default_017,59770.0,60453.0,683.0,,2632.959,52.0,422.0,261.0,494.888,,,0.6179,0.3821,,True,completed
h19062c2:3,default_017,60343.0,60453.0,110.0,,1490.779,0.0,0.0,110.0,20.89,,,0.0,1.0,,True,completed
carIn103869:1,default_017,60229.0,60454.0,225.0,,2245.546,0.0,36.0,189.0,53.365,,,0.16,0.84,,True,completed
carIn75968:1,default_017,60232.0,60455.0,223.0,,2218.473,0.0,46.0,177.0,80.588,,,0.2063,0.7937,,True,completed
h8093c1:3,default_017,60218.0,60455.0,237.0,,1262.733,87.0,136.0,101.0,152.464,,,0.5738,0.4262,,True,completed
h3849c2:3,default_016,58054.0,60458.0,2404.0,,513.692,75.0,2311.0,93.0,2360.543,,,0.9613,0.0387,,True,completed
randUni20592:1,random_017,60446.0,60458.0,12.0,,121.079,0.0,0.0,12.0,2.296,,,0.0,1.0,,True,completed
carIn121154:1,default_017,60286.0,60460.0,174.0,,2063.788,0.0,0.0,174.0,21.625,,,0.0,1.0,,True,completed
h8654c1:1,default_017,60293.0,60460.0,167.0,,2181.883,4.0,4.0,163.0,37.389,,,0.024,0.976,,True,completed
carIn60638:1,default_017,60255.0,60461.0,206.0,,2128.983,22.0,22.0,184.0,80.631,,,0.1068,0.8932,,True,completed
randUni22494:1,random_017,60257.0,60462.0,205.0,,2091.594,0.0,0.0,205.0,12.224,,,0.0,1.0,,True,completed
h4885c1:1,default_017,60132.0,60464.0,332.0,,3248.07,2.0,53.0,279.0,98.948,,,0.1596,0.8404,,True,completed
11_frequency1.45,bus,60190.0,60465.0,275.0,,2097.427,44.0,61.0,214.0,100.333,,,0.2218,0.7782,,True,completed
carIn115379:1,default_017,60257.0,60466.0,209.0,,2139.858,21.0,21.0,188.0,62.465,,,0.1005,0.8995,,True,completed
h19241c1:3,default_017,60337.0,60467.0,130.0,,2099.953,0.0,0.0,130.0,7.048,,,0.0,1.0,,True,completed
h449c1:3,default_017,60239.0,60467.0,228.0,,2101.201,17.0,25.0,203.0,63.219,,,0.1096,0.8904,,True,completed
h15860c1:3,default_017,60142.0,60468.0,326.0,,3331.727,9.0,49.0,277.0,97.402,,,0.1503,0.8497,,True,completed
carIn101019:1,default_017,60261.0,60469.0,208.0,,2141.151,20.0,20.0,188.0,61.693,,,0.0962,0.9038,,True,completed
carIn78659:1,default_017,60199.0,60469.0,270.0,,2989.829,6.0,19.0,251.0,78.841,,,0.0704,0.9296,,True,completed
carIn104001:1,default_017,60130.0,60470.0,340.0,,3836.372,0.0,9.0,331.0,39.083,,,0.0265,0.9735,,True,completed
carIn124193:1,default_017,60245.0,60470.0,225.0,,2107.38,16.0,16.0,209.0,59.769,,,0.0711,0.9289,,True,completed
h19273c2:1,default_017,60247.0,60470.0,223.0,,2259.567,24.0,27.0,196.0,82.245,,,0.1211,0.8789,,True,completed
carIn49592:1,default_017,60355.0,60471.0,116.0,,699.228,46.0,46.0,70.0,58.653,,,0.3966,0.6034,,True,completed
h19589c2:1,default_017,60284.0,60471.0,187.0,,2183.292,0.0,0.0,187.0,20.377,,,0.0,1.0,,True,completed
15_frequency5.2,bus,60378.0,60472.0,94.0,,1149.544,0.0,0.0,94.0,9.741,,,0.0,1.0,,True,completed
carIn122499:1,default_017,60236.0,60473.0,237.0,,2085.303,0.0,47.0,190.0,71.331,,,0.1983,0.8017,,True,completed
carIn27969:1,default_017,60235.0,60475.0,240.0,,2102.264,7.0,14.0,226.0,41.178,,,0.0583,0.9417,,True,completed
carIn83910:1,default_017,60244.0,60477.0,233.0,,2100.825,6.0,6.0,227.0,37.335,,,0.0258,0.9742,,True,completed
h1733c1:1,default_017,60208.0,60477.0,269.0,,1892.062,18.0,55.0,214.0,81.848,,,0.2045,0.7955,,True,completed
h5582c1:5,default_017,60387.0,60478.0,91.0,,1084.525,5.0,5.0,86.0,16.18,,,0.0549,0.9451,,True,completed
carIn128587:1,default_017,60265.0,60480.0,215.0,,2452.976,12.0,12.0,203.0,47.296,,,0.0558,0.9442,,True,completed
carIn71155:1,default_017,60339.0,60485.0,146.0,,2099.303,0.0,0.0,146.0,7.49,,,0.0,1.0,,True,completed
carIn122355:1,default_017,60302.0,60486.0,184.0,,2142.604,7.0,7.0,177.0,31.136,,,0.038,0.962,,True,completed
carIn51186:1,default_017,60209.0,60486.0,277.0,,2981.138,0.0,12.0,265.0,54.091,,,0.0433,0.9567,,True,completed
carIn89547:1,default_017,60234.0,60486.0,252.0,,2238.283,0.0,64.0,188.0,93.109,,,0.254,0.746,,True,completed
carIn97917:1,default_017,60225.0,60487.0,262.0,,2980.593,0.0,8.0,254.0,62.269,,,0.0305,0.9695,,True,completed
h18637c2:1,default_017,60295.0,60489.0,194.0,,2181.727,0.0,13.0,181.0,34.741,,,0.067,0.933,,True,completed
carIn114276:1,default_017,60168.0,60490.0,322.0,,4124.817,1.0,4.0,318.0,55.956,,,0.0124,0.9876,,True,completed
carIn37660:1,default_017,59863.0,60490.0,627.0,,2456.973,11.0,377.0,250.0,411.709,,,0.6013,0.3987,,True,completed
carIn120863:1,default_017,60278.0,60491.0,213.0,,2262.21,27.0,27.0,186.0,62.376,,,0.1268,0.8732,,True,completed
h6602c1:5,default_017,60358.0,60491.0,133.0,,1135.671,0.0,6.0,127.0,25.664,,,0.0451,0.9549,,True,completed
carIn55193:1,default_017,60307.0,60495.0,188.0,,2129.164,9.0,9.0,179.0,45.585,,,0.0479,0.9521,,True,completed
carIn29117:1,default_017,60348.0,60499.0,151.0,,1755.357,0.0,0.0,151.0,11.915,,,0.0,1.0,,True,completed
carIn113537:1,default_017,60195.0,60500.0,305.0,,3254.77,0.0,12.0,293.0,67.877,,,0.0393,0.9607,,True,completed
carIn22137:1,default_017,60149.0,60500.0,351.0,,3070.002,45.0,74.0,277.0,115.314,,,0.2108,0.7892,,True,completed
h13540c1:1,default_017,60174.0,60501.0,327.0,,3060.323,31.0,69.0,258.0,135.241,,,0.211,0.789,,True,completed
h2144c2:3,default_017,60258.0,60501.0,243.0,,2168.152,0.0,0.0,243.0,33.005,,,0.0,1.0,,True,completed
carIn76808:1,default_017,60178.0,60503.0,325.0,,3066.612,29.0,67.0,258.0,125.591,,,0.2062,0.7938,,True,completed
h6406c2:1,default_017,60475.0,60503.0,28.0,,167.837,2.0,2.0,26.0,7.57,,,0.0714,0.9286,,True,completed
carIn73245:1,default_017,60327.0,60504.0,177.0,,1407.655,0.0,45.0,132.0,56.794,,,0.2542,0.7458,,True,completed
carIn20055:1,default_017,60294.0,60505.0,211.0,,1925.468,52.0,55.0,156.0,100.811,,,0.2607,0.7393,,True,completed
carIn42325:1,default_017,60183.0,60505.0,322.0,,3074.061,1.0,73.0,249.0,139.607,,,0.2267,0.7733,,True,completed
carIn104002:1,default_017,60326.0,60507.0,181.0,,1944.167,0.0,5.0,176.0,27.504,,,0.0276,0.9724,,True,completed
h23122c1:1,default_017,60212.0,60507.0,295.0,,2558.449,2.0,45.0,250.0,94.214,,,0.1525,0.8475,,True,completed
h6018c2:1,default_017,60197.0,60508.0,311.0,,3335.621,0.0,48.0,263.0,119.903,,,0.1543,0.8457,,True,completed
carIn78496:1,default_017,60244.0,60509.0,265.0,,2990.219,2.0,25.0,240.0,61.082,,,0.0943,0.9057,,True,completed
h9985c2:1,default_017,60452.0,60509.0,57.0,,657.453,0.0,0.0,57.0,4.522,,,0.0,1.0,,True,completed
carIn31638:1,default_017,60478.0,60511.0,33.0,,391.167,0.0,0.0,33.0,3.585,,,0.0,1.0,,True,completed
carIn41109:1,default_017,60422.0,60512.0,90.0,,701.469,9.0,9.0,81.0,23.757,,,0.1,0.9,,True,completed
carIn45817:1,default_017,59152.0,60514.0,1362.0,,2827.476,0.0,1044.0,318.0,1164.397,,,0.7665,0.2335,,True,completed
carIn128596:1,default_017,60056.0,60515.0,459.0,,4217.701,29.0,97.0,362.0,189.213,,,0.2113,0.7887,,True,completed
carIn44450:1,default_017,60350.0,60517.0,167.0,,2085.995,6.0,6.0,161.0,27.764,,,0.0359,0.9641,,True,completed
carIn92622:1,default_017,60376.0,60517.0,141.0,,1536.257,6.0,6.0,135.0,52.364,,,0.0426,0.9574,,True,completed
h3226c1:3,default_017,60230.0,60517.0,287.0,,2000.756,26.0,127.0,160.0,151.009,,,0.4425,0.5575,,True,completed
h19720c1:1,default_017,60402.0,60519.0,117.0,,1532.0,0.0,0.0,117.0,22.058,,,0.0,1.0,,True,completed
h2362c1:3,default_017,59511.0,60519.0,1008.0,,2938.163,62.0,662.0,346.0,771.347,,,0.6567,0.3433,,True,completed
carIn55683:1,default_017,60202.0,60521.0,319.0,,3249.33,0.0,48.0,271.0,120.63,,,0.1505,0.8495,,True,completed
carIn53792:1,default_016,57921.0,60522.0,2601.0,,2558.412,15.0,2341.0,260.0,2412.625,,,0.9,0.1,,True,completed
h6572c1:1,default_017,60416.0,60524.0,108.0,,1026.178,8.0,8.0,100.0,17.739,,,0.0741,0.9259,,True,completed
carIn14767:1,default_017,60433.0,60526.0,93.0,,1156.202,0.0,0.0,93.0,6.919,,,0.0,1.0,,True,completed
carIn116581:1,default_017,59891.0,60527.0,636.0,,2466.618,6.0,372.0,264.0,424.168,,,0.5849,0.4151,,True,completed
randUni1310:1,random_017,60238.0,60527.0,289.0,,2246.766,0.0,61.0,228.0,100.047,,,0.2111,0.7889,,True,completed
randUni18610:1,random_017,60508.0,60528.0,20.0,,116.927,3.0,3.0,17.0,9.237,,,0.15,0.85,,True,completed
carIn126992:1,default_017,60240.0,60529.0,289.0,,2248.012,0.0,57.0,232.0,104.566,,,0.1972,0.8028,,True,completed
carIn2716:1,default_017,60195.0,60534.0,339.0,,2722.062,2.0,49.0,290.0,102.929,,,0.1445,0.8555,,True,completed
carIn48932:1,default_017,60362.0,60536.0,174.0,,2054.922,0.0,8.0,166.0,26.278,,,0.046,0.954,,True,completed
carIn22888:1,default_017,60198.0,60539.0,341.0,,3251.372,0.0,48.0,293.0,103.704,,,0.1408,0.8592,,True,completed
carIn93180:1,default_017,60244.0,60539.0,295.0,,2240.451,0.0,49.0,246.0,107.423,,,0.1661,0.8339,,True,completed
carIn25629:1,default_017,60366.0,60540.0,174.0,,2059.163,0.0,8.0,166.0,35.483,,,0.046,0.954,,True,completed
carIn94491:1,default_017,60185.0,60540.0,355.0,,3072.467,0.0,84.0,271.0,144.117,,,0.2366,0.7634,,True,completed
h1530c1:5,default_017,60521.0,60540.0,19.0,,132.509,3.0,3.0,16.0,9.085,,,0.1579,0.8421,,True,completed
carIn35943:1,default_017,60358.0,60541.0,183.0,,1750.808,0.0,7.0,176.0,24.807,,,0.0383,0.9617,,True,completed
h18798c1:1,default_017,60469.0,60544.0,75.0,,714.946,2.0,2.0,73.0,11.921,,,0.0267,0.9733,,True,completed
carIn76395:1,default_017,60372.0,60547.0,175.0,,2161.121,0.0,0.0,175.0,17.013,,,0.0,1.0,,True,completed
h14528c2:3,default_017,60267.0,60547.0,280.0,,2272.446,4.0,31.0,249.0,65.129,,,0.1107,0.8893,,True,completed
h1352c1:3,default_017,60341.0,60548.0,207.0,,1794.132,0.0,1.0,206.0,23.406,,,0.0048,0.9952,,True,completed
carIn59783:1,default_017,60356.0,60549.0,193.0,,2332.306,0.0,0.0,193.0,17.323,,,0.0,1.0,,True,completed
carIn81380:1,default_017,60474.0,60554.0,80.0,,847.981,0.0,0.0,80.0,4.926,,,0.0,1.0,,True,completed
carIn51870:1,default_017,60484.0,60556.0,72.0,,847.345,0.0,0.0,72.0,6.774,,,0.0,1.0,,True,completed
h18495c2:1,default_017,60210.0,60556.0,346.0,,3256.193,5.0,44.0,302.0,106.789,,,0.1272,0.8728,,True,completed
carIn23679:1,default_017,60362.0,60557.0,195.0,,2325.014,7.0,14.0,181.0,46.816,,,0.0718,0.9282,,True,completed
h5134c1:1,default_017,60312.0,60558.0,246.0,,2446.103,12.0,12.0,234.0,54.734,,,0.0488,0.9512,,True,completed
h3629c1:1,default_017,60500.0,60562.0,62.0,,548.484,0.0,0.0,62.0,6.525,,,0.0,1.0,,True,completed
carIn44480:1,default_017,60390.0,60564.0,174.0,,2162.266,13.0,13.0,161.0,40.66,,,0.0747,0.9253,,True,completed
h8559c1:3,default_017,60111.0,60564.0,453.0,,899.984,34.0,351.0,102.0,386.734,,,0.7748,0.2252,,True,completed
h6697c1:1,default_017,60180.0,60565.0,385.0,,950.94,49.0,300.0,85.0,307.012,,,0.7792,0.2208,,True,completed
h19350c1:3,default_017,59945.0,60571.0,626.0,,2452.493,30.0,344.0,282.0,441.069,,,0.5495,0.4505,,True,completed
h3443c1:1,default_017,60356.0,60573.0,217.0,,1513.981,0.0,4.0,213.0,25.446,,,0.0184,0.9816,,True,completed
carIn108094:1,default_017,60210.0,60574.0,364.0,,2988.219,23.0,119.0,245.0,165.775,,,0.3269,0.6731,,True,completed
carIn92156:1,default_017,59160.0,60574.0,1414.0,,2245.835,48.0,1136.0,278.0,1256.596,,,0.8034,0.1966,,True,completed
carIn20380:1,default_017,59910.0,60575.0,665.0,,3079.711,10.0,346.0,319.0,485.904,,,0.5203,0.4797,,True,completed
carIn121314:1,default_016,57784.0,60577.0,2793.0,,2062.033,56.0,2582.0,211.0,2651.468,,,0.9245,0.0755,,True,completed
carIn33932:1,default_016,59953.0,60577.0,624.0,,2022.69,16.0,402.0,222.0,463.046,,,0.6442,0.3558,,True,completed
carIn107504:1,default_017,60505.0,60578.0,73.0,,847.466,0.0,0.0,73.0,4.436,,,0.0,1.0,,True,completed
h2775c2:3,default_017,60286.0,60578.0,292.0,,2370.277,43.0,52.0,240.0,101.68,,,0.1781,0.8219,,True,completed
carIn111133:1,default_017,59888.0,60579.0,691.0,,2903.053,0.0,396.0,295.0,467.101,,,0.5731,0.4269,,True,completed
carIn30963:1,default_017,60434.0,60579.0,145.0,,1588.618,6.0,6.0,139.0,39.843,,,0.0414,0.9586,,True,completed
carIn75964:1,default_016,57775.0,60579.0,2804.0,,2060.511,54.0,2586.0,218.0,2655.676,,,0.9223,0.0777,,True,completed
carIn10284:1,default_017,60482.0,60580.0,98.0,,1064.653,1.0,1.0,97.0,11.616,,,0.0102,0.9898,,True,completed
h8399c2:1,default_017,60415.0,60581.0,166.0,,1790.952,23.0,23.0,143.0,45.977,,,0.1386,0.8614,,True,completed
h4244c2:1,default_017,60369.0,60583.0,214.0,,2581.635,10.0,10.0,204.0,30.9,,,0.0467,0.9533,,True,completed
h5623c1:1,default_017,60238.0,60583.0,345.0,,1698.221,38.0,160.0,185.0,189.075,,,0.4638,0.5362,,True,completed
h5687c1:3,default_017,60511.0,60584.0,73.0,,782.401,0.0,0.0,73.0,7.654,,,0.0,1.0,,True,completed
carIn119840:1,default_017,59949.0,60585.0,636.0,,2966.431,8.0,307.0,329.0,404.422,,,0.4827,0.5173,,True,completed
carIn406:1,default_017,59920.0,60588.0,668.0,,3084.359,10.0,329.0,339.0,437.228,,,0.4925,0.5075,,True,completed
h3191c1:3,default_017,60393.0,60589.0,196.0,,1711.699,5.0,44.0,152.0,64.81,,,0.2245,0.7755,,True,completed
carIn105917:1,default_017,59938.0,60590.0,652.0,,3088.74,9.0,321.0,331.0,436.882,,,0.4923,0.5077,,True,completed
carIn109042:1,default_017,60269.0,60590.0,321.0,,3254.773,0.0,50.0,271.0,109.976,,,0.1558,0.8442,,True,completed
carIn30405:1,default_017,59935.0,60590.0,655.0,,2829.483,14.0,326.0,329.0,402.726,,,0.4977,0.5023,,True,completed
carIn67901:1,default_017,59951.0,60592.0,641.0,,2967.745,3.0,298.0,343.0,388.001,,,0.4649,0.5351,,True,completed
carIn7414:1,default_017,60266.0,60592.0,326.0,,2834.613,0.0,99.0,227.0,133.49,,,0.3037,0.6963,,True,completed
h7192c1:3,default_017,60453.0,60592.0,139.0,,1378.417,2.0,2.0,137.0,38.535,,,0.0144,0.9856,,True,completed
carIn35102:1,default_017,60291.0,60593.0,302.0,,3252.956,0.0,29.0,273.0,90.35,,,0.096,0.904,,True,completed
carIn46696:1,default_017,59905.0,60593.0,688.0,,3135.618,11.0,343.0,345.0,423.119,,,0.4985,0.5015,,True,completed
carIn118729:1,default_017,59959.0,60594.0,635.0,,2976.274,3.0,293.0,342.0,387.504,,,0.4614,0.5386,,True,completed
h20393c1:1,default_017,59938.0,60594.0,656.0,,2453.973,12.0,412.0,244.0,487.345,,,0.628,0.372,,True,completed
h3722c2:3,default_017,60572.0,60594.0,22.0,,186.995,0.0,0.0,22.0,1.654,,,0.0,1.0,,True,completed
carIn68728:1,default_017,59982.0,60595.0,613.0,,2971.507,2.0,284.0,329.0,389.383,,,0.4633,0.5367,,True,completed
h3236c1:3,default_017,60273.0,60595.0,322.0,,2213.776,0.0,0.0,322.0,51.978,,,0.0,1.0,,True,completed
randUni5169:1,random_017,60578.0,60595.0,17.0,,133.435,0.0,0.0,17.0,5.344,,,0.0,1.0,,True,completed
carIn109216:1,default_017,59979.0,60596.0,617.0,,2966.09,2.0,287.0,330.0,388.316,,,0.4652,0.5348,,True,completed
h8202c2:3,default_017,60278.0,60596.0,318.0,,1344.826,0.0,185.0,133.0,224.549,,,0.5818,0.4182,,True,completed
randUni21266:1,random_017,59166.0,60596.0,1430.0,,2250.062,47.0,1151.0,279.0,1301.067,,,0.8049,0.1951,,True,completed
carIn9802:1,default_017,59944.0,60598.0,654.0,,2464.42,4.0,388.0,266.0,465.426,,,0.5933,0.4067,,True,completed
h17068c1:5,default_017,59961.0,60599.0,638.0,,2799.853,0.0,329.0,309.0,372.958,,,0.5157,0.4843,,True,completed
carIn8648:1,default_017,60580.0,60600.0,20.0,,123.14,0.0,0.0,20.0,9.837,,,0.0,1.0,,True,completed
carIn98732:1,default_017,59949.0,60601.0,652.0,,2466.13,3.0,384.0,268.0,456.103,,,0.589,0.411,,True,completed
h5712c2:1,default_017,59595.0,60601.0,1006.0,,3376.037,3.0,627.0,379.0,789.176,,,0.6233,0.3767,,True,completed
randUni8471:1,random_017,60345.0,60601.0,256.0,,2333.945,1.0,9.0,247.0,74.56,,,0.0352,0.9648,,True,completed
carIn4356:1,default_017,59955.0,60602.0,647.0,,2457.026,2.0,392.0,255.0,486.25,,,0.6059,0.3941,,True,completed
carIn48718:1,default_017,60234.0,60602.0,368.0,,2666.42,0.0,114.0,254.0,155.118,,,0.3098,0.6902,,True,completed
carIn8579:1,default_017,59936.0,60602.0,666.0,,2746.779,17.0,360.0,306.0,449.245,,,0.5405,0.4595,,True,completed
h8761c2:1,default_017,60326.0,60602.0,276.0,,2591.139,1.0,23.0,253.0,69.115,,,0.0833,0.9167,,True,completed
randUni1967:1,random_017,60203.0,60603.0,400.0,,2154.736,0.0,49.0,351.0,111.636,,,0.1225,0.8775,,True,completed
carIn121527:1,default_017,60248.0,60604.0,356.0,,2240.076,0.0,129.0,227.0,186.331,,,0.3624,0.6376,,True,completed
carIn23306:1,default_017,60461.0,60604.0,143.0,,952.353,3.0,3.0,140.0,27.988,,,0.021,0.979,,True,completed
carIn71667:1,default_017,59216.0,60604.0,1388.0,,2823.436,41.0,1072.0,316.0,1206.977,,,0.7723,0.2277,,True,completed
carIn125710:1,default_017,59947.0,60606.0,659.0,,2745.149,18.0,349.0,310.0,444.168,,,0.5296,0.4704,,True,completed
carIn34942:1,default_017,60294.0,60606.0,312.0,,2226.875,0.0,98.0,214.0,161.856,,,0.3141,0.6859,,True,completed
carIn91952:1,default_017,60409.0,60607.0,198.0,,2154.681,2.0,2.0,196.0,22.47,,,0.0101,0.9899,,True,completed
h1426c2:1,default_017,60461.0,60607.0,146.0,,1504.202,36.0,36.0,110.0,52.374,,,0.2466,0.7534,,True,completed
h8243c1:1,default_017,59949.0,60607.0,658.0,,2159.435,0.0,470.0,188.0,510.405,,,0.7143,0.2857,,True,completed
carIn1137:1,default_017,60546.0,60609.0,63.0,,386.537,28.0,28.0,35.0,35.358,,,0.4444,0.5556,,True,completed
carIn32915:1,default_017,60412.0,60610.0,198.0,,2151.39,1.0,1.0,197.0,68.496,,,0.0051,0.9949,,True,completed
h15445c1:1,default_017,60192.0,60610.0,418.0,,2802.129,3.0,166.0,252.0,206.877,,,0.3971,0.6029,,True,completed
carIn119627:1,default_017,60445.0,60614.0,169.0,,1585.747,15.0,18.0,151.0,58.851,,,0.1065,0.8935,,True,completed
carIn26532:1,default_017,60494.0,60615.0,121.0,,1546.413,0.0,1.0,120.0,13.441,,,0.0083,0.9917,,True,completed
carIn44812:1,default_017,60238.0,60617.0,379.0,,2664.435,18.0,134.0,245.0,186.647,,,0.3536,0.6464,,True,completed
carIn106615:1,default_017,60451.0,60618.0,167.0,,1589.339,7.0,7.0,160.0,38.963,,,0.0419,0.9581,,True,completed
carIn90475:1,default_017,59965.0,60620.0,655.0,,2465.837,18.0,399.0,256.0,491.573,,,0.6092,0.3908,,True,completed
carIn92179:1,default_017,60429.0,60621.0,192.0,,2099.81,0.0,8.0,184.0,31.247,,,0.0417,0.9583,,True,completed
carIn74060:1,default_017,60288.0,60622.0,334.0,,2585.849,0.0,71.0,263.0,109.133,,,0.2126,0.7874,,True,completed
carIn86499:1,default_017,60370.0,60622.0,252.0,,2177.346,36.0,45.0,207.0,111.895,,,0.1786,0.8214,,True,completed
randUni20693:1,random_017,60436.0,60622.0,186.0,,2152.966,0.0,0.0,186.0,32.3,,,0.0,1.0,,True,completed
carIn32825:1,default_017,60011.0,60623.0,612.0,,2861.27,88.0,322.0,290.0,417.248,,,0.5261,0.4739,,True,completed
carIn84747:1,default_017,60285.0,60624.0,339.0,,2420.762,0.0,80.0,259.0,124.524,,,0.236,0.764,,True,completed
carIn98609:1,default_017,60367.0,60625.0,258.0,,2181.941,32.0,45.0,213.0,70.325,,,0.1744,0.8256,,True,completed
h18806c2:1,default_017,60444.0,60625.0,181.0,,2065.311,0.0,4.0,177.0,33.988,,,0.0221,0.9779,,True,completed
h8381c1:1,default_017,60350.0,60625.0,275.0,,1840.711,0.0,107.0,168.0,136.469,,,0.3891,0.6109,,True,completed
h3882c1:3,default_017,60375.0,60626.0,251.0,,2606.133,0.0,11.0,240.0,53.599,,,0.0438,0.9562,,True,completed
carIn31896:1,default_017,60317.0,60628.0,311.0,,3255.568,0.0,52.0,259.0,111.199,,,0.1672,0.8328,,True,completed
carIn55236:1,default_017,60453.0,60628.0,175.0,,2066.919,0.0,0.0,175.0,21.118,,,0.0,1.0,,True,completed
carIn104236:1,default_017,60260.0,60630.0,370.0,,2674.952,9.0,110.0,260.0,179.568,,,0.2973,0.7027,,True,completed
carIn87865:1,default_017,60223.0,60630.0,407.0,,2670.563,14.0,126.0,281.0,167.202,,,0.3096,0.6904,,True,completed
randUni11860:1,random_017,60395.0,60633.0,238.0,,2182.238,25.0,25.0,213.0,50.158,,,0.105,0.895,,True,completed
carIn78057:1,default_017,60455.0,60635.0,180.0,,2098.041,0.0,7.0,173.0,40.628,,,0.0389,0.9611,,True,completed
carIn126492:1,default_017,60231.0,60636.0,405.0,,2667.051,10.0,112.0,293.0,149.842,,,0.2765,0.7235,,True,completed
carIn37697:1,default_017,60462.0,60636.0,174.0,,1589.945,6.0,19.0,155.0,71.804,,,0.1092,0.8908,,True,completed
carIn69622:1,default_017,60296.0,60639.0,343.0,,2225.865,0.0,106.0,237.0,166.759,,,0.309,0.691,,True,completed
carIn6509:1,default_017,60360.0,60640.0,280.0,,2333.301,20.0,76.0,204.0,112.722,,,0.2714,0.7286,,True,completed
carIn10811:1,default_017,60543.0,60641.0,98.0,,1146.181,5.0,5.0,93.0,18.114,,,0.051,0.949,,True,completed
carIn13131:1,default_017,60298.0,60641.0,343.0,,2224.793,0.0,103.0,240.0,169.497,,,0.3003,0.6997,,True,completed
carIn75923:1,default_017,60446.0,60641.0,195.0,,2092.129,0.0,14.0,181.0,51.998,,,0.0718,0.9282,,True,completed
carIn125160:1,default_017,60368.0,60643.0,275.0,,2332.441,7.0,55.0,220.0,93.275,,,0.2,0.8,,True,completed
carIn38244:1,default_017,59977.0,60643.0,666.0,,2622.795,0.0,402.0,264.0,491.235,,,0.6036,0.3964,,True,completed
h5674c2:1,default_017,60213.0,60643.0,430.0,,3261.733,0.0,95.0,335.0,159.128,,,0.2209,0.7791,,True,completed
h242c1:1,default_017,59915.0,60644.0,729.0,,2750.653,7.0,454.0,275.0,560.058,,,0.6228,0.3772,,True,completed
carIn3176:1,default_017,60165.0,60645.0,480.0,,1756.496,11.0,318.0,162.0,343.731,,,0.6625,0.3375,,True,completed
carIn54242:1,default_017,60524.0,60645.0,121.0,,1156.342,0.0,0.0,121.0,10.494,,,0.0,1.0,,True,completed
h10822c1:1,default_017,60438.0,60645.0,207.0,,2093.762,5.0,11.0,196.0,35.075,,,0.0531,0.9469,,True,completed
h122c2:1,default_017,59922.0,60646.0,724.0,,2755.813,6.0,429.0,295.0,552.635,,,0.5925,0.4075,,True,completed
carIn89502:1,default_017,60282.0,60647.0,365.0,,2671.025,24.0,117.0,248.0,177.134,,,0.3205,0.6795,,True,completed
h4766c1:3,default_017,60555.0,60647.0,92.0,,994.327,6.0,6.0,86.0,25.127,,,0.0652,0.9348,,True,completed
carIn46340:1,default_017,60441.0,60648.0,207.0,,2333.525,5.0,12.0,195.0,69.489,,,0.058,0.942,,True,completed
carIn49822:1,default_017,60300.0,60649.0,349.0,,2230.491,0.0,97.0,252.0,168.225,,,0.2779,0.7221,,True,completed
carIn2902:1,default_017,60305.0,60650.0,345.0,,2221.554,0.0,97.0,248.0,183.841,,,0.2812,0.7188,,True,completed
h7783c1:1,default_017,60205.0,60651.0,446.0,,2238.505,55.0,245.0,201.0,277.797,,,0.5493,0.4507,,True,completed
carIn22361:1,default_017,60307.0,60652.0,345.0,,2225.966,0.0,93.0,252.0,203.569,,,0.2696,0.7304,,True,completed
carIn57029:1,default_017,60200.0,60652.0,452.0,,3554.583,16.0,116.0,336.0,196.707,,,0.2566,0.7434,,True,completed
h5299c2:1,default_017,60283.0,60653.0,370.0,,1666.209,53.0,198.0,172.0,239.708,,,0.5351,0.4649,,True,completed
randUni9220:1,random_017,60326.0,60653.0,327.0,,1364.123,0.0,111.0,216.0,213.334,,,0.3394,0.6606,,True,completed
h2375c2:3,default_017,60461.0,60654.0,193.0,,2475.548,0.0,1.0,192.0,50.979,,,0.0052,0.9948,,True,completed
h9873c1:5,default_017,60261.0,60654.0,393.0,,3280.157,15.0,57.0,336.0,127.768,,,0.145,0.855,,True,completed
carIn49191:1,default_017,60378.0,60655.0,277.0,,3253.048,2.0,11.0,266.0,74.993,,,0.0397,0.9603,,True,completed
carIn28000:1,default_017,60458.0,60656.0,198.0,,2066.723,24.0,24.0,174.0,73.211,,,0.1212,0.8788,,True,completed
h5062c1:1,default_017,60039.0,60656.0,617.0,,3369.981,11.0,264.0,353.0,404.817,,,0.4279,0.5721,,True,completed
carIn34441:1,default_017,60180.0,60657.0,477.0,,2978.134,48.0,180.0,297.0,242.34,,,0.3774,0.6226,,True,completed
carIn102108:1,default_017,60290.0,60658.0,368.0,,2577.215,15.0,104.0,264.0,169.529,,,0.2826,0.7174,,True,completed
carIn54844:1,default_017,60458.0,60658.0,200.0,,1756.418,7.0,29.0,171.0,73.738,,,0.145,0.855,,True,completed
h8765c2:1,default_017,60435.0,60659.0,224.0,,1980.668,0.0,32.0,192.0,75.285,,,0.1429,0.8571,,True,completed
carIn121059:1,default_017,60307.0,60660.0,353.0,,2670.232,12.0,89.0,264.0,146.631,,,0.2521,0.7479,,True,completed
carIn83788:1,default_017,60311.0,60660.0,349.0,,2226.993,0.0,91.0,258.0,170.295,,,0.2607,0.7393,,True,completed
carIn113635:1,default_017,60313.0,60662.0,349.0,,2231.784,0.0,90.0,259.0,213.454,,,0.2579,0.7421,,True,completed
carIn133509:1,default_017,60097.0,60662.0,565.0,,2941.631,6.0,246.0,319.0,359.237,,,0.4354,0.5646,,True,completed
carIn40037:1,default_017,60370.0,60662.0,292.0,,2694.762,2.0,21.0,271.0,72.155,,,0.0719,0.9281,,True,completed
carIn15183:1,default_017,60315.0,60663.0,348.0,,2222.493,0.0,89.0,259.0,201.464,,,0.2557,0.7443,,True,completed
h2849c1:1,default_017,60399.0,60663.0,264.0,,2353.708,1.0,21.0,243.0,88.266,,,0.0795,0.9205,,True,completed
carIn112828:1,default_017,60525.0,60664.0,139.0,,1588.659,18.0,18.0,121.0,30.543,,,0.1295,0.8705,,True,completed
h2043c2:1,default_017,60107.0,60664.0,557.0,,2944.278,5.0,240.0,317.0,365.497,,,0.4309,0.5691,,True,completed
carIn122427:1,default_017,60449.0,60666.0,217.0,,2099.988,0.0,1.0,216.0,34.11,,,0.0046,0.9954,,True,completed
carIn7653:1,default_017,60266.0,60667.0,401.0,,1605.303,6.0,181.0,220.0,211.452,,,0.4514,0.5486,,True,completed
carIn54681:1,default_017,60246.0,60668.0,422.0,,3033.553,19.0,156.0,266.0,237.217,,,0.3697,0.6303,,True,completed
carIn110541:1,default_017,60091.0,60669.0,578.0,,3220.984,2.0,236.0,342.0,347.102,,,0.4083,0.5917,,True,completed
carIn72177:1,default_017,60388.0,60669.0,281.0,,2712.659,0.0,8.0,273.0,61.891,,,0.0285,0.9715,,True,completed
h19393c1:3,default_017,60544.0,60669.0,125.0,,1495.432,0.0,0.0,125.0,18.04,,,0.0,1.0,,True,completed
h8665c1:3,default_017,60067.0,60670.0,603.0,,2173.141,16.0,323.0,280.0,418.484,,,0.5357,0.4643,,True,completed
h3860c2:1,default_017,60006.0,60671.0,665.0,,2334.866,8.0,422.0,243.0,496.726,,,0.6346,0.3654,,True,completed
carIn125751:1,default_017,60390.0,60674.0,284.0,,2714.14,0.0,5.0,279.0,54.476,,,0.0176,0.9824,,True,completed
h3841c2:1,default_017,60598.0,60674.0,76.0,,683.566,0.0,0.0,76.0,11.664,,,0.0,1.0,,True,completed
carIn100011:1,default_017,60477.0,60675.0,198.0,,2159.996,1.0,1.0,197.0,23.056,,,0.0051,0.9949,,True,completed
carIn129911:1,default_017,60320.0,60675.0,355.0,,2220.768,4.0,94.0,261.0,186.345,,,0.2648,0.7352,,True,completed
carIn118922:1,default_017,59162.0,60676.0,1514.0,,2840.799,11.0,1150.0,364.0,1280.673,,,0.7596,0.2404,,True,completed
carIn34050:1,default_017,60322.0,60677.0,355.0,,2226.76,4.0,90.0,265.0,207.362,,,0.2535,0.7465,,True,completed
carIn8711:1,default_017,60392.0,60677.0,285.0,,2718.493,0.0,4.0,281.0,58.768,,,0.014,0.986,,True,completed
carIn130380:1,default_017,60324.0,60678.0,354.0,,2217.653,3.0,85.0,269.0,205.982,,,0.2401,0.7599,,True,completed
carIn60109:1,default_017,60465.0,60678.0,213.0,,2278.049,18.0,18.0,195.0,44.483,,,0.0845,0.9155,,True,completed
randUni1257:1,random_017,60373.0,60678.0,305.0,,2925.333,6.0,27.0,278.0,104.222,,,0.0885,0.9115,,True,completed
carIn107347:1,default_017,60469.0,60679.0,210.0,,2188.114,8.0,8.0,202.0,36.968,,,0.0381,0.9619,,True,completed
carIn39814:1,default_017,60394.0,60679.0,285.0,,2715.169,0.0,3.0,282.0,57.055,,,0.0105,0.9895,,True,completed
h21406c1:1,default_017,60397.0,60679.0,282.0,,1905.867,6.0,34.0,248.0,72.443,,,0.1206,0.8794,,True,completed
carIn53130:1,default_017,60471.0,60680.0,209.0,,2057.284,9.0,9.0,200.0,27.762,,,0.0431,0.9569,,True,completed
carIn81355:1,default_017,60203.0,60681.0,478.0,,1664.016,56.0,309.0,169.0,343.669,,,0.6464,0.3536,,True,completed
h10118c1:3,default_017,60557.0,60681.0,124.0,,694.381,53.0,53.0,71.0,64.673,,,0.4274,0.5726,,True,completed
carIn130334:1,default_017,60560.0,60682.0,122.0,,701.28,45.0,45.0,77.0,55.711,,,0.3689,0.6311,,True,completed
carIn52821:1,default_017,60634.0,60683.0,49.0,,426.72,0.0,0.0,49.0,7.761,,,0.0,1.0,,True,completed
carIn58583:1,default_017,60534.0,60684.0,150.0,,1587.324,0.0,5.0,145.0,20.519,,,0.0333,0.9667,,True,completed
carIn8397:1,default_017,60530.0,60684.0,154.0,,2096.261,0.0,0.0,154.0,10.718,,,0.0,1.0,,True,completed
h21828c2:1,default_017,60503.0,60684.0,181.0,,957.084,0.0,0.0,181.0,25.943,,,0.0,1.0,,True,completed
h233c1:3,default_017,60649.0,60684.0,35.0,,385.811,0.0,0.0,35.0,3.22,,,0.0,1.0,,True,completed
carIn94827:1,default_017,60521.0,60686.0,165.0,,957.999,0.0,0.0,165.0,51.037,,,0.0,1.0,,True,completed
carIn71048:1,default_017,60321.0,60687.0,366.0,,3254.254,4.0,62.0,304.0,112.922,,,0.1694,0.8306,,True,completed
h17446c1:1,default_017,60455.0,60687.0,232.0,,2955.915,0.0,0.0,232.0,25.053,,,0.0,1.0,,True,completed
carIn112015:1,default_017,60367.0,60690.0,323.0,,2159.537,0.0,3.0,320.0,61.981,,,0.0093,0.9907,,True,completed
carIn29640:1,default_017,60442.0,60690.0,248.0,,2334.27,0.0,8.0,240.0,39.836,,,0.0323,0.9677,,True,completed
carIn59640:1,default_017,60373.0,60690.0,317.0,,3319.967,0.0,10.0,307.0,55.164,,,0.0315,0.9685,,True,completed
h12263c1:1,default_017,60540.0,60690.0,150.0,,1270.004,0.0,0.0,150.0,14.898,,,0.0,1.0,,True,completed
carIn118397:1,default_017,60381.0,60691.0,310.0,,3255.769,6.0,18.0,292.0,84.673,,,0.0581,0.9419,,True,completed
carIn8297:1,default_017,60396.0,60694.0,298.0,,2723.565,0.0,8.0,290.0,48.364,,,0.0268,0.9732,,True,completed
carIn95092:1,default_017,60498.0,60694.0,196.0,,2066.017,1.0,1.0,195.0,37.232,,,0.0051,0.9949,,True,completed
carIn56169:1,default_017,60015.0,60695.0,680.0,,2470.011,48.0,385.0,295.0,501.997,,,0.5662,0.4338,,True,completed
carIn85822:1,default_017,59168.0,60697.0,1529.0,,2252.858,44.0,1239.0,290.0,1375.028,,,0.8103,0.1897,,True,completed
carIn94591:1,default_017,60524.0,60697.0,173.0,,2056.186,1.0,1.0,172.0,29.935,,,0.0058,0.9942,,True,completed
carIn13841:1,default_017,60427.0,60698.0,271.0,,3049.956,1.0,1.0,270.0,54.346,,,0.0037,0.9963,,True,completed
carIn59407:1,default_017,60536.0,60698.0,162.0,,2093.054,0.0,4.0,158.0,22.538,,,0.0247,0.9753,,True,completed
carIn8487:1,default_017,60481.0,60698.0,217.0,,2182.549,12.0,12.0,205.0,90.012,,,0.0553,0.9447,,True,completed
h18646c1:1,default_017,60475.0,60698.0,223.0,,2183.9,14.0,14.0,209.0,62.421,,,0.0628,0.9372,,True,completed
h4934c1:5,default_017,60542.0,60698.0,156.0,,1507.688,0.0,2.0,154.0,25.357,,,0.0128,0.9872,,True,completed
carIn108679:1,default_017,60488.0,60700.0,212.0,,2188.377,0.0,0.0,212.0,48.876,,,0.0,1.0,,True,completed
h3665c1:1,default_017,60605.0,60701.0,96.0,,1039.892,0.0,0.0,96.0,11.117,,,0.0,1.0,,True,completed
randUni5289:1,random_017,60485.0,60701.0,216.0,,2188.418,0.0,0.0,216.0,20.054,,,0.0,1.0,,True,completed
carIn133116:1,default_017,59760.0,60702.0,942.0,,2916.997,42.0,595.0,347.0,715.293,,,0.6316,0.3684,,True,completed
carIn47675:1,default_017,60532.0,60702.0,170.0,,2097.798,2.0,2.0,168.0,18.452,,,0.0118,0.9882,,True,completed
randUni29643:1,random_017,60627.0,60702.0,75.0,,841.61,0.0,0.0,75.0,12.532,,,0.0,1.0,,True,completed
carIn36118:1,default_017,59762.0,60704.0,942.0,,2908.134,42.0,594.0,348.0,733.706,,,0.6306,0.3694,,True,completed
carIn83569:1,default_017,60331.0,60705.0,374.0,,2221.19,0.0,112.0,262.0,222.89,,,0.2995,0.7005,,True,completed
h3943c1:5,default_017,60689.0,60705.0,16.0,,203.987,0.0,0.0,16.0,0.665,,,0.0,1.0,,True,completed
randUni2180:1,random_017,60450.0,60706.0,256.0,,2434.827,0.0,21.0,235.0,73.075,,,0.082,0.918,,True,completed
carIn61428:1,default_017,59836.0,60707.0,871.0,,2605.922,41.0,554.0,317.0,695.488,,,0.6361,0.3639,,True,completed
randUni25972:1,random_017,60527.0,60707.0,180.0,,2095.474,0.0,0.0,180.0,12.394,,,0.0,1.0,,True,completed
carIn70355:1,default_017,59824.0,60709.0,885.0,,2615.496,38.0,552.0,333.0,676.646,,,0.6237,0.3763,,True,completed
h19585c2:1,default_017,59847.0,60709.0,862.0,,2604.037,42.0,532.0,330.0,701.393,,,0.6172,0.3828,,True,completed
carIn109696:1,default_017,59838.0,60710.0,872.0,,2606.328,39.0,542.0,330.0,691.68,,,0.6216,0.3784,,True,completed
carIn31026:1,default_017,60617.0,60710.0,93.0,,1143.702,9.0,9.0,84.0,20.295,,,0.0968,0.9032,,True,completed
carIn127371:1,default_017,60645.0,60711.0,66.0,,842.383,0.0,0.0,66.0,3.794,,,0.0,1.0,,True,completed
carIn71784:1,default_017,60283.0,60712.0,429.0,,2130.065,7.0,215.0,214.0,253.845,,,0.5012,0.4988,,True,completed
h19051c1:3,default_017,60567.0,60712.0,145.0,,931.198,52.0,60.0,85.0,84.942,,,0.4138,0.5862,,True,completed
h5375c1:3,default_017,60286.0,60713.0,427.0,,1296.557,63.0,313.0,114.0,347.42,,,0.733,0.267,,True,completed
carIn81845:1,default_017,60622.0,60714.0,92.0,,1151.497,5.0,5.0,87.0,16.909,,,0.0543,0.9457,,True,completed
carIn44552:1,default_017,59183.0,60715.0,1532.0,,2254.502,27.0,1212.0,320.0,1334.848,,,0.7911,0.2089,,True,completed
h9139c1:3,default_017,60386.0,60715.0,329.0,,303.039,80.0,300.0,29.0,304.886,,,0.9119,0.0881,,True,completed
carIn78916:1,default_017,60619.0,60716.0,97.0,,1145.633,0.0,0.0,97.0,9.211,,,0.0,1.0,,True,completed
h1556c1:1,default_017,58692.0,60716.0,2024.0,,2137.354,11.0,1832.0,192.0,1881.993,,,0.9051,0.0949,,True,completed
carIn85581:1,default_017,60544.0,60717.0,173.0,,2094.149,0.0,0.0,173.0,28.985,,,0.0,1.0,,True,completed
carIn4236:1,default_017,60552.0,60718.0,166.0,,1596.184,5.0,9.0,157.0,46.368,,,0.0542,0.9458,,True,completed
h2326c1:3,default_017,60373.0,60718.0,345.0,,2997.411,0.0,20.0,325.0,76.134,,,0.058,0.942,,True,completed
carIn131513:1,default_017,60540.0,60719.0,179.0,,2098.34,6.0,7.0,172.0,33.409,,,0.0391,0.9609,,True,completed
carIn17130:1,default_017,60548.0,60719.0,171.0,,1749.513,6.0,6.0,165.0,40.331,,,0.0351,0.9649,,True,completed
carIn37544:1,default_017,60013.0,60719.0,706.0,,2748.51,26.0,362.0,344.0,443.496,,,0.5127,0.4873,,True,completed
h22902c1:3,default_017,60257.0,60719.0,462.0,,3041.03,40.0,171.0,291.0,260.591,,,0.3701,0.6299,,True,completed
h6273c1:1,default_017,60495.0,60720.0,225.0,,1996.373,3.0,13.0,212.0,49.332,,,0.0578,0.9422,,True,completed
carIn91421:1,default_017,60456.0,60721.0,265.0,,2324.715,33.0,52.0,213.0,104.416,,,0.1962,0.8038,,True,completed
h18562c1:1,default_017,59845.0,60721.0,876.0,,2612.903,29.0,539.0,337.0,685.591,,,0.6153,0.3847,,True,completed
carIn30434:1,default_017,59838.0,60723.0,885.0,,2871.055,31.0,518.0,367.0,676.625,,,0.5853,0.4147,,True,completed
h3789c1:1,default_017,60523.0,60723.0,200.0,,1567.385,0.0,37.0,163.0,54.879,,,0.185,0.815,,True,completed
h5238c2:1,default_017,60657.0,60723.0,66.0,,916.854,3.0,3.0,63.0,15.78,,,0.0455,0.9545,,True,completed
carIn104730:1,default_017,60555.0,60724.0,169.0,,1595.433,0.0,4.0,165.0,36.959,,,0.0237,0.9763,,True,completed
carIn20085:1,default_017,59846.0,60724.0,878.0,,2860.957,31.0,511.0,367.0,681.425,,,0.582,0.418,,True,completed
randUni15132:1,random_017,59159.0,60724.0,1565.0,,1825.924,28.0,1226.0,339.0,1375.621,,,0.7834,0.2166,,True,completed
carIn68630:1,default_017,60642.0,60726.0,84.0,,942.565,18.0,18.0,66.0,31.874,,,0.2143,0.7857,,True,completed
carIn74176:1,default_017,59867.0,60726.0,859.0,,2610.467,30.0,509.0,350.0,677.486,,,0.5925,0.4075,,True,completed
carIn115648:1,default_017,60398.0,60728.0,330.0,,2722.814,30.0,37.0,293.0,135.673,,,0.1121,0.8879,,True,completed
carIn20007:1,default_017,60449.0,60728.0,279.0,,1602.719,42.0,46.0,233.0,78.628,,,0.1649,0.8351,,True,completed
h5170c1:1,default_017,60564.0,60728.0,164.0,,1730.432,14.0,14.0,150.0,53.086,,,0.0854,0.9146,,True,completed
h5921c2:1,default_017,60198.0,60728.0,530.0,,1114.715,94.0,344.0,186.0,409.38,,,0.6491,0.3509,,True,completed
carIn41461:1,default_017,59107.0,60729.0,1622.0,,3474.482,5.0,1281.0,341.0,1329.447,,,0.7898,0.2102,,True,completed
carIn73713:1,default_017,60400.0,60729.0,329.0,,2709.148,29.0,34.0,295.0,137.238,,,0.1033,0.8967,,True,completed
carIn26557:1,default_017,60653.0,60730.0,77.0,,940.121,7.0,7.0,70.0,23.793,,,0.0909,0.9091,,True,completed
h3063c1:3,default_017,60515.0,60731.0,216.0,,2129.26,0.0,0.0,216.0,25.474,,,0.0,1.0,,True,completed
h974c1:3,default_017,60013.0,60731.0,718.0,,2121.595,11.0,477.0,241.0,560.949,,,0.6643,0.3357,,True,completed
carIn64977:1,default_017,60594.0,60732.0,138.0,,1535.926,14.0,15.0,123.0,44.066,,,0.1087,0.8913,,True,completed
carIn85130:1,default_017,60402.0,60732.0,330.0,,2711.307,28.0,34.0,296.0,97.605,,,0.103,0.897,,True,completed
carIn95943:1,default_017,60298.0,60733.0,435.0,,1681.314,55.0,284.0,151.0,313.489,,,0.6529,0.3471,,True,completed
h3121c1:1,default_017,60357.0,60733.0,376.0,,1953.951,58.0,194.0,182.0,220.445,,,0.516,0.484,,True,completed
carIn131835:1,default_017,60546.0,60735.0,189.0,,1089.007,52.0,97.0,92.0,122.43,,,0.5132,0.4868,,True,completed
carIn98324:1,default_017,59963.0,60736.0,773.0,,2458.218,10.0,492.0,281.0,571.153,,,0.6365,0.3635,,True,completed
carIn60166:1,default_017,60242.0,60737.0,495.0,,3544.378,50.0,150.0,345.0,256.042,,,0.303,0.697,,True,completed
carIn80752:1,default_017,59864.0,60737.0,873.0,,2906.811,22.0,483.0,390.0,633.241,,,0.5533,0.4467,,True,completed
carIn112651:1,default_017,60351.0,60738.0,387.0,,2220.407,0.0,122.0,265.0,233.623,,,0.3152,0.6848,,True,completed
carIn118851:1,default_017,60563.0,60738.0,175.0,,1591.514,15.0,16.0,159.0,66.605,,,0.0914,0.9086,,True,completed
h10287c1:1,default_017,60559.0,60738.0,179.0,,2091.618,0.0,2.0,177.0,39.161,,,0.0112,0.9888,,True,completed
carIn44010:1,default_017,60628.0,60741.0,113.0,,1146.01,2.0,5.0,108.0,23.022,,,0.0442,0.9558,,True,completed
carIn75110:1,default_017,60624.0,60741.0,117.0,,1150.614,15.0,23.0,94.0,37.078,,,0.1966,0.8034,,True,completed
carIn54834:1,default_017,60491.0,60742.0,251.0,,3012.147,10.0,10.0,241.0,43.114,,,0.0398,0.9602,,True,completed
carIn87906:1,default_017,60460.0,60742.0,282.0,,2330.196,14.0,28.0,254.0,79.549,,,0.0993,0.9007,,True,completed
h4919c1:1,default_016,58139.0,60742.0,2603.0,,901.562,76.0,2492.0,111.0,2557.978,,,0.9574,0.0426,,True,completed
carIn3595:1,default_017,60317.0,60744.0,427.0,,3030.622,9.0,106.0,321.0,225.246,,,0.2482,0.7518,,True,completed
carIn112849:1,default_017,59866.0,60745.0,879.0,,2909.989,16.0,457.0,422.0,618.471,,,0.5199,0.4801,,True,completed
carIn74010:1,default_017,59188.0,60745.0,1557.0,,2256.268,13.0,1209.0,348.0,1368.608,,,0.7765,0.2235,,True,completed
carIn26690:1,default_017,59198.0,60746.0,1548.0,,2246.161,10.0,1197.0,351.0,1402.761,,,0.7733,0.2267,,True,completed
carIn68579:1,default_017,60553.0,60746.0,193.0,,2334.402,0.0,4.0,189.0,47.021,,,0.0207,0.9793,,True,completed
carIn83400:1,default_017,60538.0,60746.0,208.0,,2089.145,4.0,5.0,203.0,27.71,,,0.024,0.976,,True,completed
carIn106777:1,default_017,60667.0,60747.0,80.0,,705.852,9.0,9.0,71.0,21.47,,,0.1125,0.8875,,True,completed
carIn107317:1,default_017,60573.0,60747.0,174.0,,2212.827,0.0,0.0,174.0,32.962,,,0.0,1.0,,True,completed
carIn114568:1,default_017,60401.0,60747.0,346.0,,2218.23,0.0,118.0,228.0,214.75,,,0.341,0.659,,True,completed
carIn81843:1,default_017,59903.0,60747.0,844.0,,2867.635,15.0,456.0,388.0,647.515,,,0.5403,0.4597,,True,completed
carIn22367:1,default_017,59922.0,60748.0,826.0,,2609.255,16.0,440.0,386.0,619.804,,,0.5327,0.4673,,True,completed
carIn72081:1,default_017,60513.0,60748.0,235.0,,1906.531,7.0,20.0,215.0,48.274,,,0.0851,0.9149,,True,completed
carIn77384:1,default_017,60548.0,60748.0,200.0,,2180.489,5.0,5.0,195.0,26.343,,,0.025,0.975,,True,completed
h12711c1:3,default_017,60631.0,60748.0,117.0,,1112.066,0.0,0.0,117.0,7.791,,,0.0,1.0,,True,completed
h6013c2:3,default_017,60296.0,60748.0,452.0,,3336.828,2.0,174.0,278.0,234.972,,,0.385,0.615,,True,completed
carIn126969:1,default_017,60550.0,60749.0,199.0,,2328.38,0.0,6.0,193.0,46.004,,,0.0302,0.9698,,True,completed
carIn126980:1,default_017,59919.0,60749.0,830.0,,2613.245,14.0,442.0,388.0,600.692,,,0.5325,0.4675,,True,completed
carIn7685:1,default_017,59924.0,60750.0,826.0,,2613.0,16.0,451.0,375.0,639.483,,,0.546,0.454,,True,completed
carIn68842:1,default_017,59911.0,60751.0,840.0,,3593.463,17.0,419.0,421.0,557.52,,,0.4988,0.5012,,True,completed
carIn95940:1,default_017,59220.0,60751.0,1531.0,,2244.339,19.0,1203.0,328.0,1388.843,,,0.7858,0.2142,,True,completed
h6390c2:3,default_017,60621.0,60751.0,130.0,,1279.425,14.0,15.0,115.0,41.333,,,0.1154,0.8846,,True,completed
h8226c1:3,default_017,60414.0,60751.0,337.0,,2718.122,60.0,88.0,249.0,125.529,,,0.2611,0.7389,,True,completed
h20942c1:3,default_017,60504.0,60752.0,248.0,,2109.014,31.0,34.0,214.0,62.729,,,0.1371,0.8629,,True,completed
h8612c2:3,default_017,60504.0,60752.0,248.0,,2395.793,0.0,36.0,212.0,70.616,,,0.1452,0.8548,,True,completed
carIn54891:1,default_017,60565.0,60753.0,188.0,,2094.195,0.0,7.0,181.0,56.88,,,0.0372,0.9628,,True,completed
carIn82858:1,default_017,60266.0,60754.0,488.0,,2561.628,7.0,239.0,249.0,307.511,,,0.4898,0.5102,,True,completed
carIn47081:1,default_017,59209.0,60755.0,1546.0,,2250.228,22.0,1211.0,335.0,1369.747,,,0.7833,0.2167,,True,completed
carIn67701:1,default_017,59223.0,60757.0,1534.0,,2250.303,22.0,1201.0,333.0,1391.344,,,0.7829,0.2171,,True,completed
carIn77200:1,default_017,60479.0,60757.0,278.0,,3315.134,0.0,7.0,271.0,47.449,,,0.0252,0.9748,,True,completed
carIn98180:1,default_017,60093.0,60757.0,664.0,,2751.878,36.0,358.0,306.0,467.169,,,0.5392,0.4608,,True,completed
h15830c1:1,default_017,60043.0,60757.0,714.0,,2460.43,5.0,425.0,289.0,538.626,,,0.5952,0.4048,,True,completed
h2340c1:3,default_017,60523.0,60757.0,234.0,,2281.934,0.0,0.0,234.0,21.435,,,0.0,1.0,,True,completed
carIn59949:1,default_017,60563.0,60758.0,195.0,,2059.333,0.0,1.0,194.0,22.629,,,0.0051,0.9949,,True,completed
carIn77878:1,default_017,60063.0,60759.0,696.0,,2464.774,4.0,418.0,278.0,537.093,,,0.6006,0.3994,,True,completed
randUni2869:1,random_017,60572.0,60759.0,187.0,,1814.042,0.0,0.0,187.0,15.474,,,0.0,1.0,,True,completed
carIn100445:1,default_017,60114.0,60760.0,646.0,,2479.562,33.0,355.0,291.0,459.319,,,0.5495,0.4505,,True,completed
carIn68253:1,default_017,60575.0,60760.0,185.0,,2082.925,2.0,2.0,183.0,48.743,,,0.0108,0.9892,,True,completed
h18796c2:1,default_017,59206.0,60760.0,1554.0,,2846.053,20.0,1196.0,358.0,1362.712,,,0.7696,0.2304,,True,completed
carIn83311:1,default_017,60118.0,60761.0,643.0,,2476.683,33.0,355.0,288.0,466.877,,,0.5521,0.4479,,True,completed
carIn27829:1,default_017,60618.0,60763.0,145.0,,1587.305,3.0,3.0,142.0,39.574,,,0.0207,0.9793,,True,completed
carIn16530:1,default_017,59208.0,60764.0,1556.0,,2838.521,18.0,1192.0,364.0,1358.566,,,0.7661,0.2339,,True,completed
carIn119209:1,default_017,60112.0,60766.0,654.0,,2030.143,0.0,389.0,265.0,500.291,,,0.5948,0.4052,,True,completed
carIn74607:1,default_017,60125.0,60769.0,644.0,,2021.894,0.0,370.0,274.0,481.466,,,0.5745,0.4255,,True,completed
h15045c1:3,default_017,59255.0,60769.0,1514.0,,2830.938,0.0,1176.0,338.0,1333.612,,,0.7768,0.2232,,True,completed
carIn132453:1,default_017,60090.0,60770.0,680.0,,3420.143,34.0,323.0,357.0,438.318,,,0.475,0.525,,True,completed
h19552c1:3,default_017,60703.0,60771.0,68.0,,928.215,0.0,0.0,68.0,6.612,,,0.0,1.0,,True,completed
h3314c1:3,default_017,60232.0,60771.0,539.0,,1990.085,43.0,370.0,169.0,416.607,,,0.6865,0.3135,,True,completed
carIn82355:1,default_017,59212.0,60773.0,1561.0,,2847.238,24.0,1201.0,360.0,1407.699,,,0.7694,0.2306,,True,completed
h17382c2:3,default_017,60120.0,60773.0,653.0,,2471.905,22.0,351.0,302.0,436.013,,,0.5375,0.4625,,True,completed
h10559c1:3,default_017,60161.0,60775.0,614.0,,1990.059,21.0,355.0,259.0,453.549,,,0.5782,0.4218,,True,completed
randUni7976:1,random_017,60762.0,60775.0,13.0,,130.994,0.0,0.0,13.0,1.759,,,0.0,1.0,,True,completed
h3448c2:1,default_017,60512.0,60776.0,264.0,,2810.184,0.0,0.0,264.0,18.894,,,0.0,1.0,,True,completed
carIn46801:1,default_017,60537.0,60777.0,240.0,,2955.58,0.0,0.0,240.0,44.115,,,0.0,1.0,,True,completed
carIn94276:1,default_017,60220.0,60777.0,557.0,,2451.756,28.0,300.0,257.0,402.858,,,0.5386,0.4614,,True,completed
carIn100525:1,default_017,59210.0,60778.0,1568.0,,2838.727,24.0,1196.0,372.0,1374.28,,,0.7628,0.2372,,True,completed
carIn40009:1,default_017,60591.0,60779.0,188.0,,2132.521,4.0,4.0,184.0,23.453,,,0.0213,0.9787,,True,completed
carIn9953:1,default_017,60542.0,60779.0,237.0,,2959.953,0.0,0.0,237.0,27.533,,,0.0,1.0,,True,completed
h18394c1:1,default_017,60248.0,60780.0,532.0,,2445.775,25.0,252.0,280.0,377.598,,,0.4737,0.5263,,True,completed
carIn13692:1,default_017,59214.0,60783.0,1569.0,,2844.077,21.0,1199.0,370.0,1372.202,,,0.7642,0.2358,,True,completed
carIn80671:1,default_017,60667.0,60784.0,117.0,,1385.619,0.0,0.0,117.0,7.259,,,0.0,1.0,,True,completed
carIn15110:1,default_017,60622.0,60787.0,165.0,,1587.669,4.0,6.0,159.0,24.172,,,0.0364,0.9636,,True,completed
carIn32338:1,default_017,60278.0,60787.0,509.0,,2604.05,18.0,211.0,298.0,302.981,,,0.4145,0.5855,,True,completed
carIn112404:1,default_017,60280.0,60788.0,508.0,,2606.721,18.0,210.0,298.0,308.298,,,0.4134,0.5866,,True,completed
carIn105080:1,default_017,59259.0,60789.0,1530.0,,2248.947,17.0,1212.0,318.0,1374.371,,,0.7922,0.2078,,True,completed
carIn115714:1,default_017,60593.0,60789.0,196.0,,2130.037,10.0,10.0,186.0,55.756,,,0.051,0.949,,True,completed
carIn67135:1,default_017,60630.0,60789.0,159.0,,1700.309,7.0,11.0,148.0,33.015,,,0.0692,0.9308,,True,completed
carIn5011:1,default_017,59218.0,60791.0,1573.0,,2847.317,14.0,1198.0,375.0,1381.54,,,0.7616,0.2384,,True,completed
h16661c1:3,default_017,60546.0,60791.0,245.0,,2333.883,6.0,6.0,239.0,43.228,,,0.0245,0.9755,,True,completed
carIn75967:1,default_017,60557.0,60792.0,235.0,,2324.673,4.0,6.0,229.0,80.543,,,0.0255,0.9745,,True,completed
carIn91435:1,default_017,60268.0,60792.0,524.0,,2724.225,2.0,225.0,299.0,284.381,,,0.4294,0.5706,,True,completed
h4927c1:3,default_017,60617.0,60792.0,175.0,,1969.608,0.0,3.0,172.0,31.951,,,0.0171,0.9829,,True,completed
carIn128939:1,default_017,60575.0,60793.0,218.0,,2089.125,0.0,33.0,185.0,87.864,,,0.1514,0.8486,,True,completed
carIn79984:1,default_017,59220.0,60794.0,1574.0,,2850.838,14.0,1184.0,390.0,1383.86,,,0.7522,0.2478,,True,completed
h1811c1:3,default_017,60579.0,60794.0,215.0,,2517.498,1.0,1.0,214.0,34.813,,,0.0047,0.9953,,True,completed
carIn100727:1,default_017,60567.0,60796.0,229.0,,2096.953,0.0,38.0,191.0,94.352,,,0.1659,0.8341,,True,completed
carIn51386:1,default_017,60332.0,60796.0,464.0,,3030.752,0.0,112.0,352.0,243.31,,,0.2414,0.7586,,True,completed
carIn103125:1,default_017,60403.0,60797.0,394.0,,2222.925,0.0,127.0,267.0,212.651,,,0.3223,0.6777,,True,completed
carIn57250:1,default_017,60259.0,60797.0,538.0,,4223.292,23.0,157.0,381.0,305.066,,,0.2918,0.7082,,True,completed
carIn8914:1,default_017,60334.0,60797.0,463.0,,3019.267,0.0,108.0,355.0,246.701,,,0.2333,0.7667,,True,completed
h19591c1:1,default_017,60474.0,60798.0,324.0,,2718.183,63.0,63.0,261.0,100.779,,,0.1944,0.8056,,True,completed
carIn132067:1,default_017,60406.0,60799.0,393.0,,2228.15,0.0,128.0,265.0,250.14,,,0.3257,0.6743,,True,completed
carIn33284:1,default_017,60561.0,60799.0,238.0,,2328.27,11.0,20.0,218.0,76.567,,,0.084,0.916,,True,completed
h7179c2:1,default_017,60692.0,60799.0,107.0,,968.233,14.0,14.0,93.0,27.535,,,0.1308,0.8692,,True,completed
carIn67484:1,default_017,60569.0,60800.0,231.0,,2088.859,0.0,36.0,195.0,84.686,,,0.1558,0.8442,,True,completed
carIn121964:1,default_017,60616.0,60801.0,185.0,,2332.017,0.0,2.0,183.0,28.317,,,0.0108,0.9892,,True,completed
carIn127905:1,default_017,60338.0,60802.0,464.0,,3019.211,7.0,133.0,331.0,259.645,,,0.2866,0.7134,,True,completed
carIn1180:1,default_017,60536.0,60803.0,267.0,,2969.757,10.0,16.0,251.0,50.794,,,0.0599,0.9401,,True,completed
carIn27055:1,default_017,60412.0,60804.0,392.0,,2226.917,0.0,135.0,257.0,219.302,,,0.3444,0.6556,,True,completed
carIn70976:1,default_017,60532.0,60804.0,272.0,,2821.84,20.0,33.0,239.0,78.781,,,0.1213,0.8787,,True,completed
carIn71139:1,default_017,60383.0,60804.0,421.0,,3257.265,57.0,167.0,254.0,225.254,,,0.3967,0.6033,,True,completed
carIn90866:1,default_017,60398.0,60804.0,406.0,,3023.183,2.0,73.0,333.0,195.036,,,0.1798,0.8202,,True,completed
carIn73809:1,default_017,60478.0,60805.0,327.0,,2217.542,0.0,79.0,248.0,197.758,,,0.2416,0.7584,,True,completed
h12794c1:3,default_017,59973.0,60805.0,832.0,,2457.9,0.0,561.0,271.0,644.518,,,0.6743,0.3257,,True,completed
randUni28635:1,random_017,60638.0,60806.0,168.0,,2072.399,0.0,0.0,168.0,13.177,,,0.0,1.0,,True,completed
carIn53393:1,default_017,60153.0,60809.0,656.0,,2620.265,0.0,347.0,309.0,478.608,,,0.529,0.471,,True,completed
h16508c1:3,default_017,59242.0,60809.0,1567.0,,2242.693,20.0,1237.0,330.0,1383.525,,,0.7894,0.2106,,True,completed
carIn2373:1,default_017,60445.0,60811.0,366.0,,2456.04,37.0,120.0,246.0,213.51,,,0.3279,0.6721,,True,completed
h4169c1:1,default_017,60277.0,60811.0,534.0,,2975.998,14.0,250.0,284.0,295.446,,,0.4682,0.5318,,True,completed
h2365c1:1,default_017,60677.0,60813.0,136.0,,1247.642,22.0,22.0,114.0,37.735,,,0.1618,0.8382,,True,completed
h5728c2:1,default_017,59969.0,60813.0,844.0,,2303.766,10.0,593.0,251.0,649.479,,,0.7026,0.2974,,True,completed
carIn34566:1,default_017,60113.0,60814.0,701.0,,2500.742,11.0,461.0,240.0,519.492,,,0.6576,0.3424,,True,completed
carIn102309:1,default_017,60116.0,60816.0,700.0,,2506.627,15.0,475.0,225.0,544.755,,,0.6786,0.3214,,True,completed
carIn128117:1,default_017,60385.0,60817.0,432.0,,3245.252,48.0,163.0,269.0,231.092,,,0.3773,0.6227,,True,completed
carIn1516:1,default_017,60692.0,60817.0,125.0,,1526.677,0.0,0.0,125.0,34.928,,,0.0,1.0,,True,completed
h2545c1:5,default_017,60587.0,60818.0,231.0,,1478.48,0.0,26.0,205.0,71.635,,,0.1126,0.8874,,True,completed
h2893c2:3,default_017,60529.0,60819.0,290.0,,3165.226,0.0,0.0,290.0,62.833,,,0.0,1.0,,True,completed
carIn113414:1,default_017,60692.0,60821.0,129.0,,1384.527,0.0,0.0,129.0,8.187,,,0.0,1.0,,True,completed
carIn103683:1,default_017,59186.0,60822.0,1636.0,,2845.6,11.0,1231.0,405.0,1414.397,,,0.7524,0.2476,,True,completed
carIn27518:1,default_017,60016.0,60822.0,806.0,,2851.987,89.0,501.0,305.0,630.579,,,0.6216,0.3784,,True,completed
carIn33311:1,default_017,60709.0,60822.0,113.0,,1152.017,13.0,13.0,100.0,25.416,,,0.115,0.885,,True,completed
carIn107597:1,default_017,60387.0,60824.0,437.0,,3245.768,44.0,152.0,285.0,203.124,,,0.3478,0.6522,,True,completed
carIn14940:1,default_016,57921.0,60825.0,2904.0,,2570.433,17.0,2631.0,273.0,2722.491,,,0.906,0.094,,True,completed
h4687c1:1,default_017,59458.0,60825.0,1367.0,,1120.035,18.0,1100.0,267.0,1279.607,,,0.8047,0.1953,,True,completed
h5750c1:3,default_017,60151.0,60825.0,674.0,,1076.331,20.0,534.0,140.0,595.471,,,0.7923,0.2077,,True,completed
carIn40953:1,default_017,60480.0,60826.0,346.0,,2228.276,0.0,102.0,244.0,188.735,,,0.2948,0.7052,,True,completed
carIn116390:1,default_017,59222.0,60828.0,1606.0,,2842.44,14.0,1183.0,423.0,1377.227,,,0.7366,0.2634,,True,completed
h2797c1:3,default_017,60548.0,60828.0,280.0,,1932.327,60.0,69.0,211.0,109.498,,,0.2464,0.7536,,True,completed
h13562c1:1,default_016,57933.0,60829.0,2896.0,,2830.022,2.0,2569.0,327.0,2700.959,,,0.8871,0.1129,,True,completed
carIn89871:1,default_017,60172.0,60830.0,658.0,,3819.861,82.0,344.0,314.0,395.009,,,0.5228,0.4772,,True,completed
h15538c1:1,default_017,60653.0,60832.0,179.0,,2084.059,0.0,0.0,179.0,17.119,,,0.0,1.0,,True,completed
carIn115569:1,default_017,60661.0,60834.0,173.0,,2088.733,0.0,2.0,171.0,32.089,,,0.0116,0.9884,,True,completed
carIn42850:1,default_016,57919.0,60834.0,2915.0,,2570.276,4.0,2631.0,284.0,2715.534,,,0.9026,0.0974,,True,completed
carIn4270:1,default_017,60624.0,60836.0,212.0,,2963.447,0.0,0.0,212.0,16.393,,,0.0,1.0,,True,completed
carIn54372:1,default_017,60639.0,60836.0,197.0,,2138.172,0.0,0.0,197.0,16.476,,,0.0,1.0,,True,completed
h3929c2:1,default_017,60264.0,60837.0,573.0,,874.872,84.0,456.0,117.0,488.789,,,0.7958,0.2042,,True,completed
h8596c2:3,default_017,60514.0,60837.0,323.0,,1518.087,4.0,137.0,186.0,213.903,,,0.4241,0.5759,,True,completed
carIn47667:1,default_017,60666.0,60838.0,172.0,,2141.12,0.0,0.0,172.0,22.378,,,0.0,1.0,,True,completed
carIn50569:1,default_017,60389.0,60838.0,449.0,,3248.893,33.0,142.0,307.0,208.624,,,0.3163,0.6837,,True,completed
randUni29036:1,random_017,60767.0,60838.0,71.0,,663.268,3.0,3.0,68.0,22.156,,,0.0423,0.9577,,True,completed
carIn48534:1,default_017,60200.0,60840.0,640.0,,3832.677,80.0,316.0,324.0,399.07,,,0.4938,0.5062,,True,completed
carIn45357:1,default_017,60194.0,60843.0,649.0,,3825.891,78.0,314.0,335.0,368.809,,,0.4838,0.5162,,True,completed
h1610c1:1,default_017,60473.0,60844.0,371.0,,2948.608,59.0,72.0,299.0,115.937,,,0.1941,0.8059,,True,completed
h2384c2:3,default_017,60141.0,60846.0,705.0,,2520.201,0.0,423.0,282.0,515.726,,,0.6,0.4,,True,completed
randUni21191:1,random_017,60385.0,60847.0,462.0,,1686.399,2.0,257.0,205.0,339.67,,,0.5563,0.4437,,True,completed
carIn92858:1,default_016,57734.0,60850.0,3116.0,,2097.174,0.0,2890.0,226.0,2947.258,,,0.9275,0.0725,,True,completed
h2948c2:1,default_017,60280.0,60850.0,570.0,,1771.873,72.0,306.0,264.0,365.001,,,0.5368,0.4632,,True,completed
randUni26305:1,random_017,60682.0,60851.0,169.0,,1987.388,0.0,0.0,169.0,12.146,,,0.0,1.0,,True,completed
h18549c2:1,default_017,60291.0,60853.0,562.0,,2348.247,70.0,267.0,295.0,333.074,,,0.4751,0.5249,,True,completed
10_frequency1.46,bus,60541.0,60854.0,313.0,,2091.394,1.0,72.0,241.0,132.714,,,0.23,0.77,,True,completed
carIn82951:1,default_017,60683.0,60854.0,171.0,,2093.148,0.0,1.0,170.0,17.273,,,0.0058,0.9942,,True,completed
randUni28125:1,random_017,60839.0,60854.0,15.0,,123.912,0.0,0.0,15.0,5.247,,,0.0,1.0,,True,completed
carIn41078:1,default_017,60464.0,60855.0,391.0,,3211.668,70.0,111.0,280.0,163.25,,,0.2839,0.7161,,True,completed
carIn12786:1,default_017,60765.0,60856.0,91.0,,936.976,16.0,16.0,75.0,35.315,,,0.1758,0.8242,,True,completed
carIn52047:1,default_017,60093.0,60856.0,763.0,,2449.3,0.0,526.0,237.0,592.488,,,0.6894,0.3106,,True,completed
h9536c2:3,default_016,58329.0,60856.0,2527.0,,194.48,89.0,2484.0,43.0,2512.701,,,0.983,0.017,,True,completed
randUni19233:1,random_017,60685.0,60856.0,171.0,,1259.379,7.0,14.0,157.0,33.468,,,0.0819,0.9181,,True,completed
carIn94681:1,default_017,60467.0,60857.0,390.0,,3216.385,69.0,104.0,286.0,181.41,,,0.2667,0.7333,,True,completed
carIn42291:1,default_017,60778.0,60858.0,80.0,,931.904,5.0,5.0,75.0,20.378,,,0.0625,0.9375,,True,completed
h7239c1:1,default_017,60015.0,60858.0,843.0,,2731.626,13.0,543.0,300.0,607.527,,,0.6441,0.3559,,True,completed
carIn16819:1,default_017,60469.0,60860.0,391.0,,3217.491,67.0,91.0,300.0,150.729,,,0.2327,0.7673,,True,completed
carIn111321:1,default_017,60754.0,60862.0,108.0,,1384.116,0.0,0.0,108.0,7.337,,,0.0,1.0,,True,completed
carIn42732:1,default_017,60014.0,60867.0,853.0,,2856.119,83.0,535.0,318.0,643.406,,,0.6272,0.3728,,True,completed
h11580c1:2,default_017,60500.0,60869.0,369.0,,1052.756,78.0,219.0,150.0,252.618,,,0.5935,0.4065,,True,completed
h5995c1:3,default_017,60147.0,60870.0,723.0,,2458.815,5.0,474.0,249.0,533.896,,,0.6556,0.3444,,True,completed
h5837c2:1,default_017,60721.0,60871.0,150.0,,819.778,34.0,34.0,116.0,68.065,,,0.2267,0.7733,,True,completed
carIn115154:1,default_017,60328.0,60872.0,544.0,,3532.536,52.0,169.0,375.0,307.92,,,0.3107,0.6893,,True,completed
carIn100899:1,default_017,60767.0,60875.0,108.0,,1087.059,11.0,11.0,97.0,32.236,,,0.1019,0.8981,,True,completed
carIn127962:1,default_017,60633.0,60875.0,242.0,,1745.252,40.0,83.0,159.0,110.637,,,0.343,0.657,,True,completed
randUni5467:1,random_017,60704.0,60877.0,173.0,,1593.353,28.0,45.0,128.0,62.028,,,0.2601,0.7399,,True,completed
h23155c2:1,default_017,60482.0,60878.0,396.0,,3018.668,0.0,97.0,299.0,192.756,,,0.2449,0.7551,,True,completed
carIn119958:1,default_017,60734.0,60880.0,146.0,,1340.495,11.0,15.0,131.0,29.243,,,0.1027,0.8973,,True,completed
h5388c2:3,default_017,60764.0,60880.0,116.0,,763.25,11.0,12.0,104.0,27.504,,,0.1034,0.8966,,True,completed
randUni22266:1,random_017,60101.0,60880.0,779.0,,2169.922,1.0,517.0,262.0,590.393,,,0.6637,0.3363,,True,completed
carIn58780:1,default_017,60561.0,60882.0,321.0,,3063.536,0.0,27.0,294.0,87.916,,,0.0841,0.9159,,True,completed
h6090c1:1,default_017,60604.0,60882.0,278.0,,1530.23,43.0,78.0,200.0,105.477,,,0.2806,0.7194,,True,completed
h8595c2:1,default_017,60745.0,60882.0,137.0,,893.626,41.0,50.0,87.0,65.468,,,0.365,0.635,,True,completed
randUni17636:1,random_017,60870.0,60883.0,13.0,,116.25,0.0,0.0,13.0,2.124,,,0.0,1.0,,True,completed
carIn125866:1,default_017,60486.0,60884.0,398.0,,2716.746,66.0,119.0,279.0,166.522,,,0.299,0.701,,True,completed
carIn35202:1,default_017,59296.0,60884.0,1588.0,,2176.145,56.0,1272.0,316.0,1425.717,,,0.801,0.199,,True,completed
carIn53374:1,default_017,60488.0,60884.0,396.0,,2718.767,58.0,109.0,287.0,160.069,,,0.2753,0.7247,,True,completed
carIn124361:1,default_017,60518.0,60886.0,368.0,,2429.705,51.0,105.0,263.0,180.604,,,0.2853,0.7147,,True,completed
h18621c1:1,default_017,60500.0,60886.0,386.0,,2719.447,55.0,95.0,291.0,154.498,,,0.2461,0.7539,,True,completed
carIn84284:1,default_017,60548.0,60888.0,340.0,,2427.868,44.0,66.0,274.0,124.032,,,0.1941,0.8059,,True,completed
randUni12485:1,random_017,60667.0,60888.0,221.0,,2019.324,2.0,2.0,219.0,31.283,,,0.009,0.991,,True,completed
randUni7759:1,random_017,60520.0,60888.0,368.0,,2454.744,51.0,95.0,273.0,153.305,,,0.2582,0.7418,,True,completed
carIn94544:1,default_017,60563.0,60889.0,326.0,,2418.775,40.0,58.0,268.0,141.31,,,0.1779,0.8221,,True,completed
carIn106009:1,default_017,60553.0,60890.0,337.0,,2421.579,44.0,63.0,274.0,115.81,,,0.1869,0.8131,,True,completed
h4848c1:1,default_017,60077.0,60890.0,813.0,,2862.209,8.0,524.0,289.0,581.557,,,0.6445,0.3555,,True,completed
carIn76084:1,default_017,60869.0,60891.0,22.0,,114.608,3.0,3.0,19.0,12.888,,,0.1364,0.8636,,True,completed
carIn13705:1,default_017,60559.0,60892.0,333.0,,2424.33,42.0,63.0,270.0,119.937,,,0.1892,0.8108,,True,completed
h18632c2:1,default_017,60566.0,60892.0,326.0,,2427.629,35.0,50.0,276.0,109.047,,,0.1534,0.8466,,True,completed
randUni19634:1,random_017,60571.0,60892.0,321.0,,2326.155,49.0,100.0,221.0,153.54,,,0.3115,0.6885,,True,completed
h19637c1:1,default_017,60580.0,60893.0,313.0,,2418.465,31.0,49.0,264.0,129.11,,,0.1565,0.8435,,True,completed
h21378c1:3,default_017,59363.0,60893.0,1530.0,,3398.345,1.0,1238.0,292.0,1308.668,,,0.8092,0.1908,,True,completed
h3170c1:3,default_017,60038.0,60893.0,855.0,,2702.141,16.0,511.0,344.0,580.924,,,0.5977,0.4023,,True,completed
carIn22684:1,default_017,60186.0,60894.0,708.0,,2613.977,0.0,424.0,284.0,475.943,,,0.5989,0.4011,,True,completed
h2758c2:1,default_017,60617.0,60894.0,277.0,,1968.628,34.0,52.0,225.0,110.647,,,0.1877,0.8123,,True,completed
carIn104701:1,default_017,60585.0,60895.0,310.0,,2422.407,25.0,26.0,284.0,111.033,,,0.0839,0.9161,,True,completed
carIn83536:1,default_017,60583.0,60896.0,313.0,,2421.738,26.0,28.0,285.0,82.394,,,0.0895,0.9105,,True,completed
h4880c1:3,default_017,60850.0,60896.0,46.0,,432.582,8.0,8.0,38.0,20.705,,,0.1739,0.8261,,True,completed
h9261c1:3,default_016,57786.0,60897.0,3111.0,,2062.737,47.0,2883.0,228.0,2968.614,,,0.9267,0.0733,,True,completed
carIn44664:1,default_017,60813.0,60898.0,85.0,,941.842,9.0,9.0,76.0,25.324,,,0.1059,0.8941,,True,completed
carIn60867:1,default_016,57782.0,60898.0,3116.0,,2062.704,46.0,2887.0,229.0,2976.668,,,0.9265,0.0735,,True,completed
carIn122836:1,default_017,60727.0,60899.0,172.0,,2255.15,0.0,18.0,154.0,34.147,,,0.1047,0.8953,,True,completed
carIn54423:1,default_017,60588.0,60899.0,311.0,,2429.576,23.0,36.0,275.0,117.365,,,0.1158,0.8842,,True,completed
carIn66828:1,default_017,60603.0,60900.0,297.0,,2419.667,0.0,25.0,272.0,105.731,,,0.0842,0.9158,,True,completed
randUni32454:1,random_017,60590.0,60900.0,310.0,,2429.508,2.0,34.0,276.0,120.985,,,0.1097,0.8903,,True,completed
carIn22320:1,default_017,60624.0,60901.0,277.0,,2333.691,13.0,54.0,223.0,90.685,,,0.1949,0.8051,,True,completed
h16110c2:3,default_017,60592.0,60901.0,309.0,,2418.941,0.0,31.0,278.0,101.637,,,0.1003,0.8997,,True,completed
h21997c2:1,default_017,60634.0,60901.0,267.0,,2330.648,13.0,46.0,221.0,79.987,,,0.1723,0.8277,,True,completed
carIn103605:1,default_017,60601.0,60903.0,302.0,,2421.91,0.0,30.0,272.0,103.099,,,0.0993,0.9007,,True,completed
carIn127284:1,default_016,57942.0,60903.0,2961.0,,3629.457,20.0,2609.0,352.0,2708.628,,,0.8811,0.1189,,True,completed
carIn25583:1,default_017,60636.0,60903.0,267.0,,2327.195,10.0,36.0,231.0,75.042,,,0.1348,0.8652,,True,completed
carIn9949:1,default_017,60315.0,60903.0,588.0,,2564.161,10.0,370.0,218.0,404.829,,,0.6293,0.3707,,True,completed
h20450c1:3,default_017,60594.0,60903.0,309.0,,2096.222,10.0,112.0,197.0,158.326,,,0.3625,0.6375,,True,completed
carIn129286:1,default_017,60726.0,60904.0,178.0,,2085.012,0.0,2.0,176.0,21.781,,,0.0112,0.9888,,True,completed
carIn102866:1,default_017,60795.0,60905.0,110.0,,1150.543,17.0,18.0,92.0,34.074,,,0.1636,0.8364,,True,completed
carIn5526:1,default_017,60728.0,60905.0,177.0,,2073.812,0.0,1.0,176.0,35.714,,,0.0056,0.9944,,True,completed
carIn65925:1,default_017,60357.0,60905.0,548.0,,2132.944,8.0,349.0,199.0,390.196,,,0.6369,0.3631,,True,completed
carIn95359:1,default_017,60609.0,60905.0,296.0,,2426.635,5.0,37.0,259.0,100.86,,,0.125,0.875,,True,completed
carIn73727:1,default_017,60391.0,60906.0,515.0,,3253.073,48.0,198.0,317.0,280.643,,,0.3845,0.6155,,True,completed
h13653c1:1,default_017,60899.0,60906.0,7.0,,66.871,0.0,0.0,7.0,1.465,,,0.0,1.0,,True,completed
carIn51782:1,default_017,60803.0,60907.0,104.0,,703.939,32.0,32.0,72.0,44.452,,,0.3077,0.6923,,True,completed
carIn55796:1,default_017,60807.0,60907.0,100.0,,702.276,32.0,32.0,68.0,42.361,,,0.32,0.68,,True,completed
h5560c1:3,default_017,60722.0,60907.0,185.0,,1587.081,16.0,16.0,169.0,39.373,,,0.0865,0.9135,,True,completed
h21158c1:2,default_017,59965.0,60908.0,943.0,,3265.722,66.0,587.0,356.0,709.51,,,0.6225,0.3775,,True,completed
carIn40742:1,default_017,60588.0,60910.0,322.0,,2683.07,4.0,56.0,266.0,119.575,,,0.1739,0.8261,,True,completed
carIn72150:1,default_017,60401.0,60910.0,509.0,,3256.841,47.0,178.0,331.0,289.446,,,0.3497,0.6503,,True,completed
carIn22244:1,default_017,60407.0,60911.0,504.0,,3246.314,46.0,165.0,339.0,303.774,,,0.3274,0.6726,,True,completed
carIn69621:1,default_017,60584.0,60911.0,327.0,,2106.593,0.0,98.0,229.0,142.421,,,0.2997,0.7003,,True,completed
carIn7176:1,default_017,60610.0,60912.0,302.0,,2672.813,3.0,36.0,266.0,89.428,,,0.1192,0.8808,,True,completed
carIn8089:1,default_017,60573.0,60912.0,339.0,,2333.478,37.0,82.0,257.0,146.434,,,0.2419,0.7581,,True,completed
carIn85633:1,default_017,60632.0,60916.0,284.0,,2416.958,2.0,33.0,251.0,77.016,,,0.1162,0.8838,,True,completed
h9547c1:1,default_017,60665.0,60917.0,252.0,,2154.964,0.0,20.0,232.0,50.229,,,0.0794,0.9206,,True,completed
carIn80864:1,default_017,60614.0,60919.0,305.0,,2719.935,3.0,37.0,268.0,88.442,,,0.1213,0.8787,,True,completed
carIn95670:1,default_017,60748.0,60919.0,171.0,,2249.395,0.0,21.0,150.0,45.362,,,0.1228,0.8772,,True,completed
carIn73642:1,default_017,60801.0,60921.0,120.0,,1145.239,3.0,12.0,108.0,34.829,,,0.1,0.9,,True,completed
h5664c2:1,default_017,60770.0,60921.0,151.0,,1896.085,0.0,4.0,147.0,19.995,,,0.0265,0.9735,,True,completed
h7565c1:1,default_017,60896.0,60921.0,25.0,,229.706,4.0,4.0,21.0,8.918,,,0.16,0.84,,True,completed
carIn65776:1,default_017,60731.0,60922.0,191.0,,2181.842,2.0,2.0,189.0,24.654,,,0.0105,0.9895,,True,completed
h7600c1:1,default_017,60595.0,60922.0,327.0,,2266.909,0.0,89.0,238.0,140.301,,,0.2722,0.7278,,True,completed
carIn55372:1,default_017,60740.0,60924.0,184.0,,2204.948,1.0,1.0,183.0,34.563,,,0.0054,0.9946,,True,completed
carIn90785:1,default_017,60675.0,60924.0,249.0,,3127.919,0.0,0.0,249.0,20.531,,,0.0,1.0,,True,completed
carIn117479:1,default_017,60617.0,60926.0,309.0,,2718.024,2.0,36.0,273.0,90.085,,,0.1165,0.8835,,True,completed
h19502c2:1,default_017,60742.0,60926.0,184.0,,2200.985,0.0,0.0,184.0,22.06,,,0.0,1.0,,True,completed
carIn102476:1,default_017,60631.0,60928.0,297.0,,2721.505,2.0,25.0,272.0,109.131,,,0.0842,0.9158,,True,completed
carIn116842:1,default_017,60385.0,60929.0,544.0,,2571.79,0.0,289.0,255.0,331.87,,,0.5312,0.4688,,True,completed
carIn43978:1,default_017,60606.0,60929.0,323.0,,2102.333,0.0,96.0,227.0,155.458,,,0.2972,0.7028,,True,completed
carIn123221:1,default_017,60638.0,60930.0,292.0,,2419.783,4.0,37.0,255.0,97.348,,,0.1267,0.8733,,True,completed
carIn73414:1,default_017,60656.0,60931.0,275.0,,2826.471,0.0,18.0,257.0,92.703,,,0.0655,0.9345,,True,completed
h22469c1:1,default_017,60749.0,60932.0,183.0,,2093.32,6.0,6.0,177.0,21.21,,,0.0328,0.9672,,True,completed
carIn14197:1,default_017,60860.0,60933.0,73.0,,645.586,0.0,0.0,73.0,10.899,,,0.0,1.0,,True,completed
carIn114658:1,default_017,60646.0,60934.0,288.0,,2429.521,3.0,28.0,260.0,87.689,,,0.0972,0.9028,,True,completed
randUni5402:1,random_017,60752.0,60934.0,182.0,,2092.179,4.0,4.0,178.0,20.613,,,0.022,0.978,,True,completed
h19095c1:3,default_017,60648.0,60941.0,293.0,,2428.743,1.0,19.0,274.0,56.106,,,0.0648,0.9352,,True,completed
carIn103704:1,default_017,60514.0,60942.0,428.0,,2134.154,6.0,209.0,219.0,251.907,,,0.4883,0.5117,,True,completed
carIn79612:1,default_017,60654.0,60942.0,288.0,,2418.857,0.0,14.0,274.0,75.392,,,0.0486,0.9514,,True,completed
carIn7604:1,default_017,60815.0,60943.0,128.0,,1149.578,9.0,10.0,118.0,23.867,,,0.0781,0.9219,,True,completed
carIn124493:1,default_017,60658.0,60944.0,286.0,,2423.249,0.0,14.0,272.0,77.976,,,0.049,0.951,,True,completed
randUni9668:1,random_017,60701.0,60944.0,243.0,,1479.955,0.0,55.0,188.0,77.489,,,0.2263,0.7737,,True,completed
carIn88487:1,default_016,57911.0,60945.0,3034.0,,1741.792,8.0,2802.0,232.0,2893.413,,,0.9235,0.0765,,True,completed
randUni33187:1,random_017,60593.0,60945.0,352.0,,2764.959,1.0,106.0,246.0,154.474,,,0.3011,0.6989,,True,completed
carIn34445:1,default_017,60670.0,60946.0,276.0,,2428.302,0.0,16.0,260.0,85.333,,,0.058,0.942,,True,completed
carIn83659:1,default_017,60672.0,60947.0,275.0,,2417.759,0.0,14.0,261.0,78.37,,,0.0509,0.9491,,True,completed
carIn72901:1,default_017,60930.0,60950.0,20.0,,166.112,0.0,0.0,20.0,4.114,,,0.0,1.0,,True,completed
carIn90155:1,default_017,60648.0,60951.0,303.0,,2729.652,0.0,20.0,283.0,105.967,,,0.066,0.934,,True,completed
carIn19171:1,default_017,60681.0,60952.0,271.0,,2666.83,0.0,6.0,265.0,53.311,,,0.0221,0.9779,,True,completed
carIn115029:1,default_017,60756.0,60956.0,200.0,,2092.772,0.0,11.0,189.0,25.453,,,0.055,0.945,,True,completed
carIn76852:1,default_017,60654.0,60957.0,303.0,,2720.294,3.0,18.0,285.0,107.566,,,0.0594,0.9406,,True,completed
h624c2:3,default_017,60621.0,60960.0,339.0,,3320.761,0.0,14.0,325.0,70.573,,,0.0413,0.9587,,True,completed
carIn1815:1,default_017,60764.0,60963.0,199.0,,2093.588,0.0,5.0,194.0,24.098,,,0.0251,0.9749,,True,completed
h2539c1:3,default_017,60655.0,60963.0,308.0,,2255.179,9.0,22.0,286.0,87.0,,,0.0714,0.9286,,True,completed
h3607c2:1,default_017,60834.0,60964.0,130.0,,603.617,53.0,53.0,77.0,67.222,,,0.4077,0.5923,,True,completed
carIn19269:1,default_017,60626.0,60965.0,339.0,,2094.638,0.0,158.0,181.0,188.78,,,0.4661,0.5339,,True,completed
carIn63644:1,default_017,60632.0,60966.0,334.0,,2089.214,0.0,168.0,166.0,196.869,,,0.503,0.497,,True,completed
carIn13127:1,default_017,60871.0,60968.0,97.0,,951.121,3.0,3.0,94.0,21.112,,,0.0309,0.9691,,True,completed
carIn82997:1,default_017,60633.0,60968.0,335.0,,2085.498,0.0,166.0,169.0,196.43,,,0.4955,0.5045,,True,completed
carIn125926:1,default_017,60271.0,60969.0,698.0,,2555.937,16.0,410.0,288.0,466.29,,,0.5874,0.4126,,True,completed
h5493c2:3,default_017,60844.0,60969.0,125.0,,1337.812,0.0,6.0,119.0,19.894,,,0.048,0.952,,True,completed
h21098c1:3,default_017,60625.0,60970.0,345.0,,2101.22,13.0,105.0,240.0,149.644,,,0.3043,0.6957,,True,completed
carIn66020:1,default_017,60638.0,60971.0,333.0,,2294.606,15.0,57.0,276.0,116.834,,,0.1712,0.8288,,True,completed
carIn8171:1,default_017,60530.0,60972.0,442.0,,2459.975,51.0,134.0,308.0,268.976,,,0.3032,0.6968,,True,completed
carIn99408:1,default_017,60955.0,60973.0,18.0,,202.303,0.0,0.0,18.0,2.436,,,0.0,1.0,,True,completed
carIn106624:1,default_017,60630.0,60975.0,345.0,,1588.07,14.0,184.0,161.0,226.628,,,0.5333,0.4667,,True,completed
carIn12568:1,default_017,60413.0,60975.0,562.0,,2582.694,0.0,311.0,251.0,358.464,,,0.5534,0.4466,,True,completed
carIn48592:1,default_017,60655.0,60975.0,320.0,,2726.016,2.0,15.0,305.0,75.378,,,0.0469,0.9531,,True,completed
h3704c1:1,default_017,60862.0,60975.0,113.0,,1023.8,2.0,2.0,111.0,16.519,,,0.0177,0.9823,,True,completed
carIn81083:1,default_016,58656.0,60979.0,2323.0,,2338.006,47.0,2085.0,238.0,2130.549,,,0.8975,0.1025,,True,completed
h18046c1:3,default_017,60796.0,60979.0,183.0,,1610.237,16.0,38.0,145.0,80.455,,,0.2077,0.7923,,True,completed
carIn18920:1,default_017,60763.0,60980.0,217.0,,1596.211,1.0,7.0,210.0,33.467,,,0.0323,0.9677,,True,completed
h3211c1:3,default_017,60744.0,60982.0,238.0,,1591.698,39.0,97.0,141.0,121.565,,,0.4076,0.5924,,True,completed
randUni10874:1,random_017,60750.0,60983.0,233.0,,2074.963,7.0,23.0,210.0,58.903,,,0.0987,0.9013,,True,completed
carIn28378:1,default_017,60769.0,60984.0,215.0,,2138.55,33.0,33.0,182.0,55.893,,,0.1535,0.8465,,True,completed
h19055c2:1,default_017,60753.0,60989.0,236.0,,2255.122,17.0,29.0,207.0,59.84,,,0.1229,0.8771,,True,completed
carIn80904:1,default_017,60790.0,60990.0,200.0,,2245.818,14.0,14.0,186.0,65.764,,,0.07,0.93,,True,completed
carIn17156:1,default_017,60624.0,60994.0,370.0,,1750.097,29.0,193.0,177.0,220.365,,,0.5216,0.4784,,True,completed
carIn28454:1,default_017,60663.0,60997.0,334.0,,2724.861,18.0,36.0,298.0,124.95,,,0.1078,0.8922,,True,completed
carIn48966:1,default_017,60628.0,60998.0,370.0,,1750.848,14.0,187.0,183.0,233.83,,,0.5054,0.4946,,True,completed
carIn21420:1,default_017,60745.0,61000.0,255.0,,3070.717,0.0,0.0,255.0,39.413,,,0.0,1.0,,True,completed
h2395c2:1,default_017,60906.0,61000.0,94.0,,1179.831,0.0,0.0,94.0,11.344,,,0.0,1.0,,True,completed
randUni3565:1,random_017,60825.0,61000.0,175.0,,2260.27,0.0,5.0,170.0,31.065,,,0.0286,0.9714,,True,completed
h10714c1:5,default_017,60686.0,61002.0,316.0,,2414.135,13.0,34.0,282.0,112.971,,,0.1076,0.8924,,True,completed
carIn118890:1,default_017,60835.0,61004.0,169.0,,2090.509,0.0,13.0,156.0,35.479,,,0.0769,0.9231,,True,completed
h1658c2:1,default_017,60656.0,61004.0,348.0,,3089.297,3.0,12.0,336.0,79.016,,,0.0345,0.9655,,True,completed
h11020c1:3,default_017,60641.0,61006.0,365.0,,1588.94,10.0,188.0,177.0,233.773,,,0.5151,0.4849,,True,completed
carIn133013:1,default_017,59103.0,61007.0,1904.0,,3486.057,21.0,1618.0,286.0,1661.741,,,0.8498,0.1502,,True,completed
carIn16399:1,default_017,60678.0,61007.0,329.0,,2920.791,4.0,4.0,325.0,51.678,,,0.0122,0.9878,,True,completed
carIn82076:1,default_017,60771.0,61007.0,236.0,,2134.203,49.0,49.0,187.0,87.806,,,0.2076,0.7924,,True,completed
carIn114657:1,default_017,60654.0,61009.0,355.0,,1592.029,11.0,186.0,169.0,229.517,,,0.5239,0.4761,,True,completed
randUni30459:1,random_017,60767.0,61009.0,242.0,,2079.645,53.0,64.0,178.0,91.34,,,0.2645,0.7355,,True,completed
carIn57314:1,default_017,60674.0,61010.0,336.0,,2686.334,10.0,37.0,299.0,129.713,,,0.1101,0.8899,,True,completed
h2006c1:1,default_017,60829.0,61010.0,181.0,,1875.505,30.0,34.0,147.0,61.547,,,0.1878,0.8122,,True,completed
h8272c2:1,default_017,60815.0,61010.0,195.0,,1593.439,12.0,12.0,183.0,45.679,,,0.0615,0.9385,,True,completed
carIn46699:1,default_017,60846.0,61011.0,165.0,,2266.771,0.0,0.0,165.0,14.75,,,0.0,1.0,,True,completed
carIn87524:1,default_017,59109.0,61011.0,1902.0,,3475.259,28.0,1579.0,323.0,1678.251,,,0.8302,0.1698,,True,completed
h3399c2:1,default_017,60929.0,61012.0,83.0,,502.971,30.0,30.0,53.0,45.968,,,0.3614,0.6386,,True,completed
carIn55194:1,default_017,60782.0,61013.0,231.0,,2466.969,15.0,25.0,206.0,48.702,,,0.1082,0.8918,,True,completed
carIn46912:1,default_017,60780.0,61015.0,235.0,,2139.102,15.0,15.0,220.0,39.074,,,0.0638,0.9362,,True,completed
carIn127381:1,default_017,60750.0,61017.0,267.0,,3070.812,0.0,0.0,267.0,29.121,,,0.0,1.0,,True,completed
carIn19896:1,default_017,60798.0,61017.0,219.0,,2135.403,13.0,43.0,176.0,74.173,,,0.1963,0.8037,,True,completed
carIn115089:1,default_017,60676.0,61018.0,342.0,,2728.812,1.0,36.0,306.0,101.284,,,0.1053,0.8947,,True,completed
carIn79188:1,default_017,60935.0,61018.0,83.0,,717.85,10.0,10.0,73.0,23.265,,,0.1205,0.8795,,True,completed
randUni12194:1,random_017,60912.0,61019.0,107.0,,1202.29,0.0,0.0,107.0,11.522,,,0.0,1.0,,True,completed
carIn16913:1,default_017,60885.0,61021.0,136.0,,1147.489,36.0,36.0,100.0,48.673,,,0.2647,0.7353,,True,completed
h8907c1:1,default_016,57939.0,61021.0,3082.0,,2673.609,0.0,2791.0,291.0,2903.75,,,0.9056,0.0944,,True,completed
carIn95081:1,default_017,60645.0,61022.0,377.0,,2094.57,0.0,180.0,197.0,228.377,,,0.4775,0.5225,,True,completed
carIn63445:1,default_017,60890.0,61023.0,133.0,,1146.589,30.0,30.0,103.0,41.532,,,0.2256,0.7744,,True,completed
carIn878:1,default_017,60682.0,61023.0,341.0,,2130.007,40.0,86.0,255.0,129.778,,,0.2522,0.7478,,True,completed
carIn31552:1,default_017,60892.0,61025.0,133.0,,1150.879,33.0,33.0,100.0,47.935,,,0.2481,0.7519,,True,completed
carIn24132:1,default_017,60810.0,61026.0,216.0,,2957.465,10.0,10.0,206.0,26.979,,,0.0463,0.9537,,True,completed
carIn68340:1,default_017,60964.0,61026.0,62.0,,941.559,0.0,0.0,62.0,6.116,,,0.0,1.0,,True,completed
carIn16421:1,default_017,60678.0,61027.0,349.0,,2728.378,0.0,38.0,311.0,101.203,,,0.1089,0.8911,,True,completed
carIn45925:1,default_017,60906.0,61027.0,121.0,,1151.06,8.0,8.0,113.0,21.294,,,0.0661,0.9339,,True,completed
h7020c1:1,default_017,60822.0,61028.0,206.0,,1803.262,17.0,17.0,189.0,53.124,,,0.0825,0.9175,,True,completed
carIn22778:1,default_017,60922.0,61029.0,107.0,,1073.686,0.0,0.0,107.0,8.7,,,0.0,1.0,,True,completed
h9232c1:3,default_017,60798.0,61029.0,231.0,,2567.497,0.0,1.0,230.0,41.717,,,0.0043,0.9957,,True,completed
h10243c1:1,default_017,60635.0,61030.0,395.0,,2325.662,3.0,188.0,207.0,234.865,,,0.4759,0.5241,,True,completed
h19210c2:1,default_017,60828.0,61031.0,203.0,,2443.629,15.0,15.0,188.0,52.412,,,0.0739,0.9261,,True,completed
70.45,bus,60709.0,61032.0,323.0,,2399.245,12.0,43.0,280.0,121.508,,,0.1331,0.8669,,True,completed
carIn69362:1,default_017,60639.0,61032.0,393.0,,2332.807,2.0,182.0,211.0,235.718,,,0.4631,0.5369,,True,completed
carIn125854:1,default_017,60637.0,61033.0,396.0,,2322.326,1.0,187.0,209.0,248.244,,,0.4722,0.5278,,True,completed
h7139c2:1,default_017,60730.0,61033.0,303.0,,2300.6,0.0,12.0,291.0,50.358,,,0.0396,0.9604,,True,completed
carIn16112:1,default_017,60680.0,61034.0,354.0,,2675.15,8.0,44.0,310.0,145.265,,,0.1243,0.8757,,True,completed
carIn56806:1,default_016,58051.0,61034.0,2983.0,,2920.766,0.0,2667.0,316.0,2745.187,,,0.8941,0.1059,,True,completed
carIn22869:1,default_017,60660.0,61035.0,375.0,,2328.818,0.0,176.0,199.0,223.102,,,0.4693,0.5307,,True,completed
h6428c2:1,default_017,60766.0,61035.0,269.0,,2904.943,0.0,7.0,262.0,38.273,,,0.026,0.974,,True,completed
carIn69609:1,default_017,60821.0,61036.0,215.0,,2363.26,9.0,22.0,193.0,62.119,,,0.1023,0.8977,,True,completed
carIn6609:1,default_017,60838.0,61037.0,199.0,,1748.536,9.0,23.0,176.0,56.574,,,0.1156,0.8844,,True,completed
h6289c1:3,default_017,60831.0,61037.0,206.0,,1708.724,16.0,44.0,162.0,100.38,,,0.2136,0.7864,,True,completed
h3209c2:1,default_017,60900.0,61039.0,139.0,,1712.19,13.0,13.0,126.0,28.63,,,0.0935,0.9065,,True,completed
carIn94268:1,default_017,60841.0,61040.0,199.0,,2240.779,5.0,17.0,182.0,65.736,,,0.0854,0.9146,,True,completed
h304c1:1,default_017,60943.0,61040.0,97.0,,952.785,1.0,1.0,96.0,13.006,,,0.0103,0.9897,,True,completed
carIn102244:1,default_017,60929.0,61041.0,112.0,,706.162,32.0,32.0,80.0,41.305,,,0.2857,0.7143,,True,completed
carIn105693:1,default_017,60879.0,61042.0,163.0,,2093.75,0.0,0.0,163.0,23.225,,,0.0,1.0,,True,completed
carIn41182:1,default_017,60867.0,61043.0,176.0,,2097.224,0.0,6.0,170.0,26.536,,,0.0341,0.9659,,True,completed
h3455c2:1,default_018,60996.0,61044.0,48.0,,393.316,9.0,9.0,39.0,15.999,,,0.1875,0.8125,,True,completed
carIn73978:1,default_017,60905.0,61045.0,140.0,,1582.4,3.0,3.0,137.0,21.579,,,0.0214,0.9786,,True,completed
carIn22826:1,default_017,60751.0,61046.0,295.0,,2768.294,0.0,49.0,246.0,74.934,,,0.1661,0.8339,,True,completed
carIn70021:1,default_017,60765.0,61048.0,283.0,,2768.876,0.0,32.0,251.0,63.232,,,0.1131,0.8869,,True,completed
h6305c2:1,default_017,60830.0,61050.0,220.0,,2288.849,0.0,1.0,219.0,28.636,,,0.0045,0.9955,,True,completed
h15057c1:5,default_017,60799.0,61051.0,252.0,,2006.644,7.0,39.0,213.0,69.446,,,0.1548,0.8452,,True,completed
carIn6742:1,default_017,60914.0,61052.0,138.0,,1588.191,0.0,0.0,138.0,21.477,,,0.0,1.0,,True,completed
carIn93657:1,default_017,60641.0,61052.0,411.0,,3312.36,17.0,83.0,328.0,196.924,,,0.2019,0.7981,,True,completed
carIn23009:1,default_017,60888.0,61054.0,166.0,,1843.556,0.0,0.0,166.0,41.918,,,0.0,1.0,,True,completed
carIn34395:1,default_017,60840.0,61054.0,214.0,,2763.719,9.0,9.0,205.0,31.718,,,0.0421,0.9579,,True,completed
carIn81587:1,default_017,60911.0,61055.0,144.0,,2095.148,0.0,0.0,144.0,14.856,,,0.0,1.0,,True,completed
carIn115711:1,default_017,60792.0,61056.0,264.0,,2253.463,26.0,52.0,212.0,81.064,,,0.197,0.803,,True,completed
carIn10308:1,default_017,60830.0,61058.0,228.0,,2255.922,24.0,24.0,204.0,90.359,,,0.1053,0.8947,,True,completed
h3566c1:1,default_017,60762.0,61059.0,297.0,,1663.985,0.0,96.0,201.0,119.425,,,0.3232,0.6768,,True,completed
h3922c2:1,default_017,60892.0,61059.0,167.0,,1716.766,0.0,0.0,167.0,17.968,,,0.0,1.0,,True,completed
carIn93968:1,default_017,60817.0,61060.0,243.0,,2479.445,0.0,5.0,238.0,30.879,,,0.0206,0.9794,,True,completed
h8177c2:1,default_017,60814.0,61060.0,246.0,,1293.392,16.0,101.0,145.0,151.954,,,0.4106,0.5894,,True,completed
carIn118060:1,default_017,60812.0,61061.0,249.0,,2958.749,0.0,0.0,249.0,15.224,,,0.0,1.0,,True,completed
carIn52392:1,default_017,60844.0,61061.0,217.0,,2097.058,8.0,28.0,189.0,61.343,,,0.129,0.871,,True,completed
carIn56551:1,default_016,57946.0,61061.0,3115.0,,2809.687,64.0,2803.0,312.0,2900.538,,,0.8998,0.1002,,True,completed
carIn54122:1,default_017,60822.0,61062.0,240.0,,2481.268,0.0,4.0,236.0,39.585,,,0.0167,0.9833,,True,completed
h399c1:3,default_016,57949.0,61064.0,3115.0,,1735.299,78.0,2916.0,199.0,2995.99,,,0.9361,0.0639,,True,completed
carIn36388:1,default_017,60832.0,61067.0,235.0,,2252.864,12.0,12.0,223.0,41.606,,,0.0511,0.9489,,True,completed
carIn11332:1,default_017,60695.0,61068.0,373.0,,2965.208,10.0,73.0,300.0,167.53,,,0.1957,0.8043,,True,completed
carIn73333:1,default_017,60834.0,61069.0,235.0,,2254.83,15.0,15.0,220.0,66.378,,,0.0638,0.9362,,True,completed
h19431c2:3,default_017,60897.0,61069.0,172.0,,2089.685,0.0,0.0,172.0,9.039,,,0.0,1.0,,True,completed
carIn11253:1,default_017,60841.0,61070.0,229.0,,2245.166,14.0,16.0,213.0,102.766,,,0.0699,0.9301,,True,completed
carIn51541:1,default_017,60871.0,61070.0,199.0,,2264.768,4.0,4.0,195.0,25.025,,,0.0201,0.9799,,True,completed
carIn25554:1,default_017,60975.0,61072.0,97.0,,1152.011,8.0,8.0,89.0,15.491,,,0.0825,0.9175,,True,completed
carIn40665:1,default_017,60854.0,61072.0,218.0,,2248.602,14.0,14.0,204.0,66.182,,,0.0642,0.9358,,True,completed
carIn90125:1,default_017,60726.0,61072.0,346.0,,2962.817,5.0,62.0,284.0,136.087,,,0.1792,0.8208,,True,completed
carIn67723:1,default_017,60909.0,61073.0,164.0,,1753.621,3.0,3.0,161.0,29.451,,,0.0183,0.9817,,True,completed
carIn49079:1,default_017,60737.0,61074.0,337.0,,2538.558,5.0,59.0,278.0,139.987,,,0.1751,0.8249,,True,completed
h3896c1:3,default_017,60820.0,61074.0,254.0,,2315.701,17.0,27.0,227.0,97.602,,,0.1063,0.8937,,True,completed
carIn68115:1,default_017,60700.0,61075.0,375.0,,2802.044,3.0,68.0,307.0,198.953,,,0.1813,0.8187,,True,completed
carIn2777:1,default_017,60899.0,61076.0,177.0,,2364.101,0.0,0.0,177.0,18.945,,,0.0,1.0,,True,completed
carIn72404:1,default_017,60977.0,61077.0,100.0,,1149.289,7.0,7.0,93.0,16.381,,,0.07,0.93,,True,completed
carIn78320:1,default_017,60864.0,61078.0,214.0,,2256.117,15.0,15.0,199.0,66.629,,,0.0701,0.9299,,True,completed
carIn130618:1,default_017,60874.0,61079.0,205.0,,2246.804,8.0,9.0,196.0,65.658,,,0.0439,0.9561,,True,completed
h6300c1:3,default_017,60768.0,61079.0,311.0,,2338.335,2.0,86.0,225.0,121.472,,,0.2765,0.7235,,True,completed
carIn16423:1,default_017,60790.0,61082.0,292.0,,2063.438,39.0,107.0,185.0,132.867,,,0.3664,0.6336,,True,completed
carIn29904:1,default_017,60899.0,61082.0,183.0,,2090.189,7.0,7.0,176.0,20.07,,,0.0383,0.9617,,True,completed
carIn40507:1,default_017,60901.0,61082.0,181.0,,2097.427,4.0,4.0,177.0,21.534,,,0.0221,0.9779,,True,completed
carIn133020:1,default_017,60709.0,61083.0,374.0,,2815.782,7.0,67.0,307.0,156.743,,,0.1791,0.8209,,True,completed
carIn126348:1,default_017,60741.0,61084.0,343.0,,2532.705,5.0,103.0,240.0,163.731,,,0.3003,0.6997,,True,completed
carIn33806:1,default_017,60848.0,61084.0,236.0,,2141.956,35.0,38.0,198.0,73.069,,,0.161,0.839,,True,completed
h19990c2:1,default_017,60988.0,61084.0,96.0,,696.898,27.0,27.0,69.0,34.149,,,0.2812,0.7188,,True,completed
carIn100951:1,default_017,60907.0,61085.0,178.0,,2089.178,0.0,0.0,178.0,13.085,,,0.0,1.0,,True,completed
carIn100386:1,default_017,60903.0,61086.0,183.0,,2096.002,4.0,4.0,179.0,17.388,,,0.0219,0.9781,,True,completed
carIn129025:1,default_017,60891.0,61086.0,195.0,,2140.211,10.0,10.0,185.0,30.953,,,0.0513,0.9487,,True,completed
h11689c1:1,default_017,60926.0,61087.0,161.0,,2092.976,0.0,0.0,161.0,28.054,,,0.0,1.0,,True,completed
randUni4953:1,random_017,60928.0,61087.0,159.0,,2086.56,0.0,0.0,159.0,20.687,,,0.0,1.0,,True,completed
h10962c1:3,default_018,61034.0,61088.0,54.0,,708.982,0.0,0.0,54.0,2.458,,,0.0,1.0,,True,completed
carIn14010:1,default_017,60743.0,61090.0,347.0,,2538.917,0.0,81.0,266.0,136.146,,,0.2334,0.7666,,True,completed
carIn21484:1,default_017,60924.0,61091.0,167.0,,2316.392,0.0,0.0,167.0,12.947,,,0.0,1.0,,True,completed
carIn119507:1,default_017,60839.0,61092.0,253.0,,2847.89,0.0,0.0,253.0,48.638,,,0.0,1.0,,True,completed
carIn85471:1,default_017,60755.0,61093.0,338.0,,3825.481,1.0,1.0,337.0,32.993,,,0.003,0.997,,True,completed
h10391c1:1,default_017,60991.0,61094.0,103.0,,1149.415,5.0,6.0,97.0,18.97,,,0.0583,0.9417,,True,completed
carIn69851:1,default_017,60768.0,61096.0,328.0,,2642.656,1.0,58.0,270.0,112.266,,,0.1768,0.8232,,True,completed
h11794c1:3,default_017,60747.0,61097.0,350.0,,2531.773,5.0,91.0,259.0,146.316,,,0.26,0.74,,True,completed
h2899c2:3,default_017,60866.0,61097.0,231.0,,2089.143,0.0,0.0,231.0,24.24,,,0.0,1.0,,True,completed
h18549c1:3,default_017,60751.0,61099.0,348.0,,2534.755,2.0,82.0,266.0,138.542,,,0.2356,0.7644,,True,completed
h20215c1:1,default_017,60842.0,61099.0,257.0,,2767.022,5.0,8.0,249.0,33.1,,,0.0311,0.9689,,True,completed
carIn106929:1,default_017,60873.0,61101.0,228.0,,2238.478,22.0,25.0,203.0,55.37,,,0.1096,0.8904,,True,completed
h18657c2:1,default_017,60659.0,61102.0,443.0,,3001.653,44.0,108.0,335.0,170.165,,,0.2438,0.7562,,True,completed
carIn64877:1,default_017,60875.0,61103.0,228.0,,2243.756,18.0,19.0,209.0,76.212,,,0.0833,0.9167,,True,completed
carIn86327:1,default_017,60920.0,61103.0,183.0,,2096.322,0.0,0.0,183.0,11.427,,,0.0,1.0,,True,completed
carIn95877:1,default_017,60903.0,61104.0,201.0,,2447.768,0.0,0.0,201.0,17.89,,,0.0,1.0,,True,completed
h13227c1:1,default_017,60877.0,61104.0,227.0,,2233.261,18.0,19.0,208.0,76.362,,,0.0837,0.9163,,True,completed
carIn29693:1,default_017,60850.0,61107.0,257.0,,2239.148,58.0,58.0,199.0,78.336,,,0.2257,0.7743,,True,completed
h19359c1:2,default_017,60852.0,61109.0,257.0,,2241.457,0.0,56.0,201.0,89.085,,,0.2179,0.7821,,True,completed
carIn118549:1,default_017,60854.0,61111.0,257.0,,2244.638,0.0,54.0,203.0,90.881,,,0.2101,0.7899,,True,completed
h19679c1:1,default_017,60754.0,61112.0,358.0,,2541.992,0.0,70.0,288.0,120.666,,,0.1955,0.8045,,True,completed
carIn88757:1,default_017,60876.0,61113.0,237.0,,2247.369,33.0,36.0,201.0,107.984,,,0.1519,0.8481,,True,completed
randUni9860:1,random_017,60859.0,61113.0,254.0,,2249.62,0.0,54.0,200.0,101.14,,,0.2126,0.7874,,True,completed
carIn25862:1,default_017,61045.0,61115.0,70.0,,756.884,0.0,0.0,70.0,13.456,,,0.0,1.0,,True,completed
h10607c1:3,default_017,60939.0,61117.0,178.0,,2091.077,8.0,17.0,161.0,38.095,,,0.0955,0.9045,,True,completed
h1559c1:3,default_017,60788.0,61117.0,329.0,,3141.684,0.0,27.0,302.0,84.66,,,0.0821,0.9179,,True,completed
carIn19194:1,default_017,60879.0,61119.0,240.0,,2254.347,31.0,32.0,208.0,86.582,,,0.1333,0.8667,,True,completed
h10801c1:3,default_017,60930.0,61119.0,189.0,,2322.851,14.0,14.0,175.0,34.725,,,0.0741,0.9259,,True,completed
randUni21134:1,random_017,60986.0,61120.0,134.0,,952.353,5.0,5.0,129.0,23.929,,,0.0373,0.9627,,True,completed
carIn44823:1,default_017,60943.0,61121.0,178.0,,2094.926,0.0,12.0,166.0,32.118,,,0.0674,0.9326,,True,completed
carIn55289:1,default_017,60935.0,61121.0,186.0,,2328.391,1.0,6.0,180.0,30.906,,,0.0323,0.9677,,True,completed
h22662c2:3,default_017,60898.0,61121.0,223.0,,2205.509,11.0,16.0,207.0,56.133,,,0.0717,0.9283,,True,completed
h8354c1:1,default_018,60965.0,61122.0,157.0,,1790.16,8.0,8.0,149.0,37.343,,,0.051,0.949,,True,completed
carIn113510:1,default_017,60799.0,61123.0,324.0,,2852.012,0.0,73.0,251.0,103.788,,,0.2253,0.7747,,True,completed
carIn75545:1,default_017,60934.0,61123.0,189.0,,2243.936,18.0,18.0,171.0,42.775,,,0.0952,0.9048,,True,completed
carIn13112:1,default_017,60862.0,61125.0,263.0,,2033.376,33.0,58.0,205.0,113.33,,,0.2205,0.7795,,True,completed
carIn98801:1,default_017,60904.0,61126.0,222.0,,2368.252,9.0,11.0,211.0,72.231,,,0.0495,0.9505,,True,completed
carIn22419:1,default_017,60937.0,61127.0,190.0,,1585.548,33.0,33.0,157.0,75.963,,,0.1737,0.8263,,True,completed
carIn30568:1,default_017,60801.0,61127.0,326.0,,2350.255,4.0,59.0,267.0,103.378,,,0.181,0.819,,True,completed
carIn18468:1,default_017,60711.0,61128.0,417.0,,2721.204,46.0,102.0,315.0,183.64,,,0.2446,0.7554,,True,completed
carIn58539:1,default_017,60941.0,61133.0,192.0,,2092.137,0.0,6.0,186.0,29.093,,,0.0312,0.9688,,True,completed
h8366c1:3,default_017,60850.0,61133.0,283.0,,1775.441,29.0,88.0,195.0,123.302,,,0.311,0.689,,True,completed
carIn112231:1,default_017,60865.0,61134.0,269.0,,2023.422,30.0,45.0,224.0,121.69,,,0.1673,0.8327,,True,completed
carIn119406:1,default_017,60936.0,61134.0,198.0,,2253.962,23.0,23.0,175.0,53.706,,,0.1162,0.8838,,True,completed
carIn130538:1,default_017,60940.0,61135.0,195.0,,2243.19,21.0,21.0,174.0,56.422,,,0.1077,0.8923,,True,completed
carIn120738:1,default_017,60947.0,61136.0,189.0,,1587.27,29.0,44.0,145.0,87.412,,,0.2328,0.7672,,True,completed
h12280c1:3,default_017,60971.0,61137.0,166.0,,1610.725,21.0,33.0,133.0,73.43,,,0.1988,0.8012,,True,completed
randUni15334:1,random_017,60898.0,61137.0,239.0,,2260.916,0.0,56.0,183.0,80.284,,,0.2343,0.7657,,True,completed
carIn101939:1,default_016,58028.0,61139.0,3111.0,,2568.797,11.0,2835.0,276.0,2926.119,,,0.9113,0.0887,,True,completed
h2796c1:1,default_017,60765.0,61140.0,375.0,,2512.127,61.0,180.0,195.0,214.82,,,0.48,0.52,,True,completed
h3246c2:3,default_017,60864.0,61141.0,277.0,,2136.891,0.0,3.0,274.0,48.095,,,0.0108,0.9892,,True,completed
h8264c2:1,default_018,60989.0,61144.0,155.0,,1817.504,0.0,8.0,147.0,22.314,,,0.0516,0.9484,,True,completed
h11096c1:3,default_018,61094.0,61146.0,52.0,,698.925,0.0,0.0,52.0,2.294,,,0.0,1.0,,True,completed
carIn102926:1,default_017,60850.0,61148.0,298.0,,1685.421,54.0,147.0,151.0,174.623,,,0.4933,0.5067,,True,completed
carIn107303:1,default_017,60958.0,61148.0,190.0,,2094.463,1.0,16.0,174.0,48.207,,,0.0842,0.9158,,True,completed
h11783c2:3,default_018,61084.0,61148.0,64.0,,713.966,0.0,0.0,64.0,8.357,,,0.0,1.0,,True,completed
carIn126144:1,default_017,60932.0,61150.0,218.0,,1089.892,53.0,125.0,93.0,142.324,,,0.5734,0.4266,,True,completed
h15674c1:3,default_017,60911.0,61150.0,239.0,,2057.714,6.0,40.0,199.0,65.687,,,0.1674,0.8326,,True,completed
carIn122219:1,default_017,61073.0,61151.0,78.0,,1145.876,0.0,0.0,78.0,5.417,,,0.0,1.0,,True,completed
carIn30344:1,default_017,60960.0,61153.0,193.0,,2250.177,3.0,3.0,190.0,51.914,,,0.0155,0.9845,,True,completed
carIn52125:1,default_017,60908.0,61153.0,245.0,,2446.425,22.0,22.0,223.0,43.442,,,0.0898,0.9102,,True,completed
h12473c1:3,default_017,60985.0,61153.0,168.0,,2329.178,0.0,3.0,165.0,31.393,,,0.0179,0.9821,,True,completed
h1545c1:3,default_018,61057.0,61153.0,96.0,,984.608,0.0,0.0,96.0,12.432,,,0.0,1.0,,True,completed
carIn73435:1,default_017,60912.0,61155.0,243.0,,2450.382,20.0,20.0,223.0,55.717,,,0.0823,0.9177,,True,completed
carIn67068:1,default_017,60942.0,61157.0,215.0,,2256.028,5.0,13.0,202.0,59.454,,,0.0605,0.9395,,True,completed
carIn83896:1,default_017,61135.0,61157.0,22.0,,179.708,0.0,0.0,22.0,1.356,,,0.0,1.0,,True,completed
h1300c2:1,default_017,61141.0,61157.0,16.0,,111.23,0.0,0.0,16.0,7.422,,,0.0,1.0,,True,completed
carIn1546:1,default_017,60971.0,61158.0,187.0,,2254.957,2.0,5.0,182.0,39.023,,,0.0267,0.9733,,True,completed
carIn18117:1,default_017,60962.0,61158.0,196.0,,2246.4,6.0,6.0,190.0,59.015,,,0.0306,0.9694,,True,completed
h15969c1:1,default_017,60988.0,61158.0,170.0,,1586.366,0.0,2.0,168.0,50.678,,,0.0118,0.9882,,True,completed
carIn50961:1,default_017,60882.0,61160.0,278.0,,2235.029,40.0,66.0,212.0,119.748,,,0.2374,0.7626,,True,completed
carIn62266:1,default_017,60951.0,61160.0,209.0,,2463.892,0.0,0.0,209.0,40.954,,,0.0,1.0,,True,completed
carIn119384:1,default_017,60885.0,61162.0,277.0,,2239.185,39.0,64.0,213.0,120.048,,,0.231,0.769,,True,completed
carIn63801:1,default_017,61005.0,61164.0,159.0,,2251.983,0.0,0.0,159.0,39.525,,,0.0,1.0,,True,completed
carIn9402:1,default_017,60912.0,61166.0,254.0,,2240.035,33.0,51.0,203.0,86.808,,,0.2008,0.7992,,True,completed
carIn124667:1,default_017,60921.0,61167.0,246.0,,2136.051,10.0,38.0,208.0,65.592,,,0.1545,0.8455,,True,completed
carIn28644:1,default_017,61067.0,61167.0,100.0,,1151.619,0.0,0.0,100.0,6.69,,,0.0,1.0,,True,completed
carIn63799:1,default_017,60973.0,61167.0,194.0,,2246.626,0.0,7.0,187.0,32.153,,,0.0361,0.9639,,True,completed
carIn104816:1,default_017,60944.0,61168.0,224.0,,2240.509,1.0,5.0,219.0,36.251,,,0.0223,0.9777,,True,completed
carIn52568:1,default_017,60916.0,61168.0,252.0,,2244.452,31.0,49.0,203.0,92.672,,,0.1944,0.8056,,True,completed
carIn112920:1,default_017,60985.0,61169.0,184.0,,2250.627,0.0,5.0,179.0,37.681,,,0.0272,0.9728,,True,completed
h11856c2:3,default_017,60960.0,61169.0,209.0,,2321.9,0.0,14.0,195.0,53.642,,,0.067,0.933,,True,completed
carIn24327:1,default_017,60954.0,61170.0,216.0,,2244.506,0.0,5.0,211.0,53.567,,,0.0231,0.9769,,True,completed
randUni8977:1,random_018,61167.0,61170.0,3.0,,30.955,0.0,0.0,3.0,0.043,,,0.0,1.0,,True,completed
carIn30320:1,default_017,60951.0,61172.0,221.0,,2136.524,9.0,12.0,209.0,49.154,,,0.0543,0.9457,,True,completed
h1872c1:1,default_018,61036.0,61174.0,138.0,,1284.056,6.0,6.0,132.0,37.431,,,0.0435,0.9565,,True,completed
carIn55010:1,default_017,60944.0,61177.0,233.0,,2262.59,10.0,19.0,214.0,53.698,,,0.0815,0.9185,,True,completed
randUni7847:1,random_018,61056.0,61177.0,121.0,,1384.886,0.0,0.0,121.0,16.109,,,0.0,1.0,,True,completed
carIn41374:1,default_017,61114.0,61178.0,64.0,,931.092,0.0,0.0,64.0,16.291,,,0.0,1.0,,True,completed
carIn82262:1,default_017,60965.0,61181.0,216.0,,1752.425,0.0,14.0,202.0,80.814,,,0.0648,0.9352,,True,completed
carIn8918:1,default_017,60991.0,61181.0,190.0,,1817.115,0.0,6.0,184.0,38.197,,,0.0316,0.9684,,True,completed
carIn60672:1,default_017,60859.0,61183.0,324.0,,3424.756,0.0,8.0,316.0,42.748,,,0.0247,0.9753,,True,completed
h17311c1:1,default_017,61009.0,61183.0,174.0,,2086.07,0.0,6.0,168.0,26.378,,,0.0345,0.9655,,True,completed
carIn31173:1,default_017,60042.0,61185.0,1143.0,,2843.566,95.0,882.0,261.0,959.842,,,0.7717,0.2283,,True,completed
carIn49336:1,default_017,60818.0,61185.0,367.0,,3670.004,0.0,51.0,316.0,103.823,,,0.139,0.861,,True,completed
carIn15314:1,default_016,57797.0,61186.0,3389.0,,2056.28,57.0,3168.0,221.0,3250.894,,,0.9348,0.0652,,True,completed
carIn79996:1,default_017,60983.0,61186.0,203.0,,2246.603,4.0,6.0,197.0,31.528,,,0.0296,0.9704,,True,completed
carIn4529:1,default_017,60980.0,61187.0,207.0,,2219.142,3.0,13.0,194.0,56.286,,,0.0628,0.9372,,True,completed
carIn56541:1,default_017,60971.0,61188.0,217.0,,2137.713,0.0,13.0,204.0,47.463,,,0.0599,0.9401,,True,completed
carIn128513:1,default_017,60918.0,61189.0,271.0,,2229.541,30.0,68.0,203.0,119.88,,,0.2509,0.7491,,True,completed
carIn37240:1,default_017,60986.0,61189.0,203.0,,2221.949,1.0,5.0,198.0,36.712,,,0.0246,0.9754,,True,completed
carIn39278:1,default_017,61083.0,61189.0,106.0,,1533.659,0.0,0.0,106.0,24.628,,,0.0,1.0,,True,completed
carIn85405:1,default_017,60994.0,61189.0,195.0,,1750.47,0.0,11.0,184.0,54.244,,,0.0564,0.9436,,True,completed
carIn29071:1,default_017,60977.0,61191.0,214.0,,2139.108,0.0,10.0,204.0,49.484,,,0.0467,0.9533,,True,completed
carIn36233:1,default_017,61112.0,61192.0,80.0,,846.043,0.0,0.0,80.0,4.909,,,0.0,1.0,,True,completed
h10474c1:3,default_018,61144.0,61193.0,49.0,,427.339,0.0,0.0,49.0,4.132,,,0.0,1.0,,True,completed
h11351c1:1,default_017,60922.0,61193.0,271.0,,2240.323,26.0,67.0,204.0,106.961,,,0.2472,0.7528,,True,completed
carIn122513:1,default_017,60981.0,61194.0,213.0,,2136.326,0.0,5.0,208.0,42.111,,,0.0235,0.9765,,True,completed
carIn15652:1,default_016,57941.0,61194.0,3253.0,,2829.451,24.0,2908.0,345.0,3070.328,,,0.8939,0.1061,,True,completed
carIn46449:1,default_017,60958.0,61195.0,237.0,,2260.867,0.0,19.0,218.0,39.512,,,0.0802,0.9198,,True,completed
carIn59149:1,default_017,60961.0,61195.0,234.0,,2258.364,0.0,18.0,216.0,56.871,,,0.0769,0.9231,,True,completed
h6840c2:1,default_017,60934.0,61196.0,262.0,,1789.579,55.0,99.0,163.0,139.446,,,0.3779,0.6221,,True,completed
h2518c2:1,default_017,60946.0,61198.0,252.0,,2340.4,54.0,68.0,184.0,93.524,,,0.2698,0.7302,,True,completed
randUni29386:1,random_017,61180.0,61198.0,18.0,,115.908,3.0,3.0,15.0,7.341,,,0.1667,0.8333,,True,completed
h9817c1:1,default_017,61006.0,61200.0,194.0,,1570.02,0.0,8.0,186.0,29.827,,,0.0412,0.9588,,True,completed
11_frequency1.44,bus,59284.0,,1916.0,,1400.103,100.0,1751.0,165.0,1815.201,,,0.9139,0.0861,,False,on_map_at_end
11_frequency1.46,bus,61088.0,,112.0,,1270.978,6.0,5.0,107.0,16.14,,,0.0446,0.9554,,False,on_map_at_end
15R_frequency4.3,bus,60717.0,,483.0,,766.215,100.0,400.0,83.0,427.837,,,0.8282,0.1718,,False,on_map_at_end
44R.22,bus,61192.0,,8.0,,71.95,1.0,0.0,8.0,2.82,,,0.0,1.0,,False,on_map_at_end
58R.21,bus,59882.0,,1318.0,,66.524,100.0,1261.0,57.0,1313.211,,,0.9568,0.0432,,False,on_map_at_end
X11R.1,bus,59556.0,,1644.0,,1057.797,100.0,1481.0,163.0,1560.964,,,0.9009,0.0991,,False,on_map_at_end
carIn100493:1,default_017,61026.0,,174.0,,1841.84,0.0,1.0,173.0,18.695,,,0.0057,0.9943,,False,on_map_at_end
carIn100497:1,default_017,61137.0,,63.0,,868.602,0.0,0.0,63.0,2.848,,,0.0,1.0,,False,on_map_at_end
carIn100755:1,default_017,58948.0,,2252.0,,1910.008,100.0,2032.0,220.0,2102.818,,,0.9023,0.0977,,False,on_map_at_end
carIn101439:1,default_016,57737.0,,3463.0,,39.87,100.0,3417.0,46.0,3460.217,,,0.9867,0.0133,,False,on_map_at_end
carIn102452:1,default_017,60110.0,,1090.0,,2755.688,89.0,821.0,269.0,918.59,,,0.7532,0.2468,,False,on_map_at_end
carIn103103:1,default_017,60809.0,,391.0,,3000.334,17.0,81.0,310.0,127.111,,,0.2072,0.7928,,False,on_map_at_end
carIn103716:1,default_017,61063.0,,137.0,,1371.469,15.0,15.0,122.0,35.18,,,0.1095,0.8905,,False,on_map_at_end
carIn104692:1,default_017,60482.0,,718.0,,2384.177,100.0,471.0,247.0,556.42,,,0.656,0.344,,False,on_map_at_end
carIn105482:1,default_017,59201.0,,1999.0,,2186.415,100.0,1725.0,274.0,1806.555,,,0.8629,0.1371,,False,on_map_at_end
carIn105562:1,default_017,60400.0,,800.0,,2481.19,100.0,558.0,242.0,637.066,,,0.6975,0.3025,,False,on_map_at_end
carIn10580:1,default_017,61189.0,,11.0,,130.764,0.0,0.0,11.0,0.708,,,0.0,1.0,,False,on_map_at_end
carIn106454:1,default_016,58463.0,,2737.0,,1916.917,100.0,2508.0,229.0,2597.015,,,0.9163,0.0837,,False,on_map_at_end
carIn106980:1,default_016,58272.0,,2928.0,,1429.606,100.0,2750.0,178.0,2821.167,,,0.9392,0.0608,,False,on_map_at_end
carIn107765:1,default_016,59313.0,,1887.0,,88.526,100.0,1809.0,78.0,1881.394,,,0.9587,0.0413,,False,on_map_at_end
carIn108727:1,default_017,60979.0,,221.0,,2270.444,30.0,30.0,191.0,44.999,,,0.1357,0.8643,,False,on_map_at_end
carIn109036:1,default_017,61173.0,,27.0,,200.928,3.0,2.0,25.0,7.858,,,0.0741,0.9259,,False,on_map_at_end
carIn109065:1,default_017,60949.0,,251.0,,2253.972,40.0,47.0,204.0,82.346,,,0.1873,0.8127,,False,on_map_at_end
carIn109426:1,default_016,57875.0,,3325.0,,1419.466,93.0,3102.0,223.0,3208.248,,,0.9329,0.0671,,False,on_map_at_end
carIn109572:1,default_016,58489.0,,2711.0,,1909.416,100.0,2481.0,230.0,2565.482,,,0.9152,0.0848,,False,on_map_at_end
carIn11065:1,default_017,60957.0,,243.0,,2246.471,33.0,36.0,207.0,74.16,,,0.1481,0.8519,,False,on_map_at_end
carIn110732:1,default_017,59403.0,,1797.0,,2521.344,100.0,1505.0,292.0,1611.161,,,0.8375,0.1625,,False,on_map_at_end
carIn112063:1,default_017,61040.0,,160.0,,1945.365,0.0,0.0,160.0,14.256,,,0.0,1.0,,False,on_map_at_end
carIn112518:1,default_017,60956.0,,244.0,,1976.174,9.0,28.0,216.0,131.644,,,0.1148,0.8852,,False,on_map_at_end
carIn112952:1,default_017,60967.0,,233.0,,2346.049,6.0,5.0,228.0,26.612,,,0.0215,0.9785,,False,on_map_at_end
carIn113444:1,default_017,60353.0,,847.0,,996.626,90.0,728.0,119.0,775.249,,,0.8595,0.1405,,False,on_map_at_end
carIn113499:1,default_017,61026.0,,174.0,,1794.832,25.0,25.0,149.0,43.869,,,0.1437,0.8563,,False,on_map_at_end
carIn114185:1,default_017,60713.0,,487.0,,2386.079,100.0,248.0,239.0,279.271,,,0.5092,0.4908,,False,on_map_at_end
carIn114235:1,default_016,57868.0,,3332.0,,1426.967,94.0,3106.0,226.0,3206.394,,,0.9322,0.0678,,False,on_map_at_end
carIn114839:1,default_017,60506.0,,694.0,,2361.674,100.0,441.0,253.0,539.479,,,0.6354,0.3646,,False,on_map_at_end
carIn115344:1,default_016,57903.0,,3297.0,,1404.464,91.0,3091.0,206.0,3217.72,,,0.9375,0.0625,,False,on_map_at_end
carIn116794:1,default_017,60972.0,,228.0,,1691.514,80.0,96.0,132.0,109.991,,,0.4211,0.5789,,False,on_map_at_end
carIn116831:1,default_017,61114.0,,86.0,,655.838,26.0,26.0,60.0,33.455,,,0.3023,0.6977,,False,on_map_at_end
carIn118012:1,default_017,60193.0,,1007.0,,2704.625,92.0,752.0,255.0,832.118,,,0.7468,0.2532,,False,on_map_at_end
carIn11811:1,default_017,61038.0,,162.0,,18.951,100.0,153.0,9.0,160.608,,,0.9444,0.0556,,False,on_map_at_end
carIn118472:1,default_017,61110.0,,90.0,,1051.152,0.0,0.0,90.0,6.193,,,0.0,1.0,,False,on_map_at_end
carIn118555:1,default_017,60884.0,,316.0,,1378.344,93.0,204.0,112.0,234.464,,,0.6456,0.3544,,False,on_map_at_end
carIn118733:1,default_017,58692.0,,2508.0,,1943.01,100.0,2275.0,233.0,2347.732,,,0.9071,0.0929,,False,on_map_at_end
carIn118852:1,default_017,61108.0,,92.0,,1184.666,1.0,1.0,91.0,13.125,,,0.0109,0.9891,,False,on_map_at_end
carIn119025:1,default_017,61019.0,,181.0,,2222.864,6.0,6.0,175.0,44.702,,,0.0331,0.9669,,False,on_map_at_end
carIn11926:1,default_018,61150.0,,50.0,,768.927,0.0,0.0,50.0,10.559,,,0.0,1.0,,False,on_map_at_end
carIn119881:1,default_016,57850.0,,3350.0,,1441.969,96.0,3161.0,189.0,3244.915,,,0.9436,0.0564,,False,on_map_at_end
carIn120317:1,default_017,60190.0,,1010.0,,2689.622,91.0,740.0,270.0,810.836,,,0.7327,0.2673,,False,on_map_at_end
carIn121380:1,default_017,61020.0,,180.0,,1806.501,12.0,14.0,166.0,43.519,,,0.0778,0.9222,,False,on_map_at_end
carIn122419:1,default_017,61077.0,,123.0,,1334.025,6.0,5.0,118.0,23.423,,,0.0407,0.9593,,False,on_map_at_end
carIn122467:1,default_017,60459.0,,741.0,,2406.68,100.0,501.0,240.0,581.553,,,0.6761,0.3239,,False,on_map_at_end
carIn123495:1,default_017,61023.0,,177.0,,1790.111,29.0,29.0,148.0,44.558,,,0.1638,0.8362,,False,on_map_at_end
carIn124494:1,default_017,61060.0,,140.0,,1584.18,0.0,0.0,140.0,25.316,,,0.0,1.0,,False,on_map_at_end
carIn124552:1,default_017,60978.0,,222.0,,2231.469,24.0,23.0,199.0,62.895,,,0.1036,0.8964,,False,on_map_at_end
carIn12456:1,default_017,59451.0,,1749.0,,1349.609,100.0,1616.0,133.0,1661.077,,,0.924,0.076,,False,on_map_at_end
carIn124647:1,default_017,60152.0,,1048.0,,2719.627,93.0,778.0,270.0,853.85,,,0.7424,0.2576,,False,on_map_at_end
carIn124655:1,default_017,60990.0,,210.0,,2002.746,8.0,8.0,202.0,61.788,,,0.0381,0.9619,,False,on_map_at_end
carIn125065:1,default_017,61136.0,,64.0,,700.826,0.0,0.0,64.0,3.137,,,0.0,1.0,,False,on_map_at_end
carIn12529:1,default_016,58316.0,,2884.0,,1654.084,100.0,2682.0,202.0,2748.587,,,0.93,0.07,,False,on_map_at_end
carIn126822:1,default_018,61070.0,,130.0,,1741.369,0.0,0.0,130.0,11.445,,,0.0,1.0,,False,on_map_at_end
carIn126912:1,default_016,59006.0,,2194.0,,96.027,100.0,2107.0,87.0,2186.764,,,0.9603,0.0397,,False,on_map_at_end
carIn127540:1,default_016,61146.0,,54.0,,6.015,47.0,46.0,8.0,53.506,,,0.8519,0.1481,,False,on_map_at_end
carIn128548:1,default_016,59316.0,,1884.0,,81.025,100.0,1813.0,71.0,1878.616,,,0.9623,0.0377,,False,on_map_at_end
carIn129075:1,default_018,61168.0,,32.0,,298.704,0.0,0.0,32.0,12.464,,,0.0,1.0,,False,on_map_at_end
carIn129368:1,default_017,60163.0,,1037.0,,2697.124,92.0,766.0,271.0,829.578,,,0.7387,0.2613,,False,on_map_at_end
carIn12:1,default_017,61014.0,,186.0,,2118.059,18.0,22.0,164.0,47.681,,,0.1183,0.8817,,False,on_map_at_end
carIn130043:1,default_017,60857.0,,343.0,,2291.477,82.0,134.0,209.0,166.236,,,0.3907,0.6093,,False,on_map_at_end
carIn1302:1,default_017,60941.0,,259.0,,2261.473,61.0,73.0,186.0,101.4,,,0.2819,0.7181,,False,on_map_at_end
carIn130574:1,default_017,61145.0,,55.0,,640.972,0.0,0.0,55.0,7.782,,,0.0,1.0,,False,on_map_at_end
carIn130835:1,default_017,60945.0,,255.0,,2069.004,20.0,61.0,194.0,129.3,,,0.2392,0.7608,,False,on_map_at_end
carIn130910:1,default_018,61046.0,,154.0,,1830.63,0.0,0.0,154.0,20.093,,,0.0,1.0,,False,on_map_at_end
carIn131878:1,default_018,61161.0,,39.0,,479.313,3.0,3.0,36.0,15.233,,,0.0769,0.9231,,False,on_map_at_end
carIn131892:1,default_016,58829.0,,2371.0,,32.369,98.0,2336.0,35.0,2368.455,,,0.9852,0.0148,,False,on_map_at_end
carIn132100:1,default_017,61039.0,,161.0,,1762.105,0.0,0.0,161.0,27.196,,,0.0,1.0,,False,on_map_at_end
carIn132615:1,default_016,58077.0,,3123.0,,1852.989,100.0,2894.0,229.0,2982.779,,,0.9267,0.0733,,False,on_map_at_end
carIn13749:1,default_017,60497.0,,703.0,,893.487,100.0,618.0,85.0,639.675,,,0.8791,0.1209,,False,on_map_at_end
carIn13942:1,default_018,61157.0,,43.0,,459.641,6.0,6.0,37.0,12.387,,,0.1395,0.8605,,False,on_map_at_end
carIn14132:1,default_017,60356.0,,844.0,,989.072,89.0,715.0,129.0,763.947,,,0.8472,0.1528,,False,on_map_at_end
carIn14540:1,default_017,61054.0,,146.0,,179.519,100.0,116.0,30.0,120.856,,,0.7945,0.2055,,False,on_map_at_end
carIn14948:1,default_016,58051.0,,3149.0,,111.029,96.0,3053.0,96.0,3140.016,,,0.9695,0.0305,,False,on_map_at_end
carIn15484:1,default_017,61042.0,,158.0,,1737.154,0.0,0.0,158.0,23.701,,,0.0,1.0,,False,on_map_at_end
carIn15650:1,default_017,61043.0,,157.0,,1564.229,21.0,21.0,136.0,38.093,,,0.1338,0.8662,,False,on_map_at_end
carIn16522:1,default_017,60853.0,,347.0,,2.365,96.0,338.0,9.0,346.85,,,0.9741,0.0259,,False,on_map_at_end
carIn16842:1,default_016,58829.0,,2371.0,,24.868,100.0,2337.0,34.0,2369.362,,,0.9857,0.0143,,False,on_map_at_end
carIn17476:1,default_018,61175.0,,25.0,,336.7,0.0,0.0,25.0,1.104,,,0.0,1.0,,False,on_map_at_end
carIn17732:1,default_017,61034.0,,166.0,,1794.664,0.0,0.0,166.0,43.311,,,0.0,1.0,,False,on_map_at_end
carIn17977:1,default_017,60916.0,,284.0,,413.896,80.0,241.0,43.0,251.106,,,0.8486,0.1514,,False,on_map_at_end
carIn18302:1,default_016,58974.0,,2226.0,,88.526,94.0,2152.0,74.0,2220.071,,,0.9668,0.0332,,False,on_map_at_end
carIn21249:1,default_017,61144.0,,56.0,,681.054,0.0,0.0,56.0,17.869,,,0.0,1.0,,False,on_map_at_end
carIn21339:1,default_016,57901.0,,3299.0,,1404.464,93.0,3084.0,215.0,3201.221,,,0.9348,0.0652,,False,on_map_at_end
carIn21992:1,default_017,60994.0,,206.0,,937.414,81.0,109.0,97.0,121.216,,,0.5291,0.4709,,False,on_map_at_end
carIn22666:1,default_017,61042.0,,158.0,,1866.531,0.0,0.0,158.0,14.667,,,0.0,1.0,,False,on_map_at_end
carIn23344:1,default_016,59392.0,,1808.0,,445.988,100.0,1725.0,83.0,1762.103,,,0.9541,0.0459,,False,on_map_at_end
carIn24186:1,default_017,61084.0,,116.0,,1326.524,5.0,4.0,112.0,25.828,,,0.0345,0.9655,,False,on_map_at_end
carIn24433:1,default_017,59281.0,,1919.0,,2244.638,100.0,1677.0,242.0,1732.334,,,0.8739,0.1261,,False,on_map_at_end
carIn24964:1,default_017,60769.0,,431.0,,2224.348,100.0,237.0,194.0,283.011,,,0.5499,0.4501,,False,on_map_at_end
carIn25673:1,default_017,59362.0,,1838.0,,2222.135,100.0,1572.0,266.0,1677.714,,,0.8553,0.1447,,False,on_map_at_end
carIn26014:1,default_017,59368.0,,1832.0,,1055.297,100.0,1669.0,163.0,1728.524,,,0.911,0.089,,False,on_map_at_end
carIn26474:1,default_017,60277.0,,923.0,,2607.756,98.0,669.0,254.0,727.391,,,0.7248,0.2752,,False,on_map_at_end
carIn27029:1,default_018,61175.0,,25.0,,214.399,4.0,4.0,21.0,8.915,,,0.16,0.84,,False,on_map_at_end
carIn27806:1,default_017,61067.0,,133.0,,1267.607,8.0,26.0,107.0,59.237,,,0.1955,0.8045,,False,on_map_at_end
carIn28270:1,default_017,60510.0,,690.0,,2331.67,100.0,389.0,301.0,512.559,,,0.5638,0.4362,,False,on_map_at_end
carIn28307:1,default_017,60092.0,,1108.0,,2861.904,86.0,840.0,268.0,920.715,,,0.7581,0.2419,,False,on_map_at_end
carIn28451:1,default_017,61027.0,,173.0,,1725.205,8.0,7.0,166.0,38.077,,,0.0405,0.9595,,False,on_map_at_end
carIn28507:1,default_017,60557.0,,643.0,,2279.163,100.0,357.0,286.0,492.349,,,0.5552,0.4448,,False,on_map_at_end
carIn28615:1,default_017,61012.0,,188.0,,416.576,100.0,157.0,31.0,164.219,,,0.8351,0.1649,,False,on_map_at_end
carIn28926:1,default_017,61142.0,,58.0,,688.994,0.0,0.0,58.0,18.645,,,0.0,1.0,,False,on_map_at_end
carIn29057:1,default_017,59567.0,,1633.0,,1612.826,100.0,1481.0,152.0,1527.391,,,0.9069,0.0931,,False,on_map_at_end
carIn29281:1,default_017,60230.0,,970.0,,2633.59,94.0,693.0,277.0,772.26,,,0.7144,0.2856,,False,on_map_at_end
carIn29336:1,default_017,61158.0,,42.0,,203.603,0.0,0.0,42.0,4.88,,,0.0,1.0,,False,on_map_at_end
carIn29648:1,default_017,61054.0,,146.0,,1309.042,33.0,33.0,113.0,52.766,,,0.226,0.774,,False,on_map_at_end
carIn30112:1,default_017,60927.0,,273.0,,2268.974,73.0,72.0,201.0,100.417,,,0.2637,0.7363,,False,on_map_at_end
carIn30423:1,default_017,61197.0,,3.0,,36.254,0.0,0.0,3.0,0.439,,,0.0,1.0,,False,on_map_at_end
carIn31325:1,default_018,61148.0,,52.0,,776.933,1.0,0.0,52.0,8.704,,,0.0,1.0,,False,on_map_at_end
carIn31570:1,default_016,58453.0,,2747.0,,1902.312,100.0,2508.0,239.0,2594.661,,,0.913,0.087,,False,on_map_at_end
carIn31750:1,default_017,61052.0,,148.0,,1696.975,9.0,9.0,139.0,30.926,,,0.0608,0.9392,,False,on_map_at_end
carIn32229:1,default_016,58207.0,,2993.0,,1721.349,100.0,2811.0,182.0,2878.406,,,0.9392,0.0608,,False,on_map_at_end
carIn32760:1,default_016,59642.0,,1558.0,,17.367,97.0,1531.0,27.0,1556.656,,,0.9827,0.0173,,False,on_map_at_end
carIn33177:1,default_017,60374.0,,826.0,,2526.196,100.0,601.0,225.0,670.979,,,0.7276,0.2724,,False,on_map_at_end
carIn33502:1,default_017,60876.0,,324.0,,2283.976,80.0,121.0,203.0,192.493,,,0.3735,0.6265,,False,on_map_at_end
carIn33791:1,default_017,61110.0,,90.0,,1288.399,8.0,8.0,82.0,25.73,,,0.0889,0.9111,,False,on_map_at_end
carIn34335:1,default_017,60657.0,,543.0,,3270.277,100.0,217.0,326.0,361.149,,,0.3996,0.6004,,False,on_map_at_end
carIn34665:1,default_017,61008.0,,192.0,,2031.227,7.0,7.0,185.0,35.37,,,0.0365,0.9635,,False,on_map_at_end
carIn35248:1,default_017,61011.0,,189.0,,78.959,100.0,171.0,18.0,183.803,,,0.9048,0.0952,,False,on_map_at_end
carIn35284:1,default_017,60982.0,,218.0,,1994.709,0.0,0.0,218.0,16.077,,,0.0,1.0,,False,on_map_at_end
carIn36034:1,default_016,58247.0,,2953.0,,1676.335,100.0,2783.0,170.0,2855.403,,,0.9424,0.0576,,False,on_map_at_end
carIn36072:1,default_017,61019.0,,181.0,,48.955,100.0,162.0,19.0,177.241,,,0.895,0.105,,False,on_map_at_end
carIn36168:1,default_017,60134.0,,1066.0,,2712.126,92.0,777.0,289.0,841.31,,,0.7289,0.2711,,False,on_map_at_end
carIn36753:1,default_017,60475.0,,725.0,,2399.179,100.0,482.0,243.0,573.213,,,0.6648,0.3352,,False,on_map_at_end
carIn36876:1,default_016,58054.0,,3146.0,,614.707,49.0,2992.0,154.0,3103.752,,,0.951,0.049,,False,on_map_at_end
carIn37222:1,default_017,61049.0,,151.0,,1721.329,0.0,0.0,151.0,42.417,,,0.0,1.0,,False,on_map_at_end
carIn37365:1,default_016,57873.0,,3327.0,,1426.967,93.0,3108.0,219.0,3202.414,,,0.9342,0.0658,,False,on_map_at_end
carIn38580:1,default_018,61148.0,,52.0,,632.162,0.0,0.0,52.0,10.362,,,0.0,1.0,,False,on_map_at_end
carIn38644:1,default_017,59818.0,,1382.0,,2178.914,100.0,1122.0,260.0,1167.909,,,0.8119,0.1881,,False,on_map_at_end
carIn40276:1,default_017,58957.0,,2243.0,,1824.304,100.0,2017.0,226.0,2084.881,,,0.8992,0.1008,,False,on_map_at_end
carIn40309:1,default_017,60487.0,,713.0,,2354.173,100.0,462.0,251.0,549.881,,,0.648,0.352,,False,on_map_at_end
carIn40396:1,default_017,61017.0,,183.0,,56.456,100.0,164.0,19.0,178.608,,,0.8962,0.1038,,False,on_map_at_end
carIn40969:1,default_017,61154.0,,46.0,,486.326,0.0,0.0,46.0,3.77,,,0.0,1.0,,False,on_map_at_end
carIn40987:1,default_017,60512.0,,688.0,,2346.672,100.0,393.0,295.0,543.702,,,0.5712,0.4288,,False,on_map_at_end
carIn41328:1,default_017,60502.0,,698.0,,870.729,100.0,612.0,86.0,633.086,,,0.8768,0.1232,,False,on_map_at_end
carIn41419:1,default_017,60951.0,,249.0,,2019.302,23.0,43.0,206.0,123.778,,,0.1727,0.8273,,False,on_map_at_end
carIn41894:1,default_018,61173.0,,27.0,,361.619,0.0,0.0,27.0,6.256,,,0.0,1.0,,False,on_map_at_end
carIn41946:1,default_017,59393.0,,1807.0,,1047.94,100.0,1663.0,144.0,1723.611,,,0.9203,0.0797,,False,on_map_at_end
carIn42119:1,default_017,61124.0,,76.0,,677.036,0.0,0.0,76.0,15.913,,,0.0,1.0,,False,on_map_at_end
carIn4262:1,default_017,59346.0,,1854.0,,2229.636,100.0,1575.0,279.0,1659.997,,,0.8495,0.1505,,False,on_map_at_end
carIn43509:1,default_017,61066.0,,134.0,,3.949,100.0,130.0,4.0,133.708,,,0.9701,0.0299,,False,on_map_at_end
carIn44398:1,default_017,60994.0,,206.0,,1864.193,40.0,51.0,155.0,78.598,,,0.2476,0.7524,,False,on_map_at_end
carIn44694:1,default_017,59946.0,,1254.0,,2418.578,100.0,958.0,296.0,1051.884,,,0.764,0.236,,False,on_map_at_end
carIn45535:1,default_016,58143.0,,3057.0,,1691.245,100.0,2854.0,203.0,2926.83,,,0.9336,0.0664,,False,on_map_at_end
carIn4553:1,default_017,60952.0,,248.0,,2004.496,11.0,30.0,218.0,80.182,,,0.121,0.879,,False,on_map_at_end
carIn45743:1,default_017,61176.0,,24.0,,163.419,0.0,1.0,23.0,3.725,,,0.0417,0.9583,,False,on_map_at_end
carIn48027:1,default_017,61065.0,,135.0,,1406.422,4.0,4.0,131.0,18.97,,,0.0296,0.9704,,False,on_map_at_end
carIn48137:1,default_016,57679.0,,3521.0,,2271.134,100.0,3230.0,291.0,3308.328,,,0.9174,0.0826,,False,on_map_at_end
carIn48247:1,default_016,57950.0,,3250.0,,1871.089,100.0,3034.0,216.0,3132.807,,,0.9335,0.0665,,False,on_map_at_end
carIn48308:1,default_017,61016.0,,184.0,,2205.303,7.0,7.0,177.0,30.03,,,0.038,0.962,,False,on_map_at_end
carIn48551:1,default_017,60494.0,,706.0,,885.986,100.0,613.0,93.0,640.759,,,0.8683,0.1317,,False,on_map_at_end
carIn4859:1,default_016,58709.0,,2491.0,,103.528,100.0,2401.0,90.0,2483.604,,,0.9639,0.0361,,False,on_map_at_end
carIn48822:1,default_018,61159.0,,41.0,,515.038,4.0,4.0,37.0,13.176,,,0.0976,0.9024,,False,on_map_at_end
carIn48872:1,default_016,58164.0,,3036.0,,1444.608,100.0,2864.0,172.0,2937.465,,,0.9433,0.0567,,False,on_map_at_end
carIn4892:1,default_017,61044.0,,156.0,,1849.543,0.0,0.0,156.0,23.46,,,0.0,1.0,,False,on_map_at_end
carIn49215:1,default_017,61145.0,,55.0,,652.5,0.0,0.0,55.0,2.431,,,0.0,1.0,,False,on_map_at_end
carIn49976:1,default_017,60987.0,,213.0,,1977.116,0.0,0.0,213.0,77.025,,,0.0,1.0,,False,on_map_at_end
carIn50000:1,default_018,61054.0,,146.0,,1807.014,0.0,0.0,146.0,24.272,,,0.0,1.0,,False,on_map_at_end
carIn50255:1,default_017,60478.0,,722.0,,2391.678,100.0,476.0,246.0,563.453,,,0.6593,0.3407,,False,on_map_at_end
carIn5102:1,default_017,60949.0,,251.0,,2035.381,21.0,47.0,204.0,103.062,,,0.1873,0.8127,,False,on_map_at_end
carIn51280:1,default_017,60461.0,,739.0,,2917.819,100.0,393.0,346.0,535.06,,,0.5318,0.4682,,False,on_map_at_end
carIn51572:1,default_016,57871.0,,3329.0,,1434.468,95.0,3140.0,189.0,3239.794,,,0.9432,0.0568,,False,on_map_at_end
carIn51670:1,default_017,60931.0,,269.0,,1670.275,80.0,111.0,158.0,132.145,,,0.4126,0.5874,,False,on_map_at_end
carIn52054:1,default_017,60944.0,,256.0,,1299.494,40.0,109.0,147.0,124.744,,,0.4258,0.5742,,False,on_map_at_end
carIn5224:1,default_017,60393.0,,807.0,,2488.691,100.0,563.0,244.0,641.479,,,0.6976,0.3024,,False,on_map_at_end
carIn52504:1,default_018,61112.0,,88.0,,1189.782,0.0,0.0,88.0,19.343,,,0.0,1.0,,False,on_map_at_end
carIn52538:1,default_016,58219.0,,2981.0,,1713.848,100.0,2784.0,197.0,2854.859,,,0.9339,0.0661,,False,on_map_at_end
carIn52666:1,default_016,59584.0,,1616.0,,73.524,93.0,1555.0,61.0,1610.056,,,0.9623,0.0377,,False,on_map_at_end
carIn52784:1,default_017,61050.0,,150.0,,1400.321,32.0,32.0,118.0,58.781,,,0.2133,0.7867,,False,on_map_at_end
carIn53874:1,default_017,60931.0,,269.0,,2125.505,28.0,78.0,191.0,113.022,,,0.29,0.71,,False,on_map_at_end
carIn54070:1,default_016,58417.0,,2783.0,,1819.926,100.0,2558.0,225.0,2644.932,,,0.9192,0.0808,,False,on_map_at_end
carIn54939:1,default_018,61163.0,,37.0,,418.977,2.0,2.0,35.0,12.229,,,0.0541,0.9459,,False,on_map_at_end
carIn55012:1,default_016,58150.0,,3050.0,,1683.743,100.0,2843.0,207.0,2917.825,,,0.9321,0.0679,,False,on_map_at_end
carIn55742:1,default_016,58079.0,,3121.0,,1845.488,100.0,2894.0,227.0,2982.413,,,0.9273,0.0727,,False,on_map_at_end
carIn55888:1,default_016,58201.0,,2999.0,,1713.84,100.0,2832.0,167.0,2890.112,,,0.9443,0.0557,,False,on_map_at_end
carIn55973:1,default_017,59449.0,,1751.0,,1620.327,100.0,1581.0,170.0,1637.543,,,0.9029,0.0971,,False,on_map_at_end
carIn56509:1,default_017,60954.0,,246.0,,1989.951,9.0,28.0,218.0,95.025,,,0.1138,0.8862,,False,on_map_at_end
carIn57206:1,default_018,61189.0,,11.0,,181.673,0.0,0.0,11.0,0.465,,,0.0,1.0,,False,on_map_at_end
carIn57220:1,default_018,61153.0,,47.0,,758.628,0.0,0.0,47.0,6.801,,,0.0,1.0,,False,on_map_at_end
carIn58531:1,default_016,60839.0,,361.0,,28.518,82.0,334.0,27.0,358.753,,,0.9252,0.0748,,False,on_map_at_end
carIn59876:1,default_018,61179.0,,21.0,,214.398,4.0,3.0,18.0,9.673,,,0.1429,0.8571,,False,on_map_at_end
carIn60339:1,default_017,60555.0,,645.0,,2286.664,100.0,370.0,275.0,497.918,,,0.5736,0.4264,,False,on_map_at_end
carIn60375:1,default_017,61139.0,,61.0,,696.699,3.0,2.0,59.0,14.314,,,0.0328,0.9672,,False,on_map_at_end
carIn60860:1,default_017,59379.0,,1821.0,,1751.449,100.0,1637.0,184.0,1705.427,,,0.899,0.101,,False,on_map_at_end
carIn61410:1,default_017,60485.0,,715.0,,2376.676,100.0,478.0,237.0,584.758,,,0.6685,0.3315,,False,on_map_at_end
carIn61741:1,default_017,61023.0,,177.0,,1740.207,17.0,17.0,160.0,43.716,,,0.096,0.904,,False,on_map_at_end
carIn61791:1,default_017,60409.0,,791.0,,2473.689,100.0,547.0,244.0,629.86,,,0.6915,0.3085,,False,on_map_at_end
carIn61876:1,default_017,61161.0,,39.0,,406.422,0.0,0.0,39.0,4.128,,,0.0,1.0,,False,on_map_at_end
carIn61980:1,default_017,61051.0,,149.0,,1555.309,16.0,16.0,133.0,37.304,,,0.1074,0.8926,,False,on_map_at_end
carIn62445:1,default_017,60934.0,,266.0,,2133.008,27.0,76.0,190.0,139.45,,,0.2857,0.7143,,False,on_map_at_end
carIn62687:1,default_017,61072.0,,128.0,,1247.692,8.0,20.0,108.0,57.724,,,0.1562,0.8438,,False,on_map_at_end
carIn63027:1,default_017,61013.0,,187.0,,71.458,100.0,168.0,19.0,182.744,,,0.8984,0.1016,,False,on_map_at_end
carIn63219:1,default_017,58933.0,,2267.0,,1917.509,100.0,2058.0,209.0,2118.708,,,0.9078,0.0922,,False,on_map_at_end
carIn64847:1,default_017,60553.0,,647.0,,2294.165,100.0,369.0,278.0,495.976,,,0.5703,0.4297,,False,on_map_at_end
carIn6501:1,default_018,61155.0,,45.0,,613.473,0.0,0.0,45.0,5.776,,,0.0,1.0,,False,on_map_at_end
carIn65713:1,default_018,61176.0,,24.0,,347.019,0.0,0.0,24.0,0.882,,,0.0,1.0,,False,on_map_at_end
carIn66353:1,default_017,61159.0,,41.0,,534.877,0.0,0.0,41.0,5.004,,,0.0,1.0,,False,on_map_at_end
carIn66407:1,default_017,60227.0,,973.0,,2624.873,95.0,699.0,274.0,767.025,,,0.7184,0.2816,,False,on_map_at_end
carIn67400:1,default_017,59442.0,,1758.0,,1370.099,100.0,1609.0,149.0,1657.286,,,0.9152,0.0848,,False,on_map_at_end
carIn67772:1,default_018,61140.0,,60.0,,784.439,8.0,7.0,53.0,22.56,,,0.1167,0.8833,,False,on_map_at_end
carIn68005:1,default_017,61180.0,,20.0,,142.051,0.0,0.0,20.0,1.414,,,0.0,1.0,,False,on_map_at_end
carIn68047:1,default_016,58168.0,,3032.0,,1437.107,100.0,2854.0,178.0,2934.292,,,0.9413,0.0587,,False,on_map_at_end
carIn68234:1,default_016,58420.0,,2780.0,,1812.425,100.0,2528.0,252.0,2620.673,,,0.9094,0.0906,,False,on_map_at_end
carIn69792:1,default_016,60798.0,,402.0,,36.019,83.0,367.0,35.0,399.533,,,0.9129,0.0871,,False,on_map_at_end
carIn70405:1,default_017,61142.0,,58.0,,661.003,0.0,0.0,58.0,19.619,,,0.0,1.0,,False,on_map_at_end
carIn70448:1,default_016,57887.0,,3313.0,,1411.965,92.0,3095.0,218.0,3218.333,,,0.9342,0.0658,,False,on_map_at_end
carIn70479:1,default_017,61166.0,,34.0,,318.472,0.0,0.0,34.0,3.252,,,0.0,1.0,,False,on_map_at_end
carIn70899:1,default_017,61045.0,,155.0,,1603.958,30.0,33.0,122.0,48.008,,,0.2129,0.7871,,False,on_map_at_end
carIn7114:1,default_016,61112.0,,88.0,,13.516,70.0,69.0,19.0,87.127,,,0.7841,0.2159,,False,on_map_at_end
carIn71573:1,default_017,61053.0,,147.0,,1650.203,0.0,0.0,147.0,20.046,,,0.0,1.0,,False,on_map_at_end
carIn72376:1,default_017,61019.0,,181.0,,2119.547,0.0,5.0,176.0,24.813,,,0.0276,0.9724,,False,on_map_at_end
carIn73134:1,default_017,60161.0,,1039.0,,2727.128,94.0,805.0,234.0,886.752,,,0.7748,0.2252,,False,on_map_at_end
carIn74070:1,default_016,60231.0,,969.0,,51.021,85.0,921.0,48.0,965.41,,,0.9505,0.0495,,False,on_map_at_end
carIn74562:1,default_017,59256.0,,1944.0,,2218.509,100.0,1666.0,278.0,1711.687,,,0.857,0.143,,False,on_map_at_end
carIn74688:1,default_017,61137.0,,63.0,,921.972,0.0,0.0,63.0,12.045,,,0.0,1.0,,False,on_map_at_end
carIn74939:1,default_017,61026.0,,174.0,,1774.229,24.0,25.0,149.0,70.393,,,0.1437,0.8563,,False,on_map_at_end
carIn75530:1,default_018,61186.0,,14.0,,169.171,0.0,0.0,14.0,0.723,,,0.0,1.0,,False,on_map_at_end
carIn75634:1,default_017,61060.0,,140.0,,792.267,50.0,49.0,91.0,68.337,,,0.35,0.65,,False,on_map_at_end
carIn75715:1,default_017,60562.0,,638.0,,2271.662,100.0,354.0,284.0,494.845,,,0.5549,0.4451,,False,on_map_at_end
carIn75897:1,default_017,60534.0,,666.0,,1113.137,100.0,561.0,105.0,595.029,,,0.8423,0.1577,,False,on_map_at_end
carIn76107:1,default_017,60917.0,,283.0,,2276.475,79.0,78.0,205.0,123.404,,,0.2756,0.7244,,False,on_map_at_end
carIn76554:1,default_017,59571.0,,1629.0,,1605.325,100.0,1469.0,160.0,1526.419,,,0.9018,0.0982,,False,on_map_at_end
carIn77309:1,default_016,57885.0,,3315.0,,1419.466,94.0,3095.0,220.0,3225.569,,,0.9336,0.0664,,False,on_map_at_end
carIn77625:1,default_017,61030.0,,170.0,,1811.9,0.0,0.0,170.0,24.703,,,0.0,1.0,,False,on_map_at_end
carIn77773:1,default_017,60976.0,,224.0,,2238.97,27.0,26.0,198.0,53.091,,,0.1161,0.8839,,False,on_map_at_end
carIn78194:1,default_017,60508.0,,692.0,,2339.171,100.0,415.0,277.0,532.885,,,0.5997,0.4003,,False,on_map_at_end
carIn78376:1,default_017,60240.0,,960.0,,2642.479,93.0,722.0,238.0,796.198,,,0.7521,0.2479,,False,on_map_at_end
carIn78585:1,default_017,61140.0,,60.0,,680.382,0.0,0.0,60.0,11.046,,,0.0,1.0,,False,on_map_at_end
carIn78745:1,default_017,61018.0,,182.0,,1747.708,21.0,24.0,158.0,46.629,,,0.1319,0.8681,,False,on_map_at_end
carIn7894:1,default_017,60932.0,,268.0,,2091.352,23.0,55.0,213.0,100.581,,,0.2052,0.7948,,False,on_map_at_end
carIn78950:1,default_017,61138.0,,62.0,,471.409,25.0,24.0,38.0,29.97,,,0.3871,0.6129,,False,on_map_at_end
carIn79390:1,default_016,59278.0,,1922.0,,81.025,93.0,1854.0,68.0,1915.876,,,0.9646,0.0354,,False,on_map_at_end
carIn80258:1,default_017,60574.0,,626.0,,2264.16,100.0,324.0,302.0,452.499,,,0.5176,0.4824,,False,on_map_at_end
carIn80932:1,default_017,61046.0,,154.0,,1421.574,33.0,33.0,121.0,58.304,,,0.2143,0.7857,,False,on_map_at_end
carIn81909:1,default_016,60228.0,,972.0,,58.522,86.0,926.0,46.0,967.6,,,0.9527,0.0473,,False,on_map_at_end
carIn83137:1,default_017,61035.0,,165.0,,26.452,100.0,155.0,10.0,162.742,,,0.9394,0.0606,,False,on_map_at_end
carIn83373:1,default_017,60525.0,,675.0,,2309.167,100.0,388.0,287.0,497.778,,,0.5748,0.4252,,False,on_map_at_end
carIn83470:1,default_017,61050.0,,150.0,,1774.269,7.0,12.0,138.0,50.357,,,0.08,0.92,,False,on_map_at_end
carIn84000:1,default_017,60580.0,,620.0,,833.224,100.0,526.0,94.0,565.122,,,0.8484,0.1516,,False,on_map_at_end
carIn84229:1,default_016,58222.0,,2978.0,,32.369,100.0,2939.0,39.0,2974.935,,,0.9869,0.0131,,False,on_map_at_end
carIn84318:1,default_017,60224.0,,976.0,,2650.964,92.0,720.0,256.0,809.436,,,0.7377,0.2623,,False,on_map_at_end
carIn8523:1,default_017,60403.0,,797.0,,2458.687,100.0,521.0,276.0,615.635,,,0.6537,0.3463,,False,on_map_at_end
carIn85376:1,default_017,61148.0,,52.0,,621.463,0.0,0.0,52.0,7.481,,,0.0,1.0,,False,on_map_at_end
carIn85725:1,default_017,60570.0,,630.0,,2256.659,100.0,336.0,294.0,479.5,,,0.5333,0.4667,,False,on_map_at_end
carIn8656:1,default_017,61035.0,,165.0,,1417.159,42.0,41.0,124.0,57.514,,,0.2485,0.7515,,False,on_map_at_end
carIn87078:1,default_017,60476.0,,724.0,,2895.316,100.0,379.0,345.0,507.414,,,0.5235,0.4765,,False,on_map_at_end
carIn87095:1,default_017,60405.0,,795.0,,2466.188,100.0,520.0,275.0,632.447,,,0.6541,0.3459,,False,on_map_at_end
carIn87144:1,default_016,58288.0,,2912.0,,1668.741,100.0,2710.0,202.0,2787.017,,,0.9306,0.0694,,False,on_map_at_end
carIn87848:1,default_016,58475.0,,2725.0,,742.976,100.0,2577.0,148.0,2667.084,,,0.9457,0.0543,,False,on_map_at_end
carIn88105:1,default_017,59311.0,,1889.0,,1392.602,100.0,1732.0,157.0,1791.358,,,0.9169,0.0831,,False,on_map_at_end
carIn88417:1,default_017,61015.0,,185.0,,63.957,100.0,165.0,20.0,180.5,,,0.8919,0.1081,,False,on_map_at_end
carIn88635:1,default_017,61110.0,,90.0,,172.018,57.0,56.0,34.0,62.569,,,0.6222,0.3778,,False,on_map_at_end
carIn88844:1,default_017,61032.0,,168.0,,1796.36,0.0,0.0,168.0,50.092,,,0.0,1.0,,False,on_map_at_end
carIn90261:1,default_017,61047.0,,153.0,,1588.317,31.0,33.0,120.0,54.416,,,0.2157,0.7843,,False,on_map_at_end
carIn90741:1,default_017,61175.0,,25.0,,193.413,1.0,0.0,25.0,11.093,,,0.0,1.0,,False,on_map_at_end
carIn91606:1,default_017,61052.0,,148.0,,1549.681,31.0,31.0,117.0,58.258,,,0.2095,0.7905,,False,on_map_at_end
carIn91845:1,default_017,61185.0,,15.0,,109.817,0.0,0.0,15.0,2.539,,,0.0,1.0,,False,on_map_at_end
carIn91864:1,default_017,60985.0,,215.0,,2624.003,6.0,7.0,208.0,31.708,,,0.0326,0.9674,,False,on_map_at_end
carIn91921:1,default_016,58713.0,,2487.0,,1942.612,100.0,2262.0,225.0,2335.727,,,0.9095,0.0905,,False,on_map_at_end
carIn92238:1,default_016,57937.0,,3263.0,,630.273,46.0,3116.0,147.0,3217.493,,,0.9549,0.0451,,False,on_map_at_end
carIn92360:1,default_016,57852.0,,3348.0,,1441.969,97.0,3165.0,183.0,3247.161,,,0.9453,0.0547,,False,on_map_at_end
carIn92415:1,default_017,61108.0,,92.0,,1210.603,0.0,0.0,92.0,10.178,,,0.0,1.0,,False,on_map_at_end
carIn92856:1,default_017,59044.0,,2156.0,,1816.803,100.0,1935.0,221.0,1998.381,,,0.8975,0.1025,,False,on_map_at_end
carIn93364:1,default_017,61121.0,,79.0,,661.968,22.0,22.0,57.0,35.078,,,0.2785,0.7215,,False,on_map_at_end
carIn93656:1,default_017,60564.0,,636.0,,2763.189,92.0,317.0,319.0,463.837,,,0.4984,0.5016,,False,on_map_at_end
carIn94247:1,default_017,61049.0,,151.0,,1571.576,31.0,31.0,120.0,49.466,,,0.2053,0.7947,,False,on_map_at_end
carIn94979:1,default_017,60992.0,,208.0,,1957.603,0.0,0.0,208.0,66.707,,,0.0,1.0,,False,on_map_at_end
carIn95146:1,default_017,61129.0,,71.0,,841.041,0.0,0.0,71.0,4.154,,,0.0,1.0,,False,on_map_at_end
carIn95419:1,default_017,61121.0,,79.0,,699.349,0.0,0.0,79.0,11.21,,,0.0,1.0,,False,on_map_at_end
carIn95507:1,default_017,61067.0,,133.0,,1341.526,7.0,6.0,127.0,23.309,,,0.0451,0.9549,,False,on_map_at_end
carIn96014:1,default_018,61181.0,,19.0,,206.846,1.0,0.0,19.0,6.614,,,0.0,1.0,,False,on_map_at_end
carIn96892:1,default_017,60974.0,,226.0,,2358.449,43.0,42.0,184.0,78.681,,,0.1858,0.8142,,False,on_map_at_end
carIn97601:1,default_017,61047.0,,153.0,,799.769,73.0,72.0,81.0,87.269,,,0.4706,0.5294,,False,on_map_at_end
carIn9764:1,default_017,60597.0,,603.0,,1590.323,100.0,446.0,157.0,470.146,,,0.7396,0.2604,,False,on_map_at_end
carIn97819:1,default_017,61006.0,,194.0,,1884.675,26.0,34.0,160.0,59.633,,,0.1753,0.8247,,False,on_map_at_end
carIn98121:1,default_016,58951.0,,2249.0,,1902.507,100.0,2028.0,221.0,2109.037,,,0.9017,0.0983,,False,on_map_at_end
carIn98321:1,default_017,61042.0,,158.0,,1776.293,23.0,23.0,135.0,39.057,,,0.1456,0.8544,,False,on_map_at_end
carIn98737:1,default_017,61025.0,,175.0,,1755.209,23.0,22.0,153.0,56.58,,,0.1257,0.8743,,False,on_map_at_end
carIn99134:1,default_017,60271.0,,929.0,,2616.071,97.0,691.0,238.0,772.19,,,0.7438,0.2562,,False,on_map_at_end
carIn99535:1,default_017,60489.0,,711.0,,2369.175,100.0,467.0,244.0,557.378,,,0.6568,0.3432,,False,on_map_at_end
carIn99544:1,default_017,61030.0,,170.0,,1732.706,16.0,15.0,155.0,48.919,,,0.0882,0.9118,,False,on_map_at_end
carIn9996:1,default_017,61040.0,,160.0,,11.45,100.0,152.0,8.0,159.15,,,0.95,0.05,,False,on_map_at_end
h10647c1:3,default_017,60588.0,,612.0,,840.725,100.0,529.0,83.0,548.911,,,0.8644,0.1356,,False,on_map_at_end
h10c2:3,default_016,58099.0,,3101.0,,103.528,96.0,3000.0,101.0,3094.359,,,0.9674,0.0326,,False,on_map_at_end
h11484c2:3,default_017,61085.0,,115.0,,1325.372,0.0,2.0,113.0,12.28,,,0.0174,0.9826,,False,on_map_at_end
h11679c1:1,default_017,60962.0,,238.0,,1963.394,7.0,20.0,218.0,78.287,,,0.084,0.916,,False,on_map_at_end
h11705c1:1,default_017,60990.0,,210.0,,2065.639,29.0,48.0,162.0,87.359,,,0.2286,0.7714,,False,on_map_at_end
h11919c1:3,default_017,59551.0,,1649.0,,2345.085,100.0,1372.0,277.0,1461.51,,,0.832,0.168,,False,on_map_at_end
h12070c1:1,default_017,61021.0,,179.0,,41.454,100.0,161.0,18.0,176.262,,,0.8994,0.1006,,False,on_map_at_end
h12503c1:3,default_017,60510.0,,690.0,,863.228,100.0,598.0,92.0,617.542,,,0.8667,0.1333,,False,on_map_at_end
h128c1:1,default_016,58357.0,,2843.0,,111.029,100.0,2742.0,101.0,2835.049,,,0.9645,0.0355,,False,on_map_at_end
h13819c1:5,default_016,57957.0,,3243.0,,1452.109,100.0,3063.0,180.0,3138.068,,,0.9445,0.0555,,False,on_map_at_end
h13857c1:3,default_017,60419.0,,781.0,,2157.333,100.0,501.0,280.0,579.148,,,0.6415,0.3585,,False,on_map_at_end
h1504c1:1,default_018,61178.0,,22.0,,28.552,14.0,14.0,8.0,19.783,,,0.6364,0.3636,,False,on_map_at_end
h15089c1:3,default_017,59527.0,,1673.0,,2352.586,100.0,1404.0,269.0,1471.414,,,0.8392,0.1608,,False,on_map_at_end
h15142c2:3,default_017,60400.0,,800.0,,981.062,91.0,698.0,102.0,731.883,,,0.8725,0.1275,,False,on_map_at_end
h15575c1:3,default_017,60944.0,,256.0,,1678.587,52.0,91.0,165.0,143.236,,,0.3555,0.6445,,False,on_map_at_end
h15636c2:3,default_017,61170.0,,30.0,,280.01,0.0,0.0,30.0,10.632,,,0.0,1.0,,False,on_map_at_end
h16643c1:3,default_017,60736.0,,464.0,,736.211,100.0,386.0,78.0,411.129,,,0.8319,0.1681,,False,on_map_at_end
h16699c1:3,default_017,60619.0,,581.0,,825.723,100.0,493.0,88.0,519.454,,,0.8485,0.1515,,False,on_map_at_end
h1692c1:1,default_018,61104.0,,96.0,,888.284,6.0,6.0,90.0,22.206,,,0.0625,0.9375,,False,on_map_at_end
h16939c1:5,default_017,60660.0,,540.0,,818.222,100.0,454.0,86.0,487.568,,,0.8407,0.1593,,False,on_map_at_end
h17675c1:3,default_017,60426.0,,774.0,,2164.834,100.0,504.0,270.0,629.945,,,0.6512,0.3488,,False,on_map_at_end
h17715c2:1,default_016,59136.0,,2064.0,,24.868,97.0,2030.0,34.0,2062.219,,,0.9835,0.0165,,False,on_map_at_end
h17964c1:1,default_017,61056.0,,144.0,,1397.127,22.0,21.0,123.0,54.281,,,0.1458,0.8542,,False,on_map_at_end
h17981c1:1,default_017,61065.0,,135.0,,1349.027,12.0,11.0,124.0,30.619,,,0.0815,0.9185,,False,on_map_at_end
h18124c2:1,default_017,61054.0,,146.0,,1670.24,8.0,8.0,138.0,31.669,,,0.0548,0.9452,,False,on_map_at_end
h18146c1:1,default_017,59146.0,,2054.0,,2193.916,100.0,1797.0,257.0,1869.558,,,0.8749,0.1251,,False,on_map_at_end
h18508c2:1,default_017,61094.0,,106.0,,1272.828,0.0,0.0,106.0,5.786,,,0.0,1.0,,False,on_map_at_end
h18835c1:1,default_016,57891.0,,3309.0,,1411.965,94.0,3088.0,221.0,3215.508,,,0.9332,0.0668,,False,on_map_at_end
h19105c2:3,default_016,59433.0,,1767.0,,17.367,100.0,1742.0,25.0,1765.893,,,0.9859,0.0141,,False,on_map_at_end
h19248c1:1,default_017,60537.0,,663.0,,1597.824,100.0,524.0,139.0,542.996,,,0.7903,0.2097,,False,on_map_at_end
h19314c2:1,default_016,57861.0,,3339.0,,1434.468,95.0,3145.0,194.0,3237.612,,,0.9419,0.0581,,False,on_map_at_end
h19505c1:1,default_016,57695.0,,3505.0,,2198.638,100.0,3252.0,253.0,3337.317,,,0.9278,0.0722,,False,on_map_at_end
h19560c1:1,default_017,61079.0,,121.0,,1384.974,0.0,0.0,121.0,12.59,,,0.0,1.0,,False,on_map_at_end
h1989c1:1,default_017,60821.0,,379.0,,19.112,100.0,366.0,13.0,377.532,,,0.9657,0.0343,,False,on_map_at_end
h20899c2:3,default_017,59586.0,,1614.0,,2322.582,100.0,1354.0,260.0,1449.389,,,0.8389,0.1611,,False,on_map_at_end
h21173c2:3,default_017,60219.0,,981.0,,424.077,100.0,925.0,56.0,952.503,,,0.9429,0.0571,,False,on_map_at_end
h21564c2:3,default_017,59656.0,,1544.0,,1305.104,100.0,1361.0,183.0,1441.424,,,0.8815,0.1185,,False,on_map_at_end
h21809c1:1,default_017,61139.0,,61.0,,389.424,0.0,0.0,61.0,8.546,,,0.0,1.0,,False,on_map_at_end
h2183c1:1,default_018,61107.0,,93.0,,875.237,0.0,0.0,93.0,9.643,,,0.0,1.0,,False,on_map_at_end
h21973c2:1,default_017,61051.0,,149.0,,1695.219,0.0,0.0,149.0,36.12,,,0.0,1.0,,False,on_map_at_end
h22200c2:1,default_017,61182.0,,18.0,,125.774,0.0,0.0,18.0,2.363,,,0.0,1.0,,False,on_map_at_end
h2235c2:1,default_018,61190.0,,10.0,,94.848,0.0,0.0,10.0,1.619,,,0.0,1.0,,False,on_map_at_end
h22384c2:1,default_017,61055.0,,145.0,,1606.374,0.0,0.0,145.0,22.791,,,0.0,1.0,,False,on_map_at_end
h223c1:5,default_017,59313.0,,1887.0,,1385.101,100.0,1719.0,168.0,1787.301,,,0.911,0.089,,False,on_map_at_end
h22426c2:1,default_017,60977.0,,223.0,,1579.156,82.0,97.0,126.0,114.555,,,0.435,0.565,,False,on_map_at_end
h22487c1:3,default_017,59426.0,,1774.0,,3281.427,30.0,1471.0,303.0,1529.093,,,0.8292,0.1708,,False,on_map_at_end
h22644c1:3,default_018,61197.0,,3.0,,31.746,0.0,0.0,3.0,0.255,,,0.0,1.0,,False,on_map_at_end
h258c1:3,default_018,61187.0,,13.0,,93.247,0.0,0.0,13.0,2.709,,,0.0,1.0,,False,on_map_at_end
h2833c2:1,default_017,60733.0,,467.0,,1970.263,5.0,305.0,162.0,330.028,,,0.6531,0.3469,,False,on_map_at_end
h2859c1:1,default_016,57823.0,,3377.0,,1585.502,49.0,3177.0,200.0,3263.904,,,0.9408,0.0592,,False,on_map_at_end
h3119c1:1,default_018,61089.0,,111.0,,1379.527,0.0,0.0,111.0,18.402,,,0.0,1.0,,False,on_map_at_end
h3132c2:1,default_018,61024.0,,176.0,,1355.071,52.0,55.0,121.0,73.779,,,0.3125,0.6875,,False,on_map_at_end
h3188c1:1,default_018,60973.0,,227.0,,2397.453,0.0,10.0,217.0,54.529,,,0.0441,0.9559,,False,on_map_at_end
h3242c2:1,default_017,59937.0,,1263.0,,2238.869,100.0,900.0,363.0,1024.17,,,0.7126,0.2874,,False,on_map_at_end
h3245c1:3,default_018,60967.0,,233.0,,1613.842,5.0,5.0,228.0,50.128,,,0.0215,0.9785,,False,on_map_at_end
h3626c1:3,default_017,60942.0,,258.0,,1701.022,49.0,89.0,169.0,119.394,,,0.345,0.655,,False,on_map_at_end
h3823c2:3,default_016,60531.0,,669.0,,43.52,84.0,626.0,43.0,666.031,,,0.9357,0.0643,,False,on_map_at_end
h385c1:1,default_016,59925.0,,1275.0,,66.023,88.0,1222.0,53.0,1270.13,,,0.9584,0.0416,,False,on_map_at_end
h4332c1:3,default_018,60978.0,,222.0,,1320.019,29.0,88.0,134.0,118.362,,,0.3964,0.6036,,False,on_map_at_end
h4395c2:3,default_017,61162.0,,38.0,,438.419,0.0,0.0,38.0,3.116,,,0.0,1.0,,False,on_map_at_end
h4400c1:3,default_017,61049.0,,151.0,,1480.3,21.0,21.0,130.0,47.188,,,0.1391,0.8609,,False,on_map_at_end
h4566c2:1,default_018,61085.0,,115.0,,1129.92,11.0,11.0,104.0,42.683,,,0.0957,0.9043,,False,on_map_at_end
h4587c1:1,default_017,60404.0,,796.0,,2470.922,100.0,497.0,299.0,608.703,,,0.6244,0.3756,,False,on_map_at_end
h4588c2:1,default_018,60986.0,,214.0,,2700.603,0.0,0.0,214.0,27.362,,,0.0,1.0,,False,on_map_at_end
h4635c1:3,default_017,60335.0,,865.0,,2457.808,99.0,634.0,231.0,679.642,,,0.7329,0.2671,,False,on_map_at_end
h4747c2:1,default_017,59085.0,,2115.0,,246.379,100.0,2047.0,68.0,2098.393,,,0.9678,0.0322,,False,on_map_at_end
h4757c2:1,default_017,60344.0,,856.0,,29.048,100.0,833.0,23.0,854.785,,,0.9731,0.0269,,False,on_map_at_end
h4897c1:3,default_017,60551.0,,649.0,,2316.668,100.0,374.0,275.0,497.639,,,0.5763,0.4237,,False,on_map_at_end
h4918c2:1,default_018,61157.0,,43.0,,435.316,7.0,6.0,37.0,20.506,,,0.1395,0.8605,,False,on_map_at_end
h4969c1:3,default_018,61129.0,,71.0,,890.417,0.0,0.0,71.0,7.518,,,0.0,1.0,,False,on_map_at_end
h5059c1:1,default_018,61149.0,,51.0,,654.812,0.0,0.0,51.0,4.832,,,0.0,1.0,,False,on_map_at_end
h5404c2:3,default_017,61138.0,,62.0,,732.171,0.0,0.0,62.0,5.205,,,0.0,1.0,,False,on_map_at_end
h5406c1:3,default_018,61165.0,,35.0,,369.231,0.0,0.0,35.0,3.612,,,0.0,1.0,,False,on_map_at_end
h5670c1:1,default_018,61124.0,,76.0,,709.426,15.0,15.0,61.0,31.547,,,0.1974,0.8026,,False,on_map_at_end
h5953c1:1,default_018,61086.0,,114.0,,1009.145,18.0,18.0,96.0,32.358,,,0.1579,0.8421,,False,on_map_at_end
h6067c1:1,default_017,61053.0,,147.0,,1285.479,22.0,21.0,126.0,41.265,,,0.1429,0.8571,,False,on_map_at_end
h6120c1:1,default_018,61151.0,,49.0,,290.602,0.0,0.0,49.0,5.616,,,0.0,1.0,,False,on_map_at_end
h6188c1:1,default_017,60941.0,,259.0,,1603.68,61.0,109.0,150.0,159.003,,,0.4208,0.5792,,False,on_map_at_end
h6216c1:1,default_017,60466.0,,734.0,,900.988,100.0,628.0,106.0,657.507,,,0.8556,0.1444,,False,on_map_at_end
h6321c1:3,default_017,61156.0,,44.0,,472.248,0.0,0.0,44.0,4.98,,,0.0,1.0,,False,on_map_at_end
h655c1:3,default_016,59922.0,,1278.0,,59.023,98.0,1234.0,44.0,1273.791,,,0.9656,0.0344,,False,on_map_at_end
h6603c1:1,default_017,60247.0,,953.0,,896.798,100.0,861.0,92.0,888.284,,,0.9035,0.0965,,False,on_map_at_end
h6750c1:1,default_017,60943.0,,257.0,,2069.121,41.0,84.0,173.0,115.657,,,0.3268,0.6732,,False,on_map_at_end
h6775c2:1,default_017,60895.0,,305.0,,2812.811,0.0,72.0,233.0,108.79,,,0.2361,0.7639,,False,on_map_at_end
h6877c1:1,default_017,60856.0,,344.0,,3030.166,0.0,26.0,318.0,66.371,,,0.0756,0.9244,,False,on_map_at_end
h6909c1:1,default_018,61002.0,,198.0,,1843.306,26.0,26.0,172.0,58.051,,,0.1313,0.8687,,False,on_map_at_end
h7026c1:3,default_018,61085.0,,115.0,,1076.121,0.0,0.0,115.0,11.469,,,0.0,1.0,,False,on_map_at_end
h7031c2:1,default_018,60950.0,,250.0,,1355.249,52.0,92.0,158.0,122.026,,,0.368,0.632,,False,on_map_at_end
h7056c1:1,default_018,60993.0,,207.0,,1182.583,50.0,52.0,155.0,85.553,,,0.2512,0.7488,,False,on_map_at_end
h7115c1:1,default_016,58335.0,,2865.0,,638.625,100.0,2740.0,125.0,2816.836,,,0.9564,0.0436,,False,on_map_at_end
h7136c2:1,default_017,60343.0,,857.0,,127.569,95.0,791.0,66.0,846.873,,,0.923,0.077,,False,on_map_at_end
h7649c2:3,default_017,60355.0,,845.0,,1004.144,90.0,728.0,117.0,774.491,,,0.8615,0.1385,,False,on_map_at_end
h8073c1:1,default_018,61051.0,,149.0,,513.036,88.0,95.0,54.0,113.48,,,0.6376,0.3624,,False,on_map_at_end
h8074c1:1,default_017,60780.0,,420.0,,520.537,91.0,354.0,66.0,380.686,,,0.8429,0.1571,,False,on_map_at_end
h8090c1:5,default_016,60842.0,,358.0,,21.017,83.0,334.0,24.0,355.979,,,0.933,0.067,,False,on_map_at_end
h8358c1:3,default_018,61159.0,,41.0,,509.542,0.0,0.0,41.0,2.822,,,0.0,1.0,,False,on_map_at_end
h8432c1:3,default_017,61044.0,,156.0,,1615.579,23.0,23.0,133.0,41.53,,,0.1474,0.8526,,False,on_map_at_end
h8436c1:1,default_016,58296.0,,2904.0,,414.532,92.0,2774.0,130.0,2877.344,,,0.9552,0.0448,,False,on_map_at_end
h8449c1:3,default_016,58117.0,,3083.0,,422.033,90.0,2957.0,126.0,3053.872,,,0.9591,0.0409,,False,on_map_at_end
h8478c1:3,default_016,58176.0,,3024.0,,2394.082,90.0,2702.0,322.0,2830.698,,,0.8935,0.1065,,False,on_map_at_end
h847c1:3,default_017,60883.0,,317.0,,2542.257,28.0,56.0,261.0,88.379,,,0.1767,0.8233,,False,on_map_at_end
h8481c2:3,default_016,58612.0,,2588.0,,1374.46,90.0,2384.0,204.0,2477.647,,,0.9212,0.0788,,False,on_map_at_end
h8482c1:3,default_017,59971.0,,1229.0,,1928.539,90.0,1044.0,185.0,1107.099,,,0.8495,0.1505,,False,on_map_at_end
h8491c2:3,default_016,58283.0,,2917.0,,1945.711,89.0,2677.0,240.0,2794.292,,,0.9177,0.0823,,False,on_map_at_end
h8500c1:1,default_017,58672.0,,2528.0,,204.891,91.0,2419.0,109.0,2510.844,,,0.9569,0.0431,,False,on_map_at_end
h8506c1:3,default_017,58768.0,,2432.0,,197.39,89.0,2331.0,101.0,2416.975,,,0.9585,0.0415,,False,on_map_at_end
h8529c1:3,default_017,60221.0,,979.0,,182.388,89.0,917.0,62.0,961.869,,,0.9367,0.0633,,False,on_map_at_end
h8539c1:3,default_017,60103.0,,1097.0,,182.388,89.0,1038.0,59.0,1082.97,,,0.9462,0.0538,,False,on_map_at_end
h8540c2:1,default_017,60933.0,,267.0,,174.887,89.0,239.0,28.0,254.29,,,0.8951,0.1049,,False,on_map_at_end
h8548c1:5,default_017,58995.0,,2205.0,,1621.869,88.0,2016.0,189.0,2099.684,,,0.9143,0.0857,,False,on_map_at_end
h8550c1:3,default_018,61162.0,,38.0,,167.386,18.0,17.0,21.0,24.728,,,0.4474,0.5526,,False,on_map_at_end
h8552c1:1,default_016,58133.0,,3067.0,,219.893,92.0,2949.0,118.0,3051.989,,,0.9615,0.0385,,False,on_map_at_end
h8911c1:1,default_017,61070.0,,130.0,,976.058,31.0,30.0,100.0,55.807,,,0.2308,0.7692,,False,on_map_at_end
h9008c1:1,default_016,58660.0,,2540.0,,96.027,95.0,2454.0,86.0,2532.805,,,0.9661,0.0339,,False,on_map_at_end
h9403c1:5,default_017,59580.0,,1620.0,,2330.083,100.0,1362.0,258.0,1445.835,,,0.8407,0.1593,,False,on_map_at_end
h9818c1:3,default_017,60521.0,,679.0,,855.727,100.0,598.0,81.0,623.732,,,0.8807,0.1193,,False,on_map_at_end
randUni15348:1,random_018,61054.0,,146.0,,1802.071,0.0,5.0,141.0,32.193,,,0.0342,0.9658,,False,on_map_at_end
randUni15830:1,random_018,61158.0,,42.0,,383.279,6.0,5.0,37.0,9.525,,,0.119,0.881,,False,on_map_at_end
randUni17525:1,random_017,61001.0,,199.0,,1484.655,52.0,63.0,136.0,91.471,,,0.3166,0.6834,,False,on_map_at_end
randUni22239:1,random_018,60972.0,,228.0,,1551.848,51.0,53.0,175.0,84.218,,,0.2325,0.7675,,False,on_map_at_end
randUni23003:1,random_017,60248.0,,952.0,,9.866,97.0,935.0,17.0,951.33,,,0.9821,0.0179,,False,on_map_at_end
randUni27110:1,random_017,61024.0,,176.0,,33.953,100.0,158.0,18.0,173.398,,,0.8977,0.1023,,False,on_map_at_end
randUni2941:1,random_018,61074.0,,126.0,,1670.485,0.0,0.0,126.0,9.088,,,0.0,1.0,,False,on_map_at_end
randUni3138:1,random_017,60898.0,,302.0,,2521.937,4.0,73.0,229.0,118.879,,,0.2417,0.7583,,False,on_map_at_end
randUni33878:1,random_016,58369.0,,2831.0,,1635.329,100.0,2624.0,207.0,2692.553,,,0.9269,0.0731,,False,on_map_at_end
randUni6852:1,random_017,60946.0,,254.0,,2205.938,21.0,61.0,193.0,119.166,,,0.2402,0.7598,,False,on_map_at_end
randUni8318:1,random_018,61183.0,,17.0,,150.478,0.0,0.0,17.0,2.307,,,0.0,1.0,,False,on_map_at_end
randUni8573:1,random_017,58637.0,,2563.0,,39.87,100.0,2529.0,34.0,2560.19,,,0.9867,0.0133,,False,on_map_at_end
