vehicle_id,vehicle_type,enter_time_s,departure_time_s,travel_time_s,route_distance_m,distance_traveled_m,accumulated_waiting_time_s,custom_wait_s,moving_time_s,time_loss_s,free_flow_time_s,delay_s,waiting_fraction,moving_fraction,schedule_efficiency,completed_trip,trip_status
15,pkw,20.0,91.0,71.0,,733.343,0.0,0.0,71.0,3.998,,,0.0,1.0,,True,completed
17,pkw,24.0,108.0,84.0,,782.686,0.0,0.0,84.0,12.34,,,0.0,1.0,,True,completed
43,pkw,74.0,125.0,51.0,,373.853,0.0,0.0,51.0,4.434,,,0.0,1.0,,True,completed
13,pkw,18.0,139.0,121.0,,953.113,15.0,15.0,106.0,31.806,,,0.124,0.876,,True,completed
32,pkw,51.0,142.0,91.0,,601.391,18.0,18.0,73.0,34.915,,,0.1978,0.8022,,True,completed
3,pkw,3.0,174.0,171.0,,1499.926,6.0,14.0,157.0,31.828,,,0.0819,0.9181,,True,completed
41,pkw,70.0,180.0,110.0,,988.087,3.0,3.0,107.0,13.974,,,0.0273,0.9727,,True,completed
6,pkw,7.0,182.0,175.0,,1604.234,0.0,14.0,161.0,29.617,,,0.08,0.92,,True,completed
5,pkw,5.0,183.0,178.0,,1583.045,0.0,8.0,170.0,27.544,,,0.0449,0.9551,,True,completed
1,pkw,2.0,198.0,196.0,,1596.261,0.0,18.0,178.0,42.315,,,0.0918,0.9082,,True,completed
29,pkw,49.0,199.0,150.0,,1579.673,0.0,0.0,150.0,6.585,,,0.0,1.0,,True,completed
51,pkw,91.0,203.0,112.0,,1062.418,0.0,0.0,112.0,9.985,,,0.0,1.0,,True,completed
35,pkw,55.0,211.0,156.0,,1348.647,3.0,7.0,149.0,30.136,,,0.0449,0.9551,,True,completed
10,pkw,12.0,218.0,206.0,,1964.836,5.0,5.0,201.0,25.126,,,0.0243,0.9757,,True,completed
14,pkw,19.0,218.0,199.0,,2091.858,0.0,0.0,199.0,8.972,,,0.0,1.0,,True,completed
59,pkw,103.0,219.0,116.0,,886.777,0.0,0.0,116.0,9.825,,,0.0,1.0,,True,completed
28,pkw,43.0,224.0,181.0,,1525.975,2.0,18.0,163.0,39.48,,,0.0994,0.9006,,True,completed
8,pkw,9.0,225.0,216.0,,1656.244,0.0,0.0,216.0,16.783,,,0.0,1.0,,True,completed
24,pkw,36.0,235.0,199.0,,1920.26,0.0,0.0,199.0,14.581,,,0.0,1.0,,True,completed
0,pkw,2.0,236.0,234.0,,1688.175,0.0,58.0,176.0,79.343,,,0.2479,0.7521,,True,completed
47,pkw,84.0,238.0,154.0,,1404.502,0.0,0.0,154.0,16.175,,,0.0,1.0,,True,completed
88,pkw,152.0,243.0,91.0,,734.187,16.0,16.0,75.0,23.923,,,0.1758,0.8242,,True,completed
19,pkw,28.0,244.0,216.0,,2219.837,0.0,0.0,216.0,14.174,,,0.0,1.0,,True,completed
7,pkw,9.0,244.0,235.0,,2215.058,0.0,5.0,230.0,28.432,,,0.0213,0.9787,,True,completed
37,pkw,59.0,249.0,190.0,,1866.884,0.0,0.0,190.0,12.83,,,0.0,1.0,,True,completed
80,pkw,138.0,249.0,111.0,,1016.932,1.0,1.0,110.0,13.744,,,0.009,0.991,,True,completed
9,pkw,11.0,249.0,238.0,,2260.152,2.0,14.0,224.0,31.718,,,0.0588,0.9412,,True,completed
20,pkw,30.0,258.0,228.0,,1384.336,63.0,78.0,150.0,101.98,,,0.3421,0.6579,,True,completed
74,pkw,134.0,265.0,131.0,,1208.015,3.0,3.0,128.0,17.107,,,0.0229,0.9771,,True,completed
53,pkw,93.0,267.0,174.0,,1687.298,0.0,3.0,171.0,20.444,,,0.0172,0.9828,,True,completed
4,pkw,5.0,269.0,264.0,,1552.57,38.0,95.0,169.0,114.739,,,0.3598,0.6402,,True,completed
63,pkw,114.0,269.0,155.0,,1443.605,9.0,9.0,146.0,20.67,,,0.0581,0.9419,,True,completed
81,pkw,140.0,272.0,132.0,,1274.937,0.0,0.0,132.0,10.738,,,0.0,1.0,,True,completed
45,pkw,80.0,278.0,198.0,,1398.111,35.0,35.0,163.0,61.133,,,0.1768,0.8232,,True,completed
48,pkw,84.0,279.0,195.0,,1598.229,0.0,15.0,180.0,39.502,,,0.0769,0.9231,,True,completed
33,pkw,52.0,283.0,231.0,,1693.488,0.0,23.0,208.0,42.115,,,0.0996,0.9004,,True,completed
27,pkw,41.0,285.0,244.0,,2164.955,0.0,25.0,219.0,45.838,,,0.1025,0.8975,,True,completed
64,pkw,115.0,285.0,170.0,,1394.598,0.0,0.0,170.0,14.579,,,0.0,1.0,,True,completed
76,pkw,136.0,286.0,150.0,,1518.161,0.0,0.0,150.0,11.3,,,0.0,1.0,,True,completed
11,pkw,15.0,288.0,273.0,,2576.723,0.0,0.0,273.0,20.348,,,0.0,1.0,,True,completed
39,pkw,65.0,292.0,227.0,,2133.677,5.0,5.0,222.0,29.49,,,0.022,0.978,,True,completed
57,pkw,100.0,295.0,195.0,,1588.919,30.0,30.0,165.0,44.676,,,0.1538,0.8462,,True,completed
75,pkw,135.0,295.0,160.0,,1504.86,1.0,8.0,152.0,17.424,,,0.05,0.95,,True,completed
23,pkw,36.0,297.0,261.0,,1970.636,16.0,59.0,202.0,80.903,,,0.2261,0.7739,,True,completed
31,pkw,53.0,298.0,245.0,,2527.026,0.0,0.0,245.0,15.479,,,0.0,1.0,,True,completed
109,pkw,195.0,299.0,104.0,,887.993,5.0,5.0,99.0,17.628,,,0.0481,0.9519,,True,completed
25,pkw,38.0,300.0,262.0,,2147.2,9.0,42.0,220.0,67.214,,,0.1603,0.8397,,True,completed
124,pkw,231.0,309.0,78.0,,532.35,14.0,14.0,64.0,28.745,,,0.1795,0.8205,,True,completed
102,pkw,182.0,310.0,128.0,,685.697,48.0,48.0,80.0,63.605,,,0.375,0.625,,True,completed
117,pkw,215.0,313.0,98.0,,727.641,17.0,17.0,81.0,29.909,,,0.1735,0.8265,,True,completed
99,pkw,176.0,314.0,138.0,,1025.387,0.0,0.0,138.0,15.778,,,0.0,1.0,,True,completed
78,pkw,137.0,315.0,178.0,,1521.274,0.0,10.0,168.0,33.66,,,0.0562,0.9438,,True,completed
95,pkw,168.0,316.0,148.0,,674.364,45.0,68.0,80.0,84.895,,,0.4595,0.5405,,True,completed
34,pkw,54.0,317.0,263.0,,2296.588,0.0,24.0,239.0,46.318,,,0.0913,0.9087,,True,completed
16,pkw,22.0,318.0,296.0,,3084.193,0.0,0.0,296.0,15.685,,,0.0,1.0,,True,completed
36,pkw,56.0,318.0,262.0,,2338.741,9.0,9.0,253.0,37.286,,,0.0344,0.9656,,True,completed
115,pkw,211.0,322.0,111.0,,1042.221,0.0,0.0,111.0,9.467,,,0.0,1.0,,True,completed
42,pkw,74.0,326.0,252.0,,1879.501,32.0,38.0,214.0,73.862,,,0.1508,0.8492,,True,completed
116,pkw,212.0,327.0,115.0,,648.09,26.0,26.0,89.0,37.604,,,0.2261,0.7739,,True,completed
144,pkw,261.0,327.0,66.0,,523.458,9.0,9.0,57.0,17.487,,,0.1364,0.8636,,True,completed
90,pkw,154.0,327.0,173.0,,1443.534,11.0,18.0,155.0,42.081,,,0.104,0.896,,True,completed
92,pkw,160.0,330.0,170.0,,1503.209,7.0,8.0,162.0,29.203,,,0.0471,0.9529,,True,completed
54,pkw,96.0,350.0,254.0,,2169.06,37.0,37.0,217.0,57.632,,,0.1457,0.8543,,True,completed
30,pkw,49.0,353.0,304.0,,2747.033,8.0,12.0,292.0,40.652,,,0.0395,0.9605,,True,completed
66,pkw,117.0,353.0,236.0,,2334.46,0.0,0.0,236.0,18.887,,,0.0,1.0,,True,completed
21,pkw,32.0,356.0,324.0,,2825.869,9.0,14.0,310.0,54.242,,,0.0432,0.9568,,True,completed
26,pkw,39.0,359.0,320.0,,2635.02,9.0,27.0,293.0,71.2,,,0.0844,0.9156,,True,completed
143,pkw,258.0,360.0,102.0,,906.561,2.0,2.0,100.0,18.619,,,0.0196,0.9804,,True,completed
111,pkw,202.0,363.0,161.0,,1474.629,1.0,4.0,157.0,26.589,,,0.0248,0.9752,,True,completed
180,pkw,320.0,363.0,43.0,,442.084,0.0,0.0,43.0,2.212,,,0.0,1.0,,True,completed
89,pkw,153.0,363.0,210.0,,1530.277,44.0,44.0,166.0,59.011,,,0.2095,0.7905,,True,completed
62,pkw,111.0,366.0,255.0,,2440.752,0.0,8.0,247.0,32.666,,,0.0314,0.9686,,True,completed
86,pkw,149.0,369.0,220.0,,1824.1,16.0,16.0,204.0,40.725,,,0.0727,0.9273,,True,completed
12,pkw,15.0,373.0,358.0,,2641.662,68.0,77.0,281.0,114.7,,,0.2151,0.7849,,True,completed
114,pkw,209.0,375.0,166.0,,1387.961,11.0,12.0,154.0,32.972,,,0.0723,0.9277,,True,completed
71,pkw,128.0,377.0,249.0,,2100.966,12.0,17.0,232.0,45.597,,,0.0683,0.9317,,True,completed
94,pkw,166.0,377.0,211.0,,1826.123,14.0,14.0,197.0,30.834,,,0.0664,0.9336,,True,completed
118,pkw,216.0,379.0,163.0,,1229.631,23.0,24.0,139.0,41.334,,,0.1472,0.8528,,True,completed
55,pkw,98.0,379.0,281.0,,2129.751,0.0,25.0,256.0,54.903,,,0.089,0.911,,True,completed
119,pkw,218.0,384.0,166.0,,1686.829,0.0,0.0,166.0,10.695,,,0.0,1.0,,True,completed
96,pkw,171.0,386.0,215.0,,2247.797,0.0,0.0,215.0,10.721,,,0.0,1.0,,True,completed
40,pkw,67.0,390.0,323.0,,2750.994,19.0,34.0,289.0,72.408,,,0.1053,0.8947,,True,completed
82,pkw,142.0,393.0,251.0,,2154.717,0.0,13.0,238.0,42.15,,,0.0518,0.9482,,True,completed
179,pkw,320.0,396.0,76.0,,742.25,0.0,0.0,76.0,8.197,,,0.0,1.0,,True,completed
67,pkw,118.0,396.0,278.0,,2544.647,8.0,23.0,255.0,46.193,,,0.0827,0.9173,,True,completed
84,pkw,144.0,396.0,252.0,,2392.414,0.0,6.0,246.0,26.384,,,0.0238,0.9762,,True,completed
133,pkw,241.0,397.0,156.0,,1328.756,13.0,13.0,143.0,32.95,,,0.0833,0.9167,,True,completed
18,pkw,27.0,399.0,372.0,,2806.207,6.0,59.0,313.0,105.172,,,0.1586,0.8414,,True,completed
158,pkw,294.0,405.0,111.0,,1172.734,0.0,0.0,111.0,4.453,,,0.0,1.0,,True,completed
97,pkw,173.0,406.0,233.0,,2109.841,0.0,3.0,230.0,28.222,,,0.0129,0.9871,,True,completed
46,pkw,82.0,408.0,326.0,,2743.96,17.0,31.0,295.0,64.613,,,0.0951,0.9049,,True,completed
93,pkw,165.0,408.0,243.0,,1625.249,17.0,69.0,174.0,87.401,,,0.284,0.716,,True,completed
104,pkw,187.0,409.0,222.0,,1909.289,0.0,12.0,210.0,43.726,,,0.0541,0.9459,,True,completed
173,pkw,314.0,414.0,100.0,,947.227,4.0,4.0,96.0,13.54,,,0.04,0.96,,True,completed
150,pkw,273.0,419.0,146.0,,966.854,30.0,36.0,110.0,51.72,,,0.2466,0.7534,,True,completed
219,pkw,374.0,421.0,47.0,,381.929,0.0,0.0,47.0,3.739,,,0.0,1.0,,True,completed
128,pkw,239.0,425.0,186.0,,1490.03,0.0,12.0,174.0,28.952,,,0.0645,0.9355,,True,completed
149,pkw,269.0,427.0,158.0,,1146.958,36.0,36.0,122.0,39.932,,,0.2278,0.7722,,True,completed
105,pkw,188.0,429.0,241.0,,1639.596,49.0,66.0,175.0,91.289,,,0.2739,0.7261,,True,completed
130,pkw,240.0,432.0,192.0,,1476.213,1.0,15.0,177.0,40.395,,,0.0781,0.9219,,True,completed
65,pkw,117.0,437.0,320.0,,2444.373,43.0,63.0,257.0,85.737,,,0.1969,0.8031,,True,completed
183,pkw,322.0,440.0,118.0,,841.567,27.0,27.0,91.0,38.104,,,0.2288,0.7712,,True,completed
107,pkw,191.0,441.0,250.0,,1967.725,0.0,24.0,226.0,47.296,,,0.096,0.904,,True,completed
126,pkw,234.0,444.0,210.0,,2103.425,0.0,0.0,210.0,11.183,,,0.0,1.0,,True,completed
77,pkw,136.0,445.0,309.0,,2626.39,21.0,34.0,275.0,66.582,,,0.11,0.89,,True,completed
139,pkw,250.0,449.0,199.0,,1895.549,0.0,6.0,193.0,22.641,,,0.0302,0.9698,,True,completed
91,pkw,158.0,452.0,294.0,,2214.317,34.0,34.0,260.0,54.803,,,0.1156,0.8844,,True,completed
101,pkw,181.0,456.0,275.0,,2334.769,2.0,30.0,245.0,56.55,,,0.1091,0.8909,,True,completed
87,pkw,150.0,456.0,306.0,,2927.057,0.0,0.0,306.0,36.309,,,0.0,1.0,,True,completed
121,pkw,223.0,459.0,236.0,,1724.547,2.0,33.0,203.0,64.458,,,0.1398,0.8602,,True,completed
167,pkw,305.0,460.0,155.0,,1443.617,2.0,8.0,147.0,15.436,,,0.0516,0.9484,,True,completed
106,pkw,191.0,463.0,272.0,,2358.165,34.0,36.0,236.0,56.712,,,0.1324,0.8676,,True,completed
137,pkw,245.0,469.0,224.0,,1901.171,0.0,10.0,214.0,34.968,,,0.0446,0.9554,,True,completed
142,pkw,256.0,474.0,218.0,,2212.838,0.0,0.0,218.0,16.296,,,0.0,1.0,,True,completed
201,pkw,343.0,475.0,132.0,,1074.025,6.0,19.0,113.0,33.854,,,0.1439,0.8561,,True,completed
185,pkw,327.0,480.0,153.0,,1368.456,6.0,6.0,147.0,20.697,,,0.0392,0.9608,,True,completed
120,pkw,219.0,482.0,263.0,,2294.523,2.0,22.0,241.0,54.42,,,0.0837,0.9163,,True,completed
251,pkw,419.0,482.0,63.0,,611.897,0.0,0.0,63.0,6.929,,,0.0,1.0,,True,completed
172,pkw,313.0,485.0,172.0,,1691.113,3.0,3.0,169.0,18.241,,,0.0174,0.9826,,True,completed
134,pkw,243.0,486.0,243.0,,2249.141,8.0,19.0,224.0,38.824,,,0.0782,0.9218,,True,completed
277,pkw,451.0,487.0,36.0,,368.729,0.0,0.0,36.0,1.814,,,0.0,1.0,,True,completed
198,pkw,339.0,492.0,153.0,,1023.611,47.0,47.0,106.0,59.467,,,0.3072,0.6928,,True,completed
98,pkw,175.0,493.0,318.0,,2377.756,27.0,75.0,243.0,102.344,,,0.2358,0.7642,,True,completed
218,pkw,373.0,494.0,121.0,,1094.324,0.0,0.0,121.0,11.457,,,0.0,1.0,,True,completed
148,pkw,265.0,496.0,231.0,,1623.713,22.0,59.0,172.0,82.705,,,0.2554,0.7446,,True,completed
253,pkw,422.0,496.0,74.0,,769.063,0.0,0.0,74.0,3.784,,,0.0,1.0,,True,completed
135,pkw,244.0,498.0,254.0,,2261.075,4.0,4.0,250.0,28.379,,,0.0157,0.9843,,True,completed
113,pkw,207.0,500.0,293.0,,2450.391,45.0,46.0,247.0,70.79,,,0.157,0.843,,True,completed
138,pkw,247.0,501.0,254.0,,2327.298,18.0,18.0,236.0,38.334,,,0.0709,0.9291,,True,completed
85,pkw,145.0,502.0,357.0,,2960.096,29.0,57.0,300.0,83.303,,,0.1597,0.8403,,True,completed
49,pkw,87.0,503.0,416.0,,3037.045,53.0,93.0,323.0,121.824,,,0.2236,0.7764,,True,completed
52,pkw,91.0,504.0,413.0,,3262.549,0.0,14.0,399.0,57.304,,,0.0339,0.9661,,True,completed
239,pkw,406.0,506.0,100.0,,1047.762,0.0,0.0,100.0,4.7,,,0.0,1.0,,True,completed
176,pkw,318.0,509.0,191.0,,1644.024,15.0,17.0,174.0,39.071,,,0.089,0.911,,True,completed
70,pkw,128.0,511.0,383.0,,3169.813,0.0,50.0,333.0,80.674,,,0.1305,0.8695,,True,completed
136,pkw,245.0,513.0,268.0,,2356.737,3.0,23.0,245.0,51.908,,,0.0858,0.9142,,True,completed
161,pkw,302.0,513.0,211.0,,2130.157,0.0,0.0,211.0,13.755,,,0.0,1.0,,True,completed
249,pkw,418.0,515.0,97.0,,653.486,22.0,22.0,75.0,36.441,,,0.2268,0.7732,,True,completed
163,pkw,302.0,516.0,214.0,,1789.126,0.0,0.0,214.0,22.266,,,0.0,1.0,,True,completed
187,pkw,330.0,516.0,186.0,,1895.091,0.0,0.0,186.0,11.63,,,0.0,1.0,,True,completed
156,pkw,291.0,517.0,226.0,,2043.815,0.0,20.0,206.0,37.981,,,0.0885,0.9115,,True,completed
165,pkw,303.0,517.0,214.0,,2134.531,1.0,1.0,213.0,19.009,,,0.0047,0.9953,,True,completed
152,pkw,279.0,519.0,240.0,,1796.528,24.0,32.0,208.0,57.303,,,0.1333,0.8667,,True,completed
190,pkw,333.0,521.0,188.0,,1478.649,39.0,39.0,149.0,52.635,,,0.2074,0.7926,,True,completed
192,pkw,335.0,521.0,186.0,,1895.384,0.0,0.0,186.0,12.272,,,0.0,1.0,,True,completed
147,pkw,264.0,522.0,258.0,,1906.378,1.0,41.0,217.0,64.112,,,0.1589,0.8411,,True,completed
223,pkw,384.0,526.0,142.0,,1271.161,7.0,7.0,135.0,22.281,,,0.0493,0.9507,,True,completed
164,pkw,303.0,527.0,224.0,,1814.596,3.0,3.0,221.0,25.229,,,0.0134,0.9866,,True,completed
242,pkw,409.0,527.0,118.0,,832.637,19.0,19.0,99.0,31.468,,,0.161,0.839,,True,completed
2,pkw,3.0,529.0,526.0,,3296.939,11.0,170.0,356.0,219.016,,,0.3232,0.6768,,True,completed
146,pkw,263.0,530.0,267.0,,2008.338,62.0,66.0,201.0,84.422,,,0.2472,0.7528,,True,completed
162,pkw,302.0,532.0,230.0,,1690.013,43.0,52.0,178.0,68.89,,,0.2261,0.7739,,True,completed
205,pkw,352.0,533.0,181.0,,1667.567,0.0,0.0,181.0,20.091,,,0.0,1.0,,True,completed
129,pkw,240.0,534.0,294.0,,2658.889,0.0,15.0,279.0,46.794,,,0.051,0.949,,True,completed
278,pkw,452.0,534.0,82.0,,736.949,7.0,8.0,74.0,7.674,,,0.0976,0.9024,,True,completed
112,pkw,207.0,535.0,328.0,,2763.134,0.0,41.0,287.0,67.22,,,0.125,0.875,,True,completed
209,pkw,359.0,542.0,183.0,,1649.673,0.0,16.0,167.0,31.826,,,0.0874,0.9126,,True,completed
262,pkw,436.0,542.0,106.0,,971.28,0.0,0.0,106.0,12.441,,,0.0,1.0,,True,completed
230,pkw,392.0,545.0,153.0,,1519.267,1.0,1.0,152.0,12.073,,,0.0065,0.9935,,True,completed
177,pkw,318.0,549.0,231.0,,1631.94,12.0,49.0,182.0,68.851,,,0.2121,0.7879,,True,completed
194,pkw,338.0,549.0,211.0,,1787.107,0.0,13.0,198.0,34.457,,,0.0616,0.9384,,True,completed
110,pkw,196.0,551.0,355.0,,2419.711,10.0,81.0,274.0,117.707,,,0.2282,0.7718,,True,completed
160,pkw,301.0,552.0,251.0,,2249.656,0.0,2.0,249.0,27.936,,,0.008,0.992,,True,completed
100,pkw,181.0,557.0,376.0,,2420.956,4.0,81.0,295.0,128.165,,,0.2154,0.7846,,True,completed
169,pkw,307.0,558.0,251.0,,2017.155,15.0,39.0,212.0,66.682,,,0.1554,0.8446,,True,completed
195,pkw,338.0,558.0,220.0,,1049.24,74.0,104.0,116.0,123.524,,,0.4727,0.5273,,True,completed
197,pkw,339.0,558.0,219.0,,2046.816,1.0,6.0,213.0,32.432,,,0.0274,0.9726,,True,completed
203,pkw,349.0,559.0,210.0,,1723.876,1.0,4.0,206.0,37.549,,,0.019,0.981,,True,completed
60,pkw,106.0,562.0,456.0,,1395.468,7.0,309.0,147.0,329.079,,,0.6776,0.3224,,True,completed
103,pkw,184.0,564.0,380.0,,3325.576,5.0,10.0,370.0,51.753,,,0.0263,0.9737,,True,completed
140,pkw,251.0,565.0,314.0,,2518.597,23.0,56.0,258.0,84.805,,,0.1783,0.8217,,True,completed
309,pkw,491.0,565.0,74.0,,660.517,2.0,2.0,72.0,12.822,,,0.027,0.973,,True,completed
227,pkw,390.0,569.0,179.0,,1829.875,0.0,0.0,179.0,11.196,,,0.0,1.0,,True,completed
166,pkw,304.0,570.0,266.0,,2676.386,0.0,1.0,265.0,20.86,,,0.0038,0.9962,,True,completed
175,pkw,315.0,570.0,255.0,,2284.854,1.0,6.0,249.0,36.622,,,0.0235,0.9765,,True,completed
244,pkw,413.0,572.0,159.0,,1308.646,0.0,16.0,143.0,30.457,,,0.1006,0.8994,,True,completed
199,pkw,340.0,574.0,234.0,,2287.244,9.0,9.0,225.0,25.308,,,0.0385,0.9615,,True,completed
141,pkw,255.0,575.0,320.0,,2725.473,19.0,33.0,287.0,63.877,,,0.1031,0.8969,,True,completed
72,pkw,129.0,580.0,451.0,,2814.123,36.0,150.0,301.0,194.657,,,0.3326,0.6674,,True,completed
213,pkw,365.0,587.0,222.0,,2123.817,1.0,1.0,221.0,23.413,,,0.0045,0.9955,,True,completed
308,pkw,489.0,587.0,98.0,,868.696,3.0,3.0,95.0,18.306,,,0.0306,0.9694,,True,completed
318,pkw,507.0,587.0,80.0,,735.904,0.0,0.0,80.0,7.655,,,0.0,1.0,,True,completed
155,pkw,290.0,590.0,300.0,,2573.663,0.0,29.0,271.0,66.513,,,0.0967,0.9033,,True,completed
261,pkw,435.0,590.0,155.0,,1270.806,4.0,4.0,151.0,25.453,,,0.0258,0.9742,,True,completed
216,pkw,367.0,591.0,224.0,,1916.643,6.0,22.0,202.0,49.105,,,0.0982,0.9018,,True,completed
145,pkw,262.0,592.0,330.0,,665.938,70.0,245.0,85.0,265.68,,,0.7424,0.2576,,True,completed
122,pkw,224.0,597.0,373.0,,745.834,64.0,287.0,86.0,300.971,,,0.7694,0.2306,,True,completed
263,pkw,436.0,601.0,165.0,,1489.917,0.0,0.0,165.0,17.036,,,0.0,1.0,,True,completed
220,pkw,380.0,604.0,224.0,,2139.617,0.0,5.0,219.0,28.902,,,0.0223,0.9777,,True,completed
58,pkw,101.0,604.0,503.0,,1643.426,16.0,324.0,179.0,343.827,,,0.6441,0.3559,,True,completed
228,pkw,391.0,605.0,214.0,,1863.193,19.0,19.0,195.0,42.662,,,0.0888,0.9112,,True,completed
382,pkw,575.0,608.0,33.0,,167.731,10.0,10.0,23.0,16.904,,,0.303,0.697,,True,completed
243,pkw,411.0,609.0,198.0,,1639.044,0.0,18.0,180.0,40.837,,,0.0909,0.9091,,True,completed
132,pkw,240.0,610.0,370.0,,2271.199,29.0,106.0,264.0,158.976,,,0.2865,0.7135,,True,completed
174,pkw,315.0,613.0,298.0,,2214.432,6.0,6.0,292.0,56.615,,,0.0201,0.9799,,True,completed
248,pkw,417.0,615.0,198.0,,1520.445,8.0,20.0,178.0,56.705,,,0.101,0.899,,True,completed
171,pkw,312.0,617.0,305.0,,1968.71,54.0,74.0,231.0,108.933,,,0.2426,0.7574,,True,completed
259,pkw,434.0,620.0,186.0,,1209.636,42.0,42.0,144.0,63.557,,,0.2258,0.7742,,True,completed
324,pkw,509.0,620.0,111.0,,603.319,46.0,46.0,65.0,54.751,,,0.4144,0.5856,,True,completed
296,pkw,480.0,621.0,141.0,,1461.479,0.0,0.0,141.0,8.163,,,0.0,1.0,,True,completed
229,pkw,391.0,622.0,231.0,,2068.635,22.0,22.0,209.0,41.457,,,0.0952,0.9048,,True,completed
181,pkw,320.0,623.0,303.0,,2349.439,19.0,36.0,267.0,76.279,,,0.1188,0.8812,,True,completed
236,pkw,401.0,623.0,222.0,,2012.352,0.0,0.0,222.0,18.127,,,0.0,1.0,,True,completed
357,pkw,545.0,623.0,78.0,,723.814,0.0,0.0,78.0,8.082,,,0.0,1.0,,True,completed
265,pkw,439.0,626.0,187.0,,1504.619,0.0,0.0,187.0,15.585,,,0.0,1.0,,True,completed
279,pkw,453.0,628.0,175.0,,1643.473,0.0,2.0,173.0,26.086,,,0.0114,0.9886,,True,completed
311,pkw,491.0,628.0,137.0,,582.847,54.0,63.0,74.0,83.543,,,0.4599,0.5401,,True,completed
258,pkw,430.0,629.0,199.0,,1896.969,1.0,1.0,198.0,20.442,,,0.005,0.995,,True,completed
188,pkw,332.0,630.0,298.0,,2763.839,8.0,16.0,282.0,47.191,,,0.0537,0.9463,,True,completed
283,pkw,462.0,632.0,170.0,,895.089,36.0,52.0,118.0,87.486,,,0.3059,0.6941,,True,completed
363,pkw,549.0,633.0,84.0,,739.423,3.0,3.0,81.0,15.525,,,0.0357,0.9643,,True,completed
186,pkw,328.0,634.0,306.0,,2359.377,33.0,37.0,269.0,67.81,,,0.1209,0.8791,,True,completed
337,pkw,524.0,634.0,110.0,,745.455,19.0,19.0,91.0,36.427,,,0.1727,0.8273,,True,completed
200,pkw,341.0,635.0,294.0,,2544.586,27.0,35.0,259.0,62.328,,,0.119,0.881,,True,completed
326,pkw,512.0,636.0,124.0,,647.697,35.0,35.0,89.0,47.903,,,0.2823,0.7177,,True,completed
336,pkw,523.0,637.0,114.0,,1126.684,0.0,0.0,114.0,9.291,,,0.0,1.0,,True,completed
153,pkw,285.0,638.0,353.0,,2743.555,5.0,38.0,315.0,88.367,,,0.1076,0.8924,,True,completed
193,pkw,336.0,638.0,302.0,,2244.822,24.0,24.0,278.0,59.411,,,0.0795,0.9205,,True,completed
221,pkw,382.0,640.0,258.0,,2303.826,0.0,13.0,245.0,41.012,,,0.0504,0.9496,,True,completed
226,pkw,387.0,642.0,255.0,,2014.913,19.0,35.0,220.0,59.048,,,0.1373,0.8627,,True,completed
270,pkw,444.0,644.0,200.0,,1722.841,8.0,8.0,192.0,37.55,,,0.04,0.96,,True,completed
83,pkw,144.0,645.0,501.0,,1265.656,16.0,364.0,137.0,384.896,,,0.7265,0.2735,,True,completed
284,pkw,465.0,647.0,182.0,,1626.869,0.0,2.0,180.0,25.154,,,0.011,0.989,,True,completed
370,pkw,556.0,649.0,93.0,,686.096,15.0,15.0,78.0,29.525,,,0.1613,0.8387,,True,completed
196,pkw,339.0,652.0,313.0,,2744.373,0.0,27.0,286.0,50.183,,,0.0863,0.9137,,True,completed
215,pkw,366.0,652.0,286.0,,2396.572,4.0,37.0,249.0,68.252,,,0.1294,0.8706,,True,completed
224,pkw,384.0,652.0,268.0,,2136.067,0.0,0.0,268.0,27.015,,,0.0,1.0,,True,completed
217,pkw,370.0,655.0,285.0,,979.664,25.0,160.0,125.0,190.521,,,0.5614,0.4386,,True,completed
367,pkw,552.0,655.0,103.0,,889.281,0.0,0.0,103.0,7.552,,,0.0,1.0,,True,completed
214,pkw,365.0,657.0,292.0,,2178.919,0.0,41.0,251.0,80.424,,,0.1404,0.8596,,True,completed
342,pkw,532.0,657.0,125.0,,1013.764,2.0,2.0,123.0,20.042,,,0.016,0.984,,True,completed
343,pkw,532.0,658.0,126.0,,1013.477,6.0,15.0,111.0,17.793,,,0.119,0.881,,True,completed
208,pkw,359.0,661.0,302.0,,2638.412,4.0,11.0,291.0,55.059,,,0.0364,0.9636,,True,completed
170,pkw,309.0,662.0,353.0,,2583.544,0.0,3.0,350.0,40.568,,,0.0085,0.9915,,True,completed
274,pkw,449.0,667.0,218.0,,1822.285,6.0,10.0,208.0,39.404,,,0.0459,0.9541,,True,completed
377,pkw,565.0,667.0,102.0,,879.855,0.0,0.0,102.0,11.613,,,0.0,1.0,,True,completed
289,pkw,469.0,668.0,199.0,,1716.774,7.0,14.0,185.0,42.441,,,0.0704,0.9296,,True,completed
255,pkw,428.0,669.0,241.0,,1893.759,0.0,9.0,232.0,19.9,,,0.0373,0.9627,,True,completed
373,pkw,561.0,673.0,112.0,,958.375,10.0,10.0,102.0,21.618,,,0.0893,0.9107,,True,completed
316,pkw,504.0,674.0,170.0,,1471.433,20.0,20.0,150.0,33.471,,,0.1176,0.8824,,True,completed
282,pkw,458.0,675.0,217.0,,1836.086,0.0,10.0,207.0,31.562,,,0.0461,0.9539,,True,completed
323,pkw,509.0,676.0,167.0,,1395.076,5.0,17.0,150.0,36.156,,,0.1018,0.8982,,True,completed
355,pkw,544.0,678.0,134.0,,1041.413,4.0,16.0,118.0,34.021,,,0.1194,0.8806,,True,completed
297,pkw,481.0,679.0,198.0,,1863.873,0.0,7.0,191.0,20.315,,,0.0354,0.9646,,True,completed
401,pkw,602.0,679.0,77.0,,782.529,0.0,0.0,77.0,4.7,,,0.0,1.0,,True,completed
411,pkw,607.0,679.0,72.0,,512.203,0.0,0.0,72.0,6.566,,,0.0,1.0,,True,completed
204,pkw,351.0,682.0,331.0,,2828.261,3.0,23.0,308.0,70.633,,,0.0695,0.9305,,True,completed
286,pkw,466.0,683.0,217.0,,1807.349,0.0,13.0,204.0,44.166,,,0.0599,0.9401,,True,completed
393,pkw,590.0,683.0,93.0,,737.944,7.0,7.0,86.0,19.834,,,0.0753,0.9247,,True,completed
184,pkw,324.0,686.0,362.0,,2799.521,15.0,54.0,308.0,86.925,,,0.1492,0.8508,,True,completed
269,pkw,444.0,688.0,244.0,,1271.637,5.0,98.0,146.0,126.97,,,0.4016,0.5984,,True,completed
307,pkw,488.0,689.0,201.0,,1644.745,2.0,20.0,181.0,50.604,,,0.0995,0.9005,,True,completed
325,pkw,511.0,689.0,178.0,,1484.666,4.0,5.0,173.0,27.071,,,0.0281,0.9719,,True,completed
335,pkw,518.0,690.0,172.0,,1694.005,0.0,0.0,172.0,16.425,,,0.0,1.0,,True,completed
298,pkw,481.0,695.0,214.0,,1913.39,14.0,17.0,197.0,37.323,,,0.0794,0.9206,,True,completed
351,pkw,540.0,695.0,155.0,,1359.9,5.0,5.0,150.0,28.708,,,0.0323,0.9677,,True,completed
366,pkw,552.0,695.0,143.0,,1155.465,0.0,18.0,125.0,35.341,,,0.1259,0.8741,,True,completed
225,pkw,385.0,696.0,311.0,,1262.834,7.0,159.0,152.0,195.815,,,0.5113,0.4887,,True,completed
287,pkw,468.0,697.0,229.0,,1808.156,0.0,44.0,185.0,63.319,,,0.1921,0.8079,,True,completed
281,pkw,454.0,700.0,246.0,,2144.274,0.0,25.0,221.0,48.388,,,0.1016,0.8984,,True,completed
178,pkw,319.0,702.0,383.0,,2953.692,14.0,25.0,358.0,84.786,,,0.0653,0.9347,,True,completed
257,pkw,429.0,703.0,274.0,,2447.443,10.0,23.0,251.0,51.332,,,0.0839,0.9161,,True,completed
315,pkw,502.0,703.0,201.0,,1474.14,32.0,46.0,155.0,66.504,,,0.2289,0.7711,,True,completed
436,pkw,620.0,704.0,84.0,,739.617,7.0,7.0,77.0,16.434,,,0.0833,0.9167,,True,completed
536,pkw,691.0,704.0,13.0,,126.708,0.0,0.0,13.0,0.596,,,0.0,1.0,,True,completed
271,pkw,445.0,705.0,260.0,,2260.112,5.0,16.0,244.0,53.018,,,0.0615,0.9385,,True,completed
310,pkw,491.0,706.0,215.0,,1738.922,4.0,4.0,211.0,30.398,,,0.0186,0.9814,,True,completed
344,pkw,534.0,707.0,173.0,,1680.307,7.0,7.0,166.0,20.024,,,0.0405,0.9595,,True,completed
352,pkw,541.0,707.0,166.0,,1325.737,24.0,26.0,140.0,42.533,,,0.1566,0.8434,,True,completed
304,pkw,483.0,712.0,229.0,,2143.227,0.0,8.0,221.0,33.549,,,0.0349,0.9651,,True,completed
425,pkw,614.0,713.0,99.0,,800.436,0.0,0.0,99.0,10.429,,,0.0,1.0,,True,completed
189,pkw,333.0,715.0,382.0,,2439.368,0.0,130.0,252.0,150.62,,,0.3403,0.6597,,True,completed
290,pkw,470.0,715.0,245.0,,2273.331,9.0,9.0,236.0,38.202,,,0.0367,0.9633,,True,completed
238,pkw,406.0,718.0,312.0,,1415.997,7.0,140.0,172.0,173.57,,,0.4487,0.5513,,True,completed
273,pkw,447.0,718.0,271.0,,1991.331,0.0,70.0,201.0,89.261,,,0.2583,0.7417,,True,completed
348,pkw,539.0,721.0,182.0,,1583.622,3.0,9.0,173.0,38.451,,,0.0495,0.9505,,True,completed
361,pkw,547.0,721.0,174.0,,1526.369,4.0,10.0,164.0,23.989,,,0.0575,0.9425,,True,completed
241,pkw,408.0,722.0,314.0,,2578.926,0.0,44.0,270.0,78.505,,,0.1401,0.8599,,True,completed
295,pkw,475.0,722.0,247.0,,2368.824,0.0,6.0,241.0,32.239,,,0.0243,0.9757,,True,completed
299,pkw,481.0,723.0,242.0,,1416.428,5.0,77.0,165.0,112.604,,,0.3182,0.6818,,True,completed
331,pkw,515.0,724.0,209.0,,1986.68,0.0,6.0,203.0,28.671,,,0.0287,0.9713,,True,completed
247,pkw,417.0,727.0,310.0,,2444.868,39.0,58.0,252.0,85.333,,,0.1871,0.8129,,True,completed
306,pkw,487.0,728.0,241.0,,2409.431,3.0,5.0,236.0,22.392,,,0.0207,0.9793,,True,completed
408,pkw,605.0,728.0,123.0,,1117.077,0.0,0.0,123.0,10.89,,,0.0,1.0,,True,completed
468,pkw,639.0,728.0,89.0,,857.562,0.0,0.0,89.0,9.164,,,0.0,1.0,,True,completed
154,pkw,287.0,730.0,443.0,,3420.853,0.0,87.0,356.0,110.992,,,0.1964,0.8036,,True,completed
469,pkw,640.0,731.0,91.0,,854.316,0.0,0.0,91.0,11.507,,,0.0,1.0,,True,completed
515,pkw,680.0,736.0,56.0,,387.16,0.0,0.0,56.0,6.826,,,0.0,1.0,,True,completed
362,pkw,549.0,737.0,188.0,,1836.929,0.0,0.0,188.0,12.927,,,0.0,1.0,,True,completed
252,pkw,419.0,739.0,320.0,,2962.313,8.0,24.0,296.0,49.418,,,0.075,0.925,,True,completed
301,pkw,481.0,739.0,258.0,,2185.893,0.0,29.0,229.0,49.465,,,0.1124,0.8876,,True,completed
388,pkw,584.0,741.0,157.0,,1524.968,3.0,3.0,154.0,15.994,,,0.0191,0.9809,,True,completed
396,pkw,594.0,741.0,147.0,,1114.679,12.0,25.0,122.0,44.053,,,0.1701,0.8299,,True,completed
303,pkw,482.0,744.0,262.0,,2232.103,1.0,37.0,225.0,58.578,,,0.1412,0.8588,,True,completed
300,pkw,481.0,747.0,266.0,,2337.471,4.0,24.0,242.0,47.901,,,0.0902,0.9098,,True,completed
302,pkw,482.0,747.0,265.0,,2020.979,30.0,37.0,228.0,68.482,,,0.1396,0.8604,,True,completed
471,pkw,639.0,749.0,110.0,,1053.164,0.0,0.0,110.0,12.073,,,0.0,1.0,,True,completed
330,pkw,515.0,750.0,235.0,,2093.862,16.0,16.0,219.0,30.187,,,0.0681,0.9319,,True,completed
523,pkw,684.0,752.0,68.0,,664.698,0.0,0.0,68.0,5.509,,,0.0,1.0,,True,completed
432,pkw,620.0,753.0,133.0,,889.066,11.0,21.0,112.0,44.616,,,0.1579,0.8421,,True,completed
481,pkw,649.0,753.0,104.0,,920.405,0.0,0.0,104.0,8.394,,,0.0,1.0,,True,completed
575,pkw,719.0,755.0,36.0,,238.987,0.0,0.0,36.0,7.6,,,0.0,1.0,,True,completed
508,pkw,674.0,756.0,82.0,,374.134,30.0,30.0,52.0,37.997,,,0.3659,0.6341,,True,completed
375,pkw,563.0,758.0,195.0,,1684.737,14.0,15.0,180.0,42.372,,,0.0769,0.9231,,True,completed
477,pkw,643.0,758.0,115.0,,1033.405,6.0,6.0,109.0,18.122,,,0.0522,0.9478,,True,completed
320,pkw,510.0,760.0,250.0,,1805.31,27.0,56.0,194.0,82.77,,,0.224,0.776,,True,completed
455,pkw,632.0,763.0,131.0,,981.636,0.0,0.0,131.0,21.207,,,0.0,1.0,,True,completed
313,pkw,495.0,764.0,269.0,,2257.065,42.0,42.0,227.0,63.313,,,0.1561,0.8439,,True,completed
454,pkw,632.0,766.0,134.0,,993.31,3.0,7.0,127.0,25.891,,,0.0522,0.9478,,True,completed
232,pkw,396.0,769.0,373.0,,2903.739,23.0,23.0,350.0,62.166,,,0.0617,0.9383,,True,completed
210,pkw,359.0,771.0,412.0,,1657.286,37.0,210.0,202.0,256.191,,,0.5097,0.4903,,True,completed
379,pkw,568.0,773.0,205.0,,1734.682,12.0,12.0,193.0,30.641,,,0.0585,0.9415,,True,completed
539,pkw,693.0,774.0,81.0,,696.822,1.0,1.0,80.0,14.057,,,0.0123,0.9877,,True,completed
368,pkw,554.0,776.0,222.0,,1699.074,4.0,16.0,206.0,54.6,,,0.0721,0.9279,,True,completed
206,pkw,354.0,780.0,426.0,,2302.774,0.0,163.0,263.0,205.058,,,0.3826,0.6174,,True,completed
317,pkw,505.0,780.0,275.0,,2376.699,13.0,29.0,246.0,49.26,,,0.1055,0.8945,,True,completed
397,pkw,594.0,781.0,187.0,,1869.981,0.0,0.0,187.0,13.605,,,0.0,1.0,,True,completed
371,pkw,556.0,783.0,227.0,,2168.556,6.0,6.0,221.0,29.938,,,0.0264,0.9736,,True,completed
345,pkw,535.0,785.0,250.0,,2050.727,7.0,29.0,221.0,58.977,,,0.116,0.884,,True,completed
560,pkw,708.0,790.0,82.0,,737.526,0.0,0.0,82.0,8.396,,,0.0,1.0,,True,completed
399,pkw,599.0,791.0,192.0,,1863.764,0.0,0.0,192.0,13.348,,,0.0,1.0,,True,completed
604,pkw,747.0,791.0,44.0,,376.911,0.0,0.0,44.0,9.078,,,0.0,1.0,,True,completed
292,pkw,471.0,792.0,321.0,,2784.987,2.0,36.0,285.0,68.167,,,0.1121,0.8879,,True,completed
627,pkw,751.0,794.0,43.0,,442.908,0.0,0.0,43.0,2.025,,,0.0,1.0,,True,completed
474,pkw,643.0,795.0,152.0,,1076.249,12.0,40.0,112.0,53.911,,,0.2632,0.7368,,True,completed
319,pkw,508.0,798.0,290.0,,1966.405,31.0,61.0,229.0,92.493,,,0.2103,0.7897,,True,completed
538,pkw,692.0,799.0,107.0,,973.811,4.0,4.0,103.0,17.478,,,0.0374,0.9626,,True,completed
374,pkw,562.0,800.0,238.0,,666.358,71.0,159.0,79.0,172.808,,,0.6681,0.3319,,True,completed
410,pkw,607.0,800.0,193.0,,1690.218,11.0,15.0,178.0,38.21,,,0.0777,0.9223,,True,completed
581,pkw,722.0,802.0,80.0,,839.176,0.0,0.0,80.0,3.473,,,0.0,1.0,,True,completed
493,pkw,660.0,803.0,143.0,,1049.775,35.0,35.0,108.0,46.292,,,0.2448,0.7552,,True,completed
497,pkw,665.0,803.0,138.0,,951.089,3.0,9.0,129.0,36.343,,,0.0652,0.9348,,True,completed
237,pkw,401.0,804.0,403.0,,1660.384,47.0,202.0,201.0,242.106,,,0.5012,0.4988,,True,completed
431,pkw,618.0,805.0,187.0,,1188.06,54.0,63.0,124.0,78.537,,,0.3369,0.6631,,True,completed
582,pkw,722.0,805.0,83.0,,457.875,34.0,34.0,49.0,40.121,,,0.4096,0.5904,,True,completed
607,pkw,738.0,805.0,67.0,,444.264,21.0,21.0,46.0,26.016,,,0.3134,0.6866,,True,completed
482,pkw,649.0,807.0,158.0,,1143.952,36.0,36.0,122.0,49.515,,,0.2278,0.7722,,True,completed
596,pkw,732.0,807.0,75.0,,668.162,4.0,4.0,71.0,13.317,,,0.0533,0.9467,,True,completed
380,pkw,569.0,809.0,240.0,,2336.698,1.0,1.0,239.0,21.179,,,0.0042,0.9958,,True,completed
414,pkw,609.0,811.0,202.0,,735.839,63.0,119.0,83.0,134.43,,,0.5891,0.4109,,True,completed
418,pkw,611.0,811.0,200.0,,1826.701,0.0,8.0,192.0,20.069,,,0.04,0.96,,True,completed
264,pkw,438.0,814.0,376.0,,3184.735,5.0,5.0,371.0,44.774,,,0.0133,0.9867,,True,completed
459,pkw,633.0,817.0,184.0,,1528.139,18.0,18.0,166.0,44.988,,,0.0978,0.9022,,True,completed
571,pkw,716.0,817.0,101.0,,970.598,0.0,0.0,101.0,6.92,,,0.0,1.0,,True,completed
407,pkw,605.0,818.0,213.0,,1688.253,30.0,37.0,176.0,57.919,,,0.1737,0.8263,,True,completed
510,pkw,676.0,818.0,142.0,,1454.822,0.0,0.0,142.0,10.065,,,0.0,1.0,,True,completed
479,pkw,648.0,819.0,171.0,,1435.485,15.0,15.0,156.0,40.566,,,0.0877,0.9123,,True,completed
577,pkw,719.0,819.0,100.0,,971.048,0.0,0.0,100.0,8.295,,,0.0,1.0,,True,completed
402,pkw,602.0,824.0,222.0,,1306.185,38.0,67.0,155.0,88.855,,,0.3018,0.6982,,True,completed
592,pkw,730.0,826.0,96.0,,874.757,0.0,0.0,96.0,15.368,,,0.0,1.0,,True,completed
600,pkw,736.0,826.0,90.0,,765.847,4.0,4.0,86.0,18.6,,,0.0444,0.9556,,True,completed
465,pkw,638.0,827.0,189.0,,1171.434,36.0,42.0,147.0,65.199,,,0.2222,0.7778,,True,completed
376,pkw,564.0,828.0,264.0,,2216.688,17.0,26.0,238.0,60.078,,,0.0985,0.9015,,True,completed
659,pkw,784.0,828.0,44.0,,370.035,2.0,2.0,42.0,9.697,,,0.0455,0.9545,,True,completed
385,pkw,579.0,830.0,251.0,,1794.571,52.0,52.0,199.0,77.28,,,0.2072,0.7928,,True,completed
400,pkw,610.0,830.0,220.0,,1514.862,6.0,35.0,185.0,64.965,,,0.1591,0.8409,,True,completed
498,pkw,665.0,830.0,165.0,,1303.568,18.0,18.0,147.0,36.247,,,0.1091,0.8909,,True,completed
392,pkw,590.0,832.0,242.0,,2093.051,10.0,27.0,215.0,52.371,,,0.1116,0.8884,,True,completed
159,pkw,299.0,833.0,534.0,,2966.128,0.0,228.0,306.0,263.404,,,0.427,0.573,,True,completed
346,pkw,537.0,836.0,299.0,,1635.439,85.0,124.0,175.0,150.539,,,0.4147,0.5853,,True,completed
657,pkw,773.0,837.0,64.0,,477.621,13.0,13.0,51.0,20.014,,,0.2031,0.7969,,True,completed
416,pkw,610.0,838.0,228.0,,2144.223,12.0,12.0,216.0,32.072,,,0.0526,0.9474,,True,completed
341,pkw,531.0,839.0,308.0,,2157.513,11.0,44.0,264.0,76.77,,,0.1429,0.8571,,True,completed
338,pkw,527.0,840.0,313.0,,2768.364,12.0,31.0,282.0,54.817,,,0.099,0.901,,True,completed
347,pkw,539.0,841.0,302.0,,2362.673,9.0,59.0,243.0,86.102,,,0.1954,0.8046,,True,completed
634,pkw,755.0,842.0,87.0,,724.9,5.0,5.0,82.0,17.288,,,0.0575,0.9425,,True,completed
628,pkw,752.0,845.0,93.0,,735.076,10.0,10.0,83.0,25.842,,,0.1075,0.8925,,True,completed
512,pkw,678.0,846.0,168.0,,1539.148,4.0,4.0,164.0,26.223,,,0.0238,0.9762,,True,completed
440,pkw,621.0,848.0,227.0,,1963.948,27.0,27.0,200.0,48.572,,,0.1189,0.8811,,True,completed
653,pkw,771.0,851.0,80.0,,413.405,25.0,25.0,55.0,33.52,,,0.3125,0.6875,,True,completed
390,pkw,588.0,853.0,265.0,,1972.874,23.0,29.0,236.0,73.884,,,0.1094,0.8906,,True,completed
383,pkw,576.0,855.0,279.0,,1146.829,25.0,160.0,119.0,174.784,,,0.5735,0.4265,,True,completed
505,pkw,669.0,855.0,186.0,,1825.987,0.0,2.0,184.0,20.185,,,0.0108,0.9892,,True,completed
494,pkw,664.0,860.0,196.0,,2021.026,0.0,0.0,196.0,10.187,,,0.0,1.0,,True,completed
664,pkw,778.0,860.0,82.0,,749.986,5.0,5.0,77.0,13.501,,,0.061,0.939,,True,completed
622,pkw,748.0,861.0,113.0,,960.036,10.0,10.0,103.0,24.372,,,0.0885,0.9115,,True,completed
434,pkw,619.0,863.0,244.0,,2025.781,34.0,34.0,210.0,60.129,,,0.1393,0.8607,,True,completed
453,pkw,632.0,863.0,231.0,,2222.015,2.0,8.0,223.0,28.422,,,0.0346,0.9654,,True,completed
544,pkw,698.0,864.0,166.0,,1353.916,2.0,6.0,160.0,33.537,,,0.0361,0.9639,,True,completed
433,pkw,619.0,865.0,246.0,,1706.586,11.0,65.0,181.0,88.122,,,0.2642,0.7358,,True,completed
522,pkw,684.0,865.0,181.0,,1323.7,23.0,28.0,153.0,49.705,,,0.1547,0.8453,,True,completed
413,pkw,608.0,868.0,260.0,,1973.467,21.0,41.0,219.0,80.816,,,0.1577,0.8423,,True,completed
56,pkw,100.0,868.0,768.0,,1606.483,13.0,585.0,183.0,613.533,,,0.7617,0.2383,,True,completed
275,pkw,450.0,870.0,420.0,,3027.34,54.0,96.0,324.0,134.044,,,0.2286,0.7714,,True,completed
556,pkw,706.0,872.0,166.0,,1370.431,9.0,9.0,157.0,31.471,,,0.0542,0.9458,,True,completed
406,pkw,603.0,873.0,270.0,,2029.235,47.0,47.0,223.0,76.749,,,0.1741,0.8259,,True,completed
458,pkw,653.0,873.0,220.0,,1556.74,22.0,42.0,178.0,78.623,,,0.1909,0.8091,,True,completed
484,pkw,651.0,873.0,222.0,,1814.923,1.0,22.0,200.0,49.705,,,0.0991,0.9009,,True,completed
576,pkw,718.0,873.0,155.0,,883.332,25.0,25.0,130.0,39.626,,,0.1613,0.8387,,True,completed
614,pkw,742.0,875.0,133.0,,1249.758,0.0,0.0,133.0,9.769,,,0.0,1.0,,True,completed
620,pkw,745.0,875.0,130.0,,982.707,13.0,13.0,117.0,28.949,,,0.1,0.9,,True,completed
541,pkw,695.0,879.0,184.0,,1486.054,9.0,14.0,170.0,46.859,,,0.0761,0.9239,,True,completed
643,pkw,765.0,879.0,114.0,,1012.316,5.0,5.0,109.0,18.781,,,0.0439,0.9561,,True,completed
554,pkw,703.0,881.0,178.0,,1328.782,15.0,20.0,158.0,48.245,,,0.1124,0.8876,,True,completed
689,pkw,793.0,881.0,88.0,,655.131,15.0,15.0,73.0,26.782,,,0.1705,0.8295,,True,completed
422,pkw,613.0,882.0,269.0,,2286.426,17.0,23.0,246.0,57.12,,,0.0855,0.9145,,True,completed
570,pkw,733.0,882.0,149.0,,624.486,59.0,71.0,78.0,82.352,,,0.4765,0.5235,,True,completed
444,pkw,624.0,883.0,259.0,,2142.202,0.0,31.0,228.0,62.604,,,0.1197,0.8803,,True,completed
520,pkw,682.0,884.0,202.0,,1955.059,4.0,4.0,198.0,21.565,,,0.0198,0.9802,,True,completed
443,pkw,624.0,886.0,262.0,,1815.596,29.0,66.0,196.0,95.277,,,0.2519,0.7481,,True,completed
651,pkw,770.0,886.0,116.0,,740.373,29.0,29.0,87.0,47.357,,,0.25,0.75,,True,completed
415,pkw,609.0,887.0,278.0,,2124.906,0.0,13.0,265.0,46.557,,,0.0468,0.9532,,True,completed
424,pkw,614.0,888.0,274.0,,1852.308,29.0,66.0,208.0,103.842,,,0.2409,0.7591,,True,completed
490,pkw,659.0,888.0,229.0,,1935.008,14.0,23.0,206.0,50.611,,,0.1004,0.8996,,True,completed
409,pkw,633.0,890.0,257.0,,2270.663,13.0,23.0,234.0,51.531,,,0.0895,0.9105,,True,completed
636,pkw,755.0,890.0,135.0,,1025.611,14.0,15.0,120.0,41.172,,,0.1111,0.8889,,True,completed
404,pkw,602.0,893.0,291.0,,2250.859,0.0,7.0,284.0,46.066,,,0.0241,0.9759,,True,completed
601,pkw,735.0,893.0,158.0,,1631.135,0.0,0.0,158.0,10.129,,,0.0,1.0,,True,completed
321,pkw,509.0,894.0,385.0,,2801.026,0.0,68.0,317.0,113.113,,,0.1766,0.8234,,True,completed
398,pkw,595.0,894.0,299.0,,2771.142,17.0,17.0,282.0,46.406,,,0.0569,0.9431,,True,completed
429,pkw,615.0,895.0,280.0,,2530.409,22.0,23.0,257.0,51.094,,,0.0821,0.9179,,True,completed
467,pkw,639.0,895.0,256.0,,2212.006,0.0,0.0,256.0,21.64,,,0.0,1.0,,True,completed
524,pkw,684.0,899.0,215.0,,1862.313,8.0,8.0,207.0,32.106,,,0.0372,0.9628,,True,completed
426,pkw,615.0,900.0,285.0,,2205.97,16.0,36.0,249.0,69.239,,,0.1263,0.8737,,True,completed
548,pkw,701.0,904.0,203.0,,1666.271,13.0,18.0,185.0,50.11,,,0.0887,0.9113,,True,completed
605,pkw,737.0,904.0,167.0,,1722.074,0.0,0.0,167.0,8.131,,,0.0,1.0,,True,completed
761,pkw,844.0,905.0,61.0,,629.904,0.0,0.0,61.0,3.308,,,0.0,1.0,,True,completed
593,pkw,730.0,909.0,179.0,,1374.996,6.0,26.0,153.0,53.53,,,0.1453,0.8547,,True,completed
632,pkw,754.0,912.0,158.0,,1309.579,9.0,11.0,147.0,33.096,,,0.0696,0.9304,,True,completed
389,pkw,586.0,914.0,328.0,,2746.095,6.0,15.0,313.0,66.686,,,0.0457,0.9543,,True,completed
428,pkw,616.0,915.0,299.0,,2286.486,15.0,42.0,257.0,87.037,,,0.1405,0.8595,,True,completed
635,pkw,755.0,915.0,160.0,,1113.592,0.0,48.0,112.0,58.544,,,0.3,0.7,,True,completed
462,pkw,636.0,917.0,281.0,,2108.833,4.0,57.0,224.0,86.953,,,0.2028,0.7972,,True,completed
463,pkw,636.0,917.0,281.0,,2345.233,0.0,10.0,271.0,42.412,,,0.0356,0.9644,,True,completed
386,pkw,581.0,918.0,337.0,,2155.803,9.0,100.0,237.0,128.636,,,0.2967,0.7033,,True,completed
478,pkw,645.0,920.0,275.0,,2371.741,4.0,25.0,250.0,54.12,,,0.0909,0.9091,,True,completed
569,pkw,714.0,920.0,206.0,,1838.53,0.0,13.0,193.0,35.596,,,0.0631,0.9369,,True,completed
709,pkw,806.0,920.0,114.0,,812.124,5.0,19.0,95.0,30.008,,,0.1667,0.8333,,True,completed
403,pkw,602.0,921.0,319.0,,1417.361,25.0,164.0,155.0,189.583,,,0.5141,0.4859,,True,completed
437,pkw,620.0,922.0,302.0,,1408.412,31.0,140.0,162.0,169.18,,,0.4636,0.5364,,True,completed
50,pkw,90.0,922.0,832.0,,2214.731,0.0,610.0,222.0,630.938,,,0.7332,0.2668,,True,completed
502,pkw,668.0,924.0,256.0,,1835.282,12.0,53.0,203.0,88.97,,,0.207,0.793,,True,completed
584,pkw,724.0,925.0,201.0,,1893.9,0.0,4.0,197.0,27.047,,,0.0199,0.9801,,True,completed
528,pkw,687.0,927.0,240.0,,1789.191,34.0,64.0,176.0,77.953,,,0.2667,0.7333,,True,completed
235,pkw,400.0,930.0,530.0,,1293.578,78.0,371.0,159.0,403.459,,,0.7,0.3,,True,completed
769,pkw,846.0,930.0,84.0,,688.525,5.0,5.0,79.0,21.032,,,0.0595,0.9405,,True,completed
743,pkw,830.0,931.0,101.0,,724.184,22.0,22.0,79.0,34.823,,,0.2178,0.7822,,True,completed
526,pkw,685.0,932.0,247.0,,2201.895,8.0,23.0,224.0,47.08,,,0.0931,0.9069,,True,completed
519,pkw,682.0,933.0,251.0,,1821.091,0.0,39.0,212.0,69.356,,,0.1554,0.8446,,True,completed
364,pkw,550.0,936.0,386.0,,2536.568,2.0,85.0,301.0,131.334,,,0.2202,0.7798,,True,completed
79,pkw,138.0,936.0,798.0,,1693.696,58.0,607.0,191.0,610.146,,,0.7607,0.2393,,True,completed
513,pkw,678.0,937.0,259.0,,2073.198,9.0,9.0,250.0,28.781,,,0.0347,0.9653,,True,completed
293,pkw,472.0,938.0,466.0,,2765.013,50.0,175.0,291.0,212.125,,,0.3755,0.6245,,True,completed
533,pkw,690.0,938.0,248.0,,2145.32,5.0,11.0,237.0,39.776,,,0.0444,0.9556,,True,completed
473,pkw,640.0,942.0,302.0,,2545.353,0.0,40.0,262.0,70.758,,,0.1325,0.8675,,True,completed
734,pkw,823.0,942.0,119.0,,1133.532,0.0,0.0,119.0,14.546,,,0.0,1.0,,True,completed
615,pkw,742.0,944.0,202.0,,1151.512,47.0,83.0,119.0,96.712,,,0.4109,0.5891,,True,completed
451,pkw,628.0,946.0,318.0,,1501.778,24.0,142.0,176.0,181.287,,,0.4465,0.5535,,True,completed
503,pkw,668.0,948.0,280.0,,2536.331,0.0,14.0,266.0,31.07,,,0.05,0.95,,True,completed
123,pkw,230.0,949.0,719.0,,2589.531,57.0,434.0,285.0,474.728,,,0.6036,0.3964,,True,completed
340,pkw,531.0,949.0,418.0,,2557.679,60.0,140.0,278.0,175.624,,,0.3349,0.6651,,True,completed
378,pkw,566.0,949.0,383.0,,2557.134,54.0,98.0,285.0,140.659,,,0.2559,0.7441,,True,completed
419,pkw,612.0,949.0,337.0,,1960.356,60.0,108.0,229.0,156.906,,,0.3205,0.6795,,True,completed
574,pkw,718.0,951.0,233.0,,1886.798,36.0,36.0,197.0,52.906,,,0.1545,0.8455,,True,completed
641,pkw,763.0,951.0,188.0,,1367.788,19.0,19.0,169.0,44.252,,,0.1011,0.8989,,True,completed
624,pkw,749.0,954.0,205.0,,1758.991,0.0,0.0,205.0,15.011,,,0.0,1.0,,True,completed
131,pkw,240.0,956.0,716.0,,1982.342,54.0,443.0,273.0,489.377,,,0.6187,0.3813,,True,completed
452,pkw,630.0,957.0,327.0,,2609.901,0.0,56.0,271.0,88.65,,,0.1713,0.8287,,True,completed
631,pkw,753.0,957.0,204.0,,1645.46,22.0,32.0,172.0,54.814,,,0.1569,0.8431,,True,completed
611,pkw,740.0,958.0,218.0,,1446.247,23.0,60.0,158.0,67.042,,,0.2752,0.7248,,True,completed
674,pkw,783.0,958.0,175.0,,1524.284,0.0,0.0,175.0,17.889,,,0.0,1.0,,True,completed
475,pkw,643.0,959.0,316.0,,2440.839,2.0,74.0,242.0,94.395,,,0.2342,0.7658,,True,completed
629,pkw,752.0,960.0,208.0,,2091.242,0.0,4.0,204.0,18.418,,,0.0192,0.9808,,True,completed
591,pkw,730.0,962.0,232.0,,1830.571,8.0,28.0,204.0,56.013,,,0.1207,0.8793,,True,completed
550,pkw,701.0,963.0,262.0,,2129.869,17.0,21.0,241.0,52.518,,,0.0802,0.9198,,True,completed
617,pkw,743.0,965.0,222.0,,1816.444,5.0,30.0,192.0,57.119,,,0.1351,0.8649,,True,completed
751,pkw,834.0,966.0,132.0,,1093.893,9.0,9.0,123.0,28.689,,,0.0682,0.9318,,True,completed
608,pkw,738.0,969.0,231.0,,1719.299,46.0,49.0,182.0,73.741,,,0.2121,0.7879,,True,completed
516,pkw,681.0,971.0,290.0,,2505.809,2.0,11.0,279.0,37.235,,,0.0379,0.9621,,True,completed
639,pkw,758.0,972.0,214.0,,1795.887,8.0,15.0,199.0,42.399,,,0.0701,0.9299,,True,completed
853,pkw,906.0,972.0,66.0,,611.912,2.0,2.0,64.0,9.927,,,0.0303,0.9697,,True,completed
827,pkw,891.0,975.0,84.0,,759.831,0.0,0.0,84.0,8.491,,,0.0,1.0,,True,completed
496,pkw,665.0,976.0,311.0,,2507.838,0.0,34.0,277.0,64.107,,,0.1093,0.8907,,True,completed
540,pkw,693.0,976.0,283.0,,1905.635,18.0,61.0,222.0,94.601,,,0.2155,0.7845,,True,completed
585,pkw,724.0,977.0,253.0,,2413.24,0.0,0.0,253.0,21.84,,,0.0,1.0,,True,completed
683,pkw,791.0,977.0,186.0,,1268.915,34.0,34.0,152.0,59.129,,,0.1828,0.8172,,True,completed
461,pkw,635.0,979.0,344.0,,2613.705,0.0,50.0,294.0,85.956,,,0.1453,0.8547,,True,completed
798,pkw,869.0,980.0,111.0,,903.25,13.0,13.0,98.0,19.435,,,0.1171,0.8829,,True,completed
546,pkw,698.0,981.0,283.0,,2090.041,0.0,29.0,254.0,52.851,,,0.1025,0.8975,,True,completed
655,pkw,772.0,983.0,211.0,,1909.564,10.0,10.0,201.0,36.213,,,0.0474,0.9526,,True,completed
563,pkw,710.0,984.0,274.0,,1998.052,0.0,62.0,212.0,92.764,,,0.2263,0.7737,,True,completed
716,pkw,809.0,984.0,175.0,,1374.221,15.0,29.0,146.0,49.09,,,0.1657,0.8343,,True,completed
690,pkw,795.0,986.0,191.0,,1901.565,0.0,0.0,191.0,16.503,,,0.0,1.0,,True,completed
537,pkw,691.0,987.0,296.0,,2148.125,32.0,39.0,257.0,80.524,,,0.1318,0.8682,,True,completed
694,pkw,798.0,988.0,190.0,,1537.16,30.0,30.0,160.0,48.883,,,0.1579,0.8421,,True,completed
580,pkw,721.0,991.0,270.0,,2000.986,48.0,59.0,211.0,88.053,,,0.2185,0.7815,,True,completed
421,pkw,613.0,992.0,379.0,,2724.95,0.0,91.0,288.0,122.731,,,0.2401,0.7599,,True,completed
606,pkw,738.0,992.0,254.0,,1906.577,0.0,18.0,236.0,65.576,,,0.0709,0.9291,,True,completed
730,pkw,818.0,992.0,174.0,,1686.179,0.0,2.0,172.0,19.636,,,0.0115,0.9885,,True,completed
642,pkw,765.0,993.0,228.0,,1628.734,47.0,47.0,181.0,73.17,,,0.2061,0.7939,,True,completed
699,pkw,802.0,994.0,192.0,,1483.765,16.0,35.0,157.0,56.729,,,0.1823,0.8177,,True,completed
697,pkw,801.0,996.0,195.0,,1634.633,19.0,21.0,174.0,45.51,,,0.1077,0.8923,,True,completed
543,pkw,697.0,997.0,300.0,,2205.811,14.0,14.0,286.0,38.611,,,0.0467,0.9533,,True,completed
480,pkw,649.0,998.0,349.0,,2575.323,21.0,61.0,288.0,106.111,,,0.1748,0.8252,,True,completed
717,pkw,811.0,999.0,188.0,,1217.824,33.0,33.0,155.0,55.796,,,0.1755,0.8245,,True,completed
758,pkw,841.0,999.0,158.0,,1324.895,3.0,12.0,146.0,35.461,,,0.0759,0.9241,,True,completed
825,pkw,892.0,999.0,107.0,,673.364,18.0,18.0,89.0,40.924,,,0.1682,0.8318,,True,completed
579,pkw,720.0,1000.0,280.0,,2166.015,26.0,62.0,218.0,83.409,,,0.2214,0.7786,,True,completed
727,pkw,816.0,1000.0,184.0,,1531.887,12.0,12.0,172.0,36.827,,,0.0652,0.9348,,True,completed
861,pkw,912.0,1001.0,89.0,,783.943,0.0,0.0,89.0,10.391,,,0.0,1.0,,True,completed
702,pkw,803.0,1003.0,200.0,,1699.408,0.0,5.0,195.0,22.962,,,0.025,0.975,,True,completed
719,pkw,811.0,1004.0,193.0,,1701.213,9.0,19.0,174.0,37.185,,,0.0984,0.9016,,True,completed
801,pkw,873.0,1004.0,131.0,,1261.468,0.0,0.0,131.0,15.573,,,0.0,1.0,,True,completed
757,pkw,840.0,1005.0,165.0,,1320.651,20.0,22.0,143.0,44.366,,,0.1333,0.8667,,True,completed
668,pkw,780.0,1006.0,226.0,,1812.703,13.0,33.0,193.0,60.438,,,0.146,0.854,,True,completed
603,pkw,736.0,1007.0,271.0,,2265.564,0.0,15.0,256.0,42.553,,,0.0554,0.9446,,True,completed
613,pkw,741.0,1008.0,267.0,,2276.473,7.0,28.0,239.0,60.239,,,0.1049,0.8951,,True,completed
824,pkw,890.0,1009.0,119.0,,654.358,37.0,37.0,82.0,58.212,,,0.3109,0.6891,,True,completed
350,pkw,540.0,1011.0,471.0,,1557.56,41.0,256.0,215.0,320.845,,,0.5435,0.4565,,True,completed
565,pkw,710.0,1011.0,301.0,,2558.783,7.0,33.0,268.0,66.55,,,0.1096,0.8904,,True,completed
737,pkw,825.0,1012.0,187.0,,1761.996,1.0,1.0,186.0,24.813,,,0.0053,0.9947,,True,completed
791,pkw,864.0,1014.0,150.0,,1408.846,6.0,6.0,144.0,20.436,,,0.04,0.96,,True,completed
500,pkw,667.0,1015.0,348.0,,1824.931,46.0,131.0,217.0,172.641,,,0.3764,0.6236,,True,completed
511,pkw,677.0,1016.0,339.0,,2641.852,7.0,56.0,283.0,99.936,,,0.1652,0.8348,,True,completed
723,pkw,812.0,1016.0,204.0,,1521.272,4.0,10.0,194.0,36.75,,,0.049,0.951,,True,completed
405,pkw,603.0,1018.0,415.0,,2188.016,51.0,143.0,272.0,214.083,,,0.3446,0.6554,,True,completed
619,pkw,744.0,1018.0,274.0,,2332.875,14.0,14.0,260.0,47.622,,,0.0511,0.9489,,True,completed
687,pkw,792.0,1018.0,226.0,,1400.654,54.0,67.0,159.0,97.464,,,0.2965,0.7035,,True,completed
849,pkw,904.0,1020.0,116.0,,1113.831,1.0,3.0,113.0,14.754,,,0.0259,0.9741,,True,completed
732,pkw,822.0,1021.0,199.0,,1828.948,0.0,0.0,199.0,17.235,,,0.0,1.0,,True,completed
869,pkw,915.0,1021.0,106.0,,802.82,6.0,6.0,100.0,20.98,,,0.0566,0.9434,,True,completed
588,pkw,728.0,1022.0,294.0,,2561.973,23.0,30.0,264.0,60.715,,,0.102,0.898,,True,completed
211,pkw,364.0,1023.0,659.0,,2252.063,0.0,403.0,256.0,450.128,,,0.6115,0.3885,,True,completed
750,pkw,834.0,1023.0,189.0,,1560.055,25.0,25.0,164.0,46.611,,,0.1323,0.8677,,True,completed
879,pkw,920.0,1024.0,104.0,,737.401,20.0,20.0,84.0,36.633,,,0.1923,0.8077,,True,completed
949,pkw,956.0,1025.0,69.0,,506.027,9.0,9.0,60.0,20.689,,,0.1304,0.8696,,True,completed
679,pkw,787.0,1027.0,240.0,,2013.447,11.0,12.0,228.0,43.211,,,0.05,0.95,,True,completed
793,pkw,865.0,1028.0,163.0,,1352.091,4.0,14.0,149.0,32.261,,,0.0859,0.9141,,True,completed
637,pkw,756.0,1029.0,273.0,,2493.217,0.0,5.0,268.0,35.875,,,0.0183,0.9817,,True,completed
894,pkw,927.0,1029.0,102.0,,593.311,27.0,27.0,75.0,46.823,,,0.2647,0.7353,,True,completed
781,pkw,856.0,1031.0,175.0,,1775.2,0.0,0.0,175.0,10.586,,,0.0,1.0,,True,completed
807,pkw,879.0,1031.0,152.0,,966.721,12.0,36.0,116.0,54.329,,,0.2368,0.7632,,True,completed
903,pkw,932.0,1031.0,99.0,,955.068,0.0,0.0,99.0,11.142,,,0.0,1.0,,True,completed
812,pkw,881.0,1032.0,151.0,,1347.709,4.0,4.0,147.0,19.929,,,0.0265,0.9735,,True,completed
518,pkw,682.0,1033.0,351.0,,2614.355,24.0,40.0,311.0,104.002,,,0.114,0.886,,True,completed
647,pkw,768.0,1034.0,266.0,,1906.111,22.0,46.0,220.0,76.882,,,0.1729,0.8271,,True,completed
545,pkw,699.0,1037.0,338.0,,2009.264,27.0,107.0,231.0,145.341,,,0.3166,0.6834,,True,completed
922,pkw,940.0,1037.0,97.0,,975.329,0.0,0.0,97.0,7.129,,,0.0,1.0,,True,completed
652,pkw,771.0,1039.0,268.0,,1886.63,45.0,49.0,219.0,95.677,,,0.1828,0.8172,,True,completed
893,pkw,928.0,1040.0,112.0,,1005.738,0.0,0.0,112.0,19.694,,,0.0,1.0,,True,completed
912,pkw,935.0,1040.0,105.0,,660.929,17.0,17.0,88.0,43.658,,,0.1619,0.8381,,True,completed
640,pkw,762.0,1041.0,279.0,,2138.695,25.0,33.0,246.0,82.331,,,0.1183,0.8817,,True,completed
788,pkw,861.0,1041.0,180.0,,1494.854,11.0,18.0,162.0,37.224,,,0.1,0.9,,True,completed
984,pkw,974.0,1043.0,69.0,,381.461,21.0,21.0,48.0,28.977,,,0.3043,0.6957,,True,completed
771,pkw,847.0,1044.0,197.0,,1916.956,0.0,0.0,197.0,14.635,,,0.0,1.0,,True,completed
534,pkw,690.0,1046.0,356.0,,2671.102,0.0,66.0,290.0,104.0,,,0.1854,0.8146,,True,completed
578,pkw,719.0,1047.0,328.0,,2374.399,4.0,63.0,265.0,103.545,,,0.1921,0.8079,,True,completed
612,pkw,740.0,1048.0,308.0,,2436.678,14.0,21.0,287.0,65.453,,,0.0682,0.9318,,True,completed
864,pkw,914.0,1049.0,135.0,,1392.298,0.0,0.0,135.0,8.692,,,0.0,1.0,,True,completed
919,pkw,939.0,1049.0,110.0,,853.328,7.0,7.0,103.0,31.526,,,0.0636,0.9364,,True,completed
920,pkw,940.0,1051.0,111.0,,855.15,4.0,5.0,106.0,31.102,,,0.045,0.955,,True,completed
621,pkw,747.0,1052.0,305.0,,2149.383,17.0,57.0,248.0,87.669,,,0.1869,0.8131,,True,completed
816,pkw,886.0,1056.0,170.0,,1084.319,17.0,17.0,153.0,39.585,,,0.1,0.9,,True,completed
904,pkw,932.0,1056.0,124.0,,980.155,5.0,5.0,119.0,27.083,,,0.0403,0.9597,,True,completed
705,pkw,805.0,1057.0,252.0,,2251.225,3.0,14.0,238.0,47.691,,,0.0556,0.9444,,True,completed
794,pkw,866.0,1057.0,191.0,,1857.05,0.0,0.0,191.0,14.532,,,0.0,1.0,,True,completed
918,pkw,939.0,1057.0,118.0,,873.746,5.0,5.0,113.0,19.035,,,0.0424,0.9576,,True,completed
594,pkw,730.0,1058.0,328.0,,2319.967,0.0,79.0,249.0,114.991,,,0.2409,0.7591,,True,completed
763,pkw,844.0,1059.0,215.0,,1699.864,7.0,34.0,181.0,59.814,,,0.1581,0.8419,,True,completed
246,pkw,416.0,1061.0,645.0,,2107.68,10.0,410.0,235.0,453.444,,,0.6357,0.3643,,True,completed
714,pkw,809.0,1061.0,252.0,,1883.579,0.0,0.0,252.0,35.739,,,0.0,1.0,,True,completed
786,pkw,859.0,1061.0,202.0,,1829.685,17.0,17.0,185.0,35.664,,,0.0842,0.9158,,True,completed
739,pkw,826.0,1062.0,236.0,,2054.347,0.0,24.0,212.0,48.782,,,0.1017,0.8983,,True,completed
485,pkw,651.0,1063.0,412.0,,2533.346,53.0,103.0,309.0,169.616,,,0.25,0.75,,True,completed
927,pkw,943.0,1063.0,120.0,,1071.651,1.0,10.0,110.0,22.155,,,0.0833,0.9167,,True,completed
671,pkw,781.0,1064.0,283.0,,2336.804,6.0,28.0,255.0,68.827,,,0.0989,0.9011,,True,completed
1014,pkw,993.0,1065.0,72.0,,699.87,0.0,0.0,72.0,5.921,,,0.0,1.0,,True,completed
962,pkw,963.0,1066.0,103.0,,898.057,6.0,6.0,97.0,20.425,,,0.0583,0.9417,,True,completed
746,pkw,831.0,1071.0,240.0,,1639.795,5.0,36.0,204.0,84.821,,,0.15,0.85,,True,completed
733,pkw,823.0,1073.0,250.0,,2211.062,15.0,17.0,233.0,48.368,,,0.068,0.932,,True,completed
552,pkw,702.0,1074.0,372.0,,2335.761,41.0,107.0,265.0,158.057,,,0.2876,0.7124,,True,completed
1029,pkw,1001.0,1075.0,74.0,,605.683,8.0,8.0,66.0,18.488,,,0.1081,0.8919,,True,completed
762,pkw,844.0,1075.0,231.0,,1668.255,36.0,43.0,188.0,77.794,,,0.1861,0.8139,,True,completed
1064,pkw,1022.0,1076.0,54.0,,456.178,4.0,4.0,50.0,11.646,,,0.0741,0.9259,,True,completed
1085,pkw,1032.0,1076.0,44.0,,443.982,0.0,0.0,44.0,3.041,,,0.0,1.0,,True,completed
665,pkw,786.0,1076.0,290.0,,2435.255,6.0,29.0,261.0,69.302,,,0.1,0.9,,True,completed
682,pkw,789.0,1076.0,287.0,,2286.377,42.0,47.0,240.0,78.664,,,0.1638,0.8362,,True,completed
938,pkw,949.0,1076.0,127.0,,1145.105,4.0,4.0,123.0,18.136,,,0.0315,0.9685,,True,completed
1031,pkw,1002.0,1079.0,77.0,,748.639,0.0,0.0,77.0,8.622,,,0.0,1.0,,True,completed
1098,pkw,1038.0,1081.0,43.0,,445.526,0.0,0.0,43.0,1.902,,,0.0,1.0,,True,completed
691,pkw,795.0,1083.0,288.0,,2435.014,27.0,27.0,261.0,54.103,,,0.0938,0.9062,,True,completed
667,pkw,780.0,1084.0,304.0,,2240.659,18.0,67.0,237.0,97.757,,,0.2204,0.7796,,True,completed
753,pkw,837.0,1084.0,247.0,,1492.248,18.0,44.0,203.0,104.14,,,0.1781,0.8219,,True,completed
669,pkw,781.0,1085.0,304.0,,2154.585,7.0,60.0,244.0,90.226,,,0.1974,0.8026,,True,completed
720,pkw,811.0,1085.0,274.0,,1791.516,12.0,64.0,210.0,100.004,,,0.2336,0.7664,,True,completed
589,pkw,729.0,1086.0,357.0,,2745.95,22.0,56.0,301.0,96.971,,,0.1569,0.8431,,True,completed
836,pkw,899.0,1086.0,187.0,,1583.212,0.0,4.0,183.0,28.88,,,0.0214,0.9786,,True,completed
906,pkw,933.0,1086.0,153.0,,1446.222,0.0,0.0,153.0,9.711,,,0.0,1.0,,True,completed
851,pkw,905.0,1087.0,182.0,,1682.693,9.0,9.0,173.0,26.973,,,0.0495,0.9505,,True,completed
859,pkw,913.0,1087.0,174.0,,1688.249,0.0,0.0,174.0,15.289,,,0.0,1.0,,True,completed
907,pkw,933.0,1087.0,154.0,,994.813,29.0,29.0,125.0,44.024,,,0.1883,0.8117,,True,completed
729,pkw,817.0,1088.0,271.0,,2511.194,3.0,3.0,268.0,26.905,,,0.0111,0.9889,,True,completed
675,pkw,783.0,1089.0,306.0,,2432.318,5.0,55.0,251.0,76.425,,,0.1797,0.8203,,True,completed
821,pkw,890.0,1089.0,199.0,,1171.784,16.0,39.0,160.0,87.587,,,0.196,0.804,,True,completed
740,pkw,827.0,1090.0,263.0,,1481.388,0.0,88.0,175.0,116.242,,,0.3346,0.6654,,True,completed
855,pkw,908.0,1092.0,184.0,,1763.488,0.0,0.0,184.0,15.682,,,0.0,1.0,,True,completed
778,pkw,852.0,1094.0,242.0,,1729.936,0.0,33.0,209.0,74.065,,,0.1364,0.8636,,True,completed
233,pkw,397.0,1095.0,698.0,,2908.762,1.0,383.0,315.0,428.333,,,0.5487,0.4513,,True,completed
952,pkw,958.0,1095.0,137.0,,1342.161,0.0,0.0,137.0,10.455,,,0.0,1.0,,True,completed
688,pkw,793.0,1096.0,303.0,,2601.371,0.0,45.0,258.0,57.923,,,0.1485,0.8515,,True,completed
695,pkw,798.0,1098.0,300.0,,2044.388,0.0,75.0,225.0,95.457,,,0.25,0.75,,True,completed
840,pkw,902.0,1098.0,196.0,,1863.876,5.0,5.0,191.0,23.731,,,0.0255,0.9745,,True,completed
854,pkw,907.0,1100.0,193.0,,1697.648,6.0,11.0,182.0,37.919,,,0.057,0.943,,True,completed
1040,pkw,1008.0,1101.0,93.0,,736.942,1.0,1.0,92.0,21.763,,,0.0108,0.9892,,True,completed
645,pkw,766.0,1102.0,336.0,,2577.239,0.0,17.0,319.0,52.513,,,0.0506,0.9494,,True,completed
735,pkw,824.0,1102.0,278.0,,2336.563,0.0,39.0,239.0,56.034,,,0.1403,0.8597,,True,completed
990,pkw,980.0,1102.0,122.0,,921.647,12.0,12.0,110.0,37.012,,,0.0984,0.9016,,True,completed
767,pkw,846.0,1105.0,259.0,,2615.722,0.0,0.0,259.0,21.98,,,0.0,1.0,,True,completed
700,pkw,802.0,1108.0,306.0,,1888.404,34.0,66.0,240.0,115.591,,,0.2157,0.7843,,True,completed
829,pkw,894.0,1109.0,215.0,,1624.85,15.0,24.0,191.0,57.138,,,0.1116,0.8884,,True,completed
1063,pkw,1027.0,1110.0,83.0,,842.219,0.0,0.0,83.0,6.129,,,0.0,1.0,,True,completed
638,pkw,756.0,1110.0,354.0,,1966.939,47.0,102.0,252.0,170.837,,,0.2881,0.7119,,True,completed
959,pkw,960.0,1110.0,150.0,,1110.873,7.0,29.0,121.0,38.945,,,0.1933,0.8067,,True,completed
1130,pkw,1051.0,1112.0,61.0,,444.223,12.0,12.0,49.0,19.822,,,0.1967,0.8033,,True,completed
1194,pkw,1088.0,1112.0,24.0,,158.525,5.0,5.0,19.0,8.733,,,0.2083,0.7917,,True,completed
701,pkw,803.0,1112.0,309.0,,1816.88,42.0,73.0,236.0,142.16,,,0.2362,0.7638,,True,completed
872,pkw,915.0,1112.0,197.0,,1563.686,4.0,20.0,177.0,46.269,,,0.1015,0.8985,,True,completed
1072,pkw,1027.0,1114.0,87.0,,736.331,1.0,1.0,86.0,18.634,,,0.0115,0.9885,,True,completed
646,pkw,767.0,1114.0,347.0,,2742.984,7.0,28.0,319.0,78.948,,,0.0807,0.9193,,True,completed
704,pkw,804.0,1114.0,310.0,,2219.254,17.0,61.0,249.0,105.418,,,0.1968,0.8032,,True,completed
969,pkw,965.0,1115.0,150.0,,952.804,22.0,27.0,123.0,54.391,,,0.18,0.82,,True,completed
684,pkw,791.0,1116.0,325.0,,2164.0,40.0,63.0,262.0,128.31,,,0.1938,0.8062,,True,completed
835,pkw,899.0,1116.0,217.0,,1863.919,0.0,7.0,210.0,30.014,,,0.0323,0.9677,,True,completed
1022,pkw,999.0,1117.0,118.0,,874.335,24.0,28.0,90.0,37.362,,,0.2373,0.7627,,True,completed
875,pkw,918.0,1117.0,199.0,,893.534,35.0,57.0,142.0,112.723,,,0.2864,0.7136,,True,completed
1166,pkw,1073.0,1119.0,46.0,,472.571,0.0,0.0,46.0,2.064,,,0.0,1.0,,True,completed
908,pkw,933.0,1119.0,186.0,,1532.624,18.0,23.0,163.0,46.908,,,0.1237,0.8763,,True,completed
950,pkw,956.0,1120.0,164.0,,1580.455,0.0,0.0,164.0,12.795,,,0.0,1.0,,True,completed
997,pkw,984.0,1122.0,138.0,,1328.706,0.0,0.0,138.0,8.688,,,0.0,1.0,,True,completed
517,pkw,681.0,1123.0,442.0,,2692.266,37.0,133.0,309.0,195.189,,,0.3009,0.6991,,True,completed
956,pkw,959.0,1125.0,166.0,,1504.639,5.0,5.0,161.0,28.015,,,0.0301,0.9699,,True,completed
826,pkw,891.0,1126.0,235.0,,1406.337,6.0,58.0,177.0,95.968,,,0.2468,0.7532,,True,completed
987,pkw,976.0,1126.0,150.0,,1456.35,0.0,5.0,145.0,17.927,,,0.0333,0.9667,,True,completed
599,pkw,735.0,1128.0,393.0,,2897.74,0.0,32.0,361.0,89.187,,,0.0814,0.9186,,True,completed
207,pkw,355.0,1129.0,774.0,,3418.173,0.0,409.0,365.0,457.312,,,0.5284,0.4716,,True,completed
808,pkw,880.0,1130.0,250.0,,1819.161,0.0,32.0,218.0,65.587,,,0.128,0.872,,True,completed
929,pkw,943.0,1130.0,187.0,,1819.311,0.0,0.0,187.0,11.484,,,0.0,1.0,,True,completed
792,pkw,865.0,1133.0,268.0,,2203.718,27.0,27.0,241.0,65.566,,,0.1007,0.8993,,True,completed
960,pkw,961.0,1133.0,172.0,,1727.767,0.0,0.0,172.0,13.16,,,0.0,1.0,,True,completed
926,pkw,942.0,1135.0,193.0,,1588.412,7.0,16.0,177.0,49.041,,,0.0829,0.9171,,True,completed
1118,pkw,1048.0,1136.0,88.0,,753.116,8.0,8.0,80.0,17.633,,,0.0909,0.9091,,True,completed
884,pkw,924.0,1136.0,212.0,,1695.198,0.0,25.0,187.0,52.224,,,0.1179,0.8821,,True,completed
1057,pkw,1018.0,1137.0,119.0,,884.504,0.0,0.0,119.0,17.449,,,0.0,1.0,,True,completed
663,pkw,776.0,1137.0,361.0,,2267.152,35.0,71.0,290.0,153.157,,,0.1967,0.8033,,True,completed
680,pkw,788.0,1137.0,349.0,,1642.894,56.0,131.0,218.0,197.151,,,0.3754,0.6246,,True,completed
940,pkw,950.0,1137.0,187.0,,1600.377,4.0,4.0,183.0,19.931,,,0.0214,0.9786,,True,completed
1078,pkw,1030.0,1141.0,111.0,,1114.543,0.0,0.0,111.0,6.194,,,0.0,1.0,,True,completed
870,pkw,915.0,1142.0,227.0,,2194.309,0.0,2.0,225.0,21.452,,,0.0088,0.9912,,True,completed
1131,pkw,1052.0,1143.0,91.0,,732.689,12.0,13.0,78.0,15.057,,,0.1429,0.8571,,True,completed
860,pkw,911.0,1143.0,232.0,,1822.385,10.0,15.0,217.0,41.92,,,0.0647,0.9353,,True,completed
888,pkw,924.0,1143.0,219.0,,2142.44,0.0,0.0,219.0,23.343,,,0.0,1.0,,True,completed
892,pkw,925.0,1143.0,218.0,,1839.863,0.0,28.0,190.0,50.226,,,0.1284,0.8716,,True,completed
1035,pkw,1006.0,1144.0,138.0,,1059.076,10.0,10.0,128.0,26.356,,,0.0725,0.9275,,True,completed
1151,pkw,1065.0,1146.0,81.0,,732.591,1.0,1.0,80.0,13.002,,,0.0123,0.9877,,True,completed
925,pkw,942.0,1146.0,204.0,,1241.207,25.0,80.0,124.0,89.848,,,0.3922,0.6078,,True,completed
994,pkw,982.0,1146.0,164.0,,1495.612,10.0,10.0,154.0,26.165,,,0.061,0.939,,True,completed
1049,pkw,1014.0,1148.0,134.0,,898.677,11.0,24.0,110.0,51.498,,,0.1791,0.8209,,True,completed
814,pkw,883.0,1150.0,267.0,,1872.842,30.0,50.0,217.0,96.086,,,0.1873,0.8127,,True,completed
878,pkw,919.0,1150.0,231.0,,2092.841,0.0,19.0,212.0,40.808,,,0.0823,0.9177,,True,completed
1071,pkw,1026.0,1151.0,125.0,,1113.241,0.0,2.0,123.0,20.668,,,0.016,0.984,,True,completed
795,pkw,867.0,1151.0,284.0,,2386.585,26.0,28.0,256.0,66.057,,,0.0986,0.9014,,True,completed
890,pkw,925.0,1153.0,228.0,,1632.089,28.0,49.0,179.0,79.961,,,0.2149,0.7851,,True,completed
967,pkw,965.0,1153.0,188.0,,1594.306,10.0,10.0,178.0,32.406,,,0.0532,0.9468,,True,completed
1105,pkw,1041.0,1158.0,117.0,,1117.38,1.0,1.0,116.0,14.302,,,0.0085,0.9915,,True,completed
916,pkw,938.0,1159.0,221.0,,1169.427,21.0,69.0,152.0,95.838,,,0.3122,0.6878,,True,completed
1053,pkw,1016.0,1161.0,145.0,,975.169,21.0,26.0,119.0,47.605,,,0.1793,0.8207,,True,completed
902,pkw,932.0,1161.0,229.0,,1608.261,55.0,62.0,167.0,74.771,,,0.2707,0.7293,,True,completed
796,pkw,867.0,1162.0,295.0,,1994.359,24.0,69.0,226.0,111.674,,,0.2339,0.7661,,True,completed
1128,pkw,1051.0,1163.0,112.0,,801.097,9.0,19.0,93.0,31.154,,,0.1696,0.8304,,True,completed
931,pkw,944.0,1163.0,219.0,,1790.119,0.0,21.0,198.0,49.064,,,0.0959,0.9041,,True,completed
1058,pkw,1023.0,1164.0,141.0,,971.539,18.0,18.0,123.0,45.652,,,0.1277,0.8723,,True,completed
948,pkw,955.0,1164.0,209.0,,1665.449,13.0,22.0,187.0,56.757,,,0.1053,0.8947,,True,completed
1155,pkw,1067.0,1166.0,99.0,,804.867,6.0,6.0,93.0,18.411,,,0.0606,0.9394,,True,completed
935,pkw,946.0,1166.0,220.0,,1844.204,9.0,16.0,204.0,41.024,,,0.0727,0.9273,,True,completed
754,pkw,839.0,1167.0,328.0,,2208.429,8.0,50.0,278.0,120.81,,,0.1524,0.8476,,True,completed
942,pkw,951.0,1168.0,217.0,,1813.136,2.0,22.0,195.0,47.647,,,0.1014,0.8986,,True,completed
1139,pkw,1055.0,1171.0,116.0,,733.004,29.0,29.0,87.0,45.091,,,0.25,0.75,,True,completed
966,pkw,965.0,1171.0,206.0,,1812.135,22.0,22.0,184.0,40.532,,,0.1068,0.8932,,True,completed
866,pkw,916.0,1172.0,256.0,,2026.913,28.0,28.0,228.0,63.438,,,0.1094,0.8906,,True,completed
945,pkw,956.0,1172.0,216.0,,1731.519,28.0,28.0,188.0,56.922,,,0.1296,0.8704,,True,completed
1107,pkw,1042.0,1174.0,132.0,,1153.339,8.0,8.0,124.0,26.318,,,0.0606,0.9394,,True,completed
1141,pkw,1057.0,1174.0,117.0,,1086.425,0.0,0.0,117.0,17.003,,,0.0,1.0,,True,completed
1201,pkw,1091.0,1175.0,84.0,,534.794,20.0,20.0,64.0,33.964,,,0.2381,0.7619,,True,completed
813,pkw,882.0,1175.0,293.0,,1123.692,97.0,154.0,139.0,170.655,,,0.5256,0.4744,,True,completed
978,pkw,969.0,1175.0,206.0,,1833.198,15.0,15.0,191.0,38.176,,,0.0728,0.9272,,True,completed
817,pkw,886.0,1176.0,290.0,,2212.792,28.0,44.0,246.0,88.682,,,0.1517,0.8483,,True,completed
1120,pkw,1048.0,1180.0,132.0,,1390.436,0.0,0.0,132.0,5.86,,,0.0,1.0,,True,completed
741,pkw,829.0,1180.0,351.0,,1815.332,94.0,162.0,189.0,176.918,,,0.4615,0.5385,,True,completed
1109,pkw,1043.0,1182.0,139.0,,1404.763,0.0,0.0,139.0,10.054,,,0.0,1.0,,True,completed
784,pkw,856.0,1182.0,326.0,,2031.533,93.0,113.0,213.0,141.457,,,0.3466,0.6534,,True,completed
779,pkw,854.0,1184.0,330.0,,2582.733,2.0,2.0,328.0,45.307,,,0.0061,0.9939,,True,completed
852,pkw,905.0,1184.0,279.0,,1119.169,92.0,131.0,148.0,160.646,,,0.4695,0.5305,,True,completed
841,pkw,902.0,1186.0,284.0,,1304.712,90.0,108.0,176.0,140.444,,,0.3803,0.6197,,True,completed
797,pkw,869.0,1187.0,318.0,,2337.523,13.0,67.0,251.0,101.93,,,0.2107,0.7893,,True,completed
842,pkw,902.0,1187.0,285.0,,2403.466,34.0,43.0,242.0,66.501,,,0.1509,0.8491,,True,completed
1106,pkw,1042.0,1189.0,147.0,,1251.267,0.0,0.0,147.0,25.892,,,0.0,1.0,,True,completed
713,pkw,808.0,1190.0,382.0,,2870.779,13.0,57.0,325.0,117.43,,,0.1492,0.8508,,True,completed
773,pkw,849.0,1190.0,341.0,,2480.621,27.0,62.0,279.0,105.803,,,0.1818,0.8182,,True,completed
985,pkw,976.0,1190.0,214.0,,1607.961,22.0,22.0,192.0,64.772,,,0.1028,0.8972,,True,completed
1252,pkw,1119.0,1192.0,73.0,,672.112,0.0,0.0,73.0,10.617,,,0.0,1.0,,True,completed
992,pkw,981.0,1194.0,213.0,,1902.579,4.0,5.0,208.0,38.034,,,0.0235,0.9765,,True,completed
1032,pkw,1003.0,1195.0,192.0,,1331.45,23.0,42.0,150.0,65.306,,,0.2188,0.7812,,True,completed
809,pkw,880.0,1196.0,316.0,,2123.905,0.0,94.0,222.0,120.258,,,0.2975,0.7025,,True,completed
1059,pkw,1019.0,1197.0,178.0,,1811.396,0.0,0.0,178.0,12.535,,,0.0,1.0,,True,completed
862,pkw,912.0,1198.0,286.0,,1968.232,71.0,76.0,210.0,106.269,,,0.2657,0.7343,,True,completed
1061,pkw,1021.0,1199.0,178.0,,547.33,93.0,111.0,67.0,127.075,,,0.6236,0.3764,,True,completed
1115,pkw,1045.0,1199.0,154.0,,983.301,12.0,18.0,136.0,41.919,,,0.1169,0.8831,,True,completed
573,pkw,717.0,1201.0,484.0,,1521.058,29.0,308.0,176.0,334.857,,,0.6364,0.3636,,True,completed
963,pkw,963.0,1201.0,238.0,,1969.896,11.0,35.0,203.0,59.001,,,0.1471,0.8529,,True,completed
553,pkw,703.0,1207.0,504.0,,2640.794,64.0,226.0,278.0,264.49,,,0.4484,0.5516,,True,completed
712,pkw,807.0,1207.0,400.0,,1314.436,64.0,235.0,165.0,273.79,,,0.5875,0.4125,,True,completed
1152,pkw,1066.0,1208.0,142.0,,1168.076,17.0,17.0,125.0,32.548,,,0.1197,0.8803,,True,completed
1192,pkw,1087.0,1208.0,121.0,,878.606,21.0,21.0,100.0,39.73,,,0.1736,0.8264,,True,completed
1230,pkw,1108.0,1208.0,100.0,,868.111,8.0,8.0,92.0,20.122,,,0.08,0.92,,True,completed
1045,pkw,1011.0,1209.0,198.0,,1602.876,2.0,17.0,181.0,43.971,,,0.0859,0.9141,,True,completed
995,pkw,982.0,1211.0,229.0,,1952.928,0.0,23.0,206.0,48.691,,,0.1004,0.8996,,True,completed
1302,pkw,1146.0,1212.0,66.0,,690.686,0.0,0.0,66.0,2.838,,,0.0,1.0,,True,completed
941,pkw,950.0,1212.0,262.0,,2266.25,17.0,25.0,237.0,54.322,,,0.0954,0.9046,,True,completed
806,pkw,878.0,1213.0,335.0,,1856.085,60.0,146.0,189.0,166.869,,,0.4358,0.5642,,True,completed
883,pkw,926.0,1214.0,288.0,,1965.665,48.0,57.0,231.0,91.939,,,0.1979,0.8021,,True,completed
914,pkw,936.0,1214.0,278.0,,2119.556,0.0,13.0,265.0,34.424,,,0.0468,0.9532,,True,completed
1225,pkw,1134.0,1215.0,81.0,,770.214,0.0,0.0,81.0,10.68,,,0.0,1.0,,True,completed
953,pkw,958.0,1216.0,258.0,,1624.659,20.0,46.0,212.0,92.37,,,0.1783,0.8217,,True,completed
1119,pkw,1048.0,1218.0,170.0,,1528.161,16.0,16.0,154.0,30.301,,,0.0941,0.9059,,True,completed
44,pkw,75.0,1218.0,1143.0,,2641.646,6.0,874.0,269.0,899.627,,,0.7647,0.2353,,True,completed
1160,pkw,1069.0,1219.0,150.0,,895.801,36.0,39.0,111.0,65.453,,,0.26,0.74,,True,completed
1294,pkw,1144.0,1220.0,76.0,,636.273,7.0,7.0,69.0,17.735,,,0.0921,0.9079,,True,completed
832,pkw,895.0,1220.0,325.0,,2120.802,23.0,26.0,299.0,82.616,,,0.08,0.92,,True,completed
844,pkw,902.0,1220.0,318.0,,2249.427,0.0,12.0,306.0,47.737,,,0.0377,0.9623,,True,completed
882,pkw,921.0,1220.0,299.0,,2374.284,29.0,45.0,254.0,71.816,,,0.1505,0.8495,,True,completed
787,pkw,861.0,1221.0,360.0,,2523.848,53.0,114.0,246.0,131.523,,,0.3167,0.6833,,True,completed
1238,pkw,1111.0,1222.0,111.0,,840.155,0.0,0.0,111.0,9.202,,,0.0,1.0,,True,completed
874,pkw,921.0,1223.0,302.0,,2018.672,49.0,75.0,227.0,118.534,,,0.2483,0.7517,,True,completed
933,pkw,945.0,1223.0,278.0,,2191.771,47.0,47.0,231.0,78.025,,,0.1691,0.8309,,True,completed
1068,pkw,1024.0,1224.0,200.0,,1833.28,16.0,16.0,184.0,31.682,,,0.08,0.92,,True,completed
1084,pkw,1032.0,1224.0,192.0,,1895.194,0.0,2.0,190.0,19.184,,,0.0104,0.9896,,True,completed
1145,pkw,1058.0,1224.0,166.0,,1473.392,17.0,17.0,149.0,31.222,,,0.1024,0.8976,,True,completed
876,pkw,924.0,1224.0,300.0,,2025.179,48.0,74.0,226.0,115.236,,,0.2467,0.7533,,True,completed
1007,pkw,990.0,1225.0,235.0,,1690.198,0.0,22.0,213.0,49.203,,,0.0936,0.9064,,True,completed
820,pkw,888.0,1227.0,339.0,,2433.875,6.0,88.0,251.0,117.585,,,0.2596,0.7404,,True,completed
886,pkw,922.0,1227.0,305.0,,2570.941,0.0,34.0,271.0,60.381,,,0.1115,0.8885,,True,completed
857,pkw,909.0,1228.0,319.0,,2127.436,0.0,49.0,270.0,96.256,,,0.1536,0.8464,,True,completed
1004,pkw,989.0,1229.0,240.0,,1973.437,15.0,32.0,208.0,49.368,,,0.1333,0.8667,,True,completed
975,pkw,968.0,1229.0,261.0,,1557.987,66.0,80.0,181.0,110.848,,,0.3065,0.6935,,True,completed
833,pkw,897.0,1230.0,333.0,,2785.102,0.0,18.0,315.0,48.405,,,0.0541,0.9459,,True,completed
1135,pkw,1053.0,1237.0,184.0,,1640.352,1.0,12.0,172.0,35.367,,,0.0652,0.9348,,True,completed
1024,pkw,1000.0,1240.0,240.0,,1832.067,8.0,37.0,203.0,72.965,,,0.1542,0.8458,,True,completed
1170,pkw,1075.0,1240.0,165.0,,1185.254,27.0,30.0,135.0,56.918,,,0.1818,0.8182,,True,completed
470,pkw,639.0,1240.0,601.0,,2224.89,1.0,352.0,249.0,384.811,,,0.5857,0.4143,,True,completed
934,pkw,945.0,1240.0,295.0,,2370.865,7.0,23.0,272.0,58.115,,,0.078,0.922,,True,completed
1048,pkw,1013.0,1244.0,231.0,,1915.081,12.0,25.0,206.0,55.842,,,0.1082,0.8918,,True,completed
1056,pkw,1018.0,1244.0,226.0,,1884.275,14.0,29.0,197.0,54.249,,,0.1283,0.8717,,True,completed
1329,pkw,1160.0,1245.0,85.0,,681.439,8.0,8.0,77.0,21.741,,,0.0941,0.9059,,True,completed
1261,pkw,1124.0,1248.0,124.0,,787.285,33.0,33.0,91.0,50.085,,,0.2661,0.7339,,True,completed
979,pkw,970.0,1248.0,278.0,,2535.549,0.0,15.0,263.0,47.613,,,0.054,0.946,,True,completed
1136,pkw,1054.0,1250.0,196.0,,1309.318,16.0,35.0,161.0,70.65,,,0.1786,0.8214,,True,completed
928,pkw,943.0,1250.0,307.0,,2432.211,1.0,60.0,247.0,77.855,,,0.1954,0.8046,,True,completed
1016,pkw,995.0,1251.0,256.0,,2273.835,22.0,22.0,234.0,48.766,,,0.0859,0.9141,,True,completed
1033,pkw,1005.0,1252.0,247.0,,1973.306,0.0,40.0,207.0,67.731,,,0.1619,0.8381,,True,completed
937,pkw,949.0,1253.0,304.0,,2437.559,0.0,47.0,257.0,74.987,,,0.1546,0.8454,,True,completed
1020,pkw,998.0,1254.0,256.0,,2336.059,0.0,13.0,243.0,36.831,,,0.0508,0.9492,,True,completed
1050,pkw,1014.0,1254.0,240.0,,1838.901,0.0,41.0,199.0,65.436,,,0.1708,0.8292,,True,completed
999,pkw,984.0,1255.0,271.0,,1869.641,0.0,66.0,205.0,95.155,,,0.2435,0.7565,,True,completed
998,pkw,984.0,1257.0,273.0,,2616.465,0.0,6.0,267.0,35.66,,,0.022,0.978,,True,completed
1074,pkw,1028.0,1258.0,230.0,,2064.965,5.0,7.0,223.0,41.328,,,0.0304,0.9696,,True,completed
1174,pkw,1077.0,1260.0,183.0,,1444.733,12.0,12.0,171.0,31.617,,,0.0656,0.9344,,True,completed
1262,pkw,1124.0,1261.0,137.0,,1327.01,0.0,0.0,137.0,15.057,,,0.0,1.0,,True,completed
1330,pkw,1180.0,1263.0,83.0,,571.968,19.0,19.0,64.0,30.522,,,0.2289,0.7711,,True,completed
1198,pkw,1091.0,1265.0,174.0,,1275.699,21.0,21.0,153.0,50.718,,,0.1207,0.8793,,True,completed
1213,pkw,1098.0,1266.0,168.0,,1536.678,8.0,8.0,160.0,25.821,,,0.0476,0.9524,,True,completed
1259,pkw,1123.0,1270.0,147.0,,1135.289,13.0,18.0,129.0,41.421,,,0.1224,0.8776,,True,completed
1374,pkw,1191.0,1270.0,79.0,,671.794,0.0,0.0,79.0,11.54,,,0.0,1.0,,True,completed
1093,pkw,1036.0,1271.0,235.0,,1815.475,0.0,10.0,225.0,41.332,,,0.0426,0.9574,,True,completed
1100,pkw,1039.0,1273.0,234.0,,1810.8,2.0,25.0,209.0,57.482,,,0.1068,0.8932,,True,completed
1157,pkw,1067.0,1277.0,210.0,,2040.423,0.0,12.0,198.0,24.462,,,0.0571,0.9429,,True,completed
847,pkw,904.0,1277.0,373.0,,2130.209,82.0,134.0,239.0,176.869,,,0.3592,0.6408,,True,completed
951,pkw,958.0,1278.0,320.0,,2370.64,25.0,55.0,265.0,98.1,,,0.1719,0.8281,,True,completed
1127,pkw,1050.0,1279.0,229.0,,2093.53,4.0,9.0,220.0,38.627,,,0.0393,0.9607,,True,completed
1372,pkw,1191.0,1280.0,89.0,,687.128,0.0,0.0,89.0,7.557,,,0.0,1.0,,True,completed
1429,pkw,1224.0,1281.0,57.0,,550.668,0.0,0.0,57.0,5.924,,,0.0,1.0,,True,completed
770,pkw,847.0,1281.0,434.0,,1550.92,86.0,223.0,211.0,265.852,,,0.5138,0.4862,,True,completed
1124,pkw,1049.0,1282.0,233.0,,1769.451,3.0,3.0,230.0,26.385,,,0.0129,0.9871,,True,completed
932,pkw,946.0,1282.0,336.0,,2000.658,72.0,95.0,241.0,154.276,,,0.2827,0.7173,,True,completed
1187,pkw,1083.0,1284.0,201.0,,1900.236,3.0,3.0,198.0,17.651,,,0.0149,0.9851,,True,completed
1317,pkw,1151.0,1284.0,133.0,,595.066,48.0,48.0,85.0,63.488,,,0.3609,0.6391,,True,completed
1354,pkw,1178.0,1284.0,106.0,,991.158,6.0,6.0,100.0,15.547,,,0.0566,0.9434,,True,completed
905,pkw,932.0,1285.0,353.0,,1546.779,84.0,174.0,179.0,212.703,,,0.4929,0.5071,,True,completed
1028,pkw,1001.0,1286.0,285.0,,2290.059,14.0,52.0,233.0,67.225,,,0.1825,0.8175,,True,completed
749,pkw,834.0,1286.0,452.0,,2112.7,77.0,162.0,290.0,227.53,,,0.3584,0.6416,,True,completed
1125,pkw,1049.0,1290.0,241.0,,1829.973,12.0,20.0,221.0,60.827,,,0.083,0.917,,True,completed
848,pkw,904.0,1293.0,389.0,,2014.299,82.0,164.0,225.0,196.885,,,0.4216,0.5784,,True,completed
1346,pkw,1169.0,1295.0,126.0,,754.703,43.0,43.0,83.0,54.8,,,0.3413,0.6587,,True,completed
1345,pkw,1169.0,1298.0,129.0,,1106.169,0.0,0.0,129.0,11.635,,,0.0,1.0,,True,completed
182,pkw,321.0,1298.0,977.0,,2336.705,94.0,660.0,317.0,701.891,,,0.6755,0.3245,,True,completed
1306,pkw,1147.0,1299.0,152.0,,1164.968,6.0,17.0,135.0,36.488,,,0.1118,0.8882,,True,completed
1443,pkw,1238.0,1299.0,61.0,,567.218,0.0,0.0,61.0,6.536,,,0.0,1.0,,True,completed
1196,pkw,1088.0,1300.0,212.0,,1644.471,5.0,30.0,182.0,62.422,,,0.1415,0.8585,,True,completed
1305,pkw,1147.0,1300.0,153.0,,1040.924,29.0,29.0,124.0,53.302,,,0.1895,0.8105,,True,completed
1026,pkw,1000.0,1301.0,301.0,,1656.84,39.0,81.0,220.0,129.687,,,0.2691,0.7309,,True,completed
1244,pkw,1112.0,1301.0,189.0,,1526.222,3.0,11.0,178.0,44.161,,,0.0582,0.9418,,True,completed
1303,pkw,1178.0,1301.0,123.0,,945.781,8.0,8.0,115.0,35.222,,,0.065,0.935,,True,completed
1164,pkw,1072.0,1302.0,230.0,,1911.636,31.0,31.0,199.0,53.132,,,0.1348,0.8652,,True,completed
955,pkw,959.0,1302.0,343.0,,2052.289,36.0,66.0,277.0,123.506,,,0.1924,0.8076,,True,completed
1365,pkw,1187.0,1304.0,117.0,,730.961,27.0,27.0,90.0,45.912,,,0.2308,0.7692,,True,completed
823,pkw,890.0,1304.0,414.0,,2043.957,13.0,183.0,231.0,223.805,,,0.442,0.558,,True,completed
1171,pkw,1075.0,1307.0,232.0,,1700.408,1.0,1.0,231.0,22.562,,,0.0043,0.9957,,True,completed
1444,pkw,1238.0,1308.0,70.0,,476.094,19.0,19.0,51.0,26.151,,,0.2714,0.7286,,True,completed
1217,pkw,1102.0,1309.0,207.0,,1528.665,14.0,51.0,156.0,68.419,,,0.2464,0.7536,,True,completed
472,pkw,640.0,1309.0,669.0,,2871.787,7.0,349.0,320.0,408.31,,,0.5217,0.4783,,True,completed
983,pkw,973.0,1309.0,336.0,,2584.515,13.0,43.0,293.0,85.873,,,0.128,0.872,,True,completed
1291,pkw,1141.0,1310.0,169.0,,1326.47,16.0,18.0,151.0,45.944,,,0.1065,0.8935,,True,completed
1229,pkw,1108.0,1311.0,203.0,,1219.33,36.0,38.0,165.0,77.691,,,0.1872,0.8128,,True,completed
1235,pkw,1112.0,1312.0,200.0,,1210.569,35.0,35.0,165.0,76.68,,,0.175,0.825,,True,completed
1189,pkw,1084.0,1314.0,230.0,,1912.764,5.0,29.0,201.0,55.27,,,0.1261,0.8739,,True,completed
1420,pkw,1220.0,1316.0,96.0,,737.008,12.0,13.0,83.0,27.707,,,0.1354,0.8646,,True,completed
1480,pkw,1274.0,1316.0,42.0,,373.678,0.0,0.0,42.0,3.223,,,0.0,1.0,,True,completed
846,pkw,903.0,1316.0,413.0,,2031.174,56.0,162.0,251.0,214.894,,,0.3923,0.6077,,True,completed
896,pkw,927.0,1317.0,390.0,,2410.425,60.0,130.0,260.0,171.48,,,0.3333,0.6667,,True,completed
873,pkw,915.0,1321.0,406.0,,2528.257,53.0,146.0,260.0,177.083,,,0.3596,0.6404,,True,completed
1179,pkw,1080.0,1322.0,242.0,,1866.923,10.0,35.0,207.0,71.985,,,0.1446,0.8554,,True,completed
1099,pkw,1038.0,1323.0,285.0,,1712.264,53.0,87.0,198.0,126.281,,,0.3053,0.6947,,True,completed
970,pkw,965.0,1325.0,360.0,,1308.308,35.0,160.0,200.0,212.479,,,0.4444,0.5556,,True,completed
1002,pkw,987.0,1327.0,340.0,,2514.211,64.0,74.0,266.0,109.843,,,0.2176,0.7824,,True,completed
1271,pkw,1130.0,1327.0,197.0,,730.153,85.0,112.0,85.0,130.286,,,0.5685,0.4315,,True,completed
1167,pkw,1073.0,1328.0,255.0,,2132.718,12.0,24.0,231.0,57.453,,,0.0941,0.9059,,True,completed
1251,pkw,1118.0,1328.0,210.0,,1685.534,19.0,25.0,185.0,54.577,,,0.119,0.881,,True,completed
1384,pkw,1198.0,1331.0,133.0,,496.963,63.0,65.0,68.0,87.273,,,0.4887,0.5113,,True,completed
288,pkw,469.0,1331.0,862.0,,2210.773,0.0,602.0,260.0,631.831,,,0.6984,0.3016,,True,completed
822,pkw,890.0,1332.0,442.0,,2961.198,31.0,64.0,378.0,127.041,,,0.1448,0.8552,,True,completed
1248,pkw,1116.0,1333.0,217.0,,1528.784,22.0,37.0,180.0,71.649,,,0.1705,0.8295,,True,completed
1387,pkw,1199.0,1333.0,134.0,,976.222,19.0,19.0,115.0,44.056,,,0.1418,0.8582,,True,completed
1241,pkw,1112.0,1334.0,222.0,,647.708,81.0,110.0,112.0,151.886,,,0.4955,0.5045,,True,completed
1424,pkw,1221.0,1335.0,114.0,,987.806,9.0,9.0,105.0,23.594,,,0.0789,0.9211,,True,completed
1019,pkw,998.0,1336.0,338.0,,2704.136,0.0,37.0,301.0,82.335,,,0.1095,0.8905,,True,completed
1070,pkw,1024.0,1336.0,312.0,,2440.527,6.0,55.0,257.0,90.753,,,0.1763,0.8237,,True,completed
1207,pkw,1095.0,1336.0,241.0,,1897.385,22.0,40.0,201.0,62.033,,,0.166,0.834,,True,completed
913,pkw,936.0,1336.0,400.0,,2646.281,39.0,120.0,280.0,159.438,,,0.3,0.7,,True,completed
1060,pkw,1020.0,1337.0,317.0,,2171.377,51.0,88.0,229.0,120.242,,,0.2776,0.7224,,True,completed
391,pkw,743.0,1337.0,594.0,,1341.004,30.0,441.0,153.0,472.309,,,0.7424,0.2576,,True,completed
1471,pkw,1267.0,1338.0,71.0,,680.126,0.0,0.0,71.0,7.995,,,0.0,1.0,,True,completed
961,pkw,963.0,1338.0,375.0,,2391.588,49.0,104.0,271.0,156.767,,,0.2773,0.7227,,True,completed
1144,pkw,1058.0,1340.0,282.0,,2078.129,10.0,62.0,220.0,90.963,,,0.2199,0.7801,,True,completed
1212,pkw,1098.0,1342.0,244.0,,2350.045,0.0,1.0,243.0,26.221,,,0.0041,0.9959,,True,completed
1253,pkw,1140.0,1342.0,202.0,,1453.096,0.0,39.0,163.0,65.968,,,0.1931,0.8069,,True,completed
1321,pkw,1156.0,1342.0,186.0,,1768.572,0.0,9.0,177.0,23.499,,,0.0484,0.9516,,True,completed
1153,pkw,1066.0,1343.0,277.0,,1968.038,2.0,46.0,231.0,91.873,,,0.1661,0.8339,,True,completed
1277,pkw,1133.0,1343.0,210.0,,1945.099,15.0,15.0,195.0,33.011,,,0.0714,0.9286,,True,completed
1112,pkw,1044.0,1345.0,301.0,,2341.008,0.0,25.0,276.0,71.363,,,0.0831,0.9169,,True,completed
1176,pkw,1078.0,1345.0,267.0,,2358.714,4.0,23.0,244.0,49.322,,,0.0861,0.9139,,True,completed
1270,pkw,1130.0,1347.0,217.0,,1882.134,4.0,15.0,202.0,44.474,,,0.0691,0.9309,,True,completed
1362,pkw,1186.0,1347.0,161.0,,1084.389,1.0,1.0,160.0,30.304,,,0.0062,0.9938,,True,completed
1206,pkw,1095.0,1349.0,254.0,,1501.013,60.0,70.0,184.0,115.019,,,0.2756,0.7244,,True,completed
1168,pkw,1074.0,1352.0,278.0,,2452.175,0.0,22.0,256.0,44.93,,,0.0791,0.9209,,True,completed
1163,pkw,1071.0,1354.0,283.0,,1883.346,60.0,66.0,217.0,104.643,,,0.2332,0.7668,,True,completed
1228,pkw,1107.0,1354.0,247.0,,1315.081,52.0,93.0,154.0,122.649,,,0.3765,0.6235,,True,completed
1286,pkw,1140.0,1354.0,214.0,,1408.644,19.0,31.0,183.0,69.132,,,0.1449,0.8551,,True,completed
1336,pkw,1164.0,1355.0,191.0,,1503.786,10.0,17.0,174.0,45.124,,,0.089,0.911,,True,completed
1430,pkw,1225.0,1355.0,130.0,,1018.095,5.0,7.0,123.0,36.224,,,0.0538,0.9462,,True,completed
1096,pkw,1037.0,1356.0,319.0,,2471.333,51.0,59.0,260.0,87.034,,,0.185,0.815,,True,completed
1266,pkw,1127.0,1357.0,230.0,,1475.754,37.0,41.0,189.0,70.064,,,0.1783,0.8217,,True,completed
1295,pkw,1144.0,1359.0,215.0,,1666.472,20.0,27.0,188.0,62.515,,,0.1256,0.8744,,True,completed
1012,pkw,991.0,1360.0,369.0,,2153.953,24.0,113.0,256.0,163.704,,,0.3062,0.6938,,True,completed
1274,pkw,1132.0,1363.0,231.0,,1639.174,1.0,17.0,214.0,76.884,,,0.0736,0.9264,,True,completed
1067,pkw,1024.0,1364.0,340.0,,1936.805,60.0,108.0,232.0,156.457,,,0.3176,0.6824,,True,completed
1103,pkw,1040.0,1365.0,325.0,,2453.264,43.0,64.0,261.0,102.613,,,0.1969,0.8031,,True,completed
466,pkw,638.0,1365.0,727.0,,1641.06,94.0,461.0,266.0,505.596,,,0.6341,0.3659,,True,completed
1158,pkw,1068.0,1367.0,299.0,,1910.895,43.0,84.0,215.0,113.792,,,0.2809,0.7191,,True,completed
1219,pkw,1102.0,1367.0,265.0,,1882.594,30.0,44.0,221.0,79.394,,,0.166,0.834,,True,completed
1129,pkw,1051.0,1369.0,318.0,,1878.993,50.0,57.0,261.0,111.635,,,0.1792,0.8208,,True,completed
1195,pkw,1088.0,1369.0,281.0,,1642.416,50.0,85.0,196.0,131.111,,,0.3025,0.6975,,True,completed
742,pkw,831.0,1369.0,538.0,,1560.892,65.0,300.0,238.0,318.542,,,0.5576,0.4424,,True,completed
1406,pkw,1213.0,1371.0,158.0,,1462.123,0.0,0.0,158.0,16.922,,,0.0,1.0,,True,completed
1432,pkw,1228.0,1372.0,144.0,,1043.157,5.0,5.0,139.0,21.893,,,0.0347,0.9653,,True,completed
1121,pkw,1049.0,1373.0,324.0,,2019.334,53.0,104.0,220.0,140.604,,,0.321,0.679,,True,completed
785,pkw,858.0,1373.0,515.0,,2417.724,0.0,214.0,301.0,278.797,,,0.4155,0.5845,,True,completed
1149,pkw,1063.0,1375.0,312.0,,2594.22,7.0,29.0,283.0,70.605,,,0.0929,0.9071,,True,completed
1457,pkw,1249.0,1376.0,127.0,,1139.937,6.0,6.0,121.0,19.447,,,0.0472,0.9528,,True,completed
1148,pkw,1062.0,1377.0,315.0,,2130.601,47.0,75.0,240.0,119.823,,,0.2381,0.7619,,True,completed
1479,pkw,1273.0,1377.0,104.0,,824.75,4.0,4.0,100.0,18.391,,,0.0385,0.9615,,True,completed
1398,pkw,1205.0,1378.0,173.0,,1693.084,0.0,0.0,173.0,16.223,,,0.0,1.0,,True,completed
1403,pkw,1210.0,1379.0,169.0,,1302.026,4.0,4.0,165.0,23.775,,,0.0237,0.9763,,True,completed
865,pkw,913.0,1380.0,467.0,,2286.058,69.0,170.0,297.0,253.343,,,0.364,0.636,,True,completed
1021,pkw,998.0,1381.0,383.0,,2089.084,0.0,118.0,265.0,152.972,,,0.3081,0.6919,,True,completed
1062,pkw,1021.0,1383.0,362.0,,2848.464,0.0,46.0,316.0,96.792,,,0.1271,0.8729,,True,completed
1117,pkw,1047.0,1383.0,336.0,,2159.366,29.0,89.0,247.0,123.939,,,0.2649,0.7351,,True,completed
1150,pkw,1065.0,1383.0,318.0,,1627.702,68.0,117.0,201.0,161.306,,,0.3679,0.6321,,True,completed
1280,pkw,1134.0,1383.0,249.0,,1567.298,71.0,78.0,171.0,105.875,,,0.3133,0.6867,,True,completed
1267,pkw,1128.0,1384.0,256.0,,2139.112,21.0,31.0,225.0,61.342,,,0.1211,0.8789,,True,completed
1426,pkw,1222.0,1384.0,162.0,,840.0,51.0,55.0,107.0,82.154,,,0.3395,0.6605,,True,completed
1332,pkw,1161.0,1385.0,224.0,,1493.999,5.0,52.0,172.0,80.846,,,0.2321,0.7679,,True,completed
1408,pkw,1213.0,1387.0,174.0,,1423.62,4.0,15.0,159.0,40.184,,,0.0862,0.9138,,True,completed
1269,pkw,1129.0,1388.0,259.0,,1903.62,4.0,40.0,219.0,75.908,,,0.1544,0.8456,,True,completed
1197,pkw,1089.0,1389.0,300.0,,2289.376,12.0,35.0,265.0,87.18,,,0.1167,0.8833,,True,completed
1065,pkw,1022.0,1395.0,373.0,,2747.531,16.0,48.0,325.0,109.565,,,0.1287,0.8713,,True,completed
1360,pkw,1197.0,1395.0,198.0,,1596.587,0.0,4.0,194.0,37.956,,,0.0202,0.9798,,True,completed
783,pkw,856.0,1395.0,539.0,,2976.784,0.0,172.0,367.0,225.061,,,0.3191,0.6809,,True,completed
1232,pkw,1109.0,1396.0,287.0,,1877.653,26.0,26.0,261.0,79.212,,,0.0906,0.9094,,True,completed
1222,pkw,1104.0,1397.0,293.0,,2216.325,15.0,38.0,255.0,87.467,,,0.1297,0.8703,,True,completed
1576,pkw,1353.0,1399.0,46.0,,181.795,14.0,14.0,32.0,27.705,,,0.3043,0.6957,,True,completed
1204,pkw,1093.0,1400.0,307.0,,2597.748,0.0,45.0,262.0,71.659,,,0.1466,0.8534,,True,completed
1173,pkw,1076.0,1401.0,325.0,,2267.914,36.0,74.0,251.0,118.106,,,0.2277,0.7723,,True,completed
1369,pkw,1190.0,1402.0,212.0,,1169.64,32.0,64.0,148.0,103.299,,,0.3019,0.6981,,True,completed
1451,pkw,1243.0,1402.0,159.0,,1541.053,0.0,0.0,159.0,13.629,,,0.0,1.0,,True,completed
1450,pkw,1243.0,1404.0,161.0,,1070.252,21.0,40.0,121.0,63.083,,,0.2484,0.7516,,True,completed
1283,pkw,1137.0,1407.0,270.0,,1492.435,29.0,84.0,186.0,128.274,,,0.3111,0.6889,,True,completed
1315,pkw,1151.0,1408.0,257.0,,1845.86,31.0,42.0,215.0,79.015,,,0.1634,0.8366,,True,completed
1181,pkw,1081.0,1409.0,328.0,,2147.211,13.0,92.0,236.0,129.644,,,0.2805,0.7195,,True,completed
1393,pkw,1202.0,1410.0,208.0,,1661.197,0.0,16.0,192.0,43.601,,,0.0769,0.9231,,True,completed
1399,pkw,1207.0,1410.0,203.0,,1680.521,10.0,22.0,181.0,50.256,,,0.1084,0.8916,,True,completed
1154,pkw,1066.0,1412.0,346.0,,2577.571,5.0,25.0,321.0,72.162,,,0.0723,0.9277,,True,completed
1199,pkw,1091.0,1413.0,322.0,,2163.116,48.0,81.0,241.0,125.826,,,0.2516,0.7484,,True,completed
1355,pkw,1179.0,1414.0,235.0,,2207.97,0.0,3.0,232.0,28.437,,,0.0128,0.9872,,True,completed
1142,pkw,1055.0,1417.0,362.0,,2833.211,8.0,63.0,299.0,102.205,,,0.174,0.826,,True,completed
1146,pkw,1058.0,1417.0,359.0,,1793.685,13.0,140.0,219.0,185.064,,,0.39,0.61,,True,completed
1452,pkw,1243.0,1417.0,174.0,,1436.764,0.0,20.0,154.0,34.339,,,0.1149,0.8851,,True,completed
1601,pkw,1372.0,1417.0,45.0,,468.477,0.0,0.0,45.0,1.837,,,0.0,1.0,,True,completed
1555,pkw,1339.0,1418.0,79.0,,821.682,0.0,0.0,79.0,3.776,,,0.0,1.0,,True,completed
1300,pkw,1146.0,1419.0,273.0,,2619.572,10.0,10.0,263.0,34.769,,,0.0366,0.9634,,True,completed
1419,pkw,1219.0,1421.0,202.0,,1613.272,15.0,15.0,187.0,55.48,,,0.0743,0.9257,,True,completed
1454,pkw,1245.0,1421.0,176.0,,1585.388,2.0,4.0,172.0,30.697,,,0.0227,0.9773,,True,completed
1223,pkw,1105.0,1427.0,322.0,,2270.832,0.0,43.0,279.0,77.32,,,0.1335,0.8665,,True,completed
1504,pkw,1304.0,1427.0,123.0,,680.848,14.0,37.0,86.0,44.733,,,0.3008,0.6992,,True,completed
1214,pkw,1098.0,1428.0,330.0,,2041.504,0.0,104.0,226.0,136.505,,,0.3152,0.6848,,True,completed
1030,pkw,1002.0,1429.0,427.0,,2679.148,24.0,117.0,310.0,175.25,,,0.274,0.726,,True,completed
1288,pkw,1140.0,1429.0,289.0,,2747.613,6.0,7.0,282.0,36.236,,,0.0242,0.9758,,True,completed
1570,pkw,1348.0,1429.0,81.0,,429.8,20.0,21.0,60.0,41.318,,,0.2593,0.7407,,True,completed
1517,pkw,1309.0,1430.0,121.0,,1073.088,9.0,9.0,112.0,21.481,,,0.0744,0.9256,,True,completed
1076,pkw,1029.0,1432.0,403.0,,2738.446,22.0,89.0,314.0,145.074,,,0.2208,0.7792,,True,completed
1208,pkw,1095.0,1433.0,338.0,,2354.733,29.0,76.0,262.0,124.387,,,0.2249,0.7751,,True,completed
1357,pkw,1181.0,1433.0,252.0,,2622.671,0.0,0.0,252.0,14.264,,,0.0,1.0,,True,completed
1337,pkw,1164.0,1435.0,271.0,,1681.326,7.0,95.0,176.0,117.59,,,0.3506,0.6494,,True,completed
1520,pkw,1310.0,1437.0,127.0,,1278.414,0.0,0.0,127.0,7.917,,,0.0,1.0,,True,completed
1375,pkw,1191.0,1440.0,249.0,,1412.595,10.0,55.0,194.0,104.975,,,0.2209,0.7791,,True,completed
1523,pkw,1312.0,1440.0,128.0,,910.937,10.0,15.0,113.0,36.884,,,0.1172,0.8828,,True,completed
1169,pkw,1075.0,1444.0,369.0,,1882.799,66.0,150.0,219.0,196.57,,,0.4065,0.5935,,True,completed
1530,pkw,1318.0,1444.0,126.0,,889.7,11.0,11.0,115.0,38.285,,,0.0873,0.9127,,True,completed
1574,pkw,1352.0,1446.0,94.0,,738.437,14.0,14.0,80.0,26.54,,,0.1489,0.8511,,True,completed
1538,pkw,1333.0,1447.0,114.0,,807.257,14.0,14.0,100.0,32.044,,,0.1228,0.8772,,True,completed
1318,pkw,1152.0,1448.0,296.0,,1722.692,22.0,72.0,224.0,133.04,,,0.2432,0.7568,,True,completed
1313,pkw,1151.0,1449.0,298.0,,2210.353,10.0,51.0,247.0,87.505,,,0.1711,0.8289,,True,completed
442,pkw,636.0,1449.0,813.0,,2347.863,80.0,501.0,312.0,528.812,,,0.6162,0.3838,,True,completed
745,pkw,831.0,1449.0,618.0,,2240.85,56.0,357.0,261.0,411.604,,,0.5777,0.4223,,True,completed
1489,pkw,1284.0,1450.0,166.0,,904.444,44.0,64.0,102.0,82.584,,,0.3855,0.6145,,True,completed
1502,pkw,1292.0,1451.0,159.0,,975.249,19.0,41.0,118.0,60.34,,,0.2579,0.7421,,True,completed
703,pkw,803.0,1452.0,649.0,,2995.349,22.0,341.0,308.0,376.811,,,0.5254,0.4746,,True,completed
1239,pkw,1111.0,1454.0,343.0,,1791.423,0.0,127.0,216.0,162.998,,,0.3703,0.6297,,True,completed
1591,pkw,1368.0,1456.0,88.0,,749.421,7.0,7.0,81.0,18.339,,,0.0795,0.9205,,True,completed
1296,pkw,1144.0,1457.0,313.0,,1562.376,70.0,140.0,173.0,170.071,,,0.4473,0.5527,,True,completed
1595,pkw,1370.0,1457.0,87.0,,746.986,6.0,6.0,81.0,17.536,,,0.069,0.931,,True,completed
1539,pkw,1327.0,1458.0,131.0,,936.453,22.0,26.0,105.0,36.215,,,0.1985,0.8015,,True,completed
1250,pkw,1117.0,1460.0,343.0,,2362.46,35.0,86.0,257.0,128.865,,,0.2507,0.7493,,True,completed
1319,pkw,1154.0,1460.0,306.0,,2582.877,0.0,0.0,306.0,27.429,,,0.0,1.0,,True,completed
1476,pkw,1272.0,1460.0,188.0,,1721.714,9.0,9.0,179.0,29.506,,,0.0479,0.9521,,True,completed
1376,pkw,1191.0,1462.0,271.0,,2239.441,6.0,18.0,253.0,49.652,,,0.0664,0.9336,,True,completed
1379,pkw,1193.0,1463.0,270.0,,2296.82,11.0,35.0,235.0,52.148,,,0.1296,0.8704,,True,completed
1448,pkw,1241.0,1464.0,223.0,,2067.491,0.0,8.0,215.0,30.313,,,0.0359,0.9641,,True,completed
1459,pkw,1251.0,1464.0,213.0,,1810.577,0.0,16.0,197.0,43.432,,,0.0751,0.9249,,True,completed
1427,pkw,1236.0,1465.0,229.0,,2018.937,5.0,6.0,223.0,43.697,,,0.0262,0.9738,,True,completed
1560,pkw,1342.0,1466.0,124.0,,1153.631,0.0,10.0,114.0,18.515,,,0.0806,0.9194,,True,completed
1428,pkw,1224.0,1469.0,245.0,,1400.965,33.0,71.0,174.0,104.936,,,0.2898,0.7102,,True,completed
1242,pkw,1112.0,1471.0,359.0,,1977.591,0.0,95.0,264.0,133.85,,,0.2646,0.7354,,True,completed
1431,pkw,1227.0,1473.0,246.0,,1917.098,1.0,16.0,230.0,65.082,,,0.065,0.935,,True,completed
1485,pkw,1281.0,1473.0,192.0,,1394.865,42.0,42.0,150.0,63.964,,,0.2188,0.7812,,True,completed
1565,pkw,1345.0,1473.0,128.0,,983.005,12.0,12.0,116.0,25.126,,,0.0938,0.9062,,True,completed
1342,pkw,1167.0,1474.0,307.0,,2080.88,30.0,78.0,229.0,117.573,,,0.2541,0.7459,,True,completed
1407,pkw,1213.0,1475.0,262.0,,2257.906,0.0,32.0,230.0,56.739,,,0.1221,0.8779,,True,completed
1353,pkw,1177.0,1477.0,300.0,,2328.878,30.0,32.0,268.0,75.54,,,0.1067,0.8933,,True,completed
1088,pkw,1035.0,1478.0,443.0,,2903.463,0.0,59.0,384.0,123.523,,,0.1332,0.8668,,True,completed
1388,pkw,1201.0,1478.0,277.0,,2021.293,15.0,35.0,242.0,87.393,,,0.1264,0.8736,,True,completed
1421,pkw,1220.0,1478.0,258.0,,2004.054,9.0,9.0,249.0,34.915,,,0.0349,0.9651,,True,completed
240,pkw,408.0,1481.0,1073.0,,2332.439,65.0,781.0,292.0,847.91,,,0.7279,0.2721,,True,completed
1331,pkw,1161.0,1482.0,321.0,,2115.957,24.0,30.0,291.0,76.526,,,0.0935,0.9065,,True,completed
1382,pkw,1195.0,1482.0,287.0,,2129.186,6.0,6.0,281.0,35.804,,,0.0209,0.9791,,True,completed
1493,pkw,1286.0,1483.0,197.0,,1825.6,0.0,4.0,193.0,29.958,,,0.0203,0.9797,,True,completed
1634,pkw,1398.0,1484.0,86.0,,738.345,2.0,2.0,84.0,13.181,,,0.0233,0.9767,,True,completed
845,pkw,903.0,1484.0,581.0,,2181.431,67.0,309.0,272.0,378.719,,,0.5318,0.4682,,True,completed
1435,pkw,1232.0,1485.0,253.0,,1717.094,22.0,45.0,208.0,96.665,,,0.1779,0.8221,,True,completed
1397,pkw,1204.0,1487.0,283.0,,2587.163,0.0,0.0,283.0,23.305,,,0.0,1.0,,True,completed
1472,pkw,1267.0,1487.0,220.0,,1680.394,20.0,29.0,191.0,67.763,,,0.1318,0.8682,,True,completed
1515,pkw,1308.0,1487.0,179.0,,962.178,34.0,45.0,134.0,78.348,,,0.2514,0.7486,,True,completed
943,pkw,951.0,1487.0,536.0,,2532.733,63.0,227.0,309.0,297.148,,,0.4235,0.5765,,True,completed
1177,pkw,1080.0,1489.0,409.0,,2248.45,17.0,67.0,342.0,113.694,,,0.1638,0.8362,,True,completed
1405,pkw,1212.0,1489.0,277.0,,1968.171,27.0,49.0,228.0,96.043,,,0.1769,0.8231,,True,completed
1469,pkw,1265.0,1489.0,224.0,,953.513,25.0,83.0,141.0,125.821,,,0.3705,0.6295,,True,completed
1581,pkw,1356.0,1489.0,133.0,,536.877,44.0,54.0,79.0,82.886,,,0.406,0.594,,True,completed
1496,pkw,1289.0,1492.0,203.0,,1918.802,5.0,6.0,197.0,28.868,,,0.0296,0.9704,,True,completed
895,pkw,927.0,1496.0,569.0,,2641.402,0.0,308.0,261.0,328.157,,,0.5413,0.4587,,True,completed
1524,pkw,1314.0,1499.0,185.0,,1845.056,0.0,0.0,185.0,13.451,,,0.0,1.0,,True,completed
157,pkw,294.0,1499.0,1205.0,,1832.22,100.0,1018.0,187.0,1029.46,,,0.8448,0.1552,,True,completed
1609,pkw,1381.0,1499.0,118.0,,1058.606,0.0,0.0,118.0,15.525,,,0.0,1.0,,True,completed
1663,pkw,1425.0,1502.0,77.0,,551.331,12.0,12.0,65.0,26.38,,,0.1558,0.8442,,True,completed
1191,pkw,1085.0,1503.0,418.0,,2227.091,86.0,175.0,243.0,214.463,,,0.4187,0.5813,,True,completed
1460,pkw,1251.0,1503.0,252.0,,1820.67,4.0,23.0,229.0,46.465,,,0.0913,0.9087,,True,completed
1285,pkw,1139.0,1505.0,366.0,,2210.453,11.0,96.0,270.0,155.886,,,0.2623,0.7377,,True,completed
1654,pkw,1415.0,1512.0,97.0,,889.648,2.0,2.0,95.0,12.466,,,0.0206,0.9794,,True,completed
1156,pkw,1067.0,1516.0,449.0,,2740.807,22.0,149.0,300.0,193.92,,,0.3318,0.6682,,True,completed
1486,pkw,1282.0,1518.0,236.0,,1957.438,11.0,25.0,211.0,47.434,,,0.1059,0.8941,,True,completed
1664,pkw,1425.0,1518.0,93.0,,695.901,16.0,16.0,77.0,18.939,,,0.172,0.828,,True,completed
1675,pkw,1434.0,1522.0,88.0,,877.312,0.0,0.0,88.0,7.699,,,0.0,1.0,,True,completed
1687,pkw,1444.0,1525.0,81.0,,636.716,5.0,5.0,76.0,22.695,,,0.0617,0.9383,,True,completed
1536,pkw,1322.0,1529.0,207.0,,1264.794,54.0,71.0,136.0,91.155,,,0.343,0.657,,True,completed
1629,pkw,1395.0,1529.0,134.0,,1122.306,0.0,0.0,134.0,15.523,,,0.0,1.0,,True,completed
1698,pkw,1449.0,1529.0,80.0,,413.207,30.0,30.0,50.0,41.811,,,0.375,0.625,,True,completed
394,pkw,1044.0,1529.0,485.0,,1635.836,19.0,320.0,165.0,328.257,,,0.6598,0.3402,,True,completed
1602,pkw,1373.0,1532.0,159.0,,1051.849,47.0,47.0,112.0,61.086,,,0.2956,0.7044,,True,completed
1260,pkw,1123.0,1533.0,410.0,,2160.101,62.0,115.0,295.0,197.823,,,0.2805,0.7195,,True,completed
1361,pkw,1183.0,1533.0,350.0,,2669.531,0.0,70.0,280.0,106.855,,,0.2,0.8,,True,completed
1091,pkw,1035.0,1535.0,500.0,,1631.098,97.0,306.0,194.0,342.639,,,0.612,0.388,,True,completed
1386,pkw,1199.0,1535.0,336.0,,1586.913,97.0,141.0,195.0,177.261,,,0.4196,0.5804,,True,completed
1579,pkw,1355.0,1536.0,181.0,,1490.115,4.0,6.0,175.0,28.653,,,0.0331,0.9669,,True,completed
1279,pkw,1134.0,1537.0,403.0,,2109.172,51.0,132.0,271.0,184.198,,,0.3275,0.6725,,True,completed
38,pkw,65.0,1537.0,1472.0,,1809.049,4.0,1242.0,230.0,1285.341,,,0.8438,0.1562,,True,completed
1402,pkw,1209.0,1538.0,329.0,,2127.964,0.0,51.0,278.0,102.717,,,0.155,0.845,,True,completed
1069,pkw,1024.0,1540.0,516.0,,2218.026,91.0,270.0,246.0,313.149,,,0.5233,0.4767,,True,completed
1132,pkw,1054.0,1540.0,486.0,,2960.774,49.0,113.0,373.0,182.15,,,0.2325,0.7675,,True,completed
1685,pkw,1442.0,1541.0,99.0,,988.49,0.0,0.0,99.0,7.879,,,0.0,1.0,,True,completed
1470,pkw,1265.0,1542.0,277.0,,1309.613,43.0,91.0,186.0,133.612,,,0.3285,0.6715,,True,completed
1396,pkw,1204.0,1544.0,340.0,,2110.902,10.0,78.0,262.0,128.63,,,0.2294,0.7706,,True,completed
1540,pkw,1328.0,1545.0,217.0,,1887.597,0.0,0.0,217.0,20.347,,,0.0,1.0,,True,completed
1304,pkw,1147.0,1547.0,400.0,,1554.533,87.0,218.0,182.0,257.517,,,0.545,0.455,,True,completed
1324,pkw,1156.0,1547.0,391.0,,2780.213,22.0,102.0,289.0,138.621,,,0.2609,0.7391,,True,completed
1589,pkw,1366.0,1550.0,184.0,,1657.445,0.0,0.0,184.0,12.705,,,0.0,1.0,,True,completed
1702,pkw,1451.0,1550.0,99.0,,591.059,27.0,27.0,72.0,43.369,,,0.2727,0.7273,,True,completed
491,pkw,659.0,1550.0,891.0,,669.663,71.0,795.0,96.0,824.838,,,0.8923,0.1077,,True,completed
1557,pkw,1340.0,1551.0,211.0,,1974.912,8.0,8.0,203.0,29.035,,,0.0379,0.9621,,True,completed
1666,pkw,1427.0,1551.0,124.0,,1042.628,4.0,4.0,120.0,22.883,,,0.0323,0.9677,,True,completed
1710,pkw,1456.0,1551.0,95.0,,642.776,29.0,29.0,66.0,35.945,,,0.3053,0.6947,,True,completed
1566,pkw,1347.0,1552.0,205.0,,2077.197,0.0,0.0,205.0,14.26,,,0.0,1.0,,True,completed
1526,pkw,1316.0,1554.0,238.0,,2123.965,1.0,8.0,230.0,35.881,,,0.0336,0.9664,,True,completed
1578,pkw,1354.0,1554.0,200.0,,1733.871,1.0,19.0,181.0,41.015,,,0.095,0.905,,True,completed
1640,pkw,1405.0,1558.0,153.0,,1416.456,1.0,4.0,149.0,22.342,,,0.0261,0.9739,,True,completed
789,pkw,862.0,1558.0,696.0,,648.865,67.0,614.0,82.0,637.918,,,0.8822,0.1178,,True,completed
1598,pkw,1371.0,1560.0,189.0,,1537.135,2.0,8.0,181.0,29.043,,,0.0423,0.9577,,True,completed
590,pkw,729.0,1564.0,835.0,,663.905,59.0,740.0,95.0,774.248,,,0.8862,0.1138,,True,completed
1193,pkw,1087.0,1565.0,478.0,,2014.635,67.0,241.0,237.0,279.828,,,0.5042,0.4958,,True,completed
1509,pkw,1301.0,1566.0,265.0,,1461.42,92.0,109.0,156.0,131.724,,,0.4113,0.5887,,True,completed
1577,pkw,1353.0,1566.0,213.0,,1638.184,22.0,33.0,180.0,64.265,,,0.1549,0.8451,,True,completed
1586,pkw,1365.0,1566.0,201.0,,1627.526,14.0,21.0,180.0,44.667,,,0.1045,0.8955,,True,completed
1484,pkw,1280.0,1567.0,287.0,,1996.067,20.0,63.0,224.0,90.309,,,0.2195,0.7805,,True,completed
1661,pkw,1423.0,1567.0,144.0,,1127.291,4.0,21.0,123.0,38.715,,,0.1458,0.8542,,True,completed
1760,pkw,1507.0,1567.0,60.0,,530.127,1.0,1.0,59.0,9.685,,,0.0167,0.9833,,True,completed
1649,pkw,1412.0,1568.0,156.0,,644.864,29.0,61.0,95.0,79.264,,,0.391,0.609,,True,completed
1445,pkw,1239.0,1571.0,332.0,,2053.692,20.0,87.0,245.0,133.933,,,0.262,0.738,,True,completed
1525,pkw,1316.0,1571.0,255.0,,2186.117,0.0,19.0,236.0,38.731,,,0.0745,0.9255,,True,completed
1463,pkw,1255.0,1572.0,317.0,,1969.944,21.0,76.0,241.0,125.689,,,0.2397,0.7603,,True,completed
1133,pkw,1053.0,1574.0,521.0,,2520.704,57.0,248.0,273.0,292.549,,,0.476,0.524,,True,completed
1343,pkw,1167.0,1575.0,408.0,,2632.724,15.0,92.0,316.0,146.591,,,0.2255,0.7745,,True,completed
1571,pkw,1349.0,1575.0,226.0,,1824.123,2.0,12.0,214.0,46.16,,,0.0531,0.9469,,True,completed
1411,pkw,1215.0,1576.0,361.0,,2816.107,2.0,6.0,355.0,61.982,,,0.0166,0.9834,,True,completed
1567,pkw,1347.0,1577.0,230.0,,1822.329,0.0,0.0,230.0,19.866,,,0.0,1.0,,True,completed
1683,pkw,1440.0,1579.0,139.0,,1318.693,0.0,1.0,138.0,18.595,,,0.0072,0.9928,,True,completed
1434,pkw,1232.0,1581.0,349.0,,2408.508,17.0,73.0,276.0,123.943,,,0.2092,0.7908,,True,completed
1784,pkw,1533.0,1585.0,52.0,,443.64,2.0,2.0,50.0,11.072,,,0.0385,0.9615,,True,completed
1367,pkw,1188.0,1587.0,399.0,,2439.161,6.0,152.0,247.0,177.912,,,0.381,0.619,,True,completed
1600,pkw,1373.0,1587.0,214.0,,1589.987,33.0,43.0,171.0,69.213,,,0.2009,0.7991,,True,completed
1594,pkw,1369.0,1588.0,219.0,,1618.093,54.0,54.0,165.0,72.141,,,0.2466,0.7534,,True,completed
1380,pkw,1194.0,1589.0,395.0,,2201.633,42.0,162.0,233.0,194.429,,,0.4101,0.5899,,True,completed
1656,pkw,1417.0,1589.0,172.0,,1772.583,0.0,0.0,172.0,9.234,,,0.0,1.0,,True,completed
1519,pkw,1310.0,1590.0,280.0,,1948.757,61.0,73.0,207.0,101.442,,,0.2607,0.7393,,True,completed
1635,pkw,1399.0,1590.0,191.0,,1849.488,0.0,7.0,184.0,21.359,,,0.0366,0.9634,,True,completed
1641,pkw,1405.0,1590.0,185.0,,1616.008,15.0,16.0,169.0,38.084,,,0.0865,0.9135,,True,completed
1680,pkw,1440.0,1590.0,150.0,,1410.165,0.0,0.0,150.0,12.887,,,0.0,1.0,,True,completed
1052,pkw,1016.0,1591.0,575.0,,2123.977,42.0,320.0,255.0,373.675,,,0.5565,0.4435,,True,completed
1712,pkw,1458.0,1591.0,133.0,,972.799,25.0,25.0,108.0,38.859,,,0.188,0.812,,True,completed
1608,pkw,1380.0,1592.0,212.0,,2081.155,6.0,6.0,206.0,22.642,,,0.0283,0.9717,,True,completed
1660,pkw,1423.0,1592.0,169.0,,1570.478,3.0,5.0,164.0,24.518,,,0.0296,0.9704,,True,completed
1583,pkw,1358.0,1594.0,236.0,,1796.51,8.0,35.0,201.0,64.932,,,0.1483,0.8517,,True,completed
1684,pkw,1441.0,1594.0,153.0,,1328.612,13.0,13.0,140.0,20.74,,,0.085,0.915,,True,completed
1732,pkw,1484.0,1594.0,110.0,,972.697,2.0,2.0,108.0,15.405,,,0.0182,0.9818,,True,completed
191,pkw,334.0,1594.0,1260.0,,2318.2,100.0,938.0,322.0,986.444,,,0.7444,0.2556,,True,completed
1506,pkw,1298.0,1597.0,299.0,,2093.067,0.0,41.0,258.0,78.11,,,0.1371,0.8629,,True,completed
1728,pkw,1479.0,1602.0,123.0,,964.737,13.0,14.0,109.0,29.546,,,0.1138,0.8862,,True,completed
1657,pkw,1418.0,1607.0,189.0,,1682.416,12.0,12.0,177.0,35.757,,,0.0635,0.9365,,True,completed
564,pkw,710.0,1609.0,899.0,,1084.029,24.0,754.0,145.0,800.436,,,0.8387,0.1613,,True,completed
1773,pkw,1520.0,1613.0,93.0,,732.697,15.0,15.0,78.0,22.363,,,0.1613,0.8387,,True,completed
1747,pkw,1494.0,1614.0,120.0,,1061.609,0.0,0.0,120.0,11.871,,,0.0,1.0,,True,completed
1495,pkw,1288.0,1617.0,329.0,,2434.189,45.0,71.0,258.0,108.355,,,0.2158,0.7842,,True,completed
1753,pkw,1501.0,1617.0,116.0,,1027.409,10.0,10.0,106.0,22.176,,,0.0862,0.9138,,True,completed
525,pkw,685.0,1617.0,932.0,,1265.296,4.0,772.0,160.0,816.552,,,0.8283,0.1717,,True,completed
1655,pkw,1416.0,1622.0,206.0,,1534.39,18.0,39.0,167.0,55.545,,,0.1893,0.8107,,True,completed
1748,pkw,1502.0,1622.0,120.0,,1153.999,0.0,0.0,120.0,12.544,,,0.0,1.0,,True,completed
1812,pkw,1574.0,1622.0,48.0,,373.535,0.0,0.0,48.0,3.731,,,0.0,1.0,,True,completed
1284,pkw,1139.0,1623.0,484.0,,2208.312,10.0,222.0,262.0,268.479,,,0.4587,0.5413,,True,completed
1621,pkw,1388.0,1624.0,236.0,,1638.376,25.0,48.0,188.0,76.24,,,0.2034,0.7966,,True,completed
1665,pkw,1426.0,1624.0,198.0,,1597.665,26.0,26.0,172.0,46.0,,,0.1313,0.8687,,True,completed
1733,pkw,1486.0,1624.0,138.0,,1083.845,0.0,0.0,138.0,12.741,,,0.0,1.0,,True,completed
1290,pkw,1140.0,1627.0,487.0,,1321.033,85.0,305.0,182.0,366.567,,,0.6263,0.3737,,True,completed
618,pkw,744.0,1627.0,883.0,,1263.493,6.0,720.0,163.0,767.426,,,0.8154,0.1846,,True,completed
609,pkw,739.0,1629.0,890.0,,2893.137,0.0,516.0,374.0,564.698,,,0.5798,0.4202,,True,completed
1391,pkw,1202.0,1631.0,429.0,,1302.775,83.0,217.0,212.0,258.808,,,0.5058,0.4942,,True,completed
555,pkw,706.0,1633.0,927.0,,1412.319,0.0,759.0,168.0,798.213,,,0.8188,0.1812,,True,completed
1653,pkw,1415.0,1634.0,219.0,,1823.674,0.0,0.0,219.0,17.004,,,0.0,1.0,,True,completed
1203,pkw,1092.0,1637.0,545.0,,1401.518,1.0,385.0,160.0,416.928,,,0.7064,0.2936,,True,completed
1240,pkw,1111.0,1637.0,526.0,,2375.922,76.0,247.0,279.0,309.539,,,0.4696,0.5304,,True,completed
1491,pkw,1284.0,1637.0,353.0,,2828.452,35.0,55.0,298.0,89.967,,,0.1558,0.8442,,True,completed
1075,pkw,1028.0,1639.0,611.0,,2550.185,22.0,335.0,276.0,368.351,,,0.5483,0.4517,,True,completed
710,pkw,806.0,1640.0,834.0,,2563.451,0.0,458.0,376.0,488.06,,,0.5492,0.4508,,True,completed
686,pkw,791.0,1642.0,851.0,,583.194,70.0,763.0,88.0,797.512,,,0.8966,0.1034,,True,completed
1658,pkw,1422.0,1643.0,221.0,,1901.844,4.0,11.0,210.0,42.716,,,0.0498,0.9502,,True,completed
1616,pkw,1383.0,1646.0,263.0,,2365.925,4.0,21.0,242.0,35.697,,,0.0798,0.9202,,True,completed
760,pkw,843.0,1646.0,803.0,,670.812,66.0,702.0,101.0,736.463,,,0.8742,0.1258,,True,completed
1218,pkw,1102.0,1648.0,546.0,,1484.073,2.0,379.0,167.0,408.766,,,0.6941,0.3059,,True,completed
1651,pkw,1413.0,1649.0,236.0,,1444.448,26.0,58.0,178.0,93.197,,,0.2458,0.7542,,True,completed
1273,pkw,1131.0,1651.0,520.0,,2248.9,13.0,261.0,259.0,312.152,,,0.5019,0.4981,,True,completed
1632,pkw,1398.0,1654.0,256.0,,2348.032,0.0,11.0,245.0,38.995,,,0.043,0.957,,True,completed
1726,pkw,1477.0,1655.0,178.0,,1634.987,4.0,4.0,174.0,27.654,,,0.0225,0.9775,,True,completed
1234,pkw,1109.0,1658.0,549.0,,1369.254,1.0,398.0,151.0,408.098,,,0.725,0.275,,True,completed
1718,pkw,1464.0,1659.0,195.0,,1684.01,5.0,15.0,180.0,41.739,,,0.0769,0.9231,,True,completed
1678,pkw,1439.0,1662.0,223.0,,1911.29,30.0,30.0,193.0,47.817,,,0.1345,0.8655,,True,completed
1790,pkw,1556.0,1662.0,106.0,,785.367,6.0,6.0,100.0,32.74,,,0.0566,0.9434,,True,completed
670,pkw,781.0,1666.0,885.0,,1422.175,7.0,700.0,185.0,753.976,,,0.791,0.209,,True,completed
1709,pkw,1456.0,1674.0,218.0,,1010.531,5.0,85.0,133.0,119.132,,,0.3899,0.6101,,True,completed
1742,pkw,1491.0,1677.0,186.0,,1532.907,22.0,26.0,160.0,47.037,,,0.1398,0.8602,,True,completed
1670,pkw,1431.0,1679.0,248.0,,1875.633,0.0,5.0,243.0,34.966,,,0.0202,0.9798,,True,completed
1730,pkw,1481.0,1679.0,198.0,,1024.028,17.0,77.0,121.0,103.69,,,0.3889,0.6111,,True,completed
1669,pkw,1431.0,1680.0,249.0,,2468.518,0.0,0.0,249.0,19.693,,,0.0,1.0,,True,completed
1633,pkw,1398.0,1686.0,288.0,,2153.9,37.0,48.0,240.0,83.208,,,0.1667,0.8333,,True,completed
1703,pkw,1451.0,1689.0,238.0,,1835.845,31.0,45.0,193.0,68.175,,,0.1891,0.8109,,True,completed
1720,pkw,1466.0,1690.0,224.0,,1879.02,0.0,0.0,224.0,18.692,,,0.0,1.0,,True,completed
1729,pkw,1480.0,1695.0,215.0,,2038.516,0.0,0.0,215.0,20.964,,,0.0,1.0,,True,completed
1010,pkw,991.0,1697.0,706.0,,2614.851,0.0,319.0,387.0,349.221,,,0.4518,0.5482,,True,completed
1793,pkw,1543.0,1702.0,159.0,,1064.098,0.0,45.0,114.0,52.753,,,0.283,0.717,,True,completed
1783,pkw,1537.0,1703.0,166.0,,1546.882,2.0,2.0,164.0,19.187,,,0.012,0.988,,True,completed
1545,pkw,1332.0,1706.0,374.0,,2246.309,75.0,141.0,233.0,160.97,,,0.377,0.623,,True,completed
1833,pkw,1606.0,1706.0,100.0,,1052.073,0.0,0.0,100.0,4.312,,,0.0,1.0,,True,completed
1850,pkw,1629.0,1707.0,78.0,,817.429,0.0,0.0,78.0,3.431,,,0.0,1.0,,True,completed
650,pkw,769.0,1707.0,938.0,,2693.342,64.0,483.0,455.0,523.448,,,0.5149,0.4851,,True,completed
1743,pkw,1554.0,1710.0,156.0,,1505.704,0.0,0.0,156.0,19.485,,,0.0,1.0,,True,completed
1216,pkw,1101.0,1712.0,611.0,,1877.738,7.0,410.0,201.0,429.142,,,0.671,0.329,,True,completed
1572,pkw,1350.0,1713.0,363.0,,2335.891,25.0,61.0,302.0,146.128,,,0.168,0.832,,True,completed
815,pkw,886.0,1713.0,827.0,,2372.062,0.0,590.0,237.0,612.031,,,0.7134,0.2866,,True,completed
1780,pkw,1530.0,1714.0,184.0,,1889.938,0.0,0.0,184.0,11.66,,,0.0,1.0,,True,completed
1882,pkw,1668.0,1720.0,52.0,,449.892,4.0,4.0,48.0,10.509,,,0.0769,0.9231,,True,completed
1757,pkw,1503.0,1722.0,219.0,,2131.161,3.0,3.0,216.0,22.449,,,0.0137,0.9863,,True,completed
1688,pkw,1444.0,1724.0,280.0,,2589.958,4.0,12.0,268.0,40.055,,,0.0429,0.9571,,True,completed
1755,pkw,1502.0,1727.0,225.0,,1694.27,0.0,50.0,175.0,70.655,,,0.2222,0.7778,,True,completed
672,pkw,782.0,1727.0,945.0,,1137.895,14.0,781.0,164.0,840.257,,,0.8265,0.1735,,True,completed
871,pkw,915.0,1730.0,815.0,,2022.672,8.0,605.0,210.0,629.827,,,0.7423,0.2577,,True,completed
1737,pkw,1488.0,1731.0,243.0,,2151.476,0.0,6.0,237.0,28.595,,,0.0247,0.9753,,True,completed
1113,pkw,1044.0,1733.0,689.0,,3024.086,20.0,352.0,337.0,395.457,,,0.5109,0.4891,,True,completed
1871,pkw,1652.0,1734.0,82.0,,741.488,6.0,6.0,76.0,14.265,,,0.0732,0.9268,,True,completed
1326,pkw,1158.0,1735.0,577.0,,2419.607,7.0,289.0,288.0,342.058,,,0.5009,0.4991,,True,completed
1817,pkw,1584.0,1736.0,152.0,,1403.005,0.0,0.0,152.0,13.932,,,0.0,1.0,,True,completed
1231,pkw,1109.0,1749.0,640.0,,2924.067,16.0,306.0,334.0,370.618,,,0.4781,0.5219,,True,completed
1736,pkw,1487.0,1752.0,265.0,,1915.994,18.0,44.0,221.0,87.667,,,0.166,0.834,,True,completed
1394,pkw,1203.0,1753.0,550.0,,2182.09,23.0,272.0,278.0,346.629,,,0.4945,0.5055,,True,completed
1860,pkw,1642.0,1753.0,111.0,,1150.469,0.0,0.0,111.0,5.738,,,0.0,1.0,,True,completed
1765,pkw,1512.0,1755.0,243.0,,1960.686,15.0,18.0,225.0,64.452,,,0.0741,0.9259,,True,completed
693,pkw,796.0,1755.0,959.0,,1490.85,12.0,749.0,210.0,820.131,,,0.781,0.219,,True,completed
1599,pkw,1371.0,1758.0,387.0,,2647.2,34.0,101.0,286.0,136.583,,,0.261,0.739,,True,completed
1766,pkw,1513.0,1758.0,245.0,,2116.737,0.0,19.0,226.0,51.316,,,0.0776,0.9224,,True,completed
1816,pkw,1584.0,1763.0,179.0,,1576.955,16.0,16.0,163.0,34.256,,,0.0894,0.9106,,True,completed
1795,pkw,1549.0,1767.0,218.0,,1726.473,0.0,15.0,203.0,38.143,,,0.0688,0.9312,,True,completed
1371,pkw,1190.0,1770.0,580.0,,2045.926,15.0,318.0,262.0,386.137,,,0.5483,0.4517,,True,completed
1853,pkw,1634.0,1770.0,136.0,,1207.24,0.0,0.0,136.0,18.888,,,0.0,1.0,,True,completed
1626,pkw,1393.0,1772.0,379.0,,1590.371,73.0,215.0,164.0,228.257,,,0.5673,0.4327,,True,completed
1404,pkw,1211.0,1774.0,563.0,,1823.5,0.0,322.0,241.0,370.111,,,0.5719,0.4281,,True,completed
1449,pkw,1241.0,1774.0,533.0,,2330.162,15.0,229.0,304.0,306.767,,,0.4296,0.5704,,True,completed
1518,pkw,1309.0,1777.0,468.0,,2190.509,87.0,222.0,246.0,269.435,,,0.4744,0.5256,,True,completed
1548,pkw,1335.0,1778.0,443.0,,2168.947,86.0,199.0,244.0,245.654,,,0.4492,0.5508,,True,completed
1620,pkw,1387.0,1779.0,392.0,,3135.804,2.0,18.0,374.0,60.64,,,0.0459,0.9541,,True,completed
1804,pkw,1559.0,1784.0,225.0,,1869.404,6.0,7.0,218.0,25.711,,,0.0311,0.9689,,True,completed
1856,pkw,1636.0,1787.0,151.0,,977.471,17.0,29.0,122.0,44.912,,,0.1921,0.8079,,True,completed
915,pkw,936.0,1788.0,852.0,,1609.739,25.0,667.0,185.0,695.434,,,0.7829,0.2171,,True,completed
1671,pkw,1431.0,1791.0,360.0,,2596.354,0.0,95.0,265.0,125.001,,,0.2639,0.7361,,True,completed
1692,pkw,1446.0,1792.0,346.0,,2816.611,6.0,44.0,302.0,77.494,,,0.1272,0.8728,,True,completed
1123,pkw,1049.0,1799.0,750.0,,2128.451,9.0,527.0,223.0,549.643,,,0.7027,0.2973,,True,completed
1639,pkw,1613.0,1800.0,187.0,,1620.629,0.0,2.0,185.0,21.961,,,0.0107,0.9893,,True,completed
1808,pkw,1565.0,1800.0,235.0,,2127.716,16.0,16.0,219.0,39.562,,,0.0681,0.9319,,True,completed
1000,pkw,985.0,,815.0,,275.024,100.0,740.0,75.0,790.248,,,0.908,0.092,,False,on_map_at_end
1001,pkw,986.0,,814.0,,600.038,100.0,743.0,71.0,757.876,,,0.9128,0.0872,,False,on_map_at_end
1003,pkw,987.0,,813.0,,221.154,89.0,753.0,60.0,787.249,,,0.9262,0.0738,,False,on_map_at_end
1005,pkw,989.0,,811.0,,343.123,100.0,755.0,56.0,762.119,,,0.9309,0.0691,,False,on_map_at_end
1006,pkw,989.0,,811.0,,592.537,100.0,739.0,72.0,756.124,,,0.9112,0.0888,,False,on_map_at_end
1008,pkw,990.0,,810.0,,1503.43,100.0,630.0,180.0,669.61,,,0.7778,0.2222,,False,on_map_at_end
1009,pkw,991.0,,809.0,,1239.631,100.0,648.0,161.0,691.772,,,0.801,0.199,,False,on_map_at_end
1011,pkw,991.0,,809.0,,335.622,100.0,749.0,60.0,760.794,,,0.9258,0.0742,,False,on_map_at_end
1013,pkw,992.0,,808.0,,1719.228,100.0,603.0,205.0,651.214,,,0.7463,0.2537,,False,on_map_at_end
1015,pkw,993.0,,807.0,,68.218,100.0,757.0,50.0,800.816,,,0.938,0.062,,False,on_map_at_end
1017,pkw,996.0,,804.0,,811.231,100.0,710.0,94.0,721.545,,,0.8831,0.1169,,False,on_map_at_end
1018,pkw,997.0,,803.0,,950.083,100.0,634.0,169.0,674.85,,,0.7895,0.2105,,False,on_map_at_end
1023,pkw,1000.0,,800.0,,323.771,89.0,721.0,79.0,755.386,,,0.9012,0.0988,,False,on_map_at_end
1027,pkw,1001.0,,799.0,,966.935,100.0,677.0,122.0,707.755,,,0.8473,0.1527,,False,on_map_at_end
1034,pkw,1006.0,,794.0,,252.521,100.0,727.0,67.0,771.273,,,0.9156,0.0844,,False,on_map_at_end
1036,pkw,1007.0,,793.0,,585.036,100.0,723.0,70.0,739.353,,,0.9117,0.0883,,False,on_map_at_end
1038,pkw,1008.0,,792.0,,959.434,100.0,668.0,124.0,700.796,,,0.8434,0.1566,,False,on_map_at_end
1039,pkw,1008.0,,792.0,,531.687,100.0,705.0,87.0,734.773,,,0.8902,0.1098,,False,on_map_at_end
1041,pkw,1009.0,,791.0,,1224.629,100.0,618.0,173.0,665.662,,,0.7813,0.2187,,False,on_map_at_end
1042,pkw,1009.0,,791.0,,328.121,100.0,733.0,58.0,743.469,,,0.9267,0.0733,,False,on_map_at_end
1043,pkw,1010.0,,790.0,,577.535,100.0,722.0,68.0,737.153,,,0.9139,0.0861,,False,on_map_at_end
1044,pkw,1010.0,,790.0,,385.612,100.0,718.0,72.0,755.295,,,0.9089,0.0911,,False,on_map_at_end
1046,pkw,1011.0,,789.0,,206.152,88.0,727.0,62.0,761.184,,,0.9214,0.0786,,False,on_map_at_end
1047,pkw,1012.0,,788.0,,854.646,100.0,685.0,103.0,710.43,,,0.8693,0.1307,,False,on_map_at_end
1051,pkw,1015.0,,785.0,,320.62,100.0,726.0,59.0,738.144,,,0.9248,0.0752,,False,on_map_at_end
1054,pkw,1017.0,,783.0,,324.36,100.0,713.0,70.0,751.368,,,0.9106,0.0894,,False,on_map_at_end
1055,pkw,1017.0,,783.0,,749.344,100.0,695.0,88.0,709.113,,,0.8876,0.1124,,False,on_map_at_end
1066,pkw,1023.0,,777.0,,316.27,88.0,704.0,73.0,744.122,,,0.906,0.094,,False,on_map_at_end
1073,pkw,1028.0,,772.0,,893.743,100.0,678.0,94.0,690.809,,,0.8782,0.1218,,False,on_map_at_end
1077,pkw,1029.0,,771.0,,267.523,100.0,719.0,52.0,746.837,,,0.9326,0.0674,,False,on_map_at_end
1079,pkw,1030.0,,770.0,,255.977,78.0,726.0,44.0,746.986,,,0.9429,0.0571,,False,on_map_at_end
108,pkw,192.0,,1608.0,,886.242,100.0,1496.0,112.0,1527.918,,,0.9303,0.0697,,False,on_map_at_end
1080,pkw,1030.0,,770.0,,925.16,100.0,662.0,108.0,686.143,,,0.8597,0.1403,,False,on_map_at_end
1081,pkw,1030.0,,770.0,,313.119,100.0,708.0,62.0,723.819,,,0.9195,0.0805,,False,on_map_at_end
1082,pkw,1030.0,,770.0,,1060.276,100.0,643.0,127.0,674.574,,,0.8351,0.1649,,False,on_map_at_end
1083,pkw,1032.0,,768.0,,305.618,100.0,705.0,63.0,722.494,,,0.918,0.082,,False,on_map_at_end
1086,pkw,1034.0,,766.0,,730.633,93.0,659.0,107.0,687.776,,,0.8603,0.1397,,False,on_map_at_end
1087,pkw,1034.0,,766.0,,298.117,100.0,705.0,61.0,721.169,,,0.9204,0.0796,,False,on_map_at_end
1089,pkw,1035.0,,765.0,,1013.706,100.0,641.0,124.0,667.977,,,0.8379,0.1621,,False,on_map_at_end
1092,pkw,1036.0,,764.0,,704.338,100.0,664.0,100.0,694.629,,,0.8691,0.1309,,False,on_map_at_end
1094,pkw,1036.0,,764.0,,1547.928,100.0,570.0,194.0,604.666,,,0.7461,0.2539,,False,on_map_at_end
1095,pkw,1037.0,,763.0,,1428.934,100.0,611.0,152.0,629.939,,,0.8008,0.1992,,False,on_map_at_end
1097,pkw,1073.0,,727.0,,330.408,95.0,685.0,42.0,689.713,,,0.9422,0.0578,,False,on_map_at_end
1101,pkw,1040.0,,760.0,,2203.587,100.0,521.0,239.0,560.686,,,0.6855,0.3145,,False,on_map_at_end
1108,pkw,1042.0,,758.0,,1318.924,100.0,611.0,147.0,637.78,,,0.8061,0.1939,,False,on_map_at_end
1110,pkw,1043.0,,757.0,,1062.297,100.0,598.0,159.0,648.319,,,0.79,0.21,,False,on_map_at_end
1111,pkw,1044.0,,756.0,,343.759,100.0,691.0,65.0,725.061,,,0.914,0.086,,False,on_map_at_end
1114,pkw,1044.0,,756.0,,1796.968,100.0,527.0,229.0,592.191,,,0.6971,0.3029,,False,on_map_at_end
1116,pkw,1051.0,,749.0,,1613.546,100.0,547.0,202.0,602.413,,,0.7303,0.2697,,False,on_map_at_end
1122,pkw,1049.0,,751.0,,1714.074,100.0,539.0,212.0,594.618,,,0.7177,0.2823,,False,on_map_at_end
1126,pkw,1050.0,,750.0,,485.217,100.0,641.0,109.0,686.338,,,0.8547,0.1453,,False,on_map_at_end
1134,pkw,1053.0,,747.0,,552.409,100.0,679.0,68.0,697.283,,,0.909,0.091,,False,on_map_at_end
1137,pkw,1054.0,,746.0,,495.926,94.0,677.0,69.0,689.015,,,0.9075,0.0925,,False,on_map_at_end
1138,pkw,1055.0,,745.0,,1606.045,100.0,555.0,190.0,599.669,,,0.745,0.255,,False,on_map_at_end
1140,pkw,1055.0,,745.0,,536.282,100.0,657.0,88.0,696.465,,,0.8819,0.1181,,False,on_map_at_end
1143,pkw,1056.0,,744.0,,544.908,100.0,676.0,68.0,694.958,,,0.9086,0.0914,,False,on_map_at_end
1147,pkw,1061.0,,739.0,,25.262,100.0,730.0,9.0,728.726,,,0.9878,0.0122,,False,on_map_at_end
1159,pkw,1068.0,,732.0,,1681.723,100.0,525.0,207.0,577.927,,,0.7172,0.2828,,False,on_map_at_end
1161,pkw,1069.0,,731.0,,308.768,87.0,647.0,84.0,684.323,,,0.8851,0.1149,,False,on_map_at_end
1162,pkw,1069.0,,731.0,,935.081,100.0,575.0,156.0,616.095,,,0.7866,0.2134,,False,on_map_at_end
1165,pkw,1374.0,,426.0,,22.797,94.0,414.0,12.0,423.248,,,0.9718,0.0282,,False,on_map_at_end
1172,pkw,1075.0,,725.0,,210.668,100.0,676.0,49.0,705.158,,,0.9324,0.0676,,False,on_map_at_end
1178,pkw,1080.0,,720.0,,466.232,100.0,667.0,53.0,678.039,,,0.9264,0.0736,,False,on_map_at_end
1180,pkw,1080.0,,720.0,,537.407,100.0,652.0,68.0,671.633,,,0.9056,0.0944,,False,on_map_at_end
1182,pkw,1081.0,,719.0,,208.618,100.0,671.0,48.0,700.224,,,0.9332,0.0668,,False,on_map_at_end
1183,pkw,1081.0,,719.0,,2311.439,70.0,465.0,254.0,498.193,,,0.6467,0.3533,,False,on_map_at_end
1184,pkw,1082.0,,718.0,,2282.174,100.0,455.0,263.0,507.344,,,0.6337,0.3663,,False,on_map_at_end
1185,pkw,1082.0,,718.0,,203.167,100.0,676.0,42.0,699.594,,,0.9415,0.0585,,False,on_map_at_end
1186,pkw,1082.0,,718.0,,2072.772,100.0,467.0,251.0,514.489,,,0.6504,0.3496,,False,on_map_at_end
1188,pkw,1083.0,,717.0,,566.058,97.0,508.0,209.0,525.655,,,0.7085,0.2915,,False,on_map_at_end
1190,pkw,1084.0,,716.0,,293.756,87.0,642.0,74.0,678.586,,,0.8966,0.1034,,False,on_map_at_end
1200,pkw,1091.0,,709.0,,331.861,100.0,638.0,71.0,673.313,,,0.8999,0.1001,,False,on_map_at_end
1202,pkw,1091.0,,709.0,,201.117,100.0,667.0,42.0,690.899,,,0.9408,0.0592,,False,on_map_at_end
1205,pkw,1093.0,,707.0,,887.655,100.0,607.0,100.0,626.833,,,0.8586,0.1414,,False,on_map_at_end
1209,pkw,1095.0,,705.0,,670.624,80.0,612.0,93.0,629.931,,,0.8681,0.1319,,False,on_map_at_end
1210,pkw,1096.0,,704.0,,324.36,100.0,636.0,68.0,654.73,,,0.9034,0.0966,,False,on_map_at_end
1211,pkw,1098.0,,702.0,,529.906,100.0,637.0,65.0,654.308,,,0.9074,0.0926,,False,on_map_at_end
1215,pkw,1100.0,,700.0,,1774.465,100.0,486.0,214.0,538.752,,,0.6943,0.3057,,False,on_map_at_end
1220,pkw,1103.0,,697.0,,506.277,100.0,621.0,76.0,651.132,,,0.891,0.109,,False,on_map_at_end
1221,pkw,1103.0,,697.0,,764.189,100.0,609.0,88.0,627.845,,,0.8737,0.1263,,False,on_map_at_end
1224,pkw,1105.0,,695.0,,905.076,100.0,499.0,196.0,544.837,,,0.718,0.282,,False,on_map_at_end
1226,pkw,1106.0,,694.0,,1210.459,100.0,543.0,151.0,584.544,,,0.7824,0.2176,,False,on_map_at_end
1227,pkw,1107.0,,693.0,,177.48,100.0,662.0,31.0,669.776,,,0.9553,0.0447,,False,on_map_at_end
1233,pkw,1109.0,,691.0,,1172.122,100.0,521.0,170.0,566.919,,,0.754,0.246,,False,on_map_at_end
1236,pkw,1110.0,,690.0,,522.405,100.0,622.0,68.0,642.983,,,0.9014,0.0986,,False,on_map_at_end
1243,pkw,1114.0,,686.0,,1164.621,100.0,514.0,172.0,563.022,,,0.7493,0.2507,,False,on_map_at_end
1246,pkw,1115.0,,685.0,,897.575,100.0,506.0,179.0,548.857,,,0.7387,0.2613,,False,on_map_at_end
1249,pkw,1116.0,,684.0,,173.019,96.0,645.0,39.0,657.741,,,0.943,0.057,,False,on_map_at_end
125,pkw,232.0,,1568.0,,1458.938,100.0,1390.0,178.0,1425.546,,,0.8865,0.1135,,False,on_map_at_end
1254,pkw,1120.0,,680.0,,494.182,100.0,597.0,83.0,630.146,,,0.8779,0.1221,,False,on_map_at_end
1255,pkw,1120.0,,680.0,,1759.214,100.0,461.0,219.0,519.883,,,0.6779,0.3221,,False,on_map_at_end
1256,pkw,1122.0,,678.0,,514.904,100.0,608.0,70.0,631.658,,,0.8968,0.1032,,False,on_map_at_end
1257,pkw,1122.0,,678.0,,1567.158,100.0,512.0,166.0,535.113,,,0.7552,0.2448,,False,on_map_at_end
1258,pkw,1123.0,,677.0,,507.403,100.0,608.0,69.0,631.333,,,0.8981,0.1019,,False,on_map_at_end
1263,pkw,1124.0,,676.0,,260.004,100.0,618.0,58.0,629.93,,,0.9142,0.0858,,False,on_map_at_end
1264,pkw,1125.0,,675.0,,499.902,100.0,605.0,70.0,630.008,,,0.8963,0.1037,,False,on_map_at_end
1265,pkw,1125.0,,675.0,,290.616,100.0,614.0,61.0,630.844,,,0.9096,0.0904,,False,on_map_at_end
1268,pkw,1129.0,,671.0,,283.115,100.0,611.0,60.0,637.519,,,0.9106,0.0894,,False,on_map_at_end
127,pkw,235.0,,1565.0,,408.781,100.0,1476.0,89.0,1507.592,,,0.9431,0.0569,,False,on_map_at_end
1272,pkw,1131.0,,669.0,,1009.79,100.0,511.0,158.0,563.599,,,0.7638,0.2362,,False,on_map_at_end
1275,pkw,1132.0,,668.0,,1525.425,100.0,488.0,180.0,519.145,,,0.7305,0.2695,,False,on_map_at_end
1278,pkw,1133.0,,667.0,,499.62,100.0,580.0,87.0,615.139,,,0.8696,0.1304,,False,on_map_at_end
1281,pkw,1135.0,,665.0,,574.053,100.0,594.0,71.0,613.034,,,0.8932,0.1068,,False,on_map_at_end
1282,pkw,1136.0,,664.0,,634.576,76.0,591.0,73.0,589.687,,,0.8901,0.1099,,False,on_map_at_end
1287,pkw,1140.0,,660.0,,297.509,100.0,598.0,62.0,622.699,,,0.9061,0.0939,,False,on_map_at_end
1289,pkw,1140.0,,660.0,,165.518,96.0,624.0,36.0,639.484,,,0.9455,0.0545,,False,on_map_at_end
1292,pkw,1142.0,,658.0,,872.419,100.0,508.0,150.0,544.399,,,0.772,0.228,,False,on_map_at_end
1293,pkw,1143.0,,657.0,,245.002,100.0,605.0,52.0,621.907,,,0.9209,0.0791,,False,on_map_at_end
1297,pkw,1145.0,,655.0,,492.401,100.0,588.0,67.0,610.683,,,0.8977,0.1023,,False,on_map_at_end
1298,pkw,1145.0,,655.0,,158.017,95.0,620.0,35.0,636.842,,,0.9466,0.0534,,False,on_map_at_end
1299,pkw,1145.0,,655.0,,1811.635,100.0,428.0,227.0,482.116,,,0.6534,0.3466,,False,on_map_at_end
1301,pkw,1146.0,,654.0,,921.928,100.0,532.0,122.0,563.059,,,0.8135,0.1865,,False,on_map_at_end
1308,pkw,1149.0,,651.0,,358.826,100.0,599.0,52.0,611.17,,,0.9201,0.0799,,False,on_map_at_end
1309,pkw,1149.0,,651.0,,484.9,100.0,583.0,68.0,607.359,,,0.8955,0.1045,,False,on_map_at_end
1310,pkw,1150.0,,650.0,,267.505,100.0,593.0,57.0,612.612,,,0.9123,0.0877,,False,on_map_at_end
1311,pkw,1150.0,,650.0,,440.691,100.0,588.0,62.0,610.309,,,0.9046,0.0954,,False,on_map_at_end
1312,pkw,1150.0,,650.0,,423.322,100.0,592.0,58.0,611.901,,,0.9108,0.0892,,False,on_map_at_end
1314,pkw,1151.0,,649.0,,477.399,100.0,578.0,71.0,606.034,,,0.8906,0.1094,,False,on_map_at_end
1316,pkw,1152.0,,648.0,,469.898,100.0,575.0,73.0,605.709,,,0.8873,0.1127,,False,on_map_at_end
1320,pkw,1155.0,,645.0,,195.666,100.0,599.0,46.0,627.39,,,0.9287,0.0713,,False,on_map_at_end
1322,pkw,1156.0,,644.0,,950.373,83.0,300.0,344.0,308.489,,,0.4658,0.5342,,False,on_map_at_end
1323,pkw,1156.0,,644.0,,749.187,100.0,557.0,87.0,575.94,,,0.8649,0.1351,,False,on_map_at_end
1325,pkw,1156.0,,644.0,,352.234,100.0,578.0,66.0,604.299,,,0.8975,0.1025,,False,on_map_at_end
1327,pkw,1159.0,,641.0,,275.614,100.0,581.0,60.0,616.194,,,0.9064,0.0936,,False,on_map_at_end
1328,pkw,1379.0,,421.0,,255.398,88.0,388.0,33.0,398.464,,,0.9216,0.0784,,False,on_map_at_end
1333,pkw,1161.0,,639.0,,1620.749,100.0,446.0,193.0,491.522,,,0.698,0.302,,False,on_map_at_end
1334,pkw,1162.0,,638.0,,237.501,100.0,584.0,54.0,603.454,,,0.9154,0.0846,,False,on_map_at_end
1335,pkw,1163.0,,637.0,,241.279,96.0,593.0,44.0,592.615,,,0.9309,0.0691,,False,on_map_at_end
1338,pkw,1165.0,,635.0,,269.471,100.0,573.0,62.0,610.747,,,0.9024,0.0976,,False,on_map_at_end
1339,pkw,1165.0,,635.0,,1605.498,100.0,442.0,193.0,488.405,,,0.6961,0.3039,,False,on_map_at_end
1340,pkw,1165.0,,635.0,,1034.149,93.0,491.0,144.0,534.75,,,0.7732,0.2268,,False,on_map_at_end
1341,pkw,1167.0,,633.0,,261.97,100.0,571.0,62.0,609.423,,,0.9021,0.0979,,False,on_map_at_end
1344,pkw,1169.0,,631.0,,199.089,100.0,586.0,45.0,597.803,,,0.9287,0.0713,,False,on_map_at_end
1347,pkw,1170.0,,630.0,,254.469,100.0,568.0,62.0,607.098,,,0.9016,0.0984,,False,on_map_at_end
1348,pkw,1173.0,,627.0,,914.427,100.0,506.0,121.0,539.337,,,0.807,0.193,,False,on_map_at_end
1349,pkw,1173.0,,627.0,,274.389,96.0,576.0,51.0,592.351,,,0.9187,0.0813,,False,on_map_at_end
1350,pkw,1175.0,,625.0,,1565.646,100.0,437.0,188.0,483.21,,,0.6992,0.3008,,False,on_map_at_end
1351,pkw,1177.0,,623.0,,741.686,100.0,537.0,86.0,555.869,,,0.862,0.138,,False,on_map_at_end
1352,pkw,1177.0,,623.0,,266.888,94.0,569.0,54.0,587.037,,,0.9133,0.0867,,False,on_map_at_end
1356,pkw,1180.0,,620.0,,872.653,100.0,523.0,97.0,533.588,,,0.8435,0.1565,,False,on_map_at_end
1358,pkw,1181.0,,619.0,,987.287,100.0,475.0,144.0,522.534,,,0.7674,0.2326,,False,on_map_at_end
1363,pkw,1186.0,,614.0,,246.967,100.0,552.0,62.0,591.773,,,0.899,0.101,,False,on_map_at_end
1366,pkw,1188.0,,612.0,,1482.467,100.0,438.0,174.0,477.744,,,0.7157,0.2843,,False,on_map_at_end
1368,pkw,1188.0,,612.0,,864.584,65.0,399.0,213.0,396.274,,,0.652,0.348,,False,on_map_at_end
1370,pkw,1190.0,,610.0,,864.918,100.0,464.0,146.0,489.632,,,0.7607,0.2393,,False,on_map_at_end
1373,pkw,1190.0,,610.0,,890.359,100.0,488.0,122.0,527.627,,,0.8,0.2,,False,on_map_at_end
1378,pkw,1191.0,,609.0,,239.466,100.0,546.0,63.0,587.448,,,0.8966,0.1034,,False,on_map_at_end
1381,pkw,1194.0,,606.0,,1345.156,100.0,448.0,158.0,483.673,,,0.7393,0.2607,,False,on_map_at_end
1383,pkw,1197.0,,603.0,,164.219,100.0,573.0,30.0,585.252,,,0.9502,0.0498,,False,on_map_at_end
1385,pkw,1199.0,,601.0,,276.25,100.0,550.0,51.0,576.137,,,0.9151,0.0849,,False,on_map_at_end
1389,pkw,1201.0,,599.0,,298.753,100.0,547.0,52.0,572.112,,,0.9132,0.0868,,False,on_map_at_end
1390,pkw,1201.0,,599.0,,462.397,100.0,532.0,67.0,557.384,,,0.8881,0.1119,,False,on_map_at_end
1392,pkw,1202.0,,598.0,,195.666,100.0,544.0,54.0,580.39,,,0.9097,0.0903,,False,on_map_at_end
1395,pkw,1203.0,,597.0,,1998.285,60.0,334.0,263.0,407.026,,,0.5595,0.4405,,False,on_map_at_end
1400,pkw,1208.0,,592.0,,940.292,100.0,482.0,110.0,503.755,,,0.8142,0.1858,,False,on_map_at_end
1401,pkw,1209.0,,591.0,,291.252,100.0,537.0,54.0,564.787,,,0.9086,0.0914,,False,on_map_at_end
1410,pkw,1214.0,,586.0,,454.896,100.0,518.0,68.0,545.059,,,0.884,0.116,,False,on_map_at_end
1412,pkw,1215.0,,585.0,,908.489,100.0,482.0,103.0,495.385,,,0.8239,0.1761,,False,on_map_at_end
1413,pkw,1215.0,,585.0,,2411.019,61.0,298.0,287.0,365.046,,,0.5094,0.4906,,False,on_map_at_end
1414,pkw,1218.0,,582.0,,1789.727,100.0,389.0,193.0,418.923,,,0.6684,0.3316,,False,on_map_at_end
1415,pkw,1218.0,,582.0,,447.395,100.0,517.0,65.0,541.734,,,0.8883,0.1117,,False,on_map_at_end
1417,pkw,1219.0,,581.0,,1386.289,100.0,433.0,148.0,455.904,,,0.7453,0.2547,,False,on_map_at_end
1418,pkw,1219.0,,581.0,,685.31,93.0,490.0,91.0,510.33,,,0.8434,0.1566,,False,on_map_at_end
1422,pkw,1220.0,,580.0,,156.718,100.0,549.0,31.0,562.326,,,0.9466,0.0534,,False,on_map_at_end
1423,pkw,1221.0,,579.0,,149.217,100.0,545.0,34.0,558.875,,,0.9413,0.0587,,False,on_map_at_end
1425,pkw,1221.0,,579.0,,2089.183,100.0,344.0,235.0,380.513,,,0.5941,0.4059,,False,on_map_at_end
1433,pkw,1230.0,,570.0,,954.818,100.0,451.0,119.0,484.066,,,0.7912,0.2088,,False,on_map_at_end
1436,pkw,1233.0,,567.0,,859.267,100.0,459.0,108.0,488.721,,,0.8095,0.1905,,False,on_map_at_end
1437,pkw,1233.0,,567.0,,231.965,100.0,504.0,63.0,546.123,,,0.8889,0.1111,,False,on_map_at_end
1438,pkw,1234.0,,566.0,,134.261,93.0,528.0,38.0,546.211,,,0.9329,0.0671,,False,on_map_at_end
1439,pkw,1234.0,,566.0,,141.716,100.0,538.0,28.0,552.381,,,0.9505,0.0495,,False,on_map_at_end
1440,pkw,1235.0,,565.0,,947.317,100.0,446.0,119.0,479.735,,,0.7894,0.2106,,False,on_map_at_end
1441,pkw,1236.0,,564.0,,2699.826,62.0,258.0,306.0,320.438,,,0.4574,0.5426,,False,on_map_at_end
1442,pkw,1236.0,,564.0,,768.076,100.0,480.0,84.0,494.551,,,0.8511,0.1489,,False,on_map_at_end
1446,pkw,1239.0,,561.0,,224.464,100.0,499.0,62.0,540.798,,,0.8895,0.1105,,False,on_map_at_end
1447,pkw,1240.0,,560.0,,216.963,100.0,496.0,64.0,540.473,,,0.8857,0.1143,,False,on_map_at_end
1453,pkw,1243.0,,557.0,,1575.494,100.0,379.0,178.0,411.621,,,0.6804,0.3196,,False,on_map_at_end
1455,pkw,1249.0,,551.0,,1166.698,100.0,411.0,140.0,445.384,,,0.7459,0.2541,,False,on_map_at_end
1456,pkw,1249.0,,551.0,,1893.715,60.0,307.0,244.0,380.338,,,0.5572,0.4428,,False,on_map_at_end
1458,pkw,1249.0,,551.0,,126.741,92.0,514.0,37.0,533.463,,,0.9328,0.0672,,False,on_map_at_end
1461,pkw,1254.0,,546.0,,134.215,100.0,516.0,30.0,530.891,,,0.9451,0.0549,,False,on_map_at_end
1462,pkw,1254.0,,546.0,,1318.869,95.0,394.0,152.0,424.166,,,0.7216,0.2784,,False,on_map_at_end
1464,pkw,1256.0,,544.0,,900.988,99.0,448.0,96.0,462.91,,,0.8235,0.1765,,False,on_map_at_end
1465,pkw,1259.0,,541.0,,126.714,100.0,507.0,34.0,524.171,,,0.9372,0.0628,,False,on_map_at_end
1466,pkw,1260.0,,540.0,,867.856,100.0,431.0,109.0,459.026,,,0.7981,0.2019,,False,on_map_at_end
1467,pkw,1264.0,,536.0,,1948.488,61.0,282.0,254.0,346.721,,,0.5261,0.4739,,False,on_map_at_end
1468,pkw,1264.0,,536.0,,1535.836,100.0,378.0,158.0,395.971,,,0.7052,0.2948,,False,on_map_at_end
1473,pkw,1269.0,,531.0,,209.462,99.0,471.0,60.0,512.148,,,0.887,0.113,,False,on_map_at_end
1474,pkw,1269.0,,531.0,,433.19,100.0,466.0,65.0,492.013,,,0.8776,0.1224,,False,on_map_at_end
1475,pkw,1270.0,,530.0,,119.213,100.0,498.0,32.0,516.452,,,0.9396,0.0604,,False,on_map_at_end
1477,pkw,1273.0,,527.0,,201.961,99.0,467.0,60.0,508.823,,,0.8861,0.1139,,False,on_map_at_end
1478,pkw,1274.0,,526.0,,194.46,97.0,466.0,60.0,508.498,,,0.8859,0.1141,,False,on_map_at_end
1481,pkw,1275.0,,525.0,,236.21,93.0,476.0,49.0,497.401,,,0.9067,0.0933,,False,on_map_at_end
1482,pkw,1276.0,,524.0,,686.223,100.0,430.0,94.0,462.239,,,0.8206,0.1794,,False,on_map_at_end
1483,pkw,1279.0,,521.0,,1452.463,100.0,363.0,158.0,389.345,,,0.6967,0.3033,,False,on_map_at_end
1487,pkw,1284.0,,516.0,,2025.525,85.0,307.0,209.0,325.074,,,0.595,0.405,,False,on_map_at_end
1488,pkw,1284.0,,516.0,,111.712,100.0,485.0,31.0,503.923,,,0.9399,0.0601,,False,on_map_at_end
1490,pkw,1284.0,,516.0,,636.671,100.0,433.0,83.0,458.271,,,0.8391,0.1609,,False,on_map_at_end
1492,pkw,1285.0,,515.0,,188.165,100.0,463.0,52.0,498.065,,,0.899,0.101,,False,on_map_at_end
1494,pkw,1287.0,,513.0,,119.134,92.0,476.0,37.0,496.202,,,0.9279,0.0721,,False,on_map_at_end
1497,pkw,1289.0,,511.0,,1444.962,100.0,352.0,159.0,380.299,,,0.6888,0.3112,,False,on_map_at_end
1498,pkw,1290.0,,510.0,,1285.456,100.0,356.0,154.0,386.514,,,0.698,0.302,,False,on_map_at_end
1499,pkw,1291.0,,509.0,,439.893,100.0,440.0,69.0,469.409,,,0.8644,0.1356,,False,on_map_at_end
1500,pkw,1291.0,,509.0,,17.761,100.0,501.0,8.0,499.402,,,0.9843,0.0157,,False,on_map_at_end
1501,pkw,1291.0,,509.0,,1933.162,62.0,254.0,255.0,314.85,,,0.499,0.501,,False,on_map_at_end
1503,pkw,1295.0,,505.0,,473.949,100.0,444.0,61.0,458.527,,,0.8792,0.1208,,False,on_map_at_end
1505,pkw,1296.0,,504.0,,775.577,97.0,414.0,90.0,433.385,,,0.8214,0.1786,,False,on_map_at_end
1507,pkw,1300.0,,500.0,,228.004,94.0,453.0,47.0,473.413,,,0.906,0.094,,False,on_map_at_end
1508,pkw,1300.0,,500.0,,908.715,100.0,387.0,113.0,407.06,,,0.774,0.226,,False,on_map_at_end
151,pkw,277.0,,1523.0,,526.4,100.0,1433.0,90.0,1463.012,,,0.9409,0.0591,,False,on_map_at_end
1510,pkw,1301.0,,499.0,,178.614,100.0,451.0,48.0,482.925,,,0.9038,0.0962,,False,on_map_at_end
1511,pkw,1301.0,,499.0,,1650.887,100.0,283.0,216.0,339.684,,,0.5671,0.4329,,False,on_map_at_end
1512,pkw,1303.0,,497.0,,104.211,100.0,464.0,33.0,483.841,,,0.9336,0.0664,,False,on_map_at_end
1513,pkw,1306.0,,494.0,,173.163,100.0,448.0,46.0,478.415,,,0.9069,0.0931,,False,on_map_at_end
1514,pkw,1307.0,,493.0,,1437.461,100.0,329.0,164.0,354.02,,,0.6673,0.3327,,False,on_map_at_end
1516,pkw,1308.0,,492.0,,432.392,100.0,431.0,61.0,446.674,,,0.876,0.124,,False,on_map_at_end
1521,pkw,1310.0,,490.0,,283.751,100.0,435.0,55.0,464.462,,,0.8878,0.1122,,False,on_map_at_end
1522,pkw,1311.0,,489.0,,1658.139,100.0,286.0,203.0,338.418,,,0.5849,0.4151,,False,on_map_at_end
1527,pkw,1317.0,,483.0,,96.709,100.0,454.0,29.0,470.37,,,0.94,0.06,,False,on_map_at_end
1528,pkw,1317.0,,483.0,,616.176,96.0,400.0,83.0,422.245,,,0.8282,0.1718,,False,on_map_at_end
1529,pkw,1318.0,,482.0,,621.669,100.0,402.0,80.0,425.592,,,0.834,0.166,,False,on_map_at_end
1531,pkw,1319.0,,481.0,,186.959,95.0,427.0,54.0,464.174,,,0.8877,0.1123,,False,on_map_at_end
1532,pkw,1320.0,,480.0,,179.458,94.0,425.0,55.0,463.849,,,0.8854,0.1146,,False,on_map_at_end
1534,pkw,1320.0,,480.0,,2066.917,88.0,223.0,257.0,270.185,,,0.4646,0.5354,,False,on_map_at_end
1535,pkw,1322.0,,478.0,,171.957,92.0,421.0,57.0,462.524,,,0.8808,0.1192,,False,on_map_at_end
1537,pkw,1323.0,,477.0,,219.529,96.0,433.0,44.0,451.539,,,0.9078,0.0922,,False,on_map_at_end
1541,pkw,1328.0,,472.0,,1582.492,0.0,308.0,164.0,323.835,,,0.6525,0.3475,,False,on_map_at_end
1542,pkw,1329.0,,471.0,,111.029,100.0,425.0,46.0,461.007,,,0.9023,0.0977,,False,on_map_at_end
1543,pkw,1330.0,,470.0,,421.956,100.0,412.0,58.0,426.945,,,0.8766,0.1234,,False,on_map_at_end
1544,pkw,1330.0,,470.0,,841.097,100.0,364.0,106.0,394.301,,,0.7745,0.2255,,False,on_map_at_end
1546,pkw,1334.0,,466.0,,468.349,95.0,392.0,74.0,410.265,,,0.8412,0.1588,,False,on_map_at_end
1547,pkw,1334.0,,466.0,,1295.511,93.0,325.0,141.0,345.447,,,0.6974,0.3026,,False,on_map_at_end
1549,pkw,1335.0,,465.0,,2067.723,87.0,209.0,256.0,259.625,,,0.4495,0.5505,,False,on_map_at_end
1550,pkw,1336.0,,464.0,,585.917,94.0,381.0,83.0,404.263,,,0.8211,0.1789,,False,on_map_at_end
1551,pkw,1336.0,,464.0,,1336.694,100.0,307.0,157.0,330.43,,,0.6616,0.3384,,False,on_map_at_end
1552,pkw,1337.0,,463.0,,1481.169,91.0,259.0,204.0,320.522,,,0.5594,0.4406,,False,on_map_at_end
1553,pkw,1338.0,,462.0,,1361.199,90.0,280.0,182.0,335.479,,,0.6061,0.3939,,False,on_map_at_end
1554,pkw,1339.0,,461.0,,164.456,90.0,408.0,53.0,446.199,,,0.885,0.115,,False,on_map_at_end
1556,pkw,1340.0,,460.0,,2166.082,100.0,229.0,231.0,262.268,,,0.4978,0.5022,,False,on_map_at_end
1558,pkw,1341.0,,459.0,,614.168,100.0,376.0,83.0,403.34,,,0.8192,0.1808,,False,on_map_at_end
1559,pkw,1342.0,,458.0,,1520.64,100.0,289.0,169.0,320.627,,,0.631,0.369,,False,on_map_at_end
1561,pkw,1343.0,,457.0,,424.891,100.0,404.0,53.0,418.759,,,0.884,0.116,,False,on_map_at_end
1562,pkw,1343.0,,457.0,,91.607,100.0,440.0,17.0,440.755,,,0.9628,0.0372,,False,on_map_at_end
1563,pkw,1344.0,,456.0,,237.838,100.0,424.0,32.0,425.594,,,0.9298,0.0702,,False,on_map_at_end
1564,pkw,1344.0,,456.0,,417.39,100.0,402.0,54.0,418.434,,,0.8816,0.1184,,False,on_map_at_end
1568,pkw,1348.0,,452.0,,9.801,100.0,446.0,6.0,450.498,,,0.9867,0.0133,,False,on_map_at_end
1569,pkw,1348.0,,452.0,,340.81,100.0,401.0,51.0,421.327,,,0.8872,0.1128,,False,on_map_at_end
1573,pkw,1351.0,,449.0,,156.955,89.0,398.0,51.0,434.874,,,0.8864,0.1136,,False,on_map_at_end
1575,pkw,1352.0,,448.0,,439.598,95.0,389.0,59.0,407.842,,,0.8683,0.1317,,False,on_map_at_end
1580,pkw,1355.0,,445.0,,409.889,100.0,391.0,54.0,408.11,,,0.8787,0.1213,,False,on_map_at_end
1582,pkw,1358.0,,442.0,,2067.305,100.0,201.0,241.0,238.333,,,0.4548,0.5452,,False,on_map_at_end
1584,pkw,1362.0,,438.0,,2092.378,89.0,215.0,223.0,249.155,,,0.4909,0.5091,,False,on_map_at_end
1585,pkw,1363.0,,437.0,,402.388,100.0,383.0,54.0,400.785,,,0.8764,0.1236,,False,on_map_at_end
1587,pkw,1365.0,,435.0,,459.889,100.0,377.0,58.0,387.233,,,0.8667,0.1333,,False,on_map_at_end
1588,pkw,1366.0,,434.0,,460.848,96.0,361.0,73.0,380.497,,,0.8318,0.1682,,False,on_map_at_end
1590,pkw,1367.0,,433.0,,394.887,100.0,381.0,52.0,397.46,,,0.8799,0.1201,,False,on_map_at_end
1592,pkw,1368.0,,432.0,,149.454,88.0,383.0,49.0,418.549,,,0.8866,0.1134,,False,on_map_at_end
1593,pkw,1369.0,,431.0,,209.395,97.0,385.0,46.0,401.612,,,0.8933,0.1067,,False,on_map_at_end
1596,pkw,1370.0,,430.0,,387.386,100.0,380.0,50.0,395.135,,,0.8837,0.1163,,False,on_map_at_end
1597,pkw,1371.0,,429.0,,141.953,86.0,379.0,50.0,416.224,,,0.8834,0.1166,,False,on_map_at_end
1603,pkw,1373.0,,427.0,,2103.005,87.0,187.0,240.0,232.485,,,0.4379,0.5621,,False,on_map_at_end
1604,pkw,1375.0,,425.0,,111.695,100.0,390.0,35.0,414.947,,,0.9176,0.0824,,False,on_map_at_end
1605,pkw,1378.0,,422.0,,2015.226,90.0,201.0,221.0,240.328,,,0.4763,0.5237,,False,on_map_at_end
1606,pkw,1376.0,,424.0,,1716.306,88.0,212.0,212.0,265.906,,,0.5,0.5,,False,on_map_at_end
1607,pkw,1380.0,,420.0,,834.914,100.0,272.0,148.0,300.944,,,0.6476,0.3524,,False,on_map_at_end
1610,pkw,1381.0,,419.0,,1305.017,90.0,254.0,165.0,298.764,,,0.6062,0.3938,,False,on_map_at_end
1611,pkw,1381.0,,419.0,,103.528,100.0,377.0,42.0,409.682,,,0.8998,0.1002,,False,on_map_at_end
1612,pkw,1381.0,,419.0,,89.208,100.0,391.0,28.0,409.136,,,0.9332,0.0668,,False,on_map_at_end
1613,pkw,1382.0,,418.0,,104.194,100.0,384.0,34.0,408.622,,,0.9187,0.0813,,False,on_map_at_end
1614,pkw,1382.0,,418.0,,844.265,100.0,318.0,100.0,336.787,,,0.7608,0.2392,,False,on_map_at_end
1615,pkw,1383.0,,417.0,,1198.852,67.0,278.0,139.0,304.122,,,0.6667,0.3333,,False,on_map_at_end
1617,pkw,1383.0,,417.0,,200.726,98.0,374.0,43.0,393.777,,,0.8969,0.1031,,False,on_map_at_end
1618,pkw,1384.0,,416.0,,192.486,99.0,379.0,37.0,393.869,,,0.9111,0.0889,,False,on_map_at_end
1619,pkw,1386.0,,414.0,,452.388,100.0,356.0,58.0,368.345,,,0.8599,0.1401,,False,on_map_at_end
1622,pkw,1391.0,,409.0,,379.885,100.0,361.0,48.0,374.81,,,0.8826,0.1174,,False,on_map_at_end
1623,pkw,1391.0,,409.0,,81.707,100.0,380.0,29.0,399.559,,,0.9291,0.0709,,False,on_map_at_end
1624,pkw,1391.0,,409.0,,96.027,100.0,365.0,44.0,400.357,,,0.8924,0.1076,,False,on_map_at_end
1625,pkw,1392.0,,408.0,,230.337,100.0,376.0,32.0,378.269,,,0.9216,0.0784,,False,on_map_at_end
1627,pkw,1395.0,,405.0,,134.452,84.0,354.0,51.0,392.899,,,0.8741,0.1259,,False,on_map_at_end
1630,pkw,1396.0,,404.0,,74.206,100.0,372.0,32.0,393.832,,,0.9208,0.0792,,False,on_map_at_end
1631,pkw,1398.0,,402.0,,854.468,100.0,293.0,109.0,315.543,,,0.7289,0.2711,,False,on_map_at_end
1636,pkw,1401.0,,399.0,,184.396,100.0,363.0,36.0,377.928,,,0.9098,0.0902,,False,on_map_at_end
1637,pkw,1402.0,,398.0,,222.836,100.0,366.0,32.0,368.945,,,0.9196,0.0804,,False,on_map_at_end
1638,pkw,1402.0,,398.0,,819.912,100.0,267.0,131.0,293.163,,,0.6709,0.3291,,False,on_map_at_end
1642,pkw,1407.0,,393.0,,150.516,94.0,363.0,30.0,376.28,,,0.9237,0.0763,,False,on_map_at_end
1643,pkw,1407.0,,393.0,,1000.508,90.0,252.0,141.0,297.636,,,0.6412,0.3588,,False,on_map_at_end
1644,pkw,1409.0,,391.0,,560.456,100.0,326.0,65.0,339.891,,,0.8338,0.1662,,False,on_map_at_end
1645,pkw,1409.0,,391.0,,372.384,100.0,340.0,51.0,357.485,,,0.8696,0.1304,,False,on_map_at_end
1646,pkw,1409.0,,391.0,,210.869,100.0,361.0,30.0,372.022,,,0.9233,0.0767,,False,on_map_at_end
1647,pkw,1410.0,,390.0,,364.883,100.0,338.0,52.0,357.16,,,0.8667,0.1333,,False,on_map_at_end
1648,pkw,1410.0,,390.0,,102.197,94.0,362.0,28.0,380.802,,,0.9282,0.0718,,False,on_map_at_end
1650,pkw,1412.0,,388.0,,357.382,100.0,336.0,52.0,355.835,,,0.866,0.134,,False,on_map_at_end
1652,pkw,1415.0,,385.0,,552.955,100.0,320.0,65.0,334.992,,,0.8312,0.1688,,False,on_map_at_end
1659,pkw,1422.0,,378.0,,1392.455,100.0,225.0,153.0,252.219,,,0.5952,0.4048,,False,on_map_at_end
1662,pkw,1424.0,,376.0,,66.705,100.0,347.0,29.0,368.698,,,0.9229,0.0771,,False,on_map_at_end
1668,pkw,1430.0,,370.0,,829.263,100.0,270.0,100.0,291.316,,,0.7297,0.2703,,False,on_map_at_end
1672,pkw,1432.0,,368.0,,155.249,100.0,340.0,28.0,350.735,,,0.9239,0.0761,,False,on_map_at_end
1673,pkw,1432.0,,368.0,,1321.692,100.0,212.0,156.0,237.681,,,0.5761,0.4239,,False,on_map_at_end
1674,pkw,1434.0,,366.0,,349.881,100.0,314.0,52.0,331.803,,,0.8579,0.1421,,False,on_map_at_end
1676,pkw,1436.0,,364.0,,797.409,100.0,220.0,144.0,258.242,,,0.6044,0.3956,,False,on_map_at_end
1677,pkw,1437.0,,363.0,,342.38,100.0,313.0,50.0,332.185,,,0.8623,0.1377,,False,on_map_at_end
1679,pkw,1439.0,,361.0,,334.879,100.0,310.0,51.0,330.861,,,0.8587,0.1413,,False,on_map_at_end
168,pkw,305.0,,1495.0,,711.839,100.0,1391.0,104.0,1422.763,,,0.9304,0.0696,,False,on_map_at_end
1681,pkw,1440.0,,360.0,,59.204,100.0,332.0,28.0,353.077,,,0.9222,0.0778,,False,on_map_at_end
1682,pkw,1440.0,,360.0,,143.015,94.0,332.0,28.0,341.537,,,0.9222,0.0778,,False,on_map_at_end
1686,pkw,1443.0,,357.0,,51.703,100.0,328.0,29.0,351.252,,,0.9188,0.0812,,False,on_map_at_end
1689,pkw,1445.0,,355.0,,2284.092,87.0,108.0,247.0,146.932,,,0.3042,0.6958,,False,on_map_at_end
1690,pkw,1445.0,,355.0,,135.514,93.0,326.0,29.0,337.405,,,0.9183,0.0817,,False,on_map_at_end
1691,pkw,1445.0,,355.0,,1774.13,100.0,169.0,186.0,193.582,,,0.4761,0.5239,,False,on_map_at_end
1693,pkw,1446.0,,354.0,,126.951,83.0,306.0,48.0,342.574,,,0.8644,0.1356,,False,on_map_at_end
1694,pkw,1446.0,,354.0,,814.261,100.0,253.0,101.0,276.487,,,0.7147,0.2853,,False,on_map_at_end
1695,pkw,1447.0,,353.0,,1443.664,87.0,167.0,186.0,196.461,,,0.4731,0.5269,,False,on_map_at_end
1699,pkw,1449.0,,351.0,,806.76,100.0,249.0,102.0,275.876,,,0.7094,0.2906,,False,on_map_at_end
1700,pkw,1450.0,,350.0,,44.202,100.0,323.0,27.0,345.556,,,0.9229,0.0771,,False,on_map_at_end
1701,pkw,1451.0,,349.0,,1334.971,100.0,209.0,140.0,228.135,,,0.5989,0.4011,,False,on_map_at_end
1704,pkw,1452.0,,348.0,,327.378,100.0,300.0,48.0,318.536,,,0.8621,0.1379,,False,on_map_at_end
1705,pkw,1452.0,,348.0,,522.951,100.0,279.0,69.0,300.479,,,0.8017,0.1983,,False,on_map_at_end
1706,pkw,1454.0,,346.0,,515.45,100.0,275.0,71.0,298.891,,,0.7948,0.2052,,False,on_map_at_end
1707,pkw,1455.0,,345.0,,96.693,100.0,309.0,36.0,336.298,,,0.8957,0.1043,,False,on_map_at_end
1708,pkw,1456.0,,344.0,,488.403,73.0,278.0,66.0,292.289,,,0.8081,0.1919,,False,on_map_at_end
1711,pkw,1456.0,,344.0,,2484.43,47.0,77.0,267.0,112.481,,,0.2238,0.7762,,False,on_map_at_end
1713,pkw,1459.0,,341.0,,1055.716,0.0,222.0,119.0,235.46,,,0.651,0.349,,False,on_map_at_end
1714,pkw,1461.0,,339.0,,569.089,73.0,271.0,68.0,287.781,,,0.7994,0.2006,,False,on_map_at_end
1715,pkw,1461.0,,339.0,,841.206,100.0,226.0,113.0,252.01,,,0.6667,0.3333,,False,on_map_at_end
1716,pkw,1462.0,,338.0,,36.701,100.0,311.0,27.0,332.88,,,0.9201,0.0799,,False,on_map_at_end
1717,pkw,1463.0,,337.0,,218.776,93.0,292.0,45.0,308.493,,,0.8665,0.1335,,False,on_map_at_end
1719,pkw,1465.0,,335.0,,1992.723,89.0,124.0,211.0,155.186,,,0.3701,0.6299,,False,on_map_at_end
1721,pkw,1467.0,,333.0,,1212.999,64.0,184.0,149.0,219.702,,,0.5526,0.4474,,False,on_map_at_end
1722,pkw,1469.0,,331.0,,29.2,100.0,304.0,27.0,326.982,,,0.9184,0.0816,,False,on_map_at_end
1723,pkw,1473.0,,327.0,,119.45,83.0,279.0,48.0,316.249,,,0.8532,0.1468,,False,on_map_at_end
1724,pkw,1473.0,,327.0,,147.748,100.0,298.0,29.0,307.537,,,0.9113,0.0887,,False,on_map_at_end
1725,pkw,1475.0,,325.0,,111.949,82.0,277.0,48.0,314.925,,,0.8523,0.1477,,False,on_map_at_end
1727,pkw,1477.0,,323.0,,140.247,100.0,293.0,30.0,307.668,,,0.9071,0.0929,,False,on_map_at_end
1731,pkw,1481.0,,319.0,,319.877,100.0,273.0,46.0,290.211,,,0.8558,0.1442,,False,on_map_at_end
1734,pkw,1486.0,,314.0,,2224.141,62.0,72.0,242.0,112.88,,,0.2293,0.7707,,False,on_map_at_end
1735,pkw,1487.0,,313.0,,743.211,66.0,229.0,84.0,246.11,,,0.7316,0.2684,,False,on_map_at_end
1738,pkw,1490.0,,310.0,,312.376,100.0,263.0,47.0,281.886,,,0.8484,0.1516,,False,on_map_at_end
1739,pkw,1490.0,,310.0,,2348.216,5.0,7.0,303.0,42.802,,,0.0226,0.9774,,False,on_map_at_end
1740,pkw,1490.0,,310.0,,978.005,91.0,188.0,122.0,211.092,,,0.6065,0.3935,,False,on_map_at_end
1741,pkw,1491.0,,309.0,,304.875,100.0,262.0,47.0,281.561,,,0.8479,0.1521,,False,on_map_at_end
1744,pkw,1492.0,,308.0,,1837.157,100.0,109.0,199.0,135.36,,,0.3539,0.6461,,False,on_map_at_end
1745,pkw,1493.0,,307.0,,297.374,100.0,259.0,48.0,280.236,,,0.8436,0.1564,,False,on_map_at_end
1746,pkw,1494.0,,306.0,,2020.013,60.0,103.0,203.0,123.111,,,0.3366,0.6634,,False,on_map_at_end
1749,pkw,1495.0,,305.0,,2032.37,55.0,96.0,209.0,121.611,,,0.3148,0.6852,,False,on_map_at_end
1750,pkw,1499.0,,301.0,,203.368,100.0,271.0,30.0,282.697,,,0.9003,0.0997,,False,on_map_at_end
1751,pkw,1499.0,,301.0,,104.448,81.0,255.0,46.0,291.6,,,0.8472,0.1528,,False,on_map_at_end
1752,pkw,1501.0,,299.0,,245.339,100.0,261.0,38.0,267.919,,,0.8729,0.1271,,False,on_map_at_end
1754,pkw,1502.0,,298.0,,2065.5,50.0,75.0,223.0,109.838,,,0.2517,0.7483,,False,on_map_at_end
1756,pkw,1502.0,,298.0,,96.947,80.0,251.0,47.0,289.275,,,0.8423,0.1577,,False,on_map_at_end
1758,pkw,1505.0,,295.0,,1329.134,100.0,150.0,145.0,168.111,,,0.5085,0.4915,,False,on_map_at_end
1759,pkw,1505.0,,295.0,,211.275,93.0,255.0,40.0,270.85,,,0.8644,0.1356,,False,on_map_at_end
1761,pkw,1509.0,,291.0,,237.838,100.0,256.0,35.0,260.594,,,0.8797,0.1203,,False,on_map_at_end
1762,pkw,1509.0,,291.0,,2283.799,4.0,5.0,286.0,48.42,,,0.0172,0.9828,,False,on_map_at_end
1763,pkw,1510.0,,290.0,,1475.633,100.0,130.0,160.0,156.327,,,0.4483,0.5517,,False,on_map_at_end
1764,pkw,1511.0,,289.0,,88.526,100.0,246.0,43.0,281.033,,,0.8512,0.1488,,False,on_map_at_end
1767,pkw,1515.0,,285.0,,2404.007,0.0,37.0,248.0,68.219,,,0.1298,0.8702,,False,on_map_at_end
1768,pkw,1515.0,,285.0,,289.873,100.0,239.0,46.0,258.911,,,0.8386,0.1614,,False,on_map_at_end
1769,pkw,1516.0,,284.0,,282.372,100.0,238.0,46.0,258.586,,,0.838,0.162,,False,on_map_at_end
1770,pkw,1518.0,,282.0,,1178.964,89.0,146.0,136.0,173.3,,,0.5177,0.4823,,False,on_map_at_end
1771,pkw,1518.0,,282.0,,561.427,100.0,201.0,81.0,231.182,,,0.7128,0.2872,,False,on_map_at_end
1772,pkw,1519.0,,281.0,,2265.725,5.0,5.0,276.0,30.218,,,0.0178,0.9822,,False,on_map_at_end
1774,pkw,1520.0,,280.0,,1555.692,71.0,93.0,187.0,124.541,,,0.3321,0.6679,,False,on_map_at_end
1775,pkw,1521.0,,279.0,,21.699,100.0,263.0,16.0,276.646,,,0.9427,0.0573,,False,on_map_at_end
1776,pkw,1522.0,,278.0,,507.949,100.0,208.0,70.0,231.742,,,0.7482,0.2518,,False,on_map_at_end
1777,pkw,1524.0,,276.0,,274.871,100.0,231.0,45.0,251.261,,,0.837,0.163,,False,on_map_at_end
1778,pkw,1527.0,,273.0,,267.37,100.0,229.0,44.0,248.936,,,0.8388,0.1612,,False,on_map_at_end
1779,pkw,1528.0,,272.0,,1454.159,88.0,112.0,160.0,140.295,,,0.4118,0.5882,,False,on_map_at_end
1781,pkw,1532.0,,268.0,,2703.778,0.0,0.0,268.0,21.957,,,0.0,1.0,,False,on_map_at_end
1782,pkw,1533.0,,267.0,,1453.069,72.0,113.0,154.0,135.699,,,0.4232,0.5768,,False,on_map_at_end
1785,pkw,1534.0,,266.0,,14.198,100.0,255.0,11.0,264.293,,,0.9586,0.0414,,False,on_map_at_end
1786,pkw,1536.0,,264.0,,2225.697,4.0,3.0,261.0,29.656,,,0.0114,0.9886,,False,on_map_at_end
1787,pkw,1538.0,,262.0,,259.869,100.0,219.0,43.0,238.612,,,0.8359,0.1641,,False,on_map_at_end
1788,pkw,1538.0,,262.0,,1471.757,81.0,83.0,179.0,127.26,,,0.3168,0.6832,,False,on_map_at_end
1789,pkw,1539.0,,261.0,,341.82,64.0,213.0,48.0,230.236,,,0.8161,0.1839,,False,on_map_at_end
1791,pkw,1540.0,,260.0,,1446.658,86.0,98.0,162.0,127.941,,,0.3769,0.6231,,False,on_map_at_end
1792,pkw,1541.0,,259.0,,528.144,93.0,192.0,67.0,205.974,,,0.7413,0.2587,,False,on_map_at_end
1794,pkw,1546.0,,254.0,,252.368,100.0,212.0,42.0,231.287,,,0.8346,0.1654,,False,on_map_at_end
1796,pkw,1551.0,,249.0,,89.446,79.0,202.0,47.0,240.95,,,0.8112,0.1888,,False,on_map_at_end
1797,pkw,1551.0,,249.0,,500.448,100.0,185.0,64.0,203.206,,,0.743,0.257,,False,on_map_at_end
1798,pkw,1552.0,,248.0,,81.945,78.0,198.0,50.0,240.625,,,0.7984,0.2016,,False,on_map_at_end
1799,pkw,1554.0,,246.0,,6.697,100.0,236.0,10.0,245.02,,,0.9593,0.0407,,False,on_map_at_end
1800,pkw,1555.0,,245.0,,244.867,100.0,201.0,44.0,222.962,,,0.8204,0.1796,,False,on_map_at_end
1801,pkw,1556.0,,244.0,,767.404,100.0,130.0,114.0,142.408,,,0.5328,0.4672,,False,on_map_at_end
1802,pkw,1559.0,,241.0,,2129.018,16.0,17.0,224.0,39.882,,,0.0705,0.9295,,False,on_map_at_end
1803,pkw,1559.0,,241.0,,752.402,91.0,104.0,137.0,123.092,,,0.4315,0.5685,,False,on_map_at_end
1805,pkw,1564.0,,236.0,,361.948,100.0,180.0,56.0,200.122,,,0.7627,0.2373,,False,on_map_at_end
1806,pkw,1564.0,,236.0,,1464.256,78.0,82.0,154.0,102.65,,,0.3475,0.6525,,False,on_map_at_end
1807,pkw,1565.0,,235.0,,453.347,94.0,168.0,67.0,182.146,,,0.7149,0.2851,,False,on_map_at_end
1809,pkw,1566.0,,234.0,,889.859,100.0,139.0,95.0,152.566,,,0.594,0.406,,False,on_map_at_end
1810,pkw,1567.0,,233.0,,74.444,77.0,184.0,49.0,226.3,,,0.7897,0.2103,,False,on_map_at_end
1813,pkw,1575.0,,225.0,,720.708,64.0,137.0,88.0,160.136,,,0.6089,0.3911,,False,on_map_at_end
1814,pkw,1580.0,,220.0,,1557.279,38.0,51.0,169.0,79.609,,,0.2318,0.7682,,False,on_map_at_end
1815,pkw,1582.0,,218.0,,128.013,93.0,192.0,26.0,202.516,,,0.8807,0.1193,,False,on_map_at_end
1818,pkw,1584.0,,216.0,,1899.558,0.0,31.0,185.0,45.038,,,0.1435,0.8565,,False,on_map_at_end
1819,pkw,1585.0,,215.0,,89.192,100.0,195.0,20.0,206.973,,,0.907,0.093,,False,on_map_at_end
1820,pkw,1587.0,,213.0,,1698.737,18.0,19.0,194.0,46.708,,,0.0892,0.9108,,False,on_map_at_end
1821,pkw,1590.0,,210.0,,1163.759,74.0,86.0,124.0,102.196,,,0.4095,0.5905,,False,on_map_at_end
1822,pkw,1590.0,,210.0,,737.763,65.0,110.0,100.0,139.723,,,0.5238,0.4762,,False,on_map_at_end
1823,pkw,1591.0,,209.0,,1333.475,76.0,75.0,134.0,88.419,,,0.3589,0.6411,,False,on_map_at_end
1824,pkw,1591.0,,209.0,,1832.383,5.0,17.0,192.0,42.912,,,0.0813,0.9187,,False,on_map_at_end
1825,pkw,1593.0,,207.0,,1429.299,46.0,58.0,149.0,77.485,,,0.2802,0.7198,,False,on_map_at_end
1826,pkw,1596.0,,204.0,,1743.351,0.0,0.0,204.0,13.223,,,0.0,1.0,,False,on_map_at_end
1827,pkw,1597.0,,203.0,,326.505,100.0,140.0,63.0,169.358,,,0.6897,0.3103,,False,on_map_at_end
1828,pkw,1598.0,,202.0,,1686.668,0.0,5.0,197.0,30.226,,,0.0248,0.9752,,False,on_map_at_end
1829,pkw,1600.0,,200.0,,132.746,100.0,178.0,22.0,183.17,,,0.89,0.11,,False,on_map_at_end
1830,pkw,1600.0,,200.0,,1757.125,0.0,18.0,182.0,39.749,,,0.09,0.91,,False,on_map_at_end
1831,pkw,1601.0,,199.0,,81.025,100.0,177.0,22.0,191.708,,,0.8894,0.1106,,False,on_map_at_end
1832,pkw,1606.0,,194.0,,81.691,100.0,176.0,18.0,186.648,,,0.9072,0.0928,,False,on_map_at_end
1834,pkw,1608.0,,192.0,,287.897,100.0,142.0,50.0,160.275,,,0.7396,0.2604,,False,on_map_at_end
1835,pkw,1608.0,,192.0,,1449.254,46.0,45.0,147.0,59.794,,,0.2344,0.7656,,False,on_map_at_end
1836,pkw,1610.0,,190.0,,595.297,63.0,114.0,76.0,135.628,,,0.6,0.4,,False,on_map_at_end
1837,pkw,1611.0,,189.0,,402.093,86.0,130.0,59.0,151.283,,,0.6878,0.3122,,False,on_map_at_end
1838,pkw,1611.0,,189.0,,237.366,100.0,149.0,40.0,167.637,,,0.7884,0.2116,,False,on_map_at_end
1839,pkw,1614.0,,186.0,,951.979,75.0,74.0,112.0,85.992,,,0.3978,0.6022,,False,on_map_at_end
1840,pkw,1616.0,,184.0,,197.086,100.0,153.0,31.0,166.262,,,0.8315,0.1685,,False,on_map_at_end
1842,pkw,1617.0,,183.0,,1317.669,31.0,37.0,146.0,58.799,,,0.2022,0.7978,,False,on_map_at_end
1843,pkw,1618.0,,182.0,,1611.241,0.0,2.0,180.0,28.531,,,0.011,0.989,,False,on_map_at_end
1844,pkw,1618.0,,182.0,,761.753,100.0,101.0,81.0,110.776,,,0.5549,0.4451,,False,on_map_at_end
1845,pkw,1619.0,,181.0,,1773.596,0.0,2.0,179.0,20.37,,,0.011,0.989,,False,on_map_at_end
1847,pkw,1623.0,,177.0,,698.205,61.0,87.0,90.0,114.161,,,0.4915,0.5085,,False,on_map_at_end
1848,pkw,1628.0,,172.0,,462.943,100.0,125.0,47.0,129.857,,,0.7267,0.2733,,False,on_map_at_end
1849,pkw,1628.0,,172.0,,744.901,45.0,44.0,128.0,64.496,,,0.2558,0.7442,,False,on_map_at_end
1851,pkw,1629.0,,171.0,,1594.338,0.0,13.0,158.0,26.607,,,0.076,0.924,,False,on_map_at_end
1852,pkw,1630.0,,170.0,,1127.898,43.0,46.0,124.0,65.036,,,0.2706,0.7294,,False,on_map_at_end
1854,pkw,1635.0,,165.0,,1490.564,0.0,13.0,152.0,29.228,,,0.0788,0.9212,,False,on_map_at_end
1855,pkw,1635.0,,165.0,,229.865,100.0,124.0,41.0,144.312,,,0.7515,0.2485,,False,on_map_at_end
1857,pkw,1638.0,,162.0,,977.386,0.0,0.0,162.0,17.723,,,0.0,1.0,,False,on_map_at_end
1858,pkw,1639.0,,161.0,,76.605,100.0,148.0,13.0,146.105,,,0.9193,0.0807,,False,on_map_at_end
1859,pkw,1640.0,,160.0,,920.638,49.0,56.0,104.0,71.423,,,0.35,0.65,,False,on_map_at_end
1861,pkw,1643.0,,157.0,,750.709,46.0,64.0,93.0,84.439,,,0.4076,0.5924,,False,on_map_at_end
1862,pkw,1644.0,,156.0,,230.337,100.0,130.0,26.0,126.046,,,0.8333,0.1667,,False,on_map_at_end
1863,pkw,1644.0,,156.0,,1219.488,22.0,21.0,135.0,40.805,,,0.1346,0.8654,,False,on_map_at_end
1864,pkw,1645.0,,155.0,,1267.551,17.0,16.0,139.0,28.888,,,0.1032,0.8968,,False,on_map_at_end
1865,pkw,1647.0,,153.0,,66.943,81.0,109.0,44.0,146.975,,,0.7124,0.2876,,False,on_map_at_end
1866,pkw,1647.0,,153.0,,257.799,93.0,121.0,32.0,129.798,,,0.7908,0.2092,,False,on_map_at_end
1867,pkw,1649.0,,151.0,,950.057,16.0,16.0,135.0,34.844,,,0.106,0.894,,False,on_map_at_end
1868,pkw,1649.0,,151.0,,1268.979,6.0,6.0,145.0,24.698,,,0.0397,0.9603,,False,on_map_at_end
1869,pkw,1650.0,,150.0,,311.816,63.0,103.0,47.0,121.936,,,0.6867,0.3133,,False,on_map_at_end
1872,pkw,1653.0,,147.0,,1453.397,3.0,3.0,144.0,16.193,,,0.0204,0.9796,,False,on_map_at_end
1873,pkw,1654.0,,146.0,,222.364,100.0,108.0,38.0,125.987,,,0.7397,0.2603,,False,on_map_at_end
1874,pkw,1654.0,,146.0,,455.442,100.0,99.0,47.0,104.779,,,0.6781,0.3219,,False,on_map_at_end
1875,pkw,1655.0,,145.0,,270.928,100.0,110.0,35.0,120.4,,,0.7586,0.2414,,False,on_map_at_end
1876,pkw,1658.0,,142.0,,1312.172,3.0,3.0,139.0,18.183,,,0.0211,0.9789,,False,on_map_at_end
1877,pkw,1662.0,,138.0,,847.239,20.0,36.0,102.0,59.915,,,0.2609,0.7391,,False,on_map_at_end
1878,pkw,1665.0,,135.0,,1312.211,0.0,0.0,135.0,8.899,,,0.0,1.0,,False,on_map_at_end
1879,pkw,1666.0,,134.0,,925.136,7.0,7.0,127.0,28.193,,,0.0522,0.9478,,False,on_map_at_end
1880,pkw,1667.0,,133.0,,1098.818,17.0,17.0,116.0,30.425,,,0.1278,0.8722,,False,on_map_at_end
1881,pkw,1668.0,,132.0,,59.442,80.0,104.0,28.0,126.65,,,0.7879,0.2121,,False,on_map_at_end
1883,pkw,1669.0,,131.0,,125.245,100.0,113.0,18.0,118.416,,,0.8626,0.1374,,False,on_map_at_end
1884,pkw,1670.0,,130.0,,137.566,82.0,111.0,19.0,117.189,,,0.8538,0.1462,,False,on_map_at_end
1885,pkw,1671.0,,129.0,,873.359,40.0,40.0,89.0,49.401,,,0.3101,0.6899,,False,on_map_at_end
1886,pkw,1671.0,,129.0,,1179.611,11.0,11.0,118.0,21.603,,,0.0853,0.9147,,False,on_map_at_end
1887,pkw,1672.0,,128.0,,914.835,37.0,36.0,92.0,44.954,,,0.2812,0.7188,,False,on_map_at_end
1888,pkw,1673.0,,127.0,,1030.582,10.0,10.0,117.0,24.366,,,0.0787,0.9213,,False,on_map_at_end
1889,pkw,1675.0,,125.0,,811.776,29.0,35.0,90.0,44.9,,,0.28,0.72,,False,on_map_at_end
1890,pkw,1675.0,,125.0,,877.388,33.0,32.0,93.0,45.604,,,0.256,0.744,,False,on_map_at_end
1891,pkw,1680.0,,120.0,,1117.223,6.0,6.0,114.0,18.704,,,0.05,0.95,,False,on_map_at_end
1892,pkw,1681.0,,119.0,,296.814,61.0,71.0,48.0,92.286,,,0.5966,0.4034,,False,on_map_at_end
1893,pkw,1681.0,,119.0,,1178.084,1.0,1.0,118.0,12.971,,,0.0084,0.9916,,False,on_map_at_end
1894,pkw,1681.0,,119.0,,74.19,100.0,109.0,10.0,112.323,,,0.916,0.084,,False,on_map_at_end
1896,pkw,1682.0,,118.0,,1157.103,0.0,0.0,118.0,9.988,,,0.0,1.0,,False,on_map_at_end
1897,pkw,1682.0,,118.0,,996.029,11.0,11.0,107.0,25.674,,,0.0932,0.9068,,False,on_map_at_end
1898,pkw,1683.0,,117.0,,982.311,10.0,12.0,105.0,27.303,,,0.1026,0.8974,,False,on_map_at_end
1899,pkw,1684.0,,116.0,,117.744,98.0,97.0,19.0,102.219,,,0.8362,0.1638,,False,on_map_at_end
1900,pkw,1688.0,,112.0,,931.818,14.0,14.0,98.0,19.557,,,0.125,0.875,,False,on_map_at_end
1901,pkw,1689.0,,111.0,,1155.822,0.0,0.0,111.0,6.301,,,0.0,1.0,,False,on_map_at_end
1902,pkw,1691.0,,109.0,,603.809,35.0,34.0,75.0,53.71,,,0.3119,0.6881,,False,on_map_at_end
1903,pkw,1691.0,,109.0,,940.509,0.0,0.0,109.0,10.231,,,0.0,1.0,,False,on_map_at_end
1904,pkw,1692.0,,108.0,,340.672,58.0,57.0,51.0,76.981,,,0.5278,0.4722,,False,on_map_at_end
1905,pkw,1695.0,,105.0,,826.664,18.0,18.0,87.0,28.87,,,0.1714,0.8286,,False,on_map_at_end
1906,pkw,1695.0,,105.0,,214.863,83.0,82.0,23.0,85.662,,,0.781,0.219,,False,on_map_at_end
1907,pkw,1696.0,,104.0,,873.689,0.0,0.0,104.0,10.215,,,0.0,1.0,,False,on_map_at_end
1908,pkw,1698.0,,102.0,,679.881,8.0,8.0,94.0,20.344,,,0.0784,0.9216,,False,on_map_at_end
1909,pkw,1698.0,,102.0,,207.362,81.0,80.0,22.0,83.337,,,0.7843,0.2157,,False,on_map_at_end
1910,pkw,1701.0,,99.0,,975.923,0.0,0.0,99.0,9.25,,,0.0,1.0,,False,on_map_at_end
1911,pkw,1702.0,,98.0,,195.867,77.0,76.0,22.0,80.372,,,0.7755,0.2245,,False,on_map_at_end
1912,pkw,1702.0,,98.0,,1035.993,0.0,0.0,98.0,4.76,,,0.0,1.0,,False,on_map_at_end
1913,pkw,1704.0,,96.0,,796.561,15.0,15.0,81.0,24.237,,,0.1562,0.8438,,False,on_map_at_end
1914,pkw,1704.0,,96.0,,980.523,0.0,0.0,96.0,7.259,,,0.0,1.0,,False,on_map_at_end
1915,pkw,1705.0,,95.0,,831.834,5.0,5.0,90.0,19.123,,,0.0526,0.9474,,False,on_map_at_end
1916,pkw,1708.0,,92.0,,963.534,0.0,0.0,92.0,4.482,,,0.0,1.0,,False,on_map_at_end
1917,pkw,1709.0,,91.0,,902.904,0.0,0.0,91.0,8.059,,,0.0,1.0,,False,on_map_at_end
1918,pkw,1709.0,,91.0,,763.104,0.0,0.0,91.0,8.238,,,0.0,1.0,,False,on_map_at_end
1919,pkw,1709.0,,91.0,,901.758,0.0,0.0,91.0,6.322,,,0.0,1.0,,False,on_map_at_end
1920,pkw,1711.0,,89.0,,685.822,6.0,6.0,83.0,18.099,,,0.0674,0.9326,,False,on_map_at_end
1921,pkw,1712.0,,88.0,,110.243,73.0,72.0,16.0,77.388,,,0.8182,0.1818,,False,on_map_at_end
1922,pkw,1712.0,,88.0,,849.979,1.0,1.0,87.0,10.845,,,0.0114,0.9886,,False,on_map_at_end
1923,pkw,1712.0,,88.0,,623.251,17.0,17.0,71.0,31.907,,,0.1932,0.8068,,False,on_map_at_end
1924,pkw,1713.0,,87.0,,864.608,0.0,0.0,87.0,5.042,,,0.0,1.0,,False,on_map_at_end
1925,pkw,1715.0,,85.0,,589.463,0.0,0.0,85.0,7.178,,,0.0,1.0,,False,on_map_at_end
1926,pkw,1715.0,,85.0,,859.372,0.0,0.0,85.0,7.564,,,0.0,1.0,,False,on_map_at_end
1927,pkw,1715.0,,85.0,,199.86,64.0,63.0,22.0,67.012,,,0.7412,0.2588,,False,on_map_at_end
1928,pkw,1716.0,,84.0,,444.959,41.0,40.0,44.0,43.953,,,0.4762,0.5238,,False,on_map_at_end
1929,pkw,1718.0,,82.0,,819.916,0.0,0.0,82.0,6.276,,,0.0,1.0,,False,on_map_at_end
1930,pkw,1723.0,,77.0,,758.543,0.0,0.0,77.0,6.506,,,0.0,1.0,,False,on_map_at_end
1932,pkw,1730.0,,70.0,,51.941,62.0,61.0,9.0,65.325,,,0.8714,0.1286,,False,on_map_at_end
1933,pkw,1731.0,,69.0,,437.458,26.0,25.0,44.0,29.628,,,0.3623,0.6377,,False,on_map_at_end
1934,pkw,1731.0,,69.0,,102.379,55.0,54.0,15.0,59.455,,,0.7826,0.2174,,False,on_map_at_end
1935,pkw,1732.0,,68.0,,597.641,0.0,0.0,68.0,13.765,,,0.0,1.0,,False,on_map_at_end
1936,pkw,1734.0,,66.0,,682.176,0.0,0.0,66.0,4.447,,,0.0,1.0,,False,on_map_at_end
1937,pkw,1736.0,,64.0,,682.247,0.0,0.0,64.0,2.597,,,0.0,1.0,,False,on_map_at_end
1938,pkw,1737.0,,63.0,,542.151,6.0,6.0,57.0,14.206,,,0.0952,0.9048,,False,on_map_at_end
1939,pkw,1739.0,,61.0,,297.1,27.0,27.0,34.0,33.076,,,0.4426,0.5574,,False,on_map_at_end
1940,pkw,1739.0,,61.0,,537.204,3.0,3.0,58.0,12.651,,,0.0492,0.9508,,False,on_map_at_end
1941,pkw,1740.0,,60.0,,589.742,0.0,0.0,60.0,3.994,,,0.0,1.0,,False,on_map_at_end
1943,pkw,1740.0,,60.0,,280.282,0.0,0.0,60.0,4.973,,,0.0,1.0,,False,on_map_at_end
1944,pkw,1740.0,,60.0,,513.669,5.0,4.0,56.0,11.069,,,0.0667,0.9333,,False,on_map_at_end
1945,pkw,1741.0,,59.0,,624.814,0.0,0.0,59.0,2.766,,,0.0,1.0,,False,on_map_at_end
1946,pkw,1742.0,,58.0,,589.399,0.0,0.0,58.0,4.328,,,0.0,1.0,,False,on_map_at_end
1947,pkw,1743.0,,57.0,,419.4,0.0,0.0,57.0,4.719,,,0.0,1.0,,False,on_map_at_end
1948,pkw,1744.0,,56.0,,376.969,9.0,9.0,47.0,17.187,,,0.1607,0.8393,,False,on_map_at_end
1949,pkw,1745.0,,55.0,,509.285,0.0,0.0,55.0,5.979,,,0.0,1.0,,False,on_map_at_end
1950,pkw,1745.0,,55.0,,432.709,2.0,2.0,53.0,10.083,,,0.0364,0.9636,,False,on_map_at_end
1951,pkw,1746.0,,54.0,,99.559,42.0,41.0,13.0,45.04,,,0.7593,0.2407,,False,on_map_at_end
1952,pkw,1746.0,,54.0,,405.629,8.0,7.0,47.0,17.493,,,0.1296,0.8704,,False,on_map_at_end
1953,pkw,1747.0,,53.0,,359.339,11.0,10.0,43.0,20.659,,,0.1887,0.8113,,False,on_map_at_end
1954,pkw,1749.0,,51.0,,330.723,14.0,14.0,37.0,20.977,,,0.2745,0.7255,,False,on_map_at_end
1955,pkw,1750.0,,50.0,,308.535,0.0,0.0,50.0,4.192,,,0.0,1.0,,False,on_map_at_end
1956,pkw,1751.0,,49.0,,427.617,0.0,0.0,49.0,4.034,,,0.0,1.0,,False,on_map_at_end
1957,pkw,1752.0,,48.0,,332.979,10.0,9.0,39.0,17.596,,,0.1875,0.8125,,False,on_map_at_end
1958,pkw,1754.0,,46.0,,102.379,33.0,32.0,14.0,36.423,,,0.6957,0.3043,,False,on_map_at_end
1959,pkw,1755.0,,45.0,,73.524,35.0,34.0,11.0,38.383,,,0.7556,0.2444,,False,on_map_at_end
1960,pkw,1756.0,,44.0,,445.62,0.0,0.0,44.0,2.068,,,0.0,1.0,,False,on_map_at_end
1961,pkw,1756.0,,44.0,,354.663,6.0,6.0,38.0,11.608,,,0.1364,0.8636,,False,on_map_at_end
1962,pkw,1756.0,,44.0,,366.555,0.0,0.0,44.0,5.015,,,0.0,1.0,,False,on_map_at_end
1963,pkw,1758.0,,42.0,,44.44,36.0,35.0,7.0,38.0,,,0.8333,0.1667,,False,on_map_at_end
1964,pkw,1761.0,,39.0,,192.359,18.0,17.0,22.0,21.687,,,0.4359,0.5641,,False,on_map_at_end
1966,pkw,1763.0,,37.0,,329.827,0.0,0.0,37.0,7.147,,,0.0,1.0,,False,on_map_at_end
1967,pkw,1764.0,,36.0,,332.553,0.0,0.0,36.0,6.003,,,0.0,1.0,,False,on_map_at_end
1968,pkw,1765.0,,35.0,,275.799,0.0,0.0,35.0,3.02,,,0.0,1.0,,False,on_map_at_end
1969,pkw,1766.0,,34.0,,353.838,0.0,0.0,34.0,1.713,,,0.0,1.0,,False,on_map_at_end
1970,pkw,1767.0,,33.0,,197.0,4.0,3.0,30.0,14.449,,,0.0909,0.9091,,False,on_map_at_end
1973,pkw,1773.0,,27.0,,279.323,0.0,0.0,27.0,1.861,,,0.0,1.0,,False,on_map_at_end
1975,pkw,1777.0,,23.0,,102.742,6.0,5.0,18.0,11.591,,,0.2174,0.7826,,False,on_map_at_end
1976,pkw,1779.0,,21.0,,210.533,0.0,0.0,21.0,2.052,,,0.0,1.0,,False,on_map_at_end
1977,pkw,1781.0,,19.0,,94.878,7.0,6.0,13.0,9.612,,,0.3158,0.6842,,False,on_map_at_end
1978,pkw,1784.0,,16.0,,144.665,0.0,0.0,16.0,2.742,,,0.0,1.0,,False,on_map_at_end
1979,pkw,1785.0,,15.0,,151.109,0.0,0.0,15.0,0.971,,,0.0,1.0,,False,on_map_at_end
1980,pkw,1786.0,,14.0,,148.099,0.0,0.0,14.0,0.671,,,0.0,1.0,,False,on_map_at_end
1981,pkw,1787.0,,13.0,,109.639,0.0,0.0,13.0,0.556,,,0.0,1.0,,False,on_map_at_end
1982,pkw,1790.0,,10.0,,93.333,0.0,0.0,10.0,1.6,,,0.0,1.0,,False,on_map_at_end
1983,pkw,1790.0,,10.0,,86.171,0.0,0.0,10.0,1.475,,,0.0,1.0,,False,on_map_at_end
1984,pkw,1790.0,,10.0,,105.762,0.0,0.0,10.0,0.481,,,0.0,1.0,,False,on_map_at_end
1985,pkw,1791.0,,9.0,,71.209,0.0,0.0,9.0,2.591,,,0.0,1.0,,False,on_map_at_end
1986,pkw,1791.0,,9.0,,36.937,2.0,1.0,8.0,5.676,,,0.1111,0.8889,,False,on_map_at_end
1987,pkw,1794.0,,6.0,,64.099,0.0,0.0,6.0,0.231,,,0.0,1.0,,False,on_map_at_end
1988,pkw,1794.0,,6.0,,63.2,0.0,0.0,6.0,0.312,,,0.0,1.0,,False,on_map_at_end
1989,pkw,1799.0,,1.0,,10.497,0.0,0.0,1.0,0.055,,,0.0,1.0,,False,on_map_at_end
1990,pkw,1799.0,,1.0,,6.941,0.0,0.0,1.0,0.375,,,0.0,1.0,,False,on_map_at_end
202,pkw,349.0,,1451.0,,1676.269,100.0,1231.0,220.0,1281.71,,,0.8484,0.1516,,False,on_map_at_end
212,pkw,365.0,,1435.0,,873.465,100.0,1308.0,127.0,1341.485,,,0.9115,0.0885,,False,on_map_at_end
22,pkw,35.0,,1765.0,,2150.223,38.0,1525.0,240.0,1565.645,,,0.864,0.136,,False,on_map_at_end
222,pkw,382.0,,1418.0,,636.987,100.0,1316.0,102.0,1347.806,,,0.9281,0.0719,,False,on_map_at_end
231,pkw,393.0,,1407.0,,1614.411,100.0,1158.0,249.0,1215.594,,,0.823,0.177,,False,on_map_at_end
234,pkw,400.0,,1400.0,,488.894,100.0,1298.0,102.0,1330.79,,,0.9271,0.0729,,False,on_map_at_end
245,pkw,414.0,,1386.0,,1764.22,100.0,1149.0,237.0,1207.459,,,0.829,0.171,,False,on_map_at_end
250,pkw,418.0,,1382.0,,1638.764,100.0,1163.0,219.0,1225.053,,,0.8415,0.1585,,False,on_map_at_end
254,pkw,423.0,,1377.0,,936.642,100.0,1258.0,119.0,1292.701,,,0.9136,0.0864,,False,on_map_at_end
256,pkw,430.0,,1370.0,,1536.719,100.0,1121.0,249.0,1184.103,,,0.8182,0.1818,,False,on_map_at_end
260,pkw,435.0,,1365.0,,880.153,100.0,1254.0,111.0,1285.142,,,0.9187,0.0813,,False,on_map_at_end
266,pkw,440.0,,1360.0,,1756.719,100.0,1134.0,226.0,1201.396,,,0.8338,0.1662,,False,on_map_at_end
267,pkw,442.0,,1358.0,,852.408,100.0,1235.0,123.0,1281.213,,,0.9094,0.0906,,False,on_map_at_end
268,pkw,443.0,,1357.0,,1577.644,100.0,1150.0,207.0,1210.823,,,0.8475,0.1525,,False,on_map_at_end
272,pkw,447.0,,1353.0,,844.907,100.0,1227.0,126.0,1276.819,,,0.9069,0.0931,,False,on_map_at_end
276,pkw,451.0,,1349.0,,1236.089,100.0,1204.0,145.0,1228.845,,,0.8925,0.1075,,False,on_map_at_end
280,pkw,454.0,,1346.0,,1247.755,100.0,1170.0,176.0,1223.472,,,0.8692,0.1308,,False,on_map_at_end
285,pkw,466.0,,1334.0,,2365.077,100.0,1026.0,308.0,1080.269,,,0.7691,0.2309,,False,on_map_at_end
291,pkw,471.0,,1329.0,,1356.629,100.0,1179.0,150.0,1202.752,,,0.8871,0.1129,,False,on_map_at_end
305,pkw,484.0,,1316.0,,524.051,100.0,1233.0,83.0,1259.544,,,0.9369,0.0631,,False,on_map_at_end
312,pkw,492.0,,1308.0,,894.245,100.0,1205.0,103.0,1227.642,,,0.9213,0.0787,,False,on_map_at_end
314,pkw,498.0,,1302.0,,1187.747,100.0,1135.0,167.0,1188.583,,,0.8717,0.1283,,False,on_map_at_end
322,pkw,509.0,,1291.0,,2000.435,100.0,1043.0,248.0,1100.851,,,0.8079,0.1921,,False,on_map_at_end
327,pkw,512.0,,1288.0,,1889.142,100.0,1060.0,228.0,1116.203,,,0.823,0.177,,False,on_map_at_end
328,pkw,513.0,,1287.0,,912.138,100.0,1175.0,112.0,1198.881,,,0.913,0.087,,False,on_map_at_end
329,pkw,513.0,,1287.0,,837.406,100.0,1167.0,120.0,1211.068,,,0.9068,0.0932,,False,on_map_at_end
332,pkw,515.0,,1285.0,,1180.246,100.0,1114.0,171.0,1168.733,,,0.8669,0.1331,,False,on_map_at_end
333,pkw,516.0,,1284.0,,1454.208,100.0,1045.0,239.0,1113.327,,,0.8139,0.1861,,False,on_map_at_end
334,pkw,516.0,,1284.0,,1509.194,100.0,1076.0,208.0,1133.02,,,0.838,0.162,,False,on_map_at_end
339,pkw,530.0,,1270.0,,814.903,100.0,1146.0,124.0,1196.309,,,0.9024,0.0976,,False,on_map_at_end
349,pkw,540.0,,1260.0,,1448.557,100.0,1055.0,205.0,1123.073,,,0.8373,0.1627,,False,on_map_at_end
353,pkw,542.0,,1258.0,,414.227,100.0,1202.0,56.0,1219.103,,,0.9555,0.0445,,False,on_map_at_end
354,pkw,543.0,,1257.0,,886.928,100.0,1128.0,129.0,1156.195,,,0.8974,0.1026,,False,on_map_at_end
356,pkw,544.0,,1256.0,,1132.558,100.0,1109.0,147.0,1149.684,,,0.883,0.117,,False,on_map_at_end
358,pkw,545.0,,1255.0,,1767.648,100.0,1041.0,214.0,1085.649,,,0.8295,0.1705,,False,on_map_at_end
359,pkw,546.0,,1254.0,,2115.313,100.0,972.0,282.0,1052.443,,,0.7751,0.2249,,False,on_map_at_end
360,pkw,546.0,,1254.0,,777.398,100.0,1136.0,118.0,1183.645,,,0.9059,0.0941,,False,on_map_at_end
365,pkw,551.0,,1249.0,,1072.55,100.0,1086.0,163.0,1145.108,,,0.8695,0.1305,,False,on_map_at_end
369,pkw,555.0,,1245.0,,2105.346,100.0,1005.0,240.0,1051.99,,,0.8072,0.1928,,False,on_map_at_end
372,pkw,557.0,,1243.0,,1065.049,100.0,1083.0,160.0,1142.291,,,0.8713,0.1287,,False,on_map_at_end
381,pkw,573.0,,1227.0,,855.936,100.0,1110.0,117.0,1149.965,,,0.9046,0.0954,,False,on_map_at_end
384,pkw,577.0,,1223.0,,576.558,100.0,1146.0,77.0,1168.953,,,0.937,0.063,,False,on_map_at_end
387,pkw,581.0,,1219.0,,1688.279,100.0,1033.0,186.0,1066.139,,,0.8474,0.1526,,False,on_map_at_end
395,pkw,591.0,,1209.0,,747.393,100.0,1106.0,103.0,1141.291,,,0.9148,0.0852,,False,on_map_at_end
412,pkw,608.0,,1192.0,,699.706,100.0,1087.0,105.0,1128.843,,,0.9119,0.0881,,False,on_map_at_end
417,pkw,610.0,,1190.0,,990.806,100.0,1033.0,157.0,1097.568,,,0.8681,0.1319,,False,on_map_at_end
420,pkw,613.0,,1187.0,,692.205,100.0,1083.0,104.0,1124.39,,,0.9124,0.0876,,False,on_map_at_end
423,pkw,613.0,,1187.0,,383.307,100.0,1133.0,54.0,1152.314,,,0.9545,0.0455,,False,on_map_at_end
427,pkw,615.0,,1185.0,,818.431,100.0,1067.0,118.0,1111.34,,,0.9004,0.0996,,False,on_map_at_end
430,pkw,617.0,,1183.0,,507.787,97.0,1083.0,100.0,1103.752,,,0.9155,0.0845,,False,on_map_at_end
435,pkw,619.0,,1181.0,,723.024,100.0,1077.0,104.0,1104.026,,,0.9119,0.0881,,False,on_map_at_end
438,pkw,621.0,,1179.0,,2071.534,100.0,929.0,250.0,972.153,,,0.788,0.212,,False,on_map_at_end
439,pkw,621.0,,1179.0,,769.443,100.0,1072.0,107.0,1100.183,,,0.9092,0.0908,,False,on_map_at_end
441,pkw,622.0,,1178.0,,533.777,100.0,1095.0,83.0,1122.177,,,0.9295,0.0705,,False,on_map_at_end
445,pkw,624.0,,1176.0,,677.203,100.0,1070.0,106.0,1114.767,,,0.9099,0.0901,,False,on_map_at_end
446,pkw,625.0,,1175.0,,741.825,100.0,1079.0,96.0,1098.908,,,0.9183,0.0817,,False,on_map_at_end
447,pkw,640.0,,1160.0,,1798.469,100.0,951.0,209.0,988.996,,,0.8198,0.1802,,False,on_map_at_end
448,pkw,627.0,,1173.0,,803.429,100.0,1055.0,118.0,1100.691,,,0.8994,0.1006,,False,on_map_at_end
449,pkw,627.0,,1173.0,,761.942,100.0,1067.0,106.0,1094.933,,,0.9096,0.0904,,False,on_map_at_end
450,pkw,628.0,,1172.0,,669.702,100.0,1070.0,102.0,1111.374,,,0.913,0.087,,False,on_map_at_end
456,pkw,632.0,,1168.0,,310.877,100.0,1101.0,67.0,1139.362,,,0.9426,0.0574,,False,on_map_at_end
457,pkw,633.0,,1167.0,,1342.508,100.0,974.0,193.0,1034.222,,,0.8346,0.1654,,False,on_map_at_end
460,pkw,634.0,,1166.0,,2064.033,100.0,911.0,255.0,962.35,,,0.7813,0.2187,,False,on_map_at_end
464,pkw,636.0,,1164.0,,678.018,100.0,1052.0,112.0,1102.598,,,0.9038,0.0962,,False,on_map_at_end
476,pkw,643.0,,1157.0,,1005.041,100.0,1008.0,149.0,1060.944,,,0.8712,0.1288,,False,on_map_at_end
483,pkw,649.0,,1151.0,,326.169,96.0,1079.0,72.0,1100.619,,,0.9374,0.0626,,False,on_map_at_end
486,pkw,652.0,,1148.0,,541.12,100.0,1053.0,95.0,1094.436,,,0.9172,0.0828,,False,on_map_at_end
488,pkw,656.0,,1144.0,,379.071,100.0,1065.0,79.0,1109.55,,,0.9309,0.0691,,False,on_map_at_end
489,pkw,659.0,,1141.0,,1452.962,100.0,937.0,204.0,994.501,,,0.8212,0.1788,,False,on_map_at_end
492,pkw,660.0,,1140.0,,1771.068,100.0,932.0,208.0,971.004,,,0.8175,0.1825,,False,on_map_at_end
495,pkw,664.0,,1136.0,,1320.634,100.0,945.0,191.0,1002.561,,,0.8319,0.1681,,False,on_map_at_end
499,pkw,666.0,,1134.0,,1252.495,100.0,954.0,180.0,1019.339,,,0.8413,0.1587,,False,on_map_at_end
501,pkw,667.0,,1133.0,,518.617,100.0,1041.0,92.0,1081.529,,,0.9188,0.0812,,False,on_map_at_end
504,pkw,669.0,,1131.0,,1244.994,100.0,947.0,184.0,1010.83,,,0.8373,0.1627,,False,on_map_at_end
506,pkw,672.0,,1128.0,,990.038,100.0,974.0,154.0,1035.367,,,0.8635,0.1365,,False,on_map_at_end
507,pkw,673.0,,1127.0,,982.537,100.0,963.0,164.0,1024.281,,,0.8545,0.1455,,False,on_map_at_end
509,pkw,675.0,,1125.0,,436.287,92.0,1033.0,92.0,1064.936,,,0.9182,0.0818,,False,on_map_at_end
514,pkw,680.0,,1120.0,,884.446,100.0,967.0,153.0,1031.537,,,0.8634,0.1366,,False,on_map_at_end
521,pkw,684.0,,1116.0,,1237.493,100.0,938.0,178.0,992.565,,,0.8405,0.1595,,False,on_map_at_end
527,pkw,686.0,,1114.0,,951.499,100.0,974.0,140.0,1026.67,,,0.8743,0.1257,,False,on_map_at_end
529,pkw,687.0,,1113.0,,318.668,94.0,1046.0,67.0,1072.714,,,0.9398,0.0602,,False,on_map_at_end
530,pkw,688.0,,1112.0,,609.694,100.0,1011.0,101.0,1057.015,,,0.9092,0.0908,,False,on_map_at_end
531,pkw,689.0,,1111.0,,602.193,100.0,1009.0,102.0,1056.187,,,0.9082,0.0918,,False,on_map_at_end
532,pkw,689.0,,1111.0,,446.615,94.0,1024.0,87.0,1070.606,,,0.9217,0.0783,,False,on_map_at_end
535,pkw,691.0,,1109.0,,1751.715,99.0,840.0,269.0,866.523,,,0.7574,0.2426,,False,on_map_at_end
542,pkw,696.0,,1104.0,,663.016,100.0,1000.0,104.0,1043.359,,,0.9058,0.0942,,False,on_map_at_end
547,pkw,700.0,,1100.0,,421.285,92.0,1014.0,86.0,1050.843,,,0.9218,0.0782,,False,on_map_at_end
549,pkw,701.0,,1099.0,,1198.109,100.0,950.0,149.0,971.818,,,0.8644,0.1356,,False,on_map_at_end
551,pkw,701.0,,1099.0,,661.201,99.0,986.0,113.0,1039.491,,,0.8972,0.1028,,False,on_map_at_end
557,pkw,707.0,,1093.0,,1763.567,100.0,893.0,200.0,933.011,,,0.817,0.183,,False,on_map_at_end
558,pkw,708.0,,1092.0,,876.489,100.0,960.0,132.0,1004.832,,,0.8791,0.1209,,False,on_map_at_end
559,pkw,708.0,,1092.0,,2553.329,2.0,758.0,334.0,795.388,,,0.6941,0.3059,,False,on_map_at_end
561,pkw,709.0,,1091.0,,594.692,100.0,991.0,100.0,1037.061,,,0.9083,0.0917,,False,on_map_at_end
562,pkw,710.0,,1090.0,,868.987,100.0,958.0,132.0,1002.842,,,0.8789,0.1211,,False,on_map_at_end
566,pkw,711.0,,1089.0,,303.666,92.0,1019.0,70.0,1048.187,,,0.9357,0.0643,,False,on_map_at_end
567,pkw,712.0,,1088.0,,696.763,100.0,969.0,119.0,1024.396,,,0.8906,0.1094,,False,on_map_at_end
568,pkw,713.0,,1087.0,,830.186,100.0,951.0,136.0,999.118,,,0.8749,0.1251,,False,on_map_at_end
572,pkw,717.0,,1083.0,,2224.09,7.0,824.0,259.0,874.572,,,0.7608,0.2392,,False,on_map_at_end
583,pkw,723.0,,1077.0,,413.784,92.0,991.0,86.0,1029.406,,,0.9201,0.0799,,False,on_map_at_end
586,pkw,724.0,,1076.0,,636.811,100.0,958.0,118.0,1018.686,,,0.8903,0.1097,,False,on_map_at_end
587,pkw,728.0,,1072.0,,633.012,100.0,961.0,111.0,1014.741,,,0.8965,0.1035,,False,on_map_at_end
595,pkw,732.0,,1068.0,,579.69,100.0,965.0,103.0,1015.699,,,0.9036,0.0964,,False,on_map_at_end
597,pkw,734.0,,1066.0,,642.738,100.0,952.0,114.0,996.458,,,0.8931,0.1069,,False,on_map_at_end
598,pkw,734.0,,1066.0,,557.186,100.0,974.0,92.0,1005.522,,,0.9137,0.0863,,False,on_map_at_end
602,pkw,736.0,,1064.0,,466.109,100.0,965.0,99.0,1014.252,,,0.907,0.093,,False,on_map_at_end
61,pkw,110.0,,1690.0,,916.246,100.0,1581.0,109.0,1606.678,,,0.9355,0.0645,,False,on_map_at_end
610,pkw,740.0,,1060.0,,2260.774,100.0,802.0,258.0,855.174,,,0.7566,0.2434,,False,on_map_at_end
616,pkw,743.0,,1057.0,,1197.316,100.0,889.0,168.0,936.687,,,0.8411,0.1589,,False,on_map_at_end
623,pkw,748.0,,1052.0,,767.976,100.0,935.0,117.0,979.072,,,0.8888,0.1112,,False,on_map_at_end
625,pkw,750.0,,1050.0,,597.732,100.0,925.0,125.0,978.134,,,0.881,0.119,,False,on_map_at_end
626,pkw,751.0,,1049.0,,1864.344,100.0,833.0,216.0,879.977,,,0.7941,0.2059,,False,on_map_at_end
630,pkw,753.0,,1047.0,,659.257,100.0,942.0,105.0,986.381,,,0.8997,0.1003,,False,on_map_at_end
633,pkw,754.0,,1046.0,,376.255,100.0,958.0,88.0,1007.803,,,0.9159,0.0841,,False,on_map_at_end
644,pkw,766.0,,1034.0,,1891.325,100.0,818.0,216.0,849.406,,,0.7911,0.2089,,False,on_map_at_end
648,pkw,768.0,,1032.0,,1824.243,100.0,816.0,216.0,865.854,,,0.7907,0.2093,,False,on_map_at_end
649,pkw,769.0,,1031.0,,406.283,92.0,940.0,91.0,975.137,,,0.9117,0.0883,,False,on_map_at_end
654,pkw,771.0,,1029.0,,1173.759,100.0,843.0,186.0,863.658,,,0.8192,0.1808,,False,on_map_at_end
656,pkw,772.0,,1028.0,,1969.492,100.0,810.0,218.0,849.69,,,0.7879,0.2121,,False,on_map_at_end
658,pkw,773.0,,1027.0,,690.913,100.0,907.0,120.0,964.817,,,0.8832,0.1168,,False,on_map_at_end
660,pkw,775.0,,1025.0,,2124.272,1.0,778.0,247.0,831.766,,,0.759,0.241,,False,on_map_at_end
661,pkw,776.0,,1024.0,,1271.581,62.0,835.0,189.0,896.699,,,0.8154,0.1846,,False,on_map_at_end
662,pkw,775.0,,1025.0,,773.979,100.0,929.0,96.0,950.582,,,0.9063,0.0937,,False,on_map_at_end
673,pkw,782.0,,1018.0,,1112.481,100.0,878.0,140.0,913.34,,,0.8625,0.1375,,False,on_map_at_end
676,pkw,783.0,,1017.0,,398.782,92.0,915.0,102.0,950.791,,,0.8997,0.1003,,False,on_map_at_end
677,pkw,785.0,,1015.0,,391.281,91.0,910.0,105.0,951.844,,,0.8966,0.1034,,False,on_map_at_end
678,pkw,785.0,,1015.0,,541.458,100.0,929.0,86.0,958.98,,,0.9153,0.0847,,False,on_map_at_end
68,pkw,123.0,,1677.0,,1011.653,100.0,1547.0,130.0,1585.95,,,0.9225,0.0775,,False,on_map_at_end
681,pkw,805.0,,995.0,,142.127,100.0,947.0,48.0,982.124,,,0.9518,0.0482,,False,on_map_at_end
685,pkw,791.0,,1009.0,,391.869,100.0,920.0,89.0,969.447,,,0.9118,0.0882,,False,on_map_at_end
69,pkw,124.0,,1676.0,,749.344,100.0,1570.0,106.0,1602.951,,,0.9368,0.0632,,False,on_map_at_end
692,pkw,795.0,,1005.0,,582.73,100.0,876.0,129.0,933.589,,,0.8716,0.1284,,False,on_map_at_end
696,pkw,799.0,,1001.0,,466.14,100.0,915.0,86.0,959.041,,,0.9141,0.0859,,False,on_map_at_end
698,pkw,802.0,,998.0,,1718.561,100.0,800.0,198.0,841.691,,,0.8016,0.1984,,False,on_map_at_end
706,pkw,805.0,,995.0,,413.632,100.0,917.0,78.0,957.304,,,0.9216,0.0784,,False,on_map_at_end
707,pkw,805.0,,995.0,,758.977,100.0,902.0,93.0,922.955,,,0.9065,0.0935,,False,on_map_at_end
708,pkw,805.0,,995.0,,1047.596,100.0,800.0,195.0,843.136,,,0.804,0.196,,False,on_map_at_end
711,pkw,807.0,,993.0,,368.754,100.0,909.0,84.0,954.43,,,0.9154,0.0846,,False,on_map_at_end
715,pkw,809.0,,991.0,,1337.145,100.0,822.0,169.0,862.002,,,0.8295,0.1705,,False,on_map_at_end
718,pkw,810.0,,990.0,,751.476,100.0,895.0,95.0,917.83,,,0.904,0.096,,False,on_map_at_end
721,pkw,814.0,,986.0,,92.465,100.0,939.0,47.0,977.678,,,0.9523,0.0477,,False,on_map_at_end
722,pkw,813.0,,987.0,,1299.64,100.0,818.0,169.0,860.615,,,0.8288,0.1712,,False,on_map_at_end
724,pkw,815.0,,985.0,,1040.095,100.0,794.0,191.0,843.101,,,0.8061,0.1939,,False,on_map_at_end
725,pkw,815.0,,985.0,,1941.988,100.0,756.0,229.0,791.645,,,0.7675,0.2325,,False,on_map_at_end
726,pkw,815.0,,985.0,,258.66,89.0,907.0,78.0,955.111,,,0.9208,0.0792,,False,on_map_at_end
728,pkw,816.0,,984.0,,346.251,100.0,893.0,91.0,945.537,,,0.9075,0.0925,,False,on_map_at_end
73,pkw,130.0,,1670.0,,516.475,100.0,1598.0,72.0,1623.238,,,0.9569,0.0431,,False,on_map_at_end
731,pkw,822.0,,978.0,,743.975,100.0,881.0,97.0,905.404,,,0.9008,0.0992,,False,on_map_at_end
736,pkw,824.0,,976.0,,384.368,100.0,887.0,89.0,940.678,,,0.9088,0.0912,,False,on_map_at_end
744,pkw,831.0,,969.0,,736.474,100.0,871.0,98.0,898.349,,,0.8989,0.1011,,False,on_map_at_end
747,pkw,832.0,,968.0,,1668.389,100.0,770.0,198.0,806.009,,,0.7955,0.2045,,False,on_map_at_end
752,pkw,836.0,,964.0,,520.496,100.0,857.0,107.0,916.375,,,0.889,0.111,,False,on_map_at_end
755,pkw,840.0,,960.0,,1504.149,33.0,731.0,229.0,806.811,,,0.7615,0.2385,,False,on_map_at_end
756,pkw,840.0,,960.0,,331.249,100.0,861.0,99.0,919.697,,,0.8969,0.1031,,False,on_map_at_end
759,pkw,842.0,,958.0,,1025.093,100.0,762.0,196.0,803.836,,,0.7954,0.2046,,False,on_map_at_end
764,pkw,845.0,,955.0,,728.973,100.0,853.0,102.0,882.006,,,0.8932,0.1068,,False,on_map_at_end
765,pkw,845.0,,955.0,,323.748,100.0,858.0,97.0,919.024,,,0.8984,0.1016,,False,on_map_at_end
766,pkw,845.0,,955.0,,1876.323,100.0,735.0,220.0,784.936,,,0.7696,0.2304,,False,on_map_at_end
768,pkw,846.0,,954.0,,1071.949,100.0,825.0,129.0,852.298,,,0.8648,0.1352,,False,on_map_at_end
772,pkw,848.0,,952.0,,251.159,89.0,889.0,63.0,919.369,,,0.9338,0.0662,,False,on_map_at_end
774,pkw,849.0,,951.0,,1064.448,100.0,816.0,135.0,852.835,,,0.858,0.142,,False,on_map_at_end
775,pkw,850.0,,950.0,,391.869,100.0,863.0,87.0,909.525,,,0.9084,0.0916,,False,on_map_at_end
776,pkw,851.0,,949.0,,721.472,100.0,848.0,101.0,881.787,,,0.8936,0.1064,,False,on_map_at_end
777,pkw,1702.0,,98.0,,0.0,98.0,98.0,0.0,98.0,,,1.0,0.0,,False,on_map_at_end
780,pkw,855.0,,945.0,,297.527,100.0,869.0,76.0,918.199,,,0.9196,0.0804,,False,on_map_at_end
782,pkw,856.0,,944.0,,376.097,100.0,845.0,99.0,904.289,,,0.8951,0.1049,,False,on_map_at_end
790,pkw,863.0,,937.0,,361.095,100.0,838.0,99.0,898.056,,,0.8943,0.1057,,False,on_map_at_end
799,pkw,873.0,,927.0,,1019.442,100.0,798.0,129.0,829.146,,,0.8608,0.1392,,False,on_map_at_end
800,pkw,873.0,,927.0,,368.778,89.0,851.0,76.0,884.425,,,0.918,0.082,,False,on_map_at_end
802,pkw,875.0,,925.0,,1786.738,100.0,728.0,197.0,763.341,,,0.787,0.213,,False,on_map_at_end
804,pkw,877.0,,923.0,,903.808,100.0,819.0,104.0,833.394,,,0.8873,0.1127,,False,on_map_at_end
805,pkw,877.0,,923.0,,361.277,89.0,843.0,80.0,878.118,,,0.9133,0.0867,,False,on_map_at_end
810,pkw,881.0,,919.0,,516.794,100.0,814.0,105.0,872.488,,,0.8857,0.1143,,False,on_map_at_end
811,pkw,881.0,,919.0,,1144.809,100.0,764.0,155.0,810.205,,,0.8313,0.1687,,False,on_map_at_end
818,pkw,887.0,,913.0,,833.224,94.0,792.0,121.0,838.009,,,0.8675,0.1325,,False,on_map_at_end
819,pkw,887.0,,913.0,,691.81,100.0,821.0,92.0,847.035,,,0.8992,0.1008,,False,on_map_at_end
828,pkw,891.0,,909.0,,655.461,100.0,788.0,121.0,847.166,,,0.8669,0.1331,,False,on_map_at_end
830,pkw,894.0,,906.0,,1540.627,100.0,731.0,175.0,756.626,,,0.8068,0.1932,,False,on_map_at_end
831,pkw,894.0,,906.0,,676.806,100.0,819.0,87.0,841.82,,,0.904,0.096,,False,on_map_at_end
834,pkw,898.0,,902.0,,613.887,100.0,807.0,95.0,843.467,,,0.8947,0.1053,,False,on_map_at_end
837,pkw,899.0,,901.0,,77.311,100.0,861.0,40.0,893.446,,,0.9556,0.0444,,False,on_map_at_end
838,pkw,901.0,,899.0,,430.618,100.0,818.0,81.0,860.244,,,0.9099,0.0901,,False,on_map_at_end
839,pkw,901.0,,899.0,,668.169,100.0,813.0,86.0,832.958,,,0.9043,0.0957,,False,on_map_at_end
843,pkw,902.0,,898.0,,290.026,100.0,828.0,70.0,871.897,,,0.922,0.078,,False,on_map_at_end
850,pkw,905.0,,895.0,,1909.483,100.0,665.0,230.0,721.071,,,0.743,0.257,,False,on_map_at_end
856,pkw,909.0,,891.0,,408.115,100.0,809.0,82.0,854.269,,,0.908,0.092,,False,on_map_at_end
858,pkw,910.0,,890.0,,892.151,100.0,782.0,108.0,801.305,,,0.8787,0.1213,,False,on_map_at_end
863,pkw,913.0,,887.0,,384.179,100.0,825.0,62.0,834.424,,,0.9301,0.0699,,False,on_map_at_end
867,pkw,917.0,,883.0,,376.678,100.0,818.0,65.0,831.099,,,0.9264,0.0736,,False,on_map_at_end
868,pkw,919.0,,881.0,,365.627,100.0,816.0,65.0,830.093,,,0.9262,0.0738,,False,on_map_at_end
877,pkw,919.0,,881.0,,475.49,100.0,783.0,98.0,837.828,,,0.8888,0.1112,,False,on_map_at_end
880,pkw,920.0,,880.0,,376.867,100.0,803.0,77.0,840.472,,,0.9125,0.0875,,False,on_map_at_end
881,pkw,922.0,,878.0,,354.364,100.0,790.0,88.0,841.658,,,0.8998,0.1002,,False,on_map_at_end
885,pkw,922.0,,878.0,,286.243,100.0,789.0,89.0,849.22,,,0.8986,0.1014,,False,on_map_at_end
887,pkw,929.0,,871.0,,358.126,100.0,808.0,63.0,820.768,,,0.9277,0.0723,,False,on_map_at_end
889,pkw,932.0,,868.0,,350.624,100.0,806.0,62.0,818.443,,,0.9286,0.0714,,False,on_map_at_end
891,pkw,925.0,,875.0,,884.65,100.0,768.0,107.0,786.889,,,0.8777,0.1223,,False,on_map_at_end
897,pkw,928.0,,872.0,,1011.941,100.0,744.0,128.0,776.411,,,0.8532,0.1468,,False,on_map_at_end
898,pkw,928.0,,872.0,,1638.385,100.0,675.0,197.0,716.827,,,0.7741,0.2259,,False,on_map_at_end
899,pkw,928.0,,872.0,,2684.992,100.0,572.0,300.0,614.358,,,0.656,0.344,,False,on_map_at_end
900,pkw,930.0,,870.0,,1112.784,100.0,724.0,146.0,769.848,,,0.8322,0.1678,,False,on_map_at_end
901,pkw,932.0,,868.0,,660.668,100.0,781.0,87.0,804.869,,,0.8998,0.1002,,False,on_map_at_end
909,pkw,934.0,,866.0,,369.366,100.0,789.0,77.0,828.343,,,0.9111,0.0889,,False,on_map_at_end
910,pkw,935.0,,865.0,,1105.283,100.0,710.0,155.0,765.469,,,0.8208,0.1792,,False,on_map_at_end
911,pkw,935.0,,865.0,,538.084,100.0,775.0,90.0,809.157,,,0.896,0.104,,False,on_map_at_end
917,pkw,938.0,,862.0,,1122.305,100.0,704.0,158.0,751.449,,,0.8167,0.1833,,False,on_map_at_end
921,pkw,939.0,,861.0,,1400.879,100.0,675.0,186.0,725.405,,,0.784,0.216,,False,on_map_at_end
923,pkw,940.0,,860.0,,866.969,100.0,715.0,145.0,777.213,,,0.8314,0.1686,,False,on_map_at_end
924,pkw,941.0,,859.0,,2042.105,86.0,618.0,241.0,659.718,,,0.7194,0.2806,,False,on_map_at_end
930,pkw,944.0,,856.0,,653.167,100.0,774.0,82.0,791.923,,,0.9042,0.0958,,False,on_map_at_end
936,pkw,949.0,,851.0,,645.666,100.0,769.0,82.0,789.802,,,0.9036,0.0964,,False,on_map_at_end
939,pkw,949.0,,851.0,,228.655,89.0,793.0,58.0,826.172,,,0.9318,0.0682,,False,on_map_at_end
944,pkw,952.0,,848.0,,711.839,100.0,756.0,92.0,777.263,,,0.8915,0.1085,,False,on_map_at_end
946,pkw,954.0,,846.0,,346.863,100.0,771.0,75.0,809.213,,,0.9113,0.0887,,False,on_map_at_end
947,pkw,955.0,,845.0,,1056.659,100.0,726.0,119.0,749.9,,,0.8592,0.1408,,False,on_map_at_end
954,pkw,958.0,,842.0,,1658.552,100.0,637.0,205.0,692.072,,,0.7565,0.2435,,False,on_map_at_end
957,pkw,959.0,,841.0,,361.865,100.0,760.0,81.0,799.558,,,0.9037,0.0963,,False,on_map_at_end
958,pkw,962.0,,838.0,,2577.119,100.0,571.0,267.0,600.708,,,0.6814,0.3186,,False,on_map_at_end
964,pkw,964.0,,836.0,,1004.44,100.0,714.0,122.0,741.541,,,0.8541,0.1459,,False,on_map_at_end
965,pkw,964.0,,836.0,,1114.804,100.0,690.0,146.0,729.612,,,0.8254,0.1746,,False,on_map_at_end
968,pkw,965.0,,835.0,,1096.217,100.0,712.0,123.0,730.455,,,0.8527,0.1473,,False,on_map_at_end
971,pkw,966.0,,834.0,,996.939,100.0,711.0,123.0,737.979,,,0.8525,0.1475,,False,on_map_at_end
972,pkw,967.0,,833.0,,638.165,100.0,756.0,77.0,772.844,,,0.9076,0.0924,,False,on_map_at_end
973,pkw,967.0,,833.0,,278.169,96.0,782.0,51.0,784.124,,,0.9388,0.0612,,False,on_map_at_end
974,pkw,968.0,,832.0,,70.482,100.0,773.0,59.0,825.657,,,0.9291,0.0709,,False,on_map_at_end
976,pkw,978.0,,822.0,,1663.45,100.0,624.0,198.0,671.485,,,0.7591,0.2409,,False,on_map_at_end
977,pkw,969.0,,831.0,,989.438,100.0,708.0,123.0,736.308,,,0.852,0.148,,False,on_map_at_end
980,pkw,970.0,,830.0,,339.362,100.0,751.0,79.0,790.611,,,0.9048,0.0952,,False,on_map_at_end
981,pkw,972.0,,828.0,,630.664,100.0,752.0,76.0,768.84,,,0.9082,0.0918,,False,on_map_at_end
982,pkw,973.0,,827.0,,1017.877,100.0,698.0,129.0,733.013,,,0.844,0.156,,False,on_map_at_end
986,pkw,975.0,,825.0,,338.773,89.0,748.0,77.0,783.685,,,0.9067,0.0933,,False,on_map_at_end
988,pkw,979.0,,821.0,,265.742,93.0,769.0,52.0,797.555,,,0.9367,0.0633,,False,on_map_at_end
989,pkw,978.0,,822.0,,433.868,95.0,763.0,59.0,765.952,,,0.9282,0.0718,,False,on_map_at_end
991,pkw,980.0,,820.0,,1480.618,100.0,634.0,186.0,686.33,,,0.7732,0.2268,,False,on_map_at_end
993,pkw,982.0,,818.0,,607.539,100.0,746.0,72.0,761.463,,,0.912,0.088,,False,on_map_at_end
996,pkw,984.0,,816.0,,974.436,100.0,690.0,126.0,722.114,,,0.8456,0.1544,,False,on_map_at_end
