vehicle_id,vehicle_type,enter_time_s,departure_time_s,travel_time_s,route_distance_m,distance_traveled_m,accumulated_waiting_time_s,custom_wait_s,moving_time_s,time_loss_s,free_flow_time_s,delay_s,waiting_fraction,moving_fraction,schedule_efficiency,completed_trip,trip_status
2,DEFAULT_VEHTYPE,15.0,114.0,99.0,,871.857,20.0,20.0,79.0,30.075,,,0.202,0.798,,True,completed
25,DEFAULT_VEHTYPE,112.0,165.0,53.0,,575.368,0.0,0.0,53.0,3.568,,,0.0,1.0,,True,completed
6,DEFAULT_VEHTYPE,39.0,170.0,131.0,,889.065,41.0,42.0,89.0,52.248,,,0.3206,0.6794,,True,completed
0,DEFAULT_VEHTYPE,1.0,187.0,186.0,,1741.137,1.0,1.0,185.0,18.495,,,0.0054,0.9946,,True,completed
8,DEFAULT_VEHTYPE,58.0,187.0,129.0,,893.074,22.0,22.0,107.0,36.777,,,0.1705,0.8295,,True,completed
7,DEFAULT_VEHTYPE,54.0,195.0,141.0,,1193.565,16.0,30.0,111.0,45.07,,,0.2128,0.7872,,True,completed
14,DEFAULT_VEHTYPE,78.0,201.0,123.0,,1158.8,0.0,0.0,123.0,9.554,,,0.0,1.0,,True,completed
24,DEFAULT_VEHTYPE,111.0,203.0,92.0,,887.726,0.0,0.0,92.0,8.435,,,0.0,1.0,,True,completed
13,DEFAULT_VEHTYPE,77.0,209.0,132.0,,1179.349,23.0,23.0,109.0,39.438,,,0.1742,0.8258,,True,completed
1,DEFAULT_VEHTYPE,10.0,211.0,201.0,,1490.923,19.0,52.0,149.0,74.791,,,0.2587,0.7413,,True,completed
4,DEFAULT_VEHTYPE,35.0,225.0,190.0,,1742.502,1.0,1.0,189.0,18.994,,,0.0053,0.9947,,True,completed
16,DEFAULT_VEHTYPE,85.0,239.0,154.0,,1183.434,17.0,44.0,110.0,58.526,,,0.2857,0.7143,,True,completed
5,DEFAULT_VEHTYPE,37.0,242.0,205.0,,1488.12,21.0,57.0,148.0,80.549,,,0.278,0.722,,True,completed
23,DEFAULT_VEHTYPE,107.0,250.0,143.0,,1171.729,30.0,30.0,113.0,47.656,,,0.2098,0.7902,,True,completed
10,DEFAULT_VEHTYPE,63.0,253.0,190.0,,1473.155,29.0,37.0,153.0,56.266,,,0.1947,0.8053,,True,completed
43,DEFAULT_VEHTYPE,187.0,256.0,69.0,,573.612,0.0,0.0,69.0,5.266,,,0.0,1.0,,True,completed
31,DEFAULT_VEHTYPE,139.0,261.0,122.0,,894.314,37.0,37.0,85.0,46.196,,,0.3033,0.6967,,True,completed
32,DEFAULT_VEHTYPE,140.0,264.0,124.0,,890.931,13.0,13.0,111.0,25.561,,,0.1048,0.8952,,True,completed
20,DEFAULT_VEHTYPE,99.0,271.0,172.0,,1477.455,12.0,19.0,153.0,49.304,,,0.1105,0.8895,,True,completed
22,DEFAULT_VEHTYPE,105.0,277.0,172.0,,1189.63,14.0,56.0,116.0,68.927,,,0.3256,0.6744,,True,completed
19,DEFAULT_VEHTYPE,91.0,288.0,197.0,,1489.168,32.0,60.0,137.0,87.875,,,0.3046,0.6954,,True,completed
44,DEFAULT_VEHTYPE,198.0,300.0,102.0,,885.683,17.0,17.0,85.0,29.709,,,0.1667,0.8333,,True,completed
11,DEFAULT_VEHTYPE,71.0,303.0,232.0,,1739.038,12.0,52.0,180.0,72.03,,,0.2241,0.7759,,True,completed
54,DEFAULT_VEHTYPE,237.0,314.0,77.0,,847.681,0.0,0.0,77.0,5.96,,,0.0,1.0,,True,completed
49,DEFAULT_VEHTYPE,221.0,332.0,111.0,,875.03,23.0,23.0,88.0,33.865,,,0.2072,0.7928,,True,completed
29,DEFAULT_VEHTYPE,119.0,333.0,214.0,,1779.08,20.0,39.0,175.0,63.992,,,0.1822,0.8178,,True,completed
38,DEFAULT_VEHTYPE,170.0,335.0,165.0,,1471.674,18.0,18.0,147.0,37.947,,,0.1091,0.8909,,True,completed
17,DEFAULT_VEHTYPE,86.0,337.0,251.0,,1774.235,17.0,42.0,209.0,67.28,,,0.1673,0.8327,,True,completed
35,DEFAULT_VEHTYPE,147.0,338.0,191.0,,1470.597,23.0,56.0,135.0,74.507,,,0.2932,0.7068,,True,completed
51,DEFAULT_VEHTYPE,229.0,340.0,111.0,,1172.374,5.0,5.0,106.0,16.824,,,0.045,0.955,,True,completed
40,DEFAULT_VEHTYPE,176.0,348.0,172.0,,1196.708,20.0,31.0,141.0,45.692,,,0.1802,0.8198,,True,completed
27,DEFAULT_VEHTYPE,115.0,365.0,250.0,,1786.742,2.0,47.0,203.0,71.451,,,0.188,0.812,,True,completed
60,DEFAULT_VEHTYPE,279.0,370.0,91.0,,873.857,0.0,0.0,91.0,6.038,,,0.0,1.0,,True,completed
26,DEFAULT_VEHTYPE,112.0,374.0,262.0,,1776.639,14.0,67.0,195.0,90.214,,,0.2557,0.7443,,True,completed
3,DEFAULT_VEHTYPE,28.0,377.0,349.0,,2392.908,43.0,70.0,279.0,103.52,,,0.2006,0.7994,,True,completed
52,DEFAULT_VEHTYPE,230.0,378.0,148.0,,1193.627,17.0,17.0,131.0,28.58,,,0.1149,0.8851,,True,completed
68,DEFAULT_VEHTYPE,308.0,387.0,79.0,,853.264,0.0,0.0,79.0,6.688,,,0.0,1.0,,True,completed
12,DEFAULT_VEHTYPE,75.0,390.0,315.0,,1493.213,48.0,123.0,192.0,149.109,,,0.3905,0.6095,,True,completed
64,DEFAULT_VEHTYPE,287.0,399.0,112.0,,1192.258,0.0,0.0,112.0,11.901,,,0.0,1.0,,True,completed
36,DEFAULT_VEHTYPE,155.0,401.0,246.0,,1787.826,12.0,70.0,176.0,93.42,,,0.2846,0.7154,,True,completed
66,DEFAULT_VEHTYPE,298.0,405.0,107.0,,893.312,12.0,12.0,95.0,20.905,,,0.1121,0.8879,,True,completed
15,DEFAULT_VEHTYPE,80.0,413.0,333.0,,1493.414,49.0,174.0,159.0,196.304,,,0.5225,0.4775,,True,completed
33,DEFAULT_VEHTYPE,140.0,413.0,273.0,,1490.06,49.0,117.0,156.0,139.209,,,0.4286,0.5714,,True,completed
59,DEFAULT_VEHTYPE,277.0,413.0,136.0,,890.605,38.0,44.0,92.0,52.494,,,0.3235,0.6765,,True,completed
55,DEFAULT_VEHTYPE,258.0,422.0,164.0,,1196.207,31.0,46.0,118.0,62.195,,,0.2805,0.7195,,True,completed
45,DEFAULT_VEHTYPE,205.0,423.0,218.0,,1744.094,11.0,37.0,181.0,57.205,,,0.1697,0.8303,,True,completed
50,DEFAULT_VEHTYPE,223.0,425.0,202.0,,1745.648,13.0,22.0,180.0,46.285,,,0.1089,0.8911,,True,completed
57,DEFAULT_VEHTYPE,269.0,428.0,159.0,,891.375,25.0,51.0,108.0,65.792,,,0.3208,0.6792,,True,completed
58,DEFAULT_VEHTYPE,276.0,438.0,162.0,,1186.542,16.0,51.0,111.0,72.902,,,0.3148,0.6852,,True,completed
42,DEFAULT_VEHTYPE,179.0,445.0,266.0,,1471.153,36.0,100.0,166.0,123.149,,,0.3759,0.6241,,True,completed
39,DEFAULT_VEHTYPE,174.0,446.0,272.0,,1776.996,2.0,70.0,202.0,95.841,,,0.2574,0.7426,,True,completed
34,DEFAULT_VEHTYPE,144.0,449.0,305.0,,2090.479,35.0,109.0,196.0,140.71,,,0.3574,0.6426,,True,completed
53,DEFAULT_VEHTYPE,232.0,451.0,219.0,,1780.002,45.0,47.0,172.0,65.585,,,0.2146,0.7854,,True,completed
28,DEFAULT_VEHTYPE,118.0,453.0,335.0,,1778.244,45.0,137.0,198.0,173.045,,,0.409,0.591,,True,completed
56,DEFAULT_VEHTYPE,260.0,462.0,202.0,,1491.493,25.0,48.0,154.0,82.891,,,0.2376,0.7624,,True,completed
71,DEFAULT_VEHTYPE,325.0,462.0,137.0,,888.293,35.0,41.0,96.0,55.982,,,0.2993,0.7007,,True,completed
41,DEFAULT_VEHTYPE,177.0,464.0,287.0,,2074.43,31.0,59.0,228.0,89.685,,,0.2056,0.7944,,True,completed
62,DEFAULT_VEHTYPE,284.0,467.0,183.0,,1191.774,45.0,45.0,138.0,59.485,,,0.2459,0.7541,,True,completed
63,DEFAULT_VEHTYPE,286.0,474.0,188.0,,1492.177,43.0,43.0,145.0,70.758,,,0.2287,0.7713,,True,completed
47,DEFAULT_VEHTYPE,213.0,479.0,266.0,,2087.405,29.0,55.0,211.0,83.093,,,0.2068,0.7932,,True,completed
87,DEFAULT_VEHTYPE,409.0,486.0,77.0,,854.457,0.0,0.0,77.0,5.421,,,0.0,1.0,,True,completed
37,DEFAULT_VEHTYPE,156.0,491.0,335.0,,2374.395,30.0,97.0,238.0,133.221,,,0.2896,0.7104,,True,completed
46,DEFAULT_VEHTYPE,212.0,492.0,280.0,,1774.488,29.0,68.0,212.0,89.823,,,0.2429,0.7571,,True,completed
18,DEFAULT_VEHTYPE,88.0,494.0,406.0,,2380.086,48.0,148.0,258.0,190.636,,,0.3645,0.6355,,True,completed
67,DEFAULT_VEHTYPE,303.0,494.0,191.0,,1474.012,10.0,34.0,157.0,62.62,,,0.178,0.822,,True,completed
61,DEFAULT_VEHTYPE,280.0,497.0,217.0,,1475.512,10.0,43.0,174.0,63.944,,,0.1982,0.8018,,True,completed
9,DEFAULT_VEHTYPE,62.0,498.0,436.0,,2094.13,37.0,177.0,259.0,211.848,,,0.406,0.594,,True,completed
80,DEFAULT_VEHTYPE,389.0,512.0,123.0,,890.309,3.0,3.0,120.0,17.321,,,0.0244,0.9756,,True,completed
81,DEFAULT_VEHTYPE,392.0,519.0,127.0,,1187.938,14.0,14.0,113.0,25.544,,,0.1102,0.8898,,True,completed
90,DEFAULT_VEHTYPE,422.0,519.0,97.0,,891.9,10.0,10.0,87.0,19.119,,,0.1031,0.8969,,True,completed
94,DEFAULT_VEHTYPE,431.0,522.0,91.0,,852.047,0.0,0.0,91.0,8.12,,,0.0,1.0,,True,completed
97,DEFAULT_VEHTYPE,443.0,522.0,79.0,,872.181,0.0,0.0,79.0,4.895,,,0.0,1.0,,True,completed
92,DEFAULT_VEHTYPE,427.0,531.0,104.0,,874.629,20.0,20.0,84.0,29.644,,,0.1923,0.8077,,True,completed
69,DEFAULT_VEHTYPE,311.0,534.0,223.0,,1789.079,30.0,44.0,179.0,66.426,,,0.1973,0.8027,,True,completed
48,DEFAULT_VEHTYPE,219.0,535.0,316.0,,1774.178,42.0,110.0,206.0,141.838,,,0.3481,0.6519,,True,completed
73,DEFAULT_VEHTYPE,330.0,536.0,206.0,,1742.8,10.0,21.0,185.0,43.467,,,0.1019,0.8981,,True,completed
21,DEFAULT_VEHTYPE,102.0,537.0,435.0,,2077.155,44.0,190.0,245.0,219.403,,,0.4368,0.5632,,True,completed
30,DEFAULT_VEHTYPE,138.0,537.0,399.0,,2075.609,43.0,156.0,243.0,199.237,,,0.391,0.609,,True,completed
65,DEFAULT_VEHTYPE,295.0,539.0,244.0,,1777.298,35.0,68.0,176.0,96.625,,,0.2787,0.7213,,True,completed
78,DEFAULT_VEHTYPE,380.0,543.0,163.0,,1189.811,34.0,38.0,125.0,55.752,,,0.2331,0.7669,,True,completed
100,DEFAULT_VEHTYPE,453.0,547.0,94.0,,595.977,25.0,25.0,69.0,33.204,,,0.266,0.734,,True,completed
104,DEFAULT_VEHTYPE,467.0,557.0,90.0,,876.689,6.0,6.0,84.0,16.165,,,0.0667,0.9333,,True,completed
70,DEFAULT_VEHTYPE,321.0,560.0,239.0,,1771.34,35.0,68.0,171.0,90.536,,,0.2845,0.7155,,True,completed
84,DEFAULT_VEHTYPE,403.0,569.0,166.0,,1488.403,11.0,11.0,155.0,39.1,,,0.0663,0.9337,,True,completed
74,DEFAULT_VEHTYPE,331.0,574.0,243.0,,1487.924,45.0,84.0,159.0,102.223,,,0.3457,0.6543,,True,completed
77,DEFAULT_VEHTYPE,378.0,575.0,197.0,,1475.556,11.0,12.0,185.0,32.79,,,0.0609,0.9391,,True,completed
89,DEFAULT_VEHTYPE,420.0,576.0,156.0,,1154.977,20.0,20.0,136.0,34.539,,,0.1282,0.8718,,True,completed
112,DEFAULT_VEHTYPE,488.0,586.0,98.0,,849.917,0.0,0.0,98.0,8.173,,,0.0,1.0,,True,completed
76,DEFAULT_VEHTYPE,360.0,590.0,230.0,,1770.584,46.0,80.0,150.0,98.342,,,0.3478,0.6522,,True,completed
98,DEFAULT_VEHTYPE,443.0,600.0,157.0,,1189.619,14.0,44.0,113.0,58.409,,,0.2803,0.7197,,True,completed
116,DEFAULT_VEHTYPE,504.0,605.0,101.0,,894.977,5.0,5.0,96.0,14.366,,,0.0495,0.9505,,True,completed
79,DEFAULT_VEHTYPE,381.0,611.0,230.0,,1776.212,13.0,17.0,213.0,41.722,,,0.0739,0.9261,,True,completed
88,DEFAULT_VEHTYPE,410.0,611.0,201.0,,1489.671,19.0,52.0,149.0,73.906,,,0.2587,0.7413,,True,completed
91,DEFAULT_VEHTYPE,424.0,612.0,188.0,,1472.663,20.0,39.0,149.0,56.475,,,0.2074,0.7926,,True,completed
110,DEFAULT_VEHTYPE,483.0,613.0,130.0,,877.215,40.0,40.0,90.0,49.954,,,0.3077,0.6923,,True,completed
86,DEFAULT_VEHTYPE,408.0,622.0,214.0,,1740.405,14.0,39.0,175.0,59.177,,,0.1822,0.8178,,True,completed
108,DEFAULT_VEHTYPE,474.0,641.0,167.0,,1172.877,40.0,46.0,121.0,59.79,,,0.2754,0.7246,,True,completed
75,DEFAULT_VEHTYPE,350.0,642.0,292.0,,1469.668,39.0,133.0,159.0,155.371,,,0.4555,0.5445,,True,completed
96,DEFAULT_VEHTYPE,437.0,650.0,213.0,,1778.776,48.0,48.0,165.0,66.93,,,0.2254,0.7746,,True,completed
107,DEFAULT_VEHTYPE,473.0,657.0,184.0,,1476.557,10.0,13.0,171.0,33.694,,,0.0707,0.9293,,True,completed
134,DEFAULT_VEHTYPE,573.0,659.0,86.0,,882.502,8.0,8.0,78.0,16.471,,,0.093,0.907,,True,completed
102,DEFAULT_VEHTYPE,466.0,665.0,199.0,,1489.059,24.0,35.0,164.0,52.979,,,0.1759,0.8241,,True,completed
130,DEFAULT_VEHTYPE,556.0,679.0,123.0,,867.189,38.0,38.0,85.0,48.617,,,0.3089,0.6911,,True,completed
106,DEFAULT_VEHTYPE,471.0,683.0,212.0,,1774.536,16.0,22.0,190.0,47.734,,,0.1038,0.8962,,True,completed
109,DEFAULT_VEHTYPE,475.0,684.0,209.0,,1774.557,16.0,18.0,191.0,40.078,,,0.0861,0.9139,,True,completed
85,DEFAULT_VEHTYPE,407.0,690.0,283.0,,1473.622,49.0,131.0,152.0,160.04,,,0.4629,0.5371,,True,completed
129,DEFAULT_VEHTYPE,553.0,691.0,138.0,,1178.786,26.0,26.0,112.0,39.298,,,0.1884,0.8116,,True,completed
72,DEFAULT_VEHTYPE,328.0,691.0,363.0,,1794.952,40.0,180.0,183.0,203.539,,,0.4959,0.5041,,True,completed
118,DEFAULT_VEHTYPE,515.0,698.0,183.0,,1176.843,44.0,44.0,139.0,57.357,,,0.2404,0.7596,,True,completed
131,DEFAULT_VEHTYPE,565.0,702.0,137.0,,887.616,36.0,42.0,95.0,56.417,,,0.3066,0.6934,,True,completed
114,DEFAULT_VEHTYPE,495.0,705.0,210.0,,1742.832,0.0,14.0,196.0,30.769,,,0.0667,0.9333,,True,completed
141,DEFAULT_VEHTYPE,602.0,706.0,104.0,,595.526,36.0,36.0,68.0,45.045,,,0.3462,0.6538,,True,completed
127,DEFAULT_VEHTYPE,549.0,707.0,158.0,,891.953,24.0,44.0,114.0,56.305,,,0.2785,0.7215,,True,completed
143,DEFAULT_VEHTYPE,604.0,709.0,105.0,,1190.739,5.0,5.0,100.0,20.327,,,0.0476,0.9524,,True,completed
122,DEFAULT_VEHTYPE,535.0,710.0,175.0,,1748.597,0.0,5.0,170.0,23.96,,,0.0286,0.9714,,True,completed
142,DEFAULT_VEHTYPE,604.0,713.0,109.0,,1194.651,0.0,0.0,109.0,5.542,,,0.0,1.0,,True,completed
137,DEFAULT_VEHTYPE,582.0,715.0,133.0,,886.228,26.0,27.0,106.0,44.837,,,0.203,0.797,,True,completed
103,DEFAULT_VEHTYPE,468.0,726.0,258.0,,2075.849,15.0,28.0,230.0,55.886,,,0.1085,0.8915,,True,completed
93,DEFAULT_VEHTYPE,429.0,734.0,305.0,,1782.296,46.0,108.0,197.0,138.398,,,0.3541,0.6459,,True,completed
117,DEFAULT_VEHTYPE,508.0,735.0,227.0,,1493.934,17.0,70.0,157.0,95.437,,,0.3084,0.6916,,True,completed
83,DEFAULT_VEHTYPE,401.0,736.0,335.0,,1790.728,44.0,124.0,211.0,152.976,,,0.3701,0.6299,,True,completed
95,DEFAULT_VEHTYPE,432.0,737.0,305.0,,2073.478,18.0,63.0,242.0,90.92,,,0.2066,0.7934,,True,completed
123,DEFAULT_VEHTYPE,535.0,751.0,216.0,,892.674,50.0,95.0,121.0,111.591,,,0.4398,0.5602,,True,completed
105,DEFAULT_VEHTYPE,468.0,754.0,286.0,,2379.495,31.0,64.0,222.0,100.315,,,0.2238,0.7762,,True,completed
124,DEFAULT_VEHTYPE,539.0,759.0,220.0,,1780.776,14.0,44.0,176.0,81.308,,,0.2,0.8,,True,completed
156,DEFAULT_VEHTYPE,664.0,768.0,104.0,,897.265,3.0,3.0,101.0,14.639,,,0.0288,0.9712,,True,completed
115,DEFAULT_VEHTYPE,503.0,769.0,266.0,,2072.744,23.0,27.0,239.0,53.348,,,0.1015,0.8985,,True,completed
120,DEFAULT_VEHTYPE,527.0,769.0,242.0,,1790.491,36.0,74.0,168.0,98.497,,,0.3058,0.6942,,True,completed
140,DEFAULT_VEHTYPE,591.0,783.0,192.0,,1738.054,21.0,21.0,171.0,43.559,,,0.1094,0.8906,,True,completed
101,DEFAULT_VEHTYPE,454.0,785.0,331.0,,1494.174,55.0,159.0,172.0,187.139,,,0.4804,0.5196,,True,completed
153,DEFAULT_VEHTYPE,648.0,785.0,137.0,,894.583,32.0,38.0,99.0,50.937,,,0.2774,0.7226,,True,completed
139,DEFAULT_VEHTYPE,584.0,797.0,213.0,,1789.937,14.0,38.0,175.0,62.68,,,0.1784,0.8216,,True,completed
119,DEFAULT_VEHTYPE,526.0,799.0,273.0,,2094.736,12.0,64.0,209.0,87.793,,,0.2344,0.7656,,True,completed
150,DEFAULT_VEHTYPE,638.0,800.0,162.0,,1183.678,13.0,48.0,114.0,63.43,,,0.2963,0.7037,,True,completed
144,DEFAULT_VEHTYPE,612.0,812.0,200.0,,1175.729,47.0,79.0,121.0,95.023,,,0.395,0.605,,True,completed
113,DEFAULT_VEHTYPE,491.0,813.0,322.0,,1787.488,40.0,130.0,192.0,171.144,,,0.4037,0.5963,,True,completed
138,DEFAULT_VEHTYPE,583.0,814.0,231.0,,1779.805,17.0,44.0,187.0,64.431,,,0.1905,0.8095,,True,completed
154,DEFAULT_VEHTYPE,652.0,815.0,163.0,,1173.147,36.0,47.0,116.0,63.007,,,0.2883,0.7117,,True,completed
82,DEFAULT_VEHTYPE,398.0,815.0,417.0,,2090.452,41.0,178.0,239.0,212.983,,,0.4269,0.5731,,True,completed
99,DEFAULT_VEHTYPE,444.0,824.0,380.0,,1778.342,38.0,129.0,251.0,161.302,,,0.3395,0.6605,,True,completed
159,DEFAULT_VEHTYPE,673.0,825.0,152.0,,893.663,33.0,52.0,100.0,65.998,,,0.3421,0.6579,,True,completed
157,DEFAULT_VEHTYPE,666.0,837.0,171.0,,1771.848,19.0,19.0,152.0,45.701,,,0.1111,0.8889,,True,completed
152,DEFAULT_VEHTYPE,645.0,840.0,195.0,,1491.713,20.0,46.0,149.0,64.847,,,0.2359,0.7641,,True,completed
151,DEFAULT_VEHTYPE,640.0,845.0,205.0,,1780.377,0.0,32.0,173.0,47.321,,,0.1561,0.8439,,True,completed
128,DEFAULT_VEHTYPE,550.0,847.0,297.0,,2390.82,14.0,29.0,268.0,58.629,,,0.0976,0.9024,,True,completed
181,DEFAULT_VEHTYPE,767.0,847.0,80.0,,853.441,0.0,0.0,80.0,6.498,,,0.0,1.0,,True,completed
126,DEFAULT_VEHTYPE,547.0,852.0,305.0,,1791.074,16.0,119.0,186.0,146.652,,,0.3902,0.6098,,True,completed
147,DEFAULT_VEHTYPE,622.0,852.0,230.0,,1458.456,31.0,59.0,171.0,83.139,,,0.2565,0.7435,,True,completed
121,DEFAULT_VEHTYPE,532.0,855.0,323.0,,1789.117,44.0,121.0,202.0,147.108,,,0.3746,0.6254,,True,completed
177,DEFAULT_VEHTYPE,756.0,855.0,99.0,,872.958,2.0,2.0,97.0,13.107,,,0.0202,0.9798,,True,completed
155,DEFAULT_VEHTYPE,657.0,861.0,204.0,,1740.963,23.0,39.0,165.0,69.394,,,0.1912,0.8088,,True,completed
135,DEFAULT_VEHTYPE,580.0,863.0,283.0,,1494.406,39.0,80.0,203.0,105.06,,,0.2827,0.7173,,True,completed
161,DEFAULT_VEHTYPE,684.0,865.0,181.0,,1492.523,23.0,23.0,158.0,38.007,,,0.1271,0.8729,,True,completed
165,DEFAULT_VEHTYPE,707.0,867.0,160.0,,1467.321,15.0,18.0,142.0,39.206,,,0.1125,0.8875,,True,completed
163,DEFAULT_VEHTYPE,695.0,877.0,182.0,,1459.022,44.0,45.0,137.0,58.492,,,0.2473,0.7527,,True,completed
179,DEFAULT_VEHTYPE,761.0,877.0,116.0,,892.658,0.0,0.0,116.0,18.352,,,0.0,1.0,,True,completed
180,DEFAULT_VEHTYPE,763.0,877.0,114.0,,1160.765,0.0,0.0,114.0,8.473,,,0.0,1.0,,True,completed
171,DEFAULT_VEHTYPE,742.0,879.0,137.0,,893.209,11.0,11.0,126.0,29.225,,,0.0803,0.9197,,True,completed
186,DEFAULT_VEHTYPE,783.0,880.0,97.0,,873.605,0.0,0.0,97.0,7.389,,,0.0,1.0,,True,completed
111,DEFAULT_VEHTYPE,488.0,881.0,393.0,,2094.089,10.0,175.0,218.0,204.953,,,0.4453,0.5547,,True,completed
133,DEFAULT_VEHTYPE,571.0,892.0,321.0,,2094.954,20.0,108.0,213.0,136.265,,,0.3364,0.6636,,True,completed
149,DEFAULT_VEHTYPE,638.0,893.0,255.0,,1486.149,42.0,102.0,153.0,126.299,,,0.4,0.6,,True,completed
132,DEFAULT_VEHTYPE,566.0,896.0,330.0,,1488.191,41.0,147.0,183.0,176.801,,,0.4455,0.5545,,True,completed
175,DEFAULT_VEHTYPE,755.0,912.0,157.0,,1479.43,13.0,15.0,142.0,32.649,,,0.0955,0.9045,,True,completed
158,DEFAULT_VEHTYPE,668.0,913.0,245.0,,2082.227,38.0,63.0,182.0,85.569,,,0.2571,0.7429,,True,completed
178,DEFAULT_VEHTYPE,760.0,918.0,158.0,,1468.651,21.0,22.0,136.0,44.326,,,0.1392,0.8608,,True,completed
164,DEFAULT_VEHTYPE,706.0,921.0,215.0,,1786.929,10.0,37.0,178.0,64.167,,,0.1721,0.8279,,True,completed
136,DEFAULT_VEHTYPE,581.0,925.0,344.0,,1770.44,3.0,141.0,203.0,168.461,,,0.4099,0.5901,,True,completed
125,DEFAULT_VEHTYPE,547.0,931.0,384.0,,1792.984,40.0,199.0,185.0,223.963,,,0.5182,0.4818,,True,completed
170,DEFAULT_VEHTYPE,738.0,932.0,194.0,,1489.783,8.0,17.0,177.0,35.705,,,0.0876,0.9124,,True,completed
201,DEFAULT_VEHTYPE,830.0,940.0,110.0,,889.978,27.0,27.0,83.0,36.335,,,0.2455,0.7545,,True,completed
146,DEFAULT_VEHTYPE,620.0,942.0,322.0,,2379.675,30.0,83.0,239.0,116.522,,,0.2578,0.7422,,True,completed
173,DEFAULT_VEHTYPE,748.0,943.0,195.0,,1497.146,29.0,45.0,150.0,73.065,,,0.2308,0.7692,,True,completed
194,DEFAULT_VEHTYPE,808.0,943.0,135.0,,890.74,35.0,40.0,95.0,52.659,,,0.2963,0.7037,,True,completed
166,DEFAULT_VEHTYPE,729.0,951.0,222.0,,1780.178,18.0,68.0,154.0,90.036,,,0.3063,0.6937,,True,completed
211,DEFAULT_VEHTYPE,863.0,954.0,91.0,,870.559,13.0,13.0,78.0,21.956,,,0.1429,0.8571,,True,completed
193,DEFAULT_VEHTYPE,807.0,962.0,155.0,,1174.93,8.0,31.0,124.0,49.199,,,0.2,0.8,,True,completed
216,DEFAULT_VEHTYPE,877.0,964.0,87.0,,856.037,0.0,0.0,87.0,6.352,,,0.0,1.0,,True,completed
214,DEFAULT_VEHTYPE,876.0,969.0,93.0,,849.145,0.0,0.0,93.0,7.118,,,0.0,1.0,,True,completed
183,DEFAULT_VEHTYPE,774.0,972.0,198.0,,1478.9,30.0,50.0,148.0,69.958,,,0.2525,0.7475,,True,completed
217,DEFAULT_VEHTYPE,883.0,972.0,89.0,,870.172,0.0,0.0,89.0,8.427,,,0.0,1.0,,True,completed
182,DEFAULT_VEHTYPE,767.0,975.0,208.0,,1487.151,13.0,45.0,163.0,62.9,,,0.2163,0.7837,,True,completed
148,DEFAULT_VEHTYPE,623.0,976.0,353.0,,1792.413,41.0,143.0,210.0,172.71,,,0.4051,0.5949,,True,completed
167,DEFAULT_VEHTYPE,731.0,978.0,247.0,,1491.38,33.0,79.0,168.0,98.282,,,0.3198,0.6802,,True,completed
224,DEFAULT_VEHTYPE,902.0,990.0,88.0,,893.94,0.0,0.0,88.0,7.112,,,0.0,1.0,,True,completed
176,DEFAULT_VEHTYPE,757.0,992.0,235.0,,1778.147,9.0,51.0,184.0,73.3,,,0.217,0.783,,True,completed
207,DEFAULT_VEHTYPE,856.0,1001.0,145.0,,1158.159,26.0,26.0,119.0,39.107,,,0.1793,0.8207,,True,completed
172,DEFAULT_VEHTYPE,746.0,1008.0,262.0,,2069.979,36.0,51.0,211.0,105.186,,,0.1947,0.8053,,True,completed
162,DEFAULT_VEHTYPE,695.0,1009.0,314.0,,2388.235,25.0,85.0,229.0,123.358,,,0.2707,0.7293,,True,completed
145,DEFAULT_VEHTYPE,617.0,1010.0,393.0,,2392.483,19.0,151.0,242.0,194.886,,,0.3842,0.6158,,True,completed
200,DEFAULT_VEHTYPE,825.0,1014.0,189.0,,1479.09,31.0,38.0,151.0,59.878,,,0.2011,0.7989,,True,completed
196,DEFAULT_VEHTYPE,819.0,1017.0,198.0,,1495.062,11.0,27.0,171.0,53.658,,,0.1364,0.8636,,True,completed
160,DEFAULT_VEHTYPE,681.0,1018.0,337.0,,1772.568,42.0,114.0,223.0,145.418,,,0.3383,0.6617,,True,completed
246,DEFAULT_VEHTYPE,966.0,1019.0,53.0,,569.509,0.0,0.0,53.0,3.293,,,0.0,1.0,,True,completed
174,DEFAULT_VEHTYPE,752.0,1023.0,271.0,,2071.683,32.0,41.0,230.0,83.989,,,0.1513,0.8487,,True,completed
191,DEFAULT_VEHTYPE,803.0,1023.0,220.0,,1746.459,21.0,53.0,167.0,76.627,,,0.2409,0.7591,,True,completed
218,DEFAULT_VEHTYPE,886.0,1023.0,137.0,,886.252,36.0,44.0,93.0,56.342,,,0.3212,0.6788,,True,completed
239,DEFAULT_VEHTYPE,938.0,1025.0,87.0,,850.325,0.0,0.0,87.0,7.71,,,0.0,1.0,,True,completed
206,DEFAULT_VEHTYPE,853.0,1030.0,177.0,,1746.902,0.0,9.0,168.0,31.762,,,0.0508,0.9492,,True,completed
188,DEFAULT_VEHTYPE,794.0,1031.0,237.0,,1774.764,11.0,61.0,176.0,86.327,,,0.2574,0.7426,,True,completed
189,DEFAULT_VEHTYPE,795.0,1031.0,236.0,,1195.156,43.0,82.0,154.0,100.553,,,0.3475,0.6525,,True,completed
241,DEFAULT_VEHTYPE,944.0,1038.0,94.0,,850.223,0.0,0.0,94.0,8.568,,,0.0,1.0,,True,completed
187,DEFAULT_VEHTYPE,793.0,1044.0,251.0,,2071.162,26.0,34.0,217.0,54.127,,,0.1355,0.8645,,True,completed
223,DEFAULT_VEHTYPE,898.0,1046.0,148.0,,1159.616,19.0,19.0,129.0,32.517,,,0.1284,0.8716,,True,completed
247,DEFAULT_VEHTYPE,967.0,1050.0,83.0,,873.239,2.0,2.0,81.0,11.837,,,0.0241,0.9759,,True,completed
185,DEFAULT_VEHTYPE,776.0,1051.0,275.0,,2073.5,26.0,59.0,216.0,95.42,,,0.2145,0.7855,,True,completed
198,DEFAULT_VEHTYPE,820.0,1051.0,231.0,,1772.51,20.0,57.0,174.0,81.32,,,0.2468,0.7532,,True,completed
209,DEFAULT_VEHTYPE,861.0,1052.0,191.0,,1475.594,30.0,40.0,151.0,63.494,,,0.2094,0.7906,,True,completed
205,DEFAULT_VEHTYPE,848.0,1054.0,206.0,,1492.452,29.0,54.0,152.0,80.18,,,0.2621,0.7379,,True,completed
202,DEFAULT_VEHTYPE,837.0,1058.0,221.0,,1470.486,5.0,31.0,190.0,52.683,,,0.1403,0.8597,,True,completed
204,DEFAULT_VEHTYPE,846.0,1059.0,213.0,,1738.295,23.0,51.0,162.0,72.513,,,0.2394,0.7606,,True,completed
210,DEFAULT_VEHTYPE,862.0,1062.0,200.0,,1489.84,30.0,47.0,153.0,67.582,,,0.235,0.765,,True,completed
213,DEFAULT_VEHTYPE,871.0,1066.0,195.0,,1188.018,25.0,49.0,146.0,62.468,,,0.2513,0.7487,,True,completed
238,DEFAULT_VEHTYPE,935.0,1070.0,135.0,,1171.338,14.0,18.0,117.0,38.898,,,0.1333,0.8667,,True,completed
240,DEFAULT_VEHTYPE,940.0,1070.0,130.0,,1153.116,0.0,0.0,130.0,9.96,,,0.0,1.0,,True,completed
215,DEFAULT_VEHTYPE,876.0,1079.0,203.0,,1779.679,0.0,38.0,165.0,53.268,,,0.1872,0.8128,,True,completed
221,DEFAULT_VEHTYPE,894.0,1081.0,187.0,,1193.859,30.0,59.0,128.0,87.413,,,0.3155,0.6845,,True,completed
264,DEFAULT_VEHTYPE,1017.0,1082.0,65.0,,590.606,5.0,5.0,60.0,12.363,,,0.0769,0.9231,,True,completed
242,DEFAULT_VEHTYPE,949.0,1085.0,136.0,,1191.868,10.0,12.0,124.0,28.811,,,0.0882,0.9118,,True,completed
220,DEFAULT_VEHTYPE,892.0,1086.0,194.0,,1776.496,0.0,21.0,173.0,36.913,,,0.1082,0.8918,,True,completed
197,DEFAULT_VEHTYPE,819.0,1092.0,273.0,,1489.599,47.0,118.0,155.0,140.138,,,0.4322,0.5678,,True,completed
195,DEFAULT_VEHTYPE,809.0,1093.0,284.0,,1792.304,46.0,101.0,183.0,136.968,,,0.3556,0.6444,,True,completed
208,DEFAULT_VEHTYPE,860.0,1093.0,233.0,,1779.109,20.0,49.0,184.0,71.683,,,0.2103,0.7897,,True,completed
267,DEFAULT_VEHTYPE,1019.0,1095.0,76.0,,851.825,0.0,0.0,76.0,5.452,,,0.0,1.0,,True,completed
168,DEFAULT_VEHTYPE,734.0,1098.0,364.0,,2075.572,15.0,111.0,253.0,145.873,,,0.3049,0.6951,,True,completed
226,DEFAULT_VEHTYPE,913.0,1098.0,185.0,,1736.911,29.0,32.0,153.0,54.295,,,0.173,0.827,,True,completed
263,DEFAULT_VEHTYPE,1016.0,1101.0,85.0,,853.88,0.0,0.0,85.0,7.049,,,0.0,1.0,,True,completed
255,DEFAULT_VEHTYPE,993.0,1104.0,111.0,,891.106,19.0,19.0,92.0,33.828,,,0.1712,0.8288,,True,completed
169,DEFAULT_VEHTYPE,737.0,1106.0,369.0,,2078.01,32.0,132.0,237.0,163.089,,,0.3577,0.6423,,True,completed
271,DEFAULT_VEHTYPE,1030.0,1108.0,78.0,,885.262,0.0,0.0,78.0,5.389,,,0.0,1.0,,True,completed
248,DEFAULT_VEHTYPE,971.0,1116.0,145.0,,1192.298,18.0,38.0,107.0,52.419,,,0.2621,0.7379,,True,completed
280,DEFAULT_VEHTYPE,1055.0,1119.0,64.0,,595.057,0.0,0.0,64.0,4.496,,,0.0,1.0,,True,completed
199,DEFAULT_VEHTYPE,820.0,1120.0,300.0,,2378.119,29.0,59.0,241.0,93.734,,,0.1967,0.8033,,True,completed
232,DEFAULT_VEHTYPE,926.0,1122.0,196.0,,1173.079,39.0,70.0,126.0,88.027,,,0.3571,0.6429,,True,completed
225,DEFAULT_VEHTYPE,903.0,1130.0,227.0,,1773.611,21.0,54.0,173.0,78.96,,,0.2379,0.7621,,True,completed
250,DEFAULT_VEHTYPE,978.0,1132.0,154.0,,1186.982,28.0,28.0,126.0,45.022,,,0.1818,0.8182,,True,completed
192,DEFAULT_VEHTYPE,804.0,1134.0,330.0,,2373.952,21.0,86.0,244.0,118.828,,,0.2606,0.7394,,True,completed
234,DEFAULT_VEHTYPE,930.0,1135.0,205.0,,1174.454,27.0,58.0,147.0,76.975,,,0.2829,0.7171,,True,completed
266,DEFAULT_VEHTYPE,1018.0,1135.0,117.0,,889.473,44.0,44.0,73.0,59.739,,,0.3761,0.6239,,True,completed
203,DEFAULT_VEHTYPE,842.0,1136.0,294.0,,2071.403,15.0,55.0,239.0,83.95,,,0.1871,0.8129,,True,completed
257,DEFAULT_VEHTYPE,1001.0,1137.0,136.0,,885.74,34.0,39.0,97.0,52.499,,,0.2868,0.7132,,True,completed
245,DEFAULT_VEHTYPE,960.0,1140.0,180.0,,1492.256,8.0,8.0,172.0,23.302,,,0.0444,0.9556,,True,completed
296,DEFAULT_VEHTYPE,1093.0,1144.0,51.0,,573.368,0.0,0.0,51.0,3.999,,,0.0,1.0,,True,completed
253,DEFAULT_VEHTYPE,988.0,1159.0,171.0,,1187.652,42.0,51.0,120.0,66.496,,,0.2982,0.7018,,True,completed
243,DEFAULT_VEHTYPE,950.0,1161.0,211.0,,1791.581,10.0,32.0,179.0,57.518,,,0.1517,0.8483,,True,completed
249,DEFAULT_VEHTYPE,972.0,1166.0,194.0,,1739.83,0.0,31.0,163.0,45.409,,,0.1598,0.8402,,True,completed
276,DEFAULT_VEHTYPE,1044.0,1166.0,122.0,,1197.539,0.0,0.0,122.0,15.121,,,0.0,1.0,,True,completed
282,DEFAULT_VEHTYPE,1057.0,1166.0,109.0,,894.511,6.0,7.0,102.0,20.454,,,0.0642,0.9358,,True,completed
256,DEFAULT_VEHTYPE,1001.0,1167.0,166.0,,1152.756,37.0,44.0,122.0,60.166,,,0.2651,0.7349,,True,completed
227,DEFAULT_VEHTYPE,918.0,1170.0,252.0,,2071.941,32.0,50.0,202.0,78.665,,,0.1984,0.8016,,True,completed
260,DEFAULT_VEHTYPE,1008.0,1170.0,162.0,,1167.988,13.0,21.0,141.0,39.64,,,0.1296,0.8704,,True,completed
236,DEFAULT_VEHTYPE,933.0,1173.0,240.0,,1775.898,33.0,49.0,191.0,74.785,,,0.2042,0.7958,,True,completed
235,DEFAULT_VEHTYPE,931.0,1176.0,245.0,,1491.955,37.0,70.0,175.0,104.049,,,0.2857,0.7143,,True,completed
261,DEFAULT_VEHTYPE,1009.0,1176.0,167.0,,1177.902,37.0,37.0,130.0,49.457,,,0.2216,0.7784,,True,completed
288,DEFAULT_VEHTYPE,1073.0,1177.0,104.0,,851.728,0.0,0.0,104.0,8.105,,,0.0,1.0,,True,completed
184,DEFAULT_VEHTYPE,774.0,1181.0,407.0,,2076.464,38.0,133.0,274.0,168.234,,,0.3268,0.6732,,True,completed
251,DEFAULT_VEHTYPE,978.0,1182.0,204.0,,1738.153,0.0,0.0,204.0,15.818,,,0.0,1.0,,True,completed
272,DEFAULT_VEHTYPE,1032.0,1183.0,151.0,,1453.396,14.0,14.0,137.0,27.496,,,0.0927,0.9073,,True,completed
268,DEFAULT_VEHTYPE,1024.0,1195.0,171.0,,1487.62,17.0,30.0,141.0,49.442,,,0.1754,0.8246,,True,completed
237,DEFAULT_VEHTYPE,934.0,1196.0,262.0,,1776.84,43.0,93.0,169.0,117.902,,,0.355,0.645,,True,completed
311,DEFAULT_VEHTYPE,1139.0,1197.0,58.0,,569.486,0.0,0.0,58.0,4.291,,,0.0,1.0,,True,completed
301,DEFAULT_VEHTYPE,1117.0,1199.0,82.0,,856.43,1.0,1.0,81.0,8.544,,,0.0122,0.9878,,True,completed
291,DEFAULT_VEHTYPE,1080.0,1200.0,120.0,,1151.716,3.0,3.0,117.0,16.435,,,0.025,0.975,,True,completed
233,DEFAULT_VEHTYPE,928.0,1212.0,284.0,,1490.496,45.0,129.0,155.0,164.266,,,0.4542,0.5458,,True,completed
244,DEFAULT_VEHTYPE,957.0,1213.0,256.0,,1779.185,46.0,77.0,179.0,97.221,,,0.3008,0.6992,,True,completed
219,DEFAULT_VEHTYPE,892.0,1214.0,322.0,,1486.744,47.0,157.0,165.0,180.107,,,0.4876,0.5124,,True,completed
230,DEFAULT_VEHTYPE,924.0,1214.0,290.0,,2087.8,17.0,76.0,214.0,108.319,,,0.2621,0.7379,,True,completed
259,DEFAULT_VEHTYPE,1006.0,1214.0,208.0,,1742.669,24.0,25.0,183.0,42.523,,,0.1202,0.8798,,True,completed
262,DEFAULT_VEHTYPE,1009.0,1214.0,205.0,,1495.007,17.0,45.0,160.0,67.788,,,0.2195,0.7805,,True,completed
269,DEFAULT_VEHTYPE,1027.0,1217.0,190.0,,1494.582,14.0,15.0,175.0,37.789,,,0.0789,0.9211,,True,completed
190,DEFAULT_VEHTYPE,802.0,1221.0,419.0,,2093.143,28.0,162.0,257.0,206.365,,,0.3866,0.6134,,True,completed
287,DEFAULT_VEHTYPE,1072.0,1236.0,164.0,,1484.392,22.0,24.0,140.0,38.967,,,0.1463,0.8537,,True,completed
305,DEFAULT_VEHTYPE,1128.0,1238.0,110.0,,897.045,25.0,25.0,85.0,34.114,,,0.2273,0.7727,,True,completed
283,DEFAULT_VEHTYPE,1061.0,1239.0,178.0,,1472.682,17.0,42.0,136.0,58.972,,,0.236,0.764,,True,completed
275,DEFAULT_VEHTYPE,1043.0,1242.0,199.0,,1174.49,39.0,75.0,124.0,89.956,,,0.3769,0.6231,,True,completed
274,DEFAULT_VEHTYPE,1041.0,1244.0,203.0,,1781.741,17.0,23.0,180.0,46.629,,,0.1133,0.8867,,True,completed
228,DEFAULT_VEHTYPE,920.0,1251.0,331.0,,2370.29,28.0,86.0,245.0,123.751,,,0.2598,0.7402,,True,completed
231,DEFAULT_VEHTYPE,926.0,1252.0,326.0,,2088.492,45.0,107.0,219.0,139.555,,,0.3282,0.6718,,True,completed
277,DEFAULT_VEHTYPE,1045.0,1254.0,209.0,,1495.37,14.0,50.0,159.0,80.565,,,0.2392,0.7608,,True,completed
306,DEFAULT_VEHTYPE,1129.0,1254.0,125.0,,1159.98,0.0,0.0,125.0,9.263,,,0.0,1.0,,True,completed
278,DEFAULT_VEHTYPE,1050.0,1255.0,205.0,,1476.496,15.0,45.0,160.0,64.704,,,0.2195,0.7805,,True,completed
281,DEFAULT_VEHTYPE,1055.0,1255.0,200.0,,1471.568,20.0,34.0,166.0,54.244,,,0.17,0.83,,True,completed
300,DEFAULT_VEHTYPE,1110.0,1256.0,146.0,,1171.595,22.0,22.0,124.0,34.837,,,0.1507,0.8493,,True,completed
303,DEFAULT_VEHTYPE,1127.0,1256.0,129.0,,892.777,31.0,31.0,98.0,41.403,,,0.2403,0.7597,,True,completed
293,DEFAULT_VEHTYPE,1087.0,1269.0,182.0,,1190.581,23.0,33.0,149.0,50.984,,,0.1813,0.8187,,True,completed
286,DEFAULT_VEHTYPE,1070.0,1277.0,207.0,,1778.749,30.0,38.0,169.0,58.361,,,0.1836,0.8164,,True,completed
321,DEFAULT_VEHTYPE,1160.0,1278.0,118.0,,1178.452,6.0,6.0,112.0,17.101,,,0.0508,0.9492,,True,completed
212,DEFAULT_VEHTYPE,865.0,1281.0,416.0,,2086.143,10.0,200.0,216.0,226.759,,,0.4808,0.5192,,True,completed
299,DEFAULT_VEHTYPE,1103.0,1281.0,178.0,,1772.316,2.0,15.0,163.0,37.092,,,0.0843,0.9157,,True,completed
254,DEFAULT_VEHTYPE,991.0,1284.0,293.0,,2373.69,25.0,44.0,249.0,74.654,,,0.1502,0.8498,,True,completed
298,DEFAULT_VEHTYPE,1096.0,1284.0,188.0,,1470.955,2.0,22.0,166.0,44.434,,,0.117,0.883,,True,completed
285,DEFAULT_VEHTYPE,1069.0,1287.0,218.0,,1777.273,0.0,7.0,211.0,26.944,,,0.0321,0.9679,,True,completed
295,DEFAULT_VEHTYPE,1087.0,1289.0,202.0,,1778.229,20.0,34.0,168.0,62.284,,,0.1683,0.8317,,True,completed
342,DEFAULT_VEHTYPE,1205.0,1290.0,85.0,,857.869,0.0,0.0,85.0,6.808,,,0.0,1.0,,True,completed
315,DEFAULT_VEHTYPE,1151.0,1291.0,140.0,,1188.096,23.0,23.0,117.0,38.472,,,0.1643,0.8357,,True,completed
356,DEFAULT_VEHTYPE,1240.0,1291.0,51.0,,573.723,0.0,0.0,51.0,3.212,,,0.0,1.0,,True,completed
304,DEFAULT_VEHTYPE,1127.0,1292.0,165.0,,1472.793,17.0,19.0,146.0,41.796,,,0.1152,0.8848,,True,completed
222,DEFAULT_VEHTYPE,897.0,1301.0,404.0,,2075.695,39.0,134.0,270.0,164.298,,,0.3317,0.6683,,True,completed
347,DEFAULT_VEHTYPE,1219.0,1311.0,92.0,,876.089,3.0,3.0,89.0,15.54,,,0.0326,0.9674,,True,completed
345,DEFAULT_VEHTYPE,1214.0,1315.0,101.0,,887.213,2.0,2.0,99.0,12.647,,,0.0198,0.9802,,True,completed
322,DEFAULT_VEHTYPE,1161.0,1318.0,157.0,,1160.608,43.0,46.0,111.0,57.334,,,0.293,0.707,,True,completed
270,DEFAULT_VEHTYPE,1029.0,1321.0,292.0,,2074.779,17.0,77.0,215.0,106.904,,,0.2637,0.7363,,True,completed
317,DEFAULT_VEHTYPE,1153.0,1321.0,168.0,,1738.338,0.0,0.0,168.0,12.232,,,0.0,1.0,,True,completed
297,DEFAULT_VEHTYPE,1096.0,1322.0,226.0,,1788.846,9.0,40.0,186.0,60.035,,,0.177,0.823,,True,completed
290,DEFAULT_VEHTYPE,1078.0,1330.0,252.0,,1778.864,48.0,83.0,169.0,109.296,,,0.3294,0.6706,,True,completed
229,DEFAULT_VEHTYPE,922.0,1332.0,410.0,,2390.307,17.0,161.0,249.0,201.29,,,0.3927,0.6073,,True,completed
265,DEFAULT_VEHTYPE,1017.0,1333.0,316.0,,2078.601,28.0,101.0,215.0,130.548,,,0.3196,0.6804,,True,completed
279,DEFAULT_VEHTYPE,1054.0,1335.0,281.0,,2078.262,27.0,66.0,215.0,98.243,,,0.2349,0.7651,,True,completed
289,DEFAULT_VEHTYPE,1076.0,1335.0,259.0,,2088.789,22.0,28.0,231.0,55.671,,,0.1081,0.8919,,True,completed
307,DEFAULT_VEHTYPE,1131.0,1335.0,204.0,,1486.216,24.0,53.0,151.0,80.497,,,0.2598,0.7402,,True,completed
294,DEFAULT_VEHTYPE,1087.0,1338.0,251.0,,1781.041,8.0,45.0,206.0,66.308,,,0.1793,0.8207,,True,completed
340,DEFAULT_VEHTYPE,1204.0,1343.0,139.0,,885.279,34.0,43.0,96.0,55.719,,,0.3094,0.6906,,True,completed
312,DEFAULT_VEHTYPE,1144.0,1345.0,201.0,,1742.738,2.0,8.0,193.0,29.517,,,0.0398,0.9602,,True,completed
331,DEFAULT_VEHTYPE,1185.0,1345.0,160.0,,894.676,47.0,58.0,102.0,80.915,,,0.3625,0.6375,,True,completed
308,DEFAULT_VEHTYPE,1131.0,1346.0,215.0,,1781.7,27.0,63.0,152.0,95.181,,,0.293,0.707,,True,completed
320,DEFAULT_VEHTYPE,1162.0,1351.0,189.0,,894.938,47.0,71.0,118.0,88.17,,,0.3757,0.6243,,True,completed
292,DEFAULT_VEHTYPE,1081.0,1353.0,272.0,,2089.39,19.0,68.0,204.0,108.522,,,0.25,0.75,,True,completed
341,DEFAULT_VEHTYPE,1206.0,1356.0,150.0,,1185.612,16.0,36.0,114.0,49.095,,,0.24,0.76,,True,completed
327,DEFAULT_VEHTYPE,1178.0,1358.0,180.0,,1489.32,14.0,25.0,155.0,57.001,,,0.1389,0.8611,,True,completed
326,DEFAULT_VEHTYPE,1176.0,1364.0,188.0,,1490.759,15.0,28.0,160.0,47.14,,,0.1489,0.8511,,True,completed
390,DEFAULT_VEHTYPE,1312.0,1366.0,54.0,,568.62,0.0,0.0,54.0,3.873,,,0.0,1.0,,True,completed
337,DEFAULT_VEHTYPE,1199.0,1373.0,174.0,,1490.981,20.0,20.0,154.0,36.099,,,0.1149,0.8851,,True,completed
252,DEFAULT_VEHTYPE,978.0,1374.0,396.0,,2089.215,47.0,166.0,230.0,198.537,,,0.4192,0.5808,,True,completed
302,DEFAULT_VEHTYPE,1125.0,1374.0,249.0,,1774.275,32.0,70.0,179.0,96.443,,,0.2811,0.7189,,True,completed
273,DEFAULT_VEHTYPE,1040.0,1380.0,340.0,,1787.887,38.0,106.0,234.0,139.768,,,0.3118,0.6882,,True,completed
370,DEFAULT_VEHTYPE,1275.0,1381.0,106.0,,895.237,22.0,22.0,84.0,31.998,,,0.2075,0.7925,,True,completed
330,DEFAULT_VEHTYPE,1183.0,1382.0,199.0,,1745.276,16.0,24.0,175.0,47.012,,,0.1206,0.8794,,True,completed
361,DEFAULT_VEHTYPE,1254.0,1382.0,128.0,,882.873,39.0,39.0,89.0,55.275,,,0.3047,0.6953,,True,completed
313,DEFAULT_VEHTYPE,1146.0,1383.0,237.0,,1742.387,11.0,56.0,181.0,75.636,,,0.2363,0.7637,,True,completed
318,DEFAULT_VEHTYPE,1158.0,1383.0,225.0,,1742.443,11.0,43.0,182.0,63.802,,,0.1911,0.8089,,True,completed
385,DEFAULT_VEHTYPE,1298.0,1389.0,91.0,,890.621,5.0,5.0,86.0,11.962,,,0.0549,0.9451,,True,completed
309,DEFAULT_VEHTYPE,1133.0,1395.0,262.0,,2084.771,16.0,62.0,200.0,92.762,,,0.2366,0.7634,,True,completed
372,DEFAULT_VEHTYPE,1277.0,1396.0,119.0,,874.969,35.0,35.0,84.0,45.666,,,0.2941,0.7059,,True,completed
407,DEFAULT_VEHTYPE,1346.0,1398.0,52.0,,569.512,0.0,0.0,52.0,3.209,,,0.0,1.0,,True,completed
352,DEFAULT_VEHTYPE,1226.0,1403.0,177.0,,1488.069,8.0,24.0,153.0,40.232,,,0.1356,0.8644,,True,completed
328,DEFAULT_VEHTYPE,1179.0,1408.0,229.0,,1775.877,14.0,26.0,203.0,50.528,,,0.1135,0.8865,,True,completed
316,DEFAULT_VEHTYPE,1152.0,1409.0,257.0,,2068.237,42.0,65.0,192.0,109.107,,,0.2529,0.7471,,True,completed
353,DEFAULT_VEHTYPE,1228.0,1409.0,181.0,,1489.659,11.0,11.0,170.0,29.43,,,0.0608,0.9392,,True,completed
333,DEFAULT_VEHTYPE,1193.0,1411.0,218.0,,1772.681,34.0,47.0,171.0,67.854,,,0.2156,0.7844,,True,completed
362,DEFAULT_VEHTYPE,1259.0,1412.0,153.0,,1174.114,12.0,12.0,141.0,27.55,,,0.0784,0.9216,,True,completed
258,DEFAULT_VEHTYPE,1003.0,1413.0,410.0,,2375.104,29.0,163.0,247.0,193.695,,,0.3976,0.6024,,True,completed
344,DEFAULT_VEHTYPE,1214.0,1413.0,199.0,,1493.146,12.0,26.0,173.0,50.797,,,0.1307,0.8693,,True,completed
365,DEFAULT_VEHTYPE,1265.0,1415.0,150.0,,1186.6,27.0,28.0,122.0,42.689,,,0.1867,0.8133,,True,completed
404,DEFAULT_VEHTYPE,1337.0,1416.0,79.0,,870.963,0.0,0.0,79.0,4.935,,,0.0,1.0,,True,completed
329,DEFAULT_VEHTYPE,1181.0,1417.0,236.0,,1794.213,23.0,38.0,198.0,59.055,,,0.161,0.839,,True,completed
343,DEFAULT_VEHTYPE,1211.0,1422.0,211.0,,1740.766,1.0,26.0,185.0,68.779,,,0.1232,0.8768,,True,completed
360,DEFAULT_VEHTYPE,1249.0,1424.0,175.0,,1494.818,21.0,22.0,153.0,36.233,,,0.1257,0.8743,,True,completed
334,DEFAULT_VEHTYPE,1194.0,1425.0,231.0,,1743.525,1.0,35.0,196.0,60.181,,,0.1515,0.8485,,True,completed
354,DEFAULT_VEHTYPE,1229.0,1425.0,196.0,,1747.415,5.0,7.0,189.0,28.886,,,0.0357,0.9643,,True,completed
408,DEFAULT_VEHTYPE,1347.0,1425.0,78.0,,857.106,0.0,0.0,78.0,6.276,,,0.0,1.0,,True,completed
325,DEFAULT_VEHTYPE,1176.0,1426.0,250.0,,1748.289,40.0,47.0,203.0,91.097,,,0.188,0.812,,True,completed
319,DEFAULT_VEHTYPE,1159.0,1429.0,270.0,,1743.718,40.0,56.0,214.0,80.661,,,0.2074,0.7926,,True,completed
367,DEFAULT_VEHTYPE,1272.0,1435.0,163.0,,1745.614,0.0,0.0,163.0,11.362,,,0.0,1.0,,True,completed
401,DEFAULT_VEHTYPE,1329.0,1438.0,109.0,,1188.292,2.0,2.0,107.0,12.231,,,0.0183,0.9817,,True,completed
413,DEFAULT_VEHTYPE,1351.0,1439.0,88.0,,850.302,0.0,0.0,88.0,7.297,,,0.0,1.0,,True,completed
414,DEFAULT_VEHTYPE,1360.0,1439.0,79.0,,853.302,0.0,0.0,79.0,5.935,,,0.0,1.0,,True,completed
323,DEFAULT_VEHTYPE,1163.0,1440.0,277.0,,2072.238,28.0,60.0,217.0,92.866,,,0.2166,0.7834,,True,completed
384,DEFAULT_VEHTYPE,1297.0,1440.0,143.0,,1194.478,27.0,27.0,116.0,37.658,,,0.1888,0.8112,,True,completed
376,DEFAULT_VEHTYPE,1287.0,1442.0,155.0,,1172.517,17.0,31.0,124.0,46.581,,,0.2,0.8,,True,completed
374,DEFAULT_VEHTYPE,1281.0,1445.0,164.0,,1776.627,0.0,0.0,164.0,9.746,,,0.0,1.0,,True,completed
381,DEFAULT_VEHTYPE,1292.0,1445.0,153.0,,1157.97,26.0,26.0,127.0,39.35,,,0.1699,0.8301,,True,completed
335,DEFAULT_VEHTYPE,1196.0,1451.0,255.0,,1735.19,35.0,82.0,173.0,103.131,,,0.3216,0.6784,,True,completed
346,DEFAULT_VEHTYPE,1216.0,1451.0,235.0,,1785.25,18.0,55.0,180.0,91.701,,,0.234,0.766,,True,completed
357,DEFAULT_VEHTYPE,1243.0,1451.0,208.0,,1474.052,27.0,56.0,152.0,79.638,,,0.2692,0.7308,,True,completed
371,DEFAULT_VEHTYPE,1276.0,1452.0,176.0,,1485.188,23.0,23.0,153.0,41.103,,,0.1307,0.8693,,True,completed
324,DEFAULT_VEHTYPE,1165.0,1455.0,290.0,,2075.578,31.0,72.0,218.0,101.464,,,0.2483,0.7517,,True,completed
336,DEFAULT_VEHTYPE,1198.0,1455.0,257.0,,1488.734,44.0,89.0,168.0,109.599,,,0.3463,0.6537,,True,completed
284,DEFAULT_VEHTYPE,1068.0,1456.0,388.0,,2072.273,23.0,156.0,232.0,188.582,,,0.4021,0.5979,,True,completed
359,DEFAULT_VEHTYPE,1248.0,1457.0,209.0,,1456.506,0.0,15.0,194.0,35.976,,,0.0718,0.9282,,True,completed
419,DEFAULT_VEHTYPE,1383.0,1464.0,81.0,,850.04,0.0,0.0,81.0,6.352,,,0.0,1.0,,True,completed
310,DEFAULT_VEHTYPE,1134.0,1467.0,333.0,,2076.096,23.0,85.0,248.0,122.843,,,0.2553,0.7447,,True,completed
382,DEFAULT_VEHTYPE,1291.0,1479.0,188.0,,1469.133,37.0,37.0,151.0,61.22,,,0.1968,0.8032,,True,completed
433,DEFAULT_VEHTYPE,1410.0,1480.0,70.0,,573.346,0.0,0.0,70.0,6.771,,,0.0,1.0,,True,completed
410,DEFAULT_VEHTYPE,1350.0,1483.0,133.0,,1191.418,8.0,11.0,122.0,22.106,,,0.0827,0.9173,,True,completed
375,DEFAULT_VEHTYPE,1286.0,1490.0,204.0,,1484.986,18.0,55.0,149.0,80.262,,,0.2696,0.7304,,True,completed
355,DEFAULT_VEHTYPE,1230.0,1491.0,261.0,,1493.131,46.0,103.0,158.0,135.269,,,0.3946,0.6054,,True,completed
358,DEFAULT_VEHTYPE,1244.0,1494.0,250.0,,1775.025,10.0,63.0,187.0,95.724,,,0.252,0.748,,True,completed
369,DEFAULT_VEHTYPE,1273.0,1496.0,223.0,,1777.686,7.0,32.0,191.0,70.325,,,0.1435,0.8565,,True,completed
379,DEFAULT_VEHTYPE,1289.0,1497.0,208.0,,1495.403,10.0,32.0,176.0,55.713,,,0.1538,0.8462,,True,completed
418,DEFAULT_VEHTYPE,1375.0,1498.0,123.0,,889.763,43.0,43.0,80.0,56.039,,,0.3496,0.6504,,True,completed
400,DEFAULT_VEHTYPE,1327.0,1503.0,176.0,,1188.591,28.0,32.0,144.0,47.769,,,0.1818,0.8182,,True,completed
454,DEFAULT_VEHTYPE,1454.0,1518.0,64.0,,570.097,0.0,0.0,64.0,4.735,,,0.0,1.0,,True,completed
406,DEFAULT_VEHTYPE,1344.0,1519.0,175.0,,1470.785,15.0,29.0,146.0,57.326,,,0.1657,0.8343,,True,completed
314,DEFAULT_VEHTYPE,1146.0,1520.0,374.0,,2378.897,28.0,129.0,245.0,165.628,,,0.3449,0.6551,,True,completed
422,DEFAULT_VEHTYPE,1386.0,1522.0,136.0,,1192.636,9.0,15.0,121.0,28.186,,,0.1103,0.8897,,True,completed
394,DEFAULT_VEHTYPE,1320.0,1524.0,204.0,,1457.385,38.0,48.0,156.0,83.698,,,0.2353,0.7647,,True,completed
411,DEFAULT_VEHTYPE,1350.0,1525.0,175.0,,1474.012,14.0,14.0,161.0,33.115,,,0.08,0.92,,True,completed
412,DEFAULT_VEHTYPE,1352.0,1525.0,173.0,,1475.659,14.0,14.0,159.0,44.386,,,0.0809,0.9191,,True,completed
431,DEFAULT_VEHTYPE,1400.0,1525.0,125.0,,871.408,32.0,32.0,93.0,43.919,,,0.256,0.744,,True,completed
383,DEFAULT_VEHTYPE,1294.0,1526.0,232.0,,1455.626,35.0,66.0,166.0,89.549,,,0.2845,0.7155,,True,completed
391,DEFAULT_VEHTYPE,1313.0,1529.0,216.0,,1788.293,33.0,46.0,170.0,76.355,,,0.213,0.787,,True,completed
373,DEFAULT_VEHTYPE,1277.0,1530.0,253.0,,1780.399,49.0,86.0,167.0,109.886,,,0.3399,0.6601,,True,completed
338,DEFAULT_VEHTYPE,1199.0,1532.0,333.0,,1485.922,49.0,180.0,153.0,201.175,,,0.5405,0.4595,,True,completed
351,DEFAULT_VEHTYPE,1224.0,1533.0,309.0,,1485.822,43.0,142.0,167.0,173.591,,,0.4595,0.5405,,True,completed
386,DEFAULT_VEHTYPE,1306.0,1538.0,232.0,,1456.679,25.0,50.0,182.0,71.99,,,0.2155,0.7845,,True,completed
417,DEFAULT_VEHTYPE,1373.0,1540.0,167.0,,1186.947,39.0,61.0,106.0,77.472,,,0.3653,0.6347,,True,completed
349,DEFAULT_VEHTYPE,1219.0,1541.0,322.0,,2077.261,54.0,109.0,213.0,145.272,,,0.3385,0.6615,,True,completed
464,DEFAULT_VEHTYPE,1477.0,1541.0,64.0,,571.272,0.0,0.0,64.0,5.036,,,0.0,1.0,,True,completed
332,DEFAULT_VEHTYPE,1188.0,1545.0,357.0,,2074.304,26.0,114.0,243.0,152.264,,,0.3193,0.6807,,True,completed
452,DEFAULT_VEHTYPE,1453.0,1550.0,97.0,,854.939,0.0,0.0,97.0,7.788,,,0.0,1.0,,True,completed
461,DEFAULT_VEHTYPE,1472.0,1554.0,82.0,,575.586,0.0,0.0,82.0,7.376,,,0.0,1.0,,True,completed
396,DEFAULT_VEHTYPE,1322.0,1556.0,234.0,,1777.453,5.0,42.0,192.0,62.686,,,0.1795,0.8205,,True,completed
424,DEFAULT_VEHTYPE,1388.0,1559.0,171.0,,1452.612,17.0,23.0,148.0,42.908,,,0.1345,0.8655,,True,completed
378,DEFAULT_VEHTYPE,1289.0,1564.0,275.0,,1772.695,4.0,77.0,198.0,105.137,,,0.28,0.72,,True,completed
387,DEFAULT_VEHTYPE,1307.0,1570.0,263.0,,1782.315,44.0,92.0,171.0,118.776,,,0.3498,0.6502,,True,completed
363,DEFAULT_VEHTYPE,1260.0,1572.0,312.0,,2094.055,46.0,93.0,219.0,130.869,,,0.2981,0.7019,,True,completed
388,DEFAULT_VEHTYPE,1310.0,1573.0,263.0,,1781.019,46.0,89.0,174.0,114.806,,,0.3384,0.6616,,True,completed
392,DEFAULT_VEHTYPE,1315.0,1573.0,258.0,,1785.165,49.0,77.0,181.0,99.362,,,0.2984,0.7016,,True,completed
339,DEFAULT_VEHTYPE,1204.0,1574.0,370.0,,2079.699,28.0,145.0,225.0,174.998,,,0.3919,0.6081,,True,completed
393,DEFAULT_VEHTYPE,1319.0,1575.0,256.0,,1773.83,34.0,67.0,189.0,92.235,,,0.2617,0.7383,,True,completed
409,DEFAULT_VEHTYPE,1348.0,1575.0,227.0,,1775.731,25.0,25.0,202.0,51.731,,,0.1101,0.8899,,True,completed
397,DEFAULT_VEHTYPE,1322.0,1580.0,258.0,,2077.722,36.0,58.0,200.0,92.009,,,0.2248,0.7752,,True,completed
486,DEFAULT_VEHTYPE,1505.0,1582.0,77.0,,851.438,0.0,0.0,77.0,6.049,,,0.0,1.0,,True,completed
442,DEFAULT_VEHTYPE,1431.0,1591.0,160.0,,1451.685,22.0,34.0,126.0,51.836,,,0.2125,0.7875,,True,completed
377,DEFAULT_VEHTYPE,1288.0,1598.0,310.0,,2087.582,13.0,108.0,202.0,139.974,,,0.3484,0.6516,,True,completed
402,DEFAULT_VEHTYPE,1329.0,1601.0,272.0,,2089.962,10.0,52.0,220.0,82.148,,,0.1912,0.8088,,True,completed
405,DEFAULT_VEHTYPE,1343.0,1610.0,267.0,,2093.417,32.0,58.0,209.0,99.974,,,0.2172,0.7828,,True,completed
434,DEFAULT_VEHTYPE,1412.0,1610.0,198.0,,1474.19,32.0,55.0,143.0,77.457,,,0.2778,0.7222,,True,completed
415,DEFAULT_VEHTYPE,1364.0,1612.0,248.0,,2072.731,12.0,39.0,209.0,62.425,,,0.1573,0.8427,,True,completed
518,DEFAULT_VEHTYPE,1554.0,1612.0,58.0,,567.903,0.0,0.0,58.0,4.354,,,0.0,1.0,,True,completed
399,DEFAULT_VEHTYPE,1325.0,1614.0,289.0,,1776.025,44.0,99.0,190.0,136.063,,,0.3426,0.6574,,True,completed
435,DEFAULT_VEHTYPE,1415.0,1614.0,199.0,,1478.28,0.0,10.0,189.0,28.399,,,0.0503,0.9497,,True,completed
380,DEFAULT_VEHTYPE,1290.0,1615.0,325.0,,1778.619,45.0,126.0,199.0,150.487,,,0.3877,0.6123,,True,completed
420,DEFAULT_VEHTYPE,1384.0,1615.0,231.0,,1190.057,38.0,101.0,130.0,124.975,,,0.4372,0.5628,,True,completed
441,DEFAULT_VEHTYPE,1431.0,1615.0,184.0,,1471.35,24.0,24.0,160.0,38.586,,,0.1304,0.8696,,True,completed
350,DEFAULT_VEHTYPE,1220.0,1616.0,396.0,,2372.272,39.0,125.0,271.0,158.091,,,0.3157,0.6843,,True,completed
429,DEFAULT_VEHTYPE,1395.0,1616.0,221.0,,1188.173,39.0,94.0,127.0,125.357,,,0.4253,0.5747,,True,completed
423,DEFAULT_VEHTYPE,1387.0,1617.0,230.0,,1777.456,31.0,48.0,182.0,70.705,,,0.2087,0.7913,,True,completed
505,DEFAULT_VEHTYPE,1538.0,1618.0,80.0,,584.646,28.0,28.0,52.0,35.456,,,0.35,0.65,,True,completed
403,DEFAULT_VEHTYPE,1333.0,1620.0,287.0,,2070.371,29.0,67.0,220.0,94.701,,,0.2334,0.7666,,True,completed
366,DEFAULT_VEHTYPE,1270.0,1624.0,354.0,,1497.616,55.0,187.0,167.0,215.296,,,0.5282,0.4718,,True,completed
368,DEFAULT_VEHTYPE,1272.0,1625.0,353.0,,2379.711,54.0,100.0,253.0,139.339,,,0.2833,0.7167,,True,completed
437,DEFAULT_VEHTYPE,1417.0,1625.0,208.0,,1466.508,16.0,62.0,146.0,80.673,,,0.2981,0.7019,,True,completed
468,DEFAULT_VEHTYPE,1486.0,1625.0,139.0,,890.661,31.0,38.0,101.0,52.787,,,0.2734,0.7266,,True,completed
462,DEFAULT_VEHTYPE,1473.0,1627.0,154.0,,892.018,28.0,49.0,105.0,61.911,,,0.3182,0.6818,,True,completed
465,DEFAULT_VEHTYPE,1478.0,1627.0,149.0,,890.605,34.0,43.0,106.0,55.88,,,0.2886,0.7114,,True,completed
445,DEFAULT_VEHTYPE,1441.0,1641.0,200.0,,1772.569,16.0,19.0,181.0,38.051,,,0.095,0.905,,True,completed
525,DEFAULT_VEHTYPE,1561.0,1642.0,81.0,,855.771,0.0,0.0,81.0,6.053,,,0.0,1.0,,True,completed
428,DEFAULT_VEHTYPE,1394.0,1652.0,258.0,,1780.232,48.0,87.0,171.0,106.519,,,0.3372,0.6628,,True,completed
504,DEFAULT_VEHTYPE,1537.0,1652.0,115.0,,870.871,28.0,28.0,87.0,37.325,,,0.2435,0.7565,,True,completed
439,DEFAULT_VEHTYPE,1421.0,1653.0,232.0,,1780.451,45.0,55.0,177.0,82.671,,,0.2371,0.7629,,True,completed
364,DEFAULT_VEHTYPE,1262.0,1654.0,392.0,,2074.639,46.0,162.0,230.0,198.626,,,0.4133,0.5867,,True,completed
395,DEFAULT_VEHTYPE,1322.0,1654.0,332.0,,1486.682,45.0,165.0,167.0,191.928,,,0.497,0.503,,True,completed
427,DEFAULT_VEHTYPE,1393.0,1654.0,261.0,,2075.841,22.0,39.0,222.0,64.313,,,0.1494,0.8506,,True,completed
449,DEFAULT_VEHTYPE,1447.0,1654.0,207.0,,1479.015,21.0,47.0,160.0,71.17,,,0.2271,0.7729,,True,completed
456,DEFAULT_VEHTYPE,1458.0,1654.0,196.0,,1741.304,0.0,0.0,196.0,17.548,,,0.0,1.0,,True,completed
426,DEFAULT_VEHTYPE,1393.0,1656.0,263.0,,2093.222,17.0,26.0,237.0,49.937,,,0.0989,0.9011,,True,completed
398,DEFAULT_VEHTYPE,1323.0,1658.0,335.0,,2373.012,10.0,57.0,278.0,95.263,,,0.1701,0.8299,,True,completed
416,DEFAULT_VEHTYPE,1365.0,1658.0,293.0,,1494.345,43.0,113.0,180.0,145.529,,,0.3857,0.6143,,True,completed
348,DEFAULT_VEHTYPE,1219.0,1659.0,440.0,,2370.532,43.0,172.0,268.0,214.65,,,0.3909,0.6091,,True,completed
506,DEFAULT_VEHTYPE,1539.0,1659.0,120.0,,883.333,36.0,36.0,84.0,49.885,,,0.3,0.7,,True,completed
527,DEFAULT_VEHTYPE,1566.0,1659.0,93.0,,884.308,11.0,11.0,82.0,27.79,,,0.1183,0.8817,,True,completed
474,DEFAULT_VEHTYPE,1492.0,1660.0,168.0,,1188.141,27.0,48.0,120.0,69.779,,,0.2857,0.7143,,True,completed
498,DEFAULT_VEHTYPE,1531.0,1661.0,130.0,,894.537,34.0,34.0,96.0,54.24,,,0.2615,0.7385,,True,completed
430,DEFAULT_VEHTYPE,1396.0,1663.0,267.0,,2074.354,32.0,47.0,220.0,89.922,,,0.176,0.824,,True,completed
480,DEFAULT_VEHTYPE,1500.0,1663.0,163.0,,1188.169,34.0,37.0,126.0,52.781,,,0.227,0.773,,True,completed
510,DEFAULT_VEHTYPE,1541.0,1663.0,122.0,,1157.133,0.0,0.0,122.0,13.108,,,0.0,1.0,,True,completed
446,DEFAULT_VEHTYPE,1442.0,1664.0,222.0,,1747.688,11.0,39.0,183.0,60.74,,,0.1757,0.8243,,True,completed
526,DEFAULT_VEHTYPE,1562.0,1673.0,111.0,,1179.543,0.0,0.0,111.0,7.069,,,0.0,1.0,,True,completed
443,DEFAULT_VEHTYPE,1436.0,1676.0,240.0,,1793.704,15.0,62.0,178.0,89.036,,,0.2583,0.7417,,True,completed
448,DEFAULT_VEHTYPE,1447.0,1681.0,234.0,,1777.291,8.0,47.0,187.0,75.78,,,0.2009,0.7991,,True,completed
436,DEFAULT_VEHTYPE,1415.0,1682.0,267.0,,2073.871,29.0,52.0,215.0,76.553,,,0.1948,0.8052,,True,completed
538,DEFAULT_VEHTYPE,1582.0,1682.0,100.0,,1169.759,2.0,2.0,98.0,15.684,,,0.02,0.98,,True,completed
552,DEFAULT_VEHTYPE,1602.0,1682.0,80.0,,873.524,0.0,0.0,80.0,5.201,,,0.0,1.0,,True,completed
389,DEFAULT_VEHTYPE,1311.0,1687.0,376.0,,2090.891,4.0,150.0,226.0,185.3,,,0.3989,0.6011,,True,completed
457,DEFAULT_VEHTYPE,1462.0,1687.0,225.0,,1781.408,15.0,28.0,197.0,49.686,,,0.1244,0.8756,,True,completed
476,DEFAULT_VEHTYPE,1494.0,1691.0,197.0,,1476.334,22.0,54.0,143.0,71.443,,,0.2741,0.7259,,True,completed
421,DEFAULT_VEHTYPE,1385.0,1692.0,307.0,,1777.922,49.0,129.0,178.0,150.72,,,0.4202,0.5798,,True,completed
481,DEFAULT_VEHTYPE,1500.0,1692.0,192.0,,1186.251,39.0,66.0,126.0,83.18,,,0.3438,0.6562,,True,completed
451,DEFAULT_VEHTYPE,1451.0,1693.0,242.0,,1778.421,31.0,81.0,161.0,105.694,,,0.3347,0.6653,,True,completed
425,DEFAULT_VEHTYPE,1392.0,1697.0,305.0,,2382.697,13.0,17.0,288.0,45.376,,,0.0557,0.9443,,True,completed
444,DEFAULT_VEHTYPE,1438.0,1697.0,259.0,,1739.372,17.0,56.0,203.0,79.54,,,0.2162,0.7838,,True,completed
507,DEFAULT_VEHTYPE,1540.0,1697.0,157.0,,1155.933,11.0,11.0,146.0,26.865,,,0.0701,0.9299,,True,completed
438,DEFAULT_VEHTYPE,1417.0,1703.0,286.0,,1780.418,40.0,58.0,228.0,83.004,,,0.2028,0.7972,,True,completed
469,DEFAULT_VEHTYPE,1486.0,1703.0,217.0,,1738.542,9.0,34.0,183.0,55.078,,,0.1567,0.8433,,True,completed
546,DEFAULT_VEHTYPE,1593.0,1704.0,111.0,,887.618,8.0,9.0,102.0,26.511,,,0.0811,0.9189,,True,completed
459,DEFAULT_VEHTYPE,1468.0,1708.0,240.0,,1745.841,0.0,40.0,200.0,64.373,,,0.1667,0.8333,,True,completed
472,DEFAULT_VEHTYPE,1488.0,1719.0,231.0,,1773.703,14.0,56.0,175.0,86.864,,,0.2424,0.7576,,True,completed
585,DEFAULT_VEHTYPE,1656.0,1720.0,64.0,,589.068,0.0,0.0,64.0,3.652,,,0.0,1.0,,True,completed
482,DEFAULT_VEHTYPE,1501.0,1721.0,220.0,,1470.658,11.0,70.0,150.0,93.713,,,0.3182,0.6818,,True,completed
523,DEFAULT_VEHTYPE,1559.0,1723.0,164.0,,1154.992,19.0,19.0,145.0,36.39,,,0.1159,0.8841,,True,completed
512,DEFAULT_VEHTYPE,1546.0,1729.0,183.0,,1484.276,28.0,34.0,149.0,53.8,,,0.1858,0.8142,,True,completed
514,DEFAULT_VEHTYPE,1548.0,1732.0,184.0,,1174.668,48.0,64.0,120.0,78.282,,,0.3478,0.6522,,True,completed
577,DEFAULT_VEHTYPE,1650.0,1732.0,82.0,,856.906,0.0,0.0,82.0,9.041,,,0.0,1.0,,True,completed
528,DEFAULT_VEHTYPE,1566.0,1733.0,167.0,,1185.509,41.0,55.0,112.0,81.378,,,0.3293,0.6707,,True,completed
447,DEFAULT_VEHTYPE,1443.0,1735.0,292.0,,1787.79,4.0,88.0,204.0,129.157,,,0.3014,0.6986,,True,completed
455,DEFAULT_VEHTYPE,1457.0,1736.0,279.0,,1775.353,45.0,75.0,204.0,99.553,,,0.2688,0.7312,,True,completed
499,DEFAULT_VEHTYPE,1531.0,1737.0,206.0,,1738.985,30.0,46.0,160.0,77.749,,,0.2233,0.7767,,True,completed
460,DEFAULT_VEHTYPE,1469.0,1739.0,270.0,,2074.558,5.0,16.0,254.0,41.637,,,0.0593,0.9407,,True,completed
557,DEFAULT_VEHTYPE,1607.0,1739.0,132.0,,1159.628,8.0,8.0,124.0,31.085,,,0.0606,0.9394,,True,completed
495,DEFAULT_VEHTYPE,1524.0,1744.0,220.0,,1488.423,21.0,56.0,164.0,78.302,,,0.2545,0.7455,,True,completed
515,DEFAULT_VEHTYPE,1549.0,1744.0,195.0,,1196.603,54.0,64.0,131.0,82.922,,,0.3282,0.6718,,True,completed
503,DEFAULT_VEHTYPE,1535.0,1748.0,213.0,,1745.467,5.0,18.0,195.0,39.746,,,0.0845,0.9155,,True,completed
555,DEFAULT_VEHTYPE,1603.0,1756.0,153.0,,1169.028,44.0,44.0,109.0,55.584,,,0.2876,0.7124,,True,completed
539,DEFAULT_VEHTYPE,1586.0,1763.0,177.0,,1474.152,25.0,25.0,152.0,39.832,,,0.1412,0.8588,,True,completed
615,DEFAULT_VEHTYPE,1691.0,1763.0,72.0,,575.052,0.0,0.0,72.0,6.654,,,0.0,1.0,,True,completed
493,DEFAULT_VEHTYPE,1518.0,1764.0,246.0,,1471.108,37.0,84.0,162.0,105.657,,,0.3415,0.6585,,True,completed
532,DEFAULT_VEHTYPE,1572.0,1764.0,192.0,,1492.785,18.0,36.0,156.0,52.008,,,0.1875,0.8125,,True,completed
508,DEFAULT_VEHTYPE,1541.0,1768.0,227.0,,1488.668,33.0,59.0,168.0,78.04,,,0.2599,0.7401,,True,completed
450,DEFAULT_VEHTYPE,1448.0,1770.0,322.0,,2374.659,17.0,57.0,265.0,92.161,,,0.177,0.823,,True,completed
550,DEFAULT_VEHTYPE,1601.0,1770.0,169.0,,1188.322,1.0,37.0,132.0,56.529,,,0.2189,0.7811,,True,completed
496,DEFAULT_VEHTYPE,1526.0,1772.0,246.0,,1774.697,0.0,22.0,224.0,44.667,,,0.0894,0.9106,,True,completed
500,DEFAULT_VEHTYPE,1533.0,1772.0,239.0,,1777.14,19.0,64.0,175.0,96.754,,,0.2678,0.7322,,True,completed
502,DEFAULT_VEHTYPE,1534.0,1773.0,239.0,,1788.252,23.0,45.0,194.0,72.482,,,0.1883,0.8117,,True,completed
551,DEFAULT_VEHTYPE,1602.0,1774.0,172.0,,1488.533,18.0,18.0,154.0,32.867,,,0.1047,0.8953,,True,completed
561,DEFAULT_VEHTYPE,1612.0,1774.0,162.0,,1173.262,26.0,32.0,130.0,50.996,,,0.1975,0.8025,,True,completed
463,DEFAULT_VEHTYPE,1474.0,1775.0,301.0,,1489.717,39.0,122.0,179.0,156.606,,,0.4053,0.5947,,True,completed
475,DEFAULT_VEHTYPE,1493.0,1775.0,282.0,,2070.953,18.0,51.0,231.0,76.738,,,0.1809,0.8191,,True,completed
432,DEFAULT_VEHTYPE,1402.0,1778.0,376.0,,1790.795,33.0,166.0,210.0,196.118,,,0.4415,0.5585,,True,completed
590,DEFAULT_VEHTYPE,1659.0,1780.0,121.0,,883.781,35.0,35.0,86.0,47.086,,,0.2893,0.7107,,True,completed
533,DEFAULT_VEHTYPE,1575.0,1783.0,208.0,,1745.604,11.0,28.0,180.0,49.508,,,0.1346,0.8654,,True,completed
530,DEFAULT_VEHTYPE,1571.0,1784.0,213.0,,1194.546,51.0,83.0,130.0,110.892,,,0.3897,0.6103,,True,completed
453,DEFAULT_VEHTYPE,1453.0,1785.0,332.0,,1489.164,53.0,157.0,175.0,185.322,,,0.4729,0.5271,,True,completed
594,DEFAULT_VEHTYPE,1663.0,1786.0,123.0,,887.218,29.0,29.0,94.0,45.323,,,0.2358,0.7642,,True,completed
479,DEFAULT_VEHTYPE,1499.0,1788.0,289.0,,1194.537,53.0,139.0,150.0,162.232,,,0.481,0.519,,True,completed
623,DEFAULT_VEHTYPE,1701.0,1788.0,87.0,,892.475,1.0,1.0,86.0,10.592,,,0.0115,0.9885,,True,completed
467,DEFAULT_VEHTYPE,1485.0,1789.0,304.0,,1496.624,28.0,107.0,197.0,152.614,,,0.352,0.648,,True,completed
553,DEFAULT_VEHTYPE,1603.0,1798.0,195.0,,1167.012,43.0,79.0,116.0,93.167,,,0.4051,0.5949,,True,completed
628,DEFAULT_VEHTYPE,1711.0,1798.0,87.0,,855.836,0.0,0.0,87.0,7.124,,,0.0,1.0,,True,completed
568,DEFAULT_VEHTYPE,1631.0,1799.0,168.0,,1172.063,2.0,38.0,130.0,50.023,,,0.2262,0.7738,,True,completed
607,DEFAULT_VEHTYPE,1682.0,1800.0,118.0,,1158.18,6.0,6.0,112.0,18.96,,,0.0508,0.9492,,True,completed
563,DEFAULT_VEHTYPE,1613.0,1801.0,188.0,,1738.014,6.0,17.0,171.0,38.876,,,0.0904,0.9096,,True,completed
570,DEFAULT_VEHTYPE,1633.0,1801.0,168.0,,1177.756,1.0,38.0,130.0,55.17,,,0.2262,0.7738,,True,completed
569,DEFAULT_VEHTYPE,1633.0,1802.0,169.0,,1777.094,0.0,1.0,168.0,26.397,,,0.0059,0.9941,,True,completed
596,DEFAULT_VEHTYPE,1665.0,1802.0,137.0,,1196.649,11.0,23.0,114.0,43.153,,,0.1679,0.8321,,True,completed
484,DEFAULT_VEHTYPE,1503.0,1804.0,301.0,,1772.867,5.0,103.0,198.0,135.176,,,0.3422,0.6578,,True,completed
612,DEFAULT_VEHTYPE,1686.0,1804.0,118.0,,875.324,23.0,23.0,95.0,33.775,,,0.1949,0.8051,,True,completed
560,DEFAULT_VEHTYPE,1609.0,1805.0,196.0,,1490.13,14.0,34.0,162.0,52.647,,,0.1735,0.8265,,True,completed
626,DEFAULT_VEHTYPE,1708.0,1810.0,102.0,,870.481,21.0,21.0,81.0,30.424,,,0.2059,0.7941,,True,completed
477,DEFAULT_VEHTYPE,1495.0,1813.0,318.0,,1773.411,42.0,119.0,199.0,150.122,,,0.3742,0.6258,,True,completed
559,DEFAULT_VEHTYPE,1607.0,1813.0,206.0,,1738.293,41.0,41.0,165.0,58.404,,,0.199,0.801,,True,completed
485,DEFAULT_VEHTYPE,1504.0,1814.0,310.0,,1778.567,43.0,106.0,204.0,141.924,,,0.3419,0.6581,,True,completed
579,DEFAULT_VEHTYPE,1651.0,1814.0,163.0,,1170.188,42.0,42.0,121.0,56.791,,,0.2577,0.7423,,True,completed
488,DEFAULT_VEHTYPE,1507.0,1815.0,308.0,,1774.742,42.0,112.0,196.0,147.268,,,0.3636,0.6364,,True,completed
501,DEFAULT_VEHTYPE,1534.0,1815.0,281.0,,2075.077,36.0,78.0,203.0,112.405,,,0.2776,0.7224,,True,completed
466,DEFAULT_VEHTYPE,1483.0,1816.0,333.0,,1494.165,45.0,158.0,175.0,184.825,,,0.4745,0.5255,,True,completed
531,DEFAULT_VEHTYPE,1571.0,1816.0,245.0,,1778.998,16.0,38.0,207.0,65.611,,,0.1551,0.8449,,True,completed
509,DEFAULT_VEHTYPE,1541.0,1817.0,276.0,,1487.625,43.0,96.0,180.0,121.861,,,0.3478,0.6522,,True,completed
536,DEFAULT_VEHTYPE,1579.0,1817.0,238.0,,1774.445,32.0,57.0,181.0,85.499,,,0.2395,0.7605,,True,completed
517,DEFAULT_VEHTYPE,1551.0,1819.0,268.0,,1744.104,5.0,50.0,218.0,77.74,,,0.1866,0.8134,,True,completed
554,DEFAULT_VEHTYPE,1604.0,1819.0,215.0,,1489.862,13.0,39.0,176.0,62.336,,,0.1814,0.8186,,True,completed
664,DEFAULT_VEHTYPE,1755.0,1819.0,64.0,,593.974,9.0,9.0,55.0,16.712,,,0.1406,0.8594,,True,completed
638,DEFAULT_VEHTYPE,1726.0,1823.0,97.0,,854.728,2.0,2.0,95.0,12.892,,,0.0206,0.9794,,True,completed
645,DEFAULT_VEHTYPE,1730.0,1823.0,93.0,,596.104,31.0,31.0,62.0,39.361,,,0.3333,0.6667,,True,completed
519,DEFAULT_VEHTYPE,1555.0,1825.0,270.0,,2079.547,28.0,40.0,230.0,68.856,,,0.1481,0.8519,,True,completed
541,DEFAULT_VEHTYPE,1590.0,1827.0,237.0,,1494.996,22.0,70.0,167.0,94.26,,,0.2954,0.7046,,True,completed
543,DEFAULT_VEHTYPE,1591.0,1827.0,236.0,,1195.182,48.0,94.0,142.0,114.161,,,0.3983,0.6017,,True,completed
548,DEFAULT_VEHTYPE,1597.0,1827.0,230.0,,1787.68,16.0,53.0,177.0,99.699,,,0.2304,0.7696,,True,completed
619,DEFAULT_VEHTYPE,1697.0,1831.0,134.0,,1172.979,11.0,15.0,119.0,26.931,,,0.1119,0.8881,,True,completed
564,DEFAULT_VEHTYPE,1615.0,1834.0,219.0,,1487.944,47.0,83.0,136.0,100.667,,,0.379,0.621,,True,completed
473,DEFAULT_VEHTYPE,1491.0,1837.0,346.0,,2079.583,36.0,111.0,235.0,180.932,,,0.3208,0.6792,,True,completed
558,DEFAULT_VEHTYPE,1607.0,1844.0,237.0,,1777.293,18.0,48.0,189.0,71.487,,,0.2025,0.7975,,True,completed
572,DEFAULT_VEHTYPE,1635.0,1845.0,210.0,,1775.642,1.0,14.0,196.0,37.121,,,0.0667,0.9333,,True,completed
586,DEFAULT_VEHTYPE,1658.0,1845.0,187.0,,1488.053,17.0,30.0,157.0,49.37,,,0.1604,0.8396,,True,completed
535,DEFAULT_VEHTYPE,1578.0,1846.0,268.0,,2078.419,24.0,37.0,231.0,66.385,,,0.1381,0.8619,,True,completed
566,DEFAULT_VEHTYPE,1625.0,1848.0,223.0,,1168.347,33.0,89.0,134.0,103.919,,,0.3991,0.6009,,True,completed
601,DEFAULT_VEHTYPE,1675.0,1850.0,175.0,,1479.453,32.0,32.0,143.0,54.658,,,0.1829,0.8171,,True,completed
625,DEFAULT_VEHTYPE,1707.0,1850.0,143.0,,1151.333,13.0,15.0,128.0,30.686,,,0.1049,0.8951,,True,completed
646,DEFAULT_VEHTYPE,1732.0,1851.0,119.0,,874.642,17.0,17.0,102.0,27.981,,,0.1429,0.8571,,True,completed
605,DEFAULT_VEHTYPE,1681.0,1852.0,171.0,,1187.696,0.0,37.0,134.0,48.583,,,0.2164,0.7836,,True,completed
631,DEFAULT_VEHTYPE,1712.0,1852.0,140.0,,1191.938,0.0,8.0,132.0,26.931,,,0.0571,0.9429,,True,completed
491,DEFAULT_VEHTYPE,1513.0,1853.0,340.0,,1773.708,44.0,144.0,196.0,174.626,,,0.4235,0.5765,,True,completed
562,DEFAULT_VEHTYPE,1612.0,1854.0,242.0,,1489.026,41.0,75.0,167.0,100.985,,,0.3099,0.6901,,True,completed
489,DEFAULT_VEHTYPE,1508.0,1855.0,347.0,,2073.605,17.0,100.0,247.0,143.975,,,0.2882,0.7118,,True,completed
589,DEFAULT_VEHTYPE,1659.0,1855.0,196.0,,1474.548,20.0,44.0,152.0,64.703,,,0.2245,0.7755,,True,completed
492,DEFAULT_VEHTYPE,1513.0,1856.0,343.0,,1778.547,44.0,139.0,204.0,165.769,,,0.4052,0.5948,,True,completed
598,DEFAULT_VEHTYPE,1668.0,1856.0,188.0,,1488.914,19.0,25.0,163.0,48.88,,,0.133,0.867,,True,completed
613,DEFAULT_VEHTYPE,1687.0,1856.0,169.0,,1478.96,19.0,21.0,148.0,43.071,,,0.1243,0.8757,,True,completed
521,DEFAULT_VEHTYPE,1556.0,1857.0,301.0,,1777.742,41.0,98.0,203.0,126.548,,,0.3256,0.6744,,True,completed
670,DEFAULT_VEHTYPE,1763.0,1860.0,97.0,,873.528,2.0,2.0,95.0,15.889,,,0.0206,0.9794,,True,completed
721,DEFAULT_VEHTYPE,1807.0,1860.0,53.0,,575.589,0.0,0.0,53.0,4.378,,,0.0,1.0,,True,completed
483,DEFAULT_VEHTYPE,1502.0,1861.0,359.0,,1774.606,39.0,114.0,245.0,151.557,,,0.3175,0.6825,,True,completed
490,DEFAULT_VEHTYPE,1510.0,1861.0,351.0,,2074.908,27.0,108.0,243.0,175.664,,,0.3077,0.6923,,True,completed
534,DEFAULT_VEHTYPE,1576.0,1861.0,285.0,,1777.147,39.0,64.0,221.0,92.767,,,0.2246,0.7754,,True,completed
634,DEFAULT_VEHTYPE,1716.0,1861.0,145.0,,888.952,39.0,55.0,90.0,69.561,,,0.3793,0.6207,,True,completed
513,DEFAULT_VEHTYPE,1547.0,1862.0,315.0,,1778.807,38.0,78.0,237.0,107.342,,,0.2476,0.7524,,True,completed
691,DEFAULT_VEHTYPE,1784.0,1864.0,80.0,,595.51,15.0,15.0,65.0,23.832,,,0.1875,0.8125,,True,completed
487,DEFAULT_VEHTYPE,1507.0,1865.0,358.0,,1488.565,53.0,185.0,173.0,224.053,,,0.5168,0.4832,,True,completed
524,DEFAULT_VEHTYPE,1560.0,1866.0,306.0,,1190.265,55.0,156.0,150.0,188.597,,,0.5098,0.4902,,True,completed
622,DEFAULT_VEHTYPE,1699.0,1870.0,171.0,,1467.484,12.0,21.0,150.0,39.188,,,0.1228,0.8772,,True,completed
633,DEFAULT_VEHTYPE,1713.0,1872.0,159.0,,1151.227,31.0,32.0,127.0,59.246,,,0.2013,0.7987,,True,completed
683,DEFAULT_VEHTYPE,1778.0,1873.0,95.0,,866.258,0.0,1.0,94.0,12.402,,,0.0105,0.9895,,True,completed
610,DEFAULT_VEHTYPE,1683.0,1880.0,197.0,,1779.206,18.0,21.0,176.0,40.993,,,0.1066,0.8934,,True,completed
627,DEFAULT_VEHTYPE,1709.0,1880.0,171.0,,1469.201,3.0,17.0,154.0,39.185,,,0.0994,0.9006,,True,completed
629,DEFAULT_VEHTYPE,1711.0,1880.0,169.0,,1170.011,41.0,49.0,120.0,64.957,,,0.2899,0.7101,,True,completed
547,DEFAULT_VEHTYPE,1596.0,1881.0,285.0,,2078.667,17.0,63.0,222.0,102.241,,,0.2211,0.7789,,True,completed
688,DEFAULT_VEHTYPE,1783.0,1881.0,98.0,,858.207,3.0,3.0,95.0,11.309,,,0.0306,0.9694,,True,completed
588,DEFAULT_VEHTYPE,1659.0,1882.0,223.0,,1785.356,13.0,54.0,169.0,92.226,,,0.2422,0.7578,,True,completed
652,DEFAULT_VEHTYPE,1738.0,1882.0,144.0,,1170.685,26.0,26.0,118.0,42.807,,,0.1806,0.8194,,True,completed
593,DEFAULT_VEHTYPE,1662.0,1885.0,223.0,,1490.079,3.0,48.0,175.0,77.448,,,0.2152,0.7848,,True,completed
680,DEFAULT_VEHTYPE,1774.0,1886.0,112.0,,892.264,11.0,11.0,101.0,23.713,,,0.0982,0.9018,,True,completed
602,DEFAULT_VEHTYPE,1676.0,1888.0,212.0,,1486.282,0.0,34.0,178.0,62.693,,,0.1604,0.8396,,True,completed
580,DEFAULT_VEHTYPE,1653.0,1890.0,237.0,,1487.414,41.0,88.0,149.0,105.272,,,0.3713,0.6287,,True,completed
700,DEFAULT_VEHTYPE,1793.0,1891.0,98.0,,850.506,0.0,0.0,98.0,7.709,,,0.0,1.0,,True,completed
690,DEFAULT_VEHTYPE,1784.0,1893.0,109.0,,885.989,24.0,24.0,85.0,41.859,,,0.2202,0.7798,,True,completed
494,DEFAULT_VEHTYPE,1523.0,1894.0,371.0,,2377.189,25.0,110.0,261.0,147.481,,,0.2965,0.7035,,True,completed
591,DEFAULT_VEHTYPE,1661.0,1895.0,234.0,,1777.96,22.0,38.0,196.0,61.616,,,0.1624,0.8376,,True,completed
529,DEFAULT_VEHTYPE,1567.0,1896.0,329.0,,1789.678,47.0,130.0,199.0,158.308,,,0.3951,0.6049,,True,completed
720,DEFAULT_VEHTYPE,1806.0,1896.0,90.0,,853.145,3.0,3.0,87.0,11.19,,,0.0333,0.9667,,True,completed
544,DEFAULT_VEHTYPE,1592.0,1897.0,305.0,,2074.596,17.0,69.0,236.0,102.313,,,0.2262,0.7738,,True,completed
611,DEFAULT_VEHTYPE,1685.0,1897.0,212.0,,1188.292,49.0,69.0,143.0,85.533,,,0.3255,0.6745,,True,completed
478,DEFAULT_VEHTYPE,1497.0,1899.0,402.0,,2076.629,55.0,162.0,240.0,237.544,,,0.403,0.597,,True,completed
516,DEFAULT_VEHTYPE,1550.0,1900.0,350.0,,1775.866,40.0,140.0,210.0,170.528,,,0.4,0.6,,True,completed
636,DEFAULT_VEHTYPE,1720.0,1900.0,180.0,,1496.51,29.0,34.0,146.0,61.338,,,0.1889,0.8111,,True,completed
722,DEFAULT_VEHTYPE,1807.0,1900.0,93.0,,852.499,6.0,6.0,87.0,17.84,,,0.0645,0.9355,,True,completed
715,DEFAULT_VEHTYPE,1805.0,1901.0,96.0,,893.713,7.0,7.0,89.0,20.274,,,0.0729,0.9271,,True,completed
718,DEFAULT_VEHTYPE,1805.0,1901.0,96.0,,590.684,39.0,39.0,57.0,45.325,,,0.4062,0.5938,,True,completed
440,DEFAULT_VEHTYPE,1428.0,1905.0,477.0,,2373.333,50.0,223.0,254.0,263.168,,,0.4675,0.5325,,True,completed
458,DEFAULT_VEHTYPE,1467.0,1907.0,440.0,,2376.775,49.0,173.0,267.0,234.287,,,0.3932,0.6068,,True,completed
545,DEFAULT_VEHTYPE,1593.0,1907.0,314.0,,1489.668,51.0,135.0,179.0,161.767,,,0.4299,0.5701,,True,completed
582,DEFAULT_VEHTYPE,1653.0,1908.0,255.0,,1741.859,48.0,52.0,203.0,78.612,,,0.2039,0.7961,,True,completed
731,DEFAULT_VEHTYPE,1816.0,1911.0,95.0,,892.36,6.0,6.0,89.0,14.035,,,0.0632,0.9368,,True,completed
766,DEFAULT_VEHTYPE,1848.0,1911.0,63.0,,588.908,0.0,1.0,62.0,6.191,,,0.0159,0.9841,,True,completed
773,DEFAULT_VEHTYPE,1853.0,1914.0,61.0,,568.908,0.0,0.0,61.0,5.044,,,0.0,1.0,,True,completed
624,DEFAULT_VEHTYPE,1706.0,1915.0,209.0,,1779.527,13.0,47.0,162.0,66.203,,,0.2249,0.7751,,True,completed
682,DEFAULT_VEHTYPE,1776.0,1916.0,140.0,,1186.458,17.0,33.0,107.0,51.28,,,0.2357,0.7643,,True,completed
657,DEFAULT_VEHTYPE,1744.0,1918.0,174.0,,1452.94,26.0,28.0,146.0,47.63,,,0.1609,0.8391,,True,completed
604,DEFAULT_VEHTYPE,1681.0,1920.0,239.0,,1776.986,17.0,73.0,166.0,97.603,,,0.3054,0.6946,,True,completed
707,DEFAULT_VEHTYPE,1799.0,1920.0,121.0,,1176.27,11.0,11.0,110.0,24.725,,,0.0909,0.9091,,True,completed
713,DEFAULT_VEHTYPE,1803.0,1922.0,119.0,,1187.656,2.0,2.0,117.0,22.536,,,0.0168,0.9832,,True,completed
537,DEFAULT_VEHTYPE,1581.0,1929.0,348.0,,2089.595,3.0,123.0,225.0,154.04,,,0.3534,0.6466,,True,completed
581,DEFAULT_VEHTYPE,1653.0,1930.0,277.0,,2076.645,28.0,80.0,197.0,122.332,,,0.2888,0.7112,,True,completed
609,DEFAULT_VEHTYPE,1683.0,1930.0,247.0,,1771.017,49.0,86.0,161.0,110.244,,,0.3482,0.6518,,True,completed
540,DEFAULT_VEHTYPE,1588.0,1931.0,343.0,,2376.783,29.0,96.0,247.0,143.892,,,0.2799,0.7201,,True,completed
587,DEFAULT_VEHTYPE,1658.0,1932.0,274.0,,1489.901,49.0,121.0,153.0,142.192,,,0.4416,0.5584,,True,completed
614,DEFAULT_VEHTYPE,1690.0,1932.0,242.0,,1776.087,19.0,64.0,178.0,87.331,,,0.2645,0.7355,,True,completed
556,DEFAULT_VEHTYPE,1605.0,1933.0,328.0,,1782.568,48.0,141.0,187.0,167.554,,,0.4299,0.5701,,True,completed
616,DEFAULT_VEHTYPE,1694.0,1934.0,240.0,,1778.832,29.0,51.0,189.0,73.229,,,0.2125,0.7875,,True,completed
471,DEFAULT_VEHTYPE,1487.0,1935.0,448.0,,2093.114,47.0,223.0,225.0,259.347,,,0.4978,0.5022,,True,completed
573,DEFAULT_VEHTYPE,1639.0,1936.0,297.0,,2076.583,12.0,37.0,260.0,65.617,,,0.1246,0.8754,,True,completed
755,DEFAULT_VEHTYPE,1836.0,1936.0,100.0,,871.547,6.0,6.0,94.0,17.259,,,0.06,0.94,,True,completed
662,DEFAULT_VEHTYPE,1754.0,1938.0,184.0,,1469.756,39.0,39.0,145.0,60.532,,,0.212,0.788,,True,completed
768,DEFAULT_VEHTYPE,1849.0,1938.0,89.0,,871.436,0.0,0.0,89.0,9.196,,,0.0,1.0,,True,completed
549,DEFAULT_VEHTYPE,1601.0,1939.0,338.0,,2075.179,46.0,108.0,230.0,137.108,,,0.3195,0.6805,,True,completed
774,DEFAULT_VEHTYPE,1854.0,1939.0,85.0,,891.421,5.0,5.0,80.0,14.528,,,0.0588,0.9412,,True,completed
522,DEFAULT_VEHTYPE,1557.0,1940.0,383.0,,2091.373,34.0,120.0,263.0,150.198,,,0.3133,0.6867,,True,completed
775,DEFAULT_VEHTYPE,1854.0,1940.0,86.0,,854.332,0.0,0.0,86.0,6.746,,,0.0,1.0,,True,completed
542,DEFAULT_VEHTYPE,1590.0,1941.0,351.0,,1794.707,32.0,119.0,232.0,147.962,,,0.339,0.661,,True,completed
571,DEFAULT_VEHTYPE,1633.0,1941.0,308.0,,1777.641,44.0,109.0,199.0,142.63,,,0.3539,0.6461,,True,completed
511,DEFAULT_VEHTYPE,1545.0,1943.0,398.0,,2375.234,55.0,143.0,255.0,212.515,,,0.3593,0.6407,,True,completed
520,DEFAULT_VEHTYPE,1556.0,1943.0,387.0,,2077.946,35.0,164.0,223.0,199.005,,,0.4238,0.5762,,True,completed
497,DEFAULT_VEHTYPE,1528.0,1946.0,418.0,,2377.969,56.0,153.0,265.0,192.431,,,0.366,0.634,,True,completed
567,DEFAULT_VEHTYPE,1628.0,1948.0,320.0,,2374.308,39.0,83.0,237.0,123.796,,,0.2594,0.7406,,True,completed
620,DEFAULT_VEHTYPE,1699.0,1948.0,249.0,,1494.536,54.0,95.0,154.0,121.719,,,0.3815,0.6185,,True,completed
599,DEFAULT_VEHTYPE,1669.0,1951.0,282.0,,2068.289,38.0,78.0,204.0,116.093,,,0.2766,0.7234,,True,completed
617,DEFAULT_VEHTYPE,1694.0,1951.0,257.0,,1769.984,44.0,74.0,183.0,104.606,,,0.2879,0.7121,,True,completed
608,DEFAULT_VEHTYPE,1682.0,1953.0,271.0,,1774.109,45.0,108.0,163.0,133.119,,,0.3985,0.6015,,True,completed
687,DEFAULT_VEHTYPE,1782.0,1955.0,173.0,,894.359,30.0,73.0,100.0,87.598,,,0.422,0.578,,True,completed
724,DEFAULT_VEHTYPE,1810.0,1956.0,146.0,,1174.449,6.0,22.0,124.0,33.947,,,0.1507,0.8493,,True,completed
584,DEFAULT_VEHTYPE,1655.0,1959.0,304.0,,2385.083,19.0,69.0,235.0,103.717,,,0.227,0.773,,True,completed
806,DEFAULT_VEHTYPE,1883.0,1959.0,76.0,,855.708,0.0,0.0,76.0,5.535,,,0.0,1.0,,True,completed
595,DEFAULT_VEHTYPE,1665.0,1960.0,295.0,,2092.904,19.0,75.0,220.0,115.466,,,0.2542,0.7458,,True,completed
738,DEFAULT_VEHTYPE,1820.0,1961.0,141.0,,1193.921,15.0,29.0,112.0,44.228,,,0.2057,0.7943,,True,completed
574,DEFAULT_VEHTYPE,1648.0,1962.0,314.0,,2368.86,30.0,79.0,235.0,128.566,,,0.2516,0.7484,,True,completed
651,DEFAULT_VEHTYPE,1736.0,1962.0,226.0,,1472.335,39.0,73.0,153.0,90.667,,,0.323,0.677,,True,completed
759,DEFAULT_VEHTYPE,1840.0,1964.0,124.0,,891.159,4.0,4.0,120.0,27.932,,,0.0323,0.9677,,True,completed
826,DEFAULT_VEHTYPE,1904.0,1965.0,61.0,,569.337,2.0,2.0,59.0,7.79,,,0.0328,0.9672,,True,completed
696,DEFAULT_VEHTYPE,1788.0,1966.0,178.0,,1483.792,13.0,22.0,156.0,61.188,,,0.1236,0.8764,,True,completed
600,DEFAULT_VEHTYPE,1672.0,1967.0,295.0,,2075.619,30.0,65.0,230.0,88.85,,,0.2203,0.7797,,True,completed
723,DEFAULT_VEHTYPE,1808.0,1967.0,159.0,,893.644,9.0,29.0,130.0,47.763,,,0.1824,0.8176,,True,completed
803,DEFAULT_VEHTYPE,1881.0,1969.0,88.0,,569.28,14.0,14.0,74.0,22.487,,,0.1591,0.8409,,True,completed
621,DEFAULT_VEHTYPE,1699.0,1970.0,271.0,,1777.202,46.0,91.0,180.0,124.026,,,0.3358,0.6642,,True,completed
658,DEFAULT_VEHTYPE,1746.0,1970.0,224.0,,1782.388,15.0,20.0,204.0,41.157,,,0.0893,0.9107,,True,completed
679,DEFAULT_VEHTYPE,1773.0,1970.0,197.0,,1492.052,12.0,28.0,169.0,46.398,,,0.1421,0.8579,,True,completed
820,DEFAULT_VEHTYPE,1898.0,1970.0,72.0,,573.843,2.0,2.0,70.0,9.747,,,0.0278,0.9722,,True,completed
592,DEFAULT_VEHTYPE,1662.0,1971.0,309.0,,2387.682,14.0,31.0,278.0,68.485,,,0.1003,0.8997,,True,completed
689,DEFAULT_VEHTYPE,1783.0,1971.0,188.0,,1489.79,12.0,21.0,167.0,44.255,,,0.1117,0.8883,,True,completed
763,DEFAULT_VEHTYPE,1844.0,1971.0,127.0,,892.798,44.0,45.0,82.0,57.529,,,0.3543,0.6457,,True,completed
618,DEFAULT_VEHTYPE,1696.0,1972.0,276.0,,1789.465,18.0,90.0,186.0,117.885,,,0.3261,0.6739,,True,completed
640,DEFAULT_VEHTYPE,1727.0,1973.0,246.0,,1736.28,23.0,56.0,190.0,81.573,,,0.2276,0.7724,,True,completed
659,DEFAULT_VEHTYPE,1747.0,1973.0,226.0,,1773.15,29.0,35.0,191.0,60.99,,,0.1549,0.8451,,True,completed
767,DEFAULT_VEHTYPE,1849.0,1975.0,126.0,,871.439,35.0,35.0,91.0,48.676,,,0.2778,0.7222,,True,completed
802,DEFAULT_VEHTYPE,1880.0,1975.0,95.0,,871.238,12.0,12.0,83.0,23.632,,,0.1263,0.8737,,True,completed
708,DEFAULT_VEHTYPE,1802.0,1979.0,177.0,,1172.438,32.0,37.0,140.0,55.102,,,0.209,0.791,,True,completed
744,DEFAULT_VEHTYPE,1826.0,1981.0,155.0,,889.848,57.0,65.0,90.0,78.489,,,0.4194,0.5806,,True,completed
756,DEFAULT_VEHTYPE,1837.0,1983.0,146.0,,876.083,20.0,32.0,114.0,48.903,,,0.2192,0.7808,,True,completed
603,DEFAULT_VEHTYPE,1678.0,1984.0,306.0,,1780.703,35.0,60.0,246.0,90.06,,,0.1961,0.8039,,True,completed
699,DEFAULT_VEHTYPE,1792.0,1984.0,192.0,,1740.827,15.0,16.0,176.0,39.464,,,0.0833,0.9167,,True,completed
737,DEFAULT_VEHTYPE,1819.0,1984.0,165.0,,1190.96,25.0,38.0,127.0,55.248,,,0.2303,0.7697,,True,completed
840,DEFAULT_VEHTYPE,1919.0,1984.0,65.0,,590.375,2.0,2.0,63.0,9.914,,,0.0308,0.9692,,True,completed
470,DEFAULT_VEHTYPE,1486.0,1985.0,499.0,,2382.07,54.0,217.0,282.0,275.589,,,0.4349,0.5651,,True,completed
732,DEFAULT_VEHTYPE,1816.0,1986.0,170.0,,1190.619,30.0,35.0,135.0,51.097,,,0.2059,0.7941,,True,completed
665,DEFAULT_VEHTYPE,1756.0,1987.0,231.0,,1488.398,23.0,68.0,163.0,87.543,,,0.2944,0.7056,,True,completed
667,DEFAULT_VEHTYPE,1760.0,1988.0,228.0,,1188.748,53.0,81.0,147.0,102.046,,,0.3553,0.6447,,True,completed
684,DEFAULT_VEHTYPE,1779.0,1988.0,209.0,,1740.244,8.0,20.0,189.0,45.658,,,0.0957,0.9043,,True,completed
726,DEFAULT_VEHTYPE,1813.0,1989.0,176.0,,1748.351,0.0,3.0,173.0,22.097,,,0.017,0.983,,True,completed
754,DEFAULT_VEHTYPE,1835.0,1991.0,156.0,,1187.272,10.0,39.0,117.0,53.417,,,0.25,0.75,,True,completed
830,DEFAULT_VEHTYPE,1908.0,1992.0,84.0,,888.997,0.0,0.0,84.0,4.535,,,0.0,1.0,,True,completed
790,DEFAULT_VEHTYPE,1872.0,1995.0,123.0,,1188.647,0.0,1.0,122.0,12.323,,,0.0081,0.9919,,True,completed
686,DEFAULT_VEHTYPE,1781.0,1999.0,218.0,,1773.621,22.0,53.0,165.0,80.591,,,0.2431,0.7569,,True,completed
818,DEFAULT_VEHTYPE,1894.0,1999.0,105.0,,893.256,21.0,21.0,84.0,30.675,,,0.2,0.8,,True,completed
678,DEFAULT_VEHTYPE,1773.0,2000.0,227.0,,1776.799,10.0,46.0,181.0,71.027,,,0.2026,0.7974,,True,completed
685,DEFAULT_VEHTYPE,1780.0,2002.0,222.0,,1486.128,9.0,69.0,153.0,92.415,,,0.3108,0.6892,,True,completed
800,DEFAULT_VEHTYPE,1878.0,2002.0,124.0,,1194.607,5.0,5.0,119.0,19.804,,,0.0403,0.9597,,True,completed
742,DEFAULT_VEHTYPE,1825.0,2006.0,181.0,,1169.012,35.0,47.0,134.0,67.285,,,0.2597,0.7403,,True,completed
694,DEFAULT_VEHTYPE,1786.0,2008.0,222.0,,1786.69,32.0,56.0,166.0,86.776,,,0.2523,0.7477,,True,completed
668,DEFAULT_VEHTYPE,1761.0,2009.0,248.0,,1472.574,32.0,72.0,176.0,95.903,,,0.2903,0.7097,,True,completed
656,DEFAULT_VEHTYPE,1744.0,2010.0,266.0,,2073.008,36.0,75.0,191.0,110.436,,,0.282,0.718,,True,completed
666,DEFAULT_VEHTYPE,1758.0,2011.0,253.0,,1490.869,48.0,104.0,149.0,127.182,,,0.4111,0.5889,,True,completed
675,DEFAULT_VEHTYPE,1770.0,2011.0,241.0,,1778.394,47.0,75.0,166.0,104.205,,,0.3112,0.6888,,True,completed
771,DEFAULT_VEHTYPE,1853.0,2011.0,158.0,,1169.467,41.0,41.0,117.0,65.561,,,0.2595,0.7405,,True,completed
729,DEFAULT_VEHTYPE,1815.0,2012.0,197.0,,1487.966,0.0,32.0,165.0,48.277,,,0.1624,0.8376,,True,completed
743,DEFAULT_VEHTYPE,1826.0,2012.0,186.0,,1175.35,37.0,56.0,130.0,83.538,,,0.3011,0.6989,,True,completed
661,DEFAULT_VEHTYPE,1750.0,2013.0,263.0,,1744.298,31.0,80.0,183.0,103.128,,,0.3042,0.6958,,True,completed
739,DEFAULT_VEHTYPE,1822.0,2014.0,192.0,,1191.725,41.0,74.0,118.0,102.922,,,0.3854,0.6146,,True,completed
781,DEFAULT_VEHTYPE,1862.0,2014.0,152.0,,1174.82,26.0,26.0,126.0,39.972,,,0.1711,0.8289,,True,completed
606,DEFAULT_VEHTYPE,1682.0,2015.0,333.0,,1789.532,0.0,120.0,213.0,144.268,,,0.3604,0.6396,,True,completed
565,DEFAULT_VEHTYPE,1616.0,2017.0,401.0,,2078.633,38.0,146.0,255.0,213.383,,,0.3641,0.6359,,True,completed
637,DEFAULT_VEHTYPE,1723.0,2017.0,294.0,,1491.951,43.0,114.0,180.0,137.151,,,0.3878,0.6122,,True,completed
647,DEFAULT_VEHTYPE,1732.0,2017.0,285.0,,1489.141,34.0,121.0,164.0,148.588,,,0.4246,0.5754,,True,completed
706,DEFAULT_VEHTYPE,1800.0,2017.0,217.0,,1470.763,17.0,48.0,169.0,73.748,,,0.2212,0.7788,,True,completed
711,DEFAULT_VEHTYPE,1802.0,2017.0,215.0,,1777.602,32.0,33.0,182.0,54.74,,,0.1535,0.8465,,True,completed
717,DEFAULT_VEHTYPE,1805.0,2017.0,212.0,,1736.685,19.0,20.0,192.0,41.018,,,0.0943,0.9057,,True,completed
745,DEFAULT_VEHTYPE,1827.0,2017.0,190.0,,1473.314,29.0,38.0,152.0,62.978,,,0.2,0.8,,True,completed
660,DEFAULT_VEHTYPE,1748.0,2018.0,270.0,,1779.389,15.0,61.0,209.0,93.483,,,0.2259,0.7741,,True,completed
835,DEFAULT_VEHTYPE,1916.0,2018.0,102.0,,873.683,1.0,1.0,101.0,13.154,,,0.0098,0.9902,,True,completed
575,DEFAULT_VEHTYPE,1649.0,2019.0,370.0,,2077.197,38.0,116.0,254.0,183.435,,,0.3135,0.6865,,True,completed
641,DEFAULT_VEHTYPE,1727.0,2019.0,292.0,,1491.162,36.0,105.0,187.0,128.006,,,0.3596,0.6404,,True,completed
712,DEFAULT_VEHTYPE,1803.0,2019.0,216.0,,1488.78,26.0,52.0,164.0,73.437,,,0.2407,0.7593,,True,completed
823,DEFAULT_VEHTYPE,1901.0,2019.0,118.0,,889.746,24.0,24.0,94.0,41.258,,,0.2034,0.7966,,True,completed
705,DEFAULT_VEHTYPE,1798.0,2020.0,222.0,,1736.76,18.0,54.0,168.0,78.226,,,0.2432,0.7568,,True,completed
578,DEFAULT_VEHTYPE,1651.0,2024.0,373.0,,2079.789,38.0,89.0,284.0,128.167,,,0.2386,0.7614,,True,completed
757,DEFAULT_VEHTYPE,1837.0,2024.0,187.0,,1193.75,26.0,60.0,127.0,75.966,,,0.3209,0.6791,,True,completed
780,DEFAULT_VEHTYPE,1861.0,2026.0,165.0,,893.725,47.0,61.0,104.0,74.099,,,0.3697,0.6303,,True,completed
597,DEFAULT_VEHTYPE,1668.0,2031.0,363.0,,2074.546,44.0,127.0,236.0,183.743,,,0.3499,0.6501,,True,completed
833,DEFAULT_VEHTYPE,1912.0,2031.0,119.0,,855.34,0.0,0.0,119.0,12.882,,,0.0,1.0,,True,completed
783,DEFAULT_VEHTYPE,1864.0,2033.0,169.0,,1155.89,9.0,9.0,160.0,23.711,,,0.0533,0.9467,,True,completed
716,DEFAULT_VEHTYPE,1805.0,2035.0,230.0,,1775.475,7.0,40.0,190.0,65.411,,,0.1739,0.8261,,True,completed
796,DEFAULT_VEHTYPE,1874.0,2038.0,164.0,,1467.321,3.0,43.0,121.0,57.691,,,0.2622,0.7378,,True,completed
736,DEFAULT_VEHTYPE,1817.0,2039.0,222.0,,1781.388,21.0,60.0,162.0,94.802,,,0.2703,0.7297,,True,completed
630,DEFAULT_VEHTYPE,1712.0,2043.0,331.0,,2394.458,16.0,69.0,262.0,111.488,,,0.2085,0.7915,,True,completed
632,DEFAULT_VEHTYPE,1714.0,2043.0,329.0,,2386.365,16.0,71.0,258.0,121.708,,,0.2158,0.7842,,True,completed
681,DEFAULT_VEHTYPE,1775.0,2044.0,269.0,,2079.749,32.0,48.0,221.0,74.812,,,0.1784,0.8216,,True,completed
786,DEFAULT_VEHTYPE,1870.0,2044.0,174.0,,1484.648,14.0,20.0,154.0,55.211,,,0.1149,0.8851,,True,completed
813,DEFAULT_VEHTYPE,1891.0,2044.0,153.0,,1176.084,0.0,18.0,135.0,38.724,,,0.1176,0.8824,,True,completed
693,DEFAULT_VEHTYPE,1785.0,2049.0,264.0,,2076.712,32.0,53.0,211.0,98.104,,,0.2008,0.7992,,True,completed
841,DEFAULT_VEHTYPE,1919.0,2049.0,130.0,,891.971,16.0,16.0,114.0,33.778,,,0.1231,0.8769,,True,completed
844,DEFAULT_VEHTYPE,1923.0,2050.0,127.0,,1194.062,0.0,0.0,127.0,8.917,,,0.0,1.0,,True,completed
848,DEFAULT_VEHTYPE,1927.0,2050.0,123.0,,1153.57,0.0,0.0,123.0,9.301,,,0.0,1.0,,True,completed
639,DEFAULT_VEHTYPE,1726.0,2051.0,325.0,,1793.652,35.0,122.0,203.0,171.856,,,0.3754,0.6246,,True,completed
727,DEFAULT_VEHTYPE,1814.0,2052.0,238.0,,1495.174,36.0,79.0,159.0,121.975,,,0.3319,0.6681,,True,completed
762,DEFAULT_VEHTYPE,1842.0,2053.0,211.0,,1780.269,29.0,29.0,182.0,51.145,,,0.1374,0.8626,,True,completed
778,DEFAULT_VEHTYPE,1860.0,2053.0,193.0,,1491.767,27.0,39.0,154.0,56.166,,,0.2021,0.7979,,True,completed
663,DEFAULT_VEHTYPE,1754.0,2055.0,301.0,,1489.74,42.0,131.0,170.0,156.319,,,0.4352,0.5648,,True,completed
692,DEFAULT_VEHTYPE,1785.0,2055.0,270.0,,1786.236,43.0,69.0,201.0,95.426,,,0.2556,0.7444,,True,completed
769,DEFAULT_VEHTYPE,1850.0,2055.0,205.0,,1781.747,18.0,22.0,183.0,47.956,,,0.1073,0.8927,,True,completed
779,DEFAULT_VEHTYPE,1860.0,2055.0,195.0,,1493.493,22.0,41.0,154.0,62.221,,,0.2103,0.7897,,True,completed
788,DEFAULT_VEHTYPE,1871.0,2055.0,184.0,,1190.473,38.0,64.0,120.0,84.531,,,0.3478,0.6522,,True,completed
728,DEFAULT_VEHTYPE,1815.0,2056.0,241.0,,1790.272,22.0,38.0,203.0,66.496,,,0.1577,0.8423,,True,completed
822,DEFAULT_VEHTYPE,1900.0,2057.0,157.0,,1175.918,34.0,34.0,123.0,51.841,,,0.2166,0.7834,,True,completed
876,DEFAULT_VEHTYPE,1968.0,2058.0,90.0,,851.954,0.0,0.0,90.0,7.039,,,0.0,1.0,,True,completed
649,DEFAULT_VEHTYPE,1735.0,2060.0,325.0,,1780.59,38.0,105.0,220.0,140.388,,,0.3231,0.6769,,True,completed
859,DEFAULT_VEHTYPE,1940.0,2061.0,121.0,,1158.926,3.0,3.0,118.0,16.638,,,0.0248,0.9752,,True,completed
710,DEFAULT_VEHTYPE,1802.0,2062.0,260.0,,1778.122,9.0,51.0,209.0,73.903,,,0.1962,0.8038,,True,completed
815,DEFAULT_VEHTYPE,1892.0,2062.0,170.0,,1187.754,26.0,48.0,122.0,72.825,,,0.2824,0.7176,,True,completed
674,DEFAULT_VEHTYPE,1768.0,2063.0,295.0,,1473.795,36.0,86.0,209.0,115.028,,,0.2915,0.7085,,True,completed
782,DEFAULT_VEHTYPE,1863.0,2063.0,200.0,,893.798,59.0,108.0,92.0,120.711,,,0.54,0.46,,True,completed
703,DEFAULT_VEHTYPE,1798.0,2064.0,266.0,,2075.009,28.0,44.0,222.0,69.873,,,0.1654,0.8346,,True,completed
834,DEFAULT_VEHTYPE,1915.0,2065.0,150.0,,890.56,38.0,61.0,89.0,75.423,,,0.4067,0.5933,,True,completed
895,DEFAULT_VEHTYPE,1990.0,2071.0,81.0,,851.357,0.0,0.0,81.0,6.327,,,0.0,1.0,,True,completed
893,DEFAULT_VEHTYPE,1989.0,2073.0,84.0,,856.372,0.0,0.0,84.0,6.281,,,0.0,1.0,,True,completed
862,DEFAULT_VEHTYPE,1945.0,2074.0,129.0,,1192.77,24.0,24.0,105.0,35.639,,,0.186,0.814,,True,completed
885,DEFAULT_VEHTYPE,1976.0,2077.0,101.0,,872.876,21.0,21.0,80.0,29.397,,,0.2079,0.7921,,True,completed
671,DEFAULT_VEHTYPE,1765.0,2079.0,314.0,,2091.089,36.0,102.0,212.0,148.883,,,0.3248,0.6752,,True,completed
753,DEFAULT_VEHTYPE,1834.0,2080.0,246.0,,2074.206,19.0,33.0,213.0,68.268,,,0.1341,0.8659,,True,completed
794,DEFAULT_VEHTYPE,1874.0,2081.0,207.0,,1780.624,35.0,35.0,172.0,68.127,,,0.1691,0.8309,,True,completed
735,DEFAULT_VEHTYPE,1817.0,2084.0,267.0,,2074.809,19.0,35.0,232.0,75.862,,,0.1311,0.8689,,True,completed
758,DEFAULT_VEHTYPE,1840.0,2085.0,245.0,,1777.603,22.0,66.0,179.0,97.808,,,0.2694,0.7306,,True,completed
832,DEFAULT_VEHTYPE,1911.0,2088.0,177.0,,1494.37,7.0,10.0,167.0,28.19,,,0.0565,0.9435,,True,completed
865,DEFAULT_VEHTYPE,1950.0,2088.0,138.0,,1151.589,9.0,9.0,129.0,23.123,,,0.0652,0.9348,,True,completed
811,DEFAULT_VEHTYPE,1888.0,2089.0,201.0,,1487.012,21.0,57.0,144.0,84.198,,,0.2836,0.7164,,True,completed
904,DEFAULT_VEHTYPE,1997.0,2089.0,92.0,,883.194,7.0,7.0,85.0,20.631,,,0.0761,0.9239,,True,completed
836,DEFAULT_VEHTYPE,1916.0,2090.0,174.0,,1154.816,32.0,40.0,134.0,56.513,,,0.2299,0.7701,,True,completed
797,DEFAULT_VEHTYPE,1876.0,2091.0,215.0,,1474.559,27.0,64.0,151.0,87.972,,,0.2977,0.7023,,True,completed
829,DEFAULT_VEHTYPE,1907.0,2091.0,184.0,,1473.259,19.0,37.0,147.0,57.556,,,0.2011,0.7989,,True,completed
673,DEFAULT_VEHTYPE,1768.0,2092.0,324.0,,1771.617,42.0,136.0,188.0,176.773,,,0.4198,0.5802,,True,completed
809,DEFAULT_VEHTYPE,1887.0,2093.0,206.0,,1487.104,33.0,63.0,143.0,92.474,,,0.3058,0.6942,,True,completed
672,DEFAULT_VEHTYPE,1767.0,2094.0,327.0,,1494.818,46.0,160.0,167.0,186.443,,,0.4893,0.5107,,True,completed
770,DEFAULT_VEHTYPE,1850.0,2094.0,244.0,,1472.13,28.0,65.0,179.0,86.221,,,0.2664,0.7336,,True,completed
798,DEFAULT_VEHTYPE,1876.0,2094.0,218.0,,1476.696,30.0,66.0,152.0,94.885,,,0.3028,0.6972,,True,completed
653,DEFAULT_VEHTYPE,1738.0,2095.0,357.0,,1793.226,44.0,152.0,205.0,184.157,,,0.4258,0.5742,,True,completed
784,DEFAULT_VEHTYPE,1867.0,2095.0,228.0,,1786.662,15.0,41.0,187.0,66.983,,,0.1798,0.8202,,True,completed
854,DEFAULT_VEHTYPE,1934.0,2096.0,162.0,,1192.999,27.0,36.0,126.0,58.752,,,0.2222,0.7778,,True,completed
733,DEFAULT_VEHTYPE,1817.0,2097.0,280.0,,1475.709,43.0,103.0,177.0,128.455,,,0.3679,0.6321,,True,completed
583,DEFAULT_VEHTYPE,1654.0,2098.0,444.0,,2088.425,40.0,192.0,252.0,263.266,,,0.4324,0.5676,,True,completed
816,DEFAULT_VEHTYPE,1893.0,2098.0,205.0,,1778.317,11.0,11.0,194.0,28.117,,,0.0537,0.9463,,True,completed
701,DEFAULT_VEHTYPE,1795.0,2099.0,304.0,,1492.212,43.0,125.0,179.0,150.545,,,0.4112,0.5888,,True,completed
719,DEFAULT_VEHTYPE,1806.0,2100.0,294.0,,1490.332,59.0,140.0,154.0,171.702,,,0.4762,0.5238,,True,completed
898,DEFAULT_VEHTYPE,1992.0,2100.0,108.0,,886.898,26.0,26.0,82.0,33.749,,,0.2407,0.7593,,True,completed
576,DEFAULT_VEHTYPE,1649.0,2101.0,452.0,,2090.483,41.0,197.0,255.0,236.158,,,0.4358,0.5642,,True,completed
793,DEFAULT_VEHTYPE,1876.0,2102.0,226.0,,1194.711,37.0,87.0,139.0,121.79,,,0.385,0.615,,True,completed
801,DEFAULT_VEHTYPE,1879.0,2104.0,225.0,,1746.951,9.0,42.0,183.0,62.683,,,0.1867,0.8133,,True,completed
926,DEFAULT_VEHTYPE,2023.0,2106.0,83.0,,855.396,0.0,0.0,83.0,7.408,,,0.0,1.0,,True,completed
937,DEFAULT_VEHTYPE,2036.0,2108.0,72.0,,596.294,2.0,2.0,70.0,9.661,,,0.0278,0.9722,,True,completed
676,DEFAULT_VEHTYPE,1772.0,2109.0,337.0,,1775.233,35.0,84.0,253.0,114.952,,,0.2493,0.7507,,True,completed
866,DEFAULT_VEHTYPE,1953.0,2113.0,160.0,,1173.543,38.0,38.0,122.0,53.203,,,0.2375,0.7625,,True,completed
635,DEFAULT_VEHTYPE,1718.0,2115.0,397.0,,1788.55,30.0,202.0,195.0,236.678,,,0.5088,0.4912,,True,completed
776,DEFAULT_VEHTYPE,1858.0,2115.0,257.0,,1492.493,43.0,103.0,154.0,140.59,,,0.4008,0.5992,,True,completed
655,DEFAULT_VEHTYPE,1742.0,2116.0,374.0,,1788.575,26.0,175.0,199.0,220.957,,,0.4679,0.5321,,True,completed
894,DEFAULT_VEHTYPE,1989.0,2117.0,128.0,,1174.017,11.0,11.0,117.0,32.592,,,0.0859,0.9141,,True,completed
828,DEFAULT_VEHTYPE,1905.0,2120.0,215.0,,1769.133,22.0,48.0,167.0,79.274,,,0.2233,0.7767,,True,completed
669,DEFAULT_VEHTYPE,1763.0,2121.0,358.0,,1793.116,20.0,138.0,220.0,188.861,,,0.3855,0.6145,,True,completed
734,DEFAULT_VEHTYPE,1817.0,2121.0,304.0,,1775.039,11.0,105.0,199.0,155.567,,,0.3454,0.6546,,True,completed
845,DEFAULT_VEHTYPE,1925.0,2121.0,196.0,,1169.129,40.0,72.0,124.0,88.891,,,0.3673,0.6327,,True,completed
746,DEFAULT_VEHTYPE,1827.0,2122.0,295.0,,1773.555,11.0,98.0,197.0,151.625,,,0.3322,0.6678,,True,completed
856,DEFAULT_VEHTYPE,1937.0,2124.0,187.0,,1491.44,5.0,21.0,166.0,43.915,,,0.1123,0.8877,,True,completed
918,DEFAULT_VEHTYPE,2014.0,2125.0,111.0,,868.638,21.0,21.0,90.0,29.714,,,0.1892,0.8108,,True,completed
943,DEFAULT_VEHTYPE,2042.0,2125.0,83.0,,856.298,0.0,0.0,83.0,6.511,,,0.0,1.0,,True,completed
901,DEFAULT_VEHTYPE,1995.0,2127.0,132.0,,1158.506,9.0,9.0,123.0,23.432,,,0.0682,0.9318,,True,completed
748,DEFAULT_VEHTYPE,1830.0,2130.0,300.0,,2071.959,13.0,56.0,244.0,85.397,,,0.1867,0.8133,,True,completed
814,DEFAULT_VEHTYPE,1891.0,2130.0,239.0,,1772.456,37.0,72.0,167.0,106.155,,,0.3013,0.6987,,True,completed
954,DEFAULT_VEHTYPE,2050.0,2130.0,80.0,,851.094,0.0,0.0,80.0,8.186,,,0.0,1.0,,True,completed
843,DEFAULT_VEHTYPE,1922.0,2131.0,209.0,,1477.068,30.0,62.0,147.0,84.834,,,0.2967,0.7033,,True,completed
858,DEFAULT_VEHTYPE,1938.0,2131.0,193.0,,1740.869,29.0,29.0,164.0,44.208,,,0.1503,0.8497,,True,completed
860,DEFAULT_VEHTYPE,1941.0,2131.0,190.0,,1487.435,12.0,20.0,170.0,44.403,,,0.1053,0.8947,,True,completed
847,DEFAULT_VEHTYPE,1926.0,2133.0,207.0,,1490.508,17.0,48.0,159.0,70.841,,,0.2319,0.7681,,True,completed
785,DEFAULT_VEHTYPE,1868.0,2134.0,266.0,,1776.332,38.0,82.0,184.0,112.357,,,0.3083,0.6917,,True,completed
824,DEFAULT_VEHTYPE,1902.0,2134.0,232.0,,1470.258,40.0,70.0,162.0,96.012,,,0.3017,0.6983,,True,completed
704,DEFAULT_VEHTYPE,1798.0,2136.0,338.0,,1773.599,40.0,141.0,197.0,174.243,,,0.4172,0.5828,,True,completed
730,DEFAULT_VEHTYPE,1816.0,2136.0,320.0,,2074.379,35.0,87.0,233.0,151.811,,,0.2719,0.7281,,True,completed
648,DEFAULT_VEHTYPE,1734.0,2137.0,403.0,,2075.321,35.0,138.0,265.0,202.831,,,0.3424,0.6576,,True,completed
644,DEFAULT_VEHTYPE,1730.0,2138.0,408.0,,2379.494,23.0,86.0,322.0,133.378,,,0.2108,0.7892,,True,completed
654,DEFAULT_VEHTYPE,1740.0,2138.0,398.0,,2372.738,35.0,141.0,257.0,194.973,,,0.3543,0.6457,,True,completed
725,DEFAULT_VEHTYPE,1813.0,2138.0,325.0,,2373.89,14.0,53.0,272.0,89.458,,,0.1631,0.8369,,True,completed
765,DEFAULT_VEHTYPE,1846.0,2139.0,293.0,,1793.733,30.0,86.0,207.0,122.169,,,0.2935,0.7065,,True,completed
777,DEFAULT_VEHTYPE,1858.0,2139.0,281.0,,1457.284,22.0,86.0,195.0,107.653,,,0.306,0.694,,True,completed
787,DEFAULT_VEHTYPE,1870.0,2139.0,269.0,,1772.58,39.0,88.0,181.0,118.813,,,0.3271,0.6729,,True,completed
944,DEFAULT_VEHTYPE,2043.0,2140.0,97.0,,874.353,2.0,2.0,95.0,13.378,,,0.0206,0.9794,,True,completed
643,DEFAULT_VEHTYPE,1728.0,2141.0,413.0,,2094.302,39.0,135.0,278.0,173.389,,,0.3269,0.6731,,True,completed
750,DEFAULT_VEHTYPE,1832.0,2141.0,309.0,,1789.153,35.0,102.0,207.0,137.078,,,0.3301,0.6699,,True,completed
857,DEFAULT_VEHTYPE,1937.0,2141.0,204.0,,1743.731,21.0,39.0,165.0,59.589,,,0.1912,0.8088,,True,completed
741,DEFAULT_VEHTYPE,1824.0,2143.0,319.0,,2375.948,24.0,56.0,263.0,100.04,,,0.1755,0.8245,,True,completed
827,DEFAULT_VEHTYPE,1904.0,2143.0,239.0,,1478.345,17.0,37.0,202.0,62.533,,,0.1548,0.8452,,True,completed
867,DEFAULT_VEHTYPE,1954.0,2143.0,189.0,,896.571,57.0,96.0,93.0,108.953,,,0.5079,0.4921,,True,completed
919,DEFAULT_VEHTYPE,2015.0,2143.0,128.0,,887.89,37.0,37.0,91.0,52.561,,,0.2891,0.7109,,True,completed
966,DEFAULT_VEHTYPE,2074.0,2143.0,69.0,,589.913,6.0,6.0,63.0,14.887,,,0.087,0.913,,True,completed
677,DEFAULT_VEHTYPE,1772.0,2144.0,372.0,,1778.97,35.0,121.0,251.0,155.566,,,0.3253,0.6747,,True,completed
821,DEFAULT_VEHTYPE,1900.0,2144.0,244.0,,1738.81,6.0,56.0,188.0,77.363,,,0.2295,0.7705,,True,completed
883,DEFAULT_VEHTYPE,1975.0,2144.0,169.0,,892.868,45.0,45.0,124.0,58.403,,,0.2663,0.7337,,True,completed
855,DEFAULT_VEHTYPE,1936.0,2145.0,209.0,,1190.353,54.0,79.0,130.0,94.422,,,0.378,0.622,,True,completed
861,DEFAULT_VEHTYPE,1942.0,2146.0,204.0,,1178.047,18.0,35.0,169.0,61.514,,,0.1716,0.8284,,True,completed
880,DEFAULT_VEHTYPE,1973.0,2147.0,174.0,,1195.868,38.0,45.0,129.0,62.755,,,0.2586,0.7414,,True,completed
906,DEFAULT_VEHTYPE,2000.0,2147.0,147.0,,889.416,34.0,51.0,96.0,66.246,,,0.3469,0.6531,,True,completed
925,DEFAULT_VEHTYPE,2023.0,2148.0,125.0,,1173.008,7.0,7.0,118.0,19.652,,,0.056,0.944,,True,completed
837,DEFAULT_VEHTYPE,1917.0,2150.0,233.0,,1741.918,9.0,41.0,192.0,66.239,,,0.176,0.824,,True,completed
879,DEFAULT_VEHTYPE,1972.0,2152.0,180.0,,1744.574,0.0,0.0,180.0,13.622,,,0.0,1.0,,True,completed
897,DEFAULT_VEHTYPE,1991.0,2152.0,161.0,,1191.535,40.0,40.0,121.0,55.977,,,0.2484,0.7516,,True,completed
804,DEFAULT_VEHTYPE,1881.0,2154.0,273.0,,1777.697,37.0,84.0,189.0,126.668,,,0.3077,0.6923,,True,completed
695,DEFAULT_VEHTYPE,1787.0,2155.0,368.0,,2072.997,40.0,117.0,251.0,160.438,,,0.3179,0.6821,,True,completed
751,DEFAULT_VEHTYPE,1834.0,2158.0,324.0,,2391.287,31.0,84.0,240.0,120.633,,,0.2593,0.7407,,True,completed
808,DEFAULT_VEHTYPE,1887.0,2158.0,271.0,,1492.314,39.0,82.0,189.0,119.912,,,0.3026,0.6974,,True,completed
875,DEFAULT_VEHTYPE,1967.0,2159.0,192.0,,1470.648,20.0,43.0,149.0,62.831,,,0.224,0.776,,True,completed
889,DEFAULT_VEHTYPE,1983.0,2159.0,176.0,,1470.721,2.0,12.0,164.0,29.013,,,0.0682,0.9318,,True,completed
892,DEFAULT_VEHTYPE,1988.0,2159.0,171.0,,1486.448,20.0,25.0,146.0,45.599,,,0.1462,0.8538,,True,completed
961,DEFAULT_VEHTYPE,2061.0,2160.0,99.0,,887.854,19.0,19.0,80.0,26.642,,,0.1919,0.8081,,True,completed
760,DEFAULT_VEHTYPE,1842.0,2162.0,320.0,,2378.137,18.0,71.0,249.0,106.25,,,0.2219,0.7781,,True,completed
939,DEFAULT_VEHTYPE,2037.0,2162.0,125.0,,1171.502,14.0,14.0,111.0,28.302,,,0.112,0.888,,True,completed
924,DEFAULT_VEHTYPE,2020.0,2163.0,143.0,,1161.113,21.0,21.0,122.0,34.752,,,0.1469,0.8531,,True,completed
697,DEFAULT_VEHTYPE,1789.0,2172.0,383.0,,1785.618,52.0,179.0,204.0,227.087,,,0.4674,0.5326,,True,completed
915,DEFAULT_VEHTYPE,2010.0,2172.0,162.0,,1194.205,40.0,43.0,119.0,66.766,,,0.2654,0.7346,,True,completed
650,DEFAULT_VEHTYPE,1736.0,2173.0,437.0,,2093.884,47.0,208.0,229.0,247.382,,,0.476,0.524,,True,completed
851,DEFAULT_VEHTYPE,1930.0,2173.0,243.0,,1469.456,44.0,87.0,156.0,113.85,,,0.358,0.642,,True,completed
799,DEFAULT_VEHTYPE,1878.0,2174.0,296.0,,2070.9,16.0,58.0,238.0,96.139,,,0.1959,0.8041,,True,completed
772,DEFAULT_VEHTYPE,1853.0,2175.0,322.0,,1779.459,42.0,116.0,206.0,147.013,,,0.3602,0.6398,,True,completed
791,DEFAULT_VEHTYPE,1873.0,2175.0,302.0,,2085.438,18.0,77.0,225.0,110.199,,,0.255,0.745,,True,completed
819,DEFAULT_VEHTYPE,1896.0,2175.0,279.0,,1769.845,44.0,94.0,185.0,122.847,,,0.3369,0.6631,,True,completed
886,DEFAULT_VEHTYPE,1979.0,2176.0,197.0,,1488.089,10.0,24.0,173.0,43.238,,,0.1218,0.8782,,True,completed
891,DEFAULT_VEHTYPE,1987.0,2176.0,189.0,,1170.493,44.0,65.0,124.0,85.323,,,0.3439,0.6561,,True,completed
761,DEFAULT_VEHTYPE,1841.0,2177.0,336.0,,1777.904,45.0,131.0,205.0,164.884,,,0.3899,0.6101,,True,completed
911,DEFAULT_VEHTYPE,2005.0,2177.0,172.0,,1171.125,29.0,31.0,141.0,47.837,,,0.1802,0.8198,,True,completed
957,DEFAULT_VEHTYPE,2053.0,2178.0,125.0,,875.911,18.0,18.0,107.0,29.595,,,0.144,0.856,,True,completed
642,DEFAULT_VEHTYPE,1730.0,2179.0,449.0,,2089.512,44.0,213.0,236.0,262.014,,,0.4744,0.5256,,True,completed
878,DEFAULT_VEHTYPE,1970.0,2179.0,209.0,,1489.32,19.0,37.0,172.0,57.794,,,0.177,0.823,,True,completed
982,DEFAULT_VEHTYPE,2101.0,2181.0,80.0,,587.338,22.0,22.0,58.0,29.579,,,0.275,0.725,,True,completed
896,DEFAULT_VEHTYPE,1990.0,2183.0,193.0,,1741.111,11.0,14.0,179.0,36.504,,,0.0725,0.9275,,True,completed
914,DEFAULT_VEHTYPE,2010.0,2185.0,175.0,,1194.645,20.0,40.0,135.0,59.899,,,0.2286,0.7714,,True,completed
698,DEFAULT_VEHTYPE,1790.0,2186.0,396.0,,2373.774,47.0,127.0,269.0,177.967,,,0.3207,0.6793,,True,completed
792,DEFAULT_VEHTYPE,1874.0,2187.0,313.0,,1493.435,46.0,128.0,185.0,162.242,,,0.4089,0.5911,,True,completed
900,DEFAULT_VEHTYPE,1993.0,2187.0,194.0,,1187.332,37.0,61.0,133.0,96.473,,,0.3144,0.6856,,True,completed
839,DEFAULT_VEHTYPE,1918.0,2188.0,270.0,,1740.746,44.0,53.0,217.0,84.014,,,0.1963,0.8037,,True,completed
863,DEFAULT_VEHTYPE,1945.0,2189.0,244.0,,1497.228,37.0,94.0,150.0,124.129,,,0.3852,0.6148,,True,completed
874,DEFAULT_VEHTYPE,1967.0,2189.0,222.0,,1194.893,39.0,86.0,136.0,115.513,,,0.3874,0.6126,,True,completed
923,DEFAULT_VEHTYPE,2019.0,2191.0,172.0,,1743.943,0.0,29.0,143.0,44.204,,,0.1686,0.8314,,True,completed
909,DEFAULT_VEHTYPE,2004.0,2192.0,188.0,,1738.699,2.0,8.0,180.0,34.144,,,0.0426,0.9574,,True,completed
817,DEFAULT_VEHTYPE,1894.0,2196.0,302.0,,2379.559,13.0,66.0,236.0,126.391,,,0.2185,0.7815,,True,completed
1007,DEFAULT_VEHTYPE,2142.0,2198.0,56.0,,597.177,0.0,0.0,56.0,3.211,,,0.0,1.0,,True,completed
962,DEFAULT_VEHTYPE,2068.0,2198.0,130.0,,1166.747,17.0,17.0,113.0,28.756,,,0.1308,0.8692,,True,completed
842,DEFAULT_VEHTYPE,1920.0,2200.0,280.0,,1782.142,9.0,97.0,183.0,123.686,,,0.3464,0.6536,,True,completed
1005,DEFAULT_VEHTYPE,2141.0,2201.0,60.0,,595.918,0.0,1.0,59.0,8.479,,,0.0167,0.9833,,True,completed
747,DEFAULT_VEHTYPE,1828.0,2201.0,373.0,,2379.399,14.0,111.0,262.0,194.507,,,0.2976,0.7024,,True,completed
917,DEFAULT_VEHTYPE,2012.0,2201.0,189.0,,1488.4,11.0,37.0,152.0,59.9,,,0.1958,0.8042,,True,completed
921,DEFAULT_VEHTYPE,2019.0,2201.0,182.0,,1493.76,10.0,31.0,151.0,55.913,,,0.1703,0.8297,,True,completed
959,DEFAULT_VEHTYPE,2057.0,2202.0,145.0,,1153.735,23.0,23.0,122.0,43.831,,,0.1586,0.8414,,True,completed
932,DEFAULT_VEHTYPE,2031.0,2203.0,172.0,,1780.026,0.0,3.0,169.0,22.367,,,0.0174,0.9826,,True,completed
935,DEFAULT_VEHTYPE,2035.0,2203.0,168.0,,1476.977,13.0,13.0,155.0,31.041,,,0.0774,0.9226,,True,completed
714,DEFAULT_VEHTYPE,1804.0,2205.0,401.0,,2374.574,16.0,135.0,266.0,175.512,,,0.3367,0.6633,,True,completed
870,DEFAULT_VEHTYPE,1963.0,2210.0,247.0,,1773.912,48.0,80.0,167.0,99.804,,,0.3239,0.6761,,True,completed
905,DEFAULT_VEHTYPE,2000.0,2211.0,211.0,,1471.214,32.0,63.0,148.0,85.134,,,0.2986,0.7014,,True,completed
903,DEFAULT_VEHTYPE,1996.0,2212.0,216.0,,1185.628,44.0,90.0,126.0,110.622,,,0.4167,0.5833,,True,completed
709,DEFAULT_VEHTYPE,1802.0,2215.0,413.0,,2078.99,44.0,170.0,243.0,213.633,,,0.4116,0.5884,,True,completed
831,DEFAULT_VEHTYPE,1909.0,2215.0,306.0,,2380.313,11.0,57.0,249.0,93.955,,,0.1863,0.8137,,True,completed
888,DEFAULT_VEHTYPE,1982.0,2215.0,233.0,,1494.241,15.0,69.0,164.0,100.064,,,0.2961,0.7039,,True,completed
948,DEFAULT_VEHTYPE,2046.0,2215.0,169.0,,1176.87,32.0,33.0,136.0,55.483,,,0.1953,0.8047,,True,completed
872,DEFAULT_VEHTYPE,1963.0,2216.0,253.0,,1775.274,22.0,46.0,207.0,72.107,,,0.1818,0.8182,,True,completed
910,DEFAULT_VEHTYPE,2005.0,2216.0,211.0,,1773.869,14.0,21.0,190.0,54.534,,,0.0995,0.9005,,True,completed
825,DEFAULT_VEHTYPE,1902.0,2217.0,315.0,,1773.003,39.0,105.0,210.0,156.231,,,0.3333,0.6667,,True,completed
764,DEFAULT_VEHTYPE,1844.0,2218.0,374.0,,2080.074,24.0,134.0,240.0,167.4,,,0.3583,0.6417,,True,completed
795,DEFAULT_VEHTYPE,1874.0,2220.0,346.0,,1778.44,40.0,130.0,216.0,160.487,,,0.3757,0.6243,,True,completed
849,DEFAULT_VEHTYPE,1929.0,2220.0,291.0,,2072.98,15.0,43.0,248.0,72.247,,,0.1478,0.8522,,True,completed
852,DEFAULT_VEHTYPE,1931.0,2220.0,289.0,,1779.559,33.0,98.0,191.0,127.766,,,0.3391,0.6609,,True,completed
976,DEFAULT_VEHTYPE,2094.0,2222.0,128.0,,892.616,41.0,41.0,87.0,56.35,,,0.3203,0.6797,,True,completed
740,DEFAULT_VEHTYPE,1824.0,2223.0,399.0,,2374.712,54.0,149.0,250.0,199.598,,,0.3734,0.6266,,True,completed
702,DEFAULT_VEHTYPE,1796.0,2224.0,428.0,,2374.127,57.0,164.0,264.0,204.381,,,0.3832,0.6168,,True,completed
941,DEFAULT_VEHTYPE,2039.0,2225.0,186.0,,1743.604,6.0,6.0,180.0,25.467,,,0.0323,0.9677,,True,completed
950,DEFAULT_VEHTYPE,2047.0,2225.0,178.0,,1189.024,23.0,42.0,136.0,59.882,,,0.236,0.764,,True,completed
984,DEFAULT_VEHTYPE,2105.0,2225.0,120.0,,885.42,31.0,31.0,89.0,45.075,,,0.2583,0.7417,,True,completed
871,DEFAULT_VEHTYPE,1963.0,2226.0,263.0,,1743.491,50.0,63.0,200.0,87.293,,,0.2395,0.7605,,True,completed
965,DEFAULT_VEHTYPE,2073.0,2230.0,157.0,,1176.846,16.0,46.0,111.0,62.944,,,0.293,0.707,,True,completed
789,DEFAULT_VEHTYPE,1872.0,2234.0,362.0,,2077.961,46.0,133.0,229.0,196.626,,,0.3674,0.6326,,True,completed
887,DEFAULT_VEHTYPE,1980.0,2234.0,254.0,,1794.156,46.0,89.0,165.0,117.771,,,0.3504,0.6496,,True,completed
947,DEFAULT_VEHTYPE,2045.0,2235.0,190.0,,1738.473,0.0,16.0,174.0,32.827,,,0.0842,0.9158,,True,completed
986,DEFAULT_VEHTYPE,2110.0,2242.0,132.0,,874.644,39.0,40.0,92.0,50.856,,,0.303,0.697,,True,completed
946,DEFAULT_VEHTYPE,2044.0,2243.0,199.0,,1456.067,38.0,48.0,151.0,62.986,,,0.2412,0.7588,,True,completed
995,DEFAULT_VEHTYPE,2126.0,2243.0,117.0,,1154.465,0.0,0.0,117.0,8.535,,,0.0,1.0,,True,completed
838,DEFAULT_VEHTYPE,1918.0,2248.0,330.0,,2372.449,12.0,56.0,274.0,91.291,,,0.1697,0.8303,,True,completed
971,DEFAULT_VEHTYPE,2084.0,2248.0,164.0,,1195.449,3.0,35.0,129.0,47.602,,,0.2134,0.7866,,True,completed
927,DEFAULT_VEHTYPE,2024.0,2250.0,226.0,,1775.059,33.0,59.0,167.0,82.937,,,0.2611,0.7389,,True,completed
850,DEFAULT_VEHTYPE,1929.0,2251.0,322.0,,2076.515,26.0,102.0,220.0,145.311,,,0.3168,0.6832,,True,completed
951,DEFAULT_VEHTYPE,2049.0,2251.0,202.0,,1735.144,28.0,28.0,174.0,51.839,,,0.1386,0.8614,,True,completed
908,DEFAULT_VEHTYPE,2004.0,2253.0,249.0,,1489.39,42.0,95.0,154.0,126.603,,,0.3815,0.6185,,True,completed
916,DEFAULT_VEHTYPE,2012.0,2254.0,242.0,,1778.597,11.0,27.0,215.0,49.363,,,0.1116,0.8884,,True,completed
953,DEFAULT_VEHTYPE,2050.0,2255.0,205.0,,1490.056,24.0,44.0,161.0,61.307,,,0.2146,0.7854,,True,completed
864,DEFAULT_VEHTYPE,1948.0,2257.0,309.0,,1486.369,42.0,125.0,184.0,154.258,,,0.4045,0.5955,,True,completed
929,DEFAULT_VEHTYPE,2029.0,2259.0,230.0,,1490.096,26.0,73.0,157.0,111.08,,,0.3174,0.6826,,True,completed
1030,DEFAULT_VEHTYPE,2179.0,2260.0,81.0,,892.462,1.0,1.0,80.0,9.447,,,0.0123,0.9877,,True,completed
902,DEFAULT_VEHTYPE,1996.0,2265.0,269.0,,1191.972,55.0,132.0,137.0,152.636,,,0.4907,0.5093,,True,completed
1016,DEFAULT_VEHTYPE,2161.0,2268.0,107.0,,1151.075,0.0,0.0,107.0,7.551,,,0.0,1.0,,True,completed
881,DEFAULT_VEHTYPE,1974.0,2280.0,306.0,,2389.673,17.0,60.0,246.0,96.418,,,0.1961,0.8039,,True,completed
972,DEFAULT_VEHTYPE,2084.0,2283.0,199.0,,1742.286,2.0,18.0,181.0,39.281,,,0.0905,0.9095,,True,completed
882,DEFAULT_VEHTYPE,1976.0,2284.0,308.0,,2387.933,18.0,55.0,253.0,91.725,,,0.1786,0.8214,,True,completed
993,DEFAULT_VEHTYPE,2120.0,2284.0,164.0,,1194.245,7.0,34.0,130.0,53.108,,,0.2073,0.7927,,True,completed
1033,DEFAULT_VEHTYPE,2181.0,2286.0,105.0,,869.164,13.0,13.0,92.0,25.778,,,0.1238,0.8762,,True,completed
956,DEFAULT_VEHTYPE,2052.0,2290.0,238.0,,1777.745,34.0,64.0,174.0,92.726,,,0.2689,0.7311,,True,completed
960,DEFAULT_VEHTYPE,2059.0,2291.0,232.0,,1786.196,28.0,57.0,175.0,91.461,,,0.2457,0.7543,,True,completed
988,DEFAULT_VEHTYPE,2112.0,2292.0,180.0,,1172.555,45.0,59.0,121.0,75.751,,,0.3278,0.6722,,True,completed
1022,DEFAULT_VEHTYPE,2169.0,2293.0,124.0,,1193.884,0.0,0.0,124.0,8.149,,,0.0,1.0,,True,completed
1044,DEFAULT_VEHTYPE,2209.0,2293.0,84.0,,873.337,1.0,1.0,83.0,14.945,,,0.0119,0.9881,,True,completed
912,DEFAULT_VEHTYPE,2007.0,2293.0,286.0,,1792.62,17.0,97.0,189.0,126.242,,,0.3392,0.6608,,True,completed
933,DEFAULT_VEHTYPE,2033.0,2293.0,260.0,,1773.702,43.0,75.0,185.0,95.692,,,0.2885,0.7115,,True,completed
938,DEFAULT_VEHTYPE,2037.0,2294.0,257.0,,1740.761,38.0,82.0,175.0,105.472,,,0.3191,0.6809,,True,completed
989,DEFAULT_VEHTYPE,2115.0,2294.0,179.0,,1191.541,40.0,45.0,134.0,68.181,,,0.2514,0.7486,,True,completed
877,DEFAULT_VEHTYPE,1970.0,2297.0,327.0,,2377.311,23.0,60.0,267.0,98.757,,,0.1835,0.8165,,True,completed
805,DEFAULT_VEHTYPE,1882.0,2298.0,416.0,,2378.499,31.0,157.0,259.0,193.348,,,0.3774,0.6226,,True,completed
1014,DEFAULT_VEHTYPE,2159.0,2301.0,142.0,,888.529,40.0,53.0,89.0,67.829,,,0.3732,0.6268,,True,completed
1027,DEFAULT_VEHTYPE,2173.0,2302.0,129.0,,891.253,37.0,37.0,92.0,50.987,,,0.2868,0.7132,,True,completed
853,DEFAULT_VEHTYPE,1933.0,2303.0,370.0,,2372.402,21.0,94.0,276.0,126.944,,,0.2541,0.7459,,True,completed
1038,DEFAULT_VEHTYPE,2194.0,2306.0,112.0,,1160.992,0.0,0.0,112.0,8.141,,,0.0,1.0,,True,completed
1062,DEFAULT_VEHTYPE,2249.0,2308.0,59.0,,566.586,8.0,8.0,51.0,16.104,,,0.1356,0.8644,,True,completed
934,DEFAULT_VEHTYPE,2035.0,2309.0,274.0,,1489.657,50.0,76.0,198.0,110.351,,,0.2774,0.7226,,True,completed
963,DEFAULT_VEHTYPE,2072.0,2309.0,237.0,,1188.879,50.0,98.0,139.0,120.659,,,0.4135,0.5865,,True,completed
749,DEFAULT_VEHTYPE,1830.0,2311.0,481.0,,2373.899,49.0,188.0,293.0,227.27,,,0.3909,0.6091,,True,completed
1015,DEFAULT_VEHTYPE,2160.0,2319.0,159.0,,1471.487,21.0,21.0,138.0,37.866,,,0.1321,0.8679,,True,completed
994,DEFAULT_VEHTYPE,2123.0,2319.0,196.0,,1488.236,17.0,60.0,136.0,78.184,,,0.3061,0.6939,,True,completed
992,DEFAULT_VEHTYPE,2119.0,2324.0,205.0,,1779.226,18.0,26.0,179.0,48.224,,,0.1268,0.8732,,True,completed
990,DEFAULT_VEHTYPE,2117.0,2330.0,213.0,,1778.976,0.0,34.0,179.0,59.412,,,0.1596,0.8404,,True,completed
1000,DEFAULT_VEHTYPE,2131.0,2331.0,200.0,,1735.038,29.0,29.0,171.0,49.02,,,0.145,0.855,,True,completed
1011,DEFAULT_VEHTYPE,2158.0,2332.0,174.0,,1172.973,20.0,27.0,147.0,46.736,,,0.1552,0.8448,,True,completed
958,DEFAULT_VEHTYPE,2054.0,2332.0,278.0,,2079.435,26.0,48.0,230.0,78.155,,,0.1727,0.8273,,True,completed
931,DEFAULT_VEHTYPE,2031.0,2333.0,302.0,,1491.63,48.0,145.0,157.0,166.092,,,0.4801,0.5199,,True,completed
980,DEFAULT_VEHTYPE,2099.0,2333.0,234.0,,1489.941,28.0,53.0,181.0,73.78,,,0.2265,0.7735,,True,completed
922,DEFAULT_VEHTYPE,2019.0,2334.0,315.0,,2076.832,41.0,87.0,228.0,119.45,,,0.2762,0.7238,,True,completed
1053,DEFAULT_VEHTYPE,2228.0,2335.0,107.0,,887.365,13.0,13.0,94.0,25.617,,,0.1215,0.8785,,True,completed
868,DEFAULT_VEHTYPE,1956.0,2335.0,379.0,,2074.915,40.0,149.0,230.0,195.049,,,0.3931,0.6069,,True,completed
969,DEFAULT_VEHTYPE,2079.0,2335.0,256.0,,1491.227,37.0,93.0,163.0,130.799,,,0.3633,0.6367,,True,completed
752,DEFAULT_VEHTYPE,1834.0,2336.0,502.0,,2388.177,42.0,224.0,278.0,276.534,,,0.4462,0.5538,,True,completed
928,DEFAULT_VEHTYPE,2025.0,2336.0,311.0,,1487.701,43.0,129.0,182.0,161.099,,,0.4148,0.5852,,True,completed
940,DEFAULT_VEHTYPE,2039.0,2336.0,297.0,,1490.21,39.0,121.0,176.0,155.442,,,0.4074,0.5926,,True,completed
970,DEFAULT_VEHTYPE,2083.0,2336.0,253.0,,1780.94,10.0,26.0,227.0,50.858,,,0.1028,0.8972,,True,completed
812,DEFAULT_VEHTYPE,1890.0,2337.0,447.0,,2088.099,45.0,204.0,243.0,243.83,,,0.4564,0.5436,,True,completed
974,DEFAULT_VEHTYPE,2088.0,2337.0,249.0,,1487.046,38.0,78.0,171.0,124.399,,,0.3133,0.6867,,True,completed
1004,DEFAULT_VEHTYPE,2137.0,2338.0,201.0,,1171.779,42.0,68.0,133.0,89.647,,,0.3383,0.6617,,True,completed
807,DEFAULT_VEHTYPE,1885.0,2338.0,453.0,,2371.958,41.0,158.0,295.0,200.132,,,0.3488,0.6512,,True,completed
1066,DEFAULT_VEHTYPE,2257.0,2339.0,82.0,,889.793,3.0,3.0,79.0,11.697,,,0.0366,0.9634,,True,completed
1056,DEFAULT_VEHTYPE,2233.0,2340.0,107.0,,590.832,51.0,51.0,56.0,57.584,,,0.4766,0.5234,,True,completed
869,DEFAULT_VEHTYPE,1958.0,2340.0,382.0,,1789.087,44.0,169.0,213.0,204.343,,,0.4424,0.5576,,True,completed
967,DEFAULT_VEHTYPE,2076.0,2340.0,264.0,,1487.69,39.0,81.0,183.0,115.156,,,0.3068,0.6932,,True,completed
920,DEFAULT_VEHTYPE,2018.0,2341.0,323.0,,2074.226,29.0,96.0,227.0,124.522,,,0.2972,0.7028,,True,completed
945,DEFAULT_VEHTYPE,2044.0,2341.0,297.0,,1489.362,30.0,126.0,171.0,155.144,,,0.4242,0.5758,,True,completed
907,DEFAULT_VEHTYPE,2003.0,2344.0,341.0,,1497.115,52.0,173.0,168.0,201.975,,,0.5073,0.4927,,True,completed
1048,DEFAULT_VEHTYPE,2222.0,2345.0,123.0,,1155.799,0.0,0.0,123.0,10.1,,,0.0,1.0,,True,completed
810,DEFAULT_VEHTYPE,1888.0,2347.0,459.0,,2094.47,39.0,188.0,271.0,223.863,,,0.4096,0.5904,,True,completed
1002,DEFAULT_VEHTYPE,2134.0,2351.0,217.0,,1183.914,41.0,80.0,137.0,112.725,,,0.3687,0.6313,,True,completed
884,DEFAULT_VEHTYPE,1976.0,2352.0,376.0,,1795.282,33.0,186.0,190.0,216.368,,,0.4947,0.5053,,True,completed
1020,DEFAULT_VEHTYPE,2166.0,2357.0,191.0,,1774.98,0.0,30.0,161.0,52.63,,,0.1571,0.8429,,True,completed
1052,DEFAULT_VEHTYPE,2227.0,2359.0,132.0,,1187.687,13.0,19.0,113.0,38.819,,,0.1439,0.8561,,True,completed
964,DEFAULT_VEHTYPE,2073.0,2359.0,286.0,,2092.182,42.0,77.0,209.0,104.554,,,0.2692,0.7308,,True,completed
975,DEFAULT_VEHTYPE,2090.0,2360.0,270.0,,1776.984,28.0,45.0,225.0,78.83,,,0.1667,0.8333,,True,completed
1054,DEFAULT_VEHTYPE,2229.0,2364.0,135.0,,1473.512,0.0,5.0,130.0,18.217,,,0.037,0.963,,True,completed
1042,DEFAULT_VEHTYPE,2205.0,2366.0,161.0,,1168.247,25.0,28.0,133.0,48.981,,,0.1739,0.8261,,True,completed
1069,DEFAULT_VEHTYPE,2265.0,2366.0,101.0,,887.357,0.0,0.0,101.0,7.77,,,0.0,1.0,,True,completed
977,DEFAULT_VEHTYPE,2094.0,2366.0,272.0,,2079.531,32.0,50.0,222.0,80.285,,,0.1838,0.8162,,True,completed
1028,DEFAULT_VEHTYPE,2175.0,2367.0,192.0,,1494.036,10.0,25.0,167.0,44.671,,,0.1302,0.8698,,True,completed
1088,DEFAULT_VEHTYPE,2305.0,2367.0,62.0,,591.479,0.0,0.0,62.0,3.339,,,0.0,1.0,,True,completed
1089,DEFAULT_VEHTYPE,2306.0,2370.0,64.0,,574.065,0.0,0.0,64.0,5.405,,,0.0,1.0,,True,completed
1095,DEFAULT_VEHTYPE,2314.0,2370.0,56.0,,569.461,0.0,0.0,56.0,3.666,,,0.0,1.0,,True,completed
1009,DEFAULT_VEHTYPE,2149.0,2371.0,222.0,,1469.292,47.0,79.0,143.0,104.824,,,0.3559,0.6441,,True,completed
899,DEFAULT_VEHTYPE,1992.0,2371.0,379.0,,2370.183,39.0,119.0,260.0,176.041,,,0.314,0.686,,True,completed
1019,DEFAULT_VEHTYPE,2165.0,2372.0,207.0,,1170.27,47.0,85.0,122.0,101.402,,,0.4106,0.5894,,True,completed
1025,DEFAULT_VEHTYPE,2172.0,2373.0,201.0,,1491.43,32.0,54.0,147.0,77.425,,,0.2687,0.7313,,True,completed
890,DEFAULT_VEHTYPE,1984.0,2373.0,389.0,,2375.729,28.0,146.0,243.0,194.172,,,0.3753,0.6247,,True,completed
942,DEFAULT_VEHTYPE,2039.0,2373.0,334.0,,2373.467,31.0,91.0,243.0,133.226,,,0.2725,0.7275,,True,completed
936,DEFAULT_VEHTYPE,2036.0,2374.0,338.0,,2079.935,29.0,122.0,216.0,146.185,,,0.3609,0.6391,,True,completed
979,DEFAULT_VEHTYPE,2097.0,2374.0,277.0,,1771.232,38.0,81.0,196.0,107.517,,,0.2924,0.7076,,True,completed
930,DEFAULT_VEHTYPE,2030.0,2378.0,348.0,,1777.195,39.0,127.0,221.0,158.756,,,0.3649,0.6351,,True,completed
1026,DEFAULT_VEHTYPE,2173.0,2379.0,206.0,,1494.487,20.0,36.0,170.0,53.712,,,0.1748,0.8252,,True,completed
1050,DEFAULT_VEHTYPE,2224.0,2379.0,155.0,,1178.067,28.0,28.0,127.0,41.073,,,0.1806,0.8194,,True,completed
1067,DEFAULT_VEHTYPE,2257.0,2381.0,124.0,,893.817,36.0,36.0,88.0,48.416,,,0.2903,0.7097,,True,completed
846,DEFAULT_VEHTYPE,1925.0,2381.0,456.0,,2376.87,59.0,209.0,247.0,252.671,,,0.4583,0.5417,,True,completed
1023,DEFAULT_VEHTYPE,2169.0,2383.0,214.0,,1458.686,26.0,37.0,177.0,61.866,,,0.1729,0.8271,,True,completed
1032,DEFAULT_VEHTYPE,2180.0,2385.0,205.0,,1192.18,34.0,69.0,136.0,96.574,,,0.3366,0.6634,,True,completed
997,DEFAULT_VEHTYPE,2128.0,2385.0,257.0,,1490.025,47.0,85.0,172.0,107.831,,,0.3307,0.6693,,True,completed
1092,DEFAULT_VEHTYPE,2309.0,2392.0,83.0,,851.127,0.0,0.0,83.0,6.065,,,0.0,1.0,,True,completed
1101,DEFAULT_VEHTYPE,2321.0,2392.0,71.0,,853.901,0.0,0.0,71.0,5.432,,,0.0,1.0,,True,completed
999,DEFAULT_VEHTYPE,2129.0,2400.0,271.0,,2088.795,12.0,68.0,203.0,100.536,,,0.2509,0.7491,,True,completed
1076,DEFAULT_VEHTYPE,2279.0,2401.0,122.0,,1174.175,9.0,9.0,113.0,19.674,,,0.0738,0.9262,,True,completed
1090,DEFAULT_VEHTYPE,2307.0,2410.0,103.0,,887.201,16.0,16.0,87.0,29.832,,,0.1553,0.8447,,True,completed
1037,DEFAULT_VEHTYPE,2192.0,2411.0,219.0,,1469.58,29.0,68.0,151.0,91.139,,,0.3105,0.6895,,True,completed
1010,DEFAULT_VEHTYPE,2157.0,2413.0,256.0,,1472.863,42.0,96.0,160.0,129.996,,,0.375,0.625,,True,completed
1059,DEFAULT_VEHTYPE,2242.0,2413.0,171.0,,1487.829,29.0,29.0,142.0,44.604,,,0.1696,0.8304,,True,completed
1063,DEFAULT_VEHTYPE,2250.0,2414.0,164.0,,1190.61,38.0,41.0,123.0,60.073,,,0.25,0.75,,True,completed
998,DEFAULT_VEHTYPE,2129.0,2414.0,285.0,,1779.447,14.0,83.0,202.0,128.012,,,0.2912,0.7088,,True,completed
873,DEFAULT_VEHTYPE,1966.0,2415.0,449.0,,2393.554,42.0,193.0,256.0,252.653,,,0.4298,0.5702,,True,completed
996,DEFAULT_VEHTYPE,2126.0,2415.0,289.0,,1777.099,16.0,87.0,202.0,116.637,,,0.301,0.699,,True,completed
1041,DEFAULT_VEHTYPE,2200.0,2416.0,216.0,,1479.411,24.0,52.0,164.0,71.025,,,0.2407,0.7593,,True,completed
968,DEFAULT_VEHTYPE,2078.0,2417.0,339.0,,2378.824,17.0,67.0,272.0,100.445,,,0.1976,0.8024,,True,completed
983,DEFAULT_VEHTYPE,2101.0,2417.0,316.0,,1490.001,42.0,133.0,183.0,161.059,,,0.4209,0.5791,,True,completed
1024,DEFAULT_VEHTYPE,2171.0,2421.0,250.0,,1791.129,10.0,40.0,210.0,65.011,,,0.16,0.84,,True,completed
1070,DEFAULT_VEHTYPE,2266.0,2437.0,171.0,,1186.543,14.0,57.0,114.0,68.094,,,0.3333,0.6667,,True,completed
1084,DEFAULT_VEHTYPE,2298.0,2438.0,140.0,,1173.409,5.0,19.0,121.0,45.928,,,0.1357,0.8643,,True,completed
1045,DEFAULT_VEHTYPE,2215.0,2441.0,226.0,,1790.939,10.0,44.0,182.0,70.997,,,0.1947,0.8053,,True,completed
985,DEFAULT_VEHTYPE,2106.0,2441.0,335.0,,2071.985,17.0,118.0,217.0,149.381,,,0.3522,0.6478,,True,completed
1116,DEFAULT_VEHTYPE,2352.0,2442.0,90.0,,891.672,0.0,1.0,89.0,11.26,,,0.0111,0.9889,,True,completed
1071,DEFAULT_VEHTYPE,2271.0,2443.0,172.0,,1175.176,0.0,36.0,136.0,49.842,,,0.2093,0.7907,,True,completed
1112,DEFAULT_VEHTYPE,2336.0,2443.0,107.0,,870.253,13.0,13.0,94.0,24.606,,,0.1215,0.8785,,True,completed
1046,DEFAULT_VEHTYPE,2217.0,2448.0,231.0,,1774.165,1.0,25.0,206.0,49.921,,,0.1082,0.8918,,True,completed
1008,DEFAULT_VEHTYPE,2147.0,2452.0,305.0,,2370.958,23.0,53.0,252.0,93.632,,,0.1738,0.8262,,True,completed
1003,DEFAULT_VEHTYPE,2135.0,2453.0,318.0,,1772.048,43.0,127.0,191.0,161.963,,,0.3994,0.6006,,True,completed
1012,DEFAULT_VEHTYPE,2158.0,2454.0,296.0,,1791.553,38.0,118.0,178.0,152.97,,,0.3986,0.6014,,True,completed
1018,DEFAULT_VEHTYPE,2162.0,2454.0,292.0,,2369.18,20.0,42.0,250.0,79.583,,,0.1438,0.8562,,True,completed
1055,DEFAULT_VEHTYPE,2230.0,2454.0,224.0,,1778.604,16.0,37.0,187.0,57.254,,,0.1652,0.8348,,True,completed
973,DEFAULT_VEHTYPE,2088.0,2454.0,366.0,,2089.034,16.0,136.0,230.0,166.264,,,0.3716,0.6284,,True,completed
1036,DEFAULT_VEHTYPE,2192.0,2455.0,263.0,,1778.489,29.0,76.0,187.0,103.499,,,0.289,0.711,,True,completed
952,DEFAULT_VEHTYPE,2049.0,2455.0,406.0,,2072.101,42.0,166.0,240.0,201.337,,,0.4089,0.5911,,True,completed
1001,DEFAULT_VEHTYPE,2132.0,2456.0,324.0,,2091.884,44.0,83.0,241.0,114.634,,,0.2562,0.7438,,True,completed
1083,DEFAULT_VEHTYPE,2297.0,2456.0,159.0,,1175.063,12.0,13.0,146.0,29.422,,,0.0818,0.9182,,True,completed
978,DEFAULT_VEHTYPE,2096.0,2456.0,360.0,,1789.417,35.0,163.0,197.0,193.106,,,0.4528,0.5472,,True,completed
1123,DEFAULT_VEHTYPE,2365.0,2458.0,93.0,,590.775,41.0,41.0,52.0,47.835,,,0.4409,0.5591,,True,completed
1051,DEFAULT_VEHTYPE,2227.0,2460.0,233.0,,1742.844,21.0,67.0,166.0,89.128,,,0.2876,0.7124,,True,completed
1058,DEFAULT_VEHTYPE,2236.0,2460.0,224.0,,1479.319,23.0,56.0,168.0,75.638,,,0.25,0.75,,True,completed
1113,DEFAULT_VEHTYPE,2342.0,2460.0,118.0,,1155.948,1.0,1.0,117.0,14.231,,,0.0085,0.9915,,True,completed
913,DEFAULT_VEHTYPE,2008.0,2462.0,454.0,,2376.595,53.0,200.0,254.0,245.153,,,0.4405,0.5595,,True,completed
1057,DEFAULT_VEHTYPE,2236.0,2464.0,228.0,,1190.139,53.0,99.0,129.0,121.295,,,0.4342,0.5658,,True,completed
1072,DEFAULT_VEHTYPE,2274.0,2464.0,190.0,,892.051,56.0,90.0,100.0,105.787,,,0.4737,0.5263,,True,completed
1060,DEFAULT_VEHTYPE,2245.0,2465.0,220.0,,1741.586,22.0,51.0,169.0,71.262,,,0.2318,0.7682,,True,completed
1111,DEFAULT_VEHTYPE,2336.0,2466.0,130.0,,891.723,33.0,33.0,97.0,47.022,,,0.2538,0.7462,,True,completed
1100,DEFAULT_VEHTYPE,2320.0,2476.0,156.0,,1186.749,15.0,44.0,112.0,60.566,,,0.2821,0.7179,,True,completed
1080,DEFAULT_VEHTYPE,2294.0,2478.0,184.0,,1467.559,3.0,18.0,166.0,36.796,,,0.0978,0.9022,,True,completed
1040,DEFAULT_VEHTYPE,2199.0,2479.0,280.0,,1778.72,12.0,104.0,176.0,128.942,,,0.3714,0.6286,,True,completed
1034,DEFAULT_VEHTYPE,2184.0,2482.0,298.0,,2374.036,17.0,52.0,246.0,107.259,,,0.1745,0.8255,,True,completed
1035,DEFAULT_VEHTYPE,2187.0,2482.0,295.0,,1779.429,0.0,90.0,205.0,112.62,,,0.3051,0.6949,,True,completed
1097,DEFAULT_VEHTYPE,2316.0,2482.0,166.0,,1192.561,0.0,32.0,134.0,45.022,,,0.1928,0.8072,,True,completed
1031,DEFAULT_VEHTYPE,2179.0,2483.0,304.0,,2376.687,19.0,59.0,245.0,91.367,,,0.1941,0.8059,,True,completed
1043,DEFAULT_VEHTYPE,2207.0,2484.0,277.0,,2077.464,24.0,51.0,226.0,85.613,,,0.1841,0.8159,,True,completed
1078,DEFAULT_VEHTYPE,2285.0,2487.0,202.0,,1488.723,18.0,47.0,155.0,69.539,,,0.2327,0.7673,,True,completed
1049,DEFAULT_VEHTYPE,2222.0,2492.0,270.0,,1776.74,45.0,88.0,182.0,113.458,,,0.3259,0.6741,,True,completed
1087,DEFAULT_VEHTYPE,2304.0,2493.0,189.0,,1485.615,14.0,26.0,163.0,50.117,,,0.1376,0.8624,,True,completed
1074,DEFAULT_VEHTYPE,2276.0,2494.0,218.0,,1470.553,37.0,76.0,142.0,96.023,,,0.3486,0.6514,,True,completed
1021,DEFAULT_VEHTYPE,2168.0,2497.0,329.0,,1782.48,43.0,130.0,199.0,160.566,,,0.3951,0.6049,,True,completed
981,DEFAULT_VEHTYPE,2100.0,2498.0,398.0,,2094.073,24.0,140.0,258.0,208.109,,,0.3518,0.6482,,True,completed
949,DEFAULT_VEHTYPE,2047.0,2499.0,452.0,,2094.945,37.0,186.0,266.0,223.956,,,0.4115,0.5885,,True,completed
1013,DEFAULT_VEHTYPE,2159.0,2501.0,342.0,,1788.351,30.0,129.0,213.0,169.541,,,0.3772,0.6228,,True,completed
1081,DEFAULT_VEHTYPE,2295.0,2502.0,207.0,,1738.901,16.0,33.0,174.0,54.145,,,0.1594,0.8406,,True,completed
955,DEFAULT_VEHTYPE,2051.0,2502.0,451.0,,2088.254,21.0,172.0,279.0,214.865,,,0.3814,0.6186,,True,completed
987,DEFAULT_VEHTYPE,2111.0,2504.0,393.0,,2080.954,30.0,159.0,234.0,199.532,,,0.4046,0.5954,,True,completed
1114,DEFAULT_VEHTYPE,2345.0,2512.0,167.0,,1474.839,9.0,16.0,151.0,30.55,,,0.0958,0.9042,,True,completed
1155,DEFAULT_VEHTYPE,2455.0,2512.0,57.0,,567.104,0.0,0.0,57.0,3.59,,,0.0,1.0,,True,completed
991,DEFAULT_VEHTYPE,2119.0,2519.0,400.0,,2369.912,20.0,169.0,231.0,209.972,,,0.4225,0.5775,,True,completed
1104,DEFAULT_VEHTYPE,2326.0,2522.0,196.0,,1782.368,0.0,29.0,167.0,53.445,,,0.148,0.852,,True,completed
1141,DEFAULT_VEHTYPE,2422.0,2525.0,103.0,,1151.82,0.0,0.0,103.0,13.301,,,0.0,1.0,,True,completed
1006,DEFAULT_VEHTYPE,2141.0,2527.0,386.0,,2375.991,15.0,121.0,265.0,158.193,,,0.3135,0.6865,,True,completed
1085,DEFAULT_VEHTYPE,2298.0,2528.0,230.0,,1457.876,33.0,63.0,167.0,81.944,,,0.2739,0.7261,,True,completed
1110,DEFAULT_VEHTYPE,2335.0,2528.0,193.0,,1168.014,35.0,62.0,131.0,81.559,,,0.3212,0.6788,,True,completed
1105,DEFAULT_VEHTYPE,2326.0,2532.0,206.0,,1485.732,20.0,55.0,151.0,74.432,,,0.267,0.733,,True,completed
1065,DEFAULT_VEHTYPE,2254.0,2534.0,280.0,,1774.229,46.0,85.0,195.0,110.986,,,0.3036,0.6964,,True,completed
1142,DEFAULT_VEHTYPE,2424.0,2535.0,111.0,,870.137,15.0,15.0,96.0,24.514,,,0.1351,0.8649,,True,completed
1039,DEFAULT_VEHTYPE,2197.0,2537.0,340.0,,2377.286,9.0,64.0,276.0,92.655,,,0.1882,0.8118,,True,completed
1118,DEFAULT_VEHTYPE,2353.0,2543.0,190.0,,1746.442,2.0,3.0,187.0,31.63,,,0.0158,0.9842,,True,completed
1143,DEFAULT_VEHTYPE,2425.0,2557.0,132.0,,1187.135,14.0,17.0,115.0,28.714,,,0.1288,0.8712,,True,completed
1154,DEFAULT_VEHTYPE,2454.0,2557.0,103.0,,1151.883,0.0,0.0,103.0,6.873,,,0.0,1.0,,True,completed
1099,DEFAULT_VEHTYPE,2319.0,2566.0,247.0,,1476.404,36.0,88.0,159.0,106.621,,,0.3563,0.6437,,True,completed
1096,DEFAULT_VEHTYPE,2315.0,2568.0,253.0,,1779.512,11.0,61.0,192.0,104.025,,,0.2411,0.7589,,True,completed
1075,DEFAULT_VEHTYPE,2278.0,2570.0,292.0,,2077.438,17.0,48.0,244.0,76.484,,,0.1644,0.8356,,True,completed
1107,DEFAULT_VEHTYPE,2332.0,2572.0,240.0,,1775.34,12.0,28.0,212.0,51.758,,,0.1167,0.8833,,True,completed
1129,DEFAULT_VEHTYPE,2385.0,2572.0,187.0,,1491.924,20.0,40.0,147.0,57.607,,,0.2139,0.7861,,True,completed
1103,DEFAULT_VEHTYPE,2325.0,2573.0,248.0,,2091.833,11.0,19.0,229.0,72.746,,,0.0766,0.9234,,True,completed
1073,DEFAULT_VEHTYPE,2274.0,2574.0,300.0,,1776.718,45.0,111.0,189.0,134.839,,,0.37,0.63,,True,completed
1094,DEFAULT_VEHTYPE,2311.0,2575.0,264.0,,1487.434,0.0,87.0,177.0,105.458,,,0.3295,0.6705,,True,completed
1068,DEFAULT_VEHTYPE,2258.0,2576.0,318.0,,1773.668,39.0,104.0,214.0,136.655,,,0.327,0.673,,True,completed
1082,DEFAULT_VEHTYPE,2296.0,2576.0,280.0,,2073.823,29.0,58.0,222.0,83.397,,,0.2071,0.7929,,True,completed
1091,DEFAULT_VEHTYPE,2308.0,2576.0,268.0,,2087.49,13.0,22.0,246.0,53.309,,,0.0821,0.9179,,True,completed
1077,DEFAULT_VEHTYPE,2280.0,2577.0,297.0,,2090.284,8.0,55.0,242.0,82.109,,,0.1852,0.8148,,True,completed
1079,DEFAULT_VEHTYPE,2293.0,2577.0,284.0,,2078.988,17.0,49.0,235.0,74.353,,,0.1725,0.8275,,True,completed
1125,DEFAULT_VEHTYPE,2368.0,2583.0,215.0,,1197.413,58.0,89.0,126.0,107.783,,,0.414,0.586,,True,completed
1128,DEFAULT_VEHTYPE,2377.0,2585.0,208.0,,1748.471,4.0,19.0,189.0,40.886,,,0.0913,0.9087,,True,completed
1047,DEFAULT_VEHTYPE,2221.0,2586.0,365.0,,1495.406,55.0,191.0,174.0,217.201,,,0.5233,0.4767,,True,completed
1119,DEFAULT_VEHTYPE,2357.0,2596.0,239.0,,1453.691,45.0,99.0,140.0,118.649,,,0.4142,0.5858,,True,completed
1169,DEFAULT_VEHTYPE,2488.0,2596.0,108.0,,1167.884,4.0,4.0,104.0,13.967,,,0.037,0.963,,True,completed
1132,DEFAULT_VEHTYPE,2387.0,2600.0,213.0,,1734.624,0.0,58.0,155.0,72.046,,,0.2723,0.7277,,True,completed
1175,DEFAULT_VEHTYPE,2504.0,2603.0,99.0,,872.28,5.0,5.0,94.0,16.621,,,0.0505,0.9495,,True,completed
1153,DEFAULT_VEHTYPE,2454.0,2604.0,150.0,,1196.681,17.0,26.0,124.0,44.719,,,0.1733,0.8267,,True,completed
1151,DEFAULT_VEHTYPE,2450.0,2607.0,157.0,,1194.459,4.0,31.0,126.0,46.032,,,0.1975,0.8025,,True,completed
1126,DEFAULT_VEHTYPE,2376.0,2608.0,232.0,,1781.96,2.0,29.0,203.0,55.433,,,0.125,0.875,,True,completed
1121,DEFAULT_VEHTYPE,2359.0,2610.0,251.0,,1789.461,36.0,82.0,169.0,115.694,,,0.3267,0.6733,,True,completed
1127,DEFAULT_VEHTYPE,2377.0,2612.0,235.0,,1789.25,22.0,56.0,179.0,80.293,,,0.2383,0.7617,,True,completed
1086,DEFAULT_VEHTYPE,2304.0,2613.0,309.0,,1486.101,46.0,145.0,164.0,170.526,,,0.4693,0.5307,,True,completed
1120,DEFAULT_VEHTYPE,2359.0,2614.0,255.0,,1781.793,17.0,63.0,192.0,88.122,,,0.2471,0.7529,,True,completed
1122,DEFAULT_VEHTYPE,2360.0,2614.0,254.0,,1779.835,39.0,56.0,198.0,89.999,,,0.2205,0.7795,,True,completed
1102,DEFAULT_VEHTYPE,2323.0,2615.0,292.0,,1470.573,44.0,131.0,161.0,156.227,,,0.4486,0.5514,,True,completed
1139,DEFAULT_VEHTYPE,2417.0,2615.0,198.0,,1485.999,19.0,41.0,157.0,69.543,,,0.2071,0.7929,,True,completed
1196,DEFAULT_VEHTYPE,2540.0,2617.0,77.0,,853.802,0.0,0.0,77.0,5.882,,,0.0,1.0,,True,completed
1029,DEFAULT_VEHTYPE,2177.0,2618.0,441.0,,2395.739,42.0,161.0,280.0,220.089,,,0.3651,0.6349,,True,completed
1137,DEFAULT_VEHTYPE,2407.0,2622.0,215.0,,1487.922,28.0,61.0,154.0,83.2,,,0.2837,0.7163,,True,completed
1064,DEFAULT_VEHTYPE,2254.0,2623.0,369.0,,2071.4,41.0,148.0,221.0,194.449,,,0.4011,0.5989,,True,completed
1134,DEFAULT_VEHTYPE,2391.0,2623.0,232.0,,1191.037,56.0,104.0,128.0,123.603,,,0.4483,0.5517,,True,completed
1017,DEFAULT_VEHTYPE,2161.0,2624.0,463.0,,2089.309,36.0,159.0,304.0,200.717,,,0.3434,0.6566,,True,completed
1131,DEFAULT_VEHTYPE,2387.0,2626.0,239.0,,1747.107,49.0,49.0,190.0,66.651,,,0.205,0.795,,True,completed
1185,DEFAULT_VEHTYPE,2517.0,2627.0,110.0,,887.15,3.0,3.0,107.0,16.594,,,0.0273,0.9727,,True,completed
1203,DEFAULT_VEHTYPE,2550.0,2632.0,82.0,,870.321,0.0,0.0,82.0,5.444,,,0.0,1.0,,True,completed
1202,DEFAULT_VEHTYPE,2549.0,2637.0,88.0,,856.095,0.0,0.0,88.0,8.0,,,0.0,1.0,,True,completed
1152,DEFAULT_VEHTYPE,2453.0,2638.0,185.0,,1490.032,13.0,42.0,143.0,71.302,,,0.227,0.773,,True,completed
1146,DEFAULT_VEHTYPE,2444.0,2641.0,197.0,,1174.338,40.0,73.0,124.0,90.745,,,0.3706,0.6294,,True,completed
1212,DEFAULT_VEHTYPE,2564.0,2646.0,82.0,,856.072,0.0,0.0,82.0,6.464,,,0.0,1.0,,True,completed
1163,DEFAULT_VEHTYPE,2479.0,2647.0,168.0,,1158.05,18.0,18.0,150.0,32.434,,,0.1071,0.8929,,True,completed
1157,DEFAULT_VEHTYPE,2468.0,2648.0,180.0,,1169.125,34.0,47.0,133.0,65.734,,,0.2611,0.7389,,True,completed
1187,DEFAULT_VEHTYPE,2519.0,2651.0,132.0,,1156.414,0.0,0.0,132.0,11.419,,,0.0,1.0,,True,completed
1148,DEFAULT_VEHTYPE,2446.0,2652.0,206.0,,1490.254,19.0,54.0,152.0,74.884,,,0.2621,0.7379,,True,completed
1061,DEFAULT_VEHTYPE,2248.0,2654.0,406.0,,2090.324,0.0,157.0,249.0,189.277,,,0.3867,0.6133,,True,completed
1140,DEFAULT_VEHTYPE,2419.0,2656.0,237.0,,1486.47,44.0,69.0,168.0,86.733,,,0.2911,0.7089,,True,completed
1093,DEFAULT_VEHTYPE,2310.0,2659.0,349.0,,2075.633,22.0,79.0,270.0,109.58,,,0.2264,0.7736,,True,completed
1194,DEFAULT_VEHTYPE,2535.0,2664.0,129.0,,892.242,28.0,29.0,100.0,46.043,,,0.2248,0.7752,,True,completed
1098,DEFAULT_VEHTYPE,2319.0,2667.0,348.0,,2080.745,51.0,108.0,240.0,135.778,,,0.3103,0.6897,,True,completed
1138,DEFAULT_VEHTYPE,2410.0,2678.0,268.0,,2373.441,8.0,44.0,224.0,83.32,,,0.1642,0.8358,,True,completed
1183,DEFAULT_VEHTYPE,2516.0,2679.0,163.0,,1195.037,13.0,51.0,112.0,64.083,,,0.3129,0.6871,,True,completed
1170,DEFAULT_VEHTYPE,2492.0,2681.0,189.0,,1779.403,0.0,22.0,167.0,36.945,,,0.1164,0.8836,,True,completed
1186,DEFAULT_VEHTYPE,2517.0,2681.0,164.0,,1479.678,10.0,10.0,154.0,32.159,,,0.061,0.939,,True,completed
1239,DEFAULT_VEHTYPE,2634.0,2687.0,53.0,,567.223,0.0,0.0,53.0,3.706,,,0.0,1.0,,True,completed
1106,DEFAULT_VEHTYPE,2330.0,2690.0,360.0,,2086.825,37.0,143.0,217.0,189.281,,,0.3972,0.6028,,True,completed
1133,DEFAULT_VEHTYPE,2390.0,2691.0,301.0,,2374.992,18.0,64.0,237.0,96.552,,,0.2126,0.7874,,True,completed
1158,DEFAULT_VEHTYPE,2471.0,2691.0,220.0,,1490.364,47.0,71.0,149.0,92.624,,,0.3227,0.6773,,True,completed
1108,DEFAULT_VEHTYPE,2332.0,2692.0,360.0,,2086.675,18.0,141.0,219.0,174.452,,,0.3917,0.6083,,True,completed
1109,DEFAULT_VEHTYPE,2333.0,2694.0,361.0,,2075.33,27.0,134.0,227.0,165.666,,,0.3712,0.6288,,True,completed
1117,DEFAULT_VEHTYPE,2353.0,2694.0,341.0,,2069.298,26.0,125.0,216.0,158.828,,,0.3666,0.6334,,True,completed
1160,DEFAULT_VEHTYPE,2475.0,2694.0,219.0,,1493.703,27.0,36.0,183.0,58.046,,,0.1644,0.8356,,True,completed
1164,DEFAULT_VEHTYPE,2480.0,2699.0,219.0,,1491.478,9.0,44.0,175.0,66.118,,,0.2009,0.7991,,True,completed
1199,DEFAULT_VEHTYPE,2546.0,2699.0,153.0,,1192.05,41.0,43.0,110.0,59.169,,,0.281,0.719,,True,completed
1213,DEFAULT_VEHTYPE,2564.0,2700.0,136.0,,884.368,41.0,49.0,87.0,61.46,,,0.3603,0.6397,,True,completed
1198,DEFAULT_VEHTYPE,2545.0,2701.0,156.0,,887.264,38.0,66.0,90.0,80.705,,,0.4231,0.5769,,True,completed
1174,DEFAULT_VEHTYPE,2501.0,2703.0,202.0,,1746.773,13.0,23.0,179.0,41.836,,,0.1139,0.8861,,True,completed
1178,DEFAULT_VEHTYPE,2507.0,2703.0,196.0,,1491.463,22.0,38.0,158.0,66.829,,,0.1939,0.8061,,True,completed
1191,DEFAULT_VEHTYPE,2527.0,2704.0,177.0,,1189.664,50.0,50.0,127.0,65.698,,,0.2825,0.7175,,True,completed
1217,DEFAULT_VEHTYPE,2589.0,2704.0,115.0,,886.41,28.0,28.0,87.0,43.505,,,0.2435,0.7565,,True,completed
1171,DEFAULT_VEHTYPE,2492.0,2707.0,215.0,,1173.729,30.0,34.0,181.0,57.222,,,0.1581,0.8419,,True,completed
1242,DEFAULT_VEHTYPE,2643.0,2707.0,64.0,,596.585,0.0,0.0,64.0,4.365,,,0.0,1.0,,True,completed
1193,DEFAULT_VEHTYPE,2533.0,2709.0,176.0,,1193.248,31.0,35.0,141.0,52.684,,,0.1989,0.8011,,True,completed
1180,DEFAULT_VEHTYPE,2509.0,2713.0,204.0,,1785.457,28.0,38.0,166.0,63.993,,,0.1863,0.8137,,True,completed
1211,DEFAULT_VEHTYPE,2563.0,2722.0,159.0,,1154.786,38.0,38.0,121.0,52.358,,,0.239,0.761,,True,completed
1145,DEFAULT_VEHTYPE,2438.0,2731.0,293.0,,2090.942,21.0,87.0,206.0,113.484,,,0.2969,0.7031,,True,completed
1188,DEFAULT_VEHTYPE,2520.0,2731.0,211.0,,1476.581,22.0,60.0,151.0,85.075,,,0.2844,0.7156,,True,completed
1210,DEFAULT_VEHTYPE,2561.0,2731.0,170.0,,1187.513,43.0,45.0,125.0,67.142,,,0.2647,0.7353,,True,completed
1224,DEFAULT_VEHTYPE,2612.0,2731.0,119.0,,894.103,5.0,5.0,114.0,17.126,,,0.042,0.958,,True,completed
1130,DEFAULT_VEHTYPE,2386.0,2734.0,348.0,,1486.943,46.0,182.0,166.0,208.68,,,0.523,0.477,,True,completed
1247,DEFAULT_VEHTYPE,2655.0,2740.0,85.0,,588.351,29.0,29.0,56.0,36.683,,,0.3412,0.6588,,True,completed
1182,DEFAULT_VEHTYPE,2514.0,2741.0,227.0,,1739.382,15.0,57.0,170.0,78.73,,,0.2511,0.7489,,True,completed
1147,DEFAULT_VEHTYPE,2445.0,2742.0,297.0,,2081.906,37.0,88.0,209.0,117.637,,,0.2963,0.7037,,True,completed
1206,DEFAULT_VEHTYPE,2554.0,2743.0,189.0,,1191.107,53.0,63.0,126.0,90.906,,,0.3333,0.6667,,True,completed
1115,DEFAULT_VEHTYPE,2346.0,2747.0,401.0,,2382.505,55.0,125.0,276.0,159.203,,,0.3117,0.6883,,True,completed
1204,DEFAULT_VEHTYPE,2550.0,2747.0,197.0,,1742.276,8.0,8.0,189.0,29.021,,,0.0406,0.9594,,True,completed
1190,DEFAULT_VEHTYPE,2525.0,2749.0,224.0,,1740.1,6.0,33.0,191.0,56.087,,,0.1473,0.8527,,True,completed
1207,DEFAULT_VEHTYPE,2557.0,2751.0,194.0,,1746.639,5.0,5.0,189.0,30.661,,,0.0258,0.9742,,True,completed
1162,DEFAULT_VEHTYPE,2478.0,2769.0,291.0,,2073.674,21.0,85.0,206.0,127.474,,,0.2921,0.7079,,True,completed
1220,DEFAULT_VEHTYPE,2605.0,2769.0,164.0,,1158.914,29.0,29.0,135.0,43.755,,,0.1768,0.8232,,True,completed
1149,DEFAULT_VEHTYPE,2447.0,2771.0,324.0,,1778.123,46.0,137.0,187.0,174.695,,,0.4228,0.5772,,True,completed
1136,DEFAULT_VEHTYPE,2404.0,2772.0,368.0,,2092.014,19.0,150.0,218.0,185.727,,,0.4076,0.5924,,True,completed
1144,DEFAULT_VEHTYPE,2436.0,2773.0,337.0,,1487.856,46.0,170.0,167.0,197.923,,,0.5045,0.4955,,True,completed
1173,DEFAULT_VEHTYPE,2498.0,2773.0,275.0,,1777.461,29.0,90.0,185.0,114.446,,,0.3273,0.6727,,True,completed
1184,DEFAULT_VEHTYPE,2516.0,2773.0,257.0,,1489.711,38.0,99.0,158.0,129.53,,,0.3852,0.6148,,True,completed
1189,DEFAULT_VEHTYPE,2524.0,2773.0,249.0,,1744.581,39.0,79.0,170.0,100.382,,,0.3173,0.6827,,True,completed
1250,DEFAULT_VEHTYPE,2663.0,2776.0,113.0,,1155.309,5.0,5.0,108.0,16.083,,,0.0442,0.9558,,True,completed
1225,DEFAULT_VEHTYPE,2612.0,2777.0,165.0,,1187.332,23.0,27.0,138.0,47.249,,,0.1636,0.8364,,True,completed
1166,DEFAULT_VEHTYPE,2480.0,2783.0,303.0,,1473.185,40.0,107.0,196.0,134.017,,,0.3531,0.6469,,True,completed
1254,DEFAULT_VEHTYPE,2673.0,2783.0,110.0,,889.091,14.0,14.0,96.0,30.12,,,0.1273,0.8727,,True,completed
1150,DEFAULT_VEHTYPE,2448.0,2784.0,336.0,,1488.677,53.0,165.0,171.0,193.73,,,0.4911,0.5089,,True,completed
1231,DEFAULT_VEHTYPE,2619.0,2784.0,165.0,,1189.248,24.0,36.0,129.0,53.68,,,0.2182,0.7818,,True,completed
1251,DEFAULT_VEHTYPE,2667.0,2786.0,119.0,,888.63,21.0,21.0,98.0,36.067,,,0.1765,0.8235,,True,completed
1223,DEFAULT_VEHTYPE,2611.0,2788.0,177.0,,1459.284,13.0,34.0,143.0,47.198,,,0.1921,0.8079,,True,completed
1179,DEFAULT_VEHTYPE,2509.0,2792.0,283.0,,2078.775,47.0,102.0,181.0,133.173,,,0.3604,0.6396,,True,completed
1276,DEFAULT_VEHTYPE,2740.0,2799.0,59.0,,593.729,5.0,5.0,54.0,12.261,,,0.0847,0.9153,,True,completed
1135,DEFAULT_VEHTYPE,2401.0,2800.0,399.0,,2390.5,17.0,154.0,245.0,191.03,,,0.386,0.614,,True,completed
1222,DEFAULT_VEHTYPE,2607.0,2801.0,194.0,,1475.747,0.0,26.0,168.0,42.594,,,0.134,0.866,,True,completed
1278,DEFAULT_VEHTYPE,2745.0,2806.0,61.0,,569.871,0.0,0.0,61.0,4.706,,,0.0,1.0,,True,completed
1219,DEFAULT_VEHTYPE,2595.0,2807.0,212.0,,1488.711,15.0,50.0,162.0,67.825,,,0.2358,0.7642,,True,completed
1234,DEFAULT_VEHTYPE,2627.0,2808.0,181.0,,1492.053,14.0,22.0,159.0,49.36,,,0.1215,0.8785,,True,completed
1216,DEFAULT_VEHTYPE,2581.0,2810.0,229.0,,1778.623,21.0,59.0,170.0,84.846,,,0.2576,0.7424,,True,completed
1226,DEFAULT_VEHTYPE,2613.0,2810.0,197.0,,1488.029,21.0,50.0,147.0,74.229,,,0.2538,0.7462,,True,completed
1233,DEFAULT_VEHTYPE,2625.0,2811.0,186.0,,1473.905,16.0,16.0,170.0,30.059,,,0.086,0.914,,True,completed
1257,DEFAULT_VEHTYPE,2681.0,2811.0,130.0,,1191.623,0.0,0.0,130.0,13.875,,,0.0,1.0,,True,completed
1159,DEFAULT_VEHTYPE,2471.0,2812.0,341.0,,2377.957,12.0,55.0,286.0,88.746,,,0.1613,0.8387,,True,completed
1168,DEFAULT_VEHTYPE,2489.0,2814.0,325.0,,1488.858,42.0,152.0,173.0,194.646,,,0.4677,0.5323,,True,completed
1176,DEFAULT_VEHTYPE,2505.0,2814.0,309.0,,1773.289,20.0,104.0,205.0,141.89,,,0.3366,0.6634,,True,completed
1167,DEFAULT_VEHTYPE,2487.0,2815.0,328.0,,1489.289,43.0,153.0,175.0,182.426,,,0.4665,0.5335,,True,completed
1161,DEFAULT_VEHTYPE,2476.0,2817.0,341.0,,2078.533,24.0,75.0,266.0,104.631,,,0.2199,0.7801,,True,completed
1181,DEFAULT_VEHTYPE,2510.0,2819.0,309.0,,2079.44,42.0,117.0,192.0,145.579,,,0.3786,0.6214,,True,completed
1156,DEFAULT_VEHTYPE,2467.0,2820.0,353.0,,2371.932,55.0,119.0,234.0,159.912,,,0.3371,0.6629,,True,completed
1218,DEFAULT_VEHTYPE,2594.0,2823.0,229.0,,1491.151,54.0,83.0,146.0,105.327,,,0.3624,0.6376,,True,completed
1248,DEFAULT_VEHTYPE,2656.0,2824.0,168.0,,1160.007,16.0,16.0,152.0,33.734,,,0.0952,0.9048,,True,completed
1245,DEFAULT_VEHTYPE,2649.0,2825.0,176.0,,1192.969,26.0,48.0,128.0,67.515,,,0.2727,0.7273,,True,completed
1227,DEFAULT_VEHTYPE,2614.0,2826.0,212.0,,1743.176,0.0,13.0,199.0,36.983,,,0.0613,0.9387,,True,completed
1256,DEFAULT_VEHTYPE,2677.0,2827.0,150.0,,885.914,34.0,52.0,98.0,66.354,,,0.3467,0.6533,,True,completed
1261,DEFAULT_VEHTYPE,2695.0,2829.0,134.0,,1158.732,0.0,0.0,134.0,13.352,,,0.0,1.0,,True,completed
1252,DEFAULT_VEHTYPE,2669.0,2848.0,179.0,,1472.438,14.0,14.0,165.0,32.325,,,0.0782,0.9218,,True,completed
1208,DEFAULT_VEHTYPE,2559.0,2852.0,293.0,,1772.171,39.0,103.0,190.0,136.183,,,0.3515,0.6485,,True,completed
1240,DEFAULT_VEHTYPE,2641.0,2852.0,211.0,,1495.436,20.0,63.0,148.0,81.427,,,0.2986,0.7014,,True,completed
1195,DEFAULT_VEHTYPE,2538.0,2853.0,315.0,,2370.605,19.0,72.0,243.0,126.174,,,0.2286,0.7714,,True,completed
1197,DEFAULT_VEHTYPE,2543.0,2854.0,311.0,,2379.426,23.0,55.0,256.0,89.621,,,0.1768,0.8232,,True,completed
1215,DEFAULT_VEHTYPE,2578.0,2855.0,277.0,,2070.656,22.0,53.0,224.0,94.248,,,0.1913,0.8087,,True,completed
1221,DEFAULT_VEHTYPE,2606.0,2856.0,250.0,,1776.114,35.0,61.0,189.0,94.884,,,0.244,0.756,,True,completed
1289,DEFAULT_VEHTYPE,2768.0,2856.0,88.0,,852.97,0.0,0.0,88.0,6.976,,,0.0,1.0,,True,completed
1214,DEFAULT_VEHTYPE,2571.0,2857.0,286.0,,1488.425,39.0,113.0,173.0,142.494,,,0.3951,0.6049,,True,completed
1238,DEFAULT_VEHTYPE,2632.0,2857.0,225.0,,1487.497,7.0,42.0,183.0,66.744,,,0.1867,0.8133,,True,completed
1209,DEFAULT_VEHTYPE,2561.0,2858.0,297.0,,1785.425,40.0,97.0,200.0,132.242,,,0.3266,0.6734,,True,completed
1165,DEFAULT_VEHTYPE,2480.0,2859.0,379.0,,2089.606,42.0,121.0,258.0,155.026,,,0.3193,0.6807,,True,completed
1249,DEFAULT_VEHTYPE,2661.0,2859.0,198.0,,1194.116,22.0,45.0,153.0,61.12,,,0.2273,0.7727,,True,completed
1266,DEFAULT_VEHTYPE,2711.0,2860.0,149.0,,886.517,31.0,46.0,103.0,56.631,,,0.3087,0.6913,,True,completed
1228,DEFAULT_VEHTYPE,2616.0,2861.0,245.0,,1492.205,41.0,79.0,166.0,113.524,,,0.3224,0.6776,,True,completed
1177,DEFAULT_VEHTYPE,2506.0,2863.0,357.0,,1779.855,37.0,114.0,243.0,144.133,,,0.3193,0.6807,,True,completed
1283,DEFAULT_VEHTYPE,2757.0,2880.0,123.0,,1189.319,5.0,5.0,118.0,24.122,,,0.0407,0.9593,,True,completed
1267,DEFAULT_VEHTYPE,2715.0,2882.0,167.0,,1461.215,23.0,23.0,144.0,37.612,,,0.1377,0.8623,,True,completed
1279,DEFAULT_VEHTYPE,2746.0,2882.0,136.0,,1174.644,9.0,13.0,123.0,30.295,,,0.0956,0.9044,,True,completed
1229,DEFAULT_VEHTYPE,2617.0,2886.0,269.0,,2072.847,25.0,39.0,230.0,64.715,,,0.145,0.855,,True,completed
1255,DEFAULT_VEHTYPE,2677.0,2886.0,209.0,,1469.736,13.0,44.0,165.0,64.202,,,0.2105,0.7895,,True,completed
1268,DEFAULT_VEHTYPE,2717.0,2886.0,169.0,,1492.251,16.0,17.0,152.0,45.471,,,0.1006,0.8994,,True,completed
1235,DEFAULT_VEHTYPE,2628.0,2888.0,260.0,,2073.488,17.0,32.0,228.0,59.483,,,0.1231,0.8769,,True,completed
1230,DEFAULT_VEHTYPE,2618.0,2891.0,273.0,,2077.056,21.0,69.0,204.0,94.352,,,0.2527,0.7473,,True,completed
1258,DEFAULT_VEHTYPE,2685.0,2891.0,206.0,,1486.395,24.0,66.0,140.0,82.134,,,0.3204,0.6796,,True,completed
1241,DEFAULT_VEHTYPE,2643.0,2892.0,249.0,,1745.686,38.0,78.0,171.0,99.896,,,0.3133,0.6867,,True,completed
1124,DEFAULT_VEHTYPE,2366.0,2894.0,528.0,,2389.836,45.0,262.0,266.0,302.045,,,0.4962,0.5038,,True,completed
1200,DEFAULT_VEHTYPE,2547.0,2894.0,347.0,,2076.64,10.0,93.0,254.0,152.208,,,0.268,0.732,,True,completed
1236,DEFAULT_VEHTYPE,2629.0,2894.0,265.0,,1792.391,37.0,79.0,186.0,108.689,,,0.2981,0.7019,,True,completed
1262,DEFAULT_VEHTYPE,2696.0,2894.0,198.0,,1472.05,8.0,20.0,178.0,39.583,,,0.101,0.899,,True,completed
1205,DEFAULT_VEHTYPE,2551.0,2902.0,351.0,,2071.575,36.0,131.0,220.0,164.899,,,0.3732,0.6268,,True,completed
1172,DEFAULT_VEHTYPE,2496.0,2911.0,415.0,,2076.869,16.0,142.0,273.0,173.548,,,0.3422,0.6578,,True,completed
1269,DEFAULT_VEHTYPE,2718.0,2919.0,201.0,,1785.055,21.0,31.0,170.0,55.421,,,0.1542,0.8458,,True,completed
1287,DEFAULT_VEHTYPE,2765.0,2921.0,156.0,,1489.435,19.0,19.0,137.0,37.823,,,0.1218,0.8782,,True,completed
1307,DEFAULT_VEHTYPE,2835.0,2921.0,86.0,,851.724,0.0,0.0,86.0,6.954,,,0.0,1.0,,True,completed
1299,DEFAULT_VEHTYPE,2809.0,2923.0,114.0,,866.8,24.0,24.0,90.0,35.408,,,0.2105,0.7895,,True,completed
1309,DEFAULT_VEHTYPE,2839.0,2924.0,85.0,,852.233,0.0,0.0,85.0,6.928,,,0.0,1.0,,True,completed
1308,DEFAULT_VEHTYPE,2838.0,2925.0,87.0,,868.864,0.0,1.0,86.0,9.432,,,0.0115,0.9885,,True,completed
1237,DEFAULT_VEHTYPE,2629.0,2930.0,301.0,,2369.783,32.0,57.0,244.0,107.91,,,0.1894,0.8106,,True,completed
1244,DEFAULT_VEHTYPE,2647.0,2932.0,285.0,,1471.378,48.0,133.0,152.0,152.709,,,0.4667,0.5333,,True,completed
1232,DEFAULT_VEHTYPE,2620.0,2934.0,314.0,,2377.27,22.0,64.0,250.0,105.918,,,0.2038,0.7962,,True,completed
1243,DEFAULT_VEHTYPE,2645.0,2938.0,293.0,,1494.928,43.0,114.0,179.0,136.939,,,0.3891,0.6109,,True,completed
1246,DEFAULT_VEHTYPE,2649.0,2939.0,290.0,,1493.159,44.0,111.0,179.0,139.17,,,0.3828,0.6172,,True,completed
1316,DEFAULT_VEHTYPE,2855.0,2939.0,84.0,,870.685,0.0,0.0,84.0,11.887,,,0.0,1.0,,True,completed
1271,DEFAULT_VEHTYPE,2722.0,2940.0,218.0,,1175.187,45.0,66.0,152.0,84.584,,,0.3028,0.6972,,True,completed
1320,DEFAULT_VEHTYPE,2863.0,2946.0,83.0,,851.752,0.0,0.0,83.0,6.594,,,0.0,1.0,,True,completed
1260,DEFAULT_VEHTYPE,2691.0,2948.0,257.0,,1743.724,41.0,46.0,211.0,70.457,,,0.179,0.821,,True,completed
1314,DEFAULT_VEHTYPE,2854.0,2948.0,94.0,,870.853,9.0,9.0,85.0,19.206,,,0.0957,0.9043,,True,completed
1325,DEFAULT_VEHTYPE,2889.0,2948.0,59.0,,576.436,0.0,0.0,59.0,4.101,,,0.0,1.0,,True,completed
1201,DEFAULT_VEHTYPE,2548.0,2949.0,401.0,,2080.571,31.0,159.0,242.0,190.087,,,0.3965,0.6035,,True,completed
1302,DEFAULT_VEHTYPE,2821.0,2949.0,128.0,,892.471,15.0,16.0,112.0,32.068,,,0.125,0.875,,True,completed
1282,DEFAULT_VEHTYPE,2750.0,2950.0,200.0,,1743.708,2.0,5.0,195.0,32.55,,,0.025,0.975,,True,completed
1292,DEFAULT_VEHTYPE,2774.0,2959.0,185.0,,1459.928,43.0,44.0,141.0,62.659,,,0.2378,0.7622,,True,completed
1294,DEFAULT_VEHTYPE,2778.0,2959.0,181.0,,1468.929,30.0,33.0,148.0,55.925,,,0.1823,0.8177,,True,completed
1290,DEFAULT_VEHTYPE,2770.0,2962.0,192.0,,1495.174,17.0,37.0,155.0,55.431,,,0.1927,0.8073,,True,completed
1281,DEFAULT_VEHTYPE,2749.0,2963.0,214.0,,1779.949,12.0,39.0,175.0,64.411,,,0.1822,0.8178,,True,completed
1280,DEFAULT_VEHTYPE,2746.0,2971.0,225.0,,1770.879,15.0,20.0,205.0,44.355,,,0.0889,0.9111,,True,completed
1270,DEFAULT_VEHTYPE,2719.0,2972.0,253.0,,1739.084,33.0,75.0,178.0,96.691,,,0.2964,0.7036,,True,completed
1288,DEFAULT_VEHTYPE,2768.0,2972.0,204.0,,1478.233,32.0,56.0,148.0,78.011,,,0.2745,0.7255,,True,completed
1293,DEFAULT_VEHTYPE,2776.0,2972.0,196.0,,1485.092,18.0,40.0,156.0,61.94,,,0.2041,0.7959,,True,completed
1303,DEFAULT_VEHTYPE,2824.0,2977.0,153.0,,1192.197,24.0,24.0,129.0,36.942,,,0.1569,0.8431,,True,completed
1192,DEFAULT_VEHTYPE,2532.0,2979.0,447.0,,2373.465,42.0,149.0,298.0,188.395,,,0.3333,0.6667,,True,completed
1317,DEFAULT_VEHTYPE,2859.0,2987.0,128.0,,1157.673,0.0,0.0,128.0,9.561,,,0.0,1.0,,True,completed
1253,DEFAULT_VEHTYPE,2673.0,3000.0,327.0,,2377.901,22.0,101.0,226.0,135.33,,,0.3089,0.6911,,True,completed
1298,DEFAULT_VEHTYPE,2805.0,3000.0,195.0,,1493.892,20.0,46.0,149.0,65.29,,,0.2359,0.7641,,True,completed
1285,DEFAULT_VEHTYPE,2760.0,3002.0,242.0,,1471.977,39.0,89.0,153.0,105.048,,,0.3678,0.6322,,True,completed
1332,DEFAULT_VEHTYPE,2924.0,3003.0,79.0,,868.994,0.0,0.0,79.0,5.318,,,0.0,1.0,,True,completed
1343,DEFAULT_VEHTYPE,2949.0,3009.0,60.0,,569.372,0.0,0.0,60.0,4.505,,,0.0,1.0,,True,completed
1336,DEFAULT_VEHTYPE,2928.0,3010.0,82.0,,857.267,0.0,0.0,82.0,6.476,,,0.0,1.0,,True,completed
1263,DEFAULT_VEHTYPE,2697.0,3015.0,318.0,,1788.311,45.0,114.0,204.0,143.074,,,0.3585,0.6415,,True,completed
1272,DEFAULT_VEHTYPE,2729.0,3015.0,286.0,,1779.294,46.0,93.0,193.0,114.791,,,0.3252,0.6748,,True,completed
1297,DEFAULT_VEHTYPE,2802.0,3019.0,217.0,,1737.32,25.0,55.0,162.0,76.418,,,0.2535,0.7465,,True,completed
1319,DEFAULT_VEHTYPE,2862.0,3023.0,161.0,,1746.857,0.0,0.0,161.0,11.366,,,0.0,1.0,,True,completed
1277,DEFAULT_VEHTYPE,2742.0,3025.0,283.0,,1488.181,53.0,115.0,168.0,142.063,,,0.4064,0.5936,,True,completed
1338,DEFAULT_VEHTYPE,2934.0,3032.0,98.0,,894.604,7.0,7.0,91.0,16.371,,,0.0714,0.9286,,True,completed
1304,DEFAULT_VEHTYPE,2824.0,3035.0,211.0,,2090.923,6.0,42.0,169.0,64.384,,,0.1991,0.8009,,True,completed
1305,DEFAULT_VEHTYPE,2826.0,3035.0,209.0,,1790.063,6.0,19.0,190.0,37.621,,,0.0909,0.9091,,True,completed
1291,DEFAULT_VEHTYPE,2773.0,3038.0,265.0,,2090.342,13.0,49.0,216.0,80.379,,,0.1849,0.8151,,True,completed
1311,DEFAULT_VEHTYPE,2848.0,3041.0,193.0,,1487.569,19.0,43.0,150.0,60.253,,,0.2228,0.7772,,True,completed
1275,DEFAULT_VEHTYPE,2740.0,3042.0,302.0,,2376.573,18.0,53.0,249.0,86.996,,,0.1755,0.8245,,True,completed
1286,DEFAULT_VEHTYPE,2764.0,3051.0,287.0,,1794.609,0.0,80.0,207.0,106.276,,,0.2787,0.7213,,True,completed
1321,DEFAULT_VEHTYPE,2866.0,3051.0,185.0,,1487.125,19.0,39.0,146.0,58.161,,,0.2108,0.7892,,True,completed
1295,DEFAULT_VEHTYPE,2786.0,3052.0,266.0,,1745.263,35.0,89.0,177.0,112.102,,,0.3346,0.6654,,True,completed
1265,DEFAULT_VEHTYPE,2707.0,3054.0,347.0,,1789.135,44.0,145.0,202.0,176.336,,,0.4179,0.5821,,True,completed
1273,DEFAULT_VEHTYPE,2730.0,3054.0,324.0,,2373.019,27.0,77.0,247.0,111.8,,,0.2377,0.7623,,True,completed
1284,DEFAULT_VEHTYPE,2758.0,3056.0,298.0,,2091.977,11.0,65.0,233.0,90.694,,,0.2181,0.7819,,True,completed
1348,DEFAULT_VEHTYPE,2970.0,3056.0,86.0,,891.037,0.0,0.0,86.0,4.879,,,0.0,1.0,,True,completed
1259,DEFAULT_VEHTYPE,2687.0,3057.0,370.0,,1789.59,40.0,154.0,216.0,184.738,,,0.4162,0.5838,,True,completed
1324,DEFAULT_VEHTYPE,2883.0,3063.0,180.0,,894.871,57.0,85.0,95.0,97.927,,,0.4722,0.5278,,True,completed
1323,DEFAULT_VEHTYPE,2882.0,3076.0,194.0,,1741.705,0.0,5.0,189.0,25.251,,,0.0258,0.9742,,True,completed
1328,DEFAULT_VEHTYPE,2904.0,3079.0,175.0,,1490.075,27.0,28.0,147.0,44.818,,,0.16,0.84,,True,completed
1274,DEFAULT_VEHTYPE,2731.0,3080.0,349.0,,2372.501,15.0,102.0,247.0,160.575,,,0.2923,0.7077,,True,completed
1329,DEFAULT_VEHTYPE,2915.0,3081.0,166.0,,1492.577,18.0,18.0,148.0,33.16,,,0.1084,0.8916,,True,completed
1264,DEFAULT_VEHTYPE,2706.0,3082.0,376.0,,2379.544,16.0,123.0,253.0,162.041,,,0.3271,0.6729,,True,completed
1327,DEFAULT_VEHTYPE,2902.0,3083.0,181.0,,1739.952,2.0,2.0,179.0,19.85,,,0.011,0.989,,True,completed
1341,DEFAULT_VEHTYPE,2943.0,3084.0,141.0,,1158.233,18.0,18.0,123.0,31.035,,,0.1277,0.8723,,True,completed
1345,DEFAULT_VEHTYPE,2953.0,3092.0,139.0,,1170.315,23.0,23.0,116.0,35.105,,,0.1655,0.8345,,True,completed
1300,DEFAULT_VEHTYPE,2815.0,3095.0,280.0,,1782.387,46.0,87.0,193.0,105.255,,,0.3107,0.6893,,True,completed
1313,DEFAULT_VEHTYPE,2852.0,3097.0,245.0,,1786.401,5.0,35.0,210.0,55.474,,,0.1429,0.8571,,True,completed
1334,DEFAULT_VEHTYPE,2926.0,3123.0,197.0,,1473.83,8.0,40.0,157.0,62.176,,,0.203,0.797,,True,completed
1359,DEFAULT_VEHTYPE,3014.0,3124.0,110.0,,1157.123,0.0,0.0,110.0,7.259,,,0.0,1.0,,True,completed
1342,DEFAULT_VEHTYPE,2945.0,3126.0,181.0,,1486.847,13.0,17.0,164.0,35.147,,,0.0939,0.9061,,True,completed
1310,DEFAULT_VEHTYPE,2840.0,3135.0,295.0,,1486.654,43.0,133.0,162.0,158.632,,,0.4508,0.5492,,True,completed
1296,DEFAULT_VEHTYPE,2801.0,3136.0,335.0,,1488.913,45.0,161.0,174.0,185.621,,,0.4806,0.5194,,True,completed
1301,DEFAULT_VEHTYPE,2817.0,3137.0,320.0,,1776.232,43.0,110.0,210.0,135.564,,,0.3438,0.6562,,True,completed
1312,DEFAULT_VEHTYPE,2848.0,3141.0,293.0,,2082.413,40.0,92.0,201.0,122.204,,,0.314,0.686,,True,completed
1340,DEFAULT_VEHTYPE,2941.0,3144.0,203.0,,1739.809,0.0,8.0,195.0,28.373,,,0.0394,0.9606,,True,completed
1349,DEFAULT_VEHTYPE,2972.0,3154.0,182.0,,1468.342,7.0,22.0,160.0,42.024,,,0.1209,0.8791,,True,completed
1361,DEFAULT_VEHTYPE,3023.0,3164.0,141.0,,1171.846,16.0,16.0,125.0,29.749,,,0.1135,0.8865,,True,completed
1315,DEFAULT_VEHTYPE,2855.0,3166.0,311.0,,1773.366,2.0,104.0,207.0,131.711,,,0.3344,0.6656,,True,completed
1368,DEFAULT_VEHTYPE,3075.0,3166.0,91.0,,857.509,0.0,0.0,91.0,7.716,,,0.0,1.0,,True,completed
1350,DEFAULT_VEHTYPE,2986.0,3169.0,183.0,,1490.769,25.0,44.0,139.0,66.613,,,0.2404,0.7596,,True,completed
1335,DEFAULT_VEHTYPE,2927.0,3172.0,245.0,,1773.009,20.0,64.0,181.0,87.346,,,0.2612,0.7388,,True,completed
1344,DEFAULT_VEHTYPE,2952.0,3175.0,223.0,,1494.038,14.0,62.0,161.0,80.242,,,0.278,0.722,,True,completed
1306,DEFAULT_VEHTYPE,2834.0,3176.0,342.0,,1785.873,35.0,140.0,202.0,167.751,,,0.4094,0.5906,,True,completed
1331,DEFAULT_VEHTYPE,2920.0,3177.0,257.0,,1479.118,43.0,85.0,172.0,105.705,,,0.3307,0.6693,,True,completed
1354,DEFAULT_VEHTYPE,2995.0,3182.0,187.0,,1746.221,19.0,19.0,168.0,36.371,,,0.1016,0.8984,,True,completed
1364,DEFAULT_VEHTYPE,3039.0,3185.0,146.0,,894.125,32.0,46.0,100.0,59.222,,,0.3151,0.6849,,True,completed
1370,DEFAULT_VEHTYPE,3078.0,3185.0,107.0,,891.753,8.0,9.0,98.0,26.322,,,0.0841,0.9159,,True,completed
1326,DEFAULT_VEHTYPE,2898.0,3198.0,300.0,,2074.034,36.0,99.0,201.0,124.272,,,0.33,0.67,,True,completed
1351,DEFAULT_VEHTYPE,2988.0,3209.0,221.0,,1772.494,35.0,56.0,165.0,79.903,,,0.2534,0.7466,,True,completed
1360,DEFAULT_VEHTYPE,3018.0,3214.0,196.0,,1487.103,14.0,35.0,161.0,53.794,,,0.1786,0.8214,,True,completed
1322,DEFAULT_VEHTYPE,2870.0,3215.0,345.0,,1779.806,47.0,143.0,202.0,173.662,,,0.4145,0.5855,,True,completed
1337,DEFAULT_VEHTYPE,2932.0,3216.0,284.0,,2077.568,21.0,50.0,234.0,76.159,,,0.1761,0.8239,,True,completed
1318,DEFAULT_VEHTYPE,2861.0,3220.0,359.0,,2371.238,58.0,121.0,238.0,164.461,,,0.337,0.663,,True,completed
1362,DEFAULT_VEHTYPE,3037.0,3227.0,190.0,,1739.752,0.0,0.0,190.0,15.113,,,0.0,1.0,,True,completed
1373,DEFAULT_VEHTYPE,3096.0,3230.0,134.0,,1460.402,0.0,0.0,134.0,11.722,,,0.0,1.0,,True,completed
1367,DEFAULT_VEHTYPE,3069.0,3240.0,171.0,,1493.377,17.0,22.0,149.0,42.454,,,0.1287,0.8713,,True,completed
1358,DEFAULT_VEHTYPE,3004.0,3242.0,238.0,,1451.726,40.0,85.0,153.0,118.051,,,0.3571,0.6429,,True,completed
1356,DEFAULT_VEHTYPE,2999.0,3245.0,246.0,,1468.951,36.0,84.0,162.0,102.083,,,0.3415,0.6585,,True,completed
1380,DEFAULT_VEHTYPE,3118.0,3245.0,127.0,,1190.261,2.0,2.0,125.0,16.205,,,0.0157,0.9843,,True,completed
1330,DEFAULT_VEHTYPE,2919.0,3250.0,331.0,,2078.213,49.0,133.0,198.0,163.239,,,0.4018,0.5982,,True,completed
1363,DEFAULT_VEHTYPE,3037.0,3250.0,213.0,,1489.578,22.0,67.0,146.0,91.244,,,0.3146,0.6854,,True,completed
1366,DEFAULT_VEHTYPE,3052.0,3250.0,198.0,,1772.475,22.0,26.0,172.0,46.926,,,0.1313,0.8687,,True,completed
1355,DEFAULT_VEHTYPE,2999.0,3253.0,254.0,,1776.874,36.0,69.0,185.0,89.083,,,0.2717,0.7283,,True,completed
1347,DEFAULT_VEHTYPE,2970.0,3254.0,284.0,,1778.326,46.0,94.0,190.0,119.48,,,0.331,0.669,,True,completed
1353,DEFAULT_VEHTYPE,2990.0,3255.0,265.0,,1775.989,13.0,72.0,193.0,91.791,,,0.2717,0.7283,,True,completed
1400,DEFAULT_VEHTYPE,3199.0,3257.0,58.0,,573.82,2.0,2.0,56.0,10.288,,,0.0345,0.9655,,True,completed
1346,DEFAULT_VEHTYPE,2962.0,3260.0,298.0,,2092.387,15.0,46.0,252.0,77.756,,,0.1544,0.8456,,True,completed
1333,DEFAULT_VEHTYPE,2925.0,3262.0,337.0,,2080.943,40.0,126.0,211.0,160.935,,,0.3739,0.6261,,True,completed
1385,DEFAULT_VEHTYPE,3144.0,3262.0,118.0,,890.452,23.0,24.0,94.0,41.764,,,0.2034,0.7966,,True,completed
1357,DEFAULT_VEHTYPE,3003.0,3267.0,264.0,,1744.808,55.0,71.0,193.0,94.89,,,0.2689,0.7311,,True,completed
1375,DEFAULT_VEHTYPE,3109.0,3267.0,158.0,,893.538,56.0,56.0,102.0,66.158,,,0.3544,0.6456,,True,completed
1394,DEFAULT_VEHTYPE,3178.0,3270.0,92.0,,855.434,0.0,0.0,92.0,6.36,,,0.0,1.0,,True,completed
1396,DEFAULT_VEHTYPE,3191.0,3277.0,86.0,,848.968,0.0,0.0,86.0,7.046,,,0.0,1.0,,True,completed
1402,DEFAULT_VEHTYPE,3208.0,3289.0,81.0,,878.998,0.0,0.0,81.0,4.971,,,0.0,1.0,,True,completed
1365,DEFAULT_VEHTYPE,3045.0,3291.0,246.0,,1790.029,28.0,63.0,183.0,86.413,,,0.2561,0.7439,,True,completed
1339,DEFAULT_VEHTYPE,2934.0,3294.0,360.0,,1792.263,37.0,163.0,197.0,191.458,,,0.4528,0.5472,,True,completed
1369,DEFAULT_VEHTYPE,3077.0,3299.0,222.0,,1739.57,24.0,62.0,160.0,79.842,,,0.2793,0.7207,,True,completed
1352,DEFAULT_VEHTYPE,2988.0,3307.0,319.0,,1497.202,54.0,141.0,178.0,167.226,,,0.442,0.558,,True,completed
1383,DEFAULT_VEHTYPE,3127.0,3332.0,205.0,,1491.196,15.0,51.0,154.0,83.167,,,0.2488,0.7512,,True,completed
1393,DEFAULT_VEHTYPE,3175.0,3333.0,158.0,,1193.53,33.0,33.0,125.0,49.144,,,0.2089,0.7911,,True,completed
1372,DEFAULT_VEHTYPE,3091.0,3334.0,243.0,,1790.802,16.0,53.0,190.0,74.32,,,0.2181,0.7819,,True,completed
1374,DEFAULT_VEHTYPE,3099.0,3335.0,236.0,,1474.806,45.0,73.0,163.0,92.575,,,0.3093,0.6907,,True,completed
1387,DEFAULT_VEHTYPE,3150.0,3347.0,197.0,,1191.245,50.0,56.0,141.0,72.383,,,0.2843,0.7157,,True,completed
1407,DEFAULT_VEHTYPE,3241.0,3353.0,112.0,,1189.878,7.0,7.0,105.0,23.692,,,0.0625,0.9375,,True,completed
1409,DEFAULT_VEHTYPE,3247.0,3356.0,109.0,,1151.254,0.0,0.0,109.0,11.898,,,0.0,1.0,,True,completed
1403,DEFAULT_VEHTYPE,3211.0,3362.0,151.0,,1169.682,28.0,28.0,123.0,42.733,,,0.1854,0.8146,,True,completed
1395,DEFAULT_VEHTYPE,3186.0,3363.0,177.0,,1782.301,0.0,8.0,169.0,33.394,,,0.0452,0.9548,,True,completed
1381,DEFAULT_VEHTYPE,3118.0,3366.0,248.0,,2078.783,24.0,24.0,224.0,47.296,,,0.0968,0.9032,,True,completed
1399,DEFAULT_VEHTYPE,3197.0,3369.0,172.0,,1192.194,2.0,43.0,129.0,53.607,,,0.25,0.75,,True,completed
1422,DEFAULT_VEHTYPE,3316.0,3369.0,53.0,,569.291,0.0,0.0,53.0,3.478,,,0.0,1.0,,True,completed
1404,DEFAULT_VEHTYPE,3217.0,3370.0,153.0,,1193.896,1.0,21.0,132.0,33.097,,,0.1373,0.8627,,True,completed
1378,DEFAULT_VEHTYPE,3114.0,3372.0,258.0,,1738.986,35.0,82.0,176.0,105.579,,,0.3178,0.6822,,True,completed
1371,DEFAULT_VEHTYPE,3080.0,3374.0,294.0,,1773.845,44.0,96.0,198.0,123.519,,,0.3265,0.6735,,True,completed
1388,DEFAULT_VEHTYPE,3154.0,3374.0,220.0,,2077.558,9.0,9.0,211.0,27.446,,,0.0409,0.9591,,True,completed
1398,DEFAULT_VEHTYPE,3195.0,3376.0,181.0,,1486.839,16.0,19.0,162.0,41.965,,,0.105,0.895,,True,completed
1408,DEFAULT_VEHTYPE,3246.0,3379.0,133.0,,890.129,42.0,48.0,85.0,62.681,,,0.3609,0.6391,,True,completed
1390,DEFAULT_VEHTYPE,3168.0,3381.0,213.0,,1490.195,30.0,62.0,151.0,86.374,,,0.2911,0.7089,,True,completed
1411,DEFAULT_VEHTYPE,3251.0,3382.0,131.0,,891.521,37.0,38.0,93.0,51.766,,,0.2901,0.7099,,True,completed
1415,DEFAULT_VEHTYPE,3280.0,3402.0,122.0,,1193.01,2.0,2.0,120.0,14.866,,,0.0164,0.9836,,True,completed
1412,DEFAULT_VEHTYPE,3260.0,3405.0,145.0,,1171.847,3.0,13.0,132.0,29.51,,,0.0897,0.9103,,True,completed
1379,DEFAULT_VEHTYPE,3116.0,3409.0,293.0,,2371.719,36.0,71.0,222.0,105.318,,,0.2423,0.7577,,True,completed
1425,DEFAULT_VEHTYPE,3319.0,3413.0,94.0,,854.346,0.0,0.0,94.0,7.31,,,0.0,1.0,,True,completed
1384,DEFAULT_VEHTYPE,3131.0,3414.0,283.0,,1493.888,47.0,121.0,162.0,143.005,,,0.4276,0.5724,,True,completed
1416,DEFAULT_VEHTYPE,3286.0,3433.0,147.0,,1166.555,8.0,24.0,123.0,37.147,,,0.1633,0.8367,,True,completed
1392,DEFAULT_VEHTYPE,3171.0,3451.0,280.0,,2076.693,28.0,71.0,209.0,104.077,,,0.2536,0.7464,,True,completed
1417,DEFAULT_VEHTYPE,3286.0,3452.0,166.0,,1189.185,40.0,54.0,112.0,69.992,,,0.3253,0.6747,,True,completed
1428,DEFAULT_VEHTYPE,3327.0,3453.0,126.0,,1195.169,0.0,0.0,126.0,7.436,,,0.0,1.0,,True,completed
1401,DEFAULT_VEHTYPE,3204.0,3455.0,251.0,,2070.689,10.0,36.0,215.0,60.026,,,0.1434,0.8566,,True,completed
1386,DEFAULT_VEHTYPE,3145.0,3456.0,311.0,,2389.035,9.0,38.0,273.0,68.997,,,0.1222,0.8778,,True,completed
1397,DEFAULT_VEHTYPE,3194.0,3458.0,264.0,,1772.512,12.0,49.0,215.0,73.943,,,0.1856,0.8144,,True,completed
1436,DEFAULT_VEHTYPE,3366.0,3472.0,106.0,,871.081,30.0,30.0,76.0,42.495,,,0.283,0.717,,True,completed
1427,DEFAULT_VEHTYPE,3325.0,3473.0,148.0,,1152.649,6.0,6.0,142.0,22.203,,,0.0405,0.9595,,True,completed
1410,DEFAULT_VEHTYPE,3247.0,3476.0,229.0,,1785.656,15.0,57.0,172.0,76.751,,,0.2489,0.7511,,True,completed
1419,DEFAULT_VEHTYPE,3304.0,3479.0,175.0,,1487.301,20.0,30.0,145.0,57.083,,,0.1714,0.8286,,True,completed
1432,DEFAULT_VEHTYPE,3346.0,3491.0,145.0,,1188.084,0.0,11.0,134.0,23.949,,,0.0759,0.9241,,True,completed
1382,DEFAULT_VEHTYPE,3120.0,3492.0,372.0,,2378.996,12.0,83.0,289.0,116.743,,,0.2231,0.7769,,True,completed
1413,DEFAULT_VEHTYPE,3266.0,3492.0,226.0,,1773.622,14.0,41.0,185.0,65.635,,,0.1814,0.8186,,True,completed
1439,DEFAULT_VEHTYPE,3394.0,3494.0,100.0,,1190.994,2.0,2.0,98.0,13.146,,,0.02,0.98,,True,completed
1389,DEFAULT_VEHTYPE,3158.0,3495.0,337.0,,1493.118,45.0,167.0,170.0,194.144,,,0.4955,0.5045,,True,completed
1414,DEFAULT_VEHTYPE,3279.0,3501.0,222.0,,1488.208,33.0,77.0,145.0,94.795,,,0.3468,0.6532,,True,completed
1424,DEFAULT_VEHTYPE,3317.0,3513.0,196.0,,1746.665,0.0,0.0,196.0,14.633,,,0.0,1.0,,True,completed
1418,DEFAULT_VEHTYPE,3299.0,3520.0,221.0,,1782.041,11.0,39.0,182.0,68.129,,,0.1765,0.8235,,True,completed
1406,DEFAULT_VEHTYPE,3238.0,3522.0,284.0,,2074.883,26.0,68.0,216.0,92.979,,,0.2394,0.7606,,True,completed
1421,DEFAULT_VEHTYPE,3311.0,3532.0,221.0,,1790.419,28.0,39.0,182.0,57.737,,,0.1765,0.8235,,True,completed
1423,DEFAULT_VEHTYPE,3316.0,3536.0,220.0,,1775.636,17.0,17.0,203.0,38.847,,,0.0773,0.9227,,True,completed
1430,DEFAULT_VEHTYPE,3332.0,3551.0,219.0,,1785.675,11.0,45.0,174.0,68.128,,,0.2055,0.7945,,True,completed
1431,DEFAULT_VEHTYPE,3335.0,3553.0,218.0,,1776.201,8.0,35.0,183.0,57.49,,,0.1606,0.8394,,True,completed
1470,DEFAULT_VEHTYPE,3487.0,3555.0,68.0,,571.645,0.0,0.0,68.0,5.869,,,0.0,1.0,,True,completed
1426,DEFAULT_VEHTYPE,3325.0,3559.0,234.0,,1779.208,28.0,55.0,179.0,79.961,,,0.235,0.765,,True,completed
1434,DEFAULT_VEHTYPE,3359.0,3559.0,200.0,,1787.861,18.0,28.0,172.0,48.391,,,0.14,0.86,,True,completed
1445,DEFAULT_VEHTYPE,3414.0,3561.0,147.0,,1191.517,10.0,29.0,118.0,45.741,,,0.1973,0.8027,,True,completed
1442,DEFAULT_VEHTYPE,3403.0,3570.0,167.0,,1487.707,30.0,30.0,137.0,46.346,,,0.1796,0.8204,,True,completed
1468,DEFAULT_VEHTYPE,3483.0,3575.0,92.0,,849.234,0.0,0.0,92.0,6.897,,,0.0,1.0,,True,completed
1441,DEFAULT_VEHTYPE,3402.0,3579.0,177.0,,1742.971,26.0,26.0,151.0,40.196,,,0.1469,0.8531,,True,completed
1443,DEFAULT_VEHTYPE,3405.0,3591.0,186.0,,1490.809,10.0,36.0,150.0,56.422,,,0.1935,0.8065,,True,completed
1376,DEFAULT_VEHTYPE,3110.0,,490.0,,2058.178,57.0,206.0,284.0,250.079,,,0.4204,0.5796,,False,on_map_at_end
1377,DEFAULT_VEHTYPE,3113.0,,487.0,,2065.679,51.0,190.0,297.0,235.811,,,0.3901,0.6099,,False,on_map_at_end
1391,DEFAULT_VEHTYPE,3171.0,,429.0,,1758.008,42.0,155.0,274.0,199.096,,,0.3613,0.6387,,False,on_map_at_end
1405,DEFAULT_VEHTYPE,3232.0,,368.0,,2252.731,46.0,135.0,233.0,169.38,,,0.3668,0.6332,,False,on_map_at_end
1420,DEFAULT_VEHTYPE,3308.0,,292.0,,1465.339,22.0,100.0,192.0,123.9,,,0.3425,0.6575,,False,on_map_at_end
1429,DEFAULT_VEHTYPE,3331.0,,269.0,,1731.306,40.0,73.0,196.0,100.998,,,0.2714,0.7286,,False,on_map_at_end
1433,DEFAULT_VEHTYPE,3355.0,,245.0,,1780.919,4.0,53.0,192.0,75.495,,,0.2163,0.7837,,False,on_map_at_end
1435,DEFAULT_VEHTYPE,3361.0,,239.0,,1462.993,10.0,86.0,153.0,108.437,,,0.3598,0.6402,,False,on_map_at_end
1437,DEFAULT_VEHTYPE,3382.0,,218.0,,1758.898,10.0,38.0,180.0,63.318,,,0.1743,0.8257,,False,on_map_at_end
1438,DEFAULT_VEHTYPE,3385.0,,215.0,,1034.028,42.0,82.0,133.0,100.731,,,0.3814,0.6186,,False,on_map_at_end
1440,DEFAULT_VEHTYPE,3397.0,,203.0,,1480.121,19.0,54.0,149.0,71.7,,,0.266,0.734,,False,on_map_at_end
1444,DEFAULT_VEHTYPE,3407.0,,193.0,,1465.109,12.0,35.0,158.0,56.178,,,0.1813,0.8187,,False,on_map_at_end
1446,DEFAULT_VEHTYPE,3416.0,,184.0,,1346.262,17.0,36.0,148.0,60.496,,,0.1957,0.8043,,False,on_map_at_end
1447,DEFAULT_VEHTYPE,3422.0,,178.0,,655.167,52.0,96.0,82.0,108.908,,,0.5393,0.4607,,False,on_map_at_end
1448,DEFAULT_VEHTYPE,3423.0,,177.0,,880.409,58.0,59.0,118.0,76.032,,,0.3333,0.6667,,False,on_map_at_end
1449,DEFAULT_VEHTYPE,3424.0,,176.0,,880.639,63.0,69.0,107.0,86.737,,,0.392,0.608,,False,on_map_at_end
1450,DEFAULT_VEHTYPE,3427.0,,173.0,,880.639,67.0,71.0,102.0,96.585,,,0.4104,0.5896,,False,on_map_at_end
1451,DEFAULT_VEHTYPE,3428.0,,172.0,,1489.976,19.0,23.0,149.0,39.571,,,0.1337,0.8663,,False,on_map_at_end
1452,DEFAULT_VEHTYPE,3428.0,,172.0,,1432.426,10.0,12.0,160.0,32.241,,,0.0698,0.9302,,False,on_map_at_end
1453,DEFAULT_VEHTYPE,3429.0,,171.0,,1301.688,18.0,18.0,153.0,33.885,,,0.1053,0.8947,,False,on_map_at_end
1454,DEFAULT_VEHTYPE,3431.0,,169.0,,880.639,63.0,66.0,103.0,78.823,,,0.3905,0.6095,,False,on_map_at_end
1455,DEFAULT_VEHTYPE,3443.0,,157.0,,1075.995,19.0,50.0,107.0,68.714,,,0.3185,0.6815,,False,on_map_at_end
1456,DEFAULT_VEHTYPE,3446.0,,154.0,,1099.461,28.0,45.0,109.0,60.658,,,0.2922,0.7078,,False,on_map_at_end
1457,DEFAULT_VEHTYPE,3452.0,,148.0,,1165.169,39.0,38.0,110.0,50.445,,,0.2568,0.7432,,False,on_map_at_end
1458,DEFAULT_VEHTYPE,3457.0,,143.0,,880.639,40.0,39.0,104.0,51.638,,,0.2727,0.7273,,False,on_map_at_end
1459,DEFAULT_VEHTYPE,3464.0,,136.0,,1442.272,0.0,0.0,136.0,14.535,,,0.0,1.0,,False,on_map_at_end
1460,DEFAULT_VEHTYPE,3468.0,,132.0,,1191.547,14.0,14.0,118.0,24.395,,,0.1061,0.8939,,False,on_map_at_end
1461,DEFAULT_VEHTYPE,3471.0,,129.0,,872.908,33.0,34.0,95.0,55.286,,,0.2636,0.7364,,False,on_map_at_end
1462,DEFAULT_VEHTYPE,3472.0,,128.0,,963.442,37.0,39.0,89.0,53.721,,,0.3047,0.6953,,False,on_map_at_end
1463,DEFAULT_VEHTYPE,3476.0,,124.0,,880.354,38.0,38.0,86.0,48.741,,,0.3065,0.6935,,False,on_map_at_end
1464,DEFAULT_VEHTYPE,3479.0,,121.0,,658.049,48.0,48.0,73.0,62.575,,,0.3967,0.6033,,False,on_map_at_end
1465,DEFAULT_VEHTYPE,3480.0,,120.0,,822.95,27.0,27.0,93.0,38.052,,,0.225,0.775,,False,on_map_at_end
1466,DEFAULT_VEHTYPE,3481.0,,119.0,,636.482,46.0,46.0,73.0,63.169,,,0.3866,0.6134,,False,on_map_at_end
1467,DEFAULT_VEHTYPE,3483.0,,117.0,,776.14,44.0,44.0,73.0,51.814,,,0.3761,0.6239,,False,on_map_at_end
1469,DEFAULT_VEHTYPE,3484.0,,116.0,,770.884,37.0,37.0,79.0,48.339,,,0.319,0.681,,False,on_map_at_end
1471,DEFAULT_VEHTYPE,3494.0,,106.0,,778.346,26.0,26.0,80.0,36.034,,,0.2453,0.7547,,False,on_map_at_end
1472,DEFAULT_VEHTYPE,3495.0,,105.0,,662.405,37.0,37.0,68.0,50.616,,,0.3524,0.6476,,False,on_map_at_end
