step:3600/3600, q_loss:0, rewards:-9.479445393880209, queue:6.285069444444445, delay:0.06628806326124403, throughput:1426
episode:0/200, real avg travel time:314.5273492286115
intersection:0, mean_episode_reward:-1.2833335399627686, mean_queue:11.713889122009277
intersection:1, mean_episode_reward:-0.05416666716337204, mean_queue:11.55555534362793
intersection:2, mean_episode_reward:-1.3975001573562622, mean_queue:12.397222518920898
intersection:3, mean_episode_reward:-1.753055453300476, mean_queue:11.083333015441895
intersection:4, mean_episode_reward:-0.7602778673171997, mean_queue:12.291666984558105
intersection:5, mean_episode_reward:-0.3547220826148987, mean_queue:11.277777671813965
intersection:6, mean_episode_reward:0.32750001549720764, mean_queue:11.166666984558105
intersection:7, mean_episode_reward:-0.28833335638046265, mean_queue:11.01111125946045
intersection:8, mean_episode_reward:-1.1047223806381226, mean_queue:12.222222328186035
intersection:9, mean_episode_reward:-1.4111111164093018, mean_queue:12.708333015441895
intersection:10, mean_episode_reward:0.9552780389785767, mean_queue:12.199999809265137
intersection:11, mean_episode_reward:-0.02611093968153, mean_queue:11.783333778381348
intersection:12, mean_episode_reward:-1.2827779054641724, mean_queue:11.691666603088379
intersection:13, mean_episode_reward:-1.483888864517212, mean_queue:12.163888931274414
intersection:14, mean_episode_reward:-0.35638898611068726, mean_queue:11.83055591583252
intersection:15, mean_episode_reward:-1.0850001573562622, mean_queue:11.36388874053955
intersection:16, mean_episode_reward:0.04333333298563957, mean_queue:0.7749999761581421
intersection:17, mean_episode_reward:0.10638889670372009, mean_queue:0.7777777910232544
intersection:18, mean_episode_reward:0.07472221553325653, mean_queue:0.7888888716697693
intersection:19, mean_episode_reward:0.19111114740371704, mean_queue:0.8166666626930237
intersection:20, mean_episode_reward:0.13583332300186157, mean_queue:0.7527777552604675
intersection:21, mean_episode_reward:0.17277778685092926, mean_queue:0.8138889074325562
intersection:22, mean_episode_reward:0.04722222313284874, mean_queue:0.7888888716697693
intersection:23, mean_episode_reward:0.009166654199361801, mean_queue:0.7805555462837219
intersection:24, mean_episode_reward:0.15194445848464966, mean_queue:0.7749999761581421
intersection:25, mean_episode_reward:0.0786111131310463, mean_queue:0.7749999761581421
intersection:26, mean_episode_reward:0.11194442957639694, mean_queue:0.75
intersection:27, mean_episode_reward:0.2849999666213989, mean_queue:0.769444465637207
intersection:28, mean_episode_reward:0.16305547952651978, mean_queue:0.7833333611488342
intersection:29, mean_episode_reward:0.11472229659557343, mean_queue:0.8333333134651184
intersection:30, mean_episode_reward:0.13722217082977295, mean_queue:0.8722222447395325
intersection:31, mean_episode_reward:0.05611109733581543, mean_queue:0.8083333373069763
Test step:0/200, travel time :670.7949183303085, rewards:-131.2216579861111, queue:13.5046875, delay:0.13330922656589084, throughput:551
[CrossingProxy] total ped calls this episode: 48
step:3600/3600, q_loss:0, rewards:-10.293888346354167, queue:6.391319444444444, delay:0.06843308872646756, throughput:1414
episode:1/200, real avg travel time:324.3387553041018
intersection:0, mean_episode_reward:-1.3002772331237793, mean_queue:11.772222518920898
intersection:1, mean_episode_reward:-0.5941664576530457, mean_queue:11.905555725097656
intersection:2, mean_episode_reward:-2.222778081893921, mean_queue:13.416666984558105
intersection:3, mean_episode_reward:-1.4166663885116577, mean_queue:11.030555725097656
intersection:4, mean_episode_reward:-0.9966663122177124, mean_queue:12.227777481079102
intersection:5, mean_episode_reward:-1.057499885559082, mean_queue:11.997221946716309
intersection:6, mean_episode_reward:0.5944446325302124, mean_queue:11.847222328186035
intersection:7, mean_episode_reward:-0.9097223877906799, mean_queue:11.702777862548828
intersection:8, mean_episode_reward:-0.5180556178092957, mean_queue:11.733333587646484
intersection:9, mean_episode_reward:-1.3952778577804565, mean_queue:13.827777862548828
intersection:10, mean_episode_reward:0.7208330035209656, mean_queue:12.341666221618652
intersection:11, mean_episode_reward:-0.2991667091846466, mean_queue:11.372221946716309
intersection:12, mean_episode_reward:-2.0841662883758545, mean_queue:12.661110877990723
intersection:13, mean_episode_reward:0.40138885378837585, mean_queue:11.733333587646484
intersection:14, mean_episode_reward:-0.0747222974896431, mean_queue:11.227777481079102
intersection:15, mean_episode_reward:-1.190833330154419, mean_queue:11.063888549804688
intersection:16, mean_episode_reward:0.04638886824250221, mean_queue:0.7749999761581421
intersection:17, mean_episode_reward:0.1063888743519783, mean_queue:0.7777777910232544
intersection:18, mean_episode_reward:0.10249999165534973, mean_queue:0.7888888716697693
intersection:19, mean_episode_reward:0.22277778387069702, mean_queue:0.8166666626930237
intersection:20, mean_episode_reward:0.24555560946464539, mean_queue:0.7527777552604675
intersection:21, mean_episode_reward:0.1713888794183731, mean_queue:0.8138889074325562
intersection:22, mean_episode_reward:0.05416665971279144, mean_queue:0.7888888716697693
intersection:23, mean_episode_reward:-0.0036111087538301945, mean_queue:0.7805555462837219
intersection:24, mean_episode_reward:0.1575000286102295, mean_queue:0.7749999761581421
intersection:25, mean_episode_reward:0.06388888508081436, mean_queue:0.7749999761581421
intersection:26, mean_episode_reward:0.14472225308418274, mean_queue:0.75
intersection:27, mean_episode_reward:0.16750000417232513, mean_queue:0.769444465637207
intersection:28, mean_episode_reward:0.18416664004325867, mean_queue:0.7833333611488342
intersection:29, mean_episode_reward:0.12888890504837036, mean_queue:0.8333333134651184
intersection:30, mean_episode_reward:0.16694436967372894, mean_queue:0.8722222447395325
intersection:31, mean_episode_reward:0.09027779847383499, mean_queue:0.8083333373069763
Test step:1/200, travel time :667.8333333333334, rewards:-131.72472873263888, queue:13.55251736111111, delay:0.13282685809665257, throughput:546
[CrossingProxy] total ped calls this episode: 48
step:3600/3600, q_loss:1.069893717765808, rewards:-12.242778862847222, queue:6.511631944444445, delay:0.07759162055121528, throughput:1356
episode:2/200, real avg travel time:326.68436578171094
intersection:0, mean_episode_reward:-0.7827779054641724, mean_queue:11.494444847106934
intersection:1, mean_episode_reward:0.20500008761882782, mean_queue:12.225000381469727
intersection:2, mean_episode_reward:-3.4158334732055664, mean_queue:14.708333015441895
intersection:3, mean_episode_reward:-0.9105562567710876, mean_queue:11.494444847106934
intersection:4, mean_episode_reward:-2.001944065093994, mean_queue:13.225000381469727
intersection:5, mean_episode_reward:0.155277818441391, mean_queue:10.94444465637207
intersection:6, mean_episode_reward:0.47694429755210876, mean_queue:11.936111450195312
intersection:7, mean_episode_reward:-1.3333333730697632, mean_queue:12.552778244018555
intersection:8, mean_episode_reward:-0.33222219347953796, mean_queue:12.26111125946045
intersection:9, mean_episode_reward:-0.26083335280418396, mean_queue:11.588889122009277
intersection:10, mean_episode_reward:-0.16611115634441376, mean_queue:12.038888931274414
intersection:11, mean_episode_reward:-1.2741663455963135, mean_queue:12.63611125946045
intersection:12, mean_episode_reward:-1.4819444417953491, mean_queue:12.352777481079102
intersection:13, mean_episode_reward:-0.4747219979763031, mean_queue:11.872221946716309
intersection:14, mean_episode_reward:-1.6483335494995117, mean_queue:12.438888549804688
intersection:15, mean_episode_reward:-1.0977777242660522, mean_queue:11.941666603088379
intersection:16, mean_episode_reward:0.021666666492819786, mean_queue:0.7749999761581421
intersection:17, mean_episode_reward:0.08000001311302185, mean_queue:0.7777777910232544
intersection:18, mean_episode_reward:0.052777789533138275, mean_queue:0.7888888716697693
intersection:19, mean_episode_reward:0.1394444704055786, mean_queue:0.8166666626930237
intersection:20, mean_episode_reward:0.28999999165534973, mean_queue:0.7527777552604675
intersection:21, mean_episode_reward:0.23472213745117188, mean_queue:0.8138889074325562
intersection:22, mean_episode_reward:0.0947221890091896, mean_queue:0.7888888716697693
intersection:23, mean_episode_reward:-0.0011111075291410089, mean_queue:0.7805555462837219
intersection:24, mean_episode_reward:0.16166670620441437, mean_queue:0.7749999761581421
intersection:25, mean_episode_reward:0.13888885080814362, mean_queue:0.7749999761581421
intersection:26, mean_episode_reward:0.13833338022232056, mean_queue:0.75
intersection:27, mean_episode_reward:0.1916666477918625, mean_queue:0.769444465637207
intersection:28, mean_episode_reward:0.18083328008651733, mean_queue:0.7833333611488342
intersection:29, mean_episode_reward:0.14777782559394836, mean_queue:0.8333333134651184
intersection:30, mean_episode_reward:0.15444444119930267, mean_queue:0.8722222447395325
intersection:31, mean_episode_reward:0.07472222298383713, mean_queue:0.8083333373069763
Test step:2/200, travel time :669.5583941605839, rewards:-110.40974392361112, queue:13.574305555555556, delay:0.1390128665500217, throughput:548
[CrossingProxy] total ped calls this episode: 99
step:3600/3600, q_loss:1.7272857427597046, rewards:-33.57027452256944, queue:10.040364583333334, delay:0.12285931905110677, throughput:1079
episode:3/200, real avg travel time:569.2196478220575
intersection:0, mean_episode_reward:-1.7497221231460571, mean_queue:15.875
intersection:1, mean_episode_reward:-2.2861106395721436, mean_queue:20.78611183166504
intersection:2, mean_episode_reward:-4.996387958526611, mean_queue:26.969444274902344
intersection:3, mean_episode_reward:-7.386389255523682, mean_queue:20.39444351196289
intersection:4, mean_episode_reward:-3.7452783584594727, mean_queue:21.90277862548828
intersection:5, mean_episode_reward:-2.1230547428131104, mean_queue:24.005556106567383
intersection:6, mean_episode_reward:-2.1194448471069336, mean_queue:24.447221755981445
intersection:7, mean_episode_reward:-2.7463884353637695, mean_queue:19.075000762939453
intersection:8, mean_episode_reward:-1.306944727897644, mean_queue:14.958333015441895
intersection:9, mean_episode_reward:0.9136107563972473, mean_queue:14.502778053283691
intersection:10, mean_episode_reward:0.09500008821487427, mean_queue:16.880556106567383
intersection:11, mean_episode_reward:-1.2505552768707275, mean_queue:17.850000381469727
intersection:12, mean_episode_reward:-5.0272216796875, mean_queue:19.136110305786133
intersection:13, mean_episode_reward:-5.680000305175781, mean_queue:19.633333206176758
intersection:14, mean_episode_reward:1.5830559730529785, mean_queue:14.422222137451172
intersection:15, mean_episode_reward:-2.227222442626953, mean_queue:17.79166603088379
intersection:16, mean_episode_reward:0.22111119329929352, mean_queue:0.7749999761581421
intersection:17, mean_episode_reward:0.23444446921348572, mean_queue:0.7777777910232544
intersection:18, mean_episode_reward:0.1988888680934906, mean_queue:0.7888888716697693
intersection:19, mean_episode_reward:1.1944444179534912, mean_queue:0.8166666626930237
intersection:20, mean_episode_reward:0.6358332633972168, mean_queue:0.7527777552604675
intersection:21, mean_episode_reward:0.4008333086967468, mean_queue:0.8138889074325562
intersection:22, mean_episode_reward:0.18194444477558136, mean_queue:0.7888888716697693
intersection:23, mean_episode_reward:0.0980556383728981, mean_queue:0.7805555462837219
intersection:24, mean_episode_reward:0.41722217202186584, mean_queue:0.7749999761581421
intersection:25, mean_episode_reward:0.21944451332092285, mean_queue:0.7749999761581421
intersection:26, mean_episode_reward:0.525833249092102, mean_queue:0.75
intersection:27, mean_episode_reward:0.9272222518920898, mean_queue:0.769444465637207
intersection:28, mean_episode_reward:0.291111022233963, mean_queue:0.7833333611488342
intersection:29, mean_episode_reward:0.2494446039199829, mean_queue:0.8333333134651184
intersection:30, mean_episode_reward:0.4211113452911377, mean_queue:0.8722222447395325
intersection:31, mean_episode_reward:0.26583337783813477, mean_queue:0.8083333373069763
Test step:3/200, travel time :568.6236391912909, rewards:-64.47804904513889, queue:13.063541666666667, delay:0.13171946207682292, throughput:643
[CrossingProxy] total ped calls this episode: 87
step:3600/3600, q_loss:4.308223247528076, rewards:-33.32500542534722, queue:9.983854166666667, delay:0.1259698020087348, throughput:1205
episode:4/200, real avg travel time:678.708713692946
intersection:0, mean_episode_reward:-2.297222375869751, mean_queue:14.850000381469727
intersection:1, mean_episode_reward:-2.727498769760132, mean_queue:23.83888816833496
intersection:2, mean_episode_reward:-2.9408345222473145, mean_queue:25.961111068725586
intersection:3, mean_episode_reward:-5.696944713592529, mean_queue:20.98055648803711
intersection:4, mean_episode_reward:-7.399446487426758, mean_queue:22.03611183166504
intersection:5, mean_episode_reward:-0.0672224685549736, mean_queue:15.441666603088379
intersection:6, mean_episode_reward:0.11527757346630096, mean_queue:17.580554962158203
intersection:7, mean_episode_reward:-0.8366665244102478, mean_queue:16.924999237060547
intersection:8, mean_episode_reward:-0.9263894557952881, mean_queue:16.03611183166504
intersection:9, mean_episode_reward:0.33833348751068115, mean_queue:15.61388874053955
intersection:10, mean_episode_reward:-1.9691659212112427, mean_queue:18.68055534362793
intersection:11, mean_episode_reward:-6.443056106567383, mean_queue:21.26944351196289
intersection:12, mean_episode_reward:-6.257224082946777, mean_queue:19.816667556762695
intersection:13, mean_episode_reward:-5.613056659698486, mean_queue:18.744443893432617
intersection:14, mean_episode_reward:-5.102498531341553, mean_queue:21.16666603088379
intersection:15, mean_episode_reward:3.8336117267608643, mean_queue:17.880556106567383
intersection:16, mean_episode_reward:0.06361109018325806, mean_queue:0.7749999761581421
intersection:17, mean_episode_reward:0.12916666269302368, mean_queue:0.7777777910232544
intersection:18, mean_episode_reward:0.4744444489479065, mean_queue:0.7888888716697693
intersection:19, mean_episode_reward:0.9555557370185852, mean_queue:0.8166666626930237
intersection:20, mean_episode_reward:1.9822216033935547, mean_queue:0.7527777552604675
intersection:21, mean_episode_reward:3.1583340167999268, mean_queue:0.8138889074325562
intersection:22, mean_episode_reward:0.2761112153530121, mean_queue:0.7888888716697693
intersection:23, mean_episode_reward:0.19027771055698395, mean_queue:0.7805555462837219
intersection:24, mean_episode_reward:0.17194445431232452, mean_queue:0.7749999761581421
intersection:25, mean_episode_reward:0.23555555939674377, mean_queue:0.7749999761581421
intersection:26, mean_episode_reward:0.7002776861190796, mean_queue:0.75
intersection:27, mean_episode_reward:0.2658333480358124, mean_queue:0.769444465637207
intersection:28, mean_episode_reward:0.9894446730613708, mean_queue:0.7833333611488342
intersection:29, mean_episode_reward:0.2449999749660492, mean_queue:0.8333333134651184
intersection:30, mean_episode_reward:0.23027785122394562, mean_queue:0.8722222447395325
intersection:31, mean_episode_reward:0.5969445109367371, mean_queue:0.8083333373069763
Test step:4/200, travel time :553.3271832718327, rewards:-51.39832899305556, queue:11.558246527777778, delay:0.13116058773464626, throughput:813
[CrossingProxy] total ped calls this episode: 115
step:3600/3600, q_loss:6.859124183654785, rewards:-22.2, queue:9.28984375, delay:0.11979574627346462, throughput:1195
episode:5/200, real avg travel time:574.9774058577406
intersection:0, mean_episode_reward:0.4433334469795227, mean_queue:12.372221946716309
intersection:1, mean_episode_reward:1.6500003337860107, mean_queue:20.505556106567383
intersection:2, mean_episode_reward:-1.5352790355682373, mean_queue:23.608333587646484
intersection:3, mean_episode_reward:-6.129444122314453, mean_queue:20.483333587646484
intersection:4, mean_episode_reward:-5.250555038452148, mean_queue:16.850000381469727
intersection:5, mean_episode_reward:1.8194447755813599, mean_queue:12.655555725097656
intersection:6, mean_episode_reward:-2.5522220134735107, mean_queue:17.961111068725586
intersection:7, mean_episode_reward:-0.2705559730529785, mean_queue:20.047222137451172
intersection:8, mean_episode_reward:1.999443769454956, mean_queue:11.947221755981445
intersection:9, mean_episode_reward:0.6158338189125061, mean_queue:14.233333587646484
intersection:10, mean_episode_reward:-2.7186105251312256, mean_queue:18.336111068725586
intersection:11, mean_episode_reward:-2.074443817138672, mean_queue:21.369443893432617
intersection:12, mean_episode_reward:-6.064999580383301, mean_queue:17.405555725097656
intersection:13, mean_episode_reward:-4.52277946472168, mean_queue:17.005556106567383
intersection:14, mean_episode_reward:-4.217499732971191, mean_queue:19.280555725097656
intersection:15, mean_episode_reward:-4.297500133514404, mean_queue:20.552778244018555
intersection:16, mean_episode_reward:0.1777777373790741, mean_queue:0.7749999761581421
intersection:17, mean_episode_reward:0.5649998188018799, mean_queue:0.7777777910232544
intersection:18, mean_episode_reward:0.1158333346247673, mean_queue:0.7888888716697693
intersection:19, mean_episode_reward:4.337501049041748, mean_queue:0.8166666626930237
intersection:20, mean_episode_reward:1.0461113452911377, mean_queue:0.7527777552604675
intersection:21, mean_episode_reward:0.7402773499488831, mean_queue:0.8138889074325562
intersection:22, mean_episode_reward:0.3447222411632538, mean_queue:0.7888888716697693
intersection:23, mean_episode_reward:0.17611105740070343, mean_queue:0.7805555462837219
intersection:24, mean_episode_reward:0.1711111217737198, mean_queue:0.7749999761581421
intersection:25, mean_episode_reward:0.5536108613014221, mean_queue:0.7749999761581421
intersection:26, mean_episode_reward:0.4961109161376953, mean_queue:0.75
intersection:27, mean_episode_reward:1.0916664600372314, mean_queue:0.769444465637207
intersection:28, mean_episode_reward:0.552777886390686, mean_queue:0.7833333611488342
intersection:29, mean_episode_reward:0.13583336770534515, mean_queue:0.8333333134651184
intersection:30, mean_episode_reward:0.1758332997560501, mean_queue:0.8722222447395325
intersection:31, mean_episode_reward:0.22555561363697052, mean_queue:0.8083333373069763
Test step:5/200, travel time :530.5397448478901, rewards:-23.402495659722224, queue:10.250520833333333, delay:0.1216565450032552, throughput:1019
[CrossingProxy] total ped calls this episode: 185
step:3600/3600, q_loss:8.614472389221191, rewards:-20.4836181640625, queue:9.300260416666667, delay:0.11772547827826606, throughput:1210
episode:6/200, real avg travel time:562.1710743801652
intersection:0, mean_episode_reward:0.3066667318344116, mean_queue:11.18055534362793
intersection:1, mean_episode_reward:-0.3963888883590698, mean_queue:18.68055534362793
intersection:2, mean_episode_reward:-0.8441664576530457, mean_queue:22.336111068725586
intersection:3, mean_episode_reward:-0.9561116695404053, mean_queue:15.616666793823242
intersection:4, mean_episode_reward:-0.0699997991323471, mean_queue:13.586111068725586
intersection:5, mean_episode_reward:0.010277822613716125, mean_queue:11.324999809265137
intersection:6, mean_episode_reward:-11.07750129699707, mean_queue:27.883333206176758
intersection:7, mean_episode_reward:-0.6111109852790833, mean_queue:16.26944351196289
intersection:8, mean_episode_reward:-8.045001983642578, mean_queue:20.005556106567383
intersection:9, mean_episode_reward:1.4152774810791016, mean_queue:12.463889122009277
intersection:10, mean_episode_reward:-11.186667442321777, mean_queue:31.705554962158203
intersection:11, mean_episode_reward:-1.9355558156967163, mean_queue:18.0
intersection:12, mean_episode_reward:1.081666350364685, mean_queue:15.005555152893066
intersection:13, mean_episode_reward:-1.8222222328186035, mean_queue:14.102777481079102
intersection:14, mean_episode_reward:3.8966658115386963, mean_queue:19.544445037841797
intersection:15, mean_episode_reward:-0.630000114440918, mean_queue:17.241666793823242
intersection:16, mean_episode_reward:0.22111119329929352, mean_queue:0.7749999761581421
intersection:17, mean_episode_reward:0.6213887333869934, mean_queue:0.7777777910232544
intersection:18, mean_episode_reward:0.09138885885477066, mean_queue:0.7888888716697693
intersection:19, mean_episode_reward:1.0113890171051025, mean_queue:0.8166666626930237
intersection:20, mean_episode_reward:0.2533334195613861, mean_queue:0.7527777552604675
intersection:21, mean_episode_reward:0.6750000715255737, mean_queue:0.8138889074325562
intersection:22, mean_episode_reward:0.3455555737018585, mean_queue:0.7888888716697693
intersection:23, mean_episode_reward:0.17499995231628418, mean_queue:0.7805555462837219
intersection:24, mean_episode_reward:0.668055534362793, mean_queue:0.7749999761581421
intersection:25, mean_episode_reward:0.8744444251060486, mean_queue:0.7749999761581421
intersection:26, mean_episode_reward:2.8477776050567627, mean_queue:0.75
intersection:27, mean_episode_reward:0.26944446563720703, mean_queue:0.769444465637207
intersection:28, mean_episode_reward:1.3183337450027466, mean_queue:0.7833333611488342
intersection:29, mean_episode_reward:0.10138886421918869, mean_queue:0.8333333134651184
intersection:30, mean_episode_reward:0.2636111080646515, mean_queue:0.8722222447395325
intersection:31, mean_episode_reward:0.6433334946632385, mean_queue:0.8083333373069763
Test step:6/200, travel time :404.4944707740916, rewards:-13.111663140190972, queue:7.7546875, delay:0.10271095699734158, throughput:1266
[CrossingProxy] total ped calls this episode: 209
step:3600/3600, q_loss:8.348745346069336, rewards:-16.19138454861111, queue:7.86328125, delay:0.10169054667154948, throughput:1285
episode:7/200, real avg travel time:428.788326848249
intersection:0, mean_episode_reward:-0.1708335131406784, mean_queue:11.202777862548828
intersection:1, mean_episode_reward:0.33722254633903503, mean_queue:15.300000190734863
intersection:2, mean_episode_reward:1.3222229480743408, mean_queue:18.544445037841797
intersection:3, mean_episode_reward:0.7247222661972046, mean_queue:12.63888931274414
intersection:4, mean_episode_reward:-0.8302778601646423, mean_queue:13.713889122009277
intersection:5, mean_episode_reward:2.376666307449341, mean_queue:13.23888874053955
intersection:6, mean_episode_reward:-11.491384506225586, mean_queue:24.322221755981445
intersection:7, mean_episode_reward:0.0672222226858139, mean_queue:14.427778244018555
intersection:8, mean_episode_reward:-0.6177781820297241, mean_queue:13.91944408416748
intersection:9, mean_episode_reward:1.8575012683868408, mean_queue:14.20555591583252
intersection:10, mean_episode_reward:-8.366944313049316, mean_queue:21.358333587646484
intersection:11, mean_episode_reward:-3.765000820159912, mean_queue:19.155555725097656
intersection:12, mean_episode_reward:-1.0280557870864868, mean_queue:11.88611125946045
intersection:13, mean_episode_reward:-0.21388867497444153, mean_queue:11.211111068725586
intersection:14, mean_episode_reward:-2.1852779388427734, mean_queue:12.677778244018555
intersection:15, mean_episode_reward:-1.543333888053894, mean_queue:11.161110877990723
intersection:16, mean_episode_reward:0.21222233772277832, mean_queue:0.7749999761581421
intersection:17, mean_episode_reward:0.5402777194976807, mean_queue:0.7777777910232544
intersection:18, mean_episode_reward:0.083333320915699, mean_queue:0.7888888716697693
intersection:19, mean_episode_reward:0.29833337664604187, mean_queue:0.8166666626930237
intersection:20, mean_episode_reward:0.3077777326107025, mean_queue:0.7527777552604675
intersection:21, mean_episode_reward:0.47694435715675354, mean_queue:0.8138889074325562
intersection:22, mean_episode_reward:0.3447222411632538, mean_queue:0.7888888716697693
intersection:23, mean_episode_reward:0.04999999329447746, mean_queue:0.7805555462837219
intersection:24, mean_episode_reward:0.6644444465637207, mean_queue:0.7749999761581421
intersection:25, mean_episode_reward:0.20388884842395782, mean_queue:0.7749999761581421
intersection:26, mean_episode_reward:1.5952775478363037, mean_queue:0.75
intersection:27, mean_episode_reward:0.25555551052093506, mean_queue:0.769444465637207
intersection:28, mean_episode_reward:0.9966665506362915, mean_queue:0.7833333611488342
intersection:29, mean_episode_reward:0.09333332628011703, mean_queue:0.8333333134651184
intersection:30, mean_episode_reward:1.059999704360962, mean_queue:0.8722222447395325
intersection:31, mean_episode_reward:0.15305553376674652, mean_queue:0.8083333373069763
Test step:7/200, travel time :373.4597602739726, rewards:-16.849446614583332, queue:8.345225694444444, delay:0.09672055774264865, throughput:1168
[CrossingProxy] total ped calls this episode: 237
step:3600/3600, q_loss:7.888464450836182, rewards:-10.685833062065972, queue:7.6722222222222225, delay:0.09917632208930122, throughput:1268
episode:8/200, real avg travel time:380.5481072555205
intersection:0, mean_episode_reward:-0.6650002002716064, mean_queue:10.902777671813965
intersection:1, mean_episode_reward:0.8186115026473999, mean_queue:13.375
intersection:2, mean_episode_reward:1.3766672611236572, mean_queue:17.21666717529297
intersection:3, mean_episode_reward:0.07361101359128952, mean_queue:11.577777862548828
intersection:4, mean_episode_reward:-1.3147226572036743, mean_queue:13.5
intersection:5, mean_episode_reward:4.263889789581299, mean_queue:11.730555534362793
intersection:6, mean_episode_reward:-16.95166778564453, mean_queue:28.225000381469727
intersection:7, mean_episode_reward:0.2305556982755661, mean_queue:11.191666603088379
intersection:8, mean_episode_reward:0.21416674554347992, mean_queue:12.291666984558105
intersection:9, mean_episode_reward:-1.0491665601730347, mean_queue:13.227777481079102
intersection:10, mean_episode_reward:1.3452786207199097, mean_queue:18.06944465637207
intersection:11, mean_episode_reward:-0.810278058052063, mean_queue:13.744444847106934
intersection:12, mean_episode_reward:-1.878333330154419, mean_queue:11.81944465637207
intersection:13, mean_episode_reward:-0.09222213178873062, mean_queue:11.397222518920898
intersection:14, mean_episode_reward:-0.6233338117599487, mean_queue:17.38888931274414
intersection:15, mean_episode_reward:-1.232222080230713, mean_queue:17.191667556762695
intersection:16, mean_episode_reward:0.2205556482076645, mean_queue:0.7749999761581421
intersection:17, mean_episode_reward:0.7477778196334839, mean_queue:0.7777777910232544
intersection:18, mean_episode_reward:0.0533333420753479, mean_queue:0.7888888716697693
intersection:19, mean_episode_reward:0.17888891696929932, mean_queue:0.8166666626930237
intersection:20, mean_episode_reward:0.21805566549301147, mean_queue:0.7527777552604675
intersection:21, mean_episode_reward:0.35749998688697815, mean_queue:0.8138889074325562
intersection:22, mean_episode_reward:0.23944447934627533, mean_queue:0.7888888716697693
intersection:23, mean_episode_reward:0.09250008314847946, mean_queue:0.7805555462837219
intersection:24, mean_episode_reward:0.6588888168334961, mean_queue:0.7749999761581421
intersection:25, mean_episode_reward:0.12638887763023376, mean_queue:0.7749999761581421
intersection:26, mean_episode_reward:1.3705554008483887, mean_queue:0.75
intersection:27, mean_episode_reward:0.701388955116272, mean_queue:0.769444465637207
intersection:28, mean_episode_reward:0.19555549323558807, mean_queue:0.7833333611488342
intersection:29, mean_episode_reward:0.1138889342546463, mean_queue:0.8333333134651184
intersection:30, mean_episode_reward:0.11472222954034805, mean_queue:0.8722222447395325
intersection:31, mean_episode_reward:0.21888896822929382, mean_queue:0.8083333373069763
Test step:8/200, travel time :394.3919259882254, rewards:-26.22917209201389, queue:8.02265625, delay:0.10289855533175998, throughput:1189
[CrossingProxy] total ped calls this episode: 192
step:3600/3600, q_loss:8.319778442382812, rewards:-8.8191650390625, queue:7.21484375, delay:0.09093384212917752, throughput:1354
episode:9/200, real avg travel time:384.7577548005908
intersection:0, mean_episode_reward:-0.6138888597488403, mean_queue:10.797222137451172
intersection:1, mean_episode_reward:-10.639723777770996, mean_queue:22.350000381469727
intersection:2, mean_episode_reward:0.6013888716697693, mean_queue:12.836111068725586
intersection:3, mean_episode_reward:-1.431111454963684, mean_queue:11.519444465637207
intersection:4, mean_episode_reward:-2.782778024673462, mean_queue:13.30555534362793
intersection:5, mean_episode_reward:5.624444484710693, mean_queue:15.336111068725586
intersection:6, mean_episode_reward:-1.7658337354660034, mean_queue:13.008333206176758
intersection:7, mean_episode_reward:0.14472222328186035, mean_queue:10.744444847106934
intersection:8, mean_episode_reward:1.7327783107757568, mean_queue:11.269444465637207
intersection:9, mean_episode_reward:3.059166431427002, mean_queue:13.191666603088379
intersection:10, mean_episode_reward:-6.137774467468262, mean_queue:18.438888549804688
intersection:11, mean_episode_reward:-0.8938887715339661, mean_queue:11.119444847106934
intersection:12, mean_episode_reward:-2.3383331298828125, mean_queue:12.05555534362793
intersection:13, mean_episode_reward:-0.3100000321865082, mean_queue:10.83055591583252
intersection:14, mean_episode_reward:0.8888887763023376, mean_queue:16.3972225189209
intersection:15, mean_episode_reward:-1.6599993705749512, mean_queue:15.01388931274414
intersection:16, mean_episode_reward:0.12305555492639542, mean_queue:0.7749999761581421
intersection:17, mean_episode_reward:0.74916672706604, mean_queue:0.7777777910232544
intersection:18, mean_episode_reward:0.07916668057441711, mean_queue:0.7888888716697693
intersection:19, mean_episode_reward:0.16805560886859894, mean_queue:0.8166666626930237
intersection:20, mean_episode_reward:0.16249990463256836, mean_queue:0.7527777552604675
intersection:21, mean_episode_reward:0.1991667002439499, mean_queue:0.8138889074325562
intersection:22, mean_episode_reward:0.3447222411632538, mean_queue:0.7888888716697693
intersection:23, mean_episode_reward:0.018055537715554237, mean_queue:0.7805555462837219
intersection:24, mean_episode_reward:0.6641666889190674, mean_queue:0.7749999761581421
intersection:25, mean_episode_reward:0.06416666507720947, mean_queue:0.7749999761581421
intersection:26, mean_episode_reward:1.5838887691497803, mean_queue:0.75
intersection:27, mean_episode_reward:2.9758331775665283, mean_queue:0.769444465637207
intersection:28, mean_episode_reward:0.1316666603088379, mean_queue:0.7833333611488342
intersection:29, mean_episode_reward:0.1275000125169754, mean_queue:0.8333333134651184
intersection:30, mean_episode_reward:0.14972220361232758, mean_queue:0.8722222447395325
intersection:31, mean_episode_reward:0.1619444340467453, mean_queue:0.8083333373069763
Test step:9/200, travel time :346.8018154311649, rewards:-18.518613009982637, queue:7.03984375, delay:0.0892777231004503, throughput:1322
[CrossingProxy] total ped calls this episode: 218
step:3600/3600, q_loss:8.50969409942627, rewards:-8.135556369357639, queue:6.1988715277777775, delay:0.080727661980523, throughput:1413
episode:10/200, real avg travel time:308.758669497523
intersection:0, mean_episode_reward:-1.0758330821990967, mean_queue:11.04444408416748
intersection:1, mean_episode_reward:-1.664999008178711, mean_queue:12.197221755981445
intersection:2, mean_episode_reward:-1.2033334970474243, mean_queue:12.086111068725586
intersection:3, mean_episode_reward:-1.8577783107757568, mean_queue:11.816666603088379
intersection:4, mean_episode_reward:-0.21750007569789886, mean_queue:11.574999809265137
intersection:5, mean_episode_reward:-0.45527777075767517, mean_queue:11.841666221618652
intersection:6, mean_episode_reward:-0.34472233057022095, mean_queue:11.538888931274414
intersection:7, mean_episode_reward:0.8202775120735168, mean_queue:10.602777481079102
intersection:8, mean_episode_reward:-0.36388906836509705, mean_queue:11.58055591583252
intersection:9, mean_episode_reward:0.23916664719581604, mean_queue:11.722222328186035
intersection:10, mean_episode_reward:-0.16416659951210022, mean_queue:11.913888931274414
intersection:11, mean_episode_reward:-0.5486109256744385, mean_queue:10.797222137451172
intersection:12, mean_episode_reward:-1.698889136314392, mean_queue:11.538888931274414
intersection:13, mean_episode_reward:-0.1608334183692932, mean_queue:10.949999809265137
intersection:14, mean_episode_reward:-1.1222221851348877, mean_queue:12.438888549804688
intersection:15, mean_episode_reward:-1.8438893556594849, mean_queue:12.058333396911621
intersection:16, mean_episode_reward:0.09861107170581818, mean_queue:0.7749999761581421
intersection:17, mean_episode_reward:0.2730555236339569, mean_queue:0.7777777910232544
intersection:18, mean_episode_reward:0.06499999016523361, mean_queue:0.7888888716697693
intersection:19, mean_episode_reward:0.11472225934267044, mean_queue:0.8166666626930237
intersection:20, mean_episode_reward:0.18638883531093597, mean_queue:0.7527777552604675
intersection:21, mean_episode_reward:0.5533332824707031, mean_queue:0.8138889074325562
intersection:22, mean_episode_reward:0.30722224712371826, mean_queue:0.7888888716697693
intersection:23, mean_episode_reward:0.024444427341222763, mean_queue:0.7805555462837219
intersection:24, mean_episode_reward:0.6588888764381409, mean_queue:0.7749999761581421
intersection:25, mean_episode_reward:0.09916669130325317, mean_queue:0.7749999761581421
intersection:26, mean_episode_reward:0.22611111402511597, mean_queue:0.75
intersection:27, mean_episode_reward:0.20749996602535248, mean_queue:0.769444465637207
intersection:28, mean_episode_reward:0.24249988794326782, mean_queue:0.7833333611488342
intersection:29, mean_episode_reward:0.1761111319065094, mean_queue:0.8333333134651184
intersection:30, mean_episode_reward:0.10555555671453476, mean_queue:0.8722222447395325
intersection:31, mean_episode_reward:0.1883334219455719, mean_queue:0.8083333373069763
Test step:10/200, travel time :332.10530085959886, rewards:-11.93471950954861, queue:6.480555555555555, delay:0.08293172518412271, throughput:1396
[CrossingProxy] total ped calls this episode: 218
step:3600/3600, q_loss:7.778609752655029, rewards:-7.944166395399305, queue:6.2171875, delay:0.07737149662441678, throughput:1417
episode:11/200, real avg travel time:311.5194071983063
intersection:0, mean_episode_reward:-1.070277452468872, mean_queue:10.755555152893066
intersection:1, mean_episode_reward:-3.1475002765655518, mean_queue:13.616666793823242
intersection:2, mean_episode_reward:-1.4533331394195557, mean_queue:11.79444408416748
intersection:3, mean_episode_reward:-2.289999485015869, mean_queue:11.425000190734863
intersection:4, mean_episode_reward:-0.6772221326828003, mean_queue:11.16944408416748
intersection:5, mean_episode_reward:1.089721918106079, mean_queue:10.905555725097656
intersection:6, mean_episode_reward:0.13361117243766785, mean_queue:11.436111450195312
intersection:7, mean_episode_reward:0.6472223997116089, mean_queue:11.008333206176758
intersection:8, mean_episode_reward:0.47472211718559265, mean_queue:11.466666221618652
intersection:9, mean_episode_reward:0.4058332145214081, mean_queue:11.91944408416748
intersection:10, mean_episode_reward:0.11888888478279114, mean_queue:11.483333587646484
intersection:11, mean_episode_reward:-0.36305558681488037, mean_queue:11.405555725097656
intersection:12, mean_episode_reward:-2.005000591278076, mean_queue:11.73888874053955
intersection:13, mean_episode_reward:0.2897222638130188, mean_queue:11.36111068725586
intersection:14, mean_episode_reward:-1.9824998378753662, mean_queue:12.941666603088379
intersection:15, mean_episode_reward:-2.416388750076294, mean_queue:11.86111068725586
intersection:16, mean_episode_reward:0.1366667002439499, mean_queue:0.7749999761581421
intersection:17, mean_episode_reward:0.17222222685813904, mean_queue:0.7777777910232544
intersection:18, mean_episode_reward:0.04111110419034958, mean_queue:0.7888888716697693
intersection:19, mean_episode_reward:0.12611114978790283, mean_queue:0.8166666626930237
intersection:20, mean_episode_reward:0.1480555236339569, mean_queue:0.7527777552604675
intersection:21, mean_episode_reward:0.7013888955116272, mean_queue:0.8138889074325562
intersection:22, mean_episode_reward:0.28027787804603577, mean_queue:0.7888888716697693
intersection:23, mean_episode_reward:0.0369444414973259, mean_queue:0.7805555462837219
intersection:24, mean_episode_reward:0.6583333611488342, mean_queue:0.7749999761581421
intersection:25, mean_episode_reward:0.09111113846302032, mean_queue:0.7749999761581421
intersection:26, mean_episode_reward:1.0655555725097656, mean_queue:0.75
intersection:27, mean_episode_reward:0.2358333021402359, mean_queue:0.769444465637207
intersection:28, mean_episode_reward:0.1680554896593094, mean_queue:0.7833333611488342
intersection:29, mean_episode_reward:0.252500057220459, mean_queue:0.8333333134651184
intersection:30, mean_episode_reward:0.11055554449558258, mean_queue:0.8722222447395325
intersection:31, mean_episode_reward:0.07666666805744171, mean_queue:0.8083333373069763
Test step:11/200, travel time :333.0971563981043, rewards:-22.095003255208333, queue:7.338628472222222, delay:0.08843782212999132, throughput:1266
[CrossingProxy] total ped calls this episode: 237
step:3600/3600, q_loss:6.934779644012451, rewards:-11.079726833767362, queue:6.282465277777778, delay:0.07388342751397027, throughput:1421
episode:12/200, real avg travel time:314.8142153413089
intersection:0, mean_episode_reward:-0.7555555701255798, mean_queue:10.800000190734863
intersection:1, mean_episode_reward:-0.5319444537162781, mean_queue:11.191666603088379
intersection:2, mean_episode_reward:-0.6888888478279114, mean_queue:11.391666412353516
intersection:3, mean_episode_reward:-1.2791669368743896, mean_queue:10.791666984558105
intersection:4, mean_episode_reward:-0.9911115169525146, mean_queue:11.51388931274414
intersection:5, mean_episode_reward:-0.7208334803581238, mean_queue:11.241666793823242
intersection:6, mean_episode_reward:0.2919444143772125, mean_queue:11.144444465637207
intersection:7, mean_episode_reward:0.0205555222928524, mean_queue:11.077777862548828
intersection:8, mean_episode_reward:0.03222225606441498, mean_queue:11.619444847106934
intersection:9, mean_episode_reward:0.01916678249835968, mean_queue:11.697221755981445
intersection:10, mean_episode_reward:-0.09916666150093079, mean_queue:11.247221946716309
intersection:11, mean_episode_reward:-0.6402778029441833, mean_queue:11.472222328186035
intersection:12, mean_episode_reward:-1.7258325815200806, mean_queue:11.563888549804688
intersection:13, mean_episode_reward:-0.8083329200744629, mean_queue:11.047222137451172
intersection:14, mean_episode_reward:2.2599997520446777, mean_queue:11.541666984558105
intersection:15, mean_episode_reward:-8.584171295166016, mean_queue:19.03611183166504
intersection:16, mean_episode_reward:0.1244444027543068, mean_queue:0.7749999761581421
intersection:17, mean_episode_reward:0.1322222501039505, mean_queue:0.7777777910232544
intersection:18, mean_episode_reward:0.06277778744697571, mean_queue:0.7888888716697693
intersection:19, mean_episode_reward:0.13277782499790192, mean_queue:0.8166666626930237
intersection:20, mean_episode_reward:0.17027762532234192, mean_queue:0.7527777552604675
intersection:21, mean_episode_reward:0.3619444966316223, mean_queue:0.8138889074325562
intersection:22, mean_episode_reward:0.31638896465301514, mean_queue:0.7888888716697693
intersection:23, mean_episode_reward:0.046111129224300385, mean_queue:0.7805555462837219
intersection:24, mean_episode_reward:0.6563888788223267, mean_queue:0.7749999761581421
intersection:25, mean_episode_reward:0.0855555459856987, mean_queue:0.7749999761581421
intersection:26, mean_episode_reward:0.10750000923871994, mean_queue:0.75
intersection:27, mean_episode_reward:0.14027774333953857, mean_queue:0.769444465637207
intersection:28, mean_episode_reward:0.13972216844558716, mean_queue:0.7833333611488342
intersection:29, mean_episode_reward:0.16083335876464844, mean_queue:0.8333333134651184
intersection:30, mean_episode_reward:0.10527778416872025, mean_queue:0.8722222447395325
intersection:31, mean_episode_reward:0.37916675209999084, mean_queue:0.8083333373069763
Test step:12/200, travel time :320.847049689441, rewards:-24.513058810763887, queue:7.175520833333334, delay:0.08004322052001953, throughput:1288
[CrossingProxy] total ped calls this episode: 227
step:3600/3600, q_loss:6.2728495597839355, rewards:-7.204446072048611, queue:6.034635416666666, delay:0.07198314136928982, throughput:1429
episode:13/200, real avg travel time:293.4401679496151
intersection:0, mean_episode_reward:-0.5997224450111389, mean_queue:10.844444274902344
intersection:1, mean_episode_reward:-1.0763887166976929, mean_queue:11.79444408416748
intersection:2, mean_episode_reward:-1.1986111402511597, mean_queue:11.69444465637207
intersection:3, mean_episode_reward:-0.9936109781265259, mean_queue:10.508333206176758
intersection:4, mean_episode_reward:-1.0588884353637695, mean_queue:11.641666412353516
intersection:5, mean_episode_reward:-0.34166663885116577, mean_queue:11.125
intersection:6, mean_episode_reward:0.08999995142221451, mean_queue:11.16944408416748
intersection:7, mean_episode_reward:-0.47749999165534973, mean_queue:10.61111068725586
intersection:8, mean_episode_reward:0.15722213685512543, mean_queue:11.38611125946045
intersection:9, mean_episode_reward:-0.3725000023841858, mean_queue:12.066666603088379
intersection:10, mean_episode_reward:0.5902777910232544, mean_queue:11.350000381469727
intersection:11, mean_episode_reward:-0.5769445896148682, mean_queue:10.780555725097656
intersection:12, mean_episode_reward:-1.763334035873413, mean_queue:11.61111068725586
intersection:13, mean_episode_reward:-0.6175002455711365, mean_queue:10.991666793823242
intersection:14, mean_episode_reward:-0.6372225284576416, mean_queue:11.355555534362793
intersection:15, mean_episode_reward:-1.9513894319534302, mean_queue:11.516666412353516
intersection:16, mean_episode_reward:0.10305555164813995, mean_queue:0.7749999761581421
intersection:17, mean_episode_reward:0.14666666090488434, mean_queue:0.7777777910232544
intersection:18, mean_episode_reward:0.06055554747581482, mean_queue:0.7888888716697693
intersection:19, mean_episode_reward:0.13416670262813568, mean_queue:0.8166666626930237
intersection:20, mean_episode_reward:0.20416660606861115, mean_queue:0.7527777552604675
intersection:21, mean_episode_reward:0.8347218632698059, mean_queue:0.8138889074325562
intersection:22, mean_episode_reward:0.21305565536022186, mean_queue:0.7888888716697693
intersection:23, mean_episode_reward:0.0102777648717165, mean_queue:0.7805555462837219
intersection:24, mean_episode_reward:0.5619444251060486, mean_queue:0.7749999761581421
intersection:25, mean_episode_reward:0.1569444239139557, mean_queue:0.7749999761581421
intersection:26, mean_episode_reward:0.20916667580604553, mean_queue:0.75
intersection:27, mean_episode_reward:0.2616666257381439, mean_queue:0.769444465637207
intersection:28, mean_episode_reward:0.16083325445652008, mean_queue:0.7833333611488342
intersection:29, mean_episode_reward:0.2016666829586029, mean_queue:0.8333333134651184
intersection:30, mean_episode_reward:0.1458333283662796, mean_queue:0.8722222447395325
intersection:31, mean_episode_reward:0.21861112117767334, mean_queue:0.8083333373069763
Test step:13/200, travel time :279.7295597484277, rewards:-6.620276557074653, queue:5.940711805555556, delay:0.06743365393744574, throughput:1431
[CrossingProxy] total ped calls this episode: 232
step:3600/3600, q_loss:5.816454887390137, rewards:-8.564997694227431, queue:6.17734375, delay:0.07046253416273329, throughput:1417
episode:14/200, real avg travel time:303.3394495412844
intersection:0, mean_episode_reward:-0.2644442319869995, mean_queue:10.827777862548828
intersection:1, mean_episode_reward:-0.9158333539962769, mean_queue:11.394444465637207
intersection:2, mean_episode_reward:-0.3461111783981323, mean_queue:11.608333587646484
intersection:3, mean_episode_reward:-1.6519436836242676, mean_queue:10.86388874053955
intersection:4, mean_episode_reward:-1.0974997282028198, mean_queue:11.733333587646484
intersection:5, mean_episode_reward:-0.29055553674697876, mean_queue:10.855555534362793
intersection:6, mean_episode_reward:0.316944420337677, mean_queue:11.177778244018555
intersection:7, mean_episode_reward:-0.8663886189460754, mean_queue:11.041666984558105
intersection:8, mean_episode_reward:-0.6100001931190491, mean_queue:11.13611125946045
intersection:9, mean_episode_reward:-0.5075000524520874, mean_queue:11.313888549804688
intersection:10, mean_episode_reward:-0.03000005893409252, mean_queue:11.541666984558105
intersection:11, mean_episode_reward:0.49166688323020935, mean_queue:10.586111068725586
intersection:12, mean_episode_reward:-1.7091667652130127, mean_queue:11.625
intersection:13, mean_episode_reward:-0.368055522441864, mean_queue:10.86388874053955
intersection:14, mean_episode_reward:-1.553610920906067, mean_queue:13.43055534362793
intersection:15, mean_episode_reward:-3.043332815170288, mean_queue:15.01388931274414
intersection:16, mean_episode_reward:0.12166664004325867, mean_queue:0.7749999761581421
intersection:17, mean_episode_reward:0.11027778685092926, mean_queue:0.7777777910232544
intersection:18, mean_episode_reward:0.09555553644895554, mean_queue:0.7888888716697693
intersection:19, mean_episode_reward:0.15000006556510925, mean_queue:0.8166666626930237
intersection:20, mean_episode_reward:0.11111105978488922, mean_queue:0.7527777552604675
intersection:21, mean_episode_reward:0.20833341777324677, mean_queue:0.8138889074325562
intersection:22, mean_episode_reward:0.3391667306423187, mean_queue:0.7888888716697693
intersection:23, mean_episode_reward:0.04722222313284874, mean_queue:0.7805555462837219
intersection:24, mean_episode_reward:0.3197222054004669, mean_queue:0.7749999761581421
intersection:25, mean_episode_reward:0.11472224444150925, mean_queue:0.7749999761581421
intersection:26, mean_episode_reward:0.14444448053836823, mean_queue:0.75
intersection:27, mean_episode_reward:1.0394446849822998, mean_queue:0.769444465637207
intersection:28, mean_episode_reward:0.13916662335395813, mean_queue:0.7833333611488342
intersection:29, mean_episode_reward:0.14277778565883636, mean_queue:0.8333333134651184
intersection:30, mean_episode_reward:0.15444441139698029, mean_queue:0.8722222447395325
intersection:31, mean_episode_reward:0.6427779197692871, mean_queue:0.8083333373069763
Test step:14/200, travel time :305.8560830860534, rewards:-9.493893771701389, queue:6.6015625, delay:0.07435737715827094, throughput:1348
[CrossingProxy] total ped calls this episode: 240
step:3600/3600, q_loss:5.847382068634033, rewards:-9.095555284288194, queue:6.446875, delay:0.07452771928575304, throughput:1418
episode:15/200, real avg travel time:334.0345557122708
intersection:0, mean_episode_reward:-0.9205557107925415, mean_queue:10.894444465637207
intersection:1, mean_episode_reward:-0.2405555248260498, mean_queue:14.324999809265137
intersection:2, mean_episode_reward:-7.229167461395264, mean_queue:18.936111450195312
intersection:3, mean_episode_reward:0.004722199868410826, mean_queue:12.266666412353516
intersection:4, mean_episode_reward:-0.5941664576530457, mean_queue:11.266666412353516
intersection:5, mean_episode_reward:-1.0716664791107178, mean_queue:11.375
intersection:6, mean_episode_reward:2.2527785301208496, mean_queue:11.219444274902344
intersection:7, mean_episode_reward:-0.0675000324845314, mean_queue:10.980555534362793
intersection:8, mean_episode_reward:-0.27444449067115784, mean_queue:11.100000381469727
intersection:9, mean_episode_reward:0.4002778232097626, mean_queue:11.43055534362793
intersection:10, mean_episode_reward:-0.5063890814781189, mean_queue:12.116666793823242
intersection:11, mean_episode_reward:0.3236113488674164, mean_queue:10.533333778381348
intersection:12, mean_episode_reward:-1.2599999904632568, mean_queue:11.130555152893066
intersection:13, mean_episode_reward:-0.9455554485321045, mean_queue:11.211111068725586
intersection:14, mean_episode_reward:-1.2244443893432617, mean_queue:12.372221946716309
intersection:15, mean_episode_reward:-1.4972217082977295, mean_queue:12.480555534362793
intersection:16, mean_episode_reward:0.1208333671092987, mean_queue:0.7749999761581421
intersection:17, mean_episode_reward:0.11944447457790375, mean_queue:0.7777777910232544
intersection:18, mean_episode_reward:0.07916667312383652, mean_queue:0.7888888716697693
intersection:19, mean_episode_reward:0.13083337247371674, mean_queue:0.8166666626930237
intersection:20, mean_episode_reward:0.1608332246541977, mean_queue:0.7527777552604675
intersection:21, mean_episode_reward:1.5277773141860962, mean_queue:0.8138889074325562
intersection:22, mean_episode_reward:0.16555553674697876, mean_queue:0.7888888716697693
intersection:23, mean_episode_reward:0.0002777804620563984, mean_queue:0.7805555462837219
intersection:24, mean_episode_reward:0.3888889253139496, mean_queue:0.7749999761581421
intersection:25, mean_episode_reward:0.09777777642011642, mean_queue:0.7749999761581421
intersection:26, mean_episode_reward:0.2844444513320923, mean_queue:0.75
intersection:27, mean_episode_reward:0.14055554568767548, mean_queue:0.769444465637207
intersection:28, mean_episode_reward:0.2027777135372162, mean_queue:0.7833333611488342
intersection:29, mean_episode_reward:0.11944448947906494, mean_queue:0.8333333134651184
intersection:30, mean_episode_reward:0.10333333909511566, mean_queue:0.8722222447395325
intersection:31, mean_episode_reward:0.11277777701616287, mean_queue:0.8083333373069763
Test step:15/200, travel time :315.10896445131374, rewards:-8.966951497395833, queue:6.949392361111111, delay:0.07783055835300022, throughput:1294
[CrossingProxy] total ped calls this episode: 249
step:3600/3600, q_loss:5.866659164428711, rewards:-7.487775336371528, queue:6.1077256944444445, delay:0.07127415339152018, throughput:1426
episode:16/200, real avg travel time:300.601683029453
intersection:0, mean_episode_reward:-1.1811106204986572, mean_queue:11.316666603088379
intersection:1, mean_episode_reward:1.0661110877990723, mean_queue:11.183333396911621
intersection:2, mean_episode_reward:-0.6108336448669434, mean_queue:11.891666412353516
intersection:3, mean_episode_reward:-1.8255552053451538, mean_queue:11.108333587646484
intersection:4, mean_episode_reward:-0.6633332371711731, mean_queue:11.536110877990723
intersection:5, mean_episode_reward:-1.4544440507888794, mean_queue:11.852777481079102
intersection:6, mean_episode_reward:0.42694443464279175, mean_queue:11.322221755981445
intersection:7, mean_episode_reward:-0.8216664791107178, mean_queue:10.677778244018555
intersection:8, mean_episode_reward:-0.6961115598678589, mean_queue:11.405555725097656
intersection:9, mean_episode_reward:0.083333320915699, mean_queue:11.658333778381348
intersection:10, mean_episode_reward:-0.30444443225860596, mean_queue:11.913888931274414
intersection:11, mean_episode_reward:0.012500016018748283, mean_queue:10.752778053283691
intersection:12, mean_episode_reward:-0.7966665625572205, mean_queue:11.072221755981445
intersection:13, mean_episode_reward:-0.6552781462669373, mean_queue:11.461111068725586
intersection:14, mean_episode_reward:-0.03333324193954468, mean_queue:11.072221755981445
intersection:15, mean_episode_reward:-2.8488872051239014, mean_queue:12.561111450195312
intersection:16, mean_episode_reward:0.12055554986000061, mean_queue:0.7749999761581421
intersection:17, mean_episode_reward:0.11055556684732437, mean_queue:0.7777777910232544
intersection:18, mean_episode_reward:0.07222220301628113, mean_queue:0.7888888716697693
intersection:19, mean_episode_reward:0.13638894259929657, mean_queue:0.8166666626930237
intersection:20, mean_episode_reward:0.09249996393918991, mean_queue:0.7527777552604675
intersection:21, mean_episode_reward:0.25638899207115173, mean_queue:0.8138889074325562
intersection:22, mean_episode_reward:0.2072223275899887, mean_queue:0.7888888716697693
intersection:23, mean_episode_reward:-0.007777779828757048, mean_queue:0.7805555462837219
intersection:24, mean_episode_reward:0.2708333432674408, mean_queue:0.7749999761581421
intersection:25, mean_episode_reward:0.08666667342185974, mean_queue:0.7749999761581421
intersection:26, mean_episode_reward:0.4055555462837219, mean_queue:0.75
intersection:27, mean_episode_reward:0.16805556416511536, mean_queue:0.769444465637207
intersection:28, mean_episode_reward:0.16888883709907532, mean_queue:0.7833333611488342
intersection:29, mean_episode_reward:0.15166671574115753, mean_queue:0.8333333134651184
intersection:30, mean_episode_reward:0.15999993681907654, mean_queue:0.8722222447395325
intersection:31, mean_episode_reward:0.41527777910232544, mean_queue:0.8083333373069763
Test step:16/200, travel time :309.04243281471, rewards:-11.668052842881945, queue:6.249392361111111, delay:0.07382047441270616, throughput:1414
[CrossingProxy] total ped calls this episode: 266
step:3600/3600, q_loss:5.586233615875244, rewards:-7.918610297309028, queue:6.166232638888889, delay:0.07484912872314453, throughput:1426
episode:17/200, real avg travel time:308.66129032258067
intersection:0, mean_episode_reward:-1.0425000190734863, mean_queue:11.088889122009277
intersection:1, mean_episode_reward:-0.7555557489395142, mean_queue:12.04444408416748
intersection:2, mean_episode_reward:-1.317778468132019, mean_queue:12.375
intersection:3, mean_episode_reward:-0.47194451093673706, mean_queue:10.583333015441895
intersection:4, mean_episode_reward:-1.2224997282028198, mean_queue:11.744444847106934
intersection:5, mean_episode_reward:-0.773888885974884, mean_queue:11.147222518920898
intersection:6, mean_episode_reward:1.0066664218902588, mean_queue:12.022222518920898
intersection:7, mean_episode_reward:-0.4777778089046478, mean_queue:10.899999618530273
intersection:8, mean_episode_reward:-1.0241665840148926, mean_queue:11.458333015441895
intersection:9, mean_episode_reward:0.6591668725013733, mean_queue:10.855555534362793
intersection:10, mean_episode_reward:-1.4438891410827637, mean_queue:13.06944465637207
intersection:11, mean_episode_reward:0.574999988079071, mean_queue:10.983333587646484
intersection:12, mean_episode_reward:-1.028611421585083, mean_queue:11.147222518920898
intersection:13, mean_episode_reward:-0.8305554986000061, mean_queue:11.222222328186035
intersection:14, mean_episode_reward:0.22777774930000305, mean_queue:10.697221755981445
intersection:15, mean_episode_reward:-3.9988882541656494, mean_queue:13.31944465637207
intersection:16, mean_episode_reward:0.220833420753479, mean_queue:0.7749999761581421
intersection:17, mean_episode_reward:0.13611112534999847, mean_queue:0.7777777910232544
intersection:18, mean_episode_reward:0.08749999105930328, mean_queue:0.7888888716697693
intersection:19, mean_episode_reward:0.2361111342906952, mean_queue:0.8166666626930237
intersection:20, mean_episode_reward:0.10916659981012344, mean_queue:0.7527777552604675
intersection:21, mean_episode_reward:0.3388890027999878, mean_queue:0.8138889074325562
intersection:22, mean_episode_reward:0.22194455564022064, mean_queue:0.7888888716697693
intersection:23, mean_episode_reward:0.11611118167638779, mean_queue:0.7805555462837219
intersection:24, mean_episode_reward:0.6602777242660522, mean_queue:0.7749999761581421
intersection:25, mean_episode_reward:0.09777777642011642, mean_queue:0.7749999761581421
intersection:26, mean_episode_reward:0.3052777945995331, mean_queue:0.75
intersection:27, mean_episode_reward:0.4600001573562622, mean_queue:0.769444465637207
intersection:28, mean_episode_reward:0.15833328664302826, mean_queue:0.7833333611488342
intersection:29, mean_episode_reward:0.10472222417593002, mean_queue:0.8333333134651184
intersection:30, mean_episode_reward:0.23055562376976013, mean_queue:0.8722222447395325
intersection:31, mean_episode_reward:0.5172224044799805, mean_queue:0.8083333373069763
Test step:17/200, travel time :343.16987447698745, rewards:-26.284996202256945, queue:7.927864583333333, delay:0.08400980631510417, throughput:1195
[CrossingProxy] total ped calls this episode: 225
step:3600/3600, q_loss:4.63976526260376, rewards:-7.730556911892361, queue:6.04453125, delay:0.07102769745720758, throughput:1428
episode:18/200, real avg travel time:290.4362745098039
intersection:0, mean_episode_reward:-0.8336111903190613, mean_queue:11.030555725097656
intersection:1, mean_episode_reward:-1.251666784286499, mean_queue:11.947221755981445
intersection:2, mean_episode_reward:-0.4502776265144348, mean_queue:11.241666793823242
intersection:3, mean_episode_reward:-1.3483333587646484, mean_queue:10.558333396911621
intersection:4, mean_episode_reward:-0.6672214269638062, mean_queue:11.505555152893066
intersection:5, mean_episode_reward:-0.9661120176315308, mean_queue:11.16944408416748
intersection:6, mean_episode_reward:0.07833333313465118, mean_queue:11.005555152893066
intersection:7, mean_episode_reward:-1.0638896226882935, mean_queue:10.894444465637207
intersection:8, mean_episode_reward:-0.9877774715423584, mean_queue:11.508333206176758
intersection:9, mean_episode_reward:-0.42722228169441223, mean_queue:11.858333587646484
intersection:10, mean_episode_reward:0.4866664409637451, mean_queue:11.177778244018555
intersection:11, mean_episode_reward:-0.26472219824790955, mean_queue:10.922222137451172
intersection:12, mean_episode_reward:-1.3233329057693481, mean_queue:11.533333778381348
intersection:13, mean_episode_reward:-0.2827778160572052, mean_queue:11.602777481079102
intersection:14, mean_episode_reward:0.2594444155693054, mean_queue:11.20555591583252
intersection:15, mean_episode_reward:-2.1194450855255127, mean_queue:11.602777481079102
intersection:16, mean_episode_reward:0.1802777647972107, mean_queue:0.7749999761581421
intersection:17, mean_episode_reward:0.22138875722885132, mean_queue:0.7777777910232544
intersection:18, mean_episode_reward:0.05638889595866203, mean_queue:0.7888888716697693
intersection:19, mean_episode_reward:0.13805560767650604, mean_queue:0.8166666626930237
intersection:20, mean_episode_reward:0.162222221493721, mean_queue:0.7527777552604675
intersection:21, mean_episode_reward:0.19138893485069275, mean_queue:0.8138889074325562
intersection:22, mean_episode_reward:0.24777787923812866, mean_queue:0.7888888716697693
intersection:23, mean_episode_reward:0.004444442223757505, mean_queue:0.7805555462837219
intersection:24, mean_episode_reward:0.5738888382911682, mean_queue:0.7749999761581421
intersection:25, mean_episode_reward:0.04527777060866356, mean_queue:0.7749999761581421
intersection:26, mean_episode_reward:0.7455554604530334, mean_queue:0.75
intersection:27, mean_episode_reward:0.20722214877605438, mean_queue:0.769444465637207
intersection:28, mean_episode_reward:0.1730554848909378, mean_queue:0.7833333611488342
intersection:29, mean_episode_reward:0.18444444239139557, mean_queue:0.8333333134651184
intersection:30, mean_episode_reward:0.16777773201465607, mean_queue:0.8722222447395325
intersection:31, mean_episode_reward:0.1322222203016281, mean_queue:0.8083333373069763
Test step:18/200, travel time :298.1476793248945, rewards:-12.350276692708333, queue:6.17734375, delay:0.07139720916748046, throughput:1422
[CrossingProxy] total ped calls this episode: 229
step:3600/3600, q_loss:3.9198193550109863, rewards:-8.90249972873264, queue:6.123263888888889, delay:0.0706579950120714, throughput:1429
episode:19/200, real avg travel time:301.45766270118963
intersection:0, mean_episode_reward:-0.7147220969200134, mean_queue:10.852777481079102
intersection:1, mean_episode_reward:-1.9330552816390991, mean_queue:13.55555534362793
intersection:2, mean_episode_reward:-3.3122222423553467, mean_queue:14.152777671813965
intersection:3, mean_episode_reward:-0.41499993205070496, mean_queue:10.600000381469727
intersection:4, mean_episode_reward:-0.7647221088409424, mean_queue:11.269444465637207
intersection:5, mean_episode_reward:-0.5844442248344421, mean_queue:11.088889122009277
intersection:6, mean_episode_reward:0.8805551528930664, mean_queue:11.061111450195312
intersection:7, mean_episode_reward:-0.4783335030078888, mean_queue:10.594444274902344
intersection:8, mean_episode_reward:-0.8891667127609253, mean_queue:11.283333778381348
intersection:9, mean_episode_reward:0.06027783453464508, mean_queue:10.891666412353516
intersection:10, mean_episode_reward:0.050833310931921005, mean_queue:11.258333206176758
intersection:11, mean_episode_reward:-0.2022222876548767, mean_queue:11.022222518920898
intersection:12, mean_episode_reward:-1.2674998044967651, mean_queue:11.38611125946045
intersection:13, mean_episode_reward:-0.6466668844223022, mean_queue:10.802778244018555
intersection:14, mean_episode_reward:0.775278627872467, mean_queue:10.997221946716309
intersection:15, mean_episode_reward:-2.6327781677246094, mean_queue:12.466666221618652
intersection:16, mean_episode_reward:0.17055553197860718, mean_queue:0.7749999761581421
intersection:17, mean_episode_reward:0.08777780085802078, mean_queue:0.7777777910232544
intersection:18, mean_episode_reward:0.07222220301628113, mean_queue:0.7888888716697693
intersection:19, mean_episode_reward:0.14805559813976288, mean_queue:0.8166666626930237
intersection:20, mean_episode_reward:0.15249991416931152, mean_queue:0.7527777552604675
intersection:21, mean_episode_reward:0.5836110711097717, mean_queue:0.8138889074325562
intersection:22, mean_episode_reward:0.11222219467163086, mean_queue:0.7888888716697693
intersection:23, mean_episode_reward:0.005833330564200878, mean_queue:0.7805555462837219
intersection:24, mean_episode_reward:0.5602777004241943, mean_queue:0.7749999761581421
intersection:25, mean_episode_reward:0.15194441378116608, mean_queue:0.7749999761581421
intersection:26, mean_episode_reward:0.30250003933906555, mean_queue:0.75
intersection:27, mean_episode_reward:0.15416663885116577, mean_queue:0.769444465637207
intersection:28, mean_episode_reward:0.1986110955476761, mean_queue:0.7833333611488342
intersection:29, mean_episode_reward:0.21444445848464966, mean_queue:0.8333333134651184
intersection:30, mean_episode_reward:0.14222219586372375, mean_queue:0.8722222447395325
intersection:31, mean_episode_reward:0.11444442719221115, mean_queue:0.8083333373069763
Test step:19/200, travel time :290.82969739619983, rewards:-9.776666259765625, queue:6.068315972222222, delay:0.06960656907823351, throughput:1421
[CrossingProxy] total ped calls this episode: 239
step:3600/3600, q_loss:3.12966251373291, rewards:-7.390557183159722, queue:5.970920138888889, delay:0.06861356099446615, throughput:1422
episode:20/200, real avg travel time:279.2081575246132
intersection:0, mean_episode_reward:-1.2277778387069702, mean_queue:10.994444847106934
intersection:1, mean_episode_reward:-1.585556149482727, mean_queue:11.622221946716309
intersection:2, mean_episode_reward:-0.3130562901496887, mean_queue:11.23611068725586
intersection:3, mean_episode_reward:-1.737222671508789, mean_queue:10.811111450195312
intersection:4, mean_episode_reward:-0.6483336091041565, mean_queue:11.274999618530273
intersection:5, mean_episode_reward:-0.010833309032022953, mean_queue:10.616666793823242
intersection:6, mean_episode_reward:0.8416664004325867, mean_queue:10.816666603088379
intersection:7, mean_episode_reward:-0.7983332276344299, mean_queue:10.791666984558105
intersection:8, mean_episode_reward:-0.795833170413971, mean_queue:11.372221946716309
intersection:9, mean_episode_reward:0.5011110901832581, mean_queue:10.769444465637207
intersection:10, mean_episode_reward:-0.6586112976074219, mean_queue:11.958333015441895
intersection:11, mean_episode_reward:0.10194449126720428, mean_queue:10.925000190734863
intersection:12, mean_episode_reward:-1.3719444274902344, mean_queue:11.297222137451172
intersection:13, mean_episode_reward:-0.8947214484214783, mean_queue:10.922222137451172
intersection:14, mean_episode_reward:0.2394443303346634, mean_queue:10.941666603088379
intersection:15, mean_episode_reward:-2.328610897064209, mean_queue:12.058333396911621
intersection:16, mean_episode_reward:0.19222229719161987, mean_queue:0.7749999761581421
intersection:17, mean_episode_reward:0.15999998152256012, mean_queue:0.7777777910232544
intersection:18, mean_episode_reward:0.04722222685813904, mean_queue:0.7888888716697693
intersection:19, mean_episode_reward:0.1719444841146469, mean_queue:0.8166666626930237
intersection:20, mean_episode_reward:0.12694434821605682, mean_queue:0.7527777552604675
intersection:21, mean_episode_reward:0.09527775645256042, mean_queue:0.8138889074325562
intersection:22, mean_episode_reward:0.3094444274902344, mean_queue:0.7888888716697693
intersection:23, mean_episode_reward:0.18777771294116974, mean_queue:0.7805555462837219
intersection:24, mean_episode_reward:0.6233333349227905, mean_queue:0.7749999761581421
intersection:25, mean_episode_reward:0.06277776509523392, mean_queue:0.7749999761581421
intersection:26, mean_episode_reward:0.2916666567325592, mean_queue:0.75
intersection:27, mean_episode_reward:0.1991666555404663, mean_queue:0.769444465637207
intersection:28, mean_episode_reward:0.31361106038093567, mean_queue:0.7833333611488342
intersection:29, mean_episode_reward:0.14000000059604645, mean_queue:0.8333333134651184
intersection:30, mean_episode_reward:0.14222218096256256, mean_queue:0.8722222447395325
intersection:31, mean_episode_reward:0.2325000762939453, mean_queue:0.8083333373069763
Test step:20/200, travel time :327.1860841423948, rewards:-16.588323296440972, queue:7.492795138888889, delay:0.08332462310791015, throughput:1236
[CrossingProxy] total ped calls this episode: 225
step:3600/3600, q_loss:2.645603656768799, rewards:-10.745277913411458, queue:6.2555555555555555, delay:0.06687254905700683, throughput:1425
episode:21/200, real avg travel time:314.02315789473687
intersection:0, mean_episode_reward:-1.0430554151535034, mean_queue:10.772222518920898
intersection:1, mean_episode_reward:-0.8694448471069336, mean_queue:11.027777671813965
intersection:2, mean_episode_reward:-0.777499794960022, mean_queue:11.327777862548828
intersection:3, mean_episode_reward:-1.4619449377059937, mean_queue:10.447221755981445
intersection:4, mean_episode_reward:-0.8169443607330322, mean_queue:11.63888931274414
intersection:5, mean_episode_reward:-0.7875001430511475, mean_queue:11.247221946716309
intersection:6, mean_episode_reward:0.754721999168396, mean_queue:11.133333206176758
intersection:7, mean_episode_reward:-0.273333340883255, mean_queue:10.622221946716309
intersection:8, mean_episode_reward:-0.3427777886390686, mean_queue:11.51388931274414
intersection:9, mean_episode_reward:1.5644443035125732, mean_queue:10.833333015441895
intersection:10, mean_episode_reward:-0.5302777290344238, mean_queue:11.699999809265137
intersection:11, mean_episode_reward:0.2411111444234848, mean_queue:10.491666793823242
intersection:12, mean_episode_reward:0.1658332794904709, mean_queue:12.063888549804688
intersection:13, mean_episode_reward:-10.175275802612305, mean_queue:20.3527774810791
intersection:14, mean_episode_reward:3.01611065864563, mean_queue:11.074999809265137
intersection:15, mean_episode_reward:-1.913055419921875, mean_queue:11.269444465637207
intersection:16, mean_episode_reward:0.13694441318511963, mean_queue:0.7749999761581421
intersection:17, mean_episode_reward:0.08944445848464966, mean_queue:0.7777777910232544
intersection:18, mean_episode_reward:0.057499997317790985, mean_queue:0.7888888716697693
intersection:19, mean_episode_reward:0.1925000548362732, mean_queue:0.8166666626930237
intersection:20, mean_episode_reward:0.1336110383272171, mean_queue:0.7527777552604675
intersection:21, mean_episode_reward:0.19277779757976532, mean_queue:0.8138889074325562
intersection:22, mean_episode_reward:0.31888893246650696, mean_queue:0.7888888716697693
intersection:23, mean_episode_reward:0.10277783125638962, mean_queue:0.7805555462837219
intersection:24, mean_episode_reward:0.2030555158853531, mean_queue:0.7749999761581421
intersection:25, mean_episode_reward:0.07055556774139404, mean_queue:0.7749999761581421
intersection:26, mean_episode_reward:0.3174999952316284, mean_queue:0.75
intersection:27, mean_episode_reward:0.13666664063930511, mean_queue:0.769444465637207
intersection:28, mean_episode_reward:0.16499993205070496, mean_queue:0.7833333611488342
intersection:29, mean_episode_reward:0.1252777874469757, mean_queue:0.8333333134651184
intersection:30, mean_episode_reward:0.13361111283302307, mean_queue:0.8722222447395325
intersection:31, mean_episode_reward:0.1274999976158142, mean_queue:0.8083333373069763
Test step:21/200, travel time :276.0957072484166, rewards:-7.775275336371528, queue:5.949479166666666, delay:0.06669700940450032, throughput:1421
[CrossingProxy] total ped calls this episode: 242
step:3600/3600, q_loss:2.4217238426208496, rewards:-7.57388916015625, queue:5.964409722222222, delay:0.06500864028930664, throughput:1424
episode:22/200, real avg travel time:277.5428370786517
intersection:0, mean_episode_reward:-1.1105554103851318, mean_queue:10.836111068725586
intersection:1, mean_episode_reward:-0.5336111187934875, mean_queue:10.969444274902344
intersection:2, mean_episode_reward:-0.9666669964790344, mean_queue:11.405555725097656
intersection:3, mean_episode_reward:-1.2811111211776733, mean_queue:10.411110877990723
intersection:4, mean_episode_reward:-0.6027780175209045, mean_queue:11.191666603088379
intersection:5, mean_episode_reward:-0.3299998939037323, mean_queue:11.213889122009277
intersection:6, mean_episode_reward:0.8025000095367432, mean_queue:11.050000190734863
intersection:7, mean_episode_reward:-0.9866666793823242, mean_queue:10.833333015441895
intersection:8, mean_episode_reward:0.020277777686715126, mean_queue:11.038888931274414
intersection:9, mean_episode_reward:0.05361103639006615, mean_queue:11.05555534362793
intersection:10, mean_episode_reward:-0.20944435894489288, mean_queue:11.808333396911621
intersection:11, mean_episode_reward:-0.18638892471790314, mean_queue:10.824999809265137
intersection:12, mean_episode_reward:-2.1719443798065186, mean_queue:12.402777671813965
intersection:13, mean_episode_reward:0.15166670083999634, mean_queue:10.630555152893066
intersection:14, mean_episode_reward:-0.4494445323944092, mean_queue:11.050000190734863
intersection:15, mean_episode_reward:-2.081666946411133, mean_queue:11.477777481079102
intersection:16, mean_episode_reward:0.09777774661779404, mean_queue:0.7749999761581421
intersection:17, mean_episode_reward:0.13055557012557983, mean_queue:0.7777777910232544
intersection:18, mean_episode_reward:0.06861111521720886, mean_queue:0.7888888716697693
intersection:19, mean_episode_reward:0.2308332622051239, mean_queue:0.8166666626930237
intersection:20, mean_episode_reward:0.12833327054977417, mean_queue:0.7527777552604675
intersection:21, mean_episode_reward:0.16055557131767273, mean_queue:0.8138889074325562
intersection:22, mean_episode_reward:0.09722214937210083, mean_queue:0.7888888716697693
intersection:23, mean_episode_reward:0.05222221463918686, mean_queue:0.7805555462837219
intersection:24, mean_episode_reward:0.15944448113441467, mean_queue:0.7749999761581421
intersection:25, mean_episode_reward:0.09750000387430191, mean_queue:0.7749999761581421
intersection:26, mean_episode_reward:0.38027775287628174, mean_queue:0.75
intersection:27, mean_episode_reward:0.10694441199302673, mean_queue:0.769444465637207
intersection:28, mean_episode_reward:0.2191665917634964, mean_queue:0.7833333611488342
intersection:29, mean_episode_reward:0.10805558413267136, mean_queue:0.8333333134651184
intersection:30, mean_episode_reward:0.18361108005046844, mean_queue:0.8722222447395325
intersection:31, mean_episode_reward:0.08722222596406937, mean_queue:0.8083333373069763
Test step:22/200, travel time :271.80434782608694, rewards:-7.396664767795139, queue:5.922743055555555, delay:0.06586986117892796, throughput:1426
[CrossingProxy] total ped calls this episode: 200
step:3600/3600, q_loss:1.8268159627914429, rewards:-8.265555148654514, queue:5.9274305555555555, delay:0.06390838623046875, throughput:1433
episode:23/200, real avg travel time:272.60223307745986
intersection:0, mean_episode_reward:-0.8558337688446045, mean_queue:10.772222518920898
intersection:1, mean_episode_reward:-0.41638898849487305, mean_queue:10.925000190734863
intersection:2, mean_episode_reward:-1.1944448947906494, mean_queue:11.608333587646484
intersection:3, mean_episode_reward:-1.594722032546997, mean_queue:10.536110877990723
intersection:4, mean_episode_reward:-1.0755552053451538, mean_queue:11.438888549804688
intersection:5, mean_episode_reward:-0.06638878583908081, mean_queue:11.058333396911621
intersection:6, mean_episode_reward:0.9261118769645691, mean_queue:10.872221946716309
intersection:7, mean_episode_reward:-0.6536111831665039, mean_queue:10.483333587646484
intersection:8, mean_episode_reward:-0.49527788162231445, mean_queue:11.022222518920898
intersection:9, mean_episode_reward:-0.09805558621883392, mean_queue:11.283333778381348
intersection:10, mean_episode_reward:-0.17611105740070343, mean_queue:11.208333015441895
intersection:11, mean_episode_reward:-0.42527782917022705, mean_queue:10.76388931274414
intersection:12, mean_episode_reward:-0.842222273349762, mean_queue:10.98611068725586
intersection:13, mean_episode_reward:-0.4899998605251312, mean_queue:10.733333587646484
intersection:14, mean_episode_reward:-0.5847221612930298, mean_queue:10.980555534362793
intersection:15, mean_episode_reward:-2.8199994564056396, mean_queue:12.344444274902344
intersection:16, mean_episode_reward:0.09111110121011734, mean_queue:0.7749999761581421
intersection:17, mean_episode_reward:0.11916669458150864, mean_queue:0.7777777910232544
intersection:18, mean_episode_reward:0.04083332046866417, mean_queue:0.7888888716697693
intersection:19, mean_episode_reward:0.17444449663162231, mean_queue:0.8166666626930237
intersection:20, mean_episode_reward:0.12555548548698425, mean_queue:0.7527777552604675
intersection:21, mean_episode_reward:0.15694448351860046, mean_queue:0.8138889074325562
intersection:22, mean_episode_reward:0.10388883203268051, mean_queue:0.7888888716697693
intersection:23, mean_episode_reward:0.061666663736104965, mean_queue:0.7805555462837219
intersection:24, mean_episode_reward:0.1922222375869751, mean_queue:0.7749999761581421
intersection:25, mean_episode_reward:0.08472222089767456, mean_queue:0.7749999761581421
intersection:26, mean_episode_reward:0.23750008642673492, mean_queue:0.75
intersection:27, mean_episode_reward:0.3147222101688385, mean_queue:0.769444465637207
intersection:28, mean_episode_reward:0.28555548191070557, mean_queue:0.7833333611488342
intersection:29, mean_episode_reward:0.13750001788139343, mean_queue:0.8333333134651184
intersection:30, mean_episode_reward:0.18194440007209778, mean_queue:0.8722222447395325
intersection:31, mean_episode_reward:0.289166659116745, mean_queue:0.8083333373069763
Test step:23/200, travel time :267.2271139063592, rewards:-6.463889567057292, queue:5.857552083333333, delay:0.06333660019768608, throughput:1431
[CrossingProxy] total ped calls this episode: 213
step:3600/3600, q_loss:1.5398896932601929, rewards:-6.429166666666666, queue:5.912586805555556, delay:0.06362451447380914, throughput:1430
episode:24/200, real avg travel time:271.8867132867133
intersection:0, mean_episode_reward:-0.8347222805023193, mean_queue:10.88611125946045
intersection:1, mean_episode_reward:-0.7622223496437073, mean_queue:11.141666412353516
intersection:2, mean_episode_reward:-0.6036115288734436, mean_queue:11.375
intersection:3, mean_episode_reward:-1.2113884687423706, mean_queue:10.308333396911621
intersection:4, mean_episode_reward:-0.7391668558120728, mean_queue:11.23888874053955
intersection:5, mean_episode_reward:-0.22944431006908417, mean_queue:10.880555152893066
intersection:6, mean_episode_reward:0.8261108994483948, mean_queue:10.958333015441895
intersection:7, mean_episode_reward:-0.5463889837265015, mean_queue:10.552778244018555
intersection:8, mean_episode_reward:-0.8066667318344116, mean_queue:11.266666412353516
intersection:9, mean_episode_reward:0.4249999225139618, mean_queue:10.858333587646484
intersection:10, mean_episode_reward:-0.13972224295139313, mean_queue:11.433333396911621
intersection:11, mean_episode_reward:-0.45305562019348145, mean_queue:10.941666603088379
intersection:12, mean_episode_reward:-1.1238887310028076, mean_queue:11.291666984558105
intersection:13, mean_episode_reward:-0.6791667342185974, mean_queue:10.824999809265137
intersection:14, mean_episode_reward:-0.13166669011116028, mean_queue:11.097222328186035
intersection:15, mean_episode_reward:-1.653610348701477, mean_queue:11.48611068725586
intersection:16, mean_episode_reward:0.06611109524965286, mean_queue:0.7749999761581421
intersection:17, mean_episode_reward:0.13861112296581268, mean_queue:0.7777777910232544
intersection:18, mean_episode_reward:0.11388888955116272, mean_queue:0.7888888716697693
intersection:19, mean_episode_reward:0.17861111462116241, mean_queue:0.8166666626930237
intersection:20, mean_episode_reward:0.10916662216186523, mean_queue:0.7527777552604675
intersection:21, mean_episode_reward:0.16027778387069702, mean_queue:0.8138889074325562
intersection:22, mean_episode_reward:0.08305555582046509, mean_queue:0.7888888716697693
intersection:23, mean_episode_reward:0.04305555298924446, mean_queue:0.7805555462837219
intersection:24, mean_episode_reward:0.2622222900390625, mean_queue:0.7749999761581421
intersection:25, mean_episode_reward:0.07972221076488495, mean_queue:0.7749999761581421
intersection:26, mean_episode_reward:0.24222223460674286, mean_queue:0.75
intersection:27, mean_episode_reward:0.08055555820465088, mean_queue:0.769444465637207
intersection:28, mean_episode_reward:0.23111101984977722, mean_queue:0.7833333611488342
intersection:29, mean_episode_reward:0.12694448232650757, mean_queue:0.8333333134651184
intersection:30, mean_episode_reward:0.1822221726179123, mean_queue:0.8722222447395325
intersection:31, mean_episode_reward:0.1366666853427887, mean_queue:0.8083333373069763
Test step:24/200, travel time :261.6022408963585, rewards:-6.625834147135417, queue:5.82265625, delay:0.059986612531873915, throughput:1428
[CrossingProxy] total ped calls this episode: 228
step:3600/3600, q_loss:1.4726125001907349, rewards:-6.4186109754774305, queue:5.831944444444445, delay:0.06169647110833062, throughput:1433
episode:25/200, real avg travel time:264.41311933007677
intersection:0, mean_episode_reward:-0.8180554509162903, mean_queue:10.752778053283691
intersection:1, mean_episode_reward:-0.6469444036483765, mean_queue:11.01388931274414
intersection:2, mean_episode_reward:-0.7158336043357849, mean_queue:11.227777481079102
intersection:3, mean_episode_reward:-1.4938883781433105, mean_queue:10.358333587646484
intersection:4, mean_episode_reward:-0.7652775049209595, mean_queue:11.183333396911621
intersection:5, mean_episode_reward:-0.07944445312023163, mean_queue:10.824999809265137
intersection:6, mean_episode_reward:0.7297219038009644, mean_queue:10.883333206176758
intersection:7, mean_episode_reward:-0.5336112380027771, mean_queue:10.291666984558105
intersection:8, mean_episode_reward:-0.36083340644836426, mean_queue:10.766666412353516
intersection:9, mean_episode_reward:0.33638903498649597, mean_queue:10.841666221618652
intersection:10, mean_episode_reward:-0.4263888895511627, mean_queue:11.508333206176758
intersection:11, mean_episode_reward:-0.2999999225139618, mean_queue:10.661110877990723
intersection:12, mean_episode_reward:-0.9833335280418396, mean_queue:10.983333587646484
intersection:13, mean_episode_reward:-0.6463887095451355, mean_queue:10.75
intersection:14, mean_episode_reward:-0.4722221791744232, mean_queue:10.824999809265137
intersection:15, mean_episode_reward:-1.6166670322418213, mean_queue:11.088889122009277
intersection:16, mean_episode_reward:0.08916664868593216, mean_queue:0.7749999761581421
intersection:17, mean_episode_reward:0.08861113339662552, mean_queue:0.7777777910232544
intersection:18, mean_episode_reward:0.08722221851348877, mean_queue:0.7888888716697693
intersection:19, mean_episode_reward:0.15861117839813232, mean_queue:0.8166666626930237
intersection:20, mean_episode_reward:0.15999995172023773, mean_queue:0.7527777552604675
intersection:21, mean_episode_reward:0.18250001966953278, mean_queue:0.8138889074325562
intersection:22, mean_episode_reward:0.09111105650663376, mean_queue:0.7888888716697693
intersection:23, mean_episode_reward:0.13861119747161865, mean_queue:0.7805555462837219
intersection:24, mean_episode_reward:0.16194447875022888, mean_queue:0.7749999761581421
intersection:25, mean_episode_reward:0.09583333134651184, mean_queue:0.7749999761581421
intersection:26, mean_episode_reward:0.33944442868232727, mean_queue:0.75
intersection:27, mean_episode_reward:0.11861108243465424, mean_queue:0.769444465637207
intersection:28, mean_episode_reward:0.20777763426303864, mean_queue:0.7833333611488342
intersection:29, mean_episode_reward:0.12444446235895157, mean_queue:0.8333333134651184
intersection:30, mean_episode_reward:0.16499997675418854, mean_queue:0.8722222447395325
intersection:31, mean_episode_reward:0.16527777910232544, mean_queue:0.8083333373069763
Test step:25/200, travel time :268.04338698390484, rewards:-7.120831976996528, queue:5.869357638888889, delay:0.06191053920321994, throughput:1429
[CrossingProxy] total ped calls this episode: 225
step:3600/3600, q_loss:1.4237170219421387, rewards:-7.041387939453125, queue:5.8703125, delay:0.06117517683241103, throughput:1429
episode:26/200, real avg travel time:267.44926522043386
intersection:0, mean_episode_reward:-0.8330553770065308, mean_queue:10.786110877990723
intersection:1, mean_episode_reward:-0.22027774155139923, mean_queue:10.766666412353516
intersection:2, mean_episode_reward:-0.7441667318344116, mean_queue:11.216666221618652
intersection:3, mean_episode_reward:-1.2586114406585693, mean_queue:10.538888931274414
intersection:4, mean_episode_reward:-0.7161108255386353, mean_queue:11.172222137451172
intersection:5, mean_episode_reward:-0.3469444513320923, mean_queue:10.850000381469727
intersection:6, mean_episode_reward:0.18194442987442017, mean_queue:10.883333206176758
intersection:7, mean_episode_reward:-0.6974996328353882, mean_queue:10.524999618530273
intersection:8, mean_episode_reward:-0.3941666781902313, mean_queue:11.272222518920898
intersection:9, mean_episode_reward:0.1877777874469757, mean_queue:10.966666221618652
intersection:10, mean_episode_reward:-0.2988887429237366, mean_queue:11.425000190734863
intersection:11, mean_episode_reward:0.03666671738028526, mean_queue:10.45555591583252
intersection:12, mean_episode_reward:-1.6961112022399902, mean_queue:11.800000190734863
intersection:13, mean_episode_reward:-0.21138888597488403, mean_queue:10.56944465637207
intersection:14, mean_episode_reward:-0.7113887071609497, mean_queue:10.91944408416748
intersection:15, mean_episode_reward:-1.4966663122177124, mean_queue:11.041666984558105
intersection:16, mean_episode_reward:0.04555555433034897, mean_queue:0.7749999761581421
intersection:17, mean_episode_reward:0.10527778416872025, mean_queue:0.7777777910232544
intersection:18, mean_episode_reward:0.07611110806465149, mean_queue:0.7888888716697693
intersection:19, mean_episode_reward:0.2225000411272049, mean_queue:0.8166666626930237
intersection:20, mean_episode_reward:0.13694438338279724, mean_queue:0.7527777552604675
intersection:21, mean_episode_reward:0.1780555248260498, mean_queue:0.8138889074325562
intersection:22, mean_episode_reward:0.06999997794628143, mean_queue:0.7888888716697693
intersection:23, mean_episode_reward:0.08333338052034378, mean_queue:0.7805555462837219
intersection:24, mean_episode_reward:0.16611112654209137, mean_queue:0.7749999761581421
intersection:25, mean_episode_reward:0.09083332121372223, mean_queue:0.7749999761581421
intersection:26, mean_episode_reward:0.30277785658836365, mean_queue:0.75
intersection:27, mean_episode_reward:0.0924999862909317, mean_queue:0.769444465637207
intersection:28, mean_episode_reward:0.17861106991767883, mean_queue:0.7833333611488342
intersection:29, mean_episode_reward:0.14000003039836884, mean_queue:0.8333333134651184
intersection:30, mean_episode_reward:0.16111107170581818, mean_queue:0.8722222447395325
intersection:31, mean_episode_reward:0.12777778506278992, mean_queue:0.8083333373069763
Test step:26/200, travel time :261.0649441340782, rewards:-6.275276692708333, queue:5.811979166666666, delay:0.061037105984157985, throughput:1432
[CrossingProxy] total ped calls this episode: 238
step:3600/3600, q_loss:1.353446125984192, rewards:-6.995277235243056, queue:5.860677083333333, delay:0.06244055430094401, throughput:1428
episode:27/200, real avg travel time:268.8942577030812
intersection:0, mean_episode_reward:-0.37444448471069336, mean_queue:10.797222137451172
intersection:1, mean_episode_reward:-0.3875000476837158, mean_queue:10.88888931274414
intersection:2, mean_episode_reward:-0.8533332943916321, mean_queue:11.366666793823242
intersection:3, mean_episode_reward:-1.21555495262146, mean_queue:10.375
intersection:4, mean_episode_reward:-1.2563884258270264, mean_queue:11.619444847106934
intersection:5, mean_episode_reward:0.07638891041278839, mean_queue:10.411110877990723
intersection:6, mean_episode_reward:0.06166654825210571, mean_queue:11.0
intersection:7, mean_episode_reward:-1.250000238418579, mean_queue:10.891666412353516
intersection:8, mean_episode_reward:-1.1402777433395386, mean_queue:11.355555534362793
intersection:9, mean_episode_reward:0.05361112579703331, mean_queue:10.847222328186035
intersection:10, mean_episode_reward:0.18166658282279968, mean_queue:11.13611125946045
intersection:11, mean_episode_reward:0.09500007331371307, mean_queue:10.600000381469727
intersection:12, mean_episode_reward:-0.6455556750297546, mean_queue:11.01388931274414
intersection:13, mean_episode_reward:-0.45777812600135803, mean_queue:10.73611068725586
intersection:14, mean_episode_reward:-0.6122220158576965, mean_queue:10.788888931274414
intersection:15, mean_episode_reward:-1.6533331871032715, mean_queue:11.052778244018555
intersection:16, mean_episode_reward:0.06333331763744354, mean_queue:0.7749999761581421
intersection:17, mean_episode_reward:0.14527778327465057, mean_queue:0.7777777910232544
intersection:18, mean_episode_reward:0.07361111044883728, mean_queue:0.7888888716697693
intersection:19, mean_episode_reward:0.23972220718860626, mean_queue:0.8166666626930237
intersection:20, mean_episode_reward:0.14194440841674805, mean_queue:0.7527777552604675
intersection:21, mean_episode_reward:0.25055554509162903, mean_queue:0.8138889074325562
intersection:22, mean_episode_reward:0.07555554807186127, mean_queue:0.7888888716697693
intersection:23, mean_episode_reward:0.11916673183441162, mean_queue:0.7805555462837219
intersection:24, mean_episode_reward:0.2230556309223175, mean_queue:0.7749999761581421
intersection:25, mean_episode_reward:0.05750000849366188, mean_queue:0.7749999761581421
intersection:26, mean_episode_reward:0.1922222524881363, mean_queue:0.75
intersection:27, mean_episode_reward:0.09944441169500351, mean_queue:0.769444465637207
intersection:28, mean_episode_reward:0.20222216844558716, mean_queue:0.7833333611488342
intersection:29, mean_episode_reward:0.11111113429069519, mean_queue:0.8333333134651184
intersection:30, mean_episode_reward:0.18166662752628326, mean_queue:0.8722222447395325
intersection:31, mean_episode_reward:0.2063889354467392, mean_queue:0.8083333373069763
Test step:27/200, travel time :271.5399719495091, rewards:-6.645001220703125, queue:5.891059027777778, delay:0.06555799378289116, throughput:1426
[CrossingProxy] total ped calls this episode: 267
step:3600/3600, q_loss:1.3429019451141357, rewards:-6.780276828342014, queue:5.852517361111111, delay:0.06238609419928657, throughput:1425
episode:28/200, real avg travel time:264.2624561403509
intersection:0, mean_episode_reward:-0.9541664123535156, mean_queue:10.816666603088379
intersection:1, mean_episode_reward:-0.7800000309944153, mean_queue:11.01111125946045
intersection:2, mean_episode_reward:-0.7983332276344299, mean_queue:11.247221946716309
intersection:3, mean_episode_reward:-1.5661110877990723, mean_queue:10.48888874053955
intersection:4, mean_episode_reward:-0.39055562019348145, mean_queue:11.11111068725586
intersection:5, mean_episode_reward:0.005555554758757353, mean_queue:10.691666603088379
intersection:6, mean_episode_reward:0.27833324670791626, mean_queue:11.149999618530273
intersection:7, mean_episode_reward:-0.7194444537162781, mean_queue:10.68055534362793
intersection:8, mean_episode_reward:-0.19083313643932343, mean_queue:10.800000190734863
intersection:9, mean_episode_reward:-0.18138886988162994, mean_queue:11.041666984558105
intersection:10, mean_episode_reward:-0.4091666042804718, mean_queue:11.583333015441895
intersection:11, mean_episode_reward:-0.1136111244559288, mean_queue:10.5
intersection:12, mean_episode_reward:-1.1719443798065186, mean_queue:11.122221946716309
intersection:13, mean_episode_reward:-0.46111106872558594, mean_queue:10.658333778381348
intersection:14, mean_episode_reward:-0.11444447934627533, mean_queue:10.755555152893066
intersection:15, mean_episode_reward:-1.6719441413879395, mean_queue:10.961111068725586
intersection:16, mean_episode_reward:0.048888880759477615, mean_queue:0.7749999761581421
intersection:17, mean_episode_reward:0.1230555847287178, mean_queue:0.7777777910232544
intersection:18, mean_episode_reward:0.07611110806465149, mean_queue:0.7888888716697693
intersection:19, mean_episode_reward:0.20527780055999756, mean_queue:0.8166666626930237
intersection:20, mean_episode_reward:0.11611105501651764, mean_queue:0.7527777552604675
intersection:21, mean_episode_reward:0.2202778458595276, mean_queue:0.8138889074325562
intersection:22, mean_episode_reward:0.09194441884756088, mean_queue:0.7888888716697693
intersection:23, mean_episode_reward:0.16444452106952667, mean_queue:0.7805555462837219
intersection:24, mean_episode_reward:0.39194434881210327, mean_queue:0.7749999761581421
intersection:25, mean_episode_reward:0.07444443553686142, mean_queue:0.7749999761581421
intersection:26, mean_episode_reward:0.1744445115327835, mean_queue:0.75
intersection:27, mean_episode_reward:0.12444441765546799, mean_queue:0.769444465637207
intersection:28, mean_episode_reward:0.16833332180976868, mean_queue:0.7833333611488342
intersection:29, mean_episode_reward:0.13500002026557922, mean_queue:0.8333333134651184
intersection:30, mean_episode_reward:0.17888885736465454, mean_queue:0.8722222447395325
intersection:31, mean_episode_reward:0.16527776420116425, mean_queue:0.8083333373069763
Test step:28/200, travel time :262.72070175438597, rewards:-6.9022216796875, queue:5.828125, delay:0.059895960489908855, throughput:1425
[CrossingProxy] total ped calls this episode: 230
step:3600/3600, q_loss:1.264544129371643, rewards:-6.523333062065972, queue:5.835069444444445, delay:0.0602204163869222, throughput:1429
episode:29/200, real avg travel time:264.24632610216935
intersection:0, mean_episode_reward:-1.538888692855835, mean_queue:11.300000190734863
intersection:1, mean_episode_reward:-0.09555557370185852, mean_queue:10.877778053283691
intersection:2, mean_episode_reward:-0.6447222232818604, mean_queue:11.199999809265137
intersection:3, mean_episode_reward:-1.616666555404663, mean_queue:10.449999809265137
intersection:4, mean_episode_reward:-0.7402777671813965, mean_queue:11.133333206176758
intersection:5, mean_episode_reward:-0.10861105471849442, mean_queue:10.51111125946045
intersection:6, mean_episode_reward:0.5027776956558228, mean_queue:10.980555534362793
intersection:7, mean_episode_reward:-0.8413887619972229, mean_queue:10.711111068725586
intersection:8, mean_episode_reward:-0.39444443583488464, mean_queue:10.722222328186035
intersection:9, mean_episode_reward:0.550000011920929, mean_queue:10.755555152893066
intersection:10, mean_episode_reward:-0.0005555325769819319, mean_queue:11.202777862548828
intersection:11, mean_episode_reward:-0.12416664510965347, mean_queue:10.480555534362793
intersection:12, mean_episode_reward:-0.9813888669013977, mean_queue:10.86111068725586
intersection:13, mean_episode_reward:-0.6900001764297485, mean_queue:10.769444465637207
intersection:14, mean_episode_reward:-0.6863887310028076, mean_queue:10.966666221618652
intersection:15, mean_episode_reward:-1.5988882780075073, mean_queue:11.13888931274414
intersection:16, mean_episode_reward:0.0672222226858139, mean_queue:0.7749999761581421
intersection:17, mean_episode_reward:0.1594444364309311, mean_queue:0.7777777910232544
intersection:18, mean_episode_reward:0.05500001832842827, mean_queue:0.7888888716697693
intersection:19, mean_episode_reward:0.20305554568767548, mean_queue:0.8166666626930237
intersection:20, mean_episode_reward:0.11916660517454147, mean_queue:0.7527777552604675
intersection:21, mean_episode_reward:0.21972225606441498, mean_queue:0.8138889074325562
intersection:22, mean_episode_reward:0.1569443792104721, mean_queue:0.7888888716697693
intersection:23, mean_episode_reward:0.19444435834884644, mean_queue:0.7805555462837219
intersection:24, mean_episode_reward:0.27027785778045654, mean_queue:0.7749999761581421
intersection:25, mean_episode_reward:0.0763888731598854, mean_queue:0.7749999761581421
intersection:26, mean_episode_reward:0.13277778029441833, mean_queue:0.75
intersection:27, mean_episode_reward:0.08972223848104477, mean_queue:0.769444465637207
intersection:28, mean_episode_reward:0.15999993681907654, mean_queue:0.7833333611488342
intersection:29, mean_episode_reward:0.16277776658535004, mean_queue:0.8333333134651184
intersection:30, mean_episode_reward:0.14666660130023956, mean_queue:0.8722222447395325
intersection:31, mean_episode_reward:0.27222225069999695, mean_queue:0.8083333373069763
Test step:29/200, travel time :263.9915730337079, rewards:-6.7388916015625, queue:5.8328125, delay:0.06139829953511556, throughput:1424
[CrossingProxy] total ped calls this episode: 214
step:3600/3600, q_loss:1.1781013011932373, rewards:-6.53416748046875, queue:5.827256944444445, delay:0.05995893478393555, throughput:1427
episode:30/200, real avg travel time:259.479327259986
intersection:0, mean_episode_reward:-1.0744445323944092, mean_queue:10.902777671813965
intersection:1, mean_episode_reward:-0.42333319783210754, mean_queue:10.777777671813965
intersection:2, mean_episode_reward:-1.0049997568130493, mean_queue:11.508333206176758
intersection:3, mean_episode_reward:-1.4530556201934814, mean_queue:10.372221946716309
intersection:4, mean_episode_reward:-0.6136112809181213, mean_queue:11.06944465637207
intersection:5, mean_episode_reward:0.14527781307697296, mean_queue:10.627778053283691
intersection:6, mean_episode_reward:0.5563889145851135, mean_queue:11.219444274902344
intersection:7, mean_episode_reward:-0.8419448733329773, mean_queue:10.686111450195312
intersection:8, mean_episode_reward:-0.20249992609024048, mean_queue:10.522222518920898
intersection:9, mean_episode_reward:0.5716668963432312, mean_queue:10.55555534362793
intersection:10, mean_episode_reward:-0.2783333957195282, mean_queue:11.244444847106934
intersection:11, mean_episode_reward:-0.3433332145214081, mean_queue:10.516666412353516
intersection:12, mean_episode_reward:-1.2419441938400269, mean_queue:11.06944465637207
intersection:13, mean_episode_reward:-1.0838885307312012, mean_queue:11.083333015441895
intersection:14, mean_episode_reward:-0.10027780383825302, mean_queue:10.588889122009277
intersection:15, mean_episode_reward:-1.5733340978622437, mean_queue:11.066666603088379
intersection:16, mean_episode_reward:0.08277776837348938, mean_queue:0.7749999761581421
intersection:17, mean_episode_reward:0.14944444596767426, mean_queue:0.7777777910232544
intersection:18, mean_episode_reward:0.06749999523162842, mean_queue:0.7888888716697693
intersection:19, mean_episode_reward:0.23972219228744507, mean_queue:0.8166666626930237
intersection:20, mean_episode_reward:0.11083327233791351, mean_queue:0.7527777552604675
intersection:21, mean_episode_reward:0.17750000953674316, mean_queue:0.8138889074325562
intersection:22, mean_episode_reward:0.10416662693023682, mean_queue:0.7888888716697693
intersection:23, mean_episode_reward:0.09083341062068939, mean_queue:0.7805555462837219
intersection:24, mean_episode_reward:0.17555558681488037, mean_queue:0.7749999761581421
intersection:25, mean_episode_reward:0.11444443464279175, mean_queue:0.7749999761581421
intersection:26, mean_episode_reward:0.24111118912696838, mean_queue:0.75
intersection:27, mean_episode_reward:0.1177777573466301, mean_queue:0.769444465637207
intersection:28, mean_episode_reward:0.15638884902000427, mean_queue:0.7833333611488342
intersection:29, mean_episode_reward:0.16555553674697876, mean_queue:0.8333333134651184
intersection:30, mean_episode_reward:0.12972219288349152, mean_queue:0.8722222447395325
intersection:31, mean_episode_reward:0.3041667342185974, mean_queue:0.8083333373069763
Test step:30/200, travel time :264.1814996496146, rewards:-6.5825005425347225, queue:5.8473090277777775, delay:0.06239771313137478, throughput:1427
[CrossingProxy] total ped calls this episode: 241
step:3600/3600, q_loss:1.1417768001556396, rewards:-6.371665445963542, queue:5.7640625, delay:0.05710557301839193, throughput:1427
episode:31/200, real avg travel time:252.41065171688857
intersection:0, mean_episode_reward:-0.8133334517478943, mean_queue:10.747221946716309
intersection:1, mean_episode_reward:-0.4888889789581299, mean_queue:10.622221946716309
intersection:2, mean_episode_reward:-0.7022220492362976, mean_queue:11.147222518920898
intersection:3, mean_episode_reward:-1.1083338260650635, mean_queue:10.191666603088379
intersection:4, mean_episode_reward:-0.8649998307228088, mean_queue:11.083333015441895
intersection:5, mean_episode_reward:0.12055546790361404, mean_queue:10.36388874053955
intersection:6, mean_episode_reward:0.3052777647972107, mean_queue:10.872221946716309
intersection:7, mean_episode_reward:-0.9019445776939392, mean_queue:10.602777481079102
intersection:8, mean_episode_reward:-0.17666670680046082, mean_queue:10.572221755981445
intersection:9, mean_episode_reward:0.217777818441391, mean_queue:10.719444274902344
intersection:10, mean_episode_reward:0.3675001859664917, mean_queue:10.916666984558105
intersection:11, mean_episode_reward:-0.05694443732500076, mean_queue:10.43055534362793
intersection:12, mean_episode_reward:-1.12138831615448, mean_queue:10.872221946716309
intersection:13, mean_episode_reward:-0.9572214484214783, mean_queue:10.894444465637207
intersection:14, mean_episode_reward:-0.668055534362793, mean_queue:10.913888931274414
intersection:15, mean_episode_reward:-1.4741661548614502, mean_queue:10.838889122009277
intersection:16, mean_episode_reward:0.07055553793907166, mean_queue:0.7749999761581421
intersection:17, mean_episode_reward:0.15222221612930298, mean_queue:0.7777777910232544
intersection:18, mean_episode_reward:0.0555555485188961, mean_queue:0.7888888716697693
intersection:19, mean_episode_reward:0.19555559754371643, mean_queue:0.8166666626930237
intersection:20, mean_episode_reward:0.14027772843837738, mean_queue:0.7527777552604675
intersection:21, mean_episode_reward:0.10388883948326111, mean_queue:0.8138889074325562
intersection:22, mean_episode_reward:0.08861106634140015, mean_queue:0.7888888716697693
intersection:23, mean_episode_reward:0.06888888776302338, mean_queue:0.7805555462837219
intersection:24, mean_episode_reward:0.18277782201766968, mean_queue:0.7749999761581421
intersection:25, mean_episode_reward:0.10222221910953522, mean_queue:0.7749999761581421
intersection:26, mean_episode_reward:0.11305555701255798, mean_queue:0.75
intersection:27, mean_episode_reward:0.09861108660697937, mean_queue:0.769444465637207
intersection:28, mean_episode_reward:0.18638888001441956, mean_queue:0.7833333611488342
intersection:29, mean_episode_reward:0.16527779400348663, mean_queue:0.8333333134651184
intersection:30, mean_episode_reward:0.1341666579246521, mean_queue:0.8722222447395325
intersection:31, mean_episode_reward:0.09333334118127823, mean_queue:0.8083333373069763
Test step:31/200, travel time :262.1807397069086, rewards:-6.578055826822917, queue:5.826649305555556, delay:0.06041866938273112, throughput:1433
[CrossingProxy] total ped calls this episode: 265
step:3600/3600, q_loss:1.1179696321487427, rewards:-6.644165717230903, queue:5.795659722222222, delay:0.05885034137301975, throughput:1429
episode:32/200, real avg travel time:259.1189643107068
intersection:0, mean_episode_reward:-0.835555374622345, mean_queue:10.758333206176758
intersection:1, mean_episode_reward:-0.5863885283470154, mean_queue:10.70555591583252
intersection:2, mean_episode_reward:-0.6577774882316589, mean_queue:11.241666793823242
intersection:3, mean_episode_reward:-1.4227780103683472, mean_queue:10.38888931274414
intersection:4, mean_episode_reward:-0.8369446396827698, mean_queue:11.149999618530273
intersection:5, mean_episode_reward:0.22722227871418, mean_queue:10.425000190734863
intersection:6, mean_episode_reward:0.7058330178260803, mean_queue:11.06944465637207
intersection:7, mean_episode_reward:-0.8663887977600098, mean_queue:10.63888931274414
intersection:8, mean_episode_reward:-0.25777769088745117, mean_queue:10.54444408416748
intersection:9, mean_episode_reward:0.1524999737739563, mean_queue:10.547222137451172
intersection:10, mean_episode_reward:-0.023611143231391907, mean_queue:11.277777671813965
intersection:11, mean_episode_reward:-0.17250005900859833, mean_queue:10.591666221618652
intersection:12, mean_episode_reward:-1.1886111497879028, mean_queue:10.95555591583252
intersection:13, mean_episode_reward:-0.9513890743255615, mean_queue:10.63611125946045
intersection:14, mean_episode_reward:-0.8502777814865112, mean_queue:10.852777481079102
intersection:15, mean_episode_reward:-1.3716660737991333, mean_queue:11.016666412353516
intersection:16, mean_episode_reward:0.09277773648500443, mean_queue:0.7749999761581421
intersection:17, mean_episode_reward:0.1361110955476761, mean_queue:0.7777777910232544
intersection:18, mean_episode_reward:0.0508333295583725, mean_queue:0.7888888716697693
intersection:19, mean_episode_reward:0.2341666966676712, mean_queue:0.8166666626930237
intersection:20, mean_episode_reward:0.13055548071861267, mean_queue:0.7527777552604675
intersection:21, mean_episode_reward:0.16111113131046295, mean_queue:0.8138889074325562
intersection:22, mean_episode_reward:0.0922221690416336, mean_queue:0.7888888716697693
intersection:23, mean_episode_reward:0.1394445300102234, mean_queue:0.7805555462837219
intersection:24, mean_episode_reward:0.18944449722766876, mean_queue:0.7749999761581421
intersection:25, mean_episode_reward:0.08611110597848892, mean_queue:0.7749999761581421
intersection:26, mean_episode_reward:0.27916669845581055, mean_queue:0.75
intersection:27, mean_episode_reward:0.10666663944721222, mean_queue:0.769444465637207
intersection:28, mean_episode_reward:0.17361107468605042, mean_queue:0.7833333611488342
intersection:29, mean_episode_reward:0.1208333745598793, mean_queue:0.8333333134651184
intersection:30, mean_episode_reward:0.12972219288349152, mean_queue:0.8722222447395325
intersection:31, mean_episode_reward:0.1691666543483734, mean_queue:0.8083333373069763
Test step:32/200, travel time :282.91366366366367, rewards:-16.46083713107639, queue:6.566145833333334, delay:0.06626368098788792, throughput:1332
[CrossingProxy] total ped calls this episode: 250
step:3600/3600, q_loss:1.0722339153289795, rewards:-6.410001627604166, queue:5.779166666666667, delay:0.05684571795993381, throughput:1432
episode:33/200, real avg travel time:257.0125698324022
intersection:0, mean_episode_reward:-0.5849999785423279, mean_queue:10.586111068725586
intersection:1, mean_episode_reward:-0.580000102519989, mean_queue:10.869444847106934
intersection:2, mean_episode_reward:-0.371111124753952, mean_queue:10.98888874053955
intersection:3, mean_episode_reward:-1.3824998140335083, mean_queue:10.291666984558105
intersection:4, mean_episode_reward:-0.9913883805274963, mean_queue:11.230555534362793
intersection:5, mean_episode_reward:-0.015555556863546371, mean_queue:10.497221946716309
intersection:6, mean_episode_reward:0.57916659116745, mean_queue:10.802778244018555
intersection:7, mean_episode_reward:-0.7836113572120667, mean_queue:10.602777481079102
intersection:8, mean_episode_reward:-0.38972243666648865, mean_queue:10.697221755981445
intersection:9, mean_episode_reward:0.2161109298467636, mean_queue:10.647222518920898
intersection:10, mean_episode_reward:-0.21027772128582, mean_queue:11.233333587646484
intersection:11, mean_episode_reward:-0.14055554568767548, mean_queue:10.686111450195312
intersection:12, mean_episode_reward:-1.2244447469711304, mean_queue:10.963889122009277
intersection:13, mean_episode_reward:-0.805556058883667, mean_queue:10.73611068725586
intersection:14, mean_episode_reward:-0.3419443666934967, mean_queue:10.522222518920898
intersection:15, mean_episode_reward:-1.4569445848464966, mean_queue:10.916666984558105
intersection:16, mean_episode_reward:0.029166674241423607, mean_queue:0.7749999761581421
intersection:17, mean_episode_reward:0.148333340883255, mean_queue:0.7777777910232544
intersection:18, mean_episode_reward:0.05444444715976715, mean_queue:0.7888888716697693
intersection:19, mean_episode_reward:0.2794443964958191, mean_queue:0.8166666626930237
intersection:20, mean_episode_reward:0.14388878643512726, mean_queue:0.7527777552604675
intersection:21, mean_episode_reward:0.17194442451000214, mean_queue:0.8138889074325562
intersection:22, mean_episode_reward:0.08999995142221451, mean_queue:0.7888888716697693
intersection:23, mean_episode_reward:0.08916672319173813, mean_queue:0.7805555462837219
intersection:24, mean_episode_reward:0.19722221791744232, mean_queue:0.7749999761581421
intersection:25, mean_episode_reward:0.11472222208976746, mean_queue:0.7749999761581421
intersection:26, mean_episode_reward:0.13055559992790222, mean_queue:0.75
intersection:27, mean_episode_reward:0.13333331048488617, mean_queue:0.769444465637207
intersection:28, mean_episode_reward:0.16222220659255981, mean_queue:0.7833333611488342
intersection:29, mean_episode_reward:0.13333334028720856, mean_queue:0.8333333134651184
intersection:30, mean_episode_reward:0.12805552780628204, mean_queue:0.8722222447395325
intersection:31, mean_episode_reward:0.06750001013278961, mean_queue:0.8083333373069763
Test step:33/200, travel time :264.38208537438766, rewards:-7.151112196180556, queue:5.845052083333333, delay:0.06143332057529026, throughput:1429
[CrossingProxy] total ped calls this episode: 266
step:3600/3600, q_loss:1.0533617734909058, rewards:-6.643332926432292, queue:5.838975694444445, delay:0.058727105458577476, throughput:1428
episode:34/200, real avg travel time:263.1617647058824
intersection:0, mean_episode_reward:-0.6072220802307129, mean_queue:10.594444274902344
intersection:1, mean_episode_reward:-0.35694456100463867, mean_queue:10.561111450195312
intersection:2, mean_episode_reward:-0.8708332777023315, mean_queue:11.247221946716309
intersection:3, mean_episode_reward:-1.3219444751739502, mean_queue:10.216666221618652
intersection:4, mean_episode_reward:-0.8661108016967773, mean_queue:11.280555725097656
intersection:5, mean_episode_reward:-0.2616667151451111, mean_queue:10.616666793823242
intersection:6, mean_episode_reward:0.5208331942558289, mean_queue:11.188888549804688
intersection:7, mean_episode_reward:-0.5405554175376892, mean_queue:10.447221755981445
intersection:8, mean_episode_reward:-1.0299999713897705, mean_queue:11.630555152893066
intersection:9, mean_episode_reward:0.4600003659725189, mean_queue:10.722222328186035
intersection:10, mean_episode_reward:0.03916662186384201, mean_queue:11.172222137451172
intersection:11, mean_episode_reward:-0.19111105799674988, mean_queue:10.58055591583252
intersection:12, mean_episode_reward:-1.0444445610046387, mean_queue:11.508333206176758
intersection:13, mean_episode_reward:-1.02555513381958, mean_queue:10.966666221618652
intersection:14, mean_episode_reward:-0.5155555605888367, mean_queue:10.5
intersection:15, mean_episode_reward:-1.3549996614456177, mean_queue:10.952777862548828
intersection:16, mean_episode_reward:0.029444454237818718, mean_queue:0.7749999761581421
intersection:17, mean_episode_reward:0.12361112236976624, mean_queue:0.7777777910232544
intersection:18, mean_episode_reward:0.0533333420753479, mean_queue:0.7888888716697693
intersection:19, mean_episode_reward:0.41138869524002075, mean_queue:0.8166666626930237
intersection:20, mean_episode_reward:0.1452776938676834, mean_queue:0.7527777552604675
intersection:21, mean_episode_reward:0.1313888281583786, mean_queue:0.8138889074325562
intersection:22, mean_episode_reward:0.14583329856395721, mean_queue:0.7888888716697693
intersection:23, mean_episode_reward:0.14944452047348022, mean_queue:0.7805555462837219
intersection:24, mean_episode_reward:0.16972224414348602, mean_queue:0.7749999761581421
intersection:25, mean_episode_reward:0.18999998271465302, mean_queue:0.7749999761581421
intersection:26, mean_episode_reward:0.12694445252418518, mean_queue:0.75
intersection:27, mean_episode_reward:0.09583332389593124, mean_queue:0.769444465637207
intersection:28, mean_episode_reward:0.16277773678302765, mean_queue:0.7833333611488342
intersection:29, mean_episode_reward:0.17527778446674347, mean_queue:0.8333333134651184
intersection:30, mean_episode_reward:0.1269444078207016, mean_queue:0.8722222447395325
intersection:31, mean_episode_reward:0.08638889342546463, mean_queue:0.8083333373069763
Test step:34/200, travel time :260.2061495457722, rewards:-6.360001627604166, queue:5.8206597222222225, delay:0.060682026545206706, throughput:1431
[CrossingProxy] total ped calls this episode: 237
step:3600/3600, q_loss:1.0011085271835327, rewards:-6.259722222222222, queue:5.828125, delay:0.059996414184570315, throughput:1430
episode:35/200, real avg travel time:259.827972027972
intersection:0, mean_episode_reward:-0.8411114811897278, mean_queue:10.727777481079102
intersection:1, mean_episode_reward:-0.31416648626327515, mean_queue:10.722222328186035
intersection:2, mean_episode_reward:-0.9194442629814148, mean_queue:11.475000381469727
intersection:3, mean_episode_reward:-1.5044445991516113, mean_queue:10.480555534362793
intersection:4, mean_episode_reward:-0.8825004696846008, mean_queue:11.38888931274414
intersection:5, mean_episode_reward:0.3619445264339447, mean_queue:10.652777671813965
intersection:6, mean_episode_reward:0.47249987721443176, mean_queue:11.141666412353516
intersection:7, mean_episode_reward:-0.7974996566772461, mean_queue:10.616666793823242
intersection:8, mean_episode_reward:-0.7030555009841919, mean_queue:10.780555725097656
intersection:9, mean_episode_reward:0.07722216844558716, mean_queue:11.005555152893066
intersection:10, mean_episode_reward:0.2661111354827881, mean_queue:10.98888874053955
intersection:11, mean_episode_reward:-0.17944447696208954, mean_queue:10.644444465637207
intersection:12, mean_episode_reward:-1.0872223377227783, mean_queue:10.875
intersection:13, mean_episode_reward:-0.8722216486930847, mean_queue:10.913888931274414
intersection:14, mean_episode_reward:-0.695555567741394, mean_queue:10.655555725097656
intersection:15, mean_episode_reward:-1.044722318649292, mean_queue:10.769444465637207
intersection:16, mean_episode_reward:0.07305554300546646, mean_queue:0.7749999761581421
intersection:17, mean_episode_reward:0.15805554389953613, mean_queue:0.7777777910232544
intersection:18, mean_episode_reward:0.053888898342847824, mean_queue:0.7888888716697693
intersection:19, mean_episode_reward:0.2849999666213989, mean_queue:0.8166666626930237
intersection:20, mean_episode_reward:0.16666659712791443, mean_queue:0.7527777552604675
intersection:21, mean_episode_reward:0.13527780771255493, mean_queue:0.8138889074325562
intersection:22, mean_episode_reward:0.16888883709907532, mean_queue:0.7888888716697693
intersection:23, mean_episode_reward:0.20027773082256317, mean_queue:0.7805555462837219
intersection:24, mean_episode_reward:0.23916664719581604, mean_queue:0.7749999761581421
intersection:25, mean_episode_reward:0.13750000298023224, mean_queue:0.7749999761581421
intersection:26, mean_episode_reward:0.12944446504116058, mean_queue:0.75
intersection:27, mean_episode_reward:0.1127777174115181, mean_queue:0.769444465637207
intersection:28, mean_episode_reward:0.18555551767349243, mean_queue:0.7833333611488342
intersection:29, mean_episode_reward:0.13611114025115967, mean_queue:0.8333333134651184
intersection:30, mean_episode_reward:0.1552778035402298, mean_queue:0.8722222447395325
intersection:31, mean_episode_reward:0.06694444268941879, mean_queue:0.8083333373069763
Test step:35/200, travel time :263.7822128851541, rewards:-6.868609619140625, queue:5.853993055555556, delay:0.0585386488172743, throughput:1428
[CrossingProxy] total ped calls this episode: 249
step:3600/3600, q_loss:0.9357455968856812, rewards:-6.504722086588542, queue:5.805208333333334, delay:0.05843169954087999, throughput:1427
episode:36/200, real avg travel time:258.5290819901892
intersection:0, mean_episode_reward:-0.5161110758781433, mean_queue:10.675000190734863
intersection:1, mean_episode_reward:-0.7375001907348633, mean_queue:10.936111450195312
intersection:2, mean_episode_reward:-0.5986111760139465, mean_queue:11.149999618530273
intersection:3, mean_episode_reward:-1.4161113500595093, mean_queue:10.383333206176758
intersection:4, mean_episode_reward:-0.8880557417869568, mean_queue:11.094444274902344
intersection:5, mean_episode_reward:0.3697219789028168, mean_queue:10.397222518920898
intersection:6, mean_episode_reward:0.3613889813423157, mean_queue:11.100000381469727
intersection:7, mean_episode_reward:-0.7013888955116272, mean_queue:10.458333015441895
intersection:8, mean_episode_reward:-0.7888884544372559, mean_queue:10.79444408416748
intersection:9, mean_episode_reward:0.12055559456348419, mean_queue:10.755555152893066
intersection:10, mean_episode_reward:-0.13333331048488617, mean_queue:11.286110877990723
intersection:11, mean_episode_reward:0.16249993443489075, mean_queue:10.366666793823242
intersection:12, mean_episode_reward:-1.3572221994400024, mean_queue:11.11388874053955
intersection:13, mean_episode_reward:-0.50083327293396, mean_queue:10.797222137451172
intersection:14, mean_episode_reward:-0.6130555272102356, mean_queue:10.758333206176758
intersection:15, mean_episode_reward:-1.5738886594772339, mean_queue:11.038888931274414
intersection:16, mean_episode_reward:0.08138887584209442, mean_queue:0.7749999761581421
intersection:17, mean_episode_reward:0.13055557012557983, mean_queue:0.7777777910232544
intersection:18, mean_episode_reward:0.048888884484767914, mean_queue:0.7888888716697693
intersection:19, mean_episode_reward:0.3238888084888458, mean_queue:0.8166666626930237
intersection:20, mean_episode_reward:0.14638885855674744, mean_queue:0.7527777552604675
intersection:21, mean_episode_reward:0.1297222226858139, mean_queue:0.8138889074325562
intersection:22, mean_episode_reward:0.08861106634140015, mean_queue:0.7888888716697693
intersection:23, mean_episode_reward:0.1555556356906891, mean_queue:0.7805555462837219
intersection:24, mean_episode_reward:0.24555562436580658, mean_queue:0.7749999761581421
intersection:25, mean_episode_reward:0.20111113786697388, mean_queue:0.7749999761581421
intersection:26, mean_episode_reward:0.15916669368743896, mean_queue:0.75
intersection:27, mean_episode_reward:0.08777779340744019, mean_queue:0.769444465637207
intersection:28, mean_episode_reward:0.18888884782791138, mean_queue:0.7833333611488342
intersection:29, mean_episode_reward:0.13055558502674103, mean_queue:0.8333333134651184
intersection:30, mean_episode_reward:0.11305554956197739, mean_queue:0.8722222447395325
intersection:31, mean_episode_reward:0.07499999552965164, mean_queue:0.8083333373069763
Test step:36/200, travel time :259.57592722183347, rewards:-6.500557454427083, queue:5.821267361111111, delay:0.058243947558932835, throughput:1429
[CrossingProxy] total ped calls this episode: 234
step:3600/3600, q_loss:0.9144368767738342, rewards:-6.581111653645833, queue:5.799739583333333, delay:0.05801566971672906, throughput:1425
episode:37/200, real avg travel time:258.939649122807
intersection:0, mean_episode_reward:-0.7341664433479309, mean_queue:10.61111068725586
intersection:1, mean_episode_reward:-0.5499999523162842, mean_queue:10.755555152893066
intersection:2, mean_episode_reward:-0.6897222995758057, mean_queue:11.063888549804688
intersection:3, mean_episode_reward:-0.9288885593414307, mean_queue:10.277777671813965
intersection:4, mean_episode_reward:-0.7166669964790344, mean_queue:11.163888931274414
intersection:5, mean_episode_reward:0.46583348512649536, mean_queue:10.441666603088379
intersection:6, mean_episode_reward:0.23777781426906586, mean_queue:11.027777671813965
intersection:7, mean_episode_reward:-0.7516664862632751, mean_queue:10.66944408416748
intersection:8, mean_episode_reward:-0.6808330416679382, mean_queue:10.922222137451172
intersection:9, mean_episode_reward:0.05499996244907379, mean_queue:10.850000381469727
intersection:10, mean_episode_reward:-0.020555559545755386, mean_queue:10.908333778381348
intersection:11, mean_episode_reward:-0.0877777561545372, mean_queue:10.54444408416748
intersection:12, mean_episode_reward:-1.2750004529953003, mean_queue:10.991666793823242
intersection:13, mean_episode_reward:-0.6655555367469788, mean_queue:10.777777671813965
intersection:14, mean_episode_reward:-0.9249998927116394, mean_queue:10.83055591583252
intersection:15, mean_episode_reward:-1.5230556726455688, mean_queue:11.094444274902344
intersection:16, mean_episode_reward:0.12805555760860443, mean_queue:0.7749999761581421
intersection:17, mean_episode_reward:0.1597222238779068, mean_queue:0.7777777910232544
intersection:18, mean_episode_reward:0.08472223579883575, mean_queue:0.7888888716697693
intersection:19, mean_episode_reward:0.2852778434753418, mean_queue:0.8166666626930237
intersection:20, mean_episode_reward:0.11777769774198532, mean_queue:0.7527777552604675
intersection:21, mean_episode_reward:0.11472216993570328, mean_queue:0.8138889074325562
intersection:22, mean_episode_reward:0.06444443017244339, mean_queue:0.7888888716697693
intersection:23, mean_episode_reward:0.1252778321504593, mean_queue:0.7805555462837219
intersection:24, mean_episode_reward:0.2194443643093109, mean_queue:0.7749999761581421
intersection:25, mean_episode_reward:0.10277777910232544, mean_queue:0.7749999761581421
intersection:26, mean_episode_reward:0.1558333784341812, mean_queue:0.75
intersection:27, mean_episode_reward:0.11194439977407455, mean_queue:0.769444465637207
intersection:28, mean_episode_reward:0.17499995231628418, mean_queue:0.7833333611488342
intersection:29, mean_episode_reward:0.16305555403232574, mean_queue:0.8333333134651184
intersection:30, mean_episode_reward:0.1177777424454689, mean_queue:0.8722222447395325
intersection:31, mean_episode_reward:0.0833333358168602, mean_queue:0.8083333373069763
Test step:37/200, travel time :258.510861948143, rewards:-6.540555826822916, queue:5.810503472222222, delay:0.05631009207831489, throughput:1427
[CrossingProxy] total ped calls this episode: 249
step:3600/3600, q_loss:0.8991227149963379, rewards:-6.6386094835069445, queue:5.821875, delay:0.05793249342176649, throughput:1430
episode:38/200, real avg travel time:260.1972027972028
intersection:0, mean_episode_reward:-0.9288886785507202, mean_queue:10.672222137451172
intersection:1, mean_episode_reward:-0.42805564403533936, mean_queue:10.66944408416748
intersection:2, mean_episode_reward:-0.8488892316818237, mean_queue:11.29444408416748
intersection:3, mean_episode_reward:-1.242499828338623, mean_queue:10.41944408416748
intersection:4, mean_episode_reward:-0.5288887619972229, mean_queue:11.072221755981445
intersection:5, mean_episode_reward:0.29805561900138855, mean_queue:10.719444274902344
intersection:6, mean_episode_reward:0.49000027775764465, mean_queue:10.836111068725586
intersection:7, mean_episode_reward:-0.7469444870948792, mean_queue:10.45555591583252
intersection:8, mean_episode_reward:-0.6313888430595398, mean_queue:10.702777862548828
intersection:9, mean_episode_reward:-0.05444440245628357, mean_queue:10.94444465637207
intersection:10, mean_episode_reward:0.062222231179475784, mean_queue:10.952777862548828
intersection:11, mean_episode_reward:0.42111116647720337, mean_queue:10.36388874053955
intersection:12, mean_episode_reward:-1.5941660404205322, mean_queue:11.23888874053955
intersection:13, mean_episode_reward:-0.7130553126335144, mean_queue:11.027777671813965
intersection:14, mean_episode_reward:-0.640277624130249, mean_queue:10.769444465637207
intersection:15, mean_episode_reward:-1.9274994134902954, mean_queue:11.5
intersection:16, mean_episode_reward:0.12666665017604828, mean_queue:0.7749999761581421
intersection:17, mean_episode_reward:0.13527780771255493, mean_queue:0.7777777910232544
intersection:18, mean_episode_reward:0.09861112385988235, mean_queue:0.7888888716697693
intersection:19, mean_episode_reward:0.3450000286102295, mean_queue:0.8166666626930237
intersection:20, mean_episode_reward:0.10611109435558319, mean_queue:0.7527777552604675
intersection:21, mean_episode_reward:0.15611115097999573, mean_queue:0.8138889074325562
intersection:22, mean_episode_reward:0.09111105650663376, mean_queue:0.7888888716697693
intersection:23, mean_episode_reward:0.13888897001743317, mean_queue:0.7805555462837219
intersection:24, mean_episode_reward:0.29444441199302673, mean_queue:0.7749999761581421
intersection:25, mean_episode_reward:0.12861110270023346, mean_queue:0.7749999761581421
intersection:26, mean_episode_reward:0.13027779757976532, mean_queue:0.75
intersection:27, mean_episode_reward:0.08916666358709335, mean_queue:0.769444465637207
intersection:28, mean_episode_reward:0.1797221451997757, mean_queue:0.7833333611488342
intersection:29, mean_episode_reward:0.1319444626569748, mean_queue:0.8333333134651184
intersection:30, mean_episode_reward:0.1477777659893036, mean_queue:0.8722222447395325
intersection:31, mean_episode_reward:0.07527777552604675, mean_queue:0.8083333373069763
Test step:38/200, travel time :258.5944055944056, rewards:-6.2852783203125, queue:5.8167534722222225, delay:0.05863048765394423, throughput:1430
[CrossingProxy] total ped calls this episode: 252
step:3600/3600, q_loss:0.8826560378074646, rewards:-6.398890516493055, queue:5.7859375, delay:0.05814000765482585, throughput:1430
episode:39/200, real avg travel time:256.8286713286713
intersection:0, mean_episode_reward:-0.7958335876464844, mean_queue:10.686111450195312
intersection:1, mean_episode_reward:-0.5480555295944214, mean_queue:10.558333396911621
intersection:2, mean_episode_reward:-0.7783339023590088, mean_queue:11.066666603088379
intersection:3, mean_episode_reward:-1.1177778244018555, mean_queue:10.252778053283691
intersection:4, mean_episode_reward:-0.19638894498348236, mean_queue:10.977777481079102
intersection:5, mean_episode_reward:-0.1458333134651184, mean_queue:10.663888931274414
intersection:6, mean_episode_reward:0.2694444954395294, mean_queue:10.813888549804688
intersection:7, mean_episode_reward:-0.6166665554046631, mean_queue:10.58055591583252
intersection:8, mean_episode_reward:-0.5838889479637146, mean_queue:10.816666603088379
intersection:9, mean_episode_reward:-0.20166677236557007, mean_queue:10.838889122009277
intersection:10, mean_episode_reward:0.0783333033323288, mean_queue:10.88611125946045
intersection:11, mean_episode_reward:-0.20638886094093323, mean_queue:10.561111450195312
intersection:12, mean_episode_reward:-1.4188884496688843, mean_queue:11.333333015441895
intersection:13, mean_episode_reward:-0.6097222566604614, mean_queue:10.838889122009277
intersection:14, mean_episode_reward:-0.45333331823349, mean_queue:10.597222328186035
intersection:15, mean_episode_reward:-1.5758341550827026, mean_queue:11.016666412353516
intersection:16, mean_episode_reward:0.0877777710556984, mean_queue:0.7749999761581421
intersection:17, mean_episode_reward:0.08611113578081131, mean_queue:0.7777777910232544
intersection:18, mean_episode_reward:0.0602777861058712, mean_queue:0.7888888716697693
intersection:19, mean_episode_reward:0.20527775585651398, mean_queue:0.8166666626930237
intersection:20, mean_episode_reward:0.14222216606140137, mean_queue:0.7527777552604675
intersection:21, mean_episode_reward:0.11583327502012253, mean_queue:0.8138889074325562
intersection:22, mean_episode_reward:0.12388886511325836, mean_queue:0.7888888716697693
intersection:23, mean_episode_reward:0.11027785390615463, mean_queue:0.7805555462837219
intersection:24, mean_episode_reward:0.6297221183776855, mean_queue:0.7749999761581421
intersection:25, mean_episode_reward:0.12000000476837158, mean_queue:0.7749999761581421
intersection:26, mean_episode_reward:0.1594444364309311, mean_queue:0.75
intersection:27, mean_episode_reward:0.14111106097698212, mean_queue:0.769444465637207
intersection:28, mean_episode_reward:0.1638888120651245, mean_queue:0.7833333611488342
intersection:29, mean_episode_reward:0.13111113011837006, mean_queue:0.8333333134651184
intersection:30, mean_episode_reward:0.15194442868232727, mean_queue:0.8722222447395325
intersection:31, mean_episode_reward:0.07305556535720825, mean_queue:0.8083333373069763
Test step:39/200, travel time :258.33846153846156, rewards:-6.331943088107639, queue:5.790885416666667, delay:0.059195433722602, throughput:1430
[CrossingProxy] total ped calls this episode: 245
step:3600/3600, q_loss:0.8945751786231995, rewards:-7.043889702690972, queue:5.867881944444444, delay:0.059614239798651804, throughput:1426
episode:40/200, real avg travel time:264.9158485273492
intersection:0, mean_episode_reward:-1.0105559825897217, mean_queue:10.847222328186035
intersection:1, mean_episode_reward:-0.38805562257766724, mean_queue:10.70555591583252
intersection:2, mean_episode_reward:-0.6736109852790833, mean_queue:11.211111068725586
intersection:3, mean_episode_reward:-1.3008334636688232, mean_queue:10.727777481079102
intersection:4, mean_episode_reward:-0.5949998497962952, mean_queue:11.258333206176758
intersection:5, mean_episode_reward:-0.08361106365919113, mean_queue:10.69444465637207
intersection:6, mean_episode_reward:0.4624999463558197, mean_queue:10.816666603088379
intersection:7, mean_episode_reward:-0.8961113691329956, mean_queue:10.63611125946045
intersection:8, mean_episode_reward:-1.4386107921600342, mean_queue:11.941666603088379
intersection:9, mean_episode_reward:0.014444451779127121, mean_queue:10.73611068725586
intersection:10, mean_episode_reward:0.12805555760860443, mean_queue:11.047222137451172
intersection:11, mean_episode_reward:-0.17500002682209015, mean_queue:10.44444465637207
intersection:12, mean_episode_reward:-0.5511109828948975, mean_queue:11.274999618530273
intersection:13, mean_episode_reward:-0.7186108231544495, mean_queue:10.841666221618652
intersection:14, mean_episode_reward:-1.2141668796539307, mean_queue:11.211111068725586
intersection:15, mean_episode_reward:-0.9586109519004822, mean_queue:10.716666221618652
intersection:16, mean_episode_reward:0.09027775377035141, mean_queue:0.7749999761581421
intersection:17, mean_episode_reward:0.14750000834465027, mean_queue:0.7777777910232544
intersection:18, mean_episode_reward:0.0786111056804657, mean_queue:0.7888888716697693
intersection:19, mean_episode_reward:0.2897222936153412, mean_queue:0.8166666626930237
intersection:20, mean_episode_reward:0.11611102521419525, mean_queue:0.7527777552604675
intersection:21, mean_episode_reward:0.14111113548278809, mean_queue:0.8138889074325562
intersection:22, mean_episode_reward:0.06583332270383835, mean_queue:0.7888888716697693
intersection:23, mean_episode_reward:0.04444444924592972, mean_queue:0.7805555462837219
intersection:24, mean_episode_reward:0.26694443821907043, mean_queue:0.7749999761581421
intersection:25, mean_episode_reward:0.16916663944721222, mean_queue:0.7749999761581421
intersection:26, mean_episode_reward:0.26916661858558655, mean_queue:0.75
intersection:27, mean_episode_reward:0.12888884544372559, mean_queue:0.769444465637207
intersection:28, mean_episode_reward:0.22416648268699646, mean_queue:0.7833333611488342
intersection:29, mean_episode_reward:0.12722225487232208, mean_queue:0.8333333134651184
intersection:30, mean_episode_reward:0.12416666001081467, mean_queue:0.8722222447395325
intersection:31, mean_episode_reward:0.0716666728258133, mean_queue:0.8083333373069763
Test step:40/200, travel time :255.47169811320754, rewards:-6.135556369357639, queue:5.790277777777778, delay:0.0596442010667589, throughput:1431
[CrossingProxy] total ped calls this episode: 246
step:3600/3600, q_loss:0.8999007940292358, rewards:-6.517501491970486, queue:5.797309027777778, delay:0.05904255972968207, throughput:1429
episode:41/200, real avg travel time:257.5598320503849
intersection:0, mean_episode_reward:-0.8474998474121094, mean_queue:10.758333206176758
intersection:1, mean_episode_reward:-0.6288887858390808, mean_queue:10.747221946716309
intersection:2, mean_episode_reward:-0.7324997782707214, mean_queue:11.083333015441895
intersection:3, mean_episode_reward:-1.1766672134399414, mean_queue:10.438888549804688
intersection:4, mean_episode_reward:-0.733889102935791, mean_queue:11.175000190734863
intersection:5, mean_episode_reward:0.09472226351499557, mean_queue:10.597222328186035
intersection:6, mean_episode_reward:0.4316668212413788, mean_queue:10.813888549804688
intersection:7, mean_episode_reward:-0.6236108541488647, mean_queue:10.427778244018555
intersection:8, mean_episode_reward:-0.807222843170166, mean_queue:11.01388931274414
intersection:9, mean_episode_reward:0.152777761220932, mean_queue:10.786110877990723
intersection:10, mean_episode_reward:0.15833337604999542, mean_queue:11.11388874053955
intersection:11, mean_episode_reward:-0.5591666102409363, mean_queue:10.816666603088379
intersection:12, mean_episode_reward:-1.0630559921264648, mean_queue:10.933333396911621
intersection:13, mean_episode_reward:-0.6713889837265015, mean_queue:10.811111450195312
intersection:14, mean_episode_reward:-0.5588891506195068, mean_queue:10.586111068725586
intersection:15, mean_episode_reward:-1.1430559158325195, mean_queue:10.75
intersection:16, mean_episode_reward:0.1272222250699997, mean_queue:0.7749999761581421
intersection:17, mean_episode_reward:0.12333335727453232, mean_queue:0.7777777910232544
intersection:18, mean_episode_reward:0.056388888508081436, mean_queue:0.7888888716697693
intersection:19, mean_episode_reward:0.20138885080814362, mean_queue:0.8166666626930237
intersection:20, mean_episode_reward:0.11611103266477585, mean_queue:0.7527777552604675
intersection:21, mean_episode_reward:0.13333334028720856, mean_queue:0.8138889074325562
intersection:22, mean_episode_reward:0.10111105442047119, mean_queue:0.7888888716697693
intersection:23, mean_episode_reward:0.06638889014720917, mean_queue:0.7805555462837219
intersection:24, mean_episode_reward:0.2713890075683594, mean_queue:0.7749999761581421
intersection:25, mean_episode_reward:0.1524999737739563, mean_queue:0.7749999761581421
intersection:26, mean_episode_reward:0.17027780413627625, mean_queue:0.75
intersection:27, mean_episode_reward:0.11249998211860657, mean_queue:0.769444465637207
intersection:28, mean_episode_reward:0.18555550277233124, mean_queue:0.7833333611488342
intersection:29, mean_episode_reward:0.14472225308418274, mean_queue:0.8333333134651184
intersection:30, mean_episode_reward:0.14944441616535187, mean_queue:0.8722222447395325
intersection:31, mean_episode_reward:0.07916668057441711, mean_queue:0.8083333373069763
Test step:41/200, travel time :261.4821802935011, rewards:-6.81805419921875, queue:5.831597222222222, delay:0.061416228612264, throughput:1431
[CrossingProxy] total ped calls this episode: 229
step:3600/3600, q_loss:0.9048389196395874, rewards:-6.557500542534722, queue:5.820399305555555, delay:0.05985180536905924, throughput:1428
episode:42/200, real avg travel time:260.2843137254902
intersection:0, mean_episode_reward:-0.905277669429779, mean_queue:10.883333206176758
intersection:1, mean_episode_reward:-0.661111056804657, mean_queue:10.797222137451172
intersection:2, mean_episode_reward:-0.8100001811981201, mean_queue:11.102777481079102
intersection:3, mean_episode_reward:-1.1727774143218994, mean_queue:10.352777481079102
intersection:4, mean_episode_reward:-0.6902778744697571, mean_queue:11.45555591583252
intersection:5, mean_episode_reward:0.40361103415489197, mean_queue:10.76111125946045
intersection:6, mean_episode_reward:0.27944445610046387, mean_queue:10.772222518920898
intersection:7, mean_episode_reward:-0.5405555963516235, mean_queue:10.336111068725586
intersection:8, mean_episode_reward:-0.7563886642456055, mean_queue:10.922222137451172
intersection:9, mean_episode_reward:-0.16277781128883362, mean_queue:10.850000381469727
intersection:10, mean_episode_reward:0.12694448232650757, mean_queue:11.022222518920898
intersection:11, mean_episode_reward:-0.23444435000419617, mean_queue:10.483333587646484
intersection:12, mean_episode_reward:-1.0044443607330322, mean_queue:11.100000381469727
intersection:13, mean_episode_reward:-0.4983333945274353, mean_queue:10.725000381469727
intersection:14, mean_episode_reward:-0.67083340883255, mean_queue:10.891666412353516
intersection:15, mean_episode_reward:-1.5241671800613403, mean_queue:11.13611125946045
intersection:16, mean_episode_reward:0.13249997794628143, mean_queue:0.7749999761581421
intersection:17, mean_episode_reward:0.10722225159406662, mean_queue:0.7777777910232544
intersection:18, mean_episode_reward:0.06333334743976593, mean_queue:0.7888888716697693
intersection:19, mean_episode_reward:0.23972223699092865, mean_queue:0.8166666626930237
intersection:20, mean_episode_reward:0.15749989449977875, mean_queue:0.7527777552604675
intersection:21, mean_episode_reward:0.12555555999279022, mean_queue:0.8138889074325562
intersection:22, mean_episode_reward:0.1688888520002365, mean_queue:0.7888888716697693
intersection:23, mean_episode_reward:0.07833340764045715, mean_queue:0.7805555462837219
intersection:24, mean_episode_reward:0.2986111044883728, mean_queue:0.7749999761581421
intersection:25, mean_episode_reward:0.11388889700174332, mean_queue:0.7749999761581421
intersection:26, mean_episode_reward:0.1391666978597641, mean_queue:0.75
intersection:27, mean_episode_reward:0.15527774393558502, mean_queue:0.769444465637207
intersection:28, mean_episode_reward:0.17472214996814728, mean_queue:0.7833333611488342
intersection:29, mean_episode_reward:0.11805561184883118, mean_queue:0.8333333134651184
intersection:30, mean_episode_reward:0.10805556178092957, mean_queue:0.8722222447395325
intersection:31, mean_episode_reward:0.08305556327104568, mean_queue:0.8083333373069763
Test step:42/200, travel time :267.8436845778088, rewards:-6.253611246744792, queue:5.873697916666667, delay:0.06297023561265734, throughput:1433
[CrossingProxy] total ped calls this episode: 268
step:3600/3600, q_loss:0.9047993421554565, rewards:-6.3449998643663195, queue:5.797829861111111, delay:0.05892551210191515, throughput:1430
episode:43/200, real avg travel time:257.91678321678324
intersection:0, mean_episode_reward:-0.7730556130409241, mean_queue:10.741666793823242
intersection:1, mean_episode_reward:-0.43194442987442017, mean_queue:10.524999618530273
intersection:2, mean_episode_reward:-1.0622220039367676, mean_queue:11.397222518920898
intersection:3, mean_episode_reward:-0.9222224950790405, mean_queue:10.36388874053955
intersection:4, mean_episode_reward:-0.8597221374511719, mean_queue:11.183333396911621
intersection:5, mean_episode_reward:0.35222214460372925, mean_queue:10.458333015441895
intersection:6, mean_episode_reward:0.5599998831748962, mean_queue:10.708333015441895
intersection:7, mean_episode_reward:-0.3336111605167389, mean_queue:10.336111068725586
intersection:8, mean_episode_reward:-0.6602776050567627, mean_queue:10.841666221618652
intersection:9, mean_episode_reward:-0.40166667103767395, mean_queue:11.105555534362793
intersection:10, mean_episode_reward:0.15833324193954468, mean_queue:10.997221946716309
intersection:11, mean_episode_reward:-0.630277693271637, mean_queue:10.752778053283691
intersection:12, mean_episode_reward:-1.0374997854232788, mean_queue:10.983333587646484
intersection:13, mean_episode_reward:-0.5169444680213928, mean_queue:10.813888549804688
intersection:14, mean_episode_reward:-0.8441662192344666, mean_queue:10.91944408416748
intersection:15, mean_episode_reward:-1.0525000095367432, mean_queue:10.741666793823242
intersection:16, mean_episode_reward:0.09749999642372131, mean_queue:0.7749999761581421
intersection:17, mean_episode_reward:0.12861114740371704, mean_queue:0.7777777910232544
intersection:18, mean_episode_reward:0.05472223460674286, mean_queue:0.7888888716697693
intersection:19, mean_episode_reward:0.22305560111999512, mean_queue:0.8166666626930237
intersection:20, mean_episode_reward:0.14638882875442505, mean_queue:0.7527777552604675
intersection:21, mean_episode_reward:0.11138883233070374, mean_queue:0.8138889074325562
intersection:22, mean_episode_reward:0.059722211211919785, mean_queue:0.7888888716697693
intersection:23, mean_episode_reward:0.12500005960464478, mean_queue:0.7805555462837219
intersection:24, mean_episode_reward:0.2527777850627899, mean_queue:0.7749999761581421
intersection:25, mean_episode_reward:0.08055554330348969, mean_queue:0.7749999761581421
intersection:26, mean_episode_reward:0.12888893485069275, mean_queue:0.75
intersection:27, mean_episode_reward:0.1413888782262802, mean_queue:0.769444465637207
intersection:28, mean_episode_reward:0.1752777248620987, mean_queue:0.7833333611488342
intersection:29, mean_episode_reward:0.1575000286102295, mean_queue:0.8333333134651184
intersection:30, mean_episode_reward:0.14694438874721527, mean_queue:0.8722222447395325
intersection:31, mean_episode_reward:0.08083334565162659, mean_queue:0.8083333373069763
Test step:43/200, travel time :260.96013986013986, rewards:-6.520834689670139, queue:5.834114583333333, delay:0.0601270251803928, throughput:1430
[CrossingProxy] total ped calls this episode: 230
step:3600/3600, q_loss:0.8947518467903137, rewards:-6.331388346354166, queue:5.804774305555555, delay:0.06026191711425781, throughput:1427
episode:44/200, real avg travel time:258.39313244569024
intersection:0, mean_episode_reward:-0.8588891625404358, mean_queue:10.780555725097656
intersection:1, mean_episode_reward:-0.6902778148651123, mean_queue:10.725000381469727
intersection:2, mean_episode_reward:-0.9822221398353577, mean_queue:11.283333778381348
intersection:3, mean_episode_reward:-1.1705552339553833, mean_queue:10.452777862548828
intersection:4, mean_episode_reward:-0.4380553066730499, mean_queue:11.097222328186035
intersection:5, mean_episode_reward:-0.10277768969535828, mean_queue:10.827777862548828
intersection:6, mean_episode_reward:0.2430555522441864, mean_queue:11.01388931274414
intersection:7, mean_episode_reward:-0.6513891220092773, mean_queue:10.358333587646484
intersection:8, mean_episode_reward:-0.6080553531646729, mean_queue:10.850000381469727
intersection:9, mean_episode_reward:0.13250011205673218, mean_queue:10.75
intersection:10, mean_episode_reward:0.32055550813674927, mean_queue:11.05555534362793
intersection:11, mean_episode_reward:-0.42944446206092834, mean_queue:10.58055591583252
intersection:12, mean_episode_reward:-1.0755555629730225, mean_queue:11.152777671813965
intersection:13, mean_episode_reward:-0.6205556988716125, mean_queue:10.741666793823242
intersection:14, mean_episode_reward:-0.4613889455795288, mean_queue:10.594444274902344
intersection:15, mean_episode_reward:-1.38944411277771, mean_queue:10.827777862548828
intersection:16, mean_episode_reward:0.07694444060325623, mean_queue:0.7749999761581421
intersection:17, mean_episode_reward:0.11333335936069489, mean_queue:0.7777777910232544
intersection:18, mean_episode_reward:0.12694446742534637, mean_queue:0.7888888716697693
intersection:19, mean_episode_reward:0.2638889253139496, mean_queue:0.8166666626930237
intersection:20, mean_episode_reward:0.16749992966651917, mean_queue:0.7527777552604675
intersection:21, mean_episode_reward:0.09861105680465698, mean_queue:0.8138889074325562
intersection:22, mean_episode_reward:0.1688888520002365, mean_queue:0.7888888716697693
intersection:23, mean_episode_reward:0.12944450974464417, mean_queue:0.7805555462837219
intersection:24, mean_episode_reward:0.3216666579246521, mean_queue:0.7749999761581421
intersection:25, mean_episode_reward:0.13583332300186157, mean_queue:0.7749999761581421
intersection:26, mean_episode_reward:0.11722223460674286, mean_queue:0.75
intersection:27, mean_episode_reward:0.10583333671092987, mean_queue:0.769444465637207
intersection:28, mean_episode_reward:0.21472212672233582, mean_queue:0.7833333611488342
intersection:29, mean_episode_reward:0.11666669696569443, mean_queue:0.8333333134651184
intersection:30, mean_episode_reward:0.17722216248512268, mean_queue:0.8722222447395325
intersection:31, mean_episode_reward:0.11638889461755753, mean_queue:0.8083333373069763
Test step:44/200, travel time :257.8099231306779, rewards:-6.928055826822916, queue:5.803298611111111, delay:0.05903267860412598, throughput:1431
[CrossingProxy] total ped calls this episode: 221
step:3600/3600, q_loss:0.9032685160636902, rewards:-6.424723307291667, queue:5.786024305555555, delay:0.058636416329277886, throughput:1426
episode:45/200, real avg travel time:258.0056100981767
intersection:0, mean_episode_reward:-0.8422219753265381, mean_queue:10.747221946716309
intersection:1, mean_episode_reward:-0.6275001168251038, mean_queue:10.644444465637207
intersection:2, mean_episode_reward:-0.7205554246902466, mean_queue:11.066666603088379
intersection:3, mean_episode_reward:-1.2500001192092896, mean_queue:10.366666793823242
intersection:4, mean_episode_reward:-0.39416685700416565, mean_queue:11.227777481079102
intersection:5, mean_episode_reward:-0.20750004053115845, mean_queue:10.716666221618652
intersection:6, mean_episode_reward:0.2652777433395386, mean_queue:10.833333015441895
intersection:7, mean_episode_reward:-0.554722249507904, mean_queue:10.288888931274414
intersection:8, mean_episode_reward:-0.7844447493553162, mean_queue:11.033333778381348
intersection:9, mean_episode_reward:0.29333338141441345, mean_queue:10.563888549804688
intersection:10, mean_episode_reward:0.026111062616109848, mean_queue:11.141666412353516
intersection:11, mean_episode_reward:-0.21444450318813324, mean_queue:10.469444274902344
intersection:12, mean_episode_reward:-0.9108332395553589, mean_queue:10.952777862548828
intersection:13, mean_episode_reward:-0.640277624130249, mean_queue:10.747221946716309
intersection:14, mean_episode_reward:-0.6680557727813721, mean_queue:10.841666221618652
intersection:15, mean_episode_reward:-1.478055715560913, mean_queue:10.850000381469727
intersection:16, mean_episode_reward:0.06416665017604828, mean_queue:0.7749999761581421
intersection:17, mean_episode_reward:0.16027778387069702, mean_queue:0.7777777910232544
intersection:18, mean_episode_reward:0.051388900727033615, mean_queue:0.7888888716697693
intersection:19, mean_episode_reward:0.20666669309139252, mean_queue:0.8166666626930237
intersection:20, mean_episode_reward:0.16027769446372986, mean_queue:0.7527777552604675
intersection:21, mean_episode_reward:0.13083332777023315, mean_queue:0.8138889074325562
intersection:22, mean_episode_reward:0.16916662454605103, mean_queue:0.7888888716697693
intersection:23, mean_episode_reward:0.10277785360813141, mean_queue:0.7805555462837219
intersection:24, mean_episode_reward:0.2608334422111511, mean_queue:0.7749999761581421
intersection:25, mean_episode_reward:0.08861111849546432, mean_queue:0.7749999761581421
intersection:26, mean_episode_reward:0.1733333319425583, mean_queue:0.75
intersection:27, mean_episode_reward:0.14416664838790894, mean_queue:0.769444465637207
intersection:28, mean_episode_reward:0.1827777624130249, mean_queue:0.7833333611488342
intersection:29, mean_episode_reward:0.16555558145046234, mean_queue:0.8333333134651184
intersection:30, mean_episode_reward:0.15194439888000488, mean_queue:0.8722222447395325
intersection:31, mean_episode_reward:0.07055555284023285, mean_queue:0.8083333373069763
Test step:45/200, travel time :257.44142259414224, rewards:-6.649166531032986, queue:5.781336805555555, delay:0.057828055487738714, throughput:1434
[CrossingProxy] total ped calls this episode: 247
step:3600/3600, q_loss:0.909944474697113, rewards:-6.529443359375, queue:5.780555555555556, delay:0.05754629770914713, throughput:1432
episode:46/200, real avg travel time:255.87849162011173
intersection:0, mean_episode_reward:-0.7233332395553589, mean_queue:10.622221946716309
intersection:1, mean_episode_reward:-0.5647220611572266, mean_queue:10.800000190734863
intersection:2, mean_episode_reward:-0.6836111545562744, mean_queue:11.225000381469727
intersection:3, mean_episode_reward:-1.2886114120483398, mean_queue:10.519444465637207
intersection:4, mean_episode_reward:-0.47111111879348755, mean_queue:11.036110877990723
intersection:5, mean_episode_reward:0.167222261428833, mean_queue:10.586111068725586
intersection:6, mean_episode_reward:0.13111108541488647, mean_queue:10.899999618530273
intersection:7, mean_episode_reward:-0.5347220301628113, mean_queue:10.366666793823242
intersection:8, mean_episode_reward:-0.639166533946991, mean_queue:10.788888931274414
intersection:9, mean_episode_reward:0.11638893187046051, mean_queue:10.63888931274414
intersection:10, mean_episode_reward:0.18916667997837067, mean_queue:11.052778244018555
intersection:11, mean_episode_reward:-0.44416677951812744, mean_queue:10.541666984558105
intersection:12, mean_episode_reward:-0.8630553483963013, mean_queue:10.741666793823242
intersection:13, mean_episode_reward:-0.8922216892242432, mean_queue:10.816666603088379
intersection:14, mean_episode_reward:-0.8480555415153503, mean_queue:10.838889122009277
intersection:15, mean_episode_reward:-1.2655550241470337, mean_queue:10.841666221618652
intersection:16, mean_episode_reward:0.03611111268401146, mean_queue:0.7749999761581421
intersection:17, mean_episode_reward:0.09250001609325409, mean_queue:0.7777777910232544
intersection:18, mean_episode_reward:0.048888906836509705, mean_queue:0.7888888716697693
intersection:19, mean_episode_reward:0.2319444864988327, mean_queue:0.8166666626930237
intersection:20, mean_episode_reward:0.1594444066286087, mean_queue:0.7527777552604675
intersection:21, mean_episode_reward:0.15111111104488373, mean_queue:0.8138889074325562
intersection:22, mean_episode_reward:0.10083328187465668, mean_queue:0.7888888716697693
intersection:23, mean_episode_reward:0.09250007569789886, mean_queue:0.7805555462837219
intersection:24, mean_episode_reward:0.2225000411272049, mean_queue:0.7749999761581421
intersection:25, mean_episode_reward:0.10166667401790619, mean_queue:0.7749999761581421
intersection:26, mean_episode_reward:0.19361115992069244, mean_queue:0.75
intersection:27, mean_episode_reward:0.11249996721744537, mean_queue:0.769444465637207
intersection:28, mean_episode_reward:0.16111107170581818, mean_queue:0.7833333611488342
intersection:29, mean_episode_reward:0.13388893008232117, mean_queue:0.8333333134651184
intersection:30, mean_episode_reward:0.16499994695186615, mean_queue:0.8722222447395325
intersection:31, mean_episode_reward:0.08138890564441681, mean_queue:0.8083333373069763
Test step:46/200, travel time :250.82332402234636, rewards:-6.413889567057292, queue:5.747222222222222, delay:0.05664665434095595, throughput:1432
[CrossingProxy] total ped calls this episode: 237
step:3600/3600, q_loss:0.9056750535964966, rewards:-6.430833604600695, queue:5.825607638888889, delay:0.06051754421657986, throughput:1432
episode:47/200, real avg travel time:262.32262569832403
intersection:0, mean_episode_reward:-0.7711109519004822, mean_queue:10.61388874053955
intersection:1, mean_episode_reward:-0.49249976873397827, mean_queue:10.66944408416748
intersection:2, mean_episode_reward:-0.7355557680130005, mean_queue:11.127778053283691
intersection:3, mean_episode_reward:-1.2138888835906982, mean_queue:10.51388931274414
intersection:4, mean_episode_reward:-0.4436112642288208, mean_queue:11.333333015441895
intersection:5, mean_episode_reward:-0.1319444179534912, mean_queue:11.166666984558105
intersection:6, mean_episode_reward:0.446388840675354, mean_queue:10.719444274902344
intersection:7, mean_episode_reward:-0.5669441819190979, mean_queue:10.51388931274414
intersection:8, mean_episode_reward:-0.9152779579162598, mean_queue:11.083333015441895
intersection:9, mean_episode_reward:0.16222219169139862, mean_queue:10.813888549804688
intersection:10, mean_episode_reward:0.03777774050831795, mean_queue:11.086111068725586
intersection:11, mean_episode_reward:-0.2116667479276657, mean_queue:10.522222518920898
intersection:12, mean_episode_reward:-1.0133336782455444, mean_queue:10.977777481079102
intersection:13, mean_episode_reward:-0.7855555415153503, mean_queue:10.847222328186035
intersection:14, mean_episode_reward:-0.401388943195343, mean_queue:10.583333015441895
intersection:15, mean_episode_reward:-1.5466665029525757, mean_queue:11.186111450195312
intersection:16, mean_episode_reward:0.09055554866790771, mean_queue:0.7749999761581421
intersection:17, mean_episode_reward:0.12888891994953156, mean_queue:0.7777777910232544
intersection:18, mean_episode_reward:0.08472225069999695, mean_queue:0.7888888716697693
intersection:19, mean_episode_reward:0.19583337008953094, mean_queue:0.8166666626930237
intersection:20, mean_episode_reward:0.18388883769512177, mean_queue:0.7527777552604675
intersection:21, mean_episode_reward:0.11416660994291306, mean_queue:0.8138889074325562
intersection:22, mean_episode_reward:0.16916663944721222, mean_queue:0.7888888716697693
intersection:23, mean_episode_reward:0.0311110969632864, mean_queue:0.7805555462837219
intersection:24, mean_episode_reward:0.21694444119930267, mean_queue:0.7749999761581421
intersection:25, mean_episode_reward:0.1158333271741867, mean_queue:0.7749999761581421
intersection:26, mean_episode_reward:0.12305557727813721, mean_queue:0.75
intersection:27, mean_episode_reward:0.11472218483686447, mean_queue:0.769444465637207
intersection:28, mean_episode_reward:0.1799999475479126, mean_queue:0.7833333611488342
intersection:29, mean_episode_reward:0.14944447576999664, mean_queue:0.8333333134651184
intersection:30, mean_episode_reward:0.14361107349395752, mean_queue:0.8722222447395325
intersection:31, mean_episode_reward:0.11027774959802628, mean_queue:0.8083333373069763
Test step:47/200, travel time :256.85504201680675, rewards:-6.868610975477431, queue:5.7875, delay:0.058029572168986, throughput:1428
[CrossingProxy] total ped calls this episode: 225
step:3600/3600, q_loss:0.9103025794029236, rewards:-6.458053927951389, queue:5.777083333333334, delay:0.057958094278971355, throughput:1432
episode:48/200, real avg travel time:256.1480446927374
intersection:0, mean_episode_reward:-0.9013888239860535, mean_queue:10.655555725097656
intersection:1, mean_episode_reward:-0.8186107277870178, mean_queue:10.79444408416748
intersection:2, mean_episode_reward:-0.5680555105209351, mean_queue:10.972222328186035
intersection:3, mean_episode_reward:-1.2783324718475342, mean_queue:10.475000381469727
intersection:4, mean_episode_reward:-0.4391663074493408, mean_queue:10.980555534362793
intersection:5, mean_episode_reward:0.3338888883590698, mean_queue:10.427778244018555
intersection:6, mean_episode_reward:0.28305551409721375, mean_queue:10.936111450195312
intersection:7, mean_episode_reward:-0.3980558216571808, mean_queue:10.533333778381348
intersection:8, mean_episode_reward:-0.7194445133209229, mean_queue:10.98888874053955
intersection:9, mean_episode_reward:0.08888886868953705, mean_queue:10.597222328186035
intersection:10, mean_episode_reward:-0.12916669249534607, mean_queue:11.033333778381348
intersection:11, mean_episode_reward:-0.2911111116409302, mean_queue:10.530555725097656
intersection:12, mean_episode_reward:-0.8269442319869995, mean_queue:10.997221946716309
intersection:13, mean_episode_reward:-0.7452774047851562, mean_queue:10.744444847106934
intersection:14, mean_episode_reward:-0.7008333802223206, mean_queue:10.652777671813965
intersection:15, mean_episode_reward:-1.4325000047683716, mean_queue:10.88611125946045
intersection:16, mean_episode_reward:0.07805556058883667, mean_queue:0.7749999761581421
intersection:17, mean_episode_reward:0.09861112385988235, mean_queue:0.7777777910232544
intersection:18, mean_episode_reward:0.07916668057441711, mean_queue:0.7888888716697693
intersection:19, mean_episode_reward:0.17361116409301758, mean_queue:0.8166666626930237
intersection:20, mean_episode_reward:0.159166619181633, mean_queue:0.7527777552604675
intersection:21, mean_episode_reward:0.17722223699092865, mean_queue:0.8138889074325562
intersection:22, mean_episode_reward:0.1316666454076767, mean_queue:0.7888888716697693
intersection:23, mean_episode_reward:0.051666662096977234, mean_queue:0.7805555462837219
intersection:24, mean_episode_reward:0.22777771949768066, mean_queue:0.7749999761581421
intersection:25, mean_episode_reward:0.08972223103046417, mean_queue:0.7749999761581421
intersection:26, mean_episode_reward:0.15611110627651215, mean_queue:0.75
intersection:27, mean_episode_reward:0.13777774572372437, mean_queue:0.769444465637207
intersection:28, mean_episode_reward:0.17277774214744568, mean_queue:0.7833333611488342
intersection:29, mean_episode_reward:0.12055560946464539, mean_queue:0.8333333134651184
intersection:30, mean_episode_reward:0.16222216188907623, mean_queue:0.8722222447395325
intersection:31, mean_episode_reward:0.06888888031244278, mean_queue:0.8083333373069763
Test step:48/200, travel time :261.23862841147655, rewards:-6.19166734483507, queue:5.80859375, delay:0.058358086480034724, throughput:1429
[CrossingProxy] total ped calls this episode: 249
step:3600/3600, q_loss:0.8997015953063965, rewards:-6.688887532552084, queue:5.778385416666667, delay:0.05791379080878364, throughput:1424
episode:49/200, real avg travel time:254.40028089887642
intersection:0, mean_episode_reward:-0.6627776026725769, mean_queue:10.54444408416748
intersection:1, mean_episode_reward:-0.628055214881897, mean_queue:10.597222328186035
intersection:2, mean_episode_reward:-0.8283333778381348, mean_queue:11.102777481079102
intersection:3, mean_episode_reward:-1.1549994945526123, mean_queue:10.36388874053955
intersection:4, mean_episode_reward:-0.5186110734939575, mean_queue:11.047222137451172
intersection:5, mean_episode_reward:-0.01472221314907074, mean_queue:10.597222328186035
intersection:6, mean_episode_reward:0.41638895869255066, mean_queue:10.86111068725586
intersection:7, mean_episode_reward:-0.5180554986000061, mean_queue:10.447221755981445
intersection:8, mean_episode_reward:-0.9686107039451599, mean_queue:11.024999618530273
intersection:9, mean_episode_reward:0.2730555236339569, mean_queue:10.597222328186035
intersection:10, mean_episode_reward:-0.23777776956558228, mean_queue:11.161110877990723
intersection:11, mean_episode_reward:-0.10916664451360703, mean_queue:10.458333015441895
intersection:12, mean_episode_reward:-1.4119443893432617, mean_queue:11.152777671813965
intersection:13, mean_episode_reward:-0.4022223949432373, mean_queue:10.622221946716309
intersection:14, mean_episode_reward:-0.4227776825428009, mean_queue:10.61388874053955
intersection:15, mean_episode_reward:-1.6094441413879395, mean_queue:11.05555534362793
intersection:16, mean_episode_reward:0.032222237437963486, mean_queue:0.7749999761581421
intersection:17, mean_episode_reward:0.08527781814336777, mean_queue:0.7777777910232544
intersection:18, mean_episode_reward:0.05583333969116211, mean_queue:0.7888888716697693
intersection:19, mean_episode_reward:0.2108333855867386, mean_queue:0.8166666626930237
intersection:20, mean_episode_reward:0.16249996423721313, mean_queue:0.7527777552604675
intersection:21, mean_episode_reward:0.1083332821726799, mean_queue:0.8138889074325562
intersection:22, mean_episode_reward:0.08111107349395752, mean_queue:0.7888888716697693
intersection:23, mean_episode_reward:0.030833324417471886, mean_queue:0.7805555462837219
intersection:24, mean_episode_reward:0.4047222137451172, mean_queue:0.7749999761581421
intersection:25, mean_episode_reward:0.11055555194616318, mean_queue:0.7749999761581421
intersection:26, mean_episode_reward:0.1880556046962738, mean_queue:0.75
intersection:27, mean_episode_reward:0.12972217798233032, mean_queue:0.769444465637207
intersection:28, mean_episode_reward:0.18833330273628235, mean_queue:0.7833333611488342
intersection:29, mean_episode_reward:0.12111112475395203, mean_queue:0.8333333134651184
intersection:30, mean_episode_reward:0.13138887286186218, mean_queue:0.8722222447395325
intersection:31, mean_episode_reward:0.06833333522081375, mean_queue:0.8083333373069763
Test step:49/200, travel time :259.6555090655509, rewards:-6.623611111111111, queue:5.79453125, delay:0.05833361943562825, throughput:1434
[CrossingProxy] total ped calls this episode: 250
step:3600/3600, q_loss:0.8985525369644165, rewards:-6.3549994574652775, queue:5.805121527777778, delay:0.059008216857910155, throughput:1432
episode:50/200, real avg travel time:260.3100558659218
intersection:0, mean_episode_reward:-0.7500003576278687, mean_queue:10.675000190734863
intersection:1, mean_episode_reward:-0.7275000810623169, mean_queue:10.936111450195312
intersection:2, mean_episode_reward:-0.29527774453163147, mean_queue:11.183333396911621
intersection:3, mean_episode_reward:-1.7461110353469849, mean_queue:10.88611125946045
intersection:4, mean_episode_reward:-0.5594446659088135, mean_queue:11.144444465637207
intersection:5, mean_episode_reward:0.20972225069999695, mean_queue:10.816666603088379
intersection:6, mean_episode_reward:0.17666670680046082, mean_queue:10.963889122009277
intersection:7, mean_episode_reward:-0.5408332347869873, mean_queue:10.408333778381348
intersection:8, mean_episode_reward:-0.5030556321144104, mean_queue:10.73611068725586
intersection:9, mean_episode_reward:0.0347222201526165, mean_queue:10.552778244018555
intersection:10, mean_episode_reward:0.22749991714954376, mean_queue:11.077777862548828
intersection:11, mean_episode_reward:0.16388890147209167, mean_queue:10.347222328186035
intersection:12, mean_episode_reward:-1.0141665935516357, mean_queue:11.005555152893066
intersection:13, mean_episode_reward:-0.788055419921875, mean_queue:10.69444465637207
intersection:14, mean_episode_reward:-0.8141666054725647, mean_queue:10.802778244018555
intersection:15, mean_episode_reward:-1.409443974494934, mean_queue:10.872221946716309
intersection:16, mean_episode_reward:0.03666665777564049, mean_queue:0.7749999761581421
intersection:17, mean_episode_reward:0.11000005155801773, mean_queue:0.7777777910232544
intersection:18, mean_episode_reward:0.06583333015441895, mean_queue:0.7888888716697693
intersection:19, mean_episode_reward:0.16611114144325256, mean_queue:0.8166666626930237
intersection:20, mean_episode_reward:0.1780555099248886, mean_queue:0.7527777552604675
intersection:21, mean_episode_reward:0.13361111283302307, mean_queue:0.8138889074325562
intersection:22, mean_episode_reward:0.09583327919244766, mean_queue:0.7888888716697693
intersection:23, mean_episode_reward:0.07805559784173965, mean_queue:0.7805555462837219
intersection:24, mean_episode_reward:0.28611108660697937, mean_queue:0.7749999761581421
intersection:25, mean_episode_reward:0.10222223401069641, mean_queue:0.7749999761581421
intersection:26, mean_episode_reward:0.1319444626569748, mean_queue:0.75
intersection:27, mean_episode_reward:0.115555539727211, mean_queue:0.769444465637207
intersection:28, mean_episode_reward:0.15527774393558502, mean_queue:0.7833333611488342
intersection:29, mean_episode_reward:0.13083337247371674, mean_queue:0.8333333134651184
intersection:30, mean_episode_reward:0.1269444078207016, mean_queue:0.8722222447395325
intersection:31, mean_episode_reward:0.06749999523162842, mean_queue:0.8083333373069763
Test step:50/200, travel time :258.6925227113906, rewards:-6.613888888888889, queue:5.788454861111111, delay:0.058169693417019316, throughput:1431
[CrossingProxy] total ped calls this episode: 231
step:3600/3600, q_loss:0.902805507183075, rewards:-6.515276421440972, queue:5.791145833333333, delay:0.057858721415201826, throughput:1432
episode:51/200, real avg travel time:258.30027932960894
intersection:0, mean_episode_reward:-0.7149999141693115, mean_queue:10.608333587646484
intersection:1, mean_episode_reward:-0.8205558061599731, mean_queue:10.847222328186035
intersection:2, mean_episode_reward:-0.7711111307144165, mean_queue:11.408333778381348
intersection:3, mean_episode_reward:-1.2327779531478882, mean_queue:10.600000381469727
intersection:4, mean_episode_reward:-0.7108333110809326, mean_queue:11.074999809265137
intersection:5, mean_episode_reward:0.3258332908153534, mean_queue:10.333333015441895
intersection:6, mean_episode_reward:0.557499885559082, mean_queue:10.661110877990723
intersection:7, mean_episode_reward:-0.42361095547676086, mean_queue:10.408333778381348
intersection:8, mean_episode_reward:-0.5138887763023376, mean_queue:10.802778244018555
intersection:9, mean_episode_reward:0.3541666865348816, mean_queue:10.583333015441895
intersection:10, mean_episode_reward:-0.039166536182165146, mean_queue:11.172222137451172
intersection:11, mean_episode_reward:-0.44999998807907104, mean_queue:10.533333778381348
intersection:12, mean_episode_reward:-1.0163888931274414, mean_queue:10.93055534362793
intersection:13, mean_episode_reward:-0.9222220778465271, mean_queue:10.972222328186035
intersection:14, mean_episode_reward:-0.8969439268112183, mean_queue:10.905555725097656
intersection:15, mean_episode_reward:-1.3447219133377075, mean_queue:10.813888549804688
intersection:16, mean_episode_reward:0.03888889029622078, mean_queue:0.7749999761581421
intersection:17, mean_episode_reward:0.14944444596767426, mean_queue:0.7777777910232544
intersection:18, mean_episode_reward:0.07472222298383713, mean_queue:0.7888888716697693
intersection:19, mean_episode_reward:0.2552778422832489, mean_queue:0.8166666626930237
intersection:20, mean_episode_reward:0.15083326399326324, mean_queue:0.7527777552604675
intersection:21, mean_episode_reward:0.14027780294418335, mean_queue:0.8138889074325562
intersection:22, mean_episode_reward:0.11805553734302521, mean_queue:0.7888888716697693
intersection:23, mean_episode_reward:0.0344444178044796, mean_queue:0.7805555462837219
intersection:24, mean_episode_reward:0.23249991238117218, mean_queue:0.7749999761581421
intersection:25, mean_episode_reward:0.11972223222255707, mean_queue:0.7749999761581421
intersection:26, mean_episode_reward:0.11277780681848526, mean_queue:0.75
intersection:27, mean_episode_reward:0.11499997973442078, mean_queue:0.769444465637207
intersection:28, mean_episode_reward:0.16749997437000275, mean_queue:0.7833333611488342
intersection:29, mean_episode_reward:0.20333340764045715, mean_queue:0.8333333134651184
intersection:30, mean_episode_reward:0.10833331942558289, mean_queue:0.8722222447395325
intersection:31, mean_episode_reward:0.08333335071802139, mean_queue:0.8083333373069763
Test step:51/200, travel time :261.1703910614525, rewards:-6.987777370876736, queue:5.80625, delay:0.05907762845357259, throughput:1432
[CrossingProxy] total ped calls this episode: 252
step:3600/3600, q_loss:0.9069293737411499, rewards:-6.908333333333333, queue:5.827604166666666, delay:0.06017797258165147, throughput:1430
episode:52/200, real avg travel time:261.2762237762238
intersection:0, mean_episode_reward:-0.7225003838539124, mean_queue:10.675000190734863
intersection:1, mean_episode_reward:-0.769166886806488, mean_queue:10.966666221618652
intersection:2, mean_episode_reward:-1.00083327293396, mean_queue:11.316666603088379
intersection:3, mean_episode_reward:-1.4577773809432983, mean_queue:10.73611068725586
intersection:4, mean_episode_reward:-0.666666567325592, mean_queue:11.327777862548828
intersection:5, mean_episode_reward:0.6350002884864807, mean_queue:10.79444408416748
intersection:6, mean_episode_reward:0.44166675209999084, mean_queue:10.716666221618652
intersection:7, mean_episode_reward:-0.4852777123451233, mean_queue:10.552778244018555
intersection:8, mean_episode_reward:-0.8052775859832764, mean_queue:10.902777671813965
intersection:9, mean_episode_reward:-0.029166724532842636, mean_queue:10.836111068725586
intersection:10, mean_episode_reward:0.07888888567686081, mean_queue:10.997221946716309
intersection:11, mean_episode_reward:-0.536388635635376, mean_queue:10.652777671813965
intersection:12, mean_episode_reward:-0.9300002455711365, mean_queue:10.800000190734863
intersection:13, mean_episode_reward:-0.7411110997200012, mean_queue:10.63888931274414
intersection:14, mean_episode_reward:-0.8927775621414185, mean_queue:10.952777862548828
intersection:15, mean_episode_reward:-1.1038891077041626, mean_queue:10.95555591583252
intersection:16, mean_episode_reward:0.057777758687734604, mean_queue:0.7749999761581421
intersection:17, mean_episode_reward:0.08166668564081192, mean_queue:0.7777777910232544
intersection:18, mean_episode_reward:0.07055555284023285, mean_queue:0.7888888716697693
intersection:19, mean_episode_reward:0.21444451808929443, mean_queue:0.8166666626930237
intersection:20, mean_episode_reward:0.14555546641349792, mean_queue:0.7527777552604675
intersection:21, mean_episode_reward:0.143888920545578, mean_queue:0.8138889074325562
intersection:22, mean_episode_reward:0.09999993443489075, mean_queue:0.7888888716697693
intersection:23, mean_episode_reward:0.02916664257645607, mean_queue:0.7805555462837219
intersection:24, mean_episode_reward:0.18888893723487854, mean_queue:0.7749999761581421
intersection:25, mean_episode_reward:0.09027779847383499, mean_queue:0.7749999761581421
intersection:26, mean_episode_reward:0.09555557370185852, mean_queue:0.75
intersection:27, mean_episode_reward:0.17722217738628387, mean_queue:0.769444465637207
intersection:28, mean_episode_reward:0.2552776038646698, mean_queue:0.7833333611488342
intersection:29, mean_episode_reward:0.18944449722766876, mean_queue:0.8333333134651184
intersection:30, mean_episode_reward:0.1272221952676773, mean_queue:0.8722222447395325
intersection:31, mean_episode_reward:0.11000000685453415, mean_queue:0.8083333373069763
Test step:52/200, travel time :257.1965034965035, rewards:-6.520278591579861, queue:5.787760416666667, delay:0.05913990868462456, throughput:1430
[CrossingProxy] total ped calls this episode: 254
step:3600/3600, q_loss:0.9067836999893188, rewards:-6.4022216796875, queue:5.779340277777778, delay:0.05813653204176161, throughput:1432
episode:53/200, real avg travel time:257.3526536312849
intersection:0, mean_episode_reward:-0.7447222471237183, mean_queue:10.63611125946045
intersection:1, mean_episode_reward:-0.3605556786060333, mean_queue:10.38888931274414
intersection:2, mean_episode_reward:-1.0305554866790771, mean_queue:11.280555725097656
intersection:3, mean_episode_reward:-1.2075002193450928, mean_queue:10.252778053283691
intersection:4, mean_episode_reward:-0.5925000309944153, mean_queue:11.208333015441895
intersection:5, mean_episode_reward:0.19972218573093414, mean_queue:10.538888931274414
intersection:6, mean_episode_reward:0.25138887763023376, mean_queue:10.905555725097656
intersection:7, mean_episode_reward:-0.2669444680213928, mean_queue:10.26388931274414
intersection:8, mean_episode_reward:-0.5050002336502075, mean_queue:10.877778053283691
intersection:9, mean_episode_reward:0.006944505963474512, mean_queue:10.530555725097656
intersection:10, mean_episode_reward:0.2711111605167389, mean_queue:10.897222518920898
intersection:11, mean_episode_reward:-0.8130555748939514, mean_queue:11.01111125946045
intersection:12, mean_episode_reward:-1.3080554008483887, mean_queue:11.102777481079102
intersection:13, mean_episode_reward:-0.7908333539962769, mean_queue:10.913888931274414
intersection:14, mean_episode_reward:-0.6236109733581543, mean_queue:10.663888931274414
intersection:15, mean_episode_reward:-1.003888726234436, mean_queue:10.80555534362793
intersection:16, mean_episode_reward:0.059999994933605194, mean_queue:0.7749999761581421
intersection:17, mean_episode_reward:0.09749998152256012, mean_queue:0.7777777910232544
intersection:18, mean_episode_reward:0.06861111521720886, mean_queue:0.7888888716697693
intersection:19, mean_episode_reward:0.21500004827976227, mean_queue:0.8166666626930237
intersection:20, mean_episode_reward:0.12361104041337967, mean_queue:0.7527777552604675
intersection:21, mean_episode_reward:0.13555556535720825, mean_queue:0.8138889074325562
intersection:22, mean_episode_reward:0.145277738571167, mean_queue:0.7888888716697693
intersection:23, mean_episode_reward:0.03888889029622078, mean_queue:0.7805555462837219
intersection:24, mean_episode_reward:0.23000000417232513, mean_queue:0.7749999761581421
intersection:25, mean_episode_reward:0.2055555284023285, mean_queue:0.7749999761581421
intersection:26, mean_episode_reward:0.11722220480442047, mean_queue:0.75
intersection:27, mean_episode_reward:0.1616666615009308, mean_queue:0.769444465637207
intersection:28, mean_episode_reward:0.18777772784233093, mean_queue:0.7833333611488342
intersection:29, mean_episode_reward:0.11305560171604156, mean_queue:0.8333333134651184
intersection:30, mean_episode_reward:0.13250000774860382, mean_queue:0.8722222447395325
intersection:31, mean_episode_reward:0.08361112326383591, mean_queue:0.8083333373069763
Test step:53/200, travel time :288.26193820224717, rewards:-10.28583509657118, queue:6.073090277777778, delay:0.062343788146972653, throughput:1424
[CrossingProxy] total ped calls this episode: 240
step:3600/3600, q_loss:0.908210813999176, rewards:-6.745277913411458, queue:5.7985243055555555, delay:0.05937385029262966, throughput:1429
episode:54/200, real avg travel time:260.2897130860742
intersection:0, mean_episode_reward:-0.7788889408111572, mean_queue:10.747221946716309
intersection:1, mean_episode_reward:-0.49444448947906494, mean_queue:10.722222328186035
intersection:2, mean_episode_reward:-0.9897225499153137, mean_queue:11.352777481079102
intersection:3, mean_episode_reward:-1.3966662883758545, mean_queue:10.522222518920898
intersection:4, mean_episode_reward:-0.5383332371711731, mean_queue:11.097222328186035
intersection:5, mean_episode_reward:0.2752777934074402, mean_queue:10.550000190734863
intersection:6, mean_episode_reward:0.2958332896232605, mean_queue:11.01111125946045
intersection:7, mean_episode_reward:-0.34972214698791504, mean_queue:10.222222328186035
intersection:8, mean_episode_reward:-1.3497225046157837, mean_queue:11.311111450195312
intersection:9, mean_episode_reward:0.3030554950237274, mean_queue:10.48611068725586
intersection:10, mean_episode_reward:0.28527775406837463, mean_queue:10.949999809265137
intersection:11, mean_episode_reward:-0.6711109280586243, mean_queue:10.686111450195312
intersection:12, mean_episode_reward:-1.2036112546920776, mean_queue:11.01388931274414
intersection:13, mean_episode_reward:-0.9183332920074463, mean_queue:10.972222328186035
intersection:14, mean_episode_reward:-0.33916664123535156, mean_queue:10.541666984558105
intersection:15, mean_episode_reward:-1.2222222089767456, mean_queue:10.70555591583252
intersection:16, mean_episode_reward:0.0972222089767456, mean_queue:0.7749999761581421
intersection:17, mean_episode_reward:0.0972222238779068, mean_queue:0.7777777910232544
intersection:18, mean_episode_reward:0.11722225695848465, mean_queue:0.7888888716697693
intersection:19, mean_episode_reward:0.3055556118488312, mean_queue:0.8166666626930237
intersection:20, mean_episode_reward:0.1616666316986084, mean_queue:0.7527777552604675
intersection:21, mean_episode_reward:0.15444447100162506, mean_queue:0.8138889074325562
intersection:22, mean_episode_reward:0.16722218692302704, mean_queue:0.7888888716697693
intersection:23, mean_episode_reward:0.06361110508441925, mean_queue:0.7805555462837219
intersection:24, mean_episode_reward:0.18833336234092712, mean_queue:0.7749999761581421
intersection:25, mean_episode_reward:0.19333332777023315, mean_queue:0.7749999761581421
intersection:26, mean_episode_reward:0.13777779042720795, mean_queue:0.75
intersection:27, mean_episode_reward:0.12055550515651703, mean_queue:0.769444465637207
intersection:28, mean_episode_reward:0.17027774453163147, mean_queue:0.7833333611488342
intersection:29, mean_episode_reward:0.14027780294418335, mean_queue:0.8333333134651184
intersection:30, mean_episode_reward:0.14944438636302948, mean_queue:0.8722222447395325
intersection:31, mean_episode_reward:0.08305556327104568, mean_queue:0.8083333373069763
Test step:54/200, travel time :253.84534639608117, rewards:-6.455558268229167, queue:5.766059027777778, delay:0.05646214485168457, throughput:1429
[CrossingProxy] total ped calls this episode: 251
step:3600/3600, q_loss:0.9100082516670227, rewards:-6.590279134114583, queue:5.7926215277777775, delay:0.05751934051513672, throughput:1429
episode:55/200, real avg travel time:258.853044086774
intersection:0, mean_episode_reward:-0.6552774310112, mean_queue:10.61388874053955
intersection:1, mean_episode_reward:-0.41666650772094727, mean_queue:10.622221946716309
intersection:2, mean_episode_reward:-0.8375005125999451, mean_queue:11.11388874053955
intersection:3, mean_episode_reward:-1.1594443321228027, mean_queue:10.286110877990723
intersection:4, mean_episode_reward:-0.7325001358985901, mean_queue:11.122221946716309
intersection:5, mean_episode_reward:0.11166668683290482, mean_queue:10.572221755981445
intersection:6, mean_episode_reward:0.4552778899669647, mean_queue:10.758333206176758
intersection:7, mean_episode_reward:-0.6044446229934692, mean_queue:10.377778053283691
intersection:8, mean_episode_reward:-0.707222580909729, mean_queue:10.922222137451172
intersection:9, mean_episode_reward:-0.036111123859882355, mean_queue:10.949999809265137
intersection:10, mean_episode_reward:0.4327778220176697, mean_queue:10.936111450195312
intersection:11, mean_episode_reward:-0.7572222352027893, mean_queue:10.747221946716309
intersection:12, mean_episode_reward:-1.330000638961792, mean_queue:11.105555534362793
intersection:13, mean_episode_reward:-0.7808338403701782, mean_queue:10.994444847106934
intersection:14, mean_episode_reward:-0.5986109972000122, mean_queue:10.76111125946045
intersection:15, mean_episode_reward:-1.1538889408111572, mean_queue:10.81944465637207
intersection:16, mean_episode_reward:0.03222222626209259, mean_queue:0.7749999761581421
intersection:17, mean_episode_reward:0.11194447427988052, mean_queue:0.7777777910232544
intersection:18, mean_episode_reward:0.10250001400709152, mean_queue:0.7888888716697693
intersection:19, mean_episode_reward:0.2694445252418518, mean_queue:0.8166666626930237
intersection:20, mean_episode_reward:0.11555548757314682, mean_queue:0.7527777552604675
intersection:21, mean_episode_reward:0.11638884246349335, mean_queue:0.8138889074325562
intersection:22, mean_episode_reward:0.06666664779186249, mean_queue:0.7888888716697693
intersection:23, mean_episode_reward:0.05805555358529091, mean_queue:0.7805555462837219
intersection:24, mean_episode_reward:0.3258332908153534, mean_queue:0.7749999761581421
intersection:25, mean_episode_reward:0.10833337903022766, mean_queue:0.7749999761581421
intersection:26, mean_episode_reward:0.11666669696569443, mean_queue:0.75
intersection:27, mean_episode_reward:0.16055552661418915, mean_queue:0.769444465637207
intersection:28, mean_episode_reward:0.18222220242023468, mean_queue:0.7833333611488342
intersection:29, mean_episode_reward:0.1877778172492981, mean_queue:0.8333333134651184
intersection:30, mean_episode_reward:0.16138885915279388, mean_queue:0.8722222447395325
intersection:31, mean_episode_reward:0.06416666507720947, mean_queue:0.8083333373069763
Test step:55/200, travel time :258.48324022346367, rewards:-6.674723307291667, queue:5.808072916666666, delay:0.058201175265842016, throughput:1432
[CrossingProxy] total ped calls this episode: 256
step:3600/3600, q_loss:0.911065936088562, rewards:-6.597777642144097, queue:5.805295138888889, delay:0.05829665925767687, throughput:1431
episode:56/200, real avg travel time:258.8658280922432
intersection:0, mean_episode_reward:-0.7105559706687927, mean_queue:10.647222518920898
intersection:1, mean_episode_reward:-0.611666738986969, mean_queue:10.713889122009277
intersection:2, mean_episode_reward:-0.6883333921432495, mean_queue:11.161110877990723
intersection:3, mean_episode_reward:-1.438333511352539, mean_queue:10.48888874053955
intersection:4, mean_episode_reward:-1.0361106395721436, mean_queue:11.38611125946045
intersection:5, mean_episode_reward:0.4075000286102295, mean_queue:10.672222137451172
intersection:6, mean_episode_reward:0.44972220063209534, mean_queue:10.894444465637207
intersection:7, mean_episode_reward:-0.5161108374595642, mean_queue:10.447221755981445
intersection:8, mean_episode_reward:-0.9572223424911499, mean_queue:11.13888931274414
intersection:9, mean_episode_reward:0.4933333396911621, mean_queue:10.608333587646484
intersection:10, mean_episode_reward:0.04888888821005821, mean_queue:11.094444274902344
intersection:11, mean_episode_reward:-0.7488887310028076, mean_queue:10.802778244018555
intersection:12, mean_episode_reward:-1.18583345413208, mean_queue:10.983333587646484
intersection:13, mean_episode_reward:-0.6649999618530273, mean_queue:10.677778244018555
intersection:14, mean_episode_reward:-0.7349998354911804, mean_queue:10.783333778381348
intersection:15, mean_episode_reward:-1.0575002431869507, mean_queue:10.608333587646484
intersection:16, mean_episode_reward:0.09277777373790741, mean_queue:0.7749999761581421
intersection:17, mean_episode_reward:0.15444442629814148, mean_queue:0.7777777910232544
intersection:18, mean_episode_reward:0.09722224622964859, mean_queue:0.7888888716697693
intersection:19, mean_episode_reward:0.21166671812534332, mean_queue:0.8166666626930237
intersection:20, mean_episode_reward:0.14583325386047363, mean_queue:0.7527777552604675
intersection:21, mean_episode_reward:0.12361107021570206, mean_queue:0.8138889074325562
intersection:22, mean_episode_reward:0.1530555635690689, mean_queue:0.7888888716697693
intersection:23, mean_episode_reward:0.030555544421076775, mean_queue:0.7805555462837219
intersection:24, mean_episode_reward:0.3316666781902313, mean_queue:0.7749999761581421
intersection:25, mean_episode_reward:0.09888887405395508, mean_queue:0.7749999761581421
intersection:26, mean_episode_reward:0.17333337664604187, mean_queue:0.75
intersection:27, mean_episode_reward:0.14472219347953796, mean_queue:0.769444465637207
intersection:28, mean_episode_reward:0.16416659951210022, mean_queue:0.7833333611488342
intersection:29, mean_episode_reward:0.205555722117424, mean_queue:0.8333333134651184
intersection:30, mean_episode_reward:0.14888887107372284, mean_queue:0.8722222447395325
intersection:31, mean_episode_reward:0.07694444060325623, mean_queue:0.8083333373069763
Test step:56/200, travel time :258.9067974772249, rewards:-6.28472425672743, queue:5.803211805555556, delay:0.058959749009874135, throughput:1427
[CrossingProxy] total ped calls this episode: 255
step:3600/3600, q_loss:0.9116178750991821, rewards:-6.463888210720486, queue:5.7776909722222225, delay:0.057905027601453996, throughput:1432
episode:57/200, real avg travel time:255.86382681564245
intersection:0, mean_episode_reward:-0.8547224402427673, mean_queue:10.655555725097656
intersection:1, mean_episode_reward:-0.32527777552604675, mean_queue:10.644444465637207
intersection:2, mean_episode_reward:-0.9277783036231995, mean_queue:11.16944408416748
intersection:3, mean_episode_reward:-1.281944990158081, mean_queue:10.324999809265137
intersection:4, mean_episode_reward:-0.6947221159934998, mean_queue:11.11111068725586
intersection:5, mean_episode_reward:0.2594444453716278, mean_queue:10.61111068725586
intersection:6, mean_episode_reward:0.21388891339302063, mean_queue:10.941666603088379
intersection:7, mean_episode_reward:-0.43555548787117004, mean_queue:10.45555591583252
intersection:8, mean_episode_reward:-0.8002777695655823, mean_queue:11.0
intersection:9, mean_episode_reward:-0.02611110545694828, mean_queue:10.741666793823242
intersection:10, mean_episode_reward:0.2855554521083832, mean_queue:10.891666412353516
intersection:11, mean_episode_reward:-0.39722222089767456, mean_queue:10.594444274902344
intersection:12, mean_episode_reward:-1.0252772569656372, mean_queue:10.86111068725586
intersection:13, mean_episode_reward:-0.5666670203208923, mean_queue:10.800000190734863
intersection:14, mean_episode_reward:-0.7086108326911926, mean_queue:10.672222137451172
intersection:15, mean_episode_reward:-1.2038878202438354, mean_queue:10.75
intersection:16, mean_episode_reward:0.09083334356546402, mean_queue:0.7749999761581421
intersection:17, mean_episode_reward:0.10138887912034988, mean_queue:0.7777777910232544
intersection:18, mean_episode_reward:0.05638890340924263, mean_queue:0.7888888716697693
intersection:19, mean_episode_reward:0.2155555784702301, mean_queue:0.8166666626930237
intersection:20, mean_episode_reward:0.124444380402565, mean_queue:0.7527777552604675
intersection:21, mean_episode_reward:0.14027781784534454, mean_queue:0.8138889074325562
intersection:22, mean_episode_reward:0.04972222074866295, mean_queue:0.7888888716697693
intersection:23, mean_episode_reward:0.04583333805203438, mean_queue:0.7805555462837219
intersection:24, mean_episode_reward:0.19166669249534607, mean_queue:0.7749999761581421
intersection:25, mean_episode_reward:0.17833329737186432, mean_queue:0.7749999761581421
intersection:26, mean_episode_reward:0.09361112117767334, mean_queue:0.75
intersection:27, mean_episode_reward:0.13916662335395813, mean_queue:0.769444465637207
intersection:28, mean_episode_reward:0.18111109733581543, mean_queue:0.7833333611488342
intersection:29, mean_episode_reward:0.17472225427627563, mean_queue:0.8333333134651184
intersection:30, mean_episode_reward:0.15277773141860962, mean_queue:0.8722222447395325
intersection:31, mean_episode_reward:0.08944443613290787, mean_queue:0.8083333373069763
Test step:57/200, travel time :256.37011173184356, rewards:-6.450279405381944, queue:5.789583333333334, delay:0.05884688165452745, throughput:1432
[CrossingProxy] total ped calls this episode: 234
step:3600/3600, q_loss:0.9087527990341187, rewards:-6.296111382378472, queue:5.781336805555555, delay:0.05954535272386339, throughput:1430
episode:58/200, real avg travel time:255.020979020979
intersection:0, mean_episode_reward:-0.8650000095367432, mean_queue:10.727777481079102
intersection:1, mean_episode_reward:-0.681666910648346, mean_queue:10.880555152893066
intersection:2, mean_episode_reward:-1.0791665315628052, mean_queue:11.372221946716309
intersection:3, mean_episode_reward:-1.1388888359069824, mean_queue:10.266666412353516
intersection:4, mean_episode_reward:-0.5755554437637329, mean_queue:10.95555591583252
intersection:5, mean_episode_reward:0.35722222924232483, mean_queue:10.5
intersection:6, mean_episode_reward:0.7230555415153503, mean_queue:10.86388874053955
intersection:7, mean_episode_reward:-0.8455556035041809, mean_queue:10.48611068725586
intersection:8, mean_episode_reward:-0.8105560541152954, mean_queue:10.869444847106934
intersection:9, mean_episode_reward:0.08888889104127884, mean_queue:10.561111450195312
intersection:10, mean_episode_reward:0.18416664004325867, mean_queue:10.93055534362793
intersection:11, mean_episode_reward:-0.4899999499320984, mean_queue:10.591666221618652
intersection:12, mean_episode_reward:-1.240277886390686, mean_queue:11.258333206176758
intersection:13, mean_episode_reward:-0.4338890612125397, mean_queue:10.733333587646484
intersection:14, mean_episode_reward:-0.4622221291065216, mean_queue:10.616666793823242
intersection:15, mean_episode_reward:-1.2549997568130493, mean_queue:10.727777481079102
intersection:16, mean_episode_reward:0.13111108541488647, mean_queue:0.7749999761581421
intersection:17, mean_episode_reward:0.12555557489395142, mean_queue:0.7777777910232544
intersection:18, mean_episode_reward:0.09194446355104446, mean_queue:0.7888888716697693
intersection:19, mean_episode_reward:0.1713889092206955, mean_queue:0.8166666626930237
intersection:20, mean_episode_reward:0.12166661024093628, mean_queue:0.7527777552604675
intersection:21, mean_episode_reward:0.15166670083999634, mean_queue:0.8138889074325562
intersection:22, mean_episode_reward:0.10722220689058304, mean_queue:0.7888888716697693
intersection:23, mean_episode_reward:0.012499979697167873, mean_queue:0.7805555462837219
intersection:24, mean_episode_reward:0.28250008821487427, mean_queue:0.7749999761581421
intersection:25, mean_episode_reward:0.12166665494441986, mean_queue:0.7749999761581421
intersection:26, mean_episode_reward:0.11527777463197708, mean_queue:0.75
intersection:27, mean_episode_reward:0.10305555164813995, mean_queue:0.769444465637207
intersection:28, mean_episode_reward:0.20138880610466003, mean_queue:0.7833333611488342
intersection:29, mean_episode_reward:0.22555558383464813, mean_queue:0.8333333134651184
intersection:30, mean_episode_reward:0.12777775526046753, mean_queue:0.8722222447395325
intersection:31, mean_episode_reward:0.13805556297302246, mean_queue:0.8083333373069763
Test step:58/200, travel time :256.1194968553459, rewards:-6.3522216796875, queue:5.786631944444444, delay:0.05829139815436469, throughput:1431
[CrossingProxy] total ped calls this episode: 231
step:3600/3600, q_loss:0.9054592847824097, rewards:-6.391110568576389, queue:5.8147569444444445, delay:0.059493467542860244, throughput:1426
episode:59/200, real avg travel time:260.4460028050491
intersection:0, mean_episode_reward:-0.8558333516120911, mean_queue:10.88888931274414
intersection:1, mean_episode_reward:-0.4808330833911896, mean_queue:10.755555152893066
intersection:2, mean_episode_reward:-0.7863884568214417, mean_queue:11.186111450195312
intersection:3, mean_episode_reward:-0.9949999451637268, mean_queue:10.25
intersection:4, mean_episode_reward:-1.1319440603256226, mean_queue:11.433333396911621
intersection:5, mean_episode_reward:0.5841665863990784, mean_queue:10.727777481079102
intersection:6, mean_episode_reward:0.1638888716697693, mean_queue:11.133333206176758
intersection:7, mean_episode_reward:-0.8683329820632935, mean_queue:10.563888549804688
intersection:8, mean_episode_reward:-0.6502783894538879, mean_queue:11.027777671813965
intersection:9, mean_episode_reward:0.06416665017604828, mean_queue:10.730555534362793
intersection:10, mean_episode_reward:0.028888916596770287, mean_queue:10.98888874053955
intersection:11, mean_episode_reward:-0.4133335053920746, mean_queue:10.641666412353516
intersection:12, mean_episode_reward:-0.980555534362793, mean_queue:10.949999809265137
intersection:13, mean_episode_reward:-0.5836111307144165, mean_queue:10.702777862548828
intersection:14, mean_episode_reward:-0.510555624961853, mean_queue:10.627778053283691
intersection:15, mean_episode_reward:-1.2083332538604736, mean_queue:10.802778244018555
intersection:16, mean_episode_reward:0.13944442570209503, mean_queue:0.7749999761581421
intersection:17, mean_episode_reward:0.12250001728534698, mean_queue:0.7777777910232544
intersection:18, mean_episode_reward:0.07250001281499863, mean_queue:0.7888888716697693
intersection:19, mean_episode_reward:0.18750004470348358, mean_queue:0.8166666626930237
intersection:20, mean_episode_reward:0.1705554872751236, mean_queue:0.7527777552604675
intersection:21, mean_episode_reward:0.23722226917743683, mean_queue:0.8138889074325562
intersection:22, mean_episode_reward:0.0783332958817482, mean_queue:0.7888888716697693
intersection:23, mean_episode_reward:-0.0005555538809858263, mean_queue:0.7805555462837219
intersection:24, mean_episode_reward:0.18166671693325043, mean_queue:0.7749999761581421
intersection:25, mean_episode_reward:0.14611110091209412, mean_queue:0.7749999761581421
intersection:26, mean_episode_reward:0.1322222650051117, mean_queue:0.75
intersection:27, mean_episode_reward:0.1849999576807022, mean_queue:0.769444465637207
intersection:28, mean_episode_reward:0.16972213983535767, mean_queue:0.7833333611488342
intersection:29, mean_episode_reward:0.18138889968395233, mean_queue:0.8333333134651184
intersection:30, mean_episode_reward:0.15361112356185913, mean_queue:0.8722222447395325
intersection:31, mean_episode_reward:0.07555555552244186, mean_queue:0.8083333373069763
Test step:59/200, travel time :253.99859943977592, rewards:-6.162223985460069, queue:5.756857638888889, delay:0.0571961243947347, throughput:1428
[CrossingProxy] total ped calls this episode: 261
step:3600/3600, q_loss:0.912781298160553, rewards:-6.389166937934028, queue:5.771875, delay:0.058291859096950956, throughput:1429
episode:60/200, real avg travel time:254.07487753673897
intersection:0, mean_episode_reward:-0.6033331751823425, mean_queue:10.588889122009277
intersection:1, mean_episode_reward:-0.6433333158493042, mean_queue:10.702777862548828
intersection:2, mean_episode_reward:-0.866944432258606, mean_queue:11.252778053283691
intersection:3, mean_episode_reward:-1.351666808128357, mean_queue:10.519444465637207
intersection:4, mean_episode_reward:-0.7441669702529907, mean_queue:10.841666221618652
intersection:5, mean_episode_reward:0.14000004529953003, mean_queue:10.566666603088379
intersection:6, mean_episode_reward:0.6775001883506775, mean_queue:10.783333778381348
intersection:7, mean_episode_reward:-0.6763888597488403, mean_queue:10.563888549804688
intersection:8, mean_episode_reward:-0.5288888216018677, mean_queue:10.552778244018555
intersection:9, mean_episode_reward:0.11305560916662216, mean_queue:10.686111450195312
intersection:10, mean_episode_reward:-0.004722211044281721, mean_queue:10.952777862548828
intersection:11, mean_episode_reward:-0.32166653871536255, mean_queue:10.538888931274414
intersection:12, mean_episode_reward:-1.4275000095367432, mean_queue:11.202777862548828
intersection:13, mean_episode_reward:-0.4827777147293091, mean_queue:10.730555534362793
intersection:14, mean_episode_reward:-0.21527768671512604, mean_queue:10.608333587646484
intersection:15, mean_episode_reward:-1.5802781581878662, mean_queue:10.947221755981445
intersection:16, mean_episode_reward:0.08166666328907013, mean_queue:0.7749999761581421
intersection:17, mean_episode_reward:0.08611113578081131, mean_queue:0.7777777910232544
intersection:18, mean_episode_reward:0.11416666209697723, mean_queue:0.7888888716697693
intersection:19, mean_episode_reward:0.24444444477558136, mean_queue:0.8166666626930237
intersection:20, mean_episode_reward:0.12305546551942825, mean_queue:0.7527777552604675
intersection:21, mean_episode_reward:0.14277778565883636, mean_queue:0.8138889074325562
intersection:22, mean_episode_reward:0.0988888218998909, mean_queue:0.7888888716697693
intersection:23, mean_episode_reward:0.03861109912395477, mean_queue:0.7805555462837219
intersection:24, mean_episode_reward:0.21138884127140045, mean_queue:0.7749999761581421
intersection:25, mean_episode_reward:0.10555554181337357, mean_queue:0.7749999761581421
intersection:26, mean_episode_reward:0.11249999701976776, mean_queue:0.75
intersection:27, mean_episode_reward:0.1619444340467453, mean_queue:0.769444465637207
intersection:28, mean_episode_reward:0.1980554759502411, mean_queue:0.7833333611488342
intersection:29, mean_episode_reward:0.20138892531394958, mean_queue:0.8333333134651184
intersection:30, mean_episode_reward:0.1361110955476761, mean_queue:0.8722222447395325
intersection:31, mean_episode_reward:0.07055556774139404, mean_queue:0.8083333373069763
Test step:60/200, travel time :257.74198047419804, rewards:-6.6694451226128475, queue:5.787239583333333, delay:0.05882308748033312, throughput:1434
[CrossingProxy] total ped calls this episode: 280
step:3600/3600, q_loss:0.9114867448806763, rewards:-6.620277913411458, queue:5.788194444444445, delay:0.05726554658677843, throughput:1433
episode:61/200, real avg travel time:256.960223307746
intersection:0, mean_episode_reward:-0.9644445776939392, mean_queue:10.800000190734863
intersection:1, mean_episode_reward:-0.32416674494743347, mean_queue:10.627778053283691
intersection:2, mean_episode_reward:-0.9627776145935059, mean_queue:11.377778053283691
intersection:3, mean_episode_reward:-1.247499704360962, mean_queue:10.447221755981445
intersection:4, mean_episode_reward:-0.720277726650238, mean_queue:10.980555534362793
intersection:5, mean_episode_reward:0.5511112213134766, mean_queue:10.38611125946045
intersection:6, mean_episode_reward:0.3988889157772064, mean_queue:10.833333015441895
intersection:7, mean_episode_reward:-0.3241667151451111, mean_queue:10.45555591583252
intersection:8, mean_episode_reward:-0.771388828754425, mean_queue:11.008333206176758
intersection:9, mean_episode_reward:0.231666699051857, mean_queue:10.550000190734863
intersection:10, mean_episode_reward:-0.13111113011837006, mean_queue:10.786110877990723
intersection:11, mean_episode_reward:-0.5311108231544495, mean_queue:10.766666412353516
intersection:12, mean_episode_reward:-1.380000352859497, mean_queue:11.144444465637207
intersection:13, mean_episode_reward:-0.424999862909317, mean_queue:10.658333778381348
intersection:14, mean_episode_reward:-0.48250025510787964, mean_queue:10.688888549804688
intersection:15, mean_episode_reward:-1.4755557775497437, mean_queue:11.050000190734863
intersection:16, mean_episode_reward:0.13805554807186127, mean_queue:0.7749999761581421
intersection:17, mean_episode_reward:0.08500002324581146, mean_queue:0.7777777910232544
intersection:18, mean_episode_reward:0.07333334535360336, mean_queue:0.7888888716697693
intersection:19, mean_episode_reward:0.1802777200937271, mean_queue:0.8166666626930237
intersection:20, mean_episode_reward:0.13388881087303162, mean_queue:0.7527777552604675
intersection:21, mean_episode_reward:0.10999993979930878, mean_queue:0.8138889074325562
intersection:22, mean_episode_reward:0.10277771204710007, mean_queue:0.7888888716697693
intersection:23, mean_episode_reward:0.02805553749203682, mean_queue:0.7805555462837219
intersection:24, mean_episode_reward:0.18916667997837067, mean_queue:0.7749999761581421
intersection:25, mean_episode_reward:0.10777779668569565, mean_queue:0.7749999761581421
intersection:26, mean_episode_reward:0.14527781307697296, mean_queue:0.75
intersection:27, mean_episode_reward:0.1405555158853531, mean_queue:0.769444465637207
intersection:28, mean_episode_reward:0.15972217917442322, mean_queue:0.7833333611488342
intersection:29, mean_episode_reward:0.14944449067115784, mean_queue:0.8333333134651184
intersection:30, mean_episode_reward:0.1177777573466301, mean_queue:0.8722222447395325
intersection:31, mean_episode_reward:0.07694444060325623, mean_queue:0.8083333373069763
Test step:61/200, travel time :253.83949755757152, rewards:-6.440833197699653, queue:5.770833333333333, delay:0.05661697387695312, throughput:1433
[CrossingProxy] total ped calls this episode: 263
step:3600/3600, q_loss:0.9029494524002075, rewards:-6.235556369357639, queue:5.7815972222222225, delay:0.05778374671936035, throughput:1431
episode:62/200, real avg travel time:255.2334032145353
intersection:0, mean_episode_reward:-0.7325003147125244, mean_queue:10.80555534362793
intersection:1, mean_episode_reward:-0.8372220993041992, mean_queue:10.733333587646484
intersection:2, mean_episode_reward:-1.2488887310028076, mean_queue:11.552778244018555
intersection:3, mean_episode_reward:-1.1077779531478882, mean_queue:10.227777481079102
intersection:4, mean_episode_reward:-0.7438890337944031, mean_queue:11.072221755981445
intersection:5, mean_episode_reward:0.6094445586204529, mean_queue:10.369444847106934
intersection:6, mean_episode_reward:0.6474998593330383, mean_queue:10.802778244018555
intersection:7, mean_episode_reward:-0.6138888597488403, mean_queue:10.441666603088379
intersection:8, mean_episode_reward:-0.48972222208976746, mean_queue:10.649999618530273
intersection:9, mean_episode_reward:-0.12250001728534698, mean_queue:10.838889122009277
intersection:10, mean_episode_reward:0.11277780681848526, mean_queue:10.880555152893066
intersection:11, mean_episode_reward:-0.09666670858860016, mean_queue:10.63888931274414
intersection:12, mean_episode_reward:-1.1622223854064941, mean_queue:10.983333587646484
intersection:13, mean_episode_reward:-0.553611159324646, mean_queue:10.708333015441895
intersection:14, mean_episode_reward:-0.566111147403717, mean_queue:10.652777671813965
intersection:15, mean_episode_reward:-1.4419442415237427, mean_queue:10.991666793823242
intersection:16, mean_episode_reward:0.13249999284744263, mean_queue:0.7749999761581421
intersection:17, mean_episode_reward:0.09055556356906891, mean_queue:0.7777777910232544
intersection:18, mean_episode_reward:0.08666668832302094, mean_queue:0.7888888716697693
intersection:19, mean_episode_reward:0.1697222888469696, mean_queue:0.8166666626930237
intersection:20, mean_episode_reward:0.13749994337558746, mean_queue:0.7527777552604675
intersection:21, mean_episode_reward:0.1061110571026802, mean_queue:0.8138889074325562
intersection:22, mean_episode_reward:0.08111107349395752, mean_queue:0.7888888716697693
intersection:23, mean_episode_reward:0.041944436728954315, mean_queue:0.7805555462837219
intersection:24, mean_episode_reward:0.3052777647972107, mean_queue:0.7749999761581421
intersection:25, mean_episode_reward:0.15666665136814117, mean_queue:0.7749999761581421
intersection:26, mean_episode_reward:0.11416669189929962, mean_queue:0.75
intersection:27, mean_episode_reward:0.19027771055698395, mean_queue:0.769444465637207
intersection:28, mean_episode_reward:0.1566666066646576, mean_queue:0.7833333611488342
intersection:29, mean_episode_reward:0.1272222399711609, mean_queue:0.8333333134651184
intersection:30, mean_episode_reward:0.12999998033046722, mean_queue:0.8722222447395325
intersection:31, mean_episode_reward:0.08527776598930359, mean_queue:0.8083333373069763
Test step:62/200, travel time :256.0041987403779, rewards:-6.461110432942708, queue:5.778125, delay:0.05793737835354275, throughput:1429
[CrossingProxy] total ped calls this episode: 265
step:3600/3600, q_loss:0.9134108424186707, rewards:-6.498609754774305, queue:5.78359375, delay:0.05734836260477702, throughput:1434
episode:63/200, real avg travel time:258.33403068340306
intersection:0, mean_episode_reward:-0.8322227597236633, mean_queue:10.699999809265137
intersection:1, mean_episode_reward:-0.5030552744865417, mean_queue:10.536110877990723
intersection:2, mean_episode_reward:-1.2905550003051758, mean_queue:11.602777481079102
intersection:3, mean_episode_reward:-1.1119446754455566, mean_queue:10.324999809265137
intersection:4, mean_episode_reward:-0.8841664791107178, mean_queue:11.197221755981445
intersection:5, mean_episode_reward:0.3011111915111542, mean_queue:10.44444465637207
intersection:6, mean_episode_reward:0.5816668272018433, mean_queue:11.008333206176758
intersection:7, mean_episode_reward:-0.586667001247406, mean_queue:10.550000190734863
intersection:8, mean_episode_reward:-0.27000007033348083, mean_queue:10.691666603088379
intersection:9, mean_episode_reward:-0.11555556952953339, mean_queue:10.602777481079102
intersection:10, mean_episode_reward:0.2774999141693115, mean_queue:10.91944408416748
intersection:11, mean_episode_reward:-0.5788888931274414, mean_queue:10.833333015441895
intersection:12, mean_episode_reward:-1.3536113500595093, mean_queue:10.966666221618652
intersection:13, mean_episode_reward:-0.4516666531562805, mean_queue:10.524999618530273
intersection:14, mean_episode_reward:-0.6627776026725769, mean_queue:10.747221946716309
intersection:15, mean_episode_reward:-1.1538881063461304, mean_queue:10.76388931274414
intersection:16, mean_episode_reward:0.10333333909511566, mean_queue:0.7749999761581421
intersection:17, mean_episode_reward:0.12000001966953278, mean_queue:0.7777777910232544
intersection:18, mean_episode_reward:0.13083335757255554, mean_queue:0.7888888716697693
intersection:19, mean_episode_reward:0.18166668713092804, mean_queue:0.8166666626930237
intersection:20, mean_episode_reward:0.14166659116744995, mean_queue:0.7527777552604675
intersection:21, mean_episode_reward:0.12777777016162872, mean_queue:0.8138889074325562
intersection:22, mean_episode_reward:0.10749997943639755, mean_queue:0.7888888716697693
intersection:23, mean_episode_reward:0.03805554285645485, mean_queue:0.7805555462837219
intersection:24, mean_episode_reward:0.24305564165115356, mean_queue:0.7749999761581421
intersection:25, mean_episode_reward:0.08638889342546463, mean_queue:0.7749999761581421
intersection:26, mean_episode_reward:0.15750004351139069, mean_queue:0.75
intersection:27, mean_episode_reward:0.10666663944721222, mean_queue:0.769444465637207
intersection:28, mean_episode_reward:0.17388883233070374, mean_queue:0.7833333611488342
intersection:29, mean_episode_reward:0.12944446504116058, mean_queue:0.8333333134651184
intersection:30, mean_episode_reward:0.21333344280719757, mean_queue:0.8722222447395325
intersection:31, mean_episode_reward:0.07500000298023224, mean_queue:0.8083333373069763
Test step:63/200, travel time :251.66993006993007, rewards:-6.387501356336806, queue:5.7625, delay:0.05636180241902669, throughput:1430
[CrossingProxy] total ped calls this episode: 260
step:3600/3600, q_loss:0.9261408448219299, rewards:-6.220831976996528, queue:5.784635416666666, delay:0.057162173589070636, throughput:1430
episode:64/200, real avg travel time:257.1804195804196
intersection:0, mean_episode_reward:-0.8872219324111938, mean_queue:10.81944465637207
intersection:1, mean_episode_reward:-0.3280555009841919, mean_queue:10.541666984558105
intersection:2, mean_episode_reward:-0.8080555200576782, mean_queue:11.358333587646484
intersection:3, mean_episode_reward:-1.2386116981506348, mean_queue:10.491666793823242
intersection:4, mean_episode_reward:-0.7327772974967957, mean_queue:11.041666984558105
intersection:5, mean_episode_reward:0.3222223222255707, mean_queue:10.252778053283691
intersection:6, mean_episode_reward:0.09000003337860107, mean_queue:10.883333206176758
intersection:7, mean_episode_reward:-0.6261109709739685, mean_queue:10.51388931274414
intersection:8, mean_episode_reward:-0.7158334255218506, mean_queue:10.927778244018555
intersection:9, mean_episode_reward:0.10694445669651031, mean_queue:10.952777862548828
intersection:10, mean_episode_reward:0.6491667032241821, mean_queue:10.88611125946045
intersection:11, mean_episode_reward:-0.5597220659255981, mean_queue:10.752778053283691
intersection:12, mean_episode_reward:-1.1258331537246704, mean_queue:10.936111450195312
intersection:13, mean_episode_reward:-0.8608332872390747, mean_queue:10.927778244018555
intersection:14, mean_episode_reward:-0.3166666626930237, mean_queue:10.516666412353516
intersection:15, mean_episode_reward:-1.2416660785675049, mean_queue:10.644444465637207
intersection:16, mean_episode_reward:0.13777777552604675, mean_queue:0.7749999761581421
intersection:17, mean_episode_reward:0.09361112117767334, mean_queue:0.7777777910232544
intersection:18, mean_episode_reward:0.07583333551883698, mean_queue:0.7888888716697693
intersection:19, mean_episode_reward:0.18972226977348328, mean_queue:0.8166666626930237
intersection:20, mean_episode_reward:0.13472218811511993, mean_queue:0.7527777552604675
intersection:21, mean_episode_reward:0.11722216010093689, mean_queue:0.8138889074325562
intersection:22, mean_episode_reward:0.1013888344168663, mean_queue:0.7888888716697693
intersection:23, mean_episode_reward:0.03194442391395569, mean_queue:0.7805555462837219
intersection:24, mean_episode_reward:0.30916664004325867, mean_queue:0.7749999761581421
intersection:25, mean_episode_reward:0.09000000357627869, mean_queue:0.7749999761581421
intersection:26, mean_episode_reward:0.10583332926034927, mean_queue:0.75
intersection:27, mean_episode_reward:0.1294444054365158, mean_queue:0.769444465637207
intersection:28, mean_episode_reward:0.14499995112419128, mean_queue:0.7833333611488342
intersection:29, mean_episode_reward:0.1366666853427887, mean_queue:0.8333333134651184
intersection:30, mean_episode_reward:0.16749997437000275, mean_queue:0.8722222447395325
intersection:31, mean_episode_reward:0.08638889342546463, mean_queue:0.8083333373069763
Test step:64/200, travel time :254.9441340782123, rewards:-6.045278591579861, queue:5.792795138888889, delay:0.05696745978461371, throughput:1432
[CrossingProxy] total ped calls this episode: 256
step:3600/3600, q_loss:0.9232138991355896, rewards:-6.594166395399306, queue:5.792100694444445, delay:0.05741933186848958, throughput:1431
episode:65/200, real avg travel time:259.3053808525507
intersection:0, mean_episode_reward:-0.7988891005516052, mean_queue:10.866666793823242
intersection:1, mean_episode_reward:-0.6641666293144226, mean_queue:10.755555152893066
intersection:2, mean_episode_reward:-0.7583332657814026, mean_queue:11.211111068725586
intersection:3, mean_episode_reward:-0.9597222208976746, mean_queue:10.241666793823242
intersection:4, mean_episode_reward:-0.9094445109367371, mean_queue:11.11111068725586
intersection:5, mean_episode_reward:0.26916664838790894, mean_queue:10.43055534362793
intersection:6, mean_episode_reward:0.37527763843536377, mean_queue:10.824999809265137
intersection:7, mean_episode_reward:-0.5999998450279236, mean_queue:10.666666984558105
intersection:8, mean_episode_reward:-0.6594445705413818, mean_queue:10.827777862548828
intersection:9, mean_episode_reward:0.26333335041999817, mean_queue:10.61388874053955
intersection:10, mean_episode_reward:-0.0011111174244433641, mean_queue:10.95555591583252
intersection:11, mean_episode_reward:-0.42944443225860596, mean_queue:10.730555534362793
intersection:12, mean_episode_reward:-1.1433329582214355, mean_queue:10.952777862548828
intersection:13, mean_episode_reward:-0.7172224521636963, mean_queue:10.941666603088379
intersection:14, mean_episode_reward:-0.3944445848464966, mean_queue:10.502778053283691
intersection:15, mean_episode_reward:-1.5169438123703003, mean_queue:11.052778244018555
intersection:16, mean_episode_reward:0.10111109167337418, mean_queue:0.7749999761581421
intersection:17, mean_episode_reward:0.09222223609685898, mean_queue:0.7777777910232544
intersection:18, mean_episode_reward:0.052222225815057755, mean_queue:0.7888888716697693
intersection:19, mean_episode_reward:0.17027781903743744, mean_queue:0.8166666626930237
intersection:20, mean_episode_reward:0.15222221612930298, mean_queue:0.7527777552604675
intersection:21, mean_episode_reward:0.12999995052814484, mean_queue:0.8138889074325562
intersection:22, mean_episode_reward:0.09694435447454453, mean_queue:0.7888888716697693
intersection:23, mean_episode_reward:0.06222222000360489, mean_queue:0.7805555462837219
intersection:24, mean_episode_reward:0.29222220182418823, mean_queue:0.7749999761581421
intersection:25, mean_episode_reward:0.13333338499069214, mean_queue:0.7749999761581421
intersection:26, mean_episode_reward:0.10333333909511566, mean_queue:0.75
intersection:27, mean_episode_reward:0.12972214818000793, mean_queue:0.769444465637207
intersection:28, mean_episode_reward:0.13888885080814362, mean_queue:0.7833333611488342
intersection:29, mean_episode_reward:0.1369444578886032, mean_queue:0.8333333134651184
intersection:30, mean_episode_reward:0.1408333033323288, mean_queue:0.8722222447395325
intersection:31, mean_episode_reward:0.1180555522441864, mean_queue:0.8083333373069763
Test step:65/200, travel time :249.76417074877537, rewards:-6.243332926432291, queue:5.744357638888889, delay:0.056193341149224176, throughput:1429
[CrossingProxy] total ped calls this episode: 232
step:3600/3600, q_loss:0.9224943518638611, rewards:-6.329722086588542, queue:5.793402777777778, delay:0.057240894105699325, throughput:1431
episode:66/200, real avg travel time:255.25925925925927
intersection:0, mean_episode_reward:-0.7433335781097412, mean_queue:10.588889122009277
intersection:1, mean_episode_reward:-0.5491664409637451, mean_queue:10.802778244018555
intersection:2, mean_episode_reward:-1.0016670227050781, mean_queue:11.436111450195312
intersection:3, mean_episode_reward:-1.1711103916168213, mean_queue:10.380555152893066
intersection:4, mean_episode_reward:-0.7630558609962463, mean_queue:11.147222518920898
intersection:5, mean_episode_reward:0.33111122250556946, mean_queue:10.605555534362793
intersection:6, mean_episode_reward:0.45638906955718994, mean_queue:10.800000190734863
intersection:7, mean_episode_reward:-0.6747222542762756, mean_queue:10.597222328186035
intersection:8, mean_episode_reward:-0.4763886630535126, mean_queue:10.769444465637207
intersection:9, mean_episode_reward:0.25500011444091797, mean_queue:10.722222328186035
intersection:10, mean_episode_reward:0.026666657999157906, mean_queue:10.933333396911621
intersection:11, mean_episode_reward:-0.23305551707744598, mean_queue:10.527777671813965
intersection:12, mean_episode_reward:-1.2091668844223022, mean_queue:11.033333778381348
intersection:13, mean_episode_reward:-0.6688886880874634, mean_queue:10.791666984558105
intersection:14, mean_episode_reward:-0.5141664743423462, mean_queue:10.647222518920898
intersection:15, mean_episode_reward:-1.5247228145599365, mean_queue:10.94444465637207
intersection:16, mean_episode_reward:0.08861111849546432, mean_queue:0.7749999761581421
intersection:17, mean_episode_reward:0.14750000834465027, mean_queue:0.7777777910232544
intersection:18, mean_episode_reward:0.05694444850087166, mean_queue:0.7888888716697693
intersection:19, mean_episode_reward:0.16527776420116425, mean_queue:0.8166666626930237
intersection:20, mean_episode_reward:0.11416660994291306, mean_queue:0.7527777552604675
intersection:21, mean_episode_reward:0.12222215533256531, mean_queue:0.8138889074325562
intersection:22, mean_episode_reward:0.07805551588535309, mean_queue:0.7888888716697693
intersection:23, mean_episode_reward:0.05638888105750084, mean_queue:0.7805555462837219
intersection:24, mean_episode_reward:0.2763890027999878, mean_queue:0.7749999761581421
intersection:25, mean_episode_reward:0.13555553555488586, mean_queue:0.7749999761581421
intersection:26, mean_episode_reward:0.14527782797813416, mean_queue:0.75
intersection:27, mean_episode_reward:0.15527774393558502, mean_queue:0.769444465637207
intersection:28, mean_episode_reward:0.16027772426605225, mean_queue:0.7833333611488342
intersection:29, mean_episode_reward:0.2036111205816269, mean_queue:0.8333333134651184
intersection:30, mean_episode_reward:0.1294444352388382, mean_queue:0.8722222447395325
intersection:31, mean_episode_reward:0.09555555880069733, mean_queue:0.8083333373069763
Test step:66/200, travel time :254.44195804195803, rewards:-6.421389431423611, queue:5.77734375, delay:0.05725360446506077, throughput:1430
[CrossingProxy] total ped calls this episode: 270
step:3600/3600, q_loss:0.9194081425666809, rewards:-6.5152777777777775, queue:5.772222222222222, delay:0.05706336233350966, throughput:1431
episode:67/200, real avg travel time:254.4283717679944
intersection:0, mean_episode_reward:-0.8311111330986023, mean_queue:10.658333778381348
intersection:1, mean_episode_reward:-0.520555317401886, mean_queue:10.502778053283691
intersection:2, mean_episode_reward:-0.8438888788223267, mean_queue:11.116666793823242
intersection:3, mean_episode_reward:-1.2780553102493286, mean_queue:10.355555534362793
intersection:4, mean_episode_reward:-0.882499635219574, mean_queue:11.241666793823242
intersection:5, mean_episode_reward:0.5147219896316528, mean_queue:10.405555725097656
intersection:6, mean_episode_reward:0.2841665744781494, mean_queue:10.994444847106934
intersection:7, mean_episode_reward:-0.5925000309944153, mean_queue:10.502778053283691
intersection:8, mean_episode_reward:-0.3272224962711334, mean_queue:10.722222328186035
intersection:9, mean_episode_reward:0.11638882011175156, mean_queue:10.55555534362793
intersection:10, mean_episode_reward:0.326944500207901, mean_queue:10.952777862548828
intersection:11, mean_episode_reward:-0.788611114025116, mean_queue:11.016666412353516
intersection:12, mean_episode_reward:-1.2613890171051025, mean_queue:10.916666984558105
intersection:13, mean_episode_reward:-0.5716667771339417, mean_queue:10.619444847106934
intersection:14, mean_episode_reward:-0.44805559515953064, mean_queue:10.63888931274414
intersection:15, mean_episode_reward:-1.3905550241470337, mean_queue:10.850000381469727
intersection:16, mean_episode_reward:0.08027777820825577, mean_queue:0.7749999761581421
intersection:17, mean_episode_reward:0.07861112058162689, mean_queue:0.7777777910232544
intersection:18, mean_episode_reward:0.08611111342906952, mean_queue:0.7888888716697693
intersection:19, mean_episode_reward:0.162222221493721, mean_queue:0.8166666626930237
intersection:20, mean_episode_reward:0.121944360435009, mean_queue:0.7527777552604675
intersection:21, mean_episode_reward:0.11499997973442078, mean_queue:0.8138889074325562
intersection:22, mean_episode_reward:0.07805551588535309, mean_queue:0.7888888716697693
intersection:23, mean_episode_reward:0.04416666924953461, mean_queue:0.7805555462837219
intersection:24, mean_episode_reward:0.2369445413351059, mean_queue:0.7749999761581421
intersection:25, mean_episode_reward:0.09527778625488281, mean_queue:0.7749999761581421
intersection:26, mean_episode_reward:0.14027780294418335, mean_queue:0.75
intersection:27, mean_episode_reward:0.1474999636411667, mean_queue:0.769444465637207
intersection:28, mean_episode_reward:0.17638882994651794, mean_queue:0.7833333611488342
intersection:29, mean_episode_reward:0.19527782499790192, mean_queue:0.8333333134651184
intersection:30, mean_episode_reward:0.1361110955476761, mean_queue:0.8722222447395325
intersection:31, mean_episode_reward:0.08444444090127945, mean_queue:0.8083333373069763
Test step:67/200, travel time :252.2390243902439, rewards:-6.417779541015625, queue:5.777777777777778, delay:0.05635484059651693, throughput:1435
[CrossingProxy] total ped calls this episode: 227
step:3600/3600, q_loss:0.920914888381958, rewards:-6.393332926432292, queue:5.806423611111111, delay:0.05836723115709093, throughput:1429
episode:68/200, real avg travel time:257.43806857942616
intersection:0, mean_episode_reward:-0.8255555033683777, mean_queue:10.76388931274414
intersection:1, mean_episode_reward:-0.5258331894874573, mean_queue:10.530555725097656
intersection:2, mean_episode_reward:-0.6586111783981323, mean_queue:11.024999618530273
intersection:3, mean_episode_reward:-1.3788886070251465, mean_queue:10.327777862548828
intersection:4, mean_episode_reward:-0.8794445395469666, mean_queue:11.23888874053955
intersection:5, mean_episode_reward:0.2341667115688324, mean_queue:10.411110877990723
intersection:6, mean_episode_reward:0.39166659116744995, mean_queue:11.030555725097656
intersection:7, mean_episode_reward:-0.614444375038147, mean_queue:10.58055591583252
intersection:8, mean_episode_reward:-0.6002780199050903, mean_queue:10.925000190734863
intersection:9, mean_episode_reward:0.2183333933353424, mean_queue:10.666666984558105
intersection:10, mean_episode_reward:-0.4705556333065033, mean_queue:11.616666793823242
intersection:11, mean_episode_reward:-0.13888885080814362, mean_queue:10.663888931274414
intersection:12, mean_episode_reward:-1.0199999809265137, mean_queue:10.933333396911621
intersection:13, mean_episode_reward:-0.9652778506278992, mean_queue:10.800000190734863
intersection:14, mean_episode_reward:0.2594444155693054, mean_queue:10.588889122009277
intersection:15, mean_episode_reward:-1.5686110258102417, mean_queue:11.041666984558105
intersection:16, mean_episode_reward:0.12444441020488739, mean_queue:0.7749999761581421
intersection:17, mean_episode_reward:0.09638889878988266, mean_queue:0.7777777910232544
intersection:18, mean_episode_reward:0.05305556207895279, mean_queue:0.7888888716697693
intersection:19, mean_episode_reward:0.20333339273929596, mean_queue:0.8166666626930237
intersection:20, mean_episode_reward:0.13416658341884613, mean_queue:0.7527777552604675
intersection:21, mean_episode_reward:0.12333332002162933, mean_queue:0.8138889074325562
intersection:22, mean_episode_reward:0.06666664779186249, mean_queue:0.7888888716697693
intersection:23, mean_episode_reward:0.09916673600673676, mean_queue:0.7805555462837219
intersection:24, mean_episode_reward:0.2769445776939392, mean_queue:0.7749999761581421
intersection:25, mean_episode_reward:0.10055554658174515, mean_queue:0.7749999761581421
intersection:26, mean_episode_reward:0.09805556386709213, mean_queue:0.75
intersection:27, mean_episode_reward:0.1272221803665161, mean_queue:0.769444465637207
intersection:28, mean_episode_reward:0.20888879895210266, mean_queue:0.7833333611488342
intersection:29, mean_episode_reward:0.20972226560115814, mean_queue:0.8333333134651184
intersection:30, mean_episode_reward:0.13249999284744263, mean_queue:0.8722222447395325
intersection:31, mean_episode_reward:0.0950000137090683, mean_queue:0.8083333373069763
Test step:68/200, travel time :253.90622813156054, rewards:-6.343332248263889, queue:5.7809027777777775, delay:0.057743602328830294, throughput:1429
[CrossingProxy] total ped calls this episode: 243
step:3600/3600, q_loss:0.9119116067886353, rewards:-6.189723714192708, queue:5.778385416666667, delay:0.05711311764187283, throughput:1436
episode:69/200, real avg travel time:254.67061281337047
intersection:0, mean_episode_reward:-0.9738892316818237, mean_queue:10.877778053283691
intersection:1, mean_episode_reward:-0.3266666829586029, mean_queue:10.577777862548828
intersection:2, mean_episode_reward:-0.9086112976074219, mean_queue:11.272222518920898
intersection:3, mean_episode_reward:-1.0691670179367065, mean_queue:10.208333015441895
intersection:4, mean_episode_reward:-0.9027778506278992, mean_queue:11.311111450195312
intersection:5, mean_episode_reward:0.09388882666826248, mean_queue:10.463889122009277
intersection:6, mean_episode_reward:0.5469443202018738, mean_queue:10.774999618530273
intersection:7, mean_episode_reward:-0.6016664505004883, mean_queue:10.483333587646484
intersection:8, mean_episode_reward:-0.6716665029525757, mean_queue:10.83055591583252
intersection:9, mean_episode_reward:0.18111109733581543, mean_queue:10.663888931274414
intersection:10, mean_episode_reward:-0.12555555999279022, mean_queue:11.024999618530273
intersection:11, mean_episode_reward:-0.33527785539627075, mean_queue:10.769444465637207
intersection:12, mean_episode_reward:-1.0000001192092896, mean_queue:10.98611068725586
intersection:13, mean_episode_reward:-0.6400002241134644, mean_queue:10.722222328186035
intersection:14, mean_episode_reward:-0.2955555021762848, mean_queue:10.477777481079102
intersection:15, mean_episode_reward:-1.2500001192092896, mean_queue:10.802778244018555
intersection:16, mean_episode_reward:0.08916664868593216, mean_queue:0.7749999761581421
intersection:17, mean_episode_reward:0.10111111402511597, mean_queue:0.7777777910232544
intersection:18, mean_episode_reward:0.056666675955057144, mean_queue:0.7888888716697693
intersection:19, mean_episode_reward:0.15722228586673737, mean_queue:0.8166666626930237
intersection:20, mean_episode_reward:0.14166659116744995, mean_queue:0.7527777552604675
intersection:21, mean_episode_reward:0.133888840675354, mean_queue:0.8138889074325562
intersection:22, mean_episode_reward:0.05694443732500076, mean_queue:0.7888888716697693
intersection:23, mean_episode_reward:0.047777775675058365, mean_queue:0.7805555462837219
intersection:24, mean_episode_reward:0.41194432973861694, mean_queue:0.7749999761581421
intersection:25, mean_episode_reward:0.08944445848464966, mean_queue:0.7749999761581421
intersection:26, mean_episode_reward:0.09694445133209229, mean_queue:0.75
intersection:27, mean_episode_reward:0.16694441437721252, mean_queue:0.769444465637207
intersection:28, mean_episode_reward:0.1341666579246521, mean_queue:0.7833333611488342
intersection:29, mean_episode_reward:0.18638892471790314, mean_queue:0.8333333134651184
intersection:30, mean_episode_reward:0.13249996304512024, mean_queue:0.8722222447395325
intersection:31, mean_episode_reward:0.08638890832662582, mean_queue:0.8083333373069763
Test step:69/200, travel time :254.56813417190776, rewards:-6.3508314344618055, queue:5.776041666666667, delay:0.05668794314066569, throughput:1431
[CrossingProxy] total ped calls this episode: 244
step:3600/3600, q_loss:0.9045925736427307, rewards:-6.354166666666667, queue:5.757638888888889, delay:0.05454994837443034, throughput:1433
episode:70/200, real avg travel time:249.35450104675505
intersection:0, mean_episode_reward:-0.7361111044883728, mean_queue:10.602777481079102
intersection:1, mean_episode_reward:-0.4766665995121002, mean_queue:10.652777671813965
intersection:2, mean_episode_reward:-0.7966662645339966, mean_queue:11.061111450195312
intersection:3, mean_episode_reward:-1.2544447183609009, mean_queue:10.38611125946045
intersection:4, mean_episode_reward:-0.7247223854064941, mean_queue:11.13888931274414
intersection:5, mean_episode_reward:-0.007222150918096304, mean_queue:10.586111068725586
intersection:6, mean_episode_reward:0.3269444406032562, mean_queue:10.766666412353516
intersection:7, mean_episode_reward:-0.6074997186660767, mean_queue:10.619444847106934
intersection:8, mean_episode_reward:-0.566944420337677, mean_queue:10.73888874053955
intersection:9, mean_episode_reward:-0.09749999642372131, mean_queue:10.519444465637207
intersection:10, mean_episode_reward:0.3738888204097748, mean_queue:10.774999618530273
intersection:11, mean_episode_reward:-0.7700000405311584, mean_queue:10.95555591583252
intersection:12, mean_episode_reward:-0.98277747631073, mean_queue:10.894444465637207
intersection:13, mean_episode_reward:-0.4672222137451172, mean_queue:10.56944465637207
intersection:14, mean_episode_reward:-0.41694432497024536, mean_queue:10.533333778381348
intersection:15, mean_episode_reward:-1.138889193534851, mean_queue:10.783333778381348
intersection:16, mean_episode_reward:0.08055554330348969, mean_queue:0.7749999761581421
intersection:17, mean_episode_reward:0.08555559068918228, mean_queue:0.7777777910232544
intersection:18, mean_episode_reward:0.06666667014360428, mean_queue:0.7888888716697693
intersection:19, mean_episode_reward:0.14333339035511017, mean_queue:0.8166666626930237
intersection:20, mean_episode_reward:0.1263887882232666, mean_queue:0.7527777552604675
intersection:21, mean_episode_reward:0.14027778804302216, mean_queue:0.8138889074325562
intersection:22, mean_episode_reward:0.08444441854953766, mean_queue:0.7888888716697693
intersection:23, mean_episode_reward:0.036944430321455, mean_queue:0.7805555462837219
intersection:24, mean_episode_reward:0.18388894200325012, mean_queue:0.7749999761581421
intersection:25, mean_episode_reward:0.10916667431592941, mean_queue:0.7749999761581421
intersection:26, mean_episode_reward:0.13388890027999878, mean_queue:0.75
intersection:27, mean_episode_reward:0.12472216039896011, mean_queue:0.769444465637207
intersection:28, mean_episode_reward:0.19444438815116882, mean_queue:0.7833333611488342
intersection:29, mean_episode_reward:0.20000006258487701, mean_queue:0.8333333134651184
intersection:30, mean_episode_reward:0.15638884902000427, mean_queue:0.8722222447395325
intersection:31, mean_episode_reward:0.12194444984197617, mean_queue:0.8083333373069763
Test step:70/200, travel time :253.94615384615383, rewards:-6.696389431423611, queue:5.774826388888889, delay:0.05768768522474501, throughput:1430
[CrossingProxy] total ped calls this episode: 268
step:3600/3600, q_loss:0.9120014905929565, rewards:-6.71138916015625, queue:5.7952256944444445, delay:0.05702869627210829, throughput:1434
episode:71/200, real avg travel time:254.77615062761507
intersection:0, mean_episode_reward:-0.855555534362793, mean_queue:10.658333778381348
intersection:1, mean_episode_reward:-0.2913888990879059, mean_queue:10.594444274902344
intersection:2, mean_episode_reward:-0.9516665935516357, mean_queue:11.394444465637207
intersection:3, mean_episode_reward:-0.9549996852874756, mean_queue:10.327777862548828
intersection:4, mean_episode_reward:-0.8225001692771912, mean_queue:11.061111450195312
intersection:5, mean_episode_reward:0.3563889265060425, mean_queue:10.405555725097656
intersection:6, mean_episode_reward:0.31611111760139465, mean_queue:10.80555534362793
intersection:7, mean_episode_reward:-0.7663889527320862, mean_queue:10.730555534362793
intersection:8, mean_episode_reward:-0.42694443464279175, mean_queue:10.727777481079102
intersection:9, mean_episode_reward:-0.27527788281440735, mean_queue:10.744444847106934
intersection:10, mean_episode_reward:0.23833338916301727, mean_queue:10.880555152893066
intersection:11, mean_episode_reward:-0.7083333134651184, mean_queue:10.991666793823242
intersection:12, mean_episode_reward:-1.007222294807434, mean_queue:10.841666221618652
intersection:13, mean_episode_reward:-0.37194421887397766, mean_queue:10.558333396911621
intersection:14, mean_episode_reward:-0.38388878107070923, mean_queue:10.652777671813965
intersection:15, mean_episode_reward:-1.831944465637207, mean_queue:11.411110877990723
intersection:16, mean_episode_reward:0.06611111015081406, mean_queue:0.7749999761581421
intersection:17, mean_episode_reward:0.0763889029622078, mean_queue:0.7777777910232544
intersection:18, mean_episode_reward:0.06388888508081436, mean_queue:0.7888888716697693
intersection:19, mean_episode_reward:0.1900000274181366, mean_queue:0.8166666626930237
intersection:20, mean_episode_reward:0.1605554223060608, mean_queue:0.7527777552604675
intersection:21, mean_episode_reward:0.11749996244907379, mean_queue:0.8138889074325562
intersection:22, mean_episode_reward:0.05277777090668678, mean_queue:0.7888888716697693
intersection:23, mean_episode_reward:0.030833318829536438, mean_queue:0.7805555462837219
intersection:24, mean_episode_reward:0.15916667878627777, mean_queue:0.7749999761581421
intersection:25, mean_episode_reward:0.09500003606081009, mean_queue:0.7749999761581421
intersection:26, mean_episode_reward:0.13138890266418457, mean_queue:0.75
intersection:27, mean_episode_reward:0.21027766168117523, mean_queue:0.769444465637207
intersection:28, mean_episode_reward:0.1869444102048874, mean_queue:0.7833333611488342
intersection:29, mean_episode_reward:0.24611110985279083, mean_queue:0.8333333134651184
intersection:30, mean_episode_reward:0.11749997735023499, mean_queue:0.8722222447395325
intersection:31, mean_episode_reward:0.12138888984918594, mean_queue:0.8083333373069763
Test step:71/200, travel time :255.52661064425772, rewards:-6.378055826822917, queue:5.786979166666667, delay:0.05738072395324707, throughput:1428
[CrossingProxy] total ped calls this episode: 269
step:3600/3600, q_loss:0.9139356017112732, rewards:-6.253055148654514, queue:5.791579861111111, delay:0.05768117904663086, throughput:1432
episode:72/200, real avg travel time:257.1815642458101
intersection:0, mean_episode_reward:-0.8533334732055664, mean_queue:10.661110877990723
intersection:1, mean_episode_reward:-0.6297222375869751, mean_queue:10.744444847106934
intersection:2, mean_episode_reward:-1.0858336687088013, mean_queue:11.702777862548828
intersection:3, mean_episode_reward:-0.868888795375824, mean_queue:10.533333778381348
intersection:4, mean_episode_reward:-0.8063888549804688, mean_queue:11.116666793823242
intersection:5, mean_episode_reward:0.3341665267944336, mean_queue:10.483333587646484
intersection:6, mean_episode_reward:0.2663889527320862, mean_queue:11.01388931274414
intersection:7, mean_episode_reward:-0.4558333158493042, mean_queue:10.61388874053955
intersection:8, mean_episode_reward:-0.3688886761665344, mean_queue:10.597222328186035
intersection:9, mean_episode_reward:0.19555562734603882, mean_queue:10.538888931274414
intersection:10, mean_episode_reward:0.18416665494441986, mean_queue:10.836111068725586
intersection:11, mean_episode_reward:-0.5666665434837341, mean_queue:10.76111125946045
intersection:12, mean_episode_reward:-1.0283336639404297, mean_queue:10.852777481079102
intersection:13, mean_episode_reward:-0.63777756690979, mean_queue:10.713889122009277
intersection:14, mean_episode_reward:-0.5422220826148987, mean_queue:10.663888931274414
intersection:15, mean_episode_reward:-1.3841660022735596, mean_queue:10.836111068725586
intersection:16, mean_episode_reward:0.06527777761220932, mean_queue:0.7749999761581421
intersection:17, mean_episode_reward:0.09000002592802048, mean_queue:0.7777777910232544
intersection:18, mean_episode_reward:0.05722223222255707, mean_queue:0.7888888716697693
intersection:19, mean_episode_reward:0.21805566549301147, mean_queue:0.8166666626930237
intersection:20, mean_episode_reward:0.13888882100582123, mean_queue:0.7527777552604675
intersection:21, mean_episode_reward:0.12833327054977417, mean_queue:0.8138889074325562
intersection:22, mean_episode_reward:0.05944443866610527, mean_queue:0.7888888716697693
intersection:23, mean_episode_reward:0.02666664682328701, mean_queue:0.7805555462837219
intersection:24, mean_episode_reward:0.2036110758781433, mean_queue:0.7749999761581421
intersection:25, mean_episode_reward:0.10333333909511566, mean_queue:0.7749999761581421
intersection:26, mean_episode_reward:0.1461111605167389, mean_queue:0.75
intersection:27, mean_episode_reward:0.14833328127861023, mean_queue:0.769444465637207
intersection:28, mean_episode_reward:0.231944277882576, mean_queue:0.7833333611488342
intersection:29, mean_episode_reward:0.18194445967674255, mean_queue:0.8333333134651184
intersection:30, mean_episode_reward:0.12444441765546799, mean_queue:0.8722222447395325
intersection:31, mean_episode_reward:0.07111111283302307, mean_queue:0.8083333373069763
Test step:72/200, travel time :260.0397489539749, rewards:-6.334166802300347, queue:5.803472222222222, delay:0.058640374077690974, throughput:1434
[CrossingProxy] total ped calls this episode: 248
step:3600/3600, q_loss:0.9095577597618103, rewards:-6.069166395399305, queue:5.762413194444444, delay:0.056222788492838544, throughput:1431
episode:73/200, real avg travel time:251.30677847658978
intersection:0, mean_episode_reward:-0.7644445896148682, mean_queue:10.691666603088379
intersection:1, mean_episode_reward:-0.7324998378753662, mean_queue:10.708333015441895
intersection:2, mean_episode_reward:-0.9855553507804871, mean_queue:11.30555534362793
intersection:3, mean_episode_reward:-1.0019444227218628, mean_queue:10.277777671813965
intersection:4, mean_episode_reward:-0.6749998927116394, mean_queue:11.052778244018555
intersection:5, mean_episode_reward:0.4961111843585968, mean_queue:10.350000381469727
intersection:6, mean_episode_reward:0.35944437980651855, mean_queue:10.916666984558105
intersection:7, mean_episode_reward:-0.6825000643730164, mean_queue:10.619444847106934
intersection:8, mean_episode_reward:-0.25416675209999084, mean_queue:10.675000190734863
intersection:9, mean_episode_reward:-0.07194442301988602, mean_queue:10.505555152893066
intersection:10, mean_episode_reward:0.11722231656312943, mean_queue:10.927778244018555
intersection:11, mean_episode_reward:-0.588888943195343, mean_queue:10.733333587646484
intersection:12, mean_episode_reward:-1.1316667795181274, mean_queue:11.11388874053955
intersection:13, mean_episode_reward:-0.6269442439079285, mean_queue:10.563888549804688
intersection:14, mean_episode_reward:-0.2172222137451172, mean_queue:10.558333396911621
intersection:15, mean_episode_reward:-1.3280558586120605, mean_queue:10.73611068725586
intersection:16, mean_episode_reward:0.05388886108994484, mean_queue:0.7749999761581421
intersection:17, mean_episode_reward:0.07083334773778915, mean_queue:0.7777777910232544
intersection:18, mean_episode_reward:0.06833332031965256, mean_queue:0.7888888716697693
intersection:19, mean_episode_reward:0.2013889104127884, mean_queue:0.8166666626930237
intersection:20, mean_episode_reward:0.14833325147628784, mean_queue:0.7527777552604675
intersection:21, mean_episode_reward:0.12888887524604797, mean_queue:0.8138889074325562
intersection:22, mean_episode_reward:0.059722211211919785, mean_queue:0.7888888716697693
intersection:23, mean_episode_reward:0.07305555045604706, mean_queue:0.7805555462837219
intersection:24, mean_episode_reward:0.1644444614648819, mean_queue:0.7749999761581421
intersection:25, mean_episode_reward:0.09472224116325378, mean_queue:0.7749999761581421
intersection:26, mean_episode_reward:0.08749999105930328, mean_queue:0.75
intersection:27, mean_episode_reward:0.12888884544372559, mean_queue:0.769444465637207
intersection:28, mean_episode_reward:0.20555542409420013, mean_queue:0.7833333611488342
intersection:29, mean_episode_reward:0.24916669726371765, mean_queue:0.8333333134651184
intersection:30, mean_episode_reward:0.15416663885116577, mean_queue:0.8722222447395325
intersection:31, mean_episode_reward:0.1300000101327896, mean_queue:0.8083333373069763
Test step:73/200, travel time :253.3659217877095, rewards:-6.201667616102431, queue:5.77578125, delay:0.056819147533840604, throughput:1432
[CrossingProxy] total ped calls this episode: 231
step:3600/3600, q_loss:0.9081417322158813, rewards:-6.226944986979166, queue:5.7776909722222225, delay:0.05677571826510959, throughput:1434
episode:74/200, real avg travel time:253.8584379358438
intersection:0, mean_episode_reward:-0.8905556797981262, mean_queue:10.86111068725586
intersection:1, mean_episode_reward:-0.5355553030967712, mean_queue:10.747221946716309
intersection:2, mean_episode_reward:-0.6761112213134766, mean_queue:11.122221946716309
intersection:3, mean_episode_reward:-0.986944854259491, mean_queue:10.147222518920898
intersection:4, mean_episode_reward:-0.4188891649246216, mean_queue:11.024999618530273
intersection:5, mean_episode_reward:0.254444420337677, mean_queue:10.355555534362793
intersection:6, mean_episode_reward:0.1913888305425644, mean_queue:10.777777671813965
intersection:7, mean_episode_reward:-0.7188889384269714, mean_queue:10.433333396911621
intersection:8, mean_episode_reward:-0.8133330345153809, mean_queue:11.016666412353516
intersection:9, mean_episode_reward:-0.05805547907948494, mean_queue:10.588889122009277
intersection:10, mean_episode_reward:0.154722198843956, mean_queue:10.98611068725586
intersection:11, mean_episode_reward:-0.3605555593967438, mean_queue:10.658333778381348
intersection:12, mean_episode_reward:-0.9138889908790588, mean_queue:11.01111125946045
intersection:13, mean_episode_reward:-0.7552779316902161, mean_queue:10.76111125946045
intersection:14, mean_episode_reward:-0.4536112844944, mean_queue:10.758333206176758
intersection:15, mean_episode_reward:-1.371666431427002, mean_queue:10.975000381469727
intersection:16, mean_episode_reward:0.11722222715616226, mean_queue:0.7749999761581421
intersection:17, mean_episode_reward:0.07111112028360367, mean_queue:0.7777777910232544
intersection:18, mean_episode_reward:0.05583333596587181, mean_queue:0.7888888716697693
intersection:19, mean_episode_reward:0.20888899266719818, mean_queue:0.8166666626930237
intersection:20, mean_episode_reward:0.1169443428516388, mean_queue:0.7527777552604675
intersection:21, mean_episode_reward:0.12499993294477463, mean_queue:0.8138889074325562
intersection:22, mean_episode_reward:0.09749992936849594, mean_queue:0.7888888716697693
intersection:23, mean_episode_reward:0.03861109912395477, mean_queue:0.7805555462837219
intersection:24, mean_episode_reward:0.21388891339302063, mean_queue:0.7749999761581421
intersection:25, mean_episode_reward:0.10694445669651031, mean_queue:0.7749999761581421
intersection:26, mean_episode_reward:0.1763889491558075, mean_queue:0.75
intersection:27, mean_episode_reward:0.14472217857837677, mean_queue:0.769444465637207
intersection:28, mean_episode_reward:0.14583329856395721, mean_queue:0.7833333611488342
intersection:29, mean_episode_reward:0.2619444727897644, mean_queue:0.8333333134651184
intersection:30, mean_episode_reward:0.13083331286907196, mean_queue:0.8722222447395325
intersection:31, mean_episode_reward:0.11416666954755783, mean_queue:0.8083333373069763
Test step:74/200, travel time :253.68876482903002, rewards:-6.088055419921875, queue:5.774131944444444, delay:0.05626455942789713, throughput:1433
[CrossingProxy] total ped calls this episode: 222
step:3600/3600, q_loss:0.9089887142181396, rewards:-6.270556640625, queue:5.776909722222222, delay:0.05606019761827257, throughput:1434
episode:75/200, real avg travel time:255.58926080892607
intersection:0, mean_episode_reward:-0.7905560731887817, mean_queue:10.716666221618652
intersection:1, mean_episode_reward:-0.8008332848548889, mean_queue:10.655555725097656
intersection:2, mean_episode_reward:-0.8638891577720642, mean_queue:11.041666984558105
intersection:3, mean_episode_reward:-1.0908334255218506, mean_queue:10.152777671813965
intersection:4, mean_episode_reward:-0.46250003576278687, mean_queue:11.016666412353516
intersection:5, mean_episode_reward:0.4655555188655853, mean_queue:10.436111450195312
intersection:6, mean_episode_reward:0.28694450855255127, mean_queue:10.766666412353516
intersection:7, mean_episode_reward:-0.4177776277065277, mean_queue:10.524999618530273
intersection:8, mean_episode_reward:-0.5644445419311523, mean_queue:10.947221755981445
intersection:9, mean_episode_reward:-0.03138892725110054, mean_queue:10.786110877990723
intersection:10, mean_episode_reward:0.035277776420116425, mean_queue:10.808333396911621
intersection:11, mean_episode_reward:-0.6647220849990845, mean_queue:10.880555152893066
intersection:12, mean_episode_reward:-1.2808332443237305, mean_queue:11.308333396911621
intersection:13, mean_episode_reward:-0.7099999189376831, mean_queue:10.927778244018555
intersection:14, mean_episode_reward:-0.2733333110809326, mean_queue:10.51388931274414
intersection:15, mean_episode_reward:-1.2094447612762451, mean_queue:10.716666221618652
intersection:16, mean_episode_reward:0.11749999970197678, mean_queue:0.7749999761581421
intersection:17, mean_episode_reward:0.12944446504116058, mean_queue:0.7777777910232544
intersection:18, mean_episode_reward:0.059444449841976166, mean_queue:0.7888888716697693
intersection:19, mean_episode_reward:0.17305558919906616, mean_queue:0.8166666626930237
intersection:20, mean_episode_reward:0.1541665941476822, mean_queue:0.7527777552604675
intersection:21, mean_episode_reward:0.13277775049209595, mean_queue:0.8138889074325562
intersection:22, mean_episode_reward:0.08111108094453812, mean_queue:0.7888888716697693
intersection:23, mean_episode_reward:0.0794445127248764, mean_queue:0.7805555462837219
intersection:24, mean_episode_reward:0.18388892710208893, mean_queue:0.7749999761581421
intersection:25, mean_episode_reward:0.0927777960896492, mean_queue:0.7749999761581421
intersection:26, mean_episode_reward:0.1111111119389534, mean_queue:0.75
intersection:27, mean_episode_reward:0.15444442629814148, mean_queue:0.769444465637207
intersection:28, mean_episode_reward:0.1680554896593094, mean_queue:0.7833333611488342
intersection:29, mean_episode_reward:0.24638903141021729, mean_queue:0.8333333134651184
intersection:30, mean_episode_reward:0.15333330631256104, mean_queue:0.8722222447395325
intersection:31, mean_episode_reward:0.06527777016162872, mean_queue:0.8083333373069763
Test step:75/200, travel time :253.70362622036262, rewards:-6.4227783203125, queue:5.770138888888889, delay:0.05604853100246853, throughput:1434
[CrossingProxy] total ped calls this episode: 271
step:3600/3600, q_loss:0.9087256789207458, rewards:-6.509445529513889, queue:5.803732638888889, delay:0.05741356213887532, throughput:1430
episode:76/200, real avg travel time:257.7062937062937
intersection:0, mean_episode_reward:-0.7822223901748657, mean_queue:10.619444847106934
intersection:1, mean_episode_reward:-0.817777693271637, mean_queue:11.005555152893066
intersection:2, mean_episode_reward:-0.829166829586029, mean_queue:11.227777481079102
intersection:3, mean_episode_reward:-0.8886110782623291, mean_queue:10.202777862548828
intersection:4, mean_episode_reward:-0.5675001740455627, mean_queue:11.01388931274414
intersection:5, mean_episode_reward:0.7799999713897705, mean_queue:10.31944465637207
intersection:6, mean_episode_reward:0.11222223937511444, mean_queue:10.927778244018555
intersection:7, mean_episode_reward:-0.5005558729171753, mean_queue:10.547222137451172
intersection:8, mean_episode_reward:-0.9691669940948486, mean_queue:10.952777862548828
intersection:9, mean_episode_reward:0.2586110234260559, mean_queue:10.433333396911621
intersection:10, mean_episode_reward:-0.0027778062503784895, mean_queue:11.077777862548828
intersection:11, mean_episode_reward:-0.8027777075767517, mean_queue:11.11111068725586
intersection:12, mean_episode_reward:-1.2183337211608887, mean_queue:11.191666603088379
intersection:13, mean_episode_reward:-0.7341665625572205, mean_queue:10.791666984558105
intersection:14, mean_episode_reward:-0.19833333790302277, mean_queue:10.608333587646484
intersection:15, mean_episode_reward:-1.4444444179534912, mean_queue:11.027777671813965
intersection:16, mean_episode_reward:0.08972223103046417, mean_queue:0.7749999761581421
intersection:17, mean_episode_reward:0.09972221404314041, mean_queue:0.7777777910232544
intersection:18, mean_episode_reward:0.0930556058883667, mean_queue:0.7888888716697693
intersection:19, mean_episode_reward:0.15888890624046326, mean_queue:0.8166666626930237
intersection:20, mean_episode_reward:0.1036110371351242, mean_queue:0.7527777552604675
intersection:21, mean_episode_reward:0.14777778089046478, mean_queue:0.8138889074325562
intersection:22, mean_episode_reward:0.06277775764465332, mean_queue:0.7888888716697693
intersection:23, mean_episode_reward:0.04194444417953491, mean_queue:0.7805555462837219
intersection:24, mean_episode_reward:0.29694443941116333, mean_queue:0.7749999761581421
intersection:25, mean_episode_reward:0.09583334624767303, mean_queue:0.7749999761581421
intersection:26, mean_episode_reward:0.0975000187754631, mean_queue:0.75
intersection:27, mean_episode_reward:0.12944439053535461, mean_queue:0.769444465637207
intersection:28, mean_episode_reward:0.18055550754070282, mean_queue:0.7833333611488342
intersection:29, mean_episode_reward:0.23333334922790527, mean_queue:0.8333333134651184
intersection:30, mean_episode_reward:0.18972216546535492, mean_queue:0.8722222447395325
intersection:31, mean_episode_reward:0.07472222298383713, mean_queue:0.8083333373069763
Test step:76/200, travel time :256.1902097902098, rewards:-6.180555555555555, queue:5.789236111111111, delay:0.05757041507297092, throughput:1430
[CrossingProxy] total ped calls this episode: 268
step:3600/3600, q_loss:0.9080196619033813, rewards:-6.491389973958333, queue:5.799479166666667, delay:0.0582746081882053, throughput:1430
episode:77/200, real avg travel time:258.6048951048951
intersection:0, mean_episode_reward:-0.5933331251144409, mean_queue:10.627778053283691
intersection:1, mean_episode_reward:-0.6358333826065063, mean_queue:10.663888931274414
intersection:2, mean_episode_reward:-0.9222217202186584, mean_queue:11.16944408416748
intersection:3, mean_episode_reward:-1.1683330535888672, mean_queue:10.252778053283691
intersection:4, mean_episode_reward:-0.6744447946548462, mean_queue:11.086111068725586
intersection:5, mean_episode_reward:0.3963887393474579, mean_queue:10.36388874053955
intersection:6, mean_episode_reward:0.353611022233963, mean_queue:10.88611125946045
intersection:7, mean_episode_reward:-0.3636111319065094, mean_queue:10.588889122009277
intersection:8, mean_episode_reward:-0.7205557227134705, mean_queue:10.850000381469727
intersection:9, mean_episode_reward:-0.0166667178273201, mean_queue:10.547222137451172
intersection:10, mean_episode_reward:0.7805555462837219, mean_queue:11.047222137451172
intersection:11, mean_episode_reward:-1.3716671466827393, mean_queue:11.411110877990723
intersection:12, mean_episode_reward:-0.9883335828781128, mean_queue:10.952777862548828
intersection:13, mean_episode_reward:-0.8063888549804688, mean_queue:10.741666793823242
intersection:14, mean_episode_reward:-0.43138888478279114, mean_queue:10.800000190734863
intersection:15, mean_episode_reward:-1.3844443559646606, mean_queue:10.933333396911621
intersection:16, mean_episode_reward:0.09972221404314041, mean_queue:0.7749999761581421
intersection:17, mean_episode_reward:0.08111114054918289, mean_queue:0.7777777910232544
intersection:18, mean_episode_reward:0.06166667863726616, mean_queue:0.7888888716697693
intersection:19, mean_episode_reward:0.21222230792045593, mean_queue:0.8166666626930237
intersection:20, mean_episode_reward:0.156666561961174, mean_queue:0.7527777552604675
intersection:21, mean_episode_reward:0.12166660279035568, mean_queue:0.8138889074325562
intersection:22, mean_episode_reward:0.07805551588535309, mean_queue:0.7888888716697693
intersection:23, mean_episode_reward:0.01333331223577261, mean_queue:0.7805555462837219
intersection:24, mean_episode_reward:0.18861111998558044, mean_queue:0.7749999761581421
intersection:25, mean_episode_reward:0.08972220867872238, mean_queue:0.7749999761581421
intersection:26, mean_episode_reward:0.11083333939313889, mean_queue:0.75
intersection:27, mean_episode_reward:0.13083329796791077, mean_queue:0.769444465637207
intersection:28, mean_episode_reward:0.1799999475479126, mean_queue:0.7833333611488342
intersection:29, mean_episode_reward:0.23805572092533112, mean_queue:0.8333333134651184
intersection:30, mean_episode_reward:0.18138886988162994, mean_queue:0.8722222447395325
intersection:31, mean_episode_reward:0.11138888448476791, mean_queue:0.8083333373069763
Test step:77/200, travel time :255.59860627177702, rewards:-6.601388888888889, queue:5.774565972222222, delay:0.05640140109592014, throughput:1435
[CrossingProxy] total ped calls this episode: 243
step:3600/3600, q_loss:0.9040569067001343, rewards:-6.208888753255208, queue:5.780121527777778, delay:0.05728283988104926, throughput:1429
episode:78/200, real avg travel time:255.84674597620713
intersection:0, mean_episode_reward:-0.8305555582046509, mean_queue:10.597222328186035
intersection:1, mean_episode_reward:-0.5802775621414185, mean_queue:10.769444465637207
intersection:2, mean_episode_reward:-0.8561115860939026, mean_queue:11.230555534362793
intersection:3, mean_episode_reward:-0.8941666483879089, mean_queue:10.147222518920898
intersection:4, mean_episode_reward:-0.7072222232818604, mean_queue:11.11388874053955
intersection:5, mean_episode_reward:0.5041666626930237, mean_queue:10.475000381469727
intersection:6, mean_episode_reward:0.2080554962158203, mean_queue:10.824999809265137
intersection:7, mean_episode_reward:-0.20527774095535278, mean_queue:10.436111450195312
intersection:8, mean_episode_reward:-0.7122219800949097, mean_queue:11.030555725097656
intersection:9, mean_episode_reward:-0.12055559456348419, mean_queue:10.852777481079102
intersection:10, mean_episode_reward:0.3127777874469757, mean_queue:10.883333206176758
intersection:11, mean_episode_reward:-0.9558330774307251, mean_queue:10.969444274902344
intersection:12, mean_episode_reward:-1.1363887786865234, mean_queue:11.038888931274414
intersection:13, mean_episode_reward:-0.4591664969921112, mean_queue:10.644444465637207
intersection:14, mean_episode_reward:-0.64000004529953, mean_queue:10.597222328186035
intersection:15, mean_episode_reward:-1.1525002717971802, mean_queue:10.691666603088379
intersection:16, mean_episode_reward:0.06444443762302399, mean_queue:0.7749999761581421
intersection:17, mean_episode_reward:0.07750001549720764, mean_queue:0.7777777910232544
intersection:18, mean_episode_reward:0.06527777016162872, mean_queue:0.7888888716697693
intersection:19, mean_episode_reward:0.14222227036952972, mean_queue:0.8166666626930237
intersection:20, mean_episode_reward:0.140277698636055, mean_queue:0.7527777552604675
intersection:21, mean_episode_reward:0.12916666269302368, mean_queue:0.8138889074325562
intersection:22, mean_episode_reward:0.09749992936849594, mean_queue:0.7888888716697693
intersection:23, mean_episode_reward:0.07027777284383774, mean_queue:0.7805555462837219
intersection:24, mean_episode_reward:0.34277772903442383, mean_queue:0.7749999761581421
intersection:25, mean_episode_reward:0.056666672229766846, mean_queue:0.7749999761581421
intersection:26, mean_episode_reward:0.10499998927116394, mean_queue:0.75
intersection:27, mean_episode_reward:0.1430555284023285, mean_queue:0.769444465637207
intersection:28, mean_episode_reward:0.12833330035209656, mean_queue:0.7833333611488342
intersection:29, mean_episode_reward:0.17666664719581604, mean_queue:0.8333333134651184
intersection:30, mean_episode_reward:0.17638888955116272, mean_queue:0.8722222447395325
intersection:31, mean_episode_reward:0.10083331167697906, mean_queue:0.8083333373069763
Test step:78/200, travel time :254.28053035589673, rewards:-6.215278455946181, queue:5.780815972222222, delay:0.057735633850097653, throughput:1433
[CrossingProxy] total ped calls this episode: 259
step:3600/3600, q_loss:0.9025434851646423, rewards:-6.152779812282986, queue:5.755642361111111, delay:0.05642324023776584, throughput:1430
episode:79/200, real avg travel time:251.82587412587412
intersection:0, mean_episode_reward:-0.6836111545562744, mean_queue:10.741666793823242
intersection:1, mean_episode_reward:-0.3652777671813965, mean_queue:10.466666221618652
intersection:2, mean_episode_reward:-0.6697220802307129, mean_queue:11.100000381469727
intersection:3, mean_episode_reward:-1.167500376701355, mean_queue:10.291666984558105
intersection:4, mean_episode_reward:-1.0624998807907104, mean_queue:11.347222328186035
intersection:5, mean_episode_reward:0.1044444739818573, mean_queue:10.408333778381348
intersection:6, mean_episode_reward:0.28527775406837463, mean_queue:10.766666412353516
intersection:7, mean_episode_reward:-0.4941668212413788, mean_queue:10.494444847106934
intersection:8, mean_episode_reward:-0.4361112713813782, mean_queue:10.711111068725586
intersection:9, mean_episode_reward:0.07805551588535309, mean_queue:10.641666412353516
intersection:10, mean_episode_reward:0.0533333458006382, mean_queue:11.019444465637207
intersection:11, mean_episode_reward:-0.5025001168251038, mean_queue:10.788888931274414
intersection:12, mean_episode_reward:-1.0977779626846313, mean_queue:10.88611125946045
intersection:13, mean_episode_reward:-0.5458334684371948, mean_queue:10.577777862548828
intersection:14, mean_episode_reward:-0.3722223937511444, mean_queue:10.51111125946045
intersection:15, mean_episode_reward:-1.283611536026001, mean_queue:10.766666412353516
intersection:16, mean_episode_reward:0.14083333313465118, mean_queue:0.7749999761581421
intersection:17, mean_episode_reward:0.08194445818662643, mean_queue:0.7777777910232544
intersection:18, mean_episode_reward:0.04555556923151016, mean_queue:0.7888888716697693
intersection:19, mean_episode_reward:0.15250001847743988, mean_queue:0.8166666626930237
intersection:20, mean_episode_reward:0.12999990582466125, mean_queue:0.7527777552604675
intersection:21, mean_episode_reward:0.10944438725709915, mean_queue:0.8138889074325562
intersection:22, mean_episode_reward:0.048333339393138885, mean_queue:0.7888888716697693
intersection:23, mean_episode_reward:0.04583333805203438, mean_queue:0.7805555462837219
intersection:24, mean_episode_reward:0.2283332645893097, mean_queue:0.7749999761581421
intersection:25, mean_episode_reward:0.053888898342847824, mean_queue:0.7749999761581421
intersection:26, mean_episode_reward:0.12138890475034714, mean_queue:0.75
intersection:27, mean_episode_reward:0.15444442629814148, mean_queue:0.769444465637207
intersection:28, mean_episode_reward:0.1872222125530243, mean_queue:0.7833333611488342
intersection:29, mean_episode_reward:0.28083336353302, mean_queue:0.8333333134651184
intersection:30, mean_episode_reward:0.1455555260181427, mean_queue:0.8722222447395325
intersection:31, mean_episode_reward:0.08083334565162659, mean_queue:0.8083333373069763
Test step:79/200, travel time :250.4132867132867, rewards:-6.063332112630208, queue:5.761979166666666, delay:0.056448311275906035, throughput:1430
[CrossingProxy] total ped calls this episode: 264
step:3600/3600, q_loss:0.8977673053741455, rewards:-6.136387803819445, queue:5.760590277777778, delay:0.05483821762932672, throughput:1431
episode:80/200, real avg travel time:252.36827393431167
intersection:0, mean_episode_reward:-0.953611433506012, mean_queue:10.730555534362793
intersection:1, mean_episode_reward:-0.3511112928390503, mean_queue:10.572221755981445
intersection:2, mean_episode_reward:-0.766389012336731, mean_queue:11.144444465637207
intersection:3, mean_episode_reward:-1.1563886404037476, mean_queue:10.358333587646484
intersection:4, mean_episode_reward:-0.6455553770065308, mean_queue:10.958333015441895
intersection:5, mean_episode_reward:0.07944449037313461, mean_queue:10.480555534362793
intersection:6, mean_episode_reward:0.5230557918548584, mean_queue:10.633333206176758
intersection:7, mean_episode_reward:-0.5383334755897522, mean_queue:10.45555591583252
intersection:8, mean_episode_reward:-0.7466659545898438, mean_queue:10.75
intersection:9, mean_episode_reward:-0.02444440871477127, mean_queue:10.699999809265137
intersection:10, mean_episode_reward:0.3149999976158142, mean_queue:10.972222328186035
intersection:11, mean_episode_reward:-0.8963887691497803, mean_queue:11.116666793823242
intersection:12, mean_episode_reward:-0.7405555844306946, mean_queue:10.725000381469727
intersection:13, mean_episode_reward:-0.5141667127609253, mean_queue:10.530555725097656
intersection:14, mean_episode_reward:-0.6688886284828186, mean_queue:10.747221946716309
intersection:15, mean_episode_reward:-1.1402775049209595, mean_queue:10.802778244018555
intersection:16, mean_episode_reward:0.11500000208616257, mean_queue:0.7749999761581421
intersection:17, mean_episode_reward:0.06916669011116028, mean_queue:0.7777777910232544
intersection:18, mean_episode_reward:0.08222221583127975, mean_queue:0.7888888716697693
intersection:19, mean_episode_reward:0.21027785539627075, mean_queue:0.8166666626930237
intersection:20, mean_episode_reward:0.11777767539024353, mean_queue:0.7527777552604675
intersection:21, mean_episode_reward:0.13249994814395905, mean_queue:0.8138889074325562
intersection:22, mean_episode_reward:0.05472221225500107, mean_queue:0.7888888716697693
intersection:23, mean_episode_reward:0.05111110582947731, mean_queue:0.7805555462837219
intersection:24, mean_episode_reward:0.222777858376503, mean_queue:0.7749999761581421
intersection:25, mean_episode_reward:0.07999999076128006, mean_queue:0.7749999761581421
intersection:26, mean_episode_reward:0.10333335399627686, mean_queue:0.75
intersection:27, mean_episode_reward:0.159166619181633, mean_queue:0.769444465637207
intersection:28, mean_episode_reward:0.1827777475118637, mean_queue:0.7833333611488342
intersection:29, mean_episode_reward:0.22611115872859955, mean_queue:0.8333333134651184
intersection:30, mean_episode_reward:0.21055562794208527, mean_queue:0.8722222447395325
intersection:31, mean_episode_reward:0.07138889282941818, mean_queue:0.8083333373069763
Test step:80/200, travel time :251.1818181818182, rewards:-6.2625, queue:5.756510416666667, delay:0.056150521172417533, throughput:1430
[CrossingProxy] total ped calls this episode: 223
step:3600/3600, q_loss:0.889112114906311, rewards:-6.364444986979167, queue:5.774826388888889, delay:0.05531620979309082, throughput:1432
episode:81/200, real avg travel time:252.9518156424581
intersection:0, mean_episode_reward:-0.8255555629730225, mean_queue:10.616666793823242
intersection:1, mean_episode_reward:-0.6508334279060364, mean_queue:10.697221755981445
intersection:2, mean_episode_reward:-0.8827778100967407, mean_queue:11.20555591583252
intersection:3, mean_episode_reward:-1.1505563259124756, mean_queue:10.286110877990723
intersection:4, mean_episode_reward:-0.654999852180481, mean_queue:11.161110877990723
intersection:5, mean_episode_reward:0.25583335757255554, mean_queue:10.438888549804688
intersection:6, mean_episode_reward:0.2958333492279053, mean_queue:10.813888549804688
intersection:7, mean_episode_reward:-0.5463889837265015, mean_queue:10.36111068725586
intersection:8, mean_episode_reward:-0.453610897064209, mean_queue:10.725000381469727
intersection:9, mean_episode_reward:0.0849999412894249, mean_queue:10.641666412353516
intersection:10, mean_episode_reward:-0.02555563673377037, mean_queue:11.177778244018555
intersection:11, mean_episode_reward:-0.2674999237060547, mean_queue:10.708333015441895
intersection:12, mean_episode_reward:-1.1463885307312012, mean_queue:11.06944465637207
intersection:13, mean_episode_reward:-0.6566667556762695, mean_queue:10.68055534362793
intersection:14, mean_episode_reward:-0.2969444990158081, mean_queue:10.708333015441895
intersection:15, mean_episode_reward:-1.411388874053955, mean_queue:10.841666221618652
intersection:16, mean_episode_reward:0.05388887599110603, mean_queue:0.7749999761581421
intersection:17, mean_episode_reward:0.08194447308778763, mean_queue:0.7777777910232544
intersection:18, mean_episode_reward:0.0391666479408741, mean_queue:0.7888888716697693
intersection:19, mean_episode_reward:0.16722223162651062, mean_queue:0.8166666626930237
intersection:20, mean_episode_reward:0.11833326518535614, mean_queue:0.7527777552604675
intersection:21, mean_episode_reward:0.1436111181974411, mean_queue:0.8138889074325562
intersection:22, mean_episode_reward:0.05666666477918625, mean_queue:0.7888888716697693
intersection:23, mean_episode_reward:0.05805555358529091, mean_queue:0.7805555462837219
intersection:24, mean_episode_reward:0.3152777850627899, mean_queue:0.7749999761581421
intersection:25, mean_episode_reward:0.08388888835906982, mean_queue:0.7749999761581421
intersection:26, mean_episode_reward:0.11138889193534851, mean_queue:0.75
intersection:27, mean_episode_reward:0.1736110895872116, mean_queue:0.769444465637207
intersection:28, mean_episode_reward:0.17249996960163116, mean_queue:0.7833333611488342
intersection:29, mean_episode_reward:0.15333335101604462, mean_queue:0.8333333134651184
intersection:30, mean_episode_reward:0.17111104726791382, mean_queue:0.8722222447395325
intersection:31, mean_episode_reward:0.06805556267499924, mean_queue:0.8083333373069763
Test step:81/200, travel time :256.30258560447237, rewards:-5.856666395399306, queue:5.79375, delay:0.056542189915974934, throughput:1431
[CrossingProxy] total ped calls this episode: 231
step:3600/3600, q_loss:0.8825366497039795, rewards:-5.865000406901042, queue:5.731857638888889, delay:0.054666460884941946, throughput:1432
episode:82/200, real avg travel time:248.2849162011173
intersection:0, mean_episode_reward:-0.7894445061683655, mean_queue:10.702777862548828
intersection:1, mean_episode_reward:-0.3952779173851013, mean_queue:10.588889122009277
intersection:2, mean_episode_reward:-0.699722170829773, mean_queue:10.958333015441895
intersection:3, mean_episode_reward:-1.0452773571014404, mean_queue:10.227777481079102
intersection:4, mean_episode_reward:-0.823888897895813, mean_queue:11.274999618530273
intersection:5, mean_episode_reward:0.0861111730337143, mean_queue:10.483333587646484
intersection:6, mean_episode_reward:0.2405555695295334, mean_queue:10.744444847106934
intersection:7, mean_episode_reward:-0.4763888120651245, mean_queue:10.286110877990723
intersection:8, mean_episode_reward:-0.6438891291618347, mean_queue:10.741666793823242
intersection:9, mean_episode_reward:0.2925000488758087, mean_queue:10.41944408416748
intersection:10, mean_episode_reward:0.09388886392116547, mean_queue:10.941666603088379
intersection:11, mean_episode_reward:-0.519444465637207, mean_queue:10.627778053283691
intersection:12, mean_episode_reward:-0.8586112856864929, mean_queue:10.76111125946045
intersection:13, mean_episode_reward:-0.5905555486679077, mean_queue:10.56944465637207
intersection:14, mean_episode_reward:-0.3127778172492981, mean_queue:10.583333015441895
intersection:15, mean_episode_reward:-1.4369447231292725, mean_queue:10.847222328186035
intersection:16, mean_episode_reward:0.10055553913116455, mean_queue:0.7749999761581421
intersection:17, mean_episode_reward:0.08777782320976257, mean_queue:0.7777777910232544
intersection:18, mean_episode_reward:0.061388880014419556, mean_queue:0.7888888716697693
intersection:19, mean_episode_reward:0.22333331406116486, mean_queue:0.8166666626930237
intersection:20, mean_episode_reward:0.10861100256443024, mean_queue:0.7527777552604675
intersection:21, mean_episode_reward:0.11944440007209778, mean_queue:0.8138889074325562
intersection:22, mean_episode_reward:0.07805553823709488, mean_queue:0.7888888716697693
intersection:23, mean_episode_reward:0.07305555045604706, mean_queue:0.7805555462837219
intersection:24, mean_episode_reward:0.3097221851348877, mean_queue:0.7749999761581421
intersection:25, mean_episode_reward:0.05055556818842888, mean_queue:0.7749999761581421
intersection:26, mean_episode_reward:0.1202777624130249, mean_queue:0.75
intersection:27, mean_episode_reward:0.12805549800395966, mean_queue:0.769444465637207
intersection:28, mean_episode_reward:0.1383333057165146, mean_queue:0.7833333611488342
intersection:29, mean_episode_reward:0.20138895511627197, mean_queue:0.8333333134651184
intersection:30, mean_episode_reward:0.13916663825511932, mean_queue:0.8722222447395325
intersection:31, mean_episode_reward:0.07444445788860321, mean_queue:0.8083333373069763
Test step:82/200, travel time :254.00487465181058, rewards:-6.444999186197917, queue:5.776388888888889, delay:0.05698197682698568, throughput:1436
[CrossingProxy] total ped calls this episode: 270
step:3600/3600, q_loss:0.878910481929779, rewards:-6.274721272786459, queue:5.760503472222222, delay:0.0556763490041097, throughput:1434
episode:83/200, real avg travel time:250.6255230125523
intersection:0, mean_episode_reward:-1.008888602256775, mean_queue:10.858333587646484
intersection:1, mean_episode_reward:-0.3422221839427948, mean_queue:10.480555534362793
intersection:2, mean_episode_reward:-0.5705556869506836, mean_queue:10.983333587646484
intersection:3, mean_episode_reward:-1.1877777576446533, mean_queue:10.338889122009277
intersection:4, mean_episode_reward:-0.8024998903274536, mean_queue:11.177778244018555
intersection:5, mean_episode_reward:0.24972227215766907, mean_queue:10.38611125946045
intersection:6, mean_episode_reward:0.3416667878627777, mean_queue:10.769444465637207
intersection:7, mean_episode_reward:-0.7194446325302124, mean_queue:10.458333015441895
intersection:8, mean_episode_reward:-0.741944432258606, mean_queue:10.925000190734863
intersection:9, mean_episode_reward:-0.01472224947065115, mean_queue:10.633333206176758
intersection:10, mean_episode_reward:0.17416660487651825, mean_queue:11.01111125946045
intersection:11, mean_episode_reward:-0.6886111497879028, mean_queue:10.652777671813965
intersection:12, mean_episode_reward:-1.130555510520935, mean_queue:11.11388874053955
intersection:13, mean_episode_reward:-0.5774998068809509, mean_queue:10.602777481079102
intersection:14, mean_episode_reward:-0.2930554449558258, mean_queue:10.591666221618652
intersection:15, mean_episode_reward:-1.198055386543274, mean_queue:10.691666603088379
intersection:16, mean_episode_reward:0.12138886749744415, mean_queue:0.7749999761581421
intersection:17, mean_episode_reward:0.11916667968034744, mean_queue:0.7777777910232544
intersection:18, mean_episode_reward:0.03750000149011612, mean_queue:0.7888888716697693
intersection:19, mean_episode_reward:0.19333335757255554, mean_queue:0.8166666626930237
intersection:20, mean_episode_reward:0.10722217708826065, mean_queue:0.7527777552604675
intersection:21, mean_episode_reward:0.13250000774860382, mean_queue:0.8138889074325562
intersection:22, mean_episode_reward:0.08194442093372345, mean_queue:0.7888888716697693
intersection:23, mean_episode_reward:0.09694452583789825, mean_queue:0.7805555462837219
intersection:24, mean_episode_reward:0.45555543899536133, mean_queue:0.7749999761581421
intersection:25, mean_episode_reward:0.07805554568767548, mean_queue:0.7749999761581421
intersection:26, mean_episode_reward:0.13333335518836975, mean_queue:0.75
intersection:27, mean_episode_reward:0.13111107051372528, mean_queue:0.769444465637207
intersection:28, mean_episode_reward:0.17694441974163055, mean_queue:0.7833333611488342
intersection:29, mean_episode_reward:0.1508333683013916, mean_queue:0.8333333134651184
intersection:30, mean_episode_reward:0.13722221553325653, mean_queue:0.8722222447395325
intersection:31, mean_episode_reward:0.08250001817941666, mean_queue:0.8083333373069763
Test step:83/200, travel time :251.95746164574618, rewards:-6.243054877387153, queue:5.755295138888889, delay:0.05584703021579319, throughput:1434
[CrossingProxy] total ped calls this episode: 228
step:3600/3600, q_loss:0.8811950087547302, rewards:-6.194444444444445, queue:5.752517361111111, delay:0.05690614382425944, throughput:1430
episode:84/200, real avg travel time:250.94545454545454
intersection:0, mean_episode_reward:-0.47166672348976135, mean_queue:10.436111450195312
intersection:1, mean_episode_reward:-0.5522222518920898, mean_queue:10.597222328186035
intersection:2, mean_episode_reward:-0.5369445085525513, mean_queue:10.980555534362793
intersection:3, mean_episode_reward:-1.2941664457321167, mean_queue:10.461111068725586
intersection:4, mean_episode_reward:-0.9591671228408813, mean_queue:11.102777481079102
intersection:5, mean_episode_reward:0.22000005841255188, mean_queue:10.38888931274414
intersection:6, mean_episode_reward:0.01583329774439335, mean_queue:10.86111068725586
intersection:7, mean_episode_reward:-0.6469441056251526, mean_queue:10.469444274902344
intersection:8, mean_episode_reward:-0.5941671133041382, mean_queue:10.655555725097656
intersection:9, mean_episode_reward:0.07972221076488495, mean_queue:10.51111125946045
intersection:10, mean_episode_reward:-0.331666499376297, mean_queue:11.269444465637207
intersection:11, mean_episode_reward:-0.35833340883255005, mean_queue:10.708333015441895
intersection:12, mean_episode_reward:-1.1630560159683228, mean_queue:11.04444408416748
intersection:13, mean_episode_reward:-0.5486108064651489, mean_queue:10.561111450195312
intersection:14, mean_episode_reward:-0.06305555254220963, mean_queue:10.536110877990723
intersection:15, mean_episode_reward:-1.2605552673339844, mean_queue:10.836111068725586
intersection:16, mean_episode_reward:0.08916666358709335, mean_queue:0.7749999761581421
intersection:17, mean_episode_reward:0.1019444689154625, mean_queue:0.7777777910232544
intersection:18, mean_episode_reward:0.04638887569308281, mean_queue:0.7888888716697693
intersection:19, mean_episode_reward:0.280277818441391, mean_queue:0.8166666626930237
intersection:20, mean_episode_reward:0.13638879358768463, mean_queue:0.7527777552604675
intersection:21, mean_episode_reward:0.09499996900558472, mean_queue:0.8138889074325562
intersection:22, mean_episode_reward:0.06499998271465302, mean_queue:0.7888888716697693
intersection:23, mean_episode_reward:0.18111106753349304, mean_queue:0.7805555462837219
intersection:24, mean_episode_reward:0.2372223138809204, mean_queue:0.7749999761581421
intersection:25, mean_episode_reward:0.101666659116745, mean_queue:0.7749999761581421
intersection:26, mean_episode_reward:0.120555579662323, mean_queue:0.75
intersection:27, mean_episode_reward:0.13972221314907074, mean_queue:0.769444465637207
intersection:28, mean_episode_reward:0.2172221541404724, mean_queue:0.7833333611488342
intersection:29, mean_episode_reward:0.1602778136730194, mean_queue:0.8333333134651184
intersection:30, mean_episode_reward:0.22222231328487396, mean_queue:0.8722222447395325
intersection:31, mean_episode_reward:0.0763888955116272, mean_queue:0.8083333373069763
Test step:84/200, travel time :252.39106145251398, rewards:-6.0858344184027775, queue:5.752690972222222, delay:0.05553216404385037, throughput:1432
[CrossingProxy] total ped calls this episode: 244
step:3600/3600, q_loss:0.8667148351669312, rewards:-6.117222086588542, queue:5.743663194444444, delay:0.05408415264553494, throughput:1434
episode:85/200, real avg travel time:249.244769874477
intersection:0, mean_episode_reward:-0.617222011089325, mean_queue:10.688888549804688
intersection:1, mean_episode_reward:-0.781944215297699, mean_queue:10.808333396911621
intersection:2, mean_episode_reward:-0.6416667699813843, mean_queue:11.086111068725586
intersection:3, mean_episode_reward:-1.1458336114883423, mean_queue:10.302778244018555
intersection:4, mean_episode_reward:-0.6002777218818665, mean_queue:10.836111068725586
intersection:5, mean_episode_reward:0.33277779817581177, mean_queue:10.311111450195312
intersection:6, mean_episode_reward:0.24138888716697693, mean_queue:10.98611068725586
intersection:7, mean_episode_reward:-0.5061113834381104, mean_queue:10.472222328186035
intersection:8, mean_episode_reward:-0.5047222375869751, mean_queue:10.602777481079102
intersection:9, mean_episode_reward:-0.08166666328907013, mean_queue:10.538888931274414
intersection:10, mean_episode_reward:-0.21388886868953705, mean_queue:11.04444408416748
intersection:11, mean_episode_reward:-0.648611307144165, mean_queue:10.699999809265137
intersection:12, mean_episode_reward:-1.245278000831604, mean_queue:10.991666793823242
intersection:13, mean_episode_reward:-0.3163887560367584, mean_queue:10.483333587646484
intersection:14, mean_episode_reward:-0.44416671991348267, mean_queue:10.655555725097656
intersection:15, mean_episode_reward:-1.0319443941116333, mean_queue:10.627778053283691
intersection:16, mean_episode_reward:0.08833333849906921, mean_queue:0.7749999761581421
intersection:17, mean_episode_reward:0.08166668564081192, mean_queue:0.7777777910232544
intersection:18, mean_episode_reward:0.04999999329447746, mean_queue:0.7888888716697693
intersection:19, mean_episode_reward:0.19999997317790985, mean_queue:0.8166666626930237
intersection:20, mean_episode_reward:0.1516665816307068, mean_queue:0.7527777552604675
intersection:21, mean_episode_reward:0.10555548965930939, mean_queue:0.8138889074325562
intersection:22, mean_episode_reward:0.05111110582947731, mean_queue:0.7888888716697693
intersection:23, mean_episode_reward:0.10277783870697021, mean_queue:0.7805555462837219
intersection:24, mean_episode_reward:0.2225000560283661, mean_queue:0.7749999761581421
intersection:25, mean_episode_reward:0.10555555671453476, mean_queue:0.7749999761581421
intersection:26, mean_episode_reward:0.13166670501232147, mean_queue:0.75
intersection:27, mean_episode_reward:0.13249994814395905, mean_queue:0.769444465637207
intersection:28, mean_episode_reward:0.1874999850988388, mean_queue:0.7833333611488342
intersection:29, mean_episode_reward:0.19666673243045807, mean_queue:0.8333333134651184
intersection:30, mean_episode_reward:0.1988888829946518, mean_queue:0.8722222447395325
intersection:31, mean_episode_reward:0.08194445073604584, mean_queue:0.8083333373069763
Test step:85/200, travel time :254.65174825174824, rewards:-6.034721544053819, queue:5.777864583333334, delay:0.05571019384596083, throughput:1430
[CrossingProxy] total ped calls this episode: 240
step:3600/3600, q_loss:0.8622121810913086, rewards:-6.333610026041667, queue:5.768142361111111, delay:0.05637603865729438, throughput:1431
episode:86/200, real avg travel time:253.19426974143954
intersection:0, mean_episode_reward:-0.6947222948074341, mean_queue:10.722222328186035
intersection:1, mean_episode_reward:-0.5766667723655701, mean_queue:10.68055534362793
intersection:2, mean_episode_reward:-0.6197219491004944, mean_queue:11.097222328186035
intersection:3, mean_episode_reward:-1.3897219896316528, mean_queue:10.433333396911621
intersection:4, mean_episode_reward:-0.5899999737739563, mean_queue:10.969444274902344
intersection:5, mean_episode_reward:0.007500016130506992, mean_queue:10.458333015441895
intersection:6, mean_episode_reward:0.1524999439716339, mean_queue:10.802778244018555
intersection:7, mean_episode_reward:-0.6622222065925598, mean_queue:10.352777481079102
intersection:8, mean_episode_reward:-0.6847219467163086, mean_queue:10.911110877990723
intersection:9, mean_episode_reward:-0.001388909062370658, mean_queue:10.577777862548828
intersection:10, mean_episode_reward:0.10777771472930908, mean_queue:11.002778053283691
intersection:11, mean_episode_reward:-0.02500000223517418, mean_queue:10.58055591583252
intersection:12, mean_episode_reward:-0.9797224402427673, mean_queue:10.966666221618652
intersection:13, mean_episode_reward:-0.5247220396995544, mean_queue:10.566666603088379
intersection:14, mean_episode_reward:-0.3141666650772095, mean_queue:10.644444465637207
intersection:15, mean_episode_reward:-1.6825000047683716, mean_queue:11.152777671813965
intersection:16, mean_episode_reward:0.0741666704416275, mean_queue:0.7749999761581421
intersection:17, mean_episode_reward:0.09611112624406815, mean_queue:0.7777777910232544
intersection:18, mean_episode_reward:0.07027779519557953, mean_queue:0.7888888716697693
intersection:19, mean_episode_reward:0.23833335936069489, mean_queue:0.8166666626930237
intersection:20, mean_episode_reward:0.20249995589256287, mean_queue:0.7527777552604675
intersection:21, mean_episode_reward:0.1572222113609314, mean_queue:0.8138889074325562
intersection:22, mean_episode_reward:0.05277777090668678, mean_queue:0.7888888716697693
intersection:23, mean_episode_reward:0.04472222179174423, mean_queue:0.7805555462837219
intersection:24, mean_episode_reward:0.14805558323860168, mean_queue:0.7749999761581421
intersection:25, mean_episode_reward:0.09638888388872147, mean_queue:0.7749999761581421
intersection:26, mean_episode_reward:0.13277779519557953, mean_queue:0.75
intersection:27, mean_episode_reward:0.22499991953372955, mean_queue:0.769444465637207
intersection:28, mean_episode_reward:0.2030554860830307, mean_queue:0.7833333611488342
intersection:29, mean_episode_reward:0.20083341002464294, mean_queue:0.8333333134651184
intersection:30, mean_episode_reward:0.13555553555488586, mean_queue:0.8722222447395325
intersection:31, mean_episode_reward:0.06611111760139465, mean_queue:0.8083333373069763
Test step:86/200, travel time :253.6013986013986, rewards:-6.34666748046875, queue:5.764756944444445, delay:0.05640144877963596, throughput:1430
[CrossingProxy] total ped calls this episode: 214
step:3600/3600, q_loss:0.8627005815505981, rewards:-6.389444986979167, queue:5.782638888888889, delay:0.05634365611606174, throughput:1430
episode:87/200, real avg travel time:254.03986013986014
intersection:0, mean_episode_reward:-0.690277636051178, mean_queue:10.566666603088379
intersection:1, mean_episode_reward:-0.5144442915916443, mean_queue:10.519444465637207
intersection:2, mean_episode_reward:-0.7683332562446594, mean_queue:11.125
intersection:3, mean_episode_reward:-1.074722409248352, mean_queue:10.26388931274414
intersection:4, mean_episode_reward:-0.6694446206092834, mean_queue:11.097222328186035
intersection:5, mean_episode_reward:0.11027775704860687, mean_queue:10.550000190734863
intersection:6, mean_episode_reward:0.38749998807907104, mean_queue:10.772222518920898
intersection:7, mean_episode_reward:-0.3222222626209259, mean_queue:10.352777481079102
intersection:8, mean_episode_reward:-0.6180557012557983, mean_queue:10.722222328186035
intersection:9, mean_episode_reward:0.04833336919546127, mean_queue:10.80555534362793
intersection:10, mean_episode_reward:-0.015555520541965961, mean_queue:11.086111068725586
intersection:11, mean_episode_reward:-0.8872223496437073, mean_queue:10.877778053283691
intersection:12, mean_episode_reward:-1.2750002145767212, mean_queue:11.33055591583252
intersection:13, mean_episode_reward:-0.7222219705581665, mean_queue:10.938888549804688
intersection:14, mean_episode_reward:-0.2513887286186218, mean_queue:10.616666793823242
intersection:15, mean_episode_reward:-1.2341668605804443, mean_queue:10.758333206176758
intersection:16, mean_episode_reward:0.06583333015441895, mean_queue:0.7749999761581421
intersection:17, mean_episode_reward:0.09027779847383499, mean_queue:0.7777777910232544
intersection:18, mean_episode_reward:0.060000017285346985, mean_queue:0.7888888716697693
intersection:19, mean_episode_reward:0.36361101269721985, mean_queue:0.8166666626930237
intersection:20, mean_episode_reward:0.17861104011535645, mean_queue:0.7527777552604675
intersection:21, mean_episode_reward:0.1505555957555771, mean_queue:0.8138889074325562
intersection:22, mean_episode_reward:0.059444427490234375, mean_queue:0.7888888716697693
intersection:23, mean_episode_reward:0.021944427862763405, mean_queue:0.7805555462837219
intersection:24, mean_episode_reward:0.1944444179534912, mean_queue:0.7749999761581421
intersection:25, mean_episode_reward:0.06277777999639511, mean_queue:0.7749999761581421
intersection:26, mean_episode_reward:0.11555558443069458, mean_queue:0.75
intersection:27, mean_episode_reward:0.1597221940755844, mean_queue:0.769444465637207
intersection:28, mean_episode_reward:0.1805555373430252, mean_queue:0.7833333611488342
intersection:29, mean_episode_reward:0.15138892829418182, mean_queue:0.8333333134651184
intersection:30, mean_episode_reward:0.17499996721744537, mean_queue:0.8722222447395325
intersection:31, mean_episode_reward:0.07777778804302216, mean_queue:0.8083333373069763
Test step:87/200, travel time :254.7336578581363, rewards:-6.4022230360243055, queue:5.782552083333333, delay:0.05709721777174208, throughput:1438
[CrossingProxy] total ped calls this episode: 226
step:3600/3600, q_loss:0.8622491359710693, rewards:-6.345278591579861, queue:5.770399305555555, delay:0.05614322026570638, throughput:1435
episode:88/200, real avg travel time:254.10452961672473
intersection:0, mean_episode_reward:-0.6558332443237305, mean_queue:10.516666412353516
intersection:1, mean_episode_reward:-0.5411112308502197, mean_queue:10.627778053283691
intersection:2, mean_episode_reward:-0.6352777481079102, mean_queue:11.036110877990723
intersection:3, mean_episode_reward:-1.5558332204818726, mean_queue:10.627778053283691
intersection:4, mean_episode_reward:-0.7394445538520813, mean_queue:11.11388874053955
intersection:5, mean_episode_reward:0.18138881027698517, mean_queue:10.600000381469727
intersection:6, mean_episode_reward:0.2469443827867508, mean_queue:10.80555534362793
intersection:7, mean_episode_reward:-0.35527780652046204, mean_queue:10.425000190734863
intersection:8, mean_episode_reward:-0.5136112570762634, mean_queue:10.597222328186035
intersection:9, mean_episode_reward:-0.03194442763924599, mean_queue:10.780555725097656
intersection:10, mean_episode_reward:0.21444447338581085, mean_queue:10.994444847106934
intersection:11, mean_episode_reward:-0.9044445753097534, mean_queue:10.808333396911621
intersection:12, mean_episode_reward:-1.0166668891906738, mean_queue:10.958333015441895
intersection:13, mean_episode_reward:-0.6938889622688293, mean_queue:10.899999618530273
intersection:14, mean_episode_reward:-0.4736109972000122, mean_queue:10.61388874053955
intersection:15, mean_episode_reward:-0.9783337712287903, mean_queue:10.586111068725586
intersection:16, mean_episode_reward:0.05027776211500168, mean_queue:0.7749999761581421
intersection:17, mean_episode_reward:0.09027779847383499, mean_queue:0.7777777910232544
intersection:18, mean_episode_reward:0.058888889849185944, mean_queue:0.7888888716697693
intersection:19, mean_episode_reward:0.2294444590806961, mean_queue:0.8166666626930237
intersection:20, mean_episode_reward:0.18611106276512146, mean_queue:0.7527777552604675
intersection:21, mean_episode_reward:0.1619444340467453, mean_queue:0.8138889074325562
intersection:22, mean_episode_reward:0.050555553287267685, mean_queue:0.7888888716697693
intersection:23, mean_episode_reward:0.03472220525145531, mean_queue:0.7805555462837219
intersection:24, mean_episode_reward:0.16750001907348633, mean_queue:0.7749999761581421
intersection:25, mean_episode_reward:0.09361111372709274, mean_queue:0.7749999761581421
intersection:26, mean_episode_reward:0.13611115515232086, mean_queue:0.75
intersection:27, mean_episode_reward:0.16805551946163177, mean_queue:0.769444465637207
intersection:28, mean_episode_reward:0.2855554223060608, mean_queue:0.7833333611488342
intersection:29, mean_episode_reward:0.17277781665325165, mean_queue:0.8333333134651184
intersection:30, mean_episode_reward:0.13666664063930511, mean_queue:0.8722222447395325
intersection:31, mean_episode_reward:0.08472223579883575, mean_queue:0.8083333373069763
Test step:88/200, travel time :252.34937238493723, rewards:-5.929722764756945, queue:5.761458333333334, delay:0.055884467230902776, throughput:1434
[CrossingProxy] total ped calls this episode: 245
step:3600/3600, q_loss:0.8583158850669861, rewards:-6.223887803819444, queue:5.7515625, delay:0.05562239752875434, throughput:1432
episode:89/200, real avg travel time:250.3763966480447
intersection:0, mean_episode_reward:-0.8611108660697937, mean_queue:10.61388874053955
intersection:1, mean_episode_reward:-0.3938888609409332, mean_queue:10.461111068725586
intersection:2, mean_episode_reward:-0.8397224545478821, mean_queue:11.144444465637207
intersection:3, mean_episode_reward:-0.938610851764679, mean_queue:10.161110877990723
intersection:4, mean_episode_reward:-0.6849997043609619, mean_queue:11.06944465637207
intersection:5, mean_episode_reward:0.3122222125530243, mean_queue:10.36111068725586
intersection:6, mean_episode_reward:0.2722221612930298, mean_queue:10.699999809265137
intersection:7, mean_episode_reward:-0.6641667485237122, mean_queue:10.530555725097656
intersection:8, mean_episode_reward:-0.48666661977767944, mean_queue:10.627778053283691
intersection:9, mean_episode_reward:-0.0716666504740715, mean_queue:10.661110877990723
intersection:10, mean_episode_reward:-0.07055553048849106, mean_queue:11.172222137451172
intersection:11, mean_episode_reward:-0.5180556178092957, mean_queue:10.816666603088379
intersection:12, mean_episode_reward:-1.306944489479065, mean_queue:11.030555725097656
intersection:13, mean_episode_reward:-0.3824997842311859, mean_queue:10.48888874053955
intersection:14, mean_episode_reward:-0.3905555307865143, mean_queue:10.663888931274414
intersection:15, mean_episode_reward:-1.414444088935852, mean_queue:10.88611125946045
intersection:16, mean_episode_reward:0.07277777791023254, mean_queue:0.7749999761581421
intersection:17, mean_episode_reward:0.09972221404314041, mean_queue:0.7777777910232544
intersection:18, mean_episode_reward:0.06305555999279022, mean_queue:0.7888888716697693
intersection:19, mean_episode_reward:0.2772220969200134, mean_queue:0.8166666626930237
intersection:20, mean_episode_reward:0.18805548548698425, mean_queue:0.7527777552604675
intersection:21, mean_episode_reward:0.17916665971279144, mean_queue:0.8138889074325562
intersection:22, mean_episode_reward:0.053333330899477005, mean_queue:0.7888888716697693
intersection:23, mean_episode_reward:0.10305561125278473, mean_queue:0.7805555462837219
intersection:24, mean_episode_reward:0.1508333534002304, mean_queue:0.7749999761581421
intersection:25, mean_episode_reward:0.11055554449558258, mean_queue:0.7749999761581421
intersection:26, mean_episode_reward:0.11833333224058151, mean_queue:0.75
intersection:27, mean_episode_reward:0.24777767062187195, mean_queue:0.769444465637207
intersection:28, mean_episode_reward:0.15833328664302826, mean_queue:0.7833333611488342
intersection:29, mean_episode_reward:0.17722231149673462, mean_queue:0.8333333134651184
intersection:30, mean_episode_reward:0.14472219347953796, mean_queue:0.8722222447395325
intersection:31, mean_episode_reward:0.07138889282941818, mean_queue:0.8083333373069763
Test step:89/200, travel time :256.3886950453594, rewards:-6.2663892957899305, queue:5.792881944444445, delay:0.057939698961046004, throughput:1433
[CrossingProxy] total ped calls this episode: 268
step:3600/3600, q_loss:0.8492857813835144, rewards:-6.013888210720486, queue:5.756510416666667, delay:0.05560498767428928, throughput:1431
episode:90/200, real avg travel time:250.0524109014675
intersection:0, mean_episode_reward:-0.9658331871032715, mean_queue:10.822221755981445
intersection:1, mean_episode_reward:-0.525555431842804, mean_queue:10.558333396911621
intersection:2, mean_episode_reward:-0.8508332371711731, mean_queue:11.18055534362793
intersection:3, mean_episode_reward:-1.0538890361785889, mean_queue:10.402777671813965
intersection:4, mean_episode_reward:-0.3100000023841858, mean_queue:10.891666412353516
intersection:5, mean_episode_reward:-0.05888891592621803, mean_queue:10.530555725097656
intersection:6, mean_episode_reward:0.3402777910232544, mean_queue:10.73611068725586
intersection:7, mean_episode_reward:-0.4863887429237366, mean_queue:10.48611068725586
intersection:8, mean_episode_reward:-0.5488889217376709, mean_queue:10.711111068725586
intersection:9, mean_episode_reward:0.2236112803220749, mean_queue:10.508333206176758
intersection:10, mean_episode_reward:-0.14805558323860168, mean_queue:11.116666793823242
intersection:11, mean_episode_reward:-0.6944448947906494, mean_queue:10.68055534362793
intersection:12, mean_episode_reward:-1.0280553102493286, mean_queue:10.997221946716309
intersection:13, mean_episode_reward:-0.6994442343711853, mean_queue:10.758333206176758
intersection:14, mean_episode_reward:-0.0602777861058712, mean_queue:10.463889122009277
intersection:15, mean_episode_reward:-1.2272225618362427, mean_queue:10.702777862548828
intersection:16, mean_episode_reward:0.0997222289443016, mean_queue:0.7749999761581421
intersection:17, mean_episode_reward:0.06916669011116028, mean_queue:0.7777777910232544
intersection:18, mean_episode_reward:0.06416666507720947, mean_queue:0.7888888716697693
intersection:19, mean_episode_reward:0.20305559039115906, mean_queue:0.8166666626930237
intersection:20, mean_episode_reward:0.19861111044883728, mean_queue:0.7527777552604675
intersection:21, mean_episode_reward:0.1322222352027893, mean_queue:0.8138889074325562
intersection:22, mean_episode_reward:0.05249999463558197, mean_queue:0.7888888716697693
intersection:23, mean_episode_reward:0.03138888254761696, mean_queue:0.7805555462837219
intersection:24, mean_episode_reward:0.22694452106952667, mean_queue:0.7749999761581421
intersection:25, mean_episode_reward:0.09999997913837433, mean_queue:0.7749999761581421
intersection:26, mean_episode_reward:0.1486111283302307, mean_queue:0.75
intersection:27, mean_episode_reward:0.14166665077209473, mean_queue:0.769444465637207
intersection:28, mean_episode_reward:0.1922222077846527, mean_queue:0.7833333611488342
intersection:29, mean_episode_reward:0.17277780175209045, mean_queue:0.8333333134651184
intersection:30, mean_episode_reward:0.17722219228744507, mean_queue:0.8722222447395325
intersection:31, mean_episode_reward:0.0697222426533699, mean_queue:0.8083333373069763
Test step:90/200, travel time :256.5006983240223, rewards:-6.238612196180555, queue:5.777951388888889, delay:0.05801019138760037, throughput:1432
[CrossingProxy] total ped calls this episode: 241
step:3600/3600, q_loss:0.8491953611373901, rewards:-6.395834011501736, queue:5.765190972222222, delay:0.05572596126132541, throughput:1434
episode:91/200, real avg travel time:252.80613668061366
intersection:0, mean_episode_reward:-0.7855555415153503, mean_queue:10.688888549804688
intersection:1, mean_episode_reward:-0.49722182750701904, mean_queue:10.661110877990723
intersection:2, mean_episode_reward:-0.6975001096725464, mean_queue:10.949999809265137
intersection:3, mean_episode_reward:-1.342499852180481, mean_queue:10.505555152893066
intersection:4, mean_episode_reward:-0.5455554127693176, mean_queue:11.094444274902344
intersection:5, mean_episode_reward:0.10444442182779312, mean_queue:10.76111125946045
intersection:6, mean_episode_reward:0.26805558800697327, mean_queue:10.725000381469727
intersection:7, mean_episode_reward:-0.5516666173934937, mean_queue:10.527777671813965
intersection:8, mean_episode_reward:-0.5902779698371887, mean_queue:10.708333015441895
intersection:9, mean_episode_reward:-0.12777778506278992, mean_queue:10.633333206176758
intersection:10, mean_episode_reward:0.3972221314907074, mean_queue:10.838889122009277
intersection:11, mean_episode_reward:-0.8333334922790527, mean_queue:10.927778244018555
intersection:12, mean_episode_reward:-1.1916667222976685, mean_queue:10.975000381469727
intersection:13, mean_episode_reward:-0.46666669845581055, mean_queue:10.533333778381348
intersection:14, mean_episode_reward:-0.482222318649292, mean_queue:10.572221755981445
intersection:15, mean_episode_reward:-1.1186115741729736, mean_queue:10.722222328186035
intersection:16, mean_episode_reward:0.08027777820825577, mean_queue:0.7749999761581421
intersection:17, mean_episode_reward:0.08777782320976257, mean_queue:0.7777777910232544
intersection:18, mean_episode_reward:0.06444443762302399, mean_queue:0.7888888716697693
intersection:19, mean_episode_reward:0.22166669368743896, mean_queue:0.8166666626930237
intersection:20, mean_episode_reward:0.18222209811210632, mean_queue:0.7527777552604675
intersection:21, mean_episode_reward:0.18083330988883972, mean_queue:0.8138889074325562
intersection:22, mean_episode_reward:0.07055553048849106, mean_queue:0.7888888716697693
intersection:23, mean_episode_reward:0.028888873755931854, mean_queue:0.7805555462837219
intersection:24, mean_episode_reward:0.17000001668930054, mean_queue:0.7749999761581421
intersection:25, mean_episode_reward:0.10027776658535004, mean_queue:0.7749999761581421
intersection:26, mean_episode_reward:0.12472223490476608, mean_queue:0.75
intersection:27, mean_episode_reward:0.13499997556209564, mean_queue:0.769444465637207
intersection:28, mean_episode_reward:0.24749991297721863, mean_queue:0.7833333611488342
intersection:29, mean_episode_reward:0.1594444364309311, mean_queue:0.8333333134651184
intersection:30, mean_episode_reward:0.13111108541488647, mean_queue:0.8722222447395325
intersection:31, mean_episode_reward:0.08027778565883636, mean_queue:0.8083333373069763
Test step:91/200, travel time :254.1240418118467, rewards:-6.276388888888889, queue:5.768663194444445, delay:0.056906408733791776, throughput:1435
[CrossingProxy] total ped calls this episode: 246
step:3600/3600, q_loss:0.8403300046920776, rewards:-6.118611653645833, queue:5.764322916666667, delay:0.05647635459899902, throughput:1430
episode:92/200, real avg travel time:254.45734265734265
intersection:0, mean_episode_reward:-0.7230554223060608, mean_queue:10.644444465637207
intersection:1, mean_episode_reward:-0.4569442868232727, mean_queue:10.502778053283691
intersection:2, mean_episode_reward:-0.7952780723571777, mean_queue:11.155555725097656
intersection:3, mean_episode_reward:-1.1069445610046387, mean_queue:10.161110877990723
intersection:4, mean_episode_reward:-0.5055554509162903, mean_queue:11.041666984558105
intersection:5, mean_episode_reward:0.15138889849185944, mean_queue:10.619444847106934
intersection:6, mean_episode_reward:0.3122222423553467, mean_queue:10.824999809265137
intersection:7, mean_episode_reward:-0.6655558943748474, mean_queue:10.380555152893066
intersection:8, mean_episode_reward:-0.5805556178092957, mean_queue:10.716666221618652
intersection:9, mean_episode_reward:0.03361115604639053, mean_queue:10.772222518920898
intersection:10, mean_episode_reward:-0.012222202494740486, mean_queue:11.102777481079102
intersection:11, mean_episode_reward:-0.31194448471069336, mean_queue:10.686111450195312
intersection:12, mean_episode_reward:-0.9458332657814026, mean_queue:10.838889122009277
intersection:13, mean_episode_reward:-0.7619447708129883, mean_queue:10.88888931274414
intersection:14, mean_episode_reward:-0.33416664600372314, mean_queue:10.61111068725586
intersection:15, mean_episode_reward:-1.3222222328186035, mean_queue:10.850000381469727
intersection:16, mean_episode_reward:0.039722226560115814, mean_queue:0.7749999761581421
intersection:17, mean_episode_reward:0.06944446265697479, mean_queue:0.7777777910232544
intersection:18, mean_episode_reward:0.059722207486629486, mean_queue:0.7888888716697693
intersection:19, mean_episode_reward:0.19277773797512054, mean_queue:0.8166666626930237
intersection:20, mean_episode_reward:0.19527770578861237, mean_queue:0.7527777552604675
intersection:21, mean_episode_reward:0.12888891994953156, mean_queue:0.8138889074325562
intersection:22, mean_episode_reward:0.0786110907793045, mean_queue:0.7888888716697693
intersection:23, mean_episode_reward:0.047777775675058365, mean_queue:0.7805555462837219
intersection:24, mean_episode_reward:0.14333336055278778, mean_queue:0.7749999761581421
intersection:25, mean_episode_reward:0.13499999046325684, mean_queue:0.7749999761581421
intersection:26, mean_episode_reward:0.1341666877269745, mean_queue:0.75
intersection:27, mean_episode_reward:0.13555553555488586, mean_queue:0.769444465637207
intersection:28, mean_episode_reward:0.16527774930000305, mean_queue:0.7833333611488342
intersection:29, mean_episode_reward:0.15722227096557617, mean_queue:0.8333333134651184
intersection:30, mean_episode_reward:0.152777761220932, mean_queue:0.8722222447395325
intersection:31, mean_episode_reward:0.07083334773778915, mean_queue:0.8083333373069763
Test step:92/200, travel time :253.2587168758717, rewards:-6.139999728732639, queue:5.762673611111111, delay:0.054494746526082355, throughput:1434
[CrossingProxy] total ped calls this episode: 241
step:3600/3600, q_loss:0.8459689617156982, rewards:-5.986389838324653, queue:5.777256944444445, delay:0.05599971347384983, throughput:1434
episode:93/200, real avg travel time:256.0676429567643
intersection:0, mean_episode_reward:-0.9330556988716125, mean_queue:10.708333015441895
intersection:1, mean_episode_reward:-0.4486111104488373, mean_queue:10.51388931274414
intersection:2, mean_episode_reward:-0.6286112070083618, mean_queue:11.086111068725586
intersection:3, mean_episode_reward:-1.1538888216018677, mean_queue:10.19444465637207
intersection:4, mean_episode_reward:-0.4172225892543793, mean_queue:11.13888931274414
intersection:5, mean_episode_reward:-0.01166663970798254, mean_queue:10.591666221618652
intersection:6, mean_episode_reward:0.2313889116048813, mean_queue:10.98888874053955
intersection:7, mean_episode_reward:-0.479166716337204, mean_queue:10.422222137451172
intersection:8, mean_episode_reward:-0.5425001382827759, mean_queue:10.800000190734863
intersection:9, mean_episode_reward:0.25305551290512085, mean_queue:10.630555152893066
intersection:10, mean_episode_reward:0.33361122012138367, mean_queue:11.024999618530273
intersection:11, mean_episode_reward:-0.6580554842948914, mean_queue:10.827777862548828
intersection:12, mean_episode_reward:-1.038333535194397, mean_queue:11.024999618530273
intersection:13, mean_episode_reward:-0.8369448184967041, mean_queue:10.852777481079102
intersection:14, mean_episode_reward:-0.2619445025920868, mean_queue:10.602777481079102
intersection:15, mean_episode_reward:-1.3072223663330078, mean_queue:10.802778244018555
intersection:16, mean_episode_reward:0.050833310931921005, mean_queue:0.7749999761581421
intersection:17, mean_episode_reward:0.06944447010755539, mean_queue:0.7777777910232544
intersection:18, mean_episode_reward:0.05638890340924263, mean_queue:0.7888888716697693
intersection:19, mean_episode_reward:0.21250002086162567, mean_queue:0.8166666626930237
intersection:20, mean_episode_reward:0.2858333885669708, mean_queue:0.7527777552604675
intersection:21, mean_episode_reward:0.1530555784702301, mean_queue:0.8138889074325562
intersection:22, mean_episode_reward:0.0599999837577343, mean_queue:0.7888888716697693
intersection:23, mean_episode_reward:0.026944424957036972, mean_queue:0.7805555462837219
intersection:24, mean_episode_reward:0.1650000363588333, mean_queue:0.7749999761581421
intersection:25, mean_episode_reward:0.1202777624130249, mean_queue:0.7749999761581421
intersection:26, mean_episode_reward:0.1272222250699997, mean_queue:0.75
intersection:27, mean_episode_reward:0.1316666305065155, mean_queue:0.769444465637207
intersection:28, mean_episode_reward:0.1322222203016281, mean_queue:0.7833333611488342
intersection:29, mean_episode_reward:0.13777780532836914, mean_queue:0.8333333134651184
intersection:30, mean_episode_reward:0.11499997973442078, mean_queue:0.8722222447395325
intersection:31, mean_episode_reward:0.06861113011837006, mean_queue:0.8083333373069763
Test step:93/200, travel time :252.29972183588316, rewards:-6.00861070421007, queue:5.76015625, delay:0.055719788869222006, throughput:1438
[CrossingProxy] total ped calls this episode: 233
step:3600/3600, q_loss:0.855279266834259, rewards:-6.192221408420139, queue:5.756510416666667, delay:0.05456279118855794, throughput:1433
episode:94/200, real avg travel time:253.62456385205863
intersection:0, mean_episode_reward:-0.785833477973938, mean_queue:10.63611125946045
intersection:1, mean_episode_reward:-0.2788889408111572, mean_queue:10.533333778381348
intersection:2, mean_episode_reward:-0.6811111569404602, mean_queue:11.088889122009277
intersection:3, mean_episode_reward:-1.2319443225860596, mean_queue:10.26111125946045
intersection:4, mean_episode_reward:-0.513888955116272, mean_queue:11.002778053283691
intersection:5, mean_episode_reward:-0.17527775466442108, mean_queue:10.552778244018555
intersection:6, mean_episode_reward:0.5711109638214111, mean_queue:10.711111068725586
intersection:7, mean_episode_reward:-0.6880558729171753, mean_queue:10.550000190734863
intersection:8, mean_episode_reward:-0.4949999153614044, mean_queue:10.61388874053955
intersection:9, mean_episode_reward:0.16944441199302673, mean_queue:10.383333206176758
intersection:10, mean_episode_reward:0.2558334171772003, mean_queue:10.980555534362793
intersection:11, mean_episode_reward:-0.5516664981842041, mean_queue:10.897222518920898
intersection:12, mean_episode_reward:-1.3833329677581787, mean_queue:11.227777481079102
intersection:13, mean_episode_reward:-0.45333343744277954, mean_queue:10.56944465637207
intersection:14, mean_episode_reward:-0.461944580078125, mean_queue:10.538888931274414
intersection:15, mean_episode_reward:-1.5705550909042358, mean_queue:11.0
intersection:16, mean_episode_reward:0.05861109495162964, mean_queue:0.7749999761581421
intersection:17, mean_episode_reward:0.07250002026557922, mean_queue:0.7777777910232544
intersection:18, mean_episode_reward:0.08250004053115845, mean_queue:0.7888888716697693
intersection:19, mean_episode_reward:0.32805556058883667, mean_queue:0.8166666626930237
intersection:20, mean_episode_reward:0.20194454491138458, mean_queue:0.7527777552604675
intersection:21, mean_episode_reward:0.18111109733581543, mean_queue:0.8138889074325562
intersection:22, mean_episode_reward:0.05638888105750084, mean_queue:0.7888888716697693
intersection:23, mean_episode_reward:0.024166645482182503, mean_queue:0.7805555462837219
intersection:24, mean_episode_reward:0.17777782678604126, mean_queue:0.7749999761581421
intersection:25, mean_episode_reward:0.08277776837348938, mean_queue:0.7749999761581421
intersection:26, mean_episode_reward:0.1297222524881363, mean_queue:0.75
intersection:27, mean_episode_reward:0.15444442629814148, mean_queue:0.769444465637207
intersection:28, mean_episode_reward:0.18388885259628296, mean_queue:0.7833333611488342
intersection:29, mean_episode_reward:0.1350000500679016, mean_queue:0.8333333134651184
intersection:30, mean_episode_reward:0.14055554568767548, mean_queue:0.8722222447395325
intersection:31, mean_episode_reward:0.07277777791023254, mean_queue:0.8083333373069763
Test step:94/200, travel time :252.87561146051712, rewards:-6.354722764756945, queue:5.76171875, delay:0.05549924638536241, throughput:1431
[CrossingProxy] total ped calls this episode: 257
step:3600/3600, q_loss:0.8520984053611755, rewards:-6.1097222222222225, queue:5.786979166666667, delay:0.05607279141743978, throughput:1431
episode:95/200, real avg travel time:255.8294898672257
intersection:0, mean_episode_reward:-0.9658331274986267, mean_queue:10.741666793823242
intersection:1, mean_episode_reward:-0.3161110281944275, mean_queue:10.505555152893066
intersection:2, mean_episode_reward:-0.6252778172492981, mean_queue:11.11388874053955
intersection:3, mean_episode_reward:-1.1394445896148682, mean_queue:10.255555152893066
intersection:4, mean_episode_reward:-0.5936108827590942, mean_queue:11.019444465637207
intersection:5, mean_episode_reward:-0.16305558383464813, mean_queue:10.811111450195312
intersection:6, mean_episode_reward:0.5661110877990723, mean_queue:10.713889122009277
intersection:7, mean_episode_reward:-0.6399998068809509, mean_queue:10.547222137451172
intersection:8, mean_episode_reward:-0.3455555737018585, mean_queue:10.688888549804688
intersection:9, mean_episode_reward:0.24944454431533813, mean_queue:10.566666603088379
intersection:10, mean_episode_reward:0.17388881742954254, mean_queue:11.061111450195312
intersection:11, mean_episode_reward:-0.856111466884613, mean_queue:10.958333015441895
intersection:12, mean_episode_reward:-1.0374997854232788, mean_queue:10.947221755981445
intersection:13, mean_episode_reward:-0.8463891744613647, mean_queue:10.941666603088379
intersection:14, mean_episode_reward:-0.3238888084888458, mean_queue:10.622221946716309
intersection:15, mean_episode_reward:-1.58138906955719, mean_queue:11.027777671813965
intersection:16, mean_episode_reward:0.050833310931921005, mean_queue:0.7749999761581421
intersection:17, mean_episode_reward:0.09999997913837433, mean_queue:0.7777777910232544
intersection:18, mean_episode_reward:0.07555557787418365, mean_queue:0.7888888716697693
intersection:19, mean_episode_reward:0.22527781128883362, mean_queue:0.8166666626930237
intersection:20, mean_episode_reward:0.2869444191455841, mean_queue:0.7527777552604675
intersection:21, mean_episode_reward:0.15000000596046448, mean_queue:0.8138889074325562
intersection:22, mean_episode_reward:0.06583332270383835, mean_queue:0.7888888716697693
intersection:23, mean_episode_reward:0.03194442763924599, mean_queue:0.7805555462837219
intersection:24, mean_episode_reward:0.14527781307697296, mean_queue:0.7749999761581421
intersection:25, mean_episode_reward:0.1016666442155838, mean_queue:0.7749999761581421
intersection:26, mean_episode_reward:0.1347222477197647, mean_queue:0.75
intersection:27, mean_episode_reward:0.35666653513908386, mean_queue:0.769444465637207
intersection:28, mean_episode_reward:0.19305554032325745, mean_queue:0.7833333611488342
intersection:29, mean_episode_reward:0.178611159324646, mean_queue:0.8333333134651184
intersection:30, mean_episode_reward:0.15749996900558472, mean_queue:0.8722222447395325
intersection:31, mean_episode_reward:0.0811111181974411, mean_queue:0.8083333373069763
Test step:95/200, travel time :251.7587168758717, rewards:-5.952222357855903, queue:5.753385416666666, delay:0.05522146224975586, throughput:1434
[CrossingProxy] total ped calls this episode: 241
step:3600/3600, q_loss:0.8559730648994446, rewards:-6.108888753255209, queue:5.7789930555555555, delay:0.05652968088785807, throughput:1431
episode:96/200, real avg travel time:255.5401816911251
intersection:0, mean_episode_reward:-0.654722273349762, mean_queue:10.524999618530273
intersection:1, mean_episode_reward:-0.5658332705497742, mean_queue:10.538888931274414
intersection:2, mean_episode_reward:-0.785555362701416, mean_queue:11.11388874053955
intersection:3, mean_episode_reward:-1.2652778625488281, mean_queue:10.302778244018555
intersection:4, mean_episode_reward:-0.4488890469074249, mean_queue:10.922222137451172
intersection:5, mean_episode_reward:-0.08000007271766663, mean_queue:10.583333015441895
intersection:6, mean_episode_reward:0.5380557775497437, mean_queue:10.788888931274414
intersection:7, mean_episode_reward:-0.7844441533088684, mean_queue:10.54444408416748
intersection:8, mean_episode_reward:-0.4300001859664917, mean_queue:10.850000381469727
intersection:9, mean_episode_reward:0.2244444489479065, mean_queue:10.672222137451172
intersection:10, mean_episode_reward:0.1316666454076767, mean_queue:11.086111068725586
intersection:11, mean_episode_reward:-0.5561108589172363, mean_queue:10.63611125946045
intersection:12, mean_episode_reward:-0.8780555129051208, mean_queue:10.991666793823242
intersection:13, mean_episode_reward:-0.7413888573646545, mean_queue:10.822221755981445
intersection:14, mean_episode_reward:-0.6288890838623047, mean_queue:11.036110877990723
intersection:15, mean_episode_reward:-1.2077778577804565, mean_queue:10.852777481079102
intersection:16, mean_episode_reward:0.051111094653606415, mean_queue:0.7749999761581421
intersection:17, mean_episode_reward:0.08722225576639175, mean_queue:0.7777777910232544
intersection:18, mean_episode_reward:0.08527782559394836, mean_queue:0.7888888716697693
intersection:19, mean_episode_reward:0.1925000548362732, mean_queue:0.8166666626930237
intersection:20, mean_episode_reward:0.1544443815946579, mean_queue:0.7527777552604675
intersection:21, mean_episode_reward:0.16333334147930145, mean_queue:0.8138889074325562
intersection:22, mean_episode_reward:0.07805553078651428, mean_queue:0.7888888716697693
intersection:23, mean_episode_reward:0.017499983310699463, mean_queue:0.7805555462837219
intersection:24, mean_episode_reward:0.15138891339302063, mean_queue:0.7749999761581421
intersection:25, mean_episode_reward:0.0902777761220932, mean_queue:0.7749999761581421
intersection:26, mean_episode_reward:0.11472219973802567, mean_queue:0.75
intersection:27, mean_episode_reward:0.18749995529651642, mean_queue:0.769444465637207
intersection:28, mean_episode_reward:0.19944441318511963, mean_queue:0.7833333611488342
intersection:29, mean_episode_reward:0.2027779072523117, mean_queue:0.8333333134651184
intersection:30, mean_episode_reward:0.17499995231628418, mean_queue:0.8722222447395325
intersection:31, mean_episode_reward:0.07333333790302277, mean_queue:0.8083333373069763
Test step:96/200, travel time :253.59525471039777, rewards:-6.5288886176215275, queue:5.76015625, delay:0.055374993218315974, throughput:1433
[CrossingProxy] total ped calls this episode: 232
step:3600/3600, q_loss:0.8642584681510925, rewards:-6.012498643663195, queue:5.7620659722222225, delay:0.05549444092644586, throughput:1430
episode:97/200, real avg travel time:252.62307692307692
intersection:0, mean_episode_reward:-0.5013887882232666, mean_queue:10.527777671813965
intersection:1, mean_episode_reward:-0.3413888216018677, mean_queue:10.577777862548828
intersection:2, mean_episode_reward:-0.9136105179786682, mean_queue:11.324999809265137
intersection:3, mean_episode_reward:-1.251944661140442, mean_queue:10.458333015441895
intersection:4, mean_episode_reward:-0.8708329796791077, mean_queue:11.086111068725586
intersection:5, mean_episode_reward:-0.23611107468605042, mean_queue:10.719444274902344
intersection:6, mean_episode_reward:0.48166656494140625, mean_queue:10.838889122009277
intersection:7, mean_episode_reward:-0.6366665959358215, mean_queue:10.56944465637207
intersection:8, mean_episode_reward:-0.6169441938400269, mean_queue:10.844444274902344
intersection:9, mean_episode_reward:0.2061111181974411, mean_queue:10.516666412353516
intersection:10, mean_episode_reward:0.0811111107468605, mean_queue:10.936111450195312
intersection:11, mean_episode_reward:-0.6200001239776611, mean_queue:10.583333015441895
intersection:12, mean_episode_reward:-0.7372218370437622, mean_queue:10.86388874053955
intersection:13, mean_episode_reward:-0.5838889479637146, mean_queue:10.547222137451172
intersection:14, mean_episode_reward:-0.26333320140838623, mean_queue:10.58055591583252
intersection:15, mean_episode_reward:-1.2597229480743408, mean_queue:10.75
intersection:16, mean_episode_reward:0.05583331361413002, mean_queue:0.7749999761581421
intersection:17, mean_episode_reward:0.08055557310581207, mean_queue:0.7777777910232544
intersection:18, mean_episode_reward:0.05500001460313797, mean_queue:0.7888888716697693
intersection:19, mean_episode_reward:0.19055557250976562, mean_queue:0.8166666626930237
intersection:20, mean_episode_reward:0.15305548906326294, mean_queue:0.7527777552604675
intersection:21, mean_episode_reward:0.18027780950069427, mean_queue:0.8138889074325562
intersection:22, mean_episode_reward:0.06972220540046692, mean_queue:0.7888888716697693
intersection:23, mean_episode_reward:0.0252777598798275, mean_queue:0.7805555462837219
intersection:24, mean_episode_reward:0.20638886094093323, mean_queue:0.7749999761581421
intersection:25, mean_episode_reward:0.07611110806465149, mean_queue:0.7749999761581421
intersection:26, mean_episode_reward:0.09777779132127762, mean_queue:0.75
intersection:27, mean_episode_reward:0.143333300948143, mean_queue:0.769444465637207
intersection:28, mean_episode_reward:0.20805545151233673, mean_queue:0.7833333611488342
intersection:29, mean_episode_reward:0.24138900637626648, mean_queue:0.8333333134651184
intersection:30, mean_episode_reward:0.18388888239860535, mean_queue:0.8722222447395325
intersection:31, mean_episode_reward:0.08444444090127945, mean_queue:0.8083333373069763
Test step:97/200, travel time :253.47140864714086, rewards:-6.180833604600695, queue:5.753211805555556, delay:0.05608837339613173, throughput:1434
[CrossingProxy] total ped calls this episode: 240
step:3600/3600, q_loss:0.8729697465896606, rewards:-6.141389973958334, queue:5.783420138888889, delay:0.05744137234157986, throughput:1434
episode:98/200, real avg travel time:255.12970711297072
intersection:0, mean_episode_reward:-0.7513889074325562, mean_queue:10.719444274902344
intersection:1, mean_episode_reward:-0.6058329939842224, mean_queue:10.716666221618652
intersection:2, mean_episode_reward:-0.5416666865348816, mean_queue:11.127778053283691
intersection:3, mean_episode_reward:-1.252223014831543, mean_queue:10.369444847106934
intersection:4, mean_episode_reward:-0.4516666829586029, mean_queue:10.869444847106934
intersection:5, mean_episode_reward:-0.16249993443489075, mean_queue:10.561111450195312
intersection:6, mean_episode_reward:0.521111249923706, mean_queue:10.88888931274414
intersection:7, mean_episode_reward:-0.856389045715332, mean_queue:10.686111450195312
intersection:8, mean_episode_reward:-0.6972222924232483, mean_queue:10.94444465637207
intersection:9, mean_episode_reward:0.3697223365306854, mean_queue:10.494444847106934
intersection:10, mean_episode_reward:0.1752777397632599, mean_queue:10.991666793823242
intersection:11, mean_episode_reward:-0.41194435954093933, mean_queue:10.730555534362793
intersection:12, mean_episode_reward:-1.127778172492981, mean_queue:11.038888931274414
intersection:13, mean_episode_reward:-0.7236111164093018, mean_queue:10.827777862548828
intersection:14, mean_episode_reward:-0.18472228944301605, mean_queue:10.56944465637207
intersection:15, mean_episode_reward:-1.498056173324585, mean_queue:10.872221946716309
intersection:16, mean_episode_reward:0.050833310931921005, mean_queue:0.7749999761581421
intersection:17, mean_episode_reward:0.07583335041999817, mean_queue:0.7777777910232544
intersection:18, mean_episode_reward:0.061388902366161346, mean_queue:0.7888888716697693
intersection:19, mean_episode_reward:0.1877778172492981, mean_queue:0.8166666626930237
intersection:20, mean_episode_reward:0.2394445389509201, mean_queue:0.7527777552604675
intersection:21, mean_episode_reward:0.13722223043441772, mean_queue:0.8138889074325562
intersection:22, mean_episode_reward:0.06305554509162903, mean_queue:0.7888888716697693
intersection:23, mean_episode_reward:0.024166645482182503, mean_queue:0.7805555462837219
intersection:24, mean_episode_reward:0.22222217917442322, mean_queue:0.7749999761581421
intersection:25, mean_episode_reward:0.1038888618350029, mean_queue:0.7749999761581421
intersection:26, mean_episode_reward:0.09055556356906891, mean_queue:0.75
intersection:27, mean_episode_reward:0.20166662335395813, mean_queue:0.769444465637207
intersection:28, mean_episode_reward:0.15333329141139984, mean_queue:0.7833333611488342
intersection:29, mean_episode_reward:0.19805561006069183, mean_queue:0.8333333134651184
intersection:30, mean_episode_reward:0.17416666448116302, mean_queue:0.8722222447395325
intersection:31, mean_episode_reward:0.07388889789581299, mean_queue:0.8083333373069763
Test step:98/200, travel time :254.1473463687151, rewards:-6.4755540635850695, queue:5.771354166666667, delay:0.055933173497517905, throughput:1432
[CrossingProxy] total ped calls this episode: 210
step:3600/3600, q_loss:0.874450147151947, rewards:-6.3341688368055555, queue:5.797482638888889, delay:0.05727614296807183, throughput:1435
episode:99/200, real avg travel time:258.38327526132406
intersection:0, mean_episode_reward:-0.8075001239776611, mean_queue:10.619444847106934
intersection:1, mean_episode_reward:-0.5124999284744263, mean_queue:10.727777481079102
intersection:2, mean_episode_reward:-0.7847217917442322, mean_queue:11.061111450195312
intersection:3, mean_episode_reward:-1.1311116218566895, mean_queue:10.197221755981445
intersection:4, mean_episode_reward:-0.09749997407197952, mean_queue:11.222222328186035
intersection:5, mean_episode_reward:-0.5613890290260315, mean_queue:11.297222137451172
intersection:6, mean_episode_reward:0.253333181142807, mean_queue:10.897222518920898
intersection:7, mean_episode_reward:-0.5988889932632446, mean_queue:10.58055591583252
intersection:8, mean_episode_reward:-0.5369443297386169, mean_queue:10.76111125946045
intersection:9, mean_episode_reward:0.1050000861287117, mean_queue:10.563888549804688
intersection:10, mean_episode_reward:0.1430554836988449, mean_queue:10.925000190734863
intersection:11, mean_episode_reward:-0.8111113905906677, mean_queue:10.813888549804688
intersection:12, mean_episode_reward:-0.9355561137199402, mean_queue:10.808333396911621
intersection:13, mean_episode_reward:-0.6363888382911682, mean_queue:10.722222328186035
intersection:14, mean_episode_reward:-0.355277955532074, mean_queue:10.774999618530273
intersection:15, mean_episode_reward:-1.2727781534194946, mean_queue:10.88611125946045
intersection:16, mean_episode_reward:0.060833316296339035, mean_queue:0.7749999761581421
intersection:17, mean_episode_reward:0.08777782320976257, mean_queue:0.7777777910232544
intersection:18, mean_episode_reward:0.14000006020069122, mean_queue:0.7888888716697693
intersection:19, mean_episode_reward:0.19611114263534546, mean_queue:0.8166666626930237
intersection:20, mean_episode_reward:0.19527782499790192, mean_queue:0.7527777552604675
intersection:21, mean_episode_reward:0.20222225785255432, mean_queue:0.8138889074325562
intersection:22, mean_episode_reward:0.06749999523162842, mean_queue:0.7888888716697693
intersection:23, mean_episode_reward:0.028611084446310997, mean_queue:0.7805555462837219
intersection:24, mean_episode_reward:0.16055557131767273, mean_queue:0.7749999761581421
intersection:25, mean_episode_reward:0.06916666030883789, mean_queue:0.7749999761581421
intersection:26, mean_episode_reward:0.10527778416872025, mean_queue:0.75
intersection:27, mean_episode_reward:0.16277773678302765, mean_queue:0.769444465637207
intersection:28, mean_episode_reward:0.2030554711818695, mean_queue:0.7833333611488342
intersection:29, mean_episode_reward:0.26861119270324707, mean_queue:0.8333333134651184
intersection:30, mean_episode_reward:0.18527773022651672, mean_queue:0.8722222447395325
intersection:31, mean_episode_reward:0.07305557280778885, mean_queue:0.8083333373069763
Test step:99/200, travel time :255.57522743177046, rewards:-6.23416748046875, queue:5.7890625, delay:0.05563055144415961, throughput:1429
[CrossingProxy] total ped calls this episode: 252
step:3600/3600, q_loss:0.8744795322418213, rewards:-6.3425001356336805, queue:5.7711805555555555, delay:0.056996091206868486, throughput:1433
episode:100/200, real avg travel time:256.65457083042566
intersection:0, mean_episode_reward:-0.7061112523078918, mean_queue:10.600000381469727
intersection:1, mean_episode_reward:-0.5924999117851257, mean_queue:10.627778053283691
intersection:2, mean_episode_reward:-0.9461113810539246, mean_queue:11.252778053283691
intersection:3, mean_episode_reward:-1.2233330011367798, mean_queue:10.452777862548828
intersection:4, mean_episode_reward:-0.5313885807991028, mean_queue:11.077777862548828
intersection:5, mean_episode_reward:0.13249994814395905, mean_queue:10.608333587646484
intersection:6, mean_episode_reward:0.5024999380111694, mean_queue:10.677778244018555
intersection:7, mean_episode_reward:-0.5261112451553345, mean_queue:10.391666412353516
intersection:8, mean_episode_reward:-0.5255556106567383, mean_queue:10.972222328186035
intersection:9, mean_episode_reward:-0.14083336293697357, mean_queue:10.719444274902344
intersection:10, mean_episode_reward:0.20111103355884552, mean_queue:11.027777671813965
intersection:11, mean_episode_reward:-0.6222222447395325, mean_queue:10.622221946716309
intersection:12, mean_episode_reward:-1.1236112117767334, mean_queue:11.038888931274414
intersection:13, mean_episode_reward:-0.7969444394111633, mean_queue:10.733333587646484
intersection:14, mean_episode_reward:-0.020555520430207253, mean_queue:10.536110877990723
intersection:15, mean_episode_reward:-1.3913886547088623, mean_queue:10.677778244018555
intersection:16, mean_episode_reward:0.06611109524965286, mean_queue:0.7749999761581421
intersection:17, mean_episode_reward:0.06888891011476517, mean_queue:0.7777777910232544
intersection:18, mean_episode_reward:0.08194447308778763, mean_queue:0.7888888716697693
intersection:19, mean_episode_reward:0.23000004887580872, mean_queue:0.8166666626930237
intersection:20, mean_episode_reward:0.20694440603256226, mean_queue:0.7527777552604675
intersection:21, mean_episode_reward:0.13722223043441772, mean_queue:0.8138889074325562
intersection:22, mean_episode_reward:0.0508333295583725, mean_queue:0.7888888716697693
intersection:23, mean_episode_reward:0.03194442763924599, mean_queue:0.7805555462837219
intersection:24, mean_episode_reward:0.20166662335395813, mean_queue:0.7749999761581421
intersection:25, mean_episode_reward:0.08861111104488373, mean_queue:0.7749999761581421
intersection:26, mean_episode_reward:0.11222224682569504, mean_queue:0.75
intersection:27, mean_episode_reward:0.11083332449197769, mean_queue:0.769444465637207
intersection:28, mean_episode_reward:0.17861106991767883, mean_queue:0.7833333611488342
intersection:29, mean_episode_reward:0.1808333694934845, mean_queue:0.8333333134651184
intersection:30, mean_episode_reward:0.15555551648139954, mean_queue:0.8722222447395325
intersection:31, mean_episode_reward:0.06583334505558014, mean_queue:0.8083333373069763
Test step:100/200, travel time :250.7162823200559, rewards:-6.390001085069445, queue:5.750520833333334, delay:0.055718888176812066, throughput:1431
[CrossingProxy] total ped calls this episode: 232
step:3600/3600, q_loss:0.8783950209617615, rewards:-6.623055691189236, queue:5.8069444444444445, delay:0.05778924094306098, throughput:1430
episode:101/200, real avg travel time:257.52867132867135
intersection:0, mean_episode_reward:-0.9138890504837036, mean_queue:10.847222328186035
intersection:1, mean_episode_reward:-0.4894443452358246, mean_queue:10.73611068725586
intersection:2, mean_episode_reward:-0.7958333492279053, mean_queue:11.199999809265137
intersection:3, mean_episode_reward:-1.2619448900222778, mean_queue:10.247221946716309
intersection:4, mean_episode_reward:-0.48972228169441223, mean_queue:11.005555152893066
intersection:5, mean_episode_reward:0.10388892143964767, mean_queue:10.572221755981445
intersection:6, mean_episode_reward:0.14222218096256256, mean_queue:10.941666603088379
intersection:7, mean_episode_reward:-0.4175000488758087, mean_queue:10.477777481079102
intersection:8, mean_episode_reward:-0.4302777647972107, mean_queue:10.702777862548828
intersection:9, mean_episode_reward:-0.4591667652130127, mean_queue:10.949999809265137
intersection:10, mean_episode_reward:0.26499995589256287, mean_queue:10.952777862548828
intersection:11, mean_episode_reward:-0.5727776288986206, mean_queue:10.800000190734863
intersection:12, mean_episode_reward:-0.9291665554046631, mean_queue:10.858333587646484
intersection:13, mean_episode_reward:-0.7661113142967224, mean_queue:10.827777862548828
intersection:14, mean_episode_reward:-0.6950001120567322, mean_queue:11.036110877990723
intersection:15, mean_episode_reward:-1.1544439792633057, mean_queue:11.005555152893066
intersection:16, mean_episode_reward:0.052777767181396484, mean_queue:0.7749999761581421
intersection:17, mean_episode_reward:0.09111113101243973, mean_queue:0.7777777910232544
intersection:18, mean_episode_reward:0.05916668102145195, mean_queue:0.7888888716697693
intersection:19, mean_episode_reward:0.20083338022232056, mean_queue:0.8166666626930237
intersection:20, mean_episode_reward:0.22000011801719666, mean_queue:0.7527777552604675
intersection:21, mean_episode_reward:0.17583335936069489, mean_queue:0.8138889074325562
intersection:22, mean_episode_reward:0.09972217679023743, mean_queue:0.7888888716697693
intersection:23, mean_episode_reward:0.036111097782850266, mean_queue:0.7805555462837219
intersection:24, mean_episode_reward:0.20166663825511932, mean_queue:0.7749999761581421
intersection:25, mean_episode_reward:0.09861108660697937, mean_queue:0.7749999761581421
intersection:26, mean_episode_reward:0.12333332747220993, mean_queue:0.75
intersection:27, mean_episode_reward:0.12111107259988785, mean_queue:0.769444465637207
intersection:28, mean_episode_reward:0.1508333384990692, mean_queue:0.7833333611488342
intersection:29, mean_episode_reward:0.24833348393440247, mean_queue:0.8333333134651184
intersection:30, mean_episode_reward:0.2866668403148651, mean_queue:0.8722222447395325
intersection:31, mean_episode_reward:0.07500000298023224, mean_queue:0.8083333373069763
Test step:101/200, travel time :260.8197064989518, rewards:-6.535555013020834, queue:5.828385416666666, delay:0.058933787875705294, throughput:1431
[CrossingProxy] total ped calls this episode: 227
step:3600/3600, q_loss:0.8744008541107178, rewards:-6.038612196180556, queue:5.748697916666667, delay:0.05490418540106879, throughput:1428
episode:102/200, real avg travel time:249.97338935574228
intersection:0, mean_episode_reward:-0.8636112809181213, mean_queue:10.836111068725586
intersection:1, mean_episode_reward:-0.8002782464027405, mean_queue:10.688888549804688
intersection:2, mean_episode_reward:-0.5280555486679077, mean_queue:10.880555152893066
intersection:3, mean_episode_reward:-1.2783339023590088, mean_queue:10.358333587646484
intersection:4, mean_episode_reward:-0.4083331525325775, mean_queue:10.927778244018555
intersection:5, mean_episode_reward:0.14777778089046478, mean_queue:10.30555534362793
intersection:6, mean_episode_reward:-0.24888882040977478, mean_queue:11.211111068725586
intersection:7, mean_episode_reward:0.0899999737739563, mean_queue:10.41944408416748
intersection:8, mean_episode_reward:-0.2877775728702545, mean_queue:10.591666221618652
intersection:9, mean_episode_reward:-0.29750004410743713, mean_queue:10.675000190734863
intersection:10, mean_episode_reward:-0.23333334922790527, mean_queue:11.102777481079102
intersection:11, mean_episode_reward:-0.320833295583725, mean_queue:10.533333778381348
intersection:12, mean_episode_reward:-0.9347223043441772, mean_queue:10.719444274902344
intersection:13, mean_episode_reward:-0.5386112928390503, mean_queue:10.577777862548828
intersection:14, mean_episode_reward:-0.004999969154596329, mean_queue:10.594444274902344
intersection:15, mean_episode_reward:-1.5955554246902466, mean_queue:10.875
intersection:16, mean_episode_reward:0.051111094653606415, mean_queue:0.7749999761581421
intersection:17, mean_episode_reward:0.10305555909872055, mean_queue:0.7777777910232544
intersection:18, mean_episode_reward:0.09111113101243973, mean_queue:0.7888888716697693
intersection:19, mean_episode_reward:0.18250004947185516, mean_queue:0.8166666626930237
intersection:20, mean_episode_reward:0.27555549144744873, mean_queue:0.7527777552604675
intersection:21, mean_episode_reward:0.1619444638490677, mean_queue:0.8138889074325562
intersection:22, mean_episode_reward:0.050277773290872574, mean_queue:0.7888888716697693
intersection:23, mean_episode_reward:0.022777758538722992, mean_queue:0.7805555462837219
intersection:24, mean_episode_reward:0.20027774572372437, mean_queue:0.7749999761581421
intersection:25, mean_episode_reward:0.07694445550441742, mean_queue:0.7749999761581421
intersection:26, mean_episode_reward:0.14416669309139252, mean_queue:0.75
intersection:27, mean_episode_reward:0.12583327293395996, mean_queue:0.769444465637207
intersection:28, mean_episode_reward:0.15833334624767303, mean_queue:0.7833333611488342
intersection:29, mean_episode_reward:0.17972224950790405, mean_queue:0.8333333134651184
intersection:30, mean_episode_reward:0.16277775168418884, mean_queue:0.8722222447395325
intersection:31, mean_episode_reward:0.07805556058883667, mean_queue:0.8083333373069763
Test step:102/200, travel time :255.44723969252271, rewards:-6.162500678168403, queue:5.792013888888889, delay:0.056654469172159834, throughput:1431
[CrossingProxy] total ped calls this episode: 249
step:3600/3600, q_loss:0.8699971437454224, rewards:-6.030832248263889, queue:5.731336805555555, delay:0.05502869288126628, throughput:1432
episode:103/200, real avg travel time:249.5377094972067
intersection:0, mean_episode_reward:-0.589999794960022, mean_queue:10.647222518920898
intersection:1, mean_episode_reward:-0.7644444108009338, mean_queue:10.627778053283691
intersection:2, mean_episode_reward:-0.6161108016967773, mean_queue:10.816666603088379
intersection:3, mean_episode_reward:-1.1516672372817993, mean_queue:10.088889122009277
intersection:4, mean_episode_reward:-0.4297221302986145, mean_queue:10.941666603088379
intersection:5, mean_episode_reward:0.062222231179475784, mean_queue:10.383333206176758
intersection:6, mean_episode_reward:0.2602778673171997, mean_queue:10.719444274902344
intersection:7, mean_episode_reward:-0.5569444298744202, mean_queue:10.313888549804688
intersection:8, mean_episode_reward:-0.4711111783981323, mean_queue:10.733333587646484
intersection:9, mean_episode_reward:-0.15666666626930237, mean_queue:10.75
intersection:10, mean_episode_reward:0.07722222805023193, mean_queue:11.027777671813965
intersection:11, mean_episode_reward:-0.34611111879348755, mean_queue:10.550000190734863
intersection:12, mean_episode_reward:-1.095833420753479, mean_queue:10.93055534362793
intersection:13, mean_episode_reward:-0.8786109089851379, mean_queue:10.816666603088379
intersection:14, mean_episode_reward:-0.03277778998017311, mean_queue:10.56944465637207
intersection:15, mean_episode_reward:-1.357777714729309, mean_queue:10.824999809265137
intersection:16, mean_episode_reward:0.07222220301628113, mean_queue:0.7749999761581421
intersection:17, mean_episode_reward:0.07694445550441742, mean_queue:0.7777777910232544
intersection:18, mean_episode_reward:0.06361112743616104, mean_queue:0.7888888716697693
intersection:19, mean_episode_reward:0.21638894081115723, mean_queue:0.8166666626930237
intersection:20, mean_episode_reward:0.2338888794183731, mean_queue:0.7527777552604675
intersection:21, mean_episode_reward:0.16305556893348694, mean_queue:0.8138889074325562
intersection:22, mean_episode_reward:0.048333339393138885, mean_queue:0.7888888716697693
intersection:23, mean_episode_reward:0.02944442257285118, mean_queue:0.7805555462837219
intersection:24, mean_episode_reward:0.22111113369464874, mean_queue:0.7749999761581421
intersection:25, mean_episode_reward:0.07666666805744171, mean_queue:0.7749999761581421
intersection:26, mean_episode_reward:0.1461111456155777, mean_queue:0.75
intersection:27, mean_episode_reward:0.10527778416872025, mean_queue:0.769444465637207
intersection:28, mean_episode_reward:0.12416664510965347, mean_queue:0.7833333611488342
intersection:29, mean_episode_reward:0.19583331048488617, mean_queue:0.8333333134651184
intersection:30, mean_episode_reward:0.16083331406116486, mean_queue:0.8722222447395325
intersection:31, mean_episode_reward:0.08333335071802139, mean_queue:0.8083333373069763
Test step:103/200, travel time :253.53138075313808, rewards:-6.1849989149305555, queue:5.766493055555555, delay:0.056763876809014215, throughput:1434
[CrossingProxy] total ped calls this episode: 255
step:3600/3600, q_loss:0.8556908369064331, rewards:-6.405833604600694, queue:5.7581597222222225, delay:0.054945442411634654, throughput:1430
episode:104/200, real avg travel time:252.48881118881118
intersection:0, mean_episode_reward:-0.7983331680297852, mean_queue:10.666666984558105
intersection:1, mean_episode_reward:-0.5622221231460571, mean_queue:10.538888931274414
intersection:2, mean_episode_reward:-0.628611147403717, mean_queue:10.872221946716309
intersection:3, mean_episode_reward:-1.13944411277771, mean_queue:10.172222137451172
intersection:4, mean_episode_reward:-0.6919447779655457, mean_queue:11.133333206176758
intersection:5, mean_episode_reward:-0.13166669011116028, mean_queue:10.461111068725586
intersection:6, mean_episode_reward:0.29416683316230774, mean_queue:10.766666412353516
intersection:7, mean_episode_reward:-0.358889102935791, mean_queue:10.411110877990723
intersection:8, mean_episode_reward:-0.3963887095451355, mean_queue:10.811111450195312
intersection:9, mean_episode_reward:0.1305556297302246, mean_queue:10.672222137451172
intersection:10, mean_episode_reward:0.01777775213122368, mean_queue:11.13611125946045
intersection:11, mean_episode_reward:-0.4186111092567444, mean_queue:10.686111450195312
intersection:12, mean_episode_reward:-1.0080558061599731, mean_queue:10.79444408416748
intersection:13, mean_episode_reward:-0.8352780938148499, mean_queue:10.766666412353516
intersection:14, mean_episode_reward:-0.18166658282279968, mean_queue:10.716666221618652
intersection:15, mean_episode_reward:-1.6597232818603516, mean_queue:10.994444847106934
intersection:16, mean_episode_reward:0.04944443330168724, mean_queue:0.7749999761581421
intersection:17, mean_episode_reward:0.08638892322778702, mean_queue:0.7777777910232544
intersection:18, mean_episode_reward:0.06666667759418488, mean_queue:0.7888888716697693
intersection:19, mean_episode_reward:0.22111119329929352, mean_queue:0.8166666626930237
intersection:20, mean_episode_reward:0.20666667819023132, mean_queue:0.7527777552604675
intersection:21, mean_episode_reward:0.1736111342906952, mean_queue:0.8138889074325562
intersection:22, mean_episode_reward:0.048333339393138885, mean_queue:0.7888888716697693
intersection:23, mean_episode_reward:0.052777793258428574, mean_queue:0.7805555462837219
intersection:24, mean_episode_reward:0.17750000953674316, mean_queue:0.7749999761581421
intersection:25, mean_episode_reward:0.08666666597127914, mean_queue:0.7749999761581421
intersection:26, mean_episode_reward:0.1597222536802292, mean_queue:0.75
intersection:27, mean_episode_reward:0.0880555734038353, mean_queue:0.769444465637207
intersection:28, mean_episode_reward:0.15083330869674683, mean_queue:0.7833333611488342
intersection:29, mean_episode_reward:0.17361114919185638, mean_queue:0.8333333134651184
intersection:30, mean_episode_reward:0.12999998033046722, mean_queue:0.8722222447395325
intersection:31, mean_episode_reward:0.09111110866069794, mean_queue:0.8083333373069763
Test step:104/200, travel time :253.00420168067228, rewards:-6.270277235243055, queue:5.755902777777778, delay:0.05493852827284071, throughput:1428
[CrossingProxy] total ped calls this episode: 226
step:3600/3600, q_loss:0.8543851971626282, rewards:-6.632500542534722, queue:5.779861111111111, delay:0.05579693052503798, throughput:1437
episode:105/200, real avg travel time:255.80167014613778
intersection:0, mean_episode_reward:-0.7041663527488708, mean_queue:10.566666603088379
intersection:1, mean_episode_reward:-0.6349999904632568, mean_queue:10.76388931274414
intersection:2, mean_episode_reward:-1.032500147819519, mean_queue:11.216666221618652
intersection:3, mean_episode_reward:-0.9080559015274048, mean_queue:10.177778244018555
intersection:4, mean_episode_reward:-0.6147224307060242, mean_queue:11.191666603088379
intersection:5, mean_episode_reward:-0.11138881742954254, mean_queue:10.663888931274414
intersection:6, mean_episode_reward:0.45333316922187805, mean_queue:10.677778244018555
intersection:7, mean_episode_reward:-0.6361111998558044, mean_queue:10.524999618530273
intersection:8, mean_episode_reward:-0.5161113142967224, mean_queue:10.83055591583252
intersection:9, mean_episode_reward:-0.27472221851348877, mean_queue:10.800000190734863
intersection:10, mean_episode_reward:-0.05333339422941208, mean_queue:11.094444274902344
intersection:11, mean_episode_reward:-0.20999982953071594, mean_queue:10.619444847106934
intersection:12, mean_episode_reward:-0.6863886713981628, mean_queue:10.780555725097656
intersection:13, mean_episode_reward:-0.7658331990242004, mean_queue:10.816666603088379
intersection:14, mean_episode_reward:-0.3072223365306854, mean_queue:10.672222137451172
intersection:15, mean_episode_reward:-1.5263890027999878, mean_queue:10.897222518920898
intersection:16, mean_episode_reward:0.05138886719942093, mean_queue:0.7749999761581421
intersection:17, mean_episode_reward:0.08250001817941666, mean_queue:0.7777777910232544
intersection:18, mean_episode_reward:0.0650000050663948, mean_queue:0.7888888716697693
intersection:19, mean_episode_reward:0.169166699051857, mean_queue:0.8166666626930237
intersection:20, mean_episode_reward:0.11944437026977539, mean_queue:0.7527777552604675
intersection:21, mean_episode_reward:0.21888887882232666, mean_queue:0.8138889074325562
intersection:22, mean_episode_reward:0.053055547177791595, mean_queue:0.7888888716697693
intersection:23, mean_episode_reward:0.04277779906988144, mean_queue:0.7805555462837219
intersection:24, mean_episode_reward:0.19944441318511963, mean_queue:0.7749999761581421
intersection:25, mean_episode_reward:0.10944443941116333, mean_queue:0.7749999761581421
intersection:26, mean_episode_reward:0.15972228348255157, mean_queue:0.75
intersection:27, mean_episode_reward:0.09166669100522995, mean_queue:0.769444465637207
intersection:28, mean_episode_reward:0.15222220122814178, mean_queue:0.7833333611488342
intersection:29, mean_episode_reward:0.1855555921792984, mean_queue:0.8333333134651184
intersection:30, mean_episode_reward:0.12111110985279083, mean_queue:0.8722222447395325
intersection:31, mean_episode_reward:0.07472222298383713, mean_queue:0.8083333373069763
Test step:105/200, travel time :253.86293706293705, rewards:-6.3080559624565975, queue:5.765364583333334, delay:0.05747010972764757, throughput:1430
[CrossingProxy] total ped calls this episode: 253
step:3600/3600, q_loss:0.8611450791358948, rewards:-6.237221950954861, queue:5.762239583333334, delay:0.0556490421295166, throughput:1429
episode:106/200, real avg travel time:253.4702589223233
intersection:0, mean_episode_reward:-0.6305556297302246, mean_queue:10.63888931274414
intersection:1, mean_episode_reward:-0.5452777147293091, mean_queue:10.519444465637207
intersection:2, mean_episode_reward:-0.9008334875106812, mean_queue:11.125
intersection:3, mean_episode_reward:-1.2777780294418335, mean_queue:10.300000190734863
intersection:4, mean_episode_reward:-0.5600001215934753, mean_queue:11.066666603088379
intersection:5, mean_episode_reward:-0.07333338260650635, mean_queue:10.472222328186035
intersection:6, mean_episode_reward:0.47222214937210083, mean_queue:10.733333587646484
intersection:7, mean_episode_reward:-0.49638888239860535, mean_queue:10.458333015441895
intersection:8, mean_episode_reward:-0.3305557370185852, mean_queue:10.61388874053955
intersection:9, mean_episode_reward:0.0569443479180336, mean_queue:10.741666793823242
intersection:10, mean_episode_reward:-0.01611112244427204, mean_queue:10.994444847106934
intersection:11, mean_episode_reward:-0.35749995708465576, mean_queue:10.666666984558105
intersection:12, mean_episode_reward:-1.1680558919906616, mean_queue:10.875
intersection:13, mean_episode_reward:-1.0091664791107178, mean_queue:10.883333206176758
intersection:14, mean_episode_reward:0.19805558025836945, mean_queue:10.536110877990723
intersection:15, mean_episode_reward:-1.6572214365005493, mean_queue:11.105555534362793
intersection:16, mean_episode_reward:0.10027777403593063, mean_queue:0.7749999761581421
intersection:17, mean_episode_reward:0.07972223311662674, mean_queue:0.7777777910232544
intersection:18, mean_episode_reward:0.08027775585651398, mean_queue:0.7888888716697693
intersection:19, mean_episode_reward:0.20361116528511047, mean_queue:0.8166666626930237
intersection:20, mean_episode_reward:0.16499993205070496, mean_queue:0.7527777552604675
intersection:21, mean_episode_reward:0.1483333855867386, mean_queue:0.8138889074325562
intersection:22, mean_episode_reward:0.08805552124977112, mean_queue:0.7888888716697693
intersection:23, mean_episode_reward:0.061388906091451645, mean_queue:0.7805555462837219
intersection:24, mean_episode_reward:0.26138895750045776, mean_queue:0.7749999761581421
intersection:25, mean_episode_reward:0.09333331882953644, mean_queue:0.7749999761581421
intersection:26, mean_episode_reward:0.15250004827976227, mean_queue:0.75
intersection:27, mean_episode_reward:0.09388889372348785, mean_queue:0.769444465637207
intersection:28, mean_episode_reward:0.1683332771062851, mean_queue:0.7833333611488342
intersection:29, mean_episode_reward:0.14250002801418304, mean_queue:0.8333333134651184
intersection:30, mean_episode_reward:0.14194440841674805, mean_queue:0.8722222447395325
intersection:31, mean_episode_reward:0.07777777314186096, mean_queue:0.8083333373069763
Test step:106/200, travel time :253.3848295059151, rewards:-6.205277506510416, queue:5.768055555555556, delay:0.05506626764933268, throughput:1437
[CrossingProxy] total ped calls this episode: 244
step:3600/3600, q_loss:0.8633354306221008, rewards:-6.526112196180556, queue:5.743142361111111, delay:0.054520204332139756, throughput:1434
episode:107/200, real avg travel time:250.42747559274756
intersection:0, mean_episode_reward:-0.5452779531478882, mean_queue:10.574999809265137
intersection:1, mean_episode_reward:-0.720277726650238, mean_queue:10.672222137451172
intersection:2, mean_episode_reward:-0.8191670775413513, mean_queue:11.033333778381348
intersection:3, mean_episode_reward:-1.1116663217544556, mean_queue:10.244444847106934
intersection:4, mean_episode_reward:-0.8261110782623291, mean_queue:11.063888549804688
intersection:5, mean_episode_reward:0.1411110907793045, mean_queue:10.300000190734863
intersection:6, mean_episode_reward:0.5794440507888794, mean_queue:10.686111450195312
intersection:7, mean_episode_reward:-0.9811112880706787, mean_queue:10.63611125946045
intersection:8, mean_episode_reward:-0.6697224378585815, mean_queue:11.005555152893066
intersection:9, mean_episode_reward:-0.010277822613716125, mean_queue:10.591666221618652
intersection:10, mean_episode_reward:-0.033333323895931244, mean_queue:10.88611125946045
intersection:11, mean_episode_reward:-0.2563888430595398, mean_queue:10.48888874053955
intersection:12, mean_episode_reward:-0.9866670370101929, mean_queue:10.941666603088379
intersection:13, mean_episode_reward:-0.8130558729171753, mean_queue:10.741666793823242
intersection:14, mean_episode_reward:-0.16277775168418884, mean_queue:10.508333206176758
intersection:15, mean_episode_reward:-1.1941665410995483, mean_queue:10.744444847106934
intersection:16, mean_episode_reward:0.04555555060505867, mean_queue:0.7749999761581421
intersection:17, mean_episode_reward:0.0880555808544159, mean_queue:0.7777777910232544
intersection:18, mean_episode_reward:0.12583336234092712, mean_queue:0.7888888716697693
intersection:19, mean_episode_reward:0.16638891398906708, mean_queue:0.8166666626930237
intersection:20, mean_episode_reward:0.16777771711349487, mean_queue:0.7527777552604675
intersection:21, mean_episode_reward:0.17277783155441284, mean_queue:0.8138889074325562
intersection:22, mean_episode_reward:0.06416665017604828, mean_queue:0.7888888716697693
intersection:23, mean_episode_reward:0.040000006556510925, mean_queue:0.7805555462837219
intersection:24, mean_episode_reward:0.2194443643093109, mean_queue:0.7749999761581421
intersection:25, mean_episode_reward:0.06833333522081375, mean_queue:0.7749999761581421
intersection:26, mean_episode_reward:0.12833335995674133, mean_queue:0.75
intersection:27, mean_episode_reward:0.0994444414973259, mean_queue:0.769444465637207
intersection:28, mean_episode_reward:0.13333334028720856, mean_queue:0.7833333611488342
intersection:29, mean_episode_reward:0.13972225785255432, mean_queue:0.8333333134651184
intersection:30, mean_episode_reward:0.12166666239500046, mean_queue:0.8722222447395325
intersection:31, mean_episode_reward:0.10250001400709152, mean_queue:0.8083333373069763
Test step:107/200, travel time :254.62395543175487, rewards:-6.221666124131945, queue:5.764149305555556, delay:0.05506353908114963, throughput:1436
[CrossingProxy] total ped calls this episode: 244
step:3600/3600, q_loss:0.8537978529930115, rewards:-6.473055691189236, queue:5.755989583333333, delay:0.05622391170925564, throughput:1430
episode:108/200, real avg travel time:253.8048951048951
intersection:0, mean_episode_reward:-0.8230558037757874, mean_queue:10.661110877990723
intersection:1, mean_episode_reward:-0.49583321809768677, mean_queue:10.574999809265137
intersection:2, mean_episode_reward:-0.8683336973190308, mean_queue:11.18055534362793
intersection:3, mean_episode_reward:-1.3275001049041748, mean_queue:10.31944465637207
intersection:4, mean_episode_reward:-0.5644443035125732, mean_queue:11.119444847106934
intersection:5, mean_episode_reward:-0.16083334386348724, mean_queue:10.563888549804688
intersection:6, mean_episode_reward:0.5252777338027954, mean_queue:10.622221946716309
intersection:7, mean_episode_reward:-0.5583329796791077, mean_queue:10.338889122009277
intersection:8, mean_episode_reward:-0.5788888335227966, mean_queue:10.755555152893066
intersection:9, mean_episode_reward:-0.18500001728534698, mean_queue:10.752778053283691
intersection:10, mean_episode_reward:0.06583333015441895, mean_queue:10.95555591583252
intersection:11, mean_episode_reward:-0.25083327293395996, mean_queue:10.563888549804688
intersection:12, mean_episode_reward:-1.1138888597488403, mean_queue:10.877778053283691
intersection:13, mean_episode_reward:-0.471666544675827, mean_queue:10.702777862548828
intersection:14, mean_episode_reward:-0.41472211480140686, mean_queue:10.641666412353516
intersection:15, mean_episode_reward:-1.449167013168335, mean_queue:10.899999618530273
intersection:16, mean_episode_reward:0.05416664481163025, mean_queue:0.7749999761581421
intersection:17, mean_episode_reward:0.10111111402511597, mean_queue:0.7777777910232544
intersection:18, mean_episode_reward:0.12999999523162842, mean_queue:0.7888888716697693
intersection:19, mean_episode_reward:0.16222228109836578, mean_queue:0.8166666626930237
intersection:20, mean_episode_reward:0.21277779340744019, mean_queue:0.7527777552604675
intersection:21, mean_episode_reward:0.25416678190231323, mean_queue:0.8138889074325562
intersection:22, mean_episode_reward:0.06805553287267685, mean_queue:0.7888888716697693
intersection:23, mean_episode_reward:0.04472222179174423, mean_queue:0.7805555462837219
intersection:24, mean_episode_reward:0.19749999046325684, mean_queue:0.7749999761581421
intersection:25, mean_episode_reward:0.10861112922430038, mean_queue:0.7749999761581421
intersection:26, mean_episode_reward:0.14527779817581177, mean_queue:0.75
intersection:27, mean_episode_reward:0.09999998658895493, mean_queue:0.769444465637207
intersection:28, mean_episode_reward:0.18638886511325836, mean_queue:0.7833333611488342
intersection:29, mean_episode_reward:0.18305562436580658, mean_queue:0.8333333134651184
intersection:30, mean_episode_reward:0.14000000059604645, mean_queue:0.8722222447395325
intersection:31, mean_episode_reward:0.11027778685092926, mean_queue:0.8083333373069763
Test step:108/200, travel time :253.58519553072625, rewards:-6.286110432942708, queue:5.764583333333333, delay:0.05548959308200412, throughput:1432
[CrossingProxy] total ped calls this episode: 208
step:3600/3600, q_loss:0.8425958156585693, rewards:-6.501943630642361, queue:5.762934027777778, delay:0.05553566614786784, throughput:1435
episode:109/200, real avg travel time:253.03205574912892
intersection:0, mean_episode_reward:-0.6602777242660522, mean_queue:10.633333206176758
intersection:1, mean_episode_reward:-0.695555567741394, mean_queue:10.622221946716309
intersection:2, mean_episode_reward:-0.9041665196418762, mean_queue:11.141666412353516
intersection:3, mean_episode_reward:-1.1874998807907104, mean_queue:10.277777671813965
intersection:4, mean_episode_reward:-0.637222170829773, mean_queue:10.94444465637207
intersection:5, mean_episode_reward:-0.013888838700950146, mean_queue:10.438888549804688
intersection:6, mean_episode_reward:0.6994443535804749, mean_queue:10.649999618530273
intersection:7, mean_episode_reward:-0.8027775883674622, mean_queue:10.61388874053955
intersection:8, mean_episode_reward:-0.48916658759117126, mean_queue:10.79444408416748
intersection:9, mean_episode_reward:-0.08722219616174698, mean_queue:10.619444847106934
intersection:10, mean_episode_reward:0.13499999046325684, mean_queue:10.975000381469727
intersection:11, mean_episode_reward:-0.3033333122730255, mean_queue:10.73888874053955
intersection:12, mean_episode_reward:-0.9352776408195496, mean_queue:10.755555152893066
intersection:13, mean_episode_reward:-0.8247219324111938, mean_queue:10.838889122009277
intersection:14, mean_episode_reward:-0.03305557742714882, mean_queue:10.558333396911621
intersection:15, mean_episode_reward:-1.6944446563720703, mean_queue:11.149999618530273
intersection:16, mean_episode_reward:0.06666664779186249, mean_queue:0.7749999761581421
intersection:17, mean_episode_reward:0.07444446533918381, mean_queue:0.7777777910232544
intersection:18, mean_episode_reward:0.09166667610406876, mean_queue:0.7888888716697693
intersection:19, mean_episode_reward:0.15138894319534302, mean_queue:0.8166666626930237
intersection:20, mean_episode_reward:0.20416666567325592, mean_queue:0.7527777552604675
intersection:21, mean_episode_reward:0.1527778059244156, mean_queue:0.8138889074325562
intersection:22, mean_episode_reward:0.06944441050291061, mean_queue:0.7888888716697693
intersection:23, mean_episode_reward:0.0013888906687498093, mean_queue:0.7805555462837219
intersection:24, mean_episode_reward:0.19472219049930573, mean_queue:0.7749999761581421
intersection:25, mean_episode_reward:0.08416666835546494, mean_queue:0.7749999761581421
intersection:26, mean_episode_reward:0.14500004053115845, mean_queue:0.75
intersection:27, mean_episode_reward:0.13972218334674835, mean_queue:0.769444465637207
intersection:28, mean_episode_reward:0.17583328485488892, mean_queue:0.7833333611488342
intersection:29, mean_episode_reward:0.15138889849185944, mean_queue:0.8333333134651184
intersection:30, mean_episode_reward:0.1361110955476761, mean_queue:0.8722222447395325
intersection:31, mean_episode_reward:0.09333334118127823, mean_queue:0.8083333373069763
Test step:109/200, travel time :252.77731384829505, rewards:-6.223612467447917, queue:5.760677083333333, delay:0.05503867997063531, throughput:1437
[CrossingProxy] total ped calls this episode: 227
step:3600/3600, q_loss:0.8293984532356262, rewards:-6.545834011501736, queue:5.777604166666666, delay:0.05636198255750868, throughput:1430
episode:110/200, real avg travel time:257.03776223776225
intersection:0, mean_episode_reward:-0.5794447064399719, mean_queue:10.677778244018555
intersection:1, mean_episode_reward:-0.6825003027915955, mean_queue:10.602777481079102
intersection:2, mean_episode_reward:-0.7366667985916138, mean_queue:11.088889122009277
intersection:3, mean_episode_reward:-1.1991667747497559, mean_queue:10.338889122009277
intersection:4, mean_episode_reward:-0.3986109495162964, mean_queue:10.822221755981445
intersection:5, mean_episode_reward:0.025555552914738655, mean_queue:10.438888549804688
intersection:6, mean_episode_reward:0.21416670083999634, mean_queue:10.938888549804688
intersection:7, mean_episode_reward:-0.618055522441864, mean_queue:10.51111125946045
intersection:8, mean_episode_reward:-0.7169440388679504, mean_queue:10.894444465637207
intersection:9, mean_episode_reward:0.009166649542748928, mean_queue:10.675000190734863
intersection:10, mean_episode_reward:0.1711110919713974, mean_queue:11.074999809265137
intersection:11, mean_episode_reward:-0.6427778601646423, mean_queue:10.86388874053955
intersection:12, mean_episode_reward:-1.3502776622772217, mean_queue:11.127778053283691
intersection:13, mean_episode_reward:-0.6672222018241882, mean_queue:10.83055591583252
intersection:14, mean_episode_reward:-0.08249999582767487, mean_queue:10.561111450195312
intersection:15, mean_episode_reward:-1.4080556631088257, mean_queue:10.774999618530273
intersection:16, mean_episode_reward:0.03583332896232605, mean_queue:0.7749999761581421
intersection:17, mean_episode_reward:0.09333336353302002, mean_queue:0.7777777910232544
intersection:18, mean_episode_reward:0.10694444179534912, mean_queue:0.7888888716697693
intersection:19, mean_episode_reward:0.22000005841255188, mean_queue:0.8166666626930237
intersection:20, mean_episode_reward:0.22277778387069702, mean_queue:0.7527777552604675
intersection:21, mean_episode_reward:0.1294444352388382, mean_queue:0.8138889074325562
intersection:22, mean_episode_reward:0.05916665866971016, mean_queue:0.7888888716697693
intersection:23, mean_episode_reward:0.032222211360931396, mean_queue:0.7805555462837219
intersection:24, mean_episode_reward:0.2527777850627899, mean_queue:0.7749999761581421
intersection:25, mean_episode_reward:0.1136111244559288, mean_queue:0.7749999761581421
intersection:26, mean_episode_reward:0.12666669487953186, mean_queue:0.75
intersection:27, mean_episode_reward:0.12166664004325867, mean_queue:0.769444465637207
intersection:28, mean_episode_reward:0.19777773320674896, mean_queue:0.7833333611488342
intersection:29, mean_episode_reward:0.13805557787418365, mean_queue:0.8333333134651184
intersection:30, mean_episode_reward:0.1663888543844223, mean_queue:0.8722222447395325
intersection:31, mean_episode_reward:0.0997222363948822, mean_queue:0.8083333373069763
Test step:110/200, travel time :255.80654140570633, rewards:-6.329444715711806, queue:5.761979166666666, delay:0.055550670623779295, throughput:1437
[CrossingProxy] total ped calls this episode: 234
step:3600/3600, q_loss:0.8355584144592285, rewards:-6.456389702690972, queue:5.7483506944444445, delay:0.0548821661207411, throughput:1432
episode:111/200, real avg travel time:250.29888268156424
intersection:0, mean_episode_reward:-0.7977780699729919, mean_queue:10.666666984558105
intersection:1, mean_episode_reward:-0.5530555248260498, mean_queue:10.372221946716309
intersection:2, mean_episode_reward:-1.0069447755813599, mean_queue:11.183333396911621
intersection:3, mean_episode_reward:-1.3877779245376587, mean_queue:10.477777481079102
intersection:4, mean_episode_reward:-0.5036110877990723, mean_queue:10.880555152893066
intersection:5, mean_episode_reward:0.021944429725408554, mean_queue:10.369444847106934
intersection:6, mean_episode_reward:0.6205555200576782, mean_queue:10.722222328186035
intersection:7, mean_episode_reward:-0.37888917326927185, mean_queue:10.433333396911621
intersection:8, mean_episode_reward:-0.4824998080730438, mean_queue:10.66944408416748
intersection:9, mean_episode_reward:0.05138891562819481, mean_queue:10.711111068725586
intersection:10, mean_episode_reward:-0.04583336412906647, mean_queue:10.994444847106934
intersection:11, mean_episode_reward:-0.5436110496520996, mean_queue:10.733333587646484
intersection:12, mean_episode_reward:-1.0533334016799927, mean_queue:10.891666412353516
intersection:13, mean_episode_reward:-0.8275004625320435, mean_queue:10.847222328186035
intersection:14, mean_episode_reward:-0.38027775287628174, mean_queue:10.600000381469727
intersection:15, mean_episode_reward:-1.366666316986084, mean_queue:10.733333587646484
intersection:16, mean_episode_reward:0.052499983459711075, mean_queue:0.7749999761581421
intersection:17, mean_episode_reward:0.0741666853427887, mean_queue:0.7777777910232544
intersection:18, mean_episode_reward:0.12388890236616135, mean_queue:0.7888888716697693
intersection:19, mean_episode_reward:0.17527784407138824, mean_queue:0.8166666626930237
intersection:20, mean_episode_reward:0.17722216248512268, mean_queue:0.7527777552604675
intersection:21, mean_episode_reward:0.13555558025836945, mean_queue:0.8138889074325562
intersection:22, mean_episode_reward:0.058611102402210236, mean_queue:0.7888888716697693
intersection:23, mean_episode_reward:0.014722206629812717, mean_queue:0.7805555462837219
intersection:24, mean_episode_reward:0.2611111104488373, mean_queue:0.7749999761581421
intersection:25, mean_episode_reward:0.11388888955116272, mean_queue:0.7749999761581421
intersection:26, mean_episode_reward:0.1019444540143013, mean_queue:0.75
intersection:27, mean_episode_reward:0.13111107051372528, mean_queue:0.769444465637207
intersection:28, mean_episode_reward:0.2538887858390808, mean_queue:0.7833333611488342
intersection:29, mean_episode_reward:0.2419445514678955, mean_queue:0.8333333134651184
intersection:30, mean_episode_reward:0.19083330035209656, mean_queue:0.8722222447395325
intersection:31, mean_episode_reward:0.07083333283662796, mean_queue:0.8083333373069763
Test step:111/200, travel time :247.97833682739343, rewards:-6.175000678168403, queue:5.730555555555555, delay:0.05309805870056152, throughput:1431
[CrossingProxy] total ped calls this episode: 228
step:3600/3600, q_loss:0.8359487652778625, rewards:-6.493888346354167, queue:5.766927083333333, delay:0.05449129740397136, throughput:1433
episode:112/200, real avg travel time:252.96720167480808
intersection:0, mean_episode_reward:-0.698333203792572, mean_queue:10.577777862548828
intersection:1, mean_episode_reward:-0.6666665077209473, mean_queue:10.600000381469727
intersection:2, mean_episode_reward:-0.851389467716217, mean_queue:11.286110877990723
intersection:3, mean_episode_reward:-1.4269448518753052, mean_queue:10.411110877990723
intersection:4, mean_episode_reward:-0.39416640996932983, mean_queue:10.975000381469727
intersection:5, mean_episode_reward:0.1761111170053482, mean_queue:10.472222328186035
intersection:6, mean_episode_reward:0.3077777624130249, mean_queue:10.938888549804688
intersection:7, mean_episode_reward:-0.47055545449256897, mean_queue:10.5
intersection:8, mean_episode_reward:-0.5102775692939758, mean_queue:10.649999618530273
intersection:9, mean_episode_reward:0.0491667315363884, mean_queue:10.686111450195312
intersection:10, mean_episode_reward:0.3002777397632599, mean_queue:10.977777481079102
intersection:11, mean_episode_reward:-0.3863888680934906, mean_queue:10.683333396911621
intersection:12, mean_episode_reward:-1.0308332443237305, mean_queue:10.869444847106934
intersection:13, mean_episode_reward:-1.0733330249786377, mean_queue:11.030555725097656
intersection:14, mean_episode_reward:-0.24666665494441986, mean_queue:10.5
intersection:15, mean_episode_reward:-1.3430556058883667, mean_queue:10.722222328186035
intersection:16, mean_episode_reward:0.054444435983896255, mean_queue:0.7749999761581421
intersection:17, mean_episode_reward:0.08750002831220627, mean_queue:0.7777777910232544
intersection:18, mean_episode_reward:0.09222223609685898, mean_queue:0.7888888716697693
intersection:19, mean_episode_reward:0.16166667640209198, mean_queue:0.8166666626930237
intersection:20, mean_episode_reward:0.13222214579582214, mean_queue:0.7527777552604675
intersection:21, mean_episode_reward:0.11972217261791229, mean_queue:0.8138889074325562
intersection:22, mean_episode_reward:0.06166664883494377, mean_queue:0.7888888716697693
intersection:23, mean_episode_reward:0.025833316147327423, mean_queue:0.7805555462837219
intersection:24, mean_episode_reward:0.22111114859580994, mean_queue:0.7749999761581421
intersection:25, mean_episode_reward:0.08166667073965073, mean_queue:0.7749999761581421
intersection:26, mean_episode_reward:0.0927778035402298, mean_queue:0.75
intersection:27, mean_episode_reward:0.10277776420116425, mean_queue:0.769444465637207
intersection:28, mean_episode_reward:0.15333335101604462, mean_queue:0.7833333611488342
intersection:29, mean_episode_reward:0.16138893365859985, mean_queue:0.8333333134651184
intersection:30, mean_episode_reward:0.15166664123535156, mean_queue:0.8722222447395325
intersection:31, mean_episode_reward:0.07138889282941818, mean_queue:0.8083333373069763
Test step:112/200, travel time :250.0, rewards:-5.919722493489584, queue:5.744618055555556, delay:0.05438308715820313, throughput:1434
[CrossingProxy] total ped calls this episode: 259
step:3600/3600, q_loss:0.8366896510124207, rewards:-6.159445529513889, queue:5.739149305555555, delay:0.054881212446424694, throughput:1431
episode:113/200, real avg travel time:250.87910552061496
intersection:0, mean_episode_reward:-0.417222261428833, mean_queue:10.463889122009277
intersection:1, mean_episode_reward:-0.7605554461479187, mean_queue:10.600000381469727
intersection:2, mean_episode_reward:-0.6774997115135193, mean_queue:10.897222518920898
intersection:3, mean_episode_reward:-1.238610863685608, mean_queue:10.108333587646484
intersection:4, mean_episode_reward:-0.6672220826148987, mean_queue:10.916666984558105
intersection:5, mean_episode_reward:0.30583325028419495, mean_queue:10.344444274902344
intersection:6, mean_episode_reward:0.3324999213218689, mean_queue:10.88888931274414
intersection:7, mean_episode_reward:-0.2680555284023285, mean_queue:10.352777481079102
intersection:8, mean_episode_reward:-0.5513891577720642, mean_queue:10.727777481079102
intersection:9, mean_episode_reward:-0.08611109852790833, mean_queue:10.666666984558105
intersection:10, mean_episode_reward:-0.043888937681913376, mean_queue:11.100000381469727
intersection:11, mean_episode_reward:-0.5661112666130066, mean_queue:10.76111125946045
intersection:12, mean_episode_reward:-1.1816668510437012, mean_queue:11.008333206176758
intersection:13, mean_episode_reward:-0.8649998903274536, mean_queue:10.69444465637207
intersection:14, mean_episode_reward:-0.05166662484407425, mean_queue:10.519444465637207
intersection:15, mean_episode_reward:-1.4480559825897217, mean_queue:10.941666603088379
intersection:16, mean_episode_reward:0.047222211956977844, mean_queue:0.7749999761581421
intersection:17, mean_episode_reward:0.07305557280778885, mean_queue:0.7777777910232544
intersection:18, mean_episode_reward:0.11305558681488037, mean_queue:0.7888888716697693
intersection:19, mean_episode_reward:0.14500004053115845, mean_queue:0.8166666626930237
intersection:20, mean_episode_reward:0.13249993324279785, mean_queue:0.7527777552604675
intersection:21, mean_episode_reward:0.13750001788139343, mean_queue:0.8138889074325562
intersection:22, mean_episode_reward:0.10555551201105118, mean_queue:0.7888888716697693
intersection:23, mean_episode_reward:0.01972220279276371, mean_queue:0.7805555462837219
intersection:24, mean_episode_reward:0.43527764081954956, mean_queue:0.7749999761581421
intersection:25, mean_episode_reward:0.053333330899477005, mean_queue:0.7749999761581421
intersection:26, mean_episode_reward:0.10777779668569565, mean_queue:0.75
intersection:27, mean_episode_reward:0.10472223162651062, mean_queue:0.769444465637207
intersection:28, mean_episode_reward:0.14722220599651337, mean_queue:0.7833333611488342
intersection:29, mean_episode_reward:0.19583331048488617, mean_queue:0.8333333134651184
intersection:30, mean_episode_reward:0.143333300948143, mean_queue:0.8722222447395325
intersection:31, mean_episode_reward:0.06416667252779007, mean_queue:0.8083333373069763
Test step:113/200, travel time :252.394297635605, rewards:-6.154444037543403, queue:5.753125, delay:0.055349572499593096, throughput:1438
[CrossingProxy] total ped calls this episode: 243
step:3600/3600, q_loss:0.8236026167869568, rewards:-6.315279134114584, queue:5.762152777777778, delay:0.05458889007568359, throughput:1433
episode:114/200, real avg travel time:251.5387299371947
intersection:0, mean_episode_reward:-0.628611147403717, mean_queue:10.56944465637207
intersection:1, mean_episode_reward:-0.6058334112167358, mean_queue:10.63888931274414
intersection:2, mean_episode_reward:-0.7808334231376648, mean_queue:11.125
intersection:3, mean_episode_reward:-1.3111109733581543, mean_queue:10.30555534362793
intersection:4, mean_episode_reward:-0.759166955947876, mean_queue:10.977777481079102
intersection:5, mean_episode_reward:0.05611109733581543, mean_queue:10.591666221618652
intersection:6, mean_episode_reward:0.4916662573814392, mean_queue:10.866666793823242
intersection:7, mean_episode_reward:-0.41472211480140686, mean_queue:10.608333587646484
intersection:8, mean_episode_reward:-0.3983333706855774, mean_queue:10.550000190734863
intersection:9, mean_episode_reward:-0.1622222363948822, mean_queue:10.883333206176758
intersection:10, mean_episode_reward:0.02416667714715004, mean_queue:10.961111068725586
intersection:11, mean_episode_reward:-0.49916648864746094, mean_queue:10.63611125946045
intersection:12, mean_episode_reward:-0.9347219467163086, mean_queue:10.86388874053955
intersection:13, mean_episode_reward:-0.7491664290428162, mean_queue:10.824999809265137
intersection:14, mean_episode_reward:-0.14499998092651367, mean_queue:10.41944408416748
intersection:15, mean_episode_reward:-1.5116673707962036, mean_queue:10.905555725097656
intersection:16, mean_episode_reward:0.055555541068315506, mean_queue:0.7749999761581421
intersection:17, mean_episode_reward:0.07083335518836975, mean_queue:0.7777777910232544
intersection:18, mean_episode_reward:0.06333333998918533, mean_queue:0.7888888716697693
intersection:19, mean_episode_reward:0.16388891637325287, mean_queue:0.8166666626930237
intersection:20, mean_episode_reward:0.1538887917995453, mean_queue:0.7527777552604675
intersection:21, mean_episode_reward:0.13805556297302246, mean_queue:0.8138889074325562
intersection:22, mean_episode_reward:0.06944442540407181, mean_queue:0.7888888716697693
intersection:23, mean_episode_reward:0.02944442257285118, mean_queue:0.7805555462837219
intersection:24, mean_episode_reward:0.2011110782623291, mean_queue:0.7749999761581421
intersection:25, mean_episode_reward:0.088333360850811, mean_queue:0.7749999761581421
intersection:26, mean_episode_reward:0.13499997556209564, mean_queue:0.75
intersection:27, mean_episode_reward:0.1616666316986084, mean_queue:0.769444465637207
intersection:28, mean_episode_reward:0.1616666316986084, mean_queue:0.7833333611488342
intersection:29, mean_episode_reward:0.23194453120231628, mean_queue:0.8333333134651184
intersection:30, mean_episode_reward:0.18499992787837982, mean_queue:0.8722222447395325
intersection:31, mean_episode_reward:0.104166679084301, mean_queue:0.8083333373069763
Test step:114/200, travel time :252.80656424581005, rewards:-6.005834282769097, queue:5.757638888888889, delay:0.05497778256734212, throughput:1432
[CrossingProxy] total ped calls this episode: 248
step:3600/3600, q_loss:0.8216286301612854, rewards:-6.028333875868055, queue:5.733420138888889, delay:0.053309652540418834, throughput:1429
episode:115/200, real avg travel time:251.11686494051784
intersection:0, mean_episode_reward:-0.6991665959358215, mean_queue:10.472222328186035
intersection:1, mean_episode_reward:-0.47388890385627747, mean_queue:10.558333396911621
intersection:2, mean_episode_reward:-0.5775002241134644, mean_queue:11.019444465637207
intersection:3, mean_episode_reward:-1.5597221851348877, mean_queue:10.48611068725586
intersection:4, mean_episode_reward:-0.6238888502120972, mean_queue:10.891666412353516
intersection:5, mean_episode_reward:0.1480555385351181, mean_queue:10.527777671813965
intersection:6, mean_episode_reward:0.4177778363227844, mean_queue:10.533333778381348
intersection:7, mean_episode_reward:-0.24138891696929932, mean_queue:10.252778053283691
intersection:8, mean_episode_reward:-0.19222234189510345, mean_queue:10.491666793823242
intersection:9, mean_episode_reward:-0.2558334767818451, mean_queue:10.663888931274414
intersection:10, mean_episode_reward:0.08694440871477127, mean_queue:10.941666603088379
intersection:11, mean_episode_reward:-0.5111112594604492, mean_queue:10.73888874053955
intersection:12, mean_episode_reward:-1.132500171661377, mean_queue:11.063888549804688
intersection:13, mean_episode_reward:-0.6169443726539612, mean_queue:10.627778053283691
intersection:14, mean_episode_reward:-0.04805557057261467, mean_queue:10.547222137451172
intersection:15, mean_episode_reward:-1.5244438648223877, mean_queue:10.991666793823242
intersection:16, mean_episode_reward:0.0599999763071537, mean_queue:0.7749999761581421
intersection:17, mean_episode_reward:0.09583335369825363, mean_queue:0.7777777910232544
intersection:18, mean_episode_reward:0.06666667759418488, mean_queue:0.7888888716697693
intersection:19, mean_episode_reward:0.1669444888830185, mean_queue:0.8166666626930237
intersection:20, mean_episode_reward:0.12499993294477463, mean_queue:0.7527777552604675
intersection:21, mean_episode_reward:0.16527779400348663, mean_queue:0.8138889074325562
intersection:22, mean_episode_reward:0.05694443732500076, mean_queue:0.7888888716697693
intersection:23, mean_episode_reward:0.00611110869795084, mean_queue:0.7805555462837219
intersection:24, mean_episode_reward:0.15027780830860138, mean_queue:0.7749999761581421
intersection:25, mean_episode_reward:0.051388878375291824, mean_queue:0.7749999761581421
intersection:26, mean_episode_reward:0.13750001788139343, mean_queue:0.75
intersection:27, mean_episode_reward:0.1111111119389534, mean_queue:0.769444465637207
intersection:28, mean_episode_reward:0.18055550754070282, mean_queue:0.7833333611488342
intersection:29, mean_episode_reward:0.15583336353302002, mean_queue:0.8333333134651184
intersection:30, mean_episode_reward:0.18305553495883942, mean_queue:0.8722222447395325
intersection:31, mean_episode_reward:0.06305555999279022, mean_queue:0.8083333373069763
Test step:115/200, travel time :252.41701534170153, rewards:-6.134166124131944, queue:5.745486111111111, delay:0.0553474850124783, throughput:1434
[CrossingProxy] total ped calls this episode: 260
step:3600/3600, q_loss:0.8180274963378906, rewards:-6.296111382378472, queue:5.769444444444445, delay:0.05499124526977539, throughput:1435
episode:116/200, real avg travel time:253.70243902439023
intersection:0, mean_episode_reward:-0.5741667151451111, mean_queue:10.461111068725586
intersection:1, mean_episode_reward:-0.8650000691413879, mean_queue:10.677778244018555
intersection:2, mean_episode_reward:-0.8658335208892822, mean_queue:11.097222328186035
intersection:3, mean_episode_reward:-1.1538888216018677, mean_queue:10.302778244018555
intersection:4, mean_episode_reward:-0.5475000739097595, mean_queue:11.0
intersection:5, mean_episode_reward:-0.051944393664598465, mean_queue:10.68055534362793
intersection:6, mean_episode_reward:0.4708332121372223, mean_queue:10.677778244018555
intersection:7, mean_episode_reward:-0.8280552625656128, mean_queue:10.61388874053955
intersection:8, mean_episode_reward:-0.5263890027999878, mean_queue:10.747221946716309
intersection:9, mean_episode_reward:0.20694442093372345, mean_queue:10.883333206176758
intersection:10, mean_episode_reward:0.08472223579883575, mean_queue:10.91944408416748
intersection:11, mean_episode_reward:-0.12472228705883026, mean_queue:10.48888874053955
intersection:12, mean_episode_reward:-0.9577779173851013, mean_queue:10.852777481079102
intersection:13, mean_episode_reward:-0.6788886785507202, mean_queue:10.88888931274414
intersection:14, mean_episode_reward:-0.5480555891990662, mean_queue:10.755555152893066
intersection:15, mean_episode_reward:-1.3188891410827637, mean_queue:10.913888931274414
intersection:16, mean_episode_reward:0.03555554896593094, mean_queue:0.7749999761581421
intersection:17, mean_episode_reward:0.09111111611127853, mean_queue:0.7777777910232544
intersection:18, mean_episode_reward:0.07916668057441711, mean_queue:0.7888888716697693
intersection:19, mean_episode_reward:0.14250004291534424, mean_queue:0.8166666626930237
intersection:20, mean_episode_reward:0.1516665816307068, mean_queue:0.7527777552604675
intersection:21, mean_episode_reward:0.12083329260349274, mean_queue:0.8138889074325562
intersection:22, mean_episode_reward:0.06305554509162903, mean_queue:0.7888888716697693
intersection:23, mean_episode_reward:0.009999992325901985, mean_queue:0.7805555462837219
intersection:24, mean_episode_reward:0.18444451689720154, mean_queue:0.7749999761581421
intersection:25, mean_episode_reward:0.069444440305233, mean_queue:0.7749999761581421
intersection:26, mean_episode_reward:0.14750005304813385, mean_queue:0.75
intersection:27, mean_episode_reward:0.18416661024093628, mean_queue:0.769444465637207
intersection:28, mean_episode_reward:0.1547221690416336, mean_queue:0.7833333611488342
intersection:29, mean_episode_reward:0.33277779817581177, mean_queue:0.8333333134651184
intersection:30, mean_episode_reward:0.14972218871116638, mean_queue:0.8722222447395325
intersection:31, mean_episode_reward:0.06583334505558014, mean_queue:0.8083333373069763
Test step:116/200, travel time :248.60500695410292, rewards:-6.082777235243055, queue:5.73046875, delay:0.05455909834967719, throughput:1438
[CrossingProxy] total ped calls this episode: 221
step:3600/3600, q_loss:0.829781174659729, rewards:-6.358334011501736, queue:5.746961805555555, delay:0.05460802714029948, throughput:1437
episode:117/200, real avg travel time:249.2867084203201
intersection:0, mean_episode_reward:-0.6380557417869568, mean_queue:10.425000190734863
intersection:1, mean_episode_reward:-0.6502776741981506, mean_queue:10.527777671813965
intersection:2, mean_episode_reward:-0.5758333802223206, mean_queue:11.005555152893066
intersection:3, mean_episode_reward:-1.2516670227050781, mean_queue:10.247221946716309
intersection:4, mean_episode_reward:-0.6472222208976746, mean_queue:11.030555725097656
intersection:5, mean_episode_reward:-0.028888920322060585, mean_queue:10.552778244018555
intersection:6, mean_episode_reward:0.44694456458091736, mean_queue:10.70555591583252
intersection:7, mean_episode_reward:-0.49361130595207214, mean_queue:10.277777671813965
intersection:8, mean_episode_reward:-0.5169445276260376, mean_queue:10.725000381469727
intersection:9, mean_episode_reward:0.18055550754070282, mean_queue:10.658333778381348
intersection:10, mean_episode_reward:-0.1408333033323288, mean_queue:10.958333015441895
intersection:11, mean_episode_reward:-0.3822220265865326, mean_queue:10.69444465637207
intersection:12, mean_episode_reward:-1.032222032546997, mean_queue:10.894444465637207
intersection:13, mean_episode_reward:-0.8763889074325562, mean_queue:10.88611125946045
intersection:14, mean_episode_reward:-0.3227779269218445, mean_queue:10.627778053283691
intersection:15, mean_episode_reward:-1.4766665697097778, mean_queue:11.024999618530273
intersection:16, mean_episode_reward:0.03583332896232605, mean_queue:0.7749999761581421
intersection:17, mean_episode_reward:0.09888888150453568, mean_queue:0.7777777910232544
intersection:18, mean_episode_reward:0.08944444358348846, mean_queue:0.7888888716697693
intersection:19, mean_episode_reward:0.1811111718416214, mean_queue:0.8166666626930237
intersection:20, mean_episode_reward:0.13249991834163666, mean_queue:0.7527777552604675
intersection:21, mean_episode_reward:0.16750000417232513, mean_queue:0.8138889074325562
intersection:22, mean_episode_reward:0.07722219079732895, mean_queue:0.7888888716697693
intersection:23, mean_episode_reward:0.03194442763924599, mean_queue:0.7805555462837219
intersection:24, mean_episode_reward:0.31111109256744385, mean_queue:0.7749999761581421
intersection:25, mean_episode_reward:0.06555554270744324, mean_queue:0.7749999761581421
intersection:26, mean_episode_reward:0.18972226977348328, mean_queue:0.75
intersection:27, mean_episode_reward:0.16916663944721222, mean_queue:0.769444465637207
intersection:28, mean_episode_reward:0.14388884603977203, mean_queue:0.7833333611488342
intersection:29, mean_episode_reward:0.1325000375509262, mean_queue:0.8333333134651184
intersection:30, mean_episode_reward:0.1474999636411667, mean_queue:0.8722222447395325
intersection:31, mean_episode_reward:0.07388891279697418, mean_queue:0.8083333373069763
Test step:117/200, travel time :254.4217877094972, rewards:-6.127498372395833, queue:5.777430555555555, delay:0.05574143197801378, throughput:1432
[CrossingProxy] total ped calls this episode: 240
step:3600/3600, q_loss:0.8297675251960754, rewards:-6.0897216796875, queue:5.760243055555556, delay:0.05520779291788737, throughput:1434
episode:118/200, real avg travel time:252.5718270571827
intersection:0, mean_episode_reward:-0.8805550336837769, mean_queue:10.741666793823242
intersection:1, mean_episode_reward:-0.44555553793907166, mean_queue:10.572221755981445
intersection:2, mean_episode_reward:-0.5524997115135193, mean_queue:10.972222328186035
intersection:3, mean_episode_reward:-1.5091661214828491, mean_queue:10.494444847106934
intersection:4, mean_episode_reward:-0.5233334302902222, mean_queue:10.938888549804688
intersection:5, mean_episode_reward:0.027499983087182045, mean_queue:10.469444274902344
intersection:6, mean_episode_reward:0.4336111843585968, mean_queue:10.730555534362793
intersection:7, mean_episode_reward:-0.6186110973358154, mean_queue:10.61111068725586
intersection:8, mean_episode_reward:-0.33999982476234436, mean_queue:10.608333587646484
intersection:9, mean_episode_reward:0.29250016808509827, mean_queue:10.719444274902344
intersection:10, mean_episode_reward:0.08333330601453781, mean_queue:11.0
intersection:11, mean_episode_reward:-0.5247222781181335, mean_queue:10.658333778381348
intersection:12, mean_episode_reward:-0.9602780938148499, mean_queue:10.827777862548828
intersection:13, mean_episode_reward:-1.1638896465301514, mean_queue:11.033333778381348
intersection:14, mean_episode_reward:-0.03194442018866539, mean_queue:10.536110877990723
intersection:15, mean_episode_reward:-1.303610920906067, mean_queue:10.752778053283691
intersection:16, mean_episode_reward:0.04249999672174454, mean_queue:0.7749999761581421
intersection:17, mean_episode_reward:0.09083335846662521, mean_queue:0.7777777910232544
intersection:18, mean_episode_reward:0.062222227454185486, mean_queue:0.7888888716697693
intersection:19, mean_episode_reward:0.13416671752929688, mean_queue:0.8166666626930237
intersection:20, mean_episode_reward:0.15333324670791626, mean_queue:0.7527777552604675
intersection:21, mean_episode_reward:0.15944449603557587, mean_queue:0.8138889074325562
intersection:22, mean_episode_reward:0.07027775049209595, mean_queue:0.7888888716697693
intersection:23, mean_episode_reward:0.05166666954755783, mean_queue:0.7805555462837219
intersection:24, mean_episode_reward:0.1858333796262741, mean_queue:0.7749999761581421
intersection:25, mean_episode_reward:0.05638889595866203, mean_queue:0.7749999761581421
intersection:26, mean_episode_reward:0.13305555284023285, mean_queue:0.75
intersection:27, mean_episode_reward:0.1474999636411667, mean_queue:0.769444465637207
intersection:28, mean_episode_reward:0.24138876795768738, mean_queue:0.7833333611488342
intersection:29, mean_episode_reward:0.17333334684371948, mean_queue:0.8333333134651184
intersection:30, mean_episode_reward:0.15305553376674652, mean_queue:0.8722222447395325
intersection:31, mean_episode_reward:0.07250000536441803, mean_queue:0.8083333373069763
Test step:118/200, travel time :251.76949860724233, rewards:-5.993611653645833, queue:5.746961805555555, delay:0.054693603515625, throughput:1436
[CrossingProxy] total ped calls this episode: 247
step:3600/3600, q_loss:0.8335102796554565, rewards:-6.07166748046875, queue:5.742100694444445, delay:0.05384199884202745, throughput:1436
episode:119/200, real avg travel time:249.06058495821728
intersection:0, mean_episode_reward:-0.6769444346427917, mean_queue:10.516666412353516
intersection:1, mean_episode_reward:-0.5077775120735168, mean_queue:10.441666603088379
intersection:2, mean_episode_reward:-0.44861122965812683, mean_queue:10.841666221618652
intersection:3, mean_episode_reward:-1.4588888883590698, mean_queue:10.413888931274414
intersection:4, mean_episode_reward:-0.4672221839427948, mean_queue:10.73888874053955
intersection:5, mean_episode_reward:0.022499961778521538, mean_queue:10.377778053283691
intersection:6, mean_episode_reward:0.3283332884311676, mean_queue:10.711111068725586
intersection:7, mean_episode_reward:-0.5194445848464966, mean_queue:10.480555534362793
intersection:8, mean_episode_reward:-0.671111524105072, mean_queue:10.797222137451172
intersection:9, mean_episode_reward:0.206388920545578, mean_queue:10.713889122009277
intersection:10, mean_episode_reward:-0.06138894706964493, mean_queue:11.052778244018555
intersection:11, mean_episode_reward:-0.339722216129303, mean_queue:10.622221946716309
intersection:12, mean_episode_reward:-1.0499999523162842, mean_queue:10.88611125946045
intersection:13, mean_episode_reward:-0.7088886499404907, mean_queue:10.841666221618652
intersection:14, mean_episode_reward:-0.27472221851348877, mean_queue:10.70555591583252
intersection:15, mean_episode_reward:-1.4927785396575928, mean_queue:10.94444465637207
intersection:16, mean_episode_reward:0.05444442853331566, mean_queue:0.7749999761581421
intersection:17, mean_episode_reward:0.07111113518476486, mean_queue:0.7777777910232544
intersection:18, mean_episode_reward:0.09194444119930267, mean_queue:0.7888888716697693
intersection:19, mean_episode_reward:0.14916671812534332, mean_queue:0.8166666626930237
intersection:20, mean_episode_reward:0.14694435894489288, mean_queue:0.7527777552604675
intersection:21, mean_episode_reward:0.14000000059604645, mean_queue:0.8138889074325562
intersection:22, mean_episode_reward:0.08499997109174728, mean_queue:0.7888888716697693
intersection:23, mean_episode_reward:0.019999977201223373, mean_queue:0.7805555462837219
intersection:24, mean_episode_reward:0.29166674613952637, mean_queue:0.7749999761581421
intersection:25, mean_episode_reward:0.069444440305233, mean_queue:0.7749999761581421
intersection:26, mean_episode_reward:0.1716667115688324, mean_queue:0.75
intersection:27, mean_episode_reward:0.11277775466442108, mean_queue:0.769444465637207
intersection:28, mean_episode_reward:0.22583317756652832, mean_queue:0.7833333611488342
intersection:29, mean_episode_reward:0.167222261428833, mean_queue:0.8333333134651184
intersection:30, mean_episode_reward:0.177499920129776, mean_queue:0.8722222447395325
intersection:31, mean_episode_reward:0.07388890534639359, mean_queue:0.8083333373069763
Test step:119/200, travel time :252.4121338912134, rewards:-5.952222357855903, queue:5.756423611111111, delay:0.0553700500064426, throughput:1434
[CrossingProxy] total ped calls this episode: 258
step:3600/3600, q_loss:0.8403940200805664, rewards:-6.027500406901042, queue:5.778472222222222, delay:0.055838923984103735, throughput:1428
episode:120/200, real avg travel time:255.34103641456582
intersection:0, mean_episode_reward:-0.6616666913032532, mean_queue:10.538888931274414
intersection:1, mean_episode_reward:-0.5683335065841675, mean_queue:10.666666984558105
intersection:2, mean_episode_reward:-0.5288888812065125, mean_queue:10.991666793823242
intersection:3, mean_episode_reward:-1.4036109447479248, mean_queue:10.45555591583252
intersection:4, mean_episode_reward:-0.7516672611236572, mean_queue:10.961111068725586
intersection:5, mean_episode_reward:0.5133334994316101, mean_queue:10.36111068725586
intersection:6, mean_episode_reward:0.42583343386650085, mean_queue:10.716666221618652
intersection:7, mean_episode_reward:-0.5752779245376587, mean_queue:10.56944465637207
intersection:8, mean_episode_reward:-0.4711110293865204, mean_queue:10.677778244018555
intersection:9, mean_episode_reward:-0.044722121208906174, mean_queue:11.119444847106934
intersection:10, mean_episode_reward:-0.0019444844219833612, mean_queue:10.969444274902344
intersection:11, mean_episode_reward:0.010277794674038887, mean_queue:10.5
intersection:12, mean_episode_reward:-0.9655560255050659, mean_queue:10.994444847106934
intersection:13, mean_episode_reward:-1.2088888883590698, mean_queue:11.277777671813965
intersection:14, mean_episode_reward:-0.4025000333786011, mean_queue:10.594444274902344
intersection:15, mean_episode_reward:-1.3855550289154053, mean_queue:10.855555534362793
intersection:16, mean_episode_reward:0.03888888284564018, mean_queue:0.7749999761581421
intersection:17, mean_episode_reward:0.07666667550802231, mean_queue:0.7777777910232544
intersection:18, mean_episode_reward:0.07722223550081253, mean_queue:0.7888888716697693
intersection:19, mean_episode_reward:0.1463889628648758, mean_queue:0.8166666626930237
intersection:20, mean_episode_reward:0.17138880491256714, mean_queue:0.7527777552604675
intersection:21, mean_episode_reward:0.13027776777744293, mean_queue:0.8138889074325562
intersection:22, mean_episode_reward:0.053333330899477005, mean_queue:0.7888888716697693
intersection:23, mean_episode_reward:0.03749999403953552, mean_queue:0.7805555462837219
intersection:24, mean_episode_reward:0.34833335876464844, mean_queue:0.7749999761581421
intersection:25, mean_episode_reward:0.06638887524604797, mean_queue:0.7749999761581421
intersection:26, mean_episode_reward:0.13972224295139313, mean_queue:0.75
intersection:27, mean_episode_reward:0.14166663587093353, mean_queue:0.769444465637207
intersection:28, mean_episode_reward:0.1711110770702362, mean_queue:0.7833333611488342
intersection:29, mean_episode_reward:0.19333331286907196, mean_queue:0.8333333134651184
intersection:30, mean_episode_reward:0.13916663825511932, mean_queue:0.8722222447395325
intersection:31, mean_episode_reward:0.06138889119029045, mean_queue:0.8083333373069763
Test step:120/200, travel time :254.0900837988827, rewards:-5.973611111111111, queue:5.759548611111111, delay:0.05555419392055935, throughput:1432
[CrossingProxy] total ped calls this episode: 244
step:3600/3600, q_loss:0.8448137044906616, rewards:-6.023612467447917, queue:5.791927083333333, delay:0.05618082682291667, throughput:1433
episode:121/200, real avg travel time:255.5059316120028
intersection:0, mean_episode_reward:-0.8172224164009094, mean_queue:10.61111068725586
intersection:1, mean_episode_reward:-0.6980554461479187, mean_queue:10.927778244018555
intersection:2, mean_episode_reward:-0.6324998736381531, mean_queue:10.847222328186035
intersection:3, mean_episode_reward:-1.1147221326828003, mean_queue:10.161110877990723
intersection:4, mean_episode_reward:-0.6052777171134949, mean_queue:10.977777481079102
intersection:5, mean_episode_reward:0.5347223281860352, mean_queue:10.605555534362793
intersection:6, mean_episode_reward:0.3858333230018616, mean_queue:10.894444465637207
intersection:7, mean_episode_reward:-0.6041666865348816, mean_queue:10.625
intersection:8, mean_episode_reward:-0.5008335709571838, mean_queue:10.586111068725586
intersection:9, mean_episode_reward:0.2005554586648941, mean_queue:10.877778053283691
intersection:10, mean_episode_reward:-0.3377777934074402, mean_queue:11.252778053283691
intersection:11, mean_episode_reward:-0.1852778047323227, mean_queue:10.797222137451172
intersection:12, mean_episode_reward:-0.958611786365509, mean_queue:10.774999618530273
intersection:13, mean_episode_reward:-1.1163890361785889, mean_queue:11.211111068725586
intersection:14, mean_episode_reward:-0.0461110956966877, mean_queue:10.44444465637207
intersection:15, mean_episode_reward:-1.4841668605804443, mean_queue:11.086111068725586
intersection:16, mean_episode_reward:0.053055539727211, mean_queue:0.7749999761581421
intersection:17, mean_episode_reward:0.07111113518476486, mean_queue:0.7777777910232544
intersection:18, mean_episode_reward:0.05722222849726677, mean_queue:0.7888888716697693
intersection:19, mean_episode_reward:0.14722226560115814, mean_queue:0.8166666626930237
intersection:20, mean_episode_reward:0.16944439709186554, mean_queue:0.7527777552604675
intersection:21, mean_episode_reward:0.17777778208255768, mean_queue:0.8138889074325562
intersection:22, mean_episode_reward:0.08166663348674774, mean_queue:0.7888888716697693
intersection:23, mean_episode_reward:0.02944442629814148, mean_queue:0.7805555462837219
intersection:24, mean_episode_reward:0.1880556046962738, mean_queue:0.7749999761581421
intersection:25, mean_episode_reward:0.07694441825151443, mean_queue:0.7749999761581421
intersection:26, mean_episode_reward:0.14166666567325592, mean_queue:0.75
intersection:27, mean_episode_reward:0.12138884514570236, mean_queue:0.769444465637207
intersection:28, mean_episode_reward:0.18888889253139496, mean_queue:0.7833333611488342
intersection:29, mean_episode_reward:0.17805561423301697, mean_queue:0.8333333134651184
intersection:30, mean_episode_reward:0.20277775824069977, mean_queue:0.8722222447395325
intersection:31, mean_episode_reward:0.07166668027639389, mean_queue:0.8083333373069763
Test step:121/200, travel time :251.6399721448468, rewards:-6.02833251953125, queue:5.756857638888889, delay:0.05563327471415202, throughput:1436
[CrossingProxy] total ped calls this episode: 226
step:3600/3600, q_loss:0.8568817377090454, rewards:-6.058611382378472, queue:5.751041666666667, delay:0.05449000464545356, throughput:1430
episode:122/200, real avg travel time:252.2160839160839
intersection:0, mean_episode_reward:-0.6402780413627625, mean_queue:10.497221946716309
intersection:1, mean_episode_reward:-0.6763887405395508, mean_queue:10.73611068725586
intersection:2, mean_episode_reward:-0.6113887429237366, mean_queue:10.81944465637207
intersection:3, mean_episode_reward:-1.1047219038009644, mean_queue:10.152777671813965
intersection:4, mean_episode_reward:-0.6294441819190979, mean_queue:11.04444408416748
intersection:5, mean_episode_reward:0.2561110258102417, mean_queue:10.452777862548828
intersection:6, mean_episode_reward:0.32444438338279724, mean_queue:10.619444847106934
intersection:7, mean_episode_reward:-0.6061112284660339, mean_queue:10.45555591583252
intersection:8, mean_episode_reward:-0.5838888883590698, mean_queue:10.80555534362793
intersection:9, mean_episode_reward:-0.35555559396743774, mean_queue:10.894444465637207
intersection:10, mean_episode_reward:0.03305549547076225, mean_queue:10.969444274902344
intersection:11, mean_episode_reward:-0.21805553138256073, mean_queue:10.655555725097656
intersection:12, mean_episode_reward:-0.8858336806297302, mean_queue:10.811111450195312
intersection:13, mean_episode_reward:-0.9377782344818115, mean_queue:10.93055534362793
intersection:14, mean_episode_reward:-0.10638892650604248, mean_queue:10.713889122009277
intersection:15, mean_episode_reward:-1.2325003147125244, mean_queue:10.813888549804688
intersection:16, mean_episode_reward:0.03583332896232605, mean_queue:0.7749999761581421
intersection:17, mean_episode_reward:0.07666667550802231, mean_queue:0.7777777910232544
intersection:18, mean_episode_reward:0.059166666120290756, mean_queue:0.7888888716697693
intersection:19, mean_episode_reward:0.14944444596767426, mean_queue:0.8166666626930237
intersection:20, mean_episode_reward:0.14611104130744934, mean_queue:0.7527777552604675
intersection:21, mean_episode_reward:0.1761111617088318, mean_queue:0.8138889074325562
intersection:22, mean_episode_reward:0.08833329379558563, mean_queue:0.7888888716697693
intersection:23, mean_episode_reward:0.024999981746077538, mean_queue:0.7805555462837219
intersection:24, mean_episode_reward:0.23527789115905762, mean_queue:0.7749999761581421
intersection:25, mean_episode_reward:0.11138888448476791, mean_queue:0.7749999761581421
intersection:26, mean_episode_reward:0.1761111617088318, mean_queue:0.75
intersection:27, mean_episode_reward:0.1269444078207016, mean_queue:0.769444465637207
intersection:28, mean_episode_reward:0.15638884902000427, mean_queue:0.7833333611488342
intersection:29, mean_episode_reward:0.14972224831581116, mean_queue:0.8333333134651184
intersection:30, mean_episode_reward:0.14666664600372314, mean_queue:0.8722222447395325
intersection:31, mean_episode_reward:0.05694443732500076, mean_queue:0.8083333373069763
Test step:122/200, travel time :251.6999302163294, rewards:-6.0397223578559025, queue:5.756857638888889, delay:0.05536791483561198, throughput:1433
[CrossingProxy] total ped calls this episode: 251
step:3600/3600, q_loss:0.8531684279441833, rewards:-5.932222493489584, queue:5.755815972222222, delay:0.05613889694213867, throughput:1433
episode:123/200, real avg travel time:253.05512909979066
intersection:0, mean_episode_reward:-0.5133334994316101, mean_queue:10.51388931274414
intersection:1, mean_episode_reward:-0.4855554401874542, mean_queue:10.666666984558105
intersection:2, mean_episode_reward:-0.6527780294418335, mean_queue:11.119444847106934
intersection:3, mean_episode_reward:-1.2136105298995972, mean_queue:10.375
intersection:4, mean_episode_reward:-0.5672222375869751, mean_queue:10.891666412353516
intersection:5, mean_episode_reward:-0.05222222954034805, mean_queue:10.616666793823242
intersection:6, mean_episode_reward:0.08861113339662552, mean_queue:10.855555534362793
intersection:7, mean_episode_reward:-0.5880557298660278, mean_queue:10.622221946716309
intersection:8, mean_episode_reward:-0.6547221541404724, mean_queue:10.686111450195312
intersection:9, mean_episode_reward:0.015277799218893051, mean_queue:10.661110877990723
intersection:10, mean_episode_reward:0.06694446504116058, mean_queue:10.972222328186035
intersection:11, mean_episode_reward:-0.22666668891906738, mean_queue:10.647222518920898
intersection:12, mean_episode_reward:-0.8977785110473633, mean_queue:10.752778053283691
intersection:13, mean_episode_reward:-0.7372217178344727, mean_queue:10.713889122009277
intersection:14, mean_episode_reward:-0.3200000524520874, mean_queue:10.649999618530273
intersection:15, mean_episode_reward:-1.245833158493042, mean_queue:10.780555725097656
intersection:16, mean_episode_reward:0.04444443807005882, mean_queue:0.7749999761581421
intersection:17, mean_episode_reward:0.10444445163011551, mean_queue:0.7777777910232544
intersection:18, mean_episode_reward:0.051111117005348206, mean_queue:0.7888888716697693
intersection:19, mean_episode_reward:0.15611115097999573, mean_queue:0.8166666626930237
intersection:20, mean_episode_reward:0.158610999584198, mean_queue:0.7527777552604675
intersection:21, mean_episode_reward:0.1852778047323227, mean_queue:0.8138889074325562
intersection:22, mean_episode_reward:0.0783333033323288, mean_queue:0.7888888716697693
intersection:23, mean_episode_reward:0.038055550307035446, mean_queue:0.7805555462837219
intersection:24, mean_episode_reward:0.32777783274650574, mean_queue:0.7749999761581421
intersection:25, mean_episode_reward:0.08638887852430344, mean_queue:0.7749999761581421
intersection:26, mean_episode_reward:0.11722224205732346, mean_queue:0.75
intersection:27, mean_episode_reward:0.10444445163011551, mean_queue:0.769444465637207
intersection:28, mean_episode_reward:0.18111109733581543, mean_queue:0.7833333611488342
intersection:29, mean_episode_reward:0.19527776539325714, mean_queue:0.8333333134651184
intersection:30, mean_episode_reward:0.15805551409721375, mean_queue:0.8722222447395325
intersection:31, mean_episode_reward:0.06527777761220932, mean_queue:0.8083333373069763
Test step:123/200, travel time :255.16039051603906, rewards:-6.306666395399305, queue:5.779947916666667, delay:0.056113613976372614, throughput:1434
[CrossingProxy] total ped calls this episode: 216
step:3600/3600, q_loss:0.8635247349739075, rewards:-5.969166395399306, queue:5.750520833333334, delay:0.054601589838663735, throughput:1433
episode:124/200, real avg travel time:249.76831821353804
intersection:0, mean_episode_reward:-0.6558333039283752, mean_queue:10.561111450195312
intersection:1, mean_episode_reward:-0.5588890910148621, mean_queue:10.63611125946045
intersection:2, mean_episode_reward:-0.6586108803749084, mean_queue:10.883333206176758
intersection:3, mean_episode_reward:-1.1241669654846191, mean_queue:10.291666984558105
intersection:4, mean_episode_reward:-0.7086113691329956, mean_queue:10.983333587646484
intersection:5, mean_episode_reward:0.0008333183941431344, mean_queue:10.577777862548828
intersection:6, mean_episode_reward:0.3438888490200043, mean_queue:10.697221755981445
intersection:7, mean_episode_reward:-0.5119444131851196, mean_queue:10.561111450195312
intersection:8, mean_episode_reward:-0.4611109793186188, mean_queue:10.661110877990723
intersection:9, mean_episode_reward:0.1719444990158081, mean_queue:10.655555725097656
intersection:10, mean_episode_reward:-0.014444409869611263, mean_queue:11.141666412353516
intersection:11, mean_episode_reward:-0.33000001311302185, mean_queue:10.713889122009277
intersection:12, mean_episode_reward:-0.7988891005516052, mean_queue:10.774999618530273
intersection:13, mean_episode_reward:-1.0430552959442139, mean_queue:10.844444274902344
intersection:14, mean_episode_reward:-0.15611116588115692, mean_queue:10.494444847106934
intersection:15, mean_episode_reward:-1.4441664218902588, mean_queue:10.877778053283691
intersection:16, mean_episode_reward:0.04138888418674469, mean_queue:0.7749999761581421
intersection:17, mean_episode_reward:0.12888891994953156, mean_queue:0.7777777910232544
intersection:18, mean_episode_reward:0.07583332806825638, mean_queue:0.7888888716697693
intersection:19, mean_episode_reward:0.14722228050231934, mean_queue:0.8166666626930237
intersection:20, mean_episode_reward:0.14666661620140076, mean_queue:0.7527777552604675
intersection:21, mean_episode_reward:0.19555558264255524, mean_queue:0.8138889074325562
intersection:22, mean_episode_reward:0.05666666477918625, mean_queue:0.7888888716697693
intersection:23, mean_episode_reward:0.030555544421076775, mean_queue:0.7805555462837219
intersection:24, mean_episode_reward:0.24722224473953247, mean_queue:0.7749999761581421
intersection:25, mean_episode_reward:0.0830555409193039, mean_queue:0.7749999761581421
intersection:26, mean_episode_reward:0.14527781307697296, mean_queue:0.75
intersection:27, mean_episode_reward:0.12277776002883911, mean_queue:0.769444465637207
intersection:28, mean_episode_reward:0.13500000536441803, mean_queue:0.7833333611488342
intersection:29, mean_episode_reward:0.21388892829418182, mean_queue:0.8333333134651184
intersection:30, mean_episode_reward:0.1524999886751175, mean_queue:0.8722222447395325
intersection:31, mean_episode_reward:0.057499997317790985, mean_queue:0.8083333373069763
Test step:124/200, travel time :257.36662011173183, rewards:-6.3069444444444445, queue:5.786284722222222, delay:0.055127864413791236, throughput:1432
[CrossingProxy] total ped calls this episode: 240
step:3600/3600, q_loss:0.86054927110672, rewards:-5.9302788628472225, queue:5.739496527777778, delay:0.05544214248657227, throughput:1432
episode:125/200, real avg travel time:249.04189944134077
intersection:0, mean_episode_reward:-0.6505555510520935, mean_queue:10.530555725097656
intersection:1, mean_episode_reward:-0.745278000831604, mean_queue:10.70555591583252
intersection:2, mean_episode_reward:-0.4102780520915985, mean_queue:10.86388874053955
intersection:3, mean_episode_reward:-1.2572216987609863, mean_queue:10.166666984558105
intersection:4, mean_episode_reward:-0.44805556535720825, mean_queue:10.911110877990723
intersection:5, mean_episode_reward:0.07111113518476486, mean_queue:10.577777862548828
intersection:6, mean_episode_reward:0.21444451808929443, mean_queue:10.827777862548828
intersection:7, mean_episode_reward:-0.6383333206176758, mean_queue:10.399999618530273
intersection:8, mean_episode_reward:-0.5680554509162903, mean_queue:10.686111450195312
intersection:9, mean_episode_reward:-0.10611111670732498, mean_queue:10.75
intersection:10, mean_episode_reward:0.1605556309223175, mean_queue:11.06944465637207
intersection:11, mean_episode_reward:-0.4536111652851105, mean_queue:10.683333396911621
intersection:12, mean_episode_reward:-0.736111044883728, mean_queue:10.791666984558105
intersection:13, mean_episode_reward:-0.6400001645088196, mean_queue:10.622221946716309
intersection:14, mean_episode_reward:-0.4502779543399811, mean_queue:10.61388874053955
intersection:15, mean_episode_reward:-1.2641669511795044, mean_queue:10.802778244018555
intersection:16, mean_episode_reward:0.03583332896232605, mean_queue:0.7749999761581421
intersection:17, mean_episode_reward:0.10138888657093048, mean_queue:0.7777777910232544
intersection:18, mean_episode_reward:0.0952778086066246, mean_queue:0.7888888716697693
intersection:19, mean_episode_reward:0.13888892531394958, mean_queue:0.8166666626930237
intersection:20, mean_episode_reward:0.1405554711818695, mean_queue:0.7527777552604675
intersection:21, mean_episode_reward:0.19861115515232086, mean_queue:0.8138889074325562
intersection:22, mean_episode_reward:0.0647222176194191, mean_queue:0.7888888716697693
intersection:23, mean_episode_reward:0.02944442629814148, mean_queue:0.7805555462837219
intersection:24, mean_episode_reward:0.22666671872138977, mean_queue:0.7749999761581421
intersection:25, mean_episode_reward:0.09305554628372192, mean_queue:0.7749999761581421
intersection:26, mean_episode_reward:0.14055559039115906, mean_queue:0.75
intersection:27, mean_episode_reward:0.20777766406536102, mean_queue:0.769444465637207
intersection:28, mean_episode_reward:0.1572221964597702, mean_queue:0.7833333611488342
intersection:29, mean_episode_reward:0.13861112296581268, mean_queue:0.8333333134651184
intersection:30, mean_episode_reward:0.1641666293144226, mean_queue:0.8722222447395325
intersection:31, mean_episode_reward:0.058888886123895645, mean_queue:0.8083333373069763
Test step:125/200, travel time :255.82122905027933, rewards:-5.9563890245225695, queue:5.774305555555555, delay:0.05506533516777886, throughput:1432
[CrossingProxy] total ped calls this episode: 245
step:3600/3600, q_loss:0.8616172075271606, rewards:-6.3325005425347225, queue:5.760850694444445, delay:0.05479736857944065, throughput:1434
episode:126/200, real avg travel time:252.40934449093444
intersection:0, mean_episode_reward:-0.8538890480995178, mean_queue:10.647222518920898
intersection:1, mean_episode_reward:-0.39583319425582886, mean_queue:10.577777862548828
intersection:2, mean_episode_reward:-0.7524996399879456, mean_queue:11.022222518920898
intersection:3, mean_episode_reward:-1.1708335876464844, mean_queue:10.272222518920898
intersection:4, mean_episode_reward:-0.5722222924232483, mean_queue:11.005555152893066
intersection:5, mean_episode_reward:0.4738888144493103, mean_queue:10.463889122009277
intersection:6, mean_episode_reward:0.2752777934074402, mean_queue:10.76111125946045
intersection:7, mean_episode_reward:-0.6091666221618652, mean_queue:10.43055534362793
intersection:8, mean_episode_reward:-0.8180556297302246, mean_queue:10.922222137451172
intersection:9, mean_episode_reward:-0.24472221732139587, mean_queue:11.06944465637207
intersection:10, mean_episode_reward:0.46083319187164307, mean_queue:10.86111068725586
intersection:11, mean_episode_reward:-0.6794443726539612, mean_queue:10.686111450195312
intersection:12, mean_episode_reward:-0.8538892269134521, mean_queue:10.847222328186035
intersection:13, mean_episode_reward:-1.2633334398269653, mean_queue:11.041666984558105
intersection:14, mean_episode_reward:-0.18027780950069427, mean_queue:10.475000381469727
intersection:15, mean_episode_reward:-1.0958335399627686, mean_queue:10.602777481079102
intersection:16, mean_episode_reward:0.04916664585471153, mean_queue:0.7749999761581421
intersection:17, mean_episode_reward:0.08500003069639206, mean_queue:0.7777777910232544
intersection:18, mean_episode_reward:0.09805558621883392, mean_queue:0.7888888716697693
intersection:19, mean_episode_reward:0.1436111181974411, mean_queue:0.8166666626930237
intersection:20, mean_episode_reward:0.14583326876163483, mean_queue:0.7527777552604675
intersection:21, mean_episode_reward:0.14083337783813477, mean_queue:0.8138889074325562
intersection:22, mean_episode_reward:0.05111110582947731, mean_queue:0.7888888716697693
intersection:23, mean_episode_reward:0.03916667029261589, mean_queue:0.7805555462837219
intersection:24, mean_episode_reward:0.2741667330265045, mean_queue:0.7749999761581421
intersection:25, mean_episode_reward:0.0972222089767456, mean_queue:0.7749999761581421
intersection:26, mean_episode_reward:0.12361110001802444, mean_queue:0.75
intersection:27, mean_episode_reward:0.11111108958721161, mean_queue:0.769444465637207
intersection:28, mean_episode_reward:0.19944438338279724, mean_queue:0.7833333611488342
intersection:29, mean_episode_reward:0.1530555635690689, mean_queue:0.8333333134651184
intersection:30, mean_episode_reward:0.17305555939674377, mean_queue:0.8722222447395325
intersection:31, mean_episode_reward:0.06305555254220963, mean_queue:0.8083333373069763
Test step:126/200, travel time :252.94483240223462, rewards:-6.126111518012153, queue:5.752083333333333, delay:0.05493164592319065, throughput:1432
[CrossingProxy] total ped calls this episode: 248
step:3600/3600, q_loss:0.8710359930992126, rewards:-5.969167751736111, queue:5.753472222222222, delay:0.054868041144477, throughput:1432
episode:127/200, real avg travel time:252.63896648044692
intersection:0, mean_episode_reward:-0.7605558633804321, mean_queue:10.447221755981445
intersection:1, mean_episode_reward:-0.21638891100883484, mean_queue:10.566666603088379
intersection:2, mean_episode_reward:-0.6613888144493103, mean_queue:11.127778053283691
intersection:3, mean_episode_reward:-1.142777919769287, mean_queue:10.469444274902344
intersection:4, mean_episode_reward:-0.690277636051178, mean_queue:10.91944408416748
intersection:5, mean_episode_reward:-0.02222222462296486, mean_queue:10.641666412353516
intersection:6, mean_episode_reward:0.30916672945022583, mean_queue:10.73888874053955
intersection:7, mean_episode_reward:-0.5747223496437073, mean_queue:10.56944465637207
intersection:8, mean_episode_reward:-0.2761111259460449, mean_queue:10.536110877990723
intersection:9, mean_episode_reward:0.015000042505562305, mean_queue:10.797222137451172
intersection:10, mean_episode_reward:0.0013888953253626823, mean_queue:10.961111068725586
intersection:11, mean_episode_reward:-0.4813888967037201, mean_queue:10.683333396911621
intersection:12, mean_episode_reward:-1.0313889980316162, mean_queue:10.797222137451172
intersection:13, mean_episode_reward:-0.8013888001441956, mean_queue:10.813888549804688
intersection:14, mean_episode_reward:0.06805554777383804, mean_queue:10.502778053283691
intersection:15, mean_episode_reward:-1.4500006437301636, mean_queue:10.877778053283691
intersection:16, mean_episode_reward:0.03861111029982567, mean_queue:0.7749999761581421
intersection:17, mean_episode_reward:0.08305556327104568, mean_queue:0.7777777910232544
intersection:18, mean_episode_reward:0.0975000262260437, mean_queue:0.7888888716697693
intersection:19, mean_episode_reward:0.17111119627952576, mean_queue:0.8166666626930237
intersection:20, mean_episode_reward:0.15833324193954468, mean_queue:0.7527777552604675
intersection:21, mean_episode_reward:0.19361118972301483, mean_queue:0.8138889074325562
intersection:22, mean_episode_reward:0.05249999463558197, mean_queue:0.7888888716697693
intersection:23, mean_episode_reward:0.03555554896593094, mean_queue:0.7805555462837219
intersection:24, mean_episode_reward:0.1461111456155777, mean_queue:0.7749999761581421
intersection:25, mean_episode_reward:0.07444444298744202, mean_queue:0.7749999761581421
intersection:26, mean_episode_reward:0.1272222399711609, mean_queue:0.75
intersection:27, mean_episode_reward:0.07944445312023163, mean_queue:0.769444465637207
intersection:28, mean_episode_reward:0.13500000536441803, mean_queue:0.7833333611488342
intersection:29, mean_episode_reward:0.13833336532115936, mean_queue:0.8333333134651184
intersection:30, mean_episode_reward:0.14749997854232788, mean_queue:0.8722222447395325
intersection:31, mean_episode_reward:0.06749999523162842, mean_queue:0.8083333373069763
Test step:127/200, travel time :249.58635097493035, rewards:-6.3272216796875, queue:5.740798611111111, delay:0.054308244917127824, throughput:1436
[CrossingProxy] total ped calls this episode: 248
step:3600/3600, q_loss:0.8665379285812378, rewards:-6.010833062065972, queue:5.725694444444445, delay:0.05349854363335504, throughput:1437
episode:128/200, real avg travel time:251.77661795407099
intersection:0, mean_episode_reward:-0.7930554151535034, mean_queue:10.627778053283691
intersection:1, mean_episode_reward:-0.40694430470466614, mean_queue:10.600000381469727
intersection:2, mean_episode_reward:-0.49222204089164734, mean_queue:10.936111450195312
intersection:3, mean_episode_reward:-1.3147221803665161, mean_queue:10.372221946716309
intersection:4, mean_episode_reward:-0.42138904333114624, mean_queue:10.666666984558105
intersection:5, mean_episode_reward:-0.06777781993150711, mean_queue:10.552778244018555
intersection:6, mean_episode_reward:0.28611114621162415, mean_queue:10.747221946716309
intersection:7, mean_episode_reward:-0.5422220230102539, mean_queue:10.369444847106934
intersection:8, mean_episode_reward:-0.4602779448032379, mean_queue:10.597222328186035
intersection:9, mean_episode_reward:0.27500003576278687, mean_queue:10.633333206176758
intersection:10, mean_episode_reward:0.21833330392837524, mean_queue:10.869444847106934
intersection:11, mean_episode_reward:-0.7325000166893005, mean_queue:10.713889122009277
intersection:12, mean_episode_reward:-1.0763890743255615, mean_queue:10.866666793823242
intersection:13, mean_episode_reward:-0.8149998188018799, mean_queue:10.827777862548828
intersection:14, mean_episode_reward:-0.28333336114883423, mean_queue:10.472222328186035
intersection:15, mean_episode_reward:-1.2444442510604858, mean_queue:10.708333015441895
intersection:16, mean_episode_reward:0.07249998301267624, mean_queue:0.7749999761581421
intersection:17, mean_episode_reward:0.08611113578081131, mean_queue:0.7777777910232544
intersection:18, mean_episode_reward:0.051388900727033615, mean_queue:0.7888888716697693
intersection:19, mean_episode_reward:0.1508333534002304, mean_queue:0.8166666626930237
intersection:20, mean_episode_reward:0.17861099541187286, mean_queue:0.7527777552604675
intersection:21, mean_episode_reward:0.186111181974411, mean_queue:0.8138889074325562
intersection:22, mean_episode_reward:0.048333339393138885, mean_queue:0.7888888716697693
intersection:23, mean_episode_reward:0.04138888418674469, mean_queue:0.7805555462837219
intersection:24, mean_episode_reward:0.21555545926094055, mean_queue:0.7749999761581421
intersection:25, mean_episode_reward:0.07138888537883759, mean_queue:0.7749999761581421
intersection:26, mean_episode_reward:0.12722225487232208, mean_queue:0.75
intersection:27, mean_episode_reward:0.1341666579246521, mean_queue:0.769444465637207
intersection:28, mean_episode_reward:0.16138891875743866, mean_queue:0.7833333611488342
intersection:29, mean_episode_reward:0.13138893246650696, mean_queue:0.8333333134651184
intersection:30, mean_episode_reward:0.1319444477558136, mean_queue:0.8722222447395325
intersection:31, mean_episode_reward:0.0716666728258133, mean_queue:0.8083333373069763
Test step:128/200, travel time :251.38440111420613, rewards:-6.148611111111111, queue:5.7581597222222225, delay:0.0545631832546658, throughput:1436
[CrossingProxy] total ped calls this episode: 262
step:3600/3600, q_loss:0.8780167698860168, rewards:-5.895834011501736, queue:5.74453125, delay:0.05392529169718425, throughput:1437
episode:129/200, real avg travel time:251.25469728601252
intersection:0, mean_episode_reward:-0.5936112999916077, mean_queue:10.616666793823242
intersection:1, mean_episode_reward:-0.5641664862632751, mean_queue:10.883333206176758
intersection:2, mean_episode_reward:-0.5619444251060486, mean_queue:10.983333587646484
intersection:3, mean_episode_reward:-1.3647223711013794, mean_queue:10.311111450195312
intersection:4, mean_episode_reward:-0.5394446849822998, mean_queue:10.891666412353516
intersection:5, mean_episode_reward:0.21249991655349731, mean_queue:10.527777671813965
intersection:6, mean_episode_reward:0.5099999904632568, mean_queue:10.772222518920898
intersection:7, mean_episode_reward:-0.5322221517562866, mean_queue:10.51388931274414
intersection:8, mean_episode_reward:-0.38777774572372437, mean_queue:10.433333396911621
intersection:9, mean_episode_reward:-0.17444437742233276, mean_queue:10.94444465637207
intersection:10, mean_episode_reward:0.15222223103046417, mean_queue:10.933333396911621
intersection:11, mean_episode_reward:-0.5238888263702393, mean_queue:10.536110877990723
intersection:12, mean_episode_reward:-0.9508334398269653, mean_queue:10.727777481079102
intersection:13, mean_episode_reward:-0.9252777695655823, mean_queue:10.838889122009277
intersection:14, mean_episode_reward:-0.27388885617256165, mean_queue:10.524999618530273
intersection:15, mean_episode_reward:-1.3066670894622803, mean_queue:10.725000381469727
intersection:16, mean_episode_reward:0.04694444686174393, mean_queue:0.7749999761581421
intersection:17, mean_episode_reward:0.07305557280778885, mean_queue:0.7777777910232544
intersection:18, mean_episode_reward:0.07083332538604736, mean_queue:0.7888888716697693
intersection:19, mean_episode_reward:0.17444445192813873, mean_queue:0.8166666626930237
intersection:20, mean_episode_reward:0.2300000786781311, mean_queue:0.7527777552604675
intersection:21, mean_episode_reward:0.16527780890464783, mean_queue:0.8138889074325562
intersection:22, mean_episode_reward:0.048333339393138885, mean_queue:0.7888888716697693
intersection:23, mean_episode_reward:0.03472220525145531, mean_queue:0.7805555462837219
intersection:24, mean_episode_reward:0.2011110782623291, mean_queue:0.7749999761581421
intersection:25, mean_episode_reward:0.11361113935709, mean_queue:0.7749999761581421
intersection:26, mean_episode_reward:0.10333334654569626, mean_queue:0.75
intersection:27, mean_episode_reward:0.16527774930000305, mean_queue:0.769444465637207
intersection:28, mean_episode_reward:0.19083328545093536, mean_queue:0.7833333611488342
intersection:29, mean_episode_reward:0.11444445699453354, mean_queue:0.8333333134651184
intersection:30, mean_episode_reward:0.129444420337677, mean_queue:0.8722222447395325
intersection:31, mean_episode_reward:0.06666666269302368, mean_queue:0.8083333373069763
Test step:129/200, travel time :248.7540069686411, rewards:-6.206667751736111, queue:5.7262152777777775, delay:0.05298753844367133, throughput:1435
[CrossingProxy] total ped calls this episode: 221
step:3600/3600, q_loss:0.8755562901496887, rewards:-6.2688890245225695, queue:5.757986111111111, delay:0.053971147537231444, throughput:1437
episode:130/200, real avg travel time:252.45511482254696
intersection:0, mean_episode_reward:-1.0250002145767212, mean_queue:10.652777671813965
intersection:1, mean_episode_reward:-0.17555558681488037, mean_queue:10.508333206176758
intersection:2, mean_episode_reward:-0.6347218751907349, mean_queue:11.08055591583252
intersection:3, mean_episode_reward:-1.2713894844055176, mean_queue:10.433333396911621
intersection:4, mean_episode_reward:-0.47666656970977783, mean_queue:10.899999618530273
intersection:5, mean_episode_reward:-0.23138879239559174, mean_queue:10.813888549804688
intersection:6, mean_episode_reward:0.5263887643814087, mean_queue:10.68055534362793
intersection:7, mean_episode_reward:-0.8063888549804688, mean_queue:10.51388931274414
intersection:8, mean_episode_reward:-0.5941667556762695, mean_queue:10.741666793823242
intersection:9, mean_episode_reward:0.04972221702337265, mean_queue:10.850000381469727
intersection:10, mean_episode_reward:0.15611103177070618, mean_queue:10.869444847106934
intersection:11, mean_episode_reward:-0.3394443690776825, mean_queue:10.469444274902344
intersection:12, mean_episode_reward:-1.1222219467163086, mean_queue:10.994444847106934
intersection:13, mean_episode_reward:-0.7224999070167542, mean_queue:10.891666412353516
intersection:14, mean_episode_reward:-0.2777777910232544, mean_queue:10.538888931274414
intersection:15, mean_episode_reward:-1.2683329582214355, mean_queue:10.655555725097656
intersection:16, mean_episode_reward:0.03805556148290634, mean_queue:0.7749999761581421
intersection:17, mean_episode_reward:0.07500001788139343, mean_queue:0.7777777910232544
intersection:18, mean_episode_reward:0.05583334341645241, mean_queue:0.7888888716697693
intersection:19, mean_episode_reward:0.15000006556510925, mean_queue:0.8166666626930237
intersection:20, mean_episode_reward:0.14888884127140045, mean_queue:0.7527777552604675
intersection:21, mean_episode_reward:0.1691667139530182, mean_queue:0.8138889074325562
intersection:22, mean_episode_reward:0.05249999463558197, mean_queue:0.7888888716697693
intersection:23, mean_episode_reward:0.05277777090668678, mean_queue:0.7805555462837219
intersection:24, mean_episode_reward:0.17444446682929993, mean_queue:0.7749999761581421
intersection:25, mean_episode_reward:0.07055556029081345, mean_queue:0.7749999761581421
intersection:26, mean_episode_reward:0.12888890504837036, mean_queue:0.75
intersection:27, mean_episode_reward:0.21055541932582855, mean_queue:0.769444465637207
intersection:28, mean_episode_reward:0.2391664981842041, mean_queue:0.7833333611488342
intersection:29, mean_episode_reward:0.18527784943580627, mean_queue:0.8333333134651184
intersection:30, mean_episode_reward:0.1202777773141861, mean_queue:0.8722222447395325
intersection:31, mean_episode_reward:0.07305555790662766, mean_queue:0.8083333373069763
Test step:130/200, travel time :252.22144846796658, rewards:-6.072499593098958, queue:5.755815972222222, delay:0.05471826129489475, throughput:1436
[CrossingProxy] total ped calls this episode: 247
step:3600/3600, q_loss:0.8750523328781128, rewards:-5.9038886176215275, queue:5.718923611111111, delay:0.05431280136108398, throughput:1432
episode:131/200, real avg travel time:248.6159217877095
intersection:0, mean_episode_reward:-0.5072221755981445, mean_queue:10.461111068725586
intersection:1, mean_episode_reward:-0.3447222411632538, mean_queue:10.472222328186035
intersection:2, mean_episode_reward:-0.5516666769981384, mean_queue:10.813888549804688
intersection:3, mean_episode_reward:-1.2383328676223755, mean_queue:10.23888874053955
intersection:4, mean_episode_reward:-0.6486110687255859, mean_queue:10.927778244018555
intersection:5, mean_episode_reward:0.018611066043376923, mean_queue:10.508333206176758
intersection:6, mean_episode_reward:0.24361108243465424, mean_queue:10.755555152893066
intersection:7, mean_episode_reward:-0.5086113810539246, mean_queue:10.380555152893066
intersection:8, mean_episode_reward:-0.4400002062320709, mean_queue:10.538888931274414
intersection:9, mean_episode_reward:0.02249993570148945, mean_queue:10.755555152893066
intersection:10, mean_episode_reward:0.12416671961545944, mean_queue:10.855555534362793
intersection:11, mean_episode_reward:-0.6050001382827759, mean_queue:10.68055534362793
intersection:12, mean_episode_reward:-0.8283335566520691, mean_queue:10.73611068725586
intersection:13, mean_episode_reward:-0.9438892006874084, mean_queue:10.838889122009277
intersection:14, mean_episode_reward:-0.13944441080093384, mean_queue:10.583333015441895
intersection:15, mean_episode_reward:-1.4413881301879883, mean_queue:10.797222137451172
intersection:16, mean_episode_reward:0.03805556148290634, mean_queue:0.7749999761581421
intersection:17, mean_episode_reward:0.07277779281139374, mean_queue:0.7777777910232544
intersection:18, mean_episode_reward:0.09805556386709213, mean_queue:0.7888888716697693
intersection:19, mean_episode_reward:0.1511111706495285, mean_queue:0.8166666626930237
intersection:20, mean_episode_reward:0.13388881087303162, mean_queue:0.7527777552604675
intersection:21, mean_episode_reward:0.18527783453464508, mean_queue:0.8138889074325562
intersection:22, mean_episode_reward:0.05638888105750084, mean_queue:0.7888888716697693
intersection:23, mean_episode_reward:0.04472222179174423, mean_queue:0.7805555462837219
intersection:24, mean_episode_reward:0.21861103177070618, mean_queue:0.7749999761581421
intersection:25, mean_episode_reward:0.09388888627290726, mean_queue:0.7749999761581421
intersection:26, mean_episode_reward:0.13166667520999908, mean_queue:0.75
intersection:27, mean_episode_reward:0.10666666179895401, mean_queue:0.769444465637207
intersection:28, mean_episode_reward:0.16944439709186554, mean_queue:0.7833333611488342
intersection:29, mean_episode_reward:0.1619444638490677, mean_queue:0.8333333134651184
intersection:30, mean_episode_reward:0.1524999588727951, mean_queue:0.8722222447395325
intersection:31, mean_episode_reward:0.0694444477558136, mean_queue:0.8083333373069763
Test step:131/200, travel time :253.77282229965158, rewards:-6.039999728732639, queue:5.767013888888889, delay:0.055246734619140626, throughput:1435
[CrossingProxy] total ped calls this episode: 240
step:3600/3600, q_loss:0.8701210618019104, rewards:-6.225556098090278, queue:5.74375, delay:0.055246628655327694, throughput:1433
episode:132/200, real avg travel time:250.83461270062804
intersection:0, mean_episode_reward:-0.7022221684455872, mean_queue:10.477777481079102
intersection:1, mean_episode_reward:-0.24666661024093628, mean_queue:10.44444465637207
intersection:2, mean_episode_reward:-0.5175002813339233, mean_queue:10.827777862548828
intersection:3, mean_episode_reward:-1.2308332920074463, mean_queue:10.341666221618652
intersection:4, mean_episode_reward:-0.863332986831665, mean_queue:11.26388931274414
intersection:5, mean_episode_reward:0.19999997317790985, mean_queue:10.655555725097656
intersection:6, mean_episode_reward:0.19249996542930603, mean_queue:10.758333206176758
intersection:7, mean_episode_reward:-0.8866667151451111, mean_queue:10.688888549804688
intersection:8, mean_episode_reward:-0.6538895964622498, mean_queue:10.73611068725586
intersection:9, mean_episode_reward:0.4308333992958069, mean_queue:10.566666603088379
intersection:10, mean_episode_reward:0.20138880610466003, mean_queue:10.925000190734863
intersection:11, mean_episode_reward:-0.59333336353302, mean_queue:10.658333778381348
intersection:12, mean_episode_reward:-1.1366666555404663, mean_queue:10.905555725097656
intersection:13, mean_episode_reward:-0.5769442915916443, mean_queue:10.741666793823242
intersection:14, mean_episode_reward:-0.3127778470516205, mean_queue:10.51111125946045
intersection:15, mean_episode_reward:-1.255555272102356, mean_queue:10.63611125946045
intersection:16, mean_episode_reward:0.057777758687734604, mean_queue:0.7749999761581421
intersection:17, mean_episode_reward:0.07277779281139374, mean_queue:0.7777777910232544
intersection:18, mean_episode_reward:0.07749998569488525, mean_queue:0.7888888716697693
intersection:19, mean_episode_reward:0.20611116290092468, mean_queue:0.8166666626930237
intersection:20, mean_episode_reward:0.1263888031244278, mean_queue:0.7527777552604675
intersection:21, mean_episode_reward:0.12166668474674225, mean_queue:0.8138889074325562
intersection:22, mean_episode_reward:0.04611111804842949, mean_queue:0.7888888716697693
intersection:23, mean_episode_reward:0.014444427564740181, mean_queue:0.7805555462837219
intersection:24, mean_episode_reward:0.16777779161930084, mean_queue:0.7749999761581421
intersection:25, mean_episode_reward:0.10222219675779343, mean_queue:0.7749999761581421
intersection:26, mean_episode_reward:0.12305555492639542, mean_queue:0.75
intersection:27, mean_episode_reward:0.11638889461755753, mean_queue:0.769444465637207
intersection:28, mean_episode_reward:0.16722215712070465, mean_queue:0.7833333611488342
intersection:29, mean_episode_reward:0.12611114978790283, mean_queue:0.8333333134651184
intersection:30, mean_episode_reward:0.13333334028720856, mean_queue:0.8722222447395325
intersection:31, mean_episode_reward:0.0672222226858139, mean_queue:0.8083333373069763
Test step:132/200, travel time :247.78142458100558, rewards:-6.113888888888889, queue:5.711371527777778, delay:0.053929244147406685, throughput:1432
[CrossingProxy] total ped calls this episode: 209
step:3600/3600, q_loss:0.8626148700714111, rewards:-6.086111789279514, queue:5.759722222222222, delay:0.05447527037726508, throughput:1435
episode:133/200, real avg travel time:254.69547038327525
intersection:0, mean_episode_reward:-0.6911112666130066, mean_queue:10.566666603088379
intersection:1, mean_episode_reward:-0.48583322763442993, mean_queue:10.516666412353516
intersection:2, mean_episode_reward:-1.1419453620910645, mean_queue:11.472222328186035
intersection:3, mean_episode_reward:-0.7291666865348816, mean_queue:10.341666221618652
intersection:4, mean_episode_reward:-0.7638888955116272, mean_queue:10.991666793823242
intersection:5, mean_episode_reward:0.30916672945022583, mean_queue:10.391666412353516
intersection:6, mean_episode_reward:0.3863888680934906, mean_queue:10.647222518920898
intersection:7, mean_episode_reward:-0.791667103767395, mean_queue:10.597222328186035
intersection:8, mean_episode_reward:-0.006944520398974419, mean_queue:10.466666221618652
intersection:9, mean_episode_reward:0.026666657999157906, mean_queue:10.786110877990723
intersection:10, mean_episode_reward:0.21111111342906952, mean_queue:10.916666984558105
intersection:11, mean_episode_reward:-0.5027777552604675, mean_queue:10.602777481079102
intersection:12, mean_episode_reward:-1.440555453300476, mean_queue:11.147222518920898
intersection:13, mean_episode_reward:-0.6794446706771851, mean_queue:10.75
intersection:14, mean_episode_reward:-0.27222225069999695, mean_queue:10.652777671813965
intersection:15, mean_episode_reward:-1.369721531867981, mean_queue:10.802778244018555
intersection:16, mean_episode_reward:0.02666666731238365, mean_queue:0.7749999761581421
intersection:17, mean_episode_reward:0.08222223073244095, mean_queue:0.7777777910232544
intersection:18, mean_episode_reward:0.10138886421918869, mean_queue:0.7888888716697693
intersection:19, mean_episode_reward:0.17833338677883148, mean_queue:0.8166666626930237
intersection:20, mean_episode_reward:0.12361104786396027, mean_queue:0.7527777552604675
intersection:21, mean_episode_reward:0.15861113369464874, mean_queue:0.8138889074325562
intersection:22, mean_episode_reward:0.0599999837577343, mean_queue:0.7888888716697693
intersection:23, mean_episode_reward:0.04055555909872055, mean_queue:0.7805555462837219
intersection:24, mean_episode_reward:0.18000005185604095, mean_queue:0.7749999761581421
intersection:25, mean_episode_reward:0.08694442361593246, mean_queue:0.7749999761581421
intersection:26, mean_episode_reward:0.11861111223697662, mean_queue:0.75
intersection:27, mean_episode_reward:0.10527778416872025, mean_queue:0.769444465637207
intersection:28, mean_episode_reward:0.25777769088745117, mean_queue:0.7833333611488342
intersection:29, mean_episode_reward:0.14027780294418335, mean_queue:0.8333333134651184
intersection:30, mean_episode_reward:0.12416664510965347, mean_queue:0.8722222447395325
intersection:31, mean_episode_reward:0.07138889282941818, mean_queue:0.8083333373069763
Test step:133/200, travel time :251.99090272918124, rewards:-6.428055826822916, queue:5.746527777777778, delay:0.05467847188313802, throughput:1429
[CrossingProxy] total ped calls this episode: 267
step:3600/3600, q_loss:0.8643672466278076, rewards:-6.320278591579861, queue:5.752430555555556, delay:0.054135704040527345, throughput:1437
episode:134/200, real avg travel time:253.10229645093946
intersection:0, mean_episode_reward:-0.914722204208374, mean_queue:10.719444274902344
intersection:1, mean_episode_reward:-0.3477779030799866, mean_queue:10.572221755981445
intersection:2, mean_episode_reward:-0.541944682598114, mean_queue:10.983333587646484
intersection:3, mean_episode_reward:-1.2277780771255493, mean_queue:10.29444408416748
intersection:4, mean_episode_reward:-0.5247220396995544, mean_queue:11.063888549804688
intersection:5, mean_episode_reward:-0.12527786195278168, mean_queue:10.719444274902344
intersection:6, mean_episode_reward:0.7205559015274048, mean_queue:10.61111068725586
intersection:7, mean_episode_reward:-0.7838887572288513, mean_queue:10.672222137451172
intersection:8, mean_episode_reward:-0.5741665959358215, mean_queue:10.836111068725586
intersection:9, mean_episode_reward:-0.002222143579274416, mean_queue:10.73888874053955
intersection:10, mean_episode_reward:0.15944445133209229, mean_queue:10.852777481079102
intersection:11, mean_episode_reward:-0.5558333992958069, mean_queue:10.502778053283691
intersection:12, mean_episode_reward:-1.2108334302902222, mean_queue:10.880555152893066
intersection:13, mean_episode_reward:-0.6122222542762756, mean_queue:10.505555152893066
intersection:14, mean_episode_reward:-0.10027779638767242, mean_queue:10.566666603088379
intersection:15, mean_episode_reward:-1.570000171661377, mean_queue:10.897222518920898
intersection:16, mean_episode_reward:0.02638889104127884, mean_queue:0.7749999761581421
intersection:17, mean_episode_reward:0.07694445550441742, mean_queue:0.7777777910232544
intersection:18, mean_episode_reward:0.2608332931995392, mean_queue:0.7888888716697693
intersection:19, mean_episode_reward:0.17083337903022766, mean_queue:0.8166666626930237
intersection:20, mean_episode_reward:0.18861104547977448, mean_queue:0.7527777552604675
intersection:21, mean_episode_reward:0.13861115276813507, mean_queue:0.8138889074325562
intersection:22, mean_episode_reward:0.048333339393138885, mean_queue:0.7888888716697693
intersection:23, mean_episode_reward:0.016666648909449577, mean_queue:0.7805555462837219
intersection:24, mean_episode_reward:0.16750001907348633, mean_queue:0.7749999761581421
intersection:25, mean_episode_reward:0.07138888537883759, mean_queue:0.7749999761581421
intersection:26, mean_episode_reward:0.12472222745418549, mean_queue:0.75
intersection:27, mean_episode_reward:0.12444441765546799, mean_queue:0.769444465637207
intersection:28, mean_episode_reward:0.1363888680934906, mean_queue:0.7833333611488342
intersection:29, mean_episode_reward:0.15000002086162567, mean_queue:0.8333333134651184
intersection:30, mean_episode_reward:0.11805553734302521, mean_queue:0.8722222447395325
intersection:31, mean_episode_reward:0.0716666728258133, mean_queue:0.8083333373069763
Test step:134/200, travel time :254.12622036262204, rewards:-6.183610026041666, queue:5.758072916666666, delay:0.05532314512464735, throughput:1434
[CrossingProxy] total ped calls this episode: 232
step:3600/3600, q_loss:0.875794529914856, rewards:-6.42888929578993, queue:5.759114583333333, delay:0.05533349778917101, throughput:1434
episode:135/200, real avg travel time:253.8800557880056
intersection:0, mean_episode_reward:-0.9344443678855896, mean_queue:10.70555591583252
intersection:1, mean_episode_reward:-0.47361114621162415, mean_queue:10.702777862548828
intersection:2, mean_episode_reward:-1.0483334064483643, mean_queue:11.436111450195312
intersection:3, mean_episode_reward:-0.8599997758865356, mean_queue:10.411110877990723
intersection:4, mean_episode_reward:-0.7469444274902344, mean_queue:10.95555591583252
intersection:5, mean_episode_reward:0.21194447576999664, mean_queue:10.54444408416748
intersection:6, mean_episode_reward:0.453888863325119, mean_queue:10.588889122009277
intersection:7, mean_episode_reward:-0.5352780222892761, mean_queue:10.516666412353516
intersection:8, mean_episode_reward:-0.5205557346343994, mean_queue:10.56944465637207
intersection:9, mean_episode_reward:0.31083351373672485, mean_queue:10.600000381469727
intersection:10, mean_episode_reward:-0.012499997392296791, mean_queue:11.030555725097656
intersection:11, mean_episode_reward:-0.5850003361701965, mean_queue:10.663888931274414
intersection:12, mean_episode_reward:-0.8963889479637146, mean_queue:10.663888931274414
intersection:13, mean_episode_reward:-0.9677784442901611, mean_queue:10.75
intersection:14, mean_episode_reward:-0.5844445824623108, mean_queue:10.733333587646484
intersection:15, mean_episode_reward:-1.2486109733581543, mean_queue:10.758333206176758
intersection:16, mean_episode_reward:0.033888887614011765, mean_queue:0.7749999761581421
intersection:17, mean_episode_reward:0.07222224026918411, mean_queue:0.7777777910232544
intersection:18, mean_episode_reward:0.1086111068725586, mean_queue:0.7888888716697693
intersection:19, mean_episode_reward:0.1463889479637146, mean_queue:0.8166666626930237
intersection:20, mean_episode_reward:0.20111115276813507, mean_queue:0.7527777552604675
intersection:21, mean_episode_reward:0.18750005960464478, mean_queue:0.8138889074325562
intersection:22, mean_episode_reward:0.07805551588535309, mean_queue:0.7888888716697693
intersection:23, mean_episode_reward:0.014166641049087048, mean_queue:0.7805555462837219
intersection:24, mean_episode_reward:0.21138893067836761, mean_queue:0.7749999761581421
intersection:25, mean_episode_reward:0.08611111342906952, mean_queue:0.7749999761581421
intersection:26, mean_episode_reward:0.1250000149011612, mean_queue:0.75
intersection:27, mean_episode_reward:0.18805550038814545, mean_queue:0.769444465637207
intersection:28, mean_episode_reward:0.15138889849185944, mean_queue:0.7833333611488342
intersection:29, mean_episode_reward:0.19361113011837006, mean_queue:0.8333333134651184
intersection:30, mean_episode_reward:0.13999998569488525, mean_queue:0.8722222447395325
intersection:31, mean_episode_reward:0.07083334773778915, mean_queue:0.8083333373069763
Test step:135/200, travel time :251.06778476589798, rewards:-6.231388346354167, queue:5.740972222222222, delay:0.054560412300957574, throughput:1431
[CrossingProxy] total ped calls this episode: 237
step:3600/3600, q_loss:0.8787098526954651, rewards:-6.150557454427084, queue:5.765451388888889, delay:0.05465344852871365, throughput:1436
episode:136/200, real avg travel time:254.8600278551532
intersection:0, mean_episode_reward:-0.49305564165115356, mean_queue:10.452777862548828
intersection:1, mean_episode_reward:-0.7108332514762878, mean_queue:10.675000190734863
intersection:2, mean_episode_reward:-0.9850000143051147, mean_queue:11.274999618530273
intersection:3, mean_episode_reward:-0.9600000977516174, mean_queue:10.241666793823242
intersection:4, mean_episode_reward:-0.4486112892627716, mean_queue:10.877778053283691
intersection:5, mean_episode_reward:0.1205555722117424, mean_queue:10.48888874053955
intersection:6, mean_episode_reward:0.4905553460121155, mean_queue:10.655555725097656
intersection:7, mean_episode_reward:-0.8469448685646057, mean_queue:10.655555725097656
intersection:8, mean_episode_reward:-0.9613887071609497, mean_queue:11.063888549804688
intersection:9, mean_episode_reward:0.3047223389148712, mean_queue:10.625
intersection:10, mean_episode_reward:0.5638889074325562, mean_queue:10.76388931274414
intersection:11, mean_episode_reward:-0.5552778244018555, mean_queue:10.76111125946045
intersection:12, mean_episode_reward:-1.3055555820465088, mean_queue:11.019444465637207
intersection:13, mean_episode_reward:-0.7777777910232544, mean_queue:10.716666221618652
intersection:14, mean_episode_reward:-0.33972224593162537, mean_queue:10.66944408416748
intersection:15, mean_episode_reward:-1.5491670370101929, mean_queue:10.891666412353516
intersection:16, mean_episode_reward:0.0438888855278492, mean_queue:0.7749999761581421
intersection:17, mean_episode_reward:0.07277780026197433, mean_queue:0.7777777910232544
intersection:18, mean_episode_reward:0.328888863325119, mean_queue:0.7888888716697693
intersection:19, mean_episode_reward:0.14111113548278809, mean_queue:0.8166666626930237
intersection:20, mean_episode_reward:0.1702776551246643, mean_queue:0.7527777552604675
intersection:21, mean_episode_reward:0.15833336114883423, mean_queue:0.8138889074325562
intersection:22, mean_episode_reward:0.05472221225500107, mean_queue:0.7888888716697693
intersection:23, mean_episode_reward:0.044166672974824905, mean_queue:0.7805555462837219
intersection:24, mean_episode_reward:0.3669443726539612, mean_queue:0.7749999761581421
intersection:25, mean_episode_reward:0.10666666179895401, mean_queue:0.7749999761581421
intersection:26, mean_episode_reward:0.13777779042720795, mean_queue:0.75
intersection:27, mean_episode_reward:0.10888887941837311, mean_queue:0.769444465637207
intersection:28, mean_episode_reward:0.14666666090488434, mean_queue:0.7833333611488342
intersection:29, mean_episode_reward:0.2238890528678894, mean_queue:0.8333333134651184
intersection:30, mean_episode_reward:0.1297222077846527, mean_queue:0.8722222447395325
intersection:31, mean_episode_reward:0.06833334267139435, mean_queue:0.8083333373069763
Test step:136/200, travel time :252.9630662020906, rewards:-6.170000542534722, queue:5.7464409722222225, delay:0.05428191820780436, throughput:1435
[CrossingProxy] total ped calls this episode: 236
step:3600/3600, q_loss:0.8852946162223816, rewards:-6.372500271267361, queue:5.746614583333334, delay:0.05544134775797526, throughput:1436
episode:137/200, real avg travel time:253.91852367688023
intersection:0, mean_episode_reward:-0.7200002074241638, mean_queue:10.497221946716309
intersection:1, mean_episode_reward:-0.4722224473953247, mean_queue:10.697221755981445
intersection:2, mean_episode_reward:-0.9930558204650879, mean_queue:11.266666412353516
intersection:3, mean_episode_reward:-1.1366668939590454, mean_queue:10.26111125946045
intersection:4, mean_episode_reward:-0.583055853843689, mean_queue:10.836111068725586
intersection:5, mean_episode_reward:0.25444456934928894, mean_queue:10.316666603088379
intersection:6, mean_episode_reward:0.42083337903022766, mean_queue:10.655555725097656
intersection:7, mean_episode_reward:-0.5797222256660461, mean_queue:10.5
intersection:8, mean_episode_reward:-0.4319441616535187, mean_queue:10.54444408416748
intersection:9, mean_episode_reward:-0.0994444340467453, mean_queue:10.869444847106934
intersection:10, mean_episode_reward:0.2816665470600128, mean_queue:10.91944408416748
intersection:11, mean_episode_reward:-0.3413889408111572, mean_queue:10.663888931274414
intersection:12, mean_episode_reward:-1.1905556917190552, mean_queue:10.894444465637207
intersection:13, mean_episode_reward:-1.0447216033935547, mean_queue:10.80555534362793
intersection:14, mean_episode_reward:-0.31083348393440247, mean_queue:10.625
intersection:15, mean_episode_reward:-1.3622220754623413, mean_queue:10.877778053283691
intersection:16, mean_episode_reward:0.06055554747581482, mean_queue:0.7749999761581421
intersection:17, mean_episode_reward:0.07277780026197433, mean_queue:0.7777777910232544
intersection:18, mean_episode_reward:0.10111112892627716, mean_queue:0.7888888716697693
intersection:19, mean_episode_reward:0.19583335518836975, mean_queue:0.8166666626930237
intersection:20, mean_episode_reward:0.1588888317346573, mean_queue:0.7527777552604675
intersection:21, mean_episode_reward:0.19166673719882965, mean_queue:0.8138889074325562
intersection:22, mean_episode_reward:0.05916665494441986, mean_queue:0.7888888716697693
intersection:23, mean_episode_reward:0.044999998062849045, mean_queue:0.7805555462837219
intersection:24, mean_episode_reward:0.3033334016799927, mean_queue:0.7749999761581421
intersection:25, mean_episode_reward:0.06388889253139496, mean_queue:0.7749999761581421
intersection:26, mean_episode_reward:0.11861112713813782, mean_queue:0.75
intersection:27, mean_episode_reward:0.10249999165534973, mean_queue:0.769444465637207
intersection:28, mean_episode_reward:0.1361110955476761, mean_queue:0.7833333611488342
intersection:29, mean_episode_reward:0.13416670262813568, mean_queue:0.8333333134651184
intersection:30, mean_episode_reward:0.12388887256383896, mean_queue:0.8722222447395325
intersection:31, mean_episode_reward:0.06888889521360397, mean_queue:0.8083333373069763
Test step:137/200, travel time :252.65618448637318, rewards:-6.265834554036458, queue:5.751822916666667, delay:0.054581737518310545, throughput:1431
[CrossingProxy] total ped calls this episode: 247
step:3600/3600, q_loss:0.8901521563529968, rewards:-6.4294447157118055, queue:5.731163194444444, delay:0.054074573516845706, throughput:1434
episode:138/200, real avg travel time:249.70083682008368
intersection:0, mean_episode_reward:-0.7086110711097717, mean_queue:10.533333778381348
intersection:1, mean_episode_reward:-0.42722228169441223, mean_queue:10.641666412353516
intersection:2, mean_episode_reward:-1.0852774381637573, mean_queue:11.280555725097656
intersection:3, mean_episode_reward:-1.1308332681655884, mean_queue:10.191666603088379
intersection:4, mean_episode_reward:-0.7969444394111633, mean_queue:10.958333015441895
intersection:5, mean_episode_reward:0.025277771055698395, mean_queue:10.391666412353516
intersection:6, mean_episode_reward:0.7288890480995178, mean_queue:10.533333778381348
intersection:7, mean_episode_reward:-0.5255554914474487, mean_queue:10.472222328186035
intersection:8, mean_episode_reward:-0.7088886499404907, mean_queue:10.86388874053955
intersection:9, mean_episode_reward:0.45249998569488525, mean_queue:10.55555534362793
intersection:10, mean_episode_reward:0.0713888630270958, mean_queue:10.88611125946045
intersection:11, mean_episode_reward:-0.673888623714447, mean_queue:10.619444847106934
intersection:12, mean_episode_reward:-1.2213892936706543, mean_queue:10.93055534362793
intersection:13, mean_episode_reward:-0.7513891458511353, mean_queue:10.619444847106934
intersection:14, mean_episode_reward:-0.4394446909427643, mean_queue:10.63611125946045
intersection:15, mean_episode_reward:-1.3041666746139526, mean_queue:10.622221946716309
intersection:16, mean_episode_reward:0.03000001050531864, mean_queue:0.7749999761581421
intersection:17, mean_episode_reward:0.11361113935709, mean_queue:0.7777777910232544
intersection:18, mean_episode_reward:0.09166667610406876, mean_queue:0.7888888716697693
intersection:19, mean_episode_reward:0.19305559992790222, mean_queue:0.8166666626930237
intersection:20, mean_episode_reward:0.17166656255722046, mean_queue:0.7527777552604675
intersection:21, mean_episode_reward:0.19194450974464417, mean_queue:0.8138889074325562
intersection:22, mean_episode_reward:0.05249999463558197, mean_queue:0.7888888716697693
intersection:23, mean_episode_reward:0.04694444313645363, mean_queue:0.7805555462837219
intersection:24, mean_episode_reward:0.26694455742836, mean_queue:0.7749999761581421
intersection:25, mean_episode_reward:0.08527778834104538, mean_queue:0.7749999761581421
intersection:26, mean_episode_reward:0.1227777898311615, mean_queue:0.75
intersection:27, mean_episode_reward:0.16027775406837463, mean_queue:0.769444465637207
intersection:28, mean_episode_reward:0.19277773797512054, mean_queue:0.7833333611488342
intersection:29, mean_episode_reward:0.1391666978597641, mean_queue:0.8333333134651184
intersection:30, mean_episode_reward:0.13222220540046692, mean_queue:0.8722222447395325
intersection:31, mean_episode_reward:0.07527778297662735, mean_queue:0.8083333373069763
Test step:138/200, travel time :249.4205020920502, rewards:-6.013055419921875, queue:5.739496527777778, delay:0.05410634676615397, throughput:1434
[CrossingProxy] total ped calls this episode: 225
step:3600/3600, q_loss:0.8983916640281677, rewards:-6.355832926432291, queue:5.74375, delay:0.05456440183851454, throughput:1435
episode:139/200, real avg travel time:252.86062717770034
intersection:0, mean_episode_reward:-0.8797225952148438, mean_queue:10.61111068725586
intersection:1, mean_episode_reward:-0.31027770042419434, mean_queue:10.44444465637207
intersection:2, mean_episode_reward:-0.9766668677330017, mean_queue:11.23611068725586
intersection:3, mean_episode_reward:-1.1661107540130615, mean_queue:10.211111068725586
intersection:4, mean_episode_reward:-0.3963890075683594, mean_queue:10.800000190734863
intersection:5, mean_episode_reward:-0.016111109405755997, mean_queue:10.649999618530273
intersection:6, mean_episode_reward:0.5975000262260437, mean_queue:10.758333206176758
intersection:7, mean_episode_reward:-0.7152777910232544, mean_queue:10.45555591583252
intersection:8, mean_episode_reward:-0.8805558681488037, mean_queue:10.88611125946045
intersection:9, mean_episode_reward:0.37944433093070984, mean_queue:10.63888931274414
intersection:10, mean_episode_reward:0.10138893127441406, mean_queue:10.866666793823242
intersection:11, mean_episode_reward:-0.2547222077846527, mean_queue:10.43055534362793
intersection:12, mean_episode_reward:-1.155555248260498, mean_queue:10.925000190734863
intersection:13, mean_episode_reward:-1.145555019378662, mean_queue:11.024999618530273
intersection:14, mean_episode_reward:-0.5127776861190796, mean_queue:10.686111450195312
intersection:15, mean_episode_reward:-1.1391665935516357, mean_queue:10.51388931274414
intersection:16, mean_episode_reward:0.027777785435318947, mean_queue:0.7749999761581421
intersection:17, mean_episode_reward:0.07277780026197433, mean_queue:0.7777777910232544
intersection:18, mean_episode_reward:0.09361112117767334, mean_queue:0.7888888716697693
intersection:19, mean_episode_reward:0.14361116290092468, mean_queue:0.8166666626930237
intersection:20, mean_episode_reward:0.217222198843956, mean_queue:0.7527777552604675
intersection:21, mean_episode_reward:0.16111114621162415, mean_queue:0.8138889074325562
intersection:22, mean_episode_reward:0.07638885080814362, mean_queue:0.7888888716697693
intersection:23, mean_episode_reward:0.02999999187886715, mean_queue:0.7805555462837219
intersection:24, mean_episode_reward:0.39194437861442566, mean_queue:0.7749999761581421
intersection:25, mean_episode_reward:0.092777781188488, mean_queue:0.7749999761581421
intersection:26, mean_episode_reward:0.12222224473953247, mean_queue:0.75
intersection:27, mean_episode_reward:0.13583329319953918, mean_queue:0.769444465637207
intersection:28, mean_episode_reward:0.17416661977767944, mean_queue:0.7833333611488342
intersection:29, mean_episode_reward:0.14583337306976318, mean_queue:0.8333333134651184
intersection:30, mean_episode_reward:0.16138887405395508, mean_queue:0.8722222447395325
intersection:31, mean_episode_reward:0.06805555522441864, mean_queue:0.8083333373069763
Test step:139/200, travel time :255.12019566736546, rewards:-6.5216661241319445, queue:5.779166666666667, delay:0.056026993857489694, throughput:1431
[CrossingProxy] total ped calls this episode: 267
step:3600/3600, q_loss:0.8930515050888062, rewards:-6.264166937934028, queue:5.772743055555556, delay:0.05422886742485894, throughput:1434
episode:140/200, real avg travel time:252.94002789400278
intersection:0, mean_episode_reward:-0.9188889265060425, mean_queue:10.73888874053955
intersection:1, mean_episode_reward:-0.5961112976074219, mean_queue:10.61388874053955
intersection:2, mean_episode_reward:-1.1441664695739746, mean_queue:11.461111068725586
intersection:3, mean_episode_reward:-1.1672217845916748, mean_queue:10.199999809265137
intersection:4, mean_episode_reward:-0.7141665816307068, mean_queue:11.0
intersection:5, mean_episode_reward:0.4055556356906891, mean_queue:10.302778244018555
intersection:6, mean_episode_reward:0.6519442796707153, mean_queue:10.802778244018555
intersection:7, mean_episode_reward:-0.3711109459400177, mean_queue:10.350000381469727
intersection:8, mean_episode_reward:-0.5802778601646423, mean_queue:10.947221755981445
intersection:9, mean_episode_reward:0.027777697890996933, mean_queue:10.791666984558105
intersection:10, mean_episode_reward:0.39277762174606323, mean_queue:10.963889122009277
intersection:11, mean_episode_reward:-0.7291663885116577, mean_queue:10.922222137451172
intersection:12, mean_episode_reward:-1.1069445610046387, mean_queue:10.98611068725586
intersection:13, mean_episode_reward:-0.6441665887832642, mean_queue:10.561111450195312
intersection:14, mean_episode_reward:-0.4466665983200073, mean_queue:10.66944408416748
intersection:15, mean_episode_reward:-1.2222226858139038, mean_queue:10.755555152893066
intersection:16, mean_episode_reward:0.050833310931921005, mean_queue:0.7749999761581421
intersection:17, mean_episode_reward:0.10333334654569626, mean_queue:0.7777777910232544
intersection:18, mean_episode_reward:0.08388891071081161, mean_queue:0.7888888716697693
intersection:19, mean_episode_reward:0.17138896882534027, mean_queue:0.8166666626930237
intersection:20, mean_episode_reward:0.15833328664302826, mean_queue:0.7527777552604675
intersection:21, mean_episode_reward:0.16750001907348633, mean_queue:0.8138889074325562
intersection:22, mean_episode_reward:0.05388888716697693, mean_queue:0.7888888716697693
intersection:23, mean_episode_reward:0.05444444715976715, mean_queue:0.7805555462837219
intersection:24, mean_episode_reward:0.24277786910533905, mean_queue:0.7749999761581421
intersection:25, mean_episode_reward:0.08444444090127945, mean_queue:0.7749999761581421
intersection:26, mean_episode_reward:0.09805557131767273, mean_queue:0.75
intersection:27, mean_episode_reward:0.13055552542209625, mean_queue:0.769444465637207
intersection:28, mean_episode_reward:0.14888887107372284, mean_queue:0.7833333611488342
intersection:29, mean_episode_reward:0.11916670203208923, mean_queue:0.8333333134651184
intersection:30, mean_episode_reward:0.15055552124977112, mean_queue:0.8722222447395325
intersection:31, mean_episode_reward:0.08083334565162659, mean_queue:0.8083333373069763
Test step:140/200, travel time :251.7156794425087, rewards:-6.282222493489583, queue:5.748177083333333, delay:0.05367978943718804, throughput:1435
[CrossingProxy] total ped calls this episode: 225
step:3600/3600, q_loss:0.894527018070221, rewards:-6.052501085069444, queue:5.748958333333333, delay:0.05364977518717448, throughput:1430
episode:141/200, real avg travel time:250.7111888111888
intersection:0, mean_episode_reward:-0.867777943611145, mean_queue:10.633333206176758
intersection:1, mean_episode_reward:-0.38916659355163574, mean_queue:10.566666603088379
intersection:2, mean_episode_reward:-1.1413887739181519, mean_queue:11.44444465637207
intersection:3, mean_episode_reward:-1.1550002098083496, mean_queue:10.19444465637207
intersection:4, mean_episode_reward:-0.7019443511962891, mean_queue:10.93055534362793
intersection:5, mean_episode_reward:0.16944442689418793, mean_queue:10.383333206176758
intersection:6, mean_episode_reward:0.7411112189292908, mean_queue:10.797222137451172
intersection:7, mean_episode_reward:-0.7005557417869568, mean_queue:10.472222328186035
intersection:8, mean_episode_reward:-0.17166681587696075, mean_queue:10.533333778381348
intersection:9, mean_episode_reward:-0.03694445267319679, mean_queue:10.744444847106934
intersection:10, mean_episode_reward:0.08944451063871384, mean_queue:10.891666412353516
intersection:11, mean_episode_reward:-0.153333380818367, mean_queue:10.591666221618652
intersection:12, mean_episode_reward:-1.0922220945358276, mean_queue:10.936111450195312
intersection:13, mean_episode_reward:-0.8083332777023315, mean_queue:10.658333778381348
intersection:14, mean_episode_reward:-0.34555572271347046, mean_queue:10.466666221618652
intersection:15, mean_episode_reward:-1.5341671705245972, mean_queue:11.061111450195312
intersection:16, mean_episode_reward:0.027777785435318947, mean_queue:0.7749999761581421
intersection:17, mean_episode_reward:0.11944446712732315, mean_queue:0.7777777910232544
intersection:18, mean_episode_reward:0.05194444581866264, mean_queue:0.7888888716697693
intersection:19, mean_episode_reward:0.13722224533557892, mean_queue:0.8166666626930237
intersection:20, mean_episode_reward:0.1847221553325653, mean_queue:0.7527777552604675
intersection:21, mean_episode_reward:0.14722225069999695, mean_queue:0.8138889074325562
intersection:22, mean_episode_reward:0.04611111804842949, mean_queue:0.7888888716697693
intersection:23, mean_episode_reward:0.025833312422037125, mean_queue:0.7805555462837219
intersection:24, mean_episode_reward:0.28277790546417236, mean_queue:0.7749999761581421
intersection:25, mean_episode_reward:0.08888888359069824, mean_queue:0.7749999761581421
intersection:26, mean_episode_reward:0.11166667193174362, mean_queue:0.75
intersection:27, mean_episode_reward:0.31305545568466187, mean_queue:0.769444465637207
intersection:28, mean_episode_reward:0.14166668057441711, mean_queue:0.7833333611488342
intersection:29, mean_episode_reward:0.14972226321697235, mean_queue:0.8333333134651184
intersection:30, mean_episode_reward:0.13444441556930542, mean_queue:0.8722222447395325
intersection:31, mean_episode_reward:0.0830555409193039, mean_queue:0.8083333373069763
Test step:141/200, travel time :250.82972784368457, rewards:-6.333055284288195, queue:5.736197916666667, delay:0.0545825269487169, throughput:1433
[CrossingProxy] total ped calls this episode: 230
step:3600/3600, q_loss:0.8929680585861206, rewards:-6.317500813802083, queue:5.771701388888889, delay:0.054185671276516384, throughput:1430
episode:142/200, real avg travel time:254.37762237762237
intersection:0, mean_episode_reward:-0.8713890910148621, mean_queue:10.716666221618652
intersection:1, mean_episode_reward:-0.714722216129303, mean_queue:10.661110877990723
intersection:2, mean_episode_reward:-0.7411113977432251, mean_queue:11.233333587646484
intersection:3, mean_episode_reward:-1.4194449186325073, mean_queue:10.586111068725586
intersection:4, mean_episode_reward:-0.6152778267860413, mean_queue:10.88611125946045
intersection:5, mean_episode_reward:0.004722286481410265, mean_queue:10.344444274902344
intersection:6, mean_episode_reward:0.7224998474121094, mean_queue:10.644444465637207
intersection:7, mean_episode_reward:-0.6983335614204407, mean_queue:10.463889122009277
intersection:8, mean_episode_reward:-0.36833328008651733, mean_queue:10.755555152893066
intersection:9, mean_episode_reward:0.0413888655602932, mean_queue:10.908333778381348
intersection:10, mean_episode_reward:0.32027775049209595, mean_queue:11.0
intersection:11, mean_episode_reward:-0.5147222876548767, mean_queue:10.79444408416748
intersection:12, mean_episode_reward:-1.2963887453079224, mean_queue:11.258333206176758
intersection:13, mean_episode_reward:-0.8022223711013794, mean_queue:10.697221755981445
intersection:14, mean_episode_reward:-0.2019444853067398, mean_queue:10.416666984558105
intersection:15, mean_episode_reward:-1.1405550241470337, mean_queue:10.666666984558105
intersection:16, mean_episode_reward:0.04666665568947792, mean_queue:0.7749999761581421
intersection:17, mean_episode_reward:0.10222224146127701, mean_queue:0.7777777910232544
intersection:18, mean_episode_reward:0.05027779936790466, mean_queue:0.7888888716697693
intersection:19, mean_episode_reward:0.16555561125278473, mean_queue:0.8166666626930237
intersection:20, mean_episode_reward:0.23916661739349365, mean_queue:0.7527777552604675
intersection:21, mean_episode_reward:0.21666675806045532, mean_queue:0.8138889074325562
intersection:22, mean_episode_reward:0.05805555358529091, mean_queue:0.7888888716697693
intersection:23, mean_episode_reward:0.06861112266778946, mean_queue:0.7805555462837219
intersection:24, mean_episode_reward:0.18694451451301575, mean_queue:0.7749999761581421
intersection:25, mean_episode_reward:0.08888889104127884, mean_queue:0.7749999761581421
intersection:26, mean_episode_reward:0.1361110955476761, mean_queue:0.75
intersection:27, mean_episode_reward:0.12833328545093536, mean_queue:0.769444465637207
intersection:28, mean_episode_reward:0.15638889372348785, mean_queue:0.7833333611488342
intersection:29, mean_episode_reward:0.13777782022953033, mean_queue:0.8333333134651184
intersection:30, mean_episode_reward:0.13333331048488617, mean_queue:0.8722222447395325
intersection:31, mean_episode_reward:0.06305555999279022, mean_queue:0.8083333373069763
Test step:142/200, travel time :251.89965156794426, rewards:-6.510555013020833, queue:5.7421875, delay:0.05307973755730523, throughput:1435
[CrossingProxy] total ped calls this episode: 234
step:3600/3600, q_loss:0.9003853797912598, rewards:-6.231110297309028, queue:5.748871527777778, delay:0.05329024526807997, throughput:1432
episode:143/200, real avg travel time:253.13058659217876
intersection:0, mean_episode_reward:-0.7372220158576965, mean_queue:10.51111125946045
intersection:1, mean_episode_reward:-0.43166661262512207, mean_queue:10.58055591583252
intersection:2, mean_episode_reward:-1.0583335161209106, mean_queue:11.436111450195312
intersection:3, mean_episode_reward:-1.2108328342437744, mean_queue:10.358333587646484
intersection:4, mean_episode_reward:-0.6291667222976685, mean_queue:10.91944408416748
intersection:5, mean_episode_reward:-0.15444444119930267, mean_queue:10.541666984558105
intersection:6, mean_episode_reward:0.8366666436195374, mean_queue:10.73888874053955
intersection:7, mean_episode_reward:-0.8366666436195374, mean_queue:10.583333015441895
intersection:8, mean_episode_reward:-0.45305556058883667, mean_queue:10.633333206176758
intersection:9, mean_episode_reward:0.20500001311302185, mean_queue:10.58055591583252
intersection:10, mean_episode_reward:0.0011110949562862515, mean_queue:10.922222137451172
intersection:11, mean_episode_reward:-0.1183333471417427, mean_queue:10.438888549804688
intersection:12, mean_episode_reward:-1.1147218942642212, mean_queue:11.027777671813965
intersection:13, mean_episode_reward:-0.868056058883667, mean_queue:10.75
intersection:14, mean_episode_reward:-0.35583338141441345, mean_queue:10.505555152893066
intersection:15, mean_episode_reward:-1.274999737739563, mean_queue:10.774999618530273
intersection:16, mean_episode_reward:0.03916667774319649, mean_queue:0.7749999761581421
intersection:17, mean_episode_reward:0.07277780026197433, mean_queue:0.7777777910232544
intersection:18, mean_episode_reward:0.07222223281860352, mean_queue:0.7888888716697693
intersection:19, mean_episode_reward:0.14722225069999695, mean_queue:0.8166666626930237
intersection:20, mean_episode_reward:0.24000000953674316, mean_queue:0.7527777552604675
intersection:21, mean_episode_reward:0.20722229778766632, mean_queue:0.8138889074325562
intersection:22, mean_episode_reward:0.062222205102443695, mean_queue:0.7888888716697693
intersection:23, mean_episode_reward:0.04388891160488129, mean_queue:0.7805555462837219
intersection:24, mean_episode_reward:0.2527778446674347, mean_queue:0.7749999761581421
intersection:25, mean_episode_reward:0.06999999284744263, mean_queue:0.7749999761581421
intersection:26, mean_episode_reward:0.15166670083999634, mean_queue:0.75
intersection:27, mean_episode_reward:0.1386110782623291, mean_queue:0.769444465637207
intersection:28, mean_episode_reward:0.13777779042720795, mean_queue:0.7833333611488342
intersection:29, mean_episode_reward:0.12972228229045868, mean_queue:0.8333333134651184
intersection:30, mean_episode_reward:0.13749997317790985, mean_queue:0.8722222447395325
intersection:31, mean_episode_reward:0.06666667014360428, mean_queue:0.8083333373069763
Test step:143/200, travel time :254.44622905027933, rewards:-6.389166259765625, queue:5.768663194444445, delay:0.05563145213656955, throughput:1432
[CrossingProxy] total ped calls this episode: 254
step:3600/3600, q_loss:0.9011589884757996, rewards:-6.179721408420139, queue:5.7243055555555555, delay:0.05382548438178168, throughput:1433
episode:144/200, real avg travel time:248.98115840893232
intersection:0, mean_episode_reward:-0.7711113095283508, mean_queue:10.577777862548828
intersection:1, mean_episode_reward:-0.6822220683097839, mean_queue:10.633333206176758
intersection:2, mean_episode_reward:-0.7472222447395325, mean_queue:11.108333587646484
intersection:3, mean_episode_reward:-1.233888864517212, mean_queue:10.197221755981445
intersection:4, mean_episode_reward:-0.6558332443237305, mean_queue:10.852777481079102
intersection:5, mean_episode_reward:0.024722237139940262, mean_queue:10.399999618530273
intersection:6, mean_episode_reward:0.4369446635246277, mean_queue:10.733333587646484
intersection:7, mean_episode_reward:-0.5761108994483948, mean_queue:10.38888931274414
intersection:8, mean_episode_reward:-0.5124998688697815, mean_queue:10.594444274902344
intersection:9, mean_episode_reward:0.26138898730278015, mean_queue:10.56944465637207
intersection:10, mean_episode_reward:0.2419443130493164, mean_queue:10.922222137451172
intersection:11, mean_episode_reward:-0.6058334112167358, mean_queue:10.574999809265137
intersection:12, mean_episode_reward:-0.7819440960884094, mean_queue:10.844444274902344
intersection:13, mean_episode_reward:-1.0461111068725586, mean_queue:10.800000190734863
intersection:14, mean_episode_reward:-0.22833333909511566, mean_queue:10.586111068725586
intersection:15, mean_episode_reward:-1.2558330297470093, mean_queue:10.733333587646484
intersection:16, mean_episode_reward:0.0277777798473835, mean_queue:0.7749999761581421
intersection:17, mean_episode_reward:0.071944460272789, mean_queue:0.7777777910232544
intersection:18, mean_episode_reward:0.09444443136453629, mean_queue:0.7888888716697693
intersection:19, mean_episode_reward:0.153333380818367, mean_queue:0.8166666626930237
intersection:20, mean_episode_reward:0.21638886630535126, mean_queue:0.7527777552604675
intersection:21, mean_episode_reward:0.20555557310581207, mean_queue:0.8138889074325562
intersection:22, mean_episode_reward:0.07805551588535309, mean_queue:0.7888888716697693
intersection:23, mean_episode_reward:0.05166667327284813, mean_queue:0.7805555462837219
intersection:24, mean_episode_reward:0.23583337664604187, mean_queue:0.7749999761581421
intersection:25, mean_episode_reward:0.0925000011920929, mean_queue:0.7749999761581421
intersection:26, mean_episode_reward:0.10250001400709152, mean_queue:0.75
intersection:27, mean_episode_reward:0.1130555272102356, mean_queue:0.769444465637207
intersection:28, mean_episode_reward:0.14249998331069946, mean_queue:0.7833333611488342
intersection:29, mean_episode_reward:0.12972226738929749, mean_queue:0.8333333134651184
intersection:30, mean_episode_reward:0.15194441378116608, mean_queue:0.8722222447395325
intersection:31, mean_episode_reward:0.08500001579523087, mean_queue:0.8083333373069763
Test step:144/200, travel time :252.23237962316819, rewards:-6.21861097547743, queue:5.740104166666667, delay:0.05325793690151638, throughput:1433
[CrossingProxy] total ped calls this episode: 250
step:3600/3600, q_loss:0.8982189893722534, rewards:-6.372500271267361, queue:5.750173611111111, delay:0.053307538562350806, throughput:1434
episode:145/200, real avg travel time:254.99163179916317
intersection:0, mean_episode_reward:-0.7925001382827759, mean_queue:10.602777481079102
intersection:1, mean_episode_reward:-0.33722230792045593, mean_queue:10.519444465637207
intersection:2, mean_episode_reward:-0.6361111402511597, mean_queue:11.052778244018555
intersection:3, mean_episode_reward:-1.3858330249786377, mean_queue:10.311111450195312
intersection:4, mean_episode_reward:-0.5480552911758423, mean_queue:10.86111068725586
intersection:5, mean_episode_reward:-0.09805560857057571, mean_queue:10.630555152893066
intersection:6, mean_episode_reward:0.48750004172325134, mean_queue:10.725000381469727
intersection:7, mean_episode_reward:-0.6777775883674622, mean_queue:10.413888931274414
intersection:8, mean_episode_reward:-0.5238890051841736, mean_queue:10.69444465637207
intersection:9, mean_episode_reward:0.16527771949768066, mean_queue:10.666666984558105
intersection:10, mean_episode_reward:-0.036944467574357986, mean_queue:10.949999809265137
intersection:11, mean_episode_reward:-0.2880556881427765, mean_queue:10.530555725097656
intersection:12, mean_episode_reward:-1.3925005197525024, mean_queue:11.155555725097656
intersection:13, mean_episode_reward:-0.849444568157196, mean_queue:10.841666221618652
intersection:14, mean_episode_reward:-0.4686109721660614, mean_queue:10.686111450195312
intersection:15, mean_episode_reward:-1.0422221422195435, mean_queue:10.702777862548828
intersection:16, mean_episode_reward:0.028333332389593124, mean_queue:0.7749999761581421
intersection:17, mean_episode_reward:0.07250002026557922, mean_queue:0.7777777910232544
intersection:18, mean_episode_reward:0.05055556818842888, mean_queue:0.7888888716697693
intersection:19, mean_episode_reward:0.15000003576278687, mean_queue:0.8166666626930237
intersection:20, mean_episode_reward:0.22972218692302704, mean_queue:0.7527777552604675
intersection:21, mean_episode_reward:0.1619444489479065, mean_queue:0.8138889074325562
intersection:22, mean_episode_reward:0.05249999463558197, mean_queue:0.7888888716697693
intersection:23, mean_episode_reward:0.05083334073424339, mean_queue:0.7805555462837219
intersection:24, mean_episode_reward:0.3666665852069855, mean_queue:0.7749999761581421
intersection:25, mean_episode_reward:0.104166679084301, mean_queue:0.7749999761581421
intersection:26, mean_episode_reward:0.1158333495259285, mean_queue:0.75
intersection:27, mean_episode_reward:0.1311110556125641, mean_queue:0.769444465637207
intersection:28, mean_episode_reward:0.16083328425884247, mean_queue:0.7833333611488342
intersection:29, mean_episode_reward:0.13833336532115936, mean_queue:0.8333333134651184
intersection:30, mean_episode_reward:0.1663888692855835, mean_queue:0.8722222447395325
intersection:31, mean_episode_reward:0.07222222536802292, mean_queue:0.8083333373069763
Test step:145/200, travel time :253.38111888111888, rewards:-6.38861083984375, queue:5.758854166666667, delay:0.05553186204698351, throughput:1430
[CrossingProxy] total ped calls this episode: 240
step:3600/3600, q_loss:0.9006560444831848, rewards:-6.233333333333333, queue:5.769270833333334, delay:0.055104234483506945, throughput:1437
episode:146/200, real avg travel time:254.84690327070285
intersection:0, mean_episode_reward:-0.6877779364585876, mean_queue:10.433333396911621
intersection:1, mean_episode_reward:-0.3483334183692932, mean_queue:10.508333206176758
intersection:2, mean_episode_reward:-0.7674998044967651, mean_queue:11.022222518920898
intersection:3, mean_episode_reward:-1.2366669178009033, mean_queue:10.316666603088379
intersection:4, mean_episode_reward:-0.7572219967842102, mean_queue:10.911110877990723
intersection:5, mean_episode_reward:-0.20944449305534363, mean_queue:10.577777862548828
intersection:6, mean_episode_reward:0.5577775239944458, mean_queue:10.80555534362793
intersection:7, mean_episode_reward:-0.23555555939674377, mean_queue:10.341666221618652
intersection:8, mean_episode_reward:-0.5608332753181458, mean_queue:10.811111450195312
intersection:9, mean_episode_reward:0.23861108720302582, mean_queue:10.583333015441895
intersection:10, mean_episode_reward:-0.15249989926815033, mean_queue:11.166666984558105
intersection:11, mean_episode_reward:-0.5961111187934875, mean_queue:11.05555534362793
intersection:12, mean_episode_reward:-1.3086109161376953, mean_queue:11.199999809265137
intersection:13, mean_episode_reward:-0.6877776980400085, mean_queue:10.602777481079102
intersection:14, mean_episode_reward:-0.2277778834104538, mean_queue:10.51111125946045
intersection:15, mean_episode_reward:-1.4625003337860107, mean_queue:11.108333587646484
intersection:16, mean_episode_reward:0.028055565431714058, mean_queue:0.7749999761581421
intersection:17, mean_episode_reward:0.07250002026557922, mean_queue:0.7777777910232544
intersection:18, mean_episode_reward:0.057500019669532776, mean_queue:0.7888888716697693
intersection:19, mean_episode_reward:0.1533333659172058, mean_queue:0.8166666626930237
intersection:20, mean_episode_reward:0.19305546581745148, mean_queue:0.7527777552604675
intersection:21, mean_episode_reward:0.1761111170053482, mean_queue:0.8138889074325562
intersection:22, mean_episode_reward:0.05249999463558197, mean_queue:0.7888888716697693
intersection:23, mean_episode_reward:0.09861116111278534, mean_queue:0.7805555462837219
intersection:24, mean_episode_reward:0.3902776539325714, mean_queue:0.7749999761581421
intersection:25, mean_episode_reward:0.07194444537162781, mean_queue:0.7749999761581421
intersection:26, mean_episode_reward:0.11722223460674286, mean_queue:0.75
intersection:27, mean_episode_reward:0.18416664004325867, mean_queue:0.769444465637207
intersection:28, mean_episode_reward:0.14194443821907043, mean_queue:0.7833333611488342
intersection:29, mean_episode_reward:0.12805558741092682, mean_queue:0.8333333134651184
intersection:30, mean_episode_reward:0.2511112689971924, mean_queue:0.8722222447395325
intersection:31, mean_episode_reward:0.0925000011920929, mean_queue:0.8083333373069763
Test step:146/200, travel time :258.14046121593293, rewards:-6.338888888888889, queue:5.782638888888889, delay:0.05494419733683268, throughput:1431
[CrossingProxy] total ped calls this episode: 250
step:3600/3600, q_loss:0.9055173993110657, rewards:-6.179722764756945, queue:5.721788194444445, delay:0.05333513153923882, throughput:1429
episode:147/200, real avg travel time:248.38698390482855
intersection:0, mean_episode_reward:-0.45083343982696533, mean_queue:10.358333587646484
intersection:1, mean_episode_reward:-0.5513887405395508, mean_queue:10.516666412353516
intersection:2, mean_episode_reward:-0.7611111998558044, mean_queue:11.01111125946045
intersection:3, mean_episode_reward:-1.1913889646530151, mean_queue:10.219444274902344
intersection:4, mean_episode_reward:-0.8633332848548889, mean_queue:10.883333206176758
intersection:5, mean_episode_reward:-0.03500000759959221, mean_queue:10.31944465637207
intersection:6, mean_episode_reward:0.40444445610046387, mean_queue:10.822221755981445
intersection:7, mean_episode_reward:-0.5177778601646423, mean_queue:10.38888931274414
intersection:8, mean_episode_reward:-0.5700001120567322, mean_queue:10.833333015441895
intersection:9, mean_episode_reward:0.17277781665325165, mean_queue:10.625
intersection:10, mean_episode_reward:0.22666670382022858, mean_queue:10.827777862548828
intersection:11, mean_episode_reward:-0.6330556273460388, mean_queue:10.79444408416748
intersection:12, mean_episode_reward:-1.1727778911590576, mean_queue:10.961111068725586
intersection:13, mean_episode_reward:-0.9366667866706848, mean_queue:10.652777671813965
intersection:14, mean_episode_reward:-0.34472212195396423, mean_queue:10.427778244018555
intersection:15, mean_episode_reward:-1.0905553102493286, mean_queue:10.79444408416748
intersection:16, mean_episode_reward:0.02000000886619091, mean_queue:0.7749999761581421
intersection:17, mean_episode_reward:0.07222224026918411, mean_queue:0.7777777910232544
intersection:18, mean_episode_reward:0.07361111044883728, mean_queue:0.7888888716697693
intersection:19, mean_episode_reward:0.1738889217376709, mean_queue:0.8166666626930237
intersection:20, mean_episode_reward:0.17111101746559143, mean_queue:0.7527777552604675
intersection:21, mean_episode_reward:0.1850000023841858, mean_queue:0.8138889074325562
intersection:22, mean_episode_reward:0.05416665971279144, mean_queue:0.7888888716697693
intersection:23, mean_episode_reward:0.041111115366220474, mean_queue:0.7805555462837219
intersection:24, mean_episode_reward:0.30083343386650085, mean_queue:0.7749999761581421
intersection:25, mean_episode_reward:0.09972220659255981, mean_queue:0.7749999761581421
intersection:26, mean_episode_reward:0.10749999433755875, mean_queue:0.75
intersection:27, mean_episode_reward:0.23305553197860718, mean_queue:0.769444465637207
intersection:28, mean_episode_reward:0.19666661322116852, mean_queue:0.7833333611488342
intersection:29, mean_episode_reward:0.1833333522081375, mean_queue:0.8333333134651184
intersection:30, mean_episode_reward:0.14277775585651398, mean_queue:0.8722222447395325
intersection:31, mean_episode_reward:0.08000000566244125, mean_queue:0.8083333373069763
Test step:147/200, travel time :252.22508710801392, rewards:-6.239444986979167, queue:5.736805555555556, delay:0.0543216175503201, throughput:1435
[CrossingProxy] total ped calls this episode: 226
step:3600/3600, q_loss:0.9000330567359924, rewards:-6.256667751736111, queue:5.747829861111111, delay:0.05375447273254395, throughput:1435
episode:148/200, real avg travel time:251.82229965156793
intersection:0, mean_episode_reward:-0.766389012336731, mean_queue:10.475000381469727
intersection:1, mean_episode_reward:-0.14694450795650482, mean_queue:10.536110877990723
intersection:2, mean_episode_reward:-0.7250000238418579, mean_queue:11.130555152893066
intersection:3, mean_episode_reward:-1.472777247428894, mean_queue:10.477777481079102
intersection:4, mean_episode_reward:-0.582222044467926, mean_queue:10.899999618530273
intersection:5, mean_episode_reward:-0.15722225606441498, mean_queue:10.725000381469727
intersection:6, mean_episode_reward:0.5647220611572266, mean_queue:10.633333206176758
intersection:7, mean_episode_reward:-0.4527778625488281, mean_queue:10.33055591583252
intersection:8, mean_episode_reward:-0.9386117458343506, mean_queue:11.066666603088379
intersection:9, mean_episode_reward:-0.08694450557231903, mean_queue:10.786110877990723
intersection:10, mean_episode_reward:0.10055552423000336, mean_queue:10.983333587646484
intersection:11, mean_episode_reward:-0.4811112582683563, mean_queue:10.558333396911621
intersection:12, mean_episode_reward:-1.2477774620056152, mean_queue:10.91944408416748
intersection:13, mean_episode_reward:-0.5419443845748901, mean_queue:10.538888931274414
intersection:14, mean_episode_reward:-0.6819444298744202, mean_queue:10.69444465637207
intersection:15, mean_episode_reward:-0.8105554580688477, mean_queue:10.51388931274414
intersection:16, mean_episode_reward:0.03777777776122093, mean_queue:0.7749999761581421
intersection:17, mean_episode_reward:0.09555558115243912, mean_queue:0.7777777910232544
intersection:18, mean_episode_reward:0.2958333194255829, mean_queue:0.7888888716697693
intersection:19, mean_episode_reward:0.1786111444234848, mean_queue:0.8166666626930237
intersection:20, mean_episode_reward:0.12999993562698364, mean_queue:0.7527777552604675
intersection:21, mean_episode_reward:0.18944449722766876, mean_queue:0.8138889074325562
intersection:22, mean_episode_reward:0.05249999463558197, mean_queue:0.7888888716697693
intersection:23, mean_episode_reward:0.022222205996513367, mean_queue:0.7805555462837219
intersection:24, mean_episode_reward:0.3308333158493042, mean_queue:0.7749999761581421
intersection:25, mean_episode_reward:0.09583333134651184, mean_queue:0.7749999761581421
intersection:26, mean_episode_reward:0.08888889104127884, mean_queue:0.75
intersection:27, mean_episode_reward:0.1224999725818634, mean_queue:0.769444465637207
intersection:28, mean_episode_reward:0.17638887465000153, mean_queue:0.7833333611488342
intersection:29, mean_episode_reward:0.1436111479997635, mean_queue:0.8333333134651184
intersection:30, mean_episode_reward:0.11722218990325928, mean_queue:0.8722222447395325
intersection:31, mean_episode_reward:0.09305556863546371, mean_queue:0.8083333373069763
Test step:148/200, travel time :251.01958041958042, rewards:-6.401666937934028, queue:5.7555555555555555, delay:0.05426661703321669, throughput:1430
[CrossingProxy] total ped calls this episode: 218
step:3600/3600, q_loss:0.8926195502281189, rewards:-6.396111382378472, queue:5.762760416666667, delay:0.054410235087076826, throughput:1433
episode:149/200, real avg travel time:253.09351011863225
intersection:0, mean_episode_reward:-0.6224998235702515, mean_queue:10.505555152893066
intersection:1, mean_episode_reward:-0.3747222125530243, mean_queue:10.466666221618652
intersection:2, mean_episode_reward:-0.6780552268028259, mean_queue:11.13888931274414
intersection:3, mean_episode_reward:-1.1461113691329956, mean_queue:10.230555534362793
intersection:4, mean_episode_reward:-0.998889148235321, mean_queue:11.191666603088379
intersection:5, mean_episode_reward:0.10611113160848618, mean_queue:10.300000190734863
intersection:6, mean_episode_reward:0.3247222900390625, mean_queue:10.791666984558105
intersection:7, mean_episode_reward:-0.4547220468521118, mean_queue:10.405555725097656
intersection:8, mean_episode_reward:-0.5880557298660278, mean_queue:10.777777671813965
intersection:9, mean_episode_reward:0.307778000831604, mean_queue:10.63611125946045
intersection:10, mean_episode_reward:0.08138879388570786, mean_queue:10.947221755981445
intersection:11, mean_episode_reward:-0.5386108756065369, mean_queue:10.644444465637207
intersection:12, mean_episode_reward:-0.9424996972084045, mean_queue:10.980555534362793
intersection:13, mean_episode_reward:-1.2113887071609497, mean_queue:11.027777671813965
intersection:14, mean_episode_reward:-0.26777786016464233, mean_queue:10.619444847106934
intersection:15, mean_episode_reward:-1.5286118984222412, mean_queue:11.083333015441895
intersection:16, mean_episode_reward:0.03111112117767334, mean_queue:0.7749999761581421
intersection:17, mean_episode_reward:0.15472224354743958, mean_queue:0.7777777910232544
intersection:18, mean_episode_reward:0.04583332687616348, mean_queue:0.7888888716697693
intersection:19, mean_episode_reward:0.1780555546283722, mean_queue:0.8166666626930237
intersection:20, mean_episode_reward:0.15083323419094086, mean_queue:0.7527777552604675
intersection:21, mean_episode_reward:0.17416667938232422, mean_queue:0.8138889074325562
intersection:22, mean_episode_reward:0.05694443732500076, mean_queue:0.7888888716697693
intersection:23, mean_episode_reward:0.02722220867872238, mean_queue:0.7805555462837219
intersection:24, mean_episode_reward:0.18861116468906403, mean_queue:0.7749999761581421
intersection:25, mean_episode_reward:0.12833334505558014, mean_queue:0.7749999761581421
intersection:26, mean_episode_reward:0.11472222208976746, mean_queue:0.75
intersection:27, mean_episode_reward:0.23444440960884094, mean_queue:0.769444465637207
intersection:28, mean_episode_reward:0.15138886868953705, mean_queue:0.7833333611488342
intersection:29, mean_episode_reward:0.1805555820465088, mean_queue:0.8333333134651184
intersection:30, mean_episode_reward:0.18361108005046844, mean_queue:0.8722222447395325
intersection:31, mean_episode_reward:0.13527777791023254, mean_queue:0.8083333373069763
Test step:149/200, travel time :251.03897007654837, rewards:-6.265555826822917, queue:5.755208333333333, delay:0.05318031311035156, throughput:1437
[CrossingProxy] total ped calls this episode: 234
step:3600/3600, q_loss:0.897554337978363, rewards:-6.215001763237847, queue:5.728472222222222, delay:0.05380877388848199, throughput:1433
episode:150/200, real avg travel time:247.53593859036985
intersection:0, mean_episode_reward:-0.7513889074325562, mean_queue:10.441666603088379
intersection:1, mean_episode_reward:-0.42138874530792236, mean_queue:10.577777862548828
intersection:2, mean_episode_reward:-0.7997226119041443, mean_queue:10.977777481079102
intersection:3, mean_episode_reward:-1.1547222137451172, mean_queue:10.230555534362793
intersection:4, mean_episode_reward:-0.6302778124809265, mean_queue:10.927778244018555
intersection:5, mean_episode_reward:0.11277777701616287, mean_queue:10.494444847106934
intersection:6, mean_episode_reward:0.25555551052093506, mean_queue:10.711111068725586
intersection:7, mean_episode_reward:-0.5858335494995117, mean_queue:10.29444408416748
intersection:8, mean_episode_reward:-0.7638891339302063, mean_queue:10.880555152893066
intersection:9, mean_episode_reward:0.19444435834884644, mean_queue:10.661110877990723
intersection:10, mean_episode_reward:-0.1275000274181366, mean_queue:11.030555725097656
intersection:11, mean_episode_reward:-0.3494444489479065, mean_queue:10.41944408416748
intersection:12, mean_episode_reward:-0.9169444441795349, mean_queue:10.877778053283691
intersection:13, mean_episode_reward:-0.8711113929748535, mean_queue:10.824999809265137
intersection:14, mean_episode_reward:-0.11222223937511444, mean_queue:10.519444465637207
intersection:15, mean_episode_reward:-1.2750000953674316, mean_queue:10.780555725097656
intersection:16, mean_episode_reward:0.03861111029982567, mean_queue:0.7749999761581421
intersection:17, mean_episode_reward:0.09055556356906891, mean_queue:0.7777777910232544
intersection:18, mean_episode_reward:0.051388900727033615, mean_queue:0.7888888716697693
intersection:19, mean_episode_reward:0.1694444715976715, mean_queue:0.8166666626930237
intersection:20, mean_episode_reward:0.1338888257741928, mean_queue:0.7527777552604675
intersection:21, mean_episode_reward:0.20805560052394867, mean_queue:0.8138889074325562
intersection:22, mean_episode_reward:0.05888887867331505, mean_queue:0.7888888716697693
intersection:23, mean_episode_reward:0.0669444352388382, mean_queue:0.7805555462837219
intersection:24, mean_episode_reward:0.2011110484600067, mean_queue:0.7749999761581421
intersection:25, mean_episode_reward:0.1041666641831398, mean_queue:0.7749999761581421
intersection:26, mean_episode_reward:0.14250001311302185, mean_queue:0.75
intersection:27, mean_episode_reward:0.1802777349948883, mean_queue:0.769444465637207
intersection:28, mean_episode_reward:0.1544443964958191, mean_queue:0.7833333611488342
intersection:29, mean_episode_reward:0.1483333557844162, mean_queue:0.8333333134651184
intersection:30, mean_episode_reward:0.13972221314907074, mean_queue:0.8722222447395325
intersection:31, mean_episode_reward:0.09333331882953644, mean_queue:0.8083333373069763
Test step:150/200, travel time :252.9881284916201, rewards:-6.64166734483507, queue:5.75859375, delay:0.054825782775878906, throughput:1432
[CrossingProxy] total ped calls this episode: 239
step:3600/3600, q_loss:0.8885918259620667, rewards:-6.338890245225694, queue:5.74609375, delay:0.0545904901292589, throughput:1433
episode:151/200, real avg travel time:251.5387299371947
intersection:0, mean_episode_reward:-0.715555727481842, mean_queue:10.647222518920898
intersection:1, mean_episode_reward:-0.3413890600204468, mean_queue:10.48888874053955
intersection:2, mean_episode_reward:-0.7372223138809204, mean_queue:11.047222137451172
intersection:3, mean_episode_reward:-1.170555830001831, mean_queue:10.416666984558105
intersection:4, mean_episode_reward:-0.7158334255218506, mean_queue:11.077777862548828
intersection:5, mean_episode_reward:0.19416667520999908, mean_queue:10.461111068725586
intersection:6, mean_episode_reward:0.32277777791023254, mean_queue:10.672222137451172
intersection:7, mean_episode_reward:-0.7955555319786072, mean_queue:10.572221755981445
intersection:8, mean_episode_reward:-0.7241668105125427, mean_queue:10.899999618530273
intersection:9, mean_episode_reward:0.5400000810623169, mean_queue:10.61111068725586
intersection:10, mean_episode_reward:-0.19361115992069244, mean_queue:10.850000381469727
intersection:11, mean_episode_reward:-0.7166667580604553, mean_queue:10.666666984558105
intersection:12, mean_episode_reward:-1.0386117696762085, mean_queue:10.933333396911621
intersection:13, mean_episode_reward:-1.0197219848632812, mean_queue:10.872221946716309
intersection:14, mean_episode_reward:-0.18138889968395233, mean_queue:10.449999809265137
intersection:15, mean_episode_reward:-0.9136109352111816, mean_queue:10.547222137451172
intersection:16, mean_episode_reward:0.04055556654930115, mean_queue:0.7749999761581421
intersection:17, mean_episode_reward:0.07277779281139374, mean_queue:0.7777777910232544
intersection:18, mean_episode_reward:0.07277777791023254, mean_queue:0.7888888716697693
intersection:19, mean_episode_reward:0.15861110389232635, mean_queue:0.8166666626930237
intersection:20, mean_episode_reward:0.11111108213663101, mean_queue:0.7527777552604675
intersection:21, mean_episode_reward:0.19583335518836975, mean_queue:0.8138889074325562
intersection:22, mean_episode_reward:0.06833332031965256, mean_queue:0.7888888716697693
intersection:23, mean_episode_reward:0.08305561542510986, mean_queue:0.7805555462837219
intersection:24, mean_episode_reward:0.13111114501953125, mean_queue:0.7749999761581421
intersection:25, mean_episode_reward:0.09972221404314041, mean_queue:0.7749999761581421
intersection:26, mean_episode_reward:0.09611110389232635, mean_queue:0.75
intersection:27, mean_episode_reward:0.13499997556209564, mean_queue:0.769444465637207
intersection:28, mean_episode_reward:0.13249999284744263, mean_queue:0.7833333611488342
intersection:29, mean_episode_reward:0.2419445663690567, mean_queue:0.8333333134651184
intersection:30, mean_episode_reward:0.14166666567325592, mean_queue:0.8722222447395325
intersection:31, mean_episode_reward:0.08694445341825485, mean_queue:0.8083333373069763
Test step:151/200, travel time :250.66504178272982, rewards:-6.35749986436632, queue:5.7484375, delay:0.05314557287428114, throughput:1436
[CrossingProxy] total ped calls this episode: 254
step:3600/3600, q_loss:0.8883360028266907, rewards:-6.427501085069444, queue:5.75625, delay:0.05490844514634874, throughput:1433
episode:152/200, real avg travel time:252.960223307746
intersection:0, mean_episode_reward:-0.7138892412185669, mean_queue:10.547222137451172
intersection:1, mean_episode_reward:-0.21444447338581085, mean_queue:10.538888931274414
intersection:2, mean_episode_reward:-0.790555477142334, mean_queue:11.091666221618652
intersection:3, mean_episode_reward:-1.1513890027999878, mean_queue:10.347222328186035
intersection:4, mean_episode_reward:-0.7297224998474121, mean_queue:10.98611068725586
intersection:5, mean_episode_reward:-0.06694447994232178, mean_queue:10.597222328186035
intersection:6, mean_episode_reward:0.3566666543483734, mean_queue:10.699999809265137
intersection:7, mean_episode_reward:-0.40888887643814087, mean_queue:10.36388874053955
intersection:8, mean_episode_reward:-0.5480557084083557, mean_queue:10.941666603088379
intersection:9, mean_episode_reward:0.15638893842697144, mean_queue:10.655555725097656
intersection:10, mean_episode_reward:0.07305556535720825, mean_queue:10.83055591583252
intersection:11, mean_episode_reward:-0.5669442415237427, mean_queue:10.683333396911621
intersection:12, mean_episode_reward:-0.8961111903190613, mean_queue:10.98611068725586
intersection:13, mean_episode_reward:-1.090277910232544, mean_queue:10.883333206176758
intersection:14, mean_episode_reward:-0.14083336293697357, mean_queue:10.413888931274414
intersection:15, mean_episode_reward:-1.5872228145599365, mean_queue:10.972222328186035
intersection:16, mean_episode_reward:0.04444444924592972, mean_queue:0.7749999761581421
intersection:17, mean_episode_reward:0.0833333358168602, mean_queue:0.7777777910232544
intersection:18, mean_episode_reward:0.13777780532836914, mean_queue:0.7888888716697693
intersection:19, mean_episode_reward:0.17777779698371887, mean_queue:0.8166666626930237
intersection:20, mean_episode_reward:0.1430554986000061, mean_queue:0.7527777552604675
intersection:21, mean_episode_reward:0.13555559515953064, mean_queue:0.8138889074325562
intersection:22, mean_episode_reward:0.0555555485188961, mean_queue:0.7888888716697693
intersection:23, mean_episode_reward:0.04444444179534912, mean_queue:0.7805555462837219
intersection:24, mean_episode_reward:0.1647222489118576, mean_queue:0.7749999761581421
intersection:25, mean_episode_reward:0.10166667401790619, mean_queue:0.7749999761581421
intersection:26, mean_episode_reward:0.11500000208616257, mean_queue:0.75
intersection:27, mean_episode_reward:0.17638887465000153, mean_queue:0.769444465637207
intersection:28, mean_episode_reward:0.14611110091209412, mean_queue:0.7833333611488342
intersection:29, mean_episode_reward:0.16083334386348724, mean_queue:0.8333333134651184
intersection:30, mean_episode_reward:0.12555554509162903, mean_queue:0.8722222447395325
intersection:31, mean_episode_reward:0.07944446057081223, mean_queue:0.8083333373069763
Test step:152/200, travel time :254.56834030683402, rewards:-6.6900010850694445, queue:5.766319444444444, delay:0.05450540648566352, throughput:1434
[CrossingProxy] total ped calls this episode: 261
step:3600/3600, q_loss:0.8820059895515442, rewards:-6.343333604600694, queue:5.749739583333334, delay:0.054775105582343206, throughput:1429
episode:153/200, real avg travel time:250.35829251224632
intersection:0, mean_episode_reward:-0.7111111879348755, mean_queue:10.433333396911621
intersection:1, mean_episode_reward:-0.26277774572372437, mean_queue:10.563888549804688
intersection:2, mean_episode_reward:-0.7352782487869263, mean_queue:11.074999809265137
intersection:3, mean_episode_reward:-1.0552780628204346, mean_queue:10.247221946716309
intersection:4, mean_episode_reward:-0.6655554175376892, mean_queue:10.941666603088379
intersection:5, mean_episode_reward:-0.08749997615814209, mean_queue:10.577777862548828
intersection:6, mean_episode_reward:0.10777778923511505, mean_queue:10.79444408416748
intersection:7, mean_episode_reward:-0.41999998688697815, mean_queue:10.55555534362793
intersection:8, mean_episode_reward:-0.7541664242744446, mean_queue:10.938888549804688
intersection:9, mean_episode_reward:-0.057222213596105576, mean_queue:10.800000190734863
intersection:10, mean_episode_reward:0.008333327248692513, mean_queue:11.033333778381348
intersection:11, mean_episode_reward:-0.7027778029441833, mean_queue:10.691666603088379
intersection:12, mean_episode_reward:-0.7541666626930237, mean_queue:10.813888549804688
intersection:13, mean_episode_reward:-0.5749999284744263, mean_queue:10.55555534362793
intersection:14, mean_episode_reward:-0.0930555984377861, mean_queue:10.45555591583252
intersection:15, mean_episode_reward:-1.4483336210250854, mean_queue:10.852777481079102
intersection:16, mean_episode_reward:0.02666666731238365, mean_queue:0.7749999761581421
intersection:17, mean_episode_reward:0.11083334684371948, mean_queue:0.7777777910232544
intersection:18, mean_episode_reward:0.06527777761220932, mean_queue:0.7888888716697693
intersection:19, mean_episode_reward:0.16888894140720367, mean_queue:0.8166666626930237
intersection:20, mean_episode_reward:0.12805545330047607, mean_queue:0.7527777552604675
intersection:21, mean_episode_reward:0.16083337366580963, mean_queue:0.8138889074325562
intersection:22, mean_episode_reward:0.059444427490234375, mean_queue:0.7888888716697693
intersection:23, mean_episode_reward:0.016111092641949654, mean_queue:0.7805555462837219
intersection:24, mean_episode_reward:0.22666676342487335, mean_queue:0.7749999761581421
intersection:25, mean_episode_reward:0.09361111372709274, mean_queue:0.7749999761581421
intersection:26, mean_episode_reward:0.10944444686174393, mean_queue:0.75
intersection:27, mean_episode_reward:0.13722220063209534, mean_queue:0.769444465637207
intersection:28, mean_episode_reward:0.13249999284744263, mean_queue:0.7833333611488342
intersection:29, mean_episode_reward:0.17555555701255798, mean_queue:0.8333333134651184
intersection:30, mean_episode_reward:0.1388888955116272, mean_queue:0.8722222447395325
intersection:31, mean_episode_reward:0.11277778446674347, mean_queue:0.8083333373069763
Test step:153/200, travel time :251.8381018841591, rewards:-6.219722493489583, queue:5.749305555555556, delay:0.05424456066555447, throughput:1433
[CrossingProxy] total ped calls this episode: 239
step:3600/3600, q_loss:0.8828796148300171, rewards:-6.361111111111111, queue:5.7542534722222225, delay:0.055109500885009766, throughput:1433
episode:154/200, real avg travel time:252.62456385205863
intersection:0, mean_episode_reward:-0.7219447493553162, mean_queue:10.530555725097656
intersection:1, mean_episode_reward:-0.2980556786060333, mean_queue:10.730555534362793
intersection:2, mean_episode_reward:-0.5711113214492798, mean_queue:10.997221946716309
intersection:3, mean_episode_reward:-1.2427774667739868, mean_queue:10.350000381469727
intersection:4, mean_episode_reward:-0.7591666579246521, mean_queue:10.972222328186035
intersection:5, mean_episode_reward:0.18472224473953247, mean_queue:10.472222328186035
intersection:6, mean_episode_reward:0.20055553317070007, mean_queue:10.94444465637207
intersection:7, mean_episode_reward:-0.8361114263534546, mean_queue:10.602777481079102
intersection:8, mean_episode_reward:-0.9708330035209656, mean_queue:11.047222137451172
intersection:9, mean_episode_reward:0.3049999475479126, mean_queue:10.69444465637207
intersection:10, mean_episode_reward:0.2180556207895279, mean_queue:10.780555725097656
intersection:11, mean_episode_reward:-0.3733333647251129, mean_queue:10.458333015441895
intersection:12, mean_episode_reward:-1.011944055557251, mean_queue:10.822221755981445
intersection:13, mean_episode_reward:-0.7508329749107361, mean_queue:10.63611125946045
intersection:14, mean_episode_reward:-0.16666670143604279, mean_queue:10.519444465637207
intersection:15, mean_episode_reward:-1.5394443273544312, mean_queue:10.916666984558105
intersection:16, mean_episode_reward:0.046388890594244, mean_queue:0.7749999761581421
intersection:17, mean_episode_reward:0.15361112356185913, mean_queue:0.7777777910232544
intersection:18, mean_episode_reward:0.06527777761220932, mean_queue:0.7888888716697693
intersection:19, mean_episode_reward:0.1802777796983719, mean_queue:0.8166666626930237
intersection:20, mean_episode_reward:0.13416655361652374, mean_queue:0.7527777552604675
intersection:21, mean_episode_reward:0.16555558145046234, mean_queue:0.8138889074325562
intersection:22, mean_episode_reward:0.05499999225139618, mean_queue:0.7888888716697693
intersection:23, mean_episode_reward:0.05305556580424309, mean_queue:0.7805555462837219
intersection:24, mean_episode_reward:0.29555556178092957, mean_queue:0.7749999761581421
intersection:25, mean_episode_reward:0.07527776807546616, mean_queue:0.7749999761581421
intersection:26, mean_episode_reward:0.09694445133209229, mean_queue:0.75
intersection:27, mean_episode_reward:0.0969444140791893, mean_queue:0.769444465637207
intersection:28, mean_episode_reward:0.17249998450279236, mean_queue:0.7833333611488342
intersection:29, mean_episode_reward:0.14472225308418274, mean_queue:0.8333333134651184
intersection:30, mean_episode_reward:0.13777776062488556, mean_queue:0.8722222447395325
intersection:31, mean_episode_reward:0.09972221404314041, mean_queue:0.8083333373069763
Test step:154/200, travel time :250.8191340782123, rewards:-6.1305555555555555, queue:5.744357638888889, delay:0.05412429703606499, throughput:1432
[CrossingProxy] total ped calls this episode: 234
step:3600/3600, q_loss:0.8803216814994812, rewards:-6.438056098090278, queue:5.763802083333333, delay:0.054220496283637155, throughput:1434
episode:155/200, real avg travel time:253.56206415620642
intersection:0, mean_episode_reward:-0.7680555582046509, mean_queue:10.550000190734863
intersection:1, mean_episode_reward:-0.2202777862548828, mean_queue:10.552778244018555
intersection:2, mean_episode_reward:-0.4347221851348877, mean_queue:10.897222518920898
intersection:3, mean_episode_reward:-1.300000548362732, mean_queue:10.313888549804688
intersection:4, mean_episode_reward:-0.9888890385627747, mean_queue:11.083333015441895
intersection:5, mean_episode_reward:0.27888888120651245, mean_queue:10.463889122009277
intersection:6, mean_episode_reward:0.3322221636772156, mean_queue:10.772222518920898
intersection:7, mean_episode_reward:-0.8133335709571838, mean_queue:10.63888931274414
intersection:8, mean_episode_reward:-0.7708330750465393, mean_queue:10.966666221618652
intersection:9, mean_episode_reward:0.3108333349227905, mean_queue:10.733333587646484
intersection:10, mean_episode_reward:-0.004722216632217169, mean_queue:10.838889122009277
intersection:11, mean_episode_reward:-0.18638890981674194, mean_queue:10.43055534362793
intersection:12, mean_episode_reward:-1.1708332300186157, mean_queue:10.997221946716309
intersection:13, mean_episode_reward:-0.8036109209060669, mean_queue:10.75
intersection:14, mean_episode_reward:-0.011666695587337017, mean_queue:10.51388931274414
intersection:15, mean_episode_reward:-1.9536112546920776, mean_queue:11.277777671813965
intersection:16, mean_episode_reward:0.06611110270023346, mean_queue:0.7749999761581421
intersection:17, mean_episode_reward:0.11111113429069519, mean_queue:0.7777777910232544
intersection:18, mean_episode_reward:0.08500001579523087, mean_queue:0.7888888716697693
intersection:19, mean_episode_reward:0.18027780950069427, mean_queue:0.8166666626930237
intersection:20, mean_episode_reward:0.10611104965209961, mean_queue:0.7527777552604675
intersection:21, mean_episode_reward:0.1458333432674408, mean_queue:0.8138889074325562
intersection:22, mean_episode_reward:0.05722222477197647, mean_queue:0.7888888716697693
intersection:23, mean_episode_reward:0.04194445163011551, mean_queue:0.7805555462837219
intersection:24, mean_episode_reward:0.1858333945274353, mean_queue:0.7749999761581421
intersection:25, mean_episode_reward:0.0950000137090683, mean_queue:0.7749999761581421
intersection:26, mean_episode_reward:0.12638889253139496, mean_queue:0.75
intersection:27, mean_episode_reward:0.2955555021762848, mean_queue:0.769444465637207
intersection:28, mean_episode_reward:0.20888876914978027, mean_queue:0.7833333611488342
intersection:29, mean_episode_reward:0.1438889354467392, mean_queue:0.8333333134651184
intersection:30, mean_episode_reward:0.14222221076488495, mean_queue:0.8722222447395325
intersection:31, mean_episode_reward:0.07555554807186127, mean_queue:0.8083333373069763
Test step:155/200, travel time :252.9694232105629, rewards:-6.112498643663194, queue:5.761631944444445, delay:0.05462800131903754, throughput:1439
[CrossingProxy] total ped calls this episode: 249
step:3600/3600, q_loss:0.8897016644477844, rewards:-6.1755560980902775, queue:5.762152777777778, delay:0.053811603122287326, throughput:1433
episode:156/200, real avg travel time:253.76273551988834
intersection:0, mean_episode_reward:-0.8163887858390808, mean_queue:10.683333396911621
intersection:1, mean_episode_reward:-0.25583335757255554, mean_queue:10.63611125946045
intersection:2, mean_episode_reward:-0.618888795375824, mean_queue:11.024999618530273
intersection:3, mean_episode_reward:-1.337499976158142, mean_queue:10.29444408416748
intersection:4, mean_episode_reward:-0.7311112284660339, mean_queue:11.038888931274414
intersection:5, mean_episode_reward:0.15944455564022064, mean_queue:10.352777481079102
intersection:6, mean_episode_reward:0.46583324670791626, mean_queue:10.666666984558105
intersection:7, mean_episode_reward:-0.4194444417953491, mean_queue:10.322221755981445
intersection:8, mean_episode_reward:-0.7955559492111206, mean_queue:11.100000381469727
intersection:9, mean_episode_reward:-0.055555496364831924, mean_queue:10.733333587646484
intersection:10, mean_episode_reward:-0.04861108958721161, mean_queue:11.024999618530273
intersection:11, mean_episode_reward:-0.5658332109451294, mean_queue:10.552778244018555
intersection:12, mean_episode_reward:-0.6349999904632568, mean_queue:10.80555534362793
intersection:13, mean_episode_reward:-0.8661118149757385, mean_queue:10.83055591583252
intersection:14, mean_episode_reward:-0.23472222685813904, mean_queue:10.633333206176758
intersection:15, mean_episode_reward:-1.4641666412353516, mean_queue:11.027777671813965
intersection:16, mean_episode_reward:0.07194443047046661, mean_queue:0.7749999761581421
intersection:17, mean_episode_reward:0.07750000059604645, mean_queue:0.7777777910232544
intersection:18, mean_episode_reward:0.10638891905546188, mean_queue:0.7888888716697693
intersection:19, mean_episode_reward:0.1644444614648819, mean_queue:0.8166666626930237
intersection:20, mean_episode_reward:0.09638886898756027, mean_queue:0.7527777552604675
intersection:21, mean_episode_reward:0.1341666877269745, mean_queue:0.8138889074325562
intersection:22, mean_episode_reward:0.050555553287267685, mean_queue:0.7888888716697693
intersection:23, mean_episode_reward:0.06222224235534668, mean_queue:0.7805555462837219
intersection:24, mean_episode_reward:0.1852778047323227, mean_queue:0.7749999761581421
intersection:25, mean_episode_reward:0.1158333271741867, mean_queue:0.7749999761581421
intersection:26, mean_episode_reward:0.14694446325302124, mean_queue:0.75
intersection:27, mean_episode_reward:0.24138887226581573, mean_queue:0.769444465637207
intersection:28, mean_episode_reward:0.15055550634860992, mean_queue:0.7833333611488342
intersection:29, mean_episode_reward:0.18000003695487976, mean_queue:0.8333333134651184
intersection:30, mean_episode_reward:0.18444442749023438, mean_queue:0.8722222447395325
intersection:31, mean_episode_reward:0.07583332806825638, mean_queue:0.8083333373069763
Test step:156/200, travel time :250.59442508710802, rewards:-6.238612874348958, queue:5.732638888888889, delay:0.054926119910346134, throughput:1435
[CrossingProxy] total ped calls this episode: 248
step:3600/3600, q_loss:0.882181704044342, rewards:-6.2544440375434025, queue:5.736805555555556, delay:0.05375201967027452, throughput:1431
episode:157/200, real avg travel time:250.53878406708594
intersection:0, mean_episode_reward:-0.8280553817749023, mean_queue:10.647222518920898
intersection:1, mean_episode_reward:-0.22388885915279388, mean_queue:10.438888549804688
intersection:2, mean_episode_reward:-0.5999995470046997, mean_queue:10.969444274902344
intersection:3, mean_episode_reward:-1.3705559968948364, mean_queue:10.391666412353516
intersection:4, mean_episode_reward:-0.7086109519004822, mean_queue:11.022222518920898
intersection:5, mean_episode_reward:0.21250008046627045, mean_queue:10.269444465637207
intersection:6, mean_episode_reward:0.43305549025535583, mean_queue:10.841666221618652
intersection:7, mean_episode_reward:-0.5649999976158142, mean_queue:10.425000190734863
intersection:8, mean_episode_reward:-0.6363891959190369, mean_queue:10.855555534362793
intersection:9, mean_episode_reward:0.18833336234092712, mean_queue:10.533333778381348
intersection:10, mean_episode_reward:-0.18277780711650848, mean_queue:11.058333396911621
intersection:11, mean_episode_reward:-0.5361112356185913, mean_queue:10.527777671813965
intersection:12, mean_episode_reward:-1.0630550384521484, mean_queue:11.05555534362793
intersection:13, mean_episode_reward:-0.7841668725013733, mean_queue:10.786110877990723
intersection:14, mean_episode_reward:-0.39166679978370667, mean_queue:10.574999809265137
intersection:15, mean_episode_reward:-1.0719441175460815, mean_queue:10.519444465637207
intersection:16, mean_episode_reward:0.10611109435558319, mean_queue:0.7749999761581421
intersection:17, mean_episode_reward:0.09361110627651215, mean_queue:0.7777777910232544
intersection:18, mean_episode_reward:0.08472222089767456, mean_queue:0.7888888716697693
intersection:19, mean_episode_reward:0.1433333456516266, mean_queue:0.8166666626930237
intersection:20, mean_episode_reward:0.126388818025589, mean_queue:0.7527777552604675
intersection:21, mean_episode_reward:0.13138890266418457, mean_queue:0.8138889074325562
intersection:22, mean_episode_reward:0.046666670590639114, mean_queue:0.7888888716697693
intersection:23, mean_episode_reward:0.059722233563661575, mean_queue:0.7805555462837219
intersection:24, mean_episode_reward:0.17944447696208954, mean_queue:0.7749999761581421
intersection:25, mean_episode_reward:0.08638889342546463, mean_queue:0.7749999761581421
intersection:26, mean_episode_reward:0.1411111205816269, mean_queue:0.75
intersection:27, mean_episode_reward:0.108611099421978, mean_queue:0.769444465637207
intersection:28, mean_episode_reward:0.2119443416595459, mean_queue:0.7833333611488342
intersection:29, mean_episode_reward:0.11750000715255737, mean_queue:0.8333333134651184
intersection:30, mean_episode_reward:0.15638884902000427, mean_queue:0.8722222447395325
intersection:31, mean_episode_reward:0.08055555075407028, mean_queue:0.8083333373069763
Test step:157/200, travel time :248.81906750173974, rewards:-6.10916748046875, queue:5.732552083333333, delay:0.05266069836086697, throughput:1437
[CrossingProxy] total ped calls this episode: 242
step:3600/3600, q_loss:0.8782542943954468, rewards:-6.393611653645833, queue:5.753038194444445, delay:0.05419460932413737, throughput:1435
episode:158/200, real avg travel time:251.7254355400697
intersection:0, mean_episode_reward:-0.7736111879348755, mean_queue:10.572221755981445
intersection:1, mean_episode_reward:-0.17000000178813934, mean_queue:10.491666793823242
intersection:2, mean_episode_reward:-0.8063886761665344, mean_queue:11.04444408416748
intersection:3, mean_episode_reward:-1.0533337593078613, mean_queue:10.199999809265137
intersection:4, mean_episode_reward:-0.5647221803665161, mean_queue:11.033333778381348
intersection:5, mean_episode_reward:-0.019999977201223373, mean_queue:10.43055534362793
intersection:6, mean_episode_reward:0.17500002682209015, mean_queue:10.70555591583252
intersection:7, mean_episode_reward:-0.4941668212413788, mean_queue:10.458333015441895
intersection:8, mean_episode_reward:-0.5116667151451111, mean_queue:10.81944465637207
intersection:9, mean_episode_reward:-0.0013888662215322256, mean_queue:10.66944408416748
intersection:10, mean_episode_reward:-0.08638890087604523, mean_queue:11.016666412353516
intersection:11, mean_episode_reward:-0.7966667413711548, mean_queue:10.916666984558105
intersection:12, mean_episode_reward:-1.164722204208374, mean_queue:11.161110877990723
intersection:13, mean_episode_reward:-0.6525000929832458, mean_queue:10.600000381469727
intersection:14, mean_episode_reward:-0.14166666567325592, mean_queue:10.622221946716309
intersection:15, mean_episode_reward:-1.225000023841858, mean_queue:10.69444465637207
intersection:16, mean_episode_reward:0.06638888269662857, mean_queue:0.7749999761581421
intersection:17, mean_episode_reward:0.088333360850811, mean_queue:0.7777777910232544
intersection:18, mean_episode_reward:0.06833334267139435, mean_queue:0.7888888716697693
intersection:19, mean_episode_reward:0.16416668891906738, mean_queue:0.8166666626930237
intersection:20, mean_episode_reward:0.10277773439884186, mean_queue:0.7527777552604675
intersection:21, mean_episode_reward:0.20916669070720673, mean_queue:0.8138889074325562
intersection:22, mean_episode_reward:0.0555555559694767, mean_queue:0.7888888716697693
intersection:23, mean_episode_reward:0.04833334684371948, mean_queue:0.7805555462837219
intersection:24, mean_episode_reward:0.1691666841506958, mean_queue:0.7749999761581421
intersection:25, mean_episode_reward:0.08138888329267502, mean_queue:0.7749999761581421
intersection:26, mean_episode_reward:0.10249999165534973, mean_queue:0.75
intersection:27, mean_episode_reward:0.09388888627290726, mean_queue:0.769444465637207
intersection:28, mean_episode_reward:0.12666666507720947, mean_queue:0.7833333611488342
intersection:29, mean_episode_reward:0.14111115038394928, mean_queue:0.8333333134651184
intersection:30, mean_episode_reward:0.25166675448417664, mean_queue:0.8722222447395325
intersection:31, mean_episode_reward:0.12416666746139526, mean_queue:0.8083333373069763
Test step:158/200, travel time :251.6624913013222, rewards:-6.221944851345486, queue:5.740798611111111, delay:0.05426128175523546, throughput:1437
[CrossingProxy] total ped calls this episode: 241
step:3600/3600, q_loss:0.8851508498191833, rewards:-6.301944986979167, queue:5.746267361111111, delay:0.05376203325059679, throughput:1433
episode:159/200, real avg travel time:252.31891137473832
intersection:0, mean_episode_reward:-0.4980553984642029, mean_queue:10.41944408416748
intersection:1, mean_episode_reward:-0.4311109185218811, mean_queue:10.702777862548828
intersection:2, mean_episode_reward:-0.7600003480911255, mean_queue:10.972222328186035
intersection:3, mean_episode_reward:-1.3719449043273926, mean_queue:10.23888874053955
intersection:4, mean_episode_reward:-0.6338891386985779, mean_queue:10.963889122009277
intersection:5, mean_episode_reward:0.24361109733581543, mean_queue:10.425000190734863
intersection:6, mean_episode_reward:0.38361117243766785, mean_queue:10.699999809265137
intersection:7, mean_episode_reward:-0.6158331036567688, mean_queue:10.375
intersection:8, mean_episode_reward:-0.8916666507720947, mean_queue:11.077777862548828
intersection:9, mean_episode_reward:0.13472217321395874, mean_queue:10.75
intersection:10, mean_episode_reward:-0.08055556565523148, mean_queue:10.972222328186035
intersection:11, mean_episode_reward:-0.37361106276512146, mean_queue:10.402777671813965
intersection:12, mean_episode_reward:-1.148611307144165, mean_queue:11.105555534362793
intersection:13, mean_episode_reward:-0.2161111980676651, mean_queue:10.61388874053955
intersection:14, mean_episode_reward:-0.5569443702697754, mean_queue:10.838889122009277
intersection:15, mean_episode_reward:-1.3613886833190918, mean_queue:10.661110877990723
intersection:16, mean_episode_reward:0.04055556654930115, mean_queue:0.7749999761581421
intersection:17, mean_episode_reward:0.07694445550441742, mean_queue:0.7777777910232544
intersection:18, mean_episode_reward:0.06638889014720917, mean_queue:0.7888888716697693
intersection:19, mean_episode_reward:0.17000003159046173, mean_queue:0.8166666626930237
intersection:20, mean_episode_reward:0.11888882517814636, mean_queue:0.7527777552604675
intersection:21, mean_episode_reward:0.16833336651325226, mean_queue:0.8138889074325562
intersection:22, mean_episode_reward:0.05361110344529152, mean_queue:0.7888888716697693
intersection:23, mean_episode_reward:0.012499979697167873, mean_queue:0.7805555462837219
intersection:24, mean_episode_reward:0.21750004589557648, mean_queue:0.7749999761581421
intersection:25, mean_episode_reward:0.10000000894069672, mean_queue:0.7749999761581421
intersection:26, mean_episode_reward:0.181111142039299, mean_queue:0.75
intersection:27, mean_episode_reward:0.13388888537883759, mean_queue:0.769444465637207
intersection:28, mean_episode_reward:0.1430555135011673, mean_queue:0.7833333611488342
intersection:29, mean_episode_reward:0.16138893365859985, mean_queue:0.8333333134651184
intersection:30, mean_episode_reward:0.14416664838790894, mean_queue:0.8722222447395325
intersection:31, mean_episode_reward:0.08749999850988388, mean_queue:0.8083333373069763
Test step:159/200, travel time :248.12019566736546, rewards:-6.082778591579861, queue:5.727777777777778, delay:0.05370691087510851, throughput:1431
[CrossingProxy] total ped calls this episode: 227
step:3600/3600, q_loss:0.8669792413711548, rewards:-5.9202765570746525, queue:5.711805555555555, delay:0.05370563401116265, throughput:1434
episode:160/200, real avg travel time:248.1255230125523
intersection:0, mean_episode_reward:-0.7175000309944153, mean_queue:10.433333396911621
intersection:1, mean_episode_reward:-0.33055543899536133, mean_queue:10.530555725097656
intersection:2, mean_episode_reward:-0.76055508852005, mean_queue:10.897222518920898
intersection:3, mean_episode_reward:-0.9861111044883728, mean_queue:10.105555534362793
intersection:4, mean_episode_reward:-0.6127778887748718, mean_queue:10.86388874053955
intersection:5, mean_episode_reward:0.3611111044883728, mean_queue:10.436111450195312
intersection:6, mean_episode_reward:0.13694442808628082, mean_queue:10.91944408416748
intersection:7, mean_episode_reward:-0.43194442987442017, mean_queue:10.352777481079102
intersection:8, mean_episode_reward:-0.4733333885669708, mean_queue:10.527777671813965
intersection:9, mean_episode_reward:-0.1319444477558136, mean_queue:10.688888549804688
intersection:10, mean_episode_reward:-0.04444443807005882, mean_queue:11.005555152893066
intersection:11, mean_episode_reward:-0.6333329677581787, mean_queue:10.566666603088379
intersection:12, mean_episode_reward:-1.0077776908874512, mean_queue:10.836111068725586
intersection:13, mean_episode_reward:-0.5622221827507019, mean_queue:10.56944465637207
intersection:14, mean_episode_reward:-0.013333423063158989, mean_queue:10.466666221618652
intersection:15, mean_episode_reward:-1.5352771282196045, mean_queue:10.916666984558105
intersection:16, mean_episode_reward:0.06361109763383865, mean_queue:0.7749999761581421
intersection:17, mean_episode_reward:0.07694445550441742, mean_queue:0.7777777910232544
intersection:18, mean_episode_reward:0.07055556029081345, mean_queue:0.7888888716697693
intersection:19, mean_episode_reward:0.15000003576278687, mean_queue:0.8166666626930237
intersection:20, mean_episode_reward:0.14777764678001404, mean_queue:0.7527777552604675
intersection:21, mean_episode_reward:0.14944447576999664, mean_queue:0.8138889074325562
intersection:22, mean_episode_reward:0.05916665494441986, mean_queue:0.7888888716697693
intersection:23, mean_episode_reward:-0.0002777752233669162, mean_queue:0.7805555462837219
intersection:24, mean_episode_reward:0.21416673064231873, mean_queue:0.7749999761581421
intersection:25, mean_episode_reward:0.11722221225500107, mean_queue:0.7749999761581421
intersection:26, mean_episode_reward:0.16861112415790558, mean_queue:0.75
intersection:27, mean_episode_reward:0.08388892561197281, mean_queue:0.769444465637207
intersection:28, mean_episode_reward:0.12888887524604797, mean_queue:0.7833333611488342
intersection:29, mean_episode_reward:0.15027779340744019, mean_queue:0.8333333134651184
intersection:30, mean_episode_reward:0.11749998480081558, mean_queue:0.8722222447395325
intersection:31, mean_episode_reward:0.1249999925494194, mean_queue:0.8083333373069763
Test step:160/200, travel time :249.41143654114364, rewards:-6.2008348253038195, queue:5.736458333333333, delay:0.05404237111409505, throughput:1434
[CrossingProxy] total ped calls this episode: 237
step:3600/3600, q_loss:0.8636661171913147, rewards:-6.1272216796875, queue:5.743055555555555, delay:0.05498098797268337, throughput:1431
episode:161/200, real avg travel time:252.16631726065688
intersection:0, mean_episode_reward:-0.7533333897590637, mean_queue:10.641666412353516
intersection:1, mean_episode_reward:-0.19166670739650726, mean_queue:10.541666984558105
intersection:2, mean_episode_reward:-0.7827779054641724, mean_queue:11.108333587646484
intersection:3, mean_episode_reward:-1.2808336019515991, mean_queue:10.230555534362793
intersection:4, mean_episode_reward:-0.7752774357795715, mean_queue:10.98611068725586
intersection:5, mean_episode_reward:0.16638889908790588, mean_queue:10.36388874053955
intersection:6, mean_episode_reward:0.35694462060928345, mean_queue:10.824999809265137
intersection:7, mean_episode_reward:-0.4891664683818817, mean_queue:10.38888931274414
intersection:8, mean_episode_reward:-0.33277779817581177, mean_queue:10.591666221618652
intersection:9, mean_episode_reward:0.007499975152313709, mean_queue:10.733333587646484
intersection:10, mean_episode_reward:0.16472230851650238, mean_queue:11.022222518920898
intersection:11, mean_episode_reward:-0.5758333802223206, mean_queue:10.686111450195312
intersection:12, mean_episode_reward:-1.0930558443069458, mean_queue:10.963889122009277
intersection:13, mean_episode_reward:-0.8130553364753723, mean_queue:10.76111125946045
intersection:14, mean_episode_reward:-0.2705555260181427, mean_queue:10.619444847106934
intersection:15, mean_episode_reward:-1.2280551195144653, mean_queue:10.652777671813965
intersection:16, mean_episode_reward:0.018055569380521774, mean_queue:0.7749999761581421
intersection:17, mean_episode_reward:0.08972223103046417, mean_queue:0.7777777910232544
intersection:18, mean_episode_reward:0.07027779519557953, mean_queue:0.7888888716697693
intersection:19, mean_episode_reward:0.17583337426185608, mean_queue:0.8166666626930237
intersection:20, mean_episode_reward:0.15944434702396393, mean_queue:0.7527777552604675
intersection:21, mean_episode_reward:0.13611115515232086, mean_queue:0.8138889074325562
intersection:22, mean_episode_reward:0.06749998033046722, mean_queue:0.7888888716697693
intersection:23, mean_episode_reward:0.001666668220423162, mean_queue:0.7805555462837219
intersection:24, mean_episode_reward:0.18694449961185455, mean_queue:0.7749999761581421
intersection:25, mean_episode_reward:0.08472222834825516, mean_queue:0.7749999761581421
intersection:26, mean_episode_reward:0.1086111068725586, mean_queue:0.75
intersection:27, mean_episode_reward:0.11861108988523483, mean_queue:0.769444465637207
intersection:28, mean_episode_reward:0.15833328664302826, mean_queue:0.7833333611488342
intersection:29, mean_episode_reward:0.16138893365859985, mean_queue:0.8333333134651184
intersection:30, mean_episode_reward:0.14111106097698212, mean_queue:0.8722222447395325
intersection:31, mean_episode_reward:0.08527778834104538, mean_queue:0.8083333373069763
Test step:161/200, travel time :251.04891684136967, rewards:-6.5097235785590275, queue:5.7375, delay:0.0542975107828776, throughput:1431
[CrossingProxy] total ped calls this episode: 261
step:3600/3600, q_loss:0.8612599968910217, rewards:-6.055278184678819, queue:5.739322916666667, delay:0.05377910402086046, throughput:1432
episode:162/200, real avg travel time:251.11382681564245
intersection:0, mean_episode_reward:-0.8647223711013794, mean_queue:10.54444408416748
intersection:1, mean_episode_reward:-0.17138879001140594, mean_queue:10.433333396911621
intersection:2, mean_episode_reward:-0.38694435358047485, mean_queue:10.947221755981445
intersection:3, mean_episode_reward:-1.54972243309021, mean_queue:10.508333206176758
intersection:4, mean_episode_reward:-0.5938886404037476, mean_queue:10.880555152893066
intersection:5, mean_episode_reward:0.16444449126720428, mean_queue:10.408333778381348
intersection:6, mean_episode_reward:0.35694435238838196, mean_queue:10.961111068725586
intersection:7, mean_episode_reward:-0.48000001907348633, mean_queue:10.411110877990723
intersection:8, mean_episode_reward:-0.7469450235366821, mean_queue:10.73611068725586
intersection:9, mean_episode_reward:0.02111111208796501, mean_queue:10.600000381469727
intersection:10, mean_episode_reward:0.29083332419395447, mean_queue:11.030555725097656
intersection:11, mean_episode_reward:-0.8402776718139648, mean_queue:10.963889122009277
intersection:12, mean_episode_reward:-0.9077781438827515, mean_queue:10.780555725097656
intersection:13, mean_episode_reward:-0.5897221565246582, mean_queue:10.452777862548828
intersection:14, mean_episode_reward:-0.3502776324748993, mean_queue:10.508333206176758
intersection:15, mean_episode_reward:-1.5113886594772339, mean_queue:10.83055591583252
intersection:16, mean_episode_reward:0.04277778044342995, mean_queue:0.7749999761581421
intersection:17, mean_episode_reward:0.08527779579162598, mean_queue:0.7777777910232544
intersection:18, mean_episode_reward:0.10444443672895432, mean_queue:0.7888888716697693
intersection:19, mean_episode_reward:0.169166699051857, mean_queue:0.8166666626930237
intersection:20, mean_episode_reward:0.18333326280117035, mean_queue:0.7527777552604675
intersection:21, mean_episode_reward:0.21166670322418213, mean_queue:0.8138889074325562
intersection:22, mean_episode_reward:0.05249999463558197, mean_queue:0.7888888716697693
intersection:23, mean_episode_reward:0.06416667997837067, mean_queue:0.7805555462837219
intersection:24, mean_episode_reward:0.2155556082725525, mean_queue:0.7749999761581421
intersection:25, mean_episode_reward:0.10361111909151077, mean_queue:0.7749999761581421
intersection:26, mean_episode_reward:0.14500004053115845, mean_queue:0.75
intersection:27, mean_episode_reward:0.14499995112419128, mean_queue:0.769444465637207
intersection:28, mean_episode_reward:0.23111097514629364, mean_queue:0.7833333611488342
intersection:29, mean_episode_reward:0.1508333683013916, mean_queue:0.8333333134651184
intersection:30, mean_episode_reward:0.12083331495523453, mean_queue:0.8722222447395325
intersection:31, mean_episode_reward:0.07916668057441711, mean_queue:0.8083333373069763
Test step:162/200, travel time :247.9916142557652, rewards:-6.162221950954861, queue:5.7321180555555555, delay:0.05389306810167101, throughput:1431
[CrossingProxy] total ped calls this episode: 255
step:3600/3600, q_loss:0.8550826907157898, rewards:-5.94888916015625, queue:5.715711805555555, delay:0.0516964488559299, throughput:1431
episode:163/200, real avg travel time:247.96296296296296
intersection:0, mean_episode_reward:-0.9461112022399902, mean_queue:10.61388874053955
intersection:1, mean_episode_reward:-0.011666704900562763, mean_queue:10.497221946716309
intersection:2, mean_episode_reward:-0.45138901472091675, mean_queue:10.972222328186035
intersection:3, mean_episode_reward:-1.0152777433395386, mean_queue:10.061111450195312
intersection:4, mean_episode_reward:-0.6174997687339783, mean_queue:10.81944465637207
intersection:5, mean_episode_reward:0.04222222417593002, mean_queue:10.43055534362793
intersection:6, mean_episode_reward:0.09694433957338333, mean_queue:11.04444408416748
intersection:7, mean_episode_reward:-0.43333327770233154, mean_queue:10.372221946716309
intersection:8, mean_episode_reward:-0.392222136259079, mean_queue:10.597222328186035
intersection:9, mean_episode_reward:-0.11138889193534851, mean_queue:10.458333015441895
intersection:10, mean_episode_reward:-0.2925000488758087, mean_queue:11.047222137451172
intersection:11, mean_episode_reward:-0.43333324790000916, mean_queue:10.449999809265137
intersection:12, mean_episode_reward:-1.1072224378585815, mean_queue:11.05555534362793
intersection:13, mean_episode_reward:-0.597500205039978, mean_queue:10.61388874053955
intersection:14, mean_episode_reward:-0.0002777067420538515, mean_queue:10.447221755981445
intersection:15, mean_episode_reward:-1.4508333206176758, mean_queue:10.76111125946045
intersection:16, mean_episode_reward:0.042500004172325134, mean_queue:0.7749999761581421
intersection:17, mean_episode_reward:0.07972223311662674, mean_queue:0.7777777910232544
intersection:18, mean_episode_reward:0.1183333471417427, mean_queue:0.7888888716697693
intersection:19, mean_episode_reward:0.15166671574115753, mean_queue:0.8166666626930237
intersection:20, mean_episode_reward:0.1522221565246582, mean_queue:0.7527777552604675
intersection:21, mean_episode_reward:0.1855556070804596, mean_queue:0.8138889074325562
intersection:22, mean_episode_reward:0.048333339393138885, mean_queue:0.7888888716697693
intersection:23, mean_episode_reward:-0.0022222218103706837, mean_queue:0.7805555462837219
intersection:24, mean_episode_reward:0.18222227692604065, mean_queue:0.7749999761581421
intersection:25, mean_episode_reward:0.0899999812245369, mean_queue:0.7749999761581421
intersection:26, mean_episode_reward:0.09861112385988235, mean_queue:0.75
intersection:27, mean_episode_reward:0.10777777433395386, mean_queue:0.769444465637207
intersection:28, mean_episode_reward:0.12666663527488708, mean_queue:0.7833333611488342
intersection:29, mean_episode_reward:0.12611116468906403, mean_queue:0.8333333134651184
intersection:30, mean_episode_reward:0.16083329916000366, mean_queue:0.8722222447395325
intersection:31, mean_episode_reward:0.1041666641831398, mean_queue:0.8083333373069763
Test step:163/200, travel time :252.32120363890832, rewards:-5.945833333333334, queue:5.745659722222222, delay:0.054835531446668834, throughput:1429
[CrossingProxy] total ped calls this episode: 245
step:3600/3600, q_loss:0.8499394655227661, rewards:-6.354167344835069, queue:5.717361111111111, delay:0.05322379536098904, throughput:1436
episode:164/200, real avg travel time:247.724930362117
intersection:0, mean_episode_reward:-0.6136112809181213, mean_queue:10.333333015441895
intersection:1, mean_episode_reward:-0.2391667515039444, mean_queue:10.519444465637207
intersection:2, mean_episode_reward:-0.6922220587730408, mean_queue:11.11388874053955
intersection:3, mean_episode_reward:-1.345278024673462, mean_queue:10.36111068725586
intersection:4, mean_episode_reward:-0.7561113238334656, mean_queue:11.119444847106934
intersection:5, mean_episode_reward:-0.06499990075826645, mean_queue:10.48888874053955
intersection:6, mean_episode_reward:0.316944420337677, mean_queue:10.81944465637207
intersection:7, mean_episode_reward:-0.5083332657814026, mean_queue:10.352777481079102
intersection:8, mean_episode_reward:-0.7308333516120911, mean_queue:10.625
intersection:9, mean_episode_reward:0.1419445127248764, mean_queue:10.313888549804688
intersection:10, mean_episode_reward:0.05833336338400841, mean_queue:10.952777862548828
intersection:11, mean_episode_reward:-0.30444443225860596, mean_queue:10.433333396911621
intersection:12, mean_episode_reward:-1.1213889122009277, mean_queue:10.913888931274414
intersection:13, mean_episode_reward:-0.40722212195396423, mean_queue:10.597222328186035
intersection:14, mean_episode_reward:-0.441944420337677, mean_queue:10.63888931274414
intersection:15, mean_episode_reward:-1.3911113739013672, mean_queue:10.711111068725586
intersection:16, mean_episode_reward:0.05222221463918686, mean_queue:0.7749999761581421
intersection:17, mean_episode_reward:0.07777779549360275, mean_queue:0.7777777910232544
intersection:18, mean_episode_reward:0.12472223490476608, mean_queue:0.7888888716697693
intersection:19, mean_episode_reward:0.15222224593162537, mean_queue:0.8166666626930237
intersection:20, mean_episode_reward:0.12416660785675049, mean_queue:0.7527777552604675
intersection:21, mean_episode_reward:0.17333336174488068, mean_queue:0.8138889074325562
intersection:22, mean_episode_reward:0.046388890594244, mean_queue:0.7888888716697693
intersection:23, mean_episode_reward:3.6093923405644546e-09, mean_queue:0.7805555462837219
intersection:24, mean_episode_reward:0.14555557072162628, mean_queue:0.7749999761581421
intersection:25, mean_episode_reward:0.08722220361232758, mean_queue:0.7749999761581421
intersection:26, mean_episode_reward:0.1088889017701149, mean_queue:0.75
intersection:27, mean_episode_reward:0.10944442451000214, mean_queue:0.769444465637207
intersection:28, mean_episode_reward:0.17638884484767914, mean_queue:0.7833333611488342
intersection:29, mean_episode_reward:0.14888890087604523, mean_queue:0.8333333134651184
intersection:30, mean_episode_reward:0.14749997854232788, mean_queue:0.8722222447395325
intersection:31, mean_episode_reward:0.07055555284023285, mean_queue:0.8083333373069763
Test step:164/200, travel time :245.47662247034194, rewards:-5.7555555555555555, queue:5.705729166666667, delay:0.052697250578138566, throughput:1433
[CrossingProxy] total ped calls this episode: 219
step:3600/3600, q_loss:0.840802013874054, rewards:-6.143055555555556, queue:5.744184027777778, delay:0.05326913197835286, throughput:1431
episode:165/200, real avg travel time:250.91893780573025
intersection:0, mean_episode_reward:-0.7322222590446472, mean_queue:10.602777481079102
intersection:1, mean_episode_reward:-0.12944453954696655, mean_queue:10.480555534362793
intersection:2, mean_episode_reward:-0.7036111354827881, mean_queue:11.030555725097656
intersection:3, mean_episode_reward:-1.1586112976074219, mean_queue:10.324999809265137
intersection:4, mean_episode_reward:-0.8872220516204834, mean_queue:11.352777481079102
intersection:5, mean_episode_reward:-0.1919444352388382, mean_queue:10.597222328186035
intersection:6, mean_episode_reward:0.4524998664855957, mean_queue:10.755555152893066
intersection:7, mean_episode_reward:-0.6019445061683655, mean_queue:10.5
intersection:8, mean_episode_reward:-0.664444625377655, mean_queue:10.922222137451172
intersection:9, mean_episode_reward:0.1236109510064125, mean_queue:10.588889122009277
intersection:10, mean_episode_reward:0.01388888992369175, mean_queue:10.86388874053955
intersection:11, mean_episode_reward:-0.39305543899536133, mean_queue:10.45555591583252
intersection:12, mean_episode_reward:-0.8327775001525879, mean_queue:10.88611125946045
intersection:13, mean_episode_reward:-0.7244440913200378, mean_queue:10.563888549804688
intersection:14, mean_episode_reward:-0.11499997973442078, mean_queue:10.447221755981445
intersection:15, mean_episode_reward:-1.5583335161209106, mean_queue:10.780555725097656
intersection:16, mean_episode_reward:0.026111114770174026, mean_queue:0.7749999761581421
intersection:17, mean_episode_reward:0.1780555695295334, mean_queue:0.7777777910232544
intersection:18, mean_episode_reward:0.15222224593162537, mean_queue:0.7888888716697693
intersection:19, mean_episode_reward:0.18361115455627441, mean_queue:0.8166666626930237
intersection:20, mean_episode_reward:0.12138883769512177, mean_queue:0.7527777552604675
intersection:21, mean_episode_reward:0.16083334386348724, mean_queue:0.8138889074325562
intersection:22, mean_episode_reward:0.054444439709186554, mean_queue:0.7888888716697693
intersection:23, mean_episode_reward:0.038055550307035446, mean_queue:0.7805555462837219
intersection:24, mean_episode_reward:0.20694446563720703, mean_queue:0.7749999761581421
intersection:25, mean_episode_reward:0.0672222226858139, mean_queue:0.7749999761581421
intersection:26, mean_episode_reward:0.13166667520999908, mean_queue:0.75
intersection:27, mean_episode_reward:0.09277777373790741, mean_queue:0.769444465637207
intersection:28, mean_episode_reward:0.14277775585651398, mean_queue:0.7833333611488342
intersection:29, mean_episode_reward:0.1416666954755783, mean_queue:0.8333333134651184
intersection:30, mean_episode_reward:0.15361109375953674, mean_queue:0.8722222447395325
intersection:31, mean_episode_reward:0.10861111432313919, mean_queue:0.8083333373069763
Test step:165/200, travel time :252.01534170153417, rewards:-6.162776692708333, queue:5.741493055555556, delay:0.0550490485297309, throughput:1434
[CrossingProxy] total ped calls this episode: 222
step:3600/3600, q_loss:0.8440701961517334, rewards:-6.078056504991319, queue:5.751302083333333, delay:0.053827063242594404, throughput:1440
episode:166/200, real avg travel time:251.87569444444443
intersection:0, mean_episode_reward:-0.663611114025116, mean_queue:10.463889122009277
intersection:1, mean_episode_reward:-0.41611090302467346, mean_queue:10.494444847106934
intersection:2, mean_episode_reward:-0.6366669535636902, mean_queue:11.002778053283691
intersection:3, mean_episode_reward:-1.1861108541488647, mean_queue:10.188888549804688
intersection:4, mean_episode_reward:-0.645000159740448, mean_queue:10.941666603088379
intersection:5, mean_episode_reward:-0.040000069886446, mean_queue:10.61111068725586
intersection:6, mean_episode_reward:0.5352779030799866, mean_queue:10.883333206176758
intersection:7, mean_episode_reward:-0.7086113691329956, mean_queue:10.505555152893066
intersection:8, mean_episode_reward:-0.6622222065925598, mean_queue:10.791666984558105
intersection:9, mean_episode_reward:0.15527774393558502, mean_queue:10.577777862548828
intersection:10, mean_episode_reward:-0.020833346992731094, mean_queue:11.008333206176758
intersection:11, mean_episode_reward:-0.4236108958721161, mean_queue:10.641666412353516
intersection:12, mean_episode_reward:-0.9680559039115906, mean_queue:10.975000381469727
intersection:13, mean_episode_reward:-0.39638882875442505, mean_queue:10.608333587646484
intersection:14, mean_episode_reward:-0.5216666460037231, mean_queue:10.702777862548828
intersection:15, mean_episode_reward:-1.594722867012024, mean_queue:10.983333587646484
intersection:16, mean_episode_reward:0.04055556282401085, mean_queue:0.7749999761581421
intersection:17, mean_episode_reward:0.12666666507720947, mean_queue:0.7777777910232544
intersection:18, mean_episode_reward:0.0855555608868599, mean_queue:0.7888888716697693
intersection:19, mean_episode_reward:0.16416671872138977, mean_queue:0.8166666626930237
intersection:20, mean_episode_reward:0.16472215950489044, mean_queue:0.7527777552604675
intersection:21, mean_episode_reward:0.1625000387430191, mean_queue:0.8138889074325562
intersection:22, mean_episode_reward:0.05277777090668678, mean_queue:0.7888888716697693
intersection:23, mean_episode_reward:0.025833306834101677, mean_queue:0.7805555462837219
intersection:24, mean_episode_reward:0.17777779698371887, mean_queue:0.7749999761581421
intersection:25, mean_episode_reward:0.12055554986000061, mean_queue:0.7749999761581421
intersection:26, mean_episode_reward:0.09944446384906769, mean_queue:0.75
intersection:27, mean_episode_reward:0.30777767300605774, mean_queue:0.769444465637207
intersection:28, mean_episode_reward:0.14583328366279602, mean_queue:0.7833333611488342
intersection:29, mean_episode_reward:0.2058333456516266, mean_queue:0.8333333134651184
intersection:30, mean_episode_reward:0.11500000208616257, mean_queue:0.8722222447395325
intersection:31, mean_episode_reward:0.12000000476837158, mean_queue:0.8083333373069763
Test step:166/200, travel time :246.38525730180805, rewards:-5.991111246744792, queue:5.713628472222222, delay:0.05207977294921875, throughput:1438
[CrossingProxy] total ped calls this episode: 267
step:3600/3600, q_loss:0.8409947156906128, rewards:-6.213333468967014, queue:5.721788194444445, delay:0.05311405393812391, throughput:1435
episode:167/200, real avg travel time:249.02578397212542
intersection:0, mean_episode_reward:-0.761388897895813, mean_queue:10.630555152893066
intersection:1, mean_episode_reward:-0.25694456696510315, mean_queue:10.48888874053955
intersection:2, mean_episode_reward:-0.8558332920074463, mean_queue:11.022222518920898
intersection:3, mean_episode_reward:-1.2169444561004639, mean_queue:10.097222328186035
intersection:4, mean_episode_reward:-0.7877775430679321, mean_queue:10.994444847106934
intersection:5, mean_episode_reward:0.08194442093372345, mean_queue:10.36111068725586
intersection:6, mean_episode_reward:0.42111125588417053, mean_queue:10.600000381469727
intersection:7, mean_episode_reward:-0.43583348393440247, mean_queue:10.233333587646484
intersection:8, mean_episode_reward:-0.6755556464195251, mean_queue:10.977777481079102
intersection:9, mean_episode_reward:-0.22083327174186707, mean_queue:10.755555152893066
intersection:10, mean_episode_reward:0.3775000274181366, mean_queue:10.76111125946045
intersection:11, mean_episode_reward:-0.6263888478279114, mean_queue:10.702777862548828
intersection:12, mean_episode_reward:-1.1577775478363037, mean_queue:10.95555591583252
intersection:13, mean_episode_reward:-0.3652777671813965, mean_queue:10.477777481079102
intersection:14, mean_episode_reward:-0.41777780652046204, mean_queue:10.61388874053955
intersection:15, mean_episode_reward:-1.335833191871643, mean_queue:10.76388931274414
intersection:16, mean_episode_reward:0.0786111056804657, mean_queue:0.7749999761581421
intersection:17, mean_episode_reward:0.10083331912755966, mean_queue:0.7777777910232544
intersection:18, mean_episode_reward:0.1272222250699997, mean_queue:0.7888888716697693
intersection:19, mean_episode_reward:0.1486111581325531, mean_queue:0.8166666626930237
intersection:20, mean_episode_reward:0.14888879656791687, mean_queue:0.7527777552604675
intersection:21, mean_episode_reward:0.14722225069999695, mean_queue:0.8138889074325562
intersection:22, mean_episode_reward:0.0899999588727951, mean_queue:0.7888888716697693
intersection:23, mean_episode_reward:0.04027777537703514, mean_queue:0.7805555462837219
intersection:24, mean_episode_reward:0.16250000894069672, mean_queue:0.7749999761581421
intersection:25, mean_episode_reward:0.07583332806825638, mean_queue:0.7749999761581421
intersection:26, mean_episode_reward:0.1297222226858139, mean_queue:0.75
intersection:27, mean_episode_reward:0.21111100912094116, mean_queue:0.769444465637207
intersection:28, mean_episode_reward:0.21249991655349731, mean_queue:0.7833333611488342
intersection:29, mean_episode_reward:0.15111114084720612, mean_queue:0.8333333134651184
intersection:30, mean_episode_reward:0.12888886034488678, mean_queue:0.8722222447395325
intersection:31, mean_episode_reward:0.0669444352388382, mean_queue:0.8083333373069763
Test step:167/200, travel time :249.0676429567643, rewards:-6.246666802300347, queue:5.724479166666667, delay:0.05298887888590495, throughput:1434
[CrossingProxy] total ped calls this episode: 233
step:3600/3600, q_loss:0.8509265184402466, rewards:-6.161666531032986, queue:5.733246527777778, delay:0.052698612213134766, throughput:1438
episode:168/200, real avg travel time:250.17454798331016
intersection:0, mean_episode_reward:-0.7061112523078918, mean_queue:10.48611068725586
intersection:1, mean_episode_reward:-0.3550000786781311, mean_queue:10.350000381469727
intersection:2, mean_episode_reward:-0.8116668462753296, mean_queue:11.050000190734863
intersection:3, mean_episode_reward:-1.148611068725586, mean_queue:10.297222137451172
intersection:4, mean_episode_reward:-0.7022221684455872, mean_queue:10.902777671813965
intersection:5, mean_episode_reward:-0.030277784913778305, mean_queue:10.316666603088379
intersection:6, mean_episode_reward:0.7799997925758362, mean_queue:10.533333778381348
intersection:7, mean_episode_reward:-0.8891667127609253, mean_queue:10.616666793823242
intersection:8, mean_episode_reward:-0.44055548310279846, mean_queue:11.036110877990723
intersection:9, mean_episode_reward:0.1386110633611679, mean_queue:10.661110877990723
intersection:10, mean_episode_reward:0.06138887256383896, mean_queue:11.002778053283691
intersection:11, mean_episode_reward:-0.25027772784233093, mean_queue:10.377778053283691
intersection:12, mean_episode_reward:-1.5388883352279663, mean_queue:11.375
intersection:13, mean_episode_reward:-0.5586109757423401, mean_queue:10.44444465637207
intersection:14, mean_episode_reward:-0.4502779245376587, mean_queue:10.644444465637207
intersection:15, mean_episode_reward:-1.4016667604446411, mean_queue:10.708333015441895
intersection:16, mean_episode_reward:0.05222221091389656, mean_queue:0.7749999761581421
intersection:17, mean_episode_reward:0.08444445580244064, mean_queue:0.7777777910232544
intersection:18, mean_episode_reward:0.28111112117767334, mean_queue:0.7888888716697693
intersection:19, mean_episode_reward:0.1927778422832489, mean_queue:0.8166666626930237
intersection:20, mean_episode_reward:0.13694441318511963, mean_queue:0.7527777552604675
intersection:21, mean_episode_reward:0.15361112356185913, mean_queue:0.8138889074325562
intersection:22, mean_episode_reward:0.08361108601093292, mean_queue:0.7888888716697693
intersection:23, mean_episode_reward:0.102777861058712, mean_queue:0.7805555462837219
intersection:24, mean_episode_reward:0.14472225308418274, mean_queue:0.7749999761581421
intersection:25, mean_episode_reward:0.09972220659255981, mean_queue:0.7749999761581421
intersection:26, mean_episode_reward:0.13166667520999908, mean_queue:0.75
intersection:27, mean_episode_reward:0.1108333170413971, mean_queue:0.769444465637207
intersection:28, mean_episode_reward:0.16277773678302765, mean_queue:0.7833333611488342
intersection:29, mean_episode_reward:0.16805557906627655, mean_queue:0.8333333134651184
intersection:30, mean_episode_reward:0.11444444954395294, mean_queue:0.8722222447395325
intersection:31, mean_episode_reward:0.12194443494081497, mean_queue:0.8083333373069763
Test step:168/200, travel time :247.90201528839472, rewards:-6.180556911892361, queue:5.725694444444445, delay:0.05259656376308865, throughput:1439
[CrossingProxy] total ped calls this episode: 211
step:3600/3600, q_loss:0.8433864116668701, rewards:-6.155277506510417, queue:5.715451388888889, delay:0.05272207260131836, throughput:1437
episode:169/200, real avg travel time:249.23173277661795
intersection:0, mean_episode_reward:-0.7875005006790161, mean_queue:10.627778053283691
intersection:1, mean_episode_reward:-0.36972224712371826, mean_queue:10.602777481079102
intersection:2, mean_episode_reward:-0.7191665768623352, mean_queue:11.130555152893066
intersection:3, mean_episode_reward:-0.9930558204650879, mean_queue:10.097222328186035
intersection:4, mean_episode_reward:-0.684999942779541, mean_queue:10.94444465637207
intersection:5, mean_episode_reward:-0.1108333170413971, mean_queue:10.347222328186035
intersection:6, mean_episode_reward:0.5052778720855713, mean_queue:10.841666221618652
intersection:7, mean_episode_reward:-0.7405557632446289, mean_queue:10.452777862548828
intersection:8, mean_episode_reward:-0.5286108255386353, mean_queue:10.797222137451172
intersection:9, mean_episode_reward:-0.026666661724448204, mean_queue:10.447221755981445
intersection:10, mean_episode_reward:0.15861113369464874, mean_queue:10.891666412353516
intersection:11, mean_episode_reward:-0.7088887691497803, mean_queue:10.583333015441895
intersection:12, mean_episode_reward:-0.8022222518920898, mean_queue:10.822221755981445
intersection:13, mean_episode_reward:-0.659166693687439, mean_queue:10.591666221618652
intersection:14, mean_episode_reward:-0.40749993920326233, mean_queue:10.516666412353516
intersection:15, mean_episode_reward:-1.2186106443405151, mean_queue:10.538888931274414
intersection:16, mean_episode_reward:0.07055554538965225, mean_queue:0.7749999761581421
intersection:17, mean_episode_reward:0.07777778804302216, mean_queue:0.7777777910232544
intersection:18, mean_episode_reward:0.1066666841506958, mean_queue:0.7888888716697693
intersection:19, mean_episode_reward:0.1597222238779068, mean_queue:0.8166666626930237
intersection:20, mean_episode_reward:0.12499994784593582, mean_queue:0.7527777552604675
intersection:21, mean_episode_reward:0.19166670739650726, mean_queue:0.8138889074325562
intersection:22, mean_episode_reward:0.05666666477918625, mean_queue:0.7888888716697693
intersection:23, mean_episode_reward:0.0252777598798275, mean_queue:0.7805555462837219
intersection:24, mean_episode_reward:0.2483333945274353, mean_queue:0.7749999761581421
intersection:25, mean_episode_reward:0.08194443583488464, mean_queue:0.7749999761581421
intersection:26, mean_episode_reward:0.11527778953313828, mean_queue:0.75
intersection:27, mean_episode_reward:0.1297222077846527, mean_queue:0.769444465637207
intersection:28, mean_episode_reward:0.1341666579246521, mean_queue:0.7833333611488342
intersection:29, mean_episode_reward:0.16777779161930084, mean_queue:0.8333333134651184
intersection:30, mean_episode_reward:0.1524999886751175, mean_queue:0.8722222447395325
intersection:31, mean_episode_reward:0.09527777880430222, mean_queue:0.8083333373069763
Test step:169/200, travel time :248.83938547486034, rewards:-5.920831976996528, queue:5.72734375, delay:0.052252197265625, throughput:1432
[CrossingProxy] total ped calls this episode: 234
step:3600/3600, q_loss:0.8325074315071106, rewards:-6.216665988498264, queue:5.712673611111111, delay:0.05205924775865343, throughput:1432
episode:170/200, real avg travel time:247.11103351955308
intersection:0, mean_episode_reward:-0.5083333849906921, mean_queue:10.494444847106934
intersection:1, mean_episode_reward:-0.6516664028167725, mean_queue:10.697221755981445
intersection:2, mean_episode_reward:-0.747499942779541, mean_queue:10.91944408416748
intersection:3, mean_episode_reward:-1.066388726234436, mean_queue:10.102777481079102
intersection:4, mean_episode_reward:-0.674721896648407, mean_queue:10.991666793823242
intersection:5, mean_episode_reward:0.11027782410383224, mean_queue:10.302778244018555
intersection:6, mean_episode_reward:0.3344443738460541, mean_queue:10.716666221618652
intersection:7, mean_episode_reward:-0.6100001931190491, mean_queue:10.405555725097656
intersection:8, mean_episode_reward:-0.5269445776939392, mean_queue:10.766666412353516
intersection:9, mean_episode_reward:0.06055549904704094, mean_queue:10.588889122009277
intersection:10, mean_episode_reward:-0.019722210243344307, mean_queue:10.936111450195312
intersection:11, mean_episode_reward:-0.5536109209060669, mean_queue:10.591666221618652
intersection:12, mean_episode_reward:-1.1869447231292725, mean_queue:10.958333015441895
intersection:13, mean_episode_reward:-0.31944432854652405, mean_queue:10.480555534362793
intersection:14, mean_episode_reward:-0.49194449186325073, mean_queue:10.58055591583252
intersection:15, mean_episode_reward:-1.308333158493042, mean_queue:10.61111068725586
intersection:16, mean_episode_reward:0.05499998852610588, mean_queue:0.7749999761581421
intersection:17, mean_episode_reward:0.07944445312023163, mean_queue:0.7777777910232544
intersection:18, mean_episode_reward:0.14111113548278809, mean_queue:0.7888888716697693
intersection:19, mean_episode_reward:0.17694447934627533, mean_queue:0.8166666626930237
intersection:20, mean_episode_reward:0.14194437861442566, mean_queue:0.7527777552604675
intersection:21, mean_episode_reward:0.1458333432674408, mean_queue:0.8138889074325562
intersection:22, mean_episode_reward:0.08861106634140015, mean_queue:0.7888888716697693
intersection:23, mean_episode_reward:0.05777779221534729, mean_queue:0.7805555462837219
intersection:24, mean_episode_reward:0.17916670441627502, mean_queue:0.7749999761581421
intersection:25, mean_episode_reward:0.07527777552604675, mean_queue:0.7749999761581421
intersection:26, mean_episode_reward:0.11416665464639664, mean_queue:0.75
intersection:27, mean_episode_reward:0.12777775526046753, mean_queue:0.769444465637207
intersection:28, mean_episode_reward:0.16333331167697906, mean_queue:0.7833333611488342
intersection:29, mean_episode_reward:0.14805558323860168, mean_queue:0.8333333134651184
intersection:30, mean_episode_reward:0.14694441854953766, mean_queue:0.8722222447395325
intersection:31, mean_episode_reward:0.10222221910953522, mean_queue:0.8083333373069763
Test step:170/200, travel time :248.1159217877095, rewards:-6.256387668185764, queue:5.728385416666667, delay:0.05285065439012315, throughput:1432
[CrossingProxy] total ped calls this episode: 247
step:3600/3600, q_loss:0.8313309550285339, rewards:-6.123057047526042, queue:5.712760416666667, delay:0.05224964883592394, throughput:1435
episode:171/200, real avg travel time:246.25226480836238
intersection:0, mean_episode_reward:-0.8011116981506348, mean_queue:10.48888874053955
intersection:1, mean_episode_reward:-0.2780556082725525, mean_queue:10.413888931274414
intersection:2, mean_episode_reward:-0.8566668033599854, mean_queue:11.022222518920898
intersection:3, mean_episode_reward:-1.2052778005599976, mean_queue:10.208333015441895
intersection:4, mean_episode_reward:-0.6694445610046387, mean_queue:10.925000190734863
intersection:5, mean_episode_reward:0.062222231179475784, mean_queue:10.466666221618652
intersection:6, mean_episode_reward:0.5333331823348999, mean_queue:10.758333206176758
intersection:7, mean_episode_reward:-0.6050000786781311, mean_queue:10.369444847106934
intersection:8, mean_episode_reward:-0.7325003743171692, mean_queue:10.866666793823242
intersection:9, mean_episode_reward:0.06666664779186249, mean_queue:10.547222137451172
intersection:10, mean_episode_reward:0.0011111239437013865, mean_queue:10.94444465637207
intersection:11, mean_episode_reward:-0.6252778172492981, mean_queue:10.533333778381348
intersection:12, mean_episode_reward:-0.9744441509246826, mean_queue:10.905555725097656
intersection:13, mean_episode_reward:-0.7408334612846375, mean_queue:10.68055534362793
intersection:14, mean_episode_reward:-0.1713888943195343, mean_queue:10.427778244018555
intersection:15, mean_episode_reward:-1.1986114978790283, mean_queue:10.588889122009277
intersection:16, mean_episode_reward:0.056388888508081436, mean_queue:0.7749999761581421
intersection:17, mean_episode_reward:0.10055556893348694, mean_queue:0.7777777910232544
intersection:18, mean_episode_reward:0.12000001966953278, mean_queue:0.7888888716697693
intersection:19, mean_episode_reward:0.20750004053115845, mean_queue:0.8166666626930237
intersection:20, mean_episode_reward:0.15861102938652039, mean_queue:0.7527777552604675
intersection:21, mean_episode_reward:0.11944447457790375, mean_queue:0.8138889074325562
intersection:22, mean_episode_reward:0.09027772396802902, mean_queue:0.7888888716697693
intersection:23, mean_episode_reward:0.06166667863726616, mean_queue:0.7805555462837219
intersection:24, mean_episode_reward:0.23833340406417847, mean_queue:0.7749999761581421
intersection:25, mean_episode_reward:0.0808333232998848, mean_queue:0.7749999761581421
intersection:26, mean_episode_reward:0.10444443672895432, mean_queue:0.75
intersection:27, mean_episode_reward:0.11499994248151779, mean_queue:0.769444465637207
intersection:28, mean_episode_reward:0.2074998915195465, mean_queue:0.7833333611488342
intersection:29, mean_episode_reward:0.1713888943195343, mean_queue:0.8333333134651184
intersection:30, mean_episode_reward:0.11388888955116272, mean_queue:0.8722222447395325
intersection:31, mean_episode_reward:0.12638889253139496, mean_queue:0.8083333373069763
Test step:171/200, travel time :243.16039051603906, rewards:-6.26305677625868, queue:5.6852430555555555, delay:0.050187110900878906, throughput:1434
[CrossingProxy] total ped calls this episode: 201
step:3600/3600, q_loss:0.8312790989875793, rewards:-6.313056098090278, queue:5.700434027777778, delay:0.05269757376776801, throughput:1433
episode:172/200, real avg travel time:245.10467550593162
intersection:0, mean_episode_reward:-0.691388726234436, mean_queue:10.447221755981445
intersection:1, mean_episode_reward:-0.4952777028083801, mean_queue:10.36111068725586
intersection:2, mean_episode_reward:-0.7872216105461121, mean_queue:11.063888549804688
intersection:3, mean_episode_reward:-1.1052782535552979, mean_queue:10.155555725097656
intersection:4, mean_episode_reward:-0.8438891768455505, mean_queue:11.100000381469727
intersection:5, mean_episode_reward:0.3166666626930237, mean_queue:10.149999618530273
intersection:6, mean_episode_reward:0.347777783870697, mean_queue:10.780555725097656
intersection:7, mean_episode_reward:-0.6663890480995178, mean_queue:10.350000381469727
intersection:8, mean_episode_reward:-0.8419442176818848, mean_queue:11.058333396911621
intersection:9, mean_episode_reward:0.00277776294387877, mean_queue:10.483333587646484
intersection:10, mean_episode_reward:0.09833329170942307, mean_queue:10.875
intersection:11, mean_episode_reward:-0.6249999403953552, mean_queue:10.600000381469727
intersection:12, mean_episode_reward:-0.9644448757171631, mean_queue:10.877778053283691
intersection:13, mean_episode_reward:-0.5177779793739319, mean_queue:10.477777481079102
intersection:14, mean_episode_reward:-0.34638893604278564, mean_queue:10.44444465637207
intersection:15, mean_episode_reward:-1.141111135482788, mean_queue:10.527777671813965
intersection:16, mean_episode_reward:0.06166664883494377, mean_queue:0.7749999761581421
intersection:17, mean_episode_reward:0.08777780085802078, mean_queue:0.7777777910232544
intersection:18, mean_episode_reward:0.09916666895151138, mean_queue:0.7888888716697693
intersection:19, mean_episode_reward:0.16111113131046295, mean_queue:0.8166666626930237
intersection:20, mean_episode_reward:0.14833320677280426, mean_queue:0.7527777552604675
intersection:21, mean_episode_reward:0.1322222352027893, mean_queue:0.8138889074325562
intersection:22, mean_episode_reward:0.05805555358529091, mean_queue:0.7888888716697693
intersection:23, mean_episode_reward:0.02666664682328701, mean_queue:0.7805555462837219
intersection:24, mean_episode_reward:0.21972225606441498, mean_queue:0.7749999761581421
intersection:25, mean_episode_reward:0.07194444537162781, mean_queue:0.7749999761581421
intersection:26, mean_episode_reward:0.11527777463197708, mean_queue:0.75
intersection:27, mean_episode_reward:0.10777774453163147, mean_queue:0.769444465637207
intersection:28, mean_episode_reward:0.18583329021930695, mean_queue:0.7833333611488342
intersection:29, mean_episode_reward:0.18694442510604858, mean_queue:0.8333333134651184
intersection:30, mean_episode_reward:0.1824999451637268, mean_queue:0.8722222447395325
intersection:31, mean_episode_reward:0.10249999165534973, mean_queue:0.8083333373069763
Test step:172/200, travel time :248.80962343096235, rewards:-6.508611382378472, queue:5.73046875, delay:0.05384260813395182, throughput:1434
[CrossingProxy] total ped calls this episode: 221
step:3600/3600, q_loss:0.824373722076416, rewards:-6.119443088107639, queue:5.74453125, delay:0.05402424600389269, throughput:1437
episode:173/200, real avg travel time:251.32637439109254
intersection:0, mean_episode_reward:-0.7944443821907043, mean_queue:10.502778053283691
intersection:1, mean_episode_reward:-0.35083335638046265, mean_queue:10.602777481079102
intersection:2, mean_episode_reward:-0.6938889026641846, mean_queue:10.975000381469727
intersection:3, mean_episode_reward:-1.1630555391311646, mean_queue:10.244444847106934
intersection:4, mean_episode_reward:-0.6908330321311951, mean_queue:11.027777671813965
intersection:5, mean_episode_reward:0.05888887867331505, mean_queue:10.527777671813965
intersection:6, mean_episode_reward:0.32277777791023254, mean_queue:10.627778053283691
intersection:7, mean_episode_reward:-0.4383332133293152, mean_queue:10.383333206176758
intersection:8, mean_episode_reward:-0.7630555629730225, mean_queue:10.788888931274414
intersection:9, mean_episode_reward:-0.08861109614372253, mean_queue:10.725000381469727
intersection:10, mean_episode_reward:0.095833420753479, mean_queue:10.991666793823242
intersection:11, mean_episode_reward:-0.41305553913116455, mean_queue:10.572221755981445
intersection:12, mean_episode_reward:-0.9375, mean_queue:11.019444465637207
intersection:13, mean_episode_reward:-0.5055556893348694, mean_queue:10.597222328186035
intersection:14, mean_episode_reward:-0.5477777123451233, mean_queue:10.833333015441895
intersection:15, mean_episode_reward:-1.318055272102356, mean_queue:10.744444847106934
intersection:16, mean_episode_reward:0.03111112117767334, mean_queue:0.7749999761581421
intersection:17, mean_episode_reward:0.07333335280418396, mean_queue:0.7777777910232544
intersection:18, mean_episode_reward:0.07277779281139374, mean_queue:0.7888888716697693
intersection:19, mean_episode_reward:0.1644444763660431, mean_queue:0.8166666626930237
intersection:20, mean_episode_reward:0.14666658639907837, mean_queue:0.7527777552604675
intersection:21, mean_episode_reward:0.18138891458511353, mean_queue:0.8138889074325562
intersection:22, mean_episode_reward:0.05527777224779129, mean_queue:0.7888888716697693
intersection:23, mean_episode_reward:0.07972230762243271, mean_queue:0.7805555462837219
intersection:24, mean_episode_reward:0.36444443464279175, mean_queue:0.7749999761581421
intersection:25, mean_episode_reward:0.09638889133930206, mean_queue:0.7749999761581421
intersection:26, mean_episode_reward:0.1227777898311615, mean_queue:0.75
intersection:27, mean_episode_reward:0.11166664958000183, mean_queue:0.769444465637207
intersection:28, mean_episode_reward:0.14499995112419128, mean_queue:0.7833333611488342
intersection:29, mean_episode_reward:0.19083333015441895, mean_queue:0.8333333134651184
intersection:30, mean_episode_reward:0.1641666442155838, mean_queue:0.8722222447395325
intersection:31, mean_episode_reward:0.10805554687976837, mean_queue:0.8083333373069763
Test step:173/200, travel time :244.05226480836237, rewards:-6.293332926432291, queue:5.698090277777778, delay:0.0516699579026964, throughput:1435
[CrossingProxy] total ped calls this episode: 236
step:3600/3600, q_loss:0.8279918432235718, rewards:-6.108889431423611, queue:5.722135416666666, delay:0.05306970808241102, throughput:1434
episode:174/200, real avg travel time:247.32496513249652
intersection:0, mean_episode_reward:-0.6830558180809021, mean_queue:10.469444274902344
intersection:1, mean_episode_reward:-0.5561109185218811, mean_queue:10.66944408416748
intersection:2, mean_episode_reward:-0.7405556440353394, mean_queue:11.016666412353516
intersection:3, mean_episode_reward:-1.2847224473953247, mean_queue:10.288888931274414
intersection:4, mean_episode_reward:-0.1711111217737198, mean_queue:10.891666412353516
intersection:5, mean_episode_reward:-0.22499996423721313, mean_queue:10.79444408416748
intersection:6, mean_episode_reward:0.17749997973442078, mean_queue:10.824999809265137
intersection:7, mean_episode_reward:-0.9649996161460876, mean_queue:10.547222137451172
intersection:8, mean_episode_reward:-0.5133334398269653, mean_queue:10.683333396911621
intersection:9, mean_episode_reward:0.11694451421499252, mean_queue:10.538888931274414
intersection:10, mean_episode_reward:-0.1041666567325592, mean_queue:10.977777481079102
intersection:11, mean_episode_reward:-0.15277783572673798, mean_queue:10.366666793823242
intersection:12, mean_episode_reward:-0.8252780437469482, mean_queue:10.786110877990723
intersection:13, mean_episode_reward:-0.566944420337677, mean_queue:10.61388874053955
intersection:14, mean_episode_reward:-0.33444446325302124, mean_queue:10.461111068725586
intersection:15, mean_episode_reward:-1.2336112260818481, mean_queue:10.516666412353516
intersection:16, mean_episode_reward:0.03138890117406845, mean_queue:0.7749999761581421
intersection:17, mean_episode_reward:0.08527779579162598, mean_queue:0.7777777910232544
intersection:18, mean_episode_reward:0.055277787148952484, mean_queue:0.7888888716697693
intersection:19, mean_episode_reward:0.15861113369464874, mean_queue:0.8166666626930237
intersection:20, mean_episode_reward:0.13944436609745026, mean_queue:0.7527777552604675
intersection:21, mean_episode_reward:0.1972222626209259, mean_queue:0.8138889074325562
intersection:22, mean_episode_reward:0.05249999463558197, mean_queue:0.7888888716697693
intersection:23, mean_episode_reward:0.07972230762243271, mean_queue:0.7805555462837219
intersection:24, mean_episode_reward:0.19055558741092682, mean_queue:0.7749999761581421
intersection:25, mean_episode_reward:0.0741666629910469, mean_queue:0.7749999761581421
intersection:26, mean_episode_reward:0.1275000274181366, mean_queue:0.75
intersection:27, mean_episode_reward:0.1294444352388382, mean_queue:0.769444465637207
intersection:28, mean_episode_reward:0.2227775752544403, mean_queue:0.7833333611488342
intersection:29, mean_episode_reward:0.1994444578886032, mean_queue:0.8333333134651184
intersection:30, mean_episode_reward:0.1319444179534912, mean_queue:0.8722222447395325
intersection:31, mean_episode_reward:0.07749999314546585, mean_queue:0.8083333373069763
Test step:174/200, travel time :249.34030683403068, rewards:-6.189444986979167, queue:5.720572916666667, delay:0.05232059160868327, throughput:1434
[CrossingProxy] total ped calls this episode: 228
step:3600/3600, q_loss:0.8314329385757446, rewards:-6.0788892957899305, queue:5.708420138888889, delay:0.052004596922132704, throughput:1436
episode:175/200, real avg travel time:247.1058495821727
intersection:0, mean_episode_reward:-0.6930556297302246, mean_queue:10.44444465637207
intersection:1, mean_episode_reward:-0.5111112594604492, mean_queue:10.558333396911621
intersection:2, mean_episode_reward:-0.6452779769897461, mean_queue:11.022222518920898
intersection:3, mean_episode_reward:-1.372221827507019, mean_queue:10.291666984558105
intersection:4, mean_episode_reward:-0.7238888144493103, mean_queue:10.938888549804688
intersection:5, mean_episode_reward:0.39777782559394836, mean_queue:10.252778053283691
intersection:6, mean_episode_reward:0.3075000047683716, mean_queue:10.677778244018555
intersection:7, mean_episode_reward:-0.6074998378753662, mean_queue:10.352777481079102
intersection:8, mean_episode_reward:-0.6369444727897644, mean_queue:10.722222328186035
intersection:9, mean_episode_reward:0.15166668593883514, mean_queue:10.452777862548828
intersection:10, mean_episode_reward:-0.050277795642614365, mean_queue:10.95555591583252
intersection:11, mean_episode_reward:-0.41638895869255066, mean_queue:10.552778244018555
intersection:12, mean_episode_reward:-0.7930557131767273, mean_queue:10.780555725097656
intersection:13, mean_episode_reward:-0.5700000524520874, mean_queue:10.51111125946045
intersection:14, mean_episode_reward:-0.22805556654930115, mean_queue:10.597222328186035
intersection:15, mean_episode_reward:-1.5499999523162842, mean_queue:10.897222518920898
intersection:16, mean_episode_reward:0.03138890117406845, mean_queue:0.7749999761581421
intersection:17, mean_episode_reward:0.07777778059244156, mean_queue:0.7777777910232544
intersection:18, mean_episode_reward:0.0738888829946518, mean_queue:0.7888888716697693
intersection:19, mean_episode_reward:0.17666667699813843, mean_queue:0.8166666626930237
intersection:20, mean_episode_reward:0.14888879656791687, mean_queue:0.7527777552604675
intersection:21, mean_episode_reward:0.1647222489118576, mean_queue:0.8138889074325562
intersection:22, mean_episode_reward:0.07999996840953827, mean_queue:0.7888888716697693
intersection:23, mean_episode_reward:0.024166647344827652, mean_queue:0.7805555462837219
intersection:24, mean_episode_reward:0.21222224831581116, mean_queue:0.7749999761581421
intersection:25, mean_episode_reward:0.08361110836267471, mean_queue:0.7749999761581421
intersection:26, mean_episode_reward:0.11277779191732407, mean_queue:0.75
intersection:27, mean_episode_reward:0.10777776688337326, mean_queue:0.769444465637207
intersection:28, mean_episode_reward:0.14166662096977234, mean_queue:0.7833333611488342
intersection:29, mean_episode_reward:0.18583333492279053, mean_queue:0.8333333134651184
intersection:30, mean_episode_reward:0.14472220838069916, mean_queue:0.8722222447395325
intersection:31, mean_episode_reward:0.09583332389593124, mean_queue:0.8083333373069763
Test step:175/200, travel time :250.2162726008345, rewards:-6.631666395399305, queue:5.731684027777778, delay:0.0538411988152398, throughput:1438
[CrossingProxy] total ped calls this episode: 236
step:3600/3600, q_loss:0.8300125002861023, rewards:-6.324167209201389, queue:5.731163194444444, delay:0.0528333134121365, throughput:1433
episode:176/200, real avg travel time:246.36915561758548
intersection:0, mean_episode_reward:-0.7530555129051208, mean_queue:10.447221755981445
intersection:1, mean_episode_reward:-0.537499725818634, mean_queue:10.602777481079102
intersection:2, mean_episode_reward:-0.7252774834632874, mean_queue:11.077777862548828
intersection:3, mean_episode_reward:-1.1097218990325928, mean_queue:10.272222518920898
intersection:4, mean_episode_reward:-0.7408328652381897, mean_queue:10.997221946716309
intersection:5, mean_episode_reward:0.363611102104187, mean_queue:10.347222328186035
intersection:6, mean_episode_reward:0.39250001311302185, mean_queue:10.811111450195312
intersection:7, mean_episode_reward:-0.8705559372901917, mean_queue:10.5
intersection:8, mean_episode_reward:-0.5705556869506836, mean_queue:10.797222137451172
intersection:9, mean_episode_reward:-0.12250000983476639, mean_queue:10.616666793823242
intersection:10, mean_episode_reward:0.1683332920074463, mean_queue:10.902777671813965
intersection:11, mean_episode_reward:-0.2102777510881424, mean_queue:10.41944408416748
intersection:12, mean_episode_reward:-1.0936113595962524, mean_queue:11.033333778381348
intersection:13, mean_episode_reward:-0.645555317401886, mean_queue:10.574999809265137
intersection:14, mean_episode_reward:-0.08250001072883606, mean_queue:10.333333015441895
intersection:15, mean_episode_reward:-1.7972232103347778, mean_queue:11.002778053283691
intersection:16, mean_episode_reward:0.02138889580965042, mean_queue:0.7749999761581421
intersection:17, mean_episode_reward:0.08277780562639236, mean_queue:0.7777777910232544
intersection:18, mean_episode_reward:0.08277780562639236, mean_queue:0.7888888716697693
intersection:19, mean_episode_reward:0.18111109733581543, mean_queue:0.8166666626930237
intersection:20, mean_episode_reward:0.13416656851768494, mean_queue:0.7527777552604675
intersection:21, mean_episode_reward:0.1625000387430191, mean_queue:0.8138889074325562
intersection:22, mean_episode_reward:0.06972219794988632, mean_queue:0.7888888716697693
intersection:23, mean_episode_reward:0.005277776159346104, mean_queue:0.7805555462837219
intersection:24, mean_episode_reward:0.2058333307504654, mean_queue:0.7749999761581421
intersection:25, mean_episode_reward:0.07972221821546555, mean_queue:0.7749999761581421
intersection:26, mean_episode_reward:0.10222221910953522, mean_queue:0.75
intersection:27, mean_episode_reward:0.32249993085861206, mean_queue:0.769444465637207
intersection:28, mean_episode_reward:0.19333328306674957, mean_queue:0.7833333611488342
intersection:29, mean_episode_reward:0.1711111217737198, mean_queue:0.8333333134651184
intersection:30, mean_episode_reward:0.12055554986000061, mean_queue:0.8722222447395325
intersection:31, mean_episode_reward:0.07555554807186127, mean_queue:0.8083333373069763
Test step:176/200, travel time :249.06949270326615, rewards:-6.243333604600695, queue:5.7405381944444445, delay:0.05253517362806532, throughput:1439
[CrossingProxy] total ped calls this episode: 241
step:3600/3600, q_loss:0.8313897252082825, rewards:-6.261388481987847, queue:5.717274305555556, delay:0.052770042419433595, throughput:1436
episode:177/200, real avg travel time:248.29805013927577
intersection:0, mean_episode_reward:-0.756388783454895, mean_queue:10.425000190734863
intersection:1, mean_episode_reward:-0.3266666829586029, mean_queue:10.352777481079102
intersection:2, mean_episode_reward:-0.8188895583152771, mean_queue:11.211111068725586
intersection:3, mean_episode_reward:-1.349722146987915, mean_queue:10.322221755981445
intersection:4, mean_episode_reward:-1.0011110305786133, mean_queue:11.366666793823242
intersection:5, mean_episode_reward:0.4011112153530121, mean_queue:10.327777862548828
intersection:6, mean_episode_reward:0.27972233295440674, mean_queue:10.752778053283691
intersection:7, mean_episode_reward:-0.6136112809181213, mean_queue:10.366666793823242
intersection:8, mean_episode_reward:-0.5955554246902466, mean_queue:10.79444408416748
intersection:9, mean_episode_reward:0.011111081577837467, mean_queue:10.66944408416748
intersection:10, mean_episode_reward:0.12666670978069305, mean_queue:10.772222518920898
intersection:11, mean_episode_reward:-0.27444443106651306, mean_queue:10.38611125946045
intersection:12, mean_episode_reward:-0.7230554223060608, mean_queue:10.622221946716309
intersection:13, mean_episode_reward:-0.7780551314353943, mean_queue:10.616666793823242
intersection:14, mean_episode_reward:-0.34472230076789856, mean_queue:10.538888931274414
intersection:15, mean_episode_reward:-1.4361107349395752, mean_queue:10.766666412353516
intersection:16, mean_episode_reward:0.02972223050892353, mean_queue:0.7749999761581421
intersection:17, mean_episode_reward:0.11472224444150925, mean_queue:0.7777777910232544
intersection:18, mean_episode_reward:0.08249998837709427, mean_queue:0.7888888716697693
intersection:19, mean_episode_reward:0.15361112356185913, mean_queue:0.8166666626930237
intersection:20, mean_episode_reward:0.12777771055698395, mean_queue:0.7527777552604675
intersection:21, mean_episode_reward:0.1625000238418579, mean_queue:0.8138889074325562
intersection:22, mean_episode_reward:0.07916663587093353, mean_queue:0.7888888716697693
intersection:23, mean_episode_reward:0.04750000685453415, mean_queue:0.7805555462837219
intersection:24, mean_episode_reward:0.19055558741092682, mean_queue:0.7749999761581421
intersection:25, mean_episode_reward:0.07083333283662796, mean_queue:0.7749999761581421
intersection:26, mean_episode_reward:0.16416668891906738, mean_queue:0.75
intersection:27, mean_episode_reward:0.13499997556209564, mean_queue:0.769444465637207
intersection:28, mean_episode_reward:0.15416666865348816, mean_queue:0.7833333611488342
intersection:29, mean_episode_reward:0.1877777874469757, mean_queue:0.8333333134651184
intersection:30, mean_episode_reward:0.14055553078651428, mean_queue:0.8722222447395325
intersection:31, mean_episode_reward:0.09777781367301941, mean_queue:0.8083333373069763
Test step:177/200, travel time :250.39136490250695, rewards:-6.326944986979167, queue:5.734548611111111, delay:0.054061237970987955, throughput:1436
[CrossingProxy] total ped calls this episode: 239
step:3600/3600, q_loss:0.8301951289176941, rewards:-6.441944715711806, queue:5.755642361111111, delay:0.05416478051079644, throughput:1438
episode:178/200, real avg travel time:252.2510431154381
intersection:0, mean_episode_reward:-0.8869443535804749, mean_queue:10.663888931274414
intersection:1, mean_episode_reward:-0.30361121892929077, mean_queue:10.372221946716309
intersection:2, mean_episode_reward:-0.7805555462837219, mean_queue:11.172222137451172
intersection:3, mean_episode_reward:-1.1424996852874756, mean_queue:10.283333778381348
intersection:4, mean_episode_reward:-0.6980554461479187, mean_queue:11.102777481079102
intersection:5, mean_episode_reward:0.35166677832603455, mean_queue:10.31944465637207
intersection:6, mean_episode_reward:0.21805553138256073, mean_queue:10.833333015441895
intersection:7, mean_episode_reward:-0.6727778315544128, mean_queue:10.516666412353516
intersection:8, mean_episode_reward:-0.8722221255302429, mean_queue:11.086111068725586
intersection:9, mean_episode_reward:-0.0766666978597641, mean_queue:10.61388874053955
intersection:10, mean_episode_reward:-0.07305563986301422, mean_queue:10.841666221618652
intersection:11, mean_episode_reward:-0.40805548429489136, mean_queue:10.36388874053955
intersection:12, mean_episode_reward:-0.8950000405311584, mean_queue:11.097222328186035
intersection:13, mean_episode_reward:-0.5769442915916443, mean_queue:10.658333778381348
intersection:14, mean_episode_reward:0.04499999061226845, mean_queue:10.561111450195312
intersection:15, mean_episode_reward:-1.6663898229599, mean_queue:11.033333778381348
intersection:16, mean_episode_reward:0.05805554986000061, mean_queue:0.7749999761581421
intersection:17, mean_episode_reward:0.08444445580244064, mean_queue:0.7777777910232544
intersection:18, mean_episode_reward:0.07166669517755508, mean_queue:0.7888888716697693
intersection:19, mean_episode_reward:0.23416665196418762, mean_queue:0.8166666626930237
intersection:20, mean_episode_reward:0.10305554419755936, mean_queue:0.7527777552604675
intersection:21, mean_episode_reward:0.1716666966676712, mean_queue:0.8138889074325562
intersection:22, mean_episode_reward:0.048888884484767914, mean_queue:0.7888888716697693
intersection:23, mean_episode_reward:0.007777775172144175, mean_queue:0.7805555462837219
intersection:24, mean_episode_reward:0.22555561363697052, mean_queue:0.7749999761581421
intersection:25, mean_episode_reward:0.11499997973442078, mean_queue:0.7749999761581421
intersection:26, mean_episode_reward:0.11694444715976715, mean_queue:0.75
intersection:27, mean_episode_reward:0.18833330273628235, mean_queue:0.769444465637207
intersection:28, mean_episode_reward:0.1522221714258194, mean_queue:0.7833333611488342
intersection:29, mean_episode_reward:0.19777780771255493, mean_queue:0.8333333134651184
intersection:30, mean_episode_reward:0.13083331286907196, mean_queue:0.8722222447395325
intersection:31, mean_episode_reward:0.08972222357988358, mean_queue:0.8083333373069763
Test step:178/200, travel time :253.07327285415212, rewards:-6.3005560980902775, queue:5.740104166666667, delay:0.05402352015177409, throughput:1433
[CrossingProxy] total ped calls this episode: 230
step:3600/3600, q_loss:0.8296759724617004, rewards:-6.866389973958333, queue:5.76171875, delay:0.054683091905381946, throughput:1435
episode:179/200, real avg travel time:252.22439024390243
intersection:0, mean_episode_reward:-0.7172221541404724, mean_queue:10.591666221618652
intersection:1, mean_episode_reward:-0.43416649103164673, mean_queue:10.536110877990723
intersection:2, mean_episode_reward:-0.7072221040725708, mean_queue:10.938888549804688
intersection:3, mean_episode_reward:-1.1741673946380615, mean_queue:10.141666412353516
intersection:4, mean_episode_reward:-0.8611112236976624, mean_queue:11.199999809265137
intersection:5, mean_episode_reward:0.3900000751018524, mean_queue:10.366666793823242
intersection:6, mean_episode_reward:0.1991667002439499, mean_queue:10.649999618530273
intersection:7, mean_episode_reward:-0.565833330154419, mean_queue:10.472222328186035
intersection:8, mean_episode_reward:-1.3158332109451294, mean_queue:11.405555725097656
intersection:9, mean_episode_reward:0.15416668355464935, mean_queue:10.788888931274414
intersection:10, mean_episode_reward:0.0008333138539455831, mean_queue:11.022222518920898
intersection:11, mean_episode_reward:-0.5630557537078857, mean_queue:10.622221946716309
intersection:12, mean_episode_reward:-1.0894443988800049, mean_queue:10.966666221618652
intersection:13, mean_episode_reward:-0.5722224116325378, mean_queue:10.652777671813965
intersection:14, mean_episode_reward:-0.26416659355163574, mean_queue:10.652777671813965
intersection:15, mean_episode_reward:-1.445555567741394, mean_queue:10.70555591583252
intersection:16, mean_episode_reward:0.05222221091389656, mean_queue:0.7749999761581421
intersection:17, mean_episode_reward:0.13305555284023285, mean_queue:0.7777777910232544
intersection:18, mean_episode_reward:0.07555554807186127, mean_queue:0.7888888716697693
intersection:19, mean_episode_reward:0.18138891458511353, mean_queue:0.8166666626930237
intersection:20, mean_episode_reward:0.1449999213218689, mean_queue:0.7527777552604675
intersection:21, mean_episode_reward:0.15361112356185913, mean_queue:0.8138889074325562
intersection:22, mean_episode_reward:0.0783333033323288, mean_queue:0.7888888716697693
intersection:23, mean_episode_reward:0.009166659787297249, mean_queue:0.7805555462837219
intersection:24, mean_episode_reward:0.17833338677883148, mean_queue:0.7749999761581421
intersection:25, mean_episode_reward:0.10805554687976837, mean_queue:0.7749999761581421
intersection:26, mean_episode_reward:0.16555559635162354, mean_queue:0.75
intersection:27, mean_episode_reward:0.11666660010814667, mean_queue:0.769444465637207
intersection:28, mean_episode_reward:0.14888884127140045, mean_queue:0.7833333611488342
intersection:29, mean_episode_reward:0.31888890266418457, mean_queue:0.8333333134651184
intersection:30, mean_episode_reward:0.14194442331790924, mean_queue:0.8722222447395325
intersection:31, mean_episode_reward:0.09277777373790741, mean_queue:0.8083333373069763
Test step:179/200, travel time :245.51500348918353, rewards:-6.026666937934028, queue:5.720052083333333, delay:0.05308295885721843, throughput:1433
[CrossingProxy] total ped calls this episode: 233
step:3600/3600, q_loss:0.8231706619262695, rewards:-6.155835639105903, queue:5.703645833333334, delay:0.051455646091037324, throughput:1433
episode:180/200, real avg travel time:246.10118632240057
intersection:0, mean_episode_reward:-0.7263892292976379, mean_queue:10.466666221618652
intersection:1, mean_episode_reward:-0.48833343386650085, mean_queue:10.422222137451172
intersection:2, mean_episode_reward:-0.7230555415153503, mean_queue:11.027777671813965
intersection:3, mean_episode_reward:-1.2313894033432007, mean_queue:10.311111450195312
intersection:4, mean_episode_reward:-0.7230555415153503, mean_queue:10.813888549804688
intersection:5, mean_episode_reward:0.2513889670372009, mean_queue:10.255555152893066
intersection:6, mean_episode_reward:0.34166663885116577, mean_queue:10.68055534362793
intersection:7, mean_episode_reward:-0.6633334755897522, mean_queue:10.619444847106934
intersection:8, mean_episode_reward:-0.5074996948242188, mean_queue:10.54444408416748
intersection:9, mean_episode_reward:-0.09666671603918076, mean_queue:10.641666412353516
intersection:10, mean_episode_reward:0.07361108809709549, mean_queue:10.86388874053955
intersection:11, mean_episode_reward:-0.3286110758781433, mean_queue:10.54444408416748
intersection:12, mean_episode_reward:-1.034166932106018, mean_queue:10.866666793823242
intersection:13, mean_episode_reward:-0.5741668343544006, mean_queue:10.558333396911621
intersection:14, mean_episode_reward:-0.16555553674697876, mean_queue:10.524999618530273
intersection:15, mean_episode_reward:-1.4808342456817627, mean_queue:10.713889122009277
intersection:16, mean_episode_reward:0.028611116111278534, mean_queue:0.7749999761581421
intersection:17, mean_episode_reward:0.08277779072523117, mean_queue:0.7777777910232544
intersection:18, mean_episode_reward:0.04666667431592941, mean_queue:0.7888888716697693
intersection:19, mean_episode_reward:0.181111142039299, mean_queue:0.8166666626930237
intersection:20, mean_episode_reward:0.1497221142053604, mean_queue:0.7527777552604675
intersection:21, mean_episode_reward:0.11944445222616196, mean_queue:0.8138889074325562
intersection:22, mean_episode_reward:0.07777774333953857, mean_queue:0.7888888716697693
intersection:23, mean_episode_reward:0.03916667401790619, mean_queue:0.7805555462837219
intersection:24, mean_episode_reward:0.16416671872138977, mean_queue:0.7749999761581421
intersection:25, mean_episode_reward:0.07416665554046631, mean_queue:0.7749999761581421
intersection:26, mean_episode_reward:0.16527782380580902, mean_queue:0.75
intersection:27, mean_episode_reward:0.09333334118127823, mean_queue:0.769444465637207
intersection:28, mean_episode_reward:0.16249997913837433, mean_queue:0.7833333611488342
intersection:29, mean_episode_reward:0.3266666531562805, mean_queue:0.8333333134651184
intersection:30, mean_episode_reward:0.12333332002162933, mean_queue:0.8722222447395325
intersection:31, mean_episode_reward:0.085833340883255, mean_queue:0.8083333373069763
Test step:180/200, travel time :248.87543493389006, rewards:-6.163610161675347, queue:5.730381944444445, delay:0.05290312237209744, throughput:1437
[CrossingProxy] total ped calls this episode: 220
step:3600/3600, q_loss:0.8285810947418213, rewards:-6.171111382378472, queue:5.729774305555556, delay:0.053243764241536456, throughput:1436
episode:181/200, real avg travel time:247.6176880222841
intersection:0, mean_episode_reward:-0.7905557155609131, mean_queue:10.616666793823242
intersection:1, mean_episode_reward:-0.4855554401874542, mean_queue:10.550000190734863
intersection:2, mean_episode_reward:-0.5397221446037292, mean_queue:10.866666793823242
intersection:3, mean_episode_reward:-1.4186111688613892, mean_queue:10.411110877990723
intersection:4, mean_episode_reward:-0.6091666221618652, mean_queue:10.877778053283691
intersection:5, mean_episode_reward:0.3258332312107086, mean_queue:10.413888931274414
intersection:6, mean_episode_reward:0.20277772843837738, mean_queue:10.649999618530273
intersection:7, mean_episode_reward:-0.5569443702697754, mean_queue:10.341666221618652
intersection:8, mean_episode_reward:-0.8055559992790222, mean_queue:10.758333206176758
intersection:9, mean_episode_reward:0.023055540397763252, mean_queue:10.663888931274414
intersection:10, mean_episode_reward:0.008333324454724789, mean_queue:11.097222328186035
intersection:11, mean_episode_reward:-0.45777761936187744, mean_queue:10.619444847106934
intersection:12, mean_episode_reward:-0.9772225022315979, mean_queue:10.877778053283691
intersection:13, mean_episode_reward:-0.40361112356185913, mean_queue:10.686111450195312
intersection:14, mean_episode_reward:-0.2866666316986084, mean_queue:10.663888931274414
intersection:15, mean_episode_reward:-1.3324998617172241, mean_queue:10.597222328186035
intersection:16, mean_episode_reward:0.06222221627831459, mean_queue:0.7749999761581421
intersection:17, mean_episode_reward:0.08138890564441681, mean_queue:0.7777777910232544
intersection:18, mean_episode_reward:0.09583333134651184, mean_queue:0.7888888716697693
intersection:19, mean_episode_reward:0.19583337008953094, mean_queue:0.8166666626930237
intersection:20, mean_episode_reward:0.1358332633972168, mean_queue:0.7527777552604675
intersection:21, mean_episode_reward:0.12611111998558044, mean_queue:0.8138889074325562
intersection:22, mean_episode_reward:0.05833333358168602, mean_queue:0.7888888716697693
intersection:23, mean_episode_reward:-0.006388887297362089, mean_queue:0.7805555462837219
intersection:24, mean_episode_reward:0.1600000262260437, mean_queue:0.7749999761581421
intersection:25, mean_episode_reward:0.0833333358168602, mean_queue:0.7749999761581421
intersection:26, mean_episode_reward:0.12222224473953247, mean_queue:0.75
intersection:27, mean_episode_reward:0.1272221952676773, mean_queue:0.769444465637207
intersection:28, mean_episode_reward:0.28222209215164185, mean_queue:0.7833333611488342
intersection:29, mean_episode_reward:0.20416666567325592, mean_queue:0.8333333134651184
intersection:30, mean_episode_reward:0.11472219973802567, mean_queue:0.8722222447395325
intersection:31, mean_episode_reward:0.08972225338220596, mean_queue:0.8083333373069763
Test step:181/200, travel time :248.73816155988857, rewards:-6.3638902452256945, queue:5.724565972222222, delay:0.053356975979275176, throughput:1436
[CrossingProxy] total ped calls this episode: 236
step:3600/3600, q_loss:0.8248610496520996, rewards:-6.167222764756945, queue:5.728125, delay:0.05284292432996962, throughput:1435
episode:182/200, real avg travel time:248.63344947735192
intersection:0, mean_episode_reward:-0.5450000166893005, mean_queue:10.469444274902344
intersection:1, mean_episode_reward:-0.5916663408279419, mean_queue:10.5
intersection:2, mean_episode_reward:-0.5769444704055786, mean_queue:10.963889122009277
intersection:3, mean_episode_reward:-1.4197226762771606, mean_queue:10.425000190734863
intersection:4, mean_episode_reward:-0.5677779316902161, mean_queue:10.98611068725586
intersection:5, mean_episode_reward:0.12361110746860504, mean_queue:10.280555725097656
intersection:6, mean_episode_reward:0.39333340525627136, mean_queue:10.644444465637207
intersection:7, mean_episode_reward:-0.6144444942474365, mean_queue:10.436111450195312
intersection:8, mean_episode_reward:-0.7808335423469543, mean_queue:10.836111068725586
intersection:9, mean_episode_reward:0.1313890814781189, mean_queue:10.588889122009277
intersection:10, mean_episode_reward:-0.1858333945274353, mean_queue:10.897222518920898
intersection:11, mean_episode_reward:-0.29666656255722046, mean_queue:10.322221755981445
intersection:12, mean_episode_reward:-1.01194429397583, mean_queue:11.022222518920898
intersection:13, mean_episode_reward:-0.4922221601009369, mean_queue:10.86388874053955
intersection:14, mean_episode_reward:-0.4991667568683624, mean_queue:10.800000190734863
intersection:15, mean_episode_reward:-1.2302778959274292, mean_queue:10.602777481079102
intersection:16, mean_episode_reward:0.036666665226221085, mean_queue:0.7749999761581421
intersection:17, mean_episode_reward:0.07277779281139374, mean_queue:0.7777777910232544
intersection:18, mean_episode_reward:0.08055557310581207, mean_queue:0.7888888716697693
intersection:19, mean_episode_reward:0.15416668355464935, mean_queue:0.8166666626930237
intersection:20, mean_episode_reward:0.18749994039535522, mean_queue:0.7527777552604675
intersection:21, mean_episode_reward:0.13388888537883759, mean_queue:0.8138889074325562
intersection:22, mean_episode_reward:0.048333339393138885, mean_queue:0.7888888716697693
intersection:23, mean_episode_reward:0.0005555553361773491, mean_queue:0.7805555462837219
intersection:24, mean_episode_reward:0.27750006318092346, mean_queue:0.7749999761581421
intersection:25, mean_episode_reward:0.08055555075407028, mean_queue:0.7749999761581421
intersection:26, mean_episode_reward:0.12027779966592789, mean_queue:0.75
intersection:27, mean_episode_reward:0.10833331197500229, mean_queue:0.769444465637207
intersection:28, mean_episode_reward:0.2636110484600067, mean_queue:0.7833333611488342
intersection:29, mean_episode_reward:0.19805556535720825, mean_queue:0.8333333134651184
intersection:30, mean_episode_reward:0.13666664063930511, mean_queue:0.8722222447395325
intersection:31, mean_episode_reward:0.0975000187754631, mean_queue:0.8083333373069763
Test step:182/200, travel time :252.34797768479777, rewards:-6.430277506510417, queue:5.749565972222222, delay:0.054264227549235024, throughput:1434
[CrossingProxy] total ped calls this episode: 236
step:3600/3600, q_loss:0.8222213983535767, rewards:-6.307222493489584, queue:5.724045138888889, delay:0.053049596150716145, throughput:1433
episode:183/200, real avg travel time:248.05722260990927
intersection:0, mean_episode_reward:-0.7724999189376831, mean_queue:10.538888931274414
intersection:1, mean_episode_reward:-0.4088888466358185, mean_queue:10.41944408416748
intersection:2, mean_episode_reward:-0.6430556178092957, mean_queue:11.324999809265137
intersection:3, mean_episode_reward:-1.4147223234176636, mean_queue:10.466666221618652
intersection:4, mean_episode_reward:-0.6694445013999939, mean_queue:11.047222137451172
intersection:5, mean_episode_reward:0.03166665881872177, mean_queue:10.51388931274414
intersection:6, mean_episode_reward:0.48444437980651855, mean_queue:10.81944465637207
intersection:7, mean_episode_reward:-0.5244443416595459, mean_queue:10.29444408416748
intersection:8, mean_episode_reward:-0.681111216545105, mean_queue:10.755555152893066
intersection:9, mean_episode_reward:0.06305544823408127, mean_queue:10.494444847106934
intersection:10, mean_episode_reward:-0.18416666984558105, mean_queue:10.969444274902344
intersection:11, mean_episode_reward:-0.3294444680213928, mean_queue:10.372221946716309
intersection:12, mean_episode_reward:-0.8922221660614014, mean_queue:10.797222137451172
intersection:13, mean_episode_reward:-0.6188889145851135, mean_queue:10.56944465637207
intersection:14, mean_episode_reward:-0.4744444191455841, mean_queue:10.552778244018555
intersection:15, mean_episode_reward:-1.1877776384353638, mean_queue:10.572221755981445
intersection:16, mean_episode_reward:0.02972223050892353, mean_queue:0.7749999761581421
intersection:17, mean_episode_reward:0.08916668593883514, mean_queue:0.7777777910232544
intersection:18, mean_episode_reward:0.08138889074325562, mean_queue:0.7888888716697693
intersection:19, mean_episode_reward:0.17083334922790527, mean_queue:0.8166666626930237
intersection:20, mean_episode_reward:0.16722211241722107, mean_queue:0.7527777552604675
intersection:21, mean_episode_reward:0.16861113905906677, mean_queue:0.8138889074325562
intersection:22, mean_episode_reward:0.04916666820645332, mean_queue:0.7888888716697693
intersection:23, mean_episode_reward:0.03916667401790619, mean_queue:0.7805555462837219
intersection:24, mean_episode_reward:0.21916671097278595, mean_queue:0.7749999761581421
intersection:25, mean_episode_reward:0.09472224116325378, mean_queue:0.7749999761581421
intersection:26, mean_episode_reward:0.11083336174488068, mean_queue:0.75
intersection:27, mean_episode_reward:0.10666664689779282, mean_queue:0.769444465637207
intersection:28, mean_episode_reward:0.18361108005046844, mean_queue:0.7833333611488342
intersection:29, mean_episode_reward:0.16750001907348633, mean_queue:0.8333333134651184
intersection:30, mean_episode_reward:0.1502777487039566, mean_queue:0.8722222447395325
intersection:31, mean_episode_reward:0.08666668087244034, mean_queue:0.8083333373069763
Test step:183/200, travel time :249.30243902439025, rewards:-6.103335232204861, queue:5.743663194444444, delay:0.05347071753607856, throughput:1435
[CrossingProxy] total ped calls this episode: 255
step:3600/3600, q_loss:0.8173092603683472, rewards:-6.2130547417534725, queue:5.725434027777778, delay:0.05349594751993815, throughput:1431
episode:184/200, real avg travel time:249.5296995108316
intersection:0, mean_episode_reward:-0.8297221064567566, mean_queue:10.769444465637207
intersection:1, mean_episode_reward:-0.30972233414649963, mean_queue:10.51388931274414
intersection:2, mean_episode_reward:-0.5202775597572327, mean_queue:10.883333206176758
intersection:3, mean_episode_reward:-1.3022218942642212, mean_queue:10.313888549804688
intersection:4, mean_episode_reward:-0.6741666197776794, mean_queue:10.938888549804688
intersection:5, mean_episode_reward:0.032500009983778, mean_queue:10.463889122009277
intersection:6, mean_episode_reward:0.23666666448116302, mean_queue:10.824999809265137
intersection:7, mean_episode_reward:-0.6730558276176453, mean_queue:10.369444847106934
intersection:8, mean_episode_reward:-0.6252775192260742, mean_queue:10.677778244018555
intersection:9, mean_episode_reward:-0.1480555534362793, mean_queue:10.686111450195312
intersection:10, mean_episode_reward:-0.0824999138712883, mean_queue:11.050000190734863
intersection:11, mean_episode_reward:-0.21222209930419922, mean_queue:10.397222518920898
intersection:12, mean_episode_reward:-1.0047216415405273, mean_queue:10.877778053283691
intersection:13, mean_episode_reward:-0.421111136674881, mean_queue:10.522222518920898
intersection:14, mean_episode_reward:-0.22805553674697876, mean_queue:10.572221755981445
intersection:15, mean_episode_reward:-1.3647223711013794, mean_queue:10.691666603088379
intersection:16, mean_episode_reward:0.07944443076848984, mean_queue:0.7749999761581421
intersection:17, mean_episode_reward:0.07861112058162689, mean_queue:0.7777777910232544
intersection:18, mean_episode_reward:0.04888889938592911, mean_queue:0.7888888716697693
intersection:19, mean_episode_reward:0.16361114382743835, mean_queue:0.8166666626930237
intersection:20, mean_episode_reward:0.1286110281944275, mean_queue:0.7527777552604675
intersection:21, mean_episode_reward:0.1644444763660431, mean_queue:0.8138889074325562
intersection:22, mean_episode_reward:0.07777774333953857, mean_queue:0.7888888716697693
intersection:23, mean_episode_reward:0.00027777781360782683, mean_queue:0.7805555462837219
intersection:24, mean_episode_reward:0.22388896346092224, mean_queue:0.7749999761581421
intersection:25, mean_episode_reward:0.06861110776662827, mean_queue:0.7749999761581421
intersection:26, mean_episode_reward:0.1202777847647667, mean_queue:0.75
intersection:27, mean_episode_reward:0.11388885974884033, mean_queue:0.769444465637207
intersection:28, mean_episode_reward:0.2305554449558258, mean_queue:0.7833333611488342
intersection:29, mean_episode_reward:0.20194445550441742, mean_queue:0.8333333134651184
intersection:30, mean_episode_reward:0.13916665315628052, mean_queue:0.8722222447395325
intersection:31, mean_episode_reward:0.07361111044883728, mean_queue:0.8083333373069763
Test step:184/200, travel time :251.06954102920724, rewards:-6.07166748046875, queue:5.7496527777777775, delay:0.05443772210015191, throughput:1438
[CrossingProxy] total ped calls this episode: 261
step:3600/3600, q_loss:0.8178606033325195, rewards:-6.380277506510416, queue:5.737326388888889, delay:0.0546871715121799, throughput:1432
episode:185/200, real avg travel time:249.62918994413408
intersection:0, mean_episode_reward:-0.8313887119293213, mean_queue:10.716666221618652
intersection:1, mean_episode_reward:-0.5175000429153442, mean_queue:10.566666603088379
intersection:2, mean_episode_reward:-0.658055305480957, mean_queue:11.061111450195312
intersection:3, mean_episode_reward:-1.206944465637207, mean_queue:10.269444465637207
intersection:4, mean_episode_reward:-0.3988887071609497, mean_queue:10.95555591583252
intersection:5, mean_episode_reward:0.05916668102145195, mean_queue:10.300000190734863
intersection:6, mean_episode_reward:0.44166678190231323, mean_queue:10.722222328186035
intersection:7, mean_episode_reward:-0.6580554842948914, mean_queue:10.416666984558105
intersection:8, mean_episode_reward:-1.0938892364501953, mean_queue:11.100000381469727
intersection:9, mean_episode_reward:-0.14305557310581207, mean_queue:10.688888549804688
intersection:10, mean_episode_reward:0.028611138463020325, mean_queue:11.002778053283691
intersection:11, mean_episode_reward:-0.3508332073688507, mean_queue:10.480555534362793
intersection:12, mean_episode_reward:-0.8802779316902161, mean_queue:10.875
intersection:13, mean_episode_reward:-0.49027764797210693, mean_queue:10.394444465637207
intersection:14, mean_episode_reward:-0.45277777314186096, mean_queue:10.783333778381348
intersection:15, mean_episode_reward:-1.2477775812149048, mean_queue:10.600000381469727
intersection:16, mean_episode_reward:0.04888887330889702, mean_queue:0.7749999761581421
intersection:17, mean_episode_reward:0.07972223311662674, mean_queue:0.7777777910232544
intersection:18, mean_episode_reward:0.11555556952953339, mean_queue:0.7888888716697693
intersection:19, mean_episode_reward:0.18638895452022552, mean_queue:0.8166666626930237
intersection:20, mean_episode_reward:0.15249989926815033, mean_queue:0.7527777552604675
intersection:21, mean_episode_reward:0.16388891637325287, mean_queue:0.8138889074325562
intersection:22, mean_episode_reward:0.07055553048849106, mean_queue:0.7888888716697693
intersection:23, mean_episode_reward:0.04527778550982475, mean_queue:0.7805555462837219
intersection:24, mean_episode_reward:0.24472223222255707, mean_queue:0.7749999761581421
intersection:25, mean_episode_reward:0.12138888984918594, mean_queue:0.7749999761581421
intersection:26, mean_episode_reward:0.09833335876464844, mean_queue:0.75
intersection:27, mean_episode_reward:0.11638886481523514, mean_queue:0.769444465637207
intersection:28, mean_episode_reward:0.1730555146932602, mean_queue:0.7833333611488342
intersection:29, mean_episode_reward:0.17722226679325104, mean_queue:0.8333333134651184
intersection:30, mean_episode_reward:0.15555554628372192, mean_queue:0.8722222447395325
intersection:31, mean_episode_reward:0.07055556029081345, mean_queue:0.8083333373069763
Test step:185/200, travel time :254.40461215932913, rewards:-6.306666395399305, queue:5.770920138888889, delay:0.054608164893256296, throughput:1431
[CrossingProxy] total ped calls this episode: 205
step:3600/3600, q_loss:0.8233044147491455, rewards:-6.379999457465278, queue:5.736545138888889, delay:0.053939972983466256, throughput:1432
episode:186/200, real avg travel time:252.01885474860336
intersection:0, mean_episode_reward:-0.7847223281860352, mean_queue:10.586111068725586
intersection:1, mean_episode_reward:-0.2616667151451111, mean_queue:10.524999618530273
intersection:2, mean_episode_reward:-0.6894447207450867, mean_queue:11.188888549804688
intersection:3, mean_episode_reward:-1.129721760749817, mean_queue:10.255555152893066
intersection:4, mean_episode_reward:-0.48861104249954224, mean_queue:10.755555152893066
intersection:5, mean_episode_reward:-0.05055565759539604, mean_queue:10.530555725097656
intersection:6, mean_episode_reward:0.33250004053115845, mean_queue:10.719444274902344
intersection:7, mean_episode_reward:-0.6538891792297363, mean_queue:10.422222137451172
intersection:8, mean_episode_reward:-0.7274994850158691, mean_queue:10.755555152893066
intersection:9, mean_episode_reward:-0.15444445610046387, mean_queue:10.702777862548828
intersection:10, mean_episode_reward:0.022499995306134224, mean_queue:10.98888874053955
intersection:11, mean_episode_reward:-0.6147218346595764, mean_queue:10.672222137451172
intersection:12, mean_episode_reward:-0.9322217106819153, mean_queue:10.81944465637207
intersection:13, mean_episode_reward:-0.8313888311386108, mean_queue:10.800000190734863
intersection:14, mean_episode_reward:-0.04166669026017189, mean_queue:10.51388931274414
intersection:15, mean_episode_reward:-1.4361114501953125, mean_queue:10.672222137451172
intersection:16, mean_episode_reward:0.03888889029622078, mean_queue:0.7749999761581421
intersection:17, mean_episode_reward:0.07972223311662674, mean_queue:0.7777777910232544
intersection:18, mean_episode_reward:0.12472222745418549, mean_queue:0.7888888716697693
intersection:19, mean_episode_reward:0.1580556035041809, mean_queue:0.8166666626930237
intersection:20, mean_episode_reward:0.1608332097530365, mean_queue:0.7527777552604675
intersection:21, mean_episode_reward:0.15888890624046326, mean_queue:0.8138889074325562
intersection:22, mean_episode_reward:0.07749996334314346, mean_queue:0.7888888716697693
intersection:23, mean_episode_reward:0.0008333328878507018, mean_queue:0.7805555462837219
intersection:24, mean_episode_reward:0.22000005841255188, mean_queue:0.7749999761581421
intersection:25, mean_episode_reward:0.15666666626930237, mean_queue:0.7749999761581421
intersection:26, mean_episode_reward:0.09333334118127823, mean_queue:0.75
intersection:27, mean_episode_reward:0.10499998927116394, mean_queue:0.769444465637207
intersection:28, mean_episode_reward:0.19805550575256348, mean_queue:0.7833333611488342
intersection:29, mean_episode_reward:0.22944454848766327, mean_queue:0.8333333134651184
intersection:30, mean_episode_reward:0.166666641831398, mean_queue:0.8722222447395325
intersection:31, mean_episode_reward:0.09305557608604431, mean_queue:0.8083333373069763
Test step:186/200, travel time :250.9790502793296, rewards:-6.04027845594618, queue:5.7421875, delay:0.053691795137193465, throughput:1432
[CrossingProxy] total ped calls this episode: 265
step:3600/3600, q_loss:0.8177919983863831, rewards:-5.934722222222222, queue:5.714583333333334, delay:0.05251991483900282, throughput:1432
episode:187/200, real avg travel time:247.5782122905028
intersection:0, mean_episode_reward:-0.7624996900558472, mean_queue:10.583333015441895
intersection:1, mean_episode_reward:-0.4130556285381317, mean_queue:10.550000190734863
intersection:2, mean_episode_reward:-0.6383332014083862, mean_queue:11.022222518920898
intersection:3, mean_episode_reward:-1.0972223281860352, mean_queue:10.13888931274414
intersection:4, mean_episode_reward:-0.6791666150093079, mean_queue:10.95555591583252
intersection:5, mean_episode_reward:-0.028888879343867302, mean_queue:10.336111068725586
intersection:6, mean_episode_reward:0.34305569529533386, mean_queue:10.727777481079102
intersection:7, mean_episode_reward:-0.5297223925590515, mean_queue:10.416666984558105
intersection:8, mean_episode_reward:-0.651388943195343, mean_queue:10.727777481079102
intersection:9, mean_episode_reward:0.02805565670132637, mean_queue:10.458333015441895
intersection:10, mean_episode_reward:0.1691666543483734, mean_queue:10.961111068725586
intersection:11, mean_episode_reward:-0.5263885259628296, mean_queue:10.661110877990723
intersection:12, mean_episode_reward:-0.9238892197608948, mean_queue:10.76388931274414
intersection:13, mean_episode_reward:-0.45999985933303833, mean_queue:10.608333587646484
intersection:14, mean_episode_reward:-0.13527779281139374, mean_queue:10.527777671813965
intersection:15, mean_episode_reward:-1.4755562543869019, mean_queue:10.766666412353516
intersection:16, mean_episode_reward:0.029166679829359055, mean_queue:0.7749999761581421
intersection:17, mean_episode_reward:0.07944445312023163, mean_queue:0.7777777910232544
intersection:18, mean_episode_reward:0.08388891071081161, mean_queue:0.7888888716697693
intersection:19, mean_episode_reward:0.16666673123836517, mean_queue:0.8166666626930237
intersection:20, mean_episode_reward:0.15388883650302887, mean_queue:0.7527777552604675
intersection:21, mean_episode_reward:0.12638890743255615, mean_queue:0.8138889074325562
intersection:22, mean_episode_reward:0.07527773827314377, mean_queue:0.7888888716697693
intersection:23, mean_episode_reward:0.04361112043261528, mean_queue:0.7805555462837219
intersection:24, mean_episode_reward:0.22944451868534088, mean_queue:0.7749999761581421
intersection:25, mean_episode_reward:0.0672222152352333, mean_queue:0.7749999761581421
intersection:26, mean_episode_reward:0.11277779191732407, mean_queue:0.75
intersection:27, mean_episode_reward:0.08611113578081131, mean_queue:0.769444465637207
intersection:28, mean_episode_reward:0.1799999475479126, mean_queue:0.7833333611488342
intersection:29, mean_episode_reward:0.1966666728258133, mean_queue:0.8333333134651184
intersection:30, mean_episode_reward:0.12361109256744385, mean_queue:0.8722222447395325
intersection:31, mean_episode_reward:0.09222221374511719, mean_queue:0.8083333373069763
Test step:187/200, travel time :244.03277545327754, rewards:-5.982778591579861, queue:5.7015625, delay:0.05150658819410536, throughput:1434
[CrossingProxy] total ped calls this episode: 240
step:3600/3600, q_loss:0.8097664713859558, rewards:-5.881110975477431, queue:5.73125, delay:0.05262155532836914, throughput:1437
episode:188/200, real avg travel time:248.82463465553235
intersection:0, mean_episode_reward:-0.701388955116272, mean_queue:10.550000190734863
intersection:1, mean_episode_reward:-0.4977780282497406, mean_queue:10.588889122009277
intersection:2, mean_episode_reward:-0.8333330750465393, mean_queue:11.144444465637207
intersection:3, mean_episode_reward:-1.0544440746307373, mean_queue:10.183333396911621
intersection:4, mean_episode_reward:-0.6686111688613892, mean_queue:11.052778244018555
intersection:5, mean_episode_reward:-0.030555542558431625, mean_queue:10.619444847106934
intersection:6, mean_episode_reward:0.6469443440437317, mean_queue:10.649999618530273
intersection:7, mean_episode_reward:-0.8602777123451233, mean_queue:10.541666984558105
intersection:8, mean_episode_reward:-0.7216669917106628, mean_queue:10.813888549804688
intersection:9, mean_episode_reward:0.17277784645557404, mean_queue:10.48611068725586
intersection:10, mean_episode_reward:-0.0997222289443016, mean_queue:10.98888874053955
intersection:11, mean_episode_reward:-0.23249992728233337, mean_queue:10.383333206176758
intersection:12, mean_episode_reward:-0.9838889241218567, mean_queue:10.80555534362793
intersection:13, mean_episode_reward:-0.39472225308418274, mean_queue:10.51111125946045
intersection:14, mean_episode_reward:-0.31638890504837036, mean_queue:10.641666412353516
intersection:15, mean_episode_reward:-1.438333511352539, mean_queue:10.777777671813965
intersection:16, mean_episode_reward:0.0394444540143013, mean_queue:0.7749999761581421
intersection:17, mean_episode_reward:0.09527778625488281, mean_queue:0.7777777910232544
intersection:18, mean_episode_reward:0.13277779519557953, mean_queue:0.7888888716697693
intersection:19, mean_episode_reward:0.17666667699813843, mean_queue:0.8166666626930237
intersection:20, mean_episode_reward:0.1791665405035019, mean_queue:0.7527777552604675
intersection:21, mean_episode_reward:0.15611115097999573, mean_queue:0.8138889074325562
intersection:22, mean_episode_reward:0.08333329856395721, mean_queue:0.7888888716697693
intersection:23, mean_episode_reward:0.0005555553361773491, mean_queue:0.7805555462837219
intersection:24, mean_episode_reward:0.22944454848766327, mean_queue:0.7749999761581421
intersection:25, mean_episode_reward:0.07833331823348999, mean_queue:0.7749999761581421
intersection:26, mean_episode_reward:0.09055556356906891, mean_queue:0.75
intersection:27, mean_episode_reward:0.2397221475839615, mean_queue:0.769444465637207
intersection:28, mean_episode_reward:0.2094443440437317, mean_queue:0.7833333611488342
intersection:29, mean_episode_reward:0.21611113846302032, mean_queue:0.8333333134651184
intersection:30, mean_episode_reward:0.1344444304704666, mean_queue:0.8722222447395325
intersection:31, mean_episode_reward:0.07138889282941818, mean_queue:0.8083333373069763
Test step:188/200, travel time :247.75418994413408, rewards:-5.779166666666667, queue:5.727256944444444, delay:0.053594716389973956, throughput:1432
[CrossingProxy] total ped calls this episode: 252
step:3600/3600, q_loss:0.8168027997016907, rewards:-6.355834282769097, queue:5.743489583333333, delay:0.05332599745856391, throughput:1433
episode:189/200, real avg travel time:249.3321702721563
intersection:0, mean_episode_reward:-0.5769445896148682, mean_queue:10.497221946716309
intersection:1, mean_episode_reward:-0.35749998688697815, mean_queue:10.530555725097656
intersection:2, mean_episode_reward:-0.6541668176651001, mean_queue:11.063888549804688
intersection:3, mean_episode_reward:-1.218611478805542, mean_queue:10.352777481079102
intersection:4, mean_episode_reward:-0.7238892316818237, mean_queue:11.197221755981445
intersection:5, mean_episode_reward:-0.005277791526168585, mean_queue:10.772222518920898
intersection:6, mean_episode_reward:0.34527790546417236, mean_queue:10.788888931274414
intersection:7, mean_episode_reward:-0.6388887763023376, mean_queue:10.436111450195312
intersection:8, mean_episode_reward:-0.7402779459953308, mean_queue:10.661110877990723
intersection:9, mean_episode_reward:-0.11694443225860596, mean_queue:10.530555725097656
intersection:10, mean_episode_reward:-0.1902778148651123, mean_queue:10.94444465637207
intersection:11, mean_episode_reward:-0.2374999225139618, mean_queue:10.38888931274414
intersection:12, mean_episode_reward:-0.9880558252334595, mean_queue:10.80555534362793
intersection:13, mean_episode_reward:-0.391110897064209, mean_queue:10.422222137451172
intersection:14, mean_episode_reward:-0.8644447922706604, mean_queue:10.958333015441895
intersection:15, mean_episode_reward:-0.9083330631256104, mean_queue:10.780555725097656
intersection:16, mean_episode_reward:0.029444454237818718, mean_queue:0.7749999761581421
intersection:17, mean_episode_reward:0.07777778804302216, mean_queue:0.7777777910232544
intersection:18, mean_episode_reward:0.09250003099441528, mean_queue:0.7888888716697693
intersection:19, mean_episode_reward:0.15944448113441467, mean_queue:0.8166666626930237
intersection:20, mean_episode_reward:0.16027766466140747, mean_queue:0.7527777552604675
intersection:21, mean_episode_reward:0.11444440484046936, mean_queue:0.8138889074325562
intersection:22, mean_episode_reward:0.08333329856395721, mean_queue:0.7888888716697693
intersection:23, mean_episode_reward:0.028333311900496483, mean_queue:0.7805555462837219
intersection:24, mean_episode_reward:0.22472231090068817, mean_queue:0.7749999761581421
intersection:25, mean_episode_reward:0.08194445073604584, mean_queue:0.7749999761581421
intersection:26, mean_episode_reward:0.12888891994953156, mean_queue:0.75
intersection:27, mean_episode_reward:0.14472220838069916, mean_queue:0.769444465637207
intersection:28, mean_episode_reward:0.207222118973732, mean_queue:0.7833333611488342
intersection:29, mean_episode_reward:0.16083334386348724, mean_queue:0.8333333134651184
intersection:30, mean_episode_reward:0.12999998033046722, mean_queue:0.8722222447395325
intersection:31, mean_episode_reward:0.08722222596406937, mean_queue:0.8083333373069763
Test step:189/200, travel time :247.46792189679218, rewards:-6.181111653645833, queue:5.722829861111111, delay:0.053779220581054686, throughput:1434
[CrossingProxy] total ped calls this episode: 237
step:3600/3600, q_loss:0.8238902688026428, rewards:-6.12916734483507, queue:5.716145833333333, delay:0.05206133524576823, throughput:1435
episode:190/200, real avg travel time:246.92543554006969
intersection:0, mean_episode_reward:-0.6788891553878784, mean_queue:10.522222518920898
intersection:1, mean_episode_reward:-0.42027774453163147, mean_queue:10.547222137451172
intersection:2, mean_episode_reward:-0.5741664171218872, mean_queue:10.922222137451172
intersection:3, mean_episode_reward:-1.0583336353302002, mean_queue:10.108333587646484
intersection:4, mean_episode_reward:-0.23916661739349365, mean_queue:10.663888931274414
intersection:5, mean_episode_reward:-0.1613888144493103, mean_queue:10.427778244018555
intersection:6, mean_episode_reward:0.06333337724208832, mean_queue:10.833333015441895
intersection:7, mean_episode_reward:-0.6230555772781372, mean_queue:10.297222137451172
intersection:8, mean_episode_reward:-1.120832920074463, mean_queue:11.13611125946045
intersection:9, mean_episode_reward:0.3766665458679199, mean_queue:10.550000190734863
intersection:10, mean_episode_reward:0.1802777200937271, mean_queue:10.922222137451172
intersection:11, mean_episode_reward:-0.4622224271297455, mean_queue:10.5
intersection:12, mean_episode_reward:-0.6794446706771851, mean_queue:10.661110877990723
intersection:13, mean_episode_reward:-0.7958330512046814, mean_queue:10.741666793823242
intersection:14, mean_episode_reward:-0.19638893008232117, mean_queue:10.600000381469727
intersection:15, mean_episode_reward:-1.4950002431869507, mean_queue:10.822221755981445
intersection:16, mean_episode_reward:0.01861112006008625, mean_queue:0.7749999761581421
intersection:17, mean_episode_reward:0.07777778804302216, mean_queue:0.7777777910232544
intersection:18, mean_episode_reward:0.05944443121552467, mean_queue:0.7888888716697693
intersection:19, mean_episode_reward:0.1350000649690628, mean_queue:0.8166666626930237
intersection:20, mean_episode_reward:0.15249991416931152, mean_queue:0.7527777552604675
intersection:21, mean_episode_reward:0.13333337008953094, mean_queue:0.8138889074325562
intersection:22, mean_episode_reward:0.0508333258330822, mean_queue:0.7888888716697693
intersection:23, mean_episode_reward:0.047222234308719635, mean_queue:0.7805555462837219
intersection:24, mean_episode_reward:0.1922222524881363, mean_queue:0.7749999761581421
intersection:25, mean_episode_reward:0.108611099421978, mean_queue:0.7749999761581421
intersection:26, mean_episode_reward:0.11694444715976715, mean_queue:0.75
intersection:27, mean_episode_reward:0.16083331406116486, mean_queue:0.769444465637207
intersection:28, mean_episode_reward:0.14499996602535248, mean_queue:0.7833333611488342
intersection:29, mean_episode_reward:0.17194442451000214, mean_queue:0.8333333134651184
intersection:30, mean_episode_reward:0.11916664987802505, mean_queue:0.8722222447395325
intersection:31, mean_episode_reward:0.06611111015081406, mean_queue:0.8083333373069763
Test step:190/200, travel time :248.05244755244755, rewards:-5.9275017632378475, queue:5.718663194444445, delay:0.0523940192328559, throughput:1430
[CrossingProxy] total ped calls this episode: 234
step:3600/3600, q_loss:0.8266994953155518, rewards:-5.8733330620659725, queue:5.752517361111111, delay:0.053451188405354816, throughput:1430
episode:191/200, real avg travel time:251.41468531468533
intersection:0, mean_episode_reward:-0.9369442462921143, mean_queue:10.752778053283691
intersection:1, mean_episode_reward:-0.41472235321998596, mean_queue:10.577777862548828
intersection:2, mean_episode_reward:-0.5874999761581421, mean_queue:10.911110877990723
intersection:3, mean_episode_reward:-1.1927775144577026, mean_queue:10.377778053283691
intersection:4, mean_episode_reward:-0.3688889741897583, mean_queue:10.925000190734863
intersection:5, mean_episode_reward:0.2641666829586029, mean_queue:10.524999618530273
intersection:6, mean_episode_reward:0.19916656613349915, mean_queue:10.791666984558105
intersection:7, mean_episode_reward:-0.6005555987358093, mean_queue:10.399999618530273
intersection:8, mean_episode_reward:-0.8277774453163147, mean_queue:10.93055534362793
intersection:9, mean_episode_reward:0.09861110150814056, mean_queue:10.70555591583252
intersection:10, mean_episode_reward:-0.3830556273460388, mean_queue:11.244444847106934
intersection:11, mean_episode_reward:-0.1636110544204712, mean_queue:10.402777671813965
intersection:12, mean_episode_reward:-0.7783329486846924, mean_queue:10.727777481079102
intersection:13, mean_episode_reward:-0.6500000953674316, mean_queue:10.616666793823242
intersection:14, mean_episode_reward:0.08333329111337662, mean_queue:10.516666412353516
intersection:15, mean_episode_reward:-1.6566675901412964, mean_queue:11.01388931274414
intersection:16, mean_episode_reward:0.03749999403953552, mean_queue:0.7749999761581421
intersection:17, mean_episode_reward:0.07805556058883667, mean_queue:0.7777777910232544
intersection:18, mean_episode_reward:0.05055555701255798, mean_queue:0.7888888716697693
intersection:19, mean_episode_reward:0.13333338499069214, mean_queue:0.8166666626930237
intersection:20, mean_episode_reward:0.22611111402511597, mean_queue:0.7527777552604675
intersection:21, mean_episode_reward:0.21750004589557648, mean_queue:0.8138889074325562
intersection:22, mean_episode_reward:0.06055554375052452, mean_queue:0.7888888716697693
intersection:23, mean_episode_reward:-0.0069444444961845875, mean_queue:0.7805555462837219
intersection:24, mean_episode_reward:0.2277778685092926, mean_queue:0.7749999761581421
intersection:25, mean_episode_reward:0.09972221404314041, mean_queue:0.7749999761581421
intersection:26, mean_episode_reward:0.1322222501039505, mean_queue:0.75
intersection:27, mean_episode_reward:0.09194447100162506, mean_queue:0.769444465637207
intersection:28, mean_episode_reward:0.2813887596130371, mean_queue:0.7833333611488342
intersection:29, mean_episode_reward:0.17750000953674316, mean_queue:0.8333333134651184
intersection:30, mean_episode_reward:0.13388888537883759, mean_queue:0.8722222447395325
intersection:31, mean_episode_reward:0.10111109167337418, mean_queue:0.8083333373069763
Test step:191/200, travel time :249.778940027894, rewards:-6.003610568576389, queue:5.730989583333334, delay:0.05329952239990234, throughput:1434
[CrossingProxy] total ped calls this episode: 228
step:3600/3600, q_loss:0.8240015506744385, rewards:-6.038888210720486, queue:5.72109375, delay:0.052615377638075084, throughput:1436
episode:192/200, real avg travel time:249.25487465181058
intersection:0, mean_episode_reward:-0.8874998092651367, mean_queue:10.566666603088379
intersection:1, mean_episode_reward:-0.47027769684791565, mean_queue:10.475000381469727
intersection:2, mean_episode_reward:-0.5483335852622986, mean_queue:10.88888931274414
intersection:3, mean_episode_reward:-1.4313888549804688, mean_queue:10.48888874053955
intersection:4, mean_episode_reward:-0.3941666781902313, mean_queue:10.827777862548828
intersection:5, mean_episode_reward:0.1897222250699997, mean_queue:10.358333587646484
intersection:6, mean_episode_reward:0.29194438457489014, mean_queue:10.733333587646484
intersection:7, mean_episode_reward:-0.6297223567962646, mean_queue:10.427778244018555
intersection:8, mean_episode_reward:-0.7349996566772461, mean_queue:10.772222518920898
intersection:9, mean_episode_reward:-0.018333375453948975, mean_queue:10.649999618530273
intersection:10, mean_episode_reward:0.15083326399326324, mean_queue:10.891666412353516
intersection:11, mean_episode_reward:-0.5772223472595215, mean_queue:10.588889122009277
intersection:12, mean_episode_reward:-0.7299997806549072, mean_queue:10.786110877990723
intersection:13, mean_episode_reward:-0.6536113023757935, mean_queue:10.649999618530273
intersection:14, mean_episode_reward:-0.23555544018745422, mean_queue:10.447221755981445
intersection:15, mean_episode_reward:-1.5644441843032837, mean_queue:10.86111068725586
intersection:16, mean_episode_reward:0.02972223050892353, mean_queue:0.7749999761581421
intersection:17, mean_episode_reward:0.08694446086883545, mean_queue:0.7777777910232544
intersection:18, mean_episode_reward:0.07194444537162781, mean_queue:0.7888888716697693
intersection:19, mean_episode_reward:0.1438889503479004, mean_queue:0.8166666626930237
intersection:20, mean_episode_reward:0.22388896346092224, mean_queue:0.7527777552604675
intersection:21, mean_episode_reward:0.15027779340744019, mean_queue:0.8138889074325562
intersection:22, mean_episode_reward:0.05694443732500076, mean_queue:0.7888888716697693
intersection:23, mean_episode_reward:0.08666674792766571, mean_queue:0.7805555462837219
intersection:24, mean_episode_reward:0.20861110091209412, mean_queue:0.7749999761581421
intersection:25, mean_episode_reward:0.09527778625488281, mean_queue:0.7749999761581421
intersection:26, mean_episode_reward:0.15027782320976257, mean_queue:0.75
intersection:27, mean_episode_reward:0.16944442689418793, mean_queue:0.769444465637207
intersection:28, mean_episode_reward:0.24777768552303314, mean_queue:0.7833333611488342
intersection:29, mean_episode_reward:0.23583346605300903, mean_queue:0.8333333134651184
intersection:30, mean_episode_reward:0.1363888829946518, mean_queue:0.8722222447395325
intersection:31, mean_episode_reward:0.11027777194976807, mean_queue:0.8083333373069763
Test step:192/200, travel time :248.60293091416608, rewards:-5.958056640625, queue:5.731770833333333, delay:0.05333451165093316, throughput:1433
[CrossingProxy] total ped calls this episode: 210
step:3600/3600, q_loss:0.8215882182121277, rewards:-5.651944308810764, queue:5.71171875, delay:0.05295517179701063, throughput:1436
episode:193/200, real avg travel time:245.94011142061282
intersection:0, mean_episode_reward:-0.793055534362793, mean_queue:10.605555534362793
intersection:1, mean_episode_reward:-0.2866666615009308, mean_queue:10.447221755981445
intersection:2, mean_episode_reward:-0.51500004529953, mean_queue:10.980555534362793
intersection:3, mean_episode_reward:-1.284999966621399, mean_queue:10.38888931274414
intersection:4, mean_episode_reward:-0.5416668653488159, mean_queue:10.93055534362793
intersection:5, mean_episode_reward:-0.2380555272102356, mean_queue:10.647222518920898
intersection:6, mean_episode_reward:0.33722224831581116, mean_queue:10.769444465637207
intersection:7, mean_episode_reward:-0.6322221159934998, mean_queue:10.402777671813965
intersection:8, mean_episode_reward:-0.4391668438911438, mean_queue:10.883333206176758
intersection:9, mean_episode_reward:0.07055564969778061, mean_queue:10.552778244018555
intersection:10, mean_episode_reward:-0.001388898934237659, mean_queue:10.813888549804688
intersection:11, mean_episode_reward:-0.212777778506279, mean_queue:10.316666603088379
intersection:12, mean_episode_reward:-0.9305552840232849, mean_queue:10.811111450195312
intersection:13, mean_episode_reward:-0.4969445466995239, mean_queue:10.527777671813965
intersection:14, mean_episode_reward:-0.31583330035209656, mean_queue:10.416666984558105
intersection:15, mean_episode_reward:-1.272499680519104, mean_queue:10.619444847106934
intersection:16, mean_episode_reward:0.022777779027819633, mean_queue:0.7749999761581421
intersection:17, mean_episode_reward:0.0763889029622078, mean_queue:0.7777777910232544
intersection:18, mean_episode_reward:0.053611114621162415, mean_queue:0.7888888716697693
intersection:19, mean_episode_reward:0.13777783513069153, mean_queue:0.8166666626930237
intersection:20, mean_episode_reward:0.19805550575256348, mean_queue:0.7527777552604675
intersection:21, mean_episode_reward:0.1480555683374405, mean_queue:0.8138889074325562
intersection:22, mean_episode_reward:0.048333339393138885, mean_queue:0.7888888716697693
intersection:23, mean_episode_reward:0.058888889849185944, mean_queue:0.7805555462837219
intersection:24, mean_episode_reward:0.21833333373069763, mean_queue:0.7749999761581421
intersection:25, mean_episode_reward:0.0969444289803505, mean_queue:0.7749999761581421
intersection:26, mean_episode_reward:0.11916669458150864, mean_queue:0.75
intersection:27, mean_episode_reward:0.17138886451721191, mean_queue:0.769444465637207
intersection:28, mean_episode_reward:0.20666654407978058, mean_queue:0.7833333611488342
intersection:29, mean_episode_reward:0.16583333909511566, mean_queue:0.8333333134651184
intersection:30, mean_episode_reward:0.11277776211500168, mean_queue:0.8722222447395325
intersection:31, mean_episode_reward:0.06611111015081406, mean_queue:0.8083333373069763
Test step:193/200, travel time :251.7604748603352, rewards:-5.979721408420139, queue:5.745399305555556, delay:0.05384290483262804, throughput:1432
[CrossingProxy] total ped calls this episode: 223
step:3600/3600, q_loss:0.8172990679740906, rewards:-5.8441657172309025, queue:5.720746527777778, delay:0.05368932088216146, throughput:1435
episode:194/200, real avg travel time:248.19442508710802
intersection:0, mean_episode_reward:-0.752777636051178, mean_queue:10.725000381469727
intersection:1, mean_episode_reward:-0.4425000846385956, mean_queue:10.550000190734863
intersection:2, mean_episode_reward:-0.509166955947876, mean_queue:10.844444274902344
intersection:3, mean_episode_reward:-1.1144441366195679, mean_queue:10.255555152893066
intersection:4, mean_episode_reward:-0.5191667675971985, mean_queue:10.897222518920898
intersection:5, mean_episode_reward:-0.04749993234872818, mean_queue:10.58055591583252
intersection:6, mean_episode_reward:0.1647222489118576, mean_queue:10.741666793823242
intersection:7, mean_episode_reward:-0.6438890099525452, mean_queue:10.352777481079102
intersection:8, mean_episode_reward:-0.5883331298828125, mean_queue:10.824999809265137
intersection:9, mean_episode_reward:-0.060277778655290604, mean_queue:10.586111068725586
intersection:10, mean_episode_reward:0.08722223341464996, mean_queue:10.847222328186035
intersection:11, mean_episode_reward:-0.20722222328186035, mean_queue:10.322221755981445
intersection:12, mean_episode_reward:-1.039722204208374, mean_queue:10.908333778381348
intersection:13, mean_episode_reward:-0.4141666889190674, mean_queue:10.522222518920898
intersection:14, mean_episode_reward:-0.31916680932044983, mean_queue:10.594444274902344
intersection:15, mean_episode_reward:-1.4191664457321167, mean_queue:10.850000381469727
intersection:16, mean_episode_reward:0.029444454237818718, mean_queue:0.7749999761581421
intersection:17, mean_episode_reward:0.08333335816860199, mean_queue:0.7777777910232544
intersection:18, mean_episode_reward:0.06694445013999939, mean_queue:0.7888888716697693
intersection:19, mean_episode_reward:0.1325000524520874, mean_queue:0.8166666626930237
intersection:20, mean_episode_reward:0.22472231090068817, mean_queue:0.7527777552604675
intersection:21, mean_episode_reward:0.12944447994232178, mean_queue:0.8138889074325562
intersection:22, mean_episode_reward:0.057222217321395874, mean_queue:0.7888888716697693
intersection:23, mean_episode_reward:0.1536111682653427, mean_queue:0.7805555462837219
intersection:24, mean_episode_reward:0.2180556207895279, mean_queue:0.7749999761581421
intersection:25, mean_episode_reward:0.14694441854953766, mean_queue:0.7749999761581421
intersection:26, mean_episode_reward:0.1158333569765091, mean_queue:0.75
intersection:27, mean_episode_reward:0.11166664958000183, mean_queue:0.769444465637207
intersection:28, mean_episode_reward:0.14749997854232788, mean_queue:0.7833333611488342
intersection:29, mean_episode_reward:0.13805559277534485, mean_queue:0.8333333134651184
intersection:30, mean_episode_reward:0.11999998241662979, mean_queue:0.8722222447395325
intersection:31, mean_episode_reward:0.10611110180616379, mean_queue:0.8083333373069763
Test step:194/200, travel time :245.1392757660167, rewards:-5.838332790798611, queue:5.70859375, delay:0.05196077558729384, throughput:1436
[CrossingProxy] total ped calls this episode: 208
step:3600/3600, q_loss:0.8159287571907043, rewards:-5.867777506510417, queue:5.7516493055555555, delay:0.05509565141465929, throughput:1433
episode:195/200, real avg travel time:252.91974877878576
intersection:0, mean_episode_reward:-0.5233332514762878, mean_queue:10.54444408416748
intersection:1, mean_episode_reward:-0.7588886022567749, mean_queue:10.752778053283691
intersection:2, mean_episode_reward:-0.5122223496437073, mean_queue:10.949999809265137
intersection:3, mean_episode_reward:-1.2274998426437378, mean_queue:10.352777481079102
intersection:4, mean_episode_reward:-0.6238889098167419, mean_queue:11.122221946716309
intersection:5, mean_episode_reward:0.07749993354082108, mean_queue:10.436111450195312
intersection:6, mean_episode_reward:0.2761111259460449, mean_queue:10.73888874053955
intersection:7, mean_episode_reward:-0.76666659116745, mean_queue:10.41944408416748
intersection:8, mean_episode_reward:-0.5211108922958374, mean_queue:10.908333778381348
intersection:9, mean_episode_reward:0.12138886004686356, mean_queue:10.497221946716309
intersection:10, mean_episode_reward:0.04333332180976868, mean_queue:10.983333587646484
intersection:11, mean_episode_reward:-0.2652776539325714, mean_queue:10.466666221618652
intersection:12, mean_episode_reward:-1.0966665744781494, mean_queue:10.963889122009277
intersection:13, mean_episode_reward:-0.4647219479084015, mean_queue:10.519444465637207
intersection:14, mean_episode_reward:0.1988888829946518, mean_queue:10.561111450195312
intersection:15, mean_episode_reward:-1.8133336305618286, mean_queue:11.175000190734863
intersection:16, mean_episode_reward:0.038888897746801376, mean_queue:0.7749999761581421
intersection:17, mean_episode_reward:0.10472224652767181, mean_queue:0.7777777910232544
intersection:18, mean_episode_reward:0.07805553823709488, mean_queue:0.7888888716697693
intersection:19, mean_episode_reward:0.17916670441627502, mean_queue:0.8166666626930237
intersection:20, mean_episode_reward:0.15833327174186707, mean_queue:0.7527777552604675
intersection:21, mean_episode_reward:0.11055551469326019, mean_queue:0.8138889074325562
intersection:22, mean_episode_reward:0.057222217321395874, mean_queue:0.7888888716697693
intersection:23, mean_episode_reward:0.06555556505918503, mean_queue:0.7805555462837219
intersection:24, mean_episode_reward:0.20055550336837769, mean_queue:0.7749999761581421
intersection:25, mean_episode_reward:0.08111110329627991, mean_queue:0.7749999761581421
intersection:26, mean_episode_reward:0.11166667938232422, mean_queue:0.75
intersection:27, mean_episode_reward:0.10916662961244583, mean_queue:0.769444465637207
intersection:28, mean_episode_reward:0.27527764439582825, mean_queue:0.7833333611488342
intersection:29, mean_episode_reward:0.18583333492279053, mean_queue:0.8333333134651184
intersection:30, mean_episode_reward:0.12194440513849258, mean_queue:0.8722222447395325
intersection:31, mean_episode_reward:0.11055555194616318, mean_queue:0.8083333373069763
Test step:195/200, travel time :250.99233983286908, rewards:-6.036112467447917, queue:5.7522569444444445, delay:0.054648643069797095, throughput:1436
[CrossingProxy] total ped calls this episode: 220
step:3600/3600, q_loss:0.8196495771408081, rewards:-6.171388753255209, queue:5.7652777777777775, delay:0.054196463690863714, throughput:1434
episode:196/200, real avg travel time:250.34797768479777
intersection:0, mean_episode_reward:-0.30638882517814636, mean_queue:10.472222328186035
intersection:1, mean_episode_reward:-0.8219441771507263, mean_queue:10.891666412353516
intersection:2, mean_episode_reward:-0.5213891267776489, mean_queue:11.052778244018555
intersection:3, mean_episode_reward:-1.2147221565246582, mean_queue:10.350000381469727
intersection:4, mean_episode_reward:-1.0558332204818726, mean_queue:11.377778053283691
intersection:5, mean_episode_reward:0.4397221505641937, mean_queue:10.358333587646484
intersection:6, mean_episode_reward:0.17916662991046906, mean_queue:10.802778244018555
intersection:7, mean_episode_reward:-0.733610987663269, mean_queue:10.494444847106934
intersection:8, mean_episode_reward:-0.3580555021762848, mean_queue:10.644444465637207
intersection:9, mean_episode_reward:-0.09277773648500443, mean_queue:10.69444465637207
intersection:10, mean_episode_reward:0.5250004529953003, mean_queue:10.93055534362793
intersection:11, mean_episode_reward:-0.5716667771339417, mean_queue:10.727777481079102
intersection:12, mean_episode_reward:-1.1433333158493042, mean_queue:10.91944408416748
intersection:13, mean_episode_reward:-0.8805557489395142, mean_queue:10.80555534362793
intersection:14, mean_episode_reward:-0.11416666209697723, mean_queue:10.530555725097656
intersection:15, mean_episode_reward:-1.4377779960632324, mean_queue:10.774999618530273
intersection:16, mean_episode_reward:0.019722238183021545, mean_queue:0.7749999761581421
intersection:17, mean_episode_reward:0.09472222626209259, mean_queue:0.7777777910232544
intersection:18, mean_episode_reward:0.07249999791383743, mean_queue:0.7888888716697693
intersection:19, mean_episode_reward:0.14083339273929596, mean_queue:0.8166666626930237
intersection:20, mean_episode_reward:0.13416659832000732, mean_queue:0.7527777552604675
intersection:21, mean_episode_reward:0.15027779340744019, mean_queue:0.8138889074325562
intersection:22, mean_episode_reward:0.07527773827314377, mean_queue:0.7888888716697693
intersection:23, mean_episode_reward:0.038611121475696564, mean_queue:0.7805555462837219
intersection:24, mean_episode_reward:0.27305570244789124, mean_queue:0.7749999761581421
intersection:25, mean_episode_reward:0.12000000476837158, mean_queue:0.7749999761581421
intersection:26, mean_episode_reward:0.14750006794929504, mean_queue:0.75
intersection:27, mean_episode_reward:0.1130555123090744, mean_queue:0.769444465637207
intersection:28, mean_episode_reward:0.12805554270744324, mean_queue:0.7833333611488342
intersection:29, mean_episode_reward:0.21250003576278687, mean_queue:0.8333333134651184
intersection:30, mean_episode_reward:0.13527774810791016, mean_queue:0.8722222447395325
intersection:31, mean_episode_reward:0.08138889074325562, mean_queue:0.8083333373069763
Test step:196/200, travel time :250.54349338900488, rewards:-5.999445258246528, queue:5.734548611111111, delay:0.05477201673719618, throughput:1437
[CrossingProxy] total ped calls this episode: 243
step:3600/3600, q_loss:0.8134340047836304, rewards:-5.896944173177084, queue:5.741753472222222, delay:0.05375441445244683, throughput:1435
episode:197/200, real avg travel time:250.1540069686411
intersection:0, mean_episode_reward:-0.8361109495162964, mean_queue:10.666666984558105
intersection:1, mean_episode_reward:-0.5113888382911682, mean_queue:10.5
intersection:2, mean_episode_reward:-0.4049999713897705, mean_queue:10.88888931274414
intersection:3, mean_episode_reward:-1.2208331823349, mean_queue:10.338889122009277
intersection:4, mean_episode_reward:-0.8786109089851379, mean_queue:11.188888549804688
intersection:5, mean_episode_reward:0.28305548429489136, mean_queue:10.480555534362793
intersection:6, mean_episode_reward:0.23333333432674408, mean_queue:10.791666984558105
intersection:7, mean_episode_reward:-0.652499794960022, mean_queue:10.402777671813965
intersection:8, mean_episode_reward:-0.4983329772949219, mean_queue:10.786110877990723
intersection:9, mean_episode_reward:-0.1711110770702362, mean_queue:10.786110877990723
intersection:10, mean_episode_reward:0.19472219049930573, mean_queue:11.041666984558105
intersection:11, mean_episode_reward:-0.47750020027160645, mean_queue:10.655555725097656
intersection:12, mean_episode_reward:-0.9650000929832458, mean_queue:10.838889122009277
intersection:13, mean_episode_reward:-0.5413888096809387, mean_queue:10.469444274902344
intersection:14, mean_episode_reward:-0.27027779817581177, mean_queue:10.538888931274414
intersection:15, mean_episode_reward:-1.1736117601394653, mean_queue:10.699999809265137
intersection:16, mean_episode_reward:0.02972223050892353, mean_queue:0.7749999761581421
intersection:17, mean_episode_reward:0.1294444501399994, mean_queue:0.7777777910232544
intersection:18, mean_episode_reward:0.07777778804302216, mean_queue:0.7888888716697693
intersection:19, mean_episode_reward:0.15000000596046448, mean_queue:0.8166666626930237
intersection:20, mean_episode_reward:0.21722222864627838, mean_queue:0.7527777552604675
intersection:21, mean_episode_reward:0.13250002264976501, mean_queue:0.8138889074325562
intersection:22, mean_episode_reward:0.0508333258330822, mean_queue:0.7888888716697693
intersection:23, mean_episode_reward:0.038611121475696564, mean_queue:0.7805555462837219
intersection:24, mean_episode_reward:0.26194459199905396, mean_queue:0.7749999761581421
intersection:25, mean_episode_reward:0.08166666328907013, mean_queue:0.7749999761581421
intersection:26, mean_episode_reward:0.13833335041999817, mean_queue:0.75
intersection:27, mean_episode_reward:0.10444443672895432, mean_queue:0.769444465637207
intersection:28, mean_episode_reward:0.1799999475479126, mean_queue:0.7833333611488342
intersection:29, mean_episode_reward:0.14750002324581146, mean_queue:0.8333333134651184
intersection:30, mean_episode_reward:0.17222219705581665, mean_queue:0.8722222447395325
intersection:31, mean_episode_reward:0.08138889074325562, mean_queue:0.8083333373069763
Test step:197/200, travel time :247.4192200557103, rewards:-5.714999050564236, queue:5.727083333333334, delay:0.05380073123508029, throughput:1436
[CrossingProxy] total ped calls this episode: 225
step:3600/3600, q_loss:0.817378044128418, rewards:-5.890833875868055, queue:5.715885416666667, delay:0.05330068800184462, throughput:1433
episode:198/200, real avg travel time:247.2260990928123
intersection:0, mean_episode_reward:-0.4833333194255829, mean_queue:10.516666412353516
intersection:1, mean_episode_reward:-0.6102778315544128, mean_queue:10.550000190734863
intersection:2, mean_episode_reward:-0.7200000286102295, mean_queue:11.077777862548828
intersection:3, mean_episode_reward:-1.0913889408111572, mean_queue:10.20555591583252
intersection:4, mean_episode_reward:-0.8994447588920593, mean_queue:10.977777481079102
intersection:5, mean_episode_reward:0.21916665136814117, mean_queue:10.211111068725586
intersection:6, mean_episode_reward:0.5508331656455994, mean_queue:10.550000190734863
intersection:7, mean_episode_reward:-0.6383333206176758, mean_queue:10.43055534362793
intersection:8, mean_episode_reward:-0.5286110639572144, mean_queue:10.661110877990723
intersection:9, mean_episode_reward:-0.2155555933713913, mean_queue:10.741666793823242
intersection:10, mean_episode_reward:0.00333330687135458, mean_queue:11.016666412353516
intersection:11, mean_episode_reward:-0.521388828754425, mean_queue:10.675000190734863
intersection:12, mean_episode_reward:-0.986944317817688, mean_queue:10.858333587646484
intersection:13, mean_episode_reward:-0.5902776718139648, mean_queue:10.658333778381348
intersection:14, mean_episode_reward:-0.10944442451000214, mean_queue:10.427778244018555
intersection:15, mean_episode_reward:-1.2355554103851318, mean_queue:10.688888549804688
intersection:16, mean_episode_reward:0.02972223050892353, mean_queue:0.7749999761581421
intersection:17, mean_episode_reward:0.08888891339302063, mean_queue:0.7777777910232544
intersection:18, mean_episode_reward:0.06749998778104782, mean_queue:0.7888888716697693
intersection:19, mean_episode_reward:0.17777784168720245, mean_queue:0.8166666626930237
intersection:20, mean_episode_reward:0.16222214698791504, mean_queue:0.7527777552604675
intersection:21, mean_episode_reward:0.14527778327465057, mean_queue:0.8138889074325562
intersection:22, mean_episode_reward:0.050555553287267685, mean_queue:0.7888888716697693
intersection:23, mean_episode_reward:0.046944454312324524, mean_queue:0.7805555462837219
intersection:24, mean_episode_reward:0.19138894975185394, mean_queue:0.7749999761581421
intersection:25, mean_episode_reward:0.14222224056720734, mean_queue:0.7749999761581421
intersection:26, mean_episode_reward:0.1158333346247673, mean_queue:0.75
intersection:27, mean_episode_reward:0.12388885021209717, mean_queue:0.769444465637207
intersection:28, mean_episode_reward:0.19666661322116852, mean_queue:0.7833333611488342
intersection:29, mean_episode_reward:0.1802777647972107, mean_queue:0.8333333134651184
intersection:30, mean_episode_reward:0.15527771413326263, mean_queue:0.8722222447395325
intersection:31, mean_episode_reward:0.09194444119930267, mean_queue:0.8083333373069763
Test step:198/200, travel time :249.081589958159, rewards:-6.004721408420139, queue:5.748871527777778, delay:0.05331647131178114, throughput:1434
[CrossingProxy] total ped calls this episode: 232
step:3600/3600, q_loss:0.8104627728462219, rewards:-6.059722222222222, queue:5.717361111111111, delay:0.05274334483676486, throughput:1437
episode:199/200, real avg travel time:247.15240083507308
intersection:0, mean_episode_reward:-0.9211106896400452, mean_queue:10.63888931274414
intersection:1, mean_episode_reward:-0.2744443118572235, mean_queue:10.452777862548828
intersection:2, mean_episode_reward:-0.9619444012641907, mean_queue:11.074999809265137
intersection:3, mean_episode_reward:-0.8344447612762451, mean_queue:10.06944465637207
intersection:4, mean_episode_reward:-0.370555579662323, mean_queue:10.788888931274414
intersection:5, mean_episode_reward:-0.09416668862104416, mean_queue:10.472222328186035
intersection:6, mean_episode_reward:0.482777863740921, mean_queue:10.577777862548828
intersection:7, mean_episode_reward:-0.40888893604278564, mean_queue:10.41944408416748
intersection:8, mean_episode_reward:-0.6699998378753662, mean_queue:10.73888874053955
intersection:9, mean_episode_reward:0.1252777874469757, mean_queue:10.61111068725586
intersection:10, mean_episode_reward:-0.03194443881511688, mean_queue:10.933333396911621
intersection:11, mean_episode_reward:-0.741111159324646, mean_queue:10.777777671813965
intersection:12, mean_episode_reward:-1.1391664743423462, mean_queue:10.972222328186035
intersection:13, mean_episode_reward:-0.7288888096809387, mean_queue:10.602777481079102
intersection:14, mean_episode_reward:-0.1969444751739502, mean_queue:10.502778053283691
intersection:15, mean_episode_reward:-1.2805559635162354, mean_queue:10.661110877990723
intersection:16, mean_episode_reward:0.02972223050892353, mean_queue:0.7749999761581421
intersection:17, mean_episode_reward:0.08888889849185944, mean_queue:0.7777777910232544
intersection:18, mean_episode_reward:0.04361111670732498, mean_queue:0.7888888716697693
intersection:19, mean_episode_reward:0.1880556046962738, mean_queue:0.8166666626930237
intersection:20, mean_episode_reward:0.1613888442516327, mean_queue:0.7527777552604675
intersection:21, mean_episode_reward:0.18083330988883972, mean_queue:0.8138889074325562
intersection:22, mean_episode_reward:0.07527773827314377, mean_queue:0.7888888716697693
intersection:23, mean_episode_reward:-0.006388887297362089, mean_queue:0.7805555462837219
intersection:24, mean_episode_reward:0.2105555385351181, mean_queue:0.7749999761581421
intersection:25, mean_episode_reward:0.10249996930360794, mean_queue:0.7749999761581421
intersection:26, mean_episode_reward:0.15611116588115692, mean_queue:0.75
intersection:27, mean_episode_reward:0.14694441854953766, mean_queue:0.769444465637207
intersection:28, mean_episode_reward:0.1827777475118637, mean_queue:0.7833333611488342
intersection:29, mean_episode_reward:0.18194448947906494, mean_queue:0.8333333134651184
intersection:30, mean_episode_reward:0.14888885617256165, mean_queue:0.8722222447395325
intersection:31, mean_episode_reward:0.09527778625488281, mean_queue:0.8083333373069763
Test step:199/200, travel time :248.02585604472398, rewards:-6.124167209201389, queue:5.745399305555556, delay:0.05392722023857965, throughput:1431
[CrossingProxy] total ped calls this episode: 264
Final Travel Time is 249.3926, mean rewards: -6.2061, queue: 5.7414, delay: 0.0542, throughput: 1434
[CrossingProxy] total ped calls this episode: 237
Total time taken: 9415.783514976501
