early_stop enabled: min_episodes=30, max_episodes=500, patience=3, min_delta=0.0100, metric=heldout
episode:0/500, train_demand:raw_data/grid4x4/od_hubs/demand_set/train_00.rou.xml
step:1800/1800, q_loss:0, rewards:-4.405555216471354, queue:5.651736111111111, delay:0.044629875818888345, throughput:676
episode:0/500, real avg travel time:213.02366863905326
intersection:0, mean_episode_reward:0.06000002846121788, mean_queue:9.683333396911621
intersection:1, mean_episode_reward:-0.07722220569849014, mean_queue:10.05555534362793
intersection:2, mean_episode_reward:-0.39555561542510986, mean_queue:10.216666221618652
intersection:3, mean_episode_reward:-1.615948086453045e-08, mean_queue:9.683333396911621
intersection:4, mean_episode_reward:-0.23777776956558228, mean_queue:10.75
intersection:5, mean_episode_reward:-0.8872221112251282, mean_queue:10.627778053283691
intersection:6, mean_episode_reward:-0.6827779412269592, mean_queue:11.20555591583252
intersection:7, mean_episode_reward:-0.19444438815116882, mean_queue:10.233333587646484
intersection:8, mean_episode_reward:0.2133333683013916, mean_queue:10.088889122009277
intersection:9, mean_episode_reward:-1.8438881635665894, mean_queue:11.672222137451172
intersection:10, mean_episode_reward:-2.1600000858306885, mean_queue:12.327777862548828
intersection:11, mean_episode_reward:0.5061111450195312, mean_queue:9.733333587646484
intersection:12, mean_episode_reward:0.6249998211860657, mean_queue:10.433333396911621
intersection:13, mean_episode_reward:-0.32444441318511963, mean_queue:10.949999809265137
intersection:14, mean_episode_reward:-0.5366668105125427, mean_queue:10.566666603088379
intersection:15, mean_episode_reward:0.2011111080646515, mean_queue:9.86111068725586
intersection:16, mean_episode_reward:-0.051111117005348206, mean_queue:0.8055555820465088
intersection:17, mean_episode_reward:0.14499998092651367, mean_queue:0.9166666865348816
intersection:18, mean_episode_reward:0.22055546939373016, mean_queue:0.8111110925674438
intersection:19, mean_episode_reward:0.15611118078231812, mean_queue:0.8277778029441833
intersection:20, mean_episode_reward:0.0833333432674408, mean_queue:0.7944444417953491
intersection:21, mean_episode_reward:0.03777780011296272, mean_queue:0.8444444537162781
intersection:22, mean_episode_reward:-0.0288888830691576, mean_queue:0.8611111044883728
intersection:23, mean_episode_reward:-0.014444448053836823, mean_queue:0.7944444417953491
intersection:24, mean_episode_reward:0.11055552959442139, mean_queue:0.7944444417953491
intersection:25, mean_episode_reward:0.03388887643814087, mean_queue:0.8333333134651184
intersection:26, mean_episode_reward:0.13888892531394958, mean_queue:0.6166666746139526
intersection:27, mean_episode_reward:0.11722224205732346, mean_queue:0.7388888597488403
intersection:28, mean_episode_reward:0.2011111080646515, mean_queue:0.7944444417953491
intersection:29, mean_episode_reward:0.1155555322766304, mean_queue:0.7222222089767456
intersection:30, mean_episode_reward:0.041111115366220474, mean_queue:0.8333333134651184
intersection:31, mean_episode_reward:0.02222222089767456, mean_queue:0.7777777910232544
HELDOUT episode:0/500, demand:raw_data/grid4x4/od_hubs/demand_set/hold_00.rou.xml, travel time:404.468085106383, rewards:-64.52165798611111, queue:9.876215277777778, delay:0.0982063717312283, throughput:282
HELDOUT episode:0/500, demand:raw_data/grid4x4/od_hubs/demand_set/hold_01.rou.xml, travel time:379.4741641337386, rewards:-62.22055121527778, queue:9.5890625, delay:0.1021094004313151, throughput:329
HELDOUT episode:0/500, demand:raw_data/grid4x4/od_hubs/demand_set/hold_02.rou.xml, travel time:413.33641975308643, rewards:-60.20888671875, queue:9.771006944444444, delay:0.10337917539808485, throughput:324
HELDOUT_MEAN episode:0/500, travel time:399.09288966440266 (n=3)
new best ATT=399.09 at episode 0 (metric=heldout)
episode:1/500, train_demand:raw_data/grid4x4/od_hubs/demand_set/train_01.rou.xml
step:1800/1800, q_loss:0, rewards:-4.041666666666667, queue:5.729513888888889, delay:0.04798788494533963, throughput:716
episode:1/500, real avg travel time:221.25977653631284
intersection:0, mean_episode_reward:0.9444442987442017, mean_queue:9.48888874053955
intersection:1, mean_episode_reward:0.39833348989486694, mean_queue:10.516666412353516
intersection:2, mean_episode_reward:-0.0977778434753418, mean_queue:10.355555534362793
intersection:3, mean_episode_reward:0.12833335995674133, mean_queue:9.894444465637207
intersection:4, mean_episode_reward:0.14666657149791718, mean_queue:11.0
intersection:5, mean_episode_reward:-2.3544442653656006, mean_queue:11.744444847106934
intersection:6, mean_episode_reward:-1.0877777338027954, mean_queue:11.05555534362793
intersection:7, mean_episode_reward:-0.2766667902469635, mean_queue:10.13888931274414
intersection:8, mean_episode_reward:0.28111112117767334, mean_queue:10.372221946716309
intersection:9, mean_episode_reward:-1.7349998950958252, mean_queue:11.972222328186035
intersection:10, mean_episode_reward:-1.8955556154251099, mean_queue:12.133333206176758
intersection:11, mean_episode_reward:0.002777803922072053, mean_queue:10.199999809265137
intersection:12, mean_episode_reward:0.1438889056444168, mean_queue:10.322221755981445
intersection:13, mean_episode_reward:-0.0716666504740715, mean_queue:10.827777862548828
intersection:14, mean_episode_reward:-0.17166666686534882, mean_queue:10.505555152893066
intersection:15, mean_episode_reward:0.07666661590337753, mean_queue:10.050000190734863
intersection:16, mean_episode_reward:-0.05277777090668678, mean_queue:0.8055555820465088
intersection:17, mean_episode_reward:0.09499999135732651, mean_queue:0.9166666865348816
intersection:18, mean_episode_reward:0.13388888537883759, mean_queue:0.8111110925674438
intersection:19, mean_episode_reward:0.12000007927417755, mean_queue:0.8277778029441833
intersection:20, mean_episode_reward:0.07500000298023224, mean_queue:0.7944444417953491
intersection:21, mean_episode_reward:0.12333328276872635, mean_queue:0.8444444537162781
intersection:22, mean_episode_reward:-0.03333332762122154, mean_queue:0.8611111044883728
intersection:23, mean_episode_reward:-0.014444445259869099, mean_queue:0.7944444417953491
intersection:24, mean_episode_reward:0.10722219944000244, mean_queue:0.7944444417953491
intersection:25, mean_episode_reward:0.06333333998918533, mean_queue:0.8333333134651184
intersection:26, mean_episode_reward:0.16166669130325317, mean_queue:0.6166666746139526
intersection:27, mean_episode_reward:0.04277776926755905, mean_queue:0.7388888597488403
intersection:28, mean_episode_reward:0.3022221326828003, mean_queue:0.7944444417953491
intersection:29, mean_episode_reward:0.25944435596466064, mean_queue:0.7222222089767456
intersection:30, mean_episode_reward:0.11611108481884003, mean_queue:0.8333333134651184
intersection:31, mean_episode_reward:0.027222217991948128, mean_queue:0.7777777910232544
episode:2/500, train_demand:raw_data/grid4x4/od_hubs/demand_set/train_02.rou.xml
step:1800/1800, q_loss:0, rewards:-5.037777370876736, queue:5.658333333333333, delay:0.04760255813598633, throughput:729
episode:2/500, real avg travel time:208.6803840877915
intersection:0, mean_episode_reward:0.45944443345069885, mean_queue:9.727777481079102
intersection:1, mean_episode_reward:0.10000000149011612, mean_queue:9.95555591583252
intersection:2, mean_episode_reward:-0.5061110854148865, mean_queue:10.183333396911621
intersection:3, mean_episode_reward:0.21722225844860077, mean_queue:9.527777671813965
intersection:4, mean_episode_reward:-0.13166667520999908, mean_queue:11.016666412353516
intersection:5, mean_episode_reward:-0.9883332252502441, mean_queue:10.75
intersection:6, mean_episode_reward:-1.154999852180481, mean_queue:11.01111125946045
intersection:7, mean_episode_reward:-0.2983333468437195, mean_queue:10.088889122009277
intersection:8, mean_episode_reward:-0.2999999225139618, mean_queue:10.177778244018555
intersection:9, mean_episode_reward:-1.6838887929916382, mean_queue:11.627778053283691
intersection:10, mean_episode_reward:-1.8716663122177124, mean_queue:11.927778244018555
intersection:11, mean_episode_reward:0.07833333313465118, mean_queue:10.016666412353516
intersection:12, mean_episode_reward:0.2638888955116272, mean_queue:10.677778244018555
intersection:13, mean_episode_reward:0.1311110556125641, mean_queue:11.005555152893066
intersection:14, mean_episode_reward:-0.6399999260902405, mean_queue:10.699999809265137
intersection:15, mean_episode_reward:-0.005555564071983099, mean_queue:9.905555725097656
intersection:16, mean_episode_reward:-0.05222221836447716, mean_queue:0.8055555820465088
intersection:17, mean_episode_reward:0.09555553644895554, mean_queue:0.9166666865348816
intersection:18, mean_episode_reward:0.12055554986000061, mean_queue:0.8111110925674438
intersection:19, mean_episode_reward:0.21000003814697266, mean_queue:0.8277778029441833
intersection:20, mean_episode_reward:0.11055554449558258, mean_queue:0.7944444417953491
intersection:21, mean_episode_reward:0.022777779027819633, mean_queue:0.8444444537162781
intersection:22, mean_episode_reward:0.009444450959563255, mean_queue:0.8611111044883728
intersection:23, mean_episode_reward:-0.014444448053836823, mean_queue:0.7944444417953491
intersection:24, mean_episode_reward:0.10833331197500229, mean_queue:0.7944444417953491
intersection:25, mean_episode_reward:0.03555554896593094, mean_queue:0.8333333134651184
intersection:26, mean_episode_reward:0.14722225069999695, mean_queue:0.6166666746139526
intersection:27, mean_episode_reward:0.06277778744697571, mean_queue:0.7388888597488403
intersection:28, mean_episode_reward:0.20611101388931274, mean_queue:0.7944444417953491
intersection:29, mean_episode_reward:0.11722218990325928, mean_queue:0.7222222089767456
intersection:30, mean_episode_reward:0.0855555459856987, mean_queue:0.8333333134651184
intersection:31, mean_episode_reward:0.02777777425944805, mean_queue:0.7777777910232544
episode:3/500, train_demand:raw_data/grid4x4/od_hubs/demand_set/train_03.rou.xml
step:1800/1800, q_loss:0, rewards:-5.611666531032986, queue:5.8109375, delay:0.05147968928019206, throughput:778
episode:3/500, real avg travel time:220.146529562982
intersection:0, mean_episode_reward:0.84111088514328, mean_queue:9.966666221618652
intersection:1, mean_episode_reward:-0.13833333551883698, mean_queue:10.533333778381348
intersection:2, mean_episode_reward:-0.5649999976158142, mean_queue:10.644444465637207
intersection:3, mean_episode_reward:0.3322223126888275, mean_queue:9.833333015441895
intersection:4, mean_episode_reward:-0.7022221684455872, mean_queue:11.483333587646484
intersection:5, mean_episode_reward:-1.883333444595337, mean_queue:11.649999618530273
intersection:6, mean_episode_reward:-1.7788888216018677, mean_queue:12.105555534362793
intersection:7, mean_episode_reward:0.39388900995254517, mean_queue:10.188888549804688
intersection:8, mean_episode_reward:-0.4238889515399933, mean_queue:10.372221946716309
intersection:9, mean_episode_reward:-1.342777967453003, mean_queue:11.405555725097656
intersection:10, mean_episode_reward:-1.9466662406921387, mean_queue:12.5
intersection:11, mean_episode_reward:0.13611114025115967, mean_queue:10.377778053283691
intersection:12, mean_episode_reward:0.6288890242576599, mean_queue:10.466666221618652
intersection:13, mean_episode_reward:-0.2055555284023285, mean_queue:11.04444408416748
intersection:14, mean_episode_reward:-0.7072222828865051, mean_queue:10.594444274902344
intersection:15, mean_episode_reward:0.22277772426605225, mean_queue:10.016666412353516
intersection:16, mean_episode_reward:-0.029444437474012375, mean_queue:0.8055555820465088
intersection:17, mean_episode_reward:0.13055551052093506, mean_queue:0.9166666865348816
intersection:18, mean_episode_reward:0.18833331763744354, mean_queue:0.8111110925674438
intersection:19, mean_episode_reward:0.305555522441864, mean_queue:0.8277778029441833
intersection:20, mean_episode_reward:0.1316666603088379, mean_queue:0.7944444417953491
intersection:21, mean_episode_reward:0.04444446042180061, mean_queue:0.8444444537162781
intersection:22, mean_episode_reward:-0.0161111019551754, mean_queue:0.8611111044883728
intersection:23, mean_episode_reward:-0.015000002458691597, mean_queue:0.7944444417953491
intersection:24, mean_episode_reward:0.10777775198221207, mean_queue:0.7944444417953491
intersection:25, mean_episode_reward:0.031111108139157295, mean_queue:0.8333333134651184
intersection:26, mean_episode_reward:0.09666668623685837, mean_queue:0.6166666746139526
intersection:27, mean_episode_reward:0.08833332359790802, mean_queue:0.7388888597488403
intersection:28, mean_episode_reward:0.2838888466358185, mean_queue:0.7944444417953491
intersection:29, mean_episode_reward:0.14055553078651428, mean_queue:0.7222222089767456
intersection:30, mean_episode_reward:0.018888890743255615, mean_queue:0.8333333134651184
intersection:31, mean_episode_reward:0.019999999552965164, mean_queue:0.7777777910232544
episode:4/500, train_demand:raw_data/grid4x4/od_hubs/demand_set/train_04.rou.xml
step:1800/1800, q_loss:0, rewards:-4.047222900390625, queue:5.635590277777778, delay:0.044518905215793186, throughput:688
episode:4/500, real avg travel time:209.34447674418604
intersection:0, mean_episode_reward:0.3761112689971924, mean_queue:9.666666984558105
intersection:1, mean_episode_reward:0.029999984428286552, mean_queue:10.288888931274414
intersection:2, mean_episode_reward:0.1833333522081375, mean_queue:10.266666412353516
intersection:3, mean_episode_reward:-0.09722220152616501, mean_queue:9.86111068725586
intersection:4, mean_episode_reward:0.6000001430511475, mean_queue:10.594444274902344
intersection:5, mean_episode_reward:-1.5327779054641724, mean_queue:11.094444274902344
intersection:6, mean_episode_reward:-1.079444169998169, mean_queue:11.094444274902344
intersection:7, mean_episode_reward:-0.5188889503479004, mean_queue:10.183333396911621
intersection:8, mean_episode_reward:-0.29333338141441345, mean_queue:10.355555534362793
intersection:9, mean_episode_reward:-0.7344446182250977, mean_queue:10.838889122009277
intersection:10, mean_episode_reward:-1.5616670846939087, mean_queue:11.672222137451172
intersection:11, mean_episode_reward:-0.22833338379859924, mean_queue:10.177778244018555
intersection:12, mean_episode_reward:0.3972221314907074, mean_queue:10.277777671813965
intersection:13, mean_episode_reward:-0.7588889002799988, mean_queue:10.855555534362793
intersection:14, mean_episode_reward:-0.43500015139579773, mean_queue:10.311111450195312
intersection:15, mean_episode_reward:0.14666666090488434, mean_queue:10.033333778381348
intersection:16, mean_episode_reward:-0.05111110955476761, mean_queue:0.8055555820465088
intersection:17, mean_episode_reward:0.09111111611127853, mean_queue:0.9166666865348816
intersection:18, mean_episode_reward:0.06888889521360397, mean_queue:0.8111110925674438
intersection:19, mean_episode_reward:0.11277782917022705, mean_queue:0.8277778029441833
intersection:20, mean_episode_reward:0.13166667520999908, mean_queue:0.7944444417953491
intersection:21, mean_episode_reward:0.07444445043802261, mean_queue:0.8444444537162781
intersection:22, mean_episode_reward:0.06888888776302338, mean_queue:0.8611111044883728
intersection:23, mean_episode_reward:-0.015000002458691597, mean_queue:0.7944444417953491
intersection:24, mean_episode_reward:0.10722219944000244, mean_queue:0.7944444417953491
intersection:25, mean_episode_reward:0.036111101508140564, mean_queue:0.8333333134651184
intersection:26, mean_episode_reward:0.2133333384990692, mean_queue:0.6166666746139526
intersection:27, mean_episode_reward:0.09777779132127762, mean_queue:0.7388888597488403
intersection:28, mean_episode_reward:0.30166658759117126, mean_queue:0.7944444417953491
intersection:29, mean_episode_reward:0.057222239673137665, mean_queue:0.7222222089767456
intersection:30, mean_episode_reward:0.13944444060325623, mean_queue:0.8333333134651184
intersection:31, mean_episode_reward:0.02499999664723873, mean_queue:0.7777777910232544
episode:5/500, train_demand:raw_data/grid4x4/od_hubs/demand_set/train_05.rou.xml
step:1800/1800, q_loss:0.7619737386703491, rewards:-8.464444308810764, queue:6.369618055555556, delay:0.06376821200052897, throughput:625
episode:5/500, real avg travel time:247.2832
intersection:0, mean_episode_reward:-1.3638888597488403, mean_queue:11.133333206176758
intersection:1, mean_episode_reward:-0.22111113369464874, mean_queue:10.227777481079102
intersection:2, mean_episode_reward:-0.7216666340827942, mean_queue:10.76111125946045
intersection:3, mean_episode_reward:-1.5694444179534912, mean_queue:11.161110877990723
intersection:4, mean_episode_reward:0.22166667878627777, mean_queue:10.872221946716309
intersection:5, mean_episode_reward:-1.5383332967758179, mean_queue:11.86111068725586
intersection:6, mean_episode_reward:-2.2211110591888428, mean_queue:14.38888931274414
intersection:7, mean_episode_reward:-0.3083333373069763, mean_queue:13.449999809265137
intersection:8, mean_episode_reward:2.1566669940948486, mean_queue:10.661110877990723
intersection:9, mean_episode_reward:-1.0638891458511353, mean_queue:12.355555534362793
intersection:10, mean_episode_reward:-2.536111354827881, mean_queue:13.45555591583252
intersection:11, mean_episode_reward:1.5372226238250732, mean_queue:11.550000190734863
intersection:12, mean_episode_reward:-1.38777756690979, mean_queue:13.222222328186035
intersection:13, mean_episode_reward:-0.5161107778549194, mean_queue:13.188888549804688
intersection:14, mean_episode_reward:-2.2361114025115967, mean_queue:12.227777481079102
intersection:15, mean_episode_reward:0.06222222000360489, mean_queue:10.54444408416748
intersection:16, mean_episode_reward:-0.05055555701255798, mean_queue:0.8055555820465088
intersection:17, mean_episode_reward:0.12888887524604797, mean_queue:0.9166666865348816
intersection:18, mean_episode_reward:0.309999942779541, mean_queue:0.8111110925674438
intersection:19, mean_episode_reward:0.11444450169801712, mean_queue:0.8277778029441833
intersection:20, mean_episode_reward:0.8594443202018738, mean_queue:0.7944444417953491
intersection:21, mean_episode_reward:0.05166668817400932, mean_queue:0.8444444537162781
intersection:22, mean_episode_reward:-0.03888888657093048, mean_queue:0.8611111044883728
intersection:23, mean_episode_reward:-0.01277778297662735, mean_queue:0.7944444417953491
intersection:24, mean_episode_reward:0.10666663944721222, mean_queue:0.7944444417953491
intersection:25, mean_episode_reward:0.1505555957555771, mean_queue:0.8333333134651184
intersection:26, mean_episode_reward:0.20555557310581207, mean_queue:0.6166666746139526
intersection:27, mean_episode_reward:0.6683333516120911, mean_queue:0.7388888597488403
intersection:28, mean_episode_reward:0.2644443213939667, mean_queue:0.7944444417953491
intersection:29, mean_episode_reward:0.2955555021762848, mean_queue:0.7222222089767456
intersection:30, mean_episode_reward:0.16111110150814056, mean_queue:0.8333333134651184
intersection:31, mean_episode_reward:0.027222217991948128, mean_queue:0.7777777910232544
episode:6/500, train_demand:raw_data/grid4x4/od_hubs/demand_set/train_06.rou.xml
step:1800/1800, q_loss:0.9601187109947205, rewards:-10.648885769314235, queue:7.397395833333333, delay:0.08715789582994249, throughput:571
episode:6/500, real avg travel time:340.5096322241681
intersection:0, mean_episode_reward:-0.27388888597488403, mean_queue:10.127778053283691
intersection:1, mean_episode_reward:-0.5672222375869751, mean_queue:12.550000190734863
intersection:2, mean_episode_reward:0.6444447636604309, mean_queue:13.494444847106934
intersection:3, mean_episode_reward:0.9722227454185486, mean_queue:11.79444408416748
intersection:4, mean_episode_reward:-0.47722190618515015, mean_queue:11.100000381469727
intersection:5, mean_episode_reward:-1.5255553722381592, mean_queue:15.244444847106934
intersection:6, mean_episode_reward:-6.915554523468018, mean_queue:19.200000762939453
intersection:7, mean_episode_reward:-1.9977777004241943, mean_queue:17.700000762939453
intersection:8, mean_episode_reward:-2.0500004291534424, mean_queue:12.616666793823242
intersection:9, mean_episode_reward:0.6883334517478943, mean_queue:16.061111450195312
intersection:10, mean_episode_reward:-3.8355557918548584, mean_queue:15.377778053283691
intersection:11, mean_episode_reward:0.05055547133088112, mean_queue:15.699999809265137
intersection:12, mean_episode_reward:-0.1655557006597519, mean_queue:11.566666603088379
intersection:13, mean_episode_reward:-1.1911110877990723, mean_queue:14.927778244018555
intersection:14, mean_episode_reward:-2.458888053894043, mean_queue:13.23888874053955
intersection:15, mean_episode_reward:3.0511114597320557, mean_queue:13.25
intersection:16, mean_episode_reward:-0.05166666954755783, mean_queue:0.8055555820465088
intersection:17, mean_episode_reward:0.11499997973442078, mean_queue:0.9166666865348816
intersection:18, mean_episode_reward:1.6838887929916382, mean_queue:0.8111110925674438
intersection:19, mean_episode_reward:0.670555591583252, mean_queue:0.8277778029441833
intersection:20, mean_episode_reward:0.038888897746801376, mean_queue:0.7944444417953491
intersection:21, mean_episode_reward:0.006666671019047499, mean_queue:0.8444444537162781
intersection:22, mean_episode_reward:0.07500000298023224, mean_queue:0.8611111044883728
intersection:23, mean_episode_reward:-0.015000002458691597, mean_queue:0.7944444417953491
intersection:24, mean_episode_reward:0.10666663944721222, mean_queue:0.7944444417953491
intersection:25, mean_episode_reward:0.08444445580244064, mean_queue:0.8333333134651184
intersection:26, mean_episode_reward:0.12388890236616135, mean_queue:0.6166666746139526
intersection:27, mean_episode_reward:0.007222222164273262, mean_queue:0.7388888597488403
intersection:28, mean_episode_reward:1.3988889455795288, mean_queue:0.7944444417953491
intersection:29, mean_episode_reward:0.037777792662382126, mean_queue:0.7222222089767456
intersection:30, mean_episode_reward:1.0933334827423096, mean_queue:0.8333333134651184
intersection:31, mean_episode_reward:0.027222217991948128, mean_queue:0.7777777910232544
episode:7/500, train_demand:raw_data/grid4x4/od_hubs/demand_set/train_07.rou.xml
step:1800/1800, q_loss:1.419509768486023, rewards:-15.661664496527777, queue:6.9137152777777775, delay:0.07929204305013021, throughput:629
episode:7/500, real avg travel time:300.26550079491255
intersection:0, mean_episode_reward:2.2372217178344727, mean_queue:11.161110877990723
intersection:1, mean_episode_reward:-3.614999294281006, mean_queue:13.783333778381348
intersection:2, mean_episode_reward:0.47833335399627686, mean_queue:13.188888549804688
intersection:3, mean_episode_reward:-1.863333821296692, mean_queue:11.483333587646484
intersection:4, mean_episode_reward:-0.38555556535720825, mean_queue:11.20555591583252
intersection:5, mean_episode_reward:0.36333322525024414, mean_queue:11.972222328186035
intersection:6, mean_episode_reward:-7.3272223472595215, mean_queue:17.572221755981445
intersection:7, mean_episode_reward:0.9011111855506897, mean_queue:11.933333396911621
intersection:8, mean_episode_reward:-1.8183332681655884, mean_queue:11.48888874053955
intersection:9, mean_episode_reward:-1.2127776145935059, mean_queue:15.172222137451172
intersection:10, mean_episode_reward:-1.872220754623413, mean_queue:16.011110305786133
intersection:11, mean_episode_reward:-0.8816664218902588, mean_queue:11.916666984558105
intersection:12, mean_episode_reward:0.44999992847442627, mean_queue:11.0
intersection:13, mean_episode_reward:0.9583330750465393, mean_queue:13.755555152893066
intersection:14, mean_episode_reward:-2.473888874053955, mean_queue:14.383333206176758
intersection:15, mean_episode_reward:-2.706666946411133, mean_queue:12.44444465637207
intersection:16, mean_episode_reward:-0.05277777090668678, mean_queue:0.8055555820465088
intersection:17, mean_episode_reward:0.2016666978597641, mean_queue:0.9166666865348816
intersection:18, mean_episode_reward:0.28777772188186646, mean_queue:0.8111110925674438
intersection:19, mean_episode_reward:0.1694444715976715, mean_queue:0.8277778029441833
intersection:20, mean_episode_reward:0.06499997526407242, mean_queue:0.7944444417953491
intersection:21, mean_episode_reward:0.3244444727897644, mean_queue:0.8444444537162781
intersection:22, mean_episode_reward:-0.02277776598930359, mean_queue:0.8611111044883728
intersection:23, mean_episode_reward:-0.015000002458691597, mean_queue:0.7944444417953491
intersection:24, mean_episode_reward:0.10777775198221207, mean_queue:0.7944444417953491
intersection:25, mean_episode_reward:0.5938888788223267, mean_queue:0.8333333134651184
intersection:26, mean_episode_reward:0.08499999344348907, mean_queue:0.6166666746139526
intersection:27, mean_episode_reward:0.005555551499128342, mean_queue:0.7388888597488403
intersection:28, mean_episode_reward:0.9255558252334595, mean_queue:0.7944444417953491
intersection:29, mean_episode_reward:0.09333331882953644, mean_queue:0.7222222089767456
intersection:30, mean_episode_reward:0.3100000321865082, mean_queue:0.8333333134651184
intersection:31, mean_episode_reward:0.02777777425944805, mean_queue:0.7777777910232544
episode:8/500, train_demand:raw_data/grid4x4/od_hubs/demand_set/train_08.rou.xml
step:1800/1800, q_loss:1.7124273777008057, rewards:-16.16166720920139, queue:6.932638888888889, delay:0.07324033313327366, throughput:648
episode:8/500, real avg travel time:296.24228395061726
intersection:0, mean_episode_reward:0.2866668403148651, mean_queue:11.25
intersection:1, mean_episode_reward:-0.46500006318092346, mean_queue:10.711111068725586
intersection:2, mean_episode_reward:-1.9533329010009766, mean_queue:12.155555725097656
intersection:3, mean_episode_reward:-0.3427777588367462, mean_queue:9.816666603088379
intersection:4, mean_episode_reward:0.7111110687255859, mean_queue:17.100000381469727
intersection:5, mean_episode_reward:-2.7805559635162354, mean_queue:12.288888931274414
intersection:6, mean_episode_reward:-4.113888263702393, mean_queue:15.25
intersection:7, mean_episode_reward:0.48111122846603394, mean_queue:10.766666412353516
intersection:8, mean_episode_reward:-6.9916672706604, mean_queue:17.600000381469727
intersection:9, mean_episode_reward:2.686666250228882, mean_queue:14.0
intersection:10, mean_episode_reward:-3.0738887786865234, mean_queue:18.75
intersection:11, mean_episode_reward:0.6483333706855774, mean_queue:10.772222518920898
intersection:12, mean_episode_reward:-0.012222287245094776, mean_queue:10.883333206176758
intersection:13, mean_episode_reward:-1.4588888883590698, mean_queue:13.55555534362793
intersection:14, mean_episode_reward:-1.8300002813339233, mean_queue:13.94444465637207
intersection:15, mean_episode_reward:-0.37722232937812805, mean_queue:10.233333587646484
intersection:16, mean_episode_reward:-0.03666666895151138, mean_queue:0.8055555820465088
intersection:17, mean_episode_reward:0.14944443106651306, mean_queue:0.9166666865348816
intersection:18, mean_episode_reward:0.04944446310400963, mean_queue:0.8111110925674438
intersection:19, mean_episode_reward:0.16833333671092987, mean_queue:0.8277778029441833
intersection:20, mean_episode_reward:0.007222221232950687, mean_queue:0.7944444417953491
intersection:21, mean_episode_reward:0.166666641831398, mean_queue:0.8444444537162781
intersection:22, mean_episode_reward:0.07722225785255432, mean_queue:0.8611111044883728
intersection:23, mean_episode_reward:0.019444439560174942, mean_queue:0.7944444417953491
intersection:24, mean_episode_reward:0.10833331197500229, mean_queue:0.7944444417953491
intersection:25, mean_episode_reward:0.047222211956977844, mean_queue:0.8333333134651184
intersection:26, mean_episode_reward:0.6244444847106934, mean_queue:0.6166666746139526
intersection:27, mean_episode_reward:0.00888888444751501, mean_queue:0.7388888597488403
intersection:28, mean_episode_reward:0.40000003576278687, mean_queue:0.7944444417953491
intersection:29, mean_episode_reward:0.16833332180976868, mean_queue:0.7222222089767456
intersection:30, mean_episode_reward:0.4366667568683624, mean_queue:0.8333333134651184
intersection:31, mean_episode_reward:0.028888888657093048, mean_queue:0.7777777910232544
episode:9/500, train_demand:raw_data/grid4x4/od_hubs/demand_set/train_09.rou.xml
step:1800/1800, q_loss:1.9398057460784912, rewards:-5.487223985460069, queue:6.644965277777778, delay:0.06914936701456706, throughput:612
episode:9/500, real avg travel time:268.0947712418301
intersection:0, mean_episode_reward:1.741110920906067, mean_queue:10.383333206176758
intersection:1, mean_episode_reward:0.576666533946991, mean_queue:9.800000190734863
intersection:2, mean_episode_reward:-0.3938889503479004, mean_queue:10.177778244018555
intersection:3, mean_episode_reward:0.08222217857837677, mean_queue:9.622221946716309
intersection:4, mean_episode_reward:3.946666717529297, mean_queue:15.13888931274414
intersection:5, mean_episode_reward:-2.537222385406494, mean_queue:12.316666603088379
intersection:6, mean_episode_reward:-4.0061116218566895, mean_queue:15.199999809265137
intersection:7, mean_episode_reward:3.357221841812134, mean_queue:10.26111125946045
intersection:8, mean_episode_reward:-8.227222442626953, mean_queue:18.961111068725586
intersection:9, mean_episode_reward:1.9416664838790894, mean_queue:12.983333587646484
intersection:10, mean_episode_reward:-3.8199992179870605, mean_queue:15.183333396911621
intersection:11, mean_episode_reward:-0.0922219455242157, mean_queue:12.572221755981445
intersection:12, mean_episode_reward:0.4899998903274536, mean_queue:10.161110877990723
intersection:13, mean_episode_reward:-3.052778720855713, mean_queue:15.166666984558105
intersection:14, mean_episode_reward:-1.1222223043441772, mean_queue:11.566666603088379
intersection:15, mean_episode_reward:1.4616665840148926, mean_queue:10.377778053283691
intersection:16, mean_episode_reward:0.0533333346247673, mean_queue:0.8055555820465088
intersection:17, mean_episode_reward:0.1088888943195343, mean_queue:0.9166666865348816
intersection:18, mean_episode_reward:1.4066665172576904, mean_queue:0.8111110925674438
intersection:19, mean_episode_reward:0.24166668951511383, mean_queue:0.8277778029441833
intersection:20, mean_episode_reward:0.10555556416511536, mean_queue:0.7944444417953491
intersection:21, mean_episode_reward:0.07500002533197403, mean_queue:0.8444444537162781
intersection:22, mean_episode_reward:-0.009444430470466614, mean_queue:0.8611111044883728
intersection:23, mean_episode_reward:-0.015000002458691597, mean_queue:0.7944444417953491
intersection:24, mean_episode_reward:0.10722219944000244, mean_queue:0.7944444417953491
intersection:25, mean_episode_reward:0.13333341479301453, mean_queue:0.8333333134651184
intersection:26, mean_episode_reward:1.440555453300476, mean_queue:0.6166666746139526
intersection:27, mean_episode_reward:0.020555557683110237, mean_queue:0.7388888597488403
intersection:28, mean_episode_reward:0.21722227334976196, mean_queue:0.7944444417953491
intersection:29, mean_episode_reward:0.11499997973442078, mean_queue:0.7222222089767456
intersection:30, mean_episode_reward:0.13944441080093384, mean_queue:0.8333333134651184
intersection:31, mean_episode_reward:0.027222217991948128, mean_queue:0.7777777910232544
episode:10/500, train_demand:raw_data/grid4x4/od_hubs/demand_set/train_00.rou.xml
step:1800/1800, q_loss:2.137568235397339, rewards:-5.914999728732639, queue:5.8671875, delay:0.05907041761610243, throughput:670
episode:10/500, real avg travel time:242.41641791044776
intersection:0, mean_episode_reward:-0.14000000059604645, mean_queue:9.977777481079102
intersection:1, mean_episode_reward:0.04166669771075249, mean_queue:10.172222137451172
intersection:2, mean_episode_reward:0.5322220325469971, mean_queue:10.022222518920898
intersection:3, mean_episode_reward:0.42777764797210693, mean_queue:9.850000381469727
intersection:4, mean_episode_reward:-1.4005554914474487, mean_queue:11.838889122009277
intersection:5, mean_episode_reward:-2.2772223949432373, mean_queue:12.072221755981445
intersection:6, mean_episode_reward:-0.9911109209060669, mean_queue:11.938888549804688
intersection:7, mean_episode_reward:-0.6527779698371887, mean_queue:11.266666412353516
intersection:8, mean_episode_reward:-0.6000000238418579, mean_queue:10.422222137451172
intersection:9, mean_episode_reward:-0.48333337903022766, mean_queue:11.95555591583252
intersection:10, mean_episode_reward:-0.8877776265144348, mean_queue:12.172222137451172
intersection:11, mean_episode_reward:-0.9744443893432617, mean_queue:10.844444274902344
intersection:12, mean_episode_reward:-0.07777778059244156, mean_queue:10.438888549804688
intersection:13, mean_episode_reward:-0.12944446504116058, mean_queue:11.116666793823242
intersection:14, mean_episode_reward:0.16777782142162323, mean_queue:10.466666221618652
intersection:15, mean_episode_reward:-0.7599997520446777, mean_queue:10.427778244018555
intersection:16, mean_episode_reward:-0.051111117005348206, mean_queue:0.8055555820465088
intersection:17, mean_episode_reward:0.3122222125530243, mean_queue:0.9166666865348816
intersection:18, mean_episode_reward:0.10777777433395386, mean_queue:0.8111110925674438
intersection:19, mean_episode_reward:0.10722225159406662, mean_queue:0.8277778029441833
intersection:20, mean_episode_reward:0.04222222790122032, mean_queue:0.7944444417953491
intersection:21, mean_episode_reward:0.07000000774860382, mean_queue:0.8444444537162781
intersection:22, mean_episode_reward:-0.004999990109354258, mean_queue:0.8611111044883728
intersection:23, mean_episode_reward:-0.013888895511627197, mean_queue:0.7944444417953491
intersection:24, mean_episode_reward:0.10722219944000244, mean_queue:0.7944444417953491
intersection:25, mean_episode_reward:0.03777776286005974, mean_queue:0.8333333134651184
intersection:26, mean_episode_reward:0.636666476726532, mean_queue:0.6166666746139526
intersection:27, mean_episode_reward:0.07055555284023285, mean_queue:0.7388888597488403
intersection:28, mean_episode_reward:0.2522221803665161, mean_queue:0.7944444417953491
intersection:29, mean_episode_reward:0.20333331823349, mean_queue:0.7222222089767456
intersection:30, mean_episode_reward:0.39111125469207764, mean_queue:0.8333333134651184
intersection:31, mean_episode_reward:0.021666666492819786, mean_queue:0.7777777910232544
HELDOUT episode:10/500, demand:raw_data/grid4x4/od_hubs/demand_set/hold_00.rou.xml, travel time:270.1081560283688, rewards:-11.057221137152778, queue:6.95625, delay:0.07539947297838, throughput:564
HELDOUT episode:10/500, demand:raw_data/grid4x4/od_hubs/demand_set/hold_01.rou.xml, travel time:279.9331259720062, rewards:-7.931112331814236, queue:6.722743055555555, delay:0.07410386403401693, throughput:643
HELDOUT episode:10/500, demand:raw_data/grid4x4/od_hubs/demand_set/hold_02.rou.xml, travel time:260.44039735099335, rewards:-12.911668565538195, queue:6.600520833333333, delay:0.07228347990247938, throughput:604
HELDOUT_MEAN episode:10/500, travel time:270.1605597837895 (n=3)
new best ATT=270.16 at episode 10 (metric=heldout)
episode:11/500, train_demand:raw_data/grid4x4/od_hubs/demand_set/train_01.rou.xml
step:1800/1800, q_loss:2.0561392307281494, rewards:-4.555000135633681, queue:5.891319444444444, delay:0.05808174875047472, throughput:684
episode:11/500, real avg travel time:229.406432748538
intersection:0, mean_episode_reward:-0.14500002562999725, mean_queue:9.855555534362793
intersection:1, mean_episode_reward:0.5027777552604675, mean_queue:10.144444465637207
intersection:2, mean_episode_reward:-0.6388887763023376, mean_queue:10.566666603088379
intersection:3, mean_episode_reward:0.3866666257381439, mean_queue:10.100000381469727
intersection:4, mean_episode_reward:-0.3977776765823364, mean_queue:11.272222518920898
intersection:5, mean_episode_reward:-0.917222261428833, mean_queue:11.961111068725586
intersection:6, mean_episode_reward:-2.651111364364624, mean_queue:13.122221946716309
intersection:7, mean_episode_reward:0.3127778470516205, mean_queue:10.833333015441895
intersection:8, mean_episode_reward:-0.45111116766929626, mean_queue:10.13888931274414
intersection:9, mean_episode_reward:-1.1833336353302002, mean_queue:12.005555152893066
intersection:10, mean_episode_reward:-0.801111102104187, mean_queue:11.433333396911621
intersection:11, mean_episode_reward:-0.3894444406032562, mean_queue:10.255555152893066
intersection:12, mean_episode_reward:1.0883333683013916, mean_queue:10.5
intersection:13, mean_episode_reward:-0.44111108779907227, mean_queue:11.572221755981445
intersection:14, mean_episode_reward:-1.790555715560913, mean_queue:11.733333587646484
intersection:15, mean_episode_reward:-0.32055550813674927, mean_queue:10.26111125946045
intersection:16, mean_episode_reward:-0.05277777090668678, mean_queue:0.8055555820465088
intersection:17, mean_episode_reward:0.1527777761220932, mean_queue:0.9166666865348816
intersection:18, mean_episode_reward:0.17722220718860626, mean_queue:0.8111110925674438
intersection:19, mean_episode_reward:0.06388889253139496, mean_queue:0.8277778029441833
intersection:20, mean_episode_reward:0.03500000014901161, mean_queue:0.7944444417953491
intersection:21, mean_episode_reward:0.03388889878988266, mean_queue:0.8444444537162781
intersection:22, mean_episode_reward:-0.02277776598930359, mean_queue:0.8611111044883728
intersection:23, mean_episode_reward:-0.014444445259869099, mean_queue:0.7944444417953491
intersection:24, mean_episode_reward:0.10944442451000214, mean_queue:0.7944444417953491
intersection:25, mean_episode_reward:0.06444445252418518, mean_queue:0.8333333134651184
intersection:26, mean_episode_reward:1.7538889646530151, mean_queue:0.6166666746139526
intersection:27, mean_episode_reward:0.09000000357627869, mean_queue:0.7388888597488403
intersection:28, mean_episode_reward:0.42944446206092834, mean_queue:0.7944444417953491
intersection:29, mean_episode_reward:0.2399999350309372, mean_queue:0.7222222089767456
intersection:30, mean_episode_reward:0.19444440305233002, mean_queue:0.8333333134651184
intersection:31, mean_episode_reward:0.027222217991948128, mean_queue:0.7777777910232544
episode:12/500, train_demand:raw_data/grid4x4/od_hubs/demand_set/train_02.rou.xml
step:1800/1800, q_loss:1.9269582033157349, rewards:-5.536667887369791, queue:5.7765625, delay:0.052551417880588105, throughput:715
episode:12/500, real avg travel time:217.91468531468533
intersection:0, mean_episode_reward:-0.29388901591300964, mean_queue:10.033333778381348
intersection:1, mean_episode_reward:0.6438888311386108, mean_queue:9.594444274902344
intersection:2, mean_episode_reward:-0.2361111044883728, mean_queue:10.338889122009277
intersection:3, mean_episode_reward:-0.06055554747581482, mean_queue:9.666666984558105
intersection:4, mean_episode_reward:-1.04277765750885, mean_queue:11.30555534362793
intersection:5, mean_episode_reward:-1.6133333444595337, mean_queue:11.394444465637207
intersection:6, mean_episode_reward:-0.9038888812065125, mean_queue:11.45555591583252
intersection:7, mean_episode_reward:0.24944442510604858, mean_queue:9.905555725097656
intersection:8, mean_episode_reward:-1.0061113834381104, mean_queue:10.644444465637207
intersection:9, mean_episode_reward:-0.9550001621246338, mean_queue:12.166666984558105
intersection:10, mean_episode_reward:-2.667222738265991, mean_queue:13.449999809265137
intersection:11, mean_episode_reward:-0.18222230672836304, mean_queue:10.027777671813965
intersection:12, mean_episode_reward:0.621666669845581, mean_queue:10.472222328186035
intersection:13, mean_episode_reward:-0.13444437086582184, mean_queue:11.300000190734863
intersection:14, mean_episode_reward:0.8927780389785767, mean_queue:10.5
intersection:15, mean_episode_reward:-0.23500001430511475, mean_queue:9.827777862548828
intersection:16, mean_episode_reward:-0.05111110955476761, mean_queue:0.8055555820465088
intersection:17, mean_episode_reward:0.12000000476837158, mean_queue:0.9166666865348816
intersection:18, mean_episode_reward:0.10999999940395355, mean_queue:0.8111110925674438
intersection:19, mean_episode_reward:0.11722228676080704, mean_queue:0.8277778029441833
intersection:20, mean_episode_reward:0.06277776509523392, mean_queue:0.7944444417953491
intersection:21, mean_episode_reward:0.018888888880610466, mean_queue:0.8444444537162781
intersection:22, mean_episode_reward:0.015000002458691597, mean_queue:0.8611111044883728
intersection:23, mean_episode_reward:-0.015000002458691597, mean_queue:0.7944444417953491
intersection:24, mean_episode_reward:0.10777775198221207, mean_queue:0.7944444417953491
intersection:25, mean_episode_reward:0.05722220242023468, mean_queue:0.8333333134651184
intersection:26, mean_episode_reward:0.3611111640930176, mean_queue:0.6166666746139526
intersection:27, mean_episode_reward:0.06888888776302338, mean_queue:0.7388888597488403
intersection:28, mean_episode_reward:0.20555555820465088, mean_queue:0.7944444417953491
intersection:29, mean_episode_reward:0.10499998927116394, mean_queue:0.7222222089767456
intersection:30, mean_episode_reward:0.07444445043802261, mean_queue:0.8333333134651184
intersection:31, mean_episode_reward:0.028333326801657677, mean_queue:0.7777777910232544
episode:13/500, train_demand:raw_data/grid4x4/od_hubs/demand_set/train_03.rou.xml
step:1800/1800, q_loss:1.7639292478561401, rewards:-5.1438880072699655, queue:5.818576388888889, delay:0.05488229857550727, throughput:779
episode:13/500, real avg travel time:224.93196405648268
intersection:0, mean_episode_reward:0.16055552661418915, mean_queue:9.938888549804688
intersection:1, mean_episode_reward:0.08944444358348846, mean_queue:10.30555534362793
intersection:2, mean_episode_reward:-0.7955555319786072, mean_queue:10.594444274902344
intersection:3, mean_episode_reward:-0.22777767479419708, mean_queue:9.905555725097656
intersection:4, mean_episode_reward:-0.6183332800865173, mean_queue:10.666666984558105
intersection:5, mean_episode_reward:-1.5099997520446777, mean_queue:11.438888549804688
intersection:6, mean_episode_reward:-0.8611111044883728, mean_queue:11.550000190734863
intersection:7, mean_episode_reward:-0.421111136674881, mean_queue:10.69444465637207
intersection:8, mean_episode_reward:-0.26055559515953064, mean_queue:10.083333015441895
intersection:9, mean_episode_reward:-1.0022220611572266, mean_queue:12.699999809265137
intersection:10, mean_episode_reward:-1.4566662311553955, mean_queue:12.600000381469727
intersection:11, mean_episode_reward:0.804444432258606, mean_queue:10.333333015441895
intersection:12, mean_episode_reward:-0.08444446325302124, mean_queue:10.666666984558105
intersection:13, mean_episode_reward:0.17111115157604218, mean_queue:11.29444408416748
intersection:14, mean_episode_reward:-0.2650000751018524, mean_queue:10.416666984558105
intersection:15, mean_episode_reward:-0.5766668319702148, mean_queue:10.23888874053955
intersection:16, mean_episode_reward:-0.03222222253680229, mean_queue:0.8055555820465088
intersection:17, mean_episode_reward:0.1594444364309311, mean_queue:0.9166666865348816
intersection:18, mean_episode_reward:0.1455555558204651, mean_queue:0.8111110925674438
intersection:19, mean_episode_reward:0.19166666269302368, mean_queue:0.8277778029441833
intersection:20, mean_episode_reward:0.02833334542810917, mean_queue:0.7944444417953491
intersection:21, mean_episode_reward:0.07944447547197342, mean_queue:0.8444444537162781
intersection:22, mean_episode_reward:-0.029444437474012375, mean_queue:0.8611111044883728
intersection:23, mean_episode_reward:-0.015000002458691597, mean_queue:0.7944444417953491
intersection:24, mean_episode_reward:0.10666663944721222, mean_queue:0.7944444417953491
intersection:25, mean_episode_reward:0.0833333432674408, mean_queue:0.8333333134651184
intersection:26, mean_episode_reward:0.3600000739097595, mean_queue:0.6166666746139526
intersection:27, mean_episode_reward:0.08555552363395691, mean_queue:0.7388888597488403
intersection:28, mean_episode_reward:0.3738889992237091, mean_queue:0.7944444417953491
intersection:29, mean_episode_reward:0.1111111119389534, mean_queue:0.7222222089767456
intersection:30, mean_episode_reward:0.0416666679084301, mean_queue:0.8333333134651184
intersection:31, mean_episode_reward:0.019999997690320015, mean_queue:0.7777777910232544
episode:14/500, train_demand:raw_data/grid4x4/od_hubs/demand_set/train_04.rou.xml
step:1800/1800, q_loss:1.6278786659240723, rewards:-4.09666748046875, queue:5.620833333333334, delay:0.04710970984564887, throughput:689
episode:14/500, real avg travel time:207.32075471698113
intersection:0, mean_episode_reward:-0.43999990820884705, mean_queue:10.411110877990723
intersection:1, mean_episode_reward:0.02722226455807686, mean_queue:10.338889122009277
intersection:2, mean_episode_reward:-0.46222251653671265, mean_queue:10.255555152893066
intersection:3, mean_episode_reward:-0.268888920545578, mean_queue:9.699999809265137
intersection:4, mean_episode_reward:-0.3649999797344208, mean_queue:10.600000381469727
intersection:5, mean_episode_reward:-0.5566667914390564, mean_queue:10.566666603088379
intersection:6, mean_episode_reward:-0.6072222590446472, mean_queue:11.072221755981445
intersection:7, mean_episode_reward:-0.07833331823348999, mean_queue:10.322221755981445
intersection:8, mean_episode_reward:-0.30444443225860596, mean_queue:9.811111450195312
intersection:9, mean_episode_reward:-0.5872222185134888, mean_queue:11.166666984558105
intersection:10, mean_episode_reward:-0.8866665959358215, mean_queue:11.594444274902344
intersection:11, mean_episode_reward:-0.05055554583668709, mean_queue:10.211111068725586
intersection:12, mean_episode_reward:0.5938888788223267, mean_queue:10.038888931274414
intersection:13, mean_episode_reward:-0.3411111831665039, mean_queue:10.516666412353516
intersection:14, mean_episode_reward:-0.3888888955116272, mean_queue:10.149999618530273
intersection:15, mean_episode_reward:-0.6205556392669678, mean_queue:10.344444274902344
intersection:16, mean_episode_reward:-0.05055555701255798, mean_queue:0.8055555820465088
intersection:17, mean_episode_reward:0.11166665703058243, mean_queue:0.9166666865348816
intersection:18, mean_episode_reward:0.050000011920928955, mean_queue:0.8111110925674438
intersection:19, mean_episode_reward:0.06277778744697571, mean_queue:0.8277778029441833
intersection:20, mean_episode_reward:0.009999996982514858, mean_queue:0.7944444417953491
intersection:21, mean_episode_reward:0.051111117005348206, mean_queue:0.8444444537162781
intersection:22, mean_episode_reward:0.09444445371627808, mean_queue:0.8611111044883728
intersection:23, mean_episode_reward:-0.015000002458691597, mean_queue:0.7944444417953491
intersection:24, mean_episode_reward:0.10777775198221207, mean_queue:0.7944444417953491
intersection:25, mean_episode_reward:0.03777776658535004, mean_queue:0.8333333134651184
intersection:26, mean_episode_reward:0.19055552780628204, mean_queue:0.6166666746139526
intersection:27, mean_episode_reward:0.0144444415345788, mean_queue:0.7388888597488403
intersection:28, mean_episode_reward:0.27111101150512695, mean_queue:0.7944444417953491
intersection:29, mean_episode_reward:0.08222220838069916, mean_queue:0.7222222089767456
intersection:30, mean_episode_reward:0.19777773320674896, mean_queue:0.8333333134651184
intersection:31, mean_episode_reward:0.023888887837529182, mean_queue:0.7777777910232544
episode:15/500, train_demand:raw_data/grid4x4/od_hubs/demand_set/train_05.rou.xml
step:1800/1800, q_loss:1.5586591958999634, rewards:-4.424999660915798, queue:5.688541666666667, delay:0.04999602635701497, throughput:727
episode:15/500, real avg travel time:217.92709766162312
intersection:0, mean_episode_reward:0.03333333879709244, mean_queue:9.844444274902344
intersection:1, mean_episode_reward:-0.21388891339302063, mean_queue:10.005555152893066
intersection:2, mean_episode_reward:-0.4977777302265167, mean_queue:10.29444408416748
intersection:3, mean_episode_reward:0.013333344832062721, mean_queue:9.73888874053955
intersection:4, mean_episode_reward:-0.17888882756233215, mean_queue:10.399999618530273
intersection:5, mean_episode_reward:-1.4083333015441895, mean_queue:11.172222137451172
intersection:6, mean_episode_reward:-0.6394445300102234, mean_queue:10.772222518920898
intersection:7, mean_episode_reward:-0.7005559802055359, mean_queue:10.800000190734863
intersection:8, mean_episode_reward:0.14166675508022308, mean_queue:9.949999809265137
intersection:9, mean_episode_reward:-1.597221851348877, mean_queue:12.366666793823242
intersection:10, mean_episode_reward:-0.37611114978790283, mean_queue:11.844444274902344
intersection:11, mean_episode_reward:0.5250001549720764, mean_queue:10.472222328186035
intersection:12, mean_episode_reward:-0.15944446623325348, mean_queue:10.61111068725586
intersection:13, mean_episode_reward:-0.20166663825511932, mean_queue:10.572221755981445
intersection:14, mean_episode_reward:-0.6377777457237244, mean_queue:10.477777481079102
intersection:15, mean_episode_reward:-0.08222221583127975, mean_queue:9.94444465637207
intersection:16, mean_episode_reward:-0.05166666954755783, mean_queue:0.8055555820465088
intersection:17, mean_episode_reward:0.11944443732500076, mean_queue:0.9166666865348816
intersection:18, mean_episode_reward:0.11944443732500076, mean_queue:0.8111110925674438
intersection:19, mean_episode_reward:0.08222222328186035, mean_queue:0.8277778029441833
intersection:20, mean_episode_reward:0.13944445550441742, mean_queue:0.7944444417953491
intersection:21, mean_episode_reward:0.043888892978429794, mean_queue:0.8444444537162781
intersection:22, mean_episode_reward:-0.03277777135372162, mean_queue:0.8611111044883728
intersection:23, mean_episode_reward:-0.013888892717659473, mean_queue:0.7944444417953491
intersection:24, mean_episode_reward:0.10722219944000244, mean_queue:0.7944444417953491
intersection:25, mean_episode_reward:0.05944444239139557, mean_queue:0.8333333134651184
intersection:26, mean_episode_reward:0.3816666901111603, mean_queue:0.6166666746139526
intersection:27, mean_episode_reward:0.036666665226221085, mean_queue:0.7388888597488403
intersection:28, mean_episode_reward:0.3422221541404724, mean_queue:0.7944444417953491
intersection:29, mean_episode_reward:0.05277778208255768, mean_queue:0.7222222089767456
intersection:30, mean_episode_reward:0.14166666567325592, mean_queue:0.8333333134651184
intersection:31, mean_episode_reward:0.027222217991948128, mean_queue:0.7777777910232544
episode:16/500, train_demand:raw_data/grid4x4/od_hubs/demand_set/train_06.rou.xml
step:1800/1800, q_loss:1.4782301187515259, rewards:-4.333888753255208, queue:5.628298611111111, delay:0.048560481601291235, throughput:720
episode:16/500, real avg travel time:207.2375
intersection:0, mean_episode_reward:-0.1244444027543068, mean_queue:9.911110877990723
intersection:1, mean_episode_reward:0.1038888543844223, mean_queue:9.672222137451172
intersection:2, mean_episode_reward:0.20055559277534485, mean_queue:10.54444408416748
intersection:3, mean_episode_reward:-0.2616667151451111, mean_queue:10.122221946716309
intersection:4, mean_episode_reward:-0.03611107915639877, mean_queue:10.661110877990723
intersection:5, mean_episode_reward:-1.2927778959274292, mean_queue:10.649999618530273
intersection:6, mean_episode_reward:-1.0033334493637085, mean_queue:11.127778053283691
intersection:7, mean_episode_reward:-0.8055555820465088, mean_queue:10.355555534362793
intersection:8, mean_episode_reward:-0.22611115872859955, mean_queue:9.916666984558105
intersection:9, mean_episode_reward:-0.10277772694826126, mean_queue:11.105555534362793
intersection:10, mean_episode_reward:-1.5583335161209106, mean_queue:12.033333778381348
intersection:11, mean_episode_reward:-0.21111108362674713, mean_queue:10.100000381469727
intersection:12, mean_episode_reward:0.27222222089767456, mean_queue:10.272222518920898
intersection:13, mean_episode_reward:-0.5577776432037354, mean_queue:10.938888549804688
intersection:14, mean_episode_reward:-0.07055549323558807, mean_queue:10.027777671813965
intersection:15, mean_episode_reward:-0.2677777409553528, mean_queue:9.899999618530273
intersection:16, mean_episode_reward:-0.05000000074505806, mean_queue:0.8055555820465088
intersection:17, mean_episode_reward:0.10444443672895432, mean_queue:0.9166666865348816
intersection:18, mean_episode_reward:0.11666666716337204, mean_queue:0.8111110925674438
intersection:19, mean_episode_reward:0.10611115396022797, mean_queue:0.8277778029441833
intersection:20, mean_episode_reward:0.08833332359790802, mean_queue:0.7944444417953491
intersection:21, mean_episode_reward:0.0072222244925796986, mean_queue:0.8444444537162781
intersection:22, mean_episode_reward:0.08388889580965042, mean_queue:0.8611111044883728
intersection:23, mean_episode_reward:-0.015000002458691597, mean_queue:0.7944444417953491
intersection:24, mean_episode_reward:0.10722219944000244, mean_queue:0.7944444417953491
intersection:25, mean_episode_reward:0.052777767181396484, mean_queue:0.8333333134651184
intersection:26, mean_episode_reward:0.26333343982696533, mean_queue:0.6166666746139526
intersection:27, mean_episode_reward:0.01777777634561062, mean_queue:0.7388888597488403
intersection:28, mean_episode_reward:0.4250001311302185, mean_queue:0.7944444417953491
intersection:29, mean_episode_reward:0.09944446384906769, mean_queue:0.7222222089767456
intersection:30, mean_episode_reward:0.1733333319425583, mean_queue:0.8333333134651184
intersection:31, mean_episode_reward:0.027222217991948128, mean_queue:0.7777777910232544
episode:17/500, train_demand:raw_data/grid4x4/od_hubs/demand_set/train_07.rou.xml
step:1800/1800, q_loss:1.4354302883148193, rewards:-4.472777642144097, queue:5.588888888888889, delay:0.0451379034254286, throughput:746
episode:17/500, real avg travel time:203.32037533512064
intersection:0, mean_episode_reward:0.0922221839427948, mean_queue:9.744444847106934
intersection:1, mean_episode_reward:-0.015555554069578648, mean_queue:9.88888931274414
intersection:2, mean_episode_reward:0.01111111231148243, mean_queue:10.605555534362793
intersection:3, mean_episode_reward:0.0722222626209259, mean_queue:9.672222137451172
intersection:4, mean_episode_reward:-0.44944441318511963, mean_queue:10.594444274902344
intersection:5, mean_episode_reward:-1.09333336353302, mean_queue:10.616666793823242
intersection:6, mean_episode_reward:-0.8405555486679077, mean_queue:11.30555534362793
intersection:7, mean_episode_reward:0.03444446250796318, mean_queue:9.872221946716309
intersection:8, mean_episode_reward:-0.23111113905906677, mean_queue:9.683333396911621
intersection:9, mean_episode_reward:-1.1483335494995117, mean_queue:11.38888931274414
intersection:10, mean_episode_reward:-0.9627773761749268, mean_queue:11.411110877990723
intersection:11, mean_episode_reward:0.22388893365859985, mean_queue:9.800000190734863
intersection:12, mean_episode_reward:-0.2838888466358185, mean_queue:10.605555534362793
intersection:13, mean_episode_reward:-0.2749999463558197, mean_queue:10.772222518920898
intersection:14, mean_episode_reward:-0.6299999952316284, mean_queue:10.166666984558105
intersection:15, mean_episode_reward:-0.09777776896953583, mean_queue:9.949999809265137
intersection:16, mean_episode_reward:-0.05277777090668678, mean_queue:0.8055555820465088
intersection:17, mean_episode_reward:0.14944441616535187, mean_queue:0.9166666865348816
intersection:18, mean_episode_reward:0.05444445461034775, mean_queue:0.8111110925674438
intersection:19, mean_episode_reward:0.09555558115243912, mean_queue:0.8277778029441833
intersection:20, mean_episode_reward:0.12055553495883942, mean_queue:0.7944444417953491
intersection:21, mean_episode_reward:0.04444444924592972, mean_queue:0.8444444537162781
intersection:22, mean_episode_reward:-0.032222215086221695, mean_queue:0.8611111044883728
intersection:23, mean_episode_reward:-0.01388888992369175, mean_queue:0.7944444417953491
intersection:24, mean_episode_reward:0.10833331197500229, mean_queue:0.7944444417953491
intersection:25, mean_episode_reward:0.08388889580965042, mean_queue:0.8333333134651184
intersection:26, mean_episode_reward:0.12611110508441925, mean_queue:0.6166666746139526
intersection:27, mean_episode_reward:0.042222198098897934, mean_queue:0.7388888597488403
intersection:28, mean_episode_reward:0.29166656732559204, mean_queue:0.7944444417953491
intersection:29, mean_episode_reward:0.04333333671092987, mean_queue:0.7222222089767456
intersection:30, mean_episode_reward:0.04055555537343025, mean_queue:0.8333333134651184
intersection:31, mean_episode_reward:0.01944444328546524, mean_queue:0.7777777910232544
episode:18/500, train_demand:raw_data/grid4x4/od_hubs/demand_set/train_08.rou.xml
step:1800/1800, q_loss:1.3863656520843506, rewards:-4.752221340603299, queue:5.596701388888889, delay:0.04476931889851888, throughput:753
episode:18/500, real avg travel time:201.22177954847277
intersection:0, mean_episode_reward:0.19944442808628082, mean_queue:9.783333778381348
intersection:1, mean_episode_reward:-0.10888885706663132, mean_queue:10.050000190734863
intersection:2, mean_episode_reward:-0.37388885021209717, mean_queue:10.411110877990723
intersection:3, mean_episode_reward:0.20055550336837769, mean_queue:9.588889122009277
intersection:4, mean_episode_reward:-0.49555540084838867, mean_queue:10.800000190734863
intersection:5, mean_episode_reward:-0.3972221314907074, mean_queue:10.25
intersection:6, mean_episode_reward:-0.7833331823348999, mean_queue:10.811111450195312
intersection:7, mean_episode_reward:-0.13944441080093384, mean_queue:9.86111068725586
intersection:8, mean_episode_reward:-0.10999993234872818, mean_queue:9.977777481079102
intersection:9, mean_episode_reward:-1.2161108255386353, mean_queue:11.316666603088379
intersection:10, mean_episode_reward:-1.5238888263702393, mean_queue:11.80555534362793
intersection:11, mean_episode_reward:-0.18333330750465393, mean_queue:9.933333396911621
intersection:12, mean_episode_reward:0.32611098885536194, mean_queue:10.577777862548828
intersection:13, mean_episode_reward:-0.7294442653656006, mean_queue:10.905555725097656
intersection:14, mean_episode_reward:-0.37388885021209717, mean_queue:10.116666793823242
intersection:15, mean_episode_reward:-0.431111216545105, mean_queue:10.13888931274414
intersection:16, mean_episode_reward:-0.024444444105029106, mean_queue:0.8055555820465088
intersection:17, mean_episode_reward:0.12277776002883911, mean_queue:0.9166666865348816
intersection:18, mean_episode_reward:0.0994444191455841, mean_queue:0.8111110925674438
intersection:19, mean_episode_reward:0.09888889640569687, mean_queue:0.8277778029441833
intersection:20, mean_episode_reward:0.04499999061226845, mean_queue:0.7944444417953491
intersection:21, mean_episode_reward:0.05166666954755783, mean_queue:0.8444444537162781
intersection:22, mean_episode_reward:0.007222235202789307, mean_queue:0.8611111044883728
intersection:23, mean_episode_reward:0.003888895036652684, mean_queue:0.7944444417953491
intersection:24, mean_episode_reward:0.10833331197500229, mean_queue:0.7944444417953491
intersection:25, mean_episode_reward:0.04944443702697754, mean_queue:0.8333333134651184
intersection:26, mean_episode_reward:0.2838888466358185, mean_queue:0.6166666746139526
intersection:27, mean_episode_reward:0.05722220614552498, mean_queue:0.7388888597488403
intersection:28, mean_episode_reward:0.28055548667907715, mean_queue:0.7944444417953491
intersection:29, mean_episode_reward:0.028333337977528572, mean_queue:0.7222222089767456
intersection:30, mean_episode_reward:0.14722223579883575, mean_queue:0.8333333134651184
intersection:31, mean_episode_reward:0.028333326801657677, mean_queue:0.7777777910232544
episode:19/500, train_demand:raw_data/grid4x4/od_hubs/demand_set/train_09.rou.xml
step:1800/1800, q_loss:1.3328661918640137, rewards:-3.609999593098958, queue:5.610416666666667, delay:0.04788287480672201, throughput:718
episode:19/500, real avg travel time:207.56963788300837
intersection:0, mean_episode_reward:0.19611112773418427, mean_queue:9.744444847106934
intersection:1, mean_episode_reward:-0.06888887286186218, mean_queue:9.822221755981445
intersection:2, mean_episode_reward:0.5627778768539429, mean_queue:10.088889122009277
intersection:3, mean_episode_reward:-0.07555556297302246, mean_queue:9.616666793823242
intersection:4, mean_episode_reward:-0.1449999213218689, mean_queue:10.622221946716309
intersection:5, mean_episode_reward:-1.223333477973938, mean_queue:10.70555591583252
intersection:6, mean_episode_reward:-1.3011109828948975, mean_queue:11.427778244018555
intersection:7, mean_episode_reward:-0.32388895750045776, mean_queue:10.166666984558105
intersection:8, mean_episode_reward:-0.3383333683013916, mean_queue:10.283333778381348
intersection:9, mean_episode_reward:-0.3988889157772064, mean_queue:11.25
intersection:10, mean_episode_reward:-0.9816665649414062, mean_queue:11.905555725097656
intersection:11, mean_episode_reward:-0.2205556035041809, mean_queue:10.11111068725586
intersection:12, mean_episode_reward:0.5688889026641846, mean_queue:10.344444274902344
intersection:13, mean_episode_reward:-0.3105555772781372, mean_queue:10.683333396911621
intersection:14, mean_episode_reward:-0.5344445109367371, mean_queue:10.094444274902344
intersection:15, mean_episode_reward:-0.13833335041999817, mean_queue:9.899999618530273
intersection:16, mean_episode_reward:-0.035555556416511536, mean_queue:0.8055555820465088
intersection:17, mean_episode_reward:0.08944444358348846, mean_queue:0.9166666865348816
intersection:18, mean_episode_reward:0.13722220063209534, mean_queue:0.8111110925674438
intersection:19, mean_episode_reward:0.14722225069999695, mean_queue:0.8277778029441833
intersection:20, mean_episode_reward:0.044444434344768524, mean_queue:0.7944444417953491
intersection:21, mean_episode_reward:0.04500000923871994, mean_queue:0.8444444537162781
intersection:22, mean_episode_reward:0.07444445043802261, mean_queue:0.8611111044883728
intersection:23, mean_episode_reward:-0.015000002458691597, mean_queue:0.7944444417953491
intersection:24, mean_episode_reward:0.10888887196779251, mean_queue:0.7944444417953491
intersection:25, mean_episode_reward:0.03333332762122154, mean_queue:0.8333333134651184
intersection:26, mean_episode_reward:0.0994444414973259, mean_queue:0.6166666746139526
intersection:27, mean_episode_reward:0.031111104413866997, mean_queue:0.7388888597488403
intersection:28, mean_episode_reward:0.2177777886390686, mean_queue:0.7944444417953491
intersection:29, mean_episode_reward:0.04944445192813873, mean_queue:0.7222222089767456
intersection:30, mean_episode_reward:0.07277777791023254, mean_queue:0.8333333134651184
intersection:31, mean_episode_reward:0.022777777165174484, mean_queue:0.7777777910232544
episode:20/500, train_demand:raw_data/grid4x4/od_hubs/demand_set/train_00.rou.xml
step:1800/1800, q_loss:1.307682991027832, rewards:-3.5666673448350696, queue:5.538888888888889, delay:0.041799932056003145, throughput:681
episode:20/500, real avg travel time:200.05873715124815
intersection:0, mean_episode_reward:-0.1205555722117424, mean_queue:9.727777481079102
intersection:1, mean_episode_reward:0.08722223341464996, mean_queue:9.70555591583252
intersection:2, mean_episode_reward:-0.16388897597789764, mean_queue:10.149999618530273
intersection:3, mean_episode_reward:-0.028333308175206184, mean_queue:9.633333206176758
intersection:4, mean_episode_reward:-0.18666665256023407, mean_queue:10.38888931274414
intersection:5, mean_episode_reward:-0.8116666078567505, mean_queue:10.45555591583252
intersection:6, mean_episode_reward:-0.931111216545105, mean_queue:10.872221946716309
intersection:7, mean_episode_reward:-0.111111119389534, mean_queue:9.961111068725586
intersection:8, mean_episode_reward:-1.4427779912948608, mean_queue:10.816666603088379
intersection:9, mean_episode_reward:-0.6072223782539368, mean_queue:10.866666793823242
intersection:10, mean_episode_reward:-0.9738889336585999, mean_queue:11.300000190734863
intersection:11, mean_episode_reward:-0.06722218543291092, mean_queue:10.005555152893066
intersection:12, mean_episode_reward:1.6605554819107056, mean_queue:10.077777862548828
intersection:13, mean_episode_reward:-0.42833349108695984, mean_queue:10.527777671813965
intersection:14, mean_episode_reward:-0.4011111855506897, mean_queue:10.01111125946045
intersection:15, mean_episode_reward:-0.20499998331069946, mean_queue:9.977777481079102
intersection:16, mean_episode_reward:-0.05277777090668678, mean_queue:0.8055555820465088
intersection:17, mean_episode_reward:0.10277777910232544, mean_queue:0.9166666865348816
intersection:18, mean_episode_reward:0.09444443136453629, mean_queue:0.8111110925674438
intersection:19, mean_episode_reward:0.09111110866069794, mean_queue:0.8277778029441833
intersection:20, mean_episode_reward:0.08888889104127884, mean_queue:0.7944444417953491
intersection:21, mean_episode_reward:0.03222223371267319, mean_queue:0.8444444537162781
intersection:22, mean_episode_reward:-0.011666659265756607, mean_queue:0.8611111044883728
intersection:23, mean_episode_reward:-0.014444448053836823, mean_queue:0.7944444417953491
intersection:24, mean_episode_reward:0.10833331197500229, mean_queue:0.7944444417953491
intersection:25, mean_episode_reward:0.03222221881151199, mean_queue:0.8333333134651184
intersection:26, mean_episode_reward:0.18944448232650757, mean_queue:0.6166666746139526
intersection:27, mean_episode_reward:0.0811111107468605, mean_queue:0.7388888597488403
intersection:28, mean_episode_reward:0.19555549323558807, mean_queue:0.7944444417953491
intersection:29, mean_episode_reward:0.0877777487039566, mean_queue:0.7222222089767456
intersection:30, mean_episode_reward:0.1177777498960495, mean_queue:0.8333333134651184
intersection:31, mean_episode_reward:0.021666666492819786, mean_queue:0.7777777910232544
HELDOUT episode:20/500, demand:raw_data/grid4x4/od_hubs/demand_set/hold_00.rou.xml, travel time:204.1780250347705, rewards:-4.403888956705729, queue:5.590972222222222, delay:0.045001416736178926, throughput:719
HELDOUT episode:20/500, demand:raw_data/grid4x4/od_hubs/demand_set/hold_01.rou.xml, travel time:212.1904761904762, rewards:-4.896111382378472, queue:5.658854166666667, delay:0.04981185065375434, throughput:756
HELDOUT episode:20/500, demand:raw_data/grid4x4/od_hubs/demand_set/hold_02.rou.xml, travel time:206.57534246575344, rewards:-4.556111314561632, queue:5.649305555555555, delay:0.047169229719373915, throughput:730
HELDOUT_MEAN episode:20/500, travel time:207.64794789700008 (n=3)
new best ATT=207.65 at episode 20 (metric=heldout)
episode:21/500, train_demand:raw_data/grid4x4/od_hubs/demand_set/train_01.rou.xml
step:1800/1800, q_loss:1.288689374923706, rewards:-3.7127780490451388, queue:5.546006944444445, delay:0.04325830671522352, throughput:719
episode:21/500, real avg travel time:199.08205841446454
intersection:0, mean_episode_reward:0.27388888597488403, mean_queue:9.594444274902344
intersection:1, mean_episode_reward:-0.10611110180616379, mean_queue:9.866666793823242
intersection:2, mean_episode_reward:-0.1361110955476761, mean_queue:10.155555725097656
intersection:3, mean_episode_reward:0.03333333879709244, mean_queue:9.55555534362793
intersection:4, mean_episode_reward:-0.29833340644836426, mean_queue:10.783333778381348
intersection:5, mean_episode_reward:-1.0377777814865112, mean_queue:10.466666221618652
intersection:6, mean_episode_reward:-0.4677778482437134, mean_queue:10.833333015441895
intersection:7, mean_episode_reward:-0.14722225069999695, mean_queue:9.699999809265137
intersection:8, mean_episode_reward:-0.47888892889022827, mean_queue:9.938888549804688
intersection:9, mean_episode_reward:-0.8661113381385803, mean_queue:10.916666984558105
intersection:10, mean_episode_reward:-1.3494442701339722, mean_queue:11.550000190734863
intersection:11, mean_episode_reward:-0.029444431886076927, mean_queue:9.850000381469727
intersection:12, mean_episode_reward:0.29722222685813904, mean_queue:10.26111125946045
intersection:13, mean_episode_reward:0.06833337992429733, mean_queue:10.5
intersection:14, mean_episode_reward:-0.7988889813423157, mean_queue:10.566666603088379
intersection:15, mean_episode_reward:-0.5638887882232666, mean_queue:10.166666984558105
intersection:16, mean_episode_reward:-0.05277777090668678, mean_queue:0.8055555820465088
intersection:17, mean_episode_reward:0.10611110180616379, mean_queue:0.9166666865348816
intersection:18, mean_episode_reward:0.11055554449558258, mean_queue:0.8111110925674438
intersection:19, mean_episode_reward:0.07277777791023254, mean_queue:0.8277778029441833
intersection:20, mean_episode_reward:0.061666667461395264, mean_queue:0.7944444417953491
intersection:21, mean_episode_reward:0.048333339393138885, mean_queue:0.8444444537162781
intersection:22, mean_episode_reward:-0.019444430246949196, mean_queue:0.8611111044883728
intersection:23, mean_episode_reward:-0.015000002458691597, mean_queue:0.7944444417953491
intersection:24, mean_episode_reward:0.10666663944721222, mean_queue:0.7944444417953491
intersection:25, mean_episode_reward:0.059444449841976166, mean_queue:0.8333333134651184
intersection:26, mean_episode_reward:0.8427777886390686, mean_queue:0.6166666746139526
intersection:27, mean_episode_reward:0.04444443807005882, mean_queue:0.7388888597488403
intersection:28, mean_episode_reward:0.24499987065792084, mean_queue:0.7944444417953491
intersection:29, mean_episode_reward:0.14444440603256226, mean_queue:0.7222222089767456
intersection:30, mean_episode_reward:0.11222220212221146, mean_queue:0.8333333134651184
intersection:31, mean_episode_reward:0.027222217991948128, mean_queue:0.7777777910232544
episode:22/500, train_demand:raw_data/grid4x4/od_hubs/demand_set/train_02.rou.xml
step:1800/1800, q_loss:1.2548121213912964, rewards:-3.5766676161024304, queue:5.655729166666666, delay:0.047880628373887804, throughput:736
episode:22/500, real avg travel time:209.47554347826087
intersection:0, mean_episode_reward:0.621666669845581, mean_queue:9.48888874053955
intersection:1, mean_episode_reward:0.05833335593342781, mean_queue:9.822221755981445
intersection:2, mean_episode_reward:-0.5205556750297546, mean_queue:10.533333778381348
intersection:3, mean_episode_reward:-0.012777768075466156, mean_queue:9.566666603088379
intersection:4, mean_episode_reward:-0.4116666615009308, mean_queue:10.899999618530273
intersection:5, mean_episode_reward:-0.8849997520446777, mean_queue:10.655555725097656
intersection:6, mean_episode_reward:-0.6216669082641602, mean_queue:10.966666221618652
intersection:7, mean_episode_reward:-1.7255555391311646, mean_queue:11.872221946716309
intersection:8, mean_episode_reward:-0.31444451212882996, mean_queue:9.98888874053955
intersection:9, mean_episode_reward:-1.0355557203292847, mean_queue:11.36111068725586
intersection:10, mean_episode_reward:-1.002778172492981, mean_queue:11.666666984558105
intersection:11, mean_episode_reward:1.5049996376037598, mean_queue:10.416666984558105
intersection:12, mean_episode_reward:0.048888854682445526, mean_queue:10.494444847106934
intersection:13, mean_episode_reward:-0.1661110818386078, mean_queue:10.588889122009277
intersection:14, mean_episode_reward:-0.48277783393859863, mean_queue:10.133333206176758
intersection:15, mean_episode_reward:-0.05000000074505806, mean_queue:9.76111125946045
intersection:16, mean_episode_reward:-0.05166666954755783, mean_queue:0.8055555820465088
intersection:17, mean_episode_reward:0.10555552691221237, mean_queue:0.9166666865348816
intersection:18, mean_episode_reward:0.10000000149011612, mean_queue:0.8111110925674438
intersection:19, mean_episode_reward:0.09611111879348755, mean_queue:0.8277778029441833
intersection:20, mean_episode_reward:0.03388889133930206, mean_queue:0.7944444417953491
intersection:21, mean_episode_reward:0.02666666731238365, mean_queue:0.8444444537162781
intersection:22, mean_episode_reward:0.23222221434116364, mean_queue:0.8611111044883728
intersection:23, mean_episode_reward:-0.013333337381482124, mean_queue:0.7944444417953491
intersection:24, mean_episode_reward:0.10833331197500229, mean_queue:0.7944444417953491
intersection:25, mean_episode_reward:0.03555554896593094, mean_queue:0.8333333134651184
intersection:26, mean_episode_reward:0.2661111056804657, mean_queue:0.6166666746139526
intersection:27, mean_episode_reward:0.057777777314186096, mean_queue:0.7388888597488403
intersection:28, mean_episode_reward:0.20333331823349, mean_queue:0.7944444417953491
intersection:29, mean_episode_reward:0.06166667863726616, mean_queue:0.7222222089767456
intersection:30, mean_episode_reward:0.12777774035930634, mean_queue:0.8333333134651184
intersection:31, mean_episode_reward:0.028333330526947975, mean_queue:0.7777777910232544
episode:23/500, train_demand:raw_data/grid4x4/od_hubs/demand_set/train_03.rou.xml
step:1800/1800, q_loss:1.2306592464447021, rewards:-4.254445393880208, queue:5.590451388888889, delay:0.04667321311102973, throughput:779
episode:23/500, real avg travel time:199.22336328626443
intersection:0, mean_episode_reward:0.38111114501953125, mean_queue:9.561111450195312
intersection:1, mean_episode_reward:-0.14500002562999725, mean_queue:9.966666221618652
intersection:2, mean_episode_reward:0.002222224371507764, mean_queue:10.161110877990723
intersection:3, mean_episode_reward:-0.04055554419755936, mean_queue:9.644444465637207
intersection:4, mean_episode_reward:-0.32277777791023254, mean_queue:10.683333396911621
intersection:5, mean_episode_reward:-1.143333911895752, mean_queue:10.783333778381348
intersection:6, mean_episode_reward:-1.2966666221618652, mean_queue:11.494444847106934
intersection:7, mean_episode_reward:-0.04999999329447746, mean_queue:9.994444847106934
intersection:8, mean_episode_reward:-0.05944441258907318, mean_queue:9.844444274902344
intersection:9, mean_episode_reward:-0.9844443202018738, mean_queue:11.161110877990723
intersection:10, mean_episode_reward:-0.7533336877822876, mean_queue:11.533333778381348
intersection:11, mean_episode_reward:0.05833333730697632, mean_queue:10.116666793823242
intersection:12, mean_episode_reward:-0.060555554926395416, mean_queue:10.494444847106934
intersection:13, mean_episode_reward:-0.5699999928474426, mean_queue:10.61111068725586
intersection:14, mean_episode_reward:-0.1794445663690567, mean_queue:10.016666412353516
intersection:15, mean_episode_reward:-0.46055570244789124, mean_queue:10.061111450195312
intersection:16, mean_episode_reward:-0.029999995604157448, mean_queue:0.8055555820465088
intersection:17, mean_episode_reward:0.1383333057165146, mean_queue:0.9166666865348816
intersection:18, mean_episode_reward:0.15111109614372253, mean_queue:0.8111110925674438
intersection:19, mean_episode_reward:0.1550000011920929, mean_queue:0.8277778029441833
intersection:20, mean_episode_reward:0.051666684448719025, mean_queue:0.7944444417953491
intersection:21, mean_episode_reward:0.04888889566063881, mean_queue:0.8444444537162781
intersection:22, mean_episode_reward:-0.008333321660757065, mean_queue:0.8611111044883728
intersection:23, mean_episode_reward:-0.015000002458691597, mean_queue:0.7944444417953491
intersection:24, mean_episode_reward:0.10666663944721222, mean_queue:0.7944444417953491
intersection:25, mean_episode_reward:0.036111101508140564, mean_queue:0.8333333134651184
intersection:26, mean_episode_reward:0.15388894081115723, mean_queue:0.6166666746139526
intersection:27, mean_episode_reward:0.10055555403232574, mean_queue:0.7388888597488403
intersection:28, mean_episode_reward:0.332777738571167, mean_queue:0.7944444417953491
intersection:29, mean_episode_reward:0.08611110597848892, mean_queue:0.7222222089767456
intersection:30, mean_episode_reward:0.04333333671092987, mean_queue:0.8333333134651184
intersection:31, mean_episode_reward:0.018888888880610466, mean_queue:0.7777777910232544
episode:24/500, train_demand:raw_data/grid4x4/od_hubs/demand_set/train_04.rou.xml
step:1800/1800, q_loss:1.2324328422546387, rewards:-3.6866668701171874, queue:5.542881944444445, delay:0.042024472024705675, throughput:689
episode:24/500, real avg travel time:199.18142235123366
intersection:0, mean_episode_reward:0.2150000035762787, mean_queue:9.73888874053955
intersection:1, mean_episode_reward:-0.028333337977528572, mean_queue:9.905555725097656
intersection:2, mean_episode_reward:-0.3644445240497589, mean_queue:10.505555152893066
intersection:3, mean_episode_reward:0.4150000214576721, mean_queue:9.755555152893066
intersection:4, mean_episode_reward:-0.41999995708465576, mean_queue:10.711111068725586
intersection:5, mean_episode_reward:-0.9950000047683716, mean_queue:10.422222137451172
intersection:6, mean_episode_reward:-0.4994445741176605, mean_queue:10.716666221618652
intersection:7, mean_episode_reward:-0.6805555820465088, mean_queue:10.366666793823242
intersection:8, mean_episode_reward:-0.41277775168418884, mean_queue:9.922222137451172
intersection:9, mean_episode_reward:-0.26722216606140137, mean_queue:10.5
intersection:10, mean_episode_reward:-1.0816664695739746, mean_queue:11.411110877990723
intersection:11, mean_episode_reward:-0.3461110293865204, mean_queue:10.033333778381348
intersection:12, mean_episode_reward:0.46944460272789, mean_queue:10.127778053283691
intersection:13, mean_episode_reward:-0.4700002372264862, mean_queue:10.5
intersection:14, mean_episode_reward:-0.3127777874469757, mean_queue:9.922222137451172
intersection:15, mean_episode_reward:-0.2888889014720917, mean_queue:10.066666603088379
intersection:16, mean_episode_reward:-0.05111110955476761, mean_queue:0.8055555820465088
intersection:17, mean_episode_reward:0.08444444835186005, mean_queue:0.9166666865348816
intersection:18, mean_episode_reward:0.047222238034009933, mean_queue:0.8111110925674438
intersection:19, mean_episode_reward:0.04666665941476822, mean_queue:0.8277778029441833
intersection:20, mean_episode_reward:0.015555555000901222, mean_queue:0.7944444417953491
intersection:21, mean_episode_reward:0.03222222626209259, mean_queue:0.8444444537162781
intersection:22, mean_episode_reward:0.2699999213218689, mean_queue:0.8611111044883728
intersection:23, mean_episode_reward:-0.015000002458691597, mean_queue:0.7944444417953491
intersection:24, mean_episode_reward:0.10777775198221207, mean_queue:0.7944444417953491
intersection:25, mean_episode_reward:0.05444442853331566, mean_queue:0.8333333134651184
intersection:26, mean_episode_reward:0.1783333718776703, mean_queue:0.6166666746139526
intersection:27, mean_episode_reward:0.13333331048488617, mean_queue:0.7388888597488403
intersection:28, mean_episode_reward:0.2744443714618683, mean_queue:0.7944444417953491
intersection:29, mean_episode_reward:0.08500000834465027, mean_queue:0.7222222089767456
intersection:30, mean_episode_reward:0.0922221913933754, mean_queue:0.8333333134651184
intersection:31, mean_episode_reward:0.025555552914738655, mean_queue:0.7777777910232544
episode:25/500, train_demand:raw_data/grid4x4/od_hubs/demand_set/train_05.rou.xml
step:1800/1800, q_loss:1.213718295097351, rewards:-3.7211100260416665, queue:5.770659722222222, delay:0.046673954857720266, throughput:698
episode:25/500, real avg travel time:200.95272206303724
intersection:0, mean_episode_reward:0.2622222304344177, mean_queue:9.633333206176758
intersection:1, mean_episode_reward:-0.07722223550081253, mean_queue:9.727777481079102
intersection:2, mean_episode_reward:-0.2600000202655792, mean_queue:10.127778053283691
intersection:3, mean_episode_reward:-0.17000000178813934, mean_queue:9.883333206176758
intersection:4, mean_episode_reward:-0.19611111283302307, mean_queue:10.577777862548828
intersection:5, mean_episode_reward:-0.3399999141693115, mean_queue:10.55555534362793
intersection:6, mean_episode_reward:-0.6749998331069946, mean_queue:10.833333015441895
intersection:7, mean_episode_reward:0.27166667580604553, mean_queue:9.855555534362793
intersection:8, mean_episode_reward:4.123888969421387, mean_queue:10.644444465637207
intersection:9, mean_episode_reward:-7.134999752044678, mean_queue:17.516666412353516
intersection:10, mean_episode_reward:-0.2372223138809204, mean_queue:11.583333015441895
intersection:11, mean_episode_reward:-0.06444445997476578, mean_queue:10.033333778381348
intersection:12, mean_episode_reward:0.3127778470516205, mean_queue:10.405555725097656
intersection:13, mean_episode_reward:-0.30722227692604065, mean_queue:10.45555591583252
intersection:14, mean_episode_reward:-0.5922223329544067, mean_queue:10.211111068725586
intersection:15, mean_episode_reward:-0.033333320170640945, mean_queue:9.850000381469727
intersection:16, mean_episode_reward:-0.05166666954755783, mean_queue:0.8055555820465088
intersection:17, mean_episode_reward:0.12111110985279083, mean_queue:0.9166666865348816
intersection:18, mean_episode_reward:0.2155555933713913, mean_queue:0.8111110925674438
intersection:19, mean_episode_reward:0.07666667550802231, mean_queue:0.8277778029441833
intersection:20, mean_episode_reward:0.0811111181974411, mean_queue:0.7944444417953491
intersection:21, mean_episode_reward:0.02111111395061016, mean_queue:0.8444444537162781
intersection:22, mean_episode_reward:-0.021111099049448967, mean_queue:0.8611111044883728
intersection:23, mean_episode_reward:-0.015000002458691597, mean_queue:0.7944444417953491
intersection:24, mean_episode_reward:0.10777775198221207, mean_queue:0.7944444417953491
intersection:25, mean_episode_reward:0.12277784198522568, mean_queue:0.8333333134651184
intersection:26, mean_episode_reward:0.2416667342185974, mean_queue:0.6166666746139526
intersection:27, mean_episode_reward:0.09555555880069733, mean_queue:0.7388888597488403
intersection:28, mean_episode_reward:0.24833323061466217, mean_queue:0.7944444417953491
intersection:29, mean_episode_reward:0.028888892382383347, mean_queue:0.7222222089767456
intersection:30, mean_episode_reward:0.09611107409000397, mean_queue:0.8333333134651184
intersection:31, mean_episode_reward:0.027222217991948128, mean_queue:0.7777777910232544
episode:26/500, train_demand:raw_data/grid4x4/od_hubs/demand_set/train_06.rou.xml
step:1800/1800, q_loss:1.2880945205688477, rewards:-3.7822228325737846, queue:5.729340277777778, delay:0.04608397483825684, throughput:724
episode:26/500, real avg travel time:216.7196132596685
intersection:0, mean_episode_reward:0.47166672348976135, mean_queue:9.472222328186035
intersection:1, mean_episode_reward:-0.055555559694767, mean_queue:9.788888931274414
intersection:2, mean_episode_reward:0.04388890415430069, mean_queue:10.45555591583252
intersection:3, mean_episode_reward:-0.24611112475395203, mean_queue:9.833333015441895
intersection:4, mean_episode_reward:-0.036111120134592056, mean_queue:10.377778053283691
intersection:5, mean_episode_reward:-0.4822221100330353, mean_queue:10.5
intersection:6, mean_episode_reward:-0.8655553460121155, mean_queue:11.0
intersection:7, mean_episode_reward:-0.20500005781650543, mean_queue:9.811111450195312
intersection:8, mean_episode_reward:-1.0411112308502197, mean_queue:10.461111068725586
intersection:9, mean_episode_reward:-6.050556659698486, mean_queue:16.238889694213867
intersection:10, mean_episode_reward:-1.3849999904632568, mean_queue:11.633333206176758
intersection:11, mean_episode_reward:0.3794444501399994, mean_queue:9.649999618530273
intersection:12, mean_episode_reward:0.8855559229850769, mean_queue:10.227777481079102
intersection:13, mean_episode_reward:4.6100006103515625, mean_queue:10.76111125946045
intersection:14, mean_episode_reward:-0.7888888120651245, mean_queue:10.422222137451172
intersection:15, mean_episode_reward:-0.3427777886390686, mean_queue:9.938888549804688
intersection:16, mean_episode_reward:-0.05055555701255798, mean_queue:0.8055555820465088
intersection:17, mean_episode_reward:0.1038888692855835, mean_queue:0.9166666865348816
intersection:18, mean_episode_reward:0.09333334118127823, mean_queue:0.8111110925674438
intersection:19, mean_episode_reward:0.0716666728258133, mean_queue:0.8277778029441833
intersection:20, mean_episode_reward:-0.008888894692063332, mean_queue:0.7944444417953491
intersection:21, mean_episode_reward:0.0072222244925796986, mean_queue:0.8444444537162781
intersection:22, mean_episode_reward:0.03277779743075371, mean_queue:0.8611111044883728
intersection:23, mean_episode_reward:-0.014444445259869099, mean_queue:0.7944444417953491
intersection:24, mean_episode_reward:0.10722219944000244, mean_queue:0.7944444417953491
intersection:25, mean_episode_reward:0.060555558651685715, mean_queue:0.8333333134651184
intersection:26, mean_episode_reward:0.45444437861442566, mean_queue:0.6166666746139526
intersection:27, mean_episode_reward:0.0855555459856987, mean_queue:0.7388888597488403
intersection:28, mean_episode_reward:0.19777776300907135, mean_queue:0.7944444417953491
intersection:29, mean_episode_reward:0.059444453567266464, mean_queue:0.7222222089767456
intersection:30, mean_episode_reward:0.09888886660337448, mean_queue:0.8333333134651184
intersection:31, mean_episode_reward:0.027222217991948128, mean_queue:0.7777777910232544
episode:27/500, train_demand:raw_data/grid4x4/od_hubs/demand_set/train_07.rou.xml
step:1800/1800, q_loss:1.3171350955963135, rewards:-3.863334147135417, queue:5.555729166666667, delay:0.04341457684834798, throughput:750
episode:27/500, real avg travel time:196.33733333333333
intersection:0, mean_episode_reward:0.25333330035209656, mean_queue:9.63888931274414
intersection:1, mean_episode_reward:-0.10111111402511597, mean_queue:9.977777481079102
intersection:2, mean_episode_reward:-0.15055552124977112, mean_queue:10.522222518920898
intersection:3, mean_episode_reward:-0.14722220599651337, mean_queue:9.86111068725586
intersection:4, mean_episode_reward:-0.506111204624176, mean_queue:10.583333015441895
intersection:5, mean_episode_reward:-0.7811114192008972, mean_queue:10.283333778381348
intersection:6, mean_episode_reward:-0.641666829586029, mean_queue:10.911110877990723
intersection:7, mean_episode_reward:0.18666665256023407, mean_queue:9.922222137451172
intersection:8, mean_episode_reward:-0.48166653513908386, mean_queue:9.850000381469727
intersection:9, mean_episode_reward:-1.0022221803665161, mean_queue:10.927778244018555
intersection:10, mean_episode_reward:-1.0238890647888184, mean_queue:11.399999618530273
intersection:11, mean_episode_reward:0.044999949634075165, mean_queue:9.961111068725586
intersection:12, mean_episode_reward:0.2755555808544159, mean_queue:10.244444847106934
intersection:13, mean_episode_reward:-0.17888888716697693, mean_queue:10.688888549804688
intersection:14, mean_episode_reward:-0.5316668152809143, mean_queue:10.177778244018555
intersection:15, mean_episode_reward:-0.3766666352748871, mean_queue:10.066666603088379
intersection:16, mean_episode_reward:-0.05277777090668678, mean_queue:0.8055555820465088
intersection:17, mean_episode_reward:0.14611107110977173, mean_queue:0.9166666865348816
intersection:18, mean_episode_reward:0.07500000298023224, mean_queue:0.8111110925674438
intersection:19, mean_episode_reward:0.07166668772697449, mean_queue:0.8277778029441833
intersection:20, mean_episode_reward:0.10055554658174515, mean_queue:0.7944444417953491
intersection:21, mean_episode_reward:0.05888890102505684, mean_queue:0.8444444537162781
intersection:22, mean_episode_reward:-0.020555540919303894, mean_queue:0.8611111044883728
intersection:23, mean_episode_reward:-0.01388888992369175, mean_queue:0.7944444417953491
intersection:24, mean_episode_reward:0.10999998450279236, mean_queue:0.7944444417953491
intersection:25, mean_episode_reward:0.1138889491558075, mean_queue:0.8333333134651184
intersection:26, mean_episode_reward:0.16722218692302704, mean_queue:0.6166666746139526
intersection:27, mean_episode_reward:0.18166667222976685, mean_queue:0.7388888597488403
intersection:28, mean_episode_reward:0.28555551171302795, mean_queue:0.7944444417953491
intersection:29, mean_episode_reward:0.0394444540143013, mean_queue:0.7222222089767456
intersection:30, mean_episode_reward:0.013888898305594921, mean_queue:0.8333333134651184
intersection:31, mean_episode_reward:0.02222222276031971, mean_queue:0.7777777910232544
episode:28/500, train_demand:raw_data/grid4x4/od_hubs/demand_set/train_08.rou.xml
step:1800/1800, q_loss:1.3306105136871338, rewards:-4.733332994249132, queue:5.5706597222222225, delay:0.04284935527377658, throughput:756
episode:28/500, real avg travel time:197.29761904761904
intersection:0, mean_episode_reward:0.028333326801657677, mean_queue:9.88888931274414
intersection:1, mean_episode_reward:-0.09222225844860077, mean_queue:9.927778244018555
intersection:2, mean_episode_reward:-0.20499998331069946, mean_queue:10.127778053283691
intersection:3, mean_episode_reward:0.1227777823805809, mean_queue:9.577777862548828
intersection:4, mean_episode_reward:-0.2805555760860443, mean_queue:10.527777671813965
intersection:5, mean_episode_reward:-0.891110897064209, mean_queue:10.55555534362793
intersection:6, mean_episode_reward:-0.49666643142700195, mean_queue:10.76111125946045
intersection:7, mean_episode_reward:-0.23388893902301788, mean_queue:9.95555591583252
intersection:8, mean_episode_reward:0.04555557668209076, mean_queue:9.838889122009277
intersection:9, mean_episode_reward:-1.0638889074325562, mean_queue:11.377778053283691
intersection:10, mean_episode_reward:-1.079444408416748, mean_queue:11.550000190734863
intersection:11, mean_episode_reward:-0.40888896584510803, mean_queue:10.033333778381348
intersection:12, mean_episode_reward:0.133888840675354, mean_queue:10.255555152893066
intersection:13, mean_episode_reward:-1.003888726234436, mean_queue:11.127778053283691
intersection:14, mean_episode_reward:-0.4388889670372009, mean_queue:10.022222518920898
intersection:15, mean_episode_reward:-0.19055557250976562, mean_queue:9.966666221618652
intersection:16, mean_episode_reward:-0.03666666895151138, mean_queue:0.8055555820465088
intersection:17, mean_episode_reward:0.12888887524604797, mean_queue:0.9166666865348816
intersection:18, mean_episode_reward:0.10722222924232483, mean_queue:0.8111110925674438
intersection:19, mean_episode_reward:0.09166669100522995, mean_queue:0.8277778029441833
intersection:20, mean_episode_reward:0.06611110270023346, mean_queue:0.7944444417953491
intersection:21, mean_episode_reward:0.055555567145347595, mean_queue:0.8444444537162781
intersection:22, mean_episode_reward:0.02000001072883606, mean_queue:0.8611111044883728
intersection:23, mean_episode_reward:0.00222222413867712, mean_queue:0.7944444417953491
intersection:24, mean_episode_reward:0.10777775198221207, mean_queue:0.7944444417953491
intersection:25, mean_episode_reward:0.0438888743519783, mean_queue:0.8333333134651184
intersection:26, mean_episode_reward:0.14611110091209412, mean_queue:0.6166666746139526
intersection:27, mean_episode_reward:0.10222221910953522, mean_queue:0.7388888597488403
intersection:28, mean_episode_reward:0.2594444155693054, mean_queue:0.7944444417953491
intersection:29, mean_episode_reward:0.044444456696510315, mean_queue:0.7222222089767456
intersection:30, mean_episode_reward:0.1550000011920929, mean_queue:0.8333333134651184
intersection:31, mean_episode_reward:0.027222217991948128, mean_queue:0.7777777910232544
episode:29/500, train_demand:raw_data/grid4x4/od_hubs/demand_set/train_09.rou.xml
step:1800/1800, q_loss:1.30342698097229, rewards:-4.330555555555556, queue:5.591319444444444, delay:0.045197418000963, throughput:727
episode:29/500, real avg travel time:206.2379642365887
intersection:0, mean_episode_reward:0.30444446206092834, mean_queue:9.600000381469727
intersection:1, mean_episode_reward:0.0555555559694767, mean_queue:9.850000381469727
intersection:2, mean_episode_reward:-0.2994442880153656, mean_queue:10.272222518920898
intersection:3, mean_episode_reward:0.18666672706604004, mean_queue:9.516666412353516
intersection:4, mean_episode_reward:-0.26222214102745056, mean_queue:10.722222328186035
intersection:5, mean_episode_reward:-1.2688888311386108, mean_queue:10.61111068725586
intersection:6, mean_episode_reward:-0.43222224712371826, mean_queue:10.877778053283691
intersection:7, mean_episode_reward:-0.4888889789581299, mean_queue:10.316666603088379
intersection:8, mean_episode_reward:-0.2822222411632538, mean_queue:10.233333587646484
intersection:9, mean_episode_reward:-0.8255553245544434, mean_queue:11.211111068725586
intersection:10, mean_episode_reward:-0.7711113691329956, mean_queue:11.438888549804688
intersection:11, mean_episode_reward:-0.37444445490837097, mean_queue:10.088889122009277
intersection:12, mean_episode_reward:0.5061107873916626, mean_queue:10.161110877990723
intersection:13, mean_episode_reward:-0.7599998712539673, mean_queue:11.022222518920898
intersection:14, mean_episode_reward:-0.3888888359069824, mean_queue:10.027777671813965
intersection:15, mean_episode_reward:-0.48333337903022766, mean_queue:10.20555591583252
intersection:16, mean_episode_reward:-0.04500000923871994, mean_queue:0.8055555820465088
intersection:17, mean_episode_reward:0.0855555534362793, mean_queue:0.9166666865348816
intersection:18, mean_episode_reward:0.10111111402511597, mean_queue:0.8111110925674438
intersection:19, mean_episode_reward:0.23444446921348572, mean_queue:0.8277778029441833
intersection:20, mean_episode_reward:0.007222228683531284, mean_queue:0.7944444417953491
intersection:21, mean_episode_reward:0.05944446474313736, mean_queue:0.8444444537162781
intersection:22, mean_episode_reward:0.08777778595685959, mean_queue:0.8611111044883728
intersection:23, mean_episode_reward:-0.015000002458691597, mean_queue:0.7944444417953491
intersection:24, mean_episode_reward:0.10777775198221207, mean_queue:0.7944444417953491
intersection:25, mean_episode_reward:0.03777776658535004, mean_queue:0.8333333134651184
intersection:26, mean_episode_reward:0.02888888493180275, mean_queue:0.6166666746139526
intersection:27, mean_episode_reward:0.1716667115688324, mean_queue:0.7388888597488403
intersection:28, mean_episode_reward:0.21611112356185913, mean_queue:0.7944444417953491
intersection:29, mean_episode_reward:0.052777789533138275, mean_queue:0.7222222089767456
intersection:30, mean_episode_reward:0.10277775675058365, mean_queue:0.8333333134651184
intersection:31, mean_episode_reward:0.02055555395781994, mean_queue:0.7777777910232544
episode:30/500, train_demand:raw_data/grid4x4/od_hubs/demand_set/train_00.rou.xml
step:1800/1800, q_loss:1.2705827951431274, rewards:-3.6983323838975695, queue:5.540972222222222, delay:0.041033527586195204, throughput:684
episode:30/500, real avg travel time:200.08040935672514
intersection:0, mean_episode_reward:0.012222242541611195, mean_queue:9.777777671813965
intersection:1, mean_episode_reward:0.078888900578022, mean_queue:9.822221755981445
intersection:2, mean_episode_reward:-0.6938886642456055, mean_queue:10.472222328186035
intersection:3, mean_episode_reward:-0.12388889491558075, mean_queue:9.627778053283691
intersection:4, mean_episode_reward:-0.33277761936187744, mean_queue:10.516666412353516
intersection:5, mean_episode_reward:-0.8150002956390381, mean_queue:10.366666793823242
intersection:6, mean_episode_reward:-0.5822223424911499, mean_queue:10.727777481079102
intersection:7, mean_episode_reward:-0.1538890302181244, mean_queue:9.961111068725586
intersection:8, mean_episode_reward:-0.5577777624130249, mean_queue:10.116666793823242
intersection:9, mean_episode_reward:-0.11833324283361435, mean_queue:10.666666984558105
intersection:10, mean_episode_reward:-1.462221384048462, mean_queue:11.722222328186035
intersection:11, mean_episode_reward:0.23055559396743774, mean_queue:9.961111068725586
intersection:12, mean_episode_reward:0.6483332514762878, mean_queue:10.311111450195312
intersection:13, mean_episode_reward:-0.3911111056804657, mean_queue:10.494444847106934
intersection:14, mean_episode_reward:-0.318333238363266, mean_queue:9.98888874053955
intersection:15, mean_episode_reward:-0.30444443225860596, mean_queue:10.01111125946045
intersection:16, mean_episode_reward:-0.05277777090668678, mean_queue:0.8055555820465088
intersection:17, mean_episode_reward:0.10222221910953522, mean_queue:0.9166666865348816
intersection:18, mean_episode_reward:0.06833335757255554, mean_queue:0.8111110925674438
intersection:19, mean_episode_reward:0.12166672945022583, mean_queue:0.8277778029441833
intersection:20, mean_episode_reward:0.0555555559694767, mean_queue:0.7944444417953491
intersection:21, mean_episode_reward:0.052222248166799545, mean_queue:0.8444444537162781
intersection:22, mean_episode_reward:0.2077777236700058, mean_queue:0.8611111044883728
intersection:23, mean_episode_reward:-0.013888895511627197, mean_queue:0.7944444417953491
intersection:24, mean_episode_reward:0.10722219944000244, mean_queue:0.7944444417953491
intersection:25, mean_episode_reward:0.03166665881872177, mean_queue:0.8333333134651184
intersection:26, mean_episode_reward:0.08388888835906982, mean_queue:0.6166666746139526
intersection:27, mean_episode_reward:0.07055554538965225, mean_queue:0.7388888597488403
intersection:28, mean_episode_reward:0.19555552303791046, mean_queue:0.7944444417953491
intersection:29, mean_episode_reward:0.07111109048128128, mean_queue:0.7222222089767456
intersection:30, mean_episode_reward:0.06277778744697571, mean_queue:0.8333333134651184
intersection:31, mean_episode_reward:0.021666666492819786, mean_queue:0.7777777910232544
HELDOUT episode:30/500, demand:raw_data/grid4x4/od_hubs/demand_set/hold_00.rou.xml, travel time:198.207756232687, rewards:-4.188332790798611, queue:5.521875, delay:0.040567448404100204, throughput:722
HELDOUT episode:30/500, demand:raw_data/grid4x4/od_hubs/demand_set/hold_01.rou.xml, travel time:196.00924702774108, rewards:-4.221666802300347, queue:5.529340277777778, delay:0.04136192268795437, throughput:757
HELDOUT episode:30/500, demand:raw_data/grid4x4/od_hubs/demand_set/hold_02.rou.xml, travel time:202.97271487039563, rewards:-4.224999321831597, queue:5.578125, delay:0.04378082222408718, throughput:733
HELDOUT_MEAN episode:30/500, travel time:199.06323937694125 (n=3)
new best ATT=199.06 at episode 30 (metric=heldout)
episode:31/500, train_demand:raw_data/grid4x4/od_hubs/demand_set/train_01.rou.xml
step:1800/1800, q_loss:1.2732311487197876, rewards:-4.425, queue:5.5862847222222225, delay:0.04550280570983887, throughput:715
episode:31/500, real avg travel time:206.4097902097902
intersection:0, mean_episode_reward:0.09055562317371368, mean_queue:9.75
intersection:1, mean_episode_reward:0.1572222113609314, mean_queue:9.816666603088379
intersection:2, mean_episode_reward:0.09166666865348816, mean_queue:10.04444408416748
intersection:3, mean_episode_reward:-0.3966667056083679, mean_queue:9.827777862548828
intersection:4, mean_episode_reward:-0.7838886976242065, mean_queue:11.26111125946045
intersection:5, mean_episode_reward:-1.5838887691497803, mean_queue:10.98888874053955
intersection:6, mean_episode_reward:-0.03944441303610802, mean_queue:10.727777481079102
intersection:7, mean_episode_reward:-0.4872221350669861, mean_queue:10.288888931274414
intersection:8, mean_episode_reward:-0.038333311676979065, mean_queue:9.616666793823242
intersection:9, mean_episode_reward:-0.5177778601646423, mean_queue:11.061111450195312
intersection:10, mean_episode_reward:-0.913333535194397, mean_queue:11.372221946716309
intersection:11, mean_episode_reward:-0.07166672497987747, mean_queue:10.01111125946045
intersection:12, mean_episode_reward:0.15833339095115662, mean_queue:10.050000190734863
intersection:13, mean_episode_reward:-0.4194445312023163, mean_queue:10.75
intersection:14, mean_episode_reward:-0.570555567741394, mean_queue:10.227777481079102
intersection:15, mean_episode_reward:-0.5961111187934875, mean_queue:10.199999809265137
intersection:16, mean_episode_reward:-0.05277777090668678, mean_queue:0.8055555820465088
intersection:17, mean_episode_reward:0.09888887405395508, mean_queue:0.9166666865348816
intersection:18, mean_episode_reward:0.08500001579523087, mean_queue:0.8111110925674438
intersection:19, mean_episode_reward:0.06611110270023346, mean_queue:0.8277778029441833
intersection:20, mean_episode_reward:0.08888889104127884, mean_queue:0.7944444417953491
intersection:21, mean_episode_reward:0.04333333671092987, mean_queue:0.8444444537162781
intersection:22, mean_episode_reward:-0.019444430246949196, mean_queue:0.8611111044883728
intersection:23, mean_episode_reward:-0.015000002458691597, mean_queue:0.7944444417953491
intersection:24, mean_episode_reward:0.10666663944721222, mean_queue:0.7944444417953491
intersection:25, mean_episode_reward:0.08500000089406967, mean_queue:0.8333333134651184
intersection:26, mean_episode_reward:0.3588888347148895, mean_queue:0.6166666746139526
intersection:27, mean_episode_reward:0.2011110931634903, mean_queue:0.7388888597488403
intersection:28, mean_episode_reward:0.253888875246048, mean_queue:0.7944444417953491
intersection:29, mean_episode_reward:0.09111110866069794, mean_queue:0.7222222089767456
intersection:30, mean_episode_reward:0.07611111551523209, mean_queue:0.8333333134651184
intersection:31, mean_episode_reward:0.02777777425944805, mean_queue:0.7777777910232544
episode:32/500, train_demand:raw_data/grid4x4/od_hubs/demand_set/train_02.rou.xml
step:1800/1800, q_loss:1.251155972480774, rewards:-3.8522220187717013, queue:5.5765625, delay:0.04354013337029351, throughput:740
episode:32/500, real avg travel time:201.33513513513515
intersection:0, mean_episode_reward:0.4122222363948822, mean_queue:9.55555534362793
intersection:1, mean_episode_reward:0.06777776777744293, mean_queue:9.755555152893066
intersection:2, mean_episode_reward:-0.421111136674881, mean_queue:10.438888549804688
intersection:3, mean_episode_reward:-0.2888888716697693, mean_queue:9.63888931274414
intersection:4, mean_episode_reward:-0.4522222876548767, mean_queue:10.75
intersection:5, mean_episode_reward:-1.3249998092651367, mean_queue:10.69444465637207
intersection:6, mean_episode_reward:-0.43944448232650757, mean_queue:10.822221755981445
intersection:7, mean_episode_reward:-0.7600001096725464, mean_queue:10.822221755981445
intersection:8, mean_episode_reward:-0.286666601896286, mean_queue:9.766666412353516
intersection:9, mean_episode_reward:-0.674444317817688, mean_queue:11.23888874053955
intersection:10, mean_episode_reward:-0.8277781009674072, mean_queue:11.244444847106934
intersection:11, mean_episode_reward:0.5433332920074463, mean_queue:10.30555534362793
intersection:12, mean_episode_reward:0.1477777659893036, mean_queue:10.166666984558105
intersection:13, mean_episode_reward:-0.22944435477256775, mean_queue:10.61111068725586
intersection:14, mean_episode_reward:-0.6088889241218567, mean_queue:10.094444274902344
intersection:15, mean_episode_reward:-0.07888887822628021, mean_queue:9.777777671813965
intersection:16, mean_episode_reward:-0.05277777090668678, mean_queue:0.8055555820465088
intersection:17, mean_episode_reward:0.11833333224058151, mean_queue:0.9166666865348816
intersection:18, mean_episode_reward:0.0694444552063942, mean_queue:0.8111110925674438
intersection:19, mean_episode_reward:0.09611111879348755, mean_queue:0.8277778029441833
intersection:20, mean_episode_reward:0.04444444924592972, mean_queue:0.7944444417953491
intersection:21, mean_episode_reward:0.02499999664723873, mean_queue:0.8444444537162781
intersection:22, mean_episode_reward:0.18166664242744446, mean_queue:0.8611111044883728
intersection:23, mean_episode_reward:-0.015000002458691597, mean_queue:0.7944444417953491
intersection:24, mean_episode_reward:0.10833331197500229, mean_queue:0.7944444417953491
intersection:25, mean_episode_reward:0.03222221881151199, mean_queue:0.8333333134651184
intersection:26, mean_episode_reward:0.24333341419696808, mean_queue:0.6166666746139526
intersection:27, mean_episode_reward:0.08222221583127975, mean_queue:0.7388888597488403
intersection:28, mean_episode_reward:0.21611112356185913, mean_queue:0.7944444417953491
intersection:29, mean_episode_reward:0.06777779012918472, mean_queue:0.7222222089767456
intersection:30, mean_episode_reward:0.12388889491558075, mean_queue:0.8333333134651184
intersection:31, mean_episode_reward:0.028333330526947975, mean_queue:0.7777777910232544
episode:33/500, train_demand:raw_data/grid4x4/od_hubs/demand_set/train_03.rou.xml
step:1800/1800, q_loss:1.1842907667160034, rewards:-4.04000006781684, queue:5.6015625, delay:0.049749867121378584, throughput:783
episode:33/500, real avg travel time:199.13920817369095
intersection:0, mean_episode_reward:0.28333336114883423, mean_queue:9.54444408416748
intersection:1, mean_episode_reward:0.10888885706663132, mean_queue:9.905555725097656
intersection:2, mean_episode_reward:-0.04055558145046234, mean_queue:10.25
intersection:3, mean_episode_reward:-0.27666667103767395, mean_queue:9.744444847106934
intersection:4, mean_episode_reward:-0.8538888096809387, mean_queue:10.922222137451172
intersection:5, mean_episode_reward:-0.8188889622688293, mean_queue:10.63888931274414
intersection:6, mean_episode_reward:-0.8811113238334656, mean_queue:11.416666984558105
intersection:7, mean_episode_reward:0.27833324670791626, mean_queue:10.077777862548828
intersection:8, mean_episode_reward:-0.14666667580604553, mean_queue:9.894444465637207
intersection:9, mean_episode_reward:-0.9488887190818787, mean_queue:10.994444847106934
intersection:10, mean_episode_reward:-1.1805554628372192, mean_queue:11.666666984558105
intersection:11, mean_episode_reward:-0.4827776551246643, mean_queue:10.449999809265137
intersection:12, mean_episode_reward:0.06111107021570206, mean_queue:10.394444465637207
intersection:13, mean_episode_reward:-0.12611107528209686, mean_queue:10.366666793823242
intersection:14, mean_episode_reward:-0.0072222803719341755, mean_queue:10.083333015441895
intersection:15, mean_episode_reward:-0.5849999189376831, mean_queue:10.133333206176758
intersection:16, mean_episode_reward:-0.04277778044342995, mean_queue:0.8055555820465088
intersection:17, mean_episode_reward:0.13888883590698242, mean_queue:0.9166666865348816
intersection:18, mean_episode_reward:0.18666668236255646, mean_queue:0.8111110925674438
intersection:19, mean_episode_reward:0.19888891279697418, mean_queue:0.8277778029441833
intersection:20, mean_episode_reward:0.05500000715255737, mean_queue:0.7944444417953491
intersection:21, mean_episode_reward:0.02333333157002926, mean_queue:0.8444444537162781
intersection:22, mean_episode_reward:0.03388890251517296, mean_queue:0.8611111044883728
intersection:23, mean_episode_reward:-0.015000002458691597, mean_queue:0.7944444417953491
intersection:24, mean_episode_reward:0.10666663944721222, mean_queue:0.7944444417953491
intersection:25, mean_episode_reward:0.041666653007268906, mean_queue:0.8333333134651184
intersection:26, mean_episode_reward:0.05222222954034805, mean_queue:0.6166666746139526
intersection:27, mean_episode_reward:0.30222222208976746, mean_queue:0.7388888597488403
intersection:28, mean_episode_reward:0.2522221803665161, mean_queue:0.7944444417953491
intersection:29, mean_episode_reward:0.1894444078207016, mean_queue:0.7222222089767456
intersection:30, mean_episode_reward:0.033888883888721466, mean_queue:0.8333333134651184
intersection:31, mean_episode_reward:0.019444439560174942, mean_queue:0.7777777910232544
episode:34/500, train_demand:raw_data/grid4x4/od_hubs/demand_set/train_04.rou.xml
step:1800/1800, q_loss:1.162588119506836, rewards:-3.5416666666666665, queue:5.536631944444444, delay:0.04279770851135254, throughput:700
episode:34/500, real avg travel time:201.02428571428572
intersection:0, mean_episode_reward:0.25666671991348267, mean_queue:9.605555534362793
intersection:1, mean_episode_reward:-0.13555553555488586, mean_queue:10.094444274902344
intersection:2, mean_episode_reward:-0.370555579662323, mean_queue:10.316666603088379
intersection:3, mean_episode_reward:-0.283333420753479, mean_queue:9.772222518920898
intersection:4, mean_episode_reward:-0.2850000262260437, mean_queue:10.561111450195312
intersection:5, mean_episode_reward:-0.8344443440437317, mean_queue:10.800000190734863
intersection:6, mean_episode_reward:-0.07833327353000641, mean_queue:10.677778244018555
intersection:7, mean_episode_reward:-0.09666666388511658, mean_queue:9.88888931274414
intersection:8, mean_episode_reward:-0.37166672945022583, mean_queue:9.76111125946045
intersection:9, mean_episode_reward:-0.479444295167923, mean_queue:10.672222137451172
intersection:10, mean_episode_reward:-1.2705556154251099, mean_queue:11.333333015441895
intersection:11, mean_episode_reward:-0.25166669487953186, mean_queue:10.061111450195312
intersection:12, mean_episode_reward:0.5077778100967407, mean_queue:10.077777862548828
intersection:13, mean_episode_reward:-0.5355556607246399, mean_queue:10.755555152893066
intersection:14, mean_episode_reward:-0.10888884961605072, mean_queue:9.98888874053955
intersection:15, mean_episode_reward:-0.31166666746139526, mean_queue:10.038888931274414
intersection:16, mean_episode_reward:-0.05111110955476761, mean_queue:0.8055555820465088
intersection:17, mean_episode_reward:0.09888887405395508, mean_queue:0.9166666865348816
intersection:18, mean_episode_reward:0.05500000715255737, mean_queue:0.8111110925674438
intersection:19, mean_episode_reward:0.048888884484767914, mean_queue:0.8277778029441833
intersection:20, mean_episode_reward:-0.0027777827344834805, mean_queue:0.7944444417953491
intersection:21, mean_episode_reward:0.031666673719882965, mean_queue:0.8444444537162781
intersection:22, mean_episode_reward:0.12555557489395142, mean_queue:0.8611111044883728
intersection:23, mean_episode_reward:-0.015000002458691597, mean_queue:0.7944444417953491
intersection:24, mean_episode_reward:0.10833331197500229, mean_queue:0.7944444417953491
intersection:25, mean_episode_reward:0.05944443866610527, mean_queue:0.8333333134651184
intersection:26, mean_episode_reward:0.09888891875743866, mean_queue:0.6166666746139526
intersection:27, mean_episode_reward:0.09944445639848709, mean_queue:0.7388888597488403
intersection:28, mean_episode_reward:0.2561110258102417, mean_queue:0.7944444417953491
intersection:29, mean_episode_reward:0.08444444090127945, mean_queue:0.7222222089767456
intersection:30, mean_episode_reward:0.08666668087244034, mean_queue:0.8333333134651184
intersection:31, mean_episode_reward:0.022777777165174484, mean_queue:0.7777777910232544
episode:35/500, train_demand:raw_data/grid4x4/od_hubs/demand_set/train_05.rou.xml
step:1800/1800, q_loss:1.0825860500335693, rewards:-3.555555216471354, queue:5.565972222222222, delay:0.04634269608391656, throughput:740
episode:35/500, real avg travel time:199.24864864864864
intersection:0, mean_episode_reward:0.06777776777744293, mean_queue:9.69444465637207
intersection:1, mean_episode_reward:-0.4649999737739563, mean_queue:10.283333778381348
intersection:2, mean_episode_reward:-0.08333335071802139, mean_queue:10.11111068725586
intersection:3, mean_episode_reward:-0.017222203314304352, mean_queue:9.594444274902344
intersection:4, mean_episode_reward:-0.17277778685092926, mean_queue:10.672222137451172
intersection:5, mean_episode_reward:-0.5672224164009094, mean_queue:10.716666221618652
intersection:6, mean_episode_reward:-0.37111103534698486, mean_queue:10.883333206176758
intersection:7, mean_episode_reward:0.011111159808933735, mean_queue:9.899999618530273
intersection:8, mean_episode_reward:-0.2950000464916229, mean_queue:9.905555725097656
intersection:9, mean_episode_reward:-0.8644441962242126, mean_queue:11.144444465637207
intersection:10, mean_episode_reward:-1.0899996757507324, mean_queue:11.766666412353516
intersection:11, mean_episode_reward:-0.328888863325119, mean_queue:10.144444465637207
intersection:12, mean_episode_reward:0.35666659474372864, mean_queue:10.122221946716309
intersection:13, mean_episode_reward:-0.320000022649765, mean_queue:10.566666603088379
intersection:14, mean_episode_reward:-0.245555579662323, mean_queue:9.961111068725586
intersection:15, mean_episode_reward:-0.189444437623024, mean_queue:9.877778053283691
intersection:16, mean_episode_reward:-0.05111110955476761, mean_queue:0.8055555820465088
intersection:17, mean_episode_reward:0.12055553495883942, mean_queue:0.9166666865348816
intersection:18, mean_episode_reward:0.10388888418674469, mean_queue:0.8111110925674438
intersection:19, mean_episode_reward:0.07111111283302307, mean_queue:0.8277778029441833
intersection:20, mean_episode_reward:0.05111110955476761, mean_queue:0.7944444417953491
intersection:21, mean_episode_reward:0.0394444540143013, mean_queue:0.8444444537162781
intersection:22, mean_episode_reward:-0.006666658911854029, mean_queue:0.8611111044883728
intersection:23, mean_episode_reward:-0.015000002458691597, mean_queue:0.7944444417953491
intersection:24, mean_episode_reward:0.10833331197500229, mean_queue:0.7944444417953491
intersection:25, mean_episode_reward:0.06000000238418579, mean_queue:0.8333333134651184
intersection:26, mean_episode_reward:0.09722225368022919, mean_queue:0.6166666746139526
intersection:27, mean_episode_reward:0.04944443702697754, mean_queue:0.7388888597488403
intersection:28, mean_episode_reward:0.2522221803665161, mean_queue:0.7944444417953491
intersection:29, mean_episode_reward:0.056666672229766846, mean_queue:0.7222222089767456
intersection:30, mean_episode_reward:0.05444445088505745, mean_queue:0.8333333134651184
intersection:31, mean_episode_reward:0.027222217991948128, mean_queue:0.7777777910232544
episode:36/500, train_demand:raw_data/grid4x4/od_hubs/demand_set/train_06.rou.xml
step:1800/1800, q_loss:1.005460500717163, rewards:-3.758334011501736, queue:5.552951388888889, delay:0.04418718020121257, throughput:731
episode:36/500, real avg travel time:199.45143638850888
intersection:0, mean_episode_reward:0.06055554375052452, mean_queue:9.766666412353516
intersection:1, mean_episode_reward:-0.013888916932046413, mean_queue:9.877778053283691
intersection:2, mean_episode_reward:0.48555538058280945, mean_queue:10.372221946716309
intersection:3, mean_episode_reward:-0.309999942779541, mean_queue:9.927778244018555
intersection:4, mean_episode_reward:0.152777761220932, mean_queue:10.36111068725586
intersection:5, mean_episode_reward:-0.9716665744781494, mean_queue:10.477777481079102
intersection:6, mean_episode_reward:-1.2722225189208984, mean_queue:11.605555534362793
intersection:7, mean_episode_reward:-0.16277778148651123, mean_queue:10.038888931274414
intersection:8, mean_episode_reward:-0.04222222790122032, mean_queue:9.672222137451172
intersection:9, mean_episode_reward:-0.6055554151535034, mean_queue:10.677778244018555
intersection:10, mean_episode_reward:-1.5038894414901733, mean_queue:11.522222518920898
intersection:11, mean_episode_reward:-0.12333332002162933, mean_queue:10.066666603088379
intersection:12, mean_episode_reward:0.25833338499069214, mean_queue:10.144444465637207
intersection:13, mean_episode_reward:-0.12277776747941971, mean_queue:10.505555152893066
intersection:14, mean_episode_reward:-0.31388893723487854, mean_queue:9.98888874053955
intersection:15, mean_episode_reward:-0.38555553555488586, mean_queue:9.922222137451172
intersection:16, mean_episode_reward:-0.05111110955476761, mean_queue:0.8055555820465088
intersection:17, mean_episode_reward:0.10777776688337326, mean_queue:0.9166666865348816
intersection:18, mean_episode_reward:0.1322222352027893, mean_queue:0.8111110925674438
intersection:19, mean_episode_reward:0.06777779012918472, mean_queue:0.8277778029441833
intersection:20, mean_episode_reward:0.025000005960464478, mean_queue:0.7944444417953491
intersection:21, mean_episode_reward:0.0072222244925796986, mean_queue:0.8444444537162781
intersection:22, mean_episode_reward:-0.01999998837709427, mean_queue:0.8611111044883728
intersection:23, mean_episode_reward:-0.015000002458691597, mean_queue:0.7944444417953491
intersection:24, mean_episode_reward:0.10722219944000244, mean_queue:0.7944444417953491
intersection:25, mean_episode_reward:0.0577777698636055, mean_queue:0.8333333134651184
intersection:26, mean_episode_reward:0.1788889616727829, mean_queue:0.6166666746139526
intersection:27, mean_episode_reward:0.04722221568226814, mean_queue:0.7388888597488403
intersection:28, mean_episode_reward:0.2516666352748871, mean_queue:0.7944444417953491
intersection:29, mean_episode_reward:0.07944443821907043, mean_queue:0.7222222089767456
intersection:30, mean_episode_reward:0.1088888943195343, mean_queue:0.8333333134651184
intersection:31, mean_episode_reward:0.027222217991948128, mean_queue:0.7777777910232544
episode:37/500, train_demand:raw_data/grid4x4/od_hubs/demand_set/train_07.rou.xml
step:1800/1800, q_loss:0.933886706829071, rewards:-3.841666666666667, queue:5.565625, delay:0.04442823198106554, throughput:748
episode:37/500, real avg travel time:196.81283422459893
intersection:0, mean_episode_reward:0.27833327651023865, mean_queue:9.600000381469727
intersection:1, mean_episode_reward:0.05944446846842766, mean_queue:9.811111450195312
intersection:2, mean_episode_reward:-0.27888888120651245, mean_queue:10.29444408416748
intersection:3, mean_episode_reward:-0.3405555188655853, mean_queue:9.855555534362793
intersection:4, mean_episode_reward:-0.30444446206092834, mean_queue:10.69444465637207
intersection:5, mean_episode_reward:-1.2433332204818726, mean_queue:10.54444408416748
intersection:6, mean_episode_reward:0.5111111402511597, mean_queue:10.866666793823242
intersection:7, mean_episode_reward:-0.8138887286186218, mean_queue:10.783333778381348
intersection:8, mean_episode_reward:-0.18166667222976685, mean_queue:9.788888931274414
intersection:9, mean_episode_reward:-1.0738893747329712, mean_queue:11.01111125946045
intersection:10, mean_episode_reward:-1.2972220182418823, mean_queue:11.494444847106934
intersection:11, mean_episode_reward:0.05055555701255798, mean_queue:9.972222328186035
intersection:12, mean_episode_reward:0.07500000298023224, mean_queue:10.211111068725586
intersection:13, mean_episode_reward:0.08777774125337601, mean_queue:10.433333396911621
intersection:14, mean_episode_reward:-0.3444444239139557, mean_queue:10.022222518920898
intersection:15, mean_episode_reward:-0.25833338499069214, mean_queue:9.949999809265137
intersection:16, mean_episode_reward:-0.05277777090668678, mean_queue:0.8055555820465088
intersection:17, mean_episode_reward:0.22166669368743896, mean_queue:0.9166666865348816
intersection:18, mean_episode_reward:0.07166668027639389, mean_queue:0.8111110925674438
intersection:19, mean_episode_reward:0.0672222375869751, mean_queue:0.8277778029441833
intersection:20, mean_episode_reward:0.08166665583848953, mean_queue:0.7944444417953491
intersection:21, mean_episode_reward:0.04555555433034897, mean_queue:0.8444444537162781
intersection:22, mean_episode_reward:-0.020555540919303894, mean_queue:0.8611111044883728
intersection:23, mean_episode_reward:-0.01388888992369175, mean_queue:0.7944444417953491
intersection:24, mean_episode_reward:0.10888887196779251, mean_queue:0.7944444417953491
intersection:25, mean_episode_reward:0.10777782648801804, mean_queue:0.8333333134651184
intersection:26, mean_episode_reward:0.05055556446313858, mean_queue:0.6166666746139526
intersection:27, mean_episode_reward:0.10500001907348633, mean_queue:0.7388888597488403
intersection:28, mean_episode_reward:0.3516665995121002, mean_queue:0.7944444417953491
intersection:29, mean_episode_reward:0.040555573999881744, mean_queue:0.7222222089767456
intersection:30, mean_episode_reward:0.04611112177371979, mean_queue:0.8333333134651184
intersection:31, mean_episode_reward:0.021666666492819786, mean_queue:0.7777777910232544
episode:38/500, train_demand:raw_data/grid4x4/od_hubs/demand_set/train_08.rou.xml
step:1800/1800, q_loss:0.8370696902275085, rewards:-3.849444580078125, queue:5.5368055555555555, delay:0.04179299672444661, throughput:760
episode:38/500, real avg travel time:192.65657894736842
intersection:0, mean_episode_reward:-0.04611111059784889, mean_queue:9.916666984558105
intersection:1, mean_episode_reward:-0.004444452002644539, mean_queue:9.94444465637207
intersection:2, mean_episode_reward:-0.29055553674697876, mean_queue:10.094444274902344
intersection:3, mean_episode_reward:-0.25833338499069214, mean_queue:9.655555725097656
intersection:4, mean_episode_reward:-0.2805555462837219, mean_queue:10.883333206176758
intersection:5, mean_episode_reward:-0.9150002598762512, mean_queue:10.655555725097656
intersection:6, mean_episode_reward:-0.2805556356906891, mean_queue:10.722222328186035
intersection:7, mean_episode_reward:-0.12888891994953156, mean_queue:10.033333778381348
intersection:8, mean_episode_reward:-0.10611110180616379, mean_queue:9.79444408416748
intersection:9, mean_episode_reward:-0.6516667604446411, mean_queue:10.633333206176758
intersection:10, mean_episode_reward:-1.348888874053955, mean_queue:11.338889122009277
intersection:11, mean_episode_reward:-0.3144444525241852, mean_queue:9.961111068725586
intersection:12, mean_episode_reward:0.2755555808544159, mean_queue:10.25
intersection:13, mean_episode_reward:-0.15111114084720612, mean_queue:10.48888874053955
intersection:14, mean_episode_reward:-0.40666672587394714, mean_queue:10.066666603088379
intersection:15, mean_episode_reward:-0.1688888967037201, mean_queue:9.972222328186035
intersection:16, mean_episode_reward:-0.03611111268401146, mean_queue:0.8055555820465088
intersection:17, mean_episode_reward:0.15555554628372192, mean_queue:0.9166666865348816
intersection:18, mean_episode_reward:0.059444449841976166, mean_queue:0.8111110925674438
intersection:19, mean_episode_reward:0.10055556893348694, mean_queue:0.8277778029441833
intersection:20, mean_episode_reward:0.0277777798473835, mean_queue:0.7944444417953491
intersection:21, mean_episode_reward:0.05000000447034836, mean_queue:0.8444444537162781
intersection:22, mean_episode_reward:0.024444453418254852, mean_queue:0.8611111044883728
intersection:23, mean_episode_reward:-0.0038888868875801563, mean_queue:0.7944444417953491
intersection:24, mean_episode_reward:0.10888887196779251, mean_queue:0.7944444417953491
intersection:25, mean_episode_reward:0.04222220927476883, mean_queue:0.8333333134651184
intersection:26, mean_episode_reward:0.12166666239500046, mean_queue:0.6166666746139526
intersection:27, mean_episode_reward:0.11222221702337265, mean_queue:0.7388888597488403
intersection:28, mean_episode_reward:0.3333333432674408, mean_queue:0.7944444417953491
intersection:29, mean_episode_reward:0.03277778998017311, mean_queue:0.7222222089767456
intersection:30, mean_episode_reward:0.0694444477558136, mean_queue:0.8333333134651184
intersection:31, mean_episode_reward:0.028888888657093048, mean_queue:0.7777777910232544
episode:39/500, train_demand:raw_data/grid4x4/od_hubs/demand_set/train_09.rou.xml
step:1800/1800, q_loss:0.8248050212860107, rewards:-3.838333468967014, queue:5.540972222222222, delay:0.043978812959459095, throughput:722
episode:39/500, real avg travel time:197.4376731301939
intersection:0, mean_episode_reward:0.01944444142282009, mean_queue:9.73888874053955
intersection:1, mean_episode_reward:-0.06999995559453964, mean_queue:9.86111068725586
intersection:2, mean_episode_reward:0.016666648909449577, mean_queue:10.033333778381348
intersection:3, mean_episode_reward:-0.22888889908790588, mean_queue:9.655555725097656
intersection:4, mean_episode_reward:-0.1594444364309311, mean_queue:10.722222328186035
intersection:5, mean_episode_reward:-0.4316665530204773, mean_queue:10.38888931274414
intersection:6, mean_episode_reward:-0.6866666078567505, mean_queue:11.038888931274414
intersection:7, mean_episode_reward:-0.27388882637023926, mean_queue:10.066666603088379
intersection:8, mean_episode_reward:-0.24611108005046844, mean_queue:9.949999809265137
intersection:9, mean_episode_reward:-0.5077778697013855, mean_queue:10.777777671813965
intersection:10, mean_episode_reward:-1.5288892984390259, mean_queue:11.666666984558105
intersection:11, mean_episode_reward:-0.22111102938652039, mean_queue:10.01111125946045
intersection:12, mean_episode_reward:0.2522222697734833, mean_queue:10.105555534362793
intersection:13, mean_episode_reward:0.07388886064291, mean_queue:10.350000381469727
intersection:14, mean_episode_reward:-0.6611111760139465, mean_queue:10.183333396911621
intersection:15, mean_episode_reward:-0.23499996960163116, mean_queue:9.994444847106934
intersection:16, mean_episode_reward:-0.04444444924592972, mean_queue:0.8055555820465088
intersection:17, mean_episode_reward:0.08944444358348846, mean_queue:0.9166666865348816
intersection:18, mean_episode_reward:0.17722223699092865, mean_queue:0.8111110925674438
intersection:19, mean_episode_reward:0.17777779698371887, mean_queue:0.8277778029441833
intersection:20, mean_episode_reward:0.02333332970738411, mean_queue:0.7944444417953491
intersection:21, mean_episode_reward:0.0511111244559288, mean_queue:0.8444444537162781
intersection:22, mean_episode_reward:-0.00999999139457941, mean_queue:0.8611111044883728
intersection:23, mean_episode_reward:-0.015000002458691597, mean_queue:0.7944444417953491
intersection:24, mean_episode_reward:0.10777775198221207, mean_queue:0.7944444417953491
intersection:25, mean_episode_reward:0.02999999187886715, mean_queue:0.8333333134651184
intersection:26, mean_episode_reward:0.06166667863726616, mean_queue:0.6166666746139526
intersection:27, mean_episode_reward:0.08055555820465088, mean_queue:0.7388888597488403
intersection:28, mean_episode_reward:0.17055551707744598, mean_queue:0.7944444417953491
intersection:29, mean_episode_reward:0.06333333253860474, mean_queue:0.7222222089767456
intersection:30, mean_episode_reward:0.06555556505918503, mean_queue:0.8333333134651184
intersection:31, mean_episode_reward:0.02111111208796501, mean_queue:0.7777777910232544
episode:40/500, train_demand:raw_data/grid4x4/od_hubs/demand_set/train_00.rou.xml
step:1800/1800, q_loss:0.7770596146583557, rewards:-3.5122216118706597, queue:5.542534722222222, delay:0.041207440694173175, throughput:672
episode:40/500, real avg travel time:197.0014880952381
intersection:0, mean_episode_reward:-0.09777772426605225, mean_queue:9.649999618530273
intersection:1, mean_episode_reward:0.09777776896953583, mean_queue:9.699999809265137
intersection:2, mean_episode_reward:0.010000050999224186, mean_queue:9.966666221618652
intersection:3, mean_episode_reward:0.021111100912094116, mean_queue:9.655555725097656
intersection:4, mean_episode_reward:-0.7522221803665161, mean_queue:11.105555534362793
intersection:5, mean_episode_reward:-0.1683332920074463, mean_queue:10.583333015441895
intersection:6, mean_episode_reward:-0.6388884782791138, mean_queue:11.01111125946045
intersection:7, mean_episode_reward:-0.3388887941837311, mean_queue:10.122221946716309
intersection:8, mean_episode_reward:-0.1961110383272171, mean_queue:9.833333015441895
intersection:9, mean_episode_reward:-0.7472221255302429, mean_queue:10.80555534362793
intersection:10, mean_episode_reward:-1.5850001573562622, mean_queue:11.572221755981445
intersection:11, mean_episode_reward:0.057222239673137665, mean_queue:9.883333206176758
intersection:12, mean_episode_reward:0.5272222757339478, mean_queue:10.211111068725586
intersection:13, mean_episode_reward:-0.3033333122730255, mean_queue:10.54444408416748
intersection:14, mean_episode_reward:-0.4161111116409302, mean_queue:10.04444408416748
intersection:15, mean_episode_reward:-0.1738889217376709, mean_queue:9.905555725097656
intersection:16, mean_episode_reward:-0.051111117005348206, mean_queue:0.8055555820465088
intersection:17, mean_episode_reward:0.1155555322766304, mean_queue:0.9166666865348816
intersection:18, mean_episode_reward:0.0811111256480217, mean_queue:0.8111110925674438
intersection:19, mean_episode_reward:0.07333333045244217, mean_queue:0.8277778029441833
intersection:20, mean_episode_reward:0.06333332508802414, mean_queue:0.7944444417953491
intersection:21, mean_episode_reward:0.04777779430150986, mean_queue:0.8444444537162781
intersection:22, mean_episode_reward:-0.029444437474012375, mean_queue:0.8611111044883728
intersection:23, mean_episode_reward:-0.014444448053836823, mean_queue:0.7944444417953491
intersection:24, mean_episode_reward:0.10722219944000244, mean_queue:0.7944444417953491
intersection:25, mean_episode_reward:0.0483333058655262, mean_queue:0.8333333134651184
intersection:26, mean_episode_reward:0.11277780681848526, mean_queue:0.6166666746139526
intersection:27, mean_episode_reward:0.2033333033323288, mean_queue:0.7388888597488403
intersection:28, mean_episode_reward:0.24333328008651733, mean_queue:0.7944444417953491
intersection:29, mean_episode_reward:0.09499996900558472, mean_queue:0.7222222089767456
intersection:30, mean_episode_reward:0.07555554807186127, mean_queue:0.8333333134651184
intersection:31, mean_episode_reward:0.02055555395781994, mean_queue:0.7777777910232544
HELDOUT episode:40/500, demand:raw_data/grid4x4/od_hubs/demand_set/hold_00.rou.xml, travel time:198.50555555555556, rewards:-3.959444851345486, queue:5.5387152777777775, delay:0.04252628220452203, throughput:720
HELDOUT episode:40/500, demand:raw_data/grid4x4/od_hubs/demand_set/hold_01.rou.xml, travel time:196.03708609271524, rewards:-4.02388916015625, queue:5.543576388888889, delay:0.041946456167433, throughput:755
HELDOUT episode:40/500, demand:raw_data/grid4x4/od_hubs/demand_set/hold_02.rou.xml, travel time:195.88267394270122, rewards:-3.77388916015625, queue:5.541666666666667, delay:0.04263834688398573, throughput:733
HELDOUT_MEAN episode:40/500, travel time:196.808438530324 (n=3)
new best ATT=196.81 at episode 40 (metric=heldout)
episode:41/500, train_demand:raw_data/grid4x4/od_hubs/demand_set/train_01.rou.xml
step:1800/1800, q_loss:0.7539592981338501, rewards:-3.5, queue:5.5178819444444445, delay:0.04095785882737901, throughput:722
episode:41/500, real avg travel time:195.81717451523545
intersection:0, mean_episode_reward:0.0072221881709992886, mean_queue:9.666666984558105
intersection:1, mean_episode_reward:-0.20666664838790894, mean_queue:10.094444274902344
intersection:2, mean_episode_reward:-0.2966666519641876, mean_queue:9.994444847106934
intersection:3, mean_episode_reward:-0.19888897240161896, mean_queue:9.744444847106934
intersection:4, mean_episode_reward:0.044444456696510315, mean_queue:10.550000190734863
intersection:5, mean_episode_reward:-1.3750001192092896, mean_queue:10.783333778381348
intersection:6, mean_episode_reward:-0.313888818025589, mean_queue:10.538888931274414
intersection:7, mean_episode_reward:0.12555554509162903, mean_queue:9.838889122009277
intersection:8, mean_episode_reward:-0.10444443672895432, mean_queue:9.661110877990723
intersection:9, mean_episode_reward:-0.4727778434753418, mean_queue:10.755555152893066
intersection:10, mean_episode_reward:-1.3605555295944214, mean_queue:11.372221946716309
intersection:11, mean_episode_reward:-0.1550000011920929, mean_queue:10.105555534362793
intersection:12, mean_episode_reward:0.2700001001358032, mean_queue:10.072221755981445
intersection:13, mean_episode_reward:0.1572222262620926, mean_queue:10.266666412353516
intersection:14, mean_episode_reward:0.0033333024475723505, mean_queue:10.005555152893066
intersection:15, mean_episode_reward:-0.6055556535720825, mean_queue:10.355555534362793
intersection:16, mean_episode_reward:-0.05277777090668678, mean_queue:0.8055555820465088
intersection:17, mean_episode_reward:0.10055554658174515, mean_queue:0.9166666865348816
intersection:18, mean_episode_reward:0.0766666829586029, mean_queue:0.8111110925674438
intersection:19, mean_episode_reward:0.054444435983896255, mean_queue:0.8277778029441833
intersection:20, mean_episode_reward:0.05055555701255798, mean_queue:0.7944444417953491
intersection:21, mean_episode_reward:0.07500001788139343, mean_queue:0.8444444537162781
intersection:22, mean_episode_reward:-0.020555540919303894, mean_queue:0.8611111044883728
intersection:23, mean_episode_reward:-0.012777774594724178, mean_queue:0.7944444417953491
intersection:24, mean_episode_reward:0.10666663944721222, mean_queue:0.7944444417953491
intersection:25, mean_episode_reward:0.06000000238418579, mean_queue:0.8333333134651184
intersection:26, mean_episode_reward:0.07388889789581299, mean_queue:0.6166666746139526
intersection:27, mean_episode_reward:0.03555554896593094, mean_queue:0.7388888597488403
intersection:28, mean_episode_reward:0.2127777487039566, mean_queue:0.7944444417953491
intersection:29, mean_episode_reward:0.11166667193174362, mean_queue:0.7222222089767456
intersection:30, mean_episode_reward:0.08277778327465057, mean_queue:0.8333333134651184
intersection:31, mean_episode_reward:0.027222217991948128, mean_queue:0.7777777910232544
episode:42/500, train_demand:raw_data/grid4x4/od_hubs/demand_set/train_02.rou.xml
step:1800/1800, q_loss:0.7372066974639893, rewards:-3.4227779812282986, queue:5.498090277777778, delay:0.04096095826890733, throughput:739
episode:42/500, real avg travel time:191.47225981055482
intersection:0, mean_episode_reward:0.25611111521720886, mean_queue:9.516666412353516
intersection:1, mean_episode_reward:0.22777768969535828, mean_queue:9.649999618530273
intersection:2, mean_episode_reward:0.00555555010214448, mean_queue:10.04444408416748
intersection:3, mean_episode_reward:-0.2644444406032562, mean_queue:9.661110877990723
intersection:4, mean_episode_reward:-0.2994444668292999, mean_queue:10.69444465637207
intersection:5, mean_episode_reward:-0.8916670083999634, mean_queue:10.561111450195312
intersection:6, mean_episode_reward:-0.8355554342269897, mean_queue:10.877778053283691
intersection:7, mean_episode_reward:0.30222225189208984, mean_queue:9.600000381469727
intersection:8, mean_episode_reward:-0.2344445288181305, mean_queue:9.80555534362793
intersection:9, mean_episode_reward:-0.8627777695655823, mean_queue:10.766666412353516
intersection:10, mean_episode_reward:-1.2799999713897705, mean_queue:11.422222137451172
intersection:11, mean_episode_reward:-0.22166675329208374, mean_queue:9.927778244018555
intersection:12, mean_episode_reward:0.18611113727092743, mean_queue:10.255555152893066
intersection:13, mean_episode_reward:-0.02222222276031971, mean_queue:10.533333778381348
intersection:14, mean_episode_reward:-0.41666653752326965, mean_queue:10.072221755981445
intersection:15, mean_episode_reward:-0.051666662096977234, mean_queue:9.783333778381348
intersection:16, mean_episode_reward:-0.05166666954755783, mean_queue:0.8055555820465088
intersection:17, mean_episode_reward:0.11277777701616287, mean_queue:0.9166666865348816
intersection:18, mean_episode_reward:0.08500000834465027, mean_queue:0.8111110925674438
intersection:19, mean_episode_reward:0.11444448679685593, mean_queue:0.8277778029441833
intersection:20, mean_episode_reward:0.09222221374511719, mean_queue:0.7944444417953491
intersection:21, mean_episode_reward:0.02499999664723873, mean_queue:0.8444444537162781
intersection:22, mean_episode_reward:0.00222223112359643, mean_queue:0.8611111044883728
intersection:23, mean_episode_reward:-0.015000002458691597, mean_queue:0.7944444417953491
intersection:24, mean_episode_reward:0.10833331197500229, mean_queue:0.7944444417953491
intersection:25, mean_episode_reward:0.031111104413866997, mean_queue:0.8333333134651184
intersection:26, mean_episode_reward:0.10000000894069672, mean_queue:0.6166666746139526
intersection:27, mean_episode_reward:0.044444434344768524, mean_queue:0.7388888597488403
intersection:28, mean_episode_reward:0.16333334147930145, mean_queue:0.7944444417953491
intersection:29, mean_episode_reward:0.0627778023481369, mean_queue:0.7222222089767456
intersection:30, mean_episode_reward:0.07722222805023193, mean_queue:0.8333333134651184
intersection:31, mean_episode_reward:0.02777777425944805, mean_queue:0.7777777910232544
episode:43/500, train_demand:raw_data/grid4x4/od_hubs/demand_set/train_03.rou.xml
step:1800/1800, q_loss:0.7381207942962646, rewards:-3.883334011501736, queue:5.568923611111111, delay:0.044473785824245875, throughput:786
episode:43/500, real avg travel time:196.1208651399491
intersection:0, mean_episode_reward:0.1338888704776764, mean_queue:9.583333015441895
intersection:1, mean_episode_reward:-0.020555563271045685, mean_queue:9.95555591583252
intersection:2, mean_episode_reward:-0.22111105918884277, mean_queue:10.166666984558105
intersection:3, mean_episode_reward:-0.17722223699092865, mean_queue:9.711111068725586
intersection:4, mean_episode_reward:-0.5555555820465088, mean_queue:10.961111068725586
intersection:5, mean_episode_reward:-0.8222222328186035, mean_queue:10.783333778381348
intersection:6, mean_episode_reward:-0.978333592414856, mean_queue:11.233333587646484
intersection:7, mean_episode_reward:0.033333323895931244, mean_queue:9.872221946716309
intersection:8, mean_episode_reward:0.09499996900558472, mean_queue:9.86111068725586
intersection:9, mean_episode_reward:-0.5066667795181274, mean_queue:10.583333015441895
intersection:10, mean_episode_reward:-1.119999885559082, mean_queue:11.505555152893066
intersection:11, mean_episode_reward:-0.30666664242744446, mean_queue:10.183333396911621
intersection:12, mean_episode_reward:0.15111109614372253, mean_queue:10.422222137451172
intersection:13, mean_episode_reward:-0.28999993205070496, mean_queue:10.672222137451172
intersection:14, mean_episode_reward:-0.2016666978597641, mean_queue:9.883333206176758
intersection:15, mean_episode_reward:-0.45222222805023193, mean_queue:10.061111450195312
intersection:16, mean_episode_reward:-0.04444444924592972, mean_queue:0.8055555820465088
intersection:17, mean_episode_reward:0.14833331108093262, mean_queue:0.9166666865348816
intersection:18, mean_episode_reward:0.13555556535720825, mean_queue:0.8111110925674438
intersection:19, mean_episode_reward:0.21333327889442444, mean_queue:0.8277778029441833
intersection:20, mean_episode_reward:0.05500001460313797, mean_queue:0.7944444417953491
intersection:21, mean_episode_reward:0.029999995604157448, mean_queue:0.8444444537162781
intersection:22, mean_episode_reward:-0.031111104413866997, mean_queue:0.8611111044883728
intersection:23, mean_episode_reward:-0.013333337381482124, mean_queue:0.7944444417953491
intersection:24, mean_episode_reward:0.10666663944721222, mean_queue:0.7944444417953491
intersection:25, mean_episode_reward:0.041666653007268906, mean_queue:0.8333333134651184
intersection:26, mean_episode_reward:0.05166667699813843, mean_queue:0.6166666746139526
intersection:27, mean_episode_reward:0.2455555647611618, mean_queue:0.7388888597488403
intersection:28, mean_episode_reward:0.23000003397464752, mean_queue:0.7944444417953491
intersection:29, mean_episode_reward:0.11222220212221146, mean_queue:0.7222222089767456
intersection:30, mean_episode_reward:0.05222221836447716, mean_queue:0.8333333134651184
intersection:31, mean_episode_reward:0.02222222089767456, mean_queue:0.7777777910232544
episode:44/500, train_demand:raw_data/grid4x4/od_hubs/demand_set/train_04.rou.xml
step:1800/1800, q_loss:0.7231840491294861, rewards:-3.1411112467447917, queue:5.501736111111111, delay:0.041411254141065806, throughput:695
episode:44/500, real avg travel time:194.5179856115108
intersection:0, mean_episode_reward:0.1850000023841858, mean_queue:9.55555534362793
intersection:1, mean_episode_reward:0.18777777254581451, mean_queue:9.76111125946045
intersection:2, mean_episode_reward:-0.26944443583488464, mean_queue:10.177778244018555
intersection:3, mean_episode_reward:-0.08777783066034317, mean_queue:9.661110877990723
intersection:4, mean_episode_reward:-0.01555552612990141, mean_queue:10.54444408416748
intersection:5, mean_episode_reward:-0.5838890075683594, mean_queue:10.594444274902344
intersection:6, mean_episode_reward:-1.0961110591888428, mean_queue:11.26111125946045
intersection:7, mean_episode_reward:0.11333340406417847, mean_queue:9.838889122009277
intersection:8, mean_episode_reward:-0.3683333098888397, mean_queue:9.855555534362793
intersection:9, mean_episode_reward:-0.4755556881427765, mean_queue:10.505555152893066
intersection:10, mean_episode_reward:-1.2949998378753662, mean_queue:11.338889122009277
intersection:11, mean_episode_reward:-0.3894444406032562, mean_queue:10.105555534362793
intersection:12, mean_episode_reward:0.3405556082725525, mean_queue:10.0
intersection:13, mean_episode_reward:-0.26777786016464233, mean_queue:10.266666412353516
intersection:14, mean_episode_reward:-0.09888890385627747, mean_queue:9.86111068725586
intersection:15, mean_episode_reward:-0.09833333641290665, mean_queue:9.961111068725586
intersection:16, mean_episode_reward:-0.05000000074505806, mean_queue:0.8055555820465088
intersection:17, mean_episode_reward:0.09277777373790741, mean_queue:0.9166666865348816
intersection:18, mean_episode_reward:0.05055556818842888, mean_queue:0.8111110925674438
intersection:19, mean_episode_reward:0.04944443702697754, mean_queue:0.8277778029441833
intersection:20, mean_episode_reward:0.059444453567266464, mean_queue:0.7944444417953491
intersection:21, mean_episode_reward:0.037222232669591904, mean_queue:0.8444444537162781
intersection:22, mean_episode_reward:0.18499991297721863, mean_queue:0.8611111044883728
intersection:23, mean_episode_reward:-0.013888891786336899, mean_queue:0.7944444417953491
intersection:24, mean_episode_reward:0.10888887196779251, mean_queue:0.7944444417953491
intersection:25, mean_episode_reward:0.06611111015081406, mean_queue:0.8333333134651184
intersection:26, mean_episode_reward:0.05277778208255768, mean_queue:0.6166666746139526
intersection:27, mean_episode_reward:0.028333323076367378, mean_queue:0.7388888597488403
intersection:28, mean_episode_reward:0.21166665852069855, mean_queue:0.7944444417953491
intersection:29, mean_episode_reward:0.060000017285346985, mean_queue:0.7222222089767456
intersection:30, mean_episode_reward:0.11499999463558197, mean_queue:0.8333333134651184
intersection:31, mean_episode_reward:0.02499999664723873, mean_queue:0.7777777910232544
episode:45/500, train_demand:raw_data/grid4x4/od_hubs/demand_set/train_05.rou.xml
step:1800/1800, q_loss:0.7203293442726135, rewards:-3.3427775065104166, queue:5.525520833333333, delay:0.042440366744995114, throughput:737
episode:45/500, real avg travel time:195.17774762550883
intersection:0, mean_episode_reward:0.2711111009120941, mean_queue:9.44444465637207
intersection:1, mean_episode_reward:0.0994444340467453, mean_queue:9.73888874053955
intersection:2, mean_episode_reward:-0.0161111019551754, mean_queue:9.933333396911621
intersection:3, mean_episode_reward:-0.25611117482185364, mean_queue:9.76111125946045
intersection:4, mean_episode_reward:-0.5916666388511658, mean_queue:10.711111068725586
intersection:5, mean_episode_reward:-0.7377777099609375, mean_queue:10.716666221618652
intersection:6, mean_episode_reward:-0.6283330917358398, mean_queue:10.70555591583252
intersection:7, mean_episode_reward:-0.14166659116744995, mean_queue:10.033333778381348
intersection:8, mean_episode_reward:-0.04388892278075218, mean_queue:9.816666603088379
intersection:9, mean_episode_reward:-0.6422223448753357, mean_queue:10.949999809265137
intersection:10, mean_episode_reward:-1.2533330917358398, mean_queue:11.461111068725586
intersection:11, mean_episode_reward:-0.18611110746860504, mean_queue:10.038888931274414
intersection:12, mean_episode_reward:0.24722228944301605, mean_queue:10.155555725097656
intersection:13, mean_episode_reward:-0.1788889318704605, mean_queue:10.48888874053955
intersection:14, mean_episode_reward:-0.37444448471069336, mean_queue:10.061111450195312
intersection:15, mean_episode_reward:-0.12166667729616165, mean_queue:10.033333778381348
intersection:16, mean_episode_reward:-0.05166666954755783, mean_queue:0.8055555820465088
intersection:17, mean_episode_reward:0.1361110955476761, mean_queue:0.9166666865348816
intersection:18, mean_episode_reward:0.11833333224058151, mean_queue:0.8111110925674438
intersection:19, mean_episode_reward:0.0694444477558136, mean_queue:0.8277778029441833
intersection:20, mean_episode_reward:0.08222223073244095, mean_queue:0.7944444417953491
intersection:21, mean_episode_reward:0.02499999664723873, mean_queue:0.8444444537162781
intersection:22, mean_episode_reward:-0.021111099049448967, mean_queue:0.8611111044883728
intersection:23, mean_episode_reward:-0.013333337381482124, mean_queue:0.7944444417953491
intersection:24, mean_episode_reward:0.10777775198221207, mean_queue:0.7944444417953491
intersection:25, mean_episode_reward:0.06000000238418579, mean_queue:0.8333333134651184
intersection:26, mean_episode_reward:0.09388890862464905, mean_queue:0.6166666746139526
intersection:27, mean_episode_reward:0.09277775883674622, mean_queue:0.7388888597488403
intersection:28, mean_episode_reward:0.31888875365257263, mean_queue:0.7944444417953491
intersection:29, mean_episode_reward:0.10722221434116364, mean_queue:0.7222222089767456
intersection:30, mean_episode_reward:0.05777778476476669, mean_queue:0.8333333134651184
intersection:31, mean_episode_reward:0.028333330526947975, mean_queue:0.7777777910232544
episode:46/500, train_demand:raw_data/grid4x4/od_hubs/demand_set/train_06.rou.xml
step:1800/1800, q_loss:0.7148834466934204, rewards:-3.4161112467447916, queue:5.5046875, delay:0.0422350353664822, throughput:729
episode:46/500, real avg travel time:192.3347050754458
intersection:0, mean_episode_reward:0.15833331644535065, mean_queue:9.516666412353516
intersection:1, mean_episode_reward:0.029999971389770508, mean_queue:9.727777481079102
intersection:2, mean_episode_reward:-0.09277772903442383, mean_queue:10.105555534362793
intersection:3, mean_episode_reward:-0.0061111534014344215, mean_queue:9.661110877990723
intersection:4, mean_episode_reward:0.07888886332511902, mean_queue:10.322221755981445
intersection:5, mean_episode_reward:-0.9733334183692932, mean_queue:10.427778244018555
intersection:6, mean_episode_reward:-0.7055555582046509, mean_queue:11.033333778381348
intersection:7, mean_episode_reward:0.006666611880064011, mean_queue:9.916666984558105
intersection:8, mean_episode_reward:-0.3683333396911621, mean_queue:9.877778053283691
intersection:9, mean_episode_reward:-0.4716666340827942, mean_queue:10.577777862548828
intersection:10, mean_episode_reward:-1.647777795791626, mean_queue:11.633333206176758
intersection:11, mean_episode_reward:-0.08666666597127914, mean_queue:9.905555725097656
intersection:12, mean_episode_reward:0.21999996900558472, mean_queue:10.300000190734863
intersection:13, mean_episode_reward:-0.23388879001140594, mean_queue:10.483333587646484
intersection:14, mean_episode_reward:-0.36944451928138733, mean_queue:10.077777862548828
intersection:15, mean_episode_reward:-0.029999971389770508, mean_queue:9.816666603088379
intersection:16, mean_episode_reward:-0.05166666954755783, mean_queue:0.8055555820465088
intersection:17, mean_episode_reward:0.12833330035209656, mean_queue:0.9166666865348816
intersection:18, mean_episode_reward:0.14277778565883636, mean_queue:0.8111110925674438
intersection:19, mean_episode_reward:0.07055556774139404, mean_queue:0.8277778029441833
intersection:20, mean_episode_reward:0.04000000283122063, mean_queue:0.7944444417953491
intersection:21, mean_episode_reward:0.018333332613110542, mean_queue:0.8444444537162781
intersection:22, mean_episode_reward:0.00500000873580575, mean_queue:0.8611111044883728
intersection:23, mean_episode_reward:-0.015000002458691597, mean_queue:0.7944444417953491
intersection:24, mean_episode_reward:0.10722219944000244, mean_queue:0.7944444417953491
intersection:25, mean_episode_reward:0.05055554211139679, mean_queue:0.8333333134651184
intersection:26, mean_episode_reward:0.13277778029441833, mean_queue:0.6166666746139526
intersection:27, mean_episode_reward:0.014999992214143276, mean_queue:0.7388888597488403
intersection:28, mean_episode_reward:0.25055551528930664, mean_queue:0.7944444417953491
intersection:29, mean_episode_reward:0.0672222301363945, mean_queue:0.7222222089767456
intersection:30, mean_episode_reward:0.08666668087244034, mean_queue:0.8333333134651184
intersection:31, mean_episode_reward:0.027222217991948128, mean_queue:0.7777777910232544
episode:47/500, train_demand:raw_data/grid4x4/od_hubs/demand_set/train_07.rou.xml
step:1800/1800, q_loss:0.7410481572151184, rewards:-3.9283338758680557, queue:5.513020833333333, delay:0.040607055028279625, throughput:751
episode:47/500, real avg travel time:194.46338215712385
intersection:0, mean_episode_reward:0.10888887196779251, mean_queue:9.477777481079102
intersection:1, mean_episode_reward:0.10611110180616379, mean_queue:9.73888874053955
intersection:2, mean_episode_reward:-0.26722222566604614, mean_queue:10.161110877990723
intersection:3, mean_episode_reward:-0.2038889080286026, mean_queue:9.73888874053955
intersection:4, mean_episode_reward:-0.32111111283302307, mean_queue:10.422222137451172
intersection:5, mean_episode_reward:-0.8911110162734985, mean_queue:10.427778244018555
intersection:6, mean_episode_reward:-0.4944446086883545, mean_queue:10.933333396911621
intersection:7, mean_episode_reward:0.11333334445953369, mean_queue:9.755555152893066
intersection:8, mean_episode_reward:-0.4888889193534851, mean_queue:9.927778244018555
intersection:9, mean_episode_reward:-0.9094445705413818, mean_queue:11.100000381469727
intersection:10, mean_episode_reward:-1.072222352027893, mean_queue:11.54444408416748
intersection:11, mean_episode_reward:-0.08277776837348938, mean_queue:9.811111450195312
intersection:12, mean_episode_reward:0.04722218960523605, mean_queue:10.222222328186035
intersection:13, mean_episode_reward:-0.08722221851348877, mean_queue:10.533333778381348
intersection:14, mean_episode_reward:-0.3250000774860382, mean_queue:10.005555152893066
intersection:15, mean_episode_reward:-0.15000008046627045, mean_queue:9.850000381469727
intersection:16, mean_episode_reward:-0.05277777090668678, mean_queue:0.8055555820465088
intersection:17, mean_episode_reward:0.13833333551883698, mean_queue:0.9166666865348816
intersection:18, mean_episode_reward:0.08777778595685959, mean_queue:0.8111110925674438
intersection:19, mean_episode_reward:0.06611111760139465, mean_queue:0.8277778029441833
intersection:20, mean_episode_reward:0.05444445461034775, mean_queue:0.7944444417953491
intersection:21, mean_episode_reward:0.05500000715255737, mean_queue:0.8444444537162781
intersection:22, mean_episode_reward:-0.039444442838430405, mean_queue:0.8611111044883728
intersection:23, mean_episode_reward:-0.01388888992369175, mean_queue:0.7944444417953491
intersection:24, mean_episode_reward:0.10888887196779251, mean_queue:0.7944444417953491
intersection:25, mean_episode_reward:0.05666665360331535, mean_queue:0.8333333134651184
intersection:26, mean_episode_reward:0.05833333358168602, mean_queue:0.6166666746139526
intersection:27, mean_episode_reward:0.07666666060686111, mean_queue:0.7388888597488403
intersection:28, mean_episode_reward:0.2938888370990753, mean_queue:0.7944444417953491
intersection:29, mean_episode_reward:0.06055556982755661, mean_queue:0.7222222089767456
intersection:30, mean_episode_reward:0.01888890191912651, mean_queue:0.8333333134651184
intersection:31, mean_episode_reward:0.019999999552965164, mean_queue:0.7777777910232544
episode:48/500, train_demand:raw_data/grid4x4/od_hubs/demand_set/train_08.rou.xml
step:1800/1800, q_loss:0.7515738606452942, rewards:-4.068889363606771, queue:5.5022569444444445, delay:0.03959036933051215, throughput:758
episode:48/500, real avg travel time:190.30079155672823
intersection:0, mean_episode_reward:-0.26055553555488586, mean_queue:9.94444465637207
intersection:1, mean_episode_reward:-0.11277773976325989, mean_queue:9.949999809265137
intersection:2, mean_episode_reward:-0.325000137090683, mean_queue:9.899999618530273
intersection:3, mean_episode_reward:0.11333339661359787, mean_queue:9.622221946716309
intersection:4, mean_episode_reward:-0.0011110928608104587, mean_queue:10.355555534362793
intersection:5, mean_episode_reward:-0.7388888001441956, mean_queue:10.483333587646484
intersection:6, mean_episode_reward:-0.5111112594604492, mean_queue:10.566666603088379
intersection:7, mean_episode_reward:-0.4549998939037323, mean_queue:10.038888931274414
intersection:8, mean_episode_reward:-0.15222224593162537, mean_queue:9.79444408416748
intersection:9, mean_episode_reward:-0.9305555820465088, mean_queue:10.783333778381348
intersection:10, mean_episode_reward:-1.339444875717163, mean_queue:11.45555591583252
intersection:11, mean_episode_reward:-0.24722228944301605, mean_queue:9.872221946716309
intersection:12, mean_episode_reward:0.33055558800697327, mean_queue:10.227777481079102
intersection:13, mean_episode_reward:-0.12833330035209656, mean_queue:10.311111450195312
intersection:14, mean_episode_reward:-0.5472223162651062, mean_queue:10.077777862548828
intersection:15, mean_episode_reward:-0.06444443762302399, mean_queue:9.922222137451172
intersection:16, mean_episode_reward:-0.03666666895151138, mean_queue:0.8055555820465088
intersection:17, mean_episode_reward:0.1711110919713974, mean_queue:0.9166666865348816
intersection:18, mean_episode_reward:0.06777778267860413, mean_queue:0.8111110925674438
intersection:19, mean_episode_reward:0.1250000149011612, mean_queue:0.8277778029441833
intersection:20, mean_episode_reward:0.022222228348255157, mean_queue:0.7944444417953491
intersection:21, mean_episode_reward:0.04555555805563927, mean_queue:0.8444444537162781
intersection:22, mean_episode_reward:-0.0027777671348303556, mean_queue:0.8611111044883728
intersection:23, mean_episode_reward:-0.004999998025596142, mean_queue:0.7944444417953491
intersection:24, mean_episode_reward:0.10722219944000244, mean_queue:0.7944444417953491
intersection:25, mean_episode_reward:0.03722221404314041, mean_queue:0.8333333134651184
intersection:26, mean_episode_reward:0.2222222238779068, mean_queue:0.6166666746139526
intersection:27, mean_episode_reward:0.07833332568407059, mean_queue:0.7388888597488403
intersection:28, mean_episode_reward:0.2933332622051239, mean_queue:0.7944444417953491
intersection:29, mean_episode_reward:0.056111130863428116, mean_queue:0.7222222089767456
intersection:30, mean_episode_reward:0.09222221374511719, mean_queue:0.8333333134651184
intersection:31, mean_episode_reward:0.027222217991948128, mean_queue:0.7777777910232544
episode:49/500, train_demand:raw_data/grid4x4/od_hubs/demand_set/train_09.rou.xml
step:1800/1800, q_loss:0.7138487696647644, rewards:-3.7449991861979166, queue:5.519444444444445, delay:0.04175420867072211, throughput:725
episode:49/500, real avg travel time:195.72137931034482
intersection:0, mean_episode_reward:0.1455555558204651, mean_queue:9.61111068725586
intersection:1, mean_episode_reward:0.18611109256744385, mean_queue:9.633333206176758
intersection:2, mean_episode_reward:-0.022777840495109558, mean_queue:9.933333396911621
intersection:3, mean_episode_reward:-0.061666667461395264, mean_queue:9.55555534362793
intersection:4, mean_episode_reward:0.04055555537343025, mean_queue:10.372221946716309
intersection:5, mean_episode_reward:-1.0244442224502563, mean_queue:10.483333587646484
intersection:6, mean_episode_reward:-1.035555124282837, mean_queue:11.25
intersection:7, mean_episode_reward:0.09611108899116516, mean_queue:9.916666984558105
intersection:8, mean_episode_reward:-0.4605556130409241, mean_queue:9.961111068725586
intersection:9, mean_episode_reward:-0.4599999785423279, mean_queue:10.88888931274414
intersection:10, mean_episode_reward:-1.4005553722381592, mean_queue:11.477777481079102
intersection:11, mean_episode_reward:0.031111018732190132, mean_queue:9.699999809265137
intersection:12, mean_episode_reward:0.09499996900558472, mean_queue:10.355555534362793
intersection:13, mean_episode_reward:0.0555555559694767, mean_queue:10.472222328186035
intersection:14, mean_episode_reward:-0.7261109352111816, mean_queue:10.23888874053955
intersection:15, mean_episode_reward:-0.25555557012557983, mean_queue:10.005555152893066
intersection:16, mean_episode_reward:-0.04444444924592972, mean_queue:0.8055555820465088
intersection:17, mean_episode_reward:0.08944444358348846, mean_queue:0.9166666865348816
intersection:18, mean_episode_reward:0.11166665703058243, mean_queue:0.8111110925674438
intersection:19, mean_episode_reward:0.24722221493721008, mean_queue:0.8277778029441833
intersection:20, mean_episode_reward:0.01555557083338499, mean_queue:0.7944444417953491
intersection:21, mean_episode_reward:0.056111130863428116, mean_queue:0.8444444537162781
intersection:22, mean_episode_reward:-0.019999992102384567, mean_queue:0.8611111044883728
intersection:23, mean_episode_reward:-0.015000002458691597, mean_queue:0.7944444417953491
intersection:24, mean_episode_reward:0.10888887196779251, mean_queue:0.7944444417953491
intersection:25, mean_episode_reward:0.02999999187886715, mean_queue:0.8333333134651184
intersection:26, mean_episode_reward:0.07055554538965225, mean_queue:0.6166666746139526
intersection:27, mean_episode_reward:0.05722222477197647, mean_queue:0.7388888597488403
intersection:28, mean_episode_reward:0.20333336293697357, mean_queue:0.7944444417953491
intersection:29, mean_episode_reward:0.07666664570569992, mean_queue:0.7222222089767456
intersection:30, mean_episode_reward:0.04333333671092987, mean_queue:0.8333333134651184
intersection:31, mean_episode_reward:0.021666666492819786, mean_queue:0.7777777910232544
episode:50/500, train_demand:raw_data/grid4x4/od_hubs/demand_set/train_00.rou.xml
step:1800/1800, q_loss:0.7135965824127197, rewards:-3.3288886176215278, queue:5.452604166666666, delay:0.03694300121731228, throughput:681
episode:50/500, real avg travel time:190.90161527165932
intersection:0, mean_episode_reward:0.1405555158853531, mean_queue:9.516666412353516
intersection:1, mean_episode_reward:-0.05722225457429886, mean_queue:9.76111125946045
intersection:2, mean_episode_reward:-0.3255555033683777, mean_queue:9.98888874053955
intersection:3, mean_episode_reward:-0.055555518716573715, mean_queue:9.561111450195312
intersection:4, mean_episode_reward:-0.18833330273628235, mean_queue:10.366666793823242
intersection:5, mean_episode_reward:-0.773888885974884, mean_queue:10.411110877990723
intersection:6, mean_episode_reward:-0.7599997520446777, mean_queue:10.683333396911621
intersection:7, mean_episode_reward:0.028333358466625214, mean_queue:9.850000381469727
intersection:8, mean_episode_reward:-0.23055553436279297, mean_queue:9.80555534362793
intersection:9, mean_episode_reward:-0.41333335638046265, mean_queue:10.38888931274414
intersection:10, mean_episode_reward:-1.2933332920074463, mean_queue:11.161110877990723
intersection:11, mean_episode_reward:-0.20777776837348938, mean_queue:9.894444465637207
intersection:12, mean_episode_reward:0.3694443106651306, mean_queue:10.155555725097656
intersection:13, mean_episode_reward:-0.19611108303070068, mean_queue:10.38888931274414
intersection:14, mean_episode_reward:-0.3655555248260498, mean_queue:9.949999809265137
intersection:15, mean_episode_reward:-0.13944442570209503, mean_queue:9.833333015441895
intersection:16, mean_episode_reward:-0.05277777090668678, mean_queue:0.8055555820465088
intersection:17, mean_episode_reward:0.1244443878531456, mean_queue:0.9166666865348816
intersection:18, mean_episode_reward:0.1383333057165146, mean_queue:0.8111110925674438
intersection:19, mean_episode_reward:0.13388893008232117, mean_queue:0.8277778029441833
intersection:20, mean_episode_reward:0.07222221791744232, mean_queue:0.7944444417953491
intersection:21, mean_episode_reward:0.06888891011476517, mean_queue:0.8444444537162781
intersection:22, mean_episode_reward:-0.029444437474012375, mean_queue:0.8611111044883728
intersection:23, mean_episode_reward:-0.014444448053836823, mean_queue:0.7944444417953491
intersection:24, mean_episode_reward:0.10777775198221207, mean_queue:0.7944444417953491
intersection:25, mean_episode_reward:0.03222221881151199, mean_queue:0.8333333134651184
intersection:26, mean_episode_reward:0.05000000447034836, mean_queue:0.6166666746139526
intersection:27, mean_episode_reward:0.0716666653752327, mean_queue:0.7388888597488403
intersection:28, mean_episode_reward:0.20277772843837738, mean_queue:0.7944444417953491
intersection:29, mean_episode_reward:0.069444440305233, mean_queue:0.7222222089767456
intersection:30, mean_episode_reward:0.14444445073604584, mean_queue:0.8333333134651184
intersection:31, mean_episode_reward:0.019999999552965164, mean_queue:0.7777777910232544
HELDOUT episode:50/500, demand:raw_data/grid4x4/od_hubs/demand_set/hold_00.rou.xml, travel time:193.9095966620306, rewards:-3.9411112467447915, queue:5.483680555555556, delay:0.03911970986260308, throughput:719
HELDOUT episode:50/500, demand:raw_data/grid4x4/od_hubs/demand_set/hold_01.rou.xml, travel time:193.91931216931218, rewards:-4.042778184678819, queue:5.5081597222222225, delay:0.04131619930267334, throughput:756
HELDOUT episode:50/500, demand:raw_data/grid4x4/od_hubs/demand_set/hold_02.rou.xml, travel time:189.12228260869566, rewards:-4.002777099609375, queue:5.488541666666666, delay:0.04026248190138075, throughput:736
HELDOUT_MEAN episode:50/500, travel time:192.31706381334615 (n=3)
new best ATT=192.32 at episode 50 (metric=heldout)
episode:51/500, train_demand:raw_data/grid4x4/od_hubs/demand_set/train_01.rou.xml
step:1800/1800, q_loss:0.6869385838508606, rewards:-3.3483334011501737, queue:5.481076388888889, delay:0.0387235164642334, throughput:720
episode:51/500, real avg travel time:191.31805555555556
intersection:0, mean_episode_reward:0.3588889241218567, mean_queue:9.477777481079102
intersection:1, mean_episode_reward:-0.11222220212221146, mean_queue:10.0
intersection:2, mean_episode_reward:-0.4261111319065094, mean_queue:10.077777862548828
intersection:3, mean_episode_reward:-0.0011110998457297683, mean_queue:9.577777862548828
intersection:4, mean_episode_reward:-0.4838889241218567, mean_queue:10.75
intersection:5, mean_episode_reward:-0.9122223854064941, mean_queue:10.572221755981445
intersection:6, mean_episode_reward:-0.6749998927116394, mean_queue:10.76111125946045
intersection:7, mean_episode_reward:0.02277778461575508, mean_queue:9.788888931274414
intersection:8, mean_episode_reward:-0.2644444704055786, mean_queue:9.69444465637207
intersection:9, mean_episode_reward:-0.1855555921792984, mean_queue:10.572221755981445
intersection:10, mean_episode_reward:-1.2622220516204834, mean_queue:11.161110877990723
intersection:11, mean_episode_reward:0.031111104413866997, mean_queue:9.79444408416748
intersection:12, mean_episode_reward:0.21666668355464935, mean_queue:10.016666412353516
intersection:13, mean_episode_reward:-0.3211109936237335, mean_queue:10.438888549804688
intersection:14, mean_episode_reward:-0.1733333021402359, mean_queue:9.88888931274414
intersection:15, mean_episode_reward:-0.25611111521720886, mean_queue:10.05555534362793
intersection:16, mean_episode_reward:-0.05277777090668678, mean_queue:0.8055555820465088
intersection:17, mean_episode_reward:0.10555554181337357, mean_queue:0.9166666865348816
intersection:18, mean_episode_reward:0.14499999582767487, mean_queue:0.8111110925674438
intersection:19, mean_episode_reward:0.06499999016523361, mean_queue:0.8277778029441833
intersection:20, mean_episode_reward:0.05777779221534729, mean_queue:0.7944444417953491
intersection:21, mean_episode_reward:0.04444446042180061, mean_queue:0.8444444537162781
intersection:22, mean_episode_reward:-0.023333322256803513, mean_queue:0.8611111044883728
intersection:23, mean_episode_reward:-0.012777774594724178, mean_queue:0.7944444417953491
intersection:24, mean_episode_reward:0.10666663944721222, mean_queue:0.7944444417953491
intersection:25, mean_episode_reward:0.06777779012918472, mean_queue:0.8333333134651184
intersection:26, mean_episode_reward:0.10611114650964737, mean_queue:0.6166666746139526
intersection:27, mean_episode_reward:0.00499999662861228, mean_queue:0.7388888597488403
intersection:28, mean_episode_reward:0.24722209572792053, mean_queue:0.7944444417953491
intersection:29, mean_episode_reward:0.13499996066093445, mean_queue:0.7222222089767456
intersection:30, mean_episode_reward:0.0716666653752327, mean_queue:0.8333333134651184
intersection:31, mean_episode_reward:0.027222217991948128, mean_queue:0.7777777910232544
episode:52/500, train_demand:raw_data/grid4x4/od_hubs/demand_set/train_02.rou.xml
step:1800/1800, q_loss:0.6947546005249023, rewards:-3.5238888210720485, queue:5.503645833333334, delay:0.04128491083780925, throughput:737
episode:52/500, real avg travel time:193.05563093622794
intersection:0, mean_episode_reward:0.4472222328186035, mean_queue:9.422222137451172
intersection:1, mean_episode_reward:0.1872222125530243, mean_queue:9.722222328186035
intersection:2, mean_episode_reward:-0.2777777910232544, mean_queue:10.083333015441895
intersection:3, mean_episode_reward:-0.055555518716573715, mean_queue:9.54444408416748
intersection:4, mean_episode_reward:-0.2799999415874481, mean_queue:10.438888549804688
intersection:5, mean_episode_reward:-0.9394442439079285, mean_queue:10.616666793823242
intersection:6, mean_episode_reward:-0.4616667330265045, mean_queue:10.622221946716309
intersection:7, mean_episode_reward:0.004444437101483345, mean_queue:9.699999809265137
intersection:8, mean_episode_reward:-0.6899999380111694, mean_queue:10.211111068725586
intersection:9, mean_episode_reward:-0.502777636051178, mean_queue:10.788888931274414
intersection:10, mean_episode_reward:-1.6844449043273926, mean_queue:11.633333206176758
intersection:11, mean_episode_reward:-0.13722220063209534, mean_queue:9.788888931274414
intersection:12, mean_episode_reward:0.041666653007268906, mean_queue:10.266666412353516
intersection:13, mean_episode_reward:-0.4861108958721161, mean_queue:10.777777671813965
intersection:14, mean_episode_reward:0.16111105680465698, mean_queue:9.994444847106934
intersection:15, mean_episode_reward:0.02111111953854561, mean_queue:9.73888874053955
intersection:16, mean_episode_reward:-0.05111110955476761, mean_queue:0.8055555820465088
intersection:17, mean_episode_reward:0.11166664958000183, mean_queue:0.9166666865348816
intersection:18, mean_episode_reward:0.2561110258102417, mean_queue:0.8111110925674438
intersection:19, mean_episode_reward:0.1577778309583664, mean_queue:0.8277778029441833
intersection:20, mean_episode_reward:0.03500001132488251, mean_queue:0.7944444417953491
intersection:21, mean_episode_reward:0.025555552914738655, mean_queue:0.8444444537162781
intersection:22, mean_episode_reward:-0.00999999139457941, mean_queue:0.8611111044883728
intersection:23, mean_episode_reward:-0.015000002458691597, mean_queue:0.7944444417953491
intersection:24, mean_episode_reward:0.10944442451000214, mean_queue:0.7944444417953491
intersection:25, mean_episode_reward:0.031111104413866997, mean_queue:0.8333333134651184
intersection:26, mean_episode_reward:0.09777779132127762, mean_queue:0.6166666746139526
intersection:27, mean_episode_reward:0.008888887241482735, mean_queue:0.7388888597488403
intersection:28, mean_episode_reward:0.2011111080646515, mean_queue:0.7944444417953491
intersection:29, mean_episode_reward:0.09611109644174576, mean_queue:0.7222222089767456
intersection:30, mean_episode_reward:0.04611111059784889, mean_queue:0.8333333134651184
intersection:31, mean_episode_reward:0.02777777425944805, mean_queue:0.7777777910232544
episode:53/500, train_demand:raw_data/grid4x4/od_hubs/demand_set/train_03.rou.xml
step:1800/1800, q_loss:0.6750309467315674, rewards:-3.966667005750868, queue:5.5315972222222225, delay:0.04288775655958388, throughput:782
episode:53/500, real avg travel time:193.15217391304347
intersection:0, mean_episode_reward:0.32944440841674805, mean_queue:9.527777671813965
intersection:1, mean_episode_reward:-0.12555551528930664, mean_queue:9.983333587646484
intersection:2, mean_episode_reward:-0.3488887846469879, mean_queue:10.19444465637207
intersection:3, mean_episode_reward:0.07388880848884583, mean_queue:9.577777862548828
intersection:4, mean_episode_reward:-0.3033333420753479, mean_queue:10.583333015441895
intersection:5, mean_episode_reward:-0.9772220253944397, mean_queue:10.661110877990723
intersection:6, mean_episode_reward:-1.1377778053283691, mean_queue:11.29444408416748
intersection:7, mean_episode_reward:0.07333334535360336, mean_queue:9.716666221618652
intersection:8, mean_episode_reward:0.014444445259869099, mean_queue:9.872221946716309
intersection:9, mean_episode_reward:-0.5505554676055908, mean_queue:10.766666412353516
intersection:10, mean_episode_reward:-1.4783333539962769, mean_queue:11.55555534362793
intersection:11, mean_episode_reward:0.009999986737966537, mean_queue:9.994444847106934
intersection:12, mean_episode_reward:-0.0972222313284874, mean_queue:10.427778244018555
intersection:13, mean_episode_reward:-0.08777777850627899, mean_queue:10.350000381469727
intersection:14, mean_episode_reward:-0.3605555593967438, mean_queue:9.899999618530273
intersection:15, mean_episode_reward:-0.22833333909511566, mean_queue:9.838889122009277
intersection:16, mean_episode_reward:-0.04555555805563927, mean_queue:0.8055555820465088
intersection:17, mean_episode_reward:0.14888888597488403, mean_queue:0.9166666865348816
intersection:18, mean_episode_reward:0.18222220242023468, mean_queue:0.8111110925674438
intersection:19, mean_episode_reward:0.18722222745418549, mean_queue:0.8277778029441833
intersection:20, mean_episode_reward:0.026111120358109474, mean_queue:0.7944444417953491
intersection:21, mean_episode_reward:0.03277777507901192, mean_queue:0.8444444537162781
intersection:22, mean_episode_reward:-0.033888883888721466, mean_queue:0.8611111044883728
intersection:23, mean_episode_reward:-0.015000002458691597, mean_queue:0.7944444417953491
intersection:24, mean_episode_reward:0.10666663944721222, mean_queue:0.7944444417953491
intersection:25, mean_episode_reward:0.031111108139157295, mean_queue:0.8333333134651184
intersection:26, mean_episode_reward:0.06444445997476578, mean_queue:0.6166666746139526
intersection:27, mean_episode_reward:0.06777777522802353, mean_queue:0.7388888597488403
intersection:28, mean_episode_reward:0.25722217559814453, mean_queue:0.7944444417953491
intersection:29, mean_episode_reward:0.11888885498046875, mean_queue:0.7222222089767456
intersection:30, mean_episode_reward:0.07722220569849014, mean_queue:0.8333333134651184
intersection:31, mean_episode_reward:0.021666664630174637, mean_queue:0.7777777910232544
episode:54/500, train_demand:raw_data/grid4x4/od_hubs/demand_set/train_04.rou.xml
step:1800/1800, q_loss:0.6071269512176514, rewards:-3.1461113823784723, queue:5.478993055555556, delay:0.038822979397243926, throughput:696
episode:54/500, real avg travel time:193.58045977011494
intersection:0, mean_episode_reward:0.49444442987442017, mean_queue:9.394444465637207
intersection:1, mean_episode_reward:0.016111109405755997, mean_queue:9.766666412353516
intersection:2, mean_episode_reward:-0.04388884827494621, mean_queue:10.022222518920898
intersection:3, mean_episode_reward:-0.15944446623325348, mean_queue:9.616666793823242
intersection:4, mean_episode_reward:-0.1644444316625595, mean_queue:10.366666793823242
intersection:5, mean_episode_reward:-0.9400001764297485, mean_queue:10.54444408416748
intersection:6, mean_episode_reward:-0.3894445300102234, mean_queue:10.783333778381348
intersection:7, mean_episode_reward:-0.21555563807487488, mean_queue:9.938888549804688
intersection:8, mean_episode_reward:-0.4488888680934906, mean_queue:9.899999618530273
intersection:9, mean_episode_reward:-0.1711110770702362, mean_queue:10.383333206176758
intersection:10, mean_episode_reward:-1.5933334827423096, mean_queue:11.45555591583252
intersection:11, mean_episode_reward:-0.2705555856227875, mean_queue:10.116666793823242
intersection:12, mean_episode_reward:0.21888887882232666, mean_queue:10.077777862548828
intersection:13, mean_episode_reward:-0.24000000953674316, mean_queue:10.344444274902344
intersection:14, mean_episode_reward:-0.33888891339302063, mean_queue:9.972222328186035
intersection:15, mean_episode_reward:0.07444446533918381, mean_queue:9.877778053283691
intersection:16, mean_episode_reward:-0.05111110955476761, mean_queue:0.8055555820465088
intersection:17, mean_episode_reward:0.08833333849906921, mean_queue:0.9166666865348816
intersection:18, mean_episode_reward:0.06444444507360458, mean_queue:0.8111110925674438
intersection:19, mean_episode_reward:0.056111108511686325, mean_queue:0.8277778029441833
intersection:20, mean_episode_reward:0.00444443803280592, mean_queue:0.7944444417953491
intersection:21, mean_episode_reward:0.04277778044342995, mean_queue:0.8444444537162781
intersection:22, mean_episode_reward:0.04111113399267197, mean_queue:0.8611111044883728
intersection:23, mean_episode_reward:-0.015000002458691597, mean_queue:0.7944444417953491
intersection:24, mean_episode_reward:0.10833331197500229, mean_queue:0.7944444417953491
intersection:25, mean_episode_reward:0.039999984204769135, mean_queue:0.8333333134651184
intersection:26, mean_episode_reward:0.09777781367301941, mean_queue:0.6166666746139526
intersection:27, mean_episode_reward:-0.006666671484708786, mean_queue:0.7388888597488403
intersection:28, mean_episode_reward:0.3049998879432678, mean_queue:0.7944444417953491
intersection:29, mean_episode_reward:0.0672222375869751, mean_queue:0.7222222089767456
intersection:30, mean_episode_reward:0.15833331644535065, mean_queue:0.8333333134651184
intersection:31, mean_episode_reward:0.024444442242383957, mean_queue:0.7777777910232544
episode:55/500, train_demand:raw_data/grid4x4/od_hubs/demand_set/train_05.rou.xml
step:1800/1800, q_loss:0.5842025279998779, rewards:-3.4861114501953123, queue:5.4977430555555555, delay:0.04059845076666938, throughput:740
episode:55/500, real avg travel time:193.57972972972973
intersection:0, mean_episode_reward:0.3377777338027954, mean_queue:9.561111450195312
intersection:1, mean_episode_reward:-0.12055553495883942, mean_queue:9.838889122009277
intersection:2, mean_episode_reward:-0.16444458067417145, mean_queue:9.922222137451172
intersection:3, mean_episode_reward:-0.07222220301628113, mean_queue:9.649999618530273
intersection:4, mean_episode_reward:-0.2872222363948822, mean_queue:10.594444274902344
intersection:5, mean_episode_reward:-0.8550000786781311, mean_queue:10.622221946716309
intersection:6, mean_episode_reward:-0.4766666889190674, mean_queue:10.633333206176758
intersection:7, mean_episode_reward:-0.1644444316625595, mean_queue:9.850000381469727
intersection:8, mean_episode_reward:-0.4838889539241791, mean_queue:9.966666221618652
intersection:9, mean_episode_reward:-0.6472221612930298, mean_queue:10.855555534362793
intersection:10, mean_episode_reward:-1.165555477142334, mean_queue:11.316666603088379
intersection:11, mean_episode_reward:-0.10055556893348694, mean_queue:9.905555725097656
intersection:12, mean_episode_reward:0.19333328306674957, mean_queue:10.155555725097656
intersection:13, mean_episode_reward:-0.12500004470348358, mean_queue:10.38888931274414
intersection:14, mean_episode_reward:-0.20944450795650482, mean_queue:10.01111125946045
intersection:15, mean_episode_reward:-0.17555558681488037, mean_queue:9.88888931274414
intersection:16, mean_episode_reward:-0.05166666954755783, mean_queue:0.8055555820465088
intersection:17, mean_episode_reward:0.10833331942558289, mean_queue:0.9166666865348816
intersection:18, mean_episode_reward:0.12388887256383896, mean_queue:0.8111110925674438
intersection:19, mean_episode_reward:0.11111114174127579, mean_queue:0.8277778029441833
intersection:20, mean_episode_reward:0.0438888855278492, mean_queue:0.7944444417953491
intersection:21, mean_episode_reward:0.027777785435318947, mean_queue:0.8444444537162781
intersection:22, mean_episode_reward:-0.027777772396802902, mean_queue:0.8611111044883728
intersection:23, mean_episode_reward:-0.015000002458691597, mean_queue:0.7944444417953491
intersection:24, mean_episode_reward:0.10777775198221207, mean_queue:0.7944444417953491
intersection:25, mean_episode_reward:0.06000000238418579, mean_queue:0.8333333134651184
intersection:26, mean_episode_reward:0.15388897061347961, mean_queue:0.6166666746139526
intersection:27, mean_episode_reward:0.0155555484816432, mean_queue:0.7388888597488403
intersection:28, mean_episode_reward:0.24277769029140472, mean_queue:0.7944444417953491
intersection:29, mean_episode_reward:0.07111110538244247, mean_queue:0.7222222089767456
intersection:30, mean_episode_reward:0.031111113727092743, mean_queue:0.8333333134651184
intersection:31, mean_episode_reward:0.02777777425944805, mean_queue:0.7777777910232544
episode:56/500, train_demand:raw_data/grid4x4/od_hubs/demand_set/train_06.rou.xml
step:1800/1800, q_loss:0.57569420337677, rewards:-3.3505557590060766, queue:5.5109375, delay:0.04148345788319906, throughput:733
episode:56/500, real avg travel time:195.23601637107777
intersection:0, mean_episode_reward:0.1294444352388382, mean_queue:9.566666603088379
intersection:1, mean_episode_reward:0.15222220122814178, mean_queue:9.722222328186035
intersection:2, mean_episode_reward:0.16388891637325287, mean_queue:10.094444274902344
intersection:3, mean_episode_reward:-0.10333335399627686, mean_queue:9.627778053283691
intersection:4, mean_episode_reward:0.05888889729976654, mean_queue:10.338889122009277
intersection:5, mean_episode_reward:-0.793889045715332, mean_queue:10.677778244018555
intersection:6, mean_episode_reward:-0.8322223424911499, mean_queue:11.355555534362793
intersection:7, mean_episode_reward:0.06666664779186249, mean_queue:9.811111450195312
intersection:8, mean_episode_reward:0.008333314210176468, mean_queue:9.73888874053955
intersection:9, mean_episode_reward:-0.4833332598209381, mean_queue:10.605555534362793
intersection:10, mean_episode_reward:-1.728888750076294, mean_queue:11.766666412353516
intersection:11, mean_episode_reward:-0.12388891726732254, mean_queue:9.866666793823242
intersection:12, mean_episode_reward:-0.002777768997475505, mean_queue:10.327777862548828
intersection:13, mean_episode_reward:-0.4144443869590759, mean_queue:10.416666984558105
intersection:14, mean_episode_reward:-0.10000008344650269, mean_queue:9.86111068725586
intersection:15, mean_episode_reward:-0.21388888359069824, mean_queue:9.80555534362793
intersection:16, mean_episode_reward:-0.05055555701255798, mean_queue:0.8055555820465088
intersection:17, mean_episode_reward:0.0994444191455841, mean_queue:0.9166666865348816
intersection:18, mean_episode_reward:0.10444443672895432, mean_queue:0.8111110925674438
intersection:19, mean_episode_reward:0.07388889789581299, mean_queue:0.8277778029441833
intersection:20, mean_episode_reward:0.028333326801657677, mean_queue:0.7944444417953491
intersection:21, mean_episode_reward:0.0072222244925796986, mean_queue:0.8444444537162781
intersection:22, mean_episode_reward:-0.01999998651444912, mean_queue:0.8611111044883728
intersection:23, mean_episode_reward:-0.015000002458691597, mean_queue:0.7944444417953491
intersection:24, mean_episode_reward:0.10722219944000244, mean_queue:0.7944444417953491
intersection:25, mean_episode_reward:0.07222224771976471, mean_queue:0.8333333134651184
intersection:26, mean_episode_reward:0.08944448828697205, mean_queue:0.6166666746139526
intersection:27, mean_episode_reward:-0.013333344832062721, mean_queue:0.7388888597488403
intersection:28, mean_episode_reward:0.2294444590806961, mean_queue:0.7944444417953491
intersection:29, mean_episode_reward:0.0738888755440712, mean_queue:0.7222222089767456
intersection:30, mean_episode_reward:0.052777789533138275, mean_queue:0.8333333134651184
intersection:31, mean_episode_reward:0.027222217991948128, mean_queue:0.7777777910232544
episode:57/500, train_demand:raw_data/grid4x4/od_hubs/demand_set/train_07.rou.xml
step:1800/1800, q_loss:0.5761080980300903, rewards:-3.863888888888889, queue:5.516666666666667, delay:0.04056665102640788, throughput:748
episode:57/500, real avg travel time:192.25133689839572
intersection:0, mean_episode_reward:0.44722217321395874, mean_queue:9.505555152893066
intersection:1, mean_episode_reward:0.2338888794183731, mean_queue:9.755555152893066
intersection:2, mean_episode_reward:-0.20722222328186035, mean_queue:10.244444847106934
intersection:3, mean_episode_reward:-0.18611103296279907, mean_queue:9.755555152893066
intersection:4, mean_episode_reward:-0.5494444966316223, mean_queue:10.55555534362793
intersection:5, mean_episode_reward:-0.9011110663414001, mean_queue:10.461111068725586
intersection:6, mean_episode_reward:-0.7488888502120972, mean_queue:11.183333396911621
intersection:7, mean_episode_reward:-0.004999988246709108, mean_queue:9.961111068725586
intersection:8, mean_episode_reward:-0.17444445192813873, mean_queue:9.677778244018555
intersection:9, mean_episode_reward:-0.852222204208374, mean_queue:10.822221755981445
intersection:10, mean_episode_reward:-1.138888955116272, mean_queue:11.25
intersection:11, mean_episode_reward:-0.0022222683764994144, mean_queue:9.811111450195312
intersection:12, mean_episode_reward:-0.2544444501399994, mean_queue:10.394444465637207
intersection:13, mean_episode_reward:-0.2172221690416336, mean_queue:10.51111125946045
intersection:14, mean_episode_reward:-0.09277775138616562, mean_queue:9.927778244018555
intersection:15, mean_episode_reward:-0.26055559515953064, mean_queue:9.949999809265137
intersection:16, mean_episode_reward:-0.05277777090668678, mean_queue:0.8055555820465088
intersection:17, mean_episode_reward:0.16555555164813995, mean_queue:0.9166666865348816
intersection:18, mean_episode_reward:0.10555556416511536, mean_queue:0.8111110925674438
intersection:19, mean_episode_reward:0.07055557519197464, mean_queue:0.8277778029441833
intersection:20, mean_episode_reward:0.042777787894010544, mean_queue:0.7944444417953491
intersection:21, mean_episode_reward:0.04944445192813873, mean_queue:0.8444444537162781
intersection:22, mean_episode_reward:-0.039444442838430405, mean_queue:0.8611111044883728
intersection:23, mean_episode_reward:-0.015000002458691597, mean_queue:0.7944444417953491
intersection:24, mean_episode_reward:0.10888887196779251, mean_queue:0.7944444417953491
intersection:25, mean_episode_reward:0.130000039935112, mean_queue:0.8333333134651184
intersection:26, mean_episode_reward:0.08500000089406967, mean_queue:0.6166666746139526
intersection:27, mean_episode_reward:0.029444435611367226, mean_queue:0.7388888597488403
intersection:28, mean_episode_reward:0.2566666007041931, mean_queue:0.7944444417953491
intersection:29, mean_episode_reward:0.05500001460313797, mean_queue:0.7222222089767456
intersection:30, mean_episode_reward:0.03333333879709244, mean_queue:0.8333333134651184
intersection:31, mean_episode_reward:0.02055555395781994, mean_queue:0.7777777910232544
episode:58/500, train_demand:raw_data/grid4x4/od_hubs/demand_set/train_08.rou.xml
step:1800/1800, q_loss:0.5728440284729004, rewards:-3.7188880072699653, queue:5.482638888888889, delay:0.03833518558078342, throughput:764
episode:58/500, real avg travel time:189.79450261780104
intersection:0, mean_episode_reward:0.2461111694574356, mean_queue:9.55555534362793
intersection:1, mean_episode_reward:0.03555552288889885, mean_queue:9.838889122009277
intersection:2, mean_episode_reward:-0.16222219169139862, mean_queue:9.961111068725586
intersection:3, mean_episode_reward:-0.0672222450375557, mean_queue:9.583333015441895
intersection:4, mean_episode_reward:0.12722225487232208, mean_queue:10.25
intersection:5, mean_episode_reward:-1.1733332872390747, mean_queue:10.683333396911621
intersection:6, mean_episode_reward:-0.6438887119293213, mean_queue:10.649999618530273
intersection:7, mean_episode_reward:-0.033888883888721466, mean_queue:9.633333206176758
intersection:8, mean_episode_reward:-0.1616666167974472, mean_queue:9.844444274902344
intersection:9, mean_episode_reward:-0.8605557084083557, mean_queue:10.872221946716309
intersection:10, mean_episode_reward:-1.5199997425079346, mean_queue:11.483333587646484
intersection:11, mean_episode_reward:-0.1733333319425583, mean_queue:9.800000190734863
intersection:12, mean_episode_reward:0.15666666626930237, mean_queue:10.30555534362793
intersection:13, mean_episode_reward:-0.21777775883674622, mean_queue:10.522222518920898
intersection:14, mean_episode_reward:-0.18333330750465393, mean_queue:9.86111068725586
intersection:15, mean_episode_reward:-0.14666666090488434, mean_queue:9.833333015441895
intersection:16, mean_episode_reward:-0.03666666895151138, mean_queue:0.8055555820465088
intersection:17, mean_episode_reward:0.1177777573466301, mean_queue:0.9166666865348816
intersection:18, mean_episode_reward:0.07333333790302277, mean_queue:0.8111110925674438
intersection:19, mean_episode_reward:0.14944447576999664, mean_queue:0.8277778029441833
intersection:20, mean_episode_reward:0.037222232669591904, mean_queue:0.7944444417953491
intersection:21, mean_episode_reward:0.03666668012738228, mean_queue:0.8444444537162781
intersection:22, mean_episode_reward:-0.003888877807185054, mean_queue:0.8611111044883728
intersection:23, mean_episode_reward:-0.002777775516733527, mean_queue:0.7944444417953491
intersection:24, mean_episode_reward:0.10777775198221207, mean_queue:0.7944444417953491
intersection:25, mean_episode_reward:0.03722221404314041, mean_queue:0.8333333134651184
intersection:26, mean_episode_reward:0.11666668951511383, mean_queue:0.6166666746139526
intersection:27, mean_episode_reward:0.044444430619478226, mean_queue:0.7388888597488403
intersection:28, mean_episode_reward:0.27388885617256165, mean_queue:0.7944444417953491
intersection:29, mean_episode_reward:0.0277777798473835, mean_queue:0.7222222089767456
intersection:30, mean_episode_reward:0.05166667699813843, mean_queue:0.8333333134651184
intersection:31, mean_episode_reward:0.02888888493180275, mean_queue:0.7777777910232544
episode:59/500, train_demand:raw_data/grid4x4/od_hubs/demand_set/train_09.rou.xml
step:1800/1800, q_loss:0.5655004978179932, rewards:-3.5183342827690973, queue:5.511979166666666, delay:0.04172529909345839, throughput:721
episode:59/500, real avg travel time:195.85298196948682
intersection:0, mean_episode_reward:0.31611108779907227, mean_queue:9.522222518920898
intersection:1, mean_episode_reward:0.21055549383163452, mean_queue:9.855555534362793
intersection:2, mean_episode_reward:-0.2400001585483551, mean_queue:10.166666984558105
intersection:3, mean_episode_reward:-0.0577777661383152, mean_queue:9.605555534362793
intersection:4, mean_episode_reward:-0.002222212962806225, mean_queue:10.288888931274414
intersection:5, mean_episode_reward:-1.1166667938232422, mean_queue:10.666666984558105
intersection:6, mean_episode_reward:-0.5372222661972046, mean_queue:10.727777481079102
intersection:7, mean_episode_reward:-0.0905555859208107, mean_queue:9.811111450195312
intersection:8, mean_episode_reward:-0.5961111187934875, mean_queue:10.083333015441895
intersection:9, mean_episode_reward:-0.5094444155693054, mean_queue:10.672222137451172
intersection:10, mean_episode_reward:-1.5944446325302124, mean_queue:11.766666412353516
intersection:11, mean_episode_reward:-0.25555557012557983, mean_queue:9.855555534362793
intersection:12, mean_episode_reward:0.09388888627290726, mean_queue:10.466666221618652
intersection:13, mean_episode_reward:0.1411111056804657, mean_queue:10.199999809265137
intersection:14, mean_episode_reward:-0.12833335995674133, mean_queue:10.072221755981445
intersection:15, mean_episode_reward:-0.148333340883255, mean_queue:9.855555534362793
intersection:16, mean_episode_reward:-0.04500000923871994, mean_queue:0.8055555820465088
intersection:17, mean_episode_reward:0.0855555608868599, mean_queue:0.9166666865348816
intersection:18, mean_episode_reward:0.11611110717058182, mean_queue:0.8111110925674438
intersection:19, mean_episode_reward:0.21666671335697174, mean_queue:0.8277778029441833
intersection:20, mean_episode_reward:0.028888892382383347, mean_queue:0.7944444417953491
intersection:21, mean_episode_reward:0.060555581003427505, mean_queue:0.8444444537162781
intersection:22, mean_episode_reward:0.011666671372950077, mean_queue:0.8611111044883728
intersection:23, mean_episode_reward:-0.015000002458691597, mean_queue:0.7944444417953491
intersection:24, mean_episode_reward:0.10833331197500229, mean_queue:0.7944444417953491
intersection:25, mean_episode_reward:0.02999999187886715, mean_queue:0.8333333134651184
intersection:26, mean_episode_reward:0.016111105680465698, mean_queue:0.6166666746139526
intersection:27, mean_episode_reward:0.016111105680465698, mean_queue:0.7388888597488403
intersection:28, mean_episode_reward:0.18388888239860535, mean_queue:0.7944444417953491
intersection:29, mean_episode_reward:0.06833332031965256, mean_queue:0.7222222089767456
intersection:30, mean_episode_reward:0.09111108630895615, mean_queue:0.8333333134651184
intersection:31, mean_episode_reward:0.02333333157002926, mean_queue:0.7777777910232544
episode:60/500, train_demand:raw_data/grid4x4/od_hubs/demand_set/train_00.rou.xml
step:1800/1800, q_loss:0.5621446967124939, rewards:-3.252222357855903, queue:5.449305555555555, delay:0.03568399747212728, throughput:692
episode:60/500, real avg travel time:189.52745664739885
intersection:0, mean_episode_reward:0.13166667520999908, mean_queue:9.51111125946045
intersection:1, mean_episode_reward:-0.06388889998197556, mean_queue:9.73888874053955
intersection:2, mean_episode_reward:-0.10222224146127701, mean_queue:9.95555591583252
intersection:3, mean_episode_reward:-0.034444425255060196, mean_queue:9.55555534362793
intersection:4, mean_episode_reward:-0.19777776300907135, mean_queue:10.300000190734863
intersection:5, mean_episode_reward:-0.4988887906074524, mean_queue:10.288888931274414
intersection:6, mean_episode_reward:-1.0250000953674316, mean_queue:10.855555534362793
intersection:7, mean_episode_reward:-0.03888886049389839, mean_queue:9.833333015441895
intersection:8, mean_episode_reward:-0.347777783870697, mean_queue:9.788888931274414
intersection:9, mean_episode_reward:-0.3761111795902252, mean_queue:10.494444847106934
intersection:10, mean_episode_reward:-1.2194441556930542, mean_queue:11.25
intersection:11, mean_episode_reward:0.01666668988764286, mean_queue:9.75
intersection:12, mean_episode_reward:0.2755555510520935, mean_queue:10.19444465637207
intersection:13, mean_episode_reward:-0.37611114978790283, mean_queue:10.422222137451172
intersection:14, mean_episode_reward:-0.1394444853067398, mean_queue:9.850000381469727
intersection:15, mean_episode_reward:-0.11722222715616226, mean_queue:9.822221755981445
intersection:16, mean_episode_reward:-0.05277777090668678, mean_queue:0.8055555820465088
intersection:17, mean_episode_reward:0.10944441705942154, mean_queue:0.9166666865348816
intersection:18, mean_episode_reward:0.09222221374511719, mean_queue:0.8111110925674438
intersection:19, mean_episode_reward:0.09111113101243973, mean_queue:0.8277778029441833
intersection:20, mean_episode_reward:0.05333332344889641, mean_queue:0.7944444417953491
intersection:21, mean_episode_reward:0.034444455057382584, mean_queue:0.8444444537162781
intersection:22, mean_episode_reward:-0.004999990109354258, mean_queue:0.8611111044883728
intersection:23, mean_episode_reward:-0.014444448053836823, mean_queue:0.7944444417953491
intersection:24, mean_episode_reward:0.10777775198221207, mean_queue:0.7944444417953491
intersection:25, mean_episode_reward:0.03166665881872177, mean_queue:0.8333333134651184
intersection:26, mean_episode_reward:0.06000000238418579, mean_queue:0.6166666746139526
intersection:27, mean_episode_reward:0.03555555269122124, mean_queue:0.7388888597488403
intersection:28, mean_episode_reward:0.17666664719581604, mean_queue:0.7944444417953491
intersection:29, mean_episode_reward:0.07499998062849045, mean_queue:0.7222222089767456
intersection:30, mean_episode_reward:0.04666667431592941, mean_queue:0.8333333134651184
intersection:31, mean_episode_reward:0.01944444142282009, mean_queue:0.7777777910232544
HELDOUT episode:60/500, demand:raw_data/grid4x4/od_hubs/demand_set/hold_00.rou.xml, travel time:193.10330578512398, rewards:-3.7772223578559028, queue:5.5055555555555555, delay:0.0406621774037679, throughput:726
HELDOUT episode:60/500, demand:raw_data/grid4x4/od_hubs/demand_set/hold_01.rou.xml, travel time:190.0184696569921, rewards:-3.5522223578559027, queue:5.490972222222222, delay:0.040264678001403806, throughput:758
HELDOUT episode:60/500, demand:raw_data/grid4x4/od_hubs/demand_set/hold_02.rou.xml, travel time:192.98908594815825, rewards:-3.868888685438368, queue:5.503472222222222, delay:0.04193299611409505, throughput:733
HELDOUT_MEAN episode:60/500, travel time:192.0369537967581 (n=3)
episode:61/500, train_demand:raw_data/grid4x4/od_hubs/demand_set/train_01.rou.xml
step:1800/1800, q_loss:0.5464581847190857, rewards:-3.3561106363932294, queue:5.501041666666667, delay:0.04032867219712999, throughput:721
episode:61/500, real avg travel time:192.76699029126215
intersection:0, mean_episode_reward:0.23555558919906616, mean_queue:9.69444465637207
intersection:1, mean_episode_reward:0.2088889479637146, mean_queue:9.850000381469727
intersection:2, mean_episode_reward:-0.27611106634140015, mean_queue:10.155555725097656
intersection:3, mean_episode_reward:-0.09166666865348816, mean_queue:9.69444465637207
intersection:4, mean_episode_reward:-0.05611110106110573, mean_queue:10.577777862548828
intersection:5, mean_episode_reward:-0.9722217917442322, mean_queue:10.661110877990723
intersection:6, mean_episode_reward:-0.6805552840232849, mean_queue:10.850000381469727
intersection:7, mean_episode_reward:-0.32833331823349, mean_queue:9.905555725097656
intersection:8, mean_episode_reward:-0.2549999952316284, mean_queue:9.76111125946045
intersection:9, mean_episode_reward:-0.593889057636261, mean_queue:10.583333015441895
intersection:10, mean_episode_reward:-1.3550002574920654, mean_queue:11.377778053283691
intersection:11, mean_episode_reward:0.17333340644836426, mean_queue:9.73888874053955
intersection:12, mean_episode_reward:0.3983333706855774, mean_queue:9.938888549804688
intersection:13, mean_episode_reward:-0.16722223162651062, mean_queue:10.283333778381348
intersection:14, mean_episode_reward:-0.2111111283302307, mean_queue:10.133333206176758
intersection:15, mean_episode_reward:-0.3588888943195343, mean_queue:10.061111450195312
intersection:16, mean_episode_reward:-0.05277777090668678, mean_queue:0.8055555820465088
intersection:17, mean_episode_reward:0.09222221374511719, mean_queue:0.9166666865348816
intersection:18, mean_episode_reward:0.10111111402511597, mean_queue:0.8111110925674438
intersection:19, mean_episode_reward:0.06555556505918503, mean_queue:0.8277778029441833
intersection:20, mean_episode_reward:0.04777779430150986, mean_queue:0.7944444417953491
intersection:21, mean_episode_reward:0.03777778893709183, mean_queue:0.8444444537162781
intersection:22, mean_episode_reward:-0.039444442838430405, mean_queue:0.8611111044883728
intersection:23, mean_episode_reward:-0.015000002458691597, mean_queue:0.7944444417953491
intersection:24, mean_episode_reward:0.10666663944721222, mean_queue:0.7944444417953491
intersection:25, mean_episode_reward:0.06111110746860504, mean_queue:0.8333333134651184
intersection:26, mean_episode_reward:0.12000001221895218, mean_queue:0.6166666746139526
intersection:27, mean_episode_reward:0.004999993368983269, mean_queue:0.7388888597488403
intersection:28, mean_episode_reward:0.2488888055086136, mean_queue:0.7944444417953491
intersection:29, mean_episode_reward:0.12166666239500046, mean_queue:0.7222222089767456
intersection:30, mean_episode_reward:0.04611111804842949, mean_queue:0.8333333134651184
intersection:31, mean_episode_reward:0.027222217991948128, mean_queue:0.7777777910232544
episode:62/500, train_demand:raw_data/grid4x4/od_hubs/demand_set/train_02.rou.xml
step:1800/1800, q_loss:0.5464144945144653, rewards:-3.2722215440538194, queue:5.532118055555555, delay:0.042741579479641384, throughput:735
episode:62/500, real avg travel time:192.3047619047619
intersection:0, mean_episode_reward:0.4033333957195282, mean_queue:9.494444847106934
intersection:1, mean_episode_reward:0.378888875246048, mean_queue:9.711111068725586
intersection:2, mean_episode_reward:-0.1111111119389534, mean_queue:9.994444847106934
intersection:3, mean_episode_reward:-0.09222223609685898, mean_queue:9.522222518920898
intersection:4, mean_episode_reward:-0.15222223103046417, mean_queue:10.427778244018555
intersection:5, mean_episode_reward:-1.0183333158493042, mean_queue:10.54444408416748
intersection:6, mean_episode_reward:-0.5805556774139404, mean_queue:10.833333015441895
intersection:7, mean_episode_reward:0.02611110545694828, mean_queue:9.79444408416748
intersection:8, mean_episode_reward:-0.7977777123451233, mean_queue:10.233333587646484
intersection:9, mean_episode_reward:-0.12055554986000061, mean_queue:10.777777671813965
intersection:10, mean_episode_reward:-1.834444284439087, mean_queue:11.927778244018555
intersection:11, mean_episode_reward:-0.08277777582406998, mean_queue:9.872221946716309
intersection:12, mean_episode_reward:-0.046666670590639114, mean_queue:10.494444847106934
intersection:13, mean_episode_reward:-0.3622220456600189, mean_queue:10.933333396911621
intersection:14, mean_episode_reward:0.23277780413627625, mean_queue:10.0
intersection:15, mean_episode_reward:-0.03666664659976959, mean_queue:9.699999809265137
intersection:16, mean_episode_reward:-0.05166666954755783, mean_queue:0.8055555820465088
intersection:17, mean_episode_reward:0.09388886392116547, mean_queue:0.9166666865348816
intersection:18, mean_episode_reward:0.101666659116745, mean_queue:0.8111110925674438
intersection:19, mean_episode_reward:0.10777781903743744, mean_queue:0.8277778029441833
intersection:20, mean_episode_reward:0.027777785435318947, mean_queue:0.7944444417953491
intersection:21, mean_episode_reward:0.01666666753590107, mean_queue:0.8444444537162781
intersection:22, mean_episode_reward:-0.0038888752460479736, mean_queue:0.8611111044883728
intersection:23, mean_episode_reward:-0.015000002458691597, mean_queue:0.7944444417953491
intersection:24, mean_episode_reward:0.10888887196779251, mean_queue:0.7944444417953491
intersection:25, mean_episode_reward:0.03166665881872177, mean_queue:0.8333333134651184
intersection:26, mean_episode_reward:0.08444445580244064, mean_queue:0.6166666746139526
intersection:27, mean_episode_reward:0.05666667968034744, mean_queue:0.7388888597488403
intersection:28, mean_episode_reward:0.17944444715976715, mean_queue:0.7944444417953491
intersection:29, mean_episode_reward:0.09555553644895554, mean_queue:0.7222222089767456
intersection:30, mean_episode_reward:0.06055556982755661, mean_queue:0.8333333134651184
intersection:31, mean_episode_reward:0.02777777425944805, mean_queue:0.7777777910232544
episode:63/500, train_demand:raw_data/grid4x4/od_hubs/demand_set/train_03.rou.xml
step:1800/1800, q_loss:0.5421587824821472, rewards:-3.6727776421440974, queue:5.537847222222222, delay:0.04299442238277859, throughput:789
episode:63/500, real avg travel time:193.39290240811152
intersection:0, mean_episode_reward:0.2711111307144165, mean_queue:9.588889122009277
intersection:1, mean_episode_reward:-0.18444444239139557, mean_queue:10.04444408416748
intersection:2, mean_episode_reward:-0.12111116945743561, mean_queue:10.26111125946045
intersection:3, mean_episode_reward:-0.15000000596046448, mean_queue:9.727777481079102
intersection:4, mean_episode_reward:-0.41111114621162415, mean_queue:10.600000381469727
intersection:5, mean_episode_reward:-1.230555534362793, mean_queue:10.727777481079102
intersection:6, mean_episode_reward:-0.5866667628288269, mean_queue:11.01111125946045
intersection:7, mean_episode_reward:-0.05388887599110603, mean_queue:9.894444465637207
intersection:8, mean_episode_reward:-0.12666667997837067, mean_queue:9.827777862548828
intersection:9, mean_episode_reward:-0.05388881266117096, mean_queue:10.505555152893066
intersection:10, mean_episode_reward:-1.4622220993041992, mean_queue:11.711111068725586
intersection:11, mean_episode_reward:-0.07666661590337753, mean_queue:9.98888874053955
intersection:12, mean_episode_reward:-0.06722220778465271, mean_queue:10.372221946716309
intersection:13, mean_episode_reward:-0.3033332824707031, mean_queue:10.5
intersection:14, mean_episode_reward:-0.17833329737186432, mean_queue:9.905555725097656
intersection:15, mean_episode_reward:-0.15999993681907654, mean_queue:9.777777671813965
intersection:16, mean_episode_reward:-0.04555555805563927, mean_queue:0.8055555820465088
intersection:17, mean_episode_reward:0.2199999988079071, mean_queue:0.9166666865348816
intersection:18, mean_episode_reward:0.15611110627651215, mean_queue:0.8111110925674438
intersection:19, mean_episode_reward:0.17722223699092865, mean_queue:0.8277778029441833
intersection:20, mean_episode_reward:0.024444453418254852, mean_queue:0.7944444417953491
intersection:21, mean_episode_reward:0.03277777135372162, mean_queue:0.8444444537162781
intersection:22, mean_episode_reward:-0.027777770534157753, mean_queue:0.8611111044883728
intersection:23, mean_episode_reward:-0.015000002458691597, mean_queue:0.7944444417953491
intersection:24, mean_episode_reward:0.10666663944721222, mean_queue:0.7944444417953491
intersection:25, mean_episode_reward:0.030555550009012222, mean_queue:0.8333333134651184
intersection:26, mean_episode_reward:0.05722223222255707, mean_queue:0.6166666746139526
intersection:27, mean_episode_reward:0.04333333298563957, mean_queue:0.7388888597488403
intersection:28, mean_episode_reward:0.2405555099248886, mean_queue:0.7944444417953491
intersection:29, mean_episode_reward:0.13944441080093384, mean_queue:0.7222222089767456
intersection:30, mean_episode_reward:0.06055556237697601, mean_queue:0.8333333134651184
intersection:31, mean_episode_reward:0.021666666492819786, mean_queue:0.7777777910232544
episode:64/500, train_demand:raw_data/grid4x4/od_hubs/demand_set/train_04.rou.xml
step:1800/1800, q_loss:0.5413600206375122, rewards:-2.982222493489583, queue:5.4684027777777775, delay:0.039235692554050024, throughput:696
episode:64/500, real avg travel time:190.757183908046
intersection:0, mean_episode_reward:0.36888882517814636, mean_queue:9.449999809265137
intersection:1, mean_episode_reward:0.06388887017965317, mean_queue:9.844444274902344
intersection:2, mean_episode_reward:-0.031666722148656845, mean_queue:9.983333587646484
intersection:3, mean_episode_reward:-0.11555555462837219, mean_queue:9.666666984558105
intersection:4, mean_episode_reward:-0.3311111330986023, mean_queue:10.616666793823242
intersection:5, mean_episode_reward:-0.9350000023841858, mean_queue:10.48888874053955
intersection:6, mean_episode_reward:-0.49222221970558167, mean_queue:10.48888874053955
intersection:7, mean_episode_reward:-0.11555559188127518, mean_queue:9.949999809265137
intersection:8, mean_episode_reward:-0.20277777314186096, mean_queue:9.772222518920898
intersection:9, mean_episode_reward:-0.38222235441207886, mean_queue:10.54444408416748
intersection:10, mean_episode_reward:-1.0399998426437378, mean_queue:11.166666984558105
intersection:11, mean_episode_reward:-0.3816666603088379, mean_queue:10.133333206176758
intersection:12, mean_episode_reward:0.2533333897590637, mean_queue:10.04444408416748
intersection:13, mean_episode_reward:-0.21555554866790771, mean_queue:10.211111068725586
intersection:14, mean_episode_reward:-0.30888867378234863, mean_queue:9.983333587646484
intersection:15, mean_episode_reward:-0.06388890743255615, mean_queue:9.877778053283691
intersection:16, mean_episode_reward:-0.05111110955476761, mean_queue:0.8055555820465088
intersection:17, mean_episode_reward:0.08722222596406937, mean_queue:0.9166666865348816
intersection:18, mean_episode_reward:0.048333339393138885, mean_queue:0.8111110925674438
intersection:19, mean_episode_reward:0.05944444239139557, mean_queue:0.8277778029441833
intersection:20, mean_episode_reward:-0.0038888934068381786, mean_queue:0.7944444417953491
intersection:21, mean_episode_reward:0.05500000715255737, mean_queue:0.8444444537162781
intersection:22, mean_episode_reward:0.0488889180123806, mean_queue:0.8611111044883728
intersection:23, mean_episode_reward:-0.015000002458691597, mean_queue:0.7944444417953491
intersection:24, mean_episode_reward:0.10888887196779251, mean_queue:0.7944444417953491
intersection:25, mean_episode_reward:0.03833332285284996, mean_queue:0.8333333134651184
intersection:26, mean_episode_reward:0.09500003606081009, mean_queue:0.6166666746139526
intersection:27, mean_episode_reward:-0.008333336561918259, mean_queue:0.7388888597488403
intersection:28, mean_episode_reward:0.2544443905353546, mean_queue:0.7944444417953491
intersection:29, mean_episode_reward:0.051666684448719025, mean_queue:0.7222222089767456
intersection:30, mean_episode_reward:0.15388886630535126, mean_queue:0.8333333134651184
intersection:31, mean_episode_reward:0.02499999664723873, mean_queue:0.7777777910232544
episode:65/500, train_demand:raw_data/grid4x4/od_hubs/demand_set/train_05.rou.xml
step:1800/1800, q_loss:0.537998378276825, rewards:-3.227777099609375, queue:5.497222222222222, delay:0.04157862663269043, throughput:733
episode:65/500, real avg travel time:192.0368349249659
intersection:0, mean_episode_reward:0.22333335876464844, mean_queue:9.577777862548828
intersection:1, mean_episode_reward:0.12111112475395203, mean_queue:9.722222328186035
intersection:2, mean_episode_reward:-0.15944449603557587, mean_queue:9.933333396911621
intersection:3, mean_episode_reward:-0.15000000596046448, mean_queue:9.655555725097656
intersection:4, mean_episode_reward:-0.20999997854232788, mean_queue:10.433333396911621
intersection:5, mean_episode_reward:-0.9088888168334961, mean_queue:10.427778244018555
intersection:6, mean_episode_reward:-0.5833331942558289, mean_queue:10.73888874053955
intersection:7, mean_episode_reward:0.26777786016464233, mean_queue:9.800000190734863
intersection:8, mean_episode_reward:-0.5388889908790588, mean_queue:10.11111068725586
intersection:9, mean_episode_reward:-0.6977776288986206, mean_queue:10.877778053283691
intersection:10, mean_episode_reward:-0.9472218155860901, mean_queue:11.166666984558105
intersection:11, mean_episode_reward:-0.4099999666213989, mean_queue:10.149999618530273
intersection:12, mean_episode_reward:0.35333338379859924, mean_queue:10.233333587646484
intersection:13, mean_episode_reward:-0.21111111342906952, mean_queue:10.449999809265137
intersection:14, mean_episode_reward:-0.300555557012558, mean_queue:9.922222137451172
intersection:15, mean_episode_reward:-0.12444443255662918, mean_queue:9.94444465637207
intersection:16, mean_episode_reward:-0.05055555701255798, mean_queue:0.8055555820465088
intersection:17, mean_episode_reward:0.1111110970377922, mean_queue:0.9166666865348816
intersection:18, mean_episode_reward:0.2055555284023285, mean_queue:0.8111110925674438
intersection:19, mean_episode_reward:0.10000000894069672, mean_queue:0.8277778029441833
intersection:20, mean_episode_reward:0.02777777798473835, mean_queue:0.7944444417953491
intersection:21, mean_episode_reward:0.03500001132488251, mean_queue:0.8444444537162781
intersection:22, mean_episode_reward:-0.021111099049448967, mean_queue:0.8611111044883728
intersection:23, mean_episode_reward:-0.015000002458691597, mean_queue:0.7944444417953491
intersection:24, mean_episode_reward:0.10833331197500229, mean_queue:0.7944444417953491
intersection:25, mean_episode_reward:0.08777777850627899, mean_queue:0.8333333134651184
intersection:26, mean_episode_reward:0.07444443553686142, mean_queue:0.6166666746139526
intersection:27, mean_episode_reward:0.008333329111337662, mean_queue:0.7388888597488403
intersection:28, mean_episode_reward:0.28444433212280273, mean_queue:0.7944444417953491
intersection:29, mean_episode_reward:0.050000011920928955, mean_queue:0.7222222089767456
intersection:30, mean_episode_reward:0.01500000525265932, mean_queue:0.8333333134651184
intersection:31, mean_episode_reward:0.027222217991948128, mean_queue:0.7777777910232544
episode:66/500, train_demand:raw_data/grid4x4/od_hubs/demand_set/train_06.rou.xml
step:1800/1800, q_loss:0.5358097553253174, rewards:-3.2161109076605903, queue:5.486979166666667, delay:0.04082518683539497, throughput:734
episode:66/500, real avg travel time:192.47275204359673
intersection:0, mean_episode_reward:0.23444445431232452, mean_queue:9.505555152893066
intersection:1, mean_episode_reward:-0.1000000387430191, mean_queue:9.844444274902344
intersection:2, mean_episode_reward:-0.021666664630174637, mean_queue:10.077777862548828
intersection:3, mean_episode_reward:-0.16777777671813965, mean_queue:9.73888874053955
intersection:4, mean_episode_reward:0.10222224146127701, mean_queue:10.322221755981445
intersection:5, mean_episode_reward:-0.7361111044883728, mean_queue:10.350000381469727
intersection:6, mean_episode_reward:-0.7955556511878967, mean_queue:10.966666221618652
intersection:7, mean_episode_reward:-0.07666664570569992, mean_queue:9.733333587646484
intersection:8, mean_episode_reward:-0.19388887286186218, mean_queue:9.666666984558105
intersection:9, mean_episode_reward:-0.4649999737739563, mean_queue:10.54444408416748
intersection:10, mean_episode_reward:-1.3622220754623413, mean_queue:11.516666412353516
intersection:11, mean_episode_reward:0.06666667014360428, mean_queue:9.827777862548828
intersection:12, mean_episode_reward:0.01888887956738472, mean_queue:10.300000190734863
intersection:13, mean_episode_reward:-0.2500000298023224, mean_queue:10.550000190734863
intersection:14, mean_episode_reward:-0.3088889420032501, mean_queue:10.005555152893066
intersection:15, mean_episode_reward:-0.22333337366580963, mean_queue:9.866666793823242
intersection:16, mean_episode_reward:-0.05055555701255798, mean_queue:0.8055555820465088
intersection:17, mean_episode_reward:0.10833331942558289, mean_queue:0.9166666865348816
intersection:18, mean_episode_reward:0.15944448113441467, mean_queue:0.8111110925674438
intersection:19, mean_episode_reward:0.0905555710196495, mean_queue:0.8277778029441833
intersection:20, mean_episode_reward:0.016111113131046295, mean_queue:0.7944444417953491
intersection:21, mean_episode_reward:0.01055555697530508, mean_queue:0.8444444537162781
intersection:22, mean_episode_reward:-0.028888879343867302, mean_queue:0.8611111044883728
intersection:23, mean_episode_reward:-0.015000002458691597, mean_queue:0.7944444417953491
intersection:24, mean_episode_reward:0.10722219944000244, mean_queue:0.7944444417953491
intersection:25, mean_episode_reward:0.08055557310581207, mean_queue:0.8333333134651184
intersection:26, mean_episode_reward:0.16333335638046265, mean_queue:0.6166666746139526
intersection:27, mean_episode_reward:-0.0005555546376854181, mean_queue:0.7388888597488403
intersection:28, mean_episode_reward:0.2272222340106964, mean_queue:0.7944444417953491
intersection:29, mean_episode_reward:0.0650000125169754, mean_queue:0.7222222089767456
intersection:30, mean_episode_reward:0.10055552423000336, mean_queue:0.8333333134651184
intersection:31, mean_episode_reward:0.028888888657093048, mean_queue:0.7777777910232544
episode:67/500, train_demand:raw_data/grid4x4/od_hubs/demand_set/train_07.rou.xml
step:1800/1800, q_loss:0.5346211194992065, rewards:-3.7155554877387154, queue:5.489409722222222, delay:0.039595005247328015, throughput:752
episode:67/500, real avg travel time:189.4215425531915
intersection:0, mean_episode_reward:0.40444445610046387, mean_queue:9.44444465637207
intersection:1, mean_episode_reward:0.059444449841976166, mean_queue:9.744444847106934
intersection:2, mean_episode_reward:-0.09166661649942398, mean_queue:10.122221946716309
intersection:3, mean_episode_reward:-0.2938889265060425, mean_queue:9.811111450195312
intersection:4, mean_episode_reward:-0.4016667306423187, mean_queue:10.51111125946045
intersection:5, mean_episode_reward:-0.9083330631256104, mean_queue:10.327777862548828
intersection:6, mean_episode_reward:-0.9283333420753479, mean_queue:11.127778053283691
intersection:7, mean_episode_reward:0.2216666340827942, mean_queue:9.80555534362793
intersection:8, mean_episode_reward:-0.23777775466442108, mean_queue:9.616666793823242
intersection:9, mean_episode_reward:-0.6944442987442017, mean_queue:10.550000190734863
intersection:10, mean_episode_reward:-1.1777781248092651, mean_queue:11.355555534362793
intersection:11, mean_episode_reward:0.09555551409721375, mean_queue:9.98888874053955
intersection:12, mean_episode_reward:-0.14944441616535187, mean_queue:10.277777671813965
intersection:13, mean_episode_reward:-0.20888885855674744, mean_queue:10.383333206176758
intersection:14, mean_episode_reward:-0.16388896107673645, mean_queue:9.86111068725586
intersection:15, mean_episode_reward:-0.30888882279396057, mean_queue:9.966666221618652
intersection:16, mean_episode_reward:-0.05277777090668678, mean_queue:0.8055555820465088
intersection:17, mean_episode_reward:0.1505555361509323, mean_queue:0.9166666865348816
intersection:18, mean_episode_reward:0.07888888567686081, mean_queue:0.8111110925674438
intersection:19, mean_episode_reward:0.06333333998918533, mean_queue:0.8277778029441833
intersection:20, mean_episode_reward:0.041666679084300995, mean_queue:0.7944444417953491
intersection:21, mean_episode_reward:0.06444445252418518, mean_queue:0.8444444537162781
intersection:22, mean_episode_reward:-0.023888876661658287, mean_queue:0.8611111044883728
intersection:23, mean_episode_reward:-0.015000002458691597, mean_queue:0.7944444417953491
intersection:24, mean_episode_reward:0.10944442451000214, mean_queue:0.7944444417953491
intersection:25, mean_episode_reward:0.1044444739818573, mean_queue:0.8333333134651184
intersection:26, mean_episode_reward:0.08611108362674713, mean_queue:0.6166666746139526
intersection:27, mean_episode_reward:0.03722221404314041, mean_queue:0.7388888597488403
intersection:28, mean_episode_reward:0.2894443869590759, mean_queue:0.7944444417953491
intersection:29, mean_episode_reward:0.044444456696510315, mean_queue:0.7222222089767456
intersection:30, mean_episode_reward:0.06888889521360397, mean_queue:0.8333333134651184
intersection:31, mean_episode_reward:0.021111110225319862, mean_queue:0.7777777910232544
episode:68/500, train_demand:raw_data/grid4x4/od_hubs/demand_set/train_08.rou.xml
step:1800/1800, q_loss:0.5341824293136597, rewards:-3.7177775065104166, queue:5.4921875, delay:0.03880268202887641, throughput:758
episode:68/500, real avg travel time:188.60554089709763
intersection:0, mean_episode_reward:0.1638888716697693, mean_queue:9.649999618530273
intersection:1, mean_episode_reward:0.049999989569187164, mean_queue:9.838889122009277
intersection:2, mean_episode_reward:-0.3155556619167328, mean_queue:10.038888931274414
intersection:3, mean_episode_reward:-0.15333327651023865, mean_queue:9.73888874053955
intersection:4, mean_episode_reward:-0.3111111521720886, mean_queue:10.533333778381348
intersection:5, mean_episode_reward:-0.752777636051178, mean_queue:10.411110877990723
intersection:6, mean_episode_reward:-0.621666431427002, mean_queue:10.627778053283691
intersection:7, mean_episode_reward:-0.1761111468076706, mean_queue:9.772222518920898
intersection:8, mean_episode_reward:-0.2522222101688385, mean_queue:9.877778053283691
intersection:9, mean_episode_reward:-0.8027777671813965, mean_queue:10.755555152893066
intersection:10, mean_episode_reward:-1.4544447660446167, mean_queue:11.583333015441895
intersection:11, mean_episode_reward:-0.0038888927083462477, mean_queue:9.777777671813965
intersection:12, mean_episode_reward:0.32111114263534546, mean_queue:10.144444465637207
intersection:13, mean_episode_reward:-0.11888884752988815, mean_queue:10.427778244018555
intersection:14, mean_episode_reward:-0.43555548787117004, mean_queue:10.033333778381348
intersection:15, mean_episode_reward:-0.029999984428286552, mean_queue:9.772222518920898
intersection:16, mean_episode_reward:-0.03666666895151138, mean_queue:0.8055555820465088
intersection:17, mean_episode_reward:0.1338888704776764, mean_queue:0.9166666865348816
intersection:18, mean_episode_reward:0.0716666728258133, mean_queue:0.8111110925674438
intersection:19, mean_episode_reward:0.11611112952232361, mean_queue:0.8277778029441833
intersection:20, mean_episode_reward:0.032777782529592514, mean_queue:0.7944444417953491
intersection:21, mean_episode_reward:0.032777782529592514, mean_queue:0.8444444537162781
intersection:22, mean_episode_reward:0.012777785770595074, mean_queue:0.8611111044883728
intersection:23, mean_episode_reward:-0.005555553827434778, mean_queue:0.7944444417953491
intersection:24, mean_episode_reward:0.10833331197500229, mean_queue:0.7944444417953491
intersection:25, mean_episode_reward:0.03722221404314041, mean_queue:0.8333333134651184
intersection:26, mean_episode_reward:0.11388891935348511, mean_queue:0.6166666746139526
intersection:27, mean_episode_reward:0.1016666442155838, mean_queue:0.7388888597488403
intersection:28, mean_episode_reward:0.3072221875190735, mean_queue:0.7944444417953491
intersection:29, mean_episode_reward:0.07277777045965195, mean_queue:0.7222222089767456
intersection:30, mean_episode_reward:0.04833333194255829, mean_queue:0.8333333134651184
intersection:31, mean_episode_reward:0.028333330526947975, mean_queue:0.7777777910232544
episode:69/500, train_demand:raw_data/grid4x4/od_hubs/demand_set/train_09.rou.xml
step:1800/1800, q_loss:0.5314037799835205, rewards:-3.316666666666667, queue:5.510763888888889, delay:0.04139163229200575, throughput:720
episode:69/500, real avg travel time:192.5263888888889
intersection:0, mean_episode_reward:0.5494444370269775, mean_queue:9.477777481079102
intersection:1, mean_episode_reward:0.24888886511325836, mean_queue:9.827777862548828
intersection:2, mean_episode_reward:-0.1905556172132492, mean_queue:10.233333587646484
intersection:3, mean_episode_reward:0.016666634008288383, mean_queue:9.477777481079102
intersection:4, mean_episode_reward:-0.3550000488758087, mean_queue:10.744444847106934
intersection:5, mean_episode_reward:-0.9183335304260254, mean_queue:10.438888549804688
intersection:6, mean_episode_reward:-0.8372220993041992, mean_queue:10.73888874053955
intersection:7, mean_episode_reward:0.051111072301864624, mean_queue:9.588889122009277
intersection:8, mean_episode_reward:-0.46944454312324524, mean_queue:10.177778244018555
intersection:9, mean_episode_reward:-0.42999976873397827, mean_queue:10.716666221618652
intersection:10, mean_episode_reward:-1.5494440793991089, mean_queue:11.550000190734863
intersection:11, mean_episode_reward:0.273333340883255, mean_queue:9.822221755981445
intersection:12, mean_episode_reward:0.36222219467163086, mean_queue:10.13888931274414
intersection:13, mean_episode_reward:-0.12388889491558075, mean_queue:10.394444465637207
intersection:14, mean_episode_reward:-0.3649998903274536, mean_queue:10.04444408416748
intersection:15, mean_episode_reward:-0.43722230195999146, mean_queue:10.20555591583252
intersection:16, mean_episode_reward:-0.03888889029622078, mean_queue:0.8055555820465088
intersection:17, mean_episode_reward:0.08388888835906982, mean_queue:0.9166666865348816
intersection:18, mean_episode_reward:0.08611111342906952, mean_queue:0.8111110925674438
intersection:19, mean_episode_reward:0.18611115217208862, mean_queue:0.8277778029441833
intersection:20, mean_episode_reward:0.01611112430691719, mean_queue:0.7944444417953491
intersection:21, mean_episode_reward:0.06111113354563713, mean_queue:0.8444444537162781
intersection:22, mean_episode_reward:-0.016666658222675323, mean_queue:0.8611111044883728
intersection:23, mean_episode_reward:-0.015000002458691597, mean_queue:0.7944444417953491
intersection:24, mean_episode_reward:0.10777775198221207, mean_queue:0.7944444417953491
intersection:25, mean_episode_reward:0.02999999187886715, mean_queue:0.8333333134651184
intersection:26, mean_episode_reward:0.04444444552063942, mean_queue:0.6166666746139526
intersection:27, mean_episode_reward:0.02500000037252903, mean_queue:0.7388888597488403
intersection:28, mean_episode_reward:0.16111111640930176, mean_queue:0.7944444417953491
intersection:29, mean_episode_reward:0.06499998271465302, mean_queue:0.7222222089767456
intersection:30, mean_episode_reward:0.041111115366220474, mean_queue:0.8333333134651184
intersection:31, mean_episode_reward:0.02055555023252964, mean_queue:0.7777777910232544
episode:70/500, train_demand:raw_data/grid4x4/od_hubs/demand_set/train_00.rou.xml
step:1800/1800, q_loss:0.528629720211029, rewards:-3.1077779134114585, queue:5.448611111111111, delay:0.035930999120076496, throughput:686
episode:70/500, real avg travel time:188.05393586005832
intersection:0, mean_episode_reward:0.09277775883674622, mean_queue:9.572221755981445
intersection:1, mean_episode_reward:0.14611110091209412, mean_queue:9.727777481079102
intersection:2, mean_episode_reward:0.031666599214076996, mean_queue:9.94444465637207
intersection:3, mean_episode_reward:0.02888893336057663, mean_queue:9.472222328186035
intersection:4, mean_episode_reward:-0.332777738571167, mean_queue:10.48888874053955
intersection:5, mean_episode_reward:-0.6661110520362854, mean_queue:10.394444465637207
intersection:6, mean_episode_reward:-0.9122224450111389, mean_queue:10.850000381469727
intersection:7, mean_episode_reward:-0.18000000715255737, mean_queue:9.933333396911621
intersection:8, mean_episode_reward:-0.08944443613290787, mean_queue:9.688888549804688
intersection:9, mean_episode_reward:-0.6861110329627991, mean_queue:10.505555152893066
intersection:10, mean_episode_reward:-1.3188890218734741, mean_queue:11.316666603088379
intersection:11, mean_episode_reward:0.17222224175930023, mean_queue:9.69444465637207
intersection:12, mean_episode_reward:0.27000007033348083, mean_queue:10.11111068725586
intersection:13, mean_episode_reward:-0.06444443762302399, mean_queue:10.133333206176758
intersection:14, mean_episode_reward:-0.16888892650604248, mean_queue:9.850000381469727
intersection:15, mean_episode_reward:-0.2661111056804657, mean_queue:9.905555725097656
intersection:16, mean_episode_reward:-0.05277777090668678, mean_queue:0.8055555820465088
intersection:17, mean_episode_reward:0.10888885706663132, mean_queue:0.9166666865348816
intersection:18, mean_episode_reward:0.08611111342906952, mean_queue:0.8111110925674438
intersection:19, mean_episode_reward:0.0833333358168602, mean_queue:0.8277778029441833
intersection:20, mean_episode_reward:0.030555563047528267, mean_queue:0.7944444417953491
intersection:21, mean_episode_reward:0.04444446042180061, mean_queue:0.8444444537162781
intersection:22, mean_episode_reward:-0.029444437474012375, mean_queue:0.8611111044883728
intersection:23, mean_episode_reward:-0.013888895511627197, mean_queue:0.7944444417953491
intersection:24, mean_episode_reward:0.10722219944000244, mean_queue:0.7944444417953491
intersection:25, mean_episode_reward:0.03555554896593094, mean_queue:0.8333333134651184
intersection:26, mean_episode_reward:0.04388890415430069, mean_queue:0.6166666746139526
intersection:27, mean_episode_reward:0.05611112341284752, mean_queue:0.7388888597488403
intersection:28, mean_episode_reward:0.1894444078207016, mean_queue:0.7944444417953491
intersection:29, mean_episode_reward:0.09055553376674652, mean_queue:0.7222222089767456
intersection:30, mean_episode_reward:0.036111120134592056, mean_queue:0.8333333134651184
intersection:31, mean_episode_reward:0.01944444142282009, mean_queue:0.7777777910232544
HELDOUT episode:70/500, demand:raw_data/grid4x4/od_hubs/demand_set/hold_00.rou.xml, travel time:190.77083333333334, rewards:-3.531111653645833, queue:5.486458333333333, delay:0.03919526735941569, throughput:720
HELDOUT episode:70/500, demand:raw_data/grid4x4/od_hubs/demand_set/hold_01.rou.xml, travel time:192.71598414795244, rewards:-3.67611083984375, queue:5.484201388888889, delay:0.04067067040337457, throughput:757
HELDOUT episode:70/500, demand:raw_data/grid4x4/od_hubs/demand_set/hold_02.rou.xml, travel time:190.35190217391303, rewards:-3.7466664632161457, queue:5.491493055555556, delay:0.03941701783074273, throughput:736
HELDOUT_MEAN episode:70/500, travel time:191.2795732183996 (n=3)
episode:71/500, train_demand:raw_data/grid4x4/od_hubs/demand_set/train_01.rou.xml
step:1800/1800, q_loss:0.5222886204719543, rewards:-3.1038886176215277, queue:5.4527777777777775, delay:0.03630526860555013, throughput:723
episode:71/500, real avg travel time:188.93360995850622
intersection:0, mean_episode_reward:0.03777777776122093, mean_queue:9.688888549804688
intersection:1, mean_episode_reward:0.231111079454422, mean_queue:9.822221755981445
intersection:2, mean_episode_reward:-0.19611123204231262, mean_queue:10.01111125946045
intersection:3, mean_episode_reward:-0.13499996066093445, mean_queue:9.699999809265137
intersection:4, mean_episode_reward:-0.06000000610947609, mean_queue:10.316666603088379
intersection:5, mean_episode_reward:-0.9844446182250977, mean_queue:10.399999618530273
intersection:6, mean_episode_reward:-0.6927775144577026, mean_queue:10.666666984558105
intersection:7, mean_episode_reward:-0.1300000250339508, mean_queue:9.677778244018555
intersection:8, mean_episode_reward:-0.25833338499069214, mean_queue:9.688888549804688
intersection:9, mean_episode_reward:-0.6233331561088562, mean_queue:10.69444465637207
intersection:10, mean_episode_reward:-1.1555556058883667, mean_queue:11.344444274902344
intersection:11, mean_episode_reward:0.10888894647359848, mean_queue:9.711111068725586
intersection:12, mean_episode_reward:0.28222227096557617, mean_queue:9.961111068725586
intersection:13, mean_episode_reward:-0.1066666916012764, mean_queue:10.161110877990723
intersection:14, mean_episode_reward:-0.28611111640930176, mean_queue:10.072221755981445
intersection:15, mean_episode_reward:-0.0511111244559288, mean_queue:9.80555534362793
intersection:16, mean_episode_reward:-0.05277777090668678, mean_queue:0.8055555820465088
intersection:17, mean_episode_reward:0.09277775883674622, mean_queue:0.9166666865348816
intersection:18, mean_episode_reward:0.11888886243104935, mean_queue:0.8111110925674438
intersection:19, mean_episode_reward:0.051666662096977234, mean_queue:0.8277778029441833
intersection:20, mean_episode_reward:0.04500002786517143, mean_queue:0.7944444417953491
intersection:21, mean_episode_reward:0.047222234308719635, mean_queue:0.8444444537162781
intersection:22, mean_episode_reward:-0.02722221426665783, mean_queue:0.8611111044883728
intersection:23, mean_episode_reward:-0.012222220189869404, mean_queue:0.7944444417953491
intersection:24, mean_episode_reward:0.10666663944721222, mean_queue:0.7944444417953491
intersection:25, mean_episode_reward:0.06111111491918564, mean_queue:0.8333333134651184
intersection:26, mean_episode_reward:0.07777777314186096, mean_queue:0.6166666746139526
intersection:27, mean_episode_reward:0.005555551033467054, mean_queue:0.7388888597488403
intersection:28, mean_episode_reward:0.22222213447093964, mean_queue:0.7944444417953491
intersection:29, mean_episode_reward:0.10833331942558289, mean_queue:0.7222222089767456
intersection:30, mean_episode_reward:0.043333347886800766, mean_queue:0.8333333134651184
intersection:31, mean_episode_reward:0.027222217991948128, mean_queue:0.7777777910232544
episode:72/500, train_demand:raw_data/grid4x4/od_hubs/demand_set/train_02.rou.xml
step:1800/1800, q_loss:0.5209775567054749, rewards:-3.265555826822917, queue:5.497222222222222, delay:0.04115079243977864, throughput:738
episode:72/500, real avg travel time:192.53387533875338
intersection:0, mean_episode_reward:0.3683333992958069, mean_queue:9.51111125946045
intersection:1, mean_episode_reward:0.2977777421474457, mean_queue:9.677778244018555
intersection:2, mean_episode_reward:-0.08222227543592453, mean_queue:9.994444847106934
intersection:3, mean_episode_reward:-0.11499997973442078, mean_queue:9.572221755981445
intersection:4, mean_episode_reward:-0.07111114263534546, mean_queue:10.449999809265137
intersection:5, mean_episode_reward:-1.2705556154251099, mean_queue:10.838889122009277
intersection:6, mean_episode_reward:-0.6433334350585938, mean_queue:10.844444274902344
intersection:7, mean_episode_reward:-0.11111113429069519, mean_queue:9.94444465637207
intersection:8, mean_episode_reward:-0.352222204208374, mean_queue:9.800000190734863
intersection:9, mean_episode_reward:-0.5938888788223267, mean_queue:10.677778244018555
intersection:10, mean_episode_reward:-1.4283334016799927, mean_queue:11.44444465637207
intersection:11, mean_episode_reward:0.2244444042444229, mean_queue:9.766666412353516
intersection:12, mean_episode_reward:-0.07499995827674866, mean_queue:10.399999618530273
intersection:13, mean_episode_reward:-0.13555559515953064, mean_queue:10.527777671813965
intersection:14, mean_episode_reward:-0.13888882100582123, mean_queue:9.938888549804688
intersection:15, mean_episode_reward:-0.03666667267680168, mean_queue:9.755555152893066
intersection:16, mean_episode_reward:-0.05166666954755783, mean_queue:0.8055555820465088
intersection:17, mean_episode_reward:0.09499996900558472, mean_queue:0.9166666865348816
intersection:18, mean_episode_reward:0.09222221374511719, mean_queue:0.8111110925674438
intersection:19, mean_episode_reward:0.12222227454185486, mean_queue:0.8277778029441833
intersection:20, mean_episode_reward:0.038333360105752945, mean_queue:0.7944444417953491
intersection:21, mean_episode_reward:0.024444444105029106, mean_queue:0.8444444537162781
intersection:22, mean_episode_reward:-0.012777768075466156, mean_queue:0.8611111044883728
intersection:23, mean_episode_reward:-0.015000002458691597, mean_queue:0.7944444417953491
intersection:24, mean_episode_reward:0.10944442451000214, mean_queue:0.7944444417953491
intersection:25, mean_episode_reward:0.03555554896593094, mean_queue:0.8333333134651184
intersection:26, mean_episode_reward:0.09111115336418152, mean_queue:0.6166666746139526
intersection:27, mean_episode_reward:0.01944444328546524, mean_queue:0.7388888597488403
intersection:28, mean_episode_reward:0.18833330273628235, mean_queue:0.7944444417953491
intersection:29, mean_episode_reward:0.07777778059244156, mean_queue:0.7222222089767456
intersection:30, mean_episode_reward:0.05500001832842827, mean_queue:0.8333333134651184
intersection:31, mean_episode_reward:0.028333330526947975, mean_queue:0.7777777910232544
episode:73/500, train_demand:raw_data/grid4x4/od_hubs/demand_set/train_03.rou.xml
step:1800/1800, q_loss:0.5229989290237427, rewards:-3.7400004069010415, queue:5.527604166666666, delay:0.04203126695421007, throughput:790
episode:73/500, real avg travel time:192.65949367088606
intersection:0, mean_episode_reward:0.27222225069999695, mean_queue:9.622221946716309
intersection:1, mean_episode_reward:0.10500004142522812, mean_queue:9.922222137451172
intersection:2, mean_episode_reward:-0.0038888868875801563, mean_queue:10.01111125946045
intersection:3, mean_episode_reward:-0.28111112117767334, mean_queue:9.672222137451172
intersection:4, mean_episode_reward:-0.26944443583488464, mean_queue:10.522222518920898
intersection:5, mean_episode_reward:-0.9688891768455505, mean_queue:10.533333778381348
intersection:6, mean_episode_reward:-1.054999828338623, mean_queue:11.311111450195312
intersection:7, mean_episode_reward:0.026111118495464325, mean_queue:9.933333396911621
intersection:8, mean_episode_reward:-0.13944442570209503, mean_queue:9.86111068725586
intersection:9, mean_episode_reward:-0.7022222876548767, mean_queue:10.772222518920898
intersection:10, mean_episode_reward:-1.4427779912948608, mean_queue:11.594444274902344
intersection:11, mean_episode_reward:0.16388888657093048, mean_queue:9.894444465637207
intersection:12, mean_episode_reward:0.02722221240401268, mean_queue:10.272222518920898
intersection:13, mean_episode_reward:-0.35277777910232544, mean_queue:10.5
intersection:14, mean_episode_reward:-0.06888885796070099, mean_queue:9.777777671813965
intersection:15, mean_episode_reward:-0.26055553555488586, mean_queue:9.916666984558105
intersection:16, mean_episode_reward:-0.03333333134651184, mean_queue:0.8055555820465088
intersection:17, mean_episode_reward:0.1383333057165146, mean_queue:0.9166666865348816
intersection:18, mean_episode_reward:0.18444441258907318, mean_queue:0.8111110925674438
intersection:19, mean_episode_reward:0.16388891637325287, mean_queue:0.8277778029441833
intersection:20, mean_episode_reward:0.0394444614648819, mean_queue:0.7944444417953491
intersection:21, mean_episode_reward:0.04222223162651062, mean_queue:0.8444444537162781
intersection:22, mean_episode_reward:-0.028333326801657677, mean_queue:0.8611111044883728
intersection:23, mean_episode_reward:-0.015000002458691597, mean_queue:0.7944444417953491
intersection:24, mean_episode_reward:0.10666663944721222, mean_queue:0.7944444417953491
intersection:25, mean_episode_reward:0.038888879120349884, mean_queue:0.8333333134651184
intersection:26, mean_episode_reward:0.04555556923151016, mean_queue:0.6166666746139526
intersection:27, mean_episode_reward:0.05944443866610527, mean_queue:0.7388888597488403
intersection:28, mean_episode_reward:0.23722213506698608, mean_queue:0.7944444417953491
intersection:29, mean_episode_reward:0.17166662216186523, mean_queue:0.7222222089767456
intersection:30, mean_episode_reward:0.04055555537343025, mean_queue:0.8333333134651184
intersection:31, mean_episode_reward:0.018888888880610466, mean_queue:0.7777777910232544
episode:74/500, train_demand:raw_data/grid4x4/od_hubs/demand_set/train_04.rou.xml
step:1800/1800, q_loss:0.5158355832099915, rewards:-2.9694444444444446, queue:5.454166666666667, delay:0.037533733579847545, throughput:699
episode:74/500, real avg travel time:187.96423462088697
intersection:0, mean_episode_reward:0.438888818025589, mean_queue:9.461111068725586
intersection:1, mean_episode_reward:0.21388891339302063, mean_queue:9.70555591583252
intersection:2, mean_episode_reward:-0.11333337426185608, mean_queue:9.961111068725586
intersection:3, mean_episode_reward:-0.24833336472511292, mean_queue:9.655555725097656
intersection:4, mean_episode_reward:-0.28777772188186646, mean_queue:10.572221755981445
intersection:5, mean_episode_reward:-0.8905553221702576, mean_queue:10.461111068725586
intersection:6, mean_episode_reward:-0.8000000715255737, mean_queue:10.600000381469727
intersection:7, mean_episode_reward:0.06499999016523361, mean_queue:9.727777481079102
intersection:8, mean_episode_reward:-0.2405555695295334, mean_queue:9.70555591583252
intersection:9, mean_episode_reward:-0.4655555784702301, mean_queue:10.55555534362793
intersection:10, mean_episode_reward:-1.2299997806549072, mean_queue:11.222222328186035
intersection:11, mean_episode_reward:-0.24666666984558105, mean_queue:10.005555152893066
intersection:12, mean_episode_reward:0.2988889813423157, mean_queue:10.0
intersection:13, mean_episode_reward:-0.3344446122646332, mean_queue:10.36111068725586
intersection:14, mean_episode_reward:-0.02666669897735119, mean_queue:9.844444274902344
intersection:15, mean_episode_reward:-0.1088888943195343, mean_queue:9.927778244018555
intersection:16, mean_episode_reward:-0.05055555701255798, mean_queue:0.8055555820465088
intersection:17, mean_episode_reward:0.09555553644895554, mean_queue:0.9166666865348816
intersection:18, mean_episode_reward:0.062222227454185486, mean_queue:0.8111110925674438
intersection:19, mean_episode_reward:0.05277777835726738, mean_queue:0.8277778029441833
intersection:20, mean_episode_reward:-0.009444448165595531, mean_queue:0.7944444417953491
intersection:21, mean_episode_reward:0.05611111968755722, mean_queue:0.8444444537162781
intersection:22, mean_episode_reward:0.07444444298744202, mean_queue:0.8611111044883728
intersection:23, mean_episode_reward:-0.015000002458691597, mean_queue:0.7944444417953491
intersection:24, mean_episode_reward:0.10944442451000214, mean_queue:0.7944444417953491
intersection:25, mean_episode_reward:0.0461110956966877, mean_queue:0.8333333134651184
intersection:26, mean_episode_reward:0.09111110866069794, mean_queue:0.6166666746139526
intersection:27, mean_episode_reward:-0.005000018514692783, mean_queue:0.7388888597488403
intersection:28, mean_episode_reward:0.22333329916000366, mean_queue:0.7944444417953491
intersection:29, mean_episode_reward:0.06777779012918472, mean_queue:0.7222222089767456
intersection:30, mean_episode_reward:0.18444441258907318, mean_queue:0.8333333134651184
intersection:31, mean_episode_reward:0.02333333157002926, mean_queue:0.7777777910232544
episode:75/500, train_demand:raw_data/grid4x4/od_hubs/demand_set/train_05.rou.xml
step:1800/1800, q_loss:0.5150929093360901, rewards:-3.135555691189236, queue:5.500520833333334, delay:0.04074174033270942, throughput:737
episode:75/500, real avg travel time:191.55088195386702
intersection:0, mean_episode_reward:0.07555555552244186, mean_queue:9.633333206176758
intersection:1, mean_episode_reward:0.1088889092206955, mean_queue:9.722222328186035
intersection:2, mean_episode_reward:-0.1711110919713974, mean_queue:9.833333015441895
intersection:3, mean_episode_reward:-0.23944446444511414, mean_queue:9.622221946716309
intersection:4, mean_episode_reward:-0.09111106395721436, mean_queue:10.394444465637207
intersection:5, mean_episode_reward:-0.6027778387069702, mean_queue:10.600000381469727
intersection:6, mean_episode_reward:-0.7316667437553406, mean_queue:10.833333015441895
intersection:7, mean_episode_reward:0.10777780413627625, mean_queue:9.822221755981445
intersection:8, mean_episode_reward:-0.11777779459953308, mean_queue:9.783333778381348
intersection:9, mean_episode_reward:-0.742222249507904, mean_queue:11.01111125946045
intersection:10, mean_episode_reward:-1.139444351196289, mean_queue:11.38888931274414
intersection:11, mean_episode_reward:-0.1511111557483673, mean_queue:9.98888874053955
intersection:12, mean_episode_reward:0.1805555522441864, mean_queue:10.19444465637207
intersection:13, mean_episode_reward:-0.24000002443790436, mean_queue:10.588889122009277
intersection:14, mean_episode_reward:-0.22888895869255066, mean_queue:9.983333587646484
intersection:15, mean_episode_reward:-0.06611109524965286, mean_queue:9.850000381469727
intersection:16, mean_episode_reward:-0.05111110955476761, mean_queue:0.8055555820465088
intersection:17, mean_episode_reward:0.10499997437000275, mean_queue:0.9166666865348816
intersection:18, mean_episode_reward:0.1038888692855835, mean_queue:0.8111110925674438
intersection:19, mean_episode_reward:0.07944445312023163, mean_queue:0.8277778029441833
intersection:20, mean_episode_reward:0.021666666492819786, mean_queue:0.7944444417953491
intersection:21, mean_episode_reward:0.028888897970318794, mean_queue:0.8444444537162781
intersection:22, mean_episode_reward:0.03833336383104324, mean_queue:0.8611111044883728
intersection:23, mean_episode_reward:-0.015000002458691597, mean_queue:0.7944444417953491
intersection:24, mean_episode_reward:0.10777775198221207, mean_queue:0.7944444417953491
intersection:25, mean_episode_reward:0.06111110746860504, mean_queue:0.8333333134651184
intersection:26, mean_episode_reward:0.07999999821186066, mean_queue:0.6166666746139526
intersection:27, mean_episode_reward:0.0077777705155313015, mean_queue:0.7388888597488403
intersection:28, mean_episode_reward:0.22055551409721375, mean_queue:0.7944444417953491
intersection:29, mean_episode_reward:0.07000001519918442, mean_queue:0.7222222089767456
intersection:30, mean_episode_reward:0.027777783572673798, mean_queue:0.8333333134651184
intersection:31, mean_episode_reward:0.027222217991948128, mean_queue:0.7777777910232544
episode:76/500, train_demand:raw_data/grid4x4/od_hubs/demand_set/train_06.rou.xml
step:1800/1800, q_loss:0.512982964515686, rewards:-3.0022230360243056, queue:5.490972222222222, delay:0.040276275740729436, throughput:736
episode:76/500, real avg travel time:192.37907608695653
intersection:0, mean_episode_reward:0.18166668713092804, mean_queue:9.616666793823242
intersection:1, mean_episode_reward:-0.12000000476837158, mean_queue:9.899999618530273
intersection:2, mean_episode_reward:0.1577777862548828, mean_queue:9.883333206176758
intersection:3, mean_episode_reward:-0.2777777910232544, mean_queue:9.73888874053955
intersection:4, mean_episode_reward:0.14777769148349762, mean_queue:10.44444465637207
intersection:5, mean_episode_reward:-0.5927779078483582, mean_queue:10.350000381469727
intersection:6, mean_episode_reward:-0.8077779412269592, mean_queue:10.938888549804688
intersection:7, mean_episode_reward:-0.09444443136453629, mean_queue:9.766666412353516
intersection:8, mean_episode_reward:-0.11500001698732376, mean_queue:9.70555591583252
intersection:9, mean_episode_reward:-0.2738890051841736, mean_queue:10.577777862548828
intersection:10, mean_episode_reward:-1.3883334398269653, mean_queue:11.416666984558105
intersection:11, mean_episode_reward:-0.08722221851348877, mean_queue:9.95555591583252
intersection:12, mean_episode_reward:0.10499997437000275, mean_queue:10.133333206176758
intersection:13, mean_episode_reward:-0.6888889670372009, mean_queue:10.883333206176758
intersection:14, mean_episode_reward:0.04500003531575203, mean_queue:9.938888549804688
intersection:15, mean_episode_reward:-0.056666649878025055, mean_queue:9.69444465637207
intersection:16, mean_episode_reward:-0.05055555701255798, mean_queue:0.8055555820465088
intersection:17, mean_episode_reward:0.11277775466442108, mean_queue:0.9166666865348816
intersection:18, mean_episode_reward:0.08222223818302155, mean_queue:0.8111110925674438
intersection:19, mean_episode_reward:0.08055557310581207, mean_queue:0.8277778029441833
intersection:20, mean_episode_reward:0.016111113131046295, mean_queue:0.7944444417953491
intersection:21, mean_episode_reward:0.01055555697530508, mean_queue:0.8444444537162781
intersection:22, mean_episode_reward:-0.025555547326803207, mean_queue:0.8611111044883728
intersection:23, mean_episode_reward:-0.015000002458691597, mean_queue:0.7944444417953491
intersection:24, mean_episode_reward:0.10722219944000244, mean_queue:0.7944444417953491
intersection:25, mean_episode_reward:0.05222221463918686, mean_queue:0.8333333134651184
intersection:26, mean_episode_reward:0.11166670173406601, mean_queue:0.6166666746139526
intersection:27, mean_episode_reward:-0.004444443620741367, mean_queue:0.7388888597488403
intersection:28, mean_episode_reward:0.226666659116745, mean_queue:0.7944444417953491
intersection:29, mean_episode_reward:0.07444442808628082, mean_queue:0.7222222089767456
intersection:30, mean_episode_reward:0.05722223222255707, mean_queue:0.8333333134651184
intersection:31, mean_episode_reward:0.027222217991948128, mean_queue:0.7777777910232544
episode:77/500, train_demand:raw_data/grid4x4/od_hubs/demand_set/train_07.rou.xml
step:1800/1800, q_loss:0.5141258835792542, rewards:-3.8361107720269096, queue:5.502777777777778, delay:0.03963450325859918, throughput:744
episode:77/500, real avg travel time:187.79435483870967
intersection:0, mean_episode_reward:0.24833333492279053, mean_queue:9.48888874053955
intersection:1, mean_episode_reward:0.28888893127441406, mean_queue:9.699999809265137
intersection:2, mean_episode_reward:-0.20222222805023193, mean_queue:10.288888931274414
intersection:3, mean_episode_reward:-0.12777778506278992, mean_queue:9.79444408416748
intersection:4, mean_episode_reward:-0.1427777111530304, mean_queue:10.316666603088379
intersection:5, mean_episode_reward:-1.2161107063293457, mean_queue:10.627778053283691
intersection:6, mean_episode_reward:-0.7750000953674316, mean_queue:10.86111068725586
intersection:7, mean_episode_reward:0.043333347886800766, mean_queue:9.877778053283691
intersection:8, mean_episode_reward:-0.2405555546283722, mean_queue:9.70555591583252
intersection:9, mean_episode_reward:-0.7249998450279236, mean_queue:10.711111068725586
intersection:10, mean_episode_reward:-1.3722223043441772, mean_queue:11.38888931274414
intersection:11, mean_episode_reward:0.22944436967372894, mean_queue:9.894444465637207
intersection:12, mean_episode_reward:-0.013888888992369175, mean_queue:10.23888874053955
intersection:13, mean_episode_reward:-0.42777764797210693, mean_queue:10.5
intersection:14, mean_episode_reward:-0.1344444751739502, mean_queue:9.972222328186035
intersection:15, mean_episode_reward:-0.24833324551582336, mean_queue:9.95555591583252
intersection:16, mean_episode_reward:-0.05277777090668678, mean_queue:0.8055555820465088
intersection:17, mean_episode_reward:0.13277776539325714, mean_queue:0.9166666865348816
intersection:18, mean_episode_reward:0.07944445312023163, mean_queue:0.8111110925674438
intersection:19, mean_episode_reward:0.0672222375869751, mean_queue:0.8277778029441833
intersection:20, mean_episode_reward:0.04888888821005821, mean_queue:0.7944444417953491
intersection:21, mean_episode_reward:0.042222220450639725, mean_queue:0.8444444537162781
intersection:22, mean_episode_reward:-0.039444442838430405, mean_queue:0.8611111044883728
intersection:23, mean_episode_reward:-0.01388888992369175, mean_queue:0.7944444417953491
intersection:24, mean_episode_reward:0.10888887196779251, mean_queue:0.7944444417953491
intersection:25, mean_episode_reward:0.0577777698636055, mean_queue:0.8333333134651184
intersection:26, mean_episode_reward:0.07666666805744171, mean_queue:0.6166666746139526
intersection:27, mean_episode_reward:0.03722221404314041, mean_queue:0.7388888597488403
intersection:28, mean_episode_reward:0.3105555474758148, mean_queue:0.7944444417953491
intersection:29, mean_episode_reward:0.04500001296401024, mean_queue:0.7222222089767456
intersection:30, mean_episode_reward:0.06111111491918564, mean_queue:0.8333333134651184
intersection:31, mean_episode_reward:0.018333332613110542, mean_queue:0.7777777910232544
episode:78/500, train_demand:raw_data/grid4x4/od_hubs/demand_set/train_08.rou.xml
step:1800/1800, q_loss:0.5150050520896912, rewards:-3.8233334011501734, queue:5.490451388888889, delay:0.039307480388217506, throughput:766
episode:78/500, real avg travel time:188.88381201044388
intersection:0, mean_episode_reward:-0.11499997973442078, mean_queue:9.699999809265137
intersection:1, mean_episode_reward:0.10222223401069641, mean_queue:9.866666793823242
intersection:2, mean_episode_reward:-0.34111130237579346, mean_queue:10.005555152893066
intersection:3, mean_episode_reward:-0.02277778834104538, mean_queue:9.588889122009277
intersection:4, mean_episode_reward:0.1811111867427826, mean_queue:10.29444408416748
intersection:5, mean_episode_reward:-0.8705556988716125, mean_queue:10.461111068725586
intersection:6, mean_episode_reward:-0.6805554032325745, mean_queue:10.655555725097656
intersection:7, mean_episode_reward:-0.22222226858139038, mean_queue:9.711111068725586
intersection:8, mean_episode_reward:-0.48944443464279175, mean_queue:10.116666793823242
intersection:9, mean_episode_reward:-0.5166666507720947, mean_queue:10.655555725097656
intersection:10, mean_episode_reward:-1.389444351196289, mean_queue:11.54444408416748
intersection:11, mean_episode_reward:-0.012777774594724178, mean_queue:9.683333396911621
intersection:12, mean_episode_reward:0.1227777898311615, mean_queue:10.38888931274414
intersection:13, mean_episode_reward:-0.273333340883255, mean_queue:10.505555152893066
intersection:14, mean_episode_reward:-0.28833335638046265, mean_queue:9.94444465637207
intersection:15, mean_episode_reward:-0.07222222536802292, mean_queue:9.80555534362793
intersection:16, mean_episode_reward:-0.03666666895151138, mean_queue:0.8055555820465088
intersection:17, mean_episode_reward:0.1199999675154686, mean_queue:0.9166666865348816
intersection:18, mean_episode_reward:0.09166666865348816, mean_queue:0.8111110925674438
intersection:19, mean_episode_reward:0.13888892531394958, mean_queue:0.8277778029441833
intersection:20, mean_episode_reward:0.038333337754011154, mean_queue:0.7944444417953491
intersection:21, mean_episode_reward:0.03500000014901161, mean_queue:0.8444444537162781
intersection:22, mean_episode_reward:-0.004999987781047821, mean_queue:0.8611111044883728
intersection:23, mean_episode_reward:-0.005555553361773491, mean_queue:0.7944444417953491
intersection:24, mean_episode_reward:0.10777775198221207, mean_queue:0.7944444417953491
intersection:25, mean_episode_reward:0.036666661500930786, mean_queue:0.8333333134651184
intersection:26, mean_episode_reward:0.08055556565523148, mean_queue:0.6166666746139526
intersection:27, mean_episode_reward:0.03444444015622139, mean_queue:0.7388888597488403
intersection:28, mean_episode_reward:0.2638888657093048, mean_queue:0.7944444417953491
intersection:29, mean_episode_reward:0.04777779057621956, mean_queue:0.7222222089767456
intersection:30, mean_episode_reward:0.08999999612569809, mean_queue:0.8333333134651184
intersection:31, mean_episode_reward:0.027222217991948128, mean_queue:0.7777777910232544
episode:79/500, train_demand:raw_data/grid4x4/od_hubs/demand_set/train_09.rou.xml
step:1800/1800, q_loss:0.5135268568992615, rewards:-3.3988884819878473, queue:5.496527777777778, delay:0.04165328608618842, throughput:724
episode:79/500, real avg travel time:191.98618784530387
intersection:0, mean_episode_reward:0.1183333620429039, mean_queue:9.54444408416748
intersection:1, mean_episode_reward:0.17166675627231598, mean_queue:9.73888874053955
intersection:2, mean_episode_reward:0.11722221225500107, mean_queue:9.983333587646484
intersection:3, mean_episode_reward:0.08499999344348907, mean_queue:9.561111450195312
intersection:4, mean_episode_reward:0.11222220212221146, mean_queue:10.272222518920898
intersection:5, mean_episode_reward:-0.9550002813339233, mean_queue:10.383333206176758
intersection:6, mean_episode_reward:-1.083333134651184, mean_queue:10.95555591583252
intersection:7, mean_episode_reward:-0.2155555933713913, mean_queue:9.872221946716309
intersection:8, mean_episode_reward:-0.5522222518920898, mean_queue:10.038888931274414
intersection:9, mean_episode_reward:-0.20722228288650513, mean_queue:10.600000381469727
intersection:10, mean_episode_reward:-1.1388887166976929, mean_queue:11.449999809265137
intersection:11, mean_episode_reward:-0.26666659116744995, mean_queue:10.127778053283691
intersection:12, mean_episode_reward:0.17222222685813904, mean_queue:10.227777481079102
intersection:13, mean_episode_reward:-0.08166663348674774, mean_queue:10.23888874053955
intersection:14, mean_episode_reward:-0.44000014662742615, mean_queue:10.072221755981445
intersection:15, mean_episode_reward:-0.19944438338279724, mean_queue:10.05555534362793
intersection:16, mean_episode_reward:-0.03888889029622078, mean_queue:0.8055555820465088
intersection:17, mean_episode_reward:0.0855555534362793, mean_queue:0.9166666865348816
intersection:18, mean_episode_reward:0.11388887465000153, mean_queue:0.8111110925674438
intersection:19, mean_episode_reward:0.23055559396743774, mean_queue:0.8277778029441833
intersection:20, mean_episode_reward:0.008333344012498856, mean_queue:0.7944444417953491
intersection:21, mean_episode_reward:0.06444445997476578, mean_queue:0.8444444537162781
intersection:22, mean_episode_reward:-0.006111102178692818, mean_queue:0.8611111044883728
intersection:23, mean_episode_reward:-0.015000002458691597, mean_queue:0.7944444417953491
intersection:24, mean_episode_reward:0.10888887196779251, mean_queue:0.7944444417953491
intersection:25, mean_episode_reward:0.03777776658535004, mean_queue:0.8333333134651184
intersection:26, mean_episode_reward:0.02333332970738411, mean_queue:0.6166666746139526
intersection:27, mean_episode_reward:0.03888889029622078, mean_queue:0.7388888597488403
intersection:28, mean_episode_reward:0.16111110150814056, mean_queue:0.7944444417953491
intersection:29, mean_episode_reward:0.062222231179475784, mean_queue:0.7222222089767456
intersection:30, mean_episode_reward:0.06888889521360397, mean_queue:0.8333333134651184
intersection:31, mean_episode_reward:0.02055555023252964, mean_queue:0.7777777910232544
episode:80/500, train_demand:raw_data/grid4x4/od_hubs/demand_set/train_00.rou.xml
step:1800/1800, q_loss:0.5127336382865906, rewards:-3.0827782524956597, queue:5.473611111111111, delay:0.037914856274922686, throughput:687
episode:80/500, real avg travel time:191.05385735080057
intersection:0, mean_episode_reward:-0.2061111032962799, mean_queue:9.844444274902344
intersection:1, mean_episode_reward:0.1738889068365097, mean_queue:9.838889122009277
intersection:2, mean_episode_reward:-0.09000007063150406, mean_queue:10.066666603088379
intersection:3, mean_episode_reward:-0.07500001788139343, mean_queue:9.633333206176758
intersection:4, mean_episode_reward:-0.16222214698791504, mean_queue:10.466666221618652
intersection:5, mean_episode_reward:-0.5444445013999939, mean_queue:10.516666412353516
intersection:6, mean_episode_reward:-0.9766667485237122, mean_queue:10.94444465637207
intersection:7, mean_episode_reward:0.005555538460612297, mean_queue:9.76111125946045
intersection:8, mean_episode_reward:-0.2644444704055786, mean_queue:9.661110877990723
intersection:9, mean_episode_reward:-0.13555553555488586, mean_queue:10.383333206176758
intersection:10, mean_episode_reward:-1.44277822971344, mean_queue:11.38888931274414
intersection:11, mean_episode_reward:0.24666665494441986, mean_queue:9.683333396911621
intersection:12, mean_episode_reward:0.32722222805023193, mean_queue:10.122221946716309
intersection:13, mean_episode_reward:-0.3533332347869873, mean_queue:10.377778053283691
intersection:14, mean_episode_reward:-0.16388893127441406, mean_queue:9.80555534362793
intersection:15, mean_episode_reward:-0.3105555772781372, mean_queue:9.894444465637207
intersection:16, mean_episode_reward:-0.05277777090668678, mean_queue:0.8055555820465088
intersection:17, mean_episode_reward:0.11611107736825943, mean_queue:0.9166666865348816
intersection:18, mean_episode_reward:0.078888900578022, mean_queue:0.8111110925674438
intersection:19, mean_episode_reward:0.08222222328186035, mean_queue:0.8277778029441833
intersection:20, mean_episode_reward:0.03777778148651123, mean_queue:0.7944444417953491
intersection:21, mean_episode_reward:0.04277778044342995, mean_queue:0.8444444537162781
intersection:22, mean_episode_reward:-0.0016666532028466463, mean_queue:0.8611111044883728
intersection:23, mean_episode_reward:-0.01222222764045, mean_queue:0.7944444417953491
intersection:24, mean_episode_reward:0.10722219944000244, mean_queue:0.7944444417953491
intersection:25, mean_episode_reward:0.03222221881151199, mean_queue:0.8333333134651184
intersection:26, mean_episode_reward:0.06666667014360428, mean_queue:0.6166666746139526
intersection:27, mean_episode_reward:0.06055556982755661, mean_queue:0.7388888597488403
intersection:28, mean_episode_reward:0.19499994814395905, mean_queue:0.7944444417953491
intersection:29, mean_episode_reward:0.07944441586732864, mean_queue:0.7222222089767456
intersection:30, mean_episode_reward:0.03555556759238243, mean_queue:0.8333333134651184
intersection:31, mean_episode_reward:0.021111108362674713, mean_queue:0.7777777910232544
HELDOUT episode:80/500, demand:raw_data/grid4x4/od_hubs/demand_set/hold_00.rou.xml, travel time:189.9406896551724, rewards:-3.7227783203125, queue:5.4847222222222225, delay:0.03921824296315511, throughput:725
HELDOUT episode:80/500, demand:raw_data/grid4x4/od_hubs/demand_set/hold_01.rou.xml, travel time:188.9100529100529, rewards:-3.956111314561632, queue:5.470659722222222, delay:0.039313586552937825, throughput:756
HELDOUT episode:80/500, demand:raw_data/grid4x4/od_hubs/demand_set/hold_02.rou.xml, travel time:188.4225543478261, rewards:-3.620000203450521, queue:5.480034722222222, delay:0.03807145224677192, throughput:736
HELDOUT_MEAN episode:80/500, travel time:189.09109897101715 (n=3)
new best ATT=189.09 at episode 80 (metric=heldout)
episode:81/500, train_demand:raw_data/grid4x4/od_hubs/demand_set/train_01.rou.xml
step:1800/1800, q_loss:0.5061612725257874, rewards:-3.0238888210720485, queue:5.449826388888889, delay:0.03732892142401801, throughput:725
episode:81/500, real avg travel time:188.95172413793102
intersection:0, mean_episode_reward:0.15499994158744812, mean_queue:9.5
intersection:1, mean_episode_reward:0.18777777254581451, mean_queue:9.777777671813965
intersection:2, mean_episode_reward:-0.3327777683734894, mean_queue:10.172222137451172
intersection:3, mean_episode_reward:-0.09833330661058426, mean_queue:9.727777481079102
intersection:4, mean_episode_reward:0.03111112117767334, mean_queue:10.355555534362793
intersection:5, mean_episode_reward:-0.9372223019599915, mean_queue:10.416666984558105
intersection:6, mean_episode_reward:-0.5672220587730408, mean_queue:10.416666984558105
intersection:7, mean_episode_reward:-0.13777776062488556, mean_queue:9.727777481079102
intersection:8, mean_episode_reward:-0.39500004053115845, mean_queue:9.827777862548828
intersection:9, mean_episode_reward:-0.8811111450195312, mean_queue:10.76111125946045
intersection:10, mean_episode_reward:-1.0783331394195557, mean_queue:11.05555534362793
intersection:11, mean_episode_reward:0.13388893008232117, mean_queue:9.649999618530273
intersection:12, mean_episode_reward:0.31555551290512085, mean_queue:10.005555152893066
intersection:13, mean_episode_reward:0.03999998793005943, mean_queue:10.288888931274414
intersection:14, mean_episode_reward:-0.18444442749023438, mean_queue:9.972222328186035
intersection:15, mean_episode_reward:-0.25999999046325684, mean_queue:9.972222328186035
intersection:16, mean_episode_reward:-0.05277777090668678, mean_queue:0.8055555820465088
intersection:17, mean_episode_reward:0.09333331882953644, mean_queue:0.9166666865348816
intersection:18, mean_episode_reward:0.08444445580244064, mean_queue:0.8111110925674438
intersection:19, mean_episode_reward:0.05833332985639572, mean_queue:0.8277778029441833
intersection:20, mean_episode_reward:0.030000001192092896, mean_queue:0.7944444417953491
intersection:21, mean_episode_reward:0.07500001788139343, mean_queue:0.8444444537162781
intersection:22, mean_episode_reward:-0.019444430246949196, mean_queue:0.8611111044883728
intersection:23, mean_episode_reward:-0.012777774594724178, mean_queue:0.7944444417953491
intersection:24, mean_episode_reward:0.10777775198221207, mean_queue:0.7944444417953491
intersection:25, mean_episode_reward:0.0461110956966877, mean_queue:0.8333333134651184
intersection:26, mean_episode_reward:0.0811111330986023, mean_queue:0.6166666746139526
intersection:27, mean_episode_reward:0.018333330750465393, mean_queue:0.7388888597488403
intersection:28, mean_episode_reward:0.28499990701675415, mean_queue:0.7944444417953491
intersection:29, mean_episode_reward:0.12833331525325775, mean_queue:0.7222222089767456
intersection:30, mean_episode_reward:0.03500000014901161, mean_queue:0.8333333134651184
intersection:31, mean_episode_reward:0.027222217991948128, mean_queue:0.7777777910232544
episode:82/500, train_demand:raw_data/grid4x4/od_hubs/demand_set/train_02.rou.xml
step:1800/1800, q_loss:0.5069417357444763, rewards:-3.258333672417535, queue:5.4640625, delay:0.03858319918314616, throughput:742
episode:82/500, real avg travel time:188.59973045822102
intersection:0, mean_episode_reward:0.3277777135372162, mean_queue:9.477777481079102
intersection:1, mean_episode_reward:0.16166670620441437, mean_queue:9.566666603088379
intersection:2, mean_episode_reward:-0.033888913691043854, mean_queue:9.949999809265137
intersection:3, mean_episode_reward:-0.32055553793907166, mean_queue:9.600000381469727
intersection:4, mean_episode_reward:-0.0599999837577343, mean_queue:10.300000190734863
intersection:5, mean_episode_reward:-1.1172223091125488, mean_queue:10.649999618530273
intersection:6, mean_episode_reward:-0.6366665959358215, mean_queue:10.79444408416748
intersection:7, mean_episode_reward:0.10222221165895462, mean_queue:9.716666221618652
intersection:8, mean_episode_reward:-0.24611105024814606, mean_queue:9.63888931274414
intersection:9, mean_episode_reward:-0.28555554151535034, mean_queue:10.533333778381348
intersection:10, mean_episode_reward:-1.5872224569320679, mean_queue:11.63888931274414
intersection:11, mean_episode_reward:0.09000002592802048, mean_queue:9.827777862548828
intersection:12, mean_episode_reward:-0.03833332657814026, mean_queue:10.199999809265137
intersection:13, mean_episode_reward:-0.19388887286186218, mean_queue:10.461111068725586
intersection:14, mean_episode_reward:-0.14055553078651428, mean_queue:9.972222328186035
intersection:15, mean_episode_reward:-0.16055557131767273, mean_queue:9.755555152893066
intersection:16, mean_episode_reward:-0.05111110955476761, mean_queue:0.8055555820465088
intersection:17, mean_episode_reward:0.09499996900558472, mean_queue:0.9166666865348816
intersection:18, mean_episode_reward:0.07500001788139343, mean_queue:0.8111110925674438
intersection:19, mean_episode_reward:0.10166668146848679, mean_queue:0.8277778029441833
intersection:20, mean_episode_reward:0.03555556386709213, mean_queue:0.7944444417953491
intersection:21, mean_episode_reward:0.02499999664723873, mean_queue:0.8444444537162781
intersection:22, mean_episode_reward:-0.00611109659075737, mean_queue:0.8611111044883728
intersection:23, mean_episode_reward:-0.015000002458691597, mean_queue:0.7944444417953491
intersection:24, mean_episode_reward:0.10833331197500229, mean_queue:0.7944444417953491
intersection:25, mean_episode_reward:0.03555554896593094, mean_queue:0.8333333134651184
intersection:26, mean_episode_reward:0.0861111432313919, mean_queue:0.6166666746139526
intersection:27, mean_episode_reward:0.053888894617557526, mean_queue:0.7388888597488403
intersection:28, mean_episode_reward:0.17055553197860718, mean_queue:0.7944444417953491
intersection:29, mean_episode_reward:0.09499998390674591, mean_queue:0.7222222089767456
intersection:30, mean_episode_reward:0.04277778044342995, mean_queue:0.8333333134651184
intersection:31, mean_episode_reward:0.028333330526947975, mean_queue:0.7777777910232544
episode:83/500, train_demand:raw_data/grid4x4/od_hubs/demand_set/train_03.rou.xml
step:1800/1800, q_loss:0.5044964551925659, rewards:-3.5527777777777776, queue:5.494097222222222, delay:0.041403701570298934, throughput:791
episode:83/500, real avg travel time:187.1213653603034
intersection:0, mean_episode_reward:0.1533333659172058, mean_queue:9.633333206176758
intersection:1, mean_episode_reward:-0.09333331882953644, mean_queue:9.966666221618652
intersection:2, mean_episode_reward:-0.12111106514930725, mean_queue:9.977777481079102
intersection:3, mean_episode_reward:-0.1650000512599945, mean_queue:9.649999618530273
intersection:4, mean_episode_reward:-0.23666667938232422, mean_queue:10.466666221618652
intersection:5, mean_episode_reward:-0.8550001382827759, mean_queue:10.494444847106934
intersection:6, mean_episode_reward:-0.7549998760223389, mean_queue:10.833333015441895
intersection:7, mean_episode_reward:-0.2411111444234848, mean_queue:9.894444465637207
intersection:8, mean_episode_reward:-0.021111078560352325, mean_queue:9.822221755981445
intersection:9, mean_episode_reward:-0.7899999618530273, mean_queue:10.73888874053955
intersection:10, mean_episode_reward:-1.1544443368911743, mean_queue:11.333333015441895
intersection:11, mean_episode_reward:0.2588888704776764, mean_queue:9.744444847106934
intersection:12, mean_episode_reward:-0.0011110989144071937, mean_queue:10.233333587646484
intersection:13, mean_episode_reward:-0.38555556535720825, mean_queue:10.422222137451172
intersection:14, mean_episode_reward:-0.12166666239500046, mean_queue:9.911110877990723
intersection:15, mean_episode_reward:-0.33055558800697327, mean_queue:9.922222137451172
intersection:16, mean_episode_reward:-0.03333333134651184, mean_queue:0.8055555820465088
intersection:17, mean_episode_reward:0.13777773082256317, mean_queue:0.9166666865348816
intersection:18, mean_episode_reward:0.18777775764465332, mean_queue:0.8111110925674438
intersection:19, mean_episode_reward:0.16555556654930115, mean_queue:0.8277778029441833
intersection:20, mean_episode_reward:0.042222246527671814, mean_queue:0.7944444417953491
intersection:21, mean_episode_reward:0.03500000014901161, mean_queue:0.8444444537162781
intersection:22, mean_episode_reward:-0.0038888752460479736, mean_queue:0.8611111044883728
intersection:23, mean_episode_reward:-0.015000002458691597, mean_queue:0.7944444417953491
intersection:24, mean_episode_reward:0.10666663944721222, mean_queue:0.7944444417953491
intersection:25, mean_episode_reward:0.038888879120349884, mean_queue:0.8333333134651184
intersection:26, mean_episode_reward:0.06555557250976562, mean_queue:0.6166666746139526
intersection:27, mean_episode_reward:0.07888888567686081, mean_queue:0.7388888597488403
intersection:28, mean_episode_reward:0.2683332562446594, mean_queue:0.7944444417953491
intersection:29, mean_episode_reward:0.15833328664302826, mean_queue:0.7222222089767456
intersection:30, mean_episode_reward:0.05277778208255768, mean_queue:0.8333333134651184
intersection:31, mean_episode_reward:0.021111110225319862, mean_queue:0.7777777910232544
episode:84/500, train_demand:raw_data/grid4x4/od_hubs/demand_set/train_04.rou.xml
step:1800/1800, q_loss:0.5064001083374023, rewards:-3.064444308810764, queue:5.456423611111111, delay:0.038360542721218534, throughput:702
episode:84/500, real avg travel time:190.8190883190883
intersection:0, mean_episode_reward:0.37888896465301514, mean_queue:9.533333778381348
intersection:1, mean_episode_reward:0.23722217977046967, mean_queue:9.744444847106934
intersection:2, mean_episode_reward:-0.031111063435673714, mean_queue:9.872221946716309
intersection:3, mean_episode_reward:-0.1461111456155777, mean_queue:9.661110877990723
intersection:4, mean_episode_reward:-0.22722218930721283, mean_queue:10.427778244018555
intersection:5, mean_episode_reward:-0.744999885559082, mean_queue:10.366666793823242
intersection:6, mean_episode_reward:-0.9827778339385986, mean_queue:10.76111125946045
intersection:7, mean_episode_reward:-0.18444441258907318, mean_queue:9.788888931274414
intersection:8, mean_episode_reward:-0.33500006794929504, mean_queue:9.727777481079102
intersection:9, mean_episode_reward:-0.5227780938148499, mean_queue:10.566666603088379
intersection:10, mean_episode_reward:-1.2583332061767578, mean_queue:11.405555725097656
intersection:11, mean_episode_reward:-0.03944441303610802, mean_queue:9.927778244018555
intersection:12, mean_episode_reward:0.3222222924232483, mean_queue:9.98888874053955
intersection:13, mean_episode_reward:-0.2522222101688385, mean_queue:10.26111125946045
intersection:14, mean_episode_reward:-0.10166667401790619, mean_queue:9.916666984558105
intersection:15, mean_episode_reward:-0.2038888931274414, mean_queue:9.88888931274414
intersection:16, mean_episode_reward:-0.05055555701255798, mean_queue:0.8055555820465088
intersection:17, mean_episode_reward:0.09499998390674591, mean_queue:0.9166666865348816
intersection:18, mean_episode_reward:0.08166666328907013, mean_queue:0.8111110925674438
intersection:19, mean_episode_reward:0.052222225815057755, mean_queue:0.8277778029441833
intersection:20, mean_episode_reward:-0.005000004544854164, mean_queue:0.7944444417953491
intersection:21, mean_episode_reward:0.04277778044342995, mean_queue:0.8444444537162781
intersection:22, mean_episode_reward:0.01777777448296547, mean_queue:0.8611111044883728
intersection:23, mean_episode_reward:-0.015000002458691597, mean_queue:0.7944444417953491
intersection:24, mean_episode_reward:0.10833331197500229, mean_queue:0.7944444417953491
intersection:25, mean_episode_reward:0.0461110956966877, mean_queue:0.8333333134651184
intersection:26, mean_episode_reward:0.15444445610046387, mean_queue:0.6166666746139526
intersection:27, mean_episode_reward:-0.0072222305461764336, mean_queue:0.7388888597488403
intersection:28, mean_episode_reward:0.31166666746139526, mean_queue:0.7944444417953491
intersection:29, mean_episode_reward:0.05722222477197647, mean_queue:0.7222222089767456
intersection:30, mean_episode_reward:0.11277776211500168, mean_queue:0.8333333134651184
intersection:31, mean_episode_reward:0.02499999664723873, mean_queue:0.7777777910232544
episode:85/500, train_demand:raw_data/grid4x4/od_hubs/demand_set/train_05.rou.xml
step:1800/1800, q_loss:0.5059174299240112, rewards:-3.108334011501736, queue:5.467534722222222, delay:0.03948173258039686, throughput:739
episode:85/500, real avg travel time:190.5020297699594
intersection:0, mean_episode_reward:0.24000002443790436, mean_queue:9.51111125946045
intersection:1, mean_episode_reward:0.025000013411045074, mean_queue:9.80555534362793
intersection:2, mean_episode_reward:-0.04000001400709152, mean_queue:9.961111068725586
intersection:3, mean_episode_reward:0.06333335489034653, mean_queue:9.54444408416748
intersection:4, mean_episode_reward:0.01166666392236948, mean_queue:10.344444274902344
intersection:5, mean_episode_reward:-0.7688890099525452, mean_queue:10.538888931274414
intersection:6, mean_episode_reward:-0.7583332657814026, mean_queue:10.727777481079102
intersection:7, mean_episode_reward:-0.14222225546836853, mean_queue:9.844444274902344
intersection:8, mean_episode_reward:-0.6505554914474487, mean_queue:10.061111450195312
intersection:9, mean_episode_reward:-0.42444437742233276, mean_queue:10.550000190734863
intersection:10, mean_episode_reward:-0.9850001931190491, mean_queue:11.144444465637207
intersection:11, mean_episode_reward:-0.11500000208616257, mean_queue:9.927778244018555
intersection:12, mean_episode_reward:0.1499999314546585, mean_queue:10.116666793823242
intersection:13, mean_episode_reward:-0.3150000274181366, mean_queue:10.350000381469727
intersection:14, mean_episode_reward:-0.44222232699394226, mean_queue:9.922222137451172
intersection:15, mean_episode_reward:-0.083333320915699, mean_queue:9.844444274902344
intersection:16, mean_episode_reward:-0.05166666954755783, mean_queue:0.8055555820465088
intersection:17, mean_episode_reward:0.10777776688337326, mean_queue:0.9166666865348816
intersection:18, mean_episode_reward:0.2216666042804718, mean_queue:0.8111110925674438
intersection:19, mean_episode_reward:0.07944444566965103, mean_queue:0.8277778029441833
intersection:20, mean_episode_reward:0.028333332389593124, mean_queue:0.7944444417953491
intersection:21, mean_episode_reward:0.021666668355464935, mean_queue:0.8444444537162781
intersection:22, mean_episode_reward:-0.026666657999157906, mean_queue:0.8611111044883728
intersection:23, mean_episode_reward:-0.015000002458691597, mean_queue:0.7944444417953491
intersection:24, mean_episode_reward:0.10833331197500229, mean_queue:0.7944444417953491
intersection:25, mean_episode_reward:0.08055555820465088, mean_queue:0.8333333134651184
intersection:26, mean_episode_reward:0.21388891339302063, mean_queue:0.6166666746139526
intersection:27, mean_episode_reward:0.008888881653547287, mean_queue:0.7388888597488403
intersection:28, mean_episode_reward:0.24777770042419434, mean_queue:0.7944444417953491
intersection:29, mean_episode_reward:0.06666667759418488, mean_queue:0.7222222089767456
intersection:30, mean_episode_reward:0.007777778897434473, mean_queue:0.8333333134651184
intersection:31, mean_episode_reward:0.027222217991948128, mean_queue:0.7777777910232544
episode:86/500, train_demand:raw_data/grid4x4/od_hubs/demand_set/train_06.rou.xml
step:1800/1800, q_loss:0.5064669251441956, rewards:-3.3127783881293404, queue:5.489236111111111, delay:0.04075232611762153, throughput:735
episode:86/500, real avg travel time:191.49931972789116
intersection:0, mean_episode_reward:0.25611111521720886, mean_queue:9.55555534362793
intersection:1, mean_episode_reward:0.0855555459856987, mean_queue:9.744444847106934
intersection:2, mean_episode_reward:0.28999999165534973, mean_queue:9.855555534362793
intersection:3, mean_episode_reward:-0.46222221851348877, mean_queue:9.899999618530273
intersection:4, mean_episode_reward:0.03777776658535004, mean_queue:10.422222137451172
intersection:5, mean_episode_reward:-1.0666669607162476, mean_queue:10.811111450195312
intersection:6, mean_episode_reward:-0.8250001668930054, mean_queue:10.972222328186035
intersection:7, mean_episode_reward:-0.14499999582767487, mean_queue:9.79444408416748
intersection:8, mean_episode_reward:-0.17944440245628357, mean_queue:9.783333778381348
intersection:9, mean_episode_reward:-0.25499996542930603, mean_queue:10.5
intersection:10, mean_episode_reward:-1.260000467300415, mean_queue:11.399999618530273
intersection:11, mean_episode_reward:0.12611114978790283, mean_queue:9.70555591583252
intersection:12, mean_episode_reward:0.08999995142221451, mean_queue:10.25
intersection:13, mean_episode_reward:-0.4061111807823181, mean_queue:10.449999809265137
intersection:14, mean_episode_reward:-0.3361111283302307, mean_queue:9.899999618530273
intersection:15, mean_episode_reward:-0.26722219586372375, mean_queue:9.844444274902344
intersection:16, mean_episode_reward:-0.05111110955476761, mean_queue:0.8055555820465088
intersection:17, mean_episode_reward:0.11999998241662979, mean_queue:0.9166666865348816
intersection:18, mean_episode_reward:0.12444445490837097, mean_queue:0.8111110925674438
intersection:19, mean_episode_reward:0.07833334058523178, mean_queue:0.8277778029441833
intersection:20, mean_episode_reward:0.021666664630174637, mean_queue:0.7944444417953491
intersection:21, mean_episode_reward:0.0072222244925796986, mean_queue:0.8444444537162781
intersection:22, mean_episode_reward:-0.004999987781047821, mean_queue:0.8611111044883728
intersection:23, mean_episode_reward:-0.015000002458691597, mean_queue:0.7944444417953491
intersection:24, mean_episode_reward:0.10722219944000244, mean_queue:0.7944444417953491
intersection:25, mean_episode_reward:0.11500009149312973, mean_queue:0.8333333134651184
intersection:26, mean_episode_reward:0.1022222638130188, mean_queue:0.6166666746139526
intersection:27, mean_episode_reward:-0.0022222211118787527, mean_queue:0.7388888597488403
intersection:28, mean_episode_reward:0.23888887465000153, mean_queue:0.7944444417953491
intersection:29, mean_episode_reward:0.07277777045965195, mean_queue:0.7222222089767456
intersection:30, mean_episode_reward:0.06277778744697571, mean_queue:0.8333333134651184
intersection:31, mean_episode_reward:0.027222217991948128, mean_queue:0.7777777910232544
episode:87/500, train_demand:raw_data/grid4x4/od_hubs/demand_set/train_07.rou.xml
step:1800/1800, q_loss:0.5080108642578125, rewards:-3.7222225613064235, queue:5.480902777777778, delay:0.03953845236036513, throughput:752
episode:87/500, real avg travel time:187.87765957446808
intersection:0, mean_episode_reward:0.20500001311302185, mean_queue:9.5
intersection:1, mean_episode_reward:0.1461111307144165, mean_queue:9.766666412353516
intersection:2, mean_episode_reward:0.012222262099385262, mean_queue:10.19444465637207
intersection:3, mean_episode_reward:-0.1711110919713974, mean_queue:9.788888931274414
intersection:4, mean_episode_reward:-0.24388889968395233, mean_queue:10.272222518920898
intersection:5, mean_episode_reward:-1.223333477973938, mean_queue:10.550000190734863
intersection:6, mean_episode_reward:-1.003333568572998, mean_queue:11.100000381469727
intersection:7, mean_episode_reward:0.17777778208255768, mean_queue:9.75
intersection:8, mean_episode_reward:-0.2888888716697693, mean_queue:9.716666221618652
intersection:9, mean_episode_reward:-0.6294445991516113, mean_queue:10.588889122009277
intersection:10, mean_episode_reward:-1.1055554151535034, mean_queue:11.277777671813965
intersection:11, mean_episode_reward:-0.07666667550802231, mean_queue:9.88888931274414
intersection:12, mean_episode_reward:0.1038888692855835, mean_queue:10.05555534362793
intersection:13, mean_episode_reward:-0.25111114978790283, mean_queue:10.333333015441895
intersection:14, mean_episode_reward:-0.15944454073905945, mean_queue:9.949999809265137
intersection:15, mean_episode_reward:-0.25833332538604736, mean_queue:9.88888931274414
intersection:16, mean_episode_reward:-0.05277777090668678, mean_queue:0.8055555820465088
intersection:17, mean_episode_reward:0.1294444352388382, mean_queue:0.9166666865348816
intersection:18, mean_episode_reward:0.09055554866790771, mean_queue:0.8111110925674438
intersection:19, mean_episode_reward:0.056666672229766846, mean_queue:0.8277778029441833
intersection:20, mean_episode_reward:0.0416666679084301, mean_queue:0.7944444417953491
intersection:21, mean_episode_reward:0.0394444540143013, mean_queue:0.8444444537162781
intersection:22, mean_episode_reward:-0.020555540919303894, mean_queue:0.8611111044883728
intersection:23, mean_episode_reward:-0.01388888992369175, mean_queue:0.7944444417953491
intersection:24, mean_episode_reward:0.10944442451000214, mean_queue:0.7944444417953491
intersection:25, mean_episode_reward:0.05444442480802536, mean_queue:0.8333333134651184
intersection:26, mean_episode_reward:0.10999999940395355, mean_queue:0.6166666746139526
intersection:27, mean_episode_reward:0.03555554151535034, mean_queue:0.7388888597488403
intersection:28, mean_episode_reward:0.34833329916000366, mean_queue:0.7944444417953491
intersection:29, mean_episode_reward:0.034444451332092285, mean_queue:0.7222222089767456
intersection:30, mean_episode_reward:0.058888889849185944, mean_queue:0.8333333134651184
intersection:31, mean_episode_reward:0.02222222276031971, mean_queue:0.7777777910232544
episode:88/500, train_demand:raw_data/grid4x4/od_hubs/demand_set/train_08.rou.xml
step:1800/1800, q_loss:0.507011890411377, rewards:-3.6505550808376737, queue:5.501041666666667, delay:0.038054302003648545, throughput:764
episode:88/500, real avg travel time:188.15575916230367
intersection:0, mean_episode_reward:0.0488889180123806, mean_queue:9.744444847106934
intersection:1, mean_episode_reward:0.20111115276813507, mean_queue:9.76111125946045
intersection:2, mean_episode_reward:-0.15444432199001312, mean_queue:9.972222328186035
intersection:3, mean_episode_reward:-0.06777776777744293, mean_queue:9.561111450195312
intersection:4, mean_episode_reward:-0.061111122369766235, mean_queue:10.38888931274414
intersection:5, mean_episode_reward:-0.9294445514678955, mean_queue:10.627778053283691
intersection:6, mean_episode_reward:-0.9144443869590759, mean_queue:10.777777671813965
intersection:7, mean_episode_reward:-0.23055554926395416, mean_queue:9.766666412353516
intersection:8, mean_episode_reward:-0.3444443643093109, mean_queue:9.905555725097656
intersection:9, mean_episode_reward:-0.4483332335948944, mean_queue:10.727777481079102
intersection:10, mean_episode_reward:-1.511666178703308, mean_queue:11.744444847106934
intersection:11, mean_episode_reward:0.14388878643512726, mean_queue:9.688888549804688
intersection:12, mean_episode_reward:0.16499994695186615, mean_queue:10.266666412353516
intersection:13, mean_episode_reward:-0.16833336651325226, mean_queue:10.433333396911621
intersection:14, mean_episode_reward:-0.3822222352027893, mean_queue:10.016666412353516
intersection:15, mean_episode_reward:-0.18333326280117035, mean_queue:9.883333206176758
intersection:16, mean_episode_reward:-0.03722222521901131, mean_queue:0.8055555820465088
intersection:17, mean_episode_reward:0.12111108750104904, mean_queue:0.9166666865348816
intersection:18, mean_episode_reward:0.07388889789581299, mean_queue:0.8111110925674438
intersection:19, mean_episode_reward:0.10777776688337326, mean_queue:0.8277778029441833
intersection:20, mean_episode_reward:0.029999990016222, mean_queue:0.7944444417953491
intersection:21, mean_episode_reward:0.046111129224300385, mean_queue:0.8444444537162781
intersection:22, mean_episode_reward:-0.011666658334434032, mean_queue:0.8611111044883728
intersection:23, mean_episode_reward:-0.006111109163612127, mean_queue:0.7944444417953491
intersection:24, mean_episode_reward:0.10833331197500229, mean_queue:0.7944444417953491
intersection:25, mean_episode_reward:0.03722221404314041, mean_queue:0.8333333134651184
intersection:26, mean_episode_reward:0.11166668683290482, mean_queue:0.6166666746139526
intersection:27, mean_episode_reward:0.157777801156044, mean_queue:0.7388888597488403
intersection:28, mean_episode_reward:0.3033332824707031, mean_queue:0.7944444417953491
intersection:29, mean_episode_reward:0.050000015646219254, mean_queue:0.7222222089767456
intersection:30, mean_episode_reward:0.06611111015081406, mean_queue:0.8333333134651184
intersection:31, mean_episode_reward:0.028333326801657677, mean_queue:0.7777777910232544
episode:89/500, train_demand:raw_data/grid4x4/od_hubs/demand_set/train_09.rou.xml
step:1800/1800, q_loss:0.5124133825302124, rewards:-3.3472222222222223, queue:5.461979166666667, delay:0.0389202011956109, throughput:726
episode:89/500, real avg travel time:189.5082644628099
intersection:0, mean_episode_reward:0.13055555522441864, mean_queue:9.51111125946045
intersection:1, mean_episode_reward:0.17222227156162262, mean_queue:9.70555591583252
intersection:2, mean_episode_reward:0.2683333158493042, mean_queue:9.972222328186035
intersection:3, mean_episode_reward:-0.22833330929279327, mean_queue:9.699999809265137
intersection:4, mean_episode_reward:-0.217777818441391, mean_queue:10.366666793823242
intersection:5, mean_episode_reward:-0.7799999713897705, mean_queue:10.066666603088379
intersection:6, mean_episode_reward:-0.9422219395637512, mean_queue:10.850000381469727
intersection:7, mean_episode_reward:0.07333330810070038, mean_queue:9.744444847106934
intersection:8, mean_episode_reward:-0.1455555558204651, mean_queue:9.800000190734863
intersection:9, mean_episode_reward:-0.5011110901832581, mean_queue:10.550000190734863
intersection:10, mean_episode_reward:-1.2066668272018433, mean_queue:11.461111068725586
intersection:11, mean_episode_reward:-0.478333443403244, mean_queue:10.061111450195312
intersection:12, mean_episode_reward:0.2166665643453598, mean_queue:10.122221946716309
intersection:13, mean_episode_reward:-0.07777774333953857, mean_queue:10.23888874053955
intersection:14, mean_episode_reward:-0.4100000262260437, mean_queue:9.994444847106934
intersection:15, mean_episode_reward:-0.11277778446674347, mean_queue:9.872221946716309
intersection:16, mean_episode_reward:-0.04444444924592972, mean_queue:0.8055555820465088
intersection:17, mean_episode_reward:0.0855555608868599, mean_queue:0.9166666865348816
intersection:18, mean_episode_reward:0.0811111107468605, mean_queue:0.8111110925674438
intersection:19, mean_episode_reward:0.21000003814697266, mean_queue:0.8277778029441833
intersection:20, mean_episode_reward:0.00222223112359643, mean_queue:0.7944444417953491
intersection:21, mean_episode_reward:0.06111113354563713, mean_queue:0.8444444537162781
intersection:22, mean_episode_reward:-0.021111100912094116, mean_queue:0.8611111044883728
intersection:23, mean_episode_reward:-0.015000002458691597, mean_queue:0.7944444417953491
intersection:24, mean_episode_reward:0.10833331197500229, mean_queue:0.7944444417953491
intersection:25, mean_episode_reward:0.030555548146367073, mean_queue:0.8333333134651184
intersection:26, mean_episode_reward:0.016111105680465698, mean_queue:0.6166666746139526
intersection:27, mean_episode_reward:0.018888887017965317, mean_queue:0.7388888597488403
intersection:28, mean_episode_reward:0.17611108720302582, mean_queue:0.7944444417953491
intersection:29, mean_episode_reward:0.0738888755440712, mean_queue:0.7222222089767456
intersection:30, mean_episode_reward:0.08611110597848892, mean_queue:0.8333333134651184
intersection:31, mean_episode_reward:0.022777777165174484, mean_queue:0.7777777910232544
episode:90/500, train_demand:raw_data/grid4x4/od_hubs/demand_set/train_00.rou.xml
step:1800/1800, q_loss:0.5129715204238892, rewards:-3.3150004069010417, queue:5.442708333333333, delay:0.03536645041571723, throughput:685
episode:90/500, real avg travel time:187.05839416058393
intersection:0, mean_episode_reward:0.10444443672895432, mean_queue:9.472222328186035
intersection:1, mean_episode_reward:-0.01666666939854622, mean_queue:9.766666412353516
intersection:2, mean_episode_reward:-0.24444445967674255, mean_queue:10.100000381469727
intersection:3, mean_episode_reward:-0.15888890624046326, mean_queue:9.63888931274414
intersection:4, mean_episode_reward:-0.25055551528930664, mean_queue:10.350000381469727
intersection:5, mean_episode_reward:-0.6744445562362671, mean_queue:10.366666793823242
intersection:6, mean_episode_reward:-0.7455555200576782, mean_queue:10.61111068725586
intersection:7, mean_episode_reward:0.12444446235895157, mean_queue:9.633333206176758
intersection:8, mean_episode_reward:-0.1111110970377922, mean_queue:9.605555534362793
intersection:9, mean_episode_reward:-0.5738890171051025, mean_queue:10.522222518920898
intersection:10, mean_episode_reward:-1.5038889646530151, mean_queue:11.344444274902344
intersection:11, mean_episode_reward:0.1316666603088379, mean_queue:9.827777862548828
intersection:12, mean_episode_reward:0.3122222125530243, mean_queue:10.149999618530273
intersection:13, mean_episode_reward:-0.16999997198581696, mean_queue:10.149999618530273
intersection:14, mean_episode_reward:-0.35388892889022827, mean_queue:9.949999809265137
intersection:15, mean_episode_reward:-0.20833337306976318, mean_queue:9.911110877990723
intersection:16, mean_episode_reward:-0.051111117005348206, mean_queue:0.8055555820465088
intersection:17, mean_episode_reward:0.14833331108093262, mean_queue:0.9166666865348816
intersection:18, mean_episode_reward:0.0949999988079071, mean_queue:0.8111110925674438
intersection:19, mean_episode_reward:0.08666666597127914, mean_queue:0.8277778029441833
intersection:20, mean_episode_reward:0.019444454461336136, mean_queue:0.7944444417953491
intersection:21, mean_episode_reward:0.04444446414709091, mean_queue:0.8444444537162781
intersection:22, mean_episode_reward:-0.004999990109354258, mean_queue:0.8611111044883728
intersection:23, mean_episode_reward:-0.01222222764045, mean_queue:0.7944444417953491
intersection:24, mean_episode_reward:0.10722219944000244, mean_queue:0.7944444417953491
intersection:25, mean_episode_reward:0.03555554896593094, mean_queue:0.8333333134651184
intersection:26, mean_episode_reward:0.07055555284023285, mean_queue:0.6166666746139526
intersection:27, mean_episode_reward:0.04277778044342995, mean_queue:0.7388888597488403
intersection:28, mean_episode_reward:0.26833322644233704, mean_queue:0.7944444417953491
intersection:29, mean_episode_reward:0.08888885378837585, mean_queue:0.7222222089767456
intersection:30, mean_episode_reward:0.06277778744697571, mean_queue:0.8333333134651184
intersection:31, mean_episode_reward:0.02222222089767456, mean_queue:0.7777777910232544
HELDOUT episode:90/500, demand:raw_data/grid4x4/od_hubs/demand_set/hold_00.rou.xml, travel time:188.03867403314916, rewards:-3.533332994249132, queue:5.459722222222222, delay:0.036877446704440646, throughput:724
HELDOUT episode:90/500, demand:raw_data/grid4x4/od_hubs/demand_set/hold_01.rou.xml, travel time:188.26023778071334, rewards:-3.61611090766059, queue:5.470659722222222, delay:0.0387125571568807, throughput:757
HELDOUT episode:90/500, demand:raw_data/grid4x4/od_hubs/demand_set/hold_02.rou.xml, travel time:187.5136612021858, rewards:-3.712777370876736, queue:5.483333333333333, delay:0.03898304833306206, throughput:732
HELDOUT_MEAN episode:90/500, travel time:187.93752433868278 (n=3)
episode:91/500, train_demand:raw_data/grid4x4/od_hubs/demand_set/train_01.rou.xml
step:1800/1800, q_loss:0.507203996181488, rewards:-3.020000542534722, queue:5.464930555555555, delay:0.03675212860107422, throughput:723
episode:91/500, real avg travel time:188.04702627939142
intersection:0, mean_episode_reward:0.23999996483325958, mean_queue:9.427778244018555
intersection:1, mean_episode_reward:0.051111117005348206, mean_queue:9.838889122009277
intersection:2, mean_episode_reward:-0.2083333134651184, mean_queue:10.022222518920898
intersection:3, mean_episode_reward:-0.07611111551523209, mean_queue:9.70555591583252
intersection:4, mean_episode_reward:-0.2388889044523239, mean_queue:10.355555534362793
intersection:5, mean_episode_reward:-1.0094448328018188, mean_queue:10.516666412353516
intersection:6, mean_episode_reward:-0.6783334612846375, mean_queue:10.755555152893066
intersection:7, mean_episode_reward:-0.12500004470348358, mean_queue:9.79444408416748
intersection:8, mean_episode_reward:-0.1505555361509323, mean_queue:9.605555534362793
intersection:9, mean_episode_reward:-0.311111181974411, mean_queue:10.622221946716309
intersection:10, mean_episode_reward:-1.1516666412353516, mean_queue:11.300000190734863
intersection:11, mean_episode_reward:0.25222212076187134, mean_queue:9.605555534362793
intersection:12, mean_episode_reward:0.065000019967556, mean_queue:10.183333396911621
intersection:13, mean_episode_reward:-0.1922222077846527, mean_queue:10.461111068725586
intersection:14, mean_episode_reward:-0.27222222089767456, mean_queue:9.977777481079102
intersection:15, mean_episode_reward:-0.2433333545923233, mean_queue:9.938888549804688
intersection:16, mean_episode_reward:-0.05277777090668678, mean_queue:0.8055555820465088
intersection:17, mean_episode_reward:0.09277775883674622, mean_queue:0.9166666865348816
intersection:18, mean_episode_reward:0.09777779877185822, mean_queue:0.8111110925674438
intersection:19, mean_episode_reward:0.05277777090668678, mean_queue:0.8277778029441833
intersection:20, mean_episode_reward:0.03111111931502819, mean_queue:0.7944444417953491
intersection:21, mean_episode_reward:0.05500001460313797, mean_queue:0.8444444537162781
intersection:22, mean_episode_reward:-0.020555540919303894, mean_queue:0.8611111044883728
intersection:23, mean_episode_reward:-0.012777774594724178, mean_queue:0.7944444417953491
intersection:24, mean_episode_reward:0.10666663944721222, mean_queue:0.7944444417953491
intersection:25, mean_episode_reward:0.05444442853331566, mean_queue:0.8333333134651184
intersection:26, mean_episode_reward:0.13055557012557983, mean_queue:0.6166666746139526
intersection:27, mean_episode_reward:0.046111106872558594, mean_queue:0.7388888597488403
intersection:28, mean_episode_reward:0.25055548548698425, mean_queue:0.7944444417953491
intersection:29, mean_episode_reward:0.12111110985279083, mean_queue:0.7222222089767456
intersection:30, mean_episode_reward:0.04888889938592911, mean_queue:0.8333333134651184
intersection:31, mean_episode_reward:0.027222217991948128, mean_queue:0.7777777910232544
episode:92/500, train_demand:raw_data/grid4x4/od_hubs/demand_set/train_02.rou.xml
step:1800/1800, q_loss:0.5058150291442871, rewards:-3.374445258246528, queue:5.477951388888889, delay:0.03920636706882053, throughput:741
episode:92/500, real avg travel time:189.09851551956814
intersection:0, mean_episode_reward:0.36166679859161377, mean_queue:9.5
intersection:1, mean_episode_reward:0.18888893723487854, mean_queue:9.744444847106934
intersection:2, mean_episode_reward:-0.02944437600672245, mean_queue:9.994444847106934
intersection:3, mean_episode_reward:-0.185555562376976, mean_queue:9.48888874053955
intersection:4, mean_episode_reward:-0.05722222477197647, mean_queue:10.316666603088379
intersection:5, mean_episode_reward:-1.2561116218566895, mean_queue:10.744444847106934
intersection:6, mean_episode_reward:-0.35555532574653625, mean_queue:10.76111125946045
intersection:7, mean_episode_reward:-0.0344444178044796, mean_queue:9.69444465637207
intersection:8, mean_episode_reward:-0.3538888990879059, mean_queue:9.777777671813965
intersection:9, mean_episode_reward:-0.1444445252418518, mean_queue:10.533333778381348
intersection:10, mean_episode_reward:-1.5322225093841553, mean_queue:11.527777671813965
intersection:11, mean_episode_reward:0.12333329766988754, mean_queue:9.744444847106934
intersection:12, mean_episode_reward:0.08222220093011856, mean_queue:10.161110877990723
intersection:13, mean_episode_reward:-0.8811113238334656, mean_queue:10.88888931274414
intersection:14, mean_episode_reward:-0.016666674986481667, mean_queue:9.94444465637207
intersection:15, mean_episode_reward:-0.12333334982395172, mean_queue:9.70555591583252
intersection:16, mean_episode_reward:-0.05166666954755783, mean_queue:0.8055555820465088
intersection:17, mean_episode_reward:0.09722219407558441, mean_queue:0.9166666865348816
intersection:18, mean_episode_reward:0.06555557250976562, mean_queue:0.8111110925674438
intersection:19, mean_episode_reward:0.11111115664243698, mean_queue:0.8277778029441833
intersection:20, mean_episode_reward:0.02222222462296486, mean_queue:0.7944444417953491
intersection:21, mean_episode_reward:0.024444444105029106, mean_queue:0.8444444537162781
intersection:22, mean_episode_reward:-0.015555547550320625, mean_queue:0.8611111044883728
intersection:23, mean_episode_reward:-0.015000002458691597, mean_queue:0.7944444417953491
intersection:24, mean_episode_reward:0.10944442451000214, mean_queue:0.7944444417953491
intersection:25, mean_episode_reward:0.04888886213302612, mean_queue:0.8333333134651184
intersection:26, mean_episode_reward:0.10222224146127701, mean_queue:0.6166666746139526
intersection:27, mean_episode_reward:0.017222223803400993, mean_queue:0.7388888597488403
intersection:28, mean_episode_reward:0.1738889068365097, mean_queue:0.7944444417953491
intersection:29, mean_episode_reward:0.0833333283662796, mean_queue:0.7222222089767456
intersection:30, mean_episode_reward:0.03666667267680168, mean_queue:0.8333333134651184
intersection:31, mean_episode_reward:0.029444439336657524, mean_queue:0.7777777910232544
episode:93/500, train_demand:raw_data/grid4x4/od_hubs/demand_set/train_03.rou.xml
step:1800/1800, q_loss:0.5044780373573303, rewards:-3.8966668023003472, queue:5.548263888888889, delay:0.043364297019110785, throughput:789
episode:93/500, real avg travel time:192.32699619771864
intersection:0, mean_episode_reward:0.09611111879348755, mean_queue:9.63888931274414
intersection:1, mean_episode_reward:0.07222223281860352, mean_queue:9.95555591583252
intersection:2, mean_episode_reward:-0.08333337306976318, mean_queue:10.161110877990723
intersection:3, mean_episode_reward:-0.17055556178092957, mean_queue:9.688888549804688
intersection:4, mean_episode_reward:-0.1433333158493042, mean_queue:10.44444465637207
intersection:5, mean_episode_reward:-0.3605555295944214, mean_queue:10.416666984558105
intersection:6, mean_episode_reward:-1.100555419921875, mean_queue:11.350000381469727
intersection:7, mean_episode_reward:-0.148333340883255, mean_queue:9.933333396911621
intersection:8, mean_episode_reward:-0.18111109733581543, mean_queue:9.88888931274414
intersection:9, mean_episode_reward:-0.8794447183609009, mean_queue:10.872221946716309
intersection:10, mean_episode_reward:-1.4761112928390503, mean_queue:11.772222518920898
intersection:11, mean_episode_reward:0.09333336353302002, mean_queue:9.855555534362793
intersection:12, mean_episode_reward:0.08055552840232849, mean_queue:10.322221755981445
intersection:13, mean_episode_reward:-0.3261111080646515, mean_queue:10.44444465637207
intersection:14, mean_episode_reward:-0.44611090421676636, mean_queue:10.144444465637207
intersection:15, mean_episode_reward:-0.1111110970377922, mean_queue:9.88888931274414
intersection:16, mean_episode_reward:-0.04500000923871994, mean_queue:0.8055555820465088
intersection:17, mean_episode_reward:0.13722217082977295, mean_queue:0.9166666865348816
intersection:18, mean_episode_reward:0.13055554032325745, mean_queue:0.8111110925674438
intersection:19, mean_episode_reward:0.17944446206092834, mean_queue:0.8277778029441833
intersection:20, mean_episode_reward:0.02944445051252842, mean_queue:0.7944444417953491
intersection:21, mean_episode_reward:0.031111108139157295, mean_queue:0.8444444537162781
intersection:22, mean_episode_reward:-0.028333330526947975, mean_queue:0.8611111044883728
intersection:23, mean_episode_reward:-0.015000002458691597, mean_queue:0.7944444417953491
intersection:24, mean_episode_reward:0.10666663944721222, mean_queue:0.7944444417953491
intersection:25, mean_episode_reward:0.058888889849185944, mean_queue:0.8333333134651184
intersection:26, mean_episode_reward:0.08722223341464996, mean_queue:0.6166666746139526
intersection:27, mean_episode_reward:0.08166667073965073, mean_queue:0.7388888597488403
intersection:28, mean_episode_reward:0.26222217082977295, mean_queue:0.7944444417953491
intersection:29, mean_episode_reward:0.13555553555488586, mean_queue:0.7222222089767456
intersection:30, mean_episode_reward:0.015000000596046448, mean_queue:0.8333333134651184
intersection:31, mean_episode_reward:0.02111111208796501, mean_queue:0.7777777910232544
episode:94/500, train_demand:raw_data/grid4x4/od_hubs/demand_set/train_04.rou.xml
step:1800/1800, q_loss:0.5046792030334473, rewards:-2.900555419921875, queue:5.433506944444445, delay:0.03664563496907552, throughput:700
episode:94/500, real avg travel time:188.28142857142856
intersection:0, mean_episode_reward:0.28333330154418945, mean_queue:9.438888549804688
intersection:1, mean_episode_reward:0.2999999225139618, mean_queue:9.655555725097656
intersection:2, mean_episode_reward:-0.09444448351860046, mean_queue:10.0
intersection:3, mean_episode_reward:-0.21777775883674622, mean_queue:9.605555534362793
intersection:4, mean_episode_reward:-0.017777767032384872, mean_queue:10.288888931274414
intersection:5, mean_episode_reward:-0.7216663956642151, mean_queue:10.472222328186035
intersection:6, mean_episode_reward:-0.7855555415153503, mean_queue:10.855555534362793
intersection:7, mean_episode_reward:-0.01000000536441803, mean_queue:9.777777671813965
intersection:8, mean_episode_reward:-0.47833335399627686, mean_queue:9.816666603088379
intersection:9, mean_episode_reward:-0.3805555999279022, mean_queue:10.394444465637207
intersection:10, mean_episode_reward:-1.288888931274414, mean_queue:11.01111125946045
intersection:11, mean_episode_reward:-0.24611110985279083, mean_queue:9.866666793823242
intersection:12, mean_episode_reward:0.38666677474975586, mean_queue:9.961111068725586
intersection:13, mean_episode_reward:-0.44611114263534546, mean_queue:10.333333015441895
intersection:14, mean_episode_reward:-0.0855555310845375, mean_queue:9.783333778381348
intersection:15, mean_episode_reward:-0.10555555671453476, mean_queue:9.844444274902344
intersection:16, mean_episode_reward:-0.05111110955476761, mean_queue:0.8055555820465088
intersection:17, mean_episode_reward:0.08444444835186005, mean_queue:0.9166666865348816
intersection:18, mean_episode_reward:0.07722221314907074, mean_queue:0.8111110925674438
intersection:19, mean_episode_reward:0.049444425851106644, mean_queue:0.8277778029441833
intersection:20, mean_episode_reward:-0.006666671019047499, mean_queue:0.7944444417953491
intersection:21, mean_episode_reward:0.0394444540143013, mean_queue:0.8444444537162781
intersection:22, mean_episode_reward:0.15666669607162476, mean_queue:0.8611111044883728
intersection:23, mean_episode_reward:-0.015000002458691597, mean_queue:0.7944444417953491
intersection:24, mean_episode_reward:0.10944442451000214, mean_queue:0.7944444417953491
intersection:25, mean_episode_reward:0.059999994933605194, mean_queue:0.8333333134651184
intersection:26, mean_episode_reward:0.08944443613290787, mean_queue:0.6166666746139526
intersection:27, mean_episode_reward:-0.0127777811139822, mean_queue:0.7388888597488403
intersection:28, mean_episode_reward:0.27111104130744934, mean_queue:0.7944444417953491
intersection:29, mean_episode_reward:0.04888889566063881, mean_queue:0.7222222089767456
intersection:30, mean_episode_reward:0.08166667819023132, mean_queue:0.8333333134651184
intersection:31, mean_episode_reward:0.025555552914738655, mean_queue:0.7777777910232544
episode:95/500, train_demand:raw_data/grid4x4/od_hubs/demand_set/train_05.rou.xml
step:1800/1800, q_loss:0.5047876238822937, rewards:-3.172222222222222, queue:5.4734375, delay:0.03870478736029731, throughput:744
episode:95/500, real avg travel time:190.96639784946237
intersection:0, mean_episode_reward:0.11555551737546921, mean_queue:9.577777862548828
intersection:1, mean_episode_reward:0.048888884484767914, mean_queue:9.755555152893066
intersection:2, mean_episode_reward:-0.2600000500679016, mean_queue:10.066666603088379
intersection:3, mean_episode_reward:-0.008333340287208557, mean_queue:9.566666603088379
intersection:4, mean_episode_reward:-0.4288889169692993, mean_queue:10.466666221618652
intersection:5, mean_episode_reward:-0.60999995470047, mean_queue:10.344444274902344
intersection:6, mean_episode_reward:-0.41499990224838257, mean_queue:10.655555725097656
intersection:7, mean_episode_reward:-0.0044444287195801735, mean_queue:9.822221755981445
intersection:8, mean_episode_reward:-0.4166666567325592, mean_queue:9.98888874053955
intersection:9, mean_episode_reward:-0.8238888382911682, mean_queue:10.616666793823242
intersection:10, mean_episode_reward:-0.8277778029441833, mean_queue:11.161110877990723
intersection:11, mean_episode_reward:-0.15000005066394806, mean_queue:9.905555725097656
intersection:12, mean_episode_reward:0.3611111640930176, mean_queue:10.122221946716309
intersection:13, mean_episode_reward:-0.09944448620080948, mean_queue:10.300000190734863
intersection:14, mean_episode_reward:-0.4716666042804718, mean_queue:10.161110877990723
intersection:15, mean_episode_reward:-0.11833339184522629, mean_queue:9.872221946716309
intersection:16, mean_episode_reward:-0.05222221836447716, mean_queue:0.8055555820465088
intersection:17, mean_episode_reward:0.11611109972000122, mean_queue:0.9166666865348816
intersection:18, mean_episode_reward:0.12111109495162964, mean_queue:0.8111110925674438
intersection:19, mean_episode_reward:0.07666666805744171, mean_queue:0.8277778029441833
intersection:20, mean_episode_reward:0.03333333507180214, mean_queue:0.7944444417953491
intersection:21, mean_episode_reward:0.027777785435318947, mean_queue:0.8444444537162781
intersection:22, mean_episode_reward:-0.025555547326803207, mean_queue:0.8611111044883728
intersection:23, mean_episode_reward:-0.015000002458691597, mean_queue:0.7944444417953491
intersection:24, mean_episode_reward:0.10888887196779251, mean_queue:0.7944444417953491
intersection:25, mean_episode_reward:0.053888872265815735, mean_queue:0.8333333134651184
intersection:26, mean_episode_reward:0.11222223937511444, mean_queue:0.6166666746139526
intersection:27, mean_episode_reward:0.03277776390314102, mean_queue:0.7388888597488403
intersection:28, mean_episode_reward:0.2427777349948883, mean_queue:0.7944444417953491
intersection:29, mean_episode_reward:0.05833333730697632, mean_queue:0.7222222089767456
intersection:30, mean_episode_reward:0.01833333820104599, mean_queue:0.8333333134651184
intersection:31, mean_episode_reward:0.027222217991948128, mean_queue:0.7777777910232544
episode:96/500, train_demand:raw_data/grid4x4/od_hubs/demand_set/train_06.rou.xml
step:1800/1800, q_loss:0.5008544921875, rewards:-3.258334011501736, queue:5.48125, delay:0.03982325394948324, throughput:730
episode:96/500, real avg travel time:189.47671232876712
intersection:0, mean_episode_reward:0.15777774155139923, mean_queue:9.583333015441895
intersection:1, mean_episode_reward:0.29222214221954346, mean_queue:9.766666412353516
intersection:2, mean_episode_reward:0.222777858376503, mean_queue:10.088889122009277
intersection:3, mean_episode_reward:-0.3061111271381378, mean_queue:9.811111450195312
intersection:4, mean_episode_reward:0.023333342745900154, mean_queue:10.277777671813965
intersection:5, mean_episode_reward:-1.0161110162734985, mean_queue:10.666666984558105
intersection:6, mean_episode_reward:-0.8111113905906677, mean_queue:11.04444408416748
intersection:7, mean_episode_reward:-0.08499995619058609, mean_queue:9.75
intersection:8, mean_episode_reward:0.0022222143597900867, mean_queue:9.527777671813965
intersection:9, mean_episode_reward:-0.32166656851768494, mean_queue:10.355555534362793
intersection:10, mean_episode_reward:-1.4727779626846313, mean_queue:11.55555534362793
intersection:11, mean_episode_reward:-0.03555559739470482, mean_queue:9.80555534362793
intersection:12, mean_episode_reward:0.09833331406116486, mean_queue:10.19444465637207
intersection:13, mean_episode_reward:-0.33055558800697327, mean_queue:10.438888549804688
intersection:14, mean_episode_reward:-0.40777790546417236, mean_queue:9.972222328186035
intersection:15, mean_episode_reward:-0.19055555760860443, mean_queue:9.79444408416748
intersection:16, mean_episode_reward:-0.05055555701255798, mean_queue:0.8055555820465088
intersection:17, mean_episode_reward:0.12111109495162964, mean_queue:0.9166666865348816
intersection:18, mean_episode_reward:0.09000001847743988, mean_queue:0.8111110925674438
intersection:19, mean_episode_reward:0.06611111760139465, mean_queue:0.8277778029441833
intersection:20, mean_episode_reward:0.01666666567325592, mean_queue:0.7944444417953491
intersection:21, mean_episode_reward:0.0072222244925796986, mean_queue:0.8444444537162781
intersection:22, mean_episode_reward:-0.021111100912094116, mean_queue:0.8611111044883728
intersection:23, mean_episode_reward:-0.015000002458691597, mean_queue:0.7944444417953491
intersection:24, mean_episode_reward:0.10722219944000244, mean_queue:0.7944444417953491
intersection:25, mean_episode_reward:0.10055556893348694, mean_queue:0.8333333134651184
intersection:26, mean_episode_reward:0.1277777999639511, mean_queue:0.6166666746139526
intersection:27, mean_episode_reward:0.005555544048547745, mean_queue:0.7388888597488403
intersection:28, mean_episode_reward:0.2061111032962799, mean_queue:0.7944444417953491
intersection:29, mean_episode_reward:0.09333332628011703, mean_queue:0.7222222089767456
intersection:30, mean_episode_reward:0.04000001400709152, mean_queue:0.8333333134651184
intersection:31, mean_episode_reward:0.027222217991948128, mean_queue:0.7777777910232544
episode:97/500, train_demand:raw_data/grid4x4/od_hubs/demand_set/train_07.rou.xml
step:1800/1800, q_loss:0.49897536635398865, rewards:-3.4788892957899304, queue:5.477256944444444, delay:0.03950654135810004, throughput:750
episode:97/500, real avg travel time:187.508
intersection:0, mean_episode_reward:0.2544444799423218, mean_queue:9.405555725097656
intersection:1, mean_episode_reward:0.2561110258102417, mean_queue:9.699999809265137
intersection:2, mean_episode_reward:-0.2777777910232544, mean_queue:10.083333015441895
intersection:3, mean_episode_reward:-0.23777775466442108, mean_queue:9.711111068725586
intersection:4, mean_episode_reward:-0.28722208738327026, mean_queue:10.316666603088379
intersection:5, mean_episode_reward:-0.8438887596130371, mean_queue:10.266666412353516
intersection:6, mean_episode_reward:-0.6683334112167358, mean_queue:10.800000190734863
intersection:7, mean_episode_reward:-0.20666667819023132, mean_queue:10.05555534362793
intersection:8, mean_episode_reward:-0.21722230315208435, mean_queue:9.75
intersection:9, mean_episode_reward:-0.7500002384185791, mean_queue:10.744444847106934
intersection:10, mean_episode_reward:-1.128333568572998, mean_queue:11.322221755981445
intersection:11, mean_episode_reward:0.29888904094696045, mean_queue:9.699999809265137
intersection:12, mean_episode_reward:0.0994444414973259, mean_queue:10.177778244018555
intersection:13, mean_episode_reward:-0.24944446980953217, mean_queue:10.461111068725586
intersection:14, mean_episode_reward:-0.2233334183692932, mean_queue:10.061111450195312
intersection:15, mean_episode_reward:-0.25777775049209595, mean_queue:9.949999809265137
intersection:16, mean_episode_reward:-0.05277777090668678, mean_queue:0.8055555820465088
intersection:17, mean_episode_reward:0.13499999046325684, mean_queue:0.9166666865348816
intersection:18, mean_episode_reward:0.08555558323860168, mean_queue:0.8111110925674438
intersection:19, mean_episode_reward:0.06388889253139496, mean_queue:0.8277778029441833
intersection:20, mean_episode_reward:0.04666665568947792, mean_queue:0.7944444417953491
intersection:21, mean_episode_reward:0.042222220450639725, mean_queue:0.8444444537162781
intersection:22, mean_episode_reward:-0.020555540919303894, mean_queue:0.8611111044883728
intersection:23, mean_episode_reward:-0.015000002458691597, mean_queue:0.7944444417953491
intersection:24, mean_episode_reward:0.10722219944000244, mean_queue:0.7944444417953491
intersection:25, mean_episode_reward:0.05222221091389656, mean_queue:0.8333333134651184
intersection:26, mean_episode_reward:0.11000000685453415, mean_queue:0.6166666746139526
intersection:27, mean_episode_reward:0.016666661947965622, mean_queue:0.7388888597488403
intersection:28, mean_episode_reward:0.29944437742233276, mean_queue:0.7944444417953491
intersection:29, mean_episode_reward:0.06055556982755661, mean_queue:0.7222222089767456
intersection:30, mean_episode_reward:0.00888889655470848, mean_queue:0.8333333134651184
intersection:31, mean_episode_reward:0.019999999552965164, mean_queue:0.7777777910232544
episode:98/500, train_demand:raw_data/grid4x4/od_hubs/demand_set/train_08.rou.xml
step:1800/1800, q_loss:0.4961153268814087, rewards:-3.707777913411458, queue:5.493402777777778, delay:0.039468002319335935, throughput:763
episode:98/500, real avg travel time:189.29226736566187
intersection:0, mean_episode_reward:0.16277776658535004, mean_queue:9.583333015441895
intersection:1, mean_episode_reward:0.07722222059965134, mean_queue:9.94444465637207
intersection:2, mean_episode_reward:-0.2977778911590576, mean_queue:10.066666603088379
intersection:3, mean_episode_reward:0.10222221910953522, mean_queue:9.644444465637207
intersection:4, mean_episode_reward:-0.2966666519641876, mean_queue:10.377778053283691
intersection:5, mean_episode_reward:-0.9161109328269958, mean_queue:10.333333015441895
intersection:6, mean_episode_reward:-0.5861110091209412, mean_queue:10.811111450195312
intersection:7, mean_episode_reward:-0.4049999713897705, mean_queue:10.05555534362793
intersection:8, mean_episode_reward:-0.0899999737739563, mean_queue:9.838889122009277
intersection:9, mean_episode_reward:-0.6177778244018555, mean_queue:10.666666984558105
intersection:10, mean_episode_reward:-1.472222089767456, mean_queue:11.594444274902344
intersection:11, mean_episode_reward:0.06944438815116882, mean_queue:9.627778053283691
intersection:12, mean_episode_reward:0.35777774453163147, mean_queue:10.127778053283691
intersection:13, mean_episode_reward:-0.1555556356906891, mean_queue:10.377778053283691
intersection:14, mean_episode_reward:-0.5594444870948792, mean_queue:10.13888931274414
intersection:15, mean_episode_reward:-0.17111113667488098, mean_queue:9.833333015441895
intersection:16, mean_episode_reward:-0.03666666895151138, mean_queue:0.8055555820465088
intersection:17, mean_episode_reward:0.11222220212221146, mean_queue:0.9166666865348816
intersection:18, mean_episode_reward:0.06333333998918533, mean_queue:0.8111110925674438
intersection:19, mean_episode_reward:0.134444460272789, mean_queue:0.8277778029441833
intersection:20, mean_episode_reward:0.0122222313657403, mean_queue:0.7944444417953491
intersection:21, mean_episode_reward:0.11722221225500107, mean_queue:0.8444444537162781
intersection:22, mean_episode_reward:0.0061111170798540115, mean_queue:0.8611111044883728
intersection:23, mean_episode_reward:-0.006111109163612127, mean_queue:0.7944444417953491
intersection:24, mean_episode_reward:0.10722219944000244, mean_queue:0.7944444417953491
intersection:25, mean_episode_reward:0.03722221404314041, mean_queue:0.8333333134651184
intersection:26, mean_episode_reward:0.09000000357627869, mean_queue:0.6166666746139526
intersection:27, mean_episode_reward:0.04944443330168724, mean_queue:0.7388888597488403
intersection:28, mean_episode_reward:0.2688888609409332, mean_queue:0.7944444417953491
intersection:29, mean_episode_reward:0.050000015646219254, mean_queue:0.7222222089767456
intersection:30, mean_episode_reward:0.05777778476476669, mean_queue:0.8333333134651184
intersection:31, mean_episode_reward:0.027222217991948128, mean_queue:0.7777777910232544
episode:99/500, train_demand:raw_data/grid4x4/od_hubs/demand_set/train_09.rou.xml
step:1800/1800, q_loss:0.5008675456047058, rewards:-3.4027767605251737, queue:5.485069444444444, delay:0.03933556344774034, throughput:723
episode:99/500, real avg travel time:191.1825726141079
intersection:0, mean_episode_reward:0.0811111330986023, mean_queue:9.616666793823242
intersection:1, mean_episode_reward:0.20722219347953796, mean_queue:9.80555534362793
intersection:2, mean_episode_reward:0.1388888657093048, mean_queue:9.994444847106934
intersection:3, mean_episode_reward:-0.06277775764465332, mean_queue:9.533333778381348
intersection:4, mean_episode_reward:-0.10166667401790619, mean_queue:10.383333206176758
intersection:5, mean_episode_reward:-0.8538886904716492, mean_queue:10.399999618530273
intersection:6, mean_episode_reward:-1.0116666555404663, mean_queue:11.038888931274414
intersection:7, mean_episode_reward:-0.09055542200803757, mean_queue:9.755555152893066
intersection:8, mean_episode_reward:-0.36611106991767883, mean_queue:9.972222328186035
intersection:9, mean_episode_reward:-0.15166665613651276, mean_queue:10.566666603088379
intersection:10, mean_episode_reward:-1.4244440793991089, mean_queue:11.644444465637207
intersection:11, mean_episode_reward:-0.21444439888000488, mean_queue:9.883333206176758
intersection:12, mean_episode_reward:0.22722227871418, mean_queue:10.133333206176758
intersection:13, mean_episode_reward:-0.08166671544313431, mean_queue:10.188888549804688
intersection:14, mean_episode_reward:-0.33611103892326355, mean_queue:9.972222328186035
intersection:15, mean_episode_reward:-0.2877778708934784, mean_queue:9.866666793823242
intersection:16, mean_episode_reward:-0.03888889029622078, mean_queue:0.8055555820465088
intersection:17, mean_episode_reward:0.08611111342906952, mean_queue:0.9166666865348816
intersection:18, mean_episode_reward:0.0949999988079071, mean_queue:0.8111110925674438
intersection:19, mean_episode_reward:0.21555554866790771, mean_queue:0.8277778029441833
intersection:20, mean_episode_reward:0.006111116614192724, mean_queue:0.7944444417953491
intersection:21, mean_episode_reward:0.06111113727092743, mean_queue:0.8444444537162781
intersection:22, mean_episode_reward:-0.030555548146367073, mean_queue:0.8611111044883728
intersection:23, mean_episode_reward:-0.015000002458691597, mean_queue:0.7944444417953491
intersection:24, mean_episode_reward:0.10833331197500229, mean_queue:0.7944444417953491
intersection:25, mean_episode_reward:0.02999999187886715, mean_queue:0.8333333134651184
intersection:26, mean_episode_reward:0.028333330526947975, mean_queue:0.6166666746139526
intersection:27, mean_episode_reward:0.05277777090668678, mean_queue:0.7388888597488403
intersection:28, mean_episode_reward:0.1644444316625595, mean_queue:0.7944444417953491
intersection:29, mean_episode_reward:0.04555558040738106, mean_queue:0.7222222089767456
intersection:30, mean_episode_reward:0.09666663408279419, mean_queue:0.8333333134651184
intersection:31, mean_episode_reward:0.019999999552965164, mean_queue:0.7777777910232544
episode:100/500, train_demand:raw_data/grid4x4/od_hubs/demand_set/train_00.rou.xml
step:1800/1800, q_loss:0.49910086393356323, rewards:-3.0327779134114583, queue:5.430381944444444, delay:0.0345874203575982, throughput:690
episode:100/500, real avg travel time:185.96376811594203
intersection:0, mean_episode_reward:-0.092777781188488, mean_queue:9.633333206176758
intersection:1, mean_episode_reward:0.19166666269302368, mean_queue:9.616666793823242
intersection:2, mean_episode_reward:-0.320555716753006, mean_queue:10.04444408416748
intersection:3, mean_episode_reward:-0.04333330690860748, mean_queue:9.48888874053955
intersection:4, mean_episode_reward:-0.17555557191371918, mean_queue:10.29444408416748
intersection:5, mean_episode_reward:-0.6949999928474426, mean_queue:10.377778053283691
intersection:6, mean_episode_reward:-0.7883332967758179, mean_queue:10.677778244018555
intersection:7, mean_episode_reward:0.054999999701976776, mean_queue:9.811111450195312
intersection:8, mean_episode_reward:-0.054444439709186554, mean_queue:9.55555534362793
intersection:9, mean_episode_reward:-0.6772222518920898, mean_queue:10.516666412353516
intersection:10, mean_episode_reward:-1.4016666412353516, mean_queue:11.272222518920898
intersection:11, mean_episode_reward:0.22499996423721313, mean_queue:9.622221946716309
intersection:12, mean_episode_reward:0.37388893961906433, mean_queue:10.05555534362793
intersection:13, mean_episode_reward:-0.21055546402931213, mean_queue:10.211111068725586
intersection:14, mean_episode_reward:-0.11777777969837189, mean_queue:9.894444465637207
intersection:15, mean_episode_reward:-0.304999977350235, mean_queue:9.933333396911621
intersection:16, mean_episode_reward:-0.051111117005348206, mean_queue:0.8055555820465088
intersection:17, mean_episode_reward:0.12333328276872635, mean_queue:0.9166666865348816
intersection:18, mean_episode_reward:0.09388888627290726, mean_queue:0.8111110925674438
intersection:19, mean_episode_reward:0.08388888835906982, mean_queue:0.8277778029441833
intersection:20, mean_episode_reward:0.018333349376916885, mean_queue:0.7944444417953491
intersection:21, mean_episode_reward:0.031666677445173264, mean_queue:0.8444444537162781
intersection:22, mean_episode_reward:0.07444445043802261, mean_queue:0.8611111044883728
intersection:23, mean_episode_reward:-0.013888895511627197, mean_queue:0.7944444417953491
intersection:24, mean_episode_reward:0.10722219944000244, mean_queue:0.7944444417953491
intersection:25, mean_episode_reward:0.03222221881151199, mean_queue:0.8333333134651184
intersection:26, mean_episode_reward:0.08166667819023132, mean_queue:0.6166666746139526
intersection:27, mean_episode_reward:0.051666658371686935, mean_queue:0.7388888597488403
intersection:28, mean_episode_reward:0.19833329319953918, mean_queue:0.7944444417953491
intersection:29, mean_episode_reward:0.11277775466442108, mean_queue:0.7222222089767456
intersection:30, mean_episode_reward:0.03833333030343056, mean_queue:0.8333333134651184
intersection:31, mean_episode_reward:0.021111108362674713, mean_queue:0.7777777910232544
HELDOUT episode:100/500, demand:raw_data/grid4x4/od_hubs/demand_set/hold_00.rou.xml, travel time:186.9615912208505, rewards:-3.5949998643663195, queue:5.468229166666666, delay:0.036783758799235025, throughput:729
HELDOUT episode:100/500, demand:raw_data/grid4x4/od_hubs/demand_set/hold_01.rou.xml, travel time:188.0092105263158, rewards:-3.645555623372396, queue:5.4710069444444445, delay:0.039147302839491104, throughput:760
HELDOUT episode:100/500, demand:raw_data/grid4x4/od_hubs/demand_set/hold_02.rou.xml, travel time:189.37142857142857, rewards:-3.8944444444444444, queue:5.481076388888889, delay:0.039616192711724174, throughput:735
HELDOUT_MEAN episode:100/500, travel time:188.11407677286493 (n=3)
episode:101/500, train_demand:raw_data/grid4x4/od_hubs/demand_set/train_01.rou.xml
step:1800/1800, q_loss:0.4958614706993103, rewards:-3.091666666666667, queue:5.46875, delay:0.03786855273776584, throughput:716
episode:101/500, real avg travel time:191.10893854748602
intersection:0, mean_episode_reward:0.2755555212497711, mean_queue:9.422222137451172
intersection:1, mean_episode_reward:0.2294444441795349, mean_queue:9.80555534362793
intersection:2, mean_episode_reward:-0.09833336621522903, mean_queue:9.94444465637207
intersection:3, mean_episode_reward:-0.1594444364309311, mean_queue:9.627778053283691
intersection:4, mean_episode_reward:-0.07000000774860382, mean_queue:10.350000381469727
intersection:5, mean_episode_reward:-1.2594444751739502, mean_queue:10.655555725097656
intersection:6, mean_episode_reward:-0.8533334732055664, mean_queue:10.766666412353516
intersection:7, mean_episode_reward:0.18333326280117035, mean_queue:9.70555591583252
intersection:8, mean_episode_reward:-0.25111109018325806, mean_queue:9.727777481079102
intersection:9, mean_episode_reward:-0.32999998331069946, mean_queue:10.594444274902344
intersection:10, mean_episode_reward:-1.303332805633545, mean_queue:11.288888931274414
intersection:11, mean_episode_reward:-0.2644444704055786, mean_queue:10.016666412353516
intersection:12, mean_episode_reward:0.32277771830558777, mean_queue:10.0
intersection:13, mean_episode_reward:-0.09833332896232605, mean_queue:10.29444408416748
intersection:14, mean_episode_reward:-0.3766666352748871, mean_queue:10.188888549804688
intersection:15, mean_episode_reward:-0.06777775287628174, mean_queue:9.844444274902344
intersection:16, mean_episode_reward:-0.05277777090668678, mean_queue:0.8055555820465088
intersection:17, mean_episode_reward:0.09277775883674622, mean_queue:0.9166666865348816
intersection:18, mean_episode_reward:0.07833335548639297, mean_queue:0.8111110925674438
intersection:19, mean_episode_reward:0.05055554583668709, mean_queue:0.8277778029441833
intersection:20, mean_episode_reward:0.03111111931502819, mean_queue:0.7944444417953491
intersection:21, mean_episode_reward:0.03555556759238243, mean_queue:0.8444444537162781
intersection:22, mean_episode_reward:-0.02722221426665783, mean_queue:0.8611111044883728
intersection:23, mean_episode_reward:-0.014444445259869099, mean_queue:0.7944444417953491
intersection:24, mean_episode_reward:0.10777775198221207, mean_queue:0.7944444417953491
intersection:25, mean_episode_reward:0.05499998852610588, mean_queue:0.8333333134651184
intersection:26, mean_episode_reward:0.12333333492279053, mean_queue:0.6166666746139526
intersection:27, mean_episode_reward:0.0416666604578495, mean_queue:0.7388888597488403
intersection:28, mean_episode_reward:0.23499992489814758, mean_queue:0.7944444417953491
intersection:29, mean_episode_reward:0.15333333611488342, mean_queue:0.7222222089767456
intersection:30, mean_episode_reward:0.0922221913933754, mean_queue:0.8333333134651184
intersection:31, mean_episode_reward:0.027222217991948128, mean_queue:0.7777777910232544
episode:102/500, train_demand:raw_data/grid4x4/od_hubs/demand_set/train_02.rou.xml
step:1800/1800, q_loss:0.49771848320961, rewards:-3.2211107042100693, queue:5.469965277777778, delay:0.038189249568515354, throughput:745
episode:102/500, real avg travel time:187.7288590604027
intersection:0, mean_episode_reward:0.2744443714618683, mean_queue:9.550000190734863
intersection:1, mean_episode_reward:0.1544443964958191, mean_queue:9.69444465637207
intersection:2, mean_episode_reward:-0.09111110121011734, mean_queue:9.916666984558105
intersection:3, mean_episode_reward:-0.2283332794904709, mean_queue:9.527777671813965
intersection:4, mean_episode_reward:-0.092777781188488, mean_queue:10.29444408416748
intersection:5, mean_episode_reward:-0.8116665482521057, mean_queue:10.44444465637207
intersection:6, mean_episode_reward:-0.7166666388511658, mean_queue:10.788888931274414
intersection:7, mean_episode_reward:0.06166667863726616, mean_queue:9.816666603088379
intersection:8, mean_episode_reward:-0.3027777373790741, mean_queue:9.777777671813965
intersection:9, mean_episode_reward:-0.42722219228744507, mean_queue:10.788888931274414
intersection:10, mean_episode_reward:-1.4977777004241943, mean_queue:11.48888874053955
intersection:11, mean_episode_reward:0.09277772158384323, mean_queue:9.73888874053955
intersection:12, mean_episode_reward:0.23222221434116364, mean_queue:10.13888931274414
intersection:13, mean_episode_reward:-0.6955556273460388, mean_queue:10.699999809265137
intersection:14, mean_episode_reward:-0.008333293721079826, mean_queue:9.911110877990723
intersection:15, mean_episode_reward:-0.12888887524604797, mean_queue:9.69444465637207
intersection:16, mean_episode_reward:-0.05222221836447716, mean_queue:0.8055555820465088
intersection:17, mean_episode_reward:0.09777774661779404, mean_queue:0.9166666865348816
intersection:18, mean_episode_reward:0.07777779549360275, mean_queue:0.8111110925674438
intersection:19, mean_episode_reward:0.09555558115243912, mean_queue:0.8277778029441833
intersection:20, mean_episode_reward:0.034444455057382584, mean_queue:0.7944444417953491
intersection:21, mean_episode_reward:0.015555557794868946, mean_queue:0.8444444537162781
intersection:22, mean_episode_reward:0.006111126393079758, mean_queue:0.8611111044883728
intersection:23, mean_episode_reward:-0.013333337381482124, mean_queue:0.7944444417953491
intersection:24, mean_episode_reward:0.10944442451000214, mean_queue:0.7944444417953491
intersection:25, mean_episode_reward:0.03555554896593094, mean_queue:0.8333333134651184
intersection:26, mean_episode_reward:0.14777782559394836, mean_queue:0.6166666746139526
intersection:27, mean_episode_reward:0.014444444328546524, mean_queue:0.7388888597488403
intersection:28, mean_episode_reward:0.17777778208255768, mean_queue:0.7944444417953491
intersection:29, mean_episode_reward:0.13333331048488617, mean_queue:0.7222222089767456
intersection:30, mean_episode_reward:0.05666667968034744, mean_queue:0.8333333134651184
intersection:31, mean_episode_reward:0.02777777425944805, mean_queue:0.7777777910232544
episode:103/500, train_demand:raw_data/grid4x4/od_hubs/demand_set/train_03.rou.xml
step:1800/1800, q_loss:0.4989420473575592, rewards:-3.775555419921875, queue:5.556597222222222, delay:0.04303529527452257, throughput:790
episode:103/500, real avg travel time:193.02278481012658
intersection:0, mean_episode_reward:0.14944447576999664, mean_queue:9.577777862548828
intersection:1, mean_episode_reward:-0.0016666008159518242, mean_queue:9.927778244018555
intersection:2, mean_episode_reward:-0.07611116021871567, mean_queue:10.13888931274414
intersection:3, mean_episode_reward:-0.3666665852069855, mean_queue:9.716666221618652
intersection:4, mean_episode_reward:-0.38999998569488525, mean_queue:10.55555534362793
intersection:5, mean_episode_reward:-0.1555556356906891, mean_queue:10.461111068725586
intersection:6, mean_episode_reward:-1.0816664695739746, mean_queue:11.494444847106934
intersection:7, mean_episode_reward:-0.03166661038994789, mean_queue:9.911110877990723
intersection:8, mean_episode_reward:-0.010555560700595379, mean_queue:9.76111125946045
intersection:9, mean_episode_reward:-0.5311111211776733, mean_queue:10.772222518920898
intersection:10, mean_episode_reward:-1.767777681350708, mean_queue:11.983333587646484
intersection:11, mean_episode_reward:0.036666687577962875, mean_queue:9.866666793823242
intersection:12, mean_episode_reward:0.08888892084360123, mean_queue:10.244444847106934
intersection:13, mean_episode_reward:-0.3122222125530243, mean_queue:10.516666412353516
intersection:14, mean_episode_reward:-0.1783333420753479, mean_queue:10.094444274902344
intersection:15, mean_episode_reward:-0.3216666579246521, mean_queue:10.022222518920898
intersection:16, mean_episode_reward:-0.04444444924592972, mean_queue:0.8055555820465088
intersection:17, mean_episode_reward:0.15888887643814087, mean_queue:0.9166666865348816
intersection:18, mean_episode_reward:0.162222221493721, mean_queue:0.8111110925674438
intersection:19, mean_episode_reward:0.14444445073604584, mean_queue:0.8277778029441833
intersection:20, mean_episode_reward:0.029444456100463867, mean_queue:0.7944444417953491
intersection:21, mean_episode_reward:0.04111112281680107, mean_queue:0.8444444537162781
intersection:22, mean_episode_reward:-0.033888883888721466, mean_queue:0.8611111044883728
intersection:23, mean_episode_reward:-0.015000002458691597, mean_queue:0.7944444417953491
intersection:24, mean_episode_reward:0.10666663944721222, mean_queue:0.7944444417953491
intersection:25, mean_episode_reward:0.038888879120349884, mean_queue:0.8333333134651184
intersection:26, mean_episode_reward:0.08500000089406967, mean_queue:0.6166666746139526
intersection:27, mean_episode_reward:0.06666666269302368, mean_queue:0.7388888597488403
intersection:28, mean_episode_reward:0.24333328008651733, mean_queue:0.7944444417953491
intersection:29, mean_episode_reward:0.14444442093372345, mean_queue:0.7222222089767456
intersection:30, mean_episode_reward:0.023333340883255005, mean_queue:0.8333333134651184
intersection:31, mean_episode_reward:0.02333333157002926, mean_queue:0.7777777910232544
episode:104/500, train_demand:raw_data/grid4x4/od_hubs/demand_set/train_04.rou.xml
step:1800/1800, q_loss:0.49537938833236694, rewards:-3.0466661241319444, queue:5.431076388888889, delay:0.03578496509128147, throughput:698
episode:104/500, real avg travel time:187.23925501432666
intersection:0, mean_episode_reward:0.319444477558136, mean_queue:9.44444465637207
intersection:1, mean_episode_reward:0.19666677713394165, mean_queue:9.677778244018555
intersection:2, mean_episode_reward:0.06777779012918472, mean_queue:9.855555534362793
intersection:3, mean_episode_reward:-0.27666667103767395, mean_queue:9.672222137451172
intersection:4, mean_episode_reward:-0.02499999664723873, mean_queue:10.227777481079102
intersection:5, mean_episode_reward:-0.4822220802307129, mean_queue:10.233333587646484
intersection:6, mean_episode_reward:-1.139444351196289, mean_queue:10.95555591583252
intersection:7, mean_episode_reward:-0.10333340615034103, mean_queue:9.688888549804688
intersection:8, mean_episode_reward:-0.46666646003723145, mean_queue:9.866666793823242
intersection:9, mean_episode_reward:-0.6294443607330322, mean_queue:10.516666412353516
intersection:10, mean_episode_reward:-1.2027777433395386, mean_queue:11.266666412353516
intersection:11, mean_episode_reward:0.0494445264339447, mean_queue:9.722222328186035
intersection:12, mean_episode_reward:0.2761111557483673, mean_queue:9.983333587646484
intersection:13, mean_episode_reward:-0.1877778172492981, mean_queue:10.166666984558105
intersection:14, mean_episode_reward:-0.23722222447395325, mean_queue:9.88888931274414
intersection:15, mean_episode_reward:-0.22333325445652008, mean_queue:9.86111068725586
intersection:16, mean_episode_reward:-0.05055555701255798, mean_queue:0.8055555820465088
intersection:17, mean_episode_reward:0.08666666597127914, mean_queue:0.9166666865348816
intersection:18, mean_episode_reward:0.04222222417593002, mean_queue:0.8111110925674438
intersection:19, mean_episode_reward:0.056111108511686325, mean_queue:0.8277778029441833
intersection:20, mean_episode_reward:-0.00611111568287015, mean_queue:0.7944444417953491
intersection:21, mean_episode_reward:0.0394444540143013, mean_queue:0.8444444537162781
intersection:22, mean_episode_reward:0.018333327025175095, mean_queue:0.8611111044883728
intersection:23, mean_episode_reward:-0.015000002458691597, mean_queue:0.7944444417953491
intersection:24, mean_episode_reward:0.10833331197500229, mean_queue:0.7944444417953491
intersection:25, mean_episode_reward:0.04333331808447838, mean_queue:0.8333333134651184
intersection:26, mean_episode_reward:0.12000001966953278, mean_queue:0.6166666746139526
intersection:27, mean_episode_reward:0.04277777299284935, mean_queue:0.7388888597488403
intersection:28, mean_episode_reward:0.2894443869590759, mean_queue:0.7944444417953491
intersection:29, mean_episode_reward:0.1088888943195343, mean_queue:0.7222222089767456
intersection:30, mean_episode_reward:0.10611109435558319, mean_queue:0.8333333134651184
intersection:31, mean_episode_reward:0.02777777425944805, mean_queue:0.7777777910232544
episode:105/500, train_demand:raw_data/grid4x4/od_hubs/demand_set/train_05.rou.xml
step:1800/1800, q_loss:0.4931354820728302, rewards:-3.0505557590060763, queue:5.448784722222222, delay:0.03560238414340549, throughput:740
episode:105/500, real avg travel time:187.1283783783784
intersection:0, mean_episode_reward:0.2016666680574417, mean_queue:9.566666603088379
intersection:1, mean_episode_reward:0.16000010073184967, mean_queue:9.79444408416748
intersection:2, mean_episode_reward:-0.07944445312023163, mean_queue:9.916666984558105
intersection:3, mean_episode_reward:-0.1477777361869812, mean_queue:9.661110877990723
intersection:4, mean_episode_reward:-0.22166667878627777, mean_queue:10.300000190734863
intersection:5, mean_episode_reward:-1.0622221231460571, mean_queue:10.427778244018555
intersection:6, mean_episode_reward:-0.6238890290260315, mean_queue:10.649999618530273
intersection:7, mean_episode_reward:-0.0555555485188961, mean_queue:9.79444408416748
intersection:8, mean_episode_reward:-0.217222198843956, mean_queue:9.811111450195312
intersection:9, mean_episode_reward:-0.3233333230018616, mean_queue:10.25
intersection:10, mean_episode_reward:-0.972777783870697, mean_queue:11.183333396911621
intersection:11, mean_episode_reward:-0.0672222450375557, mean_queue:9.911110877990723
intersection:12, mean_episode_reward:0.09222220629453659, mean_queue:10.216666221618652
intersection:13, mean_episode_reward:-0.17333325743675232, mean_queue:10.322221755981445
intersection:14, mean_episode_reward:-0.30500006675720215, mean_queue:9.911110877990723
intersection:15, mean_episode_reward:-0.1616666615009308, mean_queue:9.877778053283691
intersection:16, mean_episode_reward:-0.05166666954755783, mean_queue:0.8055555820465088
intersection:17, mean_episode_reward:0.10555553436279297, mean_queue:0.9166666865348816
intersection:18, mean_episode_reward:0.10944444686174393, mean_queue:0.8111110925674438
intersection:19, mean_episode_reward:0.06888889521360397, mean_queue:0.8277778029441833
intersection:20, mean_episode_reward:0.03222222253680229, mean_queue:0.7944444417953491
intersection:21, mean_episode_reward:0.024444444105029106, mean_queue:0.8444444537162781
intersection:22, mean_episode_reward:-0.025555547326803207, mean_queue:0.8611111044883728
intersection:23, mean_episode_reward:-0.015000002458691597, mean_queue:0.7944444417953491
intersection:24, mean_episode_reward:0.10777775198221207, mean_queue:0.7944444417953491
intersection:25, mean_episode_reward:0.06388889253139496, mean_queue:0.8333333134651184
intersection:26, mean_episode_reward:0.07499999552965164, mean_queue:0.6166666746139526
intersection:27, mean_episode_reward:0.014444436877965927, mean_queue:0.7388888597488403
intersection:28, mean_episode_reward:0.2611110806465149, mean_queue:0.7944444417953491
intersection:29, mean_episode_reward:0.07277777045965195, mean_queue:0.7222222089767456
intersection:30, mean_episode_reward:0.036111120134592056, mean_queue:0.8333333134651184
intersection:31, mean_episode_reward:0.027222217991948128, mean_queue:0.7777777910232544
episode:106/500, train_demand:raw_data/grid4x4/od_hubs/demand_set/train_06.rou.xml
step:1800/1800, q_loss:0.4925038516521454, rewards:-3.3066674126519096, queue:5.477083333333334, delay:0.03883775340186225, throughput:737
episode:106/500, real avg travel time:189.62550881953868
intersection:0, mean_episode_reward:0.20500002801418304, mean_queue:9.583333015441895
intersection:1, mean_episode_reward:-0.06055557355284691, mean_queue:9.788888931274414
intersection:2, mean_episode_reward:0.08833332359790802, mean_queue:9.95555591583252
intersection:3, mean_episode_reward:-0.07111109793186188, mean_queue:9.605555534362793
intersection:4, mean_episode_reward:0.22333335876464844, mean_queue:10.177778244018555
intersection:5, mean_episode_reward:-0.7505553960800171, mean_queue:10.355555534362793
intersection:6, mean_episode_reward:-0.9744446873664856, mean_queue:11.050000190734863
intersection:7, mean_episode_reward:-0.2422221302986145, mean_queue:9.916666984558105
intersection:8, mean_episode_reward:-0.1944444626569748, mean_queue:9.622221946716309
intersection:9, mean_episode_reward:-0.2711111307144165, mean_queue:10.466666221618652
intersection:10, mean_episode_reward:-1.5000004768371582, mean_queue:11.699999809265137
intersection:11, mean_episode_reward:0.044999949634075165, mean_queue:9.949999809265137
intersection:12, mean_episode_reward:0.2644444704055786, mean_queue:10.038888931274414
intersection:13, mean_episode_reward:-0.37500008940696716, mean_queue:10.350000381469727
intersection:14, mean_episode_reward:-0.4483333230018616, mean_queue:10.127778053283691
intersection:15, mean_episode_reward:-0.2494443655014038, mean_queue:9.811111450195312
intersection:16, mean_episode_reward:-0.05055555701255798, mean_queue:0.8055555820465088
intersection:17, mean_episode_reward:0.10611110180616379, mean_queue:0.9166666865348816
intersection:18, mean_episode_reward:0.07611112296581268, mean_queue:0.8111110925674438
intersection:19, mean_episode_reward:0.07055556774139404, mean_queue:0.8277778029441833
intersection:20, mean_episode_reward:0.021666664630174637, mean_queue:0.7944444417953491
intersection:21, mean_episode_reward:0.01055555697530508, mean_queue:0.8444444537162781
intersection:22, mean_episode_reward:-0.01888887770473957, mean_queue:0.8611111044883728
intersection:23, mean_episode_reward:-0.015000002458691597, mean_queue:0.7944444417953491
intersection:24, mean_episode_reward:0.10722219944000244, mean_queue:0.7944444417953491
intersection:25, mean_episode_reward:0.08611111342906952, mean_queue:0.8333333134651184
intersection:26, mean_episode_reward:0.18722224235534668, mean_queue:0.6166666746139526
intersection:27, mean_episode_reward:-0.005555558018386364, mean_queue:0.7388888597488403
intersection:28, mean_episode_reward:0.20944444835186005, mean_queue:0.7944444417953491
intersection:29, mean_episode_reward:0.10388890653848648, mean_queue:0.7222222089767456
intersection:30, mean_episode_reward:0.08833329379558563, mean_queue:0.8333333134651184
intersection:31, mean_episode_reward:0.027222217991948128, mean_queue:0.7777777910232544
episode:107/500, train_demand:raw_data/grid4x4/od_hubs/demand_set/train_07.rou.xml
step:1800/1800, q_loss:0.49377739429473877, rewards:-3.522222222222222, queue:5.456423611111111, delay:0.038124672571818036, throughput:750
episode:107/500, real avg travel time:184.11866666666666
intersection:0, mean_episode_reward:0.17777778208255768, mean_queue:9.433333396911621
intersection:1, mean_episode_reward:0.2550000250339508, mean_queue:9.711111068725586
intersection:2, mean_episode_reward:-0.23222224414348602, mean_queue:10.13888931274414
intersection:3, mean_episode_reward:-0.12611106038093567, mean_queue:9.69444465637207
intersection:4, mean_episode_reward:-0.2288888543844223, mean_queue:10.333333015441895
intersection:5, mean_episode_reward:-0.972777783870697, mean_queue:10.244444847106934
intersection:6, mean_episode_reward:-0.9066667556762695, mean_queue:11.0
intersection:7, mean_episode_reward:-0.05222216248512268, mean_queue:9.86111068725586
intersection:8, mean_episode_reward:-0.10833333432674408, mean_queue:9.572221755981445
intersection:9, mean_episode_reward:-0.5477777123451233, mean_queue:10.438888549804688
intersection:10, mean_episode_reward:-1.140555739402771, mean_queue:11.433333396911621
intersection:11, mean_episode_reward:0.16055552661418915, mean_queue:9.649999618530273
intersection:12, mean_episode_reward:-0.048333339393138885, mean_queue:10.216666221618652
intersection:13, mean_episode_reward:-0.2338888943195343, mean_queue:10.338889122009277
intersection:14, mean_episode_reward:-0.157777801156044, mean_queue:9.866666793823242
intersection:15, mean_episode_reward:-0.29722222685813904, mean_queue:9.905555725097656
intersection:16, mean_episode_reward:-0.05277777090668678, mean_queue:0.8055555820465088
intersection:17, mean_episode_reward:0.13277776539325714, mean_queue:0.9166666865348816
intersection:18, mean_episode_reward:0.08000001311302185, mean_queue:0.8111110925674438
intersection:19, mean_episode_reward:0.05111110955476761, mean_queue:0.8277778029441833
intersection:20, mean_episode_reward:0.05388888344168663, mean_queue:0.7944444417953491
intersection:21, mean_episode_reward:0.03222222998738289, mean_queue:0.8444444537162781
intersection:22, mean_episode_reward:-0.02722221426665783, mean_queue:0.8611111044883728
intersection:23, mean_episode_reward:-0.015000002458691597, mean_queue:0.7944444417953491
intersection:24, mean_episode_reward:0.10999998450279236, mean_queue:0.7944444417953491
intersection:25, mean_episode_reward:0.06222222000360489, mean_queue:0.8333333134651184
intersection:26, mean_episode_reward:0.10055555403232574, mean_queue:0.6166666746139526
intersection:27, mean_episode_reward:0.006666664499789476, mean_queue:0.7388888597488403
intersection:28, mean_episode_reward:0.31555548310279846, mean_queue:0.7944444417953491
intersection:29, mean_episode_reward:0.05444445088505745, mean_queue:0.7222222089767456
intersection:30, mean_episode_reward:0.010555563494563103, mean_queue:0.8333333134651184
intersection:31, mean_episode_reward:0.02222222089767456, mean_queue:0.7777777910232544
episode:108/500, train_demand:raw_data/grid4x4/od_hubs/demand_set/train_08.rou.xml
step:1800/1800, q_loss:0.4915032982826233, rewards:-3.654443359375, queue:5.484895833333334, delay:0.03697677453358968, throughput:760
episode:108/500, real avg travel time:185.7671052631579
intersection:0, mean_episode_reward:0.08388887345790863, mean_queue:9.655555725097656
intersection:1, mean_episode_reward:0.05388890951871872, mean_queue:9.877778053283691
intersection:2, mean_episode_reward:-0.16388879716396332, mean_queue:10.016666412353516
intersection:3, mean_episode_reward:0.0672222375869751, mean_queue:9.533333778381348
intersection:4, mean_episode_reward:0.08000002801418304, mean_queue:10.350000381469727
intersection:5, mean_episode_reward:-0.6655556559562683, mean_queue:10.51111125946045
intersection:6, mean_episode_reward:-1.2933330535888672, mean_queue:11.30555534362793
intersection:7, mean_episode_reward:-0.27166664600372314, mean_queue:9.772222518920898
intersection:8, mean_episode_reward:-0.19722221791744232, mean_queue:9.766666412353516
intersection:9, mean_episode_reward:-0.7399998903274536, mean_queue:10.69444465637207
intersection:10, mean_episode_reward:-1.396111011505127, mean_queue:11.494444847106934
intersection:11, mean_episode_reward:0.10277773439884186, mean_queue:9.616666793823242
intersection:12, mean_episode_reward:0.2649999260902405, mean_queue:10.177778244018555
intersection:13, mean_episode_reward:-0.047777753323316574, mean_queue:10.30555534362793
intersection:14, mean_episode_reward:-0.42111092805862427, mean_queue:9.966666221618652
intersection:15, mean_episode_reward:-0.08888889104127884, mean_queue:9.70555591583252
intersection:16, mean_episode_reward:-0.03666666895151138, mean_queue:0.8055555820465088
intersection:17, mean_episode_reward:0.11277777701616287, mean_queue:0.9166666865348816
intersection:18, mean_episode_reward:0.05944444239139557, mean_queue:0.8111110925674438
intersection:19, mean_episode_reward:0.10222223401069641, mean_queue:0.8277778029441833
intersection:20, mean_episode_reward:0.024444442242383957, mean_queue:0.7944444417953491
intersection:21, mean_episode_reward:0.03333333507180214, mean_queue:0.8444444537162781
intersection:22, mean_episode_reward:-0.00999999139457941, mean_queue:0.8611111044883728
intersection:23, mean_episode_reward:-0.008333338424563408, mean_queue:0.7944444417953491
intersection:24, mean_episode_reward:0.10999997705221176, mean_queue:0.7944444417953491
intersection:25, mean_episode_reward:0.03722221404314041, mean_queue:0.8333333134651184
intersection:26, mean_episode_reward:0.08500000834465027, mean_queue:0.6166666746139526
intersection:27, mean_episode_reward:0.028888888657093048, mean_queue:0.7388888597488403
intersection:28, mean_episode_reward:0.27166664600372314, mean_queue:0.7944444417953491
intersection:29, mean_episode_reward:0.07611110806465149, mean_queue:0.7222222089767456
intersection:30, mean_episode_reward:0.06388889253139496, mean_queue:0.8333333134651184
intersection:31, mean_episode_reward:0.028333330526947975, mean_queue:0.7777777910232544
episode:109/500, train_demand:raw_data/grid4x4/od_hubs/demand_set/train_09.rou.xml
step:1800/1800, q_loss:0.4914078712463379, rewards:-3.4327772352430554, queue:5.459027777777778, delay:0.03849259482489692, throughput:722
episode:109/500, real avg travel time:188.35180055401662
intersection:0, mean_episode_reward:0.10055555403232574, mean_queue:9.61111068725586
intersection:1, mean_episode_reward:0.08277779817581177, mean_queue:9.727777481079102
intersection:2, mean_episode_reward:0.057222265750169754, mean_queue:9.866666793823242
intersection:3, mean_episode_reward:-0.14166668057441711, mean_queue:9.605555534362793
intersection:4, mean_episode_reward:-0.17444443702697754, mean_queue:10.466666221618652
intersection:5, mean_episode_reward:-0.7133331894874573, mean_queue:10.20555591583252
intersection:6, mean_episode_reward:-0.9733334183692932, mean_queue:10.977777481079102
intersection:7, mean_episode_reward:-0.04333331435918808, mean_queue:9.683333396911621
intersection:8, mean_episode_reward:-0.061111126095056534, mean_queue:9.76111125946045
intersection:9, mean_episode_reward:-0.5544443130493164, mean_queue:10.572221755981445
intersection:10, mean_episode_reward:-1.1122220754623413, mean_queue:11.283333778381348
intersection:11, mean_episode_reward:-0.13500002026557922, mean_queue:9.816666603088379
intersection:12, mean_episode_reward:0.22333331406116486, mean_queue:10.072221755981445
intersection:13, mean_episode_reward:-0.0922221690416336, mean_queue:10.25
intersection:14, mean_episode_reward:-0.45277777314186096, mean_queue:10.038888931274414
intersection:15, mean_episode_reward:-0.2661110460758209, mean_queue:9.983333587646484
intersection:16, mean_episode_reward:-0.03888889029622078, mean_queue:0.8055555820465088
intersection:17, mean_episode_reward:0.08500000089406967, mean_queue:0.9166666865348816
intersection:18, mean_episode_reward:0.0811111256480217, mean_queue:0.8111110925674438
intersection:19, mean_episode_reward:0.18000003695487976, mean_queue:0.8277778029441833
intersection:20, mean_episode_reward:0.03222222626209259, mean_queue:0.7944444417953491
intersection:21, mean_episode_reward:0.05222223699092865, mean_queue:0.8444444537162781
intersection:22, mean_episode_reward:-0.01222221553325653, mean_queue:0.8611111044883728
intersection:23, mean_episode_reward:-0.015000002458691597, mean_queue:0.7944444417953491
intersection:24, mean_episode_reward:0.10777775198221207, mean_queue:0.7944444417953491
intersection:25, mean_episode_reward:0.03444443643093109, mean_queue:0.8333333134651184
intersection:26, mean_episode_reward:0.016111105680465698, mean_queue:0.6166666746139526
intersection:27, mean_episode_reward:0.006111111957579851, mean_queue:0.7388888597488403
intersection:28, mean_episode_reward:0.1755555421113968, mean_queue:0.7944444417953491
intersection:29, mean_episode_reward:0.061666686087846756, mean_queue:0.7222222089767456
intersection:30, mean_episode_reward:0.03555556759238243, mean_queue:0.8333333134651184
intersection:31, mean_episode_reward:0.021666666492819786, mean_queue:0.7777777910232544
episode:110/500, train_demand:raw_data/grid4x4/od_hubs/demand_set/train_00.rou.xml
step:1800/1800, q_loss:0.49009886384010315, rewards:-3.093889363606771, queue:5.455034722222222, delay:0.03608856995900472, throughput:685
episode:110/500, real avg travel time:188.71824817518248
intersection:0, mean_episode_reward:0.05277777835726738, mean_queue:9.566666603088379
intersection:1, mean_episode_reward:-0.02722220867872238, mean_queue:9.80555534362793
intersection:2, mean_episode_reward:-0.26833346486091614, mean_queue:9.966666221618652
intersection:3, mean_episode_reward:-0.07999999821186066, mean_queue:9.550000190734863
intersection:4, mean_episode_reward:-0.1405555158853531, mean_queue:10.300000190734863
intersection:5, mean_episode_reward:-0.8383333086967468, mean_queue:10.333333015441895
intersection:6, mean_episode_reward:-0.7022222876548767, mean_queue:10.80555534362793
intersection:7, mean_episode_reward:0.08833333849906921, mean_queue:9.733333587646484
intersection:8, mean_episode_reward:-0.14833331108093262, mean_queue:9.561111450195312
intersection:9, mean_episode_reward:-0.19888882339000702, mean_queue:10.572221755981445
intersection:10, mean_episode_reward:-1.7300004959106445, mean_queue:11.627778053283691
intersection:11, mean_episode_reward:0.3400000333786011, mean_queue:9.69444465637207
intersection:12, mean_episode_reward:0.45888879895210266, mean_queue:10.077777862548828
intersection:13, mean_episode_reward:-0.28999999165534973, mean_queue:10.322221755981445
intersection:14, mean_episode_reward:-0.38111117482185364, mean_queue:10.0
intersection:15, mean_episode_reward:-0.1666666716337204, mean_queue:9.877778053283691
intersection:16, mean_episode_reward:-0.051111117005348206, mean_queue:0.8055555820465088
intersection:17, mean_episode_reward:0.10611109435558319, mean_queue:0.9166666865348816
intersection:18, mean_episode_reward:0.08888888359069824, mean_queue:0.8111110925674438
intersection:19, mean_episode_reward:0.08611111342906952, mean_queue:0.8277778029441833
intersection:20, mean_episode_reward:0.026111124083399773, mean_queue:0.7944444417953491
intersection:21, mean_episode_reward:0.048888906836509705, mean_queue:0.8444444537162781
intersection:22, mean_episode_reward:-0.0033333241008222103, mean_queue:0.8611111044883728
intersection:23, mean_episode_reward:-0.01222222764045, mean_queue:0.7944444417953491
intersection:24, mean_episode_reward:0.10722219944000244, mean_queue:0.7944444417953491
intersection:25, mean_episode_reward:0.03555554896593094, mean_queue:0.8333333134651184
intersection:26, mean_episode_reward:0.09888894855976105, mean_queue:0.6166666746139526
intersection:27, mean_episode_reward:0.0438888855278492, mean_queue:0.7388888597488403
intersection:28, mean_episode_reward:0.18999996781349182, mean_queue:0.7944444417953491
intersection:29, mean_episode_reward:0.09055553376674652, mean_queue:0.7222222089767456
intersection:30, mean_episode_reward:0.06166667491197586, mean_queue:0.8333333134651184
intersection:31, mean_episode_reward:0.02055555209517479, mean_queue:0.7777777910232544
HELDOUT episode:110/500, demand:raw_data/grid4x4/od_hubs/demand_set/hold_00.rou.xml, travel time:189.82295988934993, rewards:-3.7283331976996528, queue:5.464756944444445, delay:0.03780107233259413, throughput:723
HELDOUT episode:110/500, demand:raw_data/grid4x4/od_hubs/demand_set/hold_01.rou.xml, travel time:191.1471747700394, rewards:-3.717778523763021, queue:5.5015625, delay:0.03982166979047987, throughput:761
HELDOUT episode:110/500, demand:raw_data/grid4x4/od_hubs/demand_set/hold_02.rou.xml, travel time:191.12841530054644, rewards:-3.9022223578559028, queue:5.501215277777778, delay:0.03981994522942437, throughput:732
HELDOUT_MEAN episode:110/500, travel time:190.69951665331192 (n=3)
early_stop at episode 110/500 (best ATT=189.09 at episode 80, patience=3)
saved final checkpoint from best episode 80 (ATT=189.09) as episode 500
HELDOUT episode:500/500, demand:raw_data/grid4x4/od_hubs/demand_set/hold_00.rou.xml, travel time:191.04132231404958, rewards:-4.0216661241319445, queue:5.492881944444444, delay:0.03894087738460965, throughput:726
HELDOUT episode:500/500, demand:raw_data/grid4x4/od_hubs/demand_set/hold_01.rou.xml, travel time:191.07651715039577, rewards:-4.185000271267361, queue:5.5, delay:0.039582731988694934, throughput:758
HELDOUT episode:500/500, demand:raw_data/grid4x4/od_hubs/demand_set/hold_02.rou.xml, travel time:188.86122448979592, rewards:-3.652777099609375, queue:5.465972222222222, delay:0.037754424413045246, throughput:735
HELDOUT_MEAN episode:500/500, travel time:190.32635465141377 (n=3)
Total time taken: 1840.1880388259888
