vehicle_id,vehicle_type,enter_time_s,departure_time_s,travel_time_s,route_distance_m,distance_traveled_m,accumulated_waiting_time_s,custom_wait_s,moving_time_s,time_loss_s,free_flow_time_s,delay_s,waiting_fraction,moving_fraction,schedule_efficiency,completed_trip,trip_status
10,pkw,14.0,97.0,83.0,,408.398,26.0,27.0,56.0,33.769,,,0.3253,0.6747,,True,completed
13,pkw,20.0,114.0,94.0,,736.399,13.0,13.0,81.0,26.723,,,0.1383,0.8617,,True,completed
11,pkw,18.0,117.0,99.0,,948.538,0.0,0.0,99.0,7.605,,,0.0,1.0,,True,completed
41,pkw,74.0,124.0,50.0,,372.541,1.0,1.0,49.0,7.679,,,0.02,0.98,,True,completed
16,pkw,24.0,126.0,102.0,,782.967,15.0,15.0,87.0,30.532,,,0.1471,0.8529,,True,completed
31,pkw,51.0,138.0,87.0,,597.94,19.0,19.0,68.0,31.448,,,0.2184,0.7816,,True,completed
6,pkw,7.0,161.0,154.0,,1608.262,0.0,0.0,154.0,8.255,,,0.0,1.0,,True,completed
26,pkw,44.0,163.0,119.0,,1038.889,0.0,0.0,119.0,11.844,,,0.0,1.0,,True,completed
2,pkw,2.0,165.0,163.0,,1592.231,0.0,0.0,163.0,12.493,,,0.0,1.0,,True,completed
40,pkw,70.0,175.0,105.0,,987.866,0.0,0.0,105.0,6.481,,,0.0,1.0,,True,completed
3,pkw,3.0,185.0,182.0,,1501.874,16.0,16.0,166.0,42.492,,,0.0879,0.9121,,True,completed
1,pkw,2.0,187.0,185.0,,1688.511,8.0,8.0,177.0,30.976,,,0.0432,0.9568,,True,completed
4,pkw,5.0,199.0,194.0,,1554.663,20.0,24.0,170.0,44.359,,,0.1237,0.8763,,True,completed
50,pkw,91.0,209.0,118.0,,1058.964,0.0,0.0,118.0,11.821,,,0.0,1.0,,True,completed
0,pkw,2.0,211.0,209.0,,2127.865,0.0,0.0,209.0,11.923,,,0.0,1.0,,True,completed
18,pkw,30.0,213.0,183.0,,1813.379,2.0,2.0,181.0,17.009,,,0.0109,0.9891,,True,completed
60,pkw,103.0,223.0,120.0,,886.952,0.0,0.0,120.0,11.088,,,0.0,1.0,,True,completed
12,pkw,19.0,226.0,207.0,,2094.287,3.0,3.0,204.0,16.825,,,0.0145,0.9855,,True,completed
28,pkw,49.0,227.0,178.0,,1583.219,17.0,19.0,159.0,34.012,,,0.1067,0.8933,,True,completed
5,pkw,5.0,230.0,225.0,,1576.79,16.0,49.0,176.0,75.109,,,0.2178,0.7822,,True,completed
34,pkw,55.0,233.0,178.0,,1350.43,0.0,24.0,154.0,51.823,,,0.1348,0.8652,,True,completed
85,pkw,152.0,234.0,82.0,,738.43,4.0,4.0,78.0,14.541,,,0.0488,0.9512,,True,completed
47,pkw,85.0,236.0,151.0,,1267.265,5.0,17.0,134.0,35.135,,,0.1126,0.8874,,True,completed
8,pkw,9.0,236.0,227.0,,1654.627,0.0,8.0,219.0,28.24,,,0.0352,0.9648,,True,completed
9,pkw,12.0,238.0,226.0,,1970.288,13.0,13.0,213.0,42.694,,,0.0575,0.9425,,True,completed
27,pkw,46.0,242.0,196.0,,1800.272,7.0,7.0,189.0,23.235,,,0.0357,0.9643,,True,completed
43,pkw,80.0,245.0,165.0,,1399.759,3.0,3.0,162.0,19.937,,,0.0182,0.9818,,True,completed
45,pkw,84.0,245.0,161.0,,1403.44,7.0,7.0,154.0,21.513,,,0.0435,0.9565,,True,completed
7,pkw,9.0,252.0,243.0,,2215.4,17.0,17.0,226.0,36.278,,,0.07,0.93,,True,completed
24,pkw,38.0,255.0,217.0,,2140.829,0.0,6.0,211.0,22.521,,,0.0276,0.9724,,True,completed
20,pkw,34.0,265.0,231.0,,1773.405,18.0,23.0,208.0,58.476,,,0.0996,0.9004,,True,completed
23,pkw,36.0,268.0,232.0,,1917.663,18.0,20.0,212.0,53.066,,,0.0862,0.9138,,True,completed
89,pkw,173.0,269.0,96.0,,680.475,9.0,9.0,87.0,32.536,,,0.0938,0.9062,,True,completed
73,pkw,130.0,270.0,140.0,,1099.93,13.0,13.0,127.0,30.389,,,0.0929,0.9071,,True,completed
36,pkw,59.0,279.0,220.0,,1863.23,18.0,22.0,198.0,43.075,,,0.1,0.9,,True,completed
61,pkw,106.0,281.0,175.0,,1411.736,0.0,26.0,149.0,45.919,,,0.1486,0.8514,,True,completed
81,pkw,144.0,283.0,139.0,,1263.974,6.0,7.0,132.0,23.414,,,0.0504,0.9496,,True,completed
58,pkw,100.0,287.0,187.0,,1585.782,22.0,22.0,165.0,41.889,,,0.1176,0.8824,,True,completed
46,pkw,84.0,290.0,206.0,,1594.569,0.0,15.0,191.0,48.861,,,0.0728,0.9272,,True,completed
14,pkw,21.0,292.0,271.0,,2357.232,1.0,6.0,265.0,44.552,,,0.0221,0.9779,,True,completed
117,pkw,231.0,294.0,63.0,,538.863,4.0,4.0,59.0,12.673,,,0.0635,0.9365,,True,completed
79,pkw,140.0,294.0,154.0,,1277.558,14.0,14.0,140.0,25.504,,,0.0909,0.9091,,True,completed
37,pkw,65.0,297.0,232.0,,1833.565,16.0,16.0,216.0,45.357,,,0.069,0.931,,True,completed
39,pkw,67.0,298.0,231.0,,1967.9,7.0,17.0,214.0,50.512,,,0.0736,0.9264,,True,completed
65,pkw,114.0,299.0,185.0,,1437.213,30.0,33.0,152.0,49.701,,,0.1784,0.8216,,True,completed
52,pkw,93.0,303.0,210.0,,1688.129,15.0,32.0,178.0,55.542,,,0.1524,0.8476,,True,completed
38,pkw,65.0,304.0,239.0,,2131.628,1.0,16.0,223.0,43.116,,,0.0669,0.9331,,True,completed
32,pkw,52.0,306.0,254.0,,1692.511,0.0,18.0,236.0,44.744,,,0.0709,0.9291,,True,completed
103,pkw,195.0,312.0,117.0,,885.692,10.0,10.0,107.0,30.492,,,0.0855,0.9145,,True,completed
75,pkw,136.0,314.0,178.0,,1521.962,8.0,17.0,161.0,35.928,,,0.0955,0.9045,,True,completed
22,pkw,36.0,315.0,279.0,,2620.053,0.0,19.0,260.0,41.075,,,0.0681,0.9319,,True,completed
110,pkw,212.0,316.0,104.0,,643.977,19.0,20.0,84.0,30.6,,,0.1923,0.8077,,True,completed
93,pkw,176.0,319.0,143.0,,1027.394,19.0,19.0,124.0,39.229,,,0.1329,0.8671,,True,completed
30,pkw,51.0,321.0,270.0,,2149.081,10.0,41.0,229.0,67.384,,,0.1519,0.8481,,True,completed
33,pkw,54.0,322.0,268.0,,2297.436,0.0,9.0,259.0,43.294,,,0.0336,0.9664,,True,completed
53,pkw,96.0,324.0,228.0,,2169.696,12.0,12.0,216.0,31.348,,,0.0526,0.9474,,True,completed
115,pkw,224.0,329.0,105.0,,748.936,12.0,12.0,93.0,28.784,,,0.1143,0.8857,,True,completed
49,pkw,90.0,329.0,239.0,,2226.177,0.0,9.0,230.0,36.202,,,0.0377,0.9623,,True,completed
55,pkw,98.0,332.0,234.0,,2224.869,16.0,16.0,218.0,31.29,,,0.0684,0.9316,,True,completed
78,pkw,138.0,336.0,198.0,,1273.72,36.0,45.0,153.0,73.54,,,0.2273,0.7727,,True,completed
91,pkw,173.0,336.0,163.0,,1278.075,15.0,15.0,148.0,37.115,,,0.092,0.908,,True,completed
109,pkw,211.0,337.0,126.0,,1041.44,8.0,13.0,113.0,26.276,,,0.1032,0.8968,,True,completed
57,pkw,100.0,338.0,238.0,,1625.964,21.0,36.0,202.0,67.96,,,0.1513,0.8487,,True,completed
114,pkw,223.0,343.0,120.0,,1129.385,2.0,2.0,118.0,15.003,,,0.0167,0.9833,,True,completed
56,pkw,98.0,345.0,247.0,,2129.077,0.0,1.0,246.0,27.179,,,0.004,0.996,,True,completed
63,pkw,110.0,345.0,235.0,,1978.889,16.0,19.0,216.0,55.586,,,0.0809,0.9191,,True,completed
67,pkw,117.0,346.0,229.0,,2324.298,0.0,0.0,229.0,14.561,,,0.0,1.0,,True,completed
138,pkw,262.0,351.0,89.0,,671.025,7.0,7.0,82.0,21.892,,,0.0787,0.9213,,True,completed
163,pkw,307.0,351.0,44.0,,439.011,0.0,0.0,44.0,3.396,,,0.0,1.0,,True,completed
95,pkw,181.0,352.0,171.0,,1417.532,1.0,19.0,152.0,39.929,,,0.1111,0.8889,,True,completed
59,pkw,101.0,353.0,252.0,,1655.718,19.0,67.0,185.0,100.915,,,0.2659,0.7341,,True,completed
44,pkw,82.0,355.0,273.0,,2225.345,12.0,36.0,237.0,67.592,,,0.1319,0.8681,,True,completed
102,pkw,192.0,357.0,165.0,,1506.555,5.0,5.0,160.0,26.436,,,0.0303,0.9697,,True,completed
120,pkw,237.0,357.0,120.0,,856.788,11.0,15.0,105.0,41.189,,,0.125,0.875,,True,completed
87,pkw,165.0,359.0,194.0,,1627.789,6.0,13.0,181.0,41.944,,,0.067,0.933,,True,completed
29,pkw,49.0,360.0,311.0,,2742.658,0.0,29.0,282.0,54.247,,,0.0932,0.9068,,True,completed
88,pkw,166.0,361.0,195.0,,1831.81,1.0,1.0,194.0,19.815,,,0.0051,0.9949,,True,completed
19,pkw,32.0,364.0,332.0,,2829.59,13.0,35.0,297.0,73.747,,,0.1054,0.8946,,True,completed
54,pkw,96.0,364.0,268.0,,2415.884,0.0,19.0,249.0,49.212,,,0.0709,0.9291,,True,completed
137,pkw,261.0,367.0,106.0,,520.632,37.0,39.0,67.0,57.658,,,0.3679,0.6321,,True,completed
112,pkw,216.0,370.0,154.0,,1238.136,11.0,14.0,140.0,39.219,,,0.0909,0.9091,,True,completed
64,pkw,111.0,370.0,259.0,,2436.774,0.0,16.0,243.0,38.224,,,0.0618,0.9382,,True,completed
17,pkw,27.0,371.0,344.0,,2805.555,0.0,28.0,316.0,69.023,,,0.0814,0.9186,,True,completed
71,pkw,128.0,373.0,245.0,,2103.115,20.0,20.0,225.0,41.622,,,0.0816,0.9184,,True,completed
108,pkw,209.0,374.0,165.0,,1396.086,13.0,13.0,152.0,33.293,,,0.0788,0.9212,,True,completed
107,pkw,207.0,378.0,171.0,,1386.629,0.0,17.0,154.0,41.84,,,0.0994,0.9006,,True,completed
35,pkw,56.0,378.0,322.0,,2335.166,33.0,44.0,278.0,102.7,,,0.1366,0.8634,,True,completed
69,pkw,123.0,380.0,257.0,,2087.543,24.0,35.0,222.0,67.699,,,0.1362,0.8638,,True,completed
68,pkw,118.0,382.0,264.0,,2544.914,13.0,13.0,251.0,32.642,,,0.0492,0.9508,,True,completed
106,pkw,202.0,384.0,182.0,,1478.418,19.0,23.0,159.0,46.9,,,0.1264,0.8736,,True,completed
126,pkw,241.0,384.0,143.0,,1320.292,3.0,3.0,140.0,20.43,,,0.021,0.979,,True,completed
186,pkw,333.0,385.0,52.0,,444.947,5.0,5.0,47.0,10.954,,,0.0962,0.9038,,True,completed
164,pkw,309.0,386.0,77.0,,729.983,0.0,0.0,77.0,9.578,,,0.0,1.0,,True,completed
118,pkw,232.0,387.0,155.0,,1019.205,9.0,19.0,136.0,39.708,,,0.1226,0.8774,,True,completed
136,pkw,258.0,390.0,132.0,,907.197,5.0,20.0,112.0,42.229,,,0.1515,0.8485,,True,completed
21,pkw,35.0,390.0,355.0,,3000.372,15.0,29.0,326.0,75.186,,,0.0817,0.9183,,True,completed
125,pkw,240.0,394.0,154.0,,1359.858,13.0,13.0,141.0,27.72,,,0.0844,0.9156,,True,completed
66,pkw,117.0,397.0,280.0,,2447.999,3.0,17.0,263.0,50.328,,,0.0607,0.9393,,True,completed
151,pkw,291.0,399.0,108.0,,834.311,20.0,20.0,88.0,31.828,,,0.1852,0.8148,,True,completed
72,pkw,129.0,399.0,270.0,,2448.311,17.0,18.0,252.0,47.411,,,0.0667,0.9333,,True,completed
51,pkw,91.0,401.0,310.0,,2642.825,21.0,37.0,273.0,70.157,,,0.1194,0.8806,,True,completed
97,pkw,183.0,409.0,226.0,,2138.969,0.0,16.0,210.0,31.219,,,0.0708,0.9292,,True,completed
175,pkw,320.0,414.0,94.0,,741.093,13.0,13.0,81.0,26.301,,,0.1383,0.8617,,True,completed
147,pkw,286.0,416.0,130.0,,1212.414,2.0,2.0,128.0,15.935,,,0.0154,0.9846,,True,completed
42,pkw,75.0,419.0,344.0,,2667.66,17.0,43.0,301.0,96.072,,,0.125,0.875,,True,completed
153,pkw,294.0,420.0,126.0,,1175.743,1.0,1.0,125.0,19.182,,,0.0079,0.9921,,True,completed
99,pkw,187.0,421.0,234.0,,1917.002,0.0,1.0,233.0,28.685,,,0.0043,0.9957,,True,completed
214,pkw,374.0,422.0,48.0,,380.332,0.0,0.0,48.0,3.73,,,0.0,1.0,,True,completed
143,pkw,276.0,424.0,148.0,,1146.251,18.0,19.0,129.0,43.836,,,0.1284,0.8716,,True,completed
86,pkw,154.0,428.0,274.0,,2309.676,0.0,36.0,238.0,63.159,,,0.1314,0.8686,,True,completed
77,pkw,137.0,431.0,294.0,,2550.1,0.0,25.0,269.0,61.682,,,0.085,0.915,,True,completed
96,pkw,181.0,435.0,254.0,,2338.394,11.0,12.0,242.0,38.931,,,0.0472,0.9528,,True,completed
113,pkw,218.0,437.0,219.0,,1688.183,27.0,31.0,188.0,64.027,,,0.1416,0.8584,,True,completed
101,pkw,188.0,439.0,251.0,,1645.996,28.0,55.0,196.0,98.899,,,0.2191,0.7809,,True,completed
206,pkw,359.0,440.0,81.0,,665.781,4.0,4.0,77.0,16.829,,,0.0494,0.9506,,True,completed
15,pkw,22.0,443.0,421.0,,3088.512,47.0,89.0,332.0,139.768,,,0.2114,0.7886,,True,completed
111,pkw,216.0,445.0,229.0,,1859.711,25.0,25.0,204.0,43.284,,,0.1092,0.8908,,True,completed
198,pkw,349.0,445.0,96.0,,755.52,16.0,16.0,80.0,25.573,,,0.1667,0.8333,,True,completed
83,pkw,149.0,445.0,296.0,,1824.293,40.0,60.0,236.0,109.407,,,0.2027,0.7973,,True,completed
121,pkw,239.0,447.0,208.0,,1485.11,8.0,30.0,178.0,52.863,,,0.1442,0.8558,,True,completed
92,pkw,175.0,447.0,272.0,,2377.874,0.0,34.0,238.0,56.243,,,0.125,0.875,,True,completed
193,pkw,339.0,449.0,110.0,,784.957,8.0,8.0,102.0,37.559,,,0.0727,0.9273,,True,completed
100,pkw,188.0,455.0,267.0,,2259.791,25.0,25.0,242.0,50.058,,,0.0936,0.9064,,True,completed
90,pkw,171.0,455.0,284.0,,2252.841,35.0,48.0,236.0,78.609,,,0.169,0.831,,True,completed
80,pkw,142.0,457.0,315.0,,2291.081,35.0,58.0,257.0,96.398,,,0.1841,0.8159,,True,completed
25,pkw,43.0,459.0,416.0,,3391.295,1.0,24.0,392.0,68.254,,,0.0577,0.9423,,True,completed
48,pkw,87.0,459.0,372.0,,3035.458,20.0,51.0,321.0,81.494,,,0.1371,0.8629,,True,completed
141,pkw,265.0,462.0,197.0,,1628.462,7.0,21.0,176.0,48.639,,,0.1066,0.8934,,True,completed
169,pkw,314.0,464.0,150.0,,1003.244,15.0,26.0,124.0,51.638,,,0.1733,0.8267,,True,completed
172,pkw,318.0,468.0,150.0,,1274.617,15.0,15.0,135.0,33.766,,,0.1,0.9,,True,completed
94,pkw,181.0,470.0,289.0,,2310.588,6.0,22.0,267.0,56.898,,,0.0761,0.9239,,True,completed
122,pkw,240.0,475.0,235.0,,2139.852,2.0,17.0,218.0,40.158,,,0.0723,0.9277,,True,completed
194,pkw,340.0,475.0,135.0,,786.901,16.0,31.0,104.0,61.613,,,0.2296,0.7704,,True,completed
74,pkw,134.0,475.0,341.0,,2623.106,39.0,59.0,282.0,92.62,,,0.173,0.827,,True,completed
62,pkw,108.0,479.0,371.0,,2975.32,32.0,45.0,326.0,82.412,,,0.1213,0.8787,,True,completed
76,pkw,136.0,479.0,343.0,,2630.481,11.0,48.0,295.0,103.957,,,0.1399,0.8601,,True,completed
123,pkw,240.0,482.0,242.0,,1558.744,28.0,47.0,195.0,82.705,,,0.1942,0.8058,,True,completed
167,pkw,313.0,482.0,169.0,,1487.519,6.0,16.0,153.0,33.457,,,0.0947,0.9053,,True,completed
210,pkw,366.0,487.0,121.0,,917.425,24.0,24.0,97.0,36.255,,,0.1983,0.8017,,True,completed
139,pkw,263.0,488.0,225.0,,2017.399,5.0,13.0,212.0,41.564,,,0.0578,0.9422,,True,completed
130,pkw,245.0,489.0,244.0,,1904.311,0.0,34.0,210.0,61.699,,,0.1393,0.8607,,True,completed
142,pkw,269.0,489.0,220.0,,1948.464,9.0,12.0,208.0,34.923,,,0.0545,0.9455,,True,completed
70,pkw,128.0,490.0,362.0,,3169.565,0.0,24.0,338.0,59.22,,,0.0663,0.9337,,True,completed
157,pkw,302.0,491.0,189.0,,1693.0,4.0,10.0,179.0,35.293,,,0.0529,0.9471,,True,completed
197,pkw,343.0,496.0,153.0,,1067.7,9.0,27.0,126.0,55.222,,,0.1765,0.8235,,True,completed
146,pkw,279.0,497.0,218.0,,1799.946,15.0,19.0,199.0,45.24,,,0.0872,0.9128,,True,completed
192,pkw,339.0,497.0,158.0,,1407.651,14.0,14.0,144.0,30.017,,,0.0886,0.9114,,True,completed
132,pkw,247.0,499.0,252.0,,2324.294,0.0,15.0,237.0,34.352,,,0.0595,0.9405,,True,completed
213,pkw,370.0,500.0,130.0,,983.505,13.0,13.0,117.0,30.727,,,0.1,0.9,,True,completed
84,pkw,150.0,500.0,350.0,,2924.422,18.0,35.0,315.0,79.526,,,0.1,0.9,,True,completed
249,pkw,428.0,501.0,73.0,,738.754,0.0,0.0,73.0,4.543,,,0.0,1.0,,True,completed
128,pkw,244.0,505.0,261.0,,2266.591,14.0,23.0,238.0,49.269,,,0.0881,0.9119,,True,completed
185,pkw,333.0,506.0,173.0,,1455.339,17.0,22.0,151.0,40.84,,,0.1272,0.8728,,True,completed
82,pkw,145.0,507.0,362.0,,2960.479,11.0,48.0,314.0,82.643,,,0.1326,0.8674,,True,completed
104,pkw,196.0,508.0,312.0,,2427.671,27.0,42.0,270.0,78.919,,,0.1346,0.8654,,True,completed
105,pkw,198.0,510.0,312.0,,2833.935,3.0,26.0,286.0,55.416,,,0.0833,0.9167,,True,completed
145,pkw,277.0,510.0,233.0,,2080.189,0.0,9.0,224.0,33.864,,,0.0386,0.9614,,True,completed
162,pkw,305.0,510.0,205.0,,2012.594,0.0,0.0,205.0,17.731,,,0.0,1.0,,True,completed
227,pkw,391.0,510.0,119.0,,1064.975,0.0,0.0,119.0,14.793,,,0.0,1.0,,True,completed
156,pkw,302.0,516.0,214.0,,2130.66,0.0,0.0,214.0,16.56,,,0.0,1.0,,True,completed
161,pkw,305.0,518.0,213.0,,1690.856,28.0,32.0,181.0,56.48,,,0.1502,0.8498,,True,completed
286,pkw,468.0,518.0,50.0,,448.855,1.0,1.0,49.0,8.603,,,0.02,0.98,,True,completed
250,pkw,429.0,521.0,92.0,,813.178,9.0,9.0,83.0,17.719,,,0.0978,0.9022,,True,completed
195,pkw,341.0,525.0,184.0,,1650.207,18.0,18.0,166.0,30.661,,,0.0978,0.9022,,True,completed
127,pkw,243.0,529.0,286.0,,2251.246,32.0,44.0,242.0,77.167,,,0.1538,0.8462,,True,completed
144,pkw,277.0,531.0,254.0,,1840.106,26.0,43.0,211.0,73.716,,,0.1693,0.8307,,True,completed
98,pkw,184.0,533.0,349.0,,2091.783,46.0,88.0,261.0,149.069,,,0.2521,0.7479,,True,completed
275,pkw,452.0,534.0,82.0,,740.075,6.0,6.0,76.0,14.393,,,0.0732,0.9268,,True,completed
129,pkw,245.0,535.0,290.0,,2361.601,12.0,43.0,247.0,75.214,,,0.1483,0.8517,,True,completed
152,pkw,294.0,536.0,242.0,,1855.0,40.0,40.0,202.0,63.676,,,0.1653,0.8347,,True,completed
188,pkw,335.0,537.0,202.0,,1809.106,3.0,11.0,191.0,36.883,,,0.0545,0.9455,,True,completed
221,pkw,385.0,539.0,154.0,,1269.105,2.0,19.0,135.0,38.101,,,0.1234,0.8766,,True,completed
238,pkw,408.0,539.0,131.0,,1108.223,5.0,12.0,119.0,29.384,,,0.0916,0.9084,,True,completed
339,pkw,532.0,540.0,8.0,,74.295,0.0,0.0,8.0,0.313,,,0.0,1.0,,True,completed
140,pkw,264.0,542.0,278.0,,2650.148,0.0,0.0,278.0,36.732,,,0.0,1.0,,True,completed
135,pkw,256.0,543.0,287.0,,2209.75,27.0,31.0,256.0,72.327,,,0.108,0.892,,True,completed
158,pkw,302.0,543.0,241.0,,2004.501,8.0,28.0,213.0,59.102,,,0.1162,0.8838,,True,completed
266,pkw,445.0,548.0,103.0,,881.494,11.0,11.0,92.0,22.665,,,0.1068,0.8932,,True,completed
133,pkw,251.0,551.0,300.0,,2518.964,10.0,32.0,268.0,70.241,,,0.1067,0.8933,,True,completed
245,pkw,419.0,552.0,133.0,,902.544,13.0,20.0,113.0,42.56,,,0.1504,0.8496,,True,completed
155,pkw,301.0,557.0,256.0,,2250.3,21.0,26.0,230.0,47.698,,,0.1016,0.8984,,True,completed
235,pkw,403.0,562.0,159.0,,1324.651,15.0,15.0,144.0,32.073,,,0.0943,0.9057,,True,completed
119,pkw,232.0,566.0,334.0,,3190.914,0.0,8.0,326.0,40.031,,,0.024,0.976,,True,completed
134,pkw,255.0,566.0,311.0,,2279.484,30.0,58.0,253.0,102.081,,,0.1865,0.8135,,True,completed
166,pkw,312.0,569.0,257.0,,1962.77,32.0,41.0,216.0,78.024,,,0.1595,0.8405,,True,completed
259,pkw,438.0,570.0,132.0,,1105.5,0.0,0.0,132.0,9.871,,,0.0,1.0,,True,completed
116,pkw,230.0,571.0,341.0,,2591.052,12.0,56.0,285.0,103.861,,,0.1642,0.8358,,True,completed
199,pkw,349.0,571.0,222.0,,1720.985,3.0,25.0,197.0,57.043,,,0.1126,0.8874,,True,completed
256,pkw,436.0,572.0,136.0,,975.757,6.0,22.0,114.0,42.325,,,0.1618,0.8382,,True,completed
209,pkw,365.0,574.0,209.0,,2132.5,0.0,0.0,209.0,12.835,,,0.0,1.0,,True,completed
219,pkw,384.0,579.0,195.0,,1570.022,22.0,34.0,161.0,50.564,,,0.1744,0.8256,,True,completed
236,pkw,406.0,580.0,174.0,,1415.009,0.0,27.0,147.0,44.778,,,0.1552,0.8448,,True,completed
124,pkw,240.0,581.0,341.0,,2690.415,26.0,63.0,278.0,96.857,,,0.1848,0.8152,,True,completed
281,pkw,463.0,581.0,118.0,,944.635,11.0,18.0,100.0,31.453,,,0.1525,0.8475,,True,completed
252,pkw,430.0,582.0,152.0,,1522.367,0.0,0.0,152.0,9.487,,,0.0,1.0,,True,completed
160,pkw,303.0,585.0,282.0,,2523.284,31.0,31.0,251.0,52.783,,,0.1099,0.8901,,True,completed
333,pkw,516.0,585.0,69.0,,458.729,21.0,21.0,48.0,26.311,,,0.3043,0.6957,,True,completed
332,pkw,516.0,587.0,71.0,,479.559,21.0,21.0,50.0,26.839,,,0.2958,0.7042,,True,completed
308,pkw,491.0,590.0,99.0,,588.397,32.0,32.0,67.0,45.044,,,0.3232,0.6768,,True,completed
364,pkw,556.0,592.0,36.0,,146.862,17.0,17.0,19.0,21.628,,,0.4722,0.5278,,True,completed
325,pkw,512.0,593.0,81.0,,641.866,0.0,0.0,81.0,7.94,,,0.0,1.0,,True,completed
217,pkw,380.0,597.0,217.0,,1398.442,31.0,51.0,166.0,80.04,,,0.235,0.765,,True,completed
149,pkw,290.0,598.0,308.0,,2575.968,0.0,37.0,271.0,73.978,,,0.1201,0.8799,,True,completed
150,pkw,291.0,598.0,307.0,,2613.537,0.0,26.0,281.0,64.478,,,0.0847,0.9153,,True,completed
159,pkw,303.0,598.0,295.0,,2495.726,18.0,35.0,260.0,66.734,,,0.1186,0.8814,,True,completed
294,pkw,480.0,600.0,120.0,,847.959,10.0,10.0,110.0,23.311,,,0.0833,0.9167,,True,completed
208,pkw,365.0,601.0,236.0,,1829.585,8.0,8.0,228.0,43.183,,,0.0339,0.9661,,True,completed
202,pkw,352.0,602.0,250.0,,1792.727,0.0,0.0,250.0,26.151,,,0.0,1.0,,True,completed
264,pkw,444.0,604.0,160.0,,1267.73,13.0,20.0,140.0,43.733,,,0.125,0.875,,True,completed
178,pkw,321.0,607.0,286.0,,2354.999,24.0,37.0,249.0,68.818,,,0.1294,0.8706,,True,completed
187,pkw,334.0,607.0,273.0,,2338.132,20.0,21.0,252.0,49.763,,,0.0769,0.9231,,True,completed
182,pkw,328.0,609.0,281.0,,2215.74,0.0,31.0,250.0,76.561,,,0.1103,0.8897,,True,completed
211,pkw,367.0,609.0,242.0,,2012.713,4.0,30.0,212.0,59.305,,,0.124,0.876,,True,completed
154,pkw,299.0,611.0,312.0,,2964.14,4.0,13.0,299.0,42.43,,,0.0417,0.9583,,True,completed
176,pkw,320.0,611.0,291.0,,2542.713,10.0,28.0,263.0,52.024,,,0.0962,0.9038,,True,completed
242,pkw,416.0,611.0,195.0,,1762.747,0.0,12.0,183.0,31.554,,,0.0615,0.9385,,True,completed
265,pkw,444.0,611.0,167.0,,1490.735,0.0,4.0,163.0,21.068,,,0.024,0.976,,True,completed
170,pkw,315.0,612.0,297.0,,2599.018,0.0,33.0,264.0,61.435,,,0.1111,0.8889,,True,completed
313,pkw,498.0,613.0,115.0,,1011.726,0.0,0.0,115.0,10.676,,,0.0,1.0,,True,completed
270,pkw,449.0,614.0,165.0,,1304.687,25.0,25.0,140.0,39.595,,,0.1515,0.8485,,True,completed
168,pkw,313.0,616.0,303.0,,2117.601,27.0,60.0,243.0,108.458,,,0.198,0.802,,True,completed
183,pkw,332.0,616.0,284.0,,2765.294,0.0,7.0,277.0,32.885,,,0.0246,0.9754,,True,completed
231,pkw,400.0,618.0,218.0,,1628.399,29.0,29.0,189.0,57.014,,,0.133,0.867,,True,completed
232,pkw,400.0,620.0,220.0,,1866.475,0.0,21.0,199.0,48.977,,,0.0955,0.9045,,True,completed
173,pkw,318.0,621.0,303.0,,2807.322,16.0,16.0,287.0,47.7,,,0.0528,0.9472,,True,completed
262,pkw,442.0,621.0,179.0,,1174.014,19.0,39.0,140.0,62.512,,,0.2179,0.7821,,True,completed
277,pkw,453.0,627.0,174.0,,1642.33,2.0,5.0,169.0,25.189,,,0.0287,0.9713,,True,completed
336,pkw,524.0,629.0,105.0,,747.815,14.0,14.0,91.0,29.703,,,0.1333,0.8667,,True,completed
322,pkw,509.0,632.0,123.0,,1000.506,1.0,10.0,113.0,30.43,,,0.0813,0.9187,,True,completed
165,pkw,309.0,633.0,324.0,,2581.681,7.0,15.0,309.0,49.379,,,0.0463,0.9537,,True,completed
234,pkw,401.0,633.0,232.0,,1657.187,22.0,53.0,179.0,80.613,,,0.2284,0.7716,,True,completed
243,pkw,417.0,633.0,216.0,,1529.691,14.0,27.0,189.0,71.228,,,0.125,0.875,,True,completed
224,pkw,390.0,635.0,245.0,,1984.708,0.0,46.0,199.0,64.609,,,0.1878,0.8122,,True,completed
293,pkw,476.0,639.0,163.0,,1027.645,27.0,27.0,136.0,51.6,,,0.1656,0.8344,,True,completed
300,pkw,482.0,639.0,157.0,,1268.828,0.0,19.0,138.0,37.743,,,0.121,0.879,,True,completed
215,pkw,375.0,641.0,266.0,,2209.123,19.0,23.0,243.0,52.579,,,0.0865,0.9135,,True,completed
131,pkw,246.0,643.0,397.0,,2785.367,46.0,77.0,320.0,141.846,,,0.194,0.806,,True,completed
177,pkw,320.0,643.0,323.0,,2343.164,44.0,47.0,276.0,86.428,,,0.1455,0.8545,,True,completed
220,pkw,384.0,643.0,259.0,,2604.987,0.0,0.0,259.0,23.277,,,0.0,1.0,,True,completed
228,pkw,392.0,645.0,253.0,,1995.816,18.0,34.0,219.0,66.061,,,0.1344,0.8656,,True,completed
233,pkw,401.0,645.0,244.0,,2271.681,0.0,12.0,232.0,37.184,,,0.0492,0.9508,,True,completed
335,pkw,523.0,645.0,122.0,,1135.141,1.0,1.0,121.0,17.535,,,0.0082,0.9918,,True,completed
212,pkw,369.0,646.0,277.0,,2237.959,23.0,23.0,254.0,72.819,,,0.083,0.917,,True,completed
191,pkw,338.0,650.0,312.0,,2384.53,22.0,54.0,258.0,94.879,,,0.1731,0.8269,,True,completed
369,pkw,562.0,650.0,88.0,,670.723,9.0,9.0,79.0,22.64,,,0.1023,0.8977,,True,completed
309,pkw,492.0,651.0,159.0,,1501.154,1.0,3.0,156.0,21.729,,,0.0189,0.9811,,True,completed
190,pkw,338.0,652.0,314.0,,2676.467,1.0,20.0,294.0,55.133,,,0.0637,0.9363,,True,completed
203,pkw,354.0,653.0,299.0,,2299.604,0.0,22.0,277.0,64.939,,,0.0736,0.9264,,True,completed
344,pkw,537.0,657.0,120.0,,882.647,15.0,22.0,98.0,39.561,,,0.1833,0.8167,,True,completed
422,pkw,613.0,657.0,44.0,,195.192,12.0,12.0,32.0,25.433,,,0.2727,0.7273,,True,completed
205,pkw,356.0,658.0,302.0,,2334.382,15.0,29.0,273.0,79.327,,,0.096,0.904,,True,completed
229,pkw,393.0,662.0,269.0,,2258.305,19.0,43.0,226.0,63.09,,,0.1599,0.8401,,True,completed
284,pkw,467.0,662.0,195.0,,1647.68,8.0,16.0,179.0,42.832,,,0.0821,0.9179,,True,completed
273,pkw,450.0,664.0,214.0,,1691.322,19.0,29.0,185.0,59.848,,,0.1355,0.8645,,True,completed
218,pkw,382.0,665.0,283.0,,2219.255,27.0,43.0,240.0,75.316,,,0.1519,0.8481,,True,completed
241,pkw,414.0,665.0,251.0,,1990.031,12.0,25.0,226.0,55.357,,,0.0996,0.9004,,True,completed
261,pkw,440.0,667.0,227.0,,1824.126,26.0,26.0,201.0,45.3,,,0.1145,0.8855,,True,completed
279,pkw,454.0,668.0,214.0,,1654.43,0.0,5.0,209.0,30.167,,,0.0234,0.9766,,True,completed
280,pkw,458.0,668.0,210.0,,1838.313,0.0,0.0,210.0,24.401,,,0.0,1.0,,True,completed
316,pkw,502.0,668.0,166.0,,1617.275,3.0,3.0,163.0,19.324,,,0.0181,0.9819,,True,completed
207,pkw,364.0,670.0,306.0,,2366.693,20.0,49.0,257.0,89.409,,,0.1601,0.8399,,True,completed
258,pkw,439.0,673.0,234.0,,1521.172,12.0,35.0,199.0,88.334,,,0.1496,0.8504,,True,completed
179,pkw,322.0,674.0,352.0,,2695.756,31.0,65.0,287.0,104.945,,,0.1847,0.8153,,True,completed
324,pkw,509.0,675.0,166.0,,1396.908,3.0,8.0,158.0,34.706,,,0.0482,0.9518,,True,completed
368,pkw,561.0,675.0,114.0,,1076.333,5.0,5.0,109.0,15.755,,,0.0439,0.9561,,True,completed
282,pkw,465.0,676.0,211.0,,1624.775,19.0,24.0,187.0,53.451,,,0.1137,0.8863,,True,completed
244,pkw,418.0,679.0,261.0,,1679.174,29.0,55.0,206.0,94.649,,,0.2107,0.7893,,True,completed
340,pkw,532.0,679.0,147.0,,1392.486,2.0,10.0,137.0,20.675,,,0.068,0.932,,True,completed
181,pkw,327.0,680.0,353.0,,2764.016,28.0,51.0,302.0,96.648,,,0.1445,0.8555,,True,completed
354,pkw,544.0,681.0,137.0,,1034.172,1.0,3.0,134.0,34.399,,,0.0219,0.9781,,True,completed
240,pkw,412.0,682.0,270.0,,2479.562,0.0,18.0,252.0,44.756,,,0.0667,0.9333,,True,completed
248,pkw,428.0,684.0,256.0,,2052.663,0.0,50.0,206.0,68.337,,,0.1953,0.8047,,True,completed
315,pkw,502.0,684.0,182.0,,1479.057,12.0,16.0,166.0,47.265,,,0.0879,0.9121,,True,completed
148,pkw,287.0,685.0,398.0,,3425.815,5.0,29.0,369.0,76.544,,,0.0729,0.9271,,True,completed
200,pkw,351.0,685.0,334.0,,3003.544,8.0,23.0,311.0,61.781,,,0.0689,0.9311,,True,completed
307,pkw,491.0,686.0,195.0,,1731.714,6.0,6.0,189.0,25.459,,,0.0308,0.9692,,True,completed
171,pkw,315.0,687.0,372.0,,2979.023,4.0,28.0,344.0,61.917,,,0.0753,0.9247,,True,completed
351,pkw,541.0,687.0,146.0,,1327.847,2.0,2.0,144.0,22.343,,,0.0137,0.9863,,True,completed
296,pkw,481.0,688.0,207.0,,1831.591,0.0,20.0,187.0,40.105,,,0.0966,0.9034,,True,completed
201,pkw,351.0,689.0,338.0,,2494.093,31.0,78.0,260.0,111.135,,,0.2308,0.7692,,True,completed
350,pkw,540.0,689.0,149.0,,1354.127,8.0,8.0,141.0,22.217,,,0.0537,0.9463,,True,completed
269,pkw,447.0,693.0,246.0,,2230.692,0.0,9.0,237.0,42.166,,,0.0366,0.9634,,True,completed
412,pkw,609.0,693.0,84.0,,729.497,0.0,0.0,84.0,16.763,,,0.0,1.0,,True,completed
226,pkw,391.0,696.0,305.0,,2265.176,37.0,58.0,247.0,99.239,,,0.1902,0.8098,,True,completed
302,pkw,484.0,697.0,213.0,,1821.784,5.0,16.0,197.0,45.92,,,0.0751,0.9249,,True,completed
237,pkw,410.0,698.0,288.0,,2336.292,7.0,27.0,261.0,71.299,,,0.0938,0.9062,,True,completed
254,pkw,435.0,699.0,264.0,,2372.656,2.0,23.0,241.0,47.402,,,0.0871,0.9129,,True,completed
247,pkw,423.0,700.0,277.0,,2090.784,24.0,56.0,221.0,87.748,,,0.2022,0.7978,,True,completed
251,pkw,429.0,702.0,273.0,,2448.784,0.0,16.0,257.0,49.096,,,0.0586,0.9414,,True,completed
318,pkw,505.0,702.0,197.0,,1716.409,8.0,8.0,189.0,40.703,,,0.0406,0.9594,,True,completed
489,pkw,658.0,703.0,45.0,,120.314,29.0,29.0,16.0,32.748,,,0.6444,0.3556,,True,completed
225,pkw,390.0,704.0,314.0,,2333.282,19.0,48.0,266.0,95.184,,,0.1529,0.8471,,True,completed
536,pkw,691.0,704.0,13.0,,127.281,0.0,0.0,13.0,0.545,,,0.0,1.0,,True,completed
424,pkw,614.0,706.0,92.0,,799.705,0.0,0.0,92.0,11.275,,,0.0,1.0,,True,completed
267,pkw,445.0,712.0,267.0,,2266.169,4.0,26.0,241.0,59.474,,,0.0974,0.9026,,True,completed
255,pkw,435.0,713.0,278.0,,2671.601,0.0,7.0,271.0,27.341,,,0.0252,0.9748,,True,completed
435,pkw,620.0,713.0,93.0,,732.569,11.0,11.0,82.0,25.036,,,0.1183,0.8817,,True,completed
311,pkw,496.0,715.0,219.0,,1492.452,32.0,45.0,174.0,76.583,,,0.2055,0.7945,,True,completed
393,pkw,595.0,715.0,120.0,,782.725,18.0,19.0,101.0,46.758,,,0.1583,0.8417,,True,completed
508,pkw,672.0,715.0,43.0,,442.847,0.0,0.0,43.0,2.143,,,0.0,1.0,,True,completed
511,pkw,674.0,715.0,41.0,,372.745,0.0,0.0,41.0,3.541,,,0.0,1.0,,True,completed
317,pkw,504.0,716.0,212.0,,1918.925,16.0,17.0,195.0,36.851,,,0.0802,0.9198,,True,completed
299,pkw,482.0,717.0,235.0,,2027.072,25.0,25.0,210.0,43.019,,,0.1064,0.8936,,True,completed
305,pkw,489.0,717.0,228.0,,1685.093,10.0,44.0,184.0,74.56,,,0.193,0.807,,True,completed
306,pkw,491.0,718.0,227.0,,1861.845,29.0,29.0,198.0,55.371,,,0.1278,0.8722,,True,completed
310,pkw,495.0,718.0,223.0,,1932.298,0.0,15.0,208.0,30.832,,,0.0673,0.9327,,True,completed
329,pkw,515.0,719.0,204.0,,1539.967,19.0,19.0,185.0,38.818,,,0.0931,0.9069,,True,completed
272,pkw,449.0,720.0,271.0,,1824.477,21.0,47.0,224.0,95.011,,,0.1734,0.8266,,True,completed
314,pkw,498.0,720.0,222.0,,1869.331,8.0,23.0,199.0,45.992,,,0.1036,0.8964,,True,completed
352,pkw,542.0,721.0,179.0,,1635.76,12.0,12.0,167.0,28.886,,,0.067,0.933,,True,completed
174,pkw,319.0,722.0,403.0,,2958.645,27.0,42.0,361.0,85.89,,,0.1042,0.8958,,True,completed
319,pkw,507.0,722.0,215.0,,1990.741,1.0,13.0,202.0,33.609,,,0.0605,0.9395,,True,completed
397,pkw,602.0,722.0,120.0,,783.537,14.0,22.0,98.0,47.973,,,0.1833,0.8167,,True,completed
246,pkw,482.0,724.0,242.0,,1970.991,33.0,33.0,209.0,62.404,,,0.1364,0.8636,,True,completed
341,pkw,534.0,724.0,190.0,,1494.072,0.0,22.0,168.0,46.855,,,0.1158,0.8842,,True,completed
334,pkw,518.0,725.0,207.0,,1685.302,16.0,20.0,187.0,50.452,,,0.0966,0.9034,,True,completed
287,pkw,469.0,726.0,257.0,,2248.113,12.0,13.0,244.0,42.673,,,0.0506,0.9494,,True,completed
360,pkw,551.0,730.0,179.0,,1453.891,6.0,26.0,153.0,42.585,,,0.1453,0.8547,,True,completed
216,pkw,377.0,731.0,354.0,,3149.667,5.0,23.0,331.0,62.013,,,0.065,0.935,,True,completed
337,pkw,530.0,731.0,201.0,,1189.904,40.0,57.0,144.0,91.605,,,0.2836,0.7164,,True,completed
343,pkw,536.0,732.0,196.0,,1560.302,31.0,31.0,165.0,54.013,,,0.1582,0.8418,,True,completed
411,pkw,608.0,732.0,124.0,,811.117,28.0,28.0,96.0,39.988,,,0.2258,0.7742,,True,completed
263,pkw,443.0,733.0,290.0,,2013.046,12.0,52.0,238.0,100.807,,,0.1793,0.8207,,True,completed
346,pkw,539.0,734.0,195.0,,1588.655,5.0,23.0,172.0,51.02,,,0.1179,0.8821,,True,completed
301,pkw,483.0,735.0,252.0,,2143.715,8.0,17.0,235.0,56.594,,,0.0675,0.9325,,True,completed
180,pkw,324.0,736.0,412.0,,3384.769,3.0,52.0,360.0,98.268,,,0.1262,0.8738,,True,completed
189,pkw,336.0,737.0,401.0,,2242.416,40.0,71.0,330.0,134.824,,,0.1771,0.8229,,True,completed
366,pkw,558.0,738.0,180.0,,1518.182,0.0,24.0,156.0,38.154,,,0.1333,0.8667,,True,completed
223,pkw,387.0,739.0,352.0,,2014.682,32.0,92.0,260.0,154.444,,,0.2614,0.7386,,True,completed
291,pkw,473.0,739.0,266.0,,2103.893,0.0,19.0,247.0,57.835,,,0.0714,0.9286,,True,completed
260,pkw,438.0,741.0,303.0,,2454.375,22.0,51.0,252.0,80.296,,,0.1683,0.8317,,True,completed
278,pkw,454.0,741.0,287.0,,2285.77,0.0,48.0,239.0,70.25,,,0.1672,0.8328,,True,completed
342,pkw,535.0,741.0,206.0,,1945.369,8.0,8.0,198.0,26.926,,,0.0388,0.9612,,True,completed
268,pkw,447.0,742.0,295.0,,2215.194,37.0,54.0,241.0,93.098,,,0.1831,0.8169,,True,completed
327,pkw,512.0,742.0,230.0,,2180.201,10.0,11.0,219.0,32.284,,,0.0478,0.9522,,True,completed
407,pkw,605.0,743.0,138.0,,1118.496,0.0,9.0,129.0,25.362,,,0.0652,0.9348,,True,completed
288,pkw,470.0,744.0,274.0,,2210.38,20.0,31.0,243.0,65.931,,,0.1131,0.8869,,True,completed
492,pkw,659.0,745.0,86.0,,670.814,4.0,4.0,82.0,17.567,,,0.0465,0.9535,,True,completed
297,pkw,481.0,746.0,265.0,,1417.194,50.0,87.0,178.0,134.321,,,0.3283,0.6717,,True,completed
298,pkw,481.0,747.0,266.0,,2332.608,1.0,14.0,252.0,46.993,,,0.0526,0.9474,,True,completed
222,pkw,387.0,751.0,364.0,,2867.229,14.0,35.0,329.0,78.393,,,0.0962,0.9038,,True,completed
285,pkw,468.0,751.0,283.0,,2267.474,33.0,33.0,250.0,74.619,,,0.1166,0.8834,,True,completed
454,pkw,632.0,751.0,119.0,,997.976,0.0,0.0,119.0,10.244,,,0.0,1.0,,True,completed
357,pkw,547.0,753.0,206.0,,1521.219,13.0,24.0,182.0,61.95,,,0.1165,0.8835,,True,completed
468,pkw,639.0,755.0,116.0,,853.023,16.0,16.0,100.0,36.456,,,0.1379,0.8621,,True,completed
292,pkw,475.0,757.0,282.0,,2395.658,0.0,28.0,254.0,59.29,,,0.0993,0.9007,,True,completed
469,pkw,640.0,757.0,117.0,,850.976,17.0,17.0,100.0,37.989,,,0.1453,0.8547,,True,completed
464,pkw,636.0,758.0,122.0,,1022.949,3.0,3.0,119.0,16.608,,,0.0246,0.9754,,True,completed
475,pkw,643.0,759.0,116.0,,915.431,0.0,8.0,108.0,17.051,,,0.069,0.931,,True,completed
423,pkw,614.0,761.0,147.0,,1020.764,29.0,42.0,105.0,53.378,,,0.2857,0.7143,,True,completed
356,pkw,546.0,762.0,216.0,,1693.9,23.0,26.0,190.0,61.135,,,0.1204,0.8796,,True,completed
361,pkw,554.0,763.0,209.0,,1633.57,24.0,30.0,179.0,59.702,,,0.1435,0.8565,,True,completed
396,pkw,601.0,765.0,164.0,,1267.616,16.0,21.0,143.0,47.85,,,0.128,0.872,,True,completed
491,pkw,659.0,767.0,108.0,,983.994,0.0,0.0,108.0,9.172,,,0.0,1.0,,True,completed
523,pkw,684.0,767.0,83.0,,664.736,6.0,6.0,77.0,20.005,,,0.0723,0.9277,,True,completed
257,pkw,437.0,768.0,331.0,,2629.375,10.0,35.0,296.0,89.624,,,0.1057,0.8943,,True,completed
367,pkw,561.0,771.0,210.0,,1611.45,31.0,31.0,179.0,56.927,,,0.1476,0.8524,,True,completed
379,pkw,576.0,771.0,195.0,,1585.891,12.0,22.0,173.0,50.555,,,0.1128,0.8872,,True,completed
526,pkw,715.0,771.0,56.0,,564.907,0.0,0.0,56.0,3.591,,,0.0,1.0,,True,completed
274,pkw,490.0,773.0,283.0,,1584.206,65.0,100.0,183.0,138.029,,,0.3534,0.6466,,True,completed
276,pkw,453.0,774.0,321.0,,2735.788,7.0,31.0,290.0,71.978,,,0.0966,0.9034,,True,completed
338,pkw,531.0,775.0,244.0,,1478.297,29.0,53.0,191.0,102.692,,,0.2172,0.7828,,True,completed
398,pkw,602.0,775.0,173.0,,1301.539,15.0,15.0,158.0,33.904,,,0.0867,0.9133,,True,completed
443,pkw,624.0,775.0,151.0,,1565.106,0.0,0.0,151.0,8.589,,,0.0,1.0,,True,completed
358,pkw,549.0,778.0,229.0,,1829.151,4.0,33.0,196.0,61.53,,,0.1441,0.8559,,True,completed
465,pkw,638.0,778.0,140.0,,1171.623,2.0,2.0,138.0,16.458,,,0.0143,0.9857,,True,completed
321,pkw,511.0,779.0,268.0,,1798.306,41.0,55.0,213.0,103.511,,,0.2052,0.7948,,True,completed
295,pkw,481.0,780.0,299.0,,2376.935,19.0,41.0,258.0,83.186,,,0.1371,0.8629,,True,completed
500,pkw,665.0,781.0,116.0,,953.715,0.0,0.0,116.0,22.655,,,0.0,1.0,,True,completed
605,pkw,738.0,784.0,46.0,,442.202,0.0,0.0,46.0,5.201,,,0.0,1.0,,True,completed
184,pkw,333.0,785.0,452.0,,3337.746,0.0,75.0,377.0,126.038,,,0.1659,0.8341,,True,completed
428,pkw,617.0,785.0,168.0,,1493.329,0.0,4.0,164.0,20.14,,,0.0238,0.9762,,True,completed
429,pkw,618.0,785.0,167.0,,1186.252,18.0,31.0,136.0,58.933,,,0.1856,0.8144,,True,completed
494,pkw,660.0,785.0,125.0,,1048.486,9.0,9.0,116.0,28.224,,,0.072,0.928,,True,completed
579,pkw,722.0,785.0,63.0,,456.892,14.0,14.0,49.0,20.439,,,0.2222,0.7778,,True,completed
253,pkw,432.0,788.0,356.0,,3365.291,9.0,14.0,342.0,44.254,,,0.0393,0.9607,,True,completed
558,pkw,708.0,788.0,80.0,,730.345,0.0,0.0,80.0,7.718,,,0.0,1.0,,True,completed
389,pkw,591.0,789.0,198.0,,1780.906,0.0,15.0,183.0,36.067,,,0.0758,0.9242,,True,completed
482,pkw,649.0,789.0,140.0,,1142.122,18.0,18.0,122.0,31.898,,,0.1286,0.8714,,True,completed
400,pkw,602.0,791.0,189.0,,1417.575,19.0,36.0,153.0,59.236,,,0.1905,0.8095,,True,completed
328,pkw,513.0,792.0,279.0,,2209.21,11.0,34.0,245.0,73.365,,,0.1219,0.8781,,True,completed
376,pkw,573.0,792.0,219.0,,1561.444,14.0,47.0,172.0,77.091,,,0.2146,0.7854,,True,completed
353,pkw,543.0,793.0,250.0,,1755.038,26.0,33.0,217.0,62.945,,,0.132,0.868,,True,completed
474,pkw,643.0,795.0,152.0,,1068.142,11.0,32.0,120.0,54.56,,,0.2105,0.7895,,True,completed
204,pkw,355.0,796.0,441.0,,3417.577,1.0,72.0,369.0,127.912,,,0.1633,0.8367,,True,completed
390,pkw,591.0,796.0,205.0,,1866.575,8.0,12.0,193.0,35.142,,,0.0585,0.9415,,True,completed
370,pkw,563.0,797.0,234.0,,1675.728,15.0,49.0,185.0,82.183,,,0.2094,0.7906,,True,completed
283,pkw,466.0,798.0,332.0,,2573.415,12.0,50.0,282.0,92.331,,,0.1506,0.8494,,True,completed
462,pkw,636.0,798.0,162.0,,1202.713,28.0,28.0,134.0,51.069,,,0.1728,0.8272,,True,completed
304,pkw,488.0,799.0,311.0,,1638.3,55.0,89.0,222.0,160.759,,,0.2862,0.7138,,True,completed
323,pkw,512.0,801.0,289.0,,1620.123,26.0,92.0,197.0,128.606,,,0.3183,0.6817,,True,completed
501,pkw,665.0,803.0,138.0,,1300.969,0.0,0.0,138.0,11.149,,,0.0,1.0,,True,completed
345,pkw,539.0,806.0,267.0,,1916.413,37.0,52.0,215.0,89.363,,,0.1948,0.8052,,True,completed
540,pkw,693.0,806.0,113.0,,694.688,25.0,26.0,87.0,47.299,,,0.2301,0.7699,,True,completed
355,pkw,545.0,807.0,262.0,,1903.846,35.0,43.0,219.0,80.344,,,0.1641,0.8359,,True,completed
394,pkw,599.0,807.0,208.0,,1860.61,0.0,8.0,200.0,30.926,,,0.0385,0.9615,,True,completed
480,pkw,649.0,808.0,159.0,,1472.602,0.0,0.0,159.0,11.308,,,0.0,1.0,,True,completed
372,pkw,566.0,809.0,243.0,,1951.802,14.0,31.0,212.0,65.075,,,0.1276,0.8724,,True,completed
392,pkw,594.0,809.0,215.0,,1672.076,23.0,33.0,182.0,61.993,,,0.1535,0.8465,,True,completed
442,pkw,624.0,809.0,185.0,,1820.876,0.0,0.0,185.0,19.173,,,0.0,1.0,,True,completed
290,pkw,472.0,810.0,338.0,,2882.964,1.0,28.0,310.0,76.394,,,0.0828,0.9172,,True,completed
589,pkw,729.0,810.0,81.0,,673.097,9.0,9.0,72.0,19.421,,,0.1111,0.8889,,True,completed
602,pkw,746.0,812.0,66.0,,371.661,18.0,18.0,48.0,31.55,,,0.2727,0.7273,,True,completed
431,pkw,619.0,813.0,194.0,,1709.835,15.0,16.0,178.0,36.609,,,0.0825,0.9175,,True,completed
391,pkw,594.0,815.0,221.0,,1858.055,12.0,14.0,207.0,47.244,,,0.0633,0.9367,,True,completed
430,pkw,618.0,819.0,201.0,,888.523,46.0,73.0,128.0,116.163,,,0.3632,0.6368,,True,completed
539,pkw,692.0,821.0,129.0,,976.281,10.0,10.0,119.0,34.618,,,0.0775,0.9225,,True,completed
570,pkw,716.0,822.0,106.0,,614.449,27.0,27.0,79.0,48.312,,,0.2547,0.7453,,True,completed
481,pkw,653.0,826.0,173.0,,1550.608,5.0,15.0,158.0,32.18,,,0.0867,0.9133,,True,completed
527,pkw,687.0,826.0,139.0,,1038.141,24.0,24.0,115.0,42.804,,,0.1727,0.8273,,True,completed
574,pkw,718.0,827.0,109.0,,889.342,0.0,0.0,109.0,17.632,,,0.0,1.0,,True,completed
375,pkw,569.0,829.0,260.0,,2340.237,2.0,15.0,245.0,44.217,,,0.0577,0.9423,,True,completed
660,pkw,775.0,829.0,54.0,,377.393,11.0,11.0,43.0,19.034,,,0.2037,0.7963,,True,completed
483,pkw,649.0,831.0,182.0,,1217.498,14.0,17.0,165.0,46.626,,,0.0934,0.9066,,True,completed
414,pkw,610.0,832.0,222.0,,2140.442,2.0,8.0,214.0,27.485,,,0.036,0.964,,True,completed
630,pkw,752.0,833.0,81.0,,735.233,5.0,5.0,76.0,13.828,,,0.0617,0.9383,,True,completed
636,pkw,755.0,833.0,78.0,,724.733,0.0,0.0,78.0,9.451,,,0.0,1.0,,True,completed
271,pkw,449.0,834.0,385.0,,3044.906,0.0,57.0,328.0,97.921,,,0.1481,0.8519,,True,completed
384,pkw,584.0,834.0,250.0,,2030.152,17.0,21.0,229.0,48.753,,,0.084,0.916,,True,completed
598,pkw,735.0,835.0,100.0,,764.99,13.0,13.0,87.0,29.115,,,0.13,0.87,,True,completed
525,pkw,685.0,836.0,151.0,,1263.178,5.0,17.0,134.0,35.753,,,0.1126,0.8874,,True,completed
406,pkw,605.0,837.0,232.0,,1694.282,31.0,33.0,199.0,77.223,,,0.1422,0.8578,,True,completed
522,pkw,684.0,838.0,154.0,,1325.684,7.0,7.0,147.0,22.003,,,0.0455,0.9545,,True,completed
348,pkw,540.0,839.0,299.0,,1561.504,52.0,87.0,212.0,149.403,,,0.291,0.709,,True,completed
388,pkw,590.0,839.0,249.0,,1988.682,0.0,46.0,203.0,68.59,,,0.1847,0.8153,,True,completed
381,pkw,579.0,842.0,263.0,,2497.944,5.0,6.0,257.0,36.398,,,0.0228,0.9772,,True,completed
383,pkw,584.0,843.0,259.0,,1991.176,23.0,34.0,225.0,70.123,,,0.1313,0.8687,,True,completed
436,pkw,620.0,843.0,223.0,,1410.924,34.0,49.0,174.0,88.655,,,0.2197,0.7803,,True,completed
504,pkw,667.0,843.0,176.0,,1469.062,15.0,15.0,161.0,36.233,,,0.0852,0.9148,,True,completed
591,pkw,730.0,844.0,114.0,,867.698,13.0,13.0,101.0,33.981,,,0.114,0.886,,True,completed
363,pkw,556.0,847.0,291.0,,2449.846,21.0,39.0,252.0,67.459,,,0.134,0.866,,True,completed
378,pkw,575.0,848.0,273.0,,2279.78,14.0,28.0,245.0,64.525,,,0.1026,0.8974,,True,completed
239,pkw,411.0,850.0,439.0,,3422.486,19.0,73.0,366.0,121.744,,,0.1663,0.8337,,True,completed
466,pkw,638.0,850.0,212.0,,1700.057,12.0,12.0,200.0,41.43,,,0.0566,0.9434,,True,completed
416,pkw,611.0,851.0,240.0,,1825.195,0.0,21.0,219.0,48.365,,,0.0875,0.9125,,True,completed
571,pkw,716.0,852.0,136.0,,972.153,11.0,17.0,119.0,42.072,,,0.125,0.875,,True,completed
575,pkw,719.0,855.0,136.0,,974.03,10.0,15.0,121.0,42.309,,,0.1103,0.8897,,True,completed
499,pkw,665.0,856.0,191.0,,798.229,68.0,80.0,111.0,118.159,,,0.4188,0.5812,,True,completed
320,pkw,507.0,857.0,350.0,,2982.789,13.0,20.0,330.0,56.645,,,0.0571,0.9429,,True,completed
426,pkw,615.0,860.0,245.0,,2049.905,8.0,26.0,219.0,58.999,,,0.1061,0.8939,,True,completed
453,pkw,632.0,863.0,231.0,,2215.611,0.0,7.0,224.0,29.131,,,0.0303,0.9697,,True,completed
349,pkw,540.0,865.0,325.0,,2016.972,40.0,59.0,266.0,107.641,,,0.1815,0.8185,,True,completed
380,pkw,577.0,866.0,289.0,,2091.071,35.0,45.0,244.0,79.679,,,0.1557,0.8443,,True,completed
553,pkw,703.0,866.0,163.0,,1329.625,19.0,19.0,144.0,37.192,,,0.1166,0.8834,,True,completed
303,pkw,484.0,867.0,383.0,,2096.263,56.0,107.0,276.0,172.009,,,0.2794,0.7206,,True,completed
403,pkw,603.0,867.0,264.0,,2030.74,5.0,21.0,243.0,59.889,,,0.0795,0.9205,,True,completed
618,pkw,745.0,869.0,124.0,,984.923,6.0,6.0,118.0,20.901,,,0.0484,0.9516,,True,completed
434,pkw,619.0,870.0,251.0,,2078.148,13.0,35.0,216.0,59.92,,,0.1394,0.8606,,True,completed
451,pkw,628.0,871.0,243.0,,1936.876,13.0,24.0,219.0,65.975,,,0.0988,0.9012,,True,completed
374,pkw,568.0,872.0,304.0,,2112.002,21.0,60.0,244.0,98.021,,,0.1974,0.8026,,True,completed
413,pkw,609.0,872.0,263.0,,2129.206,0.0,0.0,263.0,27.612,,,0.0,1.0,,True,completed
230,pkw,396.0,873.0,477.0,,2899.158,13.0,99.0,378.0,171.79,,,0.2075,0.7925,,True,completed
445,pkw,625.0,873.0,248.0,,1967.747,0.0,30.0,218.0,68.371,,,0.121,0.879,,True,completed
617,pkw,744.0,876.0,132.0,,1158.588,5.0,5.0,127.0,18.329,,,0.0379,0.9621,,True,completed
652,pkw,770.0,876.0,106.0,,749.954,19.0,19.0,87.0,36.602,,,0.1792,0.8208,,True,completed
450,pkw,628.0,878.0,250.0,,2016.74,0.0,28.0,222.0,65.843,,,0.112,0.888,,True,completed
686,pkw,793.0,879.0,86.0,,648.754,12.0,12.0,74.0,26.14,,,0.1395,0.8605,,True,completed
484,pkw,651.0,880.0,229.0,,1809.849,17.0,35.0,194.0,56.715,,,0.1528,0.8472,,True,completed
498,pkw,665.0,884.0,219.0,,2076.395,0.0,0.0,219.0,30.018,,,0.0,1.0,,True,completed
613,pkw,742.0,884.0,142.0,,1155.53,14.0,23.0,119.0,36.539,,,0.162,0.838,,True,completed
622,pkw,748.0,884.0,136.0,,954.817,29.0,31.0,105.0,47.975,,,0.2279,0.7721,,True,completed
554,pkw,706.0,885.0,179.0,,1415.665,0.0,26.0,153.0,49.667,,,0.1453,0.8547,,True,completed
644,pkw,765.0,885.0,120.0,,1016.359,9.0,9.0,111.0,24.407,,,0.075,0.925,,True,completed
425,pkw,615.0,887.0,272.0,,2202.375,14.0,20.0,252.0,53.672,,,0.0735,0.9265,,True,completed
456,pkw,632.0,887.0,255.0,,1931.044,22.0,54.0,201.0,72.362,,,0.2118,0.7882,,True,completed
519,pkw,682.0,887.0,205.0,,1392.884,0.0,19.0,186.0,36.132,,,0.0927,0.9073,,True,completed
326,pkw,512.0,888.0,376.0,,2342.083,35.0,97.0,279.0,161.192,,,0.258,0.742,,True,completed
362,pkw,555.0,888.0,333.0,,2275.757,41.0,73.0,260.0,117.89,,,0.2192,0.7808,,True,completed
387,pkw,590.0,888.0,298.0,,3032.685,3.0,3.0,295.0,22.576,,,0.0101,0.9899,,True,completed
438,pkw,621.0,888.0,267.0,,1963.286,22.0,47.0,220.0,77.364,,,0.176,0.824,,True,completed
516,pkw,680.0,888.0,208.0,,1280.003,23.0,39.0,169.0,70.073,,,0.1875,0.8125,,True,completed
683,pkw,791.0,890.0,99.0,,582.196,30.0,30.0,69.0,45.602,,,0.303,0.697,,True,completed
444,pkw,624.0,893.0,269.0,,2538.59,0.0,4.0,265.0,36.77,,,0.0149,0.9851,,True,completed
708,pkw,809.0,894.0,85.0,,532.167,21.0,21.0,64.0,35.248,,,0.2471,0.7529,,True,completed
455,pkw,632.0,895.0,263.0,,984.097,29.0,105.0,158.0,152.893,,,0.3992,0.6008,,True,completed
473,pkw,641.0,896.0,255.0,,2063.586,8.0,36.0,219.0,68.033,,,0.1412,0.8588,,True,completed
439,pkw,621.0,897.0,276.0,,1969.957,54.0,55.0,221.0,97.026,,,0.1993,0.8007,,True,completed
449,pkw,627.0,897.0,270.0,,1979.088,17.0,53.0,217.0,90.256,,,0.1963,0.8037,,True,completed
562,pkw,710.0,898.0,188.0,,1075.719,41.0,52.0,136.0,90.184,,,0.2766,0.7234,,True,completed
331,pkw,515.0,899.0,384.0,,2612.718,39.0,85.0,299.0,139.09,,,0.2214,0.7786,,True,completed
418,pkw,613.0,901.0,288.0,,2331.651,25.0,37.0,251.0,75.502,,,0.1285,0.8715,,True,completed
359,pkw,550.0,902.0,352.0,,2538.917,14.0,24.0,328.0,66.738,,,0.0682,0.9318,,True,completed
599,pkw,735.0,902.0,167.0,,1627.594,3.0,3.0,164.0,19.454,,,0.018,0.982,,True,completed
459,pkw,633.0,905.0,272.0,,1533.79,24.0,85.0,187.0,132.511,,,0.3125,0.6875,,True,completed
506,pkw,668.0,905.0,237.0,,1702.568,24.0,47.0,190.0,81.081,,,0.1983,0.8017,,True,completed
542,pkw,695.0,905.0,210.0,,1489.812,27.0,38.0,172.0,70.854,,,0.181,0.819,,True,completed
427,pkw,615.0,907.0,292.0,,2526.051,24.0,26.0,266.0,62.953,,,0.089,0.911,,True,completed
667,pkw,781.0,907.0,126.0,,1055.792,0.0,0.0,126.0,13.006,,,0.0,1.0,,True,completed
487,pkw,655.0,909.0,254.0,,1721.116,24.0,57.0,197.0,97.821,,,0.2244,0.7756,,True,completed
463,pkw,636.0,910.0,274.0,,2346.386,0.0,7.0,267.0,36.323,,,0.0255,0.9745,,True,completed
564,pkw,711.0,912.0,201.0,,1133.299,22.0,51.0,150.0,92.625,,,0.2537,0.7463,,True,completed
395,pkw,599.0,915.0,316.0,,2518.19,1.0,36.0,280.0,72.446,,,0.1139,0.8861,,True,completed
458,pkw,633.0,915.0,282.0,,1556.656,17.0,91.0,191.0,140.62,,,0.3227,0.6773,,True,completed
471,pkw,639.0,916.0,277.0,,2254.285,0.0,35.0,242.0,72.044,,,0.1264,0.8736,,True,completed
496,pkw,664.0,916.0,252.0,,1865.108,10.0,52.0,200.0,80.598,,,0.2063,0.7937,,True,completed
654,pkw,771.0,916.0,145.0,,406.862,61.0,61.0,84.0,102.287,,,0.4207,0.5793,,True,completed
478,pkw,645.0,918.0,273.0,,2367.819,18.0,28.0,245.0,52.871,,,0.1026,0.8974,,True,completed
289,pkw,471.0,919.0,448.0,,3355.602,61.0,78.0,370.0,142.29,,,0.1741,0.8259,,True,completed
633,pkw,753.0,920.0,167.0,,1645.412,2.0,3.0,164.0,17.911,,,0.018,0.982,,True,completed
759,pkw,844.0,920.0,76.0,,631.163,7.0,7.0,69.0,18.195,,,0.0921,0.9079,,True,completed
567,pkw,714.0,922.0,208.0,,1847.117,0.0,11.0,197.0,36.326,,,0.0529,0.9471,,True,completed
365,pkw,556.0,923.0,367.0,,2523.904,42.0,69.0,298.0,132.823,,,0.188,0.812,,True,completed
544,pkw,697.0,923.0,226.0,,2143.506,13.0,13.0,213.0,30.445,,,0.0575,0.9425,,True,completed
410,pkw,608.0,924.0,316.0,,2568.613,24.0,44.0,272.0,78.627,,,0.1392,0.8608,,True,completed
524,pkw,684.0,925.0,241.0,,1875.385,12.0,16.0,225.0,56.872,,,0.0664,0.9336,,True,completed
470,pkw,639.0,926.0,287.0,,2221.922,0.0,33.0,254.0,71.293,,,0.115,0.885,,True,completed
472,pkw,640.0,926.0,286.0,,2051.602,13.0,37.0,249.0,68.913,,,0.1294,0.8706,,True,completed
479,pkw,648.0,926.0,278.0,,1435.933,26.0,99.0,179.0,147.512,,,0.3561,0.6439,,True,completed
802,pkw,880.0,926.0,46.0,,443.694,0.0,0.0,46.0,5.067,,,0.0,1.0,,True,completed
382,pkw,581.0,927.0,346.0,,2362.346,45.0,88.0,258.0,130.703,,,0.2543,0.7457,,True,completed
592,pkw,730.0,928.0,198.0,,1371.191,8.0,43.0,155.0,72.851,,,0.2172,0.7828,,True,completed
758,pkw,843.0,928.0,85.0,,686.441,5.0,5.0,80.0,18.338,,,0.0588,0.9412,,True,completed
634,pkw,754.0,929.0,175.0,,1309.482,7.0,23.0,152.0,51.04,,,0.1314,0.8686,,True,completed
742,pkw,830.0,929.0,99.0,,727.502,20.0,20.0,79.0,32.524,,,0.202,0.798,,True,completed
196,pkw,341.0,930.0,589.0,,3903.328,0.0,75.0,514.0,156.534,,,0.1273,0.8727,,True,completed
330,pkw,515.0,930.0,415.0,,3492.813,1.0,48.0,367.0,98.26,,,0.1157,0.8843,,True,completed
497,pkw,664.0,932.0,268.0,,1684.639,42.0,54.0,214.0,101.635,,,0.2015,0.7985,,True,completed
514,pkw,678.0,934.0,256.0,,2077.099,19.0,26.0,230.0,51.282,,,0.1016,0.8984,,True,completed
452,pkw,630.0,935.0,305.0,,2614.722,18.0,36.0,269.0,66.252,,,0.118,0.882,,True,completed
647,pkw,767.0,937.0,170.0,,1445.041,0.0,19.0,151.0,37.762,,,0.1118,0.8882,,True,completed
312,pkw,498.0,938.0,440.0,,3654.089,3.0,55.0,385.0,97.196,,,0.125,0.875,,True,completed
461,pkw,635.0,938.0,303.0,,2616.036,0.0,17.0,286.0,44.665,,,0.0561,0.9439,,True,completed
488,pkw,656.0,940.0,284.0,,1623.205,37.0,78.0,206.0,122.516,,,0.2746,0.7254,,True,completed
673,pkw,783.0,940.0,157.0,,1517.824,1.0,1.0,156.0,16.944,,,0.0064,0.9936,,True,completed
528,pkw,687.0,942.0,255.0,,2199.943,22.0,33.0,222.0,55.567,,,0.1294,0.8706,,True,completed
529,pkw,687.0,942.0,255.0,,1501.391,35.0,58.0,197.0,106.392,,,0.2275,0.7725,,True,completed
748,pkw,834.0,943.0,109.0,,730.445,0.0,0.0,109.0,10.455,,,0.0,1.0,,True,completed
531,pkw,690.0,945.0,255.0,,2143.389,0.0,14.0,241.0,39.552,,,0.0549,0.9451,,True,completed
568,pkw,714.0,946.0,232.0,,1772.167,28.0,39.0,193.0,66.129,,,0.1681,0.8319,,True,completed
578,pkw,722.0,946.0,224.0,,1622.729,1.0,19.0,205.0,47.827,,,0.0848,0.9152,,True,completed
684,pkw,792.0,947.0,155.0,,1402.4,11.0,11.0,144.0,26.062,,,0.071,0.929,,True,completed
731,pkw,823.0,947.0,124.0,,1125.346,0.0,0.0,124.0,19.745,,,0.0,1.0,,True,completed
621,pkw,748.0,948.0,200.0,,1648.823,3.0,18.0,182.0,41.897,,,0.09,0.91,,True,completed
543,pkw,696.0,949.0,253.0,,1691.189,18.0,49.0,204.0,98.656,,,0.1937,0.8063,,True,completed
569,pkw,715.0,949.0,234.0,,1642.326,30.0,43.0,191.0,81.602,,,0.1838,0.8162,,True,completed
788,pkw,862.0,950.0,88.0,,660.738,9.0,9.0,79.0,24.1,,,0.1023,0.8977,,True,completed
780,pkw,856.0,952.0,96.0,,646.577,24.0,24.0,72.0,36.499,,,0.25,0.75,,True,completed
419,pkw,613.0,954.0,341.0,,2728.818,1.0,47.0,294.0,93.483,,,0.1378,0.8622,,True,completed
371,pkw,564.0,955.0,391.0,,2220.786,27.0,117.0,274.0,186.603,,,0.2992,0.7008,,True,completed
625,pkw,751.0,955.0,204.0,,1736.543,5.0,5.0,199.0,34.334,,,0.0245,0.9755,,True,completed
561,pkw,710.0,956.0,246.0,,1991.867,0.0,32.0,214.0,64.892,,,0.1301,0.8699,,True,completed
446,pkw,625.0,957.0,332.0,,2455.876,27.0,54.0,278.0,108.52,,,0.1627,0.8373,,True,completed
616,pkw,744.0,958.0,214.0,,1270.545,49.0,56.0,158.0,97.636,,,0.2617,0.7383,,True,completed
546,pkw,698.0,959.0,261.0,,2090.524,0.0,3.0,258.0,30.635,,,0.0115,0.9885,,True,completed
555,pkw,706.0,959.0,253.0,,1867.423,4.0,55.0,198.0,78.595,,,0.2174,0.7826,,True,completed
415,pkw,611.0,961.0,350.0,,2717.849,1.0,55.0,295.0,91.084,,,0.1571,0.8429,,True,completed
490,pkw,659.0,961.0,302.0,,2745.384,0.0,23.0,279.0,44.553,,,0.0762,0.9238,,True,completed
680,pkw,791.0,961.0,170.0,,1387.993,0.0,0.0,170.0,18.546,,,0.0,1.0,,True,completed
440,pkw,622.0,963.0,341.0,,2134.997,46.0,88.0,253.0,140.973,,,0.2581,0.7419,,True,completed
503,pkw,672.0,963.0,291.0,,1811.777,40.0,72.0,219.0,121.903,,,0.2474,0.7526,,True,completed
794,pkw,869.0,963.0,94.0,,899.908,0.0,0.0,94.0,11.373,,,0.0,1.0,,True,completed
615,pkw,743.0,964.0,221.0,,1815.013,0.0,36.0,185.0,55.49,,,0.1629,0.8371,,True,completed
437,pkw,621.0,965.0,344.0,,2356.34,65.0,71.0,273.0,122.355,,,0.2064,0.7936,,True,completed
846,pkw,906.0,965.0,59.0,,612.949,0.0,0.0,59.0,2.834,,,0.0,1.0,,True,completed
401,pkw,602.0,966.0,364.0,,2383.149,39.0,77.0,287.0,138.469,,,0.2115,0.7885,,True,completed
583,pkw,724.0,966.0,242.0,,2152.891,0.0,2.0,240.0,27.438,,,0.0083,0.9917,,True,completed
706,pkw,807.0,966.0,159.0,,1319.14,0.0,18.0,141.0,32.389,,,0.1132,0.8868,,True,completed
818,pkw,891.0,967.0,76.0,,674.497,0.0,0.0,76.0,11.048,,,0.0,1.0,,True,completed
557,pkw,708.0,968.0,260.0,,2017.767,5.0,43.0,217.0,76.443,,,0.1654,0.8346,,True,completed
563,pkw,710.0,968.0,258.0,,2210.02,14.0,27.0,231.0,57.41,,,0.1047,0.8953,,True,completed
515,pkw,680.0,970.0,290.0,,1250.254,51.0,107.0,183.0,165.733,,,0.369,0.631,,True,completed
548,pkw,700.0,972.0,272.0,,1701.137,43.0,70.0,202.0,114.517,,,0.2574,0.7426,,True,completed
477,pkw,643.0,973.0,330.0,,2849.917,13.0,30.0,300.0,68.41,,,0.0909,0.9091,,True,completed
505,pkw,668.0,974.0,306.0,,1830.21,19.0,88.0,218.0,139.976,,,0.2876,0.7124,,True,completed
585,pkw,727.0,974.0,247.0,,1832.24,24.0,53.0,194.0,78.629,,,0.2146,0.7854,,True,completed
577,pkw,721.0,976.0,255.0,,1996.749,28.0,39.0,216.0,73.769,,,0.1529,0.8471,,True,completed
593,pkw,730.0,976.0,246.0,,2324.511,0.0,5.0,241.0,30.29,,,0.0203,0.9797,,True,completed
595,pkw,734.0,976.0,242.0,,1862.968,21.0,39.0,203.0,72.293,,,0.1612,0.8388,,True,completed
661,pkw,775.0,976.0,201.0,,1332.428,24.0,41.0,160.0,66.826,,,0.204,0.796,,True,completed
420,pkw,613.0,978.0,365.0,,2287.184,18.0,96.0,269.0,153.498,,,0.263,0.737,,True,completed
631,pkw,752.0,981.0,229.0,,2090.23,0.0,24.0,205.0,39.173,,,0.1048,0.8952,,True,completed
347,pkw,540.0,982.0,442.0,,3359.989,13.0,79.0,363.0,129.909,,,0.1787,0.8213,,True,completed
385,pkw,586.0,983.0,397.0,,3064.061,17.0,64.0,333.0,112.153,,,0.1612,0.8388,,True,completed
606,pkw,738.0,983.0,245.0,,1715.865,48.0,48.0,197.0,84.861,,,0.1959,0.8041,,True,completed
626,pkw,749.0,984.0,235.0,,1761.188,0.0,19.0,216.0,43.275,,,0.0809,0.9191,,True,completed
821,pkw,891.0,985.0,94.0,,767.41,7.0,7.0,87.0,22.863,,,0.0745,0.9255,,True,completed
520,pkw,682.0,987.0,305.0,,1956.167,35.0,71.0,234.0,124.111,,,0.2328,0.7672,,True,completed
801,pkw,879.0,987.0,108.0,,969.575,3.0,3.0,105.0,13.68,,,0.0278,0.9722,,True,completed
417,pkw,612.0,988.0,376.0,,1967.532,56.0,113.0,263.0,196.593,,,0.3005,0.6995,,True,completed
620,pkw,747.0,988.0,241.0,,1824.588,0.0,19.0,222.0,39.572,,,0.0788,0.9212,,True,completed
755,pkw,841.0,988.0,147.0,,1314.086,0.0,7.0,140.0,27.109,,,0.0476,0.9524,,True,completed
849,pkw,909.0,991.0,82.0,,735.476,0.0,0.0,82.0,13.876,,,0.0,1.0,,True,completed
611,pkw,741.0,992.0,251.0,,2275.806,0.0,22.0,229.0,42.704,,,0.0876,0.9124,,True,completed
530,pkw,689.0,997.0,308.0,,2320.312,27.0,65.0,243.0,96.991,,,0.211,0.789,,True,completed
671,pkw,782.0,997.0,215.0,,1142.436,52.0,71.0,144.0,110.49,,,0.3302,0.6698,,True,completed
754,pkw,840.0,997.0,157.0,,1230.933,6.0,15.0,142.0,44.02,,,0.0955,0.9045,,True,completed
756,pkw,841.0,997.0,156.0,,1327.517,4.0,4.0,152.0,30.494,,,0.0256,0.9744,,True,completed
432,pkw,619.0,998.0,379.0,,2620.447,0.0,79.0,300.0,127.174,,,0.2084,0.7916,,True,completed
532,pkw,690.0,999.0,309.0,,2668.175,0.0,28.0,281.0,60.944,,,0.0906,0.9094,,True,completed
538,pkw,691.0,999.0,308.0,,2148.676,48.0,58.0,250.0,109.873,,,0.1883,0.8117,,True,completed
687,pkw,795.0,1003.0,208.0,,1895.9,4.0,5.0,203.0,28.356,,,0.024,0.976,,True,completed
710,pkw,809.0,1005.0,196.0,,1378.15,21.0,28.0,168.0,69.322,,,0.1429,0.8571,,True,completed
641,pkw,762.0,1006.0,244.0,,2228.033,13.0,13.0,231.0,37.582,,,0.0533,0.9467,,True,completed
551,pkw,702.0,1007.0,305.0,,2337.531,16.0,52.0,253.0,89.238,,,0.1705,0.8295,,True,completed
447,pkw,625.0,1008.0,383.0,,2282.522,64.0,107.0,276.0,174.371,,,0.2794,0.7206,,True,completed
739,pkw,829.0,1009.0,180.0,,1818.822,0.0,2.0,178.0,15.213,,,0.0111,0.9889,,True,completed
433,pkw,619.0,1010.0,391.0,,3051.869,11.0,65.0,326.0,110.178,,,0.1662,0.8338,,True,completed
640,pkw,758.0,1010.0,252.0,,1796.378,48.0,50.0,202.0,76.066,,,0.1984,0.8016,,True,completed
405,pkw,604.0,1011.0,407.0,,2803.853,30.0,88.0,319.0,145.357,,,0.2162,0.7838,,True,completed
800,pkw,878.0,1011.0,133.0,,1182.835,0.0,1.0,132.0,17.278,,,0.0075,0.9925,,True,completed
409,pkw,607.0,1012.0,405.0,,1677.607,74.0,178.0,227.0,239.508,,,0.4395,0.5605,,True,completed
666,pkw,780.0,1013.0,233.0,,1811.62,11.0,37.0,196.0,68.291,,,0.1588,0.8412,,True,completed
717,pkw,812.0,1013.0,201.0,,1576.483,0.0,14.0,187.0,41.217,,,0.0697,0.9303,,True,completed
659,pkw,773.0,1014.0,241.0,,1056.715,28.0,66.0,175.0,126.714,,,0.2739,0.7261,,True,completed
695,pkw,802.0,1014.0,212.0,,1483.341,17.0,35.0,177.0,76.236,,,0.1651,0.8349,,True,completed
854,pkw,912.0,1015.0,103.0,,782.214,15.0,15.0,88.0,30.895,,,0.1456,0.8544,,True,completed
656,pkw,772.0,1018.0,246.0,,1916.286,31.0,42.0,204.0,71.737,,,0.1707,0.8293,,True,completed
441,pkw,622.0,1019.0,397.0,,2420.731,58.0,116.0,281.0,175.727,,,0.2922,0.7078,,True,completed
576,pkw,719.0,1019.0,300.0,,2372.726,9.0,39.0,261.0,82.968,,,0.13,0.87,,True,completed
612,pkw,742.0,1019.0,277.0,,2498.556,1.0,1.0,276.0,26.446,,,0.0036,0.9964,,True,completed
735,pkw,824.0,1019.0,195.0,,1583.838,4.0,10.0,185.0,38.01,,,0.0513,0.9487,,True,completed
824,pkw,894.0,1019.0,125.0,,1058.286,2.0,2.0,123.0,18.318,,,0.016,0.984,,True,completed
870,pkw,920.0,1019.0,99.0,,739.813,13.0,13.0,86.0,31.416,,,0.1313,0.8687,,True,completed
408,pkw,606.0,1020.0,414.0,,2008.997,62.0,144.0,270.0,231.092,,,0.3478,0.6522,,True,completed
534,pkw,691.0,1020.0,329.0,,1858.083,40.0,84.0,245.0,139.384,,,0.2553,0.7447,,True,completed
549,pkw,700.0,1020.0,320.0,,1668.75,2.0,88.0,232.0,159.468,,,0.275,0.725,,True,completed
651,pkw,769.0,1020.0,251.0,,2130.048,2.0,19.0,232.0,48.306,,,0.0757,0.9243,,True,completed
884,pkw,926.0,1020.0,94.0,,604.582,24.0,24.0,70.0,37.694,,,0.2553,0.7447,,True,completed
597,pkw,735.0,1021.0,286.0,,1458.5,23.0,93.0,193.0,153.566,,,0.3252,0.6748,,True,completed
967,pkw,974.0,1022.0,48.0,,379.007,0.0,0.0,48.0,3.619,,,0.0,1.0,,True,completed
724,pkw,816.0,1023.0,207.0,,1534.049,24.0,37.0,170.0,65.485,,,0.1787,0.8213,,True,completed
648,pkw,768.0,1025.0,257.0,,1909.671,11.0,29.0,228.0,64.092,,,0.1128,0.8872,,True,completed
716,pkw,811.0,1025.0,214.0,,1920.638,15.0,15.0,199.0,34.766,,,0.0701,0.9299,,True,completed
658,pkw,772.0,1026.0,254.0,,2230.05,18.0,28.0,226.0,51.099,,,0.1102,0.8898,,True,completed
819,pkw,891.0,1028.0,137.0,,1102.924,15.0,15.0,122.0,28.657,,,0.1095,0.8905,,True,completed
609,pkw,740.0,1030.0,290.0,,1584.86,13.0,85.0,205.0,146.277,,,0.2931,0.7069,,True,completed
404,pkw,604.0,1031.0,427.0,,2110.292,31.0,136.0,291.0,222.472,,,0.3185,0.6815,,True,completed
904,pkw,936.0,1033.0,97.0,,689.623,6.0,6.0,91.0,30.892,,,0.0619,0.9381,,True,completed
808,pkw,884.0,1034.0,150.0,,973.248,15.0,34.0,116.0,53.752,,,0.2267,0.7733,,True,completed
694,pkw,801.0,1035.0,234.0,,2046.008,10.0,23.0,211.0,47.774,,,0.0983,0.9017,,True,completed
691,pkw,798.0,1037.0,239.0,,2190.873,10.0,12.0,227.0,38.625,,,0.0502,0.9498,,True,completed
670,pkw,781.0,1038.0,257.0,,2329.672,3.0,19.0,238.0,40.225,,,0.0739,0.9261,,True,completed
638,pkw,756.0,1039.0,283.0,,2492.861,0.0,22.0,261.0,49.305,,,0.0777,0.9223,,True,completed
643,pkw,765.0,1039.0,274.0,,1628.076,30.0,63.0,211.0,109.232,,,0.2299,0.7701,,True,completed
901,pkw,935.0,1039.0,104.0,,646.271,15.0,15.0,89.0,43.781,,,0.1442,0.8558,,True,completed
985,pkw,987.0,1039.0,52.0,,541.937,0.0,0.0,52.0,2.225,,,0.0,1.0,,True,completed
842,pkw,904.0,1040.0,136.0,,1112.446,1.0,23.0,113.0,34.879,,,0.1691,0.8309,,True,completed
925,pkw,949.0,1040.0,91.0,,813.469,2.0,3.0,88.0,9.233,,,0.033,0.967,,True,completed
790,pkw,865.0,1043.0,178.0,,1349.587,13.0,20.0,158.0,54.643,,,0.1124,0.8876,,True,completed
399,pkw,602.0,1044.0,442.0,,2559.291,47.0,121.0,321.0,208.233,,,0.2738,0.7262,,True,completed
715,pkw,811.0,1044.0,233.0,,1799.582,19.0,26.0,207.0,61.435,,,0.1116,0.8884,,True,completed
738,pkw,826.0,1044.0,218.0,,2050.905,0.0,15.0,203.0,29.964,,,0.0688,0.9312,,True,completed
936,pkw,956.0,1044.0,88.0,,502.881,27.0,27.0,61.0,40.906,,,0.3068,0.6932,,True,completed
493,pkw,660.0,1045.0,385.0,,2242.287,60.0,104.0,281.0,180.147,,,0.2701,0.7299,,True,completed
806,pkw,882.0,1045.0,163.0,,1116.365,6.0,14.0,149.0,51.975,,,0.0859,0.9141,,True,completed
856,pkw,913.0,1046.0,133.0,,1397.646,0.0,0.0,133.0,6.211,,,0.0,1.0,,True,completed
945,pkw,959.0,1046.0,87.0,,670.094,5.0,5.0,82.0,19.567,,,0.0575,0.9425,,True,completed
486,pkw,652.0,1047.0,395.0,,3088.152,1.0,41.0,354.0,101.731,,,0.1038,0.8962,,True,completed
895,pkw,933.0,1047.0,114.0,,1118.047,0.0,0.0,114.0,8.109,,,0.0,1.0,,True,completed
460,pkw,634.0,1049.0,415.0,,2332.742,57.0,118.0,297.0,184.915,,,0.2843,0.7157,,True,completed
587,pkw,728.0,1049.0,321.0,,2564.934,25.0,47.0,274.0,82.768,,,0.1464,0.8536,,True,completed
957,pkw,966.0,1049.0,83.0,,723.545,7.0,7.0,76.0,16.88,,,0.0843,0.9157,,True,completed
714,pkw,811.0,1053.0,242.0,,1708.533,17.0,54.0,188.0,84.878,,,0.2231,0.7769,,True,completed
696,pkw,802.0,1054.0,252.0,,1888.677,4.0,25.0,227.0,75.242,,,0.0992,0.9008,,True,completed
744,pkw,831.0,1057.0,226.0,,1508.153,3.0,50.0,176.0,80.628,,,0.2212,0.7788,,True,completed
760,pkw,844.0,1058.0,214.0,,1707.49,15.0,25.0,189.0,56.741,,,0.1168,0.8832,,True,completed
572,pkw,717.0,1061.0,344.0,,2951.248,5.0,26.0,318.0,68.9,,,0.0756,0.9244,,True,completed
674,pkw,783.0,1063.0,280.0,,2433.568,0.0,17.0,263.0,41.808,,,0.0607,0.9393,,True,completed
637,pkw,755.0,1064.0,309.0,,1021.482,69.0,133.0,176.0,214.858,,,0.4304,0.5696,,True,completed
547,pkw,700.0,1065.0,365.0,,1630.452,61.0,106.0,259.0,204.781,,,0.2904,0.7096,,True,completed
632,pkw,753.0,1065.0,312.0,,2100.362,18.0,57.0,255.0,120.704,,,0.1827,0.8173,,True,completed
704,pkw,806.0,1065.0,259.0,,1570.016,17.0,77.0,182.0,115.076,,,0.2973,0.7027,,True,completed
836,pkw,902.0,1065.0,163.0,,1412.713,0.0,16.0,147.0,34.009,,,0.0982,0.9018,,True,completed
665,pkw,780.0,1066.0,286.0,,2241.28,26.0,42.0,244.0,81.237,,,0.1469,0.8531,,True,completed
720,pkw,813.0,1066.0,253.0,,1446.501,29.0,44.0,209.0,114.699,,,0.1739,0.8261,,True,completed
729,pkw,822.0,1066.0,244.0,,1828.895,20.0,33.0,211.0,62.032,,,0.1352,0.8648,,True,completed
777,pkw,856.0,1066.0,210.0,,1774.371,0.0,16.0,194.0,35.429,,,0.0762,0.9238,,True,completed
386,pkw,587.0,1068.0,481.0,,1969.027,6.0,143.0,338.0,272.468,,,0.2973,0.7027,,True,completed
601,pkw,736.0,1068.0,332.0,,2506.566,19.0,51.0,281.0,103.592,,,0.1536,0.8464,,True,completed
765,pkw,847.0,1069.0,222.0,,1551.38,12.0,22.0,200.0,61.961,,,0.0991,0.9009,,True,completed
768,pkw,849.0,1070.0,221.0,,1548.782,11.0,41.0,180.0,62.3,,,0.1855,0.8145,,True,completed
823,pkw,894.0,1071.0,177.0,,1629.948,0.0,0.0,177.0,18.44,,,0.0,1.0,,True,completed
865,pkw,918.0,1071.0,153.0,,1184.017,10.0,24.0,129.0,44.42,,,0.1569,0.8431,,True,completed
733,pkw,824.0,1072.0,248.0,,2112.561,11.0,14.0,234.0,52.385,,,0.0565,0.9435,,True,completed
896,pkw,933.0,1073.0,140.0,,992.312,9.0,9.0,131.0,33.006,,,0.0643,0.9357,,True,completed
786,pkw,861.0,1074.0,213.0,,1492.99,0.0,47.0,166.0,71.661,,,0.2207,0.7793,,True,completed
835,pkw,902.0,1076.0,174.0,,1306.851,9.0,15.0,159.0,34.904,,,0.0862,0.9138,,True,completed
810,pkw,886.0,1077.0,191.0,,1090.346,23.0,23.0,168.0,47.07,,,0.1204,0.8796,,True,completed
751,pkw,839.0,1078.0,239.0,,1914.273,32.0,36.0,203.0,63.836,,,0.1506,0.8494,,True,completed
820,pkw,891.0,1078.0,187.0,,1403.148,6.0,14.0,173.0,41.754,,,0.0749,0.9251,,True,completed
927,pkw,949.0,1078.0,129.0,,833.412,10.0,23.0,106.0,52.871,,,0.1783,0.8217,,True,completed
709,pkw,809.0,1080.0,271.0,,1884.383,10.0,19.0,252.0,54.071,,,0.0701,0.9299,,True,completed
722,pkw,817.0,1080.0,263.0,,1823.974,0.0,25.0,238.0,60.864,,,0.0951,0.9049,,True,completed
749,pkw,836.0,1080.0,244.0,,1579.989,21.0,50.0,194.0,99.052,,,0.2049,0.7951,,True,completed
783,pkw,859.0,1080.0,221.0,,1832.607,11.0,11.0,210.0,35.104,,,0.0498,0.9502,,True,completed
603,pkw,738.0,1081.0,343.0,,1910.996,30.0,86.0,257.0,141.763,,,0.2507,0.7493,,True,completed
682,pkw,791.0,1081.0,290.0,,1736.258,23.0,76.0,214.0,130.44,,,0.2621,0.7379,,True,completed
998,pkw,993.0,1081.0,88.0,,699.228,9.0,9.0,79.0,21.423,,,0.1023,0.8977,,True,completed
467,pkw,639.0,1083.0,444.0,,2053.249,13.0,126.0,318.0,234.53,,,0.2838,0.7162,,True,completed
805,pkw,881.0,1084.0,203.0,,1353.278,15.0,26.0,177.0,72.565,,,0.1281,0.8719,,True,completed
402,pkw,603.0,1085.0,482.0,,2185.91,59.0,207.0,275.0,279.317,,,0.4295,0.5705,,True,completed
1013,pkw,1001.0,1087.0,86.0,,597.318,18.0,18.0,68.0,31.241,,,0.2093,0.7907,,True,completed
859,pkw,915.0,1089.0,174.0,,874.496,58.0,58.0,116.0,93.615,,,0.3333,0.6667,,True,completed
688,pkw,795.0,1090.0,295.0,,2437.261,26.0,31.0,264.0,58.628,,,0.1051,0.8949,,True,completed
1001,pkw,996.0,1091.0,95.0,,743.673,4.0,4.0,91.0,19.901,,,0.0421,0.9579,,True,completed
590,pkw,730.0,1091.0,361.0,,1834.837,14.0,116.0,245.0,194.531,,,0.3213,0.6787,,True,completed
1014,pkw,1002.0,1092.0,90.0,,750.555,8.0,8.0,82.0,21.449,,,0.0889,0.9111,,True,completed
645,pkw,766.0,1092.0,326.0,,2053.393,55.0,80.0,246.0,138.561,,,0.2454,0.7546,,True,completed
559,pkw,709.0,1093.0,384.0,,1610.927,48.0,158.0,226.0,231.838,,,0.4115,0.5885,,True,completed
764,pkw,846.0,1093.0,247.0,,2113.1,12.0,22.0,225.0,54.945,,,0.0891,0.9109,,True,completed
509,pkw,672.0,1094.0,422.0,,2959.097,18.0,84.0,338.0,140.38,,,0.1991,0.8009,,True,completed
675,pkw,783.0,1095.0,312.0,,1279.602,25.0,104.0,208.0,189.621,,,0.3333,0.6667,,True,completed
690,pkw,796.0,1095.0,299.0,,1492.699,32.0,89.0,210.0,161.202,,,0.2977,0.7023,,True,completed
718,pkw,812.0,1095.0,283.0,,1822.416,39.0,60.0,223.0,108.848,,,0.212,0.788,,True,completed
1049,pkw,1021.0,1096.0,75.0,,542.282,19.0,19.0,56.0,24.7,,,0.2533,0.7467,,True,completed
541,pkw,693.0,1096.0,403.0,,1912.638,37.0,122.0,281.0,220.159,,,0.3027,0.6973,,True,completed
941,pkw,958.0,1096.0,138.0,,1338.673,1.0,1.0,137.0,13.169,,,0.0072,0.9928,,True,completed
581,pkw,723.0,1098.0,375.0,,1621.565,63.0,137.0,238.0,223.821,,,0.3653,0.6347,,True,completed
908,pkw,939.0,1098.0,159.0,,857.393,21.0,38.0,121.0,80.315,,,0.239,0.761,,True,completed
973,pkw,980.0,1098.0,118.0,,922.124,12.0,12.0,106.0,32.416,,,0.1017,0.8983,,True,completed
893,pkw,932.0,1103.0,171.0,,1553.703,7.0,7.0,164.0,30.067,,,0.0409,0.9591,,True,completed
448,pkw,627.0,1105.0,478.0,,2673.467,24.0,140.0,338.0,235.204,,,0.2929,0.7071,,True,completed
685,pkw,793.0,1105.0,312.0,,2603.06,5.0,38.0,274.0,76.413,,,0.1218,0.8782,,True,completed
700,pkw,805.0,1106.0,301.0,,2255.633,1.0,49.0,252.0,95.374,,,0.1628,0.8372,,True,completed
905,pkw,938.0,1106.0,168.0,,1172.728,18.0,24.0,144.0,52.944,,,0.1429,0.8571,,True,completed
1059,pkw,1027.0,1107.0,80.0,,740.965,0.0,0.0,80.0,11.39,,,0.0,1.0,,True,completed
926,pkw,949.0,1107.0,158.0,,1146.574,26.0,33.0,125.0,49.096,,,0.2089,0.7911,,True,completed
512,pkw,675.0,1108.0,433.0,,2208.119,19.0,125.0,308.0,217.101,,,0.2887,0.7113,,True,completed
629,pkw,751.0,1108.0,357.0,,2549.788,13.0,67.0,290.0,111.155,,,0.1877,0.8123,,True,completed
956,pkw,965.0,1108.0,143.0,,1307.723,1.0,1.0,142.0,15.516,,,0.007,0.993,,True,completed
978,pkw,984.0,1108.0,124.0,,918.29,2.0,2.0,122.0,19.984,,,0.0161,0.9839,,True,completed
1025,pkw,1010.0,1109.0,99.0,,734.255,6.0,6.0,93.0,28.699,,,0.0606,0.9394,,True,completed
798,pkw,877.0,1109.0,232.0,,1925.502,2.0,38.0,194.0,57.339,,,0.1638,0.8362,,True,completed
829,pkw,899.0,1109.0,210.0,,1862.106,0.0,5.0,205.0,31.217,,,0.0238,0.9762,,True,completed
841,pkw,904.0,1109.0,205.0,,2006.708,2.0,2.0,203.0,21.445,,,0.0098,0.9902,,True,completed
781,pkw,856.0,1110.0,254.0,,2032.119,16.0,43.0,211.0,69.45,,,0.1693,0.8307,,True,completed
734,pkw,824.0,1111.0,287.0,,2339.68,15.0,19.0,268.0,74.653,,,0.0662,0.9338,,True,completed
746,pkw,832.0,1111.0,279.0,,2713.814,1.0,6.0,273.0,26.996,,,0.0215,0.9785,,True,completed
726,pkw,817.0,1112.0,295.0,,2508.956,21.0,27.0,268.0,57.703,,,0.0915,0.9085,,True,completed
677,pkw,787.0,1114.0,327.0,,1895.327,39.0,43.0,284.0,98.162,,,0.1315,0.8685,,True,completed
789,pkw,863.0,1114.0,251.0,,1470.371,19.0,52.0,199.0,112.54,,,0.2072,0.7928,,True,completed
1064,pkw,1029.0,1116.0,87.0,,673.329,12.0,12.0,75.0,25.4,,,0.1379,0.8621,,True,completed
750,pkw,837.0,1116.0,279.0,,1495.707,18.0,71.0,208.0,131.463,,,0.2545,0.7455,,True,completed
852,pkw,910.0,1117.0,207.0,,1682.209,24.0,29.0,178.0,48.791,,,0.1401,0.8599,,True,completed
847,pkw,907.0,1118.0,211.0,,1693.547,25.0,25.0,186.0,56.283,,,0.1185,0.8815,,True,completed
653,pkw,771.0,1119.0,348.0,,1885.112,53.0,112.0,236.0,174.879,,,0.3218,0.6782,,True,completed
1005,pkw,998.0,1120.0,122.0,,866.993,23.0,23.0,99.0,42.566,,,0.1885,0.8115,,True,completed
891,pkw,932.0,1120.0,188.0,,1613.848,9.0,16.0,172.0,41.211,,,0.0851,0.9149,,True,completed
939,pkw,956.0,1120.0,164.0,,1578.227,0.0,2.0,162.0,17.297,,,0.0122,0.9878,,True,completed
868,pkw,919.0,1121.0,202.0,,1450.279,21.0,33.0,169.0,58.219,,,0.1634,0.8366,,True,completed
866,pkw,919.0,1124.0,205.0,,1565.328,18.0,34.0,171.0,62.079,,,0.1659,0.8341,,True,completed
1102,pkw,1045.0,1125.0,80.0,,634.827,7.0,7.0,73.0,21.865,,,0.0875,0.9125,,True,completed
1117,pkw,1051.0,1125.0,74.0,,448.887,12.0,12.0,62.0,32.505,,,0.1622,0.8378,,True,completed
1185,pkw,1088.0,1125.0,37.0,,158.364,16.0,16.0,21.0,21.747,,,0.4324,0.5676,,True,completed
845,pkw,905.0,1125.0,220.0,,1123.214,42.0,68.0,152.0,101.456,,,0.3091,0.6909,,True,completed
912,pkw,942.0,1125.0,183.0,,1241.037,31.0,42.0,141.0,68.954,,,0.2295,0.7705,,True,completed
679,pkw,789.0,1126.0,337.0,,2287.833,31.0,80.0,257.0,122.041,,,0.2374,0.7626,,True,completed
510,pkw,673.0,1127.0,454.0,,2957.569,24.0,112.0,342.0,176.34,,,0.2467,0.7533,,True,completed
910,pkw,939.0,1127.0,188.0,,1651.152,10.0,14.0,174.0,37.008,,,0.0745,0.9255,,True,completed
1050,pkw,1022.0,1129.0,107.0,,835.708,4.0,4.0,103.0,30.512,,,0.0374,0.9626,,True,completed
831,pkw,899.0,1131.0,232.0,,791.891,53.0,109.0,123.0,158.564,,,0.4698,0.5302,,True,completed
1044,pkw,1017.0,1132.0,115.0,,671.647,22.0,22.0,93.0,53.551,,,0.1913,0.8087,,True,completed
1063,pkw,1029.0,1132.0,103.0,,950.807,0.0,0.0,103.0,6.49,,,0.0,1.0,,True,completed
533,pkw,690.0,1132.0,442.0,,1256.796,72.0,217.0,225.0,280.783,,,0.491,0.509,,True,completed
502,pkw,666.0,1133.0,467.0,,2006.044,49.0,191.0,276.0,274.477,,,0.409,0.591,,True,completed
1118,pkw,1052.0,1135.0,83.0,,732.392,3.0,3.0,80.0,16.084,,,0.0361,0.9639,,True,completed
607,pkw,739.0,1135.0,396.0,,2207.455,0.0,109.0,287.0,161.481,,,0.2753,0.7247,,True,completed
655,pkw,771.0,1135.0,364.0,,1304.973,48.0,170.0,194.0,239.842,,,0.467,0.533,,True,completed
830,pkw,899.0,1135.0,236.0,,2253.717,0.0,5.0,231.0,28.362,,,0.0212,0.9788,,True,completed
914,pkw,943.0,1135.0,192.0,,1073.593,27.0,56.0,136.0,93.453,,,0.2917,0.7083,,True,completed
1015,pkw,1002.0,1136.0,134.0,,932.895,36.0,36.0,98.0,48.707,,,0.2687,0.7313,,True,completed
657,pkw,772.0,1136.0,364.0,,2481.277,37.0,66.0,298.0,137.397,,,0.1813,0.8187,,True,completed
1111,pkw,1049.0,1137.0,88.0,,786.89,0.0,0.0,88.0,8.425,,,0.0,1.0,,True,completed
1083,pkw,1039.0,1138.0,99.0,,667.718,21.0,21.0,78.0,37.589,,,0.2121,0.7879,,True,completed
537,pkw,691.0,1140.0,449.0,,3357.614,21.0,88.0,361.0,139.56,,,0.196,0.804,,True,completed
822,pkw,891.0,1140.0,249.0,,2086.727,22.0,30.0,219.0,57.191,,,0.1205,0.8795,,True,completed
970,pkw,976.0,1140.0,164.0,,1461.884,4.0,13.0,151.0,31.424,,,0.0793,0.9207,,True,completed
996,pkw,991.0,1140.0,149.0,,1156.032,0.0,0.0,149.0,10.856,,,0.0,1.0,,True,completed
476,pkw,643.0,1141.0,498.0,,3033.596,66.0,135.0,363.0,214.793,,,0.2711,0.7289,,True,completed
955,pkw,965.0,1141.0,176.0,,953.337,12.0,34.0,142.0,63.774,,,0.1932,0.8068,,True,completed
1070,pkw,1030.0,1142.0,112.0,,1152.203,0.0,0.0,112.0,7.301,,,0.0,1.0,,True,completed
693,pkw,798.0,1142.0,344.0,,2040.582,15.0,87.0,257.0,155.334,,,0.2529,0.7471,,True,completed
535,pkw,691.0,1144.0,453.0,,2310.923,13.0,122.0,331.0,224.055,,,0.2693,0.7307,,True,completed
785,pkw,861.0,1144.0,283.0,,2524.281,21.0,24.0,259.0,54.377,,,0.0848,0.9152,,True,completed
960,pkw,968.0,1144.0,176.0,,1204.393,17.0,35.0,141.0,66.231,,,0.1989,0.8011,,True,completed
979,pkw,984.0,1144.0,160.0,,1329.414,10.0,10.0,150.0,32.293,,,0.0625,0.9375,,True,completed
1019,pkw,1006.0,1146.0,140.0,,1062.961,3.0,8.0,132.0,33.617,,,0.0571,0.9429,,True,completed
793,pkw,869.0,1146.0,277.0,,2333.242,11.0,25.0,252.0,60.9,,,0.0903,0.9097,,True,completed
737,pkw,825.0,1147.0,322.0,,2008.89,18.0,82.0,240.0,138.997,,,0.2547,0.7453,,True,completed
1065,pkw,1031.0,1149.0,118.0,,1112.057,0.0,0.0,118.0,12.502,,,0.0,1.0,,True,completed
840,pkw,904.0,1149.0,245.0,,2130.292,4.0,21.0,224.0,48.728,,,0.0857,0.9143,,True,completed
725,pkw,816.0,1155.0,339.0,,2273.914,9.0,64.0,275.0,124.928,,,0.1888,0.8112,,True,completed
556,pkw,708.0,1156.0,448.0,,2283.246,41.0,169.0,279.0,233.247,,,0.3772,0.6228,,True,completed
853,pkw,911.0,1156.0,245.0,,1825.359,0.0,24.0,221.0,50.202,,,0.098,0.902,,True,completed
869,pkw,919.0,1156.0,237.0,,2094.492,11.0,26.0,211.0,47.015,,,0.1097,0.8903,,True,completed
517,pkw,681.0,1157.0,476.0,,2695.652,47.0,150.0,326.0,229.12,,,0.3151,0.6849,,True,completed
727,pkw,818.0,1157.0,339.0,,1689.317,53.0,116.0,223.0,184.647,,,0.3422,0.6578,,True,completed
545,pkw,725.0,1158.0,433.0,,2007.918,45.0,146.0,287.0,249.033,,,0.3372,0.6628,,True,completed
1192,pkw,1091.0,1163.0,72.0,,532.058,13.0,13.0,59.0,22.088,,,0.1806,0.8194,,True,completed
1107,pkw,1048.0,1164.0,116.0,,750.768,20.0,20.0,96.0,45.613,,,0.1724,0.8276,,True,completed
1139,pkw,1065.0,1165.0,100.0,,740.129,4.0,4.0,96.0,31.35,,,0.04,0.96,,True,completed
922,pkw,946.0,1165.0,219.0,,1848.684,15.0,18.0,201.0,46.983,,,0.0822,0.9178,,True,completed
1016,pkw,1003.0,1166.0,163.0,,1328.003,20.0,20.0,143.0,38.018,,,0.1227,0.8773,,True,completed
782,pkw,858.0,1168.0,310.0,,2419.931,8.0,25.0,285.0,72.38,,,0.0806,0.9194,,True,completed
421,pkw,613.0,1169.0,556.0,,2110.104,59.0,278.0,278.0,363.458,,,0.5,0.5,,True,completed
649,pkw,768.0,1170.0,402.0,,2631.396,41.0,79.0,323.0,159.409,,,0.1965,0.8035,,True,completed
614,pkw,743.0,1171.0,428.0,,1606.5,44.0,190.0,238.0,275.461,,,0.4439,0.5561,,True,completed
770,pkw,850.0,1173.0,323.0,,1614.083,22.0,94.0,229.0,159.427,,,0.291,0.709,,True,completed
1327,pkw,1162.0,1175.0,13.0,,127.051,0.0,0.0,13.0,0.565,,,0.0,1.0,,True,completed
888,pkw,928.0,1175.0,247.0,,1943.102,10.0,21.0,226.0,67.439,,,0.085,0.915,,True,completed
883,pkw,925.0,1176.0,251.0,,1840.829,20.0,33.0,218.0,67.232,,,0.1315,0.8685,,True,completed
1074,pkw,1034.0,1177.0,143.0,,1054.812,19.0,19.0,124.0,32.395,,,0.1329,0.8671,,True,completed
1038,pkw,1015.0,1178.0,163.0,,1445.55,0.0,7.0,156.0,30.83,,,0.0429,0.9571,,True,completed
1058,pkw,1026.0,1178.0,152.0,,1107.297,9.0,23.0,129.0,49.166,,,0.1513,0.8487,,True,completed
608,pkw,740.0,1178.0,438.0,,2428.186,62.0,151.0,287.0,217.23,,,0.3447,0.6553,,True,completed
457,pkw,633.0,1179.0,546.0,,3648.261,5.0,130.0,416.0,203.299,,,0.2381,0.7619,,True,completed
518,pkw,682.0,1180.0,498.0,,2625.129,47.0,169.0,329.0,250.352,,,0.3394,0.6606,,True,completed
812,pkw,887.0,1182.0,295.0,,2470.759,18.0,42.0,253.0,68.941,,,0.1424,0.8576,,True,completed
961,pkw,968.0,1183.0,215.0,,1561.215,34.0,42.0,173.0,72.834,,,0.1953,0.8047,,True,completed
495,pkw,662.0,1184.0,522.0,,1842.658,60.0,225.0,297.0,345.813,,,0.431,0.569,,True,completed
697,pkw,803.0,1184.0,381.0,,1820.179,50.0,141.0,240.0,214.908,,,0.3701,0.6299,,True,completed
804,pkw,881.0,1184.0,303.0,,1682.13,41.0,81.0,222.0,142.766,,,0.2673,0.7327,,True,completed
839,pkw,903.0,1185.0,282.0,,2030.913,22.0,36.0,246.0,68.258,,,0.1277,0.8723,,True,completed
681,pkw,791.0,1187.0,396.0,,2165.082,53.0,135.0,261.0,199.177,,,0.3409,0.6591,,True,completed
719,pkw,812.0,1191.0,379.0,,1523.981,27.0,137.0,242.0,236.234,,,0.3615,0.6385,,True,completed
886,pkw,927.0,1191.0,264.0,,2411.364,1.0,19.0,245.0,45.067,,,0.072,0.928,,True,completed
911,pkw,941.0,1194.0,253.0,,2221.059,15.0,17.0,236.0,48.053,,,0.0672,0.9328,,True,completed
972,pkw,978.0,1194.0,216.0,,2028.072,2.0,2.0,214.0,32.275,,,0.0093,0.9907,,True,completed
1071,pkw,1031.0,1195.0,164.0,,1418.119,9.0,11.0,153.0,34.145,,,0.0671,0.9329,,True,completed
1094,pkw,1042.0,1195.0,153.0,,1157.053,18.0,26.0,127.0,47.248,,,0.1699,0.8301,,True,completed
809,pkw,886.0,1197.0,311.0,,2390.554,30.0,55.0,256.0,94.381,,,0.1768,0.8232,,True,completed
894,pkw,933.0,1197.0,264.0,,1974.535,13.0,39.0,225.0,84.303,,,0.1477,0.8523,,True,completed
953,pkw,965.0,1197.0,232.0,,1810.348,20.0,38.0,194.0,66.094,,,0.1638,0.8362,,True,completed
619,pkw,747.0,1198.0,451.0,,2147.801,47.0,146.0,305.0,237.646,,,0.3237,0.6763,,True,completed
774,pkw,853.0,1198.0,345.0,,1731.164,13.0,93.0,252.0,182.644,,,0.2696,0.7304,,True,completed
959,pkw,967.0,1198.0,231.0,,1463.993,25.0,51.0,180.0,92.054,,,0.2208,0.7792,,True,completed
983,pkw,985.0,1199.0,214.0,,1268.446,19.0,48.0,166.0,97.893,,,0.2243,0.7757,,True,completed
1109,pkw,1048.0,1200.0,152.0,,1399.685,1.0,14.0,138.0,25.027,,,0.0921,0.9079,,True,completed
560,pkw,709.0,1200.0,491.0,,3749.014,21.0,84.0,407.0,134.189,,,0.1711,0.8289,,True,completed
832,pkw,901.0,1200.0,299.0,,1259.068,44.0,111.0,188.0,183.272,,,0.3712,0.6288,,True,completed
1096,pkw,1043.0,1201.0,158.0,,1400.145,8.0,8.0,150.0,29.724,,,0.0506,0.9494,,True,completed
962,pkw,969.0,1201.0,232.0,,1826.573,19.0,32.0,200.0,65.171,,,0.1379,0.8621,,True,completed
1076,pkw,1035.0,1202.0,167.0,,1523.639,0.0,0.0,167.0,16.407,,,0.0,1.0,,True,completed
377,pkw,573.0,1202.0,629.0,,2563.579,57.0,301.0,328.0,396.049,,,0.4785,0.5215,,True,completed
995,pkw,991.0,1202.0,211.0,,1381.825,25.0,59.0,152.0,84.563,,,0.2796,0.7204,,True,completed
1321,pkw,1160.0,1203.0,43.0,,443.977,0.0,0.0,43.0,1.885,,,0.0,1.0,,True,completed
736,pkw,825.0,1203.0,378.0,,1765.114,42.0,140.0,238.0,216.917,,,0.3704,0.6296,,True,completed
566,pkw,713.0,1204.0,491.0,,2253.404,8.0,178.0,313.0,272.818,,,0.3625,0.6375,,True,completed
992,pkw,991.0,1204.0,213.0,,760.23,44.0,94.0,119.0,142.23,,,0.4413,0.5587,,True,completed
994,pkw,991.0,1204.0,213.0,,1156.981,36.0,53.0,160.0,106.978,,,0.2488,0.7512,,True,completed
929,pkw,951.0,1207.0,256.0,,1811.779,15.0,32.0,224.0,87.976,,,0.125,0.875,,True,completed
623,pkw,748.0,1208.0,460.0,,2757.633,18.0,100.0,360.0,204.968,,,0.2174,0.7826,,True,completed
837,pkw,902.0,1208.0,306.0,,2251.634,0.0,10.0,296.0,41.987,,,0.0327,0.9673,,True,completed
920,pkw,945.0,1209.0,264.0,,2192.487,28.0,29.0,235.0,63.913,,,0.1098,0.8902,,True,completed
1033,pkw,1012.0,1211.0,199.0,,1494.861,0.0,33.0,166.0,54.795,,,0.1658,0.8342,,True,completed
1193,pkw,1091.0,1212.0,121.0,,591.111,29.0,36.0,85.0,66.728,,,0.2975,0.7025,,True,completed
1296,pkw,1146.0,1212.0,66.0,,694.872,0.0,0.0,66.0,2.461,,,0.0,1.0,,True,completed
513,pkw,676.0,1212.0,536.0,,2774.46,19.0,152.0,384.0,266.519,,,0.2836,0.7164,,True,completed
928,pkw,950.0,1212.0,262.0,,2266.949,5.0,22.0,240.0,53.108,,,0.084,0.916,,True,completed
892,pkw,932.0,1214.0,282.0,,986.493,18.0,95.0,187.0,182.518,,,0.3369,0.6631,,True,completed
1160,pkw,1075.0,1216.0,141.0,,1180.736,15.0,18.0,123.0,32.382,,,0.1277,0.8723,,True,completed
848,pkw,908.0,1216.0,308.0,,1765.61,17.0,76.0,232.0,139.03,,,0.2468,0.7532,,True,completed
919,pkw,944.0,1216.0,272.0,,1998.452,23.0,37.0,235.0,90.614,,,0.136,0.864,,True,completed
954,pkw,965.0,1216.0,251.0,,1592.836,9.0,25.0,226.0,101.124,,,0.0996,0.9004,,True,completed
552,pkw,703.0,1218.0,515.0,,2639.997,57.0,176.0,339.0,275.601,,,0.3417,0.6583,,True,completed
918,pkw,944.0,1218.0,274.0,,1795.938,14.0,38.0,236.0,103.398,,,0.1387,0.8613,,True,completed
814,pkw,890.0,1221.0,331.0,,1174.149,38.0,161.0,170.0,223.1,,,0.4864,0.5136,,True,completed
903,pkw,936.0,1221.0,285.0,,2120.643,0.0,29.0,256.0,57.732,,,0.1018,0.8982,,True,completed
861,pkw,915.0,1224.0,309.0,,2203.85,10.0,33.0,276.0,74.566,,,0.1068,0.8932,,True,completed
873,pkw,921.0,1225.0,304.0,,2373.291,21.0,36.0,268.0,81.434,,,0.1184,0.8816,,True,completed
668,pkw,781.0,1226.0,445.0,,2155.101,29.0,155.0,290.0,238.635,,,0.3483,0.6517,,True,completed
1218,pkw,1106.0,1227.0,121.0,,766.955,18.0,26.0,95.0,50.973,,,0.2149,0.7851,,True,completed
1311,pkw,1151.0,1227.0,76.0,,590.852,0.0,0.0,76.0,12.216,,,0.0,1.0,,True,completed
747,pkw,834.0,1227.0,393.0,,2109.46,6.0,106.0,287.0,196.057,,,0.2697,0.7303,,True,completed
1093,pkw,1042.0,1228.0,186.0,,1246.049,29.0,32.0,154.0,47.714,,,0.172,0.828,,True,completed
565,pkw,712.0,1228.0,516.0,,2512.139,26.0,180.0,336.0,286.553,,,0.3488,0.6512,,True,completed
803,pkw,881.0,1228.0,347.0,,1633.392,48.0,114.0,233.0,197.119,,,0.3285,0.6715,,True,completed
1123,pkw,1054.0,1229.0,175.0,,1303.242,11.0,26.0,149.0,53.929,,,0.1486,0.8514,,True,completed
989,pkw,990.0,1229.0,239.0,,1691.096,0.0,16.0,223.0,47.495,,,0.0669,0.9331,,True,completed
1146,pkw,1069.0,1230.0,161.0,,911.38,26.0,37.0,124.0,75.926,,,0.2298,0.7702,,True,completed
1223,pkw,1108.0,1230.0,122.0,,871.838,11.0,11.0,111.0,41.756,,,0.0902,0.9098,,True,completed
582,pkw,724.0,1231.0,507.0,,2410.539,12.0,148.0,359.0,276.181,,,0.2919,0.7081,,True,completed
882,pkw,925.0,1231.0,306.0,,2354.373,22.0,52.0,254.0,90.852,,,0.1699,0.8301,,True,completed
899,pkw,935.0,1231.0,296.0,,2609.343,20.0,24.0,272.0,58.653,,,0.0811,0.9189,,True,completed
1047,pkw,1019.0,1233.0,214.0,,1805.113,16.0,20.0,194.0,48.834,,,0.0935,0.9065,,True,completed
1043,pkw,1017.0,1234.0,217.0,,1545.215,22.0,31.0,186.0,71.219,,,0.1429,0.8571,,True,completed
1122,pkw,1053.0,1234.0,181.0,,1640.034,5.0,7.0,174.0,32.379,,,0.0387,0.9613,,True,completed
1078,pkw,1035.0,1235.0,200.0,,1624.834,17.0,27.0,173.0,52.49,,,0.135,0.865,,True,completed
915,pkw,943.0,1235.0,292.0,,2435.898,6.0,38.0,254.0,71.378,,,0.1301,0.8699,,True,completed
1048,pkw,1020.0,1236.0,216.0,,2170.48,0.0,0.0,216.0,18.695,,,0.0,1.0,,True,completed
1037,pkw,1014.0,1237.0,223.0,,1741.731,28.0,29.0,194.0,52.855,,,0.13,0.87,,True,completed
1256,pkw,1124.0,1237.0,113.0,,784.477,15.0,15.0,98.0,39.479,,,0.1327,0.8673,,True,completed
1323,pkw,1164.0,1237.0,73.0,,576.245,13.0,13.0,60.0,20.137,,,0.1781,0.8219,,True,completed
663,pkw,780.0,1237.0,457.0,,2432.841,2.0,137.0,320.0,236.551,,,0.2998,0.7002,,True,completed
862,pkw,915.0,1238.0,323.0,,2043.879,14.0,69.0,254.0,138.017,,,0.2136,0.7864,,True,completed
907,pkw,939.0,1238.0,299.0,,1723.656,6.0,56.0,243.0,126.312,,,0.1873,0.8127,,True,completed
817,pkw,890.0,1239.0,349.0,,1433.46,56.0,148.0,201.0,218.338,,,0.4241,0.5759,,True,completed
877,pkw,922.0,1239.0,317.0,,2572.102,25.0,43.0,274.0,74.153,,,0.1356,0.8644,,True,completed
1018,pkw,1006.0,1240.0,234.0,,1410.505,12.0,49.0,185.0,105.27,,,0.2094,0.7906,,True,completed
594,pkw,734.0,1240.0,506.0,,2196.172,44.0,174.0,332.0,294.05,,,0.3439,0.6561,,True,completed
1419,pkw,1221.0,1241.0,20.0,,83.708,6.0,7.0,13.0,11.351,,,0.35,0.65,,True,completed
775,pkw,854.0,1241.0,387.0,,2124.57,26.0,80.0,307.0,153.28,,,0.2067,0.7933,,True,completed
1127,pkw,1055.0,1243.0,188.0,,1699.525,0.0,13.0,175.0,33.877,,,0.0691,0.9309,,True,completed
1297,pkw,1146.0,1243.0,97.0,,509.698,9.0,9.0,88.0,20.167,,,0.0928,0.9072,,True,completed
880,pkw,924.0,1244.0,320.0,,2063.524,28.0,64.0,256.0,132.63,,,0.2,0.8,,True,completed
1035,pkw,1015.0,1246.0,231.0,,1909.882,11.0,23.0,208.0,55.596,,,0.0996,0.9004,,True,completed
1042,pkw,1016.0,1246.0,230.0,,2087.874,15.0,15.0,215.0,41.089,,,0.0652,0.9348,,True,completed
971,pkw,977.0,1246.0,269.0,,2036.453,5.0,41.0,228.0,83.903,,,0.1524,0.8476,,True,completed
740,pkw,834.0,1247.0,413.0,,2593.374,48.0,101.0,312.0,176.28,,,0.2446,0.7554,,True,completed
906,pkw,938.0,1247.0,309.0,,1698.592,51.0,77.0,232.0,142.55,,,0.2492,0.7508,,True,completed
987,pkw,989.0,1247.0,258.0,,1978.397,20.0,44.0,214.0,77.217,,,0.1705,0.8295,,True,completed
1288,pkw,1144.0,1248.0,104.0,,637.755,25.0,25.0,79.0,45.601,,,0.2404,0.7596,,True,completed
921,pkw,945.0,1248.0,303.0,,1042.874,28.0,127.0,176.0,205.299,,,0.4191,0.5809,,True,completed
1175,pkw,1082.0,1249.0,167.0,,1147.559,11.0,32.0,135.0,51.059,,,0.1916,0.8084,,True,completed
1267,pkw,1130.0,1249.0,119.0,,726.516,35.0,35.0,84.0,52.613,,,0.2941,0.7059,,True,completed
1067,pkw,1030.0,1250.0,220.0,,2047.899,1.0,4.0,216.0,29.756,,,0.0182,0.9818,,True,completed
797,pkw,875.0,1250.0,375.0,,2352.941,48.0,81.0,294.0,160.679,,,0.216,0.784,,True,completed
981,pkw,984.0,1252.0,268.0,,1869.533,27.0,34.0,234.0,87.721,,,0.1269,0.8731,,True,completed
1032,pkw,1012.0,1253.0,241.0,,2157.832,0.0,17.0,224.0,44.951,,,0.0705,0.9295,,True,completed
1298,pkw,1147.0,1257.0,110.0,,666.028,18.0,18.0,92.0,49.057,,,0.1636,0.8364,,True,completed
699,pkw,804.0,1257.0,453.0,,2216.792,20.0,133.0,320.0,249.622,,,0.2936,0.7064,,True,completed
950,pkw,963.0,1257.0,294.0,,1975.549,29.0,65.0,229.0,114.268,,,0.2211,0.7789,,True,completed
1158,pkw,1073.0,1258.0,185.0,,1300.056,12.0,35.0,150.0,55.643,,,0.1892,0.8108,,True,completed
1418,pkw,1221.0,1258.0,37.0,,380.945,0.0,0.0,37.0,1.715,,,0.0,1.0,,True,completed
586,pkw,728.0,1258.0,530.0,,2550.122,21.0,176.0,354.0,293.451,,,0.3321,0.6679,,True,completed
610,pkw,740.0,1258.0,518.0,,2431.133,64.0,192.0,326.0,282.468,,,0.3707,0.6293,,True,completed
1055,pkw,1024.0,1259.0,235.0,,1832.728,29.0,29.0,206.0,67.295,,,0.1234,0.8766,,True,completed
1322,pkw,1160.0,1259.0,99.0,,683.535,17.0,17.0,82.0,34.935,,,0.1717,0.8283,,True,completed
1378,pkw,1198.0,1260.0,62.0,,490.356,1.0,1.0,61.0,16.867,,,0.0161,0.9839,,True,completed
604,pkw,738.0,1260.0,522.0,,2151.255,26.0,233.0,289.0,322.62,,,0.4464,0.5536,,True,completed
897,pkw,933.0,1261.0,328.0,,1534.006,21.0,107.0,221.0,188.863,,,0.3262,0.6738,,True,completed
1007,pkw,1000.0,1262.0,262.0,,1805.898,27.0,65.0,197.0,93.314,,,0.2481,0.7519,,True,completed
600,pkw,736.0,1262.0,526.0,,2401.798,16.0,166.0,360.0,294.57,,,0.3156,0.6844,,True,completed
999,pkw,993.0,1262.0,269.0,,1526.507,5.0,60.0,209.0,130.304,,,0.223,0.777,,True,completed
1073,pkw,1032.0,1263.0,231.0,,1887.836,11.0,32.0,199.0,57.577,,,0.1385,0.8615,,True,completed
1416,pkw,1220.0,1263.0,43.0,,445.458,0.0,0.0,43.0,1.908,,,0.0,1.0,,True,completed
1066,pkw,1030.0,1264.0,234.0,,1224.768,16.0,64.0,170.0,122.34,,,0.2735,0.7265,,True,completed
934,pkw,955.0,1264.0,309.0,,1727.704,7.0,73.0,236.0,151.769,,,0.2362,0.7638,,True,completed
1017,pkw,1005.0,1267.0,262.0,,1967.446,12.0,21.0,241.0,62.32,,,0.0802,0.9198,,True,completed
1209,pkw,1102.0,1267.0,165.0,,1528.104,12.0,12.0,153.0,26.469,,,0.0727,0.9273,,True,completed
924,pkw,949.0,1268.0,319.0,,2434.095,5.0,60.0,259.0,98.047,,,0.1881,0.8119,,True,completed
977,pkw,982.0,1268.0,286.0,,1955.891,9.0,45.0,241.0,106.272,,,0.1573,0.8427,,True,completed
1080,pkw,1036.0,1269.0,233.0,,1820.994,0.0,9.0,224.0,49.233,,,0.0386,0.9614,,True,completed
1103,pkw,1046.0,1269.0,223.0,,2078.018,6.0,13.0,210.0,34.415,,,0.0583,0.9417,,True,completed
1328,pkw,1162.0,1269.0,107.0,,664.361,10.0,10.0,97.0,41.867,,,0.0935,0.9065,,True,completed
964,pkw,970.0,1269.0,299.0,,2789.404,2.0,13.0,286.0,41.79,,,0.0435,0.9565,,True,completed
827,pkw,897.0,1271.0,374.0,,2791.634,29.0,57.0,317.0,96.593,,,0.1524,0.8476,,True,completed
913,pkw,942.0,1271.0,329.0,,1584.692,12.0,102.0,227.0,185.376,,,0.31,0.69,,True,completed
1087,pkw,1039.0,1274.0,235.0,,1814.065,0.0,15.0,220.0,46.154,,,0.0638,0.9362,,True,completed
1181,pkw,1084.0,1274.0,190.0,,1483.231,13.0,26.0,164.0,54.31,,,0.1368,0.8632,,True,completed
1030,pkw,1011.0,1275.0,264.0,,1615.741,6.0,55.0,209.0,112.228,,,0.2083,0.7917,,True,completed
990,pkw,990.0,1275.0,285.0,,2673.501,0.0,14.0,271.0,38.489,,,0.0491,0.9509,,True,completed
1194,pkw,1092.0,1276.0,184.0,,1399.277,21.0,22.0,162.0,55.348,,,0.1196,0.8804,,True,completed
1004,pkw,998.0,1278.0,280.0,,2088.242,11.0,12.0,268.0,49.522,,,0.0429,0.9571,,True,completed
1261,pkw,1126.0,1280.0,154.0,,802.508,25.0,36.0,118.0,67.0,,,0.2338,0.7662,,True,completed
628,pkw,751.0,1280.0,529.0,,2556.213,60.0,205.0,324.0,296.147,,,0.3875,0.6125,,True,completed
1178,pkw,1083.0,1282.0,199.0,,1901.304,0.0,0.0,199.0,21.243,,,0.0,1.0,,True,completed
1056,pkw,1024.0,1284.0,260.0,,2223.34,19.0,30.0,230.0,58.461,,,0.1154,0.8846,,True,completed
730,pkw,823.0,1284.0,461.0,,2206.078,47.0,164.0,297.0,260.836,,,0.3557,0.6443,,True,completed
1132,pkw,1058.0,1285.0,227.0,,1476.409,34.0,46.0,181.0,92.186,,,0.2026,0.7974,,True,completed
834,pkw,902.0,1285.0,383.0,,1858.805,27.0,130.0,253.0,212.903,,,0.3394,0.6606,,True,completed
1031,pkw,1011.0,1288.0,277.0,,1143.496,16.0,87.0,190.0,162.977,,,0.3141,0.6859,,True,completed
373,pkw,566.0,1288.0,722.0,,2922.752,62.0,351.0,371.0,454.926,,,0.4861,0.5139,,True,completed
584,pkw,726.0,1288.0,562.0,,2691.047,23.0,208.0,354.0,317.087,,,0.3701,0.6299,,True,completed
1051,pkw,1022.0,1290.0,268.0,,2152.773,17.0,36.0,232.0,65.036,,,0.1343,0.8657,,True,completed
1253,pkw,1123.0,1290.0,167.0,,1138.644,5.0,29.0,138.0,62.654,,,0.1737,0.8263,,True,completed
485,pkw,651.0,1290.0,639.0,,2530.132,57.0,301.0,338.0,396.333,,,0.471,0.529,,True,completed
588,pkw,729.0,1290.0,561.0,,2744.752,15.0,185.0,376.0,309.687,,,0.3298,0.6702,,True,completed
952,pkw,964.0,1290.0,326.0,,1684.078,51.0,82.0,244.0,157.888,,,0.2515,0.7485,,True,completed
1320,pkw,1159.0,1291.0,132.0,,871.42,7.0,20.0,112.0,51.446,,,0.1515,0.8485,,True,completed
1131,pkw,1058.0,1292.0,234.0,,2007.698,25.0,25.0,209.0,50.163,,,0.1068,0.8932,,True,completed
580,pkw,722.0,1292.0,570.0,,3067.62,8.0,184.0,386.0,284.692,,,0.3228,0.6772,,True,completed
1241,pkw,1116.0,1294.0,178.0,,1526.006,17.0,17.0,161.0,37.804,,,0.0955,0.9045,,True,completed
1286,pkw,1142.0,1294.0,152.0,,1384.81,0.0,0.0,152.0,15.61,,,0.0,1.0,,True,completed
843,pkw,905.0,1294.0,389.0,,2499.714,51.0,71.0,318.0,160.897,,,0.1825,0.8175,,True,completed
1257,pkw,1124.0,1297.0,173.0,,1335.367,1.0,20.0,153.0,51.167,,,0.1156,0.8844,,True,completed
1057,pkw,1024.0,1299.0,275.0,,2437.341,3.0,25.0,250.0,53.804,,,0.0909,0.9091,,True,completed
1149,pkw,1070.0,1300.0,230.0,,1066.992,47.0,63.0,167.0,122.591,,,0.2739,0.7261,,True,completed
573,pkw,717.0,1300.0,583.0,,3705.786,3.0,129.0,454.0,233.86,,,0.2213,0.7787,,True,completed
701,pkw,805.0,1300.0,495.0,,2612.729,59.0,156.0,339.0,251.723,,,0.3152,0.6848,,True,completed
1221,pkw,1107.0,1303.0,196.0,,1312.682,1.0,38.0,158.0,72.24,,,0.1939,0.8061,,True,completed
1227,pkw,1109.0,1304.0,195.0,,1374.304,20.0,34.0,161.0,69.118,,,0.1744,0.8256,,True,completed
1168,pkw,1080.0,1307.0,227.0,,1086.936,34.0,71.0,156.0,127.185,,,0.3128,0.6872,,True,completed
1443,pkw,1238.0,1307.0,69.0,,476.739,18.0,18.0,51.0,25.093,,,0.2609,0.7391,,True,completed
881,pkw,925.0,1307.0,382.0,,1626.007,15.0,119.0,263.0,234.225,,,0.3115,0.6885,,True,completed
1143,pkw,1067.0,1308.0,241.0,,1883.011,18.0,44.0,197.0,68.572,,,0.1826,0.8174,,True,completed
1138,pkw,1065.0,1309.0,244.0,,1630.103,28.0,51.0,193.0,93.054,,,0.209,0.791,,True,completed
745,pkw,831.0,1309.0,478.0,,1647.942,50.0,187.0,291.0,319.984,,,0.3912,0.6088,,True,completed
909,pkw,939.0,1309.0,370.0,,2645.288,13.0,79.0,291.0,126.365,,,0.2135,0.7865,,True,completed
784,pkw,860.0,1310.0,450.0,,2207.056,48.0,150.0,300.0,248.212,,,0.3333,0.6667,,True,completed
642,pkw,763.0,1313.0,550.0,,2961.869,15.0,194.0,356.0,273.507,,,0.3527,0.6473,,True,completed
875,pkw,922.0,1313.0,391.0,,1691.235,29.0,116.0,275.0,231.406,,,0.2967,0.7033,,True,completed
879,pkw,924.0,1313.0,389.0,,2145.834,57.0,100.0,289.0,192.633,,,0.2571,0.7429,,True,completed
1207,pkw,1101.0,1314.0,213.0,,1926.514,0.0,18.0,195.0,37.787,,,0.0845,0.9155,,True,completed
1210,pkw,1102.0,1314.0,212.0,,1483.323,19.0,40.0,172.0,76.928,,,0.1887,0.8113,,True,completed
646,pkw,767.0,1315.0,548.0,,2747.061,8.0,153.0,395.0,279.685,,,0.2792,0.7208,,True,completed
1344,pkw,1173.0,1316.0,143.0,,1177.144,6.0,10.0,133.0,24.852,,,0.0699,0.9301,,True,completed
1187,pkw,1088.0,1317.0,229.0,,1649.031,14.0,24.0,205.0,77.928,,,0.1048,0.8952,,True,completed
1285,pkw,1141.0,1317.0,176.0,,1324.35,7.0,10.0,166.0,52.903,,,0.0568,0.9432,,True,completed
1161,pkw,1075.0,1318.0,243.0,,1329.36,34.0,60.0,183.0,95.654,,,0.2469,0.7531,,True,completed
1415,pkw,1220.0,1318.0,98.0,,741.153,16.0,16.0,82.0,30.296,,,0.1633,0.8367,,True,completed
1478,pkw,1274.0,1318.0,44.0,,381.605,0.0,0.0,44.0,2.674,,,0.0,1.0,,True,completed
844,pkw,905.0,1318.0,413.0,,1688.369,48.0,141.0,272.0,256.282,,,0.3414,0.6586,,True,completed
1281,pkw,1140.0,1319.0,179.0,,1328.934,32.0,34.0,145.0,54.015,,,0.1899,0.8101,,True,completed
1034,pkw,1012.0,1320.0,308.0,,2360.31,33.0,60.0,248.0,93.124,,,0.1948,0.8052,,True,completed
1062,pkw,1029.0,1320.0,291.0,,1444.006,55.0,108.0,183.0,158.909,,,0.3711,0.6289,,True,completed
1128,pkw,1057.0,1320.0,263.0,,1091.008,50.0,97.0,166.0,160.837,,,0.3688,0.6312,,True,completed
1027,pkw,1009.0,1321.0,312.0,,2336.262,26.0,46.0,266.0,96.826,,,0.1474,0.8526,,True,completed
1177,pkw,1082.0,1322.0,240.0,,916.265,49.0,68.0,172.0,114.734,,,0.2833,0.7167,,True,completed
1238,pkw,1115.0,1323.0,208.0,,1559.355,17.0,21.0,187.0,47.944,,,0.101,0.899,,True,completed
1106,pkw,1047.0,1324.0,277.0,,2677.309,0.0,8.0,269.0,31.081,,,0.0289,0.9711,,True,completed
1169,pkw,1080.0,1324.0,244.0,,1864.061,5.0,30.0,214.0,73.907,,,0.123,0.877,,True,completed
871,pkw,920.0,1324.0,404.0,,1409.424,44.0,180.0,224.0,267.976,,,0.4455,0.5545,,True,completed
1061,pkw,1028.0,1326.0,298.0,,2561.731,14.0,17.0,281.0,54.745,,,0.057,0.943,,True,completed
1349,pkw,1178.0,1326.0,148.0,,890.145,15.0,16.0,132.0,38.417,,,0.1081,0.8919,,True,completed
650,pkw,769.0,1326.0,557.0,,2245.543,21.0,198.0,359.0,338.419,,,0.3555,0.6445,,True,completed
932,pkw,954.0,1326.0,372.0,,1724.565,40.0,140.0,232.0,214.565,,,0.3763,0.6237,,True,completed
816,pkw,890.0,1327.0,437.0,,2040.992,22.0,158.0,279.0,243.265,,,0.3616,0.6384,,True,completed
1412,pkw,1219.0,1328.0,109.0,,650.942,27.0,27.0,82.0,48.759,,,0.2477,0.7523,,True,completed
1167,pkw,1080.0,1330.0,250.0,,1452.681,4.0,57.0,193.0,108.953,,,0.228,0.772,,True,completed
1381,pkw,1199.0,1331.0,132.0,,974.138,21.0,23.0,109.0,42.269,,,0.1742,0.8258,,True,completed
1402,pkw,1213.0,1332.0,119.0,,654.482,27.0,27.0,92.0,58.355,,,0.2269,0.7731,,True,completed
1303,pkw,1149.0,1333.0,184.0,,1383.643,28.0,30.0,154.0,49.393,,,0.163,0.837,,True,completed
1276,pkw,1134.0,1334.0,200.0,,1563.543,31.0,32.0,168.0,57.827,,,0.16,0.84,,True,completed
1382,pkw,1201.0,1334.0,133.0,,1091.376,0.0,7.0,126.0,25.123,,,0.0526,0.9474,,True,completed
991,pkw,991.0,1334.0,343.0,,1856.469,57.0,103.0,240.0,168.16,,,0.3003,0.6997,,True,completed
1290,pkw,1144.0,1336.0,192.0,,1562.988,28.0,28.0,164.0,49.542,,,0.1458,0.8542,,True,completed
728,pkw,822.0,1337.0,515.0,,2218.748,13.0,220.0,295.0,301.898,,,0.4272,0.5728,,True,completed
1085,pkw,1038.0,1339.0,301.0,,1534.561,19.0,80.0,221.0,160.885,,,0.2658,0.7342,,True,completed
550,pkw,701.0,1339.0,638.0,,2681.935,30.0,288.0,350.0,383.75,,,0.4514,0.5486,,True,completed
1368,pkw,1191.0,1340.0,149.0,,1518.235,0.0,0.0,149.0,6.894,,,0.0,1.0,,True,completed
850,pkw,909.0,1342.0,433.0,,2348.667,1.0,109.0,324.0,210.37,,,0.2517,0.7483,,True,completed
1188,pkw,1089.0,1343.0,254.0,,1294.073,29.0,76.0,178.0,131.36,,,0.2992,0.7008,,True,completed
767,pkw,849.0,1344.0,495.0,,2481.271,40.0,171.0,324.0,268.875,,,0.3455,0.6545,,True,completed
1072,pkw,1032.0,1345.0,313.0,,1867.422,23.0,72.0,241.0,142.243,,,0.23,0.77,,True,completed
1263,pkw,1128.0,1345.0,217.0,,1802.498,15.0,23.0,194.0,49.21,,,0.106,0.894,,True,completed
669,pkw,781.0,1345.0,564.0,,1413.406,58.0,337.0,227.0,434.34,,,0.5975,0.4025,,True,completed
1284,pkw,1141.0,1346.0,205.0,,1322.104,18.0,46.0,159.0,84.444,,,0.2244,0.7756,,True,completed
507,pkw,669.0,1346.0,677.0,,3491.758,15.0,205.0,472.0,342.134,,,0.3028,0.6972,,True,completed
1429,pkw,1228.0,1347.0,119.0,,788.897,4.0,4.0,115.0,26.41,,,0.0336,0.9664,,True,completed
860,pkw,917.0,1348.0,431.0,,2675.043,11.0,91.0,340.0,186.673,,,0.2111,0.7889,,True,completed
1120,pkw,1053.0,1349.0,296.0,,2531.21,9.0,23.0,273.0,66.575,,,0.0777,0.9223,,True,completed
1211,pkw,1102.0,1349.0,247.0,,1886.862,4.0,25.0,222.0,63.824,,,0.1012,0.8988,,True,completed
1041,pkw,1016.0,1350.0,334.0,,2420.541,15.0,42.0,292.0,87.39,,,0.1257,0.8743,,True,completed
1325,pkw,1161.0,1351.0,190.0,,1496.849,5.0,21.0,169.0,42.392,,,0.1105,0.8895,,True,completed
1125,pkw,1055.0,1352.0,297.0,,2596.977,1.0,18.0,279.0,53.937,,,0.0606,0.9394,,True,completed
521,pkw,684.0,1352.0,668.0,,3467.043,12.0,235.0,433.0,341.507,,,0.3518,0.6482,,True,completed
878,pkw,928.0,1353.0,425.0,,2678.355,8.0,102.0,323.0,180.287,,,0.24,0.76,,True,completed
1440,pkw,1236.0,1355.0,119.0,,719.963,14.0,18.0,101.0,51.191,,,0.1513,0.8487,,True,completed
1462,pkw,1258.0,1356.0,98.0,,664.721,23.0,23.0,75.0,36.67,,,0.2347,0.7653,,True,completed
1133,pkw,1058.0,1357.0,299.0,,1797.903,54.0,90.0,209.0,126.314,,,0.301,0.699,,True,completed
596,pkw,735.0,1358.0,623.0,,2901.344,54.0,214.0,409.0,329.008,,,0.3435,0.6565,,True,completed
1219,pkw,1106.0,1359.0,253.0,,1673.364,13.0,43.0,210.0,97.849,,,0.17,0.83,,True,completed
791,pkw,866.0,1359.0,493.0,,1876.805,55.0,186.0,307.0,281.138,,,0.3773,0.6227,,True,completed
1012,pkw,1001.0,1360.0,359.0,,2294.066,10.0,89.0,270.0,150.304,,,0.2479,0.7521,,True,completed
1304,pkw,1150.0,1360.0,210.0,,1604.934,10.0,15.0,195.0,63.062,,,0.0714,0.9286,,True,completed
1195,pkw,1093.0,1362.0,269.0,,2471.275,4.0,8.0,261.0,41.356,,,0.0297,0.9703,,True,completed
1452,pkw,1243.0,1363.0,120.0,,828.484,25.0,25.0,95.0,44.011,,,0.2083,0.7917,,True,completed
1232,pkw,1111.0,1365.0,254.0,,1797.183,34.0,48.0,206.0,80.815,,,0.189,0.811,,True,completed
635,pkw,754.0,1365.0,611.0,,3034.617,0.0,192.0,419.0,318.945,,,0.3142,0.6858,,True,completed
692,pkw,798.0,1365.0,567.0,,2155.7,16.0,214.0,353.0,358.762,,,0.3774,0.6226,,True,completed
1236,pkw,1112.0,1366.0,254.0,,1395.655,16.0,80.0,174.0,121.921,,,0.315,0.685,,True,completed
1273,pkw,1133.0,1366.0,233.0,,1947.731,9.0,21.0,212.0,55.892,,,0.0901,0.9099,,True,completed
1300,pkw,1147.0,1367.0,220.0,,2050.304,0.0,9.0,211.0,31.76,,,0.0409,0.9591,,True,completed
1464,pkw,1259.0,1367.0,108.0,,667.755,25.0,25.0,83.0,42.113,,,0.2315,0.7685,,True,completed
763,pkw,845.0,1367.0,522.0,,2050.013,62.0,263.0,259.0,335.278,,,0.5038,0.4962,,True,completed
773,pkw,851.0,1367.0,516.0,,1829.038,15.0,214.0,302.0,344.783,,,0.4147,0.5853,,True,completed
1183,pkw,1085.0,1368.0,283.0,,2223.908,19.0,43.0,240.0,80.378,,,0.1519,0.8481,,True,completed
1134,pkw,1061.0,1370.0,309.0,,2272.871,11.0,64.0,245.0,94.548,,,0.2071,0.7929,,True,completed
1081,pkw,1037.0,1372.0,335.0,,2499.41,0.0,56.0,279.0,107.231,,,0.1672,0.8328,,True,completed
1084,pkw,1037.0,1372.0,335.0,,2467.168,22.0,61.0,274.0,105.071,,,0.1821,0.8179,,True,completed
1249,pkw,1122.0,1374.0,252.0,,709.889,41.0,114.0,138.0,176.478,,,0.4524,0.5476,,True,completed
1334,pkw,1165.0,1374.0,209.0,,1353.891,21.0,38.0,171.0,85.217,,,0.1818,0.8182,,True,completed
1426,pkw,1225.0,1375.0,150.0,,1026.354,14.0,28.0,122.0,55.164,,,0.1867,0.8133,,True,completed
1330,pkw,1164.0,1376.0,212.0,,1502.384,16.0,40.0,172.0,75.218,,,0.1887,0.8113,,True,completed
986,pkw,987.0,1378.0,391.0,,1116.894,68.0,166.0,225.0,288.887,,,0.4246,0.5754,,True,completed
1153,pkw,1071.0,1379.0,308.0,,1710.958,57.0,76.0,232.0,141.564,,,0.2468,0.7532,,True,completed
949,pkw,963.0,1379.0,416.0,,891.378,82.0,217.0,199.0,333.962,,,0.5216,0.4784,,True,completed
1400,pkw,1213.0,1381.0,168.0,,1459.035,8.0,8.0,160.0,30.562,,,0.0476,0.9524,,True,completed
1141,pkw,1066.0,1383.0,317.0,,2579.288,0.0,10.0,307.0,51.557,,,0.0315,0.9685,,True,completed
1455,pkw,1249.0,1386.0,137.0,,1140.561,17.0,17.0,120.0,29.4,,,0.1241,0.8759,,True,completed
1469,pkw,1265.0,1386.0,121.0,,953.22,0.0,0.0,121.0,22.836,,,0.0,1.0,,True,completed
1091,pkw,1041.0,1387.0,346.0,,2428.232,6.0,75.0,271.0,124.456,,,0.2168,0.7832,,True,completed
1332,pkw,1165.0,1387.0,222.0,,1598.562,0.0,16.0,206.0,37.16,,,0.0721,0.9279,,True,completed
1373,pkw,1194.0,1387.0,193.0,,1627.765,7.0,10.0,183.0,35.929,,,0.0518,0.9482,,True,completed
713,pkw,811.0,1388.0,577.0,,2275.311,24.0,250.0,327.0,365.198,,,0.4333,0.5667,,True,completed
1145,pkw,1068.0,1389.0,321.0,,2153.385,49.0,66.0,255.0,118.6,,,0.2056,0.7944,,True,completed
1174,pkw,1081.0,1390.0,309.0,,2338.997,13.0,46.0,263.0,91.619,,,0.1489,0.8511,,True,completed
1287,pkw,1143.0,1394.0,251.0,,686.012,68.0,100.0,151.0,185.308,,,0.3984,0.6016,,True,completed
1265,pkw,1129.0,1395.0,266.0,,1902.719,10.0,32.0,234.0,71.969,,,0.1203,0.8797,,True,completed
1387,pkw,1203.0,1395.0,192.0,,1384.553,25.0,25.0,167.0,60.65,,,0.1302,0.8698,,True,completed
1318,pkw,1156.0,1396.0,240.0,,2256.007,0.0,0.0,240.0,33.249,,,0.0,1.0,,True,completed
857,pkw,913.0,1396.0,483.0,,2288.129,31.0,186.0,297.0,272.774,,,0.3851,0.6149,,True,completed
935,pkw,956.0,1396.0,440.0,,1664.246,18.0,180.0,260.0,287.953,,,0.4091,0.5909,,True,completed
1289,pkw,1144.0,1397.0,253.0,,1663.567,27.0,56.0,197.0,99.757,,,0.2213,0.7787,,True,completed
1039,pkw,1015.0,1398.0,383.0,,2544.957,18.0,82.0,301.0,149.578,,,0.2141,0.7859,,True,completed
1500,pkw,1298.0,1398.0,100.0,,684.667,7.0,7.0,93.0,35.933,,,0.07,0.93,,True,completed
1152,pkw,1071.0,1400.0,329.0,,412.77,82.0,197.0,132.0,288.477,,,0.5988,0.4012,,True,completed
1476,pkw,1273.0,1400.0,127.0,,824.788,20.0,21.0,106.0,40.683,,,0.1654,0.8346,,True,completed
662,pkw,776.0,1400.0,624.0,,1652.017,60.0,354.0,270.0,472.918,,,0.5673,0.4327,,True,completed
1234,pkw,1112.0,1401.0,289.0,,2476.833,0.0,15.0,274.0,52.041,,,0.0519,0.9481,,True,completed
1214,pkw,1104.0,1402.0,298.0,,1697.818,46.0,82.0,216.0,133.667,,,0.2752,0.7248,,True,completed
1504,pkw,1304.0,1403.0,99.0,,814.719,3.0,4.0,95.0,11.212,,,0.0404,0.9596,,True,completed
943,pkw,958.0,1403.0,445.0,,2539.9,45.0,125.0,320.0,213.309,,,0.2809,0.7191,,True,completed
1565,pkw,1349.0,1404.0,55.0,,434.038,9.0,9.0,46.0,14.936,,,0.1636,0.8364,,True,completed
1608,pkw,1387.0,1406.0,19.0,,144.787,0.0,0.0,19.0,4.719,,,0.0,1.0,,True,completed
1237,pkw,1113.0,1407.0,294.0,,1977.221,20.0,52.0,242.0,105.155,,,0.1769,0.8231,,True,completed
779,pkw,856.0,1407.0,551.0,,2972.365,27.0,169.0,382.0,275.129,,,0.3067,0.6933,,True,completed
1266,pkw,1130.0,1409.0,279.0,,1876.171,33.0,69.0,210.0,105.355,,,0.2473,0.7527,,True,completed
776,pkw,855.0,1410.0,555.0,,2279.433,58.0,278.0,277.0,346.237,,,0.5009,0.4991,,True,completed
771,pkw,851.0,1411.0,560.0,,1270.189,55.0,343.0,217.0,441.245,,,0.6125,0.3875,,True,completed
1463,pkw,1259.0,1412.0,153.0,,1106.157,20.0,20.0,133.0,50.925,,,0.1307,0.8693,,True,completed
1204,pkw,1098.0,1413.0,315.0,,1539.626,58.0,128.0,187.0,170.411,,,0.4063,0.5937,,True,completed
1026,pkw,1009.0,1414.0,405.0,,2168.174,38.0,96.0,309.0,190.804,,,0.237,0.763,,True,completed
1355,pkw,1183.0,1417.0,234.0,,1593.537,0.0,36.0,198.0,75.68,,,0.1538,0.8462,,True,completed
1480,pkw,1286.0,1419.0,133.0,,1010.263,4.0,14.0,119.0,40.482,,,0.1053,0.8947,,True,completed
743,pkw,831.0,1419.0,588.0,,1435.736,59.0,343.0,245.0,451.659,,,0.5833,0.4167,,True,completed
1264,pkw,1129.0,1421.0,292.0,,2259.16,27.0,43.0,249.0,83.121,,,0.1473,0.8527,,True,completed
968,pkw,975.0,1421.0,446.0,,1617.843,46.0,193.0,253.0,294.317,,,0.4327,0.5673,,True,completed
1203,pkw,1098.0,1422.0,324.0,,2044.703,4.0,93.0,231.0,133.19,,,0.287,0.713,,True,completed
1358,pkw,1186.0,1423.0,237.0,,1087.903,41.0,59.0,178.0,123.699,,,0.2489,0.7511,,True,completed
1115,pkw,1050.0,1424.0,374.0,,2088.86,29.0,114.0,260.0,183.167,,,0.3048,0.6952,,True,completed
1316,pkw,1156.0,1424.0,268.0,,2053.746,6.0,50.0,218.0,79.522,,,0.1866,0.8134,,True,completed
761,pkw,845.0,1424.0,579.0,,2673.156,0.0,248.0,331.0,322.325,,,0.4283,0.5717,,True,completed
1230,pkw,1111.0,1425.0,314.0,,1551.949,23.0,96.0,218.0,172.481,,,0.3057,0.6943,,True,completed
1581,pkw,1363.0,1425.0,62.0,,523.251,7.0,7.0,55.0,13.907,,,0.1129,0.8871,,True,completed
1523,pkw,1318.0,1427.0,109.0,,885.191,0.0,0.0,109.0,15.554,,,0.0,1.0,,True,completed
712,pkw,811.0,1427.0,616.0,,2378.83,18.0,275.0,341.0,390.106,,,0.4464,0.5536,,True,completed
974,pkw,980.0,1427.0,447.0,,1277.949,73.0,167.0,280.0,320.342,,,0.3736,0.6264,,True,completed
1003,pkw,998.0,1430.0,432.0,,2339.142,70.0,108.0,324.0,219.259,,,0.25,0.75,,True,completed
1379,pkw,1199.0,1433.0,234.0,,1858.172,0.0,27.0,207.0,58.733,,,0.1154,0.8846,,True,completed
1314,pkw,1156.0,1434.0,278.0,,2608.978,0.0,10.0,268.0,37.36,,,0.036,0.964,,True,completed
1390,pkw,1204.0,1435.0,231.0,,1646.358,0.0,43.0,188.0,73.483,,,0.1861,0.8139,,True,completed
1307,pkw,1151.0,1436.0,285.0,,2209.782,10.0,27.0,258.0,83.742,,,0.0947,0.9053,,True,completed
1457,pkw,1251.0,1436.0,185.0,,1404.558,25.0,25.0,160.0,41.642,,,0.1351,0.8649,,True,completed
1291,pkw,1145.0,1437.0,292.0,,1819.011,7.0,77.0,215.0,108.351,,,0.2637,0.7363,,True,completed
1331,pkw,1164.0,1437.0,273.0,,1943.804,5.0,25.0,248.0,92.026,,,0.0916,0.9084,,True,completed
1386,pkw,1202.0,1437.0,235.0,,1668.366,0.0,15.0,220.0,63.929,,,0.0638,0.9362,,True,completed
1428,pkw,1228.0,1437.0,209.0,,1037.011,53.0,63.0,146.0,89.926,,,0.3014,0.6986,,True,completed
1571,pkw,1352.0,1437.0,85.0,,732.844,8.0,8.0,77.0,18.043,,,0.0941,0.9059,,True,completed
1172,pkw,1081.0,1438.0,357.0,,2158.288,20.0,70.0,287.0,140.348,,,0.1961,0.8039,,True,completed
1244,pkw,1118.0,1438.0,320.0,,1693.521,47.0,85.0,235.0,164.22,,,0.2656,0.7344,,True,completed
1407,pkw,1215.0,1438.0,223.0,,1099.502,55.0,64.0,159.0,123.044,,,0.287,0.713,,True,completed
1485,pkw,1284.0,1438.0,154.0,,1323.586,4.0,4.0,150.0,25.559,,,0.026,0.974,,True,completed
1277,pkw,1136.0,1440.0,304.0,,1583.192,22.0,78.0,226.0,159.675,,,0.2566,0.7434,,True,completed
1154,pkw,1072.0,1442.0,370.0,,2215.964,21.0,94.0,276.0,161.737,,,0.2541,0.7459,,True,completed
678,pkw,788.0,1442.0,654.0,,1644.415,55.0,375.0,279.0,503.199,,,0.5734,0.4266,,True,completed
1515,pkw,1311.0,1444.0,133.0,,1273.248,1.0,1.0,132.0,14.611,,,0.0075,0.9925,,True,completed
1532,pkw,1405.0,1446.0,41.0,,407.432,0.0,0.0,41.0,2.663,,,0.0,1.0,,True,completed
1097,pkw,1043.0,1449.0,406.0,,2012.379,48.0,122.0,284.0,205.54,,,0.3005,0.6995,,True,completed
1403,pkw,1285.0,1449.0,164.0,,501.14,59.0,78.0,86.0,117.256,,,0.4756,0.5244,,True,completed
1258,pkw,1124.0,1450.0,326.0,,2912.812,3.0,17.0,309.0,57.734,,,0.0521,0.9479,,True,completed
1294,pkw,1146.0,1450.0,304.0,,2138.134,11.0,34.0,270.0,69.539,,,0.1118,0.8882,,True,completed
689,pkw,795.0,1453.0,658.0,,2578.545,19.0,221.0,437.0,400.266,,,0.3359,0.6641,,True,completed
741,pkw,831.0,1453.0,622.0,,1620.58,40.0,385.0,237.0,455.449,,,0.619,0.381,,True,completed
705,pkw,807.0,1454.0,647.0,,2438.691,20.0,246.0,401.0,422.185,,,0.3802,0.6198,,True,completed
1424,pkw,1224.0,1455.0,231.0,,1862.991,18.0,22.0,209.0,60.013,,,0.0952,0.9048,,True,completed
732,pkw,823.0,1455.0,632.0,,2378.467,7.0,296.0,336.0,404.572,,,0.4684,0.5316,,True,completed
1036,pkw,1014.0,1456.0,442.0,,897.77,59.0,230.0,212.0,359.096,,,0.5204,0.4796,,True,completed
1507,pkw,1301.0,1456.0,155.0,,1466.309,10.0,10.0,145.0,21.658,,,0.0645,0.9355,,True,completed
702,pkw,805.0,1456.0,651.0,,2984.785,55.0,257.0,394.0,367.594,,,0.3948,0.6052,,True,completed
1365,pkw,1190.0,1458.0,268.0,,1707.301,25.0,50.0,218.0,103.914,,,0.1866,0.8134,,True,completed
1029,pkw,1010.0,1460.0,450.0,,1076.034,69.0,201.0,249.0,352.156,,,0.4467,0.5533,,True,completed
1372,pkw,1192.0,1461.0,269.0,,2256.286,1.0,28.0,241.0,59.927,,,0.1041,0.8959,,True,completed
1184,pkw,1087.0,1462.0,375.0,,2021.988,47.0,114.0,261.0,184.349,,,0.304,0.696,,True,completed
1090,pkw,1040.0,1463.0,423.0,,2459.023,67.0,138.0,285.0,200.295,,,0.3262,0.6738,,True,completed
1474,pkw,1270.0,1464.0,194.0,,989.446,47.0,66.0,128.0,99.378,,,0.3402,0.6598,,True,completed
1508,pkw,1303.0,1465.0,162.0,,1323.815,19.0,19.0,143.0,36.684,,,0.1173,0.8827,,True,completed
1231,pkw,1111.0,1466.0,355.0,,2281.0,62.0,94.0,261.0,136.187,,,0.2648,0.7352,,True,completed
1340,pkw,1169.0,1466.0,297.0,,2336.755,2.0,36.0,261.0,77.217,,,0.1212,0.8788,,True,completed
1517,pkw,1312.0,1467.0,155.0,,904.187,28.0,36.0,119.0,71.649,,,0.2323,0.7677,,True,completed
1262,pkw,1127.0,1469.0,342.0,,1482.323,41.0,126.0,216.0,179.018,,,0.3684,0.6316,,True,completed
1144,pkw,1068.0,1470.0,402.0,,1906.623,53.0,121.0,281.0,211.161,,,0.301,0.699,,True,completed
1513,pkw,1309.0,1470.0,161.0,,1530.739,0.0,2.0,159.0,22.232,,,0.0124,0.9876,,True,completed
1271,pkw,1132.0,1471.0,339.0,,2718.743,0.0,33.0,306.0,69.081,,,0.0973,0.9027,,True,completed
1470,pkw,1265.0,1471.0,206.0,,1309.33,6.0,37.0,169.0,62.839,,,0.1796,0.8204,,True,completed
799,pkw,877.0,1471.0,594.0,,2087.061,29.0,218.0,376.0,385.505,,,0.367,0.633,,True,completed
874,pkw,921.0,1471.0,550.0,,3375.055,28.0,122.0,428.0,242.35,,,0.2218,0.7782,,True,completed
1560,pkw,1345.0,1472.0,127.0,,983.124,0.0,0.0,127.0,12.808,,,0.0,1.0,,True,completed
1450,pkw,1243.0,1473.0,230.0,,1071.222,31.0,71.0,159.0,132.14,,,0.3087,0.6913,,True,completed
1157,pkw,1073.0,1474.0,401.0,,2736.843,23.0,99.0,302.0,151.178,,,0.2469,0.7531,,True,completed
1362,pkw,1188.0,1475.0,287.0,,2436.281,7.0,42.0,245.0,64.918,,,0.1463,0.8537,,True,completed
1573,pkw,1353.0,1475.0,122.0,,778.54,19.0,22.0,100.0,48.718,,,0.1803,0.8197,,True,completed
1587,pkw,1368.0,1477.0,109.0,,746.899,21.0,21.0,88.0,39.546,,,0.1927,0.8073,,True,completed
1104,pkw,1046.0,1478.0,432.0,,2539.844,44.0,121.0,311.0,201.132,,,0.2801,0.7199,,True,completed
1598,pkw,1376.0,1479.0,103.0,,677.574,13.0,13.0,90.0,40.214,,,0.1262,0.8738,,True,completed
639,pkw,756.0,1479.0,723.0,,1961.51,64.0,404.0,319.0,542.591,,,0.5588,0.4412,,True,completed
723,pkw,815.0,1482.0,667.0,,1693.835,53.0,277.0,390.0,474.375,,,0.4153,0.5847,,True,completed
1555,pkw,1342.0,1484.0,142.0,,1151.708,13.0,22.0,120.0,36.693,,,0.1549,0.8451,,True,completed
1529,pkw,1322.0,1486.0,164.0,,1258.129,11.0,28.0,136.0,48.83,,,0.1707,0.8293,,True,completed
1226,pkw,1110.0,1487.0,377.0,,2123.863,39.0,106.0,271.0,176.329,,,0.2812,0.7188,,True,completed
931,pkw,952.0,1488.0,536.0,,3084.424,2.0,107.0,429.0,238.288,,,0.1996,0.8004,,True,completed
1422,pkw,1224.0,1489.0,265.0,,2020.267,26.0,49.0,216.0,81.387,,,0.1849,0.8151,,True,completed
1397,pkw,1211.0,1491.0,280.0,,1824.076,0.0,44.0,236.0,81.725,,,0.1571,0.8429,,True,completed
1545,pkw,1334.0,1492.0,158.0,,1158.874,13.0,26.0,132.0,52.013,,,0.1646,0.8354,,True,completed
1502,pkw,1297.0,1493.0,196.0,,1052.183,28.0,49.0,147.0,99.388,,,0.25,0.75,,True,completed
1292,pkw,1145.0,1495.0,350.0,,1973.694,32.0,97.0,253.0,168.585,,,0.2771,0.7229,,True,completed
1564,pkw,1348.0,1496.0,148.0,,943.664,28.0,39.0,109.0,60.121,,,0.2635,0.7365,,True,completed
1350,pkw,1179.0,1497.0,318.0,,2207.957,36.0,63.0,255.0,115.058,,,0.1981,0.8019,,True,completed
762,pkw,845.0,1497.0,652.0,,2238.077,31.0,248.0,404.0,442.829,,,0.3804,0.6196,,True,completed
1069,pkw,1030.0,1498.0,468.0,,2673.731,36.0,112.0,356.0,223.067,,,0.2393,0.7607,,True,completed
898,pkw,934.0,1498.0,564.0,,2338.571,57.0,271.0,293.0,345.644,,,0.4805,0.5195,,True,completed
1166,pkw,1078.0,1499.0,421.0,,2358.819,3.0,147.0,274.0,198.63,,,0.3492,0.6508,,True,completed
1006,pkw,1000.0,1500.0,500.0,,1629.533,59.0,188.0,312.0,334.701,,,0.376,0.624,,True,completed
1312,pkw,1154.0,1502.0,348.0,,2579.174,0.0,26.0,322.0,73.892,,,0.0747,0.9253,,True,completed
1425,pkw,1225.0,1502.0,277.0,,1915.893,46.0,46.0,231.0,98.927,,,0.1661,0.8339,,True,completed
1367,pkw,1191.0,1503.0,312.0,,1592.271,57.0,103.0,209.0,164.762,,,0.3301,0.6699,,True,completed
948,pkw,962.0,1504.0,542.0,,2391.967,52.0,200.0,342.0,321.996,,,0.369,0.631,,True,completed
811,pkw,886.0,1505.0,619.0,,2213.095,38.0,288.0,331.0,417.678,,,0.4653,0.5347,,True,completed
1369,pkw,1191.0,1506.0,315.0,,1412.612,3.0,120.0,195.0,180.721,,,0.381,0.619,,True,completed
1129,pkw,1055.0,1508.0,453.0,,2833.743,43.0,105.0,348.0,194.343,,,0.2318,0.7682,,True,completed
1206,pkw,1100.0,1510.0,410.0,,2479.703,51.0,86.0,324.0,184.647,,,0.2098,0.7902,,True,completed
1242,pkw,1116.0,1510.0,394.0,,2269.059,11.0,99.0,295.0,179.982,,,0.2513,0.7487,,True,completed
1570,pkw,1351.0,1510.0,159.0,,1431.373,7.0,7.0,152.0,20.267,,,0.044,0.956,,True,completed
752,pkw,839.0,1511.0,672.0,,2209.407,16.0,311.0,361.0,461.069,,,0.4628,0.5372,,True,completed
1693,pkw,1451.0,1512.0,61.0,,601.654,0.0,0.0,61.0,4.77,,,0.0,1.0,,True,completed
826,pkw,895.0,1513.0,618.0,,2119.144,33.0,254.0,364.0,383.985,,,0.411,0.589,,True,completed
1245,pkw,1118.0,1515.0,397.0,,1455.427,41.0,161.0,236.0,257.622,,,0.4055,0.5945,,True,completed
1449,pkw,1241.0,1515.0,274.0,,2067.462,27.0,41.0,233.0,85.793,,,0.1496,0.8504,,True,completed
863,pkw,915.0,1515.0,600.0,,2122.239,34.0,247.0,353.0,377.066,,,0.4117,0.5883,,True,completed
938,pkw,958.0,1515.0,557.0,,3501.286,8.0,132.0,425.0,230.84,,,0.237,0.763,,True,completed
1644,pkw,1415.0,1516.0,101.0,,737.944,12.0,12.0,89.0,32.44,,,0.1188,0.8812,,True,completed
1475,pkw,1272.0,1517.0,245.0,,1718.878,12.0,43.0,202.0,87.393,,,0.1755,0.8245,,True,completed
902,pkw,936.0,1518.0,582.0,,2643.56,45.0,210.0,372.0,341.083,,,0.3608,0.6392,,True,completed
753,pkw,840.0,1519.0,679.0,,1553.997,55.0,398.0,281.0,532.892,,,0.5862,0.4138,,True,completed
1549,pkw,1336.0,1523.0,187.0,,1495.141,10.0,10.0,177.0,38.249,,,0.0535,0.9465,,True,completed
1640,pkw,1412.0,1523.0,111.0,,643.324,22.0,22.0,89.0,34.928,,,0.1982,0.8018,,True,completed
1008,pkw,1000.0,1524.0,524.0,,1835.305,7.0,212.0,312.0,357.041,,,0.4046,0.5954,,True,completed
1637,pkw,1409.0,1525.0,116.0,,892.01,3.0,3.0,113.0,16.941,,,0.0259,0.9741,,True,completed
698,pkw,803.0,1525.0,722.0,,3016.771,58.0,333.0,389.0,447.471,,,0.4612,0.5388,,True,completed
825,pkw,894.0,1525.0,631.0,,2746.824,31.0,279.0,352.0,371.499,,,0.4422,0.5578,,True,completed
1466,pkw,1264.0,1526.0,262.0,,1665.764,9.0,53.0,209.0,90.801,,,0.2023,0.7977,,True,completed
1656,pkw,1425.0,1527.0,102.0,,695.267,23.0,23.0,79.0,37.753,,,0.2255,0.7745,,True,completed
1530,pkw,1322.0,1528.0,206.0,,1216.556,27.0,43.0,163.0,94.342,,,0.2087,0.7913,,True,completed
1471,pkw,1266.0,1529.0,263.0,,1193.956,42.0,84.0,179.0,153.186,,,0.3194,0.6806,,True,completed
947,pkw,960.0,1529.0,569.0,,1292.014,40.0,321.0,248.0,444.09,,,0.5641,0.4359,,True,completed
965,pkw,973.0,1529.0,556.0,,3389.745,22.0,121.0,435.0,246.897,,,0.2176,0.7824,,True,completed
1060,pkw,1028.0,1531.0,503.0,,2552.744,23.0,150.0,353.0,267.457,,,0.2982,0.7018,,True,completed
1135,pkw,1061.0,1531.0,470.0,,1454.619,40.0,225.0,245.0,329.062,,,0.4787,0.5213,,True,completed
1401,pkw,1213.0,1533.0,320.0,,2263.391,6.0,57.0,263.0,114.066,,,0.1781,0.8219,,True,completed
1491,pkw,1289.0,1533.0,244.0,,1911.565,4.0,30.0,214.0,69.608,,,0.123,0.877,,True,completed
833,pkw,901.0,1535.0,634.0,,2055.384,11.0,319.0,315.0,422.939,,,0.5032,0.4968,,True,completed
1679,pkw,1442.0,1537.0,95.0,,740.854,14.0,14.0,81.0,26.23,,,0.1474,0.8526,,True,completed
1563,pkw,1349.0,1538.0,189.0,,484.029,41.0,90.0,99.0,143.957,,,0.4762,0.5238,,True,completed
1190,pkw,1091.0,1539.0,448.0,,2610.089,15.0,100.0,348.0,194.493,,,0.2232,0.7768,,True,completed
1268,pkw,1131.0,1539.0,408.0,,1843.269,61.0,155.0,253.0,233.26,,,0.3799,0.6201,,True,completed
1542,pkw,1331.0,1540.0,209.0,,1583.755,0.0,36.0,173.0,54.848,,,0.1722,0.8278,,True,completed
1434,pkw,1233.0,1541.0,308.0,,2441.174,2.0,56.0,252.0,86.726,,,0.1818,0.8182,,True,completed
1594,pkw,1373.0,1541.0,168.0,,1055.118,32.0,37.0,131.0,71.087,,,0.2202,0.7798,,True,completed
1353,pkw,1181.0,1542.0,361.0,,1681.279,37.0,102.0,259.0,192.814,,,0.2825,0.7175,,True,completed
1392,pkw,1205.0,1542.0,337.0,,2013.518,21.0,81.0,256.0,148.791,,,0.2404,0.7596,,True,completed
1503,pkw,1298.0,1542.0,244.0,,2087.533,0.0,0.0,244.0,26.637,,,0.0,1.0,,True,completed
1647,pkw,1417.0,1542.0,125.0,,891.242,1.0,2.0,123.0,17.086,,,0.016,0.984,,True,completed
933,pkw,954.0,1542.0,588.0,,2907.818,0.0,186.0,402.0,317.872,,,0.3163,0.6837,,True,completed
1150,pkw,1070.0,1545.0,475.0,,2803.53,53.0,135.0,340.0,220.218,,,0.2842,0.7158,,True,completed
1380,pkw,1199.0,1545.0,346.0,,1584.578,1.0,130.0,216.0,191.205,,,0.3757,0.6243,,True,completed
963,pkw,970.0,1545.0,575.0,,2538.628,0.0,224.0,351.0,344.165,,,0.3896,0.6104,,True,completed
1435,pkw,1233.0,1546.0,313.0,,1864.68,2.0,86.0,227.0,143.111,,,0.2748,0.7252,,True,completed
1370,pkw,1191.0,1547.0,356.0,,2244.008,28.0,79.0,277.0,151.215,,,0.2219,0.7781,,True,completed
1108,pkw,1048.0,1549.0,501.0,,1534.77,47.0,254.0,247.0,360.271,,,0.507,0.493,,True,completed
1142,pkw,1073.0,1550.0,477.0,,2807.992,35.0,134.0,343.0,219.981,,,0.2809,0.7191,,True,completed
1575,pkw,1353.0,1550.0,197.0,,1644.33,1.0,27.0,170.0,47.748,,,0.1371,0.8629,,True,completed
1377,pkw,1197.0,1552.0,355.0,,2787.408,2.0,25.0,330.0,70.835,,,0.0704,0.9296,,True,completed
1477,pkw,1274.0,1555.0,281.0,,2138.989,9.0,47.0,234.0,85.63,,,0.1673,0.8327,,True,completed
1520,pkw,1316.0,1555.0,239.0,,1524.829,53.0,80.0,159.0,97.032,,,0.3347,0.6653,,True,completed
1625,pkw,1401.0,1555.0,154.0,,1034.81,14.0,23.0,131.0,51.752,,,0.1494,0.8506,,True,completed
1279,pkw,1139.0,1556.0,417.0,,2115.276,31.0,125.0,292.0,215.888,,,0.2998,0.7002,,True,completed
1028,pkw,1010.0,1557.0,547.0,,1803.918,1.0,283.0,264.0,372.742,,,0.5174,0.4826,,True,completed
1075,pkw,1034.0,1557.0,523.0,,1531.721,18.0,254.0,269.0,383.47,,,0.4857,0.5143,,True,completed
1518,pkw,1314.0,1557.0,243.0,,1839.99,23.0,42.0,201.0,70.971,,,0.1728,0.8272,,True,completed
855,pkw,912.0,1557.0,645.0,,1971.382,53.0,323.0,322.0,462.861,,,0.5008,0.4992,,True,completed
672,pkw,782.0,1558.0,776.0,,3469.69,6.0,317.0,459.0,450.729,,,0.4085,0.5915,,True,completed
778,pkw,856.0,1558.0,702.0,,2010.433,46.0,302.0,400.0,512.337,,,0.4302,0.5698,,True,completed
813,pkw,887.0,1558.0,671.0,,2241.769,51.0,371.0,300.0,455.84,,,0.5529,0.4471,,True,completed
1374,pkw,1194.0,1559.0,365.0,,2662.026,34.0,75.0,290.0,123.302,,,0.2055,0.7945,,True,completed
1634,pkw,1408.0,1559.0,151.0,,1052.461,6.0,14.0,137.0,34.469,,,0.0927,0.9073,,True,completed
807,pkw,883.0,1559.0,676.0,,1872.055,66.0,343.0,333.0,497.552,,,0.5074,0.4926,,True,completed
1045,pkw,1018.0,1564.0,546.0,,1886.508,49.0,259.0,287.0,373.8,,,0.4744,0.5256,,True,completed
1341,pkw,1169.0,1564.0,395.0,,2374.366,10.0,114.0,281.0,179.495,,,0.2886,0.7114,,True,completed
1414,pkw,1219.0,1564.0,345.0,,1618.804,6.0,111.0,234.0,190.021,,,0.3217,0.6783,,True,completed
1247,pkw,1120.0,1565.0,445.0,,2502.552,45.0,119.0,326.0,216.99,,,0.2674,0.7326,,True,completed
1413,pkw,1219.0,1567.0,348.0,,2165.602,17.0,73.0,275.0,150.518,,,0.2098,0.7902,,True,completed
1337,pkw,1167.0,1569.0,402.0,,868.238,65.0,217.0,185.0,322.33,,,0.5398,0.4602,,True,completed
1614,pkw,1391.0,1571.0,180.0,,590.5,34.0,66.0,114.0,125.854,,,0.3667,0.6333,,True,completed
769,pkw,849.0,1571.0,722.0,,1976.698,37.0,420.0,302.0,534.512,,,0.5817,0.4183,,True,completed
1724,pkw,1486.0,1572.0,86.0,,643.289,14.0,14.0,72.0,26.585,,,0.1628,0.8372,,True,completed
1700,pkw,1456.0,1573.0,117.0,,1008.332,10.0,10.0,107.0,23.135,,,0.0855,0.9145,,True,completed
1615,pkw,1392.0,1576.0,184.0,,1399.936,30.0,31.0,153.0,55.204,,,0.1685,0.8315,,True,completed
1489,pkw,1287.0,1578.0,291.0,,1997.239,26.0,47.0,244.0,108.719,,,0.1615,0.8385,,True,completed
1524,pkw,1319.0,1578.0,259.0,,1524.071,64.0,90.0,169.0,118.286,,,0.3475,0.6525,,True,completed
1336,pkw,1167.0,1579.0,412.0,,2310.372,34.0,119.0,293.0,193.413,,,0.2888,0.7112,,True,completed
1767,pkw,1533.0,1584.0,51.0,,441.583,4.0,4.0,47.0,10.257,,,0.0784,0.9216,,True,completed
1484,pkw,1284.0,1585.0,301.0,,2236.09,16.0,57.0,244.0,96.161,,,0.1894,0.8106,,True,completed
890,pkw,932.0,1585.0,653.0,,2750.1,56.0,296.0,357.0,397.057,,,0.4533,0.5467,,True,completed
1519,pkw,1315.0,1587.0,272.0,,1988.974,27.0,44.0,228.0,91.695,,,0.1618,0.8382,,True,completed
1233,pkw,1111.0,1588.0,477.0,,2376.833,73.0,176.0,301.0,259.484,,,0.369,0.631,,True,completed
1722,pkw,1479.0,1588.0,109.0,,969.355,0.0,0.0,109.0,11.925,,,0.0,1.0,,True,completed
1121,pkw,1053.0,1590.0,537.0,,2818.585,10.0,154.0,383.0,277.882,,,0.2868,0.7132,,True,completed
1046,pkw,1019.0,1591.0,572.0,,2270.871,6.0,218.0,354.0,357.423,,,0.3811,0.6189,,True,completed
1189,pkw,1091.0,1592.0,501.0,,1274.977,34.0,263.0,238.0,377.772,,,0.525,0.475,,True,completed
1678,pkw,1441.0,1593.0,152.0,,1323.529,7.0,7.0,145.0,28.639,,,0.0461,0.9539,,True,completed
1702,pkw,1458.0,1594.0,136.0,,972.508,6.0,21.0,115.0,40.62,,,0.1544,0.8456,,True,completed
1363,pkw,1188.0,1597.0,409.0,,2555.27,6.0,111.0,298.0,177.156,,,0.2714,0.7286,,True,completed
1630,pkw,1405.0,1598.0,193.0,,1610.875,14.0,25.0,168.0,46.43,,,0.1295,0.8705,,True,completed
1638,pkw,1410.0,1598.0,188.0,,1092.227,25.0,50.0,138.0,88.153,,,0.266,0.734,,True,completed
1319,pkw,1158.0,1599.0,441.0,,2417.341,29.0,131.0,310.0,206.345,,,0.2971,0.7029,,True,completed
858,pkw,914.0,1599.0,685.0,,2023.288,46.0,382.0,303.0,501.241,,,0.5577,0.4423,,True,completed
1282,pkw,1141.0,1600.0,459.0,,1562.333,53.0,217.0,242.0,309.712,,,0.4728,0.5272,,True,completed
1329,pkw,1163.0,1602.0,439.0,,1216.076,13.0,214.0,225.0,322.369,,,0.4875,0.5125,,True,completed
969,pkw,975.0,1604.0,629.0,,2211.084,8.0,267.0,362.0,415.485,,,0.4245,0.5755,,True,completed
1582,pkw,1365.0,1606.0,241.0,,1626.99,25.0,49.0,192.0,83.845,,,0.2033,0.7967,,True,completed
664,pkw,780.0,1606.0,826.0,,2680.818,17.0,436.0,390.0,551.082,,,0.5278,0.4722,,True,completed
1339,pkw,1167.0,1607.0,440.0,,2634.719,8.0,107.0,333.0,187.188,,,0.2432,0.7568,,True,completed
1541,pkw,1330.0,1608.0,278.0,,2320.432,28.0,35.0,243.0,64.928,,,0.1259,0.8741,,True,completed
1124,pkw,1054.0,1609.0,555.0,,3027.972,2.0,152.0,403.0,260.009,,,0.2739,0.7261,,True,completed
1528,pkw,1322.0,1610.0,288.0,,1643.103,10.0,68.0,220.0,137.993,,,0.2361,0.7639,,True,completed
1535,pkw,1328.0,1611.0,283.0,,1893.413,27.0,33.0,250.0,70.216,,,0.1166,0.8834,,True,completed
1465,pkw,1260.0,1612.0,352.0,,1589.725,35.0,107.0,245.0,202.065,,,0.304,0.696,,True,completed
1617,pkw,1395.0,1613.0,218.0,,1524.568,22.0,48.0,170.0,76.515,,,0.2202,0.7798,,True,completed
1716,pkw,1470.0,1613.0,143.0,,1424.127,0.0,0.0,143.0,12.173,,,0.0,1.0,,True,completed
1626,pkw,1402.0,1614.0,212.0,,1477.105,16.0,40.0,172.0,76.954,,,0.1887,0.8113,,True,completed
1596,pkw,1374.0,1615.0,241.0,,950.504,31.0,89.0,152.0,154.454,,,0.3693,0.6307,,True,completed
1636,pkw,1409.0,1616.0,207.0,,1375.927,30.0,50.0,157.0,81.55,,,0.2415,0.7585,,True,completed
1757,pkw,1520.0,1616.0,96.0,,735.235,14.0,14.0,82.0,28.828,,,0.1458,0.8542,,True,completed
1775,pkw,1539.0,1617.0,78.0,,778.024,0.0,0.0,78.0,6.437,,,0.0,1.0,,True,completed
966,pkw,973.0,1618.0,645.0,,2591.795,27.0,272.0,373.0,401.092,,,0.4217,0.5783,,True,completed
1086,pkw,1038.0,1619.0,581.0,,1718.977,66.0,289.0,292.0,421.715,,,0.4974,0.5026,,True,completed
838,pkw,903.0,1619.0,716.0,,2181.115,57.0,351.0,365.0,512.019,,,0.4902,0.5098,,True,completed
988,pkw,989.0,1619.0,630.0,,1436.307,40.0,356.0,274.0,493.096,,,0.5651,0.4349,,True,completed
993,pkw,991.0,1620.0,629.0,,2304.988,16.0,245.0,384.0,402.788,,,0.3895,0.6105,,True,completed
1222,pkw,1108.0,1622.0,514.0,,1215.746,35.0,265.0,249.0,387.768,,,0.5156,0.4844,,True,completed
1646,pkw,1416.0,1622.0,206.0,,1530.915,27.0,42.0,164.0,65.947,,,0.2039,0.7961,,True,completed
1711,pkw,1465.0,1622.0,157.0,,881.011,36.0,36.0,121.0,65.645,,,0.2293,0.7707,,True,completed
1215,pkw,1105.0,1623.0,518.0,,1818.403,65.0,237.0,281.0,347.005,,,0.4575,0.5425,,True,completed
1631,pkw,1407.0,1623.0,216.0,,820.22,52.0,77.0,139.0,133.099,,,0.3565,0.6435,,True,completed
1798,pkw,1574.0,1624.0,50.0,,377.9,0.0,0.0,50.0,13.05,,,0.0,1.0,,True,completed
1396,pkw,1209.0,1625.0,416.0,,2131.747,0.0,115.0,301.0,182.273,,,0.2764,0.7236,,True,completed
1681,pkw,1444.0,1626.0,182.0,,1041.274,12.0,42.0,140.0,80.997,,,0.2308,0.7692,,True,completed
1653,pkw,1423.0,1627.0,204.0,,1139.563,34.0,34.0,170.0,99.042,,,0.1667,0.8333,,True,completed
1260,pkw,1125.0,1631.0,506.0,,1680.188,12.0,231.0,275.0,353.199,,,0.4565,0.5435,,True,completed
975,pkw,981.0,1635.0,654.0,,2016.104,46.0,283.0,371.0,414.736,,,0.4327,0.5673,,True,completed
1674,pkw,1440.0,1636.0,196.0,,1404.465,8.0,8.0,188.0,32.665,,,0.0408,0.9592,,True,completed
1745,pkw,1505.0,1636.0,131.0,,1098.122,9.0,9.0,122.0,29.168,,,0.0687,0.9313,,True,completed
1538,pkw,1329.0,1638.0,309.0,,2383.973,12.0,53.0,256.0,92.315,,,0.1715,0.8285,,True,completed
1604,pkw,1381.0,1639.0,258.0,,2334.17,2.0,9.0,249.0,40.664,,,0.0349,0.9651,,True,completed
1632,pkw,1407.0,1639.0,232.0,,1470.169,10.0,37.0,195.0,94.11,,,0.1595,0.8405,,True,completed
624,pkw,748.0,1639.0,891.0,,2668.906,60.0,449.0,442.0,645.679,,,0.5039,0.4961,,True,completed
1113,pkw,1049.0,1643.0,594.0,,2589.96,26.0,215.0,379.0,357.39,,,0.362,0.638,,True,completed
1448,pkw,1241.0,1643.0,402.0,,3048.555,28.0,77.0,325.0,117.504,,,0.1915,0.8085,,True,completed
1326,pkw,1161.0,1644.0,483.0,,2662.079,39.0,124.0,359.0,239.585,,,0.2567,0.7433,,True,completed
1360,pkw,1187.0,1645.0,458.0,,732.757,32.0,246.0,212.0,385.139,,,0.5371,0.4629,,True,completed
1735,pkw,1494.0,1645.0,151.0,,1116.043,36.0,36.0,115.0,48.789,,,0.2384,0.7616,,True,completed
872,pkw,922.0,1646.0,724.0,,2360.088,58.0,388.0,336.0,494.511,,,0.5359,0.4641,,True,completed
1361,pkw,1188.0,1649.0,461.0,,2237.641,55.0,144.0,317.0,256.731,,,0.3124,0.6876,,True,completed
1536,pkw,1328.0,1649.0,321.0,,2563.122,23.0,48.0,273.0,84.211,,,0.1495,0.8505,,True,completed
1611,pkw,1389.0,1649.0,260.0,,2258.788,10.0,18.0,242.0,54.69,,,0.0692,0.9308,,True,completed
1654,pkw,1423.0,1649.0,226.0,,1300.942,22.0,54.0,172.0,107.439,,,0.2389,0.7611,,True,completed
1725,pkw,1486.0,1650.0,164.0,,1090.301,11.0,11.0,153.0,32.595,,,0.0671,0.9329,,True,completed
1333,pkw,1165.0,1651.0,486.0,,2688.294,36.0,114.0,372.0,240.428,,,0.2346,0.7654,,True,completed
1585,pkw,1366.0,1651.0,285.0,,1509.29,77.0,97.0,188.0,139.603,,,0.3404,0.6596,,True,completed
1079,pkw,1036.0,1652.0,616.0,,1531.025,21.0,314.0,302.0,470.879,,,0.5097,0.4903,,True,completed
1707,pkw,1462.0,1652.0,190.0,,668.211,43.0,54.0,136.0,124.38,,,0.2842,0.7158,,True,completed
1613,pkw,1391.0,1653.0,262.0,,1738.256,4.0,28.0,234.0,86.373,,,0.1069,0.8931,,True,completed
864,pkw,920.0,1653.0,733.0,,2024.684,45.0,427.0,306.0,547.981,,,0.5825,0.4175,,True,completed
1359,pkw,1187.0,1654.0,467.0,,1264.549,35.0,213.0,254.0,339.625,,,0.4561,0.5439,,True,completed
1053,pkw,1023.0,1658.0,635.0,,1623.147,71.0,274.0,361.0,472.946,,,0.4315,0.5685,,True,completed
1437,pkw,1234.0,1659.0,425.0,,2167.244,34.0,116.0,309.0,217.078,,,0.2729,0.7271,,True,completed
1579,pkw,1358.0,1663.0,305.0,,1835.26,2.0,63.0,242.0,123.139,,,0.2066,0.7934,,True,completed
1622,pkw,1398.0,1663.0,265.0,,2348.854,0.0,25.0,240.0,47.887,,,0.0943,0.9057,,True,completed
1709,pkw,1464.0,1663.0,199.0,,1690.441,6.0,24.0,175.0,44.681,,,0.1206,0.8794,,True,completed
1410,pkw,1218.0,1664.0,446.0,,1639.818,49.0,190.0,256.0,295.346,,,0.426,0.574,,True,completed
1516,pkw,1310.0,1664.0,354.0,,1077.024,69.0,164.0,190.0,240.1,,,0.4633,0.5367,,True,completed
1639,pkw,1411.0,1665.0,254.0,,1481.447,0.0,37.0,217.0,99.765,,,0.1457,0.8543,,True,completed
1715,pkw,1469.0,1670.0,201.0,,1687.078,4.0,24.0,177.0,46.571,,,0.1194,0.8806,,True,completed
1399,pkw,1213.0,1672.0,459.0,,2360.743,79.0,155.0,304.0,243.961,,,0.3377,0.6623,,True,completed
980,pkw,984.0,1672.0,688.0,,2621.693,81.0,310.0,378.0,449.46,,,0.4506,0.5494,,True,completed
1501,pkw,1296.0,1676.0,380.0,,1690.16,30.0,93.0,287.0,226.266,,,0.2447,0.7553,,True,completed
1677,pkw,1440.0,1677.0,237.0,,2116.458,6.0,15.0,222.0,44.191,,,0.0633,0.9367,,True,completed
1364,pkw,1190.0,1678.0,488.0,,2827.507,0.0,113.0,375.0,216.105,,,0.2316,0.7684,,True,completed
1092,pkw,1041.0,1679.0,638.0,,1586.332,43.0,343.0,295.0,487.108,,,0.5376,0.4624,,True,completed
1456,pkw,1249.0,1679.0,430.0,,1218.869,28.0,174.0,256.0,311.264,,,0.4047,0.5953,,True,completed
1572,pkw,1352.0,1679.0,327.0,,2215.831,0.0,60.0,267.0,125.907,,,0.1835,0.8165,,True,completed
1588,pkw,1368.0,1679.0,311.0,,1156.704,48.0,112.0,199.0,204.585,,,0.3601,0.6399,,True,completed
1522,pkw,1317.0,1681.0,364.0,,1537.161,22.0,89.0,275.0,220.315,,,0.2445,0.7555,,True,completed
1020,pkw,1007.0,1683.0,676.0,,1574.222,45.0,371.0,305.0,529.17,,,0.5488,0.4512,,True,completed
1345,pkw,1175.0,1686.0,511.0,,2353.385,69.0,177.0,334.0,296.575,,,0.3464,0.6536,,True,completed
1566,pkw,1349.0,1687.0,338.0,,1921.439,75.0,128.0,210.0,163.384,,,0.3787,0.6213,,True,completed
1795,pkw,1566.0,1687.0,121.0,,923.522,23.0,23.0,98.0,35.078,,,0.1901,0.8099,,True,completed
1140,pkw,1066.0,1688.0,622.0,,2052.637,65.0,348.0,274.0,433.685,,,0.5595,0.4405,,True,completed
1506,pkw,1300.0,1688.0,388.0,,1701.752,68.0,122.0,266.0,224.516,,,0.3144,0.6856,,True,completed
1453,pkw,1245.0,1691.0,446.0,,2820.895,0.0,87.0,359.0,170.317,,,0.1951,0.8049,,True,completed
1543,pkw,1332.0,1693.0,361.0,,2853.957,9.0,41.0,320.0,75.911,,,0.1136,0.8864,,True,completed
1546,pkw,1335.0,1693.0,358.0,,2175.829,65.0,99.0,259.0,160.696,,,0.2765,0.7235,,True,completed
1696,pkw,1454.0,1693.0,239.0,,1659.111,0.0,11.0,228.0,35.556,,,0.046,0.954,,True,completed
1394,pkw,1208.0,1695.0,487.0,,2059.951,62.0,153.0,334.0,294.289,,,0.3142,0.6858,,True,completed
1228,pkw,1112.0,1702.0,590.0,,1208.15,42.0,317.0,273.0,470.855,,,0.5373,0.4627,,True,completed
676,pkw,784.0,1703.0,919.0,,2095.421,65.0,435.0,484.0,674.351,,,0.4733,0.5267,,True,completed
1137,pkw,1063.0,1706.0,643.0,,2586.059,16.0,274.0,369.0,400.697,,,0.4261,0.5739,,True,completed
1473,pkw,1269.0,1706.0,437.0,,2673.745,15.0,111.0,326.0,194.268,,,0.254,0.746,,True,completed
1708,pkw,1463.0,1712.0,249.0,,1473.031,20.0,49.0,200.0,106.764,,,0.1968,0.8032,,True,completed
930,pkw,951.0,1715.0,764.0,,2532.812,54.0,339.0,425.0,515.364,,,0.4437,0.5563,,True,completed
1136,pkw,1062.0,1716.0,654.0,,2132.236,43.0,316.0,338.0,458.731,,,0.4832,0.5168,,True,completed
1539,pkw,1330.0,1716.0,386.0,,2851.062,3.0,72.0,314.0,126.127,,,0.1865,0.8135,,True,completed
1683,pkw,1445.0,1716.0,271.0,,2328.257,16.0,22.0,249.0,57.709,,,0.0812,0.9188,,True,completed
1873,pkw,1668.0,1719.0,51.0,,458.067,1.0,1.0,50.0,8.774,,,0.0196,0.9804,,True,completed
867,pkw,924.0,1719.0,795.0,,2021.975,57.0,478.0,317.0,611.061,,,0.6013,0.3987,,True,completed
1838,pkw,1629.0,1720.0,91.0,,811.449,8.0,8.0,83.0,16.903,,,0.0879,0.9121,,True,completed
1393,pkw,1207.0,1723.0,516.0,,1675.024,16.0,252.0,264.0,364.068,,,0.4884,0.5116,,True,completed
1459,pkw,1254.0,1726.0,472.0,,2301.896,4.0,155.0,317.0,250.252,,,0.3284,0.6716,,True,completed
1559,pkw,1344.0,1727.0,383.0,,3084.243,14.0,54.0,329.0,96.683,,,0.141,0.859,,True,completed
1687,pkw,1446.0,1728.0,282.0,,880.612,64.0,118.0,164.0,201.09,,,0.4184,0.5816,,True,completed
1088,pkw,1040.0,1731.0,691.0,,2035.044,60.0,407.0,284.0,486.141,,,0.589,0.411,,True,completed
1719,pkw,1475.0,1732.0,257.0,,876.217,61.0,98.0,159.0,176.556,,,0.3813,0.6187,,True,completed
942,pkw,958.0,1732.0,774.0,,1621.464,62.0,477.0,297.0,616.159,,,0.6163,0.3837,,True,completed
1861,pkw,1652.0,1733.0,81.0,,733.025,4.0,4.0,77.0,14.027,,,0.0494,0.9506,,True,completed
1173,pkw,1081.0,1738.0,657.0,,1414.948,59.0,345.0,312.0,526.819,,,0.5251,0.4749,,True,completed
1794,pkw,1565.0,1738.0,173.0,,1307.374,5.0,23.0,150.0,48.064,,,0.1329,0.8671,,True,completed
1492,pkw,1289.0,1739.0,450.0,,2400.759,59.0,124.0,326.0,231.889,,,0.2756,0.7244,,True,completed
1205,pkw,1098.0,1740.0,642.0,,2046.436,14.0,309.0,333.0,450.479,,,0.4813,0.5187,,True,completed
1643,pkw,1413.0,1740.0,327.0,,2205.164,43.0,62.0,265.0,116.826,,,0.1896,0.8104,,True,completed
1866,pkw,1658.0,1743.0,85.0,,734.334,0.0,0.0,85.0,6.861,,,0.0,1.0,,True,completed
1022,pkw,1008.0,1744.0,736.0,,1736.905,30.0,405.0,331.0,573.163,,,0.5503,0.4497,,True,completed
1483,pkw,1282.0,1744.0,462.0,,1948.106,35.0,171.0,291.0,282.699,,,0.3701,0.6299,,True,completed
1741,pkw,1502.0,1744.0,242.0,,2125.549,16.0,16.0,226.0,44.372,,,0.0661,0.9339,,True,completed
1616,pkw,1393.0,1748.0,355.0,,1975.431,50.0,88.0,267.0,175.364,,,0.2479,0.7521,,True,completed
1742,pkw,1502.0,1748.0,246.0,,1695.158,18.0,55.0,191.0,91.532,,,0.2236,0.7764,,True,completed
1900,pkw,1698.0,1749.0,51.0,,504.044,0.0,0.0,51.0,3.273,,,0.0,1.0,,True,completed
1395,pkw,1209.0,1750.0,541.0,,734.306,83.0,355.0,186.0,473.313,,,0.6562,0.3438,,True,completed
1739,pkw,1499.0,1751.0,252.0,,1865.264,0.0,31.0,221.0,61.771,,,0.123,0.877,,True,completed
1493,pkw,1290.0,1752.0,462.0,,2670.636,65.0,149.0,313.0,212.072,,,0.3225,0.6775,,True,completed
1385,pkw,1202.0,1754.0,552.0,,1420.662,13.0,303.0,249.0,422.371,,,0.5489,0.4511,,True,completed
1663,pkw,1431.0,1756.0,325.0,,2469.573,26.0,60.0,265.0,96.096,,,0.1846,0.8154,,True,completed
1105,pkw,1047.0,1757.0,710.0,,2142.954,43.0,336.0,374.0,498.695,,,0.4732,0.5268,,True,completed
1099,pkw,1044.0,1758.0,714.0,,1265.06,47.0,422.0,292.0,597.738,,,0.591,0.409,,True,completed
1668,pkw,1434.0,1760.0,326.0,,1918.977,17.0,79.0,247.0,152.231,,,0.2423,0.7577,,True,completed
792,pkw,867.0,1763.0,896.0,,2394.888,84.0,463.0,433.0,677.726,,,0.5167,0.4833,,True,completed
1433,pkw,1232.0,1764.0,532.0,,2769.026,43.0,147.0,385.0,279.876,,,0.2763,0.7237,,True,completed
1095,pkw,1042.0,1765.0,723.0,,2950.892,57.0,351.0,372.0,452.893,,,0.4855,0.5145,,True,completed
1730,pkw,1490.0,1766.0,276.0,,2298.658,0.0,26.0,250.0,49.99,,,0.0942,0.9058,,True,completed
796,pkw,873.0,1767.0,894.0,,2102.206,56.0,440.0,454.0,700.665,,,0.4922,0.5078,,True,completed
984,pkw,986.0,1769.0,783.0,,3092.311,17.0,351.0,432.0,497.086,,,0.4483,0.5517,,True,completed
1239,pkw,1115.0,1771.0,656.0,,2401.406,21.0,314.0,342.0,435.547,,,0.4787,0.5213,,True,completed
1753,pkw,1515.0,1773.0,258.0,,1441.903,13.0,67.0,191.0,92.557,,,0.2597,0.7403,,True,completed
1010,pkw,1000.0,1774.0,774.0,,1664.468,50.0,468.0,306.0,611.958,,,0.6047,0.3953,,True,completed
1251,pkw,1122.0,1776.0,654.0,,1301.667,58.0,402.0,252.0,527.739,,,0.6147,0.3853,,True,completed
1801,pkw,1584.0,1780.0,196.0,,1578.938,21.0,33.0,163.0,51.817,,,0.1684,0.8316,,True,completed
997,pkw,992.0,1782.0,790.0,,2395.593,19.0,350.0,440.0,558.124,,,0.443,0.557,,True,completed
1819,pkw,1603.0,1784.0,181.0,,1328.024,14.0,20.0,161.0,50.376,,,0.1105,0.8895,,True,completed
1844,pkw,1636.0,1784.0,148.0,,973.31,14.0,31.0,117.0,56.812,,,0.2095,0.7905,,True,completed
627,pkw,750.0,1784.0,1034.0,,2337.987,63.0,535.0,499.0,807.066,,,0.5174,0.4826,,True,completed
1388,pkw,1203.0,1785.0,582.0,,2032.599,53.0,262.0,320.0,378.478,,,0.4502,0.5498,,True,completed
1660,pkw,1525.0,1785.0,260.0,,1879.369,0.0,37.0,223.0,86.01,,,0.1423,0.8577,,True,completed
1802,pkw,1584.0,1785.0,201.0,,1411.947,28.0,31.0,170.0,58.768,,,0.1542,0.8458,,True,completed
1922,pkw,1716.0,1785.0,69.0,,458.858,19.0,19.0,50.0,26.204,,,0.2754,0.7246,,True,completed
1714,pkw,1469.0,1786.0,317.0,,2332.169,21.0,61.0,256.0,100.775,,,0.1924,0.8076,,True,completed
1751,pkw,1513.0,1786.0,273.0,,2117.364,27.0,41.0,232.0,79.156,,,0.1502,0.8498,,True,completed
1170,pkw,1080.0,1787.0,707.0,,2797.241,0.0,336.0,371.0,444.766,,,0.4752,0.5248,,True,completed
1776,pkw,1541.0,1787.0,246.0,,1649.492,31.0,51.0,195.0,91.077,,,0.2073,0.7927,,True,completed
1788,pkw,1559.0,1787.0,228.0,,1742.434,18.0,23.0,205.0,51.803,,,0.1009,0.8991,,True,completed
976,pkw,982.0,1789.0,807.0,,3293.273,10.0,350.0,457.0,501.117,,,0.4337,0.5663,,True,completed
1914,pkw,1712.0,1792.0,80.0,,645.481,0.0,0.0,80.0,12.616,,,0.0,1.0,,True,completed
1747,pkw,1507.0,1796.0,289.0,,1066.885,40.0,118.0,171.0,191.681,,,0.4083,0.5917,,True,completed
1552,pkw,1339.0,1797.0,458.0,,2253.028,0.0,173.0,285.0,246.241,,,0.3777,0.6223,,True,completed
1186,pkw,1088.0,1798.0,710.0,,1646.696,57.0,389.0,321.0,559.146,,,0.5479,0.4521,,True,completed
1881,pkw,1680.0,1799.0,119.0,,845.782,11.0,11.0,108.0,29.877,,,0.0924,0.9076,,True,completed
1000,pkw,995.0,,805.0,,1830.415,62.0,493.0,312.0,639.563,,,0.6124,0.3876,,False,on_map_at_end
1002,pkw,997.0,,803.0,,1017.59,73.0,572.0,231.0,670.904,,,0.7123,0.2877,,False,on_map_at_end
1011,pkw,1001.0,,799.0,,1034.444,76.0,619.0,180.0,696.82,,,0.7747,0.2253,,False,on_map_at_end
1023,pkw,1008.0,,792.0,,1026.942,75.0,613.0,179.0,691.872,,,0.774,0.226,,False,on_map_at_end
1024,pkw,1008.0,,792.0,,591.695,80.0,653.0,139.0,729.63,,,0.8245,0.1755,,False,on_map_at_end
1040,pkw,1016.0,,784.0,,1810.163,73.0,475.0,309.0,607.031,,,0.6059,0.3941,,False,on_map_at_end
1052,pkw,1022.0,,778.0,,1354.826,78.0,470.0,308.0,651.911,,,0.6041,0.3959,,False,on_map_at_end
1054,pkw,1024.0,,776.0,,1791.649,59.0,455.0,321.0,608.979,,,0.5863,0.4137,,False,on_map_at_end
1068,pkw,1030.0,,770.0,,1662.039,82.0,429.0,341.0,619.488,,,0.5571,0.4429,,False,on_map_at_end
1082,pkw,1037.0,,763.0,,2355.819,84.0,379.0,384.0,545.241,,,0.4967,0.5033,,False,on_map_at_end
1098,pkw,1043.0,,757.0,,2667.738,33.0,349.0,408.0,499.51,,,0.461,0.539,,False,on_map_at_end
1100,pkw,1044.0,,756.0,,1806.834,91.0,447.0,309.0,584.879,,,0.5913,0.4087,,False,on_map_at_end
1101,pkw,1044.0,,756.0,,2413.003,75.0,424.0,332.0,538.184,,,0.5608,0.4392,,False,on_map_at_end
1110,pkw,1049.0,,751.0,,1720.132,69.0,465.0,286.0,594.865,,,0.6192,0.3808,,False,on_map_at_end
1112,pkw,1049.0,,751.0,,1526.424,60.0,471.0,280.0,612.432,,,0.6272,0.3728,,False,on_map_at_end
1114,pkw,1050.0,,750.0,,1625.347,71.0,394.0,356.0,587.884,,,0.5253,0.4747,,False,on_map_at_end
1116,pkw,1051.0,,749.0,,1645.593,65.0,372.0,377.0,563.013,,,0.4967,0.5033,,False,on_map_at_end
1119,pkw,1053.0,,747.0,,1626.562,65.0,373.0,374.0,568.494,,,0.4993,0.5007,,False,on_map_at_end
1126,pkw,1055.0,,745.0,,1014.754,74.0,470.0,275.0,647.851,,,0.6309,0.3691,,False,on_map_at_end
1130,pkw,1056.0,,744.0,,1789.338,70.0,449.0,295.0,573.438,,,0.6035,0.3965,,False,on_map_at_end
1147,pkw,1069.0,,731.0,,1515.677,77.0,420.0,311.0,582.86,,,0.5746,0.4254,,False,on_map_at_end
1148,pkw,1069.0,,731.0,,978.473,72.0,526.0,205.0,602.363,,,0.7196,0.2804,,False,on_map_at_end
1151,pkw,1071.0,,729.0,,2355.837,62.0,391.0,338.0,515.985,,,0.5364,0.4636,,False,on_map_at_end
1155,pkw,1072.0,,728.0,,2351.357,86.0,408.0,320.0,514.136,,,0.5604,0.4396,,False,on_map_at_end
1156,pkw,1072.0,,728.0,,1763.77,73.0,443.0,285.0,564.026,,,0.6085,0.3915,,False,on_map_at_end
1159,pkw,1075.0,,725.0,,1332.447,62.0,429.0,296.0,601.507,,,0.5917,0.4083,,False,on_map_at_end
1162,pkw,1076.0,,724.0,,1672.668,72.0,449.0,275.0,572.933,,,0.6202,0.3798,,False,on_map_at_end
1163,pkw,1076.0,,724.0,,984.268,66.0,472.0,252.0,631.917,,,0.6519,0.3481,,False,on_map_at_end
1164,pkw,1077.0,,723.0,,582.126,71.0,574.0,149.0,662.998,,,0.7939,0.2061,,False,on_map_at_end
1171,pkw,1081.0,,719.0,,1805.28,86.0,334.0,385.0,491.784,,,0.4645,0.5355,,False,on_map_at_end
1176,pkw,1082.0,,718.0,,887.386,57.0,465.0,253.0,638.134,,,0.6476,0.3524,,False,on_map_at_end
1179,pkw,1083.0,,717.0,,999.743,77.0,455.0,262.0,626.268,,,0.6346,0.3654,,False,on_map_at_end
1180,pkw,1083.0,,717.0,,1178.58,71.0,482.0,235.0,604.038,,,0.6722,0.3278,,False,on_map_at_end
1182,pkw,1084.0,,716.0,,1579.408,64.0,377.0,339.0,563.598,,,0.5265,0.4735,,False,on_map_at_end
1191,pkw,1091.0,,709.0,,934.222,74.0,456.0,253.0,619.238,,,0.6432,0.3568,,False,on_map_at_end
1196,pkw,1093.0,,707.0,,1784.135,75.0,382.0,325.0,546.002,,,0.5403,0.4597,,False,on_map_at_end
1197,pkw,1095.0,,705.0,,1323.487,55.0,384.0,321.0,580.699,,,0.5447,0.4553,,False,on_map_at_end
1198,pkw,1095.0,,705.0,,988.716,71.0,533.0,172.0,612.095,,,0.756,0.244,,False,on_map_at_end
1199,pkw,1095.0,,705.0,,1650.165,76.0,426.0,279.0,556.001,,,0.6043,0.3957,,False,on_map_at_end
1200,pkw,1095.0,,705.0,,1859.591,72.0,331.0,374.0,520.701,,,0.4695,0.5305,,False,on_map_at_end
1201,pkw,1096.0,,704.0,,877.042,72.0,462.0,242.0,617.468,,,0.6562,0.3438,,False,on_map_at_end
1202,pkw,1098.0,,702.0,,1670.817,44.0,401.0,301.0,543.273,,,0.5712,0.4288,,False,on_map_at_end
1208,pkw,1101.0,,699.0,,1566.921,75.0,338.0,361.0,519.987,,,0.4835,0.5165,,False,on_map_at_end
1212,pkw,1103.0,,697.0,,1802.89,64.0,407.0,290.0,533.842,,,0.5839,0.4161,,False,on_map_at_end
1213,pkw,1103.0,,697.0,,2106.42,64.0,364.0,333.0,506.591,,,0.5222,0.4778,,False,on_map_at_end
1216,pkw,1105.0,,695.0,,1347.325,76.0,405.0,290.0,568.594,,,0.5827,0.4173,,False,on_map_at_end
1217,pkw,1105.0,,695.0,,969.539,74.0,496.0,199.0,575.715,,,0.7137,0.2863,,False,on_map_at_end
1220,pkw,1107.0,,693.0,,1689.994,48.0,333.0,360.0,531.468,,,0.4805,0.5195,,False,on_map_at_end
1224,pkw,1116.0,,684.0,,2739.433,63.0,302.0,382.0,428.771,,,0.4415,0.5585,,False,on_map_at_end
1225,pkw,1109.0,,691.0,,1519.457,71.0,341.0,350.0,505.431,,,0.4935,0.5065,,False,on_map_at_end
1229,pkw,1114.0,,686.0,,1278.556,48.0,394.0,292.0,558.088,,,0.5743,0.4257,,False,on_map_at_end
1235,pkw,1112.0,,688.0,,2702.35,87.0,345.0,343.0,439.54,,,0.5015,0.4985,,False,on_map_at_end
1240,pkw,1115.0,,685.0,,1411.103,47.0,360.0,325.0,549.291,,,0.5255,0.4745,,False,on_map_at_end
1243,pkw,1117.0,,683.0,,1620.161,74.0,412.0,271.0,536.122,,,0.6032,0.3968,,False,on_map_at_end
1246,pkw,1120.0,,680.0,,554.122,70.0,546.0,134.0,621.826,,,0.8029,0.1971,,False,on_map_at_end
1248,pkw,1121.0,,679.0,,1731.074,65.0,314.0,365.0,520.498,,,0.4624,0.5376,,False,on_map_at_end
1250,pkw,1122.0,,678.0,,1654.349,90.0,466.0,212.0,528.058,,,0.6873,0.3127,,False,on_map_at_end
1252,pkw,1123.0,,677.0,,2073.888,64.0,381.0,296.0,488.895,,,0.5628,0.4372,,False,on_map_at_end
1254,pkw,1123.0,,677.0,,1271.05,40.0,381.0,296.0,553.712,,,0.5628,0.4372,,False,on_map_at_end
1255,pkw,1124.0,,676.0,,1607.259,74.0,402.0,274.0,530.517,,,0.5947,0.4053,,False,on_map_at_end
1259,pkw,1125.0,,675.0,,1663.972,78.0,405.0,270.0,512.695,,,0.6,0.4,,False,on_map_at_end
1269,pkw,1131.0,,669.0,,2080.803,62.0,333.0,336.0,478.633,,,0.4978,0.5022,,False,on_map_at_end
1270,pkw,1132.0,,668.0,,1456.729,47.0,378.0,290.0,528.76,,,0.5659,0.4341,,False,on_map_at_end
1272,pkw,1134.0,,666.0,,2006.672,86.0,373.0,293.0,479.955,,,0.5601,0.4399,,False,on_map_at_end
1274,pkw,1133.0,,667.0,,566.765,70.0,535.0,132.0,612.924,,,0.8021,0.1979,,False,on_map_at_end
1275,pkw,1134.0,,666.0,,1255.516,39.0,374.0,292.0,543.742,,,0.5616,0.4384,,False,on_map_at_end
1278,pkw,1137.0,,663.0,,968.158,58.0,404.0,259.0,563.825,,,0.6094,0.3906,,False,on_map_at_end
1280,pkw,1139.0,,661.0,,960.646,53.0,385.0,276.0,560.522,,,0.5825,0.4175,,False,on_map_at_end
1283,pkw,1140.0,,660.0,,1866.198,33.0,340.0,320.0,489.804,,,0.5152,0.4848,,False,on_map_at_end
1293,pkw,1145.0,,655.0,,1913.828,89.0,416.0,239.0,480.707,,,0.6351,0.3649,,False,on_map_at_end
1295,pkw,1146.0,,654.0,,962.597,73.0,493.0,161.0,563.199,,,0.7538,0.2462,,False,on_map_at_end
1299,pkw,1147.0,,653.0,,533.839,61.0,415.0,238.0,601.127,,,0.6355,0.3645,,False,on_map_at_end
1301,pkw,1149.0,,651.0,,1592.257,71.0,381.0,270.0,506.795,,,0.5853,0.4147,,False,on_map_at_end
1302,pkw,1149.0,,651.0,,1648.97,75.0,379.0,272.0,489.089,,,0.5822,0.4178,,False,on_map_at_end
1305,pkw,1150.0,,650.0,,1783.572,71.0,388.0,262.0,488.659,,,0.5969,0.4031,,False,on_map_at_end
1306,pkw,1151.0,,649.0,,1777.093,62.0,373.0,276.0,488.078,,,0.5747,0.4253,,False,on_map_at_end
1308,pkw,1151.0,,649.0,,1225.252,60.0,400.0,249.0,532.046,,,0.6163,0.3837,,False,on_map_at_end
1309,pkw,1151.0,,649.0,,1419.764,70.0,392.0,257.0,513.716,,,0.604,0.396,,False,on_map_at_end
1310,pkw,1152.0,,648.0,,1633.967,56.0,378.0,270.0,492.556,,,0.5833,0.4167,,False,on_map_at_end
1313,pkw,1155.0,,645.0,,2033.157,11.0,310.0,335.0,454.188,,,0.4806,0.5194,,False,on_map_at_end
1315,pkw,1156.0,,644.0,,664.241,87.0,425.0,219.0,584.142,,,0.6599,0.3401,,False,on_map_at_end
1317,pkw,1156.0,,644.0,,2137.385,75.0,348.0,296.0,449.324,,,0.5404,0.4596,,False,on_map_at_end
1324,pkw,1161.0,,639.0,,1460.779,81.0,318.0,321.0,466.44,,,0.4977,0.5023,,False,on_map_at_end
1335,pkw,1166.0,,634.0,,2380.704,71.0,278.0,356.0,408.696,,,0.4385,0.5615,,False,on_map_at_end
1338,pkw,1167.0,,633.0,,1227.873,74.0,405.0,228.0,521.732,,,0.6398,0.3602,,False,on_map_at_end
1342,pkw,1173.0,,627.0,,953.314,73.0,464.0,163.0,534.786,,,0.74,0.26,,False,on_map_at_end
1343,pkw,1173.0,,627.0,,1504.174,55.0,291.0,336.0,474.46,,,0.4641,0.5359,,False,on_map_at_end
1346,pkw,1177.0,,623.0,,943.263,75.0,392.0,231.0,477.989,,,0.6292,0.3708,,False,on_map_at_end
1347,pkw,1177.0,,623.0,,1818.651,47.0,293.0,330.0,442.408,,,0.4703,0.5297,,False,on_map_at_end
1348,pkw,1177.0,,623.0,,1568.868,71.0,341.0,282.0,471.323,,,0.5474,0.4526,,False,on_map_at_end
1351,pkw,1180.0,,620.0,,2561.682,23.0,236.0,384.0,386.723,,,0.3806,0.6194,,False,on_map_at_end
1352,pkw,1181.0,,619.0,,2466.08,94.0,347.0,272.0,396.399,,,0.5606,0.4394,,False,on_map_at_end
1356,pkw,1183.0,,617.0,,2501.328,93.0,325.0,292.0,390.711,,,0.5267,0.4733,,False,on_map_at_end
1357,pkw,1184.0,,616.0,,2366.855,29.0,244.0,372.0,390.722,,,0.3961,0.6039,,False,on_map_at_end
1366,pkw,1190.0,,610.0,,1995.029,25.0,310.0,300.0,425.291,,,0.5082,0.4918,,False,on_map_at_end
1375,pkw,1194.0,,606.0,,485.806,67.0,368.0,238.0,556.332,,,0.6073,0.3927,,False,on_map_at_end
1376,pkw,1195.0,,605.0,,1438.276,74.0,261.0,344.0,406.864,,,0.4314,0.5686,,False,on_map_at_end
1383,pkw,1201.0,,599.0,,961.517,73.0,365.0,234.0,512.463,,,0.6093,0.3907,,False,on_map_at_end
1384,pkw,1201.0,,599.0,,1187.744,61.0,367.0,232.0,483.703,,,0.6127,0.3873,,False,on_map_at_end
1389,pkw,1204.0,,596.0,,733.786,71.0,337.0,259.0,518.515,,,0.5654,0.4346,,False,on_map_at_end
1391,pkw,1205.0,,595.0,,1131.888,78.0,350.0,245.0,473.341,,,0.5882,0.4118,,False,on_map_at_end
1398,pkw,1212.0,,588.0,,1333.314,62.0,364.0,224.0,466.209,,,0.619,0.381,,False,on_map_at_end
1404,pkw,1214.0,,586.0,,1799.838,30.0,281.0,305.0,409.899,,,0.4795,0.5205,,False,on_map_at_end
1405,pkw,1214.0,,586.0,,1588.94,21.0,334.0,252.0,435.65,,,0.57,0.43,,False,on_map_at_end
1406,pkw,1215.0,,585.0,,1430.775,75.0,263.0,322.0,414.02,,,0.4496,0.5504,,False,on_map_at_end
1408,pkw,1215.0,,585.0,,2428.878,73.0,245.0,340.0,365.347,,,0.4188,0.5812,,False,on_map_at_end
1409,pkw,1217.0,,583.0,,1487.315,68.0,318.0,265.0,442.253,,,0.5455,0.4545,,False,on_map_at_end
1411,pkw,1218.0,,582.0,,1581.4,17.0,319.0,263.0,432.46,,,0.5481,0.4519,,False,on_map_at_end
1417,pkw,1221.0,,579.0,,1098.58,46.0,339.0,240.0,476.353,,,0.5855,0.4145,,False,on_map_at_end
1420,pkw,1221.0,,579.0,,1744.828,71.0,332.0,247.0,418.289,,,0.5734,0.4266,,False,on_map_at_end
1421,pkw,1222.0,,578.0,,441.26,66.0,362.0,216.0,534.222,,,0.6263,0.3737,,False,on_map_at_end
1423,pkw,1224.0,,576.0,,686.089,75.0,339.0,237.0,500.415,,,0.5885,0.4115,,False,on_map_at_end
1427,pkw,1227.0,,573.0,,1462.669,96.0,368.0,205.0,428.941,,,0.6422,0.3578,,False,on_map_at_end
1430,pkw,1230.0,,570.0,,2251.454,69.0,284.0,286.0,366.947,,,0.4982,0.5018,,False,on_map_at_end
1431,pkw,1232.0,,568.0,,1010.474,73.0,330.0,238.0,475.238,,,0.581,0.419,,False,on_map_at_end
1432,pkw,1232.0,,568.0,,1610.153,23.0,310.0,258.0,421.972,,,0.5458,0.4542,,False,on_map_at_end
1436,pkw,1233.0,,567.0,,1423.274,73.0,268.0,299.0,416.663,,,0.4727,0.5273,,False,on_map_at_end
1438,pkw,1234.0,,566.0,,1077.967,46.0,334.0,232.0,456.91,,,0.5901,0.4099,,False,on_map_at_end
1439,pkw,1235.0,,565.0,,2243.952,77.0,285.0,280.0,362.566,,,0.5044,0.4956,,False,on_map_at_end
1441,pkw,1236.0,,564.0,,1448.117,94.0,350.0,214.0,433.273,,,0.6206,0.3794,,False,on_map_at_end
1442,pkw,1238.0,,562.0,,417.355,64.0,346.0,216.0,522.104,,,0.6157,0.3843,,False,on_map_at_end
1444,pkw,1239.0,,561.0,,663.586,71.0,330.0,231.0,490.747,,,0.5882,0.4118,,False,on_map_at_end
1445,pkw,1239.0,,561.0,,1181.699,73.0,337.0,224.0,452.986,,,0.6007,0.3993,,False,on_map_at_end
1446,pkw,1239.0,,561.0,,1713.98,60.0,334.0,227.0,405.199,,,0.5954,0.4046,,False,on_map_at_end
1447,pkw,1240.0,,560.0,,1677.733,59.0,326.0,234.0,406.674,,,0.5821,0.4179,,False,on_map_at_end
1451,pkw,1243.0,,557.0,,1076.528,75.0,333.0,224.0,459.296,,,0.5978,0.4022,,False,on_map_at_end
1454,pkw,1249.0,,551.0,,995.908,82.0,341.0,210.0,460.444,,,0.6189,0.3811,,False,on_map_at_end
1458,pkw,1251.0,,549.0,,1400.717,70.0,250.0,299.0,368.979,,,0.4554,0.5446,,False,on_map_at_end
1460,pkw,1255.0,,545.0,,633.582,74.0,321.0,224.0,478.603,,,0.589,0.411,,False,on_map_at_end
1461,pkw,1256.0,,544.0,,1778.658,75.0,238.0,306.0,383.464,,,0.4375,0.5625,,False,on_map_at_end
1467,pkw,1264.0,,536.0,,1623.024,87.0,343.0,193.0,389.223,,,0.6399,0.3601,,False,on_map_at_end
1468,pkw,1325.0,,475.0,,1273.426,58.0,283.0,192.0,358.124,,,0.5958,0.4042,,False,on_map_at_end
1472,pkw,1267.0,,533.0,,1138.893,60.0,305.0,228.0,430.357,,,0.5722,0.4278,,False,on_map_at_end
1479,pkw,1275.0,,525.0,,1571.907,44.0,223.0,302.0,370.752,,,0.4248,0.5752,,False,on_map_at_end
1481,pkw,1280.0,,520.0,,1951.925,87.0,271.0,249.0,343.173,,,0.5212,0.4788,,False,on_map_at_end
1482,pkw,1282.0,,518.0,,2195.485,49.0,215.0,303.0,319.244,,,0.4151,0.5849,,False,on_map_at_end
1486,pkw,1285.0,,515.0,,860.507,79.0,322.0,193.0,436.954,,,0.6252,0.3748,,False,on_map_at_end
1487,pkw,1284.0,,516.0,,1424.169,71.0,260.0,256.0,385.769,,,0.5039,0.4961,,False,on_map_at_end
1488,pkw,1285.0,,515.0,,561.155,68.0,338.0,177.0,464.496,,,0.6563,0.3437,,False,on_map_at_end
1490,pkw,1287.0,,513.0,,1060.961,77.0,272.0,241.0,408.458,,,0.5302,0.4698,,False,on_map_at_end
1494,pkw,1291.0,,509.0,,1140.059,51.0,318.0,191.0,393.732,,,0.6248,0.3752,,False,on_map_at_end
1495,pkw,1291.0,,509.0,,2529.892,79.0,192.0,317.0,280.994,,,0.3772,0.6228,,False,on_map_at_end
1496,pkw,1291.0,,509.0,,1119.339,66.0,303.0,206.0,406.59,,,0.5953,0.4047,,False,on_map_at_end
1497,pkw,1291.0,,509.0,,1659.779,78.0,243.0,266.0,344.274,,,0.4774,0.5226,,False,on_map_at_end
1498,pkw,1292.0,,508.0,,1471.647,70.0,305.0,203.0,374.653,,,0.6004,0.3996,,False,on_map_at_end
1499,pkw,1293.0,,507.0,,920.099,77.0,297.0,210.0,368.875,,,0.5858,0.4142,,False,on_map_at_end
1505,pkw,1300.0,,500.0,,1556.384,38.0,202.0,298.0,341.08,,,0.404,0.596,,False,on_map_at_end
1509,pkw,1306.0,,494.0,,553.654,66.0,320.0,174.0,444.142,,,0.6478,0.3522,,False,on_map_at_end
1510,pkw,1306.0,,494.0,,2235.1,25.0,162.0,332.0,292.076,,,0.3279,0.6721,,False,on_map_at_end
1511,pkw,1307.0,,493.0,,2235.648,61.0,188.0,305.0,290.728,,,0.3813,0.6187,,False,on_map_at_end
1512,pkw,1308.0,,492.0,,1494.279,28.0,276.0,216.0,347.791,,,0.561,0.439,,False,on_map_at_end
1514,pkw,1309.0,,491.0,,1224.386,92.0,303.0,188.0,372.207,,,0.6171,0.3829,,False,on_map_at_end
1521,pkw,1317.0,,483.0,,625.493,65.0,292.0,191.0,425.663,,,0.6046,0.3954,,False,on_map_at_end
1525,pkw,1365.0,,435.0,,1078.846,67.0,274.0,161.0,336.455,,,0.6299,0.3701,,False,on_map_at_end
1526,pkw,1320.0,,480.0,,1440.415,92.0,269.0,211.0,342.835,,,0.5604,0.4396,,False,on_map_at_end
1527,pkw,1321.0,,479.0,,1117.55,55.0,294.0,185.0,368.214,,,0.6138,0.3862,,False,on_map_at_end
1531,pkw,1323.0,,477.0,,1285.904,48.0,205.0,272.0,340.738,,,0.4298,0.5702,,False,on_map_at_end
1533,pkw,1335.0,,465.0,,487.062,78.0,348.0,117.0,414.105,,,0.7484,0.2516,,False,on_map_at_end
1534,pkw,1327.0,,473.0,,2463.827,58.0,148.0,325.0,248.356,,,0.3129,0.6871,,False,on_map_at_end
1537,pkw,1329.0,,471.0,,1110.039,53.0,290.0,181.0,364.781,,,0.6157,0.3843,,False,on_map_at_end
1540,pkw,1330.0,,470.0,,499.769,78.0,351.0,119.0,423.435,,,0.7468,0.2532,,False,on_map_at_end
1544,pkw,1334.0,,466.0,,1575.552,76.0,185.0,281.0,313.137,,,0.397,0.603,,False,on_map_at_end
1547,pkw,1335.0,,465.0,,604.908,80.0,276.0,189.0,402.671,,,0.5935,0.4065,,False,on_map_at_end
1548,pkw,1336.0,,464.0,,1769.299,40.0,165.0,299.0,296.087,,,0.3556,0.6444,,False,on_map_at_end
1550,pkw,1337.0,,463.0,,1473.668,100.0,237.0,226.0,311.39,,,0.5119,0.4881,,False,on_map_at_end
1551,pkw,1338.0,,462.0,,1420.28,81.0,223.0,239.0,330.602,,,0.4827,0.5173,,False,on_map_at_end
1553,pkw,1340.0,,460.0,,2248.131,89.0,209.0,251.0,254.969,,,0.4543,0.5457,,False,on_map_at_end
1554,pkw,1342.0,,458.0,,2311.326,55.0,149.0,309.0,248.356,,,0.3253,0.6747,,False,on_map_at_end
1556,pkw,1343.0,,457.0,,2088.444,69.0,177.0,280.0,263.715,,,0.3873,0.6127,,False,on_map_at_end
1557,pkw,1344.0,,456.0,,988.076,51.0,263.0,193.0,367.072,,,0.5768,0.4232,,False,on_map_at_end
1558,pkw,1344.0,,456.0,,1102.304,56.0,292.0,164.0,351.894,,,0.6404,0.3596,,False,on_map_at_end
1561,pkw,1347.0,,453.0,,1376.336,69.0,225.0,228.0,328.221,,,0.4967,0.5033,,False,on_map_at_end
1562,pkw,1347.0,,453.0,,912.577,76.0,268.0,185.0,326.482,,,0.5916,0.4084,,False,on_map_at_end
1567,pkw,1349.0,,451.0,,849.218,95.0,324.0,127.0,360.003,,,0.7184,0.2816,,False,on_map_at_end
1568,pkw,1350.0,,450.0,,597.407,77.0,252.0,198.0,384.648,,,0.56,0.44,,False,on_map_at_end
1569,pkw,1352.0,,448.0,,1234.293,37.0,200.0,248.0,335.757,,,0.4464,0.5536,,False,on_map_at_end
1574,pkw,1353.0,,447.0,,1664.466,100.0,217.0,230.0,296.487,,,0.4855,0.5145,,False,on_map_at_end
1576,pkw,1354.0,,446.0,,234.804,71.0,312.0,134.0,420.815,,,0.6996,0.3004,,False,on_map_at_end
1577,pkw,1355.0,,445.0,,219.723,68.0,321.0,124.0,418.472,,,0.7213,0.2787,,False,on_map_at_end
1578,pkw,1355.0,,445.0,,799.599,80.0,304.0,141.0,369.465,,,0.6831,0.3169,,False,on_map_at_end
1580,pkw,1362.0,,438.0,,2099.879,100.0,218.0,220.0,248.73,,,0.4977,0.5023,,False,on_map_at_end
1583,pkw,1365.0,,435.0,,1007.733,61.0,241.0,194.0,338.133,,,0.554,0.446,,False,on_map_at_end
1584,pkw,1366.0,,434.0,,2292.888,92.0,126.0,308.0,194.702,,,0.2903,0.7097,,False,on_map_at_end
1586,pkw,1367.0,,433.0,,792.098,78.0,290.0,143.0,353.078,,,0.6697,0.3303,,False,on_map_at_end
1589,pkw,1369.0,,431.0,,1414.988,51.0,178.0,253.0,298.715,,,0.413,0.587,,False,on_map_at_end
1590,pkw,1371.0,,429.0,,1426.607,70.0,224.0,205.0,300.205,,,0.5221,0.4779,,False,on_map_at_end
1591,pkw,1371.0,,429.0,,805.652,72.0,263.0,166.0,356.459,,,0.6131,0.3869,,False,on_map_at_end
1592,pkw,1371.0,,429.0,,2552.409,75.0,137.0,292.0,197.348,,,0.3193,0.6807,,False,on_map_at_end
1593,pkw,1372.0,,428.0,,1901.748,69.0,188.0,240.0,254.706,,,0.4393,0.5607,,False,on_map_at_end
1595,pkw,1373.0,,427.0,,2095.504,100.0,183.0,244.0,234.014,,,0.4286,0.5714,,False,on_map_at_end
1597,pkw,1375.0,,425.0,,446.159,93.0,347.0,78.0,384.845,,,0.8165,0.1835,,False,on_map_at_end
1599,pkw,1376.0,,424.0,,1675.375,62.0,142.0,282.0,255.833,,,0.3349,0.6651,,False,on_map_at_end
1600,pkw,1380.0,,420.0,,1892.735,68.0,176.0,244.0,248.533,,,0.419,0.581,,False,on_map_at_end
1601,pkw,1381.0,,419.0,,1026.844,75.0,261.0,158.0,326.171,,,0.6229,0.3771,,False,on_map_at_end
1602,pkw,1381.0,,419.0,,1397.229,73.0,184.0,235.0,284.509,,,0.4391,0.5609,,False,on_map_at_end
1603,pkw,1381.0,,419.0,,907.839,67.0,241.0,178.0,337.052,,,0.5752,0.4248,,False,on_map_at_end
1605,pkw,1382.0,,418.0,,1466.167,100.0,206.0,212.0,275.156,,,0.4928,0.5072,,False,on_map_at_end
1606,pkw,1383.0,,417.0,,2156.566,49.0,102.0,315.0,220.251,,,0.2446,0.7554,,False,on_map_at_end
1607,pkw,1384.0,,416.0,,1307.56,43.0,159.0,257.0,284.014,,,0.3822,0.6178,,False,on_map_at_end
1609,pkw,1387.0,,413.0,,1283.588,88.0,210.0,203.0,265.27,,,0.5085,0.4915,,False,on_map_at_end
1610,pkw,1388.0,,412.0,,837.342,95.0,239.0,173.0,336.483,,,0.5801,0.4199,,False,on_map_at_end
1612,pkw,1391.0,,409.0,,1582.58,79.0,189.0,220.0,266.025,,,0.4621,0.5379,,False,on_map_at_end
1618,pkw,1445.0,,355.0,,1033.761,67.0,190.0,165.0,260.993,,,0.5352,0.4648,,False,on_map_at_end
1619,pkw,1395.0,,405.0,,536.948,68.0,246.0,159.0,348.492,,,0.6074,0.3926,,False,on_map_at_end
1620,pkw,1396.0,,404.0,,930.855,73.0,204.0,200.0,314.928,,,0.505,0.495,,False,on_map_at_end
1621,pkw,1398.0,,402.0,,964.779,72.0,222.0,180.0,301.155,,,0.5522,0.4478,,False,on_map_at_end
1623,pkw,1398.0,,402.0,,528.468,70.0,243.0,159.0,346.555,,,0.6045,0.3955,,False,on_map_at_end
1624,pkw,1398.0,,402.0,,159.878,70.0,335.0,67.0,383.596,,,0.8333,0.1667,,False,on_map_at_end
1627,pkw,1402.0,,398.0,,897.575,82.0,243.0,155.0,286.439,,,0.6106,0.3894,,False,on_map_at_end
1628,pkw,1403.0,,397.0,,1045.725,71.0,208.0,189.0,281.207,,,0.5239,0.4761,,False,on_map_at_end
1629,pkw,1404.0,,396.0,,1847.789,7.0,138.0,258.0,228.498,,,0.3485,0.6515,,False,on_map_at_end
1633,pkw,1408.0,,392.0,,1382.167,66.0,152.0,240.0,267.303,,,0.3878,0.6122,,False,on_map_at_end
1635,pkw,1409.0,,391.0,,1837.029,79.0,157.0,234.0,225.237,,,0.4015,0.5985,,False,on_map_at_end
1641,pkw,1412.0,,388.0,,773.979,76.0,245.0,143.0,312.763,,,0.6314,0.3686,,False,on_map_at_end
1642,pkw,1412.0,,388.0,,2257.389,45.0,100.0,288.0,181.666,,,0.2577,0.7423,,False,on_map_at_end
1645,pkw,1415.0,,385.0,,123.079,100.0,356.0,29.0,372.689,,,0.9247,0.0753,,False,on_map_at_end
1648,pkw,1417.0,,383.0,,891.106,75.0,230.0,153.0,301.896,,,0.6005,0.3995,,False,on_map_at_end
1649,pkw,1418.0,,382.0,,1034.788,67.0,223.0,159.0,286.438,,,0.5838,0.4162,,False,on_map_at_end
1650,pkw,1422.0,,378.0,,1891.5,80.0,133.0,245.0,206.891,,,0.3519,0.6481,,False,on_map_at_end
1651,pkw,1422.0,,378.0,,1112.239,72.0,209.0,169.0,277.175,,,0.5529,0.4471,,False,on_map_at_end
1652,pkw,1423.0,,377.0,,901.147,73.0,215.0,162.0,294.064,,,0.5703,0.4297,,False,on_map_at_end
1655,pkw,1424.0,,376.0,,1879.167,10.0,111.0,265.0,202.699,,,0.2952,0.7048,,False,on_map_at_end
1657,pkw,1426.0,,374.0,,2195.54,58.0,111.0,263.0,175.604,,,0.2968,0.7032,,False,on_map_at_end
1658,pkw,1426.0,,374.0,,902.703,46.0,145.0,229.0,292.076,,,0.3877,0.6123,,False,on_map_at_end
1659,pkw,1427.0,,373.0,,115.578,100.0,341.0,32.0,361.241,,,0.9142,0.0858,,False,on_map_at_end
1661,pkw,1430.0,,370.0,,108.077,100.0,336.0,34.0,354.607,,,0.9081,0.0919,,False,on_map_at_end
1662,pkw,1430.0,,370.0,,906.926,75.0,245.0,125.0,285.084,,,0.6622,0.3378,,False,on_map_at_end
1664,pkw,1431.0,,369.0,,1268.586,85.0,173.0,196.0,217.707,,,0.4688,0.5312,,False,on_map_at_end
1665,pkw,1431.0,,369.0,,2531.45,53.0,79.0,290.0,140.639,,,0.2141,0.7859,,False,on_map_at_end
1666,pkw,1432.0,,368.0,,2522.803,43.0,66.0,302.0,122.55,,,0.1793,0.8207,,False,on_map_at_end
1667,pkw,1434.0,,366.0,,766.478,74.0,238.0,128.0,291.793,,,0.6503,0.3497,,False,on_map_at_end
1669,pkw,1434.0,,366.0,,943.367,81.0,221.0,145.0,280.184,,,0.6038,0.3962,,False,on_map_at_end
1670,pkw,1436.0,,364.0,,864.918,88.0,200.0,164.0,239.898,,,0.5495,0.4505,,False,on_map_at_end
1671,pkw,1437.0,,363.0,,758.977,71.0,234.0,129.0,288.669,,,0.6446,0.3554,,False,on_map_at_end
1672,pkw,1439.0,,361.0,,1284.487,87.0,189.0,172.0,244.228,,,0.5235,0.4765,,False,on_map_at_end
1673,pkw,1439.0,,361.0,,751.476,69.0,234.0,127.0,287.489,,,0.6482,0.3518,,False,on_map_at_end
1675,pkw,1440.0,,360.0,,784.878,72.0,162.0,198.0,285.952,,,0.45,0.55,,False,on_map_at_end
1676,pkw,1440.0,,360.0,,1309.069,64.0,147.0,213.0,238.75,,,0.4083,0.5917,,False,on_map_at_end
1680,pkw,1443.0,,357.0,,1507.007,69.0,131.0,226.0,207.177,,,0.3669,0.6331,,False,on_map_at_end
1682,pkw,1444.0,,356.0,,509.96,71.0,211.0,145.0,297.589,,,0.5927,0.4073,,False,on_map_at_end
1684,pkw,1445.0,,355.0,,1448.154,45.0,114.0,241.0,220.362,,,0.3211,0.6789,,False,on_map_at_end
1685,pkw,1445.0,,355.0,,1882.204,88.0,149.0,206.0,184.293,,,0.4197,0.5803,,False,on_map_at_end
1686,pkw,1448.0,,352.0,,2555.196,54.0,75.0,277.0,119.856,,,0.2131,0.7869,,False,on_map_at_end
1688,pkw,1446.0,,354.0,,874.269,91.0,243.0,111.0,272.087,,,0.6864,0.3136,,False,on_map_at_end
1689,pkw,1447.0,,353.0,,1543.377,66.0,112.0,241.0,195.279,,,0.3173,0.6827,,False,on_map_at_end
1691,pkw,1564.0,,236.0,,886.554,78.0,108.0,128.0,155.534,,,0.4576,0.5424,,False,on_map_at_end
1692,pkw,1452.0,,348.0,,1396.935,95.0,181.0,167.0,217.603,,,0.5201,0.4799,,False,on_map_at_end
1694,pkw,1451.0,,349.0,,100.576,100.0,319.0,30.0,337.322,,,0.914,0.086,,False,on_map_at_end
1695,pkw,1452.0,,348.0,,736.474,72.0,226.0,122.0,274.867,,,0.6494,0.3506,,False,on_map_at_end
1697,pkw,1455.0,,345.0,,423.656,89.0,266.0,79.0,306.871,,,0.771,0.229,,False,on_map_at_end
1698,pkw,1456.0,,344.0,,1791.91,78.0,123.0,221.0,181.952,,,0.3576,0.6424,,False,on_map_at_end
1699,pkw,1456.0,,344.0,,1353.917,52.0,121.0,223.0,217.44,,,0.3517,0.6483,,False,on_map_at_end
1701,pkw,1456.0,,344.0,,883.599,82.0,212.0,132.0,263.829,,,0.6163,0.3837,,False,on_map_at_end
1703,pkw,1459.0,,341.0,,1651.258,70.0,102.0,239.0,176.62,,,0.2991,0.7009,,False,on_map_at_end
1704,pkw,1460.0,,340.0,,989.882,68.0,206.0,134.0,248.285,,,0.6059,0.3941,,False,on_map_at_end
1705,pkw,1461.0,,339.0,,1616.603,41.0,97.0,242.0,193.249,,,0.2861,0.7139,,False,on_map_at_end
1706,pkw,1461.0,,339.0,,93.075,99.0,306.0,33.0,327.136,,,0.9027,0.0973,,False,on_map_at_end
1710,pkw,1465.0,,335.0,,2012.858,86.0,119.0,216.0,153.312,,,0.3552,0.6448,,False,on_map_at_end
1712,pkw,1466.0,,334.0,,1253.584,83.0,136.0,198.0,179.431,,,0.4072,0.5928,,False,on_map_at_end
1713,pkw,1467.0,,333.0,,2069.478,70.0,89.0,244.0,146.528,,,0.2673,0.7327,,False,on_map_at_end
1717,pkw,1473.0,,327.0,,1624.488,22.0,99.0,228.0,179.347,,,0.3028,0.6972,,False,on_map_at_end
1718,pkw,1473.0,,327.0,,1585.698,25.0,98.0,229.0,184.113,,,0.2997,0.7003,,False,on_map_at_end
1720,pkw,1477.0,,323.0,,2449.487,14.0,45.0,278.0,101.318,,,0.1393,0.8607,,False,on_map_at_end
1721,pkw,1477.0,,323.0,,1183.649,39.0,110.0,213.0,203.58,,,0.3406,0.6594,,False,on_map_at_end
1723,pkw,1481.0,,319.0,,728.973,69.0,198.0,121.0,248.488,,,0.6207,0.3793,,False,on_map_at_end
1726,pkw,1486.0,,314.0,,2239.143,51.0,71.0,243.0,111.137,,,0.2261,0.7739,,False,on_map_at_end
1727,pkw,1487.0,,313.0,,1593.199,29.0,96.0,217.0,169.508,,,0.3067,0.6933,,False,on_map_at_end
1728,pkw,1487.0,,313.0,,1260.355,58.0,131.0,182.0,197.171,,,0.4185,0.5815,,False,on_map_at_end
1729,pkw,1490.0,,310.0,,706.47,73.0,195.0,115.0,237.721,,,0.629,0.371,,False,on_map_at_end
1731,pkw,1490.0,,310.0,,85.574,97.0,278.0,32.0,299.676,,,0.8968,0.1032,,False,on_map_at_end
1732,pkw,1491.0,,309.0,,668.169,78.0,201.0,108.0,244.413,,,0.6505,0.3495,,False,on_map_at_end
1733,pkw,1491.0,,309.0,,751.939,87.0,201.0,108.0,242.191,,,0.6505,0.3495,,False,on_map_at_end
1734,pkw,1491.0,,309.0,,688.608,82.0,203.0,106.0,246.981,,,0.657,0.343,,False,on_map_at_end
1736,pkw,1494.0,,306.0,,442.719,90.0,218.0,88.0,257.795,,,0.7124,0.2876,,False,on_map_at_end
1737,pkw,1495.0,,305.0,,2105.9,64.0,66.0,239.0,115.247,,,0.2164,0.7836,,False,on_map_at_end
1738,pkw,1497.0,,303.0,,708.126,78.0,158.0,145.0,237.107,,,0.5215,0.4785,,False,on_map_at_end
1740,pkw,1501.0,,299.0,,700.893,53.0,189.0,110.0,235.919,,,0.6321,0.3679,,False,on_map_at_end
1743,pkw,1502.0,,298.0,,1187.404,40.0,121.0,177.0,189.959,,,0.406,0.594,,False,on_map_at_end
1744,pkw,1503.0,,297.0,,1269.485,85.0,142.0,155.0,181.692,,,0.4781,0.5219,,False,on_map_at_end
1746,pkw,1505.0,,295.0,,1744.237,19.0,68.0,227.0,130.139,,,0.2305,0.7695,,False,on_map_at_end
1748,pkw,1509.0,,291.0,,534.244,76.0,203.0,88.0,242.918,,,0.6976,0.3024,,False,on_map_at_end
1749,pkw,1509.0,,291.0,,1564.07,38.0,51.0,240.0,102.671,,,0.1753,0.8247,,False,on_map_at_end
1750,pkw,1512.0,,288.0,,1361.316,42.0,83.0,205.0,163.743,,,0.2882,0.7118,,False,on_map_at_end
1752,pkw,1515.0,,285.0,,2433.241,2.0,31.0,254.0,65.639,,,0.1088,0.8912,,False,on_map_at_end
1754,pkw,1518.0,,282.0,,1271.176,59.0,86.0,196.0,166.004,,,0.305,0.695,,False,on_map_at_end
1755,pkw,1518.0,,282.0,,1830.048,73.0,72.0,210.0,116.827,,,0.2553,0.7447,,False,on_map_at_end
1756,pkw,1519.0,,281.0,,1217.377,78.0,86.0,195.0,122.103,,,0.306,0.694,,False,on_map_at_end
1758,pkw,1520.0,,280.0,,2250.562,23.0,37.0,243.0,75.615,,,0.1321,0.8679,,False,on_map_at_end
1759,pkw,1520.0,,280.0,,1591.674,53.0,80.0,200.0,124.284,,,0.2857,0.7143,,False,on_map_at_end
1760,pkw,1521.0,,279.0,,480.493,76.0,184.0,95.0,229.589,,,0.6595,0.3405,,False,on_map_at_end
1761,pkw,1522.0,,278.0,,1739.065,46.0,80.0,198.0,120.891,,,0.2878,0.7122,,False,on_map_at_end
1762,pkw,1524.0,,276.0,,660.668,77.0,176.0,100.0,214.526,,,0.6377,0.3623,,False,on_map_at_end
1763,pkw,1527.0,,273.0,,653.167,73.0,166.0,107.0,211.451,,,0.6081,0.3919,,False,on_map_at_end
1764,pkw,1530.0,,270.0,,1254.483,84.0,118.0,152.0,156.481,,,0.437,0.563,,False,on_map_at_end
1765,pkw,1532.0,,268.0,,2498.498,3.0,12.0,256.0,42.699,,,0.0448,0.9552,,False,on_map_at_end
1766,pkw,1533.0,,267.0,,1810.626,0.0,50.0,217.0,103.279,,,0.1873,0.8127,,False,on_map_at_end
1768,pkw,1534.0,,266.0,,472.992,78.0,177.0,89.0,219.056,,,0.6654,0.3346,,False,on_map_at_end
1769,pkw,1535.0,,265.0,,1240.779,87.0,117.0,148.0,152.932,,,0.4415,0.5585,,False,on_map_at_end
1770,pkw,1536.0,,264.0,,1209.876,77.0,84.0,180.0,118.173,,,0.3182,0.6818,,False,on_map_at_end
1771,pkw,1538.0,,262.0,,645.666,75.0,156.0,106.0,200.747,,,0.5954,0.4046,,False,on_map_at_end
1772,pkw,1538.0,,262.0,,2060.406,11.0,45.0,217.0,74.425,,,0.1718,0.8282,,False,on_map_at_end
1774,pkw,1539.0,,261.0,,1179.407,26.0,78.0,183.0,154.43,,,0.2989,0.7011,,False,on_map_at_end
1777,pkw,1543.0,,257.0,,862.031,43.0,99.0,158.0,178.807,,,0.3852,0.6148,,False,on_map_at_end
1778,pkw,1546.0,,254.0,,638.165,72.0,142.0,112.0,195.719,,,0.5591,0.4409,,False,on_map_at_end
1779,pkw,1549.0,,251.0,,851.766,86.0,149.0,102.0,170.104,,,0.5936,0.4064,,False,on_map_at_end
1780,pkw,1549.0,,251.0,,78.073,96.0,227.0,24.0,242.769,,,0.9044,0.0956,,False,on_map_at_end
1781,pkw,1551.0,,249.0,,829.905,54.0,109.0,140.0,173.558,,,0.4378,0.5622,,False,on_map_at_end
1782,pkw,1551.0,,249.0,,1678.396,16.0,62.0,187.0,97.311,,,0.249,0.751,,False,on_map_at_end
1783,pkw,1552.0,,248.0,,1404.162,1.0,55.0,193.0,98.317,,,0.2218,0.7782,,False,on_map_at_end
1784,pkw,1554.0,,246.0,,870.935,45.0,94.0,152.0,161.406,,,0.3821,0.6179,,False,on_map_at_end
1785,pkw,1555.0,,245.0,,630.664,73.0,147.0,98.0,185.811,,,0.6,0.4,,False,on_map_at_end
1786,pkw,1556.0,,244.0,,1548.127,32.0,63.0,181.0,104.507,,,0.2582,0.7418,,False,on_map_at_end
1787,pkw,1559.0,,241.0,,874.824,80.0,120.0,121.0,162.265,,,0.4979,0.5021,,False,on_map_at_end
1789,pkw,1564.0,,236.0,,429.457,87.0,173.0,63.0,194.894,,,0.7331,0.2669,,False,on_map_at_end
1790,pkw,1564.0,,236.0,,1894.226,0.0,34.0,202.0,63.261,,,0.1441,0.8559,,False,on_map_at_end
1791,pkw,1565.0,,235.0,,1448.632,24.0,36.0,199.0,74.264,,,0.1532,0.8468,,False,on_map_at_end
1792,pkw,1565.0,,235.0,,2097.64,5.0,11.0,224.0,41.911,,,0.0468,0.9532,,False,on_map_at_end
1793,pkw,1565.0,,235.0,,2012.813,0.0,0.0,235.0,19.688,,,0.0,1.0,,False,on_map_at_end
1796,pkw,1567.0,,233.0,,784.899,57.0,106.0,127.0,161.961,,,0.4549,0.5451,,False,on_map_at_end
1797,pkw,1570.0,,230.0,,889.777,35.0,72.0,158.0,141.496,,,0.313,0.687,,False,on_map_at_end
1799,pkw,1580.0,,220.0,,1853.009,32.0,31.0,189.0,51.685,,,0.1409,0.8591,,False,on_map_at_end
1800,pkw,1582.0,,218.0,,1233.535,34.0,57.0,161.0,97.11,,,0.2615,0.7385,,False,on_map_at_end
1803,pkw,1584.0,,216.0,,2234.57,0.0,0.0,216.0,14.887,,,0.0,1.0,,False,on_map_at_end
1804,pkw,1585.0,,215.0,,386.151,77.0,140.0,75.0,179.665,,,0.6512,0.3488,,False,on_map_at_end
1805,pkw,1587.0,,213.0,,70.572,94.0,193.0,20.0,205.543,,,0.9061,0.0939,,False,on_map_at_end
1806,pkw,1590.0,,210.0,,1483.901,32.0,43.0,167.0,73.921,,,0.2048,0.7952,,False,on_map_at_end
1807,pkw,1590.0,,210.0,,394.015,84.0,143.0,67.0,169.27,,,0.681,0.319,,False,on_map_at_end
1808,pkw,1591.0,,209.0,,1762.695,1.0,24.0,185.0,49.229,,,0.1148,0.8852,,False,on_map_at_end
1809,pkw,1591.0,,209.0,,1210.774,53.0,60.0,149.0,100.029,,,0.2871,0.7129,,False,on_map_at_end
1810,pkw,1592.0,,208.0,,1056.806,47.0,58.0,150.0,110.55,,,0.2788,0.7212,,False,on_map_at_end
1811,pkw,1593.0,,207.0,,1605.029,34.0,41.0,166.0,61.263,,,0.1981,0.8019,,False,on_map_at_end
1812,pkw,1596.0,,204.0,,1194.87,23.0,22.0,182.0,48.646,,,0.1078,0.8922,,False,on_map_at_end
1813,pkw,1597.0,,203.0,,386.514,83.0,133.0,70.0,161.705,,,0.6552,0.3448,,False,on_map_at_end
1814,pkw,1598.0,,202.0,,1686.941,1.0,8.0,194.0,31.704,,,0.0396,0.9604,,False,on_map_at_end
1815,pkw,1600.0,,200.0,,980.894,40.0,55.0,145.0,97.13,,,0.275,0.725,,False,on_map_at_end
1816,pkw,1600.0,,200.0,,1679.962,0.0,23.0,177.0,47.355,,,0.115,0.885,,False,on_map_at_end
1817,pkw,1601.0,,199.0,,1716.552,10.0,22.0,177.0,43.745,,,0.1106,0.8894,,False,on_map_at_end
1818,pkw,1601.0,,199.0,,563.663,50.0,104.0,95.0,148.27,,,0.5226,0.4774,,False,on_map_at_end
1820,pkw,1606.0,,194.0,,376.6,72.0,120.0,74.0,160.106,,,0.6186,0.3814,,False,on_map_at_end
1821,pkw,1606.0,,194.0,,840.111,77.0,81.0,113.0,118.389,,,0.4175,0.5825,,False,on_map_at_end
1822,pkw,1609.0,,191.0,,332.903,82.0,130.0,61.0,157.268,,,0.6806,0.3194,,False,on_map_at_end
1823,pkw,1608.0,,192.0,,1733.189,6.0,13.0,179.0,33.697,,,0.0677,0.9323,,False,on_map_at_end
1824,pkw,1610.0,,190.0,,1266.686,40.0,41.0,149.0,75.404,,,0.2158,0.7842,,False,on_map_at_end
1825,pkw,1611.0,,189.0,,607.539,76.0,103.0,86.0,131.839,,,0.545,0.455,,False,on_map_at_end
1826,pkw,1614.0,,186.0,,388.721,57.0,93.0,93.0,151.015,,,0.5,0.5,,False,on_map_at_end
1827,pkw,1614.0,,186.0,,1545.253,20.0,20.0,166.0,38.662,,,0.1075,0.8925,,False,on_map_at_end
1828,pkw,1616.0,,184.0,,1549.246,4.0,17.0,167.0,43.439,,,0.0924,0.9076,,False,on_map_at_end
1829,pkw,1617.0,,183.0,,1331.237,25.0,24.0,159.0,55.904,,,0.1311,0.8689,,False,on_map_at_end
1830,pkw,1617.0,,183.0,,1240.127,21.0,32.0,151.0,67.36,,,0.1749,0.8251,,False,on_map_at_end
1831,pkw,1618.0,,182.0,,845.255,35.0,57.0,125.0,96.101,,,0.3132,0.6868,,False,on_map_at_end
1832,pkw,1618.0,,182.0,,821.762,66.0,70.0,112.0,101.298,,,0.3846,0.6154,,False,on_map_at_end
1833,pkw,1619.0,,181.0,,1331.463,20.0,32.0,149.0,52.453,,,0.1768,0.8232,,False,on_map_at_end
1834,pkw,1645.0,,155.0,,832.096,53.0,52.0,103.0,79.237,,,0.3355,0.6645,,False,on_map_at_end
1835,pkw,1623.0,,177.0,,1085.834,26.0,56.0,121.0,79.111,,,0.3164,0.6836,,False,on_map_at_end
1836,pkw,1628.0,,172.0,,1198.596,19.0,49.0,123.0,63.033,,,0.2849,0.7151,,False,on_map_at_end
1837,pkw,1628.0,,172.0,,804.867,3.0,3.0,169.0,26.992,,,0.0174,0.9826,,False,on_map_at_end
1839,pkw,1629.0,,171.0,,1458.467,15.0,18.0,153.0,38.101,,,0.1053,0.8947,,False,on_map_at_end
1840,pkw,1630.0,,170.0,,1399.372,20.0,20.0,150.0,40.357,,,0.1176,0.8824,,False,on_map_at_end
1841,pkw,1634.0,,166.0,,376.508,84.0,97.0,69.0,121.624,,,0.5843,0.4157,,False,on_map_at_end
1842,pkw,1637.0,,163.0,,1406.891,15.0,17.0,146.0,35.354,,,0.1043,0.8957,,False,on_map_at_end
1843,pkw,1635.0,,165.0,,600.038,76.0,88.0,77.0,110.172,,,0.5333,0.4667,,False,on_map_at_end
1845,pkw,1636.0,,164.0,,1374.518,8.0,8.0,156.0,25.929,,,0.0488,0.9512,,False,on_map_at_end
1846,pkw,1637.0,,163.0,,1142.786,8.0,28.0,135.0,60.148,,,0.1718,0.8282,,False,on_map_at_end
1847,pkw,1638.0,,162.0,,1287.791,3.0,3.0,159.0,25.287,,,0.0185,0.9815,,False,on_map_at_end
1848,pkw,1638.0,,162.0,,940.627,3.0,3.0,159.0,41.45,,,0.0185,0.9815,,False,on_map_at_end
1849,pkw,1639.0,,161.0,,471.752,59.0,75.0,86.0,118.333,,,0.4658,0.5342,,False,on_map_at_end
1850,pkw,1640.0,,160.0,,1203.269,19.0,19.0,141.0,40.542,,,0.1187,0.8812,,False,on_map_at_end
1851,pkw,1643.0,,157.0,,1218.079,18.0,21.0,136.0,44.09,,,0.1338,0.8662,,False,on_map_at_end
1852,pkw,1644.0,,156.0,,466.735,92.0,100.0,56.0,113.993,,,0.641,0.359,,False,on_map_at_end
1853,pkw,1644.0,,156.0,,614.972,67.0,70.0,86.0,95.624,,,0.4487,0.5513,,False,on_map_at_end
1854,pkw,1645.0,,155.0,,63.071,93.0,136.0,19.0,147.441,,,0.8774,0.1226,,False,on_map_at_end
1855,pkw,1647.0,,153.0,,1132.088,15.0,31.0,122.0,51.111,,,0.2026,0.7974,,False,on_map_at_end
1856,pkw,1647.0,,153.0,,865.498,40.0,42.0,111.0,70.338,,,0.2745,0.7255,,False,on_map_at_end
1857,pkw,1649.0,,151.0,,878.299,21.0,20.0,131.0,37.947,,,0.1325,0.8675,,False,on_map_at_end
1858,pkw,1649.0,,151.0,,786.678,27.0,32.0,119.0,68.362,,,0.2119,0.7881,,False,on_map_at_end
1859,pkw,1650.0,,150.0,,986.003,28.0,36.0,114.0,60.684,,,0.24,0.76,,False,on_map_at_end
1860,pkw,1685.0,,115.0,,779.433,16.0,15.0,100.0,44.002,,,0.1304,0.8696,,False,on_map_at_end
1862,pkw,1653.0,,147.0,,1446.12,3.0,3.0,144.0,15.445,,,0.0204,0.9796,,False,on_map_at_end
1863,pkw,1654.0,,146.0,,592.537,70.0,69.0,77.0,91.69,,,0.4726,0.5274,,False,on_map_at_end
1864,pkw,1654.0,,146.0,,1233.428,1.0,4.0,142.0,17.873,,,0.0274,0.9726,,False,on_map_at_end
1865,pkw,1655.0,,145.0,,1461.735,1.0,0.0,145.0,13.118,,,0.0,1.0,,False,on_map_at_end
1867,pkw,1658.0,,142.0,,1243.98,1.0,1.0,141.0,20.671,,,0.007,0.993,,False,on_map_at_end
1868,pkw,1662.0,,138.0,,366.061,60.0,69.0,69.0,104.696,,,0.5,0.5,,False,on_map_at_end
1869,pkw,1665.0,,135.0,,1054.268,7.0,6.0,129.0,27.576,,,0.0444,0.9556,,False,on_map_at_end
1870,pkw,1666.0,,134.0,,919.786,5.0,6.0,128.0,25.159,,,0.0448,0.9552,,False,on_map_at_end
1871,pkw,1667.0,,133.0,,974.238,14.0,20.0,113.0,44.001,,,0.1504,0.8496,,False,on_map_at_end
1872,pkw,1668.0,,132.0,,1123.572,15.0,15.0,117.0,30.878,,,0.1136,0.8864,,False,on_map_at_end
1874,pkw,1669.0,,131.0,,647.96,35.0,35.0,96.0,65.036,,,0.2672,0.7328,,False,on_map_at_end
1875,pkw,1670.0,,130.0,,1101.988,10.0,10.0,120.0,27.341,,,0.0769,0.9231,,False,on_map_at_end
1876,pkw,1671.0,,129.0,,1144.343,6.0,6.0,123.0,25.191,,,0.0465,0.9535,,False,on_map_at_end
1877,pkw,1671.0,,129.0,,935.209,18.0,24.0,105.0,43.912,,,0.186,0.814,,False,on_map_at_end
1878,pkw,1672.0,,128.0,,944.696,26.0,26.0,102.0,42.137,,,0.2031,0.7969,,False,on_map_at_end
1879,pkw,1673.0,,127.0,,1139.994,0.0,0.0,127.0,13.321,,,0.0,1.0,,False,on_map_at_end
1880,pkw,1675.0,,125.0,,980.077,16.0,16.0,109.0,35.047,,,0.128,0.872,,False,on_map_at_end
1882,pkw,1681.0,,119.0,,703.367,28.0,34.0,85.0,55.696,,,0.2857,0.7143,,False,on_map_at_end
1883,pkw,1681.0,,119.0,,1184.32,3.0,3.0,116.0,12.41,,,0.0252,0.9748,,False,on_map_at_end
1884,pkw,1681.0,,119.0,,499.128,41.0,40.0,79.0,71.682,,,0.3361,0.6639,,False,on_map_at_end
1885,pkw,1681.0,,119.0,,1056.183,1.0,1.0,118.0,17.41,,,0.0084,0.9916,,False,on_map_at_end
1886,pkw,1682.0,,118.0,,868.562,2.0,2.0,116.0,17.484,,,0.0169,0.9831,,False,on_map_at_end
1887,pkw,1682.0,,118.0,,735.969,17.0,36.0,82.0,51.135,,,0.3051,0.6949,,False,on_map_at_end
1888,pkw,1683.0,,117.0,,985.002,5.0,7.0,110.0,27.583,,,0.0598,0.9402,,False,on_map_at_end
1889,pkw,1684.0,,116.0,,607.761,19.0,19.0,97.0,41.599,,,0.1638,0.8362,,False,on_map_at_end
1890,pkw,1688.0,,112.0,,660.077,28.0,27.0,85.0,51.797,,,0.2411,0.7589,,False,on_map_at_end
1891,pkw,1689.0,,111.0,,850.258,17.0,16.0,95.0,34.224,,,0.1441,0.8559,,False,on_map_at_end
1892,pkw,1725.0,,75.0,,338.188,29.0,28.0,47.0,44.31,,,0.3733,0.6267,,False,on_map_at_end
1893,pkw,1691.0,,109.0,,749.728,16.0,16.0,93.0,41.524,,,0.1468,0.8532,,False,on_map_at_end
1894,pkw,1691.0,,109.0,,788.085,3.0,3.0,106.0,18.018,,,0.0275,0.9725,,False,on_map_at_end
1895,pkw,1691.0,,109.0,,430.926,47.0,46.0,63.0,70.216,,,0.422,0.578,,False,on_map_at_end
1896,pkw,1692.0,,108.0,,916.111,10.0,10.0,98.0,25.381,,,0.0926,0.9074,,False,on_map_at_end
1897,pkw,1695.0,,105.0,,927.556,6.0,6.0,99.0,20.583,,,0.0571,0.9429,,False,on_map_at_end
1898,pkw,1695.0,,105.0,,585.036,37.0,36.0,69.0,50.473,,,0.3429,0.6571,,False,on_map_at_end
1899,pkw,1696.0,,104.0,,765.697,2.0,2.0,102.0,19.169,,,0.0192,0.9808,,False,on_map_at_end
1901,pkw,1698.0,,102.0,,577.535,39.0,38.0,64.0,49.35,,,0.3725,0.6275,,False,on_map_at_end
1902,pkw,1701.0,,99.0,,569.39,27.0,27.0,72.0,46.934,,,0.2727,0.7273,,False,on_map_at_end
1903,pkw,1702.0,,98.0,,818.342,3.0,3.0,95.0,23.798,,,0.0306,0.9694,,False,on_map_at_end
1904,pkw,1702.0,,98.0,,1040.217,0.0,0.0,98.0,4.38,,,0.0,1.0,,False,on_map_at_end
1905,pkw,1704.0,,96.0,,989.408,0.0,0.0,96.0,5.965,,,0.0,1.0,,False,on_map_at_end
1906,pkw,1704.0,,96.0,,570.999,21.0,21.0,75.0,44.039,,,0.2188,0.7812,,False,on_map_at_end
1907,pkw,1705.0,,95.0,,769.465,2.0,2.0,93.0,24.981,,,0.0211,0.9789,,False,on_map_at_end
1908,pkw,1707.0,,93.0,,601.601,19.0,19.0,74.0,27.316,,,0.2043,0.7957,,False,on_map_at_end
1909,pkw,1708.0,,92.0,,707.397,15.0,15.0,77.0,28.334,,,0.163,0.837,,False,on_map_at_end
1910,pkw,1709.0,,91.0,,405.585,33.0,33.0,58.0,53.922,,,0.3626,0.6374,,False,on_map_at_end
1911,pkw,1710.0,,90.0,,808.264,0.0,0.0,90.0,6.26,,,0.0,1.0,,False,on_map_at_end
1912,pkw,1709.0,,91.0,,688.011,7.0,7.0,84.0,23.202,,,0.0769,0.9231,,False,on_map_at_end
1913,pkw,1711.0,,89.0,,636.298,17.0,17.0,72.0,27.934,,,0.191,0.809,,False,on_map_at_end
1915,pkw,1712.0,,88.0,,637.587,16.0,16.0,72.0,29.125,,,0.1818,0.8182,,False,on_map_at_end
1916,pkw,1712.0,,88.0,,747.812,9.0,9.0,79.0,20.696,,,0.1023,0.8977,,False,on_map_at_end
1917,pkw,1713.0,,87.0,,560.231,17.0,17.0,70.0,32.509,,,0.1954,0.8046,,False,on_map_at_end
1918,pkw,1715.0,,85.0,,577.899,2.0,1.0,84.0,10.073,,,0.0118,0.9882,,False,on_map_at_end
1919,pkw,1715.0,,85.0,,859.281,2.0,2.0,83.0,7.59,,,0.0235,0.9765,,False,on_map_at_end
1920,pkw,1715.0,,85.0,,552.409,26.0,25.0,60.0,35.283,,,0.2941,0.7059,,False,on_map_at_end
1921,pkw,1716.0,,84.0,,603.138,0.0,0.0,84.0,6.285,,,0.0,1.0,,False,on_map_at_end
1923,pkw,1718.0,,82.0,,744.847,3.0,3.0,79.0,13.771,,,0.0366,0.9634,,False,on_map_at_end
1924,pkw,1723.0,,77.0,,709.869,0.0,0.0,77.0,11.737,,,0.0,1.0,,False,on_map_at_end
1925,pkw,1724.0,,76.0,,391.869,23.0,22.0,54.0,33.814,,,0.2895,0.7105,,False,on_map_at_end
1926,pkw,1730.0,,70.0,,465.435,18.0,18.0,52.0,27.739,,,0.2571,0.7429,,False,on_map_at_end
1927,pkw,1731.0,,69.0,,579.104,0.0,0.0,69.0,10.291,,,0.0,1.0,,False,on_map_at_end
1928,pkw,1732.0,,68.0,,526.905,1.0,1.0,67.0,11.632,,,0.0147,0.9853,,False,on_map_at_end
1929,pkw,1732.0,,68.0,,424.589,18.0,18.0,50.0,29.126,,,0.2647,0.7353,,False,on_map_at_end
1930,pkw,1734.0,,66.0,,358.309,26.0,25.0,41.0,33.752,,,0.3788,0.6212,,False,on_map_at_end
1931,pkw,1736.0,,64.0,,628.41,1.0,1.0,63.0,7.443,,,0.0156,0.9844,,False,on_map_at_end
1932,pkw,1737.0,,63.0,,358.309,22.0,21.0,42.0,30.752,,,0.3333,0.6667,,False,on_map_at_end
1933,pkw,1739.0,,61.0,,623.567,0.0,0.0,61.0,4.49,,,0.0,1.0,,False,on_map_at_end
1934,pkw,1740.0,,60.0,,538.27,2.0,2.0,58.0,10.877,,,0.0333,0.9667,,False,on_map_at_end
1935,pkw,1740.0,,60.0,,464.602,5.0,5.0,55.0,12.73,,,0.0833,0.9167,,False,on_map_at_end
1936,pkw,1740.0,,60.0,,319.009,0.0,0.0,60.0,5.137,,,0.0,1.0,,False,on_map_at_end
1937,pkw,1740.0,,60.0,,583.296,0.0,0.0,60.0,4.28,,,0.0,1.0,,False,on_map_at_end
1938,pkw,1741.0,,59.0,,581.445,0.0,0.0,59.0,6.669,,,0.0,1.0,,False,on_map_at_end
1939,pkw,1742.0,,58.0,,590.95,0.0,0.0,58.0,4.321,,,0.0,1.0,,False,on_map_at_end
1940,pkw,1743.0,,57.0,,483.613,0.0,0.0,57.0,4.455,,,0.0,1.0,,False,on_map_at_end
1941,pkw,1744.0,,56.0,,320.212,5.0,5.0,51.0,22.519,,,0.0893,0.9107,,False,on_map_at_end
1942,pkw,1745.0,,55.0,,55.57,47.0,46.0,9.0,49.546,,,0.8364,0.1636,,False,on_map_at_end
1943,pkw,1745.0,,55.0,,382.46,0.0,0.0,55.0,6.352,,,0.0,1.0,,False,on_map_at_end
1944,pkw,1746.0,,54.0,,317.901,13.0,12.0,42.0,20.494,,,0.2222,0.7778,,False,on_map_at_end
1945,pkw,1747.0,,53.0,,401.405,4.0,4.0,49.0,16.731,,,0.0755,0.9245,,False,on_map_at_end
1946,pkw,1749.0,,51.0,,324.294,12.0,13.0,38.0,21.521,,,0.2549,0.7451,,False,on_map_at_end
1947,pkw,1750.0,,50.0,,355.826,0.0,0.0,50.0,4.848,,,0.0,1.0,,False,on_map_at_end
1948,pkw,1751.0,,49.0,,292.509,19.0,20.0,29.0,22.397,,,0.4082,0.5918,,False,on_map_at_end
1949,pkw,1752.0,,48.0,,384.774,5.0,5.0,43.0,13.175,,,0.1042,0.8958,,False,on_map_at_end
1950,pkw,1755.0,,45.0,,294.83,13.0,13.0,32.0,18.465,,,0.2889,0.7111,,False,on_map_at_end
1951,pkw,1756.0,,44.0,,468.292,0.0,0.0,44.0,1.853,,,0.0,1.0,,False,on_map_at_end
1952,pkw,1756.0,,44.0,,243.947,17.0,17.0,27.0,21.846,,,0.3864,0.6136,,False,on_map_at_end
1953,pkw,1756.0,,44.0,,418.802,0.0,0.0,44.0,3.084,,,0.0,1.0,,False,on_map_at_end
1954,pkw,1758.0,,42.0,,383.279,4.0,3.0,39.0,7.505,,,0.0714,0.9286,,False,on_map_at_end
1955,pkw,1761.0,,39.0,,415.64,0.0,0.0,39.0,1.592,,,0.0,1.0,,False,on_map_at_end
1956,pkw,1762.0,,38.0,,173.016,2.0,2.0,36.0,8.253,,,0.0526,0.9474,,False,on_map_at_end
1957,pkw,1763.0,,37.0,,221.298,10.0,10.0,27.0,16.899,,,0.2703,0.7297,,False,on_map_at_end
1958,pkw,1764.0,,36.0,,191.475,9.0,9.0,27.0,18.767,,,0.25,0.75,,False,on_map_at_end
1959,pkw,1765.0,,35.0,,277.46,0.0,0.0,35.0,3.961,,,0.0,1.0,,False,on_map_at_end
1960,pkw,1766.0,,34.0,,346.927,0.0,0.0,34.0,1.355,,,0.0,1.0,,False,on_map_at_end
1961,pkw,1767.0,,33.0,,165.815,12.0,12.0,21.0,18.077,,,0.3636,0.6364,,False,on_map_at_end
1962,pkw,1769.0,,31.0,,160.781,1.0,1.0,30.0,8.601,,,0.0323,0.9677,,False,on_map_at_end
1963,pkw,1773.0,,27.0,,282.381,0.0,0.0,27.0,1.585,,,0.0,1.0,,False,on_map_at_end
1964,pkw,1775.0,,25.0,,165.977,3.0,3.0,22.0,10.062,,,0.12,0.88,,False,on_map_at_end
1965,pkw,1776.0,,24.0,,254.108,0.0,0.0,24.0,1.13,,,0.0,1.0,,False,on_map_at_end
1966,pkw,1777.0,,23.0,,166.945,0.0,0.0,23.0,2.581,,,0.0,1.0,,False,on_map_at_end
1967,pkw,1779.0,,21.0,,214.831,0.0,0.0,21.0,1.665,,,0.0,1.0,,False,on_map_at_end
1968,pkw,1781.0,,19.0,,183.692,0.0,0.0,19.0,1.737,,,0.0,1.0,,False,on_map_at_end
1969,pkw,1784.0,,16.0,,12.839,11.0,10.0,6.0,14.673,,,0.625,0.375,,False,on_map_at_end
1970,pkw,1784.0,,16.0,,170.064,0.0,0.0,16.0,0.694,,,0.0,1.0,,False,on_map_at_end
1971,pkw,1786.0,,14.0,,125.836,0.0,0.0,14.0,0.795,,,0.0,1.0,,False,on_map_at_end
1972,pkw,1787.0,,13.0,,101.213,0.0,0.0,13.0,1.223,,,0.0,1.0,,False,on_map_at_end
1973,pkw,1790.0,,10.0,,107.068,0.0,0.0,10.0,0.364,,,0.0,1.0,,False,on_map_at_end
1974,pkw,1790.0,,10.0,,106.326,0.0,0.0,10.0,0.431,,,0.0,1.0,,False,on_map_at_end
1975,pkw,1790.0,,10.0,,105.244,0.0,0.0,10.0,0.528,,,0.0,1.0,,False,on_map_at_end
1976,pkw,1791.0,,9.0,,87.347,0.0,0.0,9.0,1.139,,,0.0,1.0,,False,on_map_at_end
1977,pkw,1791.0,,9.0,,95.829,0.0,0.0,9.0,0.375,,,0.0,1.0,,False,on_map_at_end
1978,pkw,1792.0,,8.0,,60.227,0.0,0.0,8.0,1.128,,,0.0,1.0,,False,on_map_at_end
1979,pkw,1794.0,,6.0,,63.077,0.0,0.0,6.0,0.323,,,0.0,1.0,,False,on_map_at_end
1980,pkw,1794.0,,6.0,,26.166,0.0,1.0,5.0,3.645,,,0.1667,0.8333,,False,on_map_at_end
1981,pkw,1799.0,,1.0,,10.741,0.0,0.0,1.0,0.033,,,0.0,1.0,,False,on_map_at_end
1982,pkw,1799.0,,1.0,,10.502,0.0,0.0,1.0,0.055,,,0.0,1.0,,False,on_map_at_end
703,pkw,805.0,,995.0,,1561.851,45.0,702.0,293.0,801.965,,,0.7055,0.2945,,False,on_map_at_end
707,pkw,808.0,,992.0,,2155.441,65.0,624.0,368.0,792.721,,,0.629,0.371,,False,on_map_at_end
711,pkw,809.0,,991.0,,2114.2,72.0,617.0,374.0,792.213,,,0.6226,0.3774,,False,on_map_at_end
721,pkw,815.0,,985.0,,1521.716,49.0,706.0,279.0,810.544,,,0.7168,0.2832,,False,on_map_at_end
757,pkw,842.0,,958.0,,1080.579,85.0,747.0,211.0,814.495,,,0.7797,0.2203,,False,on_map_at_end
766,pkw,847.0,,953.0,,1978.789,64.0,614.0,339.0,764.266,,,0.6443,0.3557,,False,on_map_at_end
772,pkw,1799.0,,1.0,,0.0,1.0,1.0,0.0,1.0,,,1.0,0.0,,False,on_map_at_end
787,pkw,861.0,,939.0,,1070.099,86.0,734.0,205.0,806.051,,,0.7817,0.2183,,False,on_map_at_end
795,pkw,873.0,,927.0,,1142.485,71.0,747.0,180.0,812.277,,,0.8058,0.1942,,False,on_map_at_end
815,pkw,890.0,,910.0,,2931.095,100.0,427.0,483.0,608.189,,,0.4692,0.5308,,False,on_map_at_end
828,pkw,899.0,,901.0,,1150.697,55.0,688.0,213.0,793.968,,,0.7636,0.2364,,False,on_map_at_end
851,pkw,910.0,,890.0,,1055.097,80.0,674.0,216.0,754.818,,,0.7573,0.2427,,False,on_map_at_end
876,pkw,922.0,,878.0,,1937.48,47.0,475.0,403.0,695.694,,,0.541,0.459,,False,on_map_at_end
885,pkw,927.0,,873.0,,1901.064,89.0,525.0,348.0,701.647,,,0.6014,0.3986,,False,on_map_at_end
887,pkw,928.0,,872.0,,1064.448,82.0,701.0,171.0,774.426,,,0.8039,0.1961,,False,on_map_at_end
889,pkw,928.0,,872.0,,2832.634,57.0,483.0,389.0,588.096,,,0.5539,0.4461,,False,on_map_at_end
900,pkw,935.0,,865.0,,616.121,77.0,745.0,120.0,805.825,,,0.8613,0.1387,,False,on_map_at_end
916,pkw,943.0,,857.0,,1596.271,69.0,511.0,346.0,692.676,,,0.5963,0.4037,,False,on_map_at_end
917,pkw,943.0,,857.0,,1936.102,63.0,545.0,312.0,675.663,,,0.6359,0.3641,,False,on_map_at_end
923,pkw,949.0,,851.0,,1895.719,75.0,547.0,304.0,678.174,,,0.6428,0.3572,,False,on_map_at_end
937,pkw,956.0,,844.0,,1420.697,89.0,485.0,359.0,693.778,,,0.5746,0.4254,,False,on_map_at_end
940,pkw,958.0,,842.0,,2229.307,93.0,494.0,348.0,631.046,,,0.5867,0.4133,,False,on_map_at_end
944,pkw,959.0,,841.0,,1904.321,74.0,537.0,304.0,650.194,,,0.6385,0.3615,,False,on_map_at_end
946,pkw,962.0,,838.0,,2669.267,86.0,511.0,327.0,592.34,,,0.6098,0.3902,,False,on_map_at_end
951,pkw,964.0,,836.0,,1049.446,80.0,662.0,174.0,737.343,,,0.7919,0.2081,,False,on_map_at_end
958,pkw,967.0,,833.0,,1865.715,65.0,523.0,310.0,654.706,,,0.6279,0.3721,,False,on_map_at_end
982,pkw,986.0,,814.0,,1653.027,43.0,567.0,247.0,651.318,,,0.6966,0.3034,,False,on_map_at_end
