vehicle_id,vehicle_type,enter_time_s,departure_time_s,travel_time_s,route_distance_m,distance_traveled_m,accumulated_waiting_time_s,custom_wait_s,moving_time_s,time_loss_s,free_flow_time_s,delay_s,waiting_fraction,moving_fraction,schedule_efficiency,completed_trip,trip_status
14,pkw,20.0,114.0,94.0,,741.261,13.0,13.0,81.0,26.286,,,0.1383,0.8617,,True,completed
11,pkw,18.0,117.0,99.0,,949.243,0.0,0.0,99.0,7.553,,,0.0,1.0,,True,completed
43,pkw,74.0,125.0,51.0,,378.529,0.0,0.0,51.0,4.038,,,0.0,1.0,,True,completed
16,pkw,24.0,126.0,102.0,,780.762,15.0,15.0,87.0,30.731,,,0.1471,0.8529,,True,completed
32,pkw,51.0,138.0,87.0,,598.317,18.0,18.0,69.0,31.125,,,0.2069,0.7931,,True,completed
29,pkw,49.0,165.0,116.0,,753.711,33.0,33.0,83.0,45.899,,,0.2845,0.7155,,True,completed
13,pkw,19.0,167.0,148.0,,1214.377,19.0,19.0,129.0,36.457,,,0.1284,0.8716,,True,completed
24,pkw,38.0,175.0,137.0,,1257.961,0.0,3.0,134.0,21.199,,,0.0219,0.9781,,True,completed
41,pkw,70.0,175.0,105.0,,988.313,0.0,0.0,105.0,9.009,,,0.0,1.0,,True,completed
0,pkw,2.0,187.0,185.0,,1690.373,10.0,10.0,175.0,30.216,,,0.0541,0.9459,,True,completed
53,pkw,93.0,196.0,103.0,,874.162,0.0,0.0,103.0,13.58,,,0.0,1.0,,True,completed
4,pkw,5.0,198.0,193.0,,1547.551,16.0,20.0,173.0,44.016,,,0.1036,0.8964,,True,completed
19,pkw,30.0,206.0,176.0,,1804.177,0.0,0.0,176.0,12.246,,,0.0,1.0,,True,completed
51,pkw,91.0,209.0,118.0,,1059.174,1.0,1.0,117.0,16.081,,,0.0085,0.9915,,True,completed
5,pkw,5.0,217.0,212.0,,1580.368,3.0,37.0,175.0,61.83,,,0.1745,0.8255,,True,completed
72,pkw,128.0,219.0,91.0,,741.631,9.0,9.0,82.0,21.989,,,0.0989,0.9011,,True,completed
59,pkw,103.0,221.0,118.0,,887.076,0.0,0.0,118.0,11.803,,,0.0,1.0,,True,completed
20,pkw,30.0,222.0,192.0,,1654.844,0.0,12.0,180.0,23.975,,,0.0625,0.9375,,True,completed
28,pkw,43.0,223.0,180.0,,1519.353,6.0,18.0,162.0,39.312,,,0.1,0.9,,True,completed
17,pkw,27.0,225.0,198.0,,1685.214,5.0,5.0,193.0,26.186,,,0.0253,0.9747,,True,completed
23,pkw,36.0,228.0,192.0,,1229.689,11.0,21.0,171.0,34.995,,,0.1094,0.8906,,True,completed
36,pkw,55.0,232.0,177.0,,1355.974,0.0,24.0,153.0,48.562,,,0.1356,0.8644,,True,completed
86,pkw,152.0,234.0,82.0,,736.817,4.0,4.0,78.0,14.686,,,0.0488,0.9512,,True,completed
8,pkw,9.0,239.0,230.0,,1655.526,0.0,8.0,222.0,30.652,,,0.0348,0.9652,,True,completed
9,pkw,12.0,242.0,230.0,,1966.228,3.0,9.0,221.0,46.731,,,0.0391,0.9609,,True,completed
22,pkw,35.0,243.0,208.0,,1805.441,0.0,26.0,182.0,42.953,,,0.125,0.875,,True,completed
45,pkw,80.0,245.0,165.0,,1394.618,13.0,13.0,152.0,28.217,,,0.0788,0.9212,,True,completed
47,pkw,84.0,246.0,162.0,,1410.419,6.0,6.0,156.0,23.872,,,0.037,0.963,,True,completed
7,pkw,9.0,252.0,243.0,,2215.74,19.0,20.0,223.0,35.785,,,0.0823,0.9177,,True,completed
6,pkw,7.0,254.0,247.0,,2106.539,6.0,36.0,211.0,55.843,,,0.1457,0.8543,,True,completed
10,pkw,15.0,260.0,245.0,,1992.294,0.0,27.0,218.0,45.685,,,0.1102,0.8898,,True,completed
64,pkw,114.0,264.0,150.0,,1437.088,3.0,3.0,147.0,14.39,,,0.02,0.98,,True,completed
82,pkw,144.0,264.0,120.0,,1014.094,8.0,8.0,112.0,21.239,,,0.0667,0.9333,,True,completed
94,pkw,168.0,268.0,100.0,,683.393,16.0,17.0,83.0,36.451,,,0.17,0.83,,True,completed
42,pkw,74.0,269.0,195.0,,1765.358,8.0,9.0,186.0,27.524,,,0.0462,0.9538,,True,completed
26,pkw,41.0,276.0,235.0,,2221.297,8.0,8.0,227.0,22.612,,,0.034,0.966,,True,completed
34,pkw,52.0,282.0,230.0,,2004.3,0.0,1.0,229.0,24.161,,,0.0043,0.9957,,True,completed
81,pkw,144.0,283.0,139.0,,1265.28,7.0,8.0,131.0,23.274,,,0.0576,0.9424,,True,completed
38,pkw,59.0,284.0,225.0,,1867.299,18.0,22.0,203.0,47.408,,,0.0978,0.9022,,True,completed
57,pkw,100.0,288.0,188.0,,1589.231,14.0,14.0,174.0,37.391,,,0.0745,0.9255,,True,completed
71,pkw,124.0,292.0,168.0,,1469.939,1.0,1.0,167.0,27.139,,,0.006,0.994,,True,completed
12,pkw,19.0,294.0,275.0,,2302.554,0.0,18.0,257.0,42.842,,,0.0655,0.9345,,True,completed
123,pkw,231.0,294.0,63.0,,530.897,3.0,3.0,60.0,11.202,,,0.0476,0.9524,,True,completed
80,pkw,140.0,294.0,154.0,,1271.255,6.0,6.0,148.0,19.868,,,0.039,0.961,,True,completed
48,pkw,84.0,295.0,211.0,,1591.79,9.0,25.0,186.0,56.153,,,0.1185,0.8815,,True,completed
40,pkw,65.0,296.0,231.0,,2125.499,0.0,16.0,215.0,25.58,,,0.0693,0.9307,,True,completed
74,pkw,130.0,297.0,167.0,,1524.322,0.0,8.0,159.0,17.041,,,0.0479,0.9521,,True,completed
101,pkw,182.0,299.0,117.0,,692.408,21.0,21.0,96.0,52.431,,,0.1795,0.8205,,True,completed
56,pkw,100.0,299.0,199.0,,1629.958,14.0,16.0,183.0,43.763,,,0.0804,0.9196,,True,completed
27,pkw,42.0,300.0,258.0,,2167.8,2.0,34.0,224.0,49.778,,,0.1318,0.8682,,True,completed
3,pkw,3.0,305.0,302.0,,2521.287,26.0,43.0,259.0,73.081,,,0.1424,0.8576,,True,completed
76,pkw,136.0,306.0,170.0,,1521.908,8.0,14.0,156.0,30.962,,,0.0824,0.9176,,True,completed
31,pkw,51.0,310.0,259.0,,2009.064,23.0,29.0,230.0,61.055,,,0.112,0.888,,True,completed
120,pkw,224.0,311.0,87.0,,745.831,7.0,7.0,80.0,16.135,,,0.0805,0.9195,,True,completed
18,pkw,28.0,311.0,283.0,,2221.062,16.0,31.0,252.0,78.691,,,0.1095,0.8905,,True,completed
33,pkw,52.0,311.0,259.0,,2197.965,12.0,28.0,231.0,57.406,,,0.1081,0.8919,,True,completed
60,pkw,106.0,311.0,205.0,,1415.434,16.0,38.0,167.0,75.734,,,0.1854,0.8146,,True,completed
63,pkw,111.0,312.0,201.0,,1652.156,5.0,35.0,166.0,51.262,,,0.1741,0.8259,,True,completed
50,pkw,90.0,315.0,225.0,,1990.59,0.0,25.0,200.0,44.14,,,0.1111,0.8889,,True,completed
116,pkw,212.0,316.0,104.0,,648.843,13.0,13.0,91.0,26.465,,,0.125,0.875,,True,completed
35,pkw,54.0,316.0,262.0,,2295.244,0.0,8.0,254.0,45.128,,,0.0305,0.9695,,True,completed
1,pkw,2.0,320.0,318.0,,2752.07,1.0,43.0,275.0,68.457,,,0.1352,0.8648,,True,completed
54,pkw,96.0,326.0,230.0,,2173.208,10.0,11.0,219.0,32.927,,,0.0478,0.9522,,True,completed
121,pkw,227.0,327.0,100.0,,940.858,0.0,0.0,100.0,6.065,,,0.0,1.0,,True,completed
147,pkw,271.0,327.0,56.0,,372.582,0.0,0.0,56.0,6.155,,,0.0,1.0,,True,completed
2,pkw,3.0,328.0,325.0,,2866.685,21.0,24.0,301.0,63.467,,,0.0738,0.9262,,True,completed
108,pkw,195.0,330.0,135.0,,884.415,4.0,21.0,114.0,49.661,,,0.1556,0.8444,,True,completed
88,pkw,153.0,331.0,178.0,,1522.292,15.0,15.0,163.0,38.237,,,0.0843,0.9157,,True,completed
99,pkw,176.0,331.0,155.0,,1027.415,16.0,16.0,139.0,32.701,,,0.1032,0.8968,,True,completed
25,pkw,39.0,332.0,293.0,,2642.574,5.0,11.0,282.0,47.724,,,0.0375,0.9625,,True,completed
78,pkw,137.0,333.0,196.0,,1522.919,1.0,21.0,175.0,50.678,,,0.1071,0.8929,,True,completed
115,pkw,211.0,335.0,124.0,,1038.49,11.0,11.0,113.0,22.816,,,0.0887,0.9113,,True,completed
39,pkw,65.0,335.0,270.0,,1838.807,18.0,34.0,236.0,66.696,,,0.1259,0.8741,,True,completed
15,pkw,22.0,336.0,314.0,,2452.464,6.0,47.0,267.0,76.837,,,0.1497,0.8503,,True,completed
61,pkw,110.0,339.0,229.0,,1980.384,15.0,15.0,214.0,48.683,,,0.0655,0.9345,,True,completed
91,pkw,160.0,340.0,180.0,,1502.318,15.0,17.0,163.0,37.959,,,0.0944,0.9056,,True,completed
37,pkw,56.0,345.0,289.0,,2340.078,11.0,21.0,268.0,65.033,,,0.0727,0.9273,,True,completed
107,pkw,192.0,349.0,157.0,,1499.644,5.0,5.0,152.0,18.764,,,0.0318,0.9682,,True,completed
55,pkw,98.0,350.0,252.0,,2123.988,0.0,2.0,250.0,26.581,,,0.0079,0.9921,,True,completed
92,pkw,165.0,353.0,188.0,,1622.516,5.0,9.0,179.0,35.418,,,0.0479,0.9521,,True,completed
58,pkw,101.0,354.0,253.0,,1664.749,22.0,67.0,186.0,101.768,,,0.2648,0.7352,,True,completed
46,pkw,82.0,355.0,273.0,,2222.193,13.0,27.0,246.0,59.658,,,0.0989,0.9011,,True,completed
124,pkw,232.0,356.0,124.0,,1014.003,10.0,11.0,113.0,25.89,,,0.0887,0.9113,,True,completed
30,pkw,49.0,360.0,311.0,,2750.209,0.0,23.0,288.0,47.595,,,0.074,0.926,,True,completed
97,pkw,173.0,360.0,187.0,,1467.419,7.0,17.0,170.0,43.474,,,0.0909,0.9091,,True,completed
125,pkw,232.0,364.0,132.0,,1391.98,0.0,0.0,132.0,5.721,,,0.0,1.0,,True,completed
126,pkw,236.0,365.0,129.0,,880.616,39.0,39.0,90.0,38.373,,,0.3023,0.6977,,True,completed
21,pkw,32.0,365.0,333.0,,2826.334,4.0,22.0,311.0,63.681,,,0.0661,0.9339,,True,completed
67,pkw,117.0,374.0,257.0,,2483.181,12.0,12.0,245.0,31.968,,,0.0467,0.9533,,True,completed
114,pkw,209.0,376.0,167.0,,1396.291,11.0,11.0,156.0,32.799,,,0.0659,0.9341,,True,completed
70,pkw,123.0,378.0,255.0,,2088.005,23.0,33.0,222.0,65.785,,,0.1294,0.8706,,True,completed
73,pkw,129.0,381.0,252.0,,2446.995,4.0,6.0,246.0,29.329,,,0.0238,0.9762,,True,completed
110,pkw,202.0,384.0,182.0,,1482.761,20.0,23.0,159.0,46.511,,,0.1264,0.8736,,True,completed
69,pkw,118.0,384.0,266.0,,2536.568,10.0,10.0,256.0,34.535,,,0.0376,0.9624,,True,completed
100,pkw,181.0,385.0,204.0,,1828.282,9.0,10.0,194.0,36.634,,,0.049,0.951,,True,completed
146,pkw,269.0,385.0,116.0,,1141.74,0.0,0.0,116.0,7.703,,,0.0,1.0,,True,completed
168,pkw,309.0,387.0,78.0,,731.602,0.0,0.0,78.0,10.25,,,0.0,1.0,,True,completed
129,pkw,241.0,388.0,147.0,,1324.24,2.0,2.0,145.0,24.523,,,0.0136,0.9864,,True,completed
141,pkw,258.0,389.0,131.0,,903.493,8.0,23.0,108.0,42.636,,,0.1756,0.8244,,True,completed
93,pkw,166.0,390.0,224.0,,1832.507,26.0,26.0,198.0,36.844,,,0.1161,0.8839,,True,completed
137,pkw,248.0,391.0,143.0,,1337.583,3.0,3.0,140.0,18.731,,,0.021,0.979,,True,completed
149,pkw,276.0,391.0,115.0,,1153.216,0.0,0.0,115.0,10.209,,,0.0,1.0,,True,completed
135,pkw,246.0,393.0,147.0,,1173.273,0.0,0.0,147.0,15.551,,,0.0,1.0,,True,completed
148,pkw,273.0,394.0,121.0,,974.052,2.0,2.0,119.0,18.541,,,0.0165,0.9835,,True,completed
66,pkw,117.0,397.0,280.0,,2445.78,2.0,19.0,261.0,50.459,,,0.0679,0.9321,,True,completed
52,pkw,91.0,398.0,307.0,,2644.204,22.0,41.0,266.0,65.781,,,0.1336,0.8664,,True,completed
178,pkw,320.0,411.0,91.0,,734.396,11.0,11.0,80.0,23.904,,,0.1209,0.8791,,True,completed
96,pkw,173.0,412.0,239.0,,2104.494,0.0,15.0,224.0,36.01,,,0.0628,0.9372,,True,completed
113,pkw,207.0,415.0,208.0,,1396.38,22.0,44.0,164.0,79.298,,,0.2115,0.7885,,True,completed
49,pkw,87.0,418.0,331.0,,3030.974,21.0,21.0,310.0,47.073,,,0.0634,0.9366,,True,completed
79,pkw,138.0,418.0,280.0,,2450.193,27.0,30.0,250.0,57.283,,,0.1071,0.8929,,True,completed
112,pkw,207.0,420.0,213.0,,1691.63,15.0,20.0,193.0,57.474,,,0.0939,0.9061,,True,completed
194,pkw,339.0,420.0,81.0,,787.987,0.0,0.0,81.0,8.225,,,0.0,1.0,,True,completed
85,pkw,149.0,420.0,271.0,,1828.569,33.0,48.0,223.0,86.757,,,0.1771,0.8229,,True,completed
128,pkw,240.0,423.0,183.0,,1359.124,30.0,36.0,147.0,45.573,,,0.1967,0.8033,,True,completed
211,pkw,374.0,425.0,51.0,,380.601,0.0,0.0,51.0,12.777,,,0.0,1.0,,True,completed
44,pkw,75.0,429.0,354.0,,2669.229,24.0,59.0,295.0,101.167,,,0.1667,0.8333,,True,completed
103,pkw,187.0,432.0,245.0,,1917.886,3.0,14.0,231.0,60.861,,,0.0571,0.9429,,True,completed
106,pkw,191.0,432.0,241.0,,1975.532,5.0,11.0,230.0,44.09,,,0.0456,0.9544,,True,completed
102,pkw,183.0,433.0,250.0,,2145.588,18.0,32.0,218.0,54.007,,,0.128,0.872,,True,completed
118,pkw,216.0,439.0,223.0,,1854.618,2.0,16.0,207.0,34.827,,,0.0717,0.9283,,True,completed
154,pkw,291.0,439.0,148.0,,1480.181,0.0,0.0,148.0,13.277,,,0.0,1.0,,True,completed
167,pkw,307.0,439.0,132.0,,993.355,11.0,11.0,121.0,22.538,,,0.0833,0.9167,,True,completed
187,pkw,333.0,440.0,107.0,,985.6,1.0,1.0,106.0,16.057,,,0.0093,0.9907,,True,completed
95,pkw,171.0,451.0,280.0,,2256.393,28.0,41.0,239.0,72.592,,,0.1464,0.8536,,True,completed
203,pkw,359.0,452.0,93.0,,667.425,11.0,11.0,82.0,16.466,,,0.1183,0.8817,,True,completed
98,pkw,175.0,453.0,278.0,,2374.32,2.0,32.0,246.0,62.507,,,0.1151,0.8849,,True,completed
105,pkw,191.0,454.0,263.0,,2357.815,25.0,25.0,238.0,49.041,,,0.0951,0.9049,,True,completed
68,pkw,118.0,456.0,338.0,,2913.275,6.0,38.0,300.0,67.21,,,0.1124,0.8876,,True,completed
134,pkw,245.0,458.0,213.0,,1902.186,0.0,9.0,204.0,34.537,,,0.0423,0.9577,,True,completed
145,pkw,265.0,458.0,193.0,,1626.897,2.0,15.0,178.0,45.409,,,0.0777,0.9223,,True,completed
90,pkw,158.0,458.0,300.0,,2209.592,19.0,23.0,277.0,63.415,,,0.0767,0.9233,,True,completed
75,pkw,134.0,460.0,326.0,,2615.061,26.0,47.0,279.0,78.891,,,0.1442,0.8558,,True,completed
89,pkw,154.0,461.0,307.0,,2247.141,0.0,15.0,292.0,52.651,,,0.0489,0.9511,,True,completed
244,pkw,418.0,466.0,48.0,,404.947,4.0,4.0,44.0,10.554,,,0.0833,0.9167,,True,completed
62,pkw,110.0,466.0,356.0,,3045.668,5.0,22.0,334.0,65.884,,,0.0618,0.9382,,True,completed
87,pkw,152.0,467.0,315.0,,2604.837,3.0,44.0,271.0,70.74,,,0.1397,0.8603,,True,completed
132,pkw,244.0,471.0,227.0,,1920.175,14.0,21.0,206.0,45.037,,,0.0925,0.9075,,True,completed
84,pkw,147.0,478.0,331.0,,2831.411,0.0,46.0,285.0,63.403,,,0.139,0.861,,True,completed
77,pkw,136.0,480.0,344.0,,2631.325,12.0,54.0,290.0,101.078,,,0.157,0.843,,True,completed
104,pkw,188.0,482.0,294.0,,1641.528,32.0,87.0,207.0,135.624,,,0.2959,0.7041,,True,completed
208,pkw,366.0,487.0,121.0,,918.383,25.0,25.0,96.0,36.55,,,0.2066,0.7934,,True,completed
130,pkw,243.0,488.0,245.0,,2257.773,15.0,17.0,228.0,39.294,,,0.0694,0.9306,,True,completed
143,pkw,263.0,488.0,225.0,,2018.157,6.0,13.0,212.0,42.176,,,0.0578,0.9422,,True,completed
160,pkw,302.0,490.0,188.0,,1690.653,4.0,4.0,184.0,31.282,,,0.0213,0.9787,,True,completed
65,pkw,115.0,491.0,376.0,,3203.513,7.0,20.0,356.0,50.343,,,0.0532,0.9468,,True,completed
152,pkw,287.0,492.0,205.0,,1440.313,9.0,10.0,195.0,27.758,,,0.0488,0.9512,,True,completed
210,pkw,370.0,494.0,124.0,,982.911,11.0,11.0,113.0,22.004,,,0.0887,0.9113,,True,completed
119,pkw,218.0,496.0,278.0,,2135.931,31.0,36.0,242.0,82.442,,,0.1295,0.8705,,True,completed
111,pkw,202.0,497.0,295.0,,2540.247,0.0,28.0,267.0,56.494,,,0.0949,0.9051,,True,completed
195,pkw,343.0,497.0,154.0,,1067.944,10.0,30.0,124.0,56.598,,,0.1948,0.8052,,True,completed
237,pkw,410.0,497.0,87.0,,797.614,0.0,0.0,87.0,7.002,,,0.0,1.0,,True,completed
140,pkw,256.0,502.0,246.0,,1779.145,30.0,52.0,194.0,83.282,,,0.2114,0.7886,,True,completed
136,pkw,247.0,503.0,256.0,,2331.212,0.0,15.0,241.0,38.29,,,0.0586,0.9414,,True,completed
83,pkw,145.0,504.0,359.0,,2961.525,12.0,40.0,319.0,78.197,,,0.1114,0.8886,,True,completed
175,pkw,318.0,505.0,187.0,,1637.813,3.0,9.0,178.0,36.426,,,0.0481,0.9519,,True,completed
131,pkw,244.0,508.0,264.0,,2267.207,14.0,26.0,238.0,54.445,,,0.0985,0.9015,,True,completed
186,pkw,333.0,508.0,175.0,,1463.964,17.0,21.0,154.0,42.062,,,0.12,0.88,,True,completed
234,pkw,406.0,508.0,102.0,,1048.001,0.0,0.0,102.0,6.679,,,0.0,1.0,,True,completed
150,pkw,277.0,510.0,233.0,,2083.337,0.0,12.0,221.0,33.955,,,0.0515,0.9485,,True,completed
159,pkw,302.0,511.0,209.0,,2125.018,0.0,0.0,209.0,12.302,,,0.0,1.0,,True,completed
213,pkw,378.0,511.0,133.0,,1021.481,0.0,3.0,130.0,17.734,,,0.0226,0.9774,,True,completed
164,pkw,305.0,517.0,212.0,,1686.601,22.0,26.0,186.0,57.134,,,0.1226,0.8774,,True,completed
166,pkw,307.0,517.0,210.0,,2018.274,0.0,5.0,205.0,27.094,,,0.0238,0.9762,,True,completed
288,pkw,468.0,518.0,50.0,,448.664,1.0,1.0,49.0,8.62,,,0.02,0.98,,True,completed
151,pkw,279.0,525.0,246.0,,1800.518,13.0,39.0,207.0,72.167,,,0.1585,0.8415,,True,completed
161,pkw,302.0,529.0,227.0,,1792.105,0.0,0.0,227.0,22.723,,,0.0,1.0,,True,completed
185,pkw,333.0,529.0,196.0,,2030.409,0.0,0.0,196.0,12.012,,,0.0,1.0,,True,completed
277,pkw,452.0,534.0,82.0,,737.721,1.0,1.0,81.0,14.604,,,0.0122,0.9878,,True,completed
133,pkw,245.0,535.0,290.0,,2360.567,13.0,46.0,244.0,74.106,,,0.1586,0.8414,,True,completed
183,pkw,330.0,535.0,205.0,,1894.449,8.0,11.0,194.0,31.301,,,0.0537,0.9463,,True,completed
165,pkw,305.0,536.0,231.0,,2012.678,2.0,22.0,209.0,43.257,,,0.0952,0.9048,,True,completed
155,pkw,294.0,537.0,243.0,,1861.401,45.0,47.0,196.0,69.006,,,0.1934,0.8066,,True,completed
162,pkw,303.0,538.0,235.0,,1818.444,0.0,18.0,217.0,40.289,,,0.0766,0.9234,,True,completed
190,pkw,335.0,538.0,203.0,,1895.064,5.0,5.0,198.0,27.759,,,0.0246,0.9754,,True,completed
139,pkw,256.0,539.0,283.0,,2206.33,41.0,47.0,236.0,81.947,,,0.1661,0.8339,,True,completed
264,pkw,442.0,539.0,97.0,,886.901,5.0,5.0,92.0,15.968,,,0.0515,0.9485,,True,completed
236,pkw,408.0,540.0,132.0,,1111.428,1.0,7.0,125.0,28.786,,,0.053,0.947,,True,completed
117,pkw,215.0,542.0,327.0,,2809.924,18.0,25.0,302.0,70.258,,,0.0765,0.9235,,True,completed
196,pkw,349.0,542.0,193.0,,1703.627,6.0,6.0,187.0,26.942,,,0.0311,0.9689,,True,completed
170,pkw,311.0,545.0,234.0,,1466.357,31.0,66.0,168.0,99.999,,,0.2821,0.7179,,True,completed
109,pkw,196.0,546.0,350.0,,2423.267,26.0,63.0,287.0,98.075,,,0.18,0.82,,True,completed
218,pkw,385.0,546.0,161.0,,1271.421,5.0,24.0,137.0,45.15,,,0.1491,0.8509,,True,completed
142,pkw,261.0,547.0,286.0,,2218.554,0.0,42.0,244.0,74.683,,,0.1469,0.8531,,True,completed
163,pkw,303.0,549.0,246.0,,2128.338,18.0,18.0,228.0,51.388,,,0.0732,0.9268,,True,completed
127,pkw,240.0,552.0,312.0,,2018.753,16.0,29.0,283.0,66.075,,,0.0929,0.9071,,True,completed
158,pkw,301.0,557.0,256.0,,2249.699,7.0,15.0,241.0,48.025,,,0.0586,0.9414,,True,completed
232,pkw,403.0,561.0,158.0,,1322.78,17.0,17.0,141.0,31.475,,,0.1076,0.8924,,True,completed
254,pkw,432.0,568.0,136.0,,1027.656,0.0,32.0,104.0,40.786,,,0.2353,0.7647,,True,completed
283,pkw,462.0,568.0,106.0,,901.323,5.0,5.0,101.0,22.45,,,0.0472,0.9528,,True,completed
122,pkw,230.0,569.0,339.0,,2593.106,12.0,55.0,284.0,102.788,,,0.1622,0.8378,,True,completed
171,pkw,312.0,569.0,257.0,,1968.432,23.0,24.0,233.0,61.113,,,0.0934,0.9066,,True,completed
206,pkw,365.0,571.0,206.0,,1838.068,0.0,0.0,206.0,22.213,,,0.0,1.0,,True,completed
258,pkw,436.0,572.0,136.0,,975.787,6.0,23.0,113.0,41.836,,,0.1691,0.8309,,True,completed
197,pkw,349.0,573.0,224.0,,1726.563,5.0,29.0,195.0,57.26,,,0.1295,0.8705,,True,completed
174,pkw,315.0,577.0,262.0,,2283.881,5.0,7.0,255.0,39.91,,,0.0267,0.9733,,True,completed
220,pkw,390.0,579.0,189.0,,1839.352,0.0,3.0,186.0,19.748,,,0.0159,0.9841,,True,completed
138,pkw,255.0,583.0,328.0,,2724.486,18.0,40.0,288.0,73.596,,,0.122,0.878,,True,completed
153,pkw,290.0,583.0,293.0,,2712.771,2.0,7.0,286.0,44.432,,,0.0239,0.9761,,True,completed
172,pkw,313.0,586.0,273.0,,2120.29,31.0,48.0,225.0,80.512,,,0.1758,0.8242,,True,completed
255,pkw,434.0,588.0,154.0,,1215.092,19.0,19.0,135.0,35.249,,,0.1234,0.8766,,True,completed
314,pkw,491.0,590.0,99.0,,591.065,32.0,32.0,67.0,44.804,,,0.3232,0.6768,,True,completed
214,pkw,380.0,591.0,211.0,,2142.45,0.0,0.0,211.0,14.754,,,0.0,1.0,,True,completed
333,pkw,512.0,591.0,79.0,,643.023,0.0,0.0,79.0,9.448,,,0.0,1.0,,True,completed
299,pkw,481.0,597.0,116.0,,841.148,18.0,18.0,98.0,32.951,,,0.1552,0.8448,,True,completed
207,pkw,365.0,599.0,234.0,,2133.879,7.0,14.0,220.0,37.673,,,0.0598,0.9402,,True,completed
326,pkw,507.0,599.0,92.0,,734.953,2.0,2.0,90.0,19.346,,,0.0217,0.9783,,True,completed
246,pkw,419.0,602.0,183.0,,1505.117,6.0,23.0,160.0,46.28,,,0.1257,0.8743,,True,completed
267,pkw,444.0,603.0,159.0,,1263.123,13.0,19.0,140.0,43.573,,,0.1195,0.8805,,True,completed
144,pkw,264.0,605.0,341.0,,1907.227,68.0,111.0,230.0,145.284,,,0.3255,0.6745,,True,completed
209,pkw,367.0,607.0,240.0,,2010.784,4.0,25.0,215.0,47.923,,,0.1042,0.8958,,True,completed
173,pkw,315.0,609.0,294.0,,2602.351,0.0,33.0,261.0,58.663,,,0.1122,0.8878,,True,completed
189,pkw,334.0,609.0,275.0,,2334.877,10.0,10.0,265.0,43.514,,,0.0364,0.9636,,True,completed
157,pkw,299.0,610.0,311.0,,2963.609,6.0,13.0,298.0,42.989,,,0.0418,0.9582,,True,completed
180,pkw,321.0,610.0,289.0,,2358.987,15.0,21.0,268.0,65.816,,,0.0727,0.9273,,True,completed
343,pkw,524.0,611.0,87.0,,747.708,6.0,6.0,81.0,15.862,,,0.069,0.931,,True,completed
259,pkw,436.0,613.0,177.0,,1491.872,7.0,7.0,170.0,26.58,,,0.0395,0.9605,,True,completed
233,pkw,406.0,614.0,208.0,,1418.541,15.0,48.0,160.0,69.89,,,0.2308,0.7692,,True,completed
405,pkw,602.0,615.0,13.0,,128.043,0.0,0.0,13.0,0.476,,,0.0,1.0,,True,completed
201,pkw,356.0,618.0,262.0,,2087.069,23.0,39.0,223.0,65.516,,,0.1489,0.8511,,True,completed
229,pkw,400.0,620.0,220.0,,1628.788,19.0,23.0,197.0,52.75,,,0.1045,0.8955,,True,completed
156,pkw,299.0,621.0,322.0,,2471.455,24.0,25.0,297.0,73.28,,,0.0776,0.9224,,True,completed
224,pkw,391.0,622.0,231.0,,2070.201,13.0,16.0,215.0,40.592,,,0.0693,0.9307,,True,completed
278,pkw,453.0,627.0,174.0,,1641.454,3.0,6.0,168.0,25.189,,,0.0345,0.9655,,True,completed
242,pkw,417.0,631.0,214.0,,1527.162,10.0,34.0,180.0,69.158,,,0.1589,0.8411,,True,completed
305,pkw,482.0,631.0,149.0,,1263.081,0.0,19.0,130.0,31.918,,,0.1275,0.8725,,True,completed
231,pkw,401.0,634.0,233.0,,1664.904,21.0,55.0,178.0,81.201,,,0.2361,0.7639,,True,completed
381,pkw,567.0,636.0,69.0,,409.746,14.0,14.0,55.0,29.373,,,0.2029,0.7971,,True,completed
260,pkw,438.0,637.0,199.0,,1639.674,0.0,0.0,199.0,17.756,,,0.0,1.0,,True,completed
184,pkw,332.0,641.0,309.0,,2770.473,12.0,19.0,290.0,52.579,,,0.0615,0.9385,,True,completed
192,pkw,338.0,641.0,303.0,,2671.571,4.0,25.0,278.0,50.832,,,0.0825,0.9175,,True,completed
225,pkw,392.0,643.0,251.0,,1993.49,14.0,29.0,222.0,65.396,,,0.1155,0.8845,,True,completed
199,pkw,354.0,645.0,291.0,,2299.589,0.0,21.0,270.0,59.893,,,0.0722,0.9278,,True,completed
230,pkw,401.0,646.0,245.0,,1968.086,13.0,32.0,213.0,65.829,,,0.1306,0.8694,,True,completed
329,pkw,509.0,647.0,138.0,,1001.558,10.0,21.0,117.0,44.16,,,0.1522,0.8478,,True,completed
193,pkw,338.0,650.0,312.0,,2384.787,22.0,43.0,269.0,93.944,,,0.1378,0.8622,,True,completed
188,pkw,334.0,651.0,317.0,,2610.219,16.0,38.0,279.0,73.929,,,0.1199,0.8801,,True,completed
253,pkw,430.0,653.0,223.0,,1898.553,18.0,20.0,203.0,45.139,,,0.0897,0.9103,,True,completed
362,pkw,545.0,653.0,108.0,,726.42,20.0,20.0,88.0,33.908,,,0.1852,0.8148,,True,completed
352,pkw,537.0,654.0,117.0,,883.383,17.0,22.0,95.0,36.495,,,0.188,0.812,,True,completed
212,pkw,375.0,658.0,283.0,,2206.321,21.0,21.0,262.0,64.245,,,0.0742,0.9258,,True,completed
373,pkw,556.0,658.0,102.0,,685.017,23.0,23.0,79.0,38.632,,,0.2255,0.7745,,True,completed
176,pkw,318.0,659.0,341.0,,2804.437,23.0,38.0,303.0,85.182,,,0.1114,0.8886,,True,completed
226,pkw,393.0,662.0,269.0,,2256.226,19.0,39.0,230.0,64.068,,,0.145,0.855,,True,completed
349,pkw,532.0,663.0,131.0,,1014.129,8.0,19.0,112.0,37.967,,,0.145,0.855,,True,completed
169,pkw,309.0,664.0,355.0,,2580.449,0.0,14.0,341.0,54.555,,,0.0394,0.9606,,True,completed
217,pkw,384.0,664.0,280.0,,2605.691,13.0,13.0,267.0,34.948,,,0.0464,0.9536,,True,completed
238,pkw,414.0,665.0,251.0,,1989.692,16.0,30.0,221.0,63.816,,,0.1195,0.8805,,True,completed
262,pkw,439.0,666.0,227.0,,1505.166,17.0,25.0,202.0,53.188,,,0.1101,0.8899,,True,completed
376,pkw,562.0,666.0,104.0,,665.855,14.0,14.0,90.0,28.484,,,0.1346,0.8654,,True,completed
324,pkw,502.0,667.0,165.0,,1612.422,2.0,2.0,163.0,18.371,,,0.0121,0.9879,,True,completed
293,pkw,471.0,669.0,198.0,,1623.162,4.0,5.0,193.0,29.175,,,0.0253,0.9747,,True,completed
204,pkw,364.0,676.0,312.0,,2251.798,11.0,68.0,244.0,102.537,,,0.2179,0.7821,,True,completed
315,pkw,492.0,676.0,184.0,,1500.348,21.0,21.0,163.0,46.714,,,0.1141,0.8859,,True,completed
181,pkw,322.0,678.0,356.0,,2694.584,38.0,71.0,285.0,111.185,,,0.1994,0.8006,,True,completed
284,pkw,465.0,679.0,214.0,,1625.257,20.0,23.0,191.0,57.216,,,0.1075,0.8925,,True,completed
399,pkw,595.0,679.0,84.0,,784.232,1.0,1.0,83.0,11.167,,,0.0119,0.9881,,True,completed
179,pkw,320.0,683.0,363.0,,2344.746,46.0,72.0,291.0,117.039,,,0.1983,0.8017,,True,completed
215,pkw,382.0,684.0,302.0,,2221.477,30.0,55.0,247.0,88.874,,,0.1821,0.8179,,True,completed
323,pkw,502.0,684.0,182.0,,1484.193,15.0,18.0,164.0,46.548,,,0.0989,0.9011,,True,completed
191,pkw,336.0,685.0,349.0,,2247.372,29.0,55.0,294.0,104.455,,,0.1576,0.8424,,True,completed
249,pkw,428.0,685.0,257.0,,2051.675,0.0,50.0,207.0,68.063,,,0.1946,0.8054,,True,completed
342,pkw,523.0,687.0,164.0,,1133.542,20.0,21.0,143.0,49.637,,,0.128,0.872,,True,completed
358,pkw,541.0,688.0,147.0,,1326.657,3.0,3.0,144.0,23.928,,,0.0204,0.9796,,True,completed
345,pkw,530.0,689.0,159.0,,1426.978,0.0,0.0,159.0,12.623,,,0.0,1.0,,True,completed
243,pkw,418.0,690.0,272.0,,1677.541,49.0,68.0,204.0,108.254,,,0.25,0.75,,True,completed
276,pkw,451.0,690.0,239.0,,1581.052,42.0,69.0,170.0,93.86,,,0.2887,0.7113,,True,completed
281,pkw,455.0,691.0,236.0,,2212.246,5.0,5.0,231.0,32.232,,,0.0212,0.9788,,True,completed
357,pkw,540.0,691.0,151.0,,1353.406,11.0,11.0,140.0,25.747,,,0.0728,0.9272,,True,completed
205,pkw,364.0,692.0,328.0,,2363.959,36.0,64.0,264.0,112.206,,,0.1951,0.8049,,True,completed
221,pkw,390.0,693.0,303.0,,2325.889,9.0,45.0,258.0,84.831,,,0.1485,0.8515,,True,completed
379,pkw,565.0,693.0,128.0,,884.179,8.0,8.0,120.0,22.838,,,0.0625,0.9375,,True,completed
241,pkw,417.0,694.0,277.0,,2198.702,7.0,36.0,241.0,66.292,,,0.13,0.87,,True,completed
247,pkw,442.0,694.0,252.0,,1971.271,42.0,42.0,210.0,72.692,,,0.1667,0.8333,,True,completed
271,pkw,447.0,694.0,247.0,,2230.1,2.0,7.0,240.0,44.291,,,0.0283,0.9717,,True,completed
337,pkw,515.0,696.0,181.0,,1540.703,5.0,6.0,175.0,20.83,,,0.0331,0.9669,,True,completed
222,pkw,391.0,697.0,306.0,,2268.045,34.0,50.0,256.0,93.592,,,0.1634,0.8366,,True,completed
263,pkw,440.0,697.0,257.0,,1822.765,23.0,46.0,211.0,80.414,,,0.179,0.821,,True,completed
331,pkw,509.0,698.0,189.0,,1395.331,20.0,29.0,160.0,57.93,,,0.1534,0.8466,,True,completed
177,pkw,319.0,700.0,381.0,,2954.682,0.0,11.0,370.0,54.227,,,0.0289,0.9711,,True,completed
248,pkw,423.0,700.0,277.0,,2094.946,18.0,51.0,226.0,77.617,,,0.1841,0.8159,,True,completed
256,pkw,435.0,701.0,266.0,,2373.981,4.0,25.0,241.0,49.003,,,0.094,0.906,,True,completed
325,pkw,505.0,701.0,196.0,,1715.844,7.0,7.0,189.0,40.149,,,0.0357,0.9643,,True,completed
296,pkw,473.0,702.0,229.0,,1768.211,34.0,37.0,192.0,62.08,,,0.1616,0.8384,,True,completed
493,pkw,658.0,703.0,45.0,,121.355,29.0,29.0,16.0,32.718,,,0.6444,0.3556,,True,completed
252,pkw,429.0,704.0,275.0,,2450.319,1.0,16.0,259.0,51.61,,,0.0582,0.9418,,True,completed
360,pkw,544.0,704.0,160.0,,1038.823,20.0,25.0,135.0,57.904,,,0.1562,0.8438,,True,completed
538,pkw,691.0,704.0,13.0,,127.975,0.0,0.0,13.0,0.482,,,0.0,1.0,,True,completed
313,pkw,491.0,705.0,214.0,,1730.01,13.0,13.0,201.0,38.022,,,0.0607,0.9393,,True,completed
427,pkw,614.0,708.0,94.0,,798.947,0.0,0.0,94.0,10.528,,,0.0,1.0,,True,completed
282,pkw,458.0,709.0,251.0,,1832.128,10.0,36.0,215.0,55.663,,,0.1434,0.8566,,True,completed
351,pkw,536.0,709.0,173.0,,1565.388,10.0,10.0,163.0,30.201,,,0.0578,0.9422,,True,completed
415,pkw,609.0,710.0,101.0,,732.835,10.0,10.0,91.0,33.225,,,0.099,0.901,,True,completed
332,pkw,511.0,711.0,200.0,,1479.925,9.0,19.0,181.0,42.98,,,0.095,0.905,,True,completed
438,pkw,620.0,712.0,92.0,,733.246,10.0,10.0,82.0,24.657,,,0.1087,0.8913,,True,completed
269,pkw,445.0,714.0,269.0,,2264.757,5.0,23.0,246.0,56.96,,,0.0855,0.9145,,True,completed
286,pkw,467.0,715.0,248.0,,1648.274,16.0,69.0,179.0,88.035,,,0.2782,0.7218,,True,completed
301,pkw,481.0,715.0,234.0,,1911.361,25.0,27.0,207.0,59.26,,,0.1154,0.8846,,True,completed
380,pkw,566.0,715.0,149.0,,1143.749,0.0,0.0,149.0,11.09,,,0.0,1.0,,True,completed
198,pkw,351.0,717.0,366.0,,2498.724,47.0,94.0,272.0,138.619,,,0.2568,0.7432,,True,completed
304,pkw,482.0,717.0,235.0,,2021.399,0.0,14.0,221.0,40.413,,,0.0596,0.9404,,True,completed
223,pkw,391.0,718.0,327.0,,2660.457,0.0,56.0,271.0,76.116,,,0.1713,0.8287,,True,completed
310,pkw,489.0,719.0,230.0,,1688.819,5.0,39.0,191.0,67.585,,,0.1696,0.8304,,True,completed
367,pkw,548.0,719.0,171.0,,1647.255,0.0,0.0,171.0,12.587,,,0.0,1.0,,True,completed
365,pkw,546.0,724.0,178.0,,1153.61,38.0,38.0,140.0,71.732,,,0.2135,0.7865,,True,completed
397,pkw,594.0,726.0,132.0,,1113.443,3.0,14.0,118.0,30.02,,,0.1061,0.8939,,True,completed
513,pkw,674.0,729.0,55.0,,380.132,0.0,0.0,55.0,5.261,,,0.0,1.0,,True,completed
280,pkw,454.0,731.0,277.0,,1657.396,8.0,53.0,224.0,72.951,,,0.1913,0.8087,,True,completed
317,pkw,495.0,731.0,236.0,,1927.04,6.0,29.0,207.0,51.051,,,0.1229,0.8771,,True,completed
200,pkw,355.0,732.0,377.0,,3420.286,0.0,27.0,350.0,61.463,,,0.0716,0.9284,,True,completed
350,pkw,534.0,732.0,198.0,,1485.865,0.0,24.0,174.0,49.436,,,0.1212,0.8788,,True,completed
346,pkw,530.0,733.0,203.0,,1187.504,47.0,60.0,143.0,94.153,,,0.2956,0.7044,,True,completed
306,pkw,483.0,734.0,251.0,,2142.441,11.0,25.0,226.0,54.887,,,0.0996,0.9004,,True,completed
291,pkw,470.0,735.0,265.0,,2050.191,20.0,41.0,224.0,70.962,,,0.1547,0.8453,,True,completed
374,pkw,558.0,735.0,177.0,,1517.718,0.0,23.0,154.0,36.397,,,0.1299,0.8701,,True,completed
182,pkw,324.0,738.0,414.0,,2803.988,37.0,87.0,327.0,148.747,,,0.2101,0.7899,,True,completed
268,pkw,444.0,738.0,294.0,,1717.337,25.0,66.0,228.0,125.666,,,0.2245,0.7755,,True,completed
335,pkw,512.0,738.0,226.0,,1820.318,20.0,34.0,192.0,48.426,,,0.1504,0.8496,,True,completed
219,pkw,387.0,740.0,353.0,,2013.841,22.0,84.0,269.0,157.338,,,0.238,0.762,,True,completed
265,pkw,442.0,740.0,298.0,,2151.495,1.0,52.0,246.0,86.148,,,0.1745,0.8255,,True,completed
318,pkw,496.0,740.0,244.0,,1935.059,18.0,19.0,225.0,49.986,,,0.0779,0.9221,,True,completed
495,pkw,659.0,740.0,81.0,,667.772,4.0,4.0,77.0,13.811,,,0.0494,0.9506,,True,completed
404,pkw,602.0,743.0,141.0,,1301.707,0.0,0.0,141.0,12.481,,,0.0,1.0,,True,completed
308,pkw,487.0,744.0,257.0,,2400.487,3.0,13.0,244.0,39.954,,,0.0506,0.9494,,True,completed
290,pkw,470.0,745.0,275.0,,2216.945,19.0,23.0,252.0,71.1,,,0.0836,0.9164,,True,completed
453,pkw,628.0,745.0,117.0,,793.448,5.0,5.0,112.0,23.36,,,0.0427,0.9573,,True,completed
303,pkw,481.0,747.0,266.0,,2334.818,4.0,15.0,251.0,46.832,,,0.0564,0.9436,,True,completed
321,pkw,499.0,749.0,250.0,,1863.175,1.0,42.0,208.0,65.242,,,0.168,0.832,,True,completed
257,pkw,435.0,750.0,315.0,,2675.27,0.0,35.0,280.0,60.233,,,0.1111,0.8889,,True,completed
456,pkw,632.0,750.0,118.0,,993.152,0.0,0.0,118.0,9.683,,,0.0,1.0,,True,completed
202,pkw,359.0,754.0,395.0,,2635.132,33.0,88.0,307.0,138.965,,,0.2228,0.7772,,True,completed
312,pkw,491.0,754.0,263.0,,1859.809,35.0,56.0,207.0,92.393,,,0.2129,0.7871,,True,completed
366,pkw,547.0,756.0,209.0,,1522.43,10.0,21.0,188.0,63.566,,,0.1005,0.8995,,True,completed
341,pkw,518.0,757.0,239.0,,1682.296,32.0,40.0,199.0,74.998,,,0.1674,0.8326,,True,completed
402,pkw,601.0,762.0,161.0,,1270.31,8.0,14.0,147.0,44.695,,,0.087,0.913,,True,completed
289,pkw,469.0,765.0,296.0,,2245.141,18.0,35.0,261.0,72.936,,,0.1182,0.8818,,True,completed
216,pkw,384.0,767.0,383.0,,2821.858,4.0,23.0,360.0,71.779,,,0.0601,0.9399,,True,completed
525,pkw,692.0,767.0,75.0,,666.033,2.0,2.0,73.0,12.999,,,0.0267,0.9733,,True,completed
279,pkw,454.0,768.0,314.0,,2280.836,19.0,70.0,244.0,92.298,,,0.2229,0.7771,,True,completed
266,pkw,443.0,769.0,326.0,,2012.689,45.0,92.0,234.0,143.391,,,0.2822,0.7178,,True,completed
228,pkw,397.0,772.0,375.0,,2907.36,2.0,58.0,317.0,102.263,,,0.1547,0.8453,,True,completed
272,pkw,449.0,774.0,325.0,,2600.797,0.0,25.0,300.0,79.732,,,0.0769,0.9231,,True,completed
510,pkw,670.0,775.0,105.0,,985.251,0.0,0.0,105.0,9.666,,,0.0,1.0,,True,completed
273,pkw,449.0,776.0,327.0,,1828.723,48.0,75.0,252.0,116.609,,,0.2294,0.7706,,True,completed
528,pkw,715.0,776.0,61.0,,565.867,2.0,2.0,59.0,8.656,,,0.0328,0.9672,,True,completed
295,pkw,472.0,778.0,306.0,,1913.364,47.0,79.0,227.0,113.42,,,0.2582,0.7418,,True,completed
302,pkw,481.0,778.0,297.0,,1421.053,59.0,105.0,192.0,166.527,,,0.3535,0.6465,,True,completed
542,pkw,693.0,778.0,85.0,,698.284,1.0,1.0,84.0,15.356,,,0.0118,0.9882,,True,completed
300,pkw,481.0,779.0,298.0,,2374.72,1.0,33.0,265.0,71.58,,,0.1107,0.8893,,True,completed
363,pkw,545.0,779.0,234.0,,1908.199,6.0,14.0,220.0,50.912,,,0.0598,0.9402,,True,completed
270,pkw,447.0,780.0,333.0,,2208.54,43.0,83.0,250.0,131.182,,,0.2492,0.7508,,True,completed
368,pkw,549.0,780.0,231.0,,1828.939,4.0,31.0,200.0,63.386,,,0.1342,0.8658,,True,completed
370,pkw,552.0,780.0,228.0,,2217.279,2.0,5.0,223.0,26.891,,,0.0219,0.9781,,True,completed
403,pkw,602.0,780.0,178.0,,783.831,46.0,62.0,116.0,97.278,,,0.3483,0.6517,,True,completed
478,pkw,643.0,780.0,137.0,,1329.548,4.0,4.0,133.0,16.224,,,0.0292,0.9708,,True,completed
498,pkw,660.0,782.0,122.0,,1052.2,9.0,9.0,113.0,25.141,,,0.0738,0.9262,,True,completed
297,pkw,475.0,783.0,308.0,,2375.254,6.0,57.0,251.0,83.157,,,0.1851,0.8149,,True,completed
328,pkw,511.0,783.0,272.0,,1805.891,39.0,57.0,215.0,105.814,,,0.2096,0.7904,,True,completed
613,pkw,738.0,784.0,46.0,,444.086,0.0,0.0,46.0,5.032,,,0.0,1.0,,True,completed
484,pkw,649.0,786.0,137.0,,1141.288,15.0,15.0,122.0,27.103,,,0.1095,0.8905,,True,completed
235,pkw,412.0,788.0,376.0,,2331.969,22.0,108.0,268.0,145.249,,,0.2872,0.7128,,True,completed
395,pkw,591.0,788.0,197.0,,1784.292,0.0,14.0,183.0,34.823,,,0.0711,0.9289,,True,completed
567,pkw,708.0,789.0,81.0,,733.276,1.0,1.0,80.0,10.329,,,0.0123,0.9877,,True,completed
588,pkw,722.0,789.0,67.0,,453.26,17.0,17.0,50.0,25.105,,,0.2537,0.7463,,True,completed
287,pkw,468.0,792.0,324.0,,2261.365,38.0,65.0,259.0,117.827,,,0.2006,0.7994,,True,completed
476,pkw,643.0,795.0,152.0,,1063.81,11.0,31.0,121.0,54.838,,,0.2039,0.7961,,True,completed
501,pkw,664.0,797.0,133.0,,1180.008,16.0,16.0,117.0,25.798,,,0.1203,0.8797,,True,completed
359,pkw,543.0,798.0,255.0,,1761.16,19.0,21.0,234.0,50.797,,,0.0824,0.9176,,True,completed
383,pkw,573.0,799.0,226.0,,1554.864,6.0,30.0,196.0,84.507,,,0.1327,0.8673,,True,completed
353,pkw,539.0,800.0,261.0,,1593.294,12.0,61.0,200.0,116.168,,,0.2337,0.7663,,True,completed
316,pkw,495.0,802.0,307.0,,2854.021,0.0,14.0,293.0,48.442,,,0.0456,0.9544,,True,completed
406,pkw,602.0,802.0,200.0,,1417.822,7.0,33.0,167.0,70.785,,,0.165,0.835,,True,completed
250,pkw,428.0,804.0,376.0,,1970.608,26.0,89.0,287.0,147.406,,,0.2367,0.7633,,True,completed
464,pkw,636.0,805.0,169.0,,1203.433,26.0,30.0,139.0,57.43,,,0.1775,0.8225,,True,completed
475,pkw,641.0,805.0,164.0,,1452.811,2.0,2.0,162.0,21.608,,,0.0122,0.9878,,True,completed
609,pkw,737.0,805.0,68.0,,378.546,18.0,19.0,49.0,32.931,,,0.2794,0.7206,,True,completed
372,pkw,556.0,806.0,250.0,,2175.747,0.0,21.0,229.0,51.806,,,0.084,0.916,,True,completed
467,pkw,638.0,806.0,168.0,,1167.3,10.0,23.0,145.0,46.53,,,0.1369,0.8631,,True,completed
470,pkw,639.0,807.0,168.0,,853.958,52.0,57.0,111.0,88.488,,,0.3393,0.6607,,True,completed
482,pkw,649.0,808.0,159.0,,1469.532,0.0,0.0,159.0,15.456,,,0.0,1.0,,True,completed
348,pkw,531.0,809.0,278.0,,1479.127,22.0,64.0,214.0,134.629,,,0.2302,0.7698,,True,completed
393,pkw,590.0,809.0,219.0,,2034.638,16.0,16.0,203.0,31.671,,,0.0731,0.9269,,True,completed
502,pkw,665.0,809.0,144.0,,946.213,0.0,22.0,122.0,36.434,,,0.1528,0.8472,,True,completed
444,pkw,624.0,810.0,186.0,,1820.349,0.0,0.0,186.0,16.81,,,0.0,1.0,,True,completed
309,pkw,488.0,811.0,323.0,,1643.293,51.0,98.0,225.0,172.823,,,0.3034,0.6966,,True,completed
597,pkw,729.0,811.0,82.0,,670.704,12.0,12.0,70.0,20.636,,,0.1463,0.8537,,True,completed
251,pkw,429.0,812.0,383.0,,2877.027,43.0,66.0,317.0,114.89,,,0.1723,0.8277,,True,completed
334,pkw,512.0,812.0,300.0,,2338.432,11.0,48.0,252.0,84.566,,,0.16,0.84,,True,completed
426,pkw,614.0,812.0,198.0,,1852.993,0.0,2.0,196.0,25.541,,,0.0101,0.9899,,True,completed
471,pkw,640.0,812.0,172.0,,853.669,46.0,51.0,121.0,92.535,,,0.2965,0.7035,,True,completed
285,pkw,466.0,814.0,348.0,,2506.519,9.0,31.0,317.0,79.696,,,0.0891,0.9109,,True,completed
434,pkw,619.0,814.0,195.0,,1701.095,17.0,17.0,178.0,38.965,,,0.0872,0.9128,,True,completed
311,pkw,525.0,817.0,292.0,,2459.717,6.0,37.0,255.0,68.348,,,0.1267,0.8733,,True,completed
274,pkw,450.0,820.0,370.0,,3027.837,21.0,48.0,322.0,86.185,,,0.1297,0.8703,,True,completed
497,pkw,660.0,822.0,162.0,,1443.572,0.0,3.0,159.0,16.55,,,0.0185,0.9815,,True,completed
578,pkw,716.0,822.0,106.0,,616.177,18.0,25.0,81.0,40.615,,,0.2358,0.7642,,True,completed
336,pkw,513.0,823.0,310.0,,2212.151,23.0,58.0,252.0,103.702,,,0.1871,0.8129,,True,completed
320,pkw,498.0,824.0,326.0,,2376.696,12.0,52.0,274.0,94.1,,,0.1595,0.8405,,True,completed
396,pkw,591.0,826.0,235.0,,1865.458,2.0,35.0,200.0,64.875,,,0.1489,0.8511,,True,completed
483,pkw,649.0,828.0,179.0,,1547.827,3.0,19.0,160.0,33.962,,,0.1061,0.8939,,True,completed
382,pkw,569.0,829.0,260.0,,2338.337,2.0,16.0,244.0,43.94,,,0.0615,0.9385,,True,completed
433,pkw,618.0,830.0,212.0,,894.096,42.0,73.0,139.0,121.452,,,0.3443,0.6557,,True,completed
485,pkw,649.0,835.0,186.0,,1210.239,14.0,32.0,154.0,63.62,,,0.172,0.828,,True,completed
503,pkw,665.0,836.0,171.0,,1304.581,6.0,9.0,162.0,33.045,,,0.0526,0.9474,,True,completed
637,pkw,752.0,836.0,84.0,,738.84,7.0,7.0,77.0,16.504,,,0.0833,0.9167,,True,completed
240,pkw,417.0,837.0,420.0,,3313.474,4.0,48.0,372.0,90.49,,,0.1143,0.8857,,True,completed
411,pkw,605.0,838.0,233.0,,1683.747,30.0,39.0,194.0,76.972,,,0.1674,0.8326,,True,completed
524,pkw,684.0,838.0,154.0,,1327.041,7.0,7.0,147.0,25.415,,,0.0455,0.9545,,True,completed
417,pkw,610.0,842.0,232.0,,2143.881,0.0,14.0,218.0,37.443,,,0.0603,0.9397,,True,completed
387,pkw,579.0,844.0,265.0,,2492.599,8.0,9.0,256.0,39.404,,,0.034,0.966,,True,completed
599,pkw,730.0,844.0,114.0,,872.063,14.0,14.0,100.0,34.154,,,0.1228,0.8772,,True,completed
355,pkw,540.0,845.0,305.0,,1557.017,52.0,106.0,199.0,159.106,,,0.3475,0.6525,,True,completed
392,pkw,590.0,846.0,256.0,,2062.27,11.0,35.0,221.0,60.046,,,0.1367,0.8633,,True,completed
527,pkw,685.0,846.0,161.0,,1266.825,2.0,20.0,141.0,45.519,,,0.1242,0.8758,,True,completed
582,pkw,718.0,846.0,128.0,,886.947,0.0,0.0,128.0,14.917,,,0.0,1.0,,True,completed
668,pkw,775.0,846.0,71.0,,369.731,19.0,19.0,52.0,36.724,,,0.2676,0.7324,,True,completed
385,pkw,575.0,848.0,273.0,,2281.47,13.0,32.0,241.0,64.383,,,0.1172,0.8828,,True,completed
420,pkw,611.0,848.0,237.0,,1818.9,0.0,22.0,215.0,54.653,,,0.0928,0.9072,,True,completed
447,pkw,625.0,848.0,223.0,,1965.853,4.0,6.0,217.0,43.263,,,0.0269,0.9731,,True,completed
364,pkw,546.0,850.0,304.0,,2502.744,12.0,25.0,279.0,74.548,,,0.0822,0.9178,,True,completed
486,pkw,651.0,850.0,199.0,,1816.086,14.0,14.0,185.0,30.205,,,0.0704,0.9296,,True,completed
394,pkw,590.0,851.0,261.0,,2041.67,27.0,44.0,217.0,60.74,,,0.1686,0.8314,,True,completed
294,pkw,471.0,853.0,382.0,,2787.456,16.0,79.0,303.0,117.608,,,0.2068,0.7932,,True,completed
432,pkw,618.0,854.0,236.0,,2132.759,19.0,19.0,217.0,38.773,,,0.0805,0.9195,,True,completed
541,pkw,692.0,854.0,162.0,,975.252,28.0,35.0,127.0,67.01,,,0.216,0.784,,True,completed
605,pkw,735.0,855.0,120.0,,767.722,19.0,19.0,101.0,47.955,,,0.1583,0.8417,,True,completed
626,pkw,745.0,855.0,110.0,,984.128,0.0,0.0,110.0,11.389,,,0.0,1.0,,True,completed
239,pkw,416.0,856.0,440.0,,3150.798,24.0,64.0,376.0,145.509,,,0.1455,0.8545,,True,completed
327,pkw,509.0,859.0,350.0,,1962.398,19.0,72.0,278.0,164.384,,,0.2057,0.7943,,True,completed
458,pkw,632.0,860.0,228.0,,1928.691,1.0,30.0,198.0,49.58,,,0.1316,0.8684,,True,completed
377,pkw,563.0,862.0,299.0,,1675.085,13.0,88.0,211.0,147.241,,,0.2943,0.7057,,True,completed
422,pkw,613.0,863.0,250.0,,2328.497,0.0,9.0,241.0,34.644,,,0.036,0.964,,True,completed
643,pkw,755.0,864.0,109.0,,729.949,6.0,6.0,103.0,31.81,,,0.055,0.945,,True,completed
409,pkw,603.0,865.0,262.0,,2036.591,6.0,23.0,239.0,53.581,,,0.0878,0.9122,,True,completed
561,pkw,703.0,866.0,163.0,,1328.811,16.0,16.0,147.0,35.671,,,0.0982,0.9018,,True,completed
546,pkw,695.0,867.0,172.0,,1493.779,3.0,10.0,162.0,34.232,,,0.0581,0.9419,,True,completed
437,pkw,619.0,868.0,249.0,,2081.996,33.0,37.0,212.0,46.719,,,0.1486,0.8514,,True,completed
466,pkw,636.0,868.0,232.0,,1621.404,17.0,37.0,195.0,83.242,,,0.1595,0.8405,,True,completed
389,pkw,584.0,869.0,285.0,,1995.26,13.0,44.0,241.0,96.753,,,0.1544,0.8456,,True,completed
245,pkw,418.0,870.0,452.0,,3359.592,10.0,75.0,377.0,131.122,,,0.1659,0.8341,,True,completed
407,pkw,602.0,870.0,268.0,,1662.713,4.0,52.0,216.0,100.757,,,0.194,0.806,,True,completed
652,pkw,765.0,871.0,106.0,,1012.096,1.0,1.0,105.0,12.256,,,0.0094,0.9906,,True,completed
579,pkw,716.0,873.0,157.0,,975.787,10.0,24.0,133.0,63.394,,,0.1529,0.8471,,True,completed
583,pkw,719.0,878.0,159.0,,973.012,9.0,37.0,122.0,57.439,,,0.2327,0.7673,,True,completed
644,pkw,755.0,878.0,123.0,,1113.746,0.0,10.0,113.0,19.26,,,0.0813,0.9187,,True,completed
275,pkw,454.0,879.0,425.0,,2876.803,52.0,93.0,332.0,162.703,,,0.2188,0.7812,,True,completed
428,pkw,615.0,879.0,264.0,,2195.077,15.0,35.0,229.0,57.165,,,0.1326,0.8674,,True,completed
660,pkw,771.0,882.0,111.0,,754.829,11.0,13.0,98.0,40.547,,,0.1171,0.8829,,True,completed
693,pkw,791.0,882.0,91.0,,729.222,0.0,0.0,91.0,12.374,,,0.0,1.0,,True,completed
563,pkw,706.0,884.0,178.0,,1416.517,0.0,27.0,151.0,48.761,,,0.1517,0.8483,,True,completed
621,pkw,742.0,884.0,142.0,,1151.661,14.0,23.0,119.0,36.96,,,0.162,0.838,,True,completed
375,pkw,561.0,887.0,326.0,,1608.042,53.0,119.0,207.0,174.267,,,0.365,0.635,,True,completed
727,pkw,812.0,887.0,75.0,,645.303,0.0,0.0,75.0,9.583,,,0.0,1.0,,True,completed
371,pkw,555.0,888.0,333.0,,2276.482,32.0,70.0,263.0,112.639,,,0.2102,0.7898,,True,completed
521,pkw,682.0,888.0,206.0,,1391.89,0.0,19.0,187.0,28.622,,,0.0922,0.9078,,True,completed
531,pkw,687.0,888.0,201.0,,1791.242,0.0,21.0,180.0,38.076,,,0.1045,0.8955,,True,completed
340,pkw,516.0,890.0,374.0,,1689.858,37.0,114.0,260.0,169.458,,,0.3048,0.6952,,True,completed
446,pkw,624.0,890.0,266.0,,2535.299,0.0,3.0,263.0,34.609,,,0.0113,0.9887,,True,completed
608,pkw,736.0,890.0,154.0,,1488.918,0.0,0.0,154.0,12.189,,,0.0,1.0,,True,completed
694,pkw,791.0,890.0,99.0,,589.1,33.0,33.0,66.0,44.98,,,0.3333,0.6667,,True,completed
414,pkw,608.0,895.0,287.0,,2571.95,8.0,24.0,263.0,51.436,,,0.0836,0.9164,,True,completed
425,pkw,613.0,895.0,282.0,,2351.688,6.0,25.0,257.0,59.285,,,0.0887,0.9113,,True,completed
436,pkw,619.0,895.0,276.0,,2156.947,21.0,47.0,229.0,71.234,,,0.1703,0.8297,,True,completed
474,pkw,642.0,895.0,253.0,,2058.41,7.0,34.0,219.0,66.523,,,0.1344,0.8656,,True,completed
369,pkw,550.0,897.0,347.0,,2535.385,25.0,50.0,297.0,99.071,,,0.1441,0.8559,,True,completed
506,pkw,667.0,897.0,230.0,,1464.12,24.0,54.0,176.0,92.209,,,0.2348,0.7652,,True,completed
307,pkw,484.0,898.0,414.0,,2097.192,58.0,138.0,276.0,213.303,,,0.3333,0.6667,,True,completed
429,pkw,615.0,898.0,283.0,,2049.999,10.0,47.0,236.0,89.161,,,0.1661,0.8339,,True,completed
571,pkw,710.0,898.0,188.0,,1082.425,43.0,55.0,133.0,89.581,,,0.2926,0.7074,,True,completed
322,pkw,501.0,900.0,399.0,,1958.104,41.0,125.0,274.0,215.575,,,0.3133,0.6867,,True,completed
339,pkw,515.0,900.0,385.0,,2612.893,36.0,80.0,305.0,127.086,,,0.2078,0.7922,,True,completed
356,pkw,540.0,903.0,363.0,,2022.63,45.0,95.0,268.0,148.166,,,0.2617,0.7383,,True,completed
430,pkw,615.0,904.0,289.0,,2518.461,21.0,30.0,259.0,52.538,,,0.1038,0.8962,,True,completed
398,pkw,594.0,905.0,311.0,,1862.829,0.0,103.0,208.0,130.864,,,0.3312,0.6688,,True,completed
418,pkw,610.0,906.0,296.0,,1390.05,24.0,110.0,186.0,166.632,,,0.3716,0.6284,,True,completed
416,pkw,609.0,907.0,298.0,,2126.978,0.0,24.0,274.0,57.164,,,0.0805,0.9195,,True,completed
452,pkw,628.0,907.0,279.0,,2012.924,23.0,51.0,228.0,87.734,,,0.1828,0.8172,,True,completed
745,pkw,824.0,911.0,87.0,,745.488,4.0,4.0,83.0,14.932,,,0.046,0.954,,True,completed
500,pkw,664.0,916.0,252.0,,1867.772,10.0,51.0,201.0,82.37,,,0.2024,0.7976,,True,completed
451,pkw,627.0,917.0,290.0,,1981.081,7.0,64.0,226.0,110.368,,,0.2207,0.7793,,True,completed
465,pkw,636.0,918.0,282.0,,2343.711,0.0,6.0,276.0,37.888,,,0.0213,0.9787,,True,completed
292,pkw,471.0,919.0,448.0,,3356.506,55.0,77.0,371.0,144.084,,,0.1719,0.8281,,True,completed
347,pkw,531.0,919.0,388.0,,2550.668,59.0,98.0,290.0,155.938,,,0.2526,0.7474,,True,completed
460,pkw,633.0,919.0,286.0,,1562.47,21.0,98.0,188.0,135.389,,,0.3427,0.6573,,True,completed
631,pkw,751.0,921.0,170.0,,1476.118,0.0,0.0,170.0,15.4,,,0.0,1.0,,True,completed
641,pkw,753.0,921.0,168.0,,1642.225,1.0,5.0,163.0,18.709,,,0.0298,0.9702,,True,completed
697,pkw,793.0,921.0,128.0,,655.765,33.0,34.0,94.0,67.208,,,0.2656,0.7344,,True,completed
479,pkw,645.0,922.0,277.0,,2369.341,1.0,12.0,265.0,42.414,,,0.0433,0.9567,,True,completed
441,pkw,621.0,923.0,302.0,,1964.089,59.0,74.0,228.0,122.57,,,0.245,0.755,,True,completed
423,pkw,613.0,924.0,311.0,,2729.327,1.0,17.0,294.0,63.266,,,0.0547,0.9453,,True,completed
576,pkw,714.0,924.0,210.0,,1838.648,0.0,12.0,198.0,33.038,,,0.0571,0.9429,,True,completed
386,pkw,577.0,925.0,348.0,,2092.593,38.0,78.0,270.0,130.304,,,0.2241,0.7759,,True,completed
817,pkw,880.0,926.0,46.0,,443.298,0.0,0.0,46.0,5.103,,,0.0,1.0,,True,completed
454,pkw,630.0,927.0,297.0,,2615.26,3.0,24.0,273.0,57.467,,,0.0808,0.9192,,True,completed
763,pkw,837.0,927.0,90.0,,713.489,7.0,7.0,83.0,24.543,,,0.0778,0.9222,,True,completed
338,pkw,515.0,929.0,414.0,,3490.783,1.0,48.0,366.0,89.226,,,0.1159,0.8841,,True,completed
463,pkw,635.0,929.0,294.0,,2613.315,1.0,19.0,275.0,55.987,,,0.0646,0.9354,,True,completed
760,pkw,834.0,930.0,96.0,,730.254,0.0,0.0,96.0,9.352,,,0.0,1.0,,True,completed
462,pkw,634.0,932.0,298.0,,2338.296,23.0,24.0,274.0,70.961,,,0.0805,0.9195,,True,completed
227,pkw,396.0,936.0,540.0,,2902.552,13.0,154.0,386.0,239.335,,,0.2852,0.7148,,True,completed
676,pkw,781.0,936.0,155.0,,1063.267,5.0,5.0,150.0,25.746,,,0.0323,0.9677,,True,completed
606,pkw,735.0,937.0,202.0,,1630.978,21.0,30.0,172.0,38.243,,,0.1485,0.8515,,True,completed
388,pkw,581.0,940.0,359.0,,2364.797,42.0,94.0,265.0,134.736,,,0.2618,0.7382,,True,completed
610,pkw,737.0,941.0,204.0,,1554.624,21.0,30.0,174.0,40.327,,,0.1471,0.8529,,True,completed
572,pkw,711.0,942.0,231.0,,1132.978,26.0,67.0,164.0,114.287,,,0.29,0.71,,True,completed
518,pkw,680.0,943.0,263.0,,2146.028,16.0,31.0,232.0,67.102,,,0.1179,0.8821,,True,completed
681,pkw,783.0,944.0,161.0,,1521.929,1.0,1.0,160.0,18.718,,,0.0062,0.9938,,True,completed
400,pkw,599.0,945.0,346.0,,2963.237,8.0,30.0,316.0,65.246,,,0.0867,0.9133,,True,completed
535,pkw,690.0,946.0,256.0,,2148.474,0.0,15.0,241.0,42.006,,,0.0586,0.9414,,True,completed
549,pkw,697.0,947.0,250.0,,2141.81,20.0,29.0,221.0,54.404,,,0.116,0.884,,True,completed
617,pkw,740.0,948.0,208.0,,1450.406,19.0,46.0,162.0,66.621,,,0.2212,0.7788,,True,completed
401,pkw,599.0,949.0,350.0,,2511.023,0.0,73.0,277.0,114.622,,,0.2086,0.7914,,True,completed
413,pkw,607.0,950.0,343.0,,1681.458,17.0,125.0,218.0,190.513,,,0.3644,0.6356,,True,completed
695,pkw,792.0,951.0,159.0,,1399.666,12.0,12.0,147.0,30.095,,,0.0755,0.9245,,True,completed
795,pkw,856.0,951.0,95.0,,643.824,25.0,25.0,70.0,35.697,,,0.2632,0.7368,,True,completed
547,pkw,696.0,952.0,256.0,,1680.171,18.0,53.0,203.0,103.014,,,0.207,0.793,,True,completed
669,pkw,775.0,954.0,179.0,,1329.497,0.0,18.0,161.0,42.493,,,0.1006,0.8994,,True,completed
522,pkw,682.0,955.0,273.0,,1956.163,27.0,48.0,225.0,90.642,,,0.1758,0.8242,,True,completed
472,pkw,639.0,957.0,318.0,,2244.421,0.0,65.0,253.0,113.736,,,0.2044,0.7956,,True,completed
624,pkw,744.0,957.0,213.0,,1270.663,50.0,59.0,154.0,96.932,,,0.277,0.723,,True,completed
461,pkw,633.0,959.0,326.0,,1527.841,23.0,123.0,203.0,169.052,,,0.3773,0.6227,,True,completed
551,pkw,698.0,960.0,262.0,,2089.399,0.0,5.0,257.0,32.496,,,0.0191,0.9809,,True,completed
481,pkw,648.0,962.0,314.0,,1444.375,24.0,125.0,189.0,183.005,,,0.3981,0.6019,,True,completed
505,pkw,667.0,962.0,295.0,,1817.326,36.0,81.0,214.0,128.6,,,0.2746,0.7254,,True,completed
809,pkw,869.0,964.0,95.0,,900.281,1.0,1.0,94.0,12.45,,,0.0105,0.9895,,True,completed
533,pkw,689.0,965.0,276.0,,976.028,78.0,133.0,143.0,177.469,,,0.4819,0.5181,,True,completed
553,pkw,700.0,965.0,265.0,,1699.952,43.0,67.0,198.0,100.377,,,0.2528,0.7472,,True,completed
468,pkw,638.0,967.0,329.0,,2617.728,14.0,27.0,302.0,76.721,,,0.0821,0.9179,,True,completed
489,pkw,654.0,967.0,313.0,,2302.452,0.0,32.0,281.0,81.044,,,0.1022,0.8978,,True,completed
566,pkw,708.0,968.0,260.0,,2016.248,31.0,44.0,216.0,75.385,,,0.1692,0.8308,,True,completed
741,pkw,823.0,969.0,146.0,,1125.268,16.0,20.0,126.0,33.089,,,0.137,0.863,,True,completed
439,pkw,621.0,970.0,349.0,,2360.434,30.0,53.0,296.0,128.456,,,0.1519,0.8481,,True,completed
659,pkw,769.0,970.0,201.0,,1612.93,21.0,28.0,173.0,54.332,,,0.1393,0.8607,,True,completed
593,pkw,727.0,973.0,246.0,,1825.783,22.0,51.0,195.0,78.224,,,0.2073,0.7927,,True,completed
516,pkw,678.0,974.0,296.0,,2080.888,17.0,34.0,262.0,82.113,,,0.1149,0.8851,,True,completed
361,pkw,544.0,975.0,431.0,,2962.525,21.0,102.0,329.0,150.539,,,0.2367,0.7633,,True,completed
410,pkw,604.0,975.0,371.0,,2113.441,22.0,97.0,274.0,158.433,,,0.2615,0.7385,,True,completed
586,pkw,721.0,976.0,255.0,,1998.85,20.0,37.0,218.0,73.156,,,0.1451,0.8549,,True,completed
455,pkw,632.0,977.0,345.0,,2464.883,9.0,71.0,274.0,100.219,,,0.2058,0.7942,,True,completed
507,pkw,668.0,977.0,309.0,,1829.633,11.0,88.0,221.0,142.061,,,0.2848,0.7152,,True,completed
580,pkw,717.0,977.0,260.0,,1534.092,21.0,66.0,194.0,107.752,,,0.2538,0.7462,,True,completed
638,pkw,752.0,981.0,229.0,,2098.715,0.0,24.0,205.0,38.598,,,0.1048,0.8952,,True,completed
600,pkw,730.0,984.0,254.0,,1369.704,26.0,83.0,171.0,125.803,,,0.3268,0.6732,,True,completed
707,pkw,802.0,984.0,182.0,,1475.924,15.0,19.0,163.0,47.701,,,0.1044,0.8956,,True,completed
773,pkw,844.0,984.0,140.0,,986.26,14.0,14.0,126.0,43.123,,,0.1,0.9,,True,completed
887,pkw,921.0,985.0,64.0,,418.895,13.0,13.0,51.0,24.492,,,0.2031,0.7969,,True,completed
698,pkw,795.0,986.0,191.0,,1897.424,0.0,0.0,191.0,12.16,,,0.0,1.0,,True,completed
721,pkw,809.0,986.0,177.0,,1376.008,23.0,26.0,151.0,51.407,,,0.1469,0.8531,,True,completed
832,pkw,891.0,986.0,95.0,,669.501,9.0,9.0,86.0,27.186,,,0.0947,0.9053,,True,completed
570,pkw,710.0,989.0,279.0,,1990.518,2.0,64.0,215.0,97.742,,,0.2294,0.7706,,True,completed
619,pkw,741.0,989.0,248.0,,2274.428,0.0,22.0,226.0,40.86,,,0.0887,0.9113,,True,completed
627,pkw,747.0,989.0,242.0,,1822.026,0.0,13.0,229.0,36.996,,,0.0537,0.9463,,True,completed
719,pkw,809.0,989.0,180.0,,1294.407,1.0,23.0,157.0,56.083,,,0.1278,0.8722,,True,completed
457,pkw,632.0,990.0,358.0,,2409.079,0.0,45.0,313.0,82.632,,,0.1257,0.8743,,True,completed
648,pkw,757.0,990.0,233.0,,1586.931,27.0,52.0,181.0,77.599,,,0.2232,0.7768,,True,completed
666,pkw,773.0,991.0,218.0,,1717.355,12.0,22.0,196.0,55.161,,,0.1009,0.8991,,True,completed
640,pkw,753.0,992.0,239.0,,1911.329,8.0,26.0,213.0,53.763,,,0.1088,0.8912,,True,completed
769,pkw,840.0,993.0,153.0,,1324.278,0.0,13.0,140.0,32.239,,,0.085,0.915,,True,completed
802,pkw,862.0,993.0,131.0,,667.785,44.0,46.0,85.0,48.971,,,0.3511,0.6489,,True,completed
543,pkw,693.0,995.0,302.0,,1910.236,9.0,53.0,249.0,117.88,,,0.1755,0.8245,,True,completed
473,pkw,640.0,996.0,356.0,,2546.541,19.0,79.0,277.0,115.451,,,0.2219,0.7781,,True,completed
574,pkw,713.0,996.0,283.0,,2301.201,0.0,47.0,236.0,68.771,,,0.1661,0.8339,,True,completed
534,pkw,689.0,997.0,308.0,,2315.646,25.0,57.0,251.0,96.74,,,0.1851,0.8149,,True,completed
654,pkw,766.0,998.0,232.0,,1652.055,8.0,26.0,206.0,42.517,,,0.1121,0.8879,,True,completed
298,pkw,476.0,999.0,523.0,,2526.454,55.0,181.0,342.0,273.317,,,0.3461,0.6539,,True,completed
772,pkw,843.0,1000.0,157.0,,1159.96,3.0,3.0,154.0,17.0,,,0.0191,0.9809,,True,completed
419,pkw,611.0,1002.0,391.0,,2708.949,0.0,87.0,304.0,134.616,,,0.2225,0.7775,,True,completed
861,pkw,909.0,1002.0,93.0,,730.064,8.0,8.0,85.0,12.204,,,0.086,0.914,,True,completed
442,pkw,622.0,1003.0,381.0,,2139.205,50.0,119.0,262.0,185.645,,,0.3123,0.6877,,True,completed
536,pkw,690.0,1003.0,313.0,,2675.813,0.0,30.0,283.0,65.959,,,0.0958,0.9042,,True,completed
492,pkw,656.0,1004.0,348.0,,2556.076,1.0,56.0,292.0,107.333,,,0.1609,0.8391,,True,completed
726,pkw,813.0,1005.0,192.0,,1921.769,0.0,0.0,192.0,14.291,,,0.0,1.0,,True,completed
642,pkw,754.0,1006.0,252.0,,1179.431,27.0,73.0,179.0,137.509,,,0.2897,0.7103,,True,completed
651,pkw,765.0,1006.0,241.0,,1627.005,23.0,40.0,201.0,85.759,,,0.166,0.834,,True,completed
577,pkw,715.0,1007.0,292.0,,1646.409,29.0,66.0,226.0,138.777,,,0.226,0.774,,True,completed
601,pkw,730.0,1007.0,277.0,,2327.375,0.0,35.0,242.0,64.136,,,0.1264,0.8736,,True,completed
603,pkw,734.0,1007.0,273.0,,1868.408,15.0,57.0,216.0,92.05,,,0.2088,0.7912,,True,completed
344,pkw,527.0,1008.0,481.0,,2771.381,31.0,138.0,343.0,218.28,,,0.2869,0.7131,,True,completed
632,pkw,749.0,1009.0,260.0,,1764.001,17.0,30.0,230.0,62.037,,,0.1154,0.8846,,True,completed
378,pkw,564.0,1010.0,446.0,,2217.48,32.0,131.0,315.0,241.219,,,0.2937,0.7063,,True,completed
449,pkw,625.0,1010.0,385.0,,2282.922,33.0,104.0,281.0,176.262,,,0.2701,0.7299,,True,completed
750,pkw,829.0,1010.0,181.0,,1809.304,0.0,3.0,178.0,16.606,,,0.0166,0.9834,,True,completed
623,pkw,743.0,1012.0,269.0,,1813.599,2.0,56.0,213.0,104.573,,,0.2082,0.7918,,True,completed
1003,pkw,987.0,1013.0,26.0,,200.214,0.0,0.0,26.0,1.687,,,0.0,1.0,,True,completed
585,pkw,720.0,1015.0,295.0,,1698.138,12.0,67.0,228.0,140.769,,,0.2271,0.7729,,True,completed
448,pkw,625.0,1016.0,391.0,,2464.061,35.0,100.0,291.0,158.162,,,0.2558,0.7442,,True,completed
556,pkw,701.0,1016.0,315.0,,1660.173,36.0,113.0,202.0,154.925,,,0.3587,0.6413,,True,completed
810,pkw,873.0,1016.0,143.0,,1263.036,4.0,4.0,139.0,25.953,,,0.028,0.972,,True,completed
883,pkw,920.0,1016.0,96.0,,736.826,12.0,12.0,84.0,22.709,,,0.125,0.875,,True,completed
496,pkw,660.0,1017.0,357.0,,2240.327,26.0,82.0,275.0,150.762,,,0.2297,0.7703,,True,completed
491,pkw,656.0,1018.0,362.0,,2091.935,49.0,105.0,257.0,172.454,,,0.2901,0.7099,,True,completed
569,pkw,709.0,1018.0,309.0,,1816.027,14.0,75.0,234.0,140.894,,,0.2427,0.7573,,True,completed
443,pkw,622.0,1019.0,397.0,,2422.904,37.0,108.0,289.0,168.985,,,0.272,0.728,,True,completed
532,pkw,687.0,1019.0,332.0,,1514.052,43.0,118.0,214.0,182.688,,,0.3554,0.6446,,True,completed
584,pkw,719.0,1020.0,301.0,,2377.371,13.0,39.0,262.0,84.957,,,0.1296,0.8704,,True,completed
591,pkw,724.0,1020.0,296.0,,1893.276,27.0,55.0,241.0,120.182,,,0.1858,0.8142,,True,completed
836,pkw,894.0,1022.0,128.0,,1061.674,1.0,1.0,127.0,16.811,,,0.0078,0.9922,,True,completed
509,pkw,669.0,1023.0,354.0,,2715.019,0.0,38.0,316.0,82.904,,,0.1073,0.8927,,True,completed
897,pkw,926.0,1023.0,97.0,,595.978,21.0,21.0,76.0,41.167,,,0.2165,0.7835,,True,completed
559,pkw,702.0,1024.0,322.0,,2334.708,14.0,49.0,273.0,98.867,,,0.1522,0.8478,,True,completed
983,pkw,974.0,1024.0,50.0,,379.312,0.0,0.0,50.0,4.43,,,0.0,1.0,,True,completed
319,pkw,498.0,1025.0,527.0,,3650.587,6.0,116.0,411.0,169.985,,,0.2201,0.7799,,True,completed
706,pkw,802.0,1029.0,227.0,,1585.635,0.0,31.0,196.0,73.38,,,0.1366,0.8634,,True,completed
354,pkw,540.0,1030.0,490.0,,3358.906,14.0,115.0,375.0,174.075,,,0.2347,0.7653,,True,completed
917,pkw,936.0,1033.0,97.0,,685.757,4.0,4.0,93.0,29.441,,,0.0412,0.9588,,True,completed
544,pkw,695.0,1034.0,339.0,,2332.455,15.0,57.0,282.0,113.924,,,0.1681,0.8319,,True,completed
770,pkw,841.0,1034.0,193.0,,1321.886,15.0,19.0,174.0,67.747,,,0.0984,0.9016,,True,completed
857,pkw,906.0,1035.0,129.0,,1065.097,12.0,12.0,117.0,30.641,,,0.093,0.907,,True,completed
537,pkw,691.0,1036.0,345.0,,2665.622,0.0,59.0,286.0,94.715,,,0.171,0.829,,True,completed
545,pkw,695.0,1036.0,341.0,,2916.698,24.0,36.0,305.0,74.638,,,0.1056,0.8944,,True,completed
766,pkw,840.0,1037.0,197.0,,1404.548,17.0,23.0,174.0,55.641,,,0.1168,0.8832,,True,completed
445,pkw,624.0,1039.0,415.0,,1398.858,76.0,186.0,229.0,269.033,,,0.4482,0.5518,,True,completed
548,pkw,696.0,1039.0,343.0,,2568.208,22.0,60.0,283.0,109.216,,,0.1749,0.8251,,True,completed
800,pkw,861.0,1039.0,178.0,,1496.732,2.0,16.0,162.0,32.72,,,0.0899,0.9101,,True,completed
915,pkw,935.0,1039.0,104.0,,656.661,16.0,16.0,88.0,43.545,,,0.1538,0.8462,,True,completed
853,pkw,904.0,1040.0,136.0,,1116.079,1.0,24.0,112.0,34.552,,,0.1765,0.8235,,True,completed
872,pkw,914.0,1040.0,126.0,,800.14,26.0,26.0,100.0,40.241,,,0.2063,0.7937,,True,completed
819,pkw,881.0,1041.0,160.0,,1247.93,7.0,13.0,147.0,35.272,,,0.0813,0.9187,,True,completed
846,pkw,902.0,1044.0,142.0,,1309.179,0.0,0.0,142.0,11.862,,,0.0,1.0,,True,completed
664,pkw,772.0,1045.0,273.0,,1910.988,43.0,55.0,218.0,89.826,,,0.2015,0.7985,,True,completed
833,pkw,891.0,1045.0,154.0,,766.468,27.0,46.0,108.0,75.874,,,0.2987,0.7013,,True,completed
835,pkw,894.0,1045.0,151.0,,1114.484,32.0,32.0,119.0,47.989,,,0.2119,0.7881,,True,completed
687,pkw,788.0,1046.0,258.0,,2193.119,0.0,9.0,249.0,46.874,,,0.0349,0.9651,,True,completed
867,pkw,913.0,1046.0,133.0,,1395.432,0.0,0.0,133.0,6.41,,,0.0,1.0,,True,completed
908,pkw,933.0,1046.0,113.0,,960.198,3.0,3.0,110.0,18.985,,,0.0265,0.9735,,True,completed
330,pkw,512.0,1047.0,535.0,,1590.638,31.0,331.0,204.0,374.334,,,0.6187,0.3813,,True,completed
421,pkw,612.0,1047.0,435.0,,1964.909,59.0,177.0,258.0,254.471,,,0.4069,0.5931,,True,completed
870,pkw,916.0,1048.0,132.0,,875.703,29.0,29.0,103.0,51.866,,,0.2197,0.7803,,True,completed
950,pkw,956.0,1048.0,92.0,,507.385,27.0,27.0,65.0,44.349,,,0.2935,0.7065,,True,completed
842,pkw,899.0,1049.0,150.0,,796.238,38.0,43.0,107.0,75.964,,,0.2867,0.7133,,True,completed
958,pkw,959.0,1049.0,90.0,,670.145,5.0,5.0,85.0,22.261,,,0.0556,0.9444,,True,completed
708,pkw,802.0,1050.0,248.0,,1885.126,4.0,29.0,219.0,58.772,,,0.1169,0.8831,,True,completed
865,pkw,912.0,1050.0,138.0,,785.963,24.0,31.0,107.0,64.439,,,0.2246,0.7754,,True,completed
391,pkw,587.0,1051.0,464.0,,1970.854,35.0,159.0,305.0,278.198,,,0.3427,0.6573,,True,completed
595,pkw,728.0,1051.0,323.0,,2564.956,23.0,51.0,272.0,85.543,,,0.1579,0.8421,,True,completed
731,pkw,813.0,1051.0,238.0,,1442.064,13.0,33.0,205.0,91.732,,,0.1387,0.8613,,True,completed
701,pkw,796.0,1052.0,256.0,,1492.799,35.0,64.0,192.0,110.586,,,0.25,0.75,,True,completed
758,pkw,848.0,1053.0,205.0,,2007.944,1.0,1.0,204.0,20.114,,,0.0049,0.9951,,True,completed
729,pkw,812.0,1054.0,242.0,,1830.066,29.0,29.0,213.0,59.751,,,0.1198,0.8802,,True,completed
734,pkw,816.0,1055.0,239.0,,1530.605,39.0,58.0,181.0,89.318,,,0.2427,0.7573,,True,completed
554,pkw,700.0,1057.0,357.0,,1666.079,21.0,118.0,239.0,195.11,,,0.3305,0.6695,,True,completed
614,pkw,738.0,1058.0,320.0,,1715.953,56.0,104.0,216.0,152.912,,,0.325,0.675,,True,completed
261,pkw,438.0,1059.0,621.0,,3188.653,64.0,164.0,457.0,274.1,,,0.2641,0.7359,,True,completed
620,pkw,742.0,1060.0,318.0,,2357.193,13.0,58.0,260.0,94.866,,,0.1824,0.8176,,True,completed
682,pkw,783.0,1063.0,280.0,,2438.678,0.0,21.0,259.0,59.212,,,0.075,0.925,,True,completed
552,pkw,700.0,1064.0,364.0,,1635.964,56.0,117.0,247.0,205.253,,,0.3214,0.6786,,True,completed
564,pkw,706.0,1064.0,358.0,,1861.009,0.0,133.0,225.0,185.312,,,0.3715,0.6285,,True,completed
715,pkw,806.0,1064.0,258.0,,1567.967,18.0,78.0,180.0,114.488,,,0.3023,0.6977,,True,completed
717,pkw,807.0,1064.0,257.0,,1321.617,6.0,76.0,181.0,120.936,,,0.2957,0.7043,,True,completed
649,pkw,762.0,1065.0,303.0,,2528.356,28.0,42.0,261.0,73.503,,,0.1386,0.8614,,True,completed
739,pkw,822.0,1066.0,244.0,,1827.855,17.0,36.0,208.0,66.569,,,0.1475,0.8525,,True,completed
611,pkw,737.0,1067.0,330.0,,1726.57,25.0,102.0,228.0,170.23,,,0.3091,0.6909,,True,completed
702,pkw,798.0,1067.0,269.0,,2342.612,0.0,23.0,246.0,49.759,,,0.0855,0.9145,,True,completed
941,pkw,949.0,1068.0,119.0,,1141.306,0.0,0.0,119.0,9.457,,,0.0,1.0,,True,completed
674,pkw,780.0,1069.0,289.0,,2233.023,19.0,27.0,262.0,68.207,,,0.0934,0.9066,,True,completed
440,pkw,621.0,1070.0,449.0,,2609.105,22.0,130.0,319.0,211.561,,,0.2895,0.7105,,True,completed
748,pkw,826.0,1071.0,245.0,,2054.756,14.0,29.0,216.0,51.64,,,0.1184,0.8816,,True,completed
779,pkw,846.0,1071.0,225.0,,1682.169,6.0,26.0,199.0,63.184,,,0.1156,0.8844,,True,completed
877,pkw,918.0,1071.0,153.0,,1189.601,9.0,22.0,131.0,44.278,,,0.1438,0.8562,,True,completed
790,pkw,854.0,1072.0,218.0,,1658.223,0.0,5.0,213.0,28.427,,,0.0229,0.9771,,True,completed
909,pkw,933.0,1072.0,139.0,,996.177,8.0,13.0,126.0,32.561,,,0.0935,0.9065,,True,completed
705,pkw,801.0,1073.0,272.0,,1634.932,26.0,83.0,189.0,113.544,,,0.3051,0.6949,,True,completed
744,pkw,824.0,1073.0,249.0,,2343.79,0.0,5.0,244.0,36.101,,,0.0201,0.9799,,True,completed
820,pkw,881.0,1073.0,192.0,,1348.155,13.0,25.0,167.0,58.417,,,0.1302,0.8698,,True,completed
679,pkw,781.0,1074.0,293.0,,2337.788,19.0,35.0,258.0,72.108,,,0.1195,0.8805,,True,completed
925,pkw,940.0,1075.0,135.0,,1143.773,7.0,7.0,128.0,21.444,,,0.0519,0.9481,,True,completed
646,pkw,756.0,1077.0,321.0,,2492.076,25.0,51.0,270.0,84.234,,,0.1589,0.8411,,True,completed
557,pkw,701.0,1078.0,377.0,,2128.249,21.0,106.0,271.0,172.954,,,0.2812,0.7188,,True,completed
645,pkw,755.0,1078.0,323.0,,1018.816,74.0,131.0,192.0,220.152,,,0.4056,0.5944,,True,completed
667,pkw,773.0,1078.0,305.0,,2126.968,23.0,67.0,238.0,106.882,,,0.2197,0.7803,,True,completed
822,pkw,884.0,1078.0,194.0,,974.927,17.0,62.0,132.0,87.091,,,0.3196,0.6804,,True,completed
408,pkw,603.0,1079.0,476.0,,2184.401,55.0,186.0,290.0,274.905,,,0.3908,0.6092,,True,completed
558,pkw,701.0,1079.0,378.0,,2600.285,19.0,86.0,292.0,134.103,,,0.2275,0.7725,,True,completed
765,pkw,839.0,1079.0,240.0,,1428.585,21.0,73.0,167.0,95.158,,,0.3042,0.6958,,True,completed
797,pkw,859.0,1079.0,220.0,,1831.377,16.0,19.0,201.0,52.686,,,0.0864,0.9136,,True,completed
942,pkw,950.0,1079.0,129.0,,942.514,18.0,23.0,106.0,34.443,,,0.1783,0.8217,,True,completed
540,pkw,691.0,1080.0,389.0,,2146.61,41.0,114.0,275.0,171.733,,,0.2931,0.7069,,True,completed
1010,pkw,991.0,1081.0,90.0,,813.433,1.0,2.0,88.0,9.477,,,0.0222,0.9778,,True,completed
912,pkw,935.0,1082.0,147.0,,1356.917,5.0,6.0,141.0,23.336,,,0.0408,0.9592,,True,completed
993,pkw,982.0,1082.0,100.0,,888.868,0.0,0.0,100.0,9.408,,,0.0,1.0,,True,completed
494,pkw,659.0,1083.0,424.0,,2753.647,0.0,109.0,315.0,161.264,,,0.2571,0.7429,,True,completed
1031,pkw,1001.0,1084.0,83.0,,598.558,16.0,16.0,67.0,28.129,,,0.1928,0.8072,,True,completed
616,pkw,740.0,1084.0,344.0,,2427.831,36.0,76.0,268.0,114.075,,,0.2209,0.7791,,True,completed
412,pkw,645.0,1087.0,442.0,,2009.267,68.0,163.0,279.0,249.707,,,0.3688,0.6312,,True,completed
792,pkw,856.0,1088.0,232.0,,1777.96,27.0,45.0,187.0,57.586,,,0.194,0.806,,True,completed
747,pkw,825.0,1089.0,264.0,,2008.32,4.0,38.0,226.0,81.835,,,0.1439,0.8561,,True,completed
749,pkw,827.0,1089.0,262.0,,1038.986,41.0,112.0,150.0,159.999,,,0.4275,0.5725,,True,completed
517,pkw,680.0,1090.0,410.0,,1250.415,36.0,221.0,189.0,279.664,,,0.539,0.461,,True,completed
858,pkw,907.0,1091.0,184.0,,1687.863,5.0,5.0,179.0,29.871,,,0.0272,0.9728,,True,completed
696,pkw,793.0,1092.0,299.0,,2602.482,0.0,34.0,265.0,63.707,,,0.1137,0.8863,,True,completed
514,pkw,675.0,1093.0,418.0,,2199.429,21.0,112.0,306.0,201.087,,,0.2679,0.7321,,True,completed
1032,pkw,1002.0,1094.0,92.0,,745.15,7.0,7.0,85.0,23.936,,,0.0761,0.9239,,True,completed
598,pkw,730.0,1095.0,365.0,,1834.249,21.0,127.0,238.0,197.698,,,0.3479,0.6521,,True,completed
979,pkw,970.0,1095.0,125.0,,989.283,10.0,10.0,115.0,28.809,,,0.08,0.92,,True,completed
1067,pkw,1021.0,1096.0,75.0,,545.795,16.0,16.0,59.0,24.592,,,0.2133,0.7867,,True,completed
847,pkw,902.0,1097.0,195.0,,1419.641,15.0,42.0,153.0,56.46,,,0.2154,0.7846,,True,completed
929,pkw,943.0,1097.0,154.0,,1075.961,9.0,29.0,125.0,56.067,,,0.1883,0.8117,,True,completed
590,pkw,723.0,1098.0,375.0,,1626.948,52.0,133.0,242.0,217.815,,,0.3547,0.6453,,True,completed
778,pkw,845.0,1098.0,253.0,,2050.804,19.0,23.0,230.0,65.486,,,0.0909,0.9091,,True,completed
700,pkw,795.0,1099.0,304.0,,2313.021,34.0,40.0,264.0,75.227,,,0.1316,0.8684,,True,completed
499,pkw,662.0,1100.0,438.0,,1842.355,36.0,168.0,270.0,260.597,,,0.3836,0.6164,,True,completed
450,pkw,627.0,1101.0,474.0,,2662.212,30.0,143.0,331.0,231.665,,,0.3017,0.6983,,True,completed
852,pkw,904.0,1103.0,199.0,,2007.9,2.0,2.0,197.0,16.056,,,0.0101,0.9899,,True,completed
675,pkw,780.0,1105.0,325.0,,1807.96,13.0,99.0,226.0,151.487,,,0.3046,0.6954,,True,completed
921,pkw,939.0,1105.0,166.0,,858.855,25.0,42.0,124.0,86.93,,,0.253,0.747,,True,completed
1076,pkw,1027.0,1106.0,79.0,,737.721,1.0,1.0,78.0,10.63,,,0.0127,0.9873,,True,completed
824,pkw,886.0,1106.0,220.0,,1092.526,47.0,47.0,173.0,96.006,,,0.2136,0.7864,,True,completed
918,pkw,938.0,1106.0,168.0,,1175.033,14.0,35.0,133.0,49.551,,,0.2083,0.7917,,True,completed
922,pkw,940.0,1107.0,167.0,,855.35,23.0,52.0,115.0,87.57,,,0.3114,0.6886,,True,completed
529,pkw,686.0,1108.0,422.0,,2792.939,25.0,96.0,326.0,167.083,,,0.2275,0.7725,,True,completed
1082,pkw,1029.0,1109.0,80.0,,667.086,10.0,10.0,70.0,18.962,,,0.125,0.875,,True,completed
488,pkw,652.0,1109.0,457.0,,3088.204,3.0,72.0,385.0,159.076,,,0.1575,0.8425,,True,completed
733,pkw,817.0,1109.0,292.0,,1828.652,18.0,34.0,258.0,72.409,,,0.1164,0.8836,,True,completed
801,pkw,862.0,1109.0,247.0,,1874.511,26.0,34.0,213.0,75.55,,,0.1377,0.8623,,True,completed
804,pkw,864.0,1109.0,245.0,,1691.469,22.0,45.0,200.0,91.013,,,0.1837,0.8163,,True,completed
813,pkw,877.0,1110.0,233.0,,1927.593,1.0,39.0,194.0,57.4,,,0.1674,0.8326,,True,completed
967,pkw,965.0,1110.0,145.0,,953.912,16.0,16.0,129.0,39.821,,,0.1103,0.8897,,True,completed
761,pkw,836.0,1111.0,275.0,,1580.99,21.0,57.0,218.0,130.297,,,0.2073,0.7927,,True,completed
764,pkw,839.0,1111.0,272.0,,1906.564,41.0,52.0,220.0,86.807,,,0.1912,0.8088,,True,completed
954,pkw,958.0,1111.0,153.0,,1343.838,10.0,10.0,143.0,28.98,,,0.0654,0.9346,,True,completed
490,pkw,655.0,1113.0,458.0,,1968.26,16.0,149.0,309.0,258.933,,,0.3253,0.6747,,True,completed
699,pkw,795.0,1113.0,318.0,,2428.694,59.0,63.0,255.0,88.096,,,0.1981,0.8019,,True,completed
724,pkw,811.0,1113.0,302.0,,1699.031,50.0,92.0,210.0,145.783,,,0.3046,0.6954,,True,completed
840,pkw,899.0,1114.0,215.0,,1858.314,0.0,6.0,209.0,33.714,,,0.0279,0.9721,,True,completed
1060,pkw,1017.0,1115.0,98.0,,668.865,19.0,19.0,79.0,36.802,,,0.1939,0.8061,,True,completed
469,pkw,639.0,1117.0,478.0,,2053.742,26.0,182.0,296.0,265.746,,,0.3808,0.6192,,True,completed
737,pkw,818.0,1118.0,300.0,,1694.024,46.0,80.0,220.0,143.619,,,0.2667,0.7333,,True,completed
775,pkw,844.0,1119.0,275.0,,1707.099,45.0,55.0,220.0,117.97,,,0.2,0.8,,True,completed
905,pkw,932.0,1119.0,187.0,,1608.245,8.0,17.0,170.0,40.821,,,0.0909,0.9091,,True,completed
1023,pkw,998.0,1121.0,123.0,,874.746,25.0,25.0,98.0,42.345,,,0.2033,0.7967,,True,completed
1149,pkw,1061.0,1122.0,61.0,,438.035,14.0,14.0,47.0,20.199,,,0.2295,0.7705,,True,completed
843,pkw,901.0,1122.0,221.0,,1272.656,36.0,52.0,169.0,95.696,,,0.2353,0.7647,,True,completed
1068,pkw,1022.0,1123.0,101.0,,842.814,9.0,9.0,92.0,23.847,,,0.0891,0.9109,,True,completed
746,pkw,825.0,1123.0,298.0,,1769.65,38.0,83.0,215.0,136.064,,,0.2785,0.7215,,True,completed
879,pkw,919.0,1123.0,204.0,,1562.722,23.0,39.0,165.0,61.542,,,0.1912,0.8088,,True,completed
881,pkw,919.0,1123.0,204.0,,1455.932,20.0,34.0,170.0,51.763,,,0.1667,0.8333,,True,completed
782,pkw,847.0,1124.0,277.0,,1553.926,17.0,68.0,209.0,121.833,,,0.2455,0.7545,,True,completed
927,pkw,942.0,1124.0,182.0,,1236.515,30.0,39.0,143.0,69.005,,,0.2143,0.7857,,True,completed
1019,pkw,998.0,1125.0,127.0,,1019.751,15.0,15.0,112.0,32.507,,,0.1181,0.8819,,True,completed
1198,pkw,1088.0,1125.0,37.0,,159.467,16.0,16.0,21.0,21.648,,,0.4324,0.5676,,True,completed
665,pkw,772.0,1125.0,353.0,,2487.088,31.0,69.0,284.0,125.391,,,0.1955,0.8045,,True,completed
816,pkw,879.0,1125.0,246.0,,2498.61,0.0,0.0,246.0,19.203,,,0.0,1.0,,True,completed
1133,pkw,1051.0,1128.0,77.0,,440.756,17.0,17.0,60.0,36.285,,,0.2208,0.7792,,True,completed
568,pkw,709.0,1133.0,424.0,,1605.243,45.0,182.0,242.0,266.777,,,0.4292,0.5708,,True,completed
511,pkw,672.0,1134.0,462.0,,2953.46,0.0,124.0,338.0,190.648,,,0.2684,0.7316,,True,completed
562,pkw,705.0,1135.0,430.0,,2371.237,22.0,118.0,312.0,203.299,,,0.2744,0.7256,,True,completed
1015,pkw,993.0,1136.0,143.0,,695.693,36.0,36.0,107.0,77.377,,,0.2517,0.7483,,True,completed
1134,pkw,1052.0,1136.0,84.0,,739.441,2.0,2.0,82.0,15.45,,,0.0238,0.9762,,True,completed
896,pkw,925.0,1137.0,212.0,,1841.196,3.0,19.0,193.0,43.36,,,0.0896,0.9104,,True,completed
1099,pkw,1037.0,1138.0,101.0,,666.493,25.0,25.0,76.0,40.015,,,0.2475,0.7525,,True,completed
968,pkw,965.0,1139.0,174.0,,1308.908,7.0,9.0,165.0,34.5,,,0.0517,0.9483,,True,completed
987,pkw,976.0,1139.0,163.0,,1453.384,5.0,9.0,154.0,31.194,,,0.0552,0.9448,,True,completed
1154,pkw,1065.0,1140.0,75.0,,736.678,0.0,0.0,75.0,6.782,,,0.0,1.0,,True,completed
1064,pkw,1019.0,1141.0,122.0,,972.131,5.0,9.0,113.0,29.985,,,0.0738,0.9262,,True,completed
612,pkw,738.0,1141.0,403.0,,1913.663,10.0,135.0,268.0,210.767,,,0.335,0.665,,True,completed
841,pkw,899.0,1141.0,242.0,,2252.514,0.0,6.0,236.0,30.088,,,0.0248,0.9752,,True,completed
639,pkw,753.0,1145.0,392.0,,2099.853,27.0,110.0,282.0,200.75,,,0.2806,0.7194,,True,completed
1002,pkw,987.0,1146.0,159.0,,1507.553,0.0,0.0,159.0,19.463,,,0.0,1.0,,True,completed
808,pkw,869.0,1146.0,277.0,,2336.002,13.0,27.0,250.0,56.873,,,0.0975,0.9025,,True,completed
1000,pkw,985.0,1147.0,162.0,,1268.805,3.0,22.0,140.0,46.052,,,0.1358,0.8642,,True,completed
799,pkw,861.0,1147.0,286.0,,2522.246,27.0,27.0,259.0,57.194,,,0.0944,0.9056,,True,completed
1151,pkw,1062.0,1148.0,86.0,,882.974,0.0,0.0,86.0,4.872,,,0.0,1.0,,True,completed
530,pkw,687.0,1148.0,461.0,,2982.877,0.0,125.0,336.0,182.366,,,0.2711,0.7289,,True,completed
670,pkw,776.0,1150.0,374.0,,2173.078,22.0,92.0,282.0,172.226,,,0.246,0.754,,True,completed
1083,pkw,1032.0,1152.0,120.0,,1116.134,1.0,1.0,119.0,11.579,,,0.0083,0.9917,,True,completed
662,pkw,771.0,1152.0,381.0,,2785.397,19.0,62.0,319.0,127.981,,,0.1627,0.8373,,True,completed
757,pkw,832.0,1153.0,321.0,,2716.064,0.0,28.0,293.0,62.566,,,0.0872,0.9128,,True,completed
390,pkw,586.0,1154.0,568.0,,2748.666,13.0,195.0,373.0,309.307,,,0.3433,0.6567,,True,completed
997,pkw,984.0,1154.0,170.0,,1328.225,7.0,7.0,163.0,40.833,,,0.0412,0.9588,,True,completed
882,pkw,919.0,1155.0,236.0,,2091.978,11.0,28.0,208.0,46.33,,,0.1186,0.8814,,True,completed
974,pkw,968.0,1155.0,187.0,,1563.103,11.0,19.0,168.0,44.583,,,0.1016,0.8984,,True,completed
1063,pkw,1018.0,1157.0,139.0,,885.334,25.0,25.0,114.0,39.453,,,0.1799,0.8201,,True,completed
424,pkw,613.0,1159.0,546.0,,2110.81,62.0,249.0,297.0,353.253,,,0.456,0.544,,True,completed
628,pkw,748.0,1161.0,413.0,,3253.694,25.0,59.0,354.0,115.594,,,0.1429,0.8571,,True,completed
1180,pkw,1080.0,1162.0,82.0,,825.939,0.0,0.0,82.0,6.192,,,0.0,1.0,,True,completed
1204,pkw,1091.0,1163.0,72.0,,531.719,14.0,14.0,58.0,22.221,,,0.1944,0.8056,,True,completed
539,pkw,691.0,1164.0,473.0,,3363.378,8.0,94.0,379.0,156.276,,,0.1987,0.8013,,True,completed
587,pkw,722.0,1164.0,442.0,,2360.526,30.0,143.0,299.0,227.729,,,0.3235,0.6765,,True,completed
657,pkw,769.0,1164.0,395.0,,2630.295,37.0,82.0,313.0,154.791,,,0.2076,0.7924,,True,completed
1012,pkw,991.0,1165.0,174.0,,1160.331,29.0,29.0,145.0,67.616,,,0.1667,0.8333,,True,completed
1121,pkw,1048.0,1165.0,117.0,,756.028,31.0,31.0,86.0,46.921,,,0.265,0.735,,True,completed
573,pkw,712.0,1165.0,453.0,,2509.748,22.0,115.0,338.0,220.948,,,0.2539,0.7461,,True,completed
689,pkw,846.0,1166.0,320.0,,2303.426,8.0,59.0,261.0,108.918,,,0.1844,0.8156,,True,completed
780,pkw,846.0,1166.0,320.0,,1690.178,42.0,84.0,236.0,163.213,,,0.2625,0.7375,,True,completed
1020,pkw,998.0,1167.0,169.0,,1064.536,23.0,41.0,128.0,70.691,,,0.2426,0.7574,,True,completed
1051,pkw,1012.0,1167.0,155.0,,1013.875,27.0,44.0,111.0,62.198,,,0.2839,0.7161,,True,completed
823,pkw,886.0,1167.0,281.0,,2389.951,4.0,29.0,252.0,63.656,,,0.1032,0.8968,,True,completed
965,pkw,965.0,1167.0,202.0,,1810.496,0.0,15.0,187.0,29.582,,,0.0743,0.9257,,True,completed
803,pkw,863.0,1168.0,305.0,,1474.172,20.0,81.0,224.0,153.044,,,0.2656,0.7344,,True,completed
480,pkw,646.0,1169.0,523.0,,2911.771,9.0,163.0,360.0,241.215,,,0.3117,0.6883,,True,completed
1043,pkw,1009.0,1170.0,161.0,,736.572,33.0,53.0,108.0,88.719,,,0.3292,0.6708,,True,completed
818,pkw,881.0,1170.0,289.0,,1640.578,8.0,59.0,230.0,139.551,,,0.2042,0.7958,,True,completed
856,pkw,905.0,1170.0,265.0,,1125.913,45.0,110.0,155.0,142.492,,,0.4151,0.5849,,True,completed
977,pkw,969.0,1171.0,202.0,,1828.198,0.0,11.0,191.0,27.478,,,0.0545,0.9455,,True,completed
515,pkw,676.0,1172.0,496.0,,2786.962,19.0,130.0,366.0,237.51,,,0.2621,0.7379,,True,completed
683,pkw,783.0,1172.0,389.0,,1275.677,12.0,168.0,221.0,255.44,,,0.4319,0.5681,,True,completed
1034,pkw,1003.0,1173.0,170.0,,1323.916,29.0,29.0,141.0,46.376,,,0.1706,0.8294,,True,completed
1166,pkw,1071.0,1175.0,104.0,,405.94,31.0,31.0,73.0,52.371,,,0.2981,0.7019,,True,completed
1342,pkw,1162.0,1175.0,13.0,,127.976,0.0,0.0,13.0,0.482,,,0.0,1.0,,True,completed
796,pkw,856.0,1175.0,319.0,,2037.557,17.0,75.0,244.0,134.359,,,0.2351,0.7649,,True,completed
888,pkw,922.0,1175.0,253.0,,1692.554,14.0,38.0,215.0,93.38,,,0.1502,0.8498,,True,completed
730,pkw,812.0,1176.0,364.0,,1522.973,14.0,125.0,239.0,204.918,,,0.3434,0.6566,,True,completed
756,pkw,831.0,1177.0,346.0,,2137.981,0.0,40.0,306.0,78.707,,,0.1156,0.8844,,True,completed
656,pkw,768.0,1179.0,411.0,,2808.195,36.0,94.0,317.0,148.342,,,0.2287,0.7713,,True,completed
938,pkw,946.0,1184.0,238.0,,1842.098,5.0,11.0,227.0,67.974,,,0.0462,0.9538,,True,completed
1107,pkw,1042.0,1186.0,144.0,,1249.054,0.0,0.0,144.0,10.916,,,0.0,1.0,,True,completed
565,pkw,708.0,1186.0,478.0,,2285.359,31.0,183.0,295.0,263.171,,,0.3828,0.6172,,True,completed
1013,pkw,991.0,1189.0,198.0,,1367.77,12.0,33.0,165.0,60.126,,,0.1667,0.8333,,True,completed
1073,pkw,1024.0,1189.0,165.0,,1156.531,16.0,32.0,133.0,57.155,,,0.1939,0.8061,,True,completed
1145,pkw,1058.0,1189.0,131.0,,1054.9,4.0,4.0,127.0,19.802,,,0.0305,0.9695,,True,completed
989,pkw,978.0,1190.0,212.0,,2097.05,2.0,2.0,210.0,21.878,,,0.0094,0.9906,,True,completed
864,pkw,911.0,1191.0,280.0,,1459.2,27.0,89.0,191.0,146.868,,,0.3179,0.6821,,True,completed
1205,pkw,1091.0,1192.0,101.0,,586.609,32.0,32.0,69.0,47.205,,,0.3168,0.6832,,True,completed
901,pkw,928.0,1192.0,264.0,,1939.382,2.0,25.0,239.0,84.701,,,0.0947,0.9053,,True,completed
1108,pkw,1042.0,1193.0,151.0,,1150.488,17.0,24.0,127.0,46.059,,,0.1589,0.8411,,True,completed
735,pkw,816.0,1194.0,378.0,,2271.478,22.0,89.0,289.0,165.761,,,0.2354,0.7646,,True,completed
907,pkw,932.0,1194.0,262.0,,1269.729,13.0,68.0,194.0,146.207,,,0.2595,0.7405,,True,completed
1110,pkw,1043.0,1195.0,152.0,,1405.465,10.0,10.0,142.0,22.873,,,0.0658,0.9342,,True,completed
1275,pkw,1129.0,1195.0,66.0,,475.877,4.0,4.0,62.0,12.168,,,0.0606,0.9394,,True,completed
762,pkw,837.0,1196.0,359.0,,1495.948,25.0,140.0,219.0,214.424,,,0.39,0.61,,True,completed
633,pkw,749.0,1199.0,450.0,,1821.358,27.0,158.0,292.0,265.141,,,0.3511,0.6489,,True,completed
906,pkw,932.0,1200.0,268.0,,986.831,29.0,102.0,166.0,165.136,,,0.3806,0.6194,,True,completed
1162,pkw,1069.0,1201.0,132.0,,902.231,9.0,16.0,116.0,48.977,,,0.1212,0.8788,,True,completed
834,pkw,891.0,1201.0,310.0,,2083.353,23.0,60.0,250.0,119.438,,,0.1935,0.8065,,True,completed
973,pkw,968.0,1201.0,233.0,,1197.462,23.0,68.0,165.0,123.438,,,0.2918,0.7082,,True,completed
1033,pkw,1003.0,1202.0,199.0,,1496.086,3.0,29.0,170.0,62.498,,,0.1457,0.8543,,True,completed
851,pkw,904.0,1203.0,299.0,,2125.225,21.0,50.0,249.0,103.653,,,0.1672,0.8328,,True,completed
1130,pkw,1051.0,1204.0,153.0,,1184.579,3.0,19.0,134.0,44.771,,,0.1242,0.8758,,True,completed
811,pkw,874.0,1204.0,330.0,,2646.923,0.0,33.0,297.0,90.116,,,0.1,0.9,,True,completed
966,pkw,965.0,1204.0,239.0,,1591.16,12.0,25.0,214.0,86.205,,,0.1046,0.8954,,True,completed
431,pkw,617.0,1205.0,588.0,,2103.134,56.0,298.0,290.0,395.374,,,0.5068,0.4932,,True,completed
736,pkw,817.0,1205.0,388.0,,2511.914,29.0,83.0,305.0,158.521,,,0.2139,0.7861,,True,completed
1123,pkw,1048.0,1207.0,159.0,,1396.367,0.0,14.0,145.0,32.326,,,0.0881,0.9119,,True,completed
653,pkw,766.0,1207.0,441.0,,2510.116,52.0,115.0,326.0,184.015,,,0.2608,0.7392,,True,completed
661,pkw,771.0,1208.0,437.0,,1891.286,54.0,174.0,263.0,254.896,,,0.3982,0.6018,,True,completed
791,pkw,855.0,1208.0,353.0,,2281.612,58.0,90.0,263.0,140.627,,,0.255,0.745,,True,completed
886,pkw,921.0,1208.0,287.0,,2374.675,6.0,20.0,267.0,52.95,,,0.0697,0.9303,,True,completed
935,pkw,945.0,1208.0,263.0,,2189.571,24.0,24.0,239.0,62.966,,,0.0913,0.9087,,True,completed
1025,pkw,1000.0,1210.0,210.0,,1808.821,10.0,13.0,197.0,42.178,,,0.0619,0.9381,,True,completed
592,pkw,724.0,1210.0,486.0,,2417.033,13.0,139.0,347.0,254.734,,,0.286,0.714,,True,completed
949,pkw,955.0,1210.0,255.0,,2147.523,17.0,27.0,228.0,56.26,,,0.1059,0.8941,,True,completed
622,pkw,743.0,1211.0,468.0,,1604.743,45.0,236.0,232.0,314.255,,,0.5043,0.4957,,True,completed
924,pkw,939.0,1211.0,272.0,,1634.413,23.0,60.0,212.0,121.749,,,0.2206,0.7794,,True,completed
1036,pkw,1006.0,1212.0,206.0,,1415.649,19.0,43.0,163.0,68.737,,,0.2087,0.7913,,True,completed
1228,pkw,1106.0,1212.0,106.0,,767.607,11.0,11.0,95.0,35.915,,,0.1038,0.8962,,True,completed
728,pkw,812.0,1212.0,400.0,,2451.958,0.0,71.0,329.0,134.2,,,0.1775,0.8225,,True,completed
751,pkw,834.0,1213.0,379.0,,2590.806,46.0,70.0,309.0,142.741,,,0.1847,0.8153,,True,completed
873,pkw,915.0,1215.0,300.0,,2206.738,5.0,29.0,271.0,93.496,,,0.0967,0.9033,,True,completed
899,pkw,927.0,1215.0,288.0,,2410.355,17.0,36.0,252.0,69.675,,,0.125,0.875,,True,completed
826,pkw,887.0,1216.0,329.0,,1717.195,25.0,89.0,240.0,173.046,,,0.2705,0.7295,,True,completed
1174,pkw,1075.0,1217.0,142.0,,1186.81,18.0,18.0,124.0,33.656,,,0.1268,0.8732,,True,completed
859,pkw,908.0,1217.0,309.0,,1763.508,22.0,79.0,230.0,134.464,,,0.2557,0.7443,,True,completed
934,pkw,944.0,1218.0,274.0,,1993.234,28.0,46.0,228.0,91.22,,,0.1679,0.8321,,True,completed
952,pkw,956.0,1218.0,262.0,,2275.383,0.0,19.0,243.0,44.571,,,0.0725,0.9275,,True,completed
1048,pkw,1011.0,1220.0,209.0,,1605.377,11.0,28.0,181.0,62.687,,,0.134,0.866,,True,completed
1298,pkw,1144.0,1220.0,76.0,,629.876,7.0,7.0,69.0,18.311,,,0.0921,0.9079,,True,completed
860,pkw,909.0,1220.0,311.0,,2810.495,16.0,21.0,290.0,56.625,,,0.0675,0.9325,,True,completed
1256,pkw,1118.0,1222.0,104.0,,670.605,16.0,16.0,88.0,41.759,,,0.1538,0.8462,,True,completed
1229,pkw,1106.0,1223.0,117.0,,677.553,23.0,40.0,77.0,48.396,,,0.3419,0.6581,,True,completed
1244,pkw,1112.0,1223.0,111.0,,649.227,22.0,22.0,89.0,37.983,,,0.1982,0.8018,,True,completed
1308,pkw,1146.0,1223.0,77.0,,694.473,4.0,4.0,73.0,13.497,,,0.0519,0.9481,,True,completed
477,pkw,643.0,1225.0,582.0,,3036.013,56.0,178.0,404.0,293.546,,,0.3058,0.6942,,True,completed
850,pkw,903.0,1225.0,322.0,,2036.667,23.0,56.0,266.0,123.733,,,0.1739,0.8261,,True,completed
893,pkw,924.0,1227.0,303.0,,2066.122,28.0,66.0,237.0,115.638,,,0.2178,0.7822,,True,completed
1171,pkw,1085.0,1228.0,143.0,,1135.517,0.0,0.0,143.0,10.832,,,0.0,1.0,,True,completed
1323,pkw,1151.0,1228.0,77.0,,590.611,0.0,0.0,77.0,10.267,,,0.0,1.0,,True,completed
1141,pkw,1055.0,1230.0,175.0,,1084.986,27.0,48.0,127.0,74.869,,,0.2743,0.7257,,True,completed
685,pkw,785.0,1230.0,445.0,,2061.535,0.0,177.0,268.0,249.981,,,0.3978,0.6022,,True,completed
1066,pkw,1020.0,1231.0,211.0,,2165.901,0.0,0.0,211.0,14.843,,,0.0,1.0,,True,completed
930,pkw,943.0,1235.0,292.0,,2438.69,6.0,39.0,253.0,70.2,,,0.1336,0.8664,,True,completed
1338,pkw,1161.0,1236.0,75.0,,567.069,17.0,17.0,58.0,22.963,,,0.2267,0.7733,,True,completed
828,pkw,890.0,1236.0,346.0,,1175.671,21.0,148.0,198.0,237.59,,,0.4277,0.5723,,True,completed
1137,pkw,1053.0,1237.0,184.0,,1640.674,10.0,12.0,172.0,35.338,,,0.0652,0.9348,,True,completed
384,pkw,573.0,1237.0,664.0,,2557.329,62.0,311.0,353.0,421.775,,,0.4684,0.5316,,True,completed
928,pkw,942.0,1239.0,297.0,,1590.471,10.0,59.0,238.0,152.709,,,0.1987,0.8013,,True,completed
1260,pkw,1121.0,1240.0,119.0,,892.64,1.0,1.0,118.0,14.059,,,0.0084,0.9916,,True,completed
672,pkw,778.0,1243.0,465.0,,2433.823,4.0,146.0,319.0,235.585,,,0.314,0.686,,True,completed
1030,pkw,1001.0,1244.0,243.0,,1905.552,27.0,42.0,201.0,60.119,,,0.1728,0.8272,,True,completed
512,pkw,673.0,1245.0,572.0,,2961.932,45.0,209.0,363.0,296.681,,,0.3654,0.6346,,True,completed
919,pkw,938.0,1245.0,307.0,,1699.918,67.0,87.0,220.0,143.732,,,0.2834,0.7166,,True,completed
1022,pkw,1005.0,1247.0,242.0,,2133.389,2.0,2.0,240.0,28.598,,,0.0083,0.9917,,True,completed
926,pkw,941.0,1247.0,306.0,,2220.616,42.0,67.0,239.0,103.164,,,0.219,0.781,,True,completed
943,pkw,951.0,1247.0,296.0,,1812.044,12.0,62.0,234.0,125.627,,,0.2095,0.7905,,True,completed
1233,pkw,1108.0,1248.0,140.0,,866.008,17.0,27.0,113.0,60.439,,,0.1929,0.8071,,True,completed
1276,pkw,1130.0,1248.0,118.0,,730.36,32.0,32.0,86.0,51.267,,,0.2712,0.7288,,True,completed
1283,pkw,1133.0,1248.0,115.0,,1041.896,10.0,10.0,105.0,19.998,,,0.087,0.913,,True,completed
1343,pkw,1162.0,1250.0,88.0,,662.044,6.0,6.0,82.0,21.329,,,0.0682,0.9318,,True,completed
615,pkw,739.0,1251.0,512.0,,2205.899,0.0,177.0,335.0,241.042,,,0.3457,0.6543,,True,completed
1004,pkw,989.0,1253.0,264.0,,1975.16,18.0,41.0,223.0,82.919,,,0.1553,0.8447,,True,completed
892,pkw,924.0,1253.0,329.0,,2139.805,19.0,46.0,283.0,134.163,,,0.1398,0.8602,,True,completed
994,pkw,982.0,1253.0,271.0,,2026.533,0.0,19.0,252.0,62.102,,,0.0701,0.9299,,True,completed
1138,pkw,1054.0,1257.0,203.0,,1306.912,9.0,38.0,165.0,80.902,,,0.1872,0.8128,,True,completed
1147,pkw,1058.0,1257.0,199.0,,1472.621,10.0,19.0,180.0,64.491,,,0.0955,0.9045,,True,completed
663,pkw,771.0,1257.0,486.0,,1306.524,57.0,282.0,204.0,357.599,,,0.5802,0.4198,,True,completed
903,pkw,930.0,1257.0,327.0,,2610.994,34.0,41.0,286.0,81.516,,,0.1254,0.8746,,True,completed
895,pkw,925.0,1258.0,333.0,,2363.965,41.0,72.0,261.0,109.661,,,0.2162,0.7838,,True,completed
990,pkw,980.0,1258.0,278.0,,2177.697,28.0,36.0,242.0,60.904,,,0.1295,0.8705,,True,completed
1045,pkw,1009.0,1259.0,250.0,,2330.433,0.0,12.0,238.0,35.648,,,0.048,0.952,,True,completed
636,pkw,751.0,1259.0,508.0,,1964.578,59.0,230.0,278.0,329.696,,,0.4528,0.5472,,True,completed
704,pkw,798.0,1259.0,461.0,,2039.06,13.0,158.0,303.0,260.475,,,0.3427,0.6573,,True,completed
1172,pkw,1073.0,1260.0,187.0,,1309.443,10.0,11.0,176.0,35.594,,,0.0588,0.9412,,True,completed
1058,pkw,1016.0,1262.0,246.0,,1577.267,40.0,59.0,187.0,101.996,,,0.2398,0.7602,,True,completed
1143,pkw,1056.0,1265.0,209.0,,1019.906,53.0,72.0,137.0,116.027,,,0.3445,0.6555,,True,completed
972,pkw,967.0,1265.0,298.0,,1473.805,24.0,84.0,214.0,157.174,,,0.2819,0.7181,,True,completed
1450,pkw,1230.0,1266.0,36.0,,248.259,8.0,8.0,28.0,12.395,,,0.2222,0.7778,,True,completed
940,pkw,949.0,1266.0,317.0,,2433.849,7.0,58.0,259.0,95.944,,,0.183,0.817,,True,completed
1219,pkw,1102.0,1267.0,165.0,,1530.319,10.0,10.0,155.0,26.27,,,0.0606,0.9394,,True,completed
1021,pkw,998.0,1268.0,270.0,,2093.134,0.0,2.0,268.0,39.397,,,0.0074,0.9926,,True,completed
459,pkw,633.0,1269.0,636.0,,3652.64,5.0,193.0,443.0,291.773,,,0.3035,0.6965,,True,completed
1435,pkw,1220.0,1270.0,50.0,,445.76,5.0,5.0,45.0,8.881,,,0.1,0.9,,True,completed
550,pkw,725.0,1272.0,547.0,,2007.624,60.0,208.0,339.0,363.48,,,0.3803,0.6197,,True,completed
1050,pkw,1012.0,1275.0,263.0,,1981.096,29.0,37.0,226.0,81.303,,,0.1407,0.8593,,True,completed
848,pkw,902.0,1275.0,373.0,,2250.45,0.0,39.0,334.0,104.815,,,0.1046,0.8954,,True,completed
962,pkw,963.0,1275.0,312.0,,1975.011,29.0,79.0,233.0,133.021,,,0.2532,0.7468,,True,completed
575,pkw,713.0,1276.0,563.0,,2247.897,13.0,267.0,296.0,349.811,,,0.4742,0.5258,,True,completed
690,pkw,789.0,1276.0,487.0,,2287.137,29.0,174.0,313.0,278.414,,,0.3573,0.6427,,True,completed
874,pkw,915.0,1277.0,362.0,,2038.06,0.0,99.0,263.0,177.227,,,0.2735,0.7265,,True,completed
890,pkw,922.0,1277.0,355.0,,2576.074,3.0,53.0,302.0,115.753,,,0.1493,0.8507,,True,completed
986,pkw,975.0,1277.0,302.0,,2316.218,21.0,35.0,267.0,89.358,,,0.1159,0.8841,,True,completed
1296,pkw,1144.0,1278.0,134.0,,689.116,25.0,25.0,109.0,52.745,,,0.1866,0.8134,,True,completed
1373,pkw,1186.0,1278.0,92.0,,878.309,0.0,0.0,92.0,6.17,,,0.0,1.0,,True,completed
435,pkw,619.0,1279.0,660.0,,2105.793,61.0,348.0,312.0,461.195,,,0.5273,0.4727,,True,completed
855,pkw,905.0,1279.0,374.0,,1691.055,37.0,113.0,261.0,217.65,,,0.3021,0.6979,,True,completed
1234,pkw,1112.0,1281.0,169.0,,1461.842,5.0,5.0,164.0,21.518,,,0.0296,0.9704,,True,completed
1312,pkw,1147.0,1281.0,134.0,,1179.95,2.0,4.0,130.0,26.392,,,0.0299,0.9701,,True,completed
602,pkw,734.0,1281.0,547.0,,2188.429,32.0,170.0,377.0,325.946,,,0.3108,0.6892,,True,completed
884,pkw,920.0,1283.0,363.0,,1416.577,47.0,141.0,222.0,219.717,,,0.3884,0.6116,,True,completed
1061,pkw,1018.0,1284.0,266.0,,1778.912,16.0,49.0,217.0,88.929,,,0.1842,0.8158,,True,completed
1191,pkw,1083.0,1285.0,202.0,,1897.092,0.0,4.0,198.0,22.617,,,0.0198,0.9802,,True,completed
964,pkw,964.0,1285.0,321.0,,1683.942,64.0,93.0,228.0,158.259,,,0.2897,0.7103,,True,completed
863,pkw,911.0,1286.0,375.0,,2944.618,15.0,66.0,309.0,95.047,,,0.176,0.824,,True,completed
1065,pkw,1019.0,1287.0,268.0,,1808.998,46.0,53.0,215.0,102.475,,,0.1978,0.8022,,True,completed
910,pkw,933.0,1287.0,354.0,,1528.036,23.0,105.0,249.0,215.202,,,0.2966,0.7034,,True,completed
937,pkw,951.0,1287.0,336.0,,1903.001,48.0,100.0,236.0,156.908,,,0.2976,0.7024,,True,completed
712,pkw,804.0,1288.0,484.0,,2222.153,7.0,148.0,336.0,270.864,,,0.3058,0.6942,,True,completed
1008,pkw,990.0,1289.0,299.0,,2669.904,9.0,26.0,273.0,52.138,,,0.087,0.913,,True,completed
1095,pkw,1035.0,1289.0,254.0,,1632.694,26.0,62.0,192.0,105.84,,,0.2441,0.7559,,True,completed
678,pkw,781.0,1289.0,508.0,,1421.362,57.0,266.0,242.0,377.705,,,0.5236,0.4764,,True,completed
830,pkw,890.0,1291.0,401.0,,2041.257,18.0,131.0,270.0,200.698,,,0.3267,0.6733,,True,completed
885,pkw,921.0,1291.0,370.0,,2355.41,63.0,80.0,290.0,151.364,,,0.2162,0.7838,,True,completed
777,pkw,845.0,1292.0,447.0,,2243.796,42.0,124.0,323.0,219.728,,,0.2774,0.7226,,True,completed
1251,pkw,1116.0,1293.0,177.0,,1529.579,14.0,14.0,163.0,35.405,,,0.0791,0.9209,,True,completed
1182,pkw,1080.0,1294.0,214.0,,1862.729,2.0,5.0,209.0,43.44,,,0.0234,0.9766,,True,completed
999,pkw,984.0,1295.0,311.0,,1875.668,27.0,73.0,238.0,115.508,,,0.2347,0.7653,,True,completed
1074,pkw,1024.0,1296.0,272.0,,2439.005,4.0,26.0,246.0,50.908,,,0.0956,0.9044,,True,completed
854,pkw,905.0,1297.0,392.0,,2509.908,61.0,85.0,307.0,162.974,,,0.2168,0.7832,,True,completed
1268,pkw,1124.0,1298.0,174.0,,1336.415,3.0,20.0,154.0,51.395,,,0.1149,0.8851,,True,completed
560,pkw,703.0,1298.0,595.0,,2637.447,51.0,210.0,385.0,336.877,,,0.3529,0.6471,,True,completed
1009,pkw,991.0,1299.0,308.0,,1854.998,39.0,79.0,229.0,134.042,,,0.2565,0.7435,,True,completed
1035,pkw,1005.0,1299.0,294.0,,1968.178,32.0,58.0,236.0,95.495,,,0.1973,0.8027,,True,completed
1175,pkw,1075.0,1299.0,224.0,,1326.592,32.0,57.0,167.0,89.027,,,0.2545,0.7455,,True,completed
618,pkw,740.0,1299.0,559.0,,2443.473,44.0,193.0,366.0,312.816,,,0.3453,0.6547,,True,completed
594,pkw,728.0,1300.0,572.0,,2551.596,45.0,186.0,386.0,336.706,,,0.3252,0.6748,,True,completed
878,pkw,918.0,1300.0,382.0,,880.467,46.0,207.0,175.0,293.861,,,0.5419,0.4581,,True,completed
1265,pkw,1123.0,1301.0,178.0,,1138.802,22.0,36.0,142.0,62.948,,,0.2022,0.7978,,True,completed
1337,pkw,1160.0,1302.0,142.0,,691.637,23.0,35.0,107.0,77.292,,,0.2465,0.7535,,True,completed
1286,pkw,1134.0,1304.0,170.0,,1565.271,4.0,7.0,163.0,26.641,,,0.0412,0.9588,,True,completed
1117,pkw,1045.0,1305.0,260.0,,2132.477,14.0,31.0,229.0,57.719,,,0.1192,0.8808,,True,completed
725,pkw,811.0,1305.0,494.0,,2070.332,7.0,175.0,319.0,283.725,,,0.3543,0.6457,,True,completed
948,pkw,955.0,1306.0,351.0,,1724.134,21.0,109.0,242.0,194.383,,,0.3105,0.6895,,True,completed
988,pkw,977.0,1306.0,329.0,,2033.304,5.0,80.0,249.0,144.339,,,0.2432,0.7568,,True,completed
1096,pkw,1036.0,1307.0,271.0,,1815.297,4.0,36.0,235.0,88.552,,,0.1328,0.8672,,True,completed
1460,pkw,1238.0,1307.0,69.0,,476.793,13.0,13.0,56.0,25.088,,,0.1884,0.8116,,True,completed
998,pkw,984.0,1308.0,324.0,,2619.465,39.0,40.0,284.0,66.358,,,0.1235,0.8765,,True,completed
1087,pkw,1030.0,1309.0,279.0,,2323.759,12.0,34.0,245.0,64.161,,,0.1219,0.8781,,True,completed
1206,pkw,1092.0,1309.0,217.0,,1401.37,24.0,53.0,164.0,88.709,,,0.2442,0.7558,,True,completed
1153,pkw,1065.0,1311.0,246.0,,1629.395,23.0,51.0,195.0,91.754,,,0.2073,0.7927,,True,completed
519,pkw,681.0,1311.0,630.0,,2695.406,44.0,258.0,372.0,383.952,,,0.4095,0.5905,,True,completed
789,pkw,852.0,1312.0,460.0,,1727.189,19.0,178.0,282.0,287.684,,,0.387,0.613,,True,completed
1209,pkw,1095.0,1313.0,218.0,,1898.465,0.0,21.0,197.0,38.794,,,0.0963,0.9037,,True,completed
1218,pkw,1101.0,1313.0,212.0,,1929.427,0.0,15.0,197.0,36.931,,,0.0708,0.9292,,True,completed
1496,pkw,1274.0,1313.0,39.0,,375.126,0.0,0.0,39.0,3.176,,,0.0,1.0,,True,completed
1005,pkw,989.0,1316.0,327.0,,1622.152,69.0,132.0,195.0,171.207,,,0.4037,0.5963,,True,completed
1294,pkw,1141.0,1316.0,175.0,,1323.539,20.0,27.0,148.0,54.475,,,0.1543,0.8457,,True,completed
1434,pkw,1220.0,1316.0,96.0,,738.477,14.0,14.0,82.0,28.536,,,0.1458,0.8542,,True,completed
845,pkw,902.0,1316.0,414.0,,1864.11,56.0,137.0,277.0,242.023,,,0.3309,0.6691,,True,completed
871,pkw,918.0,1316.0,398.0,,2678.176,19.0,77.0,321.0,153.615,,,0.1935,0.8065,,True,completed
1084,pkw,1030.0,1318.0,288.0,,1232.797,22.0,104.0,184.0,175.664,,,0.3611,0.6389,,True,completed
961,pkw,963.0,1318.0,355.0,,906.74,76.0,157.0,198.0,252.057,,,0.4423,0.5577,,True,completed
1189,pkw,1082.0,1319.0,237.0,,1140.148,42.0,73.0,164.0,132.588,,,0.308,0.692,,True,completed
1190,pkw,1082.0,1319.0,237.0,,915.559,48.0,76.0,161.0,131.723,,,0.3207,0.6793,,True,completed
1418,pkw,1213.0,1319.0,106.0,,648.851,22.0,22.0,84.0,46.008,,,0.2075,0.7925,,True,completed
1072,pkw,1024.0,1320.0,296.0,,1831.317,68.0,71.0,225.0,128.171,,,0.2399,0.7601,,True,completed
1200,pkw,1088.0,1320.0,232.0,,1643.52,12.0,21.0,211.0,81.504,,,0.0905,0.9095,,True,completed
1237,pkw,1109.0,1321.0,212.0,,1374.671,28.0,50.0,162.0,86.642,,,0.2358,0.7642,,True,completed
688,pkw,788.0,1321.0,533.0,,1648.702,57.0,276.0,257.0,381.028,,,0.5178,0.4822,,True,completed
740,pkw,823.0,1324.0,501.0,,2210.095,30.0,168.0,333.0,291.402,,,0.3353,0.6647,,True,completed
1053,pkw,1013.0,1325.0,312.0,,1699.075,61.0,91.0,221.0,150.906,,,0.2917,0.7083,,True,completed
1358,pkw,1177.0,1325.0,148.0,,1313.192,5.0,7.0,141.0,26.304,,,0.0473,0.9527,,True,completed
647,pkw,756.0,1325.0,569.0,,1962.119,53.0,276.0,293.0,387.494,,,0.4851,0.5149,,True,completed
1075,pkw,1026.0,1330.0,304.0,,2153.979,0.0,15.0,289.0,53.629,,,0.0493,0.9507,,True,completed
1078,pkw,1028.0,1332.0,304.0,,2488.792,3.0,32.0,272.0,77.967,,,0.1053,0.8947,,True,completed
1462,pkw,1239.0,1332.0,93.0,,616.75,17.0,17.0,76.0,30.71,,,0.1828,0.8172,,True,completed
933,pkw,944.0,1334.0,390.0,,1795.421,40.0,116.0,274.0,208.978,,,0.2974,0.7026,,True,completed
1241,pkw,1111.0,1335.0,224.0,,1563.752,24.0,49.0,175.0,81.586,,,0.2188,0.7812,,True,completed
1300,pkw,1144.0,1337.0,193.0,,1563.086,22.0,22.0,171.0,50.211,,,0.114,0.886,,True,completed
713,pkw,805.0,1338.0,533.0,,2609.906,43.0,158.0,375.0,294.042,,,0.2964,0.7036,,True,completed
1088,pkw,1032.0,1339.0,307.0,,1865.399,26.0,85.0,222.0,136.878,,,0.2769,0.7231,,True,completed
812,pkw,875.0,1340.0,465.0,,2908.407,0.0,100.0,365.0,193.436,,,0.2151,0.7849,,True,completed
1047,pkw,1010.0,1341.0,331.0,,1083.845,41.0,121.0,210.0,232.453,,,0.3656,0.6344,,True,completed
710,pkw,803.0,1342.0,539.0,,1813.699,46.0,255.0,284.0,372.346,,,0.4731,0.5269,,True,completed
1220,pkw,1102.0,1344.0,242.0,,1476.676,22.0,67.0,175.0,106.578,,,0.2769,0.7231,,True,completed
589,pkw,722.0,1344.0,622.0,,3068.482,18.0,228.0,394.0,336.715,,,0.3666,0.6334,,True,completed
1136,pkw,1053.0,1345.0,292.0,,2530.801,19.0,32.0,260.0,62.856,,,0.1096,0.8904,,True,completed
677,pkw,781.0,1345.0,564.0,,2150.611,50.0,210.0,354.0,329.507,,,0.3723,0.6277,,True,completed
1291,pkw,1140.0,1346.0,206.0,,1328.741,32.0,51.0,155.0,80.203,,,0.2476,0.7524,,True,completed
1295,pkw,1141.0,1347.0,206.0,,1328.666,31.0,36.0,170.0,82.832,,,0.1748,0.8252,,True,completed
891,pkw,924.0,1347.0,423.0,,2681.04,20.0,98.0,325.0,179.032,,,0.2317,0.7683,,True,completed
913,pkw,935.0,1347.0,412.0,,2614.239,74.0,107.0,305.0,174.245,,,0.2597,0.7403,,True,completed
655,pkw,767.0,1349.0,582.0,,2743.453,6.0,168.0,414.0,323.955,,,0.2887,0.7113,,True,completed
1148,pkw,1058.0,1350.0,292.0,,1799.101,75.0,78.0,214.0,118.591,,,0.2671,0.7329,,True,completed
1221,pkw,1102.0,1350.0,248.0,,1889.102,3.0,21.0,227.0,67.099,,,0.0847,0.9153,,True,completed
1336,pkw,1160.0,1350.0,190.0,,1058.307,46.0,58.0,132.0,93.576,,,0.3053,0.6947,,True,completed
1310,pkw,1147.0,1351.0,204.0,,1452.985,13.0,16.0,188.0,54.954,,,0.0784,0.9216,,True,completed
1079,pkw,1028.0,1352.0,324.0,,2565.149,27.0,39.0,285.0,73.776,,,0.1204,0.8796,,True,completed
920,pkw,939.0,1352.0,413.0,,1714.157,43.0,138.0,275.0,221.319,,,0.3341,0.6659,,True,completed
1345,pkw,1164.0,1354.0,190.0,,1499.703,8.0,23.0,167.0,53.252,,,0.1211,0.8789,,True,completed
604,pkw,735.0,1354.0,619.0,,2897.616,21.0,194.0,425.0,315.897,,,0.3134,0.6866,,True,completed
1106,pkw,1041.0,1355.0,314.0,,2425.012,6.0,49.0,265.0,93.923,,,0.1561,0.8439,,True,completed
596,pkw,729.0,1355.0,626.0,,2746.869,46.0,223.0,403.0,354.9,,,0.3562,0.6438,,True,completed
1325,pkw,1153.0,1356.0,203.0,,1582.052,0.0,20.0,183.0,42.09,,,0.0985,0.9015,,True,completed
1352,pkw,1167.0,1356.0,189.0,,1489.456,6.0,19.0,170.0,44.544,,,0.1005,0.8995,,True,completed
1120,pkw,1047.0,1358.0,311.0,,2668.428,0.0,27.0,284.0,63.063,,,0.0868,0.9132,,True,completed
894,pkw,925.0,1358.0,433.0,,1632.688,15.0,148.0,285.0,284.786,,,0.3418,0.6582,,True,completed
1427,pkw,1217.0,1359.0,142.0,,650.672,39.0,45.0,97.0,73.45,,,0.3169,0.6831,,True,completed
720,pkw,809.0,1361.0,552.0,,1574.495,50.0,311.0,241.0,400.667,,,0.5634,0.4366,,True,completed
767,pkw,840.0,1362.0,522.0,,1557.967,55.0,256.0,266.0,374.692,,,0.4904,0.5096,,True,completed
1146,pkw,1058.0,1363.0,305.0,,2233.988,16.0,50.0,255.0,101.728,,,0.1639,0.8361,,True,completed
607,pkw,736.0,1363.0,627.0,,2394.691,31.0,230.0,397.0,391.346,,,0.3668,0.6332,,True,completed
1438,pkw,1221.0,1364.0,143.0,,990.798,4.0,23.0,120.0,51.84,,,0.1608,0.8392,,True,completed
1056,pkw,1015.0,1365.0,350.0,,2544.37,20.0,65.0,285.0,118.654,,,0.1857,0.8143,,True,completed
1299,pkw,1144.0,1365.0,221.0,,1667.568,12.0,29.0,192.0,68.121,,,0.1312,0.8688,,True,completed
1467,pkw,1243.0,1365.0,122.0,,827.03,25.0,25.0,97.0,45.879,,,0.2049,0.7951,,True,completed
1481,pkw,1259.0,1365.0,106.0,,669.436,15.0,15.0,91.0,40.287,,,0.1415,0.8585,,True,completed
956,pkw,958.0,1365.0,407.0,,2542.584,40.0,88.0,319.0,175.16,,,0.2162,0.7838,,True,completed
1181,pkw,1080.0,1366.0,286.0,,1079.142,35.0,109.0,177.0,187.372,,,0.3811,0.6189,,True,completed
1372,pkw,1185.0,1366.0,181.0,,1312.387,9.0,18.0,163.0,39.47,,,0.0994,0.9006,,True,completed
975,pkw,969.0,1367.0,398.0,,2260.511,61.0,114.0,284.0,190.862,,,0.2864,0.7136,,True,completed
1416,pkw,1213.0,1368.0,155.0,,1457.16,0.0,0.0,155.0,13.949,,,0.0,1.0,,True,completed
1495,pkw,1273.0,1369.0,96.0,,820.561,0.0,1.0,95.0,14.927,,,0.0104,0.9896,,True,completed
1242,pkw,1111.0,1370.0,259.0,,1799.579,35.0,42.0,217.0,79.929,,,0.1622,0.8378,,True,completed
911,pkw,934.0,1374.0,440.0,,2339.587,56.0,136.0,304.0,211.512,,,0.3091,0.6909,,True,completed
1016,pkw,993.0,1377.0,384.0,,1531.486,26.0,146.0,238.0,244.74,,,0.3802,0.6198,,True,completed
1167,pkw,1071.0,1378.0,307.0,,1705.105,61.0,73.0,234.0,135.984,,,0.2378,0.7622,,True,completed
1457,pkw,1236.0,1379.0,143.0,,719.137,33.0,40.0,103.0,68.112,,,0.2797,0.7203,,True,completed
815,pkw,878.0,1379.0,501.0,,1865.513,53.0,180.0,321.0,331.93,,,0.3593,0.6407,,True,completed
1354,pkw,1169.0,1380.0,211.0,,882.354,59.0,80.0,131.0,130.404,,,0.3791,0.6209,,True,completed
743,pkw,824.0,1380.0,556.0,,2074.003,38.0,218.0,338.0,331.427,,,0.3921,0.6079,,True,completed
1274,pkw,1129.0,1381.0,252.0,,2257.408,0.0,19.0,233.0,45.169,,,0.0754,0.9246,,True,completed
692,pkw,791.0,1382.0,591.0,,2159.446,44.0,274.0,317.0,394.139,,,0.4636,0.5364,,True,completed
1231,pkw,1107.0,1383.0,276.0,,1316.179,14.0,76.0,200.0,150.503,,,0.2754,0.7246,,True,completed
1398,pkw,1201.0,1384.0,183.0,,1420.306,3.0,3.0,180.0,34.195,,,0.0164,0.9836,,True,completed
1037,pkw,1006.0,1385.0,379.0,,1062.307,41.0,198.0,181.0,273.621,,,0.5224,0.4776,,True,completed
1159,pkw,1068.0,1385.0,317.0,,1911.156,36.0,63.0,254.0,117.059,,,0.1987,0.8013,,True,completed
714,pkw,805.0,1385.0,580.0,,2981.752,12.0,217.0,363.0,296.261,,,0.3741,0.6259,,True,completed
1488,pkw,1267.0,1388.0,121.0,,678.103,21.0,22.0,99.0,58.29,,,0.1818,0.8182,,True,completed
1307,pkw,1146.0,1389.0,243.0,,2090.738,2.0,18.0,225.0,53.832,,,0.0741,0.9259,,True,completed
1449,pkw,1228.0,1390.0,162.0,,785.628,30.0,30.0,132.0,66.29,,,0.1852,0.8148,,True,completed
1451,pkw,1232.0,1390.0,158.0,,1357.343,11.0,11.0,147.0,27.558,,,0.0696,0.9304,,True,completed
1410,pkw,1209.0,1393.0,184.0,,735.695,41.0,49.0,135.0,108.391,,,0.2663,0.7337,,True,completed
1100,pkw,1038.0,1394.0,356.0,,1533.061,22.0,123.0,233.0,209.321,,,0.3455,0.6545,,True,completed
1332,pkw,1156.0,1395.0,239.0,,2257.707,9.0,9.0,230.0,31.713,,,0.0377,0.9623,,True,completed
1340,pkw,1161.0,1395.0,234.0,,1495.375,14.0,56.0,178.0,84.146,,,0.2393,0.7607,,True,completed
650,pkw,763.0,1395.0,632.0,,2960.79,10.0,255.0,377.0,355.157,,,0.4035,0.5965,,True,completed
1196,pkw,1085.0,1396.0,311.0,,2229.223,30.0,70.0,241.0,91.71,,,0.2251,0.7749,,True,completed
1240,pkw,1111.0,1397.0,286.0,,1555.431,27.0,90.0,196.0,126.473,,,0.3147,0.6853,,True,completed
1493,pkw,1270.0,1397.0,127.0,,979.766,6.0,6.0,121.0,30.625,,,0.0472,0.9528,,True,completed
1519,pkw,1297.0,1398.0,101.0,,679.933,3.0,3.0,98.0,37.964,,,0.0297,0.9703,,True,completed
1187,pkw,1081.0,1399.0,318.0,,2335.409,2.0,61.0,257.0,97.518,,,0.1918,0.8082,,True,completed
581,pkw,718.0,1399.0,681.0,,2558.079,59.0,306.0,375.0,448.971,,,0.4493,0.5507,,True,completed
671,pkw,776.0,1399.0,623.0,,2532.698,55.0,242.0,381.0,385.441,,,0.3884,0.6116,,True,completed
1247,pkw,1113.0,1400.0,287.0,,1975.608,15.0,36.0,251.0,98.646,,,0.1254,0.8746,,True,completed
1465,pkw,1243.0,1400.0,157.0,,1073.214,11.0,31.0,126.0,58.493,,,0.1975,0.8025,,True,completed
1055,pkw,1014.0,1402.0,388.0,,896.94,69.0,187.0,201.0,277.781,,,0.482,0.518,,True,completed
831,pkw,890.0,1402.0,512.0,,1434.392,55.0,272.0,240.0,379.551,,,0.5312,0.4688,,True,completed
1304,pkw,1146.0,1403.0,257.0,,2135.642,6.0,14.0,243.0,41.891,,,0.0545,0.9455,,True,completed
1348,pkw,1165.0,1404.0,239.0,,1352.909,23.0,65.0,174.0,115.431,,,0.272,0.728,,True,completed
629,pkw,748.0,1404.0,656.0,,2765.89,27.0,216.0,440.0,400.592,,,0.3293,0.6707,,True,completed
1052,pkw,1012.0,1405.0,393.0,,2359.738,69.0,122.0,271.0,168.777,,,0.3104,0.6896,,True,completed
1480,pkw,1259.0,1405.0,146.0,,1231.109,6.0,6.0,140.0,28.071,,,0.0411,0.9589,,True,completed
866,pkw,912.0,1405.0,493.0,,1969.339,60.0,173.0,320.0,311.044,,,0.3509,0.6491,,True,completed
1086,pkw,1030.0,1407.0,377.0,,2676.424,10.0,72.0,305.0,133.3,,,0.191,0.809,,True,completed
1129,pkw,1050.0,1407.0,357.0,,2097.123,30.0,99.0,258.0,165.685,,,0.2773,0.7227,,True,completed
1334,pkw,1159.0,1407.0,248.0,,872.948,61.0,96.0,152.0,157.05,,,0.3871,0.6129,,True,completed
1197,pkw,1087.0,1409.0,322.0,,2014.433,16.0,62.0,260.0,127.994,,,0.1925,0.8075,,True,completed
504,pkw,666.0,1409.0,743.0,,2008.9,43.0,439.0,304.0,543.38,,,0.5908,0.4092,,True,completed
1111,pkw,1043.0,1411.0,368.0,,2017.574,40.0,94.0,274.0,171.526,,,0.2554,0.7446,,True,completed
1155,pkw,1066.0,1411.0,345.0,,2046.558,63.0,104.0,241.0,157.893,,,0.3014,0.6986,,True,completed
774,pkw,844.0,1411.0,567.0,,2591.554,13.0,192.0,375.0,328.162,,,0.3386,0.6614,,True,completed
1156,pkw,1066.0,1413.0,347.0,,2578.474,0.0,27.0,320.0,74.44,,,0.0778,0.9222,,True,completed
716,pkw,807.0,1413.0,606.0,,2447.577,20.0,211.0,395.0,376.587,,,0.3482,0.6518,,True,completed
1097,pkw,1036.0,1415.0,379.0,,2504.512,11.0,85.0,294.0,148.899,,,0.2243,0.7757,,True,completed
1216,pkw,1098.0,1415.0,317.0,,2046.808,10.0,68.0,249.0,128.011,,,0.2145,0.7855,,True,completed
1090,pkw,1033.0,1418.0,385.0,,3173.255,1.0,3.0,382.0,54.673,,,0.0078,0.9922,,True,completed
1194,pkw,1084.0,1419.0,335.0,,2866.772,7.0,34.0,301.0,73.243,,,0.1015,0.8985,,True,completed
1544,pkw,1318.0,1419.0,101.0,,963.999,0.0,0.0,101.0,7.635,,,0.0,1.0,,True,completed
759,pkw,834.0,1421.0,587.0,,2103.269,0.0,253.0,334.0,363.087,,,0.431,0.569,,True,completed
978,pkw,970.0,1422.0,452.0,,2535.948,5.0,113.0,339.0,221.604,,,0.25,0.75,,True,completed
1224,pkw,1104.0,1423.0,319.0,,2277.708,24.0,62.0,257.0,101.658,,,0.1944,0.8056,,True,completed
1597,pkw,1363.0,1425.0,62.0,,521.677,8.0,8.0,54.0,14.049,,,0.129,0.871,,True,completed
754,pkw,831.0,1425.0,594.0,,1434.657,49.0,352.0,242.0,457.923,,,0.5926,0.4074,,True,completed
1390,pkw,1194.0,1426.0,232.0,,1625.4,19.0,47.0,185.0,74.328,,,0.2026,0.7974,,True,completed
1466,pkw,1243.0,1426.0,183.0,,1542.29,24.0,24.0,159.0,37.855,,,0.1311,0.8689,,True,completed
703,pkw,798.0,1426.0,628.0,,2153.46,11.0,257.0,371.0,401.69,,,0.4092,0.5908,,True,completed
1330,pkw,1156.0,1427.0,271.0,,2047.051,9.0,51.0,220.0,83.274,,,0.1882,0.8118,,True,completed
1381,pkw,1190.0,1428.0,238.0,,1749.485,19.0,37.0,201.0,65.154,,,0.1555,0.8445,,True,completed
1280,pkw,1132.0,1429.0,297.0,,2710.748,2.0,9.0,288.0,34.161,,,0.0303,0.9697,,True,completed
1306,pkw,1146.0,1429.0,283.0,,1814.104,12.0,60.0,223.0,117.409,,,0.212,0.788,,True,completed
936,pkw,945.0,1430.0,485.0,,2955.069,5.0,115.0,370.0,203.427,,,0.2371,0.7629,,True,completed
1443,pkw,1224.0,1432.0,208.0,,1854.622,7.0,13.0,195.0,30.494,,,0.0625,0.9375,,True,completed
1374,pkw,1186.0,1435.0,249.0,,1089.201,43.0,70.0,179.0,120.501,,,0.2811,0.7189,,True,completed
1413,pkw,1210.0,1435.0,225.0,,1994.376,3.0,11.0,214.0,41.45,,,0.0489,0.9511,,True,completed
1586,pkw,1352.0,1436.0,84.0,,737.119,2.0,2.0,82.0,16.659,,,0.0238,0.9762,,True,completed
1448,pkw,1228.0,1438.0,210.0,,1037.918,40.0,48.0,162.0,66.932,,,0.2286,0.7714,,True,completed
1113,pkw,1044.0,1439.0,395.0,,1271.686,48.0,158.0,237.0,278.366,,,0.4,0.6,,True,completed
1580,pkw,1349.0,1439.0,90.0,,434.98,34.0,34.0,56.0,49.851,,,0.3778,0.6222,,True,completed
1485,pkw,1265.0,1440.0,175.0,,786.658,35.0,53.0,122.0,94.088,,,0.3029,0.6971,,True,completed
755,pkw,831.0,1441.0,610.0,,1880.751,52.0,272.0,338.0,396.08,,,0.4459,0.5541,,True,completed
793,pkw,856.0,1441.0,585.0,,2011.145,47.0,213.0,372.0,396.084,,,0.3641,0.6359,,True,completed
658,pkw,769.0,1442.0,673.0,,2241.673,25.0,264.0,409.0,446.539,,,0.3923,0.6077,,True,completed
1215,pkw,1098.0,1443.0,345.0,,1535.976,58.0,147.0,198.0,193.424,,,0.4261,0.5739,,True,completed
916,pkw,936.0,1445.0,509.0,,2637.205,44.0,158.0,351.0,267.479,,,0.3104,0.6896,,True,completed
1044,pkw,1009.0,1447.0,438.0,,2160.465,49.0,149.0,289.0,235.833,,,0.3402,0.6598,,True,completed
1534,pkw,1310.0,1447.0,137.0,,1278.015,1.0,1.0,136.0,16.494,,,0.0073,0.9927,,True,completed
1594,pkw,1356.0,1447.0,91.0,,523.124,17.0,17.0,74.0,42.379,,,0.1868,0.8132,,True,completed
786,pkw,851.0,1447.0,596.0,,1273.96,57.0,348.0,248.0,476.454,,,0.5839,0.4161,,True,completed
1245,pkw,1117.0,1450.0,333.0,,1831.846,55.0,95.0,238.0,155.136,,,0.2853,0.7147,,True,completed
1273,pkw,1127.0,1451.0,324.0,,1483.313,26.0,95.0,229.0,173.403,,,0.2932,0.7068,,True,completed
1563,pkw,1334.0,1451.0,117.0,,1035.37,0.0,0.0,117.0,8.875,,,0.0,1.0,,True,completed
752,pkw,831.0,1451.0,620.0,,1622.683,41.0,378.0,242.0,448.969,,,0.6097,0.3903,,True,completed
1142,pkw,1055.0,1452.0,397.0,,2831.923,2.0,59.0,338.0,136.926,,,0.1486,0.8514,,True,completed
923,pkw,940.0,1452.0,512.0,,1958.948,41.0,189.0,323.0,332.777,,,0.3691,0.6309,,True,completed
788,pkw,851.0,1454.0,603.0,,1828.47,15.0,274.0,329.0,406.538,,,0.4544,0.5456,,True,completed
1026,pkw,1000.0,1455.0,455.0,,1835.104,15.0,170.0,285.0,259.484,,,0.3736,0.6264,,True,completed
1395,pkw,1198.0,1455.0,257.0,,2079.73,21.0,32.0,225.0,64.677,,,0.1245,0.8755,,True,completed
1524,pkw,1301.0,1456.0,155.0,,1463.487,11.0,11.0,144.0,21.847,,,0.071,0.929,,True,completed
868,pkw,913.0,1456.0,543.0,,2287.666,29.0,215.0,328.0,331.403,,,0.3959,0.6041,,True,completed
947,pkw,954.0,1456.0,502.0,,2297.417,5.0,135.0,367.0,277.187,,,0.2689,0.7311,,True,completed
1281,pkw,1133.0,1459.0,326.0,,1814.119,2.0,98.0,228.0,146.719,,,0.3006,0.6994,,True,completed
1397,pkw,1199.0,1459.0,260.0,,1583.835,1.0,39.0,221.0,99.121,,,0.15,0.85,,True,completed
1433,pkw,1219.0,1459.0,240.0,,1613.465,0.0,31.0,209.0,80.254,,,0.1292,0.8708,,True,completed
1103,pkw,1040.0,1461.0,421.0,,2498.826,25.0,107.0,314.0,194.574,,,0.2542,0.7458,,True,completed
1389,pkw,1191.0,1462.0,271.0,,2251.267,0.0,26.0,245.0,61.601,,,0.0959,0.9041,,True,completed
1054,pkw,1013.0,1464.0,451.0,,2364.083,7.0,117.0,334.0,228.001,,,0.2594,0.7406,,True,completed
1445,pkw,1225.0,1466.0,241.0,,1023.441,47.0,76.0,165.0,138.154,,,0.3154,0.6846,,True,completed
1140,pkw,1055.0,1468.0,413.0,,732.573,41.0,234.0,179.0,339.299,,,0.5666,0.4334,,True,completed
1319,pkw,1151.0,1469.0,318.0,,2216.293,21.0,68.0,250.0,108.537,,,0.2138,0.7862,,True,completed
1326,pkw,1154.0,1469.0,315.0,,2577.719,0.0,5.0,310.0,37.648,,,0.0159,0.9841,,True,completed
709,pkw,802.0,1469.0,667.0,,2703.281,12.0,223.0,444.0,420.164,,,0.3343,0.6657,,True,completed
1527,pkw,1303.0,1471.0,168.0,,1323.905,5.0,13.0,155.0,39.773,,,0.0774,0.9226,,True,completed
1364,pkw,1179.0,1472.0,293.0,,2215.617,4.0,36.0,257.0,84.31,,,0.1229,0.8771,,True,completed
1396,pkw,1199.0,1472.0,273.0,,1865.897,0.0,55.0,218.0,90.986,,,0.2015,0.7985,,True,completed
1532,pkw,1309.0,1473.0,164.0,,1525.333,0.0,2.0,162.0,25.544,,,0.0122,0.9878,,True,completed
1350,pkw,1167.0,1475.0,308.0,,868.602,62.0,136.0,172.0,228.825,,,0.4416,0.5584,,True,completed
1588,pkw,1353.0,1476.0,123.0,,777.326,13.0,17.0,106.0,50.06,,,0.1382,0.8618,,True,completed
1049,pkw,1011.0,1478.0,467.0,,1143.071,20.0,249.0,218.0,353.841,,,0.5332,0.4668,,True,completed
1177,pkw,1076.0,1478.0,402.0,,1644.591,53.0,137.0,265.0,240.395,,,0.3408,0.6592,,True,completed
1603,pkw,1368.0,1478.0,110.0,,753.594,19.0,20.0,90.0,39.103,,,0.1818,0.8182,,True,completed
635,pkw,751.0,1479.0,728.0,,2551.698,54.0,353.0,375.0,495.981,,,0.4849,0.5151,,True,completed
1378,pkw,1188.0,1481.0,293.0,,2438.216,3.0,43.0,250.0,62.936,,,0.1468,0.8532,,True,completed
946,pkw,954.0,1481.0,527.0,,1725.222,35.0,256.0,271.0,368.609,,,0.4858,0.5142,,True,completed
1236,pkw,1109.0,1482.0,373.0,,2128.827,43.0,96.0,277.0,169.24,,,0.2574,0.7426,,True,completed
1246,pkw,1112.0,1484.0,372.0,,2684.717,8.0,57.0,315.0,107.858,,,0.1532,0.8468,,True,completed
1430,pkw,1219.0,1484.0,265.0,,1557.039,6.0,74.0,191.0,123.021,,,0.2792,0.7208,,True,completed
768,pkw,840.0,1484.0,644.0,,2135.776,43.0,261.0,383.0,443.676,,,0.4053,0.5947,,True,completed
1549,pkw,1322.0,1487.0,165.0,,1260.477,10.0,27.0,138.0,49.04,,,0.1636,0.8364,,True,completed
1188,pkw,1082.0,1491.0,409.0,,2530.305,26.0,121.0,288.0,178.441,,,0.2958,0.7042,,True,completed
1564,pkw,1334.0,1492.0,158.0,,1159.572,12.0,23.0,135.0,51.916,,,0.1456,0.8544,,True,completed
1579,pkw,1348.0,1492.0,144.0,,947.583,9.0,35.0,109.0,48.402,,,0.2431,0.7569,,True,completed
1663,pkw,1415.0,1494.0,79.0,,731.706,1.0,1.0,78.0,10.989,,,0.0127,0.9873,,True,completed
1346,pkw,1164.0,1495.0,331.0,,1942.933,13.0,60.0,271.0,148.824,,,0.1813,0.8187,,True,completed
1384,pkw,1192.0,1495.0,303.0,,1601.318,52.0,95.0,208.0,153.489,,,0.3135,0.6865,,True,completed
776,pkw,845.0,1495.0,650.0,,2674.875,0.0,303.0,347.0,402.526,,,0.4662,0.5338,,True,completed
1161,pkw,1069.0,1496.0,427.0,,616.811,59.0,264.0,163.0,342.098,,,0.6183,0.3817,,True,completed
902,pkw,928.0,1496.0,568.0,,2868.492,55.0,198.0,370.0,273.311,,,0.3486,0.6514,,True,completed
1116,pkw,1044.0,1497.0,453.0,,2508.208,52.0,117.0,336.0,217.905,,,0.2583,0.7417,,True,completed
1720,pkw,1456.0,1499.0,43.0,,262.447,2.0,2.0,41.0,12.644,,,0.0465,0.9535,,True,completed
959,pkw,963.0,1499.0,536.0,,2781.336,58.0,198.0,338.0,280.557,,,0.3694,0.6306,,True,completed
1092,pkw,1034.0,1500.0,466.0,,1524.897,19.0,234.0,232.0,319.653,,,0.5021,0.4979,,True,completed
1552,pkw,1324.0,1502.0,178.0,,807.53,43.0,54.0,124.0,103.653,,,0.3034,0.6966,,True,completed
1633,pkw,1391.0,1504.0,113.0,,588.257,35.0,35.0,78.0,59.056,,,0.3097,0.6903,,True,completed
1444,pkw,1225.0,1505.0,280.0,,1923.189,38.0,39.0,241.0,101.911,,,0.1393,0.8607,,True,completed
1454,pkw,1233.0,1506.0,273.0,,2435.237,6.0,31.0,242.0,51.184,,,0.1136,0.8864,,True,completed
1363,pkw,1178.0,1507.0,329.0,,1575.442,0.0,122.0,207.0,176.398,,,0.3708,0.6292,,True,completed
1353,pkw,1169.0,1509.0,340.0,,2338.986,5.0,73.0,267.0,114.743,,,0.2147,0.7853,,True,completed
1675,pkw,1424.0,1511.0,87.0,,746.57,6.0,6.0,81.0,15.417,,,0.069,0.931,,True,completed
1102,pkw,1039.0,1512.0,473.0,,1817.893,0.0,172.0,301.0,285.009,,,0.3636,0.6364,,True,completed
1369,pkw,1183.0,1514.0,331.0,,1596.598,7.0,99.0,232.0,168.766,,,0.2991,0.7009,,True,completed
1494,pkw,1272.0,1514.0,242.0,,1719.874,24.0,41.0,201.0,82.366,,,0.1694,0.8306,,True,completed
723,pkw,813.0,1514.0,701.0,,2379.317,21.0,349.0,352.0,441.452,,,0.4979,0.5021,,True,completed
1118,pkw,1046.0,1515.0,469.0,,2537.671,46.0,157.0,312.0,228.456,,,0.3348,0.6652,,True,completed
1257,pkw,1118.0,1517.0,399.0,,1450.267,16.0,148.0,251.0,230.898,,,0.3709,0.6291,,True,completed
1576,pkw,1345.0,1517.0,172.0,,983.677,41.0,42.0,130.0,68.317,,,0.2442,0.7558,,True,completed
1199,pkw,1088.0,1519.0,431.0,,1641.627,55.0,163.0,268.0,271.053,,,0.3782,0.6218,,True,completed
1468,pkw,1243.0,1519.0,276.0,,780.432,60.0,116.0,160.0,204.667,,,0.4203,0.5797,,True,completed
1589,pkw,1353.0,1519.0,166.0,,1644.438,2.0,3.0,163.0,16.999,,,0.0181,0.9819,,True,completed
1647,pkw,1403.0,1519.0,116.0,,812.969,8.0,24.0,92.0,32.975,,,0.2069,0.7931,,True,completed
805,pkw,866.0,1519.0,653.0,,1877.656,60.0,298.0,355.0,439.259,,,0.4564,0.5436,,True,completed
1711,pkw,1449.0,1521.0,72.0,,412.775,13.0,13.0,59.0,33.85,,,0.1806,0.8194,,True,completed
1287,pkw,1136.0,1523.0,387.0,,1577.253,30.0,142.0,245.0,243.49,,,0.3669,0.6331,,True,completed
1660,pkw,1412.0,1523.0,111.0,,645.235,23.0,23.0,88.0,39.994,,,0.2072,0.7928,,True,completed
889,pkw,922.0,1524.0,602.0,,2140.587,48.0,230.0,372.0,398.781,,,0.3821,0.6179,,True,completed
1362,pkw,1178.0,1526.0,348.0,,2033.361,8.0,76.0,272.0,130.254,,,0.2184,0.7816,,True,completed
1482,pkw,1262.0,1526.0,264.0,,1592.657,51.0,70.0,194.0,117.73,,,0.2652,0.7348,,True,completed
1483,pkw,1264.0,1526.0,262.0,,1667.795,36.0,48.0,214.0,85.321,,,0.1832,0.8168,,True,completed
1561,pkw,1330.0,1526.0,196.0,,1913.516,0.0,2.0,194.0,18.207,,,0.0102,0.9898,,True,completed
1487,pkw,1266.0,1527.0,261.0,,1191.998,43.0,85.0,176.0,151.283,,,0.3257,0.6743,,True,completed
1379,pkw,1188.0,1528.0,340.0,,2555.045,2.0,59.0,281.0,108.408,,,0.1735,0.8265,,True,completed
1402,pkw,1202.0,1528.0,326.0,,1665.197,4.0,91.0,235.0,156.538,,,0.2791,0.7209,,True,completed
1537,pkw,1313.0,1528.0,215.0,,903.62,48.0,69.0,146.0,131.167,,,0.3209,0.6791,,True,completed
981,pkw,973.0,1528.0,555.0,,3387.372,17.0,122.0,433.0,243.919,,,0.2198,0.7802,,True,completed
1249,pkw,1115.0,1529.0,414.0,,2396.093,22.0,109.0,305.0,186.413,,,0.2633,0.7367,,True,completed
1677,pkw,1425.0,1530.0,105.0,,703.972,25.0,27.0,78.0,39.553,,,0.2571,0.7429,,True,completed
960,pkw,960.0,1530.0,570.0,,1292.132,47.0,340.0,230.0,448.956,,,0.5965,0.4035,,True,completed
995,pkw,982.0,1530.0,548.0,,1957.638,38.0,210.0,338.0,367.445,,,0.3832,0.6168,,True,completed
1179,pkw,1078.0,1531.0,453.0,,2363.84,1.0,165.0,288.0,229.15,,,0.3642,0.6358,,True,completed
1644,pkw,1401.0,1531.0,130.0,,1039.527,9.0,12.0,118.0,32.685,,,0.0923,0.9077,,True,completed
1217,pkw,1100.0,1532.0,432.0,,2479.931,34.0,114.0,318.0,206.125,,,0.2639,0.7361,,True,completed
1508,pkw,1285.0,1532.0,247.0,,1263.496,13.0,47.0,200.0,131.523,,,0.1903,0.8097,,True,completed
1554,pkw,1326.0,1532.0,206.0,,1482.122,17.0,28.0,178.0,71.263,,,0.1359,0.8641,,True,completed
1568,pkw,1336.0,1533.0,197.0,,1495.043,26.0,26.0,171.0,36.094,,,0.132,0.868,,True,completed
1409,pkw,1208.0,1535.0,327.0,,2053.591,28.0,66.0,261.0,137.293,,,0.2018,0.7982,,True,completed
1612,pkw,1373.0,1535.0,162.0,,1049.328,18.0,32.0,130.0,65.089,,,0.1975,0.8025,,True,completed
1557,pkw,1330.0,1536.0,206.0,,1439.992,0.0,0.0,206.0,19.493,,,0.0,1.0,,True,completed
1698,pkw,1442.0,1541.0,99.0,,737.306,16.0,16.0,83.0,30.532,,,0.1616,0.8384,,True,completed
1714,pkw,1451.0,1541.0,90.0,,591.326,7.0,7.0,83.0,34.916,,,0.0778,0.9222,,True,completed
1676,pkw,1425.0,1542.0,117.0,,551.205,33.0,38.0,79.0,66.391,,,0.3248,0.6752,,True,completed
1271,pkw,1125.0,1543.0,418.0,,1684.455,11.0,184.0,234.0,264.567,,,0.4402,0.5598,,True,completed
1394,pkw,1197.0,1544.0,347.0,,1613.37,42.0,112.0,235.0,178.157,,,0.3228,0.6772,,True,completed
742,pkw,823.0,1544.0,721.0,,2385.005,17.0,365.0,356.0,494.205,,,0.5062,0.4938,,True,completed
1703,pkw,1445.0,1546.0,101.0,,626.16,27.0,27.0,74.0,38.753,,,0.2673,0.7327,,True,completed
1455,pkw,1233.0,1548.0,315.0,,1867.15,4.0,85.0,230.0,145.284,,,0.2698,0.7302,,True,completed
798,pkw,860.0,1549.0,689.0,,2208.232,46.0,355.0,334.0,487.842,,,0.5152,0.4848,,True,completed
1420,pkw,1223.0,1550.0,327.0,,2020.384,25.0,74.0,253.0,131.508,,,0.2263,0.7737,,True,completed
1252,pkw,1116.0,1553.0,437.0,,2269.882,0.0,122.0,315.0,222.902,,,0.2792,0.7208,,True,completed
686,pkw,787.0,1555.0,768.0,,3139.024,25.0,300.0,468.0,446.093,,,0.3906,0.6094,,True,completed
794,pkw,856.0,1556.0,700.0,,2976.188,44.0,241.0,459.0,427.23,,,0.3443,0.6557,,True,completed
1533,pkw,1309.0,1557.0,248.0,,2088.587,4.0,31.0,217.0,57.001,,,0.125,0.875,,True,completed
1538,pkw,1314.0,1557.0,243.0,,1841.761,26.0,42.0,201.0,70.908,,,0.1728,0.8272,,True,completed
1550,pkw,1322.0,1558.0,236.0,,1213.141,38.0,63.0,173.0,122.081,,,0.2669,0.7331,,True,completed
1652,pkw,1408.0,1558.0,150.0,,1151.545,0.0,9.0,141.0,27.213,,,0.06,0.94,,True,completed
1475,pkw,1252.0,1560.0,308.0,,1666.541,3.0,76.0,232.0,138.611,,,0.2468,0.7532,,True,completed
1401,pkw,1202.0,1562.0,360.0,,2128.359,20.0,88.0,272.0,164.054,,,0.2444,0.7556,,True,completed
1160,pkw,1068.0,1563.0,495.0,,2632.921,44.0,150.0,345.0,244.504,,,0.303,0.697,,True,completed
1511,pkw,1289.0,1563.0,274.0,,1919.53,14.0,37.0,237.0,98.922,,,0.135,0.865,,True,completed
1259,pkw,1120.0,1565.0,445.0,,2502.27,58.0,125.0,320.0,215.111,,,0.2809,0.7191,,True,completed
1262,pkw,1122.0,1565.0,443.0,,1787.558,71.0,220.0,223.0,278.25,,,0.4966,0.5034,,True,completed
1417,pkw,1213.0,1566.0,353.0,,2262.549,37.0,63.0,290.0,146.965,,,0.1785,0.8215,,True,completed
1610,pkw,1371.0,1566.0,195.0,,1564.254,2.0,19.0,176.0,49.071,,,0.0974,0.9026,,True,completed
1606,pkw,1369.0,1568.0,199.0,,1612.182,25.0,33.0,166.0,52.633,,,0.1658,0.8342,,True,completed
1730,pkw,1462.0,1569.0,107.0,,668.716,16.0,16.0,91.0,38.532,,,0.1495,0.8505,,True,completed
1184,pkw,1081.0,1570.0,489.0,,2689.714,22.0,134.0,355.0,225.981,,,0.274,0.726,,True,completed
1292,pkw,1141.0,1570.0,429.0,,1562.117,53.0,180.0,249.0,283.183,,,0.4196,0.5804,,True,completed
1104,pkw,1040.0,1571.0,531.0,,862.595,76.0,361.0,170.0,448.361,,,0.6798,0.3202,,True,completed
844,pkw,901.0,1572.0,671.0,,2062.311,12.0,344.0,327.0,472.701,,,0.5127,0.4873,,True,completed
1387,pkw,1191.0,1576.0,385.0,,2240.9,31.0,111.0,274.0,179.291,,,0.2883,0.7117,,True,completed
1412,pkw,1210.0,1576.0,366.0,,1632.637,13.0,125.0,241.0,209.97,,,0.3415,0.6585,,True,completed
1441,pkw,1225.0,1578.0,353.0,,2015.138,28.0,92.0,261.0,170.189,,,0.2606,0.7394,,True,completed
1578,pkw,1351.0,1579.0,228.0,,943.977,38.0,102.0,126.0,141.748,,,0.4474,0.5526,,True,completed
1408,pkw,1207.0,1581.0,374.0,,1677.38,7.0,122.0,252.0,214.521,,,0.3262,0.6738,,True,completed
1540,pkw,1316.0,1582.0,266.0,,1519.003,65.0,99.0,167.0,127.212,,,0.3722,0.6278,,True,completed
1289,pkw,1139.0,1585.0,446.0,,2210.425,22.0,148.0,298.0,233.674,,,0.3318,0.6682,,True,completed
1344,pkw,1163.0,1585.0,422.0,,1306.816,32.0,176.0,246.0,294.378,,,0.4171,0.5829,,True,completed
1504,pkw,1284.0,1585.0,301.0,,2235.787,20.0,43.0,258.0,96.434,,,0.1429,0.8571,,True,completed
1243,pkw,1113.0,1586.0,473.0,,2116.491,55.0,188.0,285.0,267.627,,,0.3975,0.6025,,True,completed
1333,pkw,1158.0,1587.0,429.0,,2414.483,31.0,92.0,337.0,194.934,,,0.2145,0.7855,,True,completed
1685,pkw,1432.0,1588.0,156.0,,1020.977,14.0,27.0,129.0,50.059,,,0.1731,0.8269,,True,completed
1539,pkw,1315.0,1589.0,274.0,,1990.581,25.0,50.0,224.0,92.951,,,0.1825,0.8175,,True,completed
1386,pkw,1191.0,1590.0,399.0,,1410.232,34.0,183.0,216.0,255.154,,,0.4586,0.5414,,True,completed
1254,pkw,1117.0,1597.0,480.0,,2606.613,0.0,128.0,352.0,242.414,,,0.2667,0.7333,,True,completed
1688,pkw,1434.0,1597.0,163.0,,874.361,44.0,44.0,119.0,82.607,,,0.2699,0.7301,,True,completed
1649,pkw,1405.0,1598.0,193.0,,1614.902,16.0,26.0,167.0,45.923,,,0.1347,0.8653,,True,completed
1214,pkw,1098.0,1599.0,501.0,,2044.521,4.0,206.0,295.0,279.452,,,0.4112,0.5888,,True,completed
1375,pkw,1186.0,1600.0,414.0,,2386.234,26.0,116.0,298.0,194.128,,,0.2802,0.7198,,True,completed
985,pkw,975.0,1600.0,625.0,,2209.811,13.0,266.0,359.0,406.922,,,0.4256,0.5744,,True,completed
1604,pkw,1368.0,1602.0,234.0,,1156.084,36.0,78.0,156.0,127.555,,,0.3333,0.6667,,True,completed
1608,pkw,1371.0,1602.0,231.0,,1997.763,4.0,12.0,219.0,42.827,,,0.0519,0.9481,,True,completed
1341,pkw,1161.0,1605.0,444.0,,2665.676,30.0,116.0,328.0,191.501,,,0.2613,0.7387,,True,completed
1562,pkw,1332.0,1606.0,274.0,,2248.293,10.0,27.0,247.0,69.108,,,0.0985,0.9015,,True,completed
1672,pkw,1423.0,1609.0,186.0,,1136.461,18.0,44.0,142.0,81.722,,,0.2366,0.7634,,True,completed
1169,pkw,1072.0,1610.0,538.0,,3364.101,6.0,131.0,407.0,229.574,,,0.2435,0.7565,,True,completed
1545,pkw,1319.0,1610.0,291.0,,1525.114,58.0,114.0,177.0,147.706,,,0.3918,0.6082,,True,completed
1303,pkw,1145.0,1613.0,468.0,,2053.969,57.0,209.0,259.0,280.006,,,0.4466,0.5534,,True,completed
1622,pkw,1382.0,1614.0,232.0,,2092.465,16.0,16.0,216.0,35.433,,,0.069,0.931,,True,completed
1788,pkw,1520.0,1614.0,94.0,,738.102,13.0,13.0,81.0,26.57,,,0.1383,0.8617,,True,completed
1212,pkw,1096.0,1615.0,519.0,,1492.428,28.0,219.0,300.0,378.341,,,0.422,0.578,,True,completed
1721,pkw,1456.0,1618.0,162.0,,1011.276,17.0,23.0,139.0,64.754,,,0.142,0.858,,True,completed
1230,pkw,1107.0,1620.0,513.0,,2448.291,17.0,161.0,352.0,286.095,,,0.3138,0.6862,,True,completed
1261,pkw,1122.0,1620.0,498.0,,710.39,43.0,269.0,229.0,426.065,,,0.5402,0.4598,,True,completed
1509,pkw,1288.0,1622.0,334.0,,2179.184,13.0,73.0,261.0,135.031,,,0.2186,0.7814,,True,completed
1624,pkw,1383.0,1622.0,239.0,,1912.624,0.0,11.0,228.0,46.691,,,0.046,0.954,,True,completed
1601,pkw,1366.0,1623.0,257.0,,1658.528,0.0,40.0,217.0,65.021,,,0.1556,0.8444,,True,completed
520,pkw,682.0,1623.0,941.0,,2609.026,36.0,528.0,413.0,695.574,,,0.5611,0.4389,,True,completed
1734,pkw,1465.0,1625.0,160.0,,883.838,35.0,35.0,125.0,67.727,,,0.2188,0.7812,,True,completed
984,pkw,975.0,1626.0,651.0,,1620.316,43.0,342.0,309.0,501.598,,,0.5253,0.4747,,True,completed
1006,pkw,989.0,1627.0,638.0,,1439.773,45.0,383.0,255.0,498.328,,,0.6003,0.3997,,True,completed
1614,pkw,1375.0,1627.0,252.0,,1504.712,23.0,54.0,198.0,114.755,,,0.2143,0.7857,,True,completed
1825,pkw,1574.0,1627.0,53.0,,373.837,0.0,0.0,53.0,8.625,,,0.0,1.0,,True,completed
1565,pkw,1335.0,1629.0,294.0,,2176.915,58.0,58.0,236.0,96.637,,,0.1973,0.8027,,True,completed
1723,pkw,1458.0,1633.0,175.0,,973.791,12.0,45.0,130.0,82.215,,,0.2571,0.7429,,True,completed
1452,pkw,1232.0,1634.0,402.0,,1699.557,19.0,155.0,247.0,247.459,,,0.3856,0.6144,,True,completed
1639,pkw,1396.0,1634.0,238.0,,1491.276,12.0,48.0,190.0,94.967,,,0.2017,0.7983,,True,completed
1700,pkw,1444.0,1634.0,190.0,,1040.427,20.0,34.0,156.0,92.613,,,0.1789,0.8211,,True,completed
957,pkw,959.0,1634.0,675.0,,2052.098,42.0,297.0,378.0,459.645,,,0.44,0.56,,True,completed
838,pkw,895.0,1636.0,741.0,,2120.487,36.0,339.0,402.0,497.594,,,0.4575,0.5425,,True,completed
1541,pkw,1317.0,1637.0,320.0,,2445.645,12.0,46.0,274.0,93.653,,,0.1437,0.8562,,True,completed
1057,pkw,1016.0,1638.0,622.0,,2126.712,45.0,265.0,357.0,410.853,,,0.426,0.574,,True,completed
1506,pkw,1284.0,1638.0,354.0,,905.359,72.0,152.0,202.0,270.79,,,0.4294,0.5706,,True,completed
1598,pkw,1365.0,1638.0,273.0,,1621.912,28.0,64.0,209.0,120.653,,,0.2344,0.7656,,True,completed
1203,pkw,1091.0,1639.0,548.0,,1742.954,17.0,225.0,323.0,384.85,,,0.4106,0.5894,,True,completed
630,pkw,748.0,1639.0,891.0,,2665.041,53.0,405.0,486.0,643.428,,,0.4545,0.5455,,True,completed
807,pkw,867.0,1640.0,773.0,,1989.697,37.0,432.0,341.0,568.04,,,0.5589,0.4411,,True,completed
787,pkw,1380.0,1642.0,262.0,,1217.947,33.0,96.0,166.0,149.961,,,0.3664,0.6336,,True,completed
1501,pkw,1281.0,1643.0,362.0,,1392.466,40.0,121.0,241.0,234.359,,,0.3343,0.6657,,True,completed
1645,pkw,1402.0,1643.0,241.0,,1476.578,23.0,65.0,176.0,106.624,,,0.2697,0.7303,,True,completed
1760,pkw,1494.0,1644.0,150.0,,1112.036,33.0,33.0,117.0,47.63,,,0.22,0.78,,True,completed
837,pkw,894.0,1644.0,750.0,,2752.969,43.0,355.0,395.0,486.745,,,0.4733,0.5267,,True,completed
1697,pkw,1441.0,1645.0,204.0,,1328.897,28.0,33.0,171.0,79.189,,,0.1618,0.8382,,True,completed
849,pkw,903.0,1645.0,742.0,,2188.116,56.0,335.0,407.0,536.513,,,0.4515,0.5485,,True,completed
1706,pkw,1446.0,1647.0,201.0,,874.876,60.0,77.0,124.0,120.214,,,0.3831,0.6169,,True,completed
1569,pkw,1337.0,1648.0,311.0,,1552.778,27.0,63.0,248.0,156.157,,,0.2026,0.7974,,True,completed
1411,pkw,1209.0,1649.0,440.0,,2125.51,0.0,135.0,305.0,210.877,,,0.3068,0.6932,,True,completed
1668,pkw,1417.0,1649.0,232.0,,2126.208,0.0,9.0,223.0,32.065,,,0.0388,0.9612,,True,completed
1297,pkw,1144.0,1652.0,508.0,,2189.861,7.0,213.0,295.0,304.089,,,0.4193,0.5807,,True,completed
1740,pkw,1475.0,1652.0,177.0,,879.666,57.0,57.0,120.0,96.496,,,0.322,0.678,,True,completed
1347,pkw,1165.0,1653.0,488.0,,2690.888,41.0,124.0,364.0,233.084,,,0.2541,0.7459,,True,completed
1484,pkw,1264.0,1654.0,390.0,,1769.782,55.0,170.0,220.0,227.092,,,0.4359,0.5641,,True,completed
1377,pkw,1188.0,1656.0,468.0,,2241.802,40.0,144.0,324.0,230.648,,,0.3077,0.6923,,True,completed
945,pkw,952.0,1656.0,704.0,,3093.883,0.0,223.0,481.0,374.066,,,0.3168,0.6832,,True,completed
1225,pkw,1105.0,1658.0,553.0,,1811.63,49.0,214.0,339.0,378.875,,,0.387,0.613,,True,completed
1277,pkw,1131.0,1659.0,528.0,,1848.288,58.0,285.0,243.0,347.361,,,0.5398,0.4602,,True,completed
1766,pkw,1501.0,1659.0,158.0,,1023.077,13.0,34.0,124.0,64.224,,,0.2152,0.7848,,True,completed
1101,pkw,1038.0,1661.0,623.0,,1719.395,57.0,296.0,327.0,465.998,,,0.4751,0.5249,,True,completed
1693,pkw,1440.0,1662.0,222.0,,1410.019,15.0,33.0,189.0,78.761,,,0.1486,0.8514,,True,completed
1641,pkw,1398.0,1663.0,265.0,,2351.101,0.0,22.0,243.0,47.108,,,0.083,0.917,,True,completed
1595,pkw,1358.0,1664.0,306.0,,1832.635,4.0,49.0,257.0,123.381,,,0.1601,0.8399,,True,completed
1428,pkw,1218.0,1665.0,447.0,,1645.167,41.0,213.0,234.0,293.79,,,0.4765,0.5235,,True,completed
625,pkw,744.0,1665.0,921.0,,3032.735,51.0,440.0,481.0,632.469,,,0.4777,0.5223,,True,completed
1521,pkw,1297.0,1666.0,369.0,,1055.805,28.0,154.0,215.0,272.72,,,0.4173,0.5827,,True,completed
1632,pkw,1391.0,1667.0,276.0,,1730.451,15.0,69.0,207.0,106.223,,,0.25,0.75,,True,completed
1489,pkw,1267.0,1668.0,401.0,,1683.656,8.0,145.0,256.0,239.945,,,0.3616,0.6384,,True,completed
1272,pkw,1126.0,1670.0,544.0,,800.181,26.0,342.0,202.0,459.811,,,0.6287,0.3713,,True,completed
904,pkw,932.0,1670.0,738.0,,2753.451,34.0,352.0,386.0,482.435,,,0.477,0.523,,True,completed
1414,pkw,1212.0,1673.0,461.0,,1970.108,64.0,205.0,256.0,280.075,,,0.4447,0.5553,,True,completed
1415,pkw,1215.0,1673.0,458.0,,2348.916,65.0,142.0,316.0,244.456,,,0.31,0.69,,True,completed
875,pkw,915.0,1673.0,758.0,,2120.872,35.0,351.0,407.0,528.193,,,0.4631,0.5369,,True,completed
991,pkw,980.0,1674.0,694.0,,1279.987,70.0,380.0,314.0,569.284,,,0.5476,0.4524,,True,completed
1793,pkw,1528.0,1675.0,147.0,,792.812,19.0,19.0,128.0,44.97,,,0.1293,0.8707,,True,completed
1014,pkw,991.0,1677.0,686.0,,2149.623,52.0,309.0,377.0,478.628,,,0.4504,0.5496,,True,completed
1640,pkw,1398.0,1677.0,279.0,,2096.73,23.0,41.0,238.0,87.667,,,0.147,0.853,,True,completed
1680,pkw,1485.0,1678.0,193.0,,1882.664,0.0,0.0,193.0,18.325,,,0.0,1.0,,True,completed
1744,pkw,1479.0,1678.0,199.0,,1791.152,0.0,2.0,197.0,26.116,,,0.0101,0.9899,,True,completed
821,pkw,883.0,1679.0,796.0,,1869.579,67.0,430.0,366.0,620.851,,,0.5402,0.4598,,True,completed
1659,pkw,1411.0,1680.0,269.0,,1475.41,0.0,49.0,220.0,128.562,,,0.1822,0.8178,,True,completed
1366,pkw,1181.0,1681.0,500.0,,2615.694,69.0,145.0,355.0,262.875,,,0.29,0.71,,True,completed
982,pkw,973.0,1681.0,708.0,,2587.599,19.0,312.0,396.0,466.86,,,0.4407,0.5593,,True,completed
1559,pkw,1329.0,1684.0,355.0,,2456.153,6.0,58.0,297.0,132.029,,,0.1634,0.8366,,True,completed
1357,pkw,1175.0,1685.0,510.0,,2347.978,60.0,158.0,352.0,285.017,,,0.3098,0.6902,,True,completed
1662,pkw,1412.0,1686.0,274.0,,2335.762,4.0,17.0,257.0,52.513,,,0.062,0.938,,True,completed
1419,pkw,1213.0,1688.0,475.0,,2282.676,58.0,159.0,316.0,267.639,,,0.3347,0.6653,,True,completed
1708,pkw,1447.0,1688.0,241.0,,1553.911,15.0,37.0,204.0,75.723,,,0.1535,0.8465,,True,completed
1696,pkw,1440.0,1689.0,249.0,,1361.205,13.0,71.0,178.0,120.381,,,0.2851,0.7149,,True,completed
1132,pkw,1051.0,1690.0,639.0,,2775.278,58.0,280.0,359.0,385.366,,,0.4382,0.5618,,True,completed
1469,pkw,1245.0,1692.0,447.0,,2818.057,2.0,92.0,355.0,180.842,,,0.2058,0.7942,,True,completed
1616,pkw,1380.0,1693.0,313.0,,2668.375,0.0,13.0,300.0,50.633,,,0.0415,0.9585,,True,completed
1717,pkw,1454.0,1693.0,239.0,,1656.587,0.0,9.0,230.0,33.767,,,0.0377,0.9623,,True,completed
1773,pkw,1504.0,1693.0,189.0,,1474.602,1.0,1.0,188.0,20.494,,,0.0053,0.9947,,True,completed
1027,pkw,1500.0,1695.0,195.0,,987.942,37.0,65.0,130.0,104.811,,,0.3333,0.6667,,True,completed
1797,pkw,1533.0,1696.0,163.0,,1481.701,13.0,13.0,150.0,27.633,,,0.0798,0.9202,,True,completed
1490,pkw,1268.0,1697.0,429.0,,1657.377,14.0,150.0,279.0,277.545,,,0.3497,0.6503,,True,completed
1105,pkw,1040.0,1699.0,659.0,,2459.489,67.0,280.0,379.0,436.015,,,0.4249,0.5751,,True,completed
634,pkw,750.0,1701.0,951.0,,2340.278,63.0,448.0,503.0,707.506,,,0.4711,0.5289,,True,completed
784,pkw,849.0,1701.0,852.0,,2481.501,43.0,483.0,369.0,625.417,,,0.5669,0.4331,,True,completed
1895,pkw,1666.0,1703.0,37.0,,379.402,0.0,0.0,37.0,1.854,,,0.0,1.0,,True,completed
1741,pkw,1476.0,1705.0,229.0,,1152.003,31.0,74.0,155.0,124.319,,,0.3231,0.6769,,True,completed
1803,pkw,1538.0,1705.0,167.0,,1446.236,0.0,17.0,150.0,34.391,,,0.1018,0.8982,,True,completed
1186,pkw,1081.0,1706.0,625.0,,1420.316,57.0,312.0,313.0,494.861,,,0.4992,0.5008,,True,completed
1755,pkw,1490.0,1706.0,216.0,,2099.956,0.0,6.0,210.0,25.74,,,0.0278,0.9722,,True,completed
1620,pkw,1381.0,1707.0,326.0,,2335.111,2.0,72.0,254.0,108.291,,,0.2209,0.7791,,True,completed
1629,pkw,1389.0,1709.0,320.0,,2258.267,27.0,57.0,263.0,114.352,,,0.1781,0.8219,,True,completed
1860,pkw,1621.0,1709.0,88.0,,732.673,0.0,0.0,88.0,6.543,,,0.0,1.0,,True,completed
1391,pkw,1194.0,1711.0,517.0,,2662.118,74.0,188.0,329.0,253.214,,,0.3636,0.6364,,True,completed
1426,pkw,1215.0,1711.0,496.0,,2731.525,43.0,137.0,359.0,247.45,,,0.2762,0.7238,,True,completed
508,pkw,669.0,1711.0,1042.0,,3491.402,24.0,549.0,493.0,711.573,,,0.5269,0.4731,,True,completed
1382,pkw,1190.0,1713.0,523.0,,2043.769,11.0,207.0,316.0,307.008,,,0.3958,0.6042,,True,completed
1407,pkw,1205.0,1713.0,508.0,,2014.852,25.0,192.0,316.0,321.534,,,0.378,0.622,,True,completed
1759,pkw,1491.0,1716.0,225.0,,1515.394,22.0,41.0,184.0,80.624,,,0.1822,0.8178,,True,completed
829,pkw,890.0,1717.0,827.0,,2956.507,5.0,329.0,498.0,516.887,,,0.3978,0.6022,,True,completed
806,pkw,867.0,1718.0,851.0,,2393.743,60.0,454.0,397.0,633.993,,,0.5335,0.4665,,True,completed
1255,pkw,1118.0,1719.0,601.0,,1698.459,45.0,268.0,333.0,423.415,,,0.4459,0.5541,,True,completed
1753,pkw,1488.0,1719.0,231.0,,2152.592,0.0,4.0,227.0,24.428,,,0.0173,0.9827,,True,completed
1898,pkw,1668.0,1719.0,51.0,,454.653,2.0,2.0,49.0,9.081,,,0.0392,0.9608,,True,completed
1432,pkw,1219.0,1722.0,503.0,,2163.493,10.0,171.0,332.0,295.041,,,0.34,0.66,,True,completed
1038,pkw,1007.0,1724.0,717.0,,1575.048,52.0,436.0,281.0,566.442,,,0.6081,0.3919,,True,completed
1453,pkw,1232.0,1725.0,493.0,,2777.275,20.0,112.0,381.0,239.15,,,0.2272,0.7728,,True,completed
1653,pkw,1408.0,1725.0,317.0,,975.485,79.0,172.0,145.0,213.044,,,0.5426,0.4574,,True,completed
1635,pkw,1393.0,1727.0,334.0,,1972.173,19.0,39.0,295.0,155.125,,,0.1168,0.8832,,True,completed
1327,pkw,1155.0,1730.0,575.0,,2280.607,62.0,265.0,310.0,343.107,,,0.4609,0.5391,,True,completed
1456,pkw,1234.0,1731.0,497.0,,2332.545,59.0,158.0,339.0,270.539,,,0.3179,0.6821,,True,completed
1437,pkw,1221.0,1732.0,511.0,,2357.924,61.0,167.0,344.0,280.442,,,0.3268,0.6732,,True,completed
1570,pkw,1339.0,1733.0,394.0,,2258.101,0.0,96.0,298.0,161.052,,,0.2437,0.7563,,True,completed
1886,pkw,1652.0,1734.0,82.0,,740.275,4.0,4.0,78.0,14.375,,,0.0488,0.9512,,True,completed
1732,pkw,1464.0,1735.0,271.0,,1689.752,16.0,72.0,199.0,116.595,,,0.2657,0.7343,,True,completed
1769,pkw,1502.0,1735.0,233.0,,1790.991,0.0,6.0,227.0,34.801,,,0.0258,0.9742,,True,completed
738,pkw,822.0,1735.0,913.0,,2221.96,50.0,581.0,332.0,706.611,,,0.6364,0.3636,,True,completed
1302,pkw,1145.0,1736.0,591.0,,2244.857,22.0,205.0,386.0,375.492,,,0.3469,0.6531,,True,completed
1316,pkw,1150.0,1737.0,587.0,,1609.775,20.0,253.0,334.0,435.051,,,0.431,0.569,,True,completed
1613,pkw,1373.0,1738.0,365.0,,2127.153,33.0,116.0,249.0,161.284,,,0.3178,0.6822,,True,completed
944,pkw,951.0,1738.0,787.0,,2528.731,57.0,337.0,450.0,544.323,,,0.4282,0.5718,,True,completed
1512,pkw,1289.0,1739.0,450.0,,2399.069,59.0,137.0,313.0,231.355,,,0.3044,0.6956,,True,completed
1535,pkw,1310.0,1739.0,429.0,,1082.687,63.0,163.0,266.0,330.557,,,0.38,0.62,,True,completed
1764,pkw,1499.0,1739.0,240.0,,1867.914,0.0,32.0,208.0,60.884,,,0.1333,0.8667,,True,completed
1282,pkw,1133.0,1741.0,608.0,,2203.729,56.0,259.0,349.0,402.674,,,0.426,0.574,,True,completed
1491,pkw,1269.0,1743.0,474.0,,2681.427,14.0,125.0,349.0,229.997,,,0.2637,0.7363,,True,completed
1128,pkw,1050.0,1745.0,695.0,,2004.416,50.0,277.0,418.0,495.427,,,0.3986,0.6014,,True,completed
1829,pkw,1584.0,1745.0,161.0,,1269.804,12.0,17.0,144.0,42.035,,,0.1056,0.8944,,True,completed
1573,pkw,1343.0,1747.0,404.0,,2280.009,36.0,107.0,297.0,192.183,,,0.2649,0.7351,,True,completed
1768,pkw,1502.0,1748.0,246.0,,1689.855,12.0,45.0,201.0,74.916,,,0.1829,0.8171,,True,completed
1745,pkw,1481.0,1752.0,271.0,,1020.974,62.0,100.0,171.0,177.701,,,0.369,0.631,,True,completed
1528,pkw,1306.0,1756.0,450.0,,1412.846,11.0,192.0,258.0,321.182,,,0.4267,0.5733,,True,completed
1476,pkw,1254.0,1759.0,505.0,,2302.849,0.0,164.0,341.0,280.164,,,0.3248,0.6752,,True,completed
1170,pkw,1073.0,1761.0,688.0,,2731.498,13.0,347.0,341.0,439.028,,,0.5044,0.4956,,True,completed
1119,pkw,1047.0,1762.0,715.0,,2151.859,41.0,328.0,387.0,507.986,,,0.4587,0.5413,,True,completed
1502,pkw,1283.0,1763.0,480.0,,2223.326,30.0,186.0,294.0,275.782,,,0.3875,0.6125,,True,completed
711,pkw,803.0,1763.0,960.0,,3017.328,61.0,526.0,434.0,685.614,,,0.5479,0.4521,,True,completed
969,pkw,966.0,1763.0,797.0,,2581.64,21.0,385.0,412.0,553.082,,,0.4831,0.5169,,True,completed
684,pkw,784.0,1765.0,981.0,,2095.117,57.0,532.0,449.0,773.659,,,0.5423,0.4577,,True,completed
1040,pkw,1008.0,1767.0,759.0,,1733.35,21.0,423.0,336.0,598.881,,,0.5573,0.4427,,True,completed
1185,pkw,1081.0,1767.0,686.0,,2153.698,21.0,306.0,380.0,478.983,,,0.4461,0.5539,,True,completed
1823,pkw,1569.0,1767.0,198.0,,1606.266,7.0,23.0,175.0,50.948,,,0.1162,0.8838,,True,completed
1678,pkw,1426.0,1768.0,342.0,,1591.599,22.0,112.0,230.0,192.898,,,0.3275,0.6725,,True,completed
1847,pkw,1603.0,1768.0,165.0,,1327.261,18.0,18.0,147.0,37.995,,,0.1091,0.8909,,True,completed
1011,pkw,991.0,1769.0,778.0,,2309.33,22.0,376.0,402.0,542.045,,,0.4833,0.5167,,True,completed
1657,pkw,1410.0,1769.0,359.0,,3156.217,0.0,40.0,319.0,72.215,,,0.1114,0.8886,,True,completed
1673,pkw,1423.0,1770.0,347.0,,1304.259,22.0,145.0,202.0,227.899,,,0.4179,0.5821,,True,completed
1892,pkw,1662.0,1773.0,111.0,,896.052,8.0,8.0,103.0,26.925,,,0.0721,0.9279,,True,completed
1767,pkw,1502.0,1777.0,275.0,,2131.062,18.0,46.0,229.0,77.998,,,0.1673,0.8327,,True,completed
1824,pkw,1570.0,1777.0,207.0,,986.927,39.0,59.0,148.0,113.905,,,0.285,0.715,,True,completed
1808,pkw,1543.0,1779.0,236.0,,1070.375,20.0,54.0,182.0,138.034,,,0.2288,0.7712,,True,completed
825,pkw,886.0,1779.0,893.0,,2207.022,49.0,534.0,359.0,691.619,,,0.598,0.402,,True,completed
1572,pkw,1342.0,1781.0,439.0,,2358.339,37.0,118.0,321.0,224.919,,,0.2688,0.7312,,True,completed
1498,pkw,1286.0,1783.0,497.0,,2741.857,32.0,148.0,349.0,247.085,,,0.2978,0.7022,,True,completed
1526,pkw,1301.0,1784.0,483.0,,2650.187,54.0,125.0,358.0,241.047,,,0.2588,0.7412,,True,completed
1738,pkw,1473.0,1784.0,311.0,,1967.43,19.0,77.0,234.0,123.978,,,0.2476,0.7524,,True,completed
1471,pkw,1249.0,1785.0,536.0,,2651.806,4.0,160.0,376.0,295.179,,,0.2985,0.7015,,True,completed
1596,pkw,1362.0,1786.0,424.0,,2520.169,33.0,124.0,300.0,195.749,,,0.2925,0.7075,,True,completed
1634,pkw,1392.0,1786.0,394.0,,1503.573,29.0,156.0,238.0,255.907,,,0.3959,0.6041,,True,completed
1737,pkw,1469.0,1786.0,317.0,,2334.658,22.0,64.0,253.0,100.698,,,0.2019,0.7981,,True,completed
1684,pkw,1431.0,1787.0,356.0,,2603.887,28.0,61.0,295.0,110.454,,,0.1713,0.8287,,True,completed
1780,pkw,1513.0,1788.0,275.0,,2116.79,23.0,41.0,234.0,82.633,,,0.1491,0.8509,,True,completed
1486,pkw,1265.0,1790.0,525.0,,1916.369,25.0,226.0,299.0,351.413,,,0.4305,0.5695,,True,completed
1500,pkw,1280.0,1790.0,510.0,,2143.14,80.0,178.0,332.0,303.809,,,0.349,0.651,,True,completed
1940,pkw,1712.0,1791.0,79.0,,646.227,0.0,0.0,79.0,10.493,,,0.0,1.0,,True,completed
1520,pkw,1296.0,1792.0,496.0,,1690.799,33.0,189.0,307.0,331.85,,,0.381,0.619,,True,completed
1269,pkw,1124.0,1794.0,670.0,,3323.02,0.0,197.0,473.0,360.882,,,0.294,0.706,,True,completed
1127,pkw,1049.0,1795.0,746.0,,1827.274,30.0,355.0,391.0,547.982,,,0.4759,0.5241,,True,completed
1964,pkw,1740.0,1796.0,56.0,,306.799,11.0,11.0,45.0,17.096,,,0.1964,0.8036,,True,completed
1758,pkw,1491.0,1797.0,306.0,,1526.124,19.0,89.0,217.0,167.356,,,0.2908,0.7092,,True,completed
1871,pkw,1636.0,1797.0,161.0,,977.79,22.0,40.0,121.0,60.424,,,0.2484,0.7516,,True,completed
1091,pkw,1034.0,1798.0,764.0,,2185.626,44.0,318.0,446.0,541.425,,,0.4162,0.5838,,True,completed
980,pkw,972.0,1799.0,827.0,,3455.942,8.0,372.0,455.0,497.613,,,0.4498,0.5502,,True,completed
1516,pkw,1291.0,1800.0,509.0,,1419.374,46.0,266.0,243.0,346.258,,,0.5226,0.4774,,True,completed
1001,pkw,986.0,,814.0,,2837.373,15.0,411.0,403.0,546.067,,,0.5049,0.4951,,False,on_map_at_end
1007,pkw,990.0,,810.0,,2025.903,53.0,399.0,411.0,615.365,,,0.4926,0.5074,,False,on_map_at_end
1017,pkw,995.0,,805.0,,1665.167,70.0,523.0,282.0,636.61,,,0.6497,0.3503,,False,on_map_at_end
1018,pkw,997.0,,803.0,,950.091,88.0,575.0,228.0,674.842,,,0.7161,0.2839,,False,on_map_at_end
1024,pkw,1000.0,,800.0,,1388.518,46.0,438.0,362.0,642.455,,,0.5475,0.4525,,False,on_map_at_end
1028,pkw,1000.0,,800.0,,1286.025,72.0,530.0,270.0,664.85,,,0.6625,0.3375,,False,on_map_at_end
1029,pkw,1001.0,,799.0,,967.384,87.0,606.0,193.0,706.008,,,0.7584,0.2416,,False,on_map_at_end
1039,pkw,1555.0,,245.0,,1861.507,45.0,45.0,200.0,73.756,,,0.1837,0.8163,,False,on_map_at_end
1041,pkw,1008.0,,792.0,,959.496,89.0,597.0,195.0,699.061,,,0.7538,0.2462,,False,on_map_at_end
1042,pkw,1008.0,,792.0,,526.678,86.0,633.0,159.0,737.435,,,0.7992,0.2008,,False,on_map_at_end
1046,pkw,1010.0,,790.0,,1663.972,81.0,508.0,282.0,628.243,,,0.643,0.357,,False,on_map_at_end
1059,pkw,1016.0,,784.0,,942.581,88.0,568.0,216.0,661.733,,,0.7245,0.2755,,False,on_map_at_end
1062,pkw,1018.0,,782.0,,1693.081,64.0,412.0,370.0,629.161,,,0.5269,0.4731,,False,on_map_at_end
1069,pkw,1022.0,,778.0,,1408.873,53.0,436.0,342.0,625.132,,,0.5604,0.4396,,False,on_map_at_end
1070,pkw,1023.0,,777.0,,1248.274,57.0,429.0,348.0,642.725,,,0.5521,0.4479,,False,on_map_at_end
1071,pkw,1024.0,,776.0,,1604.273,71.0,484.0,292.0,615.148,,,0.6237,0.3763,,False,on_map_at_end
1077,pkw,1028.0,,772.0,,1889.34,54.0,382.0,390.0,600.213,,,0.4948,0.5052,,False,on_map_at_end
1080,pkw,1029.0,,771.0,,1674.134,17.0,404.0,367.0,606.758,,,0.524,0.476,,False,on_map_at_end
1081,pkw,1029.0,,771.0,,498.359,85.0,629.0,142.0,722.109,,,0.8158,0.1842,,False,on_map_at_end
1085,pkw,1030.0,,770.0,,1844.042,63.0,345.0,425.0,603.087,,,0.4481,0.5519,,False,on_map_at_end
1089,pkw,1032.0,,768.0,,1821.246,60.0,362.0,406.0,603.225,,,0.4714,0.5286,,False,on_map_at_end
1093,pkw,1035.0,,765.0,,1460.779,80.0,385.0,380.0,567.295,,,0.5033,0.4967,,False,on_map_at_end
1098,pkw,1037.0,,763.0,,2893.906,76.0,309.0,454.0,493.899,,,0.405,0.595,,False,on_map_at_end
1109,pkw,1042.0,,758.0,,2823.653,61.0,388.0,370.0,500.586,,,0.5119,0.4881,,False,on_map_at_end
1112,pkw,1043.0,,757.0,,2860.121,11.0,369.0,388.0,486.432,,,0.4875,0.5125,,False,on_map_at_end
1114,pkw,1044.0,,756.0,,1362.262,35.0,406.0,350.0,623.36,,,0.537,0.463,,False,on_map_at_end
1115,pkw,1044.0,,756.0,,2594.329,43.0,330.0,426.0,520.673,,,0.4365,0.5635,,False,on_map_at_end
1122,pkw,1048.0,,752.0,,1330.048,61.0,430.0,322.0,630.546,,,0.5718,0.4282,,False,on_map_at_end
1124,pkw,1049.0,,751.0,,1620.161,77.0,474.0,277.0,603.881,,,0.6312,0.3688,,False,on_map_at_end
1125,pkw,1049.0,,751.0,,1359.81,73.0,501.0,250.0,627.22,,,0.6671,0.3329,,False,on_map_at_end
1126,pkw,1049.0,,751.0,,1453.278,76.0,378.0,373.0,571.794,,,0.5033,0.4967,,False,on_map_at_end
1131,pkw,1051.0,,749.0,,1445.777,72.0,375.0,374.0,571.368,,,0.5007,0.4993,,False,on_map_at_end
1135,pkw,1054.0,,746.0,,1438.276,69.0,373.0,373.0,579.783,,,0.5,0.5,,False,on_map_at_end
1139,pkw,1054.0,,746.0,,1713.492,62.0,386.0,360.0,587.062,,,0.5174,0.4826,,False,on_map_at_end
1144,pkw,1056.0,,744.0,,1633.968,72.0,460.0,284.0,588.163,,,0.6183,0.3817,,False,on_map_at_end
1150,pkw,1062.0,,738.0,,1597.909,67.0,411.0,327.0,592.035,,,0.5569,0.4431,,False,on_map_at_end
1152,pkw,1063.0,,737.0,,1504.319,23.0,382.0,355.0,598.257,,,0.5183,0.4817,,False,on_map_at_end
1157,pkw,1067.0,,733.0,,1323.971,34.0,406.0,327.0,601.518,,,0.5539,0.4461,,False,on_map_at_end
1158,pkw,1067.0,,733.0,,1581.458,60.0,456.0,277.0,584.31,,,0.6221,0.3779,,False,on_map_at_end
1163,pkw,1071.0,,729.0,,1263.279,31.0,401.0,328.0,573.726,,,0.5501,0.4499,,False,on_map_at_end
1164,pkw,1069.0,,731.0,,920.078,88.0,509.0,222.0,591.885,,,0.6963,0.3037,,False,on_map_at_end
1165,pkw,1071.0,,729.0,,1582.822,70.0,393.0,336.0,583.359,,,0.5391,0.4609,,False,on_map_at_end
1168,pkw,1072.0,,728.0,,1575.321,74.0,388.0,340.0,584.689,,,0.533,0.467,,False,on_map_at_end
1173,pkw,1075.0,,725.0,,1784.308,61.0,365.0,360.0,560.792,,,0.5034,0.4966,,False,on_map_at_end
1176,pkw,1076.0,,724.0,,1599.758,75.0,462.0,262.0,579.225,,,0.6381,0.3619,,False,on_map_at_end
1183,pkw,1080.0,,720.0,,2031.425,0.0,436.0,284.0,532.025,,,0.6056,0.3944,,False,on_map_at_end
1192,pkw,1083.0,,717.0,,1256.272,55.0,406.0,311.0,585.603,,,0.5662,0.4338,,False,on_map_at_end
1193,pkw,1083.0,,717.0,,1118.048,42.0,409.0,308.0,593.87,,,0.5704,0.4296,,False,on_map_at_end
1195,pkw,1085.0,,715.0,,1229.86,12.0,401.0,314.0,596.959,,,0.5608,0.4392,,False,on_map_at_end
1201,pkw,1089.0,,711.0,,1999.273,17.0,353.0,358.0,524.033,,,0.4965,0.5035,,False,on_map_at_end
1202,pkw,1091.0,,709.0,,877.009,60.0,416.0,293.0,619.868,,,0.5867,0.4133,,False,on_map_at_end
1207,pkw,1093.0,,707.0,,2538.575,56.0,299.0,408.0,475.885,,,0.4229,0.5771,,False,on_map_at_end
1208,pkw,1095.0,,705.0,,1205.633,72.0,407.0,298.0,592.084,,,0.5773,0.4227,,False,on_map_at_end
1210,pkw,1095.0,,705.0,,1584.753,69.0,440.0,265.0,562.03,,,0.6241,0.3759,,False,on_map_at_end
1211,pkw,1095.0,,705.0,,1692.135,63.0,326.0,379.0,527.407,,,0.4624,0.5376,,False,on_map_at_end
1213,pkw,1098.0,,702.0,,1255.256,49.0,457.0,245.0,583.783,,,0.651,0.349,,False,on_map_at_end
1222,pkw,1103.0,,697.0,,2382.798,61.0,281.0,416.0,475.815,,,0.4032,0.5968,,False,on_map_at_end
1223,pkw,1103.0,,697.0,,2055.272,66.0,401.0,296.0,510.959,,,0.5753,0.4247,,False,on_map_at_end
1226,pkw,1105.0,,695.0,,805.672,70.0,400.0,295.0,616.681,,,0.5755,0.4245,,False,on_map_at_end
1227,pkw,1105.0,,695.0,,897.575,88.0,492.0,203.0,560.609,,,0.7079,0.2921,,False,on_map_at_end
1232,pkw,1108.0,,692.0,,788.358,68.0,423.0,269.0,612.583,,,0.6113,0.3887,,False,on_map_at_end
1235,pkw,1109.0,,691.0,,1377.184,62.0,351.0,340.0,520.382,,,0.508,0.492,,False,on_map_at_end
1238,pkw,1111.0,,689.0,,760.408,68.0,425.0,264.0,604.844,,,0.6168,0.3832,,False,on_map_at_end
1239,pkw,1114.0,,686.0,,750.074,69.0,424.0,262.0,611.103,,,0.6181,0.3819,,False,on_map_at_end
1248,pkw,1115.0,,685.0,,864.918,94.0,462.0,223.0,536.744,,,0.6745,0.3255,,False,on_map_at_end
1250,pkw,1115.0,,685.0,,496.395,49.0,476.0,209.0,633.56,,,0.6949,0.3051,,False,on_map_at_end
1253,pkw,1117.0,,683.0,,1554.183,69.0,445.0,238.0,542.774,,,0.6515,0.3485,,False,on_map_at_end
1258,pkw,1120.0,,680.0,,486.68,88.0,555.0,125.0,631.937,,,0.8162,0.1838,,False,on_map_at_end
1263,pkw,1122.0,,678.0,,1217.751,41.0,444.0,234.0,558.52,,,0.6549,0.3451,,False,on_map_at_end
1264,pkw,1123.0,,677.0,,2039.085,77.0,396.0,281.0,492.345,,,0.5849,0.4151,,False,on_map_at_end
1266,pkw,1123.0,,677.0,,686.089,76.0,419.0,258.0,600.5,,,0.6189,0.3811,,False,on_map_at_end
1267,pkw,1124.0,,676.0,,1546.342,66.0,434.0,242.0,536.479,,,0.642,0.358,,False,on_map_at_end
1270,pkw,1125.0,,675.0,,1464.275,30.0,428.0,247.0,535.735,,,0.6341,0.3659,,False,on_map_at_end
1278,pkw,1131.0,,669.0,,1542.403,65.0,380.0,289.0,507.085,,,0.568,0.432,,False,on_map_at_end
1279,pkw,1133.0,,667.0,,308.512,78.0,487.0,180.0,635.227,,,0.7301,0.2699,,False,on_map_at_end
1284,pkw,1134.0,,666.0,,499.619,88.0,538.0,128.0,613.905,,,0.8078,0.1922,,False,on_map_at_end
1285,pkw,1134.0,,666.0,,678.588,70.0,405.0,261.0,594.66,,,0.6081,0.3919,,False,on_map_at_end
1288,pkw,1137.0,,663.0,,663.586,71.0,405.0,258.0,596.142,,,0.6109,0.3891,,False,on_map_at_end
1290,pkw,1139.0,,661.0,,648.584,73.0,403.0,258.0,593.203,,,0.6097,0.3903,,False,on_map_at_end
1293,pkw,1140.0,,660.0,,1438.217,55.0,354.0,306.0,510.419,,,0.5364,0.4636,,False,on_map_at_end
1301,pkw,1145.0,,655.0,,1171.499,50.0,433.0,222.0,527.833,,,0.6611,0.3389,,False,on_map_at_end
1305,pkw,1146.0,,654.0,,914.427,88.0,492.0,162.0,565.369,,,0.7523,0.2477,,False,on_map_at_end
1309,pkw,1146.0,,654.0,,996.115,67.0,382.0,272.0,562.668,,,0.5841,0.4159,,False,on_map_at_end
1311,pkw,1147.0,,653.0,,227.235,61.0,528.0,125.0,628.637,,,0.8086,0.1914,,False,on_map_at_end
1313,pkw,1147.0,,653.0,,1162.661,48.0,420.0,233.0,524.926,,,0.6432,0.3568,,False,on_map_at_end
1314,pkw,1149.0,,651.0,,1536.048,66.0,415.0,236.0,512.082,,,0.6375,0.3625,,False,on_map_at_end
1315,pkw,1149.0,,651.0,,799.599,76.0,459.0,192.0,568.212,,,0.7051,0.2949,,False,on_map_at_end
1317,pkw,1150.0,,650.0,,1752.329,80.0,396.0,254.0,491.173,,,0.6092,0.3908,,False,on_map_at_end
1318,pkw,1150.0,,650.0,,1758.716,70.0,387.0,263.0,490.99,,,0.5954,0.4046,,False,on_map_at_end
1320,pkw,1151.0,,649.0,,792.098,73.0,450.0,199.0,571.321,,,0.6934,0.3066,,False,on_map_at_end
1321,pkw,1151.0,,649.0,,1616.483,64.0,312.0,337.0,479.188,,,0.4807,0.5193,,False,on_map_at_end
1322,pkw,1152.0,,648.0,,773.979,74.0,455.0,193.0,569.861,,,0.7022,0.2978,,False,on_map_at_end
1324,pkw,1152.0,,648.0,,194.682,62.0,540.0,108.0,626.176,,,0.8333,0.1667,,False,on_map_at_end
1328,pkw,1156.0,,644.0,,906.926,87.0,493.0,151.0,558.148,,,0.7655,0.2345,,False,on_map_at_end
1329,pkw,1156.0,,644.0,,1567.819,64.0,291.0,353.0,496.791,,,0.4519,0.5481,,False,on_map_at_end
1331,pkw,1156.0,,644.0,,2099.167,76.0,359.0,285.0,452.361,,,0.5575,0.4425,,False,on_map_at_end
1335,pkw,1160.0,,640.0,,2657.924,51.0,270.0,370.0,388.649,,,0.4219,0.5781,,False,on_map_at_end
1339,pkw,1161.0,,639.0,,1333.375,64.0,331.0,308.0,475.437,,,0.518,0.482,,False,on_map_at_end
1349,pkw,1166.0,,634.0,,1920.957,57.0,298.0,336.0,438.722,,,0.47,0.53,,False,on_map_at_end
1351,pkw,1167.0,,633.0,,1162.423,66.0,429.0,204.0,528.067,,,0.6777,0.3223,,False,on_map_at_end
1355,pkw,1173.0,,627.0,,874.269,96.0,487.0,140.0,542.69,,,0.7767,0.2233,,False,on_map_at_end
1356,pkw,1173.0,,627.0,,556.931,44.0,413.0,214.0,558.512,,,0.6587,0.3413,,False,on_map_at_end
1359,pkw,1177.0,,623.0,,1325.794,72.0,333.0,290.0,465.971,,,0.5345,0.4655,,False,on_map_at_end
1360,pkw,1177.0,,623.0,,511.397,65.0,427.0,196.0,559.873,,,0.6854,0.3146,,False,on_map_at_end
1361,pkw,1177.0,,623.0,,1561.367,74.0,352.0,271.0,469.964,,,0.565,0.435,,False,on_map_at_end
1365,pkw,1180.0,,620.0,,1741.228,64.0,276.0,344.0,462.634,,,0.4452,0.5548,,False,on_map_at_end
1367,pkw,1181.0,,619.0,,1399.508,18.0,441.0,178.0,483.417,,,0.7124,0.2876,,False,on_map_at_end
1370,pkw,1183.0,,617.0,,1603.463,66.0,277.0,340.0,462.301,,,0.4489,0.5511,,False,on_map_at_end
1371,pkw,1184.0,,616.0,,1709.698,39.0,264.0,352.0,454.964,,,0.4286,0.5714,,False,on_map_at_end
1376,pkw,1187.0,,613.0,,144.821,79.0,549.0,64.0,591.077,,,0.8956,0.1044,,False,on_map_at_end
1380,pkw,1190.0,,610.0,,123.079,96.0,561.0,49.0,594.863,,,0.9197,0.0803,,False,on_map_at_end
1383,pkw,1190.0,,610.0,,1829.969,59.0,279.0,331.0,444.434,,,0.4574,0.5426,,False,on_map_at_end
1385,pkw,1192.0,,608.0,,115.578,96.0,556.0,52.0,594.958,,,0.9145,0.0855,,False,on_map_at_end
1392,pkw,1194.0,,606.0,,108.077,95.0,552.0,54.0,593.883,,,0.9109,0.0891,,False,on_map_at_end
1393,pkw,1195.0,,605.0,,1291.089,91.0,343.0,262.0,448.182,,,0.5669,0.4331,,False,on_map_at_end
1399,pkw,1201.0,,599.0,,1035.479,59.0,338.0,261.0,487.992,,,0.5643,0.4357,,False,on_map_at_end
1400,pkw,1201.0,,599.0,,766.478,71.0,423.0,176.0,526.166,,,0.7062,0.2938,,False,on_map_at_end
1403,pkw,1203.0,,597.0,,1283.588,89.0,333.0,264.0,439.792,,,0.5578,0.4422,,False,on_map_at_end
1404,pkw,1203.0,,597.0,,859.267,94.0,446.0,151.0,512.515,,,0.7471,0.2529,,False,on_map_at_end
1405,pkw,1204.0,,596.0,,574.903,66.0,351.0,245.0,535.472,,,0.5889,0.4111,,False,on_map_at_end
1406,pkw,1205.0,,595.0,,1392.433,52.0,284.0,311.0,467.624,,,0.4773,0.5227,,False,on_map_at_end
1421,pkw,1214.0,,586.0,,758.977,68.0,414.0,172.0,511.277,,,0.7065,0.2935,,False,on_map_at_end
1422,pkw,1214.0,,586.0,,1349.802,63.0,324.0,262.0,463.13,,,0.5529,0.4471,,False,on_map_at_end
1423,pkw,1215.0,,585.0,,1268.586,87.0,310.0,275.0,420.02,,,0.5299,0.4701,,False,on_map_at_end
1424,pkw,1215.0,,585.0,,567.399,66.0,353.0,232.0,519.106,,,0.6034,0.3966,,False,on_map_at_end
1425,pkw,1215.0,,585.0,,751.476,64.0,408.0,177.0,508.914,,,0.6974,0.3026,,False,on_map_at_end
1429,pkw,1218.0,,582.0,,736.474,68.0,407.0,175.0,508.46,,,0.6993,0.3007,,False,on_map_at_end
1431,pkw,1220.0,,580.0,,2579.327,46.0,216.0,364.0,346.584,,,0.3724,0.6276,,False,on_map_at_end
1436,pkw,1220.0,,580.0,,1751.355,63.0,267.0,313.0,418.774,,,0.4603,0.5397,,False,on_map_at_end
1439,pkw,1221.0,,579.0,,1729.826,75.0,338.0,241.0,422.966,,,0.5838,0.4162,,False,on_map_at_end
1440,pkw,1222.0,,578.0,,100.576,94.0,524.0,54.0,566.106,,,0.9066,0.0934,,False,on_map_at_end
1442,pkw,1224.0,,576.0,,559.88,66.0,348.0,228.0,520.249,,,0.6042,0.3958,,False,on_map_at_end
1446,pkw,1227.0,,573.0,,544.637,61.0,361.0,212.0,513.6,,,0.63,0.37,,False,on_map_at_end
1447,pkw,1227.0,,573.0,,1911.158,37.0,200.0,373.0,387.801,,,0.349,0.651,,False,on_map_at_end
1458,pkw,1236.0,,564.0,,1553.486,54.0,220.0,344.0,413.032,,,0.3901,0.6099,,False,on_map_at_end
1459,pkw,1238.0,,562.0,,93.075,94.0,509.0,53.0,551.571,,,0.9057,0.0943,,False,on_map_at_end
1461,pkw,1239.0,,561.0,,536.824,62.0,356.0,205.0,505.788,,,0.6346,0.3654,,False,on_map_at_end
1463,pkw,1239.0,,561.0,,1456.645,74.0,349.0,212.0,429.519,,,0.6221,0.3779,,False,on_map_at_end
1464,pkw,1240.0,,560.0,,1449.144,72.0,342.0,218.0,428.805,,,0.6107,0.3893,,False,on_map_at_end
1470,pkw,1249.0,,551.0,,2223.065,45.0,261.0,290.0,329.459,,,0.4737,0.5263,,False,on_map_at_end
1472,pkw,1249.0,,551.0,,378.776,63.0,401.0,150.0,510.331,,,0.7278,0.2722,,False,on_map_at_end
1473,pkw,1251.0,,549.0,,1284.487,88.0,322.0,227.0,432.583,,,0.5865,0.4135,,False,on_map_at_end
1474,pkw,1251.0,,549.0,,1261.085,86.0,298.0,251.0,397.511,,,0.5428,0.4572,,False,on_map_at_end
1477,pkw,1255.0,,545.0,,510.816,63.0,340.0,205.0,488.32,,,0.6239,0.3761,,False,on_map_at_end
1478,pkw,1256.0,,544.0,,1797.717,36.0,200.0,344.0,381.997,,,0.3676,0.6324,,False,on_map_at_end
1479,pkw,1256.0,,544.0,,827.413,91.0,359.0,185.0,428.541,,,0.6599,0.3401,,False,on_map_at_end
1492,pkw,1269.0,,531.0,,1692.321,79.0,304.0,227.0,378.239,,,0.5725,0.4275,,False,on_map_at_end
1497,pkw,1275.0,,525.0,,458.49,75.0,366.0,159.0,472.219,,,0.6971,0.3029,,False,on_map_at_end
1499,pkw,1278.0,,522.0,,501.595,64.0,322.0,200.0,463.011,,,0.6169,0.3831,,False,on_map_at_end
1503,pkw,1282.0,,518.0,,1483.059,40.0,206.0,312.0,381.15,,,0.3977,0.6023,,False,on_map_at_end
1505,pkw,1284.0,,516.0,,1265.498,76.0,281.0,235.0,382.305,,,0.5446,0.4554,,False,on_map_at_end
1507,pkw,1284.0,,516.0,,1261.984,88.0,304.0,212.0,401.554,,,0.5891,0.4109,,False,on_map_at_end
1510,pkw,1287.0,,513.0,,371.275,61.0,359.0,154.0,471.475,,,0.6998,0.3002,,False,on_map_at_end
1513,pkw,1290.0,,510.0,,844.265,92.0,359.0,151.0,431.377,,,0.7039,0.2961,,False,on_map_at_end
1514,pkw,1291.0,,509.0,,728.973,66.0,353.0,156.0,436.123,,,0.6935,0.3065,,False,on_map_at_end
1515,pkw,1291.0,,509.0,,2470.176,80.0,207.0,302.0,285.858,,,0.4067,0.5933,,False,on_map_at_end
1517,pkw,1291.0,,509.0,,2465.748,28.0,147.0,362.0,274.104,,,0.2888,0.7112,,False,on_map_at_end
1518,pkw,1293.0,,507.0,,819.912,90.0,330.0,177.0,393.446,,,0.6509,0.3491,,False,on_map_at_end
1522,pkw,1300.0,,500.0,,450.612,76.0,350.0,150.0,453.509,,,0.7,0.3,,False,on_map_at_end
1523,pkw,1300.0,,500.0,,85.574,93.0,445.0,55.0,490.877,,,0.89,0.11,,False,on_map_at_end
1525,pkw,1301.0,,499.0,,712.861,59.0,282.0,217.0,434.842,,,0.5651,0.4349,,False,on_map_at_end
1529,pkw,1306.0,,494.0,,1606.382,27.0,199.0,295.0,339.236,,,0.4028,0.5972,,False,on_map_at_end
1530,pkw,1307.0,,493.0,,2534.267,43.0,158.0,335.0,263.392,,,0.3205,0.6795,,False,on_map_at_end
1531,pkw,1308.0,,492.0,,721.472,71.0,341.0,151.0,419.772,,,0.6931,0.3069,,False,on_map_at_end
1536,pkw,1311.0,,489.0,,78.073,93.0,432.0,57.0,480.3,,,0.8834,0.1166,,False,on_map_at_end
1542,pkw,1317.0,,483.0,,1448.718,23.0,192.0,291.0,335.515,,,0.3975,0.6025,,False,on_map_at_end
1543,pkw,1318.0,,482.0,,1863.013,82.0,247.0,235.0,313.021,,,0.5124,0.4876,,False,on_map_at_end
1546,pkw,1325.0,,475.0,,1048.842,75.0,304.0,171.0,379.119,,,0.64,0.36,,False,on_map_at_end
1547,pkw,1321.0,,479.0,,1526.314,74.0,265.0,214.0,331.004,,,0.5532,0.4468,,False,on_map_at_end
1548,pkw,1322.0,,478.0,,1380.366,77.0,282.0,196.0,352.922,,,0.59,0.41,,False,on_map_at_end
1551,pkw,1323.0,,477.0,,442.13,75.0,320.0,157.0,421.819,,,0.6709,0.3291,,False,on_map_at_end
1553,pkw,1324.0,,476.0,,2276.947,16.0,163.0,313.0,269.499,,,0.3424,0.6576,,False,on_map_at_end
1555,pkw,1327.0,,473.0,,2478.829,59.0,143.0,330.0,239.732,,,0.3023,0.6977,,False,on_map_at_end
1556,pkw,1328.0,,472.0,,1663.565,83.0,206.0,266.0,276.148,,,0.4364,0.5636,,False,on_map_at_end
1558,pkw,1329.0,,471.0,,713.971,69.0,327.0,144.0,403.503,,,0.6943,0.3057,,False,on_map_at_end
1560,pkw,1330.0,,470.0,,421.956,93.0,367.0,103.0,423.465,,,0.7809,0.2191,,False,on_map_at_end
1566,pkw,1335.0,,465.0,,384.009,88.0,329.0,136.0,422.573,,,0.7075,0.2925,,False,on_map_at_end
1567,pkw,1336.0,,464.0,,1998.839,43.0,169.0,295.0,276.441,,,0.3642,0.6358,,False,on_map_at_end
1571,pkw,1340.0,,460.0,,2378.412,73.0,192.0,268.0,243.731,,,0.4174,0.5826,,False,on_map_at_end
1574,pkw,1344.0,,456.0,,1027.978,47.0,221.0,235.0,363.481,,,0.4846,0.5154,,False,on_map_at_end
1575,pkw,1344.0,,456.0,,706.469,66.0,303.0,153.0,385.833,,,0.6645,0.3355,,False,on_map_at_end
1577,pkw,1347.0,,453.0,,1218.276,81.0,244.0,209.0,343.354,,,0.5386,0.4614,,False,on_map_at_end
1581,pkw,1349.0,,451.0,,1810.281,81.0,225.0,226.0,287.488,,,0.4989,0.5011,,False,on_map_at_end
1582,pkw,1349.0,,451.0,,1503.295,44.0,180.0,271.0,297.712,,,0.3991,0.6009,,False,on_map_at_end
1583,pkw,1350.0,,450.0,,376.508,86.0,314.0,136.0,410.704,,,0.6978,0.3022,,False,on_map_at_end
1584,pkw,1351.0,,449.0,,885.425,56.0,246.0,203.0,368.679,,,0.5479,0.4521,,False,on_map_at_end
1585,pkw,1351.0,,449.0,,1372.858,72.0,256.0,193.0,325.12,,,0.5702,0.4298,,False,on_map_at_end
1587,pkw,1352.0,,448.0,,1956.695,0.0,160.0,288.0,270.54,,,0.3571,0.6429,,False,on_map_at_end
1590,pkw,1354.0,,446.0,,70.572,93.0,399.0,47.0,437.66,,,0.8946,0.1054,,False,on_map_at_end
1591,pkw,1355.0,,445.0,,63.071,93.0,395.0,50.0,437.879,,,0.8876,0.1124,,False,on_map_at_end
1592,pkw,1355.0,,445.0,,668.169,70.0,297.0,148.0,380.778,,,0.6674,0.3326,,False,on_map_at_end
1593,pkw,1356.0,,444.0,,340.404,91.0,347.0,97.0,405.92,,,0.7815,0.2185,,False,on_map_at_end
1599,pkw,1365.0,,435.0,,1022.735,45.0,263.0,172.0,332.593,,,0.6046,0.3954,,False,on_map_at_end
1600,pkw,1366.0,,434.0,,2380.079,46.0,127.0,307.0,196.423,,,0.2926,0.7074,,False,on_map_at_end
1602,pkw,1367.0,,433.0,,660.668,72.0,293.0,140.0,369.154,,,0.6767,0.3233,,False,on_map_at_end
1605,pkw,1369.0,,431.0,,434.093,75.0,294.0,137.0,382.874,,,0.6821,0.3179,,False,on_map_at_end
1607,pkw,1371.0,,429.0,,1357.782,72.0,231.0,198.0,306.379,,,0.5385,0.4615,,False,on_map_at_end
1609,pkw,1371.0,,429.0,,2619.687,25.0,104.0,325.0,192.137,,,0.2424,0.7576,,False,on_map_at_end
1611,pkw,1372.0,,428.0,,1799.924,81.0,200.0,228.0,265.72,,,0.4673,0.5327,,False,on_map_at_end
1615,pkw,1376.0,,424.0,,1473.912,30.0,161.0,263.0,272.865,,,0.3797,0.6203,,False,on_map_at_end
1617,pkw,1380.0,,420.0,,980.578,76.0,271.0,149.0,331.161,,,0.6452,0.3548,,False,on_map_at_end
1618,pkw,1381.0,,419.0,,1170.029,90.0,255.0,164.0,302.837,,,0.6086,0.3914,,False,on_map_at_end
1619,pkw,1381.0,,419.0,,800.261,52.0,233.0,186.0,346.976,,,0.5561,0.4439,,False,on_map_at_end
1621,pkw,1382.0,,418.0,,1768.2,40.0,118.0,300.0,218.043,,,0.2823,0.7177,,False,on_map_at_end
1623,pkw,1383.0,,417.0,,2053.533,28.0,137.0,280.0,227.599,,,0.3285,0.6715,,False,on_map_at_end
1625,pkw,1383.0,,417.0,,2023.474,69.0,134.0,283.0,234.26,,,0.3213,0.6787,,False,on_map_at_end
1626,pkw,1384.0,,416.0,,416.254,77.0,280.0,136.0,365.727,,,0.6731,0.3269,,False,on_map_at_end
1627,pkw,1387.0,,413.0,,1164.87,72.0,198.0,215.0,280.082,,,0.4794,0.5206,,False,on_map_at_end
1628,pkw,1388.0,,412.0,,1461.505,69.0,180.0,232.0,269.967,,,0.4369,0.5631,,False,on_map_at_end
1630,pkw,1391.0,,409.0,,653.167,68.0,268.0,141.0,345.425,,,0.6553,0.3447,,False,on_map_at_end
1631,pkw,1391.0,,409.0,,1562.375,83.0,208.0,201.0,267.209,,,0.5086,0.4914,,False,on_map_at_end
1636,pkw,1395.0,,405.0,,1307.959,83.0,230.0,175.0,279.282,,,0.5679,0.4321,,False,on_map_at_end
1637,pkw,1405.0,,395.0,,980.034,71.0,237.0,158.0,304.802,,,0.6,0.4,,False,on_map_at_end
1638,pkw,1395.0,,405.0,,369.007,84.0,271.0,134.0,367.991,,,0.6691,0.3309,,False,on_map_at_end
1642,pkw,1398.0,,402.0,,346.504,76.0,273.0,129.0,365.563,,,0.6791,0.3209,,False,on_map_at_end
1643,pkw,1398.0,,402.0,,55.57,93.0,354.0,48.0,395.322,,,0.8806,0.1194,,False,on_map_at_end
1646,pkw,1402.0,,398.0,,804.91,89.0,247.0,151.0,292.074,,,0.6206,0.3794,,False,on_map_at_end
1648,pkw,1404.0,,396.0,,2448.215,16.0,111.0,285.0,166.413,,,0.2803,0.7197,,False,on_map_at_end
1650,pkw,1407.0,,393.0,,48.069,92.0,346.0,47.0,387.259,,,0.8804,0.1196,,False,on_map_at_end
1651,pkw,1409.0,,391.0,,40.568,91.0,345.0,46.0,385.367,,,0.8824,0.1176,,False,on_map_at_end
1654,pkw,1409.0,,391.0,,1769.07,77.0,182.0,209.0,231.327,,,0.4655,0.5345,,False,on_map_at_end
1655,pkw,1409.0,,391.0,,645.666,72.0,260.0,131.0,331.148,,,0.665,0.335,,False,on_map_at_end
1656,pkw,1410.0,,390.0,,638.165,70.0,252.0,138.0,329.366,,,0.6462,0.3538,,False,on_map_at_end
1658,pkw,1411.0,,389.0,,2040.821,72.0,120.0,269.0,191.37,,,0.3085,0.6915,,False,on_map_at_end
1661,pkw,1412.0,,388.0,,630.662,67.0,244.0,144.0,327.131,,,0.6289,0.3711,,False,on_map_at_end
1664,pkw,1415.0,,385.0,,782.406,89.0,224.0,161.0,274.034,,,0.5818,0.4182,,False,on_map_at_end
1665,pkw,1419.0,,381.0,,33.067,91.0,340.0,41.0,376.566,,,0.8924,0.1076,,False,on_map_at_end
1666,pkw,1593.0,,207.0,,25.566,91.0,176.0,31.0,203.543,,,0.8502,0.1498,,False,on_map_at_end
1667,pkw,1417.0,,383.0,,752.713,74.0,227.0,156.0,315.255,,,0.5927,0.4073,,False,on_map_at_end
1669,pkw,1418.0,,382.0,,1408.16,54.0,139.0,243.0,252.807,,,0.3639,0.6361,,False,on_map_at_end
1670,pkw,1422.0,,378.0,,2205.644,32.0,95.0,283.0,169.372,,,0.2513,0.7487,,False,on_map_at_end
1671,pkw,1424.0,,376.0,,753.975,77.0,213.0,163.0,307.308,,,0.5665,0.4335,,False,on_map_at_end
1674,pkw,1445.0,,355.0,,956.318,78.0,207.0,148.0,259.229,,,0.5831,0.4169,,False,on_map_at_end
1679,pkw,1655.0,,145.0,,18.065,91.0,124.0,21.0,142.837,,,0.8552,0.1448,,False,on_map_at_end
1681,pkw,1430.0,,370.0,,814.261,89.0,257.0,113.0,292.389,,,0.6946,0.3054,,False,on_map_at_end
1682,pkw,1431.0,,369.0,,2335.919,3.0,102.0,267.0,145.703,,,0.2764,0.7236,,False,on_map_at_end
1683,pkw,1431.0,,369.0,,1142.367,67.0,143.0,226.0,217.909,,,0.3875,0.6125,,False,on_map_at_end
1686,pkw,1432.0,,368.0,,2288.823,30.0,72.0,296.0,160.663,,,0.1957,0.8043,,False,on_map_at_end
1687,pkw,1434.0,,366.0,,607.539,75.0,231.0,135.0,309.572,,,0.6311,0.3689,,False,on_map_at_end
1689,pkw,1436.0,,364.0,,774.905,88.0,190.0,174.0,245.682,,,0.522,0.478,,False,on_map_at_end
1690,pkw,1437.0,,363.0,,600.038,73.0,220.0,143.0,306.888,,,0.6061,0.3939,,False,on_map_at_end
1691,pkw,1439.0,,361.0,,1165.769,71.0,169.0,192.0,256.08,,,0.4681,0.5319,,False,on_map_at_end
1692,pkw,1439.0,,361.0,,592.537,75.0,223.0,138.0,304.697,,,0.6177,0.3823,,False,on_map_at_end
1694,pkw,1440.0,,360.0,,707.263,77.0,194.0,166.0,281.934,,,0.5389,0.4611,,False,on_map_at_end
1695,pkw,1440.0,,360.0,,1092.886,39.0,159.0,201.0,254.741,,,0.4417,0.5583,,False,on_map_at_end
1699,pkw,1443.0,,357.0,,1646.762,69.0,121.0,236.0,199.513,,,0.3389,0.6611,,False,on_map_at_end
1701,pkw,1444.0,,356.0,,324.001,72.0,245.0,111.0,323.727,,,0.6882,0.3118,,False,on_map_at_end
1702,pkw,1446.0,,354.0,,2329.016,21.0,90.0,264.0,141.717,,,0.2542,0.7458,,False,on_map_at_end
1704,pkw,1445.0,,355.0,,1817.769,81.0,126.0,229.0,178.957,,,0.3549,0.6451,,False,on_map_at_end
1705,pkw,1446.0,,354.0,,2523.789,7.0,76.0,278.0,124.992,,,0.2147,0.7853,,False,on_map_at_end
1707,pkw,1446.0,,354.0,,791.758,89.0,233.0,121.0,278.044,,,0.6582,0.3418,,False,on_map_at_end
1710,pkw,1525.0,,275.0,,862.101,79.0,156.0,119.0,196.661,,,0.5673,0.4327,,False,on_map_at_end
1712,pkw,1450.0,,350.0,,1658.936,24.0,96.0,254.0,173.507,,,0.2743,0.7257,,False,on_map_at_end
1713,pkw,1451.0,,349.0,,1524.797,83.0,172.0,177.0,201.758,,,0.4928,0.5072,,False,on_map_at_end
1715,pkw,1660.0,,140.0,,10.564,90.0,122.0,18.0,138.74,,,0.8714,0.1286,,False,on_map_at_end
1716,pkw,1452.0,,348.0,,585.034,72.0,215.0,133.0,293.548,,,0.6178,0.3822,,False,on_map_at_end
1718,pkw,1455.0,,345.0,,669.197,69.0,166.0,179.0,274.401,,,0.4812,0.5188,,False,on_map_at_end
1719,pkw,1456.0,,344.0,,1739.066,70.0,133.0,211.0,186.998,,,0.3866,0.6134,,False,on_map_at_end
1722,pkw,1456.0,,344.0,,745.212,74.0,201.0,143.0,272.93,,,0.5843,0.4157,,False,on_map_at_end
1724,pkw,1459.0,,341.0,,1195.089,23.0,154.0,187.0,224.313,,,0.4516,0.5484,,False,on_map_at_end
1725,pkw,1459.0,,341.0,,2141.389,36.0,59.0,282.0,119.912,,,0.173,0.827,,False,on_map_at_end
1726,pkw,1460.0,,340.0,,1324.446,39.0,132.0,208.0,220.294,,,0.3882,0.6118,,False,on_map_at_end
1727,pkw,1460.0,,340.0,,1051.909,72.0,132.0,208.0,225.31,,,0.3882,0.6118,,False,on_map_at_end
1728,pkw,1461.0,,339.0,,1905.949,28.0,86.0,253.0,157.06,,,0.2537,0.7463,,False,on_map_at_end
1729,pkw,1771.0,,29.0,,3.062,23.0,22.0,7.0,28.553,,,0.7586,0.2414,,False,on_map_at_end
1731,pkw,1463.0,,337.0,,1325.499,28.0,124.0,213.0,210.854,,,0.368,0.632,,False,on_map_at_end
1733,pkw,1465.0,,335.0,,2058.41,15.0,94.0,241.0,140.756,,,0.2806,0.7194,,False,on_map_at_end
1735,pkw,1466.0,,334.0,,1134.866,66.0,140.0,194.0,200.81,,,0.4192,0.5808,,False,on_map_at_end
1736,pkw,1467.0,,333.0,,2160.979,74.0,90.0,243.0,138.288,,,0.2703,0.7297,,False,on_map_at_end
1739,pkw,1473.0,,327.0,,1103.841,48.0,130.0,197.0,227.653,,,0.3976,0.6024,,False,on_map_at_end
1742,pkw,1477.0,,323.0,,2427.67,19.0,53.0,270.0,103.55,,,0.1641,0.8359,,False,on_map_at_end
1743,pkw,1477.0,,323.0,,407.046,76.0,209.0,114.0,272.324,,,0.6471,0.3529,,False,on_map_at_end
1746,pkw,1481.0,,319.0,,577.526,71.0,188.0,131.0,266.051,,,0.5893,0.4107,,False,on_map_at_end
1747,pkw,1485.0,,315.0,,587.45,69.0,185.0,130.0,260.401,,,0.5873,0.4127,,False,on_map_at_end
1749,pkw,1486.0,,314.0,,301.498,70.0,204.0,110.0,277.113,,,0.6497,0.3503,,False,on_map_at_end
1750,pkw,1486.0,,314.0,,2251.462,17.0,63.0,251.0,110.78,,,0.2006,0.7994,,False,on_map_at_end
1751,pkw,1487.0,,313.0,,1124.644,51.0,120.0,193.0,211.781,,,0.3834,0.6166,,False,on_map_at_end
1752,pkw,1487.0,,313.0,,1374.046,52.0,97.0,216.0,186.071,,,0.3099,0.6901,,False,on_map_at_end
1754,pkw,1490.0,,310.0,,552.384,69.0,181.0,129.0,260.285,,,0.5839,0.4161,,False,on_map_at_end
1757,pkw,1491.0,,309.0,,544.595,67.0,173.0,136.0,259.986,,,0.5599,0.4401,,False,on_map_at_end
1761,pkw,1494.0,,306.0,,271.494,64.0,221.0,85.0,275.324,,,0.7222,0.2778,,False,on_map_at_end
1762,pkw,1494.0,,306.0,,2398.875,12.0,55.0,251.0,87.765,,,0.1797,0.8203,,False,on_map_at_end
1763,pkw,1495.0,,305.0,,2414.029,30.0,30.0,275.0,87.262,,,0.0984,0.9016,,False,on_map_at_end
1765,pkw,1501.0,,299.0,,709.148,66.0,133.0,166.0,225.176,,,0.4448,0.5552,,False,on_map_at_end
1770,pkw,1503.0,,297.0,,1070.888,95.0,129.0,168.0,163.224,,,0.4343,0.5657,,False,on_map_at_end
1771,pkw,1503.0,,297.0,,1135.765,67.0,132.0,165.0,194.78,,,0.4444,0.5556,,False,on_map_at_end
1772,pkw,1504.0,,296.0,,535.765,69.0,173.0,123.0,247.781,,,0.5845,0.4155,,False,on_map_at_end
1774,pkw,1505.0,,295.0,,1365.274,18.0,105.0,190.0,159.094,,,0.3559,0.6441,,False,on_map_at_end
1775,pkw,1505.0,,295.0,,1103.821,36.0,100.0,195.0,190.585,,,0.339,0.661,,False,on_map_at_end
1776,pkw,1507.0,,293.0,,1938.052,4.0,63.0,230.0,117.192,,,0.215,0.785,,False,on_map_at_end
1777,pkw,1509.0,,291.0,,693.2,70.0,129.0,162.0,218.611,,,0.4433,0.5567,,False,on_map_at_end
1778,pkw,1509.0,,291.0,,1549.071,62.0,69.0,222.0,125.653,,,0.2371,0.7629,,False,on_map_at_end
1779,pkw,1512.0,,288.0,,1233.687,51.0,89.0,199.0,175.428,,,0.309,0.691,,False,on_map_at_end
1781,pkw,1514.0,,286.0,,1785.042,62.0,68.0,218.0,124.325,,,0.2378,0.7622,,False,on_map_at_end
1782,pkw,1515.0,,285.0,,2458.582,2.0,36.0,249.0,63.271,,,0.1263,0.8737,,False,on_map_at_end
1783,pkw,1515.0,,285.0,,256.491,79.0,218.0,67.0,252.968,,,0.7649,0.2351,,False,on_map_at_end
1784,pkw,1515.0,,285.0,,523.397,69.0,163.0,122.0,237.894,,,0.5719,0.4281,,False,on_map_at_end
1785,pkw,1518.0,,282.0,,1441.558,25.0,95.0,187.0,141.359,,,0.3369,0.6631,,False,on_map_at_end
1786,pkw,1518.0,,282.0,,1755.015,49.0,73.0,209.0,123.638,,,0.2589,0.7411,,False,on_map_at_end
1787,pkw,1519.0,,281.0,,744.901,87.0,138.0,143.0,189.362,,,0.4911,0.5089,,False,on_map_at_end
1789,pkw,1520.0,,280.0,,1608.199,21.0,82.0,198.0,127.641,,,0.2929,0.7071,,False,on_map_at_end
1790,pkw,1521.0,,279.0,,639.449,68.0,114.0,165.0,206.132,,,0.4086,0.5914,,False,on_map_at_end
1791,pkw,1522.0,,278.0,,1996.922,33.0,66.0,212.0,92.527,,,0.2374,0.7626,,False,on_map_at_end
1792,pkw,1524.0,,276.0,,507.583,69.0,154.0,122.0,230.317,,,0.558,0.442,,False,on_map_at_end
1794,pkw,1530.0,,270.0,,1120.763,76.0,124.0,146.0,169.13,,,0.4593,0.5407,,False,on_map_at_end
1795,pkw,1532.0,,268.0,,2157.588,13.0,23.0,245.0,70.708,,,0.0858,0.9142,,False,on_map_at_end
1796,pkw,1533.0,,267.0,,854.376,38.0,104.0,163.0,189.7,,,0.3895,0.6105,,False,on_map_at_end
1798,pkw,1534.0,,266.0,,493.765,69.0,145.0,121.0,221.561,,,0.5451,0.4549,,False,on_map_at_end
1799,pkw,1534.0,,266.0,,631.923,70.0,108.0,158.0,189.586,,,0.406,0.594,,False,on_map_at_end
1800,pkw,1535.0,,265.0,,1086.789,96.0,138.0,127.0,167.188,,,0.5208,0.4792,,False,on_map_at_end
1801,pkw,1536.0,,264.0,,1055.886,94.0,112.0,152.0,139.47,,,0.4242,0.5758,,False,on_map_at_end
1802,pkw,1538.0,,262.0,,482.063,66.0,141.0,121.0,218.614,,,0.5382,0.4618,,False,on_map_at_end
1804,pkw,1539.0,,261.0,,471.64,65.0,139.0,122.0,218.289,,,0.5326,0.4674,,False,on_map_at_end
1805,pkw,1539.0,,261.0,,1435.704,65.0,76.0,185.0,131.741,,,0.2912,0.7088,,False,on_map_at_end
1806,pkw,1539.0,,261.0,,1443.205,68.0,81.0,180.0,130.97,,,0.3103,0.6897,,False,on_map_at_end
1807,pkw,1541.0,,259.0,,1652.502,21.0,67.0,192.0,109.718,,,0.2587,0.7413,,False,on_map_at_end
1809,pkw,1549.0,,251.0,,761.753,90.0,137.0,114.0,176.415,,,0.5458,0.4542,,False,on_map_at_end
1811,pkw,1551.0,,249.0,,1071.787,95.0,127.0,122.0,152.538,,,0.51,0.49,,False,on_map_at_end
1812,pkw,1551.0,,249.0,,1655.872,18.0,61.0,188.0,98.694,,,0.245,0.755,,False,on_map_at_end
1813,pkw,1554.0,,246.0,,784.7,38.0,76.0,170.0,169.583,,,0.3089,0.6911,,False,on_map_at_end
1814,pkw,1555.0,,245.0,,462.798,64.0,134.0,111.0,203.348,,,0.5469,0.4531,,False,on_map_at_end
1815,pkw,1556.0,,244.0,,1032.046,42.0,78.0,166.0,151.115,,,0.3197,0.6803,,False,on_map_at_end
1816,pkw,1559.0,,241.0,,825.109,74.0,131.0,110.0,166.739,,,0.5436,0.4564,,False,on_map_at_end
1817,pkw,1559.0,,241.0,,1770.432,10.0,31.0,210.0,71.632,,,0.1286,0.8714,,False,on_map_at_end
1818,pkw,1564.0,,236.0,,339.444,89.0,160.0,76.0,198.855,,,0.678,0.322,,False,on_map_at_end
1819,pkw,1564.0,,236.0,,1901.618,1.0,30.0,206.0,61.9,,,0.1271,0.8729,,False,on_map_at_end
1820,pkw,1565.0,,235.0,,921.221,50.0,70.0,165.0,133.969,,,0.2979,0.7021,,False,on_map_at_end
1821,pkw,1565.0,,235.0,,1825.162,31.0,37.0,198.0,66.998,,,0.1574,0.8426,,False,on_map_at_end
1822,pkw,1567.0,,233.0,,1181.251,39.0,71.0,162.0,126.354,,,0.3047,0.6953,,False,on_map_at_end
1826,pkw,1575.0,,225.0,,1046.99,43.0,65.0,160.0,130.77,,,0.2889,0.7111,,False,on_map_at_end
1827,pkw,1580.0,,220.0,,1845.508,5.0,24.0,196.0,53.397,,,0.1091,0.8909,,False,on_map_at_end
1828,pkw,1582.0,,218.0,,735.342,44.0,78.0,140.0,146.012,,,0.3578,0.6422,,False,on_map_at_end
1830,pkw,1584.0,,216.0,,1307.014,21.0,48.0,168.0,87.68,,,0.2222,0.7778,,False,on_map_at_end
1831,pkw,1584.0,,216.0,,1941.04,14.0,17.0,199.0,33.087,,,0.0787,0.9213,,False,on_map_at_end
1832,pkw,1585.0,,215.0,,516.188,53.0,78.0,137.0,158.543,,,0.3628,0.6372,,False,on_map_at_end
1834,pkw,1590.0,,210.0,,1519.667,27.0,30.0,180.0,68.948,,,0.1429,0.8571,,False,on_map_at_end
1835,pkw,1591.0,,209.0,,1765.059,2.0,24.0,185.0,49.176,,,0.1148,0.8852,,False,on_map_at_end
1836,pkw,1591.0,,209.0,,1481.925,35.0,51.0,158.0,73.886,,,0.244,0.756,,False,on_map_at_end
1837,pkw,1591.0,,209.0,,1056.785,89.0,89.0,120.0,111.471,,,0.4258,0.5742,,False,on_map_at_end
1838,pkw,1592.0,,208.0,,1096.192,36.0,45.0,163.0,97.546,,,0.2163,0.7837,,False,on_map_at_end
1839,pkw,1593.0,,207.0,,1590.929,21.0,45.0,162.0,61.462,,,0.2174,0.7826,,False,on_map_at_end
1840,pkw,1596.0,,204.0,,1033.383,47.0,46.0,158.0,67.739,,,0.2255,0.7745,,False,on_map_at_end
1841,pkw,1605.0,,195.0,,289.0,87.0,127.0,68.0,161.422,,,0.6513,0.3487,,False,on_map_at_end
1842,pkw,1598.0,,202.0,,1333.424,21.0,45.0,157.0,78.871,,,0.2228,0.7772,,False,on_map_at_end
1843,pkw,1600.0,,200.0,,398.886,78.0,120.0,80.0,157.727,,,0.6,0.4,,False,on_map_at_end
1844,pkw,1600.0,,200.0,,454.971,67.0,105.0,95.0,159.052,,,0.525,0.475,,False,on_map_at_end
1845,pkw,1601.0,,199.0,,1719.682,8.0,16.0,183.0,43.377,,,0.0804,0.9196,,False,on_map_at_end
1846,pkw,1601.0,,199.0,,568.652,49.0,93.0,106.0,137.821,,,0.4673,0.5327,,False,on_map_at_end
1848,pkw,1606.0,,194.0,,477.695,67.0,107.0,87.0,151.007,,,0.5515,0.4485,,False,on_map_at_end
1849,pkw,1608.0,,192.0,,810.107,72.0,83.0,109.0,119.09,,,0.4323,0.5677,,False,on_map_at_end
1850,pkw,1608.0,,192.0,,257.892,89.0,135.0,57.0,164.17,,,0.7031,0.2969,,False,on_map_at_end
1851,pkw,1608.0,,192.0,,1785.407,8.0,8.0,184.0,30.454,,,0.0417,0.9583,,False,on_map_at_end
1852,pkw,1610.0,,190.0,,879.484,47.0,58.0,132.0,110.082,,,0.3053,0.6947,,False,on_map_at_end
1853,pkw,1614.0,,186.0,,696.623,45.0,98.0,88.0,115.67,,,0.5269,0.4731,,False,on_map_at_end
1854,pkw,1616.0,,184.0,,1436.43,18.0,18.0,166.0,50.09,,,0.0978,0.9022,,False,on_map_at_end
1855,pkw,1617.0,,183.0,,1331.233,28.0,31.0,152.0,56.689,,,0.1694,0.8306,,False,on_map_at_end
1856,pkw,1617.0,,183.0,,1427.207,8.0,17.0,166.0,45.501,,,0.0929,0.9071,,False,on_map_at_end
1857,pkw,1618.0,,182.0,,807.653,40.0,45.0,137.0,82.483,,,0.2473,0.7527,,False,on_map_at_end
1858,pkw,1618.0,,182.0,,731.749,80.0,85.0,97.0,110.811,,,0.467,0.533,,False,on_map_at_end
1859,pkw,1619.0,,181.0,,1375.863,18.0,25.0,156.0,57.148,,,0.1381,0.8619,,False,on_map_at_end
1861,pkw,1645.0,,155.0,,779.585,58.0,57.0,98.0,84.143,,,0.3677,0.6323,,False,on_map_at_end
1862,pkw,1623.0,,177.0,,981.649,25.0,53.0,124.0,87.699,,,0.2994,0.7006,,False,on_map_at_end
1863,pkw,1628.0,,172.0,,1576.872,16.0,15.0,157.0,29.43,,,0.0872,0.9128,,False,on_map_at_end
1864,pkw,1628.0,,172.0,,722.398,35.0,34.0,138.0,65.09,,,0.1977,0.8023,,False,on_map_at_end
1865,pkw,1629.0,,171.0,,1066.026,42.0,47.0,124.0,74.221,,,0.2749,0.7251,,False,on_map_at_end
1866,pkw,1630.0,,170.0,,1440.809,22.0,22.0,148.0,37.745,,,0.1294,0.8706,,False,on_map_at_end
1867,pkw,1632.0,,168.0,,1369.968,15.0,14.0,154.0,42.956,,,0.0833,0.9167,,False,on_map_at_end
1868,pkw,1634.0,,166.0,,236.109,92.0,122.0,44.0,138.29,,,0.7349,0.2651,,False,on_map_at_end
1869,pkw,1636.0,,164.0,,1326.431,12.0,16.0,148.0,41.931,,,0.0976,0.9024,,False,on_map_at_end
1870,pkw,1635.0,,165.0,,447.402,63.0,80.0,85.0,124.733,,,0.4848,0.5152,,False,on_map_at_end
1872,pkw,1636.0,,164.0,,1375.934,7.0,7.0,157.0,25.698,,,0.0427,0.9573,,False,on_map_at_end
1873,pkw,1638.0,,162.0,,1124.508,18.0,18.0,144.0,51.794,,,0.1111,0.8889,,False,on_map_at_end
1874,pkw,1638.0,,162.0,,1018.381,22.0,21.0,141.0,40.806,,,0.1296,0.8704,,False,on_map_at_end
1875,pkw,1639.0,,161.0,,569.278,55.0,66.0,95.0,109.696,,,0.4099,0.5901,,False,on_map_at_end
1876,pkw,1640.0,,160.0,,228.608,90.0,115.0,45.0,132.976,,,0.7188,0.2812,,False,on_map_at_end
1877,pkw,1642.0,,158.0,,844.907,54.0,53.0,105.0,81.661,,,0.3354,0.6646,,False,on_map_at_end
1878,pkw,1643.0,,157.0,,1373.422,1.0,7.0,150.0,25.911,,,0.0446,0.9554,,False,on_map_at_end
1879,pkw,1644.0,,156.0,,630.611,36.0,44.0,112.0,99.244,,,0.2821,0.7179,,False,on_map_at_end
1880,pkw,1644.0,,156.0,,752.413,47.0,62.0,94.0,78.282,,,0.3974,0.6026,,False,on_map_at_end
1882,pkw,1647.0,,153.0,,1099.529,23.0,38.0,115.0,54.041,,,0.2484,0.7516,,False,on_map_at_end
1883,pkw,1649.0,,151.0,,882.621,31.0,30.0,121.0,71.563,,,0.1987,0.8013,,False,on_map_at_end
1884,pkw,1649.0,,151.0,,524.392,56.0,55.0,96.0,77.885,,,0.3642,0.6358,,False,on_map_at_end
1885,pkw,1650.0,,150.0,,439.893,62.0,67.0,83.0,110.409,,,0.4467,0.5533,,False,on_map_at_end
1887,pkw,1653.0,,147.0,,1461.008,0.0,0.0,147.0,15.508,,,0.0,1.0,,False,on_map_at_end
1888,pkw,1654.0,,146.0,,432.392,59.0,61.0,85.0,107.084,,,0.4178,0.5822,,False,on_map_at_end
1889,pkw,1654.0,,146.0,,1222.119,0.0,1.0,145.0,15.207,,,0.0068,0.9932,,False,on_map_at_end
1890,pkw,1655.0,,145.0,,1069.887,9.0,26.0,119.0,38.408,,,0.1793,0.8207,,False,on_map_at_end
1891,pkw,1658.0,,142.0,,1004.728,27.0,27.0,115.0,49.713,,,0.1901,0.8099,,False,on_map_at_end
1893,pkw,1665.0,,135.0,,1053.726,5.0,5.0,130.0,28.251,,,0.037,0.963,,False,on_map_at_end
1894,pkw,1666.0,,134.0,,929.912,5.0,5.0,129.0,24.83,,,0.0373,0.9627,,False,on_map_at_end
1896,pkw,1667.0,,133.0,,980.054,21.0,27.0,106.0,44.123,,,0.203,0.797,,False,on_map_at_end
1897,pkw,1668.0,,132.0,,1084.339,22.0,22.0,110.0,34.409,,,0.1667,0.8333,,False,on_map_at_end
1899,pkw,1669.0,,131.0,,383.779,58.0,57.0,74.0,85.962,,,0.4351,0.5649,,False,on_map_at_end
1900,pkw,1670.0,,130.0,,1021.222,12.0,22.0,108.0,37.659,,,0.1692,0.8308,,False,on_map_at_end
1901,pkw,1671.0,,129.0,,1268.436,0.0,0.0,129.0,10.871,,,0.0,1.0,,False,on_map_at_end
1902,pkw,1671.0,,129.0,,913.354,7.0,18.0,111.0,45.008,,,0.1395,0.8605,,False,on_map_at_end
1903,pkw,1671.0,,129.0,,897.352,21.0,28.0,101.0,47.469,,,0.2171,0.7829,,False,on_map_at_end
1904,pkw,1672.0,,128.0,,911.596,21.0,24.0,104.0,43.361,,,0.1875,0.8125,,False,on_map_at_end
1905,pkw,1673.0,,127.0,,928.892,4.0,20.0,107.0,43.399,,,0.1575,0.8425,,False,on_map_at_end
1906,pkw,1675.0,,125.0,,884.889,26.0,25.0,100.0,44.45,,,0.2,0.8,,False,on_map_at_end
1907,pkw,1676.0,,124.0,,822.809,18.0,17.0,107.0,37.649,,,0.1371,0.8629,,False,on_map_at_end
1908,pkw,1680.0,,120.0,,911.309,19.0,18.0,102.0,30.848,,,0.15,0.85,,False,on_map_at_end
1909,pkw,1681.0,,119.0,,424.891,49.0,48.0,71.0,80.759,,,0.4034,0.5966,,False,on_map_at_end
1910,pkw,1681.0,,119.0,,1019.28,16.0,15.0,104.0,27.264,,,0.1261,0.8739,,False,on_map_at_end
1911,pkw,1681.0,,119.0,,560.367,37.0,36.0,83.0,68.566,,,0.3025,0.6975,,False,on_map_at_end
1912,pkw,1681.0,,119.0,,1039.652,1.0,1.0,118.0,13.365,,,0.0084,0.9916,,False,on_map_at_end
1913,pkw,1682.0,,118.0,,835.825,18.0,18.0,100.0,32.534,,,0.1525,0.8475,,False,on_map_at_end
1914,pkw,1682.0,,118.0,,911.309,25.0,24.0,94.0,35.747,,,0.2034,0.7966,,False,on_map_at_end
1915,pkw,1683.0,,117.0,,996.684,6.0,9.0,108.0,26.077,,,0.0769,0.9231,,False,on_map_at_end
1916,pkw,1684.0,,116.0,,376.278,56.0,55.0,61.0,70.302,,,0.4741,0.5259,,False,on_map_at_end
1917,pkw,1687.0,,113.0,,1044.264,10.0,10.0,103.0,19.015,,,0.0885,0.9115,,False,on_map_at_end
1918,pkw,1688.0,,112.0,,690.168,19.0,19.0,93.0,48.891,,,0.1696,0.8304,,False,on_map_at_end
1919,pkw,1689.0,,111.0,,839.348,13.0,13.0,98.0,23.866,,,0.1171,0.8829,,False,on_map_at_end
1920,pkw,1691.0,,109.0,,727.043,20.0,19.0,90.0,43.565,,,0.1743,0.8257,,False,on_map_at_end
1921,pkw,1691.0,,109.0,,923.66,1.0,1.0,108.0,21.641,,,0.0092,0.9908,,False,on_map_at_end
1922,pkw,1691.0,,109.0,,536.694,35.0,35.0,74.0,60.697,,,0.3211,0.6789,,False,on_map_at_end
1923,pkw,1692.0,,108.0,,826.222,9.0,8.0,100.0,32.997,,,0.0741,0.9259,,False,on_map_at_end
1924,pkw,1695.0,,105.0,,927.346,7.0,7.0,98.0,20.706,,,0.0667,0.9333,,False,on_map_at_end
1925,pkw,1695.0,,105.0,,417.39,37.0,36.0,69.0,67.435,,,0.3429,0.6571,,False,on_map_at_end
1926,pkw,1696.0,,104.0,,777.441,0.0,0.0,104.0,12.243,,,0.0,1.0,,False,on_map_at_end
1927,pkw,1698.0,,102.0,,409.889,38.0,37.0,65.0,65.11,,,0.3627,0.6373,,False,on_map_at_end
1928,pkw,1699.0,,101.0,,402.388,35.0,34.0,67.0,64.785,,,0.3366,0.6634,,False,on_map_at_end
1929,pkw,1702.0,,98.0,,834.928,6.0,5.0,93.0,21.995,,,0.051,0.949,,False,on_map_at_end
1930,pkw,1702.0,,98.0,,1037.236,0.0,0.0,98.0,4.648,,,0.0,1.0,,False,on_map_at_end
1931,pkw,1704.0,,96.0,,916.309,0.0,0.0,96.0,7.211,,,0.0,1.0,,False,on_map_at_end
1932,pkw,1705.0,,95.0,,780.442,3.0,3.0,92.0,24.474,,,0.0316,0.9684,,False,on_map_at_end
1935,pkw,1709.0,,91.0,,665.506,22.0,22.0,69.0,31.104,,,0.2418,0.7582,,False,on_map_at_end
1936,pkw,1709.0,,91.0,,692.42,8.0,8.0,83.0,27.668,,,0.0879,0.9121,,False,on_map_at_end
1937,pkw,1710.0,,90.0,,777.101,0.0,0.0,90.0,7.601,,,0.0,1.0,,False,on_map_at_end
1938,pkw,1709.0,,91.0,,706.643,8.0,8.0,83.0,23.928,,,0.0879,0.9121,,False,on_map_at_end
1939,pkw,1711.0,,89.0,,382.319,31.0,31.0,58.0,50.63,,,0.3483,0.6517,,False,on_map_at_end
1941,pkw,1712.0,,88.0,,733.29,9.0,9.0,79.0,21.45,,,0.1023,0.8977,,False,on_map_at_end
1942,pkw,1712.0,,88.0,,891.0,0.0,0.0,88.0,5.065,,,0.0,1.0,,False,on_map_at_end
1943,pkw,1713.0,,87.0,,784.898,5.0,4.0,83.0,16.021,,,0.046,0.954,,False,on_map_at_end
1944,pkw,1714.0,,86.0,,509.671,11.0,12.0,74.0,24.24,,,0.1395,0.8605,,False,on_map_at_end
1945,pkw,1715.0,,85.0,,626.458,21.0,21.0,64.0,28.217,,,0.2471,0.7529,,False,on_map_at_end
1946,pkw,1715.0,,85.0,,394.887,32.0,31.0,54.0,49.46,,,0.3647,0.6353,,False,on_map_at_end
1947,pkw,1716.0,,84.0,,410.755,0.0,0.0,84.0,7.404,,,0.0,1.0,,False,on_map_at_end
1948,pkw,1716.0,,84.0,,600.927,19.0,19.0,65.0,29.521,,,0.2262,0.7738,,False,on_map_at_end
1949,pkw,1718.0,,82.0,,786.344,0.0,0.0,82.0,10.185,,,0.0,1.0,,False,on_map_at_end
1950,pkw,1723.0,,77.0,,764.875,0.0,0.0,77.0,7.201,,,0.0,1.0,,False,on_map_at_end
1951,pkw,1724.0,,76.0,,624.311,4.0,4.0,72.0,17.916,,,0.0526,0.9474,,False,on_map_at_end
1952,pkw,1727.0,,73.0,,387.386,20.0,19.0,54.0,38.135,,,0.2603,0.7397,,False,on_map_at_end
1953,pkw,1730.0,,70.0,,524.673,13.0,13.0,57.0,22.757,,,0.1857,0.8143,,False,on_map_at_end
1954,pkw,1731.0,,69.0,,577.848,8.0,8.0,61.0,16.633,,,0.1159,0.8841,,False,on_map_at_end
1955,pkw,1731.0,,69.0,,481.589,14.0,13.0,56.0,24.659,,,0.1884,0.8116,,False,on_map_at_end
1956,pkw,1732.0,,68.0,,423.152,12.0,12.0,56.0,22.822,,,0.1765,0.8235,,False,on_map_at_end
1957,pkw,1734.0,,66.0,,351.091,24.0,24.0,42.0,33.845,,,0.3636,0.6364,,False,on_map_at_end
1958,pkw,1736.0,,64.0,,627.191,0.0,0.0,64.0,7.552,,,0.0,1.0,,False,on_map_at_end
1959,pkw,1737.0,,63.0,,393.407,21.0,21.0,42.0,27.54,,,0.3333,0.6667,,False,on_map_at_end
1960,pkw,1739.0,,61.0,,538.293,1.0,1.0,60.0,9.937,,,0.0164,0.9836,,False,on_map_at_end
1961,pkw,1739.0,,61.0,,358.309,20.0,19.0,42.0,28.752,,,0.3115,0.6885,,False,on_map_at_end
1962,pkw,1740.0,,60.0,,411.239,2.0,1.0,59.0,7.024,,,0.0167,0.9833,,False,on_map_at_end
1963,pkw,1740.0,,60.0,,466.401,8.0,8.0,52.0,15.649,,,0.1333,0.8667,,False,on_map_at_end
1965,pkw,1740.0,,60.0,,573.646,0.0,0.0,60.0,5.447,,,0.0,1.0,,False,on_map_at_end
1966,pkw,1741.0,,59.0,,441.107,7.0,7.0,52.0,19.3,,,0.1186,0.8814,,False,on_map_at_end
1967,pkw,1741.0,,59.0,,581.484,0.0,0.0,59.0,6.666,,,0.0,1.0,,False,on_map_at_end
1968,pkw,1742.0,,58.0,,398.626,7.0,6.0,52.0,22.123,,,0.1034,0.8966,,False,on_map_at_end
1969,pkw,1743.0,,57.0,,344.099,0.0,0.0,57.0,4.479,,,0.0,1.0,,False,on_map_at_end
1970,pkw,1744.0,,56.0,,320.577,7.0,6.0,50.0,24.008,,,0.1071,0.8929,,False,on_map_at_end
1971,pkw,1744.0,,56.0,,379.885,11.0,10.0,46.0,21.81,,,0.1786,0.8214,,False,on_map_at_end
1973,pkw,1745.0,,55.0,,310.149,15.0,14.0,41.0,19.226,,,0.2545,0.7455,,False,on_map_at_end
1974,pkw,1746.0,,54.0,,383.691,3.0,3.0,51.0,18.613,,,0.0556,0.9444,,False,on_map_at_end
1975,pkw,1746.0,,54.0,,504.062,0.0,0.0,54.0,8.516,,,0.0,1.0,,False,on_map_at_end
1976,pkw,1747.0,,53.0,,437.177,4.0,4.0,49.0,13.587,,,0.0755,0.9245,,False,on_map_at_end
1977,pkw,1750.0,,50.0,,356.107,0.0,0.0,50.0,4.609,,,0.0,1.0,,False,on_map_at_end
1978,pkw,1751.0,,49.0,,372.383,10.0,9.0,40.0,15.485,,,0.1837,0.8163,,False,on_map_at_end
1979,pkw,1752.0,,48.0,,409.083,4.0,4.0,44.0,10.755,,,0.0833,0.9167,,False,on_map_at_end
1980,pkw,1754.0,,46.0,,286.751,6.0,6.0,40.0,19.364,,,0.1304,0.8696,,False,on_map_at_end
1981,pkw,1755.0,,45.0,,289.442,8.0,8.0,37.0,9.685,,,0.1778,0.8222,,False,on_map_at_end
1982,pkw,1756.0,,44.0,,363.068,3.0,2.0,42.0,11.324,,,0.0455,0.9545,,False,on_map_at_end
1983,pkw,1756.0,,44.0,,195.473,16.0,16.0,28.0,26.281,,,0.3636,0.6364,,False,on_map_at_end
1984,pkw,1756.0,,44.0,,383.279,6.0,5.0,39.0,9.505,,,0.1136,0.8864,,False,on_map_at_end
1985,pkw,1758.0,,42.0,,375.777,2.0,1.0,41.0,8.18,,,0.0238,0.9762,,False,on_map_at_end
1986,pkw,1761.0,,39.0,,364.857,1.0,0.0,39.0,6.163,,,0.0,1.0,,False,on_map_at_end
1987,pkw,1762.0,,38.0,,287.678,0.0,0.0,38.0,3.804,,,0.0,1.0,,False,on_map_at_end
1988,pkw,1763.0,,37.0,,225.9,10.0,10.0,27.0,16.449,,,0.2703,0.7297,,False,on_map_at_end
1989,pkw,1764.0,,36.0,,363.174,0.0,0.0,36.0,3.314,,,0.0,1.0,,False,on_map_at_end
1990,pkw,1765.0,,35.0,,246.133,0.0,0.0,35.0,2.397,,,0.0,1.0,,False,on_map_at_end
1991,pkw,1766.0,,34.0,,362.166,0.0,0.0,34.0,1.405,,,0.0,1.0,,False,on_map_at_end
1992,pkw,1769.0,,31.0,,268.681,0.0,0.0,31.0,4.008,,,0.0,1.0,,False,on_map_at_end
1993,pkw,1773.0,,27.0,,187.584,1.0,1.0,26.0,10.117,,,0.037,0.963,,False,on_map_at_end
1994,pkw,1773.0,,27.0,,278.708,0.0,0.0,27.0,1.916,,,0.0,1.0,,False,on_map_at_end
1995,pkw,1776.0,,24.0,,138.208,1.0,1.0,23.0,11.561,,,0.0417,0.9583,,False,on_map_at_end
1996,pkw,1776.0,,24.0,,253.531,0.0,0.0,24.0,1.182,,,0.0,1.0,,False,on_map_at_end
1997,pkw,1777.0,,23.0,,168.078,0.0,0.0,23.0,3.28,,,0.0,1.0,,False,on_map_at_end
1998,pkw,1779.0,,21.0,,214.088,0.0,0.0,21.0,1.732,,,0.0,1.0,,False,on_map_at_end
1999,pkw,1781.0,,19.0,,179.563,0.0,0.0,19.0,2.077,,,0.0,1.0,,False,on_map_at_end
2000,pkw,1786.0,,14.0,,99.471,0.0,0.0,14.0,1.033,,,0.0,1.0,,False,on_map_at_end
2001,pkw,1788.0,,12.0,,84.172,0.0,0.0,12.0,1.794,,,0.0,1.0,,False,on_map_at_end
2002,pkw,1790.0,,10.0,,107.586,0.0,0.0,10.0,0.317,,,0.0,1.0,,False,on_map_at_end
2003,pkw,1790.0,,10.0,,106.933,0.0,0.0,10.0,0.376,,,0.0,1.0,,False,on_map_at_end
2005,pkw,1791.0,,9.0,,96.82,0.0,0.0,9.0,0.286,,,0.0,1.0,,False,on_map_at_end
2006,pkw,1794.0,,6.0,,63.86,0.0,0.0,6.0,0.227,,,0.0,1.0,,False,on_map_at_end
2007,pkw,1794.0,,6.0,,63.721,0.0,0.0,6.0,0.265,,,0.0,1.0,,False,on_map_at_end
2008,pkw,1795.0,,5.0,,53.843,0.0,0.0,5.0,0.154,,,0.0,1.0,,False,on_map_at_end
2009,pkw,1799.0,,1.0,,10.778,0.0,0.0,1.0,0.03,,,0.0,1.0,,False,on_map_at_end
2010,pkw,1799.0,,1.0,,10.602,0.0,0.0,1.0,0.046,,,0.0,1.0,,False,on_map_at_end
487,pkw,651.0,,1149.0,,2048.736,48.0,802.0,347.0,917.41,,,0.698,0.302,,False,on_map_at_end
523,pkw,684.0,,1116.0,,3207.315,14.0,683.0,433.0,807.959,,,0.612,0.388,,False,on_map_at_end
526,pkw,685.0,,1115.0,,1976.54,38.0,805.0,310.0,928.985,,,0.722,0.278,,False,on_map_at_end
555,pkw,701.0,,1099.0,,1676.269,61.0,825.0,274.0,941.959,,,0.7507,0.2493,,False,on_map_at_end
673,pkw,780.0,,1020.0,,1140.635,71.0,792.0,228.0,872.819,,,0.7765,0.2235,,False,on_map_at_end
680,pkw,782.0,,1018.0,,1608.759,40.0,767.0,251.0,861.026,,,0.7534,0.2466,,False,on_map_at_end
691,pkw,791.0,,1009.0,,2016.329,77.0,652.0,357.0,818.117,,,0.6462,0.3538,,False,on_map_at_end
718,pkw,808.0,,992.0,,1986.31,71.0,656.0,336.0,806.833,,,0.6613,0.3387,,False,on_map_at_end
722,pkw,811.0,,989.0,,1971.137,69.0,659.0,330.0,804.167,,,0.6663,0.3337,,False,on_map_at_end
732,pkw,815.0,,985.0,,1055.097,87.0,740.0,245.0,836.177,,,0.7513,0.2487,,False,on_map_at_end
753,pkw,830.0,,970.0,,1524.785,52.0,743.0,227.0,825.497,,,0.766,0.234,,False,on_map_at_end
771,pkw,842.0,,958.0,,1040.089,83.0,717.0,241.0,834.09,,,0.7484,0.2516,,False,on_map_at_end
781,pkw,846.0,,954.0,,1082.429,91.0,771.0,183.0,849.793,,,0.8082,0.1918,,False,on_map_at_end
783,pkw,847.0,,953.0,,1888.218,78.0,620.0,333.0,747.64,,,0.6506,0.3494,,False,on_map_at_end
785,pkw,849.0,,951.0,,1071.949,89.0,762.0,189.0,850.38,,,0.8013,0.1987,,False,on_map_at_end
814,pkw,877.0,,923.0,,1583.003,46.0,518.0,405.0,767.979,,,0.5612,0.4388,,False,on_map_at_end
827,pkw,887.0,,913.0,,1850.713,71.0,588.0,325.0,720.186,,,0.644,0.356,,False,on_map_at_end
839,pkw,898.0,,902.0,,621.388,88.0,749.0,153.0,837.54,,,0.8304,0.1696,,False,on_map_at_end
862,pkw,910.0,,890.0,,1024.947,82.0,655.0,235.0,767.587,,,0.736,0.264,,False,on_map_at_end
869,pkw,914.0,,886.0,,1982.819,55.0,559.0,327.0,705.973,,,0.6309,0.3691,,False,on_map_at_end
876,pkw,919.0,,881.0,,1852.989,65.0,556.0,325.0,713.285,,,0.6311,0.3689,,False,on_map_at_end
880,pkw,921.0,,879.0,,1822.411,65.0,549.0,330.0,713.773,,,0.6246,0.3754,,False,on_map_at_end
898,pkw,927.0,,873.0,,2271.122,47.0,442.0,431.0,640.044,,,0.5063,0.4937,,False,on_map_at_end
900,pkw,928.0,,872.0,,1034.399,84.0,674.0,198.0,775.772,,,0.7729,0.2271,,False,on_map_at_end
914,pkw,935.0,,865.0,,553.086,85.0,720.0,145.0,809.357,,,0.8324,0.1676,,False,on_map_at_end
931,pkw,943.0,,857.0,,1777.982,63.0,423.0,434.0,685.38,,,0.4936,0.5064,,False,on_map_at_end
932,pkw,943.0,,857.0,,1828.209,77.0,546.0,311.0,686.127,,,0.6371,0.3629,,False,on_map_at_end
939,pkw,949.0,,851.0,,1804.439,79.0,554.0,297.0,682.959,,,0.651,0.349,,False,on_map_at_end
951,pkw,956.0,,844.0,,1534.262,52.0,459.0,385.0,694.476,,,0.5438,0.4562,,False,on_map_at_end
953,pkw,958.0,,842.0,,2244.309,31.0,426.0,416.0,627.389,,,0.5059,0.4941,,False,on_map_at_end
955,pkw,958.0,,842.0,,1425.196,68.0,533.0,309.0,684.018,,,0.633,0.367,,False,on_map_at_end
963,pkw,964.0,,836.0,,1019.003,84.0,648.0,188.0,737.406,,,0.7751,0.2249,,False,on_map_at_end
970,pkw,966.0,,834.0,,1011.194,85.0,635.0,199.0,732.801,,,0.7614,0.2386,,False,on_map_at_end
971,pkw,967.0,,833.0,,1758.995,72.0,527.0,306.0,663.663,,,0.6327,0.3673,,False,on_map_at_end
976,pkw,969.0,,831.0,,1002.997,84.0,632.0,199.0,738.067,,,0.7605,0.2395,,False,on_map_at_end
992,pkw,981.0,,819.0,,1699.778,62.0,411.0,408.0,628.242,,,0.5018,0.4982,,False,on_map_at_end
996,pkw,984.0,,816.0,,986.249,85.0,619.0,197.0,720.7,,,0.7586,0.2414,,False,on_map_at_end
