vehicle_id,vehicle_type,enter_time_s,departure_time_s,travel_time_s,route_distance_m,distance_traveled_m,accumulated_waiting_time_s,custom_wait_s,moving_time_s,time_loss_s,free_flow_time_s,delay_s,waiting_fraction,moving_fraction,schedule_efficiency,completed_trip,trip_status
14,car,20.0,117.0,97.0,,738.233,12.0,12.0,85.0,20.32,,,0.1237,0.8763,,True,completed
29,car,49.0,124.0,75.0,,748.588,0.0,0.0,75.0,5.907,,,0.0,1.0,,True,completed
43,car,74.0,124.0,50.0,,376.653,0.0,0.0,50.0,3.135,,,0.0,1.0,,True,completed
32,car,51.0,136.0,85.0,,600.016,17.0,17.0,68.0,28.962,,,0.2,0.8,,True,completed
11,car,18.0,138.0,120.0,,951.237,15.0,15.0,105.0,28.34,,,0.125,0.875,,True,completed
13,car,19.0,153.0,134.0,,1213.21,10.0,10.0,124.0,22.594,,,0.0746,0.9254,,True,completed
16,car,24.0,158.0,134.0,,779.961,12.0,18.0,116.0,62.803,,,0.1343,0.8657,,True,completed
4,car,5.0,170.0,165.0,,1549.977,1.0,1.0,164.0,16.242,,,0.0061,0.9939,,True,completed
53,car,93.0,198.0,105.0,,871.912,3.0,3.0,102.0,15.472,,,0.0286,0.9714,,True,completed
51,car,91.0,208.0,117.0,,1061.144,0.0,0.0,117.0,15.24,,,0.0,1.0,,True,completed
19,car,30.0,214.0,184.0,,1804.117,0.0,0.0,184.0,20.213,,,0.0,1.0,,True,completed
28,car,43.0,217.0,174.0,,1517.867,4.0,17.0,157.0,32.87,,,0.0977,0.9023,,True,completed
6,car,7.0,218.0,211.0,,2111.776,3.0,3.0,208.0,19.486,,,0.0142,0.9858,,True,completed
22,car,35.0,219.0,184.0,,1810.487,0.0,0.0,184.0,18.898,,,0.0,1.0,,True,completed
59,car,103.0,220.0,117.0,,887.545,0.0,0.0,117.0,11.156,,,0.0,1.0,,True,completed
0,truck,2.0,223.0,221.0,,1691.317,1.0,1.0,220.0,16.543,,,0.0045,0.9955,,True,completed
41,car,70.0,226.0,156.0,,981.737,36.0,41.0,115.0,60.579,,,0.2628,0.7372,,True,completed
72,car,128.0,229.0,101.0,,739.551,20.0,20.0,81.0,32.352,,,0.198,0.802,,True,completed
23,car,36.0,231.0,195.0,,1230.325,3.0,17.0,178.0,36.608,,,0.0872,0.9128,,True,completed
5,truck,5.0,231.0,226.0,,1581.518,0.0,12.0,214.0,25.204,,,0.0531,0.9469,,True,completed
47,car,84.0,233.0,149.0,,1411.72,0.0,0.0,149.0,10.685,,,0.0,1.0,,True,completed
20,truck,30.0,242.0,212.0,,1648.061,0.0,0.0,212.0,11.903,,,0.0,1.0,,True,completed
86,car,152.0,247.0,95.0,,740.103,16.0,16.0,79.0,27.39,,,0.1684,0.8316,,True,completed
82,car,144.0,250.0,106.0,,1009.041,0.0,0.0,106.0,7.263,,,0.0,1.0,,True,completed
7,car,9.0,259.0,250.0,,2215.723,0.0,11.0,239.0,43.432,,,0.044,0.956,,True,completed
94,car,168.0,259.0,91.0,,679.757,11.0,11.0,80.0,27.363,,,0.1209,0.8791,,True,completed
64,car,114.0,262.0,148.0,,1438.774,0.0,0.0,148.0,12.36,,,0.0,1.0,,True,completed
8,car,9.0,262.0,253.0,,1654.144,0.0,38.0,215.0,54.215,,,0.1502,0.8498,,True,completed
27,car,41.0,266.0,225.0,,2160.331,10.0,10.0,215.0,26.788,,,0.0444,0.9556,,True,completed
38,car,59.0,267.0,208.0,,1863.389,1.0,1.0,207.0,30.634,,,0.0048,0.9952,,True,completed
10,truck,15.0,270.0,255.0,,1988.746,0.0,0.0,255.0,14.6,,,0.0,1.0,,True,completed
101,car,182.0,273.0,91.0,,689.346,13.0,13.0,78.0,26.608,,,0.1429,0.8571,,True,completed
57,car,100.0,273.0,173.0,,1587.743,5.0,5.0,168.0,22.11,,,0.0289,0.9711,,True,completed
74,car,130.0,276.0,146.0,,1519.892,0.0,0.0,146.0,3.887,,,0.0,1.0,,True,completed
17,car,27.0,277.0,250.0,,1677.822,8.0,42.0,208.0,78.739,,,0.168,0.832,,True,completed
24,car,38.0,278.0,240.0,,1264.407,7.0,98.0,142.0,123.735,,,0.4083,0.5917,,True,completed
45,truck,80.0,279.0,199.0,,1395.023,11.0,11.0,188.0,30.191,,,0.0553,0.9447,,True,completed
76,car,136.0,279.0,143.0,,1522.981,0.0,0.0,143.0,3.868,,,0.0,1.0,,True,completed
81,car,144.0,279.0,135.0,,1263.449,9.0,10.0,125.0,19.351,,,0.0741,0.9259,,True,completed
108,car,195.0,287.0,92.0,,882.74,0.0,0.0,92.0,6.907,,,0.0,1.0,,True,completed
9,car,12.0,287.0,275.0,,1967.473,30.0,33.0,242.0,91.415,,,0.12,0.88,,True,completed
116,car,212.0,296.0,84.0,,645.199,0.0,0.0,84.0,6.622,,,0.0,1.0,,True,completed
26,car,41.0,301.0,260.0,,2221.141,36.0,36.0,224.0,56.149,,,0.1385,0.8615,,True,completed
80,truck,140.0,307.0,167.0,,1268.175,0.0,0.0,167.0,9.664,,,0.0,1.0,,True,completed
34,car,52.0,312.0,260.0,,2003.37,0.0,13.0,247.0,53.682,,,0.05,0.95,,True,completed
36,car,55.0,312.0,257.0,,1355.183,13.0,65.0,192.0,128.3,,,0.2529,0.7471,,True,completed
120,truck,224.0,318.0,94.0,,740.297,0.0,0.0,94.0,4.129,,,0.0,1.0,,True,completed
126,car,236.0,320.0,84.0,,876.104,0.0,0.0,84.0,3.73,,,0.0,1.0,,True,completed
3,car,3.0,322.0,319.0,,2525.406,7.0,52.0,267.0,89.762,,,0.163,0.837,,True,completed
42,car,74.0,322.0,248.0,,1768.345,49.0,56.0,192.0,80.414,,,0.2258,0.7742,,True,completed
54,car,96.0,324.0,228.0,,2165.291,1.0,3.0,225.0,31.785,,,0.0132,0.9868,,True,completed
60,truck,106.0,324.0,218.0,,1409.89,12.0,25.0,193.0,47.495,,,0.1147,0.8853,,True,completed
121,car,227.0,325.0,98.0,,943.319,0.0,0.0,98.0,3.467,,,0.0,1.0,,True,completed
147,car,271.0,326.0,55.0,,371.014,0.0,0.0,55.0,4.892,,,0.0,1.0,,True,completed
2,car,3.0,327.0,324.0,,2860.744,20.0,21.0,303.0,52.957,,,0.0648,0.9352,,True,completed
48,car,84.0,329.0,245.0,,1597.677,10.0,36.0,209.0,90.047,,,0.1469,0.8531,,True,completed
123,car,231.0,332.0,101.0,,532.424,22.0,22.0,79.0,49.587,,,0.2178,0.7822,,True,completed
124,car,232.0,341.0,109.0,,1021.206,0.0,0.0,109.0,10.222,,,0.0,1.0,,True,completed
40,truck,65.0,347.0,282.0,,2128.419,7.0,7.0,275.0,23.971,,,0.0248,0.9752,,True,completed
99,car,176.0,352.0,176.0,,1028.275,22.0,22.0,154.0,43.477,,,0.125,0.875,,True,completed
35,truck,54.0,353.0,299.0,,2292.824,0.0,1.0,298.0,21.822,,,0.0033,0.9967,,True,completed
115,truck,211.0,361.0,150.0,,1034.619,0.0,0.0,150.0,23.701,,,0.0,1.0,,True,completed
46,car,82.0,362.0,280.0,,2220.634,15.0,27.0,253.0,67.226,,,0.0964,0.9036,,True,completed
141,car,258.0,364.0,106.0,,900.502,3.0,3.0,103.0,17.99,,,0.0283,0.9717,,True,completed
88,car,153.0,365.0,212.0,,1528.256,24.0,45.0,167.0,71.825,,,0.2123,0.7877,,True,completed
15,truck,22.0,367.0,345.0,,2454.183,0.0,19.0,326.0,47.714,,,0.0551,0.9449,,True,completed
92,car,165.0,367.0,202.0,,1630.442,20.0,20.0,182.0,48.885,,,0.099,0.901,,True,completed
91,car,160.0,368.0,208.0,,1500.568,24.0,26.0,182.0,66.422,,,0.125,0.875,,True,completed
67,car,117.0,377.0,260.0,,2481.78,9.0,9.0,251.0,34.966,,,0.0346,0.9654,,True,completed
93,car,166.0,380.0,214.0,,1827.535,17.0,17.0,197.0,35.652,,,0.0794,0.9206,,True,completed
97,car,173.0,380.0,207.0,,1465.154,9.0,10.0,197.0,63.533,,,0.0483,0.9517,,True,completed
52,car,91.0,381.0,290.0,,2641.636,0.0,6.0,284.0,48.576,,,0.0207,0.9793,,True,completed
114,car,209.0,386.0,177.0,,1391.237,20.0,21.0,156.0,44.13,,,0.1186,0.8814,,True,completed
55,truck,98.0,386.0,288.0,,2119.798,0.0,0.0,288.0,16.612,,,0.0,1.0,,True,completed
148,car,273.0,389.0,116.0,,970.124,0.0,0.0,116.0,13.97,,,0.0,1.0,,True,completed
18,car,28.0,389.0,361.0,,2217.382,9.0,80.0,281.0,157.215,,,0.2216,0.7784,,True,completed
112,car,207.0,391.0,184.0,,1691.662,0.0,8.0,176.0,28.008,,,0.0435,0.9565,,True,completed
21,car,32.0,395.0,363.0,,2829.826,12.0,48.0,315.0,85.548,,,0.1322,0.8678,,True,completed
69,car,118.0,396.0,278.0,,2543.341,4.0,4.0,274.0,46.052,,,0.0144,0.9856,,True,completed
104,car,188.0,402.0,214.0,,1645.154,8.0,19.0,195.0,63.105,,,0.0888,0.9112,,True,completed
135,truck,246.0,403.0,157.0,,1170.924,0.0,0.0,157.0,9.822,,,0.0,1.0,,True,completed
78,car,137.0,404.0,267.0,,1523.791,29.0,47.0,220.0,113.036,,,0.176,0.824,,True,completed
128,car,240.0,405.0,165.0,,1357.534,16.0,25.0,140.0,37.738,,,0.1515,0.8485,,True,completed
73,car,129.0,406.0,277.0,,2446.546,0.0,16.0,261.0,46.146,,,0.0578,0.9422,,True,completed
125,truck,232.0,407.0,175.0,,1393.148,0.0,0.0,175.0,6.755,,,0.0,1.0,,True,completed
178,car,320.0,407.0,87.0,,736.878,9.0,9.0,78.0,19.68,,,0.1034,0.8966,,True,completed
110,truck,202.0,408.0,206.0,,1475.773,4.0,4.0,202.0,27.696,,,0.0194,0.9806,,True,completed
146,car,269.0,409.0,140.0,,1142.516,18.0,18.0,122.0,31.424,,,0.1286,0.8714,,True,completed
168,car,309.0,411.0,102.0,,732.82,10.0,10.0,92.0,34.077,,,0.098,0.902,,True,completed
100,truck,181.0,412.0,231.0,,1829.587,0.0,0.0,231.0,10.021,,,0.0,1.0,,True,completed
167,car,307.0,420.0,113.0,,994.69,0.0,0.0,113.0,3.692,,,0.0,1.0,,True,completed
66,car,117.0,420.0,303.0,,2449.994,21.0,33.0,270.0,73.86,,,0.1089,0.8911,,True,completed
137,car,248.0,425.0,177.0,,1336.86,0.0,0.0,177.0,53.074,,,0.0,1.0,,True,completed
89,car,154.0,425.0,271.0,,2245.383,0.0,0.0,271.0,16.35,,,0.0,1.0,,True,completed
37,car,56.0,428.0,372.0,,2335.932,13.0,34.0,338.0,147.788,,,0.0914,0.9086,,True,completed
149,car,276.0,429.0,153.0,,1144.88,28.0,28.0,125.0,38.96,,,0.183,0.817,,True,completed
211,car,374.0,430.0,56.0,,381.657,5.0,5.0,51.0,17.67,,,0.0893,0.9107,,True,completed
203,car,359.0,431.0,72.0,,667.563,0.0,0.0,72.0,3.433,,,0.0,1.0,,True,completed
79,car,138.0,431.0,293.0,,2455.053,0.0,28.0,265.0,69.77,,,0.0956,0.9044,,True,completed
96,car,173.0,432.0,259.0,,2109.653,0.0,12.0,247.0,55.789,,,0.0463,0.9537,,True,completed
68,car,118.0,434.0,316.0,,2913.386,18.0,18.0,298.0,45.565,,,0.057,0.943,,True,completed
33,car,52.0,436.0,384.0,,2201.0,3.0,149.0,235.0,181.744,,,0.388,0.612,,True,completed
129,car,241.0,437.0,196.0,,1326.321,23.0,51.0,145.0,64.269,,,0.2602,0.7398,,True,completed
194,car,344.0,439.0,95.0,,787.788,2.0,3.0,92.0,21.46,,,0.0316,0.9684,,True,completed
106,car,191.0,443.0,252.0,,1977.667,10.0,23.0,229.0,55.372,,,0.0913,0.9087,,True,completed
87,car,152.0,447.0,295.0,,2610.001,3.0,14.0,281.0,58.386,,,0.0475,0.9525,,True,completed
118,car,216.0,454.0,238.0,,1854.529,0.0,26.0,212.0,50.0,,,0.1092,0.8908,,True,completed
103,car,187.0,455.0,268.0,,1913.92,38.0,51.0,217.0,75.06,,,0.1903,0.8097,,True,completed
244,car,418.0,456.0,38.0,,401.314,0.0,0.0,38.0,0.881,,,0.0,1.0,,True,completed
58,car,101.0,456.0,355.0,,1662.809,45.0,172.0,183.0,203.499,,,0.4845,0.5155,,True,completed
113,car,207.0,457.0,250.0,,1397.219,10.0,92.0,158.0,121.657,,,0.368,0.632,,True,completed
208,car,366.0,458.0,92.0,,923.168,0.0,0.0,92.0,7.074,,,0.0,1.0,,True,completed
132,car,244.0,459.0,215.0,,1917.463,0.0,0.0,215.0,38.754,,,0.0,1.0,,True,completed
30,truck,49.0,464.0,415.0,,2744.459,27.0,56.0,359.0,82.488,,,0.1349,0.8651,,True,completed
77,car,136.0,464.0,328.0,,2626.372,17.0,43.0,285.0,86.115,,,0.1311,0.8689,,True,completed
154,car,291.0,469.0,178.0,,1483.574,32.0,32.0,146.0,43.141,,,0.1798,0.8202,,True,completed
83,car,145.0,472.0,327.0,,2952.961,0.0,7.0,320.0,46.331,,,0.0214,0.9786,,True,completed
187,car,333.0,473.0,140.0,,992.49,24.0,24.0,116.0,48.02,,,0.1714,0.8286,,True,completed
152,car,287.0,480.0,193.0,,1439.188,0.0,4.0,189.0,16.127,,,0.0207,0.9793,,True,completed
62,car,110.0,480.0,370.0,,3051.944,1.0,34.0,336.0,68.843,,,0.0919,0.9081,,True,completed
84,car,147.0,480.0,333.0,,2821.815,19.0,32.0,301.0,72.944,,,0.0961,0.9039,,True,completed
98,car,175.0,481.0,306.0,,2369.353,8.0,56.0,250.0,90.784,,,0.183,0.817,,True,completed
90,truck,158.0,482.0,324.0,,2206.271,9.0,9.0,315.0,35.191,,,0.0278,0.9722,,True,completed
85,truck,149.0,486.0,337.0,,1820.174,6.0,47.0,290.0,116.228,,,0.1395,0.8605,,True,completed
136,car,247.0,487.0,240.0,,2331.68,0.0,0.0,240.0,22.639,,,0.0,1.0,,True,completed
131,car,244.0,488.0,244.0,,2260.625,0.0,14.0,230.0,35.265,,,0.0574,0.9426,,True,completed
102,car,183.0,494.0,311.0,,2140.841,8.0,58.0,253.0,97.237,,,0.1865,0.8135,,True,completed
49,car,87.0,494.0,407.0,,3035.456,11.0,27.0,380.0,122.862,,,0.0663,0.9337,,True,completed
237,car,410.0,495.0,85.0,,793.942,0.0,0.0,85.0,5.672,,,0.0,1.0,,True,completed
111,car,202.0,497.0,295.0,,2533.639,0.0,22.0,273.0,57.181,,,0.0746,0.9254,,True,completed
143,car,263.0,501.0,238.0,,2011.655,16.0,18.0,220.0,55.738,,,0.0756,0.9244,,True,completed
134,car,245.0,503.0,258.0,,1906.79,2.0,51.0,207.0,79.138,,,0.1977,0.8023,,True,completed
210,truck,370.0,503.0,133.0,,983.333,0.0,0.0,133.0,13.949,,,0.0,1.0,,True,completed
234,car,406.0,504.0,98.0,,1054.735,0.0,0.0,98.0,2.073,,,0.0,1.0,,True,completed
75,truck,134.0,504.0,370.0,,2614.371,4.0,9.0,361.0,53.862,,,0.0243,0.9757,,True,completed
164,car,305.0,511.0,206.0,,1689.352,6.0,20.0,186.0,50.797,,,0.0971,0.9029,,True,completed
288,car,468.0,511.0,43.0,,457.014,0.0,0.0,43.0,0.868,,,0.0,1.0,,True,completed
159,car,302.0,513.0,211.0,,2131.697,0.0,0.0,211.0,13.91,,,0.0,1.0,,True,completed
140,truck,264.0,515.0,251.0,,1773.447,0.0,0.0,251.0,36.516,,,0.0,1.0,,True,completed
25,truck,39.0,515.0,476.0,,2637.256,47.0,85.0,391.0,157.468,,,0.1786,0.8214,,True,completed
95,truck,171.0,515.0,344.0,,2248.47,29.0,35.0,309.0,64.232,,,0.1017,0.8983,,True,completed
109,car,196.0,516.0,320.0,,2420.85,0.0,19.0,301.0,77.953,,,0.0594,0.9406,,True,completed
161,car,302.0,518.0,216.0,,1788.191,0.0,0.0,216.0,12.549,,,0.0,1.0,,True,completed
139,car,256.0,519.0,263.0,,2212.396,0.0,0.0,263.0,61.378,,,0.0,1.0,,True,completed
127,car,240.0,526.0,286.0,,2020.655,0.0,0.0,286.0,39.328,,,0.0,1.0,,True,completed
122,car,230.0,530.0,300.0,,2596.402,11.0,38.0,262.0,54.696,,,0.1267,0.8733,,True,completed
183,car,330.0,530.0,200.0,,1891.828,4.0,4.0,196.0,26.771,,,0.02,0.98,,True,completed
195,truck,343.0,530.0,187.0,,1064.84,25.0,32.0,155.0,49.168,,,0.1711,0.8289,,True,completed
162,car,303.0,532.0,229.0,,1817.926,2.0,2.0,227.0,34.492,,,0.0087,0.9913,,True,completed
105,truck,191.0,533.0,342.0,,2351.099,8.0,23.0,319.0,50.461,,,0.0673,0.9327,,True,completed
186,car,333.0,533.0,200.0,,1464.468,15.0,28.0,172.0,67.009,,,0.14,0.86,,True,completed
254,car,432.0,534.0,102.0,,1023.044,0.0,0.0,102.0,7.172,,,0.0,1.0,,True,completed
175,truck,318.0,539.0,221.0,,1634.273,1.0,2.0,219.0,23.667,,,0.009,0.991,,True,completed
170,truck,311.0,542.0,231.0,,1457.289,15.0,25.0,206.0,47.533,,,0.1082,0.8918,,True,completed
50,truck,90.0,543.0,453.0,,1978.862,0.0,183.0,270.0,214.394,,,0.404,0.596,,True,completed
145,truck,266.0,546.0,280.0,,1624.167,1.0,38.0,242.0,84.022,,,0.1357,0.8643,,True,completed
236,car,408.0,547.0,139.0,,1111.591,5.0,8.0,131.0,26.807,,,0.0576,0.9424,,True,completed
277,car,452.0,550.0,98.0,,740.485,10.0,11.0,87.0,23.356,,,0.1122,0.8878,,True,completed
130,truck,243.0,551.0,308.0,,2249.745,0.0,7.0,301.0,36.923,,,0.0227,0.9773,,True,completed
144,car,264.0,554.0,290.0,,1906.152,37.0,71.0,219.0,103.17,,,0.2448,0.7552,,True,completed
119,car,218.0,555.0,337.0,,2129.399,10.0,55.0,282.0,124.934,,,0.1632,0.8368,,True,completed
158,car,301.0,557.0,256.0,,2244.503,5.0,5.0,251.0,48.682,,,0.0195,0.9805,,True,completed
151,car,279.0,558.0,279.0,,1791.089,44.0,58.0,221.0,106.002,,,0.2079,0.7921,,True,completed
218,car,385.0,569.0,184.0,,1266.792,18.0,30.0,154.0,59.315,,,0.163,0.837,,True,completed
258,car,436.0,570.0,134.0,,971.806,20.0,20.0,114.0,40.992,,,0.1493,0.8507,,True,completed
166,car,307.0,571.0,264.0,,2018.407,14.0,50.0,214.0,81.034,,,0.1894,0.8106,,True,completed
207,car,365.0,572.0,207.0,,2128.66,0.0,0.0,207.0,11.351,,,0.0,1.0,,True,completed
299,car,480.0,574.0,94.0,,841.699,0.0,0.0,94.0,10.665,,,0.0,1.0,,True,completed
160,truck,302.0,577.0,275.0,,1688.493,2.0,35.0,240.0,70.538,,,0.1273,0.8727,,True,completed
163,car,303.0,580.0,277.0,,2135.931,24.0,45.0,232.0,81.626,,,0.1625,0.8375,,True,completed
138,car,255.0,581.0,326.0,,2728.959,31.0,34.0,292.0,70.964,,,0.1043,0.8957,,True,completed
267,car,444.0,583.0,139.0,,1262.57,7.0,7.0,132.0,15.356,,,0.0504,0.9496,,True,completed
65,truck,115.0,589.0,474.0,,3205.481,0.0,26.0,448.0,73.468,,,0.0549,0.9451,,True,completed
326,car,507.0,590.0,83.0,,735.926,0.0,0.0,83.0,10.316,,,0.0,1.0,,True,completed
232,car,403.0,597.0,194.0,,1331.33,17.0,21.0,173.0,67.224,,,0.1082,0.8918,,True,completed
314,car,491.0,597.0,106.0,,591.626,21.0,21.0,85.0,51.753,,,0.1981,0.8019,,True,completed
172,car,313.0,599.0,286.0,,2121.172,14.0,34.0,252.0,93.386,,,0.1189,0.8811,,True,completed
233,car,406.0,600.0,194.0,,1418.185,9.0,14.0,180.0,55.966,,,0.0722,0.9278,,True,completed
259,car,436.0,603.0,167.0,,1498.873,0.0,0.0,167.0,15.483,,,0.0,1.0,,True,completed
246,car,420.0,606.0,186.0,,1508.147,7.0,17.0,169.0,31.539,,,0.0914,0.9086,,True,completed
192,car,338.0,607.0,269.0,,2672.316,0.0,0.0,269.0,16.359,,,0.0,1.0,,True,completed
255,truck,434.0,607.0,173.0,,1209.63,12.0,12.0,161.0,26.364,,,0.0694,0.9306,,True,completed
343,car,524.0,608.0,84.0,,749.614,0.0,0.0,84.0,12.703,,,0.0,1.0,,True,completed
214,car,380.0,609.0,229.0,,2144.532,0.0,7.0,222.0,32.791,,,0.0306,0.9694,,True,completed
199,car,354.0,611.0,257.0,,2304.106,0.0,0.0,257.0,33.293,,,0.0,1.0,,True,completed
191,car,336.0,612.0,276.0,,2248.331,0.0,0.0,276.0,41.229,,,0.0,1.0,,True,completed
381,car,567.0,616.0,49.0,,404.834,0.0,0.0,49.0,9.839,,,0.0,1.0,,True,completed
12,car,19.0,618.0,599.0,,2301.257,25.0,320.0,279.0,367.789,,,0.5342,0.4658,,True,completed
405,truck,602.0,619.0,17.0,,128.861,0.0,0.0,17.0,0.531,,,0.0,1.0,,True,completed
171,car,312.0,620.0,308.0,,1964.233,19.0,43.0,265.0,104.726,,,0.1396,0.8604,,True,completed
156,car,299.0,624.0,325.0,,2473.309,37.0,40.0,285.0,76.59,,,0.1231,0.8769,,True,completed
262,car,439.0,627.0,188.0,,1503.416,0.0,0.0,188.0,13.847,,,0.0,1.0,,True,completed
278,car,453.0,631.0,178.0,,1645.275,0.0,14.0,164.0,28.833,,,0.0787,0.9213,,True,completed
188,car,334.0,633.0,299.0,,2615.736,3.0,3.0,296.0,55.012,,,0.01,0.99,,True,completed
209,car,367.0,634.0,267.0,,2009.825,23.0,59.0,208.0,66.144,,,0.221,0.779,,True,completed
190,truck,335.0,635.0,300.0,,1885.885,0.0,55.0,245.0,63.059,,,0.1833,0.8167,,True,completed
283,car,462.0,636.0,174.0,,902.968,11.0,52.0,122.0,80.52,,,0.2989,0.7011,,True,completed
286,car,467.0,636.0,169.0,,1647.544,0.0,0.0,169.0,17.764,,,0.0,1.0,,True,completed
362,car,545.0,640.0,95.0,,728.213,0.0,0.0,95.0,20.225,,,0.0,1.0,,True,completed
220,truck,390.0,643.0,253.0,,1833.582,6.0,6.0,247.0,31.792,,,0.0237,0.9763,,True,completed
376,car,562.0,646.0,84.0,,666.053,7.0,7.0,77.0,9.47,,,0.0833,0.9167,,True,completed
169,car,309.0,647.0,338.0,,2583.998,0.0,0.0,338.0,38.205,,,0.0,1.0,,True,completed
173,car,315.0,649.0,334.0,,2600.823,20.0,62.0,272.0,98.643,,,0.1856,0.8144,,True,completed
333,car,512.0,649.0,137.0,,648.439,40.0,40.0,97.0,66.68,,,0.292,0.708,,True,completed
184,car,332.0,651.0,319.0,,2763.475,0.0,5.0,314.0,63.469,,,0.0157,0.9843,,True,completed
276,car,462.0,652.0,190.0,,1577.809,5.0,7.0,183.0,45.487,,,0.0368,0.9632,,True,completed
342,car,523.0,653.0,130.0,,1132.591,1.0,1.0,129.0,25.246,,,0.0077,0.9923,,True,completed
352,car,537.0,656.0,119.0,,883.91,14.0,14.0,105.0,38.447,,,0.1176,0.8824,,True,completed
243,car,418.0,657.0,239.0,,1684.574,7.0,30.0,209.0,74.202,,,0.1255,0.8745,,True,completed
329,car,509.0,657.0,148.0,,1006.969,6.0,7.0,141.0,54.227,,,0.0473,0.9527,,True,completed
224,car,391.0,658.0,267.0,,2068.251,3.0,10.0,257.0,76.755,,,0.0375,0.9625,,True,completed
349,car,532.0,658.0,126.0,,1020.082,14.0,14.0,112.0,32.164,,,0.1111,0.8889,,True,completed
204,car,364.0,659.0,295.0,,2249.884,20.0,31.0,264.0,77.245,,,0.1051,0.8949,,True,completed
217,car,384.0,659.0,275.0,,2601.507,0.0,13.0,262.0,39.301,,,0.0473,0.9527,,True,completed
253,car,430.0,664.0,234.0,,1896.061,7.0,29.0,205.0,56.444,,,0.1239,0.8761,,True,completed
296,car,473.0,665.0,192.0,,1771.5,1.0,1.0,191.0,25.097,,,0.0052,0.9948,,True,completed
493,car,658.0,671.0,13.0,,119.967,0.0,0.0,13.0,0.809,,,0.0,1.0,,True,completed
56,car,100.0,671.0,571.0,,1614.566,27.0,344.0,227.0,417.499,,,0.6025,0.3975,,True,completed
260,truck,438.0,673.0,235.0,,1637.493,9.0,9.0,226.0,29.222,,,0.0383,0.9617,,True,completed
373,car,556.0,674.0,118.0,,687.277,21.0,29.0,89.0,44.406,,,0.2458,0.7542,,True,completed
293,car,471.0,676.0,205.0,,1622.392,0.0,7.0,198.0,36.539,,,0.0341,0.9659,,True,completed
174,car,315.0,677.0,362.0,,2288.965,40.0,63.0,299.0,120.839,,,0.174,0.826,,True,completed
324,car,502.0,677.0,175.0,,1612.408,0.0,6.0,169.0,28.2,,,0.0343,0.9657,,True,completed
302,car,481.0,679.0,198.0,,1422.976,37.0,37.0,161.0,67.597,,,0.1869,0.8131,,True,completed
379,car,565.0,679.0,114.0,,878.809,0.0,0.0,114.0,9.408,,,0.0,1.0,,True,completed
317,car,495.0,686.0,191.0,,1927.573,0.0,0.0,191.0,5.932,,,0.0,1.0,,True,completed
301,car,481.0,687.0,206.0,,1911.161,3.0,9.0,197.0,23.941,,,0.0437,0.9563,,True,completed
305,truck,482.0,687.0,205.0,,1271.298,4.0,28.0,177.0,50.773,,,0.1366,0.8634,,True,completed
357,car,540.0,691.0,151.0,,1353.457,12.0,12.0,139.0,25.769,,,0.0795,0.9205,,True,completed
247,car,423.0,695.0,272.0,,1971.845,11.0,22.0,250.0,92.189,,,0.0809,0.9191,,True,completed
331,car,509.0,695.0,186.0,,1397.124,25.0,28.0,158.0,46.056,,,0.1505,0.8495,,True,completed
403,car,602.0,695.0,93.0,,784.583,0.0,0.0,93.0,20.038,,,0.0,1.0,,True,completed
197,car,349.0,696.0,347.0,,1727.3,61.0,92.0,255.0,170.633,,,0.2651,0.7349,,True,completed
280,truck,454.0,696.0,242.0,,1652.154,0.0,0.0,242.0,21.243,,,0.0,1.0,,True,completed
304,car,482.0,698.0,216.0,,2027.281,0.0,0.0,216.0,20.697,,,0.0,1.0,,True,completed
282,car,458.0,701.0,243.0,,1834.626,27.0,27.0,216.0,57.266,,,0.1111,0.8889,,True,completed
438,car,620.0,702.0,82.0,,731.805,3.0,3.0,79.0,11.787,,,0.0366,0.9634,,True,completed
332,car,511.0,704.0,193.0,,1484.572,0.0,4.0,189.0,35.659,,,0.0207,0.9793,,True,completed
538,car,691.0,704.0,13.0,,130.246,0.0,0.0,13.0,0.278,,,0.0,1.0,,True,completed
230,truck,401.0,707.0,306.0,,1964.602,0.0,19.0,287.0,69.038,,,0.0621,0.9379,,True,completed
321,car,499.0,707.0,208.0,,1870.248,0.0,0.0,208.0,32.386,,,0.0,1.0,,True,completed
313,car,491.0,708.0,217.0,,1730.579,14.0,16.0,201.0,41.159,,,0.0737,0.9263,,True,completed
312,car,491.0,710.0,219.0,,1863.864,12.0,12.0,207.0,48.092,,,0.0548,0.9452,,True,completed
345,truck,530.0,711.0,181.0,,1426.65,0.0,0.0,181.0,6.376,,,0.0,1.0,,True,completed
415,truck,609.0,711.0,102.0,,726.322,0.0,0.0,102.0,13.458,,,0.0,1.0,,True,completed
337,car,515.0,712.0,197.0,,1533.741,12.0,12.0,185.0,37.334,,,0.0609,0.9391,,True,completed
225,truck,392.0,714.0,322.0,,1994.388,6.0,43.0,279.0,80.729,,,0.1335,0.8665,,True,completed
374,car,558.0,721.0,163.0,,1518.25,11.0,11.0,152.0,22.287,,,0.0675,0.9325,,True,completed
380,truck,566.0,721.0,155.0,,1138.104,0.0,0.0,155.0,13.086,,,0.0,1.0,,True,completed
358,car,541.0,723.0,182.0,,1329.424,18.0,31.0,151.0,58.635,,,0.1703,0.8297,,True,completed
242,car,417.0,724.0,307.0,,1525.336,67.0,96.0,211.0,162.003,,,0.3127,0.6873,,True,completed
157,car,299.0,726.0,427.0,,2960.262,46.0,93.0,334.0,152.032,,,0.2178,0.7822,,True,completed
367,car,548.0,726.0,178.0,,1646.521,0.0,0.0,178.0,20.04,,,0.0,1.0,,True,completed
251,car,430.0,727.0,297.0,,2876.346,0.0,0.0,297.0,29.364,,,0.0,1.0,,True,completed
513,car,674.0,727.0,53.0,,379.98,0.0,0.0,53.0,3.382,,,0.0,1.0,,True,completed
44,car,75.0,730.0,655.0,,2643.116,15.0,341.0,314.0,411.33,,,0.5206,0.4794,,True,completed
360,truck,544.0,731.0,187.0,,1038.401,0.0,9.0,178.0,60.515,,,0.0481,0.9519,,True,completed
397,car,594.0,733.0,139.0,,1109.256,9.0,12.0,127.0,37.704,,,0.0863,0.9137,,True,completed
433,car,618.0,733.0,115.0,,895.442,0.0,0.0,115.0,23.906,,,0.0,1.0,,True,completed
202,car,359.0,734.0,375.0,,2633.661,51.0,57.0,318.0,120.171,,,0.152,0.848,,True,completed
341,car,518.0,736.0,218.0,,1691.943,13.0,15.0,203.0,53.601,,,0.0688,0.9312,,True,completed
257,car,435.0,737.0,302.0,,2677.216,0.0,0.0,302.0,46.158,,,0.0,1.0,,True,completed
226,car,393.0,738.0,345.0,,2263.387,15.0,72.0,273.0,129.533,,,0.2087,0.7913,,True,completed
177,car,319.0,741.0,422.0,,2960.492,39.0,39.0,383.0,94.654,,,0.0924,0.9076,,True,completed
284,car,465.0,742.0,277.0,,1630.639,32.0,64.0,213.0,119.683,,,0.231,0.769,,True,completed
309,car,488.0,743.0,255.0,,1648.097,24.0,33.0,222.0,104.42,,,0.1294,0.8706,,True,completed
399,car,595.0,743.0,148.0,,783.023,39.0,42.0,106.0,75.22,,,0.2838,0.7162,,True,completed
256,car,435.0,744.0,309.0,,2369.725,29.0,64.0,245.0,92.559,,,0.2071,0.7929,,True,completed
351,car,536.0,748.0,212.0,,1557.682,20.0,41.0,171.0,69.935,,,0.1934,0.8066,,True,completed
182,car,324.0,749.0,425.0,,2800.761,38.0,60.0,365.0,160.26,,,0.1412,0.8588,,True,completed
456,car,632.0,749.0,117.0,,993.141,0.0,0.0,117.0,9.045,,,0.0,1.0,,True,completed
453,car,628.0,752.0,124.0,,791.375,4.0,4.0,120.0,30.518,,,0.0323,0.9677,,True,completed
323,car,502.0,753.0,251.0,,1482.748,23.0,71.0,180.0,111.355,,,0.2829,0.7171,,True,completed
427,car,614.0,753.0,139.0,,799.417,36.0,36.0,103.0,55.818,,,0.259,0.741,,True,completed
265,truck,442.0,755.0,313.0,,2150.699,0.0,35.0,278.0,53.623,,,0.1118,0.8882,,True,completed
295,truck,472.0,756.0,284.0,,1920.954,0.0,25.0,259.0,51.997,,,0.088,0.912,,True,completed
404,car,602.0,762.0,160.0,,1307.543,0.0,0.0,160.0,30.898,,,0.0,1.0,,True,completed
241,car,417.0,765.0,348.0,,2197.909,6.0,69.0,279.0,137.826,,,0.1983,0.8017,,True,completed
269,car,445.0,765.0,320.0,,2262.251,5.0,69.0,251.0,108.21,,,0.2156,0.7844,,True,completed
350,truck,534.0,766.0,232.0,,1488.134,5.0,14.0,218.0,49.813,,,0.0603,0.9397,,True,completed
133,car,245.0,767.0,522.0,,2354.542,0.0,257.0,265.0,307.337,,,0.4923,0.5077,,True,completed
308,car,487.0,767.0,280.0,,2414.85,11.0,23.0,257.0,61.661,,,0.0821,0.9179,,True,completed
270,truck,447.0,768.0,321.0,,2198.469,17.0,35.0,286.0,55.329,,,0.109,0.891,,True,completed
325,truck,505.0,768.0,263.0,,1708.369,0.0,31.0,232.0,56.673,,,0.1179,0.8821,,True,completed
219,car,387.0,771.0,384.0,,2018.126,27.0,79.0,305.0,188.504,,,0.2057,0.7943,,True,completed
268,car,445.0,771.0,326.0,,1718.062,33.0,84.0,242.0,165.94,,,0.2577,0.7423,,True,completed
464,car,636.0,773.0,137.0,,1197.74,0.0,0.0,137.0,26.539,,,0.0,1.0,,True,completed
179,car,320.0,776.0,456.0,,2341.468,75.0,177.0,279.0,211.109,,,0.3882,0.6118,,True,completed
274,car,450.0,776.0,326.0,,3030.793,0.0,8.0,318.0,41.844,,,0.0245,0.9755,,True,completed
495,truck,659.0,776.0,117.0,,660.927,4.0,4.0,113.0,36.173,,,0.0342,0.9658,,True,completed
402,car,601.0,777.0,176.0,,1270.454,10.0,15.0,161.0,59.644,,,0.0852,0.9148,,True,completed
613,car,738.0,783.0,45.0,,442.542,0.0,0.0,45.0,4.171,,,0.0,1.0,,True,completed
525,truck,684.0,784.0,100.0,,668.755,0.0,0.0,100.0,18.515,,,0.0,1.0,,True,completed
567,car,708.0,786.0,78.0,,737.25,0.0,0.0,78.0,7.351,,,0.0,1.0,,True,completed
310,truck,489.0,788.0,299.0,,1685.086,34.0,43.0,256.0,95.082,,,0.1438,0.8562,,True,completed
484,car,649.0,789.0,140.0,,1142.063,15.0,15.0,125.0,29.86,,,0.1071,0.8929,,True,completed
476,car,643.0,790.0,147.0,,1076.219,10.0,17.0,130.0,39.82,,,0.1156,0.8844,,True,completed
368,car,549.0,792.0,243.0,,1827.95,8.0,32.0,211.0,75.643,,,0.1317,0.8683,,True,completed
287,car,468.0,793.0,325.0,,2275.912,13.0,42.0,283.0,117.679,,,0.1292,0.8708,,True,completed
398,car,594.0,795.0,201.0,,1868.072,0.0,0.0,201.0,20.181,,,0.0,1.0,,True,completed
502,car,665.0,795.0,130.0,,952.245,4.0,4.0,126.0,29.315,,,0.0308,0.9692,,True,completed
303,car,481.0,796.0,315.0,,2338.675,7.0,56.0,259.0,95.792,,,0.1778,0.8222,,True,completed
306,car,483.0,796.0,313.0,,2144.791,14.0,45.0,268.0,117.137,,,0.1438,0.8562,,True,completed
327,car,508.0,796.0,288.0,,1964.911,16.0,26.0,262.0,85.63,,,0.0903,0.9097,,True,completed
470,truck,639.0,799.0,160.0,,848.315,31.0,37.0,123.0,46.878,,,0.2313,0.7688,,True,completed
406,car,602.0,801.0,199.0,,1420.047,14.0,21.0,178.0,61.529,,,0.1055,0.8945,,True,completed
498,car,660.0,801.0,141.0,,1053.633,14.0,18.0,123.0,35.323,,,0.1277,0.8723,,True,completed
291,car,470.0,802.0,332.0,,2055.171,39.0,107.0,225.0,137.485,,,0.3223,0.6777,,True,completed
348,car,531.0,802.0,271.0,,1477.453,17.0,30.0,241.0,118.831,,,0.1107,0.8893,,True,completed
478,car,643.0,802.0,159.0,,1328.236,9.0,17.0,142.0,29.077,,,0.1069,0.8931,,True,completed
353,car,539.0,803.0,264.0,,1585.558,1.0,43.0,221.0,111.108,,,0.1629,0.8371,,True,completed
482,car,649.0,803.0,154.0,,1477.176,0.0,0.0,154.0,10.336,,,0.0,1.0,,True,completed
597,car,729.0,805.0,76.0,,673.079,0.0,0.0,76.0,14.422,,,0.0,1.0,,True,completed
216,car,384.0,806.0,422.0,,2822.252,0.0,69.0,353.0,110.712,,,0.1635,0.8365,,True,completed
542,car,693.0,806.0,113.0,,699.193,0.0,3.0,110.0,43.475,,,0.0265,0.9735,,True,completed
366,car,547.0,807.0,260.0,,1522.285,21.0,31.0,229.0,104.956,,,0.1192,0.8808,,True,completed
252,car,429.0,810.0,381.0,,2450.047,16.0,96.0,285.0,148.165,,,0.252,0.748,,True,completed
426,car,614.0,810.0,196.0,,1856.357,4.0,4.0,192.0,23.396,,,0.0204,0.9796,,True,completed
510,truck,670.0,813.0,143.0,,980.419,0.0,0.0,143.0,24.027,,,0.0,1.0,,True,completed
328,car,510.0,814.0,304.0,,1801.978,37.0,63.0,241.0,137.382,,,0.2072,0.7928,,True,completed
578,car,731.0,816.0,85.0,,614.411,11.0,11.0,74.0,24.946,,,0.1294,0.8706,,True,completed
609,car,737.0,816.0,79.0,,377.94,23.0,23.0,56.0,43.985,,,0.2911,0.7089,,True,completed
389,car,584.0,817.0,233.0,,1988.261,0.0,6.0,227.0,45.791,,,0.0258,0.9742,,True,completed
571,car,710.0,817.0,107.0,,1080.726,0.0,0.0,107.0,8.734,,,0.0,1.0,,True,completed
501,car,664.0,819.0,155.0,,1178.793,10.0,21.0,134.0,47.908,,,0.1355,0.8645,,True,completed
407,car,602.0,822.0,220.0,,1662.045,0.0,11.0,209.0,60.637,,,0.05,0.95,,True,completed
411,car,605.0,822.0,217.0,,1685.072,18.0,22.0,195.0,51.916,,,0.1014,0.8986,,True,completed
273,car,449.0,823.0,374.0,,1821.435,0.0,92.0,282.0,181.036,,,0.246,0.754,,True,completed
483,car,649.0,823.0,174.0,,1551.377,0.0,1.0,173.0,28.616,,,0.0057,0.9943,,True,completed
471,car,640.0,825.0,185.0,,850.343,30.0,55.0,130.0,96.209,,,0.2973,0.7027,,True,completed
356,car,540.0,828.0,288.0,,2021.781,34.0,34.0,254.0,73.506,,,0.1181,0.8819,,True,completed
231,car,401.0,829.0,428.0,,1661.877,30.0,202.0,226.0,267.432,,,0.472,0.528,,True,completed
383,car,573.0,833.0,260.0,,1558.057,3.0,46.0,214.0,108.983,,,0.1769,0.8231,,True,completed
322,car,501.0,834.0,333.0,,1959.168,28.0,88.0,245.0,149.509,,,0.2643,0.7357,,True,completed
588,car,722.0,836.0,114.0,,456.908,64.0,64.0,50.0,71.73,,,0.5614,0.4386,,True,completed
297,car,475.0,838.0,363.0,,2369.771,23.0,89.0,274.0,147.288,,,0.2452,0.7548,,True,completed
382,car,569.0,839.0,270.0,,2335.827,0.0,21.0,249.0,53.906,,,0.0778,0.9222,,True,completed
392,car,592.0,844.0,252.0,,2060.43,7.0,19.0,233.0,64.385,,,0.0754,0.9246,,True,completed
377,car,563.0,845.0,282.0,,1682.538,7.0,64.0,218.0,110.57,,,0.227,0.773,,True,completed
467,car,638.0,845.0,207.0,,1167.449,26.0,43.0,164.0,84.987,,,0.2077,0.7923,,True,completed
668,car,799.0,846.0,47.0,,369.473,0.0,0.0,47.0,12.747,,,0.0,1.0,,True,completed
643,car,755.0,849.0,94.0,,733.743,2.0,2.0,92.0,16.566,,,0.0213,0.9787,,True,completed
503,car,665.0,850.0,185.0,,1304.1,10.0,13.0,172.0,47.436,,,0.0703,0.9297,,True,completed
541,car,692.0,851.0,159.0,,973.503,12.0,23.0,136.0,54.466,,,0.1447,0.8553,,True,completed
605,truck,737.0,851.0,114.0,,756.329,0.0,0.0,114.0,21.565,,,0.0,1.0,,True,completed
240,truck,417.0,854.0,437.0,,3311.575,0.0,9.0,428.0,25.281,,,0.0206,0.9794,,True,completed
579,car,716.0,854.0,138.0,,974.864,9.0,9.0,129.0,44.022,,,0.0652,0.9348,,True,completed
497,car,660.0,857.0,197.0,,1439.6,7.0,21.0,176.0,51.944,,,0.1066,0.8934,,True,completed
583,car,719.0,857.0,138.0,,976.412,9.0,9.0,129.0,44.665,,,0.0652,0.9348,,True,completed
434,car,619.0,858.0,239.0,,1709.738,4.0,51.0,188.0,82.497,,,0.2134,0.7866,,True,completed
524,car,684.0,859.0,175.0,,1330.431,13.0,21.0,154.0,46.538,,,0.12,0.88,,True,completed
527,car,685.0,859.0,174.0,,1268.927,3.0,6.0,168.0,58.519,,,0.0345,0.9655,,True,completed
546,car,698.0,862.0,164.0,,1487.025,2.0,2.0,162.0,26.896,,,0.0122,0.9878,,True,completed
420,truck,611.0,865.0,254.0,,1818.461,10.0,10.0,244.0,33.968,,,0.0394,0.9606,,True,completed
599,car,730.0,866.0,136.0,,875.406,20.0,30.0,106.0,46.86,,,0.2206,0.7794,,True,completed
355,truck,540.0,868.0,328.0,,1554.52,54.0,84.0,244.0,131.664,,,0.2561,0.7439,,True,completed
369,car,550.0,869.0,319.0,,2543.053,0.0,18.0,301.0,70.313,,,0.0564,0.9436,,True,completed
432,car,618.0,872.0,254.0,,2128.392,0.0,31.0,223.0,57.98,,,0.122,0.878,,True,completed
227,car,396.0,875.0,479.0,,2898.079,17.0,82.0,397.0,160.152,,,0.1712,0.8288,,True,completed
391,car,587.0,876.0,289.0,,1969.712,7.0,16.0,273.0,102.921,,,0.0554,0.9446,,True,completed
561,car,703.0,876.0,173.0,,1329.168,17.0,17.0,156.0,37.332,,,0.0983,0.9017,,True,completed
582,car,718.0,877.0,159.0,,888.09,14.0,14.0,145.0,45.338,,,0.0881,0.9119,,True,completed
417,car,610.0,880.0,270.0,,2141.979,10.0,38.0,232.0,75.022,,,0.1407,0.8593,,True,completed
693,car,791.0,880.0,89.0,,729.133,0.0,0.0,89.0,10.32,,,0.0,1.0,,True,completed
626,car,745.0,881.0,136.0,,986.749,0.0,0.0,136.0,36.18,,,0.0,1.0,,True,completed
652,car,765.0,883.0,118.0,,1014.482,8.0,8.0,110.0,24.663,,,0.0678,0.9322,,True,completed
393,car,590.0,885.0,295.0,,2040.642,5.0,33.0,262.0,106.895,,,0.1119,0.8881,,True,completed
294,car,471.0,886.0,415.0,,2789.025,28.0,107.0,308.0,149.389,,,0.2578,0.7422,,True,completed
637,car,752.0,887.0,135.0,,736.24,48.0,48.0,87.0,59.738,,,0.3556,0.6444,,True,completed
727,car,812.0,887.0,75.0,,644.839,0.0,0.0,75.0,9.679,,,0.0,1.0,,True,completed
370,truck,552.0,890.0,338.0,,2211.76,0.0,43.0,295.0,71.483,,,0.1272,0.8728,,True,completed
624,car,744.0,897.0,153.0,,1270.194,5.0,9.0,144.0,36.957,,,0.0588,0.9412,,True,completed
694,car,791.0,897.0,106.0,,588.736,30.0,30.0,76.0,52.013,,,0.283,0.717,,True,completed
1,car,2.0,903.0,901.0,,2732.171,68.0,594.0,307.0,635.985,,,0.6593,0.3407,,True,completed
339,car,515.0,904.0,389.0,,2614.824,48.0,75.0,314.0,140.591,,,0.1928,0.8072,,True,completed
531,car,687.0,904.0,217.0,,1792.161,0.0,0.0,217.0,53.825,,,0.0,1.0,,True,completed
608,car,736.0,905.0,169.0,,1488.31,6.0,6.0,163.0,27.512,,,0.0355,0.9645,,True,completed
428,car,615.0,906.0,291.0,,2204.007,0.0,36.0,255.0,83.875,,,0.1237,0.8763,,True,completed
117,car,215.0,907.0,692.0,,2810.017,33.0,322.0,370.0,435.846,,,0.4653,0.5347,,True,completed
344,car,527.0,911.0,384.0,,2763.69,31.0,53.0,331.0,122.047,,,0.138,0.862,,True,completed
660,truck,772.0,912.0,140.0,,746.074,12.0,24.0,116.0,48.981,,,0.1714,0.8286,,True,completed
697,car,793.0,912.0,119.0,,645.144,18.0,18.0,101.0,50.025,,,0.1513,0.8487,,True,completed
410,truck,604.0,915.0,311.0,,2104.957,6.0,13.0,298.0,55.419,,,0.0418,0.9582,,True,completed
563,car,706.0,916.0,210.0,,1417.481,8.0,17.0,193.0,80.673,,,0.081,0.919,,True,completed
444,car,624.0,917.0,293.0,,1820.576,43.0,58.0,235.0,113.69,,,0.198,0.802,,True,completed
621,car,742.0,917.0,175.0,,1155.306,35.0,44.0,131.0,69.625,,,0.2514,0.7486,,True,completed
213,car,491.0,918.0,427.0,,1017.762,0.0,301.0,126.0,312.638,,,0.7049,0.2951,,True,completed
437,car,619.0,918.0,299.0,,2085.458,6.0,21.0,278.0,106.625,,,0.0702,0.9298,,True,completed
600,truck,730.0,920.0,190.0,,1368.327,4.0,4.0,186.0,24.375,,,0.0211,0.9789,,True,completed
617,car,742.0,920.0,178.0,,1445.334,2.0,3.0,175.0,46.032,,,0.0169,0.9831,,True,completed
631,car,749.0,920.0,171.0,,1476.225,0.0,0.0,171.0,15.882,,,0.0,1.0,,True,completed
522,car,682.0,922.0,240.0,,1949.962,7.0,15.0,225.0,57.943,,,0.0625,0.9375,,True,completed
475,truck,641.0,924.0,283.0,,1449.254,22.0,59.0,224.0,95.773,,,0.2085,0.7915,,True,completed
676,car,781.0,924.0,143.0,,1055.643,0.0,0.0,143.0,14.723,,,0.0,1.0,,True,completed
409,car,603.0,926.0,323.0,,2040.081,0.0,28.0,295.0,114.312,,,0.0867,0.9133,,True,completed
394,car,590.0,927.0,337.0,,2035.111,0.0,79.0,258.0,145.401,,,0.2344,0.7656,,True,completed
817,car,880.0,928.0,48.0,,443.865,0.0,0.0,48.0,7.052,,,0.0,1.0,,True,completed
681,car,783.0,929.0,146.0,,1520.211,0.0,0.0,146.0,4.049,,,0.0,1.0,,True,completed
413,car,607.0,935.0,328.0,,1679.847,30.0,91.0,237.0,156.572,,,0.2774,0.7226,,True,completed
795,truck,856.0,937.0,81.0,,641.439,0.0,0.0,81.0,2.997,,,0.0,1.0,,True,completed
142,car,261.0,939.0,678.0,,2224.507,25.0,398.0,280.0,465.887,,,0.587,0.413,,True,completed
760,truck,837.0,939.0,102.0,,726.76,0.0,0.0,102.0,12.388,,,0.0,1.0,,True,completed
576,car,714.0,940.0,226.0,,1847.673,18.0,18.0,208.0,49.035,,,0.0796,0.9204,,True,completed
648,car,757.0,941.0,184.0,,1583.155,10.0,10.0,174.0,28.83,,,0.0543,0.9457,,True,completed
39,car,65.0,942.0,877.0,,1814.465,10.0,607.0,270.0,664.548,,,0.6921,0.3079,,True,completed
802,car,862.0,942.0,80.0,,663.076,6.0,6.0,74.0,9.136,,,0.075,0.925,,True,completed
669,car,775.0,943.0,168.0,,1329.313,0.0,4.0,164.0,32.228,,,0.0238,0.9762,,True,completed
441,car,621.0,945.0,324.0,,1970.634,63.0,83.0,241.0,144.037,,,0.2562,0.7438,,True,completed
461,car,633.0,945.0,312.0,,1530.221,4.0,54.0,258.0,146.166,,,0.1731,0.8269,,True,completed
623,car,743.0,948.0,205.0,,1815.036,2.0,7.0,198.0,40.501,,,0.0341,0.9659,,True,completed
610,truck,738.0,954.0,216.0,,1545.848,1.0,3.0,213.0,29.254,,,0.0139,0.9861,,True,completed
474,car,643.0,957.0,314.0,,2067.091,8.0,44.0,270.0,110.075,,,0.1401,0.8599,,True,completed
486,car,651.0,957.0,306.0,,1815.11,1.0,37.0,269.0,137.199,,,0.1209,0.8791,,True,completed
644,car,755.0,958.0,203.0,,1106.756,0.0,81.0,122.0,99.904,,,0.399,0.601,,True,completed
425,truck,613.0,959.0,346.0,,2349.8,2.0,21.0,325.0,62.718,,,0.0607,0.9393,,True,completed
489,car,654.0,960.0,306.0,,2298.661,0.0,17.0,289.0,75.251,,,0.0556,0.9444,,True,completed
481,car,648.0,962.0,314.0,,1441.377,19.0,71.0,243.0,174.275,,,0.2261,0.7739,,True,completed
518,car,680.0,964.0,284.0,,2144.552,0.0,39.0,245.0,88.635,,,0.1373,0.8627,,True,completed
549,car,697.0,965.0,268.0,,2144.229,23.0,33.0,235.0,72.415,,,0.1231,0.8769,,True,completed
745,truck,824.0,965.0,141.0,,747.828,29.0,29.0,112.0,42.865,,,0.2057,0.7943,,True,completed
721,car,809.0,966.0,157.0,,1376.811,0.0,2.0,155.0,31.271,,,0.0127,0.9873,,True,completed
763,car,837.0,966.0,129.0,,716.836,30.0,46.0,83.0,63.238,,,0.3566,0.6434,,True,completed
416,car,609.0,967.0,358.0,,2125.261,0.0,61.0,297.0,116.089,,,0.1704,0.8296,,True,completed
627,car,747.0,967.0,220.0,,1824.921,0.0,0.0,220.0,14.956,,,0.0,1.0,,True,completed
741,car,823.0,967.0,144.0,,1130.558,3.0,4.0,140.0,39.345,,,0.0278,0.9722,,True,completed
430,truck,615.0,970.0,355.0,,2521.71,13.0,22.0,333.0,51.274,,,0.062,0.938,,True,completed
249,car,428.0,974.0,546.0,,2051.835,0.0,293.0,253.0,356.924,,,0.5366,0.4634,,True,completed
701,car,796.0,974.0,178.0,,1489.488,0.0,8.0,170.0,33.687,,,0.0449,0.9551,,True,completed
473,car,640.0,975.0,335.0,,2547.271,0.0,64.0,271.0,103.691,,,0.191,0.809,,True,completed
421,car,612.0,977.0,365.0,,1973.349,41.0,99.0,266.0,174.891,,,0.2712,0.7288,,True,completed
535,truck,690.0,977.0,287.0,,2139.693,0.0,5.0,282.0,26.261,,,0.0174,0.9826,,True,completed
189,car,334.0,978.0,644.0,,2318.2,100.0,307.0,337.0,362.329,,,0.4767,0.5233,,True,completed
707,car,802.0,978.0,176.0,,1479.163,0.0,0.0,176.0,41.401,,,0.0,1.0,,True,completed
606,car,735.0,979.0,244.0,,1630.133,23.0,62.0,182.0,85.661,,,0.2541,0.7459,,True,completed
833,car,891.0,979.0,88.0,,760.265,0.0,0.0,88.0,10.47,,,0.0,1.0,,True,completed
832,car,891.0,980.0,89.0,,673.385,4.0,4.0,85.0,20.722,,,0.0449,0.9551,,True,completed
261,car,438.0,981.0,543.0,,3187.791,15.0,87.0,456.0,180.135,,,0.1602,0.8398,,True,completed
591,car,724.0,984.0,260.0,,1898.838,5.0,38.0,222.0,83.841,,,0.1462,0.8538,,True,completed
659,car,769.0,985.0,216.0,,1609.385,16.0,31.0,185.0,69.6,,,0.1435,0.8565,,True,completed
809,car,869.0,987.0,118.0,,902.94,17.0,17.0,101.0,35.13,,,0.1441,0.8559,,True,completed
469,car,639.0,989.0,350.0,,2048.372,30.0,75.0,275.0,146.772,,,0.2143,0.7857,,True,completed
719,car,810.0,991.0,181.0,,1302.087,0.0,14.0,167.0,46.517,,,0.0773,0.9227,,True,completed
734,car,816.0,994.0,178.0,,1532.636,0.0,0.0,178.0,37.474,,,0.0,1.0,,True,completed
664,car,772.0,996.0,224.0,,1915.097,24.0,24.0,200.0,49.523,,,0.1071,0.8929,,True,completed
465,truck,636.0,997.0,361.0,,2339.689,0.0,32.0,329.0,70.639,,,0.0886,0.9114,,True,completed
695,truck,792.0,998.0,206.0,,1397.47,19.0,19.0,187.0,36.756,,,0.0922,0.9078,,True,completed
861,car,909.0,1001.0,92.0,,734.995,4.0,4.0,88.0,19.658,,,0.0435,0.9565,,True,completed
586,car,721.0,1002.0,281.0,,1998.67,15.0,23.0,258.0,99.052,,,0.0819,0.9181,,True,completed
706,car,802.0,1003.0,201.0,,1580.26,5.0,15.0,186.0,47.762,,,0.0746,0.9254,,True,completed
638,car,752.0,1007.0,255.0,,2099.636,0.0,35.0,220.0,64.513,,,0.1373,0.8627,,True,completed
593,car,727.0,1008.0,281.0,,1823.68,12.0,80.0,201.0,105.524,,,0.2847,0.7153,,True,completed
853,car,904.0,1008.0,104.0,,1117.233,0.0,0.0,104.0,2.448,,,0.0,1.0,,True,completed
479,car,645.0,1009.0,364.0,,2371.984,86.0,96.0,268.0,129.534,,,0.2637,0.7363,,True,completed
887,car,921.0,1010.0,89.0,,416.01,29.0,29.0,60.0,49.746,,,0.3258,0.6742,,True,completed
822,car,884.0,1013.0,129.0,,974.294,1.0,6.0,123.0,35.765,,,0.0465,0.9535,,True,completed
1003,car,987.0,1014.0,27.0,,200.014,0.0,0.0,27.0,2.711,,,0.0,1.0,,True,completed
865,truck,912.0,1014.0,102.0,,776.285,0.0,0.0,102.0,7.194,,,0.0,1.0,,True,completed
544,car,695.0,1016.0,321.0,,2331.003,14.0,45.0,276.0,85.889,,,0.1402,0.8598,,True,completed
632,car,749.0,1016.0,267.0,,1766.552,19.0,32.0,235.0,68.912,,,0.1199,0.8801,,True,completed
640,truck,753.0,1017.0,264.0,,1902.688,0.0,4.0,260.0,33.542,,,0.0152,0.9848,,True,completed
836,car,894.0,1017.0,123.0,,1058.012,0.0,0.0,123.0,12.738,,,0.0,1.0,,True,completed
641,car,753.0,1018.0,265.0,,1641.386,27.0,63.0,202.0,115.836,,,0.2377,0.7623,,True,completed
408,car,603.0,1019.0,416.0,,2179.183,47.0,134.0,282.0,205.65,,,0.3221,0.6779,,True,completed
883,car,920.0,1019.0,99.0,,741.05,10.0,10.0,89.0,16.294,,,0.101,0.899,,True,completed
872,car,914.0,1022.0,108.0,,800.251,6.0,6.0,102.0,21.98,,,0.0556,0.9444,,True,completed
897,car,926.0,1022.0,96.0,,604.136,27.0,27.0,69.0,29.716,,,0.2812,0.7188,,True,completed
654,car,766.0,1026.0,260.0,,1652.229,0.0,46.0,214.0,79.133,,,0.1769,0.8231,,True,completed
611,car,737.0,1028.0,291.0,,1725.764,8.0,49.0,242.0,131.247,,,0.1684,0.8316,,True,completed
737,car,818.0,1031.0,213.0,,1685.011,7.0,15.0,198.0,57.265,,,0.0704,0.9296,,True,completed
633,car,749.0,1033.0,284.0,,1822.782,0.0,16.0,268.0,98.966,,,0.0563,0.9437,,True,completed
679,car,781.0,1034.0,253.0,,2335.721,0.0,5.0,248.0,32.501,,,0.0198,0.9802,,True,completed
908,car,933.0,1034.0,101.0,,966.593,0.0,0.0,101.0,6.475,,,0.0,1.0,,True,completed
698,car,795.0,1035.0,240.0,,1900.812,8.0,19.0,221.0,60.625,,,0.0792,0.9208,,True,completed
400,truck,599.0,1036.0,437.0,,2957.849,35.0,46.0,391.0,80.137,,,0.1053,0.8947,,True,completed
797,car,859.0,1040.0,181.0,,1826.575,0.0,0.0,181.0,14.101,,,0.0,1.0,,True,completed
835,truck,894.0,1040.0,146.0,,1111.043,0.0,0.0,146.0,11.413,,,0.0,1.0,,True,completed
548,car,696.0,1041.0,345.0,,2561.4,5.0,37.0,308.0,111.551,,,0.1072,0.8928,,True,completed
764,car,839.0,1043.0,204.0,,1911.125,0.0,0.0,204.0,27.482,,,0.0,1.0,,True,completed
705,truck,801.0,1044.0,243.0,,1624.274,7.0,7.0,236.0,46.559,,,0.0288,0.9712,,True,completed
877,car,918.0,1045.0,127.0,,1186.258,0.0,0.0,127.0,18.457,,,0.0,1.0,,True,completed
749,car,827.0,1047.0,220.0,,1037.86,17.0,68.0,152.0,118.026,,,0.3091,0.6909,,True,completed
455,truck,632.0,1049.0,417.0,,2458.091,5.0,71.0,346.0,115.022,,,0.1703,0.8297,,True,completed
746,car,825.0,1049.0,224.0,,1770.731,5.0,7.0,217.0,61.746,,,0.0312,0.9688,,True,completed
505,truck,667.0,1050.0,383.0,,1815.836,18.0,109.0,274.0,163.319,,,0.2846,0.7154,,True,completed
857,car,906.0,1050.0,144.0,,1069.572,0.0,0.0,144.0,44.924,,,0.0,1.0,,True,completed
915,truck,935.0,1050.0,115.0,,648.802,20.0,20.0,95.0,26.722,,,0.1739,0.8261,,True,completed
958,car,959.0,1053.0,94.0,,661.16,5.0,5.0,89.0,27.23,,,0.0532,0.9468,,True,completed
651,car,765.0,1055.0,290.0,,1625.476,32.0,62.0,228.0,135.065,,,0.2138,0.7862,,True,completed
766,car,840.0,1057.0,217.0,,1410.564,11.0,27.0,190.0,74.974,,,0.1244,0.8756,,True,completed
769,car,840.0,1057.0,217.0,,1323.337,27.0,67.0,150.0,96.478,,,0.3088,0.6912,,True,completed
516,car,678.0,1058.0,380.0,,2079.916,33.0,88.0,292.0,165.457,,,0.2316,0.7684,,True,completed
551,car,698.0,1059.0,361.0,,2092.732,0.0,86.0,275.0,131.511,,,0.2382,0.7618,,True,completed
739,car,822.0,1059.0,237.0,,1830.39,0.0,24.0,213.0,67.545,,,0.1013,0.8987,,True,completed
843,car,901.0,1061.0,160.0,,1265.448,4.0,8.0,152.0,44.288,,,0.05,0.95,,True,completed
867,car,913.0,1061.0,148.0,,1391.847,0.0,0.0,148.0,21.733,,,0.0,1.0,,True,completed
750,truck,829.0,1062.0,233.0,,1813.66,0.0,0.0,233.0,14.274,,,0.0,1.0,,True,completed
708,car,802.0,1064.0,262.0,,1884.057,10.0,21.0,241.0,72.646,,,0.0802,0.9198,,True,completed
801,car,862.0,1065.0,203.0,,1881.03,4.0,4.0,199.0,30.647,,,0.0197,0.9803,,True,completed
921,car,939.0,1067.0,128.0,,851.06,25.0,25.0,103.0,40.458,,,0.1953,0.8047,,True,completed
646,car,756.0,1069.0,313.0,,2491.829,0.0,14.0,299.0,76.973,,,0.0447,0.9553,,True,completed
682,car,783.0,1070.0,287.0,,2432.499,1.0,25.0,262.0,66.772,,,0.0871,0.9129,,True,completed
792,car,856.0,1071.0,215.0,,1771.326,18.0,18.0,197.0,49.931,,,0.0837,0.9163,,True,completed
917,car,936.0,1071.0,135.0,,687.164,15.0,15.0,120.0,67.317,,,0.1111,0.8889,,True,completed
922,car,940.0,1072.0,132.0,,857.237,20.0,20.0,112.0,43.349,,,0.1515,0.8485,,True,completed
1067,car,1021.0,1077.0,56.0,,545.578,0.0,0.0,56.0,5.507,,,0.0,1.0,,True,completed
687,car,788.0,1077.0,289.0,,2189.627,0.0,27.0,262.0,69.279,,,0.0934,0.9066,,True,completed
950,truck,956.0,1077.0,121.0,,498.486,28.0,46.0,75.0,59.981,,,0.3802,0.6198,,True,completed
929,car,943.0,1078.0,135.0,,1073.963,15.0,15.0,120.0,37.063,,,0.1111,0.8889,,True,completed
619,car,741.0,1079.0,338.0,,2278.093,72.0,97.0,241.0,130.782,,,0.287,0.713,,True,completed
733,car,817.0,1079.0,262.0,,1820.538,2.0,2.0,260.0,42.719,,,0.0076,0.9924,,True,completed
1031,car,1001.0,1081.0,80.0,,602.374,11.0,11.0,69.0,24.786,,,0.1375,0.8625,,True,completed
744,car,824.0,1081.0,257.0,,2335.226,0.0,5.0,252.0,45.04,,,0.0195,0.9805,,True,completed
772,car,843.0,1081.0,238.0,,1155.989,36.0,66.0,172.0,98.805,,,0.2773,0.7227,,True,completed
846,car,902.0,1083.0,181.0,,1309.486,15.0,15.0,166.0,50.66,,,0.0829,0.9171,,True,completed
983,car,974.0,1084.0,110.0,,377.478,34.0,34.0,76.0,64.541,,,0.3091,0.6909,,True,completed
810,truck,873.0,1085.0,212.0,,1257.527,17.0,24.0,188.0,59.668,,,0.1132,0.8868,,True,completed
918,car,938.0,1087.0,149.0,,1175.928,6.0,6.0,143.0,29.925,,,0.0403,0.9597,,True,completed
941,car,949.0,1091.0,142.0,,1147.015,16.0,16.0,126.0,31.95,,,0.1127,0.8873,,True,completed
696,car,793.0,1092.0,299.0,,2603.79,0.0,30.0,269.0,63.467,,,0.1003,0.8997,,True,completed
595,truck,728.0,1097.0,369.0,,2559.151,22.0,32.0,337.0,60.406,,,0.0867,0.9133,,True,completed
927,car,942.0,1097.0,155.0,,1241.531,16.0,17.0,138.0,41.458,,,0.1097,0.8903,,True,completed
979,car,970.0,1097.0,127.0,,981.736,5.0,5.0,122.0,31.483,,,0.0394,0.9606,,True,completed
509,car,669.0,1098.0,429.0,,2716.174,0.0,45.0,384.0,157.801,,,0.1049,0.8951,,True,completed
649,car,762.0,1099.0,337.0,,2525.951,37.0,69.0,268.0,107.631,,,0.2047,0.7953,,True,completed
967,car,965.0,1099.0,134.0,,952.291,14.0,14.0,120.0,29.324,,,0.1045,0.8955,,True,completed
942,car,950.0,1100.0,150.0,,942.829,17.0,17.0,133.0,63.566,,,0.1133,0.8867,,True,completed
1060,truck,1017.0,1101.0,84.0,,662.906,0.0,0.0,84.0,3.42,,,0.0,1.0,,True,completed
556,car,701.0,1101.0,400.0,,1658.838,20.0,191.0,209.0,248.681,,,0.4775,0.5225,,True,completed
847,car,902.0,1101.0,199.0,,1411.648,22.0,49.0,150.0,61.33,,,0.2462,0.7538,,True,completed
993,car,982.0,1102.0,120.0,,895.07,17.0,17.0,103.0,28.741,,,0.1417,0.8583,,True,completed
614,car,738.0,1103.0,365.0,,1715.795,31.0,97.0,268.0,206.465,,,0.2658,0.7342,,True,completed
924,car,939.0,1103.0,164.0,,1639.596,0.0,0.0,164.0,13.993,,,0.0,1.0,,True,completed
554,car,700.0,1104.0,404.0,,1670.112,52.0,153.0,251.0,232.801,,,0.3787,0.6213,,True,completed
557,car,701.0,1104.0,403.0,,2125.084,8.0,97.0,306.0,199.271,,,0.2407,0.7593,,True,completed
780,truck,846.0,1104.0,258.0,,1677.675,20.0,24.0,234.0,54.35,,,0.093,0.907,,True,completed
1032,car,1002.0,1105.0,103.0,,744.948,7.0,7.0,96.0,34.954,,,0.068,0.932,,True,completed
612,car,738.0,1107.0,369.0,,1916.816,39.0,109.0,260.0,186.396,,,0.2954,0.7046,,True,completed
1023,car,998.0,1109.0,111.0,,872.473,4.0,4.0,107.0,30.507,,,0.036,0.964,,True,completed
543,car,693.0,1109.0,416.0,,1908.982,34.0,131.0,285.0,212.608,,,0.3149,0.6851,,True,completed
661,car,771.0,1109.0,338.0,,1888.549,41.0,71.0,267.0,165.329,,,0.2101,0.7899,,True,completed
460,truck,633.0,1111.0,478.0,,1559.26,55.0,156.0,322.0,272.742,,,0.3264,0.6736,,True,completed
1198,car,1088.0,1112.0,24.0,,158.866,4.0,4.0,20.0,8.702,,,0.1667,0.8333,,True,completed
445,truck,624.0,1112.0,488.0,,1391.111,86.0,184.0,304.0,311.342,,,0.377,0.623,,True,completed
1019,car,998.0,1113.0,115.0,,1018.535,9.0,9.0,106.0,20.897,,,0.0783,0.9217,,True,completed
954,car,959.0,1113.0,154.0,,1341.651,0.0,0.0,154.0,30.355,,,0.0,1.0,,True,completed
507,car,668.0,1116.0,448.0,,1832.251,9.0,134.0,314.0,263.637,,,0.2991,0.7009,,True,completed
864,car,911.0,1118.0,207.0,,1457.556,19.0,36.0,171.0,56.013,,,0.1739,0.8261,,True,completed
731,car,813.0,1119.0,306.0,,1441.164,37.0,64.0,242.0,158.351,,,0.2092,0.7908,,True,completed
1133,car,1051.0,1121.0,70.0,,449.649,1.0,1.0,69.0,28.491,,,0.0143,0.9857,,True,completed
724,car,811.0,1121.0,310.0,,1702.484,36.0,60.0,250.0,153.032,,,0.1935,0.8065,,True,completed
997,car,984.0,1121.0,137.0,,1328.914,0.0,0.0,137.0,8.301,,,0.0,1.0,,True,completed
559,car,704.0,1122.0,418.0,,2336.666,12.0,72.0,346.0,203.912,,,0.1722,0.8278,,True,completed
912,car,935.0,1122.0,187.0,,1359.577,19.0,35.0,152.0,54.001,,,0.1872,0.8128,,True,completed
540,truck,691.0,1123.0,432.0,,2143.429,28.0,123.0,309.0,162.917,,,0.2847,0.7153,,True,completed
702,car,798.0,1123.0,325.0,,2350.423,2.0,45.0,280.0,88.556,,,0.1385,0.8615,,True,completed
499,car,662.0,1124.0,462.0,,1839.857,14.0,106.0,356.0,266.756,,,0.2294,0.7706,,True,completed
1063,car,1018.0,1126.0,108.0,,883.446,0.0,0.0,108.0,8.8,,,0.0,1.0,,True,completed
1082,car,1029.0,1130.0,101.0,,664.968,22.0,22.0,79.0,40.152,,,0.2178,0.7822,,True,completed
1099,car,1037.0,1130.0,93.0,,664.758,7.0,7.0,86.0,32.171,,,0.0753,0.9247,,True,completed
587,car,722.0,1130.0,408.0,,2355.394,22.0,64.0,344.0,194.156,,,0.1569,0.8431,,True,completed
1068,car,1022.0,1133.0,111.0,,837.503,0.0,10.0,101.0,25.278,,,0.0901,0.9099,,True,completed
1076,car,1027.0,1133.0,106.0,,733.525,13.0,13.0,93.0,37.811,,,0.1226,0.8774,,True,completed
1064,car,1019.0,1135.0,116.0,,973.605,0.0,8.0,108.0,14.581,,,0.069,0.931,,True,completed
1134,car,1052.0,1135.0,83.0,,731.938,0.0,0.0,83.0,16.125,,,0.0,1.0,,True,completed
856,car,905.0,1137.0,232.0,,1125.395,49.0,59.0,173.0,109.338,,,0.2543,0.7457,,True,completed
882,car,919.0,1137.0,218.0,,2095.385,0.0,6.0,212.0,27.991,,,0.0275,0.9725,,True,completed
1020,truck,998.0,1139.0,141.0,,1060.696,0.0,0.0,141.0,12.23,,,0.0,1.0,,True,completed
155,truck,294.0,1139.0,845.0,,,0.0,602.0,243.0,0.0,,,0.7124,0.2876,,True,completed
770,truck,841.0,1141.0,300.0,,1322.984,29.0,67.0,233.0,138.838,,,0.2233,0.7767,,True,completed
800,truck,861.0,1142.0,281.0,,1490.306,7.0,64.0,217.0,100.242,,,0.2278,0.7722,,True,completed
662,car,771.0,1143.0,372.0,,2786.306,0.0,24.0,348.0,118.671,,,0.0645,0.9355,,True,completed
678,car,781.0,1144.0,363.0,,1420.419,37.0,146.0,217.0,232.477,,,0.4022,0.5978,,True,completed
1121,car,1048.0,1145.0,97.0,,751.775,2.0,2.0,95.0,27.237,,,0.0206,0.9794,,True,completed
378,car,564.0,1145.0,581.0,,2219.005,24.0,168.0,413.0,346.893,,,0.2892,0.7108,,True,completed
855,truck,905.0,1145.0,240.0,,1683.826,11.0,11.0,229.0,35.698,,,0.0458,0.9542,,True,completed
968,car,965.0,1145.0,180.0,,1306.039,5.0,6.0,174.0,40.78,,,0.0333,0.9667,,True,completed
840,truck,899.0,1147.0,248.0,,1860.362,0.0,0.0,248.0,22.484,,,0.0,1.0,,True,completed
1002,car,987.0,1149.0,162.0,,1508.944,0.0,0.0,162.0,22.123,,,0.0,1.0,,True,completed
1154,car,1065.0,1149.0,84.0,,741.925,0.0,0.0,84.0,15.397,,,0.0,1.0,,True,completed
987,car,976.0,1149.0,173.0,,1459.377,0.0,0.0,173.0,40.655,,,0.0,1.0,,True,completed
896,car,925.0,1151.0,226.0,,1844.1,5.0,17.0,209.0,48.349,,,0.0752,0.9248,,True,completed
1047,car,1010.0,1152.0,142.0,,1080.916,10.0,15.0,127.0,43.717,,,0.1056,0.8944,,True,completed
1108,car,1042.0,1152.0,110.0,,1152.065,0.0,0.0,110.0,4.687,,,0.0,1.0,,True,completed
845,truck,908.0,1156.0,248.0,,1851.987,0.0,5.0,243.0,23.888,,,0.0202,0.9798,,True,completed
858,car,907.0,1156.0,249.0,,1692.883,32.0,39.0,210.0,94.563,,,0.1566,0.8434,,True,completed
675,truck,780.0,1158.0,378.0,,1807.76,16.0,94.0,284.0,159.884,,,0.2487,0.7513,,True,completed
730,truck,812.0,1158.0,346.0,,1519.717,42.0,53.0,293.0,151.871,,,0.1532,0.8468,,True,completed
545,truck,695.0,1159.0,464.0,,2909.86,1.0,38.0,426.0,113.025,,,0.0819,0.9181,,True,completed
804,car,864.0,1159.0,295.0,,1684.284,43.0,75.0,220.0,141.721,,,0.2542,0.7458,,True,completed
1083,car,1030.0,1165.0,135.0,,1113.338,0.0,0.0,135.0,26.841,,,0.0,1.0,,True,completed
1151,car,1064.0,1169.0,105.0,,884.382,4.0,4.0,101.0,24.047,,,0.0381,0.9619,,True,completed
879,car,919.0,1172.0,253.0,,1564.097,46.0,54.0,199.0,110.293,,,0.2134,0.7866,,True,completed
636,car,751.0,1173.0,422.0,,1969.154,22.0,107.0,315.0,243.228,,,0.2536,0.7464,,True,completed
1342,car,1162.0,1175.0,13.0,,130.504,0.0,0.0,13.0,0.255,,,0.0,1.0,,True,completed
688,car,788.0,1176.0,388.0,,1650.765,12.0,115.0,273.0,227.161,,,0.2964,0.7036,,True,completed
831,car,890.0,1177.0,287.0,,1433.227,15.0,41.0,246.0,154.254,,,0.1429,0.8571,,True,completed
645,truck,755.0,1178.0,423.0,,1018.403,63.0,173.0,250.0,280.945,,,0.409,0.591,,True,completed
923,car,939.0,1178.0,239.0,,1963.913,2.0,14.0,225.0,59.462,,,0.0586,0.9414,,True,completed
1000,truck,985.0,1179.0,194.0,,1265.495,5.0,5.0,189.0,40.863,,,0.0258,0.9742,,True,completed
1113,car,1044.0,1179.0,135.0,,1267.745,0.0,4.0,131.0,18.948,,,0.0296,0.9704,,True,completed
1205,truck,1091.0,1180.0,89.0,,586.114,6.0,6.0,83.0,17.638,,,0.0674,0.9326,,True,completed
819,car,881.0,1180.0,299.0,,1246.688,94.0,140.0,159.0,175.115,,,0.4682,0.5318,,True,completed
618,car,740.0,1182.0,442.0,,2436.754,51.0,105.0,337.0,205.315,,,0.2376,0.7624,,True,completed
799,car,861.0,1184.0,323.0,,2522.966,15.0,40.0,283.0,94.12,,,0.1238,0.8762,,True,completed
1180,truck,1080.0,1186.0,106.0,,825.383,0.0,0.0,106.0,5.683,,,0.0,1.0,,True,completed
881,car,919.0,1186.0,267.0,,1454.819,54.0,89.0,178.0,114.495,,,0.3333,0.6667,,True,completed
905,truck,932.0,1186.0,254.0,,1607.126,21.0,31.0,223.0,59.956,,,0.122,0.878,,True,completed
906,car,932.0,1192.0,260.0,,979.314,53.0,85.0,175.0,157.767,,,0.3269,0.6731,,True,completed
198,car,351.0,1193.0,842.0,,2497.325,19.0,420.0,422.0,614.904,,,0.4988,0.5012,,True,completed
878,car,918.0,1193.0,275.0,,888.16,30.0,69.0,206.0,186.474,,,0.2509,0.7491,,True,completed
965,truck,965.0,1193.0,228.0,,1802.98,0.0,0.0,228.0,10.398,,,0.0,1.0,,True,completed
1034,car,1003.0,1194.0,191.0,,1329.648,10.0,15.0,176.0,66.417,,,0.0785,0.9215,,True,completed
176,car,318.0,1195.0,877.0,,2804.627,19.0,443.0,434.0,620.652,,,0.5051,0.4949,,True,completed
181,car,322.0,1196.0,874.0,,2688.58,22.0,463.0,411.0,629.673,,,0.5297,0.4703,,True,completed
811,car,874.0,1197.0,323.0,,2644.709,4.0,34.0,289.0,83.627,,,0.1053,0.8947,,True,completed
977,car,969.0,1198.0,229.0,,1827.938,0.0,0.0,229.0,62.071,,,0.0,1.0,,True,completed
1107,car,1042.0,1199.0,157.0,,1251.342,0.0,0.0,157.0,24.404,,,0.0,1.0,,True,completed
808,car,869.0,1199.0,330.0,,2336.026,41.0,66.0,264.0,109.897,,,0.2,0.8,,True,completed
926,car,941.0,1201.0,260.0,,2220.755,0.0,2.0,258.0,57.264,,,0.0077,0.9923,,True,completed
592,car,724.0,1202.0,478.0,,2408.171,43.0,131.0,347.0,246.501,,,0.2741,0.7259,,True,completed
699,car,795.0,1202.0,407.0,,2434.724,72.0,136.0,271.0,176.679,,,0.3342,0.6658,,True,completed
562,car,705.0,1203.0,498.0,,2365.93,24.0,120.0,378.0,273.053,,,0.241,0.759,,True,completed
743,car,824.0,1203.0,379.0,,2070.447,6.0,39.0,340.0,154.439,,,0.1029,0.8971,,True,completed
989,car,978.0,1203.0,225.0,,2093.373,3.0,3.0,222.0,35.199,,,0.0133,0.9867,,True,completed
1189,car,1082.0,1204.0,122.0,,1144.464,0.0,2.0,120.0,17.169,,,0.0164,0.9836,,True,completed
828,car,890.0,1206.0,316.0,,1165.969,26.0,101.0,215.0,208.512,,,0.3196,0.6804,,True,completed
974,car,968.0,1206.0,238.0,,1565.578,32.0,32.0,206.0,95.292,,,0.1345,0.8655,,True,completed
1204,car,1091.0,1207.0,116.0,,538.801,38.0,38.0,78.0,65.592,,,0.3276,0.6724,,True,completed
692,car,791.0,1210.0,419.0,,2164.35,8.0,70.0,349.0,221.969,,,0.1671,0.8329,,True,completed
1037,car,1006.0,1211.0,205.0,,1061.488,9.0,22.0,183.0,100.095,,,0.1073,0.8927,,True,completed
762,car,837.0,1212.0,375.0,,1496.39,8.0,63.0,312.0,230.151,,,0.168,0.832,,True,completed
31,car,51.0,1214.0,1163.0,,1991.399,30.0,920.0,243.0,965.035,,,0.7911,0.2089,,True,completed
1043,car,1009.0,1215.0,206.0,,737.238,9.0,53.0,153.0,133.06,,,0.2573,0.7427,,True,completed
1141,car,1055.0,1215.0,160.0,,1086.443,38.0,39.0,121.0,59.891,,,0.2437,0.7562,,True,completed
949,car,955.0,1215.0,260.0,,2152.33,0.0,6.0,254.0,60.394,,,0.0231,0.9769,,True,completed
798,car,860.0,1216.0,356.0,,2208.063,10.0,53.0,303.0,154.796,,,0.1489,0.8511,,True,completed
775,truck,844.0,1217.0,373.0,,1704.2,34.0,63.0,310.0,166.53,,,0.1689,0.8311,,True,completed
390,truck,586.0,1219.0,633.0,,2743.616,27.0,147.0,486.0,292.86,,,0.2322,0.7678,,True,completed
901,car,928.0,1223.0,295.0,,1943.03,21.0,24.0,271.0,115.064,,,0.0814,0.9186,,True,completed
1110,truck,1043.0,1227.0,184.0,,1402.75,0.0,0.0,184.0,14.305,,,0.0,1.0,,True,completed
528,car,792.0,1227.0,435.0,,554.348,43.0,344.0,91.0,384.369,,,0.7908,0.2092,,True,completed
1275,truck,1129.0,1229.0,100.0,,473.881,2.0,2.0,98.0,42.112,,,0.02,0.98,,True,completed
859,car,908.0,1231.0,323.0,,1762.932,32.0,47.0,276.0,157.018,,,0.1455,0.8545,,True,completed
1036,car,1006.0,1232.0,226.0,,1412.831,29.0,43.0,183.0,87.431,,,0.1903,0.8097,,True,completed
1296,car,1144.0,1232.0,88.0,,688.457,0.0,0.0,88.0,16.827,,,0.0,1.0,,True,completed
1308,car,1146.0,1232.0,86.0,,695.352,4.0,5.0,81.0,19.418,,,0.0581,0.9419,,True,completed
1337,car,1160.0,1232.0,72.0,,688.173,0.0,0.0,72.0,7.189,,,0.0,1.0,,True,completed
886,car,921.0,1232.0,311.0,,2375.133,31.0,31.0,280.0,77.472,,,0.0997,0.9003,,True,completed
947,car,954.0,1232.0,278.0,,2297.569,0.0,2.0,276.0,52.255,,,0.0072,0.9928,,True,completed
677,car,781.0,1233.0,452.0,,2152.584,0.0,121.0,331.0,225.96,,,0.2677,0.7323,,True,completed
938,car,946.0,1235.0,289.0,,1845.32,4.0,45.0,244.0,118.413,,,0.1557,0.8443,,True,completed
598,car,730.0,1237.0,507.0,,1825.658,31.0,199.0,308.0,314.476,,,0.3925,0.6075,,True,completed
1140,truck,1055.0,1238.0,183.0,,728.802,0.0,12.0,171.0,93.48,,,0.0656,0.9344,,True,completed
1233,car,1108.0,1238.0,130.0,,870.899,8.0,14.0,116.0,49.604,,,0.1077,0.8923,,True,completed
773,car,844.0,1238.0,394.0,,982.133,17.0,152.0,242.0,297.369,,,0.3858,0.6142,,True,completed
728,car,812.0,1239.0,427.0,,2452.297,1.0,56.0,371.0,160.609,,,0.1311,0.8689,,True,completed
888,car,922.0,1241.0,319.0,,1693.491,2.0,49.0,270.0,159.184,,,0.1536,0.8464,,True,completed
1343,car,1162.0,1242.0,80.0,,669.606,1.0,1.0,79.0,12.664,,,0.0125,0.9875,,True,completed
789,car,852.0,1243.0,391.0,,1720.944,31.0,104.0,287.0,229.13,,,0.266,0.734,,True,completed
994,car,982.0,1243.0,261.0,,2024.222,0.0,12.0,249.0,52.551,,,0.046,0.954,,True,completed
884,car,920.0,1246.0,326.0,,1413.674,75.0,146.0,180.0,183.033,,,0.4479,0.5521,,True,completed
490,truck,655.0,1248.0,593.0,,1965.331,29.0,200.0,393.0,355.255,,,0.3373,0.6627,,True,completed
1162,car,1069.0,1249.0,180.0,,909.94,9.0,62.0,118.0,96.284,,,0.3444,0.6556,,True,completed
412,car,632.0,1250.0,618.0,,2005.814,69.0,282.0,336.0,435.022,,,0.4563,0.5437,,True,completed
1004,car,989.0,1251.0,262.0,,1977.959,11.0,21.0,241.0,80.872,,,0.0802,0.9198,,True,completed
736,car,817.0,1251.0,434.0,,2511.141,12.0,69.0,365.0,204.794,,,0.159,0.841,,True,completed
704,car,798.0,1252.0,454.0,,2043.285,0.0,134.0,320.0,261.867,,,0.2952,0.7048,,True,completed
767,car,840.0,1253.0,413.0,,1555.538,46.0,172.0,241.0,248.641,,,0.4165,0.5835,,True,completed
966,car,965.0,1254.0,289.0,,1592.719,24.0,30.0,259.0,131.178,,,0.1038,0.8962,,True,completed
1334,car,1159.0,1256.0,97.0,,879.304,0.0,0.0,97.0,15.765,,,0.0,1.0,,True,completed
1175,truck,1075.0,1257.0,182.0,,1322.226,0.0,1.0,181.0,20.942,,,0.0055,0.9945,,True,completed
1229,car,1106.0,1257.0,151.0,,681.485,44.0,45.0,106.0,88.216,,,0.298,0.702,,True,completed
1166,car,1071.0,1260.0,189.0,,409.491,58.0,76.0,113.0,137.085,,,0.4021,0.5979,,True,completed
796,car,856.0,1261.0,405.0,,2035.254,7.0,80.0,325.0,211.556,,,0.1975,0.8025,,True,completed
1450,truck,1230.0,1262.0,32.0,,244.047,0.0,0.0,32.0,1.703,,,0.0,1.0,,True,completed
1022,car,999.0,1267.0,268.0,,2131.818,0.0,8.0,260.0,55.214,,,0.0299,0.9701,,True,completed
1276,car,1130.0,1270.0,140.0,,730.8,50.0,56.0,84.0,65.935,,,0.4,0.6,,True,completed
634,car,750.0,1271.0,521.0,,2335.073,19.0,109.0,412.0,297.733,,,0.2092,0.7908,,True,completed
893,car,924.0,1271.0,347.0,,2062.769,3.0,25.0,322.0,149.954,,,0.072,0.928,,True,completed
1298,car,1144.0,1275.0,131.0,,637.568,12.0,16.0,115.0,72.618,,,0.1221,0.8779,,True,completed
852,car,904.0,1275.0,371.0,,2010.725,86.0,130.0,241.0,188.149,,,0.3504,0.6496,,True,completed
1323,car,1151.0,1277.0,126.0,,594.304,19.0,19.0,107.0,58.755,,,0.1508,0.8492,,True,completed
1435,truck,1220.0,1280.0,60.0,,438.193,0.0,0.0,60.0,6.396,,,0.0,1.0,,True,completed
933,car,944.0,1280.0,336.0,,1797.257,0.0,45.0,291.0,165.022,,,0.1339,0.8661,,True,completed
782,car,847.0,1282.0,435.0,,1553.85,82.0,184.0,251.0,279.705,,,0.423,0.577,,True,completed
1256,car,1119.0,1285.0,166.0,,676.444,23.0,62.0,104.0,93.221,,,0.3735,0.6265,,True,completed
1058,car,1016.0,1286.0,270.0,,1574.036,31.0,51.0,219.0,116.837,,,0.1889,0.8111,,True,completed
1066,car,1020.0,1289.0,269.0,,2172.14,3.0,23.0,246.0,72.369,,,0.0855,0.9145,,True,completed
1234,car,1111.0,1291.0,180.0,,1460.965,0.0,0.0,180.0,32.524,,,0.0,1.0,,True,completed
892,car,924.0,1291.0,367.0,,2145.794,34.0,70.0,297.0,171.579,,,0.1907,0.8093,,True,completed
909,car,933.0,1291.0,358.0,,997.463,15.0,212.0,146.0,251.615,,,0.5922,0.4078,,True,completed
1117,car,1045.0,1293.0,248.0,,2125.307,0.0,20.0,228.0,53.641,,,0.0806,0.9194,,True,completed
667,car,773.0,1297.0,524.0,,2132.953,9.0,149.0,375.0,325.775,,,0.2844,0.7156,,True,completed
899,car,927.0,1306.0,379.0,,2403.762,56.0,116.0,263.0,161.149,,,0.3061,0.6939,,True,completed
1373,car,1186.0,1307.0,121.0,,877.612,0.0,9.0,112.0,35.206,,,0.0744,0.9256,,True,completed
1021,car,998.0,1308.0,310.0,,2091.712,0.0,36.0,274.0,79.373,,,0.1161,0.8839,,True,completed
1061,car,1018.0,1308.0,290.0,,1781.871,2.0,16.0,274.0,112.705,,,0.0552,0.9448,,True,completed
1251,car,1116.0,1310.0,194.0,,1531.492,1.0,21.0,173.0,44.478,,,0.1082,0.8918,,True,completed
873,car,915.0,1310.0,395.0,,2204.861,11.0,72.0,323.0,189.018,,,0.1823,0.8177,,True,completed
1410,truck,1209.0,1314.0,105.0,,729.158,0.0,0.0,105.0,16.18,,,0.0,1.0,,True,completed
560,truck,705.0,1317.0,612.0,,2635.029,45.0,179.0,433.0,294.054,,,0.2925,0.7075,,True,completed
1123,car,1048.0,1319.0,271.0,,1391.457,0.0,95.0,176.0,144.768,,,0.3506,0.6494,,True,completed
717,car,807.0,1320.0,513.0,,1316.352,47.0,241.0,272.0,386.079,,,0.4698,0.5302,,True,completed
1237,car,1109.0,1322.0,213.0,,1374.616,17.0,32.0,181.0,87.793,,,0.1502,0.8498,,True,completed
815,truck,878.0,1324.0,446.0,,1859.504,42.0,121.0,325.0,221.77,,,0.2713,0.7287,,True,completed
1462,car,1239.0,1326.0,87.0,,620.198,4.0,4.0,83.0,24.346,,,0.046,0.954,,True,completed
1496,car,1274.0,1326.0,52.0,,380.63,2.0,2.0,50.0,15.685,,,0.0385,0.9615,,True,completed
820,truck,881.0,1327.0,446.0,,1351.418,30.0,179.0,267.0,280.167,,,0.4013,0.5987,,True,completed
995,truck,982.0,1329.0,347.0,,1951.733,22.0,51.0,296.0,110.727,,,0.147,0.853,,True,completed
1228,car,1202.0,1330.0,128.0,,771.509,17.0,26.0,102.0,38.577,,,0.2031,0.7969,,True,completed
1418,car,1213.0,1331.0,118.0,,659.362,2.0,2.0,116.0,57.268,,,0.0169,0.9831,,True,completed
998,car,984.0,1331.0,347.0,,2627.752,26.0,26.0,321.0,108.678,,,0.0749,0.9251,,True,completed
1050,truck,1012.0,1332.0,320.0,,1976.462,22.0,38.0,282.0,81.28,,,0.1187,0.8812,,True,completed
1145,truck,1058.0,1333.0,275.0,,1047.85,31.0,108.0,167.0,145.356,,,0.3927,0.6073,,True,completed
1212,car,1096.0,1334.0,238.0,,1485.174,1.0,37.0,201.0,97.925,,,0.1555,0.8445,,True,completed
1073,car,1024.0,1335.0,311.0,,1156.598,26.0,141.0,170.0,202.847,,,0.4534,0.5466,,True,completed
1434,car,1220.0,1336.0,116.0,,737.646,14.0,15.0,101.0,48.611,,,0.1293,0.8707,,True,completed
1338,car,1223.0,1338.0,115.0,,573.986,16.0,16.0,99.0,52.486,,,0.1391,0.8609,,True,completed
1372,car,1185.0,1338.0,153.0,,1309.352,0.0,0.0,153.0,11.895,,,0.0,1.0,,True,completed
1265,truck,1123.0,1339.0,216.0,,1132.288,13.0,38.0,178.0,69.493,,,0.1759,0.8241,,True,completed
1095,truck,1035.0,1341.0,306.0,,1625.056,11.0,39.0,267.0,109.915,,,0.1275,0.8725,,True,completed
1096,car,1036.0,1341.0,305.0,,1814.481,0.0,67.0,238.0,129.952,,,0.2197,0.7803,,True,completed
916,car,936.0,1341.0,405.0,,2639.28,23.0,107.0,298.0,163.328,,,0.2642,0.7358,,True,completed
423,car,613.0,1342.0,729.0,,2681.556,0.0,385.0,344.0,472.249,,,0.5281,0.4719,,True,completed
999,car,984.0,1342.0,358.0,,1871.308,2.0,74.0,284.0,172.2,,,0.2067,0.7933,,True,completed
1481,car,1259.0,1345.0,86.0,,668.744,6.0,6.0,80.0,20.35,,,0.0698,0.9302,,True,completed
848,car,902.0,1346.0,444.0,,2246.05,0.0,52.0,392.0,176.614,,,0.1171,0.8829,,True,completed
1136,car,1053.0,1348.0,295.0,,2522.537,9.0,9.0,286.0,66.422,,,0.0305,0.9695,,True,completed
1316,car,1150.0,1350.0,200.0,,1605.843,0.0,7.0,193.0,48.19,,,0.035,0.965,,True,completed
1048,car,1011.0,1353.0,342.0,,1598.132,68.0,128.0,214.0,188.507,,,0.3743,0.6257,,True,completed
1358,car,1177.0,1356.0,179.0,,1316.743,12.0,12.0,167.0,57.048,,,0.067,0.933,,True,completed
1102,car,1039.0,1357.0,318.0,,1817.797,0.0,24.0,294.0,130.64,,,0.0755,0.9245,,True,completed
1291,car,1140.0,1358.0,218.0,,1331.834,13.0,16.0,202.0,82.535,,,0.0734,0.9266,,True,completed
1105,truck,1040.0,1359.0,319.0,,2448.777,0.0,4.0,315.0,24.029,,,0.0125,0.9875,,True,completed
860,truck,909.0,1360.0,451.0,,2809.469,46.0,72.0,379.0,104.729,,,0.1596,0.8404,,True,completed
790,truck,854.0,1362.0,508.0,,1653.113,1.0,244.0,264.0,290.127,,,0.4803,0.5197,,True,completed
1488,car,1267.0,1364.0,97.0,,670.929,8.0,8.0,89.0,35.247,,,0.0825,0.9175,,True,completed
281,car,455.0,1365.0,910.0,,2191.951,52.0,622.0,288.0,710.053,,,0.6835,0.3165,,True,completed
1065,truck,1019.0,1368.0,349.0,,1804.727,0.0,106.0,243.0,131.056,,,0.3037,0.6963,,True,completed
1220,truck,1102.0,1368.0,266.0,,1476.497,19.0,37.0,229.0,78.355,,,0.1391,0.8609,,True,completed
1035,truck,1013.0,1369.0,356.0,,1962.7,0.0,48.0,308.0,119.213,,,0.1348,0.8652,,True,completed
228,car,397.0,1370.0,973.0,,2905.431,24.0,611.0,362.0,691.656,,,0.628,0.372,,True,completed
1427,car,1217.0,1372.0,155.0,,652.03,32.0,32.0,123.0,94.32,,,0.2065,0.7935,,True,completed
755,truck,831.0,1372.0,541.0,,1876.925,58.0,159.0,382.0,288.513,,,0.2939,0.7061,,True,completed
1451,car,1232.0,1373.0,141.0,,1355.439,0.0,0.0,141.0,11.843,,,0.0,1.0,,True,completed
1399,car,1201.0,1375.0,174.0,,1266.557,8.0,14.0,160.0,57.465,,,0.0805,0.9195,,True,completed
1348,car,1165.0,1376.0,211.0,,1352.8,11.0,18.0,193.0,78.201,,,0.0853,0.9147,,True,completed
1219,car,1102.0,1379.0,277.0,,1529.75,77.0,101.0,176.0,128.321,,,0.3646,0.6354,,True,completed
805,truck,866.0,1379.0,513.0,,1872.283,48.0,138.0,375.0,261.456,,,0.269,0.731,,True,completed
1445,truck,1225.0,1382.0,157.0,,1018.911,0.0,10.0,147.0,33.026,,,0.0637,0.9363,,True,completed
1325,truck,1153.0,1387.0,234.0,,1579.127,0.0,14.0,220.0,42.105,,,0.0598,0.9402,,True,completed
962,car,963.0,1391.0,428.0,,1975.683,21.0,95.0,333.0,248.042,,,0.222,0.778,,True,completed
1438,car,1221.0,1394.0,173.0,,985.13,4.0,18.0,155.0,81.729,,,0.104,0.896,,True,completed
1467,car,1243.0,1394.0,151.0,,827.587,19.0,19.0,132.0,57.92,,,0.1258,0.8742,,True,completed
1457,car,1236.0,1395.0,159.0,,717.445,14.0,15.0,144.0,92.207,,,0.0943,0.9057,,True,completed
604,car,735.0,1395.0,660.0,,2901.933,57.0,183.0,477.0,364.21,,,0.2773,0.7227,,True,completed
1381,car,1190.0,1396.0,206.0,,1743.0,10.0,10.0,196.0,33.633,,,0.0485,0.9515,,True,completed
1416,car,1213.0,1399.0,186.0,,1463.763,12.0,12.0,174.0,44.135,,,0.0645,0.9355,,True,completed
1466,car,1243.0,1400.0,157.0,,1542.4,0.0,0.0,157.0,11.867,,,0.0,1.0,,True,completed
1465,truck,1243.0,1402.0,159.0,,1073.243,5.0,5.0,154.0,29.159,,,0.0314,0.9686,,True,completed
1072,car,1024.0,1404.0,380.0,,1830.945,24.0,129.0,251.0,212.767,,,0.3395,0.6605,,True,completed
1448,car,1228.0,1404.0,176.0,,1037.92,1.0,6.0,170.0,42.654,,,0.0341,0.9659,,True,completed
1495,truck,1273.0,1407.0,134.0,,822.566,7.0,7.0,127.0,33.942,,,0.0522,0.9478,,True,completed
1097,car,1036.0,1408.0,372.0,,2496.118,63.0,98.0,274.0,142.85,,,0.2634,0.7366,,True,completed
594,car,728.0,1408.0,680.0,,2536.727,0.0,366.0,314.0,443.945,,,0.5382,0.4618,,True,completed
1075,truck,1026.0,1410.0,384.0,,2150.866,2.0,52.0,332.0,93.266,,,0.1354,0.8646,,True,completed
564,car,706.0,1410.0,704.0,,1863.203,7.0,461.0,243.0,531.064,,,0.6548,0.3452,,True,completed
1129,car,1050.0,1412.0,362.0,,2098.38,7.0,89.0,273.0,161.5,,,0.2459,0.7541,,True,completed
647,car,756.0,1413.0,657.0,,1969.781,32.0,310.0,347.0,474.486,,,0.4718,0.5282,,True,completed
1519,car,1301.0,1415.0,114.0,,674.31,1.0,1.0,113.0,51.49,,,0.0088,0.9912,,True,completed
774,car,844.0,1415.0,571.0,,2589.8,6.0,78.0,493.0,332.37,,,0.1366,0.8634,,True,completed
1480,truck,1259.0,1418.0,159.0,,1224.955,0.0,0.0,159.0,6.92,,,0.0,1.0,,True,completed
1597,car,1363.0,1418.0,55.0,,520.037,0.0,0.0,55.0,7.196,,,0.0,1.0,,True,completed
1544,car,1318.0,1421.0,103.0,,965.895,0.0,0.0,103.0,8.975,,,0.0,1.0,,True,completed
713,car,805.0,1421.0,616.0,,2536.61,6.0,306.0,310.0,332.405,,,0.4968,0.5032,,True,completed
1394,car,1197.0,1422.0,225.0,,1608.691,0.0,20.0,205.0,65.522,,,0.0889,0.9111,,True,completed
1493,car,1270.0,1422.0,152.0,,987.322,33.0,35.0,117.0,54.917,,,0.2303,0.7697,,True,completed
946,car,957.0,1423.0,466.0,,1725.221,24.0,131.0,335.0,307.598,,,0.2811,0.7189,,True,completed
1485,truck,1285.0,1424.0,139.0,,785.602,22.0,22.0,117.0,43.018,,,0.1583,0.8417,,True,completed
1255,truck,1118.0,1425.0,307.0,,1681.102,10.0,60.0,247.0,93.817,,,0.1954,0.8046,,True,completed
607,car,736.0,1425.0,689.0,,2372.651,0.0,367.0,322.0,463.688,,,0.5327,0.4673,,True,completed
866,car,912.0,1426.0,514.0,,1958.876,36.0,187.0,327.0,332.732,,,0.3638,0.6362,,True,completed
1406,car,1205.0,1428.0,223.0,,1683.159,0.0,4.0,219.0,67.765,,,0.0179,0.9821,,True,completed
1191,car,1083.0,1433.0,350.0,,1895.458,39.0,73.0,277.0,160.804,,,0.2086,0.7914,,True,completed
1396,car,1199.0,1433.0,234.0,,1858.055,0.0,9.0,225.0,52.744,,,0.0385,0.9615,,True,completed
984,car,975.0,1433.0,458.0,,1605.698,7.0,122.0,336.0,309.317,,,0.2664,0.7336,,True,completed
1402,car,1202.0,1436.0,234.0,,1660.816,0.0,27.0,207.0,54.216,,,0.1154,0.8846,,True,completed
1209,car,1095.0,1437.0,342.0,,1902.88,29.0,63.0,279.0,152.252,,,0.1842,0.8158,,True,completed
1186,car,1081.0,1439.0,358.0,,1423.567,19.0,120.0,238.0,227.539,,,0.3352,0.6648,,True,completed
1369,car,1227.0,1440.0,213.0,,1595.898,0.0,13.0,200.0,51.262,,,0.061,0.939,,True,completed
1537,car,1312.0,1441.0,129.0,,900.673,16.0,16.0,113.0,45.338,,,0.124,0.876,,True,completed
1580,truck,1359.0,1442.0,83.0,,435.258,18.0,18.0,65.0,29.748,,,0.2169,0.7831,,True,completed
1552,car,1324.0,1443.0,119.0,,798.872,7.0,7.0,112.0,45.041,,,0.0588,0.9412,,True,completed
957,car,959.0,1445.0,486.0,,2055.591,10.0,120.0,366.0,261.227,,,0.2469,0.7531,,True,completed
1534,car,1315.0,1446.0,131.0,,1281.405,0.0,0.0,131.0,10.451,,,0.0,1.0,,True,completed
1586,car,1352.0,1447.0,95.0,,736.561,4.0,4.0,91.0,27.709,,,0.0421,0.9579,,True,completed
1563,car,1334.0,1450.0,116.0,,1043.714,0.0,0.0,116.0,7.582,,,0.0,1.0,,True,completed
1594,car,1356.0,1457.0,101.0,,533.057,21.0,21.0,80.0,51.458,,,0.2079,0.7921,,True,completed
686,car,787.0,1457.0,670.0,,3141.515,37.0,141.0,529.0,355.735,,,0.2104,0.7896,,True,completed
1527,car,1303.0,1459.0,156.0,,1325.937,0.0,0.0,156.0,27.44,,,0.0,1.0,,True,completed
1362,car,1178.0,1465.0,287.0,,2033.972,15.0,27.0,260.0,84.012,,,0.0941,0.9059,,True,completed
725,truck,811.0,1465.0,654.0,,2070.041,29.0,224.0,430.0,402.592,,,0.3425,0.6575,,True,completed
1307,car,1146.0,1469.0,323.0,,2094.628,0.0,49.0,274.0,133.482,,,0.1517,0.8483,,True,completed
1535,truck,1310.0,1471.0,161.0,,1072.603,16.0,16.0,145.0,31.236,,,0.0994,0.9006,,True,completed
238,car,414.0,1473.0,1059.0,,1994.374,74.0,807.0,252.0,871.097,,,0.762,0.238,,True,completed
1364,car,1179.0,1478.0,299.0,,2205.367,2.0,9.0,290.0,91.457,,,0.0301,0.9699,,True,completed
1579,car,1354.0,1480.0,126.0,,949.249,0.0,0.0,126.0,38.542,,,0.0,1.0,,True,completed
1475,truck,1252.0,1481.0,229.0,,1662.642,0.0,0.0,229.0,27.051,,,0.0,1.0,,True,completed
1156,car,1066.0,1484.0,418.0,,2581.354,1.0,55.0,363.0,144.752,,,0.1316,0.8684,,True,completed
1257,car,1218.0,1484.0,266.0,,1453.905,19.0,39.0,227.0,115.39,,,0.1466,0.8534,,True,completed
1633,car,1391.0,1485.0,94.0,,585.493,11.0,11.0,83.0,40.305,,,0.117,0.883,,True,completed
838,car,895.0,1485.0,590.0,,2116.942,18.0,138.0,452.0,347.386,,,0.2339,0.7661,,True,completed
1588,car,1353.0,1488.0,135.0,,776.622,7.0,26.0,109.0,62.848,,,0.1926,0.8074,,True,completed
1603,car,1368.0,1489.0,121.0,,753.277,18.0,18.0,103.0,50.111,,,0.1488,0.8512,,True,completed
1395,truck,1198.0,1492.0,294.0,,2077.869,1.0,12.0,282.0,41.353,,,0.0408,0.9592,,True,completed
875,truck,915.0,1492.0,577.0,,2120.799,11.0,126.0,451.0,297.628,,,0.2184,0.7816,,True,completed
1319,car,1151.0,1497.0,346.0,,2219.702,19.0,68.0,278.0,134.412,,,0.1965,0.8035,,True,completed
931,car,943.0,1502.0,559.0,,2016.637,11.0,135.0,424.0,365.389,,,0.2415,0.7585,,True,completed
1225,truck,1106.0,1505.0,399.0,,1806.233,3.0,60.0,339.0,179.074,,,0.1504,0.8496,,True,completed
1293,car,1140.0,1508.0,368.0,,1872.72,53.0,81.0,287.0,195.603,,,0.2201,0.7799,,True,completed
1390,truck,1194.0,1508.0,314.0,,1624.339,58.0,77.0,237.0,117.577,,,0.2452,0.7548,,True,completed
1413,car,1210.0,1508.0,298.0,,2000.869,0.0,44.0,254.0,106.115,,,0.1477,0.8523,,True,completed
1353,car,1169.0,1509.0,340.0,,2339.097,37.0,65.0,275.0,111.884,,,0.1912,0.8088,,True,completed
1177,car,1076.0,1512.0,436.0,,1644.151,37.0,152.0,284.0,273.93,,,0.3486,0.6514,,True,completed
1533,car,1309.0,1512.0,203.0,,2090.458,0.0,0.0,203.0,11.836,,,0.0,1.0,,True,completed
740,truck,823.0,1514.0,691.0,,2204.909,67.0,343.0,348.0,424.608,,,0.4964,0.5036,,True,completed
1711,car,1449.0,1516.0,67.0,,415.42,5.0,5.0,62.0,28.612,,,0.0746,0.9254,,True,completed
1576,car,1345.0,1517.0,172.0,,987.78,31.0,31.0,141.0,68.066,,,0.1802,0.8198,,True,completed
1676,car,1425.0,1517.0,92.0,,556.106,21.0,21.0,71.0,40.95,,,0.2283,0.7717,,True,completed
1127,car,1049.0,1520.0,471.0,,1830.37,12.0,140.0,331.0,293.171,,,0.2972,0.7028,,True,completed
1321,car,1151.0,1522.0,371.0,,1838.429,6.0,59.0,312.0,179.738,,,0.159,0.841,,True,completed
1574,car,1344.0,1523.0,179.0,,1272.195,14.0,15.0,164.0,62.365,,,0.0838,0.9162,,True,completed
982,car,973.0,1524.0,551.0,,2590.982,0.0,153.0,398.0,309.632,,,0.2777,0.7223,,True,completed
1677,car,1425.0,1531.0,106.0,,697.655,10.0,13.0,93.0,41.228,,,0.1226,0.8774,,True,completed
961,car,963.0,1532.0,569.0,,903.507,56.0,269.0,300.0,486.319,,,0.4728,0.5272,,True,completed
1199,car,1088.0,1533.0,445.0,,1642.97,31.0,143.0,302.0,294.909,,,0.3213,0.6787,,True,completed
1714,car,1451.0,1533.0,82.0,,587.347,0.0,0.0,82.0,27.277,,,0.0,1.0,,True,completed
1149,car,1061.0,1534.0,473.0,,434.797,47.0,407.0,66.0,413.537,,,0.8605,0.1395,,True,completed
1501,car,1281.0,1535.0,254.0,,1395.86,34.0,44.0,210.0,125.981,,,0.1732,0.8268,,True,completed
1557,car,1330.0,1535.0,205.0,,1439.306,0.0,0.0,205.0,18.713,,,0.0,1.0,,True,completed
1062,car,1018.0,1536.0,518.0,,1889.474,15.0,135.0,383.0,346.472,,,0.2606,0.7394,,True,completed
1203,car,1091.0,1536.0,445.0,,1744.534,45.0,222.0,223.0,281.605,,,0.4989,0.5011,,True,completed
1612,car,1375.0,1536.0,161.0,,1048.061,8.0,15.0,146.0,64.559,,,0.0932,0.9068,,True,completed
1292,car,1141.0,1538.0,397.0,,1554.867,15.0,106.0,291.0,251.524,,,0.267,0.733,,True,completed
1476,car,1254.0,1543.0,289.0,,2299.607,0.0,26.0,263.0,64.096,,,0.09,0.91,,True,completed
1675,truck,1424.0,1543.0,119.0,,744.368,14.0,14.0,105.0,20.64,,,0.1176,0.8824,,True,completed
787,car,1093.0,1543.0,450.0,,1195.768,2.0,303.0,147.0,340.558,,,0.6733,0.3267,,True,completed
1672,car,1423.0,1546.0,123.0,,1139.197,2.0,4.0,119.0,18.452,,,0.0325,0.9675,,True,completed
1568,car,1336.0,1547.0,211.0,,1494.925,27.0,27.0,184.0,59.205,,,0.128,0.872,,True,completed
990,truck,980.0,1547.0,567.0,,2182.718,54.0,237.0,330.0,302.94,,,0.418,0.582,,True,completed
1447,car,1227.0,1552.0,325.0,,1917.327,34.0,37.0,288.0,137.979,,,0.1138,0.8862,,True,completed
1663,car,1415.0,1552.0,137.0,,733.212,39.0,39.0,98.0,68.923,,,0.2847,0.7153,,True,completed
1173,car,1075.0,1557.0,482.0,,1889.578,23.0,140.0,342.0,307.442,,,0.2905,0.7095,,True,completed
1554,car,1328.0,1557.0,229.0,,1487.831,21.0,37.0,192.0,93.594,,,0.1616,0.8384,,True,completed
1698,car,1442.0,1557.0,115.0,,737.825,14.0,14.0,101.0,46.473,,,0.1217,0.8783,,True,completed
1326,car,1154.0,1559.0,405.0,,2579.958,4.0,64.0,341.0,127.563,,,0.158,0.842,,True,completed
1730,truck,1462.0,1559.0,97.0,,665.722,2.0,2.0,95.0,15.044,,,0.0206,0.9794,,True,completed
1723,car,1458.0,1560.0,102.0,,973.653,0.0,0.0,102.0,8.797,,,0.0,1.0,,True,completed
1644,car,1401.0,1564.0,163.0,,1043.862,12.0,26.0,137.0,65.092,,,0.1595,0.8405,,True,completed
759,car,834.0,1569.0,735.0,,2103.115,0.0,264.0,471.0,511.764,,,0.3592,0.6408,,True,completed
1539,car,1315.0,1571.0,256.0,,1996.341,6.0,28.0,228.0,74.254,,,0.1094,0.8906,,True,completed
925,truck,940.0,1571.0,631.0,,1127.308,23.0,479.0,152.0,495.545,,,0.7591,0.2409,,True,completed
1460,truck,1238.0,1572.0,334.0,,470.888,94.0,264.0,70.0,276.471,,,0.7904,0.2096,,True,completed
825,truck,886.0,1573.0,687.0,,2209.254,6.0,258.0,429.0,420.25,,,0.3755,0.6245,,True,completed
1122,car,1048.0,1576.0,528.0,,1531.287,40.0,156.0,372.0,387.152,,,0.2955,0.7045,,True,completed
1720,truck,1456.0,1579.0,123.0,,255.223,80.0,80.0,43.0,88.042,,,0.6504,0.3496,,True,completed
1777,car,1509.0,1579.0,70.0,,729.878,0.0,0.0,70.0,2.49,,,0.0,1.0,,True,completed
1556,car,1328.0,1581.0,253.0,,1888.229,3.0,5.0,248.0,31.595,,,0.0198,0.9802,,True,completed
869,car,914.0,1582.0,668.0,,2026.514,28.0,295.0,373.0,473.958,,,0.4416,0.5584,,True,completed
550,truck,704.0,1584.0,880.0,,1998.667,64.0,337.0,543.0,638.564,,,0.383,0.617,,True,completed
1202,car,1091.0,1586.0,495.0,,1275.529,20.0,139.0,356.0,367.717,,,0.2808,0.7192,,True,completed
992,car,981.0,1586.0,605.0,,2019.873,14.0,139.0,466.0,384.524,,,0.2298,0.7702,,True,completed
1614,car,1375.0,1588.0,213.0,,1504.381,11.0,44.0,169.0,67.753,,,0.2066,0.7934,,True,completed
1010,truck,1336.0,1589.0,253.0,,816.996,6.0,136.0,117.0,149.746,,,0.5375,0.4625,,True,completed
1079,car,1028.0,1595.0,567.0,,2564.724,22.0,277.0,290.0,324.12,,,0.4885,0.5115,,True,completed
876,car,923.0,1595.0,672.0,,2024.777,13.0,294.0,378.0,487.292,,,0.4375,0.5625,,True,completed
953,car,958.0,1596.0,638.0,,2370.581,38.0,187.0,451.0,411.45,,,0.2931,0.7069,,True,completed
1208,car,1095.0,1598.0,503.0,,1497.656,5.0,145.0,358.0,362.853,,,0.2883,0.7117,,True,completed
1194,car,1084.0,1600.0,516.0,,2866.492,84.0,201.0,315.0,244.37,,,0.3895,0.6105,,True,completed
911,car,934.0,1601.0,667.0,,2303.96,100.0,322.0,345.0,374.07,,,0.4828,0.5172,,True,completed
1541,car,1317.0,1603.0,286.0,,2451.739,0.0,27.0,259.0,59.148,,,0.0944,0.9056,,True,completed
1232,car,1108.0,1605.0,497.0,,1220.389,26.0,184.0,313.0,376.846,,,0.3702,0.6298,,True,completed
880,truck,928.0,1606.0,678.0,,2020.09,22.0,292.0,386.0,434.246,,,0.4307,0.5693,,True,completed
944,car,951.0,1606.0,655.0,,2536.289,48.0,170.0,485.0,412.091,,,0.2595,0.7405,,True,completed
1508,car,1285.0,1609.0,324.0,,1268.319,60.0,155.0,169.0,208.251,,,0.4784,0.5216,,True,completed
1610,truck,1371.0,1609.0,238.0,,1557.189,0.0,30.0,208.0,49.597,,,0.1261,0.8739,,True,completed
1238,car,1112.0,1610.0,498.0,,1221.795,19.0,161.0,337.0,369.098,,,0.3233,0.6767,,True,completed
61,car,110.0,1611.0,1501.0,,1957.421,27.0,1252.0,249.0,1320.868,,,0.8341,0.1659,,True,completed
248,car,423.0,1612.0,1189.0,,2069.622,18.0,931.0,258.0,990.458,,,0.783,0.217,,True,completed
1071,car,1024.0,1615.0,591.0,,1936.161,21.0,234.0,357.0,399.035,,,0.3959,0.6041,,True,completed
1639,car,1396.0,1616.0,220.0,,1492.377,18.0,45.0,175.0,77.165,,,0.2045,0.7955,,True,completed
1721,car,1456.0,1616.0,160.0,,1007.69,25.0,36.0,124.0,63.966,,,0.225,0.775,,True,completed
674,car,780.0,1616.0,836.0,,2242.274,91.0,490.0,346.0,604.087,,,0.5861,0.4139,,True,completed
1741,car,1476.0,1617.0,141.0,,1145.431,17.0,17.0,124.0,28.91,,,0.1206,0.8794,,True,completed
1788,car,1520.0,1617.0,97.0,,740.699,19.0,19.0,78.0,29.336,,,0.1959,0.8041,,True,completed
1033,car,1003.0,1621.0,618.0,,1503.119,86.0,400.0,218.0,480.867,,,0.6472,0.3528,,True,completed
1272,car,1126.0,1621.0,495.0,,801.563,21.0,201.0,294.0,411.027,,,0.4061,0.5939,,True,completed
940,truck,949.0,1622.0,673.0,,2399.816,0.0,325.0,348.0,383.595,,,0.4829,0.5171,,True,completed
1261,car,1122.0,1623.0,501.0,,706.09,20.0,218.0,283.0,429.206,,,0.4351,0.5649,,True,completed
1506,car,1284.0,1623.0,339.0,,903.598,67.0,166.0,173.0,256.277,,,0.4897,0.5103,,True,completed
1645,truck,1402.0,1626.0,224.0,,1479.459,0.0,12.0,212.0,45.328,,,0.0536,0.9464,,True,completed
1678,car,1426.0,1626.0,200.0,,1592.061,24.0,24.0,176.0,50.751,,,0.12,0.88,,True,completed
1148,car,1058.0,1630.0,572.0,,1762.953,0.0,330.0,242.0,398.214,,,0.5769,0.4231,,True,completed
1669,car,1418.0,1635.0,217.0,,1688.969,14.0,16.0,201.0,59.905,,,0.0737,0.9263,,True,completed
986,car,975.0,1637.0,662.0,,2312.629,24.0,366.0,296.0,450.257,,,0.5529,0.4471,,True,completed
1825,truck,1574.0,1639.0,65.0,,372.975,10.0,10.0,55.0,17.766,,,0.1538,0.8462,,True,completed
930,truck,943.0,1639.0,696.0,,2421.526,0.0,346.0,350.0,405.2,,,0.4971,0.5029,,True,completed
1005,truck,989.0,1643.0,654.0,,1591.135,86.0,436.0,218.0,454.504,,,0.6667,0.3333,,True,completed
1760,truck,1494.0,1646.0,152.0,,1106.268,6.0,6.0,146.0,18.067,,,0.0395,0.9605,,True,completed
1182,car,1080.0,1656.0,576.0,,1832.243,13.0,331.0,245.0,406.107,,,0.5747,0.4253,,True,completed
1624,car,1383.0,1657.0,274.0,,1914.228,0.0,23.0,251.0,81.583,,,0.0839,0.9161,,True,completed
1765,truck,1501.0,1659.0,158.0,,1261.509,0.0,0.0,158.0,5.536,,,0.0,1.0,,True,completed
1582,car,1349.0,1660.0,311.0,,1822.006,0.0,78.0,233.0,127.908,,,0.2508,0.7492,,True,completed
1808,car,1543.0,1667.0,124.0,,1069.499,6.0,6.0,118.0,26.318,,,0.0484,0.9516,,True,completed
1570,truck,1339.0,1669.0,330.0,,2253.807,0.0,20.0,310.0,54.173,,,0.0606,0.9394,,True,completed
1015,truck,993.0,1670.0,677.0,,652.4,100.0,476.0,201.0,542.05,,,0.7031,0.2969,,True,completed
1727,car,1460.0,1670.0,210.0,,1601.298,3.0,25.0,185.0,62.34,,,0.119,0.881,,True,completed
1288,car,1137.0,1676.0,539.0,,1491.511,7.0,183.0,356.0,396.658,,,0.3395,0.6605,,True,completed
1159,car,1068.0,1678.0,610.0,,1866.941,1.0,334.0,276.0,402.122,,,0.5475,0.4525,,True,completed
1824,car,1570.0,1680.0,110.0,,982.304,6.0,6.0,104.0,17.329,,,0.0545,0.9455,,True,completed
672,car,802.0,1680.0,878.0,,2431.844,5.0,501.0,377.0,648.513,,,0.5706,0.4294,,True,completed
1616,car,1380.0,1681.0,301.0,,2673.007,0.0,0.0,301.0,37.853,,,0.0,1.0,,True,completed
1773,car,1504.0,1683.0,179.0,,1477.283,0.0,0.0,179.0,10.953,,,0.0,1.0,,True,completed
1214,car,1098.0,1686.0,588.0,,2038.982,3.0,337.0,251.0,394.73,,,0.5731,0.4269,,True,completed
1352,car,1167.0,1689.0,522.0,,1491.907,34.0,277.0,245.0,367.542,,,0.5307,0.4693,,True,completed
928,car,942.0,1690.0,748.0,,1589.791,49.0,361.0,387.0,593.508,,,0.4826,0.5174,,True,completed
1376,car,1187.0,1691.0,504.0,,729.783,2.0,249.0,255.0,425.129,,,0.494,0.506,,True,completed
1528,car,1306.0,1693.0,387.0,,1418.398,39.0,161.0,226.0,257.564,,,0.416,0.584,,True,completed
1235,truck,1109.0,1694.0,585.0,,1875.136,0.0,196.0,389.0,331.407,,,0.335,0.665,,True,completed
1764,car,1499.0,1697.0,198.0,,1859.973,0.0,0.0,198.0,19.519,,,0.0,1.0,,True,completed
1351,car,1167.0,1704.0,537.0,,2085.458,0.0,194.0,343.0,347.771,,,0.3613,0.6387,,True,completed
1849,car,1606.0,1704.0,98.0,,1050.945,0.0,0.0,98.0,2.414,,,0.0,1.0,,True,completed
1397,car,1199.0,1710.0,511.0,,1583.917,0.0,227.0,284.0,340.76,,,0.4442,0.5558,,True,completed
1703,car,1445.0,1710.0,265.0,,628.091,47.0,182.0,83.0,193.52,,,0.6868,0.3132,,True,completed
1131,car,1051.0,1712.0,661.0,,1879.152,64.0,207.0,454.0,443.527,,,0.3132,0.6868,,True,completed
1895,truck,1666.0,1714.0,48.0,,375.71,0.0,0.0,48.0,1.897,,,0.0,1.0,,True,completed
1860,truck,1621.0,1717.0,96.0,,732.211,0.0,0.0,96.0,5.952,,,0.0,1.0,,True,completed
200,truck,355.0,1719.0,1364.0,,3407.834,1.0,904.0,460.0,957.38,,,0.6628,0.3372,,True,completed
1898,car,1668.0,1722.0,54.0,,449.985,1.0,1.0,53.0,12.501,,,0.0185,0.9815,,True,completed
602,car,734.0,1722.0,988.0,,2157.749,0.0,433.0,555.0,526.945,,,0.4383,0.5617,,True,completed
1449,car,1228.0,1724.0,496.0,,793.195,25.0,302.0,194.0,399.934,,,0.6089,0.3911,,True,completed
1226,car,1105.0,1727.0,622.0,,2291.767,0.0,132.0,490.0,403.282,,,0.2122,0.7878,,True,completed
1443,car,1224.0,1727.0,503.0,,1862.117,21.0,284.0,219.0,323.4,,,0.5646,0.4354,,True,completed
1055,truck,1014.0,1731.0,717.0,,896.904,77.0,349.0,368.0,607.833,,,0.4868,0.5132,,True,completed
1114,car,1044.0,1736.0,692.0,,2337.983,31.0,159.0,533.0,463.24,,,0.2298,0.7702,,True,completed
1197,car,1087.0,1736.0,649.0,,2016.274,39.0,368.0,281.0,446.253,,,0.567,0.433,,True,completed
1640,truck,1398.0,1738.0,340.0,,2088.089,0.0,44.0,296.0,78.49,,,0.1294,0.8706,,True,completed
1221,car,1102.0,1741.0,639.0,,1882.727,38.0,381.0,258.0,450.417,,,0.5962,0.4038,,True,completed
1647,car,1649.0,1741.0,92.0,,814.234,1.0,2.0,90.0,8.874,,,0.0217,0.9783,,True,completed
1886,car,1652.0,1742.0,90.0,,732.98,8.0,8.0,82.0,23.031,,,0.0889,0.9111,,True,completed
1871,car,1636.0,1743.0,107.0,,977.282,0.0,0.0,107.0,15.609,,,0.0,1.0,,True,completed
264,car,442.0,1746.0,1304.0,,860.4,100.0,1195.0,109.0,1225.345,,,0.9164,0.0836,,True,completed
1752,car,1487.0,1747.0,260.0,,1919.174,0.0,40.0,220.0,80.925,,,0.1538,0.8462,,True,completed
849,car,903.0,1747.0,844.0,,2182.922,45.0,414.0,430.0,639.054,,,0.4905,0.5095,,True,completed
821,car,883.0,1749.0,866.0,,1871.711,77.0,402.0,464.0,690.803,,,0.4642,0.5358,,True,completed
1538,car,1314.0,1750.0,436.0,,1839.261,0.0,213.0,223.0,264.147,,,0.4885,0.5115,,True,completed
1414,car,1212.0,1752.0,540.0,,1967.602,43.0,258.0,282.0,359.472,,,0.4778,0.5222,,True,completed
1165,truck,1071.0,1754.0,683.0,,1882.42,32.0,209.0,474.0,455.369,,,0.306,0.694,,True,completed
1247,car,1113.0,1754.0,641.0,,1981.081,20.0,373.0,268.0,436.974,,,0.5819,0.4181,,True,completed
1847,car,1603.0,1758.0,155.0,,1329.942,9.0,9.0,146.0,27.499,,,0.0581,0.9419,,True,completed
1366,car,1181.0,1760.0,579.0,,2620.878,23.0,267.0,312.0,323.785,,,0.4611,0.5389,,True,completed
1152,car,1063.0,1761.0,698.0,,2587.548,4.0,168.0,530.0,460.523,,,0.2407,0.7593,,True,completed
1736,car,1467.0,1764.0,297.0,,2310.084,6.0,36.0,261.0,62.751,,,0.1212,0.8788,,True,completed
1922,car,1691.0,1764.0,73.0,,582.255,6.0,6.0,67.0,12.368,,,0.0822,0.9178,,True,completed
487,car,651.0,1765.0,1114.0,,3238.468,0.0,604.0,510.0,653.258,,,0.5422,0.4578,,True,completed
1803,car,1538.0,1768.0,230.0,,1442.556,9.0,39.0,191.0,88.796,,,0.1696,0.8304,,True,completed
1737,car,1469.0,1769.0,300.0,,2339.774,18.0,34.0,266.0,83.538,,,0.1133,0.8867,,True,completed
1080,truck,1029.0,1775.0,746.0,,2530.839,13.0,180.0,566.0,427.704,,,0.2413,0.7587,,True,completed
812,car,875.0,1777.0,902.0,,2901.808,0.0,394.0,508.0,638.925,,,0.4368,0.5632,,True,completed
1311,car,1147.0,1780.0,633.0,,1033.998,6.0,268.0,365.0,535.175,,,0.4234,0.5766,,True,completed
1622,car,1382.0,1780.0,398.0,,2092.783,0.0,153.0,245.0,201.422,,,0.3844,0.6156,,True,completed
1846,car,1601.0,1780.0,179.0,,1651.297,3.0,3.0,176.0,28.951,,,0.0168,0.9832,,True,completed
1350,truck,1167.0,1783.0,616.0,,862.847,53.0,336.0,280.0,503.417,,,0.5455,0.4545,,True,completed
1461,car,1239.0,1786.0,547.0,,1220.892,12.0,221.0,326.0,428.65,,,0.404,0.596,,True,completed
806,car,867.0,1787.0,920.0,,2387.817,48.0,430.0,490.0,695.236,,,0.4674,0.5326,,True,completed
1525,truck,1301.0,1791.0,490.0,,1652.792,30.0,262.0,228.0,289.872,,,0.5347,0.4653,,True,completed
1150,truck,1062.0,1795.0,733.0,,2131.382,17.0,238.0,495.0,475.394,,,0.3247,0.6753,,True,completed
1017,car,995.0,1797.0,802.0,,2269.253,8.0,404.0,398.0,569.885,,,0.5037,0.4963,,True,completed
1398,car,1201.0,1797.0,596.0,,1422.161,46.0,311.0,285.0,446.973,,,0.5218,0.4782,,True,completed
1951,car,1724.0,1797.0,73.0,,750.757,0.0,0.0,73.0,2.542,,,0.0,1.0,,True,completed
1499,car,1278.0,1798.0,520.0,,1221.453,5.0,201.0,319.0,393.938,,,0.3865,0.6135,,True,completed
1001,car,986.0,,814.0,,423.392,100.0,684.0,130.0,775.894,,,0.8403,0.1597,,False,on_map_at_end
1006,car,989.0,,811.0,,415.891,100.0,674.0,137.0,773.569,,,0.8311,0.1689,,False,on_map_at_end
1007,car,990.0,,810.0,,912.135,92.0,651.0,159.0,723.677,,,0.8037,0.1963,,False,on_map_at_end
1008,car,990.0,,810.0,,1289.956,100.0,603.0,207.0,688.807,,,0.7444,0.2556,,False,on_map_at_end
1009,car,991.0,,809.0,,1209.027,94.0,597.0,212.0,694.485,,,0.7379,0.2621,,False,on_map_at_end
1011,car,991.0,,809.0,,337.318,86.0,684.0,125.0,760.704,,,0.8455,0.1545,,False,on_map_at_end
1012,car,991.0,,809.0,,367.773,100.0,696.0,113.0,747.9,,,0.8603,0.1397,,False,on_map_at_end
1013,car,991.0,,809.0,,1150.672,84.0,564.0,245.0,704.377,,,0.6972,0.3028,,False,on_map_at_end
1014,car,991.0,,809.0,,718.163,66.0,566.0,243.0,733.665,,,0.6996,0.3004,,False,on_map_at_end
1016,car,993.0,,807.0,,169.57,91.0,742.0,65.0,784.189,,,0.9195,0.0805,,False,on_map_at_end
1018,car,997.0,,803.0,,849.916,100.0,621.0,182.0,683.972,,,0.7733,0.2267,,False,on_map_at_end
1024,car,1000.0,,800.0,,327.709,88.0,682.0,118.0,755.001,,,0.8525,0.1475,,False,on_map_at_end
1025,truck,1000.0,,800.0,,1488.093,4.0,547.0,253.0,621.31,,,0.6837,0.3163,,False,on_map_at_end
1026,car,1000.0,,800.0,,1574.755,56.0,414.0,386.0,657.162,,,0.5175,0.4825,,False,on_map_at_end
1027,car,1394.0,,406.0,,964.492,0.0,304.0,102.0,319.403,,,0.7488,0.2512,,False,on_map_at_end
1028,car,1180.0,,620.0,,1164.609,97.0,378.0,242.0,496.058,,,0.6097,0.3903,,False,on_map_at_end
1029,car,1001.0,,799.0,,866.768,100.0,649.0,150.0,715.395,,,0.8123,0.1877,,False,on_map_at_end
1030,truck,1001.0,,799.0,,1119.192,100.0,570.0,229.0,664.17,,,0.7134,0.2866,,False,on_map_at_end
1038,car,1007.0,,793.0,,408.39,100.0,662.0,131.0,756.245,,,0.8348,0.1652,,False,on_map_at_end
1039,car,1695.0,,105.0,,0.0,100.0,105.0,0.0,105.0,,,1.0,0.0,,False,on_map_at_end
1040,truck,1008.0,,792.0,,1005.877,47.0,430.0,362.0,671.136,,,0.5429,0.4571,,False,on_map_at_end
1041,car,1008.0,,792.0,,859.267,100.0,642.0,150.0,707.634,,,0.8106,0.1894,,False,on_map_at_end
1042,car,1008.0,,792.0,,485.161,100.0,641.0,151.0,741.065,,,0.8093,0.1907,,False,on_map_at_end
1044,car,1009.0,,791.0,,1186.524,86.0,567.0,224.0,678.396,,,0.7168,0.2832,,False,on_map_at_end
1045,truck,1009.0,,791.0,,354.772,100.0,672.0,119.0,720.41,,,0.8496,0.1504,,False,on_map_at_end
1046,car,1010.0,,790.0,,400.888,100.0,655.0,135.0,753.92,,,0.8291,0.1709,,False,on_map_at_end
1049,car,1011.0,,789.0,,221.364,85.0,694.0,95.0,763.24,,,0.8796,0.1204,,False,on_map_at_end
1051,car,1012.0,,788.0,,679.647,100.0,641.0,147.0,726.576,,,0.8135,0.1865,,False,on_map_at_end
1052,car,1012.0,,788.0,,626.17,100.0,651.0,137.0,731.462,,,0.8261,0.1739,,False,on_map_at_end
1053,car,1013.0,,787.0,,1052.456,91.0,584.0,203.0,686.115,,,0.7421,0.2579,,False,on_map_at_end
1054,car,1014.0,,786.0,,1298.05,86.0,581.0,205.0,666.038,,,0.7392,0.2608,,False,on_map_at_end
1056,car,1015.0,,785.0,,347.271,100.0,663.0,122.0,725.745,,,0.8446,0.1554,,False,on_map_at_end
1057,car,1016.0,,784.0,,837.321,100.0,603.0,181.0,691.492,,,0.7691,0.2309,,False,on_map_at_end
1059,car,1016.0,,784.0,,842.414,100.0,607.0,177.0,670.76,,,0.7742,0.2258,,False,on_map_at_end
1069,car,1022.0,,778.0,,1267.953,38.0,332.0,446.0,648.262,,,0.4267,0.5733,,False,on_map_at_end
107,car,192.0,,1608.0,,899.824,90.0,1452.0,156.0,1526.155,,,0.903,0.097,,False,on_map_at_end
1070,truck,1023.0,,777.0,,313.243,91.0,670.0,107.0,739.315,,,0.8623,0.1377,,False,on_map_at_end
1074,car,1024.0,,776.0,,1459.858,100.0,595.0,181.0,626.133,,,0.7668,0.2332,,False,on_map_at_end
1077,car,1028.0,,772.0,,775.574,91.0,631.0,141.0,701.333,,,0.8174,0.1826,,False,on_map_at_end
1078,car,1028.0,,772.0,,1479.718,100.0,576.0,196.0,612.552,,,0.7461,0.2539,,False,on_map_at_end
1081,car,1029.0,,771.0,,431.549,100.0,636.0,135.0,727.897,,,0.8249,0.1751,,False,on_map_at_end
1084,car,1261.0,,539.0,,37.799,100.0,518.0,21.0,535.598,,,0.961,0.039,,False,on_map_at_end
1085,truck,1030.0,,770.0,,793.737,90.0,600.0,170.0,674.639,,,0.7792,0.2208,,False,on_map_at_end
1086,car,1030.0,,770.0,,339.769,100.0,653.0,117.0,711.42,,,0.8481,0.1519,,False,on_map_at_end
1087,car,1030.0,,770.0,,856.099,100.0,619.0,151.0,692.95,,,0.8039,0.1961,,False,on_map_at_end
1088,car,1032.0,,768.0,,332.268,100.0,647.0,121.0,710.096,,,0.8424,0.1576,,False,on_map_at_end
1089,car,1032.0,,768.0,,821.991,87.0,623.0,145.0,693.528,,,0.8112,0.1888,,False,on_map_at_end
1091,car,1034.0,,766.0,,564.167,81.0,629.0,137.0,667.134,,,0.8211,0.1789,,False,on_map_at_end
1092,car,1036.0,,764.0,,1444.509,100.0,414.0,350.0,633.89,,,0.5419,0.4581,,False,on_map_at_end
1093,car,1035.0,,765.0,,2484.842,15.0,228.0,537.0,457.127,,,0.298,0.702,,False,on_map_at_end
1098,car,1037.0,,763.0,,1327.193,84.0,560.0,203.0,637.839,,,0.7339,0.2661,,False,on_map_at_end
1100,truck,1304.0,,496.0,,228.9,81.0,444.0,52.0,467.919,,,0.8952,0.1048,,False,on_map_at_end
1101,car,1038.0,,762.0,,486.165,76.0,553.0,209.0,717.572,,,0.7257,0.2743,,False,on_map_at_end
1103,car,1040.0,,760.0,,2370.032,10.0,411.0,349.0,538.381,,,0.5408,0.4592,,False,on_map_at_end
1104,car,1040.0,,760.0,,393.387,100.0,625.0,135.0,724.595,,,0.8224,0.1776,,False,on_map_at_end
1109,car,1042.0,,758.0,,1111.691,100.0,538.0,220.0,656.106,,,0.7098,0.2902,,False,on_map_at_end
1111,car,1043.0,,757.0,,1024.191,79.0,544.0,213.0,652.07,,,0.7186,0.2814,,False,on_map_at_end
1112,car,1043.0,,757.0,,385.886,100.0,620.0,137.0,722.27,,,0.819,0.181,,False,on_map_at_end
1115,truck,1044.0,,756.0,,2266.148,29.0,372.0,384.0,474.298,,,0.4921,0.5079,,False,on_map_at_end
1116,car,1044.0,,756.0,,1713.147,100.0,529.0,227.0,590.193,,,0.6997,0.3003,,False,on_map_at_end
1118,car,1046.0,,754.0,,1562.439,78.0,508.0,246.0,612.094,,,0.6737,0.3263,,False,on_map_at_end
1119,car,1047.0,,753.0,,673.969,78.0,512.0,241.0,682.652,,,0.6799,0.3201,,False,on_map_at_end
1120,truck,1047.0,,753.0,,1155.234,100.0,545.0,208.0,603.746,,,0.7238,0.2762,,False,on_map_at_end
1124,car,1049.0,,751.0,,1862.338,10.0,374.0,377.0,582.478,,,0.498,0.502,,False,on_map_at_end
1125,truck,1049.0,,751.0,,1095.517,98.0,584.0,167.0,601.633,,,0.7776,0.2224,,False,on_map_at_end
1126,car,1049.0,,751.0,,2549.522,6.0,203.0,548.0,455.448,,,0.2703,0.7297,,False,on_map_at_end
1128,car,1050.0,,750.0,,471.51,96.0,661.0,89.0,690.552,,,0.8813,0.1187,,False,on_map_at_end
1130,truck,1051.0,,749.0,,1158.239,100.0,565.0,184.0,591.956,,,0.7543,0.2457,,False,on_map_at_end
1132,car,1051.0,,749.0,,1100.387,79.0,485.0,264.0,649.584,,,0.6475,0.3525,,False,on_map_at_end
1135,truck,1057.0,,743.0,,1979.153,18.0,197.0,546.0,482.278,,,0.2651,0.7349,,False,on_map_at_end
1137,car,1053.0,,747.0,,1617.569,98.0,550.0,197.0,591.417,,,0.7363,0.2637,,False,on_map_at_end
1138,car,1054.0,,746.0,,302.741,80.0,560.0,186.0,718.649,,,0.7507,0.2493,,False,on_map_at_end
1139,car,1054.0,,746.0,,172.018,100.0,691.0,55.0,726.322,,,0.9263,0.0737,,False,on_map_at_end
1142,car,1055.0,,745.0,,1664.888,100.0,472.0,273.0,592.291,,,0.6336,0.3664,,False,on_map_at_end
1143,car,1056.0,,744.0,,324.767,100.0,633.0,111.0,686.771,,,0.8508,0.1492,,False,on_map_at_end
1144,car,1056.0,,744.0,,378.385,100.0,609.0,135.0,709.945,,,0.8185,0.1815,,False,on_map_at_end
1146,car,1058.0,,742.0,,2156.168,27.0,401.0,341.0,539.139,,,0.5404,0.4596,,False,on_map_at_end
1147,car,1058.0,,742.0,,1468.738,100.0,496.0,246.0,600.96,,,0.6685,0.3315,,False,on_map_at_end
1153,car,1065.0,,735.0,,1530.719,100.0,466.0,269.0,591.229,,,0.634,0.366,,False,on_map_at_end
1155,truck,1066.0,,734.0,,1821.036,85.0,458.0,276.0,514.411,,,0.624,0.376,,False,on_map_at_end
1157,car,1067.0,,733.0,,1228.262,38.0,270.0,463.0,610.286,,,0.3683,0.6317,,False,on_map_at_end
1158,car,1067.0,,733.0,,370.884,100.0,595.0,138.0,699.62,,,0.8117,0.1883,,False,on_map_at_end
1160,truck,1068.0,,732.0,,1625.116,74.0,444.0,288.0,536.407,,,0.6066,0.3934,,False,on_map_at_end
1161,car,1069.0,,731.0,,304.308,92.0,623.0,108.0,684.978,,,0.8523,0.1477,,False,on_map_at_end
1163,car,1071.0,,729.0,,296.027,95.0,617.0,112.0,683.361,,,0.8464,0.1536,,False,on_map_at_end
1164,car,1069.0,,731.0,,819.911,100.0,534.0,197.0,600.564,,,0.7305,0.2695,,False,on_map_at_end
1167,car,1071.0,,729.0,,996.188,77.0,511.0,218.0,624.515,,,0.701,0.299,,False,on_map_at_end
1168,car,1072.0,,728.0,,2141.692,7.0,240.0,488.0,523.712,,,0.3297,0.6703,,False,on_map_at_end
1169,car,1605.0,,195.0,,22.797,100.0,180.0,15.0,192.948,,,0.9231,0.0769,,False,on_map_at_end
1170,truck,1073.0,,727.0,,562.457,100.0,591.0,136.0,659.434,,,0.8129,0.1871,,False,on_map_at_end
1172,car,1074.0,,726.0,,615.798,100.0,571.0,155.0,640.483,,,0.7865,0.2135,,False,on_map_at_end
1174,car,1075.0,,725.0,,1140.247,100.0,553.0,172.0,604.377,,,0.7628,0.2372,,False,on_map_at_end
1176,car,1076.0,,724.0,,1615.768,96.0,437.0,287.0,577.422,,,0.6036,0.3964,,False,on_map_at_end
1179,car,1078.0,,722.0,,1110.763,72.0,433.0,289.0,621.842,,,0.5997,0.4003,,False,on_map_at_end
1181,car,1080.0,,720.0,,332.809,93.0,626.0,94.0,690.047,,,0.8694,0.1306,,False,on_map_at_end
1183,car,1080.0,,720.0,,363.383,100.0,579.0,141.0,687.295,,,0.8042,0.1958,,False,on_map_at_end
1184,car,1081.0,,719.0,,461.648,98.0,636.0,83.0,666.715,,,0.8846,0.1154,,False,on_map_at_end
1185,truck,1081.0,,719.0,,393.29,79.0,526.0,193.0,670.629,,,0.7316,0.2684,,False,on_map_at_end
1187,car,1081.0,,719.0,,2290.937,95.0,419.0,300.0,503.459,,,0.5828,0.4172,,False,on_map_at_end
1188,car,1082.0,,718.0,,317.266,100.0,603.0,115.0,661.446,,,0.8398,0.1602,,False,on_map_at_end
1190,truck,1082.0,,718.0,,638.464,75.0,446.0,272.0,639.005,,,0.6212,0.3788,,False,on_map_at_end
1192,car,1083.0,,717.0,,915.899,38.0,295.0,422.0,626.593,,,0.4114,0.5886,,False,on_map_at_end
1195,truck,1086.0,,714.0,,277.158,96.0,641.0,73.0,680.728,,,0.8978,0.1022,,False,on_map_at_end
1196,car,1085.0,,715.0,,2091.895,100.0,433.0,282.0,507.742,,,0.6056,0.3944,,False,on_map_at_end
1200,truck,1089.0,,711.0,,1605.747,100.0,435.0,276.0,510.294,,,0.6118,0.3882,,False,on_map_at_end
1201,car,1089.0,,711.0,,2079.399,23.0,260.0,451.0,516.636,,,0.3657,0.6343,,False,on_map_at_end
1206,car,1092.0,,708.0,,1309.97,100.0,499.0,209.0,589.259,,,0.7048,0.2952,,False,on_map_at_end
1207,car,1093.0,,707.0,,770.591,80.0,548.0,159.0,637.327,,,0.7751,0.2249,,False,on_map_at_end
1210,truck,1095.0,,705.0,,1587.313,98.0,376.0,329.0,514.041,,,0.5333,0.4667,,False,on_map_at_end
1211,car,1095.0,,705.0,,453.457,100.0,622.0,83.0,650.335,,,0.8823,0.1177,,False,on_map_at_end
1213,car,1098.0,,702.0,,355.882,100.0,561.0,141.0,669.97,,,0.7991,0.2009,,False,on_map_at_end
1215,truck,1098.0,,702.0,,1135.271,63.0,386.0,316.0,565.474,,,0.5499,0.4501,,False,on_map_at_end
1216,car,1098.0,,702.0,,249.88,49.0,528.0,174.0,676.42,,,0.7521,0.2479,,False,on_map_at_end
1217,car,1100.0,,700.0,,1675.641,100.0,463.0,237.0,537.662,,,0.6614,0.3386,,False,on_map_at_end
1218,car,1101.0,,699.0,,504.449,100.0,563.0,136.0,653.209,,,0.8054,0.1946,,False,on_map_at_end
1222,car,1103.0,,697.0,,1276.691,82.0,511.0,186.0,576.471,,,0.7331,0.2669,,False,on_map_at_end
1223,car,1103.0,,697.0,,481.945,100.0,576.0,121.0,653.146,,,0.8264,0.1736,,False,on_map_at_end
1224,car,1104.0,,696.0,,1617.615,73.0,479.0,217.0,547.642,,,0.6882,0.3118,,False,on_map_at_end
1227,car,1105.0,,695.0,,812.41,100.0,502.0,193.0,568.113,,,0.7223,0.2777,,False,on_map_at_end
1230,truck,1107.0,,693.0,,159.017,100.0,638.0,55.0,673.91,,,0.9206,0.0794,,False,on_map_at_end
1231,car,1107.0,,693.0,,231.982,42.0,522.0,171.0,666.1,,,0.7532,0.2468,,False,on_map_at_end
1236,car,1109.0,,691.0,,1136.017,75.0,462.0,229.0,579.13,,,0.6686,0.3314,,False,on_map_at_end
1239,car,1117.0,,683.0,,1199.253,48.0,266.0,417.0,567.769,,,0.3895,0.6105,,False,on_map_at_end
1241,car,1111.0,,689.0,,1350.957,100.0,498.0,191.0,549.413,,,0.7228,0.2772,,False,on_map_at_end
1242,car,1111.0,,689.0,,637.369,100.0,584.0,105.0,631.636,,,0.8476,0.1524,,False,on_map_at_end
1243,car,1114.0,,686.0,,1036.879,61.0,381.0,305.0,591.968,,,0.5554,0.4446,,False,on_map_at_end
1244,car,1112.0,,688.0,,580.293,100.0,570.0,118.0,622.503,,,0.8285,0.1715,,False,on_map_at_end
1245,truck,1123.0,,677.0,,1081.049,100.0,500.0,177.0,546.519,,,0.7386,0.2614,,False,on_map_at_end
1246,car,1112.0,,688.0,,1575.648,100.0,483.0,205.0,544.126,,,0.702,0.298,,False,on_map_at_end
1248,car,1115.0,,685.0,,804.909,100.0,477.0,208.0,541.591,,,0.6964,0.3036,,False,on_map_at_end
1249,car,1115.0,,685.0,,411.966,77.0,476.0,209.0,646.454,,,0.6949,0.3051,,False,on_map_at_end
1250,truck,1115.0,,685.0,,133.419,97.0,629.0,56.0,668.983,,,0.9182,0.0818,,False,on_map_at_end
1252,car,1116.0,,684.0,,151.515,100.0,626.0,58.0,664.084,,,0.9152,0.0848,,False,on_map_at_end
1253,car,1117.0,,683.0,,1579.314,100.0,355.0,328.0,540.519,,,0.5198,0.4802,,False,on_map_at_end
1254,car,1117.0,,683.0,,688.993,87.0,544.0,139.0,620.553,,,0.7965,0.2035,,False,on_map_at_end
1258,car,1120.0,,680.0,,386.513,100.0,592.0,88.0,641.1,,,0.8706,0.1294,,False,on_map_at_end
1259,car,1120.0,,680.0,,1675.89,100.0,436.0,244.0,516.282,,,0.6412,0.3588,,False,on_map_at_end
1260,truck,1121.0,,679.0,,807.874,100.0,536.0,143.0,578.118,,,0.7894,0.2106,,False,on_map_at_end
1262,car,1122.0,,678.0,,1567.154,88.0,481.0,197.0,534.48,,,0.7094,0.2906,,False,on_map_at_end
1263,car,1122.0,,678.0,,348.381,100.0,538.0,140.0,646.645,,,0.7935,0.2065,,False,on_map_at_end
1264,car,1123.0,,677.0,,461.443,100.0,570.0,107.0,634.928,,,0.8419,0.1581,,False,on_map_at_end
1266,car,1127.0,,673.0,,1190.032,47.0,236.0,437.0,550.991,,,0.3507,0.6493,,False,on_map_at_end
1267,car,1124.0,,676.0,,1571.754,100.0,338.0,338.0,533.772,,,0.5,0.5,,False,on_map_at_end
1268,car,1124.0,,676.0,,1112.243,100.0,507.0,169.0,557.897,,,0.75,0.25,,False,on_map_at_end
1269,car,1124.0,,676.0,,2144.017,100.0,408.0,268.0,478.738,,,0.6036,0.3964,,False,on_map_at_end
1270,truck,1125.0,,675.0,,335.379,100.0,525.0,150.0,634.738,,,0.7778,0.2222,,False,on_map_at_end
1271,car,1125.0,,675.0,,1155.612,38.0,335.0,340.0,562.122,,,0.4963,0.5037,,False,on_map_at_end
1273,car,1127.0,,673.0,,193.605,53.0,515.0,158.0,650.467,,,0.7652,0.2348,,False,on_map_at_end
1274,car,1129.0,,671.0,,309.765,100.0,556.0,115.0,615.121,,,0.8286,0.1714,,False,on_map_at_end
1277,car,1131.0,,669.0,,866.209,100.0,471.0,198.0,577.387,,,0.704,0.296,,False,on_map_at_end
1278,car,1131.0,,669.0,,404.465,77.0,457.0,212.0,631.978,,,0.6831,0.3169,,False,on_map_at_end
1279,car,1132.0,,668.0,,986.464,13.0,259.0,409.0,575.374,,,0.3877,0.6123,,False,on_map_at_end
1280,truck,1132.0,,668.0,,1210.578,96.0,485.0,183.0,519.425,,,0.726,0.274,,False,on_map_at_end
1281,car,1133.0,,667.0,,327.878,100.0,520.0,147.0,637.491,,,0.7796,0.2204,,False,on_map_at_end
1283,car,1133.0,,667.0,,291.466,100.0,572.0,95.0,640.768,,,0.8576,0.1424,,False,on_map_at_end
1284,car,1133.0,,667.0,,399.452,100.0,569.0,98.0,623.782,,,0.8531,0.1469,,False,on_map_at_end
1285,truck,1134.0,,666.0,,1174.425,47.0,262.0,404.0,524.234,,,0.3934,0.6066,,False,on_map_at_end
1286,car,1134.0,,666.0,,1358.459,100.0,480.0,186.0,525.738,,,0.7207,0.2793,,False,on_map_at_end
1287,car,1136.0,,664.0,,422.568,100.0,584.0,80.0,625.662,,,0.8795,0.1205,,False,on_map_at_end
1289,car,1139.0,,661.0,,2102.676,11.0,345.0,316.0,449.763,,,0.5219,0.4781,,False,on_map_at_end
1290,truck,1139.0,,661.0,,1159.286,48.0,230.0,431.0,521.239,,,0.348,0.652,,False,on_map_at_end
1294,car,1141.0,,659.0,,586.862,100.0,527.0,132.0,606.182,,,0.7997,0.2003,,False,on_map_at_end
1295,truck,1141.0,,659.0,,1290.452,89.0,422.0,237.0,503.643,,,0.6404,0.3596,,False,on_map_at_end
1297,car,1182.0,,618.0,,459.889,100.0,550.0,68.0,573.242,,,0.89,0.11,,False,on_map_at_end
1299,car,1144.0,,656.0,,944.859,100.0,472.0,184.0,570.725,,,0.7195,0.2805,,False,on_map_at_end
1300,truck,1144.0,,656.0,,1337.956,100.0,434.0,222.0,477.381,,,0.6616,0.3384,,False,on_map_at_end
1301,car,1145.0,,655.0,,320.377,100.0,510.0,145.0,626.166,,,0.7786,0.2214,,False,on_map_at_end
1302,car,1145.0,,655.0,,144.014,100.0,595.0,60.0,634.603,,,0.9084,0.0916,,False,on_map_at_end
1303,car,1145.0,,655.0,,607.196,100.0,551.0,104.0,600.352,,,0.8412,0.1588,,False,on_map_at_end
1304,car,1146.0,,654.0,,444.959,100.0,561.0,93.0,613.953,,,0.8578,0.1422,,False,on_map_at_end
1305,truck,1146.0,,654.0,,793.757,100.0,493.0,161.0,557.763,,,0.7538,0.2462,,False,on_map_at_end
1306,car,1151.0,,649.0,,1686.969,27.0,363.0,286.0,488.196,,,0.5593,0.4407,,False,on_map_at_end
1309,car,1146.0,,654.0,,1750.11,3.0,195.0,459.0,494.685,,,0.2982,0.7018,,False,on_map_at_end
1310,truck,1147.0,,653.0,,816.959,100.0,496.0,157.0,554.37,,,0.7596,0.2404,,False,on_map_at_end
1312,car,1147.0,,653.0,,1084.24,100.0,486.0,167.0,537.417,,,0.7443,0.2557,,False,on_map_at_end
1313,car,1147.0,,653.0,,312.876,100.0,506.0,147.0,624.841,,,0.7749,0.2251,,False,on_map_at_end
1314,car,1149.0,,651.0,,1564.253,100.0,303.0,348.0,509.468,,,0.4654,0.5346,,False,on_map_at_end
1315,truck,1149.0,,651.0,,299.875,100.0,493.0,158.0,615.001,,,0.7573,0.2427,,False,on_map_at_end
1317,car,1150.0,,650.0,,248.46,100.0,540.0,110.0,627.638,,,0.8308,0.1692,,False,on_map_at_end
1318,car,1150.0,,650.0,,251.593,100.0,555.0,95.0,627.356,,,0.8538,0.1462,,False,on_map_at_end
1320,truck,1152.0,,648.0,,286.874,100.0,497.0,151.0,613.561,,,0.767,0.233,,False,on_map_at_end
1322,car,1155.0,,645.0,,279.373,100.0,493.0,152.0,619.856,,,0.7643,0.2357,,False,on_map_at_end
1324,car,1152.0,,648.0,,803.997,3.0,292.0,356.0,571.335,,,0.4506,0.5494,,False,on_map_at_end
1327,car,1155.0,,645.0,,2011.747,86.0,400.0,245.0,458.847,,,0.6202,0.3798,,False,on_map_at_end
1328,car,1156.0,,644.0,,786.256,100.0,485.0,159.0,568.705,,,0.7531,0.2469,,False,on_map_at_end
1329,car,1156.0,,644.0,,529.592,84.0,527.0,117.0,590.5,,,0.8183,0.1817,,False,on_map_at_end
1330,truck,1156.0,,644.0,,431.958,100.0,549.0,95.0,592.144,,,0.8525,0.1475,,False,on_map_at_end
1331,car,1156.0,,644.0,,595.298,100.0,510.0,134.0,589.103,,,0.7919,0.2081,,False,on_map_at_end
1332,car,1156.0,,644.0,,302.264,100.0,547.0,97.0,598.796,,,0.8494,0.1506,,False,on_map_at_end
1333,car,1158.0,,642.0,,1481.169,51.0,374.0,268.0,488.074,,,0.5826,0.4174,,False,on_map_at_end
1335,truck,1475.0,,325.0,,505.987,100.0,233.0,92.0,264.063,,,0.7169,0.2831,,False,on_map_at_end
1336,car,1160.0,,640.0,,294.763,100.0,541.0,99.0,595.471,,,0.8453,0.1547,,False,on_map_at_end
1339,car,1161.0,,639.0,,1954.044,0.0,216.0,423.0,419.181,,,0.338,0.662,,False,on_map_at_end
1340,truck,1161.0,,639.0,,1435.716,97.0,392.0,247.0,463.815,,,0.6135,0.3865,,False,on_map_at_end
1341,car,1161.0,,639.0,,1533.236,100.0,418.0,221.0,479.1,,,0.6541,0.3459,,False,on_map_at_end
1344,car,1163.0,,637.0,,307.38,94.0,562.0,75.0,602.462,,,0.8823,0.1177,,False,on_map_at_end
1345,truck,1164.0,,636.0,,1463.23,48.0,323.0,313.0,449.826,,,0.5079,0.4921,,False,on_map_at_end
1346,car,1164.0,,636.0,,1839.593,43.0,290.0,346.0,455.338,,,0.456,0.544,,False,on_map_at_end
1347,car,1165.0,,635.0,,1517.985,100.0,404.0,231.0,477.849,,,0.6362,0.3638,,False,on_map_at_end
1349,car,1166.0,,634.0,,1684.535,22.0,341.0,293.0,470.661,,,0.5379,0.4621,,False,on_map_at_end
1354,car,1169.0,,631.0,,287.261,100.0,537.0,94.0,587.146,,,0.851,0.149,,False,on_map_at_end
1355,truck,1173.0,,627.0,,773.255,100.0,459.0,168.0,533.526,,,0.7321,0.2679,,False,on_map_at_end
1356,car,1173.0,,627.0,,249.382,98.0,571.0,56.0,594.652,,,0.9107,0.0893,,False,on_map_at_end
1357,car,1175.0,,625.0,,1553.144,100.0,424.0,201.0,483.839,,,0.6784,0.3216,,False,on_map_at_end
1359,car,1177.0,,623.0,,2058.948,5.0,214.0,409.0,399.519,,,0.3435,0.6565,,False,on_map_at_end
1360,truck,1177.0,,623.0,,235.919,100.0,565.0,58.0,593.802,,,0.9069,0.0931,,False,on_map_at_end
1361,car,1177.0,,623.0,,1571.748,97.0,352.0,271.0,466.053,,,0.565,0.435,,False,on_map_at_end
1363,car,1178.0,,622.0,,271.871,100.0,488.0,134.0,597.531,,,0.7846,0.2154,,False,on_map_at_end
1365,truck,1182.0,,618.0,,694.407,85.0,478.0,140.0,534.638,,,0.7735,0.2265,,False,on_map_at_end
1367,car,1181.0,,619.0,,821.202,100.0,422.0,197.0,535.858,,,0.6817,0.3183,,False,on_map_at_end
1370,truck,1183.0,,617.0,,674.286,87.0,479.0,138.0,536.053,,,0.7763,0.2237,,False,on_map_at_end
1371,car,1184.0,,616.0,,501.588,81.0,505.0,111.0,563.995,,,0.8198,0.1802,,False,on_map_at_end
1374,car,1186.0,,614.0,,752.426,50.0,360.0,254.0,519.757,,,0.5863,0.4137,,False,on_map_at_end
1375,truck,1186.0,,614.0,,274.26,100.0,515.0,99.0,572.076,,,0.8388,0.1612,,False,on_map_at_end
1377,car,1188.0,,612.0,,1454.963,100.0,411.0,201.0,468.081,,,0.6716,0.3284,,False,on_map_at_end
1378,car,1188.0,,612.0,,1322.954,100.0,420.0,192.0,474.933,,,0.6863,0.3137,,False,on_map_at_end
1379,car,1189.0,,611.0,,1255.13,74.0,402.0,209.0,433.252,,,0.6579,0.3421,,False,on_map_at_end
1380,truck,1190.0,,610.0,,118.079,100.0,484.0,126.0,595.64,,,0.7934,0.2066,,False,on_map_at_end
1382,car,1190.0,,610.0,,140.477,82.0,474.0,136.0,590.024,,,0.777,0.223,,False,on_map_at_end
1383,car,1190.0,,610.0,,54.273,91.0,546.0,64.0,605.115,,,0.8951,0.1049,,False,on_map_at_end
1384,car,1191.0,,609.0,,799.286,100.0,455.0,154.0,533.585,,,0.7471,0.2529,,False,on_map_at_end
1385,truck,1193.0,,607.0,,105.078,100.0,461.0,146.0,594.378,,,0.7595,0.2405,,False,on_map_at_end
1386,car,1191.0,,609.0,,335.282,67.0,403.0,206.0,572.984,,,0.6617,0.3383,,False,on_map_at_end
1387,car,1191.0,,609.0,,2121.915,100.0,269.0,340.0,416.047,,,0.4417,0.5583,,False,on_map_at_end
1389,car,1191.0,,609.0,,266.759,100.0,509.0,100.0,584.991,,,0.8358,0.1642,,False,on_map_at_end
1391,car,1194.0,,606.0,,1094.538,100.0,466.0,140.0,501.411,,,0.769,0.231,,False,on_map_at_end
1392,car,1198.0,,602.0,,97.577,100.0,453.0,149.0,591.061,,,0.7525,0.2475,,False,on_map_at_end
1393,car,1195.0,,605.0,,1823.698,13.0,206.0,399.0,400.003,,,0.3405,0.6595,,False,on_map_at_end
1400,truck,1201.0,,599.0,,258.87,100.0,483.0,116.0,567.923,,,0.8063,0.1937,,False,on_map_at_end
1401,car,1202.0,,598.0,,1090.264,46.0,335.0,263.0,499.048,,,0.5602,0.4398,,False,on_map_at_end
1403,car,1203.0,,597.0,,1796.442,9.0,187.0,410.0,393.847,,,0.3132,0.6868,,False,on_map_at_end
1404,car,1203.0,,597.0,,765.754,100.0,453.0,144.0,520.701,,,0.7588,0.2412,,False,on_map_at_end
1405,truck,1204.0,,596.0,,1116.674,21.0,199.0,397.0,461.429,,,0.3339,0.6661,,False,on_map_at_end
1407,car,1205.0,,595.0,,241.279,100.0,531.0,64.0,569.543,,,0.8924,0.1076,,False,on_map_at_end
1408,car,1207.0,,593.0,,850.659,44.0,317.0,276.0,499.132,,,0.5346,0.4654,,False,on_map_at_end
1409,car,1208.0,,592.0,,728.542,86.0,453.0,139.0,522.693,,,0.7652,0.2348,,False,on_map_at_end
1411,car,1209.0,,591.0,,348.458,58.0,376.0,215.0,559.15,,,0.6362,0.3638,,False,on_map_at_end
1412,car,1210.0,,590.0,,843.149,36.0,319.0,271.0,505.857,,,0.5407,0.4593,,False,on_map_at_end
1415,truck,1213.0,,587.0,,1477.359,43.0,266.0,321.0,409.161,,,0.4532,0.5468,,False,on_map_at_end
1417,car,1213.0,,587.0,,2045.384,49.0,269.0,318.0,394.51,,,0.4583,0.5417,,False,on_map_at_end
1419,car,1255.0,,545.0,,1414.854,100.0,363.0,182.0,416.831,,,0.6661,0.3339,,False,on_map_at_end
1420,truck,1258.0,,542.0,,1882.883,100.0,244.0,298.0,315.792,,,0.4502,0.5498,,False,on_map_at_end
1421,car,1214.0,,586.0,,251.369,100.0,480.0,106.0,563.377,,,0.8191,0.1809,,False,on_map_at_end
1422,car,1214.0,,586.0,,1777.793,10.0,208.0,378.0,424.64,,,0.3549,0.6451,,False,on_map_at_end
1423,car,1215.0,,585.0,,1695.026,10.0,164.0,421.0,381.196,,,0.2803,0.7197,,False,on_map_at_end
1424,car,1215.0,,585.0,,1110.476,1.0,208.0,377.0,470.481,,,0.3556,0.6444,,False,on_map_at_end
1425,truck,1216.0,,584.0,,238.368,100.0,472.0,112.0,555.384,,,0.8082,0.1918,,False,on_map_at_end
1426,car,1215.0,,585.0,,1433.316,53.0,301.0,284.0,446.58,,,0.5145,0.4855,,False,on_map_at_end
1428,car,1218.0,,582.0,,196.227,55.0,381.0,201.0,564.002,,,0.6546,0.3454,,False,on_map_at_end
1429,car,1218.0,,582.0,,230.867,100.0,475.0,107.0,561.222,,,0.8162,0.1838,,False,on_map_at_end
1431,car,1219.0,,581.0,,1436.899,68.0,286.0,295.0,442.472,,,0.4923,0.5077,,False,on_map_at_end
1432,car,1219.0,,581.0,,385.678,100.0,500.0,81.0,545.403,,,0.8606,0.1394,,False,on_map_at_end
1433,car,1219.0,,581.0,,1338.772,20.0,264.0,317.0,448.346,,,0.4544,0.5456,,False,on_map_at_end
1436,car,1220.0,,580.0,,572.955,50.0,353.0,227.0,525.464,,,0.6086,0.3914,,False,on_map_at_end
1437,car,1221.0,,579.0,,2082.292,88.0,312.0,267.0,382.704,,,0.5389,0.4611,,False,on_map_at_end
1439,car,1221.0,,579.0,,225.956,100.0,487.0,92.0,558.664,,,0.8411,0.1589,,False,on_map_at_end
1440,truck,1222.0,,578.0,,84.575,100.0,428.0,150.0,567.847,,,0.7405,0.2595,,False,on_map_at_end
1441,car,1276.0,,524.0,,1870.382,100.0,230.0,294.0,355.459,,,0.4389,0.5611,,False,on_map_at_end
1442,car,1224.0,,576.0,,1095.916,7.0,204.0,372.0,471.775,,,0.3542,0.6458,,False,on_map_at_end
1444,car,1225.0,,575.0,,1467.982,43.0,292.0,283.0,442.397,,,0.5078,0.4922,,False,on_map_at_end
1446,car,1227.0,,573.0,,1224.103,3.0,191.0,382.0,452.708,,,0.3333,0.6667,,False,on_map_at_end
1452,car,1232.0,,568.0,,844.303,32.0,257.0,311.0,491.352,,,0.4525,0.5475,,False,on_map_at_end
1453,car,1232.0,,568.0,,1423.028,59.0,271.0,297.0,430.465,,,0.4771,0.5229,,False,on_map_at_end
1454,car,1233.0,,567.0,,1315.453,100.0,377.0,190.0,430.608,,,0.6649,0.3351,,False,on_map_at_end
1455,truck,1233.0,,567.0,,253.758,100.0,465.0,102.0,536.537,,,0.8201,0.1799,,False,on_map_at_end
1456,car,1234.0,,566.0,,2072.686,90.0,309.0,257.0,363.166,,,0.5459,0.4541,,False,on_map_at_end
1458,car,1236.0,,564.0,,591.981,90.0,449.0,115.0,509.85,,,0.7961,0.2039,,False,on_map_at_end
1459,car,1238.0,,562.0,,77.074,100.0,412.0,150.0,553.364,,,0.7331,0.2669,,False,on_map_at_end
1463,car,1239.0,,561.0,,246.257,100.0,462.0,99.0,538.837,,,0.8235,0.1765,,False,on_map_at_end
1464,car,1240.0,,560.0,,238.756,100.0,456.0,104.0,538.512,,,0.8143,0.1857,,False,on_map_at_end
1468,car,1243.0,,557.0,,744.871,30.0,284.0,273.0,481.961,,,0.5099,0.4901,,False,on_map_at_end
1469,car,1245.0,,555.0,,1488.847,57.0,254.0,301.0,411.672,,,0.4577,0.5423,,False,on_map_at_end
1470,truck,1249.0,,551.0,,1023.036,57.0,324.0,227.0,427.187,,,0.588,0.412,,False,on_map_at_end
1471,car,1249.0,,551.0,,980.37,37.0,271.0,280.0,461.921,,,0.4918,0.5082,,False,on_map_at_end
1472,car,1249.0,,551.0,,103.264,100.0,518.0,33.0,539.702,,,0.9401,0.0599,,False,on_map_at_end
1473,car,1251.0,,549.0,,1748.014,9.0,158.0,391.0,390.895,,,0.2878,0.7122,,False,on_map_at_end
1474,car,1251.0,,549.0,,1629.346,15.0,126.0,423.0,364.123,,,0.2295,0.7705,,False,on_map_at_end
1477,car,1255.0,,545.0,,998.418,6.0,242.0,303.0,444.532,,,0.444,0.556,,False,on_map_at_end
1478,car,1256.0,,544.0,,629.359,74.0,423.0,121.0,487.357,,,0.7776,0.2224,,False,on_map_at_end
1479,car,1256.0,,544.0,,735.901,100.0,355.0,189.0,436.405,,,0.6526,0.3474,,False,on_map_at_end
1482,car,1265.0,,535.0,,776.782,100.0,402.0,133.0,463.606,,,0.7514,0.2486,,False,on_map_at_end
1483,car,1264.0,,536.0,,807.317,100.0,380.0,156.0,443.226,,,0.709,0.291,,False,on_map_at_end
1484,car,1264.0,,536.0,,1465.901,97.0,352.0,184.0,403.13,,,0.6567,0.3433,,False,on_map_at_end
1486,car,1265.0,,535.0,,644.362,84.0,446.0,89.0,477.007,,,0.8336,0.1664,,False,on_map_at_end
1487,car,1266.0,,534.0,,231.255,100.0,452.0,82.0,513.187,,,0.8464,0.1536,,False,on_map_at_end
1489,car,1267.0,,533.0,,793.766,41.0,279.0,254.0,461.183,,,0.5235,0.4765,,False,on_map_at_end
1490,truck,1268.0,,532.0,,786.738,41.0,270.0,262.0,437.083,,,0.5075,0.4925,,False,on_map_at_end
1491,car,1269.0,,531.0,,223.753,100.0,452.0,79.0,510.862,,,0.8512,0.1488,,False,on_map_at_end
1492,car,1269.0,,531.0,,1270.051,25.0,301.0,230.0,320.598,,,0.5669,0.4331,,False,on_map_at_end
1494,car,1272.0,,528.0,,920.056,48.0,301.0,227.0,434.362,,,0.5701,0.4299,,False,on_map_at_end
1497,car,1275.0,,525.0,,207.882,100.0,471.0,54.0,501.049,,,0.8971,0.1029,,False,on_map_at_end
1498,car,1288.0,,512.0,,1375.878,100.0,311.0,201.0,386.194,,,0.6074,0.3926,,False,on_map_at_end
150,truck,277.0,,1523.0,,541.891,90.0,1379.0,144.0,1457.766,,,0.9054,0.0946,,False,on_map_at_end
1500,truck,1280.0,,520.0,,893.76,54.0,288.0,232.0,403.374,,,0.5538,0.4462,,False,on_map_at_end
1502,car,1282.0,,518.0,,902.037,44.0,294.0,224.0,426.561,,,0.5676,0.4324,,False,on_map_at_end
1503,car,1282.0,,518.0,,136.513,100.0,463.0,55.0,503.188,,,0.8938,0.1062,,False,on_map_at_end
1504,car,1284.0,,516.0,,1989.378,36.0,188.0,328.0,334.246,,,0.3643,0.6357,,False,on_map_at_end
1507,car,1284.0,,516.0,,1686.438,11.0,147.0,369.0,362.712,,,0.2849,0.7151,,False,on_map_at_end
1509,car,1287.0,,513.0,,1387.453,100.0,331.0,182.0,386.249,,,0.6452,0.3548,,False,on_map_at_end
1510,truck,1287.0,,513.0,,90.263,100.0,477.0,36.0,502.164,,,0.9298,0.0702,,False,on_map_at_end
1511,car,1289.0,,511.0,,1697.971,40.0,231.0,280.0,357.26,,,0.4521,0.5479,,False,on_map_at_end
1512,car,1289.0,,511.0,,1363.479,100.0,322.0,189.0,386.857,,,0.6301,0.3699,,False,on_map_at_end
1513,car,1290.0,,510.0,,745.252,100.0,363.0,147.0,439.909,,,0.7118,0.2882,,False,on_map_at_end
1514,car,1291.0,,509.0,,223.366,100.0,407.0,102.0,488.897,,,0.7996,0.2004,,False,on_map_at_end
1515,truck,1291.0,,509.0,,1059.033,100.0,341.0,168.0,372.605,,,0.6699,0.3301,,False,on_map_at_end
1516,car,1480.0,,320.0,,498.485,100.0,213.0,107.0,254.892,,,0.6656,0.3344,,False,on_map_at_end
1517,car,1291.0,,509.0,,550.45,40.0,300.0,209.0,448.635,,,0.5894,0.4106,,False,on_map_at_end
1518,car,1293.0,,507.0,,720.898,100.0,329.0,178.0,402.679,,,0.6489,0.3511,,False,on_map_at_end
1520,truck,1296.0,,504.0,,498.416,84.0,400.0,104.0,443.988,,,0.7937,0.2063,,False,on_map_at_end
1521,car,1297.0,,503.0,,149.46,88.0,454.0,49.0,489.549,,,0.9026,0.0974,,False,on_map_at_end
1522,car,1300.0,,500.0,,200.381,100.0,450.0,50.0,479.256,,,0.9,0.1,,False,on_map_at_end
1523,car,1300.0,,500.0,,69.573,100.0,402.0,98.0,492.582,,,0.804,0.196,,False,on_map_at_end
1524,car,1301.0,,499.0,,1255.444,93.0,310.0,189.0,386.009,,,0.6212,0.3788,,False,on_map_at_end
1526,car,1301.0,,499.0,,1571.404,100.0,284.0,215.0,355.355,,,0.5691,0.4309,,False,on_map_at_end
1529,car,1306.0,,494.0,,242.971,79.0,428.0,66.0,472.132,,,0.8664,0.1336,,False,on_map_at_end
153,car,290.0,,1510.0,,922.308,88.0,1333.0,177.0,1425.27,,,0.8828,0.1172,,False,on_map_at_end
1530,truck,1307.0,,493.0,,1342.977,100.0,282.0,211.0,331.482,,,0.572,0.428,,False,on_map_at_end
1531,car,1308.0,,492.0,,215.865,100.0,391.0,101.0,472.572,,,0.7947,0.2053,,False,on_map_at_end
1532,car,1309.0,,491.0,,1462.074,99.0,304.0,187.0,358.569,,,0.6191,0.3809,,False,on_map_at_end
1536,car,1311.0,,489.0,,62.072,100.0,394.0,95.0,482.083,,,0.8057,0.1943,,False,on_map_at_end
1540,truck,1316.0,,484.0,,210.752,100.0,424.0,60.0,458.7,,,0.876,0.124,,False,on_map_at_end
1542,car,1317.0,,483.0,,298.219,92.0,395.0,88.0,449.093,,,0.8178,0.1822,,False,on_map_at_end
1543,car,1318.0,,482.0,,424.457,100.0,416.0,66.0,443.799,,,0.8631,0.1369,,False,on_map_at_end
1545,truck,1319.0,,481.0,,197.751,100.0,420.0,61.0,457.26,,,0.8732,0.1268,,False,on_map_at_end
1547,car,1321.0,,479.0,,208.363,100.0,381.0,98.0,460.247,,,0.7954,0.2046,,False,on_map_at_end
1548,car,1322.0,,478.0,,190.25,100.0,415.0,63.0,460.877,,,0.8682,0.1318,,False,on_map_at_end
1549,car,1322.0,,478.0,,1180.082,100.0,321.0,157.0,370.295,,,0.6715,0.3285,,False,on_map_at_end
1550,truck,1323.0,,477.0,,934.029,100.0,333.0,144.0,364.032,,,0.6981,0.3019,,False,on_map_at_end
1551,car,1323.0,,477.0,,192.88,100.0,424.0,53.0,452.852,,,0.8889,0.1111,,False,on_map_at_end
1553,car,1324.0,,476.0,,905.634,39.0,210.0,266.0,393.521,,,0.4412,0.5588,,False,on_map_at_end
1555,truck,1327.0,,473.0,,1558.403,100.0,237.0,236.0,284.734,,,0.5011,0.4989,,False,on_map_at_end
1558,car,1329.0,,471.0,,200.862,100.0,380.0,91.0,452.922,,,0.8068,0.1932,,False,on_map_at_end
1559,car,1329.0,,471.0,,1452.469,39.0,206.0,265.0,339.539,,,0.4374,0.5626,,False,on_map_at_end
1560,truck,1330.0,,470.0,,322.943,100.0,361.0,109.0,429.396,,,0.7681,0.2319,,False,on_map_at_end
1561,car,1330.0,,470.0,,681.697,100.0,389.0,81.0,408.647,,,0.8277,0.1723,,False,on_map_at_end
1562,car,1332.0,,468.0,,2078.049,100.0,210.0,258.0,262.735,,,0.4487,0.5513,,False,on_map_at_end
1564,car,1334.0,,466.0,,1001.362,100.0,313.0,153.0,357.704,,,0.6717,0.3283,,False,on_map_at_end
1565,truck,1335.0,,465.0,,2068.877,19.0,186.0,279.0,216.635,,,0.4,0.6,,False,on_map_at_end
1566,car,1335.0,,465.0,,815.032,13.0,158.0,307.0,382.294,,,0.3398,0.6602,,False,on_map_at_end
1567,car,1336.0,,464.0,,339.013,83.0,379.0,85.0,426.999,,,0.8168,0.1832,,False,on_map_at_end
1569,car,1337.0,,463.0,,659.231,43.0,262.0,201.0,389.556,,,0.5659,0.4341,,False,on_map_at_end
1571,car,1340.0,,460.0,,2144.12,94.0,180.0,280.0,256.735,,,0.3913,0.6087,,False,on_map_at_end
1572,car,1342.0,,458.0,,1426.156,100.0,282.0,176.0,329.222,,,0.6157,0.3843,,False,on_map_at_end
1573,car,1343.0,,457.0,,92.244,100.0,433.0,24.0,430.698,,,0.9475,0.0525,,False,on_map_at_end
1575,truck,1344.0,,456.0,,187.861,100.0,374.0,82.0,433.448,,,0.8202,0.1798,,False,on_map_at_end
1577,car,1347.0,,453.0,,1609.422,24.0,111.0,342.0,305.141,,,0.245,0.755,,False,on_map_at_end
1578,car,1348.0,,452.0,,387.449,98.0,369.0,83.0,363.62,,,0.8164,0.1836,,False,on_map_at_end
1581,car,1349.0,,451.0,,416.955,100.0,384.0,67.0,413.474,,,0.8514,0.1486,,False,on_map_at_end
1583,car,1350.0,,450.0,,790.931,15.0,136.0,314.0,372.17,,,0.3022,0.6978,,False,on_map_at_end
1584,car,1351.0,,449.0,,1314.964,71.0,251.0,198.0,328.125,,,0.559,0.441,,False,on_map_at_end
1585,truck,1351.0,,449.0,,177.249,100.0,396.0,53.0,427.722,,,0.882,0.118,,False,on_map_at_end
1587,car,1352.0,,448.0,,432.097,100.0,380.0,68.0,408.857,,,0.8482,0.1518,,False,on_map_at_end
1589,car,1353.0,,447.0,,1561.562,96.0,250.0,197.0,306.458,,,0.5593,0.4407,,False,on_map_at_end
1590,truck,1354.0,,446.0,,49.071,100.0,349.0,97.0,440.109,,,0.7825,0.2175,,False,on_map_at_end
1591,car,1356.0,,444.0,,41.57,100.0,343.0,101.0,439.307,,,0.7725,0.2275,,False,on_map_at_end
1592,car,1355.0,,445.0,,180.36,100.0,368.0,77.0,428.767,,,0.827,0.173,,False,on_map_at_end
1593,car,1356.0,,444.0,,233.89,100.0,344.0,100.0,415.667,,,0.7748,0.2252,,False,on_map_at_end
1595,truck,1358.0,,442.0,,290.446,35.0,276.0,166.0,406.984,,,0.6244,0.3756,,False,on_map_at_end
1596,car,1362.0,,438.0,,2084.877,16.0,188.0,250.0,250.098,,,0.4292,0.5708,,False,on_map_at_end
1598,car,1365.0,,435.0,,1472.711,100.0,224.0,211.0,297.501,,,0.5149,0.4851,,False,on_map_at_end
1599,car,1365.0,,435.0,,452.388,100.0,364.0,71.0,387.894,,,0.8368,0.1632,,False,on_map_at_end
1600,truck,1366.0,,434.0,,647.359,77.0,315.0,119.0,355.582,,,0.7258,0.2742,,False,on_map_at_end
1601,car,1366.0,,434.0,,409.454,100.0,369.0,65.0,397.149,,,0.8502,0.1498,,False,on_map_at_end
1602,car,1367.0,,433.0,,172.859,100.0,360.0,73.0,417.443,,,0.8314,0.1686,,False,on_map_at_end
1604,car,1368.0,,432.0,,169.748,100.0,384.0,48.0,416.723,,,0.8889,0.1111,,False,on_map_at_end
1605,truck,1369.0,,431.0,,179.879,100.0,394.0,37.0,409.365,,,0.9142,0.0858,,False,on_map_at_end
1606,car,1369.0,,431.0,,1277.947,99.0,256.0,175.0,315.984,,,0.594,0.406,,False,on_map_at_end
1607,car,1371.0,,429.0,,162.246,100.0,381.0,48.0,414.398,,,0.8881,0.1119,,False,on_map_at_end
1608,car,1371.0,,429.0,,1070.123,98.0,293.0,136.0,326.145,,,0.683,0.317,,False,on_map_at_end
1609,car,1371.0,,429.0,,1337.016,28.0,161.0,268.0,308.017,,,0.3753,0.6247,,False,on_map_at_end
1611,car,1372.0,,428.0,,401.953,100.0,361.0,67.0,391.824,,,0.8435,0.1565,,False,on_map_at_end
1613,car,1373.0,,427.0,,1047.236,27.0,195.0,232.0,331.72,,,0.4567,0.5433,,False,on_map_at_end
1615,truck,1376.0,,424.0,,442.862,100.0,351.0,73.0,369.213,,,0.8278,0.1722,,False,on_map_at_end
1617,car,1380.0,,420.0,,1079.359,100.0,273.0,147.0,322.085,,,0.65,0.35,,False,on_map_at_end
1618,car,1381.0,,419.0,,1086.017,100.0,260.0,159.0,310.634,,,0.6205,0.3795,,False,on_map_at_end
1619,car,1381.0,,419.0,,1210.95,66.0,226.0,193.0,301.262,,,0.5394,0.4606,,False,on_map_at_end
1620,truck,1381.0,,419.0,,2242.431,93.0,99.0,320.0,149.361,,,0.2363,0.7637,,False,on_map_at_end
1621,car,1382.0,,418.0,,503.688,100.0,319.0,99.0,339.034,,,0.7632,0.2368,,False,on_map_at_end
1623,car,1385.0,,415.0,,1041.933,86.0,260.0,155.0,309.082,,,0.6265,0.3735,,False,on_map_at_end
1625,truck,1383.0,,417.0,,729.032,43.0,223.0,194.0,329.481,,,0.5348,0.4652,,False,on_map_at_end
1626,car,1384.0,,416.0,,155.249,100.0,382.0,34.0,397.297,,,0.9183,0.0817,,False,on_map_at_end
1627,car,1387.0,,413.0,,1572.31,24.0,50.0,363.0,242.49,,,0.1211,0.8789,,False,on_map_at_end
1628,car,1388.0,,412.0,,1391.669,77.0,214.0,198.0,284.556,,,0.5194,0.4806,,False,on_map_at_end
1629,car,1389.0,,411.0,,1888.94,19.0,88.0,323.0,239.415,,,0.2141,0.7859,,False,on_map_at_end
1630,truck,1391.0,,409.0,,159.858,98.0,335.0,74.0,389.809,,,0.8191,0.1809,,False,on_map_at_end
1631,car,1391.0,,409.0,,112.695,100.0,379.0,30.0,398.857,,,0.9267,0.0733,,False,on_map_at_end
1632,car,1391.0,,409.0,,499.842,17.0,265.0,144.0,352.839,,,0.6479,0.3521,,False,on_map_at_end
1634,car,1392.0,,408.0,,363.174,100.0,336.0,72.0,374.537,,,0.8235,0.1765,,False,on_map_at_end
1635,truck,1396.0,,404.0,,585.803,46.0,230.0,174.0,333.675,,,0.5693,0.4307,,False,on_map_at_end
1636,car,1395.0,,405.0,,154.745,100.0,358.0,47.0,391.073,,,0.884,0.116,,False,on_map_at_end
1638,car,1395.0,,405.0,,1077.722,18.0,109.0,296.0,301.33,,,0.2691,0.7309,,False,on_map_at_end
1641,car,1398.0,,402.0,,1689.63,1.0,101.0,301.0,244.82,,,0.2512,0.7488,,False,on_map_at_end
1642,car,1398.0,,402.0,,771.937,19.0,106.0,296.0,325.663,,,0.2637,0.7363,,False,on_map_at_end
1643,car,1398.0,,402.0,,34.069,100.0,303.0,99.0,397.906,,,0.7537,0.2463,,False,on_map_at_end
1646,car,1402.0,,398.0,,690.894,100.0,251.0,147.0,303.104,,,0.6307,0.3693,,False,on_map_at_end
1648,car,1404.0,,396.0,,147.244,100.0,349.0,47.0,382.748,,,0.8813,0.1187,,False,on_map_at_end
1649,car,1405.0,,395.0,,1270.446,98.0,215.0,180.0,280.659,,,0.5443,0.4557,,False,on_map_at_end
165,truck,305.0,,1495.0,,700.889,89.0,1324.0,171.0,1407.845,,,0.8856,0.1144,,False,on_map_at_end
1650,truck,1468.0,,332.0,,21.067,100.0,265.0,67.0,329.471,,,0.7982,0.2018,,False,on_map_at_end
1651,car,1493.0,,307.0,,13.566,100.0,262.0,45.0,305.116,,,0.8534,0.1466,,False,on_map_at_end
1652,car,1408.0,,392.0,,94.696,100.0,347.0,45.0,383.477,,,0.8852,0.1148,,False,on_map_at_end
1653,car,1408.0,,392.0,,139.743,100.0,344.0,48.0,379.423,,,0.8776,0.1224,,False,on_map_at_end
1654,car,1409.0,,391.0,,394.452,100.0,324.0,67.0,355.499,,,0.8286,0.1714,,False,on_map_at_end
1655,truck,1409.0,,391.0,,146.856,95.0,317.0,74.0,373.37,,,0.8107,0.1893,,False,on_map_at_end
1656,car,1410.0,,390.0,,139.355,91.0,312.0,78.0,377.458,,,0.8,0.2,,False,on_map_at_end
1657,car,1410.0,,390.0,,1747.255,100.0,170.0,220.0,232.379,,,0.4359,0.5641,,False,on_map_at_end
1659,car,1411.0,,389.0,,125.474,72.0,302.0,87.0,376.251,,,0.7763,0.2237,,False,on_map_at_end
1660,truck,1412.0,,388.0,,142.248,100.0,351.0,37.0,370.923,,,0.9046,0.0954,,False,on_map_at_end
1661,car,1413.0,,387.0,,131.854,89.0,308.0,79.0,375.133,,,0.7959,0.2041,,False,on_map_at_end
1662,car,1412.0,,388.0,,132.242,100.0,340.0,48.0,376.098,,,0.8763,0.1237,,False,on_map_at_end
1664,car,1415.0,,385.0,,683.393,100.0,243.0,142.0,283.249,,,0.6312,0.3688,,False,on_map_at_end
1665,truck,1577.0,,223.0,,0.565,100.0,223.0,0.0,222.928,,,1.0,0.0,,False,on_map_at_end
1667,car,1417.0,,383.0,,1156.349,26.0,82.0,301.0,277.451,,,0.2141,0.7859,,False,on_map_at_end
1668,car,1417.0,,383.0,,386.951,100.0,319.0,64.0,348.174,,,0.8329,0.1671,,False,on_map_at_end
1670,truck,1422.0,,378.0,,1301.972,100.0,177.0,201.0,221.107,,,0.4683,0.5317,,False,on_map_at_end
1671,car,1423.0,,377.0,,1133.261,24.0,73.0,304.0,272.372,,,0.1936,0.8064,,False,on_map_at_end
1673,car,1423.0,,377.0,,79.693,100.0,331.0,46.0,369.828,,,0.878,0.122,,False,on_map_at_end
1681,car,1430.0,,370.0,,707.746,100.0,255.0,115.0,301.854,,,0.6892,0.3108,,False,on_map_at_end
1682,car,1431.0,,369.0,,963.605,26.0,143.0,226.0,281.216,,,0.3875,0.6125,,False,on_map_at_end
1683,car,1431.0,,369.0,,1535.574,22.0,42.0,327.0,179.893,,,0.1138,0.8862,,False,on_map_at_end
1684,car,1431.0,,369.0,,1591.202,29.0,193.0,176.0,225.79,,,0.523,0.477,,False,on_map_at_end
1685,truck,1432.0,,368.0,,963.277,99.0,197.0,171.0,252.023,,,0.5353,0.4647,,False,on_map_at_end
1686,car,1432.0,,368.0,,1385.151,100.0,176.0,192.0,234.503,,,0.4783,0.5217,,False,on_map_at_end
1687,car,1434.0,,366.0,,124.353,89.0,302.0,64.0,354.808,,,0.8251,0.1749,,False,on_map_at_end
1688,car,1434.0,,366.0,,557.8,46.0,212.0,154.0,315.798,,,0.5792,0.4208,,False,on_map_at_end
1689,car,1436.0,,364.0,,662.369,100.0,224.0,140.0,256.995,,,0.6154,0.3846,,False,on_map_at_end
1690,truck,1437.0,,363.0,,111.352,86.0,295.0,68.0,349.632,,,0.8127,0.1873,,False,on_map_at_end
1691,car,1439.0,,361.0,,1594.716,24.0,47.0,314.0,215.297,,,0.1302,0.8698,,False,on_map_at_end
1692,car,1439.0,,361.0,,103.851,83.0,292.0,69.0,351.571,,,0.8089,0.1911,,False,on_map_at_end
1693,car,1440.0,,360.0,,391.237,100.0,293.0,67.0,313.191,,,0.8139,0.1861,,False,on_map_at_end
1694,car,1440.0,,360.0,,1284.527,64.0,167.0,193.0,238.965,,,0.4639,0.5361,,False,on_map_at_end
1695,truck,1440.0,,360.0,,123.512,100.0,318.0,42.0,344.764,,,0.8833,0.1167,,False,on_map_at_end
1696,car,1440.0,,360.0,,282.938,32.0,210.0,150.0,333.792,,,0.5833,0.4167,,False,on_map_at_end
1697,car,1441.0,,359.0,,1008.843,100.0,225.0,134.0,266.557,,,0.6267,0.3733,,False,on_map_at_end
1699,car,1443.0,,357.0,,517.299,100.0,283.0,74.0,302.467,,,0.7927,0.2073,,False,on_map_at_end
1700,truck,1444.0,,356.0,,92.449,100.0,306.0,50.0,344.902,,,0.8596,0.1404,,False,on_map_at_end
1701,car,1444.0,,356.0,,762.415,21.0,94.0,262.0,283.937,,,0.264,0.736,,False,on_map_at_end
1702,car,1445.0,,355.0,,1338.406,32.0,72.0,283.0,231.547,,,0.2028,0.7972,,False,on_map_at_end
1704,car,1445.0,,355.0,,386.004,100.0,245.0,110.0,309.329,,,0.6901,0.3099,,False,on_map_at_end
1705,truck,1446.0,,354.0,,1312.727,35.0,79.0,275.0,195.847,,,0.2232,0.7768,,False,on_map_at_end
1706,car,1446.0,,354.0,,124.741,100.0,308.0,46.0,342.773,,,0.8701,0.1299,,False,on_map_at_end
1707,car,1446.0,,354.0,,700.245,100.0,244.0,110.0,286.443,,,0.6893,0.3107,,False,on_map_at_end
1708,car,1447.0,,353.0,,488.686,100.0,262.0,91.0,286.805,,,0.7422,0.2578,,False,on_map_at_end
1712,car,1450.0,,350.0,,465.388,77.0,259.0,91.0,292.577,,,0.74,0.26,,False,on_map_at_end
1713,car,1453.0,,347.0,,1330.878,92.0,184.0,163.0,225.983,,,0.5303,0.4697,,False,on_map_at_end
1716,car,1452.0,,348.0,,96.35,80.0,284.0,64.0,339.328,,,0.8161,0.1839,,False,on_map_at_end
1717,car,1454.0,,346.0,,379.45,100.0,281.0,65.0,311.849,,,0.8121,0.1879,,False,on_map_at_end
1718,car,1455.0,,345.0,,1964.325,96.0,145.0,200.0,165.02,,,0.4203,0.5797,,False,on_map_at_end
1719,car,1456.0,,344.0,,371.949,100.0,274.0,70.0,310.524,,,0.7965,0.2035,,False,on_map_at_end
1722,car,1456.0,,344.0,,1127.332,24.0,58.0,286.0,239.788,,,0.1686,0.8314,,False,on_map_at_end
1724,car,1664.0,,136.0,,0.0,100.0,136.0,0.0,136.0,,,1.0,0.0,,False,on_map_at_end
1725,truck,1459.0,,341.0,,748.809,100.0,203.0,138.0,247.292,,,0.5953,0.4047,,False,on_map_at_end
1726,car,1460.0,,340.0,,468.335,84.0,240.0,100.0,297.355,,,0.7059,0.2941,,False,on_map_at_end
1728,car,1461.0,,339.0,,494.705,86.0,253.0,86.0,294.476,,,0.7463,0.2537,,False,on_map_at_end
1731,car,1463.0,,337.0,,196.272,100.0,269.0,68.0,313.148,,,0.7982,0.2018,,False,on_map_at_end
1732,car,1464.0,,336.0,,1372.534,28.0,83.0,253.0,210.983,,,0.247,0.753,,False,on_map_at_end
1733,car,1465.0,,335.0,,1089.465,26.0,112.0,223.0,236.203,,,0.3343,0.6657,,False,on_map_at_end
1734,car,1465.0,,335.0,,481.184,100.0,254.0,81.0,281.207,,,0.7582,0.2418,,False,on_map_at_end
1735,truck,1466.0,,334.0,,1510.055,22.0,22.0,312.0,131.809,,,0.0659,0.9341,,False,on_map_at_end
1738,car,1473.0,,327.0,,117.24,100.0,283.0,44.0,316.448,,,0.8654,0.1346,,False,on_map_at_end
1739,car,1473.0,,327.0,,570.867,89.0,240.0,87.0,275.621,,,0.7339,0.2661,,False,on_map_at_end
1740,truck,1475.0,,325.0,,104.238,100.0,275.0,50.0,312.486,,,0.8462,0.1538,,False,on_map_at_end
1742,car,1477.0,,323.0,,1124.718,100.0,179.0,144.0,220.814,,,0.5542,0.4458,,False,on_map_at_end
1743,car,1477.0,,323.0,,134.747,100.0,285.0,38.0,306.262,,,0.8824,0.1176,,False,on_map_at_end
1744,car,1479.0,,321.0,,498.85,100.0,234.0,87.0,276.103,,,0.729,0.271,,False,on_map_at_end
1745,truck,1481.0,,319.0,,770.88,50.0,124.0,195.0,216.969,,,0.3887,0.6113,,False,on_map_at_end
1746,car,1481.0,,319.0,,88.848,76.0,254.0,65.0,311.004,,,0.7962,0.2038,,False,on_map_at_end
1747,car,1485.0,,315.0,,81.347,73.0,251.0,64.0,307.679,,,0.7968,0.2032,,False,on_map_at_end
1749,car,1486.0,,314.0,,702.153,24.0,89.0,225.0,239.04,,,0.2834,0.7166,,False,on_map_at_end
1750,truck,1486.0,,314.0,,1257.952,21.0,33.0,281.0,162.475,,,0.1051,0.8949,,False,on_map_at_end
1751,car,1487.0,,313.0,,578.643,82.0,195.0,118.0,260.922,,,0.623,0.377,,False,on_map_at_end
1753,car,1488.0,,312.0,,1104.228,41.0,95.0,217.0,203.834,,,0.3045,0.6955,,False,on_map_at_end
1754,car,1490.0,,310.0,,73.846,71.0,247.0,63.0,303.354,,,0.7968,0.2032,,False,on_map_at_end
1755,truck,1490.0,,310.0,,1428.568,0.0,85.0,225.0,138.503,,,0.2742,0.7258,,False,on_map_at_end
1757,car,1491.0,,309.0,,66.345,68.0,244.0,65.0,303.029,,,0.7896,0.2104,,False,on_map_at_end
1758,car,1491.0,,309.0,,690.832,40.0,103.0,206.0,246.589,,,0.3333,0.6667,,False,on_map_at_end
1759,car,1491.0,,309.0,,610.777,49.0,107.0,202.0,254.029,,,0.3463,0.6537,,False,on_map_at_end
1761,car,1494.0,,306.0,,603.661,19.0,120.0,186.0,243.915,,,0.3922,0.6078,,False,on_map_at_end
1762,car,1494.0,,306.0,,2255.753,11.0,67.0,239.0,101.509,,,0.219,0.781,,False,on_map_at_end
1763,car,1495.0,,305.0,,1556.773,22.0,112.0,193.0,164.597,,,0.3672,0.6328,,False,on_map_at_end
1766,car,1501.0,,299.0,,716.779,45.0,122.0,177.0,233.815,,,0.408,0.592,,False,on_map_at_end
1767,car,1502.0,,298.0,,1032.19,21.0,56.0,242.0,203.693,,,0.1879,0.8121,,False,on_map_at_end
1768,car,1502.0,,298.0,,1343.065,96.0,126.0,172.0,176.298,,,0.4228,0.5772,,False,on_map_at_end
1769,car,1502.0,,298.0,,96.737,100.0,255.0,43.0,289.294,,,0.8557,0.1443,,False,on_map_at_end
1770,truck,1503.0,,297.0,,1413.177,32.0,32.0,265.0,103.379,,,0.1077,0.8923,,False,on_map_at_end
1771,car,1503.0,,297.0,,1499.863,19.0,41.0,256.0,160.231,,,0.138,0.862,,False,on_map_at_end
1772,car,1504.0,,296.0,,58.844,65.0,233.0,63.0,290.704,,,0.7872,0.2128,,False,on_map_at_end
1774,car,1505.0,,295.0,,84.948,100.0,240.0,55.0,285.169,,,0.8136,0.1864,,False,on_map_at_end
1775,truck,1505.0,,295.0,,183.271,100.0,222.0,73.0,269.927,,,0.7525,0.2475,,False,on_map_at_end
1776,car,1507.0,,293.0,,89.236,100.0,248.0,45.0,284.969,,,0.8464,0.1536,,False,on_map_at_end
1778,car,1509.0,,291.0,,2378.278,2.0,2.0,289.0,48.403,,,0.0069,0.9931,,False,on_map_at_end
1779,car,1512.0,,288.0,,1744.887,58.0,76.0,212.0,128.557,,,0.2639,0.7361,,False,on_map_at_end
1780,truck,1513.0,,287.0,,1719.527,1.0,57.0,230.0,71.193,,,0.1986,0.8014,,False,on_map_at_end
1781,car,1514.0,,286.0,,406.027,100.0,212.0,74.0,248.869,,,0.7413,0.2587,,False,on_map_at_end
1782,car,1515.0,,285.0,,1527.318,19.0,87.0,198.0,147.54,,,0.3053,0.6947,,False,on_map_at_end
1783,car,1515.0,,285.0,,589.513,37.0,111.0,174.0,220.942,,,0.3895,0.6105,,False,on_map_at_end
1784,car,1515.0,,285.0,,51.343,62.0,222.0,63.0,280.379,,,0.7789,0.2211,,False,on_map_at_end
1785,truck,1518.0,,282.0,,84.289,100.0,269.0,13.0,271.881,,,0.9539,0.0461,,False,on_map_at_end
1786,car,1518.0,,282.0,,360.489,52.0,218.0,64.0,249.329,,,0.773,0.227,,False,on_map_at_end
1787,car,1519.0,,281.0,,647.367,100.0,169.0,112.0,198.542,,,0.6014,0.3986,,False,on_map_at_end
1789,car,1520.0,,280.0,,457.887,74.0,192.0,88.0,232.727,,,0.6857,0.3143,,False,on_map_at_end
1790,truck,1521.0,,279.0,,2021.682,17.0,16.0,263.0,35.557,,,0.0573,0.9427,,False,on_map_at_end
1791,car,1522.0,,278.0,,364.448,100.0,211.0,67.0,245.199,,,0.759,0.241,,False,on_map_at_end
1792,car,1524.0,,276.0,,43.842,59.0,214.0,62.0,272.054,,,0.7754,0.2246,,False,on_map_at_end
1793,car,1528.0,,272.0,,466.182,100.0,184.0,88.0,203.924,,,0.6765,0.3235,,False,on_map_at_end
1794,car,1530.0,,270.0,,1470.025,18.0,18.0,252.0,136.239,,,0.0667,0.9333,,False,on_map_at_end
1795,truck,1532.0,,268.0,,1223.566,12.0,25.0,243.0,120.648,,,0.0933,0.9067,,False,on_map_at_end
1796,car,1533.0,,267.0,,121.447,80.0,232.0,35.0,256.07,,,0.8689,0.1311,,False,on_map_at_end
1797,car,1533.0,,267.0,,1301.768,100.0,106.0,161.0,149.487,,,0.397,0.603,,False,on_map_at_end
1798,car,1534.0,,266.0,,36.34,57.0,205.0,61.0,262.729,,,0.7707,0.2293,,False,on_map_at_end
1799,car,1534.0,,266.0,,2014.043,14.0,13.0,253.0,66.636,,,0.0489,0.9511,,False,on_map_at_end
180,truck,321.0,,1479.0,,2320.327,87.0,1108.0,371.0,1199.531,,,0.7492,0.2508,,False,on_map_at_end
1800,truck,1535.0,,265.0,,1397.784,30.0,31.0,234.0,96.68,,,0.117,0.883,,False,on_map_at_end
1801,car,1536.0,,264.0,,1355.986,27.0,28.0,236.0,111.566,,,0.1061,0.8939,,False,on_map_at_end
1802,car,1538.0,,262.0,,28.839,53.0,199.0,63.0,259.404,,,0.7595,0.2405,,False,on_map_at_end
1804,car,1540.0,,260.0,,21.338,52.0,198.0,62.0,258.068,,,0.7615,0.2385,,False,on_map_at_end
1805,truck,1539.0,,261.0,,64.54,100.0,222.0,39.0,253.252,,,0.8506,0.1494,,False,on_map_at_end
1806,car,1540.0,,260.0,,77.191,100.0,225.0,35.0,253.053,,,0.8654,0.1346,,False,on_map_at_end
1807,car,1541.0,,259.0,,81.735,100.0,218.0,41.0,251.644,,,0.8417,0.1583,,False,on_map_at_end
1809,car,1549.0,,251.0,,634.214,100.0,157.0,94.0,188.377,,,0.6255,0.3745,,False,on_map_at_end
1811,car,1551.0,,249.0,,1381.159,28.0,28.0,221.0,123.201,,,0.1124,0.8876,,False,on_map_at_end
1812,car,1551.0,,249.0,,356.946,100.0,186.0,63.0,216.874,,,0.747,0.253,,False,on_map_at_end
1813,car,1554.0,,246.0,,2149.32,0.0,3.0,243.0,37.29,,,0.0122,0.9878,,False,on_map_at_end
1814,car,1700.0,,100.0,,13.837,52.0,52.0,48.0,98.755,,,0.52,0.48,,False,on_map_at_end
1815,truck,1556.0,,244.0,,542.979,100.0,167.0,77.0,178.816,,,0.6844,0.3156,,False,on_map_at_end
1816,car,1559.0,,241.0,,1045.856,96.0,122.0,119.0,146.482,,,0.5062,0.4938,,False,on_map_at_end
1817,car,1559.0,,241.0,,348.969,100.0,188.0,53.0,202.435,,,0.7801,0.2199,,False,on_map_at_end
1818,car,1564.0,,236.0,,226.908,100.0,187.0,49.0,209.493,,,0.7924,0.2076,,False,on_map_at_end
1819,car,1564.0,,236.0,,1410.25,66.0,79.0,157.0,97.126,,,0.3347,0.6653,,False,on_map_at_end
1820,truck,1565.0,,235.0,,405.128,100.0,163.0,72.0,184.995,,,0.6936,0.3064,,False,on_map_at_end
1821,car,1565.0,,235.0,,1000.479,91.0,90.0,145.0,144.021,,,0.383,0.617,,False,on_map_at_end
1822,car,1567.0,,233.0,,74.234,100.0,193.0,40.0,226.319,,,0.8283,0.1717,,False,on_map_at_end
1823,car,1569.0,,231.0,,1225.437,15.0,14.0,217.0,119.526,,,0.0606,0.9394,,False,on_map_at_end
1826,car,1575.0,,225.0,,511.089,100.0,163.0,62.0,179.002,,,0.7244,0.2756,,False,on_map_at_end
1827,car,1580.0,,220.0,,619.093,24.0,41.0,179.0,164.145,,,0.1864,0.8136,,False,on_map_at_end
1828,car,1582.0,,218.0,,116.011,100.0,176.0,42.0,203.949,,,0.8073,0.1927,,False,on_map_at_end
1829,car,1584.0,,216.0,,914.207,100.0,115.0,101.0,132.924,,,0.5324,0.4676,,False,on_map_at_end
1830,truck,1584.0,,216.0,,335.968,100.0,155.0,61.0,175.502,,,0.7176,0.2824,,False,on_map_at_end
1831,car,1584.0,,216.0,,1441.969,23.0,43.0,173.0,86.221,,,0.1991,0.8009,,False,on_map_at_end
1832,car,1585.0,,215.0,,1173.138,97.0,96.0,119.0,108.277,,,0.4465,0.5535,,False,on_map_at_end
1834,car,1590.0,,210.0,,1156.258,56.0,75.0,135.0,94.312,,,0.3571,0.6429,,False,on_map_at_end
1835,truck,1591.0,,209.0,,1273.959,10.0,29.0,180.0,37.435,,,0.1388,0.8612,,False,on_map_at_end
1836,car,1591.0,,209.0,,923.517,89.0,95.0,114.0,125.336,,,0.4545,0.5455,,False,on_map_at_end
1837,car,1591.0,,209.0,,1331.825,11.0,23.0,186.0,82.294,,,0.11,0.89,,False,on_map_at_end
1838,car,1592.0,,208.0,,1599.269,11.0,11.0,197.0,61.727,,,0.0529,0.9471,,False,on_map_at_end
1839,car,1593.0,,207.0,,349.445,100.0,167.0,40.0,175.55,,,0.8068,0.1932,,False,on_map_at_end
1840,truck,1596.0,,204.0,,1300.651,0.0,0.0,204.0,20.798,,,0.0,1.0,,False,on_map_at_end
1841,car,1597.0,,203.0,,191.465,100.0,159.0,44.0,178.297,,,0.7833,0.2167,,False,on_map_at_end
1842,car,1598.0,,202.0,,245.273,59.0,79.0,123.0,179.549,,,0.3911,0.6089,,False,on_map_at_end
1843,car,1600.0,,200.0,,127.246,100.0,179.0,21.0,186.551,,,0.895,0.105,,False,on_map_at_end
1844,car,1726.0,,74.0,,6.336,46.0,46.0,28.0,73.43,,,0.6216,0.3784,,False,on_map_at_end
1845,truck,1601.0,,199.0,,781.319,100.0,99.0,100.0,105.204,,,0.4975,0.5025,,False,on_map_at_end
1848,car,1606.0,,194.0,,1165.637,65.0,67.0,127.0,88.302,,,0.3454,0.6546,,False,on_map_at_end
185,truck,333.0,,1467.0,,453.671,89.0,1337.0,130.0,1412.538,,,0.9114,0.0886,,False,on_map_at_end
1850,truck,1612.0,,188.0,,115.249,100.0,156.0,32.0,174.165,,,0.8298,0.1702,,False,on_map_at_end
1851,car,1608.0,,192.0,,844.778,93.0,92.0,100.0,115.308,,,0.4792,0.5208,,False,on_map_at_end
1852,car,1610.0,,190.0,,385.678,100.0,133.0,57.0,154.865,,,0.7,0.3,,False,on_map_at_end
1853,car,1614.0,,186.0,,951.979,69.0,68.0,118.0,93.034,,,0.3656,0.6344,,False,on_map_at_end
1854,car,1616.0,,184.0,,965.874,62.0,71.0,113.0,83.585,,,0.3859,0.6141,,False,on_map_at_end
1855,truck,1617.0,,183.0,,1343.84,3.0,3.0,180.0,21.209,,,0.0164,0.9836,,False,on_map_at_end
1856,car,1617.0,,183.0,,1204.214,7.0,17.0,166.0,57.443,,,0.0929,0.9071,,False,on_map_at_end
1857,car,1650.0,,150.0,,1103.222,0.0,5.0,145.0,23.976,,,0.0333,0.9667,,False,on_map_at_end
1858,car,1618.0,,182.0,,604.108,100.0,115.0,67.0,123.795,,,0.6319,0.3681,,False,on_map_at_end
1859,car,1619.0,,181.0,,66.556,100.0,164.0,17.0,175.01,,,0.9061,0.0939,,False,on_map_at_end
1862,car,1623.0,,177.0,,496.087,100.0,122.0,55.0,131.871,,,0.6893,0.3107,,False,on_map_at_end
1863,car,1628.0,,172.0,,341.944,100.0,132.0,40.0,141.225,,,0.7674,0.2326,,False,on_map_at_end
1864,car,1628.0,,172.0,,582.629,65.0,64.0,108.0,79.485,,,0.3721,0.6279,,False,on_map_at_end
1865,truck,1629.0,,171.0,,1274.07,1.0,3.0,168.0,17.515,,,0.0175,0.9825,,False,on_map_at_end
1866,car,1630.0,,170.0,,1127.898,21.0,45.0,125.0,66.417,,,0.2647,0.7353,,False,on_map_at_end
1867,car,1632.0,,168.0,,1417.919,10.0,13.0,155.0,38.948,,,0.0774,0.9226,,False,on_map_at_end
1868,car,1634.0,,166.0,,490.76,40.0,64.0,102.0,112.926,,,0.3855,0.6145,,False,on_map_at_end
1869,car,1635.0,,165.0,,1215.139,3.0,15.0,150.0,42.941,,,0.0909,0.9091,,False,on_map_at_end
1872,car,1636.0,,164.0,,1364.439,14.0,13.0,151.0,27.824,,,0.0793,0.9207,,False,on_map_at_end
1873,car,1637.0,,163.0,,433.417,99.0,98.0,65.0,116.669,,,0.6012,0.3988,,False,on_map_at_end
1874,car,1638.0,,162.0,,1128.177,11.0,11.0,151.0,30.895,,,0.0679,0.9321,,False,on_map_at_end
1875,truck,1639.0,,161.0,,76.156,100.0,145.0,16.0,150.858,,,0.9006,0.0994,,False,on_map_at_end
1876,car,1640.0,,160.0,,899.779,35.0,51.0,109.0,68.734,,,0.3187,0.6813,,False,on_map_at_end
1877,car,1642.0,,158.0,,66.733,100.0,120.0,38.0,151.994,,,0.7595,0.2405,,False,on_map_at_end
1878,car,1643.0,,157.0,,779.069,62.0,61.0,96.0,80.444,,,0.3885,0.6115,,False,on_map_at_end
1879,car,1644.0,,156.0,,1256.093,3.0,7.0,149.0,41.644,,,0.0449,0.9551,,False,on_map_at_end
1880,truck,1644.0,,156.0,,742.487,30.0,34.0,122.0,66.866,,,0.2179,0.7821,,False,on_map_at_end
1882,car,1647.0,,153.0,,59.231,100.0,118.0,35.0,147.669,,,0.7712,0.2288,,False,on_map_at_end
1883,car,1649.0,,151.0,,381.976,100.0,109.0,42.0,116.622,,,0.7219,0.2781,,False,on_map_at_end
1884,car,1649.0,,151.0,,857.389,15.0,15.0,136.0,42.983,,,0.0993,0.9007,,False,on_map_at_end
1887,car,1653.0,,147.0,,1341.491,5.0,5.0,142.0,26.265,,,0.034,0.966,,False,on_map_at_end
1889,car,1654.0,,146.0,,334.443,100.0,108.0,38.0,115.9,,,0.7397,0.2603,,False,on_map_at_end
1890,truck,1655.0,,145.0,,164.414,100.0,110.0,35.0,121.262,,,0.7586,0.2414,,False,on_map_at_end
1891,car,1658.0,,142.0,,221.168,83.0,82.0,60.0,121.835,,,0.5775,0.4225,,False,on_map_at_end
1892,car,1662.0,,138.0,,847.239,9.0,25.0,113.0,50.439,,,0.1812,0.8188,,False,on_map_at_end
1893,car,1665.0,,135.0,,985.268,2.0,2.0,133.0,34.494,,,0.0148,0.9852,,False,on_map_at_end
1894,car,1666.0,,134.0,,607.353,37.0,38.0,96.0,58.13,,,0.2836,0.7164,,False,on_map_at_end
1896,car,1667.0,,133.0,,999.872,0.0,17.0,116.0,42.188,,,0.1278,0.8722,,False,on_map_at_end
1897,car,1668.0,,132.0,,51.73,100.0,114.0,18.0,127.344,,,0.8636,0.1364,,False,on_map_at_end
1899,car,1669.0,,131.0,,106.743,100.0,110.0,21.0,118.507,,,0.8397,0.1603,,False,on_map_at_end
1900,truck,1670.0,,130.0,,619.724,8.0,11.0,119.0,55.401,,,0.0846,0.9154,,False,on_map_at_end
1901,car,1671.0,,129.0,,921.723,30.0,29.0,100.0,41.891,,,0.2248,0.7752,,False,on_map_at_end
1902,car,1671.0,,129.0,,868.516,33.0,33.0,96.0,49.33,,,0.2558,0.7442,,False,on_map_at_end
1903,car,1671.0,,129.0,,999.731,12.0,12.0,117.0,38.241,,,0.093,0.907,,False,on_map_at_end
1904,car,1672.0,,128.0,,1052.534,6.0,10.0,118.0,30.649,,,0.0781,0.9219,,False,on_map_at_end
1905,truck,1673.0,,127.0,,432.579,65.0,64.0,63.0,75.07,,,0.5039,0.4961,,False,on_map_at_end
1906,car,1675.0,,125.0,,1070.501,8.0,8.0,117.0,27.218,,,0.064,0.936,,False,on_map_at_end
1907,car,1676.0,,124.0,,395.127,70.0,69.0,55.0,78.539,,,0.5565,0.4435,,False,on_map_at_end
1908,car,1680.0,,120.0,,326.942,80.0,79.0,41.0,86.36,,,0.6583,0.3417,,False,on_map_at_end
1910,truck,1681.0,,119.0,,677.263,30.0,30.0,89.0,37.696,,,0.2521,0.7479,,False,on_map_at_end
1911,car,1681.0,,119.0,,949.796,14.0,14.0,105.0,25.518,,,0.1176,0.8824,,False,on_map_at_end
1912,car,1681.0,,119.0,,830.356,13.0,13.0,106.0,32.72,,,0.1092,0.8908,,False,on_map_at_end
1913,car,1682.0,,118.0,,425.915,60.0,59.0,59.0,71.351,,,0.5,0.5,,False,on_map_at_end
1914,car,1682.0,,118.0,,319.441,76.0,75.0,43.0,89.25,,,0.6356,0.3644,,False,on_map_at_end
1915,truck,1683.0,,117.0,,551.969,7.0,6.0,111.0,50.737,,,0.0513,0.9487,,False,on_map_at_end
1916,car,1684.0,,116.0,,99.242,96.0,95.0,21.0,103.98,,,0.819,0.181,,False,on_map_at_end
1917,car,1687.0,,113.0,,1137.465,1.0,1.0,112.0,10.627,,,0.0088,0.9912,,False,on_map_at_end
1918,car,1688.0,,112.0,,1055.169,1.0,1.0,111.0,16.228,,,0.0089,0.9911,,False,on_map_at_end
1919,car,1689.0,,111.0,,691.707,25.0,24.0,87.0,37.082,,,0.2162,0.7838,,False,on_map_at_end
1920,truck,1691.0,,109.0,,876.02,0.0,0.0,109.0,3.836,,,0.0,1.0,,False,on_map_at_end
1921,car,1691.0,,109.0,,450.385,48.0,47.0,62.0,65.26,,,0.4312,0.5688,,False,on_map_at_end
1923,car,1692.0,,108.0,,327.67,69.0,68.0,40.0,77.946,,,0.6296,0.3704,,False,on_map_at_end
1924,car,1695.0,,105.0,,858.805,10.0,10.0,95.0,26.795,,,0.0952,0.9048,,False,on_map_at_end
1926,car,1696.0,,104.0,,442.884,37.0,36.0,68.0,47.149,,,0.3462,0.6538,,False,on_map_at_end
1929,car,1702.0,,98.0,,851.888,0.0,0.0,98.0,20.288,,,0.0,1.0,,False,on_map_at_end
193,car,338.0,,1462.0,,2326.424,85.0,1122.0,340.0,1250.1,,,0.7674,0.2326,,False,on_map_at_end
1930,truck,1702.0,,98.0,,728.561,2.0,2.0,96.0,10.538,,,0.0204,0.9796,,False,on_map_at_end
1931,car,1704.0,,96.0,,916.137,0.0,0.0,96.0,7.38,,,0.0,1.0,,False,on_map_at_end
1932,car,1705.0,,95.0,,613.33,0.0,0.0,95.0,39.491,,,0.0,1.0,,False,on_map_at_end
1935,truck,1708.0,,92.0,,738.809,0.0,0.0,92.0,3.307,,,0.0,1.0,,False,on_map_at_end
1936,car,1709.0,,91.0,,716.313,11.0,11.0,80.0,25.63,,,0.1209,0.8791,,False,on_map_at_end
1937,car,1710.0,,90.0,,698.497,0.0,0.0,90.0,17.476,,,0.0,1.0,,False,on_map_at_end
1938,car,1709.0,,91.0,,213.667,50.0,49.0,42.0,71.186,,,0.5385,0.4615,,False,on_map_at_end
1939,car,1711.0,,89.0,,77.447,74.0,73.0,16.0,80.304,,,0.8202,0.1798,,False,on_map_at_end
1940,truck,1712.0,,88.0,,86.241,70.0,69.0,19.0,77.647,,,0.7841,0.2159,,False,on_map_at_end
1941,car,1712.0,,88.0,,808.652,0.0,0.0,88.0,14.447,,,0.0,1.0,,False,on_map_at_end
1942,car,1712.0,,88.0,,477.232,25.0,24.0,64.0,42.515,,,0.2727,0.7273,,False,on_map_at_end
1943,car,1713.0,,87.0,,44.229,77.0,76.0,11.0,83.019,,,0.8736,0.1264,,False,on_map_at_end
1944,car,1714.0,,86.0,,445.119,21.0,21.0,65.0,30.813,,,0.2442,0.7558,,False,on_map_at_end
1945,truck,1715.0,,85.0,,298.938,41.0,40.0,45.0,49.113,,,0.4706,0.5294,,False,on_map_at_end
1947,car,1716.0,,84.0,,431.679,0.0,0.0,84.0,4.903,,,0.0,1.0,,False,on_map_at_end
1948,car,1716.0,,84.0,,311.94,48.0,47.0,37.0,55.925,,,0.5595,0.4405,,False,on_map_at_end
1949,car,1718.0,,82.0,,565.929,16.0,16.0,66.0,30.244,,,0.1951,0.8049,,False,on_map_at_end
1950,truck,1723.0,,77.0,,412.342,8.0,8.0,69.0,27.209,,,0.1039,0.8961,,False,on_map_at_end
1953,car,1730.0,,70.0,,36.728,60.0,59.0,11.0,66.694,,,0.8429,0.1571,,False,on_map_at_end
1954,car,1731.0,,69.0,,291.437,34.0,33.0,36.0,42.77,,,0.4783,0.5217,,False,on_map_at_end
1955,truck,1731.0,,69.0,,308.775,23.0,23.0,46.0,31.321,,,0.3333,0.6667,,False,on_map_at_end
1956,car,1732.0,,68.0,,543.75,0.0,0.0,68.0,10.25,,,0.0,1.0,,False,on_map_at_end
1957,car,1734.0,,66.0,,442.583,16.0,16.0,50.0,25.632,,,0.2424,0.7576,,False,on_map_at_end
1958,car,1736.0,,64.0,,696.1,0.0,0.0,64.0,1.35,,,0.0,1.0,,False,on_map_at_end
1959,car,1737.0,,63.0,,387.35,12.0,12.0,51.0,28.067,,,0.1905,0.8095,,False,on_map_at_end
196,car,349.0,,1451.0,,1676.269,95.0,1201.0,250.0,1289.035,,,0.8277,0.1723,,False,on_map_at_end
1960,truck,1739.0,,61.0,,278.436,19.0,18.0,43.0,27.574,,,0.2951,0.7049,,False,on_map_at_end
1961,car,1739.0,,61.0,,404.302,8.0,8.0,53.0,24.612,,,0.1311,0.8689,,False,on_map_at_end
1962,car,1740.0,,60.0,,313.464,13.0,12.0,48.0,20.916,,,0.2,0.8,,False,on_map_at_end
1963,car,1740.0,,60.0,,391.868,9.0,8.0,52.0,22.358,,,0.1333,0.8667,,False,on_map_at_end
1964,car,1740.0,,60.0,,173.019,28.0,27.0,33.0,35.323,,,0.45,0.55,,False,on_map_at_end
1965,truck,1740.0,,60.0,,200.665,27.0,26.0,34.0,35.808,,,0.4333,0.5667,,False,on_map_at_end
1966,car,1741.0,,59.0,,70.405,42.0,41.0,18.0,52.663,,,0.6949,0.3051,,False,on_map_at_end
1967,car,1741.0,,59.0,,555.326,0.0,0.0,59.0,9.02,,,0.0,1.0,,False,on_map_at_end
1969,car,1743.0,,57.0,,358.822,0.0,0.0,57.0,2.235,,,0.0,1.0,,False,on_map_at_end
1970,truck,1744.0,,56.0,,64.446,40.0,39.0,17.0,48.263,,,0.6964,0.3036,,False,on_map_at_end
1973,car,1745.0,,55.0,,462.08,0.0,0.0,55.0,5.248,,,0.0,1.0,,False,on_map_at_end
1974,car,1746.0,,54.0,,314.93,14.0,14.0,40.0,24.729,,,0.2593,0.7407,,False,on_map_at_end
1975,truck,1746.0,,54.0,,23.727,44.0,43.0,11.0,51.152,,,0.7963,0.2037,,False,on_map_at_end
1976,car,1747.0,,53.0,,359.339,19.0,18.0,35.0,20.583,,,0.3396,0.6604,,False,on_map_at_end
1977,car,1750.0,,50.0,,355.786,0.0,0.0,50.0,4.598,,,0.0,1.0,,False,on_map_at_end
1979,car,1752.0,,48.0,,152.802,26.0,26.0,22.0,33.85,,,0.5417,0.4583,,False,on_map_at_end
1980,truck,1754.0,,46.0,,305.524,2.0,2.0,44.0,9.089,,,0.0435,0.9565,,False,on_map_at_end
1981,car,1755.0,,45.0,,487.607,0.0,0.0,45.0,1.115,,,0.0,1.0,,False,on_map_at_end
1983,car,1756.0,,44.0,,359.339,9.0,8.0,36.0,11.502,,,0.1818,0.8182,,False,on_map_at_end
1984,car,1756.0,,44.0,,16.226,36.0,35.0,9.0,42.54,,,0.7955,0.2045,,False,on_map_at_end
1985,truck,1759.0,,41.0,,3.225,31.0,30.0,11.0,40.613,,,0.7317,0.2683,,False,on_map_at_end
1987,car,1762.0,,38.0,,291.175,0.0,0.0,38.0,3.524,,,0.0,1.0,,False,on_map_at_end
1988,car,1763.0,,37.0,,350.919,0.0,0.0,37.0,5.183,,,0.0,1.0,,False,on_map_at_end
1989,car,1764.0,,36.0,,375.773,0.0,0.0,36.0,2.18,,,0.0,1.0,,False,on_map_at_end
1990,truck,1765.0,,35.0,,258.724,0.0,0.0,35.0,2.385,,,0.0,1.0,,False,on_map_at_end
1991,car,1766.0,,34.0,,270.907,3.0,2.0,32.0,9.618,,,0.0588,0.9412,,False,on_map_at_end
1992,car,1769.0,,31.0,,263.133,0.0,0.0,31.0,4.505,,,0.0,1.0,,False,on_map_at_end
1993,car,1775.0,,25.0,,185.242,0.0,0.0,25.0,8.328,,,0.0,1.0,,False,on_map_at_end
1994,car,1773.0,,27.0,,293.825,0.0,0.0,27.0,0.556,,,0.0,1.0,,False,on_map_at_end
1995,truck,1781.0,,19.0,,42.647,9.0,10.0,9.0,13.88,,,0.5263,0.4737,,False,on_map_at_end
1996,car,1776.0,,24.0,,260.55,0.0,0.0,24.0,0.55,,,0.0,1.0,,False,on_map_at_end
1997,car,1777.0,,23.0,,78.731,6.0,5.0,18.0,13.819,,,0.2174,0.7826,,False,on_map_at_end
1998,car,1779.0,,21.0,,211.701,0.0,0.0,21.0,1.947,,,0.0,1.0,,False,on_map_at_end
1999,car,1781.0,,19.0,,152.03,0.0,0.0,19.0,4.709,,,0.0,1.0,,False,on_map_at_end
2000,truck,1786.0,,14.0,,107.006,0.0,0.0,14.0,0.624,,,0.0,1.0,,False,on_map_at_end
2001,car,1787.0,,13.0,,73.289,0.0,0.0,13.0,4.114,,,0.0,1.0,,False,on_map_at_end
2002,car,1790.0,,10.0,,89.459,0.0,0.0,10.0,1.949,,,0.0,1.0,,False,on_map_at_end
2003,car,1790.0,,10.0,,107.881,0.0,0.0,10.0,0.291,,,0.0,1.0,,False,on_map_at_end
2006,car,1794.0,,6.0,,64.986,0.0,0.0,6.0,0.125,,,0.0,1.0,,False,on_map_at_end
2008,car,1795.0,,5.0,,54.26,0.0,0.0,5.0,0.117,,,0.0,1.0,,False,on_map_at_end
2009,car,1799.0,,1.0,,10.744,0.0,0.0,1.0,0.033,,,0.0,1.0,,False,on_map_at_end
201,car,356.0,,1444.0,,955.16,93.0,1276.0,168.0,1358.035,,,0.8837,0.1163,,False,on_map_at_end
2010,car,1799.0,,1.0,,10.674,0.0,0.0,1.0,0.039,,,0.0,1.0,,False,on_map_at_end
205,truck,364.0,,1436.0,,2287.421,81.0,1040.0,396.0,1160.85,,,0.7242,0.2758,,False,on_map_at_end
206,car,365.0,,1435.0,,861.729,94.0,1264.0,171.0,1348.105,,,0.8808,0.1192,,False,on_map_at_end
212,car,375.0,,1425.0,,500.195,91.0,1281.0,144.0,1365.915,,,0.8989,0.1011,,False,on_map_at_end
215,truck,382.0,,1418.0,,929.692,73.0,1265.0,153.0,1307.2,,,0.8921,0.1079,,False,on_map_at_end
221,car,390.0,,1410.0,,2180.575,100.0,1114.0,296.0,1188.713,,,0.7901,0.2099,,False,on_map_at_end
222,car,391.0,,1409.0,,2156.639,79.0,1057.0,352.0,1198.435,,,0.7502,0.2498,,False,on_map_at_end
223,car,391.0,,1409.0,,1834.293,78.0,1100.0,309.0,1216.221,,,0.7807,0.2193,,False,on_map_at_end
229,car,400.0,,1400.0,,476.909,97.0,1264.0,136.0,1344.853,,,0.9029,0.0971,,False,on_map_at_end
235,truck,408.0,,1392.0,,2093.461,100.0,1047.0,345.0,1121.677,,,0.7522,0.2478,,False,on_map_at_end
239,car,416.0,,1384.0,,1520.449,93.0,1178.0,206.0,1238.836,,,0.8512,0.1488,,False,on_map_at_end
245,truck,418.0,,1382.0,,1643.765,85.0,1095.0,287.0,1181.804,,,0.7923,0.2077,,False,on_map_at_end
250,truck,428.0,,1372.0,,1478.147,80.0,1034.0,338.0,1169.005,,,0.7536,0.2464,,False,on_map_at_end
263,car,440.0,,1360.0,,1737.717,77.0,1039.0,321.0,1192.224,,,0.764,0.236,,False,on_map_at_end
266,car,443.0,,1357.0,,1544.959,90.0,1077.0,280.0,1217.858,,,0.7937,0.2063,,False,on_map_at_end
271,car,447.0,,1353.0,,393.982,100.0,1251.0,102.0,1317.541,,,0.9246,0.0754,,False,on_map_at_end
272,car,449.0,,1351.0,,1855.579,0.0,895.0,456.0,940.528,,,0.6625,0.3375,,False,on_map_at_end
275,truck,456.0,,1344.0,,1231.089,96.0,1093.0,251.0,1168.306,,,0.8132,0.1868,,False,on_map_at_end
279,car,454.0,,1346.0,,2118.3,100.0,1033.0,313.0,1130.462,,,0.7675,0.2325,,False,on_map_at_end
289,car,469.0,,1331.0,,571.529,94.0,1210.0,121.0,1262.245,,,0.9091,0.0909,,False,on_map_at_end
290,truck,470.0,,1330.0,,920.289,95.0,1164.0,166.0,1217.32,,,0.8752,0.1248,,False,on_map_at_end
292,car,471.0,,1329.0,,1681.571,85.0,1060.0,269.0,1169.229,,,0.7976,0.2024,,False,on_map_at_end
298,car,476.0,,1324.0,,834.491,100.0,1186.0,138.0,1232.391,,,0.8958,0.1042,,False,on_map_at_end
300,truck,481.0,,1319.0,,501.598,100.0,1224.0,95.0,1258.784,,,0.928,0.072,,False,on_map_at_end
307,car,484.0,,1316.0,,1862.767,71.0,792.0,524.0,894.995,,,0.6018,0.3982,,False,on_map_at_end
311,car,512.0,,1288.0,,1409.942,100.0,1065.0,223.0,1142.458,,,0.8269,0.1731,,False,on_map_at_end
315,truck,492.0,,1308.0,,727.317,85.0,1140.0,168.0,1220.539,,,0.8716,0.1284,,False,on_map_at_end
316,car,495.0,,1305.0,,1673.868,85.0,1033.0,272.0,1154.187,,,0.7916,0.2084,,False,on_map_at_end
318,car,496.0,,1304.0,,1041.238,94.0,1129.0,175.0,1191.528,,,0.8658,0.1342,,False,on_map_at_end
319,car,498.0,,1302.0,,1463.23,83.0,1014.0,288.0,1154.61,,,0.7788,0.2212,,False,on_map_at_end
320,truck,498.0,,1302.0,,1211.752,81.0,1063.0,239.0,1153.369,,,0.8164,0.1836,,False,on_map_at_end
330,truck,512.0,,1288.0,,1044.153,95.0,1051.0,237.0,1161.883,,,0.816,0.184,,False,on_map_at_end
334,car,512.0,,1288.0,,2242.16,77.0,980.0,308.0,1082.388,,,0.7609,0.2391,,False,on_map_at_end
335,truck,512.0,,1288.0,,848.331,82.0,1101.0,187.0,1183.753,,,0.8548,0.1452,,False,on_map_at_end
336,car,513.0,,1287.0,,1502.537,92.0,1086.0,201.0,1146.421,,,0.8438,0.1562,,False,on_map_at_end
338,car,515.0,,1285.0,,2341.836,91.0,953.0,332.0,1072.726,,,0.7416,0.2584,,False,on_map_at_end
340,truck,516.0,,1284.0,,1412.086,91.0,989.0,295.0,1087.965,,,0.7702,0.2298,,False,on_map_at_end
346,car,530.0,,1270.0,,853.408,91.0,1129.0,141.0,1193.156,,,0.889,0.111,,False,on_map_at_end
347,car,531.0,,1269.0,,898.807,91.0,1098.0,171.0,1160.698,,,0.8652,0.1348,,False,on_map_at_end
354,car,540.0,,1260.0,,1429.256,89.0,1008.0,252.0,1121.086,,,0.8,0.2,,False,on_map_at_end
359,car,543.0,,1257.0,,1001.358,100.0,1049.0,208.0,1126.659,,,0.8345,0.1655,,False,on_map_at_end
361,car,544.0,,1256.0,,1073.34,82.0,1016.0,240.0,1154.809,,,0.8089,0.1911,,False,on_map_at_end
363,car,545.0,,1255.0,,1775.149,94.0,1010.0,245.0,1076.349,,,0.8048,0.1952,,False,on_map_at_end
364,car,546.0,,1254.0,,2022.899,100.0,963.0,291.0,1052.241,,,0.7679,0.2321,,False,on_map_at_end
365,truck,546.0,,1254.0,,806.903,84.0,1082.0,172.0,1157.253,,,0.8628,0.1372,,False,on_map_at_end
371,car,555.0,,1245.0,,2120.348,89.0,958.0,287.0,1041.314,,,0.7695,0.2305,,False,on_map_at_end
372,car,556.0,,1244.0,,320.308,88.0,1144.0,100.0,1215.172,,,0.9196,0.0804,,False,on_map_at_end
375,truck,561.0,,1239.0,,1050.026,85.0,991.0,248.0,1112.947,,,0.7998,0.2002,,False,on_map_at_end
384,car,573.0,,1227.0,,824.451,81.0,1070.0,157.0,1152.799,,,0.872,0.128,,False,on_map_at_end
385,truck,575.0,,1225.0,,1829.775,100.0,902.0,323.0,994.859,,,0.7363,0.2637,,False,on_map_at_end
386,car,577.0,,1223.0,,1213.776,28.0,810.0,413.0,845.216,,,0.6623,0.3377,,False,on_map_at_end
387,car,579.0,,1221.0,,1936.918,100.0,932.0,289.0,1036.643,,,0.7633,0.2367,,False,on_map_at_end
388,car,581.0,,1219.0,,1895.248,100.0,925.0,294.0,1047.445,,,0.7588,0.2412,,False,on_map_at_end
395,truck,593.0,,1207.0,,740.668,88.0,1028.0,179.0,1110.084,,,0.8517,0.1483,,False,on_map_at_end
396,car,591.0,,1209.0,,750.877,75.0,1028.0,181.0,1140.969,,,0.8503,0.1497,,False,on_map_at_end
401,car,599.0,,1201.0,,882.193,87.0,993.0,208.0,1116.061,,,0.8268,0.1732,,False,on_map_at_end
414,car,608.0,,1192.0,,714.708,87.0,1031.0,161.0,1127.497,,,0.8649,0.1351,,False,on_map_at_end
418,car,610.0,,1190.0,,954.598,93.0,986.0,204.0,1100.981,,,0.8286,0.1714,,False,on_map_at_end
419,car,611.0,,1189.0,,2430.142,0.0,831.0,358.0,886.432,,,0.6989,0.3011,,False,on_map_at_end
422,car,613.0,,1187.0,,707.206,85.0,1021.0,166.0,1123.063,,,0.8602,0.1398,,False,on_map_at_end
424,car,613.0,,1187.0,,495.69,100.0,1079.0,108.0,1142.231,,,0.909,0.091,,False,on_map_at_end
429,car,615.0,,1185.0,,798.359,84.0,1018.0,167.0,1113.147,,,0.8591,0.1409,,False,on_map_at_end
431,car,617.0,,1183.0,,303.703,86.0,1067.0,116.0,1155.387,,,0.9019,0.0981,,False,on_map_at_end
435,truck,634.0,,1166.0,,487.689,100.0,1047.0,119.0,1107.454,,,0.8979,0.1021,,False,on_map_at_end
436,car,619.0,,1181.0,,672.359,87.0,1025.0,156.0,1120.1,,,0.8679,0.1321,,False,on_map_at_end
439,car,621.0,,1179.0,,2192.187,87.0,884.0,295.0,975.085,,,0.7498,0.2502,,False,on_map_at_end
440,truck,621.0,,1179.0,,900.876,100.0,966.0,213.0,1070.852,,,0.8193,0.1807,,False,on_map_at_end
442,car,622.0,,1178.0,,476.607,84.0,1028.0,150.0,1133.771,,,0.8727,0.1273,,False,on_map_at_end
443,car,622.0,,1178.0,,1769.364,100.0,906.0,272.0,1018.123,,,0.7691,0.2309,,False,on_map_at_end
446,car,624.0,,1176.0,,699.702,84.0,1016.0,160.0,1112.789,,,0.8639,0.1361,,False,on_map_at_end
447,car,625.0,,1175.0,,692.184,82.0,1010.0,165.0,1112.281,,,0.8596,0.1404,,False,on_map_at_end
449,car,627.0,,1173.0,,1761.863,100.0,889.0,284.0,1012.773,,,0.7579,0.2421,,False,on_map_at_end
450,truck,627.0,,1173.0,,737.223,98.0,935.0,238.0,1084.498,,,0.7971,0.2029,,False,on_map_at_end
451,car,629.0,,1171.0,,913.877,100.0,1003.0,168.0,1088.644,,,0.8565,0.1435,,False,on_map_at_end
452,car,628.0,,1172.0,,684.648,80.0,1003.0,169.0,1109.681,,,0.8558,0.1442,,False,on_map_at_end
454,car,630.0,,1170.0,,1135.715,86.0,971.0,199.0,1067.785,,,0.8299,0.1701,,False,on_map_at_end
457,car,632.0,,1168.0,,1127.376,87.0,969.0,199.0,1066.535,,,0.8296,0.1704,,False,on_map_at_end
458,car,632.0,,1168.0,,593.278,66.0,1033.0,135.0,1113.854,,,0.8844,0.1156,,False,on_map_at_end
459,car,633.0,,1167.0,,2359.302,90.0,807.0,360.0,904.083,,,0.6915,0.3085,,False,on_map_at_end
462,car,634.0,,1166.0,,2184.685,85.0,869.0,297.0,955.011,,,0.7453,0.2547,,False,on_map_at_end
463,car,635.0,,1165.0,,1118.671,89.0,965.0,200.0,1064.319,,,0.8283,0.1717,,False,on_map_at_end
466,car,636.0,,1164.0,,664.224,87.0,990.0,174.0,1103.369,,,0.8505,0.1495,,False,on_map_at_end
468,car,638.0,,1162.0,,1307.632,100.0,926.0,236.0,1028.891,,,0.7969,0.2031,,False,on_map_at_end
472,car,639.0,,1161.0,,332.162,75.0,1041.0,120.0,1131.105,,,0.8966,0.1034,,False,on_map_at_end
477,car,643.0,,1157.0,,951.499,100.0,996.0,161.0,1062.646,,,0.8608,0.1392,,False,on_map_at_end
480,truck,646.0,,1154.0,,750.073,100.0,943.0,211.0,1063.125,,,0.8172,0.1828,,False,on_map_at_end
488,car,652.0,,1148.0,,496.283,91.0,989.0,159.0,1097.048,,,0.8615,0.1385,,False,on_map_at_end
491,car,656.0,,1144.0,,774.061,92.0,981.0,163.0,1074.334,,,0.8575,0.1425,,False,on_map_at_end
492,car,656.0,,1144.0,,393.88,79.0,996.0,148.0,1107.965,,,0.8706,0.1294,,False,on_map_at_end
494,car,659.0,,1141.0,,936.497,100.0,972.0,169.0,1048.144,,,0.8519,0.1481,,False,on_map_at_end
496,car,660.0,,1140.0,,1734.462,100.0,853.0,287.0,971.539,,,0.7482,0.2518,,False,on_map_at_end
500,truck,664.0,,1136.0,,552.494,99.0,996.0,140.0,1069.674,,,0.8768,0.1232,,False,on_map_at_end
504,car,666.0,,1134.0,,1126.694,100.0,939.0,195.0,1026.862,,,0.828,0.172,,False,on_map_at_end
506,car,667.0,,1133.0,,488.455,96.0,965.0,168.0,1084.576,,,0.8517,0.1483,,False,on_map_at_end
508,car,669.0,,1131.0,,1069.928,100.0,951.0,180.0,1027.911,,,0.8408,0.1592,,False,on_map_at_end
511,car,672.0,,1128.0,,928.996,100.0,962.0,166.0,1041.129,,,0.8528,0.1472,,False,on_map_at_end
512,car,673.0,,1127.0,,921.494,100.0,944.0,183.0,1037.733,,,0.8376,0.1624,,False,on_map_at_end
514,car,675.0,,1125.0,,443.788,89.0,1006.0,119.0,1072.421,,,0.8942,0.1058,,False,on_map_at_end
515,truck,676.0,,1124.0,,968.014,100.0,921.0,203.0,1005.115,,,0.8194,0.1806,,False,on_map_at_end
517,car,680.0,,1120.0,,729.429,100.0,960.0,160.0,1040.03,,,0.8571,0.1429,,False,on_map_at_end
519,car,681.0,,1119.0,,2055.122,100.0,693.0,426.0,922.507,,,0.6193,0.3807,,False,on_map_at_end
520,truck,682.0,,1118.0,,1952.821,100.0,727.0,391.0,882.83,,,0.6503,0.3497,,False,on_map_at_end
521,car,682.0,,1118.0,,169.601,97.0,1003.0,115.0,1102.283,,,0.8971,0.1029,,False,on_map_at_end
523,car,684.0,,1116.0,,1062.427,100.0,931.0,185.0,1011.391,,,0.8342,0.1658,,False,on_map_at_end
526,car,685.0,,1115.0,,1054.926,100.0,933.0,182.0,1015.768,,,0.8368,0.1632,,False,on_map_at_end
529,car,686.0,,1114.0,,1746.861,100.0,815.0,299.0,954.998,,,0.7316,0.2684,,False,on_map_at_end
530,truck,687.0,,1113.0,,867.489,100.0,926.0,187.0,1008.85,,,0.832,0.168,,False,on_map_at_end
532,car,687.0,,1113.0,,326.169,93.0,1022.0,91.0,1072.495,,,0.9182,0.0818,,False,on_map_at_end
533,car,689.0,,1111.0,,893.573,100.0,926.0,185.0,983.05,,,0.8335,0.1665,,False,on_map_at_end
534,car,689.0,,1111.0,,356.567,96.0,944.0,167.0,1078.909,,,0.8497,0.1503,,False,on_map_at_end
536,car,690.0,,1110.0,,1430.477,100.0,868.0,242.0,976.641,,,0.782,0.218,,False,on_map_at_end
537,car,691.0,,1109.0,,1407.664,100.0,882.0,227.0,981.368,,,0.7953,0.2047,,False,on_map_at_end
539,car,691.0,,1109.0,,1093.787,100.0,912.0,197.0,1007.143,,,0.8224,0.1776,,False,on_map_at_end
547,car,696.0,,1104.0,,596.178,100.0,898.0,206.0,1049.934,,,0.8134,0.1866,,False,on_map_at_end
552,car,700.0,,1100.0,,428.785,85.0,973.0,127.0,1051.824,,,0.8845,0.1155,,False,on_map_at_end
553,car,700.0,,1100.0,,1198.215,100.0,897.0,203.0,982.551,,,0.8155,0.1845,,False,on_map_at_end
555,truck,701.0,,1099.0,,1041.924,100.0,886.0,213.0,973.731,,,0.8062,0.1938,,False,on_map_at_end
558,car,701.0,,1099.0,,622.847,100.0,889.0,210.0,1042.943,,,0.8089,0.1911,,False,on_map_at_end
565,truck,708.0,,1092.0,,760.978,100.0,931.0,161.0,1000.58,,,0.8526,0.1474,,False,on_map_at_end
566,car,708.0,,1092.0,,526.148,100.0,978.0,114.0,1043.974,,,0.8956,0.1044,,False,on_map_at_end
568,car,710.0,,1090.0,,753.477,100.0,927.0,163.0,1013.558,,,0.8505,0.1495,,False,on_map_at_end
569,car,709.0,,1091.0,,955.513,100.0,894.0,197.0,1001.802,,,0.8194,0.1806,,False,on_map_at_end
570,truck,710.0,,1090.0,,873.972,97.0,905.0,185.0,985.081,,,0.8303,0.1697,,False,on_map_at_end
572,car,711.0,,1089.0,,311.167,86.0,985.0,104.0,1048.967,,,0.9045,0.0955,,False,on_map_at_end
573,car,712.0,,1088.0,,624.116,100.0,891.0,197.0,1029.637,,,0.8189,0.1811,,False,on_map_at_end
574,car,713.0,,1087.0,,827.77,92.0,911.0,176.0,1012.317,,,0.8381,0.1619,,False,on_map_at_end
575,truck,713.0,,1087.0,,647.619,100.0,975.0,112.0,1008.682,,,0.897,0.103,,False,on_map_at_end
577,car,715.0,,1085.0,,760.991,100.0,899.0,186.0,1012.979,,,0.8286,0.1714,,False,on_map_at_end
580,truck,717.0,,1083.0,,423.53,100.0,905.0,178.0,1028.673,,,0.8356,0.1644,,False,on_map_at_end
581,car,718.0,,1082.0,,819.324,95.0,924.0,158.0,1008.121,,,0.854,0.146,,False,on_map_at_end
584,car,720.0,,1080.0,,832.123,99.0,907.0,173.0,1005.108,,,0.8398,0.1602,,False,on_map_at_end
585,truck,720.0,,1080.0,,566.125,100.0,884.0,196.0,1012.038,,,0.8185,0.1815,,False,on_map_at_end
589,car,722.0,,1078.0,,745.976,100.0,918.0,160.0,1005.461,,,0.8516,0.1484,,False,on_map_at_end
590,truck,723.0,,1077.0,,415.782,83.0,946.0,131.0,1027.045,,,0.8784,0.1216,,False,on_map_at_end
596,car,729.0,,1071.0,,2399.218,100.0,617.0,454.0,850.481,,,0.5761,0.4239,,False,on_map_at_end
601,car,730.0,,1070.0,,1063.042,100.0,895.0,175.0,974.325,,,0.8364,0.1636,,False,on_map_at_end
603,car,734.0,,1066.0,,475.641,100.0,922.0,144.0,1019.726,,,0.8649,0.1351,,False,on_map_at_end
615,truck,739.0,,1061.0,,717.972,100.0,921.0,140.0,972.581,,,0.868,0.132,,False,on_map_at_end
616,car,740.0,,1060.0,,2268.267,84.0,774.0,286.0,854.055,,,0.7302,0.2698,,False,on_map_at_end
620,truck,742.0,,1058.0,,1784.137,100.0,723.0,335.0,843.594,,,0.6834,0.3166,,False,on_map_at_end
622,car,743.0,,1057.0,,696.351,100.0,929.0,128.0,983.792,,,0.8789,0.1211,,False,on_map_at_end
625,truck,745.0,,1055.0,,2031.2,0.0,691.0,364.0,726.847,,,0.655,0.345,,False,on_map_at_end
628,car,748.0,,1052.0,,1257.966,100.0,842.0,210.0,937.924,,,0.8004,0.1996,,False,on_map_at_end
629,car,748.0,,1052.0,,991.422,100.0,867.0,185.0,958.625,,,0.8241,0.1759,,False,on_map_at_end
63,car,111.0,,1689.0,,1174.286,75.0,1512.0,177.0,1581.907,,,0.8952,0.1048,,False,on_map_at_end
630,truck,748.0,,1052.0,,2337.305,15.0,456.0,596.0,530.516,,,0.4335,0.5665,,False,on_map_at_end
635,truck,751.0,,1049.0,,759.189,100.0,884.0,165.0,957.794,,,0.8427,0.1573,,False,on_map_at_end
639,car,753.0,,1047.0,,972.464,92.0,906.0,141.0,958.408,,,0.8653,0.1347,,False,on_map_at_end
642,car,754.0,,1046.0,,322.55,100.0,889.0,157.0,1011.567,,,0.8499,0.1501,,False,on_map_at_end
650,truck,763.0,,1037.0,,664.014,100.0,918.0,119.0,957.211,,,0.8852,0.1148,,False,on_map_at_end
653,car,766.0,,1034.0,,2272.069,85.0,599.0,435.0,799.905,,,0.5793,0.4207,,False,on_map_at_end
655,truck,767.0,,1033.0,,2060.409,100.0,557.0,476.0,785.343,,,0.5392,0.4608,,False,on_map_at_end
656,car,768.0,,1032.0,,1776.636,100.0,717.0,315.0,871.689,,,0.6948,0.3052,,False,on_map_at_end
657,car,769.0,,1031.0,,1769.135,100.0,711.0,320.0,871.022,,,0.6896,0.3104,,False,on_map_at_end
658,car,769.0,,1031.0,,408.272,82.0,896.0,135.0,975.419,,,0.8691,0.1309,,False,on_map_at_end
663,car,771.0,,1029.0,,656.513,100.0,914.0,115.0,965.861,,,0.8882,0.1118,,False,on_map_at_end
665,truck,772.0,,1028.0,,1893.633,100.0,695.0,333.0,790.243,,,0.6761,0.3239,,False,on_map_at_end
666,car,773.0,,1027.0,,721.683,100.0,849.0,178.0,961.633,,,0.8267,0.1733,,False,on_map_at_end
670,truck,776.0,,1024.0,,675.868,100.0,822.0,202.0,940.072,,,0.8027,0.1973,,False,on_map_at_end
671,car,776.0,,1024.0,,636.054,100.0,833.0,191.0,959.454,,,0.8135,0.1865,,False,on_map_at_end
673,car,780.0,,1020.0,,1019.572,100.0,821.0,199.0,892.968,,,0.8049,0.1951,,False,on_map_at_end
680,truck,782.0,,1018.0,,1028.923,100.0,826.0,192.0,893.272,,,0.8114,0.1886,,False,on_map_at_end
683,car,783.0,,1017.0,,400.731,80.0,882.0,135.0,966.784,,,0.8673,0.1327,,False,on_map_at_end
684,car,784.0,,1016.0,,393.131,79.0,874.0,142.0,967.412,,,0.8602,0.1398,,False,on_map_at_end
685,truck,787.0,,1013.0,,1708.741,84.0,612.0,401.0,641.57,,,0.6041,0.3959,,False,on_map_at_end
689,car,789.0,,1011.0,,2124.949,52.0,605.0,406.0,755.53,,,0.5984,0.4016,,False,on_map_at_end
690,truck,789.0,,1011.0,,2245.777,100.0,627.0,384.0,741.37,,,0.6202,0.3798,,False,on_map_at_end
691,car,791.0,,1009.0,,649.012,100.0,910.0,99.0,947.344,,,0.9019,0.0981,,False,on_map_at_end
70,truck,123.0,,1677.0,,1029.24,87.0,1484.0,193.0,1553.442,,,0.8849,0.1151,,False,on_map_at_end
700,truck,795.0,,1005.0,,1302.54,100.0,748.0,257.0,844.629,,,0.7443,0.2557,,False,on_map_at_end
703,car,798.0,,1002.0,,2057.34,100.0,512.0,490.0,805.612,,,0.511,0.489,,False,on_map_at_end
709,car,802.0,,998.0,,565.71,92.0,835.0,163.0,946.73,,,0.8367,0.1633,,False,on_map_at_end
71,car,124.0,,1676.0,,772.848,92.0,1530.0,146.0,1600.217,,,0.9129,0.0871,,False,on_map_at_end
710,truck,803.0,,997.0,,1108.518,100.0,826.0,171.0,845.3,,,0.8285,0.1715,,False,on_map_at_end
711,car,803.0,,997.0,,1227.961,100.0,803.0,194.0,877.718,,,0.8054,0.1946,,False,on_map_at_end
712,car,804.0,,996.0,,1880.049,100.0,637.0,359.0,815.619,,,0.6396,0.3604,,False,on_map_at_end
714,car,805.0,,995.0,,641.511,100.0,901.0,94.0,934.063,,,0.9055,0.0945,,False,on_map_at_end
715,truck,806.0,,994.0,,71.31,100.0,904.0,90.0,985.247,,,0.9095,0.0905,,False,on_map_at_end
716,car,807.0,,993.0,,315.045,91.0,831.0,162.0,958.589,,,0.8369,0.1631,,False,on_map_at_end
718,car,808.0,,992.0,,634.01,100.0,887.0,105.0,933.027,,,0.8942,0.1058,,False,on_map_at_end
720,truck,810.0,,990.0,,602.539,100.0,879.0,111.0,917.601,,,0.8879,0.1121,,False,on_map_at_end
722,car,812.0,,988.0,,595.038,100.0,875.0,113.0,933.381,,,0.8856,0.1144,,False,on_map_at_end
723,car,814.0,,986.0,,587.537,100.0,876.0,110.0,925.818,,,0.8884,0.1116,,False,on_map_at_end
729,car,812.0,,988.0,,1295.039,100.0,747.0,241.0,855.54,,,0.7561,0.2439,,False,on_map_at_end
732,car,815.0,,985.0,,976.566,100.0,744.0,241.0,843.155,,,0.7553,0.2447,,False,on_map_at_end
735,truck,816.0,,984.0,,388.174,88.0,865.0,119.0,930.215,,,0.8791,0.1209,,False,on_map_at_end
738,car,822.0,,978.0,,580.035,100.0,863.0,115.0,925.266,,,0.8824,0.1176,,False,on_map_at_end
742,car,823.0,,977.0,,552.409,100.0,865.0,112.0,927.283,,,0.8854,0.1146,,False,on_map_at_end
747,car,825.0,,975.0,,442.138,100.0,867.0,108.0,925.207,,,0.8892,0.1108,,False,on_map_at_end
748,car,826.0,,974.0,,699.18,100.0,816.0,158.0,910.437,,,0.8378,0.1622,,False,on_map_at_end
751,car,839.0,,961.0,,1768.875,100.0,651.0,310.0,801.718,,,0.6774,0.3226,,False,on_map_at_end
752,car,830.0,,970.0,,1524.429,100.0,756.0,214.0,783.008,,,0.7794,0.2206,,False,on_map_at_end
753,car,830.0,,970.0,,1013.921,100.0,798.0,172.0,875.007,,,0.8227,0.1773,,False,on_map_at_end
754,car,831.0,,969.0,,544.908,100.0,855.0,114.0,919.958,,,0.8824,0.1176,,False,on_map_at_end
756,car,831.0,,969.0,,691.679,100.0,804.0,165.0,905.672,,,0.8297,0.1703,,False,on_map_at_end
757,car,832.0,,968.0,,1460.415,100.0,717.0,251.0,823.45,,,0.7407,0.2593,,False,on_map_at_end
758,car,1587.0,,213.0,,5.229,100.0,210.0,3.0,204.428,,,0.9859,0.0141,,False,on_map_at_end
761,car,836.0,,964.0,,519.292,92.0,806.0,158.0,916.464,,,0.8361,0.1639,,False,on_map_at_end
765,truck,839.0,,961.0,,531.907,100.0,844.0,117.0,897.146,,,0.8783,0.1217,,False,on_map_at_end
768,car,840.0,,960.0,,372.593,88.0,844.0,116.0,913.602,,,0.8792,0.1208,,False,on_map_at_end
771,car,842.0,,958.0,,961.564,100.0,727.0,231.0,841.07,,,0.7589,0.2411,,False,on_map_at_end
776,car,845.0,,955.0,,524.406,100.0,834.0,121.0,907.803,,,0.8733,0.1267,,False,on_map_at_end
777,car,845.0,,955.0,,320.408,90.0,861.0,94.0,917.312,,,0.9016,0.0984,,False,on_map_at_end
778,car,845.0,,955.0,,1883.78,82.0,711.0,244.0,784.092,,,0.7445,0.2555,,False,on_map_at_end
779,car,846.0,,954.0,,676.676,100.0,790.0,164.0,892.638,,,0.8281,0.1719,,False,on_map_at_end
781,car,846.0,,954.0,,1006.42,100.0,783.0,171.0,857.196,,,0.8208,0.1792,,False,on_map_at_end
783,car,847.0,,953.0,,516.904,100.0,825.0,128.0,901.811,,,0.8657,0.1343,,False,on_map_at_end
784,car,849.0,,951.0,,450.692,100.0,815.0,136.0,910.373,,,0.857,0.143,,False,on_map_at_end
785,truck,849.0,,951.0,,985.918,100.0,745.0,206.0,832.43,,,0.7834,0.2166,,False,on_map_at_end
786,car,851.0,,949.0,,509.403,100.0,821.0,128.0,903.153,,,0.8651,0.1349,,False,on_map_at_end
788,car,851.0,,949.0,,1724.768,100.0,475.0,474.0,791.058,,,0.5005,0.4995,,False,on_map_at_end
791,car,855.0,,945.0,,2080.632,80.0,670.0,275.0,752.773,,,0.709,0.291,,False,on_map_at_end
793,car,856.0,,944.0,,352.388,88.0,800.0,144.0,906.498,,,0.8475,0.1525,,False,on_map_at_end
794,car,856.0,,944.0,,2744.462,4.0,513.0,431.0,685.506,,,0.5434,0.4566,,False,on_map_at_end
803,car,863.0,,937.0,,382.053,87.0,779.0,158.0,893.83,,,0.8314,0.1686,,False,on_map_at_end
807,car,867.0,,933.0,,1163.37,99.0,675.0,258.0,805.714,,,0.7235,0.2765,,False,on_map_at_end
813,car,877.0,,923.0,,646.672,100.0,740.0,183.0,864.202,,,0.8017,0.1983,,False,on_map_at_end
814,car,877.0,,923.0,,385.453,80.0,809.0,114.0,884.759,,,0.8765,0.1235,,False,on_map_at_end
816,car,879.0,,921.0,,1803.898,100.0,644.0,277.0,758.431,,,0.6992,0.3008,,False,on_map_at_end
818,car,881.0,,919.0,,508.087,90.0,778.0,141.0,873.272,,,0.8466,0.1534,,False,on_map_at_end
823,car,886.0,,914.0,,718.728,100.0,761.0,153.0,849.311,,,0.8326,0.1674,,False,on_map_at_end
824,car,886.0,,914.0,,1072.165,88.0,645.0,269.0,793.246,,,0.7057,0.2943,,False,on_map_at_end
826,car,887.0,,913.0,,599.694,91.0,771.0,142.0,859.027,,,0.8445,0.1555,,False,on_map_at_end
827,car,887.0,,913.0,,501.902,100.0,798.0,115.0,865.53,,,0.874,0.126,,False,on_map_at_end
829,car,890.0,,910.0,,2208.811,43.0,330.0,580.0,674.444,,,0.3626,0.6374,,False,on_map_at_end
830,truck,890.0,,910.0,,1003.009,52.0,620.0,290.0,780.507,,,0.6813,0.3187,,False,on_map_at_end
834,car,891.0,,909.0,,1400.569,60.0,590.0,319.0,780.836,,,0.6491,0.3509,,False,on_map_at_end
837,car,894.0,,906.0,,494.401,100.0,789.0,117.0,861.503,,,0.8709,0.1291,,False,on_map_at_end
839,car,898.0,,902.0,,555.859,100.0,760.0,142.0,840.827,,,0.8426,0.1574,,False,on_map_at_end
841,car,899.0,,901.0,,434.636,100.0,792.0,109.0,851.17,,,0.879,0.121,,False,on_map_at_end
842,car,1031.0,,769.0,,656.054,100.0,635.0,134.0,660.417,,,0.8257,0.1743,,False,on_map_at_end
844,car,901.0,,899.0,,486.9,100.0,782.0,117.0,855.179,,,0.8699,0.1301,,False,on_map_at_end
850,truck,903.0,,897.0,,1556.695,16.0,555.0,342.0,709.316,,,0.6187,0.3813,,False,on_map_at_end
851,car,904.0,,896.0,,1511.423,59.0,577.0,319.0,757.102,,,0.644,0.356,,False,on_map_at_end
854,car,905.0,,895.0,,1833.873,84.0,588.0,307.0,719.057,,,0.657,0.343,,False,on_map_at_end
862,car,910.0,,890.0,,954.063,100.0,674.0,216.0,774.627,,,0.7573,0.2427,,False,on_map_at_end
863,car,910.0,,890.0,,1761.254,100.0,609.0,281.0,730.586,,,0.6843,0.3157,,False,on_map_at_end
868,car,913.0,,887.0,,2185.768,100.0,447.0,440.0,686.214,,,0.5039,0.4961,,False,on_map_at_end
870,truck,917.0,,883.0,,408.634,100.0,751.0,132.0,823.944,,,0.8505,0.1495,,False,on_map_at_end
871,car,920.0,,880.0,,384.179,100.0,777.0,103.0,817.424,,,0.883,0.117,,False,on_map_at_end
874,car,915.0,,885.0,,908.489,100.0,745.0,140.0,803.235,,,0.8418,0.1582,,False,on_map_at_end
885,truck,922.0,,878.0,,2148.706,79.0,544.0,334.0,619.854,,,0.6196,0.3804,,False,on_map_at_end
889,car,922.0,,878.0,,179.519,100.0,811.0,67.0,854.294,,,0.9237,0.0763,,False,on_map_at_end
890,truck,922.0,,878.0,,1312.239,93.0,591.0,287.0,718.158,,,0.6731,0.3269,,False,on_map_at_end
891,car,932.0,,868.0,,376.678,100.0,758.0,110.0,806.099,,,0.8733,0.1267,,False,on_map_at_end
894,car,925.0,,875.0,,1489.808,100.0,478.0,397.0,730.916,,,0.5463,0.4537,,False,on_map_at_end
895,truck,925.0,,875.0,,633.671,100.0,697.0,178.0,798.864,,,0.7966,0.2034,,False,on_map_at_end
898,car,927.0,,873.0,,908.489,93.0,721.0,152.0,791.235,,,0.8259,0.1741,,False,on_map_at_end
900,truck,928.0,,872.0,,942.912,100.0,662.0,210.0,758.413,,,0.7592,0.2408,,False,on_map_at_end
902,car,928.0,,872.0,,2657.809,92.0,530.0,342.0,607.16,,,0.6078,0.3922,,False,on_map_at_end
903,car,930.0,,870.0,,934.814,100.0,697.0,173.0,785.866,,,0.8011,0.1989,,False,on_map_at_end
904,car,932.0,,868.0,,479.399,100.0,746.0,122.0,824.854,,,0.8594,0.1406,,False,on_map_at_end
907,car,932.0,,868.0,,69.275,91.0,774.0,94.0,861.765,,,0.8917,0.1083,,False,on_map_at_end
910,truck,933.0,,867.0,,1497.309,100.0,458.0,409.0,677.879,,,0.5283,0.4717,,False,on_map_at_end
913,car,935.0,,865.0,,927.313,100.0,694.0,171.0,781.541,,,0.8023,0.1977,,False,on_map_at_end
914,car,935.0,,865.0,,474.555,100.0,728.0,137.0,816.782,,,0.8416,0.1584,,False,on_map_at_end
919,car,938.0,,862.0,,1091.702,100.0,650.0,212.0,755.299,,,0.7541,0.2459,,False,on_map_at_end
920,truck,939.0,,861.0,,581.788,85.0,745.0,116.0,790.86,,,0.8653,0.1347,,False,on_map_at_end
932,car,943.0,,857.0,,471.898,100.0,734.0,123.0,814.529,,,0.8565,0.1435,,False,on_map_at_end
934,car,944.0,,856.0,,1938.494,100.0,568.0,288.0,670.165,,,0.6636,0.3364,,False,on_map_at_end
935,truck,945.0,,855.0,,1975.474,100.0,537.0,318.0,589.857,,,0.6281,0.3719,,False,on_map_at_end
936,car,945.0,,855.0,,1076.699,100.0,636.0,219.0,745.619,,,0.7439,0.2561,,False,on_map_at_end
937,car,946.0,,854.0,,1000.274,100.0,668.0,186.0,758.743,,,0.7822,0.2178,,False,on_map_at_end
939,car,949.0,,851.0,,464.396,100.0,726.0,125.0,809.204,,,0.8531,0.1469,,False,on_map_at_end
943,car,951.0,,849.0,,604.585,100.0,654.0,195.0,789.11,,,0.7703,0.2297,,False,on_map_at_end
945,truck,952.0,,848.0,,551.68,76.0,689.0,159.0,768.777,,,0.8125,0.1875,,False,on_map_at_end
951,car,956.0,,844.0,,377.584,79.0,727.0,117.0,800.881,,,0.8614,0.1386,,False,on_map_at_end
952,car,956.0,,844.0,,1117.688,100.0,646.0,198.0,741.591,,,0.7654,0.2346,,False,on_map_at_end
955,truck,1335.0,,465.0,,1178.618,93.0,271.0,194.0,311.382,,,0.5828,0.4172,,False,on_map_at_end
956,car,958.0,,842.0,,1605.445,89.0,573.0,269.0,687.689,,,0.6805,0.3195,,False,on_map_at_end
959,car,963.0,,837.0,,1196.868,86.0,566.0,271.0,727.253,,,0.6762,0.3238,,False,on_map_at_end
960,truck,960.0,,840.0,,451.395,100.0,705.0,135.0,785.811,,,0.8393,0.1607,,False,on_map_at_end
963,car,964.0,,836.0,,920.408,100.0,643.0,193.0,746.433,,,0.7691,0.2309,,False,on_map_at_end
964,car,964.0,,836.0,,1069.198,97.0,611.0,225.0,730.277,,,0.7309,0.2691,,False,on_map_at_end
969,car,966.0,,834.0,,1726.046,37.0,315.0,519.0,675.33,,,0.3777,0.6223,,False,on_map_at_end
970,truck,966.0,,834.0,,907.407,100.0,633.0,201.0,722.604,,,0.759,0.241,,False,on_map_at_end
971,car,967.0,,833.0,,443.894,100.0,697.0,136.0,793.049,,,0.8367,0.1633,,False,on_map_at_end
972,car,967.0,,833.0,,314.881,92.0,730.0,103.0,798.546,,,0.8764,0.1236,,False,on_map_at_end
973,car,968.0,,832.0,,350.067,100.0,769.0,63.0,800.494,,,0.9243,0.0757,,False,on_map_at_end
975,truck,976.0,,824.0,,1594.84,78.0,517.0,307.0,632.058,,,0.6274,0.3726,,False,on_map_at_end
976,car,969.0,,831.0,,899.906,100.0,645.0,186.0,747.23,,,0.7762,0.2238,,False,on_map_at_end
978,car,970.0,,830.0,,1501.906,94.0,400.0,430.0,693.931,,,0.4819,0.5181,,False,on_map_at_end
980,truck,972.0,,828.0,,430.893,100.0,687.0,141.0,776.272,,,0.8297,0.1703,,False,on_map_at_end
981,car,973.0,,827.0,,972.271,100.0,647.0,180.0,736.366,,,0.7823,0.2177,,False,on_map_at_end
985,truck,975.0,,825.0,,363.674,82.0,704.0,121.0,781.205,,,0.8533,0.1467,,False,on_map_at_end
991,car,980.0,,820.0,,355.338,83.0,700.0,120.0,782.182,,,0.8537,0.1463,,False,on_map_at_end
996,car,984.0,,816.0,,874.269,100.0,659.0,157.0,730.739,,,0.8076,0.1924,,False,on_map_at_end
