vehicle_id,vehicle_type,enter_time_s,departure_time_s,travel_time_s,route_distance_m,distance_traveled_m,accumulated_waiting_time_s,custom_wait_s,moving_time_s,time_loss_s,free_flow_time_s,delay_s,waiting_fraction,moving_fraction,schedule_efficiency,completed_trip,trip_status
2,,15.0,91.0,76.0,,866.821,0.0,1.0,75.0,7.461,,,0.0132,0.9868,,True,completed
6,,40.0,126.0,86.0,,892.002,0.0,1.0,85.0,6.969,,,0.0116,0.9884,,True,completed
1,,10.0,147.0,137.0,,1493.552,0.0,1.0,136.0,10.548,,,0.0073,0.9927,,True,completed
7,,54.0,165.0,111.0,,1191.02,1.0,2.0,109.0,15.269,,,0.018,0.982,,True,completed
25,,112.0,168.0,56.0,,569.754,0.0,1.0,55.0,7.03,,,0.0179,0.9821,,True,completed
8,,58.0,170.0,112.0,,893.765,8.0,9.0,103.0,19.709,,,0.0804,0.9196,,True,completed
5,,37.0,171.0,134.0,,1487.78,0.0,1.0,133.0,9.577,,,0.0075,0.9925,,True,completed
13,,77.0,178.0,101.0,,1178.923,0.0,1.0,100.0,8.131,,,0.0099,0.9901,,True,completed
16,,85.0,194.0,109.0,,1184.834,0.0,1.0,108.0,13.438,,,0.0092,0.9908,,True,completed
24,,111.0,202.0,91.0,,891.436,0.0,1.0,90.0,7.16,,,0.011,0.989,,True,completed
14,,78.0,203.0,125.0,,1153.555,0.0,1.0,124.0,12.123,,,0.008,0.992,,True,completed
0,,1.0,204.0,203.0,,1740.309,16.0,17.0,186.0,35.558,,,0.0837,0.9163,,True,completed
19,,91.0,207.0,116.0,,1483.716,0.0,1.0,115.0,7.269,,,0.0086,0.9914,,True,completed
10,,63.0,208.0,145.0,,1469.844,0.0,1.0,144.0,11.23,,,0.0069,0.9931,,True,completed
23,,107.0,220.0,113.0,,1173.43,4.0,5.0,108.0,17.195,,,0.0442,0.9558,,True,completed
4,,35.0,221.0,186.0,,1740.893,0.0,1.0,185.0,15.483,,,0.0054,0.9946,,True,completed
15,,80.0,226.0,146.0,,1488.447,0.0,1.0,145.0,9.755,,,0.0068,0.9932,,True,completed
22,,105.0,232.0,127.0,,1191.586,12.0,13.0,114.0,23.737,,,0.1024,0.8976,,True,completed
20,,99.0,235.0,136.0,,1479.548,0.0,1.0,135.0,12.822,,,0.0074,0.9926,,True,completed
31,,139.0,241.0,102.0,,895.442,13.0,14.0,88.0,26.102,,,0.1373,0.8627,,True,completed
11,,71.0,246.0,175.0,,1745.576,0.0,1.0,174.0,14.811,,,0.0057,0.9943,,True,completed
32,,140.0,247.0,107.0,,891.607,0.0,1.0,106.0,8.476,,,0.0093,0.9907,,True,completed
12,,75.0,255.0,180.0,,1495.428,0.0,1.0,179.0,13.864,,,0.0056,0.9944,,True,completed
43,,187.0,259.0,72.0,,575.006,0.0,1.0,71.0,7.728,,,0.0139,0.9861,,True,completed
35,,147.0,283.0,136.0,,1467.615,0.0,6.0,130.0,19.734,,,0.0441,0.9559,,True,completed
17,,86.0,285.0,199.0,,1771.035,0.0,1.0,198.0,15.569,,,0.005,0.995,,True,completed
33,,140.0,285.0,145.0,,1495.431,0.0,1.0,144.0,10.73,,,0.0069,0.9931,,True,completed
28,,118.0,293.0,175.0,,1776.833,0.0,1.0,174.0,13.165,,,0.0057,0.9943,,True,completed
29,,119.0,297.0,178.0,,1775.21,2.0,8.0,170.0,28.347,,,0.0449,0.9551,,True,completed
26,,112.0,299.0,187.0,,1782.602,0.0,1.0,186.0,14.66,,,0.0053,0.9947,,True,completed
9,,62.0,304.0,242.0,,2090.415,0.0,1.0,241.0,18.226,,,0.0041,0.9959,,True,completed
49,,221.0,305.0,84.0,,871.819,0.0,1.0,83.0,7.147,,,0.0119,0.9881,,True,completed
44,,198.0,320.0,122.0,,889.89,34.0,35.0,87.0,49.376,,,0.2869,0.7131,,True,completed
54,,237.0,323.0,86.0,,856.623,4.0,5.0,81.0,13.866,,,0.0581,0.9419,,True,completed
40,,176.0,326.0,150.0,,1195.777,0.0,11.0,139.0,23.79,,,0.0733,0.9267,,True,completed
27,,115.0,327.0,212.0,,1789.332,16.0,17.0,195.0,33.208,,,0.0802,0.9198,,True,completed
3,,28.0,329.0,301.0,,2388.987,0.0,26.0,275.0,55.92,,,0.0864,0.9136,,True,completed
38,,170.0,329.0,159.0,,1473.843,15.0,16.0,143.0,31.762,,,0.1006,0.8994,,True,completed
18,,88.0,330.0,242.0,,2378.962,0.0,2.0,240.0,26.411,,,0.0083,0.9917,,True,completed
51,,229.0,333.0,104.0,,1175.456,0.0,1.0,103.0,9.526,,,0.0096,0.9904,,True,completed
42,,179.0,335.0,156.0,,1473.723,0.0,1.0,155.0,12.846,,,0.0064,0.9936,,True,completed
34,,144.0,349.0,205.0,,2091.835,14.0,15.0,190.0,40.601,,,0.0732,0.9268,,True,completed
30,,138.0,356.0,218.0,,2071.106,0.0,1.0,217.0,18.819,,,0.0046,0.9954,,True,completed
21,,102.0,357.0,255.0,,2078.525,0.0,19.0,236.0,39.29,,,0.0745,0.9255,,True,completed
55,,258.0,367.0,109.0,,1190.338,0.0,1.0,108.0,7.69,,,0.0092,0.9908,,True,completed
59,,277.0,368.0,91.0,,889.224,0.0,1.0,90.0,7.625,,,0.011,0.989,,True,completed
57,,269.0,371.0,102.0,,890.985,0.0,1.0,101.0,8.794,,,0.0098,0.9902,,True,completed
36,,155.0,375.0,220.0,,1785.624,0.0,45.0,175.0,67.589,,,0.2045,0.7955,,True,completed
39,,174.0,375.0,201.0,,1776.297,4.0,5.0,196.0,24.943,,,0.0249,0.9751,,True,completed
60,,279.0,375.0,96.0,,871.952,0.0,1.0,95.0,11.097,,,0.0104,0.9896,,True,completed
45,,205.0,380.0,175.0,,1741.182,0.0,1.0,174.0,13.739,,,0.0057,0.9943,,True,completed
58,,276.0,381.0,105.0,,1194.71,0.0,1.0,104.0,15.289,,,0.0095,0.9905,,True,completed
37,,156.0,382.0,226.0,,2373.312,0.0,4.0,222.0,23.991,,,0.0177,0.9823,,True,completed
41,,177.0,389.0,212.0,,2079.712,0.0,1.0,211.0,14.479,,,0.0047,0.9953,,True,completed
68,,308.0,389.0,81.0,,855.214,0.0,1.0,80.0,8.93,,,0.0123,0.9877,,True,completed
66,,298.0,395.0,97.0,,892.344,0.0,1.0,96.0,10.997,,,0.0103,0.9897,,True,completed
53,,232.0,397.0,165.0,,1779.742,0.0,1.0,164.0,11.634,,,0.0061,0.9939,,True,completed
47,,213.0,409.0,196.0,,2088.769,0.0,1.0,195.0,12.974,,,0.0051,0.9949,,True,completed
56,,260.0,410.0,150.0,,1493.259,0.0,13.0,137.0,30.756,,,0.0867,0.9133,,True,completed
48,,219.0,417.0,198.0,,1781.661,2.0,3.0,195.0,22.775,,,0.0152,0.9848,,True,completed
52,,230.0,417.0,187.0,,1190.009,34.0,57.0,130.0,67.941,,,0.3048,0.6952,,True,completed
62,,284.0,418.0,134.0,,1193.444,0.0,1.0,133.0,10.329,,,0.0075,0.9925,,True,completed
46,,212.0,419.0,207.0,,1782.146,0.0,1.0,206.0,16.013,,,0.0048,0.9952,,True,completed
71,,325.0,422.0,97.0,,889.68,3.0,4.0,93.0,15.857,,,0.0412,0.9588,,True,completed
50,,223.0,423.0,200.0,,1744.365,22.0,23.0,177.0,44.446,,,0.115,0.885,,True,completed
63,,287.0,428.0,141.0,,1488.917,0.0,1.0,140.0,24.025,,,0.0071,0.9929,,True,completed
67,,303.0,443.0,140.0,,1472.492,0.0,1.0,139.0,12.1,,,0.0071,0.9929,,True,completed
61,,280.0,447.0,167.0,,1479.483,0.0,1.0,166.0,13.524,,,0.006,0.994,,True,completed
65,,295.0,465.0,170.0,,1779.794,0.0,7.0,163.0,22.696,,,0.0412,0.9588,,True,completed
64,,287.0,481.0,194.0,,1190.389,11.0,75.0,119.0,94.059,,,0.3866,0.6134,,True,completed
70,,321.0,481.0,160.0,,1777.802,0.0,1.0,159.0,10.676,,,0.0063,0.9938,,True,completed
74,,331.0,483.0,152.0,,1489.221,0.0,1.0,151.0,11.098,,,0.0066,0.9934,,True,completed
87,,409.0,489.0,80.0,,851.819,0.0,1.0,79.0,8.945,,,0.0125,0.9875,,True,completed
75,,350.0,498.0,148.0,,1474.863,0.0,1.0,147.0,11.287,,,0.0068,0.9932,,True,completed
69,,311.0,499.0,188.0,,1790.831,13.0,14.0,174.0,31.285,,,0.0745,0.9255,,True,completed
76,,360.0,502.0,142.0,,1775.487,0.0,1.0,141.0,10.009,,,0.007,0.993,,True,completed
72,,328.0,505.0,177.0,,1792.405,0.0,2.0,175.0,17.777,,,0.0113,0.9887,,True,completed
80,,389.0,506.0,117.0,,894.07,0.0,1.0,116.0,10.861,,,0.0085,0.9915,,True,completed
73,,330.0,508.0,178.0,,1743.057,0.0,1.0,177.0,16.245,,,0.0056,0.9944,,True,completed
92,,427.0,509.0,82.0,,876.014,0.0,1.0,81.0,7.261,,,0.0122,0.9878,,True,completed
78,,380.0,513.0,133.0,,1187.639,12.0,13.0,120.0,25.943,,,0.0977,0.9023,,True,completed
81,,392.0,515.0,123.0,,1190.662,9.0,11.0,112.0,21.099,,,0.0894,0.9106,,True,completed
100,,453.0,519.0,66.0,,590.948,0.0,1.0,65.0,5.708,,,0.0152,0.9848,,True,completed
90,,423.0,521.0,98.0,,887.398,8.0,9.0,89.0,20.507,,,0.0918,0.9082,,True,completed
94,,431.0,525.0,94.0,,854.295,0.0,1.0,93.0,10.146,,,0.0106,0.9894,,True,completed
97,,443.0,541.0,98.0,,879.073,12.0,13.0,85.0,23.298,,,0.1327,0.8673,,True,completed
85,,407.0,543.0,136.0,,1473.556,0.0,1.0,135.0,12.895,,,0.0074,0.9926,,True,completed
104,,467.0,549.0,82.0,,872.63,0.0,1.0,81.0,8.502,,,0.0122,0.9878,,True,completed
98,,443.0,549.0,106.0,,1187.836,0.0,1.0,105.0,7.561,,,0.0094,0.9906,,True,completed
84,,403.0,552.0,149.0,,1490.117,0.0,10.0,139.0,21.956,,,0.0671,0.9329,,True,completed
77,,378.0,558.0,180.0,,1478.534,0.0,1.0,179.0,15.509,,,0.0056,0.9944,,True,completed
89,,420.0,559.0,139.0,,1153.136,3.0,4.0,135.0,17.712,,,0.0288,0.9712,,True,completed
91,,424.0,566.0,142.0,,1469.003,0.0,1.0,141.0,10.777,,,0.007,0.993,,True,completed
110,,483.0,570.0,87.0,,872.44,0.0,1.0,86.0,7.693,,,0.0115,0.9885,,True,completed
88,,410.0,571.0,161.0,,1490.37,12.0,16.0,145.0,33.828,,,0.0994,0.9006,,True,completed
79,,381.0,588.0,207.0,,1777.203,0.0,1.0,206.0,18.359,,,0.0048,0.9952,,True,completed
112,,488.0,590.0,102.0,,854.533,1.0,2.0,100.0,11.523,,,0.0196,0.9804,,True,completed
108,,474.0,591.0,117.0,,1168.77,0.0,1.0,116.0,10.138,,,0.0085,0.9915,,True,completed
86,,408.0,593.0,185.0,,1742.64,0.0,13.0,172.0,30.035,,,0.0703,0.9297,,True,completed
83,,401.0,598.0,197.0,,1793.847,0.0,1.0,196.0,14.646,,,0.0051,0.9949,,True,completed
116,,504.0,599.0,95.0,,892.252,0.0,1.0,94.0,8.627,,,0.0105,0.9895,,True,completed
93,,429.0,608.0,179.0,,1780.27,0.0,1.0,178.0,12.913,,,0.0056,0.9944,,True,completed
82,,398.0,618.0,220.0,,2092.578,0.0,1.0,219.0,15.759,,,0.0045,0.9955,,True,completed
101,,456.0,625.0,169.0,,1496.231,11.0,12.0,157.0,24.943,,,0.071,0.929,,True,completed
102,,466.0,625.0,159.0,,1496.815,0.0,1.0,158.0,12.223,,,0.0063,0.9937,,True,completed
96,,437.0,628.0,191.0,,1782.262,0.0,28.0,163.0,44.62,,,0.1466,0.8534,,True,completed
107,,474.0,637.0,163.0,,1475.221,0.0,1.0,162.0,13.123,,,0.0061,0.9939,,True,completed
130,,556.0,639.0,83.0,,869.343,0.0,1.0,82.0,8.073,,,0.012,0.988,,True,completed
117,,508.0,650.0,142.0,,1492.564,0.0,1.0,141.0,10.548,,,0.007,0.993,,True,completed
131,,565.0,653.0,88.0,,891.834,0.0,1.0,87.0,6.975,,,0.0114,0.9886,,True,completed
113,,491.0,654.0,163.0,,1794.166,0.0,1.0,162.0,11.582,,,0.0061,0.9939,,True,completed
118,,515.0,658.0,143.0,,1174.222,3.0,4.0,139.0,17.657,,,0.028,0.972,,True,completed
129,,553.0,659.0,106.0,,1169.585,0.0,1.0,105.0,8.069,,,0.0094,0.9906,,True,completed
134,,573.0,659.0,86.0,,886.524,4.0,5.0,81.0,16.156,,,0.0581,0.9419,,True,completed
123,,535.0,662.0,127.0,,893.889,10.0,11.0,116.0,22.45,,,0.0866,0.9134,,True,completed
106,,471.0,663.0,192.0,,1770.675,11.0,12.0,180.0,28.387,,,0.0625,0.9375,,True,completed
127,,549.0,666.0,117.0,,891.875,4.0,5.0,112.0,15.298,,,0.0427,0.9573,,True,completed
95,,432.0,680.0,248.0,,2076.967,9.0,13.0,235.0,33.505,,,0.0524,0.9476,,True,completed
141,,602.0,685.0,83.0,,591.08,14.0,15.0,68.0,24.478,,,0.1807,0.8193,,True,completed
99,,446.0,685.0,239.0,,1774.792,0.0,1.0,238.0,20.728,,,0.0042,0.9958,,True,completed
103,,469.0,687.0,218.0,,2072.484,0.0,1.0,217.0,16.224,,,0.0046,0.9954,,True,completed
137,,582.0,697.0,115.0,,892.566,15.0,16.0,99.0,26.219,,,0.1391,0.8609,,True,completed
124,,539.0,703.0,164.0,,1776.911,0.0,3.0,161.0,25.289,,,0.0183,0.9817,,True,completed
109,,475.0,704.0,229.0,,1777.26,32.0,38.0,191.0,59.895,,,0.1659,0.8341,,True,completed
120,,527.0,704.0,177.0,,1786.781,10.0,14.0,163.0,33.789,,,0.0791,0.9209,,True,completed
114,,495.0,716.0,221.0,,1745.805,0.0,22.0,199.0,42.005,,,0.0995,0.9005,,True,completed
105,,468.0,720.0,252.0,,2374.633,31.0,37.0,215.0,66.386,,,0.1468,0.8532,,True,completed
143,,604.0,720.0,116.0,,1190.294,20.0,21.0,95.0,31.354,,,0.181,0.819,,True,completed
142,,604.0,722.0,118.0,,1194.42,2.0,3.0,115.0,14.581,,,0.0254,0.9746,,True,completed
126,,547.0,725.0,178.0,,1790.752,0.0,5.0,173.0,19.676,,,0.0281,0.9719,,True,completed
144,,612.0,727.0,115.0,,1177.805,0.0,1.0,114.0,9.843,,,0.0087,0.9913,,True,completed
121,,532.0,738.0,206.0,,1790.336,3.0,6.0,200.0,29.985,,,0.0291,0.9709,,True,completed
122,,535.0,739.0,204.0,,1748.339,0.0,37.0,167.0,53.702,,,0.1814,0.8186,,True,completed
153,,648.0,743.0,95.0,,889.922,0.0,1.0,94.0,9.38,,,0.0105,0.9895,,True,completed
111,,488.0,752.0,264.0,,2086.036,3.0,53.0,211.0,76.65,,,0.2008,0.7992,,True,completed
132,,568.0,756.0,188.0,,1493.212,0.0,18.0,170.0,34.287,,,0.0957,0.9043,,True,completed
150,,638.0,756.0,118.0,,1186.65,6.0,7.0,111.0,19.177,,,0.0593,0.9407,,True,completed
115,,503.0,757.0,254.0,,2077.58,14.0,17.0,237.0,40.764,,,0.0669,0.9331,,True,completed
119,,526.0,759.0,233.0,,2089.807,0.0,29.0,204.0,48.215,,,0.1245,0.8755,,True,completed
154,,652.0,761.0,109.0,,1169.972,0.0,1.0,108.0,8.96,,,0.0092,0.9908,,True,completed
139,,584.0,763.0,179.0,,1788.897,15.0,16.0,163.0,28.763,,,0.0894,0.9106,,True,completed
140,,591.0,767.0,176.0,,1739.298,0.0,10.0,166.0,27.655,,,0.0568,0.9432,,True,completed
125,,547.0,772.0,225.0,,1784.634,37.0,46.0,179.0,65.704,,,0.2044,0.7956,,True,completed
135,,580.0,774.0,194.0,,1493.486,0.0,1.0,193.0,16.169,,,0.0052,0.9948,,True,completed
133,,571.0,775.0,204.0,,2088.873,0.0,4.0,200.0,19.797,,,0.0196,0.9804,,True,completed
159,,673.0,784.0,111.0,,887.923,14.0,15.0,96.0,25.554,,,0.1351,0.8649,,True,completed
156,,664.0,786.0,122.0,,890.562,21.0,22.0,100.0,33.299,,,0.1803,0.8197,,True,completed
136,,581.0,790.0,209.0,,1776.8,0.0,14.0,195.0,32.848,,,0.067,0.933,,True,completed
149,,638.0,794.0,156.0,,1490.863,0.0,13.0,143.0,26.894,,,0.0833,0.9167,,True,completed
147,,622.0,799.0,177.0,,1461.11,2.0,15.0,162.0,29.85,,,0.0847,0.9153,,True,completed
128,,550.0,809.0,259.0,,2394.44,0.0,1.0,258.0,20.269,,,0.0039,0.9961,,True,completed
152,,645.0,809.0,164.0,,1487.086,0.0,17.0,147.0,34.247,,,0.1037,0.8963,,True,completed
138,,583.0,813.0,230.0,,1773.99,33.0,39.0,191.0,64.002,,,0.1696,0.8304,,True,completed
155,,657.0,815.0,158.0,,1747.676,0.0,6.0,152.0,22.974,,,0.038,0.962,,True,completed
148,,623.0,823.0,200.0,,1789.396,0.0,2.0,198.0,20.004,,,0.01,0.99,,True,completed
157,,666.0,827.0,161.0,,1774.005,16.0,17.0,144.0,35.886,,,0.1056,0.8944,,True,completed
163,,695.0,830.0,135.0,,1457.718,0.0,1.0,134.0,11.265,,,0.0074,0.9926,,True,completed
165,,707.0,838.0,131.0,,1468.357,0.0,1.0,130.0,10.121,,,0.0076,0.9924,,True,completed
161,,684.0,845.0,161.0,,1495.72,2.0,3.0,158.0,17.703,,,0.0186,0.9814,,True,completed
181,,767.0,849.0,82.0,,853.895,0.0,1.0,81.0,8.003,,,0.0122,0.9878,,True,completed
177,,756.0,851.0,95.0,,872.489,0.0,1.0,94.0,9.124,,,0.0105,0.9895,,True,completed
151,,640.0,854.0,214.0,,1781.292,0.0,41.0,173.0,55.894,,,0.1916,0.8084,,True,completed
166,,729.0,870.0,141.0,,1773.439,0.0,1.0,140.0,9.857,,,0.0071,0.9929,,True,completed
146,,620.0,871.0,251.0,,2373.043,16.0,18.0,233.0,45.801,,,0.0717,0.9283,,True,completed
179,,761.0,871.0,110.0,,891.822,0.0,1.0,109.0,12.44,,,0.0091,0.9909,,True,completed
171,,742.0,872.0,130.0,,890.989,9.0,10.0,120.0,22.437,,,0.0769,0.9231,,True,completed
145,,617.0,873.0,256.0,,2384.456,12.0,34.0,222.0,58.547,,,0.1328,0.8672,,True,completed
158,,668.0,879.0,211.0,,2077.652,35.0,36.0,175.0,51.623,,,0.1706,0.8294,,True,completed
180,,763.0,879.0,116.0,,1159.499,0.0,1.0,115.0,10.894,,,0.0086,0.9914,,True,completed
186,,783.0,882.0,99.0,,876.375,0.0,1.0,98.0,8.767,,,0.0101,0.9899,,True,completed
164,,706.0,884.0,178.0,,1791.784,1.0,5.0,173.0,26.771,,,0.0281,0.9719,,True,completed
173,,748.0,886.0,138.0,,1497.268,0.0,1.0,137.0,16.031,,,0.0072,0.9928,,True,completed
175,,755.0,892.0,137.0,,1470.01,0.0,1.0,136.0,13.468,,,0.0073,0.9927,,True,completed
178,,760.0,893.0,133.0,,1476.071,4.0,5.0,128.0,19.106,,,0.0376,0.9624,,True,completed
194,,810.0,900.0,90.0,,887.839,0.0,1.0,89.0,7.874,,,0.0111,0.9889,,True,completed
167,,731.0,906.0,175.0,,1494.044,7.0,8.0,167.0,26.01,,,0.0457,0.9543,,True,completed
201,,830.0,910.0,80.0,,887.034,0.0,1.0,79.0,6.575,,,0.0125,0.9875,,True,completed
183,,774.0,911.0,137.0,,1471.878,0.0,1.0,136.0,9.595,,,0.0073,0.9927,,True,completed
193,,807.0,922.0,115.0,,1173.684,0.0,1.0,114.0,9.283,,,0.0087,0.9913,,True,completed
160,,681.0,923.0,242.0,,1778.644,12.0,27.0,215.0,49.704,,,0.1116,0.8884,,True,completed
170,,738.0,928.0,190.0,,1488.113,15.0,16.0,174.0,31.881,,,0.0842,0.9158,,True,completed
172,,746.0,929.0,183.0,,2079.547,0.0,1.0,182.0,25.44,,,0.0055,0.9945,,True,completed
211,,863.0,939.0,76.0,,873.516,0.0,1.0,75.0,6.731,,,0.0132,0.9868,,True,completed
176,,758.0,943.0,185.0,,1775.732,6.0,7.0,178.0,23.512,,,0.0378,0.9622,,True,completed
182,,767.0,956.0,189.0,,1489.596,28.0,29.0,160.0,43.649,,,0.1534,0.8466,,True,completed
188,,794.0,957.0,163.0,,1777.94,0.0,1.0,162.0,12.04,,,0.0061,0.9939,,True,completed
174,,752.0,962.0,210.0,,2081.959,0.0,1.0,209.0,22.045,,,0.0048,0.9952,,True,completed
200,,825.0,964.0,139.0,,1473.548,0.0,1.0,138.0,10.367,,,0.0072,0.9928,,True,completed
216,,877.0,967.0,90.0,,856.32,0.0,1.0,89.0,9.689,,,0.0111,0.9889,,True,completed
214,,876.0,971.0,95.0,,854.24,0.0,1.0,94.0,8.897,,,0.0105,0.9895,,True,completed
197,,819.0,973.0,154.0,,1492.289,6.0,7.0,147.0,20.9,,,0.0455,0.9545,,True,completed
207,,856.0,973.0,117.0,,1158.034,0.0,1.0,116.0,10.785,,,0.0085,0.9915,,True,completed
196,,819.0,975.0,156.0,,1493.768,0.0,1.0,155.0,11.783,,,0.0064,0.9936,,True,completed
189,,795.0,977.0,182.0,,1191.474,0.0,29.0,153.0,46.968,,,0.1593,0.8407,,True,completed
205,,848.0,983.0,135.0,,1487.543,0.0,1.0,134.0,9.594,,,0.0074,0.9926,,True,completed
168,,734.0,988.0,254.0,,2075.612,0.0,12.0,242.0,35.898,,,0.0472,0.9528,,True,completed
169,,737.0,989.0,252.0,,2077.766,0.0,27.0,225.0,46.157,,,0.1071,0.8929,,True,completed
162,,695.0,990.0,295.0,,2390.93,9.0,78.0,217.0,104.151,,,0.2644,0.7356,,True,completed
185,,776.0,990.0,214.0,,2070.519,0.0,13.0,201.0,34.717,,,0.0607,0.9393,,True,completed
217,,883.0,994.0,111.0,,875.076,16.0,17.0,94.0,29.637,,,0.1532,0.8468,,True,completed
198,,820.0,1001.0,181.0,,1772.189,13.0,14.0,167.0,31.333,,,0.0773,0.9227,,True,completed
218,,886.0,1002.0,116.0,,891.974,23.0,24.0,92.0,34.852,,,0.2069,0.7931,,True,completed
187,,793.0,1006.0,213.0,,2077.61,0.0,1.0,212.0,15.544,,,0.0047,0.9953,,True,completed
191,,803.0,1010.0,207.0,,1742.959,13.0,41.0,166.0,63.799,,,0.1981,0.8019,,True,completed
213,,871.0,1016.0,145.0,,1194.118,0.0,1.0,144.0,11.768,,,0.0069,0.9931,,True,completed
206,,853.0,1020.0,167.0,,1743.459,4.0,5.0,162.0,21.086,,,0.0299,0.9701,,True,completed
210,,863.0,1022.0,159.0,,1493.216,0.0,8.0,151.0,26.284,,,0.0503,0.9497,,True,completed
224,,902.0,1023.0,121.0,,888.601,23.0,24.0,97.0,40.557,,,0.1983,0.8017,,True,completed
223,,898.0,1024.0,126.0,,1153.184,0.0,1.0,125.0,11.171,,,0.0079,0.9921,,True,completed
246,,966.0,1024.0,58.0,,573.219,0.0,1.0,57.0,8.138,,,0.0172,0.9828,,True,completed
239,,938.0,1027.0,89.0,,850.516,0.0,1.0,88.0,9.31,,,0.0112,0.9888,,True,completed
192,,804.0,1031.0,227.0,,2379.5,0.0,1.0,226.0,15.639,,,0.0044,0.9956,,True,completed
209,,861.0,1031.0,170.0,,1471.936,24.0,25.0,145.0,42.826,,,0.1471,0.8529,,True,completed
190,,802.0,1039.0,237.0,,2091.113,4.0,5.0,232.0,24.555,,,0.0211,0.9789,,True,completed
241,,944.0,1039.0,95.0,,849.913,0.0,1.0,94.0,9.756,,,0.0105,0.9895,,True,completed
208,,860.0,1040.0,180.0,,1772.686,3.0,4.0,176.0,19.583,,,0.0222,0.9778,,True,completed
202,,837.0,1043.0,206.0,,1475.133,0.0,16.0,190.0,37.55,,,0.0777,0.9223,,True,completed
238,,936.0,1043.0,107.0,,1177.172,0.0,1.0,106.0,10.468,,,0.0093,0.9907,,True,completed
221,,894.0,1044.0,150.0,,1194.895,17.0,37.0,113.0,50.324,,,0.2467,0.7533,,True,completed
232,,926.0,1044.0,118.0,,1171.457,0.0,1.0,117.0,9.757,,,0.0085,0.9915,,True,completed
219,,892.0,1045.0,153.0,,1488.285,0.0,1.0,152.0,10.961,,,0.0065,0.9935,,True,completed
247,,967.0,1045.0,78.0,,867.458,0.0,1.0,77.0,7.297,,,0.0128,0.9872,,True,completed
199,,820.0,1049.0,229.0,,2369.788,0.0,3.0,226.0,23.783,,,0.0131,0.9869,,True,completed
195,,809.0,1050.0,241.0,,1793.963,29.0,73.0,168.0,93.624,,,0.3029,0.6971,,True,completed
226,,913.0,1056.0,143.0,,1740.795,0.0,1.0,142.0,12.227,,,0.007,0.993,,True,completed
204,,846.0,1060.0,214.0,,1745.383,55.0,56.0,158.0,72.631,,,0.2617,0.7383,,True,completed
215,,876.0,1067.0,191.0,,1781.9,0.0,17.0,174.0,41.408,,,0.089,0.911,,True,completed
203,,842.0,1070.0,228.0,,2074.968,0.0,1.0,227.0,17.579,,,0.0044,0.9956,,True,completed
234,,930.0,1070.0,140.0,,1171.264,0.0,1.0,139.0,11.992,,,0.0071,0.9929,,True,completed
242,,949.0,1071.0,122.0,,1186.583,0.0,1.0,121.0,15.279,,,0.0082,0.9918,,True,completed
264,,1017.0,1075.0,58.0,,588.309,0.0,1.0,57.0,5.564,,,0.0172,0.9828,,True,completed
225,,903.0,1076.0,173.0,,1771.635,10.0,11.0,162.0,25.113,,,0.0636,0.9364,,True,completed
255,,993.0,1077.0,84.0,,889.533,0.0,1.0,83.0,6.968,,,0.0119,0.9881,,True,completed
240,,940.0,1078.0,138.0,,1154.736,3.0,4.0,134.0,17.688,,,0.029,0.971,,True,completed
233,,928.0,1080.0,152.0,,1494.417,10.0,11.0,141.0,31.953,,,0.0724,0.9276,,True,completed
184,,774.0,1081.0,307.0,,2073.166,0.0,36.0,271.0,68.61,,,0.1173,0.8827,,True,completed
266,,1018.0,1081.0,63.0,,886.124,0.0,1.0,62.0,5.975,,,0.0159,0.9841,,True,completed
220,,892.0,1085.0,193.0,,1775.349,0.0,16.0,177.0,35.737,,,0.0829,0.9171,,True,completed
257,,1001.0,1092.0,91.0,,886.537,0.0,1.0,90.0,7.406,,,0.011,0.989,,True,completed
267,,1019.0,1099.0,80.0,,849.73,0.0,1.0,79.0,9.618,,,0.0125,0.9875,,True,completed
263,,1016.0,1102.0,86.0,,855.527,0.0,1.0,85.0,7.904,,,0.0116,0.9884,,True,completed
212,,865.0,1103.0,238.0,,2091.364,8.0,21.0,217.0,48.286,,,0.0882,0.9118,,True,completed
235,,931.0,1105.0,174.0,,1485.541,0.0,21.0,153.0,33.63,,,0.1207,0.8793,,True,completed
248,,971.0,1109.0,138.0,,1195.498,20.0,30.0,108.0,45.176,,,0.2174,0.7826,,True,completed
230,,924.0,1119.0,195.0,,2091.435,0.0,1.0,194.0,12.987,,,0.0051,0.9949,,True,completed
280,,1055.0,1120.0,65.0,,590.684,0.0,1.0,64.0,5.926,,,0.0154,0.9846,,True,completed
250,,978.0,1123.0,145.0,,1192.47,17.0,18.0,127.0,35.523,,,0.1241,0.8759,,True,completed
271,,1030.0,1125.0,95.0,,884.855,10.0,11.0,84.0,22.422,,,0.1158,0.8842,,True,completed
244,,957.0,1127.0,170.0,,1777.486,0.0,1.0,169.0,11.418,,,0.0059,0.9941,,True,completed
245,,960.0,1134.0,174.0,,1486.464,0.0,4.0,170.0,17.889,,,0.023,0.977,,True,completed
249,,972.0,1135.0,163.0,,1744.421,0.0,1.0,162.0,14.107,,,0.0061,0.9939,,True,completed
253,,988.0,1141.0,153.0,,1188.417,19.0,31.0,122.0,48.429,,,0.2026,0.7974,,True,completed
236,,933.0,1142.0,209.0,,1775.274,0.0,27.0,182.0,43.821,,,0.1292,0.8708,,True,completed
261,,1009.0,1146.0,137.0,,1173.781,5.0,6.0,131.0,19.847,,,0.0438,0.9562,,True,completed
296,,1093.0,1146.0,53.0,,570.508,0.0,1.0,52.0,5.84,,,0.0189,0.9811,,True,completed
256,,1001.0,1151.0,150.0,,1156.839,29.0,30.0,120.0,43.987,,,0.2,0.8,,True,completed
228,,920.0,1153.0,233.0,,2370.085,0.0,6.0,227.0,25.756,,,0.0258,0.9742,,True,completed
229,,922.0,1153.0,231.0,,2391.156,0.0,4.0,227.0,22.214,,,0.0173,0.9827,,True,completed
227,,918.0,1154.0,236.0,,2071.435,0.0,44.0,192.0,63.008,,,0.1864,0.8136,,True,completed
268,,1024.0,1154.0,130.0,,1484.713,0.0,1.0,129.0,8.673,,,0.0077,0.9923,,True,completed
237,,934.0,1157.0,223.0,,1782.285,0.0,63.0,160.0,78.444,,,0.2825,0.7175,,True,completed
275,,1043.0,1161.0,118.0,,1171.058,0.0,1.0,117.0,9.244,,,0.0085,0.9915,,True,completed
282,,1057.0,1165.0,108.0,,890.138,7.0,8.0,100.0,19.841,,,0.0741,0.9259,,True,completed
222,,897.0,1166.0,269.0,,2076.501,0.0,6.0,263.0,29.158,,,0.0223,0.9777,,True,completed
276,,1044.0,1169.0,125.0,,1191.643,5.0,6.0,119.0,18.648,,,0.048,0.952,,True,completed
260,,1009.0,1170.0,161.0,,1169.73,13.0,19.0,142.0,38.418,,,0.118,0.882,,True,completed
231,,926.0,1171.0,245.0,,2087.864,10.0,34.0,211.0,58.6,,,0.1388,0.8612,,True,completed
243,,950.0,1171.0,221.0,,1787.967,23.0,44.0,177.0,67.834,,,0.1991,0.8009,,True,completed
288,,1073.0,1180.0,107.0,,853.708,0.0,1.0,106.0,10.685,,,0.0093,0.9907,,True,completed
283,,1061.0,1189.0,128.0,,1477.014,0.0,1.0,127.0,8.593,,,0.0078,0.9922,,True,completed
272,,1032.0,1191.0,159.0,,1452.488,13.0,16.0,143.0,35.922,,,0.1006,0.8994,,True,completed
251,,978.0,1195.0,217.0,,1745.306,0.0,7.0,210.0,28.099,,,0.0323,0.9677,,True,completed
291,,1080.0,1195.0,115.0,,1160.938,0.0,1.0,114.0,9.868,,,0.0087,0.9913,,True,completed
277,,1047.0,1198.0,151.0,,1490.792,9.0,10.0,141.0,22.955,,,0.0662,0.9338,,True,completed
301,,1117.0,1198.0,81.0,,850.468,0.0,1.0,80.0,7.937,,,0.0123,0.9877,,True,completed
311,,1139.0,1199.0,60.0,,567.305,0.0,1.0,59.0,6.843,,,0.0167,0.9833,,True,completed
278,,1050.0,1202.0,152.0,,1476.819,0.0,1.0,151.0,11.699,,,0.0066,0.9934,,True,completed
262,,1009.0,1203.0,194.0,,1485.962,36.0,39.0,155.0,57.533,,,0.201,0.799,,True,completed
259,,1006.0,1204.0,198.0,,1739.712,12.0,13.0,185.0,32.321,,,0.0657,0.9343,,True,completed
287,,1072.0,1208.0,136.0,,1494.015,0.0,1.0,135.0,10.163,,,0.0074,0.9926,,True,completed
305,,1128.0,1210.0,82.0,,886.919,0.0,1.0,81.0,6.959,,,0.0122,0.9878,,True,completed
269,,1027.0,1212.0,185.0,,1495.11,0.0,16.0,169.0,32.743,,,0.0865,0.9135,,True,completed
265,,1017.0,1216.0,199.0,,2076.678,0.0,1.0,198.0,14.022,,,0.005,0.995,,True,completed
274,,1041.0,1222.0,181.0,,1779.264,1.0,4.0,177.0,24.594,,,0.0221,0.9779,,True,completed
281,,1055.0,1226.0,171.0,,1471.387,3.0,5.0,166.0,25.26,,,0.0292,0.9708,,True,completed
303,,1127.0,1226.0,99.0,,891.968,0.0,1.0,98.0,11.478,,,0.0101,0.9899,,True,completed
254,,991.0,1229.0,238.0,,2369.83,0.0,1.0,237.0,19.679,,,0.0042,0.9958,,True,completed
290,,1078.0,1231.0,153.0,,1770.854,0.0,1.0,152.0,10.959,,,0.0065,0.9935,,True,completed
252,,978.0,1235.0,257.0,,2091.047,21.0,28.0,229.0,59.373,,,0.1089,0.8911,,True,completed
286,,1071.0,1239.0,168.0,,1778.126,0.0,4.0,164.0,19.424,,,0.0238,0.9762,,True,completed
293,,1087.0,1239.0,152.0,,1188.879,0.0,6.0,146.0,21.164,,,0.0395,0.9605,,True,completed
279,,1054.0,1250.0,196.0,,2074.706,0.0,1.0,195.0,13.496,,,0.0051,0.9949,,True,completed
295,,1087.0,1250.0,163.0,,1780.773,5.0,6.0,157.0,22.788,,,0.0368,0.9632,,True,completed
300,,1110.0,1254.0,144.0,,1178.427,14.0,15.0,129.0,32.205,,,0.1042,0.8958,,True,completed
299,,1103.0,1255.0,152.0,,1777.879,0.0,1.0,151.0,10.624,,,0.0066,0.9934,,True,completed
304,,1127.0,1260.0,133.0,,1477.029,0.0,1.0,132.0,9.081,,,0.0075,0.9925,,True,completed
306,,1129.0,1267.0,138.0,,1158.176,6.0,7.0,131.0,21.978,,,0.0507,0.9493,,True,completed
298,,1096.0,1269.0,173.0,,1474.455,0.0,10.0,163.0,28.748,,,0.0578,0.9422,,True,completed
320,,1161.0,1271.0,110.0,,896.763,0.0,1.0,109.0,8.967,,,0.0091,0.9909,,True,completed
270,,1029.0,1272.0,243.0,,2079.794,8.0,25.0,218.0,57.461,,,0.1029,0.8971,,True,completed
308,,1131.0,1277.0,146.0,,1785.16,10.0,11.0,135.0,25.957,,,0.0753,0.9247,,True,completed
321,,1160.0,1278.0,118.0,,1173.706,5.0,6.0,112.0,17.504,,,0.0508,0.9492,,True,completed
322,,1161.0,1278.0,117.0,,1155.719,3.0,4.0,113.0,16.967,,,0.0342,0.9658,,True,completed
315,,1151.0,1279.0,128.0,,1188.586,12.0,13.0,115.0,26.433,,,0.1016,0.8984,,True,completed
285,,1069.0,1288.0,219.0,,1775.061,7.0,8.0,211.0,28.212,,,0.0365,0.9635,,True,completed
302,,1125.0,1289.0,164.0,,1773.25,0.0,1.0,163.0,11.544,,,0.0061,0.9939,,True,completed
273,,1040.0,1290.0,250.0,,1790.901,21.0,24.0,226.0,49.438,,,0.096,0.904,,True,completed
258,,1003.0,1292.0,289.0,,2379.536,19.0,45.0,244.0,72.367,,,0.1557,0.8443,,True,completed
307,,1133.0,1292.0,159.0,,1486.467,19.0,23.0,136.0,35.477,,,0.1447,0.8553,,True,completed
342,,1205.0,1292.0,87.0,,857.388,0.0,1.0,86.0,9.617,,,0.0115,0.9885,,True,completed
294,,1087.0,1293.0,206.0,,1775.663,0.0,3.0,203.0,21.632,,,0.0146,0.9854,,True,completed
356,,1240.0,1294.0,54.0,,575.399,0.0,1.0,53.0,5.712,,,0.0185,0.9815,,True,completed
292,,1081.0,1296.0,215.0,,2095.51,0.0,7.0,208.0,51.033,,,0.0326,0.9674,,True,completed
289,,1076.0,1300.0,224.0,,2094.948,0.0,1.0,223.0,20.079,,,0.0045,0.9955,,True,completed
331,,1185.0,1302.0,117.0,,891.923,28.0,29.0,88.0,38.155,,,0.2479,0.7521,,True,completed
297,,1096.0,1303.0,207.0,,1794.089,8.0,24.0,183.0,40.545,,,0.1159,0.8841,,True,completed
340,,1204.0,1304.0,100.0,,893.906,3.0,4.0,96.0,15.89,,,0.04,0.96,,True,completed
347,,1219.0,1304.0,85.0,,875.413,0.0,1.0,84.0,8.28,,,0.0118,0.9882,,True,completed
284,,1068.0,1315.0,247.0,,2078.549,12.0,23.0,224.0,47.341,,,0.0931,0.9069,,True,completed
327,,1179.0,1322.0,143.0,,1486.524,0.0,1.0,142.0,20.23,,,0.007,0.993,,True,completed
317,,1154.0,1326.0,172.0,,1744.919,0.0,1.0,171.0,15.672,,,0.0058,0.9942,,True,completed
341,,1207.0,1326.0,119.0,,1191.485,3.0,4.0,115.0,17.594,,,0.0336,0.9664,,True,completed
345,,1214.0,1327.0,113.0,,887.231,12.0,13.0,100.0,24.647,,,0.115,0.885,,True,completed
326,,1176.0,1328.0,152.0,,1486.097,0.0,1.0,151.0,11.577,,,0.0066,0.9934,,True,completed
312,,1144.0,1331.0,187.0,,1740.419,0.0,1.0,186.0,16.052,,,0.0053,0.9947,,True,completed
318,,1158.0,1334.0,176.0,,1746.426,0.0,1.0,175.0,14.414,,,0.0057,0.9943,,True,completed
316,,1152.0,1338.0,186.0,,2074.956,3.0,13.0,173.0,38.237,,,0.0699,0.9301,,True,completed
337,,1199.0,1347.0,148.0,,1485.806,0.0,1.0,147.0,10.575,,,0.0068,0.9932,,True,completed
330,,1183.0,1350.0,167.0,,1741.428,0.0,1.0,166.0,15.525,,,0.006,0.994,,True,completed
338,,1199.0,1357.0,158.0,,1492.001,0.0,10.0,148.0,25.7,,,0.0633,0.9367,,True,completed
372,,1277.0,1357.0,80.0,,867.501,0.0,1.0,79.0,7.32,,,0.0125,0.9875,,True,completed
310,,1134.0,1361.0,227.0,,2074.776,0.0,1.0,226.0,16.914,,,0.0044,0.9956,,True,completed
313,,1146.0,1363.0,217.0,,1739.559,0.0,32.0,185.0,56.605,,,0.1475,0.8525,,True,completed
325,,1176.0,1363.0,187.0,,1739.485,0.0,1.0,186.0,29.005,,,0.0053,0.9947,,True,completed
333,,1193.0,1364.0,171.0,,1779.426,5.0,6.0,165.0,20.287,,,0.0351,0.9649,,True,completed
319,,1159.0,1367.0,208.0,,1743.652,0.0,1.0,207.0,18.89,,,0.0048,0.9952,,True,completed
390,,1312.0,1368.0,56.0,,566.046,0.0,1.0,55.0,6.512,,,0.0179,0.9821,,True,completed
314,,1146.0,1369.0,223.0,,2375.951,0.0,1.0,222.0,14.548,,,0.0045,0.9955,,True,completed
309,,1133.0,1371.0,238.0,,2092.836,19.0,35.0,203.0,68.102,,,0.1471,0.8529,,True,completed
323,,1163.0,1372.0,209.0,,2070.2,6.0,7.0,202.0,25.379,,,0.0335,0.9665,,True,completed
336,,1198.0,1376.0,178.0,,1491.932,2.0,11.0,167.0,30.325,,,0.0618,0.9382,,True,completed
370,,1275.0,1376.0,101.0,,886.174,15.0,16.0,85.0,27.737,,,0.1584,0.8416,,True,completed
344,,1214.0,1379.0,165.0,,1487.647,0.0,1.0,164.0,17.339,,,0.0061,0.9939,,True,completed
351,,1224.0,1379.0,155.0,,1489.281,0.0,7.0,148.0,19.278,,,0.0452,0.9548,,True,completed
355,,1230.0,1380.0,150.0,,1486.135,9.0,10.0,140.0,24.858,,,0.0667,0.9333,,True,completed
343,,1211.0,1382.0,171.0,,1739.359,0.0,1.0,170.0,29.72,,,0.0058,0.9942,,True,completed
346,,1216.0,1384.0,168.0,,1793.351,0.0,1.0,167.0,24.043,,,0.006,0.994,,True,completed
385,,1298.0,1384.0,86.0,,886.614,0.0,1.0,85.0,7.323,,,0.0116,0.9884,,True,completed
334,,1194.0,1385.0,191.0,,1743.745,0.0,1.0,190.0,19.726,,,0.0052,0.9948,,True,completed
328,,1179.0,1388.0,209.0,,1778.231,11.0,12.0,197.0,30.318,,,0.0574,0.9426,,True,completed
362,,1259.0,1397.0,138.0,,1177.084,0.0,1.0,137.0,12.233,,,0.0072,0.9928,,True,completed
365,,1265.0,1401.0,136.0,,1189.114,15.0,16.0,120.0,28.484,,,0.1176,0.8824,,True,completed
407,,1346.0,1401.0,55.0,,566.51,0.0,1.0,54.0,6.848,,,0.0182,0.9818,,True,completed
361,,1254.0,1406.0,152.0,,886.958,45.0,69.0,83.0,78.948,,,0.4539,0.5461,,True,completed
376,,1287.0,1406.0,119.0,,1170.309,0.0,1.0,118.0,11.099,,,0.0084,0.9916,,True,completed
339,,1204.0,1413.0,209.0,,2073.218,0.0,1.0,208.0,14.579,,,0.0048,0.9952,,True,completed
354,,1229.0,1414.0,185.0,,1742.358,0.0,1.0,184.0,18.3,,,0.0054,0.9946,,True,completed
357,,1243.0,1414.0,171.0,,1472.253,18.0,19.0,152.0,43.086,,,0.1111,0.8889,,True,completed
353,,1228.0,1416.0,188.0,,1490.706,19.0,20.0,168.0,36.324,,,0.1064,0.8936,,True,completed
329,,1181.0,1417.0,236.0,,1794.496,23.0,32.0,204.0,59.028,,,0.1356,0.8644,,True,completed
352,,1226.0,1417.0,191.0,,1486.841,17.0,30.0,161.0,54.32,,,0.1571,0.8429,,True,completed
349,,1219.0,1418.0,199.0,,2079.529,5.0,6.0,193.0,21.785,,,0.0302,0.9698,,True,completed
404,,1337.0,1419.0,82.0,,878.437,0.0,1.0,81.0,7.35,,,0.0122,0.9878,,True,completed
375,,1286.0,1420.0,134.0,,1490.518,0.0,1.0,133.0,9.804,,,0.0075,0.9925,,True,completed
384,,1297.0,1420.0,123.0,,1193.156,5.0,6.0,117.0,17.774,,,0.0488,0.9512,,True,completed
324,,1165.0,1421.0,256.0,,2074.65,0.0,43.0,213.0,67.495,,,0.168,0.832,,True,completed
358,,1244.0,1421.0,177.0,,1772.931,8.0,9.0,168.0,23.161,,,0.0508,0.9492,,True,completed
360,,1249.0,1423.0,174.0,,1490.645,6.0,16.0,158.0,35.617,,,0.092,0.908,,True,completed
381,,1293.0,1426.0,133.0,,1156.854,4.0,5.0,128.0,19.441,,,0.0376,0.9624,,True,completed
408,,1347.0,1427.0,80.0,,855.249,0.0,1.0,79.0,7.787,,,0.0125,0.9875,,True,completed
359,,1248.0,1439.0,191.0,,1458.81,0.0,1.0,190.0,18.052,,,0.0052,0.9948,,True,completed
413,,1351.0,1442.0,91.0,,854.324,0.0,1.0,90.0,9.558,,,0.011,0.989,,True,completed
414,,1360.0,1442.0,82.0,,852.706,0.0,1.0,81.0,9.009,,,0.0122,0.9878,,True,completed
366,,1270.0,1443.0,173.0,,1496.41,15.0,17.0,156.0,34.406,,,0.0983,0.9017,,True,completed
335,,1196.0,1451.0,255.0,,1735.238,36.0,82.0,173.0,103.446,,,0.3216,0.6784,,True,completed
374,,1281.0,1451.0,170.0,,1781.362,0.0,1.0,169.0,15.064,,,0.0059,0.9941,,True,completed
369,,1273.0,1453.0,180.0,,1782.375,0.0,11.0,169.0,26.932,,,0.0611,0.9389,,True,completed
379,,1289.0,1453.0,164.0,,1490.612,0.0,1.0,163.0,12.198,,,0.0061,0.9939,,True,completed
383,,1296.0,1458.0,162.0,,1454.473,2.0,3.0,159.0,20.057,,,0.0185,0.9815,,True,completed
373,,1277.0,1459.0,182.0,,1781.249,22.0,24.0,158.0,38.989,,,0.1319,0.8681,,True,completed
418,,1375.0,1461.0,86.0,,885.496,7.0,8.0,78.0,19.358,,,0.093,0.907,,True,completed
348,,1219.0,1463.0,244.0,,2371.946,0.0,1.0,243.0,18.519,,,0.0041,0.9959,,True,completed
371,,1276.0,1463.0,187.0,,1491.195,36.0,37.0,150.0,51.558,,,0.1979,0.8021,,True,completed
332,,1188.0,1466.0,278.0,,2079.269,27.0,47.0,231.0,72.794,,,0.1691,0.8309,,True,completed
419,,1383.0,1466.0,83.0,,849.531,0.0,1.0,82.0,8.424,,,0.012,0.988,,True,completed
367,,1272.0,1472.0,200.0,,1744.915,5.0,24.0,176.0,47.901,,,0.12,0.88,,True,completed
394,,1320.0,1475.0,155.0,,1454.763,0.0,1.0,154.0,34.923,,,0.0065,0.9935,,True,completed
417,,1373.0,1475.0,102.0,,1192.695,0.0,1.0,101.0,12.043,,,0.0098,0.9902,,True,completed
382,,1291.0,1479.0,188.0,,1474.705,42.0,45.0,143.0,61.024,,,0.2394,0.7606,,True,completed
364,,1262.0,1481.0,219.0,,2078.503,0.0,8.0,211.0,25.254,,,0.0365,0.9635,,True,completed
386,,1306.0,1481.0,175.0,,1457.229,0.0,1.0,174.0,15.233,,,0.0057,0.9943,,True,completed
401,,1329.0,1481.0,152.0,,1192.915,23.0,37.0,115.0,54.885,,,0.2434,0.7566,,True,completed
433,,1410.0,1481.0,71.0,,572.345,0.0,1.0,70.0,7.807,,,0.0141,0.9859,,True,completed
410,,1350.0,1483.0,133.0,,1185.534,9.0,10.0,123.0,22.662,,,0.0752,0.9248,,True,completed
388,,1310.0,1486.0,176.0,,1775.301,2.0,8.0,168.0,27.944,,,0.0455,0.9545,,True,completed
391,,1313.0,1487.0,174.0,,1784.816,19.0,20.0,154.0,34.628,,,0.1149,0.8851,,True,completed
406,,1344.0,1487.0,143.0,,1476.646,0.0,8.0,135.0,24.886,,,0.0559,0.9441,,True,completed
431,,1400.0,1489.0,89.0,,872.515,0.0,1.0,88.0,7.819,,,0.0112,0.9888,,True,completed
400,,1327.0,1493.0,166.0,,1190.602,3.0,20.0,146.0,37.556,,,0.1205,0.8795,,True,completed
399,,1325.0,1494.0,169.0,,1772.617,0.0,1.0,168.0,16.368,,,0.0059,0.9941,,True,completed
363,,1260.0,1496.0,236.0,,2088.961,15.0,31.0,205.0,55.276,,,0.1314,0.8686,,True,completed
378,,1289.0,1496.0,207.0,,1775.927,0.0,18.0,189.0,36.814,,,0.087,0.913,,True,completed
380,,1290.0,1496.0,206.0,,1775.061,14.0,15.0,191.0,31.853,,,0.0728,0.9272,,True,completed
395,,1322.0,1504.0,182.0,,1489.487,7.0,24.0,158.0,41.666,,,0.1319,0.8681,,True,completed
350,,1220.0,1509.0,289.0,,2377.673,20.0,21.0,268.0,50.57,,,0.0727,0.9273,,True,completed
387,,1307.0,1510.0,203.0,,1779.349,25.0,36.0,167.0,59.007,,,0.1773,0.8227,,True,completed
420,,1386.0,1510.0,124.0,,1190.003,6.0,7.0,117.0,17.962,,,0.0565,0.9435,,True,completed
429,,1395.0,1516.0,121.0,,1185.876,7.0,8.0,113.0,25.548,,,0.0661,0.9339,,True,completed
396,,1322.0,1519.0,197.0,,1779.203,0.0,6.0,191.0,25.566,,,0.0305,0.9695,,True,completed
454,,1454.0,1520.0,66.0,,570.429,0.0,1.0,65.0,6.675,,,0.0152,0.9848,,True,completed
377,,1288.0,1531.0,243.0,,2089.895,20.0,53.0,190.0,72.786,,,0.2181,0.7819,,True,completed
411,,1350.0,1535.0,185.0,,1473.245,14.0,23.0,162.0,42.782,,,0.1243,0.8757,,True,completed
412,,1353.0,1535.0,182.0,,1475.555,14.0,21.0,161.0,53.443,,,0.1154,0.8846,,True,completed
424,,1388.0,1538.0,150.0,,1453.413,4.0,5.0,145.0,21.919,,,0.0333,0.9667,,True,completed
389,,1311.0,1543.0,232.0,,2090.483,9.0,19.0,213.0,41.334,,,0.0819,0.9181,,True,completed
464,,1477.0,1543.0,66.0,,573.637,0.0,1.0,65.0,6.764,,,0.0152,0.9848,,True,completed
416,,1365.0,1546.0,181.0,,1486.052,3.0,16.0,165.0,34.342,,,0.0884,0.9116,,True,completed
402,,1329.0,1548.0,219.0,,2090.997,0.0,11.0,208.0,29.054,,,0.0502,0.9498,,True,completed
452,,1453.0,1553.0,100.0,,856.113,0.0,1.0,99.0,9.944,,,0.01,0.99,,True,completed
421,,1385.0,1554.0,169.0,,1775.843,0.0,1.0,168.0,12.867,,,0.0059,0.9941,,True,completed
461,,1472.0,1556.0,84.0,,570.755,0.0,1.0,83.0,10.022,,,0.0119,0.9881,,True,completed
428,,1394.0,1558.0,164.0,,1782.162,0.0,1.0,163.0,12.36,,,0.0061,0.9939,,True,completed
392,,1315.0,1561.0,246.0,,1795.182,1.0,69.0,177.0,86.48,,,0.2805,0.7195,,True,completed
442,,1431.0,1561.0,130.0,,1461.338,0.0,1.0,129.0,21.482,,,0.0077,0.9923,,True,completed
409,,1348.0,1569.0,221.0,,1775.469,0.0,29.0,192.0,45.808,,,0.1312,0.8688,,True,completed
368,,1272.0,1572.0,300.0,,2376.943,18.0,56.0,244.0,86.588,,,0.1867,0.8133,,True,completed
422,,1386.0,1573.0,187.0,,1190.931,7.0,61.0,126.0,79.342,,,0.3262,0.6738,,True,completed
437,,1417.0,1573.0,156.0,,1474.587,0.0,13.0,143.0,27.979,,,0.0833,0.9167,,True,completed
403,,1333.0,1576.0,243.0,,2076.074,0.0,21.0,222.0,50.171,,,0.0864,0.9136,,True,completed
405,,1343.0,1579.0,236.0,,2084.795,15.0,42.0,194.0,69.657,,,0.178,0.822,,True,completed
465,,1478.0,1580.0,102.0,,895.31,0.0,1.0,101.0,8.394,,,0.0098,0.9902,,True,completed
439,,1421.0,1583.0,162.0,,1780.423,0.0,1.0,161.0,12.379,,,0.0062,0.9938,,True,completed
486,,1505.0,1584.0,79.0,,851.233,0.0,1.0,78.0,8.395,,,0.0127,0.9873,,True,completed
468,,1486.0,1585.0,99.0,,886.627,0.0,1.0,98.0,13.166,,,0.0101,0.9899,,True,completed
423,,1387.0,1586.0,199.0,,1769.221,0.0,21.0,178.0,40.413,,,0.1055,0.8945,,True,completed
505,,1538.0,1588.0,50.0,,595.521,0.0,1.0,49.0,4.646,,,0.02,0.98,,True,completed
397,,1322.0,1590.0,268.0,,2077.605,25.0,69.0,199.0,101.977,,,0.2575,0.7425,,True,completed
441,,1431.0,1596.0,165.0,,1471.558,3.0,4.0,161.0,19.259,,,0.0242,0.9758,,True,completed
435,,1415.0,1600.0,185.0,,1473.093,0.0,1.0,184.0,15.025,,,0.0054,0.9946,,True,completed
451,,1451.0,1602.0,151.0,,1772.216,0.0,1.0,150.0,15.161,,,0.0066,0.9934,,True,completed
449,,1447.0,1603.0,156.0,,1477.616,6.0,7.0,149.0,20.27,,,0.0449,0.9551,,True,completed
474,,1492.0,1606.0,114.0,,1187.241,3.0,4.0,110.0,15.852,,,0.0351,0.9649,,True,completed
430,,1396.0,1609.0,213.0,,2082.111,0.0,6.0,207.0,35.173,,,0.0282,0.9718,,True,completed
434,,1412.0,1610.0,198.0,,1475.765,34.0,55.0,143.0,77.568,,,0.2778,0.7222,,True,completed
427,,1393.0,1613.0,220.0,,2075.766,0.0,7.0,213.0,23.368,,,0.0318,0.9682,,True,completed
498,,1531.0,1615.0,84.0,,889.872,0.0,1.0,83.0,8.63,,,0.0119,0.9881,,True,completed
518,,1554.0,1615.0,61.0,,571.622,0.0,1.0,60.0,7.015,,,0.0164,0.9836,,True,completed
443,,1436.0,1621.0,185.0,,1794.475,5.0,15.0,170.0,33.975,,,0.0811,0.9189,,True,completed
447,,1443.0,1621.0,178.0,,1788.87,0.0,1.0,177.0,15.051,,,0.0056,0.9944,,True,completed
446,,1442.0,1623.0,181.0,,1739.175,2.0,3.0,178.0,20.919,,,0.0166,0.9834,,True,completed
453,,1456.0,1625.0,169.0,,1488.688,5.0,6.0,163.0,22.369,,,0.0355,0.9645,,True,completed
463,,1474.0,1630.0,156.0,,1492.166,0.0,1.0,155.0,11.37,,,0.0064,0.9936,,True,completed
504,,1537.0,1631.0,94.0,,868.624,5.0,6.0,88.0,16.253,,,0.0638,0.9362,,True,completed
448,,1447.0,1633.0,186.0,,1780.956,10.0,11.0,175.0,27.432,,,0.0591,0.9409,,True,completed
398,,1323.0,1637.0,314.0,,2375.864,0.0,45.0,269.0,73.926,,,0.1433,0.8567,,True,completed
426,,1393.0,1637.0,244.0,,2091.858,1.0,8.0,236.0,31.082,,,0.0328,0.9672,,True,completed
436,,1415.0,1639.0,224.0,,2081.313,0.0,15.0,209.0,32.538,,,0.067,0.933,,True,completed
506,,1539.0,1639.0,100.0,,885.554,12.0,13.0,87.0,29.737,,,0.13,0.87,,True,completed
482,,1501.0,1640.0,139.0,,1477.622,0.0,1.0,138.0,12.435,,,0.0072,0.9928,,True,completed
525,,1561.0,1645.0,84.0,,853.627,0.0,1.0,83.0,9.225,,,0.0119,0.9881,,True,completed
481,,1500.0,1653.0,153.0,,1188.585,26.0,27.0,126.0,43.964,,,0.1765,0.8235,,True,completed
456,,1458.0,1656.0,198.0,,1746.426,0.0,1.0,197.0,19.354,,,0.0051,0.9949,,True,completed
457,,1462.0,1656.0,194.0,,1775.994,2.0,3.0,191.0,19.221,,,0.0155,0.9845,,True,completed
479,,1500.0,1656.0,156.0,,1193.708,0.0,16.0,140.0,29.319,,,0.1026,0.8974,,True,completed
438,,1417.0,1657.0,240.0,,1775.181,16.0,17.0,223.0,37.66,,,0.0708,0.9292,,True,completed
462,,1473.0,1657.0,184.0,,892.052,54.0,78.0,106.0,91.897,,,0.4239,0.5761,,True,completed
528,,1566.0,1659.0,93.0,,1191.984,0.0,1.0,92.0,6.918,,,0.0108,0.9892,,True,completed
510,,1541.0,1661.0,120.0,,1159.265,0.0,1.0,119.0,10.813,,,0.0083,0.9917,,True,completed
459,,1468.0,1666.0,198.0,,1744.406,1.0,2.0,196.0,22.203,,,0.0101,0.9899,,True,completed
466,,1483.0,1666.0,183.0,,1494.317,8.0,12.0,171.0,34.81,,,0.0656,0.9344,,True,completed
527,,1566.0,1668.0,102.0,,890.062,25.0,26.0,76.0,36.343,,,0.2549,0.7451,,True,completed
476,,1495.0,1671.0,176.0,,1473.839,30.0,31.0,145.0,50.355,,,0.1761,0.8239,,True,completed
487,,1507.0,1676.0,169.0,,1497.535,0.0,14.0,155.0,34.252,,,0.0828,0.9172,,True,completed
432,,1402.0,1679.0,277.0,,1793.717,32.0,76.0,201.0,96.822,,,0.2744,0.7256,,True,completed
514,,1548.0,1681.0,133.0,,1173.349,12.0,13.0,120.0,27.759,,,0.0977,0.9023,,True,completed
507,,1540.0,1683.0,143.0,,1153.332,0.0,1.0,142.0,12.721,,,0.007,0.993,,True,completed
493,,1518.0,1686.0,168.0,,1468.912,5.0,9.0,159.0,27.826,,,0.0536,0.9464,,True,completed
552,,1605.0,1687.0,82.0,,868.128,0.0,1.0,81.0,7.611,,,0.0122,0.9878,,True,completed
425,,1392.0,1688.0,296.0,,2378.259,0.0,13.0,283.0,36.515,,,0.0439,0.9561,,True,completed
444,,1438.0,1688.0,250.0,,1745.1,0.0,47.0,203.0,69.286,,,0.188,0.812,,True,completed
455,,1457.0,1688.0,231.0,,1776.507,11.0,28.0,203.0,51.437,,,0.1212,0.8788,,True,completed
445,,1441.0,1692.0,251.0,,1769.731,57.0,69.0,182.0,89.633,,,0.2749,0.7251,,True,completed
499,,1531.0,1693.0,162.0,,1738.899,0.0,1.0,161.0,34.265,,,0.0062,0.9938,,True,completed
477,,1495.0,1694.0,199.0,,1777.43,5.0,7.0,192.0,30.756,,,0.0352,0.9648,,True,completed
495,,1524.0,1694.0,170.0,,1490.345,0.0,15.0,155.0,28.123,,,0.0882,0.9118,,True,completed
473,,1491.0,1695.0,204.0,,2071.396,0.0,1.0,203.0,39.285,,,0.0049,0.9951,,True,completed
472,,1488.0,1696.0,208.0,,1780.084,23.0,41.0,167.0,62.994,,,0.1971,0.8029,,True,completed
526,,1562.0,1697.0,135.0,,1173.009,14.0,19.0,116.0,31.644,,,0.1407,0.8593,,True,completed
524,,1560.0,1698.0,138.0,,1191.781,3.0,8.0,130.0,20.433,,,0.058,0.942,,True,completed
530,,1571.0,1698.0,127.0,,1190.015,12.0,13.0,114.0,25.283,,,0.1024,0.8976,,True,completed
538,,1582.0,1698.0,116.0,,1177.2,12.0,13.0,103.0,31.137,,,0.1121,0.8879,,True,completed
440,,1428.0,1701.0,273.0,,2372.961,0.0,23.0,250.0,59.225,,,0.0842,0.9158,,True,completed
458,,1467.0,1702.0,235.0,,2373.428,0.0,6.0,229.0,29.608,,,0.0255,0.9745,,True,completed
523,,1559.0,1703.0,144.0,,1159.547,0.0,1.0,143.0,15.903,,,0.0069,0.9931,,True,completed
509,,1541.0,1709.0,168.0,,1494.688,0.0,1.0,167.0,13.135,,,0.006,0.994,,True,completed
555,,1603.0,1710.0,107.0,,1173.639,0.0,1.0,106.0,9.218,,,0.0093,0.9907,,True,completed
508,,1541.0,1716.0,175.0,,1495.075,9.0,10.0,165.0,25.414,,,0.0571,0.9429,,True,completed
467,,1485.0,1717.0,232.0,,1496.969,0.0,54.0,178.0,80.594,,,0.2328,0.7672,,True,completed
512,,1546.0,1720.0,174.0,,1488.435,29.0,30.0,144.0,44.439,,,0.1724,0.8276,,True,completed
469,,1486.0,1723.0,237.0,,1741.982,59.0,60.0,177.0,75.1,,,0.2532,0.7468,,True,completed
491,,1513.0,1723.0,210.0,,1772.888,7.0,25.0,185.0,44.503,,,0.119,0.881,,True,completed
484,,1504.0,1724.0,220.0,,1776.535,15.0,30.0,190.0,53.866,,,0.1364,0.8636,,True,completed
475,,1493.0,1728.0,235.0,,2077.805,8.0,9.0,226.0,29.35,,,0.0383,0.9617,,True,completed
557,,1607.0,1728.0,121.0,,1158.969,5.0,6.0,115.0,20.278,,,0.0496,0.9504,,True,completed
492,,1513.0,1730.0,217.0,,1779.8,1.0,16.0,201.0,39.518,,,0.0737,0.9263,,True,completed
577,,1650.0,1730.0,80.0,,847.535,0.0,1.0,79.0,7.879,,,0.0125,0.9875,,True,completed
480,,1500.0,1733.0,233.0,,1192.37,6.0,106.0,127.0,122.407,,,0.4549,0.5451,,True,completed
561,,1612.0,1733.0,121.0,,1170.839,0.0,1.0,120.0,9.978,,,0.0083,0.9917,,True,completed
503,,1535.0,1735.0,200.0,,1739.246,1.0,3.0,197.0,27.466,,,0.015,0.985,,True,completed
539,,1586.0,1735.0,149.0,,1476.229,0.0,1.0,148.0,11.658,,,0.0067,0.9933,,True,completed
470,,1486.0,1736.0,250.0,,2374.814,0.0,3.0,247.0,27.547,,,0.012,0.988,,True,completed
550,,1601.0,1736.0,135.0,,1190.722,6.0,7.0,128.0,22.298,,,0.0519,0.9481,,True,completed
501,,1534.0,1737.0,203.0,,2071.023,0.0,19.0,184.0,34.722,,,0.0936,0.9064,,True,completed
393,,1319.0,1742.0,423.0,,1780.598,9.0,241.0,182.0,258.656,,,0.5697,0.4303,,True,completed
483,,1503.0,1742.0,239.0,,1776.904,8.0,9.0,230.0,31.611,,,0.0377,0.9623,,True,completed
515,,1549.0,1743.0,194.0,,1190.787,8.0,69.0,125.0,82.475,,,0.3557,0.6443,,True,completed
532,,1572.0,1743.0,171.0,,1486.786,6.0,14.0,157.0,31.566,,,0.0819,0.9181,,True,completed
541,,1590.0,1744.0,154.0,,1491.172,0.0,1.0,153.0,11.613,,,0.0065,0.9935,,True,completed
546,,1593.0,1744.0,151.0,,888.607,33.0,51.0,100.0,66.447,,,0.3377,0.6623,,True,completed
485,,1507.0,1746.0,239.0,,1777.089,4.0,48.0,191.0,71.028,,,0.2008,0.7992,,True,completed
594,,1663.0,1747.0,84.0,,885.743,0.0,1.0,83.0,6.44,,,0.0119,0.9881,,True,completed
488,,1508.0,1751.0,243.0,,1773.294,15.0,59.0,184.0,82.409,,,0.2428,0.7572,,True,completed
521,,1557.0,1755.0,198.0,,1778.311,1.0,2.0,196.0,23.173,,,0.0101,0.9899,,True,completed
478,,1497.0,1759.0,262.0,,2071.112,58.0,59.0,203.0,97.96,,,0.2252,0.7748,,True,completed
553,,1603.0,1759.0,156.0,,1171.964,9.0,36.0,120.0,53.711,,,0.2308,0.7692,,True,completed
516,,1550.0,1760.0,210.0,,1778.187,0.0,6.0,204.0,30.315,,,0.0286,0.9714,,True,completed
490,,1511.0,1763.0,252.0,,2080.32,3.0,28.0,224.0,76.505,,,0.1111,0.8889,,True,completed
533,,1575.0,1763.0,188.0,,1743.348,4.0,5.0,183.0,28.908,,,0.0266,0.9734,,True,completed
551,,1602.0,1764.0,162.0,,1489.329,5.0,6.0,156.0,22.806,,,0.037,0.963,,True,completed
564,,1615.0,1764.0,149.0,,1488.588,2.0,11.0,138.0,30.859,,,0.0738,0.9262,,True,completed
615,,1691.0,1764.0,73.0,,572.834,0.0,1.0,72.0,7.864,,,0.0137,0.9863,,True,completed
450,,1448.0,1766.0,318.0,,2373.58,1.0,53.0,265.0,88.526,,,0.1667,0.8333,,True,completed
517,,1551.0,1766.0,215.0,,1740.555,0.0,3.0,212.0,24.52,,,0.014,0.986,,True,completed
590,,1659.0,1766.0,107.0,,886.883,22.0,23.0,84.0,32.827,,,0.215,0.785,,True,completed
489,,1508.0,1769.0,261.0,,2080.088,4.0,31.0,230.0,57.333,,,0.1188,0.8812,,True,completed
566,,1625.0,1770.0,145.0,,1170.888,1.0,11.0,134.0,25.63,,,0.0759,0.9241,,True,completed
520,,1556.0,1772.0,216.0,,2073.417,8.0,9.0,207.0,28.091,,,0.0417,0.9583,,True,completed
559,,1611.0,1773.0,162.0,,1739.91,0.0,1.0,161.0,14.176,,,0.0062,0.9938,,True,completed
502,,1534.0,1774.0,240.0,,1786.858,23.0,42.0,198.0,73.626,,,0.175,0.825,,True,completed
563,,1613.0,1776.0,163.0,,1740.445,0.0,1.0,162.0,14.019,,,0.0061,0.9939,,True,completed
568,,1631.0,1776.0,145.0,,1174.432,1.0,8.0,137.0,26.776,,,0.0552,0.9448,,True,completed
570,,1634.0,1778.0,144.0,,1176.793,0.0,6.0,138.0,30.944,,,0.0417,0.9583,,True,completed
415,,1364.0,1781.0,417.0,,2079.725,19.0,201.0,216.0,230.456,,,0.482,0.518,,True,completed
612,,1686.0,1784.0,98.0,,875.188,1.0,2.0,96.0,13.799,,,0.0204,0.9796,,True,completed
531,,1571.0,1785.0,214.0,,1772.143,7.0,12.0,202.0,35.344,,,0.0561,0.9439,,True,completed
554,,1608.0,1785.0,177.0,,1488.748,0.0,10.0,167.0,24.45,,,0.0565,0.9435,,True,completed
623,,1702.0,1785.0,83.0,,892.344,0.0,1.0,82.0,6.593,,,0.012,0.988,,True,completed
545,,1593.0,1787.0,194.0,,1493.378,17.0,19.0,175.0,41.39,,,0.0979,0.9021,,True,completed
534,,1576.0,1790.0,214.0,,1776.992,0.0,2.0,212.0,21.737,,,0.0093,0.9907,,True,completed
607,,1682.0,1791.0,109.0,,1160.783,0.0,1.0,108.0,9.469,,,0.0092,0.9908,,True,completed
471,,1489.0,1793.0,304.0,,2092.06,68.0,89.0,215.0,115.444,,,0.2928,0.7072,,True,completed
562,,1612.0,1794.0,182.0,,1484.818,6.0,21.0,161.0,41.363,,,0.1154,0.8846,,True,completed
529,,1567.0,1795.0,228.0,,1791.347,6.0,37.0,191.0,57.149,,,0.1623,0.8377,,True,completed
558,,1607.0,1796.0,189.0,,1779.61,0.0,3.0,186.0,23.54,,,0.0159,0.9841,,True,completed
500,,1534.0,1799.0,265.0,,1781.66,72.0,100.0,165.0,122.656,,,0.3774,0.6226,,True,completed
548,,1597.0,1799.0,202.0,,1784.554,5.0,29.0,173.0,71.93,,,0.1436,0.8564,,True,completed
496,,1526.0,1800.0,274.0,,1775.497,14.0,43.0,231.0,72.592,,,0.1569,0.8431,,True,completed
536,,1579.0,1800.0,221.0,,1769.551,0.0,52.0,169.0,68.934,,,0.2353,0.7647,,True,completed
628,,1711.0,1800.0,89.0,,850.733,0.0,1.0,88.0,9.596,,,0.0112,0.9888,,True,completed
579,,1651.0,1803.0,152.0,,1179.314,28.0,29.0,123.0,45.327,,,0.1908,0.8092,,True,completed
497,,1528.0,1804.0,276.0,,2379.863,12.0,24.0,252.0,50.23,,,0.087,0.913,,True,completed
626,,1708.0,1810.0,102.0,,874.326,19.0,21.0,81.0,30.022,,,0.2059,0.7941,,True,completed
543,,1591.0,1817.0,226.0,,1191.709,33.0,81.0,145.0,104.499,,,0.3584,0.6416,,True,completed
522,,1557.0,1818.0,261.0,,2095.302,0.0,5.0,256.0,27.748,,,0.0192,0.9808,,True,completed
638,,1726.0,1819.0,93.0,,857.003,0.0,1.0,92.0,9.033,,,0.0108,0.9892,,True,completed
664,,1755.0,1819.0,64.0,,595.896,6.0,7.0,57.0,16.562,,,0.1094,0.8906,,True,completed
634,,1716.0,1820.0,104.0,,884.119,14.0,15.0,89.0,28.982,,,0.1442,0.8558,,True,completed
619,,1697.0,1822.0,125.0,,1178.301,1.0,2.0,123.0,17.794,,,0.016,0.984,,True,completed
537,,1581.0,1823.0,242.0,,2091.607,6.0,20.0,222.0,47.857,,,0.0826,0.9174,,True,completed
519,,1555.0,1824.0,269.0,,2073.993,23.0,45.0,224.0,68.38,,,0.1673,0.8327,,True,completed
588,,1659.0,1824.0,165.0,,1787.557,15.0,16.0,149.0,34.059,,,0.097,0.903,,True,completed
460,,1469.0,1825.0,356.0,,2079.41,1.0,94.0,262.0,127.156,,,0.264,0.736,,True,completed
560,,1609.0,1825.0,216.0,,1495.177,35.0,49.0,167.0,72.165,,,0.2269,0.7731,,True,completed
586,,1658.0,1829.0,171.0,,1494.474,9.0,12.0,159.0,32.781,,,0.0702,0.9298,,True,completed
593,,1662.0,1829.0,167.0,,1489.388,0.0,1.0,166.0,21.515,,,0.006,0.994,,True,completed
605,,1681.0,1830.0,149.0,,1190.539,12.0,13.0,136.0,26.281,,,0.0872,0.9128,,True,completed
580,,1654.0,1832.0,178.0,,1492.896,19.0,26.0,152.0,45.9,,,0.1461,0.8539,,True,completed
587,,1658.0,1832.0,174.0,,1488.625,20.0,23.0,151.0,42.304,,,0.1322,0.8678,,True,completed
645,,1730.0,1832.0,102.0,,589.098,39.0,40.0,62.0,48.98,,,0.3922,0.6078,,True,completed
585,,1656.0,1836.0,180.0,,589.381,65.0,111.0,69.0,119.621,,,0.6167,0.3833,,True,completed
549,,1601.0,1837.0,236.0,,2074.628,7.0,8.0,228.0,35.105,,,0.0339,0.9661,,True,completed
629,,1711.0,1837.0,126.0,,1168.854,9.0,10.0,116.0,22.368,,,0.0794,0.9206,,True,completed
511,,1545.0,1838.0,293.0,,2381.452,13.0,65.0,228.0,106.922,,,0.2218,0.7782,,True,completed
646,,1732.0,1839.0,107.0,,867.796,2.0,3.0,104.0,16.3,,,0.028,0.972,,True,completed
625,,1707.0,1840.0,133.0,,1159.056,4.0,6.0,127.0,20.284,,,0.0451,0.9549,,True,completed
633,,1713.0,1840.0,127.0,,1157.935,3.0,4.0,123.0,26.9,,,0.0315,0.9685,,True,completed
547,,1596.0,1842.0,246.0,,2079.465,9.0,26.0,220.0,62.856,,,0.1057,0.8943,,True,completed
589,,1659.0,1842.0,183.0,,1472.475,26.0,30.0,153.0,51.804,,,0.1639,0.8361,,True,completed
622,,1699.0,1845.0,146.0,,1476.914,0.0,1.0,145.0,13.325,,,0.0068,0.9932,,True,completed
535,,1578.0,1848.0,270.0,,2079.674,5.0,40.0,230.0,68.302,,,0.1481,0.8519,,True,completed
565,,1616.0,1849.0,233.0,,2076.275,0.0,24.0,209.0,45.694,,,0.103,0.897,,True,completed
569,,1633.0,1850.0,217.0,,1775.101,19.0,39.0,178.0,74.552,,,0.1797,0.8203,,True,completed
575,,1649.0,1851.0,202.0,,2073.936,0.0,1.0,201.0,15.443,,,0.005,0.995,,True,completed
581,,1653.0,1851.0,198.0,,2068.452,5.0,6.0,192.0,43.954,,,0.0303,0.9697,,True,completed
540,,1588.0,1852.0,264.0,,2372.68,6.0,27.0,237.0,65.509,,,0.1023,0.8977,,True,completed
582,,1653.0,1852.0,199.0,,1740.545,0.0,4.0,195.0,22.612,,,0.0201,0.9799,,True,completed
670,,1763.0,1852.0,89.0,,869.59,0.0,1.0,88.0,8.607,,,0.0112,0.9888,,True,completed
627,,1709.0,1855.0,146.0,,1476.839,0.0,1.0,145.0,13.743,,,0.0068,0.9932,,True,completed
494,,1523.0,1856.0,333.0,,2374.307,16.0,75.0,258.0,109.774,,,0.2252,0.7748,,True,completed
601,,1675.0,1856.0,181.0,,1470.662,5.0,43.0,138.0,61.408,,,0.2376,0.7624,,True,completed
513,,1547.0,1860.0,313.0,,1776.581,21.0,78.0,235.0,105.392,,,0.2492,0.7508,,True,completed
652,,1739.0,1861.0,122.0,,1171.011,2.0,3.0,119.0,20.755,,,0.0246,0.9754,,True,completed
721,,1807.0,1861.0,54.0,,570.575,0.0,1.0,53.0,5.761,,,0.0185,0.9815,,True,completed
611,,1685.0,1862.0,177.0,,1189.621,12.0,31.0,146.0,50.412,,,0.1751,0.8249,,True,completed
556,,1605.0,1863.0,258.0,,1779.478,6.0,57.0,201.0,97.839,,,0.2209,0.7791,,True,completed
571,,1633.0,1863.0,230.0,,1778.279,31.0,38.0,192.0,64.518,,,0.1652,0.8348,,True,completed
718,,1807.0,1864.0,57.0,,596.348,0.0,1.0,56.0,5.849,,,0.0175,0.9825,,True,completed
572,,1635.0,1865.0,230.0,,1775.76,24.0,32.0,198.0,57.119,,,0.1391,0.8609,,True,completed
544,,1592.0,1867.0,275.0,,2075.491,13.0,44.0,231.0,72.193,,,0.16,0.84,,True,completed
609,,1683.0,1868.0,185.0,,1781.027,3.0,20.0,165.0,47.761,,,0.1081,0.8919,,True,completed
617,,1694.0,1869.0,175.0,,1778.868,4.0,5.0,170.0,21.556,,,0.0286,0.9714,,True,completed
613,,1687.0,1870.0,183.0,,1470.051,12.0,37.0,146.0,57.468,,,0.2022,0.7978,,True,completed
680,,1774.0,1870.0,96.0,,886.008,0.0,1.0,95.0,8.274,,,0.0104,0.9896,,True,completed
620,,1699.0,1871.0,172.0,,1493.35,13.0,24.0,148.0,44.81,,,0.1395,0.8605,,True,completed
542,,1590.0,1877.0,287.0,,1791.651,9.0,60.0,227.0,84.304,,,0.2091,0.7909,,True,completed
567,,1628.0,1877.0,249.0,,2378.753,16.0,29.0,220.0,52.773,,,0.1165,0.8835,,True,completed
610,,1684.0,1879.0,195.0,,1773.115,7.0,16.0,179.0,39.24,,,0.0821,0.9179,,True,completed
688,,1783.0,1879.0,96.0,,854.855,0.0,1.0,95.0,10.113,,,0.0104,0.9896,,True,completed
604,,1681.0,1882.0,201.0,,1775.919,17.0,26.0,175.0,59.669,,,0.1294,0.8706,,True,completed
596,,1665.0,1884.0,219.0,,1188.525,18.0,109.0,110.0,125.774,,,0.4977,0.5023,,True,completed
598,,1668.0,1884.0,216.0,,1490.832,27.0,53.0,163.0,76.718,,,0.2454,0.7546,,True,completed
591,,1661.0,1885.0,224.0,,1773.807,8.0,24.0,200.0,52.016,,,0.1071,0.8929,,True,completed
574,,1648.0,1887.0,239.0,,2375.203,0.0,28.0,211.0,53.217,,,0.1172,0.8828,,True,completed
636,,1720.0,1887.0,167.0,,1487.71,17.0,31.0,136.0,49.033,,,0.1856,0.8144,,True,completed
683,,1778.0,1887.0,109.0,,869.321,11.0,12.0,97.0,25.803,,,0.1101,0.8899,,True,completed
602,,1676.0,1888.0,212.0,,1495.212,33.0,44.0,168.0,61.815,,,0.2075,0.7925,,True,completed
614,,1690.0,1889.0,199.0,,1773.353,10.0,23.0,176.0,44.562,,,0.1156,0.8844,,True,completed
715,,1808.0,1891.0,83.0,,893.957,0.0,1.0,82.0,7.265,,,0.012,0.988,,True,completed
647,,1732.0,1892.0,160.0,,1492.991,8.0,9.0,151.0,23.234,,,0.0563,0.9437,,True,completed
722,,1808.0,1892.0,84.0,,851.853,0.0,1.0,83.0,9.18,,,0.0119,0.9881,,True,completed
616,,1694.0,1893.0,199.0,,1773.752,5.0,10.0,189.0,32.717,,,0.0503,0.9497,,True,completed
608,,1682.0,1894.0,212.0,,1780.439,15.0,51.0,161.0,73.487,,,0.2406,0.7594,,True,completed
631,,1712.0,1894.0,182.0,,1185.325,35.0,52.0,130.0,69.544,,,0.2857,0.7143,,True,completed
720,,1808.0,1896.0,88.0,,855.142,0.0,1.0,87.0,8.819,,,0.0114,0.9886,,True,completed
657,,1744.0,1898.0,154.0,,1452.068,0.0,2.0,152.0,28.293,,,0.013,0.987,,True,completed
690,,1784.0,1898.0,114.0,,885.623,31.0,32.0,82.0,46.9,,,0.2807,0.7193,,True,completed
666,,1758.0,1899.0,141.0,,1485.036,1.0,2.0,139.0,15.671,,,0.0142,0.9858,,True,completed
700,,1795.0,1900.0,105.0,,854.287,2.0,3.0,102.0,13.898,,,0.0286,0.9714,,True,completed
624,,1706.0,1904.0,198.0,,1774.506,4.0,36.0,162.0,55.551,,,0.1818,0.8182,,True,completed
637,,1723.0,1904.0,181.0,,1486.353,0.0,10.0,171.0,24.737,,,0.0552,0.9448,,True,completed
599,,1669.0,1907.0,238.0,,2071.287,4.0,23.0,215.0,71.914,,,0.0966,0.9034,,True,completed
639,,1726.0,1908.0,182.0,,1787.294,5.0,10.0,172.0,29.375,,,0.0549,0.9451,,True,completed
606,,1684.0,1909.0,225.0,,1788.935,0.0,18.0,207.0,36.316,,,0.08,0.92,,True,completed
621,,1699.0,1909.0,210.0,,1777.677,3.0,41.0,169.0,63.244,,,0.1952,0.8048,,True,completed
618,,1696.0,1910.0,214.0,,1785.448,19.0,38.0,176.0,56.19,,,0.1776,0.8224,,True,completed
682,,1776.0,1911.0,135.0,,1188.597,22.0,30.0,105.0,46.124,,,0.2222,0.7778,,True,completed
707,,1799.0,1911.0,112.0,,1175.965,2.0,3.0,109.0,15.739,,,0.0268,0.9732,,True,completed
766,,1848.0,1911.0,63.0,,590.197,0.0,1.0,62.0,6.069,,,0.0159,0.9841,,True,completed
640,,1727.0,1914.0,187.0,,1743.173,1.0,2.0,185.0,22.029,,,0.0107,0.9893,,True,completed
651,,1736.0,1914.0,178.0,,1470.8,15.0,21.0,157.0,42.814,,,0.118,0.882,,True,completed
641,,1727.0,1915.0,188.0,,1495.111,6.0,7.0,181.0,23.566,,,0.0372,0.9628,,True,completed
713,,1805.0,1915.0,110.0,,1188.851,0.0,1.0,109.0,13.425,,,0.0091,0.9909,,True,completed
773,,1853.0,1916.0,63.0,,566.765,0.0,1.0,62.0,7.309,,,0.0159,0.9841,,True,completed
576,,1649.0,1920.0,271.0,,2086.489,16.0,31.0,240.0,55.555,,,0.1144,0.8856,,True,completed
584,,1655.0,1921.0,266.0,,2392.496,6.0,41.0,225.0,65.107,,,0.1541,0.8459,,True,completed
595,,1665.0,1921.0,256.0,,2084.828,22.0,44.0,212.0,77.159,,,0.1719,0.8281,,True,completed
597,,1668.0,1921.0,253.0,,2070.686,8.0,15.0,238.0,74.172,,,0.0593,0.9407,,True,completed
662,,1754.0,1921.0,167.0,,1476.453,7.0,14.0,153.0,42.655,,,0.0838,0.9162,,True,completed
685,,1780.0,1924.0,144.0,,1487.81,0.0,2.0,142.0,14.251,,,0.0139,0.9861,,True,completed
687,,1782.0,1924.0,142.0,,885.086,33.0,43.0,99.0,57.501,,,0.3028,0.6972,,True,completed
573,,1639.0,1927.0,288.0,,2074.707,6.0,19.0,269.0,56.831,,,0.066,0.934,,True,completed
583,,1654.0,1927.0,273.0,,2094.331,14.0,50.0,223.0,91.761,,,0.1832,0.8168,,True,completed
696,,1788.0,1927.0,139.0,,1488.678,0.0,7.0,132.0,21.806,,,0.0504,0.9496,,True,completed
755,,1836.0,1928.0,92.0,,879.221,0.0,1.0,91.0,8.26,,,0.0109,0.9891,,True,completed
672,,1767.0,1934.0,167.0,,1495.042,6.0,8.0,159.0,26.422,,,0.0479,0.9521,,True,completed
675,,1770.0,1934.0,164.0,,1774.403,0.0,4.0,160.0,27.512,,,0.0244,0.9756,,True,completed
578,,1651.0,1935.0,284.0,,2078.64,2.0,3.0,281.0,39.078,,,0.0106,0.9894,,True,completed
767,,1849.0,1935.0,86.0,,873.216,0.0,1.0,85.0,8.205,,,0.0116,0.9884,,True,completed
723,,1808.0,1937.0,129.0,,888.34,2.0,3.0,126.0,18.427,,,0.0233,0.9767,,True,completed
768,,1849.0,1937.0,88.0,,871.171,0.0,1.0,87.0,7.929,,,0.0114,0.9886,,True,completed
724,,1811.0,1938.0,127.0,,1177.75,2.0,3.0,124.0,14.763,,,0.0236,0.9764,,True,completed
642,,1730.0,1941.0,211.0,,2093.472,0.0,1.0,210.0,23.654,,,0.0047,0.9953,,True,completed
603,,1678.0,1942.0,264.0,,1776.192,10.0,25.0,239.0,48.878,,,0.0947,0.9053,,True,completed
775,,1854.0,1943.0,89.0,,853.88,0.0,1.0,88.0,9.687,,,0.0112,0.9888,,True,completed
658,,1746.0,1945.0,199.0,,1775.262,0.0,1.0,198.0,16.913,,,0.005,0.995,,True,completed
679,,1773.0,1946.0,173.0,,1489.866,0.0,3.0,170.0,22.617,,,0.0173,0.9827,,True,completed
689,,1786.0,1947.0,161.0,,1493.487,0.0,1.0,160.0,16.901,,,0.0062,0.9938,,True,completed
667,,1760.0,1948.0,188.0,,1193.738,46.0,47.0,141.0,61.522,,,0.25,0.75,,True,completed
739,,1822.0,1950.0,128.0,,1186.686,19.0,21.0,107.0,39.301,,,0.1641,0.8359,,True,completed
635,,1718.0,1952.0,234.0,,1793.779,36.0,52.0,182.0,73.201,,,0.2222,0.7778,,True,completed
655,,1742.0,1952.0,210.0,,1784.971,30.0,33.0,177.0,57.279,,,0.1571,0.8429,,True,completed
665,,1756.0,1955.0,199.0,,1496.294,15.0,36.0,163.0,54.787,,,0.1809,0.8191,,True,completed
803,,1881.0,1955.0,74.0,,572.658,0.0,1.0,73.0,7.828,,,0.0135,0.9865,,True,completed
684,,1779.0,1957.0,178.0,,1746.414,0.0,1.0,177.0,14.419,,,0.0056,0.9944,,True,completed
708,,1802.0,1957.0,155.0,,1172.819,19.0,20.0,135.0,33.3,,,0.129,0.871,,True,completed
669,,1763.0,1959.0,196.0,,1793.681,0.0,5.0,191.0,26.811,,,0.0255,0.9745,,True,completed
678,,1773.0,1960.0,187.0,,1778.724,1.0,7.0,180.0,30.561,,,0.0374,0.9626,,True,completed
754,,1835.0,1961.0,126.0,,1188.599,10.0,11.0,115.0,23.306,,,0.0873,0.9127,,True,completed
806,,1883.0,1961.0,78.0,,855.217,0.0,1.0,77.0,7.565,,,0.0128,0.9872,,True,completed
661,,1750.0,1962.0,212.0,,1736.777,33.0,34.0,178.0,53.65,,,0.1604,0.8396,,True,completed
656,,1744.0,1963.0,219.0,,2071.279,19.0,22.0,197.0,63.624,,,0.1005,0.8995,,True,completed
699,,1792.0,1963.0,171.0,,1747.183,0.0,1.0,170.0,17.605,,,0.0058,0.9942,,True,completed
826,,1904.0,1963.0,59.0,,567.79,0.0,1.0,58.0,5.978,,,0.0169,0.9831,,True,completed
742,,1825.0,1965.0,140.0,,1174.107,9.0,10.0,130.0,25.743,,,0.0714,0.9286,,True,completed
653,,1740.0,1968.0,228.0,,1791.593,21.0,31.0,197.0,55.316,,,0.136,0.864,,True,completed
820,,1898.0,1968.0,70.0,,575.018,0.0,1.0,69.0,7.731,,,0.0143,0.9857,,True,completed
732,,1818.0,1970.0,152.0,,1192.753,1.0,18.0,134.0,32.9,,,0.1184,0.8816,,True,completed
686,,1781.0,1971.0,190.0,,1779.622,26.0,27.0,163.0,51.845,,,0.1421,0.8579,,True,completed
719,,1806.0,1971.0,165.0,,1495.999,10.0,16.0,149.0,42.114,,,0.097,0.903,,True,completed
771,,1853.0,1971.0,118.0,,1173.48,7.0,8.0,110.0,24.928,,,0.0678,0.9322,,True,completed
774,,1854.0,1971.0,117.0,,883.487,28.0,29.0,88.0,47.234,,,0.2479,0.7521,,True,completed
668,,1761.0,1972.0,211.0,,1468.119,0.0,36.0,175.0,59.513,,,0.1706,0.8294,,True,completed
743,,1826.0,1972.0,146.0,,1175.289,24.0,25.0,121.0,43.753,,,0.1712,0.8288,,True,completed
737,,1820.0,1973.0,153.0,,1193.465,24.0,25.0,128.0,43.019,,,0.1634,0.8366,,True,completed
756,,1838.0,1973.0,135.0,,870.275,26.0,27.0,108.0,38.827,,,0.2,0.8,,True,completed
659,,1747.0,1974.0,227.0,,1779.719,33.0,39.0,188.0,61.068,,,0.1718,0.8282,,True,completed
780,,1861.0,1977.0,116.0,,894.482,13.0,14.0,102.0,25.023,,,0.1207,0.8793,,True,completed
788,,1871.0,1979.0,108.0,,1192.442,0.0,1.0,107.0,8.427,,,0.0093,0.9907,,True,completed
693,,1787.0,1980.0,193.0,,2075.049,0.0,5.0,188.0,27.241,,,0.0259,0.9741,,True,completed
738,,1820.0,1980.0,160.0,,1194.02,49.0,50.0,110.0,63.216,,,0.3125,0.6875,,True,completed
694,,1786.0,1981.0,195.0,,1790.387,5.0,18.0,177.0,59.493,,,0.0923,0.9077,,True,completed
744,,1826.0,1981.0,155.0,,890.812,39.0,64.0,91.0,78.407,,,0.4129,0.5871,,True,completed
716,,1805.0,1982.0,177.0,,1774.427,0.0,1.0,176.0,12.495,,,0.0056,0.9944,,True,completed
782,,1863.0,1984.0,121.0,,891.81,24.0,25.0,96.0,41.885,,,0.2066,0.7934,,True,completed
705,,1798.0,1985.0,187.0,,1739.409,0.0,13.0,174.0,43.08,,,0.0695,0.9305,,True,completed
706,,1801.0,1985.0,184.0,,1474.774,8.0,17.0,167.0,40.687,,,0.0924,0.9076,,True,completed
648,,1734.0,1986.0,252.0,,2079.339,25.0,28.0,224.0,51.365,,,0.1111,0.8889,,True,completed
692,,1789.0,1990.0,201.0,,1789.938,0.0,10.0,191.0,26.05,,,0.0498,0.9502,,True,completed
818,,1895.0,1990.0,95.0,,887.559,9.0,10.0,85.0,21.142,,,0.1053,0.8947,,True,completed
745,,1827.0,1991.0,164.0,,1473.617,2.0,16.0,148.0,36.949,,,0.0976,0.9024,,True,completed
733,,1817.0,1992.0,175.0,,1471.599,0.0,8.0,167.0,23.883,,,0.0457,0.9543,,True,completed
781,,1862.0,1992.0,130.0,,1177.374,1.0,2.0,128.0,17.809,,,0.0154,0.9846,,True,completed
717,,1805.0,1993.0,188.0,,1736.203,0.0,1.0,187.0,16.991,,,0.0053,0.9947,,True,completed
663,,1754.0,1994.0,240.0,,1486.564,12.0,71.0,169.0,95.626,,,0.2958,0.7042,,True,completed
701,,1795.0,1997.0,202.0,,1494.596,27.0,29.0,173.0,48.302,,,0.1436,0.8564,,True,completed
673,,1770.0,2000.0,230.0,,1771.531,6.0,52.0,178.0,83.052,,,0.2261,0.7739,,True,completed
796,,1874.0,2000.0,126.0,,1479.836,1.0,2.0,124.0,18.824,,,0.0159,0.9841,,True,completed
802,,1880.0,2000.0,120.0,,874.275,35.0,36.0,84.0,48.244,,,0.3,0.7,,True,completed
758,,1840.0,2001.0,161.0,,1776.571,0.0,1.0,160.0,13.554,,,0.0062,0.9938,,True,completed
757,,1837.0,2003.0,166.0,,1188.388,35.0,39.0,127.0,55.46,,,0.2349,0.7651,,True,completed
697,,1789.0,2004.0,215.0,,1789.857,26.0,29.0,186.0,58.726,,,0.1349,0.8651,,True,completed
729,,1815.0,2006.0,191.0,,1490.784,3.0,17.0,174.0,41.995,,,0.089,0.911,,True,completed
734,,1817.0,2009.0,192.0,,1775.819,0.0,27.0,165.0,43.173,,,0.1406,0.8594,,True,completed
727,,1814.0,2010.0,196.0,,1487.773,11.0,50.0,146.0,80.544,,,0.2551,0.7449,,True,completed
736,,1819.0,2010.0,191.0,,1772.509,2.0,45.0,146.0,64.45,,,0.2356,0.7644,,True,completed
592,,1662.0,2011.0,349.0,,2391.094,0.0,79.0,270.0,108.142,,,0.2264,0.7736,,True,completed
630,,1712.0,2011.0,299.0,,2395.707,1.0,35.0,264.0,79.359,,,0.1171,0.8829,,True,completed
793,,1878.0,2012.0,134.0,,1190.182,8.0,9.0,125.0,30.181,,,0.0672,0.9328,,True,completed
835,,1916.0,2013.0,97.0,,870.268,0.0,1.0,96.0,8.438,,,0.0103,0.9897,,True,completed
660,,1748.0,2016.0,268.0,,1775.731,51.0,69.0,199.0,91.626,,,0.2575,0.7425,,True,completed
704,,1798.0,2016.0,218.0,,1776.085,1.0,14.0,204.0,54.121,,,0.0642,0.9358,,True,completed
649,,1735.0,2017.0,282.0,,1776.613,3.0,69.0,213.0,97.835,,,0.2447,0.7553,,True,completed
823,,1901.0,2018.0,117.0,,893.213,28.0,29.0,88.0,39.962,,,0.2479,0.7521,,True,completed
776,,1858.0,2019.0,161.0,,1489.608,17.0,24.0,137.0,44.813,,,0.1491,0.8509,,True,completed
797,,1877.0,2019.0,142.0,,1476.756,0.0,1.0,141.0,14.774,,,0.007,0.993,,True,completed
813,,1891.0,2020.0,129.0,,1173.214,0.0,1.0,128.0,14.973,,,0.0078,0.9922,,True,completed
632,,1715.0,2021.0,306.0,,2387.91,7.0,40.0,266.0,98.563,,,0.1307,0.8693,,True,completed
815,,1892.0,2021.0,129.0,,1194.242,17.0,18.0,111.0,31.299,,,0.1395,0.8605,,True,completed
674,,1768.0,2022.0,254.0,,1473.51,18.0,53.0,201.0,73.731,,,0.2087,0.7913,,True,completed
778,,1860.0,2025.0,165.0,,1494.86,5.0,6.0,159.0,27.865,,,0.0364,0.9636,,True,completed
753,,1834.0,2026.0,192.0,,2072.985,0.0,1.0,191.0,14.053,,,0.0052,0.9948,,True,completed
703,,1798.0,2027.0,229.0,,2079.317,0.0,8.0,221.0,32.529,,,0.0349,0.9651,,True,completed
730,,1816.0,2028.0,212.0,,2077.126,0.0,8.0,204.0,43.231,,,0.0377,0.9623,,True,completed
746,,1827.0,2028.0,201.0,,1771.531,3.0,30.0,171.0,58.097,,,0.1493,0.8507,,True,completed
770,,1850.0,2028.0,178.0,,1469.096,0.0,3.0,175.0,20.589,,,0.0169,0.9831,,True,completed
677,,1772.0,2030.0,258.0,,1772.808,0.0,16.0,242.0,42.184,,,0.062,0.938,,True,completed
833,,1912.0,2030.0,118.0,,855.269,0.0,1.0,117.0,11.706,,,0.0085,0.9915,,True,completed
695,,1787.0,2032.0,245.0,,2076.078,4.0,12.0,233.0,37.149,,,0.049,0.951,,True,completed
783,,1864.0,2033.0,169.0,,1158.633,4.0,5.0,164.0,23.149,,,0.0296,0.9704,,True,completed
711,,1802.0,2034.0,232.0,,1780.521,9.0,49.0,183.0,71.83,,,0.2112,0.7888,,True,completed
841,,1919.0,2035.0,116.0,,892.368,7.0,8.0,108.0,19.737,,,0.069,0.931,,True,completed
654,,1743.0,2038.0,295.0,,2376.409,18.0,48.0,247.0,91.618,,,0.1627,0.8373,,True,completed
867,,1954.0,2042.0,88.0,,895.203,0.0,1.0,87.0,8.073,,,0.0114,0.9886,,True,completed
779,,1860.0,2043.0,183.0,,1490.094,21.0,32.0,151.0,50.521,,,0.1749,0.8251,,True,completed
691,,1784.0,2044.0,260.0,,589.215,67.0,195.0,65.0,204.415,,,0.75,0.25,,True,completed
709,,1802.0,2044.0,242.0,,2073.635,4.0,14.0,228.0,42.967,,,0.0579,0.9421,,True,completed
735,,1817.0,2044.0,227.0,,2080.943,2.0,3.0,224.0,35.24,,,0.0132,0.9868,,True,completed
761,,1841.0,2046.0,205.0,,1775.571,13.0,14.0,191.0,34.101,,,0.0683,0.9317,,True,completed
798,,1876.0,2046.0,170.0,,1473.486,15.0,21.0,149.0,47.134,,,0.1235,0.8765,,True,completed
786,,1870.0,2050.0,180.0,,1493.19,10.0,31.0,149.0,60.533,,,0.1722,0.8278,,True,completed
787,,1870.0,2050.0,180.0,,1770.077,3.0,7.0,173.0,29.676,,,0.0389,0.9611,,True,completed
811,,1888.0,2051.0,163.0,,1494.779,5.0,21.0,142.0,45.593,,,0.1288,0.8712,,True,completed
777,,1858.0,2052.0,194.0,,1458.436,2.0,3.0,191.0,20.5,,,0.0155,0.9845,,True,completed
681,,1775.0,2053.0,278.0,,2074.417,7.0,46.0,232.0,83.933,,,0.1655,0.8345,,True,completed
845,,1925.0,2053.0,128.0,,1166.739,4.0,5.0,123.0,21.114,,,0.0391,0.9609,,True,completed
848,,1927.0,2053.0,126.0,,1159.005,0.0,1.0,125.0,11.324,,,0.0079,0.9921,,True,completed
671,,1765.0,2055.0,290.0,,2093.403,8.0,69.0,221.0,124.702,,,0.2379,0.7621,,True,completed
885,,1976.0,2056.0,80.0,,873.285,0.0,1.0,79.0,8.713,,,0.0125,0.9875,,True,completed
698,,1790.0,2057.0,267.0,,2374.727,16.0,19.0,248.0,48.778,,,0.0712,0.9288,,True,completed
794,,1874.0,2057.0,183.0,,1780.455,0.0,13.0,170.0,43.979,,,0.071,0.929,,True,completed
792,,1875.0,2059.0,184.0,,1496.265,18.0,19.0,165.0,32.958,,,0.1033,0.8967,,True,completed
876,,1968.0,2059.0,91.0,,849.987,0.0,1.0,90.0,9.043,,,0.011,0.989,,True,completed
710,,1802.0,2061.0,259.0,,1779.13,8.0,48.0,211.0,72.833,,,0.1853,0.8147,,True,completed
862,,1945.0,2061.0,116.0,,1188.601,5.0,6.0,110.0,22.962,,,0.0517,0.9483,,True,completed
726,,1813.0,2062.0,249.0,,1742.246,67.0,72.0,177.0,95.873,,,0.2892,0.7108,,True,completed
822,,1900.0,2062.0,162.0,,1172.234,36.0,38.0,124.0,57.52,,,0.2346,0.7654,,True,completed
731,,1816.0,2063.0,247.0,,892.617,34.0,150.0,97.0,165.973,,,0.6073,0.3927,,True,completed
859,,1940.0,2063.0,123.0,,1161.237,2.0,3.0,120.0,18.743,,,0.0244,0.9756,,True,completed
750,,1832.0,2065.0,233.0,,1786.246,13.0,38.0,195.0,61.36,,,0.1631,0.8369,,True,completed
814,,1891.0,2066.0,175.0,,1779.171,0.0,15.0,160.0,41.715,,,0.0857,0.9143,,True,completed
769,,1850.0,2068.0,218.0,,1781.069,13.0,41.0,177.0,60.962,,,0.1881,0.8119,,True,completed
836,,1916.0,2068.0,152.0,,1154.316,20.0,21.0,131.0,34.989,,,0.1382,0.8618,,True,completed
828,,1905.0,2072.0,167.0,,1766.974,15.0,16.0,151.0,31.464,,,0.0958,0.9042,,True,completed
895,,1990.0,2073.0,83.0,,850.302,0.0,1.0,82.0,9.262,,,0.012,0.988,,True,completed
702,,1796.0,2074.0,278.0,,2378.193,7.0,24.0,254.0,54.228,,,0.0863,0.9137,,True,completed
712,,1805.0,2074.0,269.0,,1488.042,44.0,99.0,170.0,126.509,,,0.368,0.632,,True,completed
765,,1846.0,2074.0,228.0,,1788.102,23.0,36.0,192.0,57.698,,,0.1579,0.8421,,True,completed
893,,1989.0,2075.0,86.0,,857.052,0.0,1.0,85.0,8.627,,,0.0116,0.9884,,True,completed
725,,1813.0,2077.0,264.0,,2373.983,1.0,2.0,262.0,28.171,,,0.0076,0.9924,,True,completed
740,,1824.0,2077.0,253.0,,2381.328,5.0,24.0,229.0,53.225,,,0.0949,0.9051,,True,completed
865,,1950.0,2078.0,128.0,,1160.28,0.0,1.0,127.0,12.042,,,0.0078,0.9922,,True,completed
824,,1902.0,2084.0,182.0,,1476.236,24.0,25.0,157.0,45.443,,,0.1374,0.8626,,True,completed
843,,1922.0,2084.0,162.0,,1479.253,6.0,16.0,146.0,37.668,,,0.0988,0.9012,,True,completed
789,,1872.0,2085.0,213.0,,2080.274,7.0,15.0,198.0,47.657,,,0.0704,0.9296,,True,completed
809,,1887.0,2085.0,198.0,,1490.109,46.0,62.0,136.0,84.241,,,0.3131,0.6869,,True,completed
644,,1731.0,2087.0,356.0,,2374.738,0.0,55.0,301.0,81.988,,,0.1545,0.8455,,True,completed
795,,1874.0,2087.0,213.0,,1776.118,3.0,4.0,209.0,27.707,,,0.0188,0.9812,,True,completed
728,,1815.0,2088.0,273.0,,1791.686,33.0,75.0,198.0,98.367,,,0.2747,0.7253,,True,completed
808,,1887.0,2088.0,201.0,,1487.611,2.0,27.0,174.0,50.386,,,0.1343,0.8657,,True,completed
854,,1934.0,2088.0,154.0,,1186.586,38.0,39.0,115.0,51.309,,,0.2532,0.7468,,True,completed
906,,2000.0,2088.0,88.0,,888.54,0.0,1.0,87.0,7.317,,,0.0114,0.9886,,True,completed
747,,1829.0,2090.0,261.0,,2370.736,5.0,29.0,232.0,83.07,,,0.1111,0.8889,,True,completed
816,,1894.0,2090.0,196.0,,1780.097,0.0,1.0,195.0,18.781,,,0.0051,0.9949,,True,completed
863,,1945.0,2092.0,147.0,,1490.709,3.0,4.0,143.0,27.647,,,0.0272,0.9728,,True,completed
714,,1804.0,2094.0,290.0,,2375.127,15.0,29.0,261.0,64.289,,,0.1,0.9,,True,completed
821,,1900.0,2094.0,194.0,,1739.907,8.0,9.0,185.0,28.042,,,0.0464,0.9536,,True,completed
600,,1672.0,2095.0,423.0,,2071.089,1.0,183.0,240.0,217.364,,,0.4326,0.5674,,True,completed
650,,1737.0,2096.0,359.0,,2095.589,49.0,138.0,221.0,169.212,,,0.3844,0.6156,,True,completed
851,,1930.0,2097.0,167.0,,1475.616,18.0,19.0,148.0,37.329,,,0.1138,0.8862,,True,completed
759,,1840.0,2098.0,258.0,,890.314,24.0,146.0,112.0,162.044,,,0.5659,0.4341,,True,completed
819,,1898.0,2099.0,201.0,,1773.037,9.0,16.0,185.0,44.233,,,0.0796,0.9204,,True,completed
829,,1908.0,2100.0,192.0,,1468.682,18.0,44.0,148.0,66.251,,,0.2292,0.7708,,True,completed
804,,1881.0,2102.0,221.0,,1771.353,10.0,56.0,165.0,75.205,,,0.2534,0.7466,,True,completed
825,,1902.0,2102.0,200.0,,1772.771,1.0,20.0,180.0,41.46,,,0.1,0.9,,True,completed
676,,1772.0,2104.0,332.0,,1774.825,57.0,82.0,250.0,109.707,,,0.247,0.753,,True,completed
801,,1879.0,2104.0,225.0,,1746.8,38.0,39.0,186.0,62.02,,,0.1733,0.8267,,True,completed
856,,1937.0,2104.0,167.0,,1486.08,3.0,4.0,163.0,24.421,,,0.024,0.976,,True,completed
857,,1937.0,2104.0,167.0,,1741.843,0.0,5.0,162.0,22.554,,,0.0299,0.9701,,True,completed
918,,2014.0,2104.0,90.0,,866.44,0.0,1.0,89.0,8.536,,,0.0111,0.9889,,True,completed
772,,1853.0,2105.0,252.0,,1778.972,21.0,53.0,199.0,77.006,,,0.2103,0.7897,,True,completed
764,,1847.0,2106.0,259.0,,2079.572,1.0,21.0,238.0,52.426,,,0.0811,0.9189,,True,completed
855,,1936.0,2106.0,170.0,,1197.336,7.0,29.0,141.0,54.759,,,0.1706,0.8294,,True,completed
791,,1873.0,2107.0,234.0,,2092.48,7.0,15.0,219.0,41.577,,,0.0641,0.9359,,True,completed
880,,1973.0,2107.0,134.0,,1192.487,4.0,6.0,128.0,23.052,,,0.0448,0.9552,,True,completed
926,,2023.0,2108.0,85.0,,853.927,0.0,1.0,84.0,9.965,,,0.0118,0.9882,,True,completed
874,,1967.0,2111.0,144.0,,1194.102,9.0,21.0,123.0,37.578,,,0.1458,0.8542,,True,completed
900,,1993.0,2111.0,118.0,,1192.05,4.0,5.0,113.0,20.068,,,0.0424,0.9576,,True,completed
785,,1868.0,2112.0,244.0,,1778.388,9.0,48.0,196.0,90.42,,,0.1967,0.8033,,True,completed
800,,1878.0,2112.0,234.0,,1193.925,10.0,115.0,119.0,129.86,,,0.4915,0.5085,,True,completed
842,,1920.0,2112.0,192.0,,1778.753,9.0,14.0,178.0,36.3,,,0.0729,0.9271,,True,completed
861,,1942.0,2112.0,170.0,,1179.624,11.0,12.0,158.0,27.302,,,0.0706,0.9294,,True,completed
741,,1824.0,2113.0,289.0,,2376.794,29.0,40.0,249.0,70.203,,,0.1384,0.8616,,True,completed
897,,1991.0,2113.0,122.0,,1189.798,0.0,1.0,121.0,17.124,,,0.0082,0.9918,,True,completed
901,,1995.0,2113.0,118.0,,1151.901,0.0,1.0,117.0,10.335,,,0.0085,0.9915,,True,completed
903,,1996.0,2116.0,120.0,,1194.021,0.0,1.0,119.0,13.867,,,0.0083,0.9917,,True,completed
858,,1938.0,2118.0,180.0,,1738.392,0.0,13.0,167.0,31.425,,,0.0722,0.9278,,True,completed
875,,1967.0,2119.0,152.0,,1472.639,9.0,10.0,142.0,22.665,,,0.0658,0.9342,,True,completed
817,,1894.0,2121.0,227.0,,2376.731,8.0,23.0,204.0,51.884,,,0.1013,0.8987,,True,completed
762,,1842.0,2122.0,280.0,,1776.194,7.0,93.0,187.0,120.539,,,0.3321,0.6679,,True,completed
827,,1904.0,2122.0,218.0,,1475.465,0.0,18.0,200.0,41.893,,,0.0826,0.9174,,True,completed
790,,1872.0,2123.0,251.0,,1189.474,33.0,122.0,129.0,140.263,,,0.4861,0.5139,,True,completed
866,,1953.0,2123.0,170.0,,1172.889,36.0,48.0,122.0,63.25,,,0.2824,0.7176,,True,completed
837,,1917.0,2124.0,207.0,,1740.596,6.0,18.0,189.0,40.633,,,0.087,0.913,,True,completed
840,,1919.0,2124.0,205.0,,594.481,67.0,142.0,63.0,149.538,,,0.6927,0.3073,,True,completed
749,,1830.0,2125.0,295.0,,2380.613,0.0,12.0,283.0,40.645,,,0.0407,0.9593,,True,completed
891,,1987.0,2125.0,138.0,,1175.054,15.0,16.0,122.0,33.957,,,0.1159,0.8841,,True,completed
943,,2042.0,2126.0,84.0,,847.437,0.0,1.0,83.0,8.284,,,0.0119,0.9881,,True,completed
748,,1832.0,2127.0,295.0,,2079.504,28.0,50.0,245.0,79.564,,,0.1695,0.8305,,True,completed
760,,1843.0,2127.0,284.0,,2378.972,0.0,31.0,253.0,70.487,,,0.1092,0.8908,,True,completed
643,,1728.0,2128.0,400.0,,2089.253,9.0,124.0,276.0,160.953,,,0.31,0.69,,True,completed
832,,1911.0,2128.0,217.0,,1493.337,22.0,49.0,168.0,68.293,,,0.2258,0.7742,,True,completed
894,,1989.0,2129.0,140.0,,1172.3,13.0,23.0,117.0,44.774,,,0.1643,0.8357,,True,completed
915,,2010.0,2129.0,119.0,,1185.007,1.0,2.0,117.0,24.482,,,0.0168,0.9832,,True,completed
954,,2050.0,2130.0,80.0,,849.77,0.0,1.0,79.0,7.782,,,0.0125,0.9875,,True,completed
847,,1926.0,2133.0,207.0,,1486.925,36.0,48.0,159.0,71.166,,,0.2319,0.7681,,True,completed
905,,2000.0,2135.0,135.0,,1472.937,0.0,1.0,134.0,9.342,,,0.0074,0.9926,,True,completed
944,,2043.0,2135.0,92.0,,869.765,0.0,1.0,91.0,8.863,,,0.0109,0.9891,,True,completed
860,,1941.0,2136.0,195.0,,1491.659,14.0,29.0,166.0,48.992,,,0.1487,0.8513,,True,completed
902,,1996.0,2136.0,140.0,,1194.566,10.0,11.0,129.0,23.385,,,0.0786,0.9214,,True,completed
852,,1931.0,2138.0,207.0,,1772.427,0.0,27.0,180.0,46.272,,,0.1304,0.8696,,True,completed
925,,2023.0,2139.0,116.0,,1176.564,0.0,1.0,115.0,10.751,,,0.0086,0.9914,,True,completed
784,,1867.0,2140.0,273.0,,1795.326,9.0,90.0,183.0,111.215,,,0.3297,0.6703,,True,completed
904,,1997.0,2145.0,148.0,,883.63,46.0,65.0,83.0,76.583,,,0.4392,0.5608,,True,completed
878,,1970.0,2146.0,176.0,,1486.874,3.0,4.0,172.0,25.035,,,0.0227,0.9773,,True,completed
886,,1979.0,2146.0,167.0,,1493.645,0.0,1.0,166.0,12.668,,,0.006,0.994,,True,completed
839,,1918.0,2148.0,230.0,,1742.212,16.0,17.0,213.0,44.088,,,0.0739,0.9261,,True,completed
752,,1834.0,2150.0,316.0,,2392.16,1.0,52.0,264.0,90.146,,,0.1646,0.8354,,True,completed
870,,1963.0,2150.0,187.0,,1779.222,18.0,19.0,168.0,39.364,,,0.1016,0.8984,,True,completed
898,,1992.0,2150.0,158.0,,887.498,71.0,74.0,84.0,83.7,,,0.4684,0.5316,,True,completed
908,,2004.0,2150.0,146.0,,1487.742,0.0,1.0,145.0,23.737,,,0.0068,0.9932,,True,completed
911,,2005.0,2150.0,145.0,,1176.265,3.0,4.0,141.0,20.552,,,0.0276,0.9724,,True,completed
864,,1948.0,2151.0,203.0,,1487.468,20.0,27.0,176.0,48.144,,,0.133,0.867,,True,completed
939,,2037.0,2151.0,114.0,,1178.792,3.0,4.0,110.0,16.743,,,0.0351,0.9649,,True,completed
892,,1988.0,2152.0,164.0,,1485.428,21.0,22.0,142.0,38.684,,,0.1341,0.8659,,True,completed
871,,1963.0,2156.0,193.0,,1740.519,0.0,1.0,192.0,17.561,,,0.0052,0.9948,,True,completed
924,,2020.0,2157.0,137.0,,1151.144,13.0,14.0,123.0,29.534,,,0.1022,0.8978,,True,completed
850,,1929.0,2158.0,229.0,,2078.132,2.0,25.0,204.0,52.202,,,0.1092,0.8908,,True,completed
805,,1882.0,2162.0,280.0,,2370.753,0.0,29.0,251.0,58.349,,,0.1036,0.8964,,True,completed
879,,1972.0,2164.0,192.0,,1747.424,0.0,6.0,186.0,25.257,,,0.0312,0.9688,,True,completed
831,,1909.0,2165.0,256.0,,2378.495,6.0,16.0,240.0,44.142,,,0.0625,0.9375,,True,completed
923,,2019.0,2165.0,146.0,,1735.637,0.0,1.0,145.0,18.964,,,0.0068,0.9932,,True,completed
872,,1963.0,2167.0,204.0,,1779.686,0.0,5.0,199.0,22.648,,,0.0245,0.9755,,True,completed
830,,1908.0,2171.0,263.0,,894.094,40.0,171.0,92.0,183.077,,,0.6502,0.3498,,True,completed
907,,2003.0,2172.0,169.0,,1489.42,0.0,16.0,153.0,30.684,,,0.0947,0.9053,,True,completed
763,,1844.0,2173.0,329.0,,891.48,48.0,250.0,79.0,259.637,,,0.7599,0.2401,,True,completed
959,,2057.0,2173.0,116.0,,1157.578,0.0,1.0,115.0,14.126,,,0.0086,0.9914,,True,completed
909,,2004.0,2174.0,170.0,,1746.687,0.0,1.0,169.0,15.812,,,0.0059,0.9941,,True,completed
751,,1835.0,2175.0,340.0,,2389.869,16.0,106.0,234.0,136.756,,,0.3118,0.6882,,True,completed
799,,1878.0,2175.0,297.0,,2072.652,19.0,64.0,233.0,96.72,,,0.2155,0.7845,,True,completed
914,,2010.0,2175.0,165.0,,1192.693,24.0,33.0,132.0,50.085,,,0.2,0.8,,True,completed
834,,1915.0,2177.0,262.0,,889.529,44.0,178.0,84.0,187.488,,,0.6794,0.3206,,True,completed
961,,2061.0,2177.0,116.0,,889.253,31.0,32.0,84.0,43.546,,,0.2759,0.7241,,True,completed
965,,2073.0,2177.0,104.0,,1167.985,0.0,1.0,103.0,10.645,,,0.0096,0.9904,,True,completed
846,,1925.0,2178.0,253.0,,2375.776,4.0,19.0,234.0,49.49,,,0.0751,0.9249,,True,completed
919,,2015.0,2178.0,163.0,,896.938,43.0,75.0,88.0,86.802,,,0.4601,0.5399,,True,completed
950,,2047.0,2180.0,133.0,,1195.281,1.0,2.0,131.0,14.265,,,0.015,0.985,,True,completed
982,,2101.0,2184.0,83.0,,589.326,21.0,22.0,61.0,32.412,,,0.2651,0.7349,,True,completed
929,,2029.0,2185.0,156.0,,1494.261,19.0,21.0,135.0,36.558,,,0.1346,0.8654,,True,completed
889,,1983.0,2187.0,204.0,,1470.625,13.0,37.0,167.0,57.033,,,0.1814,0.8186,,True,completed
887,,1980.0,2188.0,208.0,,1786.093,10.0,49.0,159.0,72.123,,,0.2356,0.7644,,True,completed
937,,2036.0,2188.0,152.0,,593.856,63.0,81.0,71.0,89.912,,,0.5329,0.4671,,True,completed
921,,2019.0,2189.0,170.0,,1486.907,11.0,24.0,146.0,44.479,,,0.1412,0.8588,,True,completed
957,,2054.0,2189.0,135.0,,874.771,26.0,27.0,108.0,39.756,,,0.2,0.8,,True,completed
976,,2094.0,2189.0,95.0,,886.323,7.0,8.0,87.0,23.848,,,0.0842,0.9158,,True,completed
807,,1885.0,2190.0,305.0,,2372.419,0.0,23.0,282.0,52.2,,,0.0754,0.9246,,True,completed
931,,2031.0,2192.0,161.0,,1494.926,10.0,11.0,150.0,24.794,,,0.0683,0.9317,,True,completed
912,,2007.0,2195.0,188.0,,1789.205,3.0,4.0,184.0,28.546,,,0.0213,0.9787,,True,completed
948,,2046.0,2195.0,149.0,,1179.48,17.0,18.0,131.0,34.926,,,0.1208,0.8792,,True,completed
849,,1929.0,2198.0,269.0,,2073.401,4.0,18.0,251.0,50.215,,,0.0669,0.9331,,True,completed
986,,2110.0,2198.0,88.0,,867.619,0.0,1.0,87.0,7.493,,,0.0114,0.9886,,True,completed
932,,2031.0,2200.0,169.0,,1776.855,0.0,4.0,165.0,19.906,,,0.0237,0.9763,,True,completed
917,,2012.0,2201.0,189.0,,1484.946,10.0,38.0,151.0,60.21,,,0.2011,0.7989,,True,completed
883,,1975.0,2204.0,229.0,,892.921,11.0,99.0,130.0,118.408,,,0.4323,0.5677,,True,completed
940,,2039.0,2204.0,165.0,,1488.367,6.0,7.0,158.0,23.607,,,0.0424,0.9576,,True,completed
844,,1923.0,2209.0,286.0,,1191.897,2.0,154.0,132.0,168.128,,,0.5385,0.4615,,True,completed
838,,1918.0,2210.0,292.0,,2372.023,1.0,28.0,264.0,53.344,,,0.0959,0.9041,,True,completed
962,,2068.0,2210.0,142.0,,1166.6,7.0,20.0,122.0,40.78,,,0.1408,0.8592,,True,completed
888,,1982.0,2211.0,229.0,,1490.284,29.0,77.0,152.0,96.414,,,0.3362,0.6638,,True,completed
896,,1991.0,2212.0,221.0,,1738.298,46.0,47.0,174.0,64.587,,,0.2127,0.7873,,True,completed
946,,2044.0,2212.0,168.0,,1454.655,16.0,17.0,151.0,31.648,,,0.1012,0.8988,,True,completed
945,,2044.0,2214.0,170.0,,1490.488,3.0,7.0,163.0,28.019,,,0.0412,0.9588,,True,completed
910,,2005.0,2215.0,210.0,,1775.315,0.0,37.0,173.0,53.521,,,0.1762,0.8238,,True,completed
927,,2024.0,2215.0,191.0,,1775.279,17.0,27.0,164.0,47.904,,,0.1414,0.8586,,True,completed
969,,2079.0,2216.0,137.0,,1484.599,0.0,1.0,136.0,12.346,,,0.0073,0.9927,,True,completed
971,,2084.0,2219.0,135.0,,1189.018,3.0,6.0,129.0,19.224,,,0.0444,0.9556,,True,completed
941,,2039.0,2220.0,181.0,,1741.444,0.0,2.0,179.0,20.374,,,0.011,0.989,,True,completed
951,,2049.0,2221.0,172.0,,1735.828,3.0,4.0,168.0,21.733,,,0.0233,0.9767,,True,completed
928,,2025.0,2225.0,200.0,,1494.343,3.0,25.0,175.0,49.434,,,0.125,0.875,,True,completed
988,,2112.0,2225.0,113.0,,1169.823,0.0,1.0,112.0,8.669,,,0.0088,0.9912,,True,completed
810,,1888.0,2226.0,338.0,,2092.405,20.0,73.0,265.0,103.095,,,0.216,0.784,,True,completed
956,,2052.0,2226.0,174.0,,1778.533,0.0,14.0,160.0,28.675,,,0.0805,0.9195,,True,completed
916,,2013.0,2228.0,215.0,,1778.185,0.0,4.0,211.0,22.433,,,0.0186,0.9814,,True,completed
934,,2035.0,2230.0,195.0,,1493.265,2.0,6.0,189.0,30.965,,,0.0308,0.9692,,True,completed
873,,1966.0,2231.0,265.0,,2392.644,6.0,26.0,239.0,68.728,,,0.0981,0.9019,,True,completed
881,,1974.0,2231.0,257.0,,2391.3,9.0,21.0,236.0,47.088,,,0.0817,0.9183,,True,completed
933,,2033.0,2234.0,201.0,,1774.923,7.0,15.0,186.0,36.568,,,0.0746,0.9254,,True,completed
960,,2059.0,2234.0,175.0,,1794.344,14.0,15.0,160.0,33.833,,,0.0857,0.9143,,True,completed
884,,1976.0,2235.0,259.0,,1791.894,13.0,65.0,194.0,99.604,,,0.251,0.749,,True,completed
930,,2030.0,2236.0,206.0,,1775.342,0.0,1.0,205.0,17.011,,,0.0049,0.9951,,True,completed
935,,2038.0,2242.0,204.0,,1476.998,6.0,47.0,157.0,67.41,,,0.2304,0.7696,,True,completed
966,,2074.0,2243.0,169.0,,589.007,68.0,105.0,64.0,114.968,,,0.6213,0.3787,,True,completed
922,,2019.0,2244.0,225.0,,2076.869,9.0,10.0,215.0,29.424,,,0.0444,0.9556,,True,completed
953,,2050.0,2245.0,195.0,,1490.329,5.0,32.0,163.0,51.284,,,0.1641,0.8359,,True,completed
853,,1933.0,2247.0,314.0,,2375.645,8.0,34.0,280.0,70.648,,,0.1083,0.8917,,True,completed
869,,1958.0,2247.0,289.0,,1792.294,34.0,85.0,204.0,111.03,,,0.2941,0.7059,,True,completed
995,,2126.0,2253.0,127.0,,1159.947,3.0,4.0,123.0,18.119,,,0.0315,0.9685,,True,completed
899,,1992.0,2255.0,263.0,,2373.861,0.0,18.0,245.0,59.615,,,0.0684,0.9316,,True,completed
947,,2045.0,2255.0,210.0,,1742.707,11.0,26.0,184.0,52.473,,,0.1238,0.8762,,True,completed
963,,2072.0,2256.0,184.0,,1197.278,17.0,42.0,142.0,66.855,,,0.2283,0.7717,,True,completed
1014,,2159.0,2257.0,98.0,,890.754,12.0,13.0,85.0,23.646,,,0.1327,0.8673,,True,completed
877,,1970.0,2257.0,287.0,,2377.353,0.0,37.0,250.0,59.068,,,0.1289,0.8711,,True,completed
1007,,2142.0,2262.0,120.0,,594.037,58.0,59.0,61.0,67.484,,,0.4917,0.5083,,True,completed
913,,2008.0,2262.0,254.0,,2380.181,3.0,17.0,237.0,44.851,,,0.0669,0.9331,,True,completed
936,,2036.0,2262.0,226.0,,2074.609,8.0,11.0,215.0,34.96,,,0.0487,0.9513,,True,completed
972,,2084.0,2266.0,182.0,,1739.777,0.0,5.0,177.0,22.246,,,0.0275,0.9725,,True,completed
967,,2076.0,2267.0,191.0,,1488.27,15.0,25.0,166.0,42.086,,,0.1309,0.8691,,True,completed
920,,2018.0,2269.0,251.0,,2072.297,0.0,30.0,221.0,53.013,,,0.1195,0.8805,,True,completed
1002,,2134.0,2277.0,143.0,,1188.418,14.0,26.0,117.0,38.338,,,0.1818,0.8182,,True,completed
1004,,2137.0,2280.0,143.0,,1177.251,9.0,13.0,130.0,30.84,,,0.0909,0.9091,,True,completed
983,,2102.0,2280.0,178.0,,1487.391,9.0,10.0,168.0,23.329,,,0.0562,0.9438,,True,completed
1005,,2141.0,2282.0,141.0,,594.35,69.0,80.0,61.0,89.612,,,0.5674,0.4326,,True,completed
1009,,2149.0,2282.0,133.0,,1471.447,0.0,1.0,132.0,15.95,,,0.0075,0.9925,,True,completed
993,,2120.0,2283.0,163.0,,1191.698,36.0,37.0,126.0,52.363,,,0.227,0.773,,True,completed
1019,,2165.0,2284.0,119.0,,1178.534,1.0,2.0,117.0,12.532,,,0.0168,0.9832,,True,completed
1044,,2209.0,2286.0,77.0,,878.632,0.0,1.0,76.0,7.514,,,0.013,0.987,,True,completed
812,,1890.0,2286.0,396.0,,2092.417,24.0,158.0,238.0,192.421,,,0.399,0.601,,True,completed
1033,,2181.0,2291.0,110.0,,871.76,19.0,21.0,89.0,29.974,,,0.1909,0.8091,,True,completed
984,,2105.0,2291.0,186.0,,888.521,38.0,96.0,90.0,110.796,,,0.5161,0.4839,,True,completed
868,,1956.0,2293.0,337.0,,2069.454,0.0,136.0,201.0,153.7,,,0.4036,0.5964,,True,completed
1022,,2169.0,2294.0,125.0,,1188.981,0.0,1.0,124.0,9.617,,,0.008,0.992,,True,completed
1030,,2179.0,2294.0,115.0,,886.822,34.0,35.0,80.0,43.907,,,0.3043,0.6957,,True,completed
974,,2088.0,2294.0,206.0,,1491.565,0.0,63.0,143.0,81.031,,,0.3058,0.6942,,True,completed
980,,2099.0,2294.0,195.0,,1494.615,16.0,17.0,178.0,34.285,,,0.0872,0.9128,,True,completed
1016,,2161.0,2297.0,136.0,,1153.38,22.0,23.0,113.0,36.349,,,0.1691,0.8309,,True,completed
1032,,2180.0,2297.0,117.0,,1188.29,0.0,1.0,116.0,8.909,,,0.0085,0.9915,,True,completed
1062,,2249.0,2299.0,50.0,,574.803,0.0,1.0,49.0,6.39,,,0.02,0.98,,True,completed
1000,,2131.0,2300.0,169.0,,1743.686,0.0,1.0,168.0,16.944,,,0.0059,0.9941,,True,completed
882,,1977.0,2302.0,325.0,,2388.504,0.0,80.0,245.0,108.685,,,0.2462,0.7538,,True,completed
1011,,2158.0,2303.0,145.0,,1173.734,1.0,2.0,143.0,18.045,,,0.0138,0.9862,,True,completed
1015,,2160.0,2303.0,143.0,,1475.83,6.0,7.0,136.0,21.54,,,0.049,0.951,,True,completed
978,,2096.0,2304.0,208.0,,1790.899,6.0,21.0,187.0,40.965,,,0.101,0.899,,True,completed
1038,,2194.0,2307.0,113.0,,1153.042,0.0,1.0,112.0,9.559,,,0.0088,0.9912,,True,completed
985,,2106.0,2308.0,202.0,,2079.52,0.0,1.0,201.0,15.716,,,0.005,0.995,,True,completed
992,,2119.0,2309.0,190.0,,1769.702,12.0,14.0,176.0,34.314,,,0.0737,0.9263,,True,completed
970,,2083.0,2310.0,227.0,,1778.347,0.0,1.0,226.0,25.382,,,0.0044,0.9956,,True,completed
1027,,2173.0,2311.0,138.0,,884.397,39.0,48.0,90.0,60.562,,,0.3478,0.6522,,True,completed
952,,2049.0,2314.0,265.0,,2077.299,0.0,35.0,230.0,59.51,,,0.1321,0.8679,,True,completed
994,,2123.0,2314.0,191.0,,1491.3,40.0,50.0,141.0,72.937,,,0.2618,0.7382,,True,completed
975,,2090.0,2317.0,227.0,,1776.373,0.0,13.0,214.0,35.953,,,0.0573,0.9427,,True,completed
890,,1984.0,2318.0,334.0,,2373.397,2.0,103.0,231.0,139.019,,,0.3084,0.6916,,True,completed
998,,2129.0,2318.0,189.0,,1777.753,0.0,1.0,188.0,32.157,,,0.0053,0.9947,,True,completed
1010,,2157.0,2319.0,162.0,,1477.98,7.0,8.0,154.0,35.556,,,0.0494,0.9506,,True,completed
1025,,2172.0,2319.0,147.0,,1493.913,5.0,6.0,141.0,23.225,,,0.0408,0.9592,,True,completed
996,,2126.0,2319.0,193.0,,1779.929,0.0,2.0,191.0,20.364,,,0.0104,0.9896,,True,completed
990,,2117.0,2322.0,205.0,,1778.15,6.0,30.0,175.0,51.214,,,0.1463,0.8537,,True,completed
949,,2047.0,2324.0,277.0,,2094.313,7.0,21.0,256.0,49.014,,,0.0758,0.9242,,True,completed
958,,2054.0,2327.0,273.0,,2077.101,0.0,44.0,229.0,73.676,,,0.1612,0.8388,,True,completed
997,,2128.0,2328.0,200.0,,1490.747,13.0,29.0,171.0,50.757,,,0.145,0.855,,True,completed
1056,,2233.0,2330.0,97.0,,588.103,38.0,39.0,58.0,47.808,,,0.4021,0.5979,,True,completed
938,,2037.0,2332.0,295.0,,1740.018,0.0,124.0,171.0,143.122,,,0.4203,0.5797,,True,completed
987,,2111.0,2332.0,221.0,,2074.062,0.0,8.0,213.0,27.86,,,0.0362,0.9638,,True,completed
999,,2129.0,2334.0,205.0,,2090.054,0.0,12.0,193.0,34.416,,,0.0585,0.9415,,True,completed
1042,,2205.0,2335.0,130.0,,1173.695,2.0,3.0,127.0,17.52,,,0.0231,0.9769,,True,completed
979,,2097.0,2335.0,238.0,,1773.894,25.0,47.0,191.0,68.3,,,0.1975,0.8025,,True,completed
1028,,2175.0,2339.0,164.0,,1488.553,0.0,1.0,163.0,17.208,,,0.0061,0.9939,,True,completed
989,,2115.0,2342.0,227.0,,1187.403,9.0,103.0,124.0,116.565,,,0.4537,0.5463,,True,completed
1023,,2169.0,2343.0,174.0,,1460.144,0.0,5.0,169.0,21.799,,,0.0287,0.9713,,True,completed
1053,,2230.0,2344.0,114.0,,884.811,19.0,20.0,94.0,32.849,,,0.1754,0.8246,,True,completed
973,,2088.0,2345.0,257.0,,2091.817,5.0,31.0,226.0,56.998,,,0.1206,0.8794,,True,completed
968,,2078.0,2346.0,268.0,,2377.85,0.0,3.0,265.0,29.605,,,0.0112,0.9888,,True,completed
1048,,2224.0,2348.0,124.0,,1155.838,0.0,1.0,123.0,11.029,,,0.0081,0.9919,,True,completed
1050,,2225.0,2355.0,130.0,,1172.267,3.0,4.0,126.0,16.928,,,0.0308,0.9692,,True,completed
1026,,2173.0,2357.0,184.0,,1492.967,0.0,7.0,177.0,31.851,,,0.038,0.962,,True,completed
1057,,2236.0,2359.0,123.0,,1189.364,3.0,4.0,119.0,16.353,,,0.0325,0.9675,,True,completed
964,,2073.0,2362.0,289.0,,2093.268,38.0,71.0,218.0,107.352,,,0.2457,0.7543,,True,completed
1020,,2166.0,2363.0,197.0,,1781.439,27.0,39.0,158.0,58.151,,,0.198,0.802,,True,completed
1013,,2159.0,2365.0,206.0,,1785.672,5.0,13.0,193.0,33.812,,,0.0631,0.9369,,True,completed
1072,,2274.0,2366.0,92.0,,895.05,0.0,1.0,91.0,7.507,,,0.0109,0.9891,,True,completed
1067,,2257.0,2367.0,110.0,,887.794,23.0,24.0,86.0,34.899,,,0.2182,0.7818,,True,completed
1054,,2229.0,2369.0,140.0,,1479.371,8.0,9.0,131.0,22.772,,,0.0643,0.9357,,True,completed
991,,2119.0,2369.0,250.0,,2377.261,0.0,25.0,225.0,59.504,,,0.1,0.9,,True,completed
1063,,2250.0,2371.0,121.0,,1184.113,4.0,5.0,116.0,17.617,,,0.0413,0.9587,,True,completed
1089,,2306.0,2371.0,65.0,,572.918,0.0,1.0,64.0,6.137,,,0.0154,0.9846,,True,completed
1095,,2314.0,2373.0,59.0,,568.137,0.0,1.0,58.0,6.802,,,0.0169,0.9831,,True,completed
1041,,2200.0,2377.0,177.0,,1473.358,4.0,11.0,166.0,32.326,,,0.0621,0.9379,,True,completed
1040,,2199.0,2380.0,181.0,,1777.509,0.0,14.0,167.0,29.764,,,0.0773,0.9227,,True,completed
1037,,2192.0,2390.0,198.0,,1473.508,32.0,51.0,147.0,69.815,,,0.2576,0.7424,,True,completed
1069,,2265.0,2390.0,125.0,,887.713,19.0,20.0,105.0,31.772,,,0.16,0.84,,True,completed
1036,,2192.0,2392.0,200.0,,1769.789,3.0,24.0,176.0,40.908,,,0.12,0.88,,True,completed
1021,,2168.0,2394.0,226.0,,1778.142,26.0,36.0,190.0,57.679,,,0.1593,0.8407,,True,completed
942,,2040.0,2394.0,354.0,,2371.502,0.0,129.0,225.0,153.686,,,0.3644,0.6356,,True,completed
1092,,2309.0,2395.0,86.0,,851.423,0.0,1.0,85.0,9.136,,,0.0116,0.9884,,True,completed
1101,,2321.0,2395.0,74.0,,848.995,0.0,1.0,73.0,8.822,,,0.0135,0.9865,,True,completed
1045,,2215.0,2396.0,181.0,,1785.648,0.0,4.0,177.0,26.45,,,0.0221,0.9779,,True,completed
1070,,2266.0,2396.0,130.0,,1186.899,14.0,15.0,115.0,27.066,,,0.1154,0.8846,,True,completed
1090,,2307.0,2397.0,90.0,,890.25,4.0,5.0,85.0,16.579,,,0.0556,0.9444,,True,completed
1003,,2135.0,2399.0,264.0,,1772.658,0.0,87.0,177.0,107.96,,,0.3295,0.6705,,True,completed
1012,,2158.0,2400.0,242.0,,1788.829,21.0,72.0,170.0,99.19,,,0.2975,0.7025,,True,completed
1047,,2221.0,2401.0,180.0,,1495.658,0.0,17.0,163.0,32.176,,,0.0944,0.9056,,True,completed
1058,,2236.0,2401.0,165.0,,1470.437,0.0,1.0,164.0,17.525,,,0.0061,0.9939,,True,completed
1076,,2279.0,2401.0,122.0,,1175.22,6.0,7.0,115.0,19.589,,,0.0574,0.9426,,True,completed
955,,2051.0,2401.0,350.0,,2088.777,5.0,81.0,269.0,113.812,,,0.2314,0.7686,,True,completed
1034,,2184.0,2406.0,222.0,,2381.878,0.0,1.0,221.0,30.589,,,0.0045,0.9955,,True,completed
1088,,2305.0,2406.0,101.0,,593.158,32.0,33.0,68.0,42.175,,,0.3267,0.6733,,True,completed
1031,,2179.0,2407.0,228.0,,2381.136,0.0,1.0,227.0,14.941,,,0.0044,0.9956,,True,completed
1049,,2222.0,2407.0,185.0,,1777.786,0.0,11.0,174.0,28.336,,,0.0595,0.9405,,True,completed
1074,,2276.0,2408.0,132.0,,1478.565,0.0,1.0,131.0,9.701,,,0.0076,0.9924,,True,completed
1060,,2245.0,2411.0,166.0,,1745.78,0.0,1.0,165.0,16.908,,,0.006,0.994,,True,completed
977,,2094.0,2411.0,317.0,,2077.133,0.0,95.0,222.0,125.573,,,0.2997,0.7003,,True,completed
1024,,2172.0,2412.0,240.0,,1791.293,1.0,30.0,210.0,55.002,,,0.125,0.875,,True,completed
1055,,2230.0,2413.0,183.0,,1779.753,0.0,1.0,182.0,16.156,,,0.0055,0.9945,,True,completed
1123,,2365.0,2415.0,50.0,,594.143,0.0,1.0,49.0,4.583,,,0.02,0.98,,True,completed
1035,,2187.0,2416.0,229.0,,1770.715,17.0,25.0,204.0,47.457,,,0.1092,0.8908,,True,completed
1051,,2228.0,2420.0,192.0,,1744.857,28.0,29.0,163.0,48.0,,,0.151,0.849,,True,completed
1008,,2147.0,2422.0,275.0,,2373.065,4.0,37.0,238.0,63.139,,,0.1345,0.8655,,True,completed
1066,,2257.0,2429.0,172.0,,888.547,52.0,89.0,83.0,101.858,,,0.5174,0.4826,,True,completed
1059,,2242.0,2431.0,189.0,,1490.299,22.0,42.0,147.0,62.375,,,0.2222,0.7778,,True,completed
981,,2100.0,2432.0,332.0,,2089.933,39.0,103.0,229.0,142.483,,,0.3102,0.6898,,True,completed
1112,,2336.0,2434.0,98.0,,874.079,2.0,3.0,95.0,15.512,,,0.0306,0.9694,,True,completed
1046,,2217.0,2439.0,222.0,,1780.365,0.0,17.0,205.0,40.289,,,0.0766,0.9234,,True,completed
1052,,2227.0,2439.0,212.0,,1189.045,40.0,92.0,120.0,118.703,,,0.434,0.566,,True,completed
1083,,2297.0,2439.0,142.0,,1171.641,0.0,1.0,141.0,12.82,,,0.007,0.993,,True,completed
1043,,2207.0,2444.0,237.0,,2079.375,15.0,17.0,220.0,45.694,,,0.0717,0.9283,,True,completed
1065,,2254.0,2445.0,191.0,,1780.606,0.0,5.0,186.0,21.425,,,0.0262,0.9738,,True,completed
1006,,2141.0,2446.0,305.0,,2376.441,5.0,50.0,255.0,77.492,,,0.1639,0.8361,,True,completed
1084,,2298.0,2447.0,149.0,,1175.595,15.0,31.0,118.0,54.482,,,0.2081,0.7919,,True,completed
1001,,2132.0,2448.0,316.0,,2094.935,33.0,79.0,237.0,106.331,,,0.25,0.75,,True,completed
1100,,2320.0,2450.0,130.0,,1194.009,15.0,16.0,114.0,34.0,,,0.1231,0.8769,,True,completed
1116,,2352.0,2450.0,98.0,,891.542,9.0,11.0,87.0,19.244,,,0.1122,0.8878,,True,completed
1071,,2271.0,2451.0,180.0,,1170.667,30.0,42.0,138.0,57.942,,,0.2333,0.7667,,True,completed
1080,,2294.0,2454.0,160.0,,1472.823,0.0,1.0,159.0,12.654,,,0.0063,0.9938,,True,completed
1110,,2335.0,2456.0,121.0,,1167.239,0.0,1.0,120.0,9.943,,,0.0083,0.9917,,True,completed
1113,,2342.0,2457.0,115.0,,1154.956,0.0,1.0,114.0,11.046,,,0.0087,0.9913,,True,completed
1018,,2162.0,2458.0,296.0,,2379.641,0.0,54.0,242.0,82.672,,,0.1824,0.8176,,True,completed
1081,,2295.0,2461.0,166.0,,1741.415,0.0,1.0,165.0,12.898,,,0.006,0.994,,True,completed
1086,,2304.0,2463.0,159.0,,1489.297,4.0,5.0,154.0,20.23,,,0.0314,0.9686,,True,completed
1097,,2316.0,2467.0,151.0,,1195.043,11.0,12.0,139.0,29.773,,,0.0795,0.9205,,True,completed
1105,,2326.0,2469.0,143.0,,1489.116,0.0,1.0,142.0,11.126,,,0.007,0.993,,True,completed
1078,,2285.0,2470.0,185.0,,1494.228,11.0,31.0,154.0,52.053,,,0.1676,0.8324,,True,completed
1099,,2319.0,2471.0,152.0,,1468.323,0.0,1.0,151.0,12.425,,,0.0066,0.9934,,True,completed
1087,,2304.0,2473.0,169.0,,1485.735,9.0,10.0,159.0,30.106,,,0.0592,0.9408,,True,completed
1064,,2254.0,2481.0,227.0,,2079.804,1.0,30.0,197.0,51.729,,,0.1322,0.8678,,True,completed
1102,,2323.0,2482.0,159.0,,1474.195,5.0,6.0,153.0,23.207,,,0.0377,0.9623,,True,completed
1094,,2311.0,2484.0,173.0,,1489.942,0.0,1.0,172.0,14.185,,,0.0058,0.9942,,True,completed
1039,,2197.0,2486.0,289.0,,2379.045,0.0,11.0,278.0,41.47,,,0.0381,0.9619,,True,completed
1125,,2368.0,2489.0,121.0,,1194.944,0.0,1.0,120.0,14.002,,,0.0083,0.9917,,True,completed
1061,,2248.0,2493.0,245.0,,2090.536,0.0,10.0,235.0,28.267,,,0.0408,0.9592,,True,completed
1111,,2336.0,2493.0,157.0,,894.095,38.0,62.0,95.0,73.79,,,0.3949,0.6051,,True,completed
1073,,2274.0,2494.0,220.0,,1779.608,7.0,30.0,190.0,54.237,,,0.1364,0.8636,,True,completed
1114,,2345.0,2502.0,157.0,,1474.597,0.0,4.0,153.0,20.569,,,0.0255,0.9745,,True,completed
1104,,2326.0,2504.0,178.0,,1776.471,1.0,9.0,169.0,35.614,,,0.0506,0.9494,,True,completed
1085,,2298.0,2507.0,209.0,,1455.934,32.0,40.0,169.0,61.5,,,0.1914,0.8086,,True,completed
1096,,2315.0,2508.0,193.0,,1776.004,6.0,23.0,170.0,44.347,,,0.1192,0.8808,,True,completed
1134,,2391.0,2510.0,119.0,,1188.554,0.0,1.0,118.0,10.826,,,0.0084,0.9916,,True,completed
1119,,2357.0,2515.0,158.0,,1457.546,16.0,20.0,138.0,37.032,,,0.1266,0.8734,,True,completed
1155,,2455.0,2515.0,60.0,,567.546,0.0,1.0,59.0,6.232,,,0.0167,0.9833,,True,completed
1068,,2258.0,2519.0,261.0,,1773.43,22.0,56.0,205.0,79.696,,,0.2146,0.7854,,True,completed
1141,,2422.0,2523.0,101.0,,1150.99,0.0,1.0,100.0,11.585,,,0.0099,0.9901,,True,completed
1017,,2161.0,2524.0,363.0,,2090.933,23.0,67.0,296.0,100.503,,,0.1846,0.8154,,True,completed
1142,,2424.0,2525.0,101.0,,873.152,1.0,2.0,99.0,14.513,,,0.0198,0.9802,,True,completed
1082,,2296.0,2533.0,237.0,,2072.343,6.0,17.0,220.0,40.524,,,0.0717,0.9283,,True,completed
1107,,2332.0,2536.0,204.0,,1781.215,0.0,1.0,203.0,15.353,,,0.0049,0.9951,,True,completed
1108,,2332.0,2536.0,204.0,,2086.616,0.0,2.0,202.0,18.469,,,0.0098,0.9902,,True,completed
1091,,2308.0,2541.0,233.0,,2092.574,0.0,1.0,232.0,17.788,,,0.0043,0.9957,,True,completed
1129,,2385.0,2541.0,156.0,,1485.826,13.0,14.0,142.0,27.131,,,0.0897,0.9103,,True,completed
1132,,2387.0,2542.0,155.0,,1743.137,0.0,1.0,154.0,13.318,,,0.0065,0.9935,,True,completed
1130,,2386.0,2543.0,157.0,,1494.391,0.0,2.0,155.0,16.987,,,0.0127,0.9873,,True,completed
1109,,2333.0,2544.0,211.0,,2074.797,0.0,1.0,210.0,15.707,,,0.0047,0.9953,,True,completed
1118,,2353.0,2546.0,193.0,,1741.171,0.0,16.0,177.0,35.101,,,0.0829,0.9171,,True,completed
1106,,2330.0,2549.0,219.0,,2083.746,11.0,18.0,201.0,48.536,,,0.0822,0.9178,,True,completed
1121,,2359.0,2549.0,190.0,,1786.099,3.0,27.0,163.0,54.945,,,0.1421,0.8579,,True,completed
1122,,2360.0,2552.0,192.0,,1776.795,4.0,5.0,187.0,28.161,,,0.026,0.974,,True,completed
1137,,2407.0,2553.0,146.0,,1494.27,0.0,1.0,145.0,13.642,,,0.0068,0.9932,,True,completed
1079,,2293.0,2554.0,261.0,,2072.38,0.0,27.0,234.0,52.277,,,0.1034,0.8966,,True,completed
1128,,2377.0,2560.0,183.0,,1745.123,0.0,1.0,182.0,15.445,,,0.0055,0.9945,,True,completed
1154,,2457.0,2563.0,106.0,,1149.759,0.0,1.0,105.0,10.118,,,0.0094,0.9906,,True,completed
1146,,2444.0,2569.0,125.0,,1170.279,5.0,6.0,119.0,19.151,,,0.048,0.952,,True,completed
1117,,2353.0,2571.0,218.0,,2073.48,5.0,12.0,206.0,35.524,,,0.055,0.945,,True,completed
1151,,2450.0,2571.0,121.0,,1196.107,0.0,1.0,120.0,9.878,,,0.0083,0.9917,,True,completed
1029,,2177.0,2573.0,396.0,,2387.859,6.0,137.0,259.0,175.817,,,0.346,0.654,,True,completed
1131,,2388.0,2575.0,187.0,,1743.25,0.0,1.0,186.0,15.122,,,0.0053,0.9947,,True,completed
1153,,2454.0,2579.0,125.0,,1196.803,5.0,6.0,119.0,19.708,,,0.048,0.952,,True,completed
1139,,2417.0,2581.0,164.0,,1486.911,10.0,15.0,149.0,35.327,,,0.0915,0.9085,,True,completed
1075,,2278.0,2587.0,309.0,,2074.137,24.0,56.0,253.0,93.802,,,0.1812,0.8188,,True,completed
1148,,2446.0,2587.0,141.0,,1486.667,0.0,1.0,140.0,10.197,,,0.0071,0.9929,,True,completed
1152,,2453.0,2589.0,136.0,,1488.916,1.0,3.0,133.0,22.38,,,0.0221,0.9779,,True,completed
1093,,2311.0,2590.0,279.0,,2076.515,0.0,15.0,264.0,39.456,,,0.0538,0.9462,,True,completed
1103,,2325.0,2591.0,266.0,,2091.5,21.0,62.0,204.0,90.774,,,0.2331,0.7669,,True,completed
1127,,2377.0,2591.0,214.0,,1784.736,34.0,41.0,173.0,59.667,,,0.1916,0.8084,,True,completed
1120,,2360.0,2592.0,232.0,,1775.928,0.0,49.0,183.0,65.653,,,0.2112,0.7888,,True,completed
1175,,2504.0,2595.0,91.0,,871.45,0.0,1.0,90.0,8.692,,,0.011,0.989,,True,completed
1169,,2488.0,2600.0,112.0,,1179.252,4.0,5.0,107.0,17.411,,,0.0446,0.9554,,True,completed
1157,,2468.0,2606.0,138.0,,1174.652,7.0,8.0,130.0,23.139,,,0.058,0.942,,True,completed
1138,,2410.0,2608.0,198.0,,2374.857,0.0,1.0,197.0,13.165,,,0.0051,0.9949,,True,completed
1136,,2404.0,2612.0,208.0,,2087.35,0.0,9.0,199.0,26.114,,,0.0433,0.9567,,True,completed
1158,,2471.0,2612.0,141.0,,1488.475,0.0,1.0,140.0,13.781,,,0.0071,0.9929,,True,completed
1144,,2436.0,2613.0,177.0,,1486.554,23.0,24.0,153.0,38.044,,,0.1356,0.8644,,True,completed
1098,,2319.0,2618.0,299.0,,2079.054,27.0,63.0,236.0,86.95,,,0.2107,0.7893,,True,completed
1140,,2419.0,2618.0,199.0,,1487.969,14.0,23.0,176.0,48.583,,,0.1156,0.8844,,True,completed
1196,,2540.0,2618.0,78.0,,851.518,0.0,1.0,77.0,7.449,,,0.0128,0.9872,,True,completed
1149,,2447.0,2623.0,176.0,,1774.939,5.0,6.0,170.0,26.978,,,0.0341,0.9659,,True,completed
1143,,2427.0,2626.0,199.0,,1193.906,15.0,83.0,116.0,95.127,,,0.4171,0.5829,,True,completed
1077,,2280.0,2628.0,348.0,,2094.754,25.0,95.0,253.0,132.636,,,0.273,0.727,,True,completed
1150,,2448.0,2628.0,180.0,,1495.961,3.0,20.0,160.0,37.039,,,0.1111,0.8889,,True,completed
1194,,2535.0,2633.0,98.0,,897.221,3.0,4.0,94.0,14.585,,,0.0408,0.9592,,True,completed
1124,,2366.0,2634.0,268.0,,2386.548,16.0,18.0,250.0,42.357,,,0.0672,0.9328,,True,completed
1145,,2438.0,2635.0,197.0,,2093.224,0.0,1.0,196.0,17.289,,,0.0051,0.9949,,True,completed
1115,,2346.0,2637.0,291.0,,2382.024,12.0,19.0,272.0,49.265,,,0.0653,0.9347,,True,completed
1126,,2376.0,2637.0,261.0,,1777.879,1.0,59.0,202.0,84.886,,,0.2261,0.7739,,True,completed
1147,,2445.0,2638.0,193.0,,2076.189,0.0,1.0,192.0,14.161,,,0.0052,0.9948,,True,completed
1202,,2551.0,2640.0,89.0,,854.93,0.0,1.0,88.0,8.76,,,0.0112,0.9888,,True,completed
1163,,2479.0,2649.0,170.0,,1156.682,15.0,16.0,154.0,34.588,,,0.0941,0.9059,,True,completed
1183,,2516.0,2649.0,133.0,,1196.195,13.0,18.0,115.0,34.038,,,0.1353,0.8647,,True,completed
1203,,2550.0,2649.0,99.0,,876.137,9.0,10.0,89.0,21.962,,,0.101,0.899,,True,completed
1212,,2564.0,2652.0,88.0,,848.561,0.0,1.0,87.0,13.148,,,0.0114,0.9886,,True,completed
1191,,2527.0,2653.0,126.0,,1190.319,1.0,2.0,124.0,14.637,,,0.0159,0.9841,,True,completed
1164,,2480.0,2656.0,176.0,,1492.368,0.0,7.0,169.0,23.081,,,0.0398,0.9602,,True,completed
1167,,2487.0,2657.0,170.0,,1492.936,8.0,9.0,161.0,24.072,,,0.0529,0.9471,,True,completed
1198,,2545.0,2657.0,112.0,,885.551,26.0,27.0,85.0,36.853,,,0.2411,0.7589,,True,completed
1185,,2517.0,2658.0,141.0,,889.886,25.0,29.0,112.0,47.371,,,0.2057,0.7943,,True,completed
1133,,2391.0,2659.0,268.0,,2379.905,8.0,27.0,241.0,63.408,,,0.1007,0.8993,,True,completed
1206,,2554.0,2660.0,106.0,,1185.915,0.0,1.0,105.0,8.325,,,0.0094,0.9906,,True,completed
1188,,2520.0,2663.0,143.0,,1469.196,0.0,1.0,142.0,17.421,,,0.007,0.993,,True,completed
1186,,2517.0,2664.0,147.0,,1478.574,0.0,1.0,146.0,15.291,,,0.0068,0.9932,,True,completed
1173,,2498.0,2671.0,173.0,,1778.735,0.0,1.0,172.0,12.644,,,0.0058,0.9942,,True,completed
1179,,2509.0,2672.0,163.0,,2071.414,0.0,1.0,162.0,13.697,,,0.0061,0.9939,,True,completed
1166,,2480.0,2675.0,195.0,,1478.126,0.0,3.0,192.0,25.529,,,0.0154,0.9846,,True,completed
1174,,2501.0,2675.0,174.0,,1738.851,0.0,1.0,173.0,13.969,,,0.0057,0.9943,,True,completed
1171,,2492.0,2679.0,187.0,,1176.292,7.0,8.0,179.0,28.696,,,0.0428,0.9572,,True,completed
1187,,2519.0,2679.0,160.0,,1157.591,23.0,24.0,136.0,39.31,,,0.15,0.85,,True,completed
1184,,2516.0,2681.0,165.0,,1488.211,6.0,21.0,144.0,37.642,,,0.1273,0.8727,,True,completed
1210,,2561.0,2681.0,120.0,,1186.733,4.0,5.0,115.0,17.202,,,0.0417,0.9583,,True,completed
1178,,2507.0,2682.0,175.0,,1493.283,23.0,24.0,151.0,45.683,,,0.1371,0.8629,,True,completed
1180,,2509.0,2683.0,174.0,,1783.144,4.0,10.0,164.0,34.171,,,0.0575,0.9425,,True,completed
1211,,2563.0,2683.0,120.0,,1159.797,0.0,1.0,119.0,13.199,,,0.0083,0.9917,,True,completed
1170,,2492.0,2688.0,196.0,,1775.729,2.0,25.0,171.0,44.281,,,0.1276,0.8724,,True,completed
1239,,2634.0,2689.0,55.0,,570.491,0.0,1.0,54.0,5.401,,,0.0182,0.9818,,True,completed
1182,,2514.0,2691.0,177.0,,1744.098,0.0,8.0,169.0,28.872,,,0.0452,0.9548,,True,completed
1162,,2478.0,2694.0,216.0,,2071.446,5.0,18.0,198.0,52.675,,,0.0833,0.9167,,True,completed
1176,,2505.0,2694.0,189.0,,1775.385,0.0,1.0,188.0,21.727,,,0.0053,0.9947,,True,completed
1189,,2524.0,2697.0,173.0,,1734.368,0.0,10.0,163.0,25.604,,,0.0578,0.9422,,True,completed
1213,,2564.0,2697.0,133.0,,890.37,44.0,48.0,85.0,57.963,,,0.3609,0.6391,,True,completed
1156,,2467.0,2703.0,236.0,,2379.007,0.0,13.0,223.0,42.657,,,0.0551,0.9449,,True,completed
1193,,2533.0,2704.0,171.0,,1191.486,0.0,33.0,138.0,47.852,,,0.193,0.807,,True,completed
1247,,2655.0,2708.0,53.0,,589.324,0.0,1.0,52.0,4.605,,,0.0189,0.9811,,True,completed
1242,,2643.0,2709.0,66.0,,596.959,0.0,1.0,65.0,6.328,,,0.0152,0.9848,,True,completed
1168,,2490.0,2712.0,222.0,,1494.915,17.0,66.0,156.0,91.12,,,0.2973,0.7027,,True,completed
1181,,2510.0,2713.0,203.0,,2082.135,0.0,23.0,180.0,39.356,,,0.1133,0.8867,,True,completed
1199,,2546.0,2715.0,169.0,,1189.296,16.0,57.0,112.0,75.388,,,0.3373,0.6627,,True,completed
1135,,2401.0,2722.0,321.0,,2394.105,1.0,83.0,238.0,112.732,,,0.2586,0.7414,,True,completed
1224,,2612.0,2723.0,111.0,,889.036,0.0,1.0,110.0,9.711,,,0.009,0.991,,True,completed
1165,,2480.0,2732.0,252.0,,2089.666,0.0,5.0,247.0,28.006,,,0.0198,0.9802,,True,completed
1217,,2589.0,2734.0,145.0,,884.246,47.0,63.0,82.0,73.683,,,0.4345,0.5655,,True,completed
1161,,2478.0,2736.0,258.0,,2078.274,0.0,1.0,257.0,21.297,,,0.0039,0.9961,,True,completed
1190,,2525.0,2736.0,211.0,,1747.366,4.0,17.0,194.0,42.15,,,0.0806,0.9194,,True,completed
1177,,2506.0,2738.0,232.0,,1775.468,0.0,1.0,231.0,19.642,,,0.0043,0.9957,,True,completed
1160,,2475.0,2739.0,264.0,,1494.004,37.0,77.0,187.0,103.001,,,0.2917,0.7083,,True,completed
1208,,2559.0,2742.0,183.0,,1776.905,3.0,5.0,178.0,26.082,,,0.0273,0.9727,,True,completed
1216,,2581.0,2745.0,164.0,,1776.038,0.0,8.0,156.0,20.333,,,0.0488,0.9512,,True,completed
1225,,2612.0,2747.0,135.0,,1186.661,3.0,4.0,131.0,17.3,,,0.0296,0.9704,,True,completed
1231,,2619.0,2754.0,135.0,,1193.025,7.0,8.0,127.0,23.33,,,0.0593,0.9407,,True,completed
1204,,2550.0,2755.0,205.0,,1746.506,2.0,10.0,195.0,36.574,,,0.0488,0.9512,,True,completed
1195,,2538.0,2758.0,220.0,,2375.078,0.0,2.0,218.0,31.142,,,0.0091,0.9909,,True,completed
1226,,2613.0,2758.0,145.0,,1491.249,0.0,11.0,134.0,21.857,,,0.0759,0.9241,,True,completed
1172,,2496.0,2759.0,263.0,,2078.186,0.0,1.0,262.0,21.454,,,0.0038,0.9962,,True,completed
1254,,2673.0,2760.0,87.0,,891.275,0.0,1.0,86.0,6.89,,,0.0115,0.9885,,True,completed
1228,,2616.0,2762.0,146.0,,1492.143,0.0,1.0,145.0,14.53,,,0.0068,0.9932,,True,completed
1251,,2667.0,2763.0,96.0,,890.632,2.0,3.0,93.0,12.876,,,0.0312,0.9688,,True,completed
1214,,2571.0,2766.0,195.0,,1490.756,5.0,37.0,158.0,51.276,,,0.1897,0.8103,,True,completed
1219,,2595.0,2767.0,172.0,,1491.344,4.0,11.0,161.0,27.572,,,0.064,0.936,,True,completed
1223,,2611.0,2767.0,156.0,,1455.22,1.0,2.0,154.0,26.891,,,0.0128,0.9872,,True,completed
1220,,2605.0,2769.0,164.0,,1158.351,27.0,28.0,136.0,43.861,,,0.1707,0.8293,,True,completed
1209,,2561.0,2772.0,211.0,,1790.349,9.0,25.0,186.0,45.78,,,0.1185,0.8815,,True,completed
1222,,2607.0,2772.0,165.0,,1476.57,0.0,1.0,164.0,13.482,,,0.0061,0.9939,,True,completed
1159,,2471.0,2778.0,307.0,,2375.006,14.0,29.0,278.0,55.044,,,0.0945,0.9055,,True,completed
1218,,2594.0,2781.0,187.0,,1492.209,36.0,44.0,143.0,63.24,,,0.2353,0.7647,,True,completed
1245,,2649.0,2783.0,134.0,,1189.445,11.0,12.0,122.0,25.832,,,0.0896,0.9104,,True,completed
1205,,2551.0,2785.0,234.0,,2075.02,11.0,20.0,214.0,47.607,,,0.0855,0.9145,,True,completed
1234,,2627.0,2788.0,161.0,,1487.647,13.0,15.0,146.0,29.745,,,0.0932,0.9068,,True,completed
1207,,2557.0,2789.0,232.0,,1742.91,0.0,52.0,180.0,69.241,,,0.2241,0.7759,,True,completed
1201,,2548.0,2795.0,247.0,,2082.252,0.0,11.0,236.0,35.942,,,0.0445,0.9555,,True,completed
1221,,2606.0,2800.0,194.0,,1779.449,9.0,16.0,178.0,38.617,,,0.0825,0.9175,,True,completed
1215,,2578.0,2803.0,225.0,,2072.757,0.0,24.0,201.0,42.068,,,0.1067,0.8933,,True,completed
1248,,2656.0,2803.0,147.0,,1154.277,0.0,1.0,146.0,13.186,,,0.0068,0.9932,,True,completed
1200,,2547.0,2804.0,257.0,,2071.637,25.0,34.0,223.0,62.631,,,0.1323,0.8677,,True,completed
1227,,2614.0,2806.0,192.0,,1748.442,0.0,1.0,191.0,16.102,,,0.0052,0.9948,,True,completed
1236,,2629.0,2806.0,177.0,,1785.132,6.0,7.0,170.0,21.31,,,0.0395,0.9605,,True,completed
1250,,2663.0,2807.0,144.0,,1159.493,31.0,32.0,112.0,46.976,,,0.2222,0.7778,,True,completed
1278,,2745.0,2808.0,63.0,,573.437,0.0,1.0,62.0,6.024,,,0.0159,0.9841,,True,completed
1276,,2740.0,2809.0,69.0,,591.945,13.0,14.0,55.0,22.399,,,0.2029,0.7971,,True,completed
1246,,2649.0,2812.0,163.0,,1494.877,0.0,1.0,162.0,11.997,,,0.0061,0.9939,,True,completed
1240,,2641.0,2813.0,172.0,,1491.259,0.0,19.0,153.0,42.786,,,0.1105,0.8895,,True,completed
1256,,2677.0,2814.0,137.0,,891.194,34.0,37.0,100.0,52.887,,,0.2701,0.7299,,True,completed
1243,,2646.0,2817.0,171.0,,1492.318,0.0,1.0,170.0,15.212,,,0.0058,0.9942,,True,completed
1241,,2643.0,2820.0,177.0,,1734.363,13.0,14.0,163.0,29.146,,,0.0791,0.9209,,True,completed
1244,,2647.0,2823.0,176.0,,1477.46,29.0,30.0,146.0,43.445,,,0.1705,0.8295,,True,completed
1258,,2685.0,2826.0,141.0,,1486.637,2.0,3.0,138.0,17.114,,,0.0213,0.9787,,True,completed
1261,,2695.0,2827.0,132.0,,1155.005,0.0,1.0,131.0,12.393,,,0.0076,0.9924,,True,completed
1249,,2661.0,2828.0,167.0,,1190.535,0.0,13.0,154.0,30.527,,,0.0778,0.9222,,True,completed
1233,,2625.0,2830.0,205.0,,1472.236,0.0,30.0,175.0,48.959,,,0.1463,0.8537,,True,completed
1255,,2677.0,2836.0,159.0,,1476.581,0.0,1.0,158.0,13.587,,,0.0063,0.9937,,True,completed
1229,,2617.0,2837.0,220.0,,2074.379,0.0,1.0,219.0,15.292,,,0.0045,0.9955,,True,completed
1257,,2681.0,2837.0,156.0,,1189.506,4.0,26.0,130.0,40.079,,,0.1667,0.8333,,True,completed
1238,,2632.0,2838.0,206.0,,1487.244,4.0,27.0,179.0,47.77,,,0.1311,0.8689,,True,completed
1197,,2543.0,2841.0,298.0,,2379.495,0.0,52.0,246.0,76.304,,,0.1745,0.8255,,True,completed
1252,,2669.0,2847.0,178.0,,1475.74,15.0,16.0,162.0,30.959,,,0.0899,0.9101,,True,completed
1237,,2629.0,2850.0,221.0,,2376.596,2.0,3.0,218.0,27.048,,,0.0136,0.9864,,True,completed
1266,,2711.0,2850.0,139.0,,888.242,31.0,35.0,104.0,46.47,,,0.2518,0.7482,,True,completed
1235,,2628.0,2858.0,230.0,,2072.444,0.0,11.0,219.0,29.259,,,0.0478,0.9522,,True,completed
1289,,2768.0,2858.0,90.0,,854.184,0.0,1.0,89.0,8.859,,,0.0111,0.9889,,True,completed
1267,,2715.0,2859.0,144.0,,1452.396,0.0,1.0,143.0,15.092,,,0.0069,0.9931,,True,completed
1232,,2620.0,2863.0,243.0,,2375.716,0.0,16.0,227.0,35.277,,,0.0658,0.9342,,True,completed
1283,,2757.0,2864.0,107.0,,1187.56,0.0,1.0,106.0,8.263,,,0.0093,0.9907,,True,completed
1230,,2618.0,2868.0,250.0,,2076.789,43.0,49.0,201.0,71.424,,,0.196,0.804,,True,completed
1279,,2746.0,2869.0,123.0,,1172.037,3.0,4.0,119.0,17.523,,,0.0325,0.9675,,True,completed
1262,,2696.0,2872.0,176.0,,1471.847,0.0,1.0,175.0,17.635,,,0.0057,0.9943,,True,completed
1192,,2532.0,2874.0,342.0,,2373.26,13.0,50.0,292.0,83.372,,,0.1462,0.8538,,True,completed
1268,,2717.0,2875.0,158.0,,1487.346,16.0,21.0,137.0,34.673,,,0.1329,0.8671,,True,completed
1269,,2718.0,2875.0,157.0,,1795.276,0.0,1.0,156.0,10.593,,,0.0064,0.9936,,True,completed
1271,,2722.0,2880.0,158.0,,1175.556,8.0,9.0,149.0,24.816,,,0.057,0.943,,True,completed
1253,,2673.0,2884.0,211.0,,2378.673,0.0,1.0,210.0,19.236,,,0.0047,0.9953,,True,completed
1259,,2687.0,2887.0,200.0,,1793.246,0.0,1.0,199.0,14.348,,,0.005,0.995,,True,completed
1287,,2765.0,2893.0,128.0,,1493.539,0.0,1.0,127.0,9.5,,,0.0078,0.9922,,True,completed
1260,,2691.0,2895.0,204.0,,1743.973,0.0,1.0,203.0,17.735,,,0.0049,0.9951,,True,completed
1299,,2809.0,2896.0,87.0,,875.877,0.0,1.0,86.0,7.985,,,0.0115,0.9885,,True,completed
1263,,2697.0,2900.0,203.0,,1790.362,0.0,10.0,193.0,27.858,,,0.0493,0.9507,,True,completed
1270,,2719.0,2904.0,185.0,,1738.606,0.0,10.0,175.0,28.593,,,0.0541,0.9459,,True,completed
1292,,2774.0,2907.0,133.0,,1460.786,0.0,1.0,132.0,10.935,,,0.0075,0.9925,,True,completed
1288,,2768.0,2911.0,143.0,,1475.708,1.0,2.0,141.0,16.947,,,0.014,0.986,,True,completed
1265,,2707.0,2915.0,208.0,,1793.088,4.0,15.0,193.0,36.95,,,0.0721,0.9279,,True,completed
1290,,2770.0,2922.0,152.0,,1494.367,0.0,1.0,151.0,15.504,,,0.0066,0.9934,,True,completed
1307,,2835.0,2923.0,88.0,,849.123,0.0,1.0,87.0,8.873,,,0.0114,0.9886,,True,completed
1308,,2838.0,2925.0,87.0,,871.329,0.0,1.0,86.0,9.245,,,0.0115,0.9885,,True,completed
1309,,2839.0,2926.0,87.0,,852.829,0.0,1.0,86.0,8.531,,,0.0115,0.9885,,True,completed
1281,,2749.0,2927.0,178.0,,1778.879,12.0,13.0,165.0,28.526,,,0.073,0.927,,True,completed
1285,,2760.0,2932.0,172.0,,1467.338,5.0,14.0,158.0,35.846,,,0.0814,0.9186,,True,completed
1277,,2742.0,2934.0,192.0,,1493.204,0.0,36.0,156.0,50.594,,,0.1875,0.8125,,True,completed
1272,,2729.0,2937.0,208.0,,1775.897,0.0,20.0,188.0,36.815,,,0.0962,0.9038,,True,completed
1294,,2779.0,2937.0,158.0,,1470.066,3.0,6.0,152.0,32.989,,,0.038,0.962,,True,completed
1280,,2746.0,2941.0,195.0,,1775.019,0.0,1.0,194.0,14.257,,,0.0051,0.9949,,True,completed
1316,,2855.0,2941.0,86.0,,874.019,0.0,1.0,85.0,13.603,,,0.0116,0.9884,,True,completed
1264,,2706.0,2946.0,240.0,,2370.711,0.0,7.0,233.0,26.558,,,0.0292,0.9708,,True,completed
1314,,2854.0,2947.0,93.0,,867.08,5.0,6.0,87.0,18.524,,,0.0645,0.9355,,True,completed
1325,,2889.0,2950.0,61.0,,571.733,0.0,1.0,60.0,6.509,,,0.0164,0.9836,,True,completed
1302,,2821.0,2952.0,131.0,,886.634,24.0,25.0,106.0,35.715,,,0.1908,0.8092,,True,completed
1295,,2786.0,2953.0,167.0,,1744.838,0.0,1.0,166.0,13.458,,,0.006,0.994,,True,completed
1320,,2863.0,2953.0,90.0,,857.103,3.0,4.0,86.0,12.947,,,0.0444,0.9556,,True,completed
1274,,2731.0,2954.0,223.0,,2371.178,0.0,11.0,212.0,34.341,,,0.0493,0.9507,,True,completed
1303,,2824.0,2955.0,131.0,,1186.663,3.0,4.0,127.0,15.462,,,0.0305,0.9695,,True,completed
1297,,2802.0,2956.0,154.0,,1746.855,0.0,1.0,153.0,12.319,,,0.0065,0.9935,,True,completed
1293,,2776.0,2971.0,195.0,,1492.322,26.0,36.0,159.0,60.293,,,0.1846,0.8154,,True,completed
1298,,2805.0,2971.0,166.0,,1484.037,10.0,20.0,146.0,37.139,,,0.1205,0.8795,,True,completed
1324,,2883.0,2971.0,88.0,,891.278,0.0,1.0,87.0,6.252,,,0.0114,0.9886,,True,completed
1304,,2824.0,2981.0,157.0,,2086.18,0.0,1.0,156.0,10.715,,,0.0064,0.9936,,True,completed
1296,,2801.0,2982.0,181.0,,1489.564,0.0,15.0,166.0,31.556,,,0.0829,0.9171,,True,completed
1273,,2730.0,2988.0,258.0,,2370.049,0.0,20.0,238.0,46.169,,,0.0775,0.9225,,True,completed
1310,,2840.0,2989.0,149.0,,1490.4,0.0,1.0,148.0,12.291,,,0.0067,0.9933,,True,completed
1317,,2859.0,2990.0,131.0,,1158.29,0.0,1.0,130.0,12.552,,,0.0076,0.9924,,True,completed
1311,,2848.0,2993.0,145.0,,1494.175,0.0,1.0,144.0,11.668,,,0.0069,0.9931,,True,completed
1286,,2764.0,2998.0,234.0,,1790.705,13.0,32.0,202.0,53.667,,,0.1368,0.8632,,True,completed
1275,,2740.0,3003.0,263.0,,2375.27,24.0,25.0,238.0,48.135,,,0.0951,0.9049,,True,completed
1332,,2924.0,3011.0,87.0,,868.818,1.0,2.0,85.0,13.346,,,0.023,0.977,,True,completed
1336,,2928.0,3011.0,83.0,,849.568,0.0,1.0,82.0,8.5,,,0.012,0.988,,True,completed
1343,,2949.0,3011.0,62.0,,568.08,0.0,1.0,61.0,6.653,,,0.0161,0.9839,,True,completed
1282,,2750.0,3015.0,265.0,,1748.223,0.0,80.0,185.0,97.073,,,0.3019,0.6981,,True,completed
1291,,2773.0,3018.0,245.0,,2086.544,13.0,38.0,207.0,60.664,,,0.1551,0.8449,,True,completed
1338,,2934.0,3022.0,88.0,,887.47,0.0,1.0,87.0,7.029,,,0.0114,0.9886,,True,completed
1319,,2862.0,3025.0,163.0,,1742.189,0.0,1.0,162.0,13.601,,,0.0061,0.9939,,True,completed
1321,,2866.0,3028.0,162.0,,1495.095,11.0,17.0,145.0,34.487,,,0.1049,0.8951,,True,completed
1300,,2815.0,3029.0,214.0,,1779.288,0.0,23.0,191.0,39.541,,,0.1075,0.8925,,True,completed
1312,,2848.0,3031.0,183.0,,2073.999,0.0,1.0,182.0,12.86,,,0.0055,0.9945,,True,completed
1301,,2817.0,3036.0,219.0,,1778.356,0.0,16.0,203.0,34.589,,,0.0731,0.9269,,True,completed
1306,,2834.0,3037.0,203.0,,1786.229,4.0,6.0,197.0,28.73,,,0.0296,0.9704,,True,completed
1284,,2758.0,3045.0,287.0,,2087.824,33.0,56.0,231.0,80.088,,,0.1951,0.8049,,True,completed
1328,,2904.0,3049.0,145.0,,1488.698,1.0,2.0,143.0,14.957,,,0.0138,0.9862,,True,completed
1315,,2855.0,3051.0,196.0,,1779.41,0.0,1.0,195.0,16.139,,,0.0051,0.9949,,True,completed
1305,,2826.0,3055.0,229.0,,1791.414,31.0,33.0,196.0,57.514,,,0.1441,0.8559,,True,completed
1313,,2852.0,3058.0,206.0,,1793.842,0.0,1.0,205.0,15.678,,,0.0049,0.9951,,True,completed
1329,,2915.0,3059.0,144.0,,1493.72,0.0,1.0,143.0,11.059,,,0.0069,0.9931,,True,completed
1323,,2882.0,3066.0,184.0,,1748.585,0.0,1.0,183.0,14.157,,,0.0054,0.9946,,True,completed
1345,,2953.0,3066.0,113.0,,1174.283,0.0,1.0,112.0,8.753,,,0.0088,0.9912,,True,completed
1318,,2861.0,3075.0,214.0,,2375.543,0.0,2.0,212.0,19.125,,,0.0093,0.9907,,True,completed
1326,,2898.0,3087.0,189.0,,2077.896,0.0,1.0,188.0,13.214,,,0.0053,0.9947,,True,completed
1334,,2926.0,3090.0,164.0,,1475.458,11.0,15.0,149.0,29.085,,,0.0915,0.9085,,True,completed
1341,,2944.0,3093.0,149.0,,1155.039,25.0,26.0,123.0,39.757,,,0.1745,0.8255,,True,completed
1335,,2927.0,3096.0,169.0,,1775.68,0.0,1.0,168.0,11.399,,,0.0059,0.9941,,True,completed
1348,,2970.0,3101.0,131.0,,886.185,40.0,41.0,90.0,50.318,,,0.313,0.687,,True,completed
1331,,2920.0,3102.0,182.0,,1476.694,0.0,15.0,167.0,30.942,,,0.0824,0.9176,,True,completed
1342,,2945.0,3102.0,157.0,,1487.894,0.0,1.0,156.0,11.045,,,0.0064,0.9936,,True,completed
1330,,2919.0,3106.0,187.0,,2068.796,0.0,2.0,185.0,20.15,,,0.0107,0.9893,,True,completed
1350,,2986.0,3112.0,126.0,,1488.57,0.0,1.0,125.0,9.754,,,0.0079,0.9921,,True,completed
1327,,2902.0,3113.0,211.0,,1739.582,21.0,28.0,183.0,50.206,,,0.1327,0.8673,,True,completed
1344,,2952.0,3125.0,173.0,,1490.925,6.0,12.0,161.0,30.536,,,0.0694,0.9306,,True,completed
1333,,2925.0,3131.0,206.0,,2077.149,3.0,9.0,197.0,29.989,,,0.0437,0.9563,,True,completed
1339,,2934.0,3134.0,200.0,,1789.301,14.0,15.0,185.0,31.739,,,0.075,0.925,,True,completed
1349,,2972.0,3135.0,163.0,,1476.933,0.0,5.0,158.0,22.27,,,0.0307,0.9693,,True,completed
1358,,3004.0,3135.0,131.0,,1452.263,0.0,1.0,130.0,11.001,,,0.0076,0.9924,,True,completed
1359,,3014.0,3135.0,121.0,,1155.211,3.0,4.0,117.0,17.71,,,0.0331,0.9669,,True,completed
1340,,2941.0,3142.0,201.0,,1740.687,0.0,5.0,196.0,25.893,,,0.0249,0.9751,,True,completed
1361,,3023.0,3144.0,121.0,,1175.24,0.0,1.0,120.0,9.727,,,0.0083,0.9917,,True,completed
1364,,3039.0,3146.0,107.0,,893.66,8.0,9.0,98.0,20.254,,,0.0841,0.9159,,True,completed
1347,,2970.0,3152.0,182.0,,1781.344,0.0,2.0,180.0,17.219,,,0.011,0.989,,True,completed
1322,,2870.0,3155.0,285.0,,1780.882,3.0,86.0,199.0,113.527,,,0.3018,0.6982,,True,completed
1337,,2932.0,3157.0,225.0,,2074.16,0.0,1.0,224.0,17.215,,,0.0044,0.9956,,True,completed
1354,,2995.0,3159.0,164.0,,1740.629,0.0,1.0,163.0,13.581,,,0.0061,0.9939,,True,completed
1351,,2988.0,3160.0,172.0,,1778.223,16.0,17.0,155.0,30.181,,,0.0988,0.9012,,True,completed
1352,,2988.0,3161.0,173.0,,1493.04,0.0,7.0,166.0,21.645,,,0.0405,0.9595,,True,completed
1370,,3078.0,3165.0,87.0,,888.086,0.0,1.0,86.0,6.609,,,0.0115,0.9885,,True,completed
1368,,3075.0,3168.0,93.0,,856.973,0.0,1.0,92.0,8.974,,,0.0108,0.9892,,True,completed
1355,,2999.0,3177.0,178.0,,1773.841,0.0,1.0,177.0,13.724,,,0.0056,0.9944,,True,completed
1363,,3037.0,3179.0,142.0,,1489.644,0.0,5.0,137.0,20.246,,,0.0352,0.9648,,True,completed
1353,,2990.0,3187.0,197.0,,1775.513,0.0,8.0,189.0,23.887,,,0.0406,0.9594,,True,completed
1356,,2999.0,3187.0,188.0,,1474.703,4.0,23.0,165.0,43.875,,,0.1223,0.8777,,True,completed
1360,,3018.0,3204.0,186.0,,1486.19,26.0,27.0,159.0,43.861,,,0.1452,0.8548,,True,completed
1357,,3003.0,3207.0,204.0,,1748.33,0.0,14.0,190.0,34.816,,,0.0686,0.9314,,True,completed
1365,,3045.0,3216.0,171.0,,1787.198,0.0,1.0,170.0,11.662,,,0.0058,0.9942,,True,completed
1366,,3052.0,3216.0,164.0,,1781.625,0.0,1.0,163.0,12.145,,,0.0061,0.9939,,True,completed
1367,,3069.0,3219.0,150.0,,1492.878,7.0,8.0,142.0,21.477,,,0.0533,0.9467,,True,completed
1375,,3109.0,3227.0,118.0,,891.561,11.0,12.0,106.0,26.379,,,0.1017,0.8983,,True,completed
1373,,3096.0,3228.0,132.0,,1455.409,0.0,1.0,131.0,10.439,,,0.0076,0.9924,,True,completed
1362,,3037.0,3229.0,192.0,,1748.004,0.0,1.0,191.0,16.882,,,0.0052,0.9948,,True,completed
1385,,3144.0,3248.0,104.0,,891.615,16.0,17.0,87.0,27.671,,,0.1635,0.8365,,True,completed
1369,,3077.0,3250.0,173.0,,1744.707,13.0,14.0,159.0,30.313,,,0.0809,0.9191,,True,completed
1346,,2962.0,3255.0,293.0,,2087.422,0.0,49.0,244.0,73.288,,,0.1672,0.8328,,True,completed
1374,,3099.0,3255.0,156.0,,1472.319,0.0,1.0,155.0,12.818,,,0.0064,0.9936,,True,completed
1400,,3199.0,3257.0,58.0,,570.519,0.0,1.0,57.0,10.119,,,0.0172,0.9828,,True,completed
1383,,3127.0,3258.0,131.0,,1486.471,0.0,1.0,130.0,9.55,,,0.0076,0.9924,,True,completed
1380,,3118.0,3263.0,145.0,,1189.205,17.0,18.0,127.0,34.283,,,0.1241,0.8759,,True,completed
1394,,3178.0,3272.0,94.0,,850.932,0.0,1.0,93.0,8.807,,,0.0106,0.9894,,True,completed
1384,,3131.0,3281.0,150.0,,1492.674,0.0,1.0,149.0,10.118,,,0.0067,0.9933,,True,completed
1396,,3191.0,3281.0,90.0,,858.364,0.0,1.0,89.0,9.773,,,0.0111,0.9889,,True,completed
1402,,3208.0,3291.0,83.0,,869.98,0.0,1.0,82.0,7.763,,,0.012,0.988,,True,completed
1393,,3175.0,3292.0,117.0,,1188.912,0.0,1.0,116.0,8.562,,,0.0085,0.9915,,True,completed
1387,,3150.0,3295.0,145.0,,1188.812,0.0,6.0,139.0,20.639,,,0.0414,0.9586,,True,completed
1378,,3114.0,3300.0,186.0,,1735.686,0.0,16.0,170.0,33.833,,,0.086,0.914,,True,completed
1390,,3168.0,3312.0,144.0,,1496.48,0.0,4.0,140.0,16.844,,,0.0278,0.9722,,True,completed
1371,,3080.0,3314.0,234.0,,1774.343,22.0,43.0,191.0,63.467,,,0.1838,0.8162,,True,completed
1389,,3158.0,3315.0,157.0,,1492.799,0.0,1.0,156.0,14.175,,,0.0064,0.9936,,True,completed
1408,,3246.0,3322.0,76.0,,885.941,0.0,1.0,75.0,5.986,,,0.0132,0.9868,,True,completed
1372,,3091.0,3324.0,233.0,,1788.535,0.0,44.0,189.0,64.543,,,0.1888,0.8112,,True,completed
1399,,3197.0,3325.0,128.0,,1193.444,0.0,1.0,127.0,9.479,,,0.0078,0.9922,,True,completed
1379,,3116.0,3328.0,212.0,,2379.957,0.0,7.0,205.0,23.387,,,0.033,0.967,,True,completed
1403,,3211.0,3329.0,118.0,,1173.857,0.0,1.0,117.0,9.733,,,0.0085,0.9915,,True,completed
1381,,3118.0,3334.0,216.0,,2070.755,0.0,1.0,215.0,16.091,,,0.0046,0.9954,,True,completed
1407,,3241.0,3336.0,95.0,,1192.922,0.0,1.0,94.0,6.471,,,0.0105,0.9895,,True,completed
1411,,3251.0,3337.0,86.0,,895.4,0.0,1.0,85.0,6.425,,,0.0116,0.9884,,True,completed
1395,,3186.0,3344.0,158.0,,1776.846,2.0,3.0,155.0,14.774,,,0.019,0.981,,True,completed
1404,,3217.0,3346.0,129.0,,1189.229,0.0,1.0,128.0,9.548,,,0.0078,0.9922,,True,completed
1409,,3247.0,3353.0,106.0,,1150.198,0.0,1.0,105.0,9.341,,,0.0094,0.9906,,True,completed
1398,,3195.0,3363.0,168.0,,1489.822,8.0,14.0,154.0,28.686,,,0.0833,0.9167,,True,completed
1392,,3171.0,3367.0,196.0,,2070.322,0.0,3.0,193.0,20.652,,,0.0153,0.9847,,True,completed
1422,,3316.0,3372.0,56.0,,568.338,0.0,1.0,55.0,6.607,,,0.0179,0.9821,,True,completed
1388,,3154.0,3380.0,226.0,,2069.406,0.0,15.0,211.0,34.193,,,0.0664,0.9336,,True,completed
1412,,3260.0,3387.0,127.0,,1174.647,0.0,1.0,126.0,11.288,,,0.0079,0.9921,,True,completed
1417,,3286.0,3391.0,105.0,,1192.175,0.0,1.0,104.0,8.755,,,0.0095,0.9905,,True,completed
1415,,3280.0,3400.0,120.0,,1190.625,0.0,1.0,119.0,13.065,,,0.0083,0.9917,,True,completed
1382,,3120.0,3404.0,284.0,,2380.775,2.0,3.0,281.0,28.519,,,0.0106,0.9894,,True,completed
1416,,3286.0,3407.0,121.0,,1173.425,0.0,1.0,120.0,10.456,,,0.0083,0.9917,,True,completed
1397,,3194.0,3412.0,218.0,,1772.073,7.0,8.0,210.0,27.987,,,0.0367,0.9633,,True,completed
1376,,3110.0,3413.0,303.0,,2378.803,0.0,1.0,302.0,25.185,,,0.0033,0.9967,,True,completed
1425,,3319.0,3416.0,97.0,,853.439,0.0,1.0,96.0,10.311,,,0.0103,0.9897,,True,completed
1410,,3249.0,3418.0,169.0,,1793.844,0.0,1.0,168.0,16.033,,,0.0059,0.9941,,True,completed
1386,,3145.0,3421.0,276.0,,2395.195,0.0,6.0,270.0,33.359,,,0.0217,0.9783,,True,completed
1401,,3204.0,3429.0,225.0,,2071.373,0.0,15.0,210.0,34.236,,,0.0667,0.9333,,True,completed
1436,,3366.0,3436.0,70.0,,863.189,0.0,1.0,69.0,7.02,,,0.0143,0.9857,,True,completed
1413,,3266.0,3441.0,175.0,,1780.679,0.0,1.0,174.0,13.968,,,0.0057,0.9943,,True,completed
1414,,3279.0,3444.0,165.0,,1486.134,7.0,13.0,152.0,37.96,,,0.0788,0.9212,,True,completed
1406,,3238.0,3452.0,214.0,,2074.859,0.0,4.0,210.0,22.951,,,0.0187,0.9813,,True,completed
1377,,3113.0,3454.0,341.0,,2377.472,8.0,15.0,326.0,51.004,,,0.044,0.956,,True,completed
1419,,3304.0,3454.0,150.0,,1490.833,19.0,20.0,130.0,31.805,,,0.1333,0.8667,,True,completed
1428,,3327.0,3455.0,128.0,,1190.915,0.0,1.0,127.0,9.855,,,0.0078,0.9922,,True,completed
1427,,3325.0,3464.0,139.0,,1160.491,0.0,1.0,138.0,12.656,,,0.0072,0.9928,,True,completed
1418,,3299.0,3468.0,169.0,,1775.556,1.0,2.0,167.0,16.688,,,0.0118,0.9882,,True,completed
1432,,3346.0,3482.0,136.0,,1193.019,0.0,1.0,135.0,14.437,,,0.0074,0.9926,,True,completed
1421,,3311.0,3487.0,176.0,,1788.042,0.0,1.0,175.0,12.932,,,0.0057,0.9943,,True,completed
1405,,3232.0,3492.0,260.0,,2369.953,0.0,31.0,229.0,50.078,,,0.1192,0.8808,,True,completed
1391,,3171.0,3498.0,327.0,,2077.043,0.0,23.0,304.0,54.706,,,0.0703,0.9297,,True,completed
1439,,3394.0,3500.0,106.0,,1182.661,7.0,8.0,98.0,19.747,,,0.0755,0.9245,,True,completed
1431,,3335.0,3509.0,174.0,,1779.614,0.0,1.0,173.0,13.538,,,0.0057,0.9943,,True,completed
1424,,3317.0,3515.0,198.0,,1742.683,0.0,1.0,197.0,16.735,,,0.0051,0.9949,,True,completed
1445,,3414.0,3524.0,110.0,,1194.536,0.0,1.0,109.0,8.485,,,0.0091,0.9909,,True,completed
1426,,3325.0,3532.0,207.0,,1779.045,16.0,32.0,175.0,52.665,,,0.1546,0.8454,,True,completed
1442,,3403.0,3533.0,130.0,,1488.999,0.0,1.0,129.0,9.244,,,0.0077,0.9923,,True,completed
1434,,3359.0,3539.0,180.0,,1793.675,0.0,12.0,168.0,27.92,,,0.0667,0.9333,,True,completed
1443,,3405.0,3552.0,147.0,,1492.931,3.0,4.0,143.0,17.246,,,0.0272,0.9728,,True,completed
1423,,3316.0,3555.0,239.0,,1778.155,0.0,34.0,205.0,57.872,,,0.1423,0.8577,,True,completed
1441,,3402.0,3557.0,155.0,,1743.664,0.0,1.0,154.0,18.026,,,0.0065,0.9935,,True,completed
1470,,3487.0,3557.0,70.0,,573.832,0.0,1.0,69.0,7.628,,,0.0143,0.9857,,True,completed
1464,,3479.0,3566.0,87.0,,890.585,0.0,1.0,86.0,6.888,,,0.0115,0.9885,,True,completed
1420,,3308.0,3568.0,260.0,,2077.66,0.0,1.0,259.0,21.168,,,0.0038,0.9962,,True,completed
1466,,3482.0,3568.0,86.0,,891.339,0.0,1.0,85.0,6.879,,,0.0116,0.9884,,True,completed
1440,,3397.0,3573.0,176.0,,1792.997,1.0,2.0,174.0,15.957,,,0.0114,0.9886,,True,completed
1448,,3423.0,3574.0,151.0,,1194.936,0.0,1.0,150.0,12.964,,,0.0066,0.9934,,True,completed
1438,,3385.0,3575.0,190.0,,1487.361,1.0,3.0,187.0,24.634,,,0.0158,0.9842,,True,completed
1449,,3424.0,3577.0,153.0,,1191.498,8.0,9.0,144.0,31.228,,,0.0588,0.9412,,True,completed
1451,,3428.0,3577.0,149.0,,1488.955,0.0,1.0,148.0,15.661,,,0.0067,0.9933,,True,completed
1468,,3483.0,3577.0,94.0,,850.897,0.0,1.0,93.0,8.703,,,0.0106,0.9894,,True,completed
1450,,3427.0,3581.0,154.0,,1491.109,0.0,1.0,153.0,23.613,,,0.0065,0.9935,,True,completed
1435,,3361.0,3583.0,222.0,,2078.041,15.0,16.0,206.0,35.699,,,0.0721,0.9279,,True,completed
1461,,3471.0,3584.0,113.0,,1187.897,0.0,1.0,112.0,11.687,,,0.0088,0.9912,,True,completed
1430,,3332.0,3591.0,259.0,,1793.788,70.0,93.0,166.0,107.448,,,0.3591,0.6409,,True,completed
1460,,3468.0,3591.0,123.0,,1193.783,0.0,1.0,122.0,14.193,,,0.0081,0.9919,,True,completed
1457,,3452.0,3599.0,147.0,,1476.932,0.0,1.0,146.0,22.636,,,0.0068,0.9932,,True,completed
1433,,3355.0,3600.0,245.0,,2386.737,0.0,1.0,244.0,16.83,,,0.0041,0.9959,,True,completed
1455,,3443.0,3600.0,157.0,,1772.372,0.0,1.0,156.0,10.271,,,0.0064,0.9936,,True,completed
1429,DEFAULT_VEHTYPE,3331.0,,269.0,,2342.441,2.0,17.0,252.0,41.506,,,0.0632,0.9368,,False,on_map_at_end
1437,DEFAULT_VEHTYPE,3382.0,,218.0,,1914.531,0.0,28.0,190.0,49.368,,,0.1284,0.8716,,False,on_map_at_end
1444,DEFAULT_VEHTYPE,3407.0,,193.0,,1649.967,0.0,18.0,175.0,38.989,,,0.0933,0.9067,,False,on_map_at_end
1446,DEFAULT_VEHTYPE,3416.0,,184.0,,1370.14,20.0,39.0,145.0,58.327,,,0.212,0.788,,False,on_map_at_end
1447,DEFAULT_VEHTYPE,3422.0,,178.0,,1360.668,2.0,16.0,162.0,34.544,,,0.0899,0.9101,,False,on_map_at_end
1452,DEFAULT_VEHTYPE,3428.0,,172.0,,1480.749,13.0,13.0,159.0,27.526,,,0.0756,0.9244,,False,on_map_at_end
1453,DEFAULT_VEHTYPE,3429.0,,171.0,,1205.056,29.0,30.0,141.0,44.002,,,0.1754,0.8246,,False,on_map_at_end
1454,DEFAULT_VEHTYPE,3431.0,,169.0,,1314.443,19.0,20.0,149.0,34.348,,,0.1183,0.8817,,False,on_map_at_end
1456,DEFAULT_VEHTYPE,3446.0,,154.0,,1544.011,8.0,9.0,145.0,23.5,,,0.0584,0.9416,,False,on_map_at_end
1458,DEFAULT_VEHTYPE,3457.0,,143.0,,1201.847,1.0,2.0,141.0,17.981,,,0.014,0.986,,False,on_map_at_end
1459,DEFAULT_VEHTYPE,3464.0,,136.0,,1167.779,15.0,15.0,121.0,37.35,,,0.1103,0.8897,,False,on_map_at_end
1462,DEFAULT_VEHTYPE,3472.0,,128.0,,1359.096,10.0,11.0,117.0,23.234,,,0.0859,0.9141,,False,on_map_at_end
1463,DEFAULT_VEHTYPE,3476.0,,124.0,,1073.985,15.0,16.0,108.0,32.219,,,0.129,0.871,,False,on_map_at_end
1465,DEFAULT_VEHTYPE,3480.0,,120.0,,1095.208,0.0,1.0,119.0,10.339,,,0.0083,0.9917,,False,on_map_at_end
1467,DEFAULT_VEHTYPE,3483.0,,117.0,,880.639,31.0,31.0,86.0,43.038,,,0.265,0.735,,False,on_map_at_end
1469,DEFAULT_VEHTYPE,3484.0,,116.0,,1012.634,16.0,17.0,99.0,27.12,,,0.1466,0.8534,,False,on_map_at_end
1471,DEFAULT_VEHTYPE,3494.0,,106.0,,975.389,6.0,7.0,99.0,18.324,,,0.066,0.934,,False,on_map_at_end
1472,DEFAULT_VEHTYPE,3495.0,,105.0,,667.461,40.0,41.0,64.0,50.212,,,0.3905,0.6095,,False,on_map_at_end
