vehicle_id,vehicle_type,enter_time_s,departure_time_s,travel_time_s,route_distance_m,distance_traveled_m,accumulated_waiting_time_s,custom_wait_s,moving_time_s,time_loss_s,free_flow_time_s,delay_s,waiting_fraction,moving_fraction,schedule_efficiency,completed_trip,trip_status
10,pkw,14.0,77.0,63.0,,405.886,6.0,7.0,56.0,14.066,,,0.1111,0.8889,,True,completed
13,pkw,20.0,90.0,70.0,,736.253,0.0,0.0,70.0,2.737,,,0.0,1.0,,True,completed
16,pkw,24.0,106.0,82.0,,779.424,3.0,3.0,79.0,10.851,,,0.0366,0.9634,,True,completed
31,pkw,51.0,120.0,69.0,,598.368,4.0,4.0,65.0,13.436,,,0.058,0.942,,True,completed
11,pkw,18.0,124.0,106.0,,949.696,2.0,2.0,104.0,14.57,,,0.0189,0.9811,,True,completed
41,pkw,74.0,125.0,51.0,,372.677,2.0,2.0,49.0,8.509,,,0.0392,0.9608,,True,completed
26,pkw,44.0,162.0,118.0,,1036.669,0.0,0.0,118.0,10.612,,,0.0,1.0,,True,completed
1,pkw,2.0,176.0,174.0,,1690.637,0.0,4.0,170.0,19.601,,,0.023,0.977,,True,completed
2,pkw,2.0,179.0,177.0,,1592.778,0.0,9.0,168.0,26.212,,,0.0508,0.9492,,True,completed
3,pkw,3.0,179.0,176.0,,1505.074,4.0,12.0,164.0,36.1,,,0.0682,0.9318,,True,completed
5,pkw,5.0,179.0,174.0,,1580.422,0.0,7.0,167.0,23.865,,,0.0402,0.9598,,True,completed
6,pkw,13.0,180.0,167.0,,1606.534,3.0,3.0,164.0,21.41,,,0.018,0.982,,True,completed
40,pkw,70.0,183.0,113.0,,983.917,5.0,5.0,108.0,15.027,,,0.0442,0.9558,,True,completed
4,pkw,5.0,188.0,183.0,,1551.703,8.0,10.0,173.0,34.171,,,0.0546,0.9454,,True,completed
28,pkw,49.0,203.0,154.0,,1578.017,0.0,2.0,152.0,10.445,,,0.013,0.987,,True,completed
34,pkw,55.0,205.0,150.0,,1347.562,0.0,4.0,146.0,24.085,,,0.0267,0.9733,,True,completed
50,pkw,91.0,209.0,118.0,,1061.269,0.0,0.0,118.0,12.151,,,0.0,1.0,,True,completed
18,pkw,30.0,214.0,184.0,,1814.384,2.0,2.0,182.0,17.964,,,0.0109,0.9891,,True,completed
9,pkw,12.0,223.0,211.0,,1970.711,0.0,0.0,211.0,26.927,,,0.0,1.0,,True,completed
85,pkw,152.0,224.0,72.0,,738.148,0.0,0.0,72.0,4.566,,,0.0,1.0,,True,completed
8,pkw,9.0,225.0,216.0,,1656.989,0.0,0.0,216.0,16.968,,,0.0,1.0,,True,completed
0,pkw,2.0,226.0,224.0,,2131.197,9.0,9.0,215.0,27.016,,,0.0402,0.9598,,True,completed
20,pkw,34.0,227.0,193.0,,1776.342,0.0,4.0,189.0,20.005,,,0.0207,0.9793,,True,completed
60,pkw,103.0,228.0,125.0,,886.737,1.0,1.0,124.0,16.492,,,0.008,0.992,,True,completed
7,pkw,9.0,231.0,222.0,,2216.412,0.0,0.0,222.0,14.989,,,0.0,1.0,,True,completed
27,pkw,46.0,232.0,186.0,,1804.338,0.0,0.0,186.0,12.487,,,0.0,1.0,,True,completed
45,pkw,84.0,235.0,151.0,,1406.998,0.0,0.0,151.0,10.688,,,0.0,1.0,,True,completed
12,pkw,19.0,236.0,217.0,,2097.165,1.0,9.0,208.0,26.447,,,0.0415,0.9585,,True,completed
47,pkw,85.0,237.0,152.0,,1268.011,4.0,11.0,141.0,36.473,,,0.0724,0.9276,,True,completed
24,pkw,38.0,245.0,207.0,,2150.529,0.0,0.0,207.0,11.525,,,0.0,1.0,,True,completed
73,pkw,130.0,248.0,118.0,,1097.059,0.0,0.0,118.0,8.902,,,0.0,1.0,,True,completed
43,pkw,80.0,249.0,169.0,,1400.157,3.0,3.0,166.0,23.979,,,0.0178,0.9822,,True,completed
89,pkw,173.0,257.0,84.0,,678.757,7.0,7.0,77.0,20.306,,,0.0833,0.9167,,True,completed
61,pkw,106.0,258.0,152.0,,1420.399,2.0,2.0,150.0,21.762,,,0.0132,0.9868,,True,completed
59,pkw,101.0,261.0,160.0,,1659.027,0.0,0.0,160.0,8.671,,,0.0,1.0,,True,completed
23,pkw,36.0,265.0,229.0,,1918.364,0.0,14.0,215.0,49.77,,,0.0611,0.9389,,True,completed
52,pkw,93.0,266.0,173.0,,1687.641,5.0,5.0,168.0,18.804,,,0.0289,0.9711,,True,completed
58,pkw,100.0,266.0,166.0,,1592.357,6.0,6.0,160.0,20.409,,,0.0361,0.9639,,True,completed
37,pkw,65.0,267.0,202.0,,1831.827,0.0,0.0,202.0,15.856,,,0.0,1.0,,True,completed
14,pkw,21.0,272.0,251.0,,2354.412,0.0,2.0,249.0,25.263,,,0.008,0.992,,True,completed
36,pkw,59.0,272.0,213.0,,1871.707,15.0,15.0,198.0,35.192,,,0.0704,0.9296,,True,completed
39,pkw,67.0,280.0,213.0,,1966.135,8.0,8.0,205.0,32.264,,,0.0376,0.9624,,True,completed
30,pkw,51.0,282.0,231.0,,2151.949,1.0,6.0,225.0,27.662,,,0.026,0.974,,True,completed
75,pkw,136.0,286.0,150.0,,1525.566,0.0,0.0,150.0,7.498,,,0.0,1.0,,True,completed
32,pkw,52.0,288.0,236.0,,1692.852,0.0,3.0,233.0,26.685,,,0.0127,0.9873,,True,completed
57,pkw,100.0,288.0,188.0,,1625.682,0.0,0.0,188.0,17.638,,,0.0,1.0,,True,completed
81,pkw,144.0,288.0,144.0,,1264.957,11.0,11.0,133.0,28.33,,,0.0764,0.9236,,True,completed
103,pkw,195.0,291.0,96.0,,883.782,0.0,0.0,96.0,8.917,,,0.0,1.0,,True,completed
22,pkw,36.0,291.0,255.0,,2622.387,0.0,0.0,255.0,17.175,,,0.0,1.0,,True,completed
46,pkw,84.0,293.0,209.0,,1595.89,2.0,6.0,203.0,51.406,,,0.0287,0.9713,,True,completed
110,pkw,212.0,294.0,82.0,,641.764,0.0,0.0,82.0,8.996,,,0.0,1.0,,True,completed
38,pkw,65.0,297.0,232.0,,2131.296,15.0,15.0,217.0,36.423,,,0.0647,0.9353,,True,completed
117,pkw,231.0,299.0,68.0,,535.987,5.0,5.0,63.0,17.982,,,0.0735,0.9265,,True,completed
93,pkw,176.0,300.0,124.0,,1032.643,3.0,3.0,121.0,19.777,,,0.0242,0.9758,,True,completed
91,pkw,173.0,310.0,137.0,,1281.302,0.0,0.0,137.0,10.498,,,0.0,1.0,,True,completed
137,pkw,261.0,312.0,51.0,,519.195,0.0,0.0,51.0,2.703,,,0.0,1.0,,True,completed
33,pkw,54.0,312.0,258.0,,2298.721,0.0,4.0,254.0,33.19,,,0.0155,0.9845,,True,completed
19,pkw,32.0,313.0,281.0,,2823.177,0.0,0.0,281.0,23.386,,,0.0,1.0,,True,completed
44,pkw,82.0,313.0,231.0,,2210.51,4.0,4.0,227.0,26.644,,,0.0173,0.9827,,True,completed
63,pkw,110.0,315.0,205.0,,1979.05,2.0,2.0,203.0,25.575,,,0.0098,0.9902,,True,completed
49,pkw,90.0,316.0,226.0,,2232.186,5.0,5.0,221.0,22.776,,,0.0221,0.9779,,True,completed
115,pkw,224.0,318.0,94.0,,752.316,7.0,7.0,87.0,17.552,,,0.0745,0.9255,,True,completed
53,pkw,96.0,321.0,225.0,,2166.9,11.0,11.0,214.0,28.455,,,0.0489,0.9511,,True,completed
55,pkw,98.0,321.0,223.0,,2225.819,4.0,4.0,219.0,20.375,,,0.0179,0.9821,,True,completed
109,pkw,211.0,325.0,114.0,,1043.819,3.0,3.0,111.0,14.008,,,0.0263,0.9737,,True,completed
35,pkw,56.0,329.0,273.0,,2338.567,3.0,6.0,267.0,52.866,,,0.022,0.978,,True,completed
17,pkw,27.0,330.0,303.0,,2807.754,0.0,0.0,303.0,27.696,,,0.0,1.0,,True,completed
15,pkw,22.0,331.0,309.0,,3079.776,0.0,4.0,305.0,28.482,,,0.0129,0.9871,,True,completed
56,pkw,98.0,335.0,237.0,,2129.466,0.0,0.0,237.0,16.916,,,0.0,1.0,,True,completed
102,pkw,192.0,340.0,148.0,,1503.0,0.0,0.0,148.0,9.986,,,0.0,1.0,,True,completed
138,pkw,262.0,342.0,80.0,,669.621,2.0,2.0,78.0,13.036,,,0.025,0.975,,True,completed
87,pkw,165.0,343.0,178.0,,1629.224,9.0,9.0,169.0,25.79,,,0.0506,0.9494,,True,completed
112,pkw,216.0,347.0,131.0,,1231.723,3.0,3.0,128.0,16.69,,,0.0229,0.9771,,True,completed
120,pkw,237.0,347.0,110.0,,852.096,16.0,16.0,94.0,31.777,,,0.1455,0.8545,,True,completed
51,pkw,91.0,348.0,257.0,,2640.598,0.0,0.0,257.0,17.322,,,0.0,1.0,,True,completed
69,pkw,123.0,348.0,225.0,,2086.767,6.0,12.0,213.0,35.733,,,0.0533,0.9467,,True,completed
114,pkw,223.0,351.0,128.0,,1132.722,5.0,5.0,123.0,22.316,,,0.0391,0.9609,,True,completed
67,pkw,117.0,351.0,234.0,,2328.773,1.0,1.0,233.0,19.766,,,0.0043,0.9957,,True,completed
107,pkw,207.0,352.0,145.0,,1392.882,0.0,2.0,143.0,14.778,,,0.0138,0.9862,,True,completed
42,pkw,75.0,353.0,278.0,,2668.769,7.0,7.0,271.0,29.95,,,0.0252,0.9748,,True,completed
64,pkw,111.0,354.0,243.0,,2435.318,0.0,0.0,243.0,22.124,,,0.0,1.0,,True,completed
88,pkw,166.0,354.0,188.0,,1830.501,0.0,0.0,188.0,12.715,,,0.0,1.0,,True,completed
108,pkw,209.0,356.0,147.0,,1394.784,0.0,0.0,147.0,15.764,,,0.0,1.0,,True,completed
21,pkw,35.0,357.0,322.0,,2999.357,9.0,14.0,308.0,42.161,,,0.0435,0.9565,,True,completed
54,pkw,96.0,360.0,264.0,,2409.096,3.0,12.0,252.0,45.868,,,0.0455,0.9545,,True,completed
106,pkw,202.0,363.0,161.0,,1477.947,6.0,6.0,155.0,25.732,,,0.0373,0.9627,,True,completed
163,pkw,307.0,363.0,56.0,,444.904,6.0,6.0,50.0,14.835,,,0.1071,0.8929,,True,completed
71,pkw,128.0,363.0,235.0,,2100.989,3.0,8.0,227.0,30.884,,,0.034,0.966,,True,completed
68,pkw,118.0,364.0,246.0,,2543.23,0.0,0.0,246.0,14.833,,,0.0,1.0,,True,completed
95,pkw,181.0,366.0,185.0,,1420.357,4.0,22.0,163.0,53.638,,,0.1189,0.8811,,True,completed
118,pkw,232.0,367.0,135.0,,1014.989,5.0,5.0,130.0,20.038,,,0.037,0.963,,True,completed
136,pkw,258.0,367.0,109.0,,902.229,6.0,6.0,103.0,20.53,,,0.055,0.945,,True,completed
66,pkw,117.0,367.0,250.0,,2444.71,0.0,2.0,248.0,20.672,,,0.008,0.992,,True,completed
186,pkw,333.0,376.0,43.0,,445.287,0.0,0.0,43.0,1.924,,,0.0,1.0,,True,completed
151,pkw,291.0,378.0,87.0,,834.779,2.0,2.0,85.0,10.788,,,0.023,0.977,,True,completed
72,pkw,129.0,379.0,250.0,,2451.311,6.0,6.0,244.0,27.442,,,0.024,0.976,,True,completed
83,pkw,149.0,379.0,230.0,,1827.637,4.0,6.0,224.0,42.718,,,0.0261,0.9739,,True,completed
164,pkw,309.0,380.0,71.0,,730.489,0.0,0.0,71.0,3.499,,,0.0,1.0,,True,completed
126,pkw,241.0,384.0,143.0,,1322.462,3.0,3.0,140.0,20.481,,,0.021,0.979,,True,completed
125,pkw,240.0,386.0,146.0,,1360.993,7.0,7.0,139.0,19.699,,,0.0479,0.9521,,True,completed
113,pkw,218.0,389.0,171.0,,1688.809,0.0,1.0,170.0,15.615,,,0.0058,0.9942,,True,completed
77,pkw,137.0,389.0,252.0,,2540.948,0.0,1.0,251.0,20.687,,,0.004,0.996,,True,completed
175,pkw,320.0,391.0,71.0,,741.792,0.0,0.0,71.0,3.238,,,0.0,1.0,,True,completed
86,pkw,154.0,392.0,238.0,,2308.934,1.0,4.0,234.0,27.277,,,0.0168,0.9832,,True,completed
76,pkw,136.0,395.0,259.0,,2631.58,0.0,0.0,259.0,19.686,,,0.0,1.0,,True,completed
97,pkw,183.0,395.0,212.0,,2140.409,0.0,2.0,210.0,17.21,,,0.0094,0.9906,,True,completed
143,pkw,276.0,405.0,129.0,,1151.286,10.0,10.0,119.0,24.383,,,0.0775,0.9225,,True,completed
153,pkw,294.0,406.0,112.0,,1177.295,0.0,0.0,112.0,5.042,,,0.0,1.0,,True,completed
147,pkw,286.0,409.0,123.0,,1215.066,0.0,0.0,123.0,8.367,,,0.0,1.0,,True,completed
101,pkw,188.0,412.0,224.0,,1644.617,33.0,40.0,184.0,72.276,,,0.1786,0.8214,,True,completed
90,pkw,171.0,412.0,241.0,,2255.17,8.0,10.0,231.0,35.601,,,0.0415,0.9585,,True,completed
121,pkw,239.0,415.0,176.0,,1492.609,0.0,3.0,173.0,20.158,,,0.017,0.983,,True,completed
96,pkw,181.0,417.0,236.0,,2334.953,0.0,1.0,235.0,20.97,,,0.0042,0.9958,,True,completed
100,pkw,188.0,419.0,231.0,,2258.024,0.0,0.0,231.0,14.293,,,0.0,1.0,,True,completed
214,pkw,374.0,422.0,48.0,,377.44,0.0,0.0,48.0,4.04,,,0.0,1.0,,True,completed
111,pkw,216.0,424.0,208.0,,1863.602,0.0,1.0,207.0,21.683,,,0.0048,0.9952,,True,completed
198,pkw,349.0,425.0,76.0,,752.313,0.0,0.0,76.0,6.321,,,0.0,1.0,,True,completed
92,pkw,175.0,426.0,251.0,,2372.387,6.0,12.0,239.0,35.746,,,0.0478,0.9522,,True,completed
62,pkw,108.0,427.0,319.0,,2972.715,4.0,4.0,315.0,30.553,,,0.0125,0.9875,,True,completed
206,pkw,359.0,430.0,71.0,,670.74,0.0,0.0,71.0,6.371,,,0.0,1.0,,True,completed
193,pkw,346.0,435.0,89.0,,787.233,0.0,0.0,89.0,15.917,,,0.0,1.0,,True,completed
194,pkw,349.0,438.0,89.0,,780.483,0.0,0.0,89.0,16.138,,,0.0,1.0,,True,completed
98,pkw,184.0,443.0,259.0,,2091.424,20.0,22.0,237.0,59.387,,,0.0849,0.9151,,True,completed
172,pkw,318.0,444.0,126.0,,1267.014,0.0,0.0,126.0,10.432,,,0.0,1.0,,True,completed
94,pkw,181.0,447.0,266.0,,2314.137,4.0,4.0,262.0,33.128,,,0.015,0.985,,True,completed
141,pkw,265.0,449.0,184.0,,1629.457,12.0,14.0,170.0,35.511,,,0.0761,0.9239,,True,completed
169,pkw,314.0,449.0,135.0,,1001.312,4.0,14.0,121.0,36.973,,,0.1037,0.8963,,True,completed
197,pkw,343.0,453.0,110.0,,1068.719,0.0,0.0,110.0,12.334,,,0.0,1.0,,True,completed
122,pkw,240.0,456.0,216.0,,2141.709,0.0,5.0,211.0,21.324,,,0.0231,0.9769,,True,completed
167,pkw,313.0,457.0,144.0,,1487.019,0.0,0.0,144.0,8.229,,,0.0,1.0,,True,completed
139,pkw,263.0,458.0,195.0,,2010.1,0.0,0.0,195.0,12.324,,,0.0,1.0,,True,completed
123,pkw,240.0,459.0,219.0,,1557.234,10.0,22.0,197.0,59.505,,,0.1005,0.8995,,True,completed
210,pkw,366.0,462.0,96.0,,920.409,0.0,0.0,96.0,11.133,,,0.0,1.0,,True,completed
70,pkw,128.0,462.0,334.0,,3166.514,0.0,6.0,328.0,31.897,,,0.018,0.982,,True,completed
99,pkw,187.0,468.0,281.0,,1914.112,15.0,44.0,237.0,76.697,,,0.1566,0.8434,,True,completed
127,pkw,243.0,470.0,227.0,,2256.09,0.0,0.0,227.0,18.185,,,0.0,1.0,,True,completed
130,pkw,245.0,471.0,226.0,,1908.28,2.0,13.0,213.0,43.821,,,0.0575,0.9425,,True,completed
142,pkw,269.0,471.0,202.0,,1948.231,1.0,1.0,201.0,16.927,,,0.005,0.995,,True,completed
104,pkw,196.0,475.0,279.0,,2420.047,15.0,15.0,264.0,46.191,,,0.0538,0.9462,,True,completed
128,pkw,244.0,480.0,236.0,,2262.329,0.0,3.0,233.0,24.354,,,0.0127,0.9873,,True,completed
105,pkw,198.0,485.0,287.0,,2834.109,6.0,11.0,276.0,30.188,,,0.0383,0.9617,,True,completed
132,pkw,247.0,488.0,241.0,,2326.22,2.0,2.0,239.0,22.238,,,0.0083,0.9917,,True,completed
157,pkw,302.0,488.0,186.0,,1690.958,8.0,14.0,172.0,32.602,,,0.0753,0.9247,,True,completed
161,pkw,305.0,488.0,183.0,,1688.887,4.0,4.0,179.0,26.496,,,0.0219,0.9781,,True,completed
129,pkw,245.0,491.0,246.0,,2356.701,0.0,2.0,244.0,31.418,,,0.0081,0.9919,,True,completed
213,pkw,370.0,493.0,123.0,,981.179,8.0,8.0,115.0,24.02,,,0.065,0.935,,True,completed
146,pkw,279.0,495.0,216.0,,1796.487,2.0,10.0,206.0,43.053,,,0.0463,0.9537,,True,completed
116,pkw,230.0,496.0,266.0,,2589.829,3.0,3.0,263.0,29.173,,,0.0113,0.9887,,True,completed
144,pkw,277.0,498.0,221.0,,1834.279,6.0,23.0,198.0,41.471,,,0.1041,0.8959,,True,completed
192,pkw,339.0,501.0,162.0,,1412.063,17.0,17.0,145.0,33.61,,,0.1049,0.8951,,True,completed
135,pkw,256.0,502.0,246.0,,2208.915,6.0,6.0,240.0,31.552,,,0.0244,0.9756,,True,completed
195,pkw,341.0,503.0,162.0,,1645.156,0.0,0.0,162.0,8.997,,,0.0,1.0,,True,completed
227,pkw,391.0,505.0,114.0,,1063.388,0.0,0.0,114.0,9.989,,,0.0,1.0,,True,completed
250,pkw,429.0,509.0,80.0,,816.121,0.0,0.0,80.0,5.459,,,0.0,1.0,,True,completed
286,pkw,468.0,512.0,44.0,,457.631,0.0,0.0,44.0,1.813,,,0.0,1.0,,True,completed
158,pkw,302.0,513.0,211.0,,2001.634,5.0,5.0,206.0,29.235,,,0.0237,0.9763,,True,completed
124,pkw,240.0,514.0,274.0,,2690.348,0.0,5.0,269.0,30.075,,,0.0182,0.9818,,True,completed
145,pkw,277.0,514.0,237.0,,2082.852,5.0,10.0,227.0,37.72,,,0.0422,0.9578,,True,completed
249,pkw,428.0,514.0,86.0,,736.256,9.0,10.0,76.0,17.818,,,0.1163,0.8837,,True,completed
185,pkw,343.0,516.0,173.0,,1454.954,10.0,10.0,163.0,41.053,,,0.0578,0.9422,,True,completed
166,pkw,312.0,518.0,206.0,,1970.823,4.0,4.0,202.0,26.042,,,0.0194,0.9806,,True,completed
84,pkw,150.0,518.0,368.0,,2922.41,20.0,45.0,323.0,97.576,,,0.1223,0.8777,,True,completed
245,pkw,419.0,520.0,101.0,,902.818,0.0,0.0,101.0,11.019,,,0.0,1.0,,True,completed
238,pkw,408.0,521.0,113.0,,1109.971,0.0,0.0,113.0,11.266,,,0.0,1.0,,True,completed
156,pkw,302.0,526.0,224.0,,2126.598,9.0,9.0,215.0,27.108,,,0.0402,0.9598,,True,completed
133,pkw,251.0,529.0,278.0,,2513.114,4.0,23.0,255.0,49.05,,,0.0827,0.9173,,True,completed
140,pkw,264.0,529.0,265.0,,2648.843,0.0,3.0,262.0,23.687,,,0.0113,0.9887,,True,completed
162,pkw,305.0,529.0,224.0,,2013.556,19.0,19.0,205.0,36.445,,,0.0848,0.9152,,True,completed
188,pkw,335.0,531.0,196.0,,1810.026,14.0,14.0,182.0,31.166,,,0.0714,0.9286,,True,completed
275,pkw,452.0,534.0,82.0,,742.041,4.0,4.0,78.0,14.216,,,0.0488,0.9512,,True,completed
217,pkw,380.0,535.0,155.0,,1395.158,2.0,2.0,153.0,18.34,,,0.0129,0.9871,,True,completed
155,pkw,301.0,537.0,236.0,,2239.94,2.0,3.0,233.0,28.477,,,0.0127,0.9873,,True,completed
221,pkw,385.0,537.0,152.0,,1267.716,1.0,9.0,143.0,36.629,,,0.0592,0.9408,,True,completed
219,pkw,384.0,539.0,155.0,,1579.265,0.0,0.0,155.0,10.039,,,0.0,1.0,,True,completed
256,pkw,436.0,540.0,104.0,,974.5,0.0,0.0,104.0,10.484,,,0.0,1.0,,True,completed
339,pkw,532.0,540.0,8.0,,74.227,0.0,0.0,8.0,0.319,,,0.0,1.0,,True,completed
235,pkw,403.0,541.0,138.0,,1326.359,0.0,0.0,138.0,10.51,,,0.0,1.0,,True,completed
149,pkw,290.0,545.0,255.0,,2577.472,0.0,2.0,253.0,20.295,,,0.0078,0.9922,,True,completed
119,pkw,232.0,550.0,318.0,,3189.881,0.0,0.0,318.0,24.554,,,0.0,1.0,,True,completed
182,pkw,328.0,550.0,222.0,,2220.946,0.0,0.0,222.0,16.468,,,0.0,1.0,,True,completed
150,pkw,291.0,553.0,262.0,,2609.033,0.0,0.0,262.0,20.298,,,0.0,1.0,,True,completed
160,pkw,303.0,553.0,250.0,,2528.405,0.0,3.0,247.0,20.341,,,0.012,0.988,,True,completed
236,pkw,406.0,557.0,151.0,,1412.042,0.0,2.0,149.0,21.868,,,0.0132,0.9868,,True,completed
266,pkw,445.0,559.0,114.0,,878.603,12.0,18.0,96.0,33.925,,,0.1579,0.8421,,True,completed
159,pkw,303.0,561.0,258.0,,2492.309,0.0,5.0,253.0,30.087,,,0.0194,0.9806,,True,completed
308,pkw,491.0,561.0,70.0,,588.609,9.0,9.0,61.0,16.025,,,0.1286,0.8714,,True,completed
333,pkw,516.0,565.0,49.0,,460.108,0.0,0.0,49.0,6.146,,,0.0,1.0,,True,completed
332,pkw,516.0,567.0,51.0,,476.743,0.0,0.0,51.0,7.093,,,0.0,1.0,,True,completed
262,pkw,442.0,568.0,126.0,,1176.384,0.0,0.0,126.0,9.346,,,0.0,1.0,,True,completed
170,pkw,315.0,570.0,255.0,,2602.568,1.0,1.0,254.0,19.24,,,0.0039,0.9961,,True,completed
211,pkw,367.0,570.0,203.0,,2016.72,0.0,5.0,198.0,20.15,,,0.0246,0.9754,,True,completed
199,pkw,349.0,571.0,222.0,,1723.789,23.0,25.0,197.0,57.073,,,0.1126,0.8874,,True,completed
259,pkw,438.0,571.0,133.0,,1106.563,0.0,0.0,133.0,10.704,,,0.0,1.0,,True,completed
208,pkw,365.0,574.0,209.0,,1830.274,0.0,0.0,209.0,16.262,,,0.0,1.0,,True,completed
209,pkw,365.0,578.0,213.0,,2131.771,0.0,0.0,213.0,17.505,,,0.0,1.0,,True,completed
252,pkw,430.0,580.0,150.0,,1522.056,0.0,0.0,150.0,7.5,,,0.0,1.0,,True,completed
154,pkw,299.0,581.0,282.0,,2959.485,0.0,0.0,282.0,13.082,,,0.0,1.0,,True,completed
364,pkw,556.0,582.0,26.0,,150.129,6.0,6.0,20.0,11.326,,,0.2308,0.7692,,True,completed
264,pkw,444.0,587.0,143.0,,1262.963,7.0,7.0,136.0,27.447,,,0.049,0.951,,True,completed
224,pkw,390.0,588.0,198.0,,1990.35,0.0,2.0,196.0,17.13,,,0.0101,0.9899,,True,completed
231,pkw,400.0,588.0,188.0,,1623.108,1.0,4.0,184.0,27.187,,,0.0213,0.9787,,True,completed
177,pkw,320.0,592.0,272.0,,2340.559,8.0,8.0,264.0,36.442,,,0.0294,0.9706,,True,completed
242,pkw,416.0,596.0,180.0,,1761.508,0.0,4.0,176.0,16.447,,,0.0222,0.9778,,True,completed
294,pkw,480.0,596.0,116.0,,839.842,7.0,7.0,109.0,19.826,,,0.0603,0.9397,,True,completed
168,pkw,313.0,597.0,284.0,,2117.974,31.0,53.0,231.0,89.428,,,0.1866,0.8134,,True,completed
232,pkw,400.0,598.0,198.0,,1865.184,0.0,9.0,189.0,26.934,,,0.0455,0.9545,,True,completed
202,pkw,352.0,599.0,247.0,,1791.369,0.0,0.0,247.0,22.942,,,0.0,1.0,,True,completed
325,pkw,512.0,599.0,87.0,,642.611,0.0,0.0,87.0,13.952,,,0.0,1.0,,True,completed
265,pkw,444.0,601.0,157.0,,1491.464,0.0,0.0,157.0,10.781,,,0.0,1.0,,True,completed
293,pkw,476.0,604.0,128.0,,1030.934,2.0,2.0,126.0,16.135,,,0.0156,0.9844,,True,completed
228,pkw,392.0,609.0,217.0,,1988.211,1.0,3.0,214.0,31.372,,,0.0138,0.9862,,True,completed
336,pkw,524.0,611.0,87.0,,749.999,0.0,0.0,87.0,11.52,,,0.0,1.0,,True,completed
215,pkw,375.0,612.0,237.0,,2204.469,0.0,0.0,237.0,23.731,,,0.0,1.0,,True,completed
313,pkw,498.0,612.0,114.0,,1012.492,0.0,0.0,114.0,9.915,,,0.0,1.0,,True,completed
201,pkw,351.0,617.0,266.0,,2489.556,9.0,10.0,256.0,39.835,,,0.0376,0.9624,,True,completed
218,pkw,382.0,618.0,236.0,,2218.376,1.0,5.0,231.0,28.008,,,0.0212,0.9788,,True,completed
203,pkw,354.0,622.0,268.0,,2303.036,0.0,3.0,265.0,33.914,,,0.0112,0.9888,,True,completed
212,pkw,369.0,622.0,253.0,,2242.95,0.0,16.0,237.0,48.187,,,0.0632,0.9368,,True,completed
29,pkw,49.0,622.0,573.0,,2722.303,0.0,300.0,273.0,318.683,,,0.5236,0.4764,,True,completed
322,pkw,509.0,622.0,113.0,,1005.022,5.0,5.0,108.0,19.889,,,0.0442,0.9558,,True,completed
165,pkw,309.0,624.0,315.0,,2583.647,0.0,2.0,313.0,41.011,,,0.0063,0.9937,,True,completed
277,pkw,453.0,627.0,174.0,,1642.116,1.0,4.0,170.0,25.208,,,0.023,0.977,,True,completed
205,pkw,356.0,628.0,272.0,,2337.172,1.0,2.0,270.0,48.763,,,0.0074,0.9926,,True,completed
233,pkw,401.0,630.0,229.0,,2267.67,0.0,5.0,224.0,22.391,,,0.0218,0.9782,,True,completed
183,pkw,332.0,631.0,299.0,,2768.724,0.0,17.0,282.0,47.788,,,0.0569,0.9431,,True,completed
247,pkw,423.0,631.0,208.0,,2096.031,0.0,0.0,208.0,18.262,,,0.0,1.0,,True,completed
179,pkw,322.0,634.0,312.0,,2691.051,21.0,25.0,287.0,65.1,,,0.0801,0.9199,,True,completed
229,pkw,393.0,634.0,241.0,,2260.41,0.0,7.0,234.0,35.088,,,0.029,0.971,,True,completed
344,pkw,537.0,634.0,97.0,,881.719,3.0,3.0,94.0,16.644,,,0.0309,0.9691,,True,completed
234,pkw,401.0,636.0,235.0,,1655.721,14.0,49.0,186.0,83.509,,,0.2085,0.7915,,True,completed
284,pkw,467.0,636.0,169.0,,1644.348,0.0,0.0,169.0,17.527,,,0.0,1.0,,True,completed
173,pkw,318.0,638.0,320.0,,2806.055,23.0,28.0,292.0,64.509,,,0.0875,0.9125,,True,completed
422,pkw,613.0,638.0,25.0,,191.461,0.0,0.0,25.0,6.768,,,0.0,1.0,,True,completed
309,pkw,492.0,639.0,147.0,,1502.23,0.0,0.0,147.0,9.595,,,0.0,1.0,,True,completed
300,pkw,482.0,643.0,161.0,,1263.831,25.0,25.0,136.0,42.218,,,0.1553,0.8447,,True,completed
248,pkw,428.0,644.0,216.0,,2052.637,0.0,10.0,206.0,28.314,,,0.0463,0.9537,,True,completed
273,pkw,450.0,648.0,198.0,,1693.392,20.0,20.0,178.0,43.945,,,0.101,0.899,,True,completed
297,pkw,481.0,648.0,167.0,,1425.463,11.0,12.0,155.0,36.252,,,0.0719,0.9281,,True,completed
369,pkw,562.0,650.0,88.0,,667.052,12.0,12.0,76.0,22.97,,,0.1364,0.8636,,True,completed
243,pkw,417.0,652.0,235.0,,1528.475,40.0,54.0,181.0,90.268,,,0.2298,0.7702,,True,completed
311,pkw,496.0,655.0,159.0,,1485.976,1.0,1.0,158.0,16.794,,,0.0063,0.9937,,True,completed
189,pkw,336.0,656.0,320.0,,2243.173,17.0,17.0,303.0,54.43,,,0.0531,0.9469,,True,completed
305,pkw,489.0,656.0,167.0,,1681.498,0.0,0.0,167.0,14.055,,,0.0,1.0,,True,completed
244,pkw,418.0,659.0,241.0,,1683.313,19.0,33.0,208.0,74.244,,,0.1369,0.8631,,True,completed
279,pkw,454.0,660.0,206.0,,1653.873,0.0,2.0,204.0,22.504,,,0.0097,0.9903,,True,completed
316,pkw,502.0,660.0,158.0,,1609.842,0.0,0.0,158.0,11.918,,,0.0,1.0,,True,completed
296,pkw,481.0,661.0,180.0,,1824.624,0.0,0.0,180.0,14.088,,,0.0,1.0,,True,completed
220,pkw,384.0,663.0,279.0,,2604.727,13.0,14.0,265.0,43.218,,,0.0502,0.9498,,True,completed
340,pkw,532.0,665.0,133.0,,1394.867,0.0,0.0,133.0,6.461,,,0.0,1.0,,True,completed
267,pkw,445.0,666.0,221.0,,2266.027,0.0,0.0,221.0,13.536,,,0.0,1.0,,True,completed
302,pkw,484.0,666.0,182.0,,1815.217,0.0,0.0,182.0,15.465,,,0.0,1.0,,True,completed
335,pkw,523.0,666.0,143.0,,1130.673,12.0,13.0,130.0,38.87,,,0.0909,0.9091,,True,completed
200,pkw,351.0,668.0,317.0,,2996.678,0.0,9.0,308.0,45.683,,,0.0284,0.9716,,True,completed
282,pkw,465.0,668.0,203.0,,1623.77,5.0,12.0,191.0,45.355,,,0.0591,0.9409,,True,completed
223,pkw,387.0,669.0,282.0,,2016.602,32.0,37.0,245.0,83.672,,,0.1312,0.8688,,True,completed
318,pkw,505.0,671.0,166.0,,1710.767,0.0,0.0,166.0,10.182,,,0.0,1.0,,True,completed
489,pkw,658.0,672.0,14.0,,127.1,0.0,0.0,14.0,1.096,,,0.0,1.0,,True,completed
174,pkw,319.0,673.0,354.0,,2958.601,2.0,2.0,352.0,35.564,,,0.0056,0.9944,,True,completed
315,pkw,502.0,674.0,172.0,,1479.195,17.0,17.0,155.0,37.055,,,0.0988,0.9012,,True,completed
324,pkw,509.0,675.0,166.0,,1394.014,15.0,15.0,151.0,34.895,,,0.0904,0.9096,,True,completed
272,pkw,449.0,679.0,230.0,,1826.071,4.0,13.0,217.0,53.105,,,0.0565,0.9435,,True,completed
351,pkw,541.0,680.0,139.0,,1326.068,0.0,0.0,139.0,15.3,,,0.0,1.0,,True,completed
306,pkw,491.0,683.0,192.0,,1859.126,0.0,0.0,192.0,21.544,,,0.0,1.0,,True,completed
258,pkw,439.0,684.0,245.0,,1519.177,66.0,66.0,179.0,99.575,,,0.2694,0.7306,,True,completed
397,pkw,602.0,687.0,85.0,,779.493,1.0,1.0,84.0,13.0,,,0.0118,0.9882,,True,completed
260,pkw,438.0,688.0,250.0,,2455.634,1.0,4.0,246.0,26.948,,,0.016,0.984,,True,completed
301,pkw,483.0,690.0,207.0,,2139.574,0.0,0.0,207.0,12.221,,,0.0,1.0,,True,completed
329,pkw,515.0,692.0,177.0,,1532.694,0.0,0.0,177.0,12.565,,,0.0,1.0,,True,completed
80,pkw,142.0,696.0,554.0,,2286.414,95.0,311.0,243.0,335.649,,,0.5614,0.4386,,True,completed
152,pkw,294.0,698.0,404.0,,1856.524,92.0,204.0,200.0,225.689,,,0.505,0.495,,True,completed
360,pkw,551.0,698.0,147.0,,1459.082,0.0,0.0,147.0,10.821,,,0.0,1.0,,True,completed
268,pkw,447.0,699.0,252.0,,2206.088,11.0,17.0,235.0,51.075,,,0.0675,0.9325,,True,completed
269,pkw,447.0,699.0,252.0,,2226.976,5.0,14.0,238.0,48.414,,,0.0556,0.9444,,True,completed
343,pkw,536.0,700.0,164.0,,1558.02,3.0,3.0,161.0,22.345,,,0.0183,0.9817,,True,completed
393,pkw,595.0,700.0,105.0,,774.709,12.0,12.0,93.0,32.556,,,0.1143,0.8857,,True,completed
354,pkw,544.0,701.0,157.0,,1035.68,22.0,37.0,120.0,54.594,,,0.2357,0.7643,,True,completed
280,pkw,458.0,702.0,244.0,,1834.636,0.0,34.0,210.0,58.514,,,0.1393,0.8607,,True,completed
321,pkw,508.0,703.0,195.0,,1801.435,1.0,1.0,194.0,29.752,,,0.0051,0.9949,,True,completed
412,pkw,609.0,703.0,94.0,,735.312,11.0,11.0,83.0,26.451,,,0.117,0.883,,True,completed
317,pkw,504.0,704.0,200.0,,1917.901,6.0,6.0,194.0,25.113,,,0.03,0.97,,True,completed
435,pkw,620.0,704.0,84.0,,741.735,7.0,7.0,77.0,15.198,,,0.0833,0.9167,,True,completed
536,pkw,691.0,704.0,13.0,,126.191,0.0,0.0,13.0,0.643,,,0.0,1.0,,True,completed
319,pkw,507.0,706.0,199.0,,1987.751,0.0,1.0,198.0,17.325,,,0.005,0.995,,True,completed
366,pkw,558.0,706.0,148.0,,1519.849,0.0,0.0,148.0,6.132,,,0.0,1.0,,True,completed
134,pkw,255.0,707.0,452.0,,2275.31,86.0,206.0,246.0,243.821,,,0.4558,0.5442,,True,completed
352,pkw,542.0,707.0,165.0,,1635.073,2.0,2.0,163.0,14.946,,,0.0121,0.9879,,True,completed
178,pkw,321.0,710.0,389.0,,2352.487,86.0,134.0,255.0,172.001,,,0.3445,0.6555,,True,completed
187,pkw,334.0,710.0,376.0,,2331.48,87.0,123.0,253.0,153.663,,,0.3271,0.6729,,True,completed
222,pkw,387.0,710.0,323.0,,2864.368,3.0,6.0,317.0,38.08,,,0.0186,0.9814,,True,completed
216,pkw,377.0,711.0,334.0,,3148.716,2.0,9.0,325.0,41.879,,,0.0269,0.9731,,True,completed
424,pkw,614.0,711.0,97.0,,797.005,0.0,0.0,97.0,16.419,,,0.0,1.0,,True,completed
287,pkw,469.0,713.0,244.0,,2243.586,0.0,0.0,244.0,29.499,,,0.0,1.0,,True,completed
508,pkw,672.0,714.0,42.0,,437.744,0.0,0.0,42.0,1.603,,,0.0,1.0,,True,completed
288,pkw,470.0,715.0,245.0,,2213.971,10.0,10.0,235.0,36.893,,,0.0408,0.9592,,True,completed
295,pkw,481.0,715.0,234.0,,2375.19,1.0,1.0,233.0,18.185,,,0.0043,0.9957,,True,completed
511,pkw,674.0,716.0,42.0,,382.161,0.0,0.0,42.0,3.702,,,0.0,1.0,,True,completed
368,pkw,561.0,718.0,157.0,,1076.965,47.0,47.0,110.0,58.709,,,0.2994,0.7006,,True,completed
207,pkw,364.0,720.0,356.0,,2366.0,80.0,109.0,247.0,140.041,,,0.3062,0.6938,,True,completed
338,pkw,531.0,720.0,189.0,,1472.365,13.0,16.0,173.0,47.889,,,0.0847,0.9153,,True,completed
285,pkw,468.0,721.0,253.0,,2260.88,11.0,11.0,242.0,45.099,,,0.0435,0.9565,,True,completed
191,pkw,338.0,725.0,387.0,,2382.104,79.0,122.0,265.0,169.698,,,0.3152,0.6848,,True,completed
292,pkw,475.0,725.0,250.0,,2398.795,3.0,4.0,246.0,26.961,,,0.016,0.984,,True,completed
334,pkw,518.0,728.0,210.0,,1693.081,9.0,23.0,187.0,53.539,,,0.1095,0.8905,,True,completed
346,pkw,539.0,728.0,189.0,,1591.498,11.0,15.0,174.0,44.764,,,0.0794,0.9206,,True,completed
304,pkw,488.0,729.0,241.0,,1639.182,45.0,50.0,191.0,91.004,,,0.2075,0.7925,,True,completed
25,pkw,43.0,733.0,690.0,,3367.267,0.0,308.0,382.0,344.828,,,0.4464,0.5536,,True,completed
356,pkw,546.0,733.0,187.0,,1681.513,2.0,2.0,185.0,32.772,,,0.0107,0.9893,,True,completed
468,pkw,639.0,733.0,94.0,,853.126,2.0,2.0,92.0,14.93,,,0.0213,0.9787,,True,completed
379,pkw,576.0,735.0,159.0,,1583.039,0.0,1.0,158.0,15.102,,,0.0063,0.9937,,True,completed
469,pkw,640.0,736.0,96.0,,858.38,1.0,1.0,95.0,15.925,,,0.0104,0.9896,,True,completed
298,pkw,481.0,737.0,256.0,,2336.136,4.0,11.0,245.0,36.767,,,0.043,0.957,,True,completed
131,pkw,246.0,739.0,493.0,,2783.538,53.0,194.0,299.0,237.828,,,0.3935,0.6065,,True,completed
492,pkw,659.0,740.0,81.0,,663.369,2.0,2.0,79.0,13.213,,,0.0247,0.9753,,True,completed
358,pkw,549.0,745.0,196.0,,1831.011,0.0,6.0,190.0,28.297,,,0.0306,0.9694,,True,completed
429,pkw,618.0,745.0,127.0,,1189.941,5.0,5.0,122.0,18.513,,,0.0394,0.9606,,True,completed
348,pkw,540.0,748.0,208.0,,1555.424,13.0,15.0,193.0,59.309,,,0.0721,0.9279,,True,completed
430,pkw,618.0,749.0,131.0,,884.38,27.0,27.0,104.0,46.555,,,0.2061,0.7939,,True,completed
464,pkw,636.0,750.0,114.0,,1023.668,0.0,0.0,114.0,8.577,,,0.0,1.0,,True,completed
474,pkw,643.0,752.0,109.0,,1074.076,0.0,0.0,109.0,10.859,,,0.0,1.0,,True,completed
523,pkw,684.0,753.0,69.0,,664.936,0.0,0.0,69.0,6.097,,,0.0,1.0,,True,completed
276,pkw,453.0,754.0,301.0,,2734.838,0.0,25.0,276.0,51.63,,,0.0831,0.9169,,True,completed
454,pkw,632.0,757.0,125.0,,997.644,1.0,1.0,124.0,16.161,,,0.008,0.992,,True,completed
396,pkw,601.0,758.0,157.0,,1271.331,17.0,23.0,134.0,40.557,,,0.1465,0.8535,,True,completed
475,pkw,644.0,761.0,117.0,,917.678,6.0,6.0,111.0,17.865,,,0.0513,0.9487,,True,completed
345,pkw,539.0,762.0,223.0,,1919.172,3.0,9.0,214.0,44.588,,,0.0404,0.9596,,True,completed
494,pkw,660.0,766.0,106.0,,1048.434,0.0,0.0,106.0,9.329,,,0.0,1.0,,True,completed
271,pkw,449.0,769.0,320.0,,3041.366,2.0,10.0,310.0,33.614,,,0.0312,0.9688,,True,completed
337,pkw,530.0,769.0,239.0,,1189.787,35.0,97.0,142.0,129.602,,,0.4059,0.5941,,True,completed
328,pkw,513.0,771.0,258.0,,2214.6,31.0,33.0,225.0,51.494,,,0.1279,0.8721,,True,completed
491,pkw,659.0,771.0,112.0,,986.206,3.0,3.0,109.0,13.134,,,0.0268,0.9732,,True,completed
499,pkw,665.0,774.0,109.0,,795.752,16.0,16.0,93.0,36.382,,,0.1468,0.8532,,True,completed
290,pkw,472.0,775.0,303.0,,2876.541,0.0,14.0,289.0,41.839,,,0.0462,0.9538,,True,completed
341,pkw,534.0,775.0,241.0,,1494.657,63.0,72.0,169.0,97.771,,,0.2988,0.7012,,True,completed
372,pkw,566.0,775.0,209.0,,1949.622,3.0,7.0,202.0,31.439,,,0.0335,0.9665,,True,completed
428,pkw,617.0,775.0,158.0,,1493.016,0.0,0.0,158.0,9.673,,,0.0,1.0,,True,completed
389,pkw,591.0,776.0,185.0,,1778.17,0.0,9.0,176.0,23.257,,,0.0486,0.9514,,True,completed
482,pkw,649.0,776.0,127.0,,1142.129,5.0,5.0,122.0,18.603,,,0.0394,0.9606,,True,completed
500,pkw,665.0,776.0,111.0,,947.834,3.0,3.0,108.0,18.155,,,0.027,0.973,,True,completed
406,pkw,605.0,777.0,172.0,,1679.166,0.0,0.0,172.0,18.072,,,0.0,1.0,,True,completed
579,pkw,722.0,777.0,55.0,,456.509,6.0,6.0,49.0,12.52,,,0.1091,0.8909,,True,completed
602,pkw,738.0,777.0,39.0,,374.687,0.0,0.0,39.0,4.278,,,0.0,1.0,,True,completed
392,pkw,594.0,778.0,184.0,,1665.429,4.0,5.0,179.0,31.797,,,0.0272,0.9728,,True,completed
291,pkw,473.0,779.0,306.0,,2111.63,49.0,61.0,245.0,96.374,,,0.1993,0.8007,,True,completed
407,pkw,605.0,779.0,174.0,,1119.815,39.0,39.0,135.0,60.793,,,0.2241,0.7759,,True,completed
462,pkw,636.0,779.0,143.0,,1209.682,10.0,10.0,133.0,31.207,,,0.0699,0.9301,,True,completed
350,pkw,540.0,780.0,240.0,,1358.541,36.0,75.0,165.0,112.557,,,0.3125,0.6875,,True,completed
254,pkw,435.0,781.0,346.0,,2373.639,70.0,100.0,246.0,129.569,,,0.289,0.711,,True,completed
398,pkw,602.0,781.0,179.0,,1306.056,11.0,11.0,168.0,39.541,,,0.0615,0.9385,,True,completed
605,pkw,738.0,781.0,43.0,,445.173,0.0,0.0,43.0,1.934,,,0.0,1.0,,True,completed
436,pkw,620.0,782.0,162.0,,1408.307,3.0,7.0,155.0,27.941,,,0.0432,0.9568,,True,completed
251,pkw,429.0,783.0,354.0,,2448.578,52.0,90.0,264.0,130.418,,,0.2542,0.7458,,True,completed
303,pkw,484.0,783.0,299.0,,2088.361,45.0,50.0,249.0,89.495,,,0.1672,0.8328,,True,completed
327,pkw,512.0,785.0,273.0,,2187.86,43.0,52.0,221.0,74.801,,,0.1905,0.8095,,True,completed
443,pkw,624.0,786.0,162.0,,1566.879,6.0,6.0,156.0,19.228,,,0.037,0.963,,True,completed
400,pkw,602.0,787.0,185.0,,1411.265,18.0,34.0,151.0,55.428,,,0.1838,0.8162,,True,completed
431,pkw,619.0,789.0,170.0,,1708.025,0.0,0.0,170.0,12.593,,,0.0,1.0,,True,completed
558,pkw,708.0,789.0,81.0,,737.059,0.0,0.0,81.0,8.508,,,0.0,1.0,,True,completed
307,pkw,491.0,792.0,301.0,,1737.711,33.0,86.0,215.0,131.312,,,0.2857,0.7143,,True,completed
527,pkw,687.0,793.0,106.0,,1045.982,0.0,0.0,106.0,9.351,,,0.0,1.0,,True,completed
589,pkw,729.0,794.0,65.0,,663.158,0.0,0.0,65.0,4.315,,,0.0,1.0,,True,completed
253,pkw,432.0,797.0,365.0,,3363.754,0.0,20.0,345.0,52.714,,,0.0548,0.9452,,True,completed
394,pkw,599.0,797.0,198.0,,1868.37,0.0,2.0,196.0,20.444,,,0.0101,0.9899,,True,completed
570,pkw,734.0,798.0,64.0,,624.422,0.0,0.0,64.0,5.743,,,0.0,1.0,,True,completed
375,pkw,569.0,799.0,230.0,,2335.767,0.0,0.0,230.0,14.798,,,0.0,1.0,,True,completed
540,pkw,693.0,800.0,107.0,,697.511,24.0,24.0,83.0,41.064,,,0.2243,0.7757,,True,completed
465,pkw,638.0,802.0,164.0,,1170.896,8.0,20.0,144.0,40.583,,,0.122,0.878,,True,completed
526,pkw,740.0,807.0,67.0,,565.024,6.0,6.0,61.0,14.455,,,0.0896,0.9104,,True,completed
289,pkw,471.0,808.0,337.0,,3350.989,5.0,5.0,332.0,30.911,,,0.0148,0.9852,,True,completed
353,pkw,543.0,808.0,265.0,,1758.393,15.0,44.0,221.0,77.566,,,0.166,0.834,,True,completed
370,pkw,563.0,810.0,247.0,,1675.012,14.0,63.0,184.0,95.247,,,0.2551,0.7449,,True,completed
349,pkw,540.0,812.0,272.0,,2020.548,19.0,24.0,248.0,54.038,,,0.0882,0.9118,,True,completed
374,pkw,568.0,813.0,245.0,,2110.472,0.0,10.0,235.0,39.082,,,0.0408,0.9592,,True,completed
414,pkw,610.0,815.0,205.0,,2136.306,0.0,0.0,205.0,10.53,,,0.0,1.0,,True,completed
481,pkw,649.0,816.0,167.0,,1554.21,2.0,9.0,158.0,25.682,,,0.0539,0.9461,,True,completed
501,pkw,665.0,816.0,151.0,,1309.5,7.0,7.0,144.0,23.525,,,0.0464,0.9536,,True,completed
591,pkw,730.0,816.0,86.0,,871.299,0.0,0.0,86.0,5.655,,,0.0,1.0,,True,completed
525,pkw,685.0,817.0,132.0,,1268.145,1.0,1.0,131.0,16.589,,,0.0076,0.9924,,True,completed
660,pkw,775.0,819.0,44.0,,368.778,5.0,6.0,38.0,9.81,,,0.1364,0.8636,,True,completed
598,pkw,735.0,820.0,85.0,,767.279,0.0,0.0,85.0,13.676,,,0.0,1.0,,True,completed
483,pkw,649.0,821.0,172.0,,1214.785,13.0,13.0,159.0,36.786,,,0.0756,0.9244,,True,completed
383,pkw,584.0,822.0,238.0,,1992.35,5.0,16.0,222.0,49.058,,,0.0672,0.9328,,True,completed
630,pkw,752.0,822.0,70.0,,736.294,0.0,0.0,70.0,2.733,,,0.0,1.0,,True,completed
562,pkw,710.0,823.0,113.0,,1077.062,2.0,2.0,111.0,15.063,,,0.0177,0.9823,,True,completed
539,pkw,692.0,828.0,136.0,,972.174,24.0,24.0,112.0,42.383,,,0.1765,0.8235,,True,completed
571,pkw,716.0,831.0,115.0,,976.081,8.0,8.0,107.0,21.002,,,0.0696,0.9304,,True,completed
636,pkw,755.0,831.0,76.0,,726.256,0.0,0.0,76.0,7.265,,,0.0,1.0,,True,completed
357,pkw,547.0,833.0,286.0,,1526.762,54.0,109.0,177.0,141.14,,,0.3811,0.6189,,True,completed
504,pkw,667.0,833.0,166.0,,1468.548,4.0,4.0,162.0,26.75,,,0.0241,0.9759,,True,completed
575,pkw,719.0,833.0,114.0,,974.735,3.0,3.0,111.0,20.265,,,0.0263,0.9737,,True,completed
388,pkw,590.0,835.0,245.0,,1981.557,0.0,46.0,199.0,65.298,,,0.1878,0.8122,,True,completed
416,pkw,611.0,836.0,225.0,,1824.591,3.0,9.0,216.0,33.704,,,0.04,0.96,,True,completed
299,pkw,482.0,837.0,355.0,,2025.753,37.0,114.0,241.0,162.921,,,0.3211,0.6789,,True,completed
426,pkw,615.0,839.0,224.0,,2042.567,0.0,13.0,211.0,38.697,,,0.058,0.942,,True,completed
451,pkw,628.0,840.0,212.0,,1946.303,0.0,7.0,205.0,33.933,,,0.033,0.967,,True,completed
449,pkw,627.0,843.0,216.0,,1978.225,0.0,14.0,202.0,36.276,,,0.0648,0.9352,,True,completed
403,pkw,603.0,844.0,241.0,,2036.237,0.0,6.0,235.0,37.336,,,0.0249,0.9751,,True,completed
506,pkw,668.0,844.0,176.0,,1702.606,7.0,7.0,169.0,20.618,,,0.0398,0.9602,,True,completed
622,pkw,748.0,844.0,96.0,,958.861,0.0,0.0,96.0,7.43,,,0.0,1.0,,True,completed
442,pkw,624.0,846.0,222.0,,1819.49,23.0,28.0,194.0,56.245,,,0.1261,0.8739,,True,completed
438,pkw,621.0,849.0,228.0,,1964.708,1.0,6.0,222.0,37.504,,,0.0263,0.9737,,True,completed
459,pkw,633.0,853.0,220.0,,1532.802,20.0,52.0,168.0,80.62,,,0.2364,0.7636,,True,completed
613,pkw,742.0,853.0,111.0,,1149.409,0.0,0.0,111.0,6.24,,,0.0,1.0,,True,completed
574,pkw,718.0,855.0,137.0,,888.379,27.0,27.0,110.0,45.574,,,0.1971,0.8029,,True,completed
652,pkw,770.0,855.0,85.0,,746.75,0.0,0.0,85.0,15.897,,,0.0,1.0,,True,completed
522,pkw,684.0,856.0,172.0,,1325.097,24.0,24.0,148.0,40.37,,,0.1395,0.8605,,True,completed
342,pkw,535.0,858.0,323.0,,1946.82,22.0,102.0,221.0,143.839,,,0.3158,0.6842,,True,completed
553,pkw,703.0,858.0,155.0,,1330.763,8.0,9.0,146.0,29.414,,,0.0581,0.9419,,True,completed
479,pkw,648.0,860.0,212.0,,1443.292,26.0,55.0,157.0,80.822,,,0.2594,0.7406,,True,completed
618,pkw,745.0,860.0,115.0,,986.807,0.0,0.0,115.0,11.984,,,0.0,1.0,,True,completed
683,pkw,791.0,860.0,69.0,,590.228,9.0,9.0,60.0,14.879,,,0.1304,0.8696,,True,completed
230,pkw,396.0,862.0,466.0,,2902.175,73.0,108.0,358.0,160.196,,,0.2318,0.7682,,True,completed
365,pkw,556.0,863.0,307.0,,2521.29,7.0,39.0,268.0,73.334,,,0.127,0.873,,True,completed
380,pkw,577.0,867.0,290.0,,2087.132,8.0,48.0,242.0,80.473,,,0.1655,0.8345,,True,completed
617,pkw,744.0,867.0,123.0,,1161.264,0.0,0.0,123.0,9.439,,,0.0,1.0,,True,completed
542,pkw,695.0,871.0,176.0,,1479.913,6.0,15.0,161.0,37.555,,,0.0852,0.9148,,True,completed
455,pkw,632.0,872.0,240.0,,980.348,35.0,101.0,139.0,131.155,,,0.4208,0.5792,,True,completed
439,pkw,621.0,873.0,252.0,,1966.895,57.0,57.0,195.0,73.285,,,0.2262,0.7738,,True,completed
330,pkw,515.0,876.0,361.0,,3490.519,0.0,15.0,346.0,44.293,,,0.0416,0.9584,,True,completed
473,pkw,642.0,876.0,234.0,,2065.599,15.0,15.0,219.0,46.951,,,0.0641,0.9359,,True,completed
417,pkw,612.0,878.0,266.0,,1965.176,57.0,58.0,208.0,86.583,,,0.218,0.782,,True,completed
644,pkw,765.0,879.0,114.0,,1011.246,7.0,7.0,107.0,18.96,,,0.0614,0.9386,,True,completed
376,pkw,573.0,881.0,308.0,,1563.591,43.0,127.0,181.0,165.912,,,0.4123,0.5877,,True,completed
503,pkw,667.0,883.0,216.0,,1819.857,10.0,15.0,201.0,45.996,,,0.0694,0.9306,,True,completed
240,pkw,412.0,884.0,472.0,,2482.815,17.0,208.0,264.0,246.42,,,0.4407,0.5593,,True,completed
363,pkw,558.0,884.0,326.0,,2448.616,4.0,66.0,260.0,102.965,,,0.2025,0.7975,,True,completed
470,pkw,639.0,884.0,245.0,,2220.602,0.0,0.0,245.0,29.67,,,0.0,1.0,,True,completed
592,pkw,730.0,886.0,156.0,,1372.64,7.0,14.0,142.0,30.655,,,0.0897,0.9103,,True,completed
516,pkw,680.0,888.0,208.0,,1279.096,26.0,35.0,173.0,69.972,,,0.1683,0.8317,,True,completed
519,pkw,682.0,888.0,206.0,,1396.133,0.0,9.0,197.0,36.696,,,0.0437,0.9563,,True,completed
498,pkw,665.0,889.0,224.0,,2077.105,9.0,10.0,214.0,34.59,,,0.0446,0.9554,,True,completed
708,pkw,809.0,889.0,80.0,,534.325,17.0,17.0,63.0,29.93,,,0.2125,0.7875,,True,completed
413,pkw,609.0,890.0,281.0,,2130.21,0.0,2.0,279.0,44.661,,,0.0071,0.9929,,True,completed
686,pkw,793.0,891.0,98.0,,655.556,17.0,17.0,81.0,37.364,,,0.1735,0.8265,,True,completed
472,pkw,653.0,893.0,240.0,,2052.347,2.0,2.0,238.0,22.748,,,0.0083,0.9917,,True,completed
654,pkw,771.0,894.0,123.0,,407.574,60.0,60.0,63.0,80.288,,,0.4878,0.5122,,True,completed
554,pkw,706.0,898.0,192.0,,1418.354,14.0,21.0,171.0,62.372,,,0.1094,0.8906,,True,completed
616,pkw,744.0,898.0,154.0,,1264.656,5.0,9.0,145.0,37.855,,,0.0584,0.9416,,True,completed
484,pkw,651.0,900.0,249.0,,1819.198,2.0,50.0,199.0,76.121,,,0.2008,0.7992,,True,completed
505,pkw,668.0,900.0,232.0,,1831.033,10.0,21.0,211.0,65.603,,,0.0905,0.9095,,True,completed
487,pkw,655.0,902.0,247.0,,1724.433,20.0,47.0,200.0,90.37,,,0.1903,0.8097,,True,completed
564,pkw,711.0,902.0,191.0,,1143.525,19.0,37.0,154.0,81.948,,,0.1937,0.8063,,True,completed
458,pkw,633.0,903.0,270.0,,1554.634,49.0,89.0,181.0,128.813,,,0.3296,0.6704,,True,completed
671,pkw,782.0,903.0,121.0,,1145.2,2.0,2.0,119.0,16.465,,,0.0165,0.9835,,True,completed
528,pkw,687.0,904.0,217.0,,2200.056,0.0,1.0,216.0,17.404,,,0.0046,0.9954,,True,completed
401,pkw,602.0,905.0,303.0,,2395.366,10.0,37.0,266.0,76.522,,,0.1221,0.8779,,True,completed
520,pkw,682.0,907.0,225.0,,1957.82,8.0,12.0,213.0,45.193,,,0.0533,0.9467,,True,completed
567,pkw,714.0,907.0,193.0,,1843.341,2.0,2.0,191.0,21.885,,,0.0104,0.9896,,True,completed
667,pkw,781.0,907.0,126.0,,1057.436,0.0,0.0,126.0,12.504,,,0.0,1.0,,True,completed
419,pkw,613.0,909.0,296.0,,2726.468,2.0,27.0,269.0,48.683,,,0.0912,0.9088,,True,completed
478,pkw,645.0,909.0,264.0,,2371.907,0.0,20.0,244.0,43.375,,,0.0758,0.9242,,True,completed
742,pkw,830.0,909.0,79.0,,729.16,3.0,3.0,76.0,12.375,,,0.038,0.962,,True,completed
568,pkw,714.0,912.0,198.0,,1771.29,8.0,10.0,188.0,32.08,,,0.0505,0.9495,,True,completed
647,pkw,767.0,913.0,146.0,,1432.969,0.0,0.0,146.0,15.058,,,0.0,1.0,,True,completed
402,pkw,603.0,915.0,312.0,,2183.289,14.0,45.0,267.0,109.967,,,0.1442,0.8558,,True,completed
758,pkw,843.0,915.0,72.0,,685.847,0.0,0.0,72.0,5.261,,,0.0,1.0,,True,completed
359,pkw,550.0,918.0,368.0,,2539.59,4.0,33.0,335.0,82.524,,,0.0897,0.9103,,True,completed
452,pkw,630.0,918.0,288.0,,2612.84,0.0,17.0,271.0,49.272,,,0.059,0.941,,True,completed
488,pkw,656.0,918.0,262.0,,1627.768,1.0,61.0,201.0,100.046,,,0.2328,0.7672,,True,completed
780,pkw,856.0,918.0,62.0,,640.645,0.0,0.0,62.0,3.001,,,0.0,1.0,,True,completed
425,pkw,615.0,919.0,304.0,,2192.434,6.0,53.0,251.0,86.186,,,0.1743,0.8257,,True,completed
759,pkw,844.0,919.0,75.0,,629.155,9.0,9.0,66.0,17.375,,,0.12,0.88,,True,completed
463,pkw,636.0,920.0,284.0,,2343.88,0.0,13.0,271.0,45.698,,,0.0458,0.9542,,True,completed
524,pkw,684.0,920.0,236.0,,1873.158,1.0,16.0,220.0,52.278,,,0.0678,0.9322,,True,completed
529,pkw,687.0,920.0,233.0,,1507.688,0.0,44.0,189.0,83.813,,,0.1888,0.8112,,True,completed
440,pkw,622.0,923.0,301.0,,2139.739,20.0,45.0,256.0,100.647,,,0.1495,0.8505,,True,completed
802,pkw,880.0,923.0,43.0,,444.101,0.0,0.0,43.0,2.031,,,0.0,1.0,,True,completed
371,pkw,564.0,924.0,360.0,,2215.005,25.0,109.0,251.0,156.228,,,0.3028,0.6972,,True,completed
446,pkw,625.0,927.0,302.0,,2463.56,12.0,26.0,276.0,77.4,,,0.0861,0.9139,,True,completed
373,pkw,566.0,928.0,362.0,,2927.273,14.0,29.0,333.0,94.931,,,0.0801,0.9199,,True,completed
530,pkw,689.0,928.0,239.0,,2318.967,0.0,4.0,235.0,28.308,,,0.0167,0.9833,,True,completed
421,pkw,613.0,929.0,316.0,,2107.796,32.0,74.0,242.0,123.686,,,0.2342,0.7658,,True,completed
788,pkw,862.0,930.0,68.0,,663.037,0.0,0.0,68.0,3.9,,,0.0,1.0,,True,completed
673,pkw,783.0,932.0,149.0,,1520.225,0.0,0.0,149.0,8.677,,,0.0,1.0,,True,completed
563,pkw,710.0,935.0,225.0,,2212.534,0.0,10.0,215.0,24.074,,,0.0444,0.9556,,True,completed
578,pkw,722.0,936.0,214.0,,1621.572,14.0,14.0,200.0,37.016,,,0.0654,0.9346,,True,completed
597,pkw,736.0,939.0,203.0,,1463.398,33.0,58.0,145.0,70.293,,,0.2857,0.7143,,True,completed
637,pkw,755.0,939.0,184.0,,1024.176,51.0,52.0,132.0,89.6,,,0.2826,0.7174,,True,completed
377,pkw,573.0,940.0,367.0,,2561.857,16.0,60.0,307.0,133.844,,,0.1635,0.8365,,True,completed
569,pkw,715.0,941.0,226.0,,1644.959,17.0,19.0,207.0,73.324,,,0.0841,0.9159,,True,completed
621,pkw,748.0,943.0,195.0,,1651.882,13.0,13.0,182.0,36.995,,,0.0667,0.9333,,True,completed
748,pkw,834.0,943.0,109.0,,731.34,0.0,0.0,109.0,10.117,,,0.0,1.0,,True,completed
585,pkw,727.0,944.0,217.0,,1828.664,10.0,27.0,190.0,48.535,,,0.1244,0.8756,,True,completed
731,pkw,823.0,944.0,121.0,,1125.204,0.0,0.0,121.0,16.847,,,0.0,1.0,,True,completed
543,pkw,696.0,948.0,252.0,,1694.508,18.0,57.0,195.0,97.426,,,0.2262,0.7738,,True,completed
448,pkw,627.0,949.0,322.0,,2655.832,7.0,25.0,297.0,80.578,,,0.0776,0.9224,,True,completed
547,pkw,700.0,949.0,249.0,,1635.938,1.0,35.0,214.0,88.221,,,0.1406,0.8594,,True,completed
690,pkw,796.0,949.0,153.0,,1487.484,1.0,1.0,152.0,15.948,,,0.0065,0.9935,,True,completed
246,pkw,433.0,951.0,518.0,,1952.869,10.0,310.0,208.0,343.089,,,0.5985,0.4015,,True,completed
633,pkw,753.0,957.0,204.0,,1641.477,2.0,34.0,170.0,55.232,,,0.1667,0.8333,,True,completed
634,pkw,754.0,957.0,203.0,,1305.147,25.0,48.0,155.0,79.366,,,0.2365,0.7635,,True,completed
684,pkw,792.0,957.0,165.0,,1396.755,20.0,20.0,145.0,36.588,,,0.1212,0.8788,,True,completed
420,pkw,613.0,959.0,346.0,,2286.672,2.0,78.0,268.0,134.598,,,0.2254,0.7746,,True,completed
695,pkw,802.0,960.0,158.0,,1477.916,0.0,3.0,155.0,22.533,,,0.019,0.981,,True,completed
531,pkw,690.0,961.0,271.0,,2144.414,0.0,30.0,241.0,55.979,,,0.1107,0.8893,,True,completed
680,pkw,791.0,961.0,170.0,,1388.303,0.0,0.0,170.0,18.07,,,0.0,1.0,,True,completed
176,pkw,320.0,962.0,642.0,,2511.325,17.0,380.0,262.0,406.679,,,0.5919,0.4081,,True,completed
477,pkw,643.0,962.0,319.0,,2847.247,4.0,27.0,292.0,57.523,,,0.0846,0.9154,,True,completed
583,pkw,724.0,962.0,238.0,,2147.673,0.0,1.0,237.0,23.999,,,0.0042,0.9958,,True,completed
626,pkw,749.0,963.0,214.0,,1760.861,0.0,0.0,214.0,22.524,,,0.0,1.0,,True,completed
546,pkw,698.0,964.0,266.0,,2089.277,1.0,7.0,259.0,34.902,,,0.0263,0.9737,,True,completed
846,pkw,906.0,966.0,60.0,,611.325,0.0,0.0,60.0,3.98,,,0.0,1.0,,True,completed
620,pkw,747.0,967.0,220.0,,1828.739,0.0,0.0,220.0,18.146,,,0.0,1.0,,True,completed
794,pkw,869.0,967.0,98.0,,897.372,6.0,6.0,92.0,15.584,,,0.0612,0.9388,,True,completed
495,pkw,662.0,968.0,306.0,,1841.41,27.0,75.0,231.0,130.515,,,0.2451,0.7549,,True,completed
821,pkw,891.0,972.0,81.0,,764.832,0.0,0.0,81.0,9.706,,,0.0,1.0,,True,completed
710,pkw,809.0,973.0,164.0,,1376.205,17.0,17.0,147.0,37.545,,,0.1037,0.8963,,True,completed
386,pkw,587.0,975.0,388.0,,1967.63,50.0,118.0,270.0,179.191,,,0.3041,0.6959,,True,completed
432,pkw,619.0,975.0,356.0,,2614.286,0.0,56.0,300.0,104.434,,,0.1573,0.8427,,True,completed
461,pkw,635.0,976.0,341.0,,2613.647,33.0,46.0,295.0,83.204,,,0.1349,0.8651,,True,completed
512,pkw,675.0,977.0,302.0,,2200.066,0.0,42.0,260.0,87.001,,,0.1391,0.8609,,True,completed
609,pkw,740.0,977.0,237.0,,1585.564,10.0,68.0,169.0,93.298,,,0.2869,0.7131,,True,completed
818,pkw,891.0,978.0,87.0,,675.804,9.0,9.0,78.0,21.95,,,0.1034,0.8966,,True,completed
625,pkw,751.0,980.0,229.0,,1742.17,32.0,32.0,197.0,59.195,,,0.1397,0.8603,,True,completed
656,pkw,772.0,982.0,210.0,,1916.241,3.0,4.0,206.0,35.777,,,0.019,0.981,,True,completed
754,pkw,840.0,982.0,142.0,,1232.871,5.0,14.0,128.0,28.796,,,0.0986,0.9014,,True,completed
641,pkw,762.0,983.0,221.0,,2218.965,0.0,0.0,221.0,15.108,,,0.0,1.0,,True,completed
682,pkw,791.0,984.0,193.0,,1743.323,13.0,13.0,180.0,33.259,,,0.0674,0.9326,,True,completed
849,pkw,909.0,987.0,78.0,,734.586,0.0,0.0,78.0,9.907,,,0.0,1.0,,True,completed
854,pkw,912.0,991.0,79.0,,788.627,0.0,0.0,79.0,6.094,,,0.0,1.0,,True,completed
724,pkw,816.0,992.0,176.0,,1529.128,4.0,10.0,166.0,34.436,,,0.0568,0.9432,,True,completed
756,pkw,841.0,994.0,153.0,,1323.308,2.0,2.0,151.0,28.0,,,0.0131,0.9869,,True,completed
590,pkw,730.0,995.0,265.0,,1829.489,16.0,71.0,194.0,98.967,,,0.2679,0.7321,,True,completed
581,pkw,723.0,996.0,273.0,,1627.352,0.0,58.0,215.0,121.347,,,0.2125,0.7875,,True,completed
544,pkw,697.0,997.0,300.0,,2144.344,56.0,82.0,218.0,104.191,,,0.2733,0.7267,,True,completed
577,pkw,721.0,997.0,276.0,,2000.946,22.0,47.0,229.0,94.222,,,0.1703,0.8297,,True,completed
643,pkw,765.0,999.0,234.0,,1624.199,16.0,24.0,210.0,69.036,,,0.1026,0.8974,,True,completed
801,pkw,879.0,999.0,120.0,,970.278,16.0,16.0,104.0,25.721,,,0.1333,0.8667,,True,completed
884,pkw,926.0,999.0,73.0,,594.934,7.0,7.0,66.0,17.536,,,0.0959,0.9041,,True,completed
601,pkw,736.0,1000.0,264.0,,2496.985,0.0,6.0,258.0,36.311,,,0.0227,0.9773,,True,completed
551,pkw,702.0,1002.0,300.0,,2330.576,46.0,54.0,246.0,85.545,,,0.18,0.82,,True,completed
808,pkw,884.0,1003.0,119.0,,976.156,8.0,8.0,111.0,23.127,,,0.0672,0.9328,,True,completed
870,pkw,920.0,1003.0,83.0,,732.676,9.0,10.0,73.0,15.911,,,0.1205,0.8795,,True,completed
659,pkw,773.0,1004.0,231.0,,1056.713,23.0,46.0,185.0,117.159,,,0.1991,0.8009,,True,completed
587,pkw,728.0,1005.0,277.0,,2560.805,0.0,17.0,260.0,38.81,,,0.0614,0.9386,,True,completed
819,pkw,891.0,1006.0,115.0,,1096.362,0.0,0.0,115.0,7.398,,,0.0,1.0,,True,completed
727,pkw,818.0,1007.0,189.0,,1686.478,4.0,4.0,185.0,34.974,,,0.0212,0.9788,,True,completed
687,pkw,795.0,1009.0,214.0,,1900.256,13.0,14.0,200.0,33.298,,,0.0654,0.9346,,True,completed
750,pkw,837.0,1009.0,172.0,,1496.039,7.0,7.0,165.0,24.385,,,0.0407,0.9593,,True,completed
904,pkw,936.0,1009.0,73.0,,683.06,0.0,0.0,73.0,7.416,,,0.0,1.0,,True,completed
901,pkw,935.0,1011.0,76.0,,660.817,4.0,4.0,72.0,14.663,,,0.0526,0.9474,,True,completed
717,pkw,812.0,1012.0,200.0,,1575.825,0.0,19.0,181.0,41.022,,,0.095,0.905,,True,completed
800,pkw,878.0,1012.0,134.0,,1183.069,0.0,4.0,130.0,18.425,,,0.0299,0.9701,,True,completed
936,pkw,956.0,1013.0,57.0,,505.899,0.0,0.0,57.0,9.51,,,0.0,1.0,,True,completed
842,pkw,904.0,1014.0,110.0,,1111.081,0.0,0.0,110.0,9.002,,,0.0,1.0,,True,completed
675,pkw,783.0,1015.0,232.0,,1276.846,21.0,44.0,188.0,109.952,,,0.1897,0.8103,,True,completed
694,pkw,801.0,1015.0,214.0,,2048.284,2.0,6.0,208.0,27.672,,,0.028,0.972,,True,completed
790,pkw,865.0,1015.0,150.0,,1354.43,9.0,9.0,141.0,25.988,,,0.06,0.94,,True,completed
824,pkw,894.0,1015.0,121.0,,1065.206,0.0,0.0,121.0,12.73,,,0.0,1.0,,True,completed
486,pkw,652.0,1017.0,365.0,,3085.959,0.0,22.0,343.0,71.835,,,0.0603,0.9397,,True,completed
735,pkw,824.0,1017.0,193.0,,1579.937,7.0,17.0,176.0,37.453,,,0.0881,0.9119,,True,completed
535,pkw,691.0,1023.0,332.0,,2301.539,8.0,44.0,288.0,103.832,,,0.1325,0.8675,,True,completed
927,pkw,949.0,1029.0,80.0,,836.231,0.0,0.0,80.0,3.517,,,0.0,1.0,,True,completed
241,pkw,414.0,1030.0,616.0,,1996.392,80.0,374.0,242.0,419.727,,,0.6071,0.3929,,True,completed
967,pkw,974.0,1031.0,57.0,,374.549,0.0,0.0,57.0,13.089,,,0.0,1.0,,True,completed
632,pkw,753.0,1032.0,279.0,,2100.078,1.0,22.0,257.0,87.517,,,0.0789,0.9211,,True,completed
670,pkw,781.0,1034.0,253.0,,2338.09,1.0,4.0,249.0,35.407,,,0.0158,0.9842,,True,completed
770,pkw,850.0,1035.0,185.0,,1614.067,0.0,0.0,185.0,22.019,,,0.0,1.0,,True,completed
594,pkw,734.0,1037.0,303.0,,2192.538,6.0,24.0,279.0,90.804,,,0.0792,0.9208,,True,completed
638,pkw,756.0,1037.0,281.0,,2493.246,16.0,22.0,259.0,47.302,,,0.0783,0.9217,,True,completed
665,pkw,780.0,1037.0,257.0,,2240.544,11.0,14.0,243.0,52.022,,,0.0545,0.9455,,True,completed
691,pkw,798.0,1037.0,239.0,,2192.466,1.0,5.0,234.0,38.876,,,0.0209,0.9791,,True,completed
985,pkw,987.0,1039.0,52.0,,546.044,0.0,0.0,52.0,1.856,,,0.0,1.0,,True,completed
226,pkw,391.0,1040.0,649.0,,2265.605,91.0,392.0,257.0,443.106,,,0.604,0.396,,True,completed
832,pkw,901.0,1040.0,139.0,,1260.779,7.0,7.0,132.0,23.116,,,0.0504,0.9496,,True,completed
925,pkw,949.0,1040.0,91.0,,813.252,2.0,3.0,88.0,9.279,,,0.033,0.967,,True,completed
945,pkw,959.0,1040.0,81.0,,662.373,2.0,2.0,79.0,14.279,,,0.0247,0.9753,,True,completed
261,pkw,440.0,1041.0,601.0,,1830.388,88.0,363.0,238.0,419.018,,,0.604,0.396,,True,completed
565,pkw,712.0,1042.0,330.0,,2499.19,2.0,40.0,290.0,100.778,,,0.1212,0.8788,,True,completed
714,pkw,811.0,1042.0,231.0,,1698.796,37.0,44.0,187.0,74.728,,,0.1905,0.8095,,True,completed
768,pkw,849.0,1042.0,193.0,,1547.857,5.0,8.0,185.0,34.929,,,0.0415,0.9585,,True,completed
669,pkw,781.0,1043.0,262.0,,1416.985,70.0,93.0,169.0,131.269,,,0.355,0.645,,True,completed
696,pkw,802.0,1043.0,241.0,,1882.952,13.0,22.0,219.0,64.521,,,0.0913,0.9087,,True,completed
736,pkw,825.0,1043.0,218.0,,1765.848,16.0,24.0,194.0,57.249,,,0.1101,0.8899,,True,completed
777,pkw,856.0,1044.0,188.0,,1777.936,0.0,0.0,188.0,13.161,,,0.0,1.0,,True,completed
856,pkw,913.0,1045.0,132.0,,1390.009,0.0,0.0,132.0,5.898,,,0.0,1.0,,True,completed
865,pkw,918.0,1045.0,127.0,,1186.82,6.0,6.0,121.0,18.196,,,0.0472,0.9528,,True,completed
914,pkw,943.0,1047.0,104.0,,1071.626,0.0,0.0,104.0,5.955,,,0.0,1.0,,True,completed
685,pkw,793.0,1050.0,257.0,,2603.188,1.0,1.0,256.0,21.301,,,0.0039,0.9961,,True,completed
957,pkw,966.0,1050.0,84.0,,730.115,8.0,8.0,76.0,17.289,,,0.0952,0.9048,,True,completed
653,pkw,771.0,1051.0,280.0,,1887.54,67.0,72.0,208.0,106.518,,,0.2571,0.7429,,True,completed
896,pkw,934.0,1056.0,122.0,,993.541,1.0,1.0,121.0,14.726,,,0.0082,0.9918,,True,completed
700,pkw,805.0,1057.0,252.0,,2259.655,11.0,15.0,237.0,45.936,,,0.0595,0.9405,,True,completed
734,pkw,824.0,1058.0,234.0,,2338.162,0.0,4.0,230.0,21.644,,,0.0171,0.9829,,True,completed
764,pkw,846.0,1058.0,212.0,,2117.703,1.0,2.0,210.0,19.344,,,0.0094,0.9906,,True,completed
572,pkw,717.0,1059.0,342.0,,2958.946,0.0,27.0,315.0,66.552,,,0.0789,0.9211,,True,completed
586,pkw,728.0,1059.0,331.0,,2550.62,0.0,31.0,300.0,94.263,,,0.0937,0.9063,,True,completed
513,pkw,676.0,1061.0,385.0,,2775.523,7.0,65.0,320.0,116.47,,,0.1688,0.8312,,True,completed
786,pkw,861.0,1065.0,204.0,,1491.817,5.0,40.0,164.0,62.95,,,0.1961,0.8039,,True,completed
517,pkw,681.0,1068.0,387.0,,2695.44,55.0,85.0,302.0,139.842,,,0.2196,0.7804,,True,completed
722,pkw,817.0,1068.0,251.0,,1823.762,12.0,14.0,237.0,48.552,,,0.0558,0.9442,,True,completed
751,pkw,839.0,1068.0,229.0,,1906.657,39.0,39.0,190.0,54.453,,,0.1703,0.8297,,True,completed
760,pkw,844.0,1068.0,224.0,,1704.21,14.0,35.0,189.0,67.638,,,0.1562,0.8438,,True,completed
600,pkw,736.0,1069.0,333.0,,2394.6,0.0,31.0,302.0,101.589,,,0.0931,0.9069,,True,completed
640,pkw,758.0,1070.0,312.0,,1795.848,80.0,103.0,209.0,136.177,,,0.3301,0.6699,,True,completed
674,pkw,783.0,1070.0,287.0,,2439.969,0.0,19.0,268.0,48.032,,,0.0662,0.9338,,True,completed
836,pkw,902.0,1070.0,168.0,,1411.259,5.0,22.0,146.0,39.518,,,0.131,0.869,,True,completed
326,pkw,512.0,1072.0,560.0,,2339.104,65.0,293.0,267.0,345.497,,,0.5232,0.4768,,True,completed
584,pkw,726.0,1072.0,346.0,,2689.074,0.0,33.0,313.0,101.918,,,0.0954,0.9046,,True,completed
783,pkw,859.0,1072.0,213.0,,1830.507,6.0,6.0,207.0,27.377,,,0.0282,0.9718,,True,completed
895,pkw,933.0,1073.0,140.0,,1115.591,21.0,21.0,119.0,34.42,,,0.15,0.85,,True,completed
908,pkw,939.0,1073.0,134.0,,858.522,17.0,29.0,105.0,55.198,,,0.2164,0.7836,,True,completed
1013,pkw,1001.0,1074.0,73.0,,605.751,5.0,5.0,68.0,17.482,,,0.0685,0.9315,,True,completed
355,pkw,545.0,1074.0,529.0,,1902.24,64.0,295.0,234.0,347.166,,,0.5577,0.4423,,True,completed
973,pkw,980.0,1075.0,95.0,,926.656,0.0,0.0,95.0,9.23,,,0.0,1.0,,True,completed
729,pkw,824.0,1078.0,254.0,,1829.269,2.0,42.0,212.0,71.785,,,0.1654,0.8346,,True,completed
749,pkw,836.0,1078.0,242.0,,1574.469,29.0,63.0,179.0,97.503,,,0.2603,0.7397,,True,completed
926,pkw,949.0,1080.0,131.0,,1141.468,4.0,4.0,127.0,22.157,,,0.0305,0.9695,,True,completed
281,pkw,462.0,1081.0,619.0,,939.152,51.0,512.0,107.0,532.906,,,0.8271,0.1729,,True,completed
871,pkw,920.0,1082.0,162.0,,1410.947,0.0,0.0,162.0,25.281,,,0.0,1.0,,True,completed
715,pkw,811.0,1084.0,273.0,,1793.367,54.0,69.0,204.0,102.097,,,0.2527,0.7473,,True,completed
912,pkw,942.0,1084.0,142.0,,1237.198,4.0,4.0,138.0,28.508,,,0.0282,0.9718,,True,completed
789,pkw,863.0,1086.0,223.0,,1467.454,23.0,58.0,165.0,84.62,,,0.2601,0.7399,,True,completed
814,pkw,890.0,1086.0,196.0,,1174.539,28.0,64.0,132.0,88.051,,,0.3265,0.6735,,True,completed
1044,pkw,1017.0,1087.0,70.0,,665.832,1.0,1.0,69.0,9.075,,,0.0143,0.9857,,True,completed
263,pkw,443.0,1087.0,644.0,,2010.685,49.0,388.0,256.0,454.549,,,0.6025,0.3975,,True,completed
382,pkw,581.0,1087.0,506.0,,2365.412,64.0,236.0,270.0,290.374,,,0.4664,0.5336,,True,completed
1014,pkw,1002.0,1088.0,86.0,,747.057,7.0,7.0,79.0,17.764,,,0.0814,0.9186,,True,completed
378,pkw,583.0,1088.0,505.0,,2283.198,49.0,225.0,280.0,295.753,,,0.4455,0.5545,,True,completed
852,pkw,910.0,1088.0,178.0,,1682.199,2.0,2.0,176.0,19.764,,,0.0112,0.9888,,True,completed
623,pkw,748.0,1090.0,342.0,,2770.188,2.0,20.0,322.0,86.137,,,0.0585,0.9415,,True,completed
1001,pkw,996.0,1091.0,95.0,,747.762,4.0,4.0,91.0,19.523,,,0.0421,0.9579,,True,completed
941,pkw,958.0,1091.0,133.0,,1338.906,0.0,0.0,133.0,8.23,,,0.0,1.0,,True,completed
1005,pkw,998.0,1092.0,94.0,,872.182,1.0,1.0,93.0,13.772,,,0.0106,0.9894,,True,completed
744,pkw,831.0,1093.0,262.0,,1504.369,31.0,88.0,174.0,117.101,,,0.3359,0.6641,,True,completed
1064,pkw,1029.0,1094.0,65.0,,670.572,0.0,0.0,65.0,3.648,,,0.0,1.0,,True,completed
541,pkw,693.0,1094.0,401.0,,1909.08,44.0,155.0,246.0,219.253,,,0.3865,0.6135,,True,completed
549,pkw,700.0,1094.0,394.0,,1672.643,46.0,170.0,224.0,233.62,,,0.4315,0.5685,,True,completed
829,pkw,899.0,1094.0,195.0,,1866.902,0.0,0.0,195.0,16.144,,,0.0,1.0,,True,completed
834,pkw,902.0,1094.0,192.0,,1863.518,0.0,3.0,189.0,21.135,,,0.0156,0.9844,,True,completed
466,pkw,638.0,1096.0,458.0,,1703.954,57.0,236.0,222.0,287.399,,,0.5153,0.4847,,True,completed
709,pkw,809.0,1096.0,287.0,,1882.525,28.0,32.0,255.0,70.186,,,0.1115,0.8885,,True,completed
1049,pkw,1021.0,1097.0,76.0,,545.409,18.0,18.0,58.0,25.552,,,0.2368,0.7632,,True,completed
955,pkw,965.0,1097.0,132.0,,953.647,5.0,5.0,127.0,19.36,,,0.0379,0.9621,,True,completed
679,pkw,789.0,1099.0,310.0,,2285.402,12.0,44.0,266.0,95.677,,,0.1419,0.8581,,True,completed
847,pkw,907.0,1099.0,192.0,,1697.355,14.0,14.0,178.0,36.574,,,0.0729,0.9271,,True,completed
1025,pkw,1010.0,1100.0,90.0,,732.644,5.0,5.0,85.0,19.384,,,0.0556,0.9444,,True,completed
384,pkw,584.0,1101.0,517.0,,2008.944,27.0,300.0,217.0,318.899,,,0.5803,0.4197,,True,completed
910,pkw,939.0,1101.0,162.0,,1652.763,0.0,0.0,162.0,10.391,,,0.0,1.0,,True,completed
1117,pkw,1051.0,1102.0,51.0,,439.06,1.0,1.0,50.0,10.418,,,0.0196,0.9804,,True,completed
823,pkw,894.0,1104.0,210.0,,1623.267,0.0,36.0,174.0,51.862,,,0.1714,0.8286,,True,completed
650,pkw,769.0,1105.0,336.0,,2245.083,0.0,51.0,285.0,117.326,,,0.1518,0.8482,,True,completed
986,pkw,987.0,1105.0,118.0,,1121.32,0.0,1.0,117.0,15.474,,,0.0085,0.9915,,True,completed
1102,pkw,1045.0,1106.0,61.0,,635.462,0.0,0.0,61.0,2.808,,,0.0,1.0,,True,completed
441,pkw,622.0,1107.0,485.0,,2428.086,46.0,222.0,263.0,263.53,,,0.4577,0.5423,,True,completed
1185,pkw,1088.0,1108.0,20.0,,151.92,0.0,0.0,20.0,5.327,,,0.0,1.0,,True,completed
662,pkw,776.0,1108.0,332.0,,1646.158,59.0,130.0,202.0,181.118,,,0.3916,0.6084,,True,completed
775,pkw,854.0,1110.0,256.0,,2136.572,0.0,0.0,256.0,19.967,,,0.0,1.0,,True,completed
1050,pkw,1022.0,1111.0,89.0,,839.98,3.0,3.0,86.0,12.155,,,0.0337,0.9663,,True,completed
467,pkw,639.0,1112.0,473.0,,2054.026,70.0,204.0,269.0,262.929,,,0.4313,0.5687,,True,completed
697,pkw,803.0,1113.0,310.0,,1813.336,52.0,104.0,206.0,144.917,,,0.3355,0.6645,,True,completed
970,pkw,976.0,1114.0,138.0,,1452.517,0.0,0.0,138.0,6.268,,,0.0,1.0,,True,completed
447,pkw,625.0,1115.0,490.0,,2279.197,50.0,227.0,263.0,281.251,,,0.4633,0.5367,,True,completed
810,pkw,886.0,1115.0,229.0,,1092.389,54.0,54.0,175.0,84.882,,,0.2358,0.7642,,True,completed
257,pkw,437.0,1116.0,679.0,,2632.958,48.0,379.0,300.0,437.379,,,0.5582,0.4418,,True,completed
493,pkw,660.0,1116.0,456.0,,2241.151,49.0,202.0,254.0,251.512,,,0.443,0.557,,True,completed
681,pkw,791.0,1116.0,325.0,,2166.203,47.0,87.0,238.0,128.067,,,0.2677,0.7323,,True,completed
283,pkw,466.0,1118.0,652.0,,2568.661,17.0,355.0,297.0,412.711,,,0.5445,0.4555,,True,completed
362,pkw,555.0,1118.0,563.0,,2257.825,94.0,310.0,253.0,342.904,,,0.5506,0.4494,,True,completed
844,pkw,905.0,1118.0,213.0,,1680.681,26.0,29.0,184.0,56.744,,,0.1362,0.8638,,True,completed
803,pkw,881.0,1120.0,239.0,,1633.838,14.0,56.0,183.0,88.817,,,0.2343,0.7657,,True,completed
939,pkw,956.0,1120.0,164.0,,1576.645,0.0,2.0,162.0,17.198,,,0.0122,0.9878,,True,completed
497,pkw,664.0,1121.0,457.0,,1682.315,46.0,224.0,233.0,291.049,,,0.4902,0.5098,,True,completed
726,pkw,817.0,1121.0,304.0,,2505.375,19.0,32.0,272.0,67.343,,,0.1053,0.8947,,True,completed
1019,pkw,1006.0,1123.0,117.0,,1055.683,0.0,0.0,117.0,11.125,,,0.0,1.0,,True,completed
1029,pkw,1010.0,1125.0,115.0,,1083.013,0.0,0.0,115.0,16.528,,,0.0,1.0,,True,completed
820,pkw,891.0,1127.0,236.0,,1412.798,19.0,51.0,185.0,89.919,,,0.2161,0.7839,,True,completed
678,pkw,788.0,1129.0,341.0,,1643.684,61.0,135.0,206.0,189.871,,,0.3959,0.6041,,True,completed
866,pkw,919.0,1129.0,210.0,,1566.116,35.0,40.0,170.0,67.152,,,0.1905,0.8095,,True,completed
1059,pkw,1027.0,1130.0,103.0,,738.097,7.0,7.0,96.0,34.819,,,0.068,0.932,,True,completed
817,pkw,890.0,1131.0,241.0,,1430.887,60.0,77.0,164.0,110.556,,,0.3195,0.6805,,True,completed
891,pkw,932.0,1131.0,199.0,,1610.04,36.0,36.0,163.0,52.75,,,0.1809,0.8191,,True,completed
793,pkw,869.0,1132.0,263.0,,2338.051,6.0,15.0,248.0,46.363,,,0.057,0.943,,True,completed
812,pkw,887.0,1132.0,245.0,,2474.992,0.0,0.0,245.0,18.442,,,0.0,1.0,,True,completed
1111,pkw,1049.0,1134.0,85.0,,793.296,0.0,0.0,85.0,4.782,,,0.0,1.0,,True,completed
1118,pkw,1052.0,1134.0,82.0,,738.793,5.0,5.0,77.0,14.508,,,0.061,0.939,,True,completed
399,pkw,602.0,1134.0,532.0,,2560.235,19.0,230.0,302.0,298.059,,,0.4323,0.5677,,True,completed
548,pkw,700.0,1136.0,436.0,,1705.25,37.0,205.0,231.0,278.305,,,0.4702,0.5298,,True,completed
979,pkw,984.0,1136.0,152.0,,1331.908,5.0,5.0,147.0,24.146,,,0.0329,0.9671,,True,completed
1063,pkw,1029.0,1137.0,108.0,,943.397,0.0,0.0,108.0,12.208,,,0.0,1.0,,True,completed
998,pkw,993.0,1137.0,144.0,,694.718,48.0,48.0,96.0,77.885,,,0.3333,0.6667,,True,completed
1083,pkw,1038.0,1138.0,100.0,,667.824,24.0,24.0,76.0,38.652,,,0.24,0.76,,True,completed
805,pkw,881.0,1138.0,257.0,,1353.191,51.0,88.0,169.0,126.643,,,0.3424,0.6576,,True,completed
1058,pkw,1026.0,1140.0,114.0,,1112.311,0.0,0.0,114.0,10.22,,,0.0,1.0,,True,completed
1107,pkw,1048.0,1141.0,93.0,,754.251,9.0,9.0,84.0,22.11,,,0.0968,0.9032,,True,completed
635,pkw,754.0,1141.0,387.0,,3023.784,0.0,21.0,366.0,95.825,,,0.0543,0.9457,,True,completed
880,pkw,924.0,1141.0,217.0,,2057.241,4.0,4.0,213.0,30.263,,,0.0184,0.9816,,True,completed
883,pkw,925.0,1141.0,216.0,,1841.02,1.0,6.0,210.0,31.939,,,0.0278,0.9722,,True,completed
978,pkw,984.0,1141.0,157.0,,919.854,20.0,23.0,134.0,53.412,,,0.1465,0.8535,,True,completed
1065,pkw,1030.0,1142.0,112.0,,1116.332,0.0,0.0,112.0,6.0,,,0.0,1.0,,True,completed
953,pkw,965.0,1144.0,179.0,,1812.682,0.0,0.0,179.0,13.259,,,0.0,1.0,,True,completed
599,pkw,735.0,1145.0,410.0,,1633.106,97.0,240.0,170.0,261.969,,,0.5854,0.4146,,True,completed
663,pkw,786.0,1146.0,360.0,,2436.815,5.0,90.0,270.0,139.119,,,0.25,0.75,,True,completed
983,pkw,985.0,1146.0,161.0,,1269.839,5.0,13.0,148.0,44.664,,,0.0807,0.9193,,True,completed
514,pkw,678.0,1147.0,469.0,,2079.53,96.0,234.0,235.0,263.594,,,0.4989,0.5011,,True,completed
596,pkw,735.0,1147.0,412.0,,2894.913,48.0,60.0,352.0,118.946,,,0.1456,0.8544,,True,completed
434,pkw,619.0,1148.0,529.0,,2087.558,97.0,306.0,223.0,337.219,,,0.5784,0.4216,,True,completed
677,pkw,787.0,1148.0,361.0,,1889.939,64.0,80.0,281.0,132.885,,,0.2216,0.7784,,True,completed
661,pkw,775.0,1149.0,374.0,,1326.526,95.0,214.0,160.0,240.525,,,0.5722,0.4278,,True,completed
631,pkw,752.0,1151.0,399.0,,2092.722,94.0,191.0,208.0,209.159,,,0.4787,0.5213,,True,completed
639,pkw,756.0,1151.0,395.0,,1963.308,64.0,145.0,250.0,214.125,,,0.3671,0.6329,,True,completed
1193,pkw,1091.0,1152.0,61.0,,585.796,0.0,0.0,61.0,7.184,,,0.0,1.0,,True,completed
850,pkw,909.0,1153.0,244.0,,2342.882,0.0,0.0,244.0,22.346,,,0.0,1.0,,True,completed
962,pkw,969.0,1153.0,184.0,,1833.719,0.0,0.0,184.0,16.708,,,0.0,1.0,,True,completed
1094,pkw,1042.0,1154.0,112.0,,1148.581,0.0,0.0,112.0,6.755,,,0.0,1.0,,True,completed
1070,pkw,1030.0,1156.0,126.0,,1153.773,9.0,9.0,117.0,21.159,,,0.0714,0.9286,,True,completed
1139,pkw,1065.0,1157.0,92.0,,740.203,13.0,13.0,79.0,23.298,,,0.1413,0.8587,,True,completed
853,pkw,911.0,1158.0,247.0,,1824.462,0.0,26.0,221.0,52.399,,,0.1053,0.8947,,True,completed
778,pkw,856.0,1160.0,304.0,,1999.414,2.0,64.0,240.0,115.657,,,0.2105,0.7895,,True,completed
723,pkw,815.0,1161.0,346.0,,1685.805,1.0,87.0,259.0,154.023,,,0.2514,0.7486,,True,completed
1018,pkw,1006.0,1162.0,156.0,,1411.139,0.0,6.0,150.0,27.585,,,0.0385,0.9615,,True,completed
390,pkw,591.0,1163.0,572.0,,1865.623,10.0,350.0,222.0,402.171,,,0.6119,0.3881,,True,completed
1016,pkw,1003.0,1165.0,162.0,,1331.615,9.0,11.0,151.0,36.659,,,0.0679,0.9321,,True,completed
961,pkw,968.0,1167.0,199.0,,1561.306,28.0,35.0,164.0,57.069,,,0.1759,0.8241,,True,completed
603,pkw,738.0,1168.0,430.0,,1914.55,48.0,173.0,257.0,227.879,,,0.4023,0.5977,,True,completed
1192,pkw,1091.0,1169.0,78.0,,535.015,9.0,9.0,69.0,27.38,,,0.1154,0.8846,,True,completed
888,pkw,928.0,1169.0,241.0,,1942.303,0.0,14.0,227.0,60.999,,,0.0581,0.9419,,True,completed
1038,pkw,1015.0,1170.0,155.0,,1445.138,0.0,3.0,152.0,22.848,,,0.0194,0.9806,,True,completed
427,pkw,615.0,1170.0,555.0,,2510.824,59.0,308.0,247.0,328.122,,,0.555,0.445,,True,completed
996,pkw,991.0,1170.0,179.0,,1159.606,26.0,26.0,153.0,40.198,,,0.1453,0.8547,,True,completed
1074,pkw,1034.0,1172.0,138.0,,1058.016,5.0,5.0,133.0,27.216,,,0.0362,0.9638,,True,completed
725,pkw,816.0,1172.0,356.0,,2268.407,5.0,77.0,279.0,141.968,,,0.2163,0.7837,,True,completed
848,pkw,908.0,1172.0,264.0,,1763.944,25.0,45.0,219.0,95.076,,,0.1705,0.8295,,True,completed
929,pkw,951.0,1172.0,221.0,,1816.753,0.0,14.0,207.0,52.757,,,0.0633,0.9367,,True,completed
911,pkw,941.0,1173.0,232.0,,2220.532,0.0,4.0,228.0,26.911,,,0.0172,0.9828,,True,completed
1327,pkw,1162.0,1175.0,13.0,,127.946,0.0,0.0,13.0,0.485,,,0.0,1.0,,True,completed
879,pkw,924.0,1175.0,251.0,,2139.15,0.0,19.0,232.0,55.8,,,0.0757,0.9243,,True,completed
922,pkw,946.0,1175.0,229.0,,1839.241,14.0,18.0,211.0,57.856,,,0.0786,0.9214,,True,completed
573,pkw,717.0,1178.0,461.0,,3709.625,0.0,49.0,412.0,112.162,,,0.1063,0.8937,,True,completed
972,pkw,978.0,1178.0,200.0,,2023.784,1.0,1.0,199.0,16.718,,,0.005,0.995,,True,completed
928,pkw,950.0,1179.0,229.0,,2258.918,0.0,1.0,228.0,21.097,,,0.0044,0.9956,,True,completed
1109,pkw,1048.0,1180.0,132.0,,1390.571,0.0,0.0,132.0,5.847,,,0.0,1.0,,True,completed
480,pkw,649.0,1180.0,531.0,,1474.56,0.0,359.0,172.0,383.292,,,0.6761,0.3239,,True,completed
496,pkw,664.0,1180.0,516.0,,1865.522,0.0,292.0,224.0,344.001,,,0.5659,0.4341,,True,completed
873,pkw,921.0,1180.0,259.0,,2373.81,4.0,8.0,251.0,36.638,,,0.0309,0.9691,,True,completed
1071,pkw,1031.0,1181.0,150.0,,1409.799,0.0,4.0,146.0,21.329,,,0.0267,0.9733,,True,completed
894,pkw,933.0,1182.0,249.0,,1972.026,4.0,27.0,222.0,69.491,,,0.1084,0.8916,,True,completed
921,pkw,945.0,1182.0,237.0,,1044.219,36.0,84.0,153.0,139.03,,,0.3544,0.6456,,True,completed
960,pkw,968.0,1182.0,214.0,,1205.498,30.0,74.0,140.0,104.092,,,0.3458,0.6542,,True,completed
1146,pkw,1069.0,1183.0,114.0,,907.872,12.0,12.0,102.0,29.62,,,0.1053,0.8947,,True,completed
1099,pkw,1044.0,1184.0,140.0,,1262.717,7.0,7.0,133.0,23.94,,,0.05,0.95,,True,completed
987,pkw,989.0,1184.0,195.0,,1977.488,0.0,0.0,195.0,14.045,,,0.0,1.0,,True,completed
689,pkw,795.0,1185.0,390.0,,2587.027,3.0,66.0,324.0,131.764,,,0.1692,0.8308,,True,completed
762,pkw,845.0,1187.0,342.0,,2236.974,7.0,73.0,269.0,133.144,,,0.2135,0.7865,,True,completed
920,pkw,945.0,1188.0,243.0,,2192.392,9.0,9.0,234.0,42.467,,,0.037,0.963,,True,completed
977,pkw,982.0,1189.0,207.0,,1963.497,2.0,2.0,205.0,26.112,,,0.0097,0.9903,,True,completed
450,pkw,628.0,1190.0,562.0,,2016.762,0.0,318.0,244.0,377.811,,,0.5658,0.4342,,True,completed
705,pkw,807.0,1190.0,383.0,,2442.274,6.0,84.0,299.0,157.912,,,0.2193,0.7807,,True,completed
1218,pkw,1106.0,1191.0,85.0,,764.521,5.0,5.0,80.0,15.192,,,0.0588,0.9412,,True,completed
1043,pkw,1017.0,1193.0,176.0,,1537.57,0.0,5.0,171.0,30.878,,,0.0284,0.9716,,True,completed
719,pkw,812.0,1193.0,381.0,,1526.582,25.0,178.0,203.0,237.953,,,0.4672,0.5328,,True,completed
1128,pkw,1055.0,1196.0,141.0,,1091.179,10.0,14.0,127.0,38.572,,,0.0993,0.9007,,True,completed
1037,pkw,1014.0,1198.0,184.0,,1736.499,0.0,0.0,184.0,14.906,,,0.0,1.0,,True,completed
1096,pkw,1043.0,1200.0,157.0,,1404.953,14.0,14.0,143.0,28.226,,,0.0892,0.9108,,True,completed
1047,pkw,1019.0,1202.0,183.0,,1810.437,0.0,0.0,183.0,16.922,,,0.0,1.0,,True,completed
753,pkw,840.0,1202.0,362.0,,1559.452,43.0,160.0,202.0,215.385,,,0.442,0.558,,True,completed
791,pkw,866.0,1204.0,338.0,,1880.702,48.0,71.0,267.0,125.647,,,0.2101,0.7899,,True,completed
1076,pkw,1035.0,1205.0,170.0,,1523.301,0.0,4.0,166.0,18.975,,,0.0235,0.9765,,True,completed
1223,pkw,1108.0,1205.0,97.0,,871.946,5.0,5.0,92.0,17.109,,,0.0515,0.9485,,True,completed
1176,pkw,1082.0,1206.0,124.0,,1147.129,2.0,2.0,122.0,18.745,,,0.0161,0.9839,,True,completed
1055,pkw,1024.0,1207.0,183.0,,1833.911,0.0,0.0,183.0,15.464,,,0.0,1.0,,True,completed
1093,pkw,1042.0,1207.0,165.0,,1248.885,9.0,9.0,156.0,26.282,,,0.0545,0.9455,,True,completed
1321,pkw,1160.0,1209.0,49.0,,446.944,1.0,1.0,48.0,7.557,,,0.0204,0.9796,,True,completed
799,pkw,877.0,1209.0,332.0,,2090.708,7.0,66.0,266.0,123.636,,,0.1988,0.8012,,True,completed
1079,pkw,1036.0,1211.0,175.0,,1533.253,0.0,2.0,173.0,29.223,,,0.0114,0.9886,,True,completed
1296,pkw,1146.0,1212.0,66.0,,692.818,0.0,0.0,66.0,2.646,,,0.0,1.0,,True,completed
924,pkw,949.0,1213.0,264.0,,2437.838,0.0,26.0,238.0,42.832,,,0.0985,0.9015,,True,completed
1042,pkw,1016.0,1214.0,198.0,,2083.639,0.0,0.0,198.0,9.471,,,0.0,1.0,,True,completed
875,pkw,922.0,1215.0,293.0,,1694.148,29.0,76.0,217.0,133.063,,,0.2594,0.7406,,True,completed
1267,pkw,1130.0,1216.0,86.0,,723.573,7.0,7.0,79.0,19.878,,,0.0814,0.9186,,True,completed
445,pkw,625.0,1216.0,591.0,,1966.782,30.0,348.0,243.0,411.376,,,0.5888,0.4112,,True,completed
387,pkw,590.0,1218.0,628.0,,3015.398,28.0,326.0,302.0,354.841,,,0.5191,0.4809,,True,completed
974,pkw,980.0,1218.0,238.0,,1281.338,7.0,63.0,175.0,111.161,,,0.2647,0.7353,,True,completed
1175,pkw,1082.0,1219.0,137.0,,1148.54,2.0,2.0,135.0,21.079,,,0.0146,0.9854,,True,completed
862,pkw,915.0,1219.0,304.0,,2035.697,9.0,86.0,218.0,119.629,,,0.2829,0.7171,,True,completed
907,pkw,939.0,1219.0,280.0,,1714.417,7.0,70.0,210.0,108.354,,,0.25,0.75,,True,completed
959,pkw,967.0,1219.0,252.0,,1471.365,14.0,77.0,175.0,112.418,,,0.3056,0.6944,,True,completed
877,pkw,922.0,1222.0,300.0,,2573.54,0.0,22.0,278.0,57.472,,,0.0733,0.9267,,True,completed
1073,pkw,1032.0,1223.0,191.0,,1886.331,0.0,0.0,191.0,18.047,,,0.0,1.0,,True,completed
876,pkw,922.0,1223.0,301.0,,2146.907,21.0,50.0,251.0,98.656,,,0.1661,0.8339,,True,completed
932,pkw,954.0,1224.0,270.0,,1721.689,22.0,65.0,205.0,112.807,,,0.2407,0.7593,,True,completed
950,pkw,963.0,1224.0,261.0,,1973.031,12.0,46.0,215.0,81.672,,,0.1762,0.8238,,True,completed
1287,pkw,1143.0,1228.0,85.0,,684.086,0.0,0.0,85.0,19.614,,,0.0,1.0,,True,completed
1298,pkw,1147.0,1228.0,81.0,,671.326,8.0,8.0,73.0,19.58,,,0.0988,0.9012,,True,completed
444,pkw,624.0,1230.0,606.0,,2544.565,0.0,322.0,284.0,372.853,,,0.5314,0.4686,,True,completed
934,pkw,955.0,1230.0,275.0,,1723.72,12.0,78.0,197.0,118.046,,,0.2836,0.7164,,True,completed
1297,pkw,1146.0,1231.0,85.0,,506.749,0.0,0.0,85.0,8.715,,,0.0,1.0,,True,completed
861,pkw,915.0,1231.0,316.0,,2198.189,5.0,44.0,272.0,82.538,,,0.1392,0.8608,,True,completed
919,pkw,944.0,1231.0,287.0,,1996.087,26.0,50.0,237.0,105.522,,,0.1742,0.8258,,True,completed
1288,pkw,1144.0,1232.0,88.0,,637.31,12.0,12.0,76.0,29.641,,,0.1364,0.8636,,True,completed
827,pkw,897.0,1232.0,335.0,,2788.519,2.0,23.0,312.0,57.613,,,0.0687,0.9313,,True,completed
915,pkw,943.0,1232.0,289.0,,2431.802,6.0,40.0,249.0,68.646,,,0.1384,0.8616,,True,completed
1323,pkw,1173.0,1233.0,60.0,,575.975,0.0,0.0,60.0,7.162,,,0.0,1.0,,True,completed
624,pkw,748.0,1233.0,485.0,,2675.306,42.0,122.0,363.0,239.02,,,0.2515,0.7485,,True,completed
1032,pkw,1012.0,1234.0,222.0,,2158.407,5.0,5.0,217.0,25.802,,,0.0225,0.9775,,True,completed
1122,pkw,1053.0,1234.0,181.0,,1640.23,2.0,13.0,168.0,32.363,,,0.0718,0.9282,,True,completed
1256,pkw,1124.0,1234.0,110.0,,787.153,12.0,12.0,98.0,36.259,,,0.1091,0.8909,,True,completed
1003,pkw,998.0,1235.0,237.0,,2340.775,5.0,5.0,232.0,24.608,,,0.0211,0.9789,,True,completed
1181,pkw,1084.0,1235.0,151.0,,1484.416,0.0,2.0,149.0,15.234,,,0.0132,0.9868,,True,completed
1261,pkw,1126.0,1236.0,110.0,,799.982,5.0,5.0,105.0,24.163,,,0.0455,0.9545,,True,completed
1007,pkw,1000.0,1238.0,238.0,,1806.108,7.0,38.0,200.0,69.023,,,0.1597,0.8403,,True,completed
1328,pkw,1162.0,1238.0,76.0,,669.553,2.0,2.0,74.0,10.39,,,0.0263,0.9737,,True,completed
837,pkw,902.0,1240.0,338.0,,2245.027,0.0,29.0,309.0,75.102,,,0.0858,0.9142,,True,completed
720,pkw,813.0,1241.0,428.0,,1437.858,63.0,225.0,203.0,289.838,,,0.5257,0.4743,,True,completed
999,pkw,993.0,1242.0,249.0,,1537.023,0.0,75.0,174.0,109.508,,,0.3012,0.6988,,True,completed
688,pkw,795.0,1246.0,451.0,,2432.602,14.0,174.0,277.0,214.906,,,0.3858,0.6142,,True,completed
1320,pkw,1159.0,1248.0,89.0,,878.25,0.0,0.0,89.0,8.13,,,0.0,1.0,,True,completed
1031,pkw,1011.0,1249.0,238.0,,1132.91,21.0,83.0,155.0,125.174,,,0.3487,0.6513,,True,completed
1249,pkw,1122.0,1249.0,127.0,,703.891,25.0,28.0,99.0,52.195,,,0.2205,0.7795,,True,completed
1087,pkw,1039.0,1250.0,211.0,,1810.999,0.0,0.0,211.0,21.921,,,0.0,1.0,,True,completed
1419,pkw,1221.0,1250.0,29.0,,87.719,10.0,11.0,18.0,20.002,,,0.3793,0.6207,,True,completed
855,pkw,912.0,1250.0,338.0,,1971.358,43.0,87.0,251.0,155.441,,,0.2574,0.7426,,True,completed
1322,pkw,1160.0,1252.0,92.0,,693.692,13.0,13.0,79.0,26.959,,,0.1413,0.8587,,True,completed
773,pkw,851.0,1253.0,402.0,,1829.573,17.0,165.0,237.0,230.594,,,0.4104,0.5896,,True,completed
1194,pkw,1092.0,1257.0,165.0,,1394.735,15.0,15.0,150.0,36.832,,,0.0909,0.9091,,True,completed
1066,pkw,1030.0,1258.0,228.0,,1231.664,19.0,73.0,155.0,115.828,,,0.3202,0.6798,,True,completed
1418,pkw,1221.0,1258.0,37.0,,377.725,0.0,0.0,37.0,2.004,,,0.0,1.0,,True,completed
937,pkw,956.0,1258.0,302.0,,1634.962,14.0,85.0,217.0,131.131,,,0.2815,0.7185,,True,completed
1080,pkw,1036.0,1261.0,225.0,,1811.751,0.0,7.0,218.0,42.232,,,0.0311,0.9689,,True,completed
1378,pkw,1198.0,1261.0,63.0,,490.476,6.0,6.0,57.0,17.857,,,0.0952,0.9048,,True,completed
1416,pkw,1220.0,1262.0,42.0,,436.102,0.0,0.0,42.0,1.75,,,0.0,1.0,,True,completed
971,pkw,978.0,1262.0,284.0,,2030.203,0.0,67.0,217.0,99.853,,,0.2359,0.7641,,True,completed
1004,pkw,998.0,1263.0,265.0,,2090.464,0.0,2.0,263.0,34.734,,,0.0075,0.9925,,True,completed
1210,pkw,1102.0,1263.0,161.0,,1479.14,11.0,11.0,150.0,26.043,,,0.0683,0.9317,,True,completed
784,pkw,860.0,1264.0,404.0,,2215.512,33.0,115.0,289.0,201.332,,,0.2847,0.7153,,True,completed
1132,pkw,1058.0,1265.0,207.0,,1475.595,25.0,29.0,178.0,72.306,,,0.1401,0.8599,,True,completed
903,pkw,936.0,1266.0,330.0,,2119.58,1.0,74.0,256.0,103.116,,,0.2242,0.7758,,True,completed
981,pkw,984.0,1266.0,282.0,,1873.532,11.0,70.0,212.0,101.546,,,0.2482,0.7518,,True,completed
1143,pkw,1067.0,1267.0,200.0,,1883.092,3.0,3.0,197.0,28.141,,,0.015,0.985,,True,completed
1209,pkw,1102.0,1267.0,165.0,,1530.388,3.0,11.0,154.0,26.264,,,0.0667,0.9333,,True,completed
1311,pkw,1151.0,1267.0,116.0,,587.778,40.0,40.0,76.0,52.696,,,0.3448,0.6552,,True,completed
588,pkw,729.0,1267.0,538.0,,2744.177,29.0,197.0,341.0,286.69,,,0.3662,0.6338,,True,completed
1123,pkw,1054.0,1268.0,214.0,,1309.404,12.0,43.0,171.0,92.428,,,0.2009,0.7991,,True,completed
980,pkw,984.0,1268.0,284.0,,2618.46,12.0,21.0,263.0,45.66,,,0.0739,0.9261,,True,completed
964,pkw,970.0,1269.0,299.0,,2784.455,3.0,8.0,291.0,42.251,,,0.0268,0.9732,,True,completed
699,pkw,804.0,1270.0,466.0,,2221.91,11.0,171.0,295.0,261.847,,,0.367,0.633,,True,completed
1201,pkw,1096.0,1273.0,177.0,,1491.091,3.0,6.0,171.0,32.269,,,0.0339,0.9661,,True,completed
918,pkw,944.0,1274.0,330.0,,1795.718,49.0,101.0,229.0,159.44,,,0.3061,0.6939,,True,completed
989,pkw,990.0,1274.0,284.0,,1690.667,1.0,62.0,222.0,92.603,,,0.2183,0.7817,,True,completed
1227,pkw,1109.0,1276.0,167.0,,1377.47,14.0,14.0,153.0,40.637,,,0.0838,0.9162,,True,completed
557,pkw,708.0,1278.0,570.0,,2014.47,66.0,323.0,247.0,386.767,,,0.5667,0.4333,,True,completed
1168,pkw,1080.0,1280.0,200.0,,1083.062,21.0,49.0,151.0,100.831,,,0.245,0.755,,True,completed
1315,pkw,1156.0,1280.0,124.0,,1142.506,2.0,2.0,122.0,19.069,,,0.0161,0.9839,,True,completed
595,pkw,734.0,1281.0,547.0,,1865.601,71.0,314.0,233.0,377.063,,,0.574,0.426,,True,completed
933,pkw,954.0,1281.0,327.0,,2906.563,0.0,26.0,301.0,57.459,,,0.0795,0.9205,,True,completed
1017,pkw,1005.0,1283.0,278.0,,1967.538,3.0,45.0,233.0,78.436,,,0.1619,0.8381,,True,completed
1178,pkw,1083.0,1283.0,200.0,,1895.685,1.0,1.0,199.0,22.88,,,0.005,0.995,,True,completed
1085,pkw,1038.0,1284.0,246.0,,1531.317,0.0,61.0,185.0,105.986,,,0.248,0.752,,True,completed
1253,pkw,1123.0,1285.0,162.0,,1133.241,13.0,37.0,125.0,58.067,,,0.2284,0.7716,,True,completed
692,pkw,798.0,1285.0,487.0,,2154.835,39.0,198.0,289.0,278.742,,,0.4066,0.5934,,True,completed
1131,pkw,1058.0,1289.0,231.0,,2009.646,3.0,13.0,218.0,47.114,,,0.0563,0.9437,,True,completed
1281,pkw,1140.0,1290.0,150.0,,1324.677,4.0,8.0,142.0,25.632,,,0.0533,0.9467,,True,completed
1415,pkw,1220.0,1290.0,70.0,,732.39,0.0,0.0,70.0,3.084,,,0.0,1.0,,True,completed
968,pkw,975.0,1290.0,315.0,,1618.617,37.0,95.0,220.0,163.288,,,0.3016,0.6984,,True,completed
1402,pkw,1213.0,1292.0,79.0,,658.177,4.0,4.0,75.0,18.01,,,0.0506,0.9494,,True,completed
629,pkw,751.0,1292.0,541.0,,2556.074,0.0,235.0,306.0,294.275,,,0.4344,0.5656,,True,completed
1381,pkw,1199.0,1294.0,95.0,,978.423,0.0,0.0,95.0,4.938,,,0.0,1.0,,True,completed
1412,pkw,1219.0,1294.0,75.0,,656.583,4.0,4.0,71.0,13.616,,,0.0533,0.9467,,True,completed
1286,pkw,1142.0,1297.0,155.0,,1387.134,3.0,3.0,152.0,19.094,,,0.0194,0.9806,,True,completed
1006,pkw,1000.0,1298.0,298.0,,1628.05,2.0,76.0,222.0,132.458,,,0.255,0.745,,True,completed
1443,pkw,1238.0,1298.0,60.0,,478.003,9.0,9.0,51.0,15.979,,,0.15,0.85,,True,completed
1191,pkw,1091.0,1299.0,208.0,,1742.88,11.0,11.0,197.0,43.468,,,0.0529,0.9471,,True,completed
857,pkw,913.0,1299.0,386.0,,2288.898,15.0,91.0,295.0,175.966,,,0.2358,0.7642,,True,completed
1138,pkw,1065.0,1301.0,236.0,,1624.603,9.0,17.0,219.0,85.523,,,0.072,0.928,,True,completed
1349,pkw,1178.0,1302.0,124.0,,891.983,0.0,1.0,123.0,14.233,,,0.0081,0.9919,,True,completed
1334,pkw,1165.0,1303.0,138.0,,1354.723,0.0,1.0,137.0,14.339,,,0.0072,0.9928,,True,completed
1395,pkw,1209.0,1303.0,94.0,,729.416,12.0,12.0,82.0,27.032,,,0.1277,0.8723,,True,completed
881,pkw,925.0,1304.0,379.0,,1624.637,15.0,153.0,226.0,231.421,,,0.4037,0.5963,,True,completed
1035,pkw,1015.0,1305.0,290.0,,1916.208,67.0,72.0,218.0,114.107,,,0.2483,0.7517,,True,completed
1344,pkw,1173.0,1305.0,132.0,,1173.087,0.0,0.0,132.0,14.124,,,0.0,1.0,,True,completed
897,pkw,933.0,1307.0,374.0,,1532.229,27.0,161.0,213.0,235.009,,,0.4305,0.5695,,True,completed
1145,pkw,1068.0,1308.0,240.0,,2164.11,4.0,6.0,234.0,36.865,,,0.025,0.975,,True,completed
561,pkw,710.0,1308.0,598.0,,1995.774,0.0,379.0,219.0,416.581,,,0.6338,0.3662,,True,completed
1149,pkw,1070.0,1311.0,241.0,,1068.007,73.0,87.0,154.0,133.242,,,0.361,0.639,,True,completed
1238,pkw,1115.0,1311.0,196.0,,1562.653,1.0,18.0,178.0,35.573,,,0.0918,0.9082,,True,completed
1241,pkw,1116.0,1311.0,195.0,,1529.665,0.0,30.0,165.0,54.594,,,0.1538,0.8462,,True,completed
885,pkw,927.0,1311.0,384.0,,2666.582,19.0,86.0,298.0,142.025,,,0.224,0.776,,True,completed
1061,pkw,1028.0,1313.0,285.0,,2561.452,0.0,16.0,269.0,41.586,,,0.0561,0.9439,,True,completed
863,pkw,915.0,1313.0,398.0,,2123.722,34.0,86.0,312.0,174.871,,,0.2161,0.7839,,True,completed
582,pkw,726.0,1314.0,588.0,,2416.74,70.0,267.0,321.0,356.739,,,0.4541,0.5459,,True,completed
646,pkw,767.0,1314.0,547.0,,2745.844,3.0,167.0,380.0,278.114,,,0.3053,0.6947,,True,completed
676,pkw,784.0,1314.0,530.0,,2090.816,61.0,183.0,347.0,285.884,,,0.3453,0.6547,,True,completed
826,pkw,895.0,1315.0,420.0,,2120.249,36.0,111.0,309.0,186.137,,,0.2643,0.7357,,True,completed
1187,pkw,1088.0,1316.0,228.0,,1647.954,35.0,41.0,187.0,77.341,,,0.1798,0.8202,,True,completed
1057,pkw,1024.0,1317.0,293.0,,2438.965,6.0,45.0,248.0,71.493,,,0.1536,0.8464,,True,completed
1084,pkw,1037.0,1317.0,280.0,,2463.485,5.0,23.0,257.0,50.629,,,0.0821,0.9179,,True,completed
1169,pkw,1080.0,1317.0,237.0,,1870.045,15.0,30.0,207.0,65.867,,,0.1266,0.8734,,True,completed
1115,pkw,1050.0,1318.0,268.0,,2096.19,8.0,34.0,234.0,76.621,,,0.1269,0.8731,,True,completed
969,pkw,975.0,1318.0,343.0,,2206.965,5.0,70.0,273.0,129.826,,,0.2041,0.7959,,True,completed
1133,pkw,1058.0,1319.0,261.0,,1792.929,0.0,52.0,209.0,89.268,,,0.1992,0.8008,,True,completed
1304,pkw,1150.0,1319.0,169.0,,1605.915,0.0,0.0,169.0,22.015,,,0.0,1.0,,True,completed
796,pkw,873.0,1319.0,446.0,,2087.771,58.0,168.0,278.0,253.79,,,0.3767,0.6233,,True,completed
1160,pkw,1075.0,1320.0,245.0,,1184.949,71.0,85.0,160.0,136.053,,,0.3469,0.6531,,True,completed
184,pkw,333.0,1320.0,987.0,,3313.768,0.0,621.0,366.0,663.806,,,0.6292,0.3708,,True,completed
1263,pkw,1128.0,1326.0,198.0,,1796.456,13.0,13.0,185.0,31.472,,,0.0657,0.9343,,True,completed
1452,pkw,1243.0,1326.0,83.0,,823.315,0.0,0.0,83.0,7.514,,,0.0,1.0,,True,completed
1462,pkw,1258.0,1326.0,68.0,,672.035,0.0,0.0,68.0,6.018,,,0.0,1.0,,True,completed
1478,pkw,1274.0,1327.0,53.0,,380.29,4.0,4.0,49.0,11.682,,,0.0755,0.9245,,True,completed
913,pkw,942.0,1328.0,386.0,,1593.576,7.0,153.0,233.0,241.577,,,0.3964,0.6036,,True,completed
1303,pkw,1149.0,1329.0,180.0,,1392.81,21.0,21.0,159.0,44.583,,,0.1167,0.8833,,True,completed
1440,pkw,1236.0,1329.0,93.0,,720.154,6.0,6.0,87.0,25.706,,,0.0645,0.9355,,True,completed
954,pkw,965.0,1329.0,364.0,,1594.315,70.0,130.0,234.0,214.091,,,0.3571,0.6429,,True,completed
1081,pkw,1037.0,1331.0,294.0,,2503.804,0.0,29.0,265.0,65.794,,,0.0986,0.9014,,True,completed
704,pkw,806.0,1331.0,525.0,,1570.181,63.0,313.0,212.0,381.241,,,0.5962,0.4038,,True,completed
745,pkw,831.0,1332.0,501.0,,1642.586,68.0,260.0,241.0,343.38,,,0.519,0.481,,True,completed
1285,pkw,1141.0,1333.0,192.0,,1323.316,8.0,22.0,170.0,68.931,,,0.1146,0.8854,,True,completed
892,pkw,932.0,1335.0,403.0,,981.161,66.0,235.0,168.0,303.703,,,0.5831,0.4169,,True,completed
1382,pkw,1201.0,1336.0,135.0,,1090.983,9.0,9.0,126.0,27.044,,,0.0667,0.9333,,True,completed
1426,pkw,1225.0,1337.0,112.0,,1021.496,2.0,2.0,110.0,17.618,,,0.0179,0.9821,,True,completed
537,pkw,691.0,1338.0,647.0,,3360.636,5.0,236.0,411.0,337.802,,,0.3648,0.6352,,True,completed
858,pkw,914.0,1339.0,425.0,,2022.684,54.0,152.0,273.0,241.264,,,0.3576,0.6424,,True,completed
949,pkw,963.0,1339.0,376.0,,906.199,80.0,208.0,168.0,292.168,,,0.5532,0.4468,,True,completed
1125,pkw,1055.0,1340.0,285.0,,2590.6,0.0,17.0,268.0,41.995,,,0.0596,0.9404,,True,completed
1211,pkw,1102.0,1340.0,238.0,,1885.832,4.0,9.0,229.0,55.236,,,0.0378,0.9622,,True,completed
1464,pkw,1259.0,1340.0,81.0,,663.576,6.0,6.0,75.0,15.531,,,0.0741,0.9259,,True,completed
485,pkw,651.0,1340.0,689.0,,2515.053,57.0,388.0,301.0,448.083,,,0.5631,0.4369,,True,completed
593,pkw,730.0,1343.0,613.0,,2320.523,0.0,350.0,263.0,397.631,,,0.571,0.429,,True,completed
1219,pkw,1106.0,1345.0,239.0,,1668.522,37.0,42.0,197.0,85.146,,,0.1757,0.8243,,True,completed
1183,pkw,1085.0,1346.0,261.0,,2229.155,19.0,25.0,236.0,58.053,,,0.0958,0.9042,,True,completed
1276,pkw,1134.0,1346.0,212.0,,1559.466,32.0,34.0,178.0,70.345,,,0.1604,0.8396,,True,completed
1450,pkw,1243.0,1346.0,103.0,,1068.277,0.0,0.0,103.0,5.428,,,0.0,1.0,,True,completed
1368,pkw,1191.0,1347.0,156.0,,1521.491,0.0,1.0,155.0,13.473,,,0.0064,0.9936,,True,completed
1383,pkw,1201.0,1347.0,146.0,,1263.807,17.0,17.0,129.0,30.523,,,0.1164,0.8836,,True,completed
1244,pkw,1118.0,1348.0,230.0,,1684.663,10.0,50.0,180.0,74.393,,,0.2174,0.7826,,True,completed
1257,pkw,1124.0,1348.0,224.0,,1330.423,56.0,61.0,163.0,102.647,,,0.2723,0.7277,,True,completed
1300,pkw,1147.0,1349.0,202.0,,2044.68,0.0,0.0,202.0,14.399,,,0.0,1.0,,True,completed
1174,pkw,1081.0,1350.0,269.0,,2333.901,3.0,21.0,248.0,52.009,,,0.0781,0.9219,,True,completed
1188,pkw,1089.0,1350.0,261.0,,1287.455,42.0,88.0,173.0,139.181,,,0.3372,0.6628,,True,completed
1290,pkw,1144.0,1352.0,208.0,,1558.033,30.0,30.0,178.0,65.71,,,0.1442,0.8558,,True,completed
1062,pkw,1029.0,1354.0,325.0,,1440.653,47.0,126.0,199.0,192.95,,,0.3877,0.6123,,True,completed
1266,pkw,1130.0,1356.0,226.0,,1876.867,9.0,26.0,200.0,52.713,,,0.115,0.885,,True,completed
1330,pkw,1164.0,1356.0,192.0,,1499.564,12.0,12.0,180.0,54.867,,,0.0625,0.9375,,True,completed
811,pkw,886.0,1359.0,473.0,,2210.398,47.0,188.0,285.0,271.657,,,0.3975,0.6025,,True,completed
1428,pkw,1228.0,1360.0,132.0,,1040.403,0.0,0.0,132.0,12.677,,,0.0,1.0,,True,completed
627,pkw,750.0,1363.0,613.0,,2338.701,45.0,276.0,337.0,385.17,,,0.4502,0.5498,,True,completed
1400,pkw,1213.0,1364.0,151.0,,1462.646,0.0,0.0,151.0,12.514,,,0.0,1.0,,True,completed
1455,pkw,1249.0,1365.0,116.0,,1146.139,0.0,0.0,116.0,7.845,,,0.0,1.0,,True,completed
1195,pkw,1093.0,1366.0,273.0,,2475.377,1.0,24.0,249.0,44.657,,,0.0879,0.9121,,True,completed
1237,pkw,1113.0,1366.0,253.0,,1966.239,3.0,21.0,232.0,64.978,,,0.083,0.917,,True,completed
1325,pkw,1161.0,1366.0,205.0,,1492.54,5.0,35.0,170.0,58.159,,,0.1707,0.8293,,True,completed
576,pkw,719.0,1366.0,647.0,,2372.021,0.0,380.0,267.0,429.54,,,0.5873,0.4127,,True,completed
997,pkw,992.0,1366.0,374.0,,2398.52,7.0,81.0,293.0,142.509,,,0.2166,0.7834,,True,completed
1060,pkw,1028.0,1368.0,340.0,,2545.619,4.0,39.0,301.0,105.587,,,0.1147,0.8853,,True,completed
1373,pkw,1194.0,1368.0,174.0,,1625.998,0.0,0.0,174.0,17.459,,,0.0,1.0,,True,completed
1385,pkw,1202.0,1368.0,166.0,,1420.693,7.0,14.0,152.0,36.756,,,0.0843,0.9157,,True,completed
993,pkw,991.0,1368.0,377.0,,2313.492,10.0,89.0,288.0,150.33,,,0.2361,0.7639,,True,completed
1474,pkw,1270.0,1369.0,99.0,,983.558,0.0,0.0,99.0,4.923,,,0.0,1.0,,True,completed
1387,pkw,1203.0,1372.0,169.0,,1385.873,5.0,15.0,154.0,37.673,,,0.0888,0.9112,,True,completed
1173,pkw,1081.0,1375.0,294.0,,1422.892,52.0,99.0,195.0,163.468,,,0.3367,0.6633,,True,completed
1332,pkw,1165.0,1375.0,210.0,,1595.613,0.0,7.0,203.0,25.919,,,0.0333,0.9667,,True,completed
1177,pkw,1082.0,1376.0,294.0,,914.364,30.0,101.0,193.0,168.599,,,0.3435,0.6565,,True,completed
1500,pkw,1297.0,1377.0,80.0,,676.538,3.0,3.0,77.0,16.656,,,0.0375,0.9625,,True,completed
1355,pkw,1183.0,1379.0,196.0,,1594.314,0.0,13.0,183.0,37.824,,,0.0663,0.9337,,True,completed
864,pkw,920.0,1379.0,459.0,,2023.494,51.0,180.0,279.0,273.973,,,0.3922,0.6078,,True,completed
774,pkw,853.0,1380.0,527.0,,1721.758,62.0,267.0,260.0,365.824,,,0.5066,0.4934,,True,completed
1045,pkw,1018.0,1381.0,363.0,,1887.958,52.0,121.0,242.0,190.673,,,0.3333,0.6667,,True,completed
1141,pkw,1066.0,1381.0,315.0,,2582.058,0.0,2.0,313.0,48.567,,,0.0063,0.9937,,True,completed
1429,pkw,1228.0,1381.0,153.0,,794.273,8.0,9.0,144.0,59.655,,,0.0588,0.9412,,True,completed
1283,pkw,1140.0,1382.0,242.0,,1870.842,9.0,33.0,209.0,70.596,,,0.1364,0.8636,,True,completed
1232,pkw,1111.0,1384.0,273.0,,1800.658,28.0,71.0,202.0,99.724,,,0.2601,0.7399,,True,completed
391,pkw,594.0,1386.0,792.0,,1857.41,95.0,564.0,228.0,618.056,,,0.7121,0.2879,,True,completed
931,pkw,952.0,1386.0,434.0,,3085.332,0.0,81.0,353.0,136.616,,,0.1866,0.8134,,True,completed
1480,pkw,1276.0,1387.0,111.0,,1007.621,3.0,3.0,108.0,18.795,,,0.027,0.973,,True,completed
935,pkw,955.0,1387.0,432.0,,1657.275,9.0,196.0,236.0,280.632,,,0.4537,0.5463,,True,completed
534,pkw,691.0,1388.0,697.0,,1855.051,92.0,439.0,258.0,508.038,,,0.6298,0.3702,,True,completed
1463,pkw,1259.0,1391.0,132.0,,1101.709,3.0,15.0,117.0,30.605,,,0.1136,0.8864,,True,completed
1108,pkw,1048.0,1392.0,344.0,,1527.9,43.0,128.0,216.0,203.917,,,0.3721,0.6279,,True,completed
1113,pkw,1049.0,1393.0,344.0,,2584.64,0.0,38.0,306.0,107.901,,,0.1105,0.8895,,True,completed
1379,pkw,1199.0,1394.0,195.0,,1866.939,0.0,0.0,195.0,19.592,,,0.0,1.0,,True,completed
1445,pkw,1239.0,1397.0,158.0,,1416.718,8.0,9.0,149.0,27.95,,,0.057,0.943,,True,completed
718,pkw,812.0,1397.0,585.0,,1828.675,87.0,348.0,237.0,410.43,,,0.5949,0.4051,,True,completed
1386,pkw,1202.0,1398.0,196.0,,1666.635,0.0,2.0,194.0,25.371,,,0.0102,0.9898,,True,completed
1114,pkw,1050.0,1399.0,349.0,,2006.32,0.0,97.0,252.0,151.384,,,0.2779,0.7221,,True,completed
1608,pkw,1387.0,1402.0,15.0,,145.61,0.0,0.0,15.0,0.684,,,0.0,1.0,,True,completed
859,pkw,915.0,1402.0,487.0,,877.454,83.0,348.0,139.0,406.302,,,0.7146,0.2854,,True,completed
1289,pkw,1144.0,1404.0,260.0,,1665.338,38.0,63.0,197.0,106.846,,,0.2423,0.7577,,True,completed
1292,pkw,1145.0,1406.0,261.0,,1970.598,9.0,29.0,232.0,80.368,,,0.1111,0.8889,,True,completed
1504,pkw,1301.0,1406.0,105.0,,808.622,5.0,10.0,95.0,17.446,,,0.0952,0.9048,,True,completed
1189,pkw,1091.0,1407.0,316.0,,1268.924,27.0,115.0,201.0,192.745,,,0.3639,0.6361,,True,completed
966,pkw,973.0,1407.0,434.0,,2591.737,24.0,115.0,319.0,189.817,,,0.265,0.735,,True,completed
1476,pkw,1273.0,1408.0,135.0,,823.479,28.0,29.0,106.0,48.788,,,0.2148,0.7852,,True,completed
1068,pkw,1030.0,1409.0,379.0,,2603.738,35.0,70.0,309.0,140.733,,,0.1847,0.8153,,True,completed
1565,pkw,1356.0,1409.0,53.0,,430.335,4.0,4.0,49.0,13.269,,,0.0755,0.9245,,True,completed
1186,pkw,1088.0,1411.0,323.0,,1646.599,58.0,124.0,199.0,172.032,,,0.3839,0.6161,,True,completed
1581,pkw,1363.0,1413.0,50.0,,519.379,0.0,0.0,50.0,2.255,,,0.0,1.0,,True,completed
867,pkw,924.0,1413.0,489.0,,2022.0,56.0,221.0,268.0,304.938,,,0.4519,0.5481,,True,completed
1488,pkw,1285.0,1414.0,129.0,,1264.475,0.0,2.0,127.0,13.839,,,0.0155,0.9845,,True,completed
1231,pkw,1111.0,1415.0,304.0,,2276.226,25.0,37.0,267.0,86.095,,,0.1217,0.8783,,True,completed
1265,pkw,1129.0,1415.0,286.0,,1901.006,6.0,61.0,225.0,92.263,,,0.2133,0.7867,,True,completed
1457,pkw,1251.0,1415.0,164.0,,1410.238,0.0,0.0,164.0,19.801,,,0.0,1.0,,True,completed
1446,pkw,1239.0,1416.0,177.0,,1805.03,0.0,0.0,177.0,12.152,,,0.0,1.0,,True,completed
1407,pkw,1215.0,1417.0,202.0,,1093.742,33.0,48.0,154.0,102.562,,,0.2376,0.7624,,True,completed
1215,pkw,1105.0,1418.0,313.0,,1809.471,31.0,84.0,229.0,141.866,,,0.2684,0.7316,,True,completed
916,pkw,943.0,1419.0,476.0,,2016.433,32.0,183.0,293.0,273.95,,,0.3845,0.6155,,True,completed
1053,pkw,1023.0,1420.0,397.0,,1626.143,1.0,174.0,223.0,234.828,,,0.4383,0.5617,,True,completed
1447,pkw,1240.0,1421.0,181.0,,1809.969,0.0,0.0,181.0,14.513,,,0.0,1.0,,True,completed
1571,pkw,1352.0,1422.0,70.0,,732.271,0.0,0.0,70.0,3.095,,,0.0,1.0,,True,completed
657,pkw,772.0,1423.0,651.0,,2481.822,71.0,337.0,314.0,424.275,,,0.5177,0.4823,,True,completed
1180,pkw,1083.0,1424.0,341.0,,1276.612,15.0,151.0,190.0,218.128,,,0.4428,0.5572,,True,completed
1129,pkw,1055.0,1426.0,371.0,,2836.022,32.0,59.0,312.0,112.374,,,0.159,0.841,,True,completed
1222,pkw,1108.0,1429.0,321.0,,1202.62,38.0,117.0,204.0,196.117,,,0.3645,0.6355,,True,completed
1277,pkw,1136.0,1429.0,293.0,,1583.258,12.0,83.0,210.0,148.595,,,0.2833,0.7167,,True,completed
1517,pkw,1312.0,1430.0,118.0,,912.021,17.0,17.0,101.0,33.612,,,0.1441,0.8559,,True,completed
975,pkw,981.0,1431.0,450.0,,2021.339,44.0,123.0,327.0,210.005,,,0.2733,0.7267,,True,completed
1197,pkw,1095.0,1432.0,337.0,,1503.764,43.0,117.0,220.0,195.333,,,0.3472,0.6528,,True,completed
1350,pkw,1179.0,1432.0,253.0,,2211.698,9.0,12.0,241.0,49.937,,,0.0474,0.9526,,True,completed
323,pkw,509.0,1432.0,923.0,,1589.584,53.0,692.0,231.0,760.969,,,0.7497,0.2503,,True,completed
1204,pkw,1098.0,1433.0,335.0,,1534.828,31.0,122.0,213.0,191.5,,,0.3642,0.6358,,True,completed
1515,pkw,1310.0,1436.0,126.0,,1274.83,0.0,0.0,126.0,7.484,,,0.0,1.0,,True,completed
940,pkw,958.0,1436.0,478.0,,2372.084,72.0,158.0,320.0,252.218,,,0.3305,0.6695,,True,completed
831,pkw,899.0,1437.0,538.0,,791.266,50.0,403.0,135.0,464.456,,,0.7491,0.2509,,True,completed
1258,pkw,1124.0,1438.0,314.0,,2919.606,0.0,15.0,299.0,45.101,,,0.0478,0.9522,,True,completed
944,pkw,959.0,1438.0,479.0,,2048.689,70.0,193.0,286.0,274.807,,,0.4029,0.5971,,True,completed
1397,pkw,1211.0,1439.0,228.0,,1823.164,0.0,7.0,221.0,29.667,,,0.0307,0.9693,,True,completed
453,pkw,632.0,1440.0,808.0,,2209.768,95.0,583.0,225.0,607.439,,,0.7215,0.2785,,True,completed
1245,pkw,1122.0,1441.0,319.0,,1455.708,67.0,117.0,202.0,180.143,,,0.3668,0.6332,,True,completed
942,pkw,958.0,1443.0,485.0,,1623.719,42.0,226.0,259.0,326.827,,,0.466,0.534,,True,completed
1340,pkw,1169.0,1446.0,277.0,,2335.415,3.0,19.0,258.0,57.848,,,0.0686,0.9314,,True,completed
1507,pkw,1301.0,1446.0,145.0,,1465.28,1.0,1.0,144.0,11.769,,,0.0069,0.9931,,True,completed
1509,pkw,1306.0,1450.0,144.0,,1420.654,0.0,1.0,143.0,14.131,,,0.0069,0.9931,,True,completed
1331,pkw,1164.0,1451.0,287.0,,1937.332,29.0,44.0,243.0,106.012,,,0.1533,0.8467,,True,completed
1352,pkw,1181.0,1452.0,271.0,,2617.248,10.0,10.0,261.0,32.922,,,0.0369,0.9631,,True,completed
1614,pkw,1391.0,1452.0,61.0,,585.479,0.0,0.0,61.0,7.306,,,0.0,1.0,,True,completed
1545,pkw,1334.0,1453.0,119.0,,1154.912,0.0,2.0,117.0,13.328,,,0.0168,0.9832,,True,completed
1010,pkw,1000.0,1454.0,454.0,,1659.493,45.0,206.0,248.0,292.752,,,0.4537,0.5463,,True,completed
1555,pkw,1342.0,1454.0,112.0,,1149.432,0.0,0.0,112.0,6.806,,,0.0,1.0,,True,completed
1573,pkw,1353.0,1455.0,102.0,,781.315,10.0,10.0,92.0,28.788,,,0.098,0.902,,True,completed
1214,pkw,1104.0,1456.0,352.0,,1694.372,56.0,134.0,218.0,187.66,,,0.3807,0.6193,,True,completed
1360,pkw,1187.0,1456.0,269.0,,732.502,40.0,132.0,137.0,196.332,,,0.4907,0.5093,,True,completed
1564,pkw,1353.0,1456.0,103.0,,947.839,0.0,0.0,103.0,15.394,,,0.0,1.0,,True,completed
1587,pkw,1368.0,1456.0,88.0,,743.501,2.0,2.0,86.0,18.614,,,0.0227,0.9773,,True,completed
1529,pkw,1322.0,1457.0,135.0,,1260.687,1.0,2.0,133.0,18.746,,,0.0148,0.9852,,True,completed
804,pkw,881.0,1457.0,576.0,,1680.129,48.0,309.0,267.0,416.227,,,0.5365,0.4635,,True,completed
1516,pkw,1310.0,1458.0,148.0,,1082.846,19.0,19.0,129.0,33.49,,,0.1284,0.8716,,True,completed
437,pkw,622.0,1458.0,836.0,,2360.29,47.0,531.0,305.0,614.051,,,0.6352,0.3648,,True,completed
456,pkw,632.0,1459.0,827.0,,1921.334,95.0,615.0,212.0,646.9,,,0.7437,0.2563,,True,completed
1299,pkw,1147.0,1460.0,313.0,,1040.107,25.0,136.0,177.0,214.498,,,0.4345,0.5655,,True,completed
1362,pkw,1188.0,1460.0,272.0,,2435.516,7.0,24.0,248.0,50.615,,,0.0882,0.9118,,True,completed
1356,pkw,1183.0,1463.0,280.0,,2669.983,7.0,11.0,269.0,36.814,,,0.0393,0.9607,,True,completed
1391,pkw,1205.0,1463.0,258.0,,1688.418,7.0,46.0,212.0,74.491,,,0.1783,0.8217,,True,completed
1401,pkw,1213.0,1463.0,250.0,,2254.454,0.0,8.0,242.0,44.836,,,0.032,0.968,,True,completed
1520,pkw,1316.0,1465.0,149.0,,1520.076,0.0,0.0,149.0,7.431,,,0.0,1.0,,True,completed
649,pkw,768.0,1465.0,697.0,,2625.232,37.0,360.0,337.0,455.224,,,0.5165,0.4835,,True,completed
666,pkw,780.0,1465.0,685.0,,1788.216,91.0,493.0,192.0,523.297,,,0.7197,0.2803,,True,completed
772,pkw,1315.0,1465.0,150.0,,1223.269,5.0,8.0,142.0,37.151,,,0.0533,0.9467,,True,completed
1513,pkw,1309.0,1467.0,158.0,,1525.821,2.0,2.0,156.0,19.675,,,0.0127,0.9873,,True,completed
992,pkw,991.0,1468.0,477.0,,756.488,33.0,326.0,151.0,406.517,,,0.6834,0.3166,,True,completed
1228,pkw,1112.0,1469.0,357.0,,1212.778,29.0,144.0,213.0,237.3,,,0.4034,0.5966,,True,completed
1121,pkw,1053.0,1470.0,417.0,,2812.012,0.0,90.0,327.0,158.539,,,0.2158,0.7842,,True,completed
1524,pkw,1319.0,1471.0,152.0,,1520.159,0.0,0.0,152.0,11.765,,,0.0,1.0,,True,completed
1124,pkw,1054.0,1472.0,418.0,,3030.113,0.0,49.0,369.0,122.435,,,0.1172,0.8828,,True,completed
1434,pkw,1233.0,1472.0,239.0,,2436.592,2.0,2.0,237.0,17.994,,,0.0084,0.9916,,True,completed
1136,pkw,1062.0,1473.0,411.0,,2127.27,29.0,120.0,291.0,216.239,,,0.292,0.708,,True,completed
1485,pkw,1284.0,1474.0,190.0,,1327.962,39.0,41.0,149.0,61.361,,,0.2158,0.7842,,True,completed
1598,pkw,1376.0,1475.0,99.0,,672.067,14.0,15.0,84.0,36.738,,,0.1515,0.8485,,True,completed
797,pkw,875.0,1475.0,600.0,,2349.264,36.0,275.0,325.0,386.145,,,0.4583,0.5417,,True,completed
1358,pkw,1186.0,1477.0,291.0,,1087.634,50.0,110.0,181.0,177.628,,,0.378,0.622,,True,completed
1424,pkw,1224.0,1477.0,253.0,,1860.767,47.0,54.0,199.0,82.28,,,0.2134,0.7866,,True,completed
1307,pkw,1151.0,1478.0,327.0,,2219.554,37.0,66.0,261.0,124.979,,,0.2018,0.7982,,True,completed
1523,pkw,1318.0,1479.0,161.0,,882.485,49.0,49.0,112.0,67.658,,,0.3043,0.6957,,True,completed
1557,pkw,1344.0,1479.0,135.0,,1266.731,0.0,0.0,135.0,18.649,,,0.0,1.0,,True,completed
1240,pkw,1115.0,1481.0,366.0,,1689.293,1.0,121.0,245.0,203.392,,,0.3306,0.6694,,True,completed
1508,pkw,1303.0,1481.0,178.0,,1324.055,24.0,26.0,152.0,52.757,,,0.1461,0.8539,,True,completed
1422,pkw,1225.0,1483.0,258.0,,2019.098,28.0,39.0,219.0,74.69,,,0.1512,0.8488,,True,completed
1560,pkw,1345.0,1483.0,138.0,,986.991,3.0,3.0,135.0,23.687,,,0.0217,0.9783,,True,completed
460,pkw,634.0,1484.0,850.0,,2335.176,42.0,542.0,308.0,619.701,,,0.6376,0.3624,,True,completed
1312,pkw,1154.0,1488.0,334.0,,2582.631,0.0,27.0,307.0,60.294,,,0.0808,0.9192,,True,completed
1054,pkw,1024.0,1489.0,465.0,,1939.234,41.0,178.0,287.0,283.594,,,0.3828,0.6172,,True,completed
1159,pkw,1075.0,1493.0,418.0,,1884.701,50.0,175.0,243.0,241.041,,,0.4187,0.5813,,True,completed
1166,pkw,1078.0,1494.0,416.0,,2367.19,0.0,123.0,293.0,192.937,,,0.2957,0.7043,,True,completed
1203,pkw,1098.0,1494.0,396.0,,2039.644,1.0,157.0,239.0,205.653,,,0.3965,0.6035,,True,completed
1441,pkw,1236.0,1494.0,258.0,,1619.84,20.0,39.0,219.0,110.412,,,0.1512,0.8488,,True,completed
906,pkw,938.0,1494.0,556.0,,1699.876,20.0,284.0,272.0,389.664,,,0.5108,0.4892,,True,completed
952,pkw,964.0,1494.0,530.0,,1682.68,19.0,263.0,267.0,361.29,,,0.4962,0.5038,,True,completed
1502,pkw,1297.0,1495.0,198.0,,1058.254,29.0,39.0,159.0,101.015,,,0.197,0.803,,True,completed
1594,pkw,1373.0,1495.0,122.0,,1050.837,14.0,14.0,108.0,25.669,,,0.1148,0.8852,,True,completed
1000,pkw,995.0,1496.0,501.0,,2271.635,22.0,201.0,300.0,293.607,,,0.4012,0.5988,,True,completed
1225,pkw,1109.0,1496.0,387.0,,1886.368,31.0,82.0,305.0,166.4,,,0.2119,0.7881,,True,completed
1370,pkw,1191.0,1496.0,305.0,,2241.845,18.0,42.0,263.0,100.694,,,0.1377,0.8623,,True,completed
538,pkw,691.0,1496.0,805.0,,2135.133,45.0,568.0,237.0,605.464,,,0.7056,0.2944,,True,completed
1163,pkw,1076.0,1499.0,423.0,,1642.147,40.0,187.0,236.0,265.469,,,0.4421,0.5579,,True,completed
1449,pkw,1241.0,1499.0,258.0,,2059.858,8.0,37.0,221.0,70.395,,,0.1434,0.8566,,True,completed
994,pkw,991.0,1499.0,508.0,,1159.686,27.0,317.0,191.0,401.883,,,0.624,0.376,,True,completed
1477,pkw,1274.0,1500.0,226.0,,2138.146,0.0,4.0,222.0,30.7,,,0.0177,0.9823,,True,completed
1116,pkw,1051.0,1501.0,450.0,,1879.635,34.0,133.0,317.0,242.463,,,0.2956,0.7044,,True,completed
1640,pkw,1412.0,1501.0,89.0,,647.67,0.0,0.0,89.0,12.135,,,0.0,1.0,,True,completed
1459,pkw,1254.0,1502.0,248.0,,2297.243,0.0,0.0,248.0,25.394,,,0.0,1.0,,True,completed
1110,pkw,1049.0,1503.0,454.0,,2025.24,31.0,172.0,282.0,269.263,,,0.3789,0.6211,,True,completed
1427,pkw,1227.0,1503.0,276.0,,1912.302,33.0,42.0,234.0,88.568,,,0.1522,0.8478,,True,completed
1570,pkw,1351.0,1504.0,153.0,,1431.713,0.0,0.0,153.0,14.419,,,0.0,1.0,,True,completed
737,pkw,825.0,1504.0,679.0,,2014.191,0.0,436.0,243.0,495.327,,,0.6421,0.3579,,True,completed
1282,pkw,1141.0,1505.0,364.0,,1560.799,46.0,154.0,210.0,214.42,,,0.4231,0.5769,,True,completed
1530,pkw,1322.0,1506.0,184.0,,1215.69,12.0,39.0,145.0,72.451,,,0.212,0.788,,True,completed
1036,pkw,1014.0,1507.0,493.0,,896.055,81.0,312.0,181.0,410.784,,,0.6329,0.3671,,True,completed
1644,pkw,1415.0,1507.0,92.0,,739.802,4.0,4.0,88.0,22.798,,,0.0435,0.9565,,True,completed
1220,pkw,1107.0,1508.0,401.0,,2435.348,5.0,95.0,306.0,169.466,,,0.2369,0.7631,,True,completed
1498,pkw,1292.0,1508.0,216.0,,2208.621,0.0,0.0,216.0,14.172,,,0.0,1.0,,True,completed
1656,pkw,1425.0,1512.0,87.0,,705.372,10.0,10.0,77.0,21.712,,,0.1149,0.8851,,True,completed
1491,pkw,1289.0,1513.0,224.0,,1919.158,10.0,11.0,213.0,48.906,,,0.0491,0.9509,,True,completed
1377,pkw,1197.0,1516.0,319.0,,2790.319,0.0,5.0,314.0,34.267,,,0.0157,0.9843,,True,completed
752,pkw,839.0,1517.0,678.0,,2203.459,19.0,346.0,332.0,467.413,,,0.5103,0.4897,,True,completed
1009,pkw,1417.0,1520.0,103.0,,991.894,0.0,3.0,100.0,12.669,,,0.0291,0.9709,,True,completed
1242,pkw,1116.0,1520.0,404.0,,2272.352,11.0,117.0,287.0,189.625,,,0.2896,0.7104,,True,completed
1248,pkw,1121.0,1522.0,401.0,,2561.77,13.0,87.0,314.0,163.901,,,0.217,0.783,,True,completed
1394,pkw,1208.0,1522.0,314.0,,2052.193,4.0,47.0,267.0,121.944,,,0.1497,0.8503,,True,completed
1196,pkw,1093.0,1524.0,431.0,,2553.149,16.0,105.0,326.0,198.691,,,0.2436,0.7564,,True,completed
1475,pkw,1272.0,1525.0,253.0,,1722.691,16.0,30.0,223.0,94.939,,,0.1186,0.8814,,True,completed
1270,pkw,1132.0,1526.0,394.0,,1644.12,12.0,128.0,266.0,235.076,,,0.3249,0.6751,,True,completed
1637,pkw,1409.0,1526.0,117.0,,890.451,2.0,2.0,115.0,17.886,,,0.0171,0.9829,,True,completed
1489,pkw,1286.0,1527.0,241.0,,2000.299,18.0,31.0,210.0,58.427,,,0.1286,0.8714,,True,completed
963,pkw,970.0,1527.0,557.0,,2532.253,6.0,224.0,333.0,326.684,,,0.4022,0.5978,,True,completed
1309,pkw,1151.0,1529.0,378.0,,1845.591,37.0,129.0,249.0,203.543,,,0.3413,0.6587,,True,completed
1518,pkw,1314.0,1529.0,215.0,,1841.839,13.0,20.0,195.0,43.034,,,0.093,0.907,,True,completed
1483,pkw,1282.0,1531.0,249.0,,1963.434,2.0,23.0,226.0,68.222,,,0.0924,0.9076,,True,completed
1514,pkw,1309.0,1532.0,223.0,,1455.87,27.0,44.0,179.0,81.713,,,0.1973,0.8027,,True,completed
1100,pkw,1044.0,1535.0,491.0,,2338.479,13.0,158.0,333.0,270.497,,,0.3218,0.6782,,True,completed
1634,pkw,1408.0,1535.0,127.0,,1051.193,0.0,0.0,127.0,10.251,,,0.0,1.0,,True,completed
1526,pkw,1320.0,1539.0,219.0,,1680.919,1.0,20.0,199.0,57.929,,,0.0913,0.9087,,True,completed
1152,pkw,1071.0,1540.0,469.0,,406.191,71.0,338.0,131.0,429.033,,,0.7207,0.2793,,True,completed
1707,pkw,1462.0,1540.0,78.0,,663.297,4.0,4.0,74.0,12.818,,,0.0513,0.9487,,True,completed
1278,pkw,1137.0,1542.0,405.0,,1491.819,18.0,156.0,249.0,257.517,,,0.3852,0.6148,,True,completed
1617,pkw,1395.0,1543.0,148.0,,1517.48,0.0,0.0,148.0,7.385,,,0.0,1.0,,True,completed
1693,pkw,1451.0,1543.0,92.0,,602.262,16.0,16.0,76.0,35.37,,,0.1739,0.8261,,True,completed
807,pkw,883.0,1543.0,660.0,,1872.931,69.0,366.0,294.0,481.381,,,0.5545,0.4455,,True,completed
1549,pkw,1336.0,1544.0,208.0,,1493.45,6.0,37.0,171.0,59.249,,,0.1779,0.8221,,True,completed
1615,pkw,1392.0,1546.0,154.0,,1402.08,3.0,3.0,151.0,25.079,,,0.0195,0.9805,,True,completed
1082,pkw,1037.0,1548.0,511.0,,3041.961,36.0,122.0,389.0,229.048,,,0.2387,0.7613,,True,completed
1262,pkw,1127.0,1548.0,421.0,,1476.449,22.0,167.0,254.0,257.996,,,0.3967,0.6033,,True,completed
1647,pkw,1417.0,1548.0,131.0,,890.212,5.0,6.0,125.0,23.556,,,0.0458,0.9542,,True,completed
1679,pkw,1442.0,1549.0,107.0,,738.914,24.0,24.0,83.0,38.48,,,0.2243,0.7757,,True,completed
1147,pkw,1069.0,1550.0,481.0,,2244.967,20.0,180.0,301.0,265.529,,,0.3742,0.6258,,True,completed
1339,pkw,1167.0,1550.0,383.0,,2634.209,21.0,51.0,332.0,130.804,,,0.1332,0.8668,,True,completed
1359,pkw,1187.0,1550.0,363.0,,1263.306,26.0,174.0,189.0,235.725,,,0.4793,0.5207,,True,completed
1461,pkw,1256.0,1554.0,298.0,,2085.868,7.0,38.0,260.0,108.999,,,0.1275,0.8725,,True,completed
1626,pkw,1402.0,1556.0,154.0,,1483.476,1.0,1.0,153.0,18.755,,,0.0065,0.9935,,True,completed
1481,pkw,1280.0,1557.0,277.0,,2143.435,0.0,13.0,264.0,81.257,,,0.0469,0.9531,,True,completed
1501,pkw,1296.0,1557.0,261.0,,1683.413,22.0,60.0,201.0,107.208,,,0.2299,0.7701,,True,completed
1421,pkw,1222.0,1558.0,336.0,,849.22,34.0,143.0,193.0,254.498,,,0.4256,0.5744,,True,completed
1624,pkw,1398.0,1558.0,160.0,,736.078,29.0,38.0,122.0,88.03,,,0.2375,0.7625,,True,completed
1700,pkw,1456.0,1558.0,102.0,,1006.81,0.0,0.0,102.0,8.166,,,0.0,1.0,,True,completed
1456,pkw,1249.0,1559.0,310.0,,1215.177,19.0,135.0,175.0,191.602,,,0.4355,0.5645,,True,completed
1636,pkw,1409.0,1559.0,150.0,,1377.585,8.0,8.0,142.0,24.089,,,0.0533,0.9467,,True,completed
1522,pkw,1317.0,1560.0,243.0,,1540.515,17.0,50.0,193.0,99.028,,,0.2058,0.7942,,True,completed
1469,pkw,1265.0,1561.0,296.0,,950.962,56.0,171.0,125.0,198.018,,,0.5777,0.4223,,True,completed
1535,pkw,1328.0,1561.0,233.0,,1887.259,0.0,0.0,233.0,21.203,,,0.0,1.0,,True,completed
1724,pkw,1486.0,1561.0,75.0,,641.899,2.0,2.0,73.0,15.711,,,0.0267,0.9733,,True,completed
1162,pkw,1076.0,1562.0,486.0,,2263.86,20.0,177.0,309.0,279.992,,,0.3642,0.6358,,True,completed
1216,pkw,1105.0,1563.0,458.0,,2287.393,5.0,131.0,327.0,241.426,,,0.286,0.714,,True,completed
1519,pkw,1315.0,1564.0,249.0,,1987.329,12.0,38.0,211.0,68.865,,,0.1526,0.8474,,True,completed
1182,pkw,1084.0,1566.0,482.0,,2101.255,32.0,168.0,314.0,280.165,,,0.3485,0.6515,,True,completed
1630,pkw,1405.0,1568.0,163.0,,1617.554,3.0,3.0,160.0,15.664,,,0.0184,0.9816,,True,completed
1425,pkw,1225.0,1569.0,344.0,,1922.967,61.0,104.0,240.0,165.053,,,0.3023,0.6977,,True,completed
1167,pkw,1080.0,1576.0,496.0,,1446.902,25.0,276.0,220.0,355.16,,,0.5565,0.4435,,True,completed
1433,pkw,1232.0,1576.0,344.0,,2766.112,5.0,30.0,314.0,92.549,,,0.0872,0.9128,,True,completed
1008,pkw,1000.0,1577.0,577.0,,1832.771,13.0,321.0,256.0,410.252,,,0.5563,0.4437,,True,completed
1200,pkw,1095.0,1580.0,485.0,,2579.961,15.0,103.0,382.0,228.98,,,0.2124,0.7876,,True,completed
1620,pkw,1396.0,1581.0,185.0,,1492.74,16.0,16.0,169.0,43.399,,,0.0865,0.9135,,True,completed
1767,pkw,1533.0,1581.0,48.0,,442.322,0.0,0.0,48.0,7.191,,,0.0,1.0,,True,completed
1653,pkw,1423.0,1582.0,159.0,,1132.039,0.0,32.0,127.0,54.783,,,0.2013,0.7987,,True,completed
1357,pkw,1184.0,1583.0,399.0,,2394.314,14.0,78.0,321.0,169.144,,,0.1955,0.8045,,True,completed
1199,pkw,1095.0,1584.0,489.0,,2355.664,18.0,175.0,314.0,275.5,,,0.3579,0.6421,,True,completed
1484,pkw,1284.0,1584.0,300.0,,2235.071,31.0,41.0,259.0,95.456,,,0.1367,0.8633,,True,completed
1072,pkw,1032.0,1586.0,554.0,,1862.786,8.0,275.0,279.0,383.736,,,0.4964,0.5036,,True,completed
1702,pkw,1458.0,1588.0,130.0,,976.196,11.0,14.0,116.0,34.259,,,0.1077,0.8923,,True,completed
1337,pkw,1167.0,1589.0,422.0,,868.118,62.0,266.0,156.0,342.481,,,0.6303,0.3697,,True,completed
1536,pkw,1328.0,1589.0,261.0,,2560.854,0.0,0.0,261.0,24.333,,,0.0,1.0,,True,completed
1619,pkw,1395.0,1590.0,195.0,,1126.058,23.0,33.0,162.0,80.19,,,0.1692,0.8308,,True,completed
1722,pkw,1479.0,1590.0,111.0,,969.185,1.0,1.0,110.0,13.646,,,0.009,0.991,,True,completed
874,pkw,921.0,1591.0,670.0,,3374.949,0.0,259.0,411.0,362.804,,,0.3866,0.6134,,True,completed
1646,pkw,1416.0,1592.0,176.0,,1530.417,17.0,17.0,159.0,36.138,,,0.0966,0.9034,,True,completed
1577,pkw,1355.0,1593.0,238.0,,1490.725,0.0,28.0,210.0,76.066,,,0.1176,0.8824,,True,completed
1171,pkw,1081.0,1594.0,513.0,,2678.873,8.0,102.0,411.0,188.807,,,0.1988,0.8012,,True,completed
1552,pkw,1339.0,1595.0,256.0,,2257.065,0.0,9.0,247.0,43.082,,,0.0352,0.9648,,True,completed
1748,pkw,1509.0,1595.0,86.0,,732.487,3.0,3.0,83.0,18.222,,,0.0349,0.9651,,True,completed
1503,pkw,1298.0,1597.0,299.0,,2088.468,8.0,43.0,256.0,82.129,,,0.1438,0.8562,,True,completed
1567,pkw,1349.0,1597.0,248.0,,1825.38,14.0,25.0,223.0,66.674,,,0.1008,0.8992,,True,completed
1230,pkw,1110.0,1600.0,490.0,,1555.893,0.0,259.0,231.0,347.986,,,0.5286,0.4714,,True,completed
1075,pkw,1034.0,1601.0,567.0,,1530.105,25.0,328.0,239.0,427.675,,,0.5785,0.4215,,True,completed
1324,pkw,1161.0,1604.0,443.0,,2123.733,24.0,96.0,347.0,208.897,,,0.2167,0.7833,,True,completed
1631,pkw,1407.0,1605.0,198.0,,819.582,50.0,57.0,141.0,115.296,,,0.2879,0.7121,,True,completed
792,pkw,867.0,1605.0,738.0,,2387.493,63.0,367.0,371.0,520.429,,,0.4973,0.5027,,True,completed
1490,pkw,1287.0,1606.0,319.0,,1497.525,1.0,101.0,218.0,174.104,,,0.3166,0.6834,,True,completed
1505,pkw,1300.0,1608.0,308.0,,1629.291,0.0,65.0,243.0,141.303,,,0.211,0.789,,True,completed
1538,pkw,1329.0,1609.0,280.0,,2388.116,4.0,22.0,258.0,62.942,,,0.0786,0.9214,,True,completed
1736,pkw,1494.0,1613.0,119.0,,1056.829,0.0,0.0,119.0,13.984,,,0.0,1.0,,True,completed
1347,pkw,1177.0,1615.0,438.0,,2089.553,9.0,145.0,293.0,232.56,,,0.3311,0.6689,,True,completed
1716,pkw,1470.0,1616.0,146.0,,1425.172,0.0,0.0,146.0,14.994,,,0.0,1.0,,True,completed
1658,pkw,1426.0,1617.0,191.0,,1595.315,7.0,7.0,184.0,38.422,,,0.0366,0.9634,,True,completed
1569,pkw,1351.0,1620.0,269.0,,1542.369,39.0,59.0,210.0,127.368,,,0.2193,0.7807,,True,completed
1745,pkw,1505.0,1620.0,115.0,,1098.586,2.0,2.0,113.0,13.32,,,0.0174,0.9826,,True,completed
1651,pkw,1422.0,1621.0,199.0,,1922.923,2.0,2.0,197.0,22.765,,,0.0101,0.9899,,True,completed
1022,pkw,1008.0,1624.0,616.0,,1730.165,23.0,338.0,278.0,453.766,,,0.5487,0.4513,,True,completed
1137,pkw,1063.0,1624.0,561.0,,2591.37,39.0,200.0,361.0,318.199,,,0.3565,0.6435,,True,completed
1775,pkw,1539.0,1624.0,85.0,,782.821,2.0,2.0,83.0,12.45,,,0.0235,0.9765,,True,completed
1243,pkw,1117.0,1627.0,510.0,,2359.189,20.0,197.0,313.0,294.692,,,0.3863,0.6137,,True,completed
1735,pkw,1494.0,1628.0,134.0,,1111.113,14.0,15.0,119.0,32.314,,,0.1119,0.8881,,True,completed
1616,pkw,1393.0,1630.0,237.0,,1974.555,0.0,16.0,221.0,57.549,,,0.0675,0.9325,,True,completed
1329,pkw,1163.0,1631.0,468.0,,1222.643,9.0,262.0,206.0,350.94,,,0.5598,0.4402,,True,completed
1704,pkw,1460.0,1632.0,172.0,,1605.402,0.0,3.0,169.0,22.887,,,0.0174,0.9826,,True,completed
1260,pkw,1125.0,1633.0,508.0,,1681.764,6.0,263.0,245.0,355.002,,,0.5177,0.4823,,True,completed
1757,pkw,1520.0,1633.0,113.0,,734.18,38.0,38.0,75.0,45.923,,,0.3363,0.6637,,True,completed
1798,pkw,1574.0,1633.0,59.0,,378.836,13.0,13.0,46.0,21.925,,,0.2203,0.7797,,True,completed
1649,pkw,1418.0,1635.0,217.0,,1687.325,0.0,35.0,182.0,60.857,,,0.1613,0.8387,,True,completed
1510,pkw,1306.0,1639.0,333.0,,2376.879,8.0,36.0,297.0,116.531,,,0.1081,0.8919,,True,completed
1715,pkw,1469.0,1640.0,171.0,,1683.842,0.0,1.0,170.0,17.158,,,0.0058,0.9942,,True,completed
1622,pkw,1398.0,1641.0,243.0,,2350.782,0.0,6.0,237.0,25.818,,,0.0247,0.9753,,True,completed
1351,pkw,1180.0,1643.0,463.0,,3294.914,0.0,73.0,390.0,158.248,,,0.1577,0.8423,,True,completed
1531,pkw,1323.0,1643.0,320.0,,1627.79,0.0,86.0,234.0,151.98,,,0.2687,0.7312,,True,completed
1091,pkw,1041.0,1644.0,603.0,,2422.863,0.0,293.0,310.0,382.01,,,0.4859,0.5141,,True,completed
1046,pkw,1019.0,1649.0,630.0,,2272.809,7.0,302.0,328.0,415.293,,,0.4794,0.5206,,True,completed
1458,pkw,1251.0,1649.0,398.0,,1816.433,35.0,75.0,323.0,179.435,,,0.1884,0.8116,,True,completed
1777,pkw,1543.0,1650.0,107.0,,1071.419,0.0,0.0,107.0,9.087,,,0.0,1.0,,True,completed
1376,pkw,1195.0,1655.0,460.0,,2125.165,26.0,79.0,381.0,194.179,,,0.1717,0.8283,,True,completed
1740,pkw,1501.0,1658.0,157.0,,1267.157,12.0,25.0,132.0,41.238,,,0.1592,0.8408,,True,completed
1661,pkw,1430.0,1659.0,229.0,,1914.591,0.0,3.0,226.0,23.584,,,0.0131,0.9869,,True,completed
1077,pkw,1497.0,1661.0,164.0,,1483.6,0.0,3.0,161.0,26.457,,,0.0183,0.9817,,True,completed
1398,pkw,1212.0,1663.0,451.0,,1962.395,52.0,173.0,278.0,269.183,,,0.3836,0.6164,,True,completed
1738,pkw,1497.0,1666.0,169.0,,1606.876,5.0,5.0,164.0,18.865,,,0.0296,0.9704,,True,completed
1089,pkw,1547.0,1669.0,122.0,,1022.054,0.0,0.0,122.0,12.339,,,0.0,1.0,,True,completed
938,pkw,956.0,1671.0,715.0,,3496.668,0.0,266.0,449.0,388.586,,,0.372,0.628,,True,completed
1645,pkw,1415.0,1672.0,257.0,,892.327,30.0,81.0,176.0,173.747,,,0.3152,0.6848,,True,completed
1479,pkw,1275.0,1673.0,398.0,,2211.309,2.0,94.0,304.0,180.686,,,0.2362,0.7638,,True,completed
1797,pkw,1570.0,1674.0,104.0,,989.388,0.0,0.0,104.0,5.609,,,0.0,1.0,,True,completed
1039,pkw,1015.0,1675.0,660.0,,2545.029,35.0,321.0,339.0,426.649,,,0.4864,0.5136,,True,completed
1632,pkw,1407.0,1675.0,268.0,,1465.842,0.0,70.0,198.0,130.682,,,0.2612,0.7388,,True,completed
1436,pkw,1233.0,1676.0,443.0,,2250.742,19.0,86.0,357.0,215.864,,,0.1941,0.8059,,True,completed
1544,pkw,1334.0,1677.0,343.0,,2193.275,4.0,63.0,280.0,132.688,,,0.1837,0.8163,,True,completed
1677,pkw,1440.0,1680.0,240.0,,2122.166,2.0,18.0,222.0,47.101,,,0.075,0.925,,True,completed
1672,pkw,1439.0,1681.0,242.0,,1915.51,28.0,31.0,211.0,67.098,,,0.1281,0.8719,,True,completed
1681,pkw,1444.0,1681.0,237.0,,1040.91,30.0,82.0,155.0,136.155,,,0.346,0.654,,True,completed
1659,pkw,1427.0,1682.0,255.0,,1039.015,19.0,71.0,184.0,158.876,,,0.2784,0.7216,,True,completed
1654,pkw,1423.0,1683.0,260.0,,1298.978,36.0,90.0,170.0,141.769,,,0.3462,0.6538,,True,completed
1643,pkw,1413.0,1684.0,271.0,,2209.251,14.0,30.0,241.0,60.242,,,0.1107,0.8893,,True,completed
1190,pkw,1091.0,1687.0,596.0,,2609.647,0.0,251.0,345.0,342.464,,,0.4211,0.5789,,True,completed
1521,pkw,1317.0,1689.0,372.0,,2954.193,22.0,64.0,308.0,103.65,,,0.172,0.828,,True,completed
1708,pkw,1463.0,1692.0,229.0,,1472.609,7.0,35.0,194.0,86.428,,,0.1528,0.8472,,True,completed
1343,pkw,1173.0,1694.0,521.0,,2093.275,41.0,181.0,340.0,312.289,,,0.3474,0.6526,,True,completed
1680,pkw,1443.0,1699.0,256.0,,1758.06,4.0,21.0,235.0,81.704,,,0.082,0.918,,True,completed
1674,pkw,1440.0,1700.0,260.0,,1409.477,15.0,52.0,208.0,95.88,,,0.2,0.8,,True,completed
1713,pkw,1467.0,1702.0,235.0,,2316.204,0.0,9.0,226.0,25.02,,,0.0383,0.9617,,True,completed
1603,pkw,1381.0,1703.0,322.0,,1422.454,47.0,107.0,215.0,190.349,,,0.3323,0.6677,,True,completed
1396,pkw,1209.0,1705.0,496.0,,2128.627,0.0,171.0,325.0,262.489,,,0.3448,0.6552,,True,completed
1633,pkw,1408.0,1706.0,298.0,,1891.197,3.0,74.0,224.0,125.572,,,0.2483,0.7517,,True,completed
1821,pkw,1606.0,1706.0,100.0,,1049.908,0.0,0.0,100.0,4.507,,,0.0,1.0,,True,completed
1668,pkw,1434.0,1708.0,274.0,,1919.644,5.0,49.0,225.0,100.159,,,0.1788,0.8212,,True,completed
1548,pkw,1336.0,1710.0,374.0,,2399.535,0.0,75.0,299.0,141.241,,,0.2005,0.7995,,True,completed
1739,pkw,1499.0,1711.0,212.0,,1862.306,0.0,0.0,212.0,22.054,,,0.0,1.0,,True,completed
1727,pkw,1487.0,1712.0,225.0,,1721.261,7.0,16.0,209.0,68.888,,,0.0711,0.9289,,True,completed
1873,pkw,1668.0,1712.0,44.0,,456.255,0.0,0.0,44.0,1.937,,,0.0,1.0,,True,completed
1728,pkw,1487.0,1713.0,226.0,,1921.288,0.0,13.0,213.0,48.709,,,0.0575,0.9425,,True,completed
1589,pkw,1369.0,1719.0,350.0,,2245.035,7.0,67.0,283.0,141.34,,,0.1914,0.8086,,True,completed
1665,pkw,1431.0,1720.0,289.0,,2602.291,0.0,34.0,255.0,53.127,,,0.1176,0.8824,,True,completed
1486,pkw,1284.0,1722.0,438.0,,901.772,63.0,246.0,192.0,355.081,,,0.5616,0.4384,,True,completed
1610,pkw,1388.0,1722.0,334.0,,1650.274,57.0,128.0,206.0,183.329,,,0.3832,0.6168,,True,completed
1338,pkw,1169.0,1725.0,556.0,,2078.112,11.0,241.0,315.0,366.816,,,0.4335,0.5665,,True,completed
1652,pkw,1423.0,1725.0,302.0,,1566.334,33.0,75.0,227.0,157.903,,,0.2483,0.7517,,True,completed
1714,pkw,1469.0,1725.0,256.0,,2339.624,0.0,14.0,242.0,39.2,,,0.0547,0.9453,,True,completed
1375,pkw,1194.0,1732.0,538.0,,1727.617,35.0,237.0,301.0,364.616,,,0.4405,0.5595,,True,completed
1705,pkw,1461.0,1737.0,276.0,,2059.552,0.0,34.0,242.0,89.343,,,0.1232,0.8768,,True,completed
1409,pkw,1217.0,1739.0,522.0,,1923.575,31.0,230.0,292.0,340.088,,,0.4406,0.5594,,True,completed
1561,pkw,1347.0,1739.0,392.0,,2072.069,36.0,94.0,298.0,202.961,,,0.2398,0.7602,,True,completed
628,pkw,751.0,1739.0,988.0,,2552.427,36.0,605.0,383.0,755.311,,,0.6123,0.3877,,True,completed
1655,pkw,1424.0,1740.0,316.0,,2915.746,0.0,6.0,310.0,48.443,,,0.019,0.981,,True,completed
1664,pkw,1431.0,1741.0,310.0,,1879.469,36.0,45.0,265.0,102.535,,,0.1452,0.8548,,True,completed
1648,pkw,1417.0,1742.0,325.0,,1781.173,23.0,73.0,252.0,162.903,,,0.2246,0.7754,,True,completed
1844,pkw,1636.0,1744.0,108.0,,975.118,4.0,4.0,104.0,16.359,,,0.037,0.963,,True,completed
418,pkw,613.0,1744.0,1131.0,,2313.087,96.0,881.0,250.0,921.522,,,0.779,0.221,,True,completed
1866,pkw,1658.0,1745.0,87.0,,727.671,0.0,0.0,87.0,9.503,,,0.0,1.0,,True,completed
1699,pkw,1456.0,1746.0,290.0,,2005.104,0.0,41.0,249.0,102.916,,,0.1414,0.8586,,True,completed
1774,pkw,1539.0,1746.0,207.0,,1409.205,16.0,25.0,182.0,78.942,,,0.1208,0.8792,,True,completed
1900,pkw,1698.0,1748.0,50.0,,497.018,0.0,0.0,50.0,2.902,,,0.0,1.0,,True,completed
1764,pkw,1530.0,1750.0,220.0,,1888.162,22.0,22.0,198.0,47.012,,,0.1,0.9,,True,completed
1453,pkw,1245.0,1752.0,507.0,,2825.536,60.0,152.0,355.0,231.271,,,0.2998,0.7002,,True,completed
1301,pkw,1149.0,1753.0,604.0,,2213.414,29.0,278.0,326.0,400.452,,,0.4603,0.5397,,True,completed
1684,pkw,1445.0,1756.0,311.0,,2237.501,5.0,53.0,258.0,103.314,,,0.1704,0.8296,,True,completed
1776,pkw,1541.0,1758.0,217.0,,1648.588,39.0,41.0,176.0,62.01,,,0.1889,0.8111,,True,completed
1590,pkw,1371.0,1759.0,388.0,,2024.187,39.0,131.0,257.0,203.56,,,0.3376,0.6624,,True,completed
1895,pkw,1691.0,1760.0,69.0,,585.894,7.0,7.0,62.0,15.269,,,0.1014,0.8986,,True,completed
404,pkw,604.0,1760.0,1156.0,,2112.728,100.0,901.0,255.0,951.126,,,0.7794,0.2206,,True,completed
1819,pkw,1603.0,1762.0,159.0,,1326.184,10.0,10.0,149.0,28.49,,,0.0629,0.9371,,True,completed
1676,pkw,1440.0,1763.0,323.0,,2142.471,19.0,73.0,250.0,124.591,,,0.226,0.774,,True,completed
1861,pkw,1652.0,1764.0,112.0,,739.491,33.0,33.0,79.0,44.445,,,0.2946,0.7054,,True,completed
1348,pkw,1177.0,1765.0,588.0,,2332.763,21.0,248.0,340.0,366.51,,,0.4218,0.5782,,True,completed
1625,pkw,1401.0,1767.0,366.0,,1026.795,0.0,252.0,114.0,264.428,,,0.6885,0.3115,,True,completed
611,pkw,741.0,1769.0,1028.0,,2251.153,91.0,791.0,237.0,823.325,,,0.7695,0.2305,,True,completed
1354,pkw,1691.0,1770.0,79.0,,669.207,7.0,8.0,71.0,17.509,,,0.1013,0.8987,,True,completed
1112,pkw,1049.0,1772.0,723.0,,2148.864,18.0,416.0,307.0,527.067,,,0.5754,0.4246,,True,completed
1592,pkw,1371.0,1778.0,407.0,,2784.28,28.0,83.0,324.0,153.278,,,0.2039,0.7961,,True,completed
1721,pkw,1477.0,1778.0,301.0,,2077.91,0.0,30.0,271.0,99.032,,,0.0997,0.9003,,True,completed
1675,pkw,1440.0,1779.0,339.0,,1554.243,53.0,124.0,215.0,193.818,,,0.3658,0.6342,,True,completed
1712,pkw,1466.0,1779.0,313.0,,1882.586,38.0,44.0,269.0,100.209,,,0.1406,0.8594,,True,completed
1769,pkw,1535.0,1782.0,247.0,,1888.148,46.0,46.0,201.0,73.852,,,0.1862,0.8138,,True,completed
1806,pkw,1590.0,1782.0,192.0,,1832.826,0.0,5.0,187.0,23.492,,,0.026,0.974,,True,completed
1744,pkw,1503.0,1783.0,280.0,,2130.306,29.0,44.0,236.0,84.98,,,0.1571,0.8429,,True,completed
1752,pkw,1515.0,1785.0,270.0,,2596.033,0.0,12.0,258.0,35.017,,,0.0444,0.9556,,True,completed
1606,pkw,1383.0,1786.0,403.0,,3114.872,0.0,46.0,357.0,117.217,,,0.1141,0.8859,,True,completed
1852,pkw,1644.0,1786.0,142.0,,1270.262,12.0,12.0,130.0,25.635,,,0.0845,0.9155,,True,completed
410,pkw,608.0,1786.0,1178.0,,2551.496,73.0,901.0,277.0,942.396,,,0.7649,0.2351,,True,completed
1786,pkw,1556.0,1789.0,233.0,,2093.914,6.0,22.0,211.0,43.353,,,0.0944,0.9056,,True,completed
1815,pkw,1600.0,1789.0,189.0,,1636.736,0.0,2.0,187.0,25.985,,,0.0106,0.9894,,True,completed
1766,pkw,1533.0,1792.0,259.0,,2035.55,0.0,19.0,240.0,74.141,,,0.0734,0.9266,,True,completed
1818,pkw,1601.0,1793.0,192.0,,1655.899,7.0,14.0,178.0,40.967,,,0.0729,0.9271,,True,completed
1444,pkw,1239.0,1799.0,560.0,,2054.459,67.0,203.0,357.0,355.631,,,0.3625,0.6375,,True,completed
1002,pkw,997.0,,803.0,,849.916,93.0,645.0,158.0,685.877,,,0.8032,0.1968,,False,on_map_at_end
1011,pkw,1001.0,,799.0,,874.269,96.0,688.0,111.0,711.379,,,0.8611,0.1389,,False,on_map_at_end
1012,pkw,1001.0,,799.0,,1915.887,77.0,530.0,269.0,625.406,,,0.6633,0.3367,,False,on_map_at_end
1015,pkw,1002.0,,798.0,,764.189,100.0,702.0,96.0,728.982,,,0.8797,0.1203,,False,on_map_at_end
1020,pkw,1007.0,,793.0,,319.877,86.0,714.0,79.0,764.211,,,0.9004,0.0996,,False,on_map_at_end
1021,pkw,1438.0,,362.0,,1668.169,97.0,184.0,178.0,209.526,,,0.5083,0.4917,,False,on_map_at_end
1023,pkw,1008.0,,792.0,,866.768,94.0,682.0,110.0,705.933,,,0.8611,0.1389,,False,on_map_at_end
1024,pkw,1008.0,,792.0,,449.175,87.0,711.0,81.0,742.401,,,0.8977,0.1023,,False,on_map_at_end
1026,pkw,1009.0,,791.0,,1802.723,97.0,514.0,277.0,610.76,,,0.6498,0.3502,,False,on_map_at_end
1027,pkw,1009.0,,791.0,,1961.649,82.0,512.0,279.0,610.914,,,0.6473,0.3527,,False,on_map_at_end
1028,pkw,1010.0,,790.0,,312.376,86.0,712.0,78.0,761.886,,,0.9013,0.0987,,False,on_map_at_end
1030,pkw,1011.0,,789.0,,1500.099,100.0,584.0,205.0,648.522,,,0.7402,0.2598,,False,on_map_at_end
1033,pkw,1012.0,,788.0,,604.057,100.0,697.0,91.0,733.215,,,0.8845,0.1155,,False,on_map_at_end
1034,pkw,1012.0,,788.0,,756.688,100.0,694.0,94.0,719.441,,,0.8807,0.1193,,False,on_map_at_end
1040,pkw,1017.0,,783.0,,1396.499,76.0,561.0,222.0,643.39,,,0.7165,0.2835,,False,on_map_at_end
1041,pkw,1016.0,,784.0,,1258.426,74.0,547.0,237.0,650.04,,,0.6977,0.3023,,False,on_map_at_end
1048,pkw,1020.0,,780.0,,1937.333,77.0,545.0,235.0,605.153,,,0.6987,0.3013,,False,on_map_at_end
1051,pkw,1022.0,,778.0,,726.684,100.0,680.0,98.0,712.292,,,0.874,0.126,,False,on_map_at_end
1052,pkw,1022.0,,778.0,,2028.979,99.0,432.0,346.0,591.246,,,0.5553,0.4447,,False,on_map_at_end
1056,pkw,1024.0,,776.0,,1972.58,78.0,529.0,247.0,597.932,,,0.6817,0.3183,,False,on_map_at_end
1067,pkw,1030.0,,770.0,,1127.468,76.0,571.0,199.0,664.03,,,0.7416,0.2584,,False,on_map_at_end
1069,pkw,1030.0,,770.0,,2471.376,100.0,431.0,339.0,544.679,,,0.5597,0.4403,,False,on_map_at_end
1078,pkw,1035.0,,765.0,,1375.384,78.0,540.0,225.0,641.007,,,0.7059,0.2941,,False,on_map_at_end
1086,pkw,1038.0,,762.0,,1191.152,78.0,572.0,190.0,651.216,,,0.7507,0.2493,,False,on_map_at_end
1088,pkw,1040.0,,760.0,,1871.924,92.0,527.0,233.0,571.083,,,0.6934,0.3066,,False,on_map_at_end
1090,pkw,1040.0,,760.0,,1884.752,73.0,515.0,245.0,590.21,,,0.6776,0.3224,,False,on_map_at_end
1092,pkw,1041.0,,759.0,,304.875,87.0,683.0,76.0,731.561,,,0.8999,0.1001,,False,on_map_at_end
1095,pkw,1042.0,,758.0,,1281.419,100.0,607.0,151.0,641.132,,,0.8008,0.1992,,False,on_map_at_end
1097,pkw,1043.0,,757.0,,1647.839,96.0,496.0,261.0,591.171,,,0.6552,0.3448,,False,on_map_at_end
1098,pkw,1043.0,,757.0,,297.374,86.0,678.0,79.0,730.236,,,0.8956,0.1044,,False,on_map_at_end
1101,pkw,1044.0,,756.0,,1919.362,92.0,513.0,243.0,582.794,,,0.6786,0.3214,,False,on_map_at_end
1103,pkw,1046.0,,754.0,,1275.936,74.0,541.0,213.0,639.165,,,0.7175,0.2825,,False,on_map_at_end
1104,pkw,1046.0,,754.0,,2168.138,100.0,464.0,290.0,558.082,,,0.6154,0.3846,,False,on_map_at_end
1105,pkw,1047.0,,753.0,,1192.663,96.0,535.0,218.0,629.341,,,0.7105,0.2895,,False,on_map_at_end
1106,pkw,1047.0,,753.0,,1337.964,100.0,586.0,167.0,628.787,,,0.7782,0.2218,,False,on_map_at_end
1119,pkw,1053.0,,747.0,,2812.784,24.0,253.0,494.0,455.363,,,0.3387,0.6613,,False,on_map_at_end
1120,pkw,1053.0,,747.0,,1892.308,74.0,507.0,240.0,576.301,,,0.6787,0.3213,,False,on_map_at_end
1126,pkw,1055.0,,745.0,,1696.408,97.0,426.0,319.0,586.638,,,0.5718,0.4282,,False,on_map_at_end
1127,pkw,1055.0,,745.0,,445.825,100.0,680.0,65.0,704.758,,,0.9128,0.0872,,False,on_map_at_end
1130,pkw,1056.0,,744.0,,289.873,86.0,667.0,77.0,717.911,,,0.8965,0.1035,,False,on_map_at_end
1134,pkw,1061.0,,739.0,,1163.899,100.0,584.0,155.0,633.12,,,0.7903,0.2097,,False,on_map_at_end
1135,pkw,1061.0,,739.0,,29.314,94.0,718.0,21.0,736.362,,,0.9716,0.0284,,False,on_map_at_end
1140,pkw,1066.0,,734.0,,1876.323,91.0,525.0,209.0,563.54,,,0.7153,0.2847,,False,on_map_at_end
1142,pkw,1074.0,,726.0,,2173.036,100.0,434.0,292.0,528.324,,,0.5978,0.4022,,False,on_map_at_end
1144,pkw,1068.0,,732.0,,1152.095,88.0,521.0,211.0,610.552,,,0.7117,0.2883,,False,on_map_at_end
1148,pkw,1069.0,,731.0,,819.912,92.0,578.0,153.0,616.667,,,0.7907,0.2093,,False,on_map_at_end
1150,pkw,1070.0,,730.0,,1992.015,94.0,478.0,252.0,549.532,,,0.6548,0.3452,,False,on_map_at_end
1151,pkw,1071.0,,729.0,,954.818,100.0,607.0,122.0,643.066,,,0.8326,0.1674,,False,on_map_at_end
1153,pkw,1071.0,,729.0,,1632.481,98.0,481.0,248.0,571.252,,,0.6598,0.3402,,False,on_map_at_end
1154,pkw,1072.0,,728.0,,1071.027,84.0,523.0,205.0,625.275,,,0.7184,0.2816,,False,on_map_at_end
1155,pkw,1072.0,,728.0,,2271.716,93.0,428.0,300.0,521.243,,,0.5879,0.4121,,False,on_map_at_end
1156,pkw,1072.0,,728.0,,282.372,87.0,651.0,77.0,702.586,,,0.8942,0.1058,,False,on_map_at_end
1157,pkw,1073.0,,727.0,,704.181,100.0,631.0,96.0,662.805,,,0.868,0.132,,False,on_map_at_end
1158,pkw,1073.0,,727.0,,1109.466,75.0,536.0,191.0,615.865,,,0.7373,0.2627,,False,on_map_at_end
1161,pkw,1075.0,,725.0,,976.228,91.0,560.0,165.0,610.299,,,0.7724,0.2276,,False,on_map_at_end
1164,pkw,1077.0,,723.0,,429.457,94.0,656.0,67.0,676.562,,,0.9073,0.0927,,False,on_map_at_end
1165,pkw,1684.0,,116.0,,1132.136,0.0,3.0,113.0,12.919,,,0.0259,0.9741,,False,on_map_at_end
1170,pkw,1080.0,,720.0,,274.871,85.0,644.0,76.0,695.261,,,0.8944,0.1056,,False,on_map_at_end
1172,pkw,1081.0,,719.0,,916.629,95.0,545.0,174.0,620.921,,,0.758,0.242,,False,on_map_at_end
1179,pkw,1083.0,,717.0,,1623.606,36.0,381.0,336.0,570.027,,,0.5314,0.4686,,False,on_map_at_end
1184,pkw,1087.0,,713.0,,1360.515,90.0,498.0,215.0,582.948,,,0.6985,0.3015,,False,on_map_at_end
1198,pkw,1095.0,,705.0,,829.263,91.0,598.0,107.0,626.469,,,0.8482,0.1518,,False,on_map_at_end
1202,pkw,1098.0,,702.0,,267.37,85.0,635.0,67.0,677.936,,,0.9046,0.0954,,False,on_map_at_end
1205,pkw,1098.0,,702.0,,769.267,76.0,535.0,167.0,627.687,,,0.7621,0.2379,,False,on_map_at_end
1206,pkw,1100.0,,700.0,,2358.812,100.0,391.0,309.0,485.903,,,0.5586,0.4414,,False,on_map_at_end
1207,pkw,1101.0,,699.0,,674.177,100.0,607.0,92.0,637.733,,,0.8684,0.1316,,False,on_map_at_end
1208,pkw,1101.0,,699.0,,3140.949,49.0,207.0,492.0,371.317,,,0.2961,0.7039,,False,on_map_at_end
1212,pkw,1103.0,,697.0,,423.322,100.0,634.0,63.0,658.884,,,0.9096,0.0904,,False,on_map_at_end
1213,pkw,1103.0,,697.0,,666.676,100.0,603.0,94.0,636.661,,,0.8651,0.1349,,False,on_map_at_end
1217,pkw,1105.0,,695.0,,812.411,92.0,548.0,147.0,589.768,,,0.7885,0.2115,,False,on_map_at_end
1221,pkw,1107.0,,693.0,,670.639,89.0,543.0,150.0,628.138,,,0.7835,0.2165,,False,on_map_at_end
1224,pkw,1109.0,,691.0,,1538.163,100.0,451.0,240.0,546.554,,,0.6527,0.3473,,False,on_map_at_end
1226,pkw,1110.0,,690.0,,1749.217,100.0,435.0,255.0,525.029,,,0.6304,0.3696,,False,on_map_at_end
1229,pkw,1114.0,,686.0,,1817.089,38.0,313.0,373.0,509.337,,,0.4563,0.5437,,False,on_map_at_end
1233,pkw,1111.0,,689.0,,1867.534,98.0,441.0,248.0,518.579,,,0.6401,0.3599,,False,on_map_at_end
1234,pkw,1112.0,,688.0,,1724.115,100.0,489.0,199.0,520.215,,,0.7108,0.2892,,False,on_map_at_end
1235,pkw,1112.0,,688.0,,2600.443,94.0,353.0,335.0,448.178,,,0.5131,0.4869,,False,on_map_at_end
1236,pkw,1112.0,,688.0,,853.569,100.0,506.0,182.0,605.848,,,0.7355,0.2645,,False,on_map_at_end
1239,pkw,1115.0,,685.0,,887.248,100.0,502.0,183.0,602.729,,,0.7328,0.2672,,False,on_map_at_end
1246,pkw,1120.0,,680.0,,394.015,93.0,614.0,66.0,636.203,,,0.9029,0.0971,,False,on_map_at_end
1247,pkw,1120.0,,680.0,,2348.879,100.0,385.0,295.0,467.153,,,0.5662,0.4338,,False,on_map_at_end
1250,pkw,1122.0,,678.0,,1574.659,95.0,502.0,176.0,535.621,,,0.7404,0.2596,,False,on_map_at_end
1251,pkw,1122.0,,678.0,,259.869,85.0,620.0,58.0,654.612,,,0.9145,0.0855,,False,on_map_at_end
1252,pkw,1123.0,,677.0,,659.175,100.0,587.0,90.0,617.017,,,0.8671,0.1329,,False,on_map_at_end
1254,pkw,1123.0,,677.0,,1558.267,56.0,328.0,349.0,527.873,,,0.4845,0.5155,,False,on_map_at_end
1255,pkw,1124.0,,676.0,,2341.404,44.0,279.0,397.0,463.755,,,0.4127,0.5873,,False,on_map_at_end
1259,pkw,1125.0,,675.0,,252.368,85.0,616.0,59.0,652.287,,,0.9126,0.0874,,False,on_map_at_end
1264,pkw,1129.0,,671.0,,1864.108,100.0,433.0,238.0,499.262,,,0.6453,0.3547,,False,on_map_at_end
1268,pkw,1131.0,,669.0,,1586.885,100.0,420.0,249.0,517.649,,,0.6278,0.3722,,False,on_map_at_end
1269,pkw,1131.0,,669.0,,879.746,100.0,490.0,179.0,587.836,,,0.7324,0.2676,,False,on_map_at_end
1271,pkw,1132.0,,668.0,,1359.197,100.0,491.0,177.0,522.618,,,0.735,0.265,,False,on_map_at_end
1272,pkw,1136.0,,664.0,,1460.429,100.0,468.0,196.0,527.156,,,0.7048,0.2952,,False,on_map_at_end
1273,pkw,1133.0,,667.0,,1505.231,86.0,478.0,189.0,531.125,,,0.7166,0.2834,,False,on_map_at_end
1274,pkw,1133.0,,667.0,,406.954,92.0,604.0,63.0,627.522,,,0.9055,0.0945,,False,on_map_at_end
1275,pkw,1134.0,,666.0,,1971.915,41.0,293.0,373.0,469.516,,,0.4399,0.5601,,False,on_map_at_end
1279,pkw,1139.0,,661.0,,1002.259,93.0,495.0,166.0,561.442,,,0.7489,0.2511,,False,on_map_at_end
1280,pkw,1139.0,,661.0,,1522.794,54.0,305.0,356.0,509.665,,,0.4614,0.5386,,False,on_map_at_end
1284,pkw,1141.0,,659.0,,1002.855,87.0,499.0,160.0,568.191,,,0.7572,0.2428,,False,on_map_at_end
1291,pkw,1145.0,,655.0,,244.866,85.0,597.0,58.0,632.962,,,0.9115,0.0885,,False,on_map_at_end
1293,pkw,1145.0,,655.0,,1834.138,95.0,439.0,216.0,488.591,,,0.6702,0.3298,,False,on_map_at_end
1294,pkw,1146.0,,654.0,,629.17,100.0,569.0,85.0,597.136,,,0.87,0.13,,False,on_map_at_end
1295,pkw,1146.0,,654.0,,806.76,90.0,545.0,109.0,577.083,,,0.8333,0.1667,,False,on_map_at_end
1302,pkw,1149.0,,651.0,,237.365,85.0,594.0,57.0,629.637,,,0.9124,0.0876,,False,on_map_at_end
1305,pkw,1150.0,,650.0,,373.181,100.0,582.0,68.0,616.413,,,0.8954,0.1046,,False,on_map_at_end
1306,pkw,1150.0,,650.0,,355.812,100.0,584.0,66.0,617.977,,,0.8985,0.1015,,False,on_map_at_end
1308,pkw,1151.0,,649.0,,229.864,84.0,592.0,57.0,628.312,,,0.9122,0.0878,,False,on_map_at_end
1310,pkw,1152.0,,648.0,,222.363,85.0,590.0,58.0,627.987,,,0.9105,0.0895,,False,on_map_at_end
1313,pkw,1155.0,,645.0,,2033.157,93.0,412.0,233.0,454.084,,,0.6388,0.3612,,False,on_map_at_end
1314,pkw,1156.0,,644.0,,1261.748,100.0,504.0,140.0,526.002,,,0.7826,0.2174,,False,on_map_at_end
1316,pkw,1156.0,,644.0,,614.168,100.0,555.0,89.0,588.45,,,0.8618,0.1382,,False,on_map_at_end
1317,pkw,1156.0,,644.0,,691.167,100.0,553.0,91.0,580.653,,,0.8587,0.1413,,False,on_map_at_end
1318,pkw,1156.0,,644.0,,1856.607,100.0,408.0,236.0,474.385,,,0.6335,0.3665,,False,on_map_at_end
1319,pkw,1158.0,,642.0,,1037.341,99.0,458.0,184.0,536.586,,,0.7134,0.2866,,False,on_map_at_end
1326,pkw,1161.0,,639.0,,2191.224,100.0,352.0,287.0,440.476,,,0.5509,0.4491,,False,on_map_at_end
1333,pkw,1165.0,,635.0,,2168.472,100.0,349.0,286.0,438.349,,,0.5496,0.4504,,False,on_map_at_end
1335,pkw,1166.0,,634.0,,1280.236,97.0,446.0,188.0,509.606,,,0.7035,0.2965,,False,on_map_at_end
1336,pkw,1167.0,,633.0,,1686.528,100.0,386.0,247.0,471.224,,,0.6098,0.3902,,False,on_map_at_end
1341,pkw,1169.0,,631.0,,799.987,100.0,481.0,150.0,558.669,,,0.7623,0.2377,,False,on_map_at_end
1342,pkw,1173.0,,627.0,,799.259,90.0,514.0,113.0,548.193,,,0.8198,0.1802,,False,on_map_at_end
1345,pkw,1175.0,,625.0,,2128.619,100.0,337.0,288.0,431.734,,,0.5392,0.4608,,False,on_map_at_end
1346,pkw,1177.0,,623.0,,789.908,88.0,451.0,172.0,492.038,,,0.7239,0.2761,,False,on_map_at_end
1353,pkw,1181.0,,619.0,,1464.187,100.0,374.0,245.0,471.728,,,0.6042,0.3958,,False,on_map_at_end
1361,pkw,1188.0,,612.0,,2030.438,100.0,333.0,279.0,427.461,,,0.5441,0.4559,,False,on_map_at_end
1363,pkw,1188.0,,612.0,,532.528,97.0,485.0,127.0,564.013,,,0.7925,0.2075,,False,on_map_at_end
1364,pkw,1190.0,,610.0,,1419.181,100.0,377.0,233.0,467.559,,,0.618,0.382,,False,on_map_at_end
1365,pkw,1190.0,,610.0,,1248.09,100.0,414.0,196.0,488.2,,,0.6787,0.3213,,False,on_map_at_end
1366,pkw,1190.0,,610.0,,519.055,100.0,461.0,149.0,559.206,,,0.7557,0.2443,,False,on_map_at_end
1367,pkw,1190.0,,610.0,,1459.953,100.0,397.0,213.0,475.411,,,0.6508,0.3492,,False,on_map_at_end
1369,pkw,1191.0,,609.0,,786.059,100.0,440.0,169.0,534.245,,,0.7225,0.2775,,False,on_map_at_end
1371,pkw,1694.0,,106.0,,984.453,3.0,5.0,101.0,16.993,,,0.0472,0.9528,,False,on_map_at_end
1372,pkw,1192.0,,608.0,,1841.605,100.0,355.0,253.0,438.28,,,0.5839,0.4161,,False,on_map_at_end
1374,pkw,1194.0,,606.0,,1238.936,100.0,478.0,128.0,493.203,,,0.7888,0.2112,,False,on_map_at_end
1380,pkw,1199.0,,601.0,,1460.247,100.0,386.0,215.0,458.707,,,0.6423,0.3577,,False,on_map_at_end
1384,pkw,1201.0,,599.0,,214.862,83.0,542.0,57.0,579.662,,,0.9048,0.0952,,False,on_map_at_end
1388,pkw,1203.0,,597.0,,996.187,100.0,412.0,185.0,487.448,,,0.6901,0.3099,,False,on_map_at_end
1389,pkw,1204.0,,596.0,,1941.911,13.0,211.0,385.0,397.608,,,0.354,0.646,,False,on_map_at_end
1390,pkw,1204.0,,596.0,,207.361,83.0,540.0,56.0,577.337,,,0.906,0.094,,False,on_map_at_end
1392,pkw,1205.0,,595.0,,1472.908,100.0,373.0,222.0,456.191,,,0.6269,0.3731,,False,on_map_at_end
1393,pkw,1207.0,,593.0,,1464.804,62.0,352.0,241.0,461.002,,,0.5936,0.4064,,False,on_map_at_end
1399,pkw,1213.0,,587.0,,1772.692,100.0,343.0,244.0,425.84,,,0.5843,0.4157,,False,on_map_at_end
1404,pkw,1214.0,,586.0,,97.824,92.0,565.0,21.0,576.208,,,0.9642,0.0358,,False,on_map_at_end
1405,pkw,1214.0,,586.0,,199.86,84.0,532.0,54.0,568.012,,,0.9078,0.0922,,False,on_map_at_end
1406,pkw,1215.0,,585.0,,2677.707,56.0,139.0,446.0,295.881,,,0.2376,0.7624,,False,on_map_at_end
1408,pkw,1215.0,,585.0,,1776.61,100.0,353.0,232.0,424.038,,,0.6034,0.3966,,False,on_map_at_end
1410,pkw,1218.0,,582.0,,660.006,100.0,423.0,159.0,520.408,,,0.7268,0.2732,,False,on_map_at_end
1411,pkw,1218.0,,582.0,,192.359,82.0,526.0,56.0,564.688,,,0.9038,0.0962,,False,on_map_at_end
1413,pkw,1219.0,,581.0,,1617.307,100.0,350.0,231.0,434.351,,,0.6024,0.3976,,False,on_map_at_end
1414,pkw,1219.0,,581.0,,1477.596,100.0,367.0,214.0,439.914,,,0.6317,0.3683,,False,on_map_at_end
1417,pkw,1221.0,,579.0,,2089.983,92.0,342.0,237.0,385.381,,,0.5907,0.4093,,False,on_map_at_end
1420,pkw,1221.0,,579.0,,319.469,100.0,542.0,37.0,550.083,,,0.9361,0.0639,,False,on_map_at_end
1423,pkw,1224.0,,576.0,,1369.873,53.0,226.0,350.0,438.54,,,0.3924,0.6076,,False,on_map_at_end
1430,pkw,1230.0,,570.0,,818.594,100.0,472.0,98.0,496.326,,,0.8281,0.1719,,False,on_map_at_end
1431,pkw,1232.0,,568.0,,2206.229,78.0,214.0,354.0,360.983,,,0.3768,0.6232,,False,on_map_at_end
1432,pkw,1232.0,,568.0,,1512.157,82.0,327.0,241.0,431.103,,,0.5757,0.4243,,False,on_map_at_end
1435,pkw,1233.0,,567.0,,754.894,100.0,423.0,144.0,498.783,,,0.746,0.254,,False,on_map_at_end
1437,pkw,1234.0,,566.0,,1411.68,100.0,340.0,226.0,427.784,,,0.6007,0.3993,,False,on_map_at_end
1438,pkw,1234.0,,566.0,,2082.382,92.0,320.0,246.0,360.095,,,0.5654,0.4346,,False,on_map_at_end
1439,pkw,1235.0,,565.0,,811.093,100.0,465.0,100.0,492.001,,,0.823,0.177,,False,on_map_at_end
1442,pkw,1238.0,,562.0,,1624.342,21.0,225.0,337.0,407.634,,,0.4004,0.5996,,False,on_map_at_end
1448,pkw,1241.0,,559.0,,2210.773,100.0,324.0,235.0,353.3,,,0.5796,0.4204,,False,on_map_at_end
1451,pkw,1243.0,,557.0,,1589.758,60.0,287.0,270.0,413.138,,,0.5153,0.4847,,False,on_map_at_end
1454,pkw,1249.0,,551.0,,1597.259,62.0,282.0,269.0,405.565,,,0.5118,0.4882,,False,on_map_at_end
1460,pkw,1255.0,,545.0,,1836.838,74.0,221.0,324.0,363.869,,,0.4055,0.5945,,False,on_map_at_end
1465,pkw,1260.0,,540.0,,1329.754,100.0,332.0,208.0,415.014,,,0.6148,0.3852,,False,on_map_at_end
1466,pkw,1264.0,,536.0,,1085.094,100.0,381.0,155.0,421.976,,,0.7108,0.2892,,False,on_map_at_end
1467,pkw,1264.0,,536.0,,1528.333,92.0,359.0,177.0,397.749,,,0.6698,0.3302,,False,on_map_at_end
1470,pkw,1265.0,,535.0,,858.071,100.0,392.0,143.0,433.42,,,0.7327,0.2673,,False,on_map_at_end
1471,pkw,1266.0,,534.0,,707.207,100.0,387.0,147.0,470.049,,,0.7247,0.2753,,False,on_map_at_end
1472,pkw,1267.0,,533.0,,1429.507,40.0,276.0,257.0,404.343,,,0.5178,0.4822,,False,on_map_at_end
1473,pkw,1269.0,,531.0,,699.706,100.0,383.0,148.0,468.025,,,0.7213,0.2787,,False,on_map_at_end
148,pkw,287.0,,1513.0,,773.979,100.0,1398.0,115.0,1433.524,,,0.924,0.076,,False,on_map_at_end
1482,pkw,1282.0,,518.0,,1168.011,100.0,341.0,177.0,412.664,,,0.6583,0.3417,,False,on_map_at_end
1487,pkw,1284.0,,516.0,,2678.606,42.0,134.0,382.0,266.614,,,0.2597,0.7403,,False,on_map_at_end
1492,pkw,1289.0,,511.0,,1947.927,100.0,270.0,241.0,334.659,,,0.5284,0.4716,,False,on_map_at_end
1493,pkw,1290.0,,510.0,,1186.738,100.0,367.0,143.0,394.484,,,0.7196,0.2804,,False,on_map_at_end
1494,pkw,1291.0,,509.0,,184.858,82.0,453.0,56.0,492.363,,,0.89,0.11,,False,on_map_at_end
1495,pkw,1291.0,,509.0,,1201.431,100.0,386.0,123.0,400.482,,,0.7583,0.2417,,False,on_map_at_end
1496,pkw,1291.0,,509.0,,21.743,95.0,498.0,11.0,507.043,,,0.9784,0.0216,,False,on_map_at_end
1497,pkw,1291.0,,509.0,,948.089,100.0,329.0,180.0,408.788,,,0.6464,0.3536,,False,on_map_at_end
1499,pkw,1293.0,,507.0,,767.405,88.0,348.0,159.0,382.29,,,0.6864,0.3136,,False,on_map_at_end
1506,pkw,1300.0,,500.0,,1396.678,100.0,291.0,209.0,365.503,,,0.582,0.418,,False,on_map_at_end
1511,pkw,1307.0,,493.0,,1940.426,100.0,257.0,236.0,317.084,,,0.5213,0.4787,,False,on_map_at_end
1512,pkw,1308.0,,492.0,,177.357,84.0,440.0,52.0,476.038,,,0.8943,0.1057,,False,on_map_at_end
1527,pkw,1321.0,,479.0,,169.856,85.0,425.0,54.0,463.713,,,0.8873,0.1127,,False,on_map_at_end
1528,pkw,1322.0,,478.0,,632.196,100.0,348.0,130.0,420.961,,,0.728,0.272,,False,on_map_at_end
1533,pkw,1324.0,,476.0,,326.506,89.0,407.0,69.0,439.95,,,0.855,0.145,,False,on_map_at_end
1534,pkw,1327.0,,473.0,,2145.317,100.0,247.0,226.0,277.03,,,0.5222,0.4778,,False,on_map_at_end
1537,pkw,1329.0,,471.0,,162.355,85.0,420.0,51.0,456.388,,,0.8917,0.1083,,False,on_map_at_end
1539,pkw,1330.0,,470.0,,1649.634,100.0,264.0,206.0,320.355,,,0.5617,0.4383,,False,on_map_at_end
1540,pkw,1330.0,,470.0,,354.447,88.0,407.0,63.0,436.447,,,0.866,0.134,,False,on_map_at_end
1541,pkw,1330.0,,470.0,,758.585,100.0,370.0,100.0,401.727,,,0.7872,0.2128,,False,on_map_at_end
1542,pkw,1331.0,,469.0,,385.322,100.0,421.0,48.0,433.563,,,0.8977,0.1023,,False,on_map_at_end
1543,pkw,1332.0,,468.0,,1526.257,100.0,281.0,187.0,311.313,,,0.6004,0.3996,,False,on_map_at_end
1546,pkw,1335.0,,465.0,,1535.915,100.0,297.0,168.0,326.367,,,0.6387,0.3613,,False,on_map_at_end
1547,pkw,1335.0,,465.0,,1934.165,6.0,126.0,339.0,274.301,,,0.271,0.729,,False,on_map_at_end
1550,pkw,1337.0,,463.0,,884.159,100.0,312.0,151.0,364.449,,,0.6739,0.3261,,False,on_map_at_end
1551,pkw,1338.0,,462.0,,741.686,100.0,322.0,140.0,391.944,,,0.697,0.303,,False,on_map_at_end
1553,pkw,1340.0,,460.0,,2157.529,95.0,240.0,220.0,263.516,,,0.5217,0.4783,,False,on_map_at_end
1554,pkw,1342.0,,458.0,,2000.068,100.0,249.0,209.0,275.813,,,0.5437,0.4563,,False,on_map_at_end
1556,pkw,1343.0,,457.0,,379.071,100.0,348.0,109.0,422.358,,,0.7615,0.2385,,False,on_map_at_end
1558,pkw,1344.0,,456.0,,154.854,84.0,408.0,48.0,442.063,,,0.8947,0.1053,,False,on_map_at_end
1559,pkw,1344.0,,456.0,,1751.986,100.0,271.0,185.0,294.952,,,0.5943,0.4057,,False,on_map_at_end
1562,pkw,1347.0,,453.0,,759.904,89.0,315.0,138.0,339.743,,,0.6954,0.3046,,False,on_map_at_end
1563,pkw,1348.0,,452.0,,280.873,100.0,350.0,102.0,426.354,,,0.7743,0.2257,,False,on_map_at_end
1566,pkw,1349.0,,451.0,,515.45,100.0,388.0,63.0,404.083,,,0.8603,0.1397,,False,on_map_at_end
1568,pkw,1350.0,,450.0,,1814.335,35.0,126.0,324.0,267.206,,,0.28,0.72,,False,on_map_at_end
1572,pkw,1352.0,,448.0,,1533.969,100.0,250.0,198.0,309.686,,,0.558,0.442,,False,on_map_at_end
1574,pkw,1354.0,,446.0,,1082.458,100.0,300.0,146.0,347.841,,,0.6726,0.3274,,False,on_map_at_end
1575,pkw,1353.0,,447.0,,1640.671,100.0,267.0,180.0,299.134,,,0.5973,0.4027,,False,on_map_at_end
1576,pkw,1354.0,,446.0,,1029.756,48.0,184.0,262.0,349.272,,,0.4126,0.5874,,False,on_map_at_end
1578,pkw,1355.0,,445.0,,147.353,85.0,396.0,49.0,431.738,,,0.8899,0.1101,,False,on_map_at_end
1579,pkw,1358.0,,442.0,,673.769,100.0,313.0,129.0,378.172,,,0.7081,0.2919,,False,on_map_at_end
1580,pkw,1362.0,,438.0,,1528.414,100.0,275.0,163.0,300.163,,,0.6279,0.3721,,False,on_map_at_end
1582,pkw,1365.0,,435.0,,1615.01,100.0,236.0,199.0,280.246,,,0.5425,0.4575,,False,on_map_at_end
1583,pkw,1365.0,,435.0,,459.889,100.0,380.0,55.0,389.489,,,0.8736,0.1264,,False,on_map_at_end
1584,pkw,1366.0,,434.0,,1055.234,100.0,251.0,183.0,307.113,,,0.5783,0.4217,,False,on_map_at_end
1585,pkw,1366.0,,434.0,,507.949,100.0,374.0,60.0,387.748,,,0.8618,0.1382,,False,on_map_at_end
1586,pkw,1367.0,,433.0,,139.852,84.0,384.0,49.0,420.413,,,0.8868,0.1132,,False,on_map_at_end
1588,pkw,1368.0,,432.0,,624.695,100.0,298.0,134.0,375.545,,,0.6898,0.3102,,False,on_map_at_end
1591,pkw,1371.0,,429.0,,1414.505,30.0,197.0,232.0,301.658,,,0.4592,0.5408,,False,on_map_at_end
1593,pkw,1372.0,,428.0,,477.944,100.0,364.0,64.0,384.175,,,0.8505,0.1495,,False,on_map_at_end
1595,pkw,1373.0,,427.0,,1400.573,100.0,243.0,184.0,297.102,,,0.5691,0.4309,,False,on_map_at_end
1596,pkw,1518.0,,282.0,,122.469,100.0,251.0,31.0,270.978,,,0.8901,0.1099,,False,on_map_at_end
1597,pkw,1375.0,,425.0,,945.009,100.0,291.0,134.0,324.472,,,0.6847,0.3153,,False,on_map_at_end
1599,pkw,1376.0,,424.0,,2370.432,34.0,91.0,333.0,191.721,,,0.2146,0.7854,,False,on_map_at_end
1600,pkw,1380.0,,420.0,,462.942,100.0,367.0,53.0,378.004,,,0.8738,0.1262,,False,on_map_at_end
1601,pkw,1380.0,,420.0,,2061.547,10.0,148.0,272.0,233.547,,,0.3524,0.6476,,False,on_map_at_end
1602,pkw,1381.0,,419.0,,625.088,100.0,292.0,127.0,354.371,,,0.6969,0.3031,,False,on_map_at_end
1604,pkw,1381.0,,419.0,,2303.938,100.0,170.0,249.0,205.389,,,0.4057,0.5943,,False,on_map_at_end
1605,pkw,1382.0,,418.0,,854.155,100.0,276.0,142.0,330.242,,,0.6603,0.3397,,False,on_map_at_end
1607,pkw,1384.0,,416.0,,2011.411,39.0,117.0,299.0,219.26,,,0.2812,0.7188,,False,on_map_at_end
1609,pkw,1387.0,,413.0,,2470.068,9.0,71.0,342.0,156.481,,,0.1719,0.8281,,False,on_map_at_end
1611,pkw,1389.0,,411.0,,2115.193,100.0,196.0,215.0,219.589,,,0.4769,0.5231,,False,on_map_at_end
1612,pkw,1391.0,,409.0,,204.587,100.0,371.0,38.0,390.587,,,0.9071,0.0929,,False,on_map_at_end
1613,pkw,1391.0,,409.0,,890.765,100.0,257.0,152.0,310.605,,,0.6284,0.3716,,False,on_map_at_end
1621,pkw,1398.0,,402.0,,2333.139,1.0,78.0,324.0,171.629,,,0.194,0.806,,False,on_map_at_end
1623,pkw,1398.0,,402.0,,1339.812,40.0,116.0,286.0,273.626,,,0.2886,0.7114,,False,on_map_at_end
1627,pkw,1402.0,,398.0,,752.403,88.0,275.0,123.0,299.331,,,0.691,0.309,,False,on_map_at_end
1628,pkw,1403.0,,397.0,,1122.465,3.0,246.0,151.0,274.005,,,0.6196,0.3804,,False,on_map_at_end
1629,pkw,1404.0,,396.0,,609.693,100.0,266.0,130.0,340.731,,,0.6717,0.3283,,False,on_map_at_end
1635,pkw,1409.0,,391.0,,444.959,100.0,341.0,50.0,350.953,,,0.8721,0.1279,,False,on_map_at_end
1638,pkw,1410.0,,390.0,,977.036,100.0,256.0,134.0,301.802,,,0.6564,0.3436,,False,on_map_at_end
1639,pkw,1411.0,,389.0,,305.577,100.0,291.0,98.0,355.27,,,0.7481,0.2519,,False,on_map_at_end
1641,pkw,1412.0,,388.0,,132.351,86.0,341.0,47.0,376.088,,,0.8789,0.1211,,False,on_map_at_end
1642,pkw,1412.0,,388.0,,602.192,100.0,260.0,128.0,333.663,,,0.6701,0.3299,,False,on_map_at_end
1650,pkw,1422.0,,378.0,,492.039,100.0,315.0,63.0,333.302,,,0.8333,0.1667,,False,on_map_at_end
1657,pkw,1426.0,,374.0,,1854.278,100.0,186.0,188.0,206.572,,,0.4973,0.5027,,False,on_map_at_end
1662,pkw,1430.0,,370.0,,746.752,89.0,276.0,94.0,299.217,,,0.7459,0.2541,,False,on_map_at_end
1663,pkw,1431.0,,369.0,,1256.954,100.0,235.0,134.0,251.969,,,0.6369,0.3631,,False,on_map_at_end
1666,pkw,1432.0,,368.0,,1223.579,100.0,223.0,145.0,240.28,,,0.606,0.394,,False,on_map_at_end
1667,pkw,1434.0,,366.0,,124.85,84.0,323.0,43.0,354.763,,,0.8825,0.1175,,False,on_map_at_end
1669,pkw,1434.0,,366.0,,1008.573,62.0,146.0,220.0,274.203,,,0.3989,0.6011,,False,on_map_at_end
1670,pkw,1436.0,,364.0,,729.9,88.0,224.0,140.0,252.149,,,0.6154,0.3846,,False,on_map_at_end
1671,pkw,1437.0,,363.0,,117.349,84.0,322.0,41.0,352.439,,,0.8871,0.1129,,False,on_map_at_end
1673,pkw,1439.0,,361.0,,109.848,83.0,320.0,41.0,351.114,,,0.8864,0.1136,,False,on_map_at_end
1678,pkw,1441.0,,359.0,,1261.39,100.0,212.0,147.0,242.511,,,0.5905,0.4095,,False,on_map_at_end
1682,pkw,1444.0,,356.0,,1842.678,0.0,86.0,270.0,177.599,,,0.2416,0.7584,,False,on_map_at_end
1683,pkw,1445.0,,355.0,,1551.656,100.0,192.0,163.0,212.145,,,0.5408,0.4592,,False,on_map_at_end
1685,pkw,1445.0,,355.0,,1753.594,98.0,169.0,186.0,195.613,,,0.4761,0.5239,,False,on_map_at_end
1686,pkw,1446.0,,354.0,,1525.627,100.0,194.0,160.0,215.18,,,0.548,0.452,,False,on_map_at_end
1687,pkw,1446.0,,354.0,,579.689,100.0,254.0,100.0,301.508,,,0.7175,0.2825,,False,on_map_at_end
1688,pkw,1446.0,,354.0,,739.251,89.0,266.0,88.0,284.31,,,0.7514,0.2486,,False,on_map_at_end
1689,pkw,1447.0,,353.0,,741.232,100.0,231.0,122.0,267.732,,,0.6544,0.3456,,False,on_map_at_end
1690,pkw,1740.0,,60.0,,553.011,1.0,2.0,58.0,9.864,,,0.0333,0.9667,,False,on_map_at_end
1692,pkw,1451.0,,349.0,,1325.239,96.0,198.0,151.0,225.359,,,0.5673,0.4327,,False,on_map_at_end
1694,pkw,1451.0,,349.0,,1007.23,41.0,105.0,244.0,254.903,,,0.3009,0.6991,,False,on_map_at_end
1695,pkw,1452.0,,348.0,,102.347,83.0,317.0,31.0,338.789,,,0.9109,0.0891,,False,on_map_at_end
1696,pkw,1454.0,,346.0,,437.458,100.0,299.0,47.0,306.628,,,0.8642,0.1358,,False,on_map_at_end
1697,pkw,1455.0,,345.0,,1950.912,99.0,137.0,208.0,163.037,,,0.3971,0.6029,,False,on_map_at_end
1698,pkw,1456.0,,344.0,,429.957,100.0,295.0,49.0,305.303,,,0.8576,0.1424,,False,on_map_at_end
1701,pkw,1456.0,,344.0,,1801.687,32.0,88.0,256.0,180.145,,,0.2558,0.7442,,False,on_map_at_end
1703,pkw,1459.0,,341.0,,914.111,100.0,226.0,115.0,243.544,,,0.6628,0.3372,,False,on_map_at_end
1706,pkw,1461.0,,339.0,,1298.131,100.0,188.0,151.0,206.457,,,0.5546,0.4454,,False,on_map_at_end
1709,pkw,1464.0,,336.0,,1523.478,100.0,181.0,155.0,198.07,,,0.5387,0.4613,,False,on_map_at_end
171,pkw,315.0,,1485.0,,766.478,100.0,1361.0,124.0,1398.167,,,0.9165,0.0835,,False,on_map_at_end
1710,pkw,1465.0,,335.0,,1245.285,100.0,201.0,134.0,222.283,,,0.6,0.4,,False,on_map_at_end
1711,pkw,1465.0,,335.0,,733.731,100.0,221.0,114.0,258.436,,,0.6597,0.3403,,False,on_map_at_end
1717,pkw,1473.0,,327.0,,549.685,100.0,243.0,84.0,276.807,,,0.7431,0.2569,,False,on_map_at_end
1718,pkw,1473.0,,327.0,,2394.348,20.0,43.0,284.0,109.526,,,0.1315,0.8685,,False,on_map_at_end
1719,pkw,1475.0,,325.0,,511.146,100.0,257.0,68.0,278.818,,,0.7908,0.2092,,False,on_map_at_end
1720,pkw,1477.0,,323.0,,1165.724,100.0,203.0,120.0,216.757,,,0.6285,0.3715,,False,on_map_at_end
1723,pkw,1481.0,,319.0,,94.845,84.0,293.0,26.0,310.464,,,0.9185,0.0815,,False,on_map_at_end
1725,pkw,1486.0,,314.0,,932.639,100.0,183.0,131.0,198.368,,,0.5828,0.4172,,False,on_map_at_end
1726,pkw,1486.0,,314.0,,1421.897,100.0,169.0,145.0,184.639,,,0.5382,0.4618,,False,on_map_at_end
1729,pkw,1490.0,,310.0,,87.344,84.0,284.0,26.0,302.139,,,0.9161,0.0839,,False,on_map_at_end
1730,pkw,1490.0,,310.0,,422.456,100.0,261.0,49.0,271.979,,,0.8419,0.1581,,False,on_map_at_end
1731,pkw,1490.0,,310.0,,1334.909,10.0,92.0,218.0,185.58,,,0.2968,0.7032,,False,on_map_at_end
1732,pkw,1491.0,,309.0,,79.843,83.0,279.0,30.0,301.814,,,0.9029,0.0971,,False,on_map_at_end
1733,pkw,1491.0,,309.0,,835.657,51.0,121.0,188.0,233.609,,,0.3916,0.6084,,False,on_map_at_end
1734,pkw,1491.0,,309.0,,1359.463,23.0,101.0,208.0,179.757,,,0.3269,0.6731,,False,on_map_at_end
1737,pkw,1495.0,,305.0,,1441.969,100.0,159.0,146.0,175.221,,,0.5213,0.4787,,False,on_map_at_end
1741,pkw,1502.0,,298.0,,1270.477,100.0,167.0,131.0,179.713,,,0.5604,0.4396,,False,on_map_at_end
1742,pkw,1502.0,,298.0,,1549.033,100.0,142.0,156.0,157.674,,,0.4765,0.5235,,False,on_map_at_end
1743,pkw,1502.0,,298.0,,496.144,100.0,243.0,55.0,253.027,,,0.8154,0.1846,,False,on_map_at_end
1746,pkw,1505.0,,295.0,,1320.648,96.0,115.0,180.0,168.651,,,0.3898,0.6102,,False,on_map_at_end
1747,pkw,1507.0,,293.0,,488.643,100.0,241.0,52.0,248.553,,,0.8225,0.1775,,False,on_map_at_end
1749,pkw,1509.0,,291.0,,2124.34,5.0,12.0,279.0,45.837,,,0.0412,0.9588,,False,on_map_at_end
1750,pkw,1512.0,,288.0,,1924.696,40.0,57.0,231.0,111.675,,,0.1979,0.8021,,False,on_map_at_end
1751,pkw,1513.0,,287.0,,2074.776,44.0,64.0,223.0,98.495,,,0.223,0.777,,False,on_map_at_end
1753,pkw,1515.0,,285.0,,72.342,83.0,258.0,27.0,278.489,,,0.9053,0.0947,,False,on_map_at_end
1754,pkw,1518.0,,282.0,,401.521,100.0,230.0,52.0,244.277,,,0.8156,0.1844,,False,on_map_at_end
1755,pkw,1518.0,,282.0,,462.035,100.0,228.0,54.0,240.149,,,0.8085,0.1915,,False,on_map_at_end
1756,pkw,1519.0,,281.0,,1956.099,14.0,14.0,267.0,53.208,,,0.0498,0.9502,,False,on_map_at_end
1758,pkw,1520.0,,280.0,,1410.813,100.0,138.0,142.0,151.113,,,0.4929,0.5071,,False,on_map_at_end
1759,pkw,1520.0,,280.0,,753.168,100.0,182.0,98.0,200.575,,,0.65,0.35,,False,on_map_at_end
1760,pkw,1521.0,,279.0,,2022.493,69.0,68.0,211.0,85.262,,,0.2437,0.7563,,False,on_map_at_end
1761,pkw,1522.0,,278.0,,414.955,100.0,229.0,49.0,240.654,,,0.8237,0.1763,,False,on_map_at_end
1762,pkw,1524.0,,276.0,,64.841,81.0,248.0,28.0,270.164,,,0.8986,0.1014,,False,on_map_at_end
1763,pkw,1527.0,,273.0,,57.34,82.0,246.0,27.0,267.839,,,0.9011,0.0989,,False,on_map_at_end
1765,pkw,1532.0,,268.0,,1370.521,100.0,127.0,141.0,144.396,,,0.4739,0.5261,,False,on_map_at_end
1768,pkw,1534.0,,266.0,,2014.984,46.0,56.0,210.0,76.784,,,0.2105,0.7895,,False,on_map_at_end
1770,pkw,1536.0,,264.0,,1799.988,20.0,26.0,238.0,63.221,,,0.0985,0.9015,,False,on_map_at_end
1771,pkw,1538.0,,262.0,,49.839,82.0,236.0,26.0,257.514,,,0.9008,0.0992,,False,on_map_at_end
1772,pkw,1538.0,,262.0,,1901.849,66.0,67.0,195.0,88.365,,,0.2557,0.7443,,False,on_map_at_end
1773,pkw,1746.0,,54.0,,519.15,0.0,0.0,54.0,3.725,,,0.0,1.0,,False,on_map_at_end
1778,pkw,1546.0,,254.0,,42.338,82.0,230.0,24.0,250.19,,,0.9055,0.0945,,False,on_map_at_end
1779,pkw,1549.0,,251.0,,701.745,85.0,152.0,99.0,183.28,,,0.6056,0.3944,,False,on_map_at_end
1780,pkw,1549.0,,251.0,,1087.293,21.0,71.0,180.0,151.043,,,0.2829,0.7171,,False,on_map_at_end
1781,pkw,1551.0,,249.0,,481.142,100.0,197.0,52.0,204.987,,,0.7912,0.2088,,False,on_map_at_end
1782,pkw,1551.0,,249.0,,407.454,100.0,208.0,41.0,212.329,,,0.8353,0.1647,,False,on_map_at_end
1783,pkw,1552.0,,248.0,,466.14,100.0,195.0,53.0,205.744,,,0.7863,0.2137,,False,on_map_at_end
1784,pkw,1554.0,,246.0,,2259.03,0.0,0.0,246.0,22.454,,,0.0,1.0,,False,on_map_at_end
1785,pkw,1555.0,,245.0,,34.837,81.0,221.0,24.0,241.865,,,0.902,0.098,,False,on_map_at_end
1787,pkw,1559.0,,241.0,,1880.345,20.0,29.0,212.0,71.416,,,0.1203,0.8797,,False,on_map_at_end
1788,pkw,1559.0,,241.0,,528.969,100.0,176.0,65.0,183.725,,,0.7303,0.2697,,False,on_map_at_end
1789,pkw,1564.0,,236.0,,294.439,88.0,188.0,48.0,207.054,,,0.7966,0.2034,,False,on_map_at_end
1790,pkw,1564.0,,236.0,,1886.847,39.0,40.0,196.0,64.205,,,0.1695,0.8305,,False,on_map_at_end
1791,pkw,1565.0,,235.0,,1526.927,36.0,35.0,200.0,64.147,,,0.1489,0.8511,,False,on_map_at_end
1792,pkw,1565.0,,235.0,,1255.475,100.0,110.0,125.0,119.294,,,0.4681,0.5319,,False,on_map_at_end
1793,pkw,1565.0,,235.0,,1971.237,0.0,0.0,235.0,23.456,,,0.0,1.0,,False,on_map_at_end
1794,pkw,1565.0,,235.0,,394.02,100.0,186.0,49.0,197.042,,,0.7915,0.2085,,False,on_map_at_end
1795,pkw,1566.0,,234.0,,837.352,100.0,147.0,87.0,156.951,,,0.6282,0.3718,,False,on_map_at_end
1796,pkw,1567.0,,233.0,,458.639,100.0,183.0,50.0,191.461,,,0.7854,0.2146,,False,on_map_at_end
1799,pkw,1580.0,,220.0,,747.534,100.0,143.0,77.0,152.064,,,0.65,0.35,,False,on_map_at_end
180,pkw,324.0,,1476.0,,758.977,100.0,1356.0,120.0,1401.704,,,0.9187,0.0813,,False,on_map_at_end
1800,pkw,1582.0,,218.0,,1868.403,2.0,13.0,205.0,39.265,,,0.0596,0.9404,,False,on_map_at_end
1801,pkw,1584.0,,216.0,,1344.379,84.0,83.0,133.0,93.56,,,0.3843,0.6157,,False,on_map_at_end
1802,pkw,1584.0,,216.0,,476.462,100.0,146.0,70.0,161.0,,,0.6759,0.3241,,False,on_map_at_end
1803,pkw,1584.0,,216.0,,1434.468,63.0,74.0,142.0,86.897,,,0.3426,0.6574,,False,on_map_at_end
1804,pkw,1585.0,,215.0,,1215.936,67.0,83.0,132.0,103.419,,,0.386,0.614,,False,on_map_at_end
1805,pkw,1587.0,,213.0,,999.444,12.0,51.0,162.0,120.826,,,0.2394,0.7606,,False,on_map_at_end
1807,pkw,1590.0,,210.0,,266.497,86.0,161.0,49.0,180.781,,,0.7667,0.2333,,False,on_map_at_end
1808,pkw,1591.0,,209.0,,1756.066,32.0,32.0,177.0,50.244,,,0.1531,0.8469,,False,on_map_at_end
1809,pkw,1591.0,,209.0,,1711.944,14.0,17.0,192.0,52.846,,,0.0813,0.9187,,False,on_map_at_end
181,pkw,327.0,,1473.0,,751.476,100.0,1350.0,123.0,1400.856,,,0.9165,0.0835,,False,on_map_at_end
1810,pkw,1592.0,,208.0,,1699.027,14.0,21.0,187.0,51.362,,,0.101,0.899,,False,on_map_at_end
1811,pkw,1593.0,,207.0,,1944.948,7.0,8.0,199.0,30.344,,,0.0386,0.9614,,False,on_map_at_end
1812,pkw,1596.0,,204.0,,1453.256,0.0,2.0,202.0,22.813,,,0.0098,0.9902,,False,on_map_at_end
1813,pkw,1597.0,,203.0,,258.996,86.0,152.0,51.0,173.202,,,0.7488,0.2512,,False,on_map_at_end
1814,pkw,1598.0,,202.0,,491.166,100.0,149.0,53.0,156.207,,,0.7376,0.2624,,False,on_map_at_end
1816,pkw,1600.0,,200.0,,1695.731,0.0,24.0,176.0,45.942,,,0.12,0.88,,False,on_map_at_end
1817,pkw,1601.0,,199.0,,1937.518,8.0,8.0,191.0,23.853,,,0.0402,0.9598,,False,on_map_at_end
1820,pkw,1606.0,,194.0,,1208.435,65.0,68.0,126.0,84.37,,,0.3505,0.6495,,False,on_map_at_end
1822,pkw,1608.0,,192.0,,197.884,87.0,148.0,44.0,170.553,,,0.7708,0.2292,,False,on_map_at_end
1823,pkw,1608.0,,192.0,,1857.155,0.0,0.0,192.0,12.957,,,0.0,1.0,,False,on_map_at_end
1824,pkw,1610.0,,190.0,,1508.513,35.0,35.0,155.0,53.716,,,0.1842,0.8158,,False,on_map_at_end
1825,pkw,1611.0,,189.0,,27.336,82.0,166.0,23.0,186.54,,,0.8783,0.1217,,False,on_map_at_end
1826,pkw,1613.0,,187.0,,32.457,100.0,178.0,9.0,184.079,,,0.9519,0.0481,,False,on_map_at_end
1827,pkw,1614.0,,186.0,,1359.648,43.0,42.0,144.0,55.43,,,0.2258,0.7742,,False,on_map_at_end
1828,pkw,1616.0,,184.0,,1135.379,75.0,74.0,110.0,81.815,,,0.4022,0.5978,,False,on_map_at_end
1829,pkw,1617.0,,183.0,,1397.77,19.0,23.0,160.0,49.792,,,0.1257,0.8743,,False,on_map_at_end
1830,pkw,1617.0,,183.0,,1255.129,24.0,31.0,152.0,65.061,,,0.1694,0.8306,,False,on_map_at_end
1831,pkw,1618.0,,182.0,,1082.29,4.0,39.0,143.0,74.547,,,0.2143,0.7857,,False,on_map_at_end
1832,pkw,1618.0,,182.0,,686.743,86.0,94.0,88.0,113.302,,,0.5165,0.4835,,False,on_map_at_end
1833,pkw,1619.0,,181.0,,115.063,100.0,162.0,19.0,170.644,,,0.895,0.105,,False,on_map_at_end
1835,pkw,1623.0,,177.0,,1631.797,14.0,14.0,163.0,29.812,,,0.0791,0.9209,,False,on_map_at_end
1836,pkw,1628.0,,172.0,,399.953,100.0,131.0,41.0,136.004,,,0.7616,0.2384,,False,on_map_at_end
1837,pkw,1628.0,,172.0,,654.868,18.0,17.0,155.0,41.666,,,0.0988,0.9012,,False,on_map_at_end
1838,pkw,1629.0,,171.0,,591.69,100.0,109.0,62.0,117.705,,,0.6374,0.3626,,False,on_map_at_end
1839,pkw,1629.0,,171.0,,1408.039,22.0,22.0,149.0,43.133,,,0.1287,0.8713,,False,on_map_at_end
1840,pkw,1630.0,,170.0,,1674.578,0.0,0.0,170.0,15.52,,,0.0,1.0,,False,on_map_at_end
1841,pkw,1634.0,,166.0,,975.659,29.0,28.0,138.0,65.437,,,0.1687,0.8313,,False,on_map_at_end
1842,pkw,1635.0,,165.0,,1358.306,23.0,25.0,140.0,40.911,,,0.1515,0.8485,,False,on_map_at_end
1843,pkw,1635.0,,165.0,,19.835,81.0,143.0,22.0,163.215,,,0.8667,0.1333,,False,on_map_at_end
1845,pkw,1636.0,,164.0,,1376.774,10.0,10.0,154.0,25.429,,,0.061,0.939,,False,on_map_at_end
1846,pkw,1637.0,,163.0,,1391.282,11.0,14.0,149.0,37.783,,,0.0859,0.9141,,False,on_map_at_end
1847,pkw,1638.0,,162.0,,880.327,48.0,48.0,114.0,62.401,,,0.2963,0.7037,,False,on_map_at_end
1848,pkw,1638.0,,162.0,,944.172,3.0,3.0,159.0,41.38,,,0.0185,0.9815,,False,on_map_at_end
1849,pkw,1639.0,,161.0,,153.006,100.0,141.0,20.0,146.954,,,0.8758,0.1242,,False,on_map_at_end
1850,pkw,1640.0,,160.0,,1329.644,12.0,11.0,149.0,29.541,,,0.0688,0.9313,,False,on_map_at_end
1851,pkw,1643.0,,157.0,,1188.075,30.0,29.0,128.0,46.926,,,0.1847,0.8153,,False,on_map_at_end
1853,pkw,1644.0,,156.0,,563.407,85.0,91.0,65.0,101.118,,,0.5833,0.4167,,False,on_map_at_end
1854,pkw,1645.0,,155.0,,834.318,27.0,35.0,120.0,75.866,,,0.2258,0.7742,,False,on_map_at_end
1855,pkw,1647.0,,153.0,,1598.458,0.0,0.0,153.0,8.317,,,0.0,1.0,,False,on_map_at_end
1856,pkw,1647.0,,153.0,,1455.487,1.0,1.0,152.0,12.941,,,0.0065,0.9935,,False,on_map_at_end
1857,pkw,1649.0,,151.0,,1052.885,4.0,4.0,147.0,21.375,,,0.0265,0.9735,,False,on_map_at_end
1858,pkw,1649.0,,151.0,,819.214,36.0,35.0,116.0,64.474,,,0.2318,0.7682,,False,on_map_at_end
1859,pkw,1650.0,,150.0,,1245.136,19.0,19.0,131.0,37.361,,,0.1267,0.8733,,False,on_map_at_end
1862,pkw,1653.0,,147.0,,1102.907,33.0,33.0,114.0,46.668,,,0.2245,0.7755,,False,on_map_at_end
1863,pkw,1654.0,,146.0,,12.334,81.0,123.0,23.0,144.89,,,0.8425,0.1575,,False,on_map_at_end
1864,pkw,1654.0,,146.0,,392.452,100.0,107.0,39.0,110.679,,,0.7329,0.2671,,False,on_map_at_end
1865,pkw,1655.0,,145.0,,218.421,100.0,120.0,25.0,125.079,,,0.8276,0.1724,,False,on_map_at_end
1867,pkw,1658.0,,142.0,,476.164,93.0,92.0,50.0,97.264,,,0.6479,0.3521,,False,on_map_at_end
1868,pkw,1662.0,,138.0,,24.804,100.0,130.0,8.0,135.434,,,0.942,0.058,,False,on_map_at_end
1869,pkw,1665.0,,135.0,,906.921,18.0,18.0,117.0,40.654,,,0.1333,0.8667,,False,on_map_at_end
1870,pkw,1666.0,,134.0,,843.325,13.0,14.0,120.0,34.076,,,0.1045,0.8955,,False,on_map_at_end
1871,pkw,1667.0,,133.0,,1215.161,5.0,5.0,128.0,22.327,,,0.0376,0.9624,,False,on_map_at_end
1872,pkw,1668.0,,132.0,,1380.0,0.0,0.0,132.0,6.965,,,0.0,1.0,,False,on_map_at_end
1874,pkw,1669.0,,131.0,,1140.729,3.0,3.0,128.0,20.452,,,0.0229,0.9771,,False,on_map_at_end
1875,pkw,1670.0,,130.0,,1324.511,0.0,0.0,130.0,7.301,,,0.0,1.0,,False,on_map_at_end
1876,pkw,1671.0,,129.0,,1151.879,16.0,15.0,114.0,24.469,,,0.1163,0.8837,,False,on_map_at_end
1877,pkw,1671.0,,129.0,,1179.491,8.0,8.0,121.0,21.956,,,0.062,0.938,,False,on_map_at_end
1878,pkw,1672.0,,128.0,,877.33,40.0,39.0,89.0,48.087,,,0.3047,0.6953,,False,on_map_at_end
1879,pkw,1673.0,,127.0,,1171.318,0.0,0.0,127.0,9.866,,,0.0,1.0,,False,on_map_at_end
1880,pkw,1675.0,,125.0,,1227.074,0.0,0.0,125.0,13.056,,,0.0,1.0,,False,on_map_at_end
1881,pkw,1680.0,,120.0,,544.138,52.0,51.0,69.0,59.234,,,0.425,0.575,,False,on_map_at_end
1882,pkw,1681.0,,119.0,,1190.308,0.0,0.0,119.0,11.747,,,0.0,1.0,,False,on_map_at_end
1883,pkw,1681.0,,119.0,,1263.475,0.0,0.0,119.0,4.887,,,0.0,1.0,,False,on_map_at_end
1884,pkw,1681.0,,119.0,,909.889,21.0,20.0,99.0,33.095,,,0.1681,0.8319,,False,on_map_at_end
1885,pkw,1681.0,,119.0,,1033.19,3.0,3.0,116.0,19.389,,,0.0252,0.9748,,False,on_map_at_end
1886,pkw,1682.0,,118.0,,543.907,39.0,38.0,80.0,46.633,,,0.322,0.678,,False,on_map_at_end
1887,pkw,1682.0,,118.0,,967.77,2.0,14.0,104.0,28.687,,,0.1186,0.8814,,False,on_map_at_end
1888,pkw,1683.0,,117.0,,702.528,42.0,42.0,75.0,53.503,,,0.359,0.641,,False,on_map_at_end
1889,pkw,1684.0,,116.0,,880.23,3.0,3.0,113.0,16.822,,,0.0259,0.9741,,False,on_map_at_end
1890,pkw,1688.0,,112.0,,985.756,10.0,11.0,101.0,22.429,,,0.0982,0.9018,,False,on_map_at_end
1891,pkw,1689.0,,111.0,,1160.087,0.0,0.0,111.0,6.04,,,0.0,1.0,,False,on_map_at_end
1893,pkw,1691.0,,109.0,,1127.73,0.0,0.0,109.0,6.605,,,0.0,1.0,,False,on_map_at_end
1894,pkw,1691.0,,109.0,,693.858,18.0,17.0,92.0,29.069,,,0.156,0.844,,False,on_map_at_end
1896,pkw,1692.0,,108.0,,1127.29,0.0,0.0,108.0,6.185,,,0.0,1.0,,False,on_map_at_end
1897,pkw,1695.0,,105.0,,922.043,8.0,8.0,97.0,20.999,,,0.0762,0.9238,,False,on_map_at_end
1898,pkw,1772.0,,28.0,,4.833,18.0,17.0,11.0,27.565,,,0.6071,0.3929,,False,on_map_at_end
1899,pkw,1696.0,,104.0,,678.856,14.0,13.0,91.0,28.924,,,0.125,0.875,,False,on_map_at_end
190,pkw,338.0,,1462.0,,743.975,100.0,1346.0,116.0,1386.31,,,0.9207,0.0793,,False,on_map_at_end
1902,pkw,1701.0,,99.0,,907.293,5.0,5.0,94.0,16.5,,,0.0505,0.9495,,False,on_map_at_end
1903,pkw,1702.0,,98.0,,984.696,0.0,0.0,98.0,8.484,,,0.0,1.0,,False,on_map_at_end
1904,pkw,1702.0,,98.0,,1037.833,0.0,0.0,98.0,4.594,,,0.0,1.0,,False,on_map_at_end
1905,pkw,1704.0,,96.0,,888.682,7.0,7.0,89.0,14.529,,,0.0729,0.9271,,False,on_map_at_end
1906,pkw,1704.0,,96.0,,887.969,3.0,3.0,93.0,15.193,,,0.0312,0.9688,,False,on_map_at_end
1907,pkw,1705.0,,95.0,,822.072,0.0,0.0,95.0,20.242,,,0.0,1.0,,False,on_map_at_end
1909,pkw,1708.0,,92.0,,937.932,0.0,0.0,92.0,6.798,,,0.0,1.0,,False,on_map_at_end
1910,pkw,1709.0,,91.0,,658.34,14.0,14.0,77.0,29.065,,,0.1538,0.8462,,False,on_map_at_end
1911,pkw,1709.0,,91.0,,810.103,0.0,0.0,91.0,7.411,,,0.0,1.0,,False,on_map_at_end
1912,pkw,1709.0,,91.0,,454.359,43.0,42.0,49.0,49.317,,,0.4615,0.5385,,False,on_map_at_end
1913,pkw,1711.0,,89.0,,97.449,76.0,75.0,14.0,78.34,,,0.8427,0.1573,,False,on_map_at_end
1914,pkw,1712.0,,88.0,,529.887,21.0,21.0,67.0,32.453,,,0.2386,0.7614,,False,on_map_at_end
1915,pkw,1712.0,,88.0,,501.077,33.0,33.0,55.0,41.27,,,0.375,0.625,,False,on_map_at_end
1916,pkw,1712.0,,88.0,,751.319,10.0,11.0,77.0,20.316,,,0.125,0.875,,False,on_map_at_end
1917,pkw,1713.0,,87.0,,854.361,0.0,0.0,87.0,5.455,,,0.0,1.0,,False,on_map_at_end
1918,pkw,1715.0,,85.0,,594.137,0.0,0.0,85.0,8.064,,,0.0,1.0,,False,on_map_at_end
1919,pkw,1715.0,,85.0,,888.302,0.0,0.0,85.0,4.728,,,0.0,1.0,,False,on_map_at_end
1921,pkw,1716.0,,84.0,,536.183,1.0,1.0,83.0,12.51,,,0.0119,0.9881,,False,on_map_at_end
1922,pkw,1716.0,,84.0,,384.951,45.0,44.0,40.0,49.354,,,0.5238,0.4762,,False,on_map_at_end
1923,pkw,1718.0,,82.0,,829.363,0.0,0.0,82.0,6.255,,,0.0,1.0,,False,on_map_at_end
1924,pkw,1723.0,,77.0,,631.203,4.0,4.0,73.0,18.961,,,0.0519,0.9481,,False,on_map_at_end
1925,pkw,1724.0,,76.0,,714.064,0.0,0.0,76.0,4.77,,,0.0,1.0,,False,on_map_at_end
1926,pkw,1730.0,,70.0,,384.179,32.0,31.0,39.0,35.424,,,0.4429,0.5571,,False,on_map_at_end
1927,pkw,1731.0,,69.0,,600.034,0.0,0.0,69.0,7.075,,,0.0,1.0,,False,on_map_at_end
1928,pkw,1732.0,,68.0,,554.572,1.0,1.0,67.0,8.202,,,0.0147,0.9853,,False,on_map_at_end
1929,pkw,1732.0,,68.0,,671.421,0.0,0.0,68.0,6.462,,,0.0,1.0,,False,on_map_at_end
1930,pkw,1734.0,,66.0,,597.449,5.0,5.0,61.0,12.229,,,0.0758,0.9242,,False,on_map_at_end
1931,pkw,1736.0,,64.0,,623.026,0.0,0.0,64.0,7.927,,,0.0,1.0,,False,on_map_at_end
1932,pkw,1737.0,,63.0,,593.781,3.0,3.0,60.0,9.559,,,0.0476,0.9524,,False,on_map_at_end
1933,pkw,1739.0,,61.0,,624.204,0.0,0.0,61.0,3.991,,,0.0,1.0,,False,on_map_at_end
1934,pkw,1740.0,,60.0,,617.235,0.0,0.0,60.0,2.808,,,0.0,1.0,,False,on_map_at_end
1935,pkw,1740.0,,60.0,,462.666,4.0,4.0,56.0,12.876,,,0.0667,0.9333,,False,on_map_at_end
1936,pkw,1740.0,,60.0,,318.074,0.0,0.0,60.0,5.298,,,0.0,1.0,,False,on_map_at_end
1937,pkw,1740.0,,60.0,,439.357,14.0,13.0,47.0,19.894,,,0.2167,0.7833,,False,on_map_at_end
1938,pkw,1741.0,,59.0,,589.16,0.0,0.0,59.0,5.975,,,0.0,1.0,,False,on_map_at_end
1939,pkw,1744.0,,56.0,,547.582,0.0,0.0,56.0,6.226,,,0.0,1.0,,False,on_map_at_end
1940,pkw,1743.0,,57.0,,462.771,0.0,0.0,57.0,6.74,,,0.0,1.0,,False,on_map_at_end
1941,pkw,1744.0,,56.0,,89.948,43.0,42.0,14.0,45.546,,,0.75,0.25,,False,on_map_at_end
1942,pkw,1745.0,,55.0,,533.106,0.0,0.0,55.0,5.708,,,0.0,1.0,,False,on_map_at_end
1943,pkw,1745.0,,55.0,,365.058,0.0,0.0,55.0,8.131,,,0.0,1.0,,False,on_map_at_end
1944,pkw,1746.0,,54.0,,167.859,30.0,29.0,25.0,34.386,,,0.537,0.463,,False,on_map_at_end
1945,pkw,1747.0,,53.0,,557.451,0.0,0.0,53.0,2.644,,,0.0,1.0,,False,on_map_at_end
1946,pkw,1749.0,,51.0,,419.14,5.0,5.0,46.0,12.998,,,0.098,0.902,,False,on_map_at_end
1947,pkw,1750.0,,50.0,,355.315,0.0,0.0,50.0,4.923,,,0.0,1.0,,False,on_map_at_end
1948,pkw,1751.0,,49.0,,459.561,0.0,0.0,49.0,3.657,,,0.0,1.0,,False,on_map_at_end
1949,pkw,1752.0,,48.0,,502.556,0.0,0.0,48.0,2.469,,,0.0,1.0,,False,on_map_at_end
1950,pkw,1755.0,,45.0,,363.802,2.0,2.0,43.0,12.257,,,0.0444,0.9556,,False,on_map_at_end
1951,pkw,1756.0,,44.0,,464.586,0.0,0.0,44.0,2.187,,,0.0,1.0,,False,on_map_at_end
1952,pkw,1756.0,,44.0,,251.61,10.0,10.0,34.0,21.149,,,0.2273,0.7727,,False,on_map_at_end
1953,pkw,1756.0,,44.0,,398.264,0.0,0.0,44.0,4.672,,,0.0,1.0,,False,on_map_at_end
1954,pkw,1758.0,,42.0,,383.277,3.0,2.0,40.0,7.505,,,0.0476,0.9524,,False,on_map_at_end
1956,pkw,1762.0,,38.0,,217.07,0.0,0.0,38.0,3.892,,,0.0,1.0,,False,on_map_at_end
1957,pkw,1763.0,,37.0,,256.346,1.0,1.0,36.0,13.813,,,0.027,0.973,,False,on_map_at_end
1958,pkw,1764.0,,36.0,,277.292,0.0,0.0,36.0,11.043,,,0.0,1.0,,False,on_map_at_end
1959,pkw,1765.0,,35.0,,286.712,0.0,0.0,35.0,2.906,,,0.0,1.0,,False,on_map_at_end
196,pkw,341.0,,1459.0,,1085.338,100.0,1252.0,207.0,1310.476,,,0.8581,0.1419,,False,on_map_at_end
1960,pkw,1766.0,,34.0,,343.409,0.0,0.0,34.0,1.686,,,0.0,1.0,,False,on_map_at_end
1961,pkw,1767.0,,33.0,,268.659,5.0,4.0,29.0,8.82,,,0.1212,0.8788,,False,on_map_at_end
1962,pkw,1769.0,,31.0,,168.386,1.0,1.0,30.0,7.532,,,0.0323,0.9677,,False,on_map_at_end
1963,pkw,1773.0,,27.0,,285.018,0.0,0.0,27.0,1.348,,,0.0,1.0,,False,on_map_at_end
1964,pkw,1775.0,,25.0,,185.009,5.0,6.0,19.0,8.349,,,0.24,0.76,,False,on_map_at_end
1965,pkw,1776.0,,24.0,,252.605,0.0,0.0,24.0,1.265,,,0.0,1.0,,False,on_map_at_end
1966,pkw,1777.0,,23.0,,165.975,0.0,0.0,23.0,2.696,,,0.0,1.0,,False,on_map_at_end
1967,pkw,1779.0,,21.0,,200.896,0.0,0.0,21.0,2.919,,,0.0,1.0,,False,on_map_at_end
1968,pkw,1781.0,,19.0,,102.379,3.0,2.0,17.0,9.016,,,0.1053,0.8947,,False,on_map_at_end
1969,pkw,1784.0,,16.0,,117.928,0.0,0.0,16.0,4.638,,,0.0,1.0,,False,on_map_at_end
1970,pkw,1784.0,,16.0,,170.63,0.0,0.0,16.0,0.643,,,0.0,1.0,,False,on_map_at_end
1971,pkw,1786.0,,14.0,,128.282,0.0,0.0,14.0,0.538,,,0.0,1.0,,False,on_map_at_end
1972,pkw,1787.0,,13.0,,101.813,0.0,0.0,13.0,1.153,,,0.0,1.0,,False,on_map_at_end
1973,pkw,1790.0,,10.0,,105.414,0.0,0.0,10.0,0.513,,,0.0,1.0,,False,on_map_at_end
1974,pkw,1790.0,,10.0,,106.153,0.0,0.0,10.0,0.446,,,0.0,1.0,,False,on_map_at_end
1975,pkw,1790.0,,10.0,,106.412,0.0,0.0,10.0,0.423,,,0.0,1.0,,False,on_map_at_end
1976,pkw,1791.0,,9.0,,86.259,0.0,0.0,9.0,1.237,,,0.0,1.0,,False,on_map_at_end
1977,pkw,1791.0,,9.0,,94.753,0.0,0.0,9.0,0.472,,,0.0,1.0,,False,on_map_at_end
1978,pkw,1792.0,,8.0,,59.098,0.0,0.0,8.0,1.257,,,0.0,1.0,,False,on_map_at_end
1979,pkw,1794.0,,6.0,,64.719,0.0,0.0,6.0,0.175,,,0.0,1.0,,False,on_map_at_end
1980,pkw,1794.0,,6.0,,33.104,0.0,1.0,5.0,3.021,,,0.1667,0.8333,,False,on_map_at_end
1981,pkw,1799.0,,1.0,,10.377,0.0,0.0,1.0,0.066,,,0.0,1.0,,False,on_map_at_end
1982,pkw,1799.0,,1.0,,9.701,0.0,0.0,1.0,0.127,,,0.0,1.0,,False,on_map_at_end
204,pkw,355.0,,1445.0,,736.474,100.0,1336.0,109.0,1375.696,,,0.9246,0.0754,,False,on_map_at_end
225,pkw,390.0,,1410.0,,666.943,100.0,1309.0,101.0,1344.911,,,0.9284,0.0716,,False,on_map_at_end
237,pkw,408.0,,1392.0,,605.831,100.0,1302.0,90.0,1334.352,,,0.9353,0.0647,,False,on_map_at_end
239,pkw,411.0,,1389.0,,706.812,100.0,1286.0,103.0,1320.671,,,0.9258,0.0742,,False,on_map_at_end
255,pkw,435.0,,1365.0,,691.81,100.0,1263.0,102.0,1298.605,,,0.9253,0.0747,,False,on_map_at_end
270,pkw,449.0,,1351.0,,765.083,98.0,1195.0,156.0,1220.349,,,0.8845,0.1155,,False,on_map_at_end
278,pkw,454.0,,1346.0,,668.169,100.0,1255.0,91.0,1281.721,,,0.9324,0.0676,,False,on_map_at_end
310,pkw,495.0,,1305.0,,660.668,100.0,1213.0,92.0,1240.657,,,0.9295,0.0705,,False,on_map_at_end
314,pkw,498.0,,1302.0,,653.167,100.0,1210.0,92.0,1240.487,,,0.9293,0.0707,,False,on_map_at_end
320,pkw,507.0,,1293.0,,2186.086,100.0,884.0,409.0,961.224,,,0.6837,0.3163,,False,on_map_at_end
331,pkw,515.0,,1285.0,,645.666,100.0,1194.0,91.0,1224.405,,,0.9292,0.0708,,False,on_map_at_end
347,pkw,540.0,,1260.0,,1071.949,100.0,1129.0,131.0,1159.407,,,0.896,0.104,,False,on_map_at_end
361,pkw,554.0,,1246.0,,1205.379,97.0,1079.0,167.0,1136.589,,,0.866,0.134,,False,on_map_at_end
367,pkw,561.0,,1239.0,,638.165,100.0,1154.0,85.0,1179.466,,,0.9314,0.0686,,False,on_map_at_end
381,pkw,579.0,,1221.0,,2073.696,96.0,984.0,237.0,1034.057,,,0.8059,0.1941,,False,on_map_at_end
385,pkw,586.0,,1214.0,,616.194,100.0,1131.0,83.0,1155.439,,,0.9316,0.0684,,False,on_map_at_end
395,pkw,599.0,,1201.0,,481.138,100.0,1128.0,73.0,1149.52,,,0.9392,0.0608,,False,on_map_at_end
405,pkw,604.0,,1196.0,,607.539,100.0,1116.0,80.0,1140.414,,,0.9331,0.0669,,False,on_map_at_end
409,pkw,607.0,,1193.0,,1009.659,96.0,1068.0,125.0,1100.897,,,0.8952,0.1048,,False,on_map_at_end
411,pkw,608.0,,1192.0,,600.038,100.0,1114.0,78.0,1136.177,,,0.9346,0.0654,,False,on_map_at_end
415,pkw,611.0,,1189.0,,634.638,100.0,1094.0,95.0,1126.96,,,0.9201,0.0799,,False,on_map_at_end
423,pkw,614.0,,1186.0,,713.832,92.0,1095.0,91.0,1122.295,,,0.9233,0.0767,,False,on_map_at_end
433,pkw,619.0,,1181.0,,2597.365,100.0,883.0,298.0,943.213,,,0.7477,0.2523,,False,on_map_at_end
457,pkw,633.0,,1167.0,,1056.947,100.0,1029.0,138.0,1065.019,,,0.8817,0.1183,,False,on_map_at_end
471,pkw,639.0,,1161.0,,1021.46,100.0,982.0,179.0,1068.045,,,0.8458,0.1542,,False,on_map_at_end
476,pkw,643.0,,1157.0,,592.537,100.0,1078.0,79.0,1102.645,,,0.9317,0.0683,,False,on_map_at_end
48,pkw,87.0,,1713.0,,2364.716,81.0,1377.0,336.0,1482.745,,,0.8039,0.1961,,False,on_map_at_end
490,pkw,659.0,,1141.0,,585.036,100.0,1060.0,81.0,1087.588,,,0.929,0.071,,False,on_map_at_end
502,pkw,666.0,,1134.0,,1041.945,100.0,1001.0,133.0,1034.213,,,0.8827,0.1173,,False,on_map_at_end
507,pkw,669.0,,1131.0,,1026.943,100.0,990.0,141.0,1028.752,,,0.8753,0.1247,,False,on_map_at_end
509,pkw,672.0,,1128.0,,577.535,100.0,1049.0,79.0,1074.76,,,0.93,0.07,,False,on_map_at_end
510,pkw,673.0,,1127.0,,552.409,100.0,1049.0,78.0,1077.283,,,0.9308,0.0692,,False,on_map_at_end
515,pkw,680.0,,1120.0,,606.386,100.0,1023.0,97.0,1059.568,,,0.9134,0.0866,,False,on_map_at_end
518,pkw,682.0,,1118.0,,544.908,100.0,1040.0,78.0,1068.958,,,0.9302,0.0698,,False,on_map_at_end
521,pkw,684.0,,1116.0,,1019.442,100.0,981.0,135.0,1017.788,,,0.879,0.121,,False,on_map_at_end
532,pkw,690.0,,1110.0,,1551.033,99.0,915.0,195.0,963.99,,,0.8243,0.1757,,False,on_map_at_end
533,pkw,690.0,,1110.0,,995.089,100.0,929.0,181.0,977.21,,,0.8369,0.1631,,False,on_map_at_end
550,pkw,701.0,,1099.0,,1011.941,100.0,964.0,135.0,1001.888,,,0.8772,0.1228,,False,on_map_at_end
552,pkw,703.0,,1097.0,,2261.646,95.0,840.0,257.0,892.332,,,0.7657,0.2343,,False,on_map_at_end
555,pkw,706.0,,1094.0,,537.407,100.0,1012.0,82.0,1045.633,,,0.925,0.075,,False,on_map_at_end
556,pkw,708.0,,1092.0,,529.906,100.0,1010.0,82.0,1044.308,,,0.9249,0.0751,,False,on_map_at_end
559,pkw,709.0,,1091.0,,522.405,100.0,1009.0,82.0,1043.983,,,0.9248,0.0752,,False,on_map_at_end
560,pkw,709.0,,1091.0,,2435.028,100.0,821.0,270.0,864.019,,,0.7525,0.2475,,False,on_map_at_end
566,pkw,713.0,,1087.0,,604.634,100.0,992.0,95.0,1024.968,,,0.9126,0.0874,,False,on_map_at_end
580,pkw,722.0,,1078.0,,514.904,100.0,996.0,82.0,1031.658,,,0.9239,0.0761,,False,on_map_at_end
604,pkw,738.0,,1062.0,,1004.44,100.0,932.0,130.0,968.827,,,0.8776,0.1224,,False,on_map_at_end
606,pkw,738.0,,1062.0,,1353.698,95.0,899.0,163.0,935.298,,,0.8465,0.1535,,False,on_map_at_end
607,pkw,739.0,,1061.0,,507.403,100.0,984.0,77.0,1015.333,,,0.9274,0.0726,,False,on_map_at_end
610,pkw,740.0,,1060.0,,2051.915,94.0,806.0,254.0,859.843,,,0.7604,0.2396,,False,on_map_at_end
612,pkw,742.0,,1058.0,,1625.771,100.0,860.0,198.0,897.433,,,0.8129,0.1871,,False,on_map_at_end
614,pkw,743.0,,1057.0,,499.902,100.0,981.0,76.0,1012.008,,,0.9281,0.0719,,False,on_map_at_end
615,pkw,743.0,,1057.0,,1506.449,95.0,885.0,172.0,920.848,,,0.8373,0.1627,,False,on_map_at_end
619,pkw,747.0,,1053.0,,1593.197,87.0,830.0,223.0,891.662,,,0.7882,0.2118,,False,on_map_at_end
642,pkw,763.0,,1037.0,,492.401,100.0,960.0,77.0,992.683,,,0.9257,0.0743,,False,on_map_at_end
645,pkw,766.0,,1034.0,,2032.467,98.0,799.0,235.0,849.173,,,0.7727,0.2273,,False,on_map_at_end
648,pkw,768.0,,1032.0,,1451.165,84.0,816.0,216.0,881.4,,,0.7907,0.2093,,False,on_map_at_end
65,pkw,114.0,,1686.0,,1086.725,100.0,1495.0,191.0,1583.346,,,0.8867,0.1133,,False,on_map_at_end
651,pkw,769.0,,1031.0,,872.577,98.0,917.0,114.0,951.919,,,0.8894,0.1106,,False,on_map_at_end
655,pkw,771.0,,1029.0,,484.9,100.0,953.0,76.0,985.359,,,0.9261,0.0739,,False,on_map_at_end
658,pkw,772.0,,1028.0,,2099.879,95.0,808.0,220.0,838.387,,,0.786,0.214,,False,on_map_at_end
664,pkw,780.0,,1020.0,,980.087,100.0,852.0,168.0,901.431,,,0.8353,0.1647,,False,on_map_at_end
668,pkw,781.0,,1019.0,,1312.518,89.0,846.0,173.0,891.499,,,0.8302,0.1698,,False,on_map_at_end
672,pkw,782.0,,1018.0,,989.438,100.0,883.0,135.0,923.003,,,0.8674,0.1326,,False,on_map_at_end
693,pkw,798.0,,1002.0,,1008.009,91.0,873.0,129.0,908.434,,,0.8713,0.1287,,False,on_map_at_end
698,pkw,803.0,,997.0,,1348.31,100.0,837.0,160.0,874.802,,,0.8395,0.1605,,False,on_map_at_end
701,pkw,805.0,,995.0,,1992.305,80.0,728.0,267.0,808.145,,,0.7317,0.2683,,False,on_map_at_end
702,pkw,805.0,,995.0,,477.399,100.0,918.0,77.0,952.034,,,0.9226,0.0774,,False,on_map_at_end
703,pkw,805.0,,995.0,,972.585,100.0,810.0,185.0,859.655,,,0.8141,0.1859,,False,on_map_at_end
706,pkw,807.0,,993.0,,993.007,95.0,863.0,130.0,896.871,,,0.8691,0.1309,,False,on_map_at_end
707,pkw,808.0,,992.0,,469.898,100.0,916.0,76.0,949.709,,,0.9234,0.0766,,False,on_map_at_end
711,pkw,809.0,,991.0,,462.397,100.0,914.0,77.0,949.384,,,0.9223,0.0777,,False,on_map_at_end
712,pkw,811.0,,989.0,,454.896,100.0,909.0,80.0,948.059,,,0.9191,0.0809,,False,on_map_at_end
713,pkw,810.0,,990.0,,589.278,100.0,812.0,178.0,831.014,,,0.8202,0.1798,,False,on_map_at_end
716,pkw,812.0,,988.0,,1692.644,78.0,763.0,225.0,831.018,,,0.7723,0.2277,,False,on_map_at_end
721,pkw,815.0,,985.0,,950.082,96.0,795.0,190.0,864.245,,,0.8071,0.1929,,False,on_map_at_end
728,pkw,822.0,,978.0,,447.394,99.0,901.0,77.0,937.734,,,0.9213,0.0787,,False,on_map_at_end
730,pkw,823.0,,977.0,,1453.556,84.0,788.0,189.0,846.179,,,0.8066,0.1934,,False,on_map_at_end
732,pkw,823.0,,977.0,,439.893,98.0,900.0,77.0,937.409,,,0.9212,0.0788,,False,on_map_at_end
733,pkw,824.0,,976.0,,1989.612,81.0,715.0,261.0,792.809,,,0.7326,0.2674,,False,on_map_at_end
738,pkw,826.0,,974.0,,842.033,100.0,866.0,108.0,897.98,,,0.8891,0.1109,,False,on_map_at_end
739,pkw,829.0,,971.0,,1810.658,94.0,759.0,212.0,807.965,,,0.7817,0.2183,,False,on_map_at_end
74,pkw,134.0,,1666.0,,2234.186,4.0,1417.0,249.0,1455.711,,,0.8505,0.1495,,False,on_map_at_end
740,pkw,833.0,,967.0,,2555.158,100.0,621.0,346.0,735.179,,,0.6422,0.3578,,False,on_map_at_end
741,pkw,831.0,,969.0,,1224.689,100.0,763.0,206.0,842.516,,,0.7874,0.2126,,False,on_map_at_end
743,pkw,831.0,,969.0,,432.392,97.0,893.0,76.0,930.084,,,0.9216,0.0784,,False,on_map_at_end
746,pkw,832.0,,968.0,,1588.266,100.0,784.0,184.0,818.327,,,0.8099,0.1901,,False,on_map_at_end
747,pkw,834.0,,966.0,,2059.113,90.0,709.0,257.0,775.246,,,0.734,0.266,,False,on_map_at_end
755,pkw,841.0,,959.0,,1286.084,93.0,791.0,168.0,842.595,,,0.8248,0.1752,,False,on_map_at_end
757,pkw,842.0,,958.0,,927.579,91.0,769.0,189.0,828.546,,,0.8027,0.1973,,False,on_map_at_end
761,pkw,845.0,,955.0,,424.891,95.0,879.0,76.0,916.759,,,0.9204,0.0796,,False,on_map_at_end
763,pkw,845.0,,955.0,,1921.329,96.0,732.0,223.0,780.965,,,0.7665,0.2335,,False,on_map_at_end
765,pkw,847.0,,953.0,,1428.662,93.0,737.0,216.0,805.257,,,0.7733,0.2267,,False,on_map_at_end
766,pkw,847.0,,953.0,,417.39,93.0,874.0,79.0,915.434,,,0.9171,0.0829,,False,on_map_at_end
767,pkw,849.0,,951.0,,586.044,100.0,871.0,80.0,898.256,,,0.9159,0.0841,,False,on_map_at_end
769,pkw,849.0,,951.0,,966.934,99.0,811.0,140.0,859.747,,,0.8528,0.1472,,False,on_map_at_end
771,pkw,851.0,,949.0,,409.889,90.0,869.0,80.0,912.11,,,0.9157,0.0843,,False,on_map_at_end
776,pkw,855.0,,945.0,,2120.348,95.0,698.0,247.0,752.23,,,0.7386,0.2614,,False,on_map_at_end
779,pkw,856.0,,944.0,,1974.61,91.0,691.0,253.0,763.702,,,0.732,0.268,,False,on_map_at_end
78,pkw,138.0,,1662.0,,760.897,100.0,1557.0,105.0,1584.464,,,0.9368,0.0632,,False,on_map_at_end
781,pkw,856.0,,944.0,,2000.224,91.0,675.0,269.0,763.461,,,0.715,0.285,,False,on_map_at_end
782,pkw,858.0,,942.0,,1436.163,82.0,727.0,215.0,798.612,,,0.7718,0.2282,,False,on_map_at_end
785,pkw,861.0,,939.0,,2039.871,91.0,700.0,239.0,755.078,,,0.7455,0.2545,,False,on_map_at_end
787,pkw,861.0,,939.0,,920.078,89.0,763.0,176.0,818.857,,,0.8126,0.1874,,False,on_map_at_end
79,pkw,140.0,,1660.0,,823.155,100.0,1540.0,120.0,1570.216,,,0.9277,0.0723,,False,on_map_at_end
795,pkw,873.0,,927.0,,944.431,94.0,784.0,143.0,833.952,,,0.8457,0.1543,,False,on_map_at_end
798,pkw,877.0,,923.0,,819.529,100.0,822.0,101.0,848.803,,,0.8906,0.1094,,False,on_map_at_end
806,pkw,882.0,,918.0,,1080.103,93.0,764.0,154.0,810.884,,,0.8322,0.1678,,False,on_map_at_end
809,pkw,886.0,,914.0,,839.077,100.0,804.0,110.0,838.482,,,0.8796,0.1204,,False,on_map_at_end
813,pkw,887.0,,913.0,,402.388,89.0,834.0,79.0,876.785,,,0.9135,0.0865,,False,on_map_at_end
815,pkw,890.0,,910.0,,2842.788,100.0,512.0,398.0,616.376,,,0.5626,0.4374,,False,on_map_at_end
816,pkw,890.0,,910.0,,970.504,81.0,758.0,152.0,815.173,,,0.833,0.167,,False,on_map_at_end
82,pkw,145.0,,1655.0,,1686.965,49.0,1402.0,253.0,1436.575,,,0.8471,0.1529,,False,on_map_at_end
822,pkw,891.0,,909.0,,1962.958,81.0,622.0,287.0,729.584,,,0.6843,0.3157,,False,on_map_at_end
825,pkw,894.0,,906.0,,394.887,88.0,828.0,78.0,870.46,,,0.9139,0.0861,,False,on_map_at_end
828,pkw,898.0,,902.0,,516.373,97.0,798.0,104.0,853.325,,,0.8847,0.1153,,False,on_map_at_end
830,pkw,899.0,,901.0,,1980.333,80.0,632.0,269.0,718.971,,,0.7014,0.2986,,False,on_map_at_end
833,pkw,901.0,,899.0,,387.386,88.0,817.0,82.0,861.377,,,0.9088,0.0912,,False,on_map_at_end
835,pkw,902.0,,898.0,,1287.016,93.0,701.0,197.0,761.828,,,0.7806,0.2194,,False,on_map_at_end
838,pkw,903.0,,897.0,,1301.191,81.0,702.0,195.0,775.993,,,0.7826,0.2174,,False,on_map_at_end
839,pkw,903.0,,897.0,,1533.189,81.0,641.0,256.0,729.306,,,0.7146,0.2854,,False,on_map_at_end
840,pkw,904.0,,896.0,,1992.966,80.0,611.0,285.0,713.208,,,0.6819,0.3181,,False,on_map_at_end
841,pkw,904.0,,896.0,,1869.01,80.0,659.0,237.0,725.828,,,0.7355,0.2645,,False,on_map_at_end
843,pkw,905.0,,895.0,,2486.87,100.0,566.0,329.0,669.476,,,0.6324,0.3676,,False,on_map_at_end
845,pkw,905.0,,895.0,,1101.497,93.0,744.0,151.0,779.795,,,0.8313,0.1687,,False,on_map_at_end
851,pkw,910.0,,890.0,,1063.327,100.0,464.0,426.0,497.49,,,0.5213,0.4787,,False,on_map_at_end
860,pkw,918.0,,882.0,,2578.689,100.0,558.0,324.0,647.464,,,0.6327,0.3673,,False,on_map_at_end
868,pkw,919.0,,881.0,,1339.639,85.0,658.0,223.0,748.231,,,0.7469,0.2531,,False,on_map_at_end
869,pkw,919.0,,881.0,,2047.372,83.0,625.0,256.0,696.177,,,0.7094,0.2906,,False,on_map_at_end
872,pkw,922.0,,878.0,,2192.187,94.0,617.0,261.0,666.213,,,0.7027,0.2973,,False,on_map_at_end
878,pkw,926.0,,874.0,,2571.188,100.0,547.0,327.0,639.413,,,0.6259,0.3741,,False,on_map_at_end
882,pkw,925.0,,875.0,,789.525,100.0,770.0,105.0,803.574,,,0.88,0.12,,False,on_map_at_end
886,pkw,927.0,,873.0,,2017.368,82.0,613.0,260.0,690.847,,,0.7022,0.2978,,False,on_map_at_end
887,pkw,928.0,,872.0,,914.427,89.0,740.0,132.0,787.94,,,0.8486,0.1514,,False,on_map_at_end
889,pkw,928.0,,872.0,,2707.495,92.0,542.0,330.0,600.478,,,0.6216,0.3784,,False,on_map_at_end
890,pkw,932.0,,868.0,,379.885,88.0,791.0,77.0,833.81,,,0.9113,0.0887,,False,on_map_at_end
893,pkw,932.0,,868.0,,1401.049,91.0,662.0,206.0,741.904,,,0.7627,0.2373,,False,on_map_at_end
898,pkw,934.0,,866.0,,2184.686,94.0,615.0,251.0,662.859,,,0.7102,0.2898,,False,on_map_at_end
899,pkw,935.0,,865.0,,1055.164,100.0,734.0,131.0,770.034,,,0.8486,0.1514,,False,on_map_at_end
900,pkw,935.0,,865.0,,440.57,93.0,780.0,85.0,822.59,,,0.9017,0.0983,,False,on_map_at_end
902,pkw,936.0,,864.0,,2009.867,82.0,609.0,255.0,682.735,,,0.7049,0.2951,,False,on_map_at_end
905,pkw,938.0,,862.0,,1145.235,92.0,686.0,176.0,750.14,,,0.7958,0.2042,,False,on_map_at_end
909,pkw,939.0,,861.0,,1471.307,94.0,683.0,178.0,715.16,,,0.7933,0.2067,,False,on_map_at_end
917,pkw,943.0,,857.0,,372.384,88.0,781.0,76.0,823.485,,,0.9113,0.0887,,False,on_map_at_end
923,pkw,949.0,,851.0,,364.883,88.0,773.0,78.0,818.16,,,0.9083,0.0917,,False,on_map_at_end
930,pkw,951.0,,849.0,,1574.497,82.0,602.0,247.0,690.587,,,0.7091,0.2909,,False,on_map_at_end
943,pkw,958.0,,842.0,,2229.148,99.0,547.0,295.0,640.231,,,0.6496,0.3504,,False,on_map_at_end
946,pkw,960.0,,840.0,,2604.301,90.0,548.0,292.0,600.626,,,0.6524,0.3476,,False,on_map_at_end
947,pkw,960.0,,840.0,,357.382,88.0,764.0,76.0,807.835,,,0.9095,0.0905,,False,on_map_at_end
948,pkw,964.0,,836.0,,1894.575,78.0,587.0,249.0,661.967,,,0.7022,0.2978,,False,on_map_at_end
951,pkw,964.0,,836.0,,906.926,87.0,709.0,127.0,750.158,,,0.8481,0.1519,,False,on_map_at_end
956,pkw,965.0,,835.0,,1227.008,80.0,632.0,203.0,715.88,,,0.7569,0.2431,,False,on_map_at_end
958,pkw,967.0,,833.0,,349.881,87.0,755.0,78.0,801.51,,,0.9064,0.0936,,False,on_map_at_end
965,pkw,973.0,,827.0,,3176.435,100.0,423.0,404.0,537.932,,,0.5115,0.4885,,False,on_map_at_end
976,pkw,982.0,,818.0,,342.38,87.0,740.0,78.0,787.185,,,0.9046,0.0954,,False,on_map_at_end
982,pkw,985.0,,815.0,,935.935,100.0,696.0,119.0,716.264,,,0.854,0.146,,False,on_map_at_end
984,pkw,986.0,,814.0,,334.879,88.0,737.0,77.0,783.861,,,0.9054,0.0946,,False,on_map_at_end
988,pkw,989.0,,811.0,,327.378,88.0,735.0,76.0,781.536,,,0.9063,0.0937,,False,on_map_at_end
990,pkw,990.0,,810.0,,1405.473,100.0,645.0,165.0,678.9,,,0.7963,0.2037,,False,on_map_at_end
991,pkw,991.0,,809.0,,1825.229,99.0,555.0,254.0,637.636,,,0.686,0.314,,False,on_map_at_end
995,pkw,991.0,,809.0,,810.166,100.0,693.0,116.0,735.623,,,0.8566,0.1434,,False,on_map_at_end
