step:3600/3600, q_loss:0, rewards:-15.64999728732639, queue:1.7959201388888888, delay:0.06779060363769532, throughput:1427
episode:0/200, real avg travel time:292.4302733006307
intersection:0, mean_episode_reward:-2.6619441509246826, mean_queue:3.8722221851348877
intersection:1, mean_episode_reward:-0.757222056388855, mean_queue:3.844444513320923
intersection:2, mean_episode_reward:-1.4836108684539795, mean_queue:4.1972222328186035
intersection:3, mean_episode_reward:-3.1419427394866943, mean_queue:3.6194443702697754
intersection:4, mean_episode_reward:-0.08861102163791656, mean_queue:3.191666603088379
intersection:5, mean_episode_reward:-0.40361103415489197, mean_queue:3.116666555404663
intersection:6, mean_episode_reward:0.31888893246650696, mean_queue:2.683333396911621
intersection:7, mean_episode_reward:-0.1255556046962738, mean_queue:2.461111068725586
intersection:8, mean_episode_reward:-2.3536112308502197, mean_queue:4.577777862548828
intersection:9, mean_episode_reward:-2.2116661071777344, mean_queue:5.2833333015441895
intersection:10, mean_episode_reward:2.2238898277282715, mean_queue:3.316666603088379
intersection:11, mean_episode_reward:-0.9833332300186157, mean_queue:3.7277777194976807
intersection:12, mean_episode_reward:-1.976111650466919, mean_queue:2.9972221851348877
intersection:13, mean_episode_reward:-2.1383328437805176, mean_queue:3.944444417953491
intersection:14, mean_episode_reward:-1.340277910232544, mean_queue:3.825000047683716
intersection:15, mean_episode_reward:-1.7363892793655396, mean_queue:2.8111112117767334
intersection:16, mean_episode_reward:0.08222223073244095, mean_queue:0.0
intersection:17, mean_episode_reward:0.16527777910232544, mean_queue:0.0
intersection:18, mean_episode_reward:0.1969444751739502, mean_queue:0.0
intersection:19, mean_episode_reward:0.29722216725349426, mean_queue:0.0
intersection:20, mean_episode_reward:0.49861106276512146, mean_queue:0.0
intersection:21, mean_episode_reward:0.36166661977767944, mean_queue:0.0
intersection:22, mean_episode_reward:0.05833333358168602, mean_queue:0.0
intersection:23, mean_episode_reward:0.04694444313645363, mean_queue:0.0
intersection:24, mean_episode_reward:0.10472222417593002, mean_queue:0.0
intersection:25, mean_episode_reward:0.1391666680574417, mean_queue:0.0
intersection:26, mean_episode_reward:0.19777773320674896, mean_queue:0.0
intersection:27, mean_episode_reward:0.47083330154418945, mean_queue:0.0
intersection:28, mean_episode_reward:0.18833334743976593, mean_queue:0.0
intersection:29, mean_episode_reward:0.15888887643814087, mean_queue:0.0
intersection:30, mean_episode_reward:0.17499999701976776, mean_queue:0.0
intersection:31, mean_episode_reward:0.06750000268220901, mean_queue:0.0
Test step:0/200, travel time :897.8997493734336, rewards:-272.9833550347222, queue:15.102951388888888, delay:0.16781122419569228, throughput:399
step:3600/3600, q_loss:0, rewards:-16.51361083984375, queue:1.902951388888889, delay:0.069302765528361, throughput:1421
episode:1/200, real avg travel time:300.3441238564391
intersection:0, mean_episode_reward:-1.956666350364685, mean_queue:3.299999952316284
intersection:1, mean_episode_reward:-0.8683335185050964, mean_queue:3.7249999046325684
intersection:2, mean_episode_reward:-3.1891674995422363, mean_queue:5.638888835906982
intersection:3, mean_episode_reward:-1.4902772903442383, mean_queue:3.1305556297302246
intersection:4, mean_episode_reward:-1.2963893413543701, mean_queue:3.566666603088379
intersection:5, mean_episode_reward:-1.0041669607162476, mean_queue:3.7333333492279053
intersection:6, mean_episode_reward:0.13388888537883759, mean_queue:3.5416667461395264
intersection:7, mean_episode_reward:-1.2838892936706543, mean_queue:3.663888931274414
intersection:8, mean_episode_reward:-0.8605554103851318, mean_queue:3.5805554389953613
intersection:9, mean_episode_reward:-2.4955546855926514, mean_queue:6.422222137451172
intersection:10, mean_episode_reward:0.9791665077209473, mean_queue:3.7472221851348877
intersection:11, mean_episode_reward:-1.047777771949768, mean_queue:3.472222328186035
intersection:12, mean_episode_reward:-3.113055467605591, mean_queue:4.236111164093018
intersection:13, mean_episode_reward:0.0149999363347888, mean_queue:3.8305554389953613
intersection:14, mean_episode_reward:-0.18805550038814545, mean_queue:2.7138888835906982
intersection:15, mean_episode_reward:-2.2608323097229004, mean_queue:2.5916666984558105
intersection:16, mean_episode_reward:0.10083334147930145, mean_queue:0.0
intersection:17, mean_episode_reward:0.13333334028720856, mean_queue:0.0
intersection:18, mean_episode_reward:0.21222224831581116, mean_queue:0.0
intersection:19, mean_episode_reward:0.3633332848548889, mean_queue:0.0
intersection:20, mean_episode_reward:0.5849999189376831, mean_queue:0.0
intersection:21, mean_episode_reward:0.3644443452358246, mean_queue:0.0
intersection:22, mean_episode_reward:0.04722222313284874, mean_queue:0.0
intersection:23, mean_episode_reward:0.05277778208255768, mean_queue:0.0
intersection:24, mean_episode_reward:0.13555555045604706, mean_queue:0.0
intersection:25, mean_episode_reward:0.1388888657093048, mean_queue:0.0
intersection:26, mean_episode_reward:0.266388863325119, mean_queue:0.0
intersection:27, mean_episode_reward:0.36222219467163086, mean_queue:0.0
intersection:28, mean_episode_reward:0.1711111068725586, mean_queue:0.0
intersection:29, mean_episode_reward:0.18333330750465393, mean_queue:0.0
intersection:30, mean_episode_reward:0.20638886094093323, mean_queue:0.0
intersection:31, mean_episode_reward:0.09000000357627869, mean_queue:0.0
Test step:1/200, travel time :897.8997493734336, rewards:-272.9833550347222, queue:15.102951388888888, delay:0.16781122419569228, throughput:399
step:3600/3600, q_loss:1.461450457572937, rewards:-20.75472683376736, queue:2.3152777777777778, delay:0.08355069160461426, throughput:1327
episode:2/200, real avg travel time:305.9630746043708
intersection:0, mean_episode_reward:-2.613889455795288, mean_queue:4.661110877990723
intersection:1, mean_episode_reward:-0.5236114263534546, mean_queue:4.558333396911621
intersection:2, mean_episode_reward:-2.9013895988464355, mean_queue:6.286110877990723
intersection:3, mean_episode_reward:-2.6836116313934326, mean_queue:4.994444370269775
intersection:4, mean_episode_reward:-2.294722080230713, mean_queue:5.511111259460449
intersection:5, mean_episode_reward:0.395277738571167, mean_queue:2.844444513320923
intersection:6, mean_episode_reward:-0.023889008909463882, mean_queue:4.066666603088379
intersection:7, mean_episode_reward:-2.781388998031616, mean_queue:5.366666793823242
intersection:8, mean_episode_reward:0.22583334147930145, mean_queue:4.300000190734863
intersection:9, mean_episode_reward:-0.1905553787946701, mean_queue:4.18055534362793
intersection:10, mean_episode_reward:-0.93833327293396, mean_queue:4.361111164093018
intersection:11, mean_episode_reward:-1.1324995756149292, mean_queue:4.425000190734863
intersection:12, mean_episode_reward:-4.123612403869629, mean_queue:5.474999904632568
intersection:13, mean_episode_reward:-1.181389570236206, mean_queue:4.5527777671813965
intersection:14, mean_episode_reward:-3.230555534362793, mean_queue:5.097222328186035
intersection:15, mean_episode_reward:-0.8233330845832825, mean_queue:3.4083333015441895
intersection:16, mean_episode_reward:0.039722226560115814, mean_queue:0.0
intersection:17, mean_episode_reward:0.08027778565883636, mean_queue:0.0
intersection:18, mean_episode_reward:0.1458333134651184, mean_queue:0.0
intersection:19, mean_episode_reward:0.29777780175209045, mean_queue:0.0
intersection:20, mean_episode_reward:0.9141665697097778, mean_queue:0.0
intersection:21, mean_episode_reward:0.39666664600372314, mean_queue:0.0
intersection:22, mean_episode_reward:0.11722221225500107, mean_queue:0.0
intersection:23, mean_episode_reward:0.07250000536441803, mean_queue:0.0
intersection:24, mean_episode_reward:0.15527775883674622, mean_queue:0.0
intersection:25, mean_episode_reward:0.301111102104187, mean_queue:0.0
intersection:26, mean_episode_reward:0.26972219347953796, mean_queue:0.0
intersection:27, mean_episode_reward:0.43805554509162903, mean_queue:0.0
intersection:28, mean_episode_reward:0.2730555534362793, mean_queue:0.0
intersection:29, mean_episode_reward:0.27166664600372314, mean_queue:0.0
intersection:30, mean_episode_reward:0.22527776658535004, mean_queue:0.0
intersection:31, mean_episode_reward:0.06861111521720886, mean_queue:0.0
Test step:2/200, travel time :840.502358490566, rewards:-226.32838541666666, queue:14.905555555555555, delay:0.16642888387044272, throughput:424
step:3600/3600, q_loss:3.0102577209472656, rewards:-78.661669921875, queue:9.583333333333334, delay:0.15308126873440212, throughput:961
episode:3/200, real avg travel time:720.3236212278877
intersection:0, mean_episode_reward:-13.186112403869629, mean_queue:15.302778244018555
intersection:1, mean_episode_reward:-11.03860855102539, mean_queue:26.61111068725586
intersection:2, mean_episode_reward:-6.8575005531311035, mean_queue:26.79166603088379
intersection:3, mean_episode_reward:-7.643609523773193, mean_queue:26.255556106567383
intersection:4, mean_episode_reward:-7.309443950653076, mean_queue:20.261110305786133
intersection:5, mean_episode_reward:1.987499713897705, mean_queue:15.858333587646484
intersection:6, mean_episode_reward:-4.872220993041992, mean_queue:15.927778244018555
intersection:7, mean_episode_reward:0.37999987602233887, mean_queue:20.836111068725586
intersection:8, mean_episode_reward:-7.181112289428711, mean_queue:21.600000381469727
intersection:9, mean_episode_reward:0.34777799248695374, mean_queue:9.847222328186035
intersection:10, mean_episode_reward:-4.769999980926514, mean_queue:16.04166603088379
intersection:11, mean_episode_reward:-5.5944437980651855, mean_queue:18.863889694213867
intersection:12, mean_episode_reward:-9.752224922180176, mean_queue:22.094444274902344
intersection:13, mean_episode_reward:-8.470276832580566, mean_queue:14.502778053283691
intersection:14, mean_episode_reward:-5.730554103851318, mean_queue:16.141666412353516
intersection:15, mean_episode_reward:-12.403059005737305, mean_queue:19.73055648803711
intersection:16, mean_episode_reward:0.483611136674881, mean_queue:0.0
intersection:17, mean_episode_reward:1.2438888549804688, mean_queue:0.0
intersection:18, mean_episode_reward:0.8972222208976746, mean_queue:0.0
intersection:19, mean_episode_reward:1.5391665697097778, mean_queue:0.0
intersection:20, mean_episode_reward:3.517777919769287, mean_queue:0.0
intersection:21, mean_episode_reward:1.98472261428833, mean_queue:0.0
intersection:22, mean_episode_reward:0.6052777767181396, mean_queue:0.0
intersection:23, mean_episode_reward:0.1505555510520935, mean_queue:0.0
intersection:24, mean_episode_reward:1.1791666746139526, mean_queue:0.0
intersection:25, mean_episode_reward:0.2616666257381439, mean_queue:0.0
intersection:26, mean_episode_reward:3.2613887786865234, mean_queue:0.0
intersection:27, mean_episode_reward:3.258333444595337, mean_queue:0.0
intersection:28, mean_episode_reward:0.7338889837265015, mean_queue:0.0
intersection:29, mean_episode_reward:2.0941665172576904, mean_queue:0.0
intersection:30, mean_episode_reward:1.228055715560913, mean_queue:0.0
intersection:31, mean_episode_reward:0.9933334589004517, mean_queue:0.0
Test step:3/200, travel time :828.1434977578475, rewards:-194.3197265625, queue:14.675520833333334, delay:0.16813240051269532, throughput:446
step:3600/3600, q_loss:11.847367286682129, rewards:-53.03166232638889, queue:10.684201388888889, delay:0.1529797977871365, throughput:921
episode:4/200, real avg travel time:783.586319218241
intersection:0, mean_episode_reward:-10.603890419006348, mean_queue:20.01944351196289
intersection:1, mean_episode_reward:-0.8047223687171936, mean_queue:16.327777862548828
intersection:2, mean_episode_reward:5.201388359069824, mean_queue:19.697221755981445
intersection:3, mean_episode_reward:-13.6738862991333, mean_queue:28.43055534362793
intersection:4, mean_episode_reward:-1.690555453300476, mean_queue:22.136110305786133
intersection:5, mean_episode_reward:0.5047222971916199, mean_queue:12.219444274902344
intersection:6, mean_episode_reward:-4.019996643066406, mean_queue:27.950000762939453
intersection:7, mean_episode_reward:-2.087498188018799, mean_queue:25.850000381469727
intersection:8, mean_episode_reward:-16.52611541748047, mean_queue:26.155555725097656
intersection:9, mean_episode_reward:4.629444599151611, mean_queue:10.163888931274414
intersection:10, mean_episode_reward:-9.198612213134766, mean_queue:21.93055534362793
intersection:11, mean_episode_reward:7.3016676902771, mean_queue:20.25
intersection:12, mean_episode_reward:-4.574721813201904, mean_queue:22.46388816833496
intersection:13, mean_episode_reward:-5.115275859832764, mean_queue:19.816667556762695
intersection:14, mean_episode_reward:-1.4230562448501587, mean_queue:17.391666412353516
intersection:15, mean_episode_reward:-14.286109924316406, mean_queue:31.09166717529297
intersection:16, mean_episode_reward:0.43888887763023376, mean_queue:0.0
intersection:17, mean_episode_reward:0.5363888740539551, mean_queue:0.0
intersection:18, mean_episode_reward:1.0475001335144043, mean_queue:0.0
intersection:19, mean_episode_reward:2.110833168029785, mean_queue:0.0
intersection:20, mean_episode_reward:0.7330555319786072, mean_queue:0.0
intersection:21, mean_episode_reward:1.0922222137451172, mean_queue:0.0
intersection:22, mean_episode_reward:0.2016666680574417, mean_queue:0.0
intersection:23, mean_episode_reward:0.05027778446674347, mean_queue:0.0
intersection:24, mean_episode_reward:0.483611136674881, mean_queue:0.0
intersection:25, mean_episode_reward:1.355555772781372, mean_queue:0.0
intersection:26, mean_episode_reward:0.6402778029441833, mean_queue:0.0
intersection:27, mean_episode_reward:1.1675000190734863, mean_queue:0.0
intersection:28, mean_episode_reward:0.37444448471069336, mean_queue:0.0
intersection:29, mean_episode_reward:0.101666659116745, mean_queue:0.0
intersection:30, mean_episode_reward:2.8516669273376465, mean_queue:0.0
intersection:31, mean_episode_reward:0.1499999761581421, mean_queue:0.0
Test step:4/200, travel time :740.8664047151277, rewards:-188.63580729166668, queue:13.570833333333333, delay:0.16159897910224066, throughput:509
step:3600/3600, q_loss:21.07080078125, rewards:-57.07138671875, queue:6.854079861111111, delay:0.14371945063273112, throughput:1217
episode:5/200, real avg travel time:634.6179129005752
intersection:0, mean_episode_reward:-7.036388397216797, mean_queue:10.508333206176758
intersection:1, mean_episode_reward:5.669166564941406, mean_queue:10.266666412353516
intersection:2, mean_episode_reward:-5.492223262786865, mean_queue:12.69444465637207
intersection:3, mean_episode_reward:-17.05666732788086, mean_queue:18.094444274902344
intersection:4, mean_episode_reward:-5.292498588562012, mean_queue:11.524999618530273
intersection:5, mean_episode_reward:0.43527793884277344, mean_queue:10.199999809265137
intersection:6, mean_episode_reward:1.866944670677185, mean_queue:10.208333015441895
intersection:7, mean_episode_reward:-15.093053817749023, mean_queue:23.255556106567383
intersection:8, mean_episode_reward:-11.058611869812012, mean_queue:20.01944351196289
intersection:9, mean_episode_reward:6.488055229187012, mean_queue:7.900000095367432
intersection:10, mean_episode_reward:-0.018055591732263565, mean_queue:9.219444274902344
intersection:11, mean_episode_reward:0.7124994993209839, mean_queue:10.608333587646484
intersection:12, mean_episode_reward:-9.35555648803711, mean_queue:13.297222137451172
intersection:13, mean_episode_reward:-1.8708332777023315, mean_queue:16.538888931274414
intersection:14, mean_episode_reward:-5.913055896759033, mean_queue:17.03333282470703
intersection:15, mean_episode_reward:-8.868608474731445, mean_queue:17.961111068725586
intersection:16, mean_episode_reward:0.3727778196334839, mean_queue:0.0
intersection:17, mean_episode_reward:1.0227776765823364, mean_queue:0.0
intersection:18, mean_episode_reward:2.2808332443237305, mean_queue:0.0
intersection:19, mean_episode_reward:0.41777780652046204, mean_queue:0.0
intersection:20, mean_episode_reward:0.6022221446037292, mean_queue:0.0
intersection:21, mean_episode_reward:0.652222216129303, mean_queue:0.0
intersection:22, mean_episode_reward:0.6341666579246521, mean_queue:0.0
intersection:23, mean_episode_reward:0.4911111295223236, mean_queue:0.0
intersection:24, mean_episode_reward:0.5913888812065125, mean_queue:0.0
intersection:25, mean_episode_reward:0.8475000262260437, mean_queue:0.0
intersection:26, mean_episode_reward:1.4616670608520508, mean_queue:0.0
intersection:27, mean_episode_reward:1.0874998569488525, mean_queue:0.0
intersection:28, mean_episode_reward:0.19722220301628113, mean_queue:0.0
intersection:29, mean_episode_reward:1.7055555582046509, mean_queue:0.0
intersection:30, mean_episode_reward:2.151944398880005, mean_queue:0.0
intersection:31, mean_episode_reward:0.29555556178092957, mean_queue:0.0
Test step:5/200, travel time :812.8148893360161, rewards:-181.33971354166667, queue:14.124479166666667, delay:0.1604665968153212, throughput:497
step:3600/3600, q_loss:27.17837905883789, rewards:-49.27887912326389, queue:8.588628472222222, delay:0.14563670688205296, throughput:1020
episode:6/200, real avg travel time:621.5784313725491
intersection:0, mean_episode_reward:-3.632500171661377, mean_queue:6.872222423553467
intersection:1, mean_episode_reward:1.6497219800949097, mean_queue:17.0
intersection:2, mean_episode_reward:0.38138899207115173, mean_queue:28.030555725097656
intersection:3, mean_episode_reward:-13.351388931274414, mean_queue:26.45833396911621
intersection:4, mean_episode_reward:1.1666666269302368, mean_queue:11.869444847106934
intersection:5, mean_episode_reward:7.849721908569336, mean_queue:15.469444274902344
intersection:6, mean_episode_reward:-1.5747250318527222, mean_queue:21.875
intersection:7, mean_episode_reward:-5.485279560089111, mean_queue:17.358333587646484
intersection:8, mean_episode_reward:-5.811666488647461, mean_queue:13.377778053283691
intersection:9, mean_episode_reward:1.8966671228408813, mean_queue:7.849999904632568
intersection:10, mean_episode_reward:2.6386096477508545, mean_queue:11.402777671813965
intersection:11, mean_episode_reward:-11.311942100524902, mean_queue:17.03611183166504
intersection:12, mean_episode_reward:-4.713610649108887, mean_queue:10.741666793823242
intersection:13, mean_episode_reward:-20.323881149291992, mean_queue:26.238889694213867
intersection:14, mean_episode_reward:-12.391109466552734, mean_queue:25.024999618530273
intersection:15, mean_episode_reward:-2.4344446659088135, mean_queue:18.23055648803711
intersection:16, mean_episode_reward:0.32277777791023254, mean_queue:0.0
intersection:17, mean_episode_reward:0.09805556386709213, mean_queue:0.0
intersection:18, mean_episode_reward:3.333611488342285, mean_queue:0.0
intersection:19, mean_episode_reward:2.5847222805023193, mean_queue:0.0
intersection:20, mean_episode_reward:0.5011109709739685, mean_queue:0.0
intersection:21, mean_episode_reward:0.25527775287628174, mean_queue:0.0
intersection:22, mean_episode_reward:0.10138888657093048, mean_queue:0.0
intersection:23, mean_episode_reward:0.15611110627651215, mean_queue:0.0
intersection:24, mean_episode_reward:0.5141667127609253, mean_queue:0.0
intersection:25, mean_episode_reward:1.7211110591888428, mean_queue:0.0
intersection:26, mean_episode_reward:0.9855555891990662, mean_queue:0.0
intersection:27, mean_episode_reward:0.8497222661972046, mean_queue:0.0
intersection:28, mean_episode_reward:0.5022222995758057, mean_queue:0.0
intersection:29, mean_episode_reward:0.6711110472679138, mean_queue:0.0
intersection:30, mean_episode_reward:2.3052775859832764, mean_queue:0.0
intersection:31, mean_episode_reward:1.2666666507720947, mean_queue:0.0
Test step:6/200, travel time :650.4744623655914, rewards:-91.41389973958333, queue:11.16015625, delay:0.1576219982571072, throughput:744
step:3600/3600, q_loss:31.174196243286133, rewards:-25.14445529513889, queue:7.3186631944444445, delay:0.13752076890733506, throughput:1134
episode:7/200, real avg travel time:567.1622574955908
intersection:0, mean_episode_reward:-1.8788890838623047, mean_queue:5.4083333015441895
intersection:1, mean_episode_reward:0.3622223734855652, mean_queue:16.122222900390625
intersection:2, mean_episode_reward:-1.1811108589172363, mean_queue:23.927778244018555
intersection:3, mean_episode_reward:-12.333894729614258, mean_queue:23.952777862548828
intersection:4, mean_episode_reward:-1.1977778673171997, mean_queue:6.675000190734863
intersection:5, mean_episode_reward:10.752222061157227, mean_queue:19.866666793823242
intersection:6, mean_episode_reward:-10.393335342407227, mean_queue:28.994443893432617
intersection:7, mean_episode_reward:6.5733323097229, mean_queue:13.691666603088379
intersection:8, mean_episode_reward:-2.909167528152466, mean_queue:8.54444408416748
intersection:9, mean_episode_reward:3.1502771377563477, mean_queue:10.627778053283691
intersection:10, mean_episode_reward:-3.4372222423553467, mean_queue:7.577777862548828
intersection:11, mean_episode_reward:-16.976943969726562, mean_queue:19.455554962158203
intersection:12, mean_episode_reward:-1.5844446420669556, mean_queue:7.77222204208374
intersection:13, mean_episode_reward:-7.219996452331543, mean_queue:13.466666221618652
intersection:14, mean_episode_reward:2.554166078567505, mean_queue:9.875
intersection:15, mean_episode_reward:-0.24861109256744385, mean_queue:18.238889694213867
intersection:16, mean_episode_reward:0.48666661977767944, mean_queue:0.0
intersection:17, mean_episode_reward:0.06361111253499985, mean_queue:0.0
intersection:18, mean_episode_reward:1.2230554819107056, mean_queue:0.0
intersection:19, mean_episode_reward:0.583333432674408, mean_queue:0.0
intersection:20, mean_episode_reward:0.5213889479637146, mean_queue:0.0
intersection:21, mean_episode_reward:0.2566666603088379, mean_queue:0.0
intersection:22, mean_episode_reward:0.17277778685092926, mean_queue:0.0
intersection:23, mean_episode_reward:0.33500000834465027, mean_queue:0.0
intersection:24, mean_episode_reward:1.180277705192566, mean_queue:0.0
intersection:25, mean_episode_reward:1.9644445180892944, mean_queue:0.0
intersection:26, mean_episode_reward:0.5194445252418518, mean_queue:0.0
intersection:27, mean_episode_reward:0.5850000381469727, mean_queue:0.0
intersection:28, mean_episode_reward:0.24388886988162994, mean_queue:0.0
intersection:29, mean_episode_reward:0.769444465637207, mean_queue:0.0
intersection:30, mean_episode_reward:0.8574999570846558, mean_queue:0.0
intersection:31, mean_episode_reward:1.0622222423553467, mean_queue:0.0
Test step:7/200, travel time :568.9985337243402, rewards:-89.93861762152778, queue:11.2015625, delay:0.14678096771240234, throughput:682
step:3600/3600, q_loss:33.141239166259766, rewards:-16.735560438368054, queue:5.515017361111111, delay:0.13385064866807725, throughput:1290
episode:8/200, real avg travel time:546.277519379845
intersection:0, mean_episode_reward:-1.4394444227218628, mean_queue:6.208333492279053
intersection:1, mean_episode_reward:-2.0247230529785156, mean_queue:11.766666412353516
intersection:2, mean_episode_reward:1.7349998950958252, mean_queue:12.25
intersection:3, mean_episode_reward:-9.014445304870605, mean_queue:13.144444465637207
intersection:4, mean_episode_reward:-2.531388998031616, mean_queue:8.405555725097656
intersection:5, mean_episode_reward:6.864166259765625, mean_queue:8.047222137451172
intersection:6, mean_episode_reward:0.4902801811695099, mean_queue:14.341666221618652
intersection:7, mean_episode_reward:-2.4683337211608887, mean_queue:10.333333015441895
intersection:8, mean_episode_reward:-3.3758342266082764, mean_queue:11.024999618530273
intersection:9, mean_episode_reward:-4.9086127281188965, mean_queue:13.922222137451172
intersection:10, mean_episode_reward:2.0358333587646484, mean_queue:7.833333492279053
intersection:11, mean_episode_reward:-3.488611936569214, mean_queue:11.377778053283691
intersection:12, mean_episode_reward:1.0905554294586182, mean_queue:11.022222518920898
intersection:13, mean_episode_reward:-4.921387195587158, mean_queue:15.869444847106934
intersection:14, mean_episode_reward:-3.354444742202759, mean_queue:9.98888874053955
intersection:15, mean_episode_reward:-5.7672247886657715, mean_queue:10.94444465637207
intersection:16, mean_episode_reward:0.5213888883590698, mean_queue:0.0
intersection:17, mean_episode_reward:1.027500033378601, mean_queue:0.0
intersection:18, mean_episode_reward:2.37166690826416, mean_queue:0.0
intersection:19, mean_episode_reward:1.0725001096725464, mean_queue:0.0
intersection:20, mean_episode_reward:0.7938889265060425, mean_queue:0.0
intersection:21, mean_episode_reward:0.37000003457069397, mean_queue:0.0
intersection:22, mean_episode_reward:0.14388889074325562, mean_queue:0.0
intersection:23, mean_episode_reward:0.08944444358348846, mean_queue:0.0
intersection:24, mean_episode_reward:1.180277705192566, mean_queue:0.0
intersection:25, mean_episode_reward:0.9402777552604675, mean_queue:0.0
intersection:26, mean_episode_reward:1.5986112356185913, mean_queue:0.0
intersection:27, mean_episode_reward:0.395277738571167, mean_queue:0.0
intersection:28, mean_episode_reward:0.7530555129051208, mean_queue:0.0
intersection:29, mean_episode_reward:0.19361113011837006, mean_queue:0.0
intersection:30, mean_episode_reward:1.7297221422195435, mean_queue:0.0
intersection:31, mean_episode_reward:1.1619443893432617, mean_queue:0.0
Test step:8/200, travel time :515.9641255605382, rewards:-75.42253689236111, queue:8.669357638888888, delay:0.14027623070610895, throughput:892
step:3600/3600, q_loss:32.2916145324707, rewards:-13.769447157118055, queue:3.692361111111111, delay:0.11699536641438803, throughput:1350
episode:9/200, real avg travel time:412.73925925925926
intersection:0, mean_episode_reward:-0.22777779400348663, mean_queue:3.2722222805023193
intersection:1, mean_episode_reward:3.751110553741455, mean_queue:6.561110973358154
intersection:2, mean_episode_reward:2.817499876022339, mean_queue:12.188888549804688
intersection:3, mean_episode_reward:-11.79444694519043, mean_queue:14.911110877990723
intersection:4, mean_episode_reward:-2.085278034210205, mean_queue:5.35277795791626
intersection:5, mean_episode_reward:1.1533334255218506, mean_queue:4.691666603088379
intersection:6, mean_episode_reward:-0.6163890957832336, mean_queue:7.863888740539551
intersection:7, mean_episode_reward:-2.06083345413208, mean_queue:5.641666889190674
intersection:8, mean_episode_reward:-2.445833921432495, mean_queue:7.025000095367432
intersection:9, mean_episode_reward:-0.4436110556125641, mean_queue:6.491666793823242
intersection:10, mean_episode_reward:-1.4500000476837158, mean_queue:6.300000190734863
intersection:11, mean_episode_reward:0.4283328950405121, mean_queue:6.349999904632568
intersection:12, mean_episode_reward:0.13972213864326477, mean_queue:6.2166666984558105
intersection:13, mean_episode_reward:-6.053889274597168, mean_queue:10.186111450195312
intersection:14, mean_episode_reward:0.5419443249702454, mean_queue:5.383333206176758
intersection:15, mean_episode_reward:-6.1891655921936035, mean_queue:9.719444274902344
intersection:16, mean_episode_reward:0.40666663646698, mean_queue:0.0
intersection:17, mean_episode_reward:0.3122222125530243, mean_queue:0.0
intersection:18, mean_episode_reward:0.5647222995758057, mean_queue:0.0
intersection:19, mean_episode_reward:0.8613891005516052, mean_queue:0.0
intersection:20, mean_episode_reward:0.36388885974884033, mean_queue:0.0
intersection:21, mean_episode_reward:0.7299999594688416, mean_queue:0.0
intersection:22, mean_episode_reward:0.06583333015441895, mean_queue:0.0
intersection:23, mean_episode_reward:0.10305555164813995, mean_queue:0.0
intersection:24, mean_episode_reward:1.1811110973358154, mean_queue:0.0
intersection:25, mean_episode_reward:1.1827778816223145, mean_queue:0.0
intersection:26, mean_episode_reward:0.8647222518920898, mean_queue:0.0
intersection:27, mean_episode_reward:0.6200000047683716, mean_queue:0.0
intersection:28, mean_episode_reward:0.2355555146932602, mean_queue:0.0
intersection:29, mean_episode_reward:0.2749999761581421, mean_queue:0.0
intersection:30, mean_episode_reward:2.07361102104187, mean_queue:0.0
intersection:31, mean_episode_reward:0.9252777099609375, mean_queue:0.0
Test step:9/200, travel time :514.2387706855792, rewards:-46.75777452256944, queue:9.138628472222223, delay:0.13851875729031032, throughput:846
step:3600/3600, q_loss:31.072235107421875, rewards:-13.90387912326389, queue:4.238454861111111, delay:0.11462969250149196, throughput:1317
episode:10/200, real avg travel time:432.8800303720577
intersection:0, mean_episode_reward:0.12277796864509583, mean_queue:2.5638887882232666
intersection:1, mean_episode_reward:-3.617220640182495, mean_queue:12.041666984558105
intersection:2, mean_episode_reward:4.718333721160889, mean_queue:11.061111450195312
intersection:3, mean_episode_reward:-15.080550193786621, mean_queue:19.31944465637207
intersection:4, mean_episode_reward:-0.7294442057609558, mean_queue:3.961111068725586
intersection:5, mean_episode_reward:5.637777805328369, mean_queue:7.644444465637207
intersection:6, mean_episode_reward:4.469166278839111, mean_queue:7.191666603088379
intersection:7, mean_episode_reward:-2.3461101055145264, mean_queue:5.366666793823242
intersection:8, mean_episode_reward:-3.2180559635162354, mean_queue:7.758333206176758
intersection:9, mean_episode_reward:1.0874998569488525, mean_queue:7.497222423553467
intersection:10, mean_episode_reward:-10.514721870422363, mean_queue:15.383333206176758
intersection:11, mean_episode_reward:-1.9652777910232544, mean_queue:6.002777576446533
intersection:12, mean_episode_reward:0.051111046224832535, mean_queue:6.561110973358154
intersection:13, mean_episode_reward:-3.403055191040039, mean_queue:10.91944408416748
intersection:14, mean_episode_reward:4.852500915527344, mean_queue:5.836111068725586
intersection:15, mean_episode_reward:-4.073886871337891, mean_queue:6.52222204208374
intersection:16, mean_episode_reward:0.2452777624130249, mean_queue:0.0
intersection:17, mean_episode_reward:0.28361108899116516, mean_queue:0.0
intersection:18, mean_episode_reward:0.4244444668292999, mean_queue:0.0
intersection:19, mean_episode_reward:0.4722222089767456, mean_queue:0.0
intersection:20, mean_episode_reward:0.42722222208976746, mean_queue:0.0
intersection:21, mean_episode_reward:0.3949999511241913, mean_queue:0.0
intersection:22, mean_episode_reward:0.0763888880610466, mean_queue:0.0
intersection:23, mean_episode_reward:0.2652777433395386, mean_queue:0.0
intersection:24, mean_episode_reward:1.1775000095367432, mean_queue:0.0
intersection:25, mean_episode_reward:1.0355554819107056, mean_queue:0.0
intersection:26, mean_episode_reward:0.6641667485237122, mean_queue:0.0
intersection:27, mean_episode_reward:0.6363890171051025, mean_queue:0.0
intersection:28, mean_episode_reward:0.5900000333786011, mean_queue:0.0
intersection:29, mean_episode_reward:0.275277704000473, mean_queue:0.0
intersection:30, mean_episode_reward:1.9111109972000122, mean_queue:0.0
intersection:31, mean_episode_reward:1.2258334159851074, mean_queue:0.0
Test step:10/200, travel time :484.93145161290323, rewards:-35.965283203125, queue:7.613975694444444, delay:0.13208528094821506, throughput:992
step:3600/3600, q_loss:29.253326416015625, rewards:-15.445830620659722, queue:3.5677083333333335, delay:0.11209362877739801, throughput:1325
episode:11/200, real avg travel time:393.0830188679245
intersection:0, mean_episode_reward:-1.5961108207702637, mean_queue:3.777777671813965
intersection:1, mean_episode_reward:-3.8208343982696533, mean_queue:10.716666221618652
intersection:2, mean_episode_reward:2.4711108207702637, mean_queue:6.0527777671813965
intersection:3, mean_episode_reward:-7.437221050262451, mean_queue:8.369444847106934
intersection:4, mean_episode_reward:-0.12055560201406479, mean_queue:4.150000095367432
intersection:5, mean_episode_reward:6.133336067199707, mean_queue:5.416666507720947
intersection:6, mean_episode_reward:-1.107222318649292, mean_queue:8.95555591583252
intersection:7, mean_episode_reward:0.5750000476837158, mean_queue:5.419444561004639
intersection:8, mean_episode_reward:-2.3094444274902344, mean_queue:7.122222423553467
intersection:9, mean_episode_reward:1.8922224044799805, mean_queue:5.525000095367432
intersection:10, mean_episode_reward:-3.580554485321045, mean_queue:7.644444465637207
intersection:11, mean_episode_reward:-0.818611204624176, mean_queue:5.094444274902344
intersection:12, mean_episode_reward:-10.398333549499512, mean_queue:13.502778053283691
intersection:13, mean_episode_reward:-3.2663888931274414, mean_queue:10.033333778381348
intersection:14, mean_episode_reward:-1.323332667350769, mean_queue:7.013888835906982
intersection:15, mean_episode_reward:-1.5269441604614258, mean_queue:5.372222423553467
intersection:16, mean_episode_reward:0.40444445610046387, mean_queue:0.0
intersection:17, mean_episode_reward:0.15361112356185913, mean_queue:0.0
intersection:18, mean_episode_reward:0.433055579662323, mean_queue:0.0
intersection:19, mean_episode_reward:1.0833333730697632, mean_queue:0.0
intersection:20, mean_episode_reward:0.2705555856227875, mean_queue:0.0
intersection:21, mean_episode_reward:0.26277777552604675, mean_queue:0.0
intersection:22, mean_episode_reward:0.19388887286186218, mean_queue:0.0
intersection:23, mean_episode_reward:0.2849999964237213, mean_queue:0.0
intersection:24, mean_episode_reward:1.1905555725097656, mean_queue:0.0
intersection:25, mean_episode_reward:1.9469443559646606, mean_queue:0.0
intersection:26, mean_episode_reward:0.23333331942558289, mean_queue:0.0
intersection:27, mean_episode_reward:0.6011111736297607, mean_queue:0.0
intersection:28, mean_episode_reward:0.294166624546051, mean_queue:0.0
intersection:29, mean_episode_reward:0.14777778089046478, mean_queue:0.0
intersection:30, mean_episode_reward:2.2749998569488525, mean_queue:0.0
intersection:31, mean_episode_reward:1.0125000476837158, mean_queue:0.0
Test step:11/200, travel time :458.94464500601686, rewards:-52.30224609375, queue:8.86796875, delay:0.13302778667873807, throughput:831
step:3600/3600, q_loss:27.340364456176758, rewards:-10.691391330295138, queue:3.165625, delay:0.10429318745930989, throughput:1371
episode:12/200, real avg travel time:378.7731582786287
intersection:0, mean_episode_reward:-0.40694430470466614, mean_queue:2.355555534362793
intersection:1, mean_episode_reward:-4.399720668792725, mean_queue:9.269444465637207
intersection:2, mean_episode_reward:2.3980557918548584, mean_queue:4.18055534362793
intersection:3, mean_episode_reward:-4.739444255828857, mean_queue:5.763888835906982
intersection:4, mean_episode_reward:-0.3225000202655792, mean_queue:2.969444513320923
intersection:5, mean_episode_reward:4.852221488952637, mean_queue:5.60277795791626
intersection:6, mean_episode_reward:-4.364444732666016, mean_queue:8.83055591583252
intersection:7, mean_episode_reward:0.5508331060409546, mean_queue:5.244444370269775
intersection:8, mean_episode_reward:-5.326389789581299, mean_queue:7.4083333015441895
intersection:9, mean_episode_reward:-0.6677781343460083, mean_queue:7.269444465637207
intersection:10, mean_episode_reward:1.404166579246521, mean_queue:3.172222137451172
intersection:11, mean_episode_reward:-2.8069446086883545, mean_queue:6.713889122009277
intersection:12, mean_episode_reward:-11.680278778076172, mean_queue:13.25
intersection:13, mean_episode_reward:4.065278053283691, mean_queue:7.599999904632568
intersection:14, mean_episode_reward:0.3691667318344116, mean_queue:5.2166666984558105
intersection:15, mean_episode_reward:-2.974167585372925, mean_queue:6.452777862548828
intersection:16, mean_episode_reward:0.2516666352748871, mean_queue:0.0
intersection:17, mean_episode_reward:0.3080555498600006, mean_queue:0.0
intersection:18, mean_episode_reward:0.5463889241218567, mean_queue:0.0
intersection:19, mean_episode_reward:2.5613887310028076, mean_queue:0.0
intersection:20, mean_episode_reward:0.409166544675827, mean_queue:0.0
intersection:21, mean_episode_reward:0.4013887941837311, mean_queue:0.0
intersection:22, mean_episode_reward:0.1916666477918625, mean_queue:0.0
intersection:23, mean_episode_reward:0.5166667103767395, mean_queue:0.0
intersection:24, mean_episode_reward:1.180277705192566, mean_queue:0.0
intersection:25, mean_episode_reward:2.2333333492279053, mean_queue:0.0
intersection:26, mean_episode_reward:0.2999999523162842, mean_queue:0.0
intersection:27, mean_episode_reward:0.5269443988800049, mean_queue:0.0
intersection:28, mean_episode_reward:0.3077777624130249, mean_queue:0.0
intersection:29, mean_episode_reward:0.48499998450279236, mean_queue:0.0
intersection:30, mean_episode_reward:2.0183331966400146, mean_queue:0.0
intersection:31, mean_episode_reward:1.1194443702697754, mean_queue:0.0
Test step:12/200, travel time :482.7752577319588, rewards:-44.14057888454861, queue:7.477777777777778, delay:0.12948886023627387, throughput:970
step:3600/3600, q_loss:27.0508975982666, rewards:-10.391110568576389, queue:2.654861111111111, delay:0.10108505884806315, throughput:1389
episode:13/200, real avg travel time:343.3369330453564
intersection:0, mean_episode_reward:-0.4383333921432495, mean_queue:2.288888931274414
intersection:1, mean_episode_reward:-1.4797221422195435, mean_queue:6.280555725097656
intersection:2, mean_episode_reward:-1.8438880443572998, mean_queue:5.202777862548828
intersection:3, mean_episode_reward:-2.043055534362793, mean_queue:4.22777795791626
intersection:4, mean_episode_reward:0.3602778911590576, mean_queue:5.31944465637207
intersection:5, mean_episode_reward:-0.02194451540708542, mean_queue:7.005555629730225
intersection:6, mean_episode_reward:0.7286109924316406, mean_queue:4.074999809265137
intersection:7, mean_episode_reward:-0.9297220706939697, mean_queue:5.002777576446533
intersection:8, mean_episode_reward:-3.2544426918029785, mean_queue:8.066666603088379
intersection:9, mean_episode_reward:-1.7350006103515625, mean_queue:6.6777777671813965
intersection:10, mean_episode_reward:-2.846944808959961, mean_queue:5.808333396911621
intersection:11, mean_episode_reward:-1.9902777671813965, mean_queue:6.386111259460449
intersection:12, mean_episode_reward:-4.76138973236084, mean_queue:5.597222328186035
intersection:13, mean_episode_reward:-0.525555431842804, mean_queue:5.811110973358154
intersection:14, mean_episode_reward:0.34749987721443176, mean_queue:3.7527778148651123
intersection:15, mean_episode_reward:-2.1436116695404053, mean_queue:3.452777862548828
intersection:16, mean_episode_reward:0.30472221970558167, mean_queue:0.0
intersection:17, mean_episode_reward:0.06583333760499954, mean_queue:0.0
intersection:18, mean_episode_reward:1.6247221231460571, mean_queue:0.0
intersection:19, mean_episode_reward:0.35944443941116333, mean_queue:0.0
intersection:20, mean_episode_reward:0.3930554687976837, mean_queue:0.0
intersection:21, mean_episode_reward:0.325833261013031, mean_queue:0.0
intersection:22, mean_episode_reward:0.5822222232818604, mean_queue:0.0
intersection:23, mean_episode_reward:0.05694444477558136, mean_queue:0.0
intersection:24, mean_episode_reward:1.1797221899032593, mean_queue:0.0
intersection:25, mean_episode_reward:1.6719447374343872, mean_queue:0.0
intersection:26, mean_episode_reward:0.5288889408111572, mean_queue:0.0
intersection:27, mean_episode_reward:0.29666662216186523, mean_queue:0.0
intersection:28, mean_episode_reward:0.6516667008399963, mean_queue:0.0
intersection:29, mean_episode_reward:0.6088888645172119, mean_queue:0.0
intersection:30, mean_episode_reward:2.6741669178009033, mean_queue:0.0
intersection:31, mean_episode_reward:0.8616666793823242, mean_queue:0.0
Test step:13/200, travel time :390.37831125827813, rewards:-10.713050672743055, queue:4.545833333333333, delay:0.12046472761366102, throughput:1208
step:3600/3600, q_loss:25.8229923248291, rewards:-9.65111083984375, queue:2.5746527777777777, delay:0.10290949079725477, throughput:1398
episode:14/200, real avg travel time:338.4513590844063
intersection:0, mean_episode_reward:-0.5852779746055603, mean_queue:3.319444417953491
intersection:1, mean_episode_reward:-1.5183335542678833, mean_queue:7.230555534362793
intersection:2, mean_episode_reward:-1.681388020515442, mean_queue:4.641666889190674
intersection:3, mean_episode_reward:-2.4686107635498047, mean_queue:3.297222137451172
intersection:4, mean_episode_reward:0.02388892136514187, mean_queue:4.574999809265137
intersection:5, mean_episode_reward:-0.2544443905353546, mean_queue:6.236111164093018
intersection:6, mean_episode_reward:1.0694446563720703, mean_queue:3.325000047683716
intersection:7, mean_episode_reward:-2.365833282470703, mean_queue:5.330555438995361
intersection:8, mean_episode_reward:-0.8894447088241577, mean_queue:5.919444561004639
intersection:9, mean_episode_reward:-0.1641666293144226, mean_queue:6.599999904632568
intersection:10, mean_episode_reward:-2.1683332920074463, mean_queue:5.472222328186035
intersection:11, mean_episode_reward:-0.08388901501893997, mean_queue:5.27222204208374
intersection:12, mean_episode_reward:-4.030556678771973, mean_queue:4.797222137451172
intersection:13, mean_episode_reward:-3.8369452953338623, mean_queue:8.26111125946045
intersection:14, mean_episode_reward:0.6052776575088501, mean_queue:3.902777671813965
intersection:15, mean_episode_reward:-3.6172220706939697, mean_queue:4.208333492279053
intersection:16, mean_episode_reward:0.4997222423553467, mean_queue:0.0
intersection:17, mean_episode_reward:0.2705555558204651, mean_queue:0.0
intersection:18, mean_episode_reward:0.3541666567325592, mean_queue:0.0
intersection:19, mean_episode_reward:0.3444443941116333, mean_queue:0.0
intersection:20, mean_episode_reward:0.24861109256744385, mean_queue:0.0
intersection:21, mean_episode_reward:0.46027782559394836, mean_queue:0.0
intersection:22, mean_episode_reward:0.5002777576446533, mean_queue:0.0
intersection:23, mean_episode_reward:0.35527777671813965, mean_queue:0.0
intersection:24, mean_episode_reward:1.1811110973358154, mean_queue:0.0
intersection:25, mean_episode_reward:2.787222385406494, mean_queue:0.0
intersection:26, mean_episode_reward:0.5219444036483765, mean_queue:0.0
intersection:27, mean_episode_reward:0.23722216486930847, mean_queue:0.0
intersection:28, mean_episode_reward:0.5866667628288269, mean_queue:0.0
intersection:29, mean_episode_reward:0.7963889241218567, mean_queue:0.0
intersection:30, mean_episode_reward:2.1936111450195312, mean_queue:0.0
intersection:31, mean_episode_reward:0.9772222638130188, mean_queue:0.0
Test step:14/200, travel time :372.74782608695654, rewards:-18.762776692708332, queue:4.8616319444444445, delay:0.11710219913058811, throughput:1150
step:3600/3600, q_loss:24.694007873535156, rewards:-9.963054741753472, queue:2.1921875, delay:0.09531613455878364, throughput:1389
episode:15/200, real avg travel time:308.2167026637869
intersection:0, mean_episode_reward:-1.803611397743225, mean_queue:2.3805556297302246
intersection:1, mean_episode_reward:-2.303889751434326, mean_queue:3.61388897895813
intersection:2, mean_episode_reward:-0.9569451212882996, mean_queue:3.575000047683716
intersection:3, mean_episode_reward:-4.858889102935791, mean_queue:5.2833333015441895
intersection:4, mean_episode_reward:0.6841668486595154, mean_queue:5.077777862548828
intersection:5, mean_episode_reward:1.2463890314102173, mean_queue:4.349999904632568
intersection:6, mean_episode_reward:-0.17055563628673553, mean_queue:3.4555554389953613
intersection:7, mean_episode_reward:-0.2972220778465271, mean_queue:4.5722222328186035
intersection:8, mean_episode_reward:-3.043609857559204, mean_queue:5.9472222328186035
intersection:9, mean_episode_reward:0.8375001549720764, mean_queue:4.405555725097656
intersection:10, mean_episode_reward:0.3200001120567322, mean_queue:2.941666603088379
intersection:11, mean_episode_reward:-3.112499237060547, mean_queue:5.474999904632568
intersection:12, mean_episode_reward:-2.852222442626953, mean_queue:3.4361112117767334
intersection:13, mean_episode_reward:-4.106944561004639, mean_queue:6.669444561004639
intersection:14, mean_episode_reward:0.49583306908607483, mean_queue:4.1972222328186035
intersection:15, mean_episode_reward:-3.316110610961914, mean_queue:4.769444465637207
intersection:16, mean_episode_reward:0.21583332121372223, mean_queue:0.0
intersection:17, mean_episode_reward:0.7200000286102295, mean_queue:0.0
intersection:18, mean_episode_reward:0.3108333647251129, mean_queue:0.0
intersection:19, mean_episode_reward:0.3127777576446533, mean_queue:0.0
intersection:20, mean_episode_reward:0.23027777671813965, mean_queue:0.0
intersection:21, mean_episode_reward:0.4880554974079132, mean_queue:0.0
intersection:22, mean_episode_reward:0.4611110985279083, mean_queue:0.0
intersection:23, mean_episode_reward:0.5366666913032532, mean_queue:0.0
intersection:24, mean_episode_reward:1.1738888025283813, mean_queue:0.0
intersection:25, mean_episode_reward:2.7925000190734863, mean_queue:0.0
intersection:26, mean_episode_reward:0.8611112236976624, mean_queue:0.0
intersection:27, mean_episode_reward:0.21888884902000427, mean_queue:0.0
intersection:28, mean_episode_reward:0.4772222638130188, mean_queue:0.0
intersection:29, mean_episode_reward:1.1508333683013916, mean_queue:0.0
intersection:30, mean_episode_reward:2.048888683319092, mean_queue:0.0
intersection:31, mean_episode_reward:1.2766666412353516, mean_queue:0.0
Test step:15/200, travel time :354.78846153846155, rewards:-28.50222439236111, queue:3.5311631944444444, delay:0.10551058451334636, throughput:1300
step:3600/3600, q_loss:23.872211456298828, rewards:-9.491945393880208, queue:2.1515625, delay:0.09552372826470269, throughput:1403
episode:16/200, real avg travel time:313.03064861012115
intersection:0, mean_episode_reward:-0.19888891279697418, mean_queue:2.152777671813965
intersection:1, mean_episode_reward:-4.680834770202637, mean_queue:6.458333492279053
intersection:2, mean_episode_reward:0.1644441783428192, mean_queue:3.519444465637207
intersection:3, mean_episode_reward:-1.9286118745803833, mean_queue:2.8416666984558105
intersection:4, mean_episode_reward:0.14861130714416504, mean_queue:4.4277777671813965
intersection:5, mean_episode_reward:0.945833146572113, mean_queue:2.9583332538604736
intersection:6, mean_episode_reward:0.6397221088409424, mean_queue:3.3222222328186035
intersection:7, mean_episode_reward:-4.54027795791626, mean_queue:6.5722222328186035
intersection:8, mean_episode_reward:-3.3061108589172363, mean_queue:6.441666603088379
intersection:9, mean_episode_reward:1.4702774286270142, mean_queue:3.3694443702697754
intersection:10, mean_episode_reward:-1.7422220706939697, mean_queue:5.2833333015441895
intersection:11, mean_episode_reward:1.1449999809265137, mean_queue:3.586111068725586
intersection:12, mean_episode_reward:-3.3280553817749023, mean_queue:3.4194445610046387
intersection:13, mean_episode_reward:-3.660555124282837, mean_queue:6.525000095367432
intersection:14, mean_episode_reward:-1.2430551052093506, mean_queue:4.949999809265137
intersection:15, mean_episode_reward:-2.3905553817749023, mean_queue:3.0222222805023193
intersection:16, mean_episode_reward:0.20666664838790894, mean_queue:0.0
intersection:17, mean_episode_reward:0.932222306728363, mean_queue:0.0
intersection:18, mean_episode_reward:0.3033333420753479, mean_queue:0.0
intersection:19, mean_episode_reward:0.363055557012558, mean_queue:0.0
intersection:20, mean_episode_reward:0.2638888955116272, mean_queue:0.0
intersection:21, mean_episode_reward:0.8025000691413879, mean_queue:0.0
intersection:22, mean_episode_reward:0.40388891100883484, mean_queue:0.0
intersection:23, mean_episode_reward:0.33444443345069885, mean_queue:0.0
intersection:24, mean_episode_reward:0.42722219228744507, mean_queue:0.0
intersection:25, mean_episode_reward:2.794999837875366, mean_queue:0.0
intersection:26, mean_episode_reward:1.5602779388427734, mean_queue:0.0
intersection:27, mean_episode_reward:0.19916661083698273, mean_queue:0.0
intersection:28, mean_episode_reward:0.34361109137535095, mean_queue:0.0
intersection:29, mean_episode_reward:2.1880555152893066, mean_queue:0.0
intersection:30, mean_episode_reward:1.2652778625488281, mean_queue:0.0
intersection:31, mean_episode_reward:0.6247221827507019, mean_queue:0.0
Test step:16/200, travel time :413.26777020447906, rewards:-58.57029079861111, queue:6.639670138888889, delay:0.1237055884467231, throughput:1027
step:3600/3600, q_loss:22.7291316986084, rewards:-10.861109754774306, queue:2.106684027777778, delay:0.09125946892632378, throughput:1411
episode:17/200, real avg travel time:308.73493975903614
intersection:0, mean_episode_reward:-1.2869453430175781, mean_queue:3.299999952316284
intersection:1, mean_episode_reward:-6.184998989105225, mean_queue:8.186111450195312
intersection:2, mean_episode_reward:0.5480555891990662, mean_queue:4.436110973358154
intersection:3, mean_episode_reward:-2.0711112022399902, mean_queue:3.9194445610046387
intersection:4, mean_episode_reward:-1.0580557584762573, mean_queue:4.619444370269775
intersection:5, mean_episode_reward:1.923890233039856, mean_queue:2.8333332538604736
intersection:6, mean_episode_reward:-0.26805579662323, mean_queue:2.7138888835906982
intersection:7, mean_episode_reward:-4.918888092041016, mean_queue:6.616666793823242
intersection:8, mean_episode_reward:0.9175001382827759, mean_queue:5.111111164093018
intersection:9, mean_episode_reward:-3.3280553817749023, mean_queue:6.675000190734863
intersection:10, mean_episode_reward:0.6683332324028015, mean_queue:2.950000047683716
intersection:11, mean_episode_reward:1.2119442224502563, mean_queue:2.144444465637207
intersection:12, mean_episode_reward:-2.9947218894958496, mean_queue:3.8333332538604736
intersection:13, mean_episode_reward:-1.4900003671646118, mean_queue:3.566666603088379
intersection:14, mean_episode_reward:-2.1144442558288574, mean_queue:4.061110973358154
intersection:15, mean_episode_reward:-2.544999122619629, mean_queue:2.4472222328186035
intersection:16, mean_episode_reward:0.1944444477558136, mean_queue:0.0
intersection:17, mean_episode_reward:0.3863888680934906, mean_queue:0.0
intersection:18, mean_episode_reward:0.5452778339385986, mean_queue:0.0
intersection:19, mean_episode_reward:0.34583330154418945, mean_queue:0.0
intersection:20, mean_episode_reward:0.567777693271637, mean_queue:0.0
intersection:21, mean_episode_reward:0.5808333158493042, mean_queue:0.0
intersection:22, mean_episode_reward:0.5458333492279053, mean_queue:0.0
intersection:23, mean_episode_reward:0.5369443893432617, mean_queue:0.0
intersection:24, mean_episode_reward:1.181944489479065, mean_queue:0.0
intersection:25, mean_episode_reward:1.0997222661972046, mean_queue:0.0
intersection:26, mean_episode_reward:1.7163891792297363, mean_queue:0.0
intersection:27, mean_episode_reward:0.2683333158493042, mean_queue:0.0
intersection:28, mean_episode_reward:0.37166664004325867, mean_queue:0.0
intersection:29, mean_episode_reward:2.8636107444763184, mean_queue:0.0
intersection:30, mean_episode_reward:0.5469444990158081, mean_queue:0.0
intersection:31, mean_episode_reward:0.3774999976158142, mean_queue:0.0
Test step:17/200, travel time :384.2778846153846, rewards:-42.35694715711806, queue:6.079253472222222, delay:0.11538241704305013, throughput:1040
step:3600/3600, q_loss:21.113914489746094, rewards:-13.684168836805556, queue:2.6116319444444445, delay:0.0939318339029948, throughput:1381
episode:18/200, real avg travel time:343.2483707458363
intersection:0, mean_episode_reward:2.070833206176758, mean_queue:3.4361112117767334
intersection:1, mean_episode_reward:-9.051387786865234, mean_queue:11.372221946716309
intersection:2, mean_episode_reward:1.8263894319534302, mean_queue:3.7722222805023193
intersection:3, mean_episode_reward:-0.9344443678855896, mean_queue:2.75
intersection:4, mean_episode_reward:-0.2572222352027893, mean_queue:4.205555438995361
intersection:5, mean_episode_reward:2.6802775859832764, mean_queue:3.1194443702697754
intersection:6, mean_episode_reward:-2.413055658340454, mean_queue:6.31944465637207
intersection:7, mean_episode_reward:-2.1188905239105225, mean_queue:6.455555438995361
intersection:8, mean_episode_reward:-2.313889265060425, mean_queue:5.683333396911621
intersection:9, mean_episode_reward:-1.0294443368911743, mean_queue:4.894444465637207
intersection:10, mean_episode_reward:1.8341659307479858, mean_queue:2.836111068725586
intersection:11, mean_episode_reward:-5.641666889190674, mean_queue:7.625
intersection:12, mean_episode_reward:-0.8611114621162415, mean_queue:2.9111111164093018
intersection:13, mean_episode_reward:-0.7844445705413818, mean_queue:4.980555534362793
intersection:14, mean_episode_reward:-9.089444160461426, mean_queue:10.841666221618652
intersection:15, mean_episode_reward:-0.5647222399711609, mean_queue:2.3694443702697754
intersection:16, mean_episode_reward:0.5136110782623291, mean_queue:0.0
intersection:17, mean_episode_reward:0.33666664361953735, mean_queue:0.0
intersection:18, mean_episode_reward:0.10499998927116394, mean_queue:0.0
intersection:19, mean_episode_reward:0.400277704000473, mean_queue:0.0
intersection:20, mean_episode_reward:0.7299999594688416, mean_queue:0.0
intersection:21, mean_episode_reward:1.1919444799423218, mean_queue:0.0
intersection:22, mean_episode_reward:0.5041667222976685, mean_queue:0.0
intersection:23, mean_episode_reward:0.16750000417232513, mean_queue:0.0
intersection:24, mean_episode_reward:0.9866666197776794, mean_queue:0.0
intersection:25, mean_episode_reward:0.9916667342185974, mean_queue:0.0
intersection:26, mean_episode_reward:4.894721984863281, mean_queue:0.0
intersection:27, mean_episode_reward:0.24555552005767822, mean_queue:0.0
intersection:28, mean_episode_reward:0.1177777573466301, mean_queue:0.0
intersection:29, mean_episode_reward:0.820555567741394, mean_queue:0.0
intersection:30, mean_episode_reward:0.4416666626930237, mean_queue:0.0
intersection:31, mean_episode_reward:0.5161110758781433, mean_queue:0.0
Test step:18/200, travel time :423.9708108108108, rewards:-59.77526041666667, queue:7.593576388888889, delay:0.12530816396077474, throughput:925
step:3600/3600, q_loss:20.117576599121094, rewards:-11.949717881944444, queue:2.2699652777777777, delay:0.08898673587375217, throughput:1402
episode:19/200, real avg travel time:315.7182596291013
intersection:0, mean_episode_reward:-1.4586108922958374, mean_queue:2.077777862548828
intersection:1, mean_episode_reward:-2.9230539798736572, mean_queue:5.77222204208374
intersection:2, mean_episode_reward:-1.311111330986023, mean_queue:2.855555534362793
intersection:3, mean_episode_reward:-5.58250093460083, mean_queue:6.733333110809326
intersection:4, mean_episode_reward:-0.7549998164176941, mean_queue:4.172222137451172
intersection:5, mean_episode_reward:3.165834665298462, mean_queue:3.944444417953491
intersection:6, mean_episode_reward:-0.501666784286499, mean_queue:3.0611112117767334
intersection:7, mean_episode_reward:-2.794722080230713, mean_queue:5.72777795791626
intersection:8, mean_episode_reward:-1.3975002765655518, mean_queue:6.699999809265137
intersection:9, mean_episode_reward:-2.444444417953491, mean_queue:7.708333492279053
intersection:10, mean_episode_reward:-0.6408334374427795, mean_queue:4.25
intersection:11, mean_episode_reward:1.3436113595962524, mean_queue:3.7833333015441895
intersection:12, mean_episode_reward:-2.4561119079589844, mean_queue:2.644444465637207
intersection:13, mean_episode_reward:-3.096665859222412, mean_queue:3.8499999046325684
intersection:14, mean_episode_reward:-2.7686102390289307, mean_queue:4.788888931274414
intersection:15, mean_episode_reward:-3.680832624435425, mean_queue:4.56944465637207
intersection:16, mean_episode_reward:0.48000001907348633, mean_queue:0.0
intersection:17, mean_episode_reward:0.31166666746139526, mean_queue:0.0
intersection:18, mean_episode_reward:0.710277795791626, mean_queue:0.0
intersection:19, mean_episode_reward:0.30666664242744446, mean_queue:0.0
intersection:20, mean_episode_reward:0.3563888669013977, mean_queue:0.0
intersection:21, mean_episode_reward:0.6172221899032593, mean_queue:0.0
intersection:22, mean_episode_reward:0.4208332896232605, mean_queue:0.0
intersection:23, mean_episode_reward:0.28777778148651123, mean_queue:0.0
intersection:24, mean_episode_reward:0.8280555009841919, mean_queue:0.0
intersection:25, mean_episode_reward:0.9216666221618652, mean_queue:0.0
intersection:26, mean_episode_reward:2.9013888835906982, mean_queue:0.0
intersection:27, mean_episode_reward:0.417222261428833, mean_queue:0.0
intersection:28, mean_episode_reward:3.124166488647461, mean_queue:0.0
intersection:29, mean_episode_reward:2.087777853012085, mean_queue:0.0
intersection:30, mean_episode_reward:0.45222222805023193, mean_queue:0.0
intersection:31, mean_episode_reward:1.1291667222976685, mean_queue:0.0
Test step:19/200, travel time :345.4827302631579, rewards:-33.54360894097222, queue:4.1, delay:0.10246730380588108, throughput:1216
step:3600/3600, q_loss:19.533178329467773, rewards:-9.647781032986112, queue:2.2269965277777777, delay:0.0878084553612603, throughput:1406
episode:20/200, real avg travel time:315.325746799431
intersection:0, mean_episode_reward:-1.0663890838623047, mean_queue:1.9249999523162842
intersection:1, mean_episode_reward:-3.1686105728149414, mean_queue:4.988888740539551
intersection:2, mean_episode_reward:-1.0955556631088257, mean_queue:2.816666603088379
intersection:3, mean_episode_reward:-5.925278186798096, mean_queue:6.719444274902344
intersection:4, mean_episode_reward:-2.689443826675415, mean_queue:4.788888931274414
intersection:5, mean_episode_reward:2.1486103534698486, mean_queue:3.2916667461395264
intersection:6, mean_episode_reward:-0.30583345890045166, mean_queue:2.2444443702697754
intersection:7, mean_episode_reward:-3.5763895511627197, mean_queue:5.599999904632568
intersection:8, mean_episode_reward:-1.2283332347869873, mean_queue:4.56944465637207
intersection:9, mean_episode_reward:-0.6919446587562561, mean_queue:6.383333206176758
intersection:10, mean_episode_reward:0.09500003606081009, mean_queue:2.9666666984558105
intersection:11, mean_episode_reward:-1.6530556678771973, mean_queue:4.252777576446533
intersection:12, mean_episode_reward:-0.31555572152137756, mean_queue:3.6111111640930176
intersection:13, mean_episode_reward:-5.244724273681641, mean_queue:9.016666412353516
intersection:14, mean_episode_reward:-2.6077775955200195, mean_queue:6.525000095367432
intersection:15, mean_episode_reward:-1.6583328247070312, mean_queue:1.5638889074325562
intersection:16, mean_episode_reward:0.40916672348976135, mean_queue:0.0
intersection:17, mean_episode_reward:1.023611068725586, mean_queue:0.0
intersection:18, mean_episode_reward:0.4886111319065094, mean_queue:0.0
intersection:19, mean_episode_reward:0.4300000071525574, mean_queue:0.0
intersection:20, mean_episode_reward:0.39638882875442505, mean_queue:0.0
intersection:21, mean_episode_reward:0.5350000262260437, mean_queue:0.0
intersection:22, mean_episode_reward:0.7019444108009338, mean_queue:0.0
intersection:23, mean_episode_reward:0.5349999666213989, mean_queue:0.0
intersection:24, mean_episode_reward:1.1788889169692993, mean_queue:0.0
intersection:25, mean_episode_reward:0.3266666531562805, mean_queue:0.0
intersection:26, mean_episode_reward:4.199721813201904, mean_queue:0.0
intersection:27, mean_episode_reward:0.1966666281223297, mean_queue:0.0
intersection:28, mean_episode_reward:3.675555467605591, mean_queue:0.0
intersection:29, mean_episode_reward:2.184166669845581, mean_queue:0.0
intersection:30, mean_episode_reward:2.8527777194976807, mean_queue:0.0
intersection:31, mean_episode_reward:0.2016666680574417, mean_queue:0.0
Test step:20/200, travel time :333.0265410958904, rewards:-11.567234971788194, queue:4.590451388888889, delay:0.10306034088134766, throughput:1168
step:3600/3600, q_loss:18.01807975769043, rewards:-10.080835639105903, queue:2.20078125, delay:0.08849596447414822, throughput:1405
episode:21/200, real avg travel time:314.5167259786477
intersection:0, mean_episode_reward:-1.036388874053955, mean_queue:2.200000047683716
intersection:1, mean_episode_reward:-3.8716673851013184, mean_queue:6.361111164093018
intersection:2, mean_episode_reward:0.9402778744697571, mean_queue:3.6416666507720947
intersection:3, mean_episode_reward:-2.2141668796539307, mean_queue:2.8499999046325684
intersection:4, mean_episode_reward:0.9874996542930603, mean_queue:4.650000095367432
intersection:5, mean_episode_reward:-5.060277462005615, mean_queue:10.216666221618652
intersection:6, mean_episode_reward:1.5533337593078613, mean_queue:2.9194445610046387
intersection:7, mean_episode_reward:-1.9363892078399658, mean_queue:3.652777671813965
intersection:8, mean_episode_reward:-2.6286110877990723, mean_queue:6.713889122009277
intersection:9, mean_episode_reward:2.4100003242492676, mean_queue:4.8416666984558105
intersection:10, mean_episode_reward:-0.15638883411884308, mean_queue:2.8777778148651123
intersection:11, mean_episode_reward:-0.8075006008148193, mean_queue:2.7666666507720947
intersection:12, mean_episode_reward:0.33750012516975403, mean_queue:2.7333333492279053
intersection:13, mean_episode_reward:-5.076667785644531, mean_queue:7.566666603088379
intersection:14, mean_episode_reward:-3.3119451999664307, mean_queue:5.083333492279053
intersection:15, mean_episode_reward:-0.9591666460037231, mean_queue:1.350000023841858
intersection:16, mean_episode_reward:0.46416667103767395, mean_queue:0.0
intersection:17, mean_episode_reward:0.5666666626930237, mean_queue:0.0
intersection:18, mean_episode_reward:0.18888889253139496, mean_queue:0.0
intersection:19, mean_episode_reward:0.38083329796791077, mean_queue:0.0
intersection:20, mean_episode_reward:0.44583332538604736, mean_queue:0.0
intersection:21, mean_episode_reward:0.14611108601093292, mean_queue:0.0
intersection:22, mean_episode_reward:0.4883333444595337, mean_queue:0.0
intersection:23, mean_episode_reward:0.5355556011199951, mean_queue:0.0
intersection:24, mean_episode_reward:0.543055534362793, mean_queue:0.0
intersection:25, mean_episode_reward:2.7908332347869873, mean_queue:0.0
intersection:26, mean_episode_reward:1.1663888692855835, mean_queue:0.0
intersection:27, mean_episode_reward:0.19527776539325714, mean_queue:0.0
intersection:28, mean_episode_reward:0.4233333170413971, mean_queue:0.0
intersection:29, mean_episode_reward:0.783333420753479, mean_queue:0.0
intersection:30, mean_episode_reward:1.527777910232544, mean_queue:0.0
intersection:31, mean_episode_reward:0.10333331674337387, mean_queue:0.0
Test step:21/200, travel time :327.91129032258067, rewards:-9.595278591579861, queue:2.5948784722222222, delay:0.0941049575805664, throughput:1364
step:3600/3600, q_loss:16.386201858520508, rewards:-10.10416734483507, queue:1.9391493055555555, delay:0.0863693184322781, throughput:1422
episode:22/200, real avg travel time:296.5611814345992
intersection:0, mean_episode_reward:-1.5369446277618408, mean_queue:2.2333333492279053
intersection:1, mean_episode_reward:-2.343334674835205, mean_queue:6.344444274902344
intersection:2, mean_episode_reward:0.3233334720134735, mean_queue:3.480555534362793
intersection:3, mean_episode_reward:-2.5897223949432373, mean_queue:2.7750000953674316
intersection:4, mean_episode_reward:-1.588611364364624, mean_queue:4.561110973358154
intersection:5, mean_episode_reward:-1.9744439125061035, mean_queue:7.086111068725586
intersection:6, mean_episode_reward:0.2794444262981415, mean_queue:3.3583333492279053
intersection:7, mean_episode_reward:-0.41111114621162415, mean_queue:2.674999952316284
intersection:8, mean_episode_reward:-0.8091665506362915, mean_queue:4.7166666984558105
intersection:9, mean_episode_reward:0.28694427013397217, mean_queue:5.002777576446533
intersection:10, mean_episode_reward:-0.3266666531562805, mean_queue:3.3694443702697754
intersection:11, mean_episode_reward:-1.019722580909729, mean_queue:3.7333333492279053
intersection:12, mean_episode_reward:-2.2024996280670166, mean_queue:2.674999952316284
intersection:13, mean_episode_reward:-1.8191667795181274, mean_queue:4.113888740539551
intersection:14, mean_episode_reward:-2.8558340072631836, mean_queue:3.9361112117767334
intersection:15, mean_episode_reward:-1.5497212409973145, mean_queue:1.9916666746139526
intersection:16, mean_episode_reward:0.5199999809265137, mean_queue:0.0
intersection:17, mean_episode_reward:0.5686110854148865, mean_queue:0.0
intersection:18, mean_episode_reward:0.15444444119930267, mean_queue:0.0
intersection:19, mean_episode_reward:0.2694443464279175, mean_queue:0.0
intersection:20, mean_episode_reward:0.4119444191455841, mean_queue:0.0
intersection:21, mean_episode_reward:0.7786111831665039, mean_queue:0.0
intersection:22, mean_episode_reward:0.7597222328186035, mean_queue:0.0
intersection:23, mean_episode_reward:0.5358333587646484, mean_queue:0.0
intersection:24, mean_episode_reward:0.7513889670372009, mean_queue:0.0
intersection:25, mean_episode_reward:1.4249999523162842, mean_queue:0.0
intersection:26, mean_episode_reward:1.0508334636688232, mean_queue:0.0
intersection:27, mean_episode_reward:0.24611108005046844, mean_queue:0.0
intersection:28, mean_episode_reward:0.286111056804657, mean_queue:0.0
intersection:29, mean_episode_reward:0.3413888216018677, mean_queue:0.0
intersection:30, mean_episode_reward:1.6797224283218384, mean_queue:0.0
intersection:31, mean_episode_reward:0.253888875246048, mean_queue:0.0
Test step:22/200, travel time :348.0350291909925, rewards:-40.1361083984375, queue:4.253298611111111, delay:0.10365820990668403, throughput:1199
step:3600/3600, q_loss:15.62468433380127, rewards:-9.984446885850694, queue:1.9318576388888888, delay:0.08524702919854057, throughput:1405
episode:23/200, real avg travel time:291.935231316726
intersection:0, mean_episode_reward:-1.7475004196166992, mean_queue:2.3499999046325684
intersection:1, mean_episode_reward:-1.0741666555404663, mean_queue:3.6388888359069824
intersection:2, mean_episode_reward:0.05138886719942093, mean_queue:2.961111068725586
intersection:3, mean_episode_reward:-3.665278196334839, mean_queue:3.6777777671813965
intersection:4, mean_episode_reward:-1.16861093044281, mean_queue:3.9083333015441895
intersection:5, mean_episode_reward:-0.33027780055999756, mean_queue:4.777777671813965
intersection:6, mean_episode_reward:-0.47638896107673645, mean_queue:3.027777671813965
intersection:7, mean_episode_reward:-1.503333330154419, mean_queue:2.969444513320923
intersection:8, mean_episode_reward:-0.8080559372901917, mean_queue:5.7166666984558105
intersection:9, mean_episode_reward:-3.396111011505127, mean_queue:8.213889122009277
intersection:10, mean_episode_reward:0.31361114978790283, mean_queue:3.2361111640930176
intersection:11, mean_episode_reward:0.26027804613113403, mean_queue:2.969444513320923
intersection:12, mean_episode_reward:0.5266666412353516, mean_queue:2.1694445610046387
intersection:13, mean_episode_reward:-1.8905563354492188, mean_queue:5.952777862548828
intersection:14, mean_episode_reward:-3.1377787590026855, mean_queue:4.472222328186035
intersection:15, mean_episode_reward:-1.103888988494873, mean_queue:1.7777777910232544
intersection:16, mean_episode_reward:0.3588888943195343, mean_queue:0.0
intersection:17, mean_episode_reward:0.5927777886390686, mean_queue:0.0
intersection:18, mean_episode_reward:0.28583332896232605, mean_queue:0.0
intersection:19, mean_episode_reward:0.25083327293395996, mean_queue:0.0
intersection:20, mean_episode_reward:0.3361110985279083, mean_queue:0.0
intersection:21, mean_episode_reward:0.25583329796791077, mean_queue:0.0
intersection:22, mean_episode_reward:0.30944445729255676, mean_queue:0.0
intersection:23, mean_episode_reward:0.5355555415153503, mean_queue:0.0
intersection:24, mean_episode_reward:0.4369444251060486, mean_queue:0.0
intersection:25, mean_episode_reward:2.790278196334839, mean_queue:0.0
intersection:26, mean_episode_reward:0.9741668105125427, mean_queue:0.0
intersection:27, mean_episode_reward:0.19138887524604797, mean_queue:0.0
intersection:28, mean_episode_reward:0.29500001668930054, mean_queue:0.0
intersection:29, mean_episode_reward:0.17138886451721191, mean_queue:0.0
intersection:30, mean_episode_reward:1.225555658340454, mean_queue:0.0
intersection:31, mean_episode_reward:0.15555556118488312, mean_queue:0.0
Test step:23/200, travel time :301.6897338403042, rewards:-22.096120876736112, queue:2.816059027777778, delay:0.08786088095770941, throughput:1315
step:3600/3600, q_loss:14.581546783447266, rewards:-9.964997694227431, queue:1.85703125, delay:0.08382029003567165, throughput:1408
episode:24/200, real avg travel time:289.2166193181818
intersection:0, mean_episode_reward:-1.1158334016799927, mean_queue:1.8027777671813965
intersection:1, mean_episode_reward:-2.1524996757507324, mean_queue:4.613888740539551
intersection:2, mean_episode_reward:-0.028888797387480736, mean_queue:3.413888931274414
intersection:3, mean_episode_reward:-2.6569440364837646, mean_queue:2.6111111640930176
intersection:4, mean_episode_reward:-1.1883329153060913, mean_queue:4.199999809265137
intersection:5, mean_episode_reward:0.8300002217292786, mean_queue:3.297222137451172
intersection:6, mean_episode_reward:0.062222205102443695, mean_queue:3.0250000953674316
intersection:7, mean_episode_reward:-0.710277795791626, mean_queue:2.597222328186035
intersection:8, mean_episode_reward:-4.491944313049316, mean_queue:8.300000190734863
intersection:9, mean_episode_reward:2.7463889122009277, mean_queue:3.1500000953674316
intersection:10, mean_episode_reward:-0.9491667151451111, mean_queue:3.76111102104187
intersection:11, mean_episode_reward:-0.07166678458452225, mean_queue:3.26111102104187
intersection:12, mean_episode_reward:-4.17611026763916, mean_queue:5.861111164093018
intersection:13, mean_episode_reward:-1.2361111640930176, mean_queue:4.130555629730225
intersection:14, mean_episode_reward:-3.4277775287628174, mean_queue:4.06944465637207
intersection:15, mean_episode_reward:-1.0963886976242065, mean_queue:1.3305555582046509
intersection:16, mean_episode_reward:0.45666664838790894, mean_queue:0.0
intersection:17, mean_episode_reward:1.2455556392669678, mean_queue:0.0
intersection:18, mean_episode_reward:0.2147221863269806, mean_queue:0.0
intersection:19, mean_episode_reward:0.3774999976158142, mean_queue:0.0
intersection:20, mean_episode_reward:0.2638888955116272, mean_queue:0.0
intersection:21, mean_episode_reward:0.18888886272907257, mean_queue:0.0
intersection:22, mean_episode_reward:0.5716666579246521, mean_queue:0.0
intersection:23, mean_episode_reward:0.3472222089767456, mean_queue:0.0
intersection:24, mean_episode_reward:0.20472221076488495, mean_queue:0.0
intersection:25, mean_episode_reward:1.6797223091125488, mean_queue:0.0
intersection:26, mean_episode_reward:1.8444441556930542, mean_queue:0.0
intersection:27, mean_episode_reward:0.1897221952676773, mean_queue:0.0
intersection:28, mean_episode_reward:0.12666666507720947, mean_queue:0.0
intersection:29, mean_episode_reward:0.24361109733581543, mean_queue:0.0
intersection:30, mean_episode_reward:1.6341668367385864, mean_queue:0.0
intersection:31, mean_episode_reward:0.10916667431592941, mean_queue:0.0
Test step:24/200, travel time :308.3525741029641, rewards:-18.70860595703125, queue:3.275520833333333, delay:0.09320836597018772, throughput:1282
step:3600/3600, q_loss:13.490163803100586, rewards:-8.82833251953125, queue:1.5609375, delay:0.07653382089402941, throughput:1425
episode:25/200, real avg travel time:268.4322807017544
intersection:0, mean_episode_reward:-1.1016669273376465, mean_queue:1.5138888359069824
intersection:1, mean_episode_reward:0.018055295571684837, mean_queue:2.7055554389953613
intersection:2, mean_episode_reward:0.055833399295806885, mean_queue:2.51111102104187
intersection:3, mean_episode_reward:-2.9997220039367676, mean_queue:2.8972222805023193
intersection:4, mean_episode_reward:-2.146667242050171, mean_queue:4.422222137451172
intersection:5, mean_episode_reward:0.4933333992958069, mean_queue:3.547222137451172
intersection:6, mean_episode_reward:-0.16333308815956116, mean_queue:2.7638888359069824
intersection:7, mean_episode_reward:-0.8116668462753296, mean_queue:2.0916666984558105
intersection:8, mean_episode_reward:-4.979720592498779, mean_queue:6.81944465637207
intersection:9, mean_episode_reward:2.2419443130493164, mean_queue:2.769444465637207
intersection:10, mean_episode_reward:1.0797216892242432, mean_queue:2.2861111164093018
intersection:11, mean_episode_reward:-2.5361108779907227, mean_queue:4.172222137451172
intersection:12, mean_episode_reward:-1.6344444751739502, mean_queue:2.7277777194976807
intersection:13, mean_episode_reward:-1.4155551195144653, mean_queue:3.2333333492279053
intersection:14, mean_episode_reward:-3.4244441986083984, mean_queue:4.0527777671813965
intersection:15, mean_episode_reward:-0.6061112284660339, mean_queue:1.4361110925674438
intersection:16, mean_episode_reward:0.2105555385351181, mean_queue:0.0
intersection:17, mean_episode_reward:1.0541666746139526, mean_queue:0.0
intersection:18, mean_episode_reward:0.3288889229297638, mean_queue:0.0
intersection:19, mean_episode_reward:0.26916661858558655, mean_queue:0.0
intersection:20, mean_episode_reward:0.2588888704776764, mean_queue:0.0
intersection:21, mean_episode_reward:0.20638887584209442, mean_queue:0.0
intersection:22, mean_episode_reward:0.2477777898311615, mean_queue:0.0
intersection:23, mean_episode_reward:0.031111108139157295, mean_queue:0.0
intersection:24, mean_episode_reward:1.1811110973358154, mean_queue:0.0
intersection:25, mean_episode_reward:1.3861112594604492, mean_queue:0.0
intersection:26, mean_episode_reward:0.15111111104488373, mean_queue:0.0
intersection:27, mean_episode_reward:0.20444443821907043, mean_queue:0.0
intersection:28, mean_episode_reward:0.3452777564525604, mean_queue:0.0
intersection:29, mean_episode_reward:0.16611109673976898, mean_queue:0.0
intersection:30, mean_episode_reward:2.8461110591888428, mean_queue:0.0
intersection:31, mean_episode_reward:0.2150000035762787, mean_queue:0.0
Test step:25/200, travel time :307.62935507783544, rewards:-10.171390787760417, queue:2.484375, delay:0.08973229726155599, throughput:1349
step:3600/3600, q_loss:12.450423240661621, rewards:-8.950278049045139, queue:1.4639756944444444, delay:0.07120582262674967, throughput:1434
episode:26/200, real avg travel time:264.8661087866109
intersection:0, mean_episode_reward:-0.966666579246521, mean_queue:1.5722222328186035
intersection:1, mean_episode_reward:-1.0036107301712036, mean_queue:3.9638888835906982
intersection:2, mean_episode_reward:-0.7833327651023865, mean_queue:3.538888931274414
intersection:3, mean_episode_reward:-2.904721736907959, mean_queue:3.0638887882232666
intersection:4, mean_episode_reward:-1.6086115837097168, mean_queue:3.7527778148651123
intersection:5, mean_episode_reward:-0.7308332920074463, mean_queue:3.8805556297302246
intersection:6, mean_episode_reward:0.6841664910316467, mean_queue:2.288888931274414
intersection:7, mean_episode_reward:0.22166667878627777, mean_queue:1.6555556058883667
intersection:8, mean_episode_reward:-1.5666664838790894, mean_queue:3.2555556297302246
intersection:9, mean_episode_reward:1.0794447660446167, mean_queue:2.3916666507720947
intersection:10, mean_episode_reward:-0.6891669034957886, mean_queue:3.269444465637207
intersection:11, mean_episode_reward:-0.3250003457069397, mean_queue:2.530555486679077
intersection:12, mean_episode_reward:-3.205000400543213, mean_queue:3.055555582046509
intersection:13, mean_episode_reward:-3.2450008392333984, mean_queue:4.675000190734863
intersection:14, mean_episode_reward:-1.9199998378753662, mean_queue:2.5888888835906982
intersection:15, mean_episode_reward:-0.9491665363311768, mean_queue:1.3638888597488403
intersection:16, mean_episode_reward:0.14722220599651337, mean_queue:0.0
intersection:17, mean_episode_reward:1.0094444751739502, mean_queue:0.0
intersection:18, mean_episode_reward:0.16555555164813995, mean_queue:0.0
intersection:19, mean_episode_reward:0.4911111295223236, mean_queue:0.0
intersection:20, mean_episode_reward:0.26249998807907104, mean_queue:0.0
intersection:21, mean_episode_reward:0.16583332419395447, mean_queue:0.0
intersection:22, mean_episode_reward:0.15638889372348785, mean_queue:0.0
intersection:23, mean_episode_reward:0.5350000262260437, mean_queue:0.0
intersection:24, mean_episode_reward:1.152500033378601, mean_queue:0.0
intersection:25, mean_episode_reward:2.6822221279144287, mean_queue:0.0
intersection:26, mean_episode_reward:0.3308333158493042, mean_queue:0.0
intersection:27, mean_episode_reward:0.20749996602535248, mean_queue:0.0
intersection:28, mean_episode_reward:0.14999999105930328, mean_queue:0.0
intersection:29, mean_episode_reward:0.1338888704776764, mean_queue:0.0
intersection:30, mean_episode_reward:1.1966667175292969, mean_queue:0.0
intersection:31, mean_episode_reward:0.17555555701255798, mean_queue:0.0
Test step:26/200, travel time :274.22118826055834, rewards:-9.383888075086805, queue:1.8089409722222223, delay:0.0800907399919298, throughput:1397
step:3600/3600, q_loss:11.662985801696777, rewards:-8.92166476779514, queue:1.1922743055555556, delay:0.06487705442640516, throughput:1433
episode:27/200, real avg travel time:243.0139567341242
intersection:0, mean_episode_reward:-1.0269445180892944, mean_queue:1.2777777910232544
intersection:1, mean_episode_reward:-1.6102783679962158, mean_queue:2.469444513320923
intersection:2, mean_episode_reward:-0.7333338260650635, mean_queue:2.5138888359069824
intersection:3, mean_episode_reward:-2.7913873195648193, mean_queue:2.4000000953674316
intersection:4, mean_episode_reward:-1.3588892221450806, mean_queue:2.325000047683716
intersection:5, mean_episode_reward:-0.2483333945274353, mean_queue:2.2555556297302246
intersection:6, mean_episode_reward:-0.0641665980219841, mean_queue:2.36388897895813
intersection:7, mean_episode_reward:-0.26472219824790955, mean_queue:1.5361111164093018
intersection:8, mean_episode_reward:-0.8733333945274353, mean_queue:2.75
intersection:9, mean_episode_reward:1.1336108446121216, mean_queue:2.972222328186035
intersection:10, mean_episode_reward:1.1036113500595093, mean_queue:1.7916666269302368
intersection:11, mean_episode_reward:-1.3883336782455444, mean_queue:2.424999952316284
intersection:12, mean_episode_reward:-1.6130543947219849, mean_queue:1.8222222328186035
intersection:13, mean_episode_reward:-3.0124995708465576, mean_queue:4.64722204208374
intersection:14, mean_episode_reward:-2.9583330154418945, mean_queue:3.2666666507720947
intersection:15, mean_episode_reward:-1.2730557918548584, mean_queue:1.336111068725586
intersection:16, mean_episode_reward:0.0486111156642437, mean_queue:0.0
intersection:17, mean_episode_reward:0.28611111640930176, mean_queue:0.0
intersection:18, mean_episode_reward:0.20499998331069946, mean_queue:0.0
intersection:19, mean_episode_reward:0.22805553674697876, mean_queue:0.0
intersection:20, mean_episode_reward:0.24444442987442017, mean_queue:0.0
intersection:21, mean_episode_reward:0.6069445013999939, mean_queue:0.0
intersection:22, mean_episode_reward:0.6072222590446472, mean_queue:0.0
intersection:23, mean_episode_reward:0.12916666269302368, mean_queue:0.0
intersection:24, mean_episode_reward:0.4005555510520935, mean_queue:0.0
intersection:25, mean_episode_reward:2.2894442081451416, mean_queue:0.0
intersection:26, mean_episode_reward:0.8436112403869629, mean_queue:0.0
intersection:27, mean_episode_reward:0.20249995589256287, mean_queue:0.0
intersection:28, mean_episode_reward:0.14305554330348969, mean_queue:0.0
intersection:29, mean_episode_reward:0.1994444578886032, mean_queue:0.0
intersection:30, mean_episode_reward:1.3397223949432373, mean_queue:0.0
intersection:31, mean_episode_reward:0.28388890624046326, mean_queue:0.0
Test step:27/200, travel time :284.30313014827016, rewards:-24.8458251953125, queue:3.481423611111111, delay:0.08445177608066134, throughput:1214
step:3600/3600, q_loss:11.24189567565918, rewards:-9.688053385416667, queue:1.1986979166666667, delay:0.0644474294450548, throughput:1442
episode:28/200, real avg travel time:245.84188626907073
intersection:0, mean_episode_reward:-0.7511110901832581, mean_queue:1.1555556058883667
intersection:1, mean_episode_reward:-1.0747219324111938, mean_queue:2.1194443702697754
intersection:2, mean_episode_reward:-2.162222146987915, mean_queue:3.4361112117767334
intersection:3, mean_episode_reward:-2.0399997234344482, mean_queue:2.3222222328186035
intersection:4, mean_episode_reward:-1.2308331727981567, mean_queue:3.222222328186035
intersection:5, mean_episode_reward:-1.3902778625488281, mean_queue:3.405555486679077
intersection:6, mean_episode_reward:0.8452774882316589, mean_queue:1.7472221851348877
intersection:7, mean_episode_reward:-0.9091666340827942, mean_queue:2.030555486679077
intersection:8, mean_episode_reward:-1.5549999475479126, mean_queue:2.769444465637207
intersection:9, mean_episode_reward:1.6186106204986572, mean_queue:2.3222222328186035
intersection:10, mean_episode_reward:0.6319442987442017, mean_queue:1.9416667222976685
intersection:11, mean_episode_reward:-1.058054804801941, mean_queue:2.1583333015441895
intersection:12, mean_episode_reward:-3.0813870429992676, mean_queue:2.694444417953491
intersection:13, mean_episode_reward:-2.169722557067871, mean_queue:3.9944443702697754
intersection:14, mean_episode_reward:-1.5094436407089233, mean_queue:1.9666666984558105
intersection:15, mean_episode_reward:-1.4258335828781128, mean_queue:1.0722222328186035
intersection:16, mean_episode_reward:0.07777778059244156, mean_queue:0.0
intersection:17, mean_episode_reward:0.6175000071525574, mean_queue:0.0
intersection:18, mean_episode_reward:0.26500001549720764, mean_queue:0.0
intersection:19, mean_episode_reward:0.2449999749660492, mean_queue:0.0
intersection:20, mean_episode_reward:0.2472221851348877, mean_queue:0.0
intersection:21, mean_episode_reward:0.44111108779907227, mean_queue:0.0
intersection:22, mean_episode_reward:0.7588889002799988, mean_queue:0.0
intersection:23, mean_episode_reward:0.35555556416511536, mean_queue:0.0
intersection:24, mean_episode_reward:0.6122221946716309, mean_queue:0.0
intersection:25, mean_episode_reward:2.0486111640930176, mean_queue:0.0
intersection:26, mean_episode_reward:0.22694441676139832, mean_queue:0.0
intersection:27, mean_episode_reward:0.2011111080646515, mean_queue:0.0
intersection:28, mean_episode_reward:0.22555555403232574, mean_queue:0.0
intersection:29, mean_episode_reward:0.23916661739349365, mean_queue:0.0
intersection:30, mean_episode_reward:0.9069444537162781, mean_queue:0.0
intersection:31, mean_episode_reward:0.10527778416872025, mean_queue:0.0
Test step:28/200, travel time :244.34178999295278, rewards:-8.961946614583333, queue:1.2823784722222222, delay:0.06354438993665908, throughput:1419
step:3600/3600, q_loss:10.790847778320312, rewards:-8.783888075086805, queue:1.0215277777777778, delay:0.0578621334499783, throughput:1440
episode:29/200, real avg travel time:231.20625
intersection:0, mean_episode_reward:-1.0455557107925415, mean_queue:1.4055556058883667
intersection:1, mean_episode_reward:-0.32027769088745117, mean_queue:1.836111068725586
intersection:2, mean_episode_reward:-1.7297219038009644, mean_queue:3.280555486679077
intersection:3, mean_episode_reward:-2.0219454765319824, mean_queue:1.4388889074325562
intersection:4, mean_episode_reward:-1.8269437551498413, mean_queue:2.4583332538604736
intersection:5, mean_episode_reward:-0.738055408000946, mean_queue:2.383333444595337
intersection:6, mean_episode_reward:0.8577780723571777, mean_queue:2.0999999046325684
intersection:7, mean_episode_reward:-0.8402780294418335, mean_queue:1.4888888597488403
intersection:8, mean_episode_reward:-0.896944522857666, mean_queue:1.980555534362793
intersection:9, mean_episode_reward:0.11027780175209045, mean_queue:2.7833333015441895
intersection:10, mean_episode_reward:0.7672224044799805, mean_queue:1.9027777910232544
intersection:11, mean_episode_reward:-0.7183332443237305, mean_queue:1.6527777910232544
intersection:12, mean_episode_reward:-1.5080554485321045, mean_queue:1.6027777194976807
intersection:13, mean_episode_reward:-0.7091666460037231, mean_queue:2.7472221851348877
intersection:14, mean_episode_reward:-1.8272228240966797, mean_queue:2.4638888835906982
intersection:15, mean_episode_reward:-1.4472217559814453, mean_queue:1.163888931274414
intersection:16, mean_episode_reward:0.0716666728258133, mean_queue:0.0
intersection:17, mean_episode_reward:0.7341667413711548, mean_queue:0.0
intersection:18, mean_episode_reward:0.1827777922153473, mean_queue:0.0
intersection:19, mean_episode_reward:0.20333331823349, mean_queue:0.0
intersection:20, mean_episode_reward:0.27500003576278687, mean_queue:0.0
intersection:21, mean_episode_reward:0.24333328008651733, mean_queue:0.0
intersection:22, mean_episode_reward:0.6605556011199951, mean_queue:0.0
intersection:23, mean_episode_reward:0.1758333444595337, mean_queue:0.0
intersection:24, mean_episode_reward:0.1344444453716278, mean_queue:0.0
intersection:25, mean_episode_reward:0.8591667413711548, mean_queue:0.0
intersection:26, mean_episode_reward:0.5163889527320862, mean_queue:0.0
intersection:27, mean_episode_reward:0.2016666680574417, mean_queue:0.0
intersection:28, mean_episode_reward:0.16777776181697845, mean_queue:0.0
intersection:29, mean_episode_reward:0.20249998569488525, mean_queue:0.0
intersection:30, mean_episode_reward:0.34333330392837524, mean_queue:0.0
intersection:31, mean_episode_reward:0.1386111080646515, mean_queue:0.0
Test step:29/200, travel time :292.12655086848633, rewards:-21.24165988498264, queue:3.567795138888889, delay:0.07966508865356445, throughput:1209
step:3600/3600, q_loss:10.201951026916504, rewards:-8.779168023003471, queue:1.0571180555555555, delay:0.056291887495252824, throughput:1440
episode:30/200, real avg travel time:234.53472222222223
intersection:0, mean_episode_reward:-1.3327772617340088, mean_queue:1.1861110925674438
intersection:1, mean_episode_reward:-0.3249998688697815, mean_queue:1.7861111164093018
intersection:2, mean_episode_reward:-2.0838894844055176, mean_queue:3.405555486679077
intersection:3, mean_episode_reward:-1.6783334016799927, mean_queue:1.5222222805023193
intersection:4, mean_episode_reward:-0.8094444274902344, mean_queue:1.8222222328186035
intersection:5, mean_episode_reward:-0.10722222924232483, mean_queue:2.0416667461395264
intersection:6, mean_episode_reward:0.84638911485672, mean_queue:2.2083332538604736
intersection:7, mean_episode_reward:-1.0619441270828247, mean_queue:1.7027777433395386
intersection:8, mean_episode_reward:0.24055546522140503, mean_queue:2.0444445610046387
intersection:9, mean_episode_reward:-0.00444440683349967, mean_queue:2.691666603088379
intersection:10, mean_episode_reward:0.8916664123535156, mean_queue:1.8333333730697632
intersection:11, mean_episode_reward:-0.8894447088241577, mean_queue:1.5222222805023193
intersection:12, mean_episode_reward:-1.9913899898529053, mean_queue:2.711111068725586
intersection:13, mean_episode_reward:-2.826388359069824, mean_queue:4.211111068725586
intersection:14, mean_episode_reward:-1.0158337354660034, mean_queue:2.1416666507720947
intersection:15, mean_episode_reward:-1.2427775859832764, mean_queue:0.9972222447395325
intersection:16, mean_episode_reward:0.08833333849906921, mean_queue:0.0
intersection:17, mean_episode_reward:0.13805554807186127, mean_queue:0.0
intersection:18, mean_episode_reward:0.1552777886390686, mean_queue:0.0
intersection:19, mean_episode_reward:0.25055548548698425, mean_queue:0.0
intersection:20, mean_episode_reward:0.231666699051857, mean_queue:0.0
intersection:21, mean_episode_reward:0.42694443464279175, mean_queue:0.0
intersection:22, mean_episode_reward:0.516944408416748, mean_queue:0.0
intersection:23, mean_episode_reward:0.12388887256383896, mean_queue:0.0
intersection:24, mean_episode_reward:0.5011111497879028, mean_queue:0.0
intersection:25, mean_episode_reward:0.7130554914474487, mean_queue:0.0
intersection:26, mean_episode_reward:0.4974999725818634, mean_queue:0.0
intersection:27, mean_episode_reward:0.18972225487232208, mean_queue:0.0
intersection:28, mean_episode_reward:0.10444443672895432, mean_queue:0.0
intersection:29, mean_episode_reward:0.22888880968093872, mean_queue:0.0
intersection:30, mean_episode_reward:0.3027777671813965, mean_queue:0.0
intersection:31, mean_episode_reward:0.14194443821907043, mean_queue:0.0
Test step:30/200, travel time :251.66100495399857, rewards:-10.056662326388889, queue:1.3850694444444445, delay:0.0648451911078559, throughput:1413
step:3600/3600, q_loss:9.696646690368652, rewards:-9.110829671223959, queue:1.1864583333333334, delay:0.058059443367852105, throughput:1440
episode:31/200, real avg travel time:243.50972222222222
intersection:0, mean_episode_reward:-0.884166955947876, mean_queue:1.230555534362793
intersection:1, mean_episode_reward:-1.0166668891906738, mean_queue:1.8222222328186035
intersection:2, mean_episode_reward:-1.1027778387069702, mean_queue:2.8138887882232666
intersection:3, mean_episode_reward:-1.7663880586624146, mean_queue:1.211111068725586
intersection:4, mean_episode_reward:-0.9199999570846558, mean_queue:1.7944444417953491
intersection:5, mean_episode_reward:1.226944923400879, mean_queue:2.299999952316284
intersection:6, mean_episode_reward:-3.982776165008545, mean_queue:6.902777671813965
intersection:7, mean_episode_reward:0.5247227549552917, mean_queue:1.7972222566604614
intersection:8, mean_episode_reward:-1.9286118745803833, mean_queue:3.450000047683716
intersection:9, mean_episode_reward:1.5466670989990234, mean_queue:2.569444417953491
intersection:10, mean_episode_reward:1.204722285270691, mean_queue:1.6027777194976807
intersection:11, mean_episode_reward:-0.6563887000083923, mean_queue:1.8166667222976685
intersection:12, mean_episode_reward:-1.5505563020706177, mean_queue:1.7472221851348877
intersection:13, mean_episode_reward:-1.8402769565582275, mean_queue:3.3916666507720947
intersection:14, mean_episode_reward:-1.319722294807434, mean_queue:1.8083332777023315
intersection:15, mean_episode_reward:-1.9644438028335571, mean_queue:1.7083333730697632
intersection:16, mean_episode_reward:0.19083330035209656, mean_queue:0.0
intersection:17, mean_episode_reward:0.14500002562999725, mean_queue:0.0
intersection:18, mean_episode_reward:0.30000001192092896, mean_queue:0.0
intersection:19, mean_episode_reward:0.2988888621330261, mean_queue:0.0
intersection:20, mean_episode_reward:0.24055561423301697, mean_queue:0.0
intersection:21, mean_episode_reward:0.3561110496520996, mean_queue:0.0
intersection:22, mean_episode_reward:0.6008332967758179, mean_queue:0.0
intersection:23, mean_episode_reward:0.07916666567325592, mean_queue:0.0
intersection:24, mean_episode_reward:0.36222219467163086, mean_queue:0.0
intersection:25, mean_episode_reward:1.3811111450195312, mean_queue:0.0
intersection:26, mean_episode_reward:0.2794444262981415, mean_queue:0.0
intersection:27, mean_episode_reward:0.1777777522802353, mean_queue:0.0
intersection:28, mean_episode_reward:0.13777777552604675, mean_queue:0.0
intersection:29, mean_episode_reward:0.2869444191455841, mean_queue:0.0
intersection:30, mean_episode_reward:0.2727777361869812, mean_queue:0.0
intersection:31, mean_episode_reward:0.20944444835186005, mean_queue:0.0
Test step:31/200, travel time :280.036496350365, rewards:-17.4533447265625, queue:2.0782118055555556, delay:0.06649862925211589, throughput:1370
step:3600/3600, q_loss:9.403136253356934, rewards:-8.557499186197917, queue:0.9465277777777777, delay:0.05383481979370117, throughput:1440
episode:32/200, real avg travel time:223.44027777777777
intersection:0, mean_episode_reward:-1.194166660308838, mean_queue:1.2222222089767456
intersection:1, mean_episode_reward:-0.7419443130493164, mean_queue:1.711111068725586
intersection:2, mean_episode_reward:-1.4744447469711304, mean_queue:2.7944445610046387
intersection:3, mean_episode_reward:-1.6016664505004883, mean_queue:1.3250000476837158
intersection:4, mean_episode_reward:-0.23972231149673462, mean_queue:1.649999976158142
intersection:5, mean_episode_reward:-0.6713889241218567, mean_queue:2.23888897895813
intersection:6, mean_episode_reward:0.28361111879348755, mean_queue:2.1861112117767334
intersection:7, mean_episode_reward:-0.7561110854148865, mean_queue:1.2805556058883667
intersection:8, mean_episode_reward:-0.9811111688613892, mean_queue:1.899999976158142
intersection:9, mean_episode_reward:0.5958334803581238, mean_queue:1.8583333492279053
intersection:10, mean_episode_reward:1.4288883209228516, mean_queue:1.605555534362793
intersection:11, mean_episode_reward:-0.9766664505004883, mean_queue:1.5444444417953491
intersection:12, mean_episode_reward:-1.6555553674697876, mean_queue:1.5722222328186035
intersection:13, mean_episode_reward:-3.9372220039367676, mean_queue:4.541666507720947
intersection:14, mean_episode_reward:-1.5777772665023804, mean_queue:1.9388889074325562
intersection:15, mean_episode_reward:-1.3469440937042236, mean_queue:0.9194444417953491
intersection:16, mean_episode_reward:0.15222221612930298, mean_queue:0.0
intersection:17, mean_episode_reward:0.17222222685813904, mean_queue:0.0
intersection:18, mean_episode_reward:0.13027776777744293, mean_queue:0.0
intersection:19, mean_episode_reward:0.31305551528930664, mean_queue:0.0
intersection:20, mean_episode_reward:0.24472221732139587, mean_queue:0.0
intersection:21, mean_episode_reward:0.3258332908153534, mean_queue:0.0
intersection:22, mean_episode_reward:0.40166667103767395, mean_queue:0.0
intersection:23, mean_episode_reward:0.05388888716697693, mean_queue:0.0
intersection:24, mean_episode_reward:0.4130555987358093, mean_queue:0.0
intersection:25, mean_episode_reward:2.7849998474121094, mean_queue:0.0
intersection:26, mean_episode_reward:0.2724999189376831, mean_queue:0.0
intersection:27, mean_episode_reward:0.1899999976158142, mean_queue:0.0
intersection:28, mean_episode_reward:0.12444444000720978, mean_queue:0.0
intersection:29, mean_episode_reward:0.2569444179534912, mean_queue:0.0
intersection:30, mean_episode_reward:0.363611102104187, mean_queue:0.0
intersection:31, mean_episode_reward:0.08944443613290787, mean_queue:0.0
Test step:32/200, travel time :231.02236198462614, rewards:-9.489720323350694, queue:1.06484375, delay:0.05537950727674696, throughput:1431
step:3600/3600, q_loss:8.434837341308594, rewards:-9.341945393880208, queue:0.8960069444444444, delay:0.05165529780917698, throughput:1439
episode:33/200, real avg travel time:221.1535788742182
intersection:0, mean_episode_reward:-1.0988894701004028, mean_queue:1.3583333492279053
intersection:1, mean_episode_reward:-1.1966664791107178, mean_queue:1.880555510520935
intersection:2, mean_episode_reward:-0.21027781069278717, mean_queue:1.6555556058883667
intersection:3, mean_episode_reward:-1.7438889741897583, mean_queue:1.2999999523162842
intersection:4, mean_episode_reward:-0.5313888788223267, mean_queue:1.8472222089767456
intersection:5, mean_episode_reward:-0.3752777874469757, mean_queue:1.6611111164093018
intersection:6, mean_episode_reward:-0.3047223687171936, mean_queue:2.030555486679077
intersection:7, mean_episode_reward:-0.9888890385627747, mean_queue:1.230555534362793
intersection:8, mean_episode_reward:-0.8605547547340393, mean_queue:2.1666667461395264
intersection:9, mean_episode_reward:0.353611022233963, mean_queue:1.7944444417953491
intersection:10, mean_episode_reward:1.5344446897506714, mean_queue:1.5166666507720947
intersection:11, mean_episode_reward:-0.9874998927116394, mean_queue:1.6972222328186035
intersection:12, mean_episode_reward:-1.9958338737487793, mean_queue:1.9833333492279053
intersection:13, mean_episode_reward:-2.178055763244629, mean_queue:3.2333333492279053
intersection:14, mean_episode_reward:-1.8972231149673462, mean_queue:2.230555534362793
intersection:15, mean_episode_reward:-1.383610725402832, mean_queue:1.086111068725586
intersection:16, mean_episode_reward:0.1758333146572113, mean_queue:0.0
intersection:17, mean_episode_reward:0.08444444835186005, mean_queue:0.0
intersection:18, mean_episode_reward:0.12888887524604797, mean_queue:0.0
intersection:19, mean_episode_reward:0.4813888967037201, mean_queue:0.0
intersection:20, mean_episode_reward:0.28333330154418945, mean_queue:0.0
intersection:21, mean_episode_reward:0.2913888394832611, mean_queue:0.0
intersection:22, mean_episode_reward:0.10527778416872025, mean_queue:0.0
intersection:23, mean_episode_reward:0.029722221195697784, mean_queue:0.0
intersection:24, mean_episode_reward:0.04555555805563927, mean_queue:0.0
intersection:25, mean_episode_reward:1.4375, mean_queue:0.0
intersection:26, mean_episode_reward:0.3144443929195404, mean_queue:0.0
intersection:27, mean_episode_reward:0.1852777749300003, mean_queue:0.0
intersection:28, mean_episode_reward:0.16055554151535034, mean_queue:0.0
intersection:29, mean_episode_reward:0.3172221779823303, mean_queue:0.0
intersection:30, mean_episode_reward:0.3241666555404663, mean_queue:0.0
intersection:31, mean_episode_reward:0.1577777862548828, mean_queue:0.0
Test step:33/200, travel time :218.66341463414633, rewards:-8.696114095052083, queue:0.8776041666666666, delay:0.05009033415052626, throughput:1435
step:3600/3600, q_loss:7.703492641448975, rewards:-8.562220594618056, queue:0.9606770833333333, delay:0.05202585326300727, throughput:1440
episode:34/200, real avg travel time:226.45
intersection:0, mean_episode_reward:-1.25833261013031, mean_queue:1.1277778148651123
intersection:1, mean_episode_reward:-0.9777777194976807, mean_queue:1.6138888597488403
intersection:2, mean_episode_reward:-0.8161109685897827, mean_queue:1.9222222566604614
intersection:3, mean_episode_reward:-1.5347222089767456, mean_queue:1.0777777433395386
intersection:4, mean_episode_reward:-0.6100000143051147, mean_queue:1.4722222089767456
intersection:5, mean_episode_reward:-0.34083321690559387, mean_queue:1.7777777910232544
intersection:6, mean_episode_reward:0.6944446563720703, mean_queue:2.105555534362793
intersection:7, mean_episode_reward:-0.8558329939842224, mean_queue:1.1388888359069824
intersection:8, mean_episode_reward:-0.9947220683097839, mean_queue:2.180555582046509
intersection:9, mean_episode_reward:1.599998950958252, mean_queue:1.8194444179534912
intersection:10, mean_episode_reward:-2.0436112880706787, mean_queue:4.686110973358154
intersection:11, mean_episode_reward:0.34361129999160767, mean_queue:1.6583333015441895
intersection:12, mean_episode_reward:-1.266111135482788, mean_queue:1.4833333492279053
intersection:13, mean_episode_reward:-3.8319437503814697, mean_queue:4.2166666984558105
intersection:14, mean_episode_reward:-0.45833319425582886, mean_queue:1.3472222089767456
intersection:15, mean_episode_reward:-1.6572221517562866, mean_queue:1.1138888597488403
intersection:16, mean_episode_reward:0.08833333849906921, mean_queue:0.0
intersection:17, mean_episode_reward:0.14527776837348938, mean_queue:0.0
intersection:18, mean_episode_reward:0.2522222399711609, mean_queue:0.0
intersection:19, mean_episode_reward:0.1894444078207016, mean_queue:0.0
intersection:20, mean_episode_reward:0.2363889068365097, mean_queue:0.0
intersection:21, mean_episode_reward:0.3099999725818634, mean_queue:0.0
intersection:22, mean_episode_reward:0.1616666615009308, mean_queue:0.0
intersection:23, mean_episode_reward:0.08694444596767426, mean_queue:0.0
intersection:24, mean_episode_reward:0.27111107110977173, mean_queue:0.0
intersection:25, mean_episode_reward:2.3794445991516113, mean_queue:0.0
intersection:26, mean_episode_reward:0.20999997854232788, mean_queue:0.0
intersection:27, mean_episode_reward:0.18888886272907257, mean_queue:0.0
intersection:28, mean_episode_reward:0.33944448828697205, mean_queue:0.0
intersection:29, mean_episode_reward:0.1944444179534912, mean_queue:0.0
intersection:30, mean_episode_reward:0.2774999737739563, mean_queue:0.0
intersection:31, mean_episode_reward:0.11416666209697723, mean_queue:0.0
Test step:34/200, travel time :269.61948249619485, rewards:-17.006377495659724, queue:2.519184027777778, delay:0.06268421808878581, throughput:1314
step:3600/3600, q_loss:6.983740329742432, rewards:-9.15250244140625, queue:1.0638888888888889, delay:0.05331630706787109, throughput:1443
episode:35/200, real avg travel time:235.3035343035343
intersection:0, mean_episode_reward:-1.3000004291534424, mean_queue:1.4277777671813965
intersection:1, mean_episode_reward:0.6916666030883789, mean_queue:2.327777862548828
intersection:2, mean_episode_reward:-5.452498912811279, mean_queue:6.855555534362793
intersection:3, mean_episode_reward:-0.8102779984474182, mean_queue:1.1888889074325562
intersection:4, mean_episode_reward:-0.4330556094646454, mean_queue:1.7222222089767456
intersection:5, mean_episode_reward:-0.32638871669769287, mean_queue:1.6861110925674438
intersection:6, mean_episode_reward:1.5819445848464966, mean_queue:1.9500000476837158
intersection:7, mean_episode_reward:-0.7416666746139526, mean_queue:1.1138888597488403
intersection:8, mean_episode_reward:-0.5191667079925537, mean_queue:2.0138888359069824
intersection:9, mean_episode_reward:0.9827775955200195, mean_queue:1.8222222328186035
intersection:10, mean_episode_reward:0.9463884830474854, mean_queue:1.336111068725586
intersection:11, mean_episode_reward:-0.9827780723571777, mean_queue:1.5527777671813965
intersection:12, mean_episode_reward:-1.5961111783981323, mean_queue:2.3111112117767334
intersection:13, mean_episode_reward:-3.7183353900909424, mean_queue:4.2166666984558105
intersection:14, mean_episode_reward:-0.4522222876548767, mean_queue:1.461111068725586
intersection:15, mean_episode_reward:-1.3552781343460083, mean_queue:1.0583332777023315
intersection:16, mean_episode_reward:0.22972221672534943, mean_queue:0.0
intersection:17, mean_episode_reward:0.13361111283302307, mean_queue:0.0
intersection:18, mean_episode_reward:0.14833331108093262, mean_queue:0.0
intersection:19, mean_episode_reward:0.27888885140419006, mean_queue:0.0
intersection:20, mean_episode_reward:0.24166668951511383, mean_queue:0.0
intersection:21, mean_episode_reward:0.3569444417953491, mean_queue:0.0
intersection:22, mean_episode_reward:0.04833333194255829, mean_queue:0.0
intersection:23, mean_episode_reward:0.12999999523162842, mean_queue:0.0
intersection:24, mean_episode_reward:0.9575000405311584, mean_queue:0.0
intersection:25, mean_episode_reward:0.6727777719497681, mean_queue:0.0
intersection:26, mean_episode_reward:0.22527775168418884, mean_queue:0.0
intersection:27, mean_episode_reward:0.18777775764465332, mean_queue:0.0
intersection:28, mean_episode_reward:0.1875000149011612, mean_queue:0.0
intersection:29, mean_episode_reward:0.1827777475118637, mean_queue:0.0
intersection:30, mean_episode_reward:0.2780555188655853, mean_queue:0.0
intersection:31, mean_episode_reward:0.07333333790302277, mean_queue:0.0
Test step:35/200, travel time :218.21859819569744, rewards:-8.480278862847221, queue:0.8675347222222223, delay:0.05052334997389052, throughput:1441
step:3600/3600, q_loss:6.575532913208008, rewards:-8.986944580078125, queue:0.9446180555555556, delay:0.052849494086371525, throughput:1441
episode:36/200, real avg travel time:224.117973629424
intersection:0, mean_episode_reward:-0.9713883399963379, mean_queue:1.0777777433395386
intersection:1, mean_episode_reward:-1.1916667222976685, mean_queue:1.913888931274414
intersection:2, mean_episode_reward:-1.6033329963684082, mean_queue:2.6583333015441895
intersection:3, mean_episode_reward:-1.563056230545044, mean_queue:1.1416666507720947
intersection:4, mean_episode_reward:-0.9005557298660278, mean_queue:1.7805556058883667
intersection:5, mean_episode_reward:-0.12083332985639572, mean_queue:1.6777777671813965
intersection:6, mean_episode_reward:0.12027774751186371, mean_queue:2.0166666507720947
intersection:7, mean_episode_reward:-0.7827778458595276, mean_queue:1.144444465637207
intersection:8, mean_episode_reward:0.05277785286307335, mean_queue:1.7916666269302368
intersection:9, mean_episode_reward:-0.0030558123253285885, mean_queue:2.405555486679077
intersection:10, mean_episode_reward:1.1686112880706787, mean_queue:1.3083332777023315
intersection:11, mean_episode_reward:-1.1172223091125488, mean_queue:1.8194444179534912
intersection:12, mean_episode_reward:-1.7997218370437622, mean_queue:2.2750000953674316
intersection:13, mean_episode_reward:-3.9691667556762695, mean_queue:4.463889122009277
intersection:14, mean_episode_reward:-1.1408333778381348, mean_queue:1.6666666269302368
intersection:15, mean_episode_reward:-1.0227779150009155, mean_queue:1.086111068725586
intersection:16, mean_episode_reward:0.058055564761161804, mean_queue:0.0
intersection:17, mean_episode_reward:0.07833333313465118, mean_queue:0.0
intersection:18, mean_episode_reward:0.1619444340467453, mean_queue:0.0
intersection:19, mean_episode_reward:0.2633333206176758, mean_queue:0.0
intersection:20, mean_episode_reward:0.24833329021930695, mean_queue:0.0
intersection:21, mean_episode_reward:0.5219444036483765, mean_queue:0.0
intersection:22, mean_episode_reward:0.6524999737739563, mean_queue:0.0
intersection:23, mean_episode_reward:0.06833332777023315, mean_queue:0.0
intersection:24, mean_episode_reward:0.8808333277702332, mean_queue:0.0
intersection:25, mean_episode_reward:1.746944546699524, mean_queue:0.0
intersection:26, mean_episode_reward:0.19388887286186218, mean_queue:0.0
intersection:27, mean_episode_reward:0.21583330631256104, mean_queue:0.0
intersection:28, mean_episode_reward:0.17638887465000153, mean_queue:0.0
intersection:29, mean_episode_reward:0.17749999463558197, mean_queue:0.0
intersection:30, mean_episode_reward:0.3538888692855835, mean_queue:0.0
intersection:31, mean_episode_reward:0.05972221866250038, mean_queue:0.0
Test step:36/200, travel time :222.0931849791377, rewards:-8.390001085069445, queue:0.9236111111111112, delay:0.05322495566474067, throughput:1438
step:3600/3600, q_loss:6.392884731292725, rewards:-9.58694797092014, queue:0.9517361111111111, delay:0.05191626018948025, throughput:1438
episode:37/200, real avg travel time:224.7510431154381
intersection:0, mean_episode_reward:-1.1075000762939453, mean_queue:1.2333333492279053
intersection:1, mean_episode_reward:-1.1100003719329834, mean_queue:2.019444465637207
intersection:2, mean_episode_reward:-1.4674999713897705, mean_queue:2.558333396911621
intersection:3, mean_episode_reward:-1.399722933769226, mean_queue:1.0277777910232544
intersection:4, mean_episode_reward:-0.47805583477020264, mean_queue:1.6083333492279053
intersection:5, mean_episode_reward:-0.38166651129722595, mean_queue:1.9083333015441895
intersection:6, mean_episode_reward:-0.12722204625606537, mean_queue:1.980555534362793
intersection:7, mean_episode_reward:-0.8969447016716003, mean_queue:1.1694444417953491
intersection:8, mean_episode_reward:-0.5522221922874451, mean_queue:1.9916666746139526
intersection:9, mean_episode_reward:0.35666704177856445, mean_queue:1.913888931274414
intersection:10, mean_episode_reward:1.2922223806381226, mean_queue:1.375
intersection:11, mean_episode_reward:-0.8963886499404907, mean_queue:1.7027777433395386
intersection:12, mean_episode_reward:-1.347221851348877, mean_queue:1.3166667222976685
intersection:13, mean_episode_reward:-3.980558156967163, mean_queue:4.480555534362793
intersection:14, mean_episode_reward:-2.683612108230591, mean_queue:3.0361111164093018
intersection:15, mean_episode_reward:-0.884444534778595, mean_queue:1.1333333253860474
intersection:16, mean_episode_reward:0.0833333358168602, mean_queue:0.0
intersection:17, mean_episode_reward:0.1436111032962799, mean_queue:0.0
intersection:18, mean_episode_reward:0.12777777016162872, mean_queue:0.0
intersection:19, mean_episode_reward:0.3408333361148834, mean_queue:0.0
intersection:20, mean_episode_reward:0.2386111170053482, mean_queue:0.0
intersection:21, mean_episode_reward:0.40361103415489197, mean_queue:0.0
intersection:22, mean_episode_reward:0.7605555057525635, mean_queue:0.0
intersection:23, mean_episode_reward:0.03666666895151138, mean_queue:0.0
intersection:24, mean_episode_reward:0.07805556058883667, mean_queue:0.0
intersection:25, mean_episode_reward:2.7891666889190674, mean_queue:0.0
intersection:26, mean_episode_reward:0.3441665768623352, mean_queue:0.0
intersection:27, mean_episode_reward:0.19499994814395905, mean_queue:0.0
intersection:28, mean_episode_reward:0.14277777075767517, mean_queue:0.0
intersection:29, mean_episode_reward:0.15388886630535126, mean_queue:0.0
intersection:30, mean_episode_reward:0.18666663765907288, mean_queue:0.0
intersection:31, mean_episode_reward:0.052500005811452866, mean_queue:0.0
Test step:37/200, travel time :220.39526791927628, rewards:-8.561666531032985, queue:0.9, delay:0.05277796321445041, throughput:1437
step:3600/3600, q_loss:5.870393753051758, rewards:-8.421390787760417, queue:0.8118055555555556, delay:0.048862118191189234, throughput:1441
episode:38/200, real avg travel time:215.0
intersection:0, mean_episode_reward:-1.184444785118103, mean_queue:1.1861110925674438
intersection:1, mean_episode_reward:-1.1544445753097534, mean_queue:1.6972222328186035
intersection:2, mean_episode_reward:-0.43666666746139526, mean_queue:1.5750000476837158
intersection:3, mean_episode_reward:-1.5952774286270142, mean_queue:1.0638889074325562
intersection:4, mean_episode_reward:-0.8497223854064941, mean_queue:1.7611111402511597
intersection:5, mean_episode_reward:-0.019444452598690987, mean_queue:1.5361111164093018
intersection:6, mean_episode_reward:-0.24499988555908203, mean_queue:2.0
intersection:7, mean_episode_reward:-0.9466670751571655, mean_queue:1.1138888597488403
intersection:8, mean_episode_reward:-0.930277943611145, mean_queue:2.075000047683716
intersection:9, mean_episode_reward:-0.14138886332511902, mean_queue:2.2472221851348877
intersection:10, mean_episode_reward:1.3024998903274536, mean_queue:1.75
intersection:11, mean_episode_reward:-0.7652775049209595, mean_queue:1.663888931274414
intersection:12, mean_episode_reward:-1.1091667413711548, mean_queue:1.3083332777023315
intersection:13, mean_episode_reward:-1.6363893747329712, mean_queue:2.616666555404663
intersection:14, mean_episode_reward:-1.2713894844055176, mean_queue:1.5472222566604614
intersection:15, mean_episode_reward:-1.2227778434753418, mean_queue:0.8361111283302307
intersection:16, mean_episode_reward:0.16249999403953552, mean_queue:0.0
intersection:17, mean_episode_reward:0.10944444686174393, mean_queue:0.0
intersection:18, mean_episode_reward:0.15666666626930237, mean_queue:0.0
intersection:19, mean_episode_reward:0.27166664600372314, mean_queue:0.0
intersection:20, mean_episode_reward:0.2269444614648819, mean_queue:0.0
intersection:21, mean_episode_reward:0.3072221875190735, mean_queue:0.0
intersection:22, mean_episode_reward:0.26777777075767517, mean_queue:0.0
intersection:23, mean_episode_reward:0.04777777940034866, mean_queue:0.0
intersection:24, mean_episode_reward:0.17444443702697754, mean_queue:0.0
intersection:25, mean_episode_reward:1.195833444595337, mean_queue:0.0
intersection:26, mean_episode_reward:0.14499996602535248, mean_queue:0.0
intersection:27, mean_episode_reward:0.19249998033046722, mean_queue:0.0
intersection:28, mean_episode_reward:0.13277778029441833, mean_queue:0.0
intersection:29, mean_episode_reward:0.1433333158493042, mean_queue:0.0
intersection:30, mean_episode_reward:0.18777775764465332, mean_queue:0.0
intersection:31, mean_episode_reward:0.06277778744697571, mean_queue:0.0
Test step:38/200, travel time :210.4899514899515, rewards:-8.551946343315972, queue:0.7615451388888889, delay:0.04746599197387695, throughput:1443
step:3600/3600, q_loss:5.251223564147949, rewards:-8.471108669704861, queue:0.7620659722222223, delay:0.04634414778815375, throughput:1445
episode:39/200, real avg travel time:210.94463667820068
intersection:0, mean_episode_reward:-1.2522224187850952, mean_queue:1.2138888835906982
intersection:1, mean_episode_reward:-0.7522221803665161, mean_queue:1.5083333253860474
intersection:2, mean_episode_reward:-0.5883331894874573, mean_queue:1.730555534362793
intersection:3, mean_episode_reward:-1.2000004053115845, mean_queue:1.0333333015441895
intersection:4, mean_episode_reward:-0.573611319065094, mean_queue:1.3083332777023315
intersection:5, mean_episode_reward:-0.4605553448200226, mean_queue:1.7999999523162842
intersection:6, mean_episode_reward:-0.6436107754707336, mean_queue:2.2138888835906982
intersection:7, mean_episode_reward:-0.8797220587730408, mean_queue:1.2527778148651123
intersection:8, mean_episode_reward:-0.7688890099525452, mean_queue:1.7944444417953491
intersection:9, mean_episode_reward:0.03555552288889885, mean_queue:1.8472222089767456
intersection:10, mean_episode_reward:1.0913892984390259, mean_queue:1.2083333730697632
intersection:11, mean_episode_reward:-1.0644445419311523, mean_queue:1.725000023841858
intersection:12, mean_episode_reward:-1.466388463973999, mean_queue:1.3388888835906982
intersection:13, mean_episode_reward:-1.8491660356521606, mean_queue:2.469444513320923
intersection:14, mean_episode_reward:-0.6641665697097778, mean_queue:0.980555534362793
intersection:15, mean_episode_reward:-1.1316664218902588, mean_queue:0.9611111283302307
intersection:16, mean_episode_reward:0.09944445639848709, mean_queue:0.0
intersection:17, mean_episode_reward:0.08888889849185944, mean_queue:0.0
intersection:18, mean_episode_reward:0.12138888239860535, mean_queue:0.0
intersection:19, mean_episode_reward:0.28388887643814087, mean_queue:0.0
intersection:20, mean_episode_reward:0.2158333659172058, mean_queue:0.0
intersection:21, mean_episode_reward:0.2452777624130249, mean_queue:0.0
intersection:22, mean_episode_reward:0.22388888895511627, mean_queue:0.0
intersection:23, mean_episode_reward:0.06444444507360458, mean_queue:0.0
intersection:24, mean_episode_reward:0.1483333259820938, mean_queue:0.0
intersection:25, mean_episode_reward:1.3325001001358032, mean_queue:0.0
intersection:26, mean_episode_reward:0.19055555760860443, mean_queue:0.0
intersection:27, mean_episode_reward:0.18694445490837097, mean_queue:0.0
intersection:28, mean_episode_reward:0.15611110627651215, mean_queue:0.0
intersection:29, mean_episode_reward:0.15194444358348846, mean_queue:0.0
intersection:30, mean_episode_reward:0.12805554270744324, mean_queue:0.0
intersection:31, mean_episode_reward:0.059444453567266464, mean_queue:0.0
Test step:39/200, travel time :212.26180555555555, rewards:-8.483053927951389, queue:0.7995659722222223, delay:0.048035155402289496, throughput:1440
step:3600/3600, q_loss:5.060237407684326, rewards:-8.33944363064236, queue:0.7191840277777778, delay:0.044453594419691295, throughput:1442
episode:40/200, real avg travel time:207.43273231622746
intersection:0, mean_episode_reward:-1.0033328533172607, mean_queue:1.1083333492279053
intersection:1, mean_episode_reward:-0.8022224307060242, mean_queue:1.4416667222976685
intersection:2, mean_episode_reward:-0.2622223496437073, mean_queue:1.4472222328186035
intersection:3, mean_episode_reward:-1.6024996042251587, mean_queue:1.0833333730697632
intersection:4, mean_episode_reward:-0.8330552577972412, mean_queue:1.5805555582046509
intersection:5, mean_episode_reward:-0.03166664391756058, mean_queue:1.5222222805023193
intersection:6, mean_episode_reward:-0.33944427967071533, mean_queue:1.8222222328186035
intersection:7, mean_episode_reward:-0.7333333492279053, mean_queue:0.875
intersection:8, mean_episode_reward:-0.6638888716697693, mean_queue:1.7611111402511597
intersection:9, mean_episode_reward:-0.7283332943916321, mean_queue:2.430555582046509
intersection:10, mean_episode_reward:1.0458331108093262, mean_queue:1.2138888835906982
intersection:11, mean_episode_reward:-1.0894441604614258, mean_queue:1.6527777910232544
intersection:12, mean_episode_reward:-1.22444486618042, mean_queue:1.413888931274414
intersection:13, mean_episode_reward:-0.8861108422279358, mean_queue:1.7666666507720947
intersection:14, mean_episode_reward:-0.5291666388511658, mean_queue:0.8638888597488403
intersection:15, mean_episode_reward:-1.4363893270492554, mean_queue:1.0305556058883667
intersection:16, mean_episode_reward:0.04611111059784889, mean_queue:0.0
intersection:17, mean_episode_reward:0.057777781039476395, mean_queue:0.0
intersection:18, mean_episode_reward:0.1269444227218628, mean_queue:0.0
intersection:19, mean_episode_reward:0.37861108779907227, mean_queue:0.0
intersection:20, mean_episode_reward:0.22750002145767212, mean_queue:0.0
intersection:21, mean_episode_reward:0.2636110484600067, mean_queue:0.0
intersection:22, mean_episode_reward:0.09749999642372131, mean_queue:0.0
intersection:23, mean_episode_reward:0.0533333346247673, mean_queue:0.0
intersection:24, mean_episode_reward:0.16555555164813995, mean_queue:0.0
intersection:25, mean_episode_reward:0.4147222638130188, mean_queue:0.0
intersection:26, mean_episode_reward:0.1499999612569809, mean_queue:0.0
intersection:27, mean_episode_reward:0.18749995529651642, mean_queue:0.0
intersection:28, mean_episode_reward:0.1483333259820938, mean_queue:0.0
intersection:29, mean_episode_reward:0.138888880610466, mean_queue:0.0
intersection:30, mean_episode_reward:0.2569443881511688, mean_queue:0.0
intersection:31, mean_episode_reward:0.06694445013999939, mean_queue:0.0
Test step:40/200, travel time :208.4125, rewards:-8.430277506510416, queue:0.73046875, delay:0.044800154368082684, throughput:1440
step:3600/3600, q_loss:4.669459819793701, rewards:-8.364444986979167, queue:0.6823784722222223, delay:0.04289959536658393, throughput:1444
episode:41/200, real avg travel time:204.3365650969529
intersection:0, mean_episode_reward:-1.1824995279312134, mean_queue:1.1583333015441895
intersection:1, mean_episode_reward:-0.5997223258018494, mean_queue:1.2361111640930176
intersection:2, mean_episode_reward:-0.2841668128967285, mean_queue:1.4777777194976807
intersection:3, mean_episode_reward:-1.4599995613098145, mean_queue:1.0944443941116333
intersection:4, mean_episode_reward:-0.7736115455627441, mean_queue:1.5305556058883667
intersection:5, mean_episode_reward:-0.12083331495523453, mean_queue:1.394444465637207
intersection:6, mean_episode_reward:-0.5013890266418457, mean_queue:1.9416667222976685
intersection:7, mean_episode_reward:-1.0086110830307007, mean_queue:1.1583333015441895
intersection:8, mean_episode_reward:-0.8780553340911865, mean_queue:1.619444489479065
intersection:9, mean_episode_reward:-0.12861114740371704, mean_queue:1.774999976158142
intersection:10, mean_episode_reward:0.49388906359672546, mean_queue:1.2861111164093018
intersection:11, mean_episode_reward:-0.6227778792381287, mean_queue:1.4472222328186035
intersection:12, mean_episode_reward:-1.465833067893982, mean_queue:1.2944444417953491
intersection:13, mean_episode_reward:-0.7950000166893005, mean_queue:1.5
intersection:14, mean_episode_reward:-0.49944448471069336, mean_queue:0.949999988079071
intersection:15, mean_episode_reward:-1.3444446325302124, mean_queue:0.9722222089767456
intersection:16, mean_episode_reward:0.11750000715255737, mean_queue:0.0
intersection:17, mean_episode_reward:0.049444448202848434, mean_queue:0.0
intersection:18, mean_episode_reward:0.12444444000720978, mean_queue:0.0
intersection:19, mean_episode_reward:0.29888883233070374, mean_queue:0.0
intersection:20, mean_episode_reward:0.22555556893348694, mean_queue:0.0
intersection:21, mean_episode_reward:0.20249998569488525, mean_queue:0.0
intersection:22, mean_episode_reward:0.13333332538604736, mean_queue:0.0
intersection:23, mean_episode_reward:0.028611112385988235, mean_queue:0.0
intersection:24, mean_episode_reward:0.12805554270744324, mean_queue:0.0
intersection:25, mean_episode_reward:0.38027775287628174, mean_queue:0.0
intersection:26, mean_episode_reward:0.21944443881511688, mean_queue:0.0
intersection:27, mean_episode_reward:0.21388886868953705, mean_queue:0.0
intersection:28, mean_episode_reward:0.205833300948143, mean_queue:0.0
intersection:29, mean_episode_reward:0.15444442629814148, mean_queue:0.0
intersection:30, mean_episode_reward:0.26694440841674805, mean_queue:0.0
intersection:31, mean_episode_reward:0.05750000849366188, mean_queue:0.0
Test step:41/200, travel time :206.63384188626907, rewards:-8.530556233723958, queue:0.7103298611111111, delay:0.04380212624867757, throughput:1442
step:3600/3600, q_loss:4.303178787231445, rewards:-8.453889295789931, queue:0.6216145833333333, delay:0.03951735496520996, throughput:1441
episode:42/200, real avg travel time:199.38167938931298
intersection:0, mean_episode_reward:-1.2683331966400146, mean_queue:1.1805555820465088
intersection:1, mean_episode_reward:-0.7008334994316101, mean_queue:1.3666666746139526
intersection:2, mean_episode_reward:-0.4255557656288147, mean_queue:1.4777777194976807
intersection:3, mean_episode_reward:-1.371389389038086, mean_queue:0.9583333134651184
intersection:4, mean_episode_reward:-0.6119440197944641, mean_queue:1.3138889074325562
intersection:5, mean_episode_reward:-0.20555560290813446, mean_queue:1.4333332777023315
intersection:6, mean_episode_reward:-0.27333351969718933, mean_queue:1.6861110925674438
intersection:7, mean_episode_reward:-0.6194444894790649, mean_queue:0.8583333492279053
intersection:8, mean_episode_reward:-0.6147222518920898, mean_queue:1.5222222805023193
intersection:9, mean_episode_reward:-0.2699999213218689, mean_queue:1.7361111640930176
intersection:10, mean_episode_reward:0.1455555111169815, mean_queue:1.163888931274414
intersection:11, mean_episode_reward:-0.7297221422195435, mean_queue:1.0638889074325562
intersection:12, mean_episode_reward:-1.2430554628372192, mean_queue:1.0666667222976685
intersection:13, mean_episode_reward:-0.7580552697181702, mean_queue:1.2972222566604614
intersection:14, mean_episode_reward:-0.7519444227218628, mean_queue:0.9305555820465088
intersection:15, mean_episode_reward:-1.2908337116241455, mean_queue:0.8361111283302307
intersection:16, mean_episode_reward:0.1524999886751175, mean_queue:0.0
intersection:17, mean_episode_reward:0.06361111253499985, mean_queue:0.0
intersection:18, mean_episode_reward:0.10944443941116333, mean_queue:0.0
intersection:19, mean_episode_reward:0.25555554032325745, mean_queue:0.0
intersection:20, mean_episode_reward:0.2222222238779068, mean_queue:0.0
intersection:21, mean_episode_reward:0.23777775466442108, mean_queue:0.0
intersection:22, mean_episode_reward:0.150277778506279, mean_queue:0.0
intersection:23, mean_episode_reward:0.03166666626930237, mean_queue:0.0
intersection:24, mean_episode_reward:0.14499999582767487, mean_queue:0.0
intersection:25, mean_episode_reward:0.21083329617977142, mean_queue:0.0
intersection:26, mean_episode_reward:0.16999995708465576, mean_queue:0.0
intersection:27, mean_episode_reward:0.19944441318511963, mean_queue:0.0
intersection:28, mean_episode_reward:0.1272222101688385, mean_queue:0.0
intersection:29, mean_episode_reward:0.11611108481884003, mean_queue:0.0
intersection:30, mean_episode_reward:0.22555552423000336, mean_queue:0.0
intersection:31, mean_episode_reward:0.1180555522441864, mean_queue:0.0
Test step:42/200, travel time :203.47331947331946, rewards:-8.700556098090278, queue:0.6658854166666667, delay:0.0410847716861301, throughput:1443
step:3600/3600, q_loss:3.9428484439849854, rewards:-8.566387939453126, queue:0.6274305555555556, delay:0.03984285460578071, throughput:1445
episode:43/200, real avg travel time:200.6221453287197
intersection:0, mean_episode_reward:-1.3802776336669922, mean_queue:1.1861110925674438
intersection:1, mean_episode_reward:-0.6944442391395569, mean_queue:1.3250000476837158
intersection:2, mean_episode_reward:-0.2963889539241791, mean_queue:1.4388889074325562
intersection:3, mean_episode_reward:-1.4777777194976807, mean_queue:1.0416666269302368
intersection:4, mean_episode_reward:-0.6416667699813843, mean_queue:1.1916667222976685
intersection:5, mean_episode_reward:-0.2013889104127884, mean_queue:1.4194444417953491
intersection:6, mean_episode_reward:-0.49166667461395264, mean_queue:1.899999976158142
intersection:7, mean_episode_reward:-0.5777778029441833, mean_queue:0.9305555820465088
intersection:8, mean_episode_reward:-0.7302777767181396, mean_queue:1.5611110925674438
intersection:9, mean_episode_reward:-0.03277779370546341, mean_queue:1.5333333015441895
intersection:10, mean_episode_reward:0.36944442987442017, mean_queue:1.1611111164093018
intersection:11, mean_episode_reward:-0.6783334016799927, mean_queue:1.125
intersection:12, mean_episode_reward:-1.286388874053955, mean_queue:1.144444465637207
intersection:13, mean_episode_reward:-0.8124995827674866, mean_queue:1.3250000476837158
intersection:14, mean_episode_reward:-0.6377775073051453, mean_queue:0.8694444298744202
intersection:15, mean_episode_reward:-1.3838887214660645, mean_queue:0.925000011920929
intersection:16, mean_episode_reward:0.07472222298383713, mean_queue:0.0
intersection:17, mean_episode_reward:0.07555555552244186, mean_queue:0.0
intersection:18, mean_episode_reward:0.13472221791744232, mean_queue:0.0
intersection:19, mean_episode_reward:0.22694441676139832, mean_queue:0.0
intersection:20, mean_episode_reward:0.2219444215297699, mean_queue:0.0
intersection:21, mean_episode_reward:0.2886110842227936, mean_queue:0.0
intersection:22, mean_episode_reward:0.06666667014360428, mean_queue:0.0
intersection:23, mean_episode_reward:0.02222222276031971, mean_queue:0.0
intersection:24, mean_episode_reward:0.1730555146932602, mean_queue:0.0
intersection:25, mean_episode_reward:0.2633332908153534, mean_queue:0.0
intersection:26, mean_episode_reward:0.1755555272102356, mean_queue:0.0
intersection:27, mean_episode_reward:0.18416665494441986, mean_queue:0.0
intersection:28, mean_episode_reward:0.13083331286907196, mean_queue:0.0
intersection:29, mean_episode_reward:0.10999998450279236, mean_queue:0.0
intersection:30, mean_episode_reward:0.16083332896232605, mean_queue:0.0
intersection:31, mean_episode_reward:0.07833333313465118, mean_queue:0.0
Test step:43/200, travel time :203.14434420541292, rewards:-8.458056640625, queue:0.6674479166666667, delay:0.04160270955827501, throughput:1441
step:3600/3600, q_loss:3.677109479904175, rewards:-9.554722764756944, queue:0.7174479166666666, delay:0.04101575215657552, throughput:1443
episode:44/200, real avg travel time:207.82051282051282
intersection:0, mean_episode_reward:-0.5091667771339417, mean_queue:1.244444489479065
intersection:1, mean_episode_reward:-2.34138822555542, mean_queue:2.9555554389953613
intersection:2, mean_episode_reward:-0.1733333021402359, mean_queue:1.5222222805023193
intersection:3, mean_episode_reward:-1.6236114501953125, mean_queue:1.086111068725586
intersection:4, mean_episode_reward:-0.8216670751571655, mean_queue:1.3388888835906982
intersection:5, mean_episode_reward:-0.12611109018325806, mean_queue:1.6111111640930176
intersection:6, mean_episode_reward:-0.19194437563419342, mean_queue:1.8444443941116333
intersection:7, mean_episode_reward:-0.6713888645172119, mean_queue:0.9583333134651184
intersection:8, mean_episode_reward:-0.6505556702613831, mean_queue:1.5638889074325562
intersection:9, mean_episode_reward:-0.14194439351558685, mean_queue:1.711111068725586
intersection:10, mean_episode_reward:-0.18500006198883057, mean_queue:1.4333332777023315
intersection:11, mean_episode_reward:-0.6755555272102356, mean_queue:1.2333333492279053
intersection:12, mean_episode_reward:-1.3055561780929565, mean_queue:1.1555556058883667
intersection:13, mean_episode_reward:-0.7416665554046631, mean_queue:1.3305555582046509
intersection:14, mean_episode_reward:-0.6758335828781128, mean_queue:0.9916666746139526
intersection:15, mean_episode_reward:-1.204444169998169, mean_queue:0.9777777791023254
intersection:16, mean_episode_reward:0.1019444391131401, mean_queue:0.0
intersection:17, mean_episode_reward:0.11472224444150925, mean_queue:0.0
intersection:18, mean_episode_reward:0.11027777940034866, mean_queue:0.0
intersection:19, mean_episode_reward:0.3002777099609375, mean_queue:0.0
intersection:20, mean_episode_reward:0.22333335876464844, mean_queue:0.0
intersection:21, mean_episode_reward:0.17250002920627594, mean_queue:0.0
intersection:22, mean_episode_reward:0.11722221225500107, mean_queue:0.0
intersection:23, mean_episode_reward:0.04722222685813904, mean_queue:0.0
intersection:24, mean_episode_reward:0.07444445043802261, mean_queue:0.0
intersection:25, mean_episode_reward:0.2933333218097687, mean_queue:0.0
intersection:26, mean_episode_reward:0.16249996423721313, mean_queue:0.0
intersection:27, mean_episode_reward:0.18444444239139557, mean_queue:0.0
intersection:28, mean_episode_reward:0.13944444060325623, mean_queue:0.0
intersection:29, mean_episode_reward:0.13027775287628174, mean_queue:0.0
intersection:30, mean_episode_reward:0.24444444477558136, mean_queue:0.0
intersection:31, mean_episode_reward:0.06805556267499924, mean_queue:0.0
Test step:44/200, travel time :203.07350901525658, rewards:-8.521666802300347, queue:0.6651041666666667, delay:0.0416800684399075, throughput:1442
step:3600/3600, q_loss:3.3889575004577637, rewards:-8.499445258246528, queue:0.6172743055555555, delay:0.039047649171617294, throughput:1442
episode:45/200, real avg travel time:199.49514563106797
intersection:0, mean_episode_reward:-1.3186111450195312, mean_queue:1.1722222566604614
intersection:1, mean_episode_reward:-0.4166666269302368, mean_queue:1.3861111402511597
intersection:2, mean_episode_reward:-0.21444447338581085, mean_queue:1.399999976158142
intersection:3, mean_episode_reward:-1.3633334636688232, mean_queue:0.8972222208976746
intersection:4, mean_episode_reward:-0.9936113357543945, mean_queue:1.4888888597488403
intersection:5, mean_episode_reward:-0.513888955116272, mean_queue:1.8138889074325562
intersection:6, mean_episode_reward:-0.17138896882534027, mean_queue:1.5527777671813965
intersection:7, mean_episode_reward:-0.7558334469795227, mean_queue:0.8527777791023254
intersection:8, mean_episode_reward:-0.5347222089767456, mean_queue:1.4055556058883667
intersection:9, mean_episode_reward:0.03805561736226082, mean_queue:1.461111068725586
intersection:10, mean_episode_reward:0.06777781248092651, mean_queue:1.2777777910232544
intersection:11, mean_episode_reward:-0.7713889479637146, mean_queue:1.1583333015441895
intersection:12, mean_episode_reward:-1.2194442749023438, mean_queue:1.0527777671813965
intersection:13, mean_episode_reward:-0.8827779293060303, mean_queue:1.1333333253860474
intersection:14, mean_episode_reward:-0.6105554103851318, mean_queue:0.8138889074325562
intersection:15, mean_episode_reward:-1.1522225141525269, mean_queue:0.8861111402511597
intersection:16, mean_episode_reward:0.0716666728258133, mean_queue:0.0
intersection:17, mean_episode_reward:0.07750000059604645, mean_queue:0.0
intersection:18, mean_episode_reward:0.10277778655290604, mean_queue:0.0
intersection:19, mean_episode_reward:0.28499990701675415, mean_queue:0.0
intersection:20, mean_episode_reward:0.2080555558204651, mean_queue:0.0
intersection:21, mean_episode_reward:0.22499997913837433, mean_queue:0.0
intersection:22, mean_episode_reward:0.09416667371988297, mean_queue:0.0
intersection:23, mean_episode_reward:0.023333335295319557, mean_queue:0.0
intersection:24, mean_episode_reward:0.08500000834465027, mean_queue:0.0
intersection:25, mean_episode_reward:0.18888884782791138, mean_queue:0.0
intersection:26, mean_episode_reward:0.15583331882953644, mean_queue:0.0
intersection:27, mean_episode_reward:0.19555553793907166, mean_queue:0.0
intersection:28, mean_episode_reward:0.13583330810070038, mean_queue:0.0
intersection:29, mean_episode_reward:0.11638887226581573, mean_queue:0.0
intersection:30, mean_episode_reward:0.2863888740539551, mean_queue:0.0
intersection:31, mean_episode_reward:0.062222227454185486, mean_queue:0.0
Test step:45/200, travel time :200.5117728531856, rewards:-8.270833333333334, queue:0.6244791666666667, delay:0.039570124944051106, throughput:1444
step:3600/3600, q_loss:3.163287401199341, rewards:-8.534166802300348, queue:0.63984375, delay:0.039863962597317164, throughput:1443
episode:46/200, real avg travel time:201.5107415107415
intersection:0, mean_episode_reward:-1.2383334636688232, mean_queue:1.1749999523162842
intersection:1, mean_episode_reward:-0.7283333539962769, mean_queue:1.4527777433395386
intersection:2, mean_episode_reward:-0.9216668009757996, mean_queue:1.5277777910232544
intersection:3, mean_episode_reward:-1.435833215713501, mean_queue:1.1027777194976807
intersection:4, mean_episode_reward:-0.6352778673171997, mean_queue:1.3111110925674438
intersection:5, mean_episode_reward:-0.33694449067115784, mean_queue:1.5972222089767456
intersection:6, mean_episode_reward:0.2761111557483673, mean_queue:1.288888931274414
intersection:7, mean_episode_reward:-0.7736110091209412, mean_queue:0.9722222089767456
intersection:8, mean_episode_reward:-0.9147219061851501, mean_queue:1.769444465637207
intersection:9, mean_episode_reward:-0.03805552423000336, mean_queue:1.3972222805023193
intersection:10, mean_episode_reward:0.19500009715557098, mean_queue:1.3111110925674438
intersection:11, mean_episode_reward:-0.455277681350708, mean_queue:1.1861110925674438
intersection:12, mean_episode_reward:-0.9699996113777161, mean_queue:1.1361111402511597
intersection:13, mean_episode_reward:-0.9405555725097656, mean_queue:1.2388888597488403
intersection:14, mean_episode_reward:-0.6869444847106934, mean_queue:0.9444444179534912
intersection:15, mean_episode_reward:-1.3005561828613281, mean_queue:1.0638889074325562
intersection:16, mean_episode_reward:0.13027776777744293, mean_queue:0.0
intersection:17, mean_episode_reward:0.06361111253499985, mean_queue:0.0
intersection:18, mean_episode_reward:0.1411111056804657, mean_queue:0.0
intersection:19, mean_episode_reward:0.21444439888000488, mean_queue:0.0
intersection:20, mean_episode_reward:0.21888887882232666, mean_queue:0.0
intersection:21, mean_episode_reward:0.2472221851348877, mean_queue:0.0
intersection:22, mean_episode_reward:0.11000000685453415, mean_queue:0.0
intersection:23, mean_episode_reward:0.08388888835906982, mean_queue:0.0
intersection:24, mean_episode_reward:0.04972222074866295, mean_queue:0.0
intersection:25, mean_episode_reward:0.19722217321395874, mean_queue:0.0
intersection:26, mean_episode_reward:0.17944441735744476, mean_queue:0.0
intersection:27, mean_episode_reward:0.17083331942558289, mean_queue:0.0
intersection:28, mean_episode_reward:0.14416664838790894, mean_queue:0.0
intersection:29, mean_episode_reward:0.13583329319953918, mean_queue:0.0
intersection:30, mean_episode_reward:0.21694442629814148, mean_queue:0.0
intersection:31, mean_episode_reward:0.0672222301363945, mean_queue:0.0
Test step:46/200, travel time :202.48474341192787, rewards:-8.659168158637153, queue:0.6572048611111111, delay:0.0407980653974745, throughput:1442
step:3600/3600, q_loss:3.0472323894500732, rewards:-8.465833875868055, queue:0.6207465277777777, delay:0.039434125688340926, throughput:1447
episode:47/200, real avg travel time:200.03040774015204
intersection:0, mean_episode_reward:-1.4077777862548828, mean_queue:1.230555534362793
intersection:1, mean_episode_reward:-0.6550000905990601, mean_queue:1.4083333015441895
intersection:2, mean_episode_reward:-0.665277898311615, mean_queue:1.519444465637207
intersection:3, mean_episode_reward:-1.4994442462921143, mean_queue:1.0305556058883667
intersection:4, mean_episode_reward:-0.6238892078399658, mean_queue:1.4055556058883667
intersection:5, mean_episode_reward:-0.21972225606441498, mean_queue:1.6722222566604614
intersection:6, mean_episode_reward:0.1661110818386078, mean_queue:1.4222222566604614
intersection:7, mean_episode_reward:-0.5980554819107056, mean_queue:0.8722222447395325
intersection:8, mean_episode_reward:-0.9552775025367737, mean_queue:1.6694444417953491
intersection:9, mean_episode_reward:0.05305558443069458, mean_queue:1.3444443941116333
intersection:10, mean_episode_reward:-0.041944459080696106, mean_queue:1.230555534362793
intersection:11, mean_episode_reward:-0.3911111652851105, mean_queue:0.9694444537162781
intersection:12, mean_episode_reward:-1.0013892650604248, mean_queue:0.980555534362793
intersection:13, mean_episode_reward:-0.9213888645172119, mean_queue:1.1722222566604614
intersection:14, mean_episode_reward:-0.6319443583488464, mean_queue:0.8888888955116272
intersection:15, mean_episode_reward:-1.3950001001358032, mean_queue:1.0472222566604614
intersection:16, mean_episode_reward:0.06555556505918503, mean_queue:0.0
intersection:17, mean_episode_reward:0.06666667014360428, mean_queue:0.0
intersection:18, mean_episode_reward:0.10611111670732498, mean_queue:0.0
intersection:19, mean_episode_reward:0.22027774155139923, mean_queue:0.0
intersection:20, mean_episode_reward:0.21555554866790771, mean_queue:0.0
intersection:21, mean_episode_reward:0.2358333170413971, mean_queue:0.0
intersection:22, mean_episode_reward:0.09055554866790771, mean_queue:0.0
intersection:23, mean_episode_reward:0.050833337008953094, mean_queue:0.0
intersection:24, mean_episode_reward:0.10583333671092987, mean_queue:0.0
intersection:25, mean_episode_reward:0.29472222924232483, mean_queue:0.0
intersection:26, mean_episode_reward:0.1661110818386078, mean_queue:0.0
intersection:27, mean_episode_reward:0.1783333271741867, mean_queue:0.0
intersection:28, mean_episode_reward:0.13249999284744263, mean_queue:0.0
intersection:29, mean_episode_reward:0.13777776062488556, mean_queue:0.0
intersection:30, mean_episode_reward:0.18694442510604858, mean_queue:0.0
intersection:31, mean_episode_reward:0.06861111521720886, mean_queue:0.0
Test step:47/200, travel time :198.49689011748444, rewards:-8.542776828342014, queue:0.6006076388888889, delay:0.0379090944925944, throughput:1447
step:3600/3600, q_loss:2.9068055152893066, rewards:-8.554443359375, queue:0.6065972222222222, delay:0.038007497787475586, throughput:1447
episode:48/200, real avg travel time:198.8555632342778
intersection:0, mean_episode_reward:-1.0974997282028198, mean_queue:0.9388889074325562
intersection:1, mean_episode_reward:-0.48111093044281006, mean_queue:1.2666666507720947
intersection:2, mean_episode_reward:-0.7111108899116516, mean_queue:1.6888889074325562
intersection:3, mean_episode_reward:-1.547499418258667, mean_queue:1.0888888835906982
intersection:4, mean_episode_reward:-0.9197220802307129, mean_queue:1.2944444417953491
intersection:5, mean_episode_reward:-0.3219444453716278, mean_queue:1.5277777910232544
intersection:6, mean_episode_reward:0.16138885915279388, mean_queue:1.5222222805023193
intersection:7, mean_episode_reward:-0.6494446396827698, mean_queue:0.8777777552604675
intersection:8, mean_episode_reward:-0.7836112380027771, mean_queue:1.4916666746139526
intersection:9, mean_episode_reward:-0.07861105352640152, mean_queue:1.369444489479065
intersection:10, mean_episode_reward:-0.07638891041278839, mean_queue:1.2833333015441895
intersection:11, mean_episode_reward:-0.5519446730613708, mean_queue:1.0083333253860474
intersection:12, mean_episode_reward:-1.083611249923706, mean_queue:1.1166666746139526
intersection:13, mean_episode_reward:-0.8591660261154175, mean_queue:1.2416666746139526
intersection:14, mean_episode_reward:-0.5849999785423279, mean_queue:0.855555534362793
intersection:15, mean_episode_reward:-1.3194446563720703, mean_queue:0.8388888835906982
intersection:16, mean_episode_reward:0.07500000298023224, mean_queue:0.0
intersection:17, mean_episode_reward:0.0716666728258133, mean_queue:0.0
intersection:18, mean_episode_reward:0.1274999976158142, mean_queue:0.0
intersection:19, mean_episode_reward:0.2149999886751175, mean_queue:0.0
intersection:20, mean_episode_reward:0.23333333432674408, mean_queue:0.0
intersection:21, mean_episode_reward:0.24444442987442017, mean_queue:0.0
intersection:22, mean_episode_reward:0.060833338648080826, mean_queue:0.0
intersection:23, mean_episode_reward:0.10472222417593002, mean_queue:0.0
intersection:24, mean_episode_reward:0.08055555820465088, mean_queue:0.0
intersection:25, mean_episode_reward:0.33722221851348877, mean_queue:0.0
intersection:26, mean_episode_reward:0.17527775466442108, mean_queue:0.0
intersection:27, mean_episode_reward:0.17472220957279205, mean_queue:0.0
intersection:28, mean_episode_reward:0.12138888239860535, mean_queue:0.0
intersection:29, mean_episode_reward:0.09805555641651154, mean_queue:0.0
intersection:30, mean_episode_reward:0.16277775168418884, mean_queue:0.0
intersection:31, mean_episode_reward:0.06777778267860413, mean_queue:0.0
Test step:48/200, travel time :199.00553250345783, rewards:-8.692502170138889, queue:0.6096354166666667, delay:0.038108979331122506, throughput:1446
step:3600/3600, q_loss:2.7028589248657227, rewards:-8.371945529513889, queue:0.5862847222222223, delay:0.036729608641730416, throughput:1444
episode:49/200, real avg travel time:196.7319944598338
intersection:0, mean_episode_reward:-1.2186110019683838, mean_queue:1.0583332777023315
intersection:1, mean_episode_reward:-0.8574999570846558, mean_queue:1.2972222566604614
intersection:2, mean_episode_reward:-0.525277853012085, mean_queue:1.3222222328186035
intersection:3, mean_episode_reward:-1.6311112642288208, mean_queue:1.0333333015441895
intersection:4, mean_episode_reward:-0.5711109042167664, mean_queue:1.2861111164093018
intersection:5, mean_episode_reward:-0.1524999588727951, mean_queue:1.2722222805023193
intersection:6, mean_episode_reward:0.18611109256744385, mean_queue:1.2861111164093018
intersection:7, mean_episode_reward:-0.534722089767456, mean_queue:0.875
intersection:8, mean_episode_reward:-0.9194443821907043, mean_queue:1.6361111402511597
intersection:9, mean_episode_reward:-0.21194447576999664, mean_queue:1.4194444417953491
intersection:10, mean_episode_reward:-0.010277747176587582, mean_queue:1.2416666746139526
intersection:11, mean_episode_reward:-0.5050000548362732, mean_queue:0.9638888835906982
intersection:12, mean_episode_reward:-1.0119445323944092, mean_queue:1.0555555820465088
intersection:13, mean_episode_reward:-0.9122227430343628, mean_queue:1.288888931274414
intersection:14, mean_episode_reward:-0.5169445276260376, mean_queue:0.8305555582046509
intersection:15, mean_episode_reward:-1.3644447326660156, mean_queue:0.894444465637207
intersection:16, mean_episode_reward:0.047777775675058365, mean_queue:0.0
intersection:17, mean_episode_reward:0.08305556327104568, mean_queue:0.0
intersection:18, mean_episode_reward:0.14944444596767426, mean_queue:0.0
intersection:19, mean_episode_reward:0.22583328187465668, mean_queue:0.0
intersection:20, mean_episode_reward:0.22611111402511597, mean_queue:0.0
intersection:21, mean_episode_reward:0.2641666531562805, mean_queue:0.0
intersection:22, mean_episode_reward:0.09111110866069794, mean_queue:0.0
intersection:23, mean_episode_reward:0.07000000029802322, mean_queue:0.0
intersection:24, mean_episode_reward:0.10999998450279236, mean_queue:0.0
intersection:25, mean_episode_reward:0.30416664481163025, mean_queue:0.0
intersection:26, mean_episode_reward:0.13583332300186157, mean_queue:0.0
intersection:27, mean_episode_reward:0.17888887226581573, mean_queue:0.0
intersection:28, mean_episode_reward:0.1711111217737198, mean_queue:0.0
intersection:29, mean_episode_reward:0.11999998241662979, mean_queue:0.0
intersection:30, mean_episode_reward:0.1361110955476761, mean_queue:0.0
intersection:31, mean_episode_reward:0.07138889282941818, mean_queue:0.0
Test step:49/200, travel time :202.792243767313, rewards:-8.478612603081597, queue:0.6486979166666667, delay:0.03902103106180827, throughput:1444
step:3600/3600, q_loss:2.508741617202759, rewards:-8.593613009982638, queue:0.6234375, delay:0.03789623048570421, throughput:1445
episode:50/200, real avg travel time:200.27266435986158
intersection:0, mean_episode_reward:-1.2988886833190918, mean_queue:1.1027777194976807
intersection:1, mean_episode_reward:-0.8100007176399231, mean_queue:1.2722222805023193
intersection:2, mean_episode_reward:-0.4188889265060425, mean_queue:1.4055556058883667
intersection:3, mean_episode_reward:-1.6580556631088257, mean_queue:1.1027777194976807
intersection:4, mean_episode_reward:-0.6419445276260376, mean_queue:1.244444489479065
intersection:5, mean_episode_reward:0.45527786016464233, mean_queue:1.0527777671813965
intersection:6, mean_episode_reward:-0.15361109375953674, mean_queue:1.6472222805023193
intersection:7, mean_episode_reward:-0.7002776861190796, mean_queue:0.9722222089767456
intersection:8, mean_episode_reward:-0.6574999690055847, mean_queue:1.5888888835906982
intersection:9, mean_episode_reward:-1.068333387374878, mean_queue:2.2444443702697754
intersection:10, mean_episode_reward:-0.36111128330230713, mean_queue:1.524999976158142
intersection:11, mean_episode_reward:-0.3108333349227905, mean_queue:0.9972222447395325
intersection:12, mean_episode_reward:-1.1538892984390259, mean_queue:1.119444489479065
intersection:13, mean_episode_reward:-0.2652777433395386, mean_queue:1.119444489479065
intersection:14, mean_episode_reward:-0.5363890528678894, mean_queue:0.7277777791023254
intersection:15, mean_episode_reward:-1.3258334398269653, mean_queue:0.8277778029441833
intersection:16, mean_episode_reward:0.062222227454185486, mean_queue:0.0
intersection:17, mean_episode_reward:0.11277777701616287, mean_queue:0.0
intersection:18, mean_episode_reward:0.10555556416511536, mean_queue:0.0
intersection:19, mean_episode_reward:0.25277775526046753, mean_queue:0.0
intersection:20, mean_episode_reward:0.22583332657814026, mean_queue:0.0
intersection:21, mean_episode_reward:0.23166662454605103, mean_queue:0.0
intersection:22, mean_episode_reward:0.11722222715616226, mean_queue:0.0
intersection:23, mean_episode_reward:0.053611114621162415, mean_queue:0.0
intersection:24, mean_episode_reward:0.09305556863546371, mean_queue:0.0
intersection:25, mean_episode_reward:0.2977777123451233, mean_queue:0.0
intersection:26, mean_episode_reward:0.15916664898395538, mean_queue:0.0
intersection:27, mean_episode_reward:0.17083334922790527, mean_queue:0.0
intersection:28, mean_episode_reward:0.13055557012557983, mean_queue:0.0
intersection:29, mean_episode_reward:0.12111107259988785, mean_queue:0.0
intersection:30, mean_episode_reward:0.12777775526046753, mean_queue:0.0
intersection:31, mean_episode_reward:0.05000000447034836, mean_queue:0.0
Test step:50/200, travel time :199.44421344421343, rewards:-8.78055419921875, queue:0.6167534722222222, delay:0.038758277893066406, throughput:1443
step:3600/3600, q_loss:2.2694270610809326, rewards:-8.559166124131945, queue:0.5919270833333333, delay:0.037479130427042644, throughput:1445
episode:51/200, real avg travel time:198.14671280276818
intersection:0, mean_episode_reward:-1.2472224235534668, mean_queue:1.1388888359069824
intersection:1, mean_episode_reward:-0.6391666531562805, mean_queue:1.1805555820465088
intersection:2, mean_episode_reward:-0.4941665232181549, mean_queue:1.4333332777023315
intersection:3, mean_episode_reward:-1.5741658210754395, mean_queue:0.9666666388511658
intersection:4, mean_episode_reward:-0.9152777791023254, mean_queue:1.413888931274414
intersection:5, mean_episode_reward:-0.07833333313465118, mean_queue:1.2194443941116333
intersection:6, mean_episode_reward:0.14083336293697357, mean_queue:1.3472222089767456
intersection:7, mean_episode_reward:-0.611111044883728, mean_queue:0.7833333611488342
intersection:8, mean_episode_reward:-0.7155554294586182, mean_queue:1.5499999523162842
intersection:9, mean_episode_reward:-0.5116664171218872, mean_queue:1.538888931274414
intersection:10, mean_episode_reward:-0.06138891726732254, mean_queue:1.2777777910232544
intersection:11, mean_episode_reward:-0.6730557680130005, mean_queue:1.1166666746139526
intersection:12, mean_episode_reward:-1.080277919769287, mean_queue:1.1527777910232544
intersection:13, mean_episode_reward:-0.7925001978874207, mean_queue:1.1777777671813965
intersection:14, mean_episode_reward:-0.5838889479637146, mean_queue:0.7888888716697693
intersection:15, mean_episode_reward:-1.3366669416427612, mean_queue:0.855555534362793
intersection:16, mean_episode_reward:0.07194444537162781, mean_queue:0.0
intersection:17, mean_episode_reward:0.13777777552604675, mean_queue:0.0
intersection:18, mean_episode_reward:0.15444445610046387, mean_queue:0.0
intersection:19, mean_episode_reward:0.26333335041999817, mean_queue:0.0
intersection:20, mean_episode_reward:0.23444442451000214, mean_queue:0.0
intersection:21, mean_episode_reward:0.20305553078651428, mean_queue:0.0
intersection:22, mean_episode_reward:0.11166667193174362, mean_queue:0.0
intersection:23, mean_episode_reward:0.06805554777383804, mean_queue:0.0
intersection:24, mean_episode_reward:0.09138889610767365, mean_queue:0.0
intersection:25, mean_episode_reward:0.32527774572372437, mean_queue:0.0
intersection:26, mean_episode_reward:0.17249996960163116, mean_queue:0.0
intersection:27, mean_episode_reward:0.1988888680934906, mean_queue:0.0
intersection:28, mean_episode_reward:0.14083331823349, mean_queue:0.0
intersection:29, mean_episode_reward:0.1199999675154686, mean_queue:0.0
intersection:30, mean_episode_reward:0.2569444477558136, mean_queue:0.0
intersection:31, mean_episode_reward:0.06388889253139496, mean_queue:0.0
Test step:51/200, travel time :215.99585348997925, rewards:-9.126666937934028, queue:0.8184027777777778, delay:0.044289048512776694, throughput:1447
step:3600/3600, q_loss:2.0626943111419678, rewards:-8.459998914930555, queue:0.5921875, delay:0.037128851148817275, throughput:1446
episode:52/200, real avg travel time:197.72683264177041
intersection:0, mean_episode_reward:-1.3363882303237915, mean_queue:1.0666667222976685
intersection:1, mean_episode_reward:-0.5788891911506653, mean_queue:1.3333333730697632
intersection:2, mean_episode_reward:-0.3930554986000061, mean_queue:1.4277777671813965
intersection:3, mean_episode_reward:-1.4977779388427734, mean_queue:0.9527778029441833
intersection:4, mean_episode_reward:-0.8724998235702515, mean_queue:1.3972222805023193
intersection:5, mean_episode_reward:0.009722231887280941, mean_queue:1.3277777433395386
intersection:6, mean_episode_reward:0.042777661234140396, mean_queue:1.3305555582046509
intersection:7, mean_episode_reward:-0.6683334708213806, mean_queue:0.8027777671813965
intersection:8, mean_episode_reward:-0.6575000286102295, mean_queue:1.4055556058883667
intersection:9, mean_episode_reward:-0.4730556607246399, mean_queue:1.461111068725586
intersection:10, mean_episode_reward:-0.09888890385627747, mean_queue:1.2805556058883667
intersection:11, mean_episode_reward:-0.5063886642456055, mean_queue:0.9111111164093018
intersection:12, mean_episode_reward:-1.2674998044967651, mean_queue:1.2388888597488403
intersection:13, mean_episode_reward:-0.7169442772865295, mean_queue:1.2805556058883667
intersection:14, mean_episode_reward:-0.3830554187297821, mean_queue:0.8111110925674438
intersection:15, mean_episode_reward:-1.4499996900558472, mean_queue:0.9222221970558167
intersection:16, mean_episode_reward:0.03305555880069733, mean_queue:0.0
intersection:17, mean_episode_reward:0.061944447457790375, mean_queue:0.0
intersection:18, mean_episode_reward:0.12305555492639542, mean_queue:0.0
intersection:19, mean_episode_reward:0.2127777487039566, mean_queue:0.0
intersection:20, mean_episode_reward:0.22805559635162354, mean_queue:0.0
intersection:21, mean_episode_reward:0.3105555474758148, mean_queue:0.0
intersection:22, mean_episode_reward:0.05972222238779068, mean_queue:0.0
intersection:23, mean_episode_reward:0.030833333730697632, mean_queue:0.0
intersection:24, mean_episode_reward:0.11638887971639633, mean_queue:0.0
intersection:25, mean_episode_reward:0.440555602312088, mean_queue:0.0
intersection:26, mean_episode_reward:0.16111108660697937, mean_queue:0.0
intersection:27, mean_episode_reward:0.18638886511325836, mean_queue:0.0
intersection:28, mean_episode_reward:0.16805553436279297, mean_queue:0.0
intersection:29, mean_episode_reward:0.10611110180616379, mean_queue:0.0
intersection:30, mean_episode_reward:0.10861111432313919, mean_queue:0.0
intersection:31, mean_episode_reward:0.04055555537343025, mean_queue:0.0
Test step:52/200, travel time :201.95300621976503, rewards:-8.688888888888888, queue:0.6436631944444444, delay:0.038267559475368924, throughput:1447
step:3600/3600, q_loss:1.975338101387024, rewards:-8.452499728732638, queue:0.5888888888888889, delay:0.03668986426459418, throughput:1446
episode:53/200, real avg travel time:197.80774550484094
intersection:0, mean_episode_reward:-1.3058334589004517, mean_queue:1.0750000476837158
intersection:1, mean_episode_reward:-0.6283335089683533, mean_queue:1.3333333730697632
intersection:2, mean_episode_reward:-0.5361109972000122, mean_queue:1.4916666746139526
intersection:3, mean_episode_reward:-1.4894441366195679, mean_queue:0.9083333611488342
intersection:4, mean_episode_reward:-0.8713893294334412, mean_queue:1.2944444417953491
intersection:5, mean_episode_reward:-0.14833331108093262, mean_queue:1.350000023841858
intersection:6, mean_episode_reward:-0.2055555135011673, mean_queue:1.4111111164093018
intersection:7, mean_episode_reward:-0.37611114978790283, mean_queue:0.6277777552604675
intersection:8, mean_episode_reward:-0.5711110234260559, mean_queue:1.4222222566604614
intersection:9, mean_episode_reward:-0.276666522026062, mean_queue:1.4500000476837158
intersection:10, mean_episode_reward:0.054722219705581665, mean_queue:1.3027777671813965
intersection:11, mean_episode_reward:-0.7280556559562683, mean_queue:1.0722222328186035
intersection:12, mean_episode_reward:-0.9663887619972229, mean_queue:1.1583333015441895
intersection:13, mean_episode_reward:-0.9502773880958557, mean_queue:1.269444465637207
intersection:14, mean_episode_reward:-0.4080555737018585, mean_queue:0.7444444298744202
intersection:15, mean_episode_reward:-1.4511107206344604, mean_queue:0.9333333373069763
intersection:16, mean_episode_reward:0.08472222834825516, mean_queue:0.0
intersection:17, mean_episode_reward:0.07027777284383774, mean_queue:0.0
intersection:18, mean_episode_reward:0.11194444447755814, mean_queue:0.0
intersection:19, mean_episode_reward:0.23444442451000214, mean_queue:0.0
intersection:20, mean_episode_reward:0.2199999988079071, mean_queue:0.0
intersection:21, mean_episode_reward:0.3377777338027954, mean_queue:0.0
intersection:22, mean_episode_reward:0.14777778089046478, mean_queue:0.0
intersection:23, mean_episode_reward:0.057777777314186096, mean_queue:0.0
intersection:24, mean_episode_reward:0.10527776926755905, mean_queue:0.0
intersection:25, mean_episode_reward:0.2263888716697693, mean_queue:0.0
intersection:26, mean_episode_reward:0.17027775943279266, mean_queue:0.0
intersection:27, mean_episode_reward:0.1802777647972107, mean_queue:0.0
intersection:28, mean_episode_reward:0.14305555820465088, mean_queue:0.0
intersection:29, mean_episode_reward:0.11166665703058243, mean_queue:0.0
intersection:30, mean_episode_reward:0.14277775585651398, mean_queue:0.0
intersection:31, mean_episode_reward:0.061111122369766235, mean_queue:0.0
Test step:53/200, travel time :234.49598246895545, rewards:-20.250554741753472, queue:1.5182291666666667, delay:0.04885873794555664, throughput:1369
step:3600/3600, q_loss:1.8735778331756592, rewards:-8.698612467447917, queue:0.5899305555555555, delay:0.03710091378953722, throughput:1448
episode:54/200, real avg travel time:198.15953038674033
intersection:0, mean_episode_reward:-1.1700000762939453, mean_queue:1.0694444179534912
intersection:1, mean_episode_reward:-0.7166668176651001, mean_queue:1.2388888597488403
intersection:2, mean_episode_reward:-0.41333335638046265, mean_queue:1.3527777194976807
intersection:3, mean_episode_reward:-1.5461113452911377, mean_queue:0.9694444537162781
intersection:4, mean_episode_reward:-0.9211111068725586, mean_queue:1.244444489479065
intersection:5, mean_episode_reward:-0.22861115634441376, mean_queue:1.1861110925674438
intersection:6, mean_episode_reward:-0.019166575744748116, mean_queue:1.4472222328186035
intersection:7, mean_episode_reward:-0.7233334183692932, mean_queue:0.875
intersection:8, mean_episode_reward:-0.7419443726539612, mean_queue:1.380555510520935
intersection:9, mean_episode_reward:-0.1397222876548767, mean_queue:1.369444489479065
intersection:10, mean_episode_reward:0.1250000149011612, mean_queue:1.3333333730697632
intersection:11, mean_episode_reward:-0.585833728313446, mean_queue:0.9638888835906982
intersection:12, mean_episode_reward:-1.0041669607162476, mean_queue:1.2277777194976807
intersection:13, mean_episode_reward:-0.5969444513320923, mean_queue:1.125
intersection:14, mean_episode_reward:-1.1933337450027466, mean_queue:1.336111068725586
intersection:15, mean_episode_reward:-1.2591665983200073, mean_queue:0.7583333253860474
intersection:16, mean_episode_reward:0.061666663736104965, mean_queue:0.0
intersection:17, mean_episode_reward:0.08500000834465027, mean_queue:0.0
intersection:18, mean_episode_reward:0.11611112207174301, mean_queue:0.0
intersection:19, mean_episode_reward:0.21777774393558502, mean_queue:0.0
intersection:20, mean_episode_reward:0.248055562376976, mean_queue:0.0
intersection:21, mean_episode_reward:0.34805551171302795, mean_queue:0.0
intersection:22, mean_episode_reward:0.10999999940395355, mean_queue:0.0
intersection:23, mean_episode_reward:0.06222222000360489, mean_queue:0.0
intersection:24, mean_episode_reward:0.10833331942558289, mean_queue:0.0
intersection:25, mean_episode_reward:0.17944441735744476, mean_queue:0.0
intersection:26, mean_episode_reward:0.2080555111169815, mean_queue:0.0
intersection:27, mean_episode_reward:0.1805555522441864, mean_queue:0.0
intersection:28, mean_episode_reward:0.14638888835906982, mean_queue:0.0
intersection:29, mean_episode_reward:0.10083331912755966, mean_queue:0.0
intersection:30, mean_episode_reward:0.19583331048488617, mean_queue:0.0
intersection:31, mean_episode_reward:0.06750001013278961, mean_queue:0.0
Test step:54/200, travel time :244.47927272727273, rewards:-26.68666449652778, queue:1.7051215277777778, delay:0.04337222311231825, throughput:1375
step:3600/3600, q_loss:1.7642207145690918, rewards:-8.483055962456596, queue:0.5666666666666667, delay:0.036166079839070636, throughput:1444
episode:55/200, real avg travel time:196.21883656509695
intersection:0, mean_episode_reward:-1.2397222518920898, mean_queue:1.0972222089767456
intersection:1, mean_episode_reward:-0.5916667580604553, mean_queue:1.2944444417953491
intersection:2, mean_episode_reward:-0.4366666078567505, mean_queue:1.3055555820465088
intersection:3, mean_episode_reward:-1.5855556726455688, mean_queue:0.9638888835906982
intersection:4, mean_episode_reward:-0.8088891506195068, mean_queue:1.2000000476837158
intersection:5, mean_episode_reward:-0.25361111760139465, mean_queue:1.1888889074325562
intersection:6, mean_episode_reward:-0.031944360584020615, mean_queue:1.2722222805023193
intersection:7, mean_episode_reward:-0.4980555772781372, mean_queue:0.6638888716697693
intersection:8, mean_episode_reward:-0.5747223496437073, mean_queue:1.2416666746139526
intersection:9, mean_episode_reward:-0.16388879716396332, mean_queue:1.3333333730697632
intersection:10, mean_episode_reward:-0.2786112129688263, mean_queue:1.4777777194976807
intersection:11, mean_episode_reward:-0.44333305954933167, mean_queue:0.8972222208976746
intersection:12, mean_episode_reward:-1.2083334922790527, mean_queue:1.2777777910232544
intersection:13, mean_episode_reward:-0.6836111545562744, mean_queue:1.2416666746139526
intersection:14, mean_episode_reward:-0.6674999594688416, mean_queue:0.8500000238418579
intersection:15, mean_episode_reward:-1.3469445705413818, mean_queue:0.8277778029441833
intersection:16, mean_episode_reward:0.05111110955476761, mean_queue:0.0
intersection:17, mean_episode_reward:0.07916666567325592, mean_queue:0.0
intersection:18, mean_episode_reward:0.13944444060325623, mean_queue:0.0
intersection:19, mean_episode_reward:0.23027777671813965, mean_queue:0.0
intersection:20, mean_episode_reward:0.2219444215297699, mean_queue:0.0
intersection:21, mean_episode_reward:0.27416664361953735, mean_queue:0.0
intersection:22, mean_episode_reward:0.11638887971639633, mean_queue:0.0
intersection:23, mean_episode_reward:0.046666670590639114, mean_queue:0.0
intersection:24, mean_episode_reward:0.08777777850627899, mean_queue:0.0
intersection:25, mean_episode_reward:0.2172222137451172, mean_queue:0.0
intersection:26, mean_episode_reward:0.20861108601093292, mean_queue:0.0
intersection:27, mean_episode_reward:0.17222222685813904, mean_queue:0.0
intersection:28, mean_episode_reward:0.15138888359069824, mean_queue:0.0
intersection:29, mean_episode_reward:0.10138890147209167, mean_queue:0.0
intersection:30, mean_episode_reward:0.12444444000720978, mean_queue:0.0
intersection:31, mean_episode_reward:0.10777777433395386, mean_queue:0.0
Test step:55/200, travel time :199.4561161022806, rewards:-8.599723307291667, queue:0.6028645833333334, delay:0.03665253851148817, throughput:1447
step:3600/3600, q_loss:1.7693790197372437, rewards:-9.433333333333334, queue:0.6328125, delay:0.03611301845974392, throughput:1448
episode:56/200, real avg travel time:201.04005524861878
intersection:0, mean_episode_reward:-1.2999998331069946, mean_queue:1.1027777194976807
intersection:1, mean_episode_reward:-0.3283335268497467, mean_queue:1.2666666507720947
intersection:2, mean_episode_reward:-0.23305557668209076, mean_queue:1.2388888597488403
intersection:3, mean_episode_reward:-1.5444447994232178, mean_queue:1.0277777910232544
intersection:4, mean_episode_reward:-0.6861113905906677, mean_queue:1.1333333253860474
intersection:5, mean_episode_reward:-0.7486110329627991, mean_queue:1.6972222328186035
intersection:6, mean_episode_reward:-0.10361120104789734, mean_queue:1.2833333015441895
intersection:7, mean_episode_reward:-0.8516665697097778, mean_queue:0.8500000238418579
intersection:8, mean_episode_reward:-0.9602774977684021, mean_queue:1.394444465637207
intersection:9, mean_episode_reward:-0.0019444290082901716, mean_queue:1.4666666984558105
intersection:10, mean_episode_reward:-0.028055541217327118, mean_queue:1.3305555582046509
intersection:11, mean_episode_reward:0.02916666492819786, mean_queue:1.0222222805023193
intersection:12, mean_episode_reward:-0.8966662883758545, mean_queue:1.0499999523162842
intersection:13, mean_episode_reward:-0.6419444680213928, mean_queue:1.225000023841858
intersection:14, mean_episode_reward:-0.5919443964958191, mean_queue:0.8444444537162781
intersection:15, mean_episode_reward:-2.8483338356018066, mean_queue:2.316666603088379
intersection:16, mean_episode_reward:0.049166664481163025, mean_queue:0.0
intersection:17, mean_episode_reward:0.07611111551523209, mean_queue:0.0
intersection:18, mean_episode_reward:0.1455555558204651, mean_queue:0.0
intersection:19, mean_episode_reward:0.1986110955476761, mean_queue:0.0
intersection:20, mean_episode_reward:0.22750000655651093, mean_queue:0.0
intersection:21, mean_episode_reward:0.2749999463558197, mean_queue:0.0
intersection:22, mean_episode_reward:0.04416666924953461, mean_queue:0.0
intersection:23, mean_episode_reward:0.03500000014901161, mean_queue:0.0
intersection:24, mean_episode_reward:0.09000000357627869, mean_queue:0.0
intersection:25, mean_episode_reward:0.11666664481163025, mean_queue:0.0
intersection:26, mean_episode_reward:0.1802777349948883, mean_queue:0.0
intersection:27, mean_episode_reward:0.2011110931634903, mean_queue:0.0
intersection:28, mean_episode_reward:0.1527777761220932, mean_queue:0.0
intersection:29, mean_episode_reward:0.12416663765907288, mean_queue:0.0
intersection:30, mean_episode_reward:0.16361109912395477, mean_queue:0.0
intersection:31, mean_episode_reward:0.22277776896953583, mean_queue:0.0
Test step:56/200, travel time :194.61687413554634, rewards:-8.500554063585069, queue:0.5448784722222222, delay:0.03454166518317329, throughput:1446
step:3600/3600, q_loss:1.7586157321929932, rewards:-8.624167209201389, queue:0.5649305555555556, delay:0.035354232788085936, throughput:1446
episode:57/200, real avg travel time:195.73374827109268
intersection:0, mean_episode_reward:-1.251388669013977, mean_queue:1.0111111402511597
intersection:1, mean_episode_reward:-0.8525003790855408, mean_queue:1.3388888835906982
intersection:2, mean_episode_reward:-0.16527779400348663, mean_queue:1.2861111164093018
intersection:3, mean_episode_reward:-1.626666784286499, mean_queue:1.0138888359069824
intersection:4, mean_episode_reward:-0.6230555772781372, mean_queue:1.0833333730697632
intersection:5, mean_episode_reward:-0.28777778148651123, mean_queue:1.4194444417953491
intersection:6, mean_episode_reward:0.023888789117336273, mean_queue:1.380555510520935
intersection:7, mean_episode_reward:-0.6780557036399841, mean_queue:0.7805555462837219
intersection:8, mean_episode_reward:-0.7755556702613831, mean_queue:1.3277777433395386
intersection:9, mean_episode_reward:0.09472227096557617, mean_queue:1.1666666269302368
intersection:10, mean_episode_reward:-0.14166676998138428, mean_queue:1.255555510520935
intersection:11, mean_episode_reward:-0.6927776336669922, mean_queue:0.9083333611488342
intersection:12, mean_episode_reward:-1.2172223329544067, mean_queue:1.2277777194976807
intersection:13, mean_episode_reward:-0.8355551958084106, mean_queue:1.2277777194976807
intersection:14, mean_episode_reward:-0.3669445514678955, mean_queue:0.7666666507720947
intersection:15, mean_episode_reward:-1.467777967453003, mean_queue:0.8833333253860474
intersection:16, mean_episode_reward:0.049444448202848434, mean_queue:0.0
intersection:17, mean_episode_reward:0.06611111760139465, mean_queue:0.0
intersection:18, mean_episode_reward:0.14388887584209442, mean_queue:0.0
intersection:19, mean_episode_reward:0.266388863325119, mean_queue:0.0
intersection:20, mean_episode_reward:0.2225000113248825, mean_queue:0.0
intersection:21, mean_episode_reward:0.2797222137451172, mean_queue:0.0
intersection:22, mean_episode_reward:0.04611111059784889, mean_queue:0.0
intersection:23, mean_episode_reward:0.04749999940395355, mean_queue:0.0
intersection:24, mean_episode_reward:0.0855555608868599, mean_queue:0.0
intersection:25, mean_episode_reward:0.17027775943279266, mean_queue:0.0
intersection:26, mean_episode_reward:0.14388886094093323, mean_queue:0.0
intersection:27, mean_episode_reward:0.17416666448116302, mean_queue:0.0
intersection:28, mean_episode_reward:0.17249998450279236, mean_queue:0.0
intersection:29, mean_episode_reward:0.12083331495523453, mean_queue:0.0
intersection:30, mean_episode_reward:0.1872222125530243, mean_queue:0.0
intersection:31, mean_episode_reward:0.06333333998918533, mean_queue:0.0
Test step:57/200, travel time :194.20193637621023, rewards:-8.603887939453125, queue:0.5396701388888889, delay:0.034159127871195474, throughput:1446
step:3600/3600, q_loss:1.749262809753418, rewards:-8.770555962456598, queue:0.5774305555555556, delay:0.035576984617445205, throughput:1446
episode:58/200, real avg travel time:197.09197786998618
intersection:0, mean_episode_reward:-1.369444727897644, mean_queue:1.125
intersection:1, mean_episode_reward:-0.35833337903022766, mean_queue:1.1916667222976685
intersection:2, mean_episode_reward:-0.590833306312561, mean_queue:1.4444444179534912
intersection:3, mean_episode_reward:-1.4775004386901855, mean_queue:0.9416666626930237
intersection:4, mean_episode_reward:-0.602222204208374, mean_queue:1.1222221851348877
intersection:5, mean_episode_reward:-0.36444446444511414, mean_queue:1.3638888597488403
intersection:6, mean_episode_reward:0.1458333432674408, mean_queue:1.230555534362793
intersection:7, mean_episode_reward:-0.5752777457237244, mean_queue:0.769444465637207
intersection:8, mean_episode_reward:-0.6813888549804688, mean_queue:1.2833333015441895
intersection:9, mean_episode_reward:-0.18000003695487976, mean_queue:1.2527778148651123
intersection:10, mean_episode_reward:-0.3419443666934967, mean_queue:1.4277777671813965
intersection:11, mean_episode_reward:-0.6255555748939514, mean_queue:1.1583333015441895
intersection:12, mean_episode_reward:-1.2772220373153687, mean_queue:1.3277777433395386
intersection:13, mean_episode_reward:-0.9094441533088684, mean_queue:1.1361111402511597
intersection:14, mean_episode_reward:-0.4369446337223053, mean_queue:0.7166666388511658
intersection:15, mean_episode_reward:-1.4274998903274536, mean_queue:0.9861111044883728
intersection:16, mean_episode_reward:0.06333333998918533, mean_queue:0.0
intersection:17, mean_episode_reward:0.085833340883255, mean_queue:0.0
intersection:18, mean_episode_reward:0.1319444328546524, mean_queue:0.0
intersection:19, mean_episode_reward:0.2847222089767456, mean_queue:0.0
intersection:20, mean_episode_reward:0.224722221493721, mean_queue:0.0
intersection:21, mean_episode_reward:0.23305553197860718, mean_queue:0.0
intersection:22, mean_episode_reward:0.09333334118127823, mean_queue:0.0
intersection:23, mean_episode_reward:0.032777778804302216, mean_queue:0.0
intersection:24, mean_episode_reward:0.0811111181974411, mean_queue:0.0
intersection:25, mean_episode_reward:0.19499996304512024, mean_queue:0.0
intersection:26, mean_episode_reward:0.16444441676139832, mean_queue:0.0
intersection:27, mean_episode_reward:0.1758332997560501, mean_queue:0.0
intersection:28, mean_episode_reward:0.18944445252418518, mean_queue:0.0
intersection:29, mean_episode_reward:0.10694444179534912, mean_queue:0.0
intersection:30, mean_episode_reward:0.1666666567325592, mean_queue:0.0
intersection:31, mean_episode_reward:0.07250000536441803, mean_queue:0.0
Test step:58/200, travel time :196.86178299930893, rewards:-8.630278862847222, queue:0.571875, delay:0.036137527889675565, throughput:1447
step:3600/3600, q_loss:1.740418791770935, rewards:-8.654444715711806, queue:0.5717881944444444, delay:0.03550610012478299, throughput:1449
episode:59/200, real avg travel time:197.02691511387164
intersection:0, mean_episode_reward:-1.4022221565246582, mean_queue:1.0694444179534912
intersection:1, mean_episode_reward:-0.2908332645893097, mean_queue:1.1777777671813965
intersection:2, mean_episode_reward:-0.13305555284023285, mean_queue:1.3277777433395386
intersection:3, mean_episode_reward:-1.6455551385879517, mean_queue:1.0638889074325562
intersection:4, mean_episode_reward:-0.6372220516204834, mean_queue:1.144444465637207
intersection:5, mean_episode_reward:-0.28805556893348694, mean_queue:1.3083332777023315
intersection:6, mean_episode_reward:-0.2705555260181427, mean_queue:1.4777777194976807
intersection:7, mean_episode_reward:-0.5658332109451294, mean_queue:0.6666666865348816
intersection:8, mean_episode_reward:-0.7472223043441772, mean_queue:1.3111110925674438
intersection:9, mean_episode_reward:0.060555536299943924, mean_queue:1.1166666746139526
intersection:10, mean_episode_reward:-0.21750004589557648, mean_queue:1.1972222328186035
intersection:11, mean_episode_reward:-0.7713890075683594, mean_queue:1.0138888359069824
intersection:12, mean_episode_reward:-1.5391674041748047, mean_queue:1.4972221851348877
intersection:13, mean_episode_reward:-0.7841663956642151, mean_queue:1.2805556058883667
intersection:14, mean_episode_reward:-0.28583332896232605, mean_queue:0.7777777910232544
intersection:15, mean_episode_reward:-1.3211116790771484, mean_queue:0.8666666746139526
intersection:16, mean_episode_reward:0.043888889253139496, mean_queue:0.0
intersection:17, mean_episode_reward:0.09861110895872116, mean_queue:0.0
intersection:18, mean_episode_reward:0.11416666209697723, mean_queue:0.0
intersection:19, mean_episode_reward:0.25, mean_queue:0.0
intersection:20, mean_episode_reward:0.22611109912395477, mean_queue:0.0
intersection:21, mean_episode_reward:0.30222219228744507, mean_queue:0.0
intersection:22, mean_episode_reward:0.10694444179534912, mean_queue:0.0
intersection:23, mean_episode_reward:0.026944447308778763, mean_queue:0.0
intersection:24, mean_episode_reward:0.11083332449197769, mean_queue:0.0
intersection:25, mean_episode_reward:0.1041666641831398, mean_queue:0.0
intersection:26, mean_episode_reward:0.1569444090127945, mean_queue:0.0
intersection:27, mean_episode_reward:0.1827777624130249, mean_queue:0.0
intersection:28, mean_episode_reward:0.10944443941116333, mean_queue:0.0
intersection:29, mean_episode_reward:0.11249996721744537, mean_queue:0.0
intersection:30, mean_episode_reward:0.19361108541488647, mean_queue:0.0
intersection:31, mean_episode_reward:0.04555555805563927, mean_queue:0.0
Test step:59/200, travel time :199.24566273421235, rewards:-8.841944715711806, queue:0.6004340277777778, delay:0.03720927503373888, throughput:1441
step:3600/3600, q_loss:1.7215014696121216, rewards:-8.652776421440972, queue:0.5584201388888889, delay:0.035311015446980794, throughput:1449
episode:60/200, real avg travel time:195.85231193926847
intersection:0, mean_episode_reward:-1.3119443655014038, mean_queue:1.0694444179534912
intersection:1, mean_episode_reward:-0.4761110842227936, mean_queue:1.1083333492279053
intersection:2, mean_episode_reward:-0.37361112236976624, mean_queue:1.4833333492279053
intersection:3, mean_episode_reward:-1.9174994230270386, mean_queue:1.2222222089767456
intersection:4, mean_episode_reward:-0.7324995994567871, mean_queue:1.1777777671813965
intersection:5, mean_episode_reward:-0.14249998331069946, mean_queue:1.1277778148651123
intersection:6, mean_episode_reward:0.06333328783512115, mean_queue:1.1694444417953491
intersection:7, mean_episode_reward:-0.5263891220092773, mean_queue:0.6638888716697693
intersection:8, mean_episode_reward:-0.625277578830719, mean_queue:1.1222221851348877
intersection:9, mean_episode_reward:-0.12777777016162872, mean_queue:1.225000023841858
intersection:10, mean_episode_reward:-0.23611122369766235, mean_queue:1.269444465637207
intersection:11, mean_episode_reward:-0.8088889122009277, mean_queue:1.0611110925674438
intersection:12, mean_episode_reward:-1.2522221803665161, mean_queue:1.1888889074325562
intersection:13, mean_episode_reward:-0.7347223162651062, mean_queue:1.2527778148651123
intersection:14, mean_episode_reward:-0.37750011682510376, mean_queue:0.8138889074325562
intersection:15, mean_episode_reward:-1.2769441604614258, mean_queue:0.9138888716697693
intersection:16, mean_episode_reward:0.04472222179174423, mean_queue:0.0
intersection:17, mean_episode_reward:0.0997222289443016, mean_queue:0.0
intersection:18, mean_episode_reward:0.1413888931274414, mean_queue:0.0
intersection:19, mean_episode_reward:0.20833326876163483, mean_queue:0.0
intersection:20, mean_episode_reward:0.2358333319425583, mean_queue:0.0
intersection:21, mean_episode_reward:0.27111107110977173, mean_queue:0.0
intersection:22, mean_episode_reward:0.11722223460674286, mean_queue:0.0
intersection:23, mean_episode_reward:0.026944447308778763, mean_queue:0.0
intersection:24, mean_episode_reward:0.06638889014720917, mean_queue:0.0
intersection:25, mean_episode_reward:0.17249999940395355, mean_queue:0.0
intersection:26, mean_episode_reward:0.14277775585651398, mean_queue:0.0
intersection:27, mean_episode_reward:0.19805553555488586, mean_queue:0.0
intersection:28, mean_episode_reward:0.16583333909511566, mean_queue:0.0
intersection:29, mean_episode_reward:0.09805557131767273, mean_queue:0.0
intersection:30, mean_episode_reward:0.15611110627651215, mean_queue:0.0
intersection:31, mean_episode_reward:0.058888889849185944, mean_queue:0.0
Test step:60/200, travel time :196.69363762102353, rewards:-8.699445258246527, queue:0.565625, delay:0.03488956822289361, throughput:1446
step:3600/3600, q_loss:1.6809273958206177, rewards:-8.403333875868055, queue:0.54453125, delay:0.03402377764383952, throughput:1450
episode:61/200, real avg travel time:194.6606896551724
intersection:0, mean_episode_reward:-1.3308335542678833, mean_queue:0.9944444298744202
intersection:1, mean_episode_reward:-0.8911113142967224, mean_queue:1.369444489479065
intersection:2, mean_episode_reward:-0.21583342552185059, mean_queue:1.2777777910232544
intersection:3, mean_episode_reward:-1.5205559730529785, mean_queue:0.9027777910232544
intersection:4, mean_episode_reward:-0.717221736907959, mean_queue:1.0083333253860474
intersection:5, mean_episode_reward:0.08944445848464966, mean_queue:0.9972222447395325
intersection:6, mean_episode_reward:-0.1302778124809265, mean_queue:1.3166667222976685
intersection:7, mean_episode_reward:-0.5852777361869812, mean_queue:0.6777777671813965
intersection:8, mean_episode_reward:-0.765277624130249, mean_queue:1.2361111640930176
intersection:9, mean_episode_reward:-0.1719445139169693, mean_queue:1.2138888835906982
intersection:10, mean_episode_reward:-0.07750002294778824, mean_queue:1.1833332777023315
intersection:11, mean_episode_reward:-0.9230552911758423, mean_queue:1.336111068725586
intersection:12, mean_episode_reward:-1.2480554580688477, mean_queue:1.144444465637207
intersection:13, mean_episode_reward:-0.6205554604530334, mean_queue:1.0111111402511597
intersection:14, mean_episode_reward:-0.1111111119389534, mean_queue:0.6583333611488342
intersection:15, mean_episode_reward:-1.366944670677185, mean_queue:1.0972222089767456
intersection:16, mean_episode_reward:0.05277778208255768, mean_queue:0.0
intersection:17, mean_episode_reward:0.08138889074325562, mean_queue:0.0
intersection:18, mean_episode_reward:0.14611110091209412, mean_queue:0.0
intersection:19, mean_episode_reward:0.19527776539325714, mean_queue:0.0
intersection:20, mean_episode_reward:0.22777771949768066, mean_queue:0.0
intersection:21, mean_episode_reward:0.3672221004962921, mean_queue:0.0
intersection:22, mean_episode_reward:0.0672222226858139, mean_queue:0.0
intersection:23, mean_episode_reward:0.03444444388151169, mean_queue:0.0
intersection:24, mean_episode_reward:0.07250001281499863, mean_queue:0.0
intersection:25, mean_episode_reward:0.11666666716337204, mean_queue:0.0
intersection:26, mean_episode_reward:0.1777777522802353, mean_queue:0.0
intersection:27, mean_episode_reward:0.18916663527488708, mean_queue:0.0
intersection:28, mean_episode_reward:0.16138887405395508, mean_queue:0.0
intersection:29, mean_episode_reward:0.09861110895872116, mean_queue:0.0
intersection:30, mean_episode_reward:0.14638887345790863, mean_queue:0.0
intersection:31, mean_episode_reward:0.048055559396743774, mean_queue:0.0
Test step:61/200, travel time :195.27228749136142, rewards:-8.348612467447916, queue:0.5600694444444444, delay:0.03507243262396918, throughput:1447
step:3600/3600, q_loss:1.68753981590271, rewards:-9.108611382378472, queue:0.69609375, delay:0.03736212518480089, throughput:1449
episode:62/200, real avg travel time:206.5935127674258
intersection:0, mean_episode_reward:-1.2019442319869995, mean_queue:1.0333333015441895
intersection:1, mean_episode_reward:-0.6083332896232605, mean_queue:1.288888931274414
intersection:2, mean_episode_reward:-0.3375002443790436, mean_queue:1.4416667222976685
intersection:3, mean_episode_reward:-1.5944443941116333, mean_queue:1.019444465637207
intersection:4, mean_episode_reward:-0.5088889002799988, mean_queue:1.0777777433395386
intersection:5, mean_episode_reward:-0.25111111998558044, mean_queue:1.2833333015441895
intersection:6, mean_episode_reward:0.030277779325842857, mean_queue:1.4111111164093018
intersection:7, mean_episode_reward:-0.5216667652130127, mean_queue:0.7416666746139526
intersection:8, mean_episode_reward:-1.4969441890716553, mean_queue:1.994444489479065
intersection:9, mean_episode_reward:0.1627778261899948, mean_queue:1.355555534362793
intersection:10, mean_episode_reward:-0.33250004053115845, mean_queue:1.2722222805023193
intersection:11, mean_episode_reward:-0.8680554628372192, mean_queue:1.2055555582046509
intersection:12, mean_episode_reward:-4.014443874359131, mean_queue:3.952777862548828
intersection:13, mean_episode_reward:0.6724997758865356, mean_queue:1.5638889074325562
intersection:14, mean_episode_reward:-0.1397222876548767, mean_queue:0.730555534362793
intersection:15, mean_episode_reward:-1.1044447422027588, mean_queue:0.9027777910232544
intersection:16, mean_episode_reward:0.06138889119029045, mean_queue:0.0
intersection:17, mean_episode_reward:0.06805556267499924, mean_queue:0.0
intersection:18, mean_episode_reward:0.20749999582767487, mean_queue:0.0
intersection:19, mean_episode_reward:0.3566666543483734, mean_queue:0.0
intersection:20, mean_episode_reward:0.22555547952651978, mean_queue:0.0
intersection:21, mean_episode_reward:0.3333333134651184, mean_queue:0.0
intersection:22, mean_episode_reward:0.12861111760139465, mean_queue:0.0
intersection:23, mean_episode_reward:0.028888888657093048, mean_queue:0.0
intersection:24, mean_episode_reward:0.46944448351860046, mean_queue:0.0
intersection:25, mean_episode_reward:0.23083332180976868, mean_queue:0.0
intersection:26, mean_episode_reward:0.16083331406116486, mean_queue:0.0
intersection:27, mean_episode_reward:0.1947222203016281, mean_queue:0.0
intersection:28, mean_episode_reward:0.13944442570209503, mean_queue:0.0
intersection:29, mean_episode_reward:0.09444444626569748, mean_queue:0.0
intersection:30, mean_episode_reward:0.23666666448116302, mean_queue:0.0
intersection:31, mean_episode_reward:0.0694444477558136, mean_queue:0.0
Test step:62/200, travel time :195.87845303867402, rewards:-8.51000027126736, queue:0.5515625, delay:0.035009800063239206, throughput:1448
step:3600/3600, q_loss:1.7223395109176636, rewards:-8.49749755859375, queue:0.5511284722222223, delay:0.03464050557878282, throughput:1447
episode:63/200, real avg travel time:195.6855563234278
intersection:0, mean_episode_reward:-1.3574992418289185, mean_queue:1.0805555582046509
intersection:1, mean_episode_reward:-0.5436112284660339, mean_queue:1.130555510520935
intersection:2, mean_episode_reward:-0.28305551409721375, mean_queue:1.3583333492279053
intersection:3, mean_episode_reward:-1.7741655111312866, mean_queue:1.0583332777023315
intersection:4, mean_episode_reward:-0.67249995470047, mean_queue:1.0138888359069824
intersection:5, mean_episode_reward:-0.11333335936069489, mean_queue:1.1583333015441895
intersection:6, mean_episode_reward:0.15472222864627838, mean_queue:1.1027777194976807
intersection:7, mean_episode_reward:-0.5869442224502563, mean_queue:0.6555555462837219
intersection:8, mean_episode_reward:-0.7038888931274414, mean_queue:1.2777777910232544
intersection:9, mean_episode_reward:-0.29027777910232544, mean_queue:1.3083332777023315
intersection:10, mean_episode_reward:-0.21444442868232727, mean_queue:1.2416666746139526
intersection:11, mean_episode_reward:-0.9413886070251465, mean_queue:1.1888889074325562
intersection:12, mean_episode_reward:-1.3058332204818726, mean_queue:1.2333333492279053
intersection:13, mean_episode_reward:-0.6675001978874207, mean_queue:1.2055555582046509
intersection:14, mean_episode_reward:-0.4613889157772064, mean_queue:0.7611111402511597
intersection:15, mean_episode_reward:-1.048888921737671, mean_queue:0.8611111044883728
intersection:16, mean_episode_reward:0.06111111119389534, mean_queue:0.0
intersection:17, mean_episode_reward:0.085833340883255, mean_queue:0.0
intersection:18, mean_episode_reward:0.11027777940034866, mean_queue:0.0
intersection:19, mean_episode_reward:0.23916664719581604, mean_queue:0.0
intersection:20, mean_episode_reward:0.24000000953674316, mean_queue:0.0
intersection:21, mean_episode_reward:0.2124999761581421, mean_queue:0.0
intersection:22, mean_episode_reward:0.08916667103767395, mean_queue:0.0
intersection:23, mean_episode_reward:0.02638888917863369, mean_queue:0.0
intersection:24, mean_episode_reward:0.08472222834825516, mean_queue:0.0
intersection:25, mean_episode_reward:0.19611111283302307, mean_queue:0.0
intersection:26, mean_episode_reward:0.1549999862909317, mean_queue:0.0
intersection:27, mean_episode_reward:0.17861111462116241, mean_queue:0.0
intersection:28, mean_episode_reward:0.25527775287628174, mean_queue:0.0
intersection:29, mean_episode_reward:0.11027777194976807, mean_queue:0.0
intersection:30, mean_episode_reward:0.19055552780628204, mean_queue:0.0
intersection:31, mean_episode_reward:0.07750000059604645, mean_queue:0.0
Test step:63/200, travel time :195.49516574585635, rewards:-8.359166802300347, queue:0.5537326388888889, delay:0.034429502487182614, throughput:1448
step:3600/3600, q_loss:1.7759215831756592, rewards:-8.351666259765626, queue:0.509375, delay:0.032598416010538735, throughput:1443
episode:64/200, real avg travel time:192.57796257796258
intersection:0, mean_episode_reward:-1.2536107301712036, mean_queue:0.9611111283302307
intersection:1, mean_episode_reward:-0.5408332943916321, mean_queue:1.0527777671813965
intersection:2, mean_episode_reward:-0.4058331847190857, mean_queue:1.3305555582046509
intersection:3, mean_episode_reward:-1.7177773714065552, mean_queue:0.9972222447395325
intersection:4, mean_episode_reward:-0.7838886976242065, mean_queue:0.9833333492279053
intersection:5, mean_episode_reward:-0.1133333295583725, mean_queue:1.0166666507720947
intersection:6, mean_episode_reward:0.026666615158319473, mean_queue:1.1777777671813965
intersection:7, mean_episode_reward:-0.4694445729255676, mean_queue:0.6027777791023254
intersection:8, mean_episode_reward:-0.5444446802139282, mean_queue:1.0416666269302368
intersection:9, mean_episode_reward:-0.06277776509523392, mean_queue:1.125
intersection:10, mean_episode_reward:-0.07500001788139343, mean_queue:1.1694444417953491
intersection:11, mean_episode_reward:-0.8486109972000122, mean_queue:1.130555510520935
intersection:12, mean_episode_reward:-1.3963888883590698, mean_queue:1.0555555820465088
intersection:13, mean_episode_reward:-0.5855556726455688, mean_queue:1.0305556058883667
intersection:14, mean_episode_reward:-0.4361109137535095, mean_queue:0.7277777791023254
intersection:15, mean_episode_reward:-1.3077778816223145, mean_queue:0.8972222208976746
intersection:16, mean_episode_reward:0.0786111131310463, mean_queue:0.0
intersection:17, mean_episode_reward:0.06694444268941879, mean_queue:0.0
intersection:18, mean_episode_reward:0.10277778655290604, mean_queue:0.0
intersection:19, mean_episode_reward:0.21194438636302948, mean_queue:0.0
intersection:20, mean_episode_reward:0.23944443464279175, mean_queue:0.0
intersection:21, mean_episode_reward:0.28111109137535095, mean_queue:0.0
intersection:22, mean_episode_reward:0.07138888537883759, mean_queue:0.0
intersection:23, mean_episode_reward:0.02500000037252903, mean_queue:0.0
intersection:24, mean_episode_reward:0.07027778029441833, mean_queue:0.0
intersection:25, mean_episode_reward:0.11222221702337265, mean_queue:0.0
intersection:26, mean_episode_reward:0.16361109912395477, mean_queue:0.0
intersection:27, mean_episode_reward:0.1799999624490738, mean_queue:0.0
intersection:28, mean_episode_reward:0.18361110985279083, mean_queue:0.0
intersection:29, mean_episode_reward:0.09861108660697937, mean_queue:0.0
intersection:30, mean_episode_reward:0.22805555164813995, mean_queue:0.0
intersection:31, mean_episode_reward:0.049444448202848434, mean_queue:0.0
Test step:64/200, travel time :195.84727021423635, rewards:-8.155555555555555, queue:0.5602430555555555, delay:0.03466325071122911, throughput:1447
step:3600/3600, q_loss:1.7480404376983643, rewards:-8.298055013020834, queue:0.5361979166666667, delay:0.03366468747456868, throughput:1449
episode:65/200, real avg travel time:194.2311939268461
intersection:0, mean_episode_reward:-1.2947224378585815, mean_queue:0.9944444298744202
intersection:1, mean_episode_reward:-0.6411109566688538, mean_queue:1.1333333253860474
intersection:2, mean_episode_reward:-0.47916656732559204, mean_queue:1.3222222328186035
intersection:3, mean_episode_reward:-1.5600000619888306, mean_queue:0.9055555462837219
intersection:4, mean_episode_reward:-0.6827778816223145, mean_queue:0.9861111044883728
intersection:5, mean_episode_reward:0.03888891637325287, mean_queue:0.9944444298744202
intersection:6, mean_episode_reward:0.1944444179534912, mean_queue:1.105555534362793
intersection:7, mean_episode_reward:-0.5988889336585999, mean_queue:0.7361111044883728
intersection:8, mean_episode_reward:-0.7136110067367554, mean_queue:1.149999976158142
intersection:9, mean_episode_reward:-0.3136109411716461, mean_queue:1.2388888597488403
intersection:10, mean_episode_reward:-0.02500002644956112, mean_queue:1.2083333730697632
intersection:11, mean_episode_reward:-0.9933331608772278, mean_queue:1.163888931274414
intersection:12, mean_episode_reward:-1.1780552864074707, mean_queue:1.2138888835906982
intersection:13, mean_episode_reward:-0.8263886570930481, mean_queue:1.355555534362793
intersection:14, mean_episode_reward:-0.20444457232952118, mean_queue:0.800000011920929
intersection:15, mean_episode_reward:-1.3125001192092896, mean_queue:0.8500000238418579
intersection:16, mean_episode_reward:0.05833333730697632, mean_queue:0.0
intersection:17, mean_episode_reward:0.05805555358529091, mean_queue:0.0
intersection:18, mean_episode_reward:0.11166665703058243, mean_queue:0.0
intersection:19, mean_episode_reward:0.1991666555404663, mean_queue:0.0
intersection:20, mean_episode_reward:0.2338888794183731, mean_queue:0.0
intersection:21, mean_episode_reward:0.28777772188186646, mean_queue:0.0
intersection:22, mean_episode_reward:0.05833333358168602, mean_queue:0.0
intersection:23, mean_episode_reward:0.04138888791203499, mean_queue:0.0
intersection:24, mean_episode_reward:0.07305556535720825, mean_queue:0.0
intersection:25, mean_episode_reward:0.3080555498600006, mean_queue:0.0
intersection:26, mean_episode_reward:0.19222219288349152, mean_queue:0.0
intersection:27, mean_episode_reward:0.1758333146572113, mean_queue:0.0
intersection:28, mean_episode_reward:0.17055557668209076, mean_queue:0.0
intersection:29, mean_episode_reward:0.10361111909151077, mean_queue:0.0
intersection:30, mean_episode_reward:0.15333332121372223, mean_queue:0.0
intersection:31, mean_episode_reward:0.06694445013999939, mean_queue:0.0
Test step:65/200, travel time :192.61187845303868, rewards:-8.194166395399305, queue:0.5219618055555556, delay:0.03264958593580458, throughput:1448
step:3600/3600, q_loss:1.7076408863067627, rewards:-8.530278862847222, queue:0.5578125, delay:0.033652973175048825, throughput:1450
episode:66/200, real avg travel time:195.78137931034482
intersection:0, mean_episode_reward:-1.2172222137451172, mean_queue:0.9305555820465088
intersection:1, mean_episode_reward:-0.8147222995758057, mean_queue:1.3277777433395386
intersection:2, mean_episode_reward:-0.7980559468269348, mean_queue:1.4083333015441895
intersection:3, mean_episode_reward:-1.5363885164260864, mean_queue:0.9055555462837219
intersection:4, mean_episode_reward:-0.8008335828781128, mean_queue:1.163888931274414
intersection:5, mean_episode_reward:0.02722221240401268, mean_queue:1.149999976158142
intersection:6, mean_episode_reward:0.3033334016799927, mean_queue:1.1361111402511597
intersection:7, mean_episode_reward:-0.4688888490200043, mean_queue:0.699999988079071
intersection:8, mean_episode_reward:-0.590833306312561, mean_queue:1.1166666746139526
intersection:9, mean_episode_reward:-0.3036111295223236, mean_queue:1.2472221851348877
intersection:10, mean_episode_reward:-0.13250002264976501, mean_queue:1.1749999523162842
intersection:11, mean_episode_reward:-0.8311107158660889, mean_queue:1.1749999523162842
intersection:12, mean_episode_reward:-1.3141663074493408, mean_queue:1.225000023841858
intersection:13, mean_episode_reward:-0.7536115050315857, mean_queue:1.1611111164093018
intersection:14, mean_episode_reward:0.008611118420958519, mean_queue:0.7361111044883728
intersection:15, mean_episode_reward:-1.7022227048873901, mean_queue:1.2916666269302368
intersection:16, mean_episode_reward:0.05027777701616287, mean_queue:0.0
intersection:17, mean_episode_reward:0.0833333358168602, mean_queue:0.0
intersection:18, mean_episode_reward:0.1202777847647667, mean_queue:0.0
intersection:19, mean_episode_reward:0.23666667938232422, mean_queue:0.0
intersection:20, mean_episode_reward:0.24444444477558136, mean_queue:0.0
intersection:21, mean_episode_reward:0.30861109495162964, mean_queue:0.0
intersection:22, mean_episode_reward:0.06111111119389534, mean_queue:0.0
intersection:23, mean_episode_reward:0.04361111298203468, mean_queue:0.0
intersection:24, mean_episode_reward:0.09583333134651184, mean_queue:0.0
intersection:25, mean_episode_reward:0.1902777999639511, mean_queue:0.0
intersection:26, mean_episode_reward:0.16083329916000366, mean_queue:0.0
intersection:27, mean_episode_reward:0.20222222805023193, mean_queue:0.0
intersection:28, mean_episode_reward:0.17222222685813904, mean_queue:0.0
intersection:29, mean_episode_reward:0.09611110389232635, mean_queue:0.0
intersection:30, mean_episode_reward:0.2772221863269806, mean_queue:0.0
intersection:31, mean_episode_reward:0.05166666954755783, mean_queue:0.0
Test step:66/200, travel time :196.8554633471646, rewards:-8.439165581597223, queue:0.5684027777777778, delay:0.034081056382921006, throughput:1446
step:3600/3600, q_loss:1.7131171226501465, rewards:-8.406110297309027, queue:0.5421875, delay:0.03297620879279243, throughput:1448
episode:67/200, real avg travel time:195.02555248618785
intersection:0, mean_episode_reward:-1.266666293144226, mean_queue:1.0222222805023193
intersection:1, mean_episode_reward:-0.5958331823348999, mean_queue:1.1388888359069824
intersection:2, mean_episode_reward:-0.45638877153396606, mean_queue:1.2722222805023193
intersection:3, mean_episode_reward:-1.4622223377227783, mean_queue:0.8222222328186035
intersection:4, mean_episode_reward:-0.752777636051178, mean_queue:1.086111068725586
intersection:5, mean_episode_reward:-0.058055579662323, mean_queue:1.0305556058883667
intersection:6, mean_episode_reward:0.13805553317070007, mean_queue:1.1222221851348877
intersection:7, mean_episode_reward:-0.5094444155693054, mean_queue:0.6777777671813965
intersection:8, mean_episode_reward:-0.5463888645172119, mean_queue:1.144444465637207
intersection:9, mean_episode_reward:0.0672222301363945, mean_queue:1.0638889074325562
intersection:10, mean_episode_reward:-0.4241665005683899, mean_queue:1.3416666984558105
intersection:11, mean_episode_reward:-0.8469436764717102, mean_queue:1.2611111402511597
intersection:12, mean_episode_reward:-1.2238889932632446, mean_queue:1.2194443941116333
intersection:13, mean_episode_reward:-1.0955556631088257, mean_queue:1.3166667222976685
intersection:14, mean_episode_reward:-0.2122224122285843, mean_queue:0.8055555820465088
intersection:15, mean_episode_reward:-1.3655555248260498, mean_queue:1.024999976158142
intersection:16, mean_episode_reward:0.05861111730337143, mean_queue:0.0
intersection:17, mean_episode_reward:0.07138889282941818, mean_queue:0.0
intersection:18, mean_episode_reward:0.11388887465000153, mean_queue:0.0
intersection:19, mean_episode_reward:0.19999995827674866, mean_queue:0.0
intersection:20, mean_episode_reward:0.23527778685092926, mean_queue:0.0
intersection:21, mean_episode_reward:0.30166664719581604, mean_queue:0.0
intersection:22, mean_episode_reward:0.04694444313645363, mean_queue:0.0
intersection:23, mean_episode_reward:0.04083333536982536, mean_queue:0.0
intersection:24, mean_episode_reward:0.056666672229766846, mean_queue:0.0
intersection:25, mean_episode_reward:0.14750000834465027, mean_queue:0.0
intersection:26, mean_episode_reward:0.15861108899116516, mean_queue:0.0
intersection:27, mean_episode_reward:0.17888888716697693, mean_queue:0.0
intersection:28, mean_episode_reward:0.10722220689058304, mean_queue:0.0
intersection:29, mean_episode_reward:0.1086111068725586, mean_queue:0.0
intersection:30, mean_episode_reward:0.31555554270744324, mean_queue:0.0
intersection:31, mean_episode_reward:0.06305555999279022, mean_queue:0.0
Test step:67/200, travel time :194.68737060041408, rewards:-8.363890245225694, queue:0.5356770833333333, delay:0.033709881040785046, throughput:1449
step:3600/3600, q_loss:1.698218822479248, rewards:-8.533611382378472, queue:0.5634548611111111, delay:0.0346223513285319, throughput:1447
episode:68/200, real avg travel time:196.23842432619213
intersection:0, mean_episode_reward:-1.2872225046157837, mean_queue:1.0888888835906982
intersection:1, mean_episode_reward:-0.7166664004325867, mean_queue:1.2333333492279053
intersection:2, mean_episode_reward:-0.5422221422195435, mean_queue:1.5361111164093018
intersection:3, mean_episode_reward:-1.7891664505004883, mean_queue:1.144444465637207
intersection:4, mean_episode_reward:-0.6450000405311584, mean_queue:1.0166666507720947
intersection:5, mean_episode_reward:-0.07555558532476425, mean_queue:1.0666667222976685
intersection:6, mean_episode_reward:0.20333331823349, mean_queue:1.0805555582046509
intersection:7, mean_episode_reward:-0.36500003933906555, mean_queue:0.6555555462837219
intersection:8, mean_episode_reward:-0.5105555057525635, mean_queue:1.1222221851348877
intersection:9, mean_episode_reward:-0.2755555808544159, mean_queue:1.2777777910232544
intersection:10, mean_episode_reward:-0.0011111256899312139, mean_queue:1.1916667222976685
intersection:11, mean_episode_reward:-1.03694486618042, mean_queue:1.288888931274414
intersection:12, mean_episode_reward:-1.393333911895752, mean_queue:1.3111110925674438
intersection:13, mean_episode_reward:-0.8897222876548767, mean_queue:1.2388888597488403
intersection:14, mean_episode_reward:-0.0877777487039566, mean_queue:0.7166666388511658
intersection:15, mean_episode_reward:-1.4861111640930176, mean_queue:1.0611110925674438
intersection:16, mean_episode_reward:0.07555556297302246, mean_queue:0.0
intersection:17, mean_episode_reward:0.08750000596046448, mean_queue:0.0
intersection:18, mean_episode_reward:0.12083332240581512, mean_queue:0.0
intersection:19, mean_episode_reward:0.38277775049209595, mean_queue:0.0
intersection:20, mean_episode_reward:0.2547222375869751, mean_queue:0.0
intersection:21, mean_episode_reward:0.286111056804657, mean_queue:0.0
intersection:22, mean_episode_reward:0.05166666954755783, mean_queue:0.0
intersection:23, mean_episode_reward:0.06916666775941849, mean_queue:0.0
intersection:24, mean_episode_reward:0.1180555522441864, mean_queue:0.0
intersection:25, mean_episode_reward:0.10750000178813934, mean_queue:0.0
intersection:26, mean_episode_reward:0.16555550694465637, mean_queue:0.0
intersection:27, mean_episode_reward:0.17972221970558167, mean_queue:0.0
intersection:28, mean_episode_reward:0.1461111158132553, mean_queue:0.0
intersection:29, mean_episode_reward:0.09388887882232666, mean_queue:0.0
intersection:30, mean_episode_reward:0.17472219467163086, mean_queue:0.0
intersection:31, mean_episode_reward:0.051111117005348206, mean_queue:0.0
Test step:68/200, travel time :193.06629834254144, rewards:-8.356666395399305, queue:0.5157986111111111, delay:0.03266907268100315, throughput:1448
step:3600/3600, q_loss:1.754651427268982, rewards:-8.237224663628472, queue:0.5189236111111111, delay:0.031876664691501196, throughput:1449
episode:69/200, real avg travel time:192.7798481711525
intersection:0, mean_episode_reward:-1.351110816001892, mean_queue:1.0416666269302368
intersection:1, mean_episode_reward:-0.7002773880958557, mean_queue:1.1388888359069824
intersection:2, mean_episode_reward:-0.5705558657646179, mean_queue:1.2000000476837158
intersection:3, mean_episode_reward:-1.528611421585083, mean_queue:0.8777777552604675
intersection:4, mean_episode_reward:-0.6544445753097534, mean_queue:1.038888931274414
intersection:5, mean_episode_reward:0.13805553317070007, mean_queue:0.925000011920929
intersection:6, mean_episode_reward:0.08916668593883514, mean_queue:1.0
intersection:7, mean_episode_reward:-0.4711112082004547, mean_queue:0.6611111164093018
intersection:8, mean_episode_reward:-0.33166661858558655, mean_queue:0.9666666388511658
intersection:9, mean_episode_reward:-0.2269444763660431, mean_queue:1.1777777671813965
intersection:10, mean_episode_reward:-0.1108333170413971, mean_queue:1.163888931274414
intersection:11, mean_episode_reward:-0.7183332443237305, mean_queue:1.086111068725586
intersection:12, mean_episode_reward:-1.2600007057189941, mean_queue:1.3111110925674438
intersection:13, mean_episode_reward:-1.0997225046157837, mean_queue:1.3305555582046509
intersection:14, mean_episode_reward:-0.12499997019767761, mean_queue:0.7138888835906982
intersection:15, mean_episode_reward:-1.4016669988632202, mean_queue:0.9722222089767456
intersection:16, mean_episode_reward:0.05444445088505745, mean_queue:0.0
intersection:17, mean_episode_reward:0.10277777910232544, mean_queue:0.0
intersection:18, mean_episode_reward:0.11861110478639603, mean_queue:0.0
intersection:19, mean_episode_reward:0.24416662752628326, mean_queue:0.0
intersection:20, mean_episode_reward:0.2474999725818634, mean_queue:0.0
intersection:21, mean_episode_reward:0.2661110460758209, mean_queue:0.0
intersection:22, mean_episode_reward:0.0555555559694767, mean_queue:0.0
intersection:23, mean_episode_reward:0.03222222253680229, mean_queue:0.0
intersection:24, mean_episode_reward:0.06861111521720886, mean_queue:0.0
intersection:25, mean_episode_reward:0.10694444179534912, mean_queue:0.0
intersection:26, mean_episode_reward:0.16472218930721283, mean_queue:0.0
intersection:27, mean_episode_reward:0.193888857960701, mean_queue:0.0
intersection:28, mean_episode_reward:0.10722220689058304, mean_queue:0.0
intersection:29, mean_episode_reward:0.09388887882232666, mean_queue:0.0
intersection:30, mean_episode_reward:0.1616666615009308, mean_queue:0.0
intersection:31, mean_episode_reward:0.06750000268220901, mean_queue:0.0
Test step:69/200, travel time :191.3374827109267, rewards:-8.261112467447917, queue:0.5081597222222223, delay:0.03179347250196669, throughput:1446
step:3600/3600, q_loss:1.7369400262832642, rewards:-8.470555284288194, queue:0.5387152777777777, delay:0.03296480708652073, throughput:1448
episode:70/200, real avg travel time:194.4799723756906
intersection:0, mean_episode_reward:-1.1372222900390625, mean_queue:0.9166666865348816
intersection:1, mean_episode_reward:-0.652499794960022, mean_queue:1.2000000476837158
intersection:2, mean_episode_reward:-0.7033334374427795, mean_queue:1.4111111164093018
intersection:3, mean_episode_reward:-1.5833334922790527, mean_queue:0.9944444298744202
intersection:4, mean_episode_reward:-1.0816669464111328, mean_queue:1.3472222089767456
intersection:5, mean_episode_reward:0.02861112542450428, mean_queue:0.980555534362793
intersection:6, mean_episode_reward:0.261944442987442, mean_queue:0.9722222089767456
intersection:7, mean_episode_reward:-0.40722212195396423, mean_queue:0.675000011920929
intersection:8, mean_episode_reward:-0.4197222888469696, mean_queue:1.019444465637207
intersection:9, mean_episode_reward:-0.23972219228744507, mean_queue:1.2416666746139526
intersection:10, mean_episode_reward:-0.3055553734302521, mean_queue:1.350000023841858
intersection:11, mean_episode_reward:-0.9002772569656372, mean_queue:1.3333333730697632
intersection:12, mean_episode_reward:-1.2894443273544312, mean_queue:1.019444465637207
intersection:13, mean_episode_reward:-0.6797223091125488, mean_queue:0.9666666388511658
intersection:14, mean_episode_reward:-0.19944436848163605, mean_queue:0.800000011920929
intersection:15, mean_episode_reward:-1.22361159324646, mean_queue:1.0111111402511597
intersection:16, mean_episode_reward:0.0555555559694767, mean_queue:0.0
intersection:17, mean_episode_reward:0.1433333456516266, mean_queue:0.0
intersection:18, mean_episode_reward:0.11277777701616287, mean_queue:0.0
intersection:19, mean_episode_reward:0.20777776837348938, mean_queue:0.0
intersection:20, mean_episode_reward:0.22555555403232574, mean_queue:0.0
intersection:21, mean_episode_reward:0.31138885021209717, mean_queue:0.0
intersection:22, mean_episode_reward:0.053611114621162415, mean_queue:0.0
intersection:23, mean_episode_reward:0.0533333346247673, mean_queue:0.0
intersection:24, mean_episode_reward:0.06916666775941849, mean_queue:0.0
intersection:25, mean_episode_reward:0.08527778834104538, mean_queue:0.0
intersection:26, mean_episode_reward:0.15888884663581848, mean_queue:0.0
intersection:27, mean_episode_reward:0.19277778267860413, mean_queue:0.0
intersection:28, mean_episode_reward:0.10805554687976837, mean_queue:0.0
intersection:29, mean_episode_reward:0.10722220689058304, mean_queue:0.0
intersection:30, mean_episode_reward:0.13694442808628082, mean_queue:0.0
intersection:31, mean_episode_reward:0.04000000283122063, mean_queue:0.0
Test step:70/200, travel time :191.98068965517243, rewards:-8.380556911892361, queue:0.51484375, delay:0.03164518674214681, throughput:1450
step:3600/3600, q_loss:1.6533046960830688, rewards:-8.377222357855903, queue:0.5375868055555556, delay:0.033208603329128686, throughput:1449
episode:71/200, real avg travel time:193.46307798481712
intersection:0, mean_episode_reward:-1.2511110305786133, mean_queue:0.9333333373069763
intersection:1, mean_episode_reward:-0.6652777194976807, mean_queue:1.1666666269302368
intersection:2, mean_episode_reward:-0.47472232580184937, mean_queue:1.375
intersection:3, mean_episode_reward:-1.6422224044799805, mean_queue:1.0499999523162842
intersection:4, mean_episode_reward:-0.8683335781097412, mean_queue:1.255555510520935
intersection:5, mean_episode_reward:0.08444444090127945, mean_queue:1.019444465637207
intersection:6, mean_episode_reward:0.043611135333776474, mean_queue:1.125
intersection:7, mean_episode_reward:-0.5669443607330322, mean_queue:0.7722222208976746
intersection:8, mean_episode_reward:-0.4802776873111725, mean_queue:1.149999976158142
intersection:9, mean_episode_reward:-0.2524999976158142, mean_queue:1.244444489479065
intersection:10, mean_episode_reward:-0.22333329916000366, mean_queue:1.1611111164093018
intersection:11, mean_episode_reward:-0.7619441747665405, mean_queue:1.144444465637207
intersection:12, mean_episode_reward:-1.2458332777023315, mean_queue:1.1972222328186035
intersection:13, mean_episode_reward:-0.8488889932632446, mean_queue:1.1888889074325562
intersection:14, mean_episode_reward:-0.34861114621162415, mean_queue:0.6555555462837219
intersection:15, mean_episode_reward:-1.046388864517212, mean_queue:0.7638888955116272
intersection:16, mean_episode_reward:0.041111111640930176, mean_queue:0.0
intersection:17, mean_episode_reward:0.061666667461395264, mean_queue:0.0
intersection:18, mean_episode_reward:0.1158333346247673, mean_queue:0.0
intersection:19, mean_episode_reward:0.28333333134651184, mean_queue:0.0
intersection:20, mean_episode_reward:0.23222219944000244, mean_queue:0.0
intersection:21, mean_episode_reward:0.3352777361869812, mean_queue:0.0
intersection:22, mean_episode_reward:0.04694444313645363, mean_queue:0.0
intersection:23, mean_episode_reward:0.04416666924953461, mean_queue:0.0
intersection:24, mean_episode_reward:0.08750000596046448, mean_queue:0.0
intersection:25, mean_episode_reward:0.1616666615009308, mean_queue:0.0
intersection:26, mean_episode_reward:0.14722220599651337, mean_queue:0.0
intersection:27, mean_episode_reward:0.16944444179534912, mean_queue:0.0
intersection:28, mean_episode_reward:0.14499999582767487, mean_queue:0.0
intersection:29, mean_episode_reward:0.09444443136453629, mean_queue:0.0
intersection:30, mean_episode_reward:0.1297222077846527, mean_queue:0.0
intersection:31, mean_episode_reward:0.07555555552244186, mean_queue:0.0
Test step:71/200, travel time :203.24466571834992, rewards:-12.61722140842014, queue:0.9466145833333334, delay:0.03786100016699897, throughput:1406
step:3600/3600, q_loss:1.6190643310546875, rewards:-8.248334418402777, queue:0.51015625, delay:0.031846115324232316, throughput:1448
episode:72/200, real avg travel time:192.0407458563536
intersection:0, mean_episode_reward:-1.191388487815857, mean_queue:0.949999988079071
intersection:1, mean_episode_reward:-0.5524998307228088, mean_queue:1.163888931274414
intersection:2, mean_episode_reward:-0.5908334255218506, mean_queue:1.2277777194976807
intersection:3, mean_episode_reward:-1.4675004482269287, mean_queue:0.8666666746139526
intersection:4, mean_episode_reward:-0.7511114478111267, mean_queue:1.0111111402511597
intersection:5, mean_episode_reward:-0.03277774527668953, mean_queue:0.9972222447395325
intersection:6, mean_episode_reward:-0.030277691781520844, mean_queue:1.0027778148651123
intersection:7, mean_episode_reward:-0.5544443130493164, mean_queue:0.6666666865348816
intersection:8, mean_episode_reward:-0.5077778100967407, mean_queue:1.1083333492279053
intersection:9, mean_episode_reward:-0.18861116468906403, mean_queue:1.255555510520935
intersection:10, mean_episode_reward:0.0872221440076828, mean_queue:1.0527777671813965
intersection:11, mean_episode_reward:-0.9463884830474854, mean_queue:1.1972222328186035
intersection:12, mean_episode_reward:-1.350000262260437, mean_queue:1.1361111402511597
intersection:13, mean_episode_reward:-0.7288889288902283, mean_queue:1.0694444179534912
intersection:14, mean_episode_reward:-0.14305554330348969, mean_queue:0.7277777791023254
intersection:15, mean_episode_reward:-1.2538893222808838, mean_queue:0.8916666507720947
intersection:16, mean_episode_reward:0.05861111357808113, mean_queue:0.0
intersection:17, mean_episode_reward:0.07055556029081345, mean_queue:0.0
intersection:18, mean_episode_reward:0.10083333402872086, mean_queue:0.0
intersection:19, mean_episode_reward:0.27166664600372314, mean_queue:0.0
intersection:20, mean_episode_reward:0.2222221940755844, mean_queue:0.0
intersection:21, mean_episode_reward:0.2613888680934906, mean_queue:0.0
intersection:22, mean_episode_reward:0.04749999940395355, mean_queue:0.0
intersection:23, mean_episode_reward:0.027500001713633537, mean_queue:0.0
intersection:24, mean_episode_reward:0.08750000596046448, mean_queue:0.0
intersection:25, mean_episode_reward:0.08055555075407028, mean_queue:0.0
intersection:26, mean_episode_reward:0.14861108362674713, mean_queue:0.0
intersection:27, mean_episode_reward:0.18250001966953278, mean_queue:0.0
intersection:28, mean_episode_reward:0.11305553466081619, mean_queue:0.0
intersection:29, mean_episode_reward:0.10361111164093018, mean_queue:0.0
intersection:30, mean_episode_reward:0.12805555760860443, mean_queue:0.0
intersection:31, mean_episode_reward:0.04972222074866295, mean_queue:0.0
Test step:72/200, travel time :192.38838977194195, rewards:-8.454167344835069, queue:0.5162326388888889, delay:0.03166432910495334, throughput:1447
step:3600/3600, q_loss:1.627587914466858, rewards:-8.466389973958334, queue:0.5276041666666667, delay:0.03296465343899197, throughput:1447
episode:73/200, real avg travel time:193.45404284727022
intersection:0, mean_episode_reward:-1.3438889980316162, mean_queue:1.0527777671813965
intersection:1, mean_episode_reward:-0.5127780437469482, mean_queue:1.100000023841858
intersection:2, mean_episode_reward:-0.5800002813339233, mean_queue:1.2166666984558105
intersection:3, mean_episode_reward:-1.5722225904464722, mean_queue:0.894444465637207
intersection:4, mean_episode_reward:-0.6241668462753296, mean_queue:1.0472222566604614
intersection:5, mean_episode_reward:-0.07555552572011948, mean_queue:1.0972222089767456
intersection:6, mean_episode_reward:0.275277704000473, mean_queue:0.8416666388511658
intersection:7, mean_episode_reward:-0.46722233295440674, mean_queue:0.6416666507720947
intersection:8, mean_episode_reward:-0.581110954284668, mean_queue:1.163888931274414
intersection:9, mean_episode_reward:-0.17694438993930817, mean_queue:1.1944444179534912
intersection:10, mean_episode_reward:-0.14583338797092438, mean_queue:1.2166666984558105
intersection:11, mean_episode_reward:-0.6844443678855896, mean_queue:1.0527777671813965
intersection:12, mean_episode_reward:-1.3497223854064941, mean_queue:1.2194443941116333
intersection:13, mean_episode_reward:-0.921944260597229, mean_queue:1.211111068725586
intersection:14, mean_episode_reward:-0.48055559396743774, mean_queue:0.9083333611488342
intersection:15, mean_episode_reward:-1.3991669416427612, mean_queue:1.024999976158142
intersection:16, mean_episode_reward:0.057777781039476395, mean_queue:0.0
intersection:17, mean_episode_reward:0.06833334267139435, mean_queue:0.0
intersection:18, mean_episode_reward:0.11388889700174332, mean_queue:0.0
intersection:19, mean_episode_reward:0.2588888704776764, mean_queue:0.0
intersection:20, mean_episode_reward:0.24111111462116241, mean_queue:0.0
intersection:21, mean_episode_reward:0.22722217440605164, mean_queue:0.0
intersection:22, mean_episode_reward:0.09166666865348816, mean_queue:0.0
intersection:23, mean_episode_reward:0.029722226783633232, mean_queue:0.0
intersection:24, mean_episode_reward:0.08388889580965042, mean_queue:0.0
intersection:25, mean_episode_reward:0.085833340883255, mean_queue:0.0
intersection:26, mean_episode_reward:0.22111105918884277, mean_queue:0.0
intersection:27, mean_episode_reward:0.20638883113861084, mean_queue:0.0
intersection:28, mean_episode_reward:0.15194445848464966, mean_queue:0.0
intersection:29, mean_episode_reward:0.11194442957639694, mean_queue:0.0
intersection:30, mean_episode_reward:0.12888887524604797, mean_queue:0.0
intersection:31, mean_episode_reward:0.09527776390314102, mean_queue:0.0
Test step:73/200, travel time :194.5, rewards:-8.435834418402777, queue:0.5486979166666667, delay:0.03234533733791775, throughput:1448
step:3600/3600, q_loss:1.6250189542770386, rewards:-8.45, queue:0.5115451388888889, delay:0.03173111809624566, throughput:1449
episode:74/200, real avg travel time:191.8495514147688
intersection:0, mean_episode_reward:-1.3286110162734985, mean_queue:1.0027778148651123
intersection:1, mean_episode_reward:-0.488055557012558, mean_queue:1.119444489479065
intersection:2, mean_episode_reward:-0.752777636051178, mean_queue:1.2638888359069824
intersection:3, mean_episode_reward:-1.5080559253692627, mean_queue:0.8833333253860474
intersection:4, mean_episode_reward:-0.6269445419311523, mean_queue:1.0305556058883667
intersection:5, mean_episode_reward:-0.00111113372258842, mean_queue:0.9861111044883728
intersection:6, mean_episode_reward:0.11638887226581573, mean_queue:0.8027777671813965
intersection:7, mean_episode_reward:-0.5858333706855774, mean_queue:0.6972222328186035
intersection:8, mean_episode_reward:-0.6658333539962769, mean_queue:1.2388888597488403
intersection:9, mean_episode_reward:-0.1366666853427887, mean_queue:1.2055555582046509
intersection:10, mean_episode_reward:-0.16138885915279388, mean_queue:1.1361111402511597
intersection:11, mean_episode_reward:-0.6741663813591003, mean_queue:0.9833333492279053
intersection:12, mean_episode_reward:-1.158333420753479, mean_queue:1.119444489479065
intersection:13, mean_episode_reward:-0.9277779459953308, mean_queue:1.2416666746139526
intersection:14, mean_episode_reward:-0.2986111044883728, mean_queue:0.8055555820465088
intersection:15, mean_episode_reward:-1.1883330345153809, mean_queue:0.8527777791023254
intersection:16, mean_episode_reward:0.06833334267139435, mean_queue:0.0
intersection:17, mean_episode_reward:0.06611111760139465, mean_queue:0.0
intersection:18, mean_episode_reward:0.14666666090488434, mean_queue:0.0
intersection:19, mean_episode_reward:0.219722181558609, mean_queue:0.0
intersection:20, mean_episode_reward:0.22777777910232544, mean_queue:0.0
intersection:21, mean_episode_reward:0.22055551409721375, mean_queue:0.0
intersection:22, mean_episode_reward:0.055000003427267075, mean_queue:0.0
intersection:23, mean_episode_reward:0.04138888791203499, mean_queue:0.0
intersection:24, mean_episode_reward:0.0394444465637207, mean_queue:0.0
intersection:25, mean_episode_reward:0.12194443494081497, mean_queue:0.0
intersection:26, mean_episode_reward:0.16111108660697937, mean_queue:0.0
intersection:27, mean_episode_reward:0.17722220718860626, mean_queue:0.0
intersection:28, mean_episode_reward:0.14749997854232788, mean_queue:0.0
intersection:29, mean_episode_reward:0.10583332926034927, mean_queue:0.0
intersection:30, mean_episode_reward:0.0994444414973259, mean_queue:0.0
intersection:31, mean_episode_reward:0.038055554032325745, mean_queue:0.0
Test step:74/200, travel time :192.9385359116022, rewards:-8.414166937934027, queue:0.5256076388888888, delay:0.032484573788113064, throughput:1448
step:3600/3600, q_loss:1.5968289375305176, rewards:-8.498611789279513, queue:0.5334201388888888, delay:0.032769526375664604, throughput:1448
episode:75/200, real avg travel time:192.97168508287294
intersection:0, mean_episode_reward:-1.2844442129135132, mean_queue:1.0
intersection:1, mean_episode_reward:-0.6775000095367432, mean_queue:1.1472222805023193
intersection:2, mean_episode_reward:-0.4372221529483795, mean_queue:1.2583333253860474
intersection:3, mean_episode_reward:-1.728333592414856, mean_queue:1.0166666507720947
intersection:4, mean_episode_reward:-0.6313892602920532, mean_queue:1.0833333730697632
intersection:5, mean_episode_reward:0.01361111830919981, mean_queue:0.9972222447395325
intersection:6, mean_episode_reward:0.38166651129722595, mean_queue:0.9416666626930237
intersection:7, mean_episode_reward:-0.5697224736213684, mean_queue:0.7416666746139526
intersection:8, mean_episode_reward:-0.6988888382911682, mean_queue:1.2722222805023193
intersection:9, mean_episode_reward:-0.2727777361869812, mean_queue:1.2944444417953491
intersection:10, mean_episode_reward:-0.011666686274111271, mean_queue:1.2361111640930176
intersection:11, mean_episode_reward:-0.8047224283218384, mean_queue:1.1666666269302368
intersection:12, mean_episode_reward:-1.2536112070083618, mean_queue:1.1861110925674438
intersection:13, mean_episode_reward:-0.7658336162567139, mean_queue:1.100000023841858
intersection:14, mean_episode_reward:-0.5719444155693054, mean_queue:0.824999988079071
intersection:15, mean_episode_reward:-1.211944341659546, mean_queue:0.8027777671813965
intersection:16, mean_episode_reward:0.058055561035871506, mean_queue:0.0
intersection:17, mean_episode_reward:0.0763888955116272, mean_queue:0.0
intersection:18, mean_episode_reward:0.1269444227218628, mean_queue:0.0
intersection:19, mean_episode_reward:0.2152777761220932, mean_queue:0.0
intersection:20, mean_episode_reward:0.24361106753349304, mean_queue:0.0
intersection:21, mean_episode_reward:0.2563888728618622, mean_queue:0.0
intersection:22, mean_episode_reward:0.05027777701616287, mean_queue:0.0
intersection:23, mean_episode_reward:0.029722224920988083, mean_queue:0.0
intersection:24, mean_episode_reward:0.09527776390314102, mean_queue:0.0
intersection:25, mean_episode_reward:0.09111110866069794, mean_queue:0.0
intersection:26, mean_episode_reward:0.16472220420837402, mean_queue:0.0
intersection:27, mean_episode_reward:0.1802777647972107, mean_queue:0.0
intersection:28, mean_episode_reward:0.12361110001802444, mean_queue:0.0
intersection:29, mean_episode_reward:0.10833333432674408, mean_queue:0.0
intersection:30, mean_episode_reward:0.14888888597488403, mean_queue:0.0
intersection:31, mean_episode_reward:0.05722222849726677, mean_queue:0.0
Test step:75/200, travel time :192.48033126293996, rewards:-8.346944173177084, queue:0.5161458333333333, delay:0.032399370935228135, throughput:1449
step:3600/3600, q_loss:1.5629255771636963, rewards:-8.60527615017361, queue:0.5338541666666666, delay:0.03238018618689643, throughput:1446
episode:76/200, real avg travel time:193.37482710926693
intersection:0, mean_episode_reward:-1.3155553340911865, mean_queue:1.0638889074325562
intersection:1, mean_episode_reward:-0.5722219944000244, mean_queue:0.9944444298744202
intersection:2, mean_episode_reward:-0.43972235918045044, mean_queue:1.1722222566604614
intersection:3, mean_episode_reward:-1.6833330392837524, mean_queue:1.0083333253860474
intersection:4, mean_episode_reward:-0.804444432258606, mean_queue:1.1583333015441895
intersection:5, mean_episode_reward:0.06638887524604797, mean_queue:0.9055555462837219
intersection:6, mean_episode_reward:-0.031388845294713974, mean_queue:1.0583332777023315
intersection:7, mean_episode_reward:-0.634444534778595, mean_queue:0.7833333611488342
intersection:8, mean_episode_reward:-0.6674997806549072, mean_queue:1.1888889074325562
intersection:9, mean_episode_reward:-0.1938890516757965, mean_queue:1.2944444417953491
intersection:10, mean_episode_reward:0.054722223430871964, mean_queue:1.1083333492279053
intersection:11, mean_episode_reward:-0.6680556535720825, mean_queue:1.1666666269302368
intersection:12, mean_episode_reward:-1.2480556964874268, mean_queue:1.1527777910232544
intersection:13, mean_episode_reward:-0.7100000977516174, mean_queue:1.0972222089767456
intersection:14, mean_episode_reward:-0.4877779185771942, mean_queue:0.8333333134651184
intersection:15, mean_episode_reward:-1.441110372543335, mean_queue:1.0972222089767456
intersection:16, mean_episode_reward:0.05249999836087227, mean_queue:0.0
intersection:17, mean_episode_reward:0.101666659116745, mean_queue:0.0
intersection:18, mean_episode_reward:0.11944443732500076, mean_queue:0.0
intersection:19, mean_episode_reward:0.22361107170581818, mean_queue:0.0
intersection:20, mean_episode_reward:0.22999995946884155, mean_queue:0.0
intersection:21, mean_episode_reward:0.21611109375953674, mean_queue:0.0
intersection:22, mean_episode_reward:0.056111112236976624, mean_queue:0.0
intersection:23, mean_episode_reward:0.03805555775761604, mean_queue:0.0
intersection:24, mean_episode_reward:0.10583332926034927, mean_queue:0.0
intersection:25, mean_episode_reward:0.10083333402872086, mean_queue:0.0
intersection:26, mean_episode_reward:0.1688888520002365, mean_queue:0.0
intersection:27, mean_episode_reward:0.1833333522081375, mean_queue:0.0
intersection:28, mean_episode_reward:0.13833332061767578, mean_queue:0.0
intersection:29, mean_episode_reward:0.15666666626930237, mean_queue:0.0
intersection:30, mean_episode_reward:0.15222220122814178, mean_queue:0.0
intersection:31, mean_episode_reward:0.1274999976158142, mean_queue:0.0
Test step:76/200, travel time :190.4588804422944, rewards:-8.32444593641493, queue:0.49053819444444446, delay:0.03066843350728353, throughput:1447
step:3600/3600, q_loss:1.4867558479309082, rewards:-8.659998914930556, queue:0.5400173611111111, delay:0.0314549101723565, throughput:1447
episode:77/200, real avg travel time:194.39737387698688
intersection:0, mean_episode_reward:-1.371666669845581, mean_queue:1.038888931274414
intersection:1, mean_episode_reward:-0.44722217321395874, mean_queue:1.0166666507720947
intersection:2, mean_episode_reward:-0.6930554509162903, mean_queue:1.2333333492279053
intersection:3, mean_episode_reward:-1.627500295639038, mean_queue:0.9861111044883728
intersection:4, mean_episode_reward:-0.6488890051841736, mean_queue:1.0305556058883667
intersection:5, mean_episode_reward:0.09833331406116486, mean_queue:0.9583333134651184
intersection:6, mean_episode_reward:0.0030555035918951035, mean_queue:0.9638888835906982
intersection:7, mean_episode_reward:-0.6200000047683716, mean_queue:0.7777777910232544
intersection:8, mean_episode_reward:-0.6916665434837341, mean_queue:1.1777777671813965
intersection:9, mean_episode_reward:-0.018611116334795952, mean_queue:1.1972222328186035
intersection:10, mean_episode_reward:-0.0075000133365392685, mean_queue:1.0611110925674438
intersection:11, mean_episode_reward:-0.7002774477005005, mean_queue:1.1083333492279053
intersection:12, mean_episode_reward:-2.373610258102417, mean_queue:2.1194443702697754
intersection:13, mean_episode_reward:-0.27083319425582886, mean_queue:1.0527777671813965
intersection:14, mean_episode_reward:-0.34361106157302856, mean_queue:0.6861110925674438
intersection:15, mean_episode_reward:-1.1919441223144531, mean_queue:0.8722222447395325
intersection:16, mean_episode_reward:0.06361111253499985, mean_queue:0.0
intersection:17, mean_episode_reward:0.06361111253499985, mean_queue:0.0
intersection:18, mean_episode_reward:0.09916666150093079, mean_queue:0.0
intersection:19, mean_episode_reward:0.25333327054977417, mean_queue:0.0
intersection:20, mean_episode_reward:0.24999995529651642, mean_queue:0.0
intersection:21, mean_episode_reward:0.19277778267860413, mean_queue:0.0
intersection:22, mean_episode_reward:0.04249999672174454, mean_queue:0.0
intersection:23, mean_episode_reward:0.03055555559694767, mean_queue:0.0
intersection:24, mean_episode_reward:0.2836110591888428, mean_queue:0.0
intersection:25, mean_episode_reward:0.0811111107468605, mean_queue:0.0
intersection:26, mean_episode_reward:0.1597221940755844, mean_queue:0.0
intersection:27, mean_episode_reward:0.17416666448116302, mean_queue:0.0
intersection:28, mean_episode_reward:0.16722221672534943, mean_queue:0.0
intersection:29, mean_episode_reward:0.14000000059604645, mean_queue:0.0
intersection:30, mean_episode_reward:0.193888857960701, mean_queue:0.0
intersection:31, mean_episode_reward:0.049722231924533844, mean_queue:0.0
Test step:77/200, travel time :220.45906432748538, rewards:-8.759163411458333, queue:1.5114583333333333, delay:0.04114655918545193, throughput:1368
step:3600/3600, q_loss:1.5006368160247803, rewards:-8.406944444444445, queue:0.5016493055555555, delay:0.03093290858798557, throughput:1449
episode:78/200, real avg travel time:191.3112491373361
intersection:0, mean_episode_reward:-1.2450000047683716, mean_queue:0.9388889074325562
intersection:1, mean_episode_reward:-0.5619443655014038, mean_queue:1.125
intersection:2, mean_episode_reward:-0.47500020265579224, mean_queue:1.1944444179534912
intersection:3, mean_episode_reward:-1.5572223663330078, mean_queue:0.9861111044883728
intersection:4, mean_episode_reward:-0.7738887071609497, mean_queue:1.005555510520935
intersection:5, mean_episode_reward:-0.04472223296761513, mean_queue:0.949999988079071
intersection:6, mean_episode_reward:0.03194447234272957, mean_queue:0.9472222328186035
intersection:7, mean_episode_reward:-0.6683337092399597, mean_queue:0.7527777552604675
intersection:8, mean_episode_reward:-0.5402777791023254, mean_queue:1.0333333015441895
intersection:9, mean_episode_reward:-0.1616666465997696, mean_queue:1.2472221851348877
intersection:10, mean_episode_reward:0.05833332985639572, mean_queue:0.9444444179534912
intersection:11, mean_episode_reward:-0.5480554103851318, mean_queue:1.1111111640930176
intersection:12, mean_episode_reward:-1.2030556201934814, mean_queue:1.0333333015441895
intersection:13, mean_episode_reward:-0.761944591999054, mean_queue:1.0694444179534912
intersection:14, mean_episode_reward:-0.4936111867427826, mean_queue:0.7055555582046509
intersection:15, mean_episode_reward:-1.377221941947937, mean_queue:1.0083333253860474
intersection:16, mean_episode_reward:0.06416666507720947, mean_queue:0.0
intersection:17, mean_episode_reward:0.09611111879348755, mean_queue:0.0
intersection:18, mean_episode_reward:0.10472222417593002, mean_queue:0.0
intersection:19, mean_episode_reward:0.19055555760860443, mean_queue:0.0
intersection:20, mean_episode_reward:0.22583329677581787, mean_queue:0.0
intersection:21, mean_episode_reward:0.1572222262620926, mean_queue:0.0
intersection:22, mean_episode_reward:0.05111110955476761, mean_queue:0.0
intersection:23, mean_episode_reward:0.03722222521901131, mean_queue:0.0
intersection:24, mean_episode_reward:0.0716666728258133, mean_queue:0.0
intersection:25, mean_episode_reward:0.08916666358709335, mean_queue:0.0
intersection:26, mean_episode_reward:0.16472218930721283, mean_queue:0.0
intersection:27, mean_episode_reward:0.1691666543483734, mean_queue:0.0
intersection:28, mean_episode_reward:0.14027777314186096, mean_queue:0.0
intersection:29, mean_episode_reward:0.09777776896953583, mean_queue:0.0
intersection:30, mean_episode_reward:0.1269444227218628, mean_queue:0.0
intersection:31, mean_episode_reward:0.12805555760860443, mean_queue:0.0
Test step:78/200, travel time :224.49428571428572, rewards:-8.766111246744792, queue:1.2100694444444444, delay:0.04041626983218723, throughput:1400
step:3600/3600, q_loss:1.4900637865066528, rewards:-8.372222222222222, queue:0.5051215277777777, delay:0.03075838883717855, throughput:1451
episode:79/200, real avg travel time:191.57201929703652
intersection:0, mean_episode_reward:-1.2530560493469238, mean_queue:0.9222221970558167
intersection:1, mean_episode_reward:-0.5186113715171814, mean_queue:0.9916666746139526
intersection:2, mean_episode_reward:-0.8202776312828064, mean_queue:1.2944444417953491
intersection:3, mean_episode_reward:-1.4438886642456055, mean_queue:0.8999999761581421
intersection:4, mean_episode_reward:-0.6405556797981262, mean_queue:0.9972222447395325
intersection:5, mean_episode_reward:-0.1108332946896553, mean_queue:1.0222222805023193
intersection:6, mean_episode_reward:0.22416648268699646, mean_queue:0.8194444179534912
intersection:7, mean_episode_reward:-0.5725001096725464, mean_queue:0.6166666746139526
intersection:8, mean_episode_reward:-0.6597220301628113, mean_queue:1.1916667222976685
intersection:9, mean_episode_reward:0.07111112028360367, mean_queue:1.1888889074325562
intersection:10, mean_episode_reward:-0.1433333307504654, mean_queue:1.1333333253860474
intersection:11, mean_episode_reward:-0.5969443917274475, mean_queue:0.9638888835906982
intersection:12, mean_episode_reward:-1.2180556058883667, mean_queue:1.0722222328186035
intersection:13, mean_episode_reward:-0.9022223353385925, mean_queue:1.144444465637207
intersection:14, mean_episode_reward:-0.03333335369825363, mean_queue:0.7111111283302307
intersection:15, mean_episode_reward:-1.7011104822158813, mean_queue:1.1944444179534912
intersection:16, mean_episode_reward:0.04833333194255829, mean_queue:0.0
intersection:17, mean_episode_reward:0.07500000298023224, mean_queue:0.0
intersection:18, mean_episode_reward:0.11166665703058243, mean_queue:0.0
intersection:19, mean_episode_reward:0.22055551409721375, mean_queue:0.0
intersection:20, mean_episode_reward:0.24861113727092743, mean_queue:0.0
intersection:21, mean_episode_reward:0.19111111760139465, mean_queue:0.0
intersection:22, mean_episode_reward:0.04444444552063942, mean_queue:0.0
intersection:23, mean_episode_reward:0.02777777798473835, mean_queue:0.0
intersection:24, mean_episode_reward:0.09833333641290665, mean_queue:0.0
intersection:25, mean_episode_reward:0.09305555373430252, mean_queue:0.0
intersection:26, mean_episode_reward:0.15055552124977112, mean_queue:0.0
intersection:27, mean_episode_reward:0.17888887226581573, mean_queue:0.0
intersection:28, mean_episode_reward:0.1894444078207016, mean_queue:0.0
intersection:29, mean_episode_reward:0.09972221404314041, mean_queue:0.0
intersection:30, mean_episode_reward:0.12166666239500046, mean_queue:0.0
intersection:31, mean_episode_reward:0.047777775675058365, mean_queue:0.0
Test step:79/200, travel time :191.25793103448277, rewards:-8.423335096571181, queue:0.49835069444444446, delay:0.0309763060675727, throughput:1450
step:3600/3600, q_loss:1.4888776540756226, rewards:-8.618611653645834, queue:0.64921875, delay:0.03258067766825358, throughput:1449
episode:80/200, real avg travel time:203.055900621118
intersection:0, mean_episode_reward:-1.3463882207870483, mean_queue:1.1527777910232544
intersection:1, mean_episode_reward:-0.48638877272605896, mean_queue:0.9361110925674438
intersection:2, mean_episode_reward:-0.3936111032962799, mean_queue:1.1083333492279053
intersection:3, mean_episode_reward:-1.6311118602752686, mean_queue:0.9277777671813965
intersection:4, mean_episode_reward:-0.5986111760139465, mean_queue:1.100000023841858
intersection:5, mean_episode_reward:-0.09888887405395508, mean_queue:0.8638888597488403
intersection:6, mean_episode_reward:-0.06416665017604828, mean_queue:0.9833333492279053
intersection:7, mean_episode_reward:-0.46361127495765686, mean_queue:0.5861111283302307
intersection:8, mean_episode_reward:-0.693333625793457, mean_queue:1.2611111402511597
intersection:9, mean_episode_reward:1.1163885593414307, mean_queue:1.3194444179534912
intersection:10, mean_episode_reward:-4.2894439697265625, mean_queue:5.494444370269775
intersection:11, mean_episode_reward:1.2341666221618652, mean_queue:1.019444465637207
intersection:12, mean_episode_reward:-1.288055658340454, mean_queue:1.0583332777023315
intersection:13, mean_episode_reward:-0.6705556511878967, mean_queue:1.0444444417953491
intersection:14, mean_episode_reward:0.548611044883728, mean_queue:1.0555555820465088
intersection:15, mean_episode_reward:-1.4422224760055542, mean_queue:0.8638888597488403
intersection:16, mean_episode_reward:0.05000000074505806, mean_queue:0.0
intersection:17, mean_episode_reward:0.08361111581325531, mean_queue:0.0
intersection:18, mean_episode_reward:0.15111111104488373, mean_queue:0.0
intersection:19, mean_episode_reward:0.22277776896953583, mean_queue:0.0
intersection:20, mean_episode_reward:0.23722220957279205, mean_queue:0.0
intersection:21, mean_episode_reward:0.1802777647972107, mean_queue:0.0
intersection:22, mean_episode_reward:0.04527777433395386, mean_queue:0.0
intersection:23, mean_episode_reward:0.035555556416511536, mean_queue:0.0
intersection:24, mean_episode_reward:0.09749999642372131, mean_queue:0.0
intersection:25, mean_episode_reward:0.07777778804302216, mean_queue:0.0
intersection:26, mean_episode_reward:0.13527776300907135, mean_queue:0.0
intersection:27, mean_episode_reward:0.17444443702697754, mean_queue:0.0
intersection:28, mean_episode_reward:0.10305554419755936, mean_queue:0.0
intersection:29, mean_episode_reward:0.09777776896953583, mean_queue:0.0
intersection:30, mean_episode_reward:0.1361110955476761, mean_queue:0.0
intersection:31, mean_episode_reward:0.12083332985639572, mean_queue:0.0
Test step:80/200, travel time :193.3174273858921, rewards:-8.429166666666667, queue:0.5250868055555555, delay:0.03272851573096381, throughput:1446
step:3600/3600, q_loss:1.545184850692749, rewards:-8.548610432942708, queue:0.5228298611111111, delay:0.031881162855360246, throughput:1448
episode:81/200, real avg travel time:192.98825966850828
intersection:0, mean_episode_reward:-1.45638906955719, mean_queue:1.0805555582046509
intersection:1, mean_episode_reward:-0.4411109983921051, mean_queue:0.9583333134651184
intersection:2, mean_episode_reward:-0.7336110472679138, mean_queue:1.225000023841858
intersection:3, mean_episode_reward:-1.3641663789749146, mean_queue:0.8277778029441833
intersection:4, mean_episode_reward:-0.6950000524520874, mean_queue:1.1611111164093018
intersection:5, mean_episode_reward:-0.03638885170221329, mean_queue:1.0083333253860474
intersection:6, mean_episode_reward:0.3461110591888428, mean_queue:0.9861111044883728
intersection:7, mean_episode_reward:-0.7316667437553406, mean_queue:0.8888888955116272
intersection:8, mean_episode_reward:-0.5447222590446472, mean_queue:1.0277777910232544
intersection:9, mean_episode_reward:-0.20249994099140167, mean_queue:1.3833333253860474
intersection:10, mean_episode_reward:-0.22499993443489075, mean_queue:1.355555534362793
intersection:11, mean_episode_reward:-0.6880557537078857, mean_queue:0.9555555582046509
intersection:12, mean_episode_reward:-1.1563886404037476, mean_queue:1.0722222328186035
intersection:13, mean_episode_reward:-0.8047218918800354, mean_queue:1.149999976158142
intersection:14, mean_episode_reward:-0.5616664290428162, mean_queue:0.8416666388511658
intersection:15, mean_episode_reward:-1.2152774333953857, mean_queue:0.8083333373069763
intersection:16, mean_episode_reward:0.06861111521720886, mean_queue:0.0
intersection:17, mean_episode_reward:0.1455555558204651, mean_queue:0.0
intersection:18, mean_episode_reward:0.09916666150093079, mean_queue:0.0
intersection:19, mean_episode_reward:0.19111107289791107, mean_queue:0.0
intersection:20, mean_episode_reward:0.23027777671813965, mean_queue:0.0
intersection:21, mean_episode_reward:0.19111107289791107, mean_queue:0.0
intersection:22, mean_episode_reward:0.04000000283122063, mean_queue:0.0
intersection:23, mean_episode_reward:0.0325000025331974, mean_queue:0.0
intersection:24, mean_episode_reward:0.09944445639848709, mean_queue:0.0
intersection:25, mean_episode_reward:0.07250000536441803, mean_queue:0.0
intersection:26, mean_episode_reward:0.1413888782262802, mean_queue:0.0
intersection:27, mean_episode_reward:0.1738888919353485, mean_queue:0.0
intersection:28, mean_episode_reward:0.15583333373069763, mean_queue:0.0
intersection:29, mean_episode_reward:0.10361111164093018, mean_queue:0.0
intersection:30, mean_episode_reward:0.15361110866069794, mean_queue:0.0
intersection:31, mean_episode_reward:0.06333333998918533, mean_queue:0.0
Test step:81/200, travel time :191.55809128630705, rewards:-8.513890245225694, queue:0.49756944444444445, delay:0.03166925642225477, throughput:1446
step:3600/3600, q_loss:1.5406161546707153, rewards:-8.273887803819445, queue:0.5138888888888888, delay:0.03193648126390245, throughput:1450
episode:82/200, real avg travel time:192.28758620689655
intersection:0, mean_episode_reward:-1.4044444561004639, mean_queue:1.1138888597488403
intersection:1, mean_episode_reward:-0.5258333086967468, mean_queue:0.9194444417953491
intersection:2, mean_episode_reward:-0.49277764558792114, mean_queue:1.163888931274414
intersection:3, mean_episode_reward:-1.5491654872894287, mean_queue:0.894444465637207
intersection:4, mean_episode_reward:-0.6147221922874451, mean_queue:1.1111111640930176
intersection:5, mean_episode_reward:-0.024999994784593582, mean_queue:1.0555555820465088
intersection:6, mean_episode_reward:0.21250002086162567, mean_queue:0.9666666388511658
intersection:7, mean_episode_reward:-0.44833314418792725, mean_queue:0.6277777552604675
intersection:8, mean_episode_reward:-0.6424998641014099, mean_queue:1.2472221851348877
intersection:9, mean_episode_reward:-0.08444447070360184, mean_queue:1.2000000476837158
intersection:10, mean_episode_reward:-0.18166673183441162, mean_queue:1.1416666507720947
intersection:11, mean_episode_reward:-0.8819447755813599, mean_queue:1.3138889074325562
intersection:12, mean_episode_reward:-1.0600000619888306, mean_queue:0.8638888597488403
intersection:13, mean_episode_reward:-0.9149999618530273, mean_queue:1.1555556058883667
intersection:14, mean_episode_reward:-0.3750000298023224, mean_queue:0.7361111044883728
intersection:15, mean_episode_reward:-1.3577779531478882, mean_queue:0.9333333373069763
intersection:16, mean_episode_reward:0.085833340883255, mean_queue:0.0
intersection:17, mean_episode_reward:0.0855555608868599, mean_queue:0.0
intersection:18, mean_episode_reward:0.12138888984918594, mean_queue:0.0
intersection:19, mean_episode_reward:0.1713888943195343, mean_queue:0.0
intersection:20, mean_episode_reward:0.2266666144132614, mean_queue:0.0
intersection:21, mean_episode_reward:0.1761111170053482, mean_queue:0.0
intersection:22, mean_episode_reward:0.06388889253139496, mean_queue:0.0
intersection:23, mean_episode_reward:0.028333332389593124, mean_queue:0.0
intersection:24, mean_episode_reward:0.04750000685453415, mean_queue:0.0
intersection:25, mean_episode_reward:0.09555555880069733, mean_queue:0.0
intersection:26, mean_episode_reward:0.20305554568767548, mean_queue:0.0
intersection:27, mean_episode_reward:0.1691666692495346, mean_queue:0.0
intersection:28, mean_episode_reward:0.13499999046325684, mean_queue:0.0
intersection:29, mean_episode_reward:0.09499999135732651, mean_queue:0.0
intersection:30, mean_episode_reward:0.29277774691581726, mean_queue:0.0
intersection:31, mean_episode_reward:0.07500000298023224, mean_queue:0.0
Test step:82/200, travel time :193.0946132596685, rewards:-8.499444580078125, queue:0.5144097222222223, delay:0.03219149112701416, throughput:1448
step:3600/3600, q_loss:1.5378330945968628, rewards:-8.479999457465278, queue:0.5221354166666666, delay:0.03237439261542426, throughput:1449
episode:83/200, real avg travel time:192.89164941338854
intersection:0, mean_episode_reward:-1.3266661167144775, mean_queue:1.0166666507720947
intersection:1, mean_episode_reward:-0.5816667079925537, mean_queue:1.1277778148651123
intersection:2, mean_episode_reward:-0.6452776789665222, mean_queue:1.1694444417953491
intersection:3, mean_episode_reward:-1.6002774238586426, mean_queue:0.9194444417953491
intersection:4, mean_episode_reward:-0.7675002813339233, mean_queue:1.1861110925674438
intersection:5, mean_episode_reward:0.17527787387371063, mean_queue:0.9916666746139526
intersection:6, mean_episode_reward:0.3155554533004761, mean_queue:0.9305555820465088
intersection:7, mean_episode_reward:-0.661389172077179, mean_queue:0.7166666388511658
intersection:8, mean_episode_reward:-0.6574999094009399, mean_queue:1.2666666507720947
intersection:9, mean_episode_reward:-0.2658332884311676, mean_queue:1.4027777910232544
intersection:10, mean_episode_reward:-0.08305557817220688, mean_queue:1.211111068725586
intersection:11, mean_episode_reward:-0.945555567741394, mean_queue:1.3222222328186035
intersection:12, mean_episode_reward:-1.0461113452911377, mean_queue:0.9833333492279053
intersection:13, mean_episode_reward:-0.9219443202018738, mean_queue:1.0472222566604614
intersection:14, mean_episode_reward:-0.45833349227905273, mean_queue:0.6305555701255798
intersection:15, mean_episode_reward:-1.0747225284576416, mean_queue:0.7861111164093018
intersection:16, mean_episode_reward:0.04972222074866295, mean_queue:0.0
intersection:17, mean_episode_reward:0.1386111080646515, mean_queue:0.0
intersection:18, mean_episode_reward:0.14527776837348938, mean_queue:0.0
intersection:19, mean_episode_reward:0.22777777910232544, mean_queue:0.0
intersection:20, mean_episode_reward:0.23916664719581604, mean_queue:0.0
intersection:21, mean_episode_reward:0.21555553376674652, mean_queue:0.0
intersection:22, mean_episode_reward:0.03611110895872116, mean_queue:0.0
intersection:23, mean_episode_reward:0.04416666552424431, mean_queue:0.0
intersection:24, mean_episode_reward:0.07750000804662704, mean_queue:0.0
intersection:25, mean_episode_reward:0.08666666597127914, mean_queue:0.0
intersection:26, mean_episode_reward:0.16777774691581726, mean_queue:0.0
intersection:27, mean_episode_reward:0.1736111044883728, mean_queue:0.0
intersection:28, mean_episode_reward:0.1344444304704666, mean_queue:0.0
intersection:29, mean_episode_reward:0.10111110657453537, mean_queue:0.0
intersection:30, mean_episode_reward:0.16055552661418915, mean_queue:0.0
intersection:31, mean_episode_reward:0.06694445013999939, mean_queue:0.0
Test step:83/200, travel time :198.03798342541435, rewards:-8.80083279079861, queue:0.5707465277777778, delay:0.035240263409084746, throughput:1448
step:3600/3600, q_loss:1.5525062084197998, rewards:-8.565277099609375, queue:0.5342881944444444, delay:0.032949625121222605, throughput:1447
episode:84/200, real avg travel time:193.5487214927436
intersection:0, mean_episode_reward:-1.4238890409469604, mean_queue:1.1138888597488403
intersection:1, mean_episode_reward:-0.5455554723739624, mean_queue:1.086111068725586
intersection:2, mean_episode_reward:-0.6622224450111389, mean_queue:1.2138888835906982
intersection:3, mean_episode_reward:-1.8261103630065918, mean_queue:1.1805555820465088
intersection:4, mean_episode_reward:-0.8158334493637085, mean_queue:1.1972222328186035
intersection:5, mean_episode_reward:0.13111115992069244, mean_queue:1.0722222328186035
intersection:6, mean_episode_reward:0.31749993562698364, mean_queue:0.9833333492279053
intersection:7, mean_episode_reward:-0.48416668176651, mean_queue:0.6416666507720947
intersection:8, mean_episode_reward:-0.5994443893432617, mean_queue:1.1083333492279053
intersection:9, mean_episode_reward:-0.13055551052093506, mean_queue:1.2999999523162842
intersection:10, mean_episode_reward:-0.13777770102024078, mean_queue:1.3833333253860474
intersection:11, mean_episode_reward:-0.9377774596214294, mean_queue:1.3666666746139526
intersection:12, mean_episode_reward:-1.157500147819519, mean_queue:0.9027777910232544
intersection:13, mean_episode_reward:-0.6130554676055908, mean_queue:0.9666666388511658
intersection:14, mean_episode_reward:-0.49611109495162964, mean_queue:0.7666666507720947
intersection:15, mean_episode_reward:-1.1888887882232666, mean_queue:0.8138889074325562
intersection:16, mean_episode_reward:0.04416666552424431, mean_queue:0.0
intersection:17, mean_episode_reward:0.08222222328186035, mean_queue:0.0
intersection:18, mean_episode_reward:0.12888889014720917, mean_queue:0.0
intersection:19, mean_episode_reward:0.1827777475118637, mean_queue:0.0
intersection:20, mean_episode_reward:0.22166664898395538, mean_queue:0.0
intersection:21, mean_episode_reward:0.24583330750465393, mean_queue:0.0
intersection:22, mean_episode_reward:0.0694444477558136, mean_queue:0.0
intersection:23, mean_episode_reward:0.03444444760680199, mean_queue:0.0
intersection:24, mean_episode_reward:0.05305556207895279, mean_queue:0.0
intersection:25, mean_episode_reward:0.08444444090127945, mean_queue:0.0
intersection:26, mean_episode_reward:0.17888885736465454, mean_queue:0.0
intersection:27, mean_episode_reward:0.18583329021930695, mean_queue:0.0
intersection:28, mean_episode_reward:0.14638887345790863, mean_queue:0.0
intersection:29, mean_episode_reward:0.09527777880430222, mean_queue:0.0
intersection:30, mean_episode_reward:0.2080555409193039, mean_queue:0.0
intersection:31, mean_episode_reward:0.04361111670732498, mean_queue:0.0
Test step:84/200, travel time :190.90752242926155, rewards:-8.408055962456597, queue:0.4912326388888889, delay:0.031068346235487196, throughput:1449
step:3600/3600, q_loss:1.5731871128082275, rewards:-8.35416734483507, queue:0.4991319444444444, delay:0.030976308716668025, throughput:1446
episode:85/200, real avg travel time:191.1030428769018
intersection:0, mean_episode_reward:-1.1605558395385742, mean_queue:0.9111111164093018
intersection:1, mean_episode_reward:-0.6575000286102295, mean_queue:1.0361111164093018
intersection:2, mean_episode_reward:-0.7155556678771973, mean_queue:1.2166666984558105
intersection:3, mean_episode_reward:-1.5372225046157837, mean_queue:0.8805555701255798
intersection:4, mean_episode_reward:-0.726388692855835, mean_queue:1.038888931274414
intersection:5, mean_episode_reward:0.008611118420958519, mean_queue:1.005555510520935
intersection:6, mean_episode_reward:0.478055477142334, mean_queue:0.8805555701255798
intersection:7, mean_episode_reward:-0.5597220063209534, mean_queue:0.7444444298744202
intersection:8, mean_episode_reward:-0.6808333992958069, mean_queue:1.130555510520935
intersection:9, mean_episode_reward:-0.1738889515399933, mean_queue:1.2972222566604614
intersection:10, mean_episode_reward:-0.24083341658115387, mean_queue:1.225000023841858
intersection:11, mean_episode_reward:-0.6466667652130127, mean_queue:1.0499999523162842
intersection:12, mean_episode_reward:-1.1163889169692993, mean_queue:0.9666666388511658
intersection:13, mean_episode_reward:-0.6855552792549133, mean_queue:0.9611111283302307
intersection:14, mean_episode_reward:-0.3750002086162567, mean_queue:0.7027778029441833
intersection:15, mean_episode_reward:-1.4247223138809204, mean_queue:0.925000011920929
intersection:16, mean_episode_reward:0.05166666954755783, mean_queue:0.0
intersection:17, mean_episode_reward:0.07694444805383682, mean_queue:0.0
intersection:18, mean_episode_reward:0.13944444060325623, mean_queue:0.0
intersection:19, mean_episode_reward:0.1688888967037201, mean_queue:0.0
intersection:20, mean_episode_reward:0.2288888692855835, mean_queue:0.0
intersection:21, mean_episode_reward:0.1644444465637207, mean_queue:0.0
intersection:22, mean_episode_reward:0.056111108511686325, mean_queue:0.0
intersection:23, mean_episode_reward:0.03055555559694767, mean_queue:0.0
intersection:24, mean_episode_reward:0.0672222301363945, mean_queue:0.0
intersection:25, mean_episode_reward:0.10305554419755936, mean_queue:0.0
intersection:26, mean_episode_reward:0.14527776837348938, mean_queue:0.0
intersection:27, mean_episode_reward:0.17472220957279205, mean_queue:0.0
intersection:28, mean_episode_reward:0.12861110270023346, mean_queue:0.0
intersection:29, mean_episode_reward:0.09749999642372131, mean_queue:0.0
intersection:30, mean_episode_reward:0.17638887465000153, mean_queue:0.0
intersection:31, mean_episode_reward:0.05027777701616287, mean_queue:0.0
Test step:85/200, travel time :192.02691511387164, rewards:-8.36944580078125, queue:0.515625, delay:0.03217729462517632, throughput:1449
step:3600/3600, q_loss:1.5381040573120117, rewards:-8.387501356336806, queue:0.5050347222222222, delay:0.03163161277770996, throughput:1448
episode:86/200, real avg travel time:191.76795580110496
intersection:0, mean_episode_reward:-1.2566663026809692, mean_queue:0.8833333253860474
intersection:1, mean_episode_reward:-0.7480552792549133, mean_queue:1.2361111640930176
intersection:2, mean_episode_reward:-0.6980555653572083, mean_queue:1.2166666984558105
intersection:3, mean_episode_reward:-1.6288893222808838, mean_queue:0.9472222328186035
intersection:4, mean_episode_reward:-0.6958334445953369, mean_queue:0.9611111283302307
intersection:5, mean_episode_reward:0.10138886421918869, mean_queue:0.9527778029441833
intersection:6, mean_episode_reward:0.24000003933906555, mean_queue:0.9416666626930237
intersection:7, mean_episode_reward:-0.4983333945274353, mean_queue:0.6333333253860474
intersection:8, mean_episode_reward:-0.7255554795265198, mean_queue:1.1611111164093018
intersection:9, mean_episode_reward:0.01249998901039362, mean_queue:1.0972222089767456
intersection:10, mean_episode_reward:-0.3133333921432495, mean_queue:1.2611111402511597
intersection:11, mean_episode_reward:-0.8386116623878479, mean_queue:1.2666666507720947
intersection:12, mean_episode_reward:-1.0916669368743896, mean_queue:1.0305556058883667
intersection:13, mean_episode_reward:-0.731389045715332, mean_queue:1.0138888359069824
intersection:14, mean_episode_reward:-0.2855556011199951, mean_queue:0.6555555462837219
intersection:15, mean_episode_reward:-1.2191665172576904, mean_queue:0.9027777910232544
intersection:16, mean_episode_reward:0.05277778208255768, mean_queue:0.0
intersection:17, mean_episode_reward:0.13083334267139435, mean_queue:0.0
intersection:18, mean_episode_reward:0.10500001162290573, mean_queue:0.0
intersection:19, mean_episode_reward:0.1925000101327896, mean_queue:0.0
intersection:20, mean_episode_reward:0.22638891637325287, mean_queue:0.0
intersection:21, mean_episode_reward:0.23749998211860657, mean_queue:0.0
intersection:22, mean_episode_reward:0.07527777552604675, mean_queue:0.0
intersection:23, mean_episode_reward:0.030000001192092896, mean_queue:0.0
intersection:24, mean_episode_reward:0.08000000566244125, mean_queue:0.0
intersection:25, mean_episode_reward:0.07944445312023163, mean_queue:0.0
intersection:26, mean_episode_reward:0.16083329916000366, mean_queue:0.0
intersection:27, mean_episode_reward:0.17083331942558289, mean_queue:0.0
intersection:28, mean_episode_reward:0.1386111080646515, mean_queue:0.0
intersection:29, mean_episode_reward:0.1038888692855835, mean_queue:0.0
intersection:30, mean_episode_reward:0.16499997675418854, mean_queue:0.0
intersection:31, mean_episode_reward:0.04083333909511566, mean_queue:0.0
Test step:86/200, travel time :191.22145328719722, rewards:-8.205555555555556, queue:0.5058159722222222, delay:0.031432371669345434, throughput:1445
step:3600/3600, q_loss:1.520322561264038, rewards:-8.22166748046875, queue:0.5055555555555555, delay:0.03169122536977132, throughput:1449
episode:87/200, real avg travel time:191.56728778467908
intersection:0, mean_episode_reward:-1.3233332633972168, mean_queue:1.0416666269302368
intersection:1, mean_episode_reward:-0.6324999332427979, mean_queue:0.9972222447395325
intersection:2, mean_episode_reward:-0.6305553913116455, mean_queue:1.038888931274414
intersection:3, mean_episode_reward:-1.541388988494873, mean_queue:0.8305555582046509
intersection:4, mean_episode_reward:-0.8205558657646179, mean_queue:1.1833332777023315
intersection:5, mean_episode_reward:0.0416666679084301, mean_queue:0.9750000238418579
intersection:6, mean_episode_reward:0.4208334684371948, mean_queue:0.8166666626930237
intersection:7, mean_episode_reward:-0.5555557608604431, mean_queue:0.7194444537162781
intersection:8, mean_episode_reward:-0.5583334565162659, mean_queue:1.130555510520935
intersection:9, mean_episode_reward:-0.08888888359069824, mean_queue:1.1666666269302368
intersection:10, mean_episode_reward:-0.12222221493721008, mean_queue:1.2333333492279053
intersection:11, mean_episode_reward:-1.0772219896316528, mean_queue:1.3250000476837158
intersection:12, mean_episode_reward:-1.1000003814697266, mean_queue:1.005555510520935
intersection:13, mean_episode_reward:-0.7416666746139526, mean_queue:1.149999976158142
intersection:14, mean_episode_reward:-0.5291667580604553, mean_queue:0.8055555820465088
intersection:15, mean_episode_reward:-0.971666693687439, mean_queue:0.7583333253860474
intersection:16, mean_episode_reward:0.08972222357988358, mean_queue:0.0
intersection:17, mean_episode_reward:0.12861111760139465, mean_queue:0.0
intersection:18, mean_episode_reward:0.12222221493721008, mean_queue:0.0
intersection:19, mean_episode_reward:0.24916665256023407, mean_queue:0.0
intersection:20, mean_episode_reward:0.20638887584209442, mean_queue:0.0
intersection:21, mean_episode_reward:0.18833331763744354, mean_queue:0.0
intersection:22, mean_episode_reward:0.0533333346247673, mean_queue:0.0
intersection:23, mean_episode_reward:0.021666666492819786, mean_queue:0.0
intersection:24, mean_episode_reward:0.06666667759418488, mean_queue:0.0
intersection:25, mean_episode_reward:0.08555557578802109, mean_queue:0.0
intersection:26, mean_episode_reward:0.17166663706302643, mean_queue:0.0
intersection:27, mean_episode_reward:0.18111109733581543, mean_queue:0.0
intersection:28, mean_episode_reward:0.14611110091209412, mean_queue:0.0
intersection:29, mean_episode_reward:0.09527777880430222, mean_queue:0.0
intersection:30, mean_episode_reward:0.13583332300186157, mean_queue:0.0
intersection:31, mean_episode_reward:0.0672222301363945, mean_queue:0.0
Test step:87/200, travel time :189.77900552486187, rewards:-8.246388753255209, queue:0.4831597222222222, delay:0.03022611141204834, throughput:1448
step:3600/3600, q_loss:1.5144881010055542, rewards:-8.489444986979167, queue:0.5079861111111111, delay:0.03184716436598036, throughput:1448
episode:88/200, real avg travel time:191.62292817679557
intersection:0, mean_episode_reward:-1.3113889694213867, mean_queue:0.9861111044883728
intersection:1, mean_episode_reward:-0.6330555081367493, mean_queue:1.0305556058883667
intersection:2, mean_episode_reward:-0.8319441676139832, mean_queue:1.3666666746139526
intersection:3, mean_episode_reward:-1.60972261428833, mean_queue:0.980555534362793
intersection:4, mean_episode_reward:-0.5719444751739502, mean_queue:1.0472222566604614
intersection:5, mean_episode_reward:-0.08972225338220596, mean_queue:1.0138888359069824
intersection:6, mean_episode_reward:0.37611106038093567, mean_queue:0.8416666388511658
intersection:7, mean_episode_reward:-0.5380556583404541, mean_queue:0.7111111283302307
intersection:8, mean_episode_reward:-0.7311110496520996, mean_queue:1.2611111402511597
intersection:9, mean_episode_reward:-0.009722243063151836, mean_queue:1.25
intersection:10, mean_episode_reward:-0.16472217440605164, mean_queue:1.1611111164093018
intersection:11, mean_episode_reward:-0.759722113609314, mean_queue:1.0111111402511597
intersection:12, mean_episode_reward:-1.196110725402832, mean_queue:0.9722222089767456
intersection:13, mean_episode_reward:-0.7255555987358093, mean_queue:1.0583332777023315
intersection:14, mean_episode_reward:-0.37083327770233154, mean_queue:0.7333333492279053
intersection:15, mean_episode_reward:-1.1927781105041504, mean_queue:0.8305555582046509
intersection:16, mean_episode_reward:0.06138889491558075, mean_queue:0.0
intersection:17, mean_episode_reward:0.07055556029081345, mean_queue:0.0
intersection:18, mean_episode_reward:0.12277776747941971, mean_queue:0.0
intersection:19, mean_episode_reward:0.20027774572372437, mean_queue:0.0
intersection:20, mean_episode_reward:0.23805557191371918, mean_queue:0.0
intersection:21, mean_episode_reward:0.18111109733581543, mean_queue:0.0
intersection:22, mean_episode_reward:0.06972222030162811, mean_queue:0.0
intersection:23, mean_episode_reward:0.02361111156642437, mean_queue:0.0
intersection:24, mean_episode_reward:0.05027777701616287, mean_queue:0.0
intersection:25, mean_episode_reward:0.07722222805023193, mean_queue:0.0
intersection:26, mean_episode_reward:0.17388884723186493, mean_queue:0.0
intersection:27, mean_episode_reward:0.18833334743976593, mean_queue:0.0
intersection:28, mean_episode_reward:0.09805555641651154, mean_queue:0.0
intersection:29, mean_episode_reward:0.11861108988523483, mean_queue:0.0
intersection:30, mean_episode_reward:0.13777777552604675, mean_queue:0.0
intersection:31, mean_episode_reward:0.05916667357087135, mean_queue:0.0
Test step:88/200, travel time :191.0745856353591, rewards:-8.368611653645834, queue:0.4934895833333333, delay:0.03090084128909641, throughput:1448
step:3600/3600, q_loss:1.5187145471572876, rewards:-8.303610568576389, queue:0.5012152777777777, delay:0.03200937377081977, throughput:1449
episode:89/200, real avg travel time:191.30020703933747
intersection:0, mean_episode_reward:-1.3358333110809326, mean_queue:1.0027778148651123
intersection:1, mean_episode_reward:-0.5841664671897888, mean_queue:0.949999988079071
intersection:2, mean_episode_reward:-0.7083331942558289, mean_queue:1.1666666269302368
intersection:3, mean_episode_reward:-1.5433332920074463, mean_queue:0.8611111044883728
intersection:4, mean_episode_reward:-0.7869446873664856, mean_queue:1.130555510520935
intersection:5, mean_episode_reward:0.08222219347953796, mean_queue:0.9194444417953491
intersection:6, mean_episode_reward:0.23333337903022766, mean_queue:0.9888888597488403
intersection:7, mean_episode_reward:-0.6594444513320923, mean_queue:0.7749999761581421
intersection:8, mean_episode_reward:-0.6636112928390503, mean_queue:1.2194443941116333
intersection:9, mean_episode_reward:-0.27583327889442444, mean_queue:1.3222222328186035
intersection:10, mean_episode_reward:0.14944450557231903, mean_queue:1.019444465637207
intersection:11, mean_episode_reward:-0.9961108565330505, mean_queue:1.255555510520935
intersection:12, mean_episode_reward:-1.1269441843032837, mean_queue:0.9638888835906982
intersection:13, mean_episode_reward:-0.4933334290981293, mean_queue:0.9055555462837219
intersection:14, mean_episode_reward:-0.39333322644233704, mean_queue:0.7027778029441833
intersection:15, mean_episode_reward:-1.255833387374878, mean_queue:0.855555534362793
intersection:16, mean_episode_reward:0.056111112236976624, mean_queue:0.0
intersection:17, mean_episode_reward:0.12388889491558075, mean_queue:0.0
intersection:18, mean_episode_reward:0.11055555194616318, mean_queue:0.0
intersection:19, mean_episode_reward:0.22055551409721375, mean_queue:0.0
intersection:20, mean_episode_reward:0.24888888001441956, mean_queue:0.0
intersection:21, mean_episode_reward:0.17750000953674316, mean_queue:0.0
intersection:22, mean_episode_reward:0.08138888329267502, mean_queue:0.0
intersection:23, mean_episode_reward:0.03333333507180214, mean_queue:0.0
intersection:24, mean_episode_reward:0.06416666507720947, mean_queue:0.0
intersection:25, mean_episode_reward:0.08027778565883636, mean_queue:0.0
intersection:26, mean_episode_reward:0.16944442689418793, mean_queue:0.0
intersection:27, mean_episode_reward:0.189444437623024, mean_queue:0.0
intersection:28, mean_episode_reward:0.1158333271741867, mean_queue:0.0
intersection:29, mean_episode_reward:0.12111108750104904, mean_queue:0.0
intersection:30, mean_episode_reward:0.2055555284023285, mean_queue:0.0
intersection:31, mean_episode_reward:0.056388892233371735, mean_queue:0.0
Test step:89/200, travel time :191.86689655172412, rewards:-8.384722222222223, queue:0.5072916666666667, delay:0.03171258767445882, throughput:1450
step:3600/3600, q_loss:1.5403181314468384, rewards:-8.442500135633681, queue:0.49236111111111114, delay:0.030514113108317056, throughput:1449
episode:90/200, real avg travel time:190.5783298826777
intersection:0, mean_episode_reward:-1.1516661643981934, mean_queue:0.8472222089767456
intersection:1, mean_episode_reward:-0.7852779626846313, mean_queue:1.0944443941116333
intersection:2, mean_episode_reward:-0.7547222375869751, mean_queue:1.1361111402511597
intersection:3, mean_episode_reward:-1.622499942779541, mean_queue:0.9111111164093018
intersection:4, mean_episode_reward:-0.6977779865264893, mean_queue:0.9388889074325562
intersection:5, mean_episode_reward:0.06388888508081436, mean_queue:0.949999988079071
intersection:6, mean_episode_reward:0.25333335995674133, mean_queue:0.7805555462837219
intersection:7, mean_episode_reward:-0.44027772545814514, mean_queue:0.6361111402511597
intersection:8, mean_episode_reward:-0.7077776789665222, mean_queue:1.2361111640930176
intersection:9, mean_episode_reward:-0.10388891398906708, mean_queue:1.2722222805023193
intersection:10, mean_episode_reward:-0.3402778208255768, mean_queue:1.25
intersection:11, mean_episode_reward:-0.621666669845581, mean_queue:1.086111068725586
intersection:12, mean_episode_reward:-1.0200002193450928, mean_queue:0.9194444417953491
intersection:13, mean_episode_reward:-0.7197221517562866, mean_queue:1.038888931274414
intersection:14, mean_episode_reward:-0.487222284078598, mean_queue:0.75
intersection:15, mean_episode_reward:-1.351666808128357, mean_queue:0.9083333611488342
intersection:16, mean_episode_reward:0.05305555835366249, mean_queue:0.0
intersection:17, mean_episode_reward:0.10833333432674408, mean_queue:0.0
intersection:18, mean_episode_reward:0.12777777016162872, mean_queue:0.0
intersection:19, mean_episode_reward:0.15555556118488312, mean_queue:0.0
intersection:20, mean_episode_reward:0.2241666615009308, mean_queue:0.0
intersection:21, mean_episode_reward:0.2752777636051178, mean_queue:0.0
intersection:22, mean_episode_reward:0.046388886868953705, mean_queue:0.0
intersection:23, mean_episode_reward:0.0347222238779068, mean_queue:0.0
intersection:24, mean_episode_reward:0.04611111804842949, mean_queue:0.0
intersection:25, mean_episode_reward:0.1019444465637207, mean_queue:0.0
intersection:26, mean_episode_reward:0.1969444453716278, mean_queue:0.0
intersection:27, mean_episode_reward:0.18388888239860535, mean_queue:0.0
intersection:28, mean_episode_reward:0.12388888746500015, mean_queue:0.0
intersection:29, mean_episode_reward:0.09444443136453629, mean_queue:0.0
intersection:30, mean_episode_reward:0.21166664361953735, mean_queue:0.0
intersection:31, mean_episode_reward:0.060555558651685715, mean_queue:0.0
Test step:90/200, travel time :191.79737206085753, rewards:-8.452499728732638, queue:0.5138888888888888, delay:0.03172977765401205, throughput:1446
step:3600/3600, q_loss:1.5157124996185303, rewards:-8.606944444444444, queue:0.5145833333333333, delay:0.03168145020802816, throughput:1446
episode:91/200, real avg travel time:191.78976486860304
intersection:0, mean_episode_reward:-1.3033331632614136, mean_queue:0.8916666507720947
intersection:1, mean_episode_reward:-0.6850000023841858, mean_queue:1.105555534362793
intersection:2, mean_episode_reward:-0.7163890600204468, mean_queue:1.2472221851348877
intersection:3, mean_episode_reward:-1.5594439506530762, mean_queue:0.9527778029441833
intersection:4, mean_episode_reward:-0.7027781009674072, mean_queue:1.0694444179534912
intersection:5, mean_episode_reward:0.045833345502614975, mean_queue:1.0083333253860474
intersection:6, mean_episode_reward:0.29888883233070374, mean_queue:1.0027778148651123
intersection:7, mean_episode_reward:-0.4811110198497772, mean_queue:0.7111111283302307
intersection:8, mean_episode_reward:-0.6952779293060303, mean_queue:1.1333333253860474
intersection:9, mean_episode_reward:-0.18194440007209778, mean_queue:1.2638888359069824
intersection:10, mean_episode_reward:-0.22861114144325256, mean_queue:1.1805555820465088
intersection:11, mean_episode_reward:-0.778333306312561, mean_queue:1.1805555820465088
intersection:12, mean_episode_reward:-1.183333158493042, mean_queue:1.0638889074325562
intersection:13, mean_episode_reward:-0.6355559229850769, mean_queue:1.0833333730697632
intersection:14, mean_episode_reward:-0.43388858437538147, mean_queue:0.7083333134651184
intersection:15, mean_episode_reward:-1.2594447135925293, mean_queue:0.8638888597488403
intersection:16, mean_episode_reward:0.04361111670732498, mean_queue:0.0
intersection:17, mean_episode_reward:0.059166669845581055, mean_queue:0.0
intersection:18, mean_episode_reward:0.10277777910232544, mean_queue:0.0
intersection:19, mean_episode_reward:0.20638886094093323, mean_queue:0.0
intersection:20, mean_episode_reward:0.23000000417232513, mean_queue:0.0
intersection:21, mean_episode_reward:0.20249998569488525, mean_queue:0.0
intersection:22, mean_episode_reward:0.09916666895151138, mean_queue:0.0
intersection:23, mean_episode_reward:0.025555554777383804, mean_queue:0.0
intersection:24, mean_episode_reward:0.05861111730337143, mean_queue:0.0
intersection:25, mean_episode_reward:0.0925000011920929, mean_queue:0.0
intersection:26, mean_episode_reward:0.17527776956558228, mean_queue:0.0
intersection:27, mean_episode_reward:0.1852777898311615, mean_queue:0.0
intersection:28, mean_episode_reward:0.1041666567325592, mean_queue:0.0
intersection:29, mean_episode_reward:0.11222220212221146, mean_queue:0.0
intersection:30, mean_episode_reward:0.14722219109535217, mean_queue:0.0
intersection:31, mean_episode_reward:0.048333339393138885, mean_queue:0.0
Test step:91/200, travel time :192.2472375690608, rewards:-8.230000813802084, queue:0.5153645833333333, delay:0.0321592198477851, throughput:1448
step:3600/3600, q_loss:1.4878946542739868, rewards:-8.375832790798611, queue:0.5105902777777778, delay:0.0321811146206326, throughput:1449
episode:92/200, real avg travel time:192.43547273982057
intersection:0, mean_episode_reward:-1.20638906955719, mean_queue:0.8305555582046509
intersection:1, mean_episode_reward:-0.7366666793823242, mean_queue:1.1222221851348877
intersection:2, mean_episode_reward:-0.6008332967758179, mean_queue:1.1138888597488403
intersection:3, mean_episode_reward:-1.5094448328018188, mean_queue:0.8833333253860474
intersection:4, mean_episode_reward:-0.7561113238334656, mean_queue:1.1166666746139526
intersection:5, mean_episode_reward:0.10999996215105057, mean_queue:0.9972222447395325
intersection:6, mean_episode_reward:0.08499997854232788, mean_queue:1.0472222566604614
intersection:7, mean_episode_reward:-0.3880555331707001, mean_queue:0.6638888716697693
intersection:8, mean_episode_reward:-0.5583330392837524, mean_queue:1.1611111164093018
intersection:9, mean_episode_reward:-0.3591665029525757, mean_queue:1.4166666269302368
intersection:10, mean_episode_reward:-0.4122222065925598, mean_queue:1.2805556058883667
intersection:11, mean_episode_reward:-0.6497220993041992, mean_queue:1.0444444417953491
intersection:12, mean_episode_reward:-1.3847219944000244, mean_queue:1.1805555820465088
intersection:13, mean_episode_reward:-0.4794445037841797, mean_queue:0.9444444179534912
intersection:14, mean_episode_reward:-0.3636108338832855, mean_queue:0.6638888716697693
intersection:15, mean_episode_reward:-1.2674998044967651, mean_queue:0.8722222447395325
intersection:16, mean_episode_reward:0.056388888508081436, mean_queue:0.0
intersection:17, mean_episode_reward:0.11027777194976807, mean_queue:0.0
intersection:18, mean_episode_reward:0.10499999672174454, mean_queue:0.0
intersection:19, mean_episode_reward:0.22833333909511566, mean_queue:0.0
intersection:20, mean_episode_reward:0.22138892114162445, mean_queue:0.0
intersection:21, mean_episode_reward:0.2722221910953522, mean_queue:0.0
intersection:22, mean_episode_reward:0.09194446355104446, mean_queue:0.0
intersection:23, mean_episode_reward:0.03222222253680229, mean_queue:0.0
intersection:24, mean_episode_reward:0.06361110508441925, mean_queue:0.0
intersection:25, mean_episode_reward:0.1319444328546524, mean_queue:0.0
intersection:26, mean_episode_reward:0.19861111044883728, mean_queue:0.0
intersection:27, mean_episode_reward:0.1736111342906952, mean_queue:0.0
intersection:28, mean_episode_reward:0.11305554956197739, mean_queue:0.0
intersection:29, mean_episode_reward:0.09861110150814056, mean_queue:0.0
intersection:30, mean_episode_reward:0.12111110985279083, mean_queue:0.0
intersection:31, mean_episode_reward:0.08305556327104568, mean_queue:0.0
Test step:92/200, travel time :190.37060041407867, rewards:-8.445555962456597, queue:0.4896701388888889, delay:0.030699160363939073, throughput:1449
step:3600/3600, q_loss:1.4854191541671753, rewards:-8.403055826822916, queue:0.5020833333333333, delay:0.030632069375779895, throughput:1447
episode:93/200, real avg travel time:190.72633033863164
intersection:0, mean_episode_reward:-1.2272224426269531, mean_queue:0.8805555701255798
intersection:1, mean_episode_reward:-0.6733332872390747, mean_queue:1.005555510520935
intersection:2, mean_episode_reward:-0.6383334994316101, mean_queue:1.149999976158142
intersection:3, mean_episode_reward:-1.36305570602417, mean_queue:0.7944444417953491
intersection:4, mean_episode_reward:-0.9122222661972046, mean_queue:1.2722222805023193
intersection:5, mean_episode_reward:0.1361110806465149, mean_queue:0.8611111044883728
intersection:6, mean_episode_reward:0.397500216960907, mean_queue:0.9277777671813965
intersection:7, mean_episode_reward:-0.6033334732055664, mean_queue:0.7027778029441833
intersection:8, mean_episode_reward:-0.4558335244655609, mean_queue:1.1416666507720947
intersection:9, mean_episode_reward:-0.3305554986000061, mean_queue:1.1972222328186035
intersection:10, mean_episode_reward:-0.367499977350235, mean_queue:1.2361111640930176
intersection:11, mean_episode_reward:-0.6030555367469788, mean_queue:1.038888931274414
intersection:12, mean_episode_reward:-1.239166498184204, mean_queue:1.0944443941116333
intersection:13, mean_episode_reward:-0.6458337306976318, mean_queue:1.0
intersection:14, mean_episode_reward:-0.3725000023841858, mean_queue:0.7444444298744202
intersection:15, mean_episode_reward:-1.481665849685669, mean_queue:1.019444465637207
intersection:16, mean_episode_reward:0.057777781039476395, mean_queue:0.0
intersection:17, mean_episode_reward:0.1550000011920929, mean_queue:0.0
intersection:18, mean_episode_reward:0.12277776747941971, mean_queue:0.0
intersection:19, mean_episode_reward:0.1899999976158142, mean_queue:0.0
intersection:20, mean_episode_reward:0.21666671335697174, mean_queue:0.0
intersection:21, mean_episode_reward:0.1805555522441864, mean_queue:0.0
intersection:22, mean_episode_reward:0.06805555522441864, mean_queue:0.0
intersection:23, mean_episode_reward:0.02666666731238365, mean_queue:0.0
intersection:24, mean_episode_reward:0.0741666704416275, mean_queue:0.0
intersection:25, mean_episode_reward:0.0972222089767456, mean_queue:0.0
intersection:26, mean_episode_reward:0.17249996960163116, mean_queue:0.0
intersection:27, mean_episode_reward:0.17000001668930054, mean_queue:0.0
intersection:28, mean_episode_reward:0.11749999970197678, mean_queue:0.0
intersection:29, mean_episode_reward:0.09444443136453629, mean_queue:0.0
intersection:30, mean_episode_reward:0.16777776181697845, mean_queue:0.0
intersection:31, mean_episode_reward:0.06583333760499954, mean_queue:0.0
Test step:93/200, travel time :191.38009675190048, rewards:-8.272779676649305, queue:0.50234375, delay:0.0312925656636556, throughput:1447
step:3600/3600, q_loss:1.4111050367355347, rewards:-8.328889973958333, queue:0.4908854166666667, delay:0.030354319678412543, throughput:1448
episode:94/200, real avg travel time:190.5538674033149
intersection:0, mean_episode_reward:-1.3661110401153564, mean_queue:0.8888888955116272
intersection:1, mean_episode_reward:-0.6097218990325928, mean_queue:0.8777777552604675
intersection:2, mean_episode_reward:-0.6211110353469849, mean_queue:1.0750000476837158
intersection:3, mean_episode_reward:-1.550555944442749, mean_queue:0.949999988079071
intersection:4, mean_episode_reward:-0.7480559349060059, mean_queue:1.019444465637207
intersection:5, mean_episode_reward:0.02361111342906952, mean_queue:0.9083333611488342
intersection:6, mean_episode_reward:0.32750004529953003, mean_queue:0.9083333611488342
intersection:7, mean_episode_reward:-0.5033334493637085, mean_queue:0.7749999761581421
intersection:8, mean_episode_reward:-0.3530554175376892, mean_queue:0.9166666865348816
intersection:9, mean_episode_reward:-0.24249985814094543, mean_queue:1.3305555582046509
intersection:10, mean_episode_reward:-0.3702778220176697, mean_queue:1.3277777433395386
intersection:11, mean_episode_reward:-0.566388726234436, mean_queue:1.0638889074325562
intersection:12, mean_episode_reward:-1.5180555582046509, mean_queue:1.144444465637207
intersection:13, mean_episode_reward:-0.4916667938232422, mean_queue:0.9444444179534912
intersection:14, mean_episode_reward:-0.4016668200492859, mean_queue:0.730555534362793
intersection:15, mean_episode_reward:-1.268333911895752, mean_queue:0.8472222089767456
intersection:16, mean_episode_reward:0.048055559396743774, mean_queue:0.0
intersection:17, mean_episode_reward:0.16944444179534912, mean_queue:0.0
intersection:18, mean_episode_reward:0.1111110970377922, mean_queue:0.0
intersection:19, mean_episode_reward:0.23055553436279297, mean_queue:0.0
intersection:20, mean_episode_reward:0.23055557906627655, mean_queue:0.0
intersection:21, mean_episode_reward:0.16527776420116425, mean_queue:0.0
intersection:22, mean_episode_reward:0.06666667014360428, mean_queue:0.0
intersection:23, mean_episode_reward:0.021666666492819786, mean_queue:0.0
intersection:24, mean_episode_reward:0.06972222030162811, mean_queue:0.0
intersection:25, mean_episode_reward:0.07833333313465118, mean_queue:0.0
intersection:26, mean_episode_reward:0.14861108362674713, mean_queue:0.0
intersection:27, mean_episode_reward:0.17305555939674377, mean_queue:0.0
intersection:28, mean_episode_reward:0.12888887524604797, mean_queue:0.0
intersection:29, mean_episode_reward:0.10777776688337326, mean_queue:0.0
intersection:30, mean_episode_reward:0.12444444000720978, mean_queue:0.0
intersection:31, mean_episode_reward:0.056666672229766846, mean_queue:0.0
Test step:94/200, travel time :192.27090532135452, rewards:-8.266389973958333, queue:0.5211805555555555, delay:0.03264502419365777, throughput:1447
step:3600/3600, q_loss:1.3290389776229858, rewards:-8.60388929578993, queue:0.5015625, delay:0.03076758649614122, throughput:1449
episode:95/200, real avg travel time:191.76328502415458
intersection:0, mean_episode_reward:-1.295277714729309, mean_queue:0.9055555462837219
intersection:1, mean_episode_reward:-0.5505556464195251, mean_queue:0.9388889074325562
intersection:2, mean_episode_reward:-0.5727776885032654, mean_queue:1.0916666984558105
intersection:3, mean_episode_reward:-1.6563888788223267, mean_queue:0.925000011920929
intersection:4, mean_episode_reward:-0.7475001215934753, mean_queue:0.9083333611488342
intersection:5, mean_episode_reward:0.04750000685453415, mean_queue:0.9305555820465088
intersection:6, mean_episode_reward:0.24111106991767883, mean_queue:0.9472222328186035
intersection:7, mean_episode_reward:-0.42944446206092834, mean_queue:0.6361111402511597
intersection:8, mean_episode_reward:-0.6555555462837219, mean_queue:1.1361111402511597
intersection:9, mean_episode_reward:-0.33500003814697266, mean_queue:1.4249999523162842
intersection:10, mean_episode_reward:-0.185555562376976, mean_queue:1.3416666984558105
intersection:11, mean_episode_reward:-0.57750004529953, mean_queue:1.100000023841858
intersection:12, mean_episode_reward:-1.2625001668930054, mean_queue:1.0750000476837158
intersection:13, mean_episode_reward:-0.5341669917106628, mean_queue:0.9972222447395325
intersection:14, mean_episode_reward:-0.5149999260902405, mean_queue:0.7555555701255798
intersection:15, mean_episode_reward:-1.4916666746139526, mean_queue:0.9361110925674438
intersection:16, mean_episode_reward:0.058055561035871506, mean_queue:0.0
intersection:17, mean_episode_reward:0.0994444340467453, mean_queue:0.0
intersection:18, mean_episode_reward:0.13527776300907135, mean_queue:0.0
intersection:19, mean_episode_reward:0.19861111044883728, mean_queue:0.0
intersection:20, mean_episode_reward:0.21833333373069763, mean_queue:0.0
intersection:21, mean_episode_reward:0.19861111044883728, mean_queue:0.0
intersection:22, mean_episode_reward:0.04277777671813965, mean_queue:0.0
intersection:23, mean_episode_reward:0.02611110918223858, mean_queue:0.0
intersection:24, mean_episode_reward:0.03888889029622078, mean_queue:0.0
intersection:25, mean_episode_reward:0.09222223609685898, mean_queue:0.0
intersection:26, mean_episode_reward:0.20694442093372345, mean_queue:0.0
intersection:27, mean_episode_reward:0.16722221672534943, mean_queue:0.0
intersection:28, mean_episode_reward:0.10361109673976898, mean_queue:0.0
intersection:29, mean_episode_reward:0.10694444179534912, mean_queue:0.0
intersection:30, mean_episode_reward:0.13055554032325745, mean_queue:0.0
intersection:31, mean_episode_reward:0.092777781188488, mean_queue:0.0
Test step:95/200, travel time :192.14344827586206, rewards:-8.743611653645834, queue:0.5060763888888888, delay:0.03178702460394965, throughput:1450
step:3600/3600, q_loss:1.328292727470398, rewards:-8.543332248263889, queue:0.48932291666666666, delay:0.03037296930948893, throughput:1450
episode:96/200, real avg travel time:190.25172413793103
intersection:0, mean_episode_reward:-1.436944603919983, mean_queue:1.0027778148651123
intersection:1, mean_episode_reward:-0.6286109685897827, mean_queue:1.0638889074325562
intersection:2, mean_episode_reward:-0.8141666650772095, mean_queue:1.2166666984558105
intersection:3, mean_episode_reward:-1.4977785348892212, mean_queue:0.8361111283302307
intersection:4, mean_episode_reward:-0.5436112880706787, mean_queue:0.9694444537162781
intersection:5, mean_episode_reward:-0.06250002235174179, mean_queue:0.9777777791023254
intersection:6, mean_episode_reward:0.35333332419395447, mean_queue:0.8027777671813965
intersection:7, mean_episode_reward:-0.5627776384353638, mean_queue:0.6916666626930237
intersection:8, mean_episode_reward:-0.6652776598930359, mean_queue:1.1972222328186035
intersection:9, mean_episode_reward:-0.13750000298023224, mean_queue:1.2388888597488403
intersection:10, mean_episode_reward:-0.16277770698070526, mean_queue:1.1361111402511597
intersection:11, mean_episode_reward:-0.71611088514328, mean_queue:1.024999976158142
intersection:12, mean_episode_reward:-1.3566668033599854, mean_queue:1.1222221851348877
intersection:13, mean_episode_reward:-0.6650000214576721, mean_queue:0.9638888835906982
intersection:14, mean_episode_reward:-0.4286109209060669, mean_queue:0.6722221970558167
intersection:15, mean_episode_reward:-1.164443850517273, mean_queue:0.7416666746139526
intersection:16, mean_episode_reward:0.053888894617557526, mean_queue:0.0
intersection:17, mean_episode_reward:0.07944445312023163, mean_queue:0.0
intersection:18, mean_episode_reward:0.11055555194616318, mean_queue:0.0
intersection:19, mean_episode_reward:0.22611114382743835, mean_queue:0.0
intersection:20, mean_episode_reward:0.23305551707744598, mean_queue:0.0
intersection:21, mean_episode_reward:0.19638888537883759, mean_queue:0.0
intersection:22, mean_episode_reward:0.04555555433034897, mean_queue:0.0
intersection:23, mean_episode_reward:0.030277777463197708, mean_queue:0.0
intersection:24, mean_episode_reward:0.06361111998558044, mean_queue:0.0
intersection:25, mean_episode_reward:0.07805556803941727, mean_queue:0.0
intersection:26, mean_episode_reward:0.1661110818386078, mean_queue:0.0
intersection:27, mean_episode_reward:0.16861110925674438, mean_queue:0.0
intersection:28, mean_episode_reward:0.11722221225500107, mean_queue:0.0
intersection:29, mean_episode_reward:0.14638888835906982, mean_queue:0.0
intersection:30, mean_episode_reward:0.16777777671813965, mean_queue:0.0
intersection:31, mean_episode_reward:0.06305555999279022, mean_queue:0.0
Test step:96/200, travel time :190.4120082815735, rewards:-8.484999593098959, queue:0.48541666666666666, delay:0.030280484093560114, throughput:1449
step:3600/3600, q_loss:1.3168760538101196, rewards:-8.483612738715278, queue:0.48776041666666664, delay:0.03026607566409641, throughput:1450
episode:97/200, real avg travel time:190.31862068965518
intersection:0, mean_episode_reward:-1.4711118936538696, mean_queue:1.0111111402511597
intersection:1, mean_episode_reward:-0.5755554437637329, mean_queue:0.9361110925674438
intersection:2, mean_episode_reward:-0.7644447088241577, mean_queue:1.0944443941116333
intersection:3, mean_episode_reward:-1.5638892650604248, mean_queue:0.9222221970558167
intersection:4, mean_episode_reward:-0.6291667222976685, mean_queue:0.9722222089767456
intersection:5, mean_episode_reward:0.13111115992069244, mean_queue:0.9138888716697693
intersection:6, mean_episode_reward:0.21638885140419006, mean_queue:0.9166666865348816
intersection:7, mean_episode_reward:-0.4869444668292999, mean_queue:0.644444465637207
intersection:8, mean_episode_reward:-0.5705556869506836, mean_queue:1.163888931274414
intersection:9, mean_episode_reward:-0.09805554151535034, mean_queue:1.2583333253860474
intersection:10, mean_episode_reward:-0.2341667115688324, mean_queue:1.2638888359069824
intersection:11, mean_episode_reward:-0.5425000786781311, mean_queue:1.0305556058883667
intersection:12, mean_episode_reward:-1.2544440031051636, mean_queue:0.9722222089767456
intersection:13, mean_episode_reward:-0.816111147403717, mean_queue:0.9277777671813965
intersection:14, mean_episode_reward:-0.4463886320590973, mean_queue:0.6666666865348816
intersection:15, mean_episode_reward:-1.387222409248352, mean_queue:0.9138888716697693
intersection:16, mean_episode_reward:0.07694444805383682, mean_queue:0.0
intersection:17, mean_episode_reward:0.14027777314186096, mean_queue:0.0
intersection:18, mean_episode_reward:0.1297222226858139, mean_queue:0.0
intersection:19, mean_episode_reward:0.1852777749300003, mean_queue:0.0
intersection:20, mean_episode_reward:0.22611109912395477, mean_queue:0.0
intersection:21, mean_episode_reward:0.18638886511325836, mean_queue:0.0
intersection:22, mean_episode_reward:0.05138888955116272, mean_queue:0.0
intersection:23, mean_episode_reward:0.034166667610406876, mean_queue:0.0
intersection:24, mean_episode_reward:0.07250000536441803, mean_queue:0.0
intersection:25, mean_episode_reward:0.1158333271741867, mean_queue:0.0
intersection:26, mean_episode_reward:0.1849999725818634, mean_queue:0.0
intersection:27, mean_episode_reward:0.17833329737186432, mean_queue:0.0
intersection:28, mean_episode_reward:0.11277777701616287, mean_queue:0.0
intersection:29, mean_episode_reward:0.11305553466081619, mean_queue:0.0
intersection:30, mean_episode_reward:0.1413888782262802, mean_queue:0.0
intersection:31, mean_episode_reward:0.060277778655290604, mean_queue:0.0
Test step:97/200, travel time :191.26275862068965, rewards:-8.594723849826389, queue:0.4964409722222222, delay:0.031185592545403373, throughput:1450
step:3600/3600, q_loss:1.315793752670288, rewards:-8.568054877387153, queue:0.48854166666666665, delay:0.030091820822821722, throughput:1448
episode:98/200, real avg travel time:190.6277624309392
intersection:0, mean_episode_reward:-1.2925000190734863, mean_queue:0.925000011920929
intersection:1, mean_episode_reward:-0.6055554747581482, mean_queue:0.8666666746139526
intersection:2, mean_episode_reward:-0.7025002241134644, mean_queue:1.1166666746139526
intersection:3, mean_episode_reward:-1.6388885974884033, mean_queue:0.8972222208976746
intersection:4, mean_episode_reward:-0.6900001764297485, mean_queue:1.019444465637207
intersection:5, mean_episode_reward:0.08888892829418182, mean_queue:0.8777777552604675
intersection:6, mean_episode_reward:0.03444444015622139, mean_queue:0.9416666626930237
intersection:7, mean_episode_reward:-0.4541665315628052, mean_queue:0.6666666865348816
intersection:8, mean_episode_reward:-0.5688889622688293, mean_queue:1.1749999523162842
intersection:9, mean_episode_reward:-0.517777681350708, mean_queue:1.4055556058883667
intersection:10, mean_episode_reward:0.11472225189208984, mean_queue:1.0611110925674438
intersection:11, mean_episode_reward:-0.8225002884864807, mean_queue:1.1805555820465088
intersection:12, mean_episode_reward:-1.2758327722549438, mean_queue:1.024999976158142
intersection:13, mean_episode_reward:-0.5602779984474182, mean_queue:0.894444465637207
intersection:14, mean_episode_reward:-0.6061110496520996, mean_queue:0.8194444179534912
intersection:15, mean_episode_reward:-1.083611011505127, mean_queue:0.7611111402511597
intersection:16, mean_episode_reward:0.07833333313465118, mean_queue:0.0
intersection:17, mean_episode_reward:0.16249999403953552, mean_queue:0.0
intersection:18, mean_episode_reward:0.11388888955116272, mean_queue:0.0
intersection:19, mean_episode_reward:0.18916666507720947, mean_queue:0.0
intersection:20, mean_episode_reward:0.21777775883674622, mean_queue:0.0
intersection:21, mean_episode_reward:0.19388887286186218, mean_queue:0.0
intersection:22, mean_episode_reward:0.0808333307504654, mean_queue:0.0
intersection:23, mean_episode_reward:0.02638888917863369, mean_queue:0.0
intersection:24, mean_episode_reward:0.05027778446674347, mean_queue:0.0
intersection:25, mean_episode_reward:0.08416666090488434, mean_queue:0.0
intersection:26, mean_episode_reward:0.18222220242023468, mean_queue:0.0
intersection:27, mean_episode_reward:0.17222222685813904, mean_queue:0.0
intersection:28, mean_episode_reward:0.11555555462837219, mean_queue:0.0
intersection:29, mean_episode_reward:0.11305553466081619, mean_queue:0.0
intersection:30, mean_episode_reward:0.17472220957279205, mean_queue:0.0
intersection:31, mean_episode_reward:0.057500001043081284, mean_queue:0.0
Test step:98/200, travel time :191.055900621118, rewards:-8.359722222222222, queue:0.48776041666666664, delay:0.03056992424858941, throughput:1449
step:3600/3600, q_loss:1.3396663665771484, rewards:-8.307501898871529, queue:0.49227430555555557, delay:0.030921268463134765, throughput:1450
episode:99/200, real avg travel time:191.01379310344828
intersection:0, mean_episode_reward:-1.3008331060409546, mean_queue:0.9694444537162781
intersection:1, mean_episode_reward:-0.5969443321228027, mean_queue:0.9694444537162781
intersection:2, mean_episode_reward:-0.6366665363311768, mean_queue:1.0222222805023193
intersection:3, mean_episode_reward:-1.7319451570510864, mean_queue:1.0666667222976685
intersection:4, mean_episode_reward:-0.7333336472511292, mean_queue:1.0583332777023315
intersection:5, mean_episode_reward:0.04777779057621956, mean_queue:0.9944444298744202
intersection:6, mean_episode_reward:-0.07805556058883667, mean_queue:0.9083333611488342
intersection:7, mean_episode_reward:-0.3291666805744171, mean_queue:0.6472222208976746
intersection:8, mean_episode_reward:-0.71916663646698, mean_queue:1.3611111640930176
intersection:9, mean_episode_reward:0.025833291932940483, mean_queue:1.2083333730697632
intersection:10, mean_episode_reward:0.07777772843837738, mean_queue:0.9972222447395325
intersection:11, mean_episode_reward:-0.5891666412353516, mean_queue:1.0694444179534912
intersection:12, mean_episode_reward:-1.1369448900222778, mean_queue:0.9277777671813965
intersection:13, mean_episode_reward:-0.8122224807739258, mean_queue:1.038888931274414
intersection:14, mean_episode_reward:-0.5736110806465149, mean_queue:0.7416666746139526
intersection:15, mean_episode_reward:-1.220833659172058, mean_queue:0.7722222208976746
intersection:16, mean_episode_reward:0.08527778834104538, mean_queue:0.0
intersection:17, mean_episode_reward:0.18777777254581451, mean_queue:0.0
intersection:18, mean_episode_reward:0.17444443702697754, mean_queue:0.0
intersection:19, mean_episode_reward:0.16055554151535034, mean_queue:0.0
intersection:20, mean_episode_reward:0.2286110818386078, mean_queue:0.0
intersection:21, mean_episode_reward:0.1644444614648819, mean_queue:0.0
intersection:22, mean_episode_reward:0.048333339393138885, mean_queue:0.0
intersection:23, mean_episode_reward:0.021666666492819786, mean_queue:0.0
intersection:24, mean_episode_reward:0.06138889491558075, mean_queue:0.0
intersection:25, mean_episode_reward:0.09666666388511658, mean_queue:0.0
intersection:26, mean_episode_reward:0.2013888657093048, mean_queue:0.0
intersection:27, mean_episode_reward:0.16833333671092987, mean_queue:0.0
intersection:28, mean_episode_reward:0.10722220689058304, mean_queue:0.0
intersection:29, mean_episode_reward:0.12583331763744354, mean_queue:0.0
intersection:30, mean_episode_reward:0.11055554449558258, mean_queue:0.0
intersection:31, mean_episode_reward:0.05750000849366188, mean_queue:0.0
Test step:99/200, travel time :189.37707182320443, rewards:-8.800275336371527, queue:0.47430555555555554, delay:0.03017396926879883, throughput:1448
step:3600/3600, q_loss:1.3166559934616089, rewards:-8.443334282769097, queue:0.4651909722222222, delay:0.028922690285576716, throughput:1448
episode:100/200, real avg travel time:188.70303867403314
intersection:0, mean_episode_reward:-1.245277762413025, mean_queue:0.9166666865348816
intersection:1, mean_episode_reward:-0.5844442248344421, mean_queue:0.9944444298744202
intersection:2, mean_episode_reward:-0.7736111879348755, mean_queue:1.1083333492279053
intersection:3, mean_episode_reward:-1.4263890981674194, mean_queue:0.8194444179534912
intersection:4, mean_episode_reward:-0.6200001835823059, mean_queue:0.9611111283302307
intersection:5, mean_episode_reward:-0.08722220361232758, mean_queue:0.9583333134651184
intersection:6, mean_episode_reward:0.059999994933605194, mean_queue:0.8694444298744202
intersection:7, mean_episode_reward:-0.5472223162651062, mean_queue:0.7055555582046509
intersection:8, mean_episode_reward:-0.7108332514762878, mean_queue:1.1027777194976807
intersection:9, mean_episode_reward:0.07055563479661942, mean_queue:1.0583332777023315
intersection:10, mean_episode_reward:-0.04166669398546219, mean_queue:0.9777777791023254
intersection:11, mean_episode_reward:-0.5488889813423157, mean_queue:0.9916666746139526
intersection:12, mean_episode_reward:-1.272499918937683, mean_queue:0.9222221970558167
intersection:13, mean_episode_reward:-0.8075001239776611, mean_queue:0.8916666507720947
intersection:14, mean_episode_reward:-0.5061112642288208, mean_queue:0.730555534362793
intersection:15, mean_episode_reward:-1.3141666650772095, mean_queue:0.8777777552604675
intersection:16, mean_episode_reward:0.046388890594244, mean_queue:0.0
intersection:17, mean_episode_reward:0.10944444686174393, mean_queue:0.0
intersection:18, mean_episode_reward:0.11055555194616318, mean_queue:0.0
intersection:19, mean_episode_reward:0.16611112654209137, mean_queue:0.0
intersection:20, mean_episode_reward:0.2127777487039566, mean_queue:0.0
intersection:21, mean_episode_reward:0.21888884902000427, mean_queue:0.0
intersection:22, mean_episode_reward:0.05305555835366249, mean_queue:0.0
intersection:23, mean_episode_reward:0.023333335295319557, mean_queue:0.0
intersection:24, mean_episode_reward:0.05416667088866234, mean_queue:0.0
intersection:25, mean_episode_reward:0.07750000059604645, mean_queue:0.0
intersection:26, mean_episode_reward:0.1938888281583786, mean_queue:0.0
intersection:27, mean_episode_reward:0.16694441437721252, mean_queue:0.0
intersection:28, mean_episode_reward:0.10555554181337357, mean_queue:0.0
intersection:29, mean_episode_reward:0.12277776002883911, mean_queue:0.0
intersection:30, mean_episode_reward:0.176111102104187, mean_queue:0.0
intersection:31, mean_episode_reward:0.07444445043802261, mean_queue:0.0
Test step:100/200, travel time :189.16884906960718, rewards:-8.446110026041667, queue:0.47265625, delay:0.029182068506876626, throughput:1451
step:3600/3600, q_loss:1.3118367195129395, rewards:-8.5522216796875, queue:0.48151041666666666, delay:0.029425194528367785, throughput:1448
episode:101/200, real avg travel time:189.9364640883978
intersection:0, mean_episode_reward:-1.2058334350585938, mean_queue:0.8972222208976746
intersection:1, mean_episode_reward:-0.6347218155860901, mean_queue:0.9611111283302307
intersection:2, mean_episode_reward:-0.7027776837348938, mean_queue:1.0972222089767456
intersection:3, mean_episode_reward:-1.5336114168167114, mean_queue:0.8666666746139526
intersection:4, mean_episode_reward:-0.805833101272583, mean_queue:1.105555534362793
intersection:5, mean_episode_reward:-0.04583333432674408, mean_queue:0.9861111044883728
intersection:6, mean_episode_reward:0.08777777850627899, mean_queue:0.8583333492279053
intersection:7, mean_episode_reward:-0.45083317160606384, mean_queue:0.6416666507720947
intersection:8, mean_episode_reward:-0.7400000095367432, mean_queue:1.2916666269302368
intersection:9, mean_episode_reward:-0.10777777433395386, mean_queue:1.1944444179534912
intersection:10, mean_episode_reward:-0.013611099682748318, mean_queue:0.9444444179534912
intersection:11, mean_episode_reward:-0.29055532813072205, mean_queue:0.8888888955116272
intersection:12, mean_episode_reward:-1.0616672039031982, mean_queue:0.9444444179534912
intersection:13, mean_episode_reward:-0.8102776408195496, mean_queue:0.9388889074325562
intersection:14, mean_episode_reward:-0.5580555200576782, mean_queue:0.7194444537162781
intersection:15, mean_episode_reward:-1.6299999952316284, mean_queue:1.0722222328186035
intersection:16, mean_episode_reward:0.0508333295583725, mean_queue:0.0
intersection:17, mean_episode_reward:0.11527777463197708, mean_queue:0.0
intersection:18, mean_episode_reward:0.12611110508441925, mean_queue:0.0
intersection:19, mean_episode_reward:0.22055551409721375, mean_queue:0.0
intersection:20, mean_episode_reward:0.21166665852069855, mean_queue:0.0
intersection:21, mean_episode_reward:0.23722220957279205, mean_queue:0.0
intersection:22, mean_episode_reward:0.0438888855278492, mean_queue:0.0
intersection:23, mean_episode_reward:0.032777778804302216, mean_queue:0.0
intersection:24, mean_episode_reward:0.045277781784534454, mean_queue:0.0
intersection:25, mean_episode_reward:0.08361111581325531, mean_queue:0.0
intersection:26, mean_episode_reward:0.18583329021930695, mean_queue:0.0
intersection:27, mean_episode_reward:0.16777776181697845, mean_queue:0.0
intersection:28, mean_episode_reward:0.10000000149011612, mean_queue:0.0
intersection:29, mean_episode_reward:0.11138889193534851, mean_queue:0.0
intersection:30, mean_episode_reward:0.11444443464279175, mean_queue:0.0
intersection:31, mean_episode_reward:0.10472222417593002, mean_queue:0.0
Test step:101/200, travel time :189.1801242236025, rewards:-8.321666124131944, queue:0.47578125, delay:0.029343202379014756, throughput:1449
step:3600/3600, q_loss:1.308109164237976, rewards:-8.430277506510416, queue:0.49140625, delay:0.030020353529188366, throughput:1449
episode:102/200, real avg travel time:190.47826086956522
intersection:0, mean_episode_reward:-1.2319440841674805, mean_queue:0.9166666865348816
intersection:1, mean_episode_reward:-0.568888783454895, mean_queue:1.0638889074325562
intersection:2, mean_episode_reward:-0.7113890051841736, mean_queue:1.086111068725586
intersection:3, mean_episode_reward:-1.4791662693023682, mean_queue:0.8055555820465088
intersection:4, mean_episode_reward:-0.7663889527320862, mean_queue:0.9555555582046509
intersection:5, mean_episode_reward:-0.07527776062488556, mean_queue:1.0222222805023193
intersection:6, mean_episode_reward:0.09583336859941483, mean_queue:0.875
intersection:7, mean_episode_reward:-0.535277783870697, mean_queue:0.6138888597488403
intersection:8, mean_episode_reward:-0.9644443988800049, mean_queue:1.355555534362793
intersection:9, mean_episode_reward:0.24944451451301575, mean_queue:1.2000000476837158
intersection:10, mean_episode_reward:-0.20722217857837677, mean_queue:1.0694444179534912
intersection:11, mean_episode_reward:-0.34583333134651184, mean_queue:0.9416666626930237
intersection:12, mean_episode_reward:-1.029166579246521, mean_queue:0.9777777791023254
intersection:13, mean_episode_reward:-1.0441664457321167, mean_queue:1.244444489479065
intersection:14, mean_episode_reward:-0.35305556654930115, mean_queue:0.6527777910232544
intersection:15, mean_episode_reward:-1.557222843170166, mean_queue:0.9444444179534912
intersection:16, mean_episode_reward:0.06888889521360397, mean_queue:0.0
intersection:17, mean_episode_reward:0.14722223579883575, mean_queue:0.0
intersection:18, mean_episode_reward:0.0994444414973259, mean_queue:0.0
intersection:19, mean_episode_reward:0.20277775824069977, mean_queue:0.0
intersection:20, mean_episode_reward:0.2177778035402298, mean_queue:0.0
intersection:21, mean_episode_reward:0.22472220659255981, mean_queue:0.0
intersection:22, mean_episode_reward:0.03861110657453537, mean_queue:0.0
intersection:23, mean_episode_reward:0.026944447308778763, mean_queue:0.0
intersection:24, mean_episode_reward:0.12361110001802444, mean_queue:0.0
intersection:25, mean_episode_reward:0.07500001043081284, mean_queue:0.0
intersection:26, mean_episode_reward:0.17638884484767914, mean_queue:0.0
intersection:27, mean_episode_reward:0.17222222685813904, mean_queue:0.0
intersection:28, mean_episode_reward:0.13499999046325684, mean_queue:0.0
intersection:29, mean_episode_reward:0.10194442421197891, mean_queue:0.0
intersection:30, mean_episode_reward:0.20444442331790924, mean_queue:0.0
intersection:31, mean_episode_reward:0.0788888931274414, mean_queue:0.0
Test step:102/200, travel time :190.79696132596686, rewards:-8.448057047526042, queue:0.49053819444444446, delay:0.030293112330966526, throughput:1448
step:3600/3600, q_loss:1.2826651334762573, rewards:-8.4, queue:0.47065972222222224, delay:0.029034572177463108, throughput:1449
episode:103/200, real avg travel time:188.66597653554174
intersection:0, mean_episode_reward:-1.3311108350753784, mean_queue:0.8999999761581421
intersection:1, mean_episode_reward:-0.5497221350669861, mean_queue:1.0333333015441895
intersection:2, mean_episode_reward:-0.7338891625404358, mean_queue:1.1138888597488403
intersection:3, mean_episode_reward:-1.5966664552688599, mean_queue:0.9722222089767456
intersection:4, mean_episode_reward:-0.6730558276176453, mean_queue:0.8972222208976746
intersection:5, mean_episode_reward:-0.017777781933546066, mean_queue:0.9638888835906982
intersection:6, mean_episode_reward:-0.027500027790665627, mean_queue:0.8805555701255798
intersection:7, mean_episode_reward:-0.4133332669734955, mean_queue:0.6361111402511597
intersection:8, mean_episode_reward:-0.7458333969116211, mean_queue:1.105555534362793
intersection:9, mean_episode_reward:0.04722224920988083, mean_queue:1.0833333730697632
intersection:10, mean_episode_reward:-0.09000000357627869, mean_queue:1.1138888597488403
intersection:11, mean_episode_reward:-0.4161109924316406, mean_queue:0.9888888597488403
intersection:12, mean_episode_reward:-1.2969441413879395, mean_queue:0.9138888716697693
intersection:13, mean_episode_reward:-0.8024998307228088, mean_queue:0.9611111283302307
intersection:14, mean_episode_reward:-0.40638914704322815, mean_queue:0.6722221970558167
intersection:15, mean_episode_reward:-1.333611011505127, mean_queue:0.824999988079071
intersection:16, mean_episode_reward:0.046666670590639114, mean_queue:0.0
intersection:17, mean_episode_reward:0.12555555999279022, mean_queue:0.0
intersection:18, mean_episode_reward:0.12083332240581512, mean_queue:0.0
intersection:19, mean_episode_reward:0.18388888239860535, mean_queue:0.0
intersection:20, mean_episode_reward:0.22777777910232544, mean_queue:0.0
intersection:21, mean_episode_reward:0.2250000238418579, mean_queue:0.0
intersection:22, mean_episode_reward:0.04583333432674408, mean_queue:0.0
intersection:23, mean_episode_reward:0.03305555880069733, mean_queue:0.0
intersection:24, mean_episode_reward:0.1086111068725586, mean_queue:0.0
intersection:25, mean_episode_reward:0.0902777910232544, mean_queue:0.0
intersection:26, mean_episode_reward:0.15861107409000397, mean_queue:0.0
intersection:27, mean_episode_reward:0.16277776658535004, mean_queue:0.0
intersection:28, mean_episode_reward:0.13083332777023315, mean_queue:0.0
intersection:29, mean_episode_reward:0.1202777624130249, mean_queue:0.0
intersection:30, mean_episode_reward:0.13722221553325653, mean_queue:0.0
intersection:31, mean_episode_reward:0.07000000774860382, mean_queue:0.0
Test step:103/200, travel time :215.773343373494, rewards:-10.086665852864583, queue:1.7752604166666666, delay:0.04458238813612196, throughput:1328
step:3600/3600, q_loss:1.3131000995635986, rewards:-8.74972195095486, queue:0.4888888888888889, delay:0.030451652738783093, throughput:1450
episode:104/200, real avg travel time:190.59862068965518
intersection:0, mean_episode_reward:-1.2691669464111328, mean_queue:0.8666666746139526
intersection:1, mean_episode_reward:-0.6752777695655823, mean_queue:1.1111111640930176
intersection:2, mean_episode_reward:-0.8474999070167542, mean_queue:1.255555510520935
intersection:3, mean_episode_reward:-1.5736109018325806, mean_queue:1.038888931274414
intersection:4, mean_episode_reward:-0.658610999584198, mean_queue:0.8694444298744202
intersection:5, mean_episode_reward:0.09888890385627747, mean_queue:0.8861111402511597
intersection:6, mean_episode_reward:0.13027776777744293, mean_queue:0.8416666388511658
intersection:7, mean_episode_reward:-0.5005556344985962, mean_queue:0.6638888716697693
intersection:8, mean_episode_reward:-0.7894441485404968, mean_queue:1.244444489479065
intersection:9, mean_episode_reward:-0.09833336621522903, mean_queue:1.1722222566604614
intersection:10, mean_episode_reward:0.04527778550982475, mean_queue:0.9472222328186035
intersection:11, mean_episode_reward:-0.48916688561439514, mean_queue:0.9888888597488403
intersection:12, mean_episode_reward:-1.4069448709487915, mean_queue:1.0777777433395386
intersection:13, mean_episode_reward:-0.7502778768539429, mean_queue:0.8916666507720947
intersection:14, mean_episode_reward:-0.646388590335846, mean_queue:0.7888888716697693
intersection:15, mean_episode_reward:-1.3966665267944336, mean_queue:1.0
intersection:16, mean_episode_reward:0.06694444268941879, mean_queue:0.0
intersection:17, mean_episode_reward:0.1458333283662796, mean_queue:0.0
intersection:18, mean_episode_reward:0.1411111056804657, mean_queue:0.0
intersection:19, mean_episode_reward:0.2361111044883728, mean_queue:0.0
intersection:20, mean_episode_reward:0.23055553436279297, mean_queue:0.0
intersection:21, mean_episode_reward:0.2269444316625595, mean_queue:0.0
intersection:22, mean_episode_reward:0.038333334028720856, mean_queue:0.0
intersection:23, mean_episode_reward:0.028888888657093048, mean_queue:0.0
intersection:24, mean_episode_reward:0.08777778595685959, mean_queue:0.0
intersection:25, mean_episode_reward:0.07583333551883698, mean_queue:0.0
intersection:26, mean_episode_reward:0.17694444954395294, mean_queue:0.0
intersection:27, mean_episode_reward:0.1644444316625595, mean_queue:0.0
intersection:28, mean_episode_reward:0.13055554032325745, mean_queue:0.0
intersection:29, mean_episode_reward:0.10555554181337357, mean_queue:0.0
intersection:30, mean_episode_reward:0.12777778506278992, mean_queue:0.0
intersection:31, mean_episode_reward:0.09416667371988297, mean_queue:0.0
Test step:104/200, travel time :191.68508287292818, rewards:-8.663334147135417, queue:0.50234375, delay:0.030708988507588703, throughput:1448
step:3600/3600, q_loss:1.3206193447113037, rewards:-8.721668158637153, queue:0.4952256944444444, delay:0.030252687136332192, throughput:1449
episode:105/200, real avg travel time:190.58247066942718
intersection:0, mean_episode_reward:-1.3166673183441162, mean_queue:0.894444465637207
intersection:1, mean_episode_reward:-0.4955553710460663, mean_queue:0.925000011920929
intersection:2, mean_episode_reward:-0.8741667866706848, mean_queue:1.3027777671813965
intersection:3, mean_episode_reward:-1.5930548906326294, mean_queue:0.949999988079071
intersection:4, mean_episode_reward:-0.7872222065925598, mean_queue:1.0166666507720947
intersection:5, mean_episode_reward:0.026944437995553017, mean_queue:0.9388889074325562
intersection:6, mean_episode_reward:0.1316666454076767, mean_queue:0.8972222208976746
intersection:7, mean_episode_reward:-0.4480554759502411, mean_queue:0.574999988079071
intersection:8, mean_episode_reward:-0.8116668462753296, mean_queue:1.2666666507720947
intersection:9, mean_episode_reward:0.041388899087905884, mean_queue:1.1388888359069824
intersection:10, mean_episode_reward:-0.10055559873580933, mean_queue:1.0555555820465088
intersection:11, mean_episode_reward:-0.6500001549720764, mean_queue:1.1166666746139526
intersection:12, mean_episode_reward:-1.1377781629562378, mean_queue:0.949999988079071
intersection:13, mean_episode_reward:-0.8541673421859741, mean_queue:0.9666666388511658
intersection:14, mean_episode_reward:-0.4769445061683655, mean_queue:0.8222222328186035
intersection:15, mean_episode_reward:-1.4263888597488403, mean_queue:1.0305556058883667
intersection:16, mean_episode_reward:0.049444448202848434, mean_queue:0.0
intersection:17, mean_episode_reward:0.07777778059244156, mean_queue:0.0
intersection:18, mean_episode_reward:0.14055553078651428, mean_queue:0.0
intersection:19, mean_episode_reward:0.18916666507720947, mean_queue:0.0
intersection:20, mean_episode_reward:0.23055559396743774, mean_queue:0.0
intersection:21, mean_episode_reward:0.2336111068725586, mean_queue:0.0
intersection:22, mean_episode_reward:0.11638887971639633, mean_queue:0.0
intersection:23, mean_episode_reward:0.04444444552063942, mean_queue:0.0
intersection:24, mean_episode_reward:0.09111111611127853, mean_queue:0.0
intersection:25, mean_episode_reward:0.07861112058162689, mean_queue:0.0
intersection:26, mean_episode_reward:0.1641666293144226, mean_queue:0.0
intersection:27, mean_episode_reward:0.18333333730697632, mean_queue:0.0
intersection:28, mean_episode_reward:0.14416664838790894, mean_queue:0.0
intersection:29, mean_episode_reward:0.11472219973802567, mean_queue:0.0
intersection:30, mean_episode_reward:0.11833333224058151, mean_queue:0.0
intersection:31, mean_episode_reward:0.0741666704416275, mean_queue:0.0
Test step:105/200, travel time :265.16014234875445, rewards:-19.26666937934028, queue:1.5915798611111112, delay:0.04236901601155599, throughput:1405
step:3600/3600, q_loss:1.3255692720413208, rewards:-8.790555826822917, queue:0.4918402777777778, delay:0.030196730295817056, throughput:1450
episode:106/200, real avg travel time:190.71586206896552
intersection:0, mean_episode_reward:-1.2324998378753662, mean_queue:0.8611111044883728
intersection:1, mean_episode_reward:-0.6313889622688293, mean_queue:1.024999976158142
intersection:2, mean_episode_reward:-0.6880555748939514, mean_queue:1.0833333730697632
intersection:3, mean_episode_reward:-1.590277910232544, mean_queue:0.980555534362793
intersection:4, mean_episode_reward:-0.7772223353385925, mean_queue:1.0027778148651123
intersection:5, mean_episode_reward:-0.03888890892267227, mean_queue:0.9666666388511658
intersection:6, mean_episode_reward:0.16249994933605194, mean_queue:0.7805555462837219
intersection:7, mean_episode_reward:-0.43916672468185425, mean_queue:0.6138888597488403
intersection:8, mean_episode_reward:-0.5902778506278992, mean_queue:1.1583333015441895
intersection:9, mean_episode_reward:-0.11138895153999329, mean_queue:1.2361111640930176
intersection:10, mean_episode_reward:0.023055559024214745, mean_queue:1.1333333253860474
intersection:11, mean_episode_reward:-0.6361111402511597, mean_queue:1.0444444417953491
intersection:12, mean_episode_reward:-1.3233336210250854, mean_queue:1.0361111164093018
intersection:13, mean_episode_reward:-0.9161107540130615, mean_queue:1.0638889074325562
intersection:14, mean_episode_reward:-0.7027778029441833, mean_queue:0.9472222328186035
intersection:15, mean_episode_reward:-1.2638888359069824, mean_queue:0.8055555820465088
intersection:16, mean_episode_reward:0.0650000050663948, mean_queue:0.0
intersection:17, mean_episode_reward:0.1180555447936058, mean_queue:0.0
intersection:18, mean_episode_reward:0.11694444715976715, mean_queue:0.0
intersection:19, mean_episode_reward:0.19083333015441895, mean_queue:0.0
intersection:20, mean_episode_reward:0.22527775168418884, mean_queue:0.0
intersection:21, mean_episode_reward:0.20888887345790863, mean_queue:0.0
intersection:22, mean_episode_reward:0.042222220450639725, mean_queue:0.0
intersection:23, mean_episode_reward:0.026944447308778763, mean_queue:0.0
intersection:24, mean_episode_reward:0.06861111521720886, mean_queue:0.0
intersection:25, mean_episode_reward:0.104166679084301, mean_queue:0.0
intersection:26, mean_episode_reward:0.19333328306674957, mean_queue:0.0
intersection:27, mean_episode_reward:0.1644444316625595, mean_queue:0.0
intersection:28, mean_episode_reward:0.12361110746860504, mean_queue:0.0
intersection:29, mean_episode_reward:0.09777776896953583, mean_queue:0.0
intersection:30, mean_episode_reward:0.1433333307504654, mean_queue:0.0
intersection:31, mean_episode_reward:0.07583333551883698, mean_queue:0.0
Test step:106/200, travel time :190.42758620689656, rewards:-8.77916734483507, queue:0.4831597222222222, delay:0.030225774976942274, throughput:1450
step:3600/3600, q_loss:1.3503891229629517, rewards:-8.501388888888888, queue:0.47725694444444444, delay:0.029828344451056588, throughput:1449
episode:107/200, real avg travel time:189.29261559696343
intersection:0, mean_episode_reward:-1.2011114358901978, mean_queue:0.8194444179534912
intersection:1, mean_episode_reward:-0.6449999213218689, mean_queue:1.0916666984558105
intersection:2, mean_episode_reward:-0.6724997162818909, mean_queue:1.1277778148651123
intersection:3, mean_episode_reward:-1.5322221517562866, mean_queue:0.8861111402511597
intersection:4, mean_episode_reward:-0.7366667985916138, mean_queue:0.9638888835906982
intersection:5, mean_episode_reward:0.0022222064435482025, mean_queue:0.980555534362793
intersection:6, mean_episode_reward:0.10166668146848679, mean_queue:0.980555534362793
intersection:7, mean_episode_reward:-0.492499977350235, mean_queue:0.6166666746139526
intersection:8, mean_episode_reward:-0.5319443345069885, mean_queue:1.0416666269302368
intersection:9, mean_episode_reward:-0.2183333784341812, mean_queue:1.1416666507720947
intersection:10, mean_episode_reward:-0.10249998420476913, mean_queue:1.1361111402511597
intersection:11, mean_episode_reward:-0.5644446611404419, mean_queue:0.9638888835906982
intersection:12, mean_episode_reward:-1.3950004577636719, mean_queue:0.9722222089767456
intersection:13, mean_episode_reward:-0.6852777004241943, mean_queue:0.8444444537162781
intersection:14, mean_episode_reward:-0.42972224950790405, mean_queue:0.7749999761581421
intersection:15, mean_episode_reward:-1.3883334398269653, mean_queue:0.9305555820465088
intersection:16, mean_episode_reward:0.06750000268220901, mean_queue:0.0
intersection:17, mean_episode_reward:0.12833333015441895, mean_queue:0.0
intersection:18, mean_episode_reward:0.11972221732139587, mean_queue:0.0
intersection:19, mean_episode_reward:0.1802777647972107, mean_queue:0.0
intersection:20, mean_episode_reward:0.2502778172492981, mean_queue:0.0
intersection:21, mean_episode_reward:0.2547221779823303, mean_queue:0.0
intersection:22, mean_episode_reward:0.04138888791203499, mean_queue:0.0
intersection:23, mean_episode_reward:0.02500000037252903, mean_queue:0.0
intersection:24, mean_episode_reward:0.06472223252058029, mean_queue:0.0
intersection:25, mean_episode_reward:0.07500000298023224, mean_queue:0.0
intersection:26, mean_episode_reward:0.12916666269302368, mean_queue:0.0
intersection:27, mean_episode_reward:0.19805552065372467, mean_queue:0.0
intersection:28, mean_episode_reward:0.12416664510965347, mean_queue:0.0
intersection:29, mean_episode_reward:0.13111108541488647, mean_queue:0.0
intersection:30, mean_episode_reward:0.09888889640569687, mean_queue:0.0
intersection:31, mean_episode_reward:0.1019444465637207, mean_queue:0.0
Test step:107/200, travel time :189.03798342541435, rewards:-8.702499050564237, queue:0.4761284722222222, delay:0.02889925373925103, throughput:1448
step:3600/3600, q_loss:1.3392138481140137, rewards:-8.669721137152777, queue:0.5137152777777778, delay:0.03188723988003201, throughput:1450
episode:108/200, real avg travel time:191.89655172413794
intersection:0, mean_episode_reward:-1.150833010673523, mean_queue:0.8472222089767456
intersection:1, mean_episode_reward:-0.6863886713981628, mean_queue:1.0611110925674438
intersection:2, mean_episode_reward:-0.6941667199134827, mean_queue:1.1888889074325562
intersection:3, mean_episode_reward:-1.554166316986084, mean_queue:0.8888888955116272
intersection:4, mean_episode_reward:-0.7058332562446594, mean_queue:1.0527777671813965
intersection:5, mean_episode_reward:-0.05916668474674225, mean_queue:0.9944444298744202
intersection:6, mean_episode_reward:0.035277776420116425, mean_queue:0.9027777910232544
intersection:7, mean_episode_reward:-0.4180554747581482, mean_queue:0.5666666626930237
intersection:8, mean_episode_reward:-1.00166654586792, mean_queue:1.5499999523162842
intersection:9, mean_episode_reward:0.12305555492639542, mean_queue:1.2944444417953491
intersection:10, mean_episode_reward:0.004999998025596142, mean_queue:1.1666666269302368
intersection:11, mean_episode_reward:-0.8241664171218872, mean_queue:1.1749999523162842
intersection:12, mean_episode_reward:-1.3411109447479248, mean_queue:1.0027778148651123
intersection:13, mean_episode_reward:-0.8580551743507385, mean_queue:1.086111068725586
intersection:14, mean_episode_reward:-0.5747223496437073, mean_queue:0.8055555820465088
intersection:15, mean_episode_reward:-1.1558337211608887, mean_queue:0.855555534362793
intersection:16, mean_episode_reward:0.06277778744697571, mean_queue:0.0
intersection:17, mean_episode_reward:0.08000000566244125, mean_queue:0.0
intersection:18, mean_episode_reward:0.2105555683374405, mean_queue:0.0
intersection:19, mean_episode_reward:0.22999995946884155, mean_queue:0.0
intersection:20, mean_episode_reward:0.23055554926395416, mean_queue:0.0
intersection:21, mean_episode_reward:0.2780555188655853, mean_queue:0.0
intersection:22, mean_episode_reward:0.04694444686174393, mean_queue:0.0
intersection:23, mean_episode_reward:0.03166666999459267, mean_queue:0.0
intersection:24, mean_episode_reward:0.08250001072883606, mean_queue:0.0
intersection:25, mean_episode_reward:0.07555555552244186, mean_queue:0.0
intersection:26, mean_episode_reward:0.16972218453884125, mean_queue:0.0
intersection:27, mean_episode_reward:0.16972224414348602, mean_queue:0.0
intersection:28, mean_episode_reward:0.13472221791744232, mean_queue:0.0
intersection:29, mean_episode_reward:0.09888887405395508, mean_queue:0.0
intersection:30, mean_episode_reward:0.19499999284744263, mean_queue:0.0
intersection:31, mean_episode_reward:0.09444444626569748, mean_queue:0.0
Test step:108/200, travel time :203.3464458247067, rewards:-8.751666937934028, queue:0.6532118055555556, delay:0.03270802762773302, throughput:1449
step:3600/3600, q_loss:1.3642338514328003, rewards:-8.748611789279513, queue:0.4973090277777778, delay:0.030119795269436308, throughput:1447
episode:109/200, real avg travel time:191.38700760193504
intersection:0, mean_episode_reward:-1.373611569404602, mean_queue:0.9638888835906982
intersection:1, mean_episode_reward:-0.5180554986000061, mean_queue:0.8805555701255798
intersection:2, mean_episode_reward:-0.4361109435558319, mean_queue:0.9916666746139526
intersection:3, mean_episode_reward:-1.3627779483795166, mean_queue:0.7888888716697693
intersection:4, mean_episode_reward:-0.8177781701087952, mean_queue:1.0472222566604614
intersection:5, mean_episode_reward:0.14750003814697266, mean_queue:0.8361111283302307
intersection:6, mean_episode_reward:-0.3191666603088379, mean_queue:1.0611110925674438
intersection:7, mean_episode_reward:-0.6141663789749146, mean_queue:0.7111111283302307
intersection:8, mean_episode_reward:-0.7975003719329834, mean_queue:1.3027777671813965
intersection:9, mean_episode_reward:0.04500001296401024, mean_queue:1.1027777194976807
intersection:10, mean_episode_reward:0.10722223669290543, mean_queue:0.9777777791023254
intersection:11, mean_episode_reward:-0.6477776169776917, mean_queue:1.0555555820465088
intersection:12, mean_episode_reward:-1.7388887405395508, mean_queue:1.5527777671813965
intersection:13, mean_episode_reward:-0.8388891220092773, mean_queue:0.9666666388511658
intersection:14, mean_episode_reward:-0.521944522857666, mean_queue:0.7944444417953491
intersection:15, mean_episode_reward:-1.4080555438995361, mean_queue:0.8805555701255798
intersection:16, mean_episode_reward:0.08388888835906982, mean_queue:0.0
intersection:17, mean_episode_reward:0.13500000536441803, mean_queue:0.0
intersection:18, mean_episode_reward:0.11472222208976746, mean_queue:0.0
intersection:19, mean_episode_reward:0.22999998927116394, mean_queue:0.0
intersection:20, mean_episode_reward:0.24638885259628296, mean_queue:0.0
intersection:21, mean_episode_reward:0.2219444215297699, mean_queue:0.0
intersection:22, mean_episode_reward:0.039444442838430405, mean_queue:0.0
intersection:23, mean_episode_reward:0.028888888657093048, mean_queue:0.0
intersection:24, mean_episode_reward:0.2127777487039566, mean_queue:0.0
intersection:25, mean_episode_reward:0.09666668623685837, mean_queue:0.0
intersection:26, mean_episode_reward:0.17527776956558228, mean_queue:0.0
intersection:27, mean_episode_reward:0.18000000715255737, mean_queue:0.0
intersection:28, mean_episode_reward:0.1316666603088379, mean_queue:0.0
intersection:29, mean_episode_reward:0.1341666430234909, mean_queue:0.0
intersection:30, mean_episode_reward:0.17416664958000183, mean_queue:0.0
intersection:31, mean_episode_reward:0.1413888931274414, mean_queue:0.0
Test step:109/200, travel time :188.80565127498278, rewards:-8.379445393880209, queue:0.47039930555555554, delay:0.02909094492594401, throughput:1451
step:3600/3600, q_loss:1.4073055982589722, rewards:-8.487778049045138, queue:0.4798611111111111, delay:0.029957797792222764, throughput:1452
episode:110/200, real avg travel time:189.71487603305786
intersection:0, mean_episode_reward:-1.1969444751739502, mean_queue:0.7888888716697693
intersection:1, mean_episode_reward:-0.556111216545105, mean_queue:0.9888888597488403
intersection:2, mean_episode_reward:-0.7163887619972229, mean_queue:1.1777777671813965
intersection:3, mean_episode_reward:-1.5002779960632324, mean_queue:0.949999988079071
intersection:4, mean_episode_reward:-0.8061110377311707, mean_queue:0.9777777791023254
intersection:5, mean_episode_reward:-0.06027783825993538, mean_queue:0.9388889074325562
intersection:6, mean_episode_reward:-0.06277774274349213, mean_queue:0.9527778029441833
intersection:7, mean_episode_reward:-0.4380553662776947, mean_queue:0.574999988079071
intersection:8, mean_episode_reward:-0.6850001811981201, mean_queue:1.225000023841858
intersection:9, mean_episode_reward:0.060833342373371124, mean_queue:1.1611111164093018
intersection:10, mean_episode_reward:-0.12277780473232269, mean_queue:1.0527777671813965
intersection:11, mean_episode_reward:-0.4124999940395355, mean_queue:0.9444444179534912
intersection:12, mean_episode_reward:-1.2833335399627686, mean_queue:1.0416666269302368
intersection:13, mean_episode_reward:-0.7380553483963013, mean_queue:0.9194444417953491
intersection:14, mean_episode_reward:-0.44083312153816223, mean_queue:0.7083333134651184
intersection:15, mean_episode_reward:-1.5325003862380981, mean_queue:0.9527778029441833
intersection:16, mean_episode_reward:0.051111117005348206, mean_queue:0.0
intersection:17, mean_episode_reward:0.07777778059244156, mean_queue:0.0
intersection:18, mean_episode_reward:0.12777778506278992, mean_queue:0.0
intersection:19, mean_episode_reward:0.20638886094093323, mean_queue:0.0
intersection:20, mean_episode_reward:0.2386111170053482, mean_queue:0.0
intersection:21, mean_episode_reward:0.24361109733581543, mean_queue:0.0
intersection:22, mean_episode_reward:0.05361110717058182, mean_queue:0.0
intersection:23, mean_episode_reward:0.028333332389593124, mean_queue:0.0
intersection:24, mean_episode_reward:0.05527777597308159, mean_queue:0.0
intersection:25, mean_episode_reward:0.07083332538604736, mean_queue:0.0
intersection:26, mean_episode_reward:0.15222221612930298, mean_queue:0.0
intersection:27, mean_episode_reward:0.18333333730697632, mean_queue:0.0
intersection:28, mean_episode_reward:0.15583330392837524, mean_queue:0.0
intersection:29, mean_episode_reward:0.10222221165895462, mean_queue:0.0
intersection:30, mean_episode_reward:0.16277776658535004, mean_queue:0.0
intersection:31, mean_episode_reward:0.09361111372709274, mean_queue:0.0
Test step:110/200, travel time :190.15804002760524, rewards:-8.489443630642361, queue:0.48463541666666665, delay:0.030207051171196833, throughput:1449
step:3600/3600, q_loss:1.4132086038589478, rewards:-8.504165310329862, queue:0.47100694444444446, delay:0.028728689087761772, throughput:1449
episode:111/200, real avg travel time:189.01173222912354
intersection:0, mean_episode_reward:-1.4813886880874634, mean_queue:0.9361110925674438
intersection:1, mean_episode_reward:-0.5049998164176941, mean_queue:0.949999988079071
intersection:2, mean_episode_reward:-0.6858332753181458, mean_queue:1.0472222566604614
intersection:3, mean_episode_reward:-1.2741665840148926, mean_queue:0.7194444537162781
intersection:4, mean_episode_reward:-0.7497220635414124, mean_queue:1.0333333015441895
intersection:5, mean_episode_reward:-0.1550000011920929, mean_queue:1.005555510520935
intersection:6, mean_episode_reward:0.034999992698431015, mean_queue:0.9111111164093018
intersection:7, mean_episode_reward:-0.5877777934074402, mean_queue:0.699999988079071
intersection:8, mean_episode_reward:-0.5999998450279236, mean_queue:1.1694444417953491
intersection:9, mean_episode_reward:0.10083329677581787, mean_queue:0.9666666388511658
intersection:10, mean_episode_reward:-0.08472214639186859, mean_queue:0.9583333134651184
intersection:11, mean_episode_reward:-0.5119443535804749, mean_queue:0.9222221970558167
intersection:12, mean_episode_reward:-1.3861109018325806, mean_queue:1.0527777671813965
intersection:13, mean_episode_reward:-0.7366665601730347, mean_queue:0.9750000238418579
intersection:14, mean_episode_reward:-0.48361122608184814, mean_queue:0.7611111402511597
intersection:15, mean_episode_reward:-1.5374997854232788, mean_queue:0.9638888835906982
intersection:16, mean_episode_reward:0.06444445252418518, mean_queue:0.0
intersection:17, mean_episode_reward:0.17916668951511383, mean_queue:0.0
intersection:18, mean_episode_reward:0.12694445252418518, mean_queue:0.0
intersection:19, mean_episode_reward:0.17944444715976715, mean_queue:0.0
intersection:20, mean_episode_reward:0.229722261428833, mean_queue:0.0
intersection:21, mean_episode_reward:0.3011110723018646, mean_queue:0.0
intersection:22, mean_episode_reward:0.03888889029622078, mean_queue:0.0
intersection:23, mean_episode_reward:0.03888889029622078, mean_queue:0.0
intersection:24, mean_episode_reward:0.0533333420753479, mean_queue:0.0
intersection:25, mean_episode_reward:0.07583332806825638, mean_queue:0.0
intersection:26, mean_episode_reward:0.20944438874721527, mean_queue:0.0
intersection:27, mean_episode_reward:0.16083332896232605, mean_queue:0.0
intersection:28, mean_episode_reward:0.10499999672174454, mean_queue:0.0
intersection:29, mean_episode_reward:0.11527776718139648, mean_queue:0.0
intersection:30, mean_episode_reward:0.15222220122814178, mean_queue:0.0
intersection:31, mean_episode_reward:0.1088888943195343, mean_queue:0.0
Test step:111/200, travel time :188.55532503457815, rewards:-8.307223171657986, queue:0.4625, delay:0.029217272334628636, throughput:1446
step:3600/3600, q_loss:1.4142494201660156, rewards:-8.56305677625868, queue:0.5103298611111111, delay:0.031082945399814182, throughput:1447
episode:112/200, real avg travel time:191.42087076710436
intersection:0, mean_episode_reward:-1.368611454963684, mean_queue:0.9583333134651184
intersection:1, mean_episode_reward:-0.4563888609409332, mean_queue:0.9055555462837219
intersection:2, mean_episode_reward:-0.49666666984558105, mean_queue:1.1277778148651123
intersection:3, mean_episode_reward:-1.4352773427963257, mean_queue:0.8611111044883728
intersection:4, mean_episode_reward:-0.7841663956642151, mean_queue:1.024999976158142
intersection:5, mean_episode_reward:-0.03333335369825363, mean_queue:1.0333333015441895
intersection:6, mean_episode_reward:-0.24972227215766907, mean_queue:1.1388888359069824
intersection:7, mean_episode_reward:-0.5844444036483765, mean_queue:0.7138888835906982
intersection:8, mean_episode_reward:-0.789444625377655, mean_queue:1.355555534362793
intersection:9, mean_episode_reward:0.13638891279697418, mean_queue:1.2666666507720947
intersection:10, mean_episode_reward:-0.13277779519557953, mean_queue:1.2000000476837158
intersection:11, mean_episode_reward:-0.4055556058883667, mean_queue:0.9527778029441833
intersection:12, mean_episode_reward:-1.2125004529953003, mean_queue:0.8833333253860474
intersection:13, mean_episode_reward:-0.9616668820381165, mean_queue:1.2194443941116333
intersection:14, mean_episode_reward:-0.37333330512046814, mean_queue:0.7250000238418579
intersection:15, mean_episode_reward:-1.4880564212799072, mean_queue:0.9638888835906982
intersection:16, mean_episode_reward:0.08027778565883636, mean_queue:0.0
intersection:17, mean_episode_reward:0.05861111357808113, mean_queue:0.0
intersection:18, mean_episode_reward:0.14666666090488434, mean_queue:0.0
intersection:19, mean_episode_reward:0.20916663110256195, mean_queue:0.0
intersection:20, mean_episode_reward:0.23249998688697815, mean_queue:0.0
intersection:21, mean_episode_reward:0.25138887763023376, mean_queue:0.0
intersection:22, mean_episode_reward:0.06000000238418579, mean_queue:0.0
intersection:23, mean_episode_reward:0.029722226783633232, mean_queue:0.0
intersection:24, mean_episode_reward:0.07777778804302216, mean_queue:0.0
intersection:25, mean_episode_reward:0.09916666895151138, mean_queue:0.0
intersection:26, mean_episode_reward:0.15916664898395538, mean_queue:0.0
intersection:27, mean_episode_reward:0.18888890743255615, mean_queue:0.0
intersection:28, mean_episode_reward:0.12694445252418518, mean_queue:0.0
intersection:29, mean_episode_reward:0.09833335131406784, mean_queue:0.0
intersection:30, mean_episode_reward:0.13722220063209534, mean_queue:0.0
intersection:31, mean_episode_reward:0.11666666716337204, mean_queue:0.0
Test step:112/200, travel time :191.1718426501035, rewards:-8.478055826822917, queue:0.4934027777777778, delay:0.030423217349582247, throughput:1449
step:3600/3600, q_loss:1.4010610580444336, rewards:-8.477776421440971, queue:0.4935763888888889, delay:0.030401325225830077, throughput:1448
episode:113/200, real avg travel time:190.49654696132598
intersection:0, mean_episode_reward:-1.331666111946106, mean_queue:0.8888888955116272
intersection:1, mean_episode_reward:-0.6711110472679138, mean_queue:0.9416666626930237
intersection:2, mean_episode_reward:-0.33194446563720703, mean_queue:1.0583332777023315
intersection:3, mean_episode_reward:-1.6152774095535278, mean_queue:1.0361111164093018
intersection:4, mean_episode_reward:-0.7558329105377197, mean_queue:0.9861111044883728
intersection:5, mean_episode_reward:0.1594444364309311, mean_queue:0.8972222208976746
intersection:6, mean_episode_reward:-0.3055556118488312, mean_queue:1.1916667222976685
intersection:7, mean_episode_reward:-0.6583331823348999, mean_queue:0.769444465637207
intersection:8, mean_episode_reward:-0.6538885831832886, mean_queue:1.1472222805023193
intersection:9, mean_episode_reward:0.06083323061466217, mean_queue:1.2083333730697632
intersection:10, mean_episode_reward:-0.15444444119930267, mean_queue:1.0722222328186035
intersection:11, mean_episode_reward:-0.3716667592525482, mean_queue:0.9722222089767456
intersection:12, mean_episode_reward:-1.2830555438995361, mean_queue:0.9361110925674438
intersection:13, mean_episode_reward:-0.815000057220459, mean_queue:1.0638889074325562
intersection:14, mean_episode_reward:-0.5127778649330139, mean_queue:0.7722222208976746
intersection:15, mean_episode_reward:-1.242777943611145, mean_queue:0.8527777791023254
intersection:16, mean_episode_reward:0.06611111760139465, mean_queue:0.0
intersection:17, mean_episode_reward:0.1133333295583725, mean_queue:0.0
intersection:18, mean_episode_reward:0.13055555522441864, mean_queue:0.0
intersection:19, mean_episode_reward:0.21138885617256165, mean_queue:0.0
intersection:20, mean_episode_reward:0.21805553138256073, mean_queue:0.0
intersection:21, mean_episode_reward:0.25333330035209656, mean_queue:0.0
intersection:22, mean_episode_reward:0.05361110717058182, mean_queue:0.0
intersection:23, mean_episode_reward:0.0347222238779068, mean_queue:0.0
intersection:24, mean_episode_reward:0.056666675955057144, mean_queue:0.0
intersection:25, mean_episode_reward:0.08444445580244064, mean_queue:0.0
intersection:26, mean_episode_reward:0.1363888680934906, mean_queue:0.0
intersection:27, mean_episode_reward:0.1713888943195343, mean_queue:0.0
intersection:28, mean_episode_reward:0.1063888892531395, mean_queue:0.0
intersection:29, mean_episode_reward:0.13277775049209595, mean_queue:0.0
intersection:30, mean_episode_reward:0.1644444316625595, mean_queue:0.0
intersection:31, mean_episode_reward:0.0716666728258133, mean_queue:0.0
Test step:113/200, travel time :190.8744827586207, rewards:-8.355554877387153, queue:0.49461805555555555, delay:0.030462996164957682, throughput:1450
step:3600/3600, q_loss:1.4188803434371948, rewards:-8.462779405381944, queue:0.47543402777777777, delay:0.028998883565266927, throughput:1448
episode:114/200, real avg travel time:189.21201657458565
intersection:0, mean_episode_reward:-1.2422221899032593, mean_queue:0.9444444179534912
intersection:1, mean_episode_reward:-0.658333420753479, mean_queue:1.0305556058883667
intersection:2, mean_episode_reward:-0.5705556869506836, mean_queue:1.0777777433395386
intersection:3, mean_episode_reward:-1.4405556917190552, mean_queue:0.8111110925674438
intersection:4, mean_episode_reward:-0.9186111688613892, mean_queue:1.119444489479065
intersection:5, mean_episode_reward:0.0175000112503767, mean_queue:0.8805555701255798
intersection:6, mean_episode_reward:-0.27083316445350647, mean_queue:1.0916666984558105
intersection:7, mean_episode_reward:-0.3722224235534668, mean_queue:0.6027777791023254
intersection:8, mean_episode_reward:-0.6488887071609497, mean_queue:1.1166666746139526
intersection:9, mean_episode_reward:0.1255555897951126, mean_queue:1.019444465637207
intersection:10, mean_episode_reward:-0.16777780652046204, mean_queue:1.1277778148651123
intersection:11, mean_episode_reward:-0.5361111164093018, mean_queue:1.0499999523162842
intersection:12, mean_episode_reward:-1.2219446897506714, mean_queue:0.9472222328186035
intersection:13, mean_episode_reward:-0.7277778387069702, mean_queue:0.8361111283302307
intersection:14, mean_episode_reward:-0.3716665506362915, mean_queue:0.7027778029441833
intersection:15, mean_episode_reward:-1.4705561399459839, mean_queue:0.855555534362793
intersection:16, mean_episode_reward:0.05416667088866234, mean_queue:0.0
intersection:17, mean_episode_reward:0.09111110866069794, mean_queue:0.0
intersection:18, mean_episode_reward:0.11666667461395264, mean_queue:0.0
intersection:19, mean_episode_reward:0.21388888359069824, mean_queue:0.0
intersection:20, mean_episode_reward:0.22999998927116394, mean_queue:0.0
intersection:21, mean_episode_reward:0.2930555045604706, mean_queue:0.0
intersection:22, mean_episode_reward:0.05583333596587181, mean_queue:0.0
intersection:23, mean_episode_reward:0.025833334773778915, mean_queue:0.0
intersection:24, mean_episode_reward:0.04749999940395355, mean_queue:0.0
intersection:25, mean_episode_reward:0.07555555552244186, mean_queue:0.0
intersection:26, mean_episode_reward:0.143333300948143, mean_queue:0.0
intersection:27, mean_episode_reward:0.21694444119930267, mean_queue:0.0
intersection:28, mean_episode_reward:0.1038888692855835, mean_queue:0.0
intersection:29, mean_episode_reward:0.0969444289803505, mean_queue:0.0
intersection:30, mean_episode_reward:0.2038888782262802, mean_queue:0.0
intersection:31, mean_episode_reward:0.043611109256744385, mean_queue:0.0
Test step:114/200, travel time :191.37724137931033, rewards:-8.206945122612847, queue:0.5006944444444444, delay:0.029918702443440755, throughput:1450
step:3600/3600, q_loss:1.402329921722412, rewards:-8.515555826822917, queue:0.47647569444444443, delay:0.029323983192443847, throughput:1449
episode:115/200, real avg travel time:189.8688750862664
intersection:0, mean_episode_reward:-1.2530559301376343, mean_queue:0.8805555701255798
intersection:1, mean_episode_reward:-0.5763887763023376, mean_queue:0.9722222089767456
intersection:2, mean_episode_reward:-0.8302779197692871, mean_queue:1.274999976158142
intersection:3, mean_episode_reward:-1.584444522857666, mean_queue:0.949999988079071
intersection:4, mean_episode_reward:-0.6902777552604675, mean_queue:0.824999988079071
intersection:5, mean_episode_reward:0.06888888776302338, mean_queue:0.8833333253860474
intersection:6, mean_episode_reward:-0.0063889119774103165, mean_queue:0.8277778029441833
intersection:7, mean_episode_reward:-0.40722212195396423, mean_queue:0.5833333134651184
intersection:8, mean_episode_reward:-0.6311110854148865, mean_queue:1.0833333730697632
intersection:9, mean_episode_reward:0.09666669368743896, mean_queue:1.1138888597488403
intersection:10, mean_episode_reward:-0.059999994933605194, mean_queue:1.130555510520935
intersection:11, mean_episode_reward:-0.5430553555488586, mean_queue:1.0833333730697632
intersection:12, mean_episode_reward:-1.4175000190734863, mean_queue:1.0222222805023193
intersection:13, mean_episode_reward:-0.7708327174186707, mean_queue:0.9861111044883728
intersection:14, mean_episode_reward:-0.493611216545105, mean_queue:0.7972221970558167
intersection:15, mean_episode_reward:-1.3861111402511597, mean_queue:0.8333333134651184
intersection:16, mean_episode_reward:0.0672222301363945, mean_queue:0.0
intersection:17, mean_episode_reward:0.07000000774860382, mean_queue:0.0
intersection:18, mean_episode_reward:0.09583333134651184, mean_queue:0.0
intersection:19, mean_episode_reward:0.24888888001441956, mean_queue:0.0
intersection:20, mean_episode_reward:0.2402777522802353, mean_queue:0.0
intersection:21, mean_episode_reward:0.26027774810791016, mean_queue:0.0
intersection:22, mean_episode_reward:0.04916666820645332, mean_queue:0.0
intersection:23, mean_episode_reward:0.02527777850627899, mean_queue:0.0
intersection:24, mean_episode_reward:0.04138888791203499, mean_queue:0.0
intersection:25, mean_episode_reward:0.0811111256480217, mean_queue:0.0
intersection:26, mean_episode_reward:0.13972221314907074, mean_queue:0.0
intersection:27, mean_episode_reward:0.17333334684371948, mean_queue:0.0
intersection:28, mean_episode_reward:0.1202777773141861, mean_queue:0.0
intersection:29, mean_episode_reward:0.10222221910953522, mean_queue:0.0
intersection:30, mean_episode_reward:0.18833331763744354, mean_queue:0.0
intersection:31, mean_episode_reward:0.06583333760499954, mean_queue:0.0
Test step:115/200, travel time :188.51724137931035, rewards:-8.472223578559028, queue:0.46684027777777776, delay:0.02894527382320828, throughput:1450
step:3600/3600, q_loss:1.4062398672103882, rewards:-8.352779134114583, queue:0.49496527777777777, delay:0.03028469615512424, throughput:1448
episode:116/200, real avg travel time:190.082182320442
intersection:0, mean_episode_reward:-1.276389479637146, mean_queue:1.0444444417953491
intersection:1, mean_episode_reward:-0.6247217655181885, mean_queue:1.149999976158142
intersection:2, mean_episode_reward:-0.6522223949432373, mean_queue:1.1333333253860474
intersection:3, mean_episode_reward:-1.419443964958191, mean_queue:0.9416666626930237
intersection:4, mean_episode_reward:-0.8266667127609253, mean_queue:1.1749999523162842
intersection:5, mean_episode_reward:-0.0883333683013916, mean_queue:1.0777777433395386
intersection:6, mean_episode_reward:-0.02305554784834385, mean_queue:0.9083333611488342
intersection:7, mean_episode_reward:-0.67472243309021, mean_queue:0.75
intersection:8, mean_episode_reward:-0.605833113193512, mean_queue:1.1083333492279053
intersection:9, mean_episode_reward:0.21472227573394775, mean_queue:1.1361111402511597
intersection:10, mean_episode_reward:-0.27555543184280396, mean_queue:1.1916667222976685
intersection:11, mean_episode_reward:-0.21861118078231812, mean_queue:0.824999988079071
intersection:12, mean_episode_reward:-1.2947226762771606, mean_queue:0.9305555820465088
intersection:13, mean_episode_reward:-0.8291664123535156, mean_queue:1.0
intersection:14, mean_episode_reward:-0.45833346247673035, mean_queue:0.7027778029441833
intersection:15, mean_episode_reward:-1.3958338499069214, mean_queue:0.7638888955116272
intersection:16, mean_episode_reward:0.11944443732500076, mean_queue:0.0
intersection:17, mean_episode_reward:0.07055556029081345, mean_queue:0.0
intersection:18, mean_episode_reward:0.1552777886390686, mean_queue:0.0
intersection:19, mean_episode_reward:0.2847222089767456, mean_queue:0.0
intersection:20, mean_episode_reward:0.24166665971279144, mean_queue:0.0
intersection:21, mean_episode_reward:0.25138887763023376, mean_queue:0.0
intersection:22, mean_episode_reward:0.034166667610406876, mean_queue:0.0
intersection:23, mean_episode_reward:0.025277776643633842, mean_queue:0.0
intersection:24, mean_episode_reward:0.04305555671453476, mean_queue:0.0
intersection:25, mean_episode_reward:0.07444445043802261, mean_queue:0.0
intersection:26, mean_episode_reward:0.15000000596046448, mean_queue:0.0
intersection:27, mean_episode_reward:0.18416666984558105, mean_queue:0.0
intersection:28, mean_episode_reward:0.14916665852069855, mean_queue:0.0
intersection:29, mean_episode_reward:0.11027775704860687, mean_queue:0.0
intersection:30, mean_episode_reward:0.13361111283302307, mean_queue:0.0
intersection:31, mean_episode_reward:0.06888889521360397, mean_queue:0.0
Test step:116/200, travel time :190.3913043478261, rewards:-8.619443088107639, queue:0.484375, delay:0.029896667268541125, throughput:1449
step:3600/3600, q_loss:1.4230512380599976, rewards:-8.332222493489583, queue:0.4849826388888889, delay:0.029695187674628365, throughput:1451
episode:117/200, real avg travel time:190.44107512060648
intersection:0, mean_episode_reward:-1.220278024673462, mean_queue:0.8666666746139526
intersection:1, mean_episode_reward:-0.5822222828865051, mean_queue:1.0972222089767456
intersection:2, mean_episode_reward:-0.5786111950874329, mean_queue:0.9944444298744202
intersection:3, mean_episode_reward:-1.4483333826065063, mean_queue:0.7888888716697693
intersection:4, mean_episode_reward:-0.7466664910316467, mean_queue:0.9750000238418579
intersection:5, mean_episode_reward:-0.08444445580244064, mean_queue:1.0472222566604614
intersection:6, mean_episode_reward:0.022777725011110306, mean_queue:0.9555555582046509
intersection:7, mean_episode_reward:-0.48638877272605896, mean_queue:0.6305555701255798
intersection:8, mean_episode_reward:-0.5874999761581421, mean_queue:1.130555510520935
intersection:9, mean_episode_reward:0.3494443893432617, mean_queue:1.0638889074325562
intersection:10, mean_episode_reward:-0.5372223258018494, mean_queue:1.5305556058883667
intersection:11, mean_episode_reward:-0.47138887643814087, mean_queue:0.9472222328186035
intersection:12, mean_episode_reward:-1.5425001382827759, mean_queue:1.1583333015441895
intersection:13, mean_episode_reward:-0.7683332562446594, mean_queue:0.8833333253860474
intersection:14, mean_episode_reward:-0.49972236156463623, mean_queue:0.7749999761581421
intersection:15, mean_episode_reward:-1.2299997806549072, mean_queue:0.675000011920929
intersection:16, mean_episode_reward:0.09111111611127853, mean_queue:0.0
intersection:17, mean_episode_reward:0.07305556535720825, mean_queue:0.0
intersection:18, mean_episode_reward:0.11388889700174332, mean_queue:0.0
intersection:19, mean_episode_reward:0.2758333384990692, mean_queue:0.0
intersection:20, mean_episode_reward:0.24611112475395203, mean_queue:0.0
intersection:21, mean_episode_reward:0.26694443821907043, mean_queue:0.0
intersection:22, mean_episode_reward:0.03722221776843071, mean_queue:0.0
intersection:23, mean_episode_reward:0.02500000037252903, mean_queue:0.0
intersection:24, mean_episode_reward:0.03722222149372101, mean_queue:0.0
intersection:25, mean_episode_reward:0.07444445043802261, mean_queue:0.0
intersection:26, mean_episode_reward:0.1897221952676773, mean_queue:0.0
intersection:27, mean_episode_reward:0.17277774214744568, mean_queue:0.0
intersection:28, mean_episode_reward:0.14194443821907043, mean_queue:0.0
intersection:29, mean_episode_reward:0.10444443672895432, mean_queue:0.0
intersection:30, mean_episode_reward:0.18583332002162933, mean_queue:0.0
intersection:31, mean_episode_reward:0.04361111298203468, mean_queue:0.0
Test step:117/200, travel time :190.68965517241378, rewards:-8.610277642144098, queue:0.5010416666666667, delay:0.030962022145589192, throughput:1450
step:3600/3600, q_loss:1.405442476272583, rewards:-8.56611056857639, queue:0.4791666666666667, delay:0.029697222179836696, throughput:1450
episode:118/200, real avg travel time:189.9351724137931
intersection:0, mean_episode_reward:-1.4038883447647095, mean_queue:0.9333333373069763
intersection:1, mean_episode_reward:-0.5875000953674316, mean_queue:0.9750000238418579
intersection:2, mean_episode_reward:-0.7163891196250916, mean_queue:1.1777777671813965
intersection:3, mean_episode_reward:-1.4333332777023315, mean_queue:0.7749999761581421
intersection:4, mean_episode_reward:-0.6872222423553467, mean_queue:0.9305555820465088
intersection:5, mean_episode_reward:-0.030277777463197708, mean_queue:0.9916666746139526
intersection:6, mean_episode_reward:0.027222225442528725, mean_queue:0.9388889074325562
intersection:7, mean_episode_reward:-0.5708333253860474, mean_queue:0.6277777552604675
intersection:8, mean_episode_reward:-0.786666214466095, mean_queue:1.2166666984558105
intersection:9, mean_episode_reward:-0.09194444119930267, mean_queue:1.2222222089767456
intersection:10, mean_episode_reward:0.10500001162290573, mean_queue:1.0166666507720947
intersection:11, mean_episode_reward:-0.6088889241218567, mean_queue:0.9722222089767456
intersection:12, mean_episode_reward:-1.3386108875274658, mean_queue:1.019444465637207
intersection:13, mean_episode_reward:-0.5913892388343811, mean_queue:0.8472222089767456
intersection:14, mean_episode_reward:-0.46611106395721436, mean_queue:0.7749999761581421
intersection:15, mean_episode_reward:-1.4758332967758179, mean_queue:0.9138888716697693
intersection:16, mean_episode_reward:0.09666666388511658, mean_queue:0.0
intersection:17, mean_episode_reward:0.10972221940755844, mean_queue:0.0
intersection:18, mean_episode_reward:0.12472222745418549, mean_queue:0.0
intersection:19, mean_episode_reward:0.22111108899116516, mean_queue:0.0
intersection:20, mean_episode_reward:0.2661111056804657, mean_queue:0.0
intersection:21, mean_episode_reward:0.3116666078567505, mean_queue:0.0
intersection:22, mean_episode_reward:0.04222222790122032, mean_queue:0.0
intersection:23, mean_episode_reward:0.02472222037613392, mean_queue:0.0
intersection:24, mean_episode_reward:0.04194444417953491, mean_queue:0.0
intersection:25, mean_episode_reward:0.0763889029622078, mean_queue:0.0
intersection:26, mean_episode_reward:0.14611108601093292, mean_queue:0.0
intersection:27, mean_episode_reward:0.17694441974163055, mean_queue:0.0
intersection:28, mean_episode_reward:0.13777777552604675, mean_queue:0.0
intersection:29, mean_episode_reward:0.1136111170053482, mean_queue:0.0
intersection:30, mean_episode_reward:0.1344444304704666, mean_queue:0.0
intersection:31, mean_episode_reward:0.06638889759778976, mean_queue:0.0
Test step:118/200, travel time :190.17022742935907, rewards:-8.70527818467882, queue:0.4787326388888889, delay:0.029910606808132595, throughput:1451
step:3600/3600, q_loss:1.3935799598693848, rewards:-8.396664767795139, queue:0.48385416666666664, delay:0.03026180002424452, throughput:1450
episode:119/200, real avg travel time:189.9489655172414
intersection:0, mean_episode_reward:-1.3999998569488525, mean_queue:0.9416666626930237
intersection:1, mean_episode_reward:-0.5991668105125427, mean_queue:1.0083333253860474
intersection:2, mean_episode_reward:-0.6972219944000244, mean_queue:1.149999976158142
intersection:3, mean_episode_reward:-1.4677774906158447, mean_queue:0.8500000238418579
intersection:4, mean_episode_reward:-0.6658333539962769, mean_queue:0.9416666626930237
intersection:5, mean_episode_reward:0.088333360850811, mean_queue:0.9361110925674438
intersection:6, mean_episode_reward:-0.010833309963345528, mean_queue:0.9055555462837219
intersection:7, mean_episode_reward:-0.6158332824707031, mean_queue:0.6666666865348816
intersection:8, mean_episode_reward:-0.6147223114967346, mean_queue:1.2416666746139526
intersection:9, mean_episode_reward:-0.033888883888721466, mean_queue:1.1833332777023315
intersection:10, mean_episode_reward:0.06833334267139435, mean_queue:1.0611110925674438
intersection:11, mean_episode_reward:-0.7702776789665222, mean_queue:1.1583333015441895
intersection:12, mean_episode_reward:-1.3447223901748657, mean_queue:1.0777777433395386
intersection:13, mean_episode_reward:-0.6330553293228149, mean_queue:0.8611111044883728
intersection:14, mean_episode_reward:-0.4183334410190582, mean_queue:0.7138888835906982
intersection:15, mean_episode_reward:-1.3466660976409912, mean_queue:0.7861111164093018
intersection:16, mean_episode_reward:0.052222225815057755, mean_queue:0.0
intersection:17, mean_episode_reward:0.078888900578022, mean_queue:0.0
intersection:18, mean_episode_reward:0.17444442212581635, mean_queue:0.0
intersection:19, mean_episode_reward:0.23694443702697754, mean_queue:0.0
intersection:20, mean_episode_reward:0.23055554926395416, mean_queue:0.0
intersection:21, mean_episode_reward:0.24694442749023438, mean_queue:0.0
intersection:22, mean_episode_reward:0.04805555194616318, mean_queue:0.0
intersection:23, mean_episode_reward:0.03388889133930206, mean_queue:0.0
intersection:24, mean_episode_reward:0.052500005811452866, mean_queue:0.0
intersection:25, mean_episode_reward:0.07361111789941788, mean_queue:0.0
intersection:26, mean_episode_reward:0.15166664123535156, mean_queue:0.0
intersection:27, mean_episode_reward:0.18861113488674164, mean_queue:0.0
intersection:28, mean_episode_reward:0.14472219347953796, mean_queue:0.0
intersection:29, mean_episode_reward:0.09611111879348755, mean_queue:0.0
intersection:30, mean_episode_reward:0.21861107647418976, mean_queue:0.0
intersection:31, mean_episode_reward:0.03722222521901131, mean_queue:0.0
Test step:119/200, travel time :190.3310344827586, rewards:-8.46638929578993, queue:0.48880208333333336, delay:0.030704710218641493, throughput:1450
step:3600/3600, q_loss:1.3855924606323242, rewards:-8.346388075086805, queue:0.4665798611111111, delay:0.029180908203125, throughput:1451
episode:120/200, real avg travel time:188.72846312887663
intersection:0, mean_episode_reward:-1.3186116218566895, mean_queue:0.8694444298744202
intersection:1, mean_episode_reward:-0.6044445037841797, mean_queue:0.9888888597488403
intersection:2, mean_episode_reward:-0.7013884782791138, mean_queue:1.038888931274414
intersection:3, mean_episode_reward:-1.446110725402832, mean_queue:0.7861111164093018
intersection:4, mean_episode_reward:-0.7724998593330383, mean_queue:1.1333333253860474
intersection:5, mean_episode_reward:0.023888900876045227, mean_queue:0.9361110925674438
intersection:6, mean_episode_reward:0.07000001519918442, mean_queue:0.7916666865348816
intersection:7, mean_episode_reward:-0.4719444811344147, mean_queue:0.6138888597488403
intersection:8, mean_episode_reward:-0.6974998116493225, mean_queue:1.0833333730697632
intersection:9, mean_episode_reward:0.09777777642011642, mean_queue:1.1027777194976807
intersection:10, mean_episode_reward:-0.03638888895511627, mean_queue:0.9861111044883728
intersection:11, mean_episode_reward:-0.6552780866622925, mean_queue:0.9972222447395325
intersection:12, mean_episode_reward:-1.3474998474121094, mean_queue:1.0777777433395386
intersection:13, mean_episode_reward:-0.7708333134651184, mean_queue:0.9944444298744202
intersection:14, mean_episode_reward:-0.2880556881427765, mean_queue:0.6388888955116272
intersection:15, mean_episode_reward:-1.4533331394195557, mean_queue:0.8916666507720947
intersection:16, mean_episode_reward:0.07500000298023224, mean_queue:0.0
intersection:17, mean_episode_reward:0.10861111432313919, mean_queue:0.0
intersection:18, mean_episode_reward:0.11611110717058182, mean_queue:0.0
intersection:19, mean_episode_reward:0.23916666209697723, mean_queue:0.0
intersection:20, mean_episode_reward:0.2497221827507019, mean_queue:0.0
intersection:21, mean_episode_reward:0.26249998807907104, mean_queue:0.0
intersection:22, mean_episode_reward:0.053611114621162415, mean_queue:0.0
intersection:23, mean_episode_reward:0.02472222037613392, mean_queue:0.0
intersection:24, mean_episode_reward:0.07611111551523209, mean_queue:0.0
intersection:25, mean_episode_reward:0.1041666567325592, mean_queue:0.0
intersection:26, mean_episode_reward:0.14388887584209442, mean_queue:0.0
intersection:27, mean_episode_reward:0.1736111044883728, mean_queue:0.0
intersection:28, mean_episode_reward:0.13722221553325653, mean_queue:0.0
intersection:29, mean_episode_reward:0.10055553913116455, mean_queue:0.0
intersection:30, mean_episode_reward:0.10722222924232483, mean_queue:0.0
intersection:31, mean_episode_reward:0.05361111834645271, mean_queue:0.0
Test step:120/200, travel time :190.7206896551724, rewards:-8.574721950954862, queue:0.4925347222222222, delay:0.030477608574761283, throughput:1450
step:3600/3600, q_loss:1.3807084560394287, rewards:-8.648612467447917, queue:0.4808159722222222, delay:0.03019243346320258, throughput:1450
episode:121/200, real avg travel time:189.93379310344827
intersection:0, mean_episode_reward:-1.361389398574829, mean_queue:1.0305556058883667
intersection:1, mean_episode_reward:-0.5949999690055847, mean_queue:1.0472222566604614
intersection:2, mean_episode_reward:-0.5386109948158264, mean_queue:1.024999976158142
intersection:3, mean_episode_reward:-1.5505563020706177, mean_queue:0.8722222447395325
intersection:4, mean_episode_reward:-0.8186113834381104, mean_queue:1.1861110925674438
intersection:5, mean_episode_reward:0.06888891011476517, mean_queue:0.9666666388511658
intersection:6, mean_episode_reward:-0.09861105680465698, mean_queue:0.9027777910232544
intersection:7, mean_episode_reward:-0.4277779161930084, mean_queue:0.5527777671813965
intersection:8, mean_episode_reward:-0.5219448208808899, mean_queue:1.149999976158142
intersection:9, mean_episode_reward:-0.14638888835906982, mean_queue:1.3194444179534912
intersection:10, mean_episode_reward:-0.04555555060505867, mean_queue:0.9972222447395325
intersection:11, mean_episode_reward:-0.5211111307144165, mean_queue:0.8583333492279053
intersection:12, mean_episode_reward:-1.5194448232650757, mean_queue:1.149999976158142
intersection:13, mean_episode_reward:-0.7447214722633362, mean_queue:0.925000011920929
intersection:14, mean_episode_reward:-0.45499974489212036, mean_queue:0.6416666507720947
intersection:15, mean_episode_reward:-1.4413893222808838, mean_queue:0.7611111402511597
intersection:16, mean_episode_reward:0.06166667491197586, mean_queue:0.0
intersection:17, mean_episode_reward:0.13527779281139374, mean_queue:0.0
intersection:18, mean_episode_reward:0.13722221553325653, mean_queue:0.0
intersection:19, mean_episode_reward:0.2455555647611618, mean_queue:0.0
intersection:20, mean_episode_reward:0.23972220718860626, mean_queue:0.0
intersection:21, mean_episode_reward:0.2758333086967468, mean_queue:0.0
intersection:22, mean_episode_reward:0.040833331644535065, mean_queue:0.0
intersection:23, mean_episode_reward:0.024444447830319405, mean_queue:0.0
intersection:24, mean_episode_reward:0.07444445043802261, mean_queue:0.0
intersection:25, mean_episode_reward:0.10472222417593002, mean_queue:0.0
intersection:26, mean_episode_reward:0.14972218871116638, mean_queue:0.0
intersection:27, mean_episode_reward:0.16972221434116364, mean_queue:0.0
intersection:28, mean_episode_reward:0.11638887971639633, mean_queue:0.0
intersection:29, mean_episode_reward:0.10305554419755936, mean_queue:0.0
intersection:30, mean_episode_reward:0.11611110717058182, mean_queue:0.0
intersection:31, mean_episode_reward:0.07388889789581299, mean_queue:0.0
Test step:121/200, travel time :189.45065562456867, rewards:-8.450279405381945, queue:0.47934027777777777, delay:0.02955145835876465, throughput:1449
step:3600/3600, q_loss:1.3786087036132812, rewards:-8.729722086588541, queue:0.5000868055555555, delay:0.03043893708123101, throughput:1449
episode:122/200, real avg travel time:191.5072463768116
intersection:0, mean_episode_reward:-1.3441665172576904, mean_queue:0.9944444298744202
intersection:1, mean_episode_reward:-0.5358332395553589, mean_queue:0.9333333373069763
intersection:2, mean_episode_reward:-0.680277943611145, mean_queue:1.105555534362793
intersection:3, mean_episode_reward:-1.454444408416748, mean_queue:0.7833333611488342
intersection:4, mean_episode_reward:-0.8166669011116028, mean_queue:1.244444489479065
intersection:5, mean_episode_reward:-0.02444446086883545, mean_queue:1.005555510520935
intersection:6, mean_episode_reward:0.12722216546535492, mean_queue:0.8305555582046509
intersection:7, mean_episode_reward:-0.492777943611145, mean_queue:0.625
intersection:8, mean_episode_reward:-0.6922223567962646, mean_queue:1.1944444179534912
intersection:9, mean_episode_reward:-0.05833333358168602, mean_queue:1.2083333730697632
intersection:10, mean_episode_reward:-0.1266666203737259, mean_queue:1.149999976158142
intersection:11, mean_episode_reward:-0.7211112380027771, mean_queue:1.1083333492279053
intersection:12, mean_episode_reward:-1.2480547428131104, mean_queue:1.0916666984558105
intersection:13, mean_episode_reward:-0.7619444727897644, mean_queue:1.0750000476837158
intersection:14, mean_episode_reward:-0.4291667640209198, mean_queue:0.7138888835906982
intersection:15, mean_episode_reward:-1.501944661140442, mean_queue:0.9388889074325562
intersection:16, mean_episode_reward:0.07444445043802261, mean_queue:0.0
intersection:17, mean_episode_reward:0.09527778625488281, mean_queue:0.0
intersection:18, mean_episode_reward:0.10638889670372009, mean_queue:0.0
intersection:19, mean_episode_reward:0.277222216129303, mean_queue:0.0
intersection:20, mean_episode_reward:0.22833332419395447, mean_queue:0.0
intersection:21, mean_episode_reward:0.2197221964597702, mean_queue:0.0
intersection:22, mean_episode_reward:0.04666666314005852, mean_queue:0.0
intersection:23, mean_episode_reward:0.02472222037613392, mean_queue:0.0
intersection:24, mean_episode_reward:0.054166678339242935, mean_queue:0.0
intersection:25, mean_episode_reward:0.08055556565523148, mean_queue:0.0
intersection:26, mean_episode_reward:0.17972221970558167, mean_queue:0.0
intersection:27, mean_episode_reward:0.17638888955116272, mean_queue:0.0
intersection:28, mean_episode_reward:0.1272222101688385, mean_queue:0.0
intersection:29, mean_episode_reward:0.10277777910232544, mean_queue:0.0
intersection:30, mean_episode_reward:0.1688888818025589, mean_queue:0.0
intersection:31, mean_episode_reward:0.06861111521720886, mean_queue:0.0
Test step:122/200, travel time :189.13199723565998, rewards:-8.444166395399305, queue:0.46857638888888886, delay:0.029358492957221136, throughput:1447
step:3600/3600, q_loss:1.3288153409957886, rewards:-8.478887939453125, queue:0.4909722222222222, delay:0.03067752520243327, throughput:1451
episode:123/200, real avg travel time:190.68711233631979
intersection:0, mean_episode_reward:-1.2372218370437622, mean_queue:0.9277777671813965
intersection:1, mean_episode_reward:-0.6611109375953674, mean_queue:1.130555510520935
intersection:2, mean_episode_reward:-0.5900002121925354, mean_queue:1.1138888597488403
intersection:3, mean_episode_reward:-1.4958326816558838, mean_queue:0.9305555820465088
intersection:4, mean_episode_reward:-0.9475002884864807, mean_queue:1.125
intersection:5, mean_episode_reward:-0.13083329796791077, mean_queue:1.1027777194976807
intersection:6, mean_episode_reward:0.015555557794868946, mean_queue:0.8611111044883728
intersection:7, mean_episode_reward:-0.5369443297386169, mean_queue:0.6416666507720947
intersection:8, mean_episode_reward:-0.5330553650856018, mean_queue:1.1222221851348877
intersection:9, mean_episode_reward:0.1613888144493103, mean_queue:0.9944444298744202
intersection:10, mean_episode_reward:-0.025555558502674103, mean_queue:1.0222222805023193
intersection:11, mean_episode_reward:-0.4258333742618561, mean_queue:0.925000011920929
intersection:12, mean_episode_reward:-1.3716663122177124, mean_queue:1.0611110925674438
intersection:13, mean_episode_reward:-0.8061113953590393, mean_queue:0.9861111044883728
intersection:14, mean_episode_reward:-0.4524998664855957, mean_queue:0.8027777671813965
intersection:15, mean_episode_reward:-1.5533334016799927, mean_queue:0.9638888835906982
intersection:16, mean_episode_reward:0.0880555585026741, mean_queue:0.0
intersection:17, mean_episode_reward:0.11083333939313889, mean_queue:0.0
intersection:18, mean_episode_reward:0.0994444414973259, mean_queue:0.0
intersection:19, mean_episode_reward:0.24138885736465454, mean_queue:0.0
intersection:20, mean_episode_reward:0.25055554509162903, mean_queue:0.0
intersection:21, mean_episode_reward:0.26194441318511963, mean_queue:0.0
intersection:22, mean_episode_reward:0.04805555194616318, mean_queue:0.0
intersection:23, mean_episode_reward:0.0277777798473835, mean_queue:0.0
intersection:24, mean_episode_reward:0.048333339393138885, mean_queue:0.0
intersection:25, mean_episode_reward:0.10527776926755905, mean_queue:0.0
intersection:26, mean_episode_reward:0.17166660726070404, mean_queue:0.0
intersection:27, mean_episode_reward:0.1780555695295334, mean_queue:0.0
intersection:28, mean_episode_reward:0.14611110091209412, mean_queue:0.0
intersection:29, mean_episode_reward:0.10305554419755936, mean_queue:0.0
intersection:30, mean_episode_reward:0.14166666567325592, mean_queue:0.0
intersection:31, mean_episode_reward:0.08944443613290787, mean_queue:0.0
Test step:123/200, travel time :189.84530386740332, rewards:-8.248055013020833, queue:0.4817708333333333, delay:0.029751584264967178, throughput:1448
step:3600/3600, q_loss:1.3137645721435547, rewards:-8.282221815321181, queue:0.4691840277777778, delay:0.028830544153849284, throughput:1450
episode:124/200, real avg travel time:189.08344827586208
intersection:0, mean_episode_reward:-1.3388886451721191, mean_queue:0.980555534362793
intersection:1, mean_episode_reward:-0.4519440829753876, mean_queue:1.0222222805023193
intersection:2, mean_episode_reward:-0.5575001239776611, mean_queue:1.0222222805023193
intersection:3, mean_episode_reward:-1.515555500984192, mean_queue:0.8916666507720947
intersection:4, mean_episode_reward:-0.7866668105125427, mean_queue:1.019444465637207
intersection:5, mean_episode_reward:-0.06666667759418488, mean_queue:1.0777777433395386
intersection:6, mean_episode_reward:-0.10694441199302673, mean_queue:0.9055555462837219
intersection:7, mean_episode_reward:-0.5158334374427795, mean_queue:0.5611110925674438
intersection:8, mean_episode_reward:-0.5552777051925659, mean_queue:0.9611111283302307
intersection:9, mean_episode_reward:-0.019999990239739418, mean_queue:1.149999976158142
intersection:10, mean_episode_reward:-0.1486111581325531, mean_queue:1.0305556058883667
intersection:11, mean_episode_reward:-0.4258333742618561, mean_queue:0.8583333492279053
intersection:12, mean_episode_reward:-1.2933330535888672, mean_queue:0.9555555582046509
intersection:13, mean_episode_reward:-0.7391666173934937, mean_queue:0.9222221970558167
intersection:14, mean_episode_reward:-0.3572220802307129, mean_queue:0.7361111044883728
intersection:15, mean_episode_reward:-1.4666671752929688, mean_queue:0.9194444417953491
intersection:16, mean_episode_reward:0.05972222611308098, mean_queue:0.0
intersection:17, mean_episode_reward:0.07333333790302277, mean_queue:0.0
intersection:18, mean_episode_reward:0.11277778446674347, mean_queue:0.0
intersection:19, mean_episode_reward:0.2363888919353485, mean_queue:0.0
intersection:20, mean_episode_reward:0.2594444751739502, mean_queue:0.0
intersection:21, mean_episode_reward:0.2911110818386078, mean_queue:0.0
intersection:22, mean_episode_reward:0.03833333030343056, mean_queue:0.0
intersection:23, mean_episode_reward:0.024444442242383957, mean_queue:0.0
intersection:24, mean_episode_reward:0.052500005811452866, mean_queue:0.0
intersection:25, mean_episode_reward:0.08388890326023102, mean_queue:0.0
intersection:26, mean_episode_reward:0.17249996960163116, mean_queue:0.0
intersection:27, mean_episode_reward:0.1783333271741867, mean_queue:0.0
intersection:28, mean_episode_reward:0.1594444364309311, mean_queue:0.0
intersection:29, mean_episode_reward:0.1133333221077919, mean_queue:0.0
intersection:30, mean_episode_reward:0.1386111080646515, mean_queue:0.0
intersection:31, mean_episode_reward:0.06972222775220871, mean_queue:0.0
Test step:124/200, travel time :189.55900621118013, rewards:-8.60138888888889, queue:0.4732638888888889, delay:0.029771576987372504, throughput:1449
step:3600/3600, q_loss:1.291070580482483, rewards:-8.514166259765625, queue:0.48723958333333334, delay:0.03017783694797092, throughput:1451
episode:125/200, real avg travel time:190.19503790489318
intersection:0, mean_episode_reward:-1.2747222185134888, mean_queue:0.8638888597488403
intersection:1, mean_episode_reward:-0.5144444108009338, mean_queue:1.0361111164093018
intersection:2, mean_episode_reward:-0.720277726650238, mean_queue:1.0416666269302368
intersection:3, mean_episode_reward:-1.3844441175460815, mean_queue:0.8222222328186035
intersection:4, mean_episode_reward:-0.7094442844390869, mean_queue:1.0166666507720947
intersection:5, mean_episode_reward:-0.08250001817941666, mean_queue:1.1527777910232544
intersection:6, mean_episode_reward:0.04277779161930084, mean_queue:0.8777777552604675
intersection:7, mean_episode_reward:-0.36861106753349304, mean_queue:0.6000000238418579
intersection:8, mean_episode_reward:-0.4641667306423187, mean_queue:1.2055555582046509
intersection:9, mean_episode_reward:-0.08555558323860168, mean_queue:1.211111068725586
intersection:10, mean_episode_reward:-0.018333345651626587, mean_queue:0.9972222447395325
intersection:11, mean_episode_reward:-0.6502780318260193, mean_queue:0.9277777671813965
intersection:12, mean_episode_reward:-1.5316662788391113, mean_queue:1.2916666269302368
intersection:13, mean_episode_reward:-0.887499988079071, mean_queue:1.0499999523162842
intersection:14, mean_episode_reward:-0.42638906836509705, mean_queue:0.699999988079071
intersection:15, mean_episode_reward:-1.4599995613098145, mean_queue:0.7972221970558167
intersection:16, mean_episode_reward:0.0416666679084301, mean_queue:0.0
intersection:17, mean_episode_reward:0.08611112087965012, mean_queue:0.0
intersection:18, mean_episode_reward:0.15805554389953613, mean_queue:0.0
intersection:19, mean_episode_reward:0.23222219944000244, mean_queue:0.0
intersection:20, mean_episode_reward:0.2522221803665161, mean_queue:0.0
intersection:21, mean_episode_reward:0.2497222125530243, mean_queue:0.0
intersection:22, mean_episode_reward:0.06499999761581421, mean_queue:0.0
intersection:23, mean_episode_reward:0.02250000089406967, mean_queue:0.0
intersection:24, mean_episode_reward:0.060555558651685715, mean_queue:0.0
intersection:25, mean_episode_reward:0.08305556327104568, mean_queue:0.0
intersection:26, mean_episode_reward:0.14722220599651337, mean_queue:0.0
intersection:27, mean_episode_reward:0.17638888955116272, mean_queue:0.0
intersection:28, mean_episode_reward:0.13472221791744232, mean_queue:0.0
intersection:29, mean_episode_reward:0.09499999135732651, mean_queue:0.0
intersection:30, mean_episode_reward:0.16527776420116425, mean_queue:0.0
intersection:31, mean_episode_reward:0.05166666954755783, mean_queue:0.0
Test step:125/200, travel time :188.01862068965517, rewards:-8.34027845594618, queue:0.45329861111111114, delay:0.02828854454888238, throughput:1450
step:3600/3600, q_loss:1.2874040603637695, rewards:-8.337778727213541, queue:0.46987847222222223, delay:0.029153701994154187, throughput:1450
episode:126/200, real avg travel time:189.01310344827587
intersection:0, mean_episode_reward:-1.2252774238586426, mean_queue:0.9055555462837219
intersection:1, mean_episode_reward:-0.4677777886390686, mean_queue:0.949999988079071
intersection:2, mean_episode_reward:-0.5447222590446472, mean_queue:1.0027778148651123
intersection:3, mean_episode_reward:-1.6247225999832153, mean_queue:0.925000011920929
intersection:4, mean_episode_reward:-0.8250004053115845, mean_queue:1.0833333730697632
intersection:5, mean_episode_reward:-0.0783333107829094, mean_queue:1.1333333253860474
intersection:6, mean_episode_reward:0.04805554449558258, mean_queue:0.8999999761581421
intersection:7, mean_episode_reward:-0.4427776634693146, mean_queue:0.5833333134651184
intersection:8, mean_episode_reward:-0.6744445562362671, mean_queue:1.0722222328186035
intersection:9, mean_episode_reward:-0.15611106157302856, mean_queue:1.244444489479065
intersection:10, mean_episode_reward:0.03916669264435768, mean_queue:0.9944444298744202
intersection:11, mean_episode_reward:-0.6658335328102112, mean_queue:0.9694444537162781
intersection:12, mean_episode_reward:-1.1550003290176392, mean_queue:0.8805555701255798
intersection:13, mean_episode_reward:-0.659444272518158, mean_queue:0.8972222208976746
intersection:14, mean_episode_reward:-0.4186110496520996, mean_queue:0.6944444179534912
intersection:15, mean_episode_reward:-1.4361107349395752, mean_queue:0.800000011920929
intersection:16, mean_episode_reward:0.07527777552604675, mean_queue:0.0
intersection:17, mean_episode_reward:0.0855555608868599, mean_queue:0.0
intersection:18, mean_episode_reward:0.11388888955116272, mean_queue:0.0
intersection:19, mean_episode_reward:0.22583329677581787, mean_queue:0.0
intersection:20, mean_episode_reward:0.2402777522802353, mean_queue:0.0
intersection:21, mean_episode_reward:0.19583334028720856, mean_queue:0.0
intersection:22, mean_episode_reward:0.0786111131310463, mean_queue:0.0
intersection:23, mean_episode_reward:0.030833333730697632, mean_queue:0.0
intersection:24, mean_episode_reward:0.05222222954034805, mean_queue:0.0
intersection:25, mean_episode_reward:0.07861112058162689, mean_queue:0.0
intersection:26, mean_episode_reward:0.17638887465000153, mean_queue:0.0
intersection:27, mean_episode_reward:0.17194445431232452, mean_queue:0.0
intersection:28, mean_episode_reward:0.1152777448296547, mean_queue:0.0
intersection:29, mean_episode_reward:0.10472222417593002, mean_queue:0.0
intersection:30, mean_episode_reward:0.15388889610767365, mean_queue:0.0
intersection:31, mean_episode_reward:0.05000000074505806, mean_queue:0.0
Test step:126/200, travel time :189.06547208821502, rewards:-8.574167887369791, queue:0.47109375, delay:0.02912351025475396, throughput:1451
step:3600/3600, q_loss:1.3004850149154663, rewards:-8.430554877387152, queue:0.47317708333333336, delay:0.029667645030551488, throughput:1448
episode:127/200, real avg travel time:189.89364640883977
intersection:0, mean_episode_reward:-1.26638925075531, mean_queue:0.9611111283302307
intersection:1, mean_episode_reward:-0.5413888096809387, mean_queue:1.0666667222976685
intersection:2, mean_episode_reward:-0.6519442796707153, mean_queue:1.0750000476837158
intersection:3, mean_episode_reward:-1.5219440460205078, mean_queue:0.8333333134651184
intersection:4, mean_episode_reward:-0.8325002193450928, mean_queue:1.086111068725586
intersection:5, mean_episode_reward:-0.10611101984977722, mean_queue:1.0666667222976685
intersection:6, mean_episode_reward:0.18222223222255707, mean_queue:0.7333333492279053
intersection:7, mean_episode_reward:-0.5061111450195312, mean_queue:0.5666666626930237
intersection:8, mean_episode_reward:-0.5313891172409058, mean_queue:1.0222222805023193
intersection:9, mean_episode_reward:0.020000018179416656, mean_queue:1.1611111164093018
intersection:10, mean_episode_reward:-0.09055551141500473, mean_queue:1.119444489479065
intersection:11, mean_episode_reward:-0.6033331751823425, mean_queue:0.9444444179534912
intersection:12, mean_episode_reward:-1.4563887119293213, mean_queue:1.100000023841858
intersection:13, mean_episode_reward:-0.6449998617172241, mean_queue:0.8694444298744202
intersection:14, mean_episode_reward:-0.5425002574920654, mean_queue:0.7472222447395325
intersection:15, mean_episode_reward:-1.414722204208374, mean_queue:0.7888888716697693
intersection:16, mean_episode_reward:0.07555556297302246, mean_queue:0.0
intersection:17, mean_episode_reward:0.09361110627651215, mean_queue:0.0
intersection:18, mean_episode_reward:0.13555555045604706, mean_queue:0.0
intersection:19, mean_episode_reward:0.2641666829586029, mean_queue:0.0
intersection:20, mean_episode_reward:0.24916668236255646, mean_queue:0.0
intersection:21, mean_episode_reward:0.24111109972000122, mean_queue:0.0
intersection:22, mean_episode_reward:0.07222222536802292, mean_queue:0.0
intersection:23, mean_episode_reward:0.02527777850627899, mean_queue:0.0
intersection:24, mean_episode_reward:0.052500005811452866, mean_queue:0.0
intersection:25, mean_episode_reward:0.07444444298744202, mean_queue:0.0
intersection:26, mean_episode_reward:0.15583330392837524, mean_queue:0.0
intersection:27, mean_episode_reward:0.1691666841506958, mean_queue:0.0
intersection:28, mean_episode_reward:0.1413888931274414, mean_queue:0.0
intersection:29, mean_episode_reward:0.10805553942918777, mean_queue:0.0
intersection:30, mean_episode_reward:0.13333334028720856, mean_queue:0.0
intersection:31, mean_episode_reward:0.08611111342906952, mean_queue:0.0
Test step:127/200, travel time :188.98898071625345, rewards:-8.58944363064236, queue:0.4697048611111111, delay:0.029432137807210285, throughput:1452
step:3600/3600, q_loss:1.297518014907837, rewards:-8.382779947916667, queue:0.46336805555555555, delay:0.02868374188741048, throughput:1449
episode:128/200, real avg travel time:188.44927536231884
intersection:0, mean_episode_reward:-1.2344449758529663, mean_queue:0.8083333373069763
intersection:1, mean_episode_reward:-0.5113888382911682, mean_queue:0.9555555582046509
intersection:2, mean_episode_reward:-0.6347222924232483, mean_queue:1.086111068725586
intersection:3, mean_episode_reward:-1.4894453287124634, mean_queue:0.8583333492279053
intersection:4, mean_episode_reward:-0.7324999570846558, mean_queue:1.0972222089767456
intersection:5, mean_episode_reward:-0.07249996066093445, mean_queue:1.0166666507720947
intersection:6, mean_episode_reward:-0.0033333366736769676, mean_queue:0.9027777910232544
intersection:7, mean_episode_reward:-0.5544445514678955, mean_queue:0.6777777671813965
intersection:8, mean_episode_reward:-0.7330558896064758, mean_queue:1.1333333253860474
intersection:9, mean_episode_reward:-0.02833331935107708, mean_queue:1.105555534362793
intersection:10, mean_episode_reward:-0.051111120730638504, mean_queue:1.0083333253860474
intersection:11, mean_episode_reward:-0.5511111617088318, mean_queue:0.8305555582046509
intersection:12, mean_episode_reward:-1.1716668605804443, mean_queue:0.8416666388511658
intersection:13, mean_episode_reward:-0.7088889479637146, mean_queue:0.8722222447395325
intersection:14, mean_episode_reward:-0.4308333098888397, mean_queue:0.7472222447395325
intersection:15, mean_episode_reward:-1.4686110019683838, mean_queue:0.8861111402511597
intersection:16, mean_episode_reward:0.07222222536802292, mean_queue:0.0
intersection:17, mean_episode_reward:0.12277776747941971, mean_queue:0.0
intersection:18, mean_episode_reward:0.1088888943195343, mean_queue:0.0
intersection:19, mean_episode_reward:0.20972220599651337, mean_queue:0.0
intersection:20, mean_episode_reward:0.24333332479000092, mean_queue:0.0
intersection:21, mean_episode_reward:0.266388863325119, mean_queue:0.0
intersection:22, mean_episode_reward:0.05277777835726738, mean_queue:0.0
intersection:23, mean_episode_reward:0.03138888627290726, mean_queue:0.0
intersection:24, mean_episode_reward:0.057500001043081284, mean_queue:0.0
intersection:25, mean_episode_reward:0.07527778297662735, mean_queue:0.0
intersection:26, mean_episode_reward:0.17694440484046936, mean_queue:0.0
intersection:27, mean_episode_reward:0.17277780175209045, mean_queue:0.0
intersection:28, mean_episode_reward:0.11611109972000122, mean_queue:0.0
intersection:29, mean_episode_reward:0.10777777433395386, mean_queue:0.0
intersection:30, mean_episode_reward:0.11944444477558136, mean_queue:0.0
intersection:31, mean_episode_reward:0.060277778655290604, mean_queue:0.0
Test step:128/200, travel time :190.3616287094548, rewards:-8.539999728732639, queue:0.48203125, delay:0.029537921481662326, throughput:1449
step:3600/3600, q_loss:1.2921977043151855, rewards:-8.565833875868055, queue:0.47552083333333334, delay:0.02904065450032552, throughput:1448
episode:129/200, real avg travel time:189.1995856353591
intersection:0, mean_episode_reward:-1.1919444799423218, mean_queue:0.8583333492279053
intersection:1, mean_episode_reward:-0.5372224450111389, mean_queue:0.9694444537162781
intersection:2, mean_episode_reward:-0.8091666102409363, mean_queue:1.1555556058883667
intersection:3, mean_episode_reward:-1.4641666412353516, mean_queue:0.8194444179534912
intersection:4, mean_episode_reward:-0.7052780985832214, mean_queue:1.038888931274414
intersection:5, mean_episode_reward:-0.050277821719646454, mean_queue:1.105555534362793
intersection:6, mean_episode_reward:0.1508333534002304, mean_queue:0.8222222328186035
intersection:7, mean_episode_reward:-0.4702777862548828, mean_queue:0.5472221970558167
intersection:8, mean_episode_reward:-0.7877773642539978, mean_queue:1.2194443941116333
intersection:9, mean_episode_reward:-0.1161111518740654, mean_queue:1.2722222805023193
intersection:10, mean_episode_reward:-0.10972224175930023, mean_queue:1.0722222328186035
intersection:11, mean_episode_reward:-0.4441666603088379, mean_queue:0.9111111164093018
intersection:12, mean_episode_reward:-1.2391668558120728, mean_queue:0.9750000238418579
intersection:13, mean_episode_reward:-0.7908335328102112, mean_queue:0.9222221970558167
intersection:14, mean_episode_reward:-0.6688888072967529, mean_queue:0.7444444298744202
intersection:15, mean_episode_reward:-1.3941669464111328, mean_queue:0.7833333611488342
intersection:16, mean_episode_reward:0.03444444760680199, mean_queue:0.0
intersection:17, mean_episode_reward:0.08916667103767395, mean_queue:0.0
intersection:18, mean_episode_reward:0.15388886630535126, mean_queue:0.0
intersection:19, mean_episode_reward:0.2824999690055847, mean_queue:0.0
intersection:20, mean_episode_reward:0.22611115872859955, mean_queue:0.0
intersection:21, mean_episode_reward:0.1966666728258133, mean_queue:0.0
intersection:22, mean_episode_reward:0.04444444924592972, mean_queue:0.0
intersection:23, mean_episode_reward:0.03444444760680199, mean_queue:0.0
intersection:24, mean_episode_reward:0.08222223073244095, mean_queue:0.0
intersection:25, mean_episode_reward:0.0902777910232544, mean_queue:0.0
intersection:26, mean_episode_reward:0.19944442808628082, mean_queue:0.0
intersection:27, mean_episode_reward:0.16472221910953522, mean_queue:0.0
intersection:28, mean_episode_reward:0.10972221195697784, mean_queue:0.0
intersection:29, mean_episode_reward:0.10833333432674408, mean_queue:0.0
intersection:30, mean_episode_reward:0.19527776539325714, mean_queue:0.0
intersection:31, mean_episode_reward:0.050833337008953094, mean_queue:0.0
Test step:129/200, travel time :189.85970974429856, rewards:-8.755555555555556, queue:0.48385416666666664, delay:0.030228779051038955, throughput:1447
step:3600/3600, q_loss:1.2916229963302612, rewards:-8.583890109592014, queue:0.48637152777777776, delay:0.029295362366570366, throughput:1450
episode:130/200, real avg travel time:190.17172413793102
intersection:0, mean_episode_reward:-1.3486112356185913, mean_queue:0.9361110925674438
intersection:1, mean_episode_reward:-0.4458335340023041, mean_queue:0.8888888955116272
intersection:2, mean_episode_reward:-0.7205556035041809, mean_queue:1.149999976158142
intersection:3, mean_episode_reward:-1.4802775382995605, mean_queue:0.8194444179534912
intersection:4, mean_episode_reward:-0.6394444704055786, mean_queue:1.1138888597488403
intersection:5, mean_episode_reward:0.05972221866250038, mean_queue:0.9833333492279053
intersection:6, mean_episode_reward:0.010277777910232544, mean_queue:0.875
intersection:7, mean_episode_reward:-0.4802779257297516, mean_queue:0.6888889074325562
intersection:8, mean_episode_reward:-0.6836110353469849, mean_queue:1.1916667222976685
intersection:9, mean_episode_reward:-0.07305559515953064, mean_queue:1.2638888359069824
intersection:10, mean_episode_reward:-0.057222213596105576, mean_queue:1.024999976158142
intersection:11, mean_episode_reward:-0.5305556654930115, mean_queue:1.0722222328186035
intersection:12, mean_episode_reward:-1.2625000476837158, mean_queue:0.9277777671813965
intersection:13, mean_episode_reward:-0.9891666173934937, mean_queue:1.0305556058883667
intersection:14, mean_episode_reward:-0.39444440603256226, mean_queue:0.6333333253860474
intersection:15, mean_episode_reward:-1.5063889026641846, mean_queue:0.9638888835906982
intersection:16, mean_episode_reward:0.05277778208255768, mean_queue:0.0
intersection:17, mean_episode_reward:0.10861111432313919, mean_queue:0.0
intersection:18, mean_episode_reward:0.1386111080646515, mean_queue:0.0
intersection:19, mean_episode_reward:0.2313888520002365, mean_queue:0.0
intersection:20, mean_episode_reward:0.23305551707744598, mean_queue:0.0
intersection:21, mean_episode_reward:0.21916666626930237, mean_queue:0.0
intersection:22, mean_episode_reward:0.04749999940395355, mean_queue:0.0
intersection:23, mean_episode_reward:0.023055555298924446, mean_queue:0.0
intersection:24, mean_episode_reward:0.053888898342847824, mean_queue:0.0
intersection:25, mean_episode_reward:0.07666666060686111, mean_queue:0.0
intersection:26, mean_episode_reward:0.16083331406116486, mean_queue:0.0
intersection:27, mean_episode_reward:0.17666667699813843, mean_queue:0.0
intersection:28, mean_episode_reward:0.10833331942558289, mean_queue:0.0
intersection:29, mean_episode_reward:0.09555555135011673, mean_queue:0.0
intersection:30, mean_episode_reward:0.17444443702697754, mean_queue:0.0
intersection:31, mean_episode_reward:0.057500001043081284, mean_queue:0.0
Test step:130/200, travel time :190.25984796129924, rewards:-8.493611653645834, queue:0.48932291666666666, delay:0.030240763558281793, throughput:1447
step:3600/3600, q_loss:1.29209303855896, rewards:-8.505001491970486, queue:0.4732638888888889, delay:0.029920932981703015, throughput:1448
episode:131/200, real avg travel time:189.417817679558
intersection:0, mean_episode_reward:-1.34250009059906, mean_queue:1.0111111402511597
intersection:1, mean_episode_reward:-0.6413888931274414, mean_queue:1.149999976158142
intersection:2, mean_episode_reward:-0.606666624546051, mean_queue:1.1027777194976807
intersection:3, mean_episode_reward:-1.6686115264892578, mean_queue:1.0333333015441895
intersection:4, mean_episode_reward:-0.6908332109451294, mean_queue:0.9611111283302307
intersection:5, mean_episode_reward:0.05388891324400902, mean_queue:0.9305555820465088
intersection:6, mean_episode_reward:-0.05444439873099327, mean_queue:0.8027777671813965
intersection:7, mean_episode_reward:-0.5033334493637085, mean_queue:0.5944444537162781
intersection:8, mean_episode_reward:-0.6402776837348938, mean_queue:1.1888889074325562
intersection:9, mean_episode_reward:0.08083328604698181, mean_queue:1.0
intersection:10, mean_episode_reward:0.0161110982298851, mean_queue:0.9722222089767456
intersection:11, mean_episode_reward:-0.4191667437553406, mean_queue:0.8777777552604675
intersection:12, mean_episode_reward:-1.421110987663269, mean_queue:1.0361111164093018
intersection:13, mean_episode_reward:-0.8158338665962219, mean_queue:0.9111111164093018
intersection:14, mean_episode_reward:-0.5811113715171814, mean_queue:0.7527777552604675
intersection:15, mean_episode_reward:-1.3977776765823364, mean_queue:0.8194444179534912
intersection:16, mean_episode_reward:0.04583333432674408, mean_queue:0.0
intersection:17, mean_episode_reward:0.08972222357988358, mean_queue:0.0
intersection:18, mean_episode_reward:0.15555556118488312, mean_queue:0.0
intersection:19, mean_episode_reward:0.23694440722465515, mean_queue:0.0
intersection:20, mean_episode_reward:0.26027774810791016, mean_queue:0.0
intersection:21, mean_episode_reward:0.3266666531562805, mean_queue:0.0
intersection:22, mean_episode_reward:0.04722222313284874, mean_queue:0.0
intersection:23, mean_episode_reward:0.025555554777383804, mean_queue:0.0
intersection:24, mean_episode_reward:0.06805556267499924, mean_queue:0.0
intersection:25, mean_episode_reward:0.08166667819023132, mean_queue:0.0
intersection:26, mean_episode_reward:0.17944440245628357, mean_queue:0.0
intersection:27, mean_episode_reward:0.17972223460674286, mean_queue:0.0
intersection:28, mean_episode_reward:0.12749998271465302, mean_queue:0.0
intersection:29, mean_episode_reward:0.12194440513849258, mean_queue:0.0
intersection:30, mean_episode_reward:0.12472221255302429, mean_queue:0.0
intersection:31, mean_episode_reward:0.05638889595866203, mean_queue:0.0
Test step:131/200, travel time :190.82746721877157, rewards:-8.701666937934029, queue:0.4887152777777778, delay:0.02980616357591417, throughput:1449
step:3600/3600, q_loss:1.2783013582229614, rewards:-8.924723307291666, queue:0.5046006944444444, delay:0.03059910668267144, throughput:1451
episode:132/200, real avg travel time:191.71536871123362
intersection:0, mean_episode_reward:-1.4022221565246582, mean_queue:1.0083333253860474
intersection:1, mean_episode_reward:-0.5136111974716187, mean_queue:1.0472222566604614
intersection:2, mean_episode_reward:-0.6516662836074829, mean_queue:1.163888931274414
intersection:3, mean_episode_reward:-1.4986121654510498, mean_queue:0.8722222447395325
intersection:4, mean_episode_reward:-0.7158335447311401, mean_queue:1.005555510520935
intersection:5, mean_episode_reward:-0.0030555527191609144, mean_queue:1.005555510520935
intersection:6, mean_episode_reward:-0.0022222523111850023, mean_queue:0.8972222208976746
intersection:7, mean_episode_reward:-0.5738890767097473, mean_queue:0.6166666746139526
intersection:8, mean_episode_reward:-0.39611104130744934, mean_queue:1.2361111640930176
intersection:9, mean_episode_reward:0.049444474279880524, mean_queue:1.1277778148651123
intersection:10, mean_episode_reward:-0.024444449692964554, mean_queue:1.0444444417953491
intersection:11, mean_episode_reward:-0.519444465637207, mean_queue:0.8611111044883728
intersection:12, mean_episode_reward:-2.373055934906006, mean_queue:1.9305555820465088
intersection:13, mean_episode_reward:-0.6205555200576782, mean_queue:0.8833333253860474
intersection:14, mean_episode_reward:-0.4958333671092987, mean_queue:0.7027778029441833
intersection:15, mean_episode_reward:-1.2663884162902832, mean_queue:0.7444444298744202
intersection:16, mean_episode_reward:0.056388892233371735, mean_queue:0.0
intersection:17, mean_episode_reward:0.09805556386709213, mean_queue:0.0
intersection:18, mean_episode_reward:0.12999998033046722, mean_queue:0.0
intersection:19, mean_episode_reward:0.26194438338279724, mean_queue:0.0
intersection:20, mean_episode_reward:0.24861106276512146, mean_queue:0.0
intersection:21, mean_episode_reward:0.22555555403232574, mean_queue:0.0
intersection:22, mean_episode_reward:0.04444444552063942, mean_queue:0.0
intersection:23, mean_episode_reward:0.025555554777383804, mean_queue:0.0
intersection:24, mean_episode_reward:0.1644444465637207, mean_queue:0.0
intersection:25, mean_episode_reward:0.09611111879348755, mean_queue:0.0
intersection:26, mean_episode_reward:0.16916662454605103, mean_queue:0.0
intersection:27, mean_episode_reward:0.1711111068725586, mean_queue:0.0
intersection:28, mean_episode_reward:0.1272222101688385, mean_queue:0.0
intersection:29, mean_episode_reward:0.10444442927837372, mean_queue:0.0
intersection:30, mean_episode_reward:0.10611111670732498, mean_queue:0.0
intersection:31, mean_episode_reward:0.053611114621162415, mean_queue:0.0
Test step:132/200, travel time :191.17748618784532, rewards:-8.530833604600694, queue:0.4978298611111111, delay:0.03106249968210856, throughput:1448
step:3600/3600, q_loss:1.2808690071105957, rewards:-8.577501085069445, queue:0.46241319444444445, delay:0.029165498415629067, throughput:1452
episode:133/200, real avg travel time:189.1831955922865
intersection:0, mean_episode_reward:-1.1702781915664673, mean_queue:0.8777777552604675
intersection:1, mean_episode_reward:-0.4308333098888397, mean_queue:0.8361111283302307
intersection:2, mean_episode_reward:-0.5483331680297852, mean_queue:1.0305556058883667
intersection:3, mean_episode_reward:-1.5561110973358154, mean_queue:0.8111110925674438
intersection:4, mean_episode_reward:-0.8361116051673889, mean_queue:1.1222221851348877
intersection:5, mean_episode_reward:-0.05499996244907379, mean_queue:0.9972222447395325
intersection:6, mean_episode_reward:0.029444444924592972, mean_queue:0.824999988079071
intersection:7, mean_episode_reward:-0.5413889288902283, mean_queue:0.5833333134651184
intersection:8, mean_episode_reward:-0.7633331418037415, mean_queue:1.0944443941116333
intersection:9, mean_episode_reward:-0.051944419741630554, mean_queue:0.9888888597488403
intersection:10, mean_episode_reward:-0.007777772843837738, mean_queue:0.9444444179534912
intersection:11, mean_episode_reward:-0.8211113810539246, mean_queue:1.1555556058883667
intersection:12, mean_episode_reward:-1.3408334255218506, mean_queue:1.1166666746139526
intersection:13, mean_episode_reward:-0.7608327865600586, mean_queue:1.0138888359069824
intersection:14, mean_episode_reward:-0.3802778124809265, mean_queue:0.6111111044883728
intersection:15, mean_episode_reward:-1.240277886390686, mean_queue:0.7888888716697693
intersection:16, mean_episode_reward:0.04944444075226784, mean_queue:0.0
intersection:17, mean_episode_reward:0.0741666704416275, mean_queue:0.0
intersection:18, mean_episode_reward:0.11583331227302551, mean_queue:0.0
intersection:19, mean_episode_reward:0.2244444340467453, mean_queue:0.0
intersection:20, mean_episode_reward:0.23694443702697754, mean_queue:0.0
intersection:21, mean_episode_reward:0.20055556297302246, mean_queue:0.0
intersection:22, mean_episode_reward:0.047777775675058365, mean_queue:0.0
intersection:23, mean_episode_reward:0.031111110001802444, mean_queue:0.0
intersection:24, mean_episode_reward:0.05166667327284813, mean_queue:0.0
intersection:25, mean_episode_reward:0.10722222924232483, mean_queue:0.0
intersection:26, mean_episode_reward:0.14472219347953796, mean_queue:0.0
intersection:27, mean_episode_reward:0.1619444340467453, mean_queue:0.0
intersection:28, mean_episode_reward:0.11888887733221054, mean_queue:0.0
intersection:29, mean_episode_reward:0.10138888657093048, mean_queue:0.0
intersection:30, mean_episode_reward:0.1480555385351181, mean_queue:0.0
intersection:31, mean_episode_reward:0.0833333358168602, mean_queue:0.0
Test step:133/200, travel time :189.1577134986226, rewards:-8.659168836805556, queue:0.4722222222222222, delay:0.0294388665093316, throughput:1452
step:3600/3600, q_loss:1.2664330005645752, rewards:-8.57611083984375, queue:0.4774305555555556, delay:0.029494047164916992, throughput:1449
episode:134/200, real avg travel time:189.8681849551415
intersection:0, mean_episode_reward:-1.2063889503479004, mean_queue:0.7944444417953491
intersection:1, mean_episode_reward:-0.728611171245575, mean_queue:0.9027777910232544
intersection:2, mean_episode_reward:-0.5077778100967407, mean_queue:1.0138888359069824
intersection:3, mean_episode_reward:-1.571110486984253, mean_queue:0.9111111164093018
intersection:4, mean_episode_reward:-0.7441667914390564, mean_queue:1.005555510520935
intersection:5, mean_episode_reward:0.10694443434476852, mean_queue:0.9416666626930237
intersection:6, mean_episode_reward:-0.0036111162044107914, mean_queue:0.7861111164093018
intersection:7, mean_episode_reward:-0.5963888168334961, mean_queue:0.6833333373069763
intersection:8, mean_episode_reward:-0.508888840675354, mean_queue:1.0583332777023315
intersection:9, mean_episode_reward:0.018611149862408638, mean_queue:1.2277777194976807
intersection:10, mean_episode_reward:-0.08027776330709457, mean_queue:1.1416666507720947
intersection:11, mean_episode_reward:-0.6986110210418701, mean_queue:1.2083333730697632
intersection:12, mean_episode_reward:-1.419166922569275, mean_queue:1.005555510520935
intersection:13, mean_episode_reward:-0.8897219896316528, mean_queue:1.0166666507720947
intersection:14, mean_episode_reward:-0.4358336627483368, mean_queue:0.6916666626930237
intersection:15, mean_episode_reward:-1.337777853012085, mean_queue:0.8888888955116272
intersection:16, mean_episode_reward:0.04972222074866295, mean_queue:0.0
intersection:17, mean_episode_reward:0.07222222536802292, mean_queue:0.0
intersection:18, mean_episode_reward:0.1136111170053482, mean_queue:0.0
intersection:19, mean_episode_reward:0.2641666531562805, mean_queue:0.0
intersection:20, mean_episode_reward:0.23777775466442108, mean_queue:0.0
intersection:21, mean_episode_reward:0.2197222113609314, mean_queue:0.0
intersection:22, mean_episode_reward:0.05277777835726738, mean_queue:0.0
intersection:23, mean_episode_reward:0.02361111156642437, mean_queue:0.0
intersection:24, mean_episode_reward:0.03638888895511627, mean_queue:0.0
intersection:25, mean_episode_reward:0.08305556327104568, mean_queue:0.0
intersection:26, mean_episode_reward:0.16361106932163239, mean_queue:0.0
intersection:27, mean_episode_reward:0.1713888794183731, mean_queue:0.0
intersection:28, mean_episode_reward:0.10472222417593002, mean_queue:0.0
intersection:29, mean_episode_reward:0.12833333015441895, mean_queue:0.0
intersection:30, mean_episode_reward:0.24111105501651764, mean_queue:0.0
intersection:31, mean_episode_reward:0.06444445252418518, mean_queue:0.0
Test step:134/200, travel time :189.1783746556474, rewards:-8.259444173177084, queue:0.46727430555555555, delay:0.02913578881157769, throughput:1452
step:3600/3600, q_loss:1.2722166776657104, rewards:-8.595555284288194, queue:0.47630208333333335, delay:0.029817194408840602, throughput:1450
episode:135/200, real avg travel time:189.98206896551724
intersection:0, mean_episode_reward:-1.3280547857284546, mean_queue:0.9361110925674438
intersection:1, mean_episode_reward:-0.600277841091156, mean_queue:1.0805555582046509
intersection:2, mean_episode_reward:-0.5927776098251343, mean_queue:1.0333333015441895
intersection:3, mean_episode_reward:-1.6397219896316528, mean_queue:0.9750000238418579
intersection:4, mean_episode_reward:-0.6811113357543945, mean_queue:1.0
intersection:5, mean_episode_reward:0.03527773544192314, mean_queue:0.9361110925674438
intersection:6, mean_episode_reward:0.15111111104488373, mean_queue:0.8027777671813965
intersection:7, mean_episode_reward:-0.558611273765564, mean_queue:0.6416666507720947
intersection:8, mean_episode_reward:-0.6977778673171997, mean_queue:1.1611111164093018
intersection:9, mean_episode_reward:0.1361110955476761, mean_queue:1.163888931274414
intersection:10, mean_episode_reward:-0.13583336770534515, mean_queue:1.0944443941116333
intersection:11, mean_episode_reward:-0.4830555021762848, mean_queue:0.9444444179534912
intersection:12, mean_episode_reward:-1.45277738571167, mean_queue:1.0666667222976685
intersection:13, mean_episode_reward:-0.8213890790939331, mean_queue:0.9527778029441833
intersection:14, mean_episode_reward:-0.37611114978790283, mean_queue:0.6833333373069763
intersection:15, mean_episode_reward:-1.4288891553878784, mean_queue:0.769444465637207
intersection:16, mean_episode_reward:0.06333333998918533, mean_queue:0.0
intersection:17, mean_episode_reward:0.07472222298383713, mean_queue:0.0
intersection:18, mean_episode_reward:0.11527776718139648, mean_queue:0.0
intersection:19, mean_episode_reward:0.18472221493721008, mean_queue:0.0
intersection:20, mean_episode_reward:0.22777777910232544, mean_queue:0.0
intersection:21, mean_episode_reward:0.24916668236255646, mean_queue:0.0
intersection:22, mean_episode_reward:0.0369444414973259, mean_queue:0.0
intersection:23, mean_episode_reward:0.02916666679084301, mean_queue:0.0
intersection:24, mean_episode_reward:0.054722223430871964, mean_queue:0.0
intersection:25, mean_episode_reward:0.07472222298383713, mean_queue:0.0
intersection:26, mean_episode_reward:0.1824999749660492, mean_queue:0.0
intersection:27, mean_episode_reward:0.17277778685092926, mean_queue:0.0
intersection:28, mean_episode_reward:0.1180555447936058, mean_queue:0.0
intersection:29, mean_episode_reward:0.1016666516661644, mean_queue:0.0
intersection:30, mean_episode_reward:0.1388888955116272, mean_queue:0.0
intersection:31, mean_episode_reward:0.053888894617557526, mean_queue:0.0
Test step:135/200, travel time :188.15883977900552, rewards:-8.315000406901042, queue:0.4603298611111111, delay:0.028917455673217775, throughput:1448
step:3600/3600, q_loss:1.2498464584350586, rewards:-8.439999728732639, queue:0.4613715277777778, delay:0.028643597496880426, throughput:1449
episode:136/200, real avg travel time:188.58178053830227
intersection:0, mean_episode_reward:-1.3747227191925049, mean_queue:0.9916666746139526
intersection:1, mean_episode_reward:-0.6688887476921082, mean_queue:0.9722222089767456
intersection:2, mean_episode_reward:-0.817221999168396, mean_queue:1.1749999523162842
intersection:3, mean_episode_reward:-1.5652779340744019, mean_queue:0.9027777910232544
intersection:4, mean_episode_reward:-0.7086108922958374, mean_queue:1.0083333253860474
intersection:5, mean_episode_reward:0.1933334320783615, mean_queue:0.8333333134651184
intersection:6, mean_episode_reward:0.18472233414649963, mean_queue:0.800000011920929
intersection:7, mean_episode_reward:-0.48611095547676086, mean_queue:0.6027777791023254
intersection:8, mean_episode_reward:-0.6697220802307129, mean_queue:1.0333333015441895
intersection:9, mean_episode_reward:0.08388892561197281, mean_queue:1.1666666269302368
intersection:10, mean_episode_reward:-0.12944446504116058, mean_queue:1.1083333492279053
intersection:11, mean_episode_reward:-0.4719446301460266, mean_queue:0.9055555462837219
intersection:12, mean_episode_reward:-1.3055555820465088, mean_queue:0.8666666746139526
intersection:13, mean_episode_reward:-0.7430556416511536, mean_queue:0.8916666507720947
intersection:14, mean_episode_reward:-0.44527775049209595, mean_queue:0.6888889074325562
intersection:15, mean_episode_reward:-1.3444446325302124, mean_queue:0.8166666626930237
intersection:16, mean_episode_reward:0.04222222417593002, mean_queue:0.0
intersection:17, mean_episode_reward:0.09611111879348755, mean_queue:0.0
intersection:18, mean_episode_reward:0.12444445490837097, mean_queue:0.0
intersection:19, mean_episode_reward:0.22277775406837463, mean_queue:0.0
intersection:20, mean_episode_reward:0.22888889908790588, mean_queue:0.0
intersection:21, mean_episode_reward:0.2316666692495346, mean_queue:0.0
intersection:22, mean_episode_reward:0.0416666679084301, mean_queue:0.0
intersection:23, mean_episode_reward:0.028333332389593124, mean_queue:0.0
intersection:24, mean_episode_reward:0.03805556148290634, mean_queue:0.0
intersection:25, mean_episode_reward:0.07388889789581299, mean_queue:0.0
intersection:26, mean_episode_reward:0.1458333283662796, mean_queue:0.0
intersection:27, mean_episode_reward:0.17027778923511505, mean_queue:0.0
intersection:28, mean_episode_reward:0.1158333271741867, mean_queue:0.0
intersection:29, mean_episode_reward:0.1019444391131401, mean_queue:0.0
intersection:30, mean_episode_reward:0.11444444954395294, mean_queue:0.0
intersection:31, mean_episode_reward:0.05194444581866264, mean_queue:0.0
Test step:136/200, travel time :189.03034482758622, rewards:-8.231667751736111, queue:0.4730902777777778, delay:0.02877329455481635, throughput:1450
step:3600/3600, q_loss:1.2449729442596436, rewards:-8.294445122612847, queue:0.4735243055555556, delay:0.029104548030429417, throughput:1448
episode:137/200, real avg travel time:189.4972375690608
intersection:0, mean_episode_reward:-1.2674999237060547, mean_queue:0.8472222089767456
intersection:1, mean_episode_reward:-0.46638867259025574, mean_queue:0.875
intersection:2, mean_episode_reward:-0.6333335638046265, mean_queue:1.0805555582046509
intersection:3, mean_episode_reward:-1.4705561399459839, mean_queue:0.7916666865348816
intersection:4, mean_episode_reward:-0.7313891053199768, mean_queue:1.1222221851348877
intersection:5, mean_episode_reward:-0.026944424957036972, mean_queue:0.7972221970558167
intersection:6, mean_episode_reward:0.11083337664604187, mean_queue:0.8305555582046509
intersection:7, mean_episode_reward:-0.7138887047767639, mean_queue:0.6972222328186035
intersection:8, mean_episode_reward:-0.6969446539878845, mean_queue:1.2972222566604614
intersection:9, mean_episode_reward:-0.13555561006069183, mean_queue:1.1749999523162842
intersection:10, mean_episode_reward:0.1505555808544159, mean_queue:0.9888888597488403
intersection:11, mean_episode_reward:-0.8752778768539429, mean_queue:1.274999976158142
intersection:12, mean_episode_reward:-1.188333511352539, mean_queue:1.0277777910232544
intersection:13, mean_episode_reward:-0.6527775526046753, mean_queue:0.9083333611488342
intersection:14, mean_episode_reward:-0.33611103892326355, mean_queue:0.6555555462837219
intersection:15, mean_episode_reward:-1.1502777338027954, mean_queue:0.7833333611488342
intersection:16, mean_episode_reward:0.04305555671453476, mean_queue:0.0
intersection:17, mean_episode_reward:0.07777778059244156, mean_queue:0.0
intersection:18, mean_episode_reward:0.10499999672174454, mean_queue:0.0
intersection:19, mean_episode_reward:0.21111108362674713, mean_queue:0.0
intersection:20, mean_episode_reward:0.23722220957279205, mean_queue:0.0
intersection:21, mean_episode_reward:0.1986110955476761, mean_queue:0.0
intersection:22, mean_episode_reward:0.03805555775761604, mean_queue:0.0
intersection:23, mean_episode_reward:0.02361111156642437, mean_queue:0.0
intersection:24, mean_episode_reward:0.03611111268401146, mean_queue:0.0
intersection:25, mean_episode_reward:0.07500001043081284, mean_queue:0.0
intersection:26, mean_episode_reward:0.13583330810070038, mean_queue:0.0
intersection:27, mean_episode_reward:0.1666666865348816, mean_queue:0.0
intersection:28, mean_episode_reward:0.12666663527488708, mean_queue:0.0
intersection:29, mean_episode_reward:0.09805555641651154, mean_queue:0.0
intersection:30, mean_episode_reward:0.16361111402511597, mean_queue:0.0
intersection:31, mean_episode_reward:0.05305556207895279, mean_queue:0.0
Test step:137/200, travel time :190.36300897170463, rewards:-8.540555826822917, queue:0.48628472222222224, delay:0.030115895801120333, throughput:1449
step:3600/3600, q_loss:1.2549132108688354, rewards:-8.457222493489583, queue:0.46953125, delay:0.029361576504177516, throughput:1450
episode:138/200, real avg travel time:189.3206896551724
intersection:0, mean_episode_reward:-1.2027782201766968, mean_queue:0.8194444179534912
intersection:1, mean_episode_reward:-0.6316666007041931, mean_queue:0.9722222089767456
intersection:2, mean_episode_reward:-0.6811111569404602, mean_queue:1.2416666746139526
intersection:3, mean_episode_reward:-1.6250003576278687, mean_queue:0.8777777552604675
intersection:4, mean_episode_reward:-0.814166247844696, mean_queue:1.0944443941116333
intersection:5, mean_episode_reward:0.09194441139698029, mean_queue:0.9361110925674438
intersection:6, mean_episode_reward:0.12111108750104904, mean_queue:0.8972222208976746
intersection:7, mean_episode_reward:-0.606666624546051, mean_queue:0.6555555462837219
intersection:8, mean_episode_reward:-0.7927778363227844, mean_queue:1.1944444179534912
intersection:9, mean_episode_reward:-0.1741666942834854, mean_queue:1.1666666269302368
intersection:10, mean_episode_reward:0.019444437697529793, mean_queue:1.0361111164093018
intersection:11, mean_episode_reward:-0.7191664576530457, mean_queue:1.0083333253860474
intersection:12, mean_episode_reward:-1.0530555248260498, mean_queue:0.9222221970558167
intersection:13, mean_episode_reward:-0.62583327293396, mean_queue:0.8444444537162781
intersection:14, mean_episode_reward:-0.24972231686115265, mean_queue:0.6111111044883728
intersection:15, mean_episode_reward:-1.2749998569488525, mean_queue:0.7472222447395325
intersection:16, mean_episode_reward:0.03305555880069733, mean_queue:0.0
intersection:17, mean_episode_reward:0.09916666150093079, mean_queue:0.0
intersection:18, mean_episode_reward:0.14222224056720734, mean_queue:0.0
intersection:19, mean_episode_reward:0.20472224056720734, mean_queue:0.0
intersection:20, mean_episode_reward:0.2319444715976715, mean_queue:0.0
intersection:21, mean_episode_reward:0.2080555558204651, mean_queue:0.0
intersection:22, mean_episode_reward:0.03722222149372101, mean_queue:0.0
intersection:23, mean_episode_reward:0.02527777850627899, mean_queue:0.0
intersection:24, mean_episode_reward:0.03722222521901131, mean_queue:0.0
intersection:25, mean_episode_reward:0.07500001043081284, mean_queue:0.0
intersection:26, mean_episode_reward:0.15666663646697998, mean_queue:0.0
intersection:27, mean_episode_reward:0.16555553674697876, mean_queue:0.0
intersection:28, mean_episode_reward:0.08944443613290787, mean_queue:0.0
intersection:29, mean_episode_reward:0.10055553913116455, mean_queue:0.0
intersection:30, mean_episode_reward:0.10916667431592941, mean_queue:0.0
intersection:31, mean_episode_reward:0.04611111059784889, mean_queue:0.0
Test step:138/200, travel time :188.6982044198895, rewards:-8.479166666666666, queue:0.46979166666666666, delay:0.029149760140313043, throughput:1448
step:3600/3600, q_loss:1.2504702806472778, rewards:-8.4125, queue:0.47456597222222224, delay:0.029861121707492406, throughput:1451
episode:139/200, real avg travel time:189.46381805651274
intersection:0, mean_episode_reward:-1.210833191871643, mean_queue:0.7833333611488342
intersection:1, mean_episode_reward:-0.5849997997283936, mean_queue:0.980555534362793
intersection:2, mean_episode_reward:-0.7788891196250916, mean_queue:1.1944444179534912
intersection:3, mean_episode_reward:-1.5555552244186401, mean_queue:0.875
intersection:4, mean_episode_reward:-0.8113889694213867, mean_queue:1.1083333492279053
intersection:5, mean_episode_reward:-0.03722219914197922, mean_queue:1.0222222805023193
intersection:6, mean_episode_reward:0.14472222328186035, mean_queue:0.8583333492279053
intersection:7, mean_episode_reward:-0.44694435596466064, mean_queue:0.6083333492279053
intersection:8, mean_episode_reward:-0.7255557775497437, mean_queue:1.125
intersection:9, mean_episode_reward:0.02999999187886715, mean_queue:1.0638889074325562
intersection:10, mean_episode_reward:-0.09638889878988266, mean_queue:1.0777777433395386
intersection:11, mean_episode_reward:-0.5338891744613647, mean_queue:1.0722222328186035
intersection:12, mean_episode_reward:-1.0536104440689087, mean_queue:0.8611111044883728
intersection:13, mean_episode_reward:-0.8280553817749023, mean_queue:0.9444444179534912
intersection:14, mean_episode_reward:-0.5155556797981262, mean_queue:0.7638888955116272
intersection:15, mean_episode_reward:-1.3077781200408936, mean_queue:0.8472222089767456
intersection:16, mean_episode_reward:0.056388892233371735, mean_queue:0.0
intersection:17, mean_episode_reward:0.09611110389232635, mean_queue:0.0
intersection:18, mean_episode_reward:0.11361110210418701, mean_queue:0.0
intersection:19, mean_episode_reward:0.18777775764465332, mean_queue:0.0
intersection:20, mean_episode_reward:0.23222219944000244, mean_queue:0.0
intersection:21, mean_episode_reward:0.22111113369464874, mean_queue:0.0
intersection:22, mean_episode_reward:0.036944448947906494, mean_queue:0.0
intersection:23, mean_episode_reward:0.02250000089406967, mean_queue:0.0
intersection:24, mean_episode_reward:0.03666666895151138, mean_queue:0.0
intersection:25, mean_episode_reward:0.07250000536441803, mean_queue:0.0
intersection:26, mean_episode_reward:0.20027773082256317, mean_queue:0.0
intersection:27, mean_episode_reward:0.16416668891906738, mean_queue:0.0
intersection:28, mean_episode_reward:0.08999999612569809, mean_queue:0.0
intersection:29, mean_episode_reward:0.09499999135732651, mean_queue:0.0
intersection:30, mean_episode_reward:0.18999998271465302, mean_queue:0.0
intersection:31, mean_episode_reward:0.08416667580604553, mean_queue:0.0
Test step:139/200, travel time :199.80262249827467, rewards:-9.310555013020833, queue:0.6063368055555556, delay:0.031659913063049314, throughput:1449
step:3600/3600, q_loss:1.2424715757369995, rewards:-8.308331976996527, queue:0.4778645833333333, delay:0.029707792070176868, throughput:1445
episode:140/200, real avg travel time:189.33148788927335
intersection:0, mean_episode_reward:-1.1708332300186157, mean_queue:0.800000011920929
intersection:1, mean_episode_reward:-0.6244442462921143, mean_queue:1.0666667222976685
intersection:2, mean_episode_reward:-0.7916665077209473, mean_queue:1.2861111164093018
intersection:3, mean_episode_reward:-1.5161107778549194, mean_queue:0.8861111402511597
intersection:4, mean_episode_reward:-0.8025000691413879, mean_queue:1.0833333730697632
intersection:5, mean_episode_reward:0.00888890027999878, mean_queue:0.9750000238418579
intersection:6, mean_episode_reward:0.05111110582947731, mean_queue:0.8388888835906982
intersection:7, mean_episode_reward:-0.4683334231376648, mean_queue:0.644444465637207
intersection:8, mean_episode_reward:-0.6294444799423218, mean_queue:1.225000023841858
intersection:9, mean_episode_reward:-0.015555563382804394, mean_queue:1.149999976158142
intersection:10, mean_episode_reward:0.076388880610466, mean_queue:0.9166666865348816
intersection:11, mean_episode_reward:-0.7719443440437317, mean_queue:0.9972222447395325
intersection:12, mean_episode_reward:-1.2722225189208984, mean_queue:1.0777777433395386
intersection:13, mean_episode_reward:-0.8261114358901978, mean_queue:1.038888931274414
intersection:14, mean_episode_reward:-0.3136110305786133, mean_queue:0.5555555820465088
intersection:15, mean_episode_reward:-1.2041656970977783, mean_queue:0.75
intersection:16, mean_episode_reward:0.06499999761581421, mean_queue:0.0
intersection:17, mean_episode_reward:0.1019444391131401, mean_queue:0.0
intersection:18, mean_episode_reward:0.16972219944000244, mean_queue:0.0
intersection:19, mean_episode_reward:0.21555554866790771, mean_queue:0.0
intersection:20, mean_episode_reward:0.24388886988162994, mean_queue:0.0
intersection:21, mean_episode_reward:0.25972220301628113, mean_queue:0.0
intersection:22, mean_episode_reward:0.04305555671453476, mean_queue:0.0
intersection:23, mean_episode_reward:0.025555554777383804, mean_queue:0.0
intersection:24, mean_episode_reward:0.06277778744697571, mean_queue:0.0
intersection:25, mean_episode_reward:0.07194444537162781, mean_queue:0.0
intersection:26, mean_episode_reward:0.17249995470046997, mean_queue:0.0
intersection:27, mean_episode_reward:0.1644444465637207, mean_queue:0.0
intersection:28, mean_episode_reward:0.09694443643093109, mean_queue:0.0
intersection:29, mean_episode_reward:0.10388888418674469, mean_queue:0.0
intersection:30, mean_episode_reward:0.12361110746860504, mean_queue:0.0
intersection:31, mean_episode_reward:0.0416666679084301, mean_queue:0.0
Test step:140/200, travel time :191.54451345755695, rewards:-8.546388075086806, queue:0.5085069444444444, delay:0.03144365151723226, throughput:1449
step:3600/3600, q_loss:1.2382222414016724, rewards:-8.489723036024305, queue:0.4739583333333333, delay:0.029032079378763835, throughput:1451
episode:141/200, real avg travel time:189.7353549276361
intersection:0, mean_episode_reward:-1.1702783107757568, mean_queue:0.8305555582046509
intersection:1, mean_episode_reward:-0.8524996638298035, mean_queue:1.0
intersection:2, mean_episode_reward:-0.6066668033599854, mean_queue:1.0416666269302368
intersection:3, mean_episode_reward:-1.491110920906067, mean_queue:0.8527777791023254
intersection:4, mean_episode_reward:-0.9655556678771973, mean_queue:1.2055555582046509
intersection:5, mean_episode_reward:0.18194450438022614, mean_queue:0.8777777552604675
intersection:6, mean_episode_reward:0.13750006258487701, mean_queue:0.8583333492279053
intersection:7, mean_episode_reward:-0.4977778494358063, mean_queue:0.6361111402511597
intersection:8, mean_episode_reward:-0.708888828754425, mean_queue:1.255555510520935
intersection:9, mean_episode_reward:-0.13583330810070038, mean_queue:1.230555534362793
intersection:10, mean_episode_reward:-0.10194442421197891, mean_queue:1.0638889074325562
intersection:11, mean_episode_reward:-0.7905558347702026, mean_queue:1.0472222566604614
intersection:12, mean_episode_reward:-1.1013890504837036, mean_queue:0.9333333373069763
intersection:13, mean_episode_reward:-0.6763886213302612, mean_queue:0.9333333373069763
intersection:14, mean_episode_reward:-0.40555572509765625, mean_queue:0.6694444417953491
intersection:15, mean_episode_reward:-1.1572222709655762, mean_queue:0.730555534362793
intersection:16, mean_episode_reward:0.053333330899477005, mean_queue:0.0
intersection:17, mean_episode_reward:0.09083332121372223, mean_queue:0.0
intersection:18, mean_episode_reward:0.13972221314907074, mean_queue:0.0
intersection:19, mean_episode_reward:0.17777776718139648, mean_queue:0.0
intersection:20, mean_episode_reward:0.22638888657093048, mean_queue:0.0
intersection:21, mean_episode_reward:0.2661110758781433, mean_queue:0.0
intersection:22, mean_episode_reward:0.03333333507180214, mean_queue:0.0
intersection:23, mean_episode_reward:0.02527777850627899, mean_queue:0.0
intersection:24, mean_episode_reward:0.04027777910232544, mean_queue:0.0
intersection:25, mean_episode_reward:0.08527778089046478, mean_queue:0.0
intersection:26, mean_episode_reward:0.14583329856395721, mean_queue:0.0
intersection:27, mean_episode_reward:0.18416666984558105, mean_queue:0.0
intersection:28, mean_episode_reward:0.09861110895872116, mean_queue:0.0
intersection:29, mean_episode_reward:0.10750000178813934, mean_queue:0.0
intersection:30, mean_episode_reward:0.13305555284023285, mean_queue:0.0
intersection:31, mean_episode_reward:0.04500000178813934, mean_queue:0.0
Test step:141/200, travel time :188.20234806629836, rewards:-8.481667751736111, queue:0.4549479166666667, delay:0.028771548800998265, throughput:1448
step:3600/3600, q_loss:1.2246744632720947, rewards:-8.219444444444445, queue:0.46883680555555557, delay:0.02934782240125868, throughput:1449
episode:142/200, real avg travel time:189.11180124223603
intersection:0, mean_episode_reward:-1.3063889741897583, mean_queue:0.8277778029441833
intersection:1, mean_episode_reward:-0.5833331346511841, mean_queue:0.9583333134651184
intersection:2, mean_episode_reward:-0.680555522441864, mean_queue:1.0916666984558105
intersection:3, mean_episode_reward:-1.4563891887664795, mean_queue:0.75
intersection:4, mean_episode_reward:-0.724999725818634, mean_queue:1.0611110925674438
intersection:5, mean_episode_reward:-0.10638885200023651, mean_queue:1.0777777433395386
intersection:6, mean_episode_reward:0.04027777910232544, mean_queue:0.8888888955116272
intersection:7, mean_episode_reward:-0.45472222566604614, mean_queue:0.5638889074325562
intersection:8, mean_episode_reward:-0.6713889837265015, mean_queue:1.2194443941116333
intersection:9, mean_episode_reward:-0.0763888880610466, mean_queue:1.2916666269302368
intersection:10, mean_episode_reward:-0.004166649654507637, mean_queue:0.8916666507720947
intersection:11, mean_episode_reward:-0.5816667079925537, mean_queue:0.9750000238418579
intersection:12, mean_episode_reward:-1.2300002574920654, mean_queue:0.9861111044883728
intersection:13, mean_episode_reward:-0.6238888502120972, mean_queue:1.0027778148651123
intersection:14, mean_episode_reward:-0.4549998342990875, mean_queue:0.6583333611488342
intersection:15, mean_episode_reward:-1.2294443845748901, mean_queue:0.7583333253860474
intersection:16, mean_episode_reward:0.05888889729976654, mean_queue:0.0
intersection:17, mean_episode_reward:0.10055554658174515, mean_queue:0.0
intersection:18, mean_episode_reward:0.15083332359790802, mean_queue:0.0
intersection:19, mean_episode_reward:0.1850000023841858, mean_queue:0.0
intersection:20, mean_episode_reward:0.23416668176651, mean_queue:0.0
intersection:21, mean_episode_reward:0.21777775883674622, mean_queue:0.0
intersection:22, mean_episode_reward:0.03833333030343056, mean_queue:0.0
intersection:23, mean_episode_reward:0.02527777850627899, mean_queue:0.0
intersection:24, mean_episode_reward:0.07833333313465118, mean_queue:0.0
intersection:25, mean_episode_reward:0.0858333483338356, mean_queue:0.0
intersection:26, mean_episode_reward:0.1616666316986084, mean_queue:0.0
intersection:27, mean_episode_reward:0.17083334922790527, mean_queue:0.0
intersection:28, mean_episode_reward:0.1455555409193039, mean_queue:0.0
intersection:29, mean_episode_reward:0.09583332389593124, mean_queue:0.0
intersection:30, mean_episode_reward:0.12666665017604828, mean_queue:0.0
intersection:31, mean_episode_reward:0.049444448202848434, mean_queue:0.0
Test step:142/200, travel time :188.81491712707182, rewards:-8.320833333333333, queue:0.46336805555555555, delay:0.029119006792704263, throughput:1448
step:3600/3600, q_loss:1.2186776399612427, rewards:-8.288612874348958, queue:0.47734375, delay:0.029786849021911622, throughput:1449
episode:143/200, real avg travel time:189.81849551414768
intersection:0, mean_episode_reward:-1.312500238418579, mean_queue:0.8638888597488403
intersection:1, mean_episode_reward:-0.6394442915916443, mean_queue:1.0750000476837158
intersection:2, mean_episode_reward:-0.5836109519004822, mean_queue:1.0888888835906982
intersection:3, mean_episode_reward:-1.610278844833374, mean_queue:0.980555534362793
intersection:4, mean_episode_reward:-0.7747220396995544, mean_queue:1.0944443941116333
intersection:5, mean_episode_reward:0.028333332389593124, mean_queue:0.9944444298744202
intersection:6, mean_episode_reward:0.26388880610466003, mean_queue:0.7749999761581421
intersection:7, mean_episode_reward:-0.4491667151451111, mean_queue:0.6305555701255798
intersection:8, mean_episode_reward:-0.602777898311615, mean_queue:1.0666667222976685
intersection:9, mean_episode_reward:0.16499996185302734, mean_queue:1.0277777910232544
intersection:10, mean_episode_reward:-0.20166663825511932, mean_queue:1.0694444179534912
intersection:11, mean_episode_reward:-0.5575000047683716, mean_queue:0.9416666626930237
intersection:12, mean_episode_reward:-1.4227781295776367, mean_queue:1.0916666984558105
intersection:13, mean_episode_reward:-0.7452778220176697, mean_queue:1.038888931274414
intersection:14, mean_episode_reward:-0.38388893008232117, mean_queue:0.6499999761581421
intersection:15, mean_episode_reward:-1.405277967453003, mean_queue:0.8861111402511597
intersection:16, mean_episode_reward:0.04694444686174393, mean_queue:0.0
intersection:17, mean_episode_reward:0.0880555659532547, mean_queue:0.0
intersection:18, mean_episode_reward:0.15361109375953674, mean_queue:0.0
intersection:19, mean_episode_reward:0.1733333319425583, mean_queue:0.0
intersection:20, mean_episode_reward:0.2408333420753479, mean_queue:0.0
intersection:21, mean_episode_reward:0.23472219705581665, mean_queue:0.0
intersection:22, mean_episode_reward:0.03222221881151199, mean_queue:0.0
intersection:23, mean_episode_reward:0.03388889133930206, mean_queue:0.0
intersection:24, mean_episode_reward:0.08722223341464996, mean_queue:0.0
intersection:25, mean_episode_reward:0.08777779340744019, mean_queue:0.0
intersection:26, mean_episode_reward:0.16305552423000336, mean_queue:0.0
intersection:27, mean_episode_reward:0.1713888794183731, mean_queue:0.0
intersection:28, mean_episode_reward:0.12749998271465302, mean_queue:0.0
intersection:29, mean_episode_reward:0.09805555641651154, mean_queue:0.0
intersection:30, mean_episode_reward:0.12638887763023376, mean_queue:0.0
intersection:31, mean_episode_reward:0.07805555313825607, mean_queue:0.0
Test step:143/200, travel time :188.332182320442, rewards:-8.293610297309028, queue:0.46041666666666664, delay:0.028587577078077527, throughput:1448
step:3600/3600, q_loss:1.2200173139572144, rewards:-8.319446478949653, queue:0.4597222222222222, delay:0.028571997748480904, throughput:1451
episode:144/200, real avg travel time:188.2432804962095
intersection:0, mean_episode_reward:-1.2797220945358276, mean_queue:0.8277778029441833
intersection:1, mean_episode_reward:-0.6341664791107178, mean_queue:0.9722222089767456
intersection:2, mean_episode_reward:-0.8136114478111267, mean_queue:1.1777777671813965
intersection:3, mean_episode_reward:-1.3772226572036743, mean_queue:0.7638888955116272
intersection:4, mean_episode_reward:-0.753888726234436, mean_queue:1.0527777671813965
intersection:5, mean_episode_reward:0.0930555909872055, mean_queue:0.8805555701255798
intersection:6, mean_episode_reward:0.1250000149011612, mean_queue:0.7888888716697693
intersection:7, mean_episode_reward:-0.5311111211776733, mean_queue:0.6388888955116272
intersection:8, mean_episode_reward:-0.7286115288734436, mean_queue:1.144444465637207
intersection:9, mean_episode_reward:-0.02805553562939167, mean_queue:1.119444489479065
intersection:10, mean_episode_reward:0.04027778282761574, mean_queue:0.9861111044883728
intersection:11, mean_episode_reward:-0.6158333420753479, mean_queue:0.9583333134651184
intersection:12, mean_episode_reward:-1.1088892221450806, mean_queue:0.9444444179534912
intersection:13, mean_episode_reward:-0.8569446206092834, mean_queue:0.9694444537162781
intersection:14, mean_episode_reward:-0.4055556356906891, mean_queue:0.7027778029441833
intersection:15, mean_episode_reward:-1.3438893556594849, mean_queue:0.7833333611488342
intersection:16, mean_episode_reward:0.05361110717058182, mean_queue:0.0
intersection:17, mean_episode_reward:0.07027778029441833, mean_queue:0.0
intersection:18, mean_episode_reward:0.1805555373430252, mean_queue:0.0
intersection:19, mean_episode_reward:0.2083333134651184, mean_queue:0.0
intersection:20, mean_episode_reward:0.22277778387069702, mean_queue:0.0
intersection:21, mean_episode_reward:0.21555554866790771, mean_queue:0.0
intersection:22, mean_episode_reward:0.03444444760680199, mean_queue:0.0
intersection:23, mean_episode_reward:0.023055555298924446, mean_queue:0.0
intersection:24, mean_episode_reward:0.05000000447034836, mean_queue:0.0
intersection:25, mean_episode_reward:0.08916668593883514, mean_queue:0.0
intersection:26, mean_episode_reward:0.16972221434116364, mean_queue:0.0
intersection:27, mean_episode_reward:0.1711111217737198, mean_queue:0.0
intersection:28, mean_episode_reward:0.09111110121011734, mean_queue:0.0
intersection:29, mean_episode_reward:0.11499999463558197, mean_queue:0.0
intersection:30, mean_episode_reward:0.14194442331790924, mean_queue:0.0
intersection:31, mean_episode_reward:0.06305555999279022, mean_queue:0.0
Test step:144/200, travel time :188.91247415575467, rewards:-8.276944308810764, queue:0.46371527777777777, delay:0.02883789274427626, throughput:1451
step:3600/3600, q_loss:1.1982237100601196, rewards:-8.316666666666666, queue:0.47065972222222224, delay:0.028760213322109648, throughput:1450
episode:145/200, real avg travel time:189.06758620689655
intersection:0, mean_episode_reward:-1.230555772781372, mean_queue:0.8083333373069763
intersection:1, mean_episode_reward:-0.8483332991600037, mean_queue:1.100000023841858
intersection:2, mean_episode_reward:-0.7844439744949341, mean_queue:1.1333333253860474
intersection:3, mean_episode_reward:-1.3449997901916504, mean_queue:0.730555534362793
intersection:4, mean_episode_reward:-0.6591665744781494, mean_queue:0.9027777910232544
intersection:5, mean_episode_reward:0.060277778655290604, mean_queue:1.019444465637207
intersection:6, mean_episode_reward:0.25916656851768494, mean_queue:0.8611111044883728
intersection:7, mean_episode_reward:-0.5336112976074219, mean_queue:0.6694444417953491
intersection:8, mean_episode_reward:-0.650833249092102, mean_queue:1.163888931274414
intersection:9, mean_episode_reward:-0.09222229570150375, mean_queue:1.1555556058883667
intersection:10, mean_episode_reward:-0.1247222051024437, mean_queue:1.1555556058883667
intersection:11, mean_episode_reward:-0.776944637298584, mean_queue:1.0277777910232544
intersection:12, mean_episode_reward:-1.327222466468811, mean_queue:0.9861111044883728
intersection:13, mean_episode_reward:-0.6236110925674438, mean_queue:0.9111111164093018
intersection:14, mean_episode_reward:-0.26694437861442566, mean_queue:0.6333333253860474
intersection:15, mean_episode_reward:-1.315277099609375, mean_queue:0.8027777671813965
intersection:16, mean_episode_reward:0.0394444465637207, mean_queue:0.0
intersection:17, mean_episode_reward:0.07583333551883698, mean_queue:0.0
intersection:18, mean_episode_reward:0.15777777135372162, mean_queue:0.0
intersection:19, mean_episode_reward:0.19694440066814423, mean_queue:0.0
intersection:20, mean_episode_reward:0.24916668236255646, mean_queue:0.0
intersection:21, mean_episode_reward:0.2613888382911682, mean_queue:0.0
intersection:22, mean_episode_reward:0.03333333134651184, mean_queue:0.0
intersection:23, mean_episode_reward:0.02527777850627899, mean_queue:0.0
intersection:24, mean_episode_reward:0.07194444537162781, mean_queue:0.0
intersection:25, mean_episode_reward:0.07666667550802231, mean_queue:0.0
intersection:26, mean_episode_reward:0.1436111032962799, mean_queue:0.0
intersection:27, mean_episode_reward:0.17000001668930054, mean_queue:0.0
intersection:28, mean_episode_reward:0.10472220182418823, mean_queue:0.0
intersection:29, mean_episode_reward:0.11611109972000122, mean_queue:0.0
intersection:30, mean_episode_reward:0.1433333307504654, mean_queue:0.0
intersection:31, mean_episode_reward:0.07722222059965134, mean_queue:0.0
Test step:145/200, travel time :188.3423236514523, rewards:-8.472498914930556, queue:0.46206597222222223, delay:0.02897329330444336, throughput:1446
step:3600/3600, q_loss:1.2118498086929321, rewards:-8.26972384982639, queue:0.46762152777777777, delay:0.029281976487901477, throughput:1446
episode:146/200, real avg travel time:188.96127247579528
intersection:0, mean_episode_reward:-1.416388988494873, mean_queue:0.9416666626930237
intersection:1, mean_episode_reward:-0.6561110615730286, mean_queue:0.980555534362793
intersection:2, mean_episode_reward:-0.8286114931106567, mean_queue:1.244444489479065
intersection:3, mean_episode_reward:-1.376388669013977, mean_queue:0.7416666746139526
intersection:4, mean_episode_reward:-0.6455556750297546, mean_queue:0.9611111283302307
intersection:5, mean_episode_reward:0.041666679084300995, mean_queue:0.9472222328186035
intersection:6, mean_episode_reward:0.2269444763660431, mean_queue:0.7583333253860474
intersection:7, mean_episode_reward:-0.4755553901195526, mean_queue:0.5916666388511658
intersection:8, mean_episode_reward:-0.6825001239776611, mean_queue:1.1555556058883667
intersection:9, mean_episode_reward:-0.028055578470230103, mean_queue:1.2388888597488403
intersection:10, mean_episode_reward:0.0030555420089513063, mean_queue:0.9861111044883728
intersection:11, mean_episode_reward:-0.6736112236976624, mean_queue:1.0027778148651123
intersection:12, mean_episode_reward:-1.2597225904464722, mean_queue:0.9583333134651184
intersection:13, mean_episode_reward:-0.7125001549720764, mean_queue:0.9388889074325562
intersection:14, mean_episode_reward:-0.3902776837348938, mean_queue:0.6777777671813965
intersection:15, mean_episode_reward:-1.4000006914138794, mean_queue:0.8388888835906982
intersection:16, mean_episode_reward:0.04138888791203499, mean_queue:0.0
intersection:17, mean_episode_reward:0.06361111253499985, mean_queue:0.0
intersection:18, mean_episode_reward:0.13333332538604736, mean_queue:0.0
intersection:19, mean_episode_reward:0.2149999588727951, mean_queue:0.0
intersection:20, mean_episode_reward:0.2547221779823303, mean_queue:0.0
intersection:21, mean_episode_reward:0.2736110985279083, mean_queue:0.0
intersection:22, mean_episode_reward:0.05277777835726738, mean_queue:0.0
intersection:23, mean_episode_reward:0.021666666492819786, mean_queue:0.0
intersection:24, mean_episode_reward:0.06777778267860413, mean_queue:0.0
intersection:25, mean_episode_reward:0.0738888829946518, mean_queue:0.0
intersection:26, mean_episode_reward:0.16472220420837402, mean_queue:0.0
intersection:27, mean_episode_reward:0.17916665971279144, mean_queue:0.0
intersection:28, mean_episode_reward:0.11305554956197739, mean_queue:0.0
intersection:29, mean_episode_reward:0.09388887882232666, mean_queue:0.0
intersection:30, mean_episode_reward:0.17694444954395294, mean_queue:0.0
intersection:31, mean_episode_reward:0.07833333313465118, mean_queue:0.0
Test step:146/200, travel time :188.43301104972375, rewards:-8.487223307291666, queue:0.45703125, delay:0.028666861852010093, throughput:1448
step:3600/3600, q_loss:1.2160860300064087, rewards:-8.538334147135417, queue:0.4900173611111111, delay:0.029735575781928168, throughput:1450
episode:147/200, real avg travel time:190.76413793103447
intersection:0, mean_episode_reward:-1.584444522857666, mean_queue:1.130555510520935
intersection:1, mean_episode_reward:-0.632499635219574, mean_queue:1.0444444417953491
intersection:2, mean_episode_reward:-0.8513892292976379, mean_queue:1.2166666984558105
intersection:3, mean_episode_reward:-1.4744447469711304, mean_queue:0.8777777552604675
intersection:4, mean_episode_reward:-0.7680555582046509, mean_queue:1.1916667222976685
intersection:5, mean_episode_reward:-0.004166660830378532, mean_queue:1.0666667222976685
intersection:6, mean_episode_reward:0.22166664898395538, mean_queue:0.7722222208976746
intersection:7, mean_episode_reward:-0.4191666841506958, mean_queue:0.5305555462837219
intersection:8, mean_episode_reward:-0.6880553960800171, mean_queue:1.2527778148651123
intersection:9, mean_episode_reward:0.15944452583789825, mean_queue:1.1527777910232544
intersection:10, mean_episode_reward:-0.19916655123233795, mean_queue:1.130555510520935
intersection:11, mean_episode_reward:-0.5974999666213989, mean_queue:0.9222221970558167
intersection:12, mean_episode_reward:-1.1905556917190552, mean_queue:0.8361111283302307
intersection:13, mean_episode_reward:-0.5919442176818848, mean_queue:0.8694444298744202
intersection:14, mean_episode_reward:-0.5583333969116211, mean_queue:0.8194444179534912
intersection:15, mean_episode_reward:-1.404722809791565, mean_queue:0.8666666746139526
intersection:16, mean_episode_reward:0.04305555671453476, mean_queue:0.0
intersection:17, mean_episode_reward:0.08416666835546494, mean_queue:0.0
intersection:18, mean_episode_reward:0.12916666269302368, mean_queue:0.0
intersection:19, mean_episode_reward:0.20999997854232788, mean_queue:0.0
intersection:20, mean_episode_reward:0.24916663765907288, mean_queue:0.0
intersection:21, mean_episode_reward:0.24333332479000092, mean_queue:0.0
intersection:22, mean_episode_reward:0.04083333536982536, mean_queue:0.0
intersection:23, mean_episode_reward:0.031111108139157295, mean_queue:0.0
intersection:24, mean_episode_reward:0.07277778536081314, mean_queue:0.0
intersection:25, mean_episode_reward:0.08500001579523087, mean_queue:0.0
intersection:26, mean_episode_reward:0.23055551946163177, mean_queue:0.0
intersection:27, mean_episode_reward:0.1599999964237213, mean_queue:0.0
intersection:28, mean_episode_reward:0.10388888418674469, mean_queue:0.0
intersection:29, mean_episode_reward:0.10138887912034988, mean_queue:0.0
intersection:30, mean_episode_reward:0.19055552780628204, mean_queue:0.0
intersection:31, mean_episode_reward:0.07000000774860382, mean_queue:0.0
Test step:147/200, travel time :188.41793103448276, rewards:-8.319167751736112, queue:0.4525173611111111, delay:0.028324214617411296, throughput:1450
step:3600/3600, q_loss:1.2245601415634155, rewards:-8.417222764756945, queue:0.45946180555555555, delay:0.028454070621066623, throughput:1447
episode:148/200, real avg travel time:188.3876986869385
intersection:0, mean_episode_reward:-1.4427776336669922, mean_queue:0.9027777910232544
intersection:1, mean_episode_reward:-0.5249998569488525, mean_queue:0.8111110925674438
intersection:2, mean_episode_reward:-0.71916663646698, mean_queue:1.225000023841858
intersection:3, mean_episode_reward:-1.473888874053955, mean_queue:0.8138889074325562
intersection:4, mean_episode_reward:-0.6944445967674255, mean_queue:0.894444465637207
intersection:5, mean_episode_reward:0.0836111456155777, mean_queue:0.8833333253860474
intersection:6, mean_episode_reward:0.061944421380758286, mean_queue:0.8666666746139526
intersection:7, mean_episode_reward:-0.5730556845664978, mean_queue:0.6722221970558167
intersection:8, mean_episode_reward:-0.7836112380027771, mean_queue:1.1888889074325562
intersection:9, mean_episode_reward:-0.19638881087303162, mean_queue:1.2055555582046509
intersection:10, mean_episode_reward:0.026666657999157906, mean_queue:1.0111111402511597
intersection:11, mean_episode_reward:-0.6966667175292969, mean_queue:0.9888888597488403
intersection:12, mean_episode_reward:-1.141111135482788, mean_queue:0.894444465637207
intersection:13, mean_episode_reward:-0.4897221028804779, mean_queue:0.8388888835906982
intersection:14, mean_episode_reward:-0.3877778649330139, mean_queue:0.7055555582046509
intersection:15, mean_episode_reward:-1.351944923400879, mean_queue:0.800000011920929
intersection:16, mean_episode_reward:0.042500000447034836, mean_queue:0.0
intersection:17, mean_episode_reward:0.06416666507720947, mean_queue:0.0
intersection:18, mean_episode_reward:0.13583333790302277, mean_queue:0.0
intersection:19, mean_episode_reward:0.20972220599651337, mean_queue:0.0
intersection:20, mean_episode_reward:0.24666664004325867, mean_queue:0.0
intersection:21, mean_episode_reward:0.2499999850988388, mean_queue:0.0
intersection:22, mean_episode_reward:0.05583333596587181, mean_queue:0.0
intersection:23, mean_episode_reward:0.02500000037252903, mean_queue:0.0
intersection:24, mean_episode_reward:0.0463888980448246, mean_queue:0.0
intersection:25, mean_episode_reward:0.07305555790662766, mean_queue:0.0
intersection:26, mean_episode_reward:0.1708332896232605, mean_queue:0.0
intersection:27, mean_episode_reward:0.17194443941116333, mean_queue:0.0
intersection:28, mean_episode_reward:0.11138887703418732, mean_queue:0.0
intersection:29, mean_episode_reward:0.10027777403593063, mean_queue:0.0
intersection:30, mean_episode_reward:0.12166666239500046, mean_queue:0.0
intersection:31, mean_episode_reward:0.060833338648080826, mean_queue:0.0
Test step:148/200, travel time :187.49413388543823, rewards:-8.258611382378472, queue:0.44991319444444444, delay:0.028384939829508463, throughput:1449
step:3600/3600, q_loss:1.2320606708526611, rewards:-8.624443901909721, queue:0.48272569444444446, delay:0.029556136661105684, throughput:1449
episode:149/200, real avg travel time:190.256038647343
intersection:0, mean_episode_reward:-1.3647221326828003, mean_queue:0.855555534362793
intersection:1, mean_episode_reward:-0.747778058052063, mean_queue:1.0138888359069824
intersection:2, mean_episode_reward:-0.6427777409553528, mean_queue:1.1777777671813965
intersection:3, mean_episode_reward:-1.429166555404663, mean_queue:0.7638888955116272
intersection:4, mean_episode_reward:-0.6211112141609192, mean_queue:1.0416666269302368
intersection:5, mean_episode_reward:0.21444447338581085, mean_queue:0.9333333373069763
intersection:6, mean_episode_reward:0.042499981820583344, mean_queue:1.0
intersection:7, mean_episode_reward:-0.3669443726539612, mean_queue:0.5722222328186035
intersection:8, mean_episode_reward:-0.6733330488204956, mean_queue:1.0916666984558105
intersection:9, mean_episode_reward:-0.30666667222976685, mean_queue:1.3444443941116333
intersection:10, mean_episode_reward:-0.09749999642372131, mean_queue:1.1111111640930176
intersection:11, mean_episode_reward:-1.1891670227050781, mean_queue:1.3055555820465088
intersection:12, mean_episode_reward:-1.3608334064483643, mean_queue:0.9833333492279053
intersection:13, mean_episode_reward:-0.6313886642456055, mean_queue:0.8694444298744202
intersection:14, mean_episode_reward:-0.3108333647251129, mean_queue:0.6388888955116272
intersection:15, mean_episode_reward:-1.18472158908844, mean_queue:0.7444444298744202
intersection:16, mean_episode_reward:0.026944443583488464, mean_queue:0.0
intersection:17, mean_episode_reward:0.10361111164093018, mean_queue:0.0
intersection:18, mean_episode_reward:0.16555553674697876, mean_queue:0.0
intersection:19, mean_episode_reward:0.23305551707744598, mean_queue:0.0
intersection:20, mean_episode_reward:0.24888886511325836, mean_queue:0.0
intersection:21, mean_episode_reward:0.30638888478279114, mean_queue:0.0
intersection:22, mean_episode_reward:0.062222227454185486, mean_queue:0.0
intersection:23, mean_episode_reward:0.02805555984377861, mean_queue:0.0
intersection:24, mean_episode_reward:0.06611111760139465, mean_queue:0.0
intersection:25, mean_episode_reward:0.10444445163011551, mean_queue:0.0
intersection:26, mean_episode_reward:0.17166663706302643, mean_queue:0.0
intersection:27, mean_episode_reward:0.1669444441795349, mean_queue:0.0
intersection:28, mean_episode_reward:0.09777777642011642, mean_queue:0.0
intersection:29, mean_episode_reward:0.0947222039103508, mean_queue:0.0
intersection:30, mean_episode_reward:0.10138888657093048, mean_queue:0.0
intersection:31, mean_episode_reward:0.06777778267860413, mean_queue:0.0
Test step:149/200, travel time :188.63146997929607, rewards:-8.463054741753472, queue:0.4657986111111111, delay:0.028978104061550564, throughput:1449
step:3600/3600, q_loss:1.2273775339126587, rewards:-8.486943901909722, queue:0.4618923611111111, delay:0.028997696770562065, throughput:1449
episode:150/200, real avg travel time:188.69910282953762
intersection:0, mean_episode_reward:-1.2677780389785767, mean_queue:0.7833333611488342
intersection:1, mean_episode_reward:-0.7594443559646606, mean_queue:1.0416666269302368
intersection:2, mean_episode_reward:-0.6016665697097778, mean_queue:1.0777777433395386
intersection:3, mean_episode_reward:-1.4402778148651123, mean_queue:0.8277778029441833
intersection:4, mean_episode_reward:-0.6863890886306763, mean_queue:0.9083333611488342
intersection:5, mean_episode_reward:0.024722224101424217, mean_queue:0.9888888597488403
intersection:6, mean_episode_reward:-0.04333334416151047, mean_queue:0.855555534362793
intersection:7, mean_episode_reward:-0.5011112093925476, mean_queue:0.6138888597488403
intersection:8, mean_episode_reward:-0.6644443273544312, mean_queue:1.125
intersection:9, mean_episode_reward:-0.25083309412002563, mean_queue:1.3250000476837158
intersection:10, mean_episode_reward:0.05833333730697632, mean_queue:0.9750000238418579
intersection:11, mean_episode_reward:-0.7127777934074402, mean_queue:1.005555510520935
intersection:12, mean_episode_reward:-1.3316667079925537, mean_queue:0.9361110925674438
intersection:13, mean_episode_reward:-0.4813888669013977, mean_queue:0.8638888597488403
intersection:14, mean_episode_reward:-0.43944427371025085, mean_queue:0.699999988079071
intersection:15, mean_episode_reward:-1.3199998140335083, mean_queue:0.7527777552604675
intersection:16, mean_episode_reward:0.03666666895151138, mean_queue:0.0
intersection:17, mean_episode_reward:0.09388889372348785, mean_queue:0.0
intersection:18, mean_episode_reward:0.11944444477558136, mean_queue:0.0
intersection:19, mean_episode_reward:0.22333331406116486, mean_queue:0.0
intersection:20, mean_episode_reward:0.24416664242744446, mean_queue:0.0
intersection:21, mean_episode_reward:0.2872222065925598, mean_queue:0.0
intersection:22, mean_episode_reward:0.04444444552063942, mean_queue:0.0
intersection:23, mean_episode_reward:0.028333330526947975, mean_queue:0.0
intersection:24, mean_episode_reward:0.06916667520999908, mean_queue:0.0
intersection:25, mean_episode_reward:0.07972222566604614, mean_queue:0.0
intersection:26, mean_episode_reward:0.16944442689418793, mean_queue:0.0
intersection:27, mean_episode_reward:0.16111111640930176, mean_queue:0.0
intersection:28, mean_episode_reward:0.1019444391131401, mean_queue:0.0
intersection:29, mean_episode_reward:0.09416665881872177, mean_queue:0.0
intersection:30, mean_episode_reward:0.1224999949336052, mean_queue:0.0
intersection:31, mean_episode_reward:0.05500000715255737, mean_queue:0.0
Test step:150/200, travel time :189.07310344827587, rewards:-8.443055555555556, queue:0.46501736111111114, delay:0.028810267978244358, throughput:1450
step:3600/3600, q_loss:1.2183055877685547, rewards:-8.406111653645834, queue:0.48411458333333335, delay:0.02939527299669054, throughput:1449
episode:151/200, real avg travel time:189.54106280193236
intersection:0, mean_episode_reward:-1.3413887023925781, mean_queue:0.925000011920929
intersection:1, mean_episode_reward:-0.729722261428833, mean_queue:1.0666667222976685
intersection:2, mean_episode_reward:-0.6925001740455627, mean_queue:1.225000023841858
intersection:3, mean_episode_reward:-1.4508328437805176, mean_queue:0.8083333373069763
intersection:4, mean_episode_reward:-0.8450003862380981, mean_queue:1.1944444179534912
intersection:5, mean_episode_reward:0.06388887017965317, mean_queue:1.0166666507720947
intersection:6, mean_episode_reward:0.11722222715616226, mean_queue:0.8277778029441833
intersection:7, mean_episode_reward:-0.5494445562362671, mean_queue:0.6388888955116272
intersection:8, mean_episode_reward:-0.6347219944000244, mean_queue:1.3611111640930176
intersection:9, mean_episode_reward:-0.10166672617197037, mean_queue:1.1583333015441895
intersection:10, mean_episode_reward:0.016388898715376854, mean_queue:0.9694444537162781
intersection:11, mean_episode_reward:-0.6261111497879028, mean_queue:0.9472222328186035
intersection:12, mean_episode_reward:-1.3758329153060913, mean_queue:1.1361111402511597
intersection:13, mean_episode_reward:-0.5705555081367493, mean_queue:0.824999988079071
intersection:14, mean_episode_reward:-0.4888888895511627, mean_queue:0.6472222208976746
intersection:15, mean_episode_reward:-1.2605559825897217, mean_queue:0.7444444298744202
intersection:16, mean_episode_reward:0.061666667461395264, mean_queue:0.0
intersection:17, mean_episode_reward:0.12805555760860443, mean_queue:0.0
intersection:18, mean_episode_reward:0.24805554747581482, mean_queue:0.0
intersection:19, mean_episode_reward:0.21111106872558594, mean_queue:0.0
intersection:20, mean_episode_reward:0.26638883352279663, mean_queue:0.0
intersection:21, mean_episode_reward:0.25833332538604736, mean_queue:0.0
intersection:22, mean_episode_reward:0.042222220450639725, mean_queue:0.0
intersection:23, mean_episode_reward:0.025555558502674103, mean_queue:0.0
intersection:24, mean_episode_reward:0.039722222834825516, mean_queue:0.0
intersection:25, mean_episode_reward:0.08944444358348846, mean_queue:0.0
intersection:26, mean_episode_reward:0.14888887107372284, mean_queue:0.0
intersection:27, mean_episode_reward:0.16388890147209167, mean_queue:0.0
intersection:28, mean_episode_reward:0.10777775198221207, mean_queue:0.0
intersection:29, mean_episode_reward:0.11249998956918716, mean_queue:0.0
intersection:30, mean_episode_reward:0.10972223430871964, mean_queue:0.0
intersection:31, mean_episode_reward:0.05027778446674347, mean_queue:0.0
Test step:151/200, travel time :189.0751724137931, rewards:-8.360834418402778, queue:0.46762152777777777, delay:0.029623402489556208, throughput:1450
step:3600/3600, q_loss:1.226377248764038, rewards:-8.393055555555556, queue:0.46536458333333336, delay:0.028691625595092772, throughput:1448
episode:152/200, real avg travel time:188.4081491712707
intersection:0, mean_episode_reward:-1.3658336400985718, mean_queue:0.9083333611488342
intersection:1, mean_episode_reward:-0.6872223615646362, mean_queue:1.0111111402511597
intersection:2, mean_episode_reward:-0.6986112594604492, mean_queue:1.1694444417953491
intersection:3, mean_episode_reward:-1.446388602256775, mean_queue:0.824999988079071
intersection:4, mean_episode_reward:-0.5016669631004333, mean_queue:0.980555534362793
intersection:5, mean_episode_reward:0.12666667997837067, mean_queue:0.9166666865348816
intersection:6, mean_episode_reward:0.09861110895872116, mean_queue:0.8722222447395325
intersection:7, mean_episode_reward:-0.5297221541404724, mean_queue:0.6222222447395325
intersection:8, mean_episode_reward:-0.8308334946632385, mean_queue:1.3305555582046509
intersection:9, mean_episode_reward:-0.03888887166976929, mean_queue:1.125
intersection:10, mean_episode_reward:-0.014166665263473988, mean_queue:0.9694444537162781
intersection:11, mean_episode_reward:-0.8272218704223633, mean_queue:1.0611110925674438
intersection:12, mean_episode_reward:-1.2119444608688354, mean_queue:0.9194444417953491
intersection:13, mean_episode_reward:-0.6155556440353394, mean_queue:0.7222222089767456
intersection:14, mean_episode_reward:-0.46666640043258667, mean_queue:0.7138888835906982
intersection:15, mean_episode_reward:-1.2444443702697754, mean_queue:0.7444444298744202
intersection:16, mean_episode_reward:0.04222222790122032, mean_queue:0.0
intersection:17, mean_episode_reward:0.0833333358168602, mean_queue:0.0
intersection:18, mean_episode_reward:0.14611110091209412, mean_queue:0.0
intersection:19, mean_episode_reward:0.17722222208976746, mean_queue:0.0
intersection:20, mean_episode_reward:0.24361112713813782, mean_queue:0.0
intersection:21, mean_episode_reward:0.23333333432674408, mean_queue:0.0
intersection:22, mean_episode_reward:0.03166666254401207, mean_queue:0.0
intersection:23, mean_episode_reward:0.028333332389593124, mean_queue:0.0
intersection:24, mean_episode_reward:0.05361111834645271, mean_queue:0.0
intersection:25, mean_episode_reward:0.09388888627290726, mean_queue:0.0
intersection:26, mean_episode_reward:0.15583330392837524, mean_queue:0.0
intersection:27, mean_episode_reward:0.1761111468076706, mean_queue:0.0
intersection:28, mean_episode_reward:0.1294444352388382, mean_queue:0.0
intersection:29, mean_episode_reward:0.09777776896953583, mean_queue:0.0
intersection:30, mean_episode_reward:0.12194443494081497, mean_queue:0.0
intersection:31, mean_episode_reward:0.046388890594244, mean_queue:0.0
Test step:152/200, travel time :188.71586206896552, rewards:-8.367777506510416, queue:0.4605902777777778, delay:0.028521140416463215, throughput:1450
step:3600/3600, q_loss:1.2302980422973633, rewards:-8.418889702690972, queue:0.47543402777777777, delay:0.028891823026869032, throughput:1450
episode:153/200, real avg travel time:189.4055172413793
intersection:0, mean_episode_reward:-1.4855550527572632, mean_queue:1.0444444417953491
intersection:1, mean_episode_reward:-0.47972214221954346, mean_queue:0.9111111164093018
intersection:2, mean_episode_reward:-0.6591667532920837, mean_queue:1.2472221851348877
intersection:3, mean_episode_reward:-1.5566668510437012, mean_queue:0.8972222208976746
intersection:4, mean_episode_reward:-0.5869443416595459, mean_queue:0.9611111283302307
intersection:5, mean_episode_reward:-0.01250002346932888, mean_queue:0.9861111044883728
intersection:6, mean_episode_reward:0.20638898015022278, mean_queue:0.8166666626930237
intersection:7, mean_episode_reward:-0.6011112928390503, mean_queue:0.6333333253860474
intersection:8, mean_episode_reward:-0.5822224617004395, mean_queue:1.1166666746139526
intersection:9, mean_episode_reward:-0.0700000524520874, mean_queue:1.2138888835906982
intersection:10, mean_episode_reward:0.00916668027639389, mean_queue:1.0083333253860474
intersection:11, mean_episode_reward:-0.5886108875274658, mean_queue:0.8999999761581421
intersection:12, mean_episode_reward:-1.3952784538269043, mean_queue:1.0722222328186035
intersection:13, mean_episode_reward:-0.7280554175376892, mean_queue:1.0083333253860474
intersection:14, mean_episode_reward:-0.3633332848548889, mean_queue:0.6388888955116272
intersection:15, mean_episode_reward:-1.3394445180892944, mean_queue:0.7583333253860474
intersection:16, mean_episode_reward:0.03888889029622078, mean_queue:0.0
intersection:17, mean_episode_reward:0.09861110895872116, mean_queue:0.0
intersection:18, mean_episode_reward:0.13138888776302338, mean_queue:0.0
intersection:19, mean_episode_reward:0.19222219288349152, mean_queue:0.0
intersection:20, mean_episode_reward:0.24222224950790405, mean_queue:0.0
intersection:21, mean_episode_reward:0.17444443702697754, mean_queue:0.0
intersection:22, mean_episode_reward:0.036666665226221085, mean_queue:0.0
intersection:23, mean_episode_reward:0.02611110918223858, mean_queue:0.0
intersection:24, mean_episode_reward:0.05583333969116211, mean_queue:0.0
intersection:25, mean_episode_reward:0.07833333313465118, mean_queue:0.0
intersection:26, mean_episode_reward:0.14694441854953766, mean_queue:0.0
intersection:27, mean_episode_reward:0.162222221493721, mean_queue:0.0
intersection:28, mean_episode_reward:0.11694443970918655, mean_queue:0.0
intersection:29, mean_episode_reward:0.0969444289803505, mean_queue:0.0
intersection:30, mean_episode_reward:0.1547222137451172, mean_queue:0.0
intersection:31, mean_episode_reward:0.061666667461395264, mean_queue:0.0
Test step:153/200, travel time :188.40428472702143, rewards:-8.234444851345486, queue:0.4618923611111111, delay:0.028819028536478677, throughput:1447
step:3600/3600, q_loss:1.2212806940078735, rewards:-8.404722764756944, queue:0.4886284722222222, delay:0.030131628778245715, throughput:1447
episode:154/200, real avg travel time:190.59364201796822
intersection:0, mean_episode_reward:-1.3413888216018677, mean_queue:0.8888888955116272
intersection:1, mean_episode_reward:-0.5652778148651123, mean_queue:1.0499999523162842
intersection:2, mean_episode_reward:-0.6749999523162842, mean_queue:1.3027777671813965
intersection:3, mean_episode_reward:-1.4830559492111206, mean_queue:0.8777777552604675
intersection:4, mean_episode_reward:-0.5580555200576782, mean_queue:0.9277777671813965
intersection:5, mean_episode_reward:-0.011666670441627502, mean_queue:0.9944444298744202
intersection:6, mean_episode_reward:-0.07888888567686081, mean_queue:0.9055555462837219
intersection:7, mean_episode_reward:-0.5655553340911865, mean_queue:0.6333333253860474
intersection:8, mean_episode_reward:-0.7044443488121033, mean_queue:1.225000023841858
intersection:9, mean_episode_reward:0.04138889163732529, mean_queue:1.2138888835906982
intersection:10, mean_episode_reward:-0.018611125648021698, mean_queue:1.0305556058883667
intersection:11, mean_episode_reward:-0.5572221279144287, mean_queue:1.0027778148651123
intersection:12, mean_episode_reward:-1.1872214078903198, mean_queue:1.0027778148651123
intersection:13, mean_episode_reward:-0.8091670274734497, mean_queue:1.0083333253860474
intersection:14, mean_episode_reward:-0.39166682958602905, mean_queue:0.7166666388511658
intersection:15, mean_episode_reward:-1.4675003290176392, mean_queue:0.855555534362793
intersection:16, mean_episode_reward:0.04972222074866295, mean_queue:0.0
intersection:17, mean_episode_reward:0.08666666597127914, mean_queue:0.0
intersection:18, mean_episode_reward:0.12305554002523422, mean_queue:0.0
intersection:19, mean_episode_reward:0.17888887226581573, mean_queue:0.0
intersection:20, mean_episode_reward:0.23249994218349457, mean_queue:0.0
intersection:21, mean_episode_reward:0.2988888919353485, mean_queue:0.0
intersection:22, mean_episode_reward:0.044999998062849045, mean_queue:0.0
intersection:23, mean_episode_reward:0.021944444626569748, mean_queue:0.0
intersection:24, mean_episode_reward:0.03638888895511627, mean_queue:0.0
intersection:25, mean_episode_reward:0.08361111581325531, mean_queue:0.0
intersection:26, mean_episode_reward:0.17222219705581665, mean_queue:0.0
intersection:27, mean_episode_reward:0.16083334386348724, mean_queue:0.0
intersection:28, mean_episode_reward:0.13388888537883759, mean_queue:0.0
intersection:29, mean_episode_reward:0.09999998658895493, mean_queue:0.0
intersection:30, mean_episode_reward:0.2033333033323288, mean_queue:0.0
intersection:31, mean_episode_reward:0.0416666679084301, mean_queue:0.0
Test step:154/200, travel time :189.16011042097998, rewards:-8.425556098090278, queue:0.46649305555555554, delay:0.02896487447950575, throughput:1449
step:3600/3600, q_loss:1.2322776317596436, rewards:-8.542776828342014, queue:0.47638888888888886, delay:0.029660609033372667, throughput:1449
episode:155/200, real avg travel time:189.91166321601105
intersection:0, mean_episode_reward:-1.2227771282196045, mean_queue:0.9027777910232544
intersection:1, mean_episode_reward:-0.6269444823265076, mean_queue:1.1472222805023193
intersection:2, mean_episode_reward:-0.5511110424995422, mean_queue:1.1166666746139526
intersection:3, mean_episode_reward:-1.511944055557251, mean_queue:0.8638888597488403
intersection:4, mean_episode_reward:-0.7483333945274353, mean_queue:1.0222222805023193
intersection:5, mean_episode_reward:-0.10777778923511505, mean_queue:1.0555555820465088
intersection:6, mean_episode_reward:0.046666670590639114, mean_queue:0.8388888835906982
intersection:7, mean_episode_reward:-0.566389262676239, mean_queue:0.6833333373069763
intersection:8, mean_episode_reward:-0.600833535194397, mean_queue:1.119444489479065
intersection:9, mean_episode_reward:0.09805560857057571, mean_queue:1.1277778148651123
intersection:10, mean_episode_reward:0.031111083924770355, mean_queue:0.8500000238418579
intersection:11, mean_episode_reward:-0.4883332848548889, mean_queue:0.9388889074325562
intersection:12, mean_episode_reward:-1.1988887786865234, mean_queue:0.875
intersection:13, mean_episode_reward:-0.8780550360679626, mean_queue:1.038888931274414
intersection:14, mean_episode_reward:-0.48861122131347656, mean_queue:0.6722221970558167
intersection:15, mean_episode_reward:-1.6749998331069946, mean_queue:0.9916666746139526
intersection:16, mean_episode_reward:0.04055555537343025, mean_queue:0.0
intersection:17, mean_episode_reward:0.1733333319425583, mean_queue:0.0
intersection:18, mean_episode_reward:0.11972220987081528, mean_queue:0.0
intersection:19, mean_episode_reward:0.176111102104187, mean_queue:0.0
intersection:20, mean_episode_reward:0.2430555373430252, mean_queue:0.0
intersection:21, mean_episode_reward:0.2313888818025589, mean_queue:0.0
intersection:22, mean_episode_reward:0.038055554032325745, mean_queue:0.0
intersection:23, mean_episode_reward:0.025555554777383804, mean_queue:0.0
intersection:24, mean_episode_reward:0.035555556416511536, mean_queue:0.0
intersection:25, mean_episode_reward:0.08888889849185944, mean_queue:0.0
intersection:26, mean_episode_reward:0.14194442331790924, mean_queue:0.0
intersection:27, mean_episode_reward:0.16361111402511597, mean_queue:0.0
intersection:28, mean_episode_reward:0.12638889253139496, mean_queue:0.0
intersection:29, mean_episode_reward:0.1038888692855835, mean_queue:0.0
intersection:30, mean_episode_reward:0.16555553674697876, mean_queue:0.0
intersection:31, mean_episode_reward:0.07277778536081314, mean_queue:0.0
Test step:155/200, travel time :190.332182320442, rewards:-8.40027804904514, queue:0.4791666666666667, delay:0.029870025316874185, throughput:1448
step:3600/3600, q_loss:1.2249120473861694, rewards:-8.375555419921875, queue:0.4657118055555556, delay:0.029109242227342395, throughput:1450
episode:156/200, real avg travel time:188.91931034482758
intersection:0, mean_episode_reward:-1.1663892269134521, mean_queue:0.8500000238418579
intersection:1, mean_episode_reward:-0.7311108112335205, mean_queue:1.0777777433395386
intersection:2, mean_episode_reward:-0.6286112666130066, mean_queue:1.1111111640930176
intersection:3, mean_episode_reward:-1.4733333587646484, mean_queue:0.8333333134651184
intersection:4, mean_episode_reward:-0.6333332061767578, mean_queue:0.8999999761581421
intersection:5, mean_episode_reward:0.019444426521658897, mean_queue:0.9583333134651184
intersection:6, mean_episode_reward:0.09583332389593124, mean_queue:0.800000011920929
intersection:7, mean_episode_reward:-0.5600001215934753, mean_queue:0.6555555462837219
intersection:8, mean_episode_reward:-0.7205559015274048, mean_queue:1.2833333015441895
intersection:9, mean_episode_reward:0.14611110091209412, mean_queue:1.119444489479065
intersection:10, mean_episode_reward:0.0647222176194191, mean_queue:0.875
intersection:11, mean_episode_reward:-0.5694444179534912, mean_queue:0.894444465637207
intersection:12, mean_episode_reward:-1.1811106204986572, mean_queue:0.9444444179534912
intersection:13, mean_episode_reward:-0.7702779173851013, mean_queue:0.9972222447395325
intersection:14, mean_episode_reward:-0.5336110591888428, mean_queue:0.6694444417953491
intersection:15, mean_episode_reward:-1.5791661739349365, mean_queue:0.9333333373069763
intersection:16, mean_episode_reward:0.043888889253139496, mean_queue:0.0
intersection:17, mean_episode_reward:0.07194444537162781, mean_queue:0.0
intersection:18, mean_episode_reward:0.11305555701255798, mean_queue:0.0
intersection:19, mean_episode_reward:0.16027775406837463, mean_queue:0.0
intersection:20, mean_episode_reward:0.26555556058883667, mean_queue:0.0
intersection:21, mean_episode_reward:0.2722221910953522, mean_queue:0.0
intersection:22, mean_episode_reward:0.03194444626569748, mean_queue:0.0
intersection:23, mean_episode_reward:0.02472222037613392, mean_queue:0.0
intersection:24, mean_episode_reward:0.03666666895151138, mean_queue:0.0
intersection:25, mean_episode_reward:0.08777778595685959, mean_queue:0.0
intersection:26, mean_episode_reward:0.16361108422279358, mean_queue:0.0
intersection:27, mean_episode_reward:0.18888889253139496, mean_queue:0.0
intersection:28, mean_episode_reward:0.1041666641831398, mean_queue:0.0
intersection:29, mean_episode_reward:0.09999998658895493, mean_queue:0.0
intersection:30, mean_episode_reward:0.12222222238779068, mean_queue:0.0
intersection:31, mean_episode_reward:0.05833333730697632, mean_queue:0.0
Test step:156/200, travel time :189.13052486187846, rewards:-8.451664903428819, queue:0.46328125, delay:0.028757413228352863, throughput:1448
step:3600/3600, q_loss:1.225395679473877, rewards:-8.43555433485243, queue:0.46875, delay:0.029048633575439454, throughput:1449
episode:157/200, real avg travel time:189.68046928916493
intersection:0, mean_episode_reward:-1.2683333158493042, mean_queue:0.8972222208976746
intersection:1, mean_episode_reward:-0.7102776169776917, mean_queue:0.9472222328186035
intersection:2, mean_episode_reward:-0.5994444489479065, mean_queue:1.1166666746139526
intersection:3, mean_episode_reward:-1.4180548191070557, mean_queue:0.6944444179534912
intersection:4, mean_episode_reward:-0.5472223162651062, mean_queue:0.875
intersection:5, mean_episode_reward:0.07500001043081284, mean_queue:0.8472222089767456
intersection:6, mean_episode_reward:-0.024166686460375786, mean_queue:0.8777777552604675
intersection:7, mean_episode_reward:-0.5386109352111816, mean_queue:0.6555555462837219
intersection:8, mean_episode_reward:-0.6080554723739624, mean_queue:1.3638888597488403
intersection:9, mean_episode_reward:-0.0005555112147703767, mean_queue:1.1333333253860474
intersection:10, mean_episode_reward:0.10972225666046143, mean_queue:0.8722222447395325
intersection:11, mean_episode_reward:-0.8591660261154175, mean_queue:1.0472222566604614
intersection:12, mean_episode_reward:-1.4080556631088257, mean_queue:1.119444489479065
intersection:13, mean_episode_reward:-0.7647217512130737, mean_queue:1.0416666269302368
intersection:14, mean_episode_reward:-0.4902779161930084, mean_queue:0.75
intersection:15, mean_episode_reward:-1.3080557584762573, mean_queue:0.7611111402511597
intersection:16, mean_episode_reward:0.04583333432674408, mean_queue:0.0
intersection:17, mean_episode_reward:0.08888889104127884, mean_queue:0.0
intersection:18, mean_episode_reward:0.15444442629814148, mean_queue:0.0
intersection:19, mean_episode_reward:0.1824999898672104, mean_queue:0.0
intersection:20, mean_episode_reward:0.24194441735744476, mean_queue:0.0
intersection:21, mean_episode_reward:0.19527776539325714, mean_queue:0.0
intersection:22, mean_episode_reward:0.04305555298924446, mean_queue:0.0
intersection:23, mean_episode_reward:0.02222222276031971, mean_queue:0.0
intersection:24, mean_episode_reward:0.045277781784534454, mean_queue:0.0
intersection:25, mean_episode_reward:0.07805556803941727, mean_queue:0.0
intersection:26, mean_episode_reward:0.21999996900558472, mean_queue:0.0
intersection:27, mean_episode_reward:0.17555555701255798, mean_queue:0.0
intersection:28, mean_episode_reward:0.11222220212221146, mean_queue:0.0
intersection:29, mean_episode_reward:0.09583333134651184, mean_queue:0.0
intersection:30, mean_episode_reward:0.1644444465637207, mean_queue:0.0
intersection:31, mean_episode_reward:0.05916667357087135, mean_queue:0.0
Test step:157/200, travel time :189.77900552486187, rewards:-8.456110297309028, queue:0.47552083333333334, delay:0.029221926795111763, throughput:1448
step:3600/3600, q_loss:1.218352198600769, rewards:-8.432777913411458, queue:0.48151041666666666, delay:0.02992134624057346, throughput:1448
episode:158/200, real avg travel time:190.05524861878453
intersection:0, mean_episode_reward:-1.352222204208374, mean_queue:0.9083333611488342
intersection:1, mean_episode_reward:-0.5913889408111572, mean_queue:1.019444465637207
intersection:2, mean_episode_reward:-0.6349998116493225, mean_queue:1.2083333730697632
intersection:3, mean_episode_reward:-1.6188888549804688, mean_queue:0.9583333134651184
intersection:4, mean_episode_reward:-0.7672221064567566, mean_queue:1.1138888597488403
intersection:5, mean_episode_reward:-0.052500005811452866, mean_queue:1.0
intersection:6, mean_episode_reward:0.22194446623325348, mean_queue:0.7472222447395325
intersection:7, mean_episode_reward:-0.5083337426185608, mean_queue:0.6138888597488403
intersection:8, mean_episode_reward:-0.8380552530288696, mean_queue:1.2611111402511597
intersection:9, mean_episode_reward:-0.08083335310220718, mean_queue:1.1527777910232544
intersection:10, mean_episode_reward:0.006944447755813599, mean_queue:1.0305556058883667
intersection:11, mean_episode_reward:-0.73499995470047, mean_queue:1.0166666507720947
intersection:12, mean_episode_reward:-1.0963892936706543, mean_queue:0.9027777910232544
intersection:13, mean_episode_reward:-0.5122221112251282, mean_queue:0.894444465637207
intersection:14, mean_episode_reward:-0.5066666007041931, mean_queue:0.8194444179534912
intersection:15, mean_episode_reward:-1.3869446516036987, mean_queue:0.7611111402511597
intersection:16, mean_episode_reward:0.03722222521901131, mean_queue:0.0
intersection:17, mean_episode_reward:0.12416666001081467, mean_queue:0.0
intersection:18, mean_episode_reward:0.12916666269302368, mean_queue:0.0
intersection:19, mean_episode_reward:0.1850000023841858, mean_queue:0.0
intersection:20, mean_episode_reward:0.25138887763023376, mean_queue:0.0
intersection:21, mean_episode_reward:0.21194444596767426, mean_queue:0.0
intersection:22, mean_episode_reward:0.03611111268401146, mean_queue:0.0
intersection:23, mean_episode_reward:0.022777779027819633, mean_queue:0.0
intersection:24, mean_episode_reward:0.04805556312203407, mean_queue:0.0
intersection:25, mean_episode_reward:0.1086111068725586, mean_queue:0.0
intersection:26, mean_episode_reward:0.19305554032325745, mean_queue:0.0
intersection:27, mean_episode_reward:0.16083334386348724, mean_queue:0.0
intersection:28, mean_episode_reward:0.13999995589256287, mean_queue:0.0
intersection:29, mean_episode_reward:0.09444444626569748, mean_queue:0.0
intersection:30, mean_episode_reward:0.18611109256744385, mean_queue:0.0
intersection:31, mean_episode_reward:0.09111110866069794, mean_queue:0.0
Test step:158/200, travel time :188.65172413793104, rewards:-8.388612196180556, queue:0.46380208333333334, delay:0.029013114505343968, throughput:1450
step:3600/3600, q_loss:1.2220648527145386, rewards:-8.49972195095486, queue:0.5032118055555556, delay:0.030441074901156957, throughput:1449
episode:159/200, real avg travel time:191.31953071083507
intersection:0, mean_episode_reward:-1.2799999713897705, mean_queue:0.9555555582046509
intersection:1, mean_episode_reward:-0.7988891005516052, mean_queue:1.1777777671813965
intersection:2, mean_episode_reward:-0.6530558466911316, mean_queue:1.269444465637207
intersection:3, mean_episode_reward:-1.6038881540298462, mean_queue:1.024999976158142
intersection:4, mean_episode_reward:-0.7263890504837036, mean_queue:1.1027777194976807
intersection:5, mean_episode_reward:0.06555556505918503, mean_queue:0.9750000238418579
intersection:6, mean_episode_reward:0.18444453179836273, mean_queue:0.8999999761581421
intersection:7, mean_episode_reward:-0.5969446301460266, mean_queue:0.7444444298744202
intersection:8, mean_episode_reward:-0.8013884425163269, mean_queue:1.3916666507720947
intersection:9, mean_episode_reward:-0.11444444954395294, mean_queue:1.230555534362793
intersection:10, mean_episode_reward:0.09138891100883484, mean_queue:0.9055555462837219
intersection:11, mean_episode_reward:-0.5280558466911316, mean_queue:0.9055555462837219
intersection:12, mean_episode_reward:-1.1122220754623413, mean_queue:0.8694444298744202
intersection:13, mean_episode_reward:-0.5966663956642151, mean_queue:0.9138888716697693
intersection:14, mean_episode_reward:-0.6819444298744202, mean_queue:0.9055555462837219
intersection:15, mean_episode_reward:-1.416666865348816, mean_queue:0.8305555582046509
intersection:16, mean_episode_reward:0.03305555880069733, mean_queue:0.0
intersection:17, mean_episode_reward:0.16305555403232574, mean_queue:0.0
intersection:18, mean_episode_reward:0.1316666454076767, mean_queue:0.0
intersection:19, mean_episode_reward:0.19583331048488617, mean_queue:0.0
intersection:20, mean_episode_reward:0.2797222137451172, mean_queue:0.0
intersection:21, mean_episode_reward:0.24611106514930725, mean_queue:0.0
intersection:22, mean_episode_reward:0.034166667610406876, mean_queue:0.0
intersection:23, mean_episode_reward:0.03361111134290695, mean_queue:0.0
intersection:24, mean_episode_reward:0.036666665226221085, mean_queue:0.0
intersection:25, mean_episode_reward:0.08555556833744049, mean_queue:0.0
intersection:26, mean_episode_reward:0.18999996781349182, mean_queue:0.0
intersection:27, mean_episode_reward:0.16277779638767242, mean_queue:0.0
intersection:28, mean_episode_reward:0.17277775704860687, mean_queue:0.0
intersection:29, mean_episode_reward:0.09833333641290665, mean_queue:0.0
intersection:30, mean_episode_reward:0.15833331644535065, mean_queue:0.0
intersection:31, mean_episode_reward:0.04777777940034866, mean_queue:0.0
Test step:159/200, travel time :189.75862068965517, rewards:-8.711943901909722, queue:0.4798611111111111, delay:0.029439089033338757, throughput:1450
step:3600/3600, q_loss:1.223929524421692, rewards:-8.68972439236111, queue:0.47161458333333334, delay:0.029593936602274575, throughput:1450
episode:160/200, real avg travel time:190.3496551724138
intersection:0, mean_episode_reward:-1.2500001192092896, mean_queue:0.8777777552604675
intersection:1, mean_episode_reward:-0.6669447422027588, mean_queue:0.9722222089767456
intersection:2, mean_episode_reward:-0.5763887763023376, mean_queue:1.1583333015441895
intersection:3, mean_episode_reward:-1.7169450521469116, mean_queue:0.9972222447395325
intersection:4, mean_episode_reward:-0.733889102935791, mean_queue:0.9722222089767456
intersection:5, mean_episode_reward:0.10055552423000336, mean_queue:0.7777777910232544
intersection:6, mean_episode_reward:0.10333332419395447, mean_queue:0.8583333492279053
intersection:7, mean_episode_reward:-0.531389057636261, mean_queue:0.6111111044883728
intersection:8, mean_episode_reward:-0.873333752155304, mean_queue:1.350000023841858
intersection:9, mean_episode_reward:-0.09083334356546402, mean_queue:1.1111111640930176
intersection:10, mean_episode_reward:-0.044722240418195724, mean_queue:1.0222222805023193
intersection:11, mean_episode_reward:-0.6236112117767334, mean_queue:0.9083333611488342
intersection:12, mean_episode_reward:-0.997221827507019, mean_queue:0.8694444298744202
intersection:13, mean_episode_reward:-0.6508331894874573, mean_queue:0.894444465637207
intersection:14, mean_episode_reward:-0.5350000262260437, mean_queue:0.8166666626930237
intersection:15, mean_episode_reward:-1.6019448041915894, mean_queue:0.894444465637207
intersection:16, mean_episode_reward:0.036666665226221085, mean_queue:0.0
intersection:17, mean_episode_reward:0.09111111611127853, mean_queue:0.0
intersection:18, mean_episode_reward:0.16249999403953552, mean_queue:0.0
intersection:19, mean_episode_reward:0.15888889133930206, mean_queue:0.0
intersection:20, mean_episode_reward:0.2636110782623291, mean_queue:0.0
intersection:21, mean_episode_reward:0.22138887643814087, mean_queue:0.0
intersection:22, mean_episode_reward:0.035555556416511536, mean_queue:0.0
intersection:23, mean_episode_reward:0.02916666679084301, mean_queue:0.0
intersection:24, mean_episode_reward:0.03722222521901131, mean_queue:0.0
intersection:25, mean_episode_reward:0.085833340883255, mean_queue:0.0
intersection:26, mean_episode_reward:0.18861109018325806, mean_queue:0.0
intersection:27, mean_episode_reward:0.1616666615009308, mean_queue:0.0
intersection:28, mean_episode_reward:0.13916665315628052, mean_queue:0.0
intersection:29, mean_episode_reward:0.09638888388872147, mean_queue:0.0
intersection:30, mean_episode_reward:0.18805554509162903, mean_queue:0.0
intersection:31, mean_episode_reward:0.10361111909151077, mean_queue:0.0
Test step:160/200, travel time :189.24827586206897, rewards:-8.50555419921875, queue:0.46979166666666666, delay:0.029249371422661676, throughput:1450
step:3600/3600, q_loss:1.2405104637145996, rewards:-8.454165988498264, queue:0.46944444444444444, delay:0.029157188203599717, throughput:1451
episode:161/200, real avg travel time:189.5844245348036
intersection:0, mean_episode_reward:-1.1877777576446533, mean_queue:0.800000011920929
intersection:1, mean_episode_reward:-0.8466663956642151, mean_queue:1.0750000476837158
intersection:2, mean_episode_reward:-0.7780559062957764, mean_queue:1.288888931274414
intersection:3, mean_episode_reward:-1.5655550956726074, mean_queue:0.8388888835906982
intersection:4, mean_episode_reward:-0.672222375869751, mean_queue:0.9638888835906982
intersection:5, mean_episode_reward:0.16055549681186676, mean_queue:0.8777777552604675
intersection:6, mean_episode_reward:0.22583338618278503, mean_queue:0.9027777910232544
intersection:7, mean_episode_reward:-0.42111125588417053, mean_queue:0.5805555582046509
intersection:8, mean_episode_reward:-0.7444437742233276, mean_queue:1.2722222805023193
intersection:9, mean_episode_reward:-0.05333329737186432, mean_queue:1.1722222566604614
intersection:10, mean_episode_reward:-0.08944444358348846, mean_queue:1.1277778148651123
intersection:11, mean_episode_reward:-0.5461111068725586, mean_queue:0.9027777910232544
intersection:12, mean_episode_reward:-1.2269444465637207, mean_queue:0.875
intersection:13, mean_episode_reward:-0.5302777886390686, mean_queue:0.824999988079071
intersection:14, mean_episode_reward:-0.6549999713897705, mean_queue:0.7722222208976746
intersection:15, mean_episode_reward:-1.4133334159851074, mean_queue:0.7472222447395325
intersection:16, mean_episode_reward:0.0416666679084301, mean_queue:0.0
intersection:17, mean_episode_reward:0.12555557489395142, mean_queue:0.0
intersection:18, mean_episode_reward:0.17666666209697723, mean_queue:0.0
intersection:19, mean_episode_reward:0.15027779340744019, mean_queue:0.0
intersection:20, mean_episode_reward:0.25111114978790283, mean_queue:0.0
intersection:21, mean_episode_reward:0.20749995112419128, mean_queue:0.0
intersection:22, mean_episode_reward:0.04555555060505867, mean_queue:0.0
intersection:23, mean_episode_reward:0.02222222276031971, mean_queue:0.0
intersection:24, mean_episode_reward:0.04666666314005852, mean_queue:0.0
intersection:25, mean_episode_reward:0.08888889849185944, mean_queue:0.0
intersection:26, mean_episode_reward:0.13749998807907104, mean_queue:0.0
intersection:27, mean_episode_reward:0.16527779400348663, mean_queue:0.0
intersection:28, mean_episode_reward:0.12166665494441986, mean_queue:0.0
intersection:29, mean_episode_reward:0.09416665881872177, mean_queue:0.0
intersection:30, mean_episode_reward:0.17388887703418732, mean_queue:0.0
intersection:31, mean_episode_reward:0.041111111640930176, mean_queue:0.0
Test step:161/200, travel time :189.0448275862069, rewards:-8.3102783203125, queue:0.47065972222222224, delay:0.029490497377183702, throughput:1450
step:3600/3600, q_loss:1.2343580722808838, rewards:-8.536942545572916, queue:0.46979166666666666, delay:0.028740448421902126, throughput:1449
episode:162/200, real avg travel time:189.26363008971705
intersection:0, mean_episode_reward:-1.2224997282028198, mean_queue:0.7972221970558167
intersection:1, mean_episode_reward:-0.8774996995925903, mean_queue:1.1027777194976807
intersection:2, mean_episode_reward:-0.77861088514328, mean_queue:1.2083333730697632
intersection:3, mean_episode_reward:-1.4636108875274658, mean_queue:0.875
intersection:4, mean_episode_reward:-0.7583332657814026, mean_queue:0.9777777791023254
intersection:5, mean_episode_reward:0.21472221612930298, mean_queue:0.8027777671813965
intersection:6, mean_episode_reward:0.2072223275899887, mean_queue:0.8611111044883728
intersection:7, mean_episode_reward:-0.5658330917358398, mean_queue:0.6833333373069763
intersection:8, mean_episode_reward:-0.843888521194458, mean_queue:1.2833333015441895
intersection:9, mean_episode_reward:0.09583335369825363, mean_queue:1.119444489479065
intersection:10, mean_episode_reward:0.04249999299645424, mean_queue:0.9416666626930237
intersection:11, mean_episode_reward:-0.7575000524520874, mean_queue:1.0111111402511597
intersection:12, mean_episode_reward:-1.0833334922790527, mean_queue:0.8444444537162781
intersection:13, mean_episode_reward:-0.8044437766075134, mean_queue:1.0611110925674438
intersection:14, mean_episode_reward:-0.4786110818386078, mean_queue:0.6666666865348816
intersection:15, mean_episode_reward:-1.3916665315628052, mean_queue:0.7972221970558167
intersection:16, mean_episode_reward:0.03500000387430191, mean_queue:0.0
intersection:17, mean_episode_reward:0.08861111849546432, mean_queue:0.0
intersection:18, mean_episode_reward:0.15861108899116516, mean_queue:0.0
intersection:19, mean_episode_reward:0.17222221195697784, mean_queue:0.0
intersection:20, mean_episode_reward:0.26111114025115967, mean_queue:0.0
intersection:21, mean_episode_reward:0.22222217917442322, mean_queue:0.0
intersection:22, mean_episode_reward:0.03222221881151199, mean_queue:0.0
intersection:23, mean_episode_reward:0.02527777850627899, mean_queue:0.0
intersection:24, mean_episode_reward:0.04277778044342995, mean_queue:0.0
intersection:25, mean_episode_reward:0.10444445163011551, mean_queue:0.0
intersection:26, mean_episode_reward:0.13583332300186157, mean_queue:0.0
intersection:27, mean_episode_reward:0.15805554389953613, mean_queue:0.0
intersection:28, mean_episode_reward:0.11527776718139648, mean_queue:0.0
intersection:29, mean_episode_reward:0.10833331197500229, mean_queue:0.0
intersection:30, mean_episode_reward:0.19749997556209564, mean_queue:0.0
intersection:31, mean_episode_reward:0.07111111283302307, mean_queue:0.0
Test step:162/200, travel time :188.81629834254144, rewards:-8.58222384982639, queue:0.45720486111111114, delay:0.02855092684427897, throughput:1448
step:3600/3600, q_loss:1.2410142421722412, rewards:-8.241946750217014, queue:0.48072916666666665, delay:0.02992659674750434, throughput:1447
episode:163/200, real avg travel time:190.6060815480304
intersection:0, mean_episode_reward:-1.2025007009506226, mean_queue:0.7861111164093018
intersection:1, mean_episode_reward:-0.9261107444763184, mean_queue:1.1388888359069824
intersection:2, mean_episode_reward:-0.6147221326828003, mean_queue:1.0694444179534912
intersection:3, mean_episode_reward:-1.4916670322418213, mean_queue:0.855555534362793
intersection:4, mean_episode_reward:-0.5705556869506836, mean_queue:1.0583332777023315
intersection:5, mean_episode_reward:0.06694446504116058, mean_queue:1.0527777671813965
intersection:6, mean_episode_reward:0.20277775824069977, mean_queue:0.8777777552604675
intersection:7, mean_episode_reward:-0.5580556392669678, mean_queue:0.6861110925674438
intersection:8, mean_episode_reward:-0.6625000834465027, mean_queue:1.2916666269302368
intersection:9, mean_episode_reward:-0.13861116766929626, mean_queue:1.1944444179534912
intersection:10, mean_episode_reward:0.03833329305052757, mean_queue:1.0
intersection:11, mean_episode_reward:-0.5675002336502075, mean_queue:0.9583333134651184
intersection:12, mean_episode_reward:-1.3472228050231934, mean_queue:1.0
intersection:13, mean_episode_reward:-0.5727778673171997, mean_queue:0.8722222447395325
intersection:14, mean_episode_reward:-0.3924999535083771, mean_queue:0.6916666626930237
intersection:15, mean_episode_reward:-1.4649996757507324, mean_queue:0.8500000238418579
intersection:16, mean_episode_reward:0.04888888821005821, mean_queue:0.0
intersection:17, mean_episode_reward:0.11166665703058243, mean_queue:0.0
intersection:18, mean_episode_reward:0.14749999344348907, mean_queue:0.0
intersection:19, mean_episode_reward:0.17166663706302643, mean_queue:0.0
intersection:20, mean_episode_reward:0.2286110818386078, mean_queue:0.0
intersection:21, mean_episode_reward:0.28583329916000366, mean_queue:0.0
intersection:22, mean_episode_reward:0.031111113727092743, mean_queue:0.0
intersection:23, mean_episode_reward:0.02527777850627899, mean_queue:0.0
intersection:24, mean_episode_reward:0.04805556312203407, mean_queue:0.0
intersection:25, mean_episode_reward:0.08694444596767426, mean_queue:0.0
intersection:26, mean_episode_reward:0.1480555385351181, mean_queue:0.0
intersection:27, mean_episode_reward:0.16777777671813965, mean_queue:0.0
intersection:28, mean_episode_reward:0.11388887465000153, mean_queue:0.0
intersection:29, mean_episode_reward:0.10083331912755966, mean_queue:0.0
intersection:30, mean_episode_reward:0.14888888597488403, mean_queue:0.0
intersection:31, mean_episode_reward:0.09472222626209259, mean_queue:0.0
Test step:163/200, travel time :189.7567195037905, rewards:-8.451665581597222, queue:0.4669270833333333, delay:0.029226348135206436, throughput:1451
step:3600/3600, q_loss:1.2374769449234009, rewards:-8.54916720920139, queue:0.4673611111111111, delay:0.029128503799438477, throughput:1448
episode:164/200, real avg travel time:189.48687845303868
intersection:0, mean_episode_reward:-1.2344447374343872, mean_queue:0.8888888955116272
intersection:1, mean_episode_reward:-0.6499999165534973, mean_queue:0.9888888597488403
intersection:2, mean_episode_reward:-0.6747221350669861, mean_queue:1.2055555582046509
intersection:3, mean_episode_reward:-1.5502777099609375, mean_queue:0.8638888597488403
intersection:4, mean_episode_reward:-0.79749995470047, mean_queue:1.1027777194976807
intersection:5, mean_episode_reward:0.0002777802583295852, mean_queue:0.9194444417953491
intersection:6, mean_episode_reward:0.173611119389534, mean_queue:0.8611111044883728
intersection:7, mean_episode_reward:-0.5024998784065247, mean_queue:0.6472222208976746
intersection:8, mean_episode_reward:-0.7122222781181335, mean_queue:1.1694444417953491
intersection:9, mean_episode_reward:-0.14888884127140045, mean_queue:1.163888931274414
intersection:10, mean_episode_reward:0.002500020433217287, mean_queue:0.9111111164093018
intersection:11, mean_episode_reward:-0.6550001502037048, mean_queue:0.8444444537162781
intersection:12, mean_episode_reward:-1.258889079093933, mean_queue:0.9416666626930237
intersection:13, mean_episode_reward:-0.67249995470047, mean_queue:1.0444444417953491
intersection:14, mean_episode_reward:-0.29805564880371094, mean_queue:0.644444465637207
intersection:15, mean_episode_reward:-1.427222490310669, mean_queue:0.7583333253860474
intersection:16, mean_episode_reward:0.04611111059784889, mean_queue:0.0
intersection:17, mean_episode_reward:0.13722223043441772, mean_queue:0.0
intersection:18, mean_episode_reward:0.12638890743255615, mean_queue:0.0
intersection:19, mean_episode_reward:0.18583336472511292, mean_queue:0.0
intersection:20, mean_episode_reward:0.23916667699813843, mean_queue:0.0
intersection:21, mean_episode_reward:0.1991666555404663, mean_queue:0.0
intersection:22, mean_episode_reward:0.03333333134651184, mean_queue:0.0
intersection:23, mean_episode_reward:0.021666666492819786, mean_queue:0.0
intersection:24, mean_episode_reward:0.05055556446313858, mean_queue:0.0
intersection:25, mean_episode_reward:0.10722221434116364, mean_queue:0.0
intersection:26, mean_episode_reward:0.16972221434116364, mean_queue:0.0
intersection:27, mean_episode_reward:0.15916667878627777, mean_queue:0.0
intersection:28, mean_episode_reward:0.1038888692855835, mean_queue:0.0
intersection:29, mean_episode_reward:0.09749999642372131, mean_queue:0.0
intersection:30, mean_episode_reward:0.1224999874830246, mean_queue:0.0
intersection:31, mean_episode_reward:0.05722222477197647, mean_queue:0.0
Test step:164/200, travel time :189.67748618784532, rewards:-8.526666937934028, queue:0.4756076388888889, delay:0.029626711209615072, throughput:1448
step:3600/3600, q_loss:1.2354105710983276, rewards:-8.470000542534722, queue:0.4765625, delay:0.029829483562045626, throughput:1448
episode:165/200, real avg travel time:189.88397790055248
intersection:0, mean_episode_reward:-1.3127776384353638, mean_queue:0.9027777910232544
intersection:1, mean_episode_reward:-0.699166476726532, mean_queue:0.9750000238418579
intersection:2, mean_episode_reward:-0.7322222590446472, mean_queue:1.1861110925674438
intersection:3, mean_episode_reward:-1.521389126777649, mean_queue:0.8666666746139526
intersection:4, mean_episode_reward:-0.6225001215934753, mean_queue:0.9833333492279053
intersection:5, mean_episode_reward:0.005833349656313658, mean_queue:0.9638888835906982
intersection:6, mean_episode_reward:0.1852777749300003, mean_queue:0.8638888597488403
intersection:7, mean_episode_reward:-0.4747222363948822, mean_queue:0.6194444298744202
intersection:8, mean_episode_reward:-0.49694493412971497, mean_queue:1.2361111640930176
intersection:9, mean_episode_reward:0.00805557332932949, mean_queue:1.1388888359069824
intersection:10, mean_episode_reward:-0.017777780070900917, mean_queue:0.9388889074325562
intersection:11, mean_episode_reward:-0.8880550861358643, mean_queue:1.0888888835906982
intersection:12, mean_episode_reward:-1.5094447135925293, mean_queue:1.2361111640930176
intersection:13, mean_episode_reward:-0.6411110162734985, mean_queue:0.9111111164093018
intersection:14, mean_episode_reward:-0.361666738986969, mean_queue:0.644444465637207
intersection:15, mean_episode_reward:-1.273889422416687, mean_queue:0.6944444179534912
intersection:16, mean_episode_reward:0.046666670590639114, mean_queue:0.0
intersection:17, mean_episode_reward:0.10472222417593002, mean_queue:0.0
intersection:18, mean_episode_reward:0.12638889253139496, mean_queue:0.0
intersection:19, mean_episode_reward:0.16111111640930176, mean_queue:0.0
intersection:20, mean_episode_reward:0.25, mean_queue:0.0
intersection:21, mean_episode_reward:0.22027777135372162, mean_queue:0.0
intersection:22, mean_episode_reward:0.03222221881151199, mean_queue:0.0
intersection:23, mean_episode_reward:0.02222222089767456, mean_queue:0.0
intersection:24, mean_episode_reward:0.05194444581866264, mean_queue:0.0
intersection:25, mean_episode_reward:0.07444445043802261, mean_queue:0.0
intersection:26, mean_episode_reward:0.14861108362674713, mean_queue:0.0
intersection:27, mean_episode_reward:0.16361109912395477, mean_queue:0.0
intersection:28, mean_episode_reward:0.1063888892531395, mean_queue:0.0
intersection:29, mean_episode_reward:0.09305554628372192, mean_queue:0.0
intersection:30, mean_episode_reward:0.22499999403953552, mean_queue:0.0
intersection:31, mean_episode_reward:0.05583333596587181, mean_queue:0.0
Test step:165/200, travel time :188.81034482758622, rewards:-8.476110161675347, queue:0.45651041666666664, delay:0.02859421836005317, throughput:1450
step:3600/3600, q_loss:1.2212451696395874, rewards:-8.69305419921875, queue:0.4903645833333333, delay:0.030385867754618327, throughput:1450
episode:166/200, real avg travel time:191.32275862068965
intersection:0, mean_episode_reward:-1.4269441366195679, mean_queue:1.0361111164093018
intersection:1, mean_episode_reward:-0.7966666221618652, mean_queue:1.105555534362793
intersection:2, mean_episode_reward:-0.5594444870948792, mean_queue:1.2583333253860474
intersection:3, mean_episode_reward:-1.6272221803665161, mean_queue:0.9777777791023254
intersection:4, mean_episode_reward:-0.7861111164093018, mean_queue:1.149999976158142
intersection:5, mean_episode_reward:0.2630555331707001, mean_queue:0.824999988079071
intersection:6, mean_episode_reward:0.12194449454545975, mean_queue:0.9638888835906982
intersection:7, mean_episode_reward:-0.6038890480995178, mean_queue:0.6638888716697693
intersection:8, mean_episode_reward:-0.6272222995758057, mean_queue:1.1722222566604614
intersection:9, mean_episode_reward:-0.10777777433395386, mean_queue:1.1944444179534912
intersection:10, mean_episode_reward:0.004444453399628401, mean_queue:0.9833333492279053
intersection:11, mean_episode_reward:-0.6255555748939514, mean_queue:0.8583333492279053
intersection:12, mean_episode_reward:-1.3213887214660645, mean_queue:0.9833333492279053
intersection:13, mean_episode_reward:-0.5636112689971924, mean_queue:0.9638888835906982
intersection:14, mean_episode_reward:-0.44861099123954773, mean_queue:0.7388888597488403
intersection:15, mean_episode_reward:-1.496943473815918, mean_queue:0.8166666626930237
intersection:16, mean_episode_reward:0.03222222253680229, mean_queue:0.0
intersection:17, mean_episode_reward:0.13111111521720886, mean_queue:0.0
intersection:18, mean_episode_reward:0.1366666555404663, mean_queue:0.0
intersection:19, mean_episode_reward:0.16999998688697815, mean_queue:0.0
intersection:20, mean_episode_reward:0.2630555033683777, mean_queue:0.0
intersection:21, mean_episode_reward:0.24250000715255737, mean_queue:0.0
intersection:22, mean_episode_reward:0.03500000014901161, mean_queue:0.0
intersection:23, mean_episode_reward:0.02333333157002926, mean_queue:0.0
intersection:24, mean_episode_reward:0.056111112236976624, mean_queue:0.0
intersection:25, mean_episode_reward:0.11138887703418732, mean_queue:0.0
intersection:26, mean_episode_reward:0.1480555385351181, mean_queue:0.0
intersection:27, mean_episode_reward:0.16722221672534943, mean_queue:0.0
intersection:28, mean_episode_reward:0.10944442451000214, mean_queue:0.0
intersection:29, mean_episode_reward:0.09638888388872147, mean_queue:0.0
intersection:30, mean_episode_reward:0.14055554568767548, mean_queue:0.0
intersection:31, mean_episode_reward:0.04583333805203438, mean_queue:0.0
Test step:166/200, travel time :189.0103305785124, rewards:-8.375832112630208, queue:0.45711805555555557, delay:0.028941535949707033, throughput:1452
step:3600/3600, q_loss:1.2355599403381348, rewards:-8.339444986979167, queue:0.4822048611111111, delay:0.029502762688530818, throughput:1450
episode:167/200, real avg travel time:189.9344827586207
intersection:0, mean_episode_reward:-1.2194445133209229, mean_queue:0.855555534362793
intersection:1, mean_episode_reward:-0.6194443106651306, mean_queue:1.0638889074325562
intersection:2, mean_episode_reward:-0.59333336353302, mean_queue:1.3250000476837158
intersection:3, mean_episode_reward:-1.651111364364624, mean_queue:1.0499999523162842
intersection:4, mean_episode_reward:-0.6750001311302185, mean_queue:1.0166666507720947
intersection:5, mean_episode_reward:-0.08916664123535156, mean_queue:1.0583332777023315
intersection:6, mean_episode_reward:0.10750000178813934, mean_queue:0.8500000238418579
intersection:7, mean_episode_reward:-0.5447221398353577, mean_queue:0.6861110925674438
intersection:8, mean_episode_reward:-0.5444443821907043, mean_queue:1.038888931274414
intersection:9, mean_episode_reward:0.09777776896953583, mean_queue:1.1916667222976685
intersection:10, mean_episode_reward:0.0838889330625534, mean_queue:0.9583333134651184
intersection:11, mean_episode_reward:-0.6119444966316223, mean_queue:0.9666666388511658
intersection:12, mean_episode_reward:-1.3636112213134766, mean_queue:1.005555510520935
intersection:13, mean_episode_reward:-0.7158331274986267, mean_queue:0.9444444179534912
intersection:14, mean_episode_reward:-0.38833338022232056, mean_queue:0.644444465637207
intersection:15, mean_episode_reward:-1.461111307144165, mean_queue:0.7749999761581421
intersection:16, mean_episode_reward:0.04222222417593002, mean_queue:0.0
intersection:17, mean_episode_reward:0.10027778148651123, mean_queue:0.0
intersection:18, mean_episode_reward:0.13138887286186218, mean_queue:0.0
intersection:19, mean_episode_reward:0.1755555421113968, mean_queue:0.0
intersection:20, mean_episode_reward:0.2361110895872116, mean_queue:0.0
intersection:21, mean_episode_reward:0.23944441974163055, mean_queue:0.0
intersection:22, mean_episode_reward:0.03222221881151199, mean_queue:0.0
intersection:23, mean_episode_reward:0.021944444626569748, mean_queue:0.0
intersection:24, mean_episode_reward:0.056111112236976624, mean_queue:0.0
intersection:25, mean_episode_reward:0.08666667342185974, mean_queue:0.0
intersection:26, mean_episode_reward:0.15611107647418976, mean_queue:0.0
intersection:27, mean_episode_reward:0.16999998688697815, mean_queue:0.0
intersection:28, mean_episode_reward:0.10138886421918869, mean_queue:0.0
intersection:29, mean_episode_reward:0.09444444626569748, mean_queue:0.0
intersection:30, mean_episode_reward:0.16277776658535004, mean_queue:0.0
intersection:31, mean_episode_reward:0.04222222417593002, mean_queue:0.0
Test step:167/200, travel time :188.78453038674033, rewards:-8.413332790798611, queue:0.45425347222222223, delay:0.02913550270928277, throughput:1448
step:3600/3600, q_loss:1.204491138458252, rewards:-8.494444444444444, queue:0.47673611111111114, delay:0.029659122890896266, throughput:1451
episode:168/200, real avg travel time:189.97587870434182
intersection:0, mean_episode_reward:-1.3286112546920776, mean_queue:0.8472222089767456
intersection:1, mean_episode_reward:-0.6372223496437073, mean_queue:1.0527777671813965
intersection:2, mean_episode_reward:-0.8455557227134705, mean_queue:1.380555510520935
intersection:3, mean_episode_reward:-1.3738887310028076, mean_queue:0.7916666865348816
intersection:4, mean_episode_reward:-0.6874997615814209, mean_queue:1.0111111402511597
intersection:5, mean_episode_reward:0.08638887852430344, mean_queue:0.8444444537162781
intersection:6, mean_episode_reward:0.0077777463011443615, mean_queue:0.9916666746139526
intersection:7, mean_episode_reward:-0.5350000858306885, mean_queue:0.5722222328186035
intersection:8, mean_episode_reward:-0.5194444060325623, mean_queue:1.1333333253860474
intersection:9, mean_episode_reward:-0.034444473683834076, mean_queue:1.2388888597488403
intersection:10, mean_episode_reward:0.060277797281742096, mean_queue:1.0
intersection:11, mean_episode_reward:-0.6108332276344299, mean_queue:0.8777777552604675
intersection:12, mean_episode_reward:-1.304722547531128, mean_queue:0.9333333373069763
intersection:13, mean_episode_reward:-0.6916667819023132, mean_queue:0.9666666388511658
intersection:14, mean_episode_reward:-0.3847222924232483, mean_queue:0.7222222089767456
intersection:15, mean_episode_reward:-1.5991660356521606, mean_queue:0.8916666507720947
intersection:16, mean_episode_reward:0.05055555701255798, mean_queue:0.0
intersection:17, mean_episode_reward:0.06277777999639511, mean_queue:0.0
intersection:18, mean_episode_reward:0.14027777314186096, mean_queue:0.0
intersection:19, mean_episode_reward:0.15611110627651215, mean_queue:0.0
intersection:20, mean_episode_reward:0.30250000953674316, mean_queue:0.0
intersection:21, mean_episode_reward:0.2497221827507019, mean_queue:0.0
intersection:22, mean_episode_reward:0.032499995082616806, mean_queue:0.0
intersection:23, mean_episode_reward:0.028611112385988235, mean_queue:0.0
intersection:24, mean_episode_reward:0.03722222149372101, mean_queue:0.0
intersection:25, mean_episode_reward:0.10583332926034927, mean_queue:0.0
intersection:26, mean_episode_reward:0.16055551171302795, mean_queue:0.0
intersection:27, mean_episode_reward:0.1688888818025589, mean_queue:0.0
intersection:28, mean_episode_reward:0.14000000059604645, mean_queue:0.0
intersection:29, mean_episode_reward:0.09361111372709274, mean_queue:0.0
intersection:30, mean_episode_reward:0.13138887286186218, mean_queue:0.0
intersection:31, mean_episode_reward:0.04333334043622017, mean_queue:0.0
Test step:168/200, travel time :192.22053756030323, rewards:-8.703889295789931, queue:0.5079861111111111, delay:0.03045410050286187, throughput:1451
step:3600/3600, q_loss:1.2100648880004883, rewards:-8.44472181532118, queue:0.4934027777777778, delay:0.02996040980021159, throughput:1451
episode:169/200, real avg travel time:190.58718125430738
intersection:0, mean_episode_reward:-1.1413885354995728, mean_queue:0.8222222328186035
intersection:1, mean_episode_reward:-0.6733332872390747, mean_queue:1.0666667222976685
intersection:2, mean_episode_reward:-0.7999998331069946, mean_queue:1.394444465637207
intersection:3, mean_episode_reward:-1.4688886404037476, mean_queue:0.8833333253860474
intersection:4, mean_episode_reward:-0.7955553531646729, mean_queue:1.1694444417953491
intersection:5, mean_episode_reward:0.07527779787778854, mean_queue:0.9361110925674438
intersection:6, mean_episode_reward:0.1069444939494133, mean_queue:0.9111111164093018
intersection:7, mean_episode_reward:-0.6155557632446289, mean_queue:0.6472222208976746
intersection:8, mean_episode_reward:-0.6891669631004333, mean_queue:1.2277777194976807
intersection:9, mean_episode_reward:-0.09722233563661575, mean_queue:1.2361111640930176
intersection:10, mean_episode_reward:0.13361108303070068, mean_queue:1.0444444417953491
intersection:11, mean_episode_reward:-0.6647219657897949, mean_queue:0.9333333373069763
intersection:12, mean_episode_reward:-1.2722221612930298, mean_queue:0.9527778029441833
intersection:13, mean_episode_reward:-0.7019448280334473, mean_queue:1.0138888359069824
intersection:14, mean_episode_reward:-0.47194430232048035, mean_queue:0.7333333492279053
intersection:15, mean_episode_reward:-1.410000205039978, mean_queue:0.8166666626930237
intersection:16, mean_episode_reward:0.05000000074505806, mean_queue:0.0
intersection:17, mean_episode_reward:0.13833333551883698, mean_queue:0.0
intersection:18, mean_episode_reward:0.2202777862548828, mean_queue:0.0
intersection:19, mean_episode_reward:0.17749999463558197, mean_queue:0.0
intersection:20, mean_episode_reward:0.24555553495883942, mean_queue:0.0
intersection:21, mean_episode_reward:0.2474999725818634, mean_queue:0.0
intersection:22, mean_episode_reward:0.03222221881151199, mean_queue:0.0
intersection:23, mean_episode_reward:0.025555558502674103, mean_queue:0.0
intersection:24, mean_episode_reward:0.052500005811452866, mean_queue:0.0
intersection:25, mean_episode_reward:0.12194443494081497, mean_queue:0.0
intersection:26, mean_episode_reward:0.16277773678302765, mean_queue:0.0
intersection:27, mean_episode_reward:0.16999998688697815, mean_queue:0.0
intersection:28, mean_episode_reward:0.10249999165534973, mean_queue:0.0
intersection:29, mean_episode_reward:0.09333334118127823, mean_queue:0.0
intersection:30, mean_episode_reward:0.12138888239860535, mean_queue:0.0
intersection:31, mean_episode_reward:0.08000001311302185, mean_queue:0.0
Test step:169/200, travel time :198.52864044168393, rewards:-8.809998914930556, queue:0.5807291666666666, delay:0.0319162474738227, throughput:1449
step:3600/3600, q_loss:1.2419599294662476, rewards:-8.443612331814236, queue:0.5006076388888889, delay:0.03017700513203939, throughput:1448
episode:170/200, real avg travel time:191.33632596685084
intersection:0, mean_episode_reward:-1.2686113119125366, mean_queue:0.8972222208976746
intersection:1, mean_episode_reward:-0.5097221732139587, mean_queue:1.0305556058883667
intersection:2, mean_episode_reward:-1.2216664552688599, mean_queue:1.8138889074325562
intersection:3, mean_episode_reward:-1.1027780771255493, mean_queue:0.8305555582046509
intersection:4, mean_episode_reward:-0.7800001502037048, mean_queue:1.1222221851348877
intersection:5, mean_episode_reward:0.010555542074143887, mean_queue:1.0416666269302368
intersection:6, mean_episode_reward:0.22527773678302765, mean_queue:0.9333333373069763
intersection:7, mean_episode_reward:-0.6363891959190369, mean_queue:0.6194444298744202
intersection:8, mean_episode_reward:-0.5930554270744324, mean_queue:1.105555534362793
intersection:9, mean_episode_reward:-0.08027778565883636, mean_queue:1.2222222089767456
intersection:10, mean_episode_reward:0.04444446042180061, mean_queue:1.0083333253860474
intersection:11, mean_episode_reward:-0.5019444227218628, mean_queue:0.8361111283302307
intersection:12, mean_episode_reward:-1.177499771118164, mean_queue:0.8611111044883728
intersection:13, mean_episode_reward:-0.6891664862632751, mean_queue:0.9194444417953491
intersection:14, mean_episode_reward:-0.4219444990158081, mean_queue:0.75
intersection:15, mean_episode_reward:-1.6722228527069092, mean_queue:1.0277777910232544
intersection:16, mean_episode_reward:0.04361111298203468, mean_queue:0.0
intersection:17, mean_episode_reward:0.15138888359069824, mean_queue:0.0
intersection:18, mean_episode_reward:0.1274999976158142, mean_queue:0.0
intersection:19, mean_episode_reward:0.16027776896953583, mean_queue:0.0
intersection:20, mean_episode_reward:0.25777778029441833, mean_queue:0.0
intersection:21, mean_episode_reward:0.19111110270023346, mean_queue:0.0
intersection:22, mean_episode_reward:0.038055554032325745, mean_queue:0.0
intersection:23, mean_episode_reward:0.02333333157002926, mean_queue:0.0
intersection:24, mean_episode_reward:0.0741666704416275, mean_queue:0.0
intersection:25, mean_episode_reward:0.10222221910953522, mean_queue:0.0
intersection:26, mean_episode_reward:0.13722220063209534, mean_queue:0.0
intersection:27, mean_episode_reward:0.18638890981674194, mean_queue:0.0
intersection:28, mean_episode_reward:0.12277776747941971, mean_queue:0.0
intersection:29, mean_episode_reward:0.09499999135732651, mean_queue:0.0
intersection:30, mean_episode_reward:0.14194442331790924, mean_queue:0.0
intersection:31, mean_episode_reward:0.07861112058162689, mean_queue:0.0
Test step:170/200, travel time :191.33379310344827, rewards:-8.55249972873264, queue:0.49418402777777776, delay:0.0301895538965861, throughput:1450
step:3600/3600, q_loss:1.2466793060302734, rewards:-8.655833604600694, queue:0.4973090277777778, delay:0.03081133100721571, throughput:1449
episode:171/200, real avg travel time:191.94824016563146
intersection:0, mean_episode_reward:-1.2236111164093018, mean_queue:0.8277778029441833
intersection:1, mean_episode_reward:-0.6797223687171936, mean_queue:1.0083333253860474
intersection:2, mean_episode_reward:-0.7449999451637268, mean_queue:1.4166666269302368
intersection:3, mean_episode_reward:-1.5702775716781616, mean_queue:0.9222221970558167
intersection:4, mean_episode_reward:-0.6538890600204468, mean_queue:0.9750000238418579
intersection:5, mean_episode_reward:-0.04166671261191368, mean_queue:0.9138888716697693
intersection:6, mean_episode_reward:0.1316666603088379, mean_queue:1.0333333015441895
intersection:7, mean_episode_reward:-0.5322221517562866, mean_queue:0.644444465637207
intersection:8, mean_episode_reward:-0.7883336544036865, mean_queue:1.3222222328186035
intersection:9, mean_episode_reward:0.048888858407735825, mean_queue:1.2861111164093018
intersection:10, mean_episode_reward:0.022777769714593887, mean_queue:1.0944443941116333
intersection:11, mean_episode_reward:-0.610833466053009, mean_queue:0.9972222447395325
intersection:12, mean_episode_reward:-1.4177775382995605, mean_queue:1.0083333253860474
intersection:13, mean_episode_reward:-0.5708333253860474, mean_queue:0.8500000238418579
intersection:14, mean_episode_reward:-0.5522221326828003, mean_queue:0.75
intersection:15, mean_episode_reward:-1.3888887166976929, mean_queue:0.8638888597488403
intersection:16, mean_episode_reward:0.04277778044342995, mean_queue:0.0
intersection:17, mean_episode_reward:0.14694443345069885, mean_queue:0.0
intersection:18, mean_episode_reward:0.1363888680934906, mean_queue:0.0
intersection:19, mean_episode_reward:0.17472219467163086, mean_queue:0.0
intersection:20, mean_episode_reward:0.26277777552604675, mean_queue:0.0
intersection:21, mean_episode_reward:0.22111108899116516, mean_queue:0.0
intersection:22, mean_episode_reward:0.03166666254401207, mean_queue:0.0
intersection:23, mean_episode_reward:0.033888883888721466, mean_queue:0.0
intersection:24, mean_episode_reward:0.06277778744697571, mean_queue:0.0
intersection:25, mean_episode_reward:0.08833333849906921, mean_queue:0.0
intersection:26, mean_episode_reward:0.1272221952676773, mean_queue:0.0
intersection:27, mean_episode_reward:0.1691666543483734, mean_queue:0.0
intersection:28, mean_episode_reward:0.13749998807907104, mean_queue:0.0
intersection:29, mean_episode_reward:0.09611110389232635, mean_queue:0.0
intersection:30, mean_episode_reward:0.11166667193174362, mean_queue:0.0
intersection:31, mean_episode_reward:0.07305556535720825, mean_queue:0.0
Test step:171/200, travel time :188.98825966850828, rewards:-8.52861328125, queue:0.46484375, delay:0.02878623538547092, throughput:1448
step:3600/3600, q_loss:1.2460449934005737, rewards:-8.608890787760417, queue:0.4769097222222222, delay:0.029960028330485024, throughput:1449
episode:172/200, real avg travel time:190.36300897170463
intersection:0, mean_episode_reward:-1.34611177444458, mean_queue:0.9416666626930237
intersection:1, mean_episode_reward:-0.6808335781097412, mean_queue:1.0555555820465088
intersection:2, mean_episode_reward:-0.9283335208892822, mean_queue:1.505555510520935
intersection:3, mean_episode_reward:-1.5383332967758179, mean_queue:0.9277777671813965
intersection:4, mean_episode_reward:-0.6983333230018616, mean_queue:1.0333333015441895
intersection:5, mean_episode_reward:0.10444442927837372, mean_queue:0.7749999761581421
intersection:6, mean_episode_reward:0.21277779340744019, mean_queue:0.824999988079071
intersection:7, mean_episode_reward:-0.5502777695655823, mean_queue:0.6305555701255798
intersection:8, mean_episode_reward:-0.6591665148735046, mean_queue:1.1666666269302368
intersection:9, mean_episode_reward:0.00388887757435441, mean_queue:1.1472222805023193
intersection:10, mean_episode_reward:0.07388884574174881, mean_queue:0.9750000238418579
intersection:11, mean_episode_reward:-0.7380558252334595, mean_queue:0.9888888597488403
intersection:12, mean_episode_reward:-1.3358333110809326, mean_queue:0.9444444179534912
intersection:13, mean_episode_reward:-0.6255552768707275, mean_queue:0.8999999761581421
intersection:14, mean_episode_reward:-0.503333330154419, mean_queue:0.6527777910232544
intersection:15, mean_episode_reward:-1.3652782440185547, mean_queue:0.7916666865348816
intersection:16, mean_episode_reward:0.10277776420116425, mean_queue:0.0
intersection:17, mean_episode_reward:0.101666659116745, mean_queue:0.0
intersection:18, mean_episode_reward:0.13083332777023315, mean_queue:0.0
intersection:19, mean_episode_reward:0.1713888943195343, mean_queue:0.0
intersection:20, mean_episode_reward:0.2941667139530182, mean_queue:0.0
intersection:21, mean_episode_reward:0.22305554151535034, mean_queue:0.0
intersection:22, mean_episode_reward:0.03222221881151199, mean_queue:0.0
intersection:23, mean_episode_reward:0.025555558502674103, mean_queue:0.0
intersection:24, mean_episode_reward:0.05500000715255737, mean_queue:0.0
intersection:25, mean_episode_reward:0.09416667371988297, mean_queue:0.0
intersection:26, mean_episode_reward:0.12277776747941971, mean_queue:0.0
intersection:27, mean_episode_reward:0.16805554926395416, mean_queue:0.0
intersection:28, mean_episode_reward:0.13805554807186127, mean_queue:0.0
intersection:29, mean_episode_reward:0.10055555403232574, mean_queue:0.0
intersection:30, mean_episode_reward:0.12472222745418549, mean_queue:0.0
intersection:31, mean_episode_reward:0.08055555820465088, mean_queue:0.0
Test step:172/200, travel time :188.8580289455548, rewards:-8.494722493489583, queue:0.4615451388888889, delay:0.02937630812327067, throughput:1451
step:3600/3600, q_loss:1.2324652671813965, rewards:-8.313055419921875, queue:0.47421875, delay:0.02950028313530816, throughput:1452
episode:173/200, real avg travel time:189.849173553719
intersection:0, mean_episode_reward:-1.3152775764465332, mean_queue:0.9583333134651184
intersection:1, mean_episode_reward:-0.5672221779823303, mean_queue:0.9083333611488342
intersection:2, mean_episode_reward:-0.7341666221618652, mean_queue:1.399999976158142
intersection:3, mean_episode_reward:-1.5588891506195068, mean_queue:0.8833333253860474
intersection:4, mean_episode_reward:-0.6999999284744263, mean_queue:1.0583332777023315
intersection:5, mean_episode_reward:0.10000000149011612, mean_queue:0.8722222447395325
intersection:6, mean_episode_reward:0.18388883769512177, mean_queue:0.949999988079071
intersection:7, mean_episode_reward:-0.5683334469795227, mean_queue:0.6333333253860474
intersection:8, mean_episode_reward:-0.7144447565078735, mean_queue:1.2388888597488403
intersection:9, mean_episode_reward:0.16833332180976868, mean_queue:1.2055555582046509
intersection:10, mean_episode_reward:0.059166692197322845, mean_queue:0.980555534362793
intersection:11, mean_episode_reward:-0.6341665983200073, mean_queue:0.8305555582046509
intersection:12, mean_episode_reward:-1.2688888311386108, mean_queue:0.8416666388511658
intersection:13, mean_episode_reward:-0.7816668152809143, mean_queue:0.949999988079071
intersection:14, mean_episode_reward:-0.6619441509246826, mean_queue:0.8138889074325562
intersection:15, mean_episode_reward:-1.219722032546997, mean_queue:0.6499999761581421
intersection:16, mean_episode_reward:0.05194444581866264, mean_queue:0.0
intersection:17, mean_episode_reward:0.07916667312383652, mean_queue:0.0
intersection:18, mean_episode_reward:0.14916667342185974, mean_queue:0.0
intersection:19, mean_episode_reward:0.17416664958000183, mean_queue:0.0
intersection:20, mean_episode_reward:0.2874999940395355, mean_queue:0.0
intersection:21, mean_episode_reward:0.20638887584209442, mean_queue:0.0
intersection:22, mean_episode_reward:0.03999999910593033, mean_queue:0.0
intersection:23, mean_episode_reward:0.022777777165174484, mean_queue:0.0
intersection:24, mean_episode_reward:0.04777778685092926, mean_queue:0.0
intersection:25, mean_episode_reward:0.08527778089046478, mean_queue:0.0
intersection:26, mean_episode_reward:0.1822221726179123, mean_queue:0.0
intersection:27, mean_episode_reward:0.1669444441795349, mean_queue:0.0
intersection:28, mean_episode_reward:0.09805554151535034, mean_queue:0.0
intersection:29, mean_episode_reward:0.09749999642372131, mean_queue:0.0
intersection:30, mean_episode_reward:0.14694443345069885, mean_queue:0.0
intersection:31, mean_episode_reward:0.06444444507360458, mean_queue:0.0
Test step:173/200, travel time :190.01173222912354, rewards:-8.553611246744792, queue:0.4690972222222222, delay:0.03011276986863878, throughput:1449
step:3600/3600, q_loss:1.2255338430404663, rewards:-8.54444580078125, queue:0.48038194444444443, delay:0.029539850023057725, throughput:1451
episode:174/200, real avg travel time:190.2184700206754
intersection:0, mean_episode_reward:-1.2866666316986084, mean_queue:0.8722222447395325
intersection:1, mean_episode_reward:-0.46138885617256165, mean_queue:0.9388889074325562
intersection:2, mean_episode_reward:-0.8733335137367249, mean_queue:1.5583332777023315
intersection:3, mean_episode_reward:-1.4425004720687866, mean_queue:0.8055555820465088
intersection:4, mean_episode_reward:-0.6213890314102173, mean_queue:0.9277777671813965
intersection:5, mean_episode_reward:0.1761111319065094, mean_queue:0.8583333492279053
intersection:6, mean_episode_reward:0.01361108385026455, mean_queue:1.0138888359069824
intersection:7, mean_episode_reward:-0.5383334159851074, mean_queue:0.5833333134651184
intersection:8, mean_episode_reward:-0.4930553138256073, mean_queue:1.1583333015441895
intersection:9, mean_episode_reward:-0.08416663855314255, mean_queue:1.3277777433395386
intersection:10, mean_episode_reward:0.21166665852069855, mean_queue:0.9361110925674438
intersection:11, mean_episode_reward:-0.7097221612930298, mean_queue:0.925000011920929
intersection:12, mean_episode_reward:-1.3236109018325806, mean_queue:0.9388889074325562
intersection:13, mean_episode_reward:-0.9913887977600098, mean_queue:1.0638889074325562
intersection:14, mean_episode_reward:-0.37999996542930603, mean_queue:0.6222222447395325
intersection:15, mean_episode_reward:-1.5552786588668823, mean_queue:0.8416666388511658
intersection:16, mean_episode_reward:0.03500000387430191, mean_queue:0.0
intersection:17, mean_episode_reward:0.10444443672895432, mean_queue:0.0
intersection:18, mean_episode_reward:0.11277777701616287, mean_queue:0.0
intersection:19, mean_episode_reward:0.16499999165534973, mean_queue:0.0
intersection:20, mean_episode_reward:0.2794444262981415, mean_queue:0.0
intersection:21, mean_episode_reward:0.18583332002162933, mean_queue:0.0
intersection:22, mean_episode_reward:0.03611111268401146, mean_queue:0.0
intersection:23, mean_episode_reward:0.02611110918223858, mean_queue:0.0
intersection:24, mean_episode_reward:0.05361111834645271, mean_queue:0.0
intersection:25, mean_episode_reward:0.16138888895511627, mean_queue:0.0
intersection:26, mean_episode_reward:0.1294444352388382, mean_queue:0.0
intersection:27, mean_episode_reward:0.16833333671092987, mean_queue:0.0
intersection:28, mean_episode_reward:0.09666665643453598, mean_queue:0.0
intersection:29, mean_episode_reward:0.09666666388511658, mean_queue:0.0
intersection:30, mean_episode_reward:0.11888888478279114, mean_queue:0.0
intersection:31, mean_episode_reward:0.045277781784534454, mean_queue:0.0
Test step:174/200, travel time :190.47550034506557, rewards:-8.308333333333334, queue:0.4830729166666667, delay:0.03062178823682997, throughput:1449
step:3600/3600, q_loss:1.23622465133667, rewards:-8.413054741753472, queue:0.46866319444444443, delay:0.029585083325703938, throughput:1450
episode:175/200, real avg travel time:189.60206896551725
intersection:0, mean_episode_reward:-1.152500033378601, mean_queue:0.7083333134651184
intersection:1, mean_episode_reward:-0.719444215297699, mean_queue:1.005555510520935
intersection:2, mean_episode_reward:-0.6391666531562805, mean_queue:1.2222222089767456
intersection:3, mean_episode_reward:-1.5630556344985962, mean_queue:0.9555555582046509
intersection:4, mean_episode_reward:-0.7299997806549072, mean_queue:1.0805555582046509
intersection:5, mean_episode_reward:-0.06055554747581482, mean_queue:0.8916666507720947
intersection:6, mean_episode_reward:0.07805556803941727, mean_queue:0.8361111283302307
intersection:7, mean_episode_reward:-0.5355556607246399, mean_queue:0.6527777910232544
intersection:8, mean_episode_reward:-0.6116666793823242, mean_queue:1.119444489479065
intersection:9, mean_episode_reward:0.09833328425884247, mean_queue:1.1611111164093018
intersection:10, mean_episode_reward:0.12055552005767822, mean_queue:0.9722222089767456
intersection:11, mean_episode_reward:-0.6680554747581482, mean_queue:0.9666666388511658
intersection:12, mean_episode_reward:-1.2722225189208984, mean_queue:0.8861111402511597
intersection:13, mean_episode_reward:-0.685833215713501, mean_queue:0.980555534362793
intersection:14, mean_episode_reward:-0.5144447088241577, mean_queue:0.6833333373069763
intersection:15, mean_episode_reward:-1.501388430595398, mean_queue:0.875
intersection:16, mean_episode_reward:0.04222222417593002, mean_queue:0.0
intersection:17, mean_episode_reward:0.10722223669290543, mean_queue:0.0
intersection:18, mean_episode_reward:0.14666666090488434, mean_queue:0.0
intersection:19, mean_episode_reward:0.14527776837348938, mean_queue:0.0
intersection:20, mean_episode_reward:0.23416665196418762, mean_queue:0.0
intersection:21, mean_episode_reward:0.22055555880069733, mean_queue:0.0
intersection:22, mean_episode_reward:0.03611111268401146, mean_queue:0.0
intersection:23, mean_episode_reward:0.02638888917863369, mean_queue:0.0
intersection:24, mean_episode_reward:0.06138889491558075, mean_queue:0.0
intersection:25, mean_episode_reward:0.12222221493721008, mean_queue:0.0
intersection:26, mean_episode_reward:0.1574999839067459, mean_queue:0.0
intersection:27, mean_episode_reward:0.17444443702697754, mean_queue:0.0
intersection:28, mean_episode_reward:0.12555553019046783, mean_queue:0.0
intersection:29, mean_episode_reward:0.12777774035930634, mean_queue:0.0
intersection:30, mean_episode_reward:0.15138888359069824, mean_queue:0.0
intersection:31, mean_episode_reward:0.0650000050663948, mean_queue:0.0
Test step:175/200, travel time :189.18194348725018, rewards:-8.400001356336805, queue:0.46258680555555554, delay:0.02957106696234809, throughput:1451
step:3600/3600, q_loss:1.249380111694336, rewards:-8.468333604600694, queue:0.4743923611111111, delay:0.029013723797268336, throughput:1452
episode:176/200, real avg travel time:189.8133608815427
intersection:0, mean_episode_reward:-1.1580554246902466, mean_queue:0.7583333253860474
intersection:1, mean_episode_reward:-0.620555579662323, mean_queue:0.9527778029441833
intersection:2, mean_episode_reward:-1.0252774953842163, mean_queue:1.4777777194976807
intersection:3, mean_episode_reward:-1.468056082725525, mean_queue:0.8027777671813965
intersection:4, mean_episode_reward:-0.8416669964790344, mean_queue:1.1694444417953491
intersection:5, mean_episode_reward:0.047500044107437134, mean_queue:0.8527777791023254
intersection:6, mean_episode_reward:0.1094445139169693, mean_queue:0.9611111283302307
intersection:7, mean_episode_reward:-0.4166666567325592, mean_queue:0.5444444417953491
intersection:8, mean_episode_reward:-0.6377776265144348, mean_queue:1.1972222328186035
intersection:9, mean_episode_reward:-0.1022222638130188, mean_queue:1.2805556058883667
intersection:10, mean_episode_reward:-0.027222206816077232, mean_queue:1.105555534362793
intersection:11, mean_episode_reward:-0.6150002479553223, mean_queue:0.8277778029441833
intersection:12, mean_episode_reward:-1.2583329677581787, mean_queue:1.0611110925674438
intersection:13, mean_episode_reward:-0.6224998235702515, mean_queue:0.9111111164093018
intersection:14, mean_episode_reward:-0.4438890218734741, mean_queue:0.644444465637207
intersection:15, mean_episode_reward:-1.3444445133209229, mean_queue:0.6333333253860474
intersection:16, mean_episode_reward:0.0416666679084301, mean_queue:0.0
intersection:17, mean_episode_reward:0.15138888359069824, mean_queue:0.0
intersection:18, mean_episode_reward:0.15944445133209229, mean_queue:0.0
intersection:19, mean_episode_reward:0.17944444715976715, mean_queue:0.0
intersection:20, mean_episode_reward:0.2661110758781433, mean_queue:0.0
intersection:21, mean_episode_reward:0.2038888782262802, mean_queue:0.0
intersection:22, mean_episode_reward:0.042500000447034836, mean_queue:0.0
intersection:23, mean_episode_reward:0.028333332389593124, mean_queue:0.0
intersection:24, mean_episode_reward:0.06472223252058029, mean_queue:0.0
intersection:25, mean_episode_reward:0.09333334863185883, mean_queue:0.0
intersection:26, mean_episode_reward:0.14277774095535278, mean_queue:0.0
intersection:27, mean_episode_reward:0.1619444638490677, mean_queue:0.0
intersection:28, mean_episode_reward:0.09638888388872147, mean_queue:0.0
intersection:29, mean_episode_reward:0.10361111164093018, mean_queue:0.0
intersection:30, mean_episode_reward:0.16527776420116425, mean_queue:0.0
intersection:31, mean_episode_reward:0.055555559694767, mean_queue:0.0
Test step:176/200, travel time :188.6919365954514, rewards:-8.293333604600694, queue:0.4657118055555556, delay:0.028451373842027453, throughput:1451
step:3600/3600, q_loss:1.222676396369934, rewards:-8.422220865885416, queue:0.48038194444444443, delay:0.02997721036275228, throughput:1450
episode:177/200, real avg travel time:190.3793103448276
intersection:0, mean_episode_reward:-1.2941666841506958, mean_queue:0.9944444298744202
intersection:1, mean_episode_reward:-0.37777742743492126, mean_queue:0.8999999761581421
intersection:2, mean_episode_reward:-0.7916663885116577, mean_queue:1.4638888835906982
intersection:3, mean_episode_reward:-1.491944432258606, mean_queue:0.8527777791023254
intersection:4, mean_episode_reward:-0.8091669678688049, mean_queue:1.0666667222976685
intersection:5, mean_episode_reward:-0.17305554449558258, mean_queue:0.9555555582046509
intersection:6, mean_episode_reward:0.035277727991342545, mean_queue:0.949999988079071
intersection:7, mean_episode_reward:-0.4677778482437134, mean_queue:0.5972222089767456
intersection:8, mean_episode_reward:-0.42972201108932495, mean_queue:1.0555555820465088
intersection:9, mean_episode_reward:-0.035277802497148514, mean_queue:1.2388888597488403
intersection:10, mean_episode_reward:0.014722218737006187, mean_queue:1.0583332777023315
intersection:11, mean_episode_reward:-0.5775001049041748, mean_queue:0.9055555462837219
intersection:12, mean_episode_reward:-1.4680548906326294, mean_queue:1.0111111402511597
intersection:13, mean_episode_reward:-0.6686111688613892, mean_queue:0.9333333373069763
intersection:14, mean_episode_reward:-0.5447222590446472, mean_queue:0.7222222089767456
intersection:15, mean_episode_reward:-1.244444489479065, mean_queue:0.6666666865348816
intersection:16, mean_episode_reward:0.059444449841976166, mean_queue:0.0
intersection:17, mean_episode_reward:0.1388888955116272, mean_queue:0.0
intersection:18, mean_episode_reward:0.12833333015441895, mean_queue:0.0
intersection:19, mean_episode_reward:0.18416666984558105, mean_queue:0.0
intersection:20, mean_episode_reward:0.2608333230018616, mean_queue:0.0
intersection:21, mean_episode_reward:0.19249998033046722, mean_queue:0.0
intersection:22, mean_episode_reward:0.03194444254040718, mean_queue:0.0
intersection:23, mean_episode_reward:0.023055555298924446, mean_queue:0.0
intersection:24, mean_episode_reward:0.03722222521901131, mean_queue:0.0
intersection:25, mean_episode_reward:0.0786111131310463, mean_queue:0.0
intersection:26, mean_episode_reward:0.1641666442155838, mean_queue:0.0
intersection:27, mean_episode_reward:0.1644444465637207, mean_queue:0.0
intersection:28, mean_episode_reward:0.12527775764465332, mean_queue:0.0
intersection:29, mean_episode_reward:0.10111111402511597, mean_queue:0.0
intersection:30, mean_episode_reward:0.1549999862909317, mean_queue:0.0
intersection:31, mean_episode_reward:0.056666672229766846, mean_queue:0.0
Test step:177/200, travel time :188.79379310344828, rewards:-8.212778727213541, queue:0.4618923611111111, delay:0.029130811161465115, throughput:1450
step:3600/3600, q_loss:1.2191110849380493, rewards:-8.426668294270833, queue:0.4509548611111111, delay:0.028335775269402397, throughput:1451
episode:178/200, real avg travel time:188.32460372157132
intersection:0, mean_episode_reward:-1.187778115272522, mean_queue:0.7166666388511658
intersection:1, mean_episode_reward:-0.7705551981925964, mean_queue:0.9972222447395325
intersection:2, mean_episode_reward:-0.7308333516120911, mean_queue:1.2000000476837158
intersection:3, mean_episode_reward:-1.445000410079956, mean_queue:0.7916666865348816
intersection:4, mean_episode_reward:-0.651111364364624, mean_queue:0.8888888955116272
intersection:5, mean_episode_reward:0.019166650250554085, mean_queue:0.9055555462837219
intersection:6, mean_episode_reward:0.13361108303070068, mean_queue:0.8611111044883728
intersection:7, mean_episode_reward:-0.622778058052063, mean_queue:0.6194444298744202
intersection:8, mean_episode_reward:-0.515555739402771, mean_queue:1.2138888835906982
intersection:9, mean_episode_reward:0.11222219467163086, mean_queue:1.2166666984558105
intersection:10, mean_episode_reward:0.08305556327104568, mean_queue:0.8833333253860474
intersection:11, mean_episode_reward:-0.5686112642288208, mean_queue:0.730555534362793
intersection:12, mean_episode_reward:-1.4216670989990234, mean_queue:1.0222222805023193
intersection:13, mean_episode_reward:-0.8538880348205566, mean_queue:1.024999976158142
intersection:14, mean_episode_reward:-0.5319446325302124, mean_queue:0.6527777910232544
intersection:15, mean_episode_reward:-1.3394445180892944, mean_queue:0.7055555582046509
intersection:16, mean_episode_reward:0.0347222238779068, mean_queue:0.0
intersection:17, mean_episode_reward:0.09694445133209229, mean_queue:0.0
intersection:18, mean_episode_reward:0.1361110955476761, mean_queue:0.0
intersection:19, mean_episode_reward:0.19555555284023285, mean_queue:0.0
intersection:20, mean_episode_reward:0.23722225427627563, mean_queue:0.0
intersection:21, mean_episode_reward:0.1944444179534912, mean_queue:0.0
intersection:22, mean_episode_reward:0.03222222253680229, mean_queue:0.0
intersection:23, mean_episode_reward:0.030833333730697632, mean_queue:0.0
intersection:24, mean_episode_reward:0.0416666679084301, mean_queue:0.0
intersection:25, mean_episode_reward:0.10250000655651093, mean_queue:0.0
intersection:26, mean_episode_reward:0.17888885736465454, mean_queue:0.0
intersection:27, mean_episode_reward:0.17166668176651, mean_queue:0.0
intersection:28, mean_episode_reward:0.12527777254581451, mean_queue:0.0
intersection:29, mean_episode_reward:0.09694443643093109, mean_queue:0.0
intersection:30, mean_episode_reward:0.11722222715616226, mean_queue:0.0
intersection:31, mean_episode_reward:0.07222222536802292, mean_queue:0.0
Test step:178/200, travel time :188.96549344375433, rewards:-8.221390109592013, queue:0.46241319444444445, delay:0.028835386700100368, throughput:1449
step:3600/3600, q_loss:1.2098475694656372, rewards:-8.43861083984375, queue:0.4522569444444444, delay:0.0285511228773329, throughput:1452
episode:179/200, real avg travel time:188.10330578512398
intersection:0, mean_episode_reward:-1.2466665506362915, mean_queue:0.8805555701255798
intersection:1, mean_episode_reward:-0.46305546164512634, mean_queue:0.9833333492279053
intersection:2, mean_episode_reward:-1.1036111116409302, mean_queue:1.5944443941116333
intersection:3, mean_episode_reward:-1.4411110877990723, mean_queue:0.9194444417953491
intersection:4, mean_episode_reward:-0.7697225213050842, mean_queue:0.9861111044883728
intersection:5, mean_episode_reward:0.09583335369825363, mean_queue:0.8222222328186035
intersection:6, mean_episode_reward:0.06999997794628143, mean_queue:0.8055555820465088
intersection:7, mean_episode_reward:-0.48611119389533997, mean_queue:0.5722222328186035
intersection:8, mean_episode_reward:-0.6397222280502319, mean_queue:1.0777777433395386
intersection:9, mean_episode_reward:-0.07138887792825699, mean_queue:1.2000000476837158
intersection:10, mean_episode_reward:0.17749996483325958, mean_queue:0.8305555582046509
intersection:11, mean_episode_reward:-0.6738887429237366, mean_queue:0.9166666865348816
intersection:12, mean_episode_reward:-1.255833387374878, mean_queue:0.7611111402511597
intersection:13, mean_episode_reward:-0.579444408416748, mean_queue:0.7638888955116272
intersection:14, mean_episode_reward:-0.598611056804657, mean_queue:0.6722221970558167
intersection:15, mean_episode_reward:-1.3075002431869507, mean_queue:0.6861110925674438
intersection:16, mean_episode_reward:0.039722226560115814, mean_queue:0.0
intersection:17, mean_episode_reward:0.10277777910232544, mean_queue:0.0
intersection:18, mean_episode_reward:0.12833333015441895, mean_queue:0.0
intersection:19, mean_episode_reward:0.18555551767349243, mean_queue:0.0
intersection:20, mean_episode_reward:0.2319444864988327, mean_queue:0.0
intersection:21, mean_episode_reward:0.2102777659893036, mean_queue:0.0
intersection:22, mean_episode_reward:0.03555555269122124, mean_queue:0.0
intersection:23, mean_episode_reward:0.02666666731238365, mean_queue:0.0
intersection:24, mean_episode_reward:0.05694444477558136, mean_queue:0.0
intersection:25, mean_episode_reward:0.07583335041999817, mean_queue:0.0
intersection:26, mean_episode_reward:0.16972218453884125, mean_queue:0.0
intersection:27, mean_episode_reward:0.1669444590806961, mean_queue:0.0
intersection:28, mean_episode_reward:0.16805554926395416, mean_queue:0.0
intersection:29, mean_episode_reward:0.09416665881872177, mean_queue:0.0
intersection:30, mean_episode_reward:0.11472222208976746, mean_queue:0.0
intersection:31, mean_episode_reward:0.04749999940395355, mean_queue:0.0
Test step:179/200, travel time :188.76673567977915, rewards:-8.264443630642361, queue:0.45894097222222224, delay:0.02854630947113037, throughput:1449
step:3600/3600, q_loss:1.2217251062393188, rewards:-8.407223849826389, queue:0.4890625, delay:0.030226347181532116, throughput:1449
episode:180/200, real avg travel time:190.48999309868876
intersection:0, mean_episode_reward:-1.2291672229766846, mean_queue:0.8805555701255798
intersection:1, mean_episode_reward:-0.5213888883590698, mean_queue:0.9416666626930237
intersection:2, mean_episode_reward:-0.7638890743255615, mean_queue:1.3916666507720947
intersection:3, mean_episode_reward:-1.45638906955719, mean_queue:0.894444465637207
intersection:4, mean_episode_reward:-0.7072223424911499, mean_queue:1.0638889074325562
intersection:5, mean_episode_reward:-0.10222219675779343, mean_queue:0.8999999761581421
intersection:6, mean_episode_reward:0.14888888597488403, mean_queue:0.8972222208976746
intersection:7, mean_episode_reward:-0.5677778124809265, mean_queue:0.625
intersection:8, mean_episode_reward:-0.3925001323223114, mean_queue:1.119444489479065
intersection:9, mean_episode_reward:0.05611112341284752, mean_queue:1.225000023841858
intersection:10, mean_episode_reward:0.02250000461935997, mean_queue:1.0638889074325562
intersection:11, mean_episode_reward:-0.5894441604614258, mean_queue:0.9555555582046509
intersection:12, mean_episode_reward:-1.4338887929916382, mean_queue:1.0750000476837158
intersection:13, mean_episode_reward:-0.8594442009925842, mean_queue:1.0972222089767456
intersection:14, mean_episode_reward:-0.6238888502120972, mean_queue:0.7861111164093018
intersection:15, mean_episode_reward:-1.301667332649231, mean_queue:0.7333333492279053
intersection:16, mean_episode_reward:0.043888889253139496, mean_queue:0.0
intersection:17, mean_episode_reward:0.09333332628011703, mean_queue:0.0
intersection:18, mean_episode_reward:0.16138888895511627, mean_queue:0.0
intersection:19, mean_episode_reward:0.19277776777744293, mean_queue:0.0
intersection:20, mean_episode_reward:0.24972222745418549, mean_queue:0.0
intersection:21, mean_episode_reward:0.2036111056804657, mean_queue:0.0
intersection:22, mean_episode_reward:0.03361111134290695, mean_queue:0.0
intersection:23, mean_episode_reward:0.031111110001802444, mean_queue:0.0
intersection:24, mean_episode_reward:0.05083334073424339, mean_queue:0.0
intersection:25, mean_episode_reward:0.08500000089406967, mean_queue:0.0
intersection:26, mean_episode_reward:0.19833332300186157, mean_queue:0.0
intersection:27, mean_episode_reward:0.18111112713813782, mean_queue:0.0
intersection:28, mean_episode_reward:0.10999999940395355, mean_queue:0.0
intersection:29, mean_episode_reward:0.09416665881872177, mean_queue:0.0
intersection:30, mean_episode_reward:0.14194443821907043, mean_queue:0.0
intersection:31, mean_episode_reward:0.04333333298563957, mean_queue:0.0
Test step:180/200, travel time :190.944099378882, rewards:-8.341945393880208, queue:0.48489583333333336, delay:0.030399537086486815, throughput:1449
step:3600/3600, q_loss:1.2319632768630981, rewards:-8.359444851345486, queue:0.4660590277777778, delay:0.029171930419074163, throughput:1451
episode:181/200, real avg travel time:189.18194348725018
intersection:0, mean_episode_reward:-1.2911107540130615, mean_queue:0.875
intersection:1, mean_episode_reward:-0.5219443440437317, mean_queue:0.8500000238418579
intersection:2, mean_episode_reward:-0.9105557799339294, mean_queue:1.4027777910232544
intersection:3, mean_episode_reward:-1.445555329322815, mean_queue:0.8305555582046509
intersection:4, mean_episode_reward:-0.6638889312744141, mean_queue:0.9777777791023254
intersection:5, mean_episode_reward:0.12361110746860504, mean_queue:0.7972221970558167
intersection:6, mean_episode_reward:0.13888894021511078, mean_queue:0.8472222089767456
intersection:7, mean_episode_reward:-0.710555374622345, mean_queue:0.7277777791023254
intersection:8, mean_episode_reward:-0.3294444978237152, mean_queue:1.2222222089767456
intersection:9, mean_episode_reward:-0.24472227692604065, mean_queue:1.4222222566604614
intersection:10, mean_episode_reward:0.19111116230487823, mean_queue:0.8527777791023254
intersection:11, mean_episode_reward:-0.5286110639572144, mean_queue:0.7222222089767456
intersection:12, mean_episode_reward:-1.3747225999832153, mean_queue:0.9944444298744202
intersection:13, mean_episode_reward:-0.8594444394111633, mean_queue:1.1083333492279053
intersection:14, mean_episode_reward:-0.5188889503479004, mean_queue:0.6861110925674438
intersection:15, mean_episode_reward:-1.233333706855774, mean_queue:0.5972222089767456
intersection:16, mean_episode_reward:0.06111111119389534, mean_queue:0.0
intersection:17, mean_episode_reward:0.058888889849185944, mean_queue:0.0
intersection:18, mean_episode_reward:0.1641666293144226, mean_queue:0.0
intersection:19, mean_episode_reward:0.1780555248260498, mean_queue:0.0
intersection:20, mean_episode_reward:0.2788888216018677, mean_queue:0.0
intersection:21, mean_episode_reward:0.17194445431232452, mean_queue:0.0
intersection:22, mean_episode_reward:0.03333333134651184, mean_queue:0.0
intersection:23, mean_episode_reward:0.02638888917863369, mean_queue:0.0
intersection:24, mean_episode_reward:0.03750000149011612, mean_queue:0.0
intersection:25, mean_episode_reward:0.07777778059244156, mean_queue:0.0
intersection:26, mean_episode_reward:0.19027775526046753, mean_queue:0.0
intersection:27, mean_episode_reward:0.18416666984558105, mean_queue:0.0
intersection:28, mean_episode_reward:0.12083332985639572, mean_queue:0.0
intersection:29, mean_episode_reward:0.1019444391131401, mean_queue:0.0
intersection:30, mean_episode_reward:0.09222223609685898, mean_queue:0.0
intersection:31, mean_episode_reward:0.04222222790122032, mean_queue:0.0
Test step:181/200, travel time :188.74120082815736, rewards:-8.373055691189236, queue:0.4591145833333333, delay:0.02922016249762641, throughput:1449
step:3600/3600, q_loss:1.1817357540130615, rewards:-8.348612467447916, queue:0.47039930555555554, delay:0.029509072833591037, throughput:1448
episode:182/200, real avg travel time:189.44060773480663
intersection:0, mean_episode_reward:-1.2391666173934937, mean_queue:0.9027777910232544
intersection:1, mean_episode_reward:-0.5213889479637146, mean_queue:0.894444465637207
intersection:2, mean_episode_reward:-0.828611433506012, mean_queue:1.2416666746139526
intersection:3, mean_episode_reward:-1.3847224712371826, mean_queue:0.8444444537162781
intersection:4, mean_episode_reward:-0.6358335018157959, mean_queue:1.0111111402511597
intersection:5, mean_episode_reward:0.07916666567325592, mean_queue:0.8861111402511597
intersection:6, mean_episode_reward:0.04861105978488922, mean_queue:0.925000011920929
intersection:7, mean_episode_reward:-0.6327776312828064, mean_queue:0.6916666626930237
intersection:8, mean_episode_reward:-0.43472257256507874, mean_queue:1.2166666984558105
intersection:9, mean_episode_reward:-0.0722222551703453, mean_queue:1.1805555820465088
intersection:10, mean_episode_reward:0.2802777886390686, mean_queue:0.9638888835906982
intersection:11, mean_episode_reward:-0.8313885927200317, mean_queue:0.9611111283302307
intersection:12, mean_episode_reward:-1.46750009059906, mean_queue:1.0
intersection:13, mean_episode_reward:-0.6488888263702393, mean_queue:0.8888888955116272
intersection:14, mean_episode_reward:-0.5552777647972107, mean_queue:0.7250000238418579
intersection:15, mean_episode_reward:-1.320278286933899, mean_queue:0.7194444537162781
intersection:16, mean_episode_reward:0.05000000447034836, mean_queue:0.0
intersection:17, mean_episode_reward:0.06361111253499985, mean_queue:0.0
intersection:18, mean_episode_reward:0.1872222125530243, mean_queue:0.0
intersection:19, mean_episode_reward:0.1616666465997696, mean_queue:0.0
intersection:20, mean_episode_reward:0.2358333021402359, mean_queue:0.0
intersection:21, mean_episode_reward:0.17749999463558197, mean_queue:0.0
intersection:22, mean_episode_reward:0.0347222238779068, mean_queue:0.0
intersection:23, mean_episode_reward:0.021944444626569748, mean_queue:0.0
intersection:24, mean_episode_reward:0.045277781784534454, mean_queue:0.0
intersection:25, mean_episode_reward:0.10583333671092987, mean_queue:0.0
intersection:26, mean_episode_reward:0.1730555295944214, mean_queue:0.0
intersection:27, mean_episode_reward:0.17055556178092957, mean_queue:0.0
intersection:28, mean_episode_reward:0.11722222715616226, mean_queue:0.0
intersection:29, mean_episode_reward:0.09527777880430222, mean_queue:0.0
intersection:30, mean_episode_reward:0.13249999284744263, mean_queue:0.0
intersection:31, mean_episode_reward:0.043888892978429794, mean_queue:0.0
Test step:182/200, travel time :187.9724328049621, rewards:-8.351388210720486, queue:0.4525173611111111, delay:0.02835349506802029, throughput:1451
step:3600/3600, q_loss:1.1761610507965088, rewards:-8.62583482530382, queue:0.4826388888888889, delay:0.03021356529659695, throughput:1450
episode:183/200, real avg travel time:190.3744827586207
intersection:0, mean_episode_reward:-1.2536112070083618, mean_queue:0.9083333611488342
intersection:1, mean_episode_reward:-0.508888840675354, mean_queue:0.8611111044883728
intersection:2, mean_episode_reward:-0.8963887691497803, mean_queue:1.3083332777023315
intersection:3, mean_episode_reward:-1.3791671991348267, mean_queue:0.8861111402511597
intersection:4, mean_episode_reward:-0.6147221326828003, mean_queue:1.0166666507720947
intersection:5, mean_episode_reward:-0.09666665643453598, mean_queue:0.9166666865348816
intersection:6, mean_episode_reward:0.15416665375232697, mean_queue:0.9055555462837219
intersection:7, mean_episode_reward:-0.6452777981758118, mean_queue:0.8333333134651184
intersection:8, mean_episode_reward:-0.7361112833023071, mean_queue:1.3444443941116333
intersection:9, mean_episode_reward:-0.013333323411643505, mean_queue:1.2083333730697632
intersection:10, mean_episode_reward:0.17805559933185577, mean_queue:0.9861111044883728
intersection:11, mean_episode_reward:-0.6999998688697815, mean_queue:0.9027777910232544
intersection:12, mean_episode_reward:-1.2236112356185913, mean_queue:0.9527778029441833
intersection:13, mean_episode_reward:-0.8747225403785706, mean_queue:0.9916666746139526
intersection:14, mean_episode_reward:-0.5724998712539673, mean_queue:0.7583333253860474
intersection:15, mean_episode_reward:-1.3497228622436523, mean_queue:0.6638888716697693
intersection:16, mean_episode_reward:0.04416666924953461, mean_queue:0.0
intersection:17, mean_episode_reward:0.08888889849185944, mean_queue:0.0
intersection:18, mean_episode_reward:0.2224999964237213, mean_queue:0.0
intersection:19, mean_episode_reward:0.1552777886390686, mean_queue:0.0
intersection:20, mean_episode_reward:0.23666661977767944, mean_queue:0.0
intersection:21, mean_episode_reward:0.16833330690860748, mean_queue:0.0
intersection:22, mean_episode_reward:0.03805555775761604, mean_queue:0.0
intersection:23, mean_episode_reward:0.024444447830319405, mean_queue:0.0
intersection:24, mean_episode_reward:0.03611111268401146, mean_queue:0.0
intersection:25, mean_episode_reward:0.07750000059604645, mean_queue:0.0
intersection:26, mean_episode_reward:0.26166659593582153, mean_queue:0.0
intersection:27, mean_episode_reward:0.16361109912395477, mean_queue:0.0
intersection:28, mean_episode_reward:0.12361109256744385, mean_queue:0.0
intersection:29, mean_episode_reward:0.09888888150453568, mean_queue:0.0
intersection:30, mean_episode_reward:0.11888887733221054, mean_queue:0.0
intersection:31, mean_episode_reward:0.048055559396743774, mean_queue:0.0
Test step:183/200, travel time :188.19172413793103, rewards:-8.338333468967013, queue:0.45868055555555554, delay:0.028668350643581815, throughput:1450
step:3600/3600, q_loss:1.1701054573059082, rewards:-8.489168294270833, queue:0.4677951388888889, delay:0.029485119713677302, throughput:1452
episode:184/200, real avg travel time:189.84022038567494
intersection:0, mean_episode_reward:-1.2766669988632202, mean_queue:0.8416666388511658
intersection:1, mean_episode_reward:-0.3869445025920868, mean_queue:0.8611111044883728
intersection:2, mean_episode_reward:-0.8761110901832581, mean_queue:1.288888931274414
intersection:3, mean_episode_reward:-1.4886112213134766, mean_queue:0.8722222447395325
intersection:4, mean_episode_reward:-0.7830557823181152, mean_queue:1.0888888835906982
intersection:5, mean_episode_reward:-0.04944445192813873, mean_queue:0.925000011920929
intersection:6, mean_episode_reward:0.08027778565883636, mean_queue:0.7777777910232544
intersection:7, mean_episode_reward:-0.4286113381385803, mean_queue:0.6416666507720947
intersection:8, mean_episode_reward:-0.3572222888469696, mean_queue:1.0722222328186035
intersection:9, mean_episode_reward:0.04111107066273689, mean_queue:1.269444465637207
intersection:10, mean_episode_reward:-0.012500016950070858, mean_queue:1.019444465637207
intersection:11, mean_episode_reward:-0.7638890743255615, mean_queue:0.9222221970558167
intersection:12, mean_episode_reward:-1.4841668605804443, mean_queue:1.0472222566604614
intersection:13, mean_episode_reward:-0.7833336591720581, mean_queue:1.0083333253860474
intersection:14, mean_episode_reward:-0.43305566906929016, mean_queue:0.644444465637207
intersection:15, mean_episode_reward:-1.3250001668930054, mean_queue:0.6888889074325562
intersection:16, mean_episode_reward:0.04361111298203468, mean_queue:0.0
intersection:17, mean_episode_reward:0.09944445639848709, mean_queue:0.0
intersection:18, mean_episode_reward:0.14444442093372345, mean_queue:0.0
intersection:19, mean_episode_reward:0.189444437623024, mean_queue:0.0
intersection:20, mean_episode_reward:0.25055554509162903, mean_queue:0.0
intersection:21, mean_episode_reward:0.15361109375953674, mean_queue:0.0
intersection:22, mean_episode_reward:0.035277776420116425, mean_queue:0.0
intersection:23, mean_episode_reward:0.02638888917863369, mean_queue:0.0
intersection:24, mean_episode_reward:0.07138889282941818, mean_queue:0.0
intersection:25, mean_episode_reward:0.08694445341825485, mean_queue:0.0
intersection:26, mean_episode_reward:0.1780555546283722, mean_queue:0.0
intersection:27, mean_episode_reward:0.16527777910232544, mean_queue:0.0
intersection:28, mean_episode_reward:0.09666665643453598, mean_queue:0.0
intersection:29, mean_episode_reward:0.10944443941116333, mean_queue:0.0
intersection:30, mean_episode_reward:0.13472221791744232, mean_queue:0.0
intersection:31, mean_episode_reward:0.05277777835726738, mean_queue:0.0
Test step:184/200, travel time :188.67057201929703, rewards:-8.399445936414931, queue:0.46414930555555556, delay:0.02907502916124132, throughput:1451
step:3600/3600, q_loss:1.1837974786758423, rewards:-8.424166531032986, queue:0.46588541666666666, delay:0.028878969616360134, throughput:1451
episode:185/200, real avg travel time:188.81874569262578
intersection:0, mean_episode_reward:-1.3036112785339355, mean_queue:0.8694444298744202
intersection:1, mean_episode_reward:-0.5274996757507324, mean_queue:0.9055555462837219
intersection:2, mean_episode_reward:-0.798055112361908, mean_queue:1.336111068725586
intersection:3, mean_episode_reward:-1.3022222518920898, mean_queue:0.8444444537162781
intersection:4, mean_episode_reward:-0.7358334064483643, mean_queue:0.9861111044883728
intersection:5, mean_episode_reward:0.007222247775644064, mean_queue:0.8222222328186035
intersection:6, mean_episode_reward:-0.039166636765003204, mean_queue:0.9083333611488342
intersection:7, mean_episode_reward:-0.5577777028083801, mean_queue:0.7194444537162781
intersection:8, mean_episode_reward:-0.6113891005516052, mean_queue:1.2194443941116333
intersection:9, mean_episode_reward:0.0008333545411005616, mean_queue:1.1972222328186035
intersection:10, mean_episode_reward:-0.020833337679505348, mean_queue:1.0
intersection:11, mean_episode_reward:-0.6702777147293091, mean_queue:0.8861111402511597
intersection:12, mean_episode_reward:-1.365277647972107, mean_queue:0.9444444179534912
intersection:13, mean_episode_reward:-0.6788888573646545, mean_queue:0.9055555462837219
intersection:14, mean_episode_reward:-0.51500004529953, mean_queue:0.6972222328186035
intersection:15, mean_episode_reward:-1.1969447135925293, mean_queue:0.6666666865348816
intersection:16, mean_episode_reward:0.03611111268401146, mean_queue:0.0
intersection:17, mean_episode_reward:0.06499999761581421, mean_queue:0.0
intersection:18, mean_episode_reward:0.30194443464279175, mean_queue:0.0
intersection:19, mean_episode_reward:0.16472220420837402, mean_queue:0.0
intersection:20, mean_episode_reward:0.24472221732139587, mean_queue:0.0
intersection:21, mean_episode_reward:0.16749998927116394, mean_queue:0.0
intersection:22, mean_episode_reward:0.03305555880069733, mean_queue:0.0
intersection:23, mean_episode_reward:0.022777779027819633, mean_queue:0.0
intersection:24, mean_episode_reward:0.04750000685453415, mean_queue:0.0
intersection:25, mean_episode_reward:0.07500000298023224, mean_queue:0.0
intersection:26, mean_episode_reward:0.20027774572372437, mean_queue:0.0
intersection:27, mean_episode_reward:0.17777778208255768, mean_queue:0.0
intersection:28, mean_episode_reward:0.09861110150814056, mean_queue:0.0
intersection:29, mean_episode_reward:0.10027776658535004, mean_queue:0.0
intersection:30, mean_episode_reward:0.10722221434116364, mean_queue:0.0
intersection:31, mean_episode_reward:0.048055559396743774, mean_queue:0.0
Test step:185/200, travel time :190.23825966850828, rewards:-8.498333740234376, queue:0.4778645833333333, delay:0.030071851942274304, throughput:1448
step:3600/3600, q_loss:1.1853328943252563, rewards:-8.634999593098959, queue:0.47847222222222224, delay:0.02956804699367947, throughput:1451
episode:186/200, real avg travel time:190.0537560303239
intersection:0, mean_episode_reward:-1.356666922569275, mean_queue:0.980555534362793
intersection:1, mean_episode_reward:-0.7491662502288818, mean_queue:1.1111111640930176
intersection:2, mean_episode_reward:-0.6686111688613892, mean_queue:1.3277777433395386
intersection:3, mean_episode_reward:-1.483888864517212, mean_queue:0.9027777910232544
intersection:4, mean_episode_reward:-0.684722363948822, mean_queue:0.9861111044883728
intersection:5, mean_episode_reward:0.231111079454422, mean_queue:0.855555534362793
intersection:6, mean_episode_reward:0.03138887137174606, mean_queue:0.8305555582046509
intersection:7, mean_episode_reward:-0.5374999642372131, mean_queue:0.6305555701255798
intersection:8, mean_episode_reward:-0.5424997806549072, mean_queue:1.1666666269302368
intersection:9, mean_episode_reward:-0.20194445550441742, mean_queue:1.2944444417953491
intersection:10, mean_episode_reward:0.09361108392477036, mean_queue:0.9444444179534912
intersection:11, mean_episode_reward:-0.6238886713981628, mean_queue:0.8888888955116272
intersection:12, mean_episode_reward:-1.3850001096725464, mean_queue:0.9416666626930237
intersection:13, mean_episode_reward:-0.6833333969116211, mean_queue:0.9361110925674438
intersection:14, mean_episode_reward:-0.5588886737823486, mean_queue:0.7416666746139526
intersection:15, mean_episode_reward:-1.347499966621399, mean_queue:0.7722222208976746
intersection:16, mean_episode_reward:0.035555556416511536, mean_queue:0.0
intersection:17, mean_episode_reward:0.07194444537162781, mean_queue:0.0
intersection:18, mean_episode_reward:0.1919444352388382, mean_queue:0.0
intersection:19, mean_episode_reward:0.16305555403232574, mean_queue:0.0
intersection:20, mean_episode_reward:0.23416668176651, mean_queue:0.0
intersection:21, mean_episode_reward:0.24388884007930756, mean_queue:0.0
intersection:22, mean_episode_reward:0.03194444254040718, mean_queue:0.0
intersection:23, mean_episode_reward:0.021944444626569748, mean_queue:0.0
intersection:24, mean_episode_reward:0.05722222849726677, mean_queue:0.0
intersection:25, mean_episode_reward:0.09111111611127853, mean_queue:0.0
intersection:26, mean_episode_reward:0.17916664481163025, mean_queue:0.0
intersection:27, mean_episode_reward:0.17305558919906616, mean_queue:0.0
intersection:28, mean_episode_reward:0.10888887941837311, mean_queue:0.0
intersection:29, mean_episode_reward:0.09611110389232635, mean_queue:0.0
intersection:30, mean_episode_reward:0.09388889372348785, mean_queue:0.0
intersection:31, mean_episode_reward:0.038611117750406265, mean_queue:0.0
Test step:186/200, travel time :189.1703448275862, rewards:-8.346666124131945, queue:0.4675347222222222, delay:0.028936701350741917, throughput:1450
step:3600/3600, q_loss:1.1881102323532104, rewards:-8.411945258246528, queue:0.475, delay:0.029686911900838216, throughput:1447
episode:187/200, real avg travel time:189.66275051831374
intersection:0, mean_episode_reward:-1.2686108350753784, mean_queue:0.855555534362793
intersection:1, mean_episode_reward:-0.46416664123535156, mean_queue:0.8361111283302307
intersection:2, mean_episode_reward:-0.8069446086883545, mean_queue:1.350000023841858
intersection:3, mean_episode_reward:-1.371111512184143, mean_queue:0.8638888597488403
intersection:4, mean_episode_reward:-0.6208335161209106, mean_queue:1.038888931274414
intersection:5, mean_episode_reward:0.006944465450942516, mean_queue:0.9444444179534912
intersection:6, mean_episode_reward:0.12777778506278992, mean_queue:0.8500000238418579
intersection:7, mean_episode_reward:-0.5913890600204468, mean_queue:0.7055555582046509
intersection:8, mean_episode_reward:-0.6002777218818665, mean_queue:1.1333333253860474
intersection:9, mean_episode_reward:-0.22916659712791443, mean_queue:1.3333333730697632
intersection:10, mean_episode_reward:-0.006944455672055483, mean_queue:0.9944444298744202
intersection:11, mean_episode_reward:-0.6169443130493164, mean_queue:0.9527778029441833
intersection:12, mean_episode_reward:-1.3338888883590698, mean_queue:0.8777777552604675
intersection:13, mean_episode_reward:-0.5949999094009399, mean_queue:0.9583333134651184
intersection:14, mean_episode_reward:-0.5536110401153564, mean_queue:0.7472222447395325
intersection:15, mean_episode_reward:-1.3205561637878418, mean_queue:0.7583333253860474
intersection:16, mean_episode_reward:0.03583333641290665, mean_queue:0.0
intersection:17, mean_episode_reward:0.08972223103046417, mean_queue:0.0
intersection:18, mean_episode_reward:0.16777774691581726, mean_queue:0.0
intersection:19, mean_episode_reward:0.15527775883674622, mean_queue:0.0
intersection:20, mean_episode_reward:0.24611108005046844, mean_queue:0.0
intersection:21, mean_episode_reward:0.16749997437000275, mean_queue:0.0
intersection:22, mean_episode_reward:0.036388885229825974, mean_queue:0.0
intersection:23, mean_episode_reward:0.031111110001802444, mean_queue:0.0
intersection:24, mean_episode_reward:0.03750000149011612, mean_queue:0.0
intersection:25, mean_episode_reward:0.08194445073604584, mean_queue:0.0
intersection:26, mean_episode_reward:0.18083330988883972, mean_queue:0.0
intersection:27, mean_episode_reward:0.1644444465637207, mean_queue:0.0
intersection:28, mean_episode_reward:0.10972221195697784, mean_queue:0.0
intersection:29, mean_episode_reward:0.10138888657093048, mean_queue:0.0
intersection:30, mean_episode_reward:0.17499998211860657, mean_queue:0.0
intersection:31, mean_episode_reward:0.052222225815057755, mean_queue:0.0
Test step:187/200, travel time :188.64162646450723, rewards:-8.581667073567708, queue:0.4626736111111111, delay:0.029224104351467557, throughput:1451
step:3600/3600, q_loss:1.1764260530471802, rewards:-8.432221137152778, queue:0.4830729166666667, delay:0.029521592458089194, throughput:1450
episode:188/200, real avg travel time:190.10827586206898
intersection:0, mean_episode_reward:-1.313889503479004, mean_queue:0.8305555582046509
intersection:1, mean_episode_reward:-0.4352776110172272, mean_queue:0.9472222328186035
intersection:2, mean_episode_reward:-0.6216667890548706, mean_queue:1.1666666269302368
intersection:3, mean_episode_reward:-1.443610429763794, mean_queue:0.8305555582046509
intersection:4, mean_episode_reward:-0.6094444990158081, mean_queue:0.925000011920929
intersection:5, mean_episode_reward:0.010000007227063179, mean_queue:1.0027778148651123
intersection:6, mean_episode_reward:-0.053888872265815735, mean_queue:0.9305555820465088
intersection:7, mean_episode_reward:-0.5380555391311646, mean_queue:0.6305555701255798
intersection:8, mean_episode_reward:-0.5280556082725525, mean_queue:1.2166666984558105
intersection:9, mean_episode_reward:-0.48805534839630127, mean_queue:1.6749999523162842
intersection:10, mean_episode_reward:0.1741667091846466, mean_queue:0.8916666507720947
intersection:11, mean_episode_reward:-0.6383333802223206, mean_queue:0.9361110925674438
intersection:12, mean_episode_reward:-1.3897223472595215, mean_queue:0.9750000238418579
intersection:13, mean_episode_reward:-0.5247219800949097, mean_queue:1.024999976158142
intersection:14, mean_episode_reward:-0.4488888084888458, mean_queue:0.6944444179534912
intersection:15, mean_episode_reward:-1.343333125114441, mean_queue:0.7805555462837219
intersection:16, mean_episode_reward:0.03916667029261589, mean_queue:0.0
intersection:17, mean_episode_reward:0.07750000059604645, mean_queue:0.0
intersection:18, mean_episode_reward:0.13499999046325684, mean_queue:0.0
intersection:19, mean_episode_reward:0.189444437623024, mean_queue:0.0
intersection:20, mean_episode_reward:0.23527777194976807, mean_queue:0.0
intersection:21, mean_episode_reward:0.18361108005046844, mean_queue:0.0
intersection:22, mean_episode_reward:0.03305555135011673, mean_queue:0.0
intersection:23, mean_episode_reward:0.033888887614011765, mean_queue:0.0
intersection:24, mean_episode_reward:0.03722222521901131, mean_queue:0.0
intersection:25, mean_episode_reward:0.07444445788860321, mean_queue:0.0
intersection:26, mean_episode_reward:0.14944443106651306, mean_queue:0.0
intersection:27, mean_episode_reward:0.17416667938232422, mean_queue:0.0
intersection:28, mean_episode_reward:0.11499999463558197, mean_queue:0.0
intersection:29, mean_episode_reward:0.10333332419395447, mean_queue:0.0
intersection:30, mean_episode_reward:0.1366666555404663, mean_queue:0.0
intersection:31, mean_episode_reward:0.04333333298563957, mean_queue:0.0
Test step:188/200, travel time :188.4489655172414, rewards:-8.368612331814235, queue:0.4526909722222222, delay:0.02840506765577528, throughput:1450
step:3600/3600, q_loss:1.1669881343841553, rewards:-8.540555826822917, queue:0.47196180555555556, delay:0.029625331030951607, throughput:1448
episode:189/200, real avg travel time:189.58701657458565
intersection:0, mean_episode_reward:-1.2941663265228271, mean_queue:0.8999999761581421
intersection:1, mean_episode_reward:-0.6744444370269775, mean_queue:1.019444465637207
intersection:2, mean_episode_reward:-0.7480557560920715, mean_queue:1.1833332777023315
intersection:3, mean_episode_reward:-1.5180555582046509, mean_queue:0.9361110925674438
intersection:4, mean_episode_reward:-0.7358338832855225, mean_queue:0.9527778029441833
intersection:5, mean_episode_reward:0.18000000715255737, mean_queue:0.8083333373069763
intersection:6, mean_episode_reward:0.21194452047348022, mean_queue:0.7833333611488342
intersection:7, mean_episode_reward:-0.6666666865348816, mean_queue:0.7361111044883728
intersection:8, mean_episode_reward:-0.6174999475479126, mean_queue:1.1833332777023315
intersection:9, mean_episode_reward:0.1691666543483734, mean_queue:1.1944444179534912
intersection:10, mean_episode_reward:-0.01194445788860321, mean_queue:0.894444465637207
intersection:11, mean_episode_reward:-0.6297220587730408, mean_queue:0.9027777910232544
intersection:12, mean_episode_reward:-1.4827773571014404, mean_queue:1.0277777910232544
intersection:13, mean_episode_reward:-0.8738885521888733, mean_queue:1.125
intersection:14, mean_episode_reward:-0.4530555307865143, mean_queue:0.6333333253860474
intersection:15, mean_episode_reward:-1.3727779388427734, mean_queue:0.8222222328186035
intersection:16, mean_episode_reward:0.04194444790482521, mean_queue:0.0
intersection:17, mean_episode_reward:0.08388888835906982, mean_queue:0.0
intersection:18, mean_episode_reward:0.22277776896953583, mean_queue:0.0
intersection:19, mean_episode_reward:0.20055550336837769, mean_queue:0.0
intersection:20, mean_episode_reward:0.2666666805744171, mean_queue:0.0
intersection:21, mean_episode_reward:0.21361111104488373, mean_queue:0.0
intersection:22, mean_episode_reward:0.03777777776122093, mean_queue:0.0
intersection:23, mean_episode_reward:0.028055556118488312, mean_queue:0.0
intersection:24, mean_episode_reward:0.0486111156642437, mean_queue:0.0
intersection:25, mean_episode_reward:0.08722223341464996, mean_queue:0.0
intersection:26, mean_episode_reward:0.18777777254581451, mean_queue:0.0
intersection:27, mean_episode_reward:0.19472219049930573, mean_queue:0.0
intersection:28, mean_episode_reward:0.11361108720302582, mean_queue:0.0
intersection:29, mean_episode_reward:0.09611111879348755, mean_queue:0.0
intersection:30, mean_episode_reward:0.10999998450279236, mean_queue:0.0
intersection:31, mean_episode_reward:0.043888892978429794, mean_queue:0.0
Test step:189/200, travel time :201.58753709198814, rewards:-10.15499267578125, queue:1.4730034722222223, delay:0.039015807045830624, throughput:1348
step:3600/3600, q_loss:1.1521399021148682, rewards:-8.457777235243055, queue:0.46770833333333334, delay:0.028472280502319335, throughput:1451
episode:190/200, real avg travel time:189.26740179186768
intersection:0, mean_episode_reward:-1.3280552625656128, mean_queue:0.855555534362793
intersection:1, mean_episode_reward:-0.6386108994483948, mean_queue:1.0027778148651123
intersection:2, mean_episode_reward:-0.7622222900390625, mean_queue:1.288888931274414
intersection:3, mean_episode_reward:-1.3433330059051514, mean_queue:0.8166666626930237
intersection:4, mean_episode_reward:-0.6555555462837219, mean_queue:0.9083333611488342
intersection:5, mean_episode_reward:0.07305555045604706, mean_queue:0.824999988079071
intersection:6, mean_episode_reward:0.3130555748939514, mean_queue:0.8083333373069763
intersection:7, mean_episode_reward:-0.7127777338027954, mean_queue:0.730555534362793
intersection:8, mean_episode_reward:-0.7055555582046509, mean_queue:1.2000000476837158
intersection:9, mean_episode_reward:0.1630556285381317, mean_queue:1.1944444179534912
intersection:10, mean_episode_reward:-0.4655555188655853, mean_queue:1.3888888359069824
intersection:11, mean_episode_reward:-0.5916666984558105, mean_queue:0.8638888597488403
intersection:12, mean_episode_reward:-1.2027779817581177, mean_queue:0.7861111164093018
intersection:13, mean_episode_reward:-0.7219445109367371, mean_queue:0.9972222447395325
intersection:14, mean_episode_reward:-0.41249996423721313, mean_queue:0.6305555701255798
intersection:15, mean_episode_reward:-1.1961109638214111, mean_queue:0.6694444417953491
intersection:16, mean_episode_reward:0.04694444313645363, mean_queue:0.0
intersection:17, mean_episode_reward:0.07333333790302277, mean_queue:0.0
intersection:18, mean_episode_reward:0.11027777194976807, mean_queue:0.0
intersection:19, mean_episode_reward:0.16138887405395508, mean_queue:0.0
intersection:20, mean_episode_reward:0.2477777749300003, mean_queue:0.0
intersection:21, mean_episode_reward:0.19611108303070068, mean_queue:0.0
intersection:22, mean_episode_reward:0.035555556416511536, mean_queue:0.0
intersection:23, mean_episode_reward:0.02472222037613392, mean_queue:0.0
intersection:24, mean_episode_reward:0.036944448947906494, mean_queue:0.0
intersection:25, mean_episode_reward:0.10972221195697784, mean_queue:0.0
intersection:26, mean_episode_reward:0.16305555403232574, mean_queue:0.0
intersection:27, mean_episode_reward:0.15805557370185852, mean_queue:0.0
intersection:28, mean_episode_reward:0.10388888418674469, mean_queue:0.0
intersection:29, mean_episode_reward:0.10305555164813995, mean_queue:0.0
intersection:30, mean_episode_reward:0.10805554687976837, mean_queue:0.0
intersection:31, mean_episode_reward:0.050833337008953094, mean_queue:0.0
Test step:190/200, travel time :189.0903448275862, rewards:-8.349444580078124, queue:0.4600694444444444, delay:0.02879275745815701, throughput:1450
step:3600/3600, q_loss:1.1479616165161133, rewards:-8.488888888888889, queue:0.48020833333333335, delay:0.029881578021579317, throughput:1450
episode:191/200, real avg travel time:190.27586206896552
intersection:0, mean_episode_reward:-1.2386114597320557, mean_queue:0.7916666865348816
intersection:1, mean_episode_reward:-0.546944260597229, mean_queue:0.8527777791023254
intersection:2, mean_episode_reward:-0.5283330082893372, mean_queue:1.2166666984558105
intersection:3, mean_episode_reward:-1.4038892984390259, mean_queue:0.9083333611488342
intersection:4, mean_episode_reward:-0.6033333539962769, mean_queue:0.9416666626930237
intersection:5, mean_episode_reward:-0.12638893723487854, mean_queue:1.0666667222976685
intersection:6, mean_episode_reward:0.01500002946704626, mean_queue:1.019444465637207
intersection:7, mean_episode_reward:-0.7725000381469727, mean_queue:0.8777777552604675
intersection:8, mean_episode_reward:-0.615277886390686, mean_queue:1.1083333492279053
intersection:9, mean_episode_reward:-0.2791667580604553, mean_queue:1.3166667222976685
intersection:10, mean_episode_reward:0.32888901233673096, mean_queue:0.9166666865348816
intersection:11, mean_episode_reward:-0.5355555415153503, mean_queue:0.8611111044883728
intersection:12, mean_episode_reward:-1.3183330297470093, mean_queue:0.8694444298744202
intersection:13, mean_episode_reward:-0.6469442844390869, mean_queue:0.9555555582046509
intersection:14, mean_episode_reward:-0.5347225069999695, mean_queue:0.7666666507720947
intersection:15, mean_episode_reward:-1.4544445276260376, mean_queue:0.8972222208976746
intersection:16, mean_episode_reward:0.04138888791203499, mean_queue:0.0
intersection:17, mean_episode_reward:0.11333335191011429, mean_queue:0.0
intersection:18, mean_episode_reward:0.126944437623024, mean_queue:0.0
intersection:19, mean_episode_reward:0.14388889074325562, mean_queue:0.0
intersection:20, mean_episode_reward:0.2336111068725586, mean_queue:0.0
intersection:21, mean_episode_reward:0.17694443464279175, mean_queue:0.0
intersection:22, mean_episode_reward:0.03611110523343086, mean_queue:0.0
intersection:23, mean_episode_reward:0.023055555298924446, mean_queue:0.0
intersection:24, mean_episode_reward:0.06333333998918533, mean_queue:0.0
intersection:25, mean_episode_reward:0.07722222805023193, mean_queue:0.0
intersection:26, mean_episode_reward:0.19055555760860443, mean_queue:0.0
intersection:27, mean_episode_reward:0.16861110925674438, mean_queue:0.0
intersection:28, mean_episode_reward:0.10333332419395447, mean_queue:0.0
intersection:29, mean_episode_reward:0.10888885706663132, mean_queue:0.0
intersection:30, mean_episode_reward:0.10555555671453476, mean_queue:0.0
intersection:31, mean_episode_reward:0.058888889849185944, mean_queue:0.0
Test step:191/200, travel time :189.42453480358373, rewards:-8.445000542534721, queue:0.46822916666666664, delay:0.029299534691704644, throughput:1451
step:3600/3600, q_loss:1.147251009941101, rewards:-8.440556504991319, queue:0.4759548611111111, delay:0.029441875881618923, throughput:1451
episode:192/200, real avg travel time:190.08063404548588
intersection:0, mean_episode_reward:-1.2591668367385864, mean_queue:0.8833333253860474
intersection:1, mean_episode_reward:-0.6169441938400269, mean_queue:1.0027778148651123
intersection:2, mean_episode_reward:-0.7327778935432434, mean_queue:1.3166667222976685
intersection:3, mean_episode_reward:-1.4416667222976685, mean_queue:0.8277778029441833
intersection:4, mean_episode_reward:-0.7352781295776367, mean_queue:1.019444465637207
intersection:5, mean_episode_reward:0.2902776896953583, mean_queue:0.7583333253860474
intersection:6, mean_episode_reward:0.0347222276031971, mean_queue:0.8472222089767456
intersection:7, mean_episode_reward:-0.693333625793457, mean_queue:0.7416666746139526
intersection:8, mean_episode_reward:-0.6319446563720703, mean_queue:1.0833333730697632
intersection:9, mean_episode_reward:-0.21444439888000488, mean_queue:1.399999976158142
intersection:10, mean_episode_reward:0.11333334445953369, mean_queue:0.8777777552604675
intersection:11, mean_episode_reward:-0.60916668176651, mean_queue:0.9166666865348816
intersection:12, mean_episode_reward:-1.3583335876464844, mean_queue:0.9833333492279053
intersection:13, mean_episode_reward:-0.5844447016716003, mean_queue:1.0416666269302368
intersection:14, mean_episode_reward:-0.43861109018325806, mean_queue:0.7194444537162781
intersection:15, mean_episode_reward:-1.3586105108261108, mean_queue:0.8111110925674438
intersection:16, mean_episode_reward:0.03916666656732559, mean_queue:0.0
intersection:17, mean_episode_reward:0.0997222289443016, mean_queue:0.0
intersection:18, mean_episode_reward:0.1436111032962799, mean_queue:0.0
intersection:19, mean_episode_reward:0.1824999749660492, mean_queue:0.0
intersection:20, mean_episode_reward:0.24111111462116241, mean_queue:0.0
intersection:21, mean_episode_reward:0.17083331942558289, mean_queue:0.0
intersection:22, mean_episode_reward:0.03166666254401207, mean_queue:0.0
intersection:23, mean_episode_reward:0.02472222037613392, mean_queue:0.0
intersection:24, mean_episode_reward:0.03777777776122093, mean_queue:0.0
intersection:25, mean_episode_reward:0.08666668087244034, mean_queue:0.0
intersection:26, mean_episode_reward:0.22333329916000366, mean_queue:0.0
intersection:27, mean_episode_reward:0.17166663706302643, mean_queue:0.0
intersection:28, mean_episode_reward:0.10611109435558319, mean_queue:0.0
intersection:29, mean_episode_reward:0.1019444465637207, mean_queue:0.0
intersection:30, mean_episode_reward:0.08694445341825485, mean_queue:0.0
intersection:31, mean_episode_reward:0.048055559396743774, mean_queue:0.0
Test step:192/200, travel time :188.5721187025535, rewards:-8.22305636935764, queue:0.4557291666666667, delay:0.028400344318813747, throughput:1449
step:3600/3600, q_loss:1.1527435779571533, rewards:-8.326111518012153, queue:0.46588541666666666, delay:0.029024977154201933, throughput:1449
episode:193/200, real avg travel time:188.98136645962734
intersection:0, mean_episode_reward:-1.300277829170227, mean_queue:0.8972222208976746
intersection:1, mean_episode_reward:-0.726388692855835, mean_queue:1.0416666269302368
intersection:2, mean_episode_reward:-0.6280555129051208, mean_queue:1.211111068725586
intersection:3, mean_episode_reward:-1.6102776527404785, mean_queue:1.0305556058883667
intersection:4, mean_episode_reward:-0.707222580909729, mean_queue:1.0361111164093018
intersection:5, mean_episode_reward:0.10777778923511505, mean_queue:1.024999976158142
intersection:6, mean_episode_reward:0.18972225487232208, mean_queue:0.7277777791023254
intersection:7, mean_episode_reward:-0.5297223329544067, mean_queue:0.7111111283302307
intersection:8, mean_episode_reward:-0.5236107707023621, mean_queue:1.0111111402511597
intersection:9, mean_episode_reward:-0.09555558860301971, mean_queue:1.3166667222976685
intersection:10, mean_episode_reward:0.1224999949336052, mean_queue:0.769444465637207
intersection:11, mean_episode_reward:-0.7352780103683472, mean_queue:0.8472222089767456
intersection:12, mean_episode_reward:-1.4038888216018677, mean_queue:0.9555555582046509
intersection:13, mean_episode_reward:-0.6708332300186157, mean_queue:1.0666667222976685
intersection:14, mean_episode_reward:-0.44444456696510315, mean_queue:0.6361111402511597
intersection:15, mean_episode_reward:-1.186944603919983, mean_queue:0.625
intersection:16, mean_episode_reward:0.030000001192092896, mean_queue:0.0
intersection:17, mean_episode_reward:0.07583333551883698, mean_queue:0.0
intersection:18, mean_episode_reward:0.13777776062488556, mean_queue:0.0
intersection:19, mean_episode_reward:0.1922222077846527, mean_queue:0.0
intersection:20, mean_episode_reward:0.2636110782623291, mean_queue:0.0
intersection:21, mean_episode_reward:0.1944444477558136, mean_queue:0.0
intersection:22, mean_episode_reward:0.03222221881151199, mean_queue:0.0
intersection:23, mean_episode_reward:0.021944444626569748, mean_queue:0.0
intersection:24, mean_episode_reward:0.03861111402511597, mean_queue:0.0
intersection:25, mean_episode_reward:0.07972223311662674, mean_queue:0.0
intersection:26, mean_episode_reward:0.14888887107372284, mean_queue:0.0
intersection:27, mean_episode_reward:0.17694441974163055, mean_queue:0.0
intersection:28, mean_episode_reward:0.13500000536441803, mean_queue:0.0
intersection:29, mean_episode_reward:0.10277776420116425, mean_queue:0.0
intersection:30, mean_episode_reward:0.11055555194616318, mean_queue:0.0
intersection:31, mean_episode_reward:0.07583333551883698, mean_queue:0.0
Test step:193/200, travel time :190.10620689655173, rewards:-8.57416720920139, queue:0.4747395833333333, delay:0.028790760040283202, throughput:1450
step:3600/3600, q_loss:1.1552090644836426, rewards:-8.41777818467882, queue:0.47578125, delay:0.029180359840393067, throughput:1447
episode:194/200, real avg travel time:189.5611610228058
intersection:0, mean_episode_reward:-1.301666498184204, mean_queue:0.9111111164093018
intersection:1, mean_episode_reward:-0.6819445490837097, mean_queue:1.1361111402511597
intersection:2, mean_episode_reward:-0.8563886284828186, mean_queue:1.3527777194976807
intersection:3, mean_episode_reward:-1.418610692024231, mean_queue:0.800000011920929
intersection:4, mean_episode_reward:-0.7502776384353638, mean_queue:0.980555534362793
intersection:5, mean_episode_reward:0.07277781516313553, mean_queue:0.9888888597488403
intersection:6, mean_episode_reward:0.3199998736381531, mean_queue:0.7666666507720947
intersection:7, mean_episode_reward:-0.5641665458679199, mean_queue:0.7277777791023254
intersection:8, mean_episode_reward:-0.7441667318344116, mean_queue:1.1888889074325562
intersection:9, mean_episode_reward:-0.03749997168779373, mean_queue:1.2277777194976807
intersection:10, mean_episode_reward:0.1111110970377922, mean_queue:0.8888888955116272
intersection:11, mean_episode_reward:-0.7755556106567383, mean_queue:0.9972222447395325
intersection:12, mean_episode_reward:-1.1591672897338867, mean_queue:0.8527777791023254
intersection:13, mean_episode_reward:-0.7733333110809326, mean_queue:1.0138888359069824
intersection:14, mean_episode_reward:-0.4322223365306854, mean_queue:0.6638888716697693
intersection:15, mean_episode_reward:-1.213055968284607, mean_queue:0.7277777791023254
intersection:16, mean_episode_reward:0.0277777798473835, mean_queue:0.0
intersection:17, mean_episode_reward:0.08861111849546432, mean_queue:0.0
intersection:18, mean_episode_reward:0.12916666269302368, mean_queue:0.0
intersection:19, mean_episode_reward:0.1688888818025589, mean_queue:0.0
intersection:20, mean_episode_reward:0.2638888955116272, mean_queue:0.0
intersection:21, mean_episode_reward:0.19638888537883759, mean_queue:0.0
intersection:22, mean_episode_reward:0.03361111134290695, mean_queue:0.0
intersection:23, mean_episode_reward:0.02361111156642437, mean_queue:0.0
intersection:24, mean_episode_reward:0.03888889029622078, mean_queue:0.0
intersection:25, mean_episode_reward:0.08250001072883606, mean_queue:0.0
intersection:26, mean_episode_reward:0.16277776658535004, mean_queue:0.0
intersection:27, mean_episode_reward:0.16583330929279327, mean_queue:0.0
intersection:28, mean_episode_reward:0.11972221732139587, mean_queue:0.0
intersection:29, mean_episode_reward:0.10888887196779251, mean_queue:0.0
intersection:30, mean_episode_reward:0.10444443672895432, mean_queue:0.0
intersection:31, mean_episode_reward:0.07138889282941818, mean_queue:0.0
Test step:194/200, travel time :188.3216011042098, rewards:-8.558334689670138, queue:0.45034722222222223, delay:0.02769948641459147, throughput:1449
step:3600/3600, q_loss:1.1492739915847778, rewards:-8.421388753255208, queue:0.4557291666666667, delay:0.02851338121626112, throughput:1452
episode:195/200, real avg travel time:188.76101928374655
intersection:0, mean_episode_reward:-1.2430557012557983, mean_queue:0.8444444537162781
intersection:1, mean_episode_reward:-0.49388858675956726, mean_queue:0.9583333134651184
intersection:2, mean_episode_reward:-0.845000147819519, mean_queue:1.2055555582046509
intersection:3, mean_episode_reward:-1.4102778434753418, mean_queue:0.7805555462837219
intersection:4, mean_episode_reward:-0.7175002098083496, mean_queue:0.9527778029441833
intersection:5, mean_episode_reward:0.0555555485188961, mean_queue:0.9333333373069763
intersection:6, mean_episode_reward:0.10000000894069672, mean_queue:0.7333333492279053
intersection:7, mean_episode_reward:-0.4624998867511749, mean_queue:0.6472222208976746
intersection:8, mean_episode_reward:-0.6841666102409363, mean_queue:1.1916667222976685
intersection:9, mean_episode_reward:-0.04777775704860687, mean_queue:1.255555510520935
intersection:10, mean_episode_reward:0.0013889070833101869, mean_queue:0.9722222089767456
intersection:11, mean_episode_reward:-0.6744442582130432, mean_queue:0.949999988079071
intersection:12, mean_episode_reward:-1.2763890027999878, mean_queue:0.7555555701255798
intersection:13, mean_episode_reward:-0.7730556130409241, mean_queue:0.9555555582046509
intersection:14, mean_episode_reward:-0.5366663336753845, mean_queue:0.7027778029441833
intersection:15, mean_episode_reward:-1.3347223997116089, mean_queue:0.7444444298744202
intersection:16, mean_episode_reward:0.07333333790302277, mean_queue:0.0
intersection:17, mean_episode_reward:0.10388888418674469, mean_queue:0.0
intersection:18, mean_episode_reward:0.1783333420753479, mean_queue:0.0
intersection:19, mean_episode_reward:0.16694442927837372, mean_queue:0.0
intersection:20, mean_episode_reward:0.22361111640930176, mean_queue:0.0
intersection:21, mean_episode_reward:0.1899999976158142, mean_queue:0.0
intersection:22, mean_episode_reward:0.03166666626930237, mean_queue:0.0
intersection:23, mean_episode_reward:0.027499999850988388, mean_queue:0.0
intersection:24, mean_episode_reward:0.03861111402511597, mean_queue:0.0
intersection:25, mean_episode_reward:0.10666666179895401, mean_queue:0.0
intersection:26, mean_episode_reward:0.21444442868232727, mean_queue:0.0
intersection:27, mean_episode_reward:0.16055557131767273, mean_queue:0.0
intersection:28, mean_episode_reward:0.13111108541488647, mean_queue:0.0
intersection:29, mean_episode_reward:0.10499999672174454, mean_queue:0.0
intersection:30, mean_episode_reward:0.12805554270744324, mean_queue:0.0
intersection:31, mean_episode_reward:0.04138888791203499, mean_queue:0.0
Test step:195/200, travel time :188.0854583046175, rewards:-8.38861083984375, queue:0.45425347222222223, delay:0.02828319337632921, throughput:1451
step:3600/3600, q_loss:1.1452207565307617, rewards:-8.422500271267362, queue:0.44973958333333336, delay:0.028231951925489638, throughput:1450
episode:196/200, real avg travel time:188.1937931034483
intersection:0, mean_episode_reward:-1.2461107969284058, mean_queue:0.8361111283302307
intersection:1, mean_episode_reward:-0.5044444799423218, mean_queue:0.8916666507720947
intersection:2, mean_episode_reward:-0.7505553960800171, mean_queue:1.1555556058883667
intersection:3, mean_episode_reward:-1.4408339262008667, mean_queue:0.8111110925674438
intersection:4, mean_episode_reward:-0.884722113609314, mean_queue:1.1388888359069824
intersection:5, mean_episode_reward:0.191944420337677, mean_queue:0.8416666388511658
intersection:6, mean_episode_reward:0.12194442003965378, mean_queue:0.7888888716697693
intersection:7, mean_episode_reward:-0.554166853427887, mean_queue:0.6472222208976746
intersection:8, mean_episode_reward:-0.7575002312660217, mean_queue:1.2166666984558105
intersection:9, mean_episode_reward:-0.10500001907348633, mean_queue:1.1472222805023193
intersection:10, mean_episode_reward:0.06138890981674194, mean_queue:0.8777777552604675
intersection:11, mean_episode_reward:-0.7074999213218689, mean_queue:0.8777777552604675
intersection:12, mean_episode_reward:-1.219444751739502, mean_queue:0.8333333134651184
intersection:13, mean_episode_reward:-0.6069445610046387, mean_queue:0.8666666746139526
intersection:14, mean_episode_reward:-0.5558334589004517, mean_queue:0.7416666746139526
intersection:15, mean_episode_reward:-1.3027777671813965, mean_queue:0.7194444537162781
intersection:16, mean_episode_reward:0.029999997466802597, mean_queue:0.0
intersection:17, mean_episode_reward:0.1294444501399994, mean_queue:0.0
intersection:18, mean_episode_reward:0.1386111080646515, mean_queue:0.0
intersection:19, mean_episode_reward:0.17750000953674316, mean_queue:0.0
intersection:20, mean_episode_reward:0.2547222077846527, mean_queue:0.0
intersection:21, mean_episode_reward:0.157777801156044, mean_queue:0.0
intersection:22, mean_episode_reward:0.03222221881151199, mean_queue:0.0
intersection:23, mean_episode_reward:0.02611110918223858, mean_queue:0.0
intersection:24, mean_episode_reward:0.03611111640930176, mean_queue:0.0
intersection:25, mean_episode_reward:0.08083333820104599, mean_queue:0.0
intersection:26, mean_episode_reward:0.1783333271741867, mean_queue:0.0
intersection:27, mean_episode_reward:0.1758333146572113, mean_queue:0.0
intersection:28, mean_episode_reward:0.15666665136814117, mean_queue:0.0
intersection:29, mean_episode_reward:0.09805555641651154, mean_queue:0.0
intersection:30, mean_episode_reward:0.11249998956918716, mean_queue:0.0
intersection:31, mean_episode_reward:0.053333330899477005, mean_queue:0.0
Test step:196/200, travel time :187.4768806073154, rewards:-8.227779134114583, queue:0.4461805555555556, delay:0.027489365471733942, throughput:1449
step:3600/3600, q_loss:1.1590408086776733, rewards:-8.427779134114584, queue:0.4618923611111111, delay:0.029077029228210448, throughput:1453
episode:197/200, real avg travel time:189.31658637302132
intersection:0, mean_episode_reward:-1.3413889408111572, mean_queue:0.8444444537162781
intersection:1, mean_episode_reward:-0.5524999499320984, mean_queue:1.024999976158142
intersection:2, mean_episode_reward:-0.9311109781265259, mean_queue:1.4583333730697632
intersection:3, mean_episode_reward:-1.4408336877822876, mean_queue:0.8361111283302307
intersection:4, mean_episode_reward:-0.6366668343544006, mean_queue:0.980555534362793
intersection:5, mean_episode_reward:0.09750000387430191, mean_queue:0.9222221970558167
intersection:6, mean_episode_reward:0.07277777045965195, mean_queue:0.7666666507720947
intersection:7, mean_episode_reward:-0.3911111652851105, mean_queue:0.5527777671813965
intersection:8, mean_episode_reward:-0.7552779912948608, mean_queue:1.1861110925674438
intersection:9, mean_episode_reward:-0.026388881728053093, mean_queue:1.2000000476837158
intersection:10, mean_episode_reward:0.20583339035511017, mean_queue:0.8222222328186035
intersection:11, mean_episode_reward:-0.663055956363678, mean_queue:0.9027777910232544
intersection:12, mean_episode_reward:-1.3291668891906738, mean_queue:0.8888888955116272
intersection:13, mean_episode_reward:-0.7088891267776489, mean_queue:0.9416666626930237
intersection:14, mean_episode_reward:-0.42972230911254883, mean_queue:0.6583333611488342
intersection:15, mean_episode_reward:-1.4324995279312134, mean_queue:0.7944444417953491
intersection:16, mean_episode_reward:0.0325000025331974, mean_queue:0.0
intersection:17, mean_episode_reward:0.10527778416872025, mean_queue:0.0
intersection:18, mean_episode_reward:0.17638888955116272, mean_queue:0.0
intersection:19, mean_episode_reward:0.1666666716337204, mean_queue:0.0
intersection:20, mean_episode_reward:0.29472219944000244, mean_queue:0.0
intersection:21, mean_episode_reward:0.16972222924232483, mean_queue:0.0
intersection:22, mean_episode_reward:0.03305555880069733, mean_queue:0.0
intersection:23, mean_episode_reward:0.03638888895511627, mean_queue:0.0
intersection:24, mean_episode_reward:0.03638888895511627, mean_queue:0.0
intersection:25, mean_episode_reward:0.07444445043802261, mean_queue:0.0
intersection:26, mean_episode_reward:0.1591666340827942, mean_queue:0.0
intersection:27, mean_episode_reward:0.15944446623325348, mean_queue:0.0
intersection:28, mean_episode_reward:0.11833333224058151, mean_queue:0.0
intersection:29, mean_episode_reward:0.09611111879348755, mean_queue:0.0
intersection:30, mean_episode_reward:0.11166665703058243, mean_queue:0.0
intersection:31, mean_episode_reward:0.06444444507360458, mean_queue:0.0
Test step:197/200, travel time :188.72601794340926, rewards:-8.311667887369792, queue:0.46258680555555554, delay:0.02840595245361328, throughput:1449
step:3600/3600, q_loss:1.1533862352371216, rewards:-8.455555555555556, queue:0.45546875, delay:0.028097181850009496, throughput:1448
episode:198/200, real avg travel time:188.58908839779005
intersection:0, mean_episode_reward:-1.4038889408111572, mean_queue:0.9027777910232544
intersection:1, mean_episode_reward:-0.4144444763660431, mean_queue:0.8388888835906982
intersection:2, mean_episode_reward:-0.8916662335395813, mean_queue:1.2861111164093018
intersection:3, mean_episode_reward:-1.5127780437469482, mean_queue:0.8138889074325562
intersection:4, mean_episode_reward:-0.6627781987190247, mean_queue:0.9861111044883728
intersection:5, mean_episode_reward:0.11638887971639633, mean_queue:0.8777777552604675
intersection:6, mean_episode_reward:0.25250011682510376, mean_queue:0.7888888716697693
intersection:7, mean_episode_reward:-0.5230557322502136, mean_queue:0.5694444179534912
intersection:8, mean_episode_reward:-0.9163886904716492, mean_queue:1.2944444417953491
intersection:9, mean_episode_reward:-0.21138879656791687, mean_queue:1.2027777433395386
intersection:10, mean_episode_reward:0.0263888668268919, mean_queue:0.925000011920929
intersection:11, mean_episode_reward:-0.6994444727897644, mean_queue:0.9083333611488342
intersection:12, mean_episode_reward:-1.291111707687378, mean_queue:0.9194444417953491
intersection:13, mean_episode_reward:-0.45805561542510986, mean_queue:0.8611111044883728
intersection:14, mean_episode_reward:-0.4133331775665283, mean_queue:0.7083333134651184
intersection:15, mean_episode_reward:-1.28249990940094, mean_queue:0.6916666626930237
intersection:16, mean_episode_reward:0.03388889133930206, mean_queue:0.0
intersection:17, mean_episode_reward:0.0786111131310463, mean_queue:0.0
intersection:18, mean_episode_reward:0.17472220957279205, mean_queue:0.0
intersection:19, mean_episode_reward:0.18527774512767792, mean_queue:0.0
intersection:20, mean_episode_reward:0.22833330929279327, mean_queue:0.0
intersection:21, mean_episode_reward:0.1994444578886032, mean_queue:0.0
intersection:22, mean_episode_reward:0.03194444254040718, mean_queue:0.0
intersection:23, mean_episode_reward:0.033888887614011765, mean_queue:0.0
intersection:24, mean_episode_reward:0.03861111402511597, mean_queue:0.0
intersection:25, mean_episode_reward:0.07944445312023163, mean_queue:0.0
intersection:26, mean_episode_reward:0.15833331644535065, mean_queue:0.0
intersection:27, mean_episode_reward:0.17694441974163055, mean_queue:0.0
intersection:28, mean_episode_reward:0.1297222077846527, mean_queue:0.0
intersection:29, mean_episode_reward:0.10000000149011612, mean_queue:0.0
intersection:30, mean_episode_reward:0.12833331525325775, mean_queue:0.0
intersection:31, mean_episode_reward:0.05249999836087227, mean_queue:0.0
Test step:198/200, travel time :189.81586206896552, rewards:-8.489444986979167, queue:0.4708333333333333, delay:0.029034641053941514, throughput:1450
step:3600/3600, q_loss:1.158912181854248, rewards:-8.43777804904514, queue:0.47578125, delay:0.029457232687208387, throughput:1451
episode:199/200, real avg travel time:189.69951757408683
intersection:0, mean_episode_reward:-1.3499997854232788, mean_queue:0.9916666746139526
intersection:1, mean_episode_reward:-0.670555591583252, mean_queue:1.0305556058883667
intersection:2, mean_episode_reward:-0.7869445085525513, mean_queue:1.1833332777023315
intersection:3, mean_episode_reward:-1.3844444751739502, mean_queue:0.7722222208976746
intersection:4, mean_episode_reward:-0.6708336472511292, mean_queue:1.0416666269302368
intersection:5, mean_episode_reward:0.11388888955116272, mean_queue:0.9027777910232544
intersection:6, mean_episode_reward:0.11722221225500107, mean_queue:0.8388888835906982
intersection:7, mean_episode_reward:-0.5302778482437134, mean_queue:0.6305555701255798
intersection:8, mean_episode_reward:-0.7450001239776611, mean_queue:1.4388889074325562
intersection:9, mean_episode_reward:-0.4127776324748993, mean_queue:1.5472222566604614
intersection:10, mean_episode_reward:-0.004444476682692766, mean_queue:1.0
intersection:11, mean_episode_reward:-0.5052776336669922, mean_queue:0.7888888716697693
intersection:12, mean_episode_reward:-1.1855559349060059, mean_queue:0.8916666507720947
intersection:13, mean_episode_reward:-0.4486110210418701, mean_queue:0.8361111283302307
intersection:14, mean_episode_reward:-0.50083327293396, mean_queue:0.6499999761581421
intersection:15, mean_episode_reward:-1.3644440174102783, mean_queue:0.6805555820465088
intersection:16, mean_episode_reward:0.04361111298203468, mean_queue:0.0
intersection:17, mean_episode_reward:0.0833333358168602, mean_queue:0.0
intersection:18, mean_episode_reward:0.1363888829946518, mean_queue:0.0
intersection:19, mean_episode_reward:0.1849999576807022, mean_queue:0.0
intersection:20, mean_episode_reward:0.3027777671813965, mean_queue:0.0
intersection:21, mean_episode_reward:0.20444443821907043, mean_queue:0.0
intersection:22, mean_episode_reward:0.03194444254040718, mean_queue:0.0
intersection:23, mean_episode_reward:0.02527777850627899, mean_queue:0.0
intersection:24, mean_episode_reward:0.05055556446313858, mean_queue:0.0
intersection:25, mean_episode_reward:0.0811111107468605, mean_queue:0.0
intersection:26, mean_episode_reward:0.1524999588727951, mean_queue:0.0
intersection:27, mean_episode_reward:0.1616666615009308, mean_queue:0.0
intersection:28, mean_episode_reward:0.10972220450639725, mean_queue:0.0
intersection:29, mean_episode_reward:0.09499999135732651, mean_queue:0.0
intersection:30, mean_episode_reward:0.14166665077209473, mean_queue:0.0
intersection:31, mean_episode_reward:0.08611111342906952, mean_queue:0.0
Test step:199/200, travel time :188.6982044198895, rewards:-8.537223307291667, queue:0.4612847222222222, delay:0.0285873810450236, throughput:1448
Final Travel Time is 188.6982, mean rewards: -8.5372, queue: 0.4613, delay: 0.0286, throughput: 1448
Total time taken: 50650.014088869095
