vehicle_id,vehicle_type,enter_time_s,departure_time_s,travel_time_s,route_distance_m,distance_traveled_m,accumulated_waiting_time_s,custom_wait_s,moving_time_s,time_loss_s,free_flow_time_s,delay_s,waiting_fraction,moving_fraction,schedule_efficiency,completed_trip,trip_status
15,pkw,20.0,91.0,71.0,,735.499,0.0,0.0,71.0,3.804,,,0.0,1.0,,True,completed
17,pkw,24.0,100.0,76.0,,782.72,0.0,0.0,76.0,4.347,,,0.0,1.0,,True,completed
13,pkw,18.0,115.0,97.0,,955.19,0.0,0.0,97.0,7.618,,,0.0,1.0,,True,completed
43,pkw,74.0,131.0,57.0,,381.317,2.0,2.0,55.0,9.533,,,0.0351,0.9649,,True,completed
32,pkw,51.0,132.0,81.0,,598.007,11.0,11.0,70.0,25.207,,,0.1358,0.8642,,True,completed
0,pkw,2.0,169.0,167.0,,1690.449,0.0,0.0,167.0,11.816,,,0.0,1.0,,True,completed
20,pkw,30.0,175.0,145.0,,1386.173,5.0,5.0,140.0,18.815,,,0.0345,0.9655,,True,completed
3,pkw,3.0,177.0,174.0,,1502.851,3.0,11.0,163.0,34.117,,,0.0632,0.9368,,True,completed
41,pkw,70.0,180.0,110.0,,984.693,3.0,3.0,107.0,14.319,,,0.0273,0.9727,,True,completed
1,pkw,2.0,184.0,182.0,,1589.514,0.0,9.0,173.0,28.532,,,0.0495,0.9505,,True,completed
6,pkw,13.0,187.0,174.0,,1607.375,10.0,10.0,164.0,28.335,,,0.0575,0.9425,,True,completed
35,pkw,55.0,194.0,139.0,,1352.732,0.0,0.0,139.0,12.543,,,0.0,1.0,,True,completed
51,pkw,91.0,203.0,112.0,,1061.484,0.0,0.0,112.0,10.023,,,0.0,1.0,,True,completed
29,pkw,49.0,216.0,167.0,,1578.871,5.0,7.0,160.0,23.669,,,0.0419,0.9581,,True,completed
10,pkw,12.0,219.0,207.0,,1968.733,1.0,1.0,206.0,25.315,,,0.0048,0.9952,,True,completed
59,pkw,103.0,220.0,117.0,,887.041,0.0,0.0,117.0,11.105,,,0.0,1.0,,True,completed
23,pkw,36.0,234.0,198.0,,1971.067,0.0,0.0,198.0,17.982,,,0.0,1.0,,True,completed
8,pkw,9.0,235.0,226.0,,1655.652,0.0,6.0,220.0,27.221,,,0.0265,0.9735,,True,completed
95,pkw,168.0,237.0,69.0,,676.809,0.0,0.0,69.0,5.483,,,0.0,1.0,,True,completed
45,pkw,80.0,238.0,158.0,,1393.785,3.0,3.0,155.0,21.336,,,0.019,0.981,,True,completed
9,pkw,11.0,239.0,228.0,,2260.358,2.0,4.0,224.0,21.612,,,0.0175,0.9825,,True,completed
60,pkw,106.0,242.0,136.0,,1410.561,0.0,0.0,136.0,7.598,,,0.0,1.0,,True,completed
88,pkw,152.0,244.0,92.0,,740.525,16.0,16.0,76.0,24.352,,,0.1739,0.8261,,True,completed
24,pkw,36.0,253.0,217.0,,1915.866,3.0,6.0,211.0,33.055,,,0.0276,0.9724,,True,completed
47,pkw,84.0,257.0,173.0,,1405.221,9.0,9.0,164.0,35.286,,,0.052,0.948,,True,completed
102,pkw,182.0,258.0,76.0,,685.239,0.0,0.0,76.0,11.633,,,0.0,1.0,,True,completed
80,pkw,138.0,258.0,120.0,,1011.925,9.0,9.0,111.0,23.001,,,0.075,0.925,,True,completed
33,pkw,52.0,259.0,207.0,,1686.873,0.0,0.0,207.0,18.977,,,0.0,1.0,,True,completed
25,pkw,38.0,260.0,222.0,,2143.826,0.0,6.0,216.0,27.7,,,0.027,0.973,,True,completed
37,pkw,59.0,260.0,201.0,,1869.342,2.0,2.0,199.0,23.684,,,0.01,0.99,,True,completed
7,pkw,9.0,262.0,253.0,,2213.346,8.0,16.0,237.0,46.714,,,0.0632,0.9368,,True,completed
53,pkw,93.0,263.0,170.0,,1689.329,0.0,3.0,167.0,15.955,,,0.0176,0.9824,,True,completed
27,pkw,41.0,264.0,223.0,,2166.727,0.0,6.0,217.0,24.128,,,0.0269,0.9731,,True,completed
74,pkw,134.0,264.0,130.0,,1209.735,5.0,5.0,125.0,16.765,,,0.0385,0.9615,,True,completed
19,pkw,28.0,265.0,237.0,,2217.582,8.0,8.0,229.0,35.337,,,0.0338,0.9662,,True,completed
57,pkw,100.0,265.0,165.0,,1590.491,0.0,0.0,165.0,14.466,,,0.0,1.0,,True,completed
63,pkw,114.0,265.0,151.0,,1442.921,4.0,4.0,147.0,16.676,,,0.0265,0.9735,,True,completed
38,pkw,65.0,268.0,203.0,,1832.709,0.0,0.0,203.0,15.853,,,0.0,1.0,,True,completed
58,pkw,101.0,274.0,173.0,,1659.38,7.0,7.0,166.0,21.832,,,0.0405,0.9595,,True,completed
83,pkw,144.0,280.0,136.0,,1262.478,1.0,1.0,135.0,19.809,,,0.0074,0.9926,,True,completed
76,pkw,136.0,282.0,146.0,,1517.338,0.0,0.0,146.0,7.366,,,0.0,1.0,,True,completed
124,pkw,231.0,287.0,56.0,,537.626,0.0,0.0,56.0,6.299,,,0.0,1.0,,True,completed
117,pkw,215.0,288.0,73.0,,719.387,0.0,0.0,73.0,5.895,,,0.0,1.0,,True,completed
109,pkw,195.0,289.0,94.0,,885.451,0.0,0.0,94.0,7.945,,,0.0,1.0,,True,completed
75,pkw,135.0,290.0,155.0,,1503.382,3.0,3.0,152.0,18.663,,,0.0194,0.9806,,True,completed
39,pkw,65.0,292.0,227.0,,2127.546,6.0,6.0,221.0,29.624,,,0.0264,0.9736,,True,completed
69,pkw,124.0,292.0,168.0,,1468.913,14.0,14.0,154.0,28.389,,,0.0833,0.9167,,True,completed
48,pkw,84.0,295.0,211.0,,1598.898,8.0,22.0,189.0,55.615,,,0.1043,0.8957,,True,completed
56,pkw,100.0,298.0,198.0,,1627.806,25.0,25.0,173.0,42.834,,,0.1263,0.8737,,True,completed
81,pkw,140.0,299.0,159.0,,1271.354,28.0,28.0,131.0,37.874,,,0.1761,0.8239,,True,completed
34,pkw,54.0,301.0,247.0,,2303.178,0.0,8.0,239.0,29.699,,,0.0324,0.9676,,True,completed
61,pkw,110.0,303.0,193.0,,1972.892,0.0,0.0,193.0,13.008,,,0.0,1.0,,True,completed
64,pkw,115.0,304.0,189.0,,1388.997,2.0,15.0,174.0,33.938,,,0.0794,0.9206,,True,completed
122,pkw,224.0,308.0,84.0,,752.008,1.0,1.0,83.0,11.422,,,0.0119,0.9881,,True,completed
31,pkw,51.0,309.0,258.0,,2527.584,3.0,3.0,255.0,28.65,,,0.0116,0.9884,,True,completed
90,pkw,154.0,309.0,155.0,,1437.678,9.0,9.0,146.0,24.41,,,0.0581,0.9419,,True,completed
89,pkw,153.0,317.0,164.0,,1525.027,2.0,2.0,162.0,22.121,,,0.0122,0.9878,,True,completed
36,pkw,56.0,318.0,262.0,,2334.09,6.0,6.0,256.0,38.046,,,0.0229,0.9771,,True,completed
11,pkw,15.0,319.0,304.0,,2574.595,0.0,28.0,276.0,51.971,,,0.0921,0.9079,,True,completed
68,pkw,123.0,322.0,199.0,,2093.895,0.0,0.0,199.0,9.384,,,0.0,1.0,,True,completed
50,pkw,90.0,326.0,236.0,,2236.346,8.0,8.0,228.0,32.561,,,0.0339,0.9661,,True,completed
116,pkw,212.0,327.0,115.0,,643.74,25.0,25.0,90.0,37.844,,,0.2174,0.7826,,True,completed
99,pkw,176.0,329.0,153.0,,1025.908,10.0,10.0,143.0,30.713,,,0.0654,0.9346,,True,completed
145,pkw,262.0,330.0,68.0,,666.962,0.0,0.0,68.0,3.584,,,0.0,1.0,,True,completed
115,pkw,211.0,333.0,122.0,,1039.222,10.0,10.0,112.0,21.107,,,0.082,0.918,,True,completed
78,pkw,137.0,333.0,196.0,,1528.274,25.0,25.0,171.0,50.681,,,0.1276,0.8724,,True,completed
18,pkw,27.0,337.0,310.0,,2808.194,4.0,9.0,301.0,42.475,,,0.029,0.971,,True,completed
118,pkw,216.0,339.0,123.0,,1233.01,0.0,0.0,123.0,8.627,,,0.0,1.0,,True,completed
92,pkw,160.0,340.0,180.0,,1502.811,2.0,18.0,162.0,39.251,,,0.1,0.9,,True,completed
144,pkw,261.0,342.0,81.0,,524.477,24.0,24.0,57.0,32.419,,,0.2963,0.7037,,True,completed
22,pkw,35.0,346.0,311.0,,2990.283,13.0,13.0,298.0,35.479,,,0.0418,0.9582,,True,completed
62,pkw,111.0,350.0,239.0,,2437.915,0.0,0.0,239.0,16.725,,,0.0,1.0,,True,completed
86,pkw,149.0,354.0,205.0,,1830.9,0.0,0.0,205.0,26.155,,,0.0,1.0,,True,completed
105,pkw,188.0,356.0,168.0,,1647.378,0.0,0.0,168.0,17.372,,,0.0,1.0,,True,completed
21,pkw,32.0,356.0,324.0,,2827.122,22.0,22.0,302.0,54.207,,,0.0679,0.9321,,True,completed
44,pkw,75.0,357.0,282.0,,2665.45,18.0,18.0,264.0,37.763,,,0.0638,0.9362,,True,completed
108,pkw,192.0,358.0,166.0,,1500.944,16.0,16.0,150.0,28.102,,,0.0964,0.9036,,True,completed
55,pkw,98.0,358.0,260.0,,2124.747,0.0,5.0,255.0,33.976,,,0.0192,0.9808,,True,completed
71,pkw,128.0,358.0,230.0,,2098.98,0.0,5.0,225.0,26.743,,,0.0217,0.9783,,True,completed
26,pkw,39.0,361.0,322.0,,2634.941,28.0,31.0,291.0,73.416,,,0.0963,0.9037,,True,completed
93,pkw,165.0,361.0,196.0,,1630.699,6.0,13.0,183.0,39.749,,,0.0663,0.9337,,True,completed
180,pkw,320.0,362.0,42.0,,435.386,0.0,0.0,42.0,1.815,,,0.0,1.0,,True,completed
111,pkw,202.0,364.0,162.0,,1483.694,10.0,10.0,152.0,26.331,,,0.0617,0.9383,,True,completed
143,pkw,258.0,366.0,108.0,,899.464,9.0,12.0,96.0,25.008,,,0.1111,0.8889,,True,completed
46,pkw,82.0,367.0,285.0,,2741.266,0.0,0.0,285.0,23.147,,,0.0,1.0,,True,completed
94,pkw,166.0,367.0,201.0,,1823.656,1.0,1.0,200.0,21.037,,,0.005,0.995,,True,completed
67,pkw,118.0,370.0,252.0,,2541.871,0.0,0.0,252.0,20.136,,,0.0,1.0,,True,completed
150,pkw,273.0,375.0,102.0,,973.589,0.0,0.0,102.0,7.136,,,0.0,1.0,,True,completed
82,pkw,142.0,376.0,234.0,,2151.794,0.0,4.0,230.0,25.119,,,0.0171,0.9829,,True,completed
65,pkw,117.0,377.0,260.0,,2444.164,4.0,9.0,251.0,34.887,,,0.0346,0.9654,,True,completed
114,pkw,209.0,384.0,175.0,,1390.966,19.0,19.0,156.0,42.155,,,0.1086,0.8914,,True,completed
149,pkw,269.0,386.0,117.0,,1143.325,0.0,0.0,117.0,8.176,,,0.0,1.0,,True,completed
96,pkw,171.0,390.0,219.0,,2252.601,0.0,0.0,219.0,14.131,,,0.0,1.0,,True,completed
179,pkw,320.0,391.0,71.0,,735.483,0.0,0.0,71.0,3.806,,,0.0,1.0,,True,completed
119,pkw,218.0,395.0,177.0,,1687.897,0.0,0.0,177.0,21.407,,,0.0,1.0,,True,completed
133,pkw,241.0,395.0,154.0,,1329.069,12.0,12.0,142.0,30.561,,,0.0779,0.9221,,True,completed
2,pkw,3.0,398.0,395.0,,3304.758,11.0,51.0,344.0,95.057,,,0.1291,0.8709,,True,completed
77,pkw,136.0,404.0,268.0,,2632.074,0.0,0.0,268.0,25.837,,,0.0,1.0,,True,completed
158,pkw,294.0,406.0,112.0,,1173.147,0.0,0.0,112.0,5.416,,,0.0,1.0,,True,completed
73,pkw,130.0,407.0,277.0,,2543.029,0.0,31.0,246.0,46.472,,,0.1119,0.8881,,True,completed
40,pkw,67.0,408.0,341.0,,2754.473,3.0,54.0,287.0,89.719,,,0.1584,0.8416,,True,completed
72,pkw,129.0,410.0,281.0,,2817.282,0.0,0.0,281.0,23.987,,,0.0,1.0,,True,completed
84,pkw,144.0,412.0,268.0,,2398.347,3.0,13.0,255.0,41.273,,,0.0485,0.9515,,True,completed
104,pkw,187.0,414.0,227.0,,1916.496,14.0,18.0,209.0,47.721,,,0.0793,0.9207,,True,completed
183,pkw,322.0,414.0,92.0,,841.209,3.0,3.0,89.0,12.132,,,0.0326,0.9674,,True,completed
98,pkw,175.0,414.0,239.0,,2378.085,2.0,2.0,237.0,23.359,,,0.0084,0.9916,,True,completed
128,pkw,239.0,415.0,176.0,,1491.034,0.0,3.0,173.0,19.255,,,0.017,0.983,,True,completed
219,pkw,374.0,420.0,46.0,,380.112,0.0,0.0,46.0,2.946,,,0.0,1.0,,True,completed
5,pkw,5.0,421.0,416.0,,1583.396,98.0,245.0,171.0,265.139,,,0.5889,0.4111,,True,completed
106,pkw,191.0,422.0,231.0,,2348.127,1.0,1.0,230.0,16.599,,,0.0043,0.9957,,True,completed
107,pkw,191.0,423.0,232.0,,1966.071,0.0,6.0,226.0,29.232,,,0.0259,0.9741,,True,completed
14,pkw,19.0,424.0,405.0,,2097.748,96.0,200.0,205.0,214.696,,,0.4938,0.5062,,True,completed
130,pkw,240.0,430.0,190.0,,1478.582,3.0,14.0,176.0,37.86,,,0.0737,0.9263,,True,completed
91,pkw,158.0,430.0,272.0,,2216.201,5.0,6.0,266.0,33.231,,,0.0221,0.9779,,True,completed
101,pkw,181.0,433.0,252.0,,2337.969,4.0,8.0,244.0,33.093,,,0.0317,0.9683,,True,completed
198,pkw,339.0,438.0,99.0,,1022.043,0.0,0.0,99.0,5.532,,,0.0,1.0,,True,completed
139,pkw,250.0,440.0,190.0,,1902.714,0.0,0.0,190.0,12.857,,,0.0,1.0,,True,completed
121,pkw,223.0,443.0,220.0,,1726.565,5.0,14.0,206.0,47.863,,,0.0636,0.9364,,True,completed
195,pkw,338.0,447.0,109.0,,1049.38,0.0,0.0,109.0,12.435,,,0.0,1.0,,True,completed
173,pkw,314.0,453.0,139.0,,943.726,35.0,37.0,102.0,52.865,,,0.2662,0.7338,,True,completed
201,pkw,343.0,453.0,110.0,,1070.627,0.0,0.0,110.0,12.324,,,0.0,1.0,,True,completed
167,pkw,305.0,459.0,154.0,,1436.522,11.0,11.0,143.0,23.203,,,0.0714,0.9286,,True,completed
148,pkw,265.0,462.0,197.0,,1628.98,6.0,22.0,175.0,48.515,,,0.1117,0.8883,,True,completed
146,pkw,263.0,463.0,200.0,,2013.335,0.0,3.0,197.0,17.132,,,0.015,0.985,,True,completed
70,pkw,128.0,465.0,337.0,,3168.419,0.0,11.0,326.0,34.884,,,0.0326,0.9674,,True,completed
162,pkw,302.0,467.0,165.0,,1694.679,0.0,0.0,165.0,10.713,,,0.0,1.0,,True,completed
126,pkw,234.0,468.0,234.0,,2107.175,13.0,13.0,221.0,35.139,,,0.0556,0.9444,,True,completed
134,pkw,243.0,469.0,226.0,,2254.766,3.0,3.0,223.0,21.215,,,0.0133,0.9867,,True,completed
85,pkw,145.0,474.0,329.0,,2953.38,0.0,33.0,296.0,55.913,,,0.1003,0.8997,,True,completed
185,pkw,327.0,475.0,148.0,,1360.108,1.0,1.0,147.0,17.054,,,0.0068,0.9932,,True,completed
142,pkw,256.0,480.0,224.0,,2213.182,4.0,4.0,220.0,22.167,,,0.0179,0.9821,,True,completed
251,pkw,419.0,480.0,61.0,,615.117,0.0,0.0,61.0,4.601,,,0.0,1.0,,True,completed
172,pkw,313.0,482.0,169.0,,1685.331,0.0,4.0,165.0,15.798,,,0.0237,0.9763,,True,completed
120,pkw,219.0,483.0,264.0,,2298.487,9.0,17.0,247.0,55.395,,,0.0644,0.9356,,True,completed
217,pkw,370.0,485.0,115.0,,989.07,6.0,6.0,109.0,19.649,,,0.0522,0.9478,,True,completed
4,pkw,5.0,488.0,483.0,,1540.501,43.0,314.0,169.0,336.022,,,0.6501,0.3499,,True,completed
87,pkw,150.0,489.0,339.0,,2928.354,22.0,26.0,313.0,69.275,,,0.0767,0.9233,,True,completed
135,pkw,244.0,493.0,249.0,,2267.578,4.0,4.0,245.0,22.448,,,0.0161,0.9839,,True,completed
177,pkw,318.0,493.0,175.0,,1623.466,0.0,3.0,172.0,23.256,,,0.0171,0.9829,,True,completed
277,pkw,453.0,493.0,40.0,,376.683,1.0,2.0,38.0,5.098,,,0.05,0.95,,True,completed
147,pkw,264.0,495.0,231.0,,1908.857,11.0,11.0,220.0,36.865,,,0.0476,0.9524,,True,completed
249,pkw,418.0,498.0,80.0,,650.479,2.0,2.0,78.0,19.717,,,0.025,0.975,,True,completed
152,pkw,279.0,499.0,220.0,,1796.257,0.0,17.0,203.0,46.994,,,0.0773,0.9227,,True,completed
127,pkw,235.0,500.0,265.0,,2115.482,9.0,9.0,256.0,36.759,,,0.034,0.966,,True,completed
52,pkw,91.0,502.0,411.0,,3260.91,0.0,20.0,391.0,56.016,,,0.0487,0.9513,,True,completed
136,pkw,245.0,505.0,260.0,,2358.664,1.0,14.0,246.0,43.957,,,0.0538,0.9462,,True,completed
239,pkw,406.0,505.0,99.0,,1045.073,0.0,0.0,99.0,3.943,,,0.0,1.0,,True,completed
242,pkw,409.0,505.0,96.0,,837.232,0.0,0.0,96.0,9.087,,,0.0,1.0,,True,completed
28,pkw,43.0,505.0,462.0,,1504.726,73.0,309.0,153.0,323.333,,,0.6688,0.3312,,True,completed
253,pkw,422.0,506.0,84.0,,764.918,8.0,9.0,75.0,14.157,,,0.1071,0.8929,,True,completed
169,pkw,307.0,507.0,200.0,,2008.159,0.0,0.0,200.0,16.486,,,0.0,1.0,,True,completed
163,pkw,302.0,510.0,208.0,,1788.854,0.0,0.0,208.0,16.536,,,0.0,1.0,,True,completed
140,pkw,251.0,511.0,260.0,,2516.664,4.0,4.0,256.0,30.977,,,0.0154,0.9846,,True,completed
123,pkw,230.0,512.0,282.0,,2597.654,0.0,10.0,272.0,37.068,,,0.0355,0.9645,,True,completed
190,pkw,333.0,512.0,179.0,,1483.817,0.0,28.0,151.0,43.583,,,0.1564,0.8436,,True,completed
151,pkw,277.0,515.0,238.0,,2085.657,1.0,9.0,229.0,34.885,,,0.0378,0.9622,,True,completed
112,pkw,207.0,516.0,309.0,,2767.737,0.0,31.0,278.0,55.887,,,0.1003,0.8997,,True,completed
161,pkw,302.0,520.0,218.0,,2125.946,0.0,0.0,218.0,21.249,,,0.0,1.0,,True,completed
156,pkw,291.0,523.0,232.0,,2048.754,0.0,28.0,204.0,43.826,,,0.1207,0.8793,,True,completed
187,pkw,330.0,523.0,193.0,,1895.459,2.0,2.0,191.0,18.353,,,0.0104,0.9896,,True,completed
209,pkw,359.0,526.0,167.0,,1648.759,0.0,0.0,167.0,16.028,,,0.0,1.0,,True,completed
225,pkw,385.0,526.0,141.0,,1263.776,2.0,5.0,136.0,25.589,,,0.0355,0.9645,,True,completed
141,pkw,255.0,530.0,275.0,,2726.655,0.0,0.0,275.0,19.142,,,0.0,1.0,,True,completed
218,pkw,373.0,531.0,158.0,,1100.004,22.0,22.0,136.0,48.011,,,0.1392,0.8608,,True,completed
129,pkw,240.0,534.0,294.0,,2659.617,0.0,25.0,269.0,46.596,,,0.085,0.915,,True,completed
165,pkw,303.0,534.0,231.0,,2132.786,20.0,20.0,211.0,36.207,,,0.0866,0.9134,,True,completed
278,pkw,452.0,534.0,82.0,,736.599,5.0,5.0,77.0,14.705,,,0.061,0.939,,True,completed
205,pkw,352.0,535.0,183.0,,1661.152,0.0,3.0,180.0,23.551,,,0.0164,0.9836,,True,completed
131,pkw,240.0,536.0,296.0,,1990.963,14.0,33.0,263.0,68.112,,,0.1115,0.8885,,True,completed
223,pkw,384.0,536.0,152.0,,1267.52,4.0,13.0,139.0,32.788,,,0.0855,0.9145,,True,completed
192,pkw,335.0,537.0,202.0,,1887.194,10.0,10.0,192.0,29.142,,,0.0495,0.9505,,True,completed
168,pkw,305.0,541.0,236.0,,2015.106,10.0,12.0,224.0,43.431,,,0.0508,0.9492,,True,completed
262,pkw,436.0,542.0,106.0,,974.974,0.0,0.0,106.0,12.223,,,0.0,1.0,,True,completed
311,pkw,491.0,547.0,56.0,,583.492,0.0,0.0,56.0,2.485,,,0.0,1.0,,True,completed
194,pkw,338.0,550.0,212.0,,1781.15,3.0,8.0,204.0,35.978,,,0.0377,0.9623,,True,completed
230,pkw,392.0,552.0,160.0,,1519.451,7.0,7.0,153.0,19.069,,,0.0437,0.9563,,True,completed
103,pkw,184.0,553.0,369.0,,3317.338,8.0,13.0,356.0,41.715,,,0.0352,0.9648,,True,completed
164,pkw,303.0,556.0,253.0,,1822.256,27.0,31.0,222.0,53.43,,,0.1225,0.8775,,True,completed
197,pkw,339.0,557.0,218.0,,2054.992,0.0,8.0,210.0,30.393,,,0.0367,0.9633,,True,completed
309,pkw,491.0,557.0,66.0,,659.103,0.0,0.0,66.0,4.936,,,0.0,1.0,,True,completed
244,pkw,413.0,561.0,148.0,,1308.612,0.0,3.0,145.0,19.279,,,0.0203,0.9797,,True,completed
171,pkw,312.0,566.0,254.0,,1965.242,28.0,28.0,226.0,58.298,,,0.1102,0.8898,,True,completed
283,pkw,462.0,566.0,104.0,,901.584,4.0,4.0,100.0,20.434,,,0.0385,0.9615,,True,completed
125,pkw,232.0,568.0,336.0,,3192.946,9.0,14.0,322.0,41.118,,,0.0417,0.9583,,True,completed
216,pkw,367.0,568.0,201.0,,1917.937,0.0,7.0,194.0,25.479,,,0.0348,0.9652,,True,completed
238,pkw,406.0,568.0,162.0,,1419.771,5.0,8.0,154.0,32.866,,,0.0494,0.9506,,True,completed
227,pkw,390.0,569.0,179.0,,1833.436,0.0,0.0,179.0,10.846,,,0.0,1.0,,True,completed
324,pkw,509.0,571.0,62.0,,599.166,0.0,0.0,62.0,6.128,,,0.0,1.0,,True,completed
210,pkw,359.0,572.0,213.0,,1664.02,10.0,25.0,188.0,56.981,,,0.1174,0.8826,,True,completed
203,pkw,349.0,573.0,224.0,,1721.99,13.0,22.0,202.0,51.63,,,0.0982,0.9018,,True,completed
212,pkw,365.0,573.0,208.0,,1831.91,0.0,0.0,208.0,14.771,,,0.0,1.0,,True,completed
228,pkw,391.0,578.0,187.0,,1863.186,0.0,0.0,187.0,15.642,,,0.0,1.0,,True,completed
248,pkw,417.0,578.0,161.0,,1522.907,2.0,2.0,159.0,19.725,,,0.0124,0.9876,,True,completed
166,pkw,304.0,583.0,279.0,,2668.656,0.0,10.0,269.0,34.311,,,0.0358,0.9642,,True,completed
199,pkw,340.0,584.0,244.0,,2287.885,0.0,9.0,235.0,35.566,,,0.0369,0.9631,,True,completed
269,pkw,444.0,588.0,144.0,,1269.065,17.0,17.0,127.0,27.292,,,0.1181,0.8819,,True,completed
318,pkw,507.0,588.0,81.0,,735.057,0.0,0.0,81.0,8.881,,,0.0,1.0,,True,completed
213,pkw,365.0,590.0,225.0,,2129.907,2.0,2.0,223.0,26.288,,,0.0089,0.9911,,True,completed
189,pkw,333.0,592.0,259.0,,2435.904,3.0,9.0,250.0,37.311,,,0.0347,0.9653,,True,completed
259,pkw,434.0,593.0,159.0,,1211.9,15.0,15.0,144.0,36.424,,,0.0943,0.9057,,True,completed
175,pkw,315.0,594.0,279.0,,2290.333,21.0,26.0,253.0,59.893,,,0.0932,0.9068,,True,completed
234,pkw,400.0,594.0,194.0,,1626.894,4.0,4.0,190.0,21.214,,,0.0206,0.9794,,True,completed
229,pkw,391.0,596.0,205.0,,2068.904,0.0,0.0,205.0,15.423,,,0.0,1.0,,True,completed
261,pkw,435.0,597.0,162.0,,1278.971,11.0,11.0,151.0,31.253,,,0.0679,0.9321,,True,completed
215,pkw,366.0,598.0,232.0,,2398.247,0.0,0.0,232.0,14.039,,,0.0,1.0,,True,completed
382,pkw,575.0,598.0,23.0,,169.128,1.0,1.0,22.0,6.778,,,0.0435,0.9565,,True,completed
263,pkw,436.0,599.0,163.0,,1494.81,0.0,0.0,163.0,14.886,,,0.0,1.0,,True,completed
200,pkw,341.0,602.0,261.0,,2542.249,2.0,7.0,254.0,29.794,,,0.0268,0.9732,,True,completed
260,pkw,435.0,607.0,172.0,,1742.561,0.0,0.0,172.0,13.016,,,0.0,1.0,,True,completed
226,pkw,387.0,608.0,221.0,,2007.105,6.0,6.0,215.0,35.761,,,0.0271,0.9729,,True,completed
188,pkw,332.0,609.0,277.0,,2766.994,0.0,5.0,272.0,25.933,,,0.0181,0.9819,,True,completed
186,pkw,328.0,610.0,282.0,,2365.678,1.0,12.0,270.0,43.267,,,0.0426,0.9574,,True,completed
174,pkw,315.0,611.0,296.0,,2204.248,2.0,6.0,290.0,54.917,,,0.0203,0.9797,,True,completed
220,pkw,380.0,615.0,235.0,,2146.015,0.0,12.0,223.0,39.67,,,0.0511,0.9489,,True,completed
279,pkw,453.0,619.0,166.0,,1638.307,1.0,1.0,165.0,17.551,,,0.006,0.994,,True,completed
296,pkw,480.0,620.0,140.0,,1466.963,0.0,0.0,140.0,6.766,,,0.0,1.0,,True,completed
236,pkw,401.0,622.0,221.0,,2016.154,0.0,0.0,221.0,16.911,,,0.0,1.0,,True,completed
254,pkw,423.0,622.0,199.0,,2086.506,0.0,0.0,199.0,9.648,,,0.0,1.0,,True,completed
206,pkw,354.0,623.0,269.0,,2297.29,0.0,23.0,246.0,48.625,,,0.0855,0.9145,,True,completed
265,pkw,439.0,626.0,187.0,,1502.348,0.0,0.0,187.0,16.045,,,0.0,1.0,,True,completed
308,pkw,489.0,626.0,137.0,,873.027,44.0,44.0,93.0,56.959,,,0.3212,0.6788,,True,completed
326,pkw,512.0,628.0,116.0,,642.706,27.0,27.0,89.0,39.992,,,0.2328,0.7672,,True,completed
337,pkw,524.0,628.0,104.0,,750.963,20.0,20.0,84.0,29.963,,,0.1923,0.8077,,True,completed
159,pkw,299.0,631.0,332.0,,2966.036,28.0,37.0,295.0,61.429,,,0.1114,0.8886,,True,completed
258,pkw,430.0,631.0,201.0,,1897.826,0.0,2.0,199.0,22.245,,,0.01,0.99,,True,completed
357,pkw,545.0,633.0,88.0,,725.281,7.0,7.0,81.0,17.627,,,0.0795,0.9205,,True,completed
363,pkw,549.0,634.0,85.0,,735.177,6.0,6.0,79.0,16.831,,,0.0706,0.9294,,True,completed
155,pkw,290.0,639.0,349.0,,2580.415,0.0,89.0,260.0,114.84,,,0.255,0.745,,True,completed
222,pkw,382.0,639.0,257.0,,2213.031,9.0,11.0,246.0,37.699,,,0.0428,0.9572,,True,completed
374,pkw,562.0,640.0,78.0,,663.999,4.0,4.0,74.0,13.022,,,0.0513,0.9487,,True,completed
193,pkw,336.0,643.0,307.0,,2249.477,28.0,29.0,278.0,63.966,,,0.0945,0.9055,,True,completed
237,pkw,401.0,643.0,242.0,,1658.295,19.0,68.0,174.0,90.859,,,0.281,0.719,,True,completed
273,pkw,447.0,643.0,196.0,,1988.884,0.0,0.0,196.0,14.306,,,0.0,1.0,,True,completed
343,pkw,532.0,645.0,113.0,,1014.506,5.0,6.0,107.0,20.192,,,0.0531,0.9469,,True,completed
370,pkw,556.0,648.0,92.0,,687.742,15.0,15.0,77.0,28.337,,,0.163,0.837,,True,completed
336,pkw,523.0,650.0,127.0,,1130.816,7.0,7.0,120.0,22.075,,,0.0551,0.9449,,True,completed
299,pkw,481.0,653.0,172.0,,1418.8,9.0,17.0,155.0,42.256,,,0.0988,0.9012,,True,completed
289,pkw,469.0,654.0,185.0,,1712.743,3.0,11.0,174.0,28.885,,,0.0595,0.9405,,True,completed
312,pkw,492.0,656.0,164.0,,1502.637,14.0,14.0,150.0,26.169,,,0.0854,0.9146,,True,completed
367,pkw,552.0,656.0,104.0,,890.429,0.0,0.0,104.0,8.448,,,0.0,1.0,,True,completed
255,pkw,428.0,657.0,229.0,,1890.32,0.0,0.0,229.0,17.818,,,0.0,1.0,,True,completed
342,pkw,532.0,657.0,125.0,,1018.729,2.0,2.0,123.0,19.62,,,0.016,0.984,,True,completed
170,pkw,309.0,663.0,354.0,,2583.349,0.0,4.0,350.0,42.093,,,0.0113,0.9887,,True,completed
284,pkw,465.0,663.0,198.0,,1629.86,1.0,9.0,189.0,40.816,,,0.0455,0.9545,,True,completed
307,pkw,488.0,663.0,175.0,,1648.85,6.0,6.0,169.0,24.217,,,0.0343,0.9657,,True,completed
316,pkw,504.0,664.0,160.0,,1467.262,4.0,4.0,156.0,23.797,,,0.025,0.975,,True,completed
286,pkw,466.0,665.0,199.0,,1819.932,0.0,0.0,199.0,23.975,,,0.0,1.0,,True,completed
373,pkw,561.0,665.0,104.0,,962.362,2.0,2.0,102.0,13.191,,,0.0192,0.9808,,True,completed
315,pkw,502.0,666.0,164.0,,1483.463,11.0,11.0,153.0,28.634,,,0.0671,0.9329,,True,completed
224,pkw,384.0,667.0,283.0,,2136.266,0.0,16.0,267.0,42.147,,,0.0565,0.9435,,True,completed
281,pkw,454.0,667.0,213.0,,2142.228,0.0,0.0,213.0,16.166,,,0.0,1.0,,True,completed
154,pkw,287.0,669.0,382.0,,3420.059,0.0,33.0,349.0,67.232,,,0.0864,0.9136,,True,completed
323,pkw,509.0,671.0,162.0,,1395.117,9.0,15.0,147.0,31.244,,,0.0926,0.9074,,True,completed
153,pkw,285.0,673.0,388.0,,2743.532,0.0,90.0,298.0,124.239,,,0.232,0.768,,True,completed
287,pkw,468.0,673.0,205.0,,1810.077,3.0,15.0,190.0,39.37,,,0.0732,0.9268,,True,completed
298,pkw,481.0,675.0,194.0,,1912.111,1.0,1.0,193.0,17.693,,,0.0052,0.9948,,True,completed
377,pkw,565.0,675.0,110.0,,884.714,5.0,5.0,105.0,19.566,,,0.0455,0.9545,,True,completed
247,pkw,417.0,677.0,260.0,,2449.126,3.0,8.0,252.0,34.531,,,0.0308,0.9692,,True,completed
355,pkw,544.0,678.0,134.0,,1036.726,3.0,14.0,120.0,34.35,,,0.1045,0.8955,,True,completed
297,pkw,481.0,680.0,199.0,,1869.4,0.0,7.0,192.0,21.007,,,0.0352,0.9648,,True,completed
221,pkw,382.0,681.0,299.0,,2305.411,0.0,62.0,237.0,82.008,,,0.2074,0.7926,,True,completed
366,pkw,552.0,682.0,130.0,,1150.643,0.0,7.0,123.0,22.272,,,0.0538,0.9462,,True,completed
393,pkw,590.0,683.0,93.0,,735.631,7.0,7.0,86.0,20.551,,,0.0753,0.9247,,True,completed
414,pkw,609.0,683.0,74.0,,729.89,0.0,0.0,74.0,6.956,,,0.0,1.0,,True,completed
401,pkw,602.0,684.0,82.0,,783.568,0.0,0.0,82.0,9.908,,,0.0,1.0,,True,completed
335,pkw,518.0,685.0,167.0,,1680.738,0.0,0.0,167.0,12.408,,,0.0,1.0,,True,completed
178,pkw,319.0,687.0,368.0,,2959.826,0.0,3.0,365.0,69.177,,,0.0082,0.9918,,True,completed
243,pkw,411.0,687.0,276.0,,1642.871,69.0,87.0,189.0,118.493,,,0.3152,0.6848,,True,completed
352,pkw,541.0,694.0,153.0,,1324.234,12.0,12.0,141.0,29.632,,,0.0784,0.9216,,True,completed
282,pkw,458.0,695.0,237.0,,1834.328,20.0,22.0,215.0,52.067,,,0.0928,0.9072,,True,completed
270,pkw,444.0,698.0,254.0,,1719.099,47.0,69.0,185.0,91.555,,,0.2717,0.7283,,True,completed
411,pkw,607.0,702.0,95.0,,511.246,20.0,20.0,75.0,29.542,,,0.2105,0.7895,,True,completed
436,pkw,620.0,703.0,83.0,,736.838,6.0,6.0,77.0,15.684,,,0.0723,0.9277,,True,completed
396,pkw,594.0,704.0,110.0,,1114.055,0.0,0.0,110.0,6.944,,,0.0,1.0,,True,completed
536,pkw,691.0,704.0,13.0,,126.751,0.0,0.0,13.0,0.592,,,0.0,1.0,,True,completed
383,pkw,576.0,705.0,129.0,,1150.279,14.0,14.0,115.0,24.474,,,0.1085,0.8915,,True,completed
328,pkw,512.0,706.0,194.0,,1809.347,8.0,8.0,186.0,23.433,,,0.0412,0.9588,,True,completed
294,pkw,475.0,708.0,233.0,,1667.41,11.0,11.0,222.0,39.264,,,0.0472,0.9528,,True,completed
290,pkw,470.0,714.0,244.0,,2272.563,16.0,16.0,228.0,36.968,,,0.0656,0.9344,,True,completed
425,pkw,614.0,714.0,100.0,,797.813,0.0,0.0,100.0,11.655,,,0.0,1.0,,True,completed
301,pkw,481.0,720.0,239.0,,2185.253,0.0,8.0,231.0,30.644,,,0.0335,0.9665,,True,completed
303,pkw,482.0,720.0,238.0,,2235.433,15.0,15.0,223.0,34.386,,,0.063,0.937,,True,completed
271,pkw,445.0,725.0,280.0,,2268.707,4.0,34.0,246.0,72.173,,,0.1214,0.8786,,True,completed
304,pkw,483.0,726.0,243.0,,2139.607,22.0,22.0,221.0,48.212,,,0.0905,0.9095,,True,completed
491,pkw,659.0,730.0,71.0,,665.535,0.0,0.0,71.0,4.416,,,0.0,1.0,,True,completed
325,pkw,511.0,731.0,220.0,,1480.251,37.0,40.0,180.0,69.559,,,0.1818,0.8182,,True,completed
388,pkw,584.0,731.0,147.0,,1518.129,0.0,0.0,147.0,6.896,,,0.0,1.0,,True,completed
204,pkw,351.0,735.0,384.0,,2830.512,58.0,76.0,308.0,123.017,,,0.1979,0.8021,,True,completed
288,pkw,469.0,735.0,266.0,,2239.249,0.0,2.0,264.0,33.518,,,0.0075,0.9925,,True,completed
252,pkw,419.0,736.0,317.0,,2959.063,0.0,18.0,299.0,47.199,,,0.0568,0.9432,,True,completed
300,pkw,481.0,736.0,255.0,,2331.787,7.0,9.0,246.0,37.286,,,0.0353,0.9647,,True,completed
350,pkw,540.0,736.0,196.0,,1559.513,12.0,14.0,182.0,44.721,,,0.0714,0.9286,,True,completed
515,pkw,680.0,736.0,56.0,,387.353,0.0,0.0,56.0,6.869,,,0.0,1.0,,True,completed
468,pkw,639.0,737.0,98.0,,857.277,3.0,3.0,95.0,17.655,,,0.0306,0.9694,,True,completed
469,pkw,640.0,739.0,99.0,,858.651,3.0,3.0,96.0,19.197,,,0.0303,0.9697,,True,completed
30,pkw,49.0,740.0,691.0,,2737.135,95.0,395.0,296.0,426.536,,,0.5716,0.4284,,True,completed
362,pkw,547.0,741.0,194.0,,1841.281,4.0,4.0,190.0,18.888,,,0.0206,0.9794,,True,completed
208,pkw,359.0,744.0,385.0,,2637.628,35.0,98.0,287.0,138.839,,,0.2545,0.7455,,True,completed
313,pkw,495.0,744.0,249.0,,2262.882,15.0,15.0,234.0,42.637,,,0.0602,0.9398,,True,completed
431,pkw,618.0,745.0,127.0,,1190.702,3.0,3.0,124.0,17.911,,,0.0236,0.9764,,True,completed
368,pkw,554.0,746.0,192.0,,1693.527,2.0,2.0,190.0,25.675,,,0.0104,0.9896,,True,completed
330,pkw,515.0,747.0,232.0,,2092.297,14.0,15.0,217.0,37.373,,,0.0647,0.9353,,True,completed
317,pkw,505.0,748.0,243.0,,2372.798,4.0,5.0,238.0,26.761,,,0.0206,0.9794,,True,completed
432,pkw,619.0,749.0,130.0,,892.621,11.0,17.0,113.0,41.245,,,0.1308,0.8692,,True,completed
474,pkw,643.0,750.0,107.0,,1068.522,0.0,0.0,107.0,9.502,,,0.0,1.0,,True,completed
403,pkw,602.0,752.0,150.0,,1418.902,9.0,9.0,141.0,20.894,,,0.06,0.94,,True,completed
523,pkw,684.0,752.0,68.0,,664.564,0.0,0.0,68.0,5.469,,,0.0,1.0,,True,completed
320,pkw,510.0,753.0,243.0,,1800.928,23.0,44.0,199.0,75.844,,,0.1811,0.8189,,True,completed
348,pkw,539.0,754.0,215.0,,1592.95,13.0,43.0,172.0,70.366,,,0.2,0.8,,True,completed
508,pkw,674.0,754.0,80.0,,379.995,26.0,26.0,54.0,35.395,,,0.325,0.675,,True,completed
454,pkw,632.0,756.0,124.0,,994.692,3.0,3.0,121.0,15.824,,,0.0242,0.9758,,True,completed
477,pkw,643.0,756.0,113.0,,1038.762,3.0,3.0,110.0,16.109,,,0.0265,0.9735,,True,completed
292,pkw,471.0,758.0,287.0,,2788.157,0.0,3.0,284.0,33.832,,,0.0105,0.9895,,True,completed
481,pkw,649.0,762.0,113.0,,918.711,0.0,4.0,109.0,17.525,,,0.0354,0.9646,,True,completed
354,pkw,543.0,764.0,221.0,,1754.355,20.0,20.0,201.0,39.59,,,0.0905,0.9095,,True,completed
394,pkw,599.0,766.0,167.0,,1655.934,0.0,4.0,163.0,16.062,,,0.024,0.976,,True,completed
471,pkw,640.0,770.0,130.0,,1046.154,9.0,14.0,116.0,33.09,,,0.1077,0.8923,,True,completed
575,pkw,719.0,771.0,52.0,,235.176,13.0,13.0,39.0,23.76,,,0.25,0.75,,True,completed
410,pkw,607.0,772.0,165.0,,1689.802,0.0,0.0,165.0,10.259,,,0.0,1.0,,True,completed
582,pkw,722.0,774.0,52.0,,454.078,4.0,4.0,48.0,9.66,,,0.0769,0.9231,,True,completed
482,pkw,649.0,776.0,127.0,,1140.084,5.0,5.0,122.0,18.818,,,0.0394,0.9606,,True,completed
604,pkw,737.0,777.0,40.0,,373.825,0.0,0.0,40.0,5.355,,,0.0,1.0,,True,completed
397,pkw,594.0,781.0,187.0,,1863.81,0.0,0.0,187.0,13.876,,,0.0,1.0,,True,completed
607,pkw,738.0,781.0,43.0,,444.741,0.0,0.0,43.0,1.973,,,0.0,1.0,,True,completed
375,pkw,563.0,784.0,221.0,,1682.016,12.0,41.0,180.0,68.617,,,0.1855,0.8145,,True,completed
241,pkw,408.0,786.0,378.0,,2582.297,0.0,119.0,259.0,142.507,,,0.3148,0.6852,,True,completed
539,pkw,693.0,787.0,94.0,,699.418,13.0,13.0,81.0,26.76,,,0.1383,0.8617,,True,completed
407,pkw,605.0,788.0,183.0,,1686.92,5.0,6.0,177.0,28.023,,,0.0328,0.9672,,True,completed
493,pkw,660.0,788.0,128.0,,1048.715,18.0,18.0,110.0,31.267,,,0.1406,0.8594,,True,completed
274,pkw,449.0,789.0,340.0,,1826.611,12.0,119.0,221.0,161.728,,,0.35,0.65,,True,completed
497,pkw,665.0,789.0,124.0,,951.571,3.0,5.0,119.0,22.277,,,0.0403,0.9597,,True,completed
331,pkw,515.0,792.0,277.0,,1988.937,0.0,76.0,201.0,96.448,,,0.2744,0.7256,,True,completed
433,pkw,619.0,792.0,173.0,,1703.113,0.0,0.0,173.0,15.127,,,0.0,1.0,,True,completed
424,pkw,614.0,794.0,180.0,,1848.782,0.0,0.0,180.0,9.766,,,0.0,1.0,,True,completed
483,pkw,649.0,795.0,146.0,,1214.456,0.0,0.0,146.0,10.83,,,0.0,1.0,,True,completed
560,pkw,708.0,796.0,88.0,,735.306,2.0,2.0,86.0,14.82,,,0.0227,0.9773,,True,completed
538,pkw,692.0,797.0,105.0,,973.527,1.0,1.0,104.0,15.447,,,0.0095,0.9905,,True,completed
341,pkw,531.0,800.0,269.0,,2155.38,0.0,16.0,253.0,38.487,,,0.0595,0.9405,,True,completed
570,pkw,733.0,800.0,67.0,,621.322,0.0,0.0,67.0,9.063,,,0.0,1.0,,True,completed
627,pkw,751.0,800.0,49.0,,445.745,1.0,1.0,48.0,7.757,,,0.0204,0.9796,,True,completed
443,pkw,624.0,801.0,177.0,,1812.614,0.0,0.0,177.0,10.662,,,0.0,1.0,,True,completed
379,pkw,568.0,806.0,238.0,,1742.876,22.0,31.0,207.0,63.282,,,0.1303,0.8697,,True,completed
418,pkw,611.0,806.0,195.0,,1824.297,0.0,1.0,194.0,23.651,,,0.0051,0.9949,,True,completed
437,pkw,620.0,807.0,187.0,,1417.198,10.0,25.0,162.0,53.233,,,0.1337,0.8663,,True,completed
581,pkw,722.0,807.0,85.0,,837.305,0.0,0.0,85.0,8.642,,,0.0,1.0,,True,completed
353,pkw,542.0,808.0,266.0,,2305.271,18.0,24.0,242.0,55.275,,,0.0902,0.9098,,True,completed
361,pkw,547.0,808.0,261.0,,1520.75,26.0,79.0,182.0,118.72,,,0.3027,0.6973,,True,completed
427,pkw,615.0,812.0,197.0,,2035.673,0.0,0.0,197.0,12.223,,,0.0,1.0,,True,completed
596,pkw,732.0,812.0,80.0,,669.666,3.0,3.0,77.0,18.182,,,0.0375,0.9625,,True,completed
510,pkw,676.0,814.0,138.0,,1455.93,0.0,0.0,138.0,5.965,,,0.0,1.0,,True,completed
464,pkw,636.0,815.0,179.0,,1623.786,0.0,10.0,169.0,29.644,,,0.0559,0.9441,,True,completed
413,pkw,608.0,816.0,208.0,,1972.698,6.0,6.0,202.0,28.831,,,0.0288,0.9712,,True,completed
501,pkw,667.0,817.0,150.0,,1469.427,0.0,0.0,150.0,11.585,,,0.0,1.0,,True,completed
184,pkw,324.0,818.0,494.0,,2804.139,88.0,164.0,330.0,218.297,,,0.332,0.668,,True,completed
571,pkw,716.0,819.0,103.0,,974.046,0.0,0.0,103.0,9.099,,,0.0,1.0,,True,completed
600,pkw,736.0,820.0,84.0,,765.39,0.0,0.0,84.0,12.39,,,0.0,1.0,,True,completed
399,pkw,599.0,821.0,222.0,,1859.862,0.0,22.0,200.0,43.305,,,0.0991,0.9009,,True,completed
577,pkw,719.0,821.0,102.0,,974.27,0.0,0.0,102.0,9.741,,,0.0,1.0,,True,completed
449,pkw,627.0,822.0,195.0,,1977.755,0.0,1.0,194.0,15.171,,,0.0051,0.9949,,True,completed
659,pkw,784.0,822.0,38.0,,371.164,0.0,0.0,38.0,3.595,,,0.0,1.0,,True,completed
16,pkw,22.0,823.0,801.0,,3070.913,18.0,484.0,317.0,522.668,,,0.6042,0.3958,,True,completed
451,pkw,628.0,825.0,197.0,,1510.079,17.0,33.0,164.0,59.79,,,0.1675,0.8325,,True,completed
380,pkw,569.0,826.0,257.0,,2333.787,3.0,12.0,245.0,38.41,,,0.0467,0.9533,,True,completed
590,pkw,729.0,827.0,98.0,,664.311,27.0,27.0,71.0,37.211,,,0.2755,0.7245,,True,completed
657,pkw,773.0,828.0,55.0,,479.53,2.0,2.0,53.0,10.842,,,0.0364,0.9636,,True,completed
592,pkw,730.0,830.0,100.0,,867.752,6.0,6.0,94.0,19.993,,,0.06,0.94,,True,completed
628,pkw,752.0,833.0,81.0,,735.543,6.0,6.0,75.0,13.801,,,0.0741,0.9259,,True,completed
634,pkw,755.0,834.0,79.0,,726.236,0.0,0.0,79.0,9.181,,,0.0,1.0,,True,completed
522,pkw,684.0,835.0,151.0,,1325.708,5.0,5.0,146.0,19.36,,,0.0331,0.9669,,True,completed
622,pkw,748.0,841.0,93.0,,952.847,0.0,0.0,93.0,5.21,,,0.0,1.0,,True,completed
416,pkw,610.0,844.0,234.0,,2144.638,13.0,18.0,216.0,38.273,,,0.0769,0.9231,,True,completed
384,pkw,577.0,845.0,268.0,,2078.466,1.0,39.0,229.0,65.91,,,0.1455,0.8545,,True,completed
462,pkw,636.0,845.0,209.0,,2106.868,0.0,0.0,209.0,15.38,,,0.0,1.0,,True,completed
512,pkw,678.0,845.0,167.0,,1535.342,0.0,9.0,158.0,25.327,,,0.0539,0.9461,,True,completed
385,pkw,579.0,846.0,267.0,,1793.598,21.0,62.0,205.0,93.877,,,0.2322,0.7678,,True,completed
423,pkw,613.0,846.0,233.0,,1954.953,0.0,24.0,209.0,43.458,,,0.103,0.897,,True,completed
525,pkw,685.0,847.0,162.0,,1270.583,7.0,25.0,137.0,45.855,,,0.1543,0.8457,,True,completed
576,pkw,718.0,848.0,130.0,,885.042,0.0,0.0,130.0,14.271,,,0.0,1.0,,True,completed
664,pkw,778.0,849.0,71.0,,744.646,0.0,0.0,71.0,2.981,,,0.0,1.0,,True,completed
556,pkw,706.0,851.0,145.0,,1365.124,0.0,0.0,145.0,11.206,,,0.0,1.0,,True,completed
505,pkw,669.0,854.0,185.0,,1827.741,0.0,0.0,185.0,18.797,,,0.0,1.0,,True,completed
615,pkw,742.0,854.0,112.0,,1148.317,0.0,0.0,112.0,6.762,,,0.0,1.0,,True,completed
564,pkw,710.0,855.0,145.0,,1079.988,36.0,38.0,107.0,46.8,,,0.2621,0.7379,,True,completed
444,pkw,624.0,858.0,234.0,,2145.483,0.0,8.0,226.0,36.941,,,0.0342,0.9658,,True,completed
554,pkw,703.0,858.0,155.0,,1329.516,1.0,3.0,152.0,25.073,,,0.0194,0.9806,,True,completed
651,pkw,770.0,858.0,88.0,,752.155,6.0,6.0,82.0,18.155,,,0.0682,0.9318,,True,completed
319,pkw,508.0,860.0,352.0,,1964.764,2.0,103.0,249.0,154.153,,,0.2926,0.7074,,True,completed
686,pkw,791.0,860.0,69.0,,581.226,2.0,2.0,67.0,15.689,,,0.029,0.971,,True,completed
494,pkw,664.0,861.0,197.0,,2018.649,0.0,0.0,197.0,11.834,,,0.0,1.0,,True,completed
555,pkw,706.0,863.0,157.0,,1414.026,5.0,6.0,151.0,28.352,,,0.0382,0.9618,,True,completed
42,pkw,74.0,868.0,794.0,,1854.279,19.0,589.0,205.0,623.812,,,0.7418,0.2582,,True,completed
643,pkw,765.0,869.0,104.0,,1008.292,0.0,0.0,104.0,9.461,,,0.0,1.0,,True,completed
390,pkw,587.0,870.0,283.0,,1966.12,29.0,40.0,243.0,91.375,,,0.1413,0.8587,,True,completed
446,pkw,625.0,870.0,245.0,,2462.245,0.0,0.0,245.0,21.045,,,0.0,1.0,,True,completed
293,pkw,472.0,872.0,400.0,,2776.563,0.0,114.0,286.0,143.967,,,0.285,0.715,,True,completed
441,pkw,622.0,873.0,251.0,,2144.209,10.0,15.0,236.0,47.193,,,0.0598,0.9402,,True,completed
305,pkw,484.0,876.0,392.0,,2097.915,86.0,140.0,252.0,190.7,,,0.3571,0.6429,,True,completed
500,pkw,667.0,876.0,209.0,,1818.015,4.0,14.0,195.0,42.544,,,0.067,0.933,,True,completed
415,pkw,609.0,878.0,269.0,,2131.704,0.0,7.0,262.0,37.689,,,0.026,0.974,,True,completed
689,pkw,793.0,879.0,86.0,,652.731,12.0,12.0,74.0,25.336,,,0.1395,0.8605,,True,completed
487,pkw,655.0,882.0,227.0,,1727.938,30.0,53.0,174.0,70.213,,,0.2335,0.7665,,True,completed
419,pkw,612.0,884.0,272.0,,1962.751,61.0,66.0,206.0,91.326,,,0.2426,0.7574,,True,completed
520,pkw,682.0,885.0,203.0,,1963.404,1.0,1.0,202.0,21.643,,,0.0049,0.9951,,True,completed
614,pkw,742.0,886.0,144.0,,1243.698,7.0,7.0,137.0,21.25,,,0.0486,0.9514,,True,completed
470,pkw,639.0,887.0,248.0,,2222.17,0.0,8.0,240.0,33.504,,,0.0323,0.9677,,True,completed
566,pkw,711.0,887.0,176.0,,1132.267,29.0,42.0,134.0,57.646,,,0.2386,0.7614,,True,completed
291,pkw,471.0,888.0,417.0,,3069.515,77.0,89.0,328.0,133.243,,,0.2134,0.7866,,True,completed
404,pkw,602.0,889.0,287.0,,2248.713,0.0,4.0,283.0,42.089,,,0.0139,0.9861,,True,completed
422,pkw,613.0,890.0,277.0,,2286.577,28.0,30.0,247.0,65.308,,,0.1083,0.8917,,True,completed
371,pkw,556.0,891.0,335.0,,2162.366,70.0,121.0,214.0,138.592,,,0.3612,0.6388,,True,completed
439,pkw,621.0,891.0,270.0,,2604.405,7.0,13.0,257.0,33.846,,,0.0481,0.9519,,True,completed
434,pkw,619.0,893.0,274.0,,2019.043,51.0,67.0,207.0,90.759,,,0.2445,0.7555,,True,completed
376,pkw,564.0,894.0,330.0,,2218.768,5.0,68.0,262.0,126.049,,,0.2061,0.7939,,True,completed
620,pkw,745.0,894.0,149.0,,982.9,32.0,32.0,117.0,48.015,,,0.2148,0.7852,,True,completed
593,pkw,730.0,896.0,166.0,,1374.661,12.0,18.0,148.0,40.503,,,0.1084,0.8916,,True,completed
321,pkw,509.0,897.0,388.0,,2801.685,0.0,69.0,319.0,115.536,,,0.1778,0.8222,,True,completed
467,pkw,639.0,898.0,259.0,,2208.786,0.0,0.0,259.0,24.049,,,0.0,1.0,,True,completed
569,pkw,714.0,899.0,185.0,,1840.808,0.0,0.0,185.0,14.92,,,0.0,1.0,,True,completed
440,pkw,621.0,900.0,279.0,,1963.843,51.0,71.0,208.0,100.141,,,0.2545,0.7455,,True,completed
448,pkw,627.0,900.0,273.0,,2667.132,0.0,4.0,269.0,30.722,,,0.0147,0.9853,,True,completed
743,pkw,830.0,901.0,71.0,,728.369,0.0,0.0,71.0,4.446,,,0.0,1.0,,True,completed
541,pkw,695.0,905.0,210.0,,1486.117,10.0,53.0,157.0,72.392,,,0.2524,0.7476,,True,completed
709,pkw,808.0,905.0,97.0,,809.641,2.0,3.0,94.0,13.475,,,0.0309,0.9691,,True,completed
542,pkw,696.0,907.0,211.0,,1682.385,16.0,37.0,174.0,57.009,,,0.1754,0.8246,,True,completed
430,pkw,617.0,909.0,292.0,,2108.512,42.0,65.0,227.0,99.753,,,0.2226,0.7774,,True,completed
340,pkw,531.0,910.0,379.0,,2548.364,40.0,100.0,279.0,146.307,,,0.2639,0.7361,,True,completed
611,pkw,740.0,910.0,170.0,,1445.588,9.0,21.0,149.0,37.386,,,0.1235,0.8765,,True,completed
519,pkw,682.0,911.0,229.0,,1818.957,0.0,18.0,211.0,47.471,,,0.0786,0.9214,,True,completed
573,pkw,717.0,911.0,194.0,,1541.48,10.0,20.0,174.0,44.369,,,0.1031,0.8969,,True,completed
338,pkw,527.0,915.0,388.0,,2765.639,48.0,102.0,286.0,129.971,,,0.2629,0.7371,,True,completed
574,pkw,718.0,915.0,197.0,,1881.782,9.0,9.0,188.0,25.749,,,0.0457,0.9543,,True,completed
618,pkw,744.0,918.0,174.0,,1270.666,36.0,39.0,135.0,57.754,,,0.2241,0.7759,,True,completed
672,pkw,782.0,918.0,136.0,,1135.932,13.0,13.0,123.0,31.394,,,0.0956,0.9044,,True,completed
630,pkw,753.0,919.0,166.0,,1702.187,0.0,0.0,166.0,9.994,,,0.0,1.0,,True,completed
426,pkw,615.0,920.0,305.0,,2197.472,33.0,56.0,249.0,89.881,,,0.1836,0.8164,,True,completed
484,pkw,651.0,922.0,271.0,,1819.507,15.0,63.0,208.0,98.152,,,0.2325,0.7675,,True,completed
524,pkw,684.0,924.0,240.0,,1862.613,0.0,21.0,219.0,56.735,,,0.0875,0.9125,,True,completed
761,pkw,844.0,925.0,81.0,,637.218,7.0,7.0,74.0,22.65,,,0.0864,0.9136,,True,completed
463,pkw,636.0,927.0,291.0,,2338.846,0.0,24.0,267.0,53.697,,,0.0825,0.9175,,True,completed
137,pkw,245.0,929.0,684.0,,1907.762,86.0,444.0,240.0,495.478,,,0.6491,0.3509,,True,completed
526,pkw,685.0,932.0,247.0,,2199.672,10.0,19.0,228.0,46.931,,,0.0769,0.9231,,True,completed
533,pkw,690.0,936.0,246.0,,2142.426,0.0,8.0,238.0,37.97,,,0.0325,0.9675,,True,completed
605,pkw,737.0,936.0,199.0,,1724.099,25.0,25.0,174.0,40.034,,,0.1256,0.8744,,True,completed
381,pkw,573.0,937.0,364.0,,2565.011,71.0,89.0,275.0,129.921,,,0.2445,0.7555,,True,completed
459,pkw,633.0,938.0,305.0,,1531.687,30.0,136.0,169.0,165.737,,,0.4459,0.5541,,True,completed
631,pkw,753.0,938.0,185.0,,1644.248,9.0,18.0,167.0,35.918,,,0.0973,0.9027,,True,completed
769,pkw,846.0,938.0,92.0,,690.197,20.0,20.0,72.0,28.882,,,0.2174,0.7826,,True,completed
789,pkw,862.0,943.0,81.0,,665.679,8.0,8.0,73.0,17.497,,,0.0988,0.9012,,True,completed
760,pkw,843.0,946.0,103.0,,689.146,18.0,18.0,85.0,34.734,,,0.1748,0.8252,,True,completed
475,pkw,643.0,949.0,306.0,,2435.559,1.0,63.0,243.0,84.674,,,0.2059,0.7941,,True,completed
674,pkw,783.0,949.0,166.0,,1525.412,0.0,0.0,166.0,9.107,,,0.0,1.0,,True,completed
472,pkw,640.0,952.0,312.0,,2874.864,4.0,16.0,296.0,50.212,,,0.0513,0.9487,,True,completed
79,pkw,138.0,952.0,814.0,,1693.494,58.0,625.0,189.0,645.795,,,0.7678,0.2322,,True,completed
683,pkw,791.0,954.0,163.0,,1272.718,13.0,13.0,150.0,35.578,,,0.0798,0.9202,,True,completed
584,pkw,724.0,955.0,231.0,,1889.858,5.0,25.0,206.0,57.504,,,0.1082,0.8918,,True,completed
624,pkw,749.0,956.0,207.0,,1760.175,0.0,0.0,207.0,16.548,,,0.0,1.0,,True,completed
480,pkw,649.0,957.0,308.0,,2570.555,21.0,32.0,276.0,66.177,,,0.1039,0.8961,,True,completed
652,pkw,771.0,959.0,188.0,,1885.773,0.0,0.0,188.0,15.933,,,0.0,1.0,,True,completed
717,pkw,811.0,959.0,148.0,,1214.329,4.0,4.0,144.0,23.627,,,0.027,0.973,,True,completed
676,pkw,783.0,960.0,177.0,,1281.874,0.0,0.0,177.0,15.995,,,0.0,1.0,,True,completed
552,pkw,702.0,962.0,260.0,,2338.602,10.0,15.0,245.0,45.479,,,0.0577,0.9423,,True,completed
632,pkw,754.0,963.0,209.0,,1303.443,26.0,43.0,166.0,84.662,,,0.2057,0.7943,,True,completed
473,pkw,640.0,964.0,324.0,,2547.342,21.0,64.0,260.0,92.264,,,0.1975,0.8025,,True,completed
641,pkw,763.0,964.0,201.0,,1364.341,23.0,29.0,172.0,57.614,,,0.1443,0.8557,,True,completed
687,pkw,792.0,964.0,172.0,,1399.552,15.0,15.0,157.0,43.389,,,0.0872,0.9128,,True,completed
734,pkw,823.0,964.0,141.0,,1129.701,11.0,15.0,126.0,37.12,,,0.1064,0.8936,,True,completed
655,pkw,772.0,965.0,193.0,,1906.958,1.0,1.0,192.0,18.509,,,0.0052,0.9948,,True,completed
798,pkw,869.0,965.0,96.0,,904.923,4.0,4.0,92.0,12.568,,,0.0417,0.9583,,True,completed
751,pkw,834.0,966.0,132.0,,1103.82,14.0,14.0,118.0,27.379,,,0.1061,0.8939,,True,completed
518,pkw,682.0,967.0,285.0,,2618.738,0.0,11.0,274.0,37.397,,,0.0386,0.9614,,True,completed
658,pkw,773.0,969.0,196.0,,1924.086,9.0,9.0,187.0,21.405,,,0.0459,0.9541,,True,completed
529,pkw,687.0,974.0,287.0,,1499.479,45.0,107.0,180.0,138.255,,,0.3728,0.6272,,True,completed
588,pkw,728.0,975.0,247.0,,2559.558,0.0,0.0,247.0,13.927,,,0.0,1.0,,True,completed
486,pkw,652.0,977.0,325.0,,3084.65,0.0,4.0,321.0,32.677,,,0.0123,0.9877,,True,completed
550,pkw,701.0,977.0,276.0,,2124.172,11.0,34.0,242.0,66.906,,,0.1232,0.8768,,True,completed
825,pkw,891.0,978.0,87.0,,673.974,6.0,6.0,81.0,20.509,,,0.069,0.931,,True,completed
824,pkw,890.0,979.0,89.0,,658.756,14.0,14.0,75.0,27.892,,,0.1573,0.8427,,True,completed
458,pkw,633.0,980.0,347.0,,1563.395,18.0,160.0,187.0,205.07,,,0.4611,0.5389,,True,completed
543,pkw,697.0,980.0,283.0,,2205.906,0.0,2.0,281.0,31.1,,,0.0071,0.9929,,True,completed
603,pkw,736.0,980.0,244.0,,2268.151,0.0,0.0,244.0,15.382,,,0.0,1.0,,True,completed
586,pkw,724.0,981.0,257.0,,2462.727,0.0,14.0,243.0,33.965,,,0.0545,0.9455,,True,completed
853,pkw,906.0,983.0,77.0,,610.428,12.0,12.0,65.0,21.061,,,0.1558,0.8442,,True,completed
479,pkw,648.0,985.0,337.0,,1443.536,23.0,155.0,182.0,205.881,,,0.4599,0.5401,,True,completed
699,pkw,802.0,985.0,183.0,,1480.033,14.0,17.0,166.0,48.155,,,0.0929,0.9071,,True,completed
716,pkw,809.0,985.0,176.0,,1374.398,18.0,18.0,158.0,50.241,,,0.1023,0.8977,,True,completed
640,pkw,762.0,986.0,224.0,,2129.427,3.0,3.0,221.0,28.386,,,0.0134,0.9866,,True,completed
856,pkw,909.0,986.0,77.0,,735.145,0.0,0.0,77.0,9.37,,,0.0,1.0,,True,completed
727,pkw,816.0,988.0,172.0,,1527.041,7.0,7.0,165.0,32.727,,,0.0407,0.9593,,True,completed
653,pkw,771.0,989.0,218.0,,409.85,66.0,125.0,93.0,171.942,,,0.5734,0.4266,,True,completed
702,pkw,803.0,990.0,187.0,,1700.114,0.0,0.0,187.0,13.404,,,0.0,1.0,,True,completed
879,pkw,920.0,990.0,70.0,,732.298,0.0,0.0,70.0,3.092,,,0.0,1.0,,True,completed
532,pkw,689.0,991.0,302.0,,2315.534,0.0,68.0,234.0,91.275,,,0.2252,0.7748,,True,completed
551,pkw,701.0,994.0,293.0,,2607.778,0.0,30.0,263.0,55.675,,,0.1024,0.8976,,True,completed
685,pkw,791.0,994.0,203.0,,1740.818,15.0,15.0,188.0,40.05,,,0.0739,0.9261,,True,completed
690,pkw,795.0,996.0,201.0,,1901.963,0.0,10.0,191.0,26.538,,,0.0498,0.9502,,True,completed
807,pkw,879.0,996.0,117.0,,969.358,8.0,8.0,109.0,19.059,,,0.0684,0.9316,,True,completed
642,pkw,765.0,997.0,232.0,,1628.365,20.0,36.0,196.0,77.383,,,0.1552,0.8448,,True,completed
772,pkw,848.0,998.0,150.0,,1160.8,1.0,2.0,148.0,18.553,,,0.0133,0.9867,,True,completed
827,pkw,891.0,999.0,108.0,,762.967,20.0,20.0,88.0,32.192,,,0.1852,0.8148,,True,completed
894,pkw,926.0,999.0,73.0,,594.851,7.0,7.0,66.0,17.687,,,0.0959,0.9041,,True,completed
548,pkw,700.0,1002.0,302.0,,1666.305,55.0,115.0,187.0,148.996,,,0.3808,0.6192,,True,completed
750,pkw,834.0,1002.0,168.0,,1558.254,3.0,4.0,164.0,25.821,,,0.0238,0.9762,,True,completed
861,pkw,912.0,1004.0,92.0,,779.179,0.0,0.0,92.0,13.608,,,0.0,1.0,,True,completed
547,pkw,700.0,1005.0,305.0,,1633.95,53.0,100.0,205.0,144.394,,,0.3279,0.6721,,True,completed
752,pkw,836.0,1005.0,169.0,,1576.679,10.0,10.0,159.0,24.676,,,0.0592,0.9408,,True,completed
232,pkw,396.0,1007.0,611.0,,2899.553,72.0,221.0,390.0,301.023,,,0.3617,0.6383,,True,completed
546,pkw,698.0,1008.0,310.0,,2088.362,0.0,44.0,266.0,79.634,,,0.1419,0.8581,,True,completed
478,pkw,645.0,1010.0,365.0,,2373.334,60.0,120.0,245.0,144.075,,,0.3288,0.6712,,True,completed
849,pkw,904.0,1010.0,106.0,,1115.09,0.0,0.0,106.0,4.641,,,0.0,1.0,,True,completed
869,pkw,915.0,1010.0,95.0,,803.792,0.0,0.0,95.0,9.901,,,0.0,1.0,,True,completed
409,pkw,606.0,1011.0,405.0,,2265.459,0.0,162.0,243.0,199.995,,,0.4,0.6,,True,completed
310,pkw,491.0,1013.0,522.0,,1710.335,91.0,316.0,206.0,342.05,,,0.6054,0.3946,,True,completed
637,pkw,756.0,1014.0,258.0,,2490.248,0.0,0.0,258.0,21.048,,,0.0,1.0,,True,completed
790,pkw,863.0,1014.0,151.0,,1471.361,0.0,0.0,151.0,10.697,,,0.0,1.0,,True,completed
912,pkw,935.0,1015.0,80.0,,658.022,3.0,3.0,77.0,18.926,,,0.0375,0.9625,,True,completed
502,pkw,668.0,1019.0,351.0,,1830.906,4.0,115.0,236.0,184.343,,,0.3276,0.6724,,True,completed
583,pkw,723.0,1019.0,296.0,,1627.467,57.0,84.0,212.0,136.684,,,0.2838,0.7162,,True,completed
984,pkw,974.0,1021.0,47.0,,381.694,0.0,0.0,47.0,7.05,,,0.0,1.0,,True,completed
788,pkw,861.0,1023.0,162.0,,1495.806,0.0,4.0,158.0,18.868,,,0.0247,0.9753,,True,completed
919,pkw,939.0,1026.0,87.0,,856.384,0.0,0.0,87.0,8.283,,,0.0,1.0,,True,completed
694,pkw,798.0,1028.0,230.0,,1539.03,43.0,44.0,186.0,88.753,,,0.1913,0.8087,,True,completed
580,pkw,721.0,1029.0,308.0,,1995.633,31.0,84.0,224.0,126.385,,,0.2727,0.7273,,True,completed
920,pkw,940.0,1029.0,89.0,,855.824,0.0,0.0,89.0,9.16,,,0.0,1.0,,True,completed
758,pkw,841.0,1030.0,189.0,,1326.223,6.0,19.0,170.0,66.427,,,0.1005,0.8995,,True,completed
781,pkw,856.0,1030.0,174.0,,1770.474,0.0,0.0,174.0,9.957,,,0.0,1.0,,True,completed
667,pkw,780.0,1032.0,252.0,,2244.365,2.0,10.0,242.0,45.906,,,0.0397,0.9603,,True,completed
762,pkw,844.0,1033.0,189.0,,1668.161,11.0,11.0,178.0,35.862,,,0.0582,0.9418,,True,completed
793,pkw,865.0,1033.0,168.0,,1351.07,18.0,21.0,147.0,44.479,,,0.125,0.875,,True,completed
957,pkw,959.0,1033.0,74.0,,661.168,0.0,0.0,74.0,4.566,,,0.0,1.0,,True,completed
922,pkw,940.0,1036.0,96.0,,970.633,0.0,0.0,96.0,6.509,,,0.0,1.0,,True,completed
732,pkw,831.0,1037.0,206.0,,1834.579,6.0,6.0,200.0,23.779,,,0.0291,0.9709,,True,completed
211,pkw,364.0,1039.0,675.0,,2251.008,2.0,435.0,240.0,466.302,,,0.6444,0.3556,,True,completed
455,pkw,632.0,1039.0,407.0,,980.678,58.0,230.0,177.0,298.142,,,0.5651,0.4349,,True,completed
893,pkw,926.0,1041.0,115.0,,1001.014,8.0,8.0,107.0,23.122,,,0.0696,0.9304,,True,completed
625,pkw,750.0,1042.0,292.0,,2009.999,37.0,37.0,255.0,91.888,,,0.1267,0.8733,,True,completed
700,pkw,802.0,1042.0,240.0,,1882.403,6.0,17.0,223.0,50.711,,,0.0708,0.9292,,True,completed
719,pkw,811.0,1042.0,231.0,,1703.533,24.0,24.0,207.0,74.639,,,0.1039,0.8961,,True,completed
903,pkw,932.0,1042.0,110.0,,948.404,6.0,6.0,104.0,22.84,,,0.0545,0.9455,,True,completed
670,pkw,781.0,1043.0,262.0,,1425.311,87.0,99.0,163.0,130.911,,,0.3779,0.6221,,True,completed
771,pkw,847.0,1043.0,196.0,,1914.334,0.0,0.0,196.0,13.838,,,0.0,1.0,,True,completed
428,pkw,617.0,1044.0,427.0,,2288.282,9.0,149.0,278.0,215.203,,,0.3489,0.6511,,True,completed
918,pkw,939.0,1046.0,107.0,,872.073,0.0,0.0,107.0,8.713,,,0.0,1.0,,True,completed
864,pkw,914.0,1047.0,133.0,,1391.925,0.0,0.0,133.0,6.725,,,0.0,1.0,,True,completed
927,pkw,943.0,1047.0,104.0,,1068.005,0.0,0.0,104.0,6.66,,,0.0,1.0,,True,completed
697,pkw,801.0,1051.0,250.0,,1631.255,28.0,77.0,173.0,100.821,,,0.308,0.692,,True,completed
675,pkw,783.0,1053.0,270.0,,2432.909,3.0,25.0,245.0,49.668,,,0.0926,0.9074,,True,completed
693,pkw,796.0,1054.0,258.0,,1490.636,28.0,74.0,184.0,118.972,,,0.2868,0.7132,,True,completed
572,pkw,717.0,1055.0,338.0,,2952.403,3.0,26.0,312.0,62.763,,,0.0769,0.9231,,True,completed
540,pkw,693.0,1056.0,363.0,,1911.17,41.0,132.0,231.0,184.425,,,0.3636,0.6364,,True,completed
597,pkw,734.0,1057.0,323.0,,2190.166,35.0,52.0,271.0,112.099,,,0.161,0.839,,True,completed
810,pkw,881.0,1057.0,176.0,,1633.705,10.0,10.0,166.0,26.215,,,0.0568,0.9432,,True,completed
728,pkw,816.0,1059.0,243.0,,2268.423,0.0,7.0,236.0,29.906,,,0.0288,0.9712,,True,completed
327,pkw,512.0,1060.0,548.0,,1920.02,100.0,300.0,248.0,314.676,,,0.5474,0.4526,,True,completed
12,pkw,15.0,1062.0,1047.0,,2629.152,73.0,771.0,276.0,805.542,,,0.7364,0.2636,,True,completed
777,pkw,851.0,1062.0,211.0,,1214.262,29.0,46.0,165.0,93.807,,,0.218,0.782,,True,completed
544,pkw,698.0,1063.0,365.0,,1347.952,29.0,169.0,196.0,233.554,,,0.463,0.537,,True,completed
567,pkw,712.0,1065.0,353.0,,2502.097,22.0,73.0,280.0,124.709,,,0.2068,0.7932,,True,completed
516,pkw,681.0,1066.0,385.0,,2501.286,3.0,95.0,290.0,132.701,,,0.2468,0.7532,,True,completed
636,pkw,755.0,1066.0,311.0,,1025.934,80.0,160.0,151.0,217.311,,,0.5145,0.4855,,True,completed
1064,pkw,1022.0,1067.0,45.0,,460.203,0.0,0.0,45.0,2.146,,,0.0,1.0,,True,completed
829,pkw,894.0,1067.0,173.0,,1623.183,0.0,0.0,173.0,15.213,,,0.0,1.0,,True,completed
246,pkw,416.0,1069.0,653.0,,2103.738,0.0,432.0,221.0,461.522,,,0.6616,0.3384,,True,completed
705,pkw,805.0,1069.0,264.0,,2253.138,2.0,25.0,239.0,59.689,,,0.0947,0.9053,,True,completed
969,pkw,965.0,1069.0,104.0,,949.44,0.0,0.0,104.0,8.722,,,0.0,1.0,,True,completed
509,pkw,675.0,1070.0,395.0,,2208.624,17.0,117.0,278.0,165.034,,,0.2962,0.7038,,True,completed
1031,pkw,1002.0,1073.0,71.0,,744.41,0.0,0.0,71.0,3.002,,,0.0,1.0,,True,completed
1085,pkw,1032.0,1074.0,42.0,,436.955,0.0,0.0,42.0,1.674,,,0.0,1.0,,True,completed
671,pkw,781.0,1074.0,293.0,,2338.672,10.0,31.0,262.0,78.365,,,0.1058,0.8942,,True,completed
854,pkw,907.0,1074.0,167.0,,1692.557,0.0,0.0,167.0,12.322,,,0.0,1.0,,True,completed
606,pkw,738.0,1075.0,337.0,,1910.189,12.0,100.0,237.0,152.188,,,0.2967,0.7033,,True,completed
990,pkw,980.0,1079.0,99.0,,929.243,2.0,2.0,97.0,13.305,,,0.0202,0.9798,,True,completed
1098,pkw,1038.0,1080.0,42.0,,435.552,0.0,0.0,42.0,1.8,,,0.0,1.0,,True,completed
714,pkw,809.0,1080.0,271.0,,1885.374,16.0,17.0,254.0,54.431,,,0.0627,0.9373,,True,completed
786,pkw,859.0,1080.0,221.0,,1832.659,39.0,39.0,182.0,54.437,,,0.1765,0.8235,,True,completed
818,pkw,887.0,1080.0,193.0,,1727.606,11.0,11.0,182.0,36.405,,,0.057,0.943,,True,completed
843,pkw,902.0,1080.0,178.0,,1413.011,15.0,31.0,147.0,49.082,,,0.1742,0.8258,,True,completed
587,pkw,728.0,1082.0,354.0,,2549.369,13.0,61.0,293.0,118.56,,,0.1723,0.8277,,True,completed
1029,pkw,1001.0,1086.0,85.0,,604.426,17.0,17.0,68.0,29.601,,,0.2,0.8,,True,completed
906,pkw,933.0,1086.0,153.0,,1444.568,0.0,0.0,153.0,9.915,,,0.0,1.0,,True,completed
907,pkw,933.0,1086.0,153.0,,999.118,23.0,23.0,130.0,42.597,,,0.1503,0.8497,,True,completed
602,pkw,736.0,1090.0,354.0,,2400.084,10.0,59.0,295.0,121.023,,,0.1667,0.8333,,True,completed
660,pkw,775.0,1090.0,315.0,,2684.923,5.0,13.0,302.0,46.787,,,0.0413,0.9587,,True,completed
974,pkw,968.0,1090.0,122.0,,1205.418,0.0,0.0,122.0,12.033,,,0.0,1.0,,True,completed
1040,pkw,1008.0,1091.0,83.0,,730.641,1.0,1.0,82.0,12.241,,,0.012,0.988,,True,completed
872,pkw,915.0,1091.0,176.0,,1568.561,0.0,9.0,167.0,25.063,,,0.0511,0.9489,,True,completed
939,pkw,949.0,1092.0,143.0,,1220.34,6.0,6.0,137.0,25.583,,,0.042,0.958,,True,completed
1022,pkw,998.0,1093.0,95.0,,872.164,1.0,1.0,94.0,14.66,,,0.0105,0.9895,,True,completed
938,pkw,949.0,1093.0,144.0,,1145.846,23.0,23.0,121.0,35.087,,,0.1597,0.8403,,True,completed
1130,pkw,1051.0,1094.0,43.0,,442.675,0.0,0.0,43.0,1.954,,,0.0,1.0,,True,completed
730,pkw,818.0,1097.0,279.0,,1685.846,26.0,59.0,220.0,124.17,,,0.2115,0.7885,,True,completed
264,pkw,438.0,1100.0,662.0,,3180.546,9.0,228.0,434.0,330.6,,,0.3444,0.6556,,True,completed
726,pkw,815.0,1100.0,285.0,,1693.761,23.0,41.0,244.0,121.514,,,0.1439,0.8561,,True,completed
801,pkw,873.0,1100.0,227.0,,1261.096,64.0,82.0,145.0,111.696,,,0.3612,0.6388,,True,completed
639,pkw,758.0,1101.0,343.0,,1792.202,85.0,138.0,205.0,171.342,,,0.4023,0.5977,,True,completed
794,pkw,866.0,1101.0,235.0,,1850.386,7.0,17.0,218.0,59.427,,,0.0723,0.9277,,True,completed
649,pkw,769.0,1102.0,333.0,,2244.569,1.0,35.0,298.0,105.699,,,0.1051,0.8949,,True,completed
980,pkw,970.0,1102.0,132.0,,983.213,20.0,20.0,112.0,33.667,,,0.1515,0.8485,,True,completed
828,pkw,891.0,1103.0,212.0,,1974.873,1.0,2.0,210.0,30.163,,,0.0094,0.9906,,True,completed
838,pkw,901.0,1103.0,202.0,,1267.62,23.0,31.0,171.0,85.732,,,0.1535,0.8465,,True,completed
1072,pkw,1027.0,1104.0,77.0,,739.624,0.0,0.0,77.0,8.376,,,0.0,1.0,,True,completed
902,pkw,932.0,1104.0,172.0,,1612.569,5.0,5.0,167.0,25.363,,,0.0291,0.9709,,True,completed
915,pkw,936.0,1104.0,168.0,,1621.741,3.0,3.0,165.0,20.264,,,0.0179,0.9821,,True,completed
808,pkw,880.0,1105.0,225.0,,1815.975,0.0,13.0,212.0,41.35,,,0.0578,0.9422,,True,completed
959,pkw,960.0,1106.0,146.0,,1110.472,14.0,18.0,128.0,42.797,,,0.1233,0.8767,,True,completed
735,pkw,824.0,1107.0,283.0,,2336.401,20.0,34.0,249.0,70.454,,,0.1201,0.8799,,True,completed
763,pkw,844.0,1108.0,264.0,,1705.758,35.0,40.0,224.0,107.906,,,0.1515,0.8485,,True,completed
688,pkw,793.0,1109.0,316.0,,2600.719,5.0,48.0,268.0,80.321,,,0.1519,0.8481,,True,completed
1063,pkw,1022.0,1111.0,89.0,,840.652,4.0,4.0,85.0,12.268,,,0.0449,0.9551,,True,completed
835,pkw,899.0,1113.0,214.0,,1861.963,0.0,6.0,208.0,26.731,,,0.028,0.972,,True,completed
987,pkw,976.0,1114.0,138.0,,1455.295,0.0,0.0,138.0,6.022,,,0.0,1.0,,True,completed
956,pkw,959.0,1115.0,156.0,,1509.661,1.0,1.0,155.0,17.494,,,0.0064,0.9936,,True,completed
645,pkw,766.0,1116.0,350.0,,2577.992,0.0,33.0,317.0,66.146,,,0.0943,0.9057,,True,completed
753,pkw,837.0,1116.0,279.0,,1500.834,18.0,89.0,190.0,135.319,,,0.319,0.681,,True,completed
511,pkw,677.0,1117.0,440.0,,2651.153,0.0,120.0,320.0,199.718,,,0.2727,0.7273,,True,completed
816,pkw,886.0,1117.0,231.0,,1092.977,32.0,33.0,198.0,99.952,,,0.1429,0.8571,,True,completed
859,pkw,912.0,1117.0,205.0,,1684.984,12.0,25.0,180.0,46.352,,,0.122,0.878,,True,completed
871,pkw,915.0,1117.0,202.0,,2040.31,0.0,0.0,202.0,16.963,,,0.0,1.0,,True,completed
782,pkw,856.0,1118.0,262.0,,2016.124,7.0,7.0,255.0,72.693,,,0.0267,0.9733,,True,completed
952,pkw,958.0,1118.0,160.0,,1338.845,21.0,21.0,139.0,34.41,,,0.1313,0.8688,,True,completed
767,pkw,846.0,1120.0,274.0,,2620.51,7.0,7.0,267.0,35.889,,,0.0255,0.9745,,True,completed
860,pkw,911.0,1120.0,209.0,,1823.733,0.0,0.0,209.0,18.278,,,0.0,1.0,,True,completed
775,pkw,850.0,1121.0,271.0,,1614.427,10.0,58.0,213.0,114.802,,,0.214,0.786,,True,completed
812,pkw,881.0,1122.0,241.0,,1347.439,51.0,80.0,161.0,109.907,,,0.332,0.668,,True,completed
746,pkw,831.0,1124.0,293.0,,1641.411,50.0,83.0,210.0,137.403,,,0.2833,0.7167,,True,completed
820,pkw,888.0,1125.0,237.0,,2438.64,1.0,1.0,236.0,15.239,,,0.0042,0.9958,,True,completed
989,pkw,978.0,1125.0,147.0,,1207.268,0.0,0.0,147.0,11.164,,,0.0,1.0,,True,completed
496,pkw,665.0,1126.0,461.0,,2512.687,0.0,147.0,314.0,213.354,,,0.3189,0.6811,,True,completed
1166,pkw,1073.0,1127.0,54.0,,476.323,3.0,3.0,51.0,9.723,,,0.0556,0.9444,,True,completed
797,pkw,869.0,1128.0,259.0,,2335.221,1.0,8.0,251.0,42.865,,,0.0309,0.9691,,True,completed
851,pkw,905.0,1128.0,223.0,,1689.796,0.0,36.0,187.0,67.632,,,0.1614,0.8386,,True,completed
950,pkw,956.0,1129.0,173.0,,1580.743,1.0,2.0,171.0,21.628,,,0.0116,0.9884,,True,completed
960,pkw,961.0,1129.0,168.0,,1732.69,0.0,0.0,168.0,8.457,,,0.0,1.0,,True,completed
1057,pkw,1018.0,1130.0,112.0,,886.955,0.0,0.0,112.0,9.713,,,0.0,1.0,,True,completed
591,pkw,730.0,1130.0,400.0,,1829.467,9.0,160.0,240.0,232.755,,,0.4,0.6,,True,completed
711,pkw,807.0,1133.0,326.0,,2441.244,6.0,42.0,284.0,98.021,,,0.1288,0.8712,,True,completed
1131,pkw,1052.0,1134.0,82.0,,737.313,6.0,6.0,76.0,14.641,,,0.0732,0.9268,,True,completed
994,pkw,982.0,1134.0,152.0,,1486.754,0.0,0.0,152.0,14.593,,,0.0,1.0,,True,completed
1194,pkw,1088.0,1135.0,47.0,,158.041,20.0,20.0,27.0,31.776,,,0.4255,0.5745,,True,completed
821,pkw,890.0,1135.0,245.0,,1175.305,27.0,110.0,135.0,133.465,,,0.449,0.551,,True,completed
949,pkw,956.0,1135.0,179.0,,504.038,64.0,107.0,72.0,131.313,,,0.5978,0.4022,,True,completed
997,pkw,984.0,1135.0,151.0,,1328.182,3.0,3.0,148.0,21.985,,,0.0199,0.9801,,True,completed
929,pkw,943.0,1136.0,193.0,,1814.94,0.0,2.0,191.0,18.079,,,0.0104,0.9896,,True,completed
545,pkw,732.0,1137.0,405.0,,2002.047,61.0,156.0,249.0,220.846,,,0.3852,0.6148,,True,completed
684,pkw,791.0,1137.0,346.0,,2166.043,47.0,109.0,237.0,149.09,,,0.315,0.685,,True,completed
940,pkw,950.0,1137.0,187.0,,1601.617,1.0,1.0,186.0,19.954,,,0.0053,0.9947,,True,completed
1025,pkw,1019.0,1138.0,119.0,,986.375,11.0,13.0,106.0,29.023,,,0.1092,0.8908,,True,completed
1053,pkw,1016.0,1138.0,122.0,,973.287,11.0,11.0,111.0,28.473,,,0.0902,0.9098,,True,completed
1077,pkw,1029.0,1139.0,110.0,,673.589,36.0,36.0,74.0,48.298,,,0.3273,0.6727,,True,completed
49,pkw,87.0,1139.0,1052.0,,3018.536,58.0,723.0,329.0,770.013,,,0.6873,0.3127,,True,completed
925,pkw,942.0,1140.0,198.0,,1241.904,51.0,51.0,147.0,84.009,,,0.2576,0.7424,,True,completed
947,pkw,955.0,1140.0,185.0,,1720.972,12.0,12.0,173.0,28.662,,,0.0649,0.9351,,True,completed
973,pkw,967.0,1140.0,173.0,,1470.393,14.0,14.0,159.0,31.794,,,0.0809,0.9191,,True,completed
1044,pkw,1010.0,1141.0,131.0,,1078.985,15.0,15.0,116.0,32.89,,,0.1145,0.8855,,True,completed
1058,pkw,1019.0,1141.0,122.0,,971.474,10.0,10.0,112.0,26.731,,,0.082,0.918,,True,completed
875,pkw,918.0,1141.0,223.0,,888.434,45.0,107.0,116.0,137.366,,,0.4798,0.5202,,True,completed
1071,pkw,1026.0,1142.0,116.0,,1113.152,0.0,0.0,116.0,11.869,,,0.0,1.0,,True,completed
207,pkw,355.0,1142.0,787.0,,3422.078,2.0,425.0,362.0,469.695,,,0.54,0.46,,True,completed
880,pkw,920.0,1142.0,222.0,,1403.943,19.0,34.0,188.0,88.127,,,0.1532,0.8468,,True,completed
1078,pkw,1030.0,1143.0,113.0,,1110.129,0.0,0.0,113.0,8.648,,,0.0,1.0,,True,completed
737,pkw,825.0,1143.0,318.0,,1771.889,41.0,97.0,221.0,154.818,,,0.305,0.695,,True,completed
892,pkw,925.0,1143.0,218.0,,1839.109,20.0,25.0,193.0,50.164,,,0.1147,0.8853,,True,completed
1014,pkw,993.0,1145.0,152.0,,693.869,39.0,39.0,113.0,86.25,,,0.2566,0.7434,,True,completed
389,pkw,586.0,1146.0,560.0,,2744.844,31.0,194.0,366.0,298.722,,,0.3464,0.6536,,True,completed
904,pkw,932.0,1146.0,214.0,,982.34,59.0,76.0,138.0,117.216,,,0.3551,0.6449,,True,completed
1201,pkw,1091.0,1147.0,56.0,,536.173,0.0,0.0,56.0,5.779,,,0.0,1.0,,True,completed
840,pkw,902.0,1147.0,245.0,,1860.837,10.0,10.0,235.0,73.852,,,0.0408,0.9592,,True,completed
692,pkw,795.0,1148.0,353.0,,2580.776,6.0,26.0,327.0,93.563,,,0.0737,0.9263,,True,completed
1128,pkw,1051.0,1149.0,98.0,,806.603,9.0,10.0,88.0,16.477,,,0.102,0.898,,True,completed
663,pkw,776.0,1149.0,373.0,,2266.74,44.0,125.0,248.0,165.253,,,0.3351,0.6649,,True,completed
1155,pkw,1067.0,1152.0,85.0,,803.267,0.0,0.0,85.0,4.69,,,0.0,1.0,,True,completed
1202,pkw,1091.0,1152.0,61.0,,589.162,0.0,0.0,61.0,6.975,,,0.0,1.0,,True,completed
1035,pkw,1006.0,1153.0,147.0,,1063.62,11.0,20.0,127.0,34.94,,,0.1361,0.8639,,True,completed
1107,pkw,1042.0,1154.0,112.0,,1149.089,0.0,0.0,112.0,6.707,,,0.0,1.0,,True,completed
1118,pkw,1048.0,1155.0,107.0,,753.692,20.0,20.0,87.0,36.262,,,0.1869,0.8131,,True,completed
1151,pkw,1065.0,1155.0,90.0,,740.223,3.0,3.0,87.0,20.993,,,0.0333,0.9667,,True,completed
765,pkw,845.0,1155.0,310.0,,2242.112,2.0,51.0,259.0,98.361,,,0.1645,0.8355,,True,completed
842,pkw,902.0,1157.0,255.0,,2399.15,8.0,12.0,243.0,36.869,,,0.0471,0.9529,,True,completed
1003,pkw,987.0,1158.0,171.0,,1498.138,3.0,3.0,168.0,26.067,,,0.0175,0.9825,,True,completed
805,pkw,877.0,1161.0,284.0,,2086.49,0.0,42.0,242.0,78.132,,,0.1479,0.8521,,True,completed
1032,pkw,1003.0,1165.0,162.0,,1331.061,13.0,14.0,148.0,35.062,,,0.0864,0.9136,,True,completed
1046,pkw,1011.0,1168.0,157.0,,1139.904,15.0,15.0,142.0,37.702,,,0.0955,0.9045,,True,completed
633,pkw,754.0,1169.0,415.0,,3033.616,0.0,51.0,364.0,125.656,,,0.1229,0.8771,,True,completed
1115,pkw,1045.0,1170.0,125.0,,985.95,0.0,0.0,125.0,12.872,,,0.0,1.0,,True,completed
691,pkw,795.0,1172.0,377.0,,2436.268,85.0,114.0,263.0,143.347,,,0.3024,0.6976,,True,completed
963,pkw,963.0,1172.0,209.0,,1969.261,3.0,4.0,205.0,29.988,,,0.0191,0.9809,,True,completed
1192,pkw,1087.0,1174.0,87.0,,881.793,0.0,0.0,87.0,5.824,,,0.0,1.0,,True,completed
968,pkw,965.0,1174.0,209.0,,1796.126,11.0,11.0,198.0,38.422,,,0.0526,0.9474,,True,completed
935,pkw,946.0,1177.0,231.0,,1847.732,9.0,14.0,217.0,59.733,,,0.0606,0.9394,,True,completed
1105,pkw,1041.0,1178.0,137.0,,1122.684,17.0,20.0,117.0,33.803,,,0.146,0.854,,True,completed
779,pkw,854.0,1178.0,324.0,,2579.463,0.0,0.0,324.0,39.838,,,0.0,1.0,,True,completed
1061,pkw,1021.0,1179.0,158.0,,547.693,64.0,70.0,88.0,106.786,,,0.443,0.557,,True,completed
1141,pkw,1055.0,1179.0,124.0,,1085.836,0.0,8.0,116.0,23.976,,,0.0645,0.9355,,True,completed
1225,pkw,1106.0,1180.0,74.0,,762.374,0.0,0.0,74.0,4.386,,,0.0,1.0,,True,completed
941,pkw,950.0,1180.0,230.0,,2266.15,2.0,2.0,228.0,22.497,,,0.0087,0.9913,,True,completed
1120,pkw,1048.0,1181.0,133.0,,1399.982,0.0,0.0,133.0,6.0,,,0.0,1.0,,True,completed
1152,pkw,1066.0,1181.0,115.0,,1166.772,0.0,0.0,115.0,5.739,,,0.0,1.0,,True,completed
680,pkw,788.0,1181.0,393.0,,1644.384,49.0,180.0,213.0,240.955,,,0.458,0.542,,True,completed
736,pkw,824.0,1182.0,358.0,,2917.1,0.0,59.0,299.0,93.202,,,0.1648,0.8352,,True,completed
1160,pkw,1069.0,1183.0,114.0,,893.536,0.0,0.0,114.0,29.706,,,0.0,1.0,,True,completed
1111,pkw,1044.0,1185.0,141.0,,1271.184,13.0,13.0,128.0,24.604,,,0.0922,0.9078,,True,completed
347,pkw,539.0,1185.0,646.0,,2335.465,46.0,401.0,245.0,433.695,,,0.6207,0.3793,,True,completed
966,pkw,965.0,1185.0,220.0,,1805.754,37.0,37.0,183.0,54.766,,,0.1682,0.8318,,True,completed
978,pkw,969.0,1189.0,220.0,,1827.728,33.0,33.0,187.0,52.901,,,0.15,0.85,,True,completed
1054,pkw,1017.0,1190.0,173.0,,1537.802,8.0,8.0,165.0,30.898,,,0.0462,0.9538,,True,completed
992,pkw,981.0,1190.0,209.0,,1909.321,16.0,16.0,193.0,33.734,,,0.0766,0.9234,,True,completed
1139,pkw,1055.0,1191.0,136.0,,726.758,49.0,49.0,87.0,65.64,,,0.3603,0.6397,,True,completed
1109,pkw,1043.0,1192.0,149.0,,1405.982,3.0,3.0,146.0,19.979,,,0.0201,0.9799,,True,completed
796,pkw,867.0,1192.0,325.0,,1992.352,43.0,98.0,227.0,141.565,,,0.3015,0.6985,,True,completed
778,pkw,852.0,1193.0,341.0,,1730.531,66.0,103.0,238.0,172.821,,,0.3021,0.6979,,True,completed
914,pkw,936.0,1194.0,258.0,,2118.305,0.0,0.0,258.0,23.571,,,0.0,1.0,,True,completed
975,pkw,968.0,1194.0,226.0,,1558.555,48.0,48.0,178.0,83.172,,,0.2124,0.7876,,True,completed
1059,pkw,1019.0,1195.0,176.0,,1805.174,0.0,0.0,176.0,11.512,,,0.0,1.0,,True,completed
1079,pkw,1030.0,1197.0,167.0,,1225.399,18.0,28.0,139.0,54.12,,,0.1677,0.8323,,True,completed
1252,pkw,1119.0,1198.0,79.0,,673.01,6.0,6.0,73.0,16.569,,,0.0759,0.9241,,True,completed
682,pkw,789.0,1200.0,411.0,,2288.053,69.0,121.0,290.0,202.422,,,0.2944,0.7056,,True,completed
870,pkw,915.0,1200.0,285.0,,2201.78,10.0,17.0,268.0,78.708,,,0.0596,0.9404,,True,completed
1102,pkw,1134.0,1201.0,67.0,,677.805,0.0,0.0,67.0,4.239,,,0.0,1.0,,True,completed
792,pkw,865.0,1201.0,336.0,,2207.498,43.0,76.0,260.0,133.619,,,0.2262,0.7738,,True,completed
885,pkw,922.0,1202.0,280.0,,2134.013,39.0,49.0,231.0,82.811,,,0.175,0.825,,True,completed
1050,pkw,1014.0,1203.0,189.0,,1838.64,0.0,0.0,189.0,15.041,,,0.0,1.0,,True,completed
888,pkw,924.0,1203.0,279.0,,2141.717,14.0,25.0,254.0,83.558,,,0.0896,0.9104,,True,completed
1068,pkw,1024.0,1204.0,180.0,,1831.35,0.0,0.0,180.0,12.27,,,0.0,1.0,,True,completed
937,pkw,949.0,1204.0,255.0,,2441.336,5.0,10.0,245.0,32.519,,,0.0392,0.9608,,True,completed
1000,pkw,985.0,1206.0,221.0,,1270.888,64.0,77.0,144.0,105.232,,,0.3484,0.6516,,True,completed
1230,pkw,1108.0,1207.0,99.0,,871.827,0.0,0.0,99.0,18.81,,,0.0,1.0,,True,completed
638,pkw,756.0,1207.0,451.0,,1965.264,55.0,200.0,251.0,267.52,,,0.4435,0.5565,,True,completed
988,pkw,981.0,1207.0,226.0,,2034.262,0.0,12.0,214.0,41.606,,,0.0531,0.9469,,True,completed
1106,pkw,1042.0,1209.0,167.0,,1245.63,20.0,20.0,147.0,46.143,,,0.1198,0.8802,,True,completed
995,pkw,982.0,1211.0,229.0,,1960.481,2.0,6.0,223.0,48.085,,,0.0262,0.9738,,True,completed
923,pkw,940.0,1212.0,272.0,,2019.151,15.0,27.0,245.0,84.168,,,0.0993,0.9007,,True,completed
1055,pkw,1017.0,1213.0,196.0,,1541.732,13.0,16.0,180.0,49.255,,,0.0816,0.9184,,True,completed
928,pkw,943.0,1213.0,270.0,,2439.849,1.0,13.0,257.0,48.253,,,0.0481,0.9519,,True,completed
933,pkw,945.0,1216.0,271.0,,2190.624,28.0,30.0,241.0,71.061,,,0.1107,0.8893,,True,completed
1017,pkw,996.0,1217.0,221.0,,1690.356,8.0,17.0,204.0,49.237,,,0.0769,0.9231,,True,completed
1034,pkw,1006.0,1221.0,215.0,,1413.096,64.0,66.0,149.0,86.149,,,0.307,0.693,,True,completed
1302,pkw,1146.0,1221.0,75.0,,694.298,3.0,3.0,72.0,11.513,,,0.04,0.96,,True,completed
1271,pkw,1130.0,1222.0,92.0,,725.226,17.0,17.0,75.0,25.729,,,0.1848,0.8152,,True,completed
855,pkw,908.0,1222.0,314.0,,1762.795,43.0,93.0,221.0,144.821,,,0.2962,0.7038,,True,completed
895,pkw,927.0,1222.0,295.0,,2660.572,16.0,19.0,276.0,53.496,,,0.0644,0.9356,,True,completed
1084,pkw,1032.0,1223.0,191.0,,1885.542,3.0,3.0,188.0,19.023,,,0.0157,0.9843,,True,completed
884,pkw,923.0,1223.0,300.0,,1688.398,42.0,84.0,216.0,139.818,,,0.28,0.72,,True,completed
1294,pkw,1144.0,1224.0,80.0,,633.726,6.0,6.0,74.0,21.964,,,0.075,0.925,,True,completed
756,pkw,840.0,1224.0,384.0,,2795.062,0.0,56.0,328.0,101.563,,,0.1458,0.8542,,True,completed
1135,pkw,1053.0,1225.0,172.0,,1638.535,0.0,4.0,168.0,23.53,,,0.0233,0.9767,,True,completed
1238,pkw,1111.0,1226.0,115.0,,846.425,0.0,0.0,115.0,12.288,,,0.0,1.0,,True,completed
1004,pkw,989.0,1229.0,240.0,,1972.537,36.0,38.0,202.0,59.294,,,0.1583,0.8417,,True,completed
1097,pkw,1038.0,1232.0,194.0,,1537.361,3.0,26.0,168.0,53.882,,,0.134,0.866,,True,completed
1015,pkw,993.0,1233.0,240.0,,1528.314,7.0,71.0,169.0,101.155,,,0.2958,0.7042,,True,completed
1329,pkw,1160.0,1233.0,73.0,,692.209,0.0,0.0,73.0,8.655,,,0.0,1.0,,True,completed
723,pkw,812.0,1233.0,421.0,,1523.453,61.0,187.0,234.0,253.352,,,0.4442,0.5558,,True,completed
945,pkw,955.0,1235.0,280.0,,1727.469,39.0,81.0,199.0,121.172,,,0.2893,0.7107,,True,completed
924,pkw,941.0,1236.0,295.0,,2333.787,41.0,44.0,251.0,71.212,,,0.1492,0.8508,,True,completed
986,pkw,975.0,1237.0,262.0,,2210.861,0.0,12.0,250.0,42.036,,,0.0458,0.9542,,True,completed
1185,pkw,1082.0,1238.0,156.0,,1137.232,29.0,32.0,124.0,50.979,,,0.2051,0.7949,,True,completed
235,pkw,400.0,1238.0,838.0,,1298.601,86.0,672.0,166.0,711.096,,,0.8019,0.1981,,True,completed
1261,pkw,1124.0,1241.0,117.0,,778.434,17.0,19.0,98.0,43.034,,,0.1624,0.8376,,True,completed
1330,pkw,1173.0,1241.0,68.0,,574.527,5.0,5.0,63.0,15.292,,,0.0735,0.9265,,True,completed
1188,pkw,1083.0,1243.0,160.0,,1276.066,8.0,8.0,152.0,32.773,,,0.05,0.95,,True,completed
720,pkw,811.0,1243.0,432.0,,1795.695,82.0,214.0,218.0,257.132,,,0.4954,0.5046,,True,completed
866,pkw,916.0,1243.0,327.0,,2021.179,51.0,90.0,237.0,143.216,,,0.2752,0.7248,,True,completed
908,pkw,933.0,1244.0,311.0,,1532.413,11.0,93.0,218.0,171.941,,,0.299,0.701,,True,completed
1303,pkw,1146.0,1245.0,99.0,,940.227,0.0,0.0,99.0,12.19,,,0.0,1.0,,True,completed
946,pkw,954.0,1245.0,291.0,,2298.049,0.0,8.0,283.0,63.886,,,0.0275,0.9725,,True,completed
1023,pkw,1000.0,1248.0,248.0,,1633.121,0.0,40.0,208.0,77.379,,,0.1613,0.8387,,True,completed
1066,pkw,1023.0,1250.0,227.0,,1629.947,0.0,32.0,195.0,72.497,,,0.141,0.859,,True,completed
1100,pkw,1039.0,1254.0,215.0,,1815.878,0.0,11.0,204.0,38.397,,,0.0512,0.9488,,True,completed
1317,pkw,1151.0,1256.0,105.0,,590.372,22.0,22.0,83.0,36.119,,,0.2095,0.7905,,True,completed
1359,pkw,1186.0,1257.0,71.0,,668.727,1.0,2.0,69.0,9.34,,,0.0282,0.9718,,True,completed
886,pkw,922.0,1257.0,335.0,,2575.905,1.0,33.0,302.0,90.097,,,0.0985,0.9015,,True,completed
1384,pkw,1198.0,1258.0,60.0,,491.444,7.0,7.0,53.0,14.77,,,0.1167,0.8833,,True,completed
665,pkw,786.0,1258.0,472.0,,2428.095,7.0,175.0,297.0,251.979,,,0.3708,0.6292,,True,completed
833,pkw,897.0,1258.0,361.0,,2791.524,0.0,36.0,325.0,76.034,,,0.0997,0.9003,,True,completed
817,pkw,886.0,1260.0,374.0,,2212.689,39.0,115.0,259.0,172.93,,,0.3075,0.6925,,True,completed
1174,pkw,1077.0,1262.0,185.0,,1442.792,14.0,14.0,171.0,34.203,,,0.0757,0.9243,,True,completed
1346,pkw,1169.0,1262.0,93.0,,754.566,9.0,9.0,84.0,22.124,,,0.0968,0.9032,,True,completed
1293,pkw,1143.0,1263.0,120.0,,687.359,38.0,38.0,82.0,51.299,,,0.3167,0.6833,,True,completed
1334,pkw,1162.0,1264.0,102.0,,670.238,26.0,26.0,76.0,35.507,,,0.2549,0.7451,,True,completed
1217,pkw,1102.0,1266.0,164.0,,1528.008,1.0,6.0,158.0,25.478,,,0.0366,0.9634,,True,completed
1090,pkw,1071.0,1267.0,196.0,,1491.691,14.0,36.0,160.0,58.989,,,0.1837,0.8163,,True,completed
942,pkw,951.0,1270.0,319.0,,1814.57,14.0,69.0,250.0,149.511,,,0.2163,0.7837,,True,completed
1210,pkw,1096.0,1271.0,175.0,,1485.25,3.0,12.0,163.0,35.302,,,0.0686,0.9314,,True,completed
999,pkw,984.0,1272.0,288.0,,1871.126,11.0,47.0,241.0,111.861,,,0.1632,0.8368,,True,completed
1033,pkw,1005.0,1276.0,271.0,,1973.199,0.0,30.0,241.0,91.807,,,0.1107,0.8893,,True,completed
998,pkw,984.0,1277.0,293.0,,2619.886,6.0,19.0,274.0,54.989,,,0.0648,0.9352,,True,completed
1259,pkw,1123.0,1278.0,155.0,,1126.127,0.0,16.0,139.0,49.998,,,0.1032,0.8968,,True,completed
1372,pkw,1190.0,1278.0,88.0,,686.762,0.0,0.0,88.0,6.7,,,0.0,1.0,,True,completed
1126,pkw,1050.0,1281.0,231.0,,2012.653,4.0,4.0,227.0,28.428,,,0.0173,0.9827,,True,completed
1189,pkw,1084.0,1281.0,197.0,,1912.184,2.0,2.0,195.0,22.178,,,0.0102,0.9898,,True,completed
985,pkw,977.0,1282.0,305.0,,1620.51,34.0,92.0,213.0,154.853,,,0.3016,0.6984,,True,completed
1093,pkw,1036.0,1283.0,247.0,,1817.488,0.0,18.0,229.0,52.762,,,0.0729,0.9271,,True,completed
1354,pkw,1182.0,1283.0,101.0,,983.51,0.0,1.0,100.0,11.034,,,0.0099,0.9901,,True,completed
1187,pkw,1083.0,1284.0,201.0,,1899.844,0.0,1.0,200.0,18.068,,,0.005,0.995,,True,completed
1444,pkw,1238.0,1284.0,46.0,,470.801,0.0,0.0,46.0,2.628,,,0.0,1.0,,True,completed
1074,pkw,1028.0,1285.0,257.0,,2065.877,19.0,26.0,231.0,68.483,,,0.1012,0.8988,,True,completed
1207,pkw,1095.0,1286.0,191.0,,1896.165,0.0,0.0,191.0,11.854,,,0.0,1.0,,True,completed
1306,pkw,1147.0,1286.0,139.0,,1166.867,1.0,5.0,134.0,23.126,,,0.036,0.964,,True,completed
1075,pkw,1028.0,1291.0,263.0,,2556.14,0.0,0.0,263.0,19.413,,,0.0,1.0,,True,completed
1021,pkw,998.0,1292.0,294.0,,2089.161,0.0,28.0,266.0,63.916,,,0.0952,0.9048,,True,completed
832,pkw,895.0,1293.0,398.0,,2129.449,23.0,86.0,312.0,154.509,,,0.2161,0.7839,,True,completed
1007,pkw,990.0,1294.0,304.0,,1688.652,0.0,78.0,226.0,118.226,,,0.2566,0.7434,,True,completed
1443,pkw,1238.0,1296.0,58.0,,571.533,0.0,0.0,58.0,3.1,,,0.0,1.0,,True,completed
1248,pkw,1116.0,1297.0,181.0,,1528.86,14.0,14.0,167.0,35.581,,,0.0773,0.9227,,True,completed
1345,pkw,1169.0,1297.0,128.0,,1104.666,0.0,0.0,128.0,10.775,,,0.0,1.0,,True,completed
1020,pkw,998.0,1298.0,300.0,,2335.876,0.0,64.0,236.0,88.203,,,0.2133,0.7867,,True,completed
1086,pkw,1034.0,1299.0,265.0,,2195.214,5.0,17.0,248.0,49.122,,,0.0642,0.9358,,True,completed
1387,pkw,1202.0,1299.0,97.0,,971.702,0.0,0.0,97.0,7.312,,,0.0,1.0,,True,completed
1124,pkw,1049.0,1301.0,252.0,,1763.87,4.0,12.0,240.0,46.035,,,0.0476,0.9524,,True,completed
1401,pkw,1209.0,1305.0,96.0,,731.815,14.0,14.0,82.0,28.304,,,0.1458,0.8542,,True,completed
944,pkw,952.0,1305.0,353.0,,3088.223,0.0,8.0,345.0,53.236,,,0.0227,0.9773,,True,completed
1157,pkw,1067.0,1307.0,240.0,,2040.428,0.0,32.0,208.0,54.346,,,0.1333,0.8667,,True,completed
740,pkw,827.0,1309.0,482.0,,1480.338,77.0,257.0,225.0,335.912,,,0.5332,0.4668,,True,completed
844,pkw,902.0,1309.0,407.0,,2246.927,0.0,53.0,354.0,137.058,,,0.1302,0.8698,,True,completed
874,pkw,921.0,1309.0,388.0,,2028.585,58.0,137.0,251.0,203.808,,,0.3531,0.6469,,True,completed
1073,pkw,1028.0,1310.0,282.0,,2555.53,0.0,14.0,268.0,45.274,,,0.0496,0.9504,,True,completed
857,pkw,909.0,1311.0,402.0,,2126.269,0.0,91.0,311.0,179.219,,,0.2264,0.7736,,True,completed
876,pkw,925.0,1311.0,386.0,,2023.304,56.0,131.0,255.0,201.614,,,0.3394,0.6606,,True,completed
344,pkw,534.0,1312.0,778.0,,1684.03,98.0,592.0,186.0,624.655,,,0.7609,0.2391,,True,completed
1092,pkw,1036.0,1314.0,278.0,,2404.727,0.0,17.0,261.0,50.044,,,0.0612,0.9388,,True,completed
623,pkw,748.0,1316.0,568.0,,2672.36,52.0,216.0,352.0,321.302,,,0.3803,0.6197,,True,completed
713,pkw,808.0,1316.0,508.0,,2865.568,14.0,148.0,360.0,243.6,,,0.2913,0.7087,,True,completed
1247,pkw,1115.0,1317.0,202.0,,1690.307,9.0,18.0,184.0,41.921,,,0.0891,0.9109,,True,completed
1480,pkw,1274.0,1317.0,43.0,,380.535,0.0,0.0,43.0,3.633,,,0.0,1.0,,True,completed
1200,pkw,1091.0,1319.0,228.0,,1743.696,14.0,28.0,200.0,63.305,,,0.1228,0.8772,,True,completed
1270,pkw,1130.0,1319.0,189.0,,1877.989,0.0,0.0,189.0,16.48,,,0.0,1.0,,True,completed
1080,pkw,1030.0,1322.0,292.0,,2599.524,9.0,18.0,274.0,54.867,,,0.0616,0.9384,,True,completed
1144,pkw,1058.0,1324.0,266.0,,2071.685,31.0,44.0,222.0,75.248,,,0.1654,0.8346,,True,completed
1251,pkw,1118.0,1324.0,206.0,,1680.691,4.0,23.0,183.0,50.585,,,0.1117,0.8883,,True,completed
1070,pkw,1024.0,1325.0,301.0,,2439.044,3.0,47.0,254.0,79.794,,,0.1561,0.8439,,True,completed
346,pkw,537.0,1327.0,790.0,,1617.252,86.0,612.0,178.0,643.947,,,0.7747,0.2253,,True,completed
1321,pkw,1156.0,1332.0,176.0,,1768.802,0.0,0.0,176.0,13.464,,,0.0,1.0,,True,completed
1465,pkw,1259.0,1332.0,73.0,,665.968,0.0,0.0,73.0,4.888,,,0.0,1.0,,True,completed
1171,pkw,1075.0,1337.0,262.0,,1700.705,2.0,28.0,234.0,53.033,,,0.1069,0.8931,,True,completed
962,pkw,963.0,1337.0,374.0,,905.432,91.0,213.0,161.0,290.775,,,0.5695,0.4305,,True,completed
1424,pkw,1221.0,1338.0,117.0,,983.109,2.0,2.0,115.0,26.957,,,0.0171,0.9829,,True,completed
1430,pkw,1225.0,1338.0,113.0,,1014.885,0.0,0.0,113.0,19.524,,,0.0,1.0,,True,completed
1212,pkw,1098.0,1343.0,245.0,,2347.978,0.0,1.0,244.0,27.111,,,0.0041,0.9959,,True,completed
1471,pkw,1267.0,1343.0,76.0,,680.397,3.0,3.0,73.0,13.008,,,0.0395,0.9605,,True,completed
882,pkw,921.0,1343.0,422.0,,2369.122,85.0,155.0,267.0,195.215,,,0.3673,0.6327,,True,completed
883,pkw,928.0,1344.0,416.0,,1968.585,72.0,147.0,269.0,219.564,,,0.3534,0.6466,,True,completed
967,pkw,965.0,1345.0,380.0,,1594.289,80.0,170.0,210.0,224.643,,,0.4474,0.5526,,True,completed
1161,pkw,1069.0,1346.0,277.0,,2242.108,0.0,7.0,270.0,42.608,,,0.0253,0.9747,,True,completed
54,pkw,96.0,1346.0,1250.0,,2159.496,95.0,1027.0,223.0,1055.013,,,0.8216,0.1784,,True,completed
931,pkw,944.0,1346.0,402.0,,1794.828,55.0,183.0,219.0,231.979,,,0.4552,0.5448,,True,completed
1332,pkw,1161.0,1352.0,191.0,,1496.248,4.0,22.0,169.0,47.854,,,0.1152,0.8848,,True,completed
1340,pkw,1165.0,1353.0,188.0,,1379.666,10.0,24.0,164.0,47.476,,,0.1277,0.8723,,True,completed
1183,pkw,1081.0,1354.0,273.0,,2336.207,1.0,21.0,252.0,57.661,,,0.0769,0.9231,,True,completed
1175,pkw,1179.0,1356.0,177.0,,1609.842,6.0,8.0,169.0,29.869,,,0.0452,0.9548,,True,completed
1450,pkw,1243.0,1357.0,114.0,,1068.942,0.0,0.0,114.0,16.158,,,0.0,1.0,,True,completed
755,pkw,840.0,1359.0,519.0,,1559.27,66.0,273.0,246.0,370.141,,,0.526,0.474,,True,completed
1019,pkw,998.0,1361.0,363.0,,2706.344,2.0,46.0,317.0,107.867,,,0.1267,0.8733,,True,completed
729,pkw,817.0,1361.0,544.0,,2508.403,81.0,221.0,323.0,300.424,,,0.4062,0.5938,,True,completed
803,pkw,876.0,1363.0,487.0,,1499.672,68.0,244.0,243.0,347.049,,,0.501,0.499,,True,completed
934,pkw,945.0,1363.0,418.0,,2368.999,77.0,136.0,282.0,181.132,,,0.3254,0.6746,,True,completed
1310,pkw,1150.0,1364.0,214.0,,1610.072,0.0,31.0,183.0,57.413,,,0.1449,0.8551,,True,completed
1096,pkw,1037.0,1365.0,328.0,,2466.52,19.0,50.0,278.0,96.454,,,0.1524,0.8476,,True,completed
1227,pkw,1107.0,1368.0,261.0,,2444.901,3.0,3.0,258.0,29.996,,,0.0115,0.9885,,True,completed
1406,pkw,1213.0,1368.0,155.0,,1459.982,0.0,0.0,155.0,14.268,,,0.0,1.0,,True,completed
1504,pkw,1297.0,1368.0,71.0,,681.912,0.0,0.0,71.0,6.958,,,0.0,1.0,,True,completed
1475,pkw,1270.0,1370.0,100.0,,989.285,0.0,0.0,100.0,5.945,,,0.0,1.0,,True,completed
742,pkw,831.0,1380.0,549.0,,1557.744,55.0,308.0,241.0,332.134,,,0.561,0.439,,True,completed
1223,pkw,1105.0,1384.0,279.0,,2268.415,0.0,4.0,275.0,35.218,,,0.0143,0.9857,,True,completed
1360,pkw,1183.0,1384.0,201.0,,1590.787,0.0,16.0,185.0,41.082,,,0.0796,0.9204,,True,completed
1168,pkw,1074.0,1385.0,311.0,,2454.663,0.0,46.0,265.0,78.006,,,0.1479,0.8521,,True,completed
1457,pkw,1249.0,1386.0,137.0,,1141.534,16.0,16.0,121.0,29.333,,,0.1168,0.8832,,True,completed
1393,pkw,1202.0,1387.0,185.0,,1666.973,0.0,0.0,185.0,21.036,,,0.0,1.0,,True,completed
272,pkw,447.0,1388.0,941.0,,2383.734,8.0,677.0,264.0,723.19,,,0.7194,0.2806,,True,completed
1307,pkw,1182.0,1390.0,208.0,,1996.482,2.0,5.0,203.0,26.957,,,0.024,0.976,,True,completed
1154,pkw,1066.0,1394.0,328.0,,2579.309,0.0,8.0,320.0,53.948,,,0.0244,0.9756,,True,completed
1364,pkw,1187.0,1394.0,207.0,,1719.238,10.0,13.0,194.0,50.724,,,0.0628,0.9372,,True,completed
1542,pkw,1329.0,1394.0,65.0,,665.09,0.0,0.0,65.0,4.141,,,0.0,1.0,,True,completed
1408,pkw,1213.0,1396.0,183.0,,1425.322,14.0,23.0,160.0,48.957,,,0.1257,0.8743,,True,completed
1419,pkw,1219.0,1398.0,179.0,,1601.017,10.0,11.0,168.0,33.327,,,0.0615,0.9385,,True,completed
1451,pkw,1243.0,1398.0,155.0,,1543.095,0.0,0.0,155.0,9.947,,,0.0,1.0,,True,completed
1570,pkw,1348.0,1398.0,50.0,,433.415,2.0,3.0,47.0,9.992,,,0.06,0.94,,True,completed
1576,pkw,1353.0,1398.0,45.0,,176.792,14.0,14.0,31.0,27.144,,,0.3111,0.6889,,True,completed
97,pkw,173.0,1398.0,1225.0,,,0.0,967.0,258.0,0.0,,,0.7894,0.2106,,True,completed
1385,pkw,1199.0,1403.0,204.0,,1866.718,0.0,5.0,199.0,25.397,,,0.0245,0.9755,,True,completed
635,pkw,755.0,1404.0,649.0,,1096.729,0.0,536.0,113.0,550.586,,,0.8259,0.1741,,True,completed
677,pkw,785.0,1404.0,619.0,,2093.44,57.0,270.0,349.0,381.311,,,0.4362,0.5638,,True,completed
1442,pkw,1236.0,1408.0,172.0,,1625.934,6.0,6.0,166.0,23.518,,,0.0349,0.9651,,True,completed
1049,pkw,1014.0,1416.0,402.0,,897.209,82.0,240.0,162.0,319.621,,,0.597,0.403,,True,completed
1458,pkw,1249.0,1416.0,167.0,,1217.53,4.0,20.0,147.0,39.412,,,0.1198,0.8802,,True,completed
1601,pkw,1372.0,1417.0,45.0,,467.293,0.0,0.0,45.0,1.943,,,0.0,1.0,,True,completed
1263,pkw,1124.0,1419.0,295.0,,2917.223,0.0,2.0,293.0,22.041,,,0.0068,0.9932,,True,completed
1539,pkw,1327.0,1420.0,93.0,,944.044,0.0,0.0,93.0,5.863,,,0.0,1.0,,True,completed
1502,pkw,1292.0,1421.0,129.0,,974.147,7.0,7.0,122.0,30.166,,,0.0543,0.9457,,True,completed
800,pkw,873.0,1423.0,550.0,,2099.026,60.0,255.0,295.0,346.818,,,0.4636,0.5364,,True,completed
1538,pkw,1324.0,1425.0,101.0,,801.24,8.0,9.0,92.0,27.145,,,0.0891,0.9109,,True,completed
1137,pkw,1054.0,1426.0,372.0,,3026.838,3.0,34.0,338.0,81.17,,,0.0914,0.9086,,True,completed
1462,pkw,1254.0,1426.0,172.0,,1627.328,7.0,7.0,165.0,21.294,,,0.0407,0.9593,,True,completed
1379,pkw,1193.0,1428.0,235.0,,2300.4,0.0,6.0,229.0,25.845,,,0.0255,0.9745,,True,completed
1164,pkw,1072.0,1431.0,359.0,,1915.474,37.0,108.0,251.0,181.664,,,0.3008,0.6992,,True,completed
1404,pkw,1211.0,1432.0,221.0,,1824.328,0.0,3.0,218.0,28.231,,,0.0136,0.9864,,True,completed
1377,pkw,1191.0,1434.0,243.0,,1497.029,38.0,63.0,180.0,93.146,,,0.2593,0.7407,,True,completed
1412,pkw,1215.0,1435.0,220.0,,2049.824,4.0,8.0,212.0,33.944,,,0.0364,0.9636,,True,completed
1400,pkw,1208.0,1437.0,229.0,,2052.308,2.0,2.0,227.0,39.576,,,0.0087,0.9913,,True,completed
1520,pkw,1310.0,1439.0,129.0,,1283.106,0.0,0.0,129.0,9.69,,,0.0,1.0,,True,completed
1555,pkw,1339.0,1440.0,101.0,,819.318,17.0,17.0,84.0,25.855,,,0.1683,0.8317,,True,completed
1289,pkw,1140.0,1442.0,302.0,,2135.025,45.0,59.0,243.0,100.916,,,0.1954,0.8046,,True,completed
1374,pkw,1191.0,1443.0,252.0,,675.855,33.0,106.0,146.0,184.019,,,0.4206,0.5794,,True,completed
862,pkw,912.0,1443.0,531.0,,1963.795,51.0,252.0,279.0,351.173,,,0.4746,0.5254,,True,completed
1523,pkw,1313.0,1448.0,135.0,,901.919,10.0,14.0,121.0,51.71,,,0.1037,0.8963,,True,completed
1581,pkw,1356.0,1449.0,93.0,,537.924,23.0,24.0,69.0,42.68,,,0.2581,0.7419,,True,completed
1591,pkw,1368.0,1449.0,81.0,,748.723,1.0,1.0,80.0,11.751,,,0.0123,0.9877,,True,completed
1595,pkw,1370.0,1451.0,81.0,,742.578,0.0,0.0,81.0,12.037,,,0.0,1.0,,True,completed
1056,pkw,1018.0,1452.0,434.0,,1889.952,51.0,171.0,263.0,261.737,,,0.394,0.606,,True,completed
1119,pkw,1048.0,1452.0,404.0,,1531.567,42.0,184.0,220.0,264.012,,,0.4554,0.5446,,True,completed
1560,pkw,1342.0,1454.0,112.0,,1149.873,0.0,0.0,112.0,6.653,,,0.0,1.0,,True,completed
1389,pkw,1201.0,1458.0,257.0,,1267.155,52.0,92.0,165.0,140.889,,,0.358,0.642,,True,completed
1452,pkw,1243.0,1458.0,215.0,,1437.242,24.0,32.0,183.0,81.171,,,0.1488,0.8512,,True,completed
1209,pkw,1095.0,1459.0,364.0,,2580.688,16.0,52.0,312.0,109.179,,,0.1429,0.8571,,True,completed
1624,pkw,1391.0,1460.0,69.0,,583.385,8.0,8.0,61.0,15.495,,,0.1159,0.8841,,True,completed
1322,pkw,1156.0,1461.0,305.0,,2002.181,46.0,65.0,240.0,114.752,,,0.2131,0.7869,,True,completed
1505,pkw,1296.0,1462.0,166.0,,1687.967,0.0,0.0,166.0,11.597,,,0.0,1.0,,True,completed
1398,pkw,1205.0,1464.0,259.0,,1688.719,43.0,62.0,197.0,103.233,,,0.2394,0.7606,,True,completed
1319,pkw,1154.0,1465.0,311.0,,2576.699,0.0,1.0,310.0,32.962,,,0.0032,0.9968,,True,completed
814,pkw,883.0,1471.0,588.0,,1864.409,73.0,354.0,234.0,417.818,,,0.602,0.398,,True,completed
1016,pkw,995.0,1475.0,480.0,,2270.039,41.0,179.0,301.0,273.057,,,0.3729,0.6271,,True,completed
1383,pkw,1197.0,1475.0,278.0,,1607.566,18.0,79.0,199.0,125.865,,,0.2842,0.7158,,True,completed
1521,pkw,1310.0,1478.0,168.0,,1078.311,25.0,25.0,143.0,69.951,,,0.1488,0.8512,,True,completed
1663,pkw,1425.0,1478.0,53.0,,548.072,0.0,0.0,53.0,2.673,,,0.0,1.0,,True,completed
1422,pkw,1220.0,1483.0,263.0,,1414.309,32.0,77.0,186.0,129.921,,,0.2928,0.7072,,True,completed
1298,pkw,1145.0,1487.0,342.0,,2235.269,27.0,87.0,255.0,134.096,,,0.2544,0.7456,,True,completed
1355,pkw,1179.0,1488.0,309.0,,2207.391,15.0,59.0,250.0,102.525,,,0.1909,0.8091,,True,completed
1602,pkw,1373.0,1488.0,115.0,,1048.283,2.0,2.0,113.0,17.779,,,0.0174,0.9826,,True,completed
1397,pkw,1204.0,1492.0,288.0,,2589.38,0.0,0.0,288.0,28.227,,,0.0,1.0,,True,completed
1528,pkw,1317.0,1492.0,175.0,,1539.251,11.0,11.0,164.0,29.928,,,0.0629,0.9371,,True,completed
1698,pkw,1449.0,1494.0,45.0,,413.638,0.0,0.0,45.0,6.772,,,0.0,1.0,,True,completed
1365,pkw,1187.0,1495.0,308.0,,725.294,41.0,156.0,152.0,237.286,,,0.5065,0.4935,,True,completed
1198,pkw,1091.0,1496.0,405.0,,1281.008,29.0,180.0,225.0,281.191,,,0.4444,0.5556,,True,completed
585,pkw,724.0,1496.0,772.0,,2416.395,71.0,425.0,347.0,540.071,,,0.5505,0.4495,,True,completed
1494,pkw,1287.0,1500.0,213.0,,1501.529,5.0,8.0,205.0,59.118,,,0.0376,0.9624,,True,completed
1182,pkw,1081.0,1505.0,424.0,,1414.089,50.0,217.0,207.0,294.498,,,0.5118,0.4882,,True,completed
1454,pkw,1245.0,1508.0,263.0,,1581.823,11.0,65.0,198.0,117.376,,,0.2471,0.7529,,True,completed
1438,pkw,1234.0,1511.0,277.0,,2136.353,9.0,11.0,266.0,62.421,,,0.0397,0.9603,,True,completed
1235,pkw,1112.0,1512.0,400.0,,1209.067,28.0,177.0,223.0,276.554,,,0.4425,0.5575,,True,completed
1229,pkw,1108.0,1513.0,405.0,,1217.867,30.0,178.0,227.0,279.971,,,0.4395,0.5605,,True,completed
157,pkw,294.0,1515.0,1221.0,,1832.22,100.0,1028.0,193.0,1053.203,,,0.8419,0.1581,,True,completed
1686,pkw,1443.0,1515.0,72.0,,683.357,0.0,0.0,72.0,5.56,,,0.0,1.0,,True,completed
1702,pkw,1451.0,1515.0,64.0,,588.109,0.0,0.0,64.0,8.735,,,0.0,1.0,,True,completed
1524,pkw,1314.0,1517.0,203.0,,1840.222,6.0,9.0,194.0,31.877,,,0.0443,0.9557,,True,completed
1563,pkw,1344.0,1518.0,174.0,,1265.672,12.0,15.0,159.0,57.72,,,0.0862,0.9138,,True,completed
619,pkw,744.0,1518.0,774.0,,2333.772,29.0,408.0,366.0,547.024,,,0.5271,0.4729,,True,completed
1048,pkw,1013.0,1519.0,506.0,,,0.0,312.0,194.0,0.0,,,0.6166,0.3834,,True,completed
1507,pkw,1300.0,1521.0,221.0,,1628.779,20.0,30.0,191.0,60.882,,,0.1357,0.8643,,True,completed
1537,pkw,1323.0,1523.0,200.0,,1624.503,0.0,12.0,188.0,40.622,,,0.06,0.94,,True,completed
1613,pkw,1382.0,1524.0,142.0,,1140.827,1.0,1.0,141.0,37.059,,,0.007,0.993,,True,completed
1352,pkw,1177.0,1527.0,350.0,,2088.404,12.0,74.0,276.0,138.188,,,0.2114,0.7886,,True,completed
1710,pkw,1456.0,1531.0,75.0,,642.93,9.0,9.0,66.0,15.935,,,0.12,0.88,,True,completed
100,pkw,181.0,1532.0,1351.0,,2399.656,9.0,1012.0,339.0,1106.396,,,0.7491,0.2509,,True,completed
1486,pkw,1282.0,1535.0,253.0,,1963.761,6.0,17.0,236.0,72.616,,,0.0672,0.9328,,True,completed
1716,pkw,1462.0,1535.0,73.0,,661.378,0.0,0.0,73.0,4.225,,,0.0,1.0,,True,completed
1598,pkw,1371.0,1536.0,165.0,,1537.228,0.0,0.0,165.0,13.232,,,0.0,1.0,,True,completed
795,pkw,867.0,1536.0,669.0,,2387.969,74.0,343.0,326.0,451.156,,,0.5127,0.4873,,True,completed
1067,pkw,1024.0,1537.0,513.0,,1938.946,54.0,211.0,302.0,329.857,,,0.4113,0.5887,,True,completed
1206,pkw,1095.0,1540.0,445.0,,1500.391,52.0,200.0,245.0,306.014,,,0.4494,0.5506,,True,completed
1305,pkw,1147.0,1540.0,393.0,,1040.713,39.0,197.0,196.0,293.037,,,0.5013,0.4987,,True,completed
1557,pkw,1340.0,1540.0,200.0,,1966.049,0.0,0.0,200.0,19.824,,,0.0,1.0,,True,completed
1485,pkw,1281.0,1544.0,263.0,,1397.617,45.0,81.0,182.0,134.542,,,0.308,0.692,,True,completed
1617,pkw,1383.0,1544.0,161.0,,1277.577,5.0,6.0,155.0,32.242,,,0.0373,0.9627,,True,completed
1519,pkw,1310.0,1545.0,235.0,,1948.855,0.0,20.0,215.0,55.839,,,0.0851,0.9149,,True,completed
1125,pkw,1049.0,1547.0,498.0,,1830.598,8.0,230.0,268.0,317.725,,,0.4618,0.5382,,True,completed
1685,pkw,1442.0,1549.0,107.0,,987.461,4.0,4.0,103.0,15.897,,,0.0374,0.9626,,True,completed
951,pkw,958.0,1550.0,592.0,,2374.489,77.0,282.0,310.0,369.528,,,0.4764,0.5236,,True,completed
1540,pkw,1328.0,1552.0,224.0,,1891.961,5.0,5.0,219.0,27.019,,,0.0223,0.9777,,True,completed
1626,pkw,1393.0,1552.0,159.0,,1586.335,0.0,0.0,159.0,9.022,,,0.0,1.0,,True,completed
1253,pkw,1122.0,1555.0,433.0,,1449.486,75.0,247.0,186.0,297.641,,,0.5704,0.4296,,True,completed
1526,pkw,1316.0,1555.0,239.0,,2124.327,10.0,11.0,228.0,36.89,,,0.046,0.954,,True,completed
1170,pkw,1075.0,1558.0,483.0,,1182.989,91.0,354.0,129.0,375.209,,,0.7329,0.2671,,True,completed
890,pkw,925.0,1560.0,635.0,,1615.332,93.0,411.0,224.0,489.078,,,0.6472,0.3528,,True,completed
1145,pkw,1058.0,1561.0,503.0,,1475.086,97.0,341.0,162.0,368.172,,,0.6779,0.3221,,True,completed
1481,pkw,1275.0,1565.0,290.0,,2204.492,3.0,6.0,284.0,73.714,,,0.0207,0.9793,,True,completed
1588,pkw,1366.0,1565.0,199.0,,1671.993,7.0,7.0,192.0,34.195,,,0.0352,0.9648,,True,completed
1525,pkw,1316.0,1568.0,252.0,,2183.531,2.0,11.0,241.0,44.646,,,0.0437,0.9563,,True,completed
1163,pkw,1071.0,1569.0,498.0,,1885.977,42.0,200.0,298.0,319.045,,,0.4016,0.5984,,True,completed
1195,pkw,1088.0,1569.0,481.0,,1648.043,48.0,244.0,237.0,330.633,,,0.5073,0.4927,,True,completed
1630,pkw,1396.0,1569.0,173.0,,1492.904,3.0,4.0,169.0,27.501,,,0.0231,0.9769,,True,completed
1760,pkw,1507.0,1569.0,62.0,,534.184,2.0,2.0,60.0,10.995,,,0.0323,0.9677,,True,completed
1121,pkw,1049.0,1571.0,522.0,,2021.027,42.0,222.0,300.0,338.663,,,0.4253,0.5747,,True,completed
1148,pkw,1062.0,1571.0,509.0,,2132.348,38.0,201.0,308.0,313.718,,,0.3949,0.6051,,True,completed
1510,pkw,1301.0,1575.0,274.0,,1993.009,0.0,38.0,236.0,85.655,,,0.1387,0.8613,,True,completed
1567,pkw,1347.0,1576.0,229.0,,1830.202,0.0,0.0,229.0,18.481,,,0.0,1.0,,True,completed
1640,pkw,1405.0,1578.0,173.0,,1413.537,10.0,15.0,158.0,42.342,,,0.0867,0.9133,,True,completed
1784,pkw,1533.0,1579.0,46.0,,445.833,0.0,0.0,46.0,4.875,,,0.0,1.0,,True,completed
599,pkw,735.0,1581.0,846.0,,2904.257,63.0,403.0,443.0,549.397,,,0.4764,0.5236,,True,completed
1234,pkw,1109.0,1584.0,475.0,,1376.481,98.0,323.0,152.0,348.988,,,0.68,0.32,,True,completed
1431,pkw,1227.0,1586.0,359.0,,1912.354,50.0,126.0,233.0,178.391,,,0.351,0.649,,True,completed
1541,pkw,1328.0,1586.0,258.0,,2556.123,0.0,0.0,258.0,21.168,,,0.0,1.0,,True,completed
1218,pkw,1102.0,1588.0,486.0,,1481.378,93.0,326.0,160.0,352.588,,,0.6708,0.3292,,True,completed
1328,pkw,1160.0,1592.0,432.0,,3465.849,0.0,70.0,362.0,116.888,,,0.162,0.838,,True,completed
1661,pkw,1423.0,1593.0,170.0,,1132.123,1.0,48.0,122.0,63.715,,,0.2824,0.7176,,True,completed
1169,pkw,1075.0,1594.0,519.0,,1877.431,51.0,263.0,256.0,346.367,,,0.5067,0.4933,,True,completed
1461,pkw,1254.0,1596.0,342.0,,2296.381,0.0,66.0,276.0,119.858,,,0.193,0.807,,True,completed
1712,pkw,1458.0,1596.0,138.0,,971.815,22.0,23.0,115.0,44.327,,,0.1667,0.8333,,True,completed
1199,pkw,1091.0,1597.0,506.0,,2158.116,35.0,203.0,303.0,310.279,,,0.4012,0.5988,,True,completed
1315,pkw,1151.0,1598.0,447.0,,1838.255,40.0,181.0,266.0,269.689,,,0.4049,0.5951,,True,completed
1546,pkw,1334.0,1598.0,264.0,,2193.618,14.0,21.0,243.0,49.995,,,0.0795,0.9205,,True,completed
1709,pkw,1456.0,1600.0,144.0,,1010.346,14.0,14.0,130.0,44.824,,,0.0972,0.9028,,True,completed
1732,pkw,1484.0,1602.0,118.0,,972.105,10.0,10.0,108.0,23.723,,,0.0847,0.9153,,True,completed
1657,pkw,1418.0,1603.0,185.0,,1694.19,0.0,2.0,183.0,30.834,,,0.0108,0.9892,,True,completed
1623,pkw,1391.0,1604.0,213.0,,1742.906,14.0,14.0,199.0,49.669,,,0.0657,0.9343,,True,completed
1464,pkw,1256.0,1611.0,355.0,,3125.978,0.0,9.0,346.0,63.013,,,0.0254,0.9746,,True,completed
1173,pkw,1076.0,1615.0,539.0,,2269.388,32.0,224.0,315.0,332.01,,,0.4156,0.5844,,True,completed
1190,pkw,1084.0,1615.0,531.0,,2099.316,44.0,228.0,303.0,321.728,,,0.4294,0.5706,,True,completed
1665,pkw,1427.0,1619.0,192.0,,1588.398,10.0,16.0,176.0,40.461,,,0.0833,0.9167,,True,completed
1550,pkw,1336.0,1621.0,285.0,,2398.024,9.0,15.0,270.0,55.116,,,0.0526,0.9474,,True,completed
295,pkw,475.0,1621.0,1146.0,,2379.051,97.0,886.0,260.0,930.432,,,0.7731,0.2269,,True,completed
1812,pkw,1574.0,1622.0,48.0,,372.957,0.0,0.0,48.0,3.963,,,0.0,1.0,,True,completed
408,pkw,605.0,1623.0,1018.0,,1113.557,96.0,877.0,141.0,906.743,,,0.8615,0.1385,,True,completed
391,pkw,593.0,1627.0,1034.0,,1328.591,91.0,883.0,151.0,913.435,,,0.854,0.146,,True,completed
1232,pkw,1109.0,1630.0,521.0,,1887.526,47.0,179.0,342.0,311.949,,,0.3436,0.6564,,True,completed
1356,pkw,1180.0,1633.0,453.0,,3294.906,0.0,50.0,403.0,136.585,,,0.1104,0.8896,,True,completed
1748,pkw,1494.0,1633.0,139.0,,1155.66,0.0,9.0,130.0,31.244,,,0.0647,0.9353,,True,completed
1208,pkw,1095.0,1636.0,541.0,,2354.679,20.0,217.0,324.0,326.96,,,0.4011,0.5989,,True,completed
1653,pkw,1415.0,1636.0,221.0,,1829.774,0.0,0.0,221.0,18.369,,,0.0,1.0,,True,completed
1700,pkw,1450.0,1637.0,187.0,,1614.323,17.0,17.0,170.0,36.721,,,0.0909,0.9091,,True,completed
1129,pkw,1051.0,1639.0,588.0,,1878.15,42.0,235.0,353.0,381.269,,,0.3997,0.6003,,True,completed
1283,pkw,1137.0,1642.0,505.0,,1497.936,17.0,237.0,268.0,362.87,,,0.4693,0.5307,,True,completed
1593,pkw,1369.0,1645.0,276.0,,2242.377,2.0,11.0,265.0,47.738,,,0.0399,0.9601,,True,completed
1790,pkw,1539.0,1645.0,106.0,,787.561,7.0,9.0,97.0,32.516,,,0.0849,0.9151,,True,completed
1287,pkw,1140.0,1646.0,506.0,,1557.529,52.0,282.0,224.0,361.299,,,0.5573,0.4427,,True,completed
1658,pkw,1422.0,1649.0,227.0,,1903.829,5.0,12.0,215.0,48.64,,,0.0529,0.9471,,True,completed
1743,pkw,1491.0,1651.0,160.0,,1505.622,0.0,10.0,150.0,23.493,,,0.0625,0.9375,,True,completed
66,pkw,117.0,1651.0,1534.0,,2318.427,95.0,1280.0,254.0,1319.155,,,0.8344,0.1656,,True,completed
1205,pkw,1093.0,1653.0,560.0,,2553.892,53.0,231.0,329.0,327.4,,,0.4125,0.5875,,True,completed
1609,pkw,1381.0,1653.0,272.0,,1061.338,25.0,75.0,197.0,169.25,,,0.2757,0.7243,,True,completed
1793,pkw,1543.0,1656.0,113.0,,1077.424,0.0,0.0,113.0,13.74,,,0.0,1.0,,True,completed
1112,pkw,1044.0,1658.0,614.0,,2335.614,37.0,267.0,347.0,384.52,,,0.4349,0.5651,,True,completed
1634,pkw,1398.0,1658.0,260.0,,730.261,19.0,99.0,161.0,187.499,,,0.3808,0.6192,,True,completed
1726,pkw,1477.0,1660.0,183.0,,1629.047,6.0,6.0,177.0,33.779,,,0.0328,0.9672,,True,completed
1735,pkw,1487.0,1660.0,173.0,,1729.829,0.0,4.0,169.0,16.169,,,0.0231,0.9769,,True,completed
1426,pkw,1222.0,1661.0,439.0,,841.318,33.0,226.0,213.0,359.04,,,0.5148,0.4852,,True,completed
1632,pkw,1398.0,1661.0,263.0,,2347.951,0.0,20.0,243.0,45.937,,,0.076,0.924,,True,completed
1369,pkw,1190.0,1667.0,477.0,,1171.042,17.0,230.0,247.0,368.212,,,0.4822,0.5178,,True,completed
1629,pkw,1395.0,1667.0,272.0,,1123.529,14.0,60.0,212.0,153.542,,,0.2206,0.7794,,True,completed
1095,pkw,1037.0,1668.0,631.0,,3045.754,57.0,239.0,392.0,349.933,,,0.3788,0.6212,,True,completed
1579,pkw,1355.0,1669.0,314.0,,1491.938,0.0,76.0,238.0,161.679,,,0.242,0.758,,True,completed
1153,pkw,1066.0,1670.0,604.0,,1962.94,46.0,322.0,282.0,419.927,,,0.5331,0.4669,,True,completed
1571,pkw,1349.0,1670.0,321.0,,1830.744,5.0,95.0,226.0,141.039,,,0.296,0.704,,True,completed
1010,pkw,991.0,1671.0,680.0,,2617.667,0.0,338.0,342.0,364.712,,,0.4971,0.5029,,True,completed
1244,pkw,1112.0,1672.0,560.0,,1524.796,68.0,305.0,255.0,414.344,,,0.5446,0.4554,,True,completed
1642,pkw,1407.0,1674.0,267.0,,2443.097,1.0,11.0,256.0,40.533,,,0.0412,0.9588,,True,completed
387,pkw,581.0,1674.0,1093.0,,1799.29,100.0,777.0,316.0,809.881,,,0.7109,0.2891,,True,completed
1250,pkw,1117.0,1676.0,559.0,,2359.487,20.0,239.0,320.0,345.011,,,0.4275,0.5725,,True,completed
1752,pkw,1501.0,1678.0,177.0,,1267.161,18.0,39.0,138.0,60.866,,,0.2203,0.7797,,True,completed
1811,pkw,1570.0,1678.0,108.0,,987.768,4.0,4.0,104.0,13.827,,,0.037,0.963,,True,completed
1142,pkw,1055.0,1679.0,624.0,,2794.931,5.0,332.0,292.0,365.957,,,0.5321,0.4679,,True,completed
1655,pkw,1416.0,1680.0,264.0,,1528.281,92.0,98.0,166.0,124.135,,,0.3712,0.6288,,True,completed
1672,pkw,1432.0,1680.0,248.0,,2118.294,4.0,5.0,243.0,46.148,,,0.0202,0.9798,,True,completed
1764,pkw,1511.0,1680.0,169.0,,1462.475,12.0,12.0,157.0,35.673,,,0.071,0.929,,True,completed
1636,pkw,1401.0,1681.0,280.0,,2259.157,7.0,14.0,266.0,63.954,,,0.05,0.95,,True,completed
1714,pkw,1461.0,1684.0,223.0,,2053.215,0.0,19.0,204.0,36.978,,,0.0852,0.9148,,True,completed
562,pkw,710.0,1685.0,975.0,,1173.96,100.0,780.0,195.0,801.071,,,0.8,0.2,,True,completed
1789,pkw,1539.0,1687.0,148.0,,1412.906,4.0,4.0,144.0,19.808,,,0.027,0.973,,True,completed
646,pkw,767.0,1688.0,921.0,,,0.0,511.0,410.0,0.0,,,0.5548,0.4452,,True,completed
1729,pkw,1480.0,1689.0,209.0,,2041.363,0.0,0.0,209.0,14.833,,,0.0,1.0,,True,completed
1708,pkw,1456.0,1696.0,240.0,,2016.311,0.0,26.0,214.0,47.468,,,0.1083,0.8917,,True,completed
1721,pkw,1467.0,1701.0,234.0,,2229.834,0.0,3.0,231.0,27.051,,,0.0128,0.9872,,True,completed
1782,pkw,1533.0,1704.0,171.0,,1548.113,3.0,12.0,159.0,29.893,,,0.0702,0.9298,,True,completed
1421,pkw,1220.0,1707.0,487.0,,2004.968,22.0,126.0,361.0,264.007,,,0.2587,0.7413,,True,completed
1460,pkw,1251.0,1707.0,456.0,,1820.21,29.0,119.0,337.0,250.247,,,0.261,0.739,,True,completed
1690,pkw,1445.0,1707.0,262.0,,2240.925,29.0,29.0,233.0,50.18,,,0.1107,0.8893,,True,completed
1736,pkw,1487.0,1709.0,222.0,,1915.657,6.0,18.0,204.0,44.677,,,0.0811,0.9189,,True,completed
1833,pkw,1606.0,1709.0,103.0,,1053.998,0.0,0.0,103.0,7.139,,,0.0,1.0,,True,completed
955,pkw,959.0,1710.0,751.0,,2054.329,68.0,395.0,356.0,531.917,,,0.526,0.474,,True,completed
1747,pkw,1494.0,1713.0,219.0,,1063.473,18.0,33.0,186.0,111.191,,,0.1507,0.8493,,True,completed
1405,pkw,1212.0,1715.0,503.0,,1965.657,66.0,224.0,279.0,322.451,,,0.4453,0.5547,,True,completed
1882,pkw,1668.0,1718.0,50.0,,453.77,2.0,2.0,48.0,8.16,,,0.04,0.96,,True,completed
378,pkw,566.0,1719.0,1153.0,,2534.936,17.0,835.0,318.0,922.643,,,0.7242,0.2758,,True,completed
1489,pkw,1284.0,1720.0,436.0,,900.649,80.0,265.0,171.0,352.899,,,0.6078,0.3922,,True,completed
1342,pkw,1167.0,1721.0,554.0,,2088.188,18.0,267.0,287.0,363.903,,,0.4819,0.5181,,True,completed
1177,pkw,1080.0,1725.0,645.0,,2248.726,11.0,201.0,444.0,349.9,,,0.3116,0.6884,,True,completed
1662,pkw,1424.0,1727.0,303.0,,2912.713,0.0,17.0,286.0,35.319,,,0.0561,0.9439,,True,completed
1331,pkw,1161.0,1728.0,567.0,,2129.212,25.0,173.0,394.0,321.431,,,0.3051,0.6949,,True,completed
1382,pkw,1195.0,1729.0,534.0,,2120.837,20.0,132.0,402.0,283.594,,,0.2472,0.7528,,True,completed
1678,pkw,1439.0,1730.0,291.0,,1912.386,16.0,29.0,262.0,115.528,,,0.0997,0.9003,,True,completed
1353,pkw,1177.0,1736.0,559.0,,2329.932,26.0,245.0,314.0,334.055,,,0.4383,0.5617,,True,completed
1566,pkw,1347.0,1737.0,390.0,,2077.667,17.0,85.0,305.0,199.173,,,0.2179,0.7821,,True,completed
1727,pkw,1477.0,1739.0,262.0,,2078.297,0.0,25.0,237.0,63.688,,,0.0954,0.9046,,True,completed
1682,pkw,1440.0,1743.0,303.0,,2142.556,74.0,75.0,228.0,100.123,,,0.2475,0.7525,,True,completed
1615,pkw,1383.0,1744.0,361.0,,3114.616,0.0,32.0,329.0,67.924,,,0.0886,0.9114,,True,completed
452,pkw,630.0,1746.0,1116.0,,2592.547,0.0,844.0,272.0,879.276,,,0.7563,0.2437,,True,completed
1429,pkw,1224.0,1747.0,523.0,,554.256,96.0,453.0,70.0,471.676,,,0.8662,0.1338,,True,completed
1492,pkw,1285.0,1750.0,465.0,,,0.0,325.0,140.0,0.0,,,0.6989,0.3011,,True,completed
926,pkw,942.0,1750.0,808.0,,1568.863,89.0,581.0,227.0,666.341,,,0.7191,0.2809,,True,completed
1660,pkw,1423.0,1752.0,329.0,,1569.016,25.0,84.0,245.0,184.597,,,0.2553,0.7447,,True,completed
1780,pkw,1530.0,1752.0,222.0,,1890.371,7.0,7.0,215.0,49.692,,,0.0315,0.9685,,True,completed
1856,pkw,1636.0,1755.0,119.0,,974.499,1.0,1.0,118.0,14.147,,,0.0084,0.9916,,True,completed
1127,pkw,1050.0,1756.0,706.0,,2097.589,91.0,470.0,236.0,515.222,,,0.6657,0.3343,,True,completed
1420,pkw,1220.0,1756.0,536.0,,742.085,86.0,450.0,86.0,467.244,,,0.8396,0.1604,,True,completed
1656,pkw,1417.0,1758.0,341.0,,1781.16,17.0,81.0,260.0,177.618,,,0.2375,0.7625,,True,completed
953,pkw,958.0,1759.0,801.0,,1609.897,32.0,559.0,242.0,636.846,,,0.6979,0.3021,,True,completed
1730,pkw,1481.0,1760.0,279.0,,1026.91,51.0,128.0,151.0,184.476,,,0.4588,0.5412,,True,completed
1654,pkw,1415.0,1761.0,346.0,,886.612,22.0,155.0,191.0,261.766,,,0.448,0.552,,True,completed
1282,pkw,1136.0,1762.0,626.0,,1580.5,83.0,454.0,172.0,482.086,,,0.7252,0.2748,,True,completed
1860,pkw,1642.0,1764.0,122.0,,1150.125,6.0,6.0,116.0,16.802,,,0.0492,0.9508,,True,completed
1479,pkw,1273.0,1766.0,493.0,,825.726,87.0,382.0,111.0,406.686,,,0.7748,0.2252,,True,completed
1335,pkw,1163.0,1768.0,605.0,,1470.311,78.0,437.0,168.0,465.322,,,0.7223,0.2777,,True,completed
1403,pkw,1210.0,1768.0,558.0,,1304.457,86.0,380.0,178.0,412.676,,,0.681,0.319,,True,completed
1179,pkw,1080.0,1771.0,691.0,,1862.911,77.0,463.0,228.0,521.619,,,0.67,0.33,,True,completed
1313,pkw,1151.0,1771.0,620.0,,2211.233,85.0,356.0,264.0,417.922,,,0.5742,0.4258,,True,completed
1821,pkw,1590.0,1771.0,181.0,,1829.541,0.0,0.0,181.0,11.956,,,0.0,1.0,,True,completed
983,pkw,973.0,1773.0,800.0,,2586.213,84.0,472.0,328.0,549.902,,,0.59,0.41,,True,completed
1902,pkw,1691.0,1775.0,84.0,,656.971,7.0,7.0,77.0,22.896,,,0.0833,0.9167,,True,completed
1432,pkw,1228.0,1776.0,548.0,,1037.644,75.0,402.0,146.0,426.464,,,0.7336,0.2664,,True,completed
1488,pkw,1284.0,1777.0,493.0,,1326.763,83.0,326.0,167.0,369.055,,,0.6613,0.3387,,True,completed
1666,pkw,1427.0,1777.0,350.0,,1038.941,13.0,143.0,207.0,248.863,,,0.4086,0.5914,,True,completed
1877,pkw,1662.0,1777.0,115.0,,893.767,11.0,11.0,104.0,31.919,,,0.0957,0.9043,,True,completed
1831,pkw,1601.0,1778.0,177.0,,1658.384,0.0,9.0,168.0,25.865,,,0.0508,0.9492,,True,completed
1574,pkw,1352.0,1779.0,427.0,,733.649,76.0,339.0,88.0,359.971,,,0.7939,0.2061,,True,completed
1862,pkw,1644.0,1779.0,135.0,,1266.04,5.0,5.0,130.0,17.014,,,0.037,0.963,,True,completed
1565,pkw,1345.0,1781.0,436.0,,986.416,81.0,301.0,135.0,332.655,,,0.6904,0.3096,,True,completed
1829,pkw,1600.0,1788.0,188.0,,1627.638,2.0,4.0,184.0,22.928,,,0.0213,0.9787,,True,completed
1088,pkw,1035.0,1790.0,755.0,,2904.258,31.0,265.0,490.0,434.595,,,0.351,0.649,,True,completed
1664,pkw,1425.0,1793.0,368.0,,697.846,68.0,280.0,88.0,303.579,,,0.7609,0.2391,,True,completed
1512,pkw,1303.0,1795.0,492.0,,1331.971,66.0,318.0,174.0,364.1,,,0.6463,0.3537,,True,completed
1530,pkw,1318.0,1797.0,479.0,,887.123,64.0,348.0,131.0,391.584,,,0.7265,0.2735,,True,completed
1001,pkw,986.0,,814.0,,544.908,100.0,749.0,65.0,764.958,,,0.9201,0.0799,,False,on_map_at_end
1002,pkw,987.0,,813.0,,1830.799,100.0,592.0,221.0,645.494,,,0.7282,0.2718,,False,on_map_at_end
1005,pkw,989.0,,811.0,,339.173,100.0,764.0,47.0,780.474,,,0.942,0.058,,False,on_map_at_end
1006,pkw,989.0,,811.0,,537.407,100.0,743.0,68.0,762.633,,,0.9162,0.0838,,False,on_map_at_end
1008,pkw,990.0,,810.0,,1382.97,100.0,646.0,164.0,680.117,,,0.7975,0.2025,,False,on_map_at_end
1009,pkw,991.0,,809.0,,1255.528,100.0,649.0,160.0,690.156,,,0.8022,0.1978,,False,on_map_at_end
1011,pkw,991.0,,809.0,,331.672,100.0,762.0,47.0,779.149,,,0.9419,0.0581,,False,on_map_at_end
1012,pkw,991.0,,809.0,,1081.74,74.0,593.0,216.0,701.895,,,0.733,0.267,,False,on_map_at_end
1013,pkw,992.0,,808.0,,1742.626,100.0,606.0,202.0,649.877,,,0.75,0.25,,False,on_map_at_end
1018,pkw,997.0,,803.0,,950.083,100.0,630.0,173.0,674.751,,,0.7846,0.2154,,False,on_map_at_end
1024,pkw,1000.0,,800.0,,1617.554,92.0,559.0,241.0,653.331,,,0.6987,0.3013,,False,on_map_at_end
1026,pkw,1000.0,,800.0,,1458.845,44.0,564.0,236.0,646.827,,,0.705,0.295,,False,on_map_at_end
1027,pkw,1001.0,,799.0,,966.935,100.0,671.0,128.0,707.543,,,0.8398,0.1602,,False,on_map_at_end
1028,pkw,1001.0,,799.0,,1599.7,81.0,575.0,224.0,653.967,,,0.7196,0.2804,,False,on_map_at_end
1030,pkw,1002.0,,798.0,,1240.589,76.0,591.0,207.0,680.942,,,0.7406,0.2594,,False,on_map_at_end
1036,pkw,1007.0,,793.0,,529.906,100.0,725.0,68.0,745.308,,,0.9142,0.0858,,False,on_map_at_end
1037,pkw,1022.0,,778.0,,1709.234,100.0,562.0,216.0,622.838,,,0.7224,0.2776,,False,on_map_at_end
1038,pkw,1008.0,,792.0,,959.434,100.0,665.0,127.0,701.246,,,0.8396,0.1604,,False,on_map_at_end
1039,pkw,1008.0,,792.0,,531.687,100.0,699.0,93.0,734.804,,,0.8826,0.1174,,False,on_map_at_end
1041,pkw,1009.0,,791.0,,1225.524,100.0,619.0,172.0,665.512,,,0.7826,0.2174,,False,on_map_at_end
1042,pkw,1009.0,,791.0,,324.171,100.0,744.0,47.0,761.824,,,0.9406,0.0594,,False,on_map_at_end
1043,pkw,1010.0,,790.0,,522.405,100.0,723.0,67.0,742.983,,,0.9152,0.0848,,False,on_map_at_end
1045,pkw,1011.0,,789.0,,1507.849,92.0,576.0,213.0,644.377,,,0.73,0.27,,False,on_map_at_end
1047,pkw,1012.0,,788.0,,741.686,100.0,696.0,92.0,720.571,,,0.8832,0.1168,,False,on_map_at_end
1051,pkw,1015.0,,785.0,,316.669,100.0,740.0,45.0,756.499,,,0.9427,0.0573,,False,on_map_at_end
1052,pkw,1016.0,,784.0,,950.367,88.0,639.0,145.0,690.216,,,0.8151,0.1849,,False,on_map_at_end
1060,pkw,1020.0,,780.0,,1625.928,76.0,574.0,206.0,633.38,,,0.7359,0.2641,,False,on_map_at_end
1062,pkw,1021.0,,779.0,,1623.606,94.0,521.0,258.0,631.757,,,0.6688,0.3312,,False,on_map_at_end
1065,pkw,1022.0,,778.0,,1888.668,38.0,444.0,334.0,596.499,,,0.5707,0.4293,,False,on_map_at_end
1069,pkw,1024.0,,776.0,,1578.649,79.0,571.0,205.0,632.25,,,0.7358,0.2642,,False,on_map_at_end
1076,pkw,1029.0,,771.0,,1881.167,29.0,426.0,345.0,593.667,,,0.5525,0.4475,,False,on_map_at_end
1081,pkw,1030.0,,770.0,,309.168,100.0,723.0,47.0,742.175,,,0.939,0.061,,False,on_map_at_end
1082,pkw,1030.0,,770.0,,917.312,100.0,628.0,142.0,687.441,,,0.8156,0.1844,,False,on_map_at_end
1083,pkw,1032.0,,768.0,,301.667,100.0,723.0,45.0,740.85,,,0.9414,0.0586,,False,on_map_at_end
1087,pkw,1034.0,,766.0,,294.166,100.0,721.0,45.0,739.525,,,0.9413,0.0587,,False,on_map_at_end
1089,pkw,1035.0,,765.0,,1939.398,95.0,522.0,243.0,567.419,,,0.6824,0.3176,,False,on_map_at_end
1091,pkw,1035.0,,765.0,,1150.837,76.0,580.0,185.0,660.905,,,0.7582,0.2418,,False,on_map_at_end
1094,pkw,1036.0,,764.0,,1412.909,100.0,576.0,188.0,616.729,,,0.7539,0.2461,,False,on_map_at_end
1099,pkw,1038.0,,762.0,,849.742,74.0,583.0,179.0,682.146,,,0.7651,0.2349,,False,on_map_at_end
110,pkw,196.0,,1604.0,,1608.199,99.0,1375.0,229.0,1442.031,,,0.8572,0.1428,,False,on_map_at_end
1101,pkw,1040.0,,760.0,,2196.086,100.0,522.0,238.0,561.611,,,0.6868,0.3132,,False,on_map_at_end
1103,pkw,1040.0,,760.0,,1603.424,75.0,554.0,206.0,615.392,,,0.7289,0.2711,,False,on_map_at_end
1108,pkw,1042.0,,758.0,,1258.916,100.0,601.0,157.0,642.941,,,0.7929,0.2071,,False,on_map_at_end
1110,pkw,1043.0,,757.0,,1085.695,100.0,598.0,159.0,645.627,,,0.79,0.21,,False,on_map_at_end
1113,pkw,1044.0,,756.0,,1581.717,100.0,583.0,173.0,612.849,,,0.7712,0.2288,,False,on_map_at_end
1114,pkw,1044.0,,756.0,,1835.368,100.0,526.0,230.0,588.591,,,0.6958,0.3042,,False,on_map_at_end
1116,pkw,1046.0,,754.0,,1629.443,100.0,571.0,183.0,606.604,,,0.7573,0.2427,,False,on_map_at_end
1117,pkw,1047.0,,753.0,,973.673,98.0,587.0,166.0,651.423,,,0.7795,0.2205,,False,on_map_at_end
1122,pkw,1049.0,,751.0,,1722.47,100.0,537.0,214.0,593.985,,,0.715,0.285,,False,on_map_at_end
1123,pkw,1049.0,,751.0,,28.32,100.0,738.0,13.0,748.451,,,0.9827,0.0173,,False,on_map_at_end
113,pkw,207.0,,1593.0,,2150.129,100.0,1350.0,243.0,1398.901,,,0.8475,0.1525,,False,on_map_at_end
1132,pkw,1054.0,,746.0,,2762.134,17.0,263.0,483.0,461.669,,,0.3525,0.6475,,False,on_map_at_end
1133,pkw,1053.0,,747.0,,1543.414,72.0,553.0,194.0,607.81,,,0.7403,0.2597,,False,on_map_at_end
1134,pkw,1053.0,,747.0,,514.904,100.0,680.0,67.0,700.658,,,0.9103,0.0897,,False,on_map_at_end
1136,pkw,1054.0,,746.0,,697.511,75.0,583.0,163.0,680.963,,,0.7815,0.2185,,False,on_map_at_end
1138,pkw,1055.0,,745.0,,1621.942,100.0,559.0,186.0,598.574,,,0.7503,0.2497,,False,on_map_at_end
1140,pkw,1055.0,,745.0,,438.324,100.0,674.0,71.0,705.504,,,0.9047,0.0953,,False,on_map_at_end
1143,pkw,1056.0,,744.0,,507.403,100.0,675.0,69.0,698.333,,,0.9073,0.0927,,False,on_map_at_end
1146,pkw,1058.0,,742.0,,663.426,96.0,635.0,107.0,681.653,,,0.8558,0.1442,,False,on_map_at_end
1147,pkw,1061.0,,739.0,,20.817,100.0,725.0,14.0,737.126,,,0.9811,0.0189,,False,on_map_at_end
1149,pkw,1063.0,,737.0,,2376.475,83.0,405.0,332.0,516.166,,,0.5495,0.4505,,False,on_map_at_end
1150,pkw,1065.0,,735.0,,1543.721,88.0,528.0,207.0,587.367,,,0.7184,0.2816,,False,on_map_at_end
1156,pkw,1067.0,,733.0,,1873.665,25.0,418.0,315.0,559.014,,,0.5703,0.4297,,False,on_map_at_end
1158,pkw,1068.0,,732.0,,939.708,72.0,551.0,181.0,635.229,,,0.7527,0.2473,,False,on_map_at_end
1159,pkw,1068.0,,732.0,,1690.119,100.0,526.0,206.0,577.208,,,0.7186,0.2814,,False,on_map_at_end
1162,pkw,1069.0,,731.0,,927.579,100.0,571.0,160.0,616.826,,,0.7811,0.2189,,False,on_map_at_end
1165,pkw,1072.0,,728.0,,1065.276,90.0,594.0,134.0,630.759,,,0.8159,0.1841,,False,on_map_at_end
1167,pkw,1073.0,,727.0,,1348.066,100.0,568.0,159.0,600.7,,,0.7813,0.2187,,False,on_map_at_end
1172,pkw,1075.0,,725.0,,1019.022,61.0,515.0,210.0,603.512,,,0.7103,0.2897,,False,on_map_at_end
1176,pkw,1078.0,,722.0,,1265.55,100.0,562.0,160.0,604.886,,,0.7784,0.2216,,False,on_map_at_end
1178,pkw,1080.0,,720.0,,1045.037,91.0,586.0,134.0,625.426,,,0.8139,0.1861,,False,on_map_at_end
1180,pkw,1080.0,,720.0,,499.902,100.0,650.0,70.0,675.008,,,0.9028,0.0972,,False,on_map_at_end
1181,pkw,1081.0,,719.0,,723.009,86.0,584.0,135.0,650.711,,,0.8122,0.1878,,False,on_map_at_end
1184,pkw,1082.0,,718.0,,2205.959,100.0,478.0,240.0,514.321,,,0.6657,0.3343,,False,on_map_at_end
1186,pkw,1082.0,,718.0,,1996.557,100.0,484.0,234.0,530.359,,,0.6741,0.3259,,False,on_map_at_end
1191,pkw,1085.0,,715.0,,2203.409,97.0,478.0,237.0,514.762,,,0.6685,0.3315,,False,on_map_at_end
1193,pkw,1087.0,,713.0,,1012.108,100.0,578.0,135.0,606.752,,,0.8107,0.1893,,False,on_map_at_end
1196,pkw,1103.0,,697.0,,1563.251,100.0,524.0,173.0,555.505,,,0.7518,0.2482,,False,on_map_at_end
1197,pkw,1089.0,,711.0,,2034.393,82.0,402.0,309.0,522.824,,,0.5654,0.4346,,False,on_map_at_end
1203,pkw,1092.0,,708.0,,1330.473,87.0,542.0,166.0,587.322,,,0.7655,0.2345,,False,on_map_at_end
1204,pkw,1093.0,,707.0,,2017.359,41.0,496.0,211.0,525.436,,,0.7016,0.2984,,False,on_map_at_end
1211,pkw,1098.0,,702.0,,492.401,100.0,633.0,69.0,657.683,,,0.9017,0.0983,,False,on_map_at_end
1213,pkw,1098.0,,702.0,,1285.479,100.0,553.0,149.0,583.881,,,0.7877,0.2123,,False,on_map_at_end
1214,pkw,1098.0,,702.0,,474.049,73.0,557.0,145.0,652.74,,,0.7934,0.2066,,False,on_map_at_end
1215,pkw,1100.0,,700.0,,1790.113,100.0,496.0,204.0,536.73,,,0.7086,0.2914,,False,on_map_at_end
1216,pkw,1101.0,,699.0,,681.678,100.0,608.0,91.0,637.441,,,0.8698,0.1302,,False,on_map_at_end
1219,pkw,1102.0,,698.0,,1047.829,92.0,554.0,144.0,590.852,,,0.7937,0.2063,,False,on_map_at_end
1220,pkw,1103.0,,697.0,,400.819,100.0,634.0,63.0,660.905,,,0.9096,0.0904,,False,on_map_at_end
1221,pkw,1103.0,,697.0,,674.177,100.0,605.0,92.0,635.813,,,0.868,0.132,,False,on_map_at_end
1222,pkw,1104.0,,696.0,,1429.507,94.0,515.0,181.0,566.855,,,0.7399,0.2601,,False,on_map_at_end
1224,pkw,1105.0,,695.0,,912.577,100.0,497.0,198.0,544.254,,,0.7151,0.2849,,False,on_map_at_end
1226,pkw,1106.0,,694.0,,1135.448,100.0,559.0,135.0,591.409,,,0.8055,0.1945,,False,on_map_at_end
1228,pkw,1107.0,,693.0,,459.047,71.0,573.0,120.0,647.069,,,0.8268,0.1732,,False,on_map_at_end
1231,pkw,1109.0,,691.0,,1187.088,100.0,548.0,143.0,581.797,,,0.7931,0.2069,,False,on_map_at_end
1233,pkw,1110.0,,690.0,,1203.021,100.0,528.0,162.0,562.931,,,0.7652,0.2348,,False,on_map_at_end
1236,pkw,1110.0,,690.0,,484.9,100.0,622.0,68.0,646.359,,,0.9014,0.0986,,False,on_map_at_end
1239,pkw,1111.0,,689.0,,637.369,92.0,590.0,99.0,631.636,,,0.8563,0.1437,,False,on_map_at_end
1240,pkw,1111.0,,689.0,,1563.132,100.0,526.0,163.0,546.88,,,0.7634,0.2366,,False,on_map_at_end
1241,pkw,1112.0,,688.0,,615.798,90.0,580.0,108.0,622.33,,,0.843,0.157,,False,on_map_at_end
1242,pkw,1112.0,,688.0,,539.133,93.0,603.0,85.0,638.943,,,0.8765,0.1235,,False,on_map_at_end
1243,pkw,1114.0,,686.0,,1173.017,100.0,524.0,162.0,561.966,,,0.7638,0.2362,,False,on_map_at_end
1245,pkw,1113.0,,687.0,,786.238,100.0,571.0,116.0,600.179,,,0.8311,0.1689,,False,on_map_at_end
1246,pkw,1115.0,,685.0,,905.076,100.0,494.0,191.0,548.297,,,0.7212,0.2788,,False,on_map_at_end
1249,pkw,1116.0,,684.0,,1888.396,39.0,464.0,220.0,499.495,,,0.6784,0.3216,,False,on_map_at_end
1254,pkw,1120.0,,680.0,,494.182,100.0,599.0,81.0,630.098,,,0.8809,0.1191,,False,on_map_at_end
1255,pkw,1120.0,,680.0,,1790.362,100.0,479.0,201.0,516.016,,,0.7044,0.2956,,False,on_map_at_end
1256,pkw,1122.0,,678.0,,477.399,100.0,611.0,67.0,635.034,,,0.9012,0.0988,,False,on_map_at_end
1257,pkw,1122.0,,678.0,,1529.653,100.0,498.0,180.0,539.398,,,0.7345,0.2655,,False,on_map_at_end
1258,pkw,1123.0,,677.0,,469.898,100.0,608.0,69.0,634.709,,,0.8981,0.1019,,False,on_map_at_end
1260,pkw,1123.0,,677.0,,1866.164,25.0,350.0,327.0,492.585,,,0.517,0.483,,False,on_map_at_end
1262,pkw,1124.0,,676.0,,1187.369,96.0,536.0,140.0,567.967,,,0.7929,0.2071,,False,on_map_at_end
1264,pkw,1125.0,,675.0,,462.397,100.0,607.0,68.0,633.384,,,0.8993,0.1007,,False,on_map_at_end
1265,pkw,1125.0,,675.0,,286.665,100.0,629.0,46.0,649.2,,,0.9319,0.0681,,False,on_map_at_end
1266,pkw,1127.0,,673.0,,369.108,85.0,578.0,95.0,628.915,,,0.8588,0.1412,,False,on_map_at_end
1267,pkw,1128.0,,672.0,,1408.73,100.0,515.0,157.0,543.826,,,0.7664,0.2336,,False,on_map_at_end
1268,pkw,1129.0,,671.0,,279.164,100.0,624.0,47.0,645.875,,,0.93,0.07,,False,on_map_at_end
1269,pkw,1129.0,,671.0,,1433.67,43.0,498.0,173.0,531.04,,,0.7422,0.2578,,False,on_map_at_end
1272,pkw,1131.0,,669.0,,1018.186,100.0,520.0,149.0,563.402,,,0.7773,0.2227,,False,on_map_at_end
1273,pkw,1131.0,,669.0,,628.763,100.0,592.0,77.0,609.26,,,0.8849,0.1151,,False,on_map_at_end
1274,pkw,1133.0,,667.0,,1453.643,27.0,362.0,305.0,531.389,,,0.5427,0.4573,,False,on_map_at_end
1275,pkw,1132.0,,668.0,,1390.406,100.0,491.0,177.0,531.131,,,0.735,0.265,,False,on_map_at_end
1277,pkw,1133.0,,667.0,,1198.646,83.0,510.0,157.0,558.748,,,0.7646,0.2354,,False,on_map_at_end
1278,pkw,1133.0,,667.0,,507.12,100.0,582.0,85.0,614.718,,,0.8726,0.1274,,False,on_map_at_end
1279,pkw,1134.0,,666.0,,1934.135,19.0,324.0,342.0,473.451,,,0.4865,0.5135,,False,on_map_at_end
1280,pkw,1134.0,,666.0,,1461.588,96.0,505.0,161.0,533.369,,,0.7583,0.2417,,False,on_map_at_end
1281,pkw,1136.0,,664.0,,506.544,100.0,577.0,87.0,618.107,,,0.869,0.131,,False,on_map_at_end
1284,pkw,1139.0,,661.0,,666.286,100.0,568.0,93.0,587.174,,,0.8593,0.1407,,False,on_map_at_end
1285,pkw,1139.0,,661.0,,1747.55,23.0,315.0,346.0,493.319,,,0.4766,0.5234,,False,on_map_at_end
1286,pkw,1140.0,,660.0,,673.787,100.0,555.0,105.0,584.937,,,0.8409,0.1591,,False,on_map_at_end
1288,pkw,1140.0,,660.0,,1948.825,44.0,443.0,217.0,484.604,,,0.6712,0.3288,,False,on_map_at_end
1290,pkw,1140.0,,660.0,,599.864,88.0,571.0,89.0,606.012,,,0.8652,0.1348,,False,on_map_at_end
1291,pkw,1141.0,,659.0,,1246.388,100.0,514.0,145.0,544.024,,,0.78,0.22,,False,on_map_at_end
1292,pkw,1142.0,,658.0,,897.575,100.0,501.0,157.0,542.037,,,0.7614,0.2386,,False,on_map_at_end
1295,pkw,1144.0,,656.0,,944.859,100.0,551.0,105.0,570.758,,,0.8399,0.1601,,False,on_map_at_end
1296,pkw,1144.0,,656.0,,1454.087,94.0,500.0,156.0,524.454,,,0.7622,0.2378,,False,on_map_at_end
1297,pkw,1145.0,,655.0,,454.896,100.0,587.0,68.0,614.059,,,0.8962,0.1038,,False,on_map_at_end
1299,pkw,1145.0,,655.0,,605.195,89.0,571.0,84.0,600.532,,,0.8718,0.1282,,False,on_map_at_end
1300,pkw,1146.0,,654.0,,1973.797,43.0,439.0,215.0,476.357,,,0.6713,0.3287,,False,on_map_at_end
1301,pkw,1146.0,,654.0,,921.928,100.0,529.0,125.0,562.849,,,0.8089,0.1911,,False,on_map_at_end
1304,pkw,1147.0,,653.0,,763.735,100.0,558.0,95.0,582.655,,,0.8545,0.1455,,False,on_map_at_end
1308,pkw,1149.0,,651.0,,1718.769,29.0,449.0,202.0,495.902,,,0.6897,0.3103,,False,on_map_at_end
1309,pkw,1149.0,,651.0,,447.395,100.0,585.0,66.0,610.734,,,0.8986,0.1014,,False,on_map_at_end
1311,pkw,1153.0,,647.0,,373.181,100.0,569.0,78.0,613.413,,,0.8794,0.1206,,False,on_map_at_end
1312,pkw,1150.0,,650.0,,370.815,100.0,579.0,71.0,616.626,,,0.8908,0.1092,,False,on_map_at_end
1314,pkw,1151.0,,649.0,,439.894,100.0,583.0,66.0,609.409,,,0.8983,0.1017,,False,on_map_at_end
1316,pkw,1152.0,,648.0,,432.392,100.0,580.0,68.0,609.084,,,0.8951,0.1049,,False,on_map_at_end
1318,pkw,1152.0,,648.0,,1286.018,41.0,372.0,276.0,527.806,,,0.5741,0.4259,,False,on_map_at_end
132,pkw,240.0,,1560.0,,2134.884,19.0,1304.0,256.0,1364.206,,,0.8359,0.1641,,False,on_map_at_end
1320,pkw,1155.0,,645.0,,1995.652,100.0,423.0,222.0,461.56,,,0.6558,0.3442,,False,on_map_at_end
1323,pkw,1156.0,,644.0,,629.17,100.0,558.0,86.0,586.755,,,0.8665,0.1335,,False,on_map_at_end
1324,pkw,1156.0,,644.0,,2006.944,45.0,411.0,233.0,462.405,,,0.6382,0.3618,,False,on_map_at_end
1325,pkw,1156.0,,644.0,,271.663,100.0,598.0,46.0,619.55,,,0.9286,0.0714,,False,on_map_at_end
1326,pkw,1158.0,,642.0,,756.234,100.0,545.0,97.0,562.342,,,0.8489,0.1511,,False,on_map_at_end
1327,pkw,1159.0,,641.0,,264.162,100.0,596.0,45.0,617.225,,,0.9298,0.0702,,False,on_map_at_end
1333,pkw,1161.0,,639.0,,1662.711,100.0,456.0,183.0,488.015,,,0.7136,0.2864,,False,on_map_at_end
1336,pkw,1164.0,,636.0,,1371.225,100.0,491.0,145.0,511.585,,,0.772,0.228,,False,on_map_at_end
1337,pkw,1164.0,,636.0,,1530.979,100.0,475.0,161.0,497.018,,,0.7469,0.2531,,False,on_map_at_end
1338,pkw,1165.0,,635.0,,256.661,100.0,588.0,47.0,611.9,,,0.926,0.074,,False,on_map_at_end
1339,pkw,1165.0,,635.0,,1647.46,100.0,452.0,183.0,484.758,,,0.7118,0.2882,,False,on_map_at_end
1341,pkw,1167.0,,633.0,,249.16,100.0,586.0,47.0,610.575,,,0.9258,0.0742,,False,on_map_at_end
1343,pkw,1167.0,,633.0,,1363.723,100.0,487.0,146.0,509.498,,,0.7694,0.2306,,False,on_map_at_end
1344,pkw,1169.0,,631.0,,1768.656,48.0,432.0,199.0,464.503,,,0.6846,0.3154,,False,on_map_at_end
1347,pkw,1170.0,,630.0,,241.659,100.0,585.0,45.0,608.25,,,0.9286,0.0714,,False,on_map_at_end
1348,pkw,1173.0,,627.0,,874.269,100.0,519.0,108.0,542.958,,,0.8278,0.1722,,False,on_map_at_end
1349,pkw,1173.0,,627.0,,1998.279,63.0,303.0,324.0,428.352,,,0.4833,0.5167,,False,on_map_at_end
1350,pkw,1175.0,,625.0,,1615.109,100.0,445.0,180.0,478.812,,,0.712,0.288,,False,on_map_at_end
1351,pkw,1177.0,,623.0,,606.667,100.0,537.0,86.0,568.06,,,0.862,0.138,,False,on_map_at_end
1357,pkw,1181.0,,619.0,,1882.778,47.0,402.0,217.0,449.548,,,0.6494,0.3506,,False,on_map_at_end
1358,pkw,1181.0,,619.0,,1003.184,100.0,489.0,130.0,521.116,,,0.79,0.21,,False,on_map_at_end
1361,pkw,1183.0,,617.0,,1957.717,46.0,395.0,222.0,440.372,,,0.6402,0.3598,,False,on_map_at_end
1362,pkw,1186.0,,614.0,,858.327,100.0,484.0,130.0,508.025,,,0.7883,0.2117,,False,on_map_at_end
1363,pkw,1186.0,,614.0,,234.158,100.0,569.0,45.0,592.926,,,0.9267,0.0733,,False,on_map_at_end
1366,pkw,1188.0,,612.0,,1736.08,88.0,322.0,290.0,349.087,,,0.5261,0.4739,,False,on_map_at_end
1367,pkw,1188.0,,612.0,,1426.967,95.0,448.0,164.0,483.572,,,0.732,0.268,,False,on_map_at_end
1368,pkw,1188.0,,612.0,,1393.589,25.0,407.0,205.0,427.47,,,0.665,0.335,,False,on_map_at_end
1370,pkw,1190.0,,610.0,,857.417,100.0,458.0,152.0,490.147,,,0.7508,0.2492,,False,on_map_at_end
1373,pkw,1190.0,,610.0,,898.755,100.0,496.0,114.0,526.972,,,0.8131,0.1869,,False,on_map_at_end
1375,pkw,1191.0,,609.0,,457.487,100.0,532.0,77.0,559.808,,,0.8736,0.1264,,False,on_map_at_end
1376,pkw,1191.0,,609.0,,2089.911,79.0,339.0,270.0,411.9,,,0.5567,0.4433,,False,on_map_at_end
1378,pkw,1191.0,,609.0,,226.657,100.0,565.0,44.0,588.601,,,0.9278,0.0722,,False,on_map_at_end
138,pkw,247.0,,1553.0,,2251.368,96.0,1294.0,259.0,1344.97,,,0.8332,0.1668,,False,on_map_at_end
1380,pkw,1194.0,,606.0,,869.849,100.0,507.0,99.0,527.324,,,0.8366,0.1634,,False,on_map_at_end
1381,pkw,1194.0,,606.0,,1253.938,100.0,467.0,139.0,491.889,,,0.7706,0.2294,,False,on_map_at_end
1386,pkw,1199.0,,601.0,,1467.748,90.0,399.0,202.0,454.39,,,0.6639,0.3361,,False,on_map_at_end
1388,pkw,1201.0,,599.0,,1537.002,83.0,369.0,230.0,460.116,,,0.616,0.384,,False,on_map_at_end
1390,pkw,1201.0,,599.0,,424.891,100.0,535.0,64.0,560.759,,,0.8932,0.1068,,False,on_map_at_end
1391,pkw,1202.0,,598.0,,555.789,88.0,481.0,117.0,507.862,,,0.8043,0.1957,,False,on_map_at_end
1392,pkw,1202.0,,598.0,,1271.482,93.0,456.0,142.0,482.807,,,0.7625,0.2375,,False,on_map_at_end
1394,pkw,1203.0,,597.0,,491.166,100.0,525.0,72.0,550.563,,,0.8794,0.1206,,False,on_map_at_end
1395,pkw,1203.0,,597.0,,701.359,100.0,497.0,100.0,525.282,,,0.8325,0.1675,,False,on_map_at_end
1396,pkw,1204.0,,596.0,,1808.372,19.0,255.0,341.0,413.585,,,0.4279,0.5721,,False,on_map_at_end
1399,pkw,1207.0,,593.0,,1414.505,93.0,392.0,201.0,465.3,,,0.661,0.339,,False,on_map_at_end
1402,pkw,1209.0,,591.0,,483.665,100.0,524.0,67.0,546.15,,,0.8866,0.1134,,False,on_map_at_end
1407,pkw,1213.0,,587.0,,2037.884,100.0,365.0,222.0,402.632,,,0.6218,0.3782,,False,on_map_at_end
1410,pkw,1214.0,,586.0,,417.39,100.0,520.0,66.0,548.434,,,0.8874,0.1126,,False,on_map_at_end
1411,pkw,1215.0,,585.0,,2203.196,27.0,151.0,434.0,348.235,,,0.2581,0.7419,,False,on_map_at_end
1413,pkw,1215.0,,585.0,,1112.776,100.0,464.0,121.0,484.456,,,0.7932,0.2068,,False,on_map_at_end
1414,pkw,1218.0,,582.0,,1238.176,40.0,450.0,132.0,470.563,,,0.7732,0.2268,,False,on_map_at_end
1415,pkw,1218.0,,582.0,,409.889,100.0,515.0,67.0,545.11,,,0.8849,0.1151,,False,on_map_at_end
1417,pkw,1219.0,,581.0,,1318.78,100.0,415.0,166.0,461.846,,,0.7143,0.2857,,False,on_map_at_end
1418,pkw,1219.0,,581.0,,1397.537,87.0,422.0,159.0,454.462,,,0.7263,0.2737,,False,on_map_at_end
1423,pkw,1221.0,,579.0,,2059.99,100.0,344.0,235.0,379.357,,,0.5941,0.4059,,False,on_map_at_end
1425,pkw,1221.0,,579.0,,2021.674,100.0,363.0,216.0,394.698,,,0.6269,0.3731,,False,on_map_at_end
1427,pkw,1236.0,,564.0,,1881.383,83.0,346.0,218.0,393.519,,,0.6135,0.3865,,False,on_map_at_end
1428,pkw,1224.0,,576.0,,1378.523,48.0,271.0,305.0,438.956,,,0.4705,0.5295,,False,on_map_at_end
1433,pkw,1230.0,,570.0,,826.095,100.0,464.0,106.0,495.651,,,0.814,0.186,,False,on_map_at_end
1434,pkw,1232.0,,568.0,,2176.225,14.0,207.0,361.0,366.016,,,0.3644,0.6356,,False,on_map_at_end
1435,pkw,1232.0,,568.0,,1409.6,52.0,336.0,232.0,440.33,,,0.5915,0.4085,,False,on_map_at_end
1436,pkw,1233.0,,567.0,,866.768,100.0,471.0,96.0,487.768,,,0.8307,0.1693,,False,on_map_at_end
1437,pkw,1233.0,,567.0,,219.156,100.0,521.0,46.0,547.276,,,0.9189,0.0811,,False,on_map_at_end
1439,pkw,1234.0,,566.0,,2052.489,100.0,339.0,227.0,379.273,,,0.5989,0.4011,,False,on_map_at_end
1440,pkw,1235.0,,565.0,,818.594,100.0,457.0,108.0,491.326,,,0.8088,0.1912,,False,on_map_at_end
1441,pkw,1236.0,,564.0,,1481.346,100.0,406.0,158.0,429.991,,,0.7199,0.2801,,False,on_map_at_end
1445,pkw,1239.0,,561.0,,1836.838,28.0,239.0,322.0,383.519,,,0.426,0.574,,False,on_map_at_end
1446,pkw,1239.0,,561.0,,211.655,100.0,515.0,46.0,541.951,,,0.918,0.082,,False,on_map_at_end
1447,pkw,1240.0,,560.0,,204.154,100.0,514.0,46.0,541.626,,,0.9179,0.0821,,False,on_map_at_end
1448,pkw,1241.0,,559.0,,1931.67,82.0,327.0,232.0,379.856,,,0.585,0.415,,False,on_map_at_end
1449,pkw,1241.0,,559.0,,466.764,100.0,495.0,64.0,515.542,,,0.8855,0.1145,,False,on_map_at_end
1453,pkw,1243.0,,557.0,,1613.248,100.0,384.0,173.0,408.618,,,0.6894,0.3106,,False,on_map_at_end
1455,pkw,1249.0,,551.0,,1114.191,100.0,414.0,137.0,450.112,,,0.7514,0.2486,,False,on_map_at_end
1456,pkw,1249.0,,551.0,,699.002,100.0,469.0,82.0,488.089,,,0.8512,0.1488,,False,on_map_at_end
1459,pkw,1251.0,,549.0,,405.678,100.0,489.0,60.0,509.577,,,0.8907,0.1093,,False,on_map_at_end
1463,pkw,1255.0,,545.0,,1829.337,20.0,218.0,327.0,367.309,,,0.4,0.6,,False,on_map_at_end
1466,pkw,1260.0,,540.0,,826.789,100.0,444.0,96.0,462.768,,,0.8222,0.1778,,False,on_map_at_end
1467,pkw,1264.0,,536.0,,797.815,87.0,418.0,118.0,450.859,,,0.7799,0.2201,,False,on_map_at_end
1468,pkw,1264.0,,536.0,,1498.331,100.0,374.0,162.0,399.765,,,0.6978,0.3022,,False,on_map_at_end
1469,pkw,1265.0,,535.0,,906.017,95.0,410.0,125.0,441.896,,,0.7664,0.2336,,False,on_map_at_end
1470,pkw,1265.0,,535.0,,533.286,87.0,433.0,102.0,463.736,,,0.8093,0.1907,,False,on_map_at_end
1472,pkw,1267.0,,533.0,,1369.499,37.0,306.0,227.0,409.744,,,0.5741,0.4259,,False,on_map_at_end
1473,pkw,1269.0,,531.0,,196.653,100.0,488.0,43.0,513.301,,,0.919,0.081,,False,on_map_at_end
1474,pkw,1269.0,,531.0,,296.966,100.0,476.0,55.0,504.273,,,0.8964,0.1036,,False,on_map_at_end
1476,pkw,1272.0,,528.0,,832.218,100.0,438.0,90.0,452.619,,,0.8295,0.1705,,False,on_map_at_end
1477,pkw,1273.0,,527.0,,189.152,100.0,483.0,44.0,509.976,,,0.9165,0.0835,,False,on_map_at_end
1478,pkw,1274.0,,526.0,,181.651,100.0,479.0,47.0,509.651,,,0.9106,0.0894,,False,on_map_at_end
1482,pkw,1276.0,,524.0,,572.503,100.0,442.0,82.0,472.474,,,0.8435,0.1565,,False,on_map_at_end
1483,pkw,1279.0,,521.0,,1474.966,100.0,360.0,161.0,387.009,,,0.691,0.309,,False,on_map_at_end
1484,pkw,1280.0,,520.0,,770.037,100.0,431.0,89.0,450.16,,,0.8288,0.1712,,False,on_map_at_end
1487,pkw,1284.0,,516.0,,1411.965,93.0,336.0,180.0,388.922,,,0.6512,0.3488,,False,on_map_at_end
1490,pkw,1284.0,,516.0,,530.452,100.0,434.0,82.0,467.765,,,0.8411,0.1589,,False,on_map_at_end
1491,pkw,1284.0,,516.0,,2196.594,25.0,151.0,365.0,316.97,,,0.2926,0.7074,,False,on_map_at_end
1493,pkw,1286.0,,514.0,,1597.163,100.0,342.0,172.0,368.401,,,0.6654,0.3346,,False,on_map_at_end
1495,pkw,1288.0,,512.0,,2390.017,100.0,267.0,245.0,296.259,,,0.5215,0.4785,,False,on_map_at_end
1496,pkw,1289.0,,511.0,,1701.471,100.0,330.0,181.0,357.254,,,0.6458,0.3542,,False,on_map_at_end
1497,pkw,1289.0,,511.0,,1467.465,100.0,358.0,153.0,378.218,,,0.7006,0.2994,,False,on_map_at_end
1498,pkw,1290.0,,510.0,,1179.237,100.0,372.0,138.0,396.128,,,0.7294,0.2706,,False,on_map_at_end
1499,pkw,1291.0,,509.0,,402.388,100.0,444.0,65.0,472.785,,,0.8723,0.1277,,False,on_map_at_end
1500,pkw,1362.0,,438.0,,13.316,100.0,426.0,12.0,436.802,,,0.9726,0.0274,,False,on_map_at_end
1501,pkw,1291.0,,509.0,,671.355,100.0,416.0,93.0,432.198,,,0.8173,0.1827,,False,on_map_at_end
1503,pkw,1295.0,,505.0,,481.45,100.0,443.0,62.0,457.727,,,0.8772,0.1228,,False,on_map_at_end
1506,pkw,1298.0,,502.0,,562.358,87.0,431.0,71.0,451.387,,,0.8586,0.1414,,False,on_map_at_end
1508,pkw,1300.0,,500.0,,923.717,100.0,382.0,118.0,406.499,,,0.764,0.236,,False,on_map_at_end
1509,pkw,1301.0,,499.0,,1419.466,94.0,339.0,160.0,371.247,,,0.6794,0.3206,,False,on_map_at_end
1511,pkw,1301.0,,499.0,,1695.893,100.0,302.0,197.0,345.002,,,0.6052,0.3948,,False,on_map_at_end
1513,pkw,1306.0,,494.0,,1208.435,93.0,350.0,144.0,384.9,,,0.7085,0.2915,,False,on_map_at_end
1514,pkw,1307.0,,493.0,,1459.964,100.0,323.0,170.0,359.69,,,0.6552,0.3448,,False,on_map_at_end
1515,pkw,1308.0,,492.0,,909.606,94.0,366.0,126.0,397.286,,,0.7439,0.2561,,False,on_map_at_end
1516,pkw,1308.0,,492.0,,394.887,100.0,433.0,59.0,450.606,,,0.8801,0.1199,,False,on_map_at_end
1517,pkw,1309.0,,491.0,,879.589,51.0,391.0,100.0,409.936,,,0.7963,0.2037,,False,on_map_at_end
1518,pkw,1309.0,,491.0,,1489.184,76.0,311.0,180.0,356.629,,,0.6334,0.3666,,False,on_map_at_end
1522,pkw,1311.0,,489.0,,1673.389,100.0,289.0,200.0,337.193,,,0.591,0.409,,False,on_map_at_end
1527,pkw,1317.0,,483.0,,1259.979,96.0,336.0,147.0,362.225,,,0.6957,0.3043,,False,on_map_at_end
1529,pkw,1318.0,,482.0,,500.448,100.0,415.0,67.0,436.546,,,0.861,0.139,,False,on_map_at_end
1531,pkw,1319.0,,481.0,,174.15,100.0,448.0,33.0,465.326,,,0.9314,0.0686,,False,on_map_at_end
1532,pkw,1320.0,,480.0,,166.649,100.0,446.0,34.0,465.001,,,0.9292,0.0708,,False,on_map_at_end
1534,pkw,1320.0,,480.0,,1182.162,100.0,326.0,154.0,350.08,,,0.6792,0.3208,,False,on_map_at_end
1535,pkw,1322.0,,478.0,,159.148,100.0,443.0,35.0,463.677,,,0.9268,0.0732,,False,on_map_at_end
1536,pkw,1322.0,,478.0,,1223.088,100.0,343.0,135.0,366.616,,,0.7176,0.2824,,False,on_map_at_end
1543,pkw,1330.0,,470.0,,421.956,100.0,413.0,57.0,426.5,,,0.8787,0.1213,,False,on_map_at_end
1544,pkw,1330.0,,470.0,,696.699,100.0,388.0,82.0,407.296,,,0.8255,0.1745,,False,on_map_at_end
1545,pkw,1332.0,,468.0,,2189.564,92.0,238.0,230.0,269.761,,,0.5085,0.4915,,False,on_map_at_end
1547,pkw,1334.0,,466.0,,2190.548,85.0,228.0,238.0,253.955,,,0.4893,0.5107,,False,on_map_at_end
1548,pkw,1335.0,,465.0,,1441.969,81.0,295.0,170.0,335.222,,,0.6344,0.3656,,False,on_map_at_end
1549,pkw,1335.0,,465.0,,1697.87,2.0,141.0,324.0,293.704,,,0.3032,0.6968,,False,on_map_at_end
1551,pkw,1336.0,,464.0,,1269.185,100.0,307.0,157.0,336.205,,,0.6616,0.3384,,False,on_map_at_end
1552,pkw,1337.0,,463.0,,603.915,100.0,372.0,91.0,399.496,,,0.8035,0.1965,,False,on_map_at_end
1553,pkw,1338.0,,462.0,,416.854,100.0,410.0,52.0,423.823,,,0.8874,0.1126,,False,on_map_at_end
1554,pkw,1339.0,,461.0,,151.647,100.0,428.0,33.0,447.352,,,0.9284,0.0716,,False,on_map_at_end
1556,pkw,1340.0,,460.0,,2136.078,100.0,240.0,220.0,264.956,,,0.5217,0.4783,,False,on_map_at_end
1558,pkw,1341.0,,459.0,,485.446,100.0,400.0,59.0,415.045,,,0.8715,0.1285,,False,on_map_at_end
1559,pkw,1342.0,,458.0,,1528.141,100.0,283.0,175.0,319.96,,,0.6179,0.3821,,False,on_map_at_end
1561,pkw,1343.0,,457.0,,387.386,100.0,405.0,52.0,422.135,,,0.8862,0.1138,,False,on_map_at_end
1562,pkw,1343.0,,457.0,,86.047,100.0,442.0,15.0,449.256,,,0.9672,0.0328,,False,on_map_at_end
1564,pkw,1344.0,,456.0,,379.885,100.0,402.0,54.0,421.81,,,0.8816,0.1184,,False,on_map_at_end
1569,pkw,1348.0,,452.0,,219.589,100.0,411.0,41.0,432.237,,,0.9093,0.0907,,False,on_map_at_end
1572,pkw,1350.0,,450.0,,1347.325,24.0,162.0,288.0,325.766,,,0.36,0.64,,False,on_map_at_end
1573,pkw,1351.0,,449.0,,144.146,100.0,417.0,32.0,436.027,,,0.9287,0.0713,,False,on_map_at_end
1575,pkw,1352.0,,448.0,,1347.089,88.0,299.0,149.0,325.633,,,0.6674,0.3326,,False,on_map_at_end
1577,pkw,1353.0,,447.0,,710.005,60.0,355.0,92.0,383.099,,,0.7942,0.2058,,False,on_map_at_end
1578,pkw,1354.0,,446.0,,1037.257,35.0,167.0,279.0,350.702,,,0.3744,0.6256,,False,on_map_at_end
1580,pkw,1355.0,,445.0,,372.384,100.0,395.0,50.0,411.485,,,0.8876,0.1124,,False,on_map_at_end
1582,pkw,1358.0,,442.0,,1982.915,100.0,213.0,229.0,245.663,,,0.4819,0.5181,,False,on_map_at_end
1583,pkw,1358.0,,442.0,,532.354,81.0,371.0,71.0,394.088,,,0.8394,0.1606,,False,on_map_at_end
1584,pkw,1362.0,,438.0,,1434.468,81.0,280.0,158.0,308.897,,,0.6393,0.3607,,False,on_map_at_end
1585,pkw,1363.0,,437.0,,364.883,100.0,385.0,52.0,404.16,,,0.881,0.119,,False,on_map_at_end
1586,pkw,1365.0,,435.0,,1379.344,82.0,255.0,180.0,302.188,,,0.5862,0.4138,,False,on_map_at_end
1587,pkw,1365.0,,435.0,,459.889,100.0,377.0,58.0,387.25,,,0.8667,0.1333,,False,on_map_at_end
1589,pkw,1366.0,,434.0,,444.959,100.0,385.0,49.0,393.953,,,0.8871,0.1129,,False,on_map_at_end
1590,pkw,1367.0,,433.0,,357.382,100.0,383.0,50.0,400.835,,,0.8845,0.1155,,False,on_map_at_end
1592,pkw,1368.0,,432.0,,136.645,100.0,400.0,32.0,419.702,,,0.9259,0.0741,,False,on_map_at_end
1594,pkw,1369.0,,431.0,,1396.963,93.0,285.0,146.0,305.272,,,0.6613,0.3387,,False,on_map_at_end
1596,pkw,1370.0,,430.0,,349.881,100.0,381.0,49.0,398.51,,,0.886,0.114,,False,on_map_at_end
1597,pkw,1371.0,,429.0,,129.144,100.0,397.0,32.0,417.377,,,0.9254,0.0746,,False,on_map_at_end
1599,pkw,1371.0,,429.0,,1340.517,100.0,279.0,150.0,307.514,,,0.6503,0.3497,,False,on_map_at_end
160,pkw,301.0,,1499.0,,1692.037,100.0,1275.0,224.0,1329.176,,,0.8506,0.1494,,False,on_map_at_end
1600,pkw,1371.0,,429.0,,854.987,57.0,321.0,108.0,351.372,,,0.7483,0.2517,,False,on_map_at_end
1603,pkw,1373.0,,427.0,,1173.662,100.0,300.0,127.0,319.73,,,0.7026,0.2974,,False,on_map_at_end
1604,pkw,1375.0,,425.0,,966.515,78.0,290.0,135.0,323.8,,,0.6824,0.3176,,False,on_map_at_end
1605,pkw,1378.0,,422.0,,1107.968,100.0,299.0,123.0,321.946,,,0.7085,0.2915,,False,on_map_at_end
1606,pkw,1376.0,,424.0,,1605.496,59.0,243.0,181.0,276.101,,,0.5731,0.4269,,False,on_map_at_end
1607,pkw,1380.0,,420.0,,834.914,100.0,275.0,145.0,301.427,,,0.6548,0.3452,,False,on_map_at_end
1608,pkw,1380.0,,420.0,,1350.346,57.0,239.0,181.0,297.644,,,0.569,0.431,,False,on_map_at_end
1610,pkw,1381.0,,419.0,,368.173,100.0,369.0,50.0,384.224,,,0.8807,0.1193,,False,on_map_at_end
1611,pkw,1381.0,,419.0,,1268.504,78.0,211.0,208.0,304.05,,,0.5036,0.4964,,False,on_map_at_end
1612,pkw,1381.0,,419.0,,1183.009,82.0,273.0,146.0,308.173,,,0.6516,0.3484,,False,on_map_at_end
1614,pkw,1382.0,,418.0,,844.265,100.0,320.0,98.0,336.778,,,0.7656,0.2344,,False,on_map_at_end
1616,pkw,1383.0,,417.0,,1120.111,100.0,293.0,124.0,314.173,,,0.7026,0.2974,,False,on_map_at_end
1618,pkw,1384.0,,416.0,,1890.137,86.0,156.0,260.0,233.058,,,0.375,0.625,,False,on_map_at_end
1619,pkw,1386.0,,414.0,,452.388,100.0,357.0,57.0,368.061,,,0.8623,0.1377,,False,on_map_at_end
1620,pkw,1387.0,,413.0,,2173.192,22.0,55.0,358.0,176.466,,,0.1332,0.8668,,False,on_map_at_end
1621,pkw,1388.0,,412.0,,1396.569,90.0,217.0,195.0,277.327,,,0.5267,0.4733,,False,on_map_at_end
1622,pkw,1391.0,,409.0,,342.38,100.0,360.0,49.0,378.185,,,0.8802,0.1198,,False,on_map_at_end
1625,pkw,1392.0,,408.0,,1181.098,86.0,279.0,129.0,301.173,,,0.6838,0.3162,,False,on_map_at_end
1627,pkw,1395.0,,405.0,,121.643,100.0,372.0,33.0,394.052,,,0.9185,0.0815,,False,on_map_at_end
1631,pkw,1398.0,,402.0,,884.472,100.0,292.0,110.0,313.989,,,0.7264,0.2736,,False,on_map_at_end
1633,pkw,1398.0,,402.0,,1332.323,20.0,122.0,280.0,272.526,,,0.3035,0.6965,,False,on_map_at_end
1635,pkw,1399.0,,401.0,,1528.878,100.0,240.0,161.0,263.062,,,0.5985,0.4015,,False,on_map_at_end
1637,pkw,1402.0,,398.0,,1168.106,84.0,263.0,135.0,291.115,,,0.6608,0.3392,,False,on_map_at_end
1638,pkw,1402.0,,398.0,,827.413,100.0,271.0,127.0,292.53,,,0.6809,0.3191,,False,on_map_at_end
1639,pkw,1649.0,,151.0,,33.839,100.0,142.0,9.0,146.748,,,0.9404,0.0596,,False,on_map_at_end
1641,pkw,1405.0,,395.0,,1389.461,89.0,240.0,155.0,269.947,,,0.6076,0.3924,,False,on_map_at_end
1643,pkw,1407.0,,393.0,,115.473,100.0,367.0,26.0,379.122,,,0.9338,0.0662,,False,on_map_at_end
1644,pkw,1409.0,,391.0,,437.458,100.0,343.0,48.0,351.628,,,0.8772,0.1228,,False,on_map_at_end
1645,pkw,1409.0,,391.0,,334.879,100.0,342.0,49.0,360.861,,,0.8747,0.1253,,False,on_map_at_end
1646,pkw,1409.0,,391.0,,1312.079,76.0,237.0,154.0,272.231,,,0.6061,0.3939,,False,on_map_at_end
1647,pkw,1410.0,,390.0,,327.378,100.0,339.0,51.0,360.536,,,0.8692,0.1308,,False,on_map_at_end
1648,pkw,1410.0,,390.0,,1180.111,75.0,258.0,132.0,283.427,,,0.6615,0.3385,,False,on_map_at_end
1649,pkw,1412.0,,388.0,,503.282,86.0,295.0,93.0,325.563,,,0.7603,0.2397,,False,on_map_at_end
1650,pkw,1412.0,,388.0,,319.877,100.0,337.0,51.0,359.211,,,0.8686,0.1314,,False,on_map_at_end
1651,pkw,1413.0,,387.0,,1295.166,24.0,193.0,194.0,260.106,,,0.4987,0.5013,,False,on_map_at_end
1652,pkw,1415.0,,385.0,,429.957,100.0,335.0,50.0,346.303,,,0.8701,0.1299,,False,on_map_at_end
1659,pkw,1422.0,,378.0,,1422.458,100.0,227.0,151.0,249.519,,,0.6005,0.3995,,False,on_map_at_end
1668,pkw,1430.0,,370.0,,821.762,100.0,269.0,101.0,292.124,,,0.727,0.273,,False,on_map_at_end
1669,pkw,1431.0,,369.0,,1082.55,100.0,253.0,116.0,270.583,,,0.6856,0.3144,,False,on_map_at_end
1670,pkw,1431.0,,369.0,,1882.787,36.0,57.0,312.0,156.493,,,0.1545,0.8455,,False,on_map_at_end
1671,pkw,1431.0,,369.0,,1396.738,88.0,216.0,153.0,243.292,,,0.5854,0.4146,,False,on_map_at_end
1673,pkw,1432.0,,368.0,,1223.579,100.0,228.0,140.0,246.563,,,0.6196,0.3804,,False,on_map_at_end
1674,pkw,1434.0,,366.0,,312.376,100.0,313.0,53.0,335.469,,,0.8552,0.1448,,False,on_map_at_end
1675,pkw,1434.0,,366.0,,561.3,100.0,304.0,62.0,315.483,,,0.8306,0.1694,,False,on_map_at_end
1676,pkw,1436.0,,364.0,,797.408,100.0,225.0,139.0,257.928,,,0.6181,0.3819,,False,on_map_at_end
1677,pkw,1437.0,,363.0,,304.875,100.0,310.0,53.0,335.561,,,0.854,0.146,,False,on_map_at_end
1679,pkw,1439.0,,361.0,,297.374,100.0,309.0,52.0,334.236,,,0.856,0.144,,False,on_map_at_end
1680,pkw,1440.0,,360.0,,453.959,100.0,292.0,68.0,311.242,,,0.8111,0.1889,,False,on_map_at_end
1681,pkw,1440.0,,360.0,,1299.958,88.0,177.0,183.0,237.247,,,0.4917,0.5083,,False,on_map_at_end
1683,pkw,1440.0,,360.0,,435.487,86.0,296.0,64.0,320.806,,,0.8222,0.1778,,False,on_map_at_end
1684,pkw,1441.0,,359.0,,629.078,68.0,264.0,95.0,302.382,,,0.7354,0.2646,,False,on_map_at_end
1687,pkw,1444.0,,356.0,,602.197,76.0,275.0,81.0,301.802,,,0.7725,0.2275,,False,on_map_at_end
1688,pkw,1444.0,,356.0,,1696.772,4.0,82.0,274.0,197.667,,,0.2303,0.7697,,False,on_map_at_end
1689,pkw,1445.0,,355.0,,1343.906,100.0,207.0,148.0,231.088,,,0.5831,0.4169,,False,on_map_at_end
1691,pkw,1445.0,,355.0,,479.344,80.0,288.0,67.0,311.859,,,0.8113,0.1887,,False,on_map_at_end
1692,pkw,1446.0,,354.0,,1302.875,100.0,207.0,147.0,233.215,,,0.5847,0.4153,,False,on_map_at_end
1693,pkw,1446.0,,354.0,,114.142,100.0,323.0,31.0,343.727,,,0.9124,0.0876,,False,on_map_at_end
1694,pkw,1446.0,,354.0,,814.261,100.0,258.0,96.0,276.039,,,0.7288,0.2712,,False,on_map_at_end
1695,pkw,1447.0,,353.0,,516.189,100.0,278.0,75.0,287.464,,,0.7875,0.2125,,False,on_map_at_end
1696,pkw,1447.0,,353.0,,546.549,67.0,272.0,81.0,302.829,,,0.7705,0.2295,,False,on_map_at_end
1699,pkw,1449.0,,351.0,,806.76,100.0,255.0,96.0,275.905,,,0.7265,0.2735,,False,on_map_at_end
1701,pkw,1451.0,,349.0,,1304.967,100.0,213.0,136.0,230.548,,,0.6103,0.3897,,False,on_map_at_end
1703,pkw,1451.0,,349.0,,992.251,20.0,142.0,207.0,256.37,,,0.4069,0.5931,,False,on_map_at_end
1704,pkw,1452.0,,348.0,,289.873,100.0,303.0,45.0,321.911,,,0.8707,0.1293,,False,on_map_at_end
1705,pkw,1452.0,,348.0,,422.456,100.0,297.0,51.0,309.979,,,0.8534,0.1466,,False,on_map_at_end
1706,pkw,1454.0,,346.0,,414.955,100.0,295.0,51.0,308.654,,,0.8526,0.1474,,False,on_map_at_end
1707,pkw,1455.0,,345.0,,1950.646,100.0,146.0,199.0,165.522,,,0.4232,0.5768,,False,on_map_at_end
1711,pkw,1456.0,,344.0,,1973.551,7.0,54.0,290.0,159.708,,,0.157,0.843,,False,on_map_at_end
1713,pkw,1459.0,,341.0,,752.809,80.0,227.0,114.0,262.899,,,0.6657,0.3343,,False,on_map_at_end
1715,pkw,1461.0,,339.0,,848.706,100.0,213.0,126.0,251.515,,,0.6283,0.3717,,False,on_map_at_end
1717,pkw,1463.0,,337.0,,1201.619,77.0,177.0,160.0,219.639,,,0.5252,0.4748,,False,on_map_at_end
1718,pkw,1464.0,,336.0,,1370.534,100.0,190.0,146.0,211.874,,,0.5655,0.4345,,False,on_map_at_end
1719,pkw,1465.0,,335.0,,1060.038,100.0,220.0,115.0,239.013,,,0.6567,0.3433,,False,on_map_at_end
1720,pkw,1466.0,,334.0,,1707.279,51.0,62.0,272.0,144.649,,,0.1856,0.8144,,False,on_map_at_end
1722,pkw,1469.0,,331.0,,1226.529,77.0,176.0,155.0,211.166,,,0.5317,0.4683,,False,on_map_at_end
1723,pkw,1473.0,,327.0,,106.641,100.0,296.0,31.0,317.402,,,0.9052,0.0948,,False,on_map_at_end
1724,pkw,1473.0,,327.0,,1870.235,77.0,94.0,233.0,137.694,,,0.2875,0.7125,,False,on_map_at_end
1725,pkw,1475.0,,325.0,,99.14,100.0,294.0,31.0,316.077,,,0.9046,0.0954,,False,on_map_at_end
1728,pkw,1479.0,,321.0,,587.731,75.0,239.0,82.0,268.104,,,0.7445,0.2555,,False,on_map_at_end
1731,pkw,1481.0,,319.0,,282.372,100.0,274.0,45.0,293.586,,,0.8589,0.1411,,False,on_map_at_end
1733,pkw,1486.0,,314.0,,783.317,100.0,196.0,118.0,219.646,,,0.6242,0.3758,,False,on_map_at_end
1734,pkw,1486.0,,314.0,,1268.953,100.0,176.0,138.0,198.774,,,0.5605,0.4395,,False,on_map_at_end
1737,pkw,1488.0,,312.0,,1059.222,100.0,176.0,136.0,201.487,,,0.5641,0.4359,,False,on_map_at_end
1738,pkw,1490.0,,310.0,,274.871,100.0,266.0,44.0,285.261,,,0.8581,0.1419,,False,on_map_at_end
1739,pkw,1490.0,,310.0,,1692.277,47.0,47.0,263.0,101.975,,,0.1516,0.8484,,False,on_map_at_end
1740,pkw,1490.0,,310.0,,97.449,100.0,293.0,17.0,299.627,,,0.9452,0.0548,,False,on_map_at_end
1741,pkw,1491.0,,309.0,,267.37,100.0,263.0,46.0,284.936,,,0.8511,0.1489,,False,on_map_at_end
1742,pkw,1491.0,,309.0,,1331.955,22.0,141.0,168.0,188.986,,,0.4563,0.5437,,False,on_map_at_end
1744,pkw,1492.0,,308.0,,1792.151,100.0,110.0,198.0,139.308,,,0.3571,0.6429,,False,on_map_at_end
1745,pkw,1493.0,,307.0,,259.869,100.0,261.0,46.0,283.612,,,0.8502,0.1498,,False,on_map_at_end
1746,pkw,1494.0,,306.0,,687.526,100.0,226.0,80.0,243.664,,,0.7386,0.2614,,False,on_map_at_end
1749,pkw,1495.0,,305.0,,1426.967,79.0,150.0,155.0,176.572,,,0.4918,0.5082,,False,on_map_at_end
1750,pkw,1499.0,,301.0,,1221.548,77.0,155.0,146.0,189.087,,,0.515,0.485,,False,on_map_at_end
1751,pkw,1499.0,,301.0,,91.639,100.0,271.0,30.0,292.752,,,0.9003,0.0997,,False,on_map_at_end
1753,pkw,1501.0,,299.0,,716.779,100.0,222.0,77.0,234.006,,,0.7425,0.2575,,False,on_map_at_end
1754,pkw,1502.0,,298.0,,1121.154,100.0,178.0,120.0,196.422,,,0.5973,0.4027,,False,on_map_at_end
1755,pkw,1502.0,,298.0,,1462.021,27.0,141.0,157.0,165.696,,,0.4732,0.5268,,False,on_map_at_end
1756,pkw,1502.0,,298.0,,84.138,100.0,268.0,30.0,290.428,,,0.8993,0.1007,,False,on_map_at_end
1757,pkw,1503.0,,297.0,,1726.278,53.0,66.0,231.0,139.244,,,0.2222,0.7778,,False,on_map_at_end
1758,pkw,1505.0,,295.0,,89.948,100.0,275.0,20.0,283.652,,,0.9322,0.0678,,False,on_map_at_end
1759,pkw,1505.0,,295.0,,1088.761,81.0,164.0,131.0,191.441,,,0.5559,0.4441,,False,on_map_at_end
176,pkw,318.0,,1482.0,,1208.968,100.0,1328.0,154.0,1370.401,,,0.8961,0.1039,,False,on_map_at_end
1761,pkw,1509.0,,291.0,,1268.724,91.0,142.0,149.0,176.041,,,0.488,0.512,,False,on_map_at_end
1762,pkw,1509.0,,291.0,,2284.231,0.0,1.0,290.0,48.152,,,0.0034,0.9966,,False,on_map_at_end
1763,pkw,1510.0,,290.0,,1505.637,100.0,128.0,162.0,153.573,,,0.4414,0.5586,,False,on_map_at_end
1765,pkw,1512.0,,288.0,,1753.846,85.0,88.0,200.0,129.213,,,0.3056,0.6944,,False,on_map_at_end
1766,pkw,1513.0,,287.0,,1842.885,63.0,74.0,213.0,119.657,,,0.2578,0.7422,,False,on_map_at_end
1767,pkw,1515.0,,285.0,,1419.465,78.0,131.0,154.0,157.247,,,0.4596,0.5404,,False,on_map_at_end
1768,pkw,1515.0,,285.0,,252.368,100.0,243.0,42.0,262.287,,,0.8526,0.1474,,False,on_map_at_end
1769,pkw,1516.0,,284.0,,244.867,100.0,240.0,44.0,261.962,,,0.8451,0.1549,,False,on_map_at_end
1770,pkw,1518.0,,282.0,,234.619,100.0,246.0,36.0,260.724,,,0.8723,0.1277,,False,on_map_at_end
1771,pkw,1518.0,,282.0,,469.536,100.0,225.0,57.0,239.311,,,0.7979,0.2021,,False,on_map_at_end
1772,pkw,1519.0,,281.0,,1662.271,39.0,38.0,243.0,88.564,,,0.1352,0.8648,,False,on_map_at_end
1773,pkw,1520.0,,280.0,,549.043,76.0,200.0,80.0,227.818,,,0.7143,0.2857,,False,on_map_at_end
1774,pkw,1520.0,,280.0,,603.846,100.0,193.0,87.0,212.312,,,0.6893,0.3107,,False,on_map_at_end
1775,pkw,1521.0,,279.0,,2022.485,60.0,66.0,213.0,90.841,,,0.2366,0.7634,,False,on_map_at_end
1776,pkw,1522.0,,278.0,,407.454,100.0,229.0,49.0,241.329,,,0.8237,0.1763,,False,on_map_at_end
1777,pkw,1524.0,,276.0,,237.366,100.0,233.0,43.0,254.637,,,0.8442,0.1558,,False,on_map_at_end
1778,pkw,1527.0,,273.0,,229.865,100.0,231.0,42.0,252.312,,,0.8462,0.1538,,False,on_map_at_end
1779,pkw,1528.0,,272.0,,1490.635,93.0,109.0,163.0,137.114,,,0.4007,0.5993,,False,on_map_at_end
1781,pkw,1532.0,,268.0,,1240.08,100.0,137.0,131.0,155.312,,,0.5112,0.4888,,False,on_map_at_end
1783,pkw,1533.0,,267.0,,490.867,100.0,212.0,55.0,222.822,,,0.794,0.206,,False,on_map_at_end
1785,pkw,1534.0,,266.0,,2014.984,57.0,56.0,210.0,74.898,,,0.2105,0.7895,,False,on_map_at_end
1786,pkw,1536.0,,264.0,,1654.768,33.0,32.0,232.0,81.217,,,0.1212,0.8788,,False,on_map_at_end
1787,pkw,1538.0,,262.0,,222.364,100.0,222.0,40.0,241.987,,,0.8473,0.1527,,False,on_map_at_end
1788,pkw,1538.0,,262.0,,1515.734,76.0,94.0,168.0,123.538,,,0.3588,0.6412,,False,on_map_at_end
1791,pkw,1540.0,,260.0,,1475.633,73.0,93.0,167.0,125.896,,,0.3577,0.6423,,False,on_map_at_end
1792,pkw,1541.0,,259.0,,1402.98,79.0,90.0,169.0,126.505,,,0.3475,0.6525,,False,on_map_at_end
1794,pkw,1546.0,,254.0,,214.863,100.0,212.0,42.0,234.662,,,0.8346,0.1654,,False,on_map_at_end
1795,pkw,1549.0,,251.0,,833.466,33.0,71.0,180.0,166.801,,,0.2829,0.7171,,False,on_map_at_end
1796,pkw,1551.0,,249.0,,76.637,100.0,220.0,29.0,242.103,,,0.8835,0.1165,,False,on_map_at_end
1797,pkw,1551.0,,249.0,,399.953,100.0,203.0,46.0,213.004,,,0.8153,0.1847,,False,on_map_at_end
1798,pkw,1552.0,,248.0,,69.136,100.0,220.0,28.0,241.778,,,0.8871,0.1129,,False,on_map_at_end
1799,pkw,1554.0,,246.0,,2098.75,1.0,1.0,245.0,33.103,,,0.0041,0.9959,,False,on_map_at_end
1800,pkw,1555.0,,245.0,,207.362,100.0,207.0,38.0,226.337,,,0.8449,0.1551,,False,on_map_at_end
1801,pkw,1556.0,,244.0,,767.404,100.0,126.0,118.0,142.698,,,0.5164,0.4836,,False,on_map_at_end
1802,pkw,1559.0,,241.0,,1342.841,55.0,73.0,168.0,118.771,,,0.3029,0.6971,,False,on_map_at_end
1803,pkw,1559.0,,241.0,,759.903,100.0,106.0,135.0,122.628,,,0.4398,0.5602,,False,on_map_at_end
1804,pkw,1559.0,,241.0,,403.738,100.0,179.0,62.0,185.451,,,0.7427,0.2573,,False,on_map_at_end
1805,pkw,1564.0,,236.0,,361.947,100.0,185.0,51.0,200.487,,,0.7839,0.2161,,False,on_map_at_end
1806,pkw,1564.0,,236.0,,1486.759,72.0,75.0,161.0,100.201,,,0.3178,0.6822,,False,on_map_at_end
1807,pkw,1565.0,,235.0,,1599.265,39.0,41.0,194.0,67.368,,,0.1745,0.8255,,False,on_map_at_end
1808,pkw,1565.0,,235.0,,1106.152,100.0,126.0,109.0,134.28,,,0.5362,0.4638,,False,on_map_at_end
1809,pkw,1566.0,,234.0,,844.853,100.0,139.0,95.0,156.634,,,0.594,0.406,,False,on_map_at_end
181,pkw,320.0,,1480.0,,1585.696,100.0,1263.0,217.0,1323.872,,,0.8534,0.1466,,False,on_map_at_end
1810,pkw,1567.0,,233.0,,61.635,100.0,207.0,26.0,227.453,,,0.8884,0.1116,,False,on_map_at_end
1813,pkw,1575.0,,225.0,,2211.699,9.0,9.0,216.0,25.258,,,0.04,0.96,,False,on_map_at_end
1814,pkw,1580.0,,220.0,,602.091,100.0,152.0,68.0,165.601,,,0.6909,0.3091,,False,on_map_at_end
1815,pkw,1582.0,,218.0,,2114.52,0.0,2.0,216.0,20.275,,,0.0092,0.9908,,False,on_map_at_end
1816,pkw,1584.0,,216.0,,1213.938,94.0,93.0,123.0,105.036,,,0.4306,0.5694,,False,on_map_at_end
1817,pkw,1584.0,,216.0,,396.237,100.0,165.0,51.0,171.817,,,0.7639,0.2361,,False,on_map_at_end
1818,pkw,1584.0,,216.0,,1404.357,60.0,59.0,157.0,89.607,,,0.2731,0.7269,,False,on_map_at_end
1819,pkw,1585.0,,215.0,,1135.633,86.0,89.0,126.0,111.303,,,0.414,0.586,,False,on_map_at_end
182,pkw,321.0,,1479.0,,2317.326,100.0,1194.0,285.0,1257.145,,,0.8073,0.1927,,False,on_map_at_end
1820,pkw,1587.0,,213.0,,767.473,34.0,53.0,160.0,138.92,,,0.2488,0.7512,,False,on_map_at_end
1822,pkw,1590.0,,210.0,,2083.055,0.0,0.0,210.0,18.537,,,0.0,1.0,,False,on_map_at_end
1823,pkw,1591.0,,209.0,,1355.978,69.0,68.0,141.0,86.416,,,0.3254,0.6746,,False,on_map_at_end
1824,pkw,1591.0,,209.0,,1635.329,32.0,31.0,178.0,60.666,,,0.1483,0.8517,,False,on_map_at_end
1825,pkw,1593.0,,207.0,,1839.933,18.0,17.0,190.0,39.784,,,0.0821,0.9179,,False,on_map_at_end
1826,pkw,1596.0,,204.0,,1571.986,0.0,9.0,195.0,28.544,,,0.0441,0.9559,,False,on_map_at_end
1827,pkw,1598.0,,202.0,,334.006,100.0,146.0,56.0,167.716,,,0.7228,0.2772,,False,on_map_at_end
1828,pkw,1598.0,,202.0,,341.843,100.0,157.0,45.0,170.703,,,0.7772,0.2228,,False,on_map_at_end
1830,pkw,1600.0,,200.0,,413.557,78.0,141.0,59.0,162.135,,,0.705,0.295,,False,on_map_at_end
1832,pkw,1606.0,,194.0,,1120.631,64.0,67.0,127.0,92.195,,,0.3454,0.6546,,False,on_map_at_end
1834,pkw,1611.0,,189.0,,280.395,100.0,144.0,45.0,158.403,,,0.7619,0.2381,,False,on_map_at_end
1835,pkw,1608.0,,192.0,,1471.757,44.0,43.0,149.0,57.741,,,0.224,0.776,,False,on_map_at_end
1836,pkw,1610.0,,190.0,,1688.463,0.0,25.0,165.0,37.006,,,0.1316,0.8684,,False,on_map_at_end
1837,pkw,1611.0,,189.0,,1269.352,33.0,38.0,151.0,70.32,,,0.2011,0.7989,,False,on_map_at_end
1838,pkw,1611.0,,189.0,,199.861,100.0,151.0,38.0,171.012,,,0.7989,0.2011,,False,on_map_at_end
1839,pkw,1614.0,,186.0,,951.979,75.0,74.0,112.0,85.871,,,0.3978,0.6022,,False,on_map_at_end
1840,pkw,1616.0,,184.0,,97.694,100.0,164.0,20.0,175.207,,,0.8913,0.1087,,False,on_map_at_end
1841,pkw,1617.0,,183.0,,1422.601,30.0,30.0,153.0,46.893,,,0.1639,0.8361,,False,on_map_at_end
1842,pkw,1617.0,,183.0,,979.169,23.0,36.0,147.0,94.845,,,0.1967,0.8033,,False,on_map_at_end
1843,pkw,1650.0,,150.0,,26.338,100.0,141.0,9.0,147.218,,,0.94,0.06,,False,on_map_at_end
1844,pkw,1618.0,,182.0,,754.252,100.0,102.0,80.0,111.199,,,0.5604,0.4396,,False,on_map_at_end
1845,pkw,1619.0,,181.0,,772.378,44.0,54.0,127.0,111.485,,,0.2983,0.7017,,False,on_map_at_end
1847,pkw,1623.0,,177.0,,1861.934,0.0,0.0,177.0,8.868,,,0.0,1.0,,False,on_map_at_end
1848,pkw,1628.0,,172.0,,392.452,100.0,124.0,48.0,136.679,,,0.7209,0.2791,,False,on_map_at_end
1849,pkw,1628.0,,172.0,,744.901,46.0,45.0,127.0,64.374,,,0.2616,0.7384,,False,on_map_at_end
1850,pkw,1629.0,,171.0,,461.249,100.0,122.0,49.0,129.423,,,0.7135,0.2865,,False,on_map_at_end
1851,pkw,1629.0,,171.0,,1303.024,33.0,33.0,138.0,52.77,,,0.193,0.807,,False,on_map_at_end
1852,pkw,1630.0,,170.0,,1135.399,55.0,54.0,116.0,64.498,,,0.3176,0.6824,,False,on_map_at_end
1853,pkw,1634.0,,166.0,,836.406,40.0,39.0,127.0,84.393,,,0.2349,0.7651,,False,on_map_at_end
1854,pkw,1635.0,,165.0,,1235.365,35.0,37.0,128.0,52.029,,,0.2242,0.7758,,False,on_map_at_end
1855,pkw,1635.0,,165.0,,192.36,100.0,128.0,37.0,147.687,,,0.7758,0.2242,,False,on_map_at_end
1857,pkw,1638.0,,162.0,,977.239,0.0,0.0,162.0,17.836,,,0.0,1.0,,False,on_map_at_end
1858,pkw,1639.0,,161.0,,87.339,100.0,150.0,11.0,153.139,,,0.9317,0.0683,,False,on_map_at_end
1859,pkw,1640.0,,160.0,,920.638,59.0,58.0,102.0,71.143,,,0.3625,0.6375,,False,on_map_at_end
1861,pkw,1643.0,,157.0,,779.069,68.0,67.0,90.0,81.81,,,0.4268,0.5732,,False,on_map_at_end
1863,pkw,1644.0,,156.0,,899.815,34.0,34.0,122.0,75.016,,,0.2179,0.7821,,False,on_map_at_end
1864,pkw,1645.0,,155.0,,526.338,45.0,45.0,110.0,103.976,,,0.2903,0.7097,,False,on_map_at_end
1865,pkw,1647.0,,153.0,,54.134,100.0,142.0,11.0,148.128,,,0.9281,0.0719,,False,on_map_at_end
1866,pkw,1647.0,,153.0,,1511.734,1.0,1.0,152.0,16.709,,,0.0065,0.9935,,False,on_map_at_end
1867,pkw,1649.0,,151.0,,1206.098,0.0,0.0,151.0,11.662,,,0.0,1.0,,False,on_map_at_end
1868,pkw,1649.0,,151.0,,856.719,32.0,38.0,113.0,61.773,,,0.2517,0.7483,,False,on_map_at_end
1869,pkw,1650.0,,150.0,,1580.088,0.0,0.0,150.0,7.021,,,0.0,1.0,,False,on_map_at_end
1871,pkw,1652.0,,148.0,,445.08,80.0,91.0,57.0,107.942,,,0.6149,0.3851,,False,on_map_at_end
1872,pkw,1653.0,,147.0,,431.146,81.0,87.0,60.0,108.196,,,0.5918,0.4082,,False,on_map_at_end
1873,pkw,1654.0,,146.0,,184.858,100.0,112.0,34.0,129.363,,,0.7671,0.2329,,False,on_map_at_end
1874,pkw,1654.0,,146.0,,384.951,100.0,107.0,39.0,111.354,,,0.7329,0.2671,,False,on_map_at_end
1875,pkw,1655.0,,145.0,,225.922,100.0,112.0,33.0,124.406,,,0.7724,0.2276,,False,on_map_at_end
1876,pkw,1658.0,,142.0,,326.841,100.0,107.0,35.0,112.064,,,0.7535,0.2465,,False,on_map_at_end
1878,pkw,1665.0,,135.0,,1141.053,5.0,9.0,126.0,24.11,,,0.0667,0.9333,,False,on_map_at_end
1879,pkw,1666.0,,134.0,,708.306,31.0,33.0,101.0,50.103,,,0.2463,0.7537,,False,on_map_at_end
1880,pkw,1667.0,,133.0,,1231.347,0.0,0.0,133.0,18.427,,,0.0,1.0,,False,on_map_at_end
1881,pkw,1668.0,,132.0,,46.633,100.0,125.0,7.0,127.803,,,0.947,0.053,,False,on_map_at_end
1883,pkw,1669.0,,131.0,,1163.792,5.0,5.0,126.0,21.094,,,0.0382,0.9618,,False,on_map_at_end
1884,pkw,1670.0,,130.0,,92.56,100.0,113.0,17.0,121.432,,,0.8692,0.1308,,False,on_map_at_end
1885,pkw,1671.0,,129.0,,1067.829,18.0,17.0,112.0,31.807,,,0.1318,0.8682,,False,on_map_at_end
1886,pkw,1671.0,,129.0,,1187.572,9.0,8.0,121.0,20.91,,,0.062,0.938,,False,on_map_at_end
1887,pkw,1672.0,,128.0,,869.829,39.0,38.0,90.0,49.126,,,0.2969,0.7031,,False,on_map_at_end
1888,pkw,1673.0,,127.0,,748.533,22.0,21.0,106.0,49.673,,,0.1654,0.8346,,False,on_map_at_end
1889,pkw,1675.0,,125.0,,1142.699,3.0,3.0,122.0,19.786,,,0.024,0.976,,False,on_map_at_end
1890,pkw,1675.0,,125.0,,1265.039,0.0,0.0,125.0,9.899,,,0.0,1.0,,False,on_map_at_end
1891,pkw,1680.0,,120.0,,1120.718,9.0,8.0,112.0,18.007,,,0.0667,0.9333,,False,on_map_at_end
1892,pkw,1681.0,,119.0,,1240.189,0.0,0.0,119.0,6.552,,,0.0,1.0,,False,on_map_at_end
1893,pkw,1681.0,,119.0,,1181.984,3.0,3.0,116.0,12.62,,,0.0252,0.9748,,False,on_map_at_end
1894,pkw,1681.0,,119.0,,1022.36,18.0,18.0,101.0,26.987,,,0.1513,0.8487,,False,on_map_at_end
1895,pkw,1681.0,,119.0,,1061.635,0.0,0.0,119.0,18.28,,,0.0,1.0,,False,on_map_at_end
1896,pkw,1682.0,,118.0,,493.686,61.0,60.0,58.0,69.995,,,0.5085,0.4915,,False,on_map_at_end
1897,pkw,1682.0,,118.0,,1135.038,0.0,0.0,118.0,13.265,,,0.0,1.0,,False,on_map_at_end
1898,pkw,1683.0,,117.0,,572.086,53.0,55.0,62.0,65.052,,,0.4701,0.5299,,False,on_map_at_end
1899,pkw,1684.0,,116.0,,984.4,2.0,2.0,114.0,14.869,,,0.0172,0.9828,,False,on_map_at_end
1900,pkw,1688.0,,112.0,,1065.483,4.0,4.0,108.0,15.474,,,0.0357,0.9643,,False,on_map_at_end
1901,pkw,1689.0,,111.0,,1036.708,6.0,6.0,105.0,17.019,,,0.0541,0.9459,,False,on_map_at_end
1903,pkw,1691.0,,109.0,,558.839,36.0,35.0,74.0,46.527,,,0.3211,0.6789,,False,on_map_at_end
1904,pkw,1692.0,,108.0,,1113.918,0.0,0.0,108.0,6.783,,,0.0,1.0,,False,on_map_at_end
1905,pkw,1695.0,,105.0,,1031.166,0.0,0.0,105.0,10.527,,,0.0,1.0,,False,on_map_at_end
1906,pkw,1695.0,,105.0,,177.357,87.0,86.0,19.0,89.038,,,0.819,0.181,,False,on_map_at_end
1907,pkw,1696.0,,104.0,,551.338,31.0,30.0,74.0,41.555,,,0.2885,0.7115,,False,on_map_at_end
1908,pkw,1698.0,,102.0,,739.25,3.0,2.0,100.0,14.469,,,0.0196,0.9804,,False,on_map_at_end
1909,pkw,1698.0,,102.0,,169.856,84.0,83.0,19.0,86.713,,,0.8137,0.1863,,False,on_map_at_end
191,pkw,334.0,,1466.0,,2309.825,100.0,1191.0,275.0,1252.045,,,0.8124,0.1876,,False,on_map_at_end
1910,pkw,1701.0,,99.0,,900.101,3.0,3.0,96.0,16.679,,,0.0303,0.9697,,False,on_map_at_end
1911,pkw,1702.0,,98.0,,972.781,0.0,0.0,98.0,9.534,,,0.0,1.0,,False,on_map_at_end
1912,pkw,1702.0,,98.0,,1036.552,0.0,0.0,98.0,4.709,,,0.0,1.0,,False,on_map_at_end
1913,pkw,1704.0,,96.0,,890.64,6.0,6.0,90.0,15.454,,,0.0625,0.9375,,False,on_map_at_end
1914,pkw,1704.0,,96.0,,908.375,2.0,2.0,94.0,13.953,,,0.0208,0.9792,,False,on_map_at_end
1915,pkw,1705.0,,95.0,,799.489,11.0,10.0,85.0,22.008,,,0.1053,0.8947,,False,on_map_at_end
1916,pkw,1708.0,,92.0,,960.066,0.0,0.0,92.0,5.193,,,0.0,1.0,,False,on_map_at_end
1917,pkw,1709.0,,91.0,,882.858,0.0,0.0,91.0,9.38,,,0.0,1.0,,False,on_map_at_end
1918,pkw,1709.0,,91.0,,767.17,0.0,0.0,91.0,7.666,,,0.0,1.0,,False,on_map_at_end
1919,pkw,1709.0,,91.0,,319.34,56.0,55.0,36.0,61.714,,,0.6044,0.3956,,False,on_map_at_end
1920,pkw,1711.0,,89.0,,82.447,75.0,74.0,15.0,77.742,,,0.8315,0.1685,,False,on_map_at_end
1921,pkw,1712.0,,88.0,,444.429,36.0,35.0,53.0,45.14,,,0.3977,0.6023,,False,on_map_at_end
1922,pkw,1712.0,,88.0,,747.358,12.0,12.0,76.0,20.093,,,0.1364,0.8636,,False,on_map_at_end
1923,pkw,1712.0,,88.0,,458.109,43.0,42.0,46.0,46.77,,,0.4773,0.5227,,False,on_map_at_end
1924,pkw,1713.0,,87.0,,853.648,0.0,0.0,87.0,6.043,,,0.0,1.0,,False,on_map_at_end
1925,pkw,1715.0,,85.0,,589.358,0.0,0.0,85.0,7.19,,,0.0,1.0,,False,on_map_at_end
1926,pkw,1715.0,,85.0,,859.145,2.0,2.0,83.0,7.597,,,0.0235,0.9765,,False,on_map_at_end
1927,pkw,1715.0,,85.0,,162.355,68.0,67.0,18.0,70.388,,,0.7882,0.2118,,False,on_map_at_end
1928,pkw,1716.0,,84.0,,377.45,46.0,45.0,39.0,50.029,,,0.5357,0.4643,,False,on_map_at_end
1929,pkw,1718.0,,82.0,,825.64,0.0,0.0,82.0,5.733,,,0.0,1.0,,False,on_map_at_end
1930,pkw,1723.0,,77.0,,743.174,0.0,0.0,77.0,8.143,,,0.0,1.0,,False,on_map_at_end
1931,pkw,1724.0,,76.0,,700.49,0.0,0.0,76.0,6.129,,,0.0,1.0,,False,on_map_at_end
1932,pkw,1730.0,,70.0,,39.132,65.0,64.0,6.0,66.478,,,0.9143,0.0857,,False,on_map_at_end
1933,pkw,1731.0,,69.0,,369.949,32.0,31.0,38.0,35.704,,,0.4493,0.5507,,False,on_map_at_end
1934,pkw,1731.0,,69.0,,491.316,17.0,17.0,52.0,24.454,,,0.2464,0.7536,,False,on_map_at_end
1935,pkw,1732.0,,68.0,,529.999,9.0,9.0,59.0,19.9,,,0.1324,0.8676,,False,on_map_at_end
1936,pkw,1735.0,,65.0,,647.992,0.0,0.0,65.0,6.68,,,0.0,1.0,,False,on_map_at_end
1937,pkw,1736.0,,64.0,,678.779,0.0,0.0,64.0,2.909,,,0.0,1.0,,False,on_map_at_end
1938,pkw,1737.0,,63.0,,606.809,0.0,0.0,63.0,8.387,,,0.0,1.0,,False,on_map_at_end
1939,pkw,1739.0,,61.0,,568.936,1.0,2.0,59.0,8.173,,,0.0328,0.9672,,False,on_map_at_end
1940,pkw,1739.0,,61.0,,628.027,0.0,0.0,61.0,4.477,,,0.0,1.0,,False,on_map_at_end
1941,pkw,1740.0,,60.0,,590.517,0.0,0.0,60.0,3.905,,,0.0,1.0,,False,on_map_at_end
1942,pkw,1740.0,,60.0,,609.607,0.0,0.0,60.0,3.755,,,0.0,1.0,,False,on_map_at_end
1943,pkw,1740.0,,60.0,,272.127,0.0,0.0,60.0,6.574,,,0.0,1.0,,False,on_map_at_end
1944,pkw,1740.0,,60.0,,296.837,29.0,28.0,32.0,32.715,,,0.4667,0.5333,,False,on_map_at_end
1945,pkw,1741.0,,59.0,,410.18,3.0,3.0,56.0,22.083,,,0.0508,0.9492,,False,on_map_at_end
1946,pkw,1742.0,,58.0,,587.926,0.0,0.0,58.0,4.457,,,0.0,1.0,,False,on_map_at_end
1947,pkw,1743.0,,57.0,,419.571,0.0,0.0,57.0,4.608,,,0.0,1.0,,False,on_map_at_end
1948,pkw,1744.0,,56.0,,74.946,44.0,43.0,13.0,47.399,,,0.7679,0.2321,,False,on_map_at_end
1949,pkw,1745.0,,55.0,,502.074,0.0,0.0,55.0,6.765,,,0.0,1.0,,False,on_map_at_end
1950,pkw,1745.0,,55.0,,302.648,17.0,16.0,39.0,22.335,,,0.2909,0.7091,,False,on_map_at_end
1951,pkw,1746.0,,54.0,,402.973,5.0,5.0,49.0,17.121,,,0.0926,0.9074,,False,on_map_at_end
1952,pkw,1746.0,,54.0,,557.764,0.0,0.0,54.0,3.69,,,0.0,1.0,,False,on_map_at_end
1953,pkw,1747.0,,53.0,,549.182,0.0,0.0,53.0,3.573,,,0.0,1.0,,False,on_map_at_end
1954,pkw,1749.0,,51.0,,534.88,0.0,0.0,51.0,2.616,,,0.0,1.0,,False,on_map_at_end
1955,pkw,1750.0,,50.0,,309.222,0.0,0.0,50.0,4.131,,,0.0,1.0,,False,on_map_at_end
1956,pkw,1751.0,,49.0,,431.812,0.0,0.0,49.0,3.587,,,0.0,1.0,,False,on_map_at_end
1957,pkw,1752.0,,48.0,,325.478,13.0,12.0,36.0,18.399,,,0.25,0.75,,False,on_map_at_end
1958,pkw,1754.0,,46.0,,477.303,0.0,0.0,46.0,2.702,,,0.0,1.0,,False,on_map_at_end
1959,pkw,1755.0,,45.0,,398.497,3.0,3.0,42.0,9.135,,,0.0667,0.9333,,False,on_map_at_end
196,pkw,339.0,,1461.0,,2654.216,94.0,1144.0,317.0,1207.659,,,0.783,0.217,,False,on_map_at_end
1960,pkw,1757.0,,43.0,,378.351,2.0,1.0,42.0,7.398,,,0.0233,0.9767,,False,on_map_at_end
1961,pkw,1756.0,,44.0,,350.299,6.0,6.0,38.0,12.01,,,0.1364,0.8636,,False,on_map_at_end
1962,pkw,1756.0,,44.0,,362.417,0.0,0.0,44.0,4.822,,,0.0,1.0,,False,on_map_at_end
1963,pkw,1758.0,,42.0,,31.63,37.0,36.0,6.0,39.153,,,0.8571,0.1429,,False,on_map_at_end
1964,pkw,1761.0,,39.0,,154.854,21.0,20.0,19.0,25.063,,,0.5128,0.4872,,False,on_map_at_end
1965,pkw,1762.0,,38.0,,334.812,0.0,0.0,38.0,2.782,,,0.0,1.0,,False,on_map_at_end
1966,pkw,1763.0,,37.0,,327.869,0.0,0.0,37.0,7.379,,,0.0,1.0,,False,on_map_at_end
1967,pkw,1764.0,,36.0,,309.637,0.0,0.0,36.0,8.095,,,0.0,1.0,,False,on_map_at_end
1968,pkw,1765.0,,35.0,,268.404,0.0,0.0,35.0,3.869,,,0.0,1.0,,False,on_map_at_end
1969,pkw,1766.0,,34.0,,355.573,0.0,0.0,34.0,1.555,,,0.0,1.0,,False,on_map_at_end
1970,pkw,1767.0,,33.0,,197.009,10.0,9.0,24.0,14.448,,,0.2727,0.7273,,False,on_map_at_end
1971,pkw,1769.0,,31.0,,292.332,0.0,0.0,31.0,2.152,,,0.0,1.0,,False,on_map_at_end
1972,pkw,1773.0,,27.0,,180.976,7.0,8.0,19.0,10.712,,,0.2963,0.7037,,False,on_map_at_end
1973,pkw,1773.0,,27.0,,283.761,0.0,0.0,27.0,1.461,,,0.0,1.0,,False,on_map_at_end
1974,pkw,1783.0,,17.0,,153.019,0.0,0.0,17.0,3.228,,,0.0,1.0,,False,on_map_at_end
1975,pkw,1777.0,,23.0,,173.918,0.0,0.0,23.0,3.572,,,0.0,1.0,,False,on_map_at_end
1976,pkw,1779.0,,21.0,,200.834,0.0,0.0,21.0,2.925,,,0.0,1.0,,False,on_map_at_end
1977,pkw,1781.0,,19.0,,102.379,6.0,5.0,14.0,8.918,,,0.2632,0.7368,,False,on_map_at_end
1978,pkw,1784.0,,16.0,,114.897,1.0,1.0,15.0,5.333,,,0.0625,0.9375,,False,on_map_at_end
1979,pkw,1785.0,,15.0,,148.648,0.0,0.0,15.0,1.203,,,0.0,1.0,,False,on_map_at_end
1980,pkw,1786.0,,14.0,,144.057,0.0,0.0,14.0,1.035,,,0.0,1.0,,False,on_map_at_end
1981,pkw,1787.0,,13.0,,108.024,0.0,0.0,13.0,0.739,,,0.0,1.0,,False,on_map_at_end
1982,pkw,1790.0,,10.0,,106.064,0.0,0.0,10.0,0.454,,,0.0,1.0,,False,on_map_at_end
1983,pkw,1790.0,,10.0,,87.469,0.0,0.0,10.0,1.363,,,0.0,1.0,,False,on_map_at_end
1984,pkw,1790.0,,10.0,,107.233,0.0,0.0,10.0,0.349,,,0.0,1.0,,False,on_map_at_end
1985,pkw,1791.0,,9.0,,86.916,0.0,0.0,9.0,1.177,,,0.0,1.0,,False,on_map_at_end
1986,pkw,1791.0,,9.0,,24.129,5.0,4.0,5.0,6.828,,,0.4444,0.5556,,False,on_map_at_end
1987,pkw,1794.0,,6.0,,64.23,0.0,0.0,6.0,0.219,,,0.0,1.0,,False,on_map_at_end
1988,pkw,1794.0,,6.0,,64.257,0.0,0.0,6.0,0.217,,,0.0,1.0,,False,on_map_at_end
1989,pkw,1799.0,,1.0,,11.079,0.0,0.0,1.0,0.003,,,0.0,1.0,,False,on_map_at_end
202,pkw,349.0,,1451.0,,1668.768,100.0,1222.0,229.0,1282.029,,,0.8422,0.1578,,False,on_map_at_end
214,pkw,365.0,,1435.0,,1201.467,95.0,1267.0,168.0,1322.939,,,0.8829,0.1171,,False,on_map_at_end
231,pkw,393.0,,1407.0,,1606.91,100.0,1145.0,262.0,1216.04,,,0.8138,0.1862,,False,on_map_at_end
233,pkw,397.0,,1403.0,,2200.578,96.0,1133.0,270.0,1199.016,,,0.8076,0.1924,,False,on_map_at_end
240,pkw,408.0,,1392.0,,1164.907,100.0,1213.0,179.0,1274.227,,,0.8714,0.1286,,False,on_map_at_end
245,pkw,414.0,,1386.0,,1756.719,100.0,1133.0,253.0,1208.567,,,0.8175,0.1825,,False,on_map_at_end
250,pkw,418.0,,1382.0,,1616.261,100.0,1163.0,219.0,1227.251,,,0.8415,0.1585,,False,on_map_at_end
256,pkw,430.0,,1370.0,,1536.719,100.0,1125.0,245.0,1183.95,,,0.8212,0.1788,,False,on_map_at_end
257,pkw,429.0,,1371.0,,2348.225,93.0,1097.0,274.0,1158.812,,,0.8001,0.1999,,False,on_map_at_end
266,pkw,440.0,,1360.0,,1749.218,100.0,1125.0,235.0,1201.928,,,0.8272,0.1728,,False,on_map_at_end
267,pkw,442.0,,1358.0,,859.909,100.0,1254.0,104.0,1280.55,,,0.9234,0.0766,,False,on_map_at_end
268,pkw,443.0,,1357.0,,1592.646,100.0,1146.0,211.0,1209.775,,,0.8445,0.1555,,False,on_map_at_end
275,pkw,450.0,,1350.0,,2616.711,91.0,1031.0,319.0,1101.669,,,0.7637,0.2363,,False,on_map_at_end
276,pkw,451.0,,1349.0,,2573.408,58.0,1018.0,331.0,1101.501,,,0.7546,0.2454,,False,on_map_at_end
280,pkw,454.0,,1346.0,,1232.753,100.0,1173.0,173.0,1225.059,,,0.8715,0.1285,,False,on_map_at_end
285,pkw,466.0,,1334.0,,2380.079,100.0,1025.0,309.0,1078.689,,,0.7684,0.2316,,False,on_map_at_end
302,pkw,482.0,,1318.0,,1451.165,100.0,1113.0,205.0,1174.889,,,0.8445,0.1555,,False,on_map_at_end
306,pkw,487.0,,1313.0,,2062.374,92.0,1072.0,241.0,1126.874,,,0.8165,0.1835,,False,on_map_at_end
314,pkw,498.0,,1302.0,,1172.744,100.0,1131.0,171.0,1189.751,,,0.8687,0.1313,,False,on_map_at_end
322,pkw,509.0,,1291.0,,2007.936,100.0,1035.0,256.0,1109.328,,,0.8017,0.1983,,False,on_map_at_end
329,pkw,513.0,,1287.0,,822.404,100.0,1168.0,119.0,1212.431,,,0.9075,0.0925,,False,on_map_at_end
332,pkw,515.0,,1285.0,,1157.742,100.0,1129.0,156.0,1171.027,,,0.8786,0.1214,,False,on_map_at_end
333,pkw,516.0,,1284.0,,1416.703,100.0,1044.0,240.0,1116.526,,,0.8131,0.1869,,False,on_map_at_end
334,pkw,516.0,,1284.0,,1494.192,100.0,1066.0,218.0,1133.386,,,0.8302,0.1698,,False,on_map_at_end
339,pkw,530.0,,1270.0,,807.402,100.0,1147.0,123.0,1196.99,,,0.9031,0.0969,,False,on_map_at_end
345,pkw,535.0,,1265.0,,1178.964,100.0,1100.0,165.0,1155.555,,,0.8696,0.1304,,False,on_map_at_end
349,pkw,540.0,,1260.0,,1448.557,100.0,1056.0,204.0,1122.559,,,0.8381,0.1619,,False,on_map_at_end
351,pkw,540.0,,1260.0,,1316.193,100.0,1081.0,179.0,1138.345,,,0.8579,0.1421,,False,on_map_at_end
356,pkw,544.0,,1256.0,,1125.057,100.0,1104.0,152.0,1150.387,,,0.879,0.121,,False,on_map_at_end
358,pkw,545.0,,1255.0,,1795.273,100.0,1025.0,230.0,1082.886,,,0.8167,0.1833,,False,on_map_at_end
359,pkw,546.0,,1254.0,,2183.856,100.0,973.0,281.0,1045.219,,,0.7759,0.2241,,False,on_map_at_end
360,pkw,546.0,,1254.0,,762.395,100.0,1131.0,123.0,1185.088,,,0.9019,0.0981,,False,on_map_at_end
364,pkw,550.0,,1250.0,,1555.692,100.0,1019.0,231.0,1089.701,,,0.8152,0.1848,,False,on_map_at_end
365,pkw,551.0,,1249.0,,1117.556,100.0,1093.0,156.0,1141.028,,,0.8751,0.1249,,False,on_map_at_end
369,pkw,555.0,,1245.0,,2120.348,100.0,1008.0,237.0,1050.437,,,0.8096,0.1904,,False,on_map_at_end
372,pkw,557.0,,1243.0,,1057.548,100.0,1081.0,162.0,1142.907,,,0.8697,0.1303,,False,on_map_at_end
386,pkw,581.0,,1219.0,,1275.013,91.0,1023.0,196.0,1093.161,,,0.8392,0.1608,,False,on_map_at_end
392,pkw,590.0,,1210.0,,2077.376,100.0,966.0,244.0,1022.64,,,0.7983,0.2017,,False,on_map_at_end
395,pkw,591.0,,1209.0,,714.708,100.0,1107.0,102.0,1144.291,,,0.9156,0.0844,,False,on_map_at_end
398,pkw,595.0,,1205.0,,2276.089,90.0,940.0,265.0,998.481,,,0.7801,0.2199,,False,on_map_at_end
400,pkw,599.0,,1201.0,,1491.667,100.0,1010.0,191.0,1050.513,,,0.841,0.159,,False,on_map_at_end
402,pkw,602.0,,1198.0,,1249.511,100.0,1008.0,190.0,1070.9,,,0.8414,0.1586,,False,on_map_at_end
405,pkw,603.0,,1197.0,,1308.692,90.0,1019.0,178.0,1077.474,,,0.8513,0.1487,,False,on_map_at_end
406,pkw,603.0,,1197.0,,1540.69,100.0,990.0,207.0,1048.886,,,0.8271,0.1729,,False,on_map_at_end
412,pkw,608.0,,1192.0,,684.704,100.0,1085.0,107.0,1130.191,,,0.9102,0.0898,,False,on_map_at_end
417,pkw,610.0,,1190.0,,960.802,100.0,1043.0,147.0,1100.218,,,0.8765,0.1235,,False,on_map_at_end
420,pkw,613.0,,1187.0,,677.203,100.0,1081.0,106.0,1125.857,,,0.9107,0.0893,,False,on_map_at_end
421,pkw,613.0,,1187.0,,1698.539,100.0,979.0,208.0,1033.367,,,0.8248,0.1752,,False,on_map_at_end
429,pkw,615.0,,1185.0,,2032.37,91.0,947.0,238.0,1001.974,,,0.7992,0.2008,,False,on_map_at_end
435,pkw,619.0,,1181.0,,2106.26,85.0,912.0,269.0,985.873,,,0.7722,0.2278,,False,on_map_at_end
438,pkw,621.0,,1179.0,,2192.187,100.0,912.0,267.0,961.401,,,0.7735,0.2265,,False,on_map_at_end
442,pkw,622.0,,1178.0,,1921.787,100.0,950.0,228.0,1004.455,,,0.8065,0.1935,,False,on_map_at_end
445,pkw,624.0,,1176.0,,662.201,100.0,1064.0,112.0,1116.061,,,0.9048,0.0952,,False,on_map_at_end
447,pkw,625.0,,1175.0,,1914.286,100.0,944.0,231.0,1000.756,,,0.8034,0.1966,,False,on_map_at_end
450,pkw,628.0,,1172.0,,654.7,100.0,1060.0,112.0,1112.523,,,0.9044,0.0956,,False,on_map_at_end
453,pkw,632.0,,1168.0,,2067.618,100.0,914.0,254.0,980.792,,,0.7825,0.2175,,False,on_map_at_end
456,pkw,632.0,,1168.0,,295.875,100.0,1098.0,70.0,1140.749,,,0.9401,0.0599,,False,on_map_at_end
457,pkw,633.0,,1167.0,,1274.999,100.0,985.0,182.0,1040.124,,,0.844,0.156,,False,on_map_at_end
460,pkw,634.0,,1166.0,,2184.686,100.0,899.0,267.0,950.641,,,0.771,0.229,,False,on_map_at_end
461,pkw,635.0,,1165.0,,1184.449,100.0,1019.0,146.0,1056.914,,,0.8747,0.1253,,False,on_map_at_end
465,pkw,638.0,,1162.0,,1167.738,100.0,988.0,174.0,1039.862,,,0.8503,0.1497,,False,on_map_at_end
466,pkw,638.0,,1162.0,,1328.135,100.0,963.0,199.0,1026.875,,,0.8287,0.1713,,False,on_map_at_end
476,pkw,643.0,,1157.0,,1005.041,100.0,999.0,158.0,1061.015,,,0.8634,0.1366,,False,on_map_at_end
485,pkw,651.0,,1149.0,,1632.029,100.0,940.0,209.0,990.964,,,0.8181,0.1819,,False,on_map_at_end
488,pkw,656.0,,1144.0,,364.069,100.0,1057.0,87.0,1110.947,,,0.924,0.076,,False,on_map_at_end
489,pkw,659.0,,1141.0,,1452.962,100.0,930.0,211.0,995.172,,,0.8151,0.1849,,False,on_map_at_end
490,pkw,659.0,,1141.0,,1361.199,100.0,973.0,168.0,1016.1,,,0.8528,0.1472,,False,on_map_at_end
492,pkw,660.0,,1140.0,,1826.876,100.0,920.0,220.0,972.966,,,0.807,0.193,,False,on_map_at_end
495,pkw,664.0,,1136.0,,1313.133,100.0,930.0,206.0,1003.751,,,0.8187,0.1813,,False,on_map_at_end
498,pkw,665.0,,1135.0,,1264.513,100.0,942.0,193.0,1010.709,,,0.83,0.17,,False,on_map_at_end
499,pkw,666.0,,1134.0,,1585.559,100.0,898.0,236.0,931.818,,,0.7919,0.2081,,False,on_map_at_end
503,pkw,668.0,,1132.0,,1687.335,100.0,930.0,202.0,978.133,,,0.8216,0.1784,,False,on_map_at_end
504,pkw,669.0,,1131.0,,1183.107,100.0,976.0,155.0,1016.923,,,0.863,0.137,,False,on_map_at_end
506,pkw,672.0,,1128.0,,990.038,100.0,980.0,148.0,1035.407,,,0.8688,0.1312,,False,on_map_at_end
507,pkw,673.0,,1127.0,,951.499,100.0,978.0,149.0,1026.841,,,0.8678,0.1322,,False,on_map_at_end
513,pkw,678.0,,1122.0,,1934.375,80.0,800.0,322.0,905.535,,,0.713,0.287,,False,on_map_at_end
514,pkw,680.0,,1120.0,,824.437,100.0,981.0,139.0,1037.053,,,0.8759,0.1241,,False,on_map_at_end
517,pkw,681.0,,1119.0,,903.808,100.0,1007.0,112.0,1036.773,,,0.8999,0.1001,,False,on_map_at_end
521,pkw,684.0,,1116.0,,1172.489,100.0,967.0,149.0,999.849,,,0.8665,0.1335,,False,on_map_at_end
527,pkw,686.0,,1114.0,,943.998,100.0,975.0,139.0,1027.378,,,0.8752,0.1248,,False,on_map_at_end
528,pkw,687.0,,1113.0,,1755.784,100.0,902.0,211.0,954.952,,,0.8104,0.1896,,False,on_map_at_end
530,pkw,688.0,,1112.0,,617.195,100.0,1001.0,111.0,1056.32,,,0.9002,0.0998,,False,on_map_at_end
531,pkw,689.0,,1111.0,,609.694,100.0,1005.0,106.0,1055.454,,,0.9046,0.0954,,False,on_map_at_end
534,pkw,690.0,,1110.0,,1558.994,100.0,913.0,197.0,959.194,,,0.8225,0.1775,,False,on_map_at_end
535,pkw,691.0,,1109.0,,1400.454,100.0,919.0,190.0,967.792,,,0.8287,0.1713,,False,on_map_at_end
537,pkw,691.0,,1109.0,,1490.659,86.0,854.0,255.0,954.754,,,0.7701,0.2299,,False,on_map_at_end
549,pkw,701.0,,1099.0,,1157.487,100.0,949.0,150.0,985.01,,,0.8635,0.1365,,False,on_map_at_end
553,pkw,703.0,,1097.0,,2144.106,83.0,813.0,284.0,902.652,,,0.7411,0.2589,,False,on_map_at_end
557,pkw,707.0,,1093.0,,1771.963,100.0,891.0,202.0,932.881,,,0.8152,0.1848,,False,on_map_at_end
558,pkw,708.0,,1092.0,,799.599,100.0,981.0,111.0,1011.768,,,0.8984,0.1016,,False,on_map_at_end
559,pkw,708.0,,1092.0,,1149.986,100.0,945.0,147.0,982.794,,,0.8654,0.1346,,False,on_map_at_end
561,pkw,709.0,,1091.0,,579.689,100.0,990.0,101.0,1038.414,,,0.9074,0.0926,,False,on_map_at_end
563,pkw,710.0,,1090.0,,956.186,100.0,957.0,133.0,1003.483,,,0.878,0.122,,False,on_map_at_end
565,pkw,710.0,,1090.0,,2104.421,100.0,835.0,255.0,897.955,,,0.7661,0.2339,,False,on_map_at_end
568,pkw,713.0,,1087.0,,760.798,100.0,976.0,111.0,1006.174,,,0.8979,0.1021,,False,on_map_at_end
578,pkw,719.0,,1081.0,,914.755,100.0,949.0,132.0,998.214,,,0.8779,0.1221,,False,on_map_at_end
579,pkw,720.0,,1080.0,,1967.337,83.0,817.0,263.0,902.566,,,0.7565,0.2435,,False,on_map_at_end
589,pkw,729.0,,1071.0,,2620.411,100.0,723.0,348.0,822.886,,,0.6751,0.3249,,False,on_map_at_end
594,pkw,730.0,,1070.0,,1138.343,100.0,913.0,157.0,967.548,,,0.8533,0.1467,,False,on_map_at_end
595,pkw,732.0,,1068.0,,564.687,100.0,967.0,101.0,1017.035,,,0.9054,0.0946,,False,on_map_at_end
598,pkw,734.0,,1066.0,,1716.117,25.0,776.0,290.0,826.38,,,0.728,0.272,,False,on_map_at_end
601,pkw,735.0,,1065.0,,1542.277,85.0,843.0,222.0,926.11,,,0.7915,0.2085,,False,on_map_at_end
608,pkw,738.0,,1062.0,,1278.688,82.0,863.0,199.0,945.455,,,0.8126,0.1874,,False,on_map_at_end
609,pkw,739.0,,1061.0,,766.478,100.0,960.0,101.0,989.464,,,0.9048,0.0952,,False,on_map_at_end
610,pkw,740.0,,1060.0,,2260.774,100.0,813.0,247.0,855.109,,,0.767,0.233,,False,on_map_at_end
612,pkw,740.0,,1060.0,,1859.364,76.0,740.0,320.0,870.883,,,0.6981,0.3019,,False,on_map_at_end
613,pkw,741.0,,1059.0,,1987.583,78.0,781.0,278.0,879.677,,,0.7375,0.2625,,False,on_map_at_end
616,pkw,743.0,,1057.0,,1220.714,100.0,890.0,167.0,933.631,,,0.842,0.158,,False,on_map_at_end
617,pkw,743.0,,1057.0,,1381.408,82.0,842.0,215.0,932.614,,,0.7966,0.2034,,False,on_map_at_end
621,pkw,747.0,,1053.0,,1355.64,73.0,767.0,286.0,918.978,,,0.7284,0.2716,,False,on_map_at_end
626,pkw,751.0,,1049.0,,1872.74,100.0,828.0,221.0,879.536,,,0.7893,0.2107,,False,on_map_at_end
629,pkw,752.0,,1048.0,,1907.329,77.0,768.0,280.0,875.989,,,0.7328,0.2672,,False,on_map_at_end
644,pkw,766.0,,1034.0,,1891.325,100.0,814.0,220.0,857.385,,,0.7872,0.2128,,False,on_map_at_end
647,pkw,768.0,,1032.0,,1311.122,77.0,784.0,248.0,897.592,,,0.7597,0.2403,,False,on_map_at_end
648,pkw,768.0,,1032.0,,1855.142,100.0,817.0,215.0,863.584,,,0.7917,0.2083,,False,on_map_at_end
650,pkw,769.0,,1031.0,,1107.842,100.0,841.0,190.0,886.7,,,0.8157,0.1843,,False,on_map_at_end
654,pkw,771.0,,1029.0,,736.474,100.0,927.0,102.0,958.253,,,0.9009,0.0991,,False,on_map_at_end
656,pkw,772.0,,1028.0,,1962.637,100.0,790.0,238.0,850.249,,,0.7685,0.2315,,False,on_map_at_end
661,pkw,776.0,,1024.0,,1174.494,78.0,803.0,221.0,905.205,,,0.7842,0.2158,,False,on_map_at_end
662,pkw,775.0,,1025.0,,728.973,100.0,922.0,103.0,955.645,,,0.8995,0.1005,,False,on_map_at_end
666,pkw,780.0,,1020.0,,1546.009,97.0,706.0,314.0,743.909,,,0.6922,0.3078,,False,on_map_at_end
668,pkw,780.0,,1020.0,,1509.421,78.0,779.0,241.0,883.286,,,0.7637,0.2363,,False,on_map_at_end
669,pkw,781.0,,1019.0,,1074.961,74.0,778.0,241.0,914.918,,,0.7635,0.2365,,False,on_map_at_end
673,pkw,782.0,,1018.0,,2509.185,24.0,571.0,447.0,610.395,,,0.5609,0.4391,,False,on_map_at_end
678,pkw,785.0,,1015.0,,518.955,100.0,926.0,89.0,961.722,,,0.9123,0.0877,,False,on_map_at_end
679,pkw,787.0,,1013.0,,1469.482,75.0,731.0,282.0,866.13,,,0.7216,0.2784,,False,on_map_at_end
681,pkw,979.0,,821.0,,37.112,100.0,790.0,31.0,817.457,,,0.9622,0.0378,,False,on_map_at_end
695,pkw,798.0,,1002.0,,822.96,77.0,817.0,185.0,920.479,,,0.8154,0.1846,,False,on_map_at_end
696,pkw,799.0,,1001.0,,466.14,100.0,906.0,95.0,959.04,,,0.9051,0.0949,,False,on_map_at_end
698,pkw,802.0,,998.0,,1734.458,100.0,789.0,209.0,840.964,,,0.7906,0.2094,,False,on_map_at_end
701,pkw,803.0,,997.0,,1361.45,41.0,832.0,165.0,876.921,,,0.8345,0.1655,,False,on_map_at_end
703,pkw,803.0,,997.0,,1363.98,100.0,823.0,174.0,873.116,,,0.8255,0.1745,,False,on_map_at_end
704,pkw,804.0,,996.0,,2131.247,100.0,714.0,282.0,800.526,,,0.7169,0.2831,,False,on_map_at_end
706,pkw,805.0,,995.0,,436.135,100.0,912.0,83.0,955.295,,,0.9166,0.0834,,False,on_map_at_end
707,pkw,805.0,,995.0,,2214.288,58.0,621.0,374.0,677.042,,,0.6241,0.3759,,False,on_map_at_end
708,pkw,805.0,,995.0,,1047.596,100.0,800.0,195.0,843.23,,,0.804,0.196,,False,on_map_at_end
710,pkw,806.0,,994.0,,421.133,100.0,918.0,76.0,955.439,,,0.9235,0.0765,,False,on_map_at_end
712,pkw,807.0,,993.0,,807.957,76.0,798.0,195.0,913.915,,,0.8036,0.1964,,False,on_map_at_end
715,pkw,809.0,,991.0,,1345.541,100.0,815.0,176.0,861.495,,,0.8224,0.1776,,False,on_map_at_end
718,pkw,810.0,,990.0,,713.971,100.0,897.0,93.0,922.133,,,0.9061,0.0939,,False,on_map_at_end
721,pkw,812.0,,988.0,,84.964,100.0,932.0,56.0,980.353,,,0.9433,0.0567,,False,on_map_at_end
722,pkw,813.0,,987.0,,1330.539,100.0,801.0,186.0,857.865,,,0.8116,0.1884,,False,on_map_at_end
724,pkw,815.0,,985.0,,1040.095,100.0,795.0,190.0,843.694,,,0.8071,0.1929,,False,on_map_at_end
725,pkw,815.0,,985.0,,1855.031,100.0,762.0,223.0,815.067,,,0.7736,0.2264,,False,on_map_at_end
731,pkw,822.0,,978.0,,698.969,100.0,881.0,97.0,910.572,,,0.9008,0.0992,,False,on_map_at_end
733,pkw,823.0,,977.0,,1261.005,76.0,746.0,231.0,863.508,,,0.7636,0.2364,,False,on_map_at_end
738,pkw,825.0,,975.0,,406.131,100.0,907.0,68.0,938.387,,,0.9303,0.0697,,False,on_map_at_end
739,pkw,826.0,,974.0,,857.702,100.0,850.0,124.0,896.597,,,0.8727,0.1273,,False,on_map_at_end
741,pkw,829.0,,971.0,,1588.103,75.0,712.0,259.0,827.763,,,0.7333,0.2667,,False,on_map_at_end
744,pkw,831.0,,969.0,,668.169,100.0,886.0,83.0,906.007,,,0.9143,0.0857,,False,on_map_at_end
745,pkw,831.0,,969.0,,1101.139,72.0,717.0,252.0,867.273,,,0.7399,0.2601,,False,on_map_at_end
747,pkw,832.0,,968.0,,1581.432,100.0,774.0,194.0,821.898,,,0.7996,0.2004,,False,on_map_at_end
749,pkw,834.0,,966.0,,2037.718,87.0,662.0,304.0,749.275,,,0.6853,0.3147,,False,on_map_at_end
754,pkw,839.0,,961.0,,1963.678,94.0,657.0,304.0,776.536,,,0.6837,0.3163,,False,on_map_at_end
757,pkw,840.0,,960.0,,1116.036,77.0,751.0,209.0,858.784,,,0.7823,0.2177,,False,on_map_at_end
759,pkw,842.0,,958.0,,1017.592,100.0,768.0,190.0,804.508,,,0.8017,0.1983,,False,on_map_at_end
764,pkw,845.0,,955.0,,660.668,100.0,868.0,87.0,890.941,,,0.9089,0.0911,,False,on_map_at_end
766,pkw,845.0,,955.0,,1876.323,100.0,745.0,210.0,784.808,,,0.7801,0.2199,,False,on_map_at_end
768,pkw,846.0,,954.0,,1071.949,100.0,822.0,132.0,852.76,,,0.8616,0.1384,,False,on_map_at_end
770,pkw,847.0,,953.0,,1161.101,62.0,696.0,257.0,821.335,,,0.7303,0.2697,,False,on_map_at_end
773,pkw,849.0,,951.0,,571.709,100.0,851.0,100.0,899.308,,,0.8948,0.1052,,False,on_map_at_end
774,pkw,849.0,,951.0,,1064.448,100.0,816.0,135.0,852.627,,,0.858,0.142,,False,on_map_at_end
776,pkw,851.0,,949.0,,653.167,100.0,863.0,86.0,888.848,,,0.9094,0.0906,,False,on_map_at_end
780,pkw,855.0,,945.0,,2075.342,100.0,703.0,242.0,751.368,,,0.7439,0.2561,,False,on_map_at_end
783,pkw,856.0,,944.0,,1605.673,79.0,646.0,298.0,778.537,,,0.6843,0.3157,,False,on_map_at_end
784,pkw,856.0,,944.0,,1732.663,62.0,660.0,284.0,787.37,,,0.6992,0.3008,,False,on_map_at_end
785,pkw,858.0,,942.0,,1123.596,66.0,703.0,239.0,828.082,,,0.7463,0.2537,,False,on_map_at_end
787,pkw,861.0,,939.0,,1817.316,68.0,662.0,277.0,775.226,,,0.705,0.295,,False,on_map_at_end
791,pkw,864.0,,936.0,,926.048,100.0,803.0,133.0,851.468,,,0.8579,0.1421,,False,on_map_at_end
799,pkw,873.0,,927.0,,1034.444,100.0,790.0,137.0,827.125,,,0.8522,0.1478,,False,on_map_at_end
802,pkw,875.0,,925.0,,1802.635,100.0,731.0,194.0,761.911,,,0.7903,0.2097,,False,on_map_at_end
804,pkw,877.0,,923.0,,820.197,100.0,801.0,122.0,848.925,,,0.8678,0.1322,,False,on_map_at_end
806,pkw,878.0,,922.0,,1231.387,69.0,689.0,233.0,811.174,,,0.7473,0.2527,,False,on_map_at_end
809,pkw,880.0,,920.0,,812.696,100.0,803.0,117.0,846.715,,,0.8728,0.1272,,False,on_map_at_end
811,pkw,881.0,,919.0,,1160.706,100.0,769.0,150.0,808.915,,,0.8368,0.1632,,False,on_map_at_end
813,pkw,882.0,,918.0,,1095.105,100.0,750.0,168.0,798.95,,,0.817,0.183,,False,on_map_at_end
815,pkw,886.0,,914.0,,839.744,100.0,786.0,128.0,838.304,,,0.86,0.14,,False,on_map_at_end
819,pkw,887.0,,913.0,,645.666,100.0,828.0,85.0,852.323,,,0.9069,0.0931,,False,on_map_at_end
822,pkw,890.0,,910.0,,2835.287,90.0,487.0,423.0,607.259,,,0.5352,0.4648,,False,on_map_at_end
823,pkw,890.0,,910.0,,740.448,71.0,694.0,216.0,839.203,,,0.7626,0.2374,,False,on_map_at_end
826,pkw,891.0,,909.0,,913.577,84.0,707.0,202.0,819.946,,,0.7778,0.2222,,False,on_map_at_end
830,pkw,894.0,,906.0,,1435.168,100.0,750.0,156.0,776.065,,,0.8278,0.1722,,False,on_map_at_end
831,pkw,894.0,,906.0,,638.165,100.0,821.0,85.0,846.094,,,0.9062,0.0938,,False,on_map_at_end
834,pkw,898.0,,902.0,,613.887,100.0,810.0,92.0,843.536,,,0.898,0.102,,False,on_map_at_end
836,pkw,899.0,,901.0,,1518.549,87.0,677.0,224.0,750.262,,,0.7514,0.2486,,False,on_map_at_end
837,pkw,899.0,,901.0,,77.311,100.0,852.0,49.0,893.437,,,0.9456,0.0544,,False,on_map_at_end
839,pkw,901.0,,899.0,,630.664,100.0,815.0,84.0,838.159,,,0.9066,0.0934,,False,on_map_at_end
841,pkw,902.0,,898.0,,918.079,85.0,719.0,179.0,790.475,,,0.8007,0.1993,,False,on_map_at_end
845,pkw,903.0,,897.0,,932.254,80.0,685.0,212.0,810.018,,,0.7637,0.2363,,False,on_map_at_end
846,pkw,903.0,,897.0,,1164.252,78.0,655.0,242.0,778.233,,,0.7302,0.2698,,False,on_map_at_end
847,pkw,904.0,,896.0,,1674.06,78.0,638.0,258.0,741.55,,,0.7121,0.2879,,False,on_map_at_end
848,pkw,904.0,,896.0,,1646.455,66.0,638.0,258.0,746.708,,,0.7121,0.2879,,False,on_map_at_end
850,pkw,905.0,,895.0,,1932.882,100.0,672.0,223.0,719.643,,,0.7508,0.2492,,False,on_map_at_end
852,pkw,905.0,,895.0,,1072.602,91.0,732.0,163.0,782.034,,,0.8179,0.1821,,False,on_map_at_end
858,pkw,910.0,,890.0,,797.693,100.0,785.0,105.0,817.755,,,0.882,0.118,,False,on_map_at_end
863,pkw,913.0,,887.0,,384.179,100.0,823.0,64.0,852.424,,,0.9278,0.0722,,False,on_map_at_end
865,pkw,913.0,,887.0,,2213.772,88.0,618.0,269.0,681.048,,,0.6967,0.3033,,False,on_map_at_end
867,pkw,918.0,,882.0,,376.678,100.0,821.0,61.0,848.099,,,0.9308,0.0692,,False,on_map_at_end
868,pkw,919.0,,881.0,,361.676,100.0,818.0,63.0,848.449,,,0.9285,0.0715,,False,on_map_at_end
873,pkw,915.0,,885.0,,1802.314,66.0,636.0,249.0,722.665,,,0.7186,0.2814,,False,on_map_at_end
877,pkw,919.0,,881.0,,1677.315,76.0,633.0,248.0,727.939,,,0.7185,0.2815,,False,on_map_at_end
878,pkw,919.0,,881.0,,1772.31,58.0,633.0,248.0,720.942,,,0.7185,0.2815,,False,on_map_at_end
881,pkw,921.0,,879.0,,2127.499,100.0,649.0,230.0,679.014,,,0.7383,0.2617,,False,on_map_at_end
887,pkw,930.0,,870.0,,354.175,100.0,812.0,58.0,838.124,,,0.9333,0.0667,,False,on_map_at_end
889,pkw,934.0,,866.0,,346.674,100.0,808.0,58.0,834.799,,,0.933,0.067,,False,on_map_at_end
891,pkw,925.0,,875.0,,764.189,100.0,767.0,108.0,805.755,,,0.8766,0.1234,,False,on_map_at_end
896,pkw,927.0,,873.0,,1764.809,58.0,625.0,248.0,713.826,,,0.7159,0.2841,,False,on_map_at_end
897,pkw,928.0,,872.0,,1011.941,100.0,748.0,124.0,776.192,,,0.8578,0.1422,,False,on_map_at_end
898,pkw,928.0,,872.0,,1525.425,100.0,682.0,190.0,726.618,,,0.7821,0.2179,,False,on_map_at_end
899,pkw,928.0,,872.0,,2642.807,100.0,579.0,293.0,618.69,,,0.664,0.336,,False,on_map_at_end
900,pkw,930.0,,870.0,,992.323,100.0,742.0,128.0,780.69,,,0.8529,0.1471,,False,on_map_at_end
901,pkw,932.0,,868.0,,607.539,100.0,792.0,76.0,811.475,,,0.9124,0.0876,,False,on_map_at_end
905,pkw,932.0,,868.0,,1062.116,84.0,665.0,203.0,772.409,,,0.7661,0.2339,,False,on_map_at_end
909,pkw,934.0,,866.0,,2119.998,100.0,640.0,226.0,667.051,,,0.739,0.261,,False,on_map_at_end
910,pkw,935.0,,865.0,,984.822,100.0,730.0,135.0,776.365,,,0.8439,0.1561,,False,on_map_at_end
911,pkw,935.0,,865.0,,530.583,100.0,776.0,89.0,809.722,,,0.8971,0.1029,,False,on_map_at_end
913,pkw,936.0,,864.0,,1749.807,70.0,633.0,231.0,706.171,,,0.7326,0.2674,,False,on_map_at_end
916,pkw,938.0,,862.0,,776.298,85.0,703.0,159.0,773.152,,,0.8155,0.1845,,False,on_map_at_end
917,pkw,938.0,,862.0,,1138.203,100.0,709.0,153.0,749.773,,,0.8225,0.1775,,False,on_map_at_end
921,pkw,939.0,,861.0,,1340.427,100.0,706.0,155.0,739.543,,,0.82,0.18,,False,on_map_at_end
930,pkw,944.0,,856.0,,600.038,100.0,777.0,79.0,799.402,,,0.9077,0.0923,,False,on_map_at_end
932,pkw,944.0,,856.0,,1982.752,91.0,617.0,239.0,677.023,,,0.7208,0.2792,,False,on_map_at_end
936,pkw,949.0,,851.0,,592.537,100.0,777.0,74.0,796.341,,,0.913,0.087,,False,on_map_at_end
943,pkw,951.0,,849.0,,1255.591,77.0,630.0,219.0,727.271,,,0.742,0.258,,False,on_map_at_end
948,pkw,956.0,,844.0,,1558.407,97.0,614.0,230.0,702.777,,,0.7275,0.2725,,False,on_map_at_end
954,pkw,958.0,,842.0,,1681.951,100.0,656.0,186.0,690.051,,,0.7791,0.2209,,False,on_map_at_end
958,pkw,960.0,,840.0,,2547.115,100.0,541.0,299.0,605.896,,,0.644,0.356,,False,on_map_at_end
961,pkw,964.0,,836.0,,1538.163,73.0,595.0,241.0,695.814,,,0.7117,0.2883,,False,on_map_at_end
964,pkw,964.0,,836.0,,1004.44,100.0,709.0,127.0,741.384,,,0.8481,0.1519,,False,on_map_at_end
965,pkw,964.0,,836.0,,1115.699,100.0,685.0,151.0,729.308,,,0.8194,0.1806,,False,on_map_at_end
970,pkw,965.0,,835.0,,888.075,83.0,637.0,198.0,726.527,,,0.7629,0.2371,,False,on_map_at_end
971,pkw,966.0,,834.0,,996.939,100.0,704.0,130.0,737.76,,,0.8441,0.1559,,False,on_map_at_end
972,pkw,967.0,,833.0,,585.036,100.0,764.0,69.0,779.22,,,0.9172,0.0828,,False,on_map_at_end
976,pkw,978.0,,822.0,,1679.347,100.0,636.0,186.0,670.328,,,0.7737,0.2263,,False,on_map_at_end
977,pkw,969.0,,831.0,,989.438,100.0,701.0,130.0,736.492,,,0.8436,0.1564,,False,on_map_at_end
979,pkw,970.0,,830.0,,1534.909,97.0,592.0,238.0,690.933,,,0.7133,0.2867,,False,on_map_at_end
981,pkw,972.0,,828.0,,577.535,100.0,762.0,66.0,775.206,,,0.9203,0.0797,,False,on_map_at_end
982,pkw,973.0,,827.0,,1033.774,100.0,698.0,129.0,731.644,,,0.844,0.156,,False,on_map_at_end
991,pkw,980.0,,820.0,,1382.661,100.0,657.0,163.0,695.144,,,0.8012,0.1988,,False,on_map_at_end
993,pkw,982.0,,818.0,,552.409,100.0,754.0,64.0,768.283,,,0.9218,0.0782,,False,on_map_at_end
996,pkw,984.0,,816.0,,974.436,100.0,686.0,130.0,721.569,,,0.8407,0.1593,,False,on_map_at_end
