vehicle_id,vehicle_type,enter_time_s,departure_time_s,travel_time_s,route_distance_m,distance_traveled_m,accumulated_waiting_time_s,custom_wait_s,moving_time_s,time_loss_s,free_flow_time_s,delay_s,waiting_fraction,moving_fraction,schedule_efficiency,completed_trip,trip_status
16,pkw,24.0,100.0,76.0,,782.733,0.0,0.0,76.0,4.553,,,0.0,1.0,,True,completed
14,pkw,20.0,103.0,83.0,,731.442,8.0,8.0,75.0,16.17,,,0.0964,0.9036,,True,completed
32,pkw,51.0,119.0,68.0,,593.874,2.0,2.0,66.0,12.559,,,0.0294,0.9706,,True,completed
29,pkw,49.0,124.0,75.0,,754.094,0.0,0.0,75.0,5.183,,,0.0,1.0,,True,completed
11,pkw,18.0,125.0,107.0,,954.069,2.0,2.0,105.0,14.774,,,0.0187,0.9813,,True,completed
43,pkw,74.0,125.0,51.0,,379.175,0.0,0.0,51.0,3.92,,,0.0,1.0,,True,completed
13,pkw,19.0,145.0,126.0,,1215.742,4.0,4.0,122.0,14.618,,,0.0317,0.9683,,True,completed
5,pkw,5.0,177.0,172.0,,1583.334,1.0,2.0,170.0,21.757,,,0.0116,0.9884,,True,completed
53,pkw,93.0,196.0,103.0,,873.647,1.0,1.0,102.0,13.535,,,0.0097,0.9903,,True,completed
72,pkw,128.0,202.0,74.0,,736.773,0.0,0.0,74.0,5.65,,,0.0,1.0,,True,completed
51,pkw,91.0,203.0,112.0,,1054.483,0.0,0.0,112.0,10.602,,,0.0,1.0,,True,completed
20,pkw,30.0,205.0,175.0,,1654.026,0.0,0.0,175.0,15.759,,,0.0,1.0,,True,completed
19,pkw,30.0,207.0,177.0,,1804.87,0.0,0.0,177.0,13.146,,,0.0,1.0,,True,completed
36,pkw,55.0,209.0,154.0,,1355.696,0.0,9.0,145.0,25.775,,,0.0584,0.9416,,True,completed
22,pkw,35.0,212.0,177.0,,1804.16,0.0,0.0,177.0,12.065,,,0.0,1.0,,True,completed
23,pkw,36.0,217.0,181.0,,1228.191,14.0,14.0,167.0,33.077,,,0.0773,0.9227,,True,completed
59,pkw,103.0,220.0,117.0,,886.636,0.0,0.0,117.0,11.127,,,0.0,1.0,,True,completed
10,pkw,15.0,229.0,214.0,,1989.385,0.0,0.0,214.0,14.98,,,0.0,1.0,,True,completed
45,pkw,80.0,234.0,154.0,,1392.543,3.0,3.0,151.0,17.669,,,0.0195,0.9805,,True,completed
47,pkw,84.0,234.0,150.0,,1405.198,0.0,0.0,150.0,12.115,,,0.0,1.0,,True,completed
86,pkw,152.0,234.0,82.0,,740.197,4.0,4.0,78.0,14.382,,,0.0488,0.9512,,True,completed
17,pkw,27.0,235.0,208.0,,1677.261,3.0,15.0,193.0,37.808,,,0.0721,0.9279,,True,completed
9,pkw,12.0,239.0,227.0,,1959.444,10.0,15.0,212.0,44.02,,,0.0661,0.9339,,True,completed
7,pkw,9.0,242.0,233.0,,2217.802,0.0,5.0,228.0,25.761,,,0.0215,0.9785,,True,completed
101,pkw,182.0,253.0,71.0,,695.051,0.0,0.0,71.0,5.783,,,0.0,1.0,,True,completed
82,pkw,144.0,253.0,109.0,,1017.282,0.0,0.0,109.0,10.127,,,0.0,1.0,,True,completed
94,pkw,168.0,255.0,87.0,,676.426,11.0,12.0,75.0,23.712,,,0.1379,0.8621,,True,completed
18,pkw,28.0,258.0,230.0,,2217.562,5.0,5.0,225.0,26.015,,,0.0217,0.9783,,True,completed
57,pkw,100.0,264.0,164.0,,1591.208,0.0,0.0,164.0,13.54,,,0.0,1.0,,True,completed
26,pkw,41.0,268.0,227.0,,2220.069,5.0,5.0,222.0,24.211,,,0.022,0.978,,True,completed
42,pkw,74.0,269.0,195.0,,1769.328,4.0,5.0,190.0,27.232,,,0.0256,0.9744,,True,completed
38,pkw,59.0,270.0,211.0,,1868.459,8.0,11.0,200.0,33.23,,,0.0521,0.9479,,True,completed
1,pkw,2.0,274.0,272.0,,2748.378,0.0,2.0,270.0,22.845,,,0.0074,0.9926,,True,completed
15,pkw,22.0,277.0,255.0,,2452.046,0.0,0.0,255.0,17.709,,,0.0,1.0,,True,completed
48,pkw,84.0,279.0,195.0,,1593.833,14.0,15.0,180.0,40.01,,,0.0769,0.9231,,True,completed
74,pkw,130.0,280.0,150.0,,1522.839,0.0,0.0,150.0,7.514,,,0.0,1.0,,True,completed
34,pkw,52.0,283.0,231.0,,2002.707,0.0,1.0,230.0,25.221,,,0.0043,0.9957,,True,completed
76,pkw,136.0,283.0,147.0,,1525.017,0.0,0.0,147.0,7.536,,,0.0,1.0,,True,completed
41,pkw,70.0,290.0,220.0,,987.064,41.0,107.0,113.0,124.098,,,0.4864,0.5136,,True,completed
123,pkw,231.0,296.0,65.0,,532.594,4.0,4.0,61.0,13.065,,,0.0615,0.9385,,True,completed
78,pkw,137.0,297.0,160.0,,1519.796,0.0,0.0,160.0,15.651,,,0.0,1.0,,True,completed
108,pkw,195.0,302.0,107.0,,882.815,9.0,9.0,98.0,21.455,,,0.0841,0.9159,,True,completed
88,pkw,153.0,305.0,152.0,,1532.564,0.0,0.0,152.0,11.53,,,0.0,1.0,,True,completed
0,pkw,2.0,307.0,305.0,,1687.967,75.0,124.0,181.0,150.303,,,0.4066,0.5934,,True,completed
99,pkw,176.0,320.0,144.0,,1027.89,5.0,5.0,139.0,21.555,,,0.0347,0.9653,,True,completed
126,pkw,236.0,321.0,85.0,,873.69,0.0,0.0,85.0,4.568,,,0.0,1.0,,True,completed
115,pkw,211.0,322.0,111.0,,1037.49,0.0,0.0,111.0,10.016,,,0.0,1.0,,True,completed
120,pkw,224.0,327.0,103.0,,742.698,23.0,23.0,80.0,32.421,,,0.2233,0.7767,,True,completed
81,pkw,144.0,327.0,183.0,,1264.978,8.0,48.0,135.0,67.306,,,0.2623,0.7377,,True,completed
121,pkw,227.0,328.0,101.0,,942.376,0.0,0.0,101.0,6.933,,,0.0,1.0,,True,completed
147,pkw,271.0,328.0,57.0,,375.546,0.0,0.0,57.0,6.693,,,0.0,1.0,,True,completed
37,pkw,56.0,328.0,272.0,,2332.808,15.0,15.0,257.0,48.55,,,0.0551,0.9449,,True,completed
91,pkw,160.0,329.0,169.0,,1493.97,7.0,9.0,160.0,27.851,,,0.0533,0.9467,,True,completed
21,pkw,32.0,335.0,303.0,,2829.384,4.0,4.0,299.0,33.017,,,0.0132,0.9868,,True,completed
116,pkw,212.0,336.0,124.0,,647.958,34.0,34.0,90.0,46.546,,,0.2742,0.7258,,True,completed
55,pkw,98.0,343.0,245.0,,2131.6,0.0,0.0,245.0,19.085,,,0.0,1.0,,True,completed
25,pkw,39.0,344.0,305.0,,2633.807,2.0,21.0,284.0,61.411,,,0.0689,0.9311,,True,completed
110,pkw,202.0,347.0,145.0,,1479.956,0.0,0.0,145.0,9.714,,,0.0,1.0,,True,completed
124,pkw,232.0,348.0,116.0,,1017.528,2.0,2.0,114.0,17.482,,,0.0172,0.9828,,True,completed
97,pkw,173.0,354.0,181.0,,1462.741,15.0,15.0,166.0,38.295,,,0.0829,0.9171,,True,completed
141,pkw,258.0,356.0,98.0,,907.712,0.0,0.0,98.0,9.063,,,0.0,1.0,,True,completed
92,pkw,165.0,357.0,192.0,,1622.33,7.0,14.0,178.0,39.607,,,0.0729,0.9271,,True,completed
60,pkw,106.0,358.0,252.0,,1411.423,6.0,97.0,155.0,123.536,,,0.3849,0.6151,,True,completed
113,pkw,207.0,359.0,152.0,,1393.94,0.0,6.0,146.0,23.987,,,0.0395,0.9605,,True,completed
100,pkw,181.0,361.0,180.0,,1833.165,0.0,0.0,180.0,12.194,,,0.0,1.0,,True,completed
93,pkw,166.0,363.0,197.0,,1829.542,0.0,0.0,197.0,17.703,,,0.0,1.0,,True,completed
125,pkw,232.0,364.0,132.0,,1396.606,0.0,0.0,132.0,5.304,,,0.0,1.0,,True,completed
114,pkw,209.0,371.0,162.0,,1390.547,10.0,10.0,152.0,29.133,,,0.0617,0.9383,,True,completed
67,pkw,117.0,375.0,258.0,,2483.723,9.0,9.0,249.0,32.934,,,0.0349,0.9651,,True,completed
85,pkw,149.0,376.0,227.0,,1822.516,7.0,19.0,208.0,52.021,,,0.0837,0.9163,,True,completed
104,pkw,188.0,379.0,191.0,,1644.239,5.0,9.0,182.0,40.51,,,0.0471,0.9529,,True,completed
112,pkw,207.0,384.0,177.0,,1693.258,0.0,0.0,177.0,20.598,,,0.0,1.0,,True,completed
58,pkw,101.0,384.0,283.0,,1662.701,5.0,104.0,179.0,131.928,,,0.3675,0.6325,,True,completed
146,pkw,269.0,386.0,117.0,,1144.965,0.0,0.0,117.0,8.122,,,0.0,1.0,,True,completed
69,pkw,118.0,386.0,268.0,,2541.096,9.0,9.0,259.0,36.659,,,0.0336,0.9664,,True,completed
102,pkw,183.0,393.0,210.0,,2144.447,0.0,0.0,210.0,13.751,,,0.0,1.0,,True,completed
135,pkw,246.0,395.0,149.0,,1179.636,0.0,0.0,149.0,16.031,,,0.0,1.0,,True,completed
8,pkw,9.0,396.0,387.0,,1655.149,0.0,168.0,219.0,188.176,,,0.4341,0.5659,,True,completed
66,pkw,117.0,397.0,280.0,,2446.159,2.0,13.0,267.0,50.889,,,0.0464,0.9536,,True,completed
137,pkw,248.0,398.0,150.0,,1333.689,11.0,11.0,139.0,26.166,,,0.0733,0.9267,,True,completed
103,pkw,187.0,400.0,213.0,,1917.627,2.0,3.0,210.0,29.362,,,0.0141,0.9859,,True,completed
148,pkw,273.0,403.0,130.0,,971.395,12.0,12.0,118.0,27.72,,,0.0923,0.9077,,True,completed
168,pkw,309.0,406.0,97.0,,730.829,19.0,19.0,78.0,29.346,,,0.1959,0.8041,,True,completed
96,pkw,173.0,406.0,233.0,,2111.778,0.0,4.0,229.0,30.025,,,0.0172,0.9828,,True,completed
129,pkw,241.0,408.0,167.0,,1327.898,23.0,23.0,144.0,44.062,,,0.1377,0.8623,,True,completed
50,pkw,90.0,411.0,321.0,,1987.339,0.0,114.0,207.0,140.218,,,0.3551,0.6449,,True,completed
106,pkw,191.0,412.0,221.0,,1971.974,0.0,2.0,219.0,24.665,,,0.009,0.991,,True,completed
128,pkw,240.0,413.0,173.0,,1360.989,10.0,22.0,151.0,45.404,,,0.1272,0.8728,,True,completed
95,pkw,171.0,414.0,243.0,,2253.81,7.0,10.0,233.0,35.783,,,0.0412,0.9588,,True,completed
105,pkw,191.0,417.0,226.0,,2348.171,0.0,0.0,226.0,12.818,,,0.0,1.0,,True,completed
211,pkw,374.0,419.0,45.0,,371.964,0.0,0.0,45.0,7.557,,,0.0,1.0,,True,completed
167,pkw,307.0,423.0,116.0,,994.07,0.0,0.0,116.0,6.695,,,0.0,1.0,,True,completed
178,pkw,320.0,424.0,104.0,,741.252,29.0,29.0,75.0,36.287,,,0.2788,0.7212,,True,completed
87,pkw,152.0,425.0,273.0,,2602.73,0.0,13.0,260.0,36.992,,,0.0476,0.9524,,True,completed
77,pkw,136.0,426.0,290.0,,2626.662,16.0,16.0,274.0,46.501,,,0.0552,0.9448,,True,completed
62,pkw,110.0,429.0,319.0,,3044.435,0.0,5.0,314.0,28.57,,,0.0157,0.9843,,True,completed
118,pkw,216.0,431.0,215.0,,1857.589,1.0,8.0,207.0,27.012,,,0.0372,0.9628,,True,completed
187,pkw,333.0,431.0,98.0,,984.465,0.0,0.0,98.0,7.125,,,0.0,1.0,,True,completed
98,pkw,175.0,431.0,256.0,,2378.047,0.0,18.0,238.0,40.347,,,0.0703,0.9297,,True,completed
194,pkw,343.0,434.0,91.0,,780.164,3.0,3.0,88.0,18.224,,,0.033,0.967,,True,completed
145,pkw,265.0,437.0,172.0,,1631.89,0.0,10.0,162.0,23.617,,,0.0581,0.9419,,True,completed
90,pkw,158.0,438.0,280.0,,2216.95,11.0,16.0,264.0,42.995,,,0.0571,0.9429,,True,completed
89,pkw,154.0,440.0,286.0,,2249.374,0.0,2.0,284.0,31.567,,,0.007,0.993,,True,completed
132,pkw,244.0,441.0,197.0,,1924.072,3.0,3.0,194.0,21.099,,,0.0152,0.9848,,True,completed
119,pkw,218.0,442.0,224.0,,2141.908,8.0,8.0,216.0,27.986,,,0.0357,0.9643,,True,completed
35,pkw,54.0,442.0,388.0,,2300.166,0.0,135.0,253.0,170.61,,,0.3479,0.6521,,True,completed
195,pkw,343.0,445.0,102.0,,1065.744,0.0,0.0,102.0,4.611,,,0.0,1.0,,True,completed
149,pkw,276.0,446.0,170.0,,1152.496,25.0,49.0,121.0,65.274,,,0.2882,0.7118,,True,completed
154,pkw,291.0,448.0,157.0,,1480.013,0.0,0.0,157.0,22.246,,,0.0,1.0,,True,completed
244,pkw,418.0,457.0,39.0,,401.909,0.0,0.0,39.0,1.828,,,0.0,1.0,,True,completed
65,pkw,115.0,458.0,343.0,,3204.228,0.0,0.0,343.0,24.838,,,0.0,1.0,,True,completed
143,pkw,263.0,460.0,197.0,,2013.049,0.0,0.0,197.0,14.651,,,0.0,1.0,,True,completed
203,pkw,359.0,463.0,104.0,,665.877,19.0,19.0,85.0,35.579,,,0.1827,0.8173,,True,completed
4,pkw,5.0,465.0,460.0,,1538.71,48.0,300.0,160.0,313.159,,,0.6522,0.3478,,True,completed
208,pkw,366.0,467.0,101.0,,921.361,5.0,5.0,96.0,15.896,,,0.0495,0.9505,,True,completed
24,pkw,38.0,468.0,430.0,,1264.57,100.0,301.0,129.0,314.183,,,0.7,0.3,,True,completed
131,pkw,244.0,470.0,226.0,,2264.729,0.0,0.0,226.0,16.841,,,0.0,1.0,,True,completed
134,pkw,245.0,473.0,228.0,,1903.024,0.0,31.0,197.0,49.638,,,0.136,0.864,,True,completed
40,pkw,65.0,474.0,409.0,,2130.895,94.0,190.0,219.0,210.95,,,0.4645,0.5355,,True,completed
130,pkw,243.0,475.0,232.0,,2257.325,11.0,11.0,221.0,26.511,,,0.0474,0.9526,,True,completed
152,pkw,287.0,478.0,191.0,,1441.878,0.0,0.0,191.0,13.423,,,0.0,1.0,,True,completed
139,pkw,256.0,479.0,223.0,,2207.426,2.0,2.0,221.0,21.433,,,0.009,0.991,,True,completed
12,pkw,19.0,486.0,467.0,,2303.99,19.0,204.0,263.0,234.732,,,0.4368,0.5632,,True,completed
164,pkw,305.0,487.0,182.0,,1689.117,11.0,11.0,171.0,26.786,,,0.0604,0.9396,,True,completed
151,pkw,279.0,488.0,209.0,,1791.502,6.0,16.0,193.0,35.899,,,0.0766,0.9234,,True,completed
160,pkw,302.0,488.0,186.0,,1694.345,4.0,6.0,180.0,29.672,,,0.0323,0.9677,,True,completed
186,pkw,333.0,488.0,155.0,,1463.341,1.0,9.0,146.0,22.105,,,0.0581,0.9419,,True,completed
170,pkw,311.0,489.0,178.0,,1464.628,0.0,23.0,155.0,44.599,,,0.1292,0.8708,,True,completed
210,pkw,370.0,492.0,122.0,,982.176,16.0,16.0,106.0,27.937,,,0.1311,0.8689,,True,completed
237,pkw,410.0,498.0,88.0,,793.594,0.0,0.0,88.0,8.774,,,0.0,1.0,,True,completed
28,pkw,43.0,499.0,456.0,,1511.11,73.0,300.0,156.0,316.736,,,0.6579,0.3421,,True,completed
234,pkw,406.0,506.0,100.0,,1050.12,0.0,0.0,100.0,4.488,,,0.0,1.0,,True,completed
122,pkw,230.0,512.0,282.0,,2593.853,15.0,16.0,266.0,45.634,,,0.0567,0.9433,,True,completed
288,pkw,468.0,512.0,44.0,,456.895,0.0,0.0,44.0,1.879,,,0.0,1.0,,True,completed
162,pkw,303.0,516.0,213.0,,1816.072,0.0,0.0,213.0,18.48,,,0.0,1.0,,True,completed
127,pkw,240.0,517.0,277.0,,2015.487,0.0,5.0,272.0,31.111,,,0.0181,0.9819,,True,completed
159,pkw,302.0,520.0,218.0,,2124.243,0.0,0.0,218.0,21.281,,,0.0,1.0,,True,completed
142,pkw,261.0,522.0,261.0,,2219.318,1.0,16.0,245.0,50.061,,,0.0613,0.9387,,True,completed
161,pkw,302.0,523.0,221.0,,1790.468,0.0,0.0,221.0,17.224,,,0.0,1.0,,True,completed
6,pkw,7.0,524.0,517.0,,2084.186,2.0,307.0,210.0,328.547,,,0.5938,0.4062,,True,completed
163,pkw,303.0,528.0,225.0,,2131.529,4.0,5.0,220.0,30.1,,,0.0222,0.9778,,True,completed
138,pkw,255.0,530.0,275.0,,2725.412,0.0,0.0,275.0,20.522,,,0.0,1.0,,True,completed
218,pkw,385.0,532.0,147.0,,1270.561,1.0,12.0,135.0,31.26,,,0.0816,0.9184,,True,completed
236,pkw,408.0,534.0,126.0,,1096.87,0.0,9.0,117.0,24.004,,,0.0714,0.9286,,True,completed
277,pkw,452.0,534.0,82.0,,740.9,5.0,5.0,77.0,14.318,,,0.061,0.939,,True,completed
254,pkw,432.0,535.0,103.0,,1028.912,0.0,0.0,103.0,7.739,,,0.0,1.0,,True,completed
232,pkw,403.0,537.0,134.0,,1327.391,0.0,0.0,134.0,7.189,,,0.0,1.0,,True,completed
258,pkw,436.0,538.0,102.0,,976.27,0.0,0.0,102.0,8.4,,,0.0,1.0,,True,completed
183,pkw,330.0,545.0,215.0,,1889.937,25.0,25.0,190.0,41.685,,,0.1163,0.8837,,True,completed
190,pkw,335.0,548.0,213.0,,1895.435,20.0,20.0,193.0,37.551,,,0.0939,0.9061,,True,completed
233,pkw,406.0,548.0,142.0,,1421.018,0.0,0.0,142.0,12.48,,,0.0,1.0,,True,completed
166,pkw,307.0,551.0,244.0,,2017.949,43.0,43.0,201.0,61.026,,,0.1762,0.8238,,True,completed
171,pkw,312.0,553.0,241.0,,1964.118,11.0,13.0,228.0,45.347,,,0.0539,0.9461,,True,completed
197,pkw,349.0,555.0,206.0,,1722.194,0.0,12.0,194.0,39.583,,,0.0583,0.9417,,True,completed
172,pkw,313.0,556.0,243.0,,2117.476,7.0,25.0,218.0,50.699,,,0.1029,0.8971,,True,completed
314,pkw,491.0,562.0,71.0,,585.96,9.0,9.0,62.0,17.263,,,0.1268,0.8732,,True,completed
220,pkw,390.0,569.0,179.0,,1833.493,0.0,0.0,179.0,10.222,,,0.0,1.0,,True,completed
255,pkw,434.0,569.0,135.0,,1207.877,0.0,0.0,135.0,17.159,,,0.0,1.0,,True,completed
299,pkw,480.0,570.0,90.0,,844.686,0.0,0.0,90.0,6.738,,,0.0,1.0,,True,completed
117,pkw,215.0,571.0,356.0,,2811.183,27.0,60.0,296.0,100.023,,,0.1685,0.8315,,True,completed
174,pkw,315.0,575.0,260.0,,2293.142,0.0,7.0,253.0,36.248,,,0.0269,0.9731,,True,completed
133,pkw,245.0,576.0,331.0,,2354.823,0.0,93.0,238.0,116.244,,,0.281,0.719,,True,completed
207,pkw,365.0,577.0,212.0,,2128.799,0.0,0.0,212.0,16.034,,,0.0,1.0,,True,completed
283,pkw,462.0,578.0,116.0,,902.614,13.0,13.0,103.0,32.306,,,0.1121,0.8879,,True,completed
33,pkw,52.0,580.0,528.0,,2195.576,0.0,308.0,220.0,327.692,,,0.5833,0.4167,,True,completed
231,pkw,401.0,583.0,182.0,,1658.09,5.0,5.0,177.0,30.712,,,0.0275,0.9725,,True,completed
246,pkw,434.0,585.0,151.0,,1507.787,1.0,1.0,150.0,13.85,,,0.0066,0.9934,,True,completed
326,pkw,507.0,589.0,82.0,,736.522,0.0,0.0,82.0,8.905,,,0.0,1.0,,True,completed
242,pkw,417.0,592.0,175.0,,1526.316,11.0,11.0,164.0,29.242,,,0.0629,0.9371,,True,completed
343,pkw,524.0,605.0,81.0,,745.824,2.0,2.0,79.0,10.044,,,0.0247,0.9753,,True,completed
56,pkw,100.0,606.0,506.0,,1636.383,0.0,327.0,179.0,350.295,,,0.6462,0.3538,,True,completed
224,pkw,391.0,608.0,217.0,,2068.83,10.0,10.0,207.0,27.219,,,0.0461,0.9539,,True,completed
157,pkw,299.0,613.0,314.0,,2960.357,0.0,27.0,287.0,46.285,,,0.086,0.914,,True,completed
259,pkw,436.0,613.0,177.0,,1493.897,7.0,7.0,170.0,26.439,,,0.0395,0.9605,,True,completed
329,pkw,509.0,613.0,104.0,,1002.987,0.0,0.0,104.0,10.468,,,0.0,1.0,,True,completed
405,pkw,602.0,615.0,13.0,,128.124,0.0,0.0,13.0,0.469,,,0.0,1.0,,True,completed
191,pkw,336.0,616.0,280.0,,2242.599,12.0,12.0,268.0,45.633,,,0.0429,0.9571,,True,completed
267,pkw,444.0,616.0,172.0,,1272.158,15.0,43.0,129.0,55.763,,,0.25,0.75,,True,completed
230,pkw,401.0,618.0,217.0,,1970.809,9.0,14.0,203.0,37.51,,,0.0645,0.9355,,True,completed
225,pkw,392.0,619.0,227.0,,1995.315,20.0,20.0,207.0,41.386,,,0.0881,0.9119,,True,completed
278,pkw,453.0,619.0,166.0,,1642.352,2.0,5.0,161.0,17.091,,,0.0301,0.9699,,True,completed
184,pkw,332.0,620.0,288.0,,2768.718,5.0,6.0,282.0,31.928,,,0.0208,0.9792,,True,completed
352,pkw,537.0,621.0,84.0,,879.261,0.0,0.0,84.0,3.866,,,0.0,1.0,,True,completed
181,pkw,322.0,622.0,300.0,,2696.959,7.0,22.0,278.0,55.207,,,0.0733,0.9267,,True,completed
243,pkw,418.0,622.0,204.0,,1683.369,7.0,10.0,194.0,39.412,,,0.049,0.951,,True,completed
214,pkw,380.0,623.0,243.0,,2142.42,16.0,24.0,219.0,46.712,,,0.0988,0.9012,,True,completed
333,pkw,512.0,626.0,114.0,,646.228,31.0,31.0,83.0,44.049,,,0.2719,0.7281,,True,completed
305,pkw,482.0,627.0,145.0,,1269.929,9.0,9.0,136.0,27.026,,,0.0621,0.9379,,True,completed
219,pkw,387.0,628.0,241.0,,2007.507,18.0,18.0,223.0,46.055,,,0.0747,0.9253,,True,completed
209,pkw,367.0,629.0,262.0,,2009.157,52.0,61.0,201.0,79.326,,,0.2328,0.7672,,True,completed
262,pkw,439.0,629.0,190.0,,1506.994,0.0,0.0,190.0,15.475,,,0.0,1.0,,True,completed
268,pkw,444.0,630.0,186.0,,1721.04,0.0,0.0,186.0,25.67,,,0.0,1.0,,True,completed
286,pkw,467.0,630.0,163.0,,1645.103,0.0,0.0,163.0,12.718,,,0.0,1.0,,True,completed
253,pkw,430.0,631.0,201.0,,1900.895,5.0,5.0,196.0,22.949,,,0.0249,0.9751,,True,completed
199,pkw,354.0,633.0,279.0,,2299.968,0.0,31.0,248.0,55.816,,,0.1111,0.8889,,True,completed
362,pkw,545.0,634.0,89.0,,731.864,1.0,1.0,88.0,14.036,,,0.0112,0.9888,,True,completed
226,pkw,393.0,636.0,243.0,,2255.869,10.0,13.0,230.0,37.954,,,0.0535,0.9465,,True,completed
260,pkw,438.0,637.0,199.0,,1637.617,0.0,0.0,199.0,17.117,,,0.0,1.0,,True,completed
213,pkw,508.0,638.0,130.0,,1024.424,0.0,0.0,130.0,13.139,,,0.0,1.0,,True,completed
342,pkw,523.0,639.0,116.0,,1133.645,0.0,0.0,116.0,11.347,,,0.0,1.0,,True,completed
373,pkw,556.0,639.0,83.0,,689.262,9.0,9.0,74.0,19.225,,,0.1084,0.8916,,True,completed
176,pkw,318.0,640.0,322.0,,2802.557,7.0,22.0,300.0,66.194,,,0.0683,0.9317,,True,completed
173,pkw,315.0,644.0,329.0,,2603.057,0.0,71.0,258.0,93.359,,,0.2158,0.7842,,True,completed
169,pkw,309.0,645.0,336.0,,2577.943,0.0,0.0,336.0,36.108,,,0.0,1.0,,True,completed
46,pkw,82.0,652.0,570.0,,2221.784,0.0,331.0,239.0,356.208,,,0.5807,0.4193,,True,completed
349,pkw,532.0,657.0,125.0,,1018.205,11.0,11.0,114.0,31.544,,,0.088,0.912,,True,completed
223,pkw,391.0,658.0,267.0,,2661.904,0.0,1.0,266.0,24.836,,,0.0037,0.9963,,True,completed
310,pkw,489.0,659.0,170.0,,1687.654,0.0,0.0,170.0,15.471,,,0.0,1.0,,True,completed
295,pkw,472.0,661.0,189.0,,1915.533,0.0,0.0,189.0,13.462,,,0.0,1.0,,True,completed
296,pkw,473.0,662.0,189.0,,1770.072,5.0,5.0,184.0,22.158,,,0.0265,0.9735,,True,completed
284,pkw,465.0,666.0,201.0,,1624.958,26.0,26.0,175.0,44.291,,,0.1294,0.8706,,True,completed
331,pkw,509.0,668.0,159.0,,1397.605,3.0,7.0,152.0,27.934,,,0.044,0.956,,True,completed
293,pkw,471.0,670.0,199.0,,1625.401,2.0,5.0,194.0,30.3,,,0.0251,0.9749,,True,completed
44,pkw,75.0,670.0,595.0,,2664.609,0.0,320.0,275.0,350.46,,,0.5378,0.4622,,True,completed
265,pkw,442.0,672.0,230.0,,2154.989,0.0,3.0,227.0,24.522,,,0.013,0.987,,True,completed
493,pkw,658.0,672.0,14.0,,126.848,0.0,0.0,14.0,1.2,,,0.0,1.0,,True,completed
282,pkw,458.0,673.0,215.0,,1831.831,0.0,2.0,213.0,29.563,,,0.0093,0.9907,,True,completed
360,pkw,544.0,673.0,129.0,,1042.316,5.0,7.0,122.0,26.404,,,0.0543,0.9457,,True,completed
202,pkw,359.0,674.0,315.0,,2635.126,3.0,17.0,298.0,59.368,,,0.054,0.946,,True,completed
301,pkw,481.0,675.0,194.0,,1907.052,0.0,2.0,192.0,19.48,,,0.0103,0.9897,,True,completed
323,pkw,502.0,676.0,174.0,,1480.473,13.0,15.0,159.0,39.085,,,0.0862,0.9138,,True,completed
399,pkw,595.0,676.0,81.0,,782.652,0.0,0.0,81.0,7.669,,,0.0,1.0,,True,completed
273,pkw,449.0,680.0,231.0,,1828.296,0.0,3.0,228.0,37.409,,,0.013,0.987,,True,completed
332,pkw,511.0,682.0,171.0,,1482.152,0.0,0.0,171.0,14.017,,,0.0,1.0,,True,completed
379,pkw,565.0,683.0,118.0,,885.808,0.0,0.0,118.0,12.627,,,0.0,1.0,,True,completed
403,pkw,602.0,684.0,82.0,,782.418,0.0,0.0,82.0,9.324,,,0.0,1.0,,True,completed
291,pkw,470.0,686.0,216.0,,2054.518,3.0,3.0,213.0,21.242,,,0.0139,0.9861,,True,completed
345,pkw,530.0,686.0,156.0,,1430.663,0.0,0.0,156.0,9.13,,,0.0,1.0,,True,completed
270,pkw,447.0,690.0,243.0,,2208.988,22.0,22.0,221.0,41.425,,,0.0905,0.9095,,True,completed
302,pkw,481.0,693.0,212.0,,1417.559,36.0,56.0,156.0,82.178,,,0.2642,0.7358,,True,completed
358,pkw,541.0,694.0,153.0,,1323.082,13.0,13.0,140.0,30.6,,,0.085,0.915,,True,completed
198,pkw,351.0,695.0,344.0,,2492.683,32.0,88.0,256.0,117.275,,,0.2558,0.7442,,True,completed
341,pkw,518.0,695.0,177.0,,1684.135,3.0,3.0,174.0,21.863,,,0.0169,0.9831,,True,completed
281,pkw,455.0,698.0,243.0,,2217.873,0.0,18.0,225.0,39.115,,,0.0741,0.9259,,True,completed
325,pkw,505.0,699.0,194.0,,1714.67,3.0,10.0,184.0,37.873,,,0.0515,0.9485,,True,completed
353,pkw,539.0,702.0,163.0,,1589.337,2.0,2.0,161.0,18.513,,,0.0123,0.9877,,True,completed
538,pkw,691.0,704.0,13.0,,125.37,0.0,0.0,13.0,0.717,,,0.0,1.0,,True,completed
269,pkw,445.0,705.0,260.0,,2267.335,14.0,22.0,238.0,47.66,,,0.0846,0.9154,,True,completed
309,pkw,488.0,705.0,217.0,,1639.449,33.0,35.0,182.0,67.103,,,0.1613,0.8387,,True,completed
312,pkw,491.0,705.0,214.0,,1861.957,19.0,19.0,195.0,42.886,,,0.0888,0.9112,,True,completed
397,pkw,594.0,705.0,111.0,,1116.382,0.0,0.0,111.0,8.809,,,0.0,1.0,,True,completed
337,pkw,515.0,706.0,191.0,,1532.795,5.0,15.0,176.0,31.555,,,0.0785,0.9215,,True,completed
351,pkw,536.0,708.0,172.0,,1558.693,11.0,12.0,160.0,29.635,,,0.0698,0.9302,,True,completed
306,pkw,483.0,709.0,226.0,,2145.941,4.0,6.0,220.0,29.385,,,0.0265,0.9735,,True,completed
324,pkw,502.0,710.0,208.0,,1612.858,11.0,46.0,162.0,61.414,,,0.2212,0.7788,,True,completed
438,pkw,620.0,714.0,94.0,,737.642,17.0,17.0,77.0,26.259,,,0.1809,0.8191,,True,completed
380,pkw,566.0,717.0,151.0,,1144.438,0.0,0.0,151.0,13.154,,,0.0,1.0,,True,completed
367,pkw,548.0,719.0,171.0,,1643.625,0.0,0.0,171.0,13.018,,,0.0,1.0,,True,completed
374,pkw,558.0,719.0,161.0,,1520.188,10.0,10.0,151.0,19.898,,,0.0621,0.9379,,True,completed
427,pkw,614.0,723.0,109.0,,802.665,10.0,10.0,99.0,25.771,,,0.0917,0.9083,,True,completed
327,pkw,509.0,724.0,215.0,,1962.328,0.0,1.0,214.0,29.922,,,0.0047,0.9953,,True,completed
470,pkw,639.0,726.0,87.0,,854.927,0.0,0.0,87.0,7.776,,,0.0,1.0,,True,completed
217,pkw,384.0,727.0,343.0,,2599.951,0.0,84.0,259.0,107.486,,,0.2449,0.7551,,True,completed
322,pkw,501.0,728.0,227.0,,1959.578,1.0,7.0,220.0,43.404,,,0.0308,0.9692,,True,completed
471,pkw,640.0,729.0,89.0,,857.184,0.0,0.0,89.0,9.383,,,0.0,1.0,,True,completed
513,pkw,674.0,729.0,55.0,,382.265,0.0,0.0,55.0,5.16,,,0.0,1.0,,True,completed
377,pkw,563.0,731.0,168.0,,1679.176,0.0,1.0,167.0,15.873,,,0.006,0.994,,True,completed
453,pkw,628.0,735.0,107.0,,793.857,1.0,1.0,106.0,13.312,,,0.0093,0.9907,,True,completed
366,pkw,547.0,739.0,192.0,,1529.351,28.0,28.0,164.0,45.138,,,0.1458,0.8542,,True,completed
227,pkw,396.0,741.0,345.0,,2903.296,0.0,6.0,339.0,44.193,,,0.0174,0.9826,,True,completed
348,pkw,531.0,742.0,211.0,,1477.208,0.0,44.0,167.0,68.144,,,0.2085,0.7915,,True,completed
328,pkw,511.0,744.0,233.0,,1805.019,29.0,29.0,204.0,66.878,,,0.1245,0.8755,,True,completed
303,pkw,481.0,747.0,266.0,,2338.936,16.0,17.0,249.0,46.263,,,0.0639,0.9361,,True,completed
476,pkw,643.0,748.0,105.0,,1068.196,0.0,0.0,105.0,7.332,,,0.0,1.0,,True,completed
287,pkw,468.0,749.0,281.0,,2269.996,37.0,39.0,242.0,73.962,,,0.1388,0.8612,,True,completed
280,pkw,454.0,754.0,300.0,,1655.829,0.0,83.0,217.0,104.387,,,0.2767,0.7233,,True,completed
464,pkw,636.0,754.0,118.0,,1206.236,0.0,0.0,118.0,6.817,,,0.0,1.0,,True,completed
383,pkw,583.0,758.0,175.0,,1561.882,4.0,8.0,167.0,33.031,,,0.0457,0.9543,,True,completed
368,pkw,549.0,763.0,214.0,,1829.107,11.0,20.0,194.0,46.286,,,0.0935,0.9065,,True,completed
525,pkw,684.0,763.0,79.0,,665.299,5.0,5.0,74.0,16.957,,,0.0633,0.9367,,True,completed
498,pkw,660.0,764.0,104.0,,1051.708,0.0,0.0,104.0,7.167,,,0.0,1.0,,True,completed
356,pkw,540.0,768.0,228.0,,2012.454,0.0,0.0,228.0,14.552,,,0.0,1.0,,True,completed
484,pkw,649.0,768.0,119.0,,1141.427,0.0,0.0,119.0,8.696,,,0.0,1.0,,True,completed
588,pkw,722.0,769.0,47.0,,454.927,0.0,0.0,47.0,4.879,,,0.0,1.0,,True,completed
144,pkw,264.0,770.0,506.0,,,0.0,300.0,206.0,0.0,,,0.5929,0.4071,,True,completed
376,pkw,562.0,770.0,208.0,,668.628,71.0,126.0,82.0,141.553,,,0.6058,0.3942,,True,completed
456,pkw,632.0,770.0,138.0,,994.851,12.0,12.0,126.0,29.775,,,0.087,0.913,,True,completed
433,pkw,618.0,771.0,153.0,,893.306,27.0,32.0,121.0,62.276,,,0.2092,0.7908,,True,completed
609,pkw,737.0,774.0,37.0,,379.068,0.0,0.0,37.0,1.884,,,0.0,1.0,,True,completed
411,pkw,605.0,776.0,171.0,,1691.032,0.0,0.0,171.0,14.806,,,0.0,1.0,,True,completed
111,pkw,202.0,778.0,576.0,,2513.068,17.0,313.0,263.0,340.616,,,0.5434,0.4566,,True,completed
415,pkw,609.0,779.0,170.0,,729.334,64.0,87.0,83.0,102.971,,,0.5118,0.4882,,True,completed
613,pkw,738.0,781.0,43.0,,445.27,0.0,0.0,43.0,1.925,,,0.0,1.0,,True,completed
407,pkw,602.0,782.0,180.0,,1660.29,0.0,0.0,180.0,20.901,,,0.0,1.0,,True,completed
501,pkw,664.0,783.0,119.0,,1179.163,2.0,2.0,117.0,11.874,,,0.0168,0.9832,,True,completed
478,pkw,643.0,784.0,141.0,,1326.684,9.0,9.0,132.0,20.491,,,0.0638,0.9362,,True,completed
542,pkw,693.0,786.0,93.0,,695.866,8.0,8.0,85.0,24.161,,,0.086,0.914,,True,completed
567,pkw,708.0,787.0,79.0,,734.299,0.0,0.0,79.0,8.706,,,0.0,1.0,,True,completed
294,pkw,471.0,788.0,317.0,,2791.047,9.0,31.0,286.0,61.246,,,0.0978,0.9022,,True,completed
578,pkw,716.0,792.0,76.0,,623.931,5.0,5.0,71.0,14.946,,,0.0658,0.9342,,True,completed
481,pkw,648.0,796.0,148.0,,1437.772,1.0,1.0,147.0,17.374,,,0.0068,0.9932,,True,completed
426,pkw,614.0,797.0,183.0,,1857.839,0.0,0.0,183.0,10.57,,,0.0,1.0,,True,completed
389,pkw,584.0,798.0,214.0,,1989.943,0.0,4.0,210.0,26.915,,,0.0187,0.9813,,True,completed
413,pkw,607.0,798.0,191.0,,1681.227,7.0,15.0,176.0,38.433,,,0.0785,0.9215,,True,completed
502,pkw,665.0,798.0,133.0,,947.378,19.0,19.0,114.0,32.367,,,0.1429,0.8571,,True,completed
275,pkw,451.0,799.0,348.0,,2878.743,22.0,38.0,310.0,85.733,,,0.1092,0.8908,,True,completed
180,pkw,321.0,800.0,479.0,,2359.901,93.0,220.0,259.0,255.278,,,0.4593,0.5407,,True,completed
475,pkw,641.0,800.0,159.0,,1449.008,0.0,0.0,159.0,17.614,,,0.0,1.0,,True,completed
205,pkw,364.0,802.0,438.0,,2361.923,93.0,191.0,247.0,222.704,,,0.4361,0.5639,,True,completed
193,pkw,338.0,803.0,465.0,,2386.937,91.0,219.0,246.0,246.814,,,0.471,0.529,,True,completed
378,pkw,564.0,803.0,239.0,,2215.548,12.0,12.0,227.0,34.217,,,0.0502,0.9498,,True,completed
482,pkw,649.0,805.0,156.0,,1472.106,0.0,0.0,156.0,12.635,,,0.0,1.0,,True,completed
394,pkw,590.0,809.0,219.0,,2043.333,2.0,10.0,209.0,26.565,,,0.0457,0.9543,,True,completed
434,pkw,619.0,809.0,190.0,,1701.456,6.0,15.0,175.0,33.818,,,0.0789,0.9211,,True,completed
445,pkw,624.0,814.0,190.0,,1393.17,27.0,27.0,163.0,53.782,,,0.1421,0.8579,,True,completed
541,pkw,692.0,815.0,123.0,,975.403,7.0,7.0,116.0,27.915,,,0.0569,0.9431,,True,completed
605,pkw,735.0,815.0,80.0,,767.859,0.0,0.0,80.0,7.562,,,0.0,1.0,,True,completed
497,pkw,660.0,816.0,156.0,,1444.999,0.0,0.0,156.0,10.125,,,0.0,1.0,,True,completed
444,pkw,624.0,818.0,194.0,,1821.211,0.0,7.0,187.0,24.687,,,0.0361,0.9639,,True,completed
668,pkw,775.0,819.0,44.0,,371.39,5.0,6.0,38.0,9.575,,,0.1364,0.8636,,True,completed
599,pkw,730.0,821.0,91.0,,875.677,0.0,0.0,91.0,10.829,,,0.0,1.0,,True,completed
579,pkw,716.0,824.0,108.0,,976.17,1.0,1.0,107.0,14.365,,,0.0093,0.9907,,True,completed
583,pkw,719.0,826.0,107.0,,975.889,1.0,1.0,106.0,14.391,,,0.0093,0.9907,,True,completed
402,pkw,601.0,828.0,227.0,,1262.611,15.0,99.0,128.0,111.402,,,0.4361,0.5639,,True,completed
79,pkw,138.0,828.0,690.0,,2439.926,64.0,430.0,260.0,465.658,,,0.6232,0.3768,,True,completed
52,pkw,91.0,832.0,741.0,,2627.025,48.0,473.0,268.0,502.467,,,0.6383,0.3617,,True,completed
2,pkw,3.0,833.0,830.0,,2847.105,25.0,528.0,302.0,570.987,,,0.6361,0.3639,,True,completed
240,pkw,417.0,833.0,416.0,,3315.803,0.0,65.0,351.0,94.217,,,0.1562,0.8438,,True,completed
441,pkw,621.0,836.0,215.0,,1968.557,19.0,19.0,196.0,35.17,,,0.0884,0.9116,,True,completed
461,pkw,633.0,837.0,204.0,,1530.358,18.0,26.0,178.0,46.698,,,0.1275,0.8725,,True,completed
428,pkw,615.0,838.0,223.0,,2204.999,0.0,0.0,223.0,15.676,,,0.0,1.0,,True,completed
421,pkw,612.0,839.0,227.0,,1958.65,9.0,14.0,213.0,46.665,,,0.0617,0.9383,,True,completed
486,pkw,651.0,840.0,189.0,,1814.974,2.0,2.0,187.0,20.346,,,0.0106,0.9894,,True,completed
643,pkw,755.0,845.0,90.0,,729.228,2.0,2.0,88.0,12.908,,,0.0222,0.9778,,True,completed
660,pkw,771.0,848.0,77.0,,746.253,0.0,0.0,77.0,7.054,,,0.0,1.0,,True,completed
483,pkw,649.0,850.0,201.0,,1556.413,1.0,34.0,167.0,55.108,,,0.1692,0.8308,,True,completed
495,pkw,659.0,850.0,191.0,,667.081,66.0,106.0,85.0,123.844,,,0.555,0.445,,True,completed
432,pkw,618.0,852.0,234.0,,2131.405,0.0,17.0,217.0,37.227,,,0.0726,0.9274,,True,completed
621,pkw,742.0,853.0,111.0,,1149.522,0.0,0.0,111.0,6.268,,,0.0,1.0,,True,completed
406,pkw,602.0,855.0,253.0,,1412.266,0.0,109.0,144.0,124.456,,,0.4308,0.5692,,True,completed
460,pkw,633.0,856.0,223.0,,1553.598,15.0,45.0,178.0,80.867,,,0.2018,0.7982,,True,completed
420,pkw,611.0,862.0,251.0,,1825.161,13.0,36.0,215.0,67.993,,,0.1434,0.8566,,True,completed
597,pkw,729.0,864.0,135.0,,667.563,60.0,64.0,71.0,73.919,,,0.4741,0.5259,,True,completed
425,pkw,613.0,865.0,252.0,,2357.941,5.0,10.0,242.0,37.335,,,0.0397,0.9603,,True,completed
600,pkw,730.0,865.0,135.0,,1373.751,0.0,0.0,135.0,9.638,,,0.0,1.0,,True,completed
652,pkw,765.0,865.0,100.0,,1008.908,0.0,0.0,100.0,6.784,,,0.0,1.0,,True,completed
697,pkw,793.0,867.0,74.0,,652.111,1.0,1.0,73.0,13.538,,,0.0135,0.9865,,True,completed
391,pkw,587.0,869.0,282.0,,1969.94,26.0,50.0,232.0,96.291,,,0.1773,0.8227,,True,completed
416,pkw,609.0,873.0,264.0,,2126.353,0.0,0.0,264.0,22.26,,,0.0,1.0,,True,completed
505,pkw,667.0,873.0,206.0,,1825.175,3.0,8.0,198.0,39.204,,,0.0388,0.9612,,True,completed
524,pkw,684.0,875.0,191.0,,1331.017,38.0,45.0,146.0,62.491,,,0.2356,0.7644,,True,completed
382,pkw,569.0,876.0,307.0,,2332.119,21.0,52.0,255.0,91.492,,,0.1694,0.8306,,True,completed
561,pkw,703.0,877.0,174.0,,1329.946,25.0,25.0,149.0,46.331,,,0.1437,0.8563,,True,completed
582,pkw,718.0,877.0,159.0,,885.96,30.0,30.0,129.0,46.013,,,0.1887,0.8113,,True,completed
626,pkw,745.0,879.0,134.0,,986.232,14.0,14.0,120.0,34.809,,,0.1045,0.8955,,True,completed
474,pkw,641.0,880.0,239.0,,2067.304,18.0,18.0,221.0,51.749,,,0.0753,0.9247,,True,completed
510,pkw,670.0,882.0,212.0,,983.564,40.0,93.0,119.0,116.851,,,0.4387,0.5613,,True,completed
693,pkw,791.0,882.0,91.0,,730.983,0.0,0.0,91.0,12.21,,,0.0,1.0,,True,completed
522,pkw,682.0,883.0,201.0,,1957.464,0.0,0.0,201.0,18.511,,,0.0,1.0,,True,completed
637,pkw,752.0,884.0,132.0,,741.169,56.0,56.0,76.0,64.294,,,0.4242,0.5758,,True,completed
546,pkw,695.0,885.0,190.0,,1484.437,37.0,37.0,153.0,52.882,,,0.1947,0.8053,,True,completed
694,pkw,791.0,885.0,94.0,,587.416,25.0,25.0,69.0,40.132,,,0.266,0.734,,True,completed
355,pkw,540.0,893.0,353.0,,1555.446,27.0,178.0,175.0,207.208,,,0.5042,0.4958,,True,completed
473,pkw,640.0,894.0,254.0,,2544.808,0.0,1.0,253.0,22.713,,,0.0039,0.9961,,True,completed
417,pkw,610.0,895.0,285.0,,2138.632,0.0,76.0,209.0,90.98,,,0.2667,0.7333,,True,completed
507,pkw,668.0,898.0,230.0,,1830.922,12.0,34.0,196.0,62.833,,,0.1478,0.8522,,True,completed
261,pkw,438.0,901.0,463.0,,3184.131,27.0,63.0,400.0,116.538,,,0.1361,0.8639,,True,completed
608,pkw,736.0,901.0,165.0,,1496.732,5.0,5.0,160.0,23.585,,,0.0303,0.9697,,True,completed
745,pkw,824.0,907.0,83.0,,750.798,0.0,0.0,83.0,10.438,,,0.0,1.0,,True,completed
645,pkw,755.0,912.0,157.0,,1022.931,39.0,41.0,116.0,63.121,,,0.2611,0.7389,,True,completed
571,pkw,710.0,916.0,206.0,,1078.16,26.0,84.0,122.0,107.965,,,0.4078,0.5922,,True,completed
465,pkw,636.0,917.0,281.0,,2341.776,0.0,3.0,278.0,36.586,,,0.0107,0.9893,,True,completed
518,pkw,680.0,917.0,237.0,,2141.512,0.0,13.0,224.0,41.151,,,0.0549,0.9451,,True,completed
611,pkw,737.0,918.0,181.0,,1730.614,6.0,6.0,175.0,20.915,,,0.0331,0.9669,,True,completed
763,pkw,837.0,918.0,81.0,,717.201,6.0,6.0,75.0,14.96,,,0.0741,0.9259,,True,completed
617,pkw,740.0,920.0,180.0,,1447.089,29.0,31.0,149.0,47.917,,,0.1722,0.8278,,True,completed
631,pkw,749.0,920.0,171.0,,1478.02,0.0,0.0,171.0,16.837,,,0.0,1.0,,True,completed
648,pkw,757.0,923.0,166.0,,1585.806,0.0,0.0,166.0,10.883,,,0.0,1.0,,True,completed
535,pkw,690.0,925.0,235.0,,2143.436,0.0,0.0,235.0,22.066,,,0.0,1.0,,True,completed
527,pkw,685.0,926.0,241.0,,1262.928,4.0,102.0,139.0,126.048,,,0.4232,0.5768,,True,completed
676,pkw,781.0,926.0,145.0,,1055.838,0.0,0.0,145.0,17.165,,,0.0,1.0,,True,completed
469,pkw,639.0,928.0,289.0,,2056.344,19.0,34.0,255.0,85.297,,,0.1176,0.8824,,True,completed
591,pkw,724.0,930.0,206.0,,1896.852,0.0,4.0,202.0,29.536,,,0.0194,0.9806,,True,completed
760,pkw,835.0,931.0,96.0,,726.165,0.0,0.0,96.0,9.355,,,0.0,1.0,,True,completed
795,pkw,856.0,931.0,75.0,,638.856,8.0,8.0,67.0,16.139,,,0.1067,0.8933,,True,completed
681,pkw,783.0,933.0,150.0,,1524.823,0.0,0.0,150.0,7.312,,,0.0,1.0,,True,completed
557,pkw,701.0,936.0,235.0,,2129.202,4.0,4.0,231.0,30.642,,,0.017,0.983,,True,completed
390,pkw,586.0,937.0,351.0,,2742.735,4.0,51.0,300.0,93.208,,,0.1453,0.8547,,True,completed
624,pkw,744.0,937.0,193.0,,1266.408,14.0,55.0,138.0,77.323,,,0.285,0.715,,True,completed
802,pkw,862.0,938.0,76.0,,666.991,3.0,3.0,73.0,12.05,,,0.0395,0.9605,,True,completed
499,pkw,662.0,939.0,277.0,,1843.514,16.0,69.0,208.0,107.613,,,0.2491,0.7509,,True,completed
749,pkw,827.0,940.0,113.0,,1043.98,0.0,0.0,113.0,10.631,,,0.0,1.0,,True,completed
455,pkw,632.0,945.0,313.0,,2461.737,5.0,41.0,272.0,79.348,,,0.131,0.869,,True,completed
563,pkw,706.0,945.0,239.0,,1419.422,1.0,78.0,161.0,109.589,,,0.3264,0.6736,,True,completed
719,pkw,809.0,946.0,137.0,,1304.2,0.0,0.0,137.0,11.887,,,0.0,1.0,,True,completed
727,pkw,812.0,947.0,135.0,,644.487,55.0,55.0,80.0,69.696,,,0.4074,0.5926,,True,completed
554,pkw,700.0,948.0,248.0,,1671.571,4.0,46.0,202.0,86.005,,,0.1855,0.8145,,True,completed
479,pkw,645.0,949.0,304.0,,2365.765,0.0,42.0,262.0,69.815,,,0.1382,0.8618,,True,completed
741,pkw,823.0,952.0,129.0,,1129.841,11.0,11.0,118.0,24.509,,,0.0853,0.9147,,True,completed
39,pkw,65.0,953.0,888.0,,1822.735,22.0,639.0,249.0,684.917,,,0.7196,0.2804,,True,completed
551,pkw,698.0,954.0,256.0,,2091.304,0.0,1.0,255.0,26.235,,,0.0039,0.9961,,True,completed
695,pkw,792.0,954.0,162.0,,1395.702,14.0,14.0,148.0,33.026,,,0.0864,0.9136,,True,completed
773,pkw,844.0,955.0,111.0,,983.562,0.0,0.0,111.0,14.321,,,0.0,1.0,,True,completed
640,pkw,753.0,960.0,207.0,,1905.676,11.0,12.0,195.0,30.855,,,0.058,0.942,,True,completed
688,pkw,788.0,963.0,175.0,,1637.402,7.0,7.0,168.0,23.497,,,0.04,0.96,,True,completed
809,pkw,869.0,964.0,95.0,,898.864,3.0,3.0,92.0,12.604,,,0.0316,0.9684,,True,completed
544,pkw,695.0,965.0,270.0,,2335.176,17.0,18.0,252.0,44.488,,,0.0667,0.9333,,True,completed
721,pkw,809.0,966.0,157.0,,1377.656,5.0,5.0,152.0,31.518,,,0.0318,0.9682,,True,completed
586,pkw,721.0,967.0,246.0,,1999.786,19.0,27.0,219.0,63.98,,,0.1098,0.8902,,True,completed
664,pkw,772.0,967.0,195.0,,1908.044,0.0,1.0,194.0,21.278,,,0.0051,0.9949,,True,completed
521,pkw,682.0,969.0,287.0,,1393.55,0.0,94.0,193.0,116.247,,,0.3275,0.6725,,True,completed
598,pkw,730.0,970.0,240.0,,1836.819,9.0,44.0,196.0,72.809,,,0.1833,0.8167,,True,completed
701,pkw,796.0,970.0,174.0,,1486.302,0.0,1.0,173.0,29.803,,,0.0057,0.9943,,True,completed
556,pkw,701.0,973.0,272.0,,1654.285,4.0,82.0,190.0,121.15,,,0.3015,0.6985,,True,completed
651,pkw,765.0,973.0,208.0,,1629.507,3.0,16.0,192.0,52.52,,,0.0769,0.9231,,True,completed
490,pkw,655.0,974.0,319.0,,1973.635,34.0,74.0,245.0,128.478,,,0.232,0.768,,True,completed
734,pkw,816.0,974.0,158.0,,1530.737,0.0,0.0,158.0,17.618,,,0.0,1.0,,True,completed
707,pkw,802.0,976.0,174.0,,1478.935,5.0,8.0,166.0,39.447,,,0.046,0.954,,True,completed
357,pkw,540.0,977.0,437.0,,1361.743,97.0,293.0,144.0,310.991,,,0.6705,0.3295,,True,completed
641,pkw,753.0,978.0,225.0,,1641.313,1.0,52.0,173.0,75.826,,,0.2311,0.7689,,True,completed
833,pkw,891.0,978.0,87.0,,767.237,0.0,0.0,87.0,8.245,,,0.0,1.0,,True,completed
177,pkw,319.0,979.0,660.0,,2959.518,96.0,285.0,375.0,332.218,,,0.4318,0.5682,,True,completed
559,pkw,702.0,979.0,277.0,,2339.286,17.0,28.0,249.0,62.199,,,0.1011,0.8989,,True,completed
627,pkw,747.0,980.0,233.0,,1824.282,0.0,3.0,230.0,27.898,,,0.0129,0.9871,,True,completed
832,pkw,891.0,980.0,89.0,,669.835,7.0,7.0,82.0,20.684,,,0.0787,0.9213,,True,completed
350,pkw,536.0,982.0,446.0,,1496.139,94.0,266.0,180.0,296.649,,,0.5964,0.4036,,True,completed
632,pkw,749.0,983.0,234.0,,1768.621,0.0,5.0,229.0,35.893,,,0.0214,0.9786,,True,completed
706,pkw,802.0,983.0,181.0,,1586.527,7.0,7.0,174.0,27.151,,,0.0387,0.9613,,True,completed
297,pkw,475.0,984.0,509.0,,2375.878,93.0,266.0,243.0,292.99,,,0.5226,0.4774,,True,completed
313,pkw,491.0,984.0,493.0,,1718.452,90.0,300.0,193.0,319.275,,,0.6085,0.3915,,True,completed
467,pkw,638.0,986.0,348.0,,1173.565,92.0,202.0,146.0,225.488,,,0.5805,0.4195,,True,completed
698,pkw,795.0,986.0,191.0,,1897.652,0.0,0.0,191.0,11.897,,,0.0,1.0,,True,completed
393,pkw,590.0,988.0,398.0,,2040.811,91.0,189.0,209.0,210.022,,,0.4749,0.5251,,True,completed
897,pkw,926.0,988.0,62.0,,603.241,0.0,0.0,62.0,5.504,,,0.0,1.0,,True,completed
587,pkw,722.0,990.0,268.0,,2362.725,20.0,27.0,241.0,53.734,,,0.1007,0.8993,,True,completed
865,pkw,912.0,992.0,80.0,,785.471,0.0,0.0,80.0,7.186,,,0.0,1.0,,True,completed
543,pkw,693.0,993.0,300.0,,1913.089,33.0,54.0,246.0,115.29,,,0.18,0.82,,True,completed
400,pkw,599.0,994.0,395.0,,2964.329,0.0,100.0,295.0,123.062,,,0.2532,0.7468,,True,completed
724,pkw,811.0,994.0,183.0,,1703.198,9.0,9.0,174.0,26.7,,,0.0492,0.9508,,True,completed
661,pkw,771.0,999.0,228.0,,1890.757,31.0,33.0,195.0,55.182,,,0.1447,0.8553,,True,completed
705,pkw,801.0,1000.0,199.0,,1636.013,8.0,24.0,175.0,49.543,,,0.1206,0.8794,,True,completed
822,pkw,884.0,1001.0,117.0,,970.679,7.0,7.0,110.0,23.981,,,0.0598,0.9402,,True,completed
659,pkw,769.0,1003.0,234.0,,1610.285,7.0,65.0,169.0,87.323,,,0.2778,0.7222,,True,completed
737,pkw,818.0,1005.0,187.0,,1685.509,14.0,14.0,173.0,31.632,,,0.0749,0.9251,,True,completed
612,pkw,738.0,1006.0,268.0,,1917.283,17.0,46.0,222.0,85.707,,,0.1716,0.8284,,True,completed
853,pkw,904.0,1010.0,106.0,,1113.79,0.0,0.0,106.0,4.758,,,0.0,1.0,,True,completed
872,pkw,914.0,1011.0,97.0,,798.683,0.0,0.0,97.0,11.081,,,0.0,1.0,,True,completed
1003,pkw,987.0,1013.0,26.0,,199.721,0.0,0.0,26.0,1.745,,,0.0,1.0,,True,completed
549,pkw,697.0,1015.0,318.0,,2141.975,31.0,96.0,222.0,122.444,,,0.3019,0.6981,,True,completed
595,pkw,728.0,1015.0,287.0,,2565.816,0.0,28.0,259.0,49.301,,,0.0976,0.9024,,True,completed
835,pkw,894.0,1015.0,121.0,,1115.21,8.0,8.0,113.0,17.611,,,0.0661,0.9339,,True,completed
633,pkw,749.0,1017.0,268.0,,1830.706,7.0,25.0,243.0,90.407,,,0.0933,0.9067,,True,completed
731,pkw,813.0,1018.0,205.0,,1447.557,19.0,32.0,173.0,66.365,,,0.1561,0.8439,,True,completed
915,pkw,935.0,1019.0,84.0,,660.542,6.0,6.0,78.0,23.232,,,0.0714,0.9286,,True,completed
836,pkw,894.0,1020.0,126.0,,1063.366,0.0,0.0,126.0,14.854,,,0.0,1.0,,True,completed
766,pkw,840.0,1023.0,183.0,,1411.993,17.0,17.0,166.0,40.694,,,0.0929,0.9071,,True,completed
883,pkw,920.0,1025.0,105.0,,737.318,22.0,22.0,83.0,31.661,,,0.2095,0.7905,,True,completed
983,pkw,974.0,1025.0,51.0,,375.275,0.0,0.0,51.0,5.787,,,0.0,1.0,,True,completed
921,pkw,939.0,1026.0,87.0,,853.339,0.0,0.0,87.0,8.368,,,0.0,1.0,,True,completed
730,pkw,812.0,1027.0,215.0,,1521.863,11.0,33.0,182.0,73.038,,,0.1535,0.8465,,True,completed
687,pkw,788.0,1028.0,240.0,,2185.608,0.0,7.0,233.0,29.427,,,0.0292,0.9708,,True,completed
922,pkw,940.0,1029.0,89.0,,850.046,0.0,0.0,89.0,9.679,,,0.0,1.0,,True,completed
489,pkw,654.0,1032.0,378.0,,2299.027,0.0,114.0,264.0,146.899,,,0.3016,0.6984,,True,completed
708,pkw,802.0,1032.0,230.0,,1885.633,11.0,18.0,212.0,40.343,,,0.0783,0.9217,,True,completed
792,pkw,856.0,1032.0,176.0,,1769.43,0.0,0.0,176.0,10.658,,,0.0,1.0,,True,completed
804,pkw,864.0,1032.0,168.0,,1685.576,0.0,0.0,168.0,14.109,,,0.0,1.0,,True,completed
819,pkw,881.0,1032.0,151.0,,1243.682,6.0,6.0,145.0,26.672,,,0.0397,0.9603,,True,completed
857,pkw,906.0,1032.0,126.0,,1064.829,8.0,8.0,118.0,27.447,,,0.0635,0.9365,,True,completed
654,pkw,766.0,1034.0,268.0,,1654.184,0.0,62.0,206.0,86.543,,,0.2313,0.7687,,True,completed
877,pkw,918.0,1034.0,116.0,,1189.742,0.0,0.0,116.0,7.191,,,0.0,1.0,,True,completed
908,pkw,933.0,1035.0,102.0,,962.746,0.0,0.0,102.0,7.747,,,0.0,1.0,,True,completed
770,pkw,841.0,1037.0,196.0,,1321.837,20.0,50.0,146.0,71.31,,,0.2551,0.7449,,True,completed
636,pkw,751.0,1038.0,287.0,,1960.884,44.0,74.0,213.0,109.049,,,0.2578,0.7422,,True,completed
562,pkw,705.0,1041.0,336.0,,2369.227,7.0,52.0,284.0,110.448,,,0.1548,0.8452,,True,completed
775,pkw,844.0,1041.0,197.0,,1703.926,0.0,14.0,183.0,40.372,,,0.0711,0.9289,,True,completed
800,pkw,861.0,1041.0,180.0,,1494.864,1.0,17.0,163.0,35.785,,,0.0944,0.9056,,True,completed
678,pkw,781.0,1043.0,262.0,,1419.965,49.0,76.0,186.0,131.577,,,0.2901,0.7099,,True,completed
679,pkw,781.0,1044.0,263.0,,2338.669,0.0,15.0,248.0,42.231,,,0.057,0.943,,True,completed
942,pkw,950.0,1044.0,94.0,,942.106,0.0,0.0,94.0,7.604,,,0.0,1.0,,True,completed
950,pkw,956.0,1044.0,88.0,,502.669,23.0,23.0,65.0,40.746,,,0.2614,0.7386,,True,completed
867,pkw,913.0,1045.0,132.0,,1392.745,0.0,0.0,132.0,5.652,,,0.0,1.0,,True,completed
592,pkw,724.0,1046.0,322.0,,2408.383,9.0,43.0,279.0,91.358,,,0.1335,0.8665,,True,completed
780,pkw,846.0,1046.0,200.0,,1685.423,0.0,25.0,175.0,43.756,,,0.125,0.875,,True,completed
929,pkw,943.0,1046.0,103.0,,1069.726,0.0,0.0,103.0,5.359,,,0.0,1.0,,True,completed
674,pkw,780.0,1047.0,267.0,,2241.843,17.0,17.0,250.0,44.761,,,0.0637,0.9363,,True,completed
762,pkw,837.0,1048.0,211.0,,1496.558,27.0,39.0,172.0,66.171,,,0.1848,0.8152,,True,completed
810,pkw,873.0,1048.0,175.0,,1260.891,35.0,35.0,140.0,58.006,,,0.2,0.8,,True,completed
690,pkw,789.0,1049.0,260.0,,2290.629,7.0,21.0,239.0,51.13,,,0.0808,0.9192,,True,completed
764,pkw,839.0,1052.0,213.0,,1909.226,20.0,20.0,193.0,36.893,,,0.0939,0.9061,,True,completed
909,pkw,933.0,1053.0,120.0,,997.332,0.0,0.0,120.0,13.87,,,0.0,1.0,,True,completed
797,pkw,859.0,1054.0,195.0,,1826.086,10.0,10.0,185.0,28.313,,,0.0513,0.9487,,True,completed
702,pkw,798.0,1055.0,257.0,,2348.118,0.0,8.0,249.0,37.076,,,0.0311,0.9689,,True,completed
692,pkw,791.0,1060.0,269.0,,2168.813,21.0,34.0,235.0,71.069,,,0.1264,0.8736,,True,completed
801,pkw,862.0,1060.0,198.0,,1877.554,1.0,3.0,195.0,26.13,,,0.0152,0.9848,,True,completed
878,pkw,918.0,1061.0,143.0,,892.282,25.0,25.0,118.0,54.081,,,0.1748,0.8252,,True,completed
925,pkw,940.0,1062.0,122.0,,1143.272,0.0,0.0,122.0,8.557,,,0.0,1.0,,True,completed
733,pkw,817.0,1065.0,248.0,,1822.303,0.0,1.0,247.0,29.339,,,0.004,0.996,,True,completed
817,pkw,880.0,1065.0,185.0,,444.985,97.0,133.0,52.0,143.951,,,0.7189,0.2811,,True,completed
961,pkw,963.0,1065.0,102.0,,897.058,6.0,6.0,96.0,19.912,,,0.0588,0.9412,,True,completed
739,pkw,822.0,1066.0,244.0,,1829.519,2.0,41.0,203.0,74.467,,,0.168,0.832,,True,completed
824,pkw,886.0,1067.0,181.0,,1084.859,37.0,37.0,144.0,57.859,,,0.2044,0.7956,,True,completed
941,pkw,949.0,1068.0,119.0,,1143.99,0.0,0.0,119.0,9.277,,,0.0,1.0,,True,completed
1031,pkw,1001.0,1069.0,68.0,,603.662,5.0,5.0,63.0,12.67,,,0.0735,0.9265,,True,completed
647,pkw,756.0,1069.0,313.0,,1966.169,53.0,84.0,229.0,130.715,,,0.2684,0.7316,,True,completed
831,pkw,890.0,1069.0,179.0,,1427.88,21.0,21.0,158.0,47.0,,,0.1173,0.8827,,True,completed
767,pkw,840.0,1071.0,231.0,,1557.136,28.0,36.0,195.0,83.785,,,0.1558,0.8442,,True,completed
820,pkw,881.0,1071.0,190.0,,1352.774,14.0,24.0,166.0,55.367,,,0.1263,0.8737,,True,completed
746,pkw,825.0,1073.0,248.0,,1765.531,46.0,66.0,182.0,85.825,,,0.2661,0.7339,,True,completed
828,pkw,890.0,1073.0,183.0,,1169.98,22.0,44.0,139.0,75.001,,,0.2404,0.7596,,True,completed
596,pkw,729.0,1075.0,346.0,,2738.784,0.0,51.0,295.0,92.424,,,0.1474,0.8526,,True,completed
699,pkw,795.0,1076.0,281.0,,2427.403,22.0,27.0,254.0,51.167,,,0.0961,0.9039,,True,completed
576,pkw,714.0,1077.0,363.0,,1838.783,84.0,169.0,194.0,186.328,,,0.4656,0.5344,,True,completed
847,pkw,902.0,1078.0,176.0,,1417.083,32.0,32.0,144.0,47.055,,,0.1818,0.8182,,True,completed
682,pkw,783.0,1079.0,296.0,,2439.856,2.0,52.0,244.0,75.153,,,0.1757,0.8243,,True,completed
634,pkw,750.0,1080.0,330.0,,2336.422,7.0,42.0,288.0,106.75,,,0.1273,0.8727,,True,completed
548,pkw,696.0,1081.0,385.0,,2564.936,81.0,129.0,256.0,151.24,,,0.3351,0.6649,,True,completed
789,pkw,852.0,1081.0,229.0,,1731.428,4.0,23.0,206.0,66.441,,,0.1004,0.8996,,True,completed
744,pkw,824.0,1082.0,258.0,,2334.361,11.0,17.0,241.0,46.273,,,0.0659,0.9341,,True,completed
712,pkw,804.0,1084.0,280.0,,2215.762,1.0,44.0,236.0,75.398,,,0.1571,0.8429,,True,completed
3,pkw,3.0,1085.0,1082.0,,2513.125,57.0,819.0,263.0,854.786,,,0.7569,0.2431,,True,completed
646,pkw,756.0,1085.0,329.0,,2495.077,59.0,64.0,265.0,91.734,,,0.1945,0.8055,,True,completed
662,pkw,771.0,1085.0,314.0,,2787.632,3.0,25.0,289.0,60.069,,,0.0796,0.9204,,True,completed
545,pkw,695.0,1088.0,393.0,,2916.347,0.0,86.0,307.0,126.444,,,0.2188,0.7812,,True,completed
743,pkw,824.0,1089.0,265.0,,2068.567,1.0,1.0,264.0,40.718,,,0.0038,0.9962,,True,completed
821,pkw,883.0,1089.0,206.0,,1866.565,9.0,9.0,197.0,31.231,,,0.0437,0.9563,,True,completed
54,pkw,96.0,1090.0,994.0,,2158.44,95.0,761.0,233.0,799.079,,,0.7656,0.2344,,True,completed
755,pkw,831.0,1090.0,259.0,,1876.095,15.0,15.0,244.0,45.784,,,0.0579,0.9421,,True,completed
954,pkw,958.0,1090.0,132.0,,1338.332,0.0,0.0,132.0,8.494,,,0.0,1.0,,True,completed
798,pkw,860.0,1092.0,232.0,,2205.745,4.0,4.0,228.0,30.729,,,0.0172,0.9828,,True,completed
912,pkw,935.0,1092.0,157.0,,1358.96,20.0,20.0,137.0,33.102,,,0.1274,0.8726,,True,completed
155,pkw,294.0,1093.0,799.0,,1832.22,100.0,608.0,191.0,628.541,,,0.761,0.239,,True,completed
967,pkw,965.0,1093.0,128.0,,951.402,4.0,4.0,124.0,23.35,,,0.0312,0.9688,,True,completed
703,pkw,798.0,1095.0,297.0,,2156.424,25.0,44.0,253.0,90.812,,,0.1481,0.8519,,True,completed
1015,pkw,993.0,1097.0,104.0,,699.953,21.0,21.0,83.0,38.017,,,0.2019,0.7981,,True,completed
845,pkw,902.0,1098.0,196.0,,1868.823,0.0,0.0,196.0,23.568,,,0.0,1.0,,True,completed
855,pkw,905.0,1098.0,193.0,,1694.647,9.0,10.0,183.0,36.368,,,0.0518,0.9482,,True,completed
861,pkw,909.0,1098.0,189.0,,734.335,64.0,106.0,83.0,116.821,,,0.5608,0.4392,,True,completed
958,pkw,959.0,1098.0,139.0,,666.265,60.0,60.0,79.0,71.807,,,0.4317,0.5683,,True,completed
993,pkw,982.0,1098.0,116.0,,888.743,14.0,14.0,102.0,25.79,,,0.1207,0.8793,,True,completed
1043,pkw,1009.0,1099.0,90.0,,735.107,2.0,2.0,88.0,17.774,,,0.0222,0.9778,,True,completed
1032,pkw,1002.0,1100.0,98.0,,742.241,21.0,21.0,77.0,30.198,,,0.2143,0.7857,,True,completed
1010,pkw,991.0,1101.0,110.0,,807.529,10.0,20.0,90.0,30.271,,,0.1818,0.8182,,True,completed
593,pkw,727.0,1102.0,375.0,,1830.185,61.0,181.0,194.0,207.344,,,0.4827,0.5173,,True,completed
1068,pkw,1022.0,1103.0,81.0,,839.954,0.0,0.0,81.0,4.07,,,0.0,1.0,,True,completed
917,pkw,936.0,1103.0,167.0,,688.852,61.0,75.0,92.0,99.426,,,0.4491,0.5509,,True,completed
1076,pkw,1027.0,1105.0,78.0,,738.913,0.0,0.0,78.0,9.477,,,0.0,1.0,,True,completed
788,pkw,851.0,1106.0,255.0,,1834.261,29.0,47.0,208.0,85.997,,,0.1843,0.8157,,True,completed
1023,pkw,998.0,1108.0,110.0,,875.274,19.0,19.0,91.0,29.248,,,0.1727,0.8273,,True,completed
1060,pkw,1017.0,1110.0,93.0,,669.673,22.0,22.0,71.0,31.729,,,0.2366,0.7634,,True,completed
858,pkw,907.0,1110.0,203.0,,1688.616,30.0,30.0,173.0,48.744,,,0.1478,0.8522,,True,completed
1133,pkw,1051.0,1112.0,61.0,,443.923,6.0,6.0,55.0,19.994,,,0.0984,0.9016,,True,completed
728,pkw,812.0,1113.0,301.0,,2453.801,0.0,8.0,293.0,34.296,,,0.0266,0.9734,,True,completed
906,pkw,932.0,1113.0,181.0,,986.387,32.0,38.0,143.0,77.345,,,0.2099,0.7901,,True,completed
1099,pkw,1037.0,1114.0,77.0,,670.214,4.0,4.0,73.0,15.68,,,0.0519,0.9481,,True,completed
805,pkw,866.0,1114.0,248.0,,1882.158,8.0,8.0,240.0,34.269,,,0.0323,0.9677,,True,completed
987,pkw,976.0,1114.0,138.0,,1452.292,0.0,0.0,138.0,6.292,,,0.0,1.0,,True,completed
808,pkw,869.0,1115.0,246.0,,2340.258,0.0,4.0,242.0,25.673,,,0.0163,0.9837,,True,completed
1082,pkw,1029.0,1116.0,87.0,,670.968,10.0,10.0,77.0,25.612,,,0.1149,0.8851,,True,completed
696,pkw,793.0,1119.0,326.0,,2593.766,14.0,60.0,266.0,91.394,,,0.184,0.816,,True,completed
1019,pkw,998.0,1120.0,122.0,,1021.983,11.0,11.0,111.0,27.472,,,0.0902,0.9098,,True,completed
1064,pkw,1019.0,1120.0,101.0,,973.803,0.0,0.0,101.0,8.828,,,0.0,1.0,,True,completed
604,pkw,735.0,1122.0,387.0,,2902.826,32.0,48.0,339.0,90.847,,,0.124,0.876,,True,completed
1020,pkw,998.0,1124.0,126.0,,1064.682,10.0,11.0,115.0,27.848,,,0.0873,0.9127,,True,completed
1198,pkw,1088.0,1124.0,36.0,,157.079,10.0,10.0,26.0,20.863,,,0.2778,0.7222,,True,completed
927,pkw,942.0,1124.0,182.0,,1238.142,17.0,47.0,135.0,68.828,,,0.2582,0.7418,,True,completed
840,pkw,899.0,1125.0,226.0,,1864.724,3.0,16.0,210.0,43.439,,,0.0708,0.9292,,True,completed
1067,pkw,1021.0,1126.0,105.0,,547.756,48.0,48.0,57.0,54.369,,,0.4571,0.5429,,True,completed
924,pkw,939.0,1128.0,189.0,,1625.365,18.0,20.0,169.0,40.217,,,0.1058,0.8942,,True,completed
910,pkw,933.0,1129.0,196.0,,1530.385,25.0,37.0,159.0,57.169,,,0.1888,0.8112,,True,completed
672,pkw,786.0,1133.0,347.0,,2430.052,6.0,92.0,255.0,126.915,,,0.2651,0.7349,,True,completed
1121,pkw,1048.0,1134.0,86.0,,748.824,6.0,6.0,80.0,16.642,,,0.0698,0.9302,,True,completed
1002,pkw,987.0,1135.0,148.0,,1504.996,0.0,0.0,148.0,8.776,,,0.0,1.0,,True,completed
979,pkw,970.0,1135.0,165.0,,989.748,31.0,46.0,119.0,68.785,,,0.2788,0.7212,,True,completed
893,pkw,924.0,1137.0,213.0,,2064.467,0.0,2.0,211.0,25.825,,,0.0094,0.9906,,True,completed
1134,pkw,1052.0,1138.0,86.0,,734.692,9.0,9.0,77.0,18.877,,,0.1047,0.8953,,True,completed
1140,pkw,1055.0,1140.0,85.0,,725.978,0.0,0.0,85.0,12.051,,,0.0,1.0,,True,completed
923,pkw,939.0,1141.0,202.0,,1958.385,0.0,3.0,199.0,22.941,,,0.0149,0.9851,,True,completed
1047,pkw,1010.0,1142.0,132.0,,1080.383,19.0,19.0,113.0,33.765,,,0.1439,0.8561,,True,completed
946,pkw,954.0,1142.0,188.0,,1727.085,8.0,8.0,180.0,29.496,,,0.0426,0.9574,,True,completed
965,pkw,965.0,1142.0,177.0,,1810.316,0.0,0.0,177.0,12.372,,,0.0,1.0,,True,completed
866,pkw,912.0,1146.0,234.0,,1965.081,11.0,11.0,223.0,52.789,,,0.047,0.953,,True,completed
928,pkw,942.0,1146.0,204.0,,1587.436,8.0,36.0,168.0,59.984,,,0.1765,0.8235,,True,completed
1073,pkw,1024.0,1147.0,123.0,,1155.152,0.0,0.0,123.0,15.198,,,0.0,1.0,,True,completed
977,pkw,969.0,1148.0,179.0,,1826.343,0.0,0.0,179.0,11.608,,,0.0,1.0,,True,completed
736,pkw,817.0,1149.0,332.0,,2508.404,37.0,62.0,270.0,103.075,,,0.1867,0.8133,,True,completed
1151,pkw,1062.0,1151.0,89.0,,875.717,0.0,0.0,89.0,8.787,,,0.0,1.0,,True,completed
892,pkw,924.0,1151.0,227.0,,2140.392,0.0,6.0,221.0,32.358,,,0.0264,0.9736,,True,completed
655,pkw,767.0,1152.0,385.0,,2744.661,18.0,63.0,322.0,126.708,,,0.1636,0.8364,,True,completed
894,pkw,925.0,1154.0,229.0,,1625.004,12.0,50.0,179.0,81.602,,,0.2183,0.7817,,True,completed
1037,pkw,1006.0,1155.0,149.0,,1061.585,13.0,30.0,119.0,43.963,,,0.2013,0.7987,,True,completed
1055,pkw,1014.0,1157.0,143.0,,905.106,33.0,38.0,105.0,59.649,,,0.2657,0.7343,,True,completed
1154,pkw,1065.0,1157.0,92.0,,739.918,3.0,3.0,89.0,23.649,,,0.0326,0.9674,,True,completed
843,pkw,901.0,1157.0,256.0,,1265.216,12.0,119.0,137.0,140.34,,,0.4648,0.5352,,True,completed
859,pkw,908.0,1158.0,250.0,,1765.001,35.0,46.0,204.0,83.42,,,0.184,0.816,,True,completed
896,pkw,925.0,1159.0,234.0,,1844.955,4.0,31.0,203.0,65.186,,,0.1325,0.8675,,True,completed
888,pkw,924.0,1160.0,236.0,,1694.253,34.0,40.0,196.0,75.487,,,0.1695,0.8305,,True,completed
1033,pkw,1003.0,1161.0,158.0,,1501.64,0.0,0.0,158.0,20.817,,,0.0,1.0,,True,completed
1083,pkw,1030.0,1161.0,131.0,,1112.371,13.0,13.0,118.0,22.902,,,0.0992,0.9008,,True,completed
1180,pkw,1080.0,1162.0,82.0,,826.745,0.0,0.0,82.0,6.099,,,0.0,1.0,,True,completed
984,pkw,975.0,1162.0,187.0,,1610.696,12.0,12.0,175.0,38.481,,,0.0642,0.9358,,True,completed
1013,pkw,991.0,1163.0,172.0,,1367.101,26.0,26.0,146.0,44.085,,,0.1512,0.8488,,True,completed
1205,pkw,1091.0,1166.0,75.0,,591.991,11.0,11.0,64.0,20.72,,,0.1467,0.8533,,True,completed
935,pkw,945.0,1166.0,221.0,,2190.348,1.0,1.0,220.0,20.717,,,0.0045,0.9955,,True,completed
1108,pkw,1042.0,1168.0,126.0,,1152.95,5.0,5.0,121.0,20.605,,,0.0397,0.9603,,True,completed
1204,pkw,1091.0,1169.0,78.0,,536.402,13.0,13.0,65.0,27.837,,,0.1667,0.8333,,True,completed
938,pkw,946.0,1170.0,224.0,,1844.685,22.0,29.0,195.0,53.988,,,0.1295,0.8705,,True,completed
1000,pkw,985.0,1174.0,189.0,,1261.457,0.0,53.0,136.0,73.743,,,0.2804,0.7196,,True,completed
966,pkw,965.0,1174.0,209.0,,1599.197,24.0,24.0,185.0,55.84,,,0.1148,0.8852,,True,completed
1342,pkw,1162.0,1175.0,13.0,,127.235,0.0,0.0,13.0,0.549,,,0.0,1.0,,True,completed
997,pkw,984.0,1175.0,191.0,,1330.495,12.0,31.0,160.0,61.791,,,0.1623,0.8377,,True,completed
229,pkw,400.0,1176.0,776.0,,1611.827,3.0,600.0,176.0,616.892,,,0.7732,0.2268,,True,completed
825,pkw,886.0,1176.0,290.0,,2215.903,26.0,54.0,236.0,87.54,,,0.1862,0.8138,,True,completed
1034,pkw,1003.0,1178.0,175.0,,1332.137,11.0,11.0,164.0,50.839,,,0.0629,0.9371,,True,completed
216,pkw,384.0,1178.0,794.0,,2799.716,0.0,448.0,346.0,483.304,,,0.5642,0.4358,,True,completed
1048,pkw,1011.0,1180.0,169.0,,1597.942,0.0,4.0,165.0,22.929,,,0.0237,0.9763,,True,completed
1162,pkw,1069.0,1180.0,111.0,,907.11,5.0,5.0,106.0,27.422,,,0.045,0.955,,True,completed
949,pkw,955.0,1180.0,225.0,,2145.297,2.0,2.0,223.0,26.32,,,0.0089,0.9911,,True,completed
1123,pkw,1048.0,1181.0,133.0,,1398.191,0.0,0.0,133.0,6.162,,,0.0,1.0,,True,completed
934,pkw,944.0,1182.0,238.0,,2000.791,19.0,19.0,219.0,54.48,,,0.0798,0.9202,,True,completed
962,pkw,963.0,1182.0,219.0,,1973.137,1.0,14.0,205.0,40.129,,,0.0639,0.9361,,True,completed
1005,pkw,989.0,1183.0,194.0,,1623.588,19.0,19.0,175.0,37.467,,,0.0979,0.9021,,True,completed
528,pkw,811.0,1183.0,372.0,,546.61,42.0,313.0,59.0,322.073,,,0.8414,0.1586,,True,completed
644,pkw,755.0,1184.0,429.0,,1107.136,0.0,308.0,121.0,325.684,,,0.7179,0.2821,,True,completed
1275,pkw,1129.0,1187.0,58.0,,470.184,0.0,0.0,58.0,4.622,,,0.0,1.0,,True,completed
1228,pkw,1106.0,1189.0,83.0,,768.515,4.0,4.0,79.0,12.833,,,0.0482,0.9518,,True,completed
1229,pkw,1106.0,1190.0,84.0,,679.957,9.0,10.0,74.0,21.337,,,0.119,0.881,,True,completed
873,pkw,915.0,1192.0,277.0,,2193.234,23.0,35.0,242.0,71.808,,,0.1264,0.8736,,True,completed
1110,pkw,1043.0,1193.0,150.0,,1406.664,0.0,0.0,150.0,20.694,,,0.0,1.0,,True,completed
943,pkw,951.0,1195.0,244.0,,1813.868,3.0,39.0,205.0,73.273,,,0.1598,0.8402,,True,completed
1107,pkw,1042.0,1196.0,154.0,,1246.492,3.0,3.0,151.0,21.67,,,0.0195,0.9805,,True,completed
848,pkw,902.0,1196.0,294.0,,2249.726,0.0,0.0,294.0,26.218,,,0.0,1.0,,True,completed
1141,pkw,1055.0,1197.0,142.0,,1091.229,15.0,16.0,126.0,41.736,,,0.1127,0.8873,,True,completed
999,pkw,984.0,1197.0,213.0,,1865.563,3.0,8.0,205.0,37.49,,,0.0376,0.9624,,True,completed
812,pkw,875.0,1198.0,323.0,,2911.892,0.0,31.0,292.0,59.172,,,0.096,0.904,,True,completed
838,pkw,895.0,1198.0,303.0,,2129.691,14.0,18.0,285.0,58.752,,,0.0594,0.9406,,True,completed
1036,pkw,1006.0,1199.0,193.0,,1416.405,0.0,25.0,168.0,63.712,,,0.1295,0.8705,,True,completed
875,pkw,915.0,1199.0,284.0,,2119.573,12.0,13.0,271.0,54.014,,,0.0458,0.9542,,True,completed
1035,pkw,1005.0,1201.0,196.0,,1965.991,0.0,0.0,196.0,16.758,,,0.0,1.0,,True,completed
1058,pkw,1016.0,1201.0,185.0,,1576.01,16.0,16.0,169.0,41.127,,,0.0865,0.9135,,True,completed
864,pkw,911.0,1203.0,292.0,,1457.924,13.0,129.0,163.0,158.866,,,0.4418,0.5582,,True,completed
901,pkw,928.0,1204.0,276.0,,1944.112,24.0,67.0,209.0,95.76,,,0.2428,0.7572,,True,completed
933,pkw,944.0,1204.0,260.0,,1794.707,10.0,49.0,211.0,89.289,,,0.1885,0.8115,,True,completed
995,pkw,982.0,1204.0,222.0,,1963.787,0.0,17.0,205.0,41.072,,,0.0766,0.9234,,True,completed
1166,pkw,1071.0,1206.0,135.0,,407.165,56.0,56.0,79.0,83.194,,,0.4148,0.5852,,True,completed
686,pkw,787.0,1207.0,420.0,,3136.152,10.0,44.0,376.0,106.026,,,0.1048,0.8952,,True,completed
890,pkw,922.0,1207.0,285.0,,2579.753,5.0,13.0,272.0,45.365,,,0.0456,0.9544,,True,completed
395,pkw,591.0,1208.0,617.0,,1781.249,0.0,408.0,209.0,454.91,,,0.6613,0.3387,,True,completed
249,pkw,428.0,1209.0,781.0,,2051.483,18.0,560.0,221.0,592.127,,,0.717,0.283,,True,completed
1130,pkw,1051.0,1210.0,159.0,,1178.897,14.0,32.0,127.0,51.286,,,0.2013,0.7987,,True,completed
1147,pkw,1058.0,1211.0,153.0,,1475.501,0.0,3.0,150.0,18.147,,,0.0196,0.9804,,True,completed
1233,pkw,1108.0,1211.0,103.0,,871.021,5.0,5.0,98.0,22.634,,,0.0485,0.9515,,True,completed
1174,pkw,1075.0,1213.0,138.0,,1185.81,12.0,12.0,126.0,29.68,,,0.087,0.913,,True,completed
884,pkw,920.0,1213.0,293.0,,1414.144,37.0,132.0,161.0,159.054,,,0.4505,0.5495,,True,completed
1026,pkw,1000.0,1214.0,214.0,,1833.019,18.0,25.0,189.0,46.529,,,0.1168,0.8832,,True,completed
806,pkw,867.0,1214.0,347.0,,2385.526,30.0,82.0,265.0,130.503,,,0.2363,0.7637,,True,completed
931,pkw,943.0,1214.0,271.0,,2015.338,1.0,22.0,249.0,77.442,,,0.0812,0.9188,,True,completed
879,pkw,919.0,1219.0,300.0,,1561.933,34.0,129.0,171.0,157.449,,,0.43,0.57,,True,completed
1025,pkw,1000.0,1220.0,220.0,,1810.659,1.0,28.0,192.0,52.071,,,0.1273,0.8727,,True,completed
1065,pkw,1019.0,1221.0,202.0,,1806.836,20.0,20.0,182.0,36.481,,,0.099,0.901,,True,completed
1190,pkw,1082.0,1222.0,140.0,,917.894,21.0,21.0,119.0,34.584,,,0.15,0.85,,True,completed
905,pkw,932.0,1222.0,290.0,,1613.29,33.0,122.0,168.0,143.458,,,0.4207,0.5793,,True,completed
1256,pkw,1119.0,1223.0,104.0,,678.484,23.0,23.0,81.0,41.067,,,0.2212,0.7788,,True,completed
1072,pkw,1024.0,1225.0,201.0,,1829.137,16.0,16.0,185.0,34.018,,,0.0796,0.9204,,True,completed
338,pkw,515.0,1225.0,710.0,,3489.806,0.0,326.0,384.0,393.468,,,0.4592,0.5408,,True,completed
1261,pkw,1122.0,1226.0,104.0,,710.923,18.0,18.0,86.0,31.732,,,0.1731,0.8269,,True,completed
1113,pkw,1044.0,1228.0,184.0,,1272.645,11.0,46.0,138.0,67.523,,,0.25,0.75,,True,completed
1189,pkw,1082.0,1228.0,146.0,,1138.449,5.0,18.0,128.0,41.738,,,0.1233,0.8767,,True,completed
860,pkw,909.0,1229.0,320.0,,2812.905,0.0,31.0,289.0,65.328,,,0.0969,0.9031,,True,completed
790,pkw,854.0,1230.0,376.0,,1655.373,0.0,164.0,212.0,186.881,,,0.4362,0.5638,,True,completed
1308,pkw,1146.0,1231.0,85.0,,694.203,14.0,14.0,71.0,21.521,,,0.1647,0.8353,,True,completed
994,pkw,982.0,1232.0,250.0,,2028.187,0.0,9.0,241.0,41.249,,,0.036,0.964,,True,completed
381,pkw,567.0,1234.0,667.0,,380.317,77.0,614.0,53.0,630.091,,,0.9205,0.0795,,True,completed
1063,pkw,1018.0,1235.0,217.0,,888.983,72.0,94.0,123.0,116.882,,,0.4332,0.5668,,True,completed
774,pkw,844.0,1237.0,393.0,,2590.613,45.0,99.0,294.0,154.198,,,0.2519,0.7481,,True,completed
61,pkw,110.0,1238.0,1128.0,,1949.531,12.0,908.0,220.0,948.467,,,0.805,0.195,,True,completed
1137,pkw,1053.0,1239.0,186.0,,1645.14,6.0,16.0,170.0,36.936,,,0.086,0.914,,True,completed
926,pkw,941.0,1239.0,298.0,,2219.256,59.0,64.0,234.0,95.049,,,0.2148,0.7852,,True,completed
978,pkw,970.0,1239.0,269.0,,2539.774,5.0,6.0,263.0,38.232,,,0.0223,0.9777,,True,completed
868,pkw,913.0,1241.0,328.0,,2287.031,41.0,74.0,254.0,116.413,,,0.2256,0.7744,,True,completed
1272,pkw,1126.0,1242.0,116.0,,797.746,17.0,17.0,99.0,32.171,,,0.1466,0.8534,,True,completed
1244,pkw,1112.0,1243.0,131.0,,642.519,40.0,40.0,91.0,58.489,,,0.3053,0.6947,,True,completed
1276,pkw,1130.0,1243.0,113.0,,726.935,32.0,32.0,81.0,46.575,,,0.2832,0.7168,,True,completed
570,pkw,710.0,1247.0,537.0,,1998.007,0.0,272.0,265.0,355.472,,,0.5065,0.4935,,True,completed
1092,pkw,1034.0,1250.0,216.0,,1529.865,29.0,55.0,161.0,77.025,,,0.2546,0.7454,,True,completed
1265,pkw,1123.0,1250.0,127.0,,1134.318,4.0,9.0,118.0,21.837,,,0.0709,0.9291,,True,completed
1337,pkw,1160.0,1250.0,90.0,,693.125,5.0,5.0,85.0,25.122,,,0.0556,0.9444,,True,completed
1338,pkw,1193.0,1250.0,57.0,,572.218,0.0,0.0,57.0,4.5,,,0.0,1.0,,True,completed
1350,pkw,1167.0,1252.0,85.0,,864.475,0.0,0.0,85.0,6.197,,,0.0,1.0,,True,completed
1298,pkw,1144.0,1254.0,110.0,,634.32,28.0,28.0,82.0,51.911,,,0.2545,0.7455,,True,completed
869,pkw,914.0,1254.0,340.0,,2022.232,40.0,106.0,234.0,155.628,,,0.3118,0.6882,,True,completed
1102,pkw,1039.0,1257.0,218.0,,1811.07,0.0,4.0,214.0,31.62,,,0.0183,0.9817,,True,completed
1212,pkw,1096.0,1258.0,162.0,,1493.257,1.0,1.0,161.0,21.599,,,0.0062,0.9938,,True,completed
316,pkw,495.0,1258.0,763.0,,2855.289,0.0,421.0,342.0,504.304,,,0.5518,0.4482,,True,completed
990,pkw,980.0,1260.0,280.0,,2176.22,0.0,34.0,246.0,67.4,,,0.1214,0.8786,,True,completed
1122,pkw,1048.0,1261.0,213.0,,1527.015,40.0,40.0,173.0,72.607,,,0.1878,0.8122,,True,completed
1435,pkw,1220.0,1262.0,42.0,,438.767,0.0,0.0,42.0,1.511,,,0.0,1.0,,True,completed
1117,pkw,1045.0,1263.0,218.0,,2125.252,0.0,0.0,218.0,23.598,,,0.0,1.0,,True,completed
1127,pkw,1049.0,1264.0,215.0,,1820.942,0.0,4.0,211.0,36.969,,,0.0186,0.9814,,True,completed
1022,pkw,1005.0,1267.0,262.0,,2135.422,0.0,22.0,240.0,49.373,,,0.084,0.916,,True,completed
1450,pkw,1230.0,1267.0,37.0,,251.91,7.0,7.0,30.0,13.145,,,0.1892,0.8108,,True,completed
1334,pkw,1159.0,1268.0,109.0,,871.44,11.0,11.0,98.0,27.915,,,0.1009,0.8991,,True,completed
876,pkw,920.0,1268.0,348.0,,2022.055,51.0,115.0,233.0,163.582,,,0.3305,0.6695,,True,completed
1096,pkw,1037.0,1269.0,232.0,,1812.956,0.0,18.0,214.0,58.696,,,0.0776,0.9224,,True,completed
1220,pkw,1102.0,1269.0,167.0,,1477.522,10.0,10.0,157.0,31.689,,,0.0599,0.9401,,True,completed
1234,pkw,1109.0,1269.0,160.0,,1462.179,0.0,0.0,160.0,12.414,,,0.0,1.0,,True,completed
423,pkw,613.0,1269.0,656.0,,2726.779,2.0,305.0,351.0,408.659,,,0.4649,0.5351,,True,completed
880,pkw,922.0,1270.0,348.0,,2023.063,49.0,109.0,239.0,164.003,,,0.3132,0.6868,,True,completed
1343,pkw,1162.0,1272.0,110.0,,666.521,34.0,34.0,76.0,42.971,,,0.3091,0.6909,,True,completed
957,pkw,959.0,1273.0,314.0,,2050.826,11.0,54.0,260.0,98.846,,,0.172,0.828,,True,completed
1062,pkw,1018.0,1274.0,256.0,,1887.996,49.0,49.0,207.0,84.607,,,0.1914,0.8086,,True,completed
1296,pkw,1143.0,1276.0,133.0,,688.538,41.0,41.0,92.0,62.375,,,0.3083,0.6917,,True,completed
1040,pkw,1008.0,1277.0,269.0,,1736.905,18.0,57.0,212.0,108.572,,,0.2119,0.7881,,True,completed
1219,pkw,1102.0,1277.0,175.0,,1530.312,1.0,19.0,156.0,36.271,,,0.1086,0.8914,,True,completed
886,pkw,921.0,1279.0,358.0,,2371.515,0.0,97.0,261.0,125.131,,,0.2709,0.7291,,True,completed
537,pkw,691.0,1280.0,589.0,,2659.459,0.0,267.0,322.0,347.295,,,0.4533,0.5467,,True,completed
536,pkw,690.0,1282.0,592.0,,2668.612,0.0,280.0,312.0,345.837,,,0.473,0.527,,True,completed
807,pkw,867.0,1282.0,415.0,,1994.447,31.0,149.0,266.0,209.73,,,0.359,0.641,,True,completed
1385,pkw,1191.0,1283.0,92.0,,675.441,7.0,7.0,85.0,26.582,,,0.0761,0.9239,,True,completed
947,pkw,954.0,1283.0,329.0,,2296.226,0.0,64.0,265.0,104.756,,,0.1945,0.8055,,True,completed
574,pkw,713.0,1284.0,571.0,,2303.388,0.0,284.0,287.0,356.705,,,0.4974,0.5026,,True,completed
953,pkw,958.0,1285.0,327.0,,2374.645,11.0,45.0,282.0,99.968,,,0.1376,0.8624,,True,completed
1200,pkw,1088.0,1286.0,198.0,,1647.403,7.0,26.0,172.0,47.559,,,0.1313,0.8687,,True,completed
454,pkw,630.0,1286.0,656.0,,2615.091,13.0,340.0,316.0,416.8,,,0.5183,0.4817,,True,completed
1427,pkw,1217.0,1287.0,70.0,,652.681,0.0,0.0,70.0,8.896,,,0.0,1.0,,True,completed
463,pkw,635.0,1288.0,653.0,,2613.741,12.0,337.0,316.0,414.579,,,0.5161,0.4839,,True,completed
1418,pkw,1213.0,1289.0,76.0,,650.241,2.0,2.0,74.0,15.969,,,0.0263,0.9737,,True,completed
1410,pkw,1209.0,1292.0,83.0,,728.652,9.0,9.0,74.0,16.026,,,0.1084,0.8916,,True,completed
1237,pkw,1109.0,1295.0,186.0,,1377.228,30.0,32.0,154.0,60.294,,,0.172,0.828,,True,completed
1004,pkw,989.0,1297.0,308.0,,1977.525,53.0,95.0,213.0,127.042,,,0.3084,0.6916,,True,completed
503,pkw,665.0,1297.0,632.0,,1309.522,97.0,464.0,168.0,493.528,,,0.7342,0.2658,,True,completed
974,pkw,968.0,1297.0,329.0,,1560.958,46.0,138.0,191.0,186.733,,,0.4195,0.5805,,True,completed
1075,pkw,1026.0,1298.0,272.0,,2155.085,0.0,0.0,272.0,21.865,,,0.0,1.0,,True,completed
1206,pkw,1092.0,1298.0,206.0,,1394.807,48.0,48.0,158.0,78.294,,,0.233,0.767,,True,completed
1251,pkw,1116.0,1298.0,182.0,,1528.595,1.0,9.0,173.0,41.016,,,0.0495,0.9505,,True,completed
1255,pkw,1118.0,1298.0,180.0,,1686.603,7.0,7.0,173.0,23.525,,,0.0389,0.9611,,True,completed
437,pkw,619.0,1299.0,680.0,,2084.931,96.0,456.0,224.0,487.638,,,0.6706,0.3294,,True,completed
986,pkw,975.0,1299.0,324.0,,2315.277,49.0,73.0,251.0,112.245,,,0.2253,0.7747,,True,completed
982,pkw,973.0,1300.0,327.0,,2593.607,32.0,37.0,290.0,85.485,,,0.1131,0.8869,,True,completed
1191,pkw,1083.0,1301.0,218.0,,1899.63,15.0,16.0,202.0,38.143,,,0.0734,0.9266,,True,completed
856,pkw,905.0,1302.0,397.0,,1124.029,94.0,244.0,153.0,274.205,,,0.6146,0.3854,,True,completed
1148,pkw,1058.0,1303.0,245.0,,1800.884,0.0,43.0,202.0,70.971,,,0.1755,0.8245,,True,completed
1323,pkw,1151.0,1303.0,152.0,,586.765,50.0,54.0,98.0,85.692,,,0.3553,0.6447,,True,completed
1373,pkw,1186.0,1303.0,117.0,,884.802,8.0,19.0,98.0,30.329,,,0.1624,0.8376,,True,completed
392,pkw,590.0,1303.0,713.0,,2037.248,91.0,497.0,216.0,528.426,,,0.6971,0.3029,,True,completed
601,pkw,730.0,1304.0,574.0,,2319.938,0.0,283.0,291.0,362.013,,,0.493,0.507,,True,completed
1460,pkw,1238.0,1307.0,69.0,,478.041,19.0,20.0,49.0,24.894,,,0.2899,0.7101,,True,completed
1186,pkw,1081.0,1309.0,228.0,,1421.305,31.0,57.0,171.0,97.394,,,0.25,0.75,,True,completed
1457,pkw,1236.0,1310.0,74.0,,713.027,0.0,0.0,74.0,7.508,,,0.0,1.0,,True,completed
1021,pkw,998.0,1314.0,316.0,,2088.445,0.0,53.0,263.0,85.993,,,0.1677,0.8323,,True,completed
1257,pkw,1118.0,1314.0,196.0,,1455.649,11.0,25.0,171.0,55.275,,,0.1276,0.8724,,True,completed
1345,pkw,1164.0,1314.0,150.0,,1502.44,0.0,0.0,150.0,12.677,,,0.0,1.0,,True,completed
584,pkw,722.0,1316.0,594.0,,2377.265,0.0,287.0,307.0,377.616,,,0.4832,0.5168,,True,completed
1271,pkw,1125.0,1317.0,192.0,,1674.765,9.0,9.0,183.0,39.079,,,0.0469,0.9531,,True,completed
1310,pkw,1147.0,1317.0,170.0,,1451.988,1.0,1.0,169.0,21.402,,,0.0059,0.9941,,True,completed
1438,pkw,1221.0,1318.0,97.0,,982.244,0.0,0.0,97.0,6.924,,,0.0,1.0,,True,completed
1179,pkw,1078.0,1319.0,241.0,,2366.01,0.0,4.0,237.0,25.783,,,0.0166,0.9834,,True,completed
1078,pkw,1028.0,1321.0,293.0,,2489.411,0.0,27.0,266.0,67.05,,,0.0922,0.9078,,True,completed
1376,pkw,1187.0,1321.0,134.0,,726.488,22.0,30.0,104.0,55.814,,,0.2239,0.7761,,True,completed
992,pkw,981.0,1322.0,341.0,,2017.557,48.0,65.0,276.0,121.007,,,0.1906,0.8094,,True,completed
1352,pkw,1167.0,1323.0,156.0,,1495.114,0.0,0.0,156.0,11.347,,,0.0,1.0,,True,completed
1462,pkw,1239.0,1323.0,84.0,,616.927,6.0,6.0,78.0,21.393,,,0.0714,0.9286,,True,completed
1467,pkw,1243.0,1323.0,80.0,,818.394,0.0,0.0,80.0,4.637,,,0.0,1.0,,True,completed
1050,pkw,1014.0,1325.0,311.0,,1981.339,43.0,92.0,219.0,129.611,,,0.2958,0.7042,,True,completed
1247,pkw,1113.0,1326.0,213.0,,1974.682,0.0,0.0,213.0,24.802,,,0.0,1.0,,True,completed
1358,pkw,1177.0,1326.0,149.0,,1316.082,8.0,8.0,141.0,27.311,,,0.0537,0.9463,,True,completed
1153,pkw,1065.0,1327.0,262.0,,1628.741,47.0,63.0,199.0,107.792,,,0.2405,0.7595,,True,completed
1232,pkw,1108.0,1327.0,219.0,,1207.912,41.0,57.0,162.0,100.63,,,0.2603,0.7397,,True,completed
1295,pkw,1141.0,1327.0,186.0,,1319.405,14.0,34.0,152.0,63.839,,,0.1828,0.8172,,True,completed
1291,pkw,1140.0,1330.0,190.0,,1327.09,25.0,39.0,151.0,63.988,,,0.2053,0.7947,,True,completed
1445,pkw,1225.0,1330.0,105.0,,1030.523,0.0,0.0,105.0,9.869,,,0.0,1.0,,True,completed
1129,pkw,1050.0,1332.0,282.0,,2097.394,22.0,52.0,230.0,91.185,,,0.1844,0.8156,,True,completed
1209,pkw,1095.0,1332.0,237.0,,1899.777,11.0,27.0,210.0,57.695,,,0.1139,0.8861,,True,completed
1238,pkw,1111.0,1332.0,221.0,,1205.278,37.0,55.0,166.0,93.817,,,0.2489,0.7511,,True,completed
1434,pkw,1220.0,1336.0,116.0,,731.592,33.0,33.0,83.0,49.156,,,0.2845,0.7155,,True,completed
1325,pkw,1153.0,1337.0,184.0,,1583.438,0.0,0.0,184.0,23.329,,,0.0,1.0,,True,completed
1496,pkw,1274.0,1337.0,63.0,,382.262,19.0,19.0,44.0,26.515,,,0.3016,0.6984,,True,completed
1348,pkw,1165.0,1338.0,173.0,,1349.903,25.0,25.0,148.0,49.47,,,0.1445,0.8555,,True,completed
64,pkw,114.0,1339.0,1225.0,,1336.241,79.0,1018.0,207.0,1038.511,,,0.831,0.169,,True,completed
1208,pkw,1095.0,1341.0,246.0,,1506.38,45.0,65.0,181.0,105.265,,,0.2642,0.7358,,True,completed
1182,pkw,1080.0,1342.0,262.0,,1869.219,30.0,45.0,217.0,90.617,,,0.1718,0.8282,,True,completed
1468,pkw,1243.0,1342.0,99.0,,780.437,14.0,14.0,85.0,27.647,,,0.1414,0.8586,,True,completed
1488,pkw,1267.0,1342.0,75.0,,673.285,4.0,4.0,71.0,13.05,,,0.0533,0.9467,,True,completed
1199,pkw,1088.0,1344.0,256.0,,1648.419,34.0,67.0,189.0,105.373,,,0.2617,0.7383,,True,completed
1203,pkw,1091.0,1344.0,253.0,,1738.922,47.0,60.0,193.0,90.177,,,0.2372,0.7628,,True,completed
1399,pkw,1201.0,1344.0,143.0,,1268.948,6.0,6.0,137.0,26.663,,,0.042,0.958,,True,completed
1202,pkw,1091.0,1345.0,254.0,,1278.005,37.0,77.0,177.0,126.853,,,0.3031,0.6969,,True,completed
1312,pkw,1147.0,1346.0,199.0,,1186.143,60.0,62.0,137.0,90.941,,,0.3116,0.6884,,True,completed
930,pkw,943.0,1347.0,404.0,,2432.173,6.0,142.0,262.0,182.597,,,0.3515,0.6485,,True,completed
1268,pkw,1124.0,1348.0,224.0,,1336.817,58.0,63.0,161.0,102.28,,,0.2812,0.7188,,True,completed
1372,pkw,1185.0,1349.0,164.0,,1314.192,0.0,6.0,158.0,22.257,,,0.0366,0.9634,,True,completed
1465,pkw,1243.0,1353.0,110.0,,1071.575,1.0,1.0,109.0,11.317,,,0.0091,0.9909,,True,completed
998,pkw,984.0,1353.0,369.0,,2620.702,2.0,86.0,283.0,131.031,,,0.2331,0.7669,,True,completed
1187,pkw,1081.0,1354.0,273.0,,2334.825,0.0,16.0,257.0,52.039,,,0.0586,0.9414,,True,completed
531,pkw,687.0,1354.0,667.0,,1788.314,87.0,472.0,195.0,504.364,,,0.7076,0.2924,,True,completed
1241,pkw,1111.0,1358.0,247.0,,1560.087,44.0,79.0,168.0,104.842,,,0.3198,0.6802,,True,completed
955,pkw,958.0,1361.0,403.0,,1618.805,59.0,159.0,244.0,226.429,,,0.3945,0.6055,,True,completed
1273,pkw,1127.0,1362.0,235.0,,1478.851,47.0,56.0,179.0,85.127,,,0.2383,0.7617,,True,completed
1300,pkw,1144.0,1362.0,218.0,,1564.144,40.0,44.0,174.0,75.022,,,0.2018,0.7982,,True,completed
1097,pkw,1036.0,1363.0,327.0,,2497.557,4.0,61.0,266.0,97.82,,,0.1865,0.8135,,True,completed
759,pkw,834.0,1364.0,530.0,,2112.998,84.0,267.0,263.0,305.3,,,0.5038,0.4962,,True,completed
1080,pkw,1029.0,1365.0,336.0,,2533.815,4.0,31.0,305.0,80.099,,,0.0923,0.9077,,True,completed
1242,pkw,1111.0,1367.0,256.0,,1797.905,0.0,47.0,209.0,76.703,,,0.1836,0.8164,,True,completed
1225,pkw,1105.0,1368.0,263.0,,1810.643,38.0,46.0,217.0,88.8,,,0.1749,0.8251,,True,completed
1369,pkw,1196.0,1370.0,174.0,,1592.705,0.0,0.0,174.0,22.415,,,0.0,1.0,,True,completed
940,pkw,949.0,1370.0,421.0,,2435.214,6.0,157.0,264.0,199.922,,,0.3729,0.6271,,True,completed
1408,pkw,1207.0,1372.0,165.0,,1676.576,0.0,0.0,165.0,13.107,,,0.0,1.0,,True,completed
1481,pkw,1259.0,1372.0,113.0,,663.552,32.0,32.0,81.0,47.804,,,0.2832,0.7168,,True,completed
1293,pkw,1140.0,1373.0,233.0,,1881.055,7.0,24.0,209.0,59.848,,,0.103,0.897,,True,completed
1114,pkw,1044.0,1374.0,330.0,,2337.349,2.0,38.0,292.0,101.044,,,0.1152,0.8848,,True,completed
1485,pkw,1265.0,1374.0,109.0,,786.354,12.0,21.0,88.0,35.242,,,0.1927,0.8073,,True,completed
628,pkw,748.0,1374.0,626.0,,3248.432,0.0,249.0,377.0,329.648,,,0.3978,0.6022,,True,completed
1321,pkw,1151.0,1376.0,225.0,,1841.527,1.0,27.0,198.0,52.141,,,0.12,0.88,,True,completed
1416,pkw,1213.0,1377.0,164.0,,1454.707,3.0,3.0,161.0,22.414,,,0.0183,0.9817,,True,completed
1451,pkw,1232.0,1379.0,147.0,,1356.998,3.0,3.0,144.0,17.75,,,0.0204,0.9796,,True,completed
1142,pkw,1055.0,1380.0,325.0,,2826.996,12.0,23.0,302.0,65.977,,,0.0708,0.9292,,True,completed
1316,pkw,1150.0,1381.0,231.0,,1608.301,7.0,46.0,185.0,78.686,,,0.1991,0.8009,,True,completed
1214,pkw,1098.0,1383.0,285.0,,2046.247,5.0,47.0,238.0,91.127,,,0.1649,0.8351,,True,completed
1196,pkw,1085.0,1384.0,299.0,,2221.496,45.0,51.0,248.0,96.845,,,0.1706,0.8294,,True,completed
1286,pkw,1134.0,1387.0,253.0,,1562.612,57.0,71.0,182.0,109.749,,,0.2806,0.7194,,True,completed
1406,pkw,1205.0,1387.0,182.0,,1685.215,3.0,3.0,179.0,26.446,,,0.0165,0.9835,,True,completed
1194,pkw,1084.0,1388.0,304.0,,2869.299,2.0,15.0,289.0,42.94,,,0.0493,0.9507,,True,completed
1394,pkw,1197.0,1388.0,191.0,,1613.396,6.0,6.0,185.0,31.553,,,0.0314,0.9686,,True,completed
1402,pkw,1202.0,1388.0,186.0,,1663.937,0.0,2.0,184.0,25.494,,,0.0108,0.9892,,True,completed
221,pkw,390.0,1389.0,999.0,,2200.917,46.0,624.0,375.0,670.301,,,0.6246,0.3754,,True,completed
84,pkw,147.0,1389.0,1242.0,,2809.175,43.0,931.0,311.0,986.894,,,0.7496,0.2504,,True,completed
1519,pkw,1296.0,1390.0,94.0,,683.22,14.0,14.0,80.0,30.641,,,0.1489,0.8511,,True,completed
1381,pkw,1190.0,1391.0,201.0,,1744.606,8.0,8.0,193.0,27.935,,,0.0398,0.9602,,True,completed
158,pkw,301.0,1391.0,1090.0,,2231.865,44.0,843.0,247.0,881.964,,,0.7734,0.2266,,True,completed
1165,pkw,1071.0,1392.0,321.0,,1888.949,52.0,96.0,225.0,146.58,,,0.2991,0.7009,,True,completed
1224,pkw,1104.0,1392.0,288.0,,2271.341,54.0,54.0,234.0,79.123,,,0.1875,0.8125,,True,completed
241,pkw,417.0,1393.0,976.0,,2175.409,13.0,743.0,233.0,769.168,,,0.7613,0.2387,,True,completed
1299,pkw,1144.0,1395.0,251.0,,1668.117,59.0,64.0,187.0,97.865,,,0.255,0.745,,True,completed
1396,pkw,1199.0,1395.0,196.0,,1867.043,0.0,0.0,196.0,14.304,,,0.0,1.0,,True,completed
73,pkw,129.0,1396.0,1267.0,,2438.274,95.0,999.0,268.0,1045.846,,,0.7885,0.2115,,True,completed
1152,pkw,1063.0,1397.0,334.0,,2589.834,33.0,59.0,275.0,96.164,,,0.1766,0.8234,,True,completed
1412,pkw,1210.0,1397.0,187.0,,1632.2,9.0,11.0,176.0,38.204,,,0.0588,0.9412,,True,completed
1495,pkw,1273.0,1397.0,124.0,,823.75,30.0,30.0,94.0,43.047,,,0.2419,0.7581,,True,completed
1340,pkw,1161.0,1401.0,240.0,,1496.525,4.0,51.0,189.0,89.589,,,0.2125,0.7875,,True,completed
1466,pkw,1245.0,1401.0,156.0,,1541.578,0.0,0.0,156.0,11.097,,,0.0,1.0,,True,completed
1201,pkw,1089.0,1404.0,315.0,,2292.568,13.0,52.0,263.0,99.939,,,0.1651,0.8349,,True,completed
1221,pkw,1102.0,1408.0,306.0,,1888.699,68.0,80.0,226.0,124.535,,,0.2614,0.7386,,True,completed
1506,pkw,1284.0,1410.0,126.0,,906.371,20.0,20.0,106.0,43.044,,,0.1587,0.8413,,True,completed
1580,pkw,1357.0,1410.0,53.0,,436.382,2.0,2.0,51.0,12.725,,,0.0377,0.9623,,True,completed
1493,pkw,1270.0,1412.0,142.0,,989.458,25.0,25.0,117.0,44.764,,,0.1761,0.8239,,True,completed
1192,pkw,1083.0,1413.0,330.0,,2704.209,4.0,33.0,297.0,76.847,,,0.1,0.9,,True,completed
1156,pkw,1066.0,1414.0,348.0,,2580.842,1.0,14.0,334.0,74.934,,,0.0402,0.9598,,True,completed
1395,pkw,1198.0,1414.0,216.0,,2080.857,0.0,2.0,214.0,23.502,,,0.0093,0.9907,,True,completed
1177,pkw,1076.0,1415.0,339.0,,1647.626,45.0,115.0,224.0,176.049,,,0.3392,0.6608,,True,completed
606,pkw,735.0,1416.0,681.0,,1625.42,75.0,492.0,189.0,533.114,,,0.7225,0.2775,,True,completed
1150,pkw,1062.0,1417.0,355.0,,2139.236,39.0,99.0,256.0,157.797,,,0.2789,0.7211,,True,completed
1413,pkw,1210.0,1417.0,207.0,,1993.665,5.0,5.0,202.0,24.055,,,0.0242,0.9758,,True,completed
1362,pkw,1178.0,1419.0,241.0,,2034.703,7.0,12.0,229.0,38.395,,,0.0498,0.9502,,True,completed
1594,pkw,1356.0,1420.0,64.0,,527.697,4.0,4.0,60.0,14.952,,,0.0625,0.9375,,True,completed
1452,pkw,1232.0,1421.0,189.0,,1707.376,9.0,10.0,179.0,33.075,,,0.0529,0.9471,,True,completed
1537,pkw,1313.0,1423.0,110.0,,902.496,4.0,4.0,106.0,26.113,,,0.0364,0.9636,,True,completed
1597,pkw,1364.0,1424.0,60.0,,520.105,6.0,6.0,54.0,12.19,,,0.1,0.9,,True,completed
1074,pkw,1024.0,1425.0,401.0,,2435.516,6.0,123.0,278.0,180.165,,,0.3067,0.6933,,True,completed
1552,pkw,1333.0,1425.0,92.0,,808.009,0.0,0.0,92.0,17.755,,,0.0,1.0,,True,completed
1215,pkw,1098.0,1427.0,329.0,,1529.838,88.0,162.0,167.0,187.01,,,0.4924,0.5076,,True,completed
1319,pkw,1151.0,1427.0,276.0,,2214.959,0.0,48.0,228.0,74.995,,,0.1739,0.8261,,True,completed
1173,pkw,1075.0,1429.0,354.0,,1886.577,51.0,106.0,248.0,179.541,,,0.2994,0.7006,,True,completed
371,pkw,555.0,1430.0,875.0,,2261.474,97.0,580.0,295.0,602.045,,,0.6629,0.3371,,True,completed
1441,pkw,1227.0,1431.0,204.0,,2020.396,0.0,3.0,201.0,20.763,,,0.0147,0.9853,,True,completed
1544,pkw,1318.0,1433.0,115.0,,957.155,12.0,12.0,103.0,22.295,,,0.1043,0.8957,,True,completed
1449,pkw,1228.0,1436.0,208.0,,792.156,86.0,91.0,117.0,111.74,,,0.4375,0.5625,,True,completed
1586,pkw,1352.0,1436.0,84.0,,738.595,7.0,7.0,77.0,16.526,,,0.0833,0.9167,,True,completed
1448,pkw,1228.0,1438.0,210.0,,1037.908,41.0,47.0,163.0,76.913,,,0.2238,0.7762,,True,completed
1307,pkw,1146.0,1439.0,293.0,,2091.455,2.0,62.0,231.0,103.767,,,0.2116,0.7884,,True,completed
1374,pkw,1186.0,1439.0,253.0,,1092.622,84.0,97.0,156.0,124.263,,,0.3834,0.6166,,True,completed
1534,pkw,1310.0,1440.0,130.0,,1274.865,0.0,0.0,130.0,9.69,,,0.0,1.0,,True,completed
1508,pkw,1285.0,1442.0,157.0,,1268.826,1.0,16.0,141.0,41.252,,,0.1019,0.8981,,True,completed
1463,pkw,1239.0,1443.0,204.0,,1809.492,24.0,24.0,180.0,39.191,,,0.1176,0.8824,,True,completed
1588,pkw,1353.0,1443.0,90.0,,779.287,6.0,6.0,84.0,17.583,,,0.0667,0.9333,,True,completed
1292,pkw,1141.0,1446.0,305.0,,1557.697,52.0,111.0,194.0,159.347,,,0.3639,0.6361,,True,completed
1390,pkw,1194.0,1446.0,252.0,,1628.708,23.0,65.0,187.0,93.719,,,0.2579,0.7421,,True,completed
1464,pkw,1240.0,1446.0,206.0,,1811.79,22.0,22.0,184.0,40.738,,,0.1068,0.8932,,True,completed
1475,pkw,1252.0,1446.0,194.0,,1664.854,0.0,6.0,188.0,33.128,,,0.0309,0.9691,,True,completed
1364,pkw,1179.0,1449.0,270.0,,2206.975,33.0,35.0,235.0,62.246,,,0.1296,0.8704,,True,completed
1603,pkw,1368.0,1450.0,82.0,,754.266,0.0,0.0,82.0,11.174,,,0.0,1.0,,True,completed
1563,pkw,1334.0,1451.0,117.0,,1033.272,0.0,0.0,117.0,9.068,,,0.0,1.0,,True,completed
1246,pkw,1112.0,1453.0,341.0,,2687.587,6.0,52.0,289.0,84.474,,,0.1525,0.8475,,True,completed
1288,pkw,1137.0,1453.0,316.0,,1496.537,24.0,107.0,209.0,173.354,,,0.3386,0.6614,,True,completed
1633,pkw,1391.0,1454.0,63.0,,586.455,0.0,0.0,63.0,9.219,,,0.0,1.0,,True,completed
1414,pkw,1212.0,1458.0,246.0,,1965.56,23.0,23.0,223.0,65.193,,,0.0935,0.9065,,True,completed
1579,pkw,1353.0,1458.0,105.0,,942.597,0.0,0.0,105.0,18.191,,,0.0,1.0,,True,completed
1528,pkw,1306.0,1459.0,153.0,,1417.208,0.0,4.0,149.0,23.67,,,0.0261,0.9739,,True,completed
1279,pkw,1132.0,1460.0,328.0,,1647.977,26.0,103.0,225.0,168.31,,,0.314,0.686,,True,completed
1311,pkw,1147.0,1460.0,313.0,,1036.829,30.0,138.0,175.0,214.738,,,0.4409,0.5591,,True,completed
1549,pkw,1322.0,1460.0,138.0,,1266.112,4.0,5.0,133.0,21.406,,,0.0362,0.9638,,True,completed
1540,pkw,1316.0,1462.0,146.0,,1518.554,0.0,0.0,146.0,7.279,,,0.0,1.0,,True,completed
1239,pkw,1114.0,1463.0,349.0,,2153.308,22.0,85.0,264.0,147.002,,,0.2436,0.7564,,True,completed
1447,pkw,1227.0,1463.0,236.0,,1910.17,7.0,20.0,216.0,50.595,,,0.0847,0.9153,,True,completed
1501,pkw,1281.0,1463.0,182.0,,1393.289,24.0,30.0,152.0,53.541,,,0.1648,0.8352,,True,completed
1226,pkw,1105.0,1466.0,361.0,,2289.55,5.0,70.0,291.0,142.548,,,0.1939,0.8061,,True,completed
1545,pkw,1319.0,1469.0,150.0,,1518.207,0.0,0.0,150.0,7.425,,,0.0,1.0,,True,completed
826,pkw,887.0,1469.0,582.0,,1686.259,35.0,405.0,177.0,429.458,,,0.6959,0.3041,,True,completed
1017,pkw,995.0,1474.0,479.0,,2268.896,19.0,169.0,310.0,246.561,,,0.3528,0.6472,,True,completed
811,pkw,874.0,1474.0,600.0,,2622.519,62.0,320.0,280.0,362.844,,,0.5333,0.4667,,True,completed
818,pkw,881.0,1476.0,595.0,,1618.17,16.0,411.0,184.0,446.792,,,0.6908,0.3092,,True,completed
1326,pkw,1154.0,1477.0,323.0,,2583.256,6.0,12.0,311.0,44.834,,,0.0372,0.9628,,True,completed
1028,pkw,1000.0,1478.0,478.0,,1654.733,46.0,213.0,265.0,308.595,,,0.4456,0.5544,,True,completed
1490,pkw,1268.0,1480.0,212.0,,1652.191,11.0,34.0,178.0,60.944,,,0.1604,0.8396,,True,completed
1676,pkw,1426.0,1480.0,54.0,,555.423,0.0,0.0,54.0,3.011,,,0.0,1.0,,True,completed
1131,pkw,1051.0,1481.0,430.0,,1880.975,41.0,108.0,322.0,212.536,,,0.2512,0.7488,,True,completed
1380,pkw,1190.0,1481.0,291.0,,1176.396,14.0,115.0,176.0,179.696,,,0.3952,0.6048,,True,completed
1489,pkw,1267.0,1482.0,215.0,,1684.758,9.0,38.0,177.0,61.928,,,0.1767,0.8233,,True,completed
948,pkw,955.0,1483.0,528.0,,1703.302,22.0,340.0,188.0,377.785,,,0.6439,0.3561,,True,completed
1266,pkw,1123.0,1485.0,362.0,,2155.314,8.0,90.0,272.0,150.95,,,0.2486,0.7514,,True,completed
1235,pkw,1109.0,1486.0,377.0,,1878.943,32.0,90.0,287.0,159.777,,,0.2387,0.7613,,True,completed
907,pkw,932.0,1486.0,554.0,,1250.191,6.0,404.0,150.0,439.858,,,0.7292,0.2708,,True,completed
1524,pkw,1301.0,1487.0,186.0,,1466.5,31.0,31.0,155.0,52.734,,,0.1667,0.8333,,True,completed
1711,pkw,1449.0,1489.0,40.0,,412.884,0.0,0.0,40.0,1.84,,,0.0,1.0,,True,completed
1720,pkw,1456.0,1489.0,33.0,,259.944,0.0,0.0,33.0,2.959,,,0.0,1.0,,True,completed
1564,pkw,1334.0,1490.0,156.0,,1161.94,21.0,23.0,133.0,49.396,,,0.1474,0.8526,,True,completed
1612,pkw,1373.0,1491.0,118.0,,1049.928,1.0,1.0,117.0,21.695,,,0.0085,0.9915,,True,completed
1554,pkw,1326.0,1492.0,166.0,,1486.413,9.0,9.0,157.0,30.941,,,0.0542,0.9458,,True,completed
1663,pkw,1415.0,1495.0,80.0,,737.18,0.0,0.0,80.0,11.602,,,0.0,1.0,,True,completed
1387,pkw,1191.0,1498.0,307.0,,2237.016,32.0,62.0,245.0,101.524,,,0.202,0.798,,True,completed
1525,pkw,1301.0,1498.0,197.0,,1663.677,4.0,18.0,179.0,45.342,,,0.0914,0.9086,,True,completed
1527,pkw,1303.0,1498.0,195.0,,1331.964,38.0,41.0,154.0,66.073,,,0.2103,0.7897,,True,completed
1535,pkw,1310.0,1499.0,189.0,,1081.925,29.0,73.0,116.0,90.626,,,0.3862,0.6138,,True,completed
1576,pkw,1345.0,1500.0,155.0,,986.5,29.0,29.0,126.0,50.685,,,0.1871,0.8129,,True,completed
1181,pkw,1080.0,1502.0,422.0,,1058.566,44.0,322.0,100.0,334.074,,,0.763,0.237,,True,completed
1532,pkw,1309.0,1505.0,196.0,,1525.352,5.0,35.0,161.0,57.537,,,0.1786,0.8214,,True,completed
874,pkw,915.0,1507.0,592.0,,2020.997,0.0,371.0,221.0,410.799,,,0.6267,0.3733,,True,completed
1538,pkw,1314.0,1510.0,196.0,,1840.457,2.0,2.0,194.0,24.31,,,0.0102,0.9898,,True,completed
973,pkw,968.0,1510.0,542.0,,1183.643,45.0,415.0,127.0,435.454,,,0.7657,0.2343,,True,completed
347,pkw,531.0,1511.0,980.0,,2555.429,38.0,628.0,352.0,747.216,,,0.6408,0.3592,,True,completed
1714,pkw,1451.0,1512.0,61.0,,603.746,0.0,0.0,61.0,4.757,,,0.0,1.0,,True,completed
1440,pkw,1222.0,1516.0,294.0,,843.931,28.0,132.0,162.0,213.252,,,0.449,0.551,,True,completed
1574,pkw,1344.0,1518.0,174.0,,1269.178,11.0,41.0,133.0,57.632,,,0.2356,0.7644,,True,completed
1071,pkw,1024.0,1520.0,496.0,,1935.066,42.0,202.0,294.0,303.82,,,0.4073,0.5927,,True,completed
1533,pkw,1309.0,1521.0,212.0,,2091.01,0.0,1.0,211.0,21.148,,,0.0047,0.9953,,True,completed
1461,pkw,1239.0,1522.0,283.0,,1225.238,29.0,102.0,181.0,164.05,,,0.3604,0.6396,,True,completed
1643,pkw,1398.0,1522.0,124.0,,731.526,13.0,13.0,111.0,52.272,,,0.1048,0.8952,,True,completed
1290,pkw,1139.0,1524.0,385.0,,2208.116,0.0,100.0,285.0,175.425,,,0.2597,0.7403,,True,completed
1568,pkw,1336.0,1524.0,188.0,,1493.288,17.0,17.0,171.0,36.32,,,0.0904,0.9096,,True,completed
1644,pkw,1401.0,1524.0,123.0,,1042.588,0.0,4.0,119.0,25.607,,,0.0325,0.9675,,True,completed
1647,pkw,1433.0,1525.0,92.0,,810.644,1.0,2.0,90.0,9.442,,,0.0217,0.9783,,True,completed
1168,pkw,1072.0,1527.0,455.0,,2959.717,28.0,122.0,333.0,186.1,,,0.2681,0.7319,,True,completed
752,pkw,831.0,1527.0,696.0,,1559.268,55.0,452.0,244.0,479.87,,,0.6494,0.3506,,True,completed
870,pkw,916.0,1529.0,613.0,,821.17,94.0,459.0,154.0,480.504,,,0.7488,0.2512,,True,completed
1610,pkw,1371.0,1532.0,161.0,,1557.295,0.0,2.0,159.0,15.786,,,0.0124,0.9876,,True,completed
1557,pkw,1330.0,1535.0,205.0,,1439.704,0.0,0.0,205.0,18.327,,,0.0,1.0,,True,completed
793,pkw,856.0,1537.0,681.0,,1983.785,12.0,455.0,226.0,493.36,,,0.6681,0.3319,,True,completed
1124,pkw,1049.0,1541.0,492.0,,2025.554,34.0,207.0,285.0,307.723,,,0.4207,0.5793,,True,completed
1650,pkw,1407.0,1541.0,134.0,,734.439,18.0,21.0,113.0,62.145,,,0.1567,0.8433,,True,completed
1698,pkw,1442.0,1541.0,99.0,,733.788,16.0,16.0,83.0,31.001,,,0.1616,0.8384,,True,completed
1636,pkw,1395.0,1542.0,147.0,,1518.752,0.0,0.0,147.0,6.285,,,0.0,1.0,,True,completed
1730,pkw,1462.0,1546.0,84.0,,665.669,2.0,2.0,82.0,15.785,,,0.0238,0.9762,,True,completed
787,pkw,1112.0,1546.0,434.0,,1204.789,0.0,301.0,133.0,323.508,,,0.6935,0.3065,,True,completed
1353,pkw,1169.0,1547.0,378.0,,2337.976,50.0,119.0,259.0,158.792,,,0.3148,0.6852,,True,completed
1675,pkw,1424.0,1548.0,124.0,,751.807,41.0,41.0,83.0,51.918,,,0.3306,0.6694,,True,completed
1378,pkw,1188.0,1549.0,361.0,,2435.998,2.0,98.0,263.0,140.183,,,0.2715,0.7285,,True,completed
1499,pkw,1278.0,1550.0,272.0,,1223.331,12.0,80.0,192.0,146.135,,,0.2941,0.7059,,True,completed
1685,pkw,1432.0,1552.0,120.0,,1021.775,2.0,2.0,118.0,14.271,,,0.0167,0.9833,,True,completed
1446,pkw,1227.0,1554.0,327.0,,1360.655,19.0,106.0,221.0,193.398,,,0.3242,0.6758,,True,completed
1454,pkw,1233.0,1555.0,322.0,,2436.93,0.0,71.0,251.0,99.941,,,0.2205,0.7795,,True,completed
1614,pkw,1375.0,1557.0,182.0,,1494.53,2.0,18.0,164.0,45.917,,,0.0989,0.9011,,True,completed
1638,pkw,1395.0,1557.0,162.0,,1121.522,8.0,12.0,150.0,53.376,,,0.0741,0.9259,,True,completed
1324,pkw,1152.0,1558.0,406.0,,1731.204,9.0,138.0,268.0,238.158,,,0.3399,0.6601,,True,completed
1403,pkw,1203.0,1560.0,357.0,,1821.629,23.0,60.0,297.0,150.209,,,0.1681,0.8319,,True,completed
1672,pkw,1423.0,1560.0,137.0,,1139.297,13.0,14.0,123.0,32.407,,,0.1022,0.8978,,True,completed
710,pkw,803.0,1560.0,757.0,,1814.047,20.0,471.0,286.0,590.263,,,0.6222,0.3778,,True,completed
1392,pkw,1194.0,1561.0,367.0,,1723.157,6.0,112.0,255.0,202.564,,,0.3052,0.6948,,True,completed
1471,pkw,1249.0,1565.0,316.0,,2657.155,0.0,42.0,274.0,74.736,,,0.1329,0.8671,,True,completed
1476,pkw,1254.0,1568.0,314.0,,2298.622,0.0,54.0,260.0,89.626,,,0.172,0.828,,True,completed
1359,pkw,1177.0,1571.0,394.0,,2214.982,14.0,78.0,316.0,154.376,,,0.198,0.802,,True,completed
1556,pkw,1328.0,1571.0,243.0,,1892.305,0.0,0.0,243.0,20.22,,,0.0,1.0,,True,completed
1309,pkw,1146.0,1572.0,426.0,,2516.643,7.0,101.0,325.0,196.237,,,0.2371,0.7629,,True,completed
1126,pkw,1049.0,1574.0,525.0,,2949.805,1.0,91.0,434.0,209.255,,,0.1733,0.8267,,True,completed
300,pkw,481.0,1574.0,1093.0,,2351.849,0.0,838.0,255.0,877.782,,,0.7667,0.2333,,True,completed
772,pkw,843.0,1574.0,731.0,,1149.72,55.0,574.0,157.0,594.122,,,0.7852,0.2148,,True,completed
1442,pkw,1224.0,1577.0,353.0,,1394.725,30.0,127.0,226.0,220.761,,,0.3598,0.6402,,True,completed
1093,pkw,1035.0,1578.0,543.0,,2898.128,0.0,96.0,447.0,198.405,,,0.1768,0.8232,,True,completed
1756,pkw,1490.0,1578.0,88.0,,736.812,0.0,0.0,88.0,13.104,,,0.0,1.0,,True,completed
898,pkw,927.0,1583.0,656.0,,2628.292,2.0,368.0,288.0,419.696,,,0.561,0.439,,True,completed
1570,pkw,1339.0,1584.0,245.0,,2258.511,0.0,0.0,245.0,21.913,,,0.0,1.0,,True,completed
1420,pkw,1226.0,1587.0,361.0,,2020.589,86.0,123.0,238.0,172.805,,,0.3407,0.6593,,True,completed
1741,pkw,1476.0,1587.0,111.0,,1146.233,0.0,0.0,111.0,6.838,,,0.0,1.0,,True,completed
988,pkw,977.0,1587.0,610.0,,2011.706,4.0,404.0,206.0,430.589,,,0.6623,0.3377,,True,completed
1085,pkw,1030.0,1588.0,558.0,,2580.123,0.0,300.0,258.0,330.186,,,0.5376,0.4624,,True,completed
1584,pkw,1351.0,1589.0,238.0,,1535.09,47.0,47.0,191.0,96.521,,,0.1975,0.8025,,True,completed
1660,pkw,1412.0,1589.0,177.0,,647.569,84.0,86.0,91.0,105.562,,,0.4859,0.5141,,True,completed
289,pkw,469.0,1589.0,1120.0,,2217.445,0.0,847.0,273.0,905.62,,,0.7562,0.2438,,True,completed
1443,pkw,1224.0,1590.0,366.0,,1861.301,53.0,158.0,208.0,196.496,,,0.4317,0.5683,,True,completed
1494,pkw,1272.0,1590.0,318.0,,1722.238,60.0,126.0,192.0,158.456,,,0.3962,0.6038,,True,completed
1624,pkw,1383.0,1591.0,208.0,,1913.424,0.0,0.0,208.0,15.901,,,0.0,1.0,,True,completed
1539,pkw,1315.0,1592.0,277.0,,1994.131,46.0,66.0,211.0,95.373,,,0.2383,0.7617,,True,completed
1077,pkw,1028.0,1594.0,566.0,,2531.867,0.0,300.0,266.0,335.675,,,0.53,0.47,,True,completed
1339,pkw,1161.0,1594.0,433.0,,2121.063,14.0,96.0,337.0,196.416,,,0.2217,0.7783,,True,completed
1393,pkw,1195.0,1595.0,400.0,,2119.638,13.0,67.0,333.0,166.539,,,0.1675,0.8325,,True,completed
1589,pkw,1353.0,1596.0,243.0,,1638.557,3.0,74.0,169.0,94.528,,,0.3045,0.6955,,True,completed
1591,pkw,1355.0,1596.0,241.0,,1492.223,0.0,37.0,204.0,92.73,,,0.1535,0.8465,,True,completed
1678,pkw,1426.0,1596.0,170.0,,1593.643,0.0,0.0,170.0,20.576,,,0.0,1.0,,True,completed
1562,pkw,1332.0,1598.0,266.0,,2253.711,30.0,33.0,233.0,60.585,,,0.1241,0.8759,,True,completed
1677,pkw,1425.0,1598.0,173.0,,699.469,78.0,92.0,81.0,108.27,,,0.5318,0.4682,,True,completed
1723,pkw,1458.0,1598.0,140.0,,971.56,34.0,34.0,106.0,46.872,,,0.2429,0.7571,,True,completed
1422,pkw,1214.0,1599.0,385.0,,2255.999,15.0,89.0,296.0,174.729,,,0.2312,0.7688,,True,completed
1619,pkw,1381.0,1599.0,218.0,,1416.495,24.0,37.0,181.0,87.869,,,0.1697,0.8303,,True,completed
1366,pkw,1181.0,1601.0,420.0,,2619.888,0.0,162.0,258.0,182.007,,,0.3857,0.6143,,True,completed
1721,pkw,1456.0,1601.0,145.0,,1009.525,24.0,24.0,121.0,48.146,,,0.1655,0.8345,,True,completed
1553,pkw,1324.0,1603.0,279.0,,2659.876,0.0,5.0,274.0,37.096,,,0.0179,0.9821,,True,completed
1606,pkw,1369.0,1608.0,239.0,,1616.136,43.0,70.0,169.0,92.31,,,0.2929,0.7071,,True,completed
1745,pkw,1481.0,1609.0,128.0,,1024.816,11.0,14.0,114.0,33.792,,,0.1094,0.8906,,True,completed
1760,pkw,1494.0,1609.0,115.0,,1113.739,1.0,1.0,114.0,12.225,,,0.0087,0.9913,,True,completed
1761,pkw,1494.0,1609.0,115.0,,1063.038,0.0,0.0,115.0,10.163,,,0.0,1.0,,True,completed
1582,pkw,1349.0,1610.0,261.0,,1823.621,9.0,34.0,227.0,77.458,,,0.1303,0.8697,,True,completed
1649,pkw,1405.0,1610.0,205.0,,1616.688,38.0,38.0,167.0,57.813,,,0.1854,0.8146,,True,completed
1079,pkw,1028.0,1612.0,584.0,,2548.362,0.0,313.0,271.0,342.729,,,0.536,0.464,,True,completed
1474,pkw,1251.0,1613.0,362.0,,1815.689,32.0,54.0,308.0,159.464,,,0.1492,0.8508,,True,completed
1669,pkw,1418.0,1617.0,199.0,,1687.494,14.0,20.0,179.0,42.534,,,0.1005,0.8995,,True,completed
1727,pkw,1460.0,1619.0,159.0,,1598.637,0.0,0.0,159.0,11.878,,,0.0,1.0,,True,completed
239,pkw,416.0,1621.0,1205.0,,3116.031,12.0,886.0,319.0,922.538,,,0.7353,0.2647,,True,completed
1089,pkw,1032.0,1623.0,591.0,,2387.905,45.0,345.0,246.0,380.853,,,0.5838,0.4162,,True,completed
1639,pkw,1396.0,1624.0,228.0,,1494.822,0.0,68.0,160.0,85.053,,,0.2982,0.7018,,True,completed
1628,pkw,1388.0,1625.0,237.0,,1639.441,24.0,25.0,212.0,85.006,,,0.1055,0.8945,,True,completed
685,pkw,785.0,1626.0,841.0,,1940.915,33.0,437.0,404.0,470.301,,,0.5196,0.4804,,True,completed
1748,pkw,1485.0,1630.0,145.0,,725.615,36.0,36.0,109.0,73.697,,,0.2483,0.7517,,True,completed
1825,pkw,1574.0,1636.0,62.0,,372.865,11.0,11.0,51.0,17.662,,,0.1774,0.8226,,True,completed
1641,pkw,1398.0,1640.0,242.0,,2349.396,0.0,0.0,242.0,23.849,,,0.0,1.0,,True,completed
1758,pkw,1491.0,1646.0,155.0,,1529.498,0.0,1.0,154.0,16.128,,,0.0065,0.9935,,True,completed
292,pkw,471.0,1646.0,1175.0,,3356.748,31.0,710.0,465.0,870.744,,,0.6043,0.3957,,True,completed
1008,pkw,990.0,1649.0,659.0,,2627.351,1.0,328.0,331.0,404.542,,,0.4977,0.5023,,True,completed
1477,pkw,1255.0,1649.0,394.0,,1970.33,0.0,106.0,288.0,197.052,,,0.269,0.731,,True,completed
1536,pkw,1311.0,1652.0,341.0,,1647.083,0.0,92.0,249.0,183.957,,,0.2698,0.7302,,True,completed
936,pkw,945.0,1654.0,709.0,,2881.516,1.0,329.0,380.0,375.185,,,0.464,0.536,,True,completed
1007,pkw,990.0,1658.0,668.0,,3312.147,0.0,308.0,360.0,356.631,,,0.4611,0.5389,,True,completed
1808,pkw,1543.0,1659.0,116.0,,1069.25,2.0,4.0,112.0,18.222,,,0.0345,0.9655,,True,completed
1665,pkw,1415.0,1660.0,245.0,,894.001,26.0,52.0,193.0,155.693,,,0.2122,0.7878,,True,completed
516,pkw,678.0,1663.0,985.0,,2074.304,83.0,716.0,269.0,771.009,,,0.7269,0.2731,,True,completed
1424,pkw,1215.0,1665.0,450.0,,2291.235,4.0,108.0,342.0,217.014,,,0.24,0.76,,True,completed
945,pkw,952.0,1669.0,717.0,,3072.884,0.0,357.0,360.0,420.621,,,0.4979,0.5021,,True,completed
1777,pkw,1509.0,1673.0,164.0,,735.192,68.0,84.0,80.0,96.425,,,0.5122,0.4878,,True,completed
1590,pkw,1354.0,1676.0,322.0,,1729.613,0.0,67.0,255.0,161.418,,,0.2081,0.7919,,True,completed
1691,pkw,1439.0,1676.0,237.0,,1914.649,11.0,15.0,222.0,61.098,,,0.0633,0.9367,,True,completed
1679,pkw,1427.0,1678.0,251.0,,1041.104,23.0,62.0,189.0,152.248,,,0.247,0.753,,True,completed
1803,pkw,1538.0,1678.0,140.0,,1445.473,0.0,0.0,140.0,7.618,,,0.0,1.0,,True,completed
1616,pkw,1380.0,1679.0,299.0,,2668.802,0.0,6.0,293.0,37.095,,,0.0201,0.9799,,True,completed
1694,pkw,1440.0,1679.0,239.0,,1555.1,22.0,49.0,190.0,92.109,,,0.205,0.795,,True,completed
1577,pkw,1347.0,1681.0,334.0,,2072.862,24.0,46.0,288.0,141.537,,,0.1377,0.8623,,True,completed
1671,pkw,1424.0,1681.0,257.0,,1566.218,23.0,43.0,214.0,112.523,,,0.1673,0.8327,,True,completed
1473,pkw,1251.0,1684.0,433.0,,2829.808,0.0,66.0,367.0,173.072,,,0.1524,0.8476,,True,completed
581,pkw,718.0,1687.0,969.0,,2548.954,24.0,553.0,416.0,738.03,,,0.5707,0.4293,,True,completed
1667,pkw,1417.0,1690.0,273.0,,1781.36,20.0,42.0,231.0,110.256,,,0.1538,0.8462,,True,completed
1773,pkw,1504.0,1690.0,186.0,,1478.12,0.0,0.0,186.0,16.912,,,0.0,1.0,,True,completed
1620,pkw,1381.0,1696.0,315.0,,2337.384,8.0,69.0,246.0,97.569,,,0.219,0.781,,True,completed
1541,pkw,1317.0,1697.0,380.0,,2447.948,84.0,120.0,260.0,153.18,,,0.3158,0.6842,,True,completed
1752,pkw,1487.0,1697.0,210.0,,1918.632,7.0,9.0,201.0,31.405,,,0.0429,0.9571,,True,completed
519,pkw,681.0,1697.0,1016.0,,2692.689,19.0,596.0,420.0,770.087,,,0.5866,0.4134,,True,completed
1764,pkw,1499.0,1698.0,199.0,,1867.236,0.0,3.0,196.0,19.863,,,0.0151,0.9849,,True,completed
264,pkw,442.0,1698.0,1256.0,,860.4,100.0,1164.0,92.0,1177.415,,,0.9268,0.0732,,True,completed
1895,pkw,1666.0,1703.0,37.0,,381.619,0.0,0.0,37.0,1.654,,,0.0,1.0,,True,completed
1849,pkw,1606.0,1706.0,100.0,,1051.389,0.0,0.0,100.0,4.374,,,0.0,1.0,,True,completed
1824,pkw,1570.0,1708.0,138.0,,982.354,22.0,26.0,112.0,45.325,,,0.1884,0.8116,,True,completed
1176,pkw,1076.0,1709.0,633.0,,2276.399,12.0,312.0,321.0,424.701,,,0.4929,0.5071,,True,completed
1423,pkw,1215.0,1709.0,494.0,,2820.385,1.0,57.0,437.0,177.44,,,0.1154,0.8846,,True,completed
1860,pkw,1621.0,1709.0,88.0,,730.669,0.0,0.0,88.0,6.734,,,0.0,1.0,,True,completed
1188,pkw,1082.0,1710.0,628.0,,2442.318,1.0,324.0,304.0,343.672,,,0.5159,0.4841,,True,completed
1507,pkw,1284.0,1711.0,427.0,,2829.398,0.0,46.0,381.0,163.102,,,0.1077,0.8923,,True,completed
1683,pkw,1431.0,1711.0,280.0,,1882.822,13.0,13.0,267.0,58.58,,,0.0464,0.9536,,True,completed
1125,pkw,1049.0,1714.0,665.0,,2141.841,11.0,345.0,320.0,470.27,,,0.5188,0.4812,,True,completed
109,pkw,196.0,1716.0,1520.0,,2408.983,18.0,1213.0,307.0,1279.606,,,0.798,0.202,,True,completed
189,pkw,334.0,1717.0,1383.0,,2337.956,89.0,1095.0,288.0,1150.634,,,0.7918,0.2082,,True,completed
757,pkw,832.0,1717.0,885.0,,2715.922,0.0,514.0,371.0,626.559,,,0.5808,0.4192,,True,completed
1210,pkw,1095.0,1718.0,623.0,,2363.811,10.0,279.0,344.0,408.607,,,0.4478,0.5522,,True,completed
1898,pkw,1668.0,1718.0,50.0,,449.887,2.0,2.0,48.0,8.51,,,0.04,0.96,,True,completed
1253,pkw,1117.0,1723.0,606.0,,2356.115,12.0,275.0,331.0,392.372,,,0.4538,0.5462,,True,completed
1794,pkw,1530.0,1725.0,195.0,,1886.722,3.0,3.0,192.0,22.073,,,0.0154,0.9846,,True,completed
1622,pkw,1382.0,1727.0,345.0,,2087.333,63.0,119.0,226.0,149.07,,,0.3449,0.6551,,True,completed
1640,pkw,1398.0,1727.0,329.0,,2098.023,96.0,112.0,217.0,137.539,,,0.3404,0.6596,,True,completed
748,pkw,826.0,1728.0,902.0,,2048.703,0.0,618.0,284.0,709.017,,,0.6851,0.3149,,True,completed
1800,pkw,1535.0,1729.0,194.0,,1890.712,0.0,0.0,194.0,18.746,,,0.0,1.0,,True,completed
1797,pkw,1533.0,1732.0,199.0,,1484.805,44.0,44.0,155.0,63.324,,,0.2211,0.7789,,True,completed
1788,pkw,1520.0,1733.0,213.0,,734.861,88.0,131.0,82.0,145.862,,,0.615,0.385,,True,completed
1645,pkw,1402.0,1734.0,332.0,,1481.803,87.0,170.0,162.0,197.134,,,0.512,0.488,,True,completed
238,pkw,414.0,1735.0,1321.0,,1996.36,72.0,1085.0,236.0,1133.373,,,0.8213,0.1787,,True,completed
263,pkw,440.0,1735.0,1295.0,,1831.62,77.0,1047.0,248.0,1117.455,,,0.8085,0.1915,,True,completed
285,pkw,466.0,1735.0,1269.0,,2494.586,98.0,889.0,380.0,938.337,,,0.7006,0.2994,,True,completed
1684,pkw,1431.0,1737.0,306.0,,2598.011,0.0,43.0,263.0,70.973,,,0.1405,0.8595,,True,completed
1765,pkw,1501.0,1737.0,236.0,,1268.372,4.0,94.0,142.0,120.36,,,0.3983,0.6017,,True,completed
1267,pkw,1124.0,1738.0,614.0,,2393.253,13.0,273.0,341.0,396.518,,,0.4446,0.5554,,True,completed
1314,pkw,1149.0,1748.0,599.0,,2207.653,17.0,273.0,326.0,397.466,,,0.4558,0.5442,,True,completed
1871,pkw,1636.0,1748.0,112.0,,973.782,8.0,8.0,104.0,20.985,,,0.0714,0.9286,,True,completed
63,pkw,111.0,1749.0,1638.0,,1630.397,38.0,1457.0,181.0,1488.552,,,0.8895,0.1105,,True,completed
784,pkw,849.0,1751.0,902.0,,2479.537,12.0,480.0,422.0,675.246,,,0.5322,0.4678,,True,completed
1585,pkw,1351.0,1754.0,403.0,,1964.029,25.0,130.0,273.0,224.091,,,0.3226,0.6774,,True,completed
175,pkw,318.0,1755.0,1437.0,,1629.811,56.0,1241.0,196.0,1287.711,,,0.8636,0.1364,,True,completed
365,pkw,546.0,1755.0,1209.0,,1158.478,52.0,1063.0,146.0,1102.006,,,0.8792,0.1208,,True,completed
346,pkw,530.0,1757.0,1227.0,,1192.185,54.0,1076.0,151.0,1118.201,,,0.8769,0.1231,,True,completed
1351,pkw,1167.0,1758.0,591.0,,2078.743,11.0,284.0,307.0,402.455,,,0.4805,0.5195,,True,completed
635,pkw,751.0,1758.0,1007.0,,2553.107,26.0,568.0,439.0,774.681,,,0.5641,0.4359,,True,completed
1735,pkw,1466.0,1759.0,293.0,,1874.754,36.0,37.0,256.0,90.982,,,0.1263,0.8737,,True,completed
1770,pkw,1503.0,1760.0,257.0,,1822.223,14.0,14.0,243.0,53.425,,,0.0545,0.9455,,True,completed
1771,pkw,1503.0,1760.0,257.0,,2131.896,18.0,18.0,239.0,61.363,,,0.07,0.93,,True,completed
1922,pkw,1691.0,1760.0,69.0,,590.437,8.0,8.0,61.0,14.86,,,0.1159,0.8841,,True,completed
1607,pkw,1371.0,1761.0,390.0,,2019.554,21.0,116.0,274.0,206.403,,,0.2974,0.7026,,True,completed
334,pkw,512.0,1762.0,1250.0,,2334.381,57.0,907.0,343.0,975.146,,,0.7256,0.2744,,True,completed
823,pkw,886.0,1762.0,876.0,,2397.595,0.0,554.0,322.0,657.534,,,0.6324,0.3676,,True,completed
1892,pkw,1662.0,1764.0,102.0,,906.647,1.0,1.0,101.0,16.245,,,0.0098,0.9902,,True,completed
1480,pkw,1259.0,1768.0,509.0,,1210.575,72.0,376.0,133.0,393.431,,,0.7387,0.2613,,True,completed
1583,pkw,1350.0,1769.0,419.0,,2340.265,4.0,75.0,344.0,195.736,,,0.179,0.821,,True,completed
1834,pkw,1590.0,1771.0,181.0,,1830.897,0.0,0.0,181.0,11.006,,,0.0,1.0,,True,completed
1779,pkw,1512.0,1777.0,265.0,,1965.312,42.0,43.0,222.0,84.202,,,0.1623,0.8377,,True,completed
266,pkw,443.0,1777.0,1334.0,,2010.061,43.0,1091.0,243.0,1151.372,,,0.8178,0.1822,,True,completed
363,pkw,545.0,1778.0,1233.0,,1907.31,47.0,968.0,265.0,1049.738,,,0.7851,0.2149,,True,completed
1762,pkw,1494.0,1780.0,286.0,,2460.863,0.0,23.0,263.0,57.112,,,0.0804,0.9196,,True,completed
1361,pkw,1177.0,1782.0,605.0,,2323.738,20.0,262.0,343.0,382.173,,,0.4331,0.5669,,True,completed
388,pkw,581.0,1782.0,1201.0,,2360.836,45.0,903.0,298.0,985.745,,,0.7519,0.2481,,True,completed
385,pkw,587.0,1783.0,1196.0,,2282.781,44.0,902.0,294.0,987.73,,,0.7542,0.2458,,True,completed
1651,pkw,1408.0,1784.0,376.0,,1964.477,16.0,61.0,315.0,179.509,,,0.1622,0.8378,,True,completed
1879,pkw,1644.0,1785.0,141.0,,1261.258,13.0,13.0,128.0,25.624,,,0.0922,0.9078,,True,completed
1548,pkw,1322.0,1788.0,466.0,,2360.999,16.0,149.0,317.0,250.741,,,0.3197,0.6803,,True,completed
1933,pkw,1707.0,1789.0,82.0,,736.349,0.0,0.0,82.0,8.755,,,0.0,1.0,,True,completed
711,pkw,803.0,1798.0,995.0,,3020.078,13.0,615.0,380.0,720.353,,,0.6181,0.3819,,True,completed
1001,pkw,986.0,,814.0,,312.376,100.0,751.0,63.0,785.886,,,0.9226,0.0774,,False,on_map_at_end
1006,pkw,989.0,,811.0,,304.875,100.0,748.0,63.0,783.561,,,0.9223,0.0777,,False,on_map_at_end
1009,pkw,991.0,,809.0,,1344.646,93.0,633.0,176.0,682.038,,,0.7824,0.2176,,False,on_map_at_end
1011,pkw,991.0,,809.0,,346.275,98.0,720.0,89.0,759.453,,,0.89,0.11,,False,on_map_at_end
1012,pkw,991.0,,809.0,,637.555,49.0,691.0,118.0,751.593,,,0.8541,0.1459,,False,on_map_at_end
1014,pkw,991.0,,809.0,,1265.628,99.0,619.0,190.0,683.345,,,0.7651,0.2349,,False,on_map_at_end
1016,pkw,993.0,,807.0,,37.799,96.0,792.0,15.0,803.459,,,0.9814,0.0186,,False,on_map_at_end
1018,pkw,997.0,,803.0,,782.407,100.0,654.0,149.0,689.516,,,0.8144,0.1856,,False,on_map_at_end
1024,pkw,1000.0,,800.0,,338.774,96.0,717.0,83.0,753.416,,,0.8962,0.1038,,False,on_map_at_end
1027,pkw,1413.0,,387.0,,775.337,17.0,304.0,83.0,317.46,,,0.7855,0.2145,,False,on_map_at_end
1029,pkw,1001.0,,799.0,,799.259,100.0,686.0,113.0,721.676,,,0.8586,0.1414,,False,on_map_at_end
1030,pkw,1001.0,,799.0,,1413.537,100.0,578.0,221.0,670.53,,,0.7234,0.2766,,False,on_map_at_end
1038,pkw,1007.0,,793.0,,297.374,100.0,733.0,60.0,766.236,,,0.9243,0.0757,,False,on_map_at_end
1041,pkw,1008.0,,792.0,,791.758,100.0,678.0,114.0,714.31,,,0.8561,0.1439,,False,on_map_at_end
1042,pkw,1008.0,,792.0,,371.512,100.0,707.0,85.0,751.349,,,0.8927,0.1073,,False,on_map_at_end
1044,pkw,1009.0,,791.0,,1329.644,92.0,627.0,164.0,665.587,,,0.7927,0.2073,,False,on_map_at_end
1045,pkw,1009.0,,791.0,,612.526,51.0,676.0,115.0,735.667,,,0.8546,0.1454,,False,on_map_at_end
1046,pkw,1010.0,,790.0,,289.873,100.0,727.0,63.0,763.911,,,0.9203,0.0797,,False,on_map_at_end
1049,pkw,1011.0,,789.0,,228.656,98.0,728.0,61.0,762.391,,,0.9227,0.0773,,False,on_map_at_end
1051,pkw,1012.0,,788.0,,897.278,100.0,602.0,186.0,706.978,,,0.764,0.236,,False,on_map_at_end
1052,pkw,1012.0,,788.0,,806.295,100.0,616.0,172.0,715.056,,,0.7817,0.2183,,False,on_map_at_end
1053,pkw,1013.0,,787.0,,1188.075,92.0,630.0,157.0,673.749,,,0.8005,0.1995,,False,on_map_at_end
1054,pkw,1013.0,,787.0,,1786.402,69.0,600.0,187.0,620.126,,,0.7624,0.2376,,False,on_map_at_end
1056,pkw,1015.0,,785.0,,599.082,52.0,669.0,116.0,730.975,,,0.8522,0.1478,,False,on_map_at_end
1057,pkw,1016.0,,784.0,,1253.98,100.0,578.0,206.0,653.23,,,0.7372,0.2628,,False,on_map_at_end
1059,pkw,1016.0,,784.0,,774.906,98.0,643.0,141.0,676.677,,,0.8202,0.1798,,False,on_map_at_end
1061,pkw,1018.0,,782.0,,1300.597,100.0,597.0,185.0,649.232,,,0.7634,0.2366,,False,on_map_at_end
1066,pkw,1020.0,,780.0,,1588.422,87.0,569.0,211.0,636.829,,,0.7295,0.2705,,False,on_map_at_end
1069,pkw,1022.0,,778.0,,2650.416,100.0,434.0,344.0,518.803,,,0.5578,0.4422,,False,on_map_at_end
107,pkw,192.0,,1608.0,,907.546,92.0,1484.0,124.0,1525.475,,,0.9229,0.0771,,False,on_map_at_end
1070,pkw,1023.0,,777.0,,331.273,95.0,700.0,77.0,738.967,,,0.9009,0.0991,,False,on_map_at_end
1081,pkw,1029.0,,771.0,,317.901,100.0,699.0,72.0,738.361,,,0.9066,0.0934,,False,on_map_at_end
1084,pkw,1250.0,,550.0,,300.404,86.0,511.0,39.0,523.413,,,0.9291,0.0709,,False,on_map_at_end
1086,pkw,1030.0,,770.0,,575.315,55.0,657.0,113.0,717.805,,,0.8532,0.1468,,False,on_map_at_end
1087,pkw,1030.0,,770.0,,1064.433,100.0,584.0,186.0,674.116,,,0.7584,0.2416,,False,on_map_at_end
1088,pkw,1032.0,,768.0,,563.336,56.0,655.0,113.0,716.775,,,0.8529,0.1471,,False,on_map_at_end
1090,pkw,1033.0,,767.0,,1733.56,100.0,555.0,212.0,604.336,,,0.7236,0.2764,,False,on_map_at_end
1091,pkw,1034.0,,766.0,,477.507,94.0,682.0,84.0,700.398,,,0.8903,0.1097,,False,on_map_at_end
1095,pkw,1035.0,,765.0,,1240.849,100.0,607.0,158.0,653.019,,,0.7935,0.2065,,False,on_map_at_end
1098,pkw,1037.0,,763.0,,1541.449,95.0,590.0,173.0,618.647,,,0.7733,0.2267,,False,on_map_at_end
1100,pkw,1551.0,,249.0,,0.0,100.0,249.0,0.0,249.0,,,1.0,0.0,,False,on_map_at_end
1101,pkw,1038.0,,762.0,,1003.626,96.0,621.0,141.0,670.525,,,0.815,0.185,,False,on_map_at_end
1103,pkw,1040.0,,760.0,,1233.348,100.0,598.0,162.0,648.875,,,0.7868,0.2132,,False,on_map_at_end
1104,pkw,1040.0,,760.0,,282.372,100.0,701.0,59.0,734.586,,,0.9224,0.0776,,False,on_map_at_end
1105,pkw,1040.0,,760.0,,1543.416,86.0,556.0,204.0,620.758,,,0.7316,0.2684,,False,on_map_at_end
1106,pkw,1041.0,,759.0,,214.17,50.0,684.0,75.0,739.724,,,0.9012,0.0988,,False,on_map_at_end
1109,pkw,1042.0,,758.0,,1376.032,100.0,572.0,186.0,632.745,,,0.7546,0.2454,,False,on_map_at_end
1111,pkw,1043.0,,757.0,,1174.813,92.0,589.0,168.0,638.831,,,0.7781,0.2219,,False,on_map_at_end
1112,pkw,1043.0,,757.0,,274.871,100.0,697.0,60.0,732.261,,,0.9207,0.0793,,False,on_map_at_end
1115,pkw,1044.0,,756.0,,1750.189,85.0,533.0,223.0,597.094,,,0.705,0.295,,False,on_map_at_end
1116,pkw,1044.0,,756.0,,1939.239,90.0,520.0,236.0,580.216,,,0.6878,0.3122,,False,on_map_at_end
1118,pkw,1046.0,,754.0,,1726.062,92.0,563.0,191.0,597.809,,,0.7467,0.2533,,False,on_map_at_end
1119,pkw,1047.0,,753.0,,1171.753,98.0,577.0,176.0,636.147,,,0.7663,0.2337,,False,on_map_at_end
1120,pkw,1047.0,,753.0,,1450.479,100.0,562.0,191.0,615.959,,,0.7463,0.2537,,False,on_map_at_end
1128,pkw,1050.0,,750.0,,468.349,95.0,672.0,78.0,691.064,,,0.896,0.104,,False,on_map_at_end
1132,pkw,1051.0,,749.0,,2539.836,88.0,470.0,279.0,517.415,,,0.6275,0.3725,,False,on_map_at_end
1135,pkw,1054.0,,746.0,,2820.285,100.0,317.0,429.0,446.723,,,0.4249,0.5751,,False,on_map_at_end
1136,pkw,1053.0,,747.0,,1480.366,92.0,579.0,168.0,613.426,,,0.7751,0.2249,,False,on_map_at_end
1138,pkw,1054.0,,746.0,,1276.559,63.0,584.0,162.0,628.0,,,0.7828,0.2172,,False,on_map_at_end
1139,pkw,1054.0,,746.0,,473.423,82.0,679.0,67.0,699.552,,,0.9102,0.0898,,False,on_map_at_end
1143,pkw,1056.0,,744.0,,530.586,59.0,636.0,108.0,696.1,,,0.8548,0.1452,,False,on_map_at_end
1144,pkw,1056.0,,744.0,,267.37,100.0,685.0,59.0,719.936,,,0.9207,0.0793,,False,on_map_at_end
1145,pkw,1058.0,,742.0,,595.038,96.0,665.0,77.0,684.189,,,0.8962,0.1038,,False,on_map_at_end
1146,pkw,1058.0,,742.0,,1674.716,87.0,533.0,209.0,590.226,,,0.7183,0.2817,,False,on_map_at_end
1149,pkw,1061.0,,739.0,,36.819,100.0,720.0,19.0,735.686,,,0.9743,0.0257,,False,on_map_at_end
1155,pkw,1066.0,,734.0,,1826.637,88.0,519.0,215.0,568.295,,,0.7071,0.2929,,False,on_map_at_end
1157,pkw,1067.0,,733.0,,2642.915,100.0,403.0,330.0,478.416,,,0.5498,0.4502,,False,on_map_at_end
1158,pkw,1067.0,,733.0,,259.869,100.0,673.0,60.0,709.612,,,0.9181,0.0819,,False,on_map_at_end
1159,pkw,1068.0,,732.0,,999.717,88.0,562.0,170.0,615.166,,,0.7678,0.2322,,False,on_map_at_end
1160,pkw,1068.0,,732.0,,1801.74,90.0,529.0,203.0,567.652,,,0.7227,0.2773,,False,on_map_at_end
1161,pkw,1069.0,,731.0,,323.771,94.0,653.0,78.0,682.067,,,0.8933,0.1067,,False,on_map_at_end
1163,pkw,1071.0,,729.0,,316.27,93.0,651.0,78.0,680.271,,,0.893,0.107,,False,on_map_at_end
1164,pkw,1069.0,,731.0,,752.403,94.0,564.0,167.0,606.568,,,0.7715,0.2285,,False,on_map_at_end
1167,pkw,1071.0,,729.0,,1159.811,91.0,570.0,159.0,609.088,,,0.7819,0.2181,,False,on_map_at_end
1169,pkw,1586.0,,214.0,,0.0,100.0,214.0,0.0,214.0,,,1.0,0.0,,False,on_map_at_end
1170,pkw,1073.0,,727.0,,798.794,100.0,566.0,161.0,654.683,,,0.7785,0.2215,,False,on_map_at_end
1172,pkw,1073.0,,727.0,,783.06,86.0,561.0,166.0,625.21,,,0.7717,0.2283,,False,on_map_at_end
1175,pkw,1075.0,,725.0,,981.517,97.0,571.0,154.0,621.469,,,0.7876,0.2124,,False,on_map_at_end
1183,pkw,1080.0,,720.0,,252.368,100.0,659.0,61.0,697.287,,,0.9153,0.0847,,False,on_map_at_end
1184,pkw,1081.0,,719.0,,460.848,94.0,645.0,74.0,666.795,,,0.8971,0.1029,,False,on_map_at_end
1185,pkw,1081.0,,719.0,,891.074,99.0,584.0,135.0,628.656,,,0.8122,0.1878,,False,on_map_at_end
1193,pkw,1083.0,,717.0,,308.769,92.0,648.0,69.0,674.621,,,0.9038,0.0962,,False,on_map_at_end
1195,pkw,1085.0,,715.0,,301.268,90.0,648.0,67.0,683.18,,,0.9063,0.0937,,False,on_map_at_end
1197,pkw,1087.0,,713.0,,1255.591,96.0,552.0,161.0,588.707,,,0.7742,0.2258,,False,on_map_at_end
1207,pkw,1093.0,,707.0,,1179.424,77.0,579.0,128.0,599.112,,,0.819,0.181,,False,on_map_at_end
1211,pkw,1095.0,,705.0,,453.347,94.0,629.0,76.0,650.358,,,0.8922,0.1078,,False,on_map_at_end
1213,pkw,1098.0,,702.0,,244.867,100.0,644.0,58.0,679.962,,,0.9174,0.0826,,False,on_map_at_end
1216,pkw,1098.0,,702.0,,594.066,100.0,606.0,96.0,645.495,,,0.8632,0.1368,,False,on_map_at_end
1217,pkw,1100.0,,700.0,,1909.234,88.0,480.0,220.0,526.799,,,0.6857,0.3143,,False,on_map_at_end
1218,pkw,1101.0,,699.0,,741.686,100.0,589.0,110.0,631.846,,,0.8426,0.1574,,False,on_map_at_end
1222,pkw,1103.0,,697.0,,1517.986,88.0,521.0,176.0,554.389,,,0.7475,0.2525,,False,on_map_at_end
1223,pkw,1103.0,,697.0,,734.185,100.0,584.0,113.0,630.43,,,0.8379,0.1621,,False,on_map_at_end
1227,pkw,1105.0,,695.0,,729.899,90.0,529.0,166.0,575.746,,,0.7612,0.2388,,False,on_map_at_end
1230,pkw,1107.0,,693.0,,173.019,100.0,663.0,30.0,673.338,,,0.9567,0.0433,,False,on_map_at_end
1231,pkw,1107.0,,693.0,,586.565,100.0,594.0,99.0,634.328,,,0.8571,0.1429,,False,on_map_at_end
1236,pkw,1109.0,,691.0,,1284.638,89.0,523.0,168.0,565.557,,,0.7569,0.2431,,False,on_map_at_end
1240,pkw,1467.0,,333.0,,85.641,62.0,288.0,45.0,325.292,,,0.8649,0.1351,,False,on_map_at_end
1243,pkw,1111.0,,689.0,,1437.608,93.0,513.0,176.0,555.262,,,0.7446,0.2554,,False,on_map_at_end
1245,pkw,1117.0,,683.0,,1277.136,89.0,506.0,177.0,556.289,,,0.7408,0.2592,,False,on_map_at_end
1248,pkw,1115.0,,685.0,,714.897,88.0,502.0,183.0,550.105,,,0.7328,0.2672,,False,on_map_at_end
1249,pkw,1115.0,,685.0,,917.252,97.0,554.0,131.0,595.836,,,0.8088,0.1912,,False,on_map_at_end
1252,pkw,1116.0,,684.0,,165.518,100.0,649.0,35.0,662.244,,,0.9488,0.0512,,False,on_map_at_end
1254,pkw,1117.0,,683.0,,393.179,100.0,634.0,49.0,646.905,,,0.9283,0.0717,,False,on_map_at_end
1258,pkw,1120.0,,680.0,,319.005,97.0,620.0,60.0,646.957,,,0.9118,0.0882,,False,on_map_at_end
1259,pkw,1120.0,,680.0,,1901.982,87.0,456.0,224.0,505.726,,,0.6706,0.3294,,False,on_map_at_end
1260,pkw,1121.0,,679.0,,396.978,100.0,630.0,49.0,643.272,,,0.9278,0.0722,,False,on_map_at_end
1262,pkw,1122.0,,678.0,,1567.158,90.0,492.0,186.0,535.245,,,0.7257,0.2743,,False,on_map_at_end
1263,pkw,1122.0,,678.0,,237.366,100.0,618.0,60.0,656.637,,,0.9115,0.0885,,False,on_map_at_end
1264,pkw,1123.0,,677.0,,726.684,100.0,561.0,116.0,611.261,,,0.8287,0.1713,,False,on_map_at_end
1269,pkw,1124.0,,676.0,,2332.605,88.0,410.0,266.0,462.222,,,0.6065,0.3935,,False,on_map_at_end
1270,pkw,1125.0,,675.0,,229.865,100.0,617.0,58.0,654.312,,,0.9141,0.0859,,False,on_map_at_end
1274,pkw,1129.0,,671.0,,669.993,100.0,566.0,105.0,575.424,,,0.8435,0.1565,,False,on_map_at_end
1277,pkw,1131.0,,669.0,,1122.305,89.0,499.0,170.0,554.442,,,0.7459,0.2541,,False,on_map_at_end
1278,pkw,1131.0,,669.0,,842.241,86.0,535.0,134.0,589.539,,,0.7997,0.2003,,False,on_map_at_end
1280,pkw,1132.0,,668.0,,1472.918,100.0,474.0,194.0,517.433,,,0.7096,0.2904,,False,on_map_at_end
1281,pkw,1133.0,,667.0,,222.364,100.0,610.0,57.0,646.987,,,0.9145,0.0855,,False,on_map_at_end
1282,pkw,1769.0,,31.0,,75.711,0.0,0.0,31.0,24.186,,,0.0,1.0,,False,on_map_at_end
1283,pkw,1133.0,,667.0,,512.801,100.0,562.0,105.0,620.847,,,0.8426,0.1574,,False,on_map_at_end
1284,pkw,1133.0,,667.0,,331.944,94.0,599.0,68.0,630.24,,,0.8981,0.1019,,False,on_map_at_end
1285,pkw,1134.0,,666.0,,1979.416,100.0,395.0,271.0,467.425,,,0.5931,0.4069,,False,on_map_at_end
1287,pkw,1136.0,,664.0,,378.177,100.0,610.0,54.0,629.638,,,0.9187,0.0813,,False,on_map_at_end
1289,pkw,1139.0,,661.0,,827.257,85.0,525.0,136.0,575.194,,,0.7943,0.2057,,False,on_map_at_end
1294,pkw,1141.0,,659.0,,759.625,86.0,537.0,122.0,590.191,,,0.8149,0.1851,,False,on_map_at_end
1297,pkw,1144.0,,656.0,,459.889,100.0,596.0,60.0,611.242,,,0.9085,0.0915,,False,on_map_at_end
1301,pkw,1145.0,,655.0,,214.863,100.0,600.0,55.0,635.662,,,0.916,0.084,,False,on_map_at_end
1302,pkw,1145.0,,655.0,,158.017,100.0,617.0,38.0,632.62,,,0.942,0.058,,False,on_map_at_end
1303,pkw,1145.0,,655.0,,1772.462,85.0,430.0,225.0,493.869,,,0.6565,0.3435,,False,on_map_at_end
1304,pkw,1146.0,,654.0,,719.183,100.0,540.0,114.0,589.11,,,0.8257,0.1743,,False,on_map_at_end
1305,pkw,1146.0,,654.0,,746.752,93.0,548.0,106.0,580.462,,,0.8379,0.1621,,False,on_map_at_end
1306,pkw,1146.0,,654.0,,1145.508,85.0,500.0,154.0,550.172,,,0.7645,0.2355,,False,on_map_at_end
1313,pkw,1147.0,,653.0,,207.362,100.0,599.0,54.0,634.337,,,0.9173,0.0827,,False,on_map_at_end
1315,pkw,1149.0,,651.0,,199.861,100.0,593.0,58.0,633.012,,,0.9109,0.0891,,False,on_map_at_end
1317,pkw,1150.0,,650.0,,485.697,100.0,554.0,96.0,606.271,,,0.8523,0.1477,,False,on_map_at_end
1318,pkw,1150.0,,650.0,,468.328,100.0,561.0,89.0,607.802,,,0.8631,0.1369,,False,on_map_at_end
1320,pkw,1151.0,,649.0,,192.359,100.0,593.0,56.0,631.687,,,0.9137,0.0863,,False,on_map_at_end
1322,pkw,1152.0,,648.0,,184.858,100.0,589.0,59.0,631.363,,,0.909,0.091,,False,on_map_at_end
1327,pkw,1155.0,,645.0,,2018.151,85.0,406.0,239.0,458.512,,,0.6295,0.3705,,False,on_map_at_end
1328,pkw,1156.0,,644.0,,739.25,92.0,542.0,102.0,573.293,,,0.8416,0.1584,,False,on_map_at_end
1329,pkw,1156.0,,644.0,,786.849,91.0,543.0,101.0,567.23,,,0.8432,0.1568,,False,on_map_at_end
1330,pkw,1156.0,,644.0,,704.181,100.0,546.0,98.0,580.247,,,0.8478,0.1522,,False,on_map_at_end
1331,pkw,1156.0,,644.0,,810.032,100.0,533.0,111.0,569.809,,,0.8276,0.1724,,False,on_map_at_end
1332,pkw,1156.0,,644.0,,383.279,96.0,596.0,48.0,609.505,,,0.9255,0.0745,,False,on_map_at_end
1333,pkw,1158.0,,642.0,,909.704,85.0,502.0,140.0,548.541,,,0.7819,0.2181,,False,on_map_at_end
1335,pkw,1184.0,,616.0,,480.306,100.0,552.0,64.0,568.453,,,0.8961,0.1039,,False,on_map_at_end
1336,pkw,1160.0,,640.0,,375.778,96.0,591.0,49.0,606.18,,,0.9234,0.0766,,False,on_map_at_end
1341,pkw,1161.0,,639.0,,1744.327,86.0,417.0,222.0,479.594,,,0.6526,0.3474,,False,on_map_at_end
1344,pkw,1163.0,,637.0,,218.776,100.0,591.0,46.0,610.645,,,0.9278,0.0722,,False,on_map_at_end
1346,pkw,1164.0,,636.0,,1833.084,100.0,404.0,232.0,464.176,,,0.6352,0.3648,,False,on_map_at_end
1347,pkw,1165.0,,635.0,,1729.076,87.0,417.0,218.0,476.934,,,0.6567,0.3433,,False,on_map_at_end
1354,pkw,1169.0,,631.0,,359.395,93.0,581.0,50.0,598.654,,,0.9208,0.0792,,False,on_map_at_end
1355,pkw,1173.0,,627.0,,724.248,90.0,521.0,106.0,556.355,,,0.8309,0.1691,,False,on_map_at_end
1356,pkw,1173.0,,627.0,,274.389,96.0,577.0,50.0,591.455,,,0.9203,0.0797,,False,on_map_at_end
1357,pkw,1175.0,,625.0,,1734.23,87.0,422.0,203.0,467.102,,,0.6752,0.3248,,False,on_map_at_end
136,pkw,247.0,,1553.0,,2251.368,100.0,1301.0,252.0,1343.49,,,0.8377,0.1623,,False,on_map_at_end
1360,pkw,1177.0,,623.0,,266.888,95.0,573.0,50.0,589.031,,,0.9197,0.0803,,False,on_map_at_end
1363,pkw,1178.0,,622.0,,177.357,100.0,566.0,56.0,606.038,,,0.91,0.09,,False,on_map_at_end
1365,pkw,1180.0,,620.0,,947.679,92.0,515.0,105.0,534.282,,,0.8306,0.1694,,False,on_map_at_end
1367,pkw,1181.0,,619.0,,1092.301,87.0,467.0,152.0,511.21,,,0.7544,0.2456,,False,on_map_at_end
1370,pkw,1183.0,,617.0,,928.058,92.0,513.0,104.0,533.474,,,0.8314,0.1686,,False,on_map_at_end
1371,pkw,1184.0,,616.0,,753.615,87.0,514.0,102.0,541.243,,,0.8344,0.1656,,False,on_map_at_end
1375,pkw,1186.0,,614.0,,351.894,93.0,566.0,48.0,582.329,,,0.9218,0.0782,,False,on_map_at_end
1377,pkw,1188.0,,612.0,,1628.548,86.0,404.0,208.0,451.098,,,0.6601,0.3399,,False,on_map_at_end
1379,pkw,1188.0,,612.0,,83.766,94.0,587.0,25.0,604.461,,,0.9592,0.0408,,False,on_map_at_end
1382,pkw,1190.0,,610.0,,410.999,94.0,530.0,80.0,563.817,,,0.8689,0.1311,,False,on_map_at_end
1383,pkw,1191.0,,609.0,,494.517,91.0,547.0,62.0,565.033,,,0.8982,0.1018,,False,on_map_at_end
1384,pkw,1190.0,,610.0,,995.373,88.0,470.0,140.0,516.608,,,0.7705,0.2295,,False,on_map_at_end
1386,pkw,1191.0,,609.0,,693.005,92.0,508.0,101.0,537.402,,,0.8342,0.1658,,False,on_map_at_end
1389,pkw,1191.0,,609.0,,344.393,92.0,556.0,53.0,578.004,,,0.913,0.087,,False,on_map_at_end
1391,pkw,1194.0,,606.0,,1352.657,100.0,435.0,171.0,478.137,,,0.7178,0.2822,,False,on_map_at_end
1397,pkw,1199.0,,601.0,,1467.748,100.0,426.0,175.0,452.517,,,0.7088,0.2912,,False,on_map_at_end
1398,pkw,1201.0,,599.0,,1321.378,98.0,420.0,179.0,459.449,,,0.7012,0.2988,,False,on_map_at_end
1400,pkw,1201.0,,599.0,,169.856,100.0,544.0,55.0,583.713,,,0.9082,0.0918,,False,on_map_at_end
1401,pkw,1202.0,,598.0,,1423.053,93.0,433.0,165.0,466.143,,,0.7241,0.2759,,False,on_map_at_end
1404,pkw,1203.0,,597.0,,709.246,88.0,492.0,105.0,525.832,,,0.8241,0.1759,,False,on_map_at_end
1405,pkw,1204.0,,596.0,,1964.414,100.0,303.0,293.0,401.215,,,0.5084,0.4916,,False,on_map_at_end
1407,pkw,1205.0,,595.0,,211.275,100.0,549.0,46.0,572.179,,,0.9227,0.0773,,False,on_map_at_end
1409,pkw,1208.0,,592.0,,1000.315,90.0,475.0,117.0,498.317,,,0.8024,0.1976,,False,on_map_at_end
1411,pkw,1209.0,,591.0,,673.769,95.0,493.0,98.0,527.659,,,0.8342,0.1658,,False,on_map_at_end
1415,pkw,1215.0,,585.0,,1566.637,92.0,402.0,183.0,442.763,,,0.6872,0.3128,,False,on_map_at_end
1417,pkw,1213.0,,587.0,,2100.191,100.0,359.0,228.0,396.845,,,0.6116,0.3884,,False,on_map_at_end
1419,pkw,1224.0,,576.0,,1618.444,85.0,381.0,195.0,429.685,,,0.6615,0.3385,,False,on_map_at_end
1421,pkw,1214.0,,586.0,,162.355,100.0,531.0,55.0,571.388,,,0.9061,0.0939,,False,on_map_at_end
1425,pkw,1215.0,,585.0,,154.854,100.0,530.0,55.0,571.063,,,0.906,0.094,,False,on_map_at_end
1426,pkw,1215.0,,585.0,,1577.774,93.0,400.0,185.0,441.285,,,0.6838,0.3162,,False,on_map_at_end
1428,pkw,1218.0,,582.0,,556.359,96.0,504.0,78.0,528.519,,,0.866,0.134,,False,on_map_at_end
1429,pkw,1218.0,,582.0,,147.353,100.0,528.0,54.0,568.738,,,0.9072,0.0928,,False,on_map_at_end
1430,pkw,1773.0,,27.0,,66.915,0.0,0.0,27.0,20.978,,,0.0,1.0,,False,on_map_at_end
1431,pkw,1219.0,,581.0,,1550.992,94.0,400.0,181.0,440.001,,,0.6885,0.3115,,False,on_map_at_end
1432,pkw,1219.0,,581.0,,355.674,100.0,526.0,55.0,548.172,,,0.9053,0.0947,,False,on_map_at_end
1433,pkw,1219.0,,581.0,,1492.847,100.0,402.0,179.0,433.634,,,0.6919,0.3081,,False,on_map_at_end
1436,pkw,1220.0,,580.0,,905.762,94.0,443.0,137.0,494.898,,,0.7638,0.2362,,False,on_map_at_end
1437,pkw,1221.0,,579.0,,2082.403,83.0,332.0,247.0,383.243,,,0.5734,0.4266,,False,on_map_at_end
1439,pkw,1221.0,,579.0,,425.689,100.0,505.0,74.0,540.688,,,0.8722,0.1278,,False,on_map_at_end
1444,pkw,1225.0,,575.0,,1545.713,100.0,421.0,154.0,435.951,,,0.7322,0.2678,,False,on_map_at_end
1453,pkw,1232.0,,568.0,,1508.149,99.0,396.0,172.0,430.804,,,0.6972,0.3028,,False,on_map_at_end
1455,pkw,1233.0,,567.0,,336.892,92.0,516.0,51.0,536.679,,,0.9101,0.0899,,False,on_map_at_end
1456,pkw,1234.0,,566.0,,2074.617,84.0,320.0,246.0,371.886,,,0.5654,0.4346,,False,on_map_at_end
1458,pkw,1236.0,,564.0,,863.751,90.0,462.0,102.0,485.451,,,0.8191,0.1809,,False,on_map_at_end
1459,pkw,1238.0,,562.0,,1631.842,100.0,300.0,262.0,405.232,,,0.5338,0.4662,,False,on_map_at_end
1469,pkw,1245.0,,555.0,,1573.702,100.0,378.0,177.0,412.312,,,0.6811,0.3189,,False,on_map_at_end
1470,pkw,1249.0,,551.0,,811.518,94.0,449.0,102.0,477.599,,,0.8149,0.1851,,False,on_map_at_end
1472,pkw,1249.0,,551.0,,134.267,95.0,523.0,28.0,536.309,,,0.9492,0.0508,,False,on_map_at_end
1478,pkw,1256.0,,544.0,,959.146,96.0,438.0,106.0,457.676,,,0.8051,0.1949,,False,on_map_at_end
1479,pkw,1256.0,,544.0,,684.893,88.0,411.0,133.0,441.318,,,0.7555,0.2445,,False,on_map_at_end
1482,pkw,1262.0,,538.0,,965.369,85.0,411.0,127.0,449.531,,,0.7639,0.2361,,False,on_map_at_end
1483,pkw,1264.0,,536.0,,969.537,93.0,385.0,151.0,428.118,,,0.7183,0.2817,,False,on_map_at_end
1484,pkw,1264.0,,536.0,,1520.81,84.0,362.0,174.0,397.783,,,0.6754,0.3246,,False,on_map_at_end
1486,pkw,1265.0,,535.0,,780.717,100.0,451.0,84.0,464.735,,,0.843,0.157,,False,on_map_at_end
1487,pkw,1266.0,,534.0,,329.391,91.0,485.0,49.0,504.355,,,0.9082,0.0918,,False,on_map_at_end
1491,pkw,1269.0,,531.0,,321.89,91.0,480.0,51.0,502.03,,,0.904,0.096,,False,on_map_at_end
1492,pkw,1269.0,,531.0,,403.186,100.0,451.0,80.0,494.713,,,0.8493,0.1507,,False,on_map_at_end
1497,pkw,1275.0,,525.0,,244.385,93.0,477.0,48.0,496.899,,,0.9086,0.0914,,False,on_map_at_end
1498,pkw,1288.0,,512.0,,1588.44,85.0,312.0,200.0,367.289,,,0.6094,0.3906,,False,on_map_at_end
150,pkw,277.0,,1523.0,,551.96,97.0,1423.0,100.0,1464.029,,,0.9343,0.0657,,False,on_map_at_end
1500,pkw,1280.0,,520.0,,881.916,96.0,410.0,110.0,440.089,,,0.7885,0.2115,,False,on_map_at_end
1502,pkw,1282.0,,518.0,,945.328,95.0,399.0,119.0,432.046,,,0.7703,0.2297,,False,on_map_at_end
1503,pkw,1282.0,,518.0,,150.516,100.0,495.0,23.0,501.669,,,0.9556,0.0444,,False,on_map_at_end
1504,pkw,1284.0,,516.0,,2037.884,100.0,300.0,216.0,330.272,,,0.5814,0.4186,,False,on_map_at_end
1505,pkw,1284.0,,516.0,,1134.377,88.0,372.0,144.0,399.838,,,0.7209,0.2791,,False,on_map_at_end
1509,pkw,1287.0,,513.0,,1583.542,86.0,321.0,192.0,368.725,,,0.6257,0.3743,,False,on_map_at_end
1510,pkw,1287.0,,513.0,,126.766,94.0,485.0,28.0,498.581,,,0.9454,0.0546,,False,on_map_at_end
1511,pkw,1289.0,,511.0,,1738.976,100.0,332.0,179.0,353.339,,,0.6497,0.3503,,False,on_map_at_end
1512,pkw,1289.0,,511.0,,1576.041,86.0,317.0,194.0,368.242,,,0.6204,0.3796,,False,on_map_at_end
1513,pkw,1290.0,,510.0,,694.244,88.0,407.0,103.0,444.592,,,0.798,0.202,,False,on_map_at_end
1514,pkw,1291.0,,509.0,,139.852,100.0,456.0,53.0,496.413,,,0.8959,0.1041,,False,on_map_at_end
1515,pkw,1291.0,,509.0,,1322.653,100.0,344.0,165.0,389.205,,,0.6758,0.3242,,False,on_map_at_end
1516,pkw,1615.0,,185.0,,6.815,100.0,179.0,6.0,184.387,,,0.9676,0.0324,,False,on_map_at_end
1517,pkw,1291.0,,509.0,,793.252,100.0,388.0,121.0,424.972,,,0.7623,0.2377,,False,on_map_at_end
1518,pkw,1293.0,,507.0,,654.868,95.0,383.0,124.0,408.773,,,0.7554,0.2446,,False,on_map_at_end
1520,pkw,1296.0,,504.0,,818.732,96.0,411.0,93.0,429.591,,,0.8155,0.1845,,False,on_map_at_end
1521,pkw,1297.0,,503.0,,428.727,96.0,446.0,57.0,464.414,,,0.8867,0.1133,,False,on_map_at_end
1522,pkw,1300.0,,500.0,,236.884,92.0,452.0,48.0,475.513,,,0.904,0.096,,False,on_map_at_end
1523,pkw,1300.0,,500.0,,1032.293,87.0,353.0,147.0,400.269,,,0.706,0.294,,False,on_map_at_end
1526,pkw,1301.0,,499.0,,1796.968,85.0,293.0,206.0,335.507,,,0.5872,0.4128,,False,on_map_at_end
1529,pkw,1306.0,,494.0,,550.253,96.0,429.0,65.0,444.477,,,0.8684,0.1316,,False,on_map_at_end
153,pkw,290.0,,1510.0,,927.49,100.0,1390.0,120.0,1424.882,,,0.9205,0.0795,,False,on_map_at_end
1530,pkw,1307.0,,493.0,,1561.039,85.0,315.0,178.0,351.744,,,0.6389,0.3611,,False,on_map_at_end
1531,pkw,1308.0,,492.0,,132.351,100.0,443.0,49.0,480.088,,,0.9004,0.0996,,False,on_map_at_end
1542,pkw,1317.0,,483.0,,651.83,94.0,397.0,86.0,417.171,,,0.8219,0.1781,,False,on_map_at_end
1543,pkw,1318.0,,482.0,,659.175,100.0,384.0,98.0,422.209,,,0.7967,0.2033,,False,on_map_at_end
1547,pkw,1321.0,,479.0,,124.85,100.0,441.0,38.0,467.763,,,0.9207,0.0793,,False,on_map_at_end
1550,pkw,1322.0,,478.0,,1049.258,100.0,360.0,118.0,380.115,,,0.7531,0.2469,,False,on_map_at_end
1551,pkw,1323.0,,477.0,,229.383,92.0,428.0,49.0,448.324,,,0.8973,0.1027,,False,on_map_at_end
1555,pkw,1327.0,,473.0,,1774.215,86.0,272.0,201.0,310.938,,,0.5751,0.4249,,False,on_map_at_end
1558,pkw,1329.0,,471.0,,117.349,100.0,435.0,36.0,460.438,,,0.9236,0.0764,,False,on_map_at_end
1559,pkw,1329.0,,471.0,,1500.975,100.0,312.0,159.0,335.301,,,0.6624,0.3376,,False,on_map_at_end
156,pkw,299.0,,1501.0,,1608.199,100.0,1291.0,210.0,1331.985,,,0.8601,0.1399,,False,on_map_at_end
1560,pkw,1330.0,,470.0,,271.935,87.0,406.0,64.0,437.622,,,0.8638,0.1362,,False,on_map_at_end
1561,pkw,1330.0,,470.0,,902.311,100.0,342.0,128.0,388.791,,,0.7277,0.2723,,False,on_map_at_end
1565,pkw,1335.0,,465.0,,1465.364,92.0,313.0,152.0,332.74,,,0.6731,0.3269,,False,on_map_at_end
1566,pkw,1335.0,,465.0,,1941.91,100.0,173.0,292.0,270.773,,,0.372,0.628,,False,on_map_at_end
1567,pkw,1336.0,,464.0,,638.679,96.0,380.0,84.0,399.941,,,0.819,0.181,,False,on_map_at_end
1569,pkw,1338.0,,462.0,,673.723,100.0,349.0,113.0,387.358,,,0.7554,0.2446,,False,on_map_at_end
1571,pkw,1340.0,,460.0,,2157.581,84.0,219.0,241.0,263.927,,,0.4761,0.5239,,False,on_map_at_end
1572,pkw,1342.0,,458.0,,1636.716,85.0,277.0,181.0,310.276,,,0.6048,0.3952,,False,on_map_at_end
1573,pkw,1343.0,,457.0,,31.259,89.0,434.0,23.0,454.187,,,0.9497,0.0503,,False,on_map_at_end
1575,pkw,1344.0,,456.0,,109.848,100.0,422.0,34.0,446.114,,,0.9254,0.0746,,False,on_map_at_end
1578,pkw,1353.0,,447.0,,111.845,61.0,390.0,57.0,436.589,,,0.8725,0.1275,,False,on_map_at_end
1581,pkw,1349.0,,451.0,,651.674,100.0,352.0,99.0,391.91,,,0.7805,0.2195,,False,on_map_at_end
1587,pkw,1352.0,,448.0,,402.093,100.0,394.0,54.0,411.45,,,0.8795,0.1205,,False,on_map_at_end
1592,pkw,1355.0,,445.0,,102.347,100.0,412.0,33.0,435.789,,,0.9258,0.0742,,False,on_map_at_end
1593,pkw,1356.0,,444.0,,167.859,95.0,409.0,35.0,422.063,,,0.9212,0.0788,,False,on_map_at_end
1595,pkw,1358.0,,442.0,,531.25,100.0,373.0,69.0,390.656,,,0.8439,0.1561,,False,on_map_at_end
1596,pkw,1362.0,,438.0,,1441.969,95.0,290.0,148.0,308.221,,,0.6621,0.3379,,False,on_map_at_end
1598,pkw,1365.0,,435.0,,1614.837,94.0,244.0,191.0,284.35,,,0.5609,0.4391,,False,on_map_at_end
1599,pkw,1366.0,,434.0,,452.388,100.0,374.0,60.0,386.957,,,0.8618,0.1382,,False,on_map_at_end
1600,pkw,1366.0,,434.0,,910.136,100.0,308.0,126.0,331.199,,,0.7097,0.2903,,False,on_map_at_end
1601,pkw,1366.0,,434.0,,1207.328,19.0,291.0,143.0,307.645,,,0.6705,0.3295,,False,on_map_at_end
1602,pkw,1367.0,,433.0,,94.846,100.0,400.0,33.0,424.464,,,0.9238,0.0762,,False,on_map_at_end
1604,pkw,1368.0,,432.0,,306.888,90.0,383.0,49.0,404.38,,,0.8866,0.1134,,False,on_map_at_end
1605,pkw,1369.0,,431.0,,221.882,92.0,385.0,46.0,406.341,,,0.8933,0.1067,,False,on_map_at_end
1608,pkw,1371.0,,429.0,,1269.249,100.0,271.0,158.0,308.044,,,0.6317,0.3683,,False,on_map_at_end
1609,pkw,1371.0,,429.0,,1363.02,100.0,281.0,148.0,305.878,,,0.655,0.345,,False,on_map_at_end
1611,pkw,1372.0,,428.0,,621.67,100.0,343.0,85.0,371.857,,,0.8014,0.1986,,False,on_map_at_end
1613,pkw,1373.0,,427.0,,1247.974,100.0,297.0,130.0,312.98,,,0.6956,0.3044,,False,on_map_at_end
1615,pkw,1376.0,,424.0,,445.846,93.0,350.0,74.0,367.13,,,0.8255,0.1745,,False,on_map_at_end
1617,pkw,1380.0,,420.0,,2076.189,13.0,133.0,287.0,232.416,,,0.3167,0.6833,,False,on_map_at_end
1618,pkw,1381.0,,419.0,,1012.486,93.0,299.0,120.0,317.515,,,0.7136,0.2864,,False,on_map_at_end
1621,pkw,1382.0,,418.0,,581.412,100.0,307.0,111.0,330.533,,,0.7344,0.2656,,False,on_map_at_end
1623,pkw,1383.0,,417.0,,1349.128,95.0,271.0,146.0,291.643,,,0.6499,0.3501,,False,on_map_at_end
1625,pkw,1383.0,,417.0,,770.037,100.0,333.0,84.0,347.611,,,0.7986,0.2014,,False,on_map_at_end
1626,pkw,1384.0,,416.0,,214.381,92.0,376.0,40.0,390.053,,,0.9038,0.0962,,False,on_map_at_end
1627,pkw,1387.0,,413.0,,2845.773,4.0,33.0,380.0,124.331,,,0.0799,0.9201,,False,on_map_at_end
1629,pkw,1389.0,,411.0,,1937.447,100.0,208.0,203.0,235.48,,,0.5061,0.4939,,False,on_map_at_end
1630,pkw,1391.0,,409.0,,87.345,100.0,379.0,30.0,401.139,,,0.9267,0.0733,,False,on_map_at_end
1631,pkw,1391.0,,409.0,,348.312,100.0,341.0,68.0,377.652,,,0.8337,0.1663,,False,on_map_at_end
1632,pkw,1391.0,,409.0,,745.667,100.0,314.0,95.0,329.424,,,0.7677,0.2323,,False,on_map_at_end
1634,pkw,1392.0,,408.0,,333.171,100.0,363.0,45.0,377.253,,,0.8897,0.1103,,False,on_map_at_end
1635,pkw,1393.0,,407.0,,628.809,100.0,341.0,66.0,350.407,,,0.8378,0.1622,,False,on_map_at_end
1642,pkw,1398.0,,402.0,,2013.977,47.0,102.0,300.0,213.727,,,0.2537,0.7463,,False,on_map_at_end
1646,pkw,1402.0,,398.0,,647.367,94.0,290.0,108.0,306.793,,,0.7286,0.2714,,False,on_map_at_end
1648,pkw,1404.0,,396.0,,299.387,90.0,345.0,51.0,369.055,,,0.8712,0.1288,,False,on_map_at_end
165,pkw,305.0,,1495.0,,726.841,100.0,1396.0,99.0,1424.888,,,0.9338,0.0662,,False,on_map_at_end
1652,pkw,1408.0,,392.0,,64.692,100.0,374.0,18.0,386.178,,,0.9541,0.0459,,False,on_map_at_end
1653,pkw,1408.0,,392.0,,846.537,100.0,297.0,95.0,310.548,,,0.7577,0.2423,,False,on_map_at_end
1654,pkw,1409.0,,391.0,,614.169,100.0,306.0,85.0,335.44,,,0.7826,0.2174,,False,on_map_at_end
1655,pkw,1409.0,,391.0,,79.844,100.0,359.0,32.0,383.814,,,0.9182,0.0818,,False,on_map_at_end
1656,pkw,1410.0,,390.0,,72.343,100.0,358.0,32.0,383.489,,,0.9179,0.0821,,False,on_map_at_end
1657,pkw,1410.0,,390.0,,1962.663,100.0,180.0,210.0,213.05,,,0.4615,0.5385,,False,on_map_at_end
1658,pkw,1779.0,,21.0,,57.664,0.0,0.0,21.0,15.81,,,0.0,1.0,,False,on_map_at_end
1659,pkw,1411.0,,389.0,,160.479,100.0,362.0,27.0,372.694,,,0.9306,0.0694,,False,on_map_at_end
1661,pkw,1412.0,,388.0,,64.842,100.0,355.0,33.0,382.164,,,0.9149,0.0851,,False,on_map_at_end
1662,pkw,1412.0,,388.0,,291.886,90.0,338.0,50.0,361.73,,,0.8711,0.1289,,False,on_map_at_end
1664,pkw,1415.0,,385.0,,607.258,96.0,276.0,109.0,290.997,,,0.7169,0.2831,,False,on_map_at_end
1666,pkw,1417.0,,383.0,,972.284,84.0,242.0,141.0,278.641,,,0.6319,0.3681,,False,on_map_at_end
1668,pkw,1417.0,,383.0,,606.668,100.0,297.0,86.0,328.056,,,0.7755,0.2245,,False,on_map_at_end
1670,pkw,1422.0,,378.0,,1523.533,86.0,207.0,171.0,239.505,,,0.5476,0.4524,,False,on_map_at_end
1673,pkw,1423.0,,377.0,,49.69,100.0,361.0,16.0,372.528,,,0.9576,0.0424,,False,on_map_at_end
1681,pkw,1430.0,,370.0,,634.215,92.0,292.0,78.0,308.616,,,0.7892,0.2108,,False,on_map_at_end
1682,pkw,1431.0,,369.0,,1142.558,100.0,255.0,114.0,265.157,,,0.6911,0.3089,,False,on_map_at_end
1686,pkw,1432.0,,368.0,,1580.648,95.0,202.0,166.0,224.949,,,0.5489,0.4511,,False,on_map_at_end
1687,pkw,1434.0,,366.0,,57.341,100.0,335.0,31.0,360.839,,,0.9153,0.0847,,False,on_map_at_end
1688,pkw,1437.0,,363.0,,583.803,100.0,297.0,66.0,310.457,,,0.8182,0.1818,,False,on_map_at_end
1689,pkw,1436.0,,364.0,,599.757,95.0,241.0,123.0,263.286,,,0.6621,0.3379,,False,on_map_at_end
1690,pkw,1437.0,,363.0,,49.84,100.0,333.0,30.0,358.514,,,0.9174,0.0826,,False,on_map_at_end
1692,pkw,1439.0,,361.0,,42.339,100.0,330.0,31.0,357.156,,,0.9141,0.0859,,False,on_map_at_end
1693,pkw,1440.0,,360.0,,468.961,100.0,289.0,71.0,305.008,,,0.8028,0.1972,,False,on_map_at_end
1695,pkw,1440.0,,360.0,,143.015,100.0,334.0,26.0,341.861,,,0.9278,0.0722,,False,on_map_at_end
1696,pkw,1440.0,,360.0,,483.665,100.0,301.0,59.0,314.148,,,0.8361,0.1639,,False,on_map_at_end
1697,pkw,1441.0,,359.0,,1036.347,100.0,245.0,114.0,263.164,,,0.6825,0.3175,,False,on_map_at_end
1699,pkw,1443.0,,357.0,,540.015,92.0,280.0,77.0,300.099,,,0.7843,0.2157,,False,on_map_at_end
1700,pkw,1444.0,,356.0,,152.978,100.0,332.0,24.0,340.619,,,0.9326,0.0674,,False,on_map_at_end
1701,pkw,1444.0,,356.0,,2584.172,0.0,40.0,316.0,119.793,,,0.1124,0.8876,,False,on_map_at_end
1702,pkw,1445.0,,355.0,,1358.908,100.0,211.0,144.0,229.885,,,0.5944,0.4056,,False,on_map_at_end
1703,pkw,1445.0,,355.0,,480.967,72.0,300.0,55.0,306.237,,,0.8451,0.1549,,False,on_map_at_end
1704,pkw,1445.0,,355.0,,507.628,97.0,279.0,76.0,298.033,,,0.7859,0.2141,,False,on_map_at_end
1705,pkw,1446.0,,354.0,,1332.879,100.0,217.0,137.0,232.029,,,0.613,0.387,,False,on_map_at_end
1706,pkw,1446.0,,354.0,,284.385,90.0,314.0,40.0,328.405,,,0.887,0.113,,False,on_map_at_end
1707,pkw,1446.0,,354.0,,616.609,96.0,279.0,75.0,294.948,,,0.7881,0.2119,,False,on_map_at_end
1708,pkw,1447.0,,353.0,,558.909,100.0,267.0,86.0,278.645,,,0.7564,0.2436,,False,on_map_at_end
1712,pkw,1450.0,,350.0,,701.359,100.0,259.0,91.0,270.42,,,0.74,0.26,,False,on_map_at_end
1713,pkw,1451.0,,349.0,,1317.112,86.0,184.0,165.0,229.24,,,0.5272,0.4728,,False,on_map_at_end
1715,pkw,1451.0,,349.0,,1681.406,46.0,97.0,252.0,193.737,,,0.2779,0.7221,,False,on_map_at_end
1716,pkw,1452.0,,348.0,,34.838,100.0,318.0,30.0,344.865,,,0.9138,0.0862,,False,on_map_at_end
1717,pkw,1454.0,,346.0,,979.901,56.0,234.0,112.0,255.809,,,0.6763,0.3237,,False,on_map_at_end
1718,pkw,1455.0,,345.0,,1960.579,88.0,111.0,234.0,165.049,,,0.3217,0.6783,,False,on_map_at_end
1719,pkw,1456.0,,344.0,,599.166,100.0,258.0,86.0,289.67,,,0.75,0.25,,False,on_map_at_end
1722,pkw,1456.0,,344.0,,2348.119,15.0,48.0,296.0,114.485,,,0.1395,0.8605,,False,on_map_at_end
1725,pkw,1459.0,,341.0,,745.091,7.0,233.0,108.0,248.675,,,0.6833,0.3167,,False,on_map_at_end
1726,pkw,1460.0,,340.0,,752.819,96.0,247.0,93.0,271.925,,,0.7265,0.2735,,False,on_map_at_end
1728,pkw,1461.0,,339.0,,779.376,96.0,253.0,86.0,268.855,,,0.7463,0.2537,,False,on_map_at_end
1729,pkw,1461.0,,339.0,,938.719,96.0,210.0,129.0,233.061,,,0.6195,0.3805,,False,on_map_at_end
1731,pkw,1463.0,,337.0,,166.269,100.0,300.0,37.0,315.863,,,0.8902,0.1098,,False,on_map_at_end
1732,pkw,1464.0,,336.0,,1385.536,100.0,196.0,140.0,210.027,,,0.5833,0.4167,,False,on_map_at_end
1733,pkw,1465.0,,335.0,,1092.965,100.0,223.0,112.0,236.254,,,0.6657,0.3343,,False,on_map_at_end
1734,pkw,1465.0,,335.0,,551.407,100.0,264.0,71.0,273.943,,,0.7881,0.2119,,False,on_map_at_end
1736,pkw,1467.0,,333.0,,1927.23,20.0,125.0,208.0,159.548,,,0.3754,0.6246,,False,on_map_at_end
1737,pkw,1469.0,,331.0,,2130.768,21.0,110.0,221.0,134.044,,,0.3323,0.6677,,False,on_map_at_end
1738,pkw,1473.0,,327.0,,276.883,90.0,289.0,38.0,302.08,,,0.8838,0.1162,,False,on_map_at_end
1739,pkw,1473.0,,327.0,,863.228,96.0,229.0,98.0,249.309,,,0.7003,0.2997,,False,on_map_at_end
1740,pkw,1475.0,,325.0,,269.382,89.0,285.0,40.0,300.755,,,0.8769,0.1231,,False,on_map_at_end
1742,pkw,1477.0,,323.0,,1325.124,100.0,177.0,146.0,202.938,,,0.548,0.452,,False,on_map_at_end
1743,pkw,1477.0,,323.0,,206.88,92.0,284.0,39.0,297.184,,,0.8793,0.1207,,False,on_map_at_end
1744,pkw,1479.0,,321.0,,640.976,92.0,237.0,84.0,263.106,,,0.7383,0.2617,,False,on_map_at_end
1746,pkw,1481.0,,319.0,,27.337,100.0,290.0,29.0,316.54,,,0.9091,0.0909,,False,on_map_at_end
1747,pkw,1485.0,,315.0,,19.835,100.0,288.0,27.0,313.215,,,0.9143,0.0857,,False,on_map_at_end
1749,pkw,1486.0,,314.0,,1998.975,23.0,52.0,262.0,122.717,,,0.1656,0.8344,,False,on_map_at_end
1750,pkw,1486.0,,314.0,,1276.454,100.0,183.0,131.0,198.318,,,0.5828,0.4172,,False,on_map_at_end
1751,pkw,1487.0,,313.0,,840.725,95.0,219.0,94.0,237.334,,,0.6997,0.3003,,False,on_map_at_end
1753,pkw,1488.0,,312.0,,1081.725,100.0,188.0,124.0,205.781,,,0.6026,0.3974,,False,on_map_at_end
1754,pkw,1643.0,,157.0,,12.334,100.0,137.0,20.0,155.89,,,0.8726,0.1274,,False,on_map_at_end
1755,pkw,1490.0,,310.0,,1434.468,93.0,161.0,149.0,180.897,,,0.5194,0.4806,,False,on_map_at_end
1757,pkw,1653.0,,147.0,,4.833,100.0,135.0,12.0,146.565,,,0.9184,0.0816,,False,on_map_at_end
1759,pkw,1491.0,,309.0,,1351.961,100.0,163.0,146.0,180.922,,,0.5275,0.4725,,False,on_map_at_end
1763,pkw,1495.0,,305.0,,1426.967,92.0,154.0,151.0,176.572,,,0.5049,0.4951,,False,on_map_at_end
1766,pkw,1501.0,,299.0,,749.706,100.0,224.0,75.0,230.9,,,0.7492,0.2508,,False,on_map_at_end
1767,pkw,1502.0,,298.0,,1196.165,100.0,179.0,119.0,188.947,,,0.6007,0.3993,,False,on_map_at_end
1768,pkw,1502.0,,298.0,,1549.109,90.0,133.0,165.0,157.35,,,0.4463,0.5537,,False,on_map_at_end
1769,pkw,1502.0,,298.0,,261.881,89.0,259.0,39.0,274.43,,,0.8691,0.1309,,False,on_map_at_end
1774,pkw,1505.0,,295.0,,97.449,100.0,280.0,15.0,283.722,,,0.9492,0.0508,,False,on_map_at_end
1775,pkw,1505.0,,295.0,,158.768,100.0,266.0,29.0,275.708,,,0.9017,0.0983,,False,on_map_at_end
1776,pkw,1507.0,,293.0,,254.38,88.0,255.0,38.0,270.106,,,0.8703,0.1297,,False,on_map_at_end
1778,pkw,1509.0,,291.0,,2505.98,0.0,0.0,291.0,35.902,,,0.0,1.0,,False,on_map_at_end
1780,pkw,1513.0,,287.0,,2078.383,45.0,67.0,220.0,99.418,,,0.2334,0.7666,,False,on_map_at_end
1781,pkw,1514.0,,286.0,,628.936,100.0,202.0,84.0,228.95,,,0.7063,0.2937,,False,on_map_at_end
1782,pkw,1515.0,,285.0,,1434.468,16.0,136.0,149.0,155.897,,,0.4772,0.5228,,False,on_map_at_end
1783,pkw,1515.0,,285.0,,1940.05,0.0,19.0,266.0,90.486,,,0.0667,0.9333,,False,on_map_at_end
1785,pkw,1518.0,,282.0,,294.627,100.0,250.0,32.0,255.121,,,0.8865,0.1135,,False,on_map_at_end
1786,pkw,1518.0,,282.0,,621.435,100.0,196.0,86.0,225.834,,,0.695,0.305,,False,on_map_at_end
1787,pkw,1519.0,,281.0,,575.128,95.0,187.0,94.0,205.609,,,0.6655,0.3345,,False,on_map_at_end
1789,pkw,1520.0,,280.0,,678.856,100.0,201.0,79.0,212.354,,,0.7179,0.2821,,False,on_map_at_end
179,pkw,320.0,,1480.0,,1593.197,100.0,1261.0,219.0,1304.859,,,0.852,0.148,,False,on_map_at_end
1790,pkw,1521.0,,279.0,,1854.543,0.0,70.0,209.0,102.147,,,0.2509,0.7491,,False,on_map_at_end
1791,pkw,1522.0,,278.0,,522.951,100.0,219.0,59.0,230.254,,,0.7878,0.2122,,False,on_map_at_end
1793,pkw,1528.0,,272.0,,516.189,100.0,188.0,84.0,196.63,,,0.6912,0.3088,,False,on_map_at_end
1795,pkw,1532.0,,268.0,,1255.082,100.0,143.0,125.0,152.957,,,0.5336,0.4664,,False,on_map_at_end
1796,pkw,1533.0,,267.0,,310.306,96.0,223.0,44.0,239.072,,,0.8352,0.1648,,False,on_map_at_end
1799,pkw,1534.0,,266.0,,1888.526,0.0,48.0,218.0,77.989,,,0.1805,0.8195,,False,on_map_at_end
1801,pkw,1536.0,,264.0,,1877.496,19.0,22.0,242.0,64.597,,,0.0833,0.9167,,False,on_map_at_end
1805,pkw,1539.0,,261.0,,287.098,100.0,216.0,45.0,235.161,,,0.8276,0.1724,,False,on_map_at_end
1806,pkw,1540.0,,260.0,,279.597,100.0,213.0,47.0,234.836,,,0.8192,0.1808,,False,on_map_at_end
1807,pkw,1541.0,,259.0,,246.879,88.0,220.0,39.0,236.781,,,0.8494,0.1506,,False,on_map_at_end
1809,pkw,1549.0,,251.0,,561.976,94.0,181.0,70.0,197.5,,,0.7211,0.2789,,False,on_map_at_end
1810,pkw,1549.0,,251.0,,1648.05,1.0,27.0,224.0,89.377,,,0.1076,0.8924,,False,on_map_at_end
1811,pkw,1551.0,,249.0,,2015.803,19.0,21.0,228.0,66.122,,,0.0843,0.9157,,False,on_map_at_end
1812,pkw,1551.0,,249.0,,515.45,100.0,190.0,59.0,201.976,,,0.7631,0.2369,,False,on_map_at_end
1813,pkw,1554.0,,246.0,,1789.685,0.0,42.0,204.0,71.946,,,0.1707,0.8293,,False,on_map_at_end
1815,pkw,1556.0,,244.0,,810.721,82.0,159.0,85.0,171.034,,,0.6516,0.3484,,False,on_map_at_end
1816,pkw,1559.0,,241.0,,1640.758,32.0,56.0,185.0,92.135,,,0.2324,0.7676,,False,on_map_at_end
1817,pkw,1559.0,,241.0,,403.738,100.0,185.0,56.0,195.931,,,0.7676,0.2324,,False,on_map_at_end
1818,pkw,1564.0,,236.0,,154.669,95.0,209.0,27.0,218.073,,,0.8856,0.1144,,False,on_map_at_end
1819,pkw,1564.0,,236.0,,1598.246,60.0,61.0,175.0,89.757,,,0.2585,0.7415,,False,on_map_at_end
182,pkw,324.0,,1476.0,,758.977,100.0,1372.0,104.0,1399.432,,,0.9295,0.0705,,False,on_map_at_end
1820,pkw,1565.0,,235.0,,415.629,96.0,172.0,63.0,182.217,,,0.7319,0.2681,,False,on_map_at_end
1821,pkw,1565.0,,235.0,,1173.662,100.0,117.0,118.0,127.973,,,0.4979,0.5021,,False,on_map_at_end
1822,pkw,1567.0,,233.0,,239.378,89.0,198.0,35.0,211.456,,,0.8498,0.1502,,False,on_map_at_end
1823,pkw,1569.0,,231.0,,1236.441,100.0,105.0,126.0,118.477,,,0.4545,0.5455,,False,on_map_at_end
1826,pkw,1575.0,,225.0,,803.22,82.0,141.0,84.0,152.71,,,0.6267,0.3733,,False,on_map_at_end
1827,pkw,1580.0,,220.0,,617.093,100.0,158.0,62.0,164.326,,,0.7182,0.2818,,False,on_map_at_end
1828,pkw,1582.0,,218.0,,135.514,100.0,199.0,19.0,201.587,,,0.9128,0.0872,,False,on_map_at_end
1829,pkw,1584.0,,216.0,,947.863,53.0,112.0,104.0,128.97,,,0.5185,0.4815,,False,on_map_at_end
1830,pkw,1584.0,,216.0,,388.736,100.0,165.0,51.0,172.915,,,0.7639,0.2361,,False,on_map_at_end
1831,pkw,1584.0,,216.0,,1441.969,22.0,72.0,144.0,86.221,,,0.3333,0.6667,,False,on_map_at_end
1832,pkw,1585.0,,215.0,,1230.938,57.0,80.0,135.0,103.32,,,0.3721,0.6279,,False,on_map_at_end
1833,pkw,1587.0,,213.0,,1505.367,0.0,19.0,194.0,64.93,,,0.0892,0.9108,,False,on_map_at_end
1835,pkw,1591.0,,209.0,,1467.465,56.0,55.0,154.0,75.569,,,0.2632,0.7368,,False,on_map_at_end
1836,pkw,1591.0,,209.0,,1163.925,92.0,91.0,118.0,102.733,,,0.4354,0.5646,,False,on_map_at_end
1837,pkw,1591.0,,209.0,,1829.209,12.0,12.0,197.0,35.731,,,0.0574,0.9426,,False,on_map_at_end
1838,pkw,1592.0,,208.0,,1899.043,6.0,8.0,200.0,32.726,,,0.0385,0.9615,,False,on_map_at_end
1839,pkw,1593.0,,207.0,,507.949,100.0,149.0,58.0,160.354,,,0.7198,0.2802,,False,on_map_at_end
1840,pkw,1596.0,,204.0,,1571.978,0.0,0.0,204.0,16.713,,,0.0,1.0,,False,on_map_at_end
1841,pkw,1597.0,,203.0,,119.227,95.0,180.0,23.0,187.537,,,0.8867,0.1133,,False,on_map_at_end
1842,pkw,1598.0,,202.0,,416.854,100.0,158.0,44.0,164.042,,,0.7822,0.2178,,False,on_map_at_end
1843,pkw,1600.0,,200.0,,199.379,92.0,164.0,36.0,178.815,,,0.82,0.18,,False,on_map_at_end
1845,pkw,1601.0,,199.0,,1930.017,7.0,7.0,192.0,24.488,,,0.0352,0.9648,,False,on_map_at_end
1846,pkw,1601.0,,199.0,,1421.506,32.0,43.0,156.0,70.234,,,0.2161,0.7839,,False,on_map_at_end
1847,pkw,1603.0,,197.0,,1319.844,57.0,56.0,141.0,71.201,,,0.2843,0.7157,,False,on_map_at_end
1848,pkw,1606.0,,194.0,,1200.934,10.0,66.0,128.0,85.122,,,0.3402,0.6598,,False,on_map_at_end
185,pkw,333.0,,1467.0,,466.232,100.0,1398.0,69.0,1425.039,,,0.953,0.047,,False,on_map_at_end
1850,pkw,1608.0,,192.0,,58.115,93.0,174.0,18.0,185.099,,,0.9062,0.0938,,False,on_map_at_end
1851,pkw,1608.0,,192.0,,1070.184,83.0,82.0,110.0,94.901,,,0.4271,0.5729,,False,on_map_at_end
1852,pkw,1610.0,,190.0,,677.809,80.0,115.0,75.0,128.204,,,0.6053,0.3947,,False,on_map_at_end
1853,pkw,1614.0,,186.0,,1071.047,67.0,66.0,120.0,81.722,,,0.3548,0.6452,,False,on_map_at_end
1854,pkw,1616.0,,184.0,,9.879,100.0,180.0,4.0,183.111,,,0.9783,0.0217,,False,on_map_at_end
1855,pkw,1617.0,,183.0,,1360.203,30.0,36.0,147.0,53.928,,,0.1967,0.8033,,False,on_map_at_end
1856,pkw,1617.0,,183.0,,1488.961,1.0,24.0,159.0,39.335,,,0.1311,0.8689,,False,on_map_at_end
1857,pkw,1618.0,,182.0,,1468.842,0.0,3.0,179.0,21.569,,,0.0165,0.9835,,False,on_map_at_end
1858,pkw,1618.0,,182.0,,546.974,94.0,119.0,63.0,130.644,,,0.6538,0.3462,,False,on_map_at_end
1859,pkw,1619.0,,181.0,,266.962,100.0,134.0,47.0,156.973,,,0.7403,0.2597,,False,on_map_at_end
1862,pkw,1623.0,,177.0,,788.218,81.0,95.0,82.0,105.295,,,0.5367,0.4633,,False,on_map_at_end
1863,pkw,1628.0,,172.0,,500.448,100.0,112.0,60.0,126.506,,,0.6512,0.3488,,False,on_map_at_end
1864,pkw,1628.0,,172.0,,537.623,69.0,68.0,104.0,84.868,,,0.3953,0.6047,,False,on_map_at_end
1865,pkw,1629.0,,171.0,,1318.026,30.0,30.0,141.0,51.733,,,0.1754,0.8246,,False,on_map_at_end
1866,pkw,1630.0,,170.0,,1686.299,0.0,0.0,170.0,15.695,,,0.0,1.0,,False,on_map_at_end
1867,pkw,1632.0,,168.0,,1385.749,9.0,19.0,149.0,41.777,,,0.1131,0.8869,,False,on_map_at_end
1868,pkw,1634.0,,166.0,,1150.342,24.0,24.0,142.0,52.991,,,0.1446,0.8554,,False,on_map_at_end
1869,pkw,1635.0,,165.0,,1250.368,31.0,32.0,133.0,50.314,,,0.1939,0.8061,,False,on_map_at_end
1872,pkw,1636.0,,164.0,,1376.513,10.0,10.0,154.0,25.599,,,0.061,0.939,,False,on_map_at_end
1873,pkw,1638.0,,162.0,,486.185,96.0,95.0,67.0,110.044,,,0.5864,0.4136,,False,on_map_at_end
1874,pkw,1638.0,,162.0,,1256.431,1.0,1.0,161.0,18.65,,,0.0062,0.9938,,False,on_map_at_end
1875,pkw,1639.0,,161.0,,91.738,97.0,146.0,15.0,152.743,,,0.9068,0.0932,,False,on_map_at_end
1876,pkw,1640.0,,160.0,,1041.043,33.0,32.0,128.0,55.73,,,0.2,0.8,,False,on_map_at_end
1877,pkw,1642.0,,158.0,,231.877,89.0,122.0,36.0,137.131,,,0.7722,0.2278,,False,on_map_at_end
1878,pkw,1643.0,,157.0,,899.474,49.0,48.0,109.0,69.023,,,0.3057,0.6943,,False,on_map_at_end
188,pkw,334.0,,1466.0,,751.476,100.0,1364.0,102.0,1393.889,,,0.9304,0.0696,,False,on_map_at_end
1880,pkw,1644.0,,156.0,,1225.731,1.0,9.0,147.0,34.319,,,0.0577,0.9423,,False,on_map_at_end
1881,pkw,1645.0,,155.0,,1104.326,16.0,17.0,138.0,51.57,,,0.1097,0.8903,,False,on_map_at_end
1882,pkw,1647.0,,153.0,,224.376,89.0,117.0,36.0,132.806,,,0.7647,0.2353,,False,on_map_at_end
1883,pkw,1649.0,,151.0,,674.107,80.0,80.0,71.0,90.33,,,0.5298,0.4702,,False,on_map_at_end
1884,pkw,1649.0,,151.0,,1026.923,5.0,5.0,146.0,25.877,,,0.0331,0.9669,,False,on_map_at_end
1886,pkw,1652.0,,148.0,,706.59,68.0,68.0,80.0,84.406,,,0.4595,0.5405,,False,on_map_at_end
1887,pkw,1653.0,,147.0,,685.239,64.0,64.0,83.0,85.328,,,0.4354,0.5646,,False,on_map_at_end
1889,pkw,1654.0,,146.0,,462.942,91.0,92.0,54.0,103.876,,,0.6301,0.3699,,False,on_map_at_end
1890,pkw,1655.0,,145.0,,347.817,98.0,104.0,41.0,113.207,,,0.7172,0.2828,,False,on_map_at_end
1891,pkw,1658.0,,142.0,,394.351,100.0,100.0,42.0,106.166,,,0.7042,0.2958,,False,on_map_at_end
1893,pkw,1665.0,,135.0,,1194.654,0.0,0.0,135.0,14.46,,,0.0,1.0,,False,on_map_at_end
1894,pkw,1666.0,,134.0,,775.815,20.0,21.0,113.0,40.869,,,0.1567,0.8433,,False,on_map_at_end
1896,pkw,1667.0,,133.0,,1253.893,8.0,7.0,126.0,19.472,,,0.0526,0.9474,,False,on_map_at_end
1897,pkw,1668.0,,132.0,,216.875,88.0,97.0,35.0,112.481,,,0.7348,0.2652,,False,on_map_at_end
1899,pkw,1669.0,,131.0,,191.877,91.0,95.0,36.0,108.428,,,0.7252,0.2748,,False,on_map_at_end
1900,pkw,1670.0,,130.0,,649.27,64.0,63.0,67.0,70.852,,,0.4846,0.5154,,False,on_map_at_end
1901,pkw,1671.0,,129.0,,1198.852,8.0,7.0,122.0,17.316,,,0.0543,0.9457,,False,on_map_at_end
1902,pkw,1671.0,,129.0,,1131.424,9.0,9.0,120.0,25.698,,,0.0698,0.9302,,False,on_map_at_end
1903,pkw,1671.0,,129.0,,1202.574,12.0,11.0,118.0,20.302,,,0.0853,0.9147,,False,on_map_at_end
1904,pkw,1672.0,,128.0,,1166.621,0.0,9.0,119.0,20.244,,,0.0703,0.9297,,False,on_map_at_end
1905,pkw,1673.0,,127.0,,421.077,84.0,83.0,44.0,89.103,,,0.6535,0.3465,,False,on_map_at_end
1906,pkw,1675.0,,125.0,,1273.763,0.0,0.0,125.0,8.924,,,0.0,1.0,,False,on_map_at_end
1907,pkw,1676.0,,124.0,,408.128,67.0,66.0,58.0,77.043,,,0.5323,0.4677,,False,on_map_at_end
1908,pkw,1680.0,,120.0,,444.959,64.0,63.0,57.0,74.217,,,0.525,0.475,,False,on_map_at_end
1910,pkw,1681.0,,119.0,,1178.801,2.0,2.0,117.0,12.907,,,0.0168,0.9832,,False,on_map_at_end
1911,pkw,1681.0,,119.0,,1001.864,17.0,17.0,102.0,28.831,,,0.1429,0.8571,,False,on_map_at_end
1912,pkw,1681.0,,119.0,,1086.57,0.0,0.0,119.0,9.578,,,0.0,1.0,,False,on_map_at_end
1913,pkw,1682.0,,118.0,,478.684,57.0,56.0,62.0,65.568,,,0.4746,0.5254,,False,on_map_at_end
1914,pkw,1682.0,,118.0,,437.458,61.0,60.0,58.0,78.628,,,0.5085,0.4915,,False,on_map_at_end
1915,pkw,1683.0,,117.0,,587.089,57.0,56.0,61.0,63.557,,,0.4786,0.5214,,False,on_map_at_end
1916,pkw,1684.0,,116.0,,184.376,83.0,82.0,34.0,93.541,,,0.7069,0.2931,,False,on_map_at_end
1917,pkw,1687.0,,113.0,,609.297,49.0,49.0,64.0,58.163,,,0.4336,0.5664,,False,on_map_at_end
1918,pkw,1688.0,,112.0,,871.918,22.0,22.0,90.0,32.525,,,0.1964,0.8036,,False,on_map_at_end
1919,pkw,1689.0,,111.0,,824.332,13.0,12.0,99.0,25.218,,,0.1081,0.8919,,False,on_map_at_end
192,pkw,338.0,,1462.0,,743.975,100.0,1356.0,106.0,1389.573,,,0.9275,0.0725,,False,on_map_at_end
1920,pkw,1691.0,,109.0,,1119.435,0.0,0.0,109.0,7.334,,,0.0,1.0,,False,on_map_at_end
1921,pkw,1691.0,,109.0,,626.349,35.0,34.0,75.0,49.116,,,0.3119,0.6881,,False,on_map_at_end
1923,pkw,1692.0,,108.0,,295.666,76.0,75.0,33.0,81.086,,,0.6944,0.3056,,False,on_map_at_end
1924,pkw,1695.0,,105.0,,489.649,57.0,56.0,49.0,60.931,,,0.5333,0.4667,,False,on_map_at_end
1926,pkw,1696.0,,104.0,,611.347,18.0,17.0,87.0,30.098,,,0.1635,0.8365,,False,on_map_at_end
1929,pkw,1702.0,,98.0,,926.604,4.0,4.0,94.0,13.094,,,0.0408,0.9592,,False,on_map_at_end
1930,pkw,1702.0,,98.0,,612.733,33.0,33.0,65.0,42.853,,,0.3367,0.6633,,False,on_map_at_end
1931,pkw,1704.0,,96.0,,915.28,0.0,0.0,96.0,7.032,,,0.0,1.0,,False,on_map_at_end
1932,pkw,1705.0,,95.0,,882.649,5.0,5.0,90.0,15.271,,,0.0526,0.9474,,False,on_map_at_end
1934,pkw,1709.0,,91.0,,551.939,14.0,13.0,78.0,39.602,,,0.1429,0.8571,,False,on_map_at_end
1935,pkw,1708.0,,92.0,,959.437,0.0,0.0,92.0,5.286,,,0.0,1.0,,False,on_map_at_end
1936,pkw,1709.0,,91.0,,894.336,0.0,0.0,91.0,8.98,,,0.0,1.0,,False,on_map_at_end
1937,pkw,1709.0,,91.0,,791.657,0.0,0.0,91.0,6.863,,,0.0,1.0,,False,on_map_at_end
1938,pkw,1709.0,,91.0,,386.85,51.0,50.0,41.0,55.605,,,0.5495,0.4505,,False,on_map_at_end
1939,pkw,1711.0,,89.0,,89.948,76.0,75.0,14.0,78.9,,,0.8427,0.1573,,False,on_map_at_end
1940,pkw,1712.0,,88.0,,523.557,22.0,22.0,66.0,32.214,,,0.25,0.75,,False,on_map_at_end
1941,pkw,1712.0,,88.0,,689.34,13.0,13.0,75.0,25.314,,,0.1477,0.8523,,False,on_map_at_end
1942,pkw,1712.0,,88.0,,769.363,12.0,11.0,77.0,16.077,,,0.125,0.875,,False,on_map_at_end
1943,pkw,1713.0,,87.0,,209.374,53.0,52.0,35.0,68.156,,,0.5977,0.4023,,False,on_map_at_end
1944,pkw,1714.0,,86.0,,0.0,86.0,86.0,0.0,86.0,,,1.0,0.0,,False,on_map_at_end
1945,pkw,1715.0,,85.0,,429.957,34.0,33.0,52.0,46.304,,,0.3882,0.6118,,False,on_map_at_end
1947,pkw,1716.0,,84.0,,410.112,0.0,0.0,84.0,7.524,,,0.0,1.0,,False,on_map_at_end
1948,pkw,1716.0,,84.0,,422.456,33.0,32.0,52.0,45.979,,,0.381,0.619,,False,on_map_at_end
1949,pkw,1718.0,,82.0,,730.74,5.0,5.0,77.0,15.405,,,0.061,0.939,,False,on_map_at_end
1950,pkw,1723.0,,77.0,,646.71,1.0,1.0,76.0,18.129,,,0.013,0.987,,False,on_map_at_end
1951,pkw,1724.0,,76.0,,391.869,28.0,27.0,49.0,38.833,,,0.3553,0.6447,,False,on_map_at_end
1953,pkw,1730.0,,70.0,,201.873,38.0,37.0,33.0,51.831,,,0.5286,0.4714,,False,on_map_at_end
1954,pkw,1731.0,,69.0,,414.954,20.0,19.0,50.0,31.654,,,0.2754,0.7246,,False,on_map_at_end
1955,pkw,1731.0,,69.0,,392.81,23.0,23.0,46.0,32.189,,,0.3333,0.6667,,False,on_map_at_end
1956,pkw,1732.0,,68.0,,580.763,0.0,0.0,68.0,6.602,,,0.0,1.0,,False,on_map_at_end
1957,pkw,1734.0,,66.0,,596.762,5.0,4.0,62.0,11.928,,,0.0606,0.9394,,False,on_map_at_end
1958,pkw,1736.0,,64.0,,592.04,1.0,1.0,63.0,10.716,,,0.0156,0.9844,,False,on_map_at_end
1959,pkw,1737.0,,63.0,,438.745,18.0,17.0,46.0,23.513,,,0.2698,0.7302,,False,on_map_at_end
196,pkw,349.0,,1451.0,,1547.859,98.0,1183.0,268.0,1212.781,,,0.8153,0.1847,,False,on_map_at_end
1960,pkw,1739.0,,61.0,,407.452,10.0,9.0,52.0,22.66,,,0.1475,0.8525,,False,on_map_at_end
1961,pkw,1739.0,,61.0,,559.482,3.0,3.0,58.0,10.646,,,0.0492,0.9508,,False,on_map_at_end
1962,pkw,1740.0,,60.0,,348.969,9.0,8.0,52.0,15.71,,,0.1333,0.8667,,False,on_map_at_end
1963,pkw,1740.0,,60.0,,384.368,14.0,13.0,47.0,23.031,,,0.2167,0.7833,,False,on_map_at_end
1964,pkw,1740.0,,60.0,,173.019,29.0,28.0,32.0,35.323,,,0.4667,0.5333,,False,on_map_at_end
1965,pkw,1740.0,,60.0,,371.848,21.0,20.0,40.0,26.017,,,0.3333,0.6667,,False,on_map_at_end
1966,pkw,1741.0,,59.0,,612.836,0.0,0.0,59.0,3.844,,,0.0,1.0,,False,on_map_at_end
1967,pkw,1741.0,,59.0,,582.296,0.0,0.0,59.0,6.593,,,0.0,1.0,,False,on_map_at_end
1968,pkw,1742.0,,58.0,,235.296,33.0,32.0,26.0,36.823,,,0.5517,0.4483,,False,on_map_at_end
1969,pkw,1743.0,,57.0,,345.704,0.0,0.0,57.0,4.232,,,0.0,1.0,,False,on_map_at_end
1970,pkw,1744.0,,56.0,,82.447,45.0,44.0,12.0,47.141,,,0.7857,0.2143,,False,on_map_at_end
1972,pkw,1745.0,,55.0,,503.576,0.0,0.0,55.0,5.882,,,0.0,1.0,,False,on_map_at_end
1973,pkw,1745.0,,55.0,,370.978,5.0,5.0,50.0,13.468,,,0.0909,0.9091,,False,on_map_at_end
1974,pkw,1746.0,,54.0,,284.712,13.0,13.0,41.0,27.534,,,0.2407,0.7593,,False,on_map_at_end
1975,pkw,1746.0,,54.0,,194.372,23.0,22.0,32.0,36.506,,,0.4074,0.5926,,False,on_map_at_end
1976,pkw,1747.0,,53.0,,433.629,7.0,7.0,46.0,13.898,,,0.1321,0.8679,,False,on_map_at_end
1977,pkw,1750.0,,50.0,,349.546,0.0,0.0,50.0,5.462,,,0.0,1.0,,False,on_map_at_end
1979,pkw,1752.0,,48.0,,332.979,9.0,8.0,40.0,17.659,,,0.1667,0.8333,,False,on_map_at_end
1980,pkw,1754.0,,46.0,,379.218,2.0,2.0,44.0,11.049,,,0.0435,0.9565,,False,on_map_at_end
1981,pkw,1755.0,,45.0,,312.529,9.0,8.0,37.0,16.872,,,0.1778,0.8222,,False,on_map_at_end
1982,pkw,1756.0,,44.0,,227.794,21.0,20.0,24.0,23.498,,,0.4545,0.5455,,False,on_map_at_end
1983,pkw,1756.0,,44.0,,429.152,0.0,0.0,44.0,5.219,,,0.0,1.0,,False,on_map_at_end
1984,pkw,1756.0,,44.0,,186.871,18.0,17.0,27.0,27.181,,,0.3864,0.6136,,False,on_map_at_end
1985,pkw,1758.0,,42.0,,179.37,16.0,15.0,27.0,25.857,,,0.3571,0.6429,,False,on_map_at_end
1987,pkw,1762.0,,38.0,,296.451,0.0,0.0,38.0,3.108,,,0.0,1.0,,False,on_map_at_end
1988,pkw,1763.0,,37.0,,389.141,0.0,0.0,37.0,1.752,,,0.0,1.0,,False,on_map_at_end
1989,pkw,1764.0,,36.0,,378.753,0.0,0.0,36.0,1.912,,,0.0,1.0,,False,on_map_at_end
1990,pkw,1765.0,,35.0,,245.201,0.0,0.0,35.0,2.53,,,0.0,1.0,,False,on_map_at_end
1991,pkw,1766.0,,34.0,,359.008,0.0,0.0,34.0,1.689,,,0.0,1.0,,False,on_map_at_end
1992,pkw,1769.0,,31.0,,268.318,0.0,0.0,31.0,4.019,,,0.0,1.0,,False,on_map_at_end
1993,pkw,1773.0,,27.0,,249.97,0.0,0.0,27.0,4.502,,,0.0,1.0,,False,on_map_at_end
1994,pkw,1773.0,,27.0,,287.623,0.0,0.0,27.0,1.114,,,0.0,1.0,,False,on_map_at_end
1995,pkw,1776.0,,24.0,,217.02,0.0,0.0,24.0,4.468,,,0.0,1.0,,False,on_map_at_end
1996,pkw,1776.0,,24.0,,255.808,0.0,0.0,24.0,0.977,,,0.0,1.0,,False,on_map_at_end
1997,pkw,1777.0,,23.0,,155.147,0.0,0.0,23.0,4.909,,,0.0,1.0,,False,on_map_at_end
1998,pkw,1779.0,,21.0,,200.875,0.0,0.0,21.0,2.921,,,0.0,1.0,,False,on_map_at_end
1999,pkw,1781.0,,19.0,,182.401,0.0,0.0,19.0,1.823,,,0.0,1.0,,False,on_map_at_end
200,pkw,355.0,,1445.0,,736.474,100.0,1338.0,107.0,1373.928,,,0.926,0.074,,False,on_map_at_end
2000,pkw,1786.0,,14.0,,100.173,0.0,0.0,14.0,0.942,,,0.0,1.0,,False,on_map_at_end
2001,pkw,1788.0,,12.0,,85.032,0.0,0.0,12.0,1.69,,,0.0,1.0,,False,on_map_at_end
2002,pkw,1790.0,,10.0,,105.959,0.0,0.0,10.0,0.464,,,0.0,1.0,,False,on_map_at_end
2003,pkw,1790.0,,10.0,,106.864,0.0,0.0,10.0,0.382,,,0.0,1.0,,False,on_map_at_end
2004,pkw,1790.0,,10.0,,76.21,0.0,0.0,10.0,0.789,,,0.0,1.0,,False,on_map_at_end
2005,pkw,1791.0,,9.0,,95.137,0.0,0.0,9.0,0.438,,,0.0,1.0,,False,on_map_at_end
2006,pkw,1794.0,,6.0,,62.994,0.0,0.0,6.0,0.305,,,0.0,1.0,,False,on_map_at_end
2008,pkw,1795.0,,5.0,,52.914,0.0,0.0,5.0,0.238,,,0.0,1.0,,False,on_map_at_end
2009,pkw,1799.0,,1.0,,10.741,0.0,0.0,1.0,0.033,,,0.0,1.0,,False,on_map_at_end
201,pkw,356.0,,1444.0,,974.148,100.0,1324.0,120.0,1356.326,,,0.9169,0.0831,,False,on_map_at_end
2010,pkw,1799.0,,1.0,,10.478,0.0,0.0,1.0,0.057,,,0.0,1.0,,False,on_map_at_end
204,pkw,364.0,,1436.0,,679.882,100.0,1333.0,103.0,1371.269,,,0.9283,0.0717,,False,on_map_at_end
206,pkw,365.0,,1435.0,,873.465,100.0,1310.0,125.0,1347.046,,,0.9129,0.0871,,False,on_map_at_end
212,pkw,375.0,,1425.0,,518.899,100.0,1330.0,95.0,1364.208,,,0.9333,0.0667,,False,on_map_at_end
215,pkw,382.0,,1418.0,,636.986,100.0,1319.0,99.0,1356.806,,,0.9302,0.0698,,False,on_map_at_end
222,pkw,391.0,,1409.0,,2243.149,99.0,1164.0,245.0,1200.359,,,0.8261,0.1739,,False,on_map_at_end
228,pkw,397.0,,1403.0,,2777.395,91.0,978.0,425.0,1022.906,,,0.6971,0.3029,,False,on_map_at_end
235,pkw,408.0,,1392.0,,575.589,100.0,1311.0,81.0,1334.9,,,0.9418,0.0582,,False,on_map_at_end
245,pkw,418.0,,1382.0,,1064.448,100.0,1246.0,136.0,1277.788,,,0.9016,0.0984,,False,on_map_at_end
248,pkw,423.0,,1377.0,,944.143,100.0,1258.0,119.0,1292.026,,,0.9136,0.0864,,False,on_map_at_end
250,pkw,428.0,,1372.0,,1055.097,100.0,1189.0,183.0,1232.111,,,0.8666,0.1334,,False,on_map_at_end
251,pkw,429.0,,1371.0,,2019.616,100.0,1141.0,230.0,1184.321,,,0.8322,0.1678,,False,on_map_at_end
252,pkw,429.0,,1371.0,,2363.227,95.0,1092.0,279.0,1157.257,,,0.7965,0.2035,,False,on_map_at_end
256,pkw,435.0,,1365.0,,2295.568,98.0,1098.0,267.0,1156.853,,,0.8044,0.1956,,False,on_map_at_end
257,pkw,435.0,,1365.0,,728.973,100.0,1260.0,105.0,1293.212,,,0.9231,0.0769,,False,on_map_at_end
27,pkw,311.0,,1489.0,,1173.839,12.0,1337.0,152.0,1383.25,,,0.8979,0.1021,,False,on_map_at_end
271,pkw,447.0,,1353.0,,413.724,100.0,1285.0,68.0,1315.764,,,0.9497,0.0503,,False,on_map_at_end
272,pkw,449.0,,1351.0,,830.032,100.0,1245.0,106.0,1276.296,,,0.9215,0.0785,,False,on_map_at_end
274,pkw,450.0,,1350.0,,691.81,100.0,1250.0,100.0,1284.242,,,0.9259,0.0741,,False,on_map_at_end
279,pkw,454.0,,1346.0,,684.309,100.0,1251.0,95.0,1281.16,,,0.9294,0.0706,,False,on_map_at_end
290,pkw,470.0,,1330.0,,983.701,100.0,1194.0,136.0,1214.779,,,0.8977,0.1023,,False,on_map_at_end
298,pkw,476.0,,1324.0,,815.308,96.0,1205.0,119.0,1231.572,,,0.9101,0.0899,,False,on_map_at_end
30,pkw,49.0,,1751.0,,1172.627,37.0,1550.0,201.0,1636.024,,,0.8852,0.1148,,False,on_map_at_end
304,pkw,482.0,,1318.0,,1481.169,100.0,1124.0,194.0,1173.88,,,0.8528,0.1472,,False,on_map_at_end
307,pkw,484.0,,1316.0,,456.541,100.0,1218.0,98.0,1235.27,,,0.9255,0.0745,,False,on_map_at_end
308,pkw,487.0,,1313.0,,2062.374,100.0,1075.0,238.0,1127.385,,,0.8187,0.1813,,False,on_map_at_end
31,pkw,51.0,,1749.0,,1315.092,92.0,1562.0,187.0,1614.48,,,0.8931,0.1069,,False,on_map_at_end
315,pkw,492.0,,1308.0,,790.579,97.0,1216.0,92.0,1236.18,,,0.9297,0.0703,,False,on_map_at_end
317,pkw,495.0,,1305.0,,676.808,100.0,1214.0,91.0,1240.901,,,0.9303,0.0697,,False,on_map_at_end
318,pkw,496.0,,1304.0,,887.401,99.0,1176.0,128.0,1205.485,,,0.9018,0.0982,,False,on_map_at_end
319,pkw,498.0,,1302.0,,1049.446,100.0,1160.0,142.0,1198.633,,,0.8909,0.1091,,False,on_map_at_end
320,pkw,498.0,,1302.0,,668.169,100.0,1212.0,90.0,1235.004,,,0.9309,0.0691,,False,on_map_at_end
321,pkw,499.0,,1301.0,,660.668,100.0,1207.0,94.0,1238.886,,,0.9277,0.0723,,False,on_map_at_end
330,pkw,512.0,,1288.0,,984.644,57.0,1107.0,181.0,1183.899,,,0.8595,0.1405,,False,on_map_at_end
336,pkw,513.0,,1287.0,,1348.7,98.0,1131.0,156.0,1160.187,,,0.8788,0.1212,,False,on_map_at_end
339,pkw,515.0,,1285.0,,653.167,100.0,1197.0,88.0,1222.752,,,0.9315,0.0685,,False,on_map_at_end
340,pkw,516.0,,1284.0,,1032.594,100.0,1092.0,192.0,1144.013,,,0.8505,0.1495,,False,on_map_at_end
344,pkw,527.0,,1273.0,,645.666,100.0,1185.0,88.0,1210.891,,,0.9309,0.0691,,False,on_map_at_end
354,pkw,540.0,,1260.0,,1041.945,100.0,1124.0,136.0,1160.043,,,0.8921,0.1079,,False,on_map_at_end
359,pkw,543.0,,1257.0,,834.894,99.0,1104.0,153.0,1142.501,,,0.8783,0.1217,,False,on_map_at_end
361,pkw,544.0,,1256.0,,623.695,100.0,1170.0,86.0,1197.083,,,0.9315,0.0685,,False,on_map_at_end
364,pkw,546.0,,1254.0,,2486.579,38.0,926.0,328.0,1027.224,,,0.7384,0.2616,,False,on_map_at_end
369,pkw,550.0,,1250.0,,1578.195,100.0,1047.0,203.0,1093.697,,,0.8376,0.1624,,False,on_map_at_end
370,pkw,552.0,,1248.0,,2120.125,92.0,995.0,253.0,1056.757,,,0.7973,0.2027,,False,on_map_at_end
372,pkw,556.0,,1244.0,,355.567,96.0,1192.0,52.0,1211.999,,,0.9582,0.0418,,False,on_map_at_end
375,pkw,561.0,,1239.0,,1429.119,66.0,917.0,322.0,942.99,,,0.7401,0.2599,,False,on_map_at_end
384,pkw,573.0,,1227.0,,833.906,98.0,1119.0,108.0,1151.948,,,0.912,0.088,,False,on_map_at_end
387,pkw,579.0,,1221.0,,2081.537,100.0,951.0,270.0,1033.66,,,0.7789,0.2211,,False,on_map_at_end
396,pkw,591.0,,1209.0,,1521.882,11.0,1019.0,190.0,1071.187,,,0.8428,0.1572,,False,on_map_at_end
398,pkw,594.0,,1206.0,,630.664,100.0,1127.0,79.0,1145.725,,,0.9345,0.0655,,False,on_map_at_end
401,pkw,599.0,,1201.0,,1330.78,56.0,879.0,322.0,897.048,,,0.7319,0.2681,,False,on_map_at_end
404,pkw,602.0,,1198.0,,1264.513,100.0,1019.0,179.0,1073.977,,,0.8506,0.1494,,False,on_map_at_end
408,pkw,603.0,,1197.0,,1338.696,94.0,1020.0,177.0,1074.48,,,0.8521,0.1479,,False,on_map_at_end
409,pkw,603.0,,1197.0,,1570.694,91.0,969.0,228.0,1031.792,,,0.8095,0.1905,,False,on_map_at_end
410,pkw,604.0,,1196.0,,2045.22,100.0,933.0,263.0,990.592,,,0.7801,0.2199,,False,on_map_at_end
414,pkw,608.0,,1192.0,,2198.861,100.0,942.0,250.0,991.053,,,0.7903,0.2097,,False,on_map_at_end
418,pkw,610.0,,1190.0,,576.693,100.0,1089.0,101.0,1136.301,,,0.9151,0.0849,,False,on_map_at_end
419,pkw,611.0,,1189.0,,589.632,100.0,1087.0,102.0,1131.244,,,0.9142,0.0858,,False,on_map_at_end
422,pkw,613.0,,1187.0,,2206.362,91.0,932.0,255.0,984.315,,,0.7852,0.2148,,False,on_map_at_end
424,pkw,613.0,,1187.0,,346.229,98.0,1129.0,58.0,1155.693,,,0.9511,0.0489,,False,on_map_at_end
429,pkw,615.0,,1185.0,,795.719,100.0,1076.0,109.0,1113.385,,,0.908,0.092,,False,on_map_at_end
430,pkw,615.0,,1185.0,,2024.868,100.0,961.0,224.0,1002.437,,,0.811,0.189,,False,on_map_at_end
431,pkw,617.0,,1183.0,,338.728,97.0,1122.0,61.0,1152.23,,,0.9484,0.0516,,False,on_map_at_end
435,pkw,623.0,,1177.0,,331.227,97.0,1116.0,61.0,1146.139,,,0.9482,0.0518,,False,on_map_at_end
436,pkw,619.0,,1181.0,,693.493,98.0,1084.0,97.0,1118.216,,,0.9179,0.0821,,False,on_map_at_end
439,pkw,621.0,,1179.0,,2272.024,72.0,902.0,277.0,967.434,,,0.7651,0.2349,,False,on_map_at_end
440,pkw,621.0,,1179.0,,724.228,100.0,1076.0,103.0,1113.545,,,0.9126,0.0874,,False,on_map_at_end
442,pkw,622.0,,1178.0,,496.745,98.0,1104.0,74.0,1131.993,,,0.9372,0.0628,,False,on_map_at_end
443,pkw,622.0,,1178.0,,2248.047,35.0,892.0,286.0,974.702,,,0.7572,0.2428,,False,on_map_at_end
446,pkw,624.0,,1176.0,,1356.188,18.0,992.0,184.0,1053.273,,,0.8435,0.1565,,False,on_map_at_end
447,pkw,625.0,,1175.0,,1336.803,16.0,984.0,191.0,1054.03,,,0.8374,0.1626,,False,on_map_at_end
448,pkw,625.0,,1175.0,,696.61,100.0,1081.0,94.0,1112.305,,,0.92,0.08,,False,on_map_at_end
449,pkw,625.0,,1175.0,,2218.039,37.0,881.0,294.0,973.522,,,0.7498,0.2502,,False,on_map_at_end
450,pkw,627.0,,1173.0,,773.215,100.0,1062.0,111.0,1103.41,,,0.9054,0.0946,,False,on_map_at_end
451,pkw,627.0,,1173.0,,984.948,91.0,1050.0,123.0,1092.996,,,0.8951,0.1049,,False,on_map_at_end
452,pkw,628.0,,1172.0,,1308.945,16.0,983.0,189.0,1053.059,,,0.8387,0.1613,,False,on_map_at_end
457,pkw,632.0,,1168.0,,1176.948,100.0,1004.0,164.0,1062.074,,,0.8596,0.1404,,False,on_map_at_end
458,pkw,632.0,,1168.0,,1817.533,91.0,946.0,222.0,1000.637,,,0.8099,0.1901,,False,on_map_at_end
459,pkw,633.0,,1167.0,,1011.941,100.0,1021.0,146.0,1069.063,,,0.8749,0.1251,,False,on_map_at_end
462,pkw,634.0,,1166.0,,2207.189,89.0,892.0,274.0,952.518,,,0.765,0.235,,False,on_map_at_end
466,pkw,636.0,,1164.0,,647.804,100.0,1063.0,101.0,1105.316,,,0.9132,0.0868,,False,on_map_at_end
468,pkw,638.0,,1162.0,,1676.898,36.0,901.0,261.0,996.393,,,0.7754,0.2246,,False,on_map_at_end
472,pkw,639.0,,1161.0,,795.223,26.0,1028.0,133.0,1088.49,,,0.8854,0.1146,,False,on_map_at_end
477,pkw,643.0,,1157.0,,607.539,100.0,1080.0,77.0,1100.33,,,0.9334,0.0666,,False,on_map_at_end
480,pkw,646.0,,1154.0,,472.805,100.0,1079.0,75.0,1105.647,,,0.935,0.065,,False,on_map_at_end
485,pkw,649.0,,1151.0,,326.169,100.0,1087.0,64.0,1110.251,,,0.9444,0.0556,,False,on_map_at_end
487,pkw,651.0,,1149.0,,957.583,100.0,969.0,180.0,1019.843,,,0.8433,0.1567,,False,on_map_at_end
488,pkw,652.0,,1148.0,,488.403,100.0,1052.0,96.0,1097.782,,,0.9164,0.0836,,False,on_map_at_end
49,pkw,87.0,,1713.0,,2212.669,65.0,1407.0,306.0,1434.129,,,0.8214,0.1786,,False,on_map_at_end
491,pkw,656.0,,1144.0,,735.71,100.0,1041.0,103.0,1077.785,,,0.91,0.09,,False,on_map_at_end
492,pkw,656.0,,1144.0,,998.517,17.0,985.0,159.0,1052.97,,,0.861,0.139,,False,on_map_at_end
494,pkw,659.0,,1141.0,,600.038,100.0,1067.0,74.0,1085.291,,,0.9351,0.0649,,False,on_map_at_end
496,pkw,660.0,,1140.0,,2183.046,35.0,845.0,295.0,939.8,,,0.7412,0.2588,,False,on_map_at_end
500,pkw,664.0,,1136.0,,1144.549,22.0,960.0,176.0,1032.72,,,0.8451,0.1549,,False,on_map_at_end
504,pkw,666.0,,1134.0,,996.939,100.0,1000.0,134.0,1039.412,,,0.8818,0.1182,,False,on_map_at_end
506,pkw,667.0,,1133.0,,480.902,100.0,1040.0,93.0,1085.276,,,0.9179,0.0821,,False,on_map_at_end
508,pkw,669.0,,1131.0,,981.937,100.0,989.0,142.0,1035.605,,,0.8744,0.1256,,False,on_map_at_end
509,pkw,669.0,,1131.0,,1267.512,100.0,969.0,162.0,1007.365,,,0.8568,0.1432,,False,on_map_at_end
511,pkw,672.0,,1128.0,,592.537,100.0,1055.0,73.0,1074.081,,,0.9353,0.0647,,False,on_map_at_end
512,pkw,673.0,,1127.0,,585.036,100.0,1056.0,71.0,1073.481,,,0.937,0.063,,False,on_map_at_end
514,pkw,675.0,,1125.0,,436.287,100.0,1042.0,83.0,1073.339,,,0.9262,0.0738,,False,on_map_at_end
515,pkw,676.0,,1124.0,,739.359,100.0,1016.0,108.0,1052.469,,,0.9039,0.0961,,False,on_map_at_end
517,pkw,680.0,,1120.0,,561.38,100.0,1014.0,106.0,1060.24,,,0.9054,0.0946,,False,on_map_at_end
520,pkw,682.0,,1118.0,,577.535,100.0,1044.0,74.0,1065.214,,,0.9338,0.0662,,False,on_map_at_end
523,pkw,684.0,,1116.0,,974.436,100.0,974.0,142.0,1019.056,,,0.8728,0.1272,,False,on_map_at_end
526,pkw,685.0,,1115.0,,966.934,100.0,973.0,142.0,1023.538,,,0.8726,0.1274,,False,on_map_at_end
529,pkw,686.0,,1114.0,,2179.432,36.0,829.0,285.0,915.901,,,0.7442,0.2558,,False,on_map_at_end
530,pkw,687.0,,1113.0,,552.409,100.0,1041.0,72.0,1063.283,,,0.9353,0.0647,,False,on_map_at_end
532,pkw,687.0,,1113.0,,318.668,100.0,1046.0,67.0,1073.427,,,0.9398,0.0602,,False,on_map_at_end
533,pkw,689.0,,1111.0,,890.601,100.0,990.0,121.0,1023.573,,,0.8911,0.1089,,False,on_map_at_end
534,pkw,689.0,,1111.0,,349.321,100.0,1044.0,67.0,1079.561,,,0.9397,0.0603,,False,on_map_at_end
539,pkw,691.0,,1109.0,,1542.465,35.0,882.0,227.0,966.214,,,0.7953,0.2047,,False,on_map_at_end
540,pkw,691.0,,1109.0,,1540.69,90.0,890.0,219.0,957.881,,,0.8025,0.1975,,False,on_map_at_end
547,pkw,696.0,,1104.0,,602.798,100.0,1013.0,91.0,1049.39,,,0.9176,0.0824,,False,on_map_at_end
552,pkw,700.0,,1100.0,,421.285,100.0,1014.0,86.0,1052.64,,,0.9218,0.0782,,False,on_map_at_end
553,pkw,700.0,,1100.0,,1631.879,36.0,854.0,246.0,942.396,,,0.7764,0.2236,,False,on_map_at_end
555,pkw,701.0,,1099.0,,951.932,100.0,964.0,135.0,1010.089,,,0.8772,0.1228,,False,on_map_at_end
558,pkw,701.0,,1099.0,,606.597,100.0,1006.0,93.0,1044.406,,,0.9154,0.0846,,False,on_map_at_end
560,pkw,703.0,,1097.0,,2151.607,100.0,831.0,266.0,902.454,,,0.7575,0.2425,,False,on_map_at_end
564,pkw,706.0,,1094.0,,544.908,100.0,1018.0,76.0,1044.958,,,0.9305,0.0695,,False,on_map_at_end
565,pkw,708.0,,1092.0,,537.407,100.0,1017.0,75.0,1043.633,,,0.9313,0.0687,,False,on_map_at_end
566,pkw,708.0,,1092.0,,1117.719,22.0,926.0,166.0,990.314,,,0.848,0.152,,False,on_map_at_end
568,pkw,709.0,,1091.0,,529.906,100.0,1014.0,77.0,1043.308,,,0.9294,0.0706,,False,on_map_at_end
569,pkw,709.0,,1091.0,,694.353,100.0,987.0,104.0,1025.143,,,0.9047,0.0953,,False,on_map_at_end
572,pkw,711.0,,1089.0,,303.666,100.0,1018.0,71.0,1049.932,,,0.9348,0.0652,,False,on_map_at_end
573,pkw,712.0,,1088.0,,629.044,100.0,985.0,103.0,1028.918,,,0.9053,0.0947,,False,on_map_at_end
575,pkw,713.0,,1087.0,,559.628,100.0,996.0,91.0,1031.581,,,0.9163,0.0837,,False,on_map_at_end
577,pkw,715.0,,1085.0,,715.26,95.0,977.0,108.0,1017.048,,,0.9005,0.0995,,False,on_map_at_end
580,pkw,717.0,,1083.0,,435.896,100.0,1000.0,83.0,1038.105,,,0.9234,0.0766,,False,on_map_at_end
585,pkw,720.0,,1080.0,,591.595,100.0,983.0,97.0,1026.756,,,0.9102,0.0898,,False,on_map_at_end
589,pkw,722.0,,1078.0,,522.405,100.0,1003.0,75.0,1030.983,,,0.9304,0.0696,,False,on_map_at_end
590,pkw,723.0,,1077.0,,413.784,100.0,995.0,82.0,1031.42,,,0.9239,0.0761,,False,on_map_at_end
594,pkw,728.0,,1072.0,,557.792,100.0,984.0,88.0,1021.47,,,0.9179,0.0821,,False,on_map_at_end
602,pkw,734.0,,1066.0,,552.517,97.0,955.0,111.0,995.444,,,0.8959,0.1041,,False,on_map_at_end
603,pkw,734.0,,1066.0,,837.406,33.0,906.0,160.0,987.235,,,0.8499,0.1501,,False,on_map_at_end
607,pkw,736.0,,1064.0,,398.391,100.0,983.0,81.0,1022.766,,,0.9239,0.0761,,False,on_map_at_end
610,pkw,737.0,,1063.0,,1406.159,89.0,863.0,200.0,922.77,,,0.8119,0.1881,,False,on_map_at_end
614,pkw,738.0,,1062.0,,1301.191,90.0,886.0,176.0,942.293,,,0.8343,0.1657,,False,on_map_at_end
615,pkw,739.0,,1061.0,,514.904,100.0,984.0,77.0,1014.658,,,0.9274,0.0726,,False,on_map_at_end
616,pkw,740.0,,1060.0,,2290.778,88.0,795.0,265.0,851.651,,,0.75,0.25,,False,on_map_at_end
618,pkw,740.0,,1060.0,,1926.874,100.0,796.0,264.0,870.53,,,0.7509,0.2491,,False,on_map_at_end
619,pkw,741.0,,1059.0,,1972.58,100.0,803.0,256.0,880.701,,,0.7583,0.2417,,False,on_map_at_end
620,pkw,742.0,,1058.0,,2230.191,38.0,761.0,297.0,856.013,,,0.7193,0.2807,,False,on_map_at_end
622,pkw,743.0,,1057.0,,507.403,100.0,983.0,74.0,1011.333,,,0.93,0.07,,False,on_map_at_end
623,pkw,743.0,,1057.0,,1423.937,100.0,874.0,183.0,928.79,,,0.8269,0.1731,,False,on_map_at_end
625,pkw,744.0,,1056.0,,499.902,100.0,979.0,77.0,1011.008,,,0.9271,0.0729,,False,on_map_at_end
629,pkw,748.0,,1052.0,,685.256,93.0,944.0,108.0,986.236,,,0.8973,0.1027,,False,on_map_at_end
630,pkw,748.0,,1052.0,,677.755,92.0,940.0,112.0,986.105,,,0.8935,0.1065,,False,on_map_at_end
638,pkw,752.0,,1048.0,,1877.324,100.0,792.0,256.0,878.677,,,0.7557,0.2443,,False,on_map_at_end
639,pkw,753.0,,1047.0,,584.038,95.0,956.0,91.0,993.356,,,0.9131,0.0869,,False,on_map_at_end
642,pkw,754.0,,1046.0,,323.539,95.0,971.0,75.0,1011.49,,,0.9283,0.0717,,False,on_map_at_end
649,pkw,762.0,,1038.0,,1869.823,100.0,782.0,256.0,869.003,,,0.7534,0.2466,,False,on_map_at_end
650,pkw,763.0,,1037.0,,492.401,100.0,959.0,78.0,992.684,,,0.9248,0.0752,,False,on_map_at_end
653,pkw,766.0,,1034.0,,2350.075,86.0,728.0,306.0,792.159,,,0.7041,0.2959,,False,on_map_at_end
656,pkw,768.0,,1032.0,,2178.687,42.0,746.0,286.0,834.868,,,0.7229,0.2771,,False,on_map_at_end
657,pkw,769.0,,1031.0,,2165.687,43.0,747.0,284.0,835.056,,,0.7245,0.2755,,False,on_map_at_end
658,pkw,769.0,,1031.0,,406.283,100.0,945.0,86.0,975.703,,,0.9166,0.0834,,False,on_map_at_end
663,pkw,771.0,,1029.0,,484.9,100.0,952.0,77.0,985.359,,,0.9252,0.0748,,False,on_map_at_end
665,pkw,772.0,,1028.0,,2281.595,49.0,741.0,287.0,819.75,,,0.7208,0.2792,,False,on_map_at_end
666,pkw,773.0,,1027.0,,888.806,100.0,868.0,159.0,946.618,,,0.8452,0.1548,,False,on_map_at_end
667,pkw,773.0,,1027.0,,1925.456,100.0,750.0,277.0,848.28,,,0.7303,0.2697,,False,on_map_at_end
669,pkw,775.0,,1025.0,,1161.542,100.0,817.0,208.0,904.564,,,0.7971,0.2029,,False,on_map_at_end
670,pkw,776.0,,1024.0,,626.844,90.0,915.0,109.0,962.881,,,0.8936,0.1064,,False,on_map_at_end
671,pkw,776.0,,1024.0,,807.807,95.0,894.0,130.0,944.69,,,0.873,0.127,,False,on_map_at_end
673,pkw,780.0,,1020.0,,935.08,100.0,850.0,170.0,900.745,,,0.8333,0.1667,,False,on_map_at_end
675,pkw,780.0,,1020.0,,1546.926,100.0,811.0,209.0,880.589,,,0.7951,0.2049,,False,on_map_at_end
677,pkw,781.0,,1019.0,,1172.475,100.0,821.0,198.0,891.839,,,0.8057,0.1943,,False,on_map_at_end
68,pkw,118.0,,1682.0,,755.049,100.0,1577.0,105.0,1608.18,,,0.9376,0.0624,,False,on_map_at_end
680,pkw,782.0,,1018.0,,944.431,100.0,883.0,135.0,925.965,,,0.8674,0.1326,,False,on_map_at_end
683,pkw,783.0,,1017.0,,398.782,100.0,934.0,83.0,967.035,,,0.9184,0.0816,,False,on_map_at_end
684,pkw,784.0,,1016.0,,391.281,100.0,932.0,84.0,967.651,,,0.9173,0.0827,,False,on_map_at_end
691,pkw,791.0,,1009.0,,477.399,100.0,929.0,80.0,966.034,,,0.9207,0.0793,,False,on_map_at_end
70,pkw,123.0,,1677.0,,1041.557,93.0,1547.0,130.0,1583.259,,,0.9225,0.0775,,False,on_map_at_end
700,pkw,795.0,,1005.0,,1690.488,41.0,748.0,257.0,833.663,,,0.7443,0.2557,,False,on_map_at_end
704,pkw,798.0,,1002.0,,925.498,88.0,842.0,160.0,913.12,,,0.8403,0.1597,,False,on_map_at_end
709,pkw,802.0,,998.0,,529.201,88.0,897.0,101.0,950.05,,,0.8988,0.1012,,False,on_map_at_end
71,pkw,124.0,,1676.0,,779.348,95.0,1565.0,111.0,1599.736,,,0.9338,0.0662,,False,on_map_at_end
713,pkw,805.0,,995.0,,965.803,34.0,844.0,151.0,907.535,,,0.8482,0.1518,,False,on_map_at_end
714,pkw,805.0,,995.0,,469.898,100.0,916.0,79.0,952.709,,,0.9206,0.0794,,False,on_map_at_end
715,pkw,806.0,,994.0,,426.073,32.0,877.0,117.0,955.374,,,0.8823,0.1177,,False,on_map_at_end
716,pkw,807.0,,993.0,,278.533,89.0,910.0,83.0,961.872,,,0.9164,0.0836,,False,on_map_at_end
717,pkw,807.0,,993.0,,890.469,100.0,844.0,149.0,905.984,,,0.8499,0.1501,,False,on_map_at_end
718,pkw,808.0,,992.0,,462.396,100.0,913.0,79.0,950.384,,,0.9204,0.0796,,False,on_map_at_end
720,pkw,809.0,,991.0,,454.895,100.0,910.0,81.0,950.059,,,0.9183,0.0817,,False,on_map_at_end
722,pkw,811.0,,989.0,,447.394,100.0,908.0,81.0,948.734,,,0.9181,0.0819,,False,on_map_at_end
723,pkw,812.0,,988.0,,439.893,100.0,904.0,84.0,944.694,,,0.915,0.085,,False,on_map_at_end
725,pkw,811.0,,989.0,,882.968,100.0,837.0,152.0,902.276,,,0.8463,0.1537,,False,on_map_at_end
726,pkw,811.0,,989.0,,813.189,25.0,870.0,119.0,915.482,,,0.8797,0.1203,,False,on_map_at_end
729,pkw,812.0,,988.0,,1652.956,44.0,749.0,239.0,822.501,,,0.7581,0.2419,,False,on_map_at_end
732,pkw,815.0,,985.0,,897.575,100.0,810.0,175.0,850.508,,,0.8223,0.1777,,False,on_map_at_end
735,pkw,816.0,,984.0,,271.032,89.0,900.0,84.0,953.585,,,0.9146,0.0854,,False,on_map_at_end
738,pkw,822.0,,978.0,,432.392,100.0,900.0,78.0,939.084,,,0.9202,0.0798,,False,on_map_at_end
740,pkw,823.0,,977.0,,1313.513,100.0,793.0,184.0,858.783,,,0.8117,0.1883,,False,on_map_at_end
742,pkw,823.0,,977.0,,424.891,100.0,898.0,79.0,938.759,,,0.9191,0.0809,,False,on_map_at_end
747,pkw,825.0,,975.0,,784.259,35.0,831.0,144.0,904.416,,,0.8523,0.1477,,False,on_map_at_end
75,pkw,134.0,,1666.0,,792.098,100.0,1557.0,109.0,1586.848,,,0.9346,0.0654,,False,on_map_at_end
750,pkw,829.0,,971.0,,1633.109,100.0,739.0,232.0,823.209,,,0.7611,0.2389,,False,on_map_at_end
751,pkw,829.0,,971.0,,2049.511,48.0,712.0,259.0,785.572,,,0.7333,0.2667,,False,on_map_at_end
753,pkw,830.0,,970.0,,929.429,100.0,836.0,134.0,882.378,,,0.8619,0.1381,,False,on_map_at_end
754,pkw,831.0,,969.0,,417.39,100.0,891.0,78.0,931.435,,,0.9195,0.0805,,False,on_map_at_end
756,pkw,831.0,,969.0,,866.303,100.0,796.0,173.0,890.066,,,0.8215,0.1785,,False,on_map_at_end
761,pkw,836.0,,964.0,,753.516,95.0,872.0,92.0,895.911,,,0.9046,0.0954,,False,on_map_at_end
765,pkw,839.0,,961.0,,409.889,100.0,881.0,80.0,924.11,,,0.9168,0.0832,,False,on_map_at_end
768,pkw,840.0,,960.0,,256.03,87.0,880.0,80.0,931.369,,,0.9167,0.0833,,False,on_map_at_end
769,pkw,840.0,,960.0,,1131.038,100.0,770.0,190.0,857.707,,,0.8021,0.1979,,False,on_map_at_end
771,pkw,842.0,,958.0,,872.419,100.0,811.0,147.0,849.116,,,0.8466,0.1534,,False,on_map_at_end
776,pkw,845.0,,955.0,,402.388,100.0,874.0,81.0,918.785,,,0.9152,0.0848,,False,on_map_at_end
777,pkw,845.0,,955.0,,241.028,91.0,894.0,61.0,920.212,,,0.9361,0.0639,,False,on_map_at_end
778,pkw,845.0,,955.0,,1906.327,88.0,738.0,217.0,782.16,,,0.7728,0.2272,,False,on_map_at_end
779,pkw,846.0,,954.0,,858.802,100.0,786.0,168.0,876.182,,,0.8239,0.1761,,False,on_map_at_end
781,pkw,846.0,,954.0,,921.928,100.0,818.0,136.0,865.104,,,0.8574,0.1426,,False,on_map_at_end
782,pkw,847.0,,953.0,,1281.117,100.0,734.0,219.0,823.554,,,0.7702,0.2298,,False,on_map_at_end
783,pkw,847.0,,953.0,,394.887,100.0,871.0,82.0,913.895,,,0.914,0.086,,False,on_map_at_end
785,pkw,849.0,,951.0,,914.427,100.0,812.0,139.0,864.492,,,0.8538,0.1462,,False,on_map_at_end
786,pkw,851.0,,949.0,,387.386,100.0,870.0,79.0,914.135,,,0.9168,0.0832,,False,on_map_at_end
791,pkw,855.0,,945.0,,2105.346,87.0,704.0,241.0,750.779,,,0.745,0.255,,False,on_map_at_end
794,pkw,856.0,,944.0,,1782.059,100.0,689.0,255.0,781.996,,,0.7299,0.2701,,False,on_map_at_end
796,pkw,856.0,,944.0,,1785.17,100.0,691.0,253.0,783.144,,,0.732,0.268,,False,on_map_at_end
799,pkw,861.0,,939.0,,1640.93,94.0,743.0,196.0,790.784,,,0.7913,0.2087,,False,on_map_at_end
80,pkw,140.0,,1660.0,,773.979,100.0,1540.0,120.0,1573.156,,,0.9277,0.0723,,False,on_map_at_end
803,pkw,863.0,,937.0,,308.379,86.0,867.0,70.0,899.658,,,0.9253,0.0747,,False,on_map_at_end
813,pkw,877.0,,923.0,,851.301,100.0,749.0,174.0,845.694,,,0.8115,0.1885,,False,on_map_at_end
814,pkw,877.0,,923.0,,383.78,100.0,852.0,71.0,884.906,,,0.9231,0.0769,,False,on_map_at_end
815,pkw,878.0,,922.0,,1268.892,100.0,716.0,206.0,807.799,,,0.7766,0.2234,,False,on_map_at_end
816,pkw,879.0,,921.0,,2059.034,100.0,638.0,283.0,735.503,,,0.6927,0.3073,,False,on_map_at_end
827,pkw,887.0,,913.0,,379.885,100.0,830.0,83.0,877.07,,,0.9091,0.0909,,False,on_map_at_end
829,pkw,890.0,,910.0,,2871.086,100.0,559.0,351.0,608.279,,,0.6143,0.3857,,False,on_map_at_end
83,pkw,145.0,,1655.0,,766.478,100.0,1536.0,119.0,1576.238,,,0.9281,0.0719,,False,on_map_at_end
830,pkw,890.0,,910.0,,792.955,100.0,743.0,167.0,833.853,,,0.8165,0.1835,,False,on_map_at_end
834,pkw,891.0,,909.0,,1782.933,100.0,656.0,253.0,746.438,,,0.7217,0.2783,,False,on_map_at_end
837,pkw,894.0,,906.0,,372.384,100.0,827.0,79.0,872.485,,,0.9128,0.0872,,False,on_map_at_end
839,pkw,898.0,,902.0,,463.866,100.0,810.0,92.0,852.129,,,0.898,0.102,,False,on_map_at_end
841,pkw,899.0,,901.0,,732.386,40.0,757.0,144.0,833.829,,,0.8402,0.1598,,False,on_map_at_end
842,pkw,899.0,,901.0,,371.289,36.0,793.0,108.0,867.276,,,0.8801,0.1199,,False,on_map_at_end
844,pkw,901.0,,899.0,,364.883,100.0,821.0,78.0,866.16,,,0.9132,0.0868,,False,on_map_at_end
846,pkw,902.0,,898.0,,1041.958,100.0,693.0,205.0,793.035,,,0.7717,0.2283,,False,on_map_at_end
849,pkw,903.0,,897.0,,1116.141,100.0,700.0,197.0,791.822,,,0.7804,0.2196,,False,on_map_at_end
850,pkw,903.0,,897.0,,1325.636,100.0,654.0,243.0,764.409,,,0.7291,0.2709,,False,on_map_at_end
851,pkw,904.0,,896.0,,1812.941,100.0,641.0,255.0,729.442,,,0.7154,0.2846,,False,on_map_at_end
852,pkw,904.0,,896.0,,1623.952,100.0,672.0,224.0,749.083,,,0.75,0.25,,False,on_map_at_end
862,pkw,910.0,,890.0,,849.916,100.0,734.0,156.0,783.601,,,0.8247,0.1753,,False,on_map_at_end
863,pkw,911.0,,889.0,,2050.099,100.0,595.0,294.0,703.551,,,0.6693,0.3307,,False,on_map_at_end
871,pkw,918.0,,882.0,,671.585,45.0,754.0,128.0,821.096,,,0.8549,0.1451,,False,on_map_at_end
881,pkw,919.0,,881.0,,1122.109,100.0,696.0,185.0,768.361,,,0.79,0.21,,False,on_map_at_end
882,pkw,919.0,,881.0,,1633.429,93.0,678.0,203.0,733.663,,,0.7696,0.2304,,False,on_map_at_end
885,pkw,921.0,,879.0,,2154.682,87.0,614.0,265.0,679.481,,,0.6985,0.3015,,False,on_map_at_end
887,pkw,921.0,,879.0,,288.69,100.0,837.0,42.0,852.008,,,0.9522,0.0478,,False,on_map_at_end
889,pkw,922.0,,878.0,,644.367,90.0,791.0,87.0,812.998,,,0.9009,0.0991,,False,on_map_at_end
891,pkw,924.0,,876.0,,663.287,48.0,749.0,127.0,816.049,,,0.855,0.145,,False,on_map_at_end
895,pkw,925.0,,875.0,,813.796,100.0,705.0,170.0,801.412,,,0.8057,0.1943,,False,on_map_at_end
899,pkw,927.0,,873.0,,1625.928,90.0,670.0,203.0,726.377,,,0.7675,0.2325,,False,on_map_at_end
900,pkw,928.0,,872.0,,859.267,100.0,760.0,112.0,791.332,,,0.8716,0.1284,,False,on_map_at_end
902,pkw,928.0,,872.0,,2699.994,85.0,557.0,315.0,603.227,,,0.6388,0.3612,,False,on_map_at_end
903,pkw,930.0,,870.0,,2600.718,23.0,525.0,345.0,634.369,,,0.6034,0.3966,,False,on_map_at_end
904,pkw,932.0,,868.0,,357.382,100.0,790.0,78.0,835.835,,,0.9101,0.0899,,False,on_map_at_end
911,pkw,934.0,,866.0,,2127.499,91.0,602.0,264.0,658.407,,,0.6952,0.3048,,False,on_map_at_end
913,pkw,935.0,,865.0,,2579.148,21.0,522.0,343.0,631.546,,,0.6035,0.3965,,False,on_map_at_end
914,pkw,935.0,,865.0,,370.408,100.0,802.0,63.0,826.007,,,0.9272,0.0728,,False,on_map_at_end
916,pkw,936.0,,864.0,,1603.424,87.0,650.0,214.0,718.892,,,0.7523,0.2477,,False,on_map_at_end
918,pkw,938.0,,862.0,,900.177,100.0,672.0,190.0,769.491,,,0.7796,0.2204,,False,on_map_at_end
919,pkw,938.0,,862.0,,1366.262,58.0,650.0,212.0,729.549,,,0.7541,0.2459,,False,on_map_at_end
920,pkw,939.0,,861.0,,760.637,95.0,747.0,114.0,775.832,,,0.8676,0.1324,,False,on_map_at_end
932,pkw,943.0,,857.0,,349.881,100.0,781.0,76.0,825.51,,,0.9113,0.0887,,False,on_map_at_end
937,pkw,946.0,,854.0,,1299.842,53.0,664.0,190.0,731.449,,,0.7775,0.2225,,False,on_map_at_end
939,pkw,949.0,,851.0,,342.38,100.0,775.0,76.0,820.185,,,0.9107,0.0893,,False,on_map_at_end
944,pkw,951.0,,849.0,,1409.474,100.0,634.0,215.0,710.27,,,0.7468,0.2532,,False,on_map_at_end
951,pkw,956.0,,844.0,,376.279,100.0,767.0,77.0,801.047,,,0.9088,0.0912,,False,on_map_at_end
952,pkw,956.0,,844.0,,1386.03,100.0,618.0,226.0,717.571,,,0.7322,0.2678,,False,on_map_at_end
956,pkw,958.0,,842.0,,1778.569,95.0,649.0,193.0,681.389,,,0.7708,0.2292,,False,on_map_at_end
959,pkw,960.0,,840.0,,2611.803,82.0,549.0,291.0,601.018,,,0.6536,0.3464,,False,on_map_at_end
960,pkw,960.0,,840.0,,334.879,100.0,774.0,66.0,809.861,,,0.9214,0.0786,,False,on_map_at_end
963,pkw,964.0,,836.0,,844.265,100.0,719.0,117.0,753.478,,,0.86,0.14,,False,on_map_at_end
964,pkw,964.0,,836.0,,1212.318,94.0,676.0,160.0,716.687,,,0.8086,0.1914,,False,on_map_at_end
968,pkw,965.0,,835.0,,1019.455,100.0,641.0,194.0,722.643,,,0.7677,0.2323,,False,on_map_at_end
969,pkw,966.0,,834.0,,2473.999,100.0,551.0,283.0,600.984,,,0.6607,0.3393,,False,on_map_at_end
970,pkw,966.0,,834.0,,836.764,100.0,710.0,124.0,748.584,,,0.8513,0.1487,,False,on_map_at_end
971,pkw,967.0,,833.0,,327.378,100.0,767.0,66.0,803.536,,,0.9208,0.0792,,False,on_map_at_end
972,pkw,967.0,,833.0,,661.104,96.0,746.0,87.0,767.674,,,0.8956,0.1044,,False,on_map_at_end
975,pkw,975.0,,825.0,,1783.467,94.0,626.0,199.0,662.003,,,0.7588,0.2412,,False,on_map_at_end
976,pkw,969.0,,831.0,,829.263,100.0,706.0,125.0,753.583,,,0.8496,0.1504,,False,on_map_at_end
980,pkw,972.0,,828.0,,319.877,100.0,763.0,65.0,799.211,,,0.9215,0.0785,,False,on_map_at_end
981,pkw,973.0,,827.0,,1232.186,60.0,645.0,182.0,712.462,,,0.7799,0.2201,,False,on_map_at_end
985,pkw,975.0,,825.0,,368.778,100.0,747.0,78.0,781.12,,,0.9055,0.0945,,False,on_map_at_end
989,pkw,978.0,,822.0,,1595.923,87.0,612.0,210.0,678.014,,,0.7445,0.2555,,False,on_map_at_end
991,pkw,980.0,,820.0,,361.277,100.0,744.0,76.0,781.555,,,0.9073,0.0927,,False,on_map_at_end
996,pkw,984.0,,816.0,,806.76,100.0,691.0,125.0,736.858,,,0.8468,0.1532,,False,on_map_at_end
