step:3600/3600, q_loss:0, rewards:-57.74109157986111, queue:1.8815104166666667, delay:0.069838990105523, throughput:1426
episode:0/200, real avg travel time:300.36605890603084
intersection:0, mean_episode_reward:-3.359443187713623, mean_queue:3.5250000953674316
intersection:1, mean_episode_reward:-3.075554370880127, mean_queue:3.25
intersection:2, mean_episode_reward:-4.778053283691406, mean_queue:4.9666666984558105
intersection:3, mean_episode_reward:-3.873887538909912, mean_queue:4.047222137451172
intersection:4, mean_episode_reward:-2.9049997329711914, mean_queue:3.049999952316284
intersection:5, mean_episode_reward:-2.942776918411255, mean_queue:3.0999999046325684
intersection:6, mean_episode_reward:-2.8613874912261963, mean_queue:3.0166666507720947
intersection:7, mean_episode_reward:-3.0461106300354004, mean_queue:3.152777671813965
intersection:8, mean_episode_reward:-3.9880545139312744, mean_queue:4.155555725097656
intersection:9, mean_episode_reward:-3.408889055252075, mean_queue:3.569444417953491
intersection:10, mean_episode_reward:-2.6949989795684814, mean_queue:2.86388897895813
intersection:11, mean_episode_reward:-4.212498188018799, mean_queue:4.338889122009277
intersection:12, mean_episode_reward:-6.212219715118408, mean_queue:6.347222328186035
intersection:13, mean_episode_reward:-4.664165019989014, mean_queue:4.838889122009277
intersection:14, mean_episode_reward:-3.050832509994507, mean_queue:3.1861112117767334
intersection:15, mean_episode_reward:-2.6672215461730957, mean_queue:2.799999952316284
intersection:16, mean_episode_reward:0.0, mean_queue:0.0
intersection:17, mean_episode_reward:0.0, mean_queue:0.0
intersection:18, mean_episode_reward:0.0, mean_queue:0.0
intersection:19, mean_episode_reward:0.0, mean_queue:0.0
intersection:20, mean_episode_reward:0.0, mean_queue:0.0
intersection:21, mean_episode_reward:0.0, mean_queue:0.0
intersection:22, mean_episode_reward:0.0, mean_queue:0.0
intersection:23, mean_episode_reward:0.0, mean_queue:0.0
intersection:24, mean_episode_reward:0.0, mean_queue:0.0
intersection:25, mean_episode_reward:0.0, mean_queue:0.0
intersection:26, mean_episode_reward:0.0, mean_queue:0.0
intersection:27, mean_episode_reward:0.0, mean_queue:0.0
intersection:28, mean_episode_reward:0.0, mean_queue:0.0
intersection:29, mean_episode_reward:0.0, mean_queue:0.0
intersection:30, mean_episode_reward:0.0, mean_queue:0.0
intersection:31, mean_episode_reward:0.0, mean_queue:0.0
Test step:0/200, travel time :774.269035532995, rewards:-431.1341579861111, queue:13.504947916666667, delay:0.17084573109944662, throughput:591
step:3600/3600, q_loss:0, rewards:-56.589436848958336, queue:1.8455729166666666, delay:0.0685058487786187, throughput:1423
episode:1/200, real avg travel time:296.51300070274067
intersection:0, mean_episode_reward:-2.9433319568634033, mean_queue:3.1083333492279053
intersection:1, mean_episode_reward:-3.309166193008423, mean_queue:3.461111068725586
intersection:2, mean_episode_reward:-7.526669502258301, mean_queue:7.6777777671813965
intersection:3, mean_episode_reward:-2.9325006008148193, mean_queue:3.0805554389953613
intersection:4, mean_episode_reward:-3.3441667556762695, mean_queue:3.5027778148651123
intersection:5, mean_episode_reward:-2.8444440364837646, mean_queue:3.0166666507720947
intersection:6, mean_episode_reward:-2.9666669368743896, mean_queue:3.1222221851348877
intersection:7, mean_episode_reward:-2.7616662979125977, mean_queue:2.902777671813965
intersection:8, mean_episode_reward:-3.6452767848968506, mean_queue:3.816666603088379
intersection:9, mean_episode_reward:-3.032499074935913, mean_queue:3.1888887882232666
intersection:10, mean_episode_reward:-2.9794442653656006, mean_queue:3.0999999046325684
intersection:11, mean_episode_reward:-3.657776117324829, mean_queue:3.8027777671813965
intersection:12, mean_episode_reward:-3.44138765335083, mean_queue:3.597222328186035
intersection:13, mean_episode_reward:-5.282220363616943, mean_queue:5.461111068725586
intersection:14, mean_episode_reward:-3.019998550415039, mean_queue:3.191666603088379
intersection:15, mean_episode_reward:-2.902221441268921, mean_queue:3.027777671813965
intersection:16, mean_episode_reward:0.0, mean_queue:0.0
intersection:17, mean_episode_reward:0.0, mean_queue:0.0
intersection:18, mean_episode_reward:0.0, mean_queue:0.0
intersection:19, mean_episode_reward:0.0, mean_queue:0.0
intersection:20, mean_episode_reward:0.0, mean_queue:0.0
intersection:21, mean_episode_reward:0.0, mean_queue:0.0
intersection:22, mean_episode_reward:0.0, mean_queue:0.0
intersection:23, mean_episode_reward:0.0, mean_queue:0.0
intersection:24, mean_episode_reward:0.0, mean_queue:0.0
intersection:25, mean_episode_reward:0.0, mean_queue:0.0
intersection:26, mean_episode_reward:0.0, mean_queue:0.0
intersection:27, mean_episode_reward:0.0, mean_queue:0.0
intersection:28, mean_episode_reward:0.0, mean_queue:0.0
intersection:29, mean_episode_reward:0.0, mean_queue:0.0
intersection:30, mean_episode_reward:0.0, mean_queue:0.0
intersection:31, mean_episode_reward:0.0, mean_queue:0.0
Test step:1/200, travel time :774.269035532995, rewards:-431.1341579861111, queue:13.504947916666667, delay:0.17084573109944662, throughput:591
step:3600/3600, q_loss:0.7156866788864136, rewards:-57.330815972222226, queue:1.8683159722222222, delay:0.0690771844651964, throughput:1418
episode:2/200, real avg travel time:298.78843441466853
intersection:0, mean_episode_reward:-3.5750012397766113, mean_queue:3.7333333492279053
intersection:1, mean_episode_reward:-3.5408310890197754, mean_queue:3.700000047683716
intersection:2, mean_episode_reward:-4.255554676055908, mean_queue:4.43055534362793
intersection:3, mean_episode_reward:-2.639164924621582, mean_queue:2.819444417953491
intersection:4, mean_episode_reward:-5.394998550415039, mean_queue:5.525000095367432
intersection:5, mean_episode_reward:-3.1186106204986572, mean_queue:3.269444465637207
intersection:6, mean_episode_reward:-3.2972211837768555, mean_queue:3.4583332538604736
intersection:7, mean_episode_reward:-3.5336079597473145, mean_queue:3.6888887882232666
intersection:8, mean_episode_reward:-4.117498397827148, mean_queue:4.258333206176758
intersection:9, mean_episode_reward:-3.6266653537750244, mean_queue:3.7916667461395264
intersection:10, mean_episode_reward:-3.2222204208374023, mean_queue:3.3583333492279053
intersection:11, mean_episode_reward:-4.116944313049316, mean_queue:4.252777576446533
intersection:12, mean_episode_reward:-3.5591650009155273, mean_queue:3.691666603088379
intersection:13, mean_episode_reward:-3.086111068725586, mean_queue:3.241666555404663
intersection:14, mean_episode_reward:-3.7802774906158447, mean_queue:3.9472222328186035
intersection:15, mean_episode_reward:-2.4669432640075684, mean_queue:2.6194443702697754
intersection:16, mean_episode_reward:0.0, mean_queue:0.0
intersection:17, mean_episode_reward:0.0, mean_queue:0.0
intersection:18, mean_episode_reward:0.0, mean_queue:0.0
intersection:19, mean_episode_reward:0.0, mean_queue:0.0
intersection:20, mean_episode_reward:0.0, mean_queue:0.0
intersection:21, mean_episode_reward:0.0, mean_queue:0.0
intersection:22, mean_episode_reward:0.0, mean_queue:0.0
intersection:23, mean_episode_reward:0.0, mean_queue:0.0
intersection:24, mean_episode_reward:0.0, mean_queue:0.0
intersection:25, mean_episode_reward:0.0, mean_queue:0.0
intersection:26, mean_episode_reward:0.0, mean_queue:0.0
intersection:27, mean_episode_reward:0.0, mean_queue:0.0
intersection:28, mean_episode_reward:0.0, mean_queue:0.0
intersection:29, mean_episode_reward:0.0, mean_queue:0.0
intersection:30, mean_episode_reward:0.0, mean_queue:0.0
intersection:31, mean_episode_reward:0.0, mean_queue:0.0
Test step:2/200, travel time :720.1811175337186, rewards:-446.4939236111111, queue:13.984809027777779, delay:0.1739124510023329, throughput:519
step:3600/3600, q_loss:0.9791557192802429, rewards:-45.435541449652774, queue:1.4930555555555556, delay:0.06666266123453776, throughput:1431
episode:3/200, real avg travel time:270.7351502445842
intersection:0, mean_episode_reward:-3.100275754928589, mean_queue:3.2722222805023193
intersection:1, mean_episode_reward:-2.6999990940093994, mean_queue:2.8527777194976807
intersection:2, mean_episode_reward:-3.2397217750549316, mean_queue:3.3972222805023193
intersection:3, mean_episode_reward:-2.8252782821655273, mean_queue:2.9388887882232666
intersection:4, mean_episode_reward:-2.752498149871826, mean_queue:2.9166667461395264
intersection:5, mean_episode_reward:-2.6361114978790283, mean_queue:2.7666666507720947
intersection:6, mean_episode_reward:-2.66666579246521, mean_queue:2.8138887882232666
intersection:7, mean_episode_reward:-2.538332462310791, mean_queue:2.6388888359069824
intersection:8, mean_episode_reward:-2.806666851043701, mean_queue:2.9638888835906982
intersection:9, mean_episode_reward:-3.1747210025787354, mean_queue:3.336111068725586
intersection:10, mean_episode_reward:-2.661388635635376, mean_queue:2.816666603088379
intersection:11, mean_episode_reward:-2.8938889503479004, mean_queue:3.049999952316284
intersection:12, mean_episode_reward:-2.5058324337005615, mean_queue:2.6472222805023193
intersection:13, mean_episode_reward:-3.1969430446624756, mean_queue:3.3694443702697754
intersection:14, mean_episode_reward:-3.0430538654327393, mean_queue:3.152777671813965
intersection:15, mean_episode_reward:-2.6941657066345215, mean_queue:2.844444513320923
intersection:16, mean_episode_reward:0.0, mean_queue:0.0
intersection:17, mean_episode_reward:0.0, mean_queue:0.0
intersection:18, mean_episode_reward:0.0, mean_queue:0.0
intersection:19, mean_episode_reward:0.0, mean_queue:0.0
intersection:20, mean_episode_reward:0.0, mean_queue:0.0
intersection:21, mean_episode_reward:0.0, mean_queue:0.0
intersection:22, mean_episode_reward:0.0, mean_queue:0.0
intersection:23, mean_episode_reward:0.0, mean_queue:0.0
intersection:24, mean_episode_reward:0.0, mean_queue:0.0
intersection:25, mean_episode_reward:0.0, mean_queue:0.0
intersection:26, mean_episode_reward:0.0, mean_queue:0.0
intersection:27, mean_episode_reward:0.0, mean_queue:0.0
intersection:28, mean_episode_reward:0.0, mean_queue:0.0
intersection:29, mean_episode_reward:0.0, mean_queue:0.0
intersection:30, mean_episode_reward:0.0, mean_queue:0.0
intersection:31, mean_episode_reward:0.0, mean_queue:0.0
Test step:3/200, travel time :645.4112994350282, rewards:-316.46612413194447, queue:9.926475694444445, delay:0.16867965062459309, throughput:885
step:3600/3600, q_loss:0.8501965999603271, rewards:-38.23860134548611, queue:1.2686631944444444, delay:0.06256928443908691, throughput:1427
episode:4/200, real avg travel time:252.72880168185003
intersection:0, mean_episode_reward:-2.9083330631256104, mean_queue:3.0527777671813965
intersection:1, mean_episode_reward:-2.232499837875366, mean_queue:2.375
intersection:2, mean_episode_reward:-3.202220916748047, mean_queue:3.375
intersection:3, mean_episode_reward:-2.691943407058716, mean_queue:2.825000047683716
intersection:4, mean_episode_reward:-3.376943349838257, mean_queue:3.5055556297302246
intersection:5, mean_episode_reward:-1.884166955947876, mean_queue:2.0250000953674316
intersection:6, mean_episode_reward:-1.6591664552688599, mean_queue:1.7916666269302368
intersection:7, mean_episode_reward:-1.6252774000167847, mean_queue:1.75
intersection:8, mean_episode_reward:-2.3686108589172363, mean_queue:2.5222222805023193
intersection:9, mean_episode_reward:-2.3805553913116455, mean_queue:2.5416667461395264
intersection:10, mean_episode_reward:-1.6727781295776367, mean_queue:1.8333333730697632
intersection:11, mean_episode_reward:-2.219998598098755, mean_queue:2.366666555404663
intersection:12, mean_episode_reward:-2.490832567214966, mean_queue:2.6222221851348877
intersection:13, mean_episode_reward:-2.533888578414917, mean_queue:2.7055554389953613
intersection:14, mean_episode_reward:-1.7719428539276123, mean_queue:1.9305555820465088
intersection:15, mean_episode_reward:-3.2194440364837646, mean_queue:3.375
intersection:16, mean_episode_reward:0.0, mean_queue:0.0
intersection:17, mean_episode_reward:0.0, mean_queue:0.0
intersection:18, mean_episode_reward:0.0, mean_queue:0.0
intersection:19, mean_episode_reward:0.0, mean_queue:0.0
intersection:20, mean_episode_reward:0.0, mean_queue:0.0
intersection:21, mean_episode_reward:0.0, mean_queue:0.0
intersection:22, mean_episode_reward:0.0, mean_queue:0.0
intersection:23, mean_episode_reward:0.0, mean_queue:0.0
intersection:24, mean_episode_reward:0.0, mean_queue:0.0
intersection:25, mean_episode_reward:0.0, mean_queue:0.0
intersection:26, mean_episode_reward:0.0, mean_queue:0.0
intersection:27, mean_episode_reward:0.0, mean_queue:0.0
intersection:28, mean_episode_reward:0.0, mean_queue:0.0
intersection:29, mean_episode_reward:0.0, mean_queue:0.0
intersection:30, mean_episode_reward:0.0, mean_queue:0.0
intersection:31, mean_episode_reward:0.0, mean_queue:0.0
Test step:4/200, travel time :548.26, rewards:-273.28556857638887, queue:8.585243055555555, delay:0.15250327852037218, throughput:950
step:3600/3600, q_loss:0.9934418797492981, rewards:-34.476934136284726, queue:1.15234375, delay:0.05877432293362088, throughput:1437
episode:5/200, real avg travel time:243.0883785664579
intersection:0, mean_episode_reward:-2.38055419921875, mean_queue:2.5333333015441895
intersection:1, mean_episode_reward:-1.7541660070419312, mean_queue:1.899999976158142
intersection:2, mean_episode_reward:-2.8797223567962646, mean_queue:3.0361111164093018
intersection:3, mean_episode_reward:-2.839998722076416, mean_queue:2.972222328186035
intersection:4, mean_episode_reward:-2.379443645477295, mean_queue:2.555555582046509
intersection:5, mean_episode_reward:-1.6027776002883911, mean_queue:1.7583333253860474
intersection:6, mean_episode_reward:-1.7116663455963135, mean_queue:1.8583333492279053
intersection:7, mean_episode_reward:-1.2747225761413574, mean_queue:1.394444465637207
intersection:8, mean_episode_reward:-1.9761103391647339, mean_queue:2.1305556297302246
intersection:9, mean_episode_reward:-2.232499599456787, mean_queue:2.405555486679077
intersection:10, mean_episode_reward:-1.8597218990325928, mean_queue:2.0138888359069824
intersection:11, mean_episode_reward:-3.1341655254364014, mean_queue:3.280555486679077
intersection:12, mean_episode_reward:-1.8450003862380981, mean_queue:1.980555534362793
intersection:13, mean_episode_reward:-1.9399993419647217, mean_queue:2.1111111640930176
intersection:14, mean_episode_reward:-1.9866654872894287, mean_queue:2.13611102104187
intersection:15, mean_episode_reward:-2.679720640182495, mean_queue:2.808333396911621
intersection:16, mean_episode_reward:0.0, mean_queue:0.0
intersection:17, mean_episode_reward:0.0, mean_queue:0.0
intersection:18, mean_episode_reward:0.0, mean_queue:0.0
intersection:19, mean_episode_reward:0.0, mean_queue:0.0
intersection:20, mean_episode_reward:0.0, mean_queue:0.0
intersection:21, mean_episode_reward:0.0, mean_queue:0.0
intersection:22, mean_episode_reward:0.0, mean_queue:0.0
intersection:23, mean_episode_reward:0.0, mean_queue:0.0
intersection:24, mean_episode_reward:0.0, mean_queue:0.0
intersection:25, mean_episode_reward:0.0, mean_queue:0.0
intersection:26, mean_episode_reward:0.0, mean_queue:0.0
intersection:27, mean_episode_reward:0.0, mean_queue:0.0
intersection:28, mean_episode_reward:0.0, mean_queue:0.0
intersection:29, mean_episode_reward:0.0, mean_queue:0.0
intersection:30, mean_episode_reward:0.0, mean_queue:0.0
intersection:31, mean_episode_reward:0.0, mean_queue:0.0
Test step:5/200, travel time :431.17276995305167, rewards:-204.76334635416666, queue:6.448697916666666, delay:0.1274698575337728, throughput:1065
step:3600/3600, q_loss:1.018960952758789, rewards:-24.35639105902778, queue:0.8379340277777778, delay:0.0491471184624566, throughput:1448
episode:6/200, real avg travel time:218.54696132596686
intersection:0, mean_episode_reward:-1.9488881826400757, mean_queue:2.097222328186035
intersection:1, mean_episode_reward:-1.6855556964874268, mean_queue:1.8666666746139526
intersection:2, mean_episode_reward:-1.5869441032409668, mean_queue:1.7777777910232544
intersection:3, mean_episode_reward:-1.330556035041809, mean_queue:1.4694443941116333
intersection:4, mean_episode_reward:-2.0350003242492676, mean_queue:2.2083332538604736
intersection:5, mean_episode_reward:-1.428611397743225, mean_queue:1.5888888835906982
intersection:6, mean_episode_reward:-1.5130559206008911, mean_queue:1.6416666507720947
intersection:7, mean_episode_reward:-1.179167628288269, mean_queue:1.3166667222976685
intersection:8, mean_episode_reward:-1.6947218179702759, mean_queue:1.8250000476837158
intersection:9, mean_episode_reward:-1.516389012336731, mean_queue:1.6666666269302368
intersection:10, mean_episode_reward:-1.1925005912780762, mean_queue:1.3416666984558105
intersection:11, mean_episode_reward:-1.650277018547058, mean_queue:1.8055555820465088
intersection:12, mean_episode_reward:-1.4227780103683472, mean_queue:1.5694444179534912
intersection:13, mean_episode_reward:-1.5408326387405396, mean_queue:1.7083333730697632
intersection:14, mean_episode_reward:-1.2952783107757568, mean_queue:1.4638888835906982
intersection:15, mean_episode_reward:-1.3358336687088013, mean_queue:1.4666666984558105
intersection:16, mean_episode_reward:0.0, mean_queue:0.0
intersection:17, mean_episode_reward:0.0, mean_queue:0.0
intersection:18, mean_episode_reward:0.0, mean_queue:0.0
intersection:19, mean_episode_reward:0.0, mean_queue:0.0
intersection:20, mean_episode_reward:0.0, mean_queue:0.0
intersection:21, mean_episode_reward:0.0, mean_queue:0.0
intersection:22, mean_episode_reward:0.0, mean_queue:0.0
intersection:23, mean_episode_reward:0.0, mean_queue:0.0
intersection:24, mean_episode_reward:0.0, mean_queue:0.0
intersection:25, mean_episode_reward:0.0, mean_queue:0.0
intersection:26, mean_episode_reward:0.0, mean_queue:0.0
intersection:27, mean_episode_reward:0.0, mean_queue:0.0
intersection:28, mean_episode_reward:0.0, mean_queue:0.0
intersection:29, mean_episode_reward:0.0, mean_queue:0.0
intersection:30, mean_episode_reward:0.0, mean_queue:0.0
intersection:31, mean_episode_reward:0.0, mean_queue:0.0
Test step:6/200, travel time :346.1969568892646, rewards:-133.3494357638889, queue:4.225434027777778, delay:0.09202266269259983, throughput:1183
step:3600/3600, q_loss:1.067522644996643, rewards:-21.104448784722223, queue:0.7318576388888889, delay:0.04401619699266222, throughput:1440
episode:7/200, real avg travel time:210.59583333333333
intersection:0, mean_episode_reward:-1.570833444595337, mean_queue:1.7138888835906982
intersection:1, mean_episode_reward:-1.6044448614120483, mean_queue:1.7611111402511597
intersection:2, mean_episode_reward:-1.5249994993209839, mean_queue:1.6777777671813965
intersection:3, mean_episode_reward:-1.119444727897644, mean_queue:1.2583333253860474
intersection:4, mean_episode_reward:-1.4672224521636963, mean_queue:1.6138888597488403
intersection:5, mean_episode_reward:-1.143611192703247, mean_queue:1.2833333015441895
intersection:6, mean_episode_reward:-1.250278353691101, mean_queue:1.4055556058883667
intersection:7, mean_episode_reward:-1.0430558919906616, mean_queue:1.1888889074325562
intersection:8, mean_episode_reward:-1.6316661834716797, mean_queue:1.769444465637207
intersection:9, mean_episode_reward:-1.372778296470642, mean_queue:1.5416666269302368
intersection:10, mean_episode_reward:-1.077500343322754, mean_queue:1.2222222089767456
intersection:11, mean_episode_reward:-1.4797223806381226, mean_queue:1.6166666746139526
intersection:12, mean_episode_reward:-1.241389274597168, mean_queue:1.3722221851348877
intersection:13, mean_episode_reward:-1.1713894605636597, mean_queue:1.3166667222976685
intersection:14, mean_episode_reward:-1.0594446659088135, mean_queue:1.211111068725586
intersection:15, mean_episode_reward:-1.3466675281524658, mean_queue:1.4666666984558105
intersection:16, mean_episode_reward:0.0, mean_queue:0.0
intersection:17, mean_episode_reward:0.0, mean_queue:0.0
intersection:18, mean_episode_reward:0.0, mean_queue:0.0
intersection:19, mean_episode_reward:0.0, mean_queue:0.0
intersection:20, mean_episode_reward:0.0, mean_queue:0.0
intersection:21, mean_episode_reward:0.0, mean_queue:0.0
intersection:22, mean_episode_reward:0.0, mean_queue:0.0
intersection:23, mean_episode_reward:0.0, mean_queue:0.0
intersection:24, mean_episode_reward:0.0, mean_queue:0.0
intersection:25, mean_episode_reward:0.0, mean_queue:0.0
intersection:26, mean_episode_reward:0.0, mean_queue:0.0
intersection:27, mean_episode_reward:0.0, mean_queue:0.0
intersection:28, mean_episode_reward:0.0, mean_queue:0.0
intersection:29, mean_episode_reward:0.0, mean_queue:0.0
intersection:30, mean_episode_reward:0.0, mean_queue:0.0
intersection:31, mean_episode_reward:0.0, mean_queue:0.0
Test step:7/200, travel time :197.90413793103448, rewards:-16.460004340277777, queue:0.5822048611111111, delay:0.03759965366787381, throughput:1450
step:3600/3600, q_loss:1.9455196857452393, rewards:-18.908616807725693, queue:0.6649305555555556, delay:0.0398456679450141, throughput:1449
episode:8/200, real avg travel time:204.88750862663906
intersection:0, mean_episode_reward:-1.2886117696762085, mean_queue:1.4194444417953491
intersection:1, mean_episode_reward:-1.4455558061599731, mean_queue:1.5972222089767456
intersection:2, mean_episode_reward:-1.381667137145996, mean_queue:1.5611110925674438
intersection:3, mean_episode_reward:-1.1166672706604004, mean_queue:1.2666666507720947
intersection:4, mean_episode_reward:-1.3333338499069214, mean_queue:1.4833333492279053
intersection:5, mean_episode_reward:-1.2063887119293213, mean_queue:1.355555534362793
intersection:6, mean_episode_reward:-1.094444990158081, mean_queue:1.2583333253860474
intersection:7, mean_episode_reward:-0.8436112403869629, mean_queue:0.9777777791023254
intersection:8, mean_episode_reward:-1.3919448852539062, mean_queue:1.5416666269302368
intersection:9, mean_episode_reward:-1.1888890266418457, mean_queue:1.3472222089767456
intersection:10, mean_episode_reward:-1.0197227001190186, mean_queue:1.1527777910232544
intersection:11, mean_episode_reward:-1.0875003337860107, mean_queue:1.25
intersection:12, mean_episode_reward:-1.181389331817627, mean_queue:1.3166667222976685
intersection:13, mean_episode_reward:-1.176666498184204, mean_queue:1.3194444179534912
intersection:14, mean_episode_reward:-1.0544447898864746, mean_queue:1.211111068725586
intersection:15, mean_episode_reward:-1.0977778434753418, mean_queue:1.2194443941116333
intersection:16, mean_episode_reward:0.0, mean_queue:0.0
intersection:17, mean_episode_reward:0.0, mean_queue:0.0
intersection:18, mean_episode_reward:0.0, mean_queue:0.0
intersection:19, mean_episode_reward:0.0, mean_queue:0.0
intersection:20, mean_episode_reward:0.0, mean_queue:0.0
intersection:21, mean_episode_reward:0.0, mean_queue:0.0
intersection:22, mean_episode_reward:0.0, mean_queue:0.0
intersection:23, mean_episode_reward:0.0, mean_queue:0.0
intersection:24, mean_episode_reward:0.0, mean_queue:0.0
intersection:25, mean_episode_reward:0.0, mean_queue:0.0
intersection:26, mean_episode_reward:0.0, mean_queue:0.0
intersection:27, mean_episode_reward:0.0, mean_queue:0.0
intersection:28, mean_episode_reward:0.0, mean_queue:0.0
intersection:29, mean_episode_reward:0.0, mean_queue:0.0
intersection:30, mean_episode_reward:0.0, mean_queue:0.0
intersection:31, mean_episode_reward:0.0, mean_queue:0.0
Test step:8/200, travel time :193.62465564738292, rewards:-14.941114637586805, queue:0.5315104166666667, delay:0.03430316183302137, throughput:1452
step:3600/3600, q_loss:1.1584793329238892, rewards:-16.411393229166666, queue:0.5845486111111111, delay:0.036426379945543076, throughput:1446
episode:9/200, real avg travel time:198.74204702627938
intersection:0, mean_episode_reward:-1.248611569404602, mean_queue:1.3777778148651123
intersection:1, mean_episode_reward:-1.0377779006958008, mean_queue:1.1777777671813965
intersection:2, mean_episode_reward:-1.1816672086715698, mean_queue:1.3444443941116333
intersection:3, mean_episode_reward:-0.9272224307060242, mean_queue:1.0722222328186035
intersection:4, mean_episode_reward:-1.2069448232650757, mean_queue:1.375
intersection:5, mean_episode_reward:-1.0761111974716187, mean_queue:1.2138888835906982
intersection:6, mean_episode_reward:-0.9516667723655701, mean_queue:1.0972222089767456
intersection:7, mean_episode_reward:-0.6461116075515747, mean_queue:0.7611111402511597
intersection:8, mean_episode_reward:-1.2536108493804932, mean_queue:1.375
intersection:9, mean_episode_reward:-1.0694446563720703, mean_queue:1.230555534362793
intersection:10, mean_episode_reward:-1.0047224760055542, mean_queue:1.1472222805023193
intersection:11, mean_episode_reward:-0.9958338141441345, mean_queue:1.144444465637207
intersection:12, mean_episode_reward:-1.0169450044631958, mean_queue:1.1611111164093018
intersection:13, mean_episode_reward:-1.0755559206008911, mean_queue:1.230555534362793
intersection:14, mean_episode_reward:-0.8241668939590454, mean_queue:0.9694444537162781
intersection:15, mean_episode_reward:-0.8950004577636719, mean_queue:1.0277777910232544
intersection:16, mean_episode_reward:0.0, mean_queue:0.0
intersection:17, mean_episode_reward:0.0, mean_queue:0.0
intersection:18, mean_episode_reward:0.0, mean_queue:0.0
intersection:19, mean_episode_reward:0.0, mean_queue:0.0
intersection:20, mean_episode_reward:0.0, mean_queue:0.0
intersection:21, mean_episode_reward:0.0, mean_queue:0.0
intersection:22, mean_episode_reward:0.0, mean_queue:0.0
intersection:23, mean_episode_reward:0.0, mean_queue:0.0
intersection:24, mean_episode_reward:0.0, mean_queue:0.0
intersection:25, mean_episode_reward:0.0, mean_queue:0.0
intersection:26, mean_episode_reward:0.0, mean_queue:0.0
intersection:27, mean_episode_reward:0.0, mean_queue:0.0
intersection:28, mean_episode_reward:0.0, mean_queue:0.0
intersection:29, mean_episode_reward:0.0, mean_queue:0.0
intersection:30, mean_episode_reward:0.0, mean_queue:0.0
intersection:31, mean_episode_reward:0.0, mean_queue:0.0
Test step:9/200, travel time :189.65244322092224, rewards:-12.850835503472222, queue:0.46553819444444444, delay:0.031196416748894586, throughput:1453
step:3600/3600, q_loss:0.612246036529541, rewards:-14.908060709635416, queue:0.5341145833333333, delay:0.033836581971910265, throughput:1448
episode:10/200, real avg travel time:195.12983425414365
intersection:0, mean_episode_reward:-1.1102780103683472, mean_queue:1.2388888597488403
intersection:1, mean_episode_reward:-0.936944842338562, mean_queue:1.0722222328186035
intersection:2, mean_episode_reward:-1.0844446420669556, mean_queue:1.2388888597488403
intersection:3, mean_episode_reward:-0.8136112689971924, mean_queue:0.9527778029441833
intersection:4, mean_episode_reward:-1.0850003957748413, mean_queue:1.2222222089767456
intersection:5, mean_episode_reward:-0.8938891887664795, mean_queue:1.0166666507720947
intersection:6, mean_episode_reward:-0.8375005125999451, mean_queue:0.9722222089767456
intersection:7, mean_episode_reward:-0.7722225785255432, mean_queue:0.8972222208976746
intersection:8, mean_episode_reward:-1.102222204208374, mean_queue:1.2416666746139526
intersection:9, mean_episode_reward:-1.072500228881836, mean_queue:1.2194443941116333
intersection:10, mean_episode_reward:-0.8608335852622986, mean_queue:0.9916666746139526
intersection:11, mean_episode_reward:-0.9438892006874084, mean_queue:1.0805555582046509
intersection:12, mean_episode_reward:-0.8513892292976379, mean_queue:0.9861111044883728
intersection:13, mean_episode_reward:-0.9797224402427673, mean_queue:1.1222221851348877
intersection:14, mean_episode_reward:-0.7694447040557861, mean_queue:0.9055555462837219
intersection:15, mean_episode_reward:-0.7941669225692749, mean_queue:0.9333333373069763
intersection:16, mean_episode_reward:0.0, mean_queue:0.0
intersection:17, mean_episode_reward:0.0, mean_queue:0.0
intersection:18, mean_episode_reward:0.0, mean_queue:0.0
intersection:19, mean_episode_reward:0.0, mean_queue:0.0
intersection:20, mean_episode_reward:0.0, mean_queue:0.0
intersection:21, mean_episode_reward:0.0, mean_queue:0.0
intersection:22, mean_episode_reward:0.0, mean_queue:0.0
intersection:23, mean_episode_reward:0.0, mean_queue:0.0
intersection:24, mean_episode_reward:0.0, mean_queue:0.0
intersection:25, mean_episode_reward:0.0, mean_queue:0.0
intersection:26, mean_episode_reward:0.0, mean_queue:0.0
intersection:27, mean_episode_reward:0.0, mean_queue:0.0
intersection:28, mean_episode_reward:0.0, mean_queue:0.0
intersection:29, mean_episode_reward:0.0, mean_queue:0.0
intersection:30, mean_episode_reward:0.0, mean_queue:0.0
intersection:31, mean_episode_reward:0.0, mean_queue:0.0
Test step:10/200, travel time :188.25, rewards:-12.40028076171875, queue:0.4495659722222222, delay:0.030232583151923287, throughput:1448
step:3600/3600, q_loss:0.5882769227027893, rewards:-13.54222683376736, queue:0.4876736111111111, delay:0.031542150179545085, throughput:1450
episode:11/200, real avg travel time:190.98206896551724
intersection:0, mean_episode_reward:-0.8919448852539062, mean_queue:1.0138888359069824
intersection:1, mean_episode_reward:-0.8522226214408875, mean_queue:0.980555534362793
intersection:2, mean_episode_reward:-1.0044445991516113, mean_queue:1.1583333015441895
intersection:3, mean_episode_reward:-0.6741669178009033, mean_queue:0.7805555462837219
intersection:4, mean_episode_reward:-0.9983336329460144, mean_queue:1.1138888597488403
intersection:5, mean_episode_reward:-0.7555558681488037, mean_queue:0.8777777552604675
intersection:6, mean_episode_reward:-0.7650002241134644, mean_queue:0.8861111402511597
intersection:7, mean_episode_reward:-0.6225003004074097, mean_queue:0.730555534362793
intersection:8, mean_episode_reward:-1.1044445037841797, mean_queue:1.2388888597488403
intersection:9, mean_episode_reward:-0.9247227311134338, mean_queue:1.0777777433395386
intersection:10, mean_episode_reward:-0.9105556011199951, mean_queue:1.0361111164093018
intersection:11, mean_episode_reward:-0.8333336710929871, mean_queue:0.9833333492279053
intersection:12, mean_episode_reward:-0.7994446754455566, mean_queue:0.9166666865348816
intersection:13, mean_episode_reward:-0.9305562376976013, mean_queue:1.0805555582046509
intersection:14, mean_episode_reward:-0.7508334517478943, mean_queue:0.8722222447395325
intersection:15, mean_episode_reward:-0.7241669297218323, mean_queue:0.8583333492279053
intersection:16, mean_episode_reward:0.0, mean_queue:0.0
intersection:17, mean_episode_reward:0.0, mean_queue:0.0
intersection:18, mean_episode_reward:0.0, mean_queue:0.0
intersection:19, mean_episode_reward:0.0, mean_queue:0.0
intersection:20, mean_episode_reward:0.0, mean_queue:0.0
intersection:21, mean_episode_reward:0.0, mean_queue:0.0
intersection:22, mean_episode_reward:0.0, mean_queue:0.0
intersection:23, mean_episode_reward:0.0, mean_queue:0.0
intersection:24, mean_episode_reward:0.0, mean_queue:0.0
intersection:25, mean_episode_reward:0.0, mean_queue:0.0
intersection:26, mean_episode_reward:0.0, mean_queue:0.0
intersection:27, mean_episode_reward:0.0, mean_queue:0.0
intersection:28, mean_episode_reward:0.0, mean_queue:0.0
intersection:29, mean_episode_reward:0.0, mean_queue:0.0
intersection:30, mean_episode_reward:0.0, mean_queue:0.0
intersection:31, mean_episode_reward:0.0, mean_queue:0.0
Test step:11/200, travel time :187.21472814865794, rewards:-11.994447157118056, queue:0.43359375, delay:0.030001433690388997, throughput:1453
step:3600/3600, q_loss:0.5683176517486572, rewards:-12.74667019314236, queue:0.46119791666666665, delay:0.030288645956251355, throughput:1447
episode:12/200, real avg travel time:189.50656530753284
intersection:0, mean_episode_reward:-0.9130557775497437, mean_queue:1.038888931274414
intersection:1, mean_episode_reward:-0.9019447565078735, mean_queue:1.0333333015441895
intersection:2, mean_episode_reward:-0.9341666102409363, mean_queue:1.0777777433395386
intersection:3, mean_episode_reward:-0.7294448018074036, mean_queue:0.8583333492279053
intersection:4, mean_episode_reward:-0.8683334589004517, mean_queue:0.9916666746139526
intersection:5, mean_episode_reward:-0.7872223854064941, mean_queue:0.9055555462837219
intersection:6, mean_episode_reward:-0.6280558109283447, mean_queue:0.7472222447395325
intersection:7, mean_episode_reward:-0.5797222256660461, mean_queue:0.6805555820465088
intersection:8, mean_episode_reward:-0.9452778100967407, mean_queue:1.0694444179534912
intersection:9, mean_episode_reward:-0.891666829586029, mean_queue:1.0222222805023193
intersection:10, mean_episode_reward:-0.8455556035041809, mean_queue:0.9638888835906982
intersection:11, mean_episode_reward:-0.760278046131134, mean_queue:0.9111111164093018
intersection:12, mean_episode_reward:-0.8102781772613525, mean_queue:0.925000011920929
intersection:13, mean_episode_reward:-0.7969449162483215, mean_queue:0.9305555820465088
intersection:14, mean_episode_reward:-0.7252781391143799, mean_queue:0.8388888835906982
intersection:15, mean_episode_reward:-0.6294446587562561, mean_queue:0.7638888955116272
intersection:16, mean_episode_reward:0.0, mean_queue:0.0
intersection:17, mean_episode_reward:0.0, mean_queue:0.0
intersection:18, mean_episode_reward:0.0, mean_queue:0.0
intersection:19, mean_episode_reward:0.0, mean_queue:0.0
intersection:20, mean_episode_reward:0.0, mean_queue:0.0
intersection:21, mean_episode_reward:0.0, mean_queue:0.0
intersection:22, mean_episode_reward:0.0, mean_queue:0.0
intersection:23, mean_episode_reward:0.0, mean_queue:0.0
intersection:24, mean_episode_reward:0.0, mean_queue:0.0
intersection:25, mean_episode_reward:0.0, mean_queue:0.0
intersection:26, mean_episode_reward:0.0, mean_queue:0.0
intersection:27, mean_episode_reward:0.0, mean_queue:0.0
intersection:28, mean_episode_reward:0.0, mean_queue:0.0
intersection:29, mean_episode_reward:0.0, mean_queue:0.0
intersection:30, mean_episode_reward:0.0, mean_queue:0.0
intersection:31, mean_episode_reward:0.0, mean_queue:0.0
Test step:12/200, travel time :185.92699724517905, rewards:-11.598334418402779, queue:0.42074652777777777, delay:0.028307888242933486, throughput:1452
step:3600/3600, q_loss:0.44202032685279846, rewards:-12.743892415364583, queue:0.46102430555555557, delay:0.03053953382703993, throughput:1448
episode:13/200, real avg travel time:189.6871546961326
intersection:0, mean_episode_reward:-0.92388916015625, mean_queue:1.0277777910232544
intersection:1, mean_episode_reward:-0.8547224998474121, mean_queue:0.9861111044883728
intersection:2, mean_episode_reward:-0.9919449687004089, mean_queue:1.144444465637207
intersection:3, mean_episode_reward:-0.7652782201766968, mean_queue:0.8916666507720947
intersection:4, mean_episode_reward:-0.9088891744613647, mean_queue:1.0499999523162842
intersection:5, mean_episode_reward:-0.7269445061683655, mean_queue:0.8305555582046509
intersection:6, mean_episode_reward:-0.6108336448669434, mean_queue:0.7194444537162781
intersection:7, mean_episode_reward:-0.5725001096725464, mean_queue:0.6888889074325562
intersection:8, mean_episode_reward:-0.8838890790939331, mean_queue:1.005555510520935
intersection:9, mean_episode_reward:-1.0950000286102295, mean_queue:1.230555534362793
intersection:10, mean_episode_reward:-0.7186108827590942, mean_queue:0.8333333134651184
intersection:11, mean_episode_reward:-0.801389217376709, mean_queue:0.9472222328186035
intersection:12, mean_episode_reward:-0.7730559706687927, mean_queue:0.894444465637207
intersection:13, mean_episode_reward:-0.7933335900306702, mean_queue:0.9361110925674438
intersection:14, mean_episode_reward:-0.6825001835823059, mean_queue:0.800000011920929
intersection:15, mean_episode_reward:-0.641111433506012, mean_queue:0.7666666507720947
intersection:16, mean_episode_reward:0.0, mean_queue:0.0
intersection:17, mean_episode_reward:0.0, mean_queue:0.0
intersection:18, mean_episode_reward:0.0, mean_queue:0.0
intersection:19, mean_episode_reward:0.0, mean_queue:0.0
intersection:20, mean_episode_reward:0.0, mean_queue:0.0
intersection:21, mean_episode_reward:0.0, mean_queue:0.0
intersection:22, mean_episode_reward:0.0, mean_queue:0.0
intersection:23, mean_episode_reward:0.0, mean_queue:0.0
intersection:24, mean_episode_reward:0.0, mean_queue:0.0
intersection:25, mean_episode_reward:0.0, mean_queue:0.0
intersection:26, mean_episode_reward:0.0, mean_queue:0.0
intersection:27, mean_episode_reward:0.0, mean_queue:0.0
intersection:28, mean_episode_reward:0.0, mean_queue:0.0
intersection:29, mean_episode_reward:0.0, mean_queue:0.0
intersection:30, mean_episode_reward:0.0, mean_queue:0.0
intersection:31, mean_episode_reward:0.0, mean_queue:0.0
Test step:13/200, travel time :185.58787043418332, rewards:-11.589447699652778, queue:0.42204861111111114, delay:0.028470693694220648, throughput:1451
step:3600/3600, q_loss:0.516402542591095, rewards:-11.949449327256945, queue:0.43350694444444443, delay:0.028833505842420788, throughput:1452
episode:14/200, real avg travel time:187.67217630853995
intersection:0, mean_episode_reward:-0.8297227025032043, mean_queue:0.9444444179534912
intersection:1, mean_episode_reward:-0.79805588722229, mean_queue:0.9083333611488342
intersection:2, mean_episode_reward:-0.9463893175125122, mean_queue:1.0833333730697632
intersection:3, mean_episode_reward:-0.8319445848464966, mean_queue:0.949999988079071
intersection:4, mean_episode_reward:-0.8047224283218384, mean_queue:0.9444444179534912
intersection:5, mean_episode_reward:-0.6786113381385803, mean_queue:0.7916666865348816
intersection:6, mean_episode_reward:-0.6211114525794983, mean_queue:0.730555534362793
intersection:7, mean_episode_reward:-0.4652779996395111, mean_queue:0.5833333134651184
intersection:8, mean_episode_reward:-0.8308334946632385, mean_queue:0.9472222328186035
intersection:9, mean_episode_reward:-0.858889102935791, mean_queue:1.0
intersection:10, mean_episode_reward:-0.7516669631004333, mean_queue:0.8638888597488403
intersection:11, mean_episode_reward:-0.7397225499153137, mean_queue:0.8666666746139526
intersection:12, mean_episode_reward:-0.8736112713813782, mean_queue:0.9833333492279053
intersection:13, mean_episode_reward:-0.6902779340744019, mean_queue:0.8277778029441833
intersection:14, mean_episode_reward:-0.6325003504753113, mean_queue:0.7527777552604675
intersection:15, mean_episode_reward:-0.5961113572120667, mean_queue:0.6944444179534912
intersection:16, mean_episode_reward:0.0, mean_queue:0.0
intersection:17, mean_episode_reward:0.0, mean_queue:0.0
intersection:18, mean_episode_reward:0.0, mean_queue:0.0
intersection:19, mean_episode_reward:0.0, mean_queue:0.0
intersection:20, mean_episode_reward:0.0, mean_queue:0.0
intersection:21, mean_episode_reward:0.0, mean_queue:0.0
intersection:22, mean_episode_reward:0.0, mean_queue:0.0
intersection:23, mean_episode_reward:0.0, mean_queue:0.0
intersection:24, mean_episode_reward:0.0, mean_queue:0.0
intersection:25, mean_episode_reward:0.0, mean_queue:0.0
intersection:26, mean_episode_reward:0.0, mean_queue:0.0
intersection:27, mean_episode_reward:0.0, mean_queue:0.0
intersection:28, mean_episode_reward:0.0, mean_queue:0.0
intersection:29, mean_episode_reward:0.0, mean_queue:0.0
intersection:30, mean_episode_reward:0.0, mean_queue:0.0
intersection:31, mean_episode_reward:0.0, mean_queue:0.0
Test step:14/200, travel time :185.25584594222835, rewards:-11.190003119574653, queue:0.41032986111111114, delay:0.027054421106974282, throughput:1454
step:3600/3600, q_loss:0.4517063498497009, rewards:-12.136113823784722, queue:0.4423611111111111, delay:0.028886829482184517, throughput:1452
episode:15/200, real avg travel time:187.96831955922866
intersection:0, mean_episode_reward:-0.8227781653404236, mean_queue:0.9527778029441833
intersection:1, mean_episode_reward:-0.8836111426353455, mean_queue:1.0138888359069824
intersection:2, mean_episode_reward:-0.8872226476669312, mean_queue:1.0138888359069824
intersection:3, mean_episode_reward:-0.7436114549636841, mean_queue:0.8694444298744202
intersection:4, mean_episode_reward:-0.7005558609962463, mean_queue:0.8166666626930237
intersection:5, mean_episode_reward:-0.6563891172409058, mean_queue:0.7777777910232544
intersection:6, mean_episode_reward:-0.5733333826065063, mean_queue:0.675000011920929
intersection:7, mean_episode_reward:-0.43916672468185425, mean_queue:0.5333333611488342
intersection:8, mean_episode_reward:-0.831944465637207, mean_queue:0.9416666626930237
intersection:9, mean_episode_reward:-0.9352778196334839, mean_queue:1.0972222089767456
intersection:10, mean_episode_reward:-0.7516664862632751, mean_queue:0.8694444298744202
intersection:11, mean_episode_reward:-0.8094446659088135, mean_queue:0.9388889074325562
intersection:12, mean_episode_reward:-0.8130557537078857, mean_queue:0.9444444179534912
intersection:13, mean_episode_reward:-0.875555694103241, mean_queue:1.0305556058883667
intersection:14, mean_episode_reward:-0.7150000929832458, mean_queue:0.8500000238418579
intersection:15, mean_episode_reward:-0.6975002884864807, mean_queue:0.8305555582046509
intersection:16, mean_episode_reward:0.0, mean_queue:0.0
intersection:17, mean_episode_reward:0.0, mean_queue:0.0
intersection:18, mean_episode_reward:0.0, mean_queue:0.0
intersection:19, mean_episode_reward:0.0, mean_queue:0.0
intersection:20, mean_episode_reward:0.0, mean_queue:0.0
intersection:21, mean_episode_reward:0.0, mean_queue:0.0
intersection:22, mean_episode_reward:0.0, mean_queue:0.0
intersection:23, mean_episode_reward:0.0, mean_queue:0.0
intersection:24, mean_episode_reward:0.0, mean_queue:0.0
intersection:25, mean_episode_reward:0.0, mean_queue:0.0
intersection:26, mean_episode_reward:0.0, mean_queue:0.0
intersection:27, mean_episode_reward:0.0, mean_queue:0.0
intersection:28, mean_episode_reward:0.0, mean_queue:0.0
intersection:29, mean_episode_reward:0.0, mean_queue:0.0
intersection:30, mean_episode_reward:0.0, mean_queue:0.0
intersection:31, mean_episode_reward:0.0, mean_queue:0.0
Test step:15/200, travel time :185.72157133011717, rewards:-11.431391059027778, queue:0.41519097222222223, delay:0.028010720676845974, throughput:1451
step:3600/3600, q_loss:0.3814839720726013, rewards:-12.305558268229166, queue:0.44635416666666666, delay:0.02909141911400689, throughput:1447
episode:16/200, real avg travel time:188.19488597097444
intersection:0, mean_episode_reward:-0.8558337688446045, mean_queue:0.9861111044883728
intersection:1, mean_episode_reward:-0.7636114358901978, mean_queue:0.875
intersection:2, mean_episode_reward:-0.9680557250976562, mean_queue:1.1083333492279053
intersection:3, mean_episode_reward:-0.842777669429779, mean_queue:0.9694444537162781
intersection:4, mean_episode_reward:-0.9963889122009277, mean_queue:1.125
intersection:5, mean_episode_reward:-0.737500011920929, mean_queue:0.8611111044883728
intersection:6, mean_episode_reward:-0.6722224354743958, mean_queue:0.7916666865348816
intersection:7, mean_episode_reward:-0.49777793884277344, mean_queue:0.6138888597488403
intersection:8, mean_episode_reward:-0.8600000739097595, mean_queue:0.980555534362793
intersection:9, mean_episode_reward:-0.7977778911590576, mean_queue:0.9194444417953491
intersection:10, mean_episode_reward:-0.5875002145767212, mean_queue:0.6861110925674438
intersection:11, mean_episode_reward:-0.8022225499153137, mean_queue:0.9361110925674438
intersection:12, mean_episode_reward:-0.8519445657730103, mean_queue:0.9527778029441833
intersection:13, mean_episode_reward:-0.7933337092399597, mean_queue:0.9527778029441833
intersection:14, mean_episode_reward:-0.6911112666130066, mean_queue:0.8277778029441833
intersection:15, mean_episode_reward:-0.5875003337860107, mean_queue:0.6972222328186035
intersection:16, mean_episode_reward:0.0, mean_queue:0.0
intersection:17, mean_episode_reward:0.0, mean_queue:0.0
intersection:18, mean_episode_reward:0.0, mean_queue:0.0
intersection:19, mean_episode_reward:0.0, mean_queue:0.0
intersection:20, mean_episode_reward:0.0, mean_queue:0.0
intersection:21, mean_episode_reward:0.0, mean_queue:0.0
intersection:22, mean_episode_reward:0.0, mean_queue:0.0
intersection:23, mean_episode_reward:0.0, mean_queue:0.0
intersection:24, mean_episode_reward:0.0, mean_queue:0.0
intersection:25, mean_episode_reward:0.0, mean_queue:0.0
intersection:26, mean_episode_reward:0.0, mean_queue:0.0
intersection:27, mean_episode_reward:0.0, mean_queue:0.0
intersection:28, mean_episode_reward:0.0, mean_queue:0.0
intersection:29, mean_episode_reward:0.0, mean_queue:0.0
intersection:30, mean_episode_reward:0.0, mean_queue:0.0
intersection:31, mean_episode_reward:0.0, mean_queue:0.0
Test step:16/200, travel time :185.38144329896906, rewards:-11.124169243706596, queue:0.4065972222222222, delay:0.027658597628275553, throughput:1455
step:3600/3600, q_loss:0.43520405888557434, rewards:-11.814725748697917, queue:0.4282986111111111, delay:0.028328593571980795, throughput:1452
episode:17/200, real avg travel time:187.16391184573004
intersection:0, mean_episode_reward:-0.814444899559021, mean_queue:0.9388889074325562
intersection:1, mean_episode_reward:-0.8122223615646362, mean_queue:0.9305555820465088
intersection:2, mean_episode_reward:-0.9658337235450745, mean_queue:1.1083333492279053
intersection:3, mean_episode_reward:-0.625555694103241, mean_queue:0.7333333492279053
intersection:4, mean_episode_reward:-0.9702781438827515, mean_queue:1.100000023841858
intersection:5, mean_episode_reward:-0.6819446086883545, mean_queue:0.8083333373069763
intersection:6, mean_episode_reward:-0.6394444704055786, mean_queue:0.7611111402511597
intersection:7, mean_episode_reward:-0.48833364248275757, mean_queue:0.5916666388511658
intersection:8, mean_episode_reward:-0.8983336687088013, mean_queue:1.0277777910232544
intersection:9, mean_episode_reward:-0.802777886390686, mean_queue:0.9305555820465088
intersection:10, mean_episode_reward:-0.6583333611488342, mean_queue:0.7527777552604675
intersection:11, mean_episode_reward:-0.7661113142967224, mean_queue:0.8833333253860474
intersection:12, mean_episode_reward:-0.6697224378585815, mean_queue:0.7777777910232544
intersection:13, mean_episode_reward:-0.858889102935791, mean_queue:0.9722222089767456
intersection:14, mean_episode_reward:-0.6322222948074341, mean_queue:0.7444444298744202
intersection:15, mean_episode_reward:-0.5302779078483582, mean_queue:0.644444465637207
intersection:16, mean_episode_reward:0.0, mean_queue:0.0
intersection:17, mean_episode_reward:0.0, mean_queue:0.0
intersection:18, mean_episode_reward:0.0, mean_queue:0.0
intersection:19, mean_episode_reward:0.0, mean_queue:0.0
intersection:20, mean_episode_reward:0.0, mean_queue:0.0
intersection:21, mean_episode_reward:0.0, mean_queue:0.0
intersection:22, mean_episode_reward:0.0, mean_queue:0.0
intersection:23, mean_episode_reward:0.0, mean_queue:0.0
intersection:24, mean_episode_reward:0.0, mean_queue:0.0
intersection:25, mean_episode_reward:0.0, mean_queue:0.0
intersection:26, mean_episode_reward:0.0, mean_queue:0.0
intersection:27, mean_episode_reward:0.0, mean_queue:0.0
intersection:28, mean_episode_reward:0.0, mean_queue:0.0
intersection:29, mean_episode_reward:0.0, mean_queue:0.0
intersection:30, mean_episode_reward:0.0, mean_queue:0.0
intersection:31, mean_episode_reward:0.0, mean_queue:0.0
Test step:17/200, travel time :184.55746730901583, rewards:-10.750557454427083, queue:0.39305555555555555, delay:0.026718113157484267, throughput:1453
step:3600/3600, q_loss:0.4130607545375824, rewards:-11.083892144097222, queue:0.40703125, delay:0.0267882055706448, throughput:1450
episode:18/200, real avg travel time:185.33586206896553
intersection:0, mean_episode_reward:-0.7772226929664612, mean_queue:0.8916666507720947
intersection:1, mean_episode_reward:-0.6269446611404419, mean_queue:0.730555534362793
intersection:2, mean_episode_reward:-0.8100003004074097, mean_queue:0.949999988079071
intersection:3, mean_episode_reward:-0.5827782154083252, mean_queue:0.6972222328186035
intersection:4, mean_episode_reward:-0.8469445705413818, mean_queue:0.980555534362793
intersection:5, mean_episode_reward:-0.7291666865348816, mean_queue:0.8527777791023254
intersection:6, mean_episode_reward:-0.6541669964790344, mean_queue:0.7527777552604675
intersection:7, mean_episode_reward:-0.5255557298660278, mean_queue:0.6333333253860474
intersection:8, mean_episode_reward:-0.8880555033683777, mean_queue:1.0083333253860474
intersection:9, mean_episode_reward:-0.863611102104187, mean_queue:1.005555510520935
intersection:10, mean_episode_reward:-0.6302777528762817, mean_queue:0.7361111044883728
intersection:11, mean_episode_reward:-0.7063890695571899, mean_queue:0.8333333134651184
intersection:12, mean_episode_reward:-0.6797224283218384, mean_queue:0.7861111164093018
intersection:13, mean_episode_reward:-0.7930558323860168, mean_queue:0.9611111283302307
intersection:14, mean_episode_reward:-0.5027779936790466, mean_queue:0.6166666746139526
intersection:15, mean_episode_reward:-0.46722233295440674, mean_queue:0.5888888835906982
intersection:16, mean_episode_reward:0.0, mean_queue:0.0
intersection:17, mean_episode_reward:0.0, mean_queue:0.0
intersection:18, mean_episode_reward:0.0, mean_queue:0.0
intersection:19, mean_episode_reward:0.0, mean_queue:0.0
intersection:20, mean_episode_reward:0.0, mean_queue:0.0
intersection:21, mean_episode_reward:0.0, mean_queue:0.0
intersection:22, mean_episode_reward:0.0, mean_queue:0.0
intersection:23, mean_episode_reward:0.0, mean_queue:0.0
intersection:24, mean_episode_reward:0.0, mean_queue:0.0
intersection:25, mean_episode_reward:0.0, mean_queue:0.0
intersection:26, mean_episode_reward:0.0, mean_queue:0.0
intersection:27, mean_episode_reward:0.0, mean_queue:0.0
intersection:28, mean_episode_reward:0.0, mean_queue:0.0
intersection:29, mean_episode_reward:0.0, mean_queue:0.0
intersection:30, mean_episode_reward:0.0, mean_queue:0.0
intersection:31, mean_episode_reward:0.0, mean_queue:0.0
Test step:18/200, travel time :184.85537190082644, rewards:-10.895558675130209, queue:0.3997395833333333, delay:0.02687673568725586, throughput:1452
step:3600/3600, q_loss:0.3802991211414337, rewards:-11.340835232204862, queue:0.41128472222222223, delay:0.027260033289591472, throughput:1452
episode:19/200, real avg travel time:185.79614325068871
intersection:0, mean_episode_reward:-0.7969444394111633, mean_queue:0.9166666865348816
intersection:1, mean_episode_reward:-0.8283336162567139, mean_queue:0.9416666626930237
intersection:2, mean_episode_reward:-0.8447223901748657, mean_queue:0.980555534362793
intersection:3, mean_episode_reward:-0.6758335828781128, mean_queue:0.7805555462837219
intersection:4, mean_episode_reward:-0.8669445514678955, mean_queue:1.0111111402511597
intersection:5, mean_episode_reward:-0.6136109828948975, mean_queue:0.7194444537162781
intersection:6, mean_episode_reward:-0.7397221326828003, mean_queue:0.855555534362793
intersection:7, mean_episode_reward:-0.49861136078834534, mean_queue:0.5944444537162781
intersection:8, mean_episode_reward:-0.76666659116745, mean_queue:0.8694444298744202
intersection:9, mean_episode_reward:-0.6716666221618652, mean_queue:0.7833333611488342
intersection:10, mean_episode_reward:-0.5680556297302246, mean_queue:0.6527777910232544
intersection:11, mean_episode_reward:-0.7052780389785767, mean_queue:0.8277778029441833
intersection:12, mean_episode_reward:-0.6863892078399658, mean_queue:0.769444465637207
intersection:13, mean_episode_reward:-0.9005554914474487, mean_queue:1.0416666269302368
intersection:14, mean_episode_reward:-0.6313890814781189, mean_queue:0.7555555701255798
intersection:15, mean_episode_reward:-0.5461113452911377, mean_queue:0.6611111164093018
intersection:16, mean_episode_reward:0.0, mean_queue:0.0
intersection:17, mean_episode_reward:0.0, mean_queue:0.0
intersection:18, mean_episode_reward:0.0, mean_queue:0.0
intersection:19, mean_episode_reward:0.0, mean_queue:0.0
intersection:20, mean_episode_reward:0.0, mean_queue:0.0
intersection:21, mean_episode_reward:0.0, mean_queue:0.0
intersection:22, mean_episode_reward:0.0, mean_queue:0.0
intersection:23, mean_episode_reward:0.0, mean_queue:0.0
intersection:24, mean_episode_reward:0.0, mean_queue:0.0
intersection:25, mean_episode_reward:0.0, mean_queue:0.0
intersection:26, mean_episode_reward:0.0, mean_queue:0.0
intersection:27, mean_episode_reward:0.0, mean_queue:0.0
intersection:28, mean_episode_reward:0.0, mean_queue:0.0
intersection:29, mean_episode_reward:0.0, mean_queue:0.0
intersection:30, mean_episode_reward:0.0, mean_queue:0.0
intersection:31, mean_episode_reward:0.0, mean_queue:0.0
Test step:19/200, travel time :184.20936639118457, rewards:-10.816669379340278, queue:0.3953993055555556, delay:0.026409615410698785, throughput:1452
step:3600/3600, q_loss:0.43627727031707764, rewards:-11.672504340277778, queue:0.425, delay:0.027516327963935005, throughput:1453
episode:20/200, real avg travel time:186.56503785271852
intersection:0, mean_episode_reward:-0.7458335161209106, mean_queue:0.8722222447395325
intersection:1, mean_episode_reward:-0.7555558085441589, mean_queue:0.8722222447395325
intersection:2, mean_episode_reward:-0.8800002336502075, mean_queue:1.005555510520935
intersection:3, mean_episode_reward:-0.7541667222976685, mean_queue:0.8888888955116272
intersection:4, mean_episode_reward:-0.8636112809181213, mean_queue:0.9916666746139526
intersection:5, mean_episode_reward:-0.5961112380027771, mean_queue:0.7111111283302307
intersection:6, mean_episode_reward:-0.5638889670372009, mean_queue:0.675000011920929
intersection:7, mean_episode_reward:-0.5272226333618164, mean_queue:0.6416666507720947
intersection:8, mean_episode_reward:-0.8911112546920776, mean_queue:1.0027778148651123
intersection:9, mean_episode_reward:-0.7766669392585754, mean_queue:0.9111111164093018
intersection:10, mean_episode_reward:-0.7094445824623108, mean_queue:0.824999988079071
intersection:11, mean_episode_reward:-0.6288891434669495, mean_queue:0.7583333253860474
intersection:12, mean_episode_reward:-0.8519448041915894, mean_queue:0.9638888835906982
intersection:13, mean_episode_reward:-0.8905557990074158, mean_queue:1.0222222805023193
intersection:14, mean_episode_reward:-0.622778058052063, mean_queue:0.7444444298744202
intersection:15, mean_episode_reward:-0.6147223711013794, mean_queue:0.7138888835906982
intersection:16, mean_episode_reward:0.0, mean_queue:0.0
intersection:17, mean_episode_reward:0.0, mean_queue:0.0
intersection:18, mean_episode_reward:0.0, mean_queue:0.0
intersection:19, mean_episode_reward:0.0, mean_queue:0.0
intersection:20, mean_episode_reward:0.0, mean_queue:0.0
intersection:21, mean_episode_reward:0.0, mean_queue:0.0
intersection:22, mean_episode_reward:0.0, mean_queue:0.0
intersection:23, mean_episode_reward:0.0, mean_queue:0.0
intersection:24, mean_episode_reward:0.0, mean_queue:0.0
intersection:25, mean_episode_reward:0.0, mean_queue:0.0
intersection:26, mean_episode_reward:0.0, mean_queue:0.0
intersection:27, mean_episode_reward:0.0, mean_queue:0.0
intersection:28, mean_episode_reward:0.0, mean_queue:0.0
intersection:29, mean_episode_reward:0.0, mean_queue:0.0
intersection:30, mean_episode_reward:0.0, mean_queue:0.0
intersection:31, mean_episode_reward:0.0, mean_queue:0.0
Test step:20/200, travel time :186.78758620689655, rewards:-11.869725206163194, queue:0.4282986111111111, delay:0.02697269121805827, throughput:1450
step:3600/3600, q_loss:0.4074481427669525, rewards:-11.580558268229167, queue:0.42039930555555555, delay:0.0273919767803616, throughput:1451
episode:21/200, real avg travel time:186.56788421778083
intersection:0, mean_episode_reward:-0.701111376285553, mean_queue:0.8305555582046509
intersection:1, mean_episode_reward:-0.8199997544288635, mean_queue:0.9305555820465088
intersection:2, mean_episode_reward:-0.8911113142967224, mean_queue:1.0361111164093018
intersection:3, mean_episode_reward:-0.6119447350502014, mean_queue:0.7277777791023254
intersection:4, mean_episode_reward:-0.7480556964874268, mean_queue:0.8527777791023254
intersection:5, mean_episode_reward:-0.5744444727897644, mean_queue:0.6777777671813965
intersection:6, mean_episode_reward:-0.6591668128967285, mean_queue:0.7805555462837219
intersection:7, mean_episode_reward:-0.4527778923511505, mean_queue:0.5583333373069763
intersection:8, mean_episode_reward:-0.8802777528762817, mean_queue:0.980555534362793
intersection:9, mean_episode_reward:-0.8661109805107117, mean_queue:1.0027778148651123
intersection:10, mean_episode_reward:-0.8497222661972046, mean_queue:0.9833333492279053
intersection:11, mean_episode_reward:-0.7569445967674255, mean_queue:0.8666666746139526
intersection:12, mean_episode_reward:-0.8155559301376343, mean_queue:0.9083333611488342
intersection:13, mean_episode_reward:-0.6888890862464905, mean_queue:0.824999988079071
intersection:14, mean_episode_reward:-0.6275001764297485, mean_queue:0.7416666746139526
intersection:15, mean_episode_reward:-0.636944591999054, mean_queue:0.75
intersection:16, mean_episode_reward:0.0, mean_queue:0.0
intersection:17, mean_episode_reward:0.0, mean_queue:0.0
intersection:18, mean_episode_reward:0.0, mean_queue:0.0
intersection:19, mean_episode_reward:0.0, mean_queue:0.0
intersection:20, mean_episode_reward:0.0, mean_queue:0.0
intersection:21, mean_episode_reward:0.0, mean_queue:0.0
intersection:22, mean_episode_reward:0.0, mean_queue:0.0
intersection:23, mean_episode_reward:0.0, mean_queue:0.0
intersection:24, mean_episode_reward:0.0, mean_queue:0.0
intersection:25, mean_episode_reward:0.0, mean_queue:0.0
intersection:26, mean_episode_reward:0.0, mean_queue:0.0
intersection:27, mean_episode_reward:0.0, mean_queue:0.0
intersection:28, mean_episode_reward:0.0, mean_queue:0.0
intersection:29, mean_episode_reward:0.0, mean_queue:0.0
intersection:30, mean_episode_reward:0.0, mean_queue:0.0
intersection:31, mean_episode_reward:0.0, mean_queue:0.0
Test step:21/200, travel time :183.45103448275862, rewards:-10.325558132595486, queue:0.37994791666666666, delay:0.02571330335405138, throughput:1450
step:3600/3600, q_loss:0.43970099091529846, rewards:-10.958890787760417, queue:0.40260416666666665, delay:0.02684546046786838, throughput:1450
episode:22/200, real avg travel time:185.1248275862069
intersection:0, mean_episode_reward:-0.6866667866706848, mean_queue:0.8083333373069763
intersection:1, mean_episode_reward:-0.7588891983032227, mean_queue:0.8833333253860474
intersection:2, mean_episode_reward:-0.919166624546051, mean_queue:1.0527777671813965
intersection:3, mean_episode_reward:-0.6244447231292725, mean_queue:0.7361111044883728
intersection:4, mean_episode_reward:-0.7763888239860535, mean_queue:0.9027777910232544
intersection:5, mean_episode_reward:-0.6988890171051025, mean_queue:0.824999988079071
intersection:6, mean_episode_reward:-0.4683334231376648, mean_queue:0.5805555582046509
intersection:7, mean_episode_reward:-0.4275000989437103, mean_queue:0.5166666507720947
intersection:8, mean_episode_reward:-0.8411111831665039, mean_queue:0.9666666388511658
intersection:9, mean_episode_reward:-0.8511113524436951, mean_queue:0.9944444298744202
intersection:10, mean_episode_reward:-0.5766664147377014, mean_queue:0.6888889074325562
intersection:11, mean_episode_reward:-0.6374999284744263, mean_queue:0.7416666746139526
intersection:12, mean_episode_reward:-0.7944446206092834, mean_queue:0.9277777671813965
intersection:13, mean_episode_reward:-0.86055588722229, mean_queue:1.0027778148651123
intersection:14, mean_episode_reward:-0.538333535194397, mean_queue:0.6499999761581421
intersection:15, mean_episode_reward:-0.49888914823532104, mean_queue:0.605555534362793
intersection:16, mean_episode_reward:0.0, mean_queue:0.0
intersection:17, mean_episode_reward:0.0, mean_queue:0.0
intersection:18, mean_episode_reward:0.0, mean_queue:0.0
intersection:19, mean_episode_reward:0.0, mean_queue:0.0
intersection:20, mean_episode_reward:0.0, mean_queue:0.0
intersection:21, mean_episode_reward:0.0, mean_queue:0.0
intersection:22, mean_episode_reward:0.0, mean_queue:0.0
intersection:23, mean_episode_reward:0.0, mean_queue:0.0
intersection:24, mean_episode_reward:0.0, mean_queue:0.0
intersection:25, mean_episode_reward:0.0, mean_queue:0.0
intersection:26, mean_episode_reward:0.0, mean_queue:0.0
intersection:27, mean_episode_reward:0.0, mean_queue:0.0
intersection:28, mean_episode_reward:0.0, mean_queue:0.0
intersection:29, mean_episode_reward:0.0, mean_queue:0.0
intersection:30, mean_episode_reward:0.0, mean_queue:0.0
intersection:31, mean_episode_reward:0.0, mean_queue:0.0
Test step:22/200, travel time :186.19312714776632, rewards:-11.31472439236111, queue:0.40989583333333335, delay:0.027532331148783364, throughput:1455
step:3600/3600, q_loss:0.4410206377506256, rewards:-10.97500271267361, queue:0.39817708333333335, delay:0.026382324430677624, throughput:1450
episode:23/200, real avg travel time:185.38275862068966
intersection:0, mean_episode_reward:-0.9061112999916077, mean_queue:1.019444465637207
intersection:1, mean_episode_reward:-0.7716668248176575, mean_queue:0.8888888955116272
intersection:2, mean_episode_reward:-0.7875003218650818, mean_queue:0.9111111164093018
intersection:3, mean_episode_reward:-0.6694446206092834, mean_queue:0.7916666865348816
intersection:4, mean_episode_reward:-0.6608335971832275, mean_queue:0.7805555462837219
intersection:5, mean_episode_reward:-0.5941666960716248, mean_queue:0.6972222328186035
intersection:6, mean_episode_reward:-0.628333568572998, mean_queue:0.7388888597488403
intersection:7, mean_episode_reward:-0.539167046546936, mean_queue:0.6361111402511597
intersection:8, mean_episode_reward:-0.8836113214492798, mean_queue:0.9916666746139526
intersection:9, mean_episode_reward:-0.6941666007041931, mean_queue:0.8194444179534912
intersection:10, mean_episode_reward:-0.6080554127693176, mean_queue:0.6972222328186035
intersection:11, mean_episode_reward:-0.726667046546936, mean_queue:0.855555534362793
intersection:12, mean_episode_reward:-0.6499999761581421, mean_queue:0.7583333253860474
intersection:13, mean_episode_reward:-0.7372223734855652, mean_queue:0.8472222089767456
intersection:14, mean_episode_reward:-0.6277778744697571, mean_queue:0.730555534362793
intersection:15, mean_episode_reward:-0.4902779161930084, mean_queue:0.5777778029441833
intersection:16, mean_episode_reward:0.0, mean_queue:0.0
intersection:17, mean_episode_reward:0.0, mean_queue:0.0
intersection:18, mean_episode_reward:0.0, mean_queue:0.0
intersection:19, mean_episode_reward:0.0, mean_queue:0.0
intersection:20, mean_episode_reward:0.0, mean_queue:0.0
intersection:21, mean_episode_reward:0.0, mean_queue:0.0
intersection:22, mean_episode_reward:0.0, mean_queue:0.0
intersection:23, mean_episode_reward:0.0, mean_queue:0.0
intersection:24, mean_episode_reward:0.0, mean_queue:0.0
intersection:25, mean_episode_reward:0.0, mean_queue:0.0
intersection:26, mean_episode_reward:0.0, mean_queue:0.0
intersection:27, mean_episode_reward:0.0, mean_queue:0.0
intersection:28, mean_episode_reward:0.0, mean_queue:0.0
intersection:29, mean_episode_reward:0.0, mean_queue:0.0
intersection:30, mean_episode_reward:0.0, mean_queue:0.0
intersection:31, mean_episode_reward:0.0, mean_queue:0.0
Test step:23/200, travel time :185.8954607977992, rewards:-11.182224527994792, queue:0.4056423611111111, delay:0.02728310161166721, throughput:1454
step:3600/3600, q_loss:0.445639967918396, rewards:-10.777779812282986, queue:0.39461805555555557, delay:0.026046662860446507, throughput:1452
episode:24/200, real avg travel time:185.00068870523415
intersection:0, mean_episode_reward:-0.6891666054725647, mean_queue:0.7861111164093018
intersection:1, mean_episode_reward:-0.782500147819519, mean_queue:0.9027777910232544
intersection:2, mean_episode_reward:-0.9905557632446289, mean_queue:1.1416666507720947
intersection:3, mean_episode_reward:-0.5722225904464722, mean_queue:0.6861110925674438
intersection:4, mean_episode_reward:-0.6902780532836914, mean_queue:0.8111110925674438
intersection:5, mean_episode_reward:-0.678333580493927, mean_queue:0.8055555820465088
intersection:6, mean_episode_reward:-0.5386114120483398, mean_queue:0.625
intersection:7, mean_episode_reward:-0.43972232937812805, mean_queue:0.5388888716697693
intersection:8, mean_episode_reward:-0.9025000929832458, mean_queue:1.0138888359069824
intersection:9, mean_episode_reward:-0.8191668391227722, mean_queue:0.9583333134651184
intersection:10, mean_episode_reward:-0.624444305896759, mean_queue:0.7194444537162781
intersection:11, mean_episode_reward:-0.6755557656288147, mean_queue:0.800000011920929
intersection:12, mean_episode_reward:-0.6497223973274231, mean_queue:0.7611111402511597
intersection:13, mean_episode_reward:-0.6830556392669678, mean_queue:0.8138889074325562
intersection:14, mean_episode_reward:-0.5675001740455627, mean_queue:0.6888889074325562
intersection:15, mean_episode_reward:-0.47444456815719604, mean_queue:0.574999988079071
intersection:16, mean_episode_reward:0.0, mean_queue:0.0
intersection:17, mean_episode_reward:0.0, mean_queue:0.0
intersection:18, mean_episode_reward:0.0, mean_queue:0.0
intersection:19, mean_episode_reward:0.0, mean_queue:0.0
intersection:20, mean_episode_reward:0.0, mean_queue:0.0
intersection:21, mean_episode_reward:0.0, mean_queue:0.0
intersection:22, mean_episode_reward:0.0, mean_queue:0.0
intersection:23, mean_episode_reward:0.0, mean_queue:0.0
intersection:24, mean_episode_reward:0.0, mean_queue:0.0
intersection:25, mean_episode_reward:0.0, mean_queue:0.0
intersection:26, mean_episode_reward:0.0, mean_queue:0.0
intersection:27, mean_episode_reward:0.0, mean_queue:0.0
intersection:28, mean_episode_reward:0.0, mean_queue:0.0
intersection:29, mean_episode_reward:0.0, mean_queue:0.0
intersection:30, mean_episode_reward:0.0, mean_queue:0.0
intersection:31, mean_episode_reward:0.0, mean_queue:0.0
Test step:24/200, travel time :185.21831955922866, rewards:-11.22972412109375, queue:0.4078125, delay:0.026345072852240668, throughput:1452
step:3600/3600, q_loss:0.4103303551673889, rewards:-11.476947699652778, queue:0.4175347222222222, delay:0.02762141227722168, throughput:1453
episode:25/200, real avg travel time:187.0578114246387
intersection:0, mean_episode_reward:-0.7175003886222839, mean_queue:0.824999988079071
intersection:1, mean_episode_reward:-0.8408335447311401, mean_queue:0.9611111283302307
intersection:2, mean_episode_reward:-0.8302778601646423, mean_queue:0.9638888835906982
intersection:3, mean_episode_reward:-0.656944751739502, mean_queue:0.7805555462837219
intersection:4, mean_episode_reward:-0.715555727481842, mean_queue:0.8416666388511658
intersection:5, mean_episode_reward:-0.5894447565078735, mean_queue:0.699999988079071
intersection:6, mean_episode_reward:-0.5630557537078857, mean_queue:0.6722221970558167
intersection:7, mean_episode_reward:-0.6000002026557922, mean_queue:0.7138888835906982
intersection:8, mean_episode_reward:-0.861111044883728, mean_queue:0.9750000238418579
intersection:9, mean_episode_reward:-0.7855557799339294, mean_queue:0.9027777910232544
intersection:10, mean_episode_reward:-0.7238889336585999, mean_queue:0.8277778029441833
intersection:11, mean_episode_reward:-0.7961112856864929, mean_queue:0.9083333611488342
intersection:12, mean_episode_reward:-0.7233334183692932, mean_queue:0.8333333134651184
intersection:13, mean_episode_reward:-0.8697226047515869, mean_queue:1.0138888359069824
intersection:14, mean_episode_reward:-0.5708335041999817, mean_queue:0.6916666626930237
intersection:15, mean_episode_reward:-0.6327781081199646, mean_queue:0.75
intersection:16, mean_episode_reward:0.0, mean_queue:0.0
intersection:17, mean_episode_reward:0.0, mean_queue:0.0
intersection:18, mean_episode_reward:0.0, mean_queue:0.0
intersection:19, mean_episode_reward:0.0, mean_queue:0.0
intersection:20, mean_episode_reward:0.0, mean_queue:0.0
intersection:21, mean_episode_reward:0.0, mean_queue:0.0
intersection:22, mean_episode_reward:0.0, mean_queue:0.0
intersection:23, mean_episode_reward:0.0, mean_queue:0.0
intersection:24, mean_episode_reward:0.0, mean_queue:0.0
intersection:25, mean_episode_reward:0.0, mean_queue:0.0
intersection:26, mean_episode_reward:0.0, mean_queue:0.0
intersection:27, mean_episode_reward:0.0, mean_queue:0.0
intersection:28, mean_episode_reward:0.0, mean_queue:0.0
intersection:29, mean_episode_reward:0.0, mean_queue:0.0
intersection:30, mean_episode_reward:0.0, mean_queue:0.0
intersection:31, mean_episode_reward:0.0, mean_queue:0.0
Test step:25/200, travel time :185.7102546455609, rewards:-11.337225341796875, queue:0.40946180555555556, delay:0.02649291886223687, throughput:1453
step:3600/3600, q_loss:0.4482843279838562, rewards:-11.089724392361111, queue:0.4037326388888889, delay:0.026485514640808106, throughput:1450
episode:26/200, real avg travel time:185.01793103448276
intersection:0, mean_episode_reward:-0.8575003147125244, mean_queue:0.9777777791023254
intersection:1, mean_episode_reward:-0.7755553126335144, mean_queue:0.8916666507720947
intersection:2, mean_episode_reward:-0.7930558323860168, mean_queue:0.925000011920929
intersection:3, mean_episode_reward:-0.7738890647888184, mean_queue:0.8861111402511597
intersection:4, mean_episode_reward:-0.7891667485237122, mean_queue:0.8999999761581421
intersection:5, mean_episode_reward:-0.6694443821907043, mean_queue:0.7833333611488342
intersection:6, mean_episode_reward:-0.5400000810623169, mean_queue:0.6472222208976746
intersection:7, mean_episode_reward:-0.43305569887161255, mean_queue:0.5277777910232544
intersection:8, mean_episode_reward:-0.7788887619972229, mean_queue:0.9027777910232544
intersection:9, mean_episode_reward:-0.9100003838539124, mean_queue:1.0333333015441895
intersection:10, mean_episode_reward:-0.6202777624130249, mean_queue:0.730555534362793
intersection:11, mean_episode_reward:-0.7344446182250977, mean_queue:0.855555534362793
intersection:12, mean_episode_reward:-0.6572222113609314, mean_queue:0.7638888955116272
intersection:13, mean_episode_reward:-0.6930558085441589, mean_queue:0.8166666626930237
intersection:14, mean_episode_reward:-0.5216671228408813, mean_queue:0.6277777552604675
intersection:15, mean_episode_reward:-0.5425003170967102, mean_queue:0.6499999761581421
intersection:16, mean_episode_reward:0.0, mean_queue:0.0
intersection:17, mean_episode_reward:0.0, mean_queue:0.0
intersection:18, mean_episode_reward:0.0, mean_queue:0.0
intersection:19, mean_episode_reward:0.0, mean_queue:0.0
intersection:20, mean_episode_reward:0.0, mean_queue:0.0
intersection:21, mean_episode_reward:0.0, mean_queue:0.0
intersection:22, mean_episode_reward:0.0, mean_queue:0.0
intersection:23, mean_episode_reward:0.0, mean_queue:0.0
intersection:24, mean_episode_reward:0.0, mean_queue:0.0
intersection:25, mean_episode_reward:0.0, mean_queue:0.0
intersection:26, mean_episode_reward:0.0, mean_queue:0.0
intersection:27, mean_episode_reward:0.0, mean_queue:0.0
intersection:28, mean_episode_reward:0.0, mean_queue:0.0
intersection:29, mean_episode_reward:0.0, mean_queue:0.0
intersection:30, mean_episode_reward:0.0, mean_queue:0.0
intersection:31, mean_episode_reward:0.0, mean_queue:0.0
Test step:26/200, travel time :186.8787043418332, rewards:-11.339169650607639, queue:0.41119791666666666, delay:0.026409814092848035, throughput:1451
step:3600/3600, q_loss:0.5083277225494385, rewards:-11.245836046006945, queue:0.4107638888888889, delay:0.027017455630832247, throughput:1454
episode:27/200, real avg travel time:186.28335625859697
intersection:0, mean_episode_reward:-0.8130558729171753, mean_queue:0.9361110925674438
intersection:1, mean_episode_reward:-0.7250000834465027, mean_queue:0.8333333134651184
intersection:2, mean_episode_reward:-0.9650001525878906, mean_queue:1.1083333492279053
intersection:3, mean_episode_reward:-0.7047223448753357, mean_queue:0.8083333373069763
intersection:4, mean_episode_reward:-0.7219446897506714, mean_queue:0.8611111044883728
intersection:5, mean_episode_reward:-0.6483333110809326, mean_queue:0.7527777552604675
intersection:6, mean_episode_reward:-0.6036113500595093, mean_queue:0.7250000238418579
intersection:7, mean_episode_reward:-0.4550001323223114, mean_queue:0.550000011920929
intersection:8, mean_episode_reward:-0.7894447445869446, mean_queue:0.8972222208976746
intersection:9, mean_episode_reward:-0.7736111283302307, mean_queue:0.8861111402511597
intersection:10, mean_episode_reward:-0.6486111283302307, mean_queue:0.75
intersection:11, mean_episode_reward:-0.7816668748855591, mean_queue:0.9166666865348816
intersection:12, mean_episode_reward:-0.6866667866706848, mean_queue:0.7944444417953491
intersection:13, mean_episode_reward:-0.7361112833023071, mean_queue:0.8722222447395325
intersection:14, mean_episode_reward:-0.5955560207366943, mean_queue:0.7333333492279053
intersection:15, mean_episode_reward:-0.5975002646446228, mean_queue:0.7194444537162781
intersection:16, mean_episode_reward:0.0, mean_queue:0.0
intersection:17, mean_episode_reward:0.0, mean_queue:0.0
intersection:18, mean_episode_reward:0.0, mean_queue:0.0
intersection:19, mean_episode_reward:0.0, mean_queue:0.0
intersection:20, mean_episode_reward:0.0, mean_queue:0.0
intersection:21, mean_episode_reward:0.0, mean_queue:0.0
intersection:22, mean_episode_reward:0.0, mean_queue:0.0
intersection:23, mean_episode_reward:0.0, mean_queue:0.0
intersection:24, mean_episode_reward:0.0, mean_queue:0.0
intersection:25, mean_episode_reward:0.0, mean_queue:0.0
intersection:26, mean_episode_reward:0.0, mean_queue:0.0
intersection:27, mean_episode_reward:0.0, mean_queue:0.0
intersection:28, mean_episode_reward:0.0, mean_queue:0.0
intersection:29, mean_episode_reward:0.0, mean_queue:0.0
intersection:30, mean_episode_reward:0.0, mean_queue:0.0
intersection:31, mean_episode_reward:0.0, mean_queue:0.0
Test step:27/200, travel time :186.24071526822559, rewards:-11.263612874348958, queue:0.40815972222222224, delay:0.026654553413391114, throughput:1454
step:3600/3600, q_loss:0.4368354082107544, rewards:-11.442225477430556, queue:0.41484375, delay:0.02698107295566135, throughput:1451
episode:28/200, real avg travel time:186.11784975878703
intersection:0, mean_episode_reward:-0.6925002336502075, mean_queue:0.8055555820465088
intersection:1, mean_episode_reward:-0.8777777552604675, mean_queue:1.0027778148651123
intersection:2, mean_episode_reward:-0.9636114239692688, mean_queue:1.0944443941116333
intersection:3, mean_episode_reward:-0.6100001335144043, mean_queue:0.6916666626930237
intersection:4, mean_episode_reward:-0.7352777123451233, mean_queue:0.8500000238418579
intersection:5, mean_episode_reward:-0.6152779459953308, mean_queue:0.7250000238418579
intersection:6, mean_episode_reward:-0.5880556702613831, mean_queue:0.6805555820465088
intersection:7, mean_episode_reward:-0.5005558133125305, mean_queue:0.5861111283302307
intersection:8, mean_episode_reward:-0.895555853843689, mean_queue:1.005555510520935
intersection:9, mean_episode_reward:-0.8325002193450928, mean_queue:0.9722222089767456
intersection:10, mean_episode_reward:-0.7294442653656006, mean_queue:0.855555534362793
intersection:11, mean_episode_reward:-0.7044446468353271, mean_queue:0.824999988079071
intersection:12, mean_episode_reward:-0.7716668844223022, mean_queue:0.8805555701255798
intersection:13, mean_episode_reward:-0.753611147403717, mean_queue:0.9083333611488342
intersection:14, mean_episode_reward:-0.5605557560920715, mean_queue:0.6777777671813965
intersection:15, mean_episode_reward:-0.6113891005516052, mean_queue:0.7138888835906982
intersection:16, mean_episode_reward:0.0, mean_queue:0.0
intersection:17, mean_episode_reward:0.0, mean_queue:0.0
intersection:18, mean_episode_reward:0.0, mean_queue:0.0
intersection:19, mean_episode_reward:0.0, mean_queue:0.0
intersection:20, mean_episode_reward:0.0, mean_queue:0.0
intersection:21, mean_episode_reward:0.0, mean_queue:0.0
intersection:22, mean_episode_reward:0.0, mean_queue:0.0
intersection:23, mean_episode_reward:0.0, mean_queue:0.0
intersection:24, mean_episode_reward:0.0, mean_queue:0.0
intersection:25, mean_episode_reward:0.0, mean_queue:0.0
intersection:26, mean_episode_reward:0.0, mean_queue:0.0
intersection:27, mean_episode_reward:0.0, mean_queue:0.0
intersection:28, mean_episode_reward:0.0, mean_queue:0.0
intersection:29, mean_episode_reward:0.0, mean_queue:0.0
intersection:30, mean_episode_reward:0.0, mean_queue:0.0
intersection:31, mean_episode_reward:0.0, mean_queue:0.0
Test step:28/200, travel time :184.36802205375602, rewards:-10.783336046006944, queue:0.39401041666666664, delay:0.025910592079162596, throughput:1451
step:3600/3600, q_loss:0.3769465982913971, rewards:-10.941668701171874, queue:0.3998263888888889, delay:0.026244852277967665, throughput:1453
episode:29/200, real avg travel time:185.2973158981418
intersection:0, mean_episode_reward:-0.7483335137367249, mean_queue:0.8722222447395325
intersection:1, mean_episode_reward:-0.79749995470047, mean_queue:0.9388889074325562
intersection:2, mean_episode_reward:-0.8855556845664978, mean_queue:1.0333333015441895
intersection:3, mean_episode_reward:-0.7250001430511475, mean_queue:0.8416666388511658
intersection:4, mean_episode_reward:-0.7966669797897339, mean_queue:0.9166666865348816
intersection:5, mean_episode_reward:-0.6072222590446472, mean_queue:0.7111111283302307
intersection:6, mean_episode_reward:-0.5383333563804626, mean_queue:0.6527777910232544
intersection:7, mean_episode_reward:-0.45916688442230225, mean_queue:0.5305555462837219
intersection:8, mean_episode_reward:-0.7147223353385925, mean_queue:0.8222222328186035
intersection:9, mean_episode_reward:-0.7197225093841553, mean_queue:0.8416666388511658
intersection:10, mean_episode_reward:-0.5861111283302307, mean_queue:0.6833333373069763
intersection:11, mean_episode_reward:-0.7527778744697571, mean_queue:0.8722222447395325
intersection:12, mean_episode_reward:-0.7663891911506653, mean_queue:0.8694444298744202
intersection:13, mean_episode_reward:-0.7036113142967224, mean_queue:0.8416666388511658
intersection:14, mean_episode_reward:-0.5866668224334717, mean_queue:0.6944444179534912
intersection:15, mean_episode_reward:-0.5538890957832336, mean_queue:0.6722221970558167
intersection:16, mean_episode_reward:0.0, mean_queue:0.0
intersection:17, mean_episode_reward:0.0, mean_queue:0.0
intersection:18, mean_episode_reward:0.0, mean_queue:0.0
intersection:19, mean_episode_reward:0.0, mean_queue:0.0
intersection:20, mean_episode_reward:0.0, mean_queue:0.0
intersection:21, mean_episode_reward:0.0, mean_queue:0.0
intersection:22, mean_episode_reward:0.0, mean_queue:0.0
intersection:23, mean_episode_reward:0.0, mean_queue:0.0
intersection:24, mean_episode_reward:0.0, mean_queue:0.0
intersection:25, mean_episode_reward:0.0, mean_queue:0.0
intersection:26, mean_episode_reward:0.0, mean_queue:0.0
intersection:27, mean_episode_reward:0.0, mean_queue:0.0
intersection:28, mean_episode_reward:0.0, mean_queue:0.0
intersection:29, mean_episode_reward:0.0, mean_queue:0.0
intersection:30, mean_episode_reward:0.0, mean_queue:0.0
intersection:31, mean_episode_reward:0.0, mean_queue:0.0
Test step:29/200, travel time :185.10330578512398, rewards:-10.585836452907985, queue:0.38472222222222224, delay:0.025976906882392035, throughput:1452
step:3600/3600, q_loss:0.5095672607421875, rewards:-10.706113009982639, queue:0.39079861111111114, delay:0.02577985922495524, throughput:1451
episode:30/200, real avg travel time:184.77325982081322
intersection:0, mean_episode_reward:-0.7377780675888062, mean_queue:0.8583333492279053
intersection:1, mean_episode_reward:-0.7675000429153442, mean_queue:0.8916666507720947
intersection:2, mean_episode_reward:-0.6869446039199829, mean_queue:0.8111110925674438
intersection:3, mean_episode_reward:-0.7188891172409058, mean_queue:0.8305555582046509
intersection:4, mean_episode_reward:-0.8166667222976685, mean_queue:0.9277777671813965
intersection:5, mean_episode_reward:-0.5930556654930115, mean_queue:0.7111111283302307
intersection:6, mean_episode_reward:-0.5052780508995056, mean_queue:0.6027777791023254
intersection:7, mean_episode_reward:-0.45527780055999756, mean_queue:0.5472221970558167
intersection:8, mean_episode_reward:-0.8194445371627808, mean_queue:0.9194444417953491
intersection:9, mean_episode_reward:-0.9347226619720459, mean_queue:1.0583332777023315
intersection:10, mean_episode_reward:-0.6444443464279175, mean_queue:0.7444444298744202
intersection:11, mean_episode_reward:-0.5900001525878906, mean_queue:0.7027778029441833
intersection:12, mean_episode_reward:-0.6905556321144104, mean_queue:0.8055555820465088
intersection:13, mean_episode_reward:-0.6397221684455872, mean_queue:0.7805555462837219
intersection:14, mean_episode_reward:-0.5802779197692871, mean_queue:0.6722221970558167
intersection:15, mean_episode_reward:-0.5255557298660278, mean_queue:0.6416666507720947
intersection:16, mean_episode_reward:0.0, mean_queue:0.0
intersection:17, mean_episode_reward:0.0, mean_queue:0.0
intersection:18, mean_episode_reward:0.0, mean_queue:0.0
intersection:19, mean_episode_reward:0.0, mean_queue:0.0
intersection:20, mean_episode_reward:0.0, mean_queue:0.0
intersection:21, mean_episode_reward:0.0, mean_queue:0.0
intersection:22, mean_episode_reward:0.0, mean_queue:0.0
intersection:23, mean_episode_reward:0.0, mean_queue:0.0
intersection:24, mean_episode_reward:0.0, mean_queue:0.0
intersection:25, mean_episode_reward:0.0, mean_queue:0.0
intersection:26, mean_episode_reward:0.0, mean_queue:0.0
intersection:27, mean_episode_reward:0.0, mean_queue:0.0
intersection:28, mean_episode_reward:0.0, mean_queue:0.0
intersection:29, mean_episode_reward:0.0, mean_queue:0.0
intersection:30, mean_episode_reward:0.0, mean_queue:0.0
intersection:31, mean_episode_reward:0.0, mean_queue:0.0
Test step:30/200, travel time :186.28787878787878, rewards:-11.514449055989584, queue:0.4175347222222222, delay:0.02681112289428711, throughput:1452
step:3600/3600, q_loss:0.5676330327987671, rewards:-10.883614095052083, queue:0.39644097222222224, delay:0.026294872495863174, throughput:1453
episode:31/200, real avg travel time:184.9538885065382
intersection:0, mean_episode_reward:-0.7311112880706787, mean_queue:0.8444444537162781
intersection:1, mean_episode_reward:-0.7405557632446289, mean_queue:0.8583333492279053
intersection:2, mean_episode_reward:-0.8694448471069336, mean_queue:1.0111111402511597
intersection:3, mean_episode_reward:-0.6347224116325378, mean_queue:0.7333333492279053
intersection:4, mean_episode_reward:-0.6625000834465027, mean_queue:0.7666666507720947
intersection:5, mean_episode_reward:-0.7222223281860352, mean_queue:0.8333333134651184
intersection:6, mean_episode_reward:-0.6302778720855713, mean_queue:0.7444444298744202
intersection:7, mean_episode_reward:-0.45750007033348083, mean_queue:0.5527777671813965
intersection:8, mean_episode_reward:-0.8794448971748352, mean_queue:1.0
intersection:9, mean_episode_reward:-0.7838891744613647, mean_queue:0.9055555462837219
intersection:10, mean_episode_reward:-0.741111159324646, mean_queue:0.8388888835906982
intersection:11, mean_episode_reward:-0.5675002336502075, mean_queue:0.6972222328186035
intersection:12, mean_episode_reward:-0.6866669058799744, mean_queue:0.7805555462837219
intersection:13, mean_episode_reward:-0.7569445371627808, mean_queue:0.894444465637207
intersection:14, mean_episode_reward:-0.5936112403869629, mean_queue:0.6944444179534912
intersection:15, mean_episode_reward:-0.4261111915111542, mean_queue:0.5305555462837219
intersection:16, mean_episode_reward:0.0, mean_queue:0.0
intersection:17, mean_episode_reward:0.0, mean_queue:0.0
intersection:18, mean_episode_reward:0.0, mean_queue:0.0
intersection:19, mean_episode_reward:0.0, mean_queue:0.0
intersection:20, mean_episode_reward:0.0, mean_queue:0.0
intersection:21, mean_episode_reward:0.0, mean_queue:0.0
intersection:22, mean_episode_reward:0.0, mean_queue:0.0
intersection:23, mean_episode_reward:0.0, mean_queue:0.0
intersection:24, mean_episode_reward:0.0, mean_queue:0.0
intersection:25, mean_episode_reward:0.0, mean_queue:0.0
intersection:26, mean_episode_reward:0.0, mean_queue:0.0
intersection:27, mean_episode_reward:0.0, mean_queue:0.0
intersection:28, mean_episode_reward:0.0, mean_queue:0.0
intersection:29, mean_episode_reward:0.0, mean_queue:0.0
intersection:30, mean_episode_reward:0.0, mean_queue:0.0
intersection:31, mean_episode_reward:0.0, mean_queue:0.0
Test step:31/200, travel time :186.88774104683196, rewards:-11.285281032986111, queue:0.41067708333333336, delay:0.0267546017964681, throughput:1452
step:3600/3600, q_loss:0.4179055988788605, rewards:-11.395003255208334, queue:0.4118923611111111, delay:0.026456287172105578, throughput:1455
episode:32/200, real avg travel time:186.58969072164948
intersection:0, mean_episode_reward:-0.6377781629562378, mean_queue:0.7527777552604675
intersection:1, mean_episode_reward:-0.8219447731971741, mean_queue:0.9277777671813965
intersection:2, mean_episode_reward:-0.7852779626846313, mean_queue:0.9166666865348816
intersection:3, mean_episode_reward:-0.6022223830223083, mean_queue:0.7111111283302307
intersection:4, mean_episode_reward:-0.7688889503479004, mean_queue:0.894444465637207
intersection:5, mean_episode_reward:-0.616666853427887, mean_queue:0.7277777791023254
intersection:6, mean_episode_reward:-0.6380557417869568, mean_queue:0.7277777791023254
intersection:7, mean_episode_reward:-0.5361112952232361, mean_queue:0.625
intersection:8, mean_episode_reward:-0.7961111068725586, mean_queue:0.9055555462837219
intersection:9, mean_episode_reward:-0.8563892841339111, mean_queue:0.9583333134651184
intersection:10, mean_episode_reward:-0.7141665816307068, mean_queue:0.8222222328186035
intersection:11, mean_episode_reward:-1.0144449472427368, mean_queue:1.125
intersection:12, mean_episode_reward:-0.7661112546920776, mean_queue:0.8861111402511597
intersection:13, mean_episode_reward:-0.7383334636688232, mean_queue:0.8777777552604675
intersection:14, mean_episode_reward:-0.5238890051841736, mean_queue:0.6277777552604675
intersection:15, mean_episode_reward:-0.5786113739013672, mean_queue:0.6944444179534912
intersection:16, mean_episode_reward:0.0, mean_queue:0.0
intersection:17, mean_episode_reward:0.0, mean_queue:0.0
intersection:18, mean_episode_reward:0.0, mean_queue:0.0
intersection:19, mean_episode_reward:0.0, mean_queue:0.0
intersection:20, mean_episode_reward:0.0, mean_queue:0.0
intersection:21, mean_episode_reward:0.0, mean_queue:0.0
intersection:22, mean_episode_reward:0.0, mean_queue:0.0
intersection:23, mean_episode_reward:0.0, mean_queue:0.0
intersection:24, mean_episode_reward:0.0, mean_queue:0.0
intersection:25, mean_episode_reward:0.0, mean_queue:0.0
intersection:26, mean_episode_reward:0.0, mean_queue:0.0
intersection:27, mean_episode_reward:0.0, mean_queue:0.0
intersection:28, mean_episode_reward:0.0, mean_queue:0.0
intersection:29, mean_episode_reward:0.0, mean_queue:0.0
intersection:30, mean_episode_reward:0.0, mean_queue:0.0
intersection:31, mean_episode_reward:0.0, mean_queue:0.0
Test step:32/200, travel time :184.63523743977976, rewards:-10.501669650607639, queue:0.38229166666666664, delay:0.025300926632351346, throughput:1453
step:3600/3600, q_loss:0.5859772562980652, rewards:-11.571670193142362, queue:0.4165798611111111, delay:0.027361867162916394, throughput:1448
episode:33/200, real avg travel time:186.83701657458565
intersection:0, mean_episode_reward:-0.8088891506195068, mean_queue:0.9194444417953491
intersection:1, mean_episode_reward:-0.8200000524520874, mean_queue:0.9361110925674438
intersection:2, mean_episode_reward:-0.7847223281860352, mean_queue:0.9222221970558167
intersection:3, mean_episode_reward:-0.6186113357543945, mean_queue:0.7277777791023254
intersection:4, mean_episode_reward:-0.7827781438827515, mean_queue:0.8888888955116272
intersection:5, mean_episode_reward:-0.5488891005516052, mean_queue:0.6527777910232544
intersection:6, mean_episode_reward:-0.6250000596046448, mean_queue:0.7166666388511658
intersection:7, mean_episode_reward:-0.4994446635246277, mean_queue:0.5972222089767456
intersection:8, mean_episode_reward:-0.8891667723655701, mean_queue:0.9861111044883728
intersection:9, mean_episode_reward:-0.8947225213050842, mean_queue:1.0083333253860474
intersection:10, mean_episode_reward:-0.770833432674408, mean_queue:0.8805555701255798
intersection:11, mean_episode_reward:-0.7183336019515991, mean_queue:0.8305555582046509
intersection:12, mean_episode_reward:-0.7436111569404602, mean_queue:0.8361111283302307
intersection:13, mean_episode_reward:-0.7366668581962585, mean_queue:0.8694444298744202
intersection:14, mean_episode_reward:-0.6700001955032349, mean_queue:0.7833333611488342
intersection:15, mean_episode_reward:-0.6600003838539124, mean_queue:0.7749999761581421
intersection:16, mean_episode_reward:0.0, mean_queue:0.0
intersection:17, mean_episode_reward:0.0, mean_queue:0.0
intersection:18, mean_episode_reward:0.0, mean_queue:0.0
intersection:19, mean_episode_reward:0.0, mean_queue:0.0
intersection:20, mean_episode_reward:0.0, mean_queue:0.0
intersection:21, mean_episode_reward:0.0, mean_queue:0.0
intersection:22, mean_episode_reward:0.0, mean_queue:0.0
intersection:23, mean_episode_reward:0.0, mean_queue:0.0
intersection:24, mean_episode_reward:0.0, mean_queue:0.0
intersection:25, mean_episode_reward:0.0, mean_queue:0.0
intersection:26, mean_episode_reward:0.0, mean_queue:0.0
intersection:27, mean_episode_reward:0.0, mean_queue:0.0
intersection:28, mean_episode_reward:0.0, mean_queue:0.0
intersection:29, mean_episode_reward:0.0, mean_queue:0.0
intersection:30, mean_episode_reward:0.0, mean_queue:0.0
intersection:31, mean_episode_reward:0.0, mean_queue:0.0
Test step:33/200, travel time :186.1936595451413, rewards:-11.214447021484375, queue:0.4084201388888889, delay:0.026654855410257975, throughput:1451
step:3600/3600, q_loss:0.470063179731369, rewards:-11.090558539496527, queue:0.40208333333333335, delay:0.0262145201365153, throughput:1451
episode:34/200, real avg travel time:185.8986905582357
intersection:0, mean_episode_reward:-0.779444694519043, mean_queue:0.8888888955116272
intersection:1, mean_episode_reward:-0.7336112260818481, mean_queue:0.8527777791023254
intersection:2, mean_episode_reward:-0.8883333206176758, mean_queue:1.005555510520935
intersection:3, mean_episode_reward:-0.6308335661888123, mean_queue:0.7333333492279053
intersection:4, mean_episode_reward:-0.7219447493553162, mean_queue:0.8361111283302307
intersection:5, mean_episode_reward:-0.7222225666046143, mean_queue:0.8166666626930237
intersection:6, mean_episode_reward:-0.5755558609962463, mean_queue:0.6722221970558167
intersection:7, mean_episode_reward:-0.4622223377227783, mean_queue:0.5555555820465088
intersection:8, mean_episode_reward:-0.9080554246902466, mean_queue:1.0138888359069824
intersection:9, mean_episode_reward:-0.7319446802139282, mean_queue:0.8416666388511658
intersection:10, mean_episode_reward:-0.6911112070083618, mean_queue:0.7972221970558167
intersection:11, mean_episode_reward:-0.795000433921814, mean_queue:0.9305555820465088
intersection:12, mean_episode_reward:-0.8413891196250916, mean_queue:0.9666666388511658
intersection:13, mean_episode_reward:-0.51583331823349, mean_queue:0.6388888955116272
intersection:14, mean_episode_reward:-0.6477779150009155, mean_queue:0.7527777552604675
intersection:15, mean_episode_reward:-0.4452780485153198, mean_queue:0.5638889074325562
intersection:16, mean_episode_reward:0.0, mean_queue:0.0
intersection:17, mean_episode_reward:0.0, mean_queue:0.0
intersection:18, mean_episode_reward:0.0, mean_queue:0.0
intersection:19, mean_episode_reward:0.0, mean_queue:0.0
intersection:20, mean_episode_reward:0.0, mean_queue:0.0
intersection:21, mean_episode_reward:0.0, mean_queue:0.0
intersection:22, mean_episode_reward:0.0, mean_queue:0.0
intersection:23, mean_episode_reward:0.0, mean_queue:0.0
intersection:24, mean_episode_reward:0.0, mean_queue:0.0
intersection:25, mean_episode_reward:0.0, mean_queue:0.0
intersection:26, mean_episode_reward:0.0, mean_queue:0.0
intersection:27, mean_episode_reward:0.0, mean_queue:0.0
intersection:28, mean_episode_reward:0.0, mean_queue:0.0
intersection:29, mean_episode_reward:0.0, mean_queue:0.0
intersection:30, mean_episode_reward:0.0, mean_queue:0.0
intersection:31, mean_episode_reward:0.0, mean_queue:0.0
Test step:34/200, travel time :186.36802205375602, rewards:-11.451947699652777, queue:0.41328125, delay:0.02664181391398112, throughput:1451
step:3600/3600, q_loss:0.4471248686313629, rewards:-11.223335774739583, queue:0.40642361111111114, delay:0.026417636871337892, throughput:1451
episode:35/200, real avg travel time:185.81805651274982
intersection:0, mean_episode_reward:-0.6924999952316284, mean_queue:0.7861111164093018
intersection:1, mean_episode_reward:-0.7458333969116211, mean_queue:0.855555534362793
intersection:2, mean_episode_reward:-0.9183334112167358, mean_queue:1.0499999523162842
intersection:3, mean_episode_reward:-0.6297222971916199, mean_queue:0.7388888597488403
intersection:4, mean_episode_reward:-0.7497223019599915, mean_queue:0.855555534362793
intersection:5, mean_episode_reward:-0.6675001978874207, mean_queue:0.769444465637207
intersection:6, mean_episode_reward:-0.5836113691329956, mean_queue:0.6805555820465088
intersection:7, mean_episode_reward:-0.42500025033950806, mean_queue:0.5305555462837219
intersection:8, mean_episode_reward:-0.915555477142334, mean_queue:1.0277777910232544
intersection:9, mean_episode_reward:-0.8344445824623108, mean_queue:0.9666666388511658
intersection:10, mean_episode_reward:-0.7713890075683594, mean_queue:0.8777777552604675
intersection:11, mean_episode_reward:-0.7616667747497559, mean_queue:0.8833333253860474
intersection:12, mean_episode_reward:-0.6863889694213867, mean_queue:0.7972221970558167
intersection:13, mean_episode_reward:-0.7475005984306335, mean_queue:0.8777777552604675
intersection:14, mean_episode_reward:-0.5975003838539124, mean_queue:0.7027778029441833
intersection:15, mean_episode_reward:-0.4966667592525482, mean_queue:0.605555534362793
intersection:16, mean_episode_reward:0.0, mean_queue:0.0
intersection:17, mean_episode_reward:0.0, mean_queue:0.0
intersection:18, mean_episode_reward:0.0, mean_queue:0.0
intersection:19, mean_episode_reward:0.0, mean_queue:0.0
intersection:20, mean_episode_reward:0.0, mean_queue:0.0
intersection:21, mean_episode_reward:0.0, mean_queue:0.0
intersection:22, mean_episode_reward:0.0, mean_queue:0.0
intersection:23, mean_episode_reward:0.0, mean_queue:0.0
intersection:24, mean_episode_reward:0.0, mean_queue:0.0
intersection:25, mean_episode_reward:0.0, mean_queue:0.0
intersection:26, mean_episode_reward:0.0, mean_queue:0.0
intersection:27, mean_episode_reward:0.0, mean_queue:0.0
intersection:28, mean_episode_reward:0.0, mean_queue:0.0
intersection:29, mean_episode_reward:0.0, mean_queue:0.0
intersection:30, mean_episode_reward:0.0, mean_queue:0.0
intersection:31, mean_episode_reward:0.0, mean_queue:0.0
Test step:35/200, travel time :185.79986244841817, rewards:-11.05750257703993, queue:0.4002604166666667, delay:0.026294785075717503, throughput:1454
step:3600/3600, q_loss:0.5668784976005554, rewards:-11.387224663628473, queue:0.41380208333333335, delay:0.026815713776482477, throughput:1453
episode:36/200, real avg travel time:186.39229181004816
intersection:0, mean_episode_reward:-0.7988891005516052, mean_queue:0.9194444417953491
intersection:1, mean_episode_reward:-0.878611147403717, mean_queue:0.9888888597488403
intersection:2, mean_episode_reward:-0.9055555462837219, mean_queue:1.0527777671813965
intersection:3, mean_episode_reward:-0.6961113214492798, mean_queue:0.800000011920929
intersection:4, mean_episode_reward:-0.8700001239776611, mean_queue:0.980555534362793
intersection:5, mean_episode_reward:-0.5572222471237183, mean_queue:0.6666666865348816
intersection:6, mean_episode_reward:-0.6491670608520508, mean_queue:0.7611111402511597
intersection:7, mean_episode_reward:-0.43916672468185425, mean_queue:0.5444444417953491
intersection:8, mean_episode_reward:-0.9500003457069397, mean_queue:1.0638889074325562
intersection:9, mean_episode_reward:-0.8308336138725281, mean_queue:0.9638888835906982
intersection:10, mean_episode_reward:-0.7222222089767456, mean_queue:0.824999988079071
intersection:11, mean_episode_reward:-0.6008336544036865, mean_queue:0.7250000238418579
intersection:12, mean_episode_reward:-0.6672224402427673, mean_queue:0.7749999761581421
intersection:13, mean_episode_reward:-0.7130556702613831, mean_queue:0.8222222328186035
intersection:14, mean_episode_reward:-0.615277886390686, mean_queue:0.7444444298744202
intersection:15, mean_episode_reward:-0.4930558204650879, mean_queue:0.6083333492279053
intersection:16, mean_episode_reward:0.0, mean_queue:0.0
intersection:17, mean_episode_reward:0.0, mean_queue:0.0
intersection:18, mean_episode_reward:0.0, mean_queue:0.0
intersection:19, mean_episode_reward:0.0, mean_queue:0.0
intersection:20, mean_episode_reward:0.0, mean_queue:0.0
intersection:21, mean_episode_reward:0.0, mean_queue:0.0
intersection:22, mean_episode_reward:0.0, mean_queue:0.0
intersection:23, mean_episode_reward:0.0, mean_queue:0.0
intersection:24, mean_episode_reward:0.0, mean_queue:0.0
intersection:25, mean_episode_reward:0.0, mean_queue:0.0
intersection:26, mean_episode_reward:0.0, mean_queue:0.0
intersection:27, mean_episode_reward:0.0, mean_queue:0.0
intersection:28, mean_episode_reward:0.0, mean_queue:0.0
intersection:29, mean_episode_reward:0.0, mean_queue:0.0
intersection:30, mean_episode_reward:0.0, mean_queue:0.0
intersection:31, mean_episode_reward:0.0, mean_queue:0.0
Test step:36/200, travel time :186.18595041322314, rewards:-11.329725477430555, queue:0.41119791666666666, delay:0.02654108471340603, throughput:1452
step:3600/3600, q_loss:0.40608298778533936, rewards:-11.403892686631945, queue:0.4158854166666667, delay:0.026876333024766712, throughput:1451
episode:37/200, real avg travel time:186.17987594762232
intersection:0, mean_episode_reward:-0.8561112880706787, mean_queue:0.9694444537162781
intersection:1, mean_episode_reward:-0.7574999332427979, mean_queue:0.8722222447395325
intersection:2, mean_episode_reward:-1.002500295639038, mean_queue:1.1361111402511597
intersection:3, mean_episode_reward:-0.7002779841423035, mean_queue:0.8222222328186035
intersection:4, mean_episode_reward:-0.7802783250808716, mean_queue:0.9194444417953491
intersection:5, mean_episode_reward:-0.7552781105041504, mean_queue:0.8666666746139526
intersection:6, mean_episode_reward:-0.6361112594604492, mean_queue:0.7722222208976746
intersection:7, mean_episode_reward:-0.46138903498649597, mean_queue:0.5638889074325562
intersection:8, mean_episode_reward:-0.760833203792572, mean_queue:0.8416666388511658
intersection:9, mean_episode_reward:-0.8005555868148804, mean_queue:0.925000011920929
intersection:10, mean_episode_reward:-0.6527777314186096, mean_queue:0.7722222208976746
intersection:11, mean_episode_reward:-0.7169445753097534, mean_queue:0.8277778029441833
intersection:12, mean_episode_reward:-0.701111376285553, mean_queue:0.8305555582046509
intersection:13, mean_episode_reward:-0.6588893532752991, mean_queue:0.7805555462837219
intersection:14, mean_episode_reward:-0.6227779984474182, mean_queue:0.7416666746139526
intersection:15, mean_episode_reward:-0.540556013584137, mean_queue:0.6666666865348816
intersection:16, mean_episode_reward:0.0, mean_queue:0.0
intersection:17, mean_episode_reward:0.0, mean_queue:0.0
intersection:18, mean_episode_reward:0.0, mean_queue:0.0
intersection:19, mean_episode_reward:0.0, mean_queue:0.0
intersection:20, mean_episode_reward:0.0, mean_queue:0.0
intersection:21, mean_episode_reward:0.0, mean_queue:0.0
intersection:22, mean_episode_reward:0.0, mean_queue:0.0
intersection:23, mean_episode_reward:0.0, mean_queue:0.0
intersection:24, mean_episode_reward:0.0, mean_queue:0.0
intersection:25, mean_episode_reward:0.0, mean_queue:0.0
intersection:26, mean_episode_reward:0.0, mean_queue:0.0
intersection:27, mean_episode_reward:0.0, mean_queue:0.0
intersection:28, mean_episode_reward:0.0, mean_queue:0.0
intersection:29, mean_episode_reward:0.0, mean_queue:0.0
intersection:30, mean_episode_reward:0.0, mean_queue:0.0
intersection:31, mean_episode_reward:0.0, mean_queue:0.0
Test step:37/200, travel time :185.83241379310346, rewards:-11.327780490451389, queue:0.40850694444444446, delay:0.02606330977545844, throughput:1450
step:3600/3600, q_loss:0.4508161246776581, rewards:-11.676114908854167, queue:0.42291666666666666, delay:0.026766901546054416, throughput:1452
episode:38/200, real avg travel time:187.02341597796143
intersection:0, mean_episode_reward:-0.8602780699729919, mean_queue:0.9777777791023254
intersection:1, mean_episode_reward:-0.764722466468811, mean_queue:0.8777777552604675
intersection:2, mean_episode_reward:-1.0250002145767212, mean_queue:1.1722222566604614
intersection:3, mean_episode_reward:-0.6305555701255798, mean_queue:0.7444444298744202
intersection:4, mean_episode_reward:-0.8191671371459961, mean_queue:0.949999988079071
intersection:5, mean_episode_reward:-0.6405556797981262, mean_queue:0.7444444298744202
intersection:6, mean_episode_reward:-0.7269447445869446, mean_queue:0.8305555582046509
intersection:7, mean_episode_reward:-0.5419447422027588, mean_queue:0.6277777552604675
intersection:8, mean_episode_reward:-0.8694443702697754, mean_queue:0.9833333492279053
intersection:9, mean_episode_reward:-0.8155555725097656, mean_queue:0.9361110925674438
intersection:10, mean_episode_reward:-0.716111421585083, mean_queue:0.8361111283302307
intersection:11, mean_episode_reward:-0.6105558276176453, mean_queue:0.7166666388511658
intersection:12, mean_episode_reward:-0.7780560255050659, mean_queue:0.8833333253860474
intersection:13, mean_episode_reward:-0.7033336162567139, mean_queue:0.8500000238418579
intersection:14, mean_episode_reward:-0.6236110925674438, mean_queue:0.7333333492279053
intersection:15, mean_episode_reward:-0.5502781271934509, mean_queue:0.6694444417953491
intersection:16, mean_episode_reward:0.0, mean_queue:0.0
intersection:17, mean_episode_reward:0.0, mean_queue:0.0
intersection:18, mean_episode_reward:0.0, mean_queue:0.0
intersection:19, mean_episode_reward:0.0, mean_queue:0.0
intersection:20, mean_episode_reward:0.0, mean_queue:0.0
intersection:21, mean_episode_reward:0.0, mean_queue:0.0
intersection:22, mean_episode_reward:0.0, mean_queue:0.0
intersection:23, mean_episode_reward:0.0, mean_queue:0.0
intersection:24, mean_episode_reward:0.0, mean_queue:0.0
intersection:25, mean_episode_reward:0.0, mean_queue:0.0
intersection:26, mean_episode_reward:0.0, mean_queue:0.0
intersection:27, mean_episode_reward:0.0, mean_queue:0.0
intersection:28, mean_episode_reward:0.0, mean_queue:0.0
intersection:29, mean_episode_reward:0.0, mean_queue:0.0
intersection:30, mean_episode_reward:0.0, mean_queue:0.0
intersection:31, mean_episode_reward:0.0, mean_queue:0.0
Test step:38/200, travel time :185.68461007591443, rewards:-11.17305908203125, queue:0.4080729166666667, delay:0.026846594280666776, throughput:1449
step:3600/3600, q_loss:0.41719961166381836, rewards:-10.982223849826388, queue:0.3990451388888889, delay:0.0258998261557685, throughput:1451
episode:39/200, real avg travel time:184.9014472777395
intersection:0, mean_episode_reward:-0.708055853843689, mean_queue:0.800000011920929
intersection:1, mean_episode_reward:-0.7438890933990479, mean_queue:0.855555534362793
intersection:2, mean_episode_reward:-0.8666669130325317, mean_queue:0.9750000238418579
intersection:3, mean_episode_reward:-0.5744447708129883, mean_queue:0.6944444179534912
intersection:4, mean_episode_reward:-0.7294444441795349, mean_queue:0.8416666388511658
intersection:5, mean_episode_reward:-0.6316667199134827, mean_queue:0.7416666746139526
intersection:6, mean_episode_reward:-0.5377777814865112, mean_queue:0.644444465637207
intersection:7, mean_episode_reward:-0.5216668248176575, mean_queue:0.6000000238418579
intersection:8, mean_episode_reward:-0.8094444274902344, mean_queue:0.9166666865348816
intersection:9, mean_episode_reward:-0.793889045715332, mean_queue:0.9222221970558167
intersection:10, mean_episode_reward:-0.6133334636688232, mean_queue:0.7166666388511658
intersection:11, mean_episode_reward:-0.7477778196334839, mean_queue:0.875
intersection:12, mean_episode_reward:-0.8133331537246704, mean_queue:0.9222221970558167
intersection:13, mean_episode_reward:-0.7755556702613831, mean_queue:0.9083333611488342
intersection:14, mean_episode_reward:-0.5955556035041809, mean_queue:0.7194444537162781
intersection:15, mean_episode_reward:-0.519722580909729, mean_queue:0.6361111402511597
intersection:16, mean_episode_reward:0.0, mean_queue:0.0
intersection:17, mean_episode_reward:0.0, mean_queue:0.0
intersection:18, mean_episode_reward:0.0, mean_queue:0.0
intersection:19, mean_episode_reward:0.0, mean_queue:0.0
intersection:20, mean_episode_reward:0.0, mean_queue:0.0
intersection:21, mean_episode_reward:0.0, mean_queue:0.0
intersection:22, mean_episode_reward:0.0, mean_queue:0.0
intersection:23, mean_episode_reward:0.0, mean_queue:0.0
intersection:24, mean_episode_reward:0.0, mean_queue:0.0
intersection:25, mean_episode_reward:0.0, mean_queue:0.0
intersection:26, mean_episode_reward:0.0, mean_queue:0.0
intersection:27, mean_episode_reward:0.0, mean_queue:0.0
intersection:28, mean_episode_reward:0.0, mean_queue:0.0
intersection:29, mean_episode_reward:0.0, mean_queue:0.0
intersection:30, mean_episode_reward:0.0, mean_queue:0.0
intersection:31, mean_episode_reward:0.0, mean_queue:0.0
Test step:39/200, travel time :185.12181693048865, rewards:-10.942502170138889, queue:0.396875, delay:0.02502713468339708, throughput:1453
step:3600/3600, q_loss:0.7144998908042908, rewards:-11.230557590060764, queue:0.40598958333333335, delay:0.02602389653523763, throughput:1452
episode:40/200, real avg travel time:185.5702479338843
intersection:0, mean_episode_reward:-0.7419443726539612, mean_queue:0.8527777791023254
intersection:1, mean_episode_reward:-0.7383334636688232, mean_queue:0.8444444537162781
intersection:2, mean_episode_reward:-0.7705556154251099, mean_queue:0.8722222447395325
intersection:3, mean_episode_reward:-0.7138890624046326, mean_queue:0.8333333134651184
intersection:4, mean_episode_reward:-0.7963889241218567, mean_queue:0.9111111164093018
intersection:5, mean_episode_reward:-0.6669445633888245, mean_queue:0.7722222208976746
intersection:6, mean_episode_reward:-0.6133334040641785, mean_queue:0.7250000238418579
intersection:7, mean_episode_reward:-0.3980555534362793, mean_queue:0.5055555701255798
intersection:8, mean_episode_reward:-0.956666886806488, mean_queue:1.0611110925674438
intersection:9, mean_episode_reward:-0.8950002789497375, mean_queue:1.0222222805023193
intersection:10, mean_episode_reward:-0.6936110854148865, mean_queue:0.8027777671813965
intersection:11, mean_episode_reward:-0.6958336234092712, mean_queue:0.8222222328186035
intersection:12, mean_episode_reward:-0.78083336353302, mean_queue:0.8638888597488403
intersection:13, mean_episode_reward:-0.7061112523078918, mean_queue:0.8277778029441833
intersection:14, mean_episode_reward:-0.5163891315460205, mean_queue:0.6222222447395325
intersection:15, mean_episode_reward:-0.5466670393943787, mean_queue:0.6527777910232544
intersection:16, mean_episode_reward:0.0, mean_queue:0.0
intersection:17, mean_episode_reward:0.0, mean_queue:0.0
intersection:18, mean_episode_reward:0.0, mean_queue:0.0
intersection:19, mean_episode_reward:0.0, mean_queue:0.0
intersection:20, mean_episode_reward:0.0, mean_queue:0.0
intersection:21, mean_episode_reward:0.0, mean_queue:0.0
intersection:22, mean_episode_reward:0.0, mean_queue:0.0
intersection:23, mean_episode_reward:0.0, mean_queue:0.0
intersection:24, mean_episode_reward:0.0, mean_queue:0.0
intersection:25, mean_episode_reward:0.0, mean_queue:0.0
intersection:26, mean_episode_reward:0.0, mean_queue:0.0
intersection:27, mean_episode_reward:0.0, mean_queue:0.0
intersection:28, mean_episode_reward:0.0, mean_queue:0.0
intersection:29, mean_episode_reward:0.0, mean_queue:0.0
intersection:30, mean_episode_reward:0.0, mean_queue:0.0
intersection:31, mean_episode_reward:0.0, mean_queue:0.0
Test step:40/200, travel time :185.87818306951135, rewards:-11.40444607204861, queue:0.41640625, delay:0.02698399755689833, throughput:1453
step:3600/3600, q_loss:0.4450170695781708, rewards:-10.828892008463542, queue:0.39444444444444443, delay:0.025390479299757216, throughput:1452
episode:41/200, real avg travel time:184.89325068870522
intersection:0, mean_episode_reward:-0.6966668963432312, mean_queue:0.7861111164093018
intersection:1, mean_episode_reward:-0.7597224116325378, mean_queue:0.8583333492279053
intersection:2, mean_episode_reward:-0.8113892674446106, mean_queue:0.9416666626930237
intersection:3, mean_episode_reward:-0.6216669082641602, mean_queue:0.7388888597488403
intersection:4, mean_episode_reward:-0.7650003433227539, mean_queue:0.8916666507720947
intersection:5, mean_episode_reward:-0.6913889050483704, mean_queue:0.7888888716697693
intersection:6, mean_episode_reward:-0.6030557155609131, mean_queue:0.699999988079071
intersection:7, mean_episode_reward:-0.46888914704322815, mean_queue:0.5583333373069763
intersection:8, mean_episode_reward:-0.8938891291618347, mean_queue:0.9944444298744202
intersection:9, mean_episode_reward:-0.7933334112167358, mean_queue:0.9333333373069763
intersection:10, mean_episode_reward:-0.6113889217376709, mean_queue:0.7194444537162781
intersection:11, mean_episode_reward:-0.5855557322502136, mean_queue:0.7138888835906982
intersection:12, mean_episode_reward:-0.8144446611404419, mean_queue:0.9194444417953491
intersection:13, mean_episode_reward:-0.7191668152809143, mean_queue:0.8527777791023254
intersection:14, mean_episode_reward:-0.45750024914741516, mean_queue:0.5805555582046509
intersection:15, mean_episode_reward:-0.5358335971832275, mean_queue:0.644444465637207
intersection:16, mean_episode_reward:0.0, mean_queue:0.0
intersection:17, mean_episode_reward:0.0, mean_queue:0.0
intersection:18, mean_episode_reward:0.0, mean_queue:0.0
intersection:19, mean_episode_reward:0.0, mean_queue:0.0
intersection:20, mean_episode_reward:0.0, mean_queue:0.0
intersection:21, mean_episode_reward:0.0, mean_queue:0.0
intersection:22, mean_episode_reward:0.0, mean_queue:0.0
intersection:23, mean_episode_reward:0.0, mean_queue:0.0
intersection:24, mean_episode_reward:0.0, mean_queue:0.0
intersection:25, mean_episode_reward:0.0, mean_queue:0.0
intersection:26, mean_episode_reward:0.0, mean_queue:0.0
intersection:27, mean_episode_reward:0.0, mean_queue:0.0
intersection:28, mean_episode_reward:0.0, mean_queue:0.0
intersection:29, mean_episode_reward:0.0, mean_queue:0.0
intersection:30, mean_episode_reward:0.0, mean_queue:0.0
intersection:31, mean_episode_reward:0.0, mean_queue:0.0
Test step:41/200, travel time :185.46487603305786, rewards:-11.081391059027778, queue:0.40243055555555557, delay:0.026716714435153537, throughput:1452
step:3600/3600, q_loss:0.38047632575035095, rewards:-11.54555935329861, queue:0.41875, delay:0.026679603258768718, throughput:1451
episode:42/200, real avg travel time:186.46795313576843
intersection:0, mean_episode_reward:-0.6350002884864807, mean_queue:0.7444444298744202
intersection:1, mean_episode_reward:-0.856389045715332, mean_queue:0.9750000238418579
intersection:2, mean_episode_reward:-0.9150002598762512, mean_queue:1.0444444417953491
intersection:3, mean_episode_reward:-0.6994446516036987, mean_queue:0.8138889074325562
intersection:4, mean_episode_reward:-0.8388890027999878, mean_queue:0.9472222328186035
intersection:5, mean_episode_reward:-0.7344447374343872, mean_queue:0.8416666388511658
intersection:6, mean_episode_reward:-0.7322225570678711, mean_queue:0.8583333492279053
intersection:7, mean_episode_reward:-0.5333335399627686, mean_queue:0.644444465637207
intersection:8, mean_episode_reward:-0.8519445061683655, mean_queue:0.9555555582046509
intersection:9, mean_episode_reward:-0.7669445276260376, mean_queue:0.875
intersection:10, mean_episode_reward:-0.6422224640846252, mean_queue:0.7611111402511597
intersection:11, mean_episode_reward:-0.7405556440353394, mean_queue:0.8611111044883728
intersection:12, mean_episode_reward:-0.712500274181366, mean_queue:0.8194444179534912
intersection:13, mean_episode_reward:-0.8102781772613525, mean_queue:0.949999988079071
intersection:14, mean_episode_reward:-0.5533334016799927, mean_queue:0.6666666865348816
intersection:15, mean_episode_reward:-0.523055911064148, mean_queue:0.6416666507720947
intersection:16, mean_episode_reward:0.0, mean_queue:0.0
intersection:17, mean_episode_reward:0.0, mean_queue:0.0
intersection:18, mean_episode_reward:0.0, mean_queue:0.0
intersection:19, mean_episode_reward:0.0, mean_queue:0.0
intersection:20, mean_episode_reward:0.0, mean_queue:0.0
intersection:21, mean_episode_reward:0.0, mean_queue:0.0
intersection:22, mean_episode_reward:0.0, mean_queue:0.0
intersection:23, mean_episode_reward:0.0, mean_queue:0.0
intersection:24, mean_episode_reward:0.0, mean_queue:0.0
intersection:25, mean_episode_reward:0.0, mean_queue:0.0
intersection:26, mean_episode_reward:0.0, mean_queue:0.0
intersection:27, mean_episode_reward:0.0, mean_queue:0.0
intersection:28, mean_episode_reward:0.0, mean_queue:0.0
intersection:29, mean_episode_reward:0.0, mean_queue:0.0
intersection:30, mean_episode_reward:0.0, mean_queue:0.0
intersection:31, mean_episode_reward:0.0, mean_queue:0.0
Test step:42/200, travel time :187.4369400413508, rewards:-11.911668565538195, queue:0.4306423611111111, delay:0.026894047525193955, throughput:1451
step:3600/3600, q_loss:0.3822445869445801, rewards:-11.574169921875, queue:0.41848958333333336, delay:0.027251285976833767, throughput:1451
episode:43/200, real avg travel time:186.99655410062027
intersection:0, mean_episode_reward:-0.7525001764297485, mean_queue:0.8722222447395325
intersection:1, mean_episode_reward:-0.8413892388343811, mean_queue:0.9527778029441833
intersection:2, mean_episode_reward:-0.8969444036483765, mean_queue:1.038888931274414
intersection:3, mean_episode_reward:-0.6302779912948608, mean_queue:0.7444444298744202
intersection:4, mean_episode_reward:-0.8141669631004333, mean_queue:0.9361110925674438
intersection:5, mean_episode_reward:-0.7083335518836975, mean_queue:0.8138889074325562
intersection:6, mean_episode_reward:-0.6061112880706787, mean_queue:0.7166666388511658
intersection:7, mean_episode_reward:-0.43944451212882996, mean_queue:0.5444444417953491
intersection:8, mean_episode_reward:-1.0547224283218384, mean_queue:1.1805555820465088
intersection:9, mean_episode_reward:-0.7733334302902222, mean_queue:0.9138888716697693
intersection:10, mean_episode_reward:-0.6025000214576721, mean_queue:0.6805555820465088
intersection:11, mean_episode_reward:-0.755556046962738, mean_queue:0.8666666746139526
intersection:12, mean_episode_reward:-0.8775002360343933, mean_queue:0.9944444298744202
intersection:13, mean_episode_reward:-0.76722252368927, mean_queue:0.8861111402511597
intersection:14, mean_episode_reward:-0.513611376285553, mean_queue:0.6027777791023254
intersection:15, mean_episode_reward:-0.5405557751655579, mean_queue:0.6472222208976746
intersection:16, mean_episode_reward:0.0, mean_queue:0.0
intersection:17, mean_episode_reward:0.0, mean_queue:0.0
intersection:18, mean_episode_reward:0.0, mean_queue:0.0
intersection:19, mean_episode_reward:0.0, mean_queue:0.0
intersection:20, mean_episode_reward:0.0, mean_queue:0.0
intersection:21, mean_episode_reward:0.0, mean_queue:0.0
intersection:22, mean_episode_reward:0.0, mean_queue:0.0
intersection:23, mean_episode_reward:0.0, mean_queue:0.0
intersection:24, mean_episode_reward:0.0, mean_queue:0.0
intersection:25, mean_episode_reward:0.0, mean_queue:0.0
intersection:26, mean_episode_reward:0.0, mean_queue:0.0
intersection:27, mean_episode_reward:0.0, mean_queue:0.0
intersection:28, mean_episode_reward:0.0, mean_queue:0.0
intersection:29, mean_episode_reward:0.0, mean_queue:0.0
intersection:30, mean_episode_reward:0.0, mean_queue:0.0
intersection:31, mean_episode_reward:0.0, mean_queue:0.0
Test step:43/200, travel time :186.39022711631108, rewards:-11.456114366319444, queue:0.4144965277777778, delay:0.0260440640979343, throughput:1453
step:3600/3600, q_loss:0.38968637585639954, rewards:-11.72722439236111, queue:0.4236111111111111, delay:0.02735319932301839, throughput:1453
episode:44/200, real avg travel time:187.30213351686166
intersection:0, mean_episode_reward:-0.774444580078125, mean_queue:0.8888888955116272
intersection:1, mean_episode_reward:-0.8175002932548523, mean_queue:0.9388889074325562
intersection:2, mean_episode_reward:-0.8416669964790344, mean_queue:0.9722222089767456
intersection:3, mean_episode_reward:-0.7750004529953003, mean_queue:0.9027777910232544
intersection:4, mean_episode_reward:-0.8872222900390625, mean_queue:1.0166666507720947
intersection:5, mean_episode_reward:-0.7450003027915955, mean_queue:0.855555534362793
intersection:6, mean_episode_reward:-0.8172224164009094, mean_queue:0.9333333373069763
intersection:7, mean_episode_reward:-0.5113892555236816, mean_queue:0.6083333492279053
intersection:8, mean_episode_reward:-0.9586109519004822, mean_queue:1.086111068725586
intersection:9, mean_episode_reward:-0.7519447207450867, mean_queue:0.8805555701255798
intersection:10, mean_episode_reward:-0.6916665434837341, mean_queue:0.7833333611488342
intersection:11, mean_episode_reward:-0.6888890266418457, mean_queue:0.7888888716697693
intersection:12, mean_episode_reward:-0.7144445776939392, mean_queue:0.824999988079071
intersection:13, mean_episode_reward:-0.6563889980316162, mean_queue:0.769444465637207
intersection:14, mean_episode_reward:-0.6202777624130249, mean_queue:0.7194444537162781
intersection:15, mean_episode_reward:-0.47555574774742126, mean_queue:0.5861111283302307
intersection:16, mean_episode_reward:0.0, mean_queue:0.0
intersection:17, mean_episode_reward:0.0, mean_queue:0.0
intersection:18, mean_episode_reward:0.0, mean_queue:0.0
intersection:19, mean_episode_reward:0.0, mean_queue:0.0
intersection:20, mean_episode_reward:0.0, mean_queue:0.0
intersection:21, mean_episode_reward:0.0, mean_queue:0.0
intersection:22, mean_episode_reward:0.0, mean_queue:0.0
intersection:23, mean_episode_reward:0.0, mean_queue:0.0
intersection:24, mean_episode_reward:0.0, mean_queue:0.0
intersection:25, mean_episode_reward:0.0, mean_queue:0.0
intersection:26, mean_episode_reward:0.0, mean_queue:0.0
intersection:27, mean_episode_reward:0.0, mean_queue:0.0
intersection:28, mean_episode_reward:0.0, mean_queue:0.0
intersection:29, mean_episode_reward:0.0, mean_queue:0.0
intersection:30, mean_episode_reward:0.0, mean_queue:0.0
intersection:31, mean_episode_reward:0.0, mean_queue:0.0
Test step:44/200, travel time :186.22689655172414, rewards:-11.646392144097222, queue:0.42118055555555556, delay:0.026157196362813315, throughput:1450
step:3600/3600, q_loss:0.5121068358421326, rewards:-11.433892144097221, queue:0.4146701388888889, delay:0.026858088705274792, throughput:1452
episode:45/200, real avg travel time:186.3216253443526
intersection:0, mean_episode_reward:-0.8302780389785767, mean_queue:0.9444444179534912
intersection:1, mean_episode_reward:-0.8094446063041687, mean_queue:0.9194444417953491
intersection:2, mean_episode_reward:-0.7950000166893005, mean_queue:0.9111111164093018
intersection:3, mean_episode_reward:-0.6713889241218567, mean_queue:0.7888888716697693
intersection:4, mean_episode_reward:-0.8436115980148315, mean_queue:0.9777777791023254
intersection:5, mean_episode_reward:-0.6402778625488281, mean_queue:0.7527777552604675
intersection:6, mean_episode_reward:-0.5866666436195374, mean_queue:0.699999988079071
intersection:7, mean_episode_reward:-0.43305566906929016, mean_queue:0.5166666507720947
intersection:8, mean_episode_reward:-0.9036111831665039, mean_queue:1.0083333253860474
intersection:9, mean_episode_reward:-0.8113889694213867, mean_queue:0.9361110925674438
intersection:10, mean_episode_reward:-0.6625001430511475, mean_queue:0.7638888955116272
intersection:11, mean_episode_reward:-0.6186112761497498, mean_queue:0.730555534362793
intersection:12, mean_episode_reward:-0.8350004553794861, mean_queue:0.949999988079071
intersection:13, mean_episode_reward:-0.7597225904464722, mean_queue:0.9138888716697693
intersection:14, mean_episode_reward:-0.6827780604362488, mean_queue:0.7888888716697693
intersection:15, mean_episode_reward:-0.550555944442749, mean_queue:0.6666666865348816
intersection:16, mean_episode_reward:0.0, mean_queue:0.0
intersection:17, mean_episode_reward:0.0, mean_queue:0.0
intersection:18, mean_episode_reward:0.0, mean_queue:0.0
intersection:19, mean_episode_reward:0.0, mean_queue:0.0
intersection:20, mean_episode_reward:0.0, mean_queue:0.0
intersection:21, mean_episode_reward:0.0, mean_queue:0.0
intersection:22, mean_episode_reward:0.0, mean_queue:0.0
intersection:23, mean_episode_reward:0.0, mean_queue:0.0
intersection:24, mean_episode_reward:0.0, mean_queue:0.0
intersection:25, mean_episode_reward:0.0, mean_queue:0.0
intersection:26, mean_episode_reward:0.0, mean_queue:0.0
intersection:27, mean_episode_reward:0.0, mean_queue:0.0
intersection:28, mean_episode_reward:0.0, mean_queue:0.0
intersection:29, mean_episode_reward:0.0, mean_queue:0.0
intersection:30, mean_episode_reward:0.0, mean_queue:0.0
intersection:31, mean_episode_reward:0.0, mean_queue:0.0
Test step:45/200, travel time :185.06473829201101, rewards:-10.873613823784723, queue:0.39288194444444446, delay:0.0256040096282959, throughput:1452
step:3600/3600, q_loss:0.4735080599784851, rewards:-11.317225477430556, queue:0.4113715277777778, delay:0.026781747076246473, throughput:1450
episode:46/200, real avg travel time:186.19724137931036
intersection:0, mean_episode_reward:-0.7705559730529785, mean_queue:0.8777777552604675
intersection:1, mean_episode_reward:-0.8391669392585754, mean_queue:0.9750000238418579
intersection:2, mean_episode_reward:-0.9016671180725098, mean_queue:1.0166666507720947
intersection:3, mean_episode_reward:-0.6697221398353577, mean_queue:0.7916666865348816
intersection:4, mean_episode_reward:-0.7686113715171814, mean_queue:0.9138888716697693
intersection:5, mean_episode_reward:-0.6572225093841553, mean_queue:0.7527777552604675
intersection:6, mean_episode_reward:-0.5983337163925171, mean_queue:0.7083333134651184
intersection:7, mean_episode_reward:-0.4705558717250824, mean_queue:0.5777778029441833
intersection:8, mean_episode_reward:-0.8644445538520813, mean_queue:0.9638888835906982
intersection:9, mean_episode_reward:-0.790833592414856, mean_queue:0.894444465637207
intersection:10, mean_episode_reward:-0.6419443488121033, mean_queue:0.7416666746139526
intersection:11, mean_episode_reward:-0.7238889336585999, mean_queue:0.8500000238418579
intersection:12, mean_episode_reward:-0.740000307559967, mean_queue:0.8416666388511658
intersection:13, mean_episode_reward:-0.7108334302902222, mean_queue:0.8444444537162781
intersection:14, mean_episode_reward:-0.621388852596283, mean_queue:0.7472222447395325
intersection:15, mean_episode_reward:-0.5480557084083557, mean_queue:0.6666666865348816
intersection:16, mean_episode_reward:0.0, mean_queue:0.0
intersection:17, mean_episode_reward:0.0, mean_queue:0.0
intersection:18, mean_episode_reward:0.0, mean_queue:0.0
intersection:19, mean_episode_reward:0.0, mean_queue:0.0
intersection:20, mean_episode_reward:0.0, mean_queue:0.0
intersection:21, mean_episode_reward:0.0, mean_queue:0.0
intersection:22, mean_episode_reward:0.0, mean_queue:0.0
intersection:23, mean_episode_reward:0.0, mean_queue:0.0
intersection:24, mean_episode_reward:0.0, mean_queue:0.0
intersection:25, mean_episode_reward:0.0, mean_queue:0.0
intersection:26, mean_episode_reward:0.0, mean_queue:0.0
intersection:27, mean_episode_reward:0.0, mean_queue:0.0
intersection:28, mean_episode_reward:0.0, mean_queue:0.0
intersection:29, mean_episode_reward:0.0, mean_queue:0.0
intersection:30, mean_episode_reward:0.0, mean_queue:0.0
intersection:31, mean_episode_reward:0.0, mean_queue:0.0
Test step:46/200, travel time :185.95583160800552, rewards:-11.274446614583333, queue:0.4092013888888889, delay:0.026118241416083442, throughput:1449
step:3600/3600, q_loss:0.5052016973495483, rewards:-11.289169650607638, queue:0.40911458333333334, delay:0.026157803005642362, throughput:1453
episode:47/200, real avg travel time:185.65519614590502
intersection:0, mean_episode_reward:-0.7680557370185852, mean_queue:0.8861111402511597
intersection:1, mean_episode_reward:-0.8480556011199951, mean_queue:0.980555534362793
intersection:2, mean_episode_reward:-0.8727778792381287, mean_queue:0.9888888597488403
intersection:3, mean_episode_reward:-0.6341668367385864, mean_queue:0.75
intersection:4, mean_episode_reward:-0.7711113095283508, mean_queue:0.9111111164093018
intersection:5, mean_episode_reward:-0.5422223806381226, mean_queue:0.6361111402511597
intersection:6, mean_episode_reward:-0.6119445562362671, mean_queue:0.730555534362793
intersection:7, mean_episode_reward:-0.5061113238334656, mean_queue:0.5972222089767456
intersection:8, mean_episode_reward:-0.8836113214492798, mean_queue:0.9750000238418579
intersection:9, mean_episode_reward:-0.8308336138725281, mean_queue:0.9444444179534912
intersection:10, mean_episode_reward:-0.742777943611145, mean_queue:0.8388888835906982
intersection:11, mean_episode_reward:-0.6947224736213684, mean_queue:0.8194444179534912
intersection:12, mean_episode_reward:-0.6597225666046143, mean_queue:0.7638888955116272
intersection:13, mean_episode_reward:-0.7508336305618286, mean_queue:0.8833333253860474
intersection:14, mean_episode_reward:-0.6650002002716064, mean_queue:0.7638888955116272
intersection:15, mean_episode_reward:-0.5072222948074341, mean_queue:0.6222222447395325
intersection:16, mean_episode_reward:0.0, mean_queue:0.0
intersection:17, mean_episode_reward:0.0, mean_queue:0.0
intersection:18, mean_episode_reward:0.0, mean_queue:0.0
intersection:19, mean_episode_reward:0.0, mean_queue:0.0
intersection:20, mean_episode_reward:0.0, mean_queue:0.0
intersection:21, mean_episode_reward:0.0, mean_queue:0.0
intersection:22, mean_episode_reward:0.0, mean_queue:0.0
intersection:23, mean_episode_reward:0.0, mean_queue:0.0
intersection:24, mean_episode_reward:0.0, mean_queue:0.0
intersection:25, mean_episode_reward:0.0, mean_queue:0.0
intersection:26, mean_episode_reward:0.0, mean_queue:0.0
intersection:27, mean_episode_reward:0.0, mean_queue:0.0
intersection:28, mean_episode_reward:0.0, mean_queue:0.0
intersection:29, mean_episode_reward:0.0, mean_queue:0.0
intersection:30, mean_episode_reward:0.0, mean_queue:0.0
intersection:31, mean_episode_reward:0.0, mean_queue:0.0
Test step:47/200, travel time :185.49310344827586, rewards:-11.32278103298611, queue:0.40902777777777777, delay:0.026489398214552137, throughput:1450
step:3600/3600, q_loss:0.4723637104034424, rewards:-11.054724799262154, queue:0.40164930555555556, delay:0.02546604209476047, throughput:1452
episode:48/200, real avg travel time:184.75413223140495
intersection:0, mean_episode_reward:-0.6975001692771912, mean_queue:0.800000011920929
intersection:1, mean_episode_reward:-0.7480556964874268, mean_queue:0.8500000238418579
intersection:2, mean_episode_reward:-0.9416670799255371, mean_queue:1.086111068725586
intersection:3, mean_episode_reward:-0.5266668200492859, mean_queue:0.6499999761581421
intersection:4, mean_episode_reward:-0.7608335018157959, mean_queue:0.8694444298744202
intersection:5, mean_episode_reward:-0.6588889956474304, mean_queue:0.7583333253860474
intersection:6, mean_episode_reward:-0.6083335280418396, mean_queue:0.7138888835906982
intersection:7, mean_episode_reward:-0.5011113882064819, mean_queue:0.6138888597488403
intersection:8, mean_episode_reward:-0.8422220945358276, mean_queue:0.949999988079071
intersection:9, mean_episode_reward:-0.8399999737739563, mean_queue:0.9722222089767456
intersection:10, mean_episode_reward:-0.6633332967758179, mean_queue:0.7583333253860474
intersection:11, mean_episode_reward:-0.6897225379943848, mean_queue:0.8138889074325562
intersection:12, mean_episode_reward:-0.6800003051757812, mean_queue:0.7888888716697693
intersection:13, mean_episode_reward:-0.8000002503395081, mean_queue:0.9361110925674438
intersection:14, mean_episode_reward:-0.5619446039199829, mean_queue:0.6694444417953491
intersection:15, mean_episode_reward:-0.5344447493553162, mean_queue:0.6222222447395325
intersection:16, mean_episode_reward:0.0, mean_queue:0.0
intersection:17, mean_episode_reward:0.0, mean_queue:0.0
intersection:18, mean_episode_reward:0.0, mean_queue:0.0
intersection:19, mean_episode_reward:0.0, mean_queue:0.0
intersection:20, mean_episode_reward:0.0, mean_queue:0.0
intersection:21, mean_episode_reward:0.0, mean_queue:0.0
intersection:22, mean_episode_reward:0.0, mean_queue:0.0
intersection:23, mean_episode_reward:0.0, mean_queue:0.0
intersection:24, mean_episode_reward:0.0, mean_queue:0.0
intersection:25, mean_episode_reward:0.0, mean_queue:0.0
intersection:26, mean_episode_reward:0.0, mean_queue:0.0
intersection:27, mean_episode_reward:0.0, mean_queue:0.0
intersection:28, mean_episode_reward:0.0, mean_queue:0.0
intersection:29, mean_episode_reward:0.0, mean_queue:0.0
intersection:30, mean_episode_reward:0.0, mean_queue:0.0
intersection:31, mean_episode_reward:0.0, mean_queue:0.0
Test step:48/200, travel time :186.38731909028257, rewards:-11.343058268229166, queue:0.41067708333333336, delay:0.02654542922973633, throughput:1451
step:3600/3600, q_loss:0.40813905000686646, rewards:-11.361391872829861, queue:0.4131076388888889, delay:0.02631598048739963, throughput:1450
episode:49/200, real avg travel time:186.43793103448274
intersection:0, mean_episode_reward:-0.8269447088241577, mean_queue:0.9416666626930237
intersection:1, mean_episode_reward:-0.7858335971832275, mean_queue:0.8999999761581421
intersection:2, mean_episode_reward:-0.8086113929748535, mean_queue:0.9361110925674438
intersection:3, mean_episode_reward:-0.6577781438827515, mean_queue:0.8027777671813965
intersection:4, mean_episode_reward:-0.8211113810539246, mean_queue:0.9611111283302307
intersection:5, mean_episode_reward:-0.6725000739097595, mean_queue:0.7722222208976746
intersection:6, mean_episode_reward:-0.6583334803581238, mean_queue:0.7583333253860474
intersection:7, mean_episode_reward:-0.5088891983032227, mean_queue:0.5944444537162781
intersection:8, mean_episode_reward:-0.9530553817749023, mean_queue:1.0694444179534912
intersection:9, mean_episode_reward:-0.8150001764297485, mean_queue:0.9333333373069763
intersection:10, mean_episode_reward:-0.6338889002799988, mean_queue:0.7388888597488403
intersection:11, mean_episode_reward:-0.6675001978874207, mean_queue:0.7777777910232544
intersection:12, mean_episode_reward:-0.8241669535636902, mean_queue:0.9388889074325562
intersection:13, mean_episode_reward:-0.6600000262260437, mean_queue:0.7944444417953491
intersection:14, mean_episode_reward:-0.5030557513237, mean_queue:0.6305555701255798
intersection:15, mean_episode_reward:-0.5647224187850952, mean_queue:0.6694444417953491
intersection:16, mean_episode_reward:0.0, mean_queue:0.0
intersection:17, mean_episode_reward:0.0, mean_queue:0.0
intersection:18, mean_episode_reward:0.0, mean_queue:0.0
intersection:19, mean_episode_reward:0.0, mean_queue:0.0
intersection:20, mean_episode_reward:0.0, mean_queue:0.0
intersection:21, mean_episode_reward:0.0, mean_queue:0.0
intersection:22, mean_episode_reward:0.0, mean_queue:0.0
intersection:23, mean_episode_reward:0.0, mean_queue:0.0
intersection:24, mean_episode_reward:0.0, mean_queue:0.0
intersection:25, mean_episode_reward:0.0, mean_queue:0.0
intersection:26, mean_episode_reward:0.0, mean_queue:0.0
intersection:27, mean_episode_reward:0.0, mean_queue:0.0
intersection:28, mean_episode_reward:0.0, mean_queue:0.0
intersection:29, mean_episode_reward:0.0, mean_queue:0.0
intersection:30, mean_episode_reward:0.0, mean_queue:0.0
intersection:31, mean_episode_reward:0.0, mean_queue:0.0
Test step:49/200, travel time :184.81310344827585, rewards:-10.92833523220486, queue:0.3940972222222222, delay:0.02514489491780599, throughput:1450
step:3600/3600, q_loss:0.44738465547561646, rewards:-11.502503797743056, queue:0.4127604166666667, delay:0.026075447930230033, throughput:1450
episode:50/200, real avg travel time:186.38689655172413
intersection:0, mean_episode_reward:-0.7647223472595215, mean_queue:0.8694444298744202
intersection:1, mean_episode_reward:-0.6813890933990479, mean_queue:0.7944444417953491
intersection:2, mean_episode_reward:-0.8002777695655823, mean_queue:0.9277777671813965
intersection:3, mean_episode_reward:-0.6552779078483582, mean_queue:0.7666666507720947
intersection:4, mean_episode_reward:-0.8302777409553528, mean_queue:0.9388889074325562
intersection:5, mean_episode_reward:-0.667222261428833, mean_queue:0.7611111402511597
intersection:6, mean_episode_reward:-0.5733335614204407, mean_queue:0.6916666626930237
intersection:7, mean_episode_reward:-0.5383335947990417, mean_queue:0.6416666507720947
intersection:8, mean_episode_reward:-0.965000331401825, mean_queue:1.086111068725586
intersection:9, mean_episode_reward:-0.9241667985916138, mean_queue:1.038888931274414
intersection:10, mean_episode_reward:-0.6561112999916077, mean_queue:0.7472222447395325
intersection:11, mean_episode_reward:-0.8769446611404419, mean_queue:0.9833333492279053
intersection:12, mean_episode_reward:-0.6269447207450867, mean_queue:0.7166666388511658
intersection:13, mean_episode_reward:-0.8211113810539246, mean_queue:0.9388889074325562
intersection:14, mean_episode_reward:-0.6013891696929932, mean_queue:0.6972222328186035
intersection:15, mean_episode_reward:-0.5200001001358032, mean_queue:0.6083333492279053
intersection:16, mean_episode_reward:0.0, mean_queue:0.0
intersection:17, mean_episode_reward:0.0, mean_queue:0.0
intersection:18, mean_episode_reward:0.0, mean_queue:0.0
intersection:19, mean_episode_reward:0.0, mean_queue:0.0
intersection:20, mean_episode_reward:0.0, mean_queue:0.0
intersection:21, mean_episode_reward:0.0, mean_queue:0.0
intersection:22, mean_episode_reward:0.0, mean_queue:0.0
intersection:23, mean_episode_reward:0.0, mean_queue:0.0
intersection:24, mean_episode_reward:0.0, mean_queue:0.0
intersection:25, mean_episode_reward:0.0, mean_queue:0.0
intersection:26, mean_episode_reward:0.0, mean_queue:0.0
intersection:27, mean_episode_reward:0.0, mean_queue:0.0
intersection:28, mean_episode_reward:0.0, mean_queue:0.0
intersection:29, mean_episode_reward:0.0, mean_queue:0.0
intersection:30, mean_episode_reward:0.0, mean_queue:0.0
intersection:31, mean_episode_reward:0.0, mean_queue:0.0
Test step:50/200, travel time :186.75567790777703, rewards:-11.520003255208334, queue:0.41684027777777777, delay:0.02683777544233534, throughput:1453
step:3600/3600, q_loss:0.4123214781284332, rewards:-11.280280219184029, queue:0.4097222222222222, delay:0.025976758533053926, throughput:1451
episode:51/200, real avg travel time:186.27015851137148
intersection:0, mean_episode_reward:-0.8063892722129822, mean_queue:0.9138888716697693
intersection:1, mean_episode_reward:-0.7352778315544128, mean_queue:0.8444444537162781
intersection:2, mean_episode_reward:-0.791111171245575, mean_queue:0.9222221970558167
intersection:3, mean_episode_reward:-0.6861114501953125, mean_queue:0.800000011920929
intersection:4, mean_episode_reward:-0.798333466053009, mean_queue:0.9194444417953491
intersection:5, mean_episode_reward:-0.590000331401825, mean_queue:0.7166666388511658
intersection:6, mean_episode_reward:-0.630833625793457, mean_queue:0.7638888955116272
intersection:7, mean_episode_reward:-0.49416694045066833, mean_queue:0.5944444537162781
intersection:8, mean_episode_reward:-0.8149999976158142, mean_queue:0.9194444417953491
intersection:9, mean_episode_reward:-0.7691668272018433, mean_queue:0.8972222208976746
intersection:10, mean_episode_reward:-0.71611088514328, mean_queue:0.8055555820465088
intersection:11, mean_episode_reward:-0.7652778029441833, mean_queue:0.8861111402511597
intersection:12, mean_episode_reward:-0.7466664910316467, mean_queue:0.8527777791023254
intersection:13, mean_episode_reward:-0.7816668152809143, mean_queue:0.9027777910232544
intersection:14, mean_episode_reward:-0.6333335638046265, mean_queue:0.7333333492279053
intersection:15, mean_episode_reward:-0.5208336114883423, mean_queue:0.6388888955116272
intersection:16, mean_episode_reward:0.0, mean_queue:0.0
intersection:17, mean_episode_reward:0.0, mean_queue:0.0
intersection:18, mean_episode_reward:0.0, mean_queue:0.0
intersection:19, mean_episode_reward:0.0, mean_queue:0.0
intersection:20, mean_episode_reward:0.0, mean_queue:0.0
intersection:21, mean_episode_reward:0.0, mean_queue:0.0
intersection:22, mean_episode_reward:0.0, mean_queue:0.0
intersection:23, mean_episode_reward:0.0, mean_queue:0.0
intersection:24, mean_episode_reward:0.0, mean_queue:0.0
intersection:25, mean_episode_reward:0.0, mean_queue:0.0
intersection:26, mean_episode_reward:0.0, mean_queue:0.0
intersection:27, mean_episode_reward:0.0, mean_queue:0.0
intersection:28, mean_episode_reward:0.0, mean_queue:0.0
intersection:29, mean_episode_reward:0.0, mean_queue:0.0
intersection:30, mean_episode_reward:0.0, mean_queue:0.0
intersection:31, mean_episode_reward:0.0, mean_queue:0.0
Test step:51/200, travel time :186.25655172413792, rewards:-11.533890787760416, queue:0.41475694444444444, delay:0.026015220748053656, throughput:1450
step:3600/3600, q_loss:0.4026707112789154, rewards:-11.355558268229167, queue:0.41206597222222224, delay:0.026409538586934407, throughput:1452
episode:52/200, real avg travel time:186.81749311294766
intersection:0, mean_episode_reward:-0.7194446325302124, mean_queue:0.8361111283302307
intersection:1, mean_episode_reward:-0.7350002527236938, mean_queue:0.8638888597488403
intersection:2, mean_episode_reward:-0.8127780556678772, mean_queue:0.9388889074325562
intersection:3, mean_episode_reward:-0.6550004482269287, mean_queue:0.7666666507720947
intersection:4, mean_episode_reward:-0.7183336615562439, mean_queue:0.8111110925674438
intersection:5, mean_episode_reward:-0.6291666030883789, mean_queue:0.7166666388511658
intersection:6, mean_episode_reward:-0.7727779150009155, mean_queue:0.8888888955116272
intersection:7, mean_episode_reward:-0.49027806520462036, mean_queue:0.6138888597488403
intersection:8, mean_episode_reward:-0.9886113405227661, mean_queue:1.0972222089767456
intersection:9, mean_episode_reward:-0.9111111760139465, mean_queue:1.0638889074325562
intersection:10, mean_episode_reward:-0.615277886390686, mean_queue:0.7222222089767456
intersection:11, mean_episode_reward:-0.5766668319702148, mean_queue:0.6972222328186035
intersection:12, mean_episode_reward:-0.6963889002799988, mean_queue:0.7916666865348816
intersection:13, mean_episode_reward:-0.7772225141525269, mean_queue:0.9055555462837219
intersection:14, mean_episode_reward:-0.6483335494995117, mean_queue:0.75
intersection:15, mean_episode_reward:-0.6091668605804443, mean_queue:0.7222222089767456
intersection:16, mean_episode_reward:0.0, mean_queue:0.0
intersection:17, mean_episode_reward:0.0, mean_queue:0.0
intersection:18, mean_episode_reward:0.0, mean_queue:0.0
intersection:19, mean_episode_reward:0.0, mean_queue:0.0
intersection:20, mean_episode_reward:0.0, mean_queue:0.0
intersection:21, mean_episode_reward:0.0, mean_queue:0.0
intersection:22, mean_episode_reward:0.0, mean_queue:0.0
intersection:23, mean_episode_reward:0.0, mean_queue:0.0
intersection:24, mean_episode_reward:0.0, mean_queue:0.0
intersection:25, mean_episode_reward:0.0, mean_queue:0.0
intersection:26, mean_episode_reward:0.0, mean_queue:0.0
intersection:27, mean_episode_reward:0.0, mean_queue:0.0
intersection:28, mean_episode_reward:0.0, mean_queue:0.0
intersection:29, mean_episode_reward:0.0, mean_queue:0.0
intersection:30, mean_episode_reward:0.0, mean_queue:0.0
intersection:31, mean_episode_reward:0.0, mean_queue:0.0
Test step:52/200, travel time :185.70798898071627, rewards:-10.945280626085069, queue:0.3949652777777778, delay:0.02563833130730523, throughput:1452
step:3600/3600, q_loss:0.46477776765823364, rewards:-11.084447564019097, queue:0.40243055555555557, delay:0.026168131828308107, throughput:1452
episode:53/200, real avg travel time:185.7568870523416
intersection:0, mean_episode_reward:-0.7500002384185791, mean_queue:0.8583333492279053
intersection:1, mean_episode_reward:-0.8213891983032227, mean_queue:0.9361110925674438
intersection:2, mean_episode_reward:-0.7722222208976746, mean_queue:0.9055555462837219
intersection:3, mean_episode_reward:-0.6566668748855591, mean_queue:0.7749999761581421
intersection:4, mean_episode_reward:-0.8122225403785706, mean_queue:0.9361110925674438
intersection:5, mean_episode_reward:-0.6022226214408875, mean_queue:0.7277777791023254
intersection:6, mean_episode_reward:-0.610833466053009, mean_queue:0.7055555582046509
intersection:7, mean_episode_reward:-0.41944462060928345, mean_queue:0.5055555701255798
intersection:8, mean_episode_reward:-0.8786110877990723, mean_queue:0.9944444298744202
intersection:9, mean_episode_reward:-0.8555556535720825, mean_queue:0.9777777791023254
intersection:10, mean_episode_reward:-0.6752777099609375, mean_queue:0.75
intersection:11, mean_episode_reward:-0.6955560445785522, mean_queue:0.8111110925674438
intersection:12, mean_episode_reward:-0.7902778387069702, mean_queue:0.894444465637207
intersection:13, mean_episode_reward:-0.6708333492279053, mean_queue:0.8222222328186035
intersection:14, mean_episode_reward:-0.5591670274734497, mean_queue:0.6777777671813965
intersection:15, mean_episode_reward:-0.5141669511795044, mean_queue:0.6000000238418579
intersection:16, mean_episode_reward:0.0, mean_queue:0.0
intersection:17, mean_episode_reward:0.0, mean_queue:0.0
intersection:18, mean_episode_reward:0.0, mean_queue:0.0
intersection:19, mean_episode_reward:0.0, mean_queue:0.0
intersection:20, mean_episode_reward:0.0, mean_queue:0.0
intersection:21, mean_episode_reward:0.0, mean_queue:0.0
intersection:22, mean_episode_reward:0.0, mean_queue:0.0
intersection:23, mean_episode_reward:0.0, mean_queue:0.0
intersection:24, mean_episode_reward:0.0, mean_queue:0.0
intersection:25, mean_episode_reward:0.0, mean_queue:0.0
intersection:26, mean_episode_reward:0.0, mean_queue:0.0
intersection:27, mean_episode_reward:0.0, mean_queue:0.0
intersection:28, mean_episode_reward:0.0, mean_queue:0.0
intersection:29, mean_episode_reward:0.0, mean_queue:0.0
intersection:30, mean_episode_reward:0.0, mean_queue:0.0
intersection:31, mean_episode_reward:0.0, mean_queue:0.0
Test step:53/200, travel time :185.10475534114403, rewards:-10.913058132595486, queue:0.39730902777777777, delay:0.026204628414577907, throughput:1451
step:3600/3600, q_loss:0.3489752411842346, rewards:-10.85000271267361, queue:0.39427083333333335, delay:0.025815892219543456, throughput:1454
episode:54/200, real avg travel time:185.509628610729
intersection:0, mean_episode_reward:-0.7088890671730042, mean_queue:0.8194444179534912
intersection:1, mean_episode_reward:-0.7250000834465027, mean_queue:0.8416666388511658
intersection:2, mean_episode_reward:-0.9408336877822876, mean_queue:1.086111068725586
intersection:3, mean_episode_reward:-0.4611111581325531, mean_queue:0.5611110925674438
intersection:4, mean_episode_reward:-0.8477779626846313, mean_queue:0.9777777791023254
intersection:5, mean_episode_reward:-0.6727778911590576, mean_queue:0.7611111402511597
intersection:6, mean_episode_reward:-0.6061111688613892, mean_queue:0.6972222328186035
intersection:7, mean_episode_reward:-0.499722421169281, mean_queue:0.5833333134651184
intersection:8, mean_episode_reward:-0.803611159324646, mean_queue:0.9111111164093018
intersection:9, mean_episode_reward:-0.7330554723739624, mean_queue:0.8666666746139526
intersection:10, mean_episode_reward:-0.6558335423469543, mean_queue:0.7638888955116272
intersection:11, mean_episode_reward:-0.6619446873664856, mean_queue:0.7833333611488342
intersection:12, mean_episode_reward:-0.586944580078125, mean_queue:0.6944444179534912
intersection:13, mean_episode_reward:-0.7233335971832275, mean_queue:0.8416666388511658
intersection:14, mean_episode_reward:-0.625555694103241, mean_queue:0.7250000238418579
intersection:15, mean_episode_reward:-0.5975000262260437, mean_queue:0.7027778029441833
intersection:16, mean_episode_reward:0.0, mean_queue:0.0
intersection:17, mean_episode_reward:0.0, mean_queue:0.0
intersection:18, mean_episode_reward:0.0, mean_queue:0.0
intersection:19, mean_episode_reward:0.0, mean_queue:0.0
intersection:20, mean_episode_reward:0.0, mean_queue:0.0
intersection:21, mean_episode_reward:0.0, mean_queue:0.0
intersection:22, mean_episode_reward:0.0, mean_queue:0.0
intersection:23, mean_episode_reward:0.0, mean_queue:0.0
intersection:24, mean_episode_reward:0.0, mean_queue:0.0
intersection:25, mean_episode_reward:0.0, mean_queue:0.0
intersection:26, mean_episode_reward:0.0, mean_queue:0.0
intersection:27, mean_episode_reward:0.0, mean_queue:0.0
intersection:28, mean_episode_reward:0.0, mean_queue:0.0
intersection:29, mean_episode_reward:0.0, mean_queue:0.0
intersection:30, mean_episode_reward:0.0, mean_queue:0.0
intersection:31, mean_episode_reward:0.0, mean_queue:0.0
Test step:54/200, travel time :185.7193103448276, rewards:-11.069725884331596, queue:0.4032986111111111, delay:0.025880665249294704, throughput:1450
step:3600/3600, q_loss:0.437397837638855, rewards:-10.857779947916667, queue:0.39401041666666664, delay:0.02586358388264974, throughput:1450
episode:55/200, real avg travel time:185.6193103448276
intersection:0, mean_episode_reward:-0.8008338212966919, mean_queue:0.9055555462837219
intersection:1, mean_episode_reward:-0.7644445896148682, mean_queue:0.8722222447395325
intersection:2, mean_episode_reward:-0.818611204624176, mean_queue:0.9555555582046509
intersection:3, mean_episode_reward:-0.6647223830223083, mean_queue:0.7722222208976746
intersection:4, mean_episode_reward:-0.783333420753479, mean_queue:0.8888888955116272
intersection:5, mean_episode_reward:-0.5750001072883606, mean_queue:0.675000011920929
intersection:6, mean_episode_reward:-0.5977779626846313, mean_queue:0.7166666388511658
intersection:7, mean_episode_reward:-0.43194466829299927, mean_queue:0.5333333611488342
intersection:8, mean_episode_reward:-0.8391667604446411, mean_queue:0.925000011920929
intersection:9, mean_episode_reward:-0.8041667342185974, mean_queue:0.9222221970558167
intersection:10, mean_episode_reward:-0.695277750492096, mean_queue:0.7861111164093018
intersection:11, mean_episode_reward:-0.6472224593162537, mean_queue:0.7722222208976746
intersection:12, mean_episode_reward:-0.68833327293396, mean_queue:0.7861111164093018
intersection:13, mean_episode_reward:-0.6244445443153381, mean_queue:0.7555555701255798
intersection:14, mean_episode_reward:-0.4955557584762573, mean_queue:0.6083333492279053
intersection:15, mean_episode_reward:-0.6269446611404419, mean_queue:0.7333333492279053
intersection:16, mean_episode_reward:0.0, mean_queue:0.0
intersection:17, mean_episode_reward:0.0, mean_queue:0.0
intersection:18, mean_episode_reward:0.0, mean_queue:0.0
intersection:19, mean_episode_reward:0.0, mean_queue:0.0
intersection:20, mean_episode_reward:0.0, mean_queue:0.0
intersection:21, mean_episode_reward:0.0, mean_queue:0.0
intersection:22, mean_episode_reward:0.0, mean_queue:0.0
intersection:23, mean_episode_reward:0.0, mean_queue:0.0
intersection:24, mean_episode_reward:0.0, mean_queue:0.0
intersection:25, mean_episode_reward:0.0, mean_queue:0.0
intersection:26, mean_episode_reward:0.0, mean_queue:0.0
intersection:27, mean_episode_reward:0.0, mean_queue:0.0
intersection:28, mean_episode_reward:0.0, mean_queue:0.0
intersection:29, mean_episode_reward:0.0, mean_queue:0.0
intersection:30, mean_episode_reward:0.0, mean_queue:0.0
intersection:31, mean_episode_reward:0.0, mean_queue:0.0
Test step:55/200, travel time :187.73310344827587, rewards:-12.199446614583334, queue:0.43723958333333335, delay:0.02676642205980089, throughput:1450
step:3600/3600, q_loss:0.4883721172809601, rewards:-11.511668565538194, queue:0.4170138888888889, delay:0.026619349585639107, throughput:1455
episode:56/200, real avg travel time:186.6783505154639
intersection:0, mean_episode_reward:-0.7008335590362549, mean_queue:0.8333333134651184
intersection:1, mean_episode_reward:-0.7469446063041687, mean_queue:0.8472222089767456
intersection:2, mean_episode_reward:-0.9330558180809021, mean_queue:1.0416666269302368
intersection:3, mean_episode_reward:-0.6652778387069702, mean_queue:0.8055555820465088
intersection:4, mean_episode_reward:-0.860833466053009, mean_queue:0.9694444537162781
intersection:5, mean_episode_reward:-0.6833333373069763, mean_queue:0.7833333611488342
intersection:6, mean_episode_reward:-0.7022225856781006, mean_queue:0.8194444179534912
intersection:7, mean_episode_reward:-0.525277853012085, mean_queue:0.6111111044883728
intersection:8, mean_episode_reward:-0.8411112427711487, mean_queue:0.9444444179534912
intersection:9, mean_episode_reward:-0.8022222518920898, mean_queue:0.9222221970558167
intersection:10, mean_episode_reward:-0.7416666746139526, mean_queue:0.855555534362793
intersection:11, mean_episode_reward:-0.6433336734771729, mean_queue:0.7749999761581421
intersection:12, mean_episode_reward:-0.8044446110725403, mean_queue:0.9083333611488342
intersection:13, mean_episode_reward:-0.8152779340744019, mean_queue:0.9583333134651184
intersection:14, mean_episode_reward:-0.552777886390686, mean_queue:0.675000011920929
intersection:15, mean_episode_reward:-0.49305564165115356, mean_queue:0.5944444537162781
intersection:16, mean_episode_reward:0.0, mean_queue:0.0
intersection:17, mean_episode_reward:0.0, mean_queue:0.0
intersection:18, mean_episode_reward:0.0, mean_queue:0.0
intersection:19, mean_episode_reward:0.0, mean_queue:0.0
intersection:20, mean_episode_reward:0.0, mean_queue:0.0
intersection:21, mean_episode_reward:0.0, mean_queue:0.0
intersection:22, mean_episode_reward:0.0, mean_queue:0.0
intersection:23, mean_episode_reward:0.0, mean_queue:0.0
intersection:24, mean_episode_reward:0.0, mean_queue:0.0
intersection:25, mean_episode_reward:0.0, mean_queue:0.0
intersection:26, mean_episode_reward:0.0, mean_queue:0.0
intersection:27, mean_episode_reward:0.0, mean_queue:0.0
intersection:28, mean_episode_reward:0.0, mean_queue:0.0
intersection:29, mean_episode_reward:0.0, mean_queue:0.0
intersection:30, mean_episode_reward:0.0, mean_queue:0.0
intersection:31, mean_episode_reward:0.0, mean_queue:0.0
Test step:56/200, travel time :186.83712905452035, rewards:-11.69833713107639, queue:0.4212673611111111, delay:0.02646548218197293, throughput:1449
step:3600/3600, q_loss:0.38374999165534973, rewards:-11.979169379340277, queue:0.4305555555555556, delay:0.027276282840304904, throughput:1455
episode:57/200, real avg travel time:188.033676975945
intersection:0, mean_episode_reward:-0.7699999213218689, mean_queue:0.894444465637207
intersection:1, mean_episode_reward:-0.872778058052063, mean_queue:0.9666666388511658
intersection:2, mean_episode_reward:-1.0263891220092773, mean_queue:1.1527777910232544
intersection:3, mean_episode_reward:-0.8302780985832214, mean_queue:0.9416666626930237
intersection:4, mean_episode_reward:-0.8297222852706909, mean_queue:0.9416666626930237
intersection:5, mean_episode_reward:-0.7269445657730103, mean_queue:0.8444444537162781
intersection:6, mean_episode_reward:-0.6080556511878967, mean_queue:0.7277777791023254
intersection:7, mean_episode_reward:-0.46777793765068054, mean_queue:0.5694444179534912
intersection:8, mean_episode_reward:-0.7466667890548706, mean_queue:0.8333333134651184
intersection:9, mean_episode_reward:-0.8469445705413818, mean_queue:0.9638888835906982
intersection:10, mean_episode_reward:-0.7522221207618713, mean_queue:0.855555534362793
intersection:11, mean_episode_reward:-0.7030557990074158, mean_queue:0.8166666626930237
intersection:12, mean_episode_reward:-0.7852779626846313, mean_queue:0.8972222208976746
intersection:13, mean_episode_reward:-0.7352778911590576, mean_queue:0.8722222447395325
intersection:14, mean_episode_reward:-0.6650000810623169, mean_queue:0.7805555462837219
intersection:15, mean_episode_reward:-0.6127781867980957, mean_queue:0.7194444537162781
intersection:16, mean_episode_reward:0.0, mean_queue:0.0
intersection:17, mean_episode_reward:0.0, mean_queue:0.0
intersection:18, mean_episode_reward:0.0, mean_queue:0.0
intersection:19, mean_episode_reward:0.0, mean_queue:0.0
intersection:20, mean_episode_reward:0.0, mean_queue:0.0
intersection:21, mean_episode_reward:0.0, mean_queue:0.0
intersection:22, mean_episode_reward:0.0, mean_queue:0.0
intersection:23, mean_episode_reward:0.0, mean_queue:0.0
intersection:24, mean_episode_reward:0.0, mean_queue:0.0
intersection:25, mean_episode_reward:0.0, mean_queue:0.0
intersection:26, mean_episode_reward:0.0, mean_queue:0.0
intersection:27, mean_episode_reward:0.0, mean_queue:0.0
intersection:28, mean_episode_reward:0.0, mean_queue:0.0
intersection:29, mean_episode_reward:0.0, mean_queue:0.0
intersection:30, mean_episode_reward:0.0, mean_queue:0.0
intersection:31, mean_episode_reward:0.0, mean_queue:0.0
Test step:57/200, travel time :184.1144038594073, rewards:-10.458890787760417, queue:0.3802951388888889, delay:0.025237382782830133, throughput:1451
step:3600/3600, q_loss:0.39018723368644714, rewards:-11.252779134114583, queue:0.40815972222222224, delay:0.02633688184950087, throughput:1453
episode:58/200, real avg travel time:186.34411562284927
intersection:0, mean_episode_reward:-0.8769446611404419, mean_queue:0.9916666746139526
intersection:1, mean_episode_reward:-0.7269445061683655, mean_queue:0.8333333134651184
intersection:2, mean_episode_reward:-0.9341667890548706, mean_queue:1.0666667222976685
intersection:3, mean_episode_reward:-0.677777886390686, mean_queue:0.8138889074325562
intersection:4, mean_episode_reward:-0.7794443964958191, mean_queue:0.9083333611488342
intersection:5, mean_episode_reward:-0.6288890838623047, mean_queue:0.7277777791023254
intersection:6, mean_episode_reward:-0.7211110591888428, mean_queue:0.8166666626930237
intersection:7, mean_episode_reward:-0.44722238183021545, mean_queue:0.5305555462837219
intersection:8, mean_episode_reward:-0.9050002098083496, mean_queue:1.0222222805023193
intersection:9, mean_episode_reward:-0.7516666650772095, mean_queue:0.8722222447395325
intersection:10, mean_episode_reward:-0.6552777886390686, mean_queue:0.7638888955116272
intersection:11, mean_episode_reward:-0.6950003504753113, mean_queue:0.8277778029441833
intersection:12, mean_episode_reward:-0.6183335185050964, mean_queue:0.7166666388511658
intersection:13, mean_episode_reward:-0.6588891744613647, mean_queue:0.7861111164093018
intersection:14, mean_episode_reward:-0.5744445323944092, mean_queue:0.6722221970558167
intersection:15, mean_episode_reward:-0.6016668081283569, mean_queue:0.7111111283302307
intersection:16, mean_episode_reward:0.0, mean_queue:0.0
intersection:17, mean_episode_reward:0.0, mean_queue:0.0
intersection:18, mean_episode_reward:0.0, mean_queue:0.0
intersection:19, mean_episode_reward:0.0, mean_queue:0.0
intersection:20, mean_episode_reward:0.0, mean_queue:0.0
intersection:21, mean_episode_reward:0.0, mean_queue:0.0
intersection:22, mean_episode_reward:0.0, mean_queue:0.0
intersection:23, mean_episode_reward:0.0, mean_queue:0.0
intersection:24, mean_episode_reward:0.0, mean_queue:0.0
intersection:25, mean_episode_reward:0.0, mean_queue:0.0
intersection:26, mean_episode_reward:0.0, mean_queue:0.0
intersection:27, mean_episode_reward:0.0, mean_queue:0.0
intersection:28, mean_episode_reward:0.0, mean_queue:0.0
intersection:29, mean_episode_reward:0.0, mean_queue:0.0
intersection:30, mean_episode_reward:0.0, mean_queue:0.0
intersection:31, mean_episode_reward:0.0, mean_queue:0.0
Test step:58/200, travel time :185.25414364640883, rewards:-10.809724934895833, queue:0.39375, delay:0.025972904099358454, throughput:1448
step:3600/3600, q_loss:0.4217270016670227, rewards:-11.285001627604167, queue:0.40789930555555554, delay:0.026399424340989856, throughput:1453
episode:59/200, real avg travel time:186.51617343427392
intersection:0, mean_episode_reward:-0.7594447731971741, mean_queue:0.8833333253860474
intersection:1, mean_episode_reward:-0.795278012752533, mean_queue:0.9083333611488342
intersection:2, mean_episode_reward:-0.8652777075767517, mean_queue:0.9861111044883728
intersection:3, mean_episode_reward:-0.8161113262176514, mean_queue:0.9333333373069763
intersection:4, mean_episode_reward:-0.7113888263702393, mean_queue:0.8194444179534912
intersection:5, mean_episode_reward:-0.6944444179534912, mean_queue:0.8083333373069763
intersection:6, mean_episode_reward:-0.6113890409469604, mean_queue:0.7111111283302307
intersection:7, mean_episode_reward:-0.4780557453632355, mean_queue:0.5833333134651184
intersection:8, mean_episode_reward:-0.8369446396827698, mean_queue:0.9444444179534912
intersection:9, mean_episode_reward:-0.8180556297302246, mean_queue:0.9277777671813965
intersection:10, mean_episode_reward:-0.6966667771339417, mean_queue:0.8027777671813965
intersection:11, mean_episode_reward:-0.7447224259376526, mean_queue:0.8611111044883728
intersection:12, mean_episode_reward:-0.6772223711013794, mean_queue:0.7805555462837219
intersection:13, mean_episode_reward:-0.7091667652130127, mean_queue:0.8138889074325562
intersection:14, mean_episode_reward:-0.5655556917190552, mean_queue:0.6777777671813965
intersection:15, mean_episode_reward:-0.5052779316902161, mean_queue:0.6111111044883728
intersection:16, mean_episode_reward:0.0, mean_queue:0.0
intersection:17, mean_episode_reward:0.0, mean_queue:0.0
intersection:18, mean_episode_reward:0.0, mean_queue:0.0
intersection:19, mean_episode_reward:0.0, mean_queue:0.0
intersection:20, mean_episode_reward:0.0, mean_queue:0.0
intersection:21, mean_episode_reward:0.0, mean_queue:0.0
intersection:22, mean_episode_reward:0.0, mean_queue:0.0
intersection:23, mean_episode_reward:0.0, mean_queue:0.0
intersection:24, mean_episode_reward:0.0, mean_queue:0.0
intersection:25, mean_episode_reward:0.0, mean_queue:0.0
intersection:26, mean_episode_reward:0.0, mean_queue:0.0
intersection:27, mean_episode_reward:0.0, mean_queue:0.0
intersection:28, mean_episode_reward:0.0, mean_queue:0.0
intersection:29, mean_episode_reward:0.0, mean_queue:0.0
intersection:30, mean_episode_reward:0.0, mean_queue:0.0
intersection:31, mean_episode_reward:0.0, mean_queue:0.0
Test step:59/200, travel time :186.05234159779613, rewards:-11.289168972439237, queue:0.4088541666666667, delay:0.02562210030025906, throughput:1452
step:3600/3600, q_loss:0.4509061574935913, rewards:-11.535279676649306, queue:0.4166666666666667, delay:0.026427419980367024, throughput:1452
episode:60/200, real avg travel time:186.6797520661157
intersection:0, mean_episode_reward:-0.833055853843689, mean_queue:0.925000011920929
intersection:1, mean_episode_reward:-0.8380554914474487, mean_queue:0.9611111283302307
intersection:2, mean_episode_reward:-0.9250000715255737, mean_queue:1.0555555820465088
intersection:3, mean_episode_reward:-0.7758331894874573, mean_queue:0.894444465637207
intersection:4, mean_episode_reward:-0.8813892006874084, mean_queue:1.0027778148651123
intersection:5, mean_episode_reward:-0.6241668462753296, mean_queue:0.7361111044883728
intersection:6, mean_episode_reward:-0.5758333802223206, mean_queue:0.6777777671813965
intersection:7, mean_episode_reward:-0.4786114990711212, mean_queue:0.5611110925674438
intersection:8, mean_episode_reward:-0.997222363948822, mean_queue:1.119444489479065
intersection:9, mean_episode_reward:-0.7961110472679138, mean_queue:0.9083333611488342
intersection:10, mean_episode_reward:-0.5991666316986084, mean_queue:0.6861110925674438
intersection:11, mean_episode_reward:-0.6733336448669434, mean_queue:0.8027777671813965
intersection:12, mean_episode_reward:-0.858889102935791, mean_queue:0.980555534362793
intersection:13, mean_episode_reward:-0.6508336663246155, mean_queue:0.7861111164093018
intersection:14, mean_episode_reward:-0.5125001668930054, mean_queue:0.6027777791023254
intersection:15, mean_episode_reward:-0.5152780413627625, mean_queue:0.6333333253860474
intersection:16, mean_episode_reward:0.0, mean_queue:0.0
intersection:17, mean_episode_reward:0.0, mean_queue:0.0
intersection:18, mean_episode_reward:0.0, mean_queue:0.0
intersection:19, mean_episode_reward:0.0, mean_queue:0.0
intersection:20, mean_episode_reward:0.0, mean_queue:0.0
intersection:21, mean_episode_reward:0.0, mean_queue:0.0
intersection:22, mean_episode_reward:0.0, mean_queue:0.0
intersection:23, mean_episode_reward:0.0, mean_queue:0.0
intersection:24, mean_episode_reward:0.0, mean_queue:0.0
intersection:25, mean_episode_reward:0.0, mean_queue:0.0
intersection:26, mean_episode_reward:0.0, mean_queue:0.0
intersection:27, mean_episode_reward:0.0, mean_queue:0.0
intersection:28, mean_episode_reward:0.0, mean_queue:0.0
intersection:29, mean_episode_reward:0.0, mean_queue:0.0
intersection:30, mean_episode_reward:0.0, mean_queue:0.0
intersection:31, mean_episode_reward:0.0, mean_queue:0.0
Test step:60/200, travel time :186.00689655172414, rewards:-11.039725070529514, queue:0.3990451388888889, delay:0.026003948847452798, throughput:1450
step:3600/3600, q_loss:0.39599910378456116, rewards:-11.159724934895833, queue:0.40217013888888886, delay:0.026110921965705025, throughput:1452
episode:61/200, real avg travel time:186.4318181818182
intersection:0, mean_episode_reward:-0.8427782654762268, mean_queue:0.9388889074325562
intersection:1, mean_episode_reward:-0.6727778315544128, mean_queue:0.7833333611488342
intersection:2, mean_episode_reward:-0.7625001072883606, mean_queue:0.8722222447395325
intersection:3, mean_episode_reward:-0.6655557155609131, mean_queue:0.769444465637207
intersection:4, mean_episode_reward:-0.7644445896148682, mean_queue:0.8805555701255798
intersection:5, mean_episode_reward:-0.6686109900474548, mean_queue:0.769444465637207
intersection:6, mean_episode_reward:-0.603611171245575, mean_queue:0.7166666388511658
intersection:7, mean_episode_reward:-0.47250014543533325, mean_queue:0.5694444179534912
intersection:8, mean_episode_reward:-0.827222466468811, mean_queue:0.925000011920929
intersection:9, mean_episode_reward:-0.7977780103683472, mean_queue:0.9138888716697693
intersection:10, mean_episode_reward:-0.7466667294502258, mean_queue:0.8416666388511658
intersection:11, mean_episode_reward:-0.7263891696929932, mean_queue:0.8638888597488403
intersection:12, mean_episode_reward:-0.7294447422027588, mean_queue:0.824999988079071
intersection:13, mean_episode_reward:-0.6952778100967407, mean_queue:0.8083333373069763
intersection:14, mean_episode_reward:-0.5666669011116028, mean_queue:0.6722221970558167
intersection:15, mean_episode_reward:-0.6175001263618469, mean_queue:0.7194444537162781
intersection:16, mean_episode_reward:0.0, mean_queue:0.0
intersection:17, mean_episode_reward:0.0, mean_queue:0.0
intersection:18, mean_episode_reward:0.0, mean_queue:0.0
intersection:19, mean_episode_reward:0.0, mean_queue:0.0
intersection:20, mean_episode_reward:0.0, mean_queue:0.0
intersection:21, mean_episode_reward:0.0, mean_queue:0.0
intersection:22, mean_episode_reward:0.0, mean_queue:0.0
intersection:23, mean_episode_reward:0.0, mean_queue:0.0
intersection:24, mean_episode_reward:0.0, mean_queue:0.0
intersection:25, mean_episode_reward:0.0, mean_queue:0.0
intersection:26, mean_episode_reward:0.0, mean_queue:0.0
intersection:27, mean_episode_reward:0.0, mean_queue:0.0
intersection:28, mean_episode_reward:0.0, mean_queue:0.0
intersection:29, mean_episode_reward:0.0, mean_queue:0.0
intersection:30, mean_episode_reward:0.0, mean_queue:0.0
intersection:31, mean_episode_reward:0.0, mean_queue:0.0
Test step:61/200, travel time :187.0454232622161, rewards:-12.018058268229167, queue:0.4315104166666667, delay:0.026727623409695096, throughput:1453
step:3600/3600, q_loss:0.3881492614746094, rewards:-12.203058539496528, queue:0.43914930555555554, delay:0.027224805619981553, throughput:1452
episode:62/200, real avg travel time:188.48209366391185
intersection:0, mean_episode_reward:-0.8086113929748535, mean_queue:0.9222221970558167
intersection:1, mean_episode_reward:-0.918055534362793, mean_queue:1.024999976158142
intersection:2, mean_episode_reward:-1.0091668367385864, mean_queue:1.1388888359069824
intersection:3, mean_episode_reward:-0.7980557084083557, mean_queue:0.9194444417953491
intersection:4, mean_episode_reward:-0.8825002312660217, mean_queue:1.019444465637207
intersection:5, mean_episode_reward:-0.714444637298584, mean_queue:0.824999988079071
intersection:6, mean_episode_reward:-0.7533334493637085, mean_queue:0.855555534362793
intersection:7, mean_episode_reward:-0.49833357334136963, mean_queue:0.5944444537162781
intersection:8, mean_episode_reward:-0.8602778315544128, mean_queue:0.9666666388511658
intersection:9, mean_episode_reward:-0.8580555319786072, mean_queue:0.9722222089767456
intersection:10, mean_episode_reward:-0.7588886618614197, mean_queue:0.8861111402511597
intersection:11, mean_episode_reward:-0.7202780246734619, mean_queue:0.8388888835906982
intersection:12, mean_episode_reward:-0.7522225379943848, mean_queue:0.8583333492279053
intersection:13, mean_episode_reward:-0.6663889288902283, mean_queue:0.7944444417953491
intersection:14, mean_episode_reward:-0.5836113691329956, mean_queue:0.699999988079071
intersection:15, mean_episode_reward:-0.6208338141441345, mean_queue:0.7361111044883728
intersection:16, mean_episode_reward:0.0, mean_queue:0.0
intersection:17, mean_episode_reward:0.0, mean_queue:0.0
intersection:18, mean_episode_reward:0.0, mean_queue:0.0
intersection:19, mean_episode_reward:0.0, mean_queue:0.0
intersection:20, mean_episode_reward:0.0, mean_queue:0.0
intersection:21, mean_episode_reward:0.0, mean_queue:0.0
intersection:22, mean_episode_reward:0.0, mean_queue:0.0
intersection:23, mean_episode_reward:0.0, mean_queue:0.0
intersection:24, mean_episode_reward:0.0, mean_queue:0.0
intersection:25, mean_episode_reward:0.0, mean_queue:0.0
intersection:26, mean_episode_reward:0.0, mean_queue:0.0
intersection:27, mean_episode_reward:0.0, mean_queue:0.0
intersection:28, mean_episode_reward:0.0, mean_queue:0.0
intersection:29, mean_episode_reward:0.0, mean_queue:0.0
intersection:30, mean_episode_reward:0.0, mean_queue:0.0
intersection:31, mean_episode_reward:0.0, mean_queue:0.0
Test step:62/200, travel time :187.39298004129387, rewards:-11.73305935329861, queue:0.4234375, delay:0.02655054728190104, throughput:1453
step:3600/3600, q_loss:0.35264700651168823, rewards:-11.494169108072917, queue:0.41649305555555555, delay:0.02606460518307156, throughput:1453
episode:63/200, real avg travel time:186.4335856847901
intersection:0, mean_episode_reward:-0.8391667008399963, mean_queue:0.949999988079071
intersection:1, mean_episode_reward:-0.8388890027999878, mean_queue:0.9527778029441833
intersection:2, mean_episode_reward:-0.9008334875106812, mean_queue:1.019444465637207
intersection:3, mean_episode_reward:-0.54749995470047, mean_queue:0.6555555462837219
intersection:4, mean_episode_reward:-0.8291669487953186, mean_queue:0.9861111044883728
intersection:5, mean_episode_reward:-0.6599999070167542, mean_queue:0.7749999761581421
intersection:6, mean_episode_reward:-0.596666693687439, mean_queue:0.7027778029441833
intersection:7, mean_episode_reward:-0.4613889455795288, mean_queue:0.550000011920929
intersection:8, mean_episode_reward:-0.8058335185050964, mean_queue:0.8972222208976746
intersection:9, mean_episode_reward:-0.8627778887748718, mean_queue:0.9888888597488403
intersection:10, mean_episode_reward:-0.7033334374427795, mean_queue:0.8083333373069763
intersection:11, mean_episode_reward:-0.7166667580604553, mean_queue:0.8444444537162781
intersection:12, mean_episode_reward:-0.7891668677330017, mean_queue:0.8888888955116272
intersection:13, mean_episode_reward:-0.7013890743255615, mean_queue:0.8277778029441833
intersection:14, mean_episode_reward:-0.5955559015274048, mean_queue:0.7055555582046509
intersection:15, mean_episode_reward:-0.6458334922790527, mean_queue:0.7749999761581421
intersection:16, mean_episode_reward:0.0, mean_queue:0.0
intersection:17, mean_episode_reward:0.0, mean_queue:0.0
intersection:18, mean_episode_reward:0.0, mean_queue:0.0
intersection:19, mean_episode_reward:0.0, mean_queue:0.0
intersection:20, mean_episode_reward:0.0, mean_queue:0.0
intersection:21, mean_episode_reward:0.0, mean_queue:0.0
intersection:22, mean_episode_reward:0.0, mean_queue:0.0
intersection:23, mean_episode_reward:0.0, mean_queue:0.0
intersection:24, mean_episode_reward:0.0, mean_queue:0.0
intersection:25, mean_episode_reward:0.0, mean_queue:0.0
intersection:26, mean_episode_reward:0.0, mean_queue:0.0
intersection:27, mean_episode_reward:0.0, mean_queue:0.0
intersection:28, mean_episode_reward:0.0, mean_queue:0.0
intersection:29, mean_episode_reward:0.0, mean_queue:0.0
intersection:30, mean_episode_reward:0.0, mean_queue:0.0
intersection:31, mean_episode_reward:0.0, mean_queue:0.0
Test step:63/200, travel time :185.54852030282174, rewards:-11.077225070529513, queue:0.4050347222222222, delay:0.02605883280436198, throughput:1453
step:3600/3600, q_loss:0.4556363523006439, rewards:-11.42278103298611, queue:0.41032986111111114, delay:0.026070467631022134, throughput:1450
episode:64/200, real avg travel time:186.5841379310345
intersection:0, mean_episode_reward:-0.8452783226966858, mean_queue:0.9777777791023254
intersection:1, mean_episode_reward:-0.703611433506012, mean_queue:0.7972221970558167
intersection:2, mean_episode_reward:-0.9200000166893005, mean_queue:1.0499999523162842
intersection:3, mean_episode_reward:-0.5325000882148743, mean_queue:0.6277777552604675
intersection:4, mean_episode_reward:-0.8588889837265015, mean_queue:0.9666666388511658
intersection:5, mean_episode_reward:-0.6005557775497437, mean_queue:0.6916666626930237
intersection:6, mean_episode_reward:-0.6666669845581055, mean_queue:0.7666666507720947
intersection:7, mean_episode_reward:-0.5502779483795166, mean_queue:0.6361111402511597
intersection:8, mean_episode_reward:-0.848333477973938, mean_queue:0.9638888835906982
intersection:9, mean_episode_reward:-0.8386111855506897, mean_queue:0.9555555582046509
intersection:10, mean_episode_reward:-0.7324997782707214, mean_queue:0.8388888835906982
intersection:11, mean_episode_reward:-0.7400002479553223, mean_queue:0.8388888835906982
intersection:12, mean_episode_reward:-0.7361112833023071, mean_queue:0.8388888835906982
intersection:13, mean_episode_reward:-0.6486114263534546, mean_queue:0.7611111402511597
intersection:14, mean_episode_reward:-0.5825003385543823, mean_queue:0.6944444179534912
intersection:15, mean_episode_reward:-0.6183335781097412, mean_queue:0.7250000238418579
intersection:16, mean_episode_reward:0.0, mean_queue:0.0
intersection:17, mean_episode_reward:0.0, mean_queue:0.0
intersection:18, mean_episode_reward:0.0, mean_queue:0.0
intersection:19, mean_episode_reward:0.0, mean_queue:0.0
intersection:20, mean_episode_reward:0.0, mean_queue:0.0
intersection:21, mean_episode_reward:0.0, mean_queue:0.0
intersection:22, mean_episode_reward:0.0, mean_queue:0.0
intersection:23, mean_episode_reward:0.0, mean_queue:0.0
intersection:24, mean_episode_reward:0.0, mean_queue:0.0
intersection:25, mean_episode_reward:0.0, mean_queue:0.0
intersection:26, mean_episode_reward:0.0, mean_queue:0.0
intersection:27, mean_episode_reward:0.0, mean_queue:0.0
intersection:28, mean_episode_reward:0.0, mean_queue:0.0
intersection:29, mean_episode_reward:0.0, mean_queue:0.0
intersection:30, mean_episode_reward:0.0, mean_queue:0.0
intersection:31, mean_episode_reward:0.0, mean_queue:0.0
Test step:64/200, travel time :187.381280110117, rewards:-11.80166965060764, queue:0.425, delay:0.026949975225660536, throughput:1453
step:3600/3600, q_loss:0.5124112367630005, rewards:-11.872501627604167, queue:0.42630208333333336, delay:0.02733806504143609, throughput:1452
episode:65/200, real avg travel time:187.39669421487602
intersection:0, mean_episode_reward:-0.8658338785171509, mean_queue:0.9777777791023254
intersection:1, mean_episode_reward:-0.9011111855506897, mean_queue:1.0166666507720947
intersection:2, mean_episode_reward:-0.8774998188018799, mean_queue:0.9972222447395325
intersection:3, mean_episode_reward:-0.744166910648346, mean_queue:0.8527777791023254
intersection:4, mean_episode_reward:-0.806666910648346, mean_queue:0.925000011920929
intersection:5, mean_episode_reward:-0.6458336114883423, mean_queue:0.75
intersection:6, mean_episode_reward:-0.620555579662323, mean_queue:0.7222222089767456
intersection:7, mean_episode_reward:-0.521111249923706, mean_queue:0.5944444537162781
intersection:8, mean_episode_reward:-0.9283332228660583, mean_queue:1.0444444417953491
intersection:9, mean_episode_reward:-0.8013891577720642, mean_queue:0.9305555820465088
intersection:10, mean_episode_reward:-0.7722222208976746, mean_queue:0.8694444298744202
intersection:11, mean_episode_reward:-0.7702780961990356, mean_queue:0.8833333253860474
intersection:12, mean_episode_reward:-0.8105556964874268, mean_queue:0.9194444417953491
intersection:13, mean_episode_reward:-0.7475003600120544, mean_queue:0.8833333253860474
intersection:14, mean_episode_reward:-0.5441668629646301, mean_queue:0.6527777910232544
intersection:15, mean_episode_reward:-0.5152779221534729, mean_queue:0.6222222447395325
intersection:16, mean_episode_reward:0.0, mean_queue:0.0
intersection:17, mean_episode_reward:0.0, mean_queue:0.0
intersection:18, mean_episode_reward:0.0, mean_queue:0.0
intersection:19, mean_episode_reward:0.0, mean_queue:0.0
intersection:20, mean_episode_reward:0.0, mean_queue:0.0
intersection:21, mean_episode_reward:0.0, mean_queue:0.0
intersection:22, mean_episode_reward:0.0, mean_queue:0.0
intersection:23, mean_episode_reward:0.0, mean_queue:0.0
intersection:24, mean_episode_reward:0.0, mean_queue:0.0
intersection:25, mean_episode_reward:0.0, mean_queue:0.0
intersection:26, mean_episode_reward:0.0, mean_queue:0.0
intersection:27, mean_episode_reward:0.0, mean_queue:0.0
intersection:28, mean_episode_reward:0.0, mean_queue:0.0
intersection:29, mean_episode_reward:0.0, mean_queue:0.0
intersection:30, mean_episode_reward:0.0, mean_queue:0.0
intersection:31, mean_episode_reward:0.0, mean_queue:0.0
Test step:65/200, travel time :187.2289655172414, rewards:-11.792502170138889, queue:0.4249131944444444, delay:0.02731345494588216, throughput:1450
step:3600/3600, q_loss:0.4601210355758667, rewards:-11.303335910373264, queue:0.40859375, delay:0.02630177074008518, throughput:1452
episode:66/200, real avg travel time:186.50413223140495
intersection:0, mean_episode_reward:-0.8050002455711365, mean_queue:0.9194444417953491
intersection:1, mean_episode_reward:-0.9175001978874207, mean_queue:1.0555555820465088
intersection:2, mean_episode_reward:-1.0152781009674072, mean_queue:1.1277778148651123
intersection:3, mean_episode_reward:-0.6266669034957886, mean_queue:0.730555534362793
intersection:4, mean_episode_reward:-0.9519442915916443, mean_queue:1.0833333730697632
intersection:5, mean_episode_reward:-0.6516669988632202, mean_queue:0.7583333253860474
intersection:6, mean_episode_reward:-0.5333334803581238, mean_queue:0.6472222208976746
intersection:7, mean_episode_reward:-0.4527779817581177, mean_queue:0.5666666626930237
intersection:8, mean_episode_reward:-0.9355555772781372, mean_queue:1.038888931274414
intersection:9, mean_episode_reward:-0.7616667747497559, mean_queue:0.875
intersection:10, mean_episode_reward:-0.5966667532920837, mean_queue:0.6916666626930237
intersection:11, mean_episode_reward:-0.6388891339302063, mean_queue:0.75
intersection:12, mean_episode_reward:-0.68833327293396, mean_queue:0.800000011920929
intersection:13, mean_episode_reward:-0.6738891005516052, mean_queue:0.7916666865348816
intersection:14, mean_episode_reward:-0.5061112642288208, mean_queue:0.6000000238418579
intersection:15, mean_episode_reward:-0.54805588722229, mean_queue:0.6388888955116272
intersection:16, mean_episode_reward:0.0, mean_queue:0.0
intersection:17, mean_episode_reward:0.0, mean_queue:0.0
intersection:18, mean_episode_reward:0.0, mean_queue:0.0
intersection:19, mean_episode_reward:0.0, mean_queue:0.0
intersection:20, mean_episode_reward:0.0, mean_queue:0.0
intersection:21, mean_episode_reward:0.0, mean_queue:0.0
intersection:22, mean_episode_reward:0.0, mean_queue:0.0
intersection:23, mean_episode_reward:0.0, mean_queue:0.0
intersection:24, mean_episode_reward:0.0, mean_queue:0.0
intersection:25, mean_episode_reward:0.0, mean_queue:0.0
intersection:26, mean_episode_reward:0.0, mean_queue:0.0
intersection:27, mean_episode_reward:0.0, mean_queue:0.0
intersection:28, mean_episode_reward:0.0, mean_queue:0.0
intersection:29, mean_episode_reward:0.0, mean_queue:0.0
intersection:30, mean_episode_reward:0.0, mean_queue:0.0
intersection:31, mean_episode_reward:0.0, mean_queue:0.0
Test step:66/200, travel time :188.2344827586207, rewards:-11.930280219184027, queue:0.4287326388888889, delay:0.027439207500881618, throughput:1450
step:3600/3600, q_loss:0.445265531539917, rewards:-11.205003526475695, queue:0.40546875, delay:0.026024325688680013, throughput:1451
episode:67/200, real avg travel time:186.0041350792557
intersection:0, mean_episode_reward:-0.8347224593162537, mean_queue:0.9444444179534912
intersection:1, mean_episode_reward:-0.7613892555236816, mean_queue:0.8777777552604675
intersection:2, mean_episode_reward:-0.8455557823181152, mean_queue:0.9611111283302307
intersection:3, mean_episode_reward:-0.5708338618278503, mean_queue:0.6777777671813965
intersection:4, mean_episode_reward:-0.7430558800697327, mean_queue:0.8722222447395325
intersection:5, mean_episode_reward:-0.6463888883590698, mean_queue:0.7472222447395325
intersection:6, mean_episode_reward:-0.7463890910148621, mean_queue:0.8472222089767456
intersection:7, mean_episode_reward:-0.4225000739097595, mean_queue:0.49166667461395264
intersection:8, mean_episode_reward:-0.8447219729423523, mean_queue:0.9583333134651184
intersection:9, mean_episode_reward:-0.8172223567962646, mean_queue:0.9583333134651184
intersection:10, mean_episode_reward:-0.7772223353385925, mean_queue:0.8916666507720947
intersection:11, mean_episode_reward:-0.5833335518836975, mean_queue:0.6916666626930237
intersection:12, mean_episode_reward:-0.6208336353302002, mean_queue:0.7277777791023254
intersection:13, mean_episode_reward:-0.7577781081199646, mean_queue:0.8861111402511597
intersection:14, mean_episode_reward:-0.6183333992958069, mean_queue:0.7250000238418579
intersection:15, mean_episode_reward:-0.6147225499153137, mean_queue:0.7166666388511658
intersection:16, mean_episode_reward:0.0, mean_queue:0.0
intersection:17, mean_episode_reward:0.0, mean_queue:0.0
intersection:18, mean_episode_reward:0.0, mean_queue:0.0
intersection:19, mean_episode_reward:0.0, mean_queue:0.0
intersection:20, mean_episode_reward:0.0, mean_queue:0.0
intersection:21, mean_episode_reward:0.0, mean_queue:0.0
intersection:22, mean_episode_reward:0.0, mean_queue:0.0
intersection:23, mean_episode_reward:0.0, mean_queue:0.0
intersection:24, mean_episode_reward:0.0, mean_queue:0.0
intersection:25, mean_episode_reward:0.0, mean_queue:0.0
intersection:26, mean_episode_reward:0.0, mean_queue:0.0
intersection:27, mean_episode_reward:0.0, mean_queue:0.0
intersection:28, mean_episode_reward:0.0, mean_queue:0.0
intersection:29, mean_episode_reward:0.0, mean_queue:0.0
intersection:30, mean_episode_reward:0.0, mean_queue:0.0
intersection:31, mean_episode_reward:0.0, mean_queue:0.0
Test step:67/200, travel time :186.80702963473468, rewards:-11.528891330295139, queue:0.4173611111111111, delay:0.026902037196689182, throughput:1451
step:3600/3600, q_loss:0.40784040093421936, rewards:-11.196669514973959, queue:0.40789930555555554, delay:0.02683722972869873, throughput:1452
episode:68/200, real avg travel time:186.5020661157025
intersection:0, mean_episode_reward:-0.7819446325302124, mean_queue:0.9027777910232544
intersection:1, mean_episode_reward:-0.8813890218734741, mean_queue:1.0027778148651123
intersection:2, mean_episode_reward:-0.8672224879264832, mean_queue:0.9833333492279053
intersection:3, mean_episode_reward:-0.6086113452911377, mean_queue:0.7277777791023254
intersection:4, mean_episode_reward:-0.8016670346260071, mean_queue:0.9333333373069763
intersection:5, mean_episode_reward:-0.5613888502120972, mean_queue:0.6555555462837219
intersection:6, mean_episode_reward:-0.6738890409469604, mean_queue:0.7861111164093018
intersection:7, mean_episode_reward:-0.4386112689971924, mean_queue:0.5416666865348816
intersection:8, mean_episode_reward:-0.9261113405227661, mean_queue:1.0472222566604614
intersection:9, mean_episode_reward:-0.8350001573562622, mean_queue:0.9944444298744202
intersection:10, mean_episode_reward:-0.6191666126251221, mean_queue:0.7166666388511658
intersection:11, mean_episode_reward:-0.6569446325302124, mean_queue:0.7611111402511597
intersection:12, mean_episode_reward:-0.6736113429069519, mean_queue:0.7777777910232544
intersection:13, mean_episode_reward:-0.6636113524436951, mean_queue:0.7833333611488342
intersection:14, mean_episode_reward:-0.5858335494995117, mean_queue:0.7055555582046509
intersection:15, mean_episode_reward:-0.6216668486595154, mean_queue:0.7333333492279053
intersection:16, mean_episode_reward:0.0, mean_queue:0.0
intersection:17, mean_episode_reward:0.0, mean_queue:0.0
intersection:18, mean_episode_reward:0.0, mean_queue:0.0
intersection:19, mean_episode_reward:0.0, mean_queue:0.0
intersection:20, mean_episode_reward:0.0, mean_queue:0.0
intersection:21, mean_episode_reward:0.0, mean_queue:0.0
intersection:22, mean_episode_reward:0.0, mean_queue:0.0
intersection:23, mean_episode_reward:0.0, mean_queue:0.0
intersection:24, mean_episode_reward:0.0, mean_queue:0.0
intersection:25, mean_episode_reward:0.0, mean_queue:0.0
intersection:26, mean_episode_reward:0.0, mean_queue:0.0
intersection:27, mean_episode_reward:0.0, mean_queue:0.0
intersection:28, mean_episode_reward:0.0, mean_queue:0.0
intersection:29, mean_episode_reward:0.0, mean_queue:0.0
intersection:30, mean_episode_reward:0.0, mean_queue:0.0
intersection:31, mean_episode_reward:0.0, mean_queue:0.0
Test step:68/200, travel time :185.34824501032347, rewards:-11.095280626085069, queue:0.4019097222222222, delay:0.02577557298872206, throughput:1453
step:3600/3600, q_loss:0.3621542155742645, rewards:-10.940835232204861, queue:0.3980034722222222, delay:0.02585486306084527, throughput:1452
episode:69/200, real avg travel time:185.6522038567493
intersection:0, mean_episode_reward:-0.6261112689971924, mean_queue:0.7194444537162781
intersection:1, mean_episode_reward:-0.7019445896148682, mean_queue:0.8305555582046509
intersection:2, mean_episode_reward:-0.9458332657814026, mean_queue:1.0888888835906982
intersection:3, mean_episode_reward:-0.5786113142967224, mean_queue:0.6861110925674438
intersection:4, mean_episode_reward:-0.8608337640762329, mean_queue:0.9972222447395325
intersection:5, mean_episode_reward:-0.7041667103767395, mean_queue:0.8111110925674438
intersection:6, mean_episode_reward:-0.7119444012641907, mean_queue:0.8277778029441833
intersection:7, mean_episode_reward:-0.5333336591720581, mean_queue:0.6277777552604675
intersection:8, mean_episode_reward:-0.7494446039199829, mean_queue:0.8444444537162781
intersection:9, mean_episode_reward:-0.7122223973274231, mean_queue:0.8333333134651184
intersection:10, mean_episode_reward:-0.6813889145851135, mean_queue:0.7888888716697693
intersection:11, mean_episode_reward:-0.7097224593162537, mean_queue:0.8333333134651184
intersection:12, mean_episode_reward:-0.693611204624176, mean_queue:0.7972221970558167
intersection:13, mean_episode_reward:-0.6191667318344116, mean_queue:0.7388888597488403
intersection:14, mean_episode_reward:-0.5308335423469543, mean_queue:0.6194444298744202
intersection:15, mean_episode_reward:-0.5816668272018433, mean_queue:0.6916666626930237
intersection:16, mean_episode_reward:0.0, mean_queue:0.0
intersection:17, mean_episode_reward:0.0, mean_queue:0.0
intersection:18, mean_episode_reward:0.0, mean_queue:0.0
intersection:19, mean_episode_reward:0.0, mean_queue:0.0
intersection:20, mean_episode_reward:0.0, mean_queue:0.0
intersection:21, mean_episode_reward:0.0, mean_queue:0.0
intersection:22, mean_episode_reward:0.0, mean_queue:0.0
intersection:23, mean_episode_reward:0.0, mean_queue:0.0
intersection:24, mean_episode_reward:0.0, mean_queue:0.0
intersection:25, mean_episode_reward:0.0, mean_queue:0.0
intersection:26, mean_episode_reward:0.0, mean_queue:0.0
intersection:27, mean_episode_reward:0.0, mean_queue:0.0
intersection:28, mean_episode_reward:0.0, mean_queue:0.0
intersection:29, mean_episode_reward:0.0, mean_queue:0.0
intersection:30, mean_episode_reward:0.0, mean_queue:0.0
intersection:31, mean_episode_reward:0.0, mean_queue:0.0
Test step:69/200, travel time :185.79365079365078, rewards:-11.049169921875, queue:0.3993923611111111, delay:0.02595155504014757, throughput:1449
step:3600/3600, q_loss:0.4245019257068634, rewards:-11.410557725694444, queue:0.41328125, delay:0.026176487074957955, throughput:1448
episode:70/200, real avg travel time:186.46408839779005
intersection:0, mean_episode_reward:-0.956111490726471, mean_queue:1.086111068725586
intersection:1, mean_episode_reward:-0.6858334541320801, mean_queue:0.7916666865348816
intersection:2, mean_episode_reward:-0.7647222876548767, mean_queue:0.8777777552604675
intersection:3, mean_episode_reward:-0.5744447112083435, mean_queue:0.675000011920929
intersection:4, mean_episode_reward:-1.0016669034957886, mean_queue:1.1472222805023193
intersection:5, mean_episode_reward:-0.5652779340744019, mean_queue:0.6611111164093018
intersection:6, mean_episode_reward:-0.7038890719413757, mean_queue:0.8027777671813965
intersection:7, mean_episode_reward:-0.5013890862464905, mean_queue:0.5944444537162781
intersection:8, mean_episode_reward:-0.8366667628288269, mean_queue:0.9333333373069763
intersection:9, mean_episode_reward:-0.7533332109451294, mean_queue:0.8722222447395325
intersection:10, mean_episode_reward:-0.7041666507720947, mean_queue:0.8111110925674438
intersection:11, mean_episode_reward:-0.7205557823181152, mean_queue:0.8444444537162781
intersection:12, mean_episode_reward:-0.7125001549720764, mean_queue:0.8166666626930237
intersection:13, mean_episode_reward:-0.740555465221405, mean_queue:0.8805555701255798
intersection:14, mean_episode_reward:-0.6016669273376465, mean_queue:0.7222222089767456
intersection:15, mean_episode_reward:-0.5877780318260193, mean_queue:0.7083333134651184
intersection:16, mean_episode_reward:0.0, mean_queue:0.0
intersection:17, mean_episode_reward:0.0, mean_queue:0.0
intersection:18, mean_episode_reward:0.0, mean_queue:0.0
intersection:19, mean_episode_reward:0.0, mean_queue:0.0
intersection:20, mean_episode_reward:0.0, mean_queue:0.0
intersection:21, mean_episode_reward:0.0, mean_queue:0.0
intersection:22, mean_episode_reward:0.0, mean_queue:0.0
intersection:23, mean_episode_reward:0.0, mean_queue:0.0
intersection:24, mean_episode_reward:0.0, mean_queue:0.0
intersection:25, mean_episode_reward:0.0, mean_queue:0.0
intersection:26, mean_episode_reward:0.0, mean_queue:0.0
intersection:27, mean_episode_reward:0.0, mean_queue:0.0
intersection:28, mean_episode_reward:0.0, mean_queue:0.0
intersection:29, mean_episode_reward:0.0, mean_queue:0.0
intersection:30, mean_episode_reward:0.0, mean_queue:0.0
intersection:31, mean_episode_reward:0.0, mean_queue:0.0
Test step:70/200, travel time :186.01308539944904, rewards:-11.148890516493056, queue:0.40286458333333336, delay:0.026018222173055012, throughput:1452
step:3600/3600, q_loss:0.4371975362300873, rewards:-11.394725206163194, queue:0.4136284722222222, delay:0.02598382102118598, throughput:1453
episode:71/200, real avg travel time:186.5223675154852
intersection:0, mean_episode_reward:-0.8413889408111572, mean_queue:0.9583333134651184
intersection:1, mean_episode_reward:-0.7522224187850952, mean_queue:0.8666666746139526
intersection:2, mean_episode_reward:-0.8908337354660034, mean_queue:1.0
intersection:3, mean_episode_reward:-0.5763890743255615, mean_queue:0.6805555820465088
intersection:4, mean_episode_reward:-0.9480558633804321, mean_queue:1.0944443941116333
intersection:5, mean_episode_reward:-0.6019445657730103, mean_queue:0.6944444179534912
intersection:6, mean_episode_reward:-0.6686111092567444, mean_queue:0.7805555462837219
intersection:7, mean_episode_reward:-0.5519446730613708, mean_queue:0.6416666507720947
intersection:8, mean_episode_reward:-0.9055554866790771, mean_queue:1.0166666507720947
intersection:9, mean_episode_reward:-0.7063891291618347, mean_queue:0.8277778029441833
intersection:10, mean_episode_reward:-0.6744447350502014, mean_queue:0.800000011920929
intersection:11, mean_episode_reward:-0.6802778840065002, mean_queue:0.8055555820465088
intersection:12, mean_episode_reward:-0.7250000834465027, mean_queue:0.8472222089767456
intersection:13, mean_episode_reward:-0.7972223162651062, mean_queue:0.9444444179534912
intersection:14, mean_episode_reward:-0.606111466884613, mean_queue:0.7055555582046509
intersection:15, mean_episode_reward:-0.4683336019515991, mean_queue:0.5722222328186035
intersection:16, mean_episode_reward:0.0, mean_queue:0.0
intersection:17, mean_episode_reward:0.0, mean_queue:0.0
intersection:18, mean_episode_reward:0.0, mean_queue:0.0
intersection:19, mean_episode_reward:0.0, mean_queue:0.0
intersection:20, mean_episode_reward:0.0, mean_queue:0.0
intersection:21, mean_episode_reward:0.0, mean_queue:0.0
intersection:22, mean_episode_reward:0.0, mean_queue:0.0
intersection:23, mean_episode_reward:0.0, mean_queue:0.0
intersection:24, mean_episode_reward:0.0, mean_queue:0.0
intersection:25, mean_episode_reward:0.0, mean_queue:0.0
intersection:26, mean_episode_reward:0.0, mean_queue:0.0
intersection:27, mean_episode_reward:0.0, mean_queue:0.0
intersection:28, mean_episode_reward:0.0, mean_queue:0.0
intersection:29, mean_episode_reward:0.0, mean_queue:0.0
intersection:30, mean_episode_reward:0.0, mean_queue:0.0
intersection:31, mean_episode_reward:0.0, mean_queue:0.0
Test step:71/200, travel time :186.53650137741047, rewards:-11.323891872829861, queue:0.41067708333333336, delay:0.02678338686625163, throughput:1452
step:3600/3600, q_loss:0.38036736845970154, rewards:-11.609724934895834, queue:0.4214409722222222, delay:0.02638233502705892, throughput:1452
episode:72/200, real avg travel time:187.1487603305785
intersection:0, mean_episode_reward:-0.8033333420753479, mean_queue:0.9194444417953491
intersection:1, mean_episode_reward:-0.797222375869751, mean_queue:0.925000011920929
intersection:2, mean_episode_reward:-0.8458335995674133, mean_queue:0.9777777791023254
intersection:3, mean_episode_reward:-0.6161113977432251, mean_queue:0.730555534362793
intersection:4, mean_episode_reward:-0.8508336544036865, mean_queue:0.9888888597488403
intersection:5, mean_episode_reward:-0.6711112260818481, mean_queue:0.7861111164093018
intersection:6, mean_episode_reward:-0.633611261844635, mean_queue:0.7277777791023254
intersection:7, mean_episode_reward:-0.4013889729976654, mean_queue:0.49444442987442017
intersection:8, mean_episode_reward:-0.8894445896148682, mean_queue:0.9972222447395325
intersection:9, mean_episode_reward:-0.9272224307060242, mean_queue:1.0499999523162842
intersection:10, mean_episode_reward:-0.6825001239776611, mean_queue:0.8027777671813965
intersection:11, mean_episode_reward:-0.7008336186408997, mean_queue:0.8361111283302307
intersection:12, mean_episode_reward:-0.7972225546836853, mean_queue:0.8916666507720947
intersection:13, mean_episode_reward:-0.6894444823265076, mean_queue:0.8333333134651184
intersection:14, mean_episode_reward:-0.6405556797981262, mean_queue:0.75
intersection:15, mean_episode_reward:-0.6630558371543884, mean_queue:0.7749999761581421
intersection:16, mean_episode_reward:0.0, mean_queue:0.0
intersection:17, mean_episode_reward:0.0, mean_queue:0.0
intersection:18, mean_episode_reward:0.0, mean_queue:0.0
intersection:19, mean_episode_reward:0.0, mean_queue:0.0
intersection:20, mean_episode_reward:0.0, mean_queue:0.0
intersection:21, mean_episode_reward:0.0, mean_queue:0.0
intersection:22, mean_episode_reward:0.0, mean_queue:0.0
intersection:23, mean_episode_reward:0.0, mean_queue:0.0
intersection:24, mean_episode_reward:0.0, mean_queue:0.0
intersection:25, mean_episode_reward:0.0, mean_queue:0.0
intersection:26, mean_episode_reward:0.0, mean_queue:0.0
intersection:27, mean_episode_reward:0.0, mean_queue:0.0
intersection:28, mean_episode_reward:0.0, mean_queue:0.0
intersection:29, mean_episode_reward:0.0, mean_queue:0.0
intersection:30, mean_episode_reward:0.0, mean_queue:0.0
intersection:31, mean_episode_reward:0.0, mean_queue:0.0
Test step:72/200, travel time :185.06060606060606, rewards:-10.963335503472223, queue:0.4, delay:0.025617106755574545, throughput:1452
step:3600/3600, q_loss:0.4253077208995819, rewards:-11.245557318793402, queue:0.41067708333333336, delay:0.02593859036763509, throughput:1450
episode:73/200, real avg travel time:185.5048275862069
intersection:0, mean_episode_reward:-0.7569445371627808, mean_queue:0.8861111402511597
intersection:1, mean_episode_reward:-0.7138891220092773, mean_queue:0.8361111283302307
intersection:2, mean_episode_reward:-0.7791666388511658, mean_queue:0.9138888716697693
intersection:3, mean_episode_reward:-0.6591668725013733, mean_queue:0.7722222208976746
intersection:4, mean_episode_reward:-0.7899999618530273, mean_queue:0.9138888716697693
intersection:5, mean_episode_reward:-0.6316668391227722, mean_queue:0.7388888597488403
intersection:6, mean_episode_reward:-0.644444465637207, mean_queue:0.7444444298744202
intersection:7, mean_episode_reward:-0.4486112892627716, mean_queue:0.5305555462837219
intersection:8, mean_episode_reward:-0.9966664910316467, mean_queue:1.1138888597488403
intersection:9, mean_episode_reward:-0.8355557918548584, mean_queue:0.9722222089767456
intersection:10, mean_episode_reward:-0.7572222948074341, mean_queue:0.8611111044883728
intersection:11, mean_episode_reward:-0.7272225022315979, mean_queue:0.8638888597488403
intersection:12, mean_episode_reward:-0.677777886390686, mean_queue:0.800000011920929
intersection:13, mean_episode_reward:-0.7200002670288086, mean_queue:0.8444444537162781
intersection:14, mean_episode_reward:-0.5188891291618347, mean_queue:0.6555555462837219
intersection:15, mean_episode_reward:-0.5883334875106812, mean_queue:0.6944444179534912
intersection:16, mean_episode_reward:0.0, mean_queue:0.0
intersection:17, mean_episode_reward:0.0, mean_queue:0.0
intersection:18, mean_episode_reward:0.0, mean_queue:0.0
intersection:19, mean_episode_reward:0.0, mean_queue:0.0
intersection:20, mean_episode_reward:0.0, mean_queue:0.0
intersection:21, mean_episode_reward:0.0, mean_queue:0.0
intersection:22, mean_episode_reward:0.0, mean_queue:0.0
intersection:23, mean_episode_reward:0.0, mean_queue:0.0
intersection:24, mean_episode_reward:0.0, mean_queue:0.0
intersection:25, mean_episode_reward:0.0, mean_queue:0.0
intersection:26, mean_episode_reward:0.0, mean_queue:0.0
intersection:27, mean_episode_reward:0.0, mean_queue:0.0
intersection:28, mean_episode_reward:0.0, mean_queue:0.0
intersection:29, mean_episode_reward:0.0, mean_queue:0.0
intersection:30, mean_episode_reward:0.0, mean_queue:0.0
intersection:31, mean_episode_reward:0.0, mean_queue:0.0
Test step:73/200, travel time :186.05027548209367, rewards:-11.168613688151042, queue:0.4048611111111111, delay:0.025964879989624025, throughput:1452
step:3600/3600, q_loss:0.3702384829521179, rewards:-11.033057996961805, queue:0.40008680555555554, delay:0.025795788235134547, throughput:1452
episode:74/200, real avg travel time:185.5055096418733
intersection:0, mean_episode_reward:-0.7672225832939148, mean_queue:0.8694444298744202
intersection:1, mean_episode_reward:-0.8547224998474121, mean_queue:0.9583333134651184
intersection:2, mean_episode_reward:-0.9000001549720764, mean_queue:1.0277777910232544
intersection:3, mean_episode_reward:-0.6566668748855591, mean_queue:0.7861111164093018
intersection:4, mean_episode_reward:-0.7830555438995361, mean_queue:0.8972222208976746
intersection:5, mean_episode_reward:-0.6427780389785767, mean_queue:0.7472222447395325
intersection:6, mean_episode_reward:-0.6105558276176453, mean_queue:0.7055555582046509
intersection:7, mean_episode_reward:-0.4525001049041748, mean_queue:0.5444444417953491
intersection:8, mean_episode_reward:-0.7711109519004822, mean_queue:0.8611111044883728
intersection:9, mean_episode_reward:-0.8100003600120544, mean_queue:0.9388889074325562
intersection:10, mean_episode_reward:-0.6805556416511536, mean_queue:0.7861111164093018
intersection:11, mean_episode_reward:-0.6911112070083618, mean_queue:0.8138889074325562
intersection:12, mean_episode_reward:-0.6694446802139282, mean_queue:0.7722222208976746
intersection:13, mean_episode_reward:-0.6913887858390808, mean_queue:0.824999988079071
intersection:14, mean_episode_reward:-0.5725002884864807, mean_queue:0.6916666626930237
intersection:15, mean_episode_reward:-0.4794445037841797, mean_queue:0.5777778029441833
intersection:16, mean_episode_reward:0.0, mean_queue:0.0
intersection:17, mean_episode_reward:0.0, mean_queue:0.0
intersection:18, mean_episode_reward:0.0, mean_queue:0.0
intersection:19, mean_episode_reward:0.0, mean_queue:0.0
intersection:20, mean_episode_reward:0.0, mean_queue:0.0
intersection:21, mean_episode_reward:0.0, mean_queue:0.0
intersection:22, mean_episode_reward:0.0, mean_queue:0.0
intersection:23, mean_episode_reward:0.0, mean_queue:0.0
intersection:24, mean_episode_reward:0.0, mean_queue:0.0
intersection:25, mean_episode_reward:0.0, mean_queue:0.0
intersection:26, mean_episode_reward:0.0, mean_queue:0.0
intersection:27, mean_episode_reward:0.0, mean_queue:0.0
intersection:28, mean_episode_reward:0.0, mean_queue:0.0
intersection:29, mean_episode_reward:0.0, mean_queue:0.0
intersection:30, mean_episode_reward:0.0, mean_queue:0.0
intersection:31, mean_episode_reward:0.0, mean_queue:0.0
Test step:74/200, travel time :185.250172294969, rewards:-11.110280354817709, queue:0.40460069444444446, delay:0.026130594147576226, throughput:1451
step:3600/3600, q_loss:0.3394828736782074, rewards:-11.226113552517361, queue:0.40625, delay:0.026087212562561034, throughput:1452
episode:75/200, real avg travel time:185.6818181818182
intersection:0, mean_episode_reward:-0.6780555248260498, mean_queue:0.7777777910232544
intersection:1, mean_episode_reward:-0.8127778768539429, mean_queue:0.9305555820465088
intersection:2, mean_episode_reward:-0.849444568157196, mean_queue:0.9583333134651184
intersection:3, mean_episode_reward:-0.5577779412269592, mean_queue:0.6555555462837219
intersection:4, mean_episode_reward:-0.8188892602920532, mean_queue:0.9305555820465088
intersection:5, mean_episode_reward:-0.6950000524520874, mean_queue:0.8083333373069763
intersection:6, mean_episode_reward:-0.4966668486595154, mean_queue:0.6000000238418579
intersection:7, mean_episode_reward:-0.41944456100463867, mean_queue:0.5166666507720947
intersection:8, mean_episode_reward:-0.963611364364624, mean_queue:1.0722222328186035
intersection:9, mean_episode_reward:-0.8183334469795227, mean_queue:0.9361110925674438
intersection:10, mean_episode_reward:-0.6608333587646484, mean_queue:0.7666666507720947
intersection:11, mean_episode_reward:-0.6572223901748657, mean_queue:0.7944444417953491
intersection:12, mean_episode_reward:-0.7522225975990295, mean_queue:0.8666666746139526
intersection:13, mean_episode_reward:-0.7633335590362549, mean_queue:0.8916666507720947
intersection:14, mean_episode_reward:-0.6947224736213684, mean_queue:0.8083333373069763
intersection:15, mean_episode_reward:-0.5877781510353088, mean_queue:0.6861110925674438
intersection:16, mean_episode_reward:0.0, mean_queue:0.0
intersection:17, mean_episode_reward:0.0, mean_queue:0.0
intersection:18, mean_episode_reward:0.0, mean_queue:0.0
intersection:19, mean_episode_reward:0.0, mean_queue:0.0
intersection:20, mean_episode_reward:0.0, mean_queue:0.0
intersection:21, mean_episode_reward:0.0, mean_queue:0.0
intersection:22, mean_episode_reward:0.0, mean_queue:0.0
intersection:23, mean_episode_reward:0.0, mean_queue:0.0
intersection:24, mean_episode_reward:0.0, mean_queue:0.0
intersection:25, mean_episode_reward:0.0, mean_queue:0.0
intersection:26, mean_episode_reward:0.0, mean_queue:0.0
intersection:27, mean_episode_reward:0.0, mean_queue:0.0
intersection:28, mean_episode_reward:0.0, mean_queue:0.0
intersection:29, mean_episode_reward:0.0, mean_queue:0.0
intersection:30, mean_episode_reward:0.0, mean_queue:0.0
intersection:31, mean_episode_reward:0.0, mean_queue:0.0
Test step:75/200, travel time :184.77823691460054, rewards:-10.87167019314236, queue:0.39470486111111114, delay:0.025429646174112957, throughput:1452
step:3600/3600, q_loss:0.33264487981796265, rewards:-11.409723578559028, queue:0.4167534722222222, delay:0.02653070290883382, throughput:1450
episode:76/200, real avg travel time:186.3744827586207
intersection:0, mean_episode_reward:-0.8961113095283508, mean_queue:1.0027778148651123
intersection:1, mean_episode_reward:-0.7919446229934692, mean_queue:0.9166666865348816
intersection:2, mean_episode_reward:-0.8844444155693054, mean_queue:1.0222222805023193
intersection:3, mean_episode_reward:-0.6988891363143921, mean_queue:0.8277778029441833
intersection:4, mean_episode_reward:-0.9308334589004517, mean_queue:1.0638889074325562
intersection:5, mean_episode_reward:-0.6527777314186096, mean_queue:0.769444465637207
intersection:6, mean_episode_reward:-0.6163890361785889, mean_queue:0.7111111283302307
intersection:7, mean_episode_reward:-0.36888885498046875, mean_queue:0.47777777910232544
intersection:8, mean_episode_reward:-0.8263888955116272, mean_queue:0.9388889074325562
intersection:9, mean_episode_reward:-0.8055555820465088, mean_queue:0.9388889074325562
intersection:10, mean_episode_reward:-0.7102776169776917, mean_queue:0.824999988079071
intersection:11, mean_episode_reward:-0.5516669154167175, mean_queue:0.6638888716697693
intersection:12, mean_episode_reward:-0.8250001668930054, mean_queue:0.9444444179534912
intersection:13, mean_episode_reward:-0.8400001525878906, mean_queue:0.9777777791023254
intersection:14, mean_episode_reward:-0.5047224164009094, mean_queue:0.6361111402511597
intersection:15, mean_episode_reward:-0.5058335661888123, mean_queue:0.6194444298744202
intersection:16, mean_episode_reward:0.0, mean_queue:0.0
intersection:17, mean_episode_reward:0.0, mean_queue:0.0
intersection:18, mean_episode_reward:0.0, mean_queue:0.0
intersection:19, mean_episode_reward:0.0, mean_queue:0.0
intersection:20, mean_episode_reward:0.0, mean_queue:0.0
intersection:21, mean_episode_reward:0.0, mean_queue:0.0
intersection:22, mean_episode_reward:0.0, mean_queue:0.0
intersection:23, mean_episode_reward:0.0, mean_queue:0.0
intersection:24, mean_episode_reward:0.0, mean_queue:0.0
intersection:25, mean_episode_reward:0.0, mean_queue:0.0
intersection:26, mean_episode_reward:0.0, mean_queue:0.0
intersection:27, mean_episode_reward:0.0, mean_queue:0.0
intersection:28, mean_episode_reward:0.0, mean_queue:0.0
intersection:29, mean_episode_reward:0.0, mean_queue:0.0
intersection:30, mean_episode_reward:0.0, mean_queue:0.0
intersection:31, mean_episode_reward:0.0, mean_queue:0.0
Test step:76/200, travel time :185.37190082644628, rewards:-11.098891872829862, queue:0.40381944444444445, delay:0.025841286447313098, throughput:1452
step:3600/3600, q_loss:0.3424930274486542, rewards:-11.541114637586805, queue:0.41744791666666664, delay:0.02595802942911784, throughput:1453
episode:77/200, real avg travel time:186.68066070199586
intersection:0, mean_episode_reward:-0.7730559706687927, mean_queue:0.9055555462837219
intersection:1, mean_episode_reward:-0.8250001072883606, mean_queue:0.9416666626930237
intersection:2, mean_episode_reward:-0.8913891315460205, mean_queue:1.0166666507720947
intersection:3, mean_episode_reward:-0.6966670155525208, mean_queue:0.8138889074325562
intersection:4, mean_episode_reward:-0.724444568157196, mean_queue:0.824999988079071
intersection:5, mean_episode_reward:-0.766111433506012, mean_queue:0.8722222447395325
intersection:6, mean_episode_reward:-0.6444446444511414, mean_queue:0.7583333253860474
intersection:7, mean_episode_reward:-0.4444446265697479, mean_queue:0.5333333611488342
intersection:8, mean_episode_reward:-0.9672223329544067, mean_queue:1.0694444179534912
intersection:9, mean_episode_reward:-0.7636110782623291, mean_queue:0.8861111402511597
intersection:10, mean_episode_reward:-0.630277693271637, mean_queue:0.7222222089767456
intersection:11, mean_episode_reward:-0.7777780294418335, mean_queue:0.894444465637207
intersection:12, mean_episode_reward:-0.769166886806488, mean_queue:0.8999999761581421
intersection:13, mean_episode_reward:-0.9102781414985657, mean_queue:1.0444444417953491
intersection:14, mean_episode_reward:-0.5125001668930054, mean_queue:0.6305555701255798
intersection:15, mean_episode_reward:-0.44472241401672363, mean_queue:0.5444444417953491
intersection:16, mean_episode_reward:0.0, mean_queue:0.0
intersection:17, mean_episode_reward:0.0, mean_queue:0.0
intersection:18, mean_episode_reward:0.0, mean_queue:0.0
intersection:19, mean_episode_reward:0.0, mean_queue:0.0
intersection:20, mean_episode_reward:0.0, mean_queue:0.0
intersection:21, mean_episode_reward:0.0, mean_queue:0.0
intersection:22, mean_episode_reward:0.0, mean_queue:0.0
intersection:23, mean_episode_reward:0.0, mean_queue:0.0
intersection:24, mean_episode_reward:0.0, mean_queue:0.0
intersection:25, mean_episode_reward:0.0, mean_queue:0.0
intersection:26, mean_episode_reward:0.0, mean_queue:0.0
intersection:27, mean_episode_reward:0.0, mean_queue:0.0
intersection:28, mean_episode_reward:0.0, mean_queue:0.0
intersection:29, mean_episode_reward:0.0, mean_queue:0.0
intersection:30, mean_episode_reward:0.0, mean_queue:0.0
intersection:31, mean_episode_reward:0.0, mean_queue:0.0
Test step:77/200, travel time :185.2696551724138, rewards:-11.130002170138889, queue:0.4056423611111111, delay:0.025847662819756402, throughput:1450
step:3600/3600, q_loss:0.37168723344802856, rewards:-11.168891059027779, queue:0.40217013888888886, delay:0.025767686631944446, throughput:1454
episode:78/200, real avg travel time:185.70151306740027
intersection:0, mean_episode_reward:-0.7458333969116211, mean_queue:0.8472222089767456
intersection:1, mean_episode_reward:-0.7494447231292725, mean_queue:0.855555534362793
intersection:2, mean_episode_reward:-0.9072225093841553, mean_queue:1.0416666269302368
intersection:3, mean_episode_reward:-0.6786113977432251, mean_queue:0.7916666865348816
intersection:4, mean_episode_reward:-0.8438889384269714, mean_queue:0.949999988079071
intersection:5, mean_episode_reward:-0.6727780699729919, mean_queue:0.7749999761581421
intersection:6, mean_episode_reward:-0.682222306728363, mean_queue:0.7888888716697693
intersection:7, mean_episode_reward:-0.4680556356906891, mean_queue:0.5555555820465088
intersection:8, mean_episode_reward:-0.8450002074241638, mean_queue:0.9472222328186035
intersection:9, mean_episode_reward:-0.766389012336731, mean_queue:0.8722222447395325
intersection:10, mean_episode_reward:-0.7163890600204468, mean_queue:0.8055555820465088
intersection:11, mean_episode_reward:-0.634166955947876, mean_queue:0.7444444298744202
intersection:12, mean_episode_reward:-0.619999885559082, mean_queue:0.7277777791023254
intersection:13, mean_episode_reward:-0.6913891434669495, mean_queue:0.8194444179534912
intersection:14, mean_episode_reward:-0.6236112117767334, mean_queue:0.7138888835906982
intersection:15, mean_episode_reward:-0.5238891839981079, mean_queue:0.6333333253860474
intersection:16, mean_episode_reward:0.0, mean_queue:0.0
intersection:17, mean_episode_reward:0.0, mean_queue:0.0
intersection:18, mean_episode_reward:0.0, mean_queue:0.0
intersection:19, mean_episode_reward:0.0, mean_queue:0.0
intersection:20, mean_episode_reward:0.0, mean_queue:0.0
intersection:21, mean_episode_reward:0.0, mean_queue:0.0
intersection:22, mean_episode_reward:0.0, mean_queue:0.0
intersection:23, mean_episode_reward:0.0, mean_queue:0.0
intersection:24, mean_episode_reward:0.0, mean_queue:0.0
intersection:25, mean_episode_reward:0.0, mean_queue:0.0
intersection:26, mean_episode_reward:0.0, mean_queue:0.0
intersection:27, mean_episode_reward:0.0, mean_queue:0.0
intersection:28, mean_episode_reward:0.0, mean_queue:0.0
intersection:29, mean_episode_reward:0.0, mean_queue:0.0
intersection:30, mean_episode_reward:0.0, mean_queue:0.0
intersection:31, mean_episode_reward:0.0, mean_queue:0.0
Test step:78/200, travel time :187.97036526533427, rewards:-12.157225206163194, queue:0.4357638888888889, delay:0.02657420105404324, throughput:1451
step:3600/3600, q_loss:0.3716597557067871, rewards:-10.904724799262153, queue:0.3962673611111111, delay:0.02577192783355713, throughput:1454
episode:79/200, real avg travel time:185.67744154057772
intersection:0, mean_episode_reward:-0.8074999451637268, mean_queue:0.9277777671813965
intersection:1, mean_episode_reward:-0.6988889575004578, mean_queue:0.8333333134651184
intersection:2, mean_episode_reward:-0.8311113715171814, mean_queue:0.9777777791023254
intersection:3, mean_episode_reward:-0.5733337998390198, mean_queue:0.6916666626930237
intersection:4, mean_episode_reward:-0.8238890171051025, mean_queue:0.9583333134651184
intersection:5, mean_episode_reward:-0.5988890528678894, mean_queue:0.6944444179534912
intersection:6, mean_episode_reward:-0.5925003290176392, mean_queue:0.6972222328186035
intersection:7, mean_episode_reward:-0.4686112701892853, mean_queue:0.5555555820465088
intersection:8, mean_episode_reward:-0.8641668558120728, mean_queue:0.9583333134651184
intersection:9, mean_episode_reward:-0.8419448137283325, mean_queue:0.9416666626930237
intersection:10, mean_episode_reward:-0.6830554008483887, mean_queue:0.7833333611488342
intersection:11, mean_episode_reward:-0.663333535194397, mean_queue:0.7722222208976746
intersection:12, mean_episode_reward:-0.6499999761581421, mean_queue:0.769444465637207
intersection:13, mean_episode_reward:-0.7486112117767334, mean_queue:0.8583333492279053
intersection:14, mean_episode_reward:-0.5058335065841675, mean_queue:0.6027777791023254
intersection:15, mean_episode_reward:-0.5530557632446289, mean_queue:0.6583333611488342
intersection:16, mean_episode_reward:0.0, mean_queue:0.0
intersection:17, mean_episode_reward:0.0, mean_queue:0.0
intersection:18, mean_episode_reward:0.0, mean_queue:0.0
intersection:19, mean_episode_reward:0.0, mean_queue:0.0
intersection:20, mean_episode_reward:0.0, mean_queue:0.0
intersection:21, mean_episode_reward:0.0, mean_queue:0.0
intersection:22, mean_episode_reward:0.0, mean_queue:0.0
intersection:23, mean_episode_reward:0.0, mean_queue:0.0
intersection:24, mean_episode_reward:0.0, mean_queue:0.0
intersection:25, mean_episode_reward:0.0, mean_queue:0.0
intersection:26, mean_episode_reward:0.0, mean_queue:0.0
intersection:27, mean_episode_reward:0.0, mean_queue:0.0
intersection:28, mean_episode_reward:0.0, mean_queue:0.0
intersection:29, mean_episode_reward:0.0, mean_queue:0.0
intersection:30, mean_episode_reward:0.0, mean_queue:0.0
intersection:31, mean_episode_reward:0.0, mean_queue:0.0
Test step:79/200, travel time :187.1933929800413, rewards:-11.457503255208334, queue:0.41293402777777777, delay:0.02679071956210666, throughput:1453
step:3600/3600, q_loss:0.3585551679134369, rewards:-11.753335232204861, queue:0.42682291666666666, delay:0.026692512300279407, throughput:1452
episode:80/200, real avg travel time:186.93870523415978
intersection:0, mean_episode_reward:-0.7413890361785889, mean_queue:0.8472222089767456
intersection:1, mean_episode_reward:-0.8972229957580566, mean_queue:1.019444465637207
intersection:2, mean_episode_reward:-0.9444447755813599, mean_queue:1.086111068725586
intersection:3, mean_episode_reward:-0.6250001788139343, mean_queue:0.75
intersection:4, mean_episode_reward:-0.7650001645088196, mean_queue:0.8916666507720947
intersection:5, mean_episode_reward:-0.6063888072967529, mean_queue:0.7166666388511658
intersection:6, mean_episode_reward:-0.5986112952232361, mean_queue:0.699999988079071
intersection:7, mean_episode_reward:-0.5002778768539429, mean_queue:0.6000000238418579
intersection:8, mean_episode_reward:-0.9358336329460144, mean_queue:1.0583332777023315
intersection:9, mean_episode_reward:-0.7786110043525696, mean_queue:0.8972222208976746
intersection:10, mean_episode_reward:-0.8052775859832764, mean_queue:0.925000011920929
intersection:11, mean_episode_reward:-0.7527776956558228, mean_queue:0.8694444298744202
intersection:12, mean_episode_reward:-0.6936110854148865, mean_queue:0.8194444179534912
intersection:13, mean_episode_reward:-0.7422224283218384, mean_queue:0.8861111402511597
intersection:14, mean_episode_reward:-0.6683332920074463, mean_queue:0.7861111164093018
intersection:15, mean_episode_reward:-0.6983335614204407, mean_queue:0.8055555820465088
intersection:16, mean_episode_reward:0.0, mean_queue:0.0
intersection:17, mean_episode_reward:0.0, mean_queue:0.0
intersection:18, mean_episode_reward:0.0, mean_queue:0.0
intersection:19, mean_episode_reward:0.0, mean_queue:0.0
intersection:20, mean_episode_reward:0.0, mean_queue:0.0
intersection:21, mean_episode_reward:0.0, mean_queue:0.0
intersection:22, mean_episode_reward:0.0, mean_queue:0.0
intersection:23, mean_episode_reward:0.0, mean_queue:0.0
intersection:24, mean_episode_reward:0.0, mean_queue:0.0
intersection:25, mean_episode_reward:0.0, mean_queue:0.0
intersection:26, mean_episode_reward:0.0, mean_queue:0.0
intersection:27, mean_episode_reward:0.0, mean_queue:0.0
intersection:28, mean_episode_reward:0.0, mean_queue:0.0
intersection:29, mean_episode_reward:0.0, mean_queue:0.0
intersection:30, mean_episode_reward:0.0, mean_queue:0.0
intersection:31, mean_episode_reward:0.0, mean_queue:0.0
Test step:80/200, travel time :184.8767217630854, rewards:-11.101669650607638, queue:0.4017361111111111, delay:0.02530794938405355, throughput:1452
step:3600/3600, q_loss:0.3724732995033264, rewards:-11.372502983940972, queue:0.41163194444444445, delay:0.026278087827894422, throughput:1452
episode:81/200, real avg travel time:186.03512396694214
intersection:0, mean_episode_reward:-0.7383336424827576, mean_queue:0.8388888835906982
intersection:1, mean_episode_reward:-0.665277898311615, mean_queue:0.7805555462837219
intersection:2, mean_episode_reward:-0.8905559182167053, mean_queue:1.0166666507720947
intersection:3, mean_episode_reward:-0.6972224116325378, mean_queue:0.800000011920929
intersection:4, mean_episode_reward:-0.7313891649246216, mean_queue:0.8444444537162781
intersection:5, mean_episode_reward:-0.7019445300102234, mean_queue:0.8083333373069763
intersection:6, mean_episode_reward:-0.632500171661377, mean_queue:0.7361111044883728
intersection:7, mean_episode_reward:-0.5241668224334717, mean_queue:0.625
intersection:8, mean_episode_reward:-0.9688891768455505, mean_queue:1.086111068725586
intersection:9, mean_episode_reward:-0.8594443202018738, mean_queue:0.9916666746139526
intersection:10, mean_episode_reward:-0.629444420337677, mean_queue:0.7333333492279053
intersection:11, mean_episode_reward:-0.7405558228492737, mean_queue:0.8500000238418579
intersection:12, mean_episode_reward:-0.6252778768539429, mean_queue:0.7166666388511658
intersection:13, mean_episode_reward:-0.759444534778595, mean_queue:0.894444465637207
intersection:14, mean_episode_reward:-0.5908336043357849, mean_queue:0.7083333134651184
intersection:15, mean_episode_reward:-0.6172224879264832, mean_queue:0.7416666746139526
intersection:16, mean_episode_reward:0.0, mean_queue:0.0
intersection:17, mean_episode_reward:0.0, mean_queue:0.0
intersection:18, mean_episode_reward:0.0, mean_queue:0.0
intersection:19, mean_episode_reward:0.0, mean_queue:0.0
intersection:20, mean_episode_reward:0.0, mean_queue:0.0
intersection:21, mean_episode_reward:0.0, mean_queue:0.0
intersection:22, mean_episode_reward:0.0, mean_queue:0.0
intersection:23, mean_episode_reward:0.0, mean_queue:0.0
intersection:24, mean_episode_reward:0.0, mean_queue:0.0
intersection:25, mean_episode_reward:0.0, mean_queue:0.0
intersection:26, mean_episode_reward:0.0, mean_queue:0.0
intersection:27, mean_episode_reward:0.0, mean_queue:0.0
intersection:28, mean_episode_reward:0.0, mean_queue:0.0
intersection:29, mean_episode_reward:0.0, mean_queue:0.0
intersection:30, mean_episode_reward:0.0, mean_queue:0.0
intersection:31, mean_episode_reward:0.0, mean_queue:0.0
Test step:81/200, travel time :186.21088904203998, rewards:-11.260557725694444, queue:0.40616319444444443, delay:0.025972244474622937, throughput:1451
step:3600/3600, q_loss:0.3601318299770355, rewards:-11.416668023003472, queue:0.41241319444444446, delay:0.025899087058173287, throughput:1453
episode:82/200, real avg travel time:186.16655196145905
intersection:0, mean_episode_reward:-0.811944305896759, mean_queue:0.9333333373069763
intersection:1, mean_episode_reward:-0.838611364364624, mean_queue:0.9305555820465088
intersection:2, mean_episode_reward:-0.8605555891990662, mean_queue:0.9777777791023254
intersection:3, mean_episode_reward:-0.5402781367301941, mean_queue:0.6499999761581421
intersection:4, mean_episode_reward:-0.8188892006874084, mean_queue:0.9472222328186035
intersection:5, mean_episode_reward:-0.6727777719497681, mean_queue:0.7833333611488342
intersection:6, mean_episode_reward:-0.6369445323944092, mean_queue:0.7416666746139526
intersection:7, mean_episode_reward:-0.4755556881427765, mean_queue:0.5833333134651184
intersection:8, mean_episode_reward:-0.9366666078567505, mean_queue:1.0611110925674438
intersection:9, mean_episode_reward:-0.8288885354995728, mean_queue:0.9416666626930237
intersection:10, mean_episode_reward:-0.6633334159851074, mean_queue:0.7638888955116272
intersection:11, mean_episode_reward:-0.6919446587562561, mean_queue:0.8111110925674438
intersection:12, mean_episode_reward:-0.641389012336731, mean_queue:0.7333333492279053
intersection:13, mean_episode_reward:-0.7638892531394958, mean_queue:0.8861111402511597
intersection:14, mean_episode_reward:-0.6286113858222961, mean_queue:0.7388888597488403
intersection:15, mean_episode_reward:-0.6063889861106873, mean_queue:0.7138888835906982
intersection:16, mean_episode_reward:0.0, mean_queue:0.0
intersection:17, mean_episode_reward:0.0, mean_queue:0.0
intersection:18, mean_episode_reward:0.0, mean_queue:0.0
intersection:19, mean_episode_reward:0.0, mean_queue:0.0
intersection:20, mean_episode_reward:0.0, mean_queue:0.0
intersection:21, mean_episode_reward:0.0, mean_queue:0.0
intersection:22, mean_episode_reward:0.0, mean_queue:0.0
intersection:23, mean_episode_reward:0.0, mean_queue:0.0
intersection:24, mean_episode_reward:0.0, mean_queue:0.0
intersection:25, mean_episode_reward:0.0, mean_queue:0.0
intersection:26, mean_episode_reward:0.0, mean_queue:0.0
intersection:27, mean_episode_reward:0.0, mean_queue:0.0
intersection:28, mean_episode_reward:0.0, mean_queue:0.0
intersection:29, mean_episode_reward:0.0, mean_queue:0.0
intersection:30, mean_episode_reward:0.0, mean_queue:0.0
intersection:31, mean_episode_reward:0.0, mean_queue:0.0
Test step:82/200, travel time :185.39765678842178, rewards:-11.506391059027777, queue:0.41779513888888886, delay:0.025985137621561686, throughput:1451
step:3600/3600, q_loss:0.4069240689277649, rewards:-11.648613823784721, queue:0.41875, delay:0.026518599192301432, throughput:1452
episode:83/200, real avg travel time:187.21831955922866
intersection:0, mean_episode_reward:-0.6763890981674194, mean_queue:0.7861111164093018
intersection:1, mean_episode_reward:-0.9463890790939331, mean_queue:1.0555555820465088
intersection:2, mean_episode_reward:-0.9222225546836853, mean_queue:1.0527777671813965
intersection:3, mean_episode_reward:-0.6402779817581177, mean_queue:0.75
intersection:4, mean_episode_reward:-0.7408335208892822, mean_queue:0.8666666746139526
intersection:5, mean_episode_reward:-0.6741667985916138, mean_queue:0.7861111164093018
intersection:6, mean_episode_reward:-0.6322221159934998, mean_queue:0.7333333492279053
intersection:7, mean_episode_reward:-0.4186111390590668, mean_queue:0.5055555701255798
intersection:8, mean_episode_reward:-0.8577777147293091, mean_queue:0.9611111283302307
intersection:9, mean_episode_reward:-0.9122224450111389, mean_queue:1.0277777910232544
intersection:10, mean_episode_reward:-0.6763888597488403, mean_queue:0.7805555462837219
intersection:11, mean_episode_reward:-0.766389012336731, mean_queue:0.8722222447395325
intersection:12, mean_episode_reward:-0.8425001502037048, mean_queue:0.9583333134651184
intersection:13, mean_episode_reward:-0.6386114358901978, mean_queue:0.7611111402511597
intersection:14, mean_episode_reward:-0.6516669988632202, mean_queue:0.7444444298744202
intersection:15, mean_episode_reward:-0.6519447565078735, mean_queue:0.7583333253860474
intersection:16, mean_episode_reward:0.0, mean_queue:0.0
intersection:17, mean_episode_reward:0.0, mean_queue:0.0
intersection:18, mean_episode_reward:0.0, mean_queue:0.0
intersection:19, mean_episode_reward:0.0, mean_queue:0.0
intersection:20, mean_episode_reward:0.0, mean_queue:0.0
intersection:21, mean_episode_reward:0.0, mean_queue:0.0
intersection:22, mean_episode_reward:0.0, mean_queue:0.0
intersection:23, mean_episode_reward:0.0, mean_queue:0.0
intersection:24, mean_episode_reward:0.0, mean_queue:0.0
intersection:25, mean_episode_reward:0.0, mean_queue:0.0
intersection:26, mean_episode_reward:0.0, mean_queue:0.0
intersection:27, mean_episode_reward:0.0, mean_queue:0.0
intersection:28, mean_episode_reward:0.0, mean_queue:0.0
intersection:29, mean_episode_reward:0.0, mean_queue:0.0
intersection:30, mean_episode_reward:0.0, mean_queue:0.0
intersection:31, mean_episode_reward:0.0, mean_queue:0.0
Test step:83/200, travel time :185.64206896551724, rewards:-11.1138916015625, queue:0.4035590277777778, delay:0.026074647903442383, throughput:1450
step:3600/3600, q_loss:0.34108632802963257, rewards:-11.198058403862847, queue:0.4053819444444444, delay:0.02556245591905382, throughput:1449
episode:84/200, real avg travel time:185.88543823326432
intersection:0, mean_episode_reward:-0.7375003099441528, mean_queue:0.8527777791023254
intersection:1, mean_episode_reward:-0.7919447422027588, mean_queue:0.9083333611488342
intersection:2, mean_episode_reward:-0.9216670393943787, mean_queue:1.0416666269302368
intersection:3, mean_episode_reward:-0.580833375453949, mean_queue:0.6833333373069763
intersection:4, mean_episode_reward:-0.7933337092399597, mean_queue:0.9138888716697693
intersection:5, mean_episode_reward:-0.721666693687439, mean_queue:0.8388888835906982
intersection:6, mean_episode_reward:-0.5802779793739319, mean_queue:0.6861110925674438
intersection:7, mean_episode_reward:-0.4544444978237152, mean_queue:0.550000011920929
intersection:8, mean_episode_reward:-0.92472243309021, mean_queue:1.0222222805023193
intersection:9, mean_episode_reward:-0.79888916015625, mean_queue:0.9222221970558167
intersection:10, mean_episode_reward:-0.714722216129303, mean_queue:0.8111110925674438
intersection:11, mean_episode_reward:-0.7200003862380981, mean_queue:0.8222222328186035
intersection:12, mean_episode_reward:-0.650000274181366, mean_queue:0.7583333253860474
intersection:13, mean_episode_reward:-0.695277988910675, mean_queue:0.8138889074325562
intersection:14, mean_episode_reward:-0.5402780175209045, mean_queue:0.6527777910232544
intersection:15, mean_episode_reward:-0.5725001692771912, mean_queue:0.6944444179534912
intersection:16, mean_episode_reward:0.0, mean_queue:0.0
intersection:17, mean_episode_reward:0.0, mean_queue:0.0
intersection:18, mean_episode_reward:0.0, mean_queue:0.0
intersection:19, mean_episode_reward:0.0, mean_queue:0.0
intersection:20, mean_episode_reward:0.0, mean_queue:0.0
intersection:21, mean_episode_reward:0.0, mean_queue:0.0
intersection:22, mean_episode_reward:0.0, mean_queue:0.0
intersection:23, mean_episode_reward:0.0, mean_queue:0.0
intersection:24, mean_episode_reward:0.0, mean_queue:0.0
intersection:25, mean_episode_reward:0.0, mean_queue:0.0
intersection:26, mean_episode_reward:0.0, mean_queue:0.0
intersection:27, mean_episode_reward:0.0, mean_queue:0.0
intersection:28, mean_episode_reward:0.0, mean_queue:0.0
intersection:29, mean_episode_reward:0.0, mean_queue:0.0
intersection:30, mean_episode_reward:0.0, mean_queue:0.0
intersection:31, mean_episode_reward:0.0, mean_queue:0.0
Test step:84/200, travel time :185.65976535541753, rewards:-11.110835096571181, queue:0.4029513888888889, delay:0.02597699165344238, throughput:1449
step:3600/3600, q_loss:0.35624805092811584, rewards:-11.553057183159723, queue:0.41744791666666664, delay:0.026558211114671496, throughput:1452
episode:85/200, real avg travel time:187.01308539944904
intersection:0, mean_episode_reward:-0.7800003886222839, mean_queue:0.8999999761581421
intersection:1, mean_episode_reward:-0.8411112427711487, mean_queue:0.949999988079071
intersection:2, mean_episode_reward:-0.8316668272018433, mean_queue:0.9638888835906982
intersection:3, mean_episode_reward:-0.5486113429069519, mean_queue:0.6555555462837219
intersection:4, mean_episode_reward:-0.8436114192008972, mean_queue:0.9611111283302307
intersection:5, mean_episode_reward:-0.689166784286499, mean_queue:0.800000011920929
intersection:6, mean_episode_reward:-0.5638890266418457, mean_queue:0.6694444417953491
intersection:7, mean_episode_reward:-0.4183335602283478, mean_queue:0.5111111402511597
intersection:8, mean_episode_reward:-0.9330556988716125, mean_queue:1.0499999523162842
intersection:9, mean_episode_reward:-0.8944445252418518, mean_queue:1.019444465637207
intersection:10, mean_episode_reward:-0.7377777099609375, mean_queue:0.8388888835906982
intersection:11, mean_episode_reward:-0.7280557155609131, mean_queue:0.8472222089767456
intersection:12, mean_episode_reward:-0.7738891839981079, mean_queue:0.8861111402511597
intersection:13, mean_episode_reward:-0.7102779150009155, mean_queue:0.8194444179534912
intersection:14, mean_episode_reward:-0.6169446706771851, mean_queue:0.7277777791023254
intersection:15, mean_episode_reward:-0.64222252368927, mean_queue:0.7583333253860474
intersection:16, mean_episode_reward:0.0, mean_queue:0.0
intersection:17, mean_episode_reward:0.0, mean_queue:0.0
intersection:18, mean_episode_reward:0.0, mean_queue:0.0
intersection:19, mean_episode_reward:0.0, mean_queue:0.0
intersection:20, mean_episode_reward:0.0, mean_queue:0.0
intersection:21, mean_episode_reward:0.0, mean_queue:0.0
intersection:22, mean_episode_reward:0.0, mean_queue:0.0
intersection:23, mean_episode_reward:0.0, mean_queue:0.0
intersection:24, mean_episode_reward:0.0, mean_queue:0.0
intersection:25, mean_episode_reward:0.0, mean_queue:0.0
intersection:26, mean_episode_reward:0.0, mean_queue:0.0
intersection:27, mean_episode_reward:0.0, mean_queue:0.0
intersection:28, mean_episode_reward:0.0, mean_queue:0.0
intersection:29, mean_episode_reward:0.0, mean_queue:0.0
intersection:30, mean_episode_reward:0.0, mean_queue:0.0
intersection:31, mean_episode_reward:0.0, mean_queue:0.0
Test step:85/200, travel time :187.2274293590627, rewards:-11.830281575520834, queue:0.4262152777777778, delay:0.026552645365397136, throughput:1451
step:3600/3600, q_loss:0.32104891538619995, rewards:-11.749723307291667, queue:0.42256944444444444, delay:0.02648585637410482, throughput:1455
episode:86/200, real avg travel time:187.4192439862543
intersection:0, mean_episode_reward:-0.8772222995758057, mean_queue:0.980555534362793
intersection:1, mean_episode_reward:-0.7830554246902466, mean_queue:0.8972222208976746
intersection:2, mean_episode_reward:-0.8238892555236816, mean_queue:0.9472222328186035
intersection:3, mean_episode_reward:-0.6144445538520813, mean_queue:0.7277777791023254
intersection:4, mean_episode_reward:-0.8675004839897156, mean_queue:0.9888888597488403
intersection:5, mean_episode_reward:-0.8627779483795166, mean_queue:0.9861111044883728
intersection:6, mean_episode_reward:-0.6191667914390564, mean_queue:0.730555534362793
intersection:7, mean_episode_reward:-0.5505557656288147, mean_queue:0.6416666507720947
intersection:8, mean_episode_reward:-1.023611307144165, mean_queue:1.130555510520935
intersection:9, mean_episode_reward:-0.8527779579162598, mean_queue:0.9750000238418579
intersection:10, mean_episode_reward:-0.6241665482521057, mean_queue:0.699999988079071
intersection:11, mean_episode_reward:-0.6608333587646484, mean_queue:0.7749999761581421
intersection:12, mean_episode_reward:-0.659166693687439, mean_queue:0.7527777552604675
intersection:13, mean_episode_reward:-0.8080558180809021, mean_queue:0.9444444179534912
intersection:14, mean_episode_reward:-0.5730556845664978, mean_queue:0.6972222328186035
intersection:15, mean_episode_reward:-0.5494446754455566, mean_queue:0.6472222208976746
intersection:16, mean_episode_reward:0.0, mean_queue:0.0
intersection:17, mean_episode_reward:0.0, mean_queue:0.0
intersection:18, mean_episode_reward:0.0, mean_queue:0.0
intersection:19, mean_episode_reward:0.0, mean_queue:0.0
intersection:20, mean_episode_reward:0.0, mean_queue:0.0
intersection:21, mean_episode_reward:0.0, mean_queue:0.0
intersection:22, mean_episode_reward:0.0, mean_queue:0.0
intersection:23, mean_episode_reward:0.0, mean_queue:0.0
intersection:24, mean_episode_reward:0.0, mean_queue:0.0
intersection:25, mean_episode_reward:0.0, mean_queue:0.0
intersection:26, mean_episode_reward:0.0, mean_queue:0.0
intersection:27, mean_episode_reward:0.0, mean_queue:0.0
intersection:28, mean_episode_reward:0.0, mean_queue:0.0
intersection:29, mean_episode_reward:0.0, mean_queue:0.0
intersection:30, mean_episode_reward:0.0, mean_queue:0.0
intersection:31, mean_episode_reward:0.0, mean_queue:0.0
Test step:86/200, travel time :186.53236914600552, rewards:-11.346946885850695, queue:0.4092881944444444, delay:0.025741044680277506, throughput:1452
step:3600/3600, q_loss:0.3598032593727112, rewards:-11.658056640625, queue:0.4189236111111111, delay:0.0264374574025472, throughput:1452
episode:87/200, real avg travel time:187.00619834710744
intersection:0, mean_episode_reward:-0.8547224402427673, mean_queue:0.9611111283302307
intersection:1, mean_episode_reward:-0.9183333516120911, mean_queue:1.0333333015441895
intersection:2, mean_episode_reward:-0.9149999618530273, mean_queue:1.0416666269302368
intersection:3, mean_episode_reward:-0.711944580078125, mean_queue:0.8194444179534912
intersection:4, mean_episode_reward:-0.833888828754425, mean_queue:0.949999988079071
intersection:5, mean_episode_reward:-0.7844445705413818, mean_queue:0.894444465637207
intersection:6, mean_episode_reward:-0.6666668653488159, mean_queue:0.7749999761581421
intersection:7, mean_episode_reward:-0.5122222304344177, mean_queue:0.6027777791023254
intersection:8, mean_episode_reward:-0.872222363948822, mean_queue:0.9694444537162781
intersection:9, mean_episode_reward:-0.7577776312828064, mean_queue:0.875
intersection:10, mean_episode_reward:-0.6666668653488159, mean_queue:0.769444465637207
intersection:11, mean_episode_reward:-0.6541669368743896, mean_queue:0.7777777910232544
intersection:12, mean_episode_reward:-0.7675001621246338, mean_queue:0.8527777791023254
intersection:13, mean_episode_reward:-0.709444522857666, mean_queue:0.8361111283302307
intersection:14, mean_episode_reward:-0.5383337140083313, mean_queue:0.6499999761581421
intersection:15, mean_episode_reward:-0.4947223365306854, mean_queue:0.5972222089767456
intersection:16, mean_episode_reward:0.0, mean_queue:0.0
intersection:17, mean_episode_reward:0.0, mean_queue:0.0
intersection:18, mean_episode_reward:0.0, mean_queue:0.0
intersection:19, mean_episode_reward:0.0, mean_queue:0.0
intersection:20, mean_episode_reward:0.0, mean_queue:0.0
intersection:21, mean_episode_reward:0.0, mean_queue:0.0
intersection:22, mean_episode_reward:0.0, mean_queue:0.0
intersection:23, mean_episode_reward:0.0, mean_queue:0.0
intersection:24, mean_episode_reward:0.0, mean_queue:0.0
intersection:25, mean_episode_reward:0.0, mean_queue:0.0
intersection:26, mean_episode_reward:0.0, mean_queue:0.0
intersection:27, mean_episode_reward:0.0, mean_queue:0.0
intersection:28, mean_episode_reward:0.0, mean_queue:0.0
intersection:29, mean_episode_reward:0.0, mean_queue:0.0
intersection:30, mean_episode_reward:0.0, mean_queue:0.0
intersection:31, mean_episode_reward:0.0, mean_queue:0.0
Test step:87/200, travel time :185.16344827586207, rewards:-10.951946343315972, queue:0.3980034722222222, delay:0.025510491265190973, throughput:1450
step:3600/3600, q_loss:0.33867624402046204, rewards:-11.203892686631944, queue:0.4068576388888889, delay:0.026140244801839192, throughput:1453
episode:88/200, real avg travel time:185.89883000688232
intersection:0, mean_episode_reward:-0.8397224545478821, mean_queue:0.9527778029441833
intersection:1, mean_episode_reward:-0.7655557990074158, mean_queue:0.875
intersection:2, mean_episode_reward:-0.8986114263534546, mean_queue:1.0305556058883667
intersection:3, mean_episode_reward:-0.6691669225692749, mean_queue:0.7805555462837219
intersection:4, mean_episode_reward:-0.8469447493553162, mean_queue:0.980555534362793
intersection:5, mean_episode_reward:-0.7219447493553162, mean_queue:0.8305555582046509
intersection:6, mean_episode_reward:-0.5380555987358093, mean_queue:0.6277777552604675
intersection:7, mean_episode_reward:-0.4300001263618469, mean_queue:0.5111111402511597
intersection:8, mean_episode_reward:-0.7630557417869568, mean_queue:0.8777777552604675
intersection:9, mean_episode_reward:-0.7944447994232178, mean_queue:0.9111111164093018
intersection:10, mean_episode_reward:-0.7780556678771973, mean_queue:0.894444465637207
intersection:11, mean_episode_reward:-0.6325003504753113, mean_queue:0.7666666507720947
intersection:12, mean_episode_reward:-0.6636114120483398, mean_queue:0.7722222208976746
intersection:13, mean_episode_reward:-0.6736112236976624, mean_queue:0.7972221970558167
intersection:14, mean_episode_reward:-0.6150001287460327, mean_queue:0.7194444537162781
intersection:15, mean_episode_reward:-0.5736111998558044, mean_queue:0.6916666626930237
intersection:16, mean_episode_reward:0.0, mean_queue:0.0
intersection:17, mean_episode_reward:0.0, mean_queue:0.0
intersection:18, mean_episode_reward:0.0, mean_queue:0.0
intersection:19, mean_episode_reward:0.0, mean_queue:0.0
intersection:20, mean_episode_reward:0.0, mean_queue:0.0
intersection:21, mean_episode_reward:0.0, mean_queue:0.0
intersection:22, mean_episode_reward:0.0, mean_queue:0.0
intersection:23, mean_episode_reward:0.0, mean_queue:0.0
intersection:24, mean_episode_reward:0.0, mean_queue:0.0
intersection:25, mean_episode_reward:0.0, mean_queue:0.0
intersection:26, mean_episode_reward:0.0, mean_queue:0.0
intersection:27, mean_episode_reward:0.0, mean_queue:0.0
intersection:28, mean_episode_reward:0.0, mean_queue:0.0
intersection:29, mean_episode_reward:0.0, mean_queue:0.0
intersection:30, mean_episode_reward:0.0, mean_queue:0.0
intersection:31, mean_episode_reward:0.0, mean_queue:0.0
Test step:88/200, travel time :186.38885065381967, rewards:-11.395556640625, queue:0.4107638888888889, delay:0.0264026853773329, throughput:1453
step:3600/3600, q_loss:0.32122090458869934, rewards:-11.470281304253472, queue:0.41475694444444444, delay:0.026175949308607314, throughput:1452
episode:89/200, real avg travel time:186.46900826446281
intersection:0, mean_episode_reward:-0.7802778482437134, mean_queue:0.8972222208976746
intersection:1, mean_episode_reward:-0.7794444561004639, mean_queue:0.8916666507720947
intersection:2, mean_episode_reward:-0.8502780199050903, mean_queue:0.980555534362793
intersection:3, mean_episode_reward:-0.726667046546936, mean_queue:0.8361111283302307
intersection:4, mean_episode_reward:-0.8186113238334656, mean_queue:0.9111111164093018
intersection:5, mean_episode_reward:-0.7375002503395081, mean_queue:0.8666666746139526
intersection:6, mean_episode_reward:-0.525277853012085, mean_queue:0.6222222447395325
intersection:7, mean_episode_reward:-0.5263890624046326, mean_queue:0.6027777791023254
intersection:8, mean_episode_reward:-0.9677780270576477, mean_queue:1.0888888835906982
intersection:9, mean_episode_reward:-0.889444887638092, mean_queue:1.038888931274414
intersection:10, mean_episode_reward:-0.6788889765739441, mean_queue:0.7833333611488342
intersection:11, mean_episode_reward:-0.7416669130325317, mean_queue:0.8611111044883728
intersection:12, mean_episode_reward:-0.7122223973274231, mean_queue:0.8194444179534912
intersection:13, mean_episode_reward:-0.6341668367385864, mean_queue:0.7749999761581421
intersection:14, mean_episode_reward:-0.5650001764297485, mean_queue:0.6833333373069763
intersection:15, mean_episode_reward:-0.5366668105125427, mean_queue:0.6138888597488403
intersection:16, mean_episode_reward:0.0, mean_queue:0.0
intersection:17, mean_episode_reward:0.0, mean_queue:0.0
intersection:18, mean_episode_reward:0.0, mean_queue:0.0
intersection:19, mean_episode_reward:0.0, mean_queue:0.0
intersection:20, mean_episode_reward:0.0, mean_queue:0.0
intersection:21, mean_episode_reward:0.0, mean_queue:0.0
intersection:22, mean_episode_reward:0.0, mean_queue:0.0
intersection:23, mean_episode_reward:0.0, mean_queue:0.0
intersection:24, mean_episode_reward:0.0, mean_queue:0.0
intersection:25, mean_episode_reward:0.0, mean_queue:0.0
intersection:26, mean_episode_reward:0.0, mean_queue:0.0
intersection:27, mean_episode_reward:0.0, mean_queue:0.0
intersection:28, mean_episode_reward:0.0, mean_queue:0.0
intersection:29, mean_episode_reward:0.0, mean_queue:0.0
intersection:30, mean_episode_reward:0.0, mean_queue:0.0
intersection:31, mean_episode_reward:0.0, mean_queue:0.0
Test step:89/200, travel time :185.97796143250687, rewards:-11.2263916015625, queue:0.4059027777777778, delay:0.025971078872680665, throughput:1452
step:3600/3600, q_loss:0.3364482522010803, rewards:-11.350280083550347, queue:0.4066840277777778, delay:0.02558732032775879, throughput:1456
episode:90/200, real avg travel time:186.1936813186813
intersection:0, mean_episode_reward:-0.8394445776939392, mean_queue:0.9444444179534912
intersection:1, mean_episode_reward:-0.8163887858390808, mean_queue:0.9194444417953491
intersection:2, mean_episode_reward:-0.9105558395385742, mean_queue:1.0444444417953491
intersection:3, mean_episode_reward:-0.6147225499153137, mean_queue:0.7250000238418579
intersection:4, mean_episode_reward:-0.7930557131767273, mean_queue:0.9055555462837219
intersection:5, mean_episode_reward:-0.6483333706855774, mean_queue:0.7583333253860474
intersection:6, mean_episode_reward:-0.6788892149925232, mean_queue:0.7861111164093018
intersection:7, mean_episode_reward:-0.436111181974411, mean_queue:0.5111111402511597
intersection:8, mean_episode_reward:-0.8411113023757935, mean_queue:0.9277777671813965
intersection:9, mean_episode_reward:-0.7847225666046143, mean_queue:0.894444465637207
intersection:10, mean_episode_reward:-0.6988891363143921, mean_queue:0.8027777671813965
intersection:11, mean_episode_reward:-0.700833261013031, mean_queue:0.8027777671813965
intersection:12, mean_episode_reward:-0.6805558204650879, mean_queue:0.7833333611488342
intersection:13, mean_episode_reward:-0.7586111426353455, mean_queue:0.8638888597488403
intersection:14, mean_episode_reward:-0.6255558133125305, mean_queue:0.7194444537162781
intersection:15, mean_episode_reward:-0.5225000977516174, mean_queue:0.625
intersection:16, mean_episode_reward:0.0, mean_queue:0.0
intersection:17, mean_episode_reward:0.0, mean_queue:0.0
intersection:18, mean_episode_reward:0.0, mean_queue:0.0
intersection:19, mean_episode_reward:0.0, mean_queue:0.0
intersection:20, mean_episode_reward:0.0, mean_queue:0.0
intersection:21, mean_episode_reward:0.0, mean_queue:0.0
intersection:22, mean_episode_reward:0.0, mean_queue:0.0
intersection:23, mean_episode_reward:0.0, mean_queue:0.0
intersection:24, mean_episode_reward:0.0, mean_queue:0.0
intersection:25, mean_episode_reward:0.0, mean_queue:0.0
intersection:26, mean_episode_reward:0.0, mean_queue:0.0
intersection:27, mean_episode_reward:0.0, mean_queue:0.0
intersection:28, mean_episode_reward:0.0, mean_queue:0.0
intersection:29, mean_episode_reward:0.0, mean_queue:0.0
intersection:30, mean_episode_reward:0.0, mean_queue:0.0
intersection:31, mean_episode_reward:0.0, mean_queue:0.0
Test step:90/200, travel time :187.43724137931034, rewards:-11.858612738715278, queue:0.4244791666666667, delay:0.026247008641560873, throughput:1450
step:3600/3600, q_loss:0.39179661870002747, rewards:-10.891114637586806, queue:0.39678819444444446, delay:0.025575637817382812, throughput:1453
episode:91/200, real avg travel time:185.69511355815553
intersection:0, mean_episode_reward:-0.7808336019515991, mean_queue:0.894444465637207
intersection:1, mean_episode_reward:-0.7405554056167603, mean_queue:0.8611111044883728
intersection:2, mean_episode_reward:-0.9597227573394775, mean_queue:1.1083333492279053
intersection:3, mean_episode_reward:-0.6372226476669312, mean_queue:0.7555555701255798
intersection:4, mean_episode_reward:-0.6875002384185791, mean_queue:0.8222222328186035
intersection:5, mean_episode_reward:-0.5530557632446289, mean_queue:0.6611111164093018
intersection:6, mean_episode_reward:-0.5622224807739258, mean_queue:0.6611111164093018
intersection:7, mean_episode_reward:-0.4930557608604431, mean_queue:0.5666666626930237
intersection:8, mean_episode_reward:-0.878611147403717, mean_queue:1.005555510520935
intersection:9, mean_episode_reward:-0.7386112809181213, mean_queue:0.8583333492279053
intersection:10, mean_episode_reward:-0.6961111426353455, mean_queue:0.8111110925674438
intersection:11, mean_episode_reward:-0.679166853427887, mean_queue:0.7972221970558167
intersection:12, mean_episode_reward:-0.6588889360427856, mean_queue:0.7527777552604675
intersection:13, mean_episode_reward:-0.6341667771339417, mean_queue:0.7388888597488403
intersection:14, mean_episode_reward:-0.6269444823265076, mean_queue:0.730555534362793
intersection:15, mean_episode_reward:-0.5644447803497314, mean_queue:0.6722221970558167
intersection:16, mean_episode_reward:0.0, mean_queue:0.0
intersection:17, mean_episode_reward:0.0, mean_queue:0.0
intersection:18, mean_episode_reward:0.0, mean_queue:0.0
intersection:19, mean_episode_reward:0.0, mean_queue:0.0
intersection:20, mean_episode_reward:0.0, mean_queue:0.0
intersection:21, mean_episode_reward:0.0, mean_queue:0.0
intersection:22, mean_episode_reward:0.0, mean_queue:0.0
intersection:23, mean_episode_reward:0.0, mean_queue:0.0
intersection:24, mean_episode_reward:0.0, mean_queue:0.0
intersection:25, mean_episode_reward:0.0, mean_queue:0.0
intersection:26, mean_episode_reward:0.0, mean_queue:0.0
intersection:27, mean_episode_reward:0.0, mean_queue:0.0
intersection:28, mean_episode_reward:0.0, mean_queue:0.0
intersection:29, mean_episode_reward:0.0, mean_queue:0.0
intersection:30, mean_episode_reward:0.0, mean_queue:0.0
intersection:31, mean_episode_reward:0.0, mean_queue:0.0
Test step:91/200, travel time :187.57064093728462, rewards:-11.904169379340278, queue:0.4306423611111111, delay:0.027076474825541177, throughput:1451
step:3600/3600, q_loss:0.3508748710155487, rewards:-11.276947021484375, queue:0.40989583333333335, delay:0.025695811377631293, throughput:1453
episode:92/200, real avg travel time:186.48313833448037
intersection:0, mean_episode_reward:-0.7966671586036682, mean_queue:0.9222221970558167
intersection:1, mean_episode_reward:-0.7236111164093018, mean_queue:0.8361111283302307
intersection:2, mean_episode_reward:-0.9788892865180969, mean_queue:1.1083333492279053
intersection:3, mean_episode_reward:-0.612777829170227, mean_queue:0.7250000238418579
intersection:4, mean_episode_reward:-0.8036112189292908, mean_queue:0.9194444417953491
intersection:5, mean_episode_reward:-0.6708333492279053, mean_queue:0.7944444417953491
intersection:6, mean_episode_reward:-0.6366667747497559, mean_queue:0.7277777791023254
intersection:7, mean_episode_reward:-0.5191668272018433, mean_queue:0.6138888597488403
intersection:8, mean_episode_reward:-0.9061111211776733, mean_queue:1.0222222805023193
intersection:9, mean_episode_reward:-0.8980558514595032, mean_queue:1.0361111164093018
intersection:10, mean_episode_reward:-0.698055624961853, mean_queue:0.8027777671813965
intersection:11, mean_episode_reward:-0.6394447088241577, mean_queue:0.7555555701255798
intersection:12, mean_episode_reward:-0.6063891649246216, mean_queue:0.7138888835906982
intersection:13, mean_episode_reward:-0.8558335304260254, mean_queue:0.9916666746139526
intersection:14, mean_episode_reward:-0.4863889515399933, mean_queue:0.5944444537162781
intersection:15, mean_episode_reward:-0.4444446861743927, mean_queue:0.5527777671813965
intersection:16, mean_episode_reward:0.0, mean_queue:0.0
intersection:17, mean_episode_reward:0.0, mean_queue:0.0
intersection:18, mean_episode_reward:0.0, mean_queue:0.0
intersection:19, mean_episode_reward:0.0, mean_queue:0.0
intersection:20, mean_episode_reward:0.0, mean_queue:0.0
intersection:21, mean_episode_reward:0.0, mean_queue:0.0
intersection:22, mean_episode_reward:0.0, mean_queue:0.0
intersection:23, mean_episode_reward:0.0, mean_queue:0.0
intersection:24, mean_episode_reward:0.0, mean_queue:0.0
intersection:25, mean_episode_reward:0.0, mean_queue:0.0
intersection:26, mean_episode_reward:0.0, mean_queue:0.0
intersection:27, mean_episode_reward:0.0, mean_queue:0.0
intersection:28, mean_episode_reward:0.0, mean_queue:0.0
intersection:29, mean_episode_reward:0.0, mean_queue:0.0
intersection:30, mean_episode_reward:0.0, mean_queue:0.0
intersection:31, mean_episode_reward:0.0, mean_queue:0.0
Test step:92/200, travel time :186.38827586206895, rewards:-11.524724663628472, queue:0.41475694444444444, delay:0.026061730914645725, throughput:1450
step:3600/3600, q_loss:0.3230622708797455, rewards:-12.005281575520833, queue:0.4362847222222222, delay:0.02715908156500922, throughput:1452
episode:93/200, real avg travel time:187.4944903581267
intersection:0, mean_episode_reward:-0.8505557775497437, mean_queue:1.0
intersection:1, mean_episode_reward:-0.7886114120483398, mean_queue:0.9111111164093018
intersection:2, mean_episode_reward:-0.9138891696929932, mean_queue:1.0583332777023315
intersection:3, mean_episode_reward:-0.7163892388343811, mean_queue:0.8305555582046509
intersection:4, mean_episode_reward:-0.8166666626930237, mean_queue:0.949999988079071
intersection:5, mean_episode_reward:-0.6825000047683716, mean_queue:0.7944444417953491
intersection:6, mean_episode_reward:-0.6813890933990479, mean_queue:0.8111110925674438
intersection:7, mean_episode_reward:-0.46472230553627014, mean_queue:0.574999988079071
intersection:8, mean_episode_reward:-0.8705558776855469, mean_queue:0.9916666746139526
intersection:9, mean_episode_reward:-0.8650000691413879, mean_queue:0.9916666746139526
intersection:10, mean_episode_reward:-0.8533331155776978, mean_queue:0.9722222089767456
intersection:11, mean_episode_reward:-0.8144448399543762, mean_queue:0.9388889074325562
intersection:12, mean_episode_reward:-0.6747225522994995, mean_queue:0.7722222208976746
intersection:13, mean_episode_reward:-0.8080556988716125, mean_queue:0.9277777671813965
intersection:14, mean_episode_reward:-0.5955557227134705, mean_queue:0.7055555582046509
intersection:15, mean_episode_reward:-0.6088889837265015, mean_queue:0.730555534362793
intersection:16, mean_episode_reward:0.0, mean_queue:0.0
intersection:17, mean_episode_reward:0.0, mean_queue:0.0
intersection:18, mean_episode_reward:0.0, mean_queue:0.0
intersection:19, mean_episode_reward:0.0, mean_queue:0.0
intersection:20, mean_episode_reward:0.0, mean_queue:0.0
intersection:21, mean_episode_reward:0.0, mean_queue:0.0
intersection:22, mean_episode_reward:0.0, mean_queue:0.0
intersection:23, mean_episode_reward:0.0, mean_queue:0.0
intersection:24, mean_episode_reward:0.0, mean_queue:0.0
intersection:25, mean_episode_reward:0.0, mean_queue:0.0
intersection:26, mean_episode_reward:0.0, mean_queue:0.0
intersection:27, mean_episode_reward:0.0, mean_queue:0.0
intersection:28, mean_episode_reward:0.0, mean_queue:0.0
intersection:29, mean_episode_reward:0.0, mean_queue:0.0
intersection:30, mean_episode_reward:0.0, mean_queue:0.0
intersection:31, mean_episode_reward:0.0, mean_queue:0.0
Test step:93/200, travel time :185.24534803583737, rewards:-11.146391465928819, queue:0.4049479166666667, delay:0.025717915429009332, throughput:1451
step:3600/3600, q_loss:0.3452826738357544, rewards:-11.06139187282986, queue:0.4036458333333333, delay:0.025756194856431748, throughput:1451
episode:94/200, real avg travel time:185.98208132322537
intersection:0, mean_episode_reward:-0.8294445276260376, mean_queue:0.9444444179534912
intersection:1, mean_episode_reward:-0.7438889145851135, mean_queue:0.8805555701255798
intersection:2, mean_episode_reward:-0.9172226190567017, mean_queue:1.038888931274414
intersection:3, mean_episode_reward:-0.6061113476753235, mean_queue:0.7222222089767456
intersection:4, mean_episode_reward:-0.7950003743171692, mean_queue:0.8972222208976746
intersection:5, mean_episode_reward:-0.6291667819023132, mean_queue:0.7444444298744202
intersection:6, mean_episode_reward:-0.6869446039199829, mean_queue:0.7944444417953491
intersection:7, mean_episode_reward:-0.4952780306339264, mean_queue:0.605555534362793
intersection:8, mean_episode_reward:-0.90361088514328, mean_queue:1.019444465637207
intersection:9, mean_episode_reward:-0.752500057220459, mean_queue:0.8861111402511597
intersection:10, mean_episode_reward:-0.6180556416511536, mean_queue:0.7222222089767456
intersection:11, mean_episode_reward:-0.7525004148483276, mean_queue:0.8833333253860474
intersection:12, mean_episode_reward:-0.5519446730613708, mean_queue:0.6666666865348816
intersection:13, mean_episode_reward:-0.6419444680213928, mean_queue:0.7666666507720947
intersection:14, mean_episode_reward:-0.5805560350418091, mean_queue:0.6888889074325562
intersection:15, mean_episode_reward:-0.5572224259376526, mean_queue:0.6555555462837219
intersection:16, mean_episode_reward:0.0, mean_queue:0.0
intersection:17, mean_episode_reward:0.0, mean_queue:0.0
intersection:18, mean_episode_reward:0.0, mean_queue:0.0
intersection:19, mean_episode_reward:0.0, mean_queue:0.0
intersection:20, mean_episode_reward:0.0, mean_queue:0.0
intersection:21, mean_episode_reward:0.0, mean_queue:0.0
intersection:22, mean_episode_reward:0.0, mean_queue:0.0
intersection:23, mean_episode_reward:0.0, mean_queue:0.0
intersection:24, mean_episode_reward:0.0, mean_queue:0.0
intersection:25, mean_episode_reward:0.0, mean_queue:0.0
intersection:26, mean_episode_reward:0.0, mean_queue:0.0
intersection:27, mean_episode_reward:0.0, mean_queue:0.0
intersection:28, mean_episode_reward:0.0, mean_queue:0.0
intersection:29, mean_episode_reward:0.0, mean_queue:0.0
intersection:30, mean_episode_reward:0.0, mean_queue:0.0
intersection:31, mean_episode_reward:0.0, mean_queue:0.0
Test step:94/200, travel time :186.29724137931035, rewards:-11.598613823784722, queue:0.41944444444444445, delay:0.026195674472384984, throughput:1450
step:3600/3600, q_loss:0.3548988699913025, rewards:-11.93972439236111, queue:0.42986111111111114, delay:0.027131440904405384, throughput:1451
episode:95/200, real avg travel time:187.84838042729152
intersection:0, mean_episode_reward:-0.8658334612846375, mean_queue:0.980555534362793
intersection:1, mean_episode_reward:-0.8202778100967407, mean_queue:0.9416666626930237
intersection:2, mean_episode_reward:-0.8502779603004456, mean_queue:0.9750000238418579
intersection:3, mean_episode_reward:-0.676666796207428, mean_queue:0.7722222208976746
intersection:4, mean_episode_reward:-0.8094448447227478, mean_queue:0.9388889074325562
intersection:5, mean_episode_reward:-0.6841667890548706, mean_queue:0.7916666865348816
intersection:6, mean_episode_reward:-0.6833335161209106, mean_queue:0.7944444417953491
intersection:7, mean_episode_reward:-0.5505555868148804, mean_queue:0.6555555462837219
intersection:8, mean_episode_reward:-1.0119445323944092, mean_queue:1.130555510520935
intersection:9, mean_episode_reward:-0.7813889384269714, mean_queue:0.9055555462837219
intersection:10, mean_episode_reward:-0.7480555176734924, mean_queue:0.8583333492279053
intersection:11, mean_episode_reward:-0.6902780532836914, mean_queue:0.7944444417953491
intersection:12, mean_episode_reward:-0.7586113810539246, mean_queue:0.8638888597488403
intersection:13, mean_episode_reward:-0.7100003361701965, mean_queue:0.8333333134651184
intersection:14, mean_episode_reward:-0.6200001835823059, mean_queue:0.7194444537162781
intersection:15, mean_episode_reward:-0.6788891553878784, mean_queue:0.800000011920929
intersection:16, mean_episode_reward:0.0, mean_queue:0.0
intersection:17, mean_episode_reward:0.0, mean_queue:0.0
intersection:18, mean_episode_reward:0.0, mean_queue:0.0
intersection:19, mean_episode_reward:0.0, mean_queue:0.0
intersection:20, mean_episode_reward:0.0, mean_queue:0.0
intersection:21, mean_episode_reward:0.0, mean_queue:0.0
intersection:22, mean_episode_reward:0.0, mean_queue:0.0
intersection:23, mean_episode_reward:0.0, mean_queue:0.0
intersection:24, mean_episode_reward:0.0, mean_queue:0.0
intersection:25, mean_episode_reward:0.0, mean_queue:0.0
intersection:26, mean_episode_reward:0.0, mean_queue:0.0
intersection:27, mean_episode_reward:0.0, mean_queue:0.0
intersection:28, mean_episode_reward:0.0, mean_queue:0.0
intersection:29, mean_episode_reward:0.0, mean_queue:0.0
intersection:30, mean_episode_reward:0.0, mean_queue:0.0
intersection:31, mean_episode_reward:0.0, mean_queue:0.0
Test step:95/200, travel time :186.3785271851342, rewards:-11.442781575520833, queue:0.41571180555555554, delay:0.02633750173780653, throughput:1453
step:3600/3600, q_loss:0.3283538520336151, rewards:-11.888892957899305, queue:0.42942708333333335, delay:0.027009815639919704, throughput:1450
episode:96/200, real avg travel time:187.25793103448277
intersection:0, mean_episode_reward:-0.8825002908706665, mean_queue:1.0083333253860474
intersection:1, mean_episode_reward:-0.7675001621246338, mean_queue:0.875
intersection:2, mean_episode_reward:-0.973333477973938, mean_queue:1.1138888597488403
intersection:3, mean_episode_reward:-0.8355559706687927, mean_queue:0.9444444179534912
intersection:4, mean_episode_reward:-0.909722626209259, mean_queue:1.038888931274414
intersection:5, mean_episode_reward:-0.6913890838623047, mean_queue:0.7888888716697693
intersection:6, mean_episode_reward:-0.5769446492195129, mean_queue:0.6611111164093018
intersection:7, mean_episode_reward:-0.5108335018157959, mean_queue:0.5916666388511658
intersection:8, mean_episode_reward:-1.0555559396743774, mean_queue:1.1833332777023315
intersection:9, mean_episode_reward:-0.7513887882232666, mean_queue:0.8805555701255798
intersection:10, mean_episode_reward:-0.6877778172492981, mean_queue:0.7972221970558167
intersection:11, mean_episode_reward:-0.7077779769897461, mean_queue:0.824999988079071
intersection:12, mean_episode_reward:-0.7497224807739258, mean_queue:0.8527777791023254
intersection:13, mean_episode_reward:-0.6122223138809204, mean_queue:0.7472222447395325
intersection:14, mean_episode_reward:-0.6102781295776367, mean_queue:0.7416666746139526
intersection:15, mean_episode_reward:-0.5663890242576599, mean_queue:0.6916666626930237
intersection:16, mean_episode_reward:0.0, mean_queue:0.0
intersection:17, mean_episode_reward:0.0, mean_queue:0.0
intersection:18, mean_episode_reward:0.0, mean_queue:0.0
intersection:19, mean_episode_reward:0.0, mean_queue:0.0
intersection:20, mean_episode_reward:0.0, mean_queue:0.0
intersection:21, mean_episode_reward:0.0, mean_queue:0.0
intersection:22, mean_episode_reward:0.0, mean_queue:0.0
intersection:23, mean_episode_reward:0.0, mean_queue:0.0
intersection:24, mean_episode_reward:0.0, mean_queue:0.0
intersection:25, mean_episode_reward:0.0, mean_queue:0.0
intersection:26, mean_episode_reward:0.0, mean_queue:0.0
intersection:27, mean_episode_reward:0.0, mean_queue:0.0
intersection:28, mean_episode_reward:0.0, mean_queue:0.0
intersection:29, mean_episode_reward:0.0, mean_queue:0.0
intersection:30, mean_episode_reward:0.0, mean_queue:0.0
intersection:31, mean_episode_reward:0.0, mean_queue:0.0
Test step:96/200, travel time :185.19628099173553, rewards:-10.979447428385416, queue:0.3980034722222222, delay:0.025318257013956704, throughput:1452
step:3600/3600, q_loss:0.31566014885902405, rewards:-11.68805881076389, queue:0.42300347222222223, delay:0.026734262042575414, throughput:1451
episode:97/200, real avg travel time:187.10199862164023
intersection:0, mean_episode_reward:-0.7744446396827698, mean_queue:0.8833333253860474
intersection:1, mean_episode_reward:-0.8872223496437073, mean_queue:1.0027778148651123
intersection:2, mean_episode_reward:-0.7888891696929932, mean_queue:0.9194444417953491
intersection:3, mean_episode_reward:-0.6436113715171814, mean_queue:0.7444444298744202
intersection:4, mean_episode_reward:-0.6972224712371826, mean_queue:0.8111110925674438
intersection:5, mean_episode_reward:-0.7938889265060425, mean_queue:0.9138888716697693
intersection:6, mean_episode_reward:-0.654444694519043, mean_queue:0.7749999761581421
intersection:7, mean_episode_reward:-0.4241667091846466, mean_queue:0.5
intersection:8, mean_episode_reward:-0.8302780389785767, mean_queue:0.9222221970558167
intersection:9, mean_episode_reward:-0.8947223424911499, mean_queue:1.0111111402511597
intersection:10, mean_episode_reward:-0.6552779078483582, mean_queue:0.7749999761581421
intersection:11, mean_episode_reward:-0.7036113142967224, mean_queue:0.8277778029441833
intersection:12, mean_episode_reward:-0.7838888168334961, mean_queue:0.9166666865348816
intersection:13, mean_episode_reward:-0.8108335137367249, mean_queue:0.9611111283302307
intersection:14, mean_episode_reward:-0.6750001311302185, mean_queue:0.8027777671813965
intersection:15, mean_episode_reward:-0.6705557703971863, mean_queue:0.769444465637207
intersection:16, mean_episode_reward:0.0, mean_queue:0.0
intersection:17, mean_episode_reward:0.0, mean_queue:0.0
intersection:18, mean_episode_reward:0.0, mean_queue:0.0
intersection:19, mean_episode_reward:0.0, mean_queue:0.0
intersection:20, mean_episode_reward:0.0, mean_queue:0.0
intersection:21, mean_episode_reward:0.0, mean_queue:0.0
intersection:22, mean_episode_reward:0.0, mean_queue:0.0
intersection:23, mean_episode_reward:0.0, mean_queue:0.0
intersection:24, mean_episode_reward:0.0, mean_queue:0.0
intersection:25, mean_episode_reward:0.0, mean_queue:0.0
intersection:26, mean_episode_reward:0.0, mean_queue:0.0
intersection:27, mean_episode_reward:0.0, mean_queue:0.0
intersection:28, mean_episode_reward:0.0, mean_queue:0.0
intersection:29, mean_episode_reward:0.0, mean_queue:0.0
intersection:30, mean_episode_reward:0.0, mean_queue:0.0
intersection:31, mean_episode_reward:0.0, mean_queue:0.0
Test step:97/200, travel time :186.49621472814866, rewards:-11.572501627604167, queue:0.41996527777777776, delay:0.02619482676188151, throughput:1453
step:3600/3600, q_loss:0.381807804107666, rewards:-11.90444607204861, queue:0.4283854166666667, delay:0.026418717702229817, throughput:1451
episode:98/200, real avg travel time:188.1013094417643
intersection:0, mean_episode_reward:-0.7466667890548706, mean_queue:0.8583333492279053
intersection:1, mean_episode_reward:-0.8883333802223206, mean_queue:1.005555510520935
intersection:2, mean_episode_reward:-0.8319445252418518, mean_queue:0.9555555582046509
intersection:3, mean_episode_reward:-0.5263891220092773, mean_queue:0.6222222447395325
intersection:4, mean_episode_reward:-0.8755558729171753, mean_queue:1.0083333253860474
intersection:5, mean_episode_reward:-0.6761113405227661, mean_queue:0.7805555462837219
intersection:6, mean_episode_reward:-0.696111261844635, mean_queue:0.7749999761581421
intersection:7, mean_episode_reward:-0.5244448184967041, mean_queue:0.6166666746139526
intersection:8, mean_episode_reward:-0.8772221207618713, mean_queue:1.0111111402511597
intersection:9, mean_episode_reward:-0.845000147819519, mean_queue:0.9694444537162781
intersection:10, mean_episode_reward:-0.7463890314102173, mean_queue:0.8527777791023254
intersection:11, mean_episode_reward:-0.8538889288902283, mean_queue:0.9722222089767456
intersection:12, mean_episode_reward:-0.6583333611488342, mean_queue:0.7555555701255798
intersection:13, mean_episode_reward:-0.8027777671813965, mean_queue:0.9416666626930237
intersection:14, mean_episode_reward:-0.7341668605804443, mean_queue:0.8333333134651184
intersection:15, mean_episode_reward:-0.6211113929748535, mean_queue:0.75
intersection:16, mean_episode_reward:0.0, mean_queue:0.0
intersection:17, mean_episode_reward:0.0, mean_queue:0.0
intersection:18, mean_episode_reward:0.0, mean_queue:0.0
intersection:19, mean_episode_reward:0.0, mean_queue:0.0
intersection:20, mean_episode_reward:0.0, mean_queue:0.0
intersection:21, mean_episode_reward:0.0, mean_queue:0.0
intersection:22, mean_episode_reward:0.0, mean_queue:0.0
intersection:23, mean_episode_reward:0.0, mean_queue:0.0
intersection:24, mean_episode_reward:0.0, mean_queue:0.0
intersection:25, mean_episode_reward:0.0, mean_queue:0.0
intersection:26, mean_episode_reward:0.0, mean_queue:0.0
intersection:27, mean_episode_reward:0.0, mean_queue:0.0
intersection:28, mean_episode_reward:0.0, mean_queue:0.0
intersection:29, mean_episode_reward:0.0, mean_queue:0.0
intersection:30, mean_episode_reward:0.0, mean_queue:0.0
intersection:31, mean_episode_reward:0.0, mean_queue:0.0
Test step:98/200, travel time :190.18745692625777, rewards:-13.006391059027777, queue:0.46197916666666666, delay:0.027551343705919055, throughput:1451
step:3600/3600, q_loss:0.3522884249687195, rewards:-12.072226291232639, queue:0.43428819444444444, delay:0.02741827964782715, throughput:1454
episode:99/200, real avg travel time:188.38858321870703
intersection:0, mean_episode_reward:-0.8055555820465088, mean_queue:0.9222221970558167
intersection:1, mean_episode_reward:-0.921667218208313, mean_queue:1.038888931274414
intersection:2, mean_episode_reward:-0.900000274181366, mean_queue:1.0305556058883667
intersection:3, mean_episode_reward:-0.7261112928390503, mean_queue:0.8333333134651184
intersection:4, mean_episode_reward:-0.9272223711013794, mean_queue:1.0361111164093018
intersection:5, mean_episode_reward:-0.7211112976074219, mean_queue:0.8388888835906982
intersection:6, mean_episode_reward:-0.7263890504837036, mean_queue:0.8416666388511658
intersection:7, mean_episode_reward:-0.4958334267139435, mean_queue:0.5916666388511658
intersection:8, mean_episode_reward:-0.9897225499153137, mean_queue:1.1138888597488403
intersection:9, mean_episode_reward:-0.8177781105041504, mean_queue:0.9305555820465088
intersection:10, mean_episode_reward:-0.633888840675354, mean_queue:0.7333333492279053
intersection:11, mean_episode_reward:-0.6372223496437073, mean_queue:0.7527777552604675
intersection:12, mean_episode_reward:-0.7380558252334595, mean_queue:0.8527777791023254
intersection:13, mean_episode_reward:-0.7027780413627625, mean_queue:0.8277778029441833
intersection:14, mean_episode_reward:-0.6694445013999939, mean_queue:0.7861111164093018
intersection:15, mean_episode_reward:-0.6594447493553162, mean_queue:0.7666666507720947
intersection:16, mean_episode_reward:0.0, mean_queue:0.0
intersection:17, mean_episode_reward:0.0, mean_queue:0.0
intersection:18, mean_episode_reward:0.0, mean_queue:0.0
intersection:19, mean_episode_reward:0.0, mean_queue:0.0
intersection:20, mean_episode_reward:0.0, mean_queue:0.0
intersection:21, mean_episode_reward:0.0, mean_queue:0.0
intersection:22, mean_episode_reward:0.0, mean_queue:0.0
intersection:23, mean_episode_reward:0.0, mean_queue:0.0
intersection:24, mean_episode_reward:0.0, mean_queue:0.0
intersection:25, mean_episode_reward:0.0, mean_queue:0.0
intersection:26, mean_episode_reward:0.0, mean_queue:0.0
intersection:27, mean_episode_reward:0.0, mean_queue:0.0
intersection:28, mean_episode_reward:0.0, mean_queue:0.0
intersection:29, mean_episode_reward:0.0, mean_queue:0.0
intersection:30, mean_episode_reward:0.0, mean_queue:0.0
intersection:31, mean_episode_reward:0.0, mean_queue:0.0
Test step:99/200, travel time :188.54852030282174, rewards:-12.370281304253472, queue:0.44253472222222223, delay:0.02768377463022868, throughput:1453
step:3600/3600, q_loss:0.3062187135219574, rewards:-12.123890516493056, queue:0.43680555555555556, delay:0.027907917234632703, throughput:1450
episode:100/200, real avg travel time:188.3903448275862
intersection:0, mean_episode_reward:-0.8269444704055786, mean_queue:0.9305555820465088
intersection:1, mean_episode_reward:-0.89166659116745, mean_queue:1.019444465637207
intersection:2, mean_episode_reward:-0.802777886390686, mean_queue:0.9305555820465088
intersection:3, mean_episode_reward:-0.723333477973938, mean_queue:0.8277778029441833
intersection:4, mean_episode_reward:-1.0519448518753052, mean_queue:1.1749999523162842
intersection:5, mean_episode_reward:-0.6777780055999756, mean_queue:0.7777777910232544
intersection:6, mean_episode_reward:-0.6066666841506958, mean_queue:0.7111111283302307
intersection:7, mean_episode_reward:-0.6100002527236938, mean_queue:0.7027778029441833
intersection:8, mean_episode_reward:-0.8119446039199829, mean_queue:0.9444444179534912
intersection:9, mean_episode_reward:-0.8461111187934875, mean_queue:0.9888888597488403
intersection:10, mean_episode_reward:-0.7758333086967468, mean_queue:0.8916666507720947
intersection:11, mean_episode_reward:-0.7511113286018372, mean_queue:0.8694444298744202
intersection:12, mean_episode_reward:-0.6752780675888062, mean_queue:0.8083333373069763
intersection:13, mean_episode_reward:-0.777500331401825, mean_queue:0.8916666507720947
intersection:14, mean_episode_reward:-0.6769446730613708, mean_queue:0.7805555462837219
intersection:15, mean_episode_reward:-0.6180557012557983, mean_queue:0.7277777791023254
intersection:16, mean_episode_reward:0.0, mean_queue:0.0
intersection:17, mean_episode_reward:0.0, mean_queue:0.0
intersection:18, mean_episode_reward:0.0, mean_queue:0.0
intersection:19, mean_episode_reward:0.0, mean_queue:0.0
intersection:20, mean_episode_reward:0.0, mean_queue:0.0
intersection:21, mean_episode_reward:0.0, mean_queue:0.0
intersection:22, mean_episode_reward:0.0, mean_queue:0.0
intersection:23, mean_episode_reward:0.0, mean_queue:0.0
intersection:24, mean_episode_reward:0.0, mean_queue:0.0
intersection:25, mean_episode_reward:0.0, mean_queue:0.0
intersection:26, mean_episode_reward:0.0, mean_queue:0.0
intersection:27, mean_episode_reward:0.0, mean_queue:0.0
intersection:28, mean_episode_reward:0.0, mean_queue:0.0
intersection:29, mean_episode_reward:0.0, mean_queue:0.0
intersection:30, mean_episode_reward:0.0, mean_queue:0.0
intersection:31, mean_episode_reward:0.0, mean_queue:0.0
Test step:100/200, travel time :189.78650137741047, rewards:-12.730558268229167, queue:0.45303819444444443, delay:0.02725961473253038, throughput:1452
step:3600/3600, q_loss:0.3440268337726593, rewards:-11.090557861328126, queue:0.40425347222222224, delay:0.025951306025187176, throughput:1450
episode:101/200, real avg travel time:185.9393103448276
intersection:0, mean_episode_reward:-0.7691670656204224, mean_queue:0.894444465637207
intersection:1, mean_episode_reward:-0.7591667771339417, mean_queue:0.875
intersection:2, mean_episode_reward:-0.9686114192008972, mean_queue:1.1027777194976807
intersection:3, mean_episode_reward:-0.7236113548278809, mean_queue:0.8305555582046509
intersection:4, mean_episode_reward:-0.6833333969116211, mean_queue:0.7916666865348816
intersection:5, mean_episode_reward:-0.6330559253692627, mean_queue:0.7333333492279053
intersection:6, mean_episode_reward:-0.6136112213134766, mean_queue:0.7361111044883728
intersection:7, mean_episode_reward:-0.4677780270576477, mean_queue:0.5527777671813965
intersection:8, mean_episode_reward:-0.8300001621246338, mean_queue:0.9555555582046509
intersection:9, mean_episode_reward:-0.8663887977600098, mean_queue:0.9916666746139526
intersection:10, mean_episode_reward:-0.5872223973274231, mean_queue:0.6833333373069763
intersection:11, mean_episode_reward:-0.6547223925590515, mean_queue:0.7638888955116272
intersection:12, mean_episode_reward:-0.6933335661888123, mean_queue:0.8111110925674438
intersection:13, mean_episode_reward:-0.6825000047683716, mean_queue:0.8305555582046509
intersection:14, mean_episode_reward:-0.6075001358985901, mean_queue:0.7111111283302307
intersection:15, mean_episode_reward:-0.5505556464195251, mean_queue:0.6722221970558167
intersection:16, mean_episode_reward:0.0, mean_queue:0.0
intersection:17, mean_episode_reward:0.0, mean_queue:0.0
intersection:18, mean_episode_reward:0.0, mean_queue:0.0
intersection:19, mean_episode_reward:0.0, mean_queue:0.0
intersection:20, mean_episode_reward:0.0, mean_queue:0.0
intersection:21, mean_episode_reward:0.0, mean_queue:0.0
intersection:22, mean_episode_reward:0.0, mean_queue:0.0
intersection:23, mean_episode_reward:0.0, mean_queue:0.0
intersection:24, mean_episode_reward:0.0, mean_queue:0.0
intersection:25, mean_episode_reward:0.0, mean_queue:0.0
intersection:26, mean_episode_reward:0.0, mean_queue:0.0
intersection:27, mean_episode_reward:0.0, mean_queue:0.0
intersection:28, mean_episode_reward:0.0, mean_queue:0.0
intersection:29, mean_episode_reward:0.0, mean_queue:0.0
intersection:30, mean_episode_reward:0.0, mean_queue:0.0
intersection:31, mean_episode_reward:0.0, mean_queue:0.0
Test step:101/200, travel time :187.86451169188445, rewards:-11.875002712673611, queue:0.4269965277777778, delay:0.027258835898505317, throughput:1454
step:3600/3600, q_loss:0.3648252785205841, rewards:-12.481114366319444, queue:0.4447048611111111, delay:0.0269297546810574, throughput:1449
episode:102/200, real avg travel time:189.16356107660457
intersection:0, mean_episode_reward:-0.7941668033599854, mean_queue:0.894444465637207
intersection:1, mean_episode_reward:-0.9005557298660278, mean_queue:0.9944444298744202
intersection:2, mean_episode_reward:-0.9619448184967041, mean_queue:1.0777777433395386
intersection:3, mean_episode_reward:-0.7730558514595032, mean_queue:0.8666666746139526
intersection:4, mean_episode_reward:-1.0030559301376343, mean_queue:1.1138888597488403
intersection:5, mean_episode_reward:-0.7738892436027527, mean_queue:0.894444465637207
intersection:6, mean_episode_reward:-0.6975000500679016, mean_queue:0.8027777671813965
intersection:7, mean_episode_reward:-0.45138904452323914, mean_queue:0.5527777671813965
intersection:8, mean_episode_reward:-1.024444580078125, mean_queue:1.130555510520935
intersection:9, mean_episode_reward:-0.9447221755981445, mean_queue:1.0750000476837158
intersection:10, mean_episode_reward:-0.6227778792381287, mean_queue:0.7388888597488403
intersection:11, mean_episode_reward:-0.7572226524353027, mean_queue:0.8611111044883728
intersection:12, mean_episode_reward:-0.7397222518920898, mean_queue:0.8611111044883728
intersection:13, mean_episode_reward:-0.7533334493637085, mean_queue:0.8777777552604675
intersection:14, mean_episode_reward:-0.7247226238250732, mean_queue:0.8361111283302307
intersection:15, mean_episode_reward:-0.5586114525794983, mean_queue:0.6527777910232544
intersection:16, mean_episode_reward:0.0, mean_queue:0.0
intersection:17, mean_episode_reward:0.0, mean_queue:0.0
intersection:18, mean_episode_reward:0.0, mean_queue:0.0
intersection:19, mean_episode_reward:0.0, mean_queue:0.0
intersection:20, mean_episode_reward:0.0, mean_queue:0.0
intersection:21, mean_episode_reward:0.0, mean_queue:0.0
intersection:22, mean_episode_reward:0.0, mean_queue:0.0
intersection:23, mean_episode_reward:0.0, mean_queue:0.0
intersection:24, mean_episode_reward:0.0, mean_queue:0.0
intersection:25, mean_episode_reward:0.0, mean_queue:0.0
intersection:26, mean_episode_reward:0.0, mean_queue:0.0
intersection:27, mean_episode_reward:0.0, mean_queue:0.0
intersection:28, mean_episode_reward:0.0, mean_queue:0.0
intersection:29, mean_episode_reward:0.0, mean_queue:0.0
intersection:30, mean_episode_reward:0.0, mean_queue:0.0
intersection:31, mean_episode_reward:0.0, mean_queue:0.0
Test step:102/200, travel time :187.35265700483092, rewards:-12.004169379340278, queue:0.42986111111111114, delay:0.02659038437737359, throughput:1449
step:3600/3600, q_loss:0.3256078064441681, rewards:-11.943892415364584, queue:0.43038194444444444, delay:0.02712186707390679, throughput:1451
episode:103/200, real avg travel time:188.39283252929013
intersection:0, mean_episode_reward:-0.7325001955032349, mean_queue:0.8333333134651184
intersection:1, mean_episode_reward:-0.8105557560920715, mean_queue:0.9222221970558167
intersection:2, mean_episode_reward:-0.9327779412269592, mean_queue:1.0611110925674438
intersection:3, mean_episode_reward:-0.7258332371711731, mean_queue:0.8305555582046509
intersection:4, mean_episode_reward:-0.9883336424827576, mean_queue:1.1027777194976807
intersection:5, mean_episode_reward:-0.7027780413627625, mean_queue:0.8111110925674438
intersection:6, mean_episode_reward:-0.6233335733413696, mean_queue:0.7444444298744202
intersection:7, mean_episode_reward:-0.4786112606525421, mean_queue:0.574999988079071
intersection:8, mean_episode_reward:-0.9097227454185486, mean_queue:1.0555555820465088
intersection:9, mean_episode_reward:-0.8372220396995544, mean_queue:0.9583333134651184
intersection:10, mean_episode_reward:-0.7286109924316406, mean_queue:0.8388888835906982
intersection:11, mean_episode_reward:-0.7152780294418335, mean_queue:0.8305555582046509
intersection:12, mean_episode_reward:-0.801944375038147, mean_queue:0.9222221970558167
intersection:13, mean_episode_reward:-0.6700001955032349, mean_queue:0.7833333611488342
intersection:14, mean_episode_reward:-0.7544451355934143, mean_queue:0.8611111044883728
intersection:15, mean_episode_reward:-0.531944751739502, mean_queue:0.6416666507720947
intersection:16, mean_episode_reward:0.0, mean_queue:0.0
intersection:17, mean_episode_reward:0.0, mean_queue:0.0
intersection:18, mean_episode_reward:0.0, mean_queue:0.0
intersection:19, mean_episode_reward:0.0, mean_queue:0.0
intersection:20, mean_episode_reward:0.0, mean_queue:0.0
intersection:21, mean_episode_reward:0.0, mean_queue:0.0
intersection:22, mean_episode_reward:0.0, mean_queue:0.0
intersection:23, mean_episode_reward:0.0, mean_queue:0.0
intersection:24, mean_episode_reward:0.0, mean_queue:0.0
intersection:25, mean_episode_reward:0.0, mean_queue:0.0
intersection:26, mean_episode_reward:0.0, mean_queue:0.0
intersection:27, mean_episode_reward:0.0, mean_queue:0.0
intersection:28, mean_episode_reward:0.0, mean_queue:0.0
intersection:29, mean_episode_reward:0.0, mean_queue:0.0
intersection:30, mean_episode_reward:0.0, mean_queue:0.0
intersection:31, mean_episode_reward:0.0, mean_queue:0.0
Test step:103/200, travel time :188.0648723257419, rewards:-12.041670735677084, queue:0.43342013888888886, delay:0.026996416515774196, throughput:1449
step:3600/3600, q_loss:0.34554940462112427, rewards:-11.728059895833333, queue:0.4248263888888889, delay:0.026844633950127497, throughput:1450
episode:104/200, real avg travel time:187.24137931034483
intersection:0, mean_episode_reward:-0.7913890480995178, mean_queue:0.8999999761581421
intersection:1, mean_episode_reward:-0.8872225284576416, mean_queue:1.0166666507720947
intersection:2, mean_episode_reward:-0.9013890624046326, mean_queue:1.0277777910232544
intersection:3, mean_episode_reward:-0.6736115217208862, mean_queue:0.7944444417953491
intersection:4, mean_episode_reward:-0.7941668033599854, mean_queue:0.9083333611488342
intersection:5, mean_episode_reward:-0.6775001883506775, mean_queue:0.7833333611488342
intersection:6, mean_episode_reward:-0.6361114382743835, mean_queue:0.7555555701255798
intersection:7, mean_episode_reward:-0.449722558259964, mean_queue:0.5416666865348816
intersection:8, mean_episode_reward:-0.9497222900390625, mean_queue:1.0527777671813965
intersection:9, mean_episode_reward:-0.8891667723655701, mean_queue:1.024999976158142
intersection:10, mean_episode_reward:-0.7302778363227844, mean_queue:0.8361111283302307
intersection:11, mean_episode_reward:-0.6775000095367432, mean_queue:0.7888888716697693
intersection:12, mean_episode_reward:-0.6575000286102295, mean_queue:0.7722222208976746
intersection:13, mean_episode_reward:-0.8391669988632202, mean_queue:0.980555534362793
intersection:14, mean_episode_reward:-0.5752779841423035, mean_queue:0.6833333373069763
intersection:15, mean_episode_reward:-0.5983337163925171, mean_queue:0.7277777791023254
intersection:16, mean_episode_reward:0.0, mean_queue:0.0
intersection:17, mean_episode_reward:0.0, mean_queue:0.0
intersection:18, mean_episode_reward:0.0, mean_queue:0.0
intersection:19, mean_episode_reward:0.0, mean_queue:0.0
intersection:20, mean_episode_reward:0.0, mean_queue:0.0
intersection:21, mean_episode_reward:0.0, mean_queue:0.0
intersection:22, mean_episode_reward:0.0, mean_queue:0.0
intersection:23, mean_episode_reward:0.0, mean_queue:0.0
intersection:24, mean_episode_reward:0.0, mean_queue:0.0
intersection:25, mean_episode_reward:0.0, mean_queue:0.0
intersection:26, mean_episode_reward:0.0, mean_queue:0.0
intersection:27, mean_episode_reward:0.0, mean_queue:0.0
intersection:28, mean_episode_reward:0.0, mean_queue:0.0
intersection:29, mean_episode_reward:0.0, mean_queue:0.0
intersection:30, mean_episode_reward:0.0, mean_queue:0.0
intersection:31, mean_episode_reward:0.0, mean_queue:0.0
Test step:104/200, travel time :188.02549965541007, rewards:-12.115558539496528, queue:0.4353298611111111, delay:0.027293888727823894, throughput:1451
step:3600/3600, q_loss:0.3000166416168213, rewards:-12.854169379340277, queue:0.4578125, delay:0.028030313385857476, throughput:1453
episode:105/200, real avg travel time:189.56022023399862
intersection:0, mean_episode_reward:-0.9394444823265076, mean_queue:1.0583332777023315
intersection:1, mean_episode_reward:-0.9116668701171875, mean_queue:1.0361111164093018
intersection:2, mean_episode_reward:-0.9566670656204224, mean_queue:1.1027777194976807
intersection:3, mean_episode_reward:-0.6766669154167175, mean_queue:0.7861111164093018
intersection:4, mean_episode_reward:-0.9208335876464844, mean_queue:1.0333333015441895
intersection:5, mean_episode_reward:-0.7488889098167419, mean_queue:0.855555534362793
intersection:6, mean_episode_reward:-0.6669446229934692, mean_queue:0.7749999761581421
intersection:7, mean_episode_reward:-0.5197223424911499, mean_queue:0.6111111044883728
intersection:8, mean_episode_reward:-0.8988891839981079, mean_queue:0.9972222447395325
intersection:9, mean_episode_reward:-1.018611192703247, mean_queue:1.1416666507720947
intersection:10, mean_episode_reward:-0.8183334469795227, mean_queue:0.9277777671813965
intersection:11, mean_episode_reward:-0.8694448471069336, mean_queue:0.9861111044883728
intersection:12, mean_episode_reward:-0.7036112546920776, mean_queue:0.8083333373069763
intersection:13, mean_episode_reward:-0.876666784286499, mean_queue:1.005555510520935
intersection:14, mean_episode_reward:-0.6305558681488037, mean_queue:0.7472222447395325
intersection:15, mean_episode_reward:-0.6972223520278931, mean_queue:0.7777777910232544
intersection:16, mean_episode_reward:0.0, mean_queue:0.0
intersection:17, mean_episode_reward:0.0, mean_queue:0.0
intersection:18, mean_episode_reward:0.0, mean_queue:0.0
intersection:19, mean_episode_reward:0.0, mean_queue:0.0
intersection:20, mean_episode_reward:0.0, mean_queue:0.0
intersection:21, mean_episode_reward:0.0, mean_queue:0.0
intersection:22, mean_episode_reward:0.0, mean_queue:0.0
intersection:23, mean_episode_reward:0.0, mean_queue:0.0
intersection:24, mean_episode_reward:0.0, mean_queue:0.0
intersection:25, mean_episode_reward:0.0, mean_queue:0.0
intersection:26, mean_episode_reward:0.0, mean_queue:0.0
intersection:27, mean_episode_reward:0.0, mean_queue:0.0
intersection:28, mean_episode_reward:0.0, mean_queue:0.0
intersection:29, mean_episode_reward:0.0, mean_queue:0.0
intersection:30, mean_episode_reward:0.0, mean_queue:0.0
intersection:31, mean_episode_reward:0.0, mean_queue:0.0
Test step:105/200, travel time :187.31108052305575, rewards:-11.575835503472222, queue:0.4185763888888889, delay:0.02640193303426107, throughput:1453
step:3600/3600, q_loss:0.32942813634872437, rewards:-12.171112738715278, queue:0.43524305555555554, delay:0.026654047436184353, throughput:1453
episode:106/200, real avg travel time:188.6572608396421
intersection:0, mean_episode_reward:-0.9169447422027588, mean_queue:1.0472222566604614
intersection:1, mean_episode_reward:-0.9069446325302124, mean_queue:1.0138888359069824
intersection:2, mean_episode_reward:-0.8938891291618347, mean_queue:1.0
intersection:3, mean_episode_reward:-0.6366665959358215, mean_queue:0.7444444298744202
intersection:4, mean_episode_reward:-1.0705559253692627, mean_queue:1.1972222328186035
intersection:5, mean_episode_reward:-0.7219445109367371, mean_queue:0.8111110925674438
intersection:6, mean_episode_reward:-0.6516668796539307, mean_queue:0.75
intersection:7, mean_episode_reward:-0.42361119389533997, mean_queue:0.5222222208976746
intersection:8, mean_episode_reward:-0.9505555033683777, mean_queue:1.0527777671813965
intersection:9, mean_episode_reward:-0.8338890075683594, mean_queue:0.9527778029441833
intersection:10, mean_episode_reward:-0.6997223496437073, mean_queue:0.8083333373069763
intersection:11, mean_episode_reward:-0.6238890886306763, mean_queue:0.7250000238418579
intersection:12, mean_episode_reward:-0.795833170413971, mean_queue:0.8972222208976746
intersection:13, mean_episode_reward:-0.7133335471153259, mean_queue:0.8416666388511658
intersection:14, mean_episode_reward:-0.7080556750297546, mean_queue:0.824999988079071
intersection:15, mean_episode_reward:-0.6236113905906677, mean_queue:0.7388888597488403
intersection:16, mean_episode_reward:0.0, mean_queue:0.0
intersection:17, mean_episode_reward:0.0, mean_queue:0.0
intersection:18, mean_episode_reward:0.0, mean_queue:0.0
intersection:19, mean_episode_reward:0.0, mean_queue:0.0
intersection:20, mean_episode_reward:0.0, mean_queue:0.0
intersection:21, mean_episode_reward:0.0, mean_queue:0.0
intersection:22, mean_episode_reward:0.0, mean_queue:0.0
intersection:23, mean_episode_reward:0.0, mean_queue:0.0
intersection:24, mean_episode_reward:0.0, mean_queue:0.0
intersection:25, mean_episode_reward:0.0, mean_queue:0.0
intersection:26, mean_episode_reward:0.0, mean_queue:0.0
intersection:27, mean_episode_reward:0.0, mean_queue:0.0
intersection:28, mean_episode_reward:0.0, mean_queue:0.0
intersection:29, mean_episode_reward:0.0, mean_queue:0.0
intersection:30, mean_episode_reward:0.0, mean_queue:0.0
intersection:31, mean_episode_reward:0.0, mean_queue:0.0
Test step:106/200, travel time :188.0379048931771, rewards:-11.926947699652779, queue:0.42994791666666665, delay:0.026857005225287542, throughput:1451
step:3600/3600, q_loss:0.35099759697914124, rewards:-12.612779405381945, queue:0.4517361111111111, delay:0.02696989377339681, throughput:1451
episode:107/200, real avg travel time:189.4962095106823
intersection:0, mean_episode_reward:-0.7552782893180847, mean_queue:0.8722222447395325
intersection:1, mean_episode_reward:-1.0069442987442017, mean_queue:1.1388888359069824
intersection:2, mean_episode_reward:-0.8319445252418518, mean_queue:0.9666666388511658
intersection:3, mean_episode_reward:-0.8533334732055664, mean_queue:0.9638888835906982
intersection:4, mean_episode_reward:-1.0658334493637085, mean_queue:1.1944444179534912
intersection:5, mean_episode_reward:-0.8125, mean_queue:0.9305555820465088
intersection:6, mean_episode_reward:-0.7133333683013916, mean_queue:0.8194444179534912
intersection:7, mean_episode_reward:-0.5591668486595154, mean_queue:0.6527777910232544
intersection:8, mean_episode_reward:-0.9247219562530518, mean_queue:1.0277777910232544
intersection:9, mean_episode_reward:-0.8738889098167419, mean_queue:0.9944444298744202
intersection:10, mean_episode_reward:-0.8980557918548584, mean_queue:1.0027778148651123
intersection:11, mean_episode_reward:-0.7552778720855713, mean_queue:0.8888888955116272
intersection:12, mean_episode_reward:-0.7622225284576416, mean_queue:0.8833333253860474
intersection:13, mean_episode_reward:-0.6436113715171814, mean_queue:0.769444465637207
intersection:14, mean_episode_reward:-0.535000205039978, mean_queue:0.644444465637207
intersection:15, mean_episode_reward:-0.6216667294502258, mean_queue:0.7055555582046509
intersection:16, mean_episode_reward:0.0, mean_queue:0.0
intersection:17, mean_episode_reward:0.0, mean_queue:0.0
intersection:18, mean_episode_reward:0.0, mean_queue:0.0
intersection:19, mean_episode_reward:0.0, mean_queue:0.0
intersection:20, mean_episode_reward:0.0, mean_queue:0.0
intersection:21, mean_episode_reward:0.0, mean_queue:0.0
intersection:22, mean_episode_reward:0.0, mean_queue:0.0
intersection:23, mean_episode_reward:0.0, mean_queue:0.0
intersection:24, mean_episode_reward:0.0, mean_queue:0.0
intersection:25, mean_episode_reward:0.0, mean_queue:0.0
intersection:26, mean_episode_reward:0.0, mean_queue:0.0
intersection:27, mean_episode_reward:0.0, mean_queue:0.0
intersection:28, mean_episode_reward:0.0, mean_queue:0.0
intersection:29, mean_episode_reward:0.0, mean_queue:0.0
intersection:30, mean_episode_reward:0.0, mean_queue:0.0
intersection:31, mean_episode_reward:0.0, mean_queue:0.0
Test step:107/200, travel time :187.72520661157026, rewards:-11.97167019314236, queue:0.4314236111111111, delay:0.026809530787997776, throughput:1452
step:3600/3600, q_loss:0.3241225481033325, rewards:-11.865836588541667, queue:0.42743055555555554, delay:0.02687955962287055, throughput:1451
episode:108/200, real avg travel time:187.8118538938663
intersection:0, mean_episode_reward:-0.8113890886306763, mean_queue:0.925000011920929
intersection:1, mean_episode_reward:-0.7847223877906799, mean_queue:0.9055555462837219
intersection:2, mean_episode_reward:-0.9511112570762634, mean_queue:1.0777777433395386
intersection:3, mean_episode_reward:-0.7080557346343994, mean_queue:0.8083333373069763
intersection:4, mean_episode_reward:-0.8988890051841736, mean_queue:1.0222222805023193
intersection:5, mean_episode_reward:-0.654722273349762, mean_queue:0.7638888955116272
intersection:6, mean_episode_reward:-0.7030557990074158, mean_queue:0.8277778029441833
intersection:7, mean_episode_reward:-0.5819445252418518, mean_queue:0.6722221970558167
intersection:8, mean_episode_reward:-0.8058335781097412, mean_queue:0.9222221970558167
intersection:9, mean_episode_reward:-0.8416669368743896, mean_queue:0.9527778029441833
intersection:10, mean_episode_reward:-0.6991665363311768, mean_queue:0.7888888716697693
intersection:11, mean_episode_reward:-0.5858333110809326, mean_queue:0.7111111283302307
intersection:12, mean_episode_reward:-0.8716669678688049, mean_queue:0.9916666746139526
intersection:13, mean_episode_reward:-0.6675002574920654, mean_queue:0.7805555462837219
intersection:14, mean_episode_reward:-0.6283335089683533, mean_queue:0.730555534362793
intersection:15, mean_episode_reward:-0.6719448566436768, mean_queue:0.7972221970558167
intersection:16, mean_episode_reward:0.0, mean_queue:0.0
intersection:17, mean_episode_reward:0.0, mean_queue:0.0
intersection:18, mean_episode_reward:0.0, mean_queue:0.0
intersection:19, mean_episode_reward:0.0, mean_queue:0.0
intersection:20, mean_episode_reward:0.0, mean_queue:0.0
intersection:21, mean_episode_reward:0.0, mean_queue:0.0
intersection:22, mean_episode_reward:0.0, mean_queue:0.0
intersection:23, mean_episode_reward:0.0, mean_queue:0.0
intersection:24, mean_episode_reward:0.0, mean_queue:0.0
intersection:25, mean_episode_reward:0.0, mean_queue:0.0
intersection:26, mean_episode_reward:0.0, mean_queue:0.0
intersection:27, mean_episode_reward:0.0, mean_queue:0.0
intersection:28, mean_episode_reward:0.0, mean_queue:0.0
intersection:29, mean_episode_reward:0.0, mean_queue:0.0
intersection:30, mean_episode_reward:0.0, mean_queue:0.0
intersection:31, mean_episode_reward:0.0, mean_queue:0.0
Test step:108/200, travel time :188.0702479338843, rewards:-11.75055881076389, queue:0.42178819444444443, delay:0.02647958861456977, throughput:1452
step:3600/3600, q_loss:0.355638712644577, rewards:-11.485835774739583, queue:0.4150173611111111, delay:0.025961401727464466, throughput:1454
episode:109/200, real avg travel time:186.68707015130673
intersection:0, mean_episode_reward:-0.8166669011116028, mean_queue:0.9277777671813965
intersection:1, mean_episode_reward:-0.8600000143051147, mean_queue:0.980555534362793
intersection:2, mean_episode_reward:-0.8711113929748535, mean_queue:1.0
intersection:3, mean_episode_reward:-0.6188890933990479, mean_queue:0.7222222089767456
intersection:4, mean_episode_reward:-0.8302780389785767, mean_queue:0.9472222328186035
intersection:5, mean_episode_reward:-0.7163892388343811, mean_queue:0.8277778029441833
intersection:6, mean_episode_reward:-0.6380557417869568, mean_queue:0.7472222447395325
intersection:7, mean_episode_reward:-0.4758334159851074, mean_queue:0.5611110925674438
intersection:8, mean_episode_reward:-0.8383334875106812, mean_queue:0.9361110925674438
intersection:9, mean_episode_reward:-0.8647223711013794, mean_queue:0.9916666746139526
intersection:10, mean_episode_reward:-0.7155553102493286, mean_queue:0.824999988079071
intersection:11, mean_episode_reward:-0.7030556797981262, mean_queue:0.824999988079071
intersection:12, mean_episode_reward:-0.6497222185134888, mean_queue:0.7583333253860474
intersection:13, mean_episode_reward:-0.6263891458511353, mean_queue:0.7416666746139526
intersection:14, mean_episode_reward:-0.6316668391227722, mean_queue:0.7472222447395325
intersection:15, mean_episode_reward:-0.6291669011116028, mean_queue:0.7416666746139526
intersection:16, mean_episode_reward:0.0, mean_queue:0.0
intersection:17, mean_episode_reward:0.0, mean_queue:0.0
intersection:18, mean_episode_reward:0.0, mean_queue:0.0
intersection:19, mean_episode_reward:0.0, mean_queue:0.0
intersection:20, mean_episode_reward:0.0, mean_queue:0.0
intersection:21, mean_episode_reward:0.0, mean_queue:0.0
intersection:22, mean_episode_reward:0.0, mean_queue:0.0
intersection:23, mean_episode_reward:0.0, mean_queue:0.0
intersection:24, mean_episode_reward:0.0, mean_queue:0.0
intersection:25, mean_episode_reward:0.0, mean_queue:0.0
intersection:26, mean_episode_reward:0.0, mean_queue:0.0
intersection:27, mean_episode_reward:0.0, mean_queue:0.0
intersection:28, mean_episode_reward:0.0, mean_queue:0.0
intersection:29, mean_episode_reward:0.0, mean_queue:0.0
intersection:30, mean_episode_reward:0.0, mean_queue:0.0
intersection:31, mean_episode_reward:0.0, mean_queue:0.0
Test step:109/200, travel time :187.4249311294766, rewards:-11.792502170138889, queue:0.42526041666666664, delay:0.02636410395304362, throughput:1452
step:3600/3600, q_loss:0.37630149722099304, rewards:-11.993058268229166, queue:0.43125, delay:0.027087871233622232, throughput:1450
episode:110/200, real avg travel time:187.84827586206896
intersection:0, mean_episode_reward:-0.8372224569320679, mean_queue:0.9611111283302307
intersection:1, mean_episode_reward:-0.9391664862632751, mean_queue:1.0638889074325562
intersection:2, mean_episode_reward:-0.899444580078125, mean_queue:1.038888931274414
intersection:3, mean_episode_reward:-0.7088890671730042, mean_queue:0.8277778029441833
intersection:4, mean_episode_reward:-0.8475002646446228, mean_queue:0.9611111283302307
intersection:5, mean_episode_reward:-0.7836112976074219, mean_queue:0.894444465637207
intersection:6, mean_episode_reward:-0.5927780270576477, mean_queue:0.6972222328186035
intersection:7, mean_episode_reward:-0.5583338141441345, mean_queue:0.6583333611488342
intersection:8, mean_episode_reward:-0.9374998211860657, mean_queue:1.0305556058883667
intersection:9, mean_episode_reward:-0.9038889408111572, mean_queue:1.019444465637207
intersection:10, mean_episode_reward:-0.6597223281860352, mean_queue:0.7555555701255798
intersection:11, mean_episode_reward:-0.6230557560920715, mean_queue:0.7277777791023254
intersection:12, mean_episode_reward:-0.841666579246521, mean_queue:0.9472222328186035
intersection:13, mean_episode_reward:-0.7208336591720581, mean_queue:0.8638888597488403
intersection:14, mean_episode_reward:-0.584166944026947, mean_queue:0.6972222328186035
intersection:15, mean_episode_reward:-0.5552778244018555, mean_queue:0.6555555462837219
intersection:16, mean_episode_reward:0.0, mean_queue:0.0
intersection:17, mean_episode_reward:0.0, mean_queue:0.0
intersection:18, mean_episode_reward:0.0, mean_queue:0.0
intersection:19, mean_episode_reward:0.0, mean_queue:0.0
intersection:20, mean_episode_reward:0.0, mean_queue:0.0
intersection:21, mean_episode_reward:0.0, mean_queue:0.0
intersection:22, mean_episode_reward:0.0, mean_queue:0.0
intersection:23, mean_episode_reward:0.0, mean_queue:0.0
intersection:24, mean_episode_reward:0.0, mean_queue:0.0
intersection:25, mean_episode_reward:0.0, mean_queue:0.0
intersection:26, mean_episode_reward:0.0, mean_queue:0.0
intersection:27, mean_episode_reward:0.0, mean_queue:0.0
intersection:28, mean_episode_reward:0.0, mean_queue:0.0
intersection:29, mean_episode_reward:0.0, mean_queue:0.0
intersection:30, mean_episode_reward:0.0, mean_queue:0.0
intersection:31, mean_episode_reward:0.0, mean_queue:0.0
Test step:110/200, travel time :185.99793672627234, rewards:-11.2388916015625, queue:0.40512152777777777, delay:0.025884564717610678, throughput:1454
step:3600/3600, q_loss:0.3236630856990814, rewards:-12.038335503472222, queue:0.43289930555555556, delay:0.026603815290662976, throughput:1453
episode:111/200, real avg travel time:188.26290433585686
intersection:0, mean_episode_reward:-0.7086113095283508, mean_queue:0.8166666626930237
intersection:1, mean_episode_reward:-0.8902782201766968, mean_queue:1.0222222805023193
intersection:2, mean_episode_reward:-0.8575000166893005, mean_queue:1.005555510520935
intersection:3, mean_episode_reward:-0.7088890671730042, mean_queue:0.8222222328186035
intersection:4, mean_episode_reward:-0.9780555963516235, mean_queue:1.1027777194976807
intersection:5, mean_episode_reward:-0.8041670322418213, mean_queue:0.925000011920929
intersection:6, mean_episode_reward:-0.5647222399711609, mean_queue:0.6638888716697693
intersection:7, mean_episode_reward:-0.46611133217811584, mean_queue:0.5694444179534912
intersection:8, mean_episode_reward:-1.0669445991516113, mean_queue:1.1777777671813965
intersection:9, mean_episode_reward:-0.92083340883255, mean_queue:1.0472222566604614
intersection:10, mean_episode_reward:-0.7824999690055847, mean_queue:0.8805555701255798
intersection:11, mean_episode_reward:-0.8272225856781006, mean_queue:0.9222221970558167
intersection:12, mean_episode_reward:-0.6594446301460266, mean_queue:0.7722222208976746
intersection:13, mean_episode_reward:-0.6708335280418396, mean_queue:0.7666666507720947
intersection:14, mean_episode_reward:-0.5750001668930054, mean_queue:0.6916666626930237
intersection:15, mean_episode_reward:-0.5572224259376526, mean_queue:0.6666666865348816
intersection:16, mean_episode_reward:0.0, mean_queue:0.0
intersection:17, mean_episode_reward:0.0, mean_queue:0.0
intersection:18, mean_episode_reward:0.0, mean_queue:0.0
intersection:19, mean_episode_reward:0.0, mean_queue:0.0
intersection:20, mean_episode_reward:0.0, mean_queue:0.0
intersection:21, mean_episode_reward:0.0, mean_queue:0.0
intersection:22, mean_episode_reward:0.0, mean_queue:0.0
intersection:23, mean_episode_reward:0.0, mean_queue:0.0
intersection:24, mean_episode_reward:0.0, mean_queue:0.0
intersection:25, mean_episode_reward:0.0, mean_queue:0.0
intersection:26, mean_episode_reward:0.0, mean_queue:0.0
intersection:27, mean_episode_reward:0.0, mean_queue:0.0
intersection:28, mean_episode_reward:0.0, mean_queue:0.0
intersection:29, mean_episode_reward:0.0, mean_queue:0.0
intersection:30, mean_episode_reward:0.0, mean_queue:0.0
intersection:31, mean_episode_reward:0.0, mean_queue:0.0
Test step:111/200, travel time :187.40868366643693, rewards:-11.896114095052083, queue:0.43133680555555554, delay:0.026879082785712348, throughput:1451
step:3600/3600, q_loss:0.38990774750709534, rewards:-12.13778076171875, queue:0.43854166666666666, delay:0.02705954975552029, throughput:1453
episode:112/200, real avg travel time:187.5767377838954
intersection:0, mean_episode_reward:-0.9577776789665222, mean_queue:1.0694444179534912
intersection:1, mean_episode_reward:-0.8983339667320251, mean_queue:1.0361111164093018
intersection:2, mean_episode_reward:-0.9186112284660339, mean_queue:1.0583332777023315
intersection:3, mean_episode_reward:-0.6438890695571899, mean_queue:0.7749999761581421
intersection:4, mean_episode_reward:-0.8155555725097656, mean_queue:0.9305555820465088
intersection:5, mean_episode_reward:-0.8383333683013916, mean_queue:0.9583333134651184
intersection:6, mean_episode_reward:-0.7125001549720764, mean_queue:0.8138889074325562
intersection:7, mean_episode_reward:-0.5458336472511292, mean_queue:0.644444465637207
intersection:8, mean_episode_reward:-0.876666784286499, mean_queue:0.9638888835906982
intersection:9, mean_episode_reward:-0.9575002789497375, mean_queue:1.0750000476837158
intersection:10, mean_episode_reward:-0.6922222375869751, mean_queue:0.7972221970558167
intersection:11, mean_episode_reward:-0.5952777862548828, mean_queue:0.7333333492279053
intersection:12, mean_episode_reward:-0.7963889837265015, mean_queue:0.9055555462837219
intersection:13, mean_episode_reward:-0.7222225666046143, mean_queue:0.8444444537162781
intersection:14, mean_episode_reward:-0.6355556845664978, mean_queue:0.7638888955116272
intersection:15, mean_episode_reward:-0.5311112999916077, mean_queue:0.6638888716697693
intersection:16, mean_episode_reward:0.0, mean_queue:0.0
intersection:17, mean_episode_reward:0.0, mean_queue:0.0
intersection:18, mean_episode_reward:0.0, mean_queue:0.0
intersection:19, mean_episode_reward:0.0, mean_queue:0.0
intersection:20, mean_episode_reward:0.0, mean_queue:0.0
intersection:21, mean_episode_reward:0.0, mean_queue:0.0
intersection:22, mean_episode_reward:0.0, mean_queue:0.0
intersection:23, mean_episode_reward:0.0, mean_queue:0.0
intersection:24, mean_episode_reward:0.0, mean_queue:0.0
intersection:25, mean_episode_reward:0.0, mean_queue:0.0
intersection:26, mean_episode_reward:0.0, mean_queue:0.0
intersection:27, mean_episode_reward:0.0, mean_queue:0.0
intersection:28, mean_episode_reward:0.0, mean_queue:0.0
intersection:29, mean_episode_reward:0.0, mean_queue:0.0
intersection:30, mean_episode_reward:0.0, mean_queue:0.0
intersection:31, mean_episode_reward:0.0, mean_queue:0.0
Test step:112/200, travel time :189.59738472126634, rewards:-12.4719482421875, queue:0.4474826388888889, delay:0.02795470025804308, throughput:1453
step:3600/3600, q_loss:0.38389885425567627, rewards:-12.0594482421875, queue:0.43246527777777777, delay:0.026960712009006075, throughput:1450
episode:113/200, real avg travel time:187.76620689655172
intersection:0, mean_episode_reward:-0.8266671895980835, mean_queue:0.949999988079071
intersection:1, mean_episode_reward:-0.9533333778381348, mean_queue:1.0666667222976685
intersection:2, mean_episode_reward:-0.9352778792381287, mean_queue:1.0777777433395386
intersection:3, mean_episode_reward:-0.7794446349143982, mean_queue:0.8916666507720947
intersection:4, mean_episode_reward:-0.8944445252418518, mean_queue:1.0083333253860474
intersection:5, mean_episode_reward:-0.7363891005516052, mean_queue:0.8472222089767456
intersection:6, mean_episode_reward:-0.6586113572120667, mean_queue:0.7583333253860474
intersection:7, mean_episode_reward:-0.4386111795902252, mean_queue:0.5472221970558167
intersection:8, mean_episode_reward:-0.9125003218650818, mean_queue:1.0222222805023193
intersection:9, mean_episode_reward:-0.8261114954948425, mean_queue:0.9472222328186035
intersection:10, mean_episode_reward:-0.6711112260818481, mean_queue:0.7666666507720947
intersection:11, mean_episode_reward:-0.6250001788139343, mean_queue:0.7361111044883728
intersection:12, mean_episode_reward:-0.8158338069915771, mean_queue:0.9305555820465088
intersection:13, mean_episode_reward:-0.7522223591804504, mean_queue:0.8666666746139526
intersection:14, mean_episode_reward:-0.6591669917106628, mean_queue:0.7611111402511597
intersection:15, mean_episode_reward:-0.5747222900390625, mean_queue:0.6611111164093018
intersection:16, mean_episode_reward:0.0, mean_queue:0.0
intersection:17, mean_episode_reward:0.0, mean_queue:0.0
intersection:18, mean_episode_reward:0.0, mean_queue:0.0
intersection:19, mean_episode_reward:0.0, mean_queue:0.0
intersection:20, mean_episode_reward:0.0, mean_queue:0.0
intersection:21, mean_episode_reward:0.0, mean_queue:0.0
intersection:22, mean_episode_reward:0.0, mean_queue:0.0
intersection:23, mean_episode_reward:0.0, mean_queue:0.0
intersection:24, mean_episode_reward:0.0, mean_queue:0.0
intersection:25, mean_episode_reward:0.0, mean_queue:0.0
intersection:26, mean_episode_reward:0.0, mean_queue:0.0
intersection:27, mean_episode_reward:0.0, mean_queue:0.0
intersection:28, mean_episode_reward:0.0, mean_queue:0.0
intersection:29, mean_episode_reward:0.0, mean_queue:0.0
intersection:30, mean_episode_reward:0.0, mean_queue:0.0
intersection:31, mean_episode_reward:0.0, mean_queue:0.0
Test step:113/200, travel time :188.20827586206897, rewards:-12.251668294270834, queue:0.43993055555555555, delay:0.027333577473958332, throughput:1450
step:3600/3600, q_loss:0.3394794464111328, rewards:-12.145001898871527, queue:0.4378472222222222, delay:0.026962020662095812, throughput:1452
episode:114/200, real avg travel time:188.00413223140495
intersection:0, mean_episode_reward:-0.9461114406585693, mean_queue:1.0694444179534912
intersection:1, mean_episode_reward:-0.7922223210334778, mean_queue:0.925000011920929
intersection:2, mean_episode_reward:-1.0402779579162598, mean_queue:1.1777777671813965
intersection:3, mean_episode_reward:-0.546389102935791, mean_queue:0.6583333611488342
intersection:4, mean_episode_reward:-0.9875000715255737, mean_queue:1.1333333253860474
intersection:5, mean_episode_reward:-0.6619445085525513, mean_queue:0.769444465637207
intersection:6, mean_episode_reward:-0.6811111569404602, mean_queue:0.7916666865348816
intersection:7, mean_episode_reward:-0.5788890719413757, mean_queue:0.6944444179534912
intersection:8, mean_episode_reward:-1.0908334255218506, mean_queue:1.2222222089767456
intersection:9, mean_episode_reward:-0.8849998712539673, mean_queue:1.0111111402511597
intersection:10, mean_episode_reward:-0.6300000548362732, mean_queue:0.7166666388511658
intersection:11, mean_episode_reward:-0.7855557203292847, mean_queue:0.9055555462837219
intersection:12, mean_episode_reward:-0.7566670775413513, mean_queue:0.8805555701255798
intersection:13, mean_episode_reward:-0.6730557084083557, mean_queue:0.7777777910232544
intersection:14, mean_episode_reward:-0.6100001931190491, mean_queue:0.7138888835906982
intersection:15, mean_episode_reward:-0.47944462299346924, mean_queue:0.5638889074325562
intersection:16, mean_episode_reward:0.0, mean_queue:0.0
intersection:17, mean_episode_reward:0.0, mean_queue:0.0
intersection:18, mean_episode_reward:0.0, mean_queue:0.0
intersection:19, mean_episode_reward:0.0, mean_queue:0.0
intersection:20, mean_episode_reward:0.0, mean_queue:0.0
intersection:21, mean_episode_reward:0.0, mean_queue:0.0
intersection:22, mean_episode_reward:0.0, mean_queue:0.0
intersection:23, mean_episode_reward:0.0, mean_queue:0.0
intersection:24, mean_episode_reward:0.0, mean_queue:0.0
intersection:25, mean_episode_reward:0.0, mean_queue:0.0
intersection:26, mean_episode_reward:0.0, mean_queue:0.0
intersection:27, mean_episode_reward:0.0, mean_queue:0.0
intersection:28, mean_episode_reward:0.0, mean_queue:0.0
intersection:29, mean_episode_reward:0.0, mean_queue:0.0
intersection:30, mean_episode_reward:0.0, mean_queue:0.0
intersection:31, mean_episode_reward:0.0, mean_queue:0.0
Test step:114/200, travel time :188.3735354927636, rewards:-12.203336588541667, queue:0.43680555555555556, delay:0.027650430467393662, throughput:1451
step:3600/3600, q_loss:0.34382930397987366, rewards:-12.536946614583334, queue:0.45243055555555556, delay:0.027982521057128906, throughput:1451
episode:115/200, real avg travel time:189.2646450723639
intersection:0, mean_episode_reward:-0.7736111879348755, mean_queue:0.9027777910232544
intersection:1, mean_episode_reward:-0.8350000381469727, mean_queue:0.9472222328186035
intersection:2, mean_episode_reward:-1.0002779960632324, mean_queue:1.163888931274414
intersection:3, mean_episode_reward:-0.7233335971832275, mean_queue:0.8388888835906982
intersection:4, mean_episode_reward:-0.967222273349762, mean_queue:1.119444489479065
intersection:5, mean_episode_reward:-0.7552781105041504, mean_queue:0.855555534362793
intersection:6, mean_episode_reward:-0.6513891220092773, mean_queue:0.7583333253860474
intersection:7, mean_episode_reward:-0.5730559229850769, mean_queue:0.6666666865348816
intersection:8, mean_episode_reward:-1.0577778816223145, mean_queue:1.1888889074325562
intersection:9, mean_episode_reward:-0.9697222113609314, mean_queue:1.0916666984558105
intersection:10, mean_episode_reward:-0.6708332896232605, mean_queue:0.7749999761581421
intersection:11, mean_episode_reward:-0.7855557203292847, mean_queue:0.9027777910232544
intersection:12, mean_episode_reward:-0.8244448900222778, mean_queue:0.9388889074325562
intersection:13, mean_episode_reward:-0.822222113609314, mean_queue:0.9555555582046509
intersection:14, mean_episode_reward:-0.5527780055999756, mean_queue:0.6722221970558167
intersection:15, mean_episode_reward:-0.5744446516036987, mean_queue:0.699999988079071
intersection:16, mean_episode_reward:0.0, mean_queue:0.0
intersection:17, mean_episode_reward:0.0, mean_queue:0.0
intersection:18, mean_episode_reward:0.0, mean_queue:0.0
intersection:19, mean_episode_reward:0.0, mean_queue:0.0
intersection:20, mean_episode_reward:0.0, mean_queue:0.0
intersection:21, mean_episode_reward:0.0, mean_queue:0.0
intersection:22, mean_episode_reward:0.0, mean_queue:0.0
intersection:23, mean_episode_reward:0.0, mean_queue:0.0
intersection:24, mean_episode_reward:0.0, mean_queue:0.0
intersection:25, mean_episode_reward:0.0, mean_queue:0.0
intersection:26, mean_episode_reward:0.0, mean_queue:0.0
intersection:27, mean_episode_reward:0.0, mean_queue:0.0
intersection:28, mean_episode_reward:0.0, mean_queue:0.0
intersection:29, mean_episode_reward:0.0, mean_queue:0.0
intersection:30, mean_episode_reward:0.0, mean_queue:0.0
intersection:31, mean_episode_reward:0.0, mean_queue:0.0
Test step:115/200, travel time :187.86648313833447, rewards:-12.036669921875, queue:0.4317708333333333, delay:0.02704946994781494, throughput:1453
step:3600/3600, q_loss:0.3988560140132904, rewards:-12.249446614583333, queue:0.43854166666666666, delay:0.026973782645331488, throughput:1451
episode:116/200, real avg travel time:188.42591316333562
intersection:0, mean_episode_reward:-0.6866668462753296, mean_queue:0.7722222208976746
intersection:1, mean_episode_reward:-0.951944887638092, mean_queue:1.0694444179534912
intersection:2, mean_episode_reward:-0.8011113405227661, mean_queue:0.9333333373069763
intersection:3, mean_episode_reward:-0.6333334445953369, mean_queue:0.7361111044883728
intersection:4, mean_episode_reward:-0.8794447779655457, mean_queue:1.0027778148651123
intersection:5, mean_episode_reward:-0.6869445443153381, mean_queue:0.7972221970558167
intersection:6, mean_episode_reward:-0.6194444894790649, mean_queue:0.7333333492279053
intersection:7, mean_episode_reward:-0.5336113572120667, mean_queue:0.6333333253860474
intersection:8, mean_episode_reward:-0.9938889145851135, mean_queue:1.105555534362793
intersection:9, mean_episode_reward:-0.9130554795265198, mean_queue:1.0305556058883667
intersection:10, mean_episode_reward:-0.7400000095367432, mean_queue:0.8388888835906982
intersection:11, mean_episode_reward:-0.7433335781097412, mean_queue:0.8722222447395325
intersection:12, mean_episode_reward:-0.8902779221534729, mean_queue:0.9944444298744202
intersection:13, mean_episode_reward:-0.8511114120483398, mean_queue:0.9722222089767456
intersection:14, mean_episode_reward:-0.672222375869751, mean_queue:0.7805555462837219
intersection:15, mean_episode_reward:-0.653055727481842, mean_queue:0.7611111402511597
intersection:16, mean_episode_reward:0.0, mean_queue:0.0
intersection:17, mean_episode_reward:0.0, mean_queue:0.0
intersection:18, mean_episode_reward:0.0, mean_queue:0.0
intersection:19, mean_episode_reward:0.0, mean_queue:0.0
intersection:20, mean_episode_reward:0.0, mean_queue:0.0
intersection:21, mean_episode_reward:0.0, mean_queue:0.0
intersection:22, mean_episode_reward:0.0, mean_queue:0.0
intersection:23, mean_episode_reward:0.0, mean_queue:0.0
intersection:24, mean_episode_reward:0.0, mean_queue:0.0
intersection:25, mean_episode_reward:0.0, mean_queue:0.0
intersection:26, mean_episode_reward:0.0, mean_queue:0.0
intersection:27, mean_episode_reward:0.0, mean_queue:0.0
intersection:28, mean_episode_reward:0.0, mean_queue:0.0
intersection:29, mean_episode_reward:0.0, mean_queue:0.0
intersection:30, mean_episode_reward:0.0, mean_queue:0.0
intersection:31, mean_episode_reward:0.0, mean_queue:0.0
Test step:116/200, travel time :188.59586206896552, rewards:-12.068891059027777, queue:0.43411458333333336, delay:0.027557992935180665, throughput:1450
step:3600/3600, q_loss:0.32213670015335083, rewards:-11.757503255208333, queue:0.42378472222222224, delay:0.026707172393798828, throughput:1448
episode:117/200, real avg travel time:187.29696132596686
intersection:0, mean_episode_reward:-0.7263892292976379, mean_queue:0.8472222089767456
intersection:1, mean_episode_reward:-0.7911113500595093, mean_queue:0.9027777910232544
intersection:2, mean_episode_reward:-0.9855557680130005, mean_queue:1.1083333492279053
intersection:3, mean_episode_reward:-0.6055557131767273, mean_queue:0.7333333492279053
intersection:4, mean_episode_reward:-0.9672221541404724, mean_queue:1.0916666984558105
intersection:5, mean_episode_reward:-0.6736112236976624, mean_queue:0.7777777910232544
intersection:6, mean_episode_reward:-0.47111138701438904, mean_queue:0.5666666626930237
intersection:7, mean_episode_reward:-0.5311112403869629, mean_queue:0.6277777552604675
intersection:8, mean_episode_reward:-1.0011111497879028, mean_queue:1.1027777194976807
intersection:9, mean_episode_reward:-0.8486112952232361, mean_queue:0.980555534362793
intersection:10, mean_episode_reward:-0.5966668128967285, mean_queue:0.7055555582046509
intersection:11, mean_episode_reward:-0.8355560302734375, mean_queue:0.9666666388511658
intersection:12, mean_episode_reward:-0.7330557107925415, mean_queue:0.8305555582046509
intersection:13, mean_episode_reward:-0.804166853427887, mean_queue:0.9055555462837219
intersection:14, mean_episode_reward:-0.5852781534194946, mean_queue:0.699999988079071
intersection:15, mean_episode_reward:-0.6013890504837036, mean_queue:0.7138888835906982
intersection:16, mean_episode_reward:0.0, mean_queue:0.0
intersection:17, mean_episode_reward:0.0, mean_queue:0.0
intersection:18, mean_episode_reward:0.0, mean_queue:0.0
intersection:19, mean_episode_reward:0.0, mean_queue:0.0
intersection:20, mean_episode_reward:0.0, mean_queue:0.0
intersection:21, mean_episode_reward:0.0, mean_queue:0.0
intersection:22, mean_episode_reward:0.0, mean_queue:0.0
intersection:23, mean_episode_reward:0.0, mean_queue:0.0
intersection:24, mean_episode_reward:0.0, mean_queue:0.0
intersection:25, mean_episode_reward:0.0, mean_queue:0.0
intersection:26, mean_episode_reward:0.0, mean_queue:0.0
intersection:27, mean_episode_reward:0.0, mean_queue:0.0
intersection:28, mean_episode_reward:0.0, mean_queue:0.0
intersection:29, mean_episode_reward:0.0, mean_queue:0.0
intersection:30, mean_episode_reward:0.0, mean_queue:0.0
intersection:31, mean_episode_reward:0.0, mean_queue:0.0
Test step:117/200, travel time :187.92079889807164, rewards:-12.158890787760416, queue:0.43602430555555555, delay:0.027290402518378363, throughput:1452
step:3600/3600, q_loss:0.35343068838119507, rewards:-11.865280490451388, queue:0.42977430555555557, delay:0.02669926749335395, throughput:1452
episode:118/200, real avg travel time:187.16873278236915
intersection:0, mean_episode_reward:-0.8233335018157959, mean_queue:0.9416666626930237
intersection:1, mean_episode_reward:-0.7397224307060242, mean_queue:0.8666666746139526
intersection:2, mean_episode_reward:-0.9100000262260437, mean_queue:1.0527777671813965
intersection:3, mean_episode_reward:-0.5950000882148743, mean_queue:0.7250000238418579
intersection:4, mean_episode_reward:-0.9777781367301941, mean_queue:1.0944443941116333
intersection:5, mean_episode_reward:-0.6250000596046448, mean_queue:0.7472222447395325
intersection:6, mean_episode_reward:-0.643889307975769, mean_queue:0.7361111044883728
intersection:7, mean_episode_reward:-0.4786113202571869, mean_queue:0.5638889074325562
intersection:8, mean_episode_reward:-0.8725000023841858, mean_queue:0.9888888597488403
intersection:9, mean_episode_reward:-0.8477779030799866, mean_queue:0.980555534362793
intersection:10, mean_episode_reward:-0.7250000834465027, mean_queue:0.8361111283302307
intersection:11, mean_episode_reward:-0.7005555629730225, mean_queue:0.8166666626930237
intersection:12, mean_episode_reward:-0.8058335781097412, mean_queue:0.9194444417953491
intersection:13, mean_episode_reward:-0.8836114406585693, mean_queue:1.0222222805023193
intersection:14, mean_episode_reward:-0.6516669988632202, mean_queue:0.7611111402511597
intersection:15, mean_episode_reward:-0.5850003957748413, mean_queue:0.699999988079071
intersection:16, mean_episode_reward:0.0, mean_queue:0.0
intersection:17, mean_episode_reward:0.0, mean_queue:0.0
intersection:18, mean_episode_reward:0.0, mean_queue:0.0
intersection:19, mean_episode_reward:0.0, mean_queue:0.0
intersection:20, mean_episode_reward:0.0, mean_queue:0.0
intersection:21, mean_episode_reward:0.0, mean_queue:0.0
intersection:22, mean_episode_reward:0.0, mean_queue:0.0
intersection:23, mean_episode_reward:0.0, mean_queue:0.0
intersection:24, mean_episode_reward:0.0, mean_queue:0.0
intersection:25, mean_episode_reward:0.0, mean_queue:0.0
intersection:26, mean_episode_reward:0.0, mean_queue:0.0
intersection:27, mean_episode_reward:0.0, mean_queue:0.0
intersection:28, mean_episode_reward:0.0, mean_queue:0.0
intersection:29, mean_episode_reward:0.0, mean_queue:0.0
intersection:30, mean_episode_reward:0.0, mean_queue:0.0
intersection:31, mean_episode_reward:0.0, mean_queue:0.0
Test step:118/200, travel time :187.87465564738292, rewards:-12.263336859809028, queue:0.4400173611111111, delay:0.027041289541456435, throughput:1452
step:3600/3600, q_loss:0.36168551445007324, rewards:-12.36166720920139, queue:0.44375, delay:0.026704806751675077, throughput:1452
episode:119/200, real avg travel time:188.72107438016528
intersection:0, mean_episode_reward:-0.7702779769897461, mean_queue:0.8666666746139526
intersection:1, mean_episode_reward:-0.8661115765571594, mean_queue:1.0111111402511597
intersection:2, mean_episode_reward:-0.8002778887748718, mean_queue:0.9472222328186035
intersection:3, mean_episode_reward:-0.7280555963516235, mean_queue:0.8305555582046509
intersection:4, mean_episode_reward:-0.9338889122009277, mean_queue:1.0555555820465088
intersection:5, mean_episode_reward:-0.7927777767181396, mean_queue:0.9166666865348816
intersection:6, mean_episode_reward:-0.6980556845664978, mean_queue:0.7944444417953491
intersection:7, mean_episode_reward:-0.4297224283218384, mean_queue:0.5333333611488342
intersection:8, mean_episode_reward:-0.8730554580688477, mean_queue:0.9722222089767456
intersection:9, mean_episode_reward:-0.9452776312828064, mean_queue:1.0666667222976685
intersection:10, mean_episode_reward:-0.7675000429153442, mean_queue:0.8666666746139526
intersection:11, mean_episode_reward:-0.8747223019599915, mean_queue:0.9944444298744202
intersection:12, mean_episode_reward:-0.7705557942390442, mean_queue:0.8916666507720947
intersection:13, mean_episode_reward:-0.8427780866622925, mean_queue:0.9611111283302307
intersection:14, mean_episode_reward:-0.6011112332344055, mean_queue:0.7111111283302307
intersection:15, mean_episode_reward:-0.6675001978874207, mean_queue:0.7805555462837219
intersection:16, mean_episode_reward:0.0, mean_queue:0.0
intersection:17, mean_episode_reward:0.0, mean_queue:0.0
intersection:18, mean_episode_reward:0.0, mean_queue:0.0
intersection:19, mean_episode_reward:0.0, mean_queue:0.0
intersection:20, mean_episode_reward:0.0, mean_queue:0.0
intersection:21, mean_episode_reward:0.0, mean_queue:0.0
intersection:22, mean_episode_reward:0.0, mean_queue:0.0
intersection:23, mean_episode_reward:0.0, mean_queue:0.0
intersection:24, mean_episode_reward:0.0, mean_queue:0.0
intersection:25, mean_episode_reward:0.0, mean_queue:0.0
intersection:26, mean_episode_reward:0.0, mean_queue:0.0
intersection:27, mean_episode_reward:0.0, mean_queue:0.0
intersection:28, mean_episode_reward:0.0, mean_queue:0.0
intersection:29, mean_episode_reward:0.0, mean_queue:0.0
intersection:30, mean_episode_reward:0.0, mean_queue:0.0
intersection:31, mean_episode_reward:0.0, mean_queue:0.0
Test step:119/200, travel time :186.63592567102546, rewards:-11.605836317274306, queue:0.42022569444444446, delay:0.026323734389411078, throughput:1453
step:3600/3600, q_loss:0.4025590121746063, rewards:-11.900558810763888, queue:0.4293402777777778, delay:0.026687547895643447, throughput:1450
episode:120/200, real avg travel time:187.32344827586206
intersection:0, mean_episode_reward:-0.8591668605804443, mean_queue:0.9777777791023254
intersection:1, mean_episode_reward:-0.82750004529953, mean_queue:0.9472222328186035
intersection:2, mean_episode_reward:-0.8469443321228027, mean_queue:1.0
intersection:3, mean_episode_reward:-0.6411113739013672, mean_queue:0.7583333253860474
intersection:4, mean_episode_reward:-0.9108334183692932, mean_queue:1.038888931274414
intersection:5, mean_episode_reward:-0.7361112833023071, mean_queue:0.8416666388511658
intersection:6, mean_episode_reward:-0.7513889670372009, mean_queue:0.8666666746139526
intersection:7, mean_episode_reward:-0.49250033497810364, mean_queue:0.5861111283302307
intersection:8, mean_episode_reward:-0.8322225213050842, mean_queue:0.9222221970558167
intersection:9, mean_episode_reward:-0.8747221827507019, mean_queue:1.0111111402511597
intersection:10, mean_episode_reward:-0.8283333778381348, mean_queue:0.9472222328186035
intersection:11, mean_episode_reward:-0.7497227191925049, mean_queue:0.8583333492279053
intersection:12, mean_episode_reward:-0.6444447636604309, mean_queue:0.7527777552604675
intersection:13, mean_episode_reward:-0.7358335852622986, mean_queue:0.8583333492279053
intersection:14, mean_episode_reward:-0.6247222423553467, mean_queue:0.7083333134651184
intersection:15, mean_episode_reward:-0.5450002551078796, mean_queue:0.6638888716697693
intersection:16, mean_episode_reward:0.0, mean_queue:0.0
intersection:17, mean_episode_reward:0.0, mean_queue:0.0
intersection:18, mean_episode_reward:0.0, mean_queue:0.0
intersection:19, mean_episode_reward:0.0, mean_queue:0.0
intersection:20, mean_episode_reward:0.0, mean_queue:0.0
intersection:21, mean_episode_reward:0.0, mean_queue:0.0
intersection:22, mean_episode_reward:0.0, mean_queue:0.0
intersection:23, mean_episode_reward:0.0, mean_queue:0.0
intersection:24, mean_episode_reward:0.0, mean_queue:0.0
intersection:25, mean_episode_reward:0.0, mean_queue:0.0
intersection:26, mean_episode_reward:0.0, mean_queue:0.0
intersection:27, mean_episode_reward:0.0, mean_queue:0.0
intersection:28, mean_episode_reward:0.0, mean_queue:0.0
intersection:29, mean_episode_reward:0.0, mean_queue:0.0
intersection:30, mean_episode_reward:0.0, mean_queue:0.0
intersection:31, mean_episode_reward:0.0, mean_queue:0.0
Test step:120/200, travel time :188.07856650585802, rewards:-11.98555908203125, queue:0.43194444444444446, delay:0.026733758714463977, throughput:1451
step:3600/3600, q_loss:0.3411078453063965, rewards:-11.909168836805556, queue:0.42951388888888886, delay:0.027124253908793132, throughput:1450
episode:121/200, real avg travel time:188.1303448275862
intersection:0, mean_episode_reward:-0.8008334040641785, mean_queue:0.9194444417953491
intersection:1, mean_episode_reward:-0.7744444012641907, mean_queue:0.8805555701255798
intersection:2, mean_episode_reward:-0.9591668844223022, mean_queue:1.0944443941116333
intersection:3, mean_episode_reward:-0.7847222089767456, mean_queue:0.8888888955116272
intersection:4, mean_episode_reward:-0.8888891339302063, mean_queue:1.0166666507720947
intersection:5, mean_episode_reward:-0.699722409248352, mean_queue:0.8027777671813965
intersection:6, mean_episode_reward:-0.6752779483795166, mean_queue:0.7916666865348816
intersection:7, mean_episode_reward:-0.5100001096725464, mean_queue:0.605555534362793
intersection:8, mean_episode_reward:-0.7902780175209045, mean_queue:0.9138888716697693
intersection:9, mean_episode_reward:-0.9330556988716125, mean_queue:1.0666667222976685
intersection:10, mean_episode_reward:-0.7705554366111755, mean_queue:0.8722222447395325
intersection:11, mean_episode_reward:-0.7483335137367249, mean_queue:0.855555534362793
intersection:12, mean_episode_reward:-0.7427778244018555, mean_queue:0.855555534362793
intersection:13, mean_episode_reward:-0.6580556035041809, mean_queue:0.7805555462837219
intersection:14, mean_episode_reward:-0.5650002956390381, mean_queue:0.6694444417953491
intersection:15, mean_episode_reward:-0.6080558896064758, mean_queue:0.730555534362793
intersection:16, mean_episode_reward:0.0, mean_queue:0.0
intersection:17, mean_episode_reward:0.0, mean_queue:0.0
intersection:18, mean_episode_reward:0.0, mean_queue:0.0
intersection:19, mean_episode_reward:0.0, mean_queue:0.0
intersection:20, mean_episode_reward:0.0, mean_queue:0.0
intersection:21, mean_episode_reward:0.0, mean_queue:0.0
intersection:22, mean_episode_reward:0.0, mean_queue:0.0
intersection:23, mean_episode_reward:0.0, mean_queue:0.0
intersection:24, mean_episode_reward:0.0, mean_queue:0.0
intersection:25, mean_episode_reward:0.0, mean_queue:0.0
intersection:26, mean_episode_reward:0.0, mean_queue:0.0
intersection:27, mean_episode_reward:0.0, mean_queue:0.0
intersection:28, mean_episode_reward:0.0, mean_queue:0.0
intersection:29, mean_episode_reward:0.0, mean_queue:0.0
intersection:30, mean_episode_reward:0.0, mean_queue:0.0
intersection:31, mean_episode_reward:0.0, mean_queue:0.0
Test step:121/200, travel time :187.6083964211975, rewards:-11.829169379340279, queue:0.4232638888888889, delay:0.02648773193359375, throughput:1453
step:3600/3600, q_loss:0.3120901882648468, rewards:-11.564168294270834, queue:0.41684027777777777, delay:0.026316870583428277, throughput:1452
episode:122/200, real avg travel time:187.0943526170799
intersection:0, mean_episode_reward:-0.880000114440918, mean_queue:0.9972222447395325
intersection:1, mean_episode_reward:-0.7933332920074463, mean_queue:0.9027777910232544
intersection:2, mean_episode_reward:-0.8425000309944153, mean_queue:0.9694444537162781
intersection:3, mean_episode_reward:-0.650000274181366, mean_queue:0.7888888716697693
intersection:4, mean_episode_reward:-0.9958338141441345, mean_queue:1.1138888597488403
intersection:5, mean_episode_reward:-0.7127779722213745, mean_queue:0.8194444179534912
intersection:6, mean_episode_reward:-0.5863891839981079, mean_queue:0.6944444179534912
intersection:7, mean_episode_reward:-0.47333353757858276, mean_queue:0.5666666626930237
intersection:8, mean_episode_reward:-0.8522223830223083, mean_queue:0.9472222328186035
intersection:9, mean_episode_reward:-0.8224997520446777, mean_queue:0.9388889074325562
intersection:10, mean_episode_reward:-0.7147223353385925, mean_queue:0.8305555582046509
intersection:11, mean_episode_reward:-0.6730557084083557, mean_queue:0.7777777910232544
intersection:12, mean_episode_reward:-0.6505558490753174, mean_queue:0.7638888955116272
intersection:13, mean_episode_reward:-0.7041666507720947, mean_queue:0.8138889074325562
intersection:14, mean_episode_reward:-0.6158335208892822, mean_queue:0.7138888835906982
intersection:15, mean_episode_reward:-0.5969445109367371, mean_queue:0.699999988079071
intersection:16, mean_episode_reward:0.0, mean_queue:0.0
intersection:17, mean_episode_reward:0.0, mean_queue:0.0
intersection:18, mean_episode_reward:0.0, mean_queue:0.0
intersection:19, mean_episode_reward:0.0, mean_queue:0.0
intersection:20, mean_episode_reward:0.0, mean_queue:0.0
intersection:21, mean_episode_reward:0.0, mean_queue:0.0
intersection:22, mean_episode_reward:0.0, mean_queue:0.0
intersection:23, mean_episode_reward:0.0, mean_queue:0.0
intersection:24, mean_episode_reward:0.0, mean_queue:0.0
intersection:25, mean_episode_reward:0.0, mean_queue:0.0
intersection:26, mean_episode_reward:0.0, mean_queue:0.0
intersection:27, mean_episode_reward:0.0, mean_queue:0.0
intersection:28, mean_episode_reward:0.0, mean_queue:0.0
intersection:29, mean_episode_reward:0.0, mean_queue:0.0
intersection:30, mean_episode_reward:0.0, mean_queue:0.0
intersection:31, mean_episode_reward:0.0, mean_queue:0.0
Test step:122/200, travel time :188.36776859504133, rewards:-12.130002170138889, queue:0.43671875, delay:0.026823774973551432, throughput:1452
step:3600/3600, q_loss:0.3295658230781555, rewards:-12.193059624565972, queue:0.43949652777777776, delay:0.027441811561584473, throughput:1450
episode:123/200, real avg travel time:188.2958620689655
intersection:0, mean_episode_reward:-0.9250002503395081, mean_queue:1.0555555820465088
intersection:1, mean_episode_reward:-0.8486112952232361, mean_queue:0.9666666388511658
intersection:2, mean_episode_reward:-0.8861109614372253, mean_queue:1.024999976158142
intersection:3, mean_episode_reward:-0.6225001215934753, mean_queue:0.7444444298744202
intersection:4, mean_episode_reward:-0.9072225093841553, mean_queue:1.0305556058883667
intersection:5, mean_episode_reward:-0.8058335185050964, mean_queue:0.925000011920929
intersection:6, mean_episode_reward:-0.6969447135925293, mean_queue:0.7916666865348816
intersection:7, mean_episode_reward:-0.5030558109283447, mean_queue:0.6222222447395325
intersection:8, mean_episode_reward:-1.0208337306976318, mean_queue:1.1611111164093018
intersection:9, mean_episode_reward:-0.8269444704055786, mean_queue:0.9416666626930237
intersection:10, mean_episode_reward:-0.7266667485237122, mean_queue:0.824999988079071
intersection:11, mean_episode_reward:-0.7397226095199585, mean_queue:0.8722222447395325
intersection:12, mean_episode_reward:-0.7250003218650818, mean_queue:0.8333333134651184
intersection:13, mean_episode_reward:-0.9075002074241638, mean_queue:1.0111111402511597
intersection:14, mean_episode_reward:-0.48944464325904846, mean_queue:0.5916666388511658
intersection:15, mean_episode_reward:-0.5616668462753296, mean_queue:0.6666666865348816
intersection:16, mean_episode_reward:0.0, mean_queue:0.0
intersection:17, mean_episode_reward:0.0, mean_queue:0.0
intersection:18, mean_episode_reward:0.0, mean_queue:0.0
intersection:19, mean_episode_reward:0.0, mean_queue:0.0
intersection:20, mean_episode_reward:0.0, mean_queue:0.0
intersection:21, mean_episode_reward:0.0, mean_queue:0.0
intersection:22, mean_episode_reward:0.0, mean_queue:0.0
intersection:23, mean_episode_reward:0.0, mean_queue:0.0
intersection:24, mean_episode_reward:0.0, mean_queue:0.0
intersection:25, mean_episode_reward:0.0, mean_queue:0.0
intersection:26, mean_episode_reward:0.0, mean_queue:0.0
intersection:27, mean_episode_reward:0.0, mean_queue:0.0
intersection:28, mean_episode_reward:0.0, mean_queue:0.0
intersection:29, mean_episode_reward:0.0, mean_queue:0.0
intersection:30, mean_episode_reward:0.0, mean_queue:0.0
intersection:31, mean_episode_reward:0.0, mean_queue:0.0
Test step:123/200, travel time :186.2129565816678, rewards:-11.324447970920138, queue:0.4098090277777778, delay:0.02607480420006646, throughput:1451
step:3600/3600, q_loss:0.39094194769859314, rewards:-11.913613552517361, queue:0.4318576388888889, delay:0.02702626652187771, throughput:1453
episode:124/200, real avg travel time:187.7660013764625
intersection:0, mean_episode_reward:-0.9775001406669617, mean_queue:1.0972222089767456
intersection:1, mean_episode_reward:-0.822222113609314, mean_queue:0.9555555582046509
intersection:2, mean_episode_reward:-0.9463891983032227, mean_queue:1.0833333730697632
intersection:3, mean_episode_reward:-0.686111330986023, mean_queue:0.7861111164093018
intersection:4, mean_episode_reward:-0.9613892436027527, mean_queue:1.1027777194976807
intersection:5, mean_episode_reward:-0.6444445848464966, mean_queue:0.75
intersection:6, mean_episode_reward:-0.6513890027999878, mean_queue:0.7527777552604675
intersection:7, mean_episode_reward:-0.506666898727417, mean_queue:0.6027777791023254
intersection:8, mean_episode_reward:-0.9950001835823059, mean_queue:1.130555510520935
intersection:9, mean_episode_reward:-0.7922224998474121, mean_queue:0.9333333373069763
intersection:10, mean_episode_reward:-0.7433334589004517, mean_queue:0.8416666388511658
intersection:11, mean_episode_reward:-0.6702781319618225, mean_queue:0.7888888716697693
intersection:12, mean_episode_reward:-0.8055557012557983, mean_queue:0.9055555462837219
intersection:13, mean_episode_reward:-0.6694446206092834, mean_queue:0.8027777671813965
intersection:14, mean_episode_reward:-0.5413892269134521, mean_queue:0.6638888716697693
intersection:15, mean_episode_reward:-0.5002779364585876, mean_queue:0.6222222447395325
intersection:16, mean_episode_reward:0.0, mean_queue:0.0
intersection:17, mean_episode_reward:0.0, mean_queue:0.0
intersection:18, mean_episode_reward:0.0, mean_queue:0.0
intersection:19, mean_episode_reward:0.0, mean_queue:0.0
intersection:20, mean_episode_reward:0.0, mean_queue:0.0
intersection:21, mean_episode_reward:0.0, mean_queue:0.0
intersection:22, mean_episode_reward:0.0, mean_queue:0.0
intersection:23, mean_episode_reward:0.0, mean_queue:0.0
intersection:24, mean_episode_reward:0.0, mean_queue:0.0
intersection:25, mean_episode_reward:0.0, mean_queue:0.0
intersection:26, mean_episode_reward:0.0, mean_queue:0.0
intersection:27, mean_episode_reward:0.0, mean_queue:0.0
intersection:28, mean_episode_reward:0.0, mean_queue:0.0
intersection:29, mean_episode_reward:0.0, mean_queue:0.0
intersection:30, mean_episode_reward:0.0, mean_queue:0.0
intersection:31, mean_episode_reward:0.0, mean_queue:0.0
Test step:124/200, travel time :188.81805651274982, rewards:-12.325282118055556, queue:0.44192708333333336, delay:0.027353186077541777, throughput:1451
step:3600/3600, q_loss:0.39133626222610474, rewards:-11.861112467447917, queue:0.42942708333333335, delay:0.026291577021280925, throughput:1448
episode:125/200, real avg travel time:187.12983425414365
intersection:0, mean_episode_reward:-0.8838890790939331, mean_queue:1.0222222805023193
intersection:1, mean_episode_reward:-0.8055557012557983, mean_queue:0.9277777671813965
intersection:2, mean_episode_reward:-0.8194444179534912, mean_queue:0.9472222328186035
intersection:3, mean_episode_reward:-0.7736111283302307, mean_queue:0.9166666865348816
intersection:4, mean_episode_reward:-0.8150001764297485, mean_queue:0.9361110925674438
intersection:5, mean_episode_reward:-0.7858332991600037, mean_queue:0.8833333253860474
intersection:6, mean_episode_reward:-0.6569444537162781, mean_queue:0.7611111402511597
intersection:7, mean_episode_reward:-0.4933336079120636, mean_queue:0.6027777791023254
intersection:8, mean_episode_reward:-0.8866665959358215, mean_queue:0.9944444298744202
intersection:9, mean_episode_reward:-0.8961113691329956, mean_queue:1.0305556058883667
intersection:10, mean_episode_reward:-0.7350000143051147, mean_queue:0.8444444537162781
intersection:11, mean_episode_reward:-0.7722222805023193, mean_queue:0.8916666507720947
intersection:12, mean_episode_reward:-0.7775001525878906, mean_queue:0.8861111402511597
intersection:13, mean_episode_reward:-0.6775001883506775, mean_queue:0.7972221970558167
intersection:14, mean_episode_reward:-0.48750007152557373, mean_queue:0.6000000238418579
intersection:15, mean_episode_reward:-0.5950002074241638, mean_queue:0.699999988079071
intersection:16, mean_episode_reward:0.0, mean_queue:0.0
intersection:17, mean_episode_reward:0.0, mean_queue:0.0
intersection:18, mean_episode_reward:0.0, mean_queue:0.0
intersection:19, mean_episode_reward:0.0, mean_queue:0.0
intersection:20, mean_episode_reward:0.0, mean_queue:0.0
intersection:21, mean_episode_reward:0.0, mean_queue:0.0
intersection:22, mean_episode_reward:0.0, mean_queue:0.0
intersection:23, mean_episode_reward:0.0, mean_queue:0.0
intersection:24, mean_episode_reward:0.0, mean_queue:0.0
intersection:25, mean_episode_reward:0.0, mean_queue:0.0
intersection:26, mean_episode_reward:0.0, mean_queue:0.0
intersection:27, mean_episode_reward:0.0, mean_queue:0.0
intersection:28, mean_episode_reward:0.0, mean_queue:0.0
intersection:29, mean_episode_reward:0.0, mean_queue:0.0
intersection:30, mean_episode_reward:0.0, mean_queue:0.0
intersection:31, mean_episode_reward:0.0, mean_queue:0.0
Test step:125/200, travel time :187.2710344827586, rewards:-11.728057183159722, queue:0.42213541666666665, delay:0.02626185417175293, throughput:1450
step:3600/3600, q_loss:0.327154278755188, rewards:-11.635835774739583, queue:0.4210069444444444, delay:0.026156489054361978, throughput:1452
episode:126/200, real avg travel time:187.20179063360882
intersection:0, mean_episode_reward:-0.9066673517227173, mean_queue:1.019444465637207
intersection:1, mean_episode_reward:-0.7930557131767273, mean_queue:0.9166666865348816
intersection:2, mean_episode_reward:-0.9038891196250916, mean_queue:1.0277777910232544
intersection:3, mean_episode_reward:-0.6122223138809204, mean_queue:0.730555534362793
intersection:4, mean_episode_reward:-0.8616669774055481, mean_queue:0.980555534362793
intersection:5, mean_episode_reward:-0.6627779006958008, mean_queue:0.7777777910232544
intersection:6, mean_episode_reward:-0.6486114263534546, mean_queue:0.7722222208976746
intersection:7, mean_episode_reward:-0.5119446516036987, mean_queue:0.6083333492279053
intersection:8, mean_episode_reward:-0.8980554938316345, mean_queue:1.005555510520935
intersection:9, mean_episode_reward:-0.7475001811981201, mean_queue:0.8805555701255798
intersection:10, mean_episode_reward:-0.5816667079925537, mean_queue:0.699999988079071
intersection:11, mean_episode_reward:-0.6361111998558044, mean_queue:0.7444444298744202
intersection:12, mean_episode_reward:-0.7791667580604553, mean_queue:0.8888888955116272
intersection:13, mean_episode_reward:-0.7991667985916138, mean_queue:0.9222221970558167
intersection:14, mean_episode_reward:-0.6213887929916382, mean_queue:0.7166666388511658
intersection:15, mean_episode_reward:-0.671944797039032, mean_queue:0.7805555462837219
intersection:16, mean_episode_reward:0.0, mean_queue:0.0
intersection:17, mean_episode_reward:0.0, mean_queue:0.0
intersection:18, mean_episode_reward:0.0, mean_queue:0.0
intersection:19, mean_episode_reward:0.0, mean_queue:0.0
intersection:20, mean_episode_reward:0.0, mean_queue:0.0
intersection:21, mean_episode_reward:0.0, mean_queue:0.0
intersection:22, mean_episode_reward:0.0, mean_queue:0.0
intersection:23, mean_episode_reward:0.0, mean_queue:0.0
intersection:24, mean_episode_reward:0.0, mean_queue:0.0
intersection:25, mean_episode_reward:0.0, mean_queue:0.0
intersection:26, mean_episode_reward:0.0, mean_queue:0.0
intersection:27, mean_episode_reward:0.0, mean_queue:0.0
intersection:28, mean_episode_reward:0.0, mean_queue:0.0
intersection:29, mean_episode_reward:0.0, mean_queue:0.0
intersection:30, mean_episode_reward:0.0, mean_queue:0.0
intersection:31, mean_episode_reward:0.0, mean_queue:0.0
Test step:126/200, travel time :187.7656788421778, rewards:-12.183892144097221, queue:0.4371527777777778, delay:0.02664190928141276, throughput:1451
step:3600/3600, q_loss:0.3497035801410675, rewards:-12.057779947916666, queue:0.4322916666666667, delay:0.02697490586174859, throughput:1452
episode:127/200, real avg travel time:187.99035812672176
intersection:0, mean_episode_reward:-0.7705554366111755, mean_queue:0.8805555701255798
intersection:1, mean_episode_reward:-0.8800002336502075, mean_queue:1.005555510520935
intersection:2, mean_episode_reward:-0.8433334231376648, mean_queue:0.9750000238418579
intersection:3, mean_episode_reward:-0.7055558562278748, mean_queue:0.8166666626930237
intersection:4, mean_episode_reward:-0.9361110925674438, mean_queue:1.0611110925674438
intersection:5, mean_episode_reward:-0.6266669034957886, mean_queue:0.7388888597488403
intersection:6, mean_episode_reward:-0.7036111354827881, mean_queue:0.8083333373069763
intersection:7, mean_episode_reward:-0.5855557918548584, mean_queue:0.6833333373069763
intersection:8, mean_episode_reward:-0.9738889336585999, mean_queue:1.0694444179534912
intersection:9, mean_episode_reward:-0.850833535194397, mean_queue:0.9722222089767456
intersection:10, mean_episode_reward:-0.7744445204734802, mean_queue:0.8694444298744202
intersection:11, mean_episode_reward:-0.7544446587562561, mean_queue:0.8833333253860474
intersection:12, mean_episode_reward:-0.6916669011116028, mean_queue:0.7833333611488342
intersection:13, mean_episode_reward:-0.7961114645004272, mean_queue:0.9166666865348816
intersection:14, mean_episode_reward:-0.5838892459869385, mean_queue:0.6833333373069763
intersection:15, mean_episode_reward:-0.5811115503311157, mean_queue:0.6861110925674438
intersection:16, mean_episode_reward:0.0, mean_queue:0.0
intersection:17, mean_episode_reward:0.0, mean_queue:0.0
intersection:18, mean_episode_reward:0.0, mean_queue:0.0
intersection:19, mean_episode_reward:0.0, mean_queue:0.0
intersection:20, mean_episode_reward:0.0, mean_queue:0.0
intersection:21, mean_episode_reward:0.0, mean_queue:0.0
intersection:22, mean_episode_reward:0.0, mean_queue:0.0
intersection:23, mean_episode_reward:0.0, mean_queue:0.0
intersection:24, mean_episode_reward:0.0, mean_queue:0.0
intersection:25, mean_episode_reward:0.0, mean_queue:0.0
intersection:26, mean_episode_reward:0.0, mean_queue:0.0
intersection:27, mean_episode_reward:0.0, mean_queue:0.0
intersection:28, mean_episode_reward:0.0, mean_queue:0.0
intersection:29, mean_episode_reward:0.0, mean_queue:0.0
intersection:30, mean_episode_reward:0.0, mean_queue:0.0
intersection:31, mean_episode_reward:0.0, mean_queue:0.0
Test step:127/200, travel time :187.95310344827587, rewards:-11.972226291232639, queue:0.4314236111111111, delay:0.026916127734714083, throughput:1450
step:3600/3600, q_loss:0.3639395833015442, rewards:-11.85361328125, queue:0.42508680555555556, delay:0.02601036760542128, throughput:1453
episode:128/200, real avg travel time:187.54576737783896
intersection:0, mean_episode_reward:-0.9094445109367371, mean_queue:1.0138888359069824
intersection:1, mean_episode_reward:-0.9247225522994995, mean_queue:1.0361111164093018
intersection:2, mean_episode_reward:-0.8613891005516052, mean_queue:0.9750000238418579
intersection:3, mean_episode_reward:-0.5522222518920898, mean_queue:0.6666666865348816
intersection:4, mean_episode_reward:-0.872222363948822, mean_queue:0.9916666746139526
intersection:5, mean_episode_reward:-0.6605557203292847, mean_queue:0.7583333253860474
intersection:6, mean_episode_reward:-0.699722409248352, mean_queue:0.800000011920929
intersection:7, mean_episode_reward:-0.4894446134567261, mean_queue:0.5833333134651184
intersection:8, mean_episode_reward:-0.8344443440437317, mean_queue:0.9472222328186035
intersection:9, mean_episode_reward:-0.8750002384185791, mean_queue:0.9888888597488403
intersection:10, mean_episode_reward:-0.7827778458595276, mean_queue:0.875
intersection:11, mean_episode_reward:-0.8419448733329773, mean_queue:0.9888888597488403
intersection:12, mean_episode_reward:-0.7152780294418335, mean_queue:0.8222222328186035
intersection:13, mean_episode_reward:-0.7038891315460205, mean_queue:0.8166666626930237
intersection:14, mean_episode_reward:-0.565833330154419, mean_queue:0.6638888716697693
intersection:15, mean_episode_reward:-0.5647224187850952, mean_queue:0.675000011920929
intersection:16, mean_episode_reward:0.0, mean_queue:0.0
intersection:17, mean_episode_reward:0.0, mean_queue:0.0
intersection:18, mean_episode_reward:0.0, mean_queue:0.0
intersection:19, mean_episode_reward:0.0, mean_queue:0.0
intersection:20, mean_episode_reward:0.0, mean_queue:0.0
intersection:21, mean_episode_reward:0.0, mean_queue:0.0
intersection:22, mean_episode_reward:0.0, mean_queue:0.0
intersection:23, mean_episode_reward:0.0, mean_queue:0.0
intersection:24, mean_episode_reward:0.0, mean_queue:0.0
intersection:25, mean_episode_reward:0.0, mean_queue:0.0
intersection:26, mean_episode_reward:0.0, mean_queue:0.0
intersection:27, mean_episode_reward:0.0, mean_queue:0.0
intersection:28, mean_episode_reward:0.0, mean_queue:0.0
intersection:29, mean_episode_reward:0.0, mean_queue:0.0
intersection:30, mean_episode_reward:0.0, mean_queue:0.0
intersection:31, mean_episode_reward:0.0, mean_queue:0.0
Test step:128/200, travel time :188.12336319779462, rewards:-11.897224934895833, queue:0.4317708333333333, delay:0.02712263266245524, throughput:1451
step:3600/3600, q_loss:0.29598861932754517, rewards:-11.897502983940972, queue:0.4290798611111111, delay:0.0269392278459337, throughput:1451
episode:129/200, real avg travel time:187.9510682288077
intersection:0, mean_episode_reward:-0.9386115074157715, mean_queue:1.0611110925674438
intersection:1, mean_episode_reward:-0.8075001835823059, mean_queue:0.9222221970558167
intersection:2, mean_episode_reward:-0.9227781295776367, mean_queue:1.0472222566604614
intersection:3, mean_episode_reward:-0.72138911485672, mean_queue:0.8472222089767456
intersection:4, mean_episode_reward:-1.0080556869506836, mean_queue:1.1361111402511597
intersection:5, mean_episode_reward:-0.6305557489395142, mean_queue:0.7444444298744202
intersection:6, mean_episode_reward:-0.6116666793823242, mean_queue:0.7055555582046509
intersection:7, mean_episode_reward:-0.45527809858322144, mean_queue:0.5527777671813965
intersection:8, mean_episode_reward:-0.9858330488204956, mean_queue:1.1111111640930176
intersection:9, mean_episode_reward:-0.7833335995674133, mean_queue:0.8861111402511597
intersection:10, mean_episode_reward:-0.7700002193450928, mean_queue:0.8916666507720947
intersection:11, mean_episode_reward:-0.6519445776939392, mean_queue:0.769444465637207
intersection:12, mean_episode_reward:-0.7991668581962585, mean_queue:0.9138888716697693
intersection:13, mean_episode_reward:-0.7433334589004517, mean_queue:0.8583333492279053
intersection:14, mean_episode_reward:-0.5288889408111572, mean_queue:0.6305555701255798
intersection:15, mean_episode_reward:-0.5391668677330017, mean_queue:0.6527777910232544
intersection:16, mean_episode_reward:0.0, mean_queue:0.0
intersection:17, mean_episode_reward:0.0, mean_queue:0.0
intersection:18, mean_episode_reward:0.0, mean_queue:0.0
intersection:19, mean_episode_reward:0.0, mean_queue:0.0
intersection:20, mean_episode_reward:0.0, mean_queue:0.0
intersection:21, mean_episode_reward:0.0, mean_queue:0.0
intersection:22, mean_episode_reward:0.0, mean_queue:0.0
intersection:23, mean_episode_reward:0.0, mean_queue:0.0
intersection:24, mean_episode_reward:0.0, mean_queue:0.0
intersection:25, mean_episode_reward:0.0, mean_queue:0.0
intersection:26, mean_episode_reward:0.0, mean_queue:0.0
intersection:27, mean_episode_reward:0.0, mean_queue:0.0
intersection:28, mean_episode_reward:0.0, mean_queue:0.0
intersection:29, mean_episode_reward:0.0, mean_queue:0.0
intersection:30, mean_episode_reward:0.0, mean_queue:0.0
intersection:31, mean_episode_reward:0.0, mean_queue:0.0
Test step:129/200, travel time :188.4252239834597, rewards:-12.183336046006945, queue:0.43732638888888886, delay:0.02771435843573676, throughput:1451
step:3600/3600, q_loss:0.31878429651260376, rewards:-11.828614637586806, queue:0.425, delay:0.0262454350789388, throughput:1452
episode:130/200, real avg travel time:187.6046831955923
intersection:0, mean_episode_reward:-0.9147224426269531, mean_queue:1.0361111164093018
intersection:1, mean_episode_reward:-0.7380556464195251, mean_queue:0.8388888835906982
intersection:2, mean_episode_reward:-0.9247223138809204, mean_queue:1.0472222566604614
intersection:3, mean_episode_reward:-0.5730558037757874, mean_queue:0.6805555820465088
intersection:4, mean_episode_reward:-0.9191669821739197, mean_queue:1.0277777910232544
intersection:5, mean_episode_reward:-0.7244446873664856, mean_queue:0.8138889074325562
intersection:6, mean_episode_reward:-0.6291669011116028, mean_queue:0.7416666746139526
intersection:7, mean_episode_reward:-0.4341667592525482, mean_queue:0.5222222208976746
intersection:8, mean_episode_reward:-0.9936113357543945, mean_queue:1.105555534362793
intersection:9, mean_episode_reward:-0.8830558657646179, mean_queue:1.019444465637207
intersection:10, mean_episode_reward:-0.8097223043441772, mean_queue:0.8972222208976746
intersection:11, mean_episode_reward:-0.6680558919906616, mean_queue:0.7777777910232544
intersection:12, mean_episode_reward:-0.693333625793457, mean_queue:0.8194444179534912
intersection:13, mean_episode_reward:-0.7561113834381104, mean_queue:0.8833333253860474
intersection:14, mean_episode_reward:-0.6372224688529968, mean_queue:0.7416666746139526
intersection:15, mean_episode_reward:-0.5300002098083496, mean_queue:0.6472222208976746
intersection:16, mean_episode_reward:0.0, mean_queue:0.0
intersection:17, mean_episode_reward:0.0, mean_queue:0.0
intersection:18, mean_episode_reward:0.0, mean_queue:0.0
intersection:19, mean_episode_reward:0.0, mean_queue:0.0
intersection:20, mean_episode_reward:0.0, mean_queue:0.0
intersection:21, mean_episode_reward:0.0, mean_queue:0.0
intersection:22, mean_episode_reward:0.0, mean_queue:0.0
intersection:23, mean_episode_reward:0.0, mean_queue:0.0
intersection:24, mean_episode_reward:0.0, mean_queue:0.0
intersection:25, mean_episode_reward:0.0, mean_queue:0.0
intersection:26, mean_episode_reward:0.0, mean_queue:0.0
intersection:27, mean_episode_reward:0.0, mean_queue:0.0
intersection:28, mean_episode_reward:0.0, mean_queue:0.0
intersection:29, mean_episode_reward:0.0, mean_queue:0.0
intersection:30, mean_episode_reward:0.0, mean_queue:0.0
intersection:31, mean_episode_reward:0.0, mean_queue:0.0
Test step:130/200, travel time :187.29834254143645, rewards:-11.728058539496528, queue:0.4224826388888889, delay:0.026345401340060765, throughput:1448
step:3600/3600, q_loss:0.34851962327957153, rewards:-12.366392686631944, queue:0.4447048611111111, delay:0.027789992756313747, throughput:1450
episode:131/200, real avg travel time:189.18758620689655
intersection:0, mean_episode_reward:-0.8011115193367004, mean_queue:0.9194444417953491
intersection:1, mean_episode_reward:-1.0286113023757935, mean_queue:1.1527777910232544
intersection:2, mean_episode_reward:-0.9586114883422852, mean_queue:1.100000023841858
intersection:3, mean_episode_reward:-0.6038891077041626, mean_queue:0.7333333492279053
intersection:4, mean_episode_reward:-0.9122223854064941, mean_queue:1.0333333015441895
intersection:5, mean_episode_reward:-0.734722375869751, mean_queue:0.8500000238418579
intersection:6, mean_episode_reward:-0.7383337020874023, mean_queue:0.8527777791023254
intersection:7, mean_episode_reward:-0.568333625793457, mean_queue:0.6611111164093018
intersection:8, mean_episode_reward:-0.9102779030799866, mean_queue:1.0333333015441895
intersection:9, mean_episode_reward:-0.8747224807739258, mean_queue:1.0
intersection:10, mean_episode_reward:-0.8397226333618164, mean_queue:0.9361110925674438
intersection:11, mean_episode_reward:-0.6277778744697571, mean_queue:0.7444444298744202
intersection:12, mean_episode_reward:-0.7261113524436951, mean_queue:0.8444444537162781
intersection:13, mean_episode_reward:-0.8008336424827576, mean_queue:0.9222221970558167
intersection:14, mean_episode_reward:-0.6758337020874023, mean_queue:0.7722222208976746
intersection:15, mean_episode_reward:-0.5652779936790466, mean_queue:0.675000011920929
intersection:16, mean_episode_reward:0.0, mean_queue:0.0
intersection:17, mean_episode_reward:0.0, mean_queue:0.0
intersection:18, mean_episode_reward:0.0, mean_queue:0.0
intersection:19, mean_episode_reward:0.0, mean_queue:0.0
intersection:20, mean_episode_reward:0.0, mean_queue:0.0
intersection:21, mean_episode_reward:0.0, mean_queue:0.0
intersection:22, mean_episode_reward:0.0, mean_queue:0.0
intersection:23, mean_episode_reward:0.0, mean_queue:0.0
intersection:24, mean_episode_reward:0.0, mean_queue:0.0
intersection:25, mean_episode_reward:0.0, mean_queue:0.0
intersection:26, mean_episode_reward:0.0, mean_queue:0.0
intersection:27, mean_episode_reward:0.0, mean_queue:0.0
intersection:28, mean_episode_reward:0.0, mean_queue:0.0
intersection:29, mean_episode_reward:0.0, mean_queue:0.0
intersection:30, mean_episode_reward:0.0, mean_queue:0.0
intersection:31, mean_episode_reward:0.0, mean_queue:0.0
Test step:131/200, travel time :189.21019986216402, rewards:-12.688336859809027, queue:0.45286458333333335, delay:0.02693287531534831, throughput:1451
step:3600/3600, q_loss:0.33853909373283386, rewards:-11.981669108072916, queue:0.4327256944444444, delay:0.027292871475219728, throughput:1452
episode:132/200, real avg travel time:188.15633608815426
intersection:0, mean_episode_reward:-0.9388891458511353, mean_queue:1.0527777671813965
intersection:1, mean_episode_reward:-0.8380560278892517, mean_queue:0.9416666626930237
intersection:2, mean_episode_reward:-0.9622225165367126, mean_queue:1.0888888835906982
intersection:3, mean_episode_reward:-0.6405555605888367, mean_queue:0.7583333253860474
intersection:4, mean_episode_reward:-0.9902780055999756, mean_queue:1.119444489479065
intersection:5, mean_episode_reward:-0.644444465637207, mean_queue:0.7527777552604675
intersection:6, mean_episode_reward:-0.5397223830223083, mean_queue:0.6555555462837219
intersection:7, mean_episode_reward:-0.4797225892543793, mean_queue:0.5722222328186035
intersection:8, mean_episode_reward:-0.9175000786781311, mean_queue:1.0472222566604614
intersection:9, mean_episode_reward:-0.7924999594688416, mean_queue:0.9194444417953491
intersection:10, mean_episode_reward:-0.6702778339385986, mean_queue:0.7833333611488342
intersection:11, mean_episode_reward:-0.7619447708129883, mean_queue:0.8805555701255798
intersection:12, mean_episode_reward:-0.7180556654930115, mean_queue:0.8277778029441833
intersection:13, mean_episode_reward:-0.8730556964874268, mean_queue:1.0138888359069824
intersection:14, mean_episode_reward:-0.5763890147209167, mean_queue:0.6833333373069763
intersection:15, mean_episode_reward:-0.638055682182312, mean_queue:0.75
intersection:16, mean_episode_reward:0.0, mean_queue:0.0
intersection:17, mean_episode_reward:0.0, mean_queue:0.0
intersection:18, mean_episode_reward:0.0, mean_queue:0.0
intersection:19, mean_episode_reward:0.0, mean_queue:0.0
intersection:20, mean_episode_reward:0.0, mean_queue:0.0
intersection:21, mean_episode_reward:0.0, mean_queue:0.0
intersection:22, mean_episode_reward:0.0, mean_queue:0.0
intersection:23, mean_episode_reward:0.0, mean_queue:0.0
intersection:24, mean_episode_reward:0.0, mean_queue:0.0
intersection:25, mean_episode_reward:0.0, mean_queue:0.0
intersection:26, mean_episode_reward:0.0, mean_queue:0.0
intersection:27, mean_episode_reward:0.0, mean_queue:0.0
intersection:28, mean_episode_reward:0.0, mean_queue:0.0
intersection:29, mean_episode_reward:0.0, mean_queue:0.0
intersection:30, mean_episode_reward:0.0, mean_queue:0.0
intersection:31, mean_episode_reward:0.0, mean_queue:0.0
Test step:132/200, travel time :187.5223983459683, rewards:-12.000279405381944, queue:0.4327256944444444, delay:0.02642464107937283, throughput:1451
step:3600/3600, q_loss:0.3697350323200226, rewards:-11.422224934895834, queue:0.4128472222222222, delay:0.026020484500461155, throughput:1450
episode:133/200, real avg travel time:186.7848275862069
intersection:0, mean_episode_reward:-0.7991670370101929, mean_queue:0.9277777671813965
intersection:1, mean_episode_reward:-0.8147224187850952, mean_queue:0.9222221970558167
intersection:2, mean_episode_reward:-0.8077780604362488, mean_queue:0.9416666626930237
intersection:3, mean_episode_reward:-0.5972223281860352, mean_queue:0.7055555582046509
intersection:4, mean_episode_reward:-0.8591670393943787, mean_queue:0.980555534362793
intersection:5, mean_episode_reward:-0.6511111855506897, mean_queue:0.7611111402511597
intersection:6, mean_episode_reward:-0.6650000214576721, mean_queue:0.769444465637207
intersection:7, mean_episode_reward:-0.5180556178092957, mean_queue:0.6277777552604675
intersection:8, mean_episode_reward:-0.8869444131851196, mean_queue:0.9972222447395325
intersection:9, mean_episode_reward:-0.9441670179367065, mean_queue:1.0722222328186035
intersection:10, mean_episode_reward:-0.6058334112167358, mean_queue:0.6972222328186035
intersection:11, mean_episode_reward:-0.7247224450111389, mean_queue:0.8527777791023254
intersection:12, mean_episode_reward:-0.6444447636604309, mean_queue:0.7527777552604675
intersection:13, mean_episode_reward:-0.6797223091125488, mean_queue:0.7833333611488342
intersection:14, mean_episode_reward:-0.6377779245376587, mean_queue:0.7361111044883728
intersection:15, mean_episode_reward:-0.5863889455795288, mean_queue:0.6833333373069763
intersection:16, mean_episode_reward:0.0, mean_queue:0.0
intersection:17, mean_episode_reward:0.0, mean_queue:0.0
intersection:18, mean_episode_reward:0.0, mean_queue:0.0
intersection:19, mean_episode_reward:0.0, mean_queue:0.0
intersection:20, mean_episode_reward:0.0, mean_queue:0.0
intersection:21, mean_episode_reward:0.0, mean_queue:0.0
intersection:22, mean_episode_reward:0.0, mean_queue:0.0
intersection:23, mean_episode_reward:0.0, mean_queue:0.0
intersection:24, mean_episode_reward:0.0, mean_queue:0.0
intersection:25, mean_episode_reward:0.0, mean_queue:0.0
intersection:26, mean_episode_reward:0.0, mean_queue:0.0
intersection:27, mean_episode_reward:0.0, mean_queue:0.0
intersection:28, mean_episode_reward:0.0, mean_queue:0.0
intersection:29, mean_episode_reward:0.0, mean_queue:0.0
intersection:30, mean_episode_reward:0.0, mean_queue:0.0
intersection:31, mean_episode_reward:0.0, mean_queue:0.0
Test step:133/200, travel time :186.65840220385675, rewards:-11.301947699652779, queue:0.4114583333333333, delay:0.025872098075018987, throughput:1452
step:3600/3600, q_loss:0.3483056426048279, rewards:-12.425835503472221, queue:0.44557291666666665, delay:0.027331929736667208, throughput:1450
episode:134/200, real avg travel time:189.32413793103447
intersection:0, mean_episode_reward:-0.8377782106399536, mean_queue:0.9361110925674438
intersection:1, mean_episode_reward:-0.7630555629730225, mean_queue:0.8833333253860474
intersection:2, mean_episode_reward:-0.9233335852622986, mean_queue:1.0611110925674438
intersection:3, mean_episode_reward:-0.7180556654930115, mean_queue:0.8416666388511658
intersection:4, mean_episode_reward:-0.9527778625488281, mean_queue:1.0777777433395386
intersection:5, mean_episode_reward:-0.7027778029441833, mean_queue:0.8111110925674438
intersection:6, mean_episode_reward:-0.6688889861106873, mean_queue:0.7638888955116272
intersection:7, mean_episode_reward:-0.493889182806015, mean_queue:0.5972222089767456
intersection:8, mean_episode_reward:-1.171110987663269, mean_queue:1.274999976158142
intersection:9, mean_episode_reward:-0.8636114597320557, mean_queue:1.005555510520935
intersection:10, mean_episode_reward:-0.6405553817749023, mean_queue:0.7472222447395325
intersection:11, mean_episode_reward:-0.7119446396827698, mean_queue:0.8222222328186035
intersection:12, mean_episode_reward:-0.7427778244018555, mean_queue:0.8527777791023254
intersection:13, mean_episode_reward:-0.9266668558120728, mean_queue:1.0555555820465088
intersection:14, mean_episode_reward:-0.6936113834381104, mean_queue:0.824999988079071
intersection:15, mean_episode_reward:-0.615000307559967, mean_queue:0.7027778029441833
intersection:16, mean_episode_reward:0.0, mean_queue:0.0
intersection:17, mean_episode_reward:0.0, mean_queue:0.0
intersection:18, mean_episode_reward:0.0, mean_queue:0.0
intersection:19, mean_episode_reward:0.0, mean_queue:0.0
intersection:20, mean_episode_reward:0.0, mean_queue:0.0
intersection:21, mean_episode_reward:0.0, mean_queue:0.0
intersection:22, mean_episode_reward:0.0, mean_queue:0.0
intersection:23, mean_episode_reward:0.0, mean_queue:0.0
intersection:24, mean_episode_reward:0.0, mean_queue:0.0
intersection:25, mean_episode_reward:0.0, mean_queue:0.0
intersection:26, mean_episode_reward:0.0, mean_queue:0.0
intersection:27, mean_episode_reward:0.0, mean_queue:0.0
intersection:28, mean_episode_reward:0.0, mean_queue:0.0
intersection:29, mean_episode_reward:0.0, mean_queue:0.0
intersection:30, mean_episode_reward:0.0, mean_queue:0.0
intersection:31, mean_episode_reward:0.0, mean_queue:0.0
Test step:134/200, travel time :186.63980716253442, rewards:-11.6013916015625, queue:0.4205729166666667, delay:0.026017480426364474, throughput:1452
step:3600/3600, q_loss:0.3677498400211334, rewards:-11.776114908854167, queue:0.4267361111111111, delay:0.026973573366800944, throughput:1452
episode:135/200, real avg travel time:187.28443526170798
intersection:0, mean_episode_reward:-0.8150001764297485, mean_queue:0.9277777671813965
intersection:1, mean_episode_reward:-0.8408336043357849, mean_queue:0.9638888835906982
intersection:2, mean_episode_reward:-0.8594446182250977, mean_queue:1.0138888359069824
intersection:3, mean_episode_reward:-0.6586114168167114, mean_queue:0.769444465637207
intersection:4, mean_episode_reward:-0.9169447422027588, mean_queue:1.0472222566604614
intersection:5, mean_episode_reward:-0.7127780318260193, mean_queue:0.8333333134651184
intersection:6, mean_episode_reward:-0.64222252368927, mean_queue:0.7583333253860474
intersection:7, mean_episode_reward:-0.46388909220695496, mean_queue:0.574999988079071
intersection:8, mean_episode_reward:-0.8575003147125244, mean_queue:0.9833333492279053
intersection:9, mean_episode_reward:-0.9080556035041809, mean_queue:1.0527777671813965
intersection:10, mean_episode_reward:-0.7224999070167542, mean_queue:0.8222222328186035
intersection:11, mean_episode_reward:-0.7838889956474304, mean_queue:0.875
intersection:12, mean_episode_reward:-0.7336114048957825, mean_queue:0.8444444537162781
intersection:13, mean_episode_reward:-0.7147222757339478, mean_queue:0.8416666388511658
intersection:14, mean_episode_reward:-0.5780557990074158, mean_queue:0.6888889074325562
intersection:15, mean_episode_reward:-0.5680558681488037, mean_queue:0.6583333611488342
intersection:16, mean_episode_reward:0.0, mean_queue:0.0
intersection:17, mean_episode_reward:0.0, mean_queue:0.0
intersection:18, mean_episode_reward:0.0, mean_queue:0.0
intersection:19, mean_episode_reward:0.0, mean_queue:0.0
intersection:20, mean_episode_reward:0.0, mean_queue:0.0
intersection:21, mean_episode_reward:0.0, mean_queue:0.0
intersection:22, mean_episode_reward:0.0, mean_queue:0.0
intersection:23, mean_episode_reward:0.0, mean_queue:0.0
intersection:24, mean_episode_reward:0.0, mean_queue:0.0
intersection:25, mean_episode_reward:0.0, mean_queue:0.0
intersection:26, mean_episode_reward:0.0, mean_queue:0.0
intersection:27, mean_episode_reward:0.0, mean_queue:0.0
intersection:28, mean_episode_reward:0.0, mean_queue:0.0
intersection:29, mean_episode_reward:0.0, mean_queue:0.0
intersection:30, mean_episode_reward:0.0, mean_queue:0.0
intersection:31, mean_episode_reward:0.0, mean_queue:0.0
Test step:135/200, travel time :188.20426409903715, rewards:-11.973891872829862, queue:0.43168402777777776, delay:0.02785265710618761, throughput:1454
step:3600/3600, q_loss:0.3638211488723755, rewards:-11.554447428385417, queue:0.41788194444444443, delay:0.02643411954243978, throughput:1455
episode:136/200, real avg travel time:187.14364261168384
intersection:0, mean_episode_reward:-0.8138893246650696, mean_queue:0.9472222328186035
intersection:1, mean_episode_reward:-0.830833375453949, mean_queue:0.9555555582046509
intersection:2, mean_episode_reward:-0.8613889813423157, mean_queue:0.9944444298744202
intersection:3, mean_episode_reward:-0.5302780866622925, mean_queue:0.6333333253860474
intersection:4, mean_episode_reward:-0.7527777552604675, mean_queue:0.8694444298744202
intersection:5, mean_episode_reward:-0.7894449830055237, mean_queue:0.9027777910232544
intersection:6, mean_episode_reward:-0.6777780055999756, mean_queue:0.7888888716697693
intersection:7, mean_episode_reward:-0.48527780175209045, mean_queue:0.5916666388511658
intersection:8, mean_episode_reward:-0.9700003862380981, mean_queue:1.086111068725586
intersection:9, mean_episode_reward:-0.8719444870948792, mean_queue:0.9916666746139526
intersection:10, mean_episode_reward:-0.7302777767181396, mean_queue:0.8333333134651184
intersection:11, mean_episode_reward:-0.756666898727417, mean_queue:0.8611111044883728
intersection:12, mean_episode_reward:-0.7238889932632446, mean_queue:0.8277778029441833
intersection:13, mean_episode_reward:-0.6222223043441772, mean_queue:0.7388888597488403
intersection:14, mean_episode_reward:-0.5991668701171875, mean_queue:0.7055555582046509
intersection:15, mean_episode_reward:-0.5386114120483398, mean_queue:0.644444465637207
intersection:16, mean_episode_reward:0.0, mean_queue:0.0
intersection:17, mean_episode_reward:0.0, mean_queue:0.0
intersection:18, mean_episode_reward:0.0, mean_queue:0.0
intersection:19, mean_episode_reward:0.0, mean_queue:0.0
intersection:20, mean_episode_reward:0.0, mean_queue:0.0
intersection:21, mean_episode_reward:0.0, mean_queue:0.0
intersection:22, mean_episode_reward:0.0, mean_queue:0.0
intersection:23, mean_episode_reward:0.0, mean_queue:0.0
intersection:24, mean_episode_reward:0.0, mean_queue:0.0
intersection:25, mean_episode_reward:0.0, mean_queue:0.0
intersection:26, mean_episode_reward:0.0, mean_queue:0.0
intersection:27, mean_episode_reward:0.0, mean_queue:0.0
intersection:28, mean_episode_reward:0.0, mean_queue:0.0
intersection:29, mean_episode_reward:0.0, mean_queue:0.0
intersection:30, mean_episode_reward:0.0, mean_queue:0.0
intersection:31, mean_episode_reward:0.0, mean_queue:0.0
Test step:136/200, travel time :189.23586206896553, rewards:-12.338335503472223, queue:0.4410590277777778, delay:0.02748237715827094, throughput:1450
step:3600/3600, q_loss:0.3632235527038574, rewards:-11.96139187282986, queue:0.4310763888888889, delay:0.026321903864542643, throughput:1452
episode:137/200, real avg travel time:187.418044077135
intersection:0, mean_episode_reward:-0.7955558896064758, mean_queue:0.8888888955116272
intersection:1, mean_episode_reward:-0.895833432674408, mean_queue:1.0111111402511597
intersection:2, mean_episode_reward:-0.9475003480911255, mean_queue:1.0805555582046509
intersection:3, mean_episode_reward:-0.6472225785255432, mean_queue:0.7805555462837219
intersection:4, mean_episode_reward:-0.8938893675804138, mean_queue:1.0222222805023193
intersection:5, mean_episode_reward:-0.7311112284660339, mean_queue:0.8472222089767456
intersection:6, mean_episode_reward:-0.6475001573562622, mean_queue:0.769444465637207
intersection:7, mean_episode_reward:-0.5288892388343811, mean_queue:0.6361111402511597
intersection:8, mean_episode_reward:-0.8622219562530518, mean_queue:0.9722222089767456
intersection:9, mean_episode_reward:-0.832777738571167, mean_queue:0.9472222328186035
intersection:10, mean_episode_reward:-0.7463889122009277, mean_queue:0.8472222089767456
intersection:11, mean_episode_reward:-0.7630557417869568, mean_queue:0.875
intersection:12, mean_episode_reward:-0.7458337545394897, mean_queue:0.855555534362793
intersection:13, mean_episode_reward:-0.7388889789581299, mean_queue:0.8583333492279053
intersection:14, mean_episode_reward:-0.6527779698371887, mean_queue:0.7666666507720947
intersection:15, mean_episode_reward:-0.5319445729255676, mean_queue:0.6361111402511597
intersection:16, mean_episode_reward:0.0, mean_queue:0.0
intersection:17, mean_episode_reward:0.0, mean_queue:0.0
intersection:18, mean_episode_reward:0.0, mean_queue:0.0
intersection:19, mean_episode_reward:0.0, mean_queue:0.0
intersection:20, mean_episode_reward:0.0, mean_queue:0.0
intersection:21, mean_episode_reward:0.0, mean_queue:0.0
intersection:22, mean_episode_reward:0.0, mean_queue:0.0
intersection:23, mean_episode_reward:0.0, mean_queue:0.0
intersection:24, mean_episode_reward:0.0, mean_queue:0.0
intersection:25, mean_episode_reward:0.0, mean_queue:0.0
intersection:26, mean_episode_reward:0.0, mean_queue:0.0
intersection:27, mean_episode_reward:0.0, mean_queue:0.0
intersection:28, mean_episode_reward:0.0, mean_queue:0.0
intersection:29, mean_episode_reward:0.0, mean_queue:0.0
intersection:30, mean_episode_reward:0.0, mean_queue:0.0
intersection:31, mean_episode_reward:0.0, mean_queue:0.0
Test step:137/200, travel time :188.58596973865198, rewards:-12.179725477430555, queue:0.4361979166666667, delay:0.027022960450914173, throughput:1454
step:3600/3600, q_loss:0.33775535225868225, rewards:-11.520836046006945, queue:0.4157986111111111, delay:0.026478597852918836, throughput:1454
episode:138/200, real avg travel time:187.0515818431912
intersection:0, mean_episode_reward:-0.801666796207428, mean_queue:0.9111111164093018
intersection:1, mean_episode_reward:-0.8000002503395081, mean_queue:0.9055555462837219
intersection:2, mean_episode_reward:-0.8905557990074158, mean_queue:1.0027778148651123
intersection:3, mean_episode_reward:-0.5758336186408997, mean_queue:0.6972222328186035
intersection:4, mean_episode_reward:-0.981389045715332, mean_queue:1.1138888597488403
intersection:5, mean_episode_reward:-0.6430556178092957, mean_queue:0.75
intersection:6, mean_episode_reward:-0.6105558276176453, mean_queue:0.7138888835906982
intersection:7, mean_episode_reward:-0.4488890469074249, mean_queue:0.5444444417953491
intersection:8, mean_episode_reward:-0.8983332514762878, mean_queue:1.005555510520935
intersection:9, mean_episode_reward:-0.7400001287460327, mean_queue:0.8666666746139526
intersection:10, mean_episode_reward:-0.7672224044799805, mean_queue:0.8722222447395325
intersection:11, mean_episode_reward:-0.7186112403869629, mean_queue:0.8277778029441833
intersection:12, mean_episode_reward:-0.6852779984474182, mean_queue:0.7888888716697693
intersection:13, mean_episode_reward:-0.7666667699813843, mean_queue:0.8805555701255798
intersection:14, mean_episode_reward:-0.5933336615562439, mean_queue:0.7083333134651184
intersection:15, mean_episode_reward:-0.5994446873664856, mean_queue:0.7166666388511658
intersection:16, mean_episode_reward:0.0, mean_queue:0.0
intersection:17, mean_episode_reward:0.0, mean_queue:0.0
intersection:18, mean_episode_reward:0.0, mean_queue:0.0
intersection:19, mean_episode_reward:0.0, mean_queue:0.0
intersection:20, mean_episode_reward:0.0, mean_queue:0.0
intersection:21, mean_episode_reward:0.0, mean_queue:0.0
intersection:22, mean_episode_reward:0.0, mean_queue:0.0
intersection:23, mean_episode_reward:0.0, mean_queue:0.0
intersection:24, mean_episode_reward:0.0, mean_queue:0.0
intersection:25, mean_episode_reward:0.0, mean_queue:0.0
intersection:26, mean_episode_reward:0.0, mean_queue:0.0
intersection:27, mean_episode_reward:0.0, mean_queue:0.0
intersection:28, mean_episode_reward:0.0, mean_queue:0.0
intersection:29, mean_episode_reward:0.0, mean_queue:0.0
intersection:30, mean_episode_reward:0.0, mean_queue:0.0
intersection:31, mean_episode_reward:0.0, mean_queue:0.0
Test step:138/200, travel time :187.97935306262903, rewards:-11.836669921875, queue:0.42595486111111114, delay:0.026597409778171117, throughput:1453
step:3600/3600, q_loss:0.3764435648918152, rewards:-11.8219482421875, queue:0.42769097222222224, delay:0.026808418167961968, throughput:1452
episode:139/200, real avg travel time:187.7486225895317
intersection:0, mean_episode_reward:-0.9105558395385742, mean_queue:1.0361111164093018
intersection:1, mean_episode_reward:-0.7777778506278992, mean_queue:0.8972222208976746
intersection:2, mean_episode_reward:-0.8050002455711365, mean_queue:0.9083333611488342
intersection:3, mean_episode_reward:-0.6555559039115906, mean_queue:0.7777777910232544
intersection:4, mean_episode_reward:-0.905278205871582, mean_queue:1.024999976158142
intersection:5, mean_episode_reward:-0.6344443559646606, mean_queue:0.7444444298744202
intersection:6, mean_episode_reward:-0.670278012752533, mean_queue:0.7611111402511597
intersection:7, mean_episode_reward:-0.41555556654930115, mean_queue:0.5249999761581421
intersection:8, mean_episode_reward:-1.0038890838623047, mean_queue:1.0972222089767456
intersection:9, mean_episode_reward:-0.8463891744613647, mean_queue:0.9666666388511658
intersection:10, mean_episode_reward:-0.8613889813423157, mean_queue:1.005555510520935
intersection:11, mean_episode_reward:-0.7400001287460327, mean_queue:0.8638888597488403
intersection:12, mean_episode_reward:-0.7350000739097595, mean_queue:0.8722222447395325
intersection:13, mean_episode_reward:-0.6844444870948792, mean_queue:0.800000011920929
intersection:14, mean_episode_reward:-0.6372223496437073, mean_queue:0.7722222208976746
intersection:15, mean_episode_reward:-0.5391669869422913, mean_queue:0.6333333253860474
intersection:16, mean_episode_reward:0.0, mean_queue:0.0
intersection:17, mean_episode_reward:0.0, mean_queue:0.0
intersection:18, mean_episode_reward:0.0, mean_queue:0.0
intersection:19, mean_episode_reward:0.0, mean_queue:0.0
intersection:20, mean_episode_reward:0.0, mean_queue:0.0
intersection:21, mean_episode_reward:0.0, mean_queue:0.0
intersection:22, mean_episode_reward:0.0, mean_queue:0.0
intersection:23, mean_episode_reward:0.0, mean_queue:0.0
intersection:24, mean_episode_reward:0.0, mean_queue:0.0
intersection:25, mean_episode_reward:0.0, mean_queue:0.0
intersection:26, mean_episode_reward:0.0, mean_queue:0.0
intersection:27, mean_episode_reward:0.0, mean_queue:0.0
intersection:28, mean_episode_reward:0.0, mean_queue:0.0
intersection:29, mean_episode_reward:0.0, mean_queue:0.0
intersection:30, mean_episode_reward:0.0, mean_queue:0.0
intersection:31, mean_episode_reward:0.0, mean_queue:0.0
Test step:139/200, travel time :189.22520661157026, rewards:-12.326392957899305, queue:0.4401909722222222, delay:0.026735586590237087, throughput:1452
step:3600/3600, q_loss:0.3547503650188446, rewards:-11.974724663628471, queue:0.4310763888888889, delay:0.026188087463378907, throughput:1452
episode:140/200, real avg travel time:188.01859504132233
intersection:0, mean_episode_reward:-0.8647224307060242, mean_queue:0.9944444298744202
intersection:1, mean_episode_reward:-0.8527778387069702, mean_queue:0.9777777791023254
intersection:2, mean_episode_reward:-0.8302777409553528, mean_queue:0.9750000238418579
intersection:3, mean_episode_reward:-0.6577780246734619, mean_queue:0.75
intersection:4, mean_episode_reward:-0.8277778029441833, mean_queue:0.9694444537162781
intersection:5, mean_episode_reward:-0.7177779078483582, mean_queue:0.8138889074325562
intersection:6, mean_episode_reward:-0.7808337807655334, mean_queue:0.8833333253860474
intersection:7, mean_episode_reward:-0.5275000929832458, mean_queue:0.6222222447395325
intersection:8, mean_episode_reward:-0.9652778506278992, mean_queue:1.0805555582046509
intersection:9, mean_episode_reward:-0.7850000858306885, mean_queue:0.8999999761581421
intersection:10, mean_episode_reward:-0.7611110210418701, mean_queue:0.8666666746139526
intersection:11, mean_episode_reward:-0.7575002312660217, mean_queue:0.8611111044883728
intersection:12, mean_episode_reward:-0.6280559301376343, mean_queue:0.7444444298744202
intersection:13, mean_episode_reward:-0.6644445061683655, mean_queue:0.7666666507720947
intersection:14, mean_episode_reward:-0.6933335065841675, mean_queue:0.8138889074325562
intersection:15, mean_episode_reward:-0.660555899143219, mean_queue:0.7749999761581421
intersection:16, mean_episode_reward:0.0, mean_queue:0.0
intersection:17, mean_episode_reward:0.0, mean_queue:0.0
intersection:18, mean_episode_reward:0.0, mean_queue:0.0
intersection:19, mean_episode_reward:0.0, mean_queue:0.0
intersection:20, mean_episode_reward:0.0, mean_queue:0.0
intersection:21, mean_episode_reward:0.0, mean_queue:0.0
intersection:22, mean_episode_reward:0.0, mean_queue:0.0
intersection:23, mean_episode_reward:0.0, mean_queue:0.0
intersection:24, mean_episode_reward:0.0, mean_queue:0.0
intersection:25, mean_episode_reward:0.0, mean_queue:0.0
intersection:26, mean_episode_reward:0.0, mean_queue:0.0
intersection:27, mean_episode_reward:0.0, mean_queue:0.0
intersection:28, mean_episode_reward:0.0, mean_queue:0.0
intersection:29, mean_episode_reward:0.0, mean_queue:0.0
intersection:30, mean_episode_reward:0.0, mean_queue:0.0
intersection:31, mean_episode_reward:0.0, mean_queue:0.0
Test step:140/200, travel time :187.48068965517243, rewards:-11.698057725694444, queue:0.42109375, delay:0.026067606608072915, throughput:1450
step:3600/3600, q_loss:0.3113881051540375, rewards:-12.110835774739583, queue:0.4365451388888889, delay:0.027215358946058484, throughput:1450
episode:141/200, real avg travel time:188.52758620689656
intersection:0, mean_episode_reward:-0.8308334946632385, mean_queue:0.9416666626930237
intersection:1, mean_episode_reward:-0.9322224259376526, mean_queue:1.0638889074325562
intersection:2, mean_episode_reward:-0.8466668128967285, mean_queue:0.9777777791023254
intersection:3, mean_episode_reward:-0.6288890242576599, mean_queue:0.7444444298744202
intersection:4, mean_episode_reward:-0.9413890242576599, mean_queue:1.0916666984558105
intersection:5, mean_episode_reward:-0.7255558371543884, mean_queue:0.8388888835906982
intersection:6, mean_episode_reward:-0.6211113929748535, mean_queue:0.75
intersection:7, mean_episode_reward:-0.507500171661377, mean_queue:0.6138888597488403
intersection:8, mean_episode_reward:-1.004722237586975, mean_queue:1.1277778148651123
intersection:9, mean_episode_reward:-0.7744444012641907, mean_queue:0.8805555701255798
intersection:10, mean_episode_reward:-0.7097219824790955, mean_queue:0.8083333373069763
intersection:11, mean_episode_reward:-0.7647225260734558, mean_queue:0.875
intersection:12, mean_episode_reward:-0.7233335971832275, mean_queue:0.8166666626930237
intersection:13, mean_episode_reward:-0.8811113834381104, mean_queue:1.0083333253860474
intersection:14, mean_episode_reward:-0.5933334827423096, mean_queue:0.7055555582046509
intersection:15, mean_episode_reward:-0.6252779364585876, mean_queue:0.7250000238418579
intersection:16, mean_episode_reward:0.0, mean_queue:0.0
intersection:17, mean_episode_reward:0.0, mean_queue:0.0
intersection:18, mean_episode_reward:0.0, mean_queue:0.0
intersection:19, mean_episode_reward:0.0, mean_queue:0.0
intersection:20, mean_episode_reward:0.0, mean_queue:0.0
intersection:21, mean_episode_reward:0.0, mean_queue:0.0
intersection:22, mean_episode_reward:0.0, mean_queue:0.0
intersection:23, mean_episode_reward:0.0, mean_queue:0.0
intersection:24, mean_episode_reward:0.0, mean_queue:0.0
intersection:25, mean_episode_reward:0.0, mean_queue:0.0
intersection:26, mean_episode_reward:0.0, mean_queue:0.0
intersection:27, mean_episode_reward:0.0, mean_queue:0.0
intersection:28, mean_episode_reward:0.0, mean_queue:0.0
intersection:29, mean_episode_reward:0.0, mean_queue:0.0
intersection:30, mean_episode_reward:0.0, mean_queue:0.0
intersection:31, mean_episode_reward:0.0, mean_queue:0.0
Test step:141/200, travel time :186.42581090407177, rewards:-11.360835774739583, queue:0.4105902777777778, delay:0.025460820727878145, throughput:1449
step:3600/3600, q_loss:0.35715433955192566, rewards:-12.31611328125, queue:0.4420138888888889, delay:0.02661769125196669, throughput:1453
episode:142/200, real avg travel time:188.41637990364762
intersection:0, mean_episode_reward:-0.8005560040473938, mean_queue:0.9138888716697693
intersection:1, mean_episode_reward:-0.8238888382911682, mean_queue:0.9416666626930237
intersection:2, mean_episode_reward:-0.9641668796539307, mean_queue:1.0722222328186035
intersection:3, mean_episode_reward:-0.6513890624046326, mean_queue:0.7527777552604675
intersection:4, mean_episode_reward:-0.9461110234260559, mean_queue:1.086111068725586
intersection:5, mean_episode_reward:-0.7411113381385803, mean_queue:0.8472222089767456
intersection:6, mean_episode_reward:-0.6844445466995239, mean_queue:0.8027777671813965
intersection:7, mean_episode_reward:-0.4902779161930084, mean_queue:0.6000000238418579
intersection:8, mean_episode_reward:-0.9586111903190613, mean_queue:1.100000023841858
intersection:9, mean_episode_reward:-0.7738890051841736, mean_queue:0.8916666507720947
intersection:10, mean_episode_reward:-0.7777777910232544, mean_queue:0.8805555701255798
intersection:11, mean_episode_reward:-0.8472223281860352, mean_queue:0.9666666388511658
intersection:12, mean_episode_reward:-0.863889217376709, mean_queue:0.9750000238418579
intersection:13, mean_episode_reward:-0.7680555582046509, mean_queue:0.8805555701255798
intersection:14, mean_episode_reward:-0.6100001931190491, mean_queue:0.7166666388511658
intersection:15, mean_episode_reward:-0.614722490310669, mean_queue:0.7166666388511658
intersection:16, mean_episode_reward:0.0, mean_queue:0.0
intersection:17, mean_episode_reward:0.0, mean_queue:0.0
intersection:18, mean_episode_reward:0.0, mean_queue:0.0
intersection:19, mean_episode_reward:0.0, mean_queue:0.0
intersection:20, mean_episode_reward:0.0, mean_queue:0.0
intersection:21, mean_episode_reward:0.0, mean_queue:0.0
intersection:22, mean_episode_reward:0.0, mean_queue:0.0
intersection:23, mean_episode_reward:0.0, mean_queue:0.0
intersection:24, mean_episode_reward:0.0, mean_queue:0.0
intersection:25, mean_episode_reward:0.0, mean_queue:0.0
intersection:26, mean_episode_reward:0.0, mean_queue:0.0
intersection:27, mean_episode_reward:0.0, mean_queue:0.0
intersection:28, mean_episode_reward:0.0, mean_queue:0.0
intersection:29, mean_episode_reward:0.0, mean_queue:0.0
intersection:30, mean_episode_reward:0.0, mean_queue:0.0
intersection:31, mean_episode_reward:0.0, mean_queue:0.0
Test step:142/200, travel time :188.4297520661157, rewards:-12.171670193142361, queue:0.43671875, delay:0.02674266497294108, throughput:1452
step:3600/3600, q_loss:0.3227904438972473, rewards:-12.587502712673611, queue:0.44904513888888886, delay:0.02699398464626736, throughput:1454
episode:143/200, real avg travel time:189.08596973865198
intersection:0, mean_episode_reward:-0.9605558514595032, mean_queue:1.0694444179534912
intersection:1, mean_episode_reward:-0.9061114192008972, mean_queue:1.024999976158142
intersection:2, mean_episode_reward:-0.9177781939506531, mean_queue:1.038888931274414
intersection:3, mean_episode_reward:-0.6922226548194885, mean_queue:0.8027777671813965
intersection:4, mean_episode_reward:-0.9772222638130188, mean_queue:1.0750000476837158
intersection:5, mean_episode_reward:-0.7802780866622925, mean_queue:0.9055555462837219
intersection:6, mean_episode_reward:-0.6197223663330078, mean_queue:0.7333333492279053
intersection:7, mean_episode_reward:-0.4894445240497589, mean_queue:0.5777778029441833
intersection:8, mean_episode_reward:-0.9686110615730286, mean_queue:1.0694444179534912
intersection:9, mean_episode_reward:-0.8194441795349121, mean_queue:0.9416666626930237
intersection:10, mean_episode_reward:-0.6605556011199951, mean_queue:0.7527777552604675
intersection:11, mean_episode_reward:-0.7705557942390442, mean_queue:0.8861111402511597
intersection:12, mean_episode_reward:-0.8875002264976501, mean_queue:1.005555510520935
intersection:13, mean_episode_reward:-0.8094446063041687, mean_queue:0.9472222328186035
intersection:14, mean_episode_reward:-0.6663891077041626, mean_queue:0.7638888955116272
intersection:15, mean_episode_reward:-0.6616669297218323, mean_queue:0.7749999761581421
intersection:16, mean_episode_reward:0.0, mean_queue:0.0
intersection:17, mean_episode_reward:0.0, mean_queue:0.0
intersection:18, mean_episode_reward:0.0, mean_queue:0.0
intersection:19, mean_episode_reward:0.0, mean_queue:0.0
intersection:20, mean_episode_reward:0.0, mean_queue:0.0
intersection:21, mean_episode_reward:0.0, mean_queue:0.0
intersection:22, mean_episode_reward:0.0, mean_queue:0.0
intersection:23, mean_episode_reward:0.0, mean_queue:0.0
intersection:24, mean_episode_reward:0.0, mean_queue:0.0
intersection:25, mean_episode_reward:0.0, mean_queue:0.0
intersection:26, mean_episode_reward:0.0, mean_queue:0.0
intersection:27, mean_episode_reward:0.0, mean_queue:0.0
intersection:28, mean_episode_reward:0.0, mean_queue:0.0
intersection:29, mean_episode_reward:0.0, mean_queue:0.0
intersection:30, mean_episode_reward:0.0, mean_queue:0.0
intersection:31, mean_episode_reward:0.0, mean_queue:0.0
Test step:143/200, travel time :188.18801652892563, rewards:-12.076112196180556, queue:0.4318576388888889, delay:0.026942544513278537, throughput:1452
step:3600/3600, q_loss:0.31765216588974, rewards:-11.800002712673612, queue:0.42725694444444445, delay:0.026962608761257594, throughput:1455
episode:144/200, real avg travel time:187.4680412371134
intersection:0, mean_episode_reward:-0.8850002884864807, mean_queue:1.0333333015441895
intersection:1, mean_episode_reward:-0.8830556273460388, mean_queue:1.0
intersection:2, mean_episode_reward:-0.8886112570762634, mean_queue:1.0305556058883667
intersection:3, mean_episode_reward:-0.6966667771339417, mean_queue:0.800000011920929
intersection:4, mean_episode_reward:-0.9969448447227478, mean_queue:1.1166666746139526
intersection:5, mean_episode_reward:-0.6569446325302124, mean_queue:0.7833333611488342
intersection:6, mean_episode_reward:-0.5319446921348572, mean_queue:0.6361111402511597
intersection:7, mean_episode_reward:-0.49000024795532227, mean_queue:0.5833333134651184
intersection:8, mean_episode_reward:-0.9652782082557678, mean_queue:1.0972222089767456
intersection:9, mean_episode_reward:-0.7872222661972046, mean_queue:0.9166666865348816
intersection:10, mean_episode_reward:-0.7141665816307068, mean_queue:0.8055555820465088
intersection:11, mean_episode_reward:-0.7100003361701965, mean_queue:0.8083333373069763
intersection:12, mean_episode_reward:-0.7675001621246338, mean_queue:0.8861111402511597
intersection:13, mean_episode_reward:-0.6283335089683533, mean_queue:0.75
intersection:14, mean_episode_reward:-0.6091668009757996, mean_queue:0.7138888835906982
intersection:15, mean_episode_reward:-0.5891669988632202, mean_queue:0.7111111283302307
intersection:16, mean_episode_reward:0.0, mean_queue:0.0
intersection:17, mean_episode_reward:0.0, mean_queue:0.0
intersection:18, mean_episode_reward:0.0, mean_queue:0.0
intersection:19, mean_episode_reward:0.0, mean_queue:0.0
intersection:20, mean_episode_reward:0.0, mean_queue:0.0
intersection:21, mean_episode_reward:0.0, mean_queue:0.0
intersection:22, mean_episode_reward:0.0, mean_queue:0.0
intersection:23, mean_episode_reward:0.0, mean_queue:0.0
intersection:24, mean_episode_reward:0.0, mean_queue:0.0
intersection:25, mean_episode_reward:0.0, mean_queue:0.0
intersection:26, mean_episode_reward:0.0, mean_queue:0.0
intersection:27, mean_episode_reward:0.0, mean_queue:0.0
intersection:28, mean_episode_reward:0.0, mean_queue:0.0
intersection:29, mean_episode_reward:0.0, mean_queue:0.0
intersection:30, mean_episode_reward:0.0, mean_queue:0.0
intersection:31, mean_episode_reward:0.0, mean_queue:0.0
Test step:144/200, travel time :188.01240523776707, rewards:-12.115280490451388, queue:0.43376736111111114, delay:0.026897414525349935, throughput:1451
step:3600/3600, q_loss:0.3561997413635254, rewards:-11.960557725694445, queue:0.4271701388888889, delay:0.026150533888075086, throughput:1454
episode:145/200, real avg travel time:187.7200825309491
intersection:0, mean_episode_reward:-0.7844445705413818, mean_queue:0.9055555462837219
intersection:1, mean_episode_reward:-0.8694445490837097, mean_queue:0.9944444298744202
intersection:2, mean_episode_reward:-0.9322220683097839, mean_queue:1.0527777671813965
intersection:3, mean_episode_reward:-0.880833625793457, mean_queue:0.9722222089767456
intersection:4, mean_episode_reward:-0.7827778458595276, mean_queue:0.8999999761581421
intersection:5, mean_episode_reward:-0.6816668510437012, mean_queue:0.7888888716697693
intersection:6, mean_episode_reward:-0.6491668820381165, mean_queue:0.7722222208976746
intersection:7, mean_episode_reward:-0.5297224521636963, mean_queue:0.6083333492279053
intersection:8, mean_episode_reward:-0.9744441509246826, mean_queue:1.0722222328186035
intersection:9, mean_episode_reward:-0.8411113023757935, mean_queue:0.9583333134651184
intersection:10, mean_episode_reward:-0.6941666007041931, mean_queue:0.769444465637207
intersection:11, mean_episode_reward:-0.7030556797981262, mean_queue:0.8166666626930237
intersection:12, mean_episode_reward:-0.7052778601646423, mean_queue:0.8138889074325562
intersection:13, mean_episode_reward:-0.6625000238418579, mean_queue:0.7833333611488342
intersection:14, mean_episode_reward:-0.6313892602920532, mean_queue:0.7333333492279053
intersection:15, mean_episode_reward:-0.6383334398269653, mean_queue:0.7277777791023254
intersection:16, mean_episode_reward:0.0, mean_queue:0.0
intersection:17, mean_episode_reward:0.0, mean_queue:0.0
intersection:18, mean_episode_reward:0.0, mean_queue:0.0
intersection:19, mean_episode_reward:0.0, mean_queue:0.0
intersection:20, mean_episode_reward:0.0, mean_queue:0.0
intersection:21, mean_episode_reward:0.0, mean_queue:0.0
intersection:22, mean_episode_reward:0.0, mean_queue:0.0
intersection:23, mean_episode_reward:0.0, mean_queue:0.0
intersection:24, mean_episode_reward:0.0, mean_queue:0.0
intersection:25, mean_episode_reward:0.0, mean_queue:0.0
intersection:26, mean_episode_reward:0.0, mean_queue:0.0
intersection:27, mean_episode_reward:0.0, mean_queue:0.0
intersection:28, mean_episode_reward:0.0, mean_queue:0.0
intersection:29, mean_episode_reward:0.0, mean_queue:0.0
intersection:30, mean_episode_reward:0.0, mean_queue:0.0
intersection:31, mean_episode_reward:0.0, mean_queue:0.0
Test step:145/200, travel time :188.06813489332416, rewards:-12.303058539496528, queue:0.4405381944444444, delay:0.02698787318335639, throughput:1453
step:3600/3600, q_loss:0.3192458152770996, rewards:-12.070003255208333, queue:0.43428819444444444, delay:0.026638354195488823, throughput:1453
episode:146/200, real avg travel time:188.00757054370268
intersection:0, mean_episode_reward:-0.7966670393943787, mean_queue:0.9027777910232544
intersection:1, mean_episode_reward:-0.8736109137535095, mean_queue:0.980555534362793
intersection:2, mean_episode_reward:-0.974444568157196, mean_queue:1.1083333492279053
intersection:3, mean_episode_reward:-0.6050001978874207, mean_queue:0.7222222089767456
intersection:4, mean_episode_reward:-0.8311113119125366, mean_queue:0.9611111283302307
intersection:5, mean_episode_reward:-0.5786113142967224, mean_queue:0.7027778029441833
intersection:6, mean_episode_reward:-0.6919444799423218, mean_queue:0.7944444417953491
intersection:7, mean_episode_reward:-0.5802778601646423, mean_queue:0.6861110925674438
intersection:8, mean_episode_reward:-0.9530553817749023, mean_queue:1.0638889074325562
intersection:9, mean_episode_reward:-0.8616669774055481, mean_queue:0.980555534362793
intersection:10, mean_episode_reward:-0.714722216129303, mean_queue:0.8222222328186035
intersection:11, mean_episode_reward:-0.8038890361785889, mean_queue:0.925000011920929
intersection:12, mean_episode_reward:-0.7572224736213684, mean_queue:0.855555534362793
intersection:13, mean_episode_reward:-0.778055727481842, mean_queue:0.8999999761581421
intersection:14, mean_episode_reward:-0.6419445872306824, mean_queue:0.7444444298744202
intersection:15, mean_episode_reward:-0.6277779936790466, mean_queue:0.7472222447395325
intersection:16, mean_episode_reward:0.0, mean_queue:0.0
intersection:17, mean_episode_reward:0.0, mean_queue:0.0
intersection:18, mean_episode_reward:0.0, mean_queue:0.0
intersection:19, mean_episode_reward:0.0, mean_queue:0.0
intersection:20, mean_episode_reward:0.0, mean_queue:0.0
intersection:21, mean_episode_reward:0.0, mean_queue:0.0
intersection:22, mean_episode_reward:0.0, mean_queue:0.0
intersection:23, mean_episode_reward:0.0, mean_queue:0.0
intersection:24, mean_episode_reward:0.0, mean_queue:0.0
intersection:25, mean_episode_reward:0.0, mean_queue:0.0
intersection:26, mean_episode_reward:0.0, mean_queue:0.0
intersection:27, mean_episode_reward:0.0, mean_queue:0.0
intersection:28, mean_episode_reward:0.0, mean_queue:0.0
intersection:29, mean_episode_reward:0.0, mean_queue:0.0
intersection:30, mean_episode_reward:0.0, mean_queue:0.0
intersection:31, mean_episode_reward:0.0, mean_queue:0.0
Test step:146/200, travel time :189.0089470061941, rewards:-12.488335503472221, queue:0.4465277777777778, delay:0.027424338128831653, throughput:1453
step:3600/3600, q_loss:0.32595568895339966, rewards:-11.996392144097221, queue:0.43194444444444446, delay:0.026828977796766493, throughput:1450
episode:147/200, real avg travel time:188.01241379310346
intersection:0, mean_episode_reward:-0.8602778315544128, mean_queue:0.9833333492279053
intersection:1, mean_episode_reward:-0.9674999713897705, mean_queue:1.086111068725586
intersection:2, mean_episode_reward:-0.9511114954948425, mean_queue:1.0583332777023315
intersection:3, mean_episode_reward:-0.5872223973274231, mean_queue:0.6972222328186035
intersection:4, mean_episode_reward:-0.8944447636604309, mean_queue:1.0333333015441895
intersection:5, mean_episode_reward:-0.6977778673171997, mean_queue:0.800000011920929
intersection:6, mean_episode_reward:-0.5855556726455688, mean_queue:0.6944444179534912
intersection:7, mean_episode_reward:-0.4875001609325409, mean_queue:0.5777778029441833
intersection:8, mean_episode_reward:-0.9936109781265259, mean_queue:1.1111111640930176
intersection:9, mean_episode_reward:-0.9700002670288086, mean_queue:1.0888888835906982
intersection:10, mean_episode_reward:-0.7038888335227966, mean_queue:0.8083333373069763
intersection:11, mean_episode_reward:-0.6913891434669495, mean_queue:0.8027777671813965
intersection:12, mean_episode_reward:-0.7088890671730042, mean_queue:0.8194444179534912
intersection:13, mean_episode_reward:-0.7700002193450928, mean_queue:0.9055555462837219
intersection:14, mean_episode_reward:-0.6030557751655579, mean_queue:0.7138888835906982
intersection:15, mean_episode_reward:-0.5241668820381165, mean_queue:0.6416666507720947
intersection:16, mean_episode_reward:0.0, mean_queue:0.0
intersection:17, mean_episode_reward:0.0, mean_queue:0.0
intersection:18, mean_episode_reward:0.0, mean_queue:0.0
intersection:19, mean_episode_reward:0.0, mean_queue:0.0
intersection:20, mean_episode_reward:0.0, mean_queue:0.0
intersection:21, mean_episode_reward:0.0, mean_queue:0.0
intersection:22, mean_episode_reward:0.0, mean_queue:0.0
intersection:23, mean_episode_reward:0.0, mean_queue:0.0
intersection:24, mean_episode_reward:0.0, mean_queue:0.0
intersection:25, mean_episode_reward:0.0, mean_queue:0.0
intersection:26, mean_episode_reward:0.0, mean_queue:0.0
intersection:27, mean_episode_reward:0.0, mean_queue:0.0
intersection:28, mean_episode_reward:0.0, mean_queue:0.0
intersection:29, mean_episode_reward:0.0, mean_queue:0.0
intersection:30, mean_episode_reward:0.0, mean_queue:0.0
intersection:31, mean_episode_reward:0.0, mean_queue:0.0
Test step:147/200, travel time :188.0841379310345, rewards:-12.291670735677084, queue:0.440625, delay:0.02680805524190267, throughput:1450
step:3600/3600, q_loss:0.335928350687027, rewards:-11.95472412109375, queue:0.43125, delay:0.027051851484510635, throughput:1453
episode:148/200, real avg travel time:187.5244322092223
intersection:0, mean_episode_reward:-0.8894445896148682, mean_queue:1.0277777910232544
intersection:1, mean_episode_reward:-0.8361110091209412, mean_queue:0.9444444179534912
intersection:2, mean_episode_reward:-1.0866665840148926, mean_queue:1.2333333492279053
intersection:3, mean_episode_reward:-0.6961112022399902, mean_queue:0.8277778029441833
intersection:4, mean_episode_reward:-0.9936113953590393, mean_queue:1.1138888597488403
intersection:5, mean_episode_reward:-0.7386113405227661, mean_queue:0.8500000238418579
intersection:6, mean_episode_reward:-0.7130557298660278, mean_queue:0.8277778029441833
intersection:7, mean_episode_reward:-0.4722224473953247, mean_queue:0.5694444179534912
intersection:8, mean_episode_reward:-0.8838890194892883, mean_queue:0.9888888597488403
intersection:9, mean_episode_reward:-0.7966666221618652, mean_queue:0.9111111164093018
intersection:10, mean_episode_reward:-0.6933333277702332, mean_queue:0.8055555820465088
intersection:11, mean_episode_reward:-0.6083335876464844, mean_queue:0.7194444537162781
intersection:12, mean_episode_reward:-0.6961112022399902, mean_queue:0.7944444417953491
intersection:13, mean_episode_reward:-0.7744445204734802, mean_queue:0.8972222208976746
intersection:14, mean_episode_reward:-0.5755558013916016, mean_queue:0.6944444179534912
intersection:15, mean_episode_reward:-0.5005558729171753, mean_queue:0.5944444537162781
intersection:16, mean_episode_reward:0.0, mean_queue:0.0
intersection:17, mean_episode_reward:0.0, mean_queue:0.0
intersection:18, mean_episode_reward:0.0, mean_queue:0.0
intersection:19, mean_episode_reward:0.0, mean_queue:0.0
intersection:20, mean_episode_reward:0.0, mean_queue:0.0
intersection:21, mean_episode_reward:0.0, mean_queue:0.0
intersection:22, mean_episode_reward:0.0, mean_queue:0.0
intersection:23, mean_episode_reward:0.0, mean_queue:0.0
intersection:24, mean_episode_reward:0.0, mean_queue:0.0
intersection:25, mean_episode_reward:0.0, mean_queue:0.0
intersection:26, mean_episode_reward:0.0, mean_queue:0.0
intersection:27, mean_episode_reward:0.0, mean_queue:0.0
intersection:28, mean_episode_reward:0.0, mean_queue:0.0
intersection:29, mean_episode_reward:0.0, mean_queue:0.0
intersection:30, mean_episode_reward:0.0, mean_queue:0.0
intersection:31, mean_episode_reward:0.0, mean_queue:0.0
Test step:148/200, travel time :188.69241379310344, rewards:-11.915280490451389, queue:0.42725694444444445, delay:0.027400981055365668, throughput:1450
step:3600/3600, q_loss:0.30923712253570557, rewards:-12.6558349609375, queue:0.4558159722222222, delay:0.027192338307698568, throughput:1454
episode:149/200, real avg travel time:189.31361760660246
intersection:0, mean_episode_reward:-0.8250001668930054, mean_queue:0.949999988079071
intersection:1, mean_episode_reward:-0.8016668558120728, mean_queue:0.9222221970558167
intersection:2, mean_episode_reward:-0.9088891744613647, mean_queue:1.0555555820465088
intersection:3, mean_episode_reward:-0.6066668033599854, mean_queue:0.7333333492279053
intersection:4, mean_episode_reward:-0.9508333802223206, mean_queue:1.0750000476837158
intersection:5, mean_episode_reward:-0.7461112141609192, mean_queue:0.8694444298744202
intersection:6, mean_episode_reward:-0.8675002455711365, mean_queue:0.9888888597488403
intersection:7, mean_episode_reward:-0.5775003433227539, mean_queue:0.6722221970558167
intersection:8, mean_episode_reward:-1.0066667795181274, mean_queue:1.1333333253860474
intersection:9, mean_episode_reward:-1.0102778673171997, mean_queue:1.1472222805023193
intersection:10, mean_episode_reward:-0.7963888645172119, mean_queue:0.9111111164093018
intersection:11, mean_episode_reward:-0.7383332848548889, mean_queue:0.8388888835906982
intersection:12, mean_episode_reward:-0.8138891458511353, mean_queue:0.9388889074325562
intersection:13, mean_episode_reward:-0.7522225379943848, mean_queue:0.8888888955116272
intersection:14, mean_episode_reward:-0.6013891696929932, mean_queue:0.7027778029441833
intersection:15, mean_episode_reward:-0.6525002121925354, mean_queue:0.7583333253860474
intersection:16, mean_episode_reward:0.0, mean_queue:0.0
intersection:17, mean_episode_reward:0.0, mean_queue:0.0
intersection:18, mean_episode_reward:0.0, mean_queue:0.0
intersection:19, mean_episode_reward:0.0, mean_queue:0.0
intersection:20, mean_episode_reward:0.0, mean_queue:0.0
intersection:21, mean_episode_reward:0.0, mean_queue:0.0
intersection:22, mean_episode_reward:0.0, mean_queue:0.0
intersection:23, mean_episode_reward:0.0, mean_queue:0.0
intersection:24, mean_episode_reward:0.0, mean_queue:0.0
intersection:25, mean_episode_reward:0.0, mean_queue:0.0
intersection:26, mean_episode_reward:0.0, mean_queue:0.0
intersection:27, mean_episode_reward:0.0, mean_queue:0.0
intersection:28, mean_episode_reward:0.0, mean_queue:0.0
intersection:29, mean_episode_reward:0.0, mean_queue:0.0
intersection:30, mean_episode_reward:0.0, mean_queue:0.0
intersection:31, mean_episode_reward:0.0, mean_queue:0.0
Test step:149/200, travel time :186.3289745354439, rewards:-11.349447970920139, queue:0.41163194444444445, delay:0.025614685482449003, throughput:1453
step:3600/3600, q_loss:0.3322145640850067, rewards:-12.11278076171875, queue:0.43680555555555556, delay:0.026957649654812284, throughput:1455
episode:150/200, real avg travel time:188.0831615120275
intersection:0, mean_episode_reward:-0.7680559158325195, mean_queue:0.875
intersection:1, mean_episode_reward:-0.9405555129051208, mean_queue:1.0638889074325562
intersection:2, mean_episode_reward:-0.9363890886306763, mean_queue:1.0666667222976685
intersection:3, mean_episode_reward:-0.6636109948158264, mean_queue:0.7666666507720947
intersection:4, mean_episode_reward:-0.8655558228492737, mean_queue:0.9972222447395325
intersection:5, mean_episode_reward:-0.7166668176651001, mean_queue:0.8472222089767456
intersection:6, mean_episode_reward:-0.6597223281860352, mean_queue:0.769444465637207
intersection:7, mean_episode_reward:-0.48055577278137207, mean_queue:0.5666666626930237
intersection:8, mean_episode_reward:-0.9419445395469666, mean_queue:1.0638889074325562
intersection:9, mean_episode_reward:-0.8227776288986206, mean_queue:0.9333333373069763
intersection:10, mean_episode_reward:-0.73333340883255, mean_queue:0.8388888835906982
intersection:11, mean_episode_reward:-0.6569448113441467, mean_queue:0.7861111164093018
intersection:12, mean_episode_reward:-0.8091669678688049, mean_queue:0.9222221970558167
intersection:13, mean_episode_reward:-0.7691670656204224, mean_queue:0.9083333611488342
intersection:14, mean_episode_reward:-0.6158335208892822, mean_queue:0.7416666746139526
intersection:15, mean_episode_reward:-0.7325003147125244, mean_queue:0.8305555582046509
intersection:16, mean_episode_reward:0.0, mean_queue:0.0
intersection:17, mean_episode_reward:0.0, mean_queue:0.0
intersection:18, mean_episode_reward:0.0, mean_queue:0.0
intersection:19, mean_episode_reward:0.0, mean_queue:0.0
intersection:20, mean_episode_reward:0.0, mean_queue:0.0
intersection:21, mean_episode_reward:0.0, mean_queue:0.0
intersection:22, mean_episode_reward:0.0, mean_queue:0.0
intersection:23, mean_episode_reward:0.0, mean_queue:0.0
intersection:24, mean_episode_reward:0.0, mean_queue:0.0
intersection:25, mean_episode_reward:0.0, mean_queue:0.0
intersection:26, mean_episode_reward:0.0, mean_queue:0.0
intersection:27, mean_episode_reward:0.0, mean_queue:0.0
intersection:28, mean_episode_reward:0.0, mean_queue:0.0
intersection:29, mean_episode_reward:0.0, mean_queue:0.0
intersection:30, mean_episode_reward:0.0, mean_queue:0.0
intersection:31, mean_episode_reward:0.0, mean_queue:0.0
Test step:150/200, travel time :188.25757575757575, rewards:-12.046392144097222, queue:0.4332465277777778, delay:0.027051899168226454, throughput:1452
step:3600/3600, q_loss:0.32413923740386963, rewards:-11.253058539496529, queue:0.4076388888888889, delay:0.02537867758009169, throughput:1452
episode:151/200, real avg travel time:186.15977961432506
intersection:0, mean_episode_reward:-0.9336113929748535, mean_queue:1.0472222566604614
intersection:1, mean_episode_reward:-0.757777988910675, mean_queue:0.8916666507720947
intersection:2, mean_episode_reward:-1.0375001430511475, mean_queue:1.1749999523162842
intersection:3, mean_episode_reward:-0.5802780389785767, mean_queue:0.6916666626930237
intersection:4, mean_episode_reward:-0.8177781701087952, mean_queue:0.9333333373069763
intersection:5, mean_episode_reward:-0.6905559301376343, mean_queue:0.7722222208976746
intersection:6, mean_episode_reward:-0.6375002264976501, mean_queue:0.7555555701255798
intersection:7, mean_episode_reward:-0.3672221601009369, mean_queue:0.46388888359069824
intersection:8, mean_episode_reward:-0.8447222113609314, mean_queue:0.9694444537162781
intersection:9, mean_episode_reward:-0.8241665959358215, mean_queue:0.9416666626930237
intersection:10, mean_episode_reward:-0.6458331942558289, mean_queue:0.7444444298744202
intersection:11, mean_episode_reward:-0.6769446730613708, mean_queue:0.7861111164093018
intersection:12, mean_episode_reward:-0.6569448113441467, mean_queue:0.7583333253860474
intersection:13, mean_episode_reward:-0.6994444727897644, mean_queue:0.8138889074325562
intersection:14, mean_episode_reward:-0.5530556440353394, mean_queue:0.6611111164093018
intersection:15, mean_episode_reward:-0.5297226309776306, mean_queue:0.6388888955116272
intersection:16, mean_episode_reward:0.0, mean_queue:0.0
intersection:17, mean_episode_reward:0.0, mean_queue:0.0
intersection:18, mean_episode_reward:0.0, mean_queue:0.0
intersection:19, mean_episode_reward:0.0, mean_queue:0.0
intersection:20, mean_episode_reward:0.0, mean_queue:0.0
intersection:21, mean_episode_reward:0.0, mean_queue:0.0
intersection:22, mean_episode_reward:0.0, mean_queue:0.0
intersection:23, mean_episode_reward:0.0, mean_queue:0.0
intersection:24, mean_episode_reward:0.0, mean_queue:0.0
intersection:25, mean_episode_reward:0.0, mean_queue:0.0
intersection:26, mean_episode_reward:0.0, mean_queue:0.0
intersection:27, mean_episode_reward:0.0, mean_queue:0.0
intersection:28, mean_episode_reward:0.0, mean_queue:0.0
intersection:29, mean_episode_reward:0.0, mean_queue:0.0
intersection:30, mean_episode_reward:0.0, mean_queue:0.0
intersection:31, mean_episode_reward:0.0, mean_queue:0.0
Test step:151/200, travel time :187.29545454545453, rewards:-11.821392144097222, queue:0.42725694444444445, delay:0.026053558455573188, throughput:1452
step:3600/3600, q_loss:0.3511822521686554, rewards:-12.421946885850694, queue:0.44479166666666664, delay:0.02692820496029324, throughput:1450
episode:152/200, real avg travel time:188.58344827586208
intersection:0, mean_episode_reward:-0.9922224283218384, mean_queue:1.1083333492279053
intersection:1, mean_episode_reward:-0.8675000667572021, mean_queue:0.980555534362793
intersection:2, mean_episode_reward:-0.9547223448753357, mean_queue:1.0694444179534912
intersection:3, mean_episode_reward:-0.6458335518836975, mean_queue:0.7666666507720947
intersection:4, mean_episode_reward:-0.9638890624046326, mean_queue:1.1083333492279053
intersection:5, mean_episode_reward:-0.7069447636604309, mean_queue:0.8194444179534912
intersection:6, mean_episode_reward:-0.7230557203292847, mean_queue:0.8333333134651184
intersection:7, mean_episode_reward:-0.5908336639404297, mean_queue:0.6861110925674438
intersection:8, mean_episode_reward:-0.8997222781181335, mean_queue:0.9972222447395325
intersection:9, mean_episode_reward:-0.9144445061683655, mean_queue:1.0416666269302368
intersection:10, mean_episode_reward:-0.6519442796707153, mean_queue:0.7472222447395325
intersection:11, mean_episode_reward:-0.7633334398269653, mean_queue:0.8638888597488403
intersection:12, mean_episode_reward:-0.7591667771339417, mean_queue:0.8805555701255798
intersection:13, mean_episode_reward:-0.8538892269134521, mean_queue:0.9861111044883728
intersection:14, mean_episode_reward:-0.5577779412269592, mean_queue:0.6555555462837219
intersection:15, mean_episode_reward:-0.5766669511795044, mean_queue:0.6888889074325562
intersection:16, mean_episode_reward:0.0, mean_queue:0.0
intersection:17, mean_episode_reward:0.0, mean_queue:0.0
intersection:18, mean_episode_reward:0.0, mean_queue:0.0
intersection:19, mean_episode_reward:0.0, mean_queue:0.0
intersection:20, mean_episode_reward:0.0, mean_queue:0.0
intersection:21, mean_episode_reward:0.0, mean_queue:0.0
intersection:22, mean_episode_reward:0.0, mean_queue:0.0
intersection:23, mean_episode_reward:0.0, mean_queue:0.0
intersection:24, mean_episode_reward:0.0, mean_queue:0.0
intersection:25, mean_episode_reward:0.0, mean_queue:0.0
intersection:26, mean_episode_reward:0.0, mean_queue:0.0
intersection:27, mean_episode_reward:0.0, mean_queue:0.0
intersection:28, mean_episode_reward:0.0, mean_queue:0.0
intersection:29, mean_episode_reward:0.0, mean_queue:0.0
intersection:30, mean_episode_reward:0.0, mean_queue:0.0
intersection:31, mean_episode_reward:0.0, mean_queue:0.0
Test step:152/200, travel time :188.13774104683196, rewards:-11.935837131076388, queue:0.43038194444444444, delay:0.02706549432542589, throughput:1452
step:3600/3600, q_loss:0.3585372865200043, rewards:-12.272224934895833, queue:0.4410590277777778, delay:0.02711167335510254, throughput:1454
episode:153/200, real avg travel time:189.17469050894084
intersection:0, mean_episode_reward:-0.814166784286499, mean_queue:0.9388889074325562
intersection:1, mean_episode_reward:-0.941666841506958, mean_queue:1.0472222566604614
intersection:2, mean_episode_reward:-0.8299998044967651, mean_queue:0.9527778029441833
intersection:3, mean_episode_reward:-0.6930555701255798, mean_queue:0.7805555462837219
intersection:4, mean_episode_reward:-1.035278081893921, mean_queue:1.1777777671813965
intersection:5, mean_episode_reward:-0.8030558824539185, mean_queue:0.9166666865348816
intersection:6, mean_episode_reward:-0.6988890171051025, mean_queue:0.8222222328186035
intersection:7, mean_episode_reward:-0.5286114811897278, mean_queue:0.6333333253860474
intersection:8, mean_episode_reward:-1.0741666555404663, mean_queue:1.1777777671813965
intersection:9, mean_episode_reward:-0.7372223734855652, mean_queue:0.8638888597488403
intersection:10, mean_episode_reward:-0.7205554246902466, mean_queue:0.8138889074325562
intersection:11, mean_episode_reward:-0.6572225689888, mean_queue:0.7777777910232544
intersection:12, mean_episode_reward:-0.8322227597236633, mean_queue:0.949999988079071
intersection:13, mean_episode_reward:-0.7497221827507019, mean_queue:0.8833333253860474
intersection:14, mean_episode_reward:-0.5797224044799805, mean_queue:0.6972222328186035
intersection:15, mean_episode_reward:-0.5766670107841492, mean_queue:0.6805555820465088
intersection:16, mean_episode_reward:0.0, mean_queue:0.0
intersection:17, mean_episode_reward:0.0, mean_queue:0.0
intersection:18, mean_episode_reward:0.0, mean_queue:0.0
intersection:19, mean_episode_reward:0.0, mean_queue:0.0
intersection:20, mean_episode_reward:0.0, mean_queue:0.0
intersection:21, mean_episode_reward:0.0, mean_queue:0.0
intersection:22, mean_episode_reward:0.0, mean_queue:0.0
intersection:23, mean_episode_reward:0.0, mean_queue:0.0
intersection:24, mean_episode_reward:0.0, mean_queue:0.0
intersection:25, mean_episode_reward:0.0, mean_queue:0.0
intersection:26, mean_episode_reward:0.0, mean_queue:0.0
intersection:27, mean_episode_reward:0.0, mean_queue:0.0
intersection:28, mean_episode_reward:0.0, mean_queue:0.0
intersection:29, mean_episode_reward:0.0, mean_queue:0.0
intersection:30, mean_episode_reward:0.0, mean_queue:0.0
intersection:31, mean_episode_reward:0.0, mean_queue:0.0
Test step:153/200, travel time :188.01928374655648, rewards:-12.10000271267361, queue:0.4361111111111111, delay:0.02686028215620253, throughput:1452
step:3600/3600, q_loss:0.3362865149974823, rewards:-11.963614908854167, queue:0.4292534722222222, delay:0.02698375384012858, throughput:1453
episode:154/200, real avg travel time:187.7639366827254
intersection:0, mean_episode_reward:-0.7427777051925659, mean_queue:0.855555534362793
intersection:1, mean_episode_reward:-0.8569446802139282, mean_queue:0.9861111044883728
intersection:2, mean_episode_reward:-0.8897223472595215, mean_queue:1.0222222805023193
intersection:3, mean_episode_reward:-0.7947224974632263, mean_queue:0.9138888716697693
intersection:4, mean_episode_reward:-0.9955556988716125, mean_queue:1.105555534362793
intersection:5, mean_episode_reward:-0.7372225522994995, mean_queue:0.8527777791023254
intersection:6, mean_episode_reward:-0.6297223567962646, mean_queue:0.7361111044883728
intersection:7, mean_episode_reward:-0.5049999952316284, mean_queue:0.5916666388511658
intersection:8, mean_episode_reward:-1.0313888788223267, mean_queue:1.149999976158142
intersection:9, mean_episode_reward:-0.8750000596046448, mean_queue:1.0
intersection:10, mean_episode_reward:-0.6952779293060303, mean_queue:0.7833333611488342
intersection:11, mean_episode_reward:-0.6908336877822876, mean_queue:0.7944444417953491
intersection:12, mean_episode_reward:-0.7341668605804443, mean_queue:0.8472222089767456
intersection:13, mean_episode_reward:-0.6694443821907043, mean_queue:0.7749999761581421
intersection:14, mean_episode_reward:-0.5780559182167053, mean_queue:0.6888889074325562
intersection:15, mean_episode_reward:-0.5377780199050903, mean_queue:0.6333333253860474
intersection:16, mean_episode_reward:0.0, mean_queue:0.0
intersection:17, mean_episode_reward:0.0, mean_queue:0.0
intersection:18, mean_episode_reward:0.0, mean_queue:0.0
intersection:19, mean_episode_reward:0.0, mean_queue:0.0
intersection:20, mean_episode_reward:0.0, mean_queue:0.0
intersection:21, mean_episode_reward:0.0, mean_queue:0.0
intersection:22, mean_episode_reward:0.0, mean_queue:0.0
intersection:23, mean_episode_reward:0.0, mean_queue:0.0
intersection:24, mean_episode_reward:0.0, mean_queue:0.0
intersection:25, mean_episode_reward:0.0, mean_queue:0.0
intersection:26, mean_episode_reward:0.0, mean_queue:0.0
intersection:27, mean_episode_reward:0.0, mean_queue:0.0
intersection:28, mean_episode_reward:0.0, mean_queue:0.0
intersection:29, mean_episode_reward:0.0, mean_queue:0.0
intersection:30, mean_episode_reward:0.0, mean_queue:0.0
intersection:31, mean_episode_reward:0.0, mean_queue:0.0
Test step:154/200, travel time :187.712319339298, rewards:-12.009168836805555, queue:0.4332465277777778, delay:0.026705659760369194, throughput:1453
step:3600/3600, q_loss:0.3416835069656372, rewards:-12.281669108072917, queue:0.44244791666666666, delay:0.027349289258321127, throughput:1453
episode:155/200, real avg travel time:188.82174810736407
intersection:0, mean_episode_reward:-0.8411112427711487, mean_queue:0.949999988079071
intersection:1, mean_episode_reward:-0.9038890600204468, mean_queue:1.0138888359069824
intersection:2, mean_episode_reward:-1.023611307144165, mean_queue:1.2000000476837158
intersection:3, mean_episode_reward:-0.7408336997032166, mean_queue:0.8722222447395325
intersection:4, mean_episode_reward:-0.8644445538520813, mean_queue:0.9888888597488403
intersection:5, mean_episode_reward:-0.7663889527320862, mean_queue:0.8888888955116272
intersection:6, mean_episode_reward:-0.6963892579078674, mean_queue:0.7861111164093018
intersection:7, mean_episode_reward:-0.45666685700416565, mean_queue:0.5472221970558167
intersection:8, mean_episode_reward:-0.9561113119125366, mean_queue:1.0777777433395386
intersection:9, mean_episode_reward:-0.8686110377311707, mean_queue:0.9888888597488403
intersection:10, mean_episode_reward:-0.6813890337944031, mean_queue:0.7888888716697693
intersection:11, mean_episode_reward:-0.7425003051757812, mean_queue:0.8722222447395325
intersection:12, mean_episode_reward:-0.8088891506195068, mean_queue:0.9166666865348816
intersection:13, mean_episode_reward:-0.7383332848548889, mean_queue:0.8500000238418579
intersection:14, mean_episode_reward:-0.6122225522994995, mean_queue:0.730555534362793
intersection:15, mean_episode_reward:-0.5802779197692871, mean_queue:0.6861110925674438
intersection:16, mean_episode_reward:0.0, mean_queue:0.0
intersection:17, mean_episode_reward:0.0, mean_queue:0.0
intersection:18, mean_episode_reward:0.0, mean_queue:0.0
intersection:19, mean_episode_reward:0.0, mean_queue:0.0
intersection:20, mean_episode_reward:0.0, mean_queue:0.0
intersection:21, mean_episode_reward:0.0, mean_queue:0.0
intersection:22, mean_episode_reward:0.0, mean_queue:0.0
intersection:23, mean_episode_reward:0.0, mean_queue:0.0
intersection:24, mean_episode_reward:0.0, mean_queue:0.0
intersection:25, mean_episode_reward:0.0, mean_queue:0.0
intersection:26, mean_episode_reward:0.0, mean_queue:0.0
intersection:27, mean_episode_reward:0.0, mean_queue:0.0
intersection:28, mean_episode_reward:0.0, mean_queue:0.0
intersection:29, mean_episode_reward:0.0, mean_queue:0.0
intersection:30, mean_episode_reward:0.0, mean_queue:0.0
intersection:31, mean_episode_reward:0.0, mean_queue:0.0
Test step:155/200, travel time :188.7136958017894, rewards:-12.39472384982639, queue:0.44583333333333336, delay:0.027669760915968154, throughput:1453
step:3600/3600, q_loss:0.34604915976524353, rewards:-12.071114095052083, queue:0.43550347222222224, delay:0.027332213189866807, throughput:1453
episode:156/200, real avg travel time:187.68754301445284
intersection:0, mean_episode_reward:-0.8677780032157898, mean_queue:0.9888888597488403
intersection:1, mean_episode_reward:-0.783333420753479, mean_queue:0.9138888716697693
intersection:2, mean_episode_reward:-0.9038892388343811, mean_queue:1.0416666269302368
intersection:3, mean_episode_reward:-0.6461114287376404, mean_queue:0.7444444298744202
intersection:4, mean_episode_reward:-0.791111409664154, mean_queue:0.9222221970558167
intersection:5, mean_episode_reward:-0.6733335852622986, mean_queue:0.7861111164093018
intersection:6, mean_episode_reward:-0.7063890695571899, mean_queue:0.8194444179534912
intersection:7, mean_episode_reward:-0.5347223877906799, mean_queue:0.625
intersection:8, mean_episode_reward:-1.0313889980316162, mean_queue:1.1361111402511597
intersection:9, mean_episode_reward:-0.8166666030883789, mean_queue:0.9583333134651184
intersection:10, mean_episode_reward:-0.7452779412269592, mean_queue:0.8361111283302307
intersection:11, mean_episode_reward:-0.7466667890548706, mean_queue:0.875
intersection:12, mean_episode_reward:-0.825000524520874, mean_queue:0.9138888716697693
intersection:13, mean_episode_reward:-0.7969444990158081, mean_queue:0.9333333373069763
intersection:14, mean_episode_reward:-0.6683333516120911, mean_queue:0.7805555462837219
intersection:15, mean_episode_reward:-0.5341668725013733, mean_queue:0.6611111164093018
intersection:16, mean_episode_reward:0.0, mean_queue:0.0
intersection:17, mean_episode_reward:0.0, mean_queue:0.0
intersection:18, mean_episode_reward:0.0, mean_queue:0.0
intersection:19, mean_episode_reward:0.0, mean_queue:0.0
intersection:20, mean_episode_reward:0.0, mean_queue:0.0
intersection:21, mean_episode_reward:0.0, mean_queue:0.0
intersection:22, mean_episode_reward:0.0, mean_queue:0.0
intersection:23, mean_episode_reward:0.0, mean_queue:0.0
intersection:24, mean_episode_reward:0.0, mean_queue:0.0
intersection:25, mean_episode_reward:0.0, mean_queue:0.0
intersection:26, mean_episode_reward:0.0, mean_queue:0.0
intersection:27, mean_episode_reward:0.0, mean_queue:0.0
intersection:28, mean_episode_reward:0.0, mean_queue:0.0
intersection:29, mean_episode_reward:0.0, mean_queue:0.0
intersection:30, mean_episode_reward:0.0, mean_queue:0.0
intersection:31, mean_episode_reward:0.0, mean_queue:0.0
Test step:156/200, travel time :188.77341597796143, rewards:-12.160002983940972, queue:0.43637152777777777, delay:0.027299732632107204, throughput:1452
step:3600/3600, q_loss:0.33954331278800964, rewards:-12.698890516493055, queue:0.4561631944444444, delay:0.02786791589525011, throughput:1450
episode:157/200, real avg travel time:189.08068965517242
intersection:0, mean_episode_reward:-0.9830558896064758, mean_queue:1.0972222089767456
intersection:1, mean_episode_reward:-0.973889172077179, mean_queue:1.1111111640930176
intersection:2, mean_episode_reward:-0.8330556154251099, mean_queue:0.9611111283302307
intersection:3, mean_episode_reward:-0.765555739402771, mean_queue:0.8833333253860474
intersection:4, mean_episode_reward:-1.0766668319702148, mean_queue:1.2166666984558105
intersection:5, mean_episode_reward:-0.6352778673171997, mean_queue:0.7527777552604675
intersection:6, mean_episode_reward:-0.6927779316902161, mean_queue:0.8138889074325562
intersection:7, mean_episode_reward:-0.5472225546836853, mean_queue:0.6333333253860474
intersection:8, mean_episode_reward:-1.0477774143218994, mean_queue:1.1527777910232544
intersection:9, mean_episode_reward:-0.8797223567962646, mean_queue:1.0
intersection:10, mean_episode_reward:-0.688055694103241, mean_queue:0.7861111164093018
intersection:11, mean_episode_reward:-0.7388891577720642, mean_queue:0.8638888597488403
intersection:12, mean_episode_reward:-0.7952780723571777, mean_queue:0.9083333611488342
intersection:13, mean_episode_reward:-0.8975004553794861, mean_queue:1.0472222566604614
intersection:14, mean_episode_reward:-0.5930557250976562, mean_queue:0.7083333134651184
intersection:15, mean_episode_reward:-0.5511111617088318, mean_queue:0.6611111164093018
intersection:16, mean_episode_reward:0.0, mean_queue:0.0
intersection:17, mean_episode_reward:0.0, mean_queue:0.0
intersection:18, mean_episode_reward:0.0, mean_queue:0.0
intersection:19, mean_episode_reward:0.0, mean_queue:0.0
intersection:20, mean_episode_reward:0.0, mean_queue:0.0
intersection:21, mean_episode_reward:0.0, mean_queue:0.0
intersection:22, mean_episode_reward:0.0, mean_queue:0.0
intersection:23, mean_episode_reward:0.0, mean_queue:0.0
intersection:24, mean_episode_reward:0.0, mean_queue:0.0
intersection:25, mean_episode_reward:0.0, mean_queue:0.0
intersection:26, mean_episode_reward:0.0, mean_queue:0.0
intersection:27, mean_episode_reward:0.0, mean_queue:0.0
intersection:28, mean_episode_reward:0.0, mean_queue:0.0
intersection:29, mean_episode_reward:0.0, mean_queue:0.0
intersection:30, mean_episode_reward:0.0, mean_queue:0.0
intersection:31, mean_episode_reward:0.0, mean_queue:0.0
Test step:157/200, travel time :187.33172413793105, rewards:-11.817502170138889, queue:0.4265625, delay:0.02650247679816352, throughput:1450
step:3600/3600, q_loss:0.34945666790008545, rewards:-12.416669379340277, queue:0.44375, delay:0.0275553650326199, throughput:1453
episode:158/200, real avg travel time:188.7157604955265
intersection:0, mean_episode_reward:-0.9644445776939392, mean_queue:1.0833333730697632
intersection:1, mean_episode_reward:-0.8972222805023193, mean_queue:1.0083333253860474
intersection:2, mean_episode_reward:-1.008055567741394, mean_queue:1.1222221851348877
intersection:3, mean_episode_reward:-0.6605556011199951, mean_queue:0.7749999761581421
intersection:4, mean_episode_reward:-0.8863891363143921, mean_queue:1.0333333015441895
intersection:5, mean_episode_reward:-0.6150000095367432, mean_queue:0.7166666388511658
intersection:6, mean_episode_reward:-0.6063891649246216, mean_queue:0.7138888835906982
intersection:7, mean_episode_reward:-0.4941668212413788, mean_queue:0.5805555582046509
intersection:8, mean_episode_reward:-1.0702776908874512, mean_queue:1.1666666269302368
intersection:9, mean_episode_reward:-0.844722330570221, mean_queue:0.9555555582046509
intersection:10, mean_episode_reward:-0.6383333206176758, mean_queue:0.730555534362793
intersection:11, mean_episode_reward:-0.8830558657646179, mean_queue:1.0
intersection:12, mean_episode_reward:-0.8072224855422974, mean_queue:0.9166666865348816
intersection:13, mean_episode_reward:-0.8280556797981262, mean_queue:0.9527778029441833
intersection:14, mean_episode_reward:-0.5461112260818481, mean_queue:0.6472222208976746
intersection:15, mean_episode_reward:-0.666667103767395, mean_queue:0.7972221970558167
intersection:16, mean_episode_reward:0.0, mean_queue:0.0
intersection:17, mean_episode_reward:0.0, mean_queue:0.0
intersection:18, mean_episode_reward:0.0, mean_queue:0.0
intersection:19, mean_episode_reward:0.0, mean_queue:0.0
intersection:20, mean_episode_reward:0.0, mean_queue:0.0
intersection:21, mean_episode_reward:0.0, mean_queue:0.0
intersection:22, mean_episode_reward:0.0, mean_queue:0.0
intersection:23, mean_episode_reward:0.0, mean_queue:0.0
intersection:24, mean_episode_reward:0.0, mean_queue:0.0
intersection:25, mean_episode_reward:0.0, mean_queue:0.0
intersection:26, mean_episode_reward:0.0, mean_queue:0.0
intersection:27, mean_episode_reward:0.0, mean_queue:0.0
intersection:28, mean_episode_reward:0.0, mean_queue:0.0
intersection:29, mean_episode_reward:0.0, mean_queue:0.0
intersection:30, mean_episode_reward:0.0, mean_queue:0.0
intersection:31, mean_episode_reward:0.0, mean_queue:0.0
Test step:158/200, travel time :187.79683195592287, rewards:-12.15028076171875, queue:0.4378472222222222, delay:0.026860120561387806, throughput:1452
step:3600/3600, q_loss:0.36392271518707275, rewards:-12.111391872829861, queue:0.4379340277777778, delay:0.027295663621690537, throughput:1453
episode:159/200, real avg travel time:188.12181693048865
intersection:0, mean_episode_reward:-0.883888840675354, mean_queue:1.0
intersection:1, mean_episode_reward:-0.7730558514595032, mean_queue:0.8916666507720947
intersection:2, mean_episode_reward:-1.009722352027893, mean_queue:1.163888931274414
intersection:3, mean_episode_reward:-0.6619447469711304, mean_queue:0.7777777910232544
intersection:4, mean_episode_reward:-0.9200001358985901, mean_queue:1.0583332777023315
intersection:5, mean_episode_reward:-0.7475003004074097, mean_queue:0.875
intersection:6, mean_episode_reward:-0.6766669154167175, mean_queue:0.7777777910232544
intersection:7, mean_episode_reward:-0.36666661500930786, mean_queue:0.46666666865348816
intersection:8, mean_episode_reward:-0.9166668653488159, mean_queue:1.019444465637207
intersection:9, mean_episode_reward:-0.9577778577804565, mean_queue:1.0833333730697632
intersection:10, mean_episode_reward:-0.7347223162651062, mean_queue:0.8277778029441833
intersection:11, mean_episode_reward:-0.7483335733413696, mean_queue:0.8777777552604675
intersection:12, mean_episode_reward:-0.6369447708129883, mean_queue:0.7472222447395325
intersection:13, mean_episode_reward:-0.815555989742279, mean_queue:0.9583333134651184
intersection:14, mean_episode_reward:-0.6925000548362732, mean_queue:0.8111110925674438
intersection:15, mean_episode_reward:-0.5694445967674255, mean_queue:0.6777777671813965
intersection:16, mean_episode_reward:0.0, mean_queue:0.0
intersection:17, mean_episode_reward:0.0, mean_queue:0.0
intersection:18, mean_episode_reward:0.0, mean_queue:0.0
intersection:19, mean_episode_reward:0.0, mean_queue:0.0
intersection:20, mean_episode_reward:0.0, mean_queue:0.0
intersection:21, mean_episode_reward:0.0, mean_queue:0.0
intersection:22, mean_episode_reward:0.0, mean_queue:0.0
intersection:23, mean_episode_reward:0.0, mean_queue:0.0
intersection:24, mean_episode_reward:0.0, mean_queue:0.0
intersection:25, mean_episode_reward:0.0, mean_queue:0.0
intersection:26, mean_episode_reward:0.0, mean_queue:0.0
intersection:27, mean_episode_reward:0.0, mean_queue:0.0
intersection:28, mean_episode_reward:0.0, mean_queue:0.0
intersection:29, mean_episode_reward:0.0, mean_queue:0.0
intersection:30, mean_episode_reward:0.0, mean_queue:0.0
intersection:31, mean_episode_reward:0.0, mean_queue:0.0
Test step:159/200, travel time :187.6662078458362, rewards:-11.996668836805556, queue:0.43246527777777777, delay:0.02732080618540446, throughput:1453
step:3600/3600, q_loss:0.335190087556839, rewards:-12.13750271267361, queue:0.43741319444444443, delay:0.027388535605536567, throughput:1452
episode:160/200, real avg travel time:188.4366391184573
intersection:0, mean_episode_reward:-0.9344446659088135, mean_queue:1.0527777671813965
intersection:1, mean_episode_reward:-0.9052777886390686, mean_queue:1.0166666507720947
intersection:2, mean_episode_reward:-0.8616666793823242, mean_queue:0.9972222447395325
intersection:3, mean_episode_reward:-0.5850001573562622, mean_queue:0.7027778029441833
intersection:4, mean_episode_reward:-0.9000004529953003, mean_queue:1.0361111164093018
intersection:5, mean_episode_reward:-0.7050002217292786, mean_queue:0.8222222328186035
intersection:6, mean_episode_reward:-0.6408334374427795, mean_queue:0.7555555701255798
intersection:7, mean_episode_reward:-0.516666829586029, mean_queue:0.6166666746139526
intersection:8, mean_episode_reward:-0.9355555176734924, mean_queue:1.0472222566604614
intersection:9, mean_episode_reward:-0.7841668725013733, mean_queue:0.8999999761581421
intersection:10, mean_episode_reward:-0.7575001120567322, mean_queue:0.8666666746139526
intersection:11, mean_episode_reward:-0.8972225785255432, mean_queue:1.0166666507720947
intersection:12, mean_episode_reward:-0.7969447374343872, mean_queue:0.9194444417953491
intersection:13, mean_episode_reward:-0.6697224378585815, mean_queue:0.7944444417953491
intersection:14, mean_episode_reward:-0.6319445371627808, mean_queue:0.7333333492279053
intersection:15, mean_episode_reward:-0.6155558228492737, mean_queue:0.7194444537162781
intersection:16, mean_episode_reward:0.0, mean_queue:0.0
intersection:17, mean_episode_reward:0.0, mean_queue:0.0
intersection:18, mean_episode_reward:0.0, mean_queue:0.0
intersection:19, mean_episode_reward:0.0, mean_queue:0.0
intersection:20, mean_episode_reward:0.0, mean_queue:0.0
intersection:21, mean_episode_reward:0.0, mean_queue:0.0
intersection:22, mean_episode_reward:0.0, mean_queue:0.0
intersection:23, mean_episode_reward:0.0, mean_queue:0.0
intersection:24, mean_episode_reward:0.0, mean_queue:0.0
intersection:25, mean_episode_reward:0.0, mean_queue:0.0
intersection:26, mean_episode_reward:0.0, mean_queue:0.0
intersection:27, mean_episode_reward:0.0, mean_queue:0.0
intersection:28, mean_episode_reward:0.0, mean_queue:0.0
intersection:29, mean_episode_reward:0.0, mean_queue:0.0
intersection:30, mean_episode_reward:0.0, mean_queue:0.0
intersection:31, mean_episode_reward:0.0, mean_queue:0.0
Test step:160/200, travel time :186.6012396694215, rewards:-11.413335503472222, queue:0.415625, delay:0.02627626789940728, throughput:1452
step:3600/3600, q_loss:0.4038020372390747, rewards:-12.303892686631944, queue:0.4409722222222222, delay:0.027027384440104166, throughput:1451
episode:161/200, real avg travel time:188.98208132322537
intersection:0, mean_episode_reward:-0.8727782368659973, mean_queue:0.9916666746139526
intersection:1, mean_episode_reward:-0.8177781105041504, mean_queue:0.925000011920929
intersection:2, mean_episode_reward:-0.9388889670372009, mean_queue:1.0555555820465088
intersection:3, mean_episode_reward:-0.6297223567962646, mean_queue:0.7416666746139526
intersection:4, mean_episode_reward:-0.8933337926864624, mean_queue:1.0222222805023193
intersection:5, mean_episode_reward:-0.6966668367385864, mean_queue:0.800000011920929
intersection:6, mean_episode_reward:-0.6050001978874207, mean_queue:0.7250000238418579
intersection:7, mean_episode_reward:-0.535000205039978, mean_queue:0.625
intersection:8, mean_episode_reward:-0.853611171245575, mean_queue:0.9611111283302307
intersection:9, mean_episode_reward:-0.958055853843689, mean_queue:1.0694444179534912
intersection:10, mean_episode_reward:-0.6894444227218628, mean_queue:0.7944444417953491
intersection:11, mean_episode_reward:-0.7875003218650818, mean_queue:0.9138888716697693
intersection:12, mean_episode_reward:-0.8994449377059937, mean_queue:1.0305556058883667
intersection:13, mean_episode_reward:-0.8408334255218506, mean_queue:0.980555534362793
intersection:14, mean_episode_reward:-0.6191669702529907, mean_queue:0.7138888835906982
intersection:15, mean_episode_reward:-0.6666668057441711, mean_queue:0.7611111402511597
intersection:16, mean_episode_reward:0.0, mean_queue:0.0
intersection:17, mean_episode_reward:0.0, mean_queue:0.0
intersection:18, mean_episode_reward:0.0, mean_queue:0.0
intersection:19, mean_episode_reward:0.0, mean_queue:0.0
intersection:20, mean_episode_reward:0.0, mean_queue:0.0
intersection:21, mean_episode_reward:0.0, mean_queue:0.0
intersection:22, mean_episode_reward:0.0, mean_queue:0.0
intersection:23, mean_episode_reward:0.0, mean_queue:0.0
intersection:24, mean_episode_reward:0.0, mean_queue:0.0
intersection:25, mean_episode_reward:0.0, mean_queue:0.0
intersection:26, mean_episode_reward:0.0, mean_queue:0.0
intersection:27, mean_episode_reward:0.0, mean_queue:0.0
intersection:28, mean_episode_reward:0.0, mean_queue:0.0
intersection:29, mean_episode_reward:0.0, mean_queue:0.0
intersection:30, mean_episode_reward:0.0, mean_queue:0.0
intersection:31, mean_episode_reward:0.0, mean_queue:0.0
Test step:161/200, travel time :188.30737422467263, rewards:-12.332501898871527, queue:0.4410590277777778, delay:0.026887143982781303, throughput:1451
step:3600/3600, q_loss:0.353082537651062, rewards:-11.515280490451389, queue:0.415625, delay:0.026012102762858074, throughput:1451
episode:162/200, real avg travel time:187.18125430737422
intersection:0, mean_episode_reward:-0.7372221946716309, mean_queue:0.8444444537162781
intersection:1, mean_episode_reward:-0.782500147819519, mean_queue:0.8861111402511597
intersection:2, mean_episode_reward:-0.79972243309021, mean_queue:0.9361110925674438
intersection:3, mean_episode_reward:-0.5633334517478943, mean_queue:0.6583333611488342
intersection:4, mean_episode_reward:-0.9025002121925354, mean_queue:1.0305556058883667
intersection:5, mean_episode_reward:-0.7702780961990356, mean_queue:0.8805555701255798
intersection:6, mean_episode_reward:-0.7100000977516174, mean_queue:0.8138889074325562
intersection:7, mean_episode_reward:-0.45805588364601135, mean_queue:0.5694444179534912
intersection:8, mean_episode_reward:-0.8911111354827881, mean_queue:1.0111111402511597
intersection:9, mean_episode_reward:-0.8552780151367188, mean_queue:0.9861111044883728
intersection:10, mean_episode_reward:-0.7194443345069885, mean_queue:0.8194444179534912
intersection:11, mean_episode_reward:-0.7130554914474487, mean_queue:0.8222222328186035
intersection:12, mean_episode_reward:-0.7111117243766785, mean_queue:0.8416666388511658
intersection:13, mean_episode_reward:-0.7702779769897461, mean_queue:0.8972222208976746
intersection:14, mean_episode_reward:-0.5286111831665039, mean_queue:0.6166666746139526
intersection:15, mean_episode_reward:-0.6027780771255493, mean_queue:0.6861110925674438
intersection:16, mean_episode_reward:0.0, mean_queue:0.0
intersection:17, mean_episode_reward:0.0, mean_queue:0.0
intersection:18, mean_episode_reward:0.0, mean_queue:0.0
intersection:19, mean_episode_reward:0.0, mean_queue:0.0
intersection:20, mean_episode_reward:0.0, mean_queue:0.0
intersection:21, mean_episode_reward:0.0, mean_queue:0.0
intersection:22, mean_episode_reward:0.0, mean_queue:0.0
intersection:23, mean_episode_reward:0.0, mean_queue:0.0
intersection:24, mean_episode_reward:0.0, mean_queue:0.0
intersection:25, mean_episode_reward:0.0, mean_queue:0.0
intersection:26, mean_episode_reward:0.0, mean_queue:0.0
intersection:27, mean_episode_reward:0.0, mean_queue:0.0
intersection:28, mean_episode_reward:0.0, mean_queue:0.0
intersection:29, mean_episode_reward:0.0, mean_queue:0.0
intersection:30, mean_episode_reward:0.0, mean_queue:0.0
intersection:31, mean_episode_reward:0.0, mean_queue:0.0
Test step:162/200, travel time :187.85290055248618, rewards:-11.867780219184027, queue:0.4276041666666667, delay:0.027310159471299913, throughput:1448
step:3600/3600, q_loss:0.3400133550167084, rewards:-11.918058268229167, queue:0.43038194444444444, delay:0.026939238442314994, throughput:1452
episode:163/200, real avg travel time:187.23140495867767
intersection:0, mean_episode_reward:-0.676666796207428, mean_queue:0.7944444417953491
intersection:1, mean_episode_reward:-0.8122223019599915, mean_queue:0.925000011920929
intersection:2, mean_episode_reward:-1.0205556154251099, mean_queue:1.1555556058883667
intersection:3, mean_episode_reward:-0.6275001168251038, mean_queue:0.730555534362793
intersection:4, mean_episode_reward:-0.7694445252418518, mean_queue:0.8999999761581421
intersection:5, mean_episode_reward:-0.7783333659172058, mean_queue:0.8999999761581421
intersection:6, mean_episode_reward:-0.6775001287460327, mean_queue:0.7888888716697693
intersection:7, mean_episode_reward:-0.4641668200492859, mean_queue:0.5611110925674438
intersection:8, mean_episode_reward:-1.1413888931274414, mean_queue:1.2583333253860474
intersection:9, mean_episode_reward:-0.8691669702529907, mean_queue:0.9944444298744202
intersection:10, mean_episode_reward:-0.7136111855506897, mean_queue:0.8222222328186035
intersection:11, mean_episode_reward:-0.7347225546836853, mean_queue:0.8527777791023254
intersection:12, mean_episode_reward:-0.7494446635246277, mean_queue:0.8666666746139526
intersection:13, mean_episode_reward:-0.8405560851097107, mean_queue:0.9666666388511658
intersection:14, mean_episode_reward:-0.5452778935432434, mean_queue:0.6611111164093018
intersection:15, mean_episode_reward:-0.49750009179115295, mean_queue:0.5944444537162781
intersection:16, mean_episode_reward:0.0, mean_queue:0.0
intersection:17, mean_episode_reward:0.0, mean_queue:0.0
intersection:18, mean_episode_reward:0.0, mean_queue:0.0
intersection:19, mean_episode_reward:0.0, mean_queue:0.0
intersection:20, mean_episode_reward:0.0, mean_queue:0.0
intersection:21, mean_episode_reward:0.0, mean_queue:0.0
intersection:22, mean_episode_reward:0.0, mean_queue:0.0
intersection:23, mean_episode_reward:0.0, mean_queue:0.0
intersection:24, mean_episode_reward:0.0, mean_queue:0.0
intersection:25, mean_episode_reward:0.0, mean_queue:0.0
intersection:26, mean_episode_reward:0.0, mean_queue:0.0
intersection:27, mean_episode_reward:0.0, mean_queue:0.0
intersection:28, mean_episode_reward:0.0, mean_queue:0.0
intersection:29, mean_episode_reward:0.0, mean_queue:0.0
intersection:30, mean_episode_reward:0.0, mean_queue:0.0
intersection:31, mean_episode_reward:0.0, mean_queue:0.0
Test step:163/200, travel time :187.78581267217632, rewards:-12.125838216145834, queue:0.4379340277777778, delay:0.026961506737603082, throughput:1452
step:3600/3600, q_loss:0.38588494062423706, rewards:-11.560001627604167, queue:0.41901041666666666, delay:0.026432514190673828, throughput:1451
episode:164/200, real avg travel time:187.22467263955892
intersection:0, mean_episode_reward:-0.9055560827255249, mean_queue:1.0277777910232544
intersection:1, mean_episode_reward:-0.783333420753479, mean_queue:0.894444465637207
intersection:2, mean_episode_reward:-0.8955557346343994, mean_queue:1.038888931274414
intersection:3, mean_episode_reward:-0.7288891077041626, mean_queue:0.824999988079071
intersection:4, mean_episode_reward:-0.81611168384552, mean_queue:0.9361110925674438
intersection:5, mean_episode_reward:-0.5802778601646423, mean_queue:0.7055555582046509
intersection:6, mean_episode_reward:-0.6144445538520813, mean_queue:0.7222222089767456
intersection:7, mean_episode_reward:-0.473889023065567, mean_queue:0.5611110925674438
intersection:8, mean_episode_reward:-0.8136110901832581, mean_queue:0.9333333373069763
intersection:9, mean_episode_reward:-0.9905556440353394, mean_queue:1.1277778148651123
intersection:10, mean_episode_reward:-0.7108332514762878, mean_queue:0.8305555582046509
intersection:11, mean_episode_reward:-0.6669444441795349, mean_queue:0.7833333611488342
intersection:12, mean_episode_reward:-0.731389045715332, mean_queue:0.8388888835906982
intersection:13, mean_episode_reward:-0.7111111283302307, mean_queue:0.8361111283302307
intersection:14, mean_episode_reward:-0.5677779912948608, mean_queue:0.6638888716697693
intersection:15, mean_episode_reward:-0.569722592830658, mean_queue:0.6833333373069763
intersection:16, mean_episode_reward:0.0, mean_queue:0.0
intersection:17, mean_episode_reward:0.0, mean_queue:0.0
intersection:18, mean_episode_reward:0.0, mean_queue:0.0
intersection:19, mean_episode_reward:0.0, mean_queue:0.0
intersection:20, mean_episode_reward:0.0, mean_queue:0.0
intersection:21, mean_episode_reward:0.0, mean_queue:0.0
intersection:22, mean_episode_reward:0.0, mean_queue:0.0
intersection:23, mean_episode_reward:0.0, mean_queue:0.0
intersection:24, mean_episode_reward:0.0, mean_queue:0.0
intersection:25, mean_episode_reward:0.0, mean_queue:0.0
intersection:26, mean_episode_reward:0.0, mean_queue:0.0
intersection:27, mean_episode_reward:0.0, mean_queue:0.0
intersection:28, mean_episode_reward:0.0, mean_queue:0.0
intersection:29, mean_episode_reward:0.0, mean_queue:0.0
intersection:30, mean_episode_reward:0.0, mean_queue:0.0
intersection:31, mean_episode_reward:0.0, mean_queue:0.0
Test step:164/200, travel time :187.20385674931129, rewards:-11.880558268229167, queue:0.43072916666666666, delay:0.026515438821580674, throughput:1452
step:3600/3600, q_loss:0.3374544680118561, rewards:-11.586113823784721, queue:0.4183159722222222, delay:0.026199931568569607, throughput:1453
episode:165/200, real avg travel time:186.949759119064
intersection:0, mean_episode_reward:-0.8000002503395081, mean_queue:0.9194444417953491
intersection:1, mean_episode_reward:-0.8575003147125244, mean_queue:0.9888888597488403
intersection:2, mean_episode_reward:-0.9272224307060242, mean_queue:1.0666667222976685
intersection:3, mean_episode_reward:-0.5847224593162537, mean_queue:0.6861110925674438
intersection:4, mean_episode_reward:-0.8936113119125366, mean_queue:1.0083333253860474
intersection:5, mean_episode_reward:-0.6608335971832275, mean_queue:0.7777777910232544
intersection:6, mean_episode_reward:-0.6930558681488037, mean_queue:0.8055555820465088
intersection:7, mean_episode_reward:-0.41611120104789734, mean_queue:0.4972222149372101
intersection:8, mean_episode_reward:-0.8894442915916443, mean_queue:0.9916666746139526
intersection:9, mean_episode_reward:-0.9394443035125732, mean_queue:1.0555555820465088
intersection:10, mean_episode_reward:-0.6666666865348816, mean_queue:0.7666666507720947
intersection:11, mean_episode_reward:-0.7102779150009155, mean_queue:0.8277778029441833
intersection:12, mean_episode_reward:-0.6763889789581299, mean_queue:0.7861111164093018
intersection:13, mean_episode_reward:-0.8188892006874084, mean_queue:0.9277777671813965
intersection:14, mean_episode_reward:-0.5530556440353394, mean_queue:0.6583333611488342
intersection:15, mean_episode_reward:-0.4988890290260315, mean_queue:0.6222222447395325
intersection:16, mean_episode_reward:0.0, mean_queue:0.0
intersection:17, mean_episode_reward:0.0, mean_queue:0.0
intersection:18, mean_episode_reward:0.0, mean_queue:0.0
intersection:19, mean_episode_reward:0.0, mean_queue:0.0
intersection:20, mean_episode_reward:0.0, mean_queue:0.0
intersection:21, mean_episode_reward:0.0, mean_queue:0.0
intersection:22, mean_episode_reward:0.0, mean_queue:0.0
intersection:23, mean_episode_reward:0.0, mean_queue:0.0
intersection:24, mean_episode_reward:0.0, mean_queue:0.0
intersection:25, mean_episode_reward:0.0, mean_queue:0.0
intersection:26, mean_episode_reward:0.0, mean_queue:0.0
intersection:27, mean_episode_reward:0.0, mean_queue:0.0
intersection:28, mean_episode_reward:0.0, mean_queue:0.0
intersection:29, mean_episode_reward:0.0, mean_queue:0.0
intersection:30, mean_episode_reward:0.0, mean_queue:0.0
intersection:31, mean_episode_reward:0.0, mean_queue:0.0
Test step:165/200, travel time :187.63059958649208, rewards:-11.931391059027778, queue:0.4302951388888889, delay:0.02691141234503852, throughput:1451
step:3600/3600, q_loss:0.33947470784187317, rewards:-11.883614095052083, queue:0.4282986111111111, delay:0.02685856819152832, throughput:1450
episode:166/200, real avg travel time:187.58068965517242
intersection:0, mean_episode_reward:-0.8786113262176514, mean_queue:1.0111111402511597
intersection:1, mean_episode_reward:-0.8894445896148682, mean_queue:1.0111111402511597
intersection:2, mean_episode_reward:-0.931666910648346, mean_queue:1.0694444179534912
intersection:3, mean_episode_reward:-0.6344447731971741, mean_queue:0.7583333253860474
intersection:4, mean_episode_reward:-0.9833335876464844, mean_queue:1.105555534362793
intersection:5, mean_episode_reward:-0.5944446325302124, mean_queue:0.7222222089767456
intersection:6, mean_episode_reward:-0.549166738986969, mean_queue:0.6361111402511597
intersection:7, mean_episode_reward:-0.4511112570762634, mean_queue:0.5361111164093018
intersection:8, mean_episode_reward:-0.9027778506278992, mean_queue:1.0
intersection:9, mean_episode_reward:-0.8408334255218506, mean_queue:0.9583333134651184
intersection:10, mean_episode_reward:-0.6447221636772156, mean_queue:0.7527777552604675
intersection:11, mean_episode_reward:-0.7694445848464966, mean_queue:0.8805555701255798
intersection:12, mean_episode_reward:-0.7922224998474121, mean_queue:0.9083333611488342
intersection:13, mean_episode_reward:-0.7991670370101929, mean_queue:0.9166666865348816
intersection:14, mean_episode_reward:-0.5633335709571838, mean_queue:0.6805555820465088
intersection:15, mean_episode_reward:-0.6588890552520752, mean_queue:0.7583333253860474
intersection:16, mean_episode_reward:0.0, mean_queue:0.0
intersection:17, mean_episode_reward:0.0, mean_queue:0.0
intersection:18, mean_episode_reward:0.0, mean_queue:0.0
intersection:19, mean_episode_reward:0.0, mean_queue:0.0
intersection:20, mean_episode_reward:0.0, mean_queue:0.0
intersection:21, mean_episode_reward:0.0, mean_queue:0.0
intersection:22, mean_episode_reward:0.0, mean_queue:0.0
intersection:23, mean_episode_reward:0.0, mean_queue:0.0
intersection:24, mean_episode_reward:0.0, mean_queue:0.0
intersection:25, mean_episode_reward:0.0, mean_queue:0.0
intersection:26, mean_episode_reward:0.0, mean_queue:0.0
intersection:27, mean_episode_reward:0.0, mean_queue:0.0
intersection:28, mean_episode_reward:0.0, mean_queue:0.0
intersection:29, mean_episode_reward:0.0, mean_queue:0.0
intersection:30, mean_episode_reward:0.0, mean_queue:0.0
intersection:31, mean_episode_reward:0.0, mean_queue:0.0
Test step:166/200, travel time :188.26896551724138, rewards:-12.129169379340278, queue:0.4366319444444444, delay:0.02710243860880534, throughput:1450
step:3600/3600, q_loss:0.3410160541534424, rewards:-11.66500244140625, queue:0.4212673611111111, delay:0.026229911380343966, throughput:1451
episode:167/200, real avg travel time:187.2708476912474
intersection:0, mean_episode_reward:-0.848333477973938, mean_queue:0.9611111283302307
intersection:1, mean_episode_reward:-0.7780558466911316, mean_queue:0.9222221970558167
intersection:2, mean_episode_reward:-0.9883334636688232, mean_queue:1.105555534362793
intersection:3, mean_episode_reward:-0.5900002121925354, mean_queue:0.7083333134651184
intersection:4, mean_episode_reward:-0.9116666913032532, mean_queue:1.0361111164093018
intersection:5, mean_episode_reward:-0.6594447493553162, mean_queue:0.7722222208976746
intersection:6, mean_episode_reward:-0.6813889145851135, mean_queue:0.7805555462837219
intersection:7, mean_episode_reward:-0.43583351373672485, mean_queue:0.5361111164093018
intersection:8, mean_episode_reward:-0.9325000047683716, mean_queue:1.038888931274414
intersection:9, mean_episode_reward:-0.8716667890548706, mean_queue:0.9833333492279053
intersection:10, mean_episode_reward:-0.7883332371711731, mean_queue:0.8861111402511597
intersection:11, mean_episode_reward:-0.6897225975990295, mean_queue:0.8166666626930237
intersection:12, mean_episode_reward:-0.667777955532074, mean_queue:0.7944444417953491
intersection:13, mean_episode_reward:-0.7633335590362549, mean_queue:0.8694444298744202
intersection:14, mean_episode_reward:-0.5763888955116272, mean_queue:0.6694444417953491
intersection:15, mean_episode_reward:-0.4822224974632263, mean_queue:0.6000000238418579
intersection:16, mean_episode_reward:0.0, mean_queue:0.0
intersection:17, mean_episode_reward:0.0, mean_queue:0.0
intersection:18, mean_episode_reward:0.0, mean_queue:0.0
intersection:19, mean_episode_reward:0.0, mean_queue:0.0
intersection:20, mean_episode_reward:0.0, mean_queue:0.0
intersection:21, mean_episode_reward:0.0, mean_queue:0.0
intersection:22, mean_episode_reward:0.0, mean_queue:0.0
intersection:23, mean_episode_reward:0.0, mean_queue:0.0
intersection:24, mean_episode_reward:0.0, mean_queue:0.0
intersection:25, mean_episode_reward:0.0, mean_queue:0.0
intersection:26, mean_episode_reward:0.0, mean_queue:0.0
intersection:27, mean_episode_reward:0.0, mean_queue:0.0
intersection:28, mean_episode_reward:0.0, mean_queue:0.0
intersection:29, mean_episode_reward:0.0, mean_queue:0.0
intersection:30, mean_episode_reward:0.0, mean_queue:0.0
intersection:31, mean_episode_reward:0.0, mean_queue:0.0
Test step:167/200, travel time :186.41046831955921, rewards:-11.296946885850694, queue:0.4092881944444444, delay:0.026033923361036514, throughput:1452
step:3600/3600, q_loss:0.3234730660915375, rewards:-12.656947157118056, queue:0.45477430555555554, delay:0.027916709582010906, throughput:1452
episode:168/200, real avg travel time:189.11157024793388
intersection:0, mean_episode_reward:-0.8000000715255737, mean_queue:0.8999999761581421
intersection:1, mean_episode_reward:-0.8180557489395142, mean_queue:0.9416666626930237
intersection:2, mean_episode_reward:-0.894166886806488, mean_queue:1.0138888359069824
intersection:3, mean_episode_reward:-0.7541669011116028, mean_queue:0.8805555701255798
intersection:4, mean_episode_reward:-0.9033335447311401, mean_queue:1.0361111164093018
intersection:5, mean_episode_reward:-0.8050000667572021, mean_queue:0.949999988079071
intersection:6, mean_episode_reward:-0.8302780389785767, mean_queue:0.9416666626930237
intersection:7, mean_episode_reward:-0.48055580258369446, mean_queue:0.5861111283302307
intersection:8, mean_episode_reward:-0.8827781081199646, mean_queue:0.9972222447395325
intersection:9, mean_episode_reward:-1.0044447183609009, mean_queue:1.1472222805023193
intersection:10, mean_episode_reward:-0.8008332848548889, mean_queue:0.9111111164093018
intersection:11, mean_episode_reward:-0.8202779293060303, mean_queue:0.9333333373069763
intersection:12, mean_episode_reward:-0.7761110663414001, mean_queue:0.875
intersection:13, mean_episode_reward:-0.8644447922706604, mean_queue:1.0111111402511597
intersection:14, mean_episode_reward:-0.6000001430511475, mean_queue:0.7055555582046509
intersection:15, mean_episode_reward:-0.6225004196166992, mean_queue:0.7222222089767456
intersection:16, mean_episode_reward:0.0, mean_queue:0.0
intersection:17, mean_episode_reward:0.0, mean_queue:0.0
intersection:18, mean_episode_reward:0.0, mean_queue:0.0
intersection:19, mean_episode_reward:0.0, mean_queue:0.0
intersection:20, mean_episode_reward:0.0, mean_queue:0.0
intersection:21, mean_episode_reward:0.0, mean_queue:0.0
intersection:22, mean_episode_reward:0.0, mean_queue:0.0
intersection:23, mean_episode_reward:0.0, mean_queue:0.0
intersection:24, mean_episode_reward:0.0, mean_queue:0.0
intersection:25, mean_episode_reward:0.0, mean_queue:0.0
intersection:26, mean_episode_reward:0.0, mean_queue:0.0
intersection:27, mean_episode_reward:0.0, mean_queue:0.0
intersection:28, mean_episode_reward:0.0, mean_queue:0.0
intersection:29, mean_episode_reward:0.0, mean_queue:0.0
intersection:30, mean_episode_reward:0.0, mean_queue:0.0
intersection:31, mean_episode_reward:0.0, mean_queue:0.0
Test step:168/200, travel time :186.0379048931771, rewards:-11.037779405381944, queue:0.39895833333333336, delay:0.02551519605848524, throughput:1451
step:3600/3600, q_loss:0.34612518548965454, rewards:-12.333336046006945, queue:0.4449652777777778, delay:0.02763445112440321, throughput:1450
episode:169/200, real avg travel time:188.84344827586207
intersection:0, mean_episode_reward:-0.9550002217292786, mean_queue:1.0833333730697632
intersection:1, mean_episode_reward:-0.9916670322418213, mean_queue:1.105555534362793
intersection:2, mean_episode_reward:-0.939166784286499, mean_queue:1.0805555582046509
intersection:3, mean_episode_reward:-0.6691668629646301, mean_queue:0.7833333611488342
intersection:4, mean_episode_reward:-0.8586108684539795, mean_queue:0.9777777791023254
intersection:5, mean_episode_reward:-0.676944375038147, mean_queue:0.8138889074325562
intersection:6, mean_episode_reward:-0.740000307559967, mean_queue:0.8444444537162781
intersection:7, mean_episode_reward:-0.5241667628288269, mean_queue:0.6277777552604675
intersection:8, mean_episode_reward:-0.9080556035041809, mean_queue:1.0166666507720947
intersection:9, mean_episode_reward:-0.8561112284660339, mean_queue:0.9833333492279053
intersection:10, mean_episode_reward:-0.6580554842948914, mean_queue:0.7861111164093018
intersection:11, mean_episode_reward:-0.7230559587478638, mean_queue:0.8444444537162781
intersection:12, mean_episode_reward:-0.7605556845664978, mean_queue:0.8666666746139526
intersection:13, mean_episode_reward:-0.7338889837265015, mean_queue:0.855555534362793
intersection:14, mean_episode_reward:-0.5741668939590454, mean_queue:0.675000011920929
intersection:15, mean_episode_reward:-0.764722466468811, mean_queue:0.894444465637207
intersection:16, mean_episode_reward:0.0, mean_queue:0.0
intersection:17, mean_episode_reward:0.0, mean_queue:0.0
intersection:18, mean_episode_reward:0.0, mean_queue:0.0
intersection:19, mean_episode_reward:0.0, mean_queue:0.0
intersection:20, mean_episode_reward:0.0, mean_queue:0.0
intersection:21, mean_episode_reward:0.0, mean_queue:0.0
intersection:22, mean_episode_reward:0.0, mean_queue:0.0
intersection:23, mean_episode_reward:0.0, mean_queue:0.0
intersection:24, mean_episode_reward:0.0, mean_queue:0.0
intersection:25, mean_episode_reward:0.0, mean_queue:0.0
intersection:26, mean_episode_reward:0.0, mean_queue:0.0
intersection:27, mean_episode_reward:0.0, mean_queue:0.0
intersection:28, mean_episode_reward:0.0, mean_queue:0.0
intersection:29, mean_episode_reward:0.0, mean_queue:0.0
intersection:30, mean_episode_reward:0.0, mean_queue:0.0
intersection:31, mean_episode_reward:0.0, mean_queue:0.0
Test step:169/200, travel time :188.39944903581267, rewards:-11.985557725694445, queue:0.4331597222222222, delay:0.027428041564093696, throughput:1452
step:3600/3600, q_loss:0.3275717794895172, rewards:-12.365280490451388, queue:0.44461805555555556, delay:0.027603668636745876, throughput:1453
episode:170/200, real avg travel time:189.36063317274605
intersection:0, mean_episode_reward:-0.8086114525794983, mean_queue:0.9166666865348816
intersection:1, mean_episode_reward:-0.6944446563720703, mean_queue:0.8111110925674438
intersection:2, mean_episode_reward:-0.9816669225692749, mean_queue:1.1027777194976807
intersection:3, mean_episode_reward:-0.7522225379943848, mean_queue:0.8527777791023254
intersection:4, mean_episode_reward:-1.0027779340744019, mean_queue:1.130555510520935
intersection:5, mean_episode_reward:-0.743611216545105, mean_queue:0.8694444298744202
intersection:6, mean_episode_reward:-0.5450003147125244, mean_queue:0.6388888955116272
intersection:7, mean_episode_reward:-0.4719446301460266, mean_queue:0.5861111283302307
intersection:8, mean_episode_reward:-1.0508334636688232, mean_queue:1.1722222566604614
intersection:9, mean_episode_reward:-0.8088889122009277, mean_queue:0.9472222328186035
intersection:10, mean_episode_reward:-0.7475003004074097, mean_queue:0.855555534362793
intersection:11, mean_episode_reward:-0.9013890027999878, mean_queue:1.0305556058883667
intersection:12, mean_episode_reward:-0.7941668033599854, mean_queue:0.9055555462837219
intersection:13, mean_episode_reward:-0.801389217376709, mean_queue:0.9416666626930237
intersection:14, mean_episode_reward:-0.5497221350669861, mean_queue:0.6527777910232544
intersection:15, mean_episode_reward:-0.7111113667488098, mean_queue:0.8138889074325562
intersection:16, mean_episode_reward:0.0, mean_queue:0.0
intersection:17, mean_episode_reward:0.0, mean_queue:0.0
intersection:18, mean_episode_reward:0.0, mean_queue:0.0
intersection:19, mean_episode_reward:0.0, mean_queue:0.0
intersection:20, mean_episode_reward:0.0, mean_queue:0.0
intersection:21, mean_episode_reward:0.0, mean_queue:0.0
intersection:22, mean_episode_reward:0.0, mean_queue:0.0
intersection:23, mean_episode_reward:0.0, mean_queue:0.0
intersection:24, mean_episode_reward:0.0, mean_queue:0.0
intersection:25, mean_episode_reward:0.0, mean_queue:0.0
intersection:26, mean_episode_reward:0.0, mean_queue:0.0
intersection:27, mean_episode_reward:0.0, mean_queue:0.0
intersection:28, mean_episode_reward:0.0, mean_queue:0.0
intersection:29, mean_episode_reward:0.0, mean_queue:0.0
intersection:30, mean_episode_reward:0.0, mean_queue:0.0
intersection:31, mean_episode_reward:0.0, mean_queue:0.0
Test step:170/200, travel time :186.8688750862664, rewards:-11.635557725694444, queue:0.4215277777777778, delay:0.026851860682169597, throughput:1449
step:3600/3600, q_loss:0.34385955333709717, rewards:-12.060557725694444, queue:0.4361979166666667, delay:0.027037199338277182, throughput:1451
episode:171/200, real avg travel time:188.24052377670571
intersection:0, mean_episode_reward:-0.9972221255302429, mean_queue:1.1222221851348877
intersection:1, mean_episode_reward:-0.8391665816307068, mean_queue:0.9666666388511658
intersection:2, mean_episode_reward:-0.9011114239692688, mean_queue:1.0333333015441895
intersection:3, mean_episode_reward:-0.722500205039978, mean_queue:0.8361111283302307
intersection:4, mean_episode_reward:-0.98638916015625, mean_queue:1.144444465637207
intersection:5, mean_episode_reward:-0.5730556845664978, mean_queue:0.6805555820465088
intersection:6, mean_episode_reward:-0.5880557894706726, mean_queue:0.6972222328186035
intersection:7, mean_episode_reward:-0.49138903617858887, mean_queue:0.5861111283302307
intersection:8, mean_episode_reward:-0.7925001382827759, mean_queue:0.9083333611488342
intersection:9, mean_episode_reward:-0.8136111497879028, mean_queue:0.9333333373069763
intersection:10, mean_episode_reward:-0.7788889408111572, mean_queue:0.8861111402511597
intersection:11, mean_episode_reward:-0.9283338189125061, mean_queue:1.0472222566604614
intersection:12, mean_episode_reward:-0.7747222781181335, mean_queue:0.875
intersection:13, mean_episode_reward:-0.6916670203208923, mean_queue:0.8277778029441833
intersection:14, mean_episode_reward:-0.5819447636604309, mean_queue:0.6944444179534912
intersection:15, mean_episode_reward:-0.6000001430511475, mean_queue:0.7194444537162781
intersection:16, mean_episode_reward:0.0, mean_queue:0.0
intersection:17, mean_episode_reward:0.0, mean_queue:0.0
intersection:18, mean_episode_reward:0.0, mean_queue:0.0
intersection:19, mean_episode_reward:0.0, mean_queue:0.0
intersection:20, mean_episode_reward:0.0, mean_queue:0.0
intersection:21, mean_episode_reward:0.0, mean_queue:0.0
intersection:22, mean_episode_reward:0.0, mean_queue:0.0
intersection:23, mean_episode_reward:0.0, mean_queue:0.0
intersection:24, mean_episode_reward:0.0, mean_queue:0.0
intersection:25, mean_episode_reward:0.0, mean_queue:0.0
intersection:26, mean_episode_reward:0.0, mean_queue:0.0
intersection:27, mean_episode_reward:0.0, mean_queue:0.0
intersection:28, mean_episode_reward:0.0, mean_queue:0.0
intersection:29, mean_episode_reward:0.0, mean_queue:0.0
intersection:30, mean_episode_reward:0.0, mean_queue:0.0
intersection:31, mean_episode_reward:0.0, mean_queue:0.0
Test step:171/200, travel time :188.79215416379904, rewards:-12.542780219184028, queue:0.44722222222222224, delay:0.02693777084350586, throughput:1453
step:3600/3600, q_loss:0.35164526104927063, rewards:-11.620001898871529, queue:0.4223090277777778, delay:0.026763619316948786, throughput:1453
episode:172/200, real avg travel time:187.11906400550586
intersection:0, mean_episode_reward:-0.7752780318260193, mean_queue:0.8722222447395325
intersection:1, mean_episode_reward:-0.7472221255302429, mean_queue:0.8583333492279053
intersection:2, mean_episode_reward:-0.8811110854148865, mean_queue:1.0166666507720947
intersection:3, mean_episode_reward:-0.6733333468437195, mean_queue:0.7944444417953491
intersection:4, mean_episode_reward:-0.9183335900306702, mean_queue:1.0416666269302368
intersection:5, mean_episode_reward:-0.664444625377655, mean_queue:0.7805555462837219
intersection:6, mean_episode_reward:-0.6616669297218323, mean_queue:0.7972221970558167
intersection:7, mean_episode_reward:-0.3599999248981476, mean_queue:0.4555555582046509
intersection:8, mean_episode_reward:-0.8169445395469666, mean_queue:0.9333333373069763
intersection:9, mean_episode_reward:-0.8355554342269897, mean_queue:0.9333333373069763
intersection:10, mean_episode_reward:-0.7105557918548584, mean_queue:0.824999988079071
intersection:11, mean_episode_reward:-0.7625001668930054, mean_queue:0.8972222208976746
intersection:12, mean_episode_reward:-0.8163890242576599, mean_queue:0.9361110925674438
intersection:13, mean_episode_reward:-0.7955557703971863, mean_queue:0.9361110925674438
intersection:14, mean_episode_reward:-0.6411113739013672, mean_queue:0.7611111402511597
intersection:15, mean_episode_reward:-0.5600001811981201, mean_queue:0.675000011920929
intersection:16, mean_episode_reward:0.0, mean_queue:0.0
intersection:17, mean_episode_reward:0.0, mean_queue:0.0
intersection:18, mean_episode_reward:0.0, mean_queue:0.0
intersection:19, mean_episode_reward:0.0, mean_queue:0.0
intersection:20, mean_episode_reward:0.0, mean_queue:0.0
intersection:21, mean_episode_reward:0.0, mean_queue:0.0
intersection:22, mean_episode_reward:0.0, mean_queue:0.0
intersection:23, mean_episode_reward:0.0, mean_queue:0.0
intersection:24, mean_episode_reward:0.0, mean_queue:0.0
intersection:25, mean_episode_reward:0.0, mean_queue:0.0
intersection:26, mean_episode_reward:0.0, mean_queue:0.0
intersection:27, mean_episode_reward:0.0, mean_queue:0.0
intersection:28, mean_episode_reward:0.0, mean_queue:0.0
intersection:29, mean_episode_reward:0.0, mean_queue:0.0
intersection:30, mean_episode_reward:0.0, mean_queue:0.0
intersection:31, mean_episode_reward:0.0, mean_queue:0.0
Test step:172/200, travel time :188.4762232942798, rewards:-12.303059895833334, queue:0.44253472222222223, delay:0.02682287163204617, throughput:1451
step:3600/3600, q_loss:0.3373405337333679, rewards:-11.946392144097222, queue:0.4290798611111111, delay:0.026898452970716687, throughput:1453
episode:173/200, real avg travel time:187.66414315209911
intersection:0, mean_episode_reward:-0.7736113667488098, mean_queue:0.875
intersection:1, mean_episode_reward:-0.8797221779823303, mean_queue:1.0111111402511597
intersection:2, mean_episode_reward:-0.8919444680213928, mean_queue:1.0305556058883667
intersection:3, mean_episode_reward:-0.590555727481842, mean_queue:0.6888889074325562
intersection:4, mean_episode_reward:-0.9116668701171875, mean_queue:1.0305556058883667
intersection:5, mean_episode_reward:-0.7477778792381287, mean_queue:0.855555534362793
intersection:6, mean_episode_reward:-0.7294447422027588, mean_queue:0.8444444537162781
intersection:7, mean_episode_reward:-0.4950002133846283, mean_queue:0.5833333134651184
intersection:8, mean_episode_reward:-0.8969445824623108, mean_queue:1.019444465637207
intersection:9, mean_episode_reward:-0.991111159324646, mean_queue:1.119444489479065
intersection:10, mean_episode_reward:-0.7580556869506836, mean_queue:0.855555534362793
intersection:11, mean_episode_reward:-0.7866670489311218, mean_queue:0.8972222208976746
intersection:12, mean_episode_reward:-0.6925000548362732, mean_queue:0.7888888716697693
intersection:13, mean_episode_reward:-0.7325000166893005, mean_queue:0.8583333492279053
intersection:14, mean_episode_reward:-0.555000364780426, mean_queue:0.6694444417953491
intersection:15, mean_episode_reward:-0.5138890147209167, mean_queue:0.6027777791023254
intersection:16, mean_episode_reward:0.0, mean_queue:0.0
intersection:17, mean_episode_reward:0.0, mean_queue:0.0
intersection:18, mean_episode_reward:0.0, mean_queue:0.0
intersection:19, mean_episode_reward:0.0, mean_queue:0.0
intersection:20, mean_episode_reward:0.0, mean_queue:0.0
intersection:21, mean_episode_reward:0.0, mean_queue:0.0
intersection:22, mean_episode_reward:0.0, mean_queue:0.0
intersection:23, mean_episode_reward:0.0, mean_queue:0.0
intersection:24, mean_episode_reward:0.0, mean_queue:0.0
intersection:25, mean_episode_reward:0.0, mean_queue:0.0
intersection:26, mean_episode_reward:0.0, mean_queue:0.0
intersection:27, mean_episode_reward:0.0, mean_queue:0.0
intersection:28, mean_episode_reward:0.0, mean_queue:0.0
intersection:29, mean_episode_reward:0.0, mean_queue:0.0
intersection:30, mean_episode_reward:0.0, mean_queue:0.0
intersection:31, mean_episode_reward:0.0, mean_queue:0.0
Test step:173/200, travel time :189.57575757575756, rewards:-12.755558268229167, queue:0.4591145833333333, delay:0.028562045097351073, throughput:1452
step:3600/3600, q_loss:0.32802996039390564, rewards:-12.227780490451389, queue:0.44123263888888886, delay:0.02723606957329644, throughput:1452
episode:174/200, real avg travel time:188.39187327823691
intersection:0, mean_episode_reward:-0.9597227573394775, mean_queue:1.100000023841858
intersection:1, mean_episode_reward:-0.8600002527236938, mean_queue:1.0027778148651123
intersection:2, mean_episode_reward:-0.8263890743255615, mean_queue:0.9444444179534912
intersection:3, mean_episode_reward:-0.664167046546936, mean_queue:0.7666666507720947
intersection:4, mean_episode_reward:-0.9561113119125366, mean_queue:1.0805555582046509
intersection:5, mean_episode_reward:-0.612500011920929, mean_queue:0.7361111044883728
intersection:6, mean_episode_reward:-0.646666944026947, mean_queue:0.7666666507720947
intersection:7, mean_episode_reward:-0.4380555748939514, mean_queue:0.550000011920929
intersection:8, mean_episode_reward:-0.8580554723739624, mean_queue:0.9611111283302307
intersection:9, mean_episode_reward:-0.8163890242576599, mean_queue:0.9361110925674438
intersection:10, mean_episode_reward:-0.771388828754425, mean_queue:0.8916666507720947
intersection:11, mean_episode_reward:-0.833055853843689, mean_queue:0.9611111283302307
intersection:12, mean_episode_reward:-0.771666944026947, mean_queue:0.8777777552604675
intersection:13, mean_episode_reward:-0.8827779293060303, mean_queue:1.0166666507720947
intersection:14, mean_episode_reward:-0.7086113691329956, mean_queue:0.8138889074325562
intersection:15, mean_episode_reward:-0.6222227811813354, mean_queue:0.7138888835906982
intersection:16, mean_episode_reward:0.0, mean_queue:0.0
intersection:17, mean_episode_reward:0.0, mean_queue:0.0
intersection:18, mean_episode_reward:0.0, mean_queue:0.0
intersection:19, mean_episode_reward:0.0, mean_queue:0.0
intersection:20, mean_episode_reward:0.0, mean_queue:0.0
intersection:21, mean_episode_reward:0.0, mean_queue:0.0
intersection:22, mean_episode_reward:0.0, mean_queue:0.0
intersection:23, mean_episode_reward:0.0, mean_queue:0.0
intersection:24, mean_episode_reward:0.0, mean_queue:0.0
intersection:25, mean_episode_reward:0.0, mean_queue:0.0
intersection:26, mean_episode_reward:0.0, mean_queue:0.0
intersection:27, mean_episode_reward:0.0, mean_queue:0.0
intersection:28, mean_episode_reward:0.0, mean_queue:0.0
intersection:29, mean_episode_reward:0.0, mean_queue:0.0
intersection:30, mean_episode_reward:0.0, mean_queue:0.0
intersection:31, mean_episode_reward:0.0, mean_queue:0.0
Test step:174/200, travel time :189.18758620689655, rewards:-12.523335774739584, queue:0.4501736111111111, delay:0.027259095509847005, throughput:1450
step:3600/3600, q_loss:0.3508795499801636, rewards:-12.505002170138889, queue:0.4479166666666667, delay:0.027474419275919596, throughput:1450
episode:175/200, real avg travel time:189.13931034482758
intersection:0, mean_episode_reward:-1.0269443988800049, mean_queue:1.1333333253860474
intersection:1, mean_episode_reward:-1.0197224617004395, mean_queue:1.1388888359069824
intersection:2, mean_episode_reward:-0.9902781844139099, mean_queue:1.1111111640930176
intersection:3, mean_episode_reward:-0.6555558443069458, mean_queue:0.7749999761581421
intersection:4, mean_episode_reward:-0.8469445109367371, mean_queue:0.9861111044883728
intersection:5, mean_episode_reward:-0.644166886806488, mean_queue:0.7583333253860474
intersection:6, mean_episode_reward:-0.7083334922790527, mean_queue:0.8194444179534912
intersection:7, mean_episode_reward:-0.5291668772697449, mean_queue:0.6222222447395325
intersection:8, mean_episode_reward:-1.046944499015808, mean_queue:1.1722222566604614
intersection:9, mean_episode_reward:-0.7838888168334961, mean_queue:0.8805555701255798
intersection:10, mean_episode_reward:-0.7391664385795593, mean_queue:0.8416666388511658
intersection:11, mean_episode_reward:-0.7130558490753174, mean_queue:0.8361111283302307
intersection:12, mean_episode_reward:-0.8125001788139343, mean_queue:0.9361110925674438
intersection:13, mean_episode_reward:-0.8008334040641785, mean_queue:0.9277777671813965
intersection:14, mean_episode_reward:-0.655555784702301, mean_queue:0.7749999761581421
intersection:15, mean_episode_reward:-0.5319446325302124, mean_queue:0.6194444298744202
intersection:16, mean_episode_reward:0.0, mean_queue:0.0
intersection:17, mean_episode_reward:0.0, mean_queue:0.0
intersection:18, mean_episode_reward:0.0, mean_queue:0.0
intersection:19, mean_episode_reward:0.0, mean_queue:0.0
intersection:20, mean_episode_reward:0.0, mean_queue:0.0
intersection:21, mean_episode_reward:0.0, mean_queue:0.0
intersection:22, mean_episode_reward:0.0, mean_queue:0.0
intersection:23, mean_episode_reward:0.0, mean_queue:0.0
intersection:24, mean_episode_reward:0.0, mean_queue:0.0
intersection:25, mean_episode_reward:0.0, mean_queue:0.0
intersection:26, mean_episode_reward:0.0, mean_queue:0.0
intersection:27, mean_episode_reward:0.0, mean_queue:0.0
intersection:28, mean_episode_reward:0.0, mean_queue:0.0
intersection:29, mean_episode_reward:0.0, mean_queue:0.0
intersection:30, mean_episode_reward:0.0, mean_queue:0.0
intersection:31, mean_episode_reward:0.0, mean_queue:0.0
Test step:175/200, travel time :187.8216253443526, rewards:-11.999169921875, queue:0.4331597222222222, delay:0.027156167560153537, throughput:1452
step:3600/3600, q_loss:0.33137819170951843, rewards:-12.223613823784722, queue:0.44071180555555556, delay:0.027257924609714084, throughput:1453
episode:176/200, real avg travel time:188.54645560908466
intersection:0, mean_episode_reward:-0.849444568157196, mean_queue:0.9611111283302307
intersection:1, mean_episode_reward:-0.9052779078483582, mean_queue:1.0277777910232544
intersection:2, mean_episode_reward:-1.0822221040725708, mean_queue:1.2194443941116333
intersection:3, mean_episode_reward:-0.6441668272018433, mean_queue:0.7666666507720947
intersection:4, mean_episode_reward:-0.8936113715171814, mean_queue:1.024999976158142
intersection:5, mean_episode_reward:-0.6363890171051025, mean_queue:0.7666666507720947
intersection:6, mean_episode_reward:-0.6825001835823059, mean_queue:0.7805555462837219
intersection:7, mean_episode_reward:-0.5102779865264893, mean_queue:0.6000000238418579
intersection:8, mean_episode_reward:-1.0180556774139404, mean_queue:1.1222221851348877
intersection:9, mean_episode_reward:-0.7863890528678894, mean_queue:0.9222221970558167
intersection:10, mean_episode_reward:-0.7552778720855713, mean_queue:0.8805555701255798
intersection:11, mean_episode_reward:-0.6625000834465027, mean_queue:0.7805555462837219
intersection:12, mean_episode_reward:-0.7955557703971863, mean_queue:0.9111111164093018
intersection:13, mean_episode_reward:-0.8549998998641968, mean_queue:0.9888888597488403
intersection:14, mean_episode_reward:-0.6677780747413635, mean_queue:0.7833333611488342
intersection:15, mean_episode_reward:-0.47916674613952637, mean_queue:0.5666666626930237
intersection:16, mean_episode_reward:0.0, mean_queue:0.0
intersection:17, mean_episode_reward:0.0, mean_queue:0.0
intersection:18, mean_episode_reward:0.0, mean_queue:0.0
intersection:19, mean_episode_reward:0.0, mean_queue:0.0
intersection:20, mean_episode_reward:0.0, mean_queue:0.0
intersection:21, mean_episode_reward:0.0, mean_queue:0.0
intersection:22, mean_episode_reward:0.0, mean_queue:0.0
intersection:23, mean_episode_reward:0.0, mean_queue:0.0
intersection:24, mean_episode_reward:0.0, mean_queue:0.0
intersection:25, mean_episode_reward:0.0, mean_queue:0.0
intersection:26, mean_episode_reward:0.0, mean_queue:0.0
intersection:27, mean_episode_reward:0.0, mean_queue:0.0
intersection:28, mean_episode_reward:0.0, mean_queue:0.0
intersection:29, mean_episode_reward:0.0, mean_queue:0.0
intersection:30, mean_episode_reward:0.0, mean_queue:0.0
intersection:31, mean_episode_reward:0.0, mean_queue:0.0
Test step:176/200, travel time :189.37878787878788, rewards:-12.34250217013889, queue:0.4447048611111111, delay:0.02749844127231174, throughput:1452
step:3600/3600, q_loss:0.34518375992774963, rewards:-11.950835503472222, queue:0.43116319444444445, delay:0.02704316775004069, throughput:1452
episode:177/200, real avg travel time:187.55371900826447
intersection:0, mean_episode_reward:-0.8769443035125732, mean_queue:0.9916666746139526
intersection:1, mean_episode_reward:-0.9233332872390747, mean_queue:1.0638889074325562
intersection:2, mean_episode_reward:-0.8263890743255615, mean_queue:0.9583333134651184
intersection:3, mean_episode_reward:-0.598333477973938, mean_queue:0.7138888835906982
intersection:4, mean_episode_reward:-0.7780560255050659, mean_queue:0.9111111164093018
intersection:5, mean_episode_reward:-0.8188892006874084, mean_queue:0.925000011920929
intersection:6, mean_episode_reward:-0.6677780747413635, mean_queue:0.7888888716697693
intersection:7, mean_episode_reward:-0.42305561900138855, mean_queue:0.49166667461395264
intersection:8, mean_episode_reward:-0.9930558204650879, mean_queue:1.1111111640930176
intersection:9, mean_episode_reward:-0.7908334732055664, mean_queue:0.9277777671813965
intersection:10, mean_episode_reward:-0.7402777075767517, mean_queue:0.8388888835906982
intersection:11, mean_episode_reward:-0.750555694103241, mean_queue:0.8666666746139526
intersection:12, mean_episode_reward:-0.8230556845664978, mean_queue:0.9277777671813965
intersection:13, mean_episode_reward:-0.7669446468353271, mean_queue:0.8999999761581421
intersection:14, mean_episode_reward:-0.5691669583320618, mean_queue:0.675000011920929
intersection:15, mean_episode_reward:-0.604167103767395, mean_queue:0.7055555582046509
intersection:16, mean_episode_reward:0.0, mean_queue:0.0
intersection:17, mean_episode_reward:0.0, mean_queue:0.0
intersection:18, mean_episode_reward:0.0, mean_queue:0.0
intersection:19, mean_episode_reward:0.0, mean_queue:0.0
intersection:20, mean_episode_reward:0.0, mean_queue:0.0
intersection:21, mean_episode_reward:0.0, mean_queue:0.0
intersection:22, mean_episode_reward:0.0, mean_queue:0.0
intersection:23, mean_episode_reward:0.0, mean_queue:0.0
intersection:24, mean_episode_reward:0.0, mean_queue:0.0
intersection:25, mean_episode_reward:0.0, mean_queue:0.0
intersection:26, mean_episode_reward:0.0, mean_queue:0.0
intersection:27, mean_episode_reward:0.0, mean_queue:0.0
intersection:28, mean_episode_reward:0.0, mean_queue:0.0
intersection:29, mean_episode_reward:0.0, mean_queue:0.0
intersection:30, mean_episode_reward:0.0, mean_queue:0.0
intersection:31, mean_episode_reward:0.0, mean_queue:0.0
Test step:177/200, travel time :187.74776016540318, rewards:-11.795556640625, queue:0.42552083333333335, delay:0.02650771141052246, throughput:1451
step:3600/3600, q_loss:0.3308751881122589, rewards:-12.565836588541666, queue:0.45164930555555555, delay:0.027889140446980796, throughput:1453
episode:178/200, real avg travel time:188.86854783207158
intersection:0, mean_episode_reward:-0.9088891744613647, mean_queue:1.0472222566604614
intersection:1, mean_episode_reward:-0.8413891196250916, mean_queue:0.9555555582046509
intersection:2, mean_episode_reward:-0.8022223711013794, mean_queue:0.9111111164093018
intersection:3, mean_episode_reward:-0.5902779698371887, mean_queue:0.7194444537162781
intersection:4, mean_episode_reward:-1.0122220516204834, mean_queue:1.1527777910232544
intersection:5, mean_episode_reward:-0.8963890075683594, mean_queue:1.038888931274414
intersection:6, mean_episode_reward:-0.7619446516036987, mean_queue:0.8777777552604675
intersection:7, mean_episode_reward:-0.5425003170967102, mean_queue:0.6333333253860474
intersection:8, mean_episode_reward:-0.9333335757255554, mean_queue:1.0527777671813965
intersection:9, mean_episode_reward:-0.8713892698287964, mean_queue:1.0111111402511597
intersection:10, mean_episode_reward:-0.845000147819519, mean_queue:0.949999988079071
intersection:11, mean_episode_reward:-0.7797223329544067, mean_queue:0.8777777552604675
intersection:12, mean_episode_reward:-0.7872223854064941, mean_queue:0.894444465637207
intersection:13, mean_episode_reward:-0.8163890242576599, mean_queue:0.9277777671813965
intersection:14, mean_episode_reward:-0.5886114835739136, mean_queue:0.7138888835906982
intersection:15, mean_episode_reward:-0.5883335471153259, mean_queue:0.6888889074325562
intersection:16, mean_episode_reward:0.0, mean_queue:0.0
intersection:17, mean_episode_reward:0.0, mean_queue:0.0
intersection:18, mean_episode_reward:0.0, mean_queue:0.0
intersection:19, mean_episode_reward:0.0, mean_queue:0.0
intersection:20, mean_episode_reward:0.0, mean_queue:0.0
intersection:21, mean_episode_reward:0.0, mean_queue:0.0
intersection:22, mean_episode_reward:0.0, mean_queue:0.0
intersection:23, mean_episode_reward:0.0, mean_queue:0.0
intersection:24, mean_episode_reward:0.0, mean_queue:0.0
intersection:25, mean_episode_reward:0.0, mean_queue:0.0
intersection:26, mean_episode_reward:0.0, mean_queue:0.0
intersection:27, mean_episode_reward:0.0, mean_queue:0.0
intersection:28, mean_episode_reward:0.0, mean_queue:0.0
intersection:29, mean_episode_reward:0.0, mean_queue:0.0
intersection:30, mean_episode_reward:0.0, mean_queue:0.0
intersection:31, mean_episode_reward:0.0, mean_queue:0.0
Test step:178/200, travel time :188.24432209222297, rewards:-12.370836046006945, queue:0.4439236111111111, delay:0.02686681482526991, throughput:1453
step:3600/3600, q_loss:0.3393844664096832, rewards:-11.6594482421875, queue:0.4230902777777778, delay:0.026173933347066244, throughput:1452
episode:179/200, real avg travel time:186.69214876033058
intersection:0, mean_episode_reward:-0.7755559086799622, mean_queue:0.894444465637207
intersection:1, mean_episode_reward:-0.9008335471153259, mean_queue:1.0166666507720947
intersection:2, mean_episode_reward:-0.9286113381385803, mean_queue:1.0750000476837158
intersection:3, mean_episode_reward:-0.6336111426353455, mean_queue:0.7583333253860474
intersection:4, mean_episode_reward:-0.8561112880706787, mean_queue:0.9972222447395325
intersection:5, mean_episode_reward:-0.6975002288818359, mean_queue:0.7944444417953491
intersection:6, mean_episode_reward:-0.6130556464195251, mean_queue:0.7361111044883728
intersection:7, mean_episode_reward:-0.5236114263534546, mean_queue:0.6222222447395325
intersection:8, mean_episode_reward:-0.9022225141525269, mean_queue:1.0222222805023193
intersection:9, mean_episode_reward:-0.8130555748939514, mean_queue:0.9388889074325562
intersection:10, mean_episode_reward:-0.619444727897644, mean_queue:0.7194444537162781
intersection:11, mean_episode_reward:-0.6436114311218262, mean_queue:0.7611111402511597
intersection:12, mean_episode_reward:-0.7713891863822937, mean_queue:0.8722222447395325
intersection:13, mean_episode_reward:-0.7072223424911499, mean_queue:0.8444444537162781
intersection:14, mean_episode_reward:-0.593055784702301, mean_queue:0.7027778029441833
intersection:15, mean_episode_reward:-0.6805555820465088, mean_queue:0.7833333611488342
intersection:16, mean_episode_reward:0.0, mean_queue:0.0
intersection:17, mean_episode_reward:0.0, mean_queue:0.0
intersection:18, mean_episode_reward:0.0, mean_queue:0.0
intersection:19, mean_episode_reward:0.0, mean_queue:0.0
intersection:20, mean_episode_reward:0.0, mean_queue:0.0
intersection:21, mean_episode_reward:0.0, mean_queue:0.0
intersection:22, mean_episode_reward:0.0, mean_queue:0.0
intersection:23, mean_episode_reward:0.0, mean_queue:0.0
intersection:24, mean_episode_reward:0.0, mean_queue:0.0
intersection:25, mean_episode_reward:0.0, mean_queue:0.0
intersection:26, mean_episode_reward:0.0, mean_queue:0.0
intersection:27, mean_episode_reward:0.0, mean_queue:0.0
intersection:28, mean_episode_reward:0.0, mean_queue:0.0
intersection:29, mean_episode_reward:0.0, mean_queue:0.0
intersection:30, mean_episode_reward:0.0, mean_queue:0.0
intersection:31, mean_episode_reward:0.0, mean_queue:0.0
Test step:179/200, travel time :187.73586206896553, rewards:-12.096668836805556, queue:0.43758680555555557, delay:0.027389200528462727, throughput:1450
step:3600/3600, q_loss:0.3198040723800659, rewards:-13.008059353298611, queue:0.46206597222222223, delay:0.027951680289374458, throughput:1452
episode:180/200, real avg travel time:190.6935261707989
intersection:0, mean_episode_reward:-0.8747225403785706, mean_queue:0.9944444298744202
intersection:1, mean_episode_reward:-0.9186111688613892, mean_queue:1.0305556058883667
intersection:2, mean_episode_reward:-1.0688889026641846, mean_queue:1.2055555582046509
intersection:3, mean_episode_reward:-0.755000114440918, mean_queue:0.8805555701255798
intersection:4, mean_episode_reward:-0.8716666102409363, mean_queue:0.9944444298744202
intersection:5, mean_episode_reward:-0.6463890671730042, mean_queue:0.7527777552604675
intersection:6, mean_episode_reward:-0.7422224879264832, mean_queue:0.855555534362793
intersection:7, mean_episode_reward:-0.5605557560920715, mean_queue:0.6666666865348816
intersection:8, mean_episode_reward:-0.9788892269134521, mean_queue:1.0972222089767456
intersection:9, mean_episode_reward:-0.8788888454437256, mean_queue:0.9916666746139526
intersection:10, mean_episode_reward:-0.7488889694213867, mean_queue:0.8527777791023254
intersection:11, mean_episode_reward:-0.9447226524353027, mean_queue:1.0444444417953491
intersection:12, mean_episode_reward:-0.8872228264808655, mean_queue:0.9694444537162781
intersection:13, mean_episode_reward:-0.8975003361701965, mean_queue:1.0166666507720947
intersection:14, mean_episode_reward:-0.6161113381385803, mean_queue:0.7111111283302307
intersection:15, mean_episode_reward:-0.6177780628204346, mean_queue:0.7222222089767456
intersection:16, mean_episode_reward:0.0, mean_queue:0.0
intersection:17, mean_episode_reward:0.0, mean_queue:0.0
intersection:18, mean_episode_reward:0.0, mean_queue:0.0
intersection:19, mean_episode_reward:0.0, mean_queue:0.0
intersection:20, mean_episode_reward:0.0, mean_queue:0.0
intersection:21, mean_episode_reward:0.0, mean_queue:0.0
intersection:22, mean_episode_reward:0.0, mean_queue:0.0
intersection:23, mean_episode_reward:0.0, mean_queue:0.0
intersection:24, mean_episode_reward:0.0, mean_queue:0.0
intersection:25, mean_episode_reward:0.0, mean_queue:0.0
intersection:26, mean_episode_reward:0.0, mean_queue:0.0
intersection:27, mean_episode_reward:0.0, mean_queue:0.0
intersection:28, mean_episode_reward:0.0, mean_queue:0.0
intersection:29, mean_episode_reward:0.0, mean_queue:0.0
intersection:30, mean_episode_reward:0.0, mean_queue:0.0
intersection:31, mean_episode_reward:0.0, mean_queue:0.0
Test step:180/200, travel time :188.18870523415978, rewards:-12.001113552517362, queue:0.43194444444444446, delay:0.02703417936960856, throughput:1452
step:3600/3600, q_loss:0.3100847601890564, rewards:-12.021392144097222, queue:0.4305555555555556, delay:0.026862896813286675, throughput:1452
episode:181/200, real avg travel time:188.34504132231405
intersection:0, mean_episode_reward:-0.8794445395469666, mean_queue:0.9888888597488403
intersection:1, mean_episode_reward:-0.7405556440353394, mean_queue:0.8277778029441833
intersection:2, mean_episode_reward:-0.8986111283302307, mean_queue:1.0277777910232544
intersection:3, mean_episode_reward:-0.8333336710929871, mean_queue:0.9416666626930237
intersection:4, mean_episode_reward:-0.9544446468353271, mean_queue:1.0777777433395386
intersection:5, mean_episode_reward:-0.6161113977432251, mean_queue:0.7111111283302307
intersection:6, mean_episode_reward:-0.5600000023841858, mean_queue:0.6638888716697693
intersection:7, mean_episode_reward:-0.5238890647888184, mean_queue:0.6277777552604675
intersection:8, mean_episode_reward:-0.9402778744697571, mean_queue:1.0611110925674438
intersection:9, mean_episode_reward:-0.7819445133209229, mean_queue:0.8916666507720947
intersection:10, mean_episode_reward:-0.7213889956474304, mean_queue:0.8166666626930237
intersection:11, mean_episode_reward:-0.7894448041915894, mean_queue:0.9083333611488342
intersection:12, mean_episode_reward:-0.6158334612846375, mean_queue:0.7138888835906982
intersection:13, mean_episode_reward:-0.7013890743255615, mean_queue:0.8277778029441833
intersection:14, mean_episode_reward:-0.6719446182250977, mean_queue:0.7749999761581421
intersection:15, mean_episode_reward:-0.7927780747413635, mean_queue:0.9166666865348816
intersection:16, mean_episode_reward:0.0, mean_queue:0.0
intersection:17, mean_episode_reward:0.0, mean_queue:0.0
intersection:18, mean_episode_reward:0.0, mean_queue:0.0
intersection:19, mean_episode_reward:0.0, mean_queue:0.0
intersection:20, mean_episode_reward:0.0, mean_queue:0.0
intersection:21, mean_episode_reward:0.0, mean_queue:0.0
intersection:22, mean_episode_reward:0.0, mean_queue:0.0
intersection:23, mean_episode_reward:0.0, mean_queue:0.0
intersection:24, mean_episode_reward:0.0, mean_queue:0.0
intersection:25, mean_episode_reward:0.0, mean_queue:0.0
intersection:26, mean_episode_reward:0.0, mean_queue:0.0
intersection:27, mean_episode_reward:0.0, mean_queue:0.0
intersection:28, mean_episode_reward:0.0, mean_queue:0.0
intersection:29, mean_episode_reward:0.0, mean_queue:0.0
intersection:30, mean_episode_reward:0.0, mean_queue:0.0
intersection:31, mean_episode_reward:0.0, mean_queue:0.0
Test step:181/200, travel time :186.84583620096353, rewards:-11.59111328125, queue:0.42170138888888886, delay:0.026947021484375, throughput:1453
step:3600/3600, q_loss:0.31776130199432373, rewards:-12.758892144097222, queue:0.45894097222222224, delay:0.02799332936604818, throughput:1452
episode:182/200, real avg travel time:189.59297520661158
intersection:0, mean_episode_reward:-0.8924998641014099, mean_queue:1.0222222805023193
intersection:1, mean_episode_reward:-0.9733337163925171, mean_queue:1.1083333492279053
intersection:2, mean_episode_reward:-0.8841668963432312, mean_queue:1.019444465637207
intersection:3, mean_episode_reward:-0.7175001502037048, mean_queue:0.8416666388511658
intersection:4, mean_episode_reward:-0.8875001072883606, mean_queue:1.0138888359069824
intersection:5, mean_episode_reward:-0.7075002193450928, mean_queue:0.824999988079071
intersection:6, mean_episode_reward:-0.7316667437553406, mean_queue:0.8444444537162781
intersection:7, mean_episode_reward:-0.6352782845497131, mean_queue:0.7277777791023254
intersection:8, mean_episode_reward:-0.8802775740623474, mean_queue:0.9861111044883728
intersection:9, mean_episode_reward:-0.7747224569320679, mean_queue:0.9138888716697693
intersection:10, mean_episode_reward:-0.8294445276260376, mean_queue:0.9416666626930237
intersection:11, mean_episode_reward:-0.8883335590362549, mean_queue:1.0305556058883667
intersection:12, mean_episode_reward:-0.775000274181366, mean_queue:0.8861111402511597
intersection:13, mean_episode_reward:-0.8061114549636841, mean_queue:0.9222221970558167
intersection:14, mean_episode_reward:-0.6161113977432251, mean_queue:0.7361111044883728
intersection:15, mean_episode_reward:-0.7594443559646606, mean_queue:0.8666666746139526
intersection:16, mean_episode_reward:0.0, mean_queue:0.0
intersection:17, mean_episode_reward:0.0, mean_queue:0.0
intersection:18, mean_episode_reward:0.0, mean_queue:0.0
intersection:19, mean_episode_reward:0.0, mean_queue:0.0
intersection:20, mean_episode_reward:0.0, mean_queue:0.0
intersection:21, mean_episode_reward:0.0, mean_queue:0.0
intersection:22, mean_episode_reward:0.0, mean_queue:0.0
intersection:23, mean_episode_reward:0.0, mean_queue:0.0
intersection:24, mean_episode_reward:0.0, mean_queue:0.0
intersection:25, mean_episode_reward:0.0, mean_queue:0.0
intersection:26, mean_episode_reward:0.0, mean_queue:0.0
intersection:27, mean_episode_reward:0.0, mean_queue:0.0
intersection:28, mean_episode_reward:0.0, mean_queue:0.0
intersection:29, mean_episode_reward:0.0, mean_queue:0.0
intersection:30, mean_episode_reward:0.0, mean_queue:0.0
intersection:31, mean_episode_reward:0.0, mean_queue:0.0
Test step:182/200, travel time :187.26083964211975, rewards:-11.97889133029514, queue:0.4315104166666667, delay:0.026880889468722875, throughput:1453
step:3600/3600, q_loss:0.3449498414993286, rewards:-12.087224663628472, queue:0.4362847222222222, delay:0.02726420826382107, throughput:1453
episode:183/200, real avg travel time:188.03234686854782
intersection:0, mean_episode_reward:-0.8538891077041626, mean_queue:0.9916666746139526
intersection:1, mean_episode_reward:-0.8630553483963013, mean_queue:0.9777777791023254
intersection:2, mean_episode_reward:-0.9316666722297668, mean_queue:1.0583332777023315
intersection:3, mean_episode_reward:-0.7594444155693054, mean_queue:0.8888888955116272
intersection:4, mean_episode_reward:-0.8827781677246094, mean_queue:1.0166666507720947
intersection:5, mean_episode_reward:-0.6775001287460327, mean_queue:0.7916666865348816
intersection:6, mean_episode_reward:-0.6305555105209351, mean_queue:0.7166666388511658
intersection:7, mean_episode_reward:-0.48750030994415283, mean_queue:0.5611110925674438
intersection:8, mean_episode_reward:-1.0005559921264648, mean_queue:1.1277778148651123
intersection:9, mean_episode_reward:-0.9469448328018188, mean_queue:1.0694444179534912
intersection:10, mean_episode_reward:-0.6769446730613708, mean_queue:0.800000011920929
intersection:11, mean_episode_reward:-0.6644447445869446, mean_queue:0.7916666865348816
intersection:12, mean_episode_reward:-0.7569447755813599, mean_queue:0.8416666388511658
intersection:13, mean_episode_reward:-0.761667013168335, mean_queue:0.8972222208976746
intersection:14, mean_episode_reward:-0.5461114048957825, mean_queue:0.6805555820465088
intersection:15, mean_episode_reward:-0.6472223401069641, mean_queue:0.75
intersection:16, mean_episode_reward:0.0, mean_queue:0.0
intersection:17, mean_episode_reward:0.0, mean_queue:0.0
intersection:18, mean_episode_reward:0.0, mean_queue:0.0
intersection:19, mean_episode_reward:0.0, mean_queue:0.0
intersection:20, mean_episode_reward:0.0, mean_queue:0.0
intersection:21, mean_episode_reward:0.0, mean_queue:0.0
intersection:22, mean_episode_reward:0.0, mean_queue:0.0
intersection:23, mean_episode_reward:0.0, mean_queue:0.0
intersection:24, mean_episode_reward:0.0, mean_queue:0.0
intersection:25, mean_episode_reward:0.0, mean_queue:0.0
intersection:26, mean_episode_reward:0.0, mean_queue:0.0
intersection:27, mean_episode_reward:0.0, mean_queue:0.0
intersection:28, mean_episode_reward:0.0, mean_queue:0.0
intersection:29, mean_episode_reward:0.0, mean_queue:0.0
intersection:30, mean_episode_reward:0.0, mean_queue:0.0
intersection:31, mean_episode_reward:0.0, mean_queue:0.0
Test step:183/200, travel time :188.41706813489333, rewards:-12.050558810763889, queue:0.43524305555555554, delay:0.027250538931952582, throughput:1453
step:3600/3600, q_loss:0.2920500636100769, rewards:-12.158336046006944, queue:0.43819444444444444, delay:0.027470543649461533, throughput:1453
episode:184/200, real avg travel time:188.59463179628355
intersection:0, mean_episode_reward:-0.8272225856781006, mean_queue:0.9472222328186035
intersection:1, mean_episode_reward:-0.8261110186576843, mean_queue:0.9388889074325562
intersection:2, mean_episode_reward:-0.763888955116272, mean_queue:0.875
intersection:3, mean_episode_reward:-0.6702778935432434, mean_queue:0.7777777910232544
intersection:4, mean_episode_reward:-0.7822225689888, mean_queue:0.9055555462837219
intersection:5, mean_episode_reward:-0.7480555176734924, mean_queue:0.875
intersection:6, mean_episode_reward:-0.7597224116325378, mean_queue:0.8722222447395325
intersection:7, mean_episode_reward:-0.5625002384185791, mean_queue:0.6722221970558167
intersection:8, mean_episode_reward:-1.1230555772781372, mean_queue:1.2416666746139526
intersection:9, mean_episode_reward:-0.8061114549636841, mean_queue:0.9444444179534912
intersection:10, mean_episode_reward:-0.6875000596046448, mean_queue:0.7805555462837219
intersection:11, mean_episode_reward:-0.7505555152893066, mean_queue:0.8694444298744202
intersection:12, mean_episode_reward:-0.8827781081199646, mean_queue:0.9833333492279053
intersection:13, mean_episode_reward:-0.82750004529953, mean_queue:0.9666666388511658
intersection:14, mean_episode_reward:-0.6358336210250854, mean_queue:0.7722222208976746
intersection:15, mean_episode_reward:-0.505000114440918, mean_queue:0.6000000238418579
intersection:16, mean_episode_reward:0.0, mean_queue:0.0
intersection:17, mean_episode_reward:0.0, mean_queue:0.0
intersection:18, mean_episode_reward:0.0, mean_queue:0.0
intersection:19, mean_episode_reward:0.0, mean_queue:0.0
intersection:20, mean_episode_reward:0.0, mean_queue:0.0
intersection:21, mean_episode_reward:0.0, mean_queue:0.0
intersection:22, mean_episode_reward:0.0, mean_queue:0.0
intersection:23, mean_episode_reward:0.0, mean_queue:0.0
intersection:24, mean_episode_reward:0.0, mean_queue:0.0
intersection:25, mean_episode_reward:0.0, mean_queue:0.0
intersection:26, mean_episode_reward:0.0, mean_queue:0.0
intersection:27, mean_episode_reward:0.0, mean_queue:0.0
intersection:28, mean_episode_reward:0.0, mean_queue:0.0
intersection:29, mean_episode_reward:0.0, mean_queue:0.0
intersection:30, mean_episode_reward:0.0, mean_queue:0.0
intersection:31, mean_episode_reward:0.0, mean_queue:0.0
Test step:184/200, travel time :187.65151515151516, rewards:-11.979447428385416, queue:0.43168402777777776, delay:0.027075865533616808, throughput:1452
step:3600/3600, q_loss:0.33604228496551514, rewards:-12.255280219184028, queue:0.440625, delay:0.027322848637898762, throughput:1453
episode:185/200, real avg travel time:188.57880247763248
intersection:0, mean_episode_reward:-0.9522225260734558, mean_queue:1.0722222328186035
intersection:1, mean_episode_reward:-0.8794447183609009, mean_queue:1.0
intersection:2, mean_episode_reward:-0.9577779769897461, mean_queue:1.0888888835906982
intersection:3, mean_episode_reward:-0.6180558800697327, mean_queue:0.7416666746139526
intersection:4, mean_episode_reward:-0.9344443678855896, mean_queue:1.0555555820465088
intersection:5, mean_episode_reward:-0.7116668820381165, mean_queue:0.8194444179534912
intersection:6, mean_episode_reward:-0.6633336544036865, mean_queue:0.7749999761581421
intersection:7, mean_episode_reward:-0.598333477973938, mean_queue:0.6888889074325562
intersection:8, mean_episode_reward:-1.0247225761413574, mean_queue:1.149999976158142
intersection:9, mean_episode_reward:-0.8322222232818604, mean_queue:0.9583333134651184
intersection:10, mean_episode_reward:-0.6847223043441772, mean_queue:0.769444465637207
intersection:11, mean_episode_reward:-0.7108336687088013, mean_queue:0.8500000238418579
intersection:12, mean_episode_reward:-0.719722330570221, mean_queue:0.8305555582046509
intersection:13, mean_episode_reward:-0.7072222828865051, mean_queue:0.8305555582046509
intersection:14, mean_episode_reward:-0.6430558562278748, mean_queue:0.7555555701255798
intersection:15, mean_episode_reward:-0.6175003051757812, mean_queue:0.7138888835906982
intersection:16, mean_episode_reward:0.0, mean_queue:0.0
intersection:17, mean_episode_reward:0.0, mean_queue:0.0
intersection:18, mean_episode_reward:0.0, mean_queue:0.0
intersection:19, mean_episode_reward:0.0, mean_queue:0.0
intersection:20, mean_episode_reward:0.0, mean_queue:0.0
intersection:21, mean_episode_reward:0.0, mean_queue:0.0
intersection:22, mean_episode_reward:0.0, mean_queue:0.0
intersection:23, mean_episode_reward:0.0, mean_queue:0.0
intersection:24, mean_episode_reward:0.0, mean_queue:0.0
intersection:25, mean_episode_reward:0.0, mean_queue:0.0
intersection:26, mean_episode_reward:0.0, mean_queue:0.0
intersection:27, mean_episode_reward:0.0, mean_queue:0.0
intersection:28, mean_episode_reward:0.0, mean_queue:0.0
intersection:29, mean_episode_reward:0.0, mean_queue:0.0
intersection:30, mean_episode_reward:0.0, mean_queue:0.0
intersection:31, mean_episode_reward:0.0, mean_queue:0.0
Test step:185/200, travel time :188.2651515151515, rewards:-11.957503255208334, queue:0.43211805555555555, delay:0.027413807974921333, throughput:1452
step:3600/3600, q_loss:0.3273274600505829, rewards:-11.726668294270834, queue:0.42291666666666666, delay:0.02662314044104682, throughput:1453
episode:186/200, real avg travel time:187.30350997935307
intersection:0, mean_episode_reward:-0.7686111330986023, mean_queue:0.8777777552604675
intersection:1, mean_episode_reward:-0.9022224545478821, mean_queue:1.0361111164093018
intersection:2, mean_episode_reward:-0.8852778077125549, mean_queue:1.0
intersection:3, mean_episode_reward:-0.597777783870697, mean_queue:0.699999988079071
intersection:4, mean_episode_reward:-0.8008334636688232, mean_queue:0.9333333373069763
intersection:5, mean_episode_reward:-0.6838892102241516, mean_queue:0.7861111164093018
intersection:6, mean_episode_reward:-0.7183336019515991, mean_queue:0.8333333134651184
intersection:7, mean_episode_reward:-0.4311111569404602, mean_queue:0.5166666507720947
intersection:8, mean_episode_reward:-0.9741668701171875, mean_queue:1.086111068725586
intersection:9, mean_episode_reward:-0.9033331871032715, mean_queue:1.0305556058883667
intersection:10, mean_episode_reward:-0.6791664958000183, mean_queue:0.7861111164093018
intersection:11, mean_episode_reward:-0.724444568157196, mean_queue:0.8361111283302307
intersection:12, mean_episode_reward:-0.6219445466995239, mean_queue:0.7277777791023254
intersection:13, mean_episode_reward:-0.7877779006958008, mean_queue:0.9305555820465088
intersection:14, mean_episode_reward:-0.6550000309944153, mean_queue:0.75
intersection:15, mean_episode_reward:-0.5927781462669373, mean_queue:0.7027778029441833
intersection:16, mean_episode_reward:0.0, mean_queue:0.0
intersection:17, mean_episode_reward:0.0, mean_queue:0.0
intersection:18, mean_episode_reward:0.0, mean_queue:0.0
intersection:19, mean_episode_reward:0.0, mean_queue:0.0
intersection:20, mean_episode_reward:0.0, mean_queue:0.0
intersection:21, mean_episode_reward:0.0, mean_queue:0.0
intersection:22, mean_episode_reward:0.0, mean_queue:0.0
intersection:23, mean_episode_reward:0.0, mean_queue:0.0
intersection:24, mean_episode_reward:0.0, mean_queue:0.0
intersection:25, mean_episode_reward:0.0, mean_queue:0.0
intersection:26, mean_episode_reward:0.0, mean_queue:0.0
intersection:27, mean_episode_reward:0.0, mean_queue:0.0
intersection:28, mean_episode_reward:0.0, mean_queue:0.0
intersection:29, mean_episode_reward:0.0, mean_queue:0.0
intersection:30, mean_episode_reward:0.0, mean_queue:0.0
intersection:31, mean_episode_reward:0.0, mean_queue:0.0
Test step:186/200, travel time :187.5944827586207, rewards:-11.821393500434027, queue:0.4254340277777778, delay:0.026874192555745444, throughput:1450
step:3600/3600, q_loss:0.32299742102622986, rewards:-12.267225477430555, queue:0.4407986111111111, delay:0.02709095213148329, throughput:1451
episode:187/200, real avg travel time:188.2301860785665
intersection:0, mean_episode_reward:-0.8372222781181335, mean_queue:0.9583333134651184
intersection:1, mean_episode_reward:-0.8858333826065063, mean_queue:1.019444465637207
intersection:2, mean_episode_reward:-0.8511112928390503, mean_queue:0.9750000238418579
intersection:3, mean_episode_reward:-0.6391667723655701, mean_queue:0.7388888597488403
intersection:4, mean_episode_reward:-0.9411112666130066, mean_queue:1.0638889074325562
intersection:5, mean_episode_reward:-0.7950001955032349, mean_queue:0.9111111164093018
intersection:6, mean_episode_reward:-0.6558336019515991, mean_queue:0.7805555462837219
intersection:7, mean_episode_reward:-0.4902779161930084, mean_queue:0.5805555582046509
intersection:8, mean_episode_reward:-1.0280557870864868, mean_queue:1.1472222805023193
intersection:9, mean_episode_reward:-0.8447225093841553, mean_queue:0.9555555582046509
intersection:10, mean_episode_reward:-0.8350000977516174, mean_queue:0.9527778029441833
intersection:11, mean_episode_reward:-0.70250004529953, mean_queue:0.8333333134651184
intersection:12, mean_episode_reward:-0.8511112928390503, mean_queue:0.949999988079071
intersection:13, mean_episode_reward:-0.7722222208976746, mean_queue:0.8916666507720947
intersection:14, mean_episode_reward:-0.5750004053115845, mean_queue:0.6916666626930237
intersection:15, mean_episode_reward:-0.563055694103241, mean_queue:0.6555555462837219
intersection:16, mean_episode_reward:0.0, mean_queue:0.0
intersection:17, mean_episode_reward:0.0, mean_queue:0.0
intersection:18, mean_episode_reward:0.0, mean_queue:0.0
intersection:19, mean_episode_reward:0.0, mean_queue:0.0
intersection:20, mean_episode_reward:0.0, mean_queue:0.0
intersection:21, mean_episode_reward:0.0, mean_queue:0.0
intersection:22, mean_episode_reward:0.0, mean_queue:0.0
intersection:23, mean_episode_reward:0.0, mean_queue:0.0
intersection:24, mean_episode_reward:0.0, mean_queue:0.0
intersection:25, mean_episode_reward:0.0, mean_queue:0.0
intersection:26, mean_episode_reward:0.0, mean_queue:0.0
intersection:27, mean_episode_reward:0.0, mean_queue:0.0
intersection:28, mean_episode_reward:0.0, mean_queue:0.0
intersection:29, mean_episode_reward:0.0, mean_queue:0.0
intersection:30, mean_episode_reward:0.0, mean_queue:0.0
intersection:31, mean_episode_reward:0.0, mean_queue:0.0
Test step:187/200, travel time :188.00757054370268, rewards:-12.173613823784722, queue:0.43524305555555554, delay:0.027033927705552845, throughput:1453
step:3600/3600, q_loss:0.3193064033985138, rewards:-12.128057183159722, queue:0.43897569444444445, delay:0.027715078989664712, throughput:1451
episode:188/200, real avg travel time:188.4328049620951
intersection:0, mean_episode_reward:-0.8122221231460571, mean_queue:0.9361110925674438
intersection:1, mean_episode_reward:-0.8513891696929932, mean_queue:0.980555534362793
intersection:2, mean_episode_reward:-0.9805559515953064, mean_queue:1.0888888835906982
intersection:3, mean_episode_reward:-0.7333335280418396, mean_queue:0.8666666746139526
intersection:4, mean_episode_reward:-0.820833683013916, mean_queue:0.9611111283302307
intersection:5, mean_episode_reward:-0.6936111450195312, mean_queue:0.8166666626930237
intersection:6, mean_episode_reward:-0.7383332848548889, mean_queue:0.8361111283302307
intersection:7, mean_episode_reward:-0.46222251653671265, mean_queue:0.5722222328186035
intersection:8, mean_episode_reward:-1.1061115264892578, mean_queue:1.2472221851348877
intersection:9, mean_episode_reward:-0.8711111545562744, mean_queue:1.0
intersection:10, mean_episode_reward:-0.6772221326828003, mean_queue:0.7944444417953491
intersection:11, mean_episode_reward:-0.7333335876464844, mean_queue:0.8416666388511658
intersection:12, mean_episode_reward:-0.8197219967842102, mean_queue:0.925000011920929
intersection:13, mean_episode_reward:-0.6605556011199951, mean_queue:0.7805555462837219
intersection:14, mean_episode_reward:-0.581944465637207, mean_queue:0.6972222328186035
intersection:15, mean_episode_reward:-0.5855557322502136, mean_queue:0.7027778029441833
intersection:16, mean_episode_reward:0.0, mean_queue:0.0
intersection:17, mean_episode_reward:0.0, mean_queue:0.0
intersection:18, mean_episode_reward:0.0, mean_queue:0.0
intersection:19, mean_episode_reward:0.0, mean_queue:0.0
intersection:20, mean_episode_reward:0.0, mean_queue:0.0
intersection:21, mean_episode_reward:0.0, mean_queue:0.0
intersection:22, mean_episode_reward:0.0, mean_queue:0.0
intersection:23, mean_episode_reward:0.0, mean_queue:0.0
intersection:24, mean_episode_reward:0.0, mean_queue:0.0
intersection:25, mean_episode_reward:0.0, mean_queue:0.0
intersection:26, mean_episode_reward:0.0, mean_queue:0.0
intersection:27, mean_episode_reward:0.0, mean_queue:0.0
intersection:28, mean_episode_reward:0.0, mean_queue:0.0
intersection:29, mean_episode_reward:0.0, mean_queue:0.0
intersection:30, mean_episode_reward:0.0, mean_queue:0.0
intersection:31, mean_episode_reward:0.0, mean_queue:0.0
Test step:188/200, travel time :189.5041265474553, rewards:-12.71528049045139, queue:0.45503472222222224, delay:0.027224662568834095, throughput:1454
step:3600/3600, q_loss:0.3713623881340027, rewards:-12.218336317274305, queue:0.4401909722222222, delay:0.02677556143866645, throughput:1452
episode:189/200, real avg travel time:187.88567493112947
intersection:0, mean_episode_reward:-0.8225002884864807, mean_queue:0.9472222328186035
intersection:1, mean_episode_reward:-0.8172227740287781, mean_queue:0.9333333373069763
intersection:2, mean_episode_reward:-1.0644445419311523, mean_queue:1.2055555582046509
intersection:3, mean_episode_reward:-0.7363889813423157, mean_queue:0.8527777791023254
intersection:4, mean_episode_reward:-0.7897222638130188, mean_queue:0.8999999761581421
intersection:5, mean_episode_reward:-0.8016668558120728, mean_queue:0.925000011920929
intersection:6, mean_episode_reward:-0.6986113786697388, mean_queue:0.8083333373069763
intersection:7, mean_episode_reward:-0.5702781081199646, mean_queue:0.6666666865348816
intersection:8, mean_episode_reward:-0.8424997925758362, mean_queue:0.9777777791023254
intersection:9, mean_episode_reward:-0.7730556130409241, mean_queue:0.8916666507720947
intersection:10, mean_episode_reward:-0.7858334183692932, mean_queue:0.8916666507720947
intersection:11, mean_episode_reward:-0.644166886806488, mean_queue:0.7722222208976746
intersection:12, mean_episode_reward:-0.7866668105125427, mean_queue:0.8861111402511597
intersection:13, mean_episode_reward:-0.8508338928222656, mean_queue:0.9722222089767456
intersection:14, mean_episode_reward:-0.5841668248176575, mean_queue:0.7055555582046509
intersection:15, mean_episode_reward:-0.6502779126167297, mean_queue:0.75
intersection:16, mean_episode_reward:0.0, mean_queue:0.0
intersection:17, mean_episode_reward:0.0, mean_queue:0.0
intersection:18, mean_episode_reward:0.0, mean_queue:0.0
intersection:19, mean_episode_reward:0.0, mean_queue:0.0
intersection:20, mean_episode_reward:0.0, mean_queue:0.0
intersection:21, mean_episode_reward:0.0, mean_queue:0.0
intersection:22, mean_episode_reward:0.0, mean_queue:0.0
intersection:23, mean_episode_reward:0.0, mean_queue:0.0
intersection:24, mean_episode_reward:0.0, mean_queue:0.0
intersection:25, mean_episode_reward:0.0, mean_queue:0.0
intersection:26, mean_episode_reward:0.0, mean_queue:0.0
intersection:27, mean_episode_reward:0.0, mean_queue:0.0
intersection:28, mean_episode_reward:0.0, mean_queue:0.0
intersection:29, mean_episode_reward:0.0, mean_queue:0.0
intersection:30, mean_episode_reward:0.0, mean_queue:0.0
intersection:31, mean_episode_reward:0.0, mean_queue:0.0
Test step:189/200, travel time :188.44765840220387, rewards:-12.195281304253472, queue:0.4396701388888889, delay:0.027537126011318632, throughput:1452
step:3600/3600, q_loss:0.323851615190506, rewards:-11.485557725694445, queue:0.415625, delay:0.02669891251458062, throughput:1453
episode:190/200, real avg travel time:187.11562284927734
intersection:0, mean_episode_reward:-0.7758334875106812, mean_queue:0.8888888955116272
intersection:1, mean_episode_reward:-0.7252779603004456, mean_queue:0.8333333134651184
intersection:2, mean_episode_reward:-0.7630555629730225, mean_queue:0.8694444298744202
intersection:3, mean_episode_reward:-0.728611171245575, mean_queue:0.8444444537162781
intersection:4, mean_episode_reward:-0.8227781653404236, mean_queue:0.9722222089767456
intersection:5, mean_episode_reward:-0.6061111092567444, mean_queue:0.7166666388511658
intersection:6, mean_episode_reward:-0.6327779293060303, mean_queue:0.7333333492279053
intersection:7, mean_episode_reward:-0.5297224521636963, mean_queue:0.6222222447395325
intersection:8, mean_episode_reward:-0.9050001502037048, mean_queue:1.0027778148651123
intersection:9, mean_episode_reward:-0.794166624546051, mean_queue:0.9166666865348816
intersection:10, mean_episode_reward:-0.758055567741394, mean_queue:0.8638888597488403
intersection:11, mean_episode_reward:-0.8469446897506714, mean_queue:0.9777777791023254
intersection:12, mean_episode_reward:-0.7013890147209167, mean_queue:0.7972221970558167
intersection:13, mean_episode_reward:-0.6272225975990295, mean_queue:0.7583333253860474
intersection:14, mean_episode_reward:-0.577222466468811, mean_queue:0.6916666626930237
intersection:15, mean_episode_reward:-0.6913890838623047, mean_queue:0.8111110925674438
intersection:16, mean_episode_reward:0.0, mean_queue:0.0
intersection:17, mean_episode_reward:0.0, mean_queue:0.0
intersection:18, mean_episode_reward:0.0, mean_queue:0.0
intersection:19, mean_episode_reward:0.0, mean_queue:0.0
intersection:20, mean_episode_reward:0.0, mean_queue:0.0
intersection:21, mean_episode_reward:0.0, mean_queue:0.0
intersection:22, mean_episode_reward:0.0, mean_queue:0.0
intersection:23, mean_episode_reward:0.0, mean_queue:0.0
intersection:24, mean_episode_reward:0.0, mean_queue:0.0
intersection:25, mean_episode_reward:0.0, mean_queue:0.0
intersection:26, mean_episode_reward:0.0, mean_queue:0.0
intersection:27, mean_episode_reward:0.0, mean_queue:0.0
intersection:28, mean_episode_reward:0.0, mean_queue:0.0
intersection:29, mean_episode_reward:0.0, mean_queue:0.0
intersection:30, mean_episode_reward:0.0, mean_queue:0.0
intersection:31, mean_episode_reward:0.0, mean_queue:0.0
Test step:190/200, travel time :187.97176308539946, rewards:-12.220836046006944, queue:0.4404513888888889, delay:0.02664481268988715, throughput:1452
step:3600/3600, q_loss:0.3288286328315735, rewards:-11.81278076171875, queue:0.42508680555555556, delay:0.026558770073784724, throughput:1451
episode:191/200, real avg travel time:187.90558235699518
intersection:0, mean_episode_reward:-0.7333335280418396, mean_queue:0.8361111283302307
intersection:1, mean_episode_reward:-0.9119445085525513, mean_queue:1.024999976158142
intersection:2, mean_episode_reward:-0.83055579662323, mean_queue:0.9638888835906982
intersection:3, mean_episode_reward:-0.6847222447395325, mean_queue:0.7972221970558167
intersection:4, mean_episode_reward:-0.8597221970558167, mean_queue:0.9722222089767456
intersection:5, mean_episode_reward:-0.6891669631004333, mean_queue:0.8083333373069763
intersection:6, mean_episode_reward:-0.650277853012085, mean_queue:0.7444444298744202
intersection:7, mean_episode_reward:-0.507777988910675, mean_queue:0.5944444537162781
intersection:8, mean_episode_reward:-0.9755557775497437, mean_queue:1.086111068725586
intersection:9, mean_episode_reward:-0.8102778792381287, mean_queue:0.9222221970558167
intersection:10, mean_episode_reward:-0.7083336114883423, mean_queue:0.8166666626930237
intersection:11, mean_episode_reward:-0.7205559015274048, mean_queue:0.8444444537162781
intersection:12, mean_episode_reward:-0.7202780246734619, mean_queue:0.8305555582046509
intersection:13, mean_episode_reward:-0.7358335852622986, mean_queue:0.8611111044883728
intersection:14, mean_episode_reward:-0.656944751739502, mean_queue:0.7861111164093018
intersection:15, mean_episode_reward:-0.6175001263618469, mean_queue:0.7138888835906982
intersection:16, mean_episode_reward:0.0, mean_queue:0.0
intersection:17, mean_episode_reward:0.0, mean_queue:0.0
intersection:18, mean_episode_reward:0.0, mean_queue:0.0
intersection:19, mean_episode_reward:0.0, mean_queue:0.0
intersection:20, mean_episode_reward:0.0, mean_queue:0.0
intersection:21, mean_episode_reward:0.0, mean_queue:0.0
intersection:22, mean_episode_reward:0.0, mean_queue:0.0
intersection:23, mean_episode_reward:0.0, mean_queue:0.0
intersection:24, mean_episode_reward:0.0, mean_queue:0.0
intersection:25, mean_episode_reward:0.0, mean_queue:0.0
intersection:26, mean_episode_reward:0.0, mean_queue:0.0
intersection:27, mean_episode_reward:0.0, mean_queue:0.0
intersection:28, mean_episode_reward:0.0, mean_queue:0.0
intersection:29, mean_episode_reward:0.0, mean_queue:0.0
intersection:30, mean_episode_reward:0.0, mean_queue:0.0
intersection:31, mean_episode_reward:0.0, mean_queue:0.0
Test step:191/200, travel time :188.5598349381018, rewards:-12.10000271267361, queue:0.43732638888888886, delay:0.02704592016008165, throughput:1454
step:3600/3600, q_loss:0.34153130650520325, rewards:-11.84028049045139, queue:0.42734375, delay:0.026882039176093206, throughput:1453
episode:192/200, real avg travel time:188.27253957329663
intersection:0, mean_episode_reward:-0.7691666483879089, mean_queue:0.8972222208976746
intersection:1, mean_episode_reward:-0.7330556511878967, mean_queue:0.855555534362793
intersection:2, mean_episode_reward:-0.9622226357460022, mean_queue:1.0888888835906982
intersection:3, mean_episode_reward:-0.6180557012557983, mean_queue:0.7361111044883728
intersection:4, mean_episode_reward:-0.966666579246521, mean_queue:1.1111111640930176
intersection:5, mean_episode_reward:-0.6844446659088135, mean_queue:0.7944444417953491
intersection:6, mean_episode_reward:-0.618611216545105, mean_queue:0.7250000238418579
intersection:7, mean_episode_reward:-0.4733333885669708, mean_queue:0.5527777671813965
intersection:8, mean_episode_reward:-1.0077784061431885, mean_queue:1.1361111402511597
intersection:9, mean_episode_reward:-0.7722223997116089, mean_queue:0.8833333253860474
intersection:10, mean_episode_reward:-0.7161110639572144, mean_queue:0.824999988079071
intersection:11, mean_episode_reward:-0.7194445133209229, mean_queue:0.8194444179534912
intersection:12, mean_episode_reward:-0.8200001120567322, mean_queue:0.9222221970558167
intersection:13, mean_episode_reward:-0.8786110877990723, mean_queue:1.005555510520935
intersection:14, mean_episode_reward:-0.511944591999054, mean_queue:0.6305555701255798
intersection:15, mean_episode_reward:-0.5886112451553345, mean_queue:0.6916666626930237
intersection:16, mean_episode_reward:0.0, mean_queue:0.0
intersection:17, mean_episode_reward:0.0, mean_queue:0.0
intersection:18, mean_episode_reward:0.0, mean_queue:0.0
intersection:19, mean_episode_reward:0.0, mean_queue:0.0
intersection:20, mean_episode_reward:0.0, mean_queue:0.0
intersection:21, mean_episode_reward:0.0, mean_queue:0.0
intersection:22, mean_episode_reward:0.0, mean_queue:0.0
intersection:23, mean_episode_reward:0.0, mean_queue:0.0
intersection:24, mean_episode_reward:0.0, mean_queue:0.0
intersection:25, mean_episode_reward:0.0, mean_queue:0.0
intersection:26, mean_episode_reward:0.0, mean_queue:0.0
intersection:27, mean_episode_reward:0.0, mean_queue:0.0
intersection:28, mean_episode_reward:0.0, mean_queue:0.0
intersection:29, mean_episode_reward:0.0, mean_queue:0.0
intersection:30, mean_episode_reward:0.0, mean_queue:0.0
intersection:31, mean_episode_reward:0.0, mean_queue:0.0
Test step:192/200, travel time :186.77601654031702, rewards:-11.571668836805555, queue:0.4184027777777778, delay:0.026310565736558704, throughput:1451
step:3600/3600, q_loss:0.31708118319511414, rewards:-11.948890516493055, queue:0.42855902777777777, delay:0.02667795287238227, throughput:1453
episode:193/200, real avg travel time:188.08396421197523
intersection:0, mean_episode_reward:-0.7950005531311035, mean_queue:0.9111111164093018
intersection:1, mean_episode_reward:-0.7897223830223083, mean_queue:0.8888888955116272
intersection:2, mean_episode_reward:-0.9433332681655884, mean_queue:1.0638889074325562
intersection:3, mean_episode_reward:-0.6980558037757874, mean_queue:0.8138889074325562
intersection:4, mean_episode_reward:-0.914444625377655, mean_queue:1.0277777910232544
intersection:5, mean_episode_reward:-0.7080557346343994, mean_queue:0.8138889074325562
intersection:6, mean_episode_reward:-0.676666796207428, mean_queue:0.7777777910232544
intersection:7, mean_episode_reward:-0.5988892316818237, mean_queue:0.6972222328186035
intersection:8, mean_episode_reward:-0.9111111760139465, mean_queue:1.0416666269302368
intersection:9, mean_episode_reward:-0.8658334612846375, mean_queue:0.9888888597488403
intersection:10, mean_episode_reward:-0.6580557823181152, mean_queue:0.7611111402511597
intersection:11, mean_episode_reward:-0.6958335041999817, mean_queue:0.8055555820465088
intersection:12, mean_episode_reward:-0.819722056388855, mean_queue:0.9111111164093018
intersection:13, mean_episode_reward:-0.711388885974884, mean_queue:0.8305555582046509
intersection:14, mean_episode_reward:-0.6011114716529846, mean_queue:0.7055555582046509
intersection:15, mean_episode_reward:-0.56166672706604, mean_queue:0.675000011920929
intersection:16, mean_episode_reward:0.0, mean_queue:0.0
intersection:17, mean_episode_reward:0.0, mean_queue:0.0
intersection:18, mean_episode_reward:0.0, mean_queue:0.0
intersection:19, mean_episode_reward:0.0, mean_queue:0.0
intersection:20, mean_episode_reward:0.0, mean_queue:0.0
intersection:21, mean_episode_reward:0.0, mean_queue:0.0
intersection:22, mean_episode_reward:0.0, mean_queue:0.0
intersection:23, mean_episode_reward:0.0, mean_queue:0.0
intersection:24, mean_episode_reward:0.0, mean_queue:0.0
intersection:25, mean_episode_reward:0.0, mean_queue:0.0
intersection:26, mean_episode_reward:0.0, mean_queue:0.0
intersection:27, mean_episode_reward:0.0, mean_queue:0.0
intersection:28, mean_episode_reward:0.0, mean_queue:0.0
intersection:29, mean_episode_reward:0.0, mean_queue:0.0
intersection:30, mean_episode_reward:0.0, mean_queue:0.0
intersection:31, mean_episode_reward:0.0, mean_queue:0.0
Test step:193/200, travel time :189.06542699724517, rewards:-12.41472439236111, queue:0.4459201388888889, delay:0.02718100282880995, throughput:1452
step:3600/3600, q_loss:0.30834758281707764, rewards:-11.651946343315972, queue:0.42265625, delay:0.026591099633110894, throughput:1452
episode:194/200, real avg travel time:187.16735537190084
intersection:0, mean_episode_reward:-0.8636113405227661, mean_queue:1.005555510520935
intersection:1, mean_episode_reward:-0.836388885974884, mean_queue:0.9388889074325562
intersection:2, mean_episode_reward:-0.953610897064209, mean_queue:1.0944443941116333
intersection:3, mean_episode_reward:-0.6541667580604553, mean_queue:0.7666666507720947
intersection:4, mean_episode_reward:-0.7880556583404541, mean_queue:0.9222221970558167
intersection:5, mean_episode_reward:-0.695277750492096, mean_queue:0.8138889074325562
intersection:6, mean_episode_reward:-0.6752780079841614, mean_queue:0.7805555462837219
intersection:7, mean_episode_reward:-0.41527774930000305, mean_queue:0.5166666507720947
intersection:8, mean_episode_reward:-0.8419446349143982, mean_queue:0.949999988079071
intersection:9, mean_episode_reward:-0.8083338141441345, mean_queue:0.9388889074325562
intersection:10, mean_episode_reward:-0.7480555772781372, mean_queue:0.8694444298744202
intersection:11, mean_episode_reward:-0.5627778172492981, mean_queue:0.6666666865348816
intersection:12, mean_episode_reward:-0.73638916015625, mean_queue:0.855555534362793
intersection:13, mean_episode_reward:-0.7905558943748474, mean_queue:0.9194444417953491
intersection:14, mean_episode_reward:-0.6013889908790588, mean_queue:0.7055555582046509
intersection:15, mean_episode_reward:-0.6808335185050964, mean_queue:0.7805555462837219
intersection:16, mean_episode_reward:0.0, mean_queue:0.0
intersection:17, mean_episode_reward:0.0, mean_queue:0.0
intersection:18, mean_episode_reward:0.0, mean_queue:0.0
intersection:19, mean_episode_reward:0.0, mean_queue:0.0
intersection:20, mean_episode_reward:0.0, mean_queue:0.0
intersection:21, mean_episode_reward:0.0, mean_queue:0.0
intersection:22, mean_episode_reward:0.0, mean_queue:0.0
intersection:23, mean_episode_reward:0.0, mean_queue:0.0
intersection:24, mean_episode_reward:0.0, mean_queue:0.0
intersection:25, mean_episode_reward:0.0, mean_queue:0.0
intersection:26, mean_episode_reward:0.0, mean_queue:0.0
intersection:27, mean_episode_reward:0.0, mean_queue:0.0
intersection:28, mean_episode_reward:0.0, mean_queue:0.0
intersection:29, mean_episode_reward:0.0, mean_queue:0.0
intersection:30, mean_episode_reward:0.0, mean_queue:0.0
intersection:31, mean_episode_reward:0.0, mean_queue:0.0
Test step:194/200, travel time :188.63592567102546, rewards:-12.101113552517361, queue:0.4365451388888889, delay:0.02717703183492025, throughput:1453
step:3600/3600, q_loss:0.31845948100090027, rewards:-13.172226291232638, queue:0.4670138888888889, delay:0.02835772302415636, throughput:1451
episode:195/200, real avg travel time:191.03376981392142
intersection:0, mean_episode_reward:-0.9702781438827515, mean_queue:1.0805555582046509
intersection:1, mean_episode_reward:-0.9138892889022827, mean_queue:1.019444465637207
intersection:2, mean_episode_reward:-0.9063889384269714, mean_queue:1.0305556058883667
intersection:3, mean_episode_reward:-0.9183332920074463, mean_queue:1.0222222805023193
intersection:4, mean_episode_reward:-1.0883336067199707, mean_queue:1.2055555582046509
intersection:5, mean_episode_reward:-0.7272226214408875, mean_queue:0.8388888835906982
intersection:6, mean_episode_reward:-0.6816668510437012, mean_queue:0.7916666865348816
intersection:7, mean_episode_reward:-0.4308333396911621, mean_queue:0.5222222208976746
intersection:8, mean_episode_reward:-1.0847225189208984, mean_queue:1.2083333730697632
intersection:9, mean_episode_reward:-0.931111216545105, mean_queue:1.0527777671813965
intersection:10, mean_episode_reward:-0.7983332872390747, mean_queue:0.9083333611488342
intersection:11, mean_episode_reward:-0.8461118340492249, mean_queue:0.9611111283302307
intersection:12, mean_episode_reward:-0.7861115336418152, mean_queue:0.8777777552604675
intersection:13, mean_episode_reward:-0.8172224164009094, mean_queue:0.9388889074325562
intersection:14, mean_episode_reward:-0.5619447231292725, mean_queue:0.675000011920929
intersection:15, mean_episode_reward:-0.709722638130188, mean_queue:0.8111110925674438
intersection:16, mean_episode_reward:0.0, mean_queue:0.0
intersection:17, mean_episode_reward:0.0, mean_queue:0.0
intersection:18, mean_episode_reward:0.0, mean_queue:0.0
intersection:19, mean_episode_reward:0.0, mean_queue:0.0
intersection:20, mean_episode_reward:0.0, mean_queue:0.0
intersection:21, mean_episode_reward:0.0, mean_queue:0.0
intersection:22, mean_episode_reward:0.0, mean_queue:0.0
intersection:23, mean_episode_reward:0.0, mean_queue:0.0
intersection:24, mean_episode_reward:0.0, mean_queue:0.0
intersection:25, mean_episode_reward:0.0, mean_queue:0.0
intersection:26, mean_episode_reward:0.0, mean_queue:0.0
intersection:27, mean_episode_reward:0.0, mean_queue:0.0
intersection:28, mean_episode_reward:0.0, mean_queue:0.0
intersection:29, mean_episode_reward:0.0, mean_queue:0.0
intersection:30, mean_episode_reward:0.0, mean_queue:0.0
intersection:31, mean_episode_reward:0.0, mean_queue:0.0
Test step:195/200, travel time :188.20027529249828, rewards:-11.786947970920139, queue:0.42578125, delay:0.027011346817016602, throughput:1453
step:3600/3600, q_loss:0.31725603342056274, rewards:-12.016669379340279, queue:0.4318576388888889, delay:0.026751531494988337, throughput:1450
episode:196/200, real avg travel time:188.01172413793103
intersection:0, mean_episode_reward:-0.7913891077041626, mean_queue:0.9055555462837219
intersection:1, mean_episode_reward:-0.9486109614372253, mean_queue:1.0666667222976685
intersection:2, mean_episode_reward:-0.8908335566520691, mean_queue:1.0305556058883667
intersection:3, mean_episode_reward:-0.7377778887748718, mean_queue:0.8416666388511658
intersection:4, mean_episode_reward:-1.0055556297302246, mean_queue:1.1333333253860474
intersection:5, mean_episode_reward:-0.763888955116272, mean_queue:0.8833333253860474
intersection:6, mean_episode_reward:-0.6750001907348633, mean_queue:0.7777777910232544
intersection:7, mean_episode_reward:-0.4186113476753235, mean_queue:0.5083333253860474
intersection:8, mean_episode_reward:-0.8380558490753174, mean_queue:0.9555555582046509
intersection:9, mean_episode_reward:-0.7455555200576782, mean_queue:0.8777777552604675
intersection:10, mean_episode_reward:-0.7030555009841919, mean_queue:0.7944444417953491
intersection:11, mean_episode_reward:-0.7641669511795044, mean_queue:0.8777777552604675
intersection:12, mean_episode_reward:-0.7213893532752991, mean_queue:0.8361111283302307
intersection:13, mean_episode_reward:-0.7025002241134644, mean_queue:0.8222222328186035
intersection:14, mean_episode_reward:-0.6627780199050903, mean_queue:0.7611111402511597
intersection:15, mean_episode_reward:-0.647500216960907, mean_queue:0.7472222447395325
intersection:16, mean_episode_reward:0.0, mean_queue:0.0
intersection:17, mean_episode_reward:0.0, mean_queue:0.0
intersection:18, mean_episode_reward:0.0, mean_queue:0.0
intersection:19, mean_episode_reward:0.0, mean_queue:0.0
intersection:20, mean_episode_reward:0.0, mean_queue:0.0
intersection:21, mean_episode_reward:0.0, mean_queue:0.0
intersection:22, mean_episode_reward:0.0, mean_queue:0.0
intersection:23, mean_episode_reward:0.0, mean_queue:0.0
intersection:24, mean_episode_reward:0.0, mean_queue:0.0
intersection:25, mean_episode_reward:0.0, mean_queue:0.0
intersection:26, mean_episode_reward:0.0, mean_queue:0.0
intersection:27, mean_episode_reward:0.0, mean_queue:0.0
intersection:28, mean_episode_reward:0.0, mean_queue:0.0
intersection:29, mean_episode_reward:0.0, mean_queue:0.0
intersection:30, mean_episode_reward:0.0, mean_queue:0.0
intersection:31, mean_episode_reward:0.0, mean_queue:0.0
Test step:196/200, travel time :190.2365887207703, rewards:-12.938614908854166, queue:0.46015625, delay:0.027981016370985243, throughput:1454
step:3600/3600, q_loss:0.33163711428642273, rewards:-12.672226291232638, queue:0.4552951388888889, delay:0.027897940741644964, throughput:1450
episode:197/200, real avg travel time:189.39862068965516
intersection:0, mean_episode_reward:-0.906111478805542, mean_queue:1.0277777910232544
intersection:1, mean_episode_reward:-0.9350003600120544, mean_queue:1.0472222566604614
intersection:2, mean_episode_reward:-0.9675002098083496, mean_queue:1.105555534362793
intersection:3, mean_episode_reward:-0.7266668677330017, mean_queue:0.8444444537162781
intersection:4, mean_episode_reward:-1.041666865348816, mean_queue:1.1777777671813965
intersection:5, mean_episode_reward:-0.7419446110725403, mean_queue:0.8638888597488403
intersection:6, mean_episode_reward:-0.7180557250976562, mean_queue:0.8388888835906982
intersection:7, mean_episode_reward:-0.4902779161930084, mean_queue:0.5638889074325562
intersection:8, mean_episode_reward:-0.8716667890548706, mean_queue:0.980555534362793
intersection:9, mean_episode_reward:-0.8522223830223083, mean_queue:0.9722222089767456
intersection:10, mean_episode_reward:-0.7461110353469849, mean_queue:0.8583333492279053
intersection:11, mean_episode_reward:-0.7813891172409058, mean_queue:0.9111111164093018
intersection:12, mean_episode_reward:-0.8133338689804077, mean_queue:0.9444444179534912
intersection:13, mean_episode_reward:-0.8508337140083313, mean_queue:0.9944444298744202
intersection:14, mean_episode_reward:-0.5702779293060303, mean_queue:0.6833333373069763
intersection:15, mean_episode_reward:-0.6591670513153076, mean_queue:0.7555555701255798
intersection:16, mean_episode_reward:0.0, mean_queue:0.0
intersection:17, mean_episode_reward:0.0, mean_queue:0.0
intersection:18, mean_episode_reward:0.0, mean_queue:0.0
intersection:19, mean_episode_reward:0.0, mean_queue:0.0
intersection:20, mean_episode_reward:0.0, mean_queue:0.0
intersection:21, mean_episode_reward:0.0, mean_queue:0.0
intersection:22, mean_episode_reward:0.0, mean_queue:0.0
intersection:23, mean_episode_reward:0.0, mean_queue:0.0
intersection:24, mean_episode_reward:0.0, mean_queue:0.0
intersection:25, mean_episode_reward:0.0, mean_queue:0.0
intersection:26, mean_episode_reward:0.0, mean_queue:0.0
intersection:27, mean_episode_reward:0.0, mean_queue:0.0
intersection:28, mean_episode_reward:0.0, mean_queue:0.0
intersection:29, mean_episode_reward:0.0, mean_queue:0.0
intersection:30, mean_episode_reward:0.0, mean_queue:0.0
intersection:31, mean_episode_reward:0.0, mean_queue:0.0
Test step:197/200, travel time :188.9724328049621, rewards:-12.387224663628473, queue:0.44383680555555555, delay:0.027138842476738825, throughput:1451
step:3600/3600, q_loss:0.3044431507587433, rewards:-12.275835503472223, queue:0.4409722222222222, delay:0.027537724706861708, throughput:1453
episode:198/200, real avg travel time:188.64693737095664
intersection:0, mean_episode_reward:-0.8188892006874084, mean_queue:0.9361110925674438
intersection:1, mean_episode_reward:-0.8294444680213928, mean_queue:0.9555555582046509
intersection:2, mean_episode_reward:-0.9322220087051392, mean_queue:1.0777777433395386
intersection:3, mean_episode_reward:-0.5972223877906799, mean_queue:0.730555534362793
intersection:4, mean_episode_reward:-0.9558338522911072, mean_queue:1.0916666984558105
intersection:5, mean_episode_reward:-0.7244445085525513, mean_queue:0.8361111283302307
intersection:6, mean_episode_reward:-0.6672223806381226, mean_queue:0.7777777910232544
intersection:7, mean_episode_reward:-0.5752779841423035, mean_queue:0.6583333611488342
intersection:8, mean_episode_reward:-1.0800002813339233, mean_queue:1.163888931274414
intersection:9, mean_episode_reward:-0.8902778625488281, mean_queue:1.0083333253860474
intersection:10, mean_episode_reward:-0.7325001358985901, mean_queue:0.8500000238418579
intersection:11, mean_episode_reward:-0.6880558729171753, mean_queue:0.7972221970558167
intersection:12, mean_episode_reward:-0.7913891077041626, mean_queue:0.8999999761581421
intersection:13, mean_episode_reward:-0.7205559015274048, mean_queue:0.8527777791023254
intersection:14, mean_episode_reward:-0.5277779698371887, mean_queue:0.6166666746139526
intersection:15, mean_episode_reward:-0.7447226047515869, mean_queue:0.8583333492279053
intersection:16, mean_episode_reward:0.0, mean_queue:0.0
intersection:17, mean_episode_reward:0.0, mean_queue:0.0
intersection:18, mean_episode_reward:0.0, mean_queue:0.0
intersection:19, mean_episode_reward:0.0, mean_queue:0.0
intersection:20, mean_episode_reward:0.0, mean_queue:0.0
intersection:21, mean_episode_reward:0.0, mean_queue:0.0
intersection:22, mean_episode_reward:0.0, mean_queue:0.0
intersection:23, mean_episode_reward:0.0, mean_queue:0.0
intersection:24, mean_episode_reward:0.0, mean_queue:0.0
intersection:25, mean_episode_reward:0.0, mean_queue:0.0
intersection:26, mean_episode_reward:0.0, mean_queue:0.0
intersection:27, mean_episode_reward:0.0, mean_queue:0.0
intersection:28, mean_episode_reward:0.0, mean_queue:0.0
intersection:29, mean_episode_reward:0.0, mean_queue:0.0
intersection:30, mean_episode_reward:0.0, mean_queue:0.0
intersection:31, mean_episode_reward:0.0, mean_queue:0.0
Test step:198/200, travel time :188.34824501032347, rewards:-12.022502983940972, queue:0.43385416666666665, delay:0.027209096484714083, throughput:1453
step:3600/3600, q_loss:0.2890113294124603, rewards:-12.77778049045139, queue:0.4566840277777778, delay:0.02763784991370307, throughput:1453
episode:199/200, real avg travel time:189.97591190640054
intersection:0, mean_episode_reward:-0.8330561518669128, mean_queue:0.9611111283302307
intersection:1, mean_episode_reward:-0.9483333230018616, mean_queue:1.0833333730697632
intersection:2, mean_episode_reward:-0.8500001430511475, mean_queue:0.9694444537162781
intersection:3, mean_episode_reward:-0.6602780818939209, mean_queue:0.7611111402511597
intersection:4, mean_episode_reward:-0.9266670346260071, mean_queue:1.0638889074325562
intersection:5, mean_episode_reward:-0.769166886806488, mean_queue:0.8888888955116272
intersection:6, mean_episode_reward:-0.5691667795181274, mean_queue:0.6722221970558167
intersection:7, mean_episode_reward:-0.48527780175209045, mean_queue:0.5666666626930237
intersection:8, mean_episode_reward:-1.114722490310669, mean_queue:1.2277777194976807
intersection:9, mean_episode_reward:-0.9941665530204773, mean_queue:1.1388888359069824
intersection:10, mean_episode_reward:-0.8527777791023254, mean_queue:0.9527778029441833
intersection:11, mean_episode_reward:-0.8850003480911255, mean_queue:0.9833333492279053
intersection:12, mean_episode_reward:-0.8550001978874207, mean_queue:0.9750000238418579
intersection:13, mean_episode_reward:-0.7788891196250916, mean_queue:0.8972222208976746
intersection:14, mean_episode_reward:-0.5191668272018433, mean_queue:0.6305555701255798
intersection:15, mean_episode_reward:-0.7361114621162415, mean_queue:0.8416666388511658
intersection:16, mean_episode_reward:0.0, mean_queue:0.0
intersection:17, mean_episode_reward:0.0, mean_queue:0.0
intersection:18, mean_episode_reward:0.0, mean_queue:0.0
intersection:19, mean_episode_reward:0.0, mean_queue:0.0
intersection:20, mean_episode_reward:0.0, mean_queue:0.0
intersection:21, mean_episode_reward:0.0, mean_queue:0.0
intersection:22, mean_episode_reward:0.0, mean_queue:0.0
intersection:23, mean_episode_reward:0.0, mean_queue:0.0
intersection:24, mean_episode_reward:0.0, mean_queue:0.0
intersection:25, mean_episode_reward:0.0, mean_queue:0.0
intersection:26, mean_episode_reward:0.0, mean_queue:0.0
intersection:27, mean_episode_reward:0.0, mean_queue:0.0
intersection:28, mean_episode_reward:0.0, mean_queue:0.0
intersection:29, mean_episode_reward:0.0, mean_queue:0.0
intersection:30, mean_episode_reward:0.0, mean_queue:0.0
intersection:31, mean_episode_reward:0.0, mean_queue:0.0
Test step:199/200, travel time :190.4214876033058, rewards:-12.609724934895834, queue:0.453125, delay:0.02757801479763455, throughput:1452
Final Travel Time is 190.4215, mean rewards: -12.6097, queue: 0.4531, delay: 0.0276, throughput: 1452
Total time taken: 65027.52225232124
