vehicle_id,vehicle_type,enter_time_s,departure_time_s,travel_time_s,route_distance_m,distance_traveled_m,accumulated_waiting_time_s,custom_wait_s,moving_time_s,time_loss_s,free_flow_time_s,delay_s,waiting_fraction,moving_fraction,schedule_efficiency,completed_trip,trip_status
31,car,51.0,115.0,64.0,,598.272,0.0,0.0,64.0,8.765,,,0.0,1.0,,True,completed
41,car,74.0,122.0,48.0,,382.163,0.0,0.0,48.0,4.836,,,0.0,1.0,,True,completed
13,car,20.0,147.0,127.0,,738.463,29.0,40.0,87.0,59.538,,,0.315,0.685,,True,completed
26,car,44.0,161.0,117.0,,1036.256,0.0,0.0,117.0,10.565,,,0.0,1.0,,True,completed
2,car,2.0,172.0,170.0,,1593.916,0.0,0.0,170.0,19.065,,,0.0,1.0,,True,completed
40,car,70.0,173.0,103.0,,986.157,0.0,0.0,103.0,4.838,,,0.0,1.0,,True,completed
18,car,30.0,206.0,176.0,,1803.987,0.0,0.0,176.0,10.765,,,0.0,1.0,,True,completed
8,car,9.0,219.0,210.0,,1653.347,0.0,0.0,210.0,11.156,,,0.0,1.0,,True,completed
60,car,103.0,220.0,117.0,,888.93,0.0,0.0,117.0,8.036,,,0.0,1.0,,True,completed
50,car,91.0,223.0,132.0,,1060.125,3.0,3.0,129.0,25.829,,,0.0227,0.9773,,True,completed
28,car,49.0,229.0,180.0,,1575.126,2.0,19.0,161.0,36.853,,,0.1056,0.8944,,True,completed
73,car,130.0,247.0,117.0,,1101.392,0.0,0.0,117.0,7.171,,,0.0,1.0,,True,completed
45,car,84.0,257.0,173.0,,1403.628,19.0,19.0,154.0,33.588,,,0.1098,0.8902,,True,completed
85,car,152.0,257.0,105.0,,740.891,19.0,19.0,86.0,37.319,,,0.181,0.819,,True,completed
52,car,93.0,268.0,175.0,,1686.971,7.0,7.0,168.0,21.29,,,0.04,0.96,,True,completed
0,truck,2.0,272.0,270.0,,2126.128,0.0,0.0,270.0,12.935,,,0.0,1.0,,True,completed
38,car,65.0,279.0,214.0,,2127.136,0.0,0.0,214.0,18.712,,,0.0,1.0,,True,completed
103,car,195.0,291.0,96.0,,884.76,0.0,0.0,96.0,9.068,,,0.0,1.0,,True,completed
110,car,212.0,293.0,81.0,,646.485,0.0,0.0,81.0,8.11,,,0.0,1.0,,True,completed
75,car,136.0,301.0,165.0,,1521.293,2.0,2.0,163.0,23.036,,,0.0121,0.9879,,True,completed
115,car,224.0,303.0,79.0,,743.767,0.0,0.0,79.0,3.289,,,0.0,1.0,,True,completed
91,car,173.0,309.0,136.0,,1287.31,0.0,0.0,136.0,8.968,,,0.0,1.0,,True,completed
138,car,262.0,332.0,70.0,,669.241,0.0,0.0,70.0,3.06,,,0.0,1.0,,True,completed
163,car,307.0,349.0,42.0,,439.358,0.0,0.0,42.0,1.342,,,0.0,1.0,,True,completed
71,car,128.0,350.0,222.0,,2105.882,0.0,0.0,222.0,17.981,,,0.0,1.0,,True,completed
136,car,258.0,355.0,97.0,,901.665,0.0,0.0,97.0,8.733,,,0.0,1.0,,True,completed
56,car,98.0,357.0,259.0,,2124.608,0.0,4.0,255.0,39.742,,,0.0154,0.9846,,True,completed
118,car,232.0,360.0,128.0,,1019.847,0.0,0.0,128.0,12.434,,,0.0,1.0,,True,completed
37,car,65.0,362.0,297.0,,1829.452,0.0,57.0,240.0,110.978,,,0.1919,0.8081,,True,completed
10,car,14.0,365.0,351.0,,385.913,51.0,301.0,50.0,304.486,,,0.8575,0.1425,,True,completed
186,car,333.0,374.0,41.0,,435.596,0.0,0.0,41.0,0.796,,,0.0,1.0,,True,completed
108,car,209.0,380.0,171.0,,1395.522,13.0,13.0,158.0,39.529,,,0.076,0.924,,True,completed
126,car,241.0,380.0,139.0,,1326.238,0.0,0.0,139.0,15.757,,,0.0,1.0,,True,completed
87,car,165.0,382.0,217.0,,1630.607,26.0,31.0,186.0,64.592,,,0.1429,0.8571,,True,completed
66,car,117.0,383.0,266.0,,2446.447,0.0,4.0,262.0,37.24,,,0.015,0.985,,True,completed
102,car,192.0,385.0,193.0,,1506.8,27.0,27.0,166.0,54.349,,,0.1399,0.8601,,True,completed
106,car,202.0,390.0,188.0,,1477.568,16.0,18.0,170.0,52.892,,,0.0957,0.9043,,True,completed
164,truck,309.0,401.0,92.0,,726.62,0.0,0.0,92.0,3.361,,,0.0,1.0,,True,completed
153,car,294.0,403.0,109.0,,1173.316,0.0,0.0,109.0,2.4,,,0.0,1.0,,True,completed
86,car,154.0,404.0,250.0,,2308.33,0.0,11.0,239.0,39.981,,,0.044,0.956,,True,completed
214,truck,374.0,423.0,49.0,,370.308,0.0,0.0,49.0,2.357,,,0.0,1.0,,True,completed
16,car,24.0,424.0,400.0,,685.561,63.0,326.0,74.0,337.839,,,0.815,0.185,,True,completed
206,car,359.0,429.0,70.0,,664.398,0.0,0.0,70.0,5.942,,,0.0,1.0,,True,completed
172,car,318.0,444.0,126.0,,1268.234,0.0,0.0,126.0,10.308,,,0.0,1.0,,True,completed
6,car,7.0,451.0,444.0,,1516.279,0.0,300.0,144.0,307.074,,,0.6757,0.3243,,True,completed
147,car,286.0,453.0,167.0,,1213.348,18.0,34.0,133.0,52.446,,,0.2036,0.7964,,True,completed
121,car,239.0,478.0,239.0,,1489.138,48.0,51.0,188.0,75.015,,,0.2134,0.7866,,True,completed
96,car,181.0,478.0,297.0,,2336.988,1.0,45.0,252.0,82.063,,,0.1515,0.8485,,True,completed
193,car,339.0,483.0,144.0,,784.901,25.0,25.0,119.0,62.837,,,0.1736,0.8264,,True,completed
175,car,320.0,487.0,167.0,,740.786,42.0,81.0,86.0,91.329,,,0.485,0.515,,True,completed
194,truck,340.0,487.0,147.0,,787.771,19.0,19.0,128.0,43.166,,,0.1293,0.8707,,True,completed
169,truck,314.0,494.0,180.0,,991.085,29.0,29.0,151.0,50.24,,,0.1611,0.8389,,True,completed
227,car,391.0,505.0,114.0,,1062.759,0.0,0.0,114.0,10.321,,,0.0,1.0,,True,completed
47,car,85.0,505.0,420.0,,1228.729,0.0,300.0,120.0,307.962,,,0.7143,0.2857,,True,completed
146,car,279.0,509.0,230.0,,1797.357,0.0,23.0,207.0,57.383,,,0.1,0.9,,True,completed
238,car,408.0,519.0,111.0,,1106.444,0.0,0.0,111.0,9.507,,,0.0,1.0,,True,completed
188,car,335.0,520.0,185.0,,1810.068,0.0,0.0,185.0,20.051,,,0.0,1.0,,True,completed
27,car,46.0,529.0,483.0,,1789.397,35.0,300.0,183.0,312.269,,,0.6211,0.3789,,True,completed
266,car,445.0,530.0,85.0,,878.343,0.0,0.0,85.0,4.948,,,0.0,1.0,,True,completed
245,car,420.0,535.0,115.0,,907.862,0.0,0.0,115.0,24.221,,,0.0,1.0,,True,completed
339,truck,532.0,541.0,9.0,,64.322,0.0,0.0,9.0,0.278,,,0.0,1.0,,True,completed
195,car,341.0,547.0,206.0,,1650.474,26.0,26.0,180.0,52.485,,,0.1262,0.8738,,True,completed
235,car,403.0,549.0,146.0,,1328.387,4.0,4.0,142.0,18.168,,,0.0274,0.9726,,True,completed
89,truck,168.0,553.0,385.0,,630.077,66.0,300.0,85.0,309.189,,,0.7792,0.2208,,True,completed
275,car,452.0,557.0,105.0,,741.804,28.0,28.0,77.0,37.237,,,0.2667,0.7333,,True,completed
332,car,516.0,561.0,45.0,,478.126,0.0,0.0,45.0,0.968,,,0.0,1.0,,True,completed
81,car,144.0,562.0,418.0,,1229.247,81.0,300.0,118.0,306.035,,,0.7177,0.2823,,True,completed
333,car,516.0,568.0,52.0,,457.709,0.0,0.0,52.0,9.336,,,0.0,1.0,,True,completed
252,car,430.0,576.0,146.0,,1518.783,0.0,0.0,146.0,3.886,,,0.0,1.0,,True,completed
117,car,231.0,585.0,354.0,,487.59,100.0,300.0,54.0,309.255,,,0.8475,0.1525,,True,completed
259,truck,438.0,585.0,147.0,,1104.273,0.0,0.0,147.0,11.395,,,0.0,1.0,,True,completed
125,car,240.0,591.0,351.0,,1360.347,96.0,187.0,164.0,224.76,,,0.5328,0.4672,,True,completed
294,truck,480.0,592.0,112.0,,839.757,0.0,0.0,112.0,6.767,,,0.0,1.0,,True,completed
208,car,365.0,595.0,230.0,,1832.939,0.0,5.0,225.0,36.808,,,0.0217,0.9783,,True,completed
250,car,429.0,597.0,168.0,,819.55,43.0,72.0,96.0,93.115,,,0.4286,0.5714,,True,completed
265,car,444.0,597.0,153.0,,1486.937,0.0,0.0,153.0,7.431,,,0.0,1.0,,True,completed
336,car,524.0,602.0,78.0,,744.391,0.0,0.0,78.0,3.035,,,0.0,1.0,,True,completed
202,car,352.0,607.0,255.0,,1792.256,9.0,9.0,246.0,21.219,,,0.0353,0.9647,,True,completed
33,car,54.0,610.0,556.0,,2198.25,0.0,300.0,256.0,340.371,,,0.5396,0.4604,,True,completed
313,car,498.0,613.0,115.0,,1010.054,0.0,0.0,115.0,10.845,,,0.0,1.0,,True,completed
322,car,509.0,613.0,104.0,,1003.554,0.0,0.0,104.0,11.23,,,0.0,1.0,,True,completed
233,car,401.0,621.0,220.0,,2267.731,0.0,0.0,220.0,13.429,,,0.0,1.0,,True,completed
325,car,512.0,629.0,117.0,,645.818,27.0,27.0,90.0,43.959,,,0.2308,0.7692,,True,completed
277,car,453.0,642.0,189.0,,1642.728,0.0,25.0,164.0,40.153,,,0.1323,0.8677,,True,completed
369,truck,562.0,646.0,84.0,,660.372,0.0,0.0,84.0,3.724,,,0.0,1.0,,True,completed
300,car,482.0,649.0,167.0,,1265.026,18.0,25.0,142.0,48.614,,,0.1497,0.8503,,True,completed
340,car,532.0,662.0,130.0,,1390.562,0.0,0.0,130.0,3.848,,,0.0,1.0,,True,completed
143,car,276.0,679.0,403.0,,1052.304,99.0,300.0,103.0,307.832,,,0.7444,0.2556,,True,completed
412,car,609.0,679.0,70.0,,735.66,0.0,0.0,70.0,2.385,,,0.0,1.0,,True,completed
397,car,602.0,691.0,89.0,,787.122,0.0,0.0,89.0,16.638,,,0.0,1.0,,True,completed
296,car,481.0,694.0,213.0,,1832.237,27.0,27.0,186.0,46.371,,,0.1268,0.8732,,True,completed
305,car,489.0,696.0,207.0,,1683.57,14.0,38.0,169.0,44.415,,,0.1836,0.8164,,True,completed
351,car,541.0,697.0,156.0,,1326.625,19.0,19.0,137.0,32.451,,,0.1218,0.8782,,True,completed
360,car,551.0,701.0,150.0,,1454.759,0.0,0.0,150.0,13.902,,,0.0,1.0,,True,completed
354,truck,544.0,711.0,167.0,,1033.849,2.0,15.0,152.0,40.681,,,0.0898,0.9102,,True,completed
366,car,558.0,713.0,155.0,,1520.674,3.0,3.0,152.0,13.076,,,0.0194,0.9806,,True,completed
508,car,672.0,714.0,42.0,,443.448,0.0,0.0,42.0,1.089,,,0.0,1.0,,True,completed
511,car,674.0,715.0,41.0,,375.843,0.0,0.0,41.0,3.273,,,0.0,1.0,,True,completed
435,car,620.0,717.0,97.0,,736.076,2.0,2.0,95.0,28.716,,,0.0206,0.9794,,True,completed
32,car,52.0,718.0,666.0,,1657.598,0.0,426.0,240.0,461.546,,,0.6396,0.3604,,True,completed
7,car,9.0,723.0,714.0,,2203.001,74.0,482.0,232.0,509.033,,,0.6751,0.3249,,True,completed
198,car,349.0,725.0,376.0,,742.23,100.0,300.0,76.0,307.81,,,0.7979,0.2021,,True,completed
324,truck,509.0,727.0,218.0,,1390.894,4.0,15.0,203.0,49.05,,,0.0688,0.9312,,True,completed
286,car,468.0,729.0,261.0,,457.928,96.0,209.0,52.0,218.786,,,0.8008,0.1992,,True,completed
492,car,659.0,730.0,71.0,,667.042,0.0,0.0,71.0,2.909,,,0.0,1.0,,True,completed
536,car,691.0,732.0,41.0,,132.686,18.0,18.0,23.0,28.058,,,0.439,0.561,,True,completed
309,truck,492.0,735.0,243.0,,1498.572,21.0,37.0,206.0,61.828,,,0.1523,0.8477,,True,completed
280,car,458.0,738.0,280.0,,1835.123,3.0,63.0,217.0,93.994,,,0.225,0.775,,True,completed
17,car,27.0,741.0,714.0,,2795.923,0.0,382.0,332.0,440.917,,,0.535,0.465,,True,completed
475,car,643.0,746.0,103.0,,918.989,0.0,0.0,103.0,3.841,,,0.0,1.0,,True,completed
67,car,117.0,747.0,630.0,,2318.856,95.0,393.0,237.0,416.714,,,0.6238,0.3762,,True,completed
137,car,261.0,753.0,492.0,,493.26,100.0,433.0,59.0,446.16,,,0.8801,0.1199,,True,completed
482,car,649.0,764.0,115.0,,1142.333,0.0,0.0,115.0,6.608,,,0.0,1.0,,True,completed
464,truck,636.0,769.0,133.0,,1020.417,0.0,0.0,133.0,7.358,,,0.0,1.0,,True,completed
150,car,291.0,775.0,484.0,,2617.265,28.0,210.0,274.0,232.582,,,0.4339,0.5661,,True,completed
94,truck,181.0,777.0,596.0,,2292.971,13.0,300.0,296.0,318.422,,,0.5034,0.4966,,True,completed
579,truck,722.0,779.0,57.0,,448.046,0.0,0.0,57.0,2.158,,,0.0,1.0,,True,completed
605,car,738.0,781.0,43.0,,440.675,0.0,0.0,43.0,2.339,,,0.0,1.0,,True,completed
455,car,632.0,796.0,164.0,,983.695,28.0,29.0,135.0,53.689,,,0.1768,0.8232,,True,completed
540,car,693.0,796.0,103.0,,696.463,12.0,12.0,91.0,37.138,,,0.1165,0.8835,,True,completed
34,truck,55.0,801.0,746.0,,1250.043,4.0,559.0,187.0,595.093,,,0.7493,0.2507,,True,completed
368,car,561.0,802.0,241.0,,1073.595,76.0,122.0,119.0,142.932,,,0.5062,0.4938,,True,completed
442,car,624.0,812.0,188.0,,1818.17,0.0,0.0,188.0,22.455,,,0.0,1.0,,True,completed
491,car,659.0,818.0,159.0,,988.679,38.0,38.0,121.0,59.535,,,0.239,0.761,,True,completed
424,truck,615.0,820.0,205.0,,792.3,22.0,82.0,123.0,108.358,,,0.4,0.6,,True,completed
598,car,737.0,826.0,89.0,,765.234,2.0,2.0,87.0,18.198,,,0.0225,0.9775,,True,completed
83,car,149.0,827.0,678.0,,1725.962,48.0,461.0,217.0,498.895,,,0.6799,0.3201,,True,completed
654,truck,771.0,830.0,59.0,,402.112,0.0,0.0,59.0,9.723,,,0.0,1.0,,True,completed
30,car,51.0,833.0,782.0,,2139.504,36.0,562.0,220.0,580.649,,,0.7187,0.2813,,True,completed
61,car,106.0,841.0,735.0,,1375.098,7.0,584.0,151.0,609.869,,,0.7946,0.2054,,True,completed
122,car,240.0,850.0,610.0,,2121.542,25.0,389.0,221.0,417.571,,,0.6377,0.3623,,True,completed
613,car,742.0,851.0,109.0,,1151.097,0.0,0.0,109.0,3.765,,,0.0,1.0,,True,completed
11,car,18.0,852.0,834.0,,876.112,73.0,727.0,107.0,750.245,,,0.8717,0.1283,,True,completed
315,car,502.0,857.0,355.0,,1477.274,19.0,171.0,184.0,202.183,,,0.4817,0.5183,,True,completed
574,truck,718.0,857.0,139.0,,883.121,16.0,16.0,123.0,31.465,,,0.1151,0.8849,,True,completed
413,car,609.0,873.0,264.0,,2130.969,0.0,0.0,264.0,27.993,,,0.0,1.0,,True,completed
618,car,745.0,874.0,129.0,,986.75,0.0,9.0,120.0,25.569,,,0.0698,0.9302,,True,completed
472,car,640.0,877.0,237.0,,2052.143,0.0,0.0,237.0,19.87,,,0.0,1.0,,True,completed
478,car,645.0,883.0,238.0,,2369.232,0.0,0.0,238.0,17.471,,,0.0,1.0,,True,completed
528,car,687.0,894.0,207.0,,2197.992,0.0,0.0,207.0,7.819,,,0.0,1.0,,True,completed
132,car,247.0,902.0,655.0,,2319.077,95.0,412.0,243.0,438.634,,,0.629,0.371,,True,completed
463,car,636.0,907.0,271.0,,2342.232,0.0,0.0,271.0,33.197,,,0.0,1.0,,True,completed
633,car,753.0,909.0,156.0,,1641.156,0.0,0.0,156.0,7.294,,,0.0,1.0,,True,completed
165,car,309.0,910.0,601.0,,2567.547,0.0,300.0,301.0,328.45,,,0.4992,0.5008,,True,completed
592,car,730.0,912.0,182.0,,1375.145,9.0,38.0,144.0,56.481,,,0.2088,0.7912,,True,completed
758,car,843.0,913.0,70.0,,684.218,0.0,0.0,70.0,3.749,,,0.0,1.0,,True,completed
802,car,880.0,922.0,42.0,,444.199,0.0,0.0,42.0,1.022,,,0.0,1.0,,True,completed
567,car,714.0,924.0,210.0,,1841.496,0.0,14.0,196.0,38.735,,,0.0667,0.9333,,True,completed
621,car,748.0,924.0,176.0,,1655.728,0.0,0.0,176.0,17.47,,,0.0,1.0,,True,completed
788,car,862.0,930.0,68.0,,665.125,0.0,0.0,68.0,3.709,,,0.0,1.0,,True,completed
634,truck,754.0,934.0,180.0,,1300.582,0.0,0.0,180.0,22.168,,,0.0,1.0,,True,completed
673,car,783.0,940.0,157.0,,1517.113,7.0,7.0,150.0,8.819,,,0.0446,0.9554,,True,completed
298,car,481.0,941.0,460.0,,2337.06,0.0,189.0,271.0,214.93,,,0.4109,0.5891,,True,completed
481,car,649.0,941.0,292.0,,1555.395,1.0,124.0,168.0,133.393,,,0.4247,0.5753,,True,completed
625,car,749.0,943.0,194.0,,1735.178,0.0,0.0,194.0,24.817,,,0.0,1.0,,True,completed
531,car,690.0,944.0,254.0,,2148.169,7.0,7.0,247.0,30.995,,,0.0276,0.9724,,True,completed
748,car,834.0,944.0,110.0,,734.236,0.0,0.0,110.0,10.666,,,0.0,1.0,,True,completed
546,car,698.0,947.0,249.0,,2093.03,0.0,0.0,249.0,17.942,,,0.0,1.0,,True,completed
759,truck,846.0,947.0,101.0,,633.037,5.0,5.0,96.0,24.005,,,0.0495,0.9505,,True,completed
846,car,906.0,964.0,58.0,,609.788,0.0,0.0,58.0,2.119,,,0.0,1.0,,True,completed
821,car,891.0,970.0,79.0,,763.272,0.0,0.0,79.0,8.204,,,0.0,1.0,,True,completed
583,car,724.0,971.0,247.0,,2147.508,0.0,12.0,235.0,33.397,,,0.0486,0.9514,,True,completed
640,car,758.0,978.0,220.0,,1792.382,0.0,13.0,207.0,43.786,,,0.0591,0.9409,,True,completed
3,car,3.0,985.0,982.0,,1393.682,99.0,825.0,157.0,853.676,,,0.8401,0.1599,,True,completed
213,car,370.0,988.0,618.0,,989.878,96.0,493.0,125.0,518.198,,,0.7977,0.2023,,True,completed
687,car,795.0,992.0,197.0,,1897.995,0.0,3.0,194.0,16.975,,,0.0152,0.9848,,True,completed
12,car,19.0,1000.0,981.0,,2083.704,96.0,765.0,216.0,792.942,,,0.7798,0.2202,,True,completed
800,car,878.0,1000.0,122.0,,1184.163,0.0,0.0,122.0,6.136,,,0.0,1.0,,True,completed
849,truck,909.0,1002.0,93.0,,730.384,0.0,0.0,93.0,4.032,,,0.0,1.0,,True,completed
156,car,302.0,1004.0,702.0,,2133.136,93.0,461.0,241.0,504.853,,,0.6567,0.3433,,True,completed
717,car,812.0,1013.0,201.0,,1570.477,0.0,17.0,184.0,42.962,,,0.0846,0.9154,,True,completed
854,truck,912.0,1014.0,102.0,,781.573,0.0,0.0,102.0,6.957,,,0.0,1.0,,True,completed
715,car,811.0,1016.0,205.0,,1799.516,0.0,3.0,202.0,33.547,,,0.0146,0.9854,,True,completed
279,truck,454.0,1017.0,563.0,,1639.452,0.0,318.0,245.0,350.022,,,0.5648,0.4352,,True,completed
967,car,974.0,1021.0,47.0,,377.997,0.0,0.0,47.0,2.816,,,0.0,1.0,,True,completed
904,truck,936.0,1025.0,89.0,,679.138,0.0,0.0,89.0,6.284,,,0.0,1.0,,True,completed
36,car,59.0,1026.0,967.0,,1853.567,77.0,746.0,221.0,791.799,,,0.7715,0.2285,,True,completed
945,car,959.0,1029.0,70.0,,665.579,0.0,0.0,70.0,2.996,,,0.0,1.0,,True,completed
801,car,879.0,1037.0,158.0,,969.337,38.0,38.0,120.0,63.36,,,0.2405,0.7595,,True,completed
526,car,969.0,1038.0,69.0,,561.715,9.0,10.0,59.0,16.678,,,0.1449,0.8551,,True,completed
985,car,987.0,1038.0,51.0,,542.721,0.0,0.0,51.0,1.155,,,0.0,1.0,,True,completed
842,car,904.0,1040.0,136.0,,1107.338,0.0,0.0,136.0,35.339,,,0.0,1.0,,True,completed
786,car,861.0,1042.0,181.0,,1492.727,0.0,21.0,160.0,39.839,,,0.116,0.884,,True,completed
895,car,933.0,1045.0,112.0,,1109.557,0.0,0.0,112.0,6.582,,,0.0,1.0,,True,completed
142,car,269.0,1046.0,777.0,,1925.457,50.0,554.0,223.0,596.244,,,0.713,0.287,,True,completed
856,car,913.0,1046.0,133.0,,1394.997,0.0,0.0,133.0,6.449,,,0.0,1.0,,True,completed
43,car,80.0,1050.0,970.0,,1271.93,61.0,787.0,183.0,827.485,,,0.8113,0.1887,,True,completed
696,car,802.0,1052.0,250.0,,1882.993,0.0,11.0,239.0,73.619,,,0.044,0.956,,True,completed
162,car,305.0,1053.0,748.0,,2014.543,95.0,511.0,237.0,560.485,,,0.6832,0.3168,,True,completed
783,car,859.0,1057.0,198.0,,1830.551,0.0,0.0,198.0,12.573,,,0.0,1.0,,True,completed
892,car,932.0,1058.0,126.0,,984.269,6.0,6.0,120.0,26.678,,,0.0476,0.9524,,True,completed
112,car,216.0,1059.0,843.0,,1204.45,100.0,697.0,146.0,731.703,,,0.8268,0.1732,,True,completed
777,car,856.0,1062.0,206.0,,1775.165,4.0,4.0,202.0,31.351,,,0.0194,0.9806,,True,completed
926,car,949.0,1064.0,115.0,,1144.991,0.0,0.0,115.0,6.18,,,0.0,1.0,,True,completed
20,car,34.0,1066.0,1032.0,,1752.135,73.0,775.0,257.0,862.022,,,0.751,0.249,,True,completed
896,car,933.0,1067.0,134.0,,995.516,6.0,6.0,128.0,26.635,,,0.0448,0.9552,,True,completed
262,car,442.0,1073.0,631.0,,1150.043,98.0,502.0,129.0,519.259,,,0.7956,0.2044,,True,completed
820,car,891.0,1078.0,187.0,,1405.354,0.0,0.0,187.0,41.13,,,0.0,1.0,,True,completed
852,car,910.0,1080.0,170.0,,1687.652,0.0,0.0,170.0,11.283,,,0.0,1.0,,True,completed
1,car,2.0,1081.0,1079.0,,1647.065,86.0,901.0,178.0,930.035,,,0.835,0.165,,True,completed
1001,car,996.0,1081.0,85.0,,752.285,0.0,0.0,85.0,9.044,,,0.0,1.0,,True,completed
1013,truck,1001.0,1086.0,85.0,,595.553,3.0,3.0,82.0,12.505,,,0.0353,0.9647,,True,completed
823,car,894.0,1091.0,197.0,,1628.551,0.0,19.0,178.0,38.259,,,0.0964,0.9036,,True,completed
726,car,817.0,1096.0,279.0,,2511.181,0.0,13.0,266.0,31.665,,,0.0466,0.9534,,True,completed
1049,car,1021.0,1098.0,77.0,,544.45,18.0,18.0,59.0,26.585,,,0.2338,0.7662,,True,completed
998,truck,993.0,1112.0,119.0,,690.235,9.0,9.0,110.0,34.71,,,0.0756,0.9244,,True,completed
58,car,100.0,1116.0,1016.0,,1577.76,100.0,840.0,176.0,870.239,,,0.8268,0.1732,,True,completed
1152,car,1071.0,1117.0,46.0,,404.038,0.0,0.0,46.0,6.263,,,0.0,1.0,,True,completed
810,car,886.0,1117.0,231.0,,1091.064,15.0,30.0,201.0,86.816,,,0.1299,0.8701,,True,completed
479,truck,648.0,1128.0,480.0,,1317.969,0.0,300.0,180.0,314.096,,,0.625,0.375,,True,completed
221,car,385.0,1131.0,746.0,,1221.453,0.0,594.0,152.0,633.251,,,0.7962,0.2038,,True,completed
1111,car,1049.0,1133.0,84.0,,791.156,0.0,0.0,84.0,3.982,,,0.0,1.0,,True,completed
978,car,984.0,1137.0,153.0,,918.591,7.0,10.0,143.0,49.384,,,0.0654,0.9346,,True,completed
996,car,991.0,1145.0,154.0,,1157.358,0.0,0.0,154.0,15.72,,,0.0,1.0,,True,completed
1074,car,1034.0,1152.0,118.0,,1050.889,0.0,0.0,118.0,7.91,,,0.0,1.0,,True,completed
236,car,406.0,1152.0,746.0,,1370.964,0.0,582.0,164.0,619.72,,,0.7802,0.2198,,True,completed
970,car,976.0,1153.0,177.0,,1459.75,24.0,24.0,153.0,44.617,,,0.1356,0.8644,,True,completed
1063,truck,1033.0,1155.0,122.0,,946.089,0.0,0.0,122.0,7.393,,,0.0,1.0,,True,completed
939,truck,956.0,1156.0,200.0,,1573.607,0.0,0.0,200.0,9.58,,,0.0,1.0,,True,completed
941,car,958.0,1156.0,198.0,,1342.267,19.0,40.0,158.0,73.111,,,0.202,0.798,,True,completed
873,car,921.0,1157.0,236.0,,2369.588,0.0,0.0,236.0,13.872,,,0.0,1.0,,True,completed
928,car,950.0,1169.0,219.0,,2275.505,0.0,0.0,219.0,9.015,,,0.0,1.0,,True,completed
1058,truck,1026.0,1171.0,145.0,,1099.79,0.0,0.0,145.0,10.917,,,0.0,1.0,,True,completed
1065,car,1030.0,1171.0,141.0,,1117.227,20.0,20.0,121.0,34.863,,,0.1418,0.8582,,True,completed
1146,car,1069.0,1171.0,102.0,,908.796,0.0,0.0,102.0,17.642,,,0.0,1.0,,True,completed
1109,car,1048.0,1178.0,130.0,,1399.892,0.0,0.0,130.0,3.008,,,0.0,1.0,,True,completed
837,car,902.0,1187.0,285.0,,2248.241,0.0,0.0,285.0,21.926,,,0.0,1.0,,True,completed
1037,car,1014.0,1202.0,188.0,,1738.884,0.0,0.0,188.0,18.269,,,0.0,1.0,,True,completed
1093,truck,1042.0,1206.0,164.0,,1242.444,0.0,0.0,164.0,7.944,,,0.0,1.0,,True,completed
129,truck,245.0,1217.0,972.0,,2334.387,58.0,651.0,321.0,691.174,,,0.6698,0.3302,,True,completed
23,car,36.0,1217.0,1181.0,,1823.928,18.0,924.0,257.0,1011.115,,,0.7824,0.2176,,True,completed
953,car,965.0,1218.0,253.0,,1813.21,35.0,35.0,218.0,86.769,,,0.1383,0.8617,,True,completed
877,car,922.0,1219.0,297.0,,2576.743,0.0,7.0,290.0,53.631,,,0.0236,0.9764,,True,completed
1132,car,1058.0,1221.0,163.0,,1472.672,17.0,17.0,146.0,28.719,,,0.1043,0.8957,,True,completed
754,truck,840.0,1222.0,382.0,,1223.938,0.0,212.0,170.0,233.647,,,0.555,0.445,,True,completed
1297,car,1146.0,1227.0,81.0,,511.117,0.0,0.0,81.0,4.064,,,0.0,1.0,,True,completed
178,car,321.0,1229.0,908.0,,2327.42,100.0,603.0,305.0,640.9,,,0.6641,0.3359,,True,completed
1062,car,1029.0,1237.0,208.0,,1445.804,57.0,57.0,151.0,75.627,,,0.274,0.726,,True,completed
1096,car,1043.0,1237.0,194.0,,1405.003,33.0,33.0,161.0,65.628,,,0.1701,0.8299,,True,completed
962,car,969.0,1238.0,269.0,,1831.923,40.0,42.0,227.0,101.619,,,0.1561,0.8439,,True,completed
282,car,465.0,1241.0,776.0,,1627.213,25.0,523.0,253.0,618.242,,,0.674,0.326,,True,completed
489,truck,658.0,1241.0,583.0,,95.853,91.0,559.0,24.0,571.182,,,0.9588,0.0412,,True,completed
522,car,684.0,1243.0,559.0,,1326.036,12.0,354.0,205.0,426.986,,,0.6333,0.3667,,True,completed
1004,car,998.0,1245.0,247.0,,2091.976,0.0,0.0,247.0,16.784,,,0.0,1.0,,True,completed
1123,truck,1054.0,1245.0,191.0,,1301.356,12.0,12.0,179.0,33.29,,,0.0628,0.9372,,True,completed
1328,truck,1162.0,1248.0,86.0,,665.506,0.0,0.0,86.0,5.107,,,0.0,1.0,,True,completed
454,truck,632.0,1250.0,618.0,,937.785,27.0,448.0,170.0,466.726,,,0.7249,0.2751,,True,completed
1080,car,1036.0,1251.0,215.0,,1820.505,0.0,0.0,215.0,30.948,,,0.0,1.0,,True,completed
54,truck,96.0,1255.0,1159.0,,2310.847,0.0,839.0,320.0,881.908,,,0.7239,0.2761,,True,completed
1416,car,1220.0,1261.0,41.0,,435.644,0.0,0.0,41.0,0.792,,,0.0,1.0,,True,completed
1418,truck,1221.0,1269.0,48.0,,378.595,0.0,0.0,48.0,1.55,,,0.0,1.0,,True,completed
1177,car,1082.0,1281.0,199.0,,916.013,49.0,49.0,150.0,73.771,,,0.2462,0.7538,,True,completed
249,truck,428.0,1281.0,853.0,,736.193,96.0,722.0,131.0,762.847,,,0.8464,0.1536,,True,completed
925,car,1180.0,1282.0,102.0,,813.394,8.0,10.0,92.0,20.54,,,0.098,0.902,,True,completed
1329,car,1163.0,1286.0,123.0,,1218.423,0.0,0.0,123.0,6.28,,,0.0,1.0,,True,completed
394,truck,599.0,1287.0,688.0,,1856.645,0.0,420.0,268.0,463.333,,,0.6105,0.3895,,True,completed
1288,truck,1146.0,1297.0,151.0,,631.15,35.0,38.0,113.0,74.232,,,0.2517,0.7483,,True,completed
1443,truck,1238.0,1298.0,60.0,,470.999,0.0,0.0,60.0,2.457,,,0.0,1.0,,True,completed
187,car,334.0,1299.0,965.0,,,0.0,591.0,374.0,0.0,,,0.6124,0.3876,,True,completed
1122,car,1053.0,1304.0,251.0,,1644.723,7.0,81.0,170.0,101.954,,,0.3227,0.6773,,True,completed
1311,car,1151.0,1307.0,156.0,,589.466,57.0,57.0,99.0,91.808,,,0.3654,0.6346,,True,completed
120,car,237.0,1310.0,1073.0,,829.295,24.0,959.0,114.0,997.378,,,0.8938,0.1062,,True,completed
1382,car,1201.0,1317.0,116.0,,1105.126,0.0,0.0,116.0,6.06,,,0.0,1.0,,True,completed
1169,car,1080.0,1319.0,239.0,,1866.234,11.0,28.0,211.0,68.649,,,0.1172,0.8828,,True,completed
1330,car,1164.0,1319.0,155.0,,1503.811,3.0,3.0,152.0,18.046,,,0.0194,0.9806,,True,completed
1211,car,1102.0,1322.0,220.0,,1886.0,2.0,3.0,217.0,37.435,,,0.0136,0.9864,,True,completed
1478,truck,1274.0,1322.0,48.0,,369.924,0.0,0.0,48.0,2.57,,,0.0,1.0,,True,completed
1209,car,1102.0,1323.0,221.0,,1528.592,0.0,45.0,176.0,82.425,,,0.2036,0.7964,,True,completed
447,car,625.0,1323.0,698.0,,2191.21,100.0,315.0,383.0,386.986,,,0.4513,0.5487,,True,completed
1125,car,1055.0,1328.0,273.0,,2592.497,0.0,0.0,273.0,29.709,,,0.0,1.0,,True,completed
1426,car,1225.0,1330.0,105.0,,1022.85,0.0,0.0,105.0,10.226,,,0.0,1.0,,True,completed
1452,car,1243.0,1330.0,87.0,,825.471,0.0,0.0,87.0,10.83,,,0.0,1.0,,True,completed
375,car,569.0,1331.0,762.0,,2340.219,0.0,457.0,305.0,546.47,,,0.5997,0.4003,,True,completed
1204,car,1098.0,1332.0,234.0,,1536.486,38.0,38.0,196.0,89.902,,,0.1624,0.8376,,True,completed
1464,car,1259.0,1339.0,80.0,,664.659,0.0,0.0,80.0,14.395,,,0.0,1.0,,True,completed
1429,car,1228.0,1341.0,113.0,,788.568,2.0,2.0,111.0,20.473,,,0.0177,0.9823,,True,completed
1214,car,1104.0,1344.0,240.0,,1695.638,30.0,30.0,210.0,75.402,,,0.125,0.875,,True,completed
1300,car,1147.0,1344.0,197.0,,2047.364,0.0,0.0,197.0,8.961,,,0.0,1.0,,True,completed
1178,truck,1083.0,1348.0,265.0,,1892.387,13.0,13.0,252.0,36.661,,,0.0491,0.9509,,True,completed
379,truck,576.0,1352.0,776.0,,1483.622,44.0,569.0,207.0,597.751,,,0.7332,0.2668,,True,completed
1358,truck,1186.0,1354.0,168.0,,1087.211,0.0,0.0,168.0,35.551,,,0.0,1.0,,True,completed
1289,car,1144.0,1357.0,213.0,,1661.861,0.0,43.0,170.0,59.627,,,0.2019,0.7981,,True,completed
90,car,171.0,1359.0,1188.0,,2101.056,55.0,948.0,240.0,994.628,,,0.798,0.202,,True,completed
1400,car,1213.0,1361.0,148.0,,1456.057,0.0,0.0,148.0,10.565,,,0.0,1.0,,True,completed
1455,car,1249.0,1363.0,114.0,,1146.9,0.0,0.0,114.0,6.069,,,0.0,1.0,,True,completed
72,car,129.0,1364.0,1235.0,,2429.449,95.0,959.0,276.0,1008.743,,,0.7765,0.2235,,True,completed
1419,car,1348.0,1366.0,18.0,,91.069,2.0,3.0,15.0,8.709,,,0.1667,0.8333,,True,completed
1133,truck,1058.0,1374.0,316.0,,1789.172,0.0,69.0,247.0,99.668,,,0.2184,0.7816,,True,completed
342,car,535.0,1374.0,839.0,,1930.338,35.0,589.0,250.0,662.325,,,0.702,0.298,,True,completed
1232,car,1111.0,1378.0,267.0,,1800.972,0.0,32.0,235.0,93.42,,,0.1199,0.8801,,True,completed
680,car,791.0,1382.0,591.0,,1387.243,96.0,408.0,183.0,439.606,,,0.6904,0.3096,,True,completed
1203,truck,1098.0,1387.0,289.0,,2041.088,0.0,18.0,271.0,42.959,,,0.0623,0.9377,,True,completed
1287,car,1144.0,1388.0,244.0,,688.827,85.0,151.0,93.0,178.01,,,0.6189,0.3811,,True,completed
46,car,84.0,1398.0,1314.0,,1496.676,21.0,1111.0,203.0,1166.116,,,0.8455,0.1545,,True,completed
1325,car,1161.0,1401.0,240.0,,1497.24,0.0,46.0,194.0,92.573,,,0.1917,0.8083,,True,completed
316,car,502.0,1408.0,906.0,,1600.287,86.0,724.0,182.0,761.513,,,0.7991,0.2009,,True,completed
1166,car,1078.0,1410.0,332.0,,2359.37,0.0,52.0,280.0,108.895,,,0.1566,0.8434,,True,completed
1047,car,1019.0,1411.0,392.0,,1809.75,55.0,201.0,191.0,226.379,,,0.5128,0.4872,,True,completed
578,car,722.0,1413.0,691.0,,1621.923,62.0,457.0,234.0,514.016,,,0.6614,0.3386,,True,completed
1265,car,1129.0,1415.0,286.0,,1903.698,6.0,48.0,238.0,91.986,,,0.1678,0.8322,,True,completed
1055,car,1024.0,1416.0,392.0,,1834.459,51.0,197.0,195.0,224.211,,,0.5026,0.4974,,True,completed
1395,car,1209.0,1416.0,207.0,,732.336,71.0,108.0,99.0,139.48,,,0.5217,0.4783,,True,completed
1262,car,1127.0,1419.0,292.0,,1485.388,20.0,76.0,216.0,128.774,,,0.2603,0.7397,,True,completed
443,car,624.0,1424.0,800.0,,1551.595,60.0,624.0,176.0,659.52,,,0.78,0.22,,True,completed
1425,car,1225.0,1426.0,201.0,,1921.756,6.0,6.0,195.0,22.234,,,0.0299,0.9701,,True,completed
1373,truck,1194.0,1427.0,233.0,,1621.603,0.0,13.0,220.0,36.927,,,0.0558,0.9442,,True,completed
376,car,573.0,1427.0,854.0,,1451.467,6.0,665.0,189.0,715.081,,,0.7787,0.2213,,True,completed
1515,car,1310.0,1437.0,127.0,,1278.401,0.0,0.0,127.0,8.205,,,0.0,1.0,,True,completed
1457,car,1251.0,1438.0,187.0,,1404.053,23.0,25.0,162.0,43.749,,,0.1337,0.8663,,True,completed
558,car,708.0,1442.0,734.0,,735.167,12.0,587.0,147.0,661.596,,,0.7997,0.2003,,True,completed
19,truck,32.0,1457.0,1425.0,,2699.528,0.0,1023.0,402.0,1095.67,,,0.7179,0.2821,,True,completed
1581,car,1363.0,1467.0,104.0,,522.754,43.0,43.0,61.0,55.952,,,0.4135,0.5865,,True,completed
1475,car,1272.0,1471.0,199.0,,1719.716,1.0,1.0,198.0,40.044,,,0.005,0.995,,True,completed
1523,truck,1318.0,1471.0,153.0,,883.271,20.0,20.0,133.0,45.326,,,0.1307,0.8693,,True,completed
1560,car,1345.0,1474.0,129.0,,984.586,0.0,0.0,129.0,14.22,,,0.0,1.0,,True,completed
1428,truck,1228.0,1483.0,255.0,,1044.337,48.0,80.0,175.0,125.202,,,0.3137,0.6863,,True,completed
1530,car,1322.0,1486.0,164.0,,1210.687,11.0,11.0,153.0,52.885,,,0.0671,0.9329,,True,completed
1625,car,1401.0,1510.0,109.0,,1028.778,0.0,0.0,109.0,7.272,,,0.0,1.0,,True,completed
78,car,138.0,1512.0,1374.0,,1141.95,100.0,1126.0,248.0,1150.857,,,0.8195,0.1805,,True,completed
209,truck,365.0,1513.0,1148.0,,2128.842,96.0,830.0,318.0,890.73,,,0.723,0.277,,True,completed
1167,car,1080.0,1519.0,439.0,,1453.092,34.0,248.0,191.0,297.842,,,0.5649,0.4351,,True,completed
1396,car,1209.0,1520.0,311.0,,2125.572,0.0,41.0,270.0,77.383,,,0.1318,0.8682,,True,completed
1707,car,1462.0,1536.0,74.0,,667.518,0.0,0.0,74.0,8.45,,,0.0,1.0,,True,completed
553,car,703.0,1540.0,837.0,,1315.787,52.0,659.0,178.0,713.352,,,0.7873,0.2127,,True,completed
1513,truck,1309.0,1545.0,236.0,,1525.825,9.0,28.0,208.0,51.828,,,0.1186,0.8814,,True,completed
1518,truck,1314.0,1550.0,236.0,,1842.486,0.0,0.0,236.0,12.822,,,0.0,1.0,,True,completed
49,truck,90.0,1569.0,1479.0,,2085.318,22.0,1107.0,372.0,1157.225,,,0.7485,0.2515,,True,completed
1575,car,1353.0,1571.0,218.0,,1645.661,2.0,40.0,178.0,68.659,,,0.1835,0.8165,,True,completed
1767,car,1533.0,1574.0,41.0,,435.034,0.0,0.0,41.0,0.847,,,0.0,1.0,,True,completed
1504,car,1488.0,1585.0,97.0,,811.034,1.0,2.0,95.0,9.564,,,0.0206,0.9794,,True,completed
355,car,545.0,1601.0,1056.0,,,0.0,713.0,343.0,0.0,,,0.6752,0.3248,,True,completed
1339,car,1167.0,1608.0,441.0,,2635.247,1.0,145.0,296.0,179.358,,,0.3288,0.6712,,True,completed
1681,car,1444.0,1609.0,165.0,,1044.098,15.0,15.0,150.0,63.362,,,0.0909,0.9091,,True,completed
391,car,594.0,1618.0,1024.0,,1774.02,100.0,721.0,303.0,760.594,,,0.7041,0.2959,,True,completed
493,car,660.0,1618.0,958.0,,2162.8,100.0,600.0,358.0,661.438,,,0.6263,0.3737,,True,completed
949,truck,963.0,1618.0,655.0,,748.508,60.0,300.0,355.0,311.129,,,0.458,0.542,,True,completed
350,car,540.0,1619.0,1079.0,,1361.2,96.0,889.0,190.0,951.477,,,0.8239,0.1761,,True,completed
1722,car,1479.0,1620.0,141.0,,971.414,24.0,24.0,117.0,43.144,,,0.1702,0.8298,,True,completed
465,car,638.0,1623.0,985.0,,1175.424,93.0,802.0,183.0,860.712,,,0.8142,0.1858,,True,completed
1798,truck,1574.0,1624.0,50.0,,376.639,0.0,0.0,50.0,3.785,,,0.0,1.0,,True,completed
307,car,491.0,1624.0,1133.0,,1711.519,91.0,903.0,230.0,966.093,,,0.797,0.203,,True,completed
434,truck,619.0,1626.0,1007.0,,2078.514,91.0,692.0,315.0,755.984,,,0.6872,0.3128,,True,completed
501,car,665.0,1630.0,965.0,,1303.853,89.0,782.0,183.0,838.054,,,0.8104,0.1896,,True,completed
514,truck,678.0,1634.0,956.0,,2077.902,87.0,631.0,325.0,705.072,,,0.66,0.34,,True,completed
806,car,882.0,1637.0,755.0,,1122.38,86.0,586.0,169.0,642.923,,,0.7762,0.2238,,True,completed
1674,car,1440.0,1638.0,198.0,,1410.727,1.0,2.0,196.0,34.326,,,0.0101,0.9899,,True,completed
55,car,98.0,1651.0,1553.0,,2099.712,73.0,1303.0,250.0,1353.206,,,0.839,0.161,,True,completed
735,car,824.0,1659.0,835.0,,1580.091,11.0,542.0,293.0,670.206,,,0.6491,0.3509,,True,completed
407,car,605.0,1668.0,1063.0,,1124.443,96.0,888.0,175.0,949.582,,,0.8354,0.1646,,True,completed
1503,truck,1298.0,1677.0,379.0,,2081.748,0.0,68.0,311.0,113.187,,,0.1794,0.8206,,True,completed
308,car,491.0,1684.0,1193.0,,541.343,63.0,1096.0,97.0,1143.795,,,0.9187,0.0813,,True,completed
819,truck,891.0,1691.0,800.0,,1094.573,97.0,625.0,175.0,667.331,,,0.7812,0.2188,,True,completed
729,truck,1064.0,1701.0,637.0,,1801.191,0.0,319.0,318.0,355.02,,,0.5008,0.4992,,True,completed
4,truck,5.0,1707.0,1702.0,,1486.866,76.0,1478.0,224.0,1524.781,,,0.8684,0.1316,,True,completed
1821,car,1606.0,1712.0,106.0,,1047.696,1.0,1.0,105.0,10.706,,,0.0094,0.9906,,True,completed
343,car,536.0,1712.0,1176.0,,1549.165,88.0,986.0,190.0,1035.98,,,0.8384,0.1616,,True,completed
572,car,717.0,1726.0,1009.0,,2945.839,52.0,668.0,341.0,732.311,,,0.662,0.338,,True,completed
104,truck,196.0,1736.0,1540.0,,2302.794,42.0,1185.0,355.0,1264.256,,,0.7695,0.2305,,True,completed
1748,truck,1509.0,1746.0,237.0,,725.334,59.0,108.0,129.0,148.554,,,0.4557,0.5443,,True,completed
1640,car,1412.0,1755.0,343.0,,644.165,33.0,248.0,95.0,266.794,,,0.723,0.277,,True,completed
1922,car,1716.0,1760.0,44.0,,459.643,0.0,0.0,44.0,1.072,,,0.0,1.0,,True,completed
1579,car,1358.0,1764.0,406.0,,1829.837,0.0,167.0,239.0,225.017,,,0.4113,0.5887,,True,completed
65,car,114.0,1766.0,1652.0,,1297.526,89.0,1454.0,198.0,1473.982,,,0.8801,0.1199,,True,completed
500,car,665.0,1793.0,1128.0,,897.048,27.0,966.0,162.0,979.896,,,0.8564,0.1436,,True,completed
1622,car,1398.0,1799.0,401.0,,2345.082,0.0,109.0,292.0,183.724,,,0.2718,0.7282,,True,completed
100,car,188.0,,1612.0,,1682.058,100.0,1376.0,236.0,1458.081,,,0.8536,0.1464,,False,on_map_at_end
1000,car,995.0,,805.0,,1543.751,94.0,591.0,214.0,665.678,,,0.7342,0.2658,,False,on_map_at_end
1002,car,997.0,,803.0,,291.655,100.0,664.0,139.0,752.185,,,0.8269,0.1731,,False,on_map_at_end
1003,truck,998.0,,802.0,,78.349,90.0,762.0,40.0,792.594,,,0.9501,0.0499,,False,on_map_at_end
1005,car,998.0,,802.0,,277.924,100.0,702.0,100.0,776.598,,,0.8753,0.1247,,False,on_map_at_end
1006,car,1000.0,,800.0,,311.272,100.0,681.0,119.0,760.329,,,0.8512,0.1488,,False,on_map_at_end
1007,car,1000.0,,800.0,,962.772,96.0,641.0,159.0,708.711,,,0.8013,0.1987,,False,on_map_at_end
1008,truck,1000.0,,800.0,,377.572,100.0,687.0,113.0,754.221,,,0.8588,0.1412,,False,on_map_at_end
1009,car,1682.0,,118.0,,0.956,100.0,114.0,4.0,117.914,,,0.9661,0.0339,,False,on_map_at_end
101,car,188.0,,1612.0,,998.227,87.0,1438.0,174.0,1522.324,,,0.8921,0.1079,,False,on_map_at_end
1010,car,1001.0,,799.0,,1164.609,88.0,593.0,206.0,683.151,,,0.7422,0.2578,,False,on_map_at_end
1011,car,1001.0,,799.0,,940.931,74.0,615.0,184.0,705.475,,,0.7697,0.2303,,False,on_map_at_end
1012,car,1001.0,,799.0,,1885.095,65.0,410.0,389.0,628.743,,,0.5131,0.4869,,False,on_map_at_end
1014,car,1002.0,,798.0,,162.145,100.0,715.0,83.0,783.407,,,0.896,0.104,,False,on_map_at_end
1015,car,1002.0,,798.0,,749.187,100.0,698.0,100.0,730.356,,,0.8747,0.1253,,False,on_map_at_end
1016,car,1003.0,,797.0,,673.693,100.0,644.0,153.0,731.8,,,0.808,0.192,,False,on_map_at_end
1017,car,1005.0,,795.0,,1176.01,100.0,628.0,167.0,676.289,,,0.7899,0.2101,,False,on_map_at_end
1019,car,1006.0,,794.0,,415.215,79.0,689.0,105.0,748.01,,,0.8678,0.1322,,False,on_map_at_end
1020,car,1007.0,,793.0,,260.368,56.0,643.0,150.0,769.567,,,0.8108,0.1892,,False,on_map_at_end
1022,car,1008.0,,792.0,,96.309,73.0,708.0,84.0,779.649,,,0.8939,0.1061,,False,on_map_at_end
1023,truck,1008.0,,792.0,,927.93,74.0,611.0,181.0,679.13,,,0.7715,0.2285,,False,on_map_at_end
1025,car,1010.0,,790.0,,88.808,69.0,696.0,94.0,780.268,,,0.881,0.119,,False,on_map_at_end
1026,car,1009.0,,791.0,,1270.298,100.0,577.0,214.0,659.591,,,0.7295,0.2705,,False,on_map_at_end
1027,car,1009.0,,791.0,,361.614,81.0,708.0,83.0,758.454,,,0.8951,0.1049,,False,on_map_at_end
1028,truck,1010.0,,790.0,,247.367,57.0,640.0,150.0,760.304,,,0.8101,0.1899,,False,on_map_at_end
1029,car,1010.0,,790.0,,830.625,85.0,639.0,151.0,715.243,,,0.8089,0.1911,,False,on_map_at_end
1030,car,1011.0,,789.0,,270.423,100.0,689.0,100.0,764.32,,,0.8733,0.1267,,False,on_map_at_end
1031,car,1011.0,,789.0,,206.654,100.0,686.0,103.0,764.491,,,0.8695,0.1305,,False,on_map_at_end
1032,car,1012.0,,788.0,,271.321,95.0,711.0,77.0,727.057,,,0.9023,0.0977,,False,on_map_at_end
1033,truck,1012.0,,788.0,,35.343,96.0,732.0,56.0,747.757,,,0.9289,0.0711,,False,on_map_at_end
1034,car,1012.0,,788.0,,741.686,100.0,685.0,103.0,721.049,,,0.8693,0.1307,,False,on_map_at_end
1035,car,1015.0,,785.0,,714.998,100.0,683.0,102.0,683.73,,,0.8701,0.1299,,False,on_map_at_end
1036,car,1014.0,,786.0,,266.172,88.0,679.0,107.0,761.409,,,0.8639,0.1361,,False,on_map_at_end
1039,car,1015.0,,785.0,,345.832,87.0,699.0,86.0,753.875,,,0.8904,0.1096,,False,on_map_at_end
1040,car,1016.0,,784.0,,1230.46,65.0,532.0,252.0,659.575,,,0.6786,0.3214,,False,on_map_at_end
1041,car,1016.0,,784.0,,1225.109,67.0,433.0,351.0,653.003,,,0.5523,0.4477,,False,on_map_at_end
1042,car,1016.0,,784.0,,1329.955,77.0,607.0,177.0,664.303,,,0.7742,0.2258,,False,on_map_at_end
1043,truck,1017.0,,783.0,,984.229,100.0,618.0,165.0,664.689,,,0.7893,0.2107,,False,on_map_at_end
1045,car,1018.0,,782.0,,1205.274,78.0,610.0,172.0,673.524,,,0.7801,0.2199,,False,on_map_at_end
1048,truck,1020.0,,780.0,,1316.954,77.0,563.0,217.0,621.902,,,0.7218,0.2782,,False,on_map_at_end
105,car,198.0,,1602.0,,860.2,100.0,1496.0,106.0,1524.607,,,0.9338,0.0662,,False,on_map_at_end
1051,car,1022.0,,778.0,,734.184,100.0,670.0,108.0,711.494,,,0.8612,0.1388,,False,on_map_at_end
1052,car,1022.0,,778.0,,407.714,75.0,670.0,108.0,737.415,,,0.8612,0.1388,,False,on_map_at_end
1053,truck,1023.0,,777.0,,298.271,100.0,681.0,96.0,740.941,,,0.8764,0.1236,,False,on_map_at_end
1054,car,1024.0,,776.0,,1505.36,91.0,554.0,222.0,634.707,,,0.7139,0.2861,,False,on_map_at_end
1056,car,1024.0,,776.0,,235.968,80.0,674.0,102.0,754.516,,,0.8686,0.1314,,False,on_map_at_end
1057,car,1024.0,,776.0,,1330.455,75.0,586.0,190.0,656.258,,,0.7552,0.2448,,False,on_map_at_end
1059,car,1027.0,,773.0,,668.231,100.0,655.0,118.0,703.318,,,0.8473,0.1527,,False,on_map_at_end
1060,car,1028.0,,772.0,,523.991,100.0,640.0,132.0,724.496,,,0.829,0.171,,False,on_map_at_end
1061,car,1028.0,,772.0,,1544.944,89.0,587.0,185.0,613.852,,,0.7604,0.2396,,False,on_map_at_end
1066,car,1228.0,,572.0,,294.43,100.0,536.0,36.0,545.951,,,0.9371,0.0629,,False,on_map_at_end
1067,car,1030.0,,770.0,,1056.457,66.0,449.0,321.0,670.342,,,0.5831,0.4169,,False,on_map_at_end
1068,truck,1030.0,,770.0,,617.416,28.0,668.0,102.0,697.201,,,0.8675,0.1325,,False,on_map_at_end
1069,car,1030.0,,770.0,,337.105,90.0,685.0,85.0,739.66,,,0.8896,0.1104,,False,on_map_at_end
107,car,207.0,,1593.0,,781.396,100.0,1353.0,240.0,1519.347,,,0.8493,0.1507,,False,on_map_at_end
1070,car,1030.0,,770.0,,557.648,66.0,647.0,123.0,719.811,,,0.8403,0.1597,,False,on_map_at_end
1072,car,1032.0,,768.0,,328.427,91.0,676.0,92.0,738.441,,,0.8802,0.1198,,False,on_map_at_end
1073,truck,1032.0,,768.0,,379.288,87.0,668.0,100.0,722.245,,,0.8698,0.1302,,False,on_map_at_end
1076,car,1035.0,,765.0,,1341.126,92.0,586.0,179.0,635.387,,,0.766,0.234,,False,on_map_at_end
1078,truck,1035.0,,765.0,,1310.393,61.0,456.0,309.0,599.299,,,0.5961,0.4039,,False,on_map_at_end
1082,car,1037.0,,763.0,,1570.009,100.0,574.0,189.0,608.864,,,0.7523,0.2477,,False,on_map_at_end
1084,car,1037.0,,763.0,,228.466,78.0,663.0,100.0,742.222,,,0.8689,0.1311,,False,on_map_at_end
1085,car,1521.0,,279.0,,0.0,100.0,279.0,0.0,279.0,,,1.0,0.0,,False,on_map_at_end
1086,car,1038.0,,762.0,,1112.641,68.0,440.0,322.0,658.686,,,0.5774,0.4226,,False,on_map_at_end
1087,car,1039.0,,761.0,,384.009,87.0,656.0,105.0,717.665,,,0.862,0.138,,False,on_map_at_end
1088,truck,1040.0,,760.0,,1872.939,88.0,478.0,282.0,531.787,,,0.6289,0.3711,,False,on_map_at_end
109,truck,211.0,,1589.0,,538.938,100.0,1452.0,137.0,1523.833,,,0.9138,0.0862,,False,on_map_at_end
1090,car,1040.0,,760.0,,1309.453,75.0,556.0,204.0,642.148,,,0.7316,0.2684,,False,on_map_at_end
1092,car,1041.0,,759.0,,239.865,57.0,614.0,145.0,737.412,,,0.809,0.191,,False,on_map_at_end
1094,car,1042.0,,758.0,,39.711,91.0,708.0,50.0,735.426,,,0.934,0.066,,False,on_map_at_end
1095,car,1042.0,,758.0,,833.437,94.0,651.0,107.0,645.814,,,0.8588,0.1412,,False,on_map_at_end
1097,car,1043.0,,757.0,,81.307,69.0,667.0,90.0,746.095,,,0.8811,0.1189,,False,on_map_at_end
1098,truck,1043.0,,757.0,,226.864,59.0,607.0,150.0,729.765,,,0.8018,0.1982,,False,on_map_at_end
1099,car,1044.0,,756.0,,838.446,87.0,615.0,141.0,680.539,,,0.8135,0.1865,,False,on_map_at_end
1100,car,1044.0,,756.0,,376.508,84.0,652.0,104.0,717.753,,,0.8624,0.1376,,False,on_map_at_end
1101,car,1044.0,,756.0,,352.517,85.0,659.0,97.0,724.273,,,0.8717,0.1283,,False,on_map_at_end
1102,car,1045.0,,755.0,,30.875,79.0,687.0,68.0,733.221,,,0.9099,0.0901,,False,on_map_at_end
1103,truck,1046.0,,754.0,,1164.911,64.0,490.0,264.0,614.155,,,0.6499,0.3501,,False,on_map_at_end
1104,car,1046.0,,754.0,,1674.216,100.0,528.0,226.0,602.806,,,0.7003,0.2997,,False,on_map_at_end
1105,car,1047.0,,753.0,,1299.472,62.0,410.0,343.0,619.641,,,0.5445,0.4555,,False,on_map_at_end
1106,car,1047.0,,753.0,,1369.968,100.0,560.0,193.0,625.896,,,0.7437,0.2563,,False,on_map_at_end
1107,car,1048.0,,752.0,,624.213,84.0,655.0,97.0,694.201,,,0.871,0.129,,False,on_map_at_end
1108,truck,1048.0,,752.0,,717.896,79.0,615.0,137.0,665.818,,,0.8178,0.1822,,False,on_map_at_end
111,car,216.0,,1584.0,,1772.231,100.0,1344.0,240.0,1407.698,,,0.8485,0.1515,,False,on_map_at_end
1110,car,1049.0,,751.0,,1521.248,86.0,543.0,208.0,613.662,,,0.723,0.277,,False,on_map_at_end
1112,car,1049.0,,751.0,,1015.237,92.0,616.0,135.0,660.462,,,0.8202,0.1798,,False,on_map_at_end
1113,truck,1049.0,,751.0,,497.788,100.0,613.0,138.0,691.073,,,0.8162,0.1838,,False,on_map_at_end
1114,car,1050.0,,750.0,,522.419,100.0,593.0,157.0,687.135,,,0.7907,0.2093,,False,on_map_at_end
1115,car,1050.0,,750.0,,253.42,87.0,649.0,101.0,726.227,,,0.8653,0.1347,,False,on_map_at_end
1116,car,1051.0,,749.0,,284.154,100.0,630.0,119.0,699.497,,,0.8411,0.1589,,False,on_map_at_end
1118,truck,1052.0,,748.0,,26.593,94.0,707.0,41.0,725.808,,,0.9452,0.0548,,False,on_map_at_end
1119,car,1053.0,,747.0,,276.653,100.0,622.0,125.0,701.934,,,0.8327,0.1673,,False,on_map_at_end
1120,car,1053.0,,747.0,,1301.952,75.0,552.0,195.0,629.823,,,0.739,0.261,,False,on_map_at_end
1121,car,1053.0,,747.0,,980.474,98.0,589.0,158.0,655.915,,,0.7885,0.2115,,False,on_map_at_end
1124,car,1054.0,,746.0,,135.513,100.0,707.0,39.0,728.99,,,0.9477,0.0523,,False,on_map_at_end
1126,car,1055.0,,745.0,,73.806,68.0,651.0,94.0,735.336,,,0.8738,0.1262,,False,on_map_at_end
1127,car,1055.0,,745.0,,221.367,100.0,668.0,77.0,724.154,,,0.8966,0.1034,,False,on_map_at_end
1128,truck,1055.0,,745.0,,373.35,67.0,618.0,127.0,699.548,,,0.8295,0.1705,,False,on_map_at_end
1129,car,1055.0,,745.0,,210.973,99.0,669.0,76.0,725.739,,,0.898,0.102,,False,on_map_at_end
113,car,218.0,,1582.0,,860.569,100.0,1382.0,200.0,1503.672,,,0.8736,0.1264,,False,on_map_at_end
1130,car,1056.0,,744.0,,219.363,57.0,599.0,145.0,724.257,,,0.8051,0.1949,,False,on_map_at_end
1131,car,1058.0,,742.0,,1148.46,89.0,577.0,165.0,637.294,,,0.7776,0.2224,,False,on_map_at_end
1134,car,1075.0,,725.0,,169.465,100.0,661.0,64.0,709.318,,,0.9117,0.0883,,False,on_map_at_end
1135,car,1061.0,,739.0,,36.819,100.0,712.0,27.0,735.686,,,0.9635,0.0365,,False,on_map_at_end
1136,car,1062.0,,738.0,,1147.266,72.0,574.0,164.0,634.745,,,0.7778,0.2222,,False,on_map_at_end
1137,car,1063.0,,737.0,,369.007,80.0,642.0,95.0,696.815,,,0.8711,0.1289,,False,on_map_at_end
1138,truck,1065.0,,735.0,,878.098,100.0,559.0,176.0,629.586,,,0.7605,0.2395,,False,on_map_at_end
1139,car,1065.0,,735.0,,630.725,91.0,646.0,89.0,678.693,,,0.8789,0.1211,,False,on_map_at_end
114,truck,223.0,,1577.0,,842.568,100.0,1324.0,253.0,1475.318,,,0.8396,0.1604,,False,on_map_at_end
1140,car,1066.0,,734.0,,23.374,78.0,669.0,65.0,712.896,,,0.9114,0.0886,,False,on_map_at_end
1141,car,1066.0,,734.0,,269.151,100.0,619.0,115.0,693.152,,,0.8433,0.1567,,False,on_map_at_end
1142,car,1067.0,,733.0,,1686.615,100.0,508.0,225.0,579.642,,,0.693,0.307,,False,on_map_at_end
1143,truck,1067.0,,733.0,,1159.966,81.0,532.0,201.0,593.487,,,0.7258,0.2742,,False,on_map_at_end
1144,car,1068.0,,732.0,,1151.517,60.0,434.0,298.0,610.44,,,0.5929,0.4071,,False,on_map_at_end
1145,car,1068.0,,732.0,,1390.443,75.0,518.0,214.0,600.892,,,0.7077,0.2923,,False,on_map_at_end
1147,car,1069.0,,731.0,,290.769,100.0,652.0,79.0,697.776,,,0.8919,0.1081,,False,on_map_at_end
1148,truck,1069.0,,731.0,,256.15,100.0,608.0,123.0,685.629,,,0.8317,0.1683,,False,on_map_at_end
1149,car,1070.0,,730.0,,875.939,98.0,567.0,163.0,640.991,,,0.7767,0.2233,,False,on_map_at_end
1150,car,1070.0,,730.0,,439.095,82.0,626.0,104.0,690.41,,,0.8575,0.1425,,False,on_map_at_end
1151,car,1071.0,,729.0,,425.625,77.0,626.0,103.0,690.693,,,0.8587,0.1413,,False,on_map_at_end
1153,truck,1071.0,,729.0,,60.805,68.0,637.0,92.0,721.701,,,0.8738,0.1262,,False,on_map_at_end
1154,car,1072.0,,728.0,,1082.602,63.0,432.0,296.0,624.286,,,0.5934,0.4066,,False,on_map_at_end
1156,car,1072.0,,728.0,,211.862,55.0,580.0,148.0,708.932,,,0.7967,0.2033,,False,on_map_at_end
1157,car,1073.0,,727.0,,719.182,100.0,619.0,108.0,661.549,,,0.8514,0.1486,,False,on_map_at_end
1158,truck,1073.0,,727.0,,905.078,87.0,485.0,242.0,617.895,,,0.6671,0.3329,,False,on_map_at_end
1159,car,1075.0,,725.0,,295.697,88.0,645.0,80.0,695.708,,,0.8897,0.1103,,False,on_map_at_end
116,car,230.0,,1570.0,,2163.036,100.0,1302.0,268.0,1373.049,,,0.8293,0.1707,,False,on_map_at_end
1160,car,1075.0,,725.0,,67.638,86.0,670.0,55.0,718.89,,,0.9241,0.0759,,False,on_map_at_end
1162,car,1076.0,,724.0,,1506.245,81.0,518.0,206.0,588.107,,,0.7155,0.2845,,False,on_map_at_end
1163,truck,1195.0,,605.0,,9.268,100.0,589.0,16.0,584.887,,,0.9736,0.0264,,False,on_map_at_end
1164,car,1077.0,,723.0,,490.619,74.0,602.0,121.0,671.191,,,0.8326,0.1674,,False,on_map_at_end
1168,truck,1080.0,,720.0,,90.88,100.0,633.0,87.0,709.09,,,0.8792,0.1208,,False,on_map_at_end
1170,car,1080.0,,720.0,,204.36,54.0,572.0,148.0,701.607,,,0.7944,0.2056,,False,on_map_at_end
1171,car,1081.0,,719.0,,514.815,100.0,556.0,163.0,629.934,,,0.7733,0.2267,,False,on_map_at_end
1172,car,1081.0,,719.0,,1018.854,62.0,414.0,305.0,612.02,,,0.5758,0.4242,,False,on_map_at_end
1174,car,1081.0,,719.0,,653.191,100.0,592.0,127.0,654.682,,,0.8234,0.1766,,False,on_map_at_end
1175,car,1082.0,,718.0,,1094.908,97.0,570.0,148.0,609.496,,,0.7939,0.2061,,False,on_map_at_end
1179,car,1083.0,,717.0,,53.303,71.0,628.0,89.0,711.921,,,0.8759,0.1241,,False,on_map_at_end
1180,car,1083.0,,717.0,,274.389,100.0,659.0,58.0,688.393,,,0.9191,0.0809,,False,on_map_at_end
1181,car,1084.0,,716.0,,955.502,78.0,575.0,141.0,629.677,,,0.8031,0.1969,,False,on_map_at_end
1182,car,1084.0,,716.0,,266.888,100.0,647.0,69.0,686.063,,,0.9036,0.0964,,False,on_map_at_end
1183,truck,1085.0,,715.0,,1010.856,93.0,563.0,152.0,567.307,,,0.7874,0.2126,,False,on_map_at_end
1184,car,1087.0,,713.0,,1347.715,66.0,460.0,253.0,584.038,,,0.6452,0.3548,,False,on_map_at_end
1185,car,1088.0,,712.0,,60.137,76.0,632.0,80.0,706.581,,,0.8876,0.1124,,False,on_map_at_end
1186,car,1195.0,,605.0,,15.87,79.0,555.0,50.0,584.572,,,0.9174,0.0826,,False,on_map_at_end
1187,car,1088.0,,712.0,,364.054,82.0,612.0,100.0,678.791,,,0.8596,0.1404,,False,on_map_at_end
1188,truck,1089.0,,711.0,,122.512,100.0,670.0,41.0,696.293,,,0.9423,0.0577,,False,on_map_at_end
1189,car,1091.0,,709.0,,341.003,77.0,610.0,99.0,672.843,,,0.8604,0.1396,,False,on_map_at_end
119,truck,232.0,,1568.0,,1829.399,100.0,1211.0,357.0,1345.802,,,0.7723,0.2277,,False,on_map_at_end
1190,car,1091.0,,709.0,,319.592,94.0,624.0,85.0,680.236,,,0.8801,0.1199,,False,on_map_at_end
1191,car,1091.0,,709.0,,970.049,97.0,511.0,198.0,538.871,,,0.7207,0.2793,,False,on_map_at_end
1192,car,1091.0,,709.0,,218.659,100.0,641.0,68.0,688.285,,,0.9041,0.0959,,False,on_map_at_end
1194,car,1092.0,,708.0,,691.94,100.0,576.0,132.0,645.018,,,0.8136,0.1864,,False,on_map_at_end
1195,car,1093.0,,707.0,,1322.954,75.0,528.0,179.0,587.933,,,0.7468,0.2532,,False,on_map_at_end
1196,car,1093.0,,707.0,,640.861,33.0,623.0,84.0,651.91,,,0.8812,0.1188,,False,on_map_at_end
1197,car,1095.0,,705.0,,86.259,100.0,668.0,37.0,694.362,,,0.9475,0.0525,,False,on_map_at_end
1199,car,1095.0,,705.0,,1486.649,100.0,522.0,183.0,570.569,,,0.7404,0.2596,,False,on_map_at_end
1200,car,1095.0,,705.0,,494.148,100.0,557.0,148.0,643.849,,,0.7901,0.2099,,False,on_map_at_end
1201,car,1096.0,,704.0,,920.366,92.0,543.0,161.0,613.576,,,0.7713,0.2287,,False,on_map_at_end
1202,car,1098.0,,702.0,,196.859,54.0,558.0,144.0,684.283,,,0.7949,0.2051,,False,on_map_at_end
1205,car,1098.0,,702.0,,736.943,65.0,415.0,287.0,630.578,,,0.5912,0.4088,,False,on_map_at_end
1206,car,1100.0,,700.0,,1879.892,100.0,427.0,273.0,529.495,,,0.61,0.39,,False,on_map_at_end
1207,car,1101.0,,699.0,,711.681,100.0,589.0,110.0,634.3,,,0.8426,0.1574,,False,on_map_at_end
1208,truck,1101.0,,699.0,,243.149,100.0,578.0,121.0,655.868,,,0.8269,0.1731,,False,on_map_at_end
1210,car,1102.0,,698.0,,684.439,100.0,560.0,138.0,635.749,,,0.8023,0.1977,,False,on_map_at_end
1212,car,1103.0,,697.0,,29.987,86.0,656.0,41.0,694.301,,,0.9412,0.0588,,False,on_map_at_end
1213,truck,1103.0,,697.0,,698.68,100.0,565.0,132.0,613.082,,,0.8106,0.1894,,False,on_map_at_end
1216,car,1105.0,,695.0,,333.502,76.0,597.0,98.0,660.47,,,0.859,0.141,,False,on_map_at_end
1217,car,1105.0,,695.0,,235.648,100.0,573.0,122.0,657.616,,,0.8245,0.1755,,False,on_map_at_end
1218,truck,1106.0,,694.0,,115.279,100.0,629.0,65.0,680.161,,,0.9063,0.0937,,False,on_map_at_end
1219,car,1106.0,,694.0,,126.011,92.0,634.0,60.0,682.659,,,0.9135,0.0865,,False,on_map_at_end
1220,car,1107.0,,693.0,,115.011,100.0,653.0,40.0,677.35,,,0.9423,0.0577,,False,on_map_at_end
1221,car,1107.0,,693.0,,721.923,64.0,418.0,275.0,623.535,,,0.6032,0.3968,,False,on_map_at_end
1222,car,1108.0,,692.0,,326.001,75.0,589.0,103.0,651.254,,,0.8512,0.1488,,False,on_map_at_end
1223,truck,1108.0,,692.0,,205.658,100.0,599.0,93.0,667.07,,,0.8656,0.1344,,False,on_map_at_end
1224,car,1112.0,,688.0,,1566.457,85.0,382.0,306.0,541.099,,,0.5552,0.4448,,False,on_map_at_end
1225,car,1109.0,,691.0,,228.147,98.0,564.0,127.0,646.189,,,0.8162,0.1838,,False,on_map_at_end
1226,car,1110.0,,690.0,,1247.794,100.0,500.0,190.0,570.2,,,0.7246,0.2754,,False,on_map_at_end
1227,car,1109.0,,691.0,,662.849,100.0,566.0,125.0,630.931,,,0.8191,0.1809,,False,on_map_at_end
1228,truck,1113.0,,687.0,,313.0,72.0,580.0,107.0,649.267,,,0.8443,0.1557,,False,on_map_at_end
1229,car,1117.0,,683.0,,305.499,72.0,574.0,109.0,645.313,,,0.8404,0.1596,,False,on_map_at_end
123,car,240.0,,1560.0,,1223.443,100.0,1378.0,182.0,1433.804,,,0.8833,0.1167,,False,on_map_at_end
1231,car,1111.0,,689.0,,1315.453,73.0,508.0,181.0,570.608,,,0.7373,0.2627,,False,on_map_at_end
1233,truck,1111.0,,689.0,,343.783,80.0,598.0,91.0,647.47,,,0.8679,0.1321,,False,on_map_at_end
1234,car,1112.0,,688.0,,1817.332,100.0,428.0,260.0,512.11,,,0.6221,0.3779,,False,on_map_at_end
1235,car,1112.0,,688.0,,2679.069,91.0,358.0,330.0,441.867,,,0.5203,0.4797,,False,on_map_at_end
1236,car,1112.0,,688.0,,900.573,83.0,456.0,232.0,601.559,,,0.6628,0.3372,,False,on_map_at_end
1237,car,1113.0,,687.0,,1160.08,98.0,538.0,149.0,573.424,,,0.7831,0.2169,,False,on_map_at_end
1238,truck,1115.0,,685.0,,717.888,84.0,540.0,145.0,595.462,,,0.7883,0.2117,,False,on_map_at_end
1239,car,1115.0,,685.0,,934.235,82.0,447.0,238.0,598.401,,,0.6526,0.3474,,False,on_map_at_end
124,truck,240.0,,1560.0,,2154.024,100.0,1229.0,331.0,1301.898,,,0.7878,0.2122,,False,on_map_at_end
1240,car,1115.0,,685.0,,134.267,100.0,632.0,53.0,669.604,,,0.9226,0.0774,,False,on_map_at_end
1241,car,1116.0,,684.0,,662.069,87.0,563.0,121.0,623.323,,,0.8231,0.1769,,False,on_map_at_end
1242,car,1116.0,,684.0,,107.51,100.0,644.0,40.0,669.907,,,0.9415,0.0585,,False,on_map_at_end
1243,truck,1117.0,,683.0,,1473.648,100.0,449.0,234.0,505.821,,,0.6574,0.3426,,False,on_map_at_end
1244,car,1118.0,,682.0,,467.726,84.0,586.0,96.0,638.542,,,0.8592,0.1408,,False,on_map_at_end
1245,car,1118.0,,682.0,,102.778,100.0,616.0,66.0,672.75,,,0.9032,0.0968,,False,on_map_at_end
1247,car,1120.0,,680.0,,1880.141,100.0,411.0,269.0,509.876,,,0.6044,0.3956,,False,on_map_at_end
1248,truck,1121.0,,679.0,,460.16,100.0,592.0,87.0,623.759,,,0.8719,0.1281,,False,on_map_at_end
1249,car,1122.0,,678.0,,45.802,66.0,583.0,95.0,671.049,,,0.8599,0.1401,,False,on_map_at_end
1250,car,1122.0,,678.0,,179.534,76.0,609.0,69.0,661.842,,,0.8982,0.1018,,False,on_map_at_end
1251,car,1122.0,,678.0,,189.356,56.0,555.0,123.0,660.958,,,0.8186,0.1814,,False,on_map_at_end
1252,car,1123.0,,677.0,,691.179,100.0,558.0,119.0,614.038,,,0.8242,0.1758,,False,on_map_at_end
1253,truck,1123.0,,677.0,,444.112,86.0,566.0,111.0,623.443,,,0.836,0.164,,False,on_map_at_end
1254,car,1123.0,,677.0,,297.997,72.0,569.0,108.0,643.045,,,0.8405,0.1595,,False,on_map_at_end
1255,car,1124.0,,676.0,,1466.147,100.0,445.0,231.0,543.598,,,0.6583,0.3417,,False,on_map_at_end
1256,car,1124.0,,676.0,,198.157,100.0,585.0,91.0,657.302,,,0.8654,0.1346,,False,on_map_at_end
1257,car,1124.0,,676.0,,104.062,100.0,613.0,63.0,666.634,,,0.9068,0.0932,,False,on_map_at_end
1258,truck,1124.0,,676.0,,898.497,87.0,492.0,184.0,568.137,,,0.7278,0.2722,,False,on_map_at_end
1259,car,1125.0,,675.0,,181.851,55.0,551.0,124.0,658.633,,,0.8163,0.1837,,False,on_map_at_end
1261,car,1126.0,,674.0,,38.301,66.0,576.0,98.0,668.787,,,0.8546,0.1454,,False,on_map_at_end
1263,truck,1128.0,,672.0,,1078.412,75.0,471.0,201.0,541.938,,,0.7009,0.2991,,False,on_map_at_end
1264,car,1129.0,,671.0,,311.157,96.0,584.0,87.0,642.996,,,0.8703,0.1297,,False,on_map_at_end
1266,car,1130.0,,670.0,,937.93,74.0,499.0,171.0,574.552,,,0.7448,0.2552,,False,on_map_at_end
1267,car,1130.0,,670.0,,410.623,78.0,576.0,94.0,633.044,,,0.8597,0.1403,,False,on_map_at_end
1268,truck,1241.0,,559.0,,25.299,66.0,480.0,79.0,555.963,,,0.8587,0.1413,,False,on_map_at_end
1269,car,1131.0,,669.0,,926.665,78.0,424.0,245.0,583.804,,,0.6338,0.3662,,False,on_map_at_end
127,car,243.0,,1557.0,,1667.056,100.0,1322.0,235.0,1402.669,,,0.8491,0.1509,,False,on_map_at_end
1270,car,1421.0,,379.0,,17.797,66.0,319.0,60.0,376.903,,,0.8417,0.1583,,False,on_map_at_end
1271,car,1132.0,,668.0,,1444.913,100.0,442.0,226.0,514.363,,,0.6617,0.3383,,False,on_map_at_end
1273,truck,1133.0,,667.0,,44.844,81.0,626.0,41.0,661.617,,,0.9385,0.0615,,False,on_map_at_end
1274,car,1133.0,,667.0,,483.117,74.0,559.0,108.0,620.376,,,0.8381,0.1619,,False,on_map_at_end
1275,car,1134.0,,666.0,,275.494,68.0,572.0,94.0,633.586,,,0.8589,0.1411,,False,on_map_at_end
1276,car,1134.0,,666.0,,1307.952,74.0,486.0,180.0,548.283,,,0.7297,0.2703,,False,on_map_at_end
1277,car,1136.0,,664.0,,836.208,97.0,548.0,116.0,587.957,,,0.8253,0.1747,,False,on_map_at_end
1278,truck,1137.0,,663.0,,262.493,64.0,582.0,81.0,630.038,,,0.8778,0.1222,,False,on_map_at_end
1279,car,1139.0,,661.0,,984.779,91.0,471.0,190.0,563.061,,,0.7126,0.2874,,False,on_map_at_end
128,car,244.0,,1556.0,,531.437,100.0,1425.0,131.0,1502.561,,,0.9158,0.0842,,False,on_map_at_end
1280,car,1139.0,,661.0,,247.491,66.0,574.0,87.0,627.253,,,0.8684,0.1316,,False,on_map_at_end
1281,car,1140.0,,660.0,,596.097,100.0,549.0,111.0,602.46,,,0.8318,0.1682,,False,on_map_at_end
1282,car,1141.0,,659.0,,776.674,70.0,498.0,161.0,583.061,,,0.7557,0.2443,,False,on_map_at_end
1284,car,1141.0,,659.0,,865.191,81.0,401.0,258.0,580.416,,,0.6085,0.3915,,False,on_map_at_end
1285,car,1458.0,,342.0,,8.309,76.0,312.0,30.0,322.252,,,0.9123,0.0877,,False,on_map_at_end
1286,car,1142.0,,658.0,,1259.489,95.0,495.0,163.0,535.124,,,0.7523,0.2477,,False,on_map_at_end
1290,car,1144.0,,656.0,,1300.451,73.0,475.0,181.0,538.958,,,0.7241,0.2759,,False,on_map_at_end
1291,car,1145.0,,655.0,,174.343,53.0,540.0,115.0,639.309,,,0.8244,0.1756,,False,on_map_at_end
1292,car,1150.0,,650.0,,408.408,91.0,547.0,103.0,612.382,,,0.8415,0.1585,,False,on_map_at_end
1294,car,1146.0,,654.0,,676.176,100.0,541.0,113.0,592.672,,,0.8272,0.1728,,False,on_map_at_end
1295,car,1146.0,,654.0,,905.426,70.0,513.0,141.0,567.843,,,0.7844,0.2156,,False,on_map_at_end
1296,car,1146.0,,654.0,,403.122,75.0,558.0,96.0,617.719,,,0.8532,0.1468,,False,on_map_at_end
1299,car,1737.0,,63.0,,10.292,28.0,28.0,35.0,61.783,,,0.4444,0.5556,,False,on_map_at_end
130,car,245.0,,1555.0,,1822.779,100.0,1318.0,237.0,1381.118,,,0.8476,0.1524,,False,on_map_at_end
1301,car,1149.0,,651.0,,1445.644,92.0,434.0,217.0,520.419,,,0.6667,0.3333,,False,on_map_at_end
1302,car,1149.0,,651.0,,166.834,55.0,536.0,115.0,635.985,,,0.8233,0.1767,,False,on_map_at_end
1303,truck,1149.0,,651.0,,1246.488,90.0,451.0,200.0,499.424,,,0.6928,0.3072,,False,on_map_at_end
1304,car,1150.0,,650.0,,752.289,85.0,500.0,150.0,581.799,,,0.7692,0.2308,,False,on_map_at_end
1305,car,1150.0,,650.0,,72.069,97.0,600.0,50.0,612.931,,,0.9231,0.0769,,False,on_map_at_end
1306,car,1388.0,,412.0,,25.884,86.0,367.0,45.0,409.67,,,0.8908,0.1092,,False,on_map_at_end
1307,car,1151.0,,649.0,,298.305,100.0,534.0,115.0,621.3,,,0.8228,0.1772,,False,on_map_at_end
1308,truck,1151.0,,649.0,,153.816,54.0,530.0,119.0,630.535,,,0.8166,0.1834,,False,on_map_at_end
1309,car,1151.0,,649.0,,185.656,100.0,552.0,97.0,631.875,,,0.8505,0.1495,,False,on_map_at_end
131,car,246.0,,1554.0,,2364.063,100.0,1257.0,297.0,1339.224,,,0.8089,0.1911,,False,on_map_at_end
1310,car,1153.0,,647.0,,146.291,56.0,529.0,118.0,633.834,,,0.8176,0.1824,,False,on_map_at_end
1312,car,1154.0,,646.0,,220.646,95.0,528.0,118.0,610.112,,,0.8173,0.1827,,False,on_map_at_end
1314,car,1156.0,,644.0,,1347.464,100.0,446.0,198.0,518.154,,,0.6925,0.3075,,False,on_map_at_end
1316,car,1156.0,,644.0,,668.675,100.0,530.0,114.0,583.605,,,0.823,0.177,,False,on_map_at_end
1317,car,1156.0,,644.0,,263.82,97.0,584.0,60.0,593.4,,,0.9068,0.0932,,False,on_map_at_end
1318,truck,1156.0,,644.0,,297.463,98.0,569.0,75.0,608.29,,,0.8835,0.1165,,False,on_map_at_end
1319,car,1158.0,,642.0,,1038.905,78.0,386.0,256.0,536.61,,,0.6012,0.3988,,False,on_map_at_end
1321,car,1160.0,,640.0,,289.693,100.0,568.0,72.0,613.927,,,0.8875,0.1125,,False,on_map_at_end
1323,truck,1315.0,,485.0,,94.777,100.0,403.0,82.0,473.622,,,0.8309,0.1691,,False,on_map_at_end
1324,car,1161.0,,639.0,,213.145,93.0,523.0,116.0,600.414,,,0.8185,0.1815,,False,on_map_at_end
1326,car,1162.0,,638.0,,1744.739,100.0,405.0,233.0,479.537,,,0.6348,0.3652,,False,on_map_at_end
1327,car,1735.0,,65.0,,3.649,63.0,62.0,3.0,64.672,,,0.9538,0.0462,,False,on_map_at_end
133,car,251.0,,1549.0,,1179.677,100.0,1350.0,199.0,1441.052,,,0.8715,0.1285,,False,on_map_at_end
1332,car,1165.0,,635.0,,511.159,77.0,546.0,89.0,586.239,,,0.8598,0.1402,,False,on_map_at_end
1333,truck,1165.0,,635.0,,1724.237,100.0,363.0,272.0,427.098,,,0.5717,0.4283,,False,on_map_at_end
1335,car,1166.0,,634.0,,1256.807,80.0,381.0,253.0,512.008,,,0.6009,0.3991,,False,on_map_at_end
1336,car,1167.0,,633.0,,447.884,36.0,525.0,108.0,586.365,,,0.8294,0.1706,,False,on_map_at_end
1338,truck,1172.0,,628.0,,1050.856,95.0,446.0,182.0,501.638,,,0.7102,0.2898,,False,on_map_at_end
134,truck,255.0,,1545.0,,1990.435,95.0,1203.0,342.0,1306.017,,,0.7786,0.2214,,False,on_map_at_end
1340,car,1169.0,,631.0,,588.596,100.0,542.0,89.0,570.132,,,0.859,0.141,,False,on_map_at_end
1341,car,1169.0,,631.0,,282.019,100.0,560.0,71.0,605.618,,,0.8875,0.1125,,False,on_map_at_end
1342,car,1173.0,,627.0,,897.925,70.0,491.0,136.0,539.494,,,0.7831,0.2169,,False,on_map_at_end
1343,truck,1173.0,,627.0,,246.385,100.0,553.0,74.0,596.627,,,0.882,0.118,,False,on_map_at_end
1344,car,1173.0,,627.0,,383.937,88.0,536.0,91.0,592.445,,,0.8549,0.1451,,False,on_map_at_end
1346,car,1177.0,,623.0,,205.643,90.0,499.0,124.0,579.958,,,0.801,0.199,,False,on_map_at_end
1347,car,1177.0,,623.0,,238.884,100.0,548.0,75.0,593.677,,,0.8796,0.1204,,False,on_map_at_end
1349,car,1363.0,,437.0,,46.848,78.0,381.0,56.0,432.784,,,0.8719,0.1281,,False,on_map_at_end
135,car,256.0,,1544.0,,1796.864,100.0,1302.0,242.0,1372.51,,,0.8433,0.1567,,False,on_map_at_end
1350,car,1179.0,,621.0,,385.859,89.0,545.0,76.0,585.558,,,0.8776,0.1224,,False,on_map_at_end
1351,car,1180.0,,620.0,,11.247,98.0,602.0,18.0,618.988,,,0.971,0.029,,False,on_map_at_end
1352,car,1181.0,,619.0,,1294.451,74.0,442.0,177.0,502.498,,,0.7141,0.2859,,False,on_map_at_end
1355,car,1341.0,,459.0,,252.361,100.0,390.0,69.0,436.287,,,0.8497,0.1503,,False,on_map_at_end
1356,car,1183.0,,617.0,,190.961,74.0,544.0,73.0,599.273,,,0.8817,0.1183,,False,on_map_at_end
1357,car,1184.0,,616.0,,803.808,100.0,498.0,118.0,536.73,,,0.8084,0.1916,,False,on_map_at_end
1359,car,1187.0,,613.0,,231.383,100.0,539.0,74.0,585.908,,,0.8793,0.1207,,False,on_map_at_end
1361,car,1188.0,,612.0,,1601.206,100.0,354.0,258.0,466.825,,,0.5784,0.4216,,False,on_map_at_end
1362,car,1188.0,,612.0,,1292.95,71.0,430.0,182.0,495.633,,,0.7026,0.2974,,False,on_map_at_end
1365,car,1190.0,,610.0,,1240.017,83.0,362.0,248.0,489.283,,,0.5934,0.4066,,False,on_map_at_end
1366,car,1190.0,,610.0,,514.125,88.0,401.0,209.0,559.756,,,0.6574,0.3426,,False,on_map_at_end
1367,car,1190.0,,610.0,,981.033,100.0,463.0,147.0,519.26,,,0.759,0.241,,False,on_map_at_end
1368,truck,1191.0,,609.0,,352.176,89.0,518.0,91.0,566.722,,,0.8506,0.1494,,False,on_map_at_end
1369,car,1191.0,,609.0,,835.4,87.0,372.0,237.0,530.087,,,0.6108,0.3892,,False,on_map_at_end
1370,car,1191.0,,609.0,,290.803,100.0,487.0,122.0,582.001,,,0.7997,0.2003,,False,on_map_at_end
1372,car,1192.0,,608.0,,274.474,100.0,533.0,75.0,583.297,,,0.8766,0.1234,,False,on_map_at_end
1374,car,1194.0,,606.0,,227.204,77.0,523.0,83.0,585.551,,,0.863,0.137,,False,on_map_at_end
1376,car,1195.0,,605.0,,198.142,87.0,478.0,127.0,559.023,,,0.7901,0.2099,,False,on_map_at_end
1377,car,1197.0,,603.0,,573.593,100.0,497.0,106.0,535.271,,,0.8242,0.1758,,False,on_map_at_end
1378,truck,1198.0,,602.0,,144.03,72.0,527.0,75.0,584.71,,,0.8754,0.1246,,False,on_map_at_end
1379,car,1199.0,,601.0,,627.344,100.0,515.0,86.0,544.274,,,0.8569,0.1431,,False,on_map_at_end
1381,car,1204.0,,596.0,,77.505,78.0,526.0,70.0,589.024,,,0.8826,0.1174,,False,on_map_at_end
1383,truck,1201.0,,599.0,,785.438,76.0,423.0,176.0,504.71,,,0.7062,0.2938,,False,on_map_at_end
1384,car,1201.0,,599.0,,138.744,55.0,493.0,106.0,586.513,,,0.823,0.177,,False,on_map_at_end
1387,car,1203.0,,597.0,,593.061,76.0,469.0,128.0,541.2,,,0.7856,0.2144,,False,on_map_at_end
1388,truck,1203.0,,597.0,,1088.878,88.0,327.0,270.0,464.541,,,0.5477,0.4523,,False,on_map_at_end
1389,car,1204.0,,596.0,,236.109,51.0,498.0,98.0,565.9,,,0.8356,0.1644,,False,on_map_at_end
139,truck,263.0,,1537.0,,819.905,100.0,1391.0,146.0,1438.572,,,0.905,0.095,,False,on_map_at_end
1390,car,1204.0,,596.0,,131.175,52.0,484.0,112.0,584.194,,,0.8121,0.1879,,False,on_map_at_end
1391,car,1205.0,,595.0,,375.997,97.0,523.0,72.0,553.057,,,0.879,0.121,,False,on_map_at_end
1392,car,1205.0,,595.0,,278.169,100.0,529.0,66.0,564.802,,,0.8891,0.1109,,False,on_map_at_end
1394,car,1208.0,,592.0,,1067.809,100.0,448.0,144.0,490.156,,,0.7568,0.2432,,False,on_map_at_end
1398,truck,1212.0,,588.0,,362.403,100.0,513.0,75.0,544.09,,,0.8724,0.1276,,False,on_map_at_end
1399,car,1213.0,,587.0,,309.511,78.0,511.0,76.0,559.144,,,0.8705,0.1295,,False,on_map_at_end
14,truck,21.0,,1779.0,,2320.328,100.0,1443.0,336.0,1498.465,,,0.8111,0.1889,,False,on_map_at_end
140,car,264.0,,1536.0,,812.404,100.0,1388.0,148.0,1462.727,,,0.9036,0.0964,,False,on_map_at_end
1401,car,1213.0,,587.0,,927.499,73.0,441.0,146.0,502.689,,,0.7513,0.2487,,False,on_map_at_end
1402,car,1213.0,,587.0,,498.395,100.0,505.0,82.0,541.743,,,0.8603,0.1397,,False,on_map_at_end
1404,car,1214.0,,586.0,,29.318,100.0,553.0,33.0,583.361,,,0.9437,0.0563,,False,on_map_at_end
1405,car,1214.0,,586.0,,123.607,52.0,477.0,109.0,574.875,,,0.814,0.186,,False,on_map_at_end
1406,car,1215.0,,585.0,,190.641,85.0,466.0,119.0,550.179,,,0.7966,0.2034,,False,on_map_at_end
1407,car,1215.0,,585.0,,1066.117,100.0,447.0,138.0,489.049,,,0.7641,0.2359,,False,on_map_at_end
1408,truck,1215.0,,585.0,,315.78,75.0,494.0,91.0,546.938,,,0.8444,0.1556,,False,on_map_at_end
1409,car,1218.0,,582.0,,1416.306,83.0,377.0,205.0,447.266,,,0.6478,0.3522,,False,on_map_at_end
141,car,265.0,,1535.0,,235.644,90.0,1454.0,81.0,1514.332,,,0.9472,0.0528,,False,on_map_at_end
1410,car,1218.0,,582.0,,712.52,87.0,378.0,204.0,515.773,,,0.6495,0.3505,,False,on_map_at_end
1411,car,1218.0,,582.0,,116.019,51.0,468.0,114.0,571.558,,,0.8041,0.1959,,False,on_map_at_end
1412,car,1219.0,,581.0,,275.801,100.0,455.0,126.0,555.237,,,0.7831,0.2169,,False,on_map_at_end
1413,truck,1219.0,,581.0,,602.594,64.0,477.0,104.0,509.806,,,0.821,0.179,,False,on_map_at_end
1414,car,1219.0,,581.0,,163.152,100.0,484.0,97.0,565.919,,,0.833,0.167,,False,on_map_at_end
1417,car,1221.0,,579.0,,2143.654,92.0,310.0,269.0,380.553,,,0.5354,0.4646,,False,on_map_at_end
1420,car,1221.0,,579.0,,28.519,89.0,554.0,25.0,576.433,,,0.9568,0.0432,,False,on_map_at_end
1422,car,1638.0,,162.0,,146.541,74.0,120.0,42.0,148.811,,,0.7407,0.2593,,False,on_map_at_end
1423,truck,1224.0,,576.0,,223.108,48.0,475.0,101.0,547.486,,,0.8247,0.1753,,False,on_map_at_end
1424,car,1401.0,,399.0,,49.947,88.0,380.0,19.0,391.859,,,0.9524,0.0476,,False,on_map_at_end
1427,car,1227.0,,573.0,,260.799,100.0,434.0,139.0,548.322,,,0.7574,0.2426,,False,on_map_at_end
1430,car,1230.0,,570.0,,375.118,74.0,481.0,89.0,536.239,,,0.8439,0.1561,,False,on_map_at_end
1431,car,1232.0,,568.0,,644.885,69.0,441.0,127.0,509.96,,,0.7764,0.2236,,False,on_map_at_end
1432,car,1232.0,,568.0,,148.15,100.0,441.0,127.0,553.436,,,0.7764,0.2236,,False,on_map_at_end
1433,truck,1232.0,,568.0,,1576.385,83.0,324.0,244.0,378.525,,,0.5704,0.4296,,False,on_map_at_end
1434,car,1233.0,,567.0,,1277.947,69.0,378.0,189.0,451.984,,,0.6667,0.3333,,False,on_map_at_end
1435,car,1233.0,,567.0,,266.959,100.0,500.0,67.0,542.973,,,0.8818,0.1182,,False,on_map_at_end
1436,car,1233.0,,567.0,,183.14,83.0,460.0,107.0,540.895,,,0.8113,0.1887,,False,on_map_at_end
1438,truck,1234.0,,566.0,,2122.471,93.0,240.0,326.0,307.073,,,0.424,0.576,,False,on_map_at_end
1439,car,1235.0,,565.0,,360.116,71.0,463.0,102.0,532.589,,,0.8195,0.1805,,False,on_map_at_end
144,truck,277.0,,1523.0,,1295.919,100.0,1224.0,299.0,1367.104,,,0.8037,0.1963,,False,on_map_at_end
1440,car,1238.0,,562.0,,362.993,100.0,478.0,84.0,529.048,,,0.8505,0.1495,,False,on_map_at_end
1441,car,1236.0,,564.0,,931.248,100.0,443.0,121.0,479.897,,,0.7855,0.2145,,False,on_map_at_end
1444,car,1239.0,,561.0,,215.604,45.0,458.0,103.0,534.27,,,0.8164,0.1836,,False,on_map_at_end
1445,car,1239.0,,561.0,,151.283,100.0,538.0,23.0,520.839,,,0.959,0.041,,False,on_map_at_end
1446,car,1239.0,,561.0,,259.456,100.0,492.0,69.0,537.649,,,0.877,0.123,,False,on_map_at_end
1447,car,1240.0,,560.0,,251.954,100.0,486.0,74.0,537.324,,,0.8679,0.1321,,False,on_map_at_end
1448,truck,1241.0,,559.0,,1189.689,95.0,380.0,179.0,398.876,,,0.6798,0.3202,,False,on_map_at_end
145,car,277.0,,1523.0,,951.853,100.0,1247.0,276.0,1428.044,,,0.8188,0.1812,,False,on_map_at_end
1451,car,1243.0,,557.0,,253.298,97.0,411.0,146.0,533.403,,,0.7379,0.2621,,False,on_map_at_end
1453,truck,1245.0,,555.0,,2547.614,0.0,175.0,380.0,246.456,,,0.3153,0.6847,,False,on_map_at_end
1454,car,1249.0,,551.0,,245.797,95.0,413.0,138.0,527.895,,,0.7495,0.2505,,False,on_map_at_end
1456,car,1249.0,,551.0,,98.762,100.0,493.0,58.0,539.892,,,0.8947,0.1053,,False,on_map_at_end
1458,truck,1251.0,,549.0,,170.139,82.0,434.0,115.0,516.23,,,0.7905,0.2095,,False,on_map_at_end
1459,car,1254.0,,546.0,,881.12,79.0,412.0,134.0,462.961,,,0.7546,0.2454,,False,on_map_at_end
1460,car,1255.0,,545.0,,208.097,43.0,442.0,103.0,519.936,,,0.811,0.189,,False,on_map_at_end
1461,car,1256.0,,544.0,,1021.154,96.0,415.0,129.0,452.095,,,0.7629,0.2371,,False,on_map_at_end
1462,car,1258.0,,542.0,,273.673,90.0,448.0,94.0,516.802,,,0.8266,0.1734,,False,on_map_at_end
1463,truck,1259.0,,541.0,,227.411,100.0,493.0,48.0,513.298,,,0.9113,0.0887,,False,on_map_at_end
1465,car,1260.0,,540.0,,951.028,100.0,390.0,150.0,449.736,,,0.7222,0.2778,,False,on_map_at_end
1466,car,1264.0,,536.0,,1036.849,85.0,312.0,224.0,426.213,,,0.5821,0.4179,,False,on_map_at_end
1467,car,1264.0,,536.0,,1593.316,89.0,350.0,186.0,391.863,,,0.653,0.347,,False,on_map_at_end
1470,car,1265.0,,535.0,,772.675,85.0,314.0,221.0,441.249,,,0.5869,0.4131,,False,on_map_at_end
1471,car,1266.0,,534.0,,244.453,100.0,467.0,67.0,511.999,,,0.8745,0.1255,,False,on_map_at_end
1473,truck,1269.0,,531.0,,231.452,100.0,453.0,78.0,503.215,,,0.8531,0.1469,,False,on_map_at_end
1474,car,1270.0,,530.0,,942.869,99.0,383.0,147.0,440.571,,,0.7226,0.2774,,False,on_map_at_end
1476,car,1382.0,,418.0,,39.346,78.0,360.0,58.0,414.459,,,0.8612,0.1388,,False,on_map_at_end
1477,car,1274.0,,526.0,,1814.365,7.0,286.0,240.0,361.063,,,0.5437,0.4563,,False,on_map_at_end
1479,car,1275.0,,525.0,,208.88,100.0,443.0,82.0,500.475,,,0.8438,0.1562,,False,on_map_at_end
148,car,287.0,,1513.0,,753.977,100.0,1373.0,140.0,1436.322,,,0.9075,0.0925,,False,on_map_at_end
1480,car,1675.0,,125.0,,175.852,73.0,81.0,44.0,109.173,,,0.648,0.352,,False,on_map_at_end
1481,car,1280.0,,520.0,,1297.148,91.0,352.0,168.0,402.747,,,0.6769,0.3231,,False,on_map_at_end
1482,car,1282.0,,518.0,,1158.532,85.0,289.0,229.0,413.405,,,0.5579,0.4421,,False,on_map_at_end
1483,truck,1282.0,,518.0,,311.849,100.0,469.0,49.0,480.28,,,0.9054,0.0946,,False,on_map_at_end
1484,car,1284.0,,516.0,,912.496,73.0,365.0,151.0,433.267,,,0.7074,0.2926,,False,on_map_at_end
1485,car,1284.0,,516.0,,566.092,100.0,422.0,94.0,457.625,,,0.8178,0.1822,,False,on_map_at_end
1486,car,1284.0,,516.0,,361.686,100.0,458.0,58.0,482.834,,,0.8876,0.1124,,False,on_map_at_end
1487,car,1284.0,,516.0,,1111.762,61.0,358.0,158.0,415.94,,,0.6938,0.3062,,False,on_map_at_end
1489,car,1286.0,,514.0,,268.659,100.0,476.0,38.0,489.82,,,0.9261,0.0739,,False,on_map_at_end
149,truck,290.0,,1510.0,,1618.813,74.0,1207.0,303.0,1258.236,,,0.7993,0.2007,,False,on_map_at_end
1490,car,1287.0,,513.0,,91.261,100.0,453.0,60.0,502.436,,,0.883,0.117,,False,on_map_at_end
1491,car,1289.0,,511.0,,129.027,73.0,443.0,68.0,499.387,,,0.8669,0.1331,,False,on_map_at_end
1492,car,1289.0,,511.0,,1586.202,11.0,306.0,205.0,367.674,,,0.5988,0.4012,,False,on_map_at_end
1493,truck,1290.0,,510.0,,1264.249,100.0,332.0,178.0,356.104,,,0.651,0.349,,False,on_map_at_end
1494,car,1291.0,,509.0,,108.417,53.0,402.0,107.0,499.242,,,0.7898,0.2102,,False,on_map_at_end
1495,car,1291.0,,509.0,,184.198,73.0,427.0,82.0,492.422,,,0.8389,0.1611,,False,on_map_at_end
1496,car,1291.0,,509.0,,21.817,100.0,487.0,22.0,507.036,,,0.9568,0.0432,,False,on_map_at_end
1497,car,1291.0,,509.0,,1048.262,77.0,290.0,219.0,399.721,,,0.5697,0.4303,,False,on_map_at_end
1498,truck,1292.0,,508.0,,218.451,100.0,430.0,78.0,481.775,,,0.8465,0.1535,,False,on_map_at_end
1499,car,1293.0,,507.0,,162.638,78.0,390.0,117.0,474.236,,,0.7692,0.2308,,False,on_map_at_end
15,car,22.0,,1778.0,,2571.764,82.0,1410.0,368.0,1546.269,,,0.793,0.207,,False,on_map_at_end
1501,car,1296.0,,504.0,,886.947,98.0,395.0,109.0,423.769,,,0.7837,0.2163,,False,on_map_at_end
1502,car,1297.0,,503.0,,490.736,96.0,422.0,81.0,458.833,,,0.839,0.161,,False,on_map_at_end
1505,car,1300.0,,500.0,,201.379,100.0,418.0,82.0,473.783,,,0.836,0.164,,False,on_map_at_end
1507,car,1301.0,,499.0,,1270.446,71.0,319.0,180.0,384.659,,,0.6393,0.3607,,False,on_map_at_end
1508,truck,1303.0,,497.0,,553.091,100.0,394.0,103.0,430.328,,,0.7928,0.2072,,False,on_map_at_end
151,car,291.0,,1509.0,,63.899,100.0,1448.0,61.0,1503.249,,,0.9596,0.0404,,False,on_map_at_end
1510,car,1306.0,,494.0,,619.763,94.0,402.0,92.0,438.221,,,0.8138,0.1862,,False,on_map_at_end
1511,car,1307.0,,493.0,,1453.59,20.0,289.0,204.0,361.105,,,0.5862,0.4138,,False,on_map_at_end
1512,car,1308.0,,492.0,,100.708,56.0,387.0,105.0,482.936,,,0.7866,0.2134,,False,on_map_at_end
1516,car,1310.0,,490.0,,937.246,85.0,313.0,177.0,391.753,,,0.6388,0.3612,,False,on_map_at_end
1517,car,1312.0,,488.0,,355.492,100.0,405.0,83.0,455.395,,,0.8299,0.1701,,False,on_map_at_end
152,car,294.0,,1506.0,,1716.714,100.0,1274.0,232.0,1341.797,,,0.8459,0.1541,,False,on_map_at_end
1520,car,1316.0,,484.0,,210.95,100.0,414.0,70.0,465.014,,,0.8554,0.1446,,False,on_map_at_end
1521,car,1317.0,,483.0,,2131.925,92.0,203.0,280.0,280.757,,,0.4203,0.5797,,False,on_map_at_end
1522,car,1317.0,,483.0,,727.546,97.0,390.0,93.0,413.322,,,0.8075,0.1925,,False,on_map_at_end
1524,car,1319.0,,481.0,,203.448,100.0,410.0,71.0,462.689,,,0.8524,0.1476,,False,on_map_at_end
1526,car,1320.0,,480.0,,222.529,100.0,395.0,85.0,459.104,,,0.8229,0.1771,,False,on_map_at_end
1527,car,1321.0,,479.0,,92.955,54.0,372.0,107.0,470.634,,,0.7766,0.2234,,False,on_map_at_end
1528,truck,1322.0,,478.0,,190.447,100.0,401.0,77.0,455.137,,,0.8389,0.1611,,False,on_map_at_end
1529,car,1322.0,,478.0,,1008.004,100.0,356.0,122.0,378.54,,,0.7448,0.2552,,False,on_map_at_end
1531,car,1323.0,,477.0,,193.877,100.0,402.0,75.0,451.092,,,0.8428,0.1572,,False,on_map_at_end
1534,car,1327.0,,473.0,,460.64,98.0,376.0,97.0,430.883,,,0.7949,0.2051,,False,on_map_at_end
1535,car,1328.0,,472.0,,155.137,74.0,362.0,110.0,445.217,,,0.7669,0.2331,,False,on_map_at_end
1536,car,1328.0,,472.0,,179.519,100.0,438.0,34.0,451.995,,,0.928,0.072,,False,on_map_at_end
1537,car,1329.0,,471.0,,85.196,56.0,366.0,105.0,463.332,,,0.7771,0.2229,,False,on_map_at_end
1539,car,1330.0,,470.0,,281.507,74.0,390.0,80.0,444.664,,,0.8298,0.1702,,False,on_map_at_end
154,truck,299.0,,1501.0,,2424.456,0.0,1163.0,338.0,1211.14,,,0.7748,0.2252,,False,on_map_at_end
1540,car,1330.0,,470.0,,444.459,92.0,396.0,74.0,428.37,,,0.8426,0.1574,,False,on_map_at_end
1541,car,1330.0,,470.0,,345.112,69.0,392.0,78.0,438.94,,,0.834,0.166,,False,on_map_at_end
1542,car,1331.0,,469.0,,75.538,94.0,440.0,29.0,446.202,,,0.9382,0.0618,,False,on_map_at_end
1543,truck,1332.0,,468.0,,611.987,74.0,333.0,135.0,393.819,,,0.7115,0.2885,,False,on_map_at_end
1544,car,1334.0,,466.0,,631.099,72.0,355.0,111.0,390.093,,,0.7618,0.2382,,False,on_map_at_end
1546,car,1335.0,,465.0,,1286.949,72.0,313.0,152.0,349.173,,,0.6731,0.3269,,False,on_map_at_end
1547,car,1335.0,,465.0,,200.573,43.0,362.0,103.0,441.83,,,0.7785,0.2215,,False,on_map_at_end
1548,truck,1336.0,,464.0,,618.177,89.0,361.0,103.0,385.47,,,0.778,0.222,,False,on_map_at_end
1549,car,1336.0,,464.0,,1313.871,81.0,294.0,170.0,333.544,,,0.6336,0.3664,,False,on_map_at_end
155,car,301.0,,1499.0,,1888.559,88.0,1264.0,235.0,1325.69,,,0.8432,0.1568,,False,on_map_at_end
1550,car,1337.0,,463.0,,913.713,75.0,270.0,193.0,361.809,,,0.5832,0.4168,,False,on_map_at_end
1551,car,1338.0,,462.0,,808.823,81.0,291.0,171.0,385.889,,,0.6299,0.3701,,False,on_map_at_end
1552,car,1409.0,,391.0,,24.344,74.0,358.0,33.0,388.809,,,0.9156,0.0844,,False,on_map_at_end
1556,car,1343.0,,457.0,,70.783,86.0,420.0,37.0,450.629,,,0.919,0.081,,False,on_map_at_end
1557,car,1344.0,,456.0,,853.043,68.0,322.0,134.0,379.225,,,0.7061,0.2939,,False,on_map_at_end
1558,truck,1344.0,,456.0,,71.654,58.0,353.0,103.0,447.398,,,0.7741,0.2259,,False,on_map_at_end
1559,car,1344.0,,456.0,,792.788,92.0,355.0,101.0,365.041,,,0.7785,0.2215,,False,on_map_at_end
1561,car,1347.0,,453.0,,1079.288,83.0,331.0,122.0,355.863,,,0.7307,0.2693,,False,on_map_at_end
1562,car,1347.0,,453.0,,147.636,71.0,342.0,111.0,426.265,,,0.755,0.245,,False,on_map_at_end
1566,car,1349.0,,451.0,,631.17,100.0,359.0,92.0,393.612,,,0.796,0.204,,False,on_map_at_end
1567,car,1349.0,,451.0,,1032.414,63.0,289.0,162.0,342.727,,,0.6408,0.3592,,False,on_map_at_end
1568,truck,1350.0,,450.0,,187.489,41.0,341.0,109.0,426.837,,,0.7578,0.2422,,False,on_map_at_end
157,car,302.0,,1498.0,,1333.008,72.0,1276.0,222.0,1377.391,,,0.8518,0.1482,,False,on_map_at_end
1570,car,1351.0,,449.0,,182.946,100.0,380.0,69.0,432.535,,,0.8463,0.1537,,False,on_map_at_end
1572,car,1692.0,,108.0,,10.338,97.0,98.0,10.0,107.07,,,0.9074,0.0926,,False,on_map_at_end
1573,truck,1353.0,,447.0,,253.171,86.0,365.0,82.0,416.102,,,0.8166,0.1834,,False,on_map_at_end
1574,car,1353.0,,447.0,,947.251,85.0,292.0,155.0,352.995,,,0.6532,0.3468,,False,on_map_at_end
1578,truck,1355.0,,445.0,,58.024,61.0,346.0,99.0,438.034,,,0.7775,0.2225,,False,on_map_at_end
158,car,302.0,,1498.0,,804.903,100.0,1376.0,122.0,1425.558,,,0.9186,0.0814,,False,on_map_at_end
1580,car,1362.0,,438.0,,1279.448,71.0,285.0,153.0,322.849,,,0.6507,0.3493,,False,on_map_at_end
1582,car,1365.0,,435.0,,768.809,100.0,324.0,111.0,357.412,,,0.7448,0.2552,,False,on_map_at_end
1583,truck,1365.0,,435.0,,454.889,100.0,366.0,69.0,380.22,,,0.8414,0.1586,,False,on_map_at_end
1584,car,1366.0,,434.0,,1085.238,87.0,221.0,213.0,304.535,,,0.5092,0.4908,,False,on_map_at_end
1585,car,1366.0,,434.0,,623.669,100.0,341.0,93.0,377.614,,,0.7857,0.2143,,False,on_map_at_end
1586,car,1367.0,,433.0,,49.963,63.0,339.0,94.0,428.503,,,0.7829,0.2171,,False,on_map_at_end
1588,truck,1368.0,,432.0,,169.945,100.0,358.0,74.0,411.598,,,0.8287,0.1713,,False,on_map_at_end
1589,car,1369.0,,431.0,,186.376,100.0,377.0,54.0,412.225,,,0.8747,0.1253,,False,on_map_at_end
159,truck,303.0,,1497.0,,1934.502,88.0,1203.0,294.0,1265.001,,,0.8036,0.1964,,False,on_map_at_end
1590,car,1371.0,,429.0,,162.444,100.0,357.0,72.0,414.38,,,0.8322,0.1678,,False,on_map_at_end
1592,car,1371.0,,429.0,,1369.522,86.0,222.0,207.0,299.525,,,0.5175,0.4825,,False,on_map_at_end
1593,truck,1372.0,,428.0,,610.667,100.0,317.0,111.0,354.451,,,0.7407,0.2593,,False,on_map_at_end
1594,car,1373.0,,427.0,,785.713,100.0,325.0,102.0,347.372,,,0.7611,0.2389,,False,on_map_at_end
1595,car,1373.0,,427.0,,1445.579,89.0,225.0,202.0,293.183,,,0.5269,0.4731,,False,on_map_at_end
1599,car,1376.0,,424.0,,468.349,95.0,351.0,73.0,365.628,,,0.8278,0.1722,,False,on_map_at_end
1600,car,1380.0,,420.0,,603.166,100.0,320.0,100.0,365.201,,,0.7619,0.2381,,False,on_map_at_end
1601,car,1380.0,,420.0,,1010.351,84.0,288.0,132.0,328.622,,,0.6857,0.3143,,False,on_map_at_end
1602,car,1381.0,,419.0,,703.007,89.0,265.0,154.0,347.352,,,0.6325,0.3675,,False,on_map_at_end
1604,car,1381.0,,419.0,,538.089,100.0,325.0,94.0,364.687,,,0.7757,0.2243,,False,on_map_at_end
1605,car,1382.0,,418.0,,871.658,92.0,243.0,175.0,328.691,,,0.5813,0.4187,,False,on_map_at_end
1606,car,1383.0,,417.0,,1394.757,97.0,261.0,156.0,288.669,,,0.6259,0.3741,,False,on_map_at_end
1607,car,1384.0,,416.0,,178.875,98.0,376.0,40.0,394.43,,,0.9038,0.0962,,False,on_map_at_end
1609,car,1387.0,,413.0,,140.134,68.0,333.0,80.0,390.185,,,0.8063,0.1937,,False,on_map_at_end
161,car,305.0,,1495.0,,830.564,100.0,1269.0,226.0,1418.269,,,0.8488,0.1512,,False,on_map_at_end
1611,car,1389.0,,411.0,,904.992,71.0,289.0,122.0,329.242,,,0.7032,0.2968,,False,on_map_at_end
1613,truck,1391.0,,409.0,,943.089,87.0,229.0,180.0,294.998,,,0.5599,0.4401,,False,on_map_at_end
1615,car,1392.0,,408.0,,576.838,100.0,324.0,84.0,355.314,,,0.7941,0.2059,,False,on_map_at_end
1616,car,1393.0,,407.0,,1133.417,88.0,272.0,135.0,304.489,,,0.6683,0.3317,,False,on_map_at_end
1617,car,1395.0,,405.0,,154.943,100.0,339.0,66.0,391.055,,,0.837,0.163,,False,on_map_at_end
1619,car,1395.0,,405.0,,179.741,41.0,300.0,105.0,384.02,,,0.7407,0.2593,,False,on_map_at_end
1620,car,1396.0,,404.0,,724.185,65.0,295.0,109.0,333.517,,,0.7302,0.2698,,False,on_map_at_end
1621,car,1398.0,,402.0,,71.257,93.0,370.0,32.0,390.838,,,0.9204,0.0796,,False,on_map_at_end
1623,truck,1398.0,,402.0,,166.27,42.0,296.0,106.0,382.04,,,0.7363,0.2637,,False,on_map_at_end
1626,car,1402.0,,398.0,,569.337,100.0,306.0,92.0,346.051,,,0.7688,0.2312,,False,on_map_at_end
1627,car,1402.0,,398.0,,132.633,67.0,329.0,69.0,377.244,,,0.8266,0.1734,,False,on_map_at_end
1628,truck,1790.0,,10.0,,6.599,6.0,6.0,4.0,9.163,,,0.6,0.4,,False,on_map_at_end
1629,car,1404.0,,396.0,,147.441,100.0,331.0,65.0,382.73,,,0.8359,0.1641,,False,on_map_at_end
1630,car,1405.0,,395.0,,1262.945,72.0,241.0,154.0,281.334,,,0.6101,0.3899,,False,on_map_at_end
1631,car,1407.0,,393.0,,100.009,100.0,352.0,41.0,380.005,,,0.8957,0.1043,,False,on_map_at_end
1632,car,1407.0,,393.0,,723.062,100.0,295.0,98.0,323.966,,,0.7506,0.2494,,False,on_map_at_end
1633,truck,1409.0,,391.0,,531.568,81.0,294.0,97.0,327.186,,,0.7519,0.2481,,False,on_map_at_end
1634,car,1408.0,,392.0,,565.649,91.0,317.0,75.0,336.058,,,0.8087,0.1913,,False,on_map_at_end
1635,car,1409.0,,391.0,,570.458,100.0,322.0,69.0,339.429,,,0.8235,0.1765,,False,on_map_at_end
1636,car,1409.0,,391.0,,561.836,100.0,299.0,92.0,339.793,,,0.7647,0.2353,,False,on_map_at_end
1637,car,1409.0,,391.0,,178.939,100.0,361.0,30.0,374.895,,,0.9233,0.0767,,False,on_map_at_end
1638,truck,1410.0,,390.0,,887.935,92.0,211.0,179.0,275.314,,,0.541,0.459,,False,on_map_at_end
1639,car,1411.0,,389.0,,375.993,83.0,257.0,132.0,348.839,,,0.6607,0.3393,,False,on_map_at_end
1641,car,1412.0,,388.0,,41.833,67.0,298.0,90.0,384.235,,,0.768,0.232,,False,on_map_at_end
1642,car,1412.0,,388.0,,139.94,100.0,322.0,66.0,375.405,,,0.8299,0.1701,,False,on_map_at_end
1644,car,1415.0,,385.0,,564.414,81.0,298.0,87.0,334.202,,,0.774,0.226,,False,on_map_at_end
1646,car,1416.0,,384.0,,506.697,90.0,317.0,67.0,320.707,,,0.8255,0.1745,,False,on_map_at_end
1647,car,1417.0,,383.0,,10.369,90.0,366.0,17.0,382.067,,,0.9556,0.0444,,False,on_map_at_end
1648,truck,1417.0,,383.0,,623.227,80.0,279.0,104.0,308.183,,,0.7285,0.2715,,False,on_map_at_end
1649,car,1418.0,,382.0,,285.928,100.0,338.0,44.0,356.266,,,0.8848,0.1152,,False,on_map_at_end
1650,car,1422.0,,378.0,,147.955,69.0,302.0,76.0,364.261,,,0.7989,0.2011,,False,on_map_at_end
1651,car,1422.0,,378.0,,124.857,87.0,341.0,37.0,366.763,,,0.9021,0.0979,,False,on_map_at_end
1653,truck,1423.0,,377.0,,272.927,100.0,323.0,54.0,344.236,,,0.8568,0.1432,,False,on_map_at_end
1654,car,1423.0,,377.0,,146.588,86.0,346.0,31.0,363.807,,,0.9178,0.0822,,False,on_map_at_end
1655,car,1424.0,,376.0,,883.494,81.0,262.0,114.0,293.503,,,0.6968,0.3032,,False,on_map_at_end
1656,car,1425.0,,375.0,,538.229,50.0,321.0,54.0,318.012,,,0.856,0.144,,False,on_map_at_end
1658,truck,1426.0,,374.0,,5.249,100.0,369.0,5.0,365.37,,,0.9866,0.0134,,False,on_map_at_end
166,car,312.0,,1488.0,,815.562,100.0,1231.0,257.0,1413.831,,,0.8273,0.1727,,False,on_map_at_end
1662,car,1430.0,,370.0,,866.768,91.0,262.0,108.0,288.776,,,0.7081,0.2919,,False,on_map_at_end
1663,truck,1431.0,,369.0,,1330.994,81.0,158.0,211.0,208.381,,,0.4282,0.5718,,False,on_map_at_end
1664,car,1431.0,,369.0,,125.132,63.0,301.0,68.0,347.289,,,0.8157,0.1843,,False,on_map_at_end
1665,car,1431.0,,369.0,,1264.446,71.0,216.0,153.0,255.199,,,0.5854,0.4146,,False,on_map_at_end
1666,car,1432.0,,368.0,,1311.191,100.0,194.0,174.0,232.036,,,0.5272,0.4728,,False,on_map_at_end
1667,car,1434.0,,366.0,,33.691,68.0,276.0,90.0,362.968,,,0.7541,0.2459,,False,on_map_at_end
1668,truck,1434.0,,366.0,,850.227,100.0,247.0,119.0,263.932,,,0.6749,0.3251,,False,on_map_at_end
1669,car,1434.0,,366.0,,215.028,100.0,309.0,57.0,345.378,,,0.8443,0.1557,,False,on_map_at_end
167,car,313.0,,1487.0,,1095.56,100.0,1290.0,197.0,1388.586,,,0.8675,0.1325,,False,on_map_at_end
1670,car,1436.0,,364.0,,117.631,62.0,296.0,68.0,342.243,,,0.8132,0.1868,,False,on_map_at_end
1671,car,1441.0,,359.0,,25.134,70.0,279.0,80.0,356.738,,,0.7772,0.2228,,False,on_map_at_end
1672,car,1439.0,,361.0,,1051.284,76.0,235.0,126.0,266.383,,,0.651,0.349,,False,on_map_at_end
1673,truck,1506.0,,294.0,,11.14,73.0,258.0,36.0,292.663,,,0.8776,0.1224,,False,on_map_at_end
1675,car,1440.0,,360.0,,709.183,63.0,251.0,109.0,292.773,,,0.6972,0.3028,,False,on_map_at_end
1676,car,1440.0,,360.0,,92.507,100.0,322.0,38.0,349.986,,,0.8944,0.1056,,False,on_map_at_end
1677,car,1440.0,,360.0,,1692.544,80.0,159.0,201.0,207.211,,,0.4417,0.5583,,False,on_map_at_end
1679,car,1442.0,,358.0,,549.249,79.0,276.0,82.0,308.567,,,0.7709,0.2291,,False,on_map_at_end
168,car,313.0,,1487.0,,1145.056,100.0,1323.0,164.0,1383.123,,,0.8897,0.1103,,False,on_map_at_end
1680,car,1443.0,,357.0,,562.518,91.0,272.0,85.0,292.919,,,0.7619,0.2381,,False,on_map_at_end
1682,car,1444.0,,356.0,,158.116,44.0,273.0,83.0,335.588,,,0.7669,0.2331,,False,on_map_at_end
1683,truck,1445.0,,355.0,,23.896,97.0,346.0,9.0,335.131,,,0.9746,0.0254,,False,on_map_at_end
1684,car,1445.0,,355.0,,85.006,100.0,316.0,39.0,345.52,,,0.8901,0.1099,,False,on_map_at_end
1686,car,1449.0,,351.0,,277.916,71.0,282.0,69.0,325.602,,,0.8034,0.1966,,False,on_map_at_end
1687,car,1446.0,,354.0,,132.439,100.0,288.0,66.0,342.08,,,0.8136,0.1864,,False,on_map_at_end
1688,truck,1446.0,,354.0,,853.767,91.0,229.0,125.0,251.119,,,0.6469,0.3531,,False,on_map_at_end
1689,car,1447.0,,353.0,,778.734,85.0,205.0,148.0,264.386,,,0.5807,0.4193,,False,on_map_at_end
1692,car,1451.0,,349.0,,63.345,100.0,331.0,18.0,335.299,,,0.9484,0.0516,,False,on_map_at_end
1693,truck,1451.0,,349.0,,211.959,86.0,306.0,43.0,323.555,,,0.8768,0.1232,,False,on_map_at_end
1695,car,1791.0,,9.0,,2.646,1.0,2.0,7.0,8.762,,,0.2222,0.7778,,False,on_map_at_end
1696,car,1454.0,,346.0,,765.392,77.0,251.0,95.0,275.572,,,0.7254,0.2746,,False,on_map_at_end
1698,truck,1456.0,,344.0,,542.454,100.0,251.0,93.0,278.763,,,0.7297,0.2703,,False,on_map_at_end
1699,car,1456.0,,344.0,,638.679,92.0,271.0,73.0,282.19,,,0.7878,0.2122,,False,on_map_at_end
170,car,315.0,,1485.0,,1760.279,95.0,1264.0,221.0,1327.113,,,0.8512,0.1488,,False,on_map_at_end
1700,car,1456.0,,344.0,,319.988,81.0,287.0,57.0,314.631,,,0.8343,0.1657,,False,on_map_at_end
1701,car,1456.0,,344.0,,615.726,78.0,260.0,84.0,288.584,,,0.7558,0.2442,,False,on_map_at_end
1703,truck,1459.0,,341.0,,984.539,97.0,181.0,160.0,222.444,,,0.5308,0.4692,,False,on_map_at_end
1704,car,1460.0,,340.0,,9.249,97.0,324.0,16.0,330.168,,,0.9529,0.0471,,False,on_map_at_end
1705,car,1461.0,,339.0,,756.618,100.0,263.0,76.0,270.904,,,0.7758,0.2242,,False,on_map_at_end
1708,truck,1463.0,,337.0,,228.278,86.0,279.0,58.0,305.236,,,0.8279,0.1721,,False,on_map_at_end
1709,car,1464.0,,336.0,,345.566,70.0,266.0,70.0,304.834,,,0.7917,0.2083,,False,on_map_at_end
171,car,315.0,,1485.0,,746.476,100.0,1335.0,150.0,1401.245,,,0.899,0.101,,False,on_map_at_end
1710,car,1465.0,,335.0,,1136.973,90.0,162.0,173.0,224.117,,,0.4836,0.5164,,False,on_map_at_end
1711,car,1465.0,,335.0,,771.205,82.0,196.0,139.0,255.079,,,0.5851,0.4149,,False,on_map_at_end
1712,car,1466.0,,334.0,,110.13,59.0,267.0,67.0,313.786,,,0.7994,0.2006,,False,on_map_at_end
1714,car,1469.0,,331.0,,486.808,100.0,256.0,75.0,282.563,,,0.7734,0.2266,,False,on_map_at_end
1715,car,1469.0,,331.0,,957.498,99.0,224.0,107.0,243.619,,,0.6767,0.3233,,False,on_map_at_end
1716,car,1470.0,,330.0,,1369.965,93.0,181.0,149.0,196.514,,,0.5485,0.4515,,False,on_map_at_end
1717,car,1473.0,,327.0,,124.938,100.0,264.0,63.0,315.755,,,0.8073,0.1927,,False,on_map_at_end
1718,truck,1473.0,,327.0,,799.247,100.0,218.0,109.0,231.052,,,0.6667,0.3333,,False,on_map_at_end
1719,car,1475.0,,325.0,,117.437,100.0,257.0,68.0,314.431,,,0.7908,0.2092,,False,on_map_at_end
1720,car,1477.0,,323.0,,965.486,96.0,211.0,112.0,234.998,,,0.6533,0.3467,,False,on_map_at_end
1721,car,1477.0,,323.0,,155.249,100.0,290.0,33.0,304.893,,,0.8978,0.1022,,False,on_map_at_end
1724,car,1488.0,,312.0,,363.068,87.0,264.0,48.0,279.324,,,0.8462,0.1538,,False,on_map_at_end
1725,car,1486.0,,314.0,,1015.37,88.0,137.0,177.0,190.827,,,0.4363,0.5637,,False,on_map_at_end
1726,car,1486.0,,314.0,,243.952,68.0,255.0,59.0,292.044,,,0.8121,0.1879,,False,on_map_at_end
1727,car,1487.0,,313.0,,812.248,100.0,227.0,86.0,239.897,,,0.7252,0.2748,,False,on_map_at_end
1728,truck,1487.0,,313.0,,22.582,97.0,288.0,25.0,301.289,,,0.9201,0.0799,,False,on_map_at_end
173,car,318.0,,1482.0,,671.311,100.0,1355.0,127.0,1421.444,,,0.9143,0.0857,,False,on_map_at_end
1730,car,1490.0,,310.0,,534.953,100.0,236.0,74.0,261.153,,,0.7613,0.2387,,False,on_map_at_end
1735,car,1494.0,,306.0,,130.609,100.0,282.0,24.0,277.245,,,0.9216,0.0784,,False,on_map_at_end
1736,car,1494.0,,306.0,,149.974,46.0,230.0,76.0,288.695,,,0.7516,0.2484,,False,on_map_at_end
1737,car,1495.0,,305.0,,1249.444,72.0,132.0,173.0,192.549,,,0.4328,0.5672,,False,on_map_at_end
1738,truck,1497.0,,303.0,,665.499,56.0,174.0,129.0,223.108,,,0.5743,0.4257,,False,on_map_at_end
1739,car,1499.0,,301.0,,525.557,100.0,238.0,63.0,252.835,,,0.7907,0.2093,,False,on_map_at_end
1740,car,1501.0,,299.0,,747.932,47.0,178.0,121.0,231.685,,,0.5953,0.4047,,False,on_map_at_end
1741,car,1502.0,,298.0,,1322.277,94.0,126.0,172.0,173.684,,,0.4228,0.5772,,False,on_map_at_end
1742,car,1502.0,,298.0,,256.319,96.0,262.0,36.0,266.562,,,0.8792,0.1208,,False,on_map_at_end
1743,truck,1502.0,,298.0,,104.436,100.0,228.0,70.0,285.463,,,0.7651,0.2349,,False,on_map_at_end
1744,car,1503.0,,297.0,,1043.783,75.0,171.0,126.0,203.059,,,0.5758,0.4242,,False,on_map_at_end
1745,car,1505.0,,295.0,,265.426,100.0,261.0,34.0,271.111,,,0.8847,0.1153,,False,on_map_at_end
1746,car,1505.0,,295.0,,220.777,84.0,238.0,57.0,268.151,,,0.8068,0.1932,,False,on_map_at_end
1747,car,1507.0,,293.0,,96.934,100.0,223.0,70.0,284.276,,,0.7611,0.2389,,False,on_map_at_end
1749,car,1509.0,,291.0,,102.629,59.0,226.0,65.0,271.476,,,0.7766,0.2234,,False,on_map_at_end
1750,car,1512.0,,288.0,,257.924,100.0,255.0,33.0,264.787,,,0.8854,0.1146,,False,on_map_at_end
1751,car,1513.0,,287.0,,87.377,100.0,238.0,49.0,278.141,,,0.8293,0.1707,,False,on_map_at_end
1752,car,1515.0,,285.0,,1241.943,70.0,125.0,160.0,173.224,,,0.4386,0.5614,,False,on_map_at_end
1754,car,1518.0,,282.0,,498.92,81.0,185.0,97.0,235.516,,,0.656,0.344,,False,on_map_at_end
1755,car,1518.0,,282.0,,132.948,67.0,229.0,53.0,269.77,,,0.8121,0.1879,,False,on_map_at_end
1756,car,1519.0,,281.0,,95.127,59.0,216.0,65.0,261.652,,,0.7687,0.2313,,False,on_map_at_end
1758,truck,1520.0,,280.0,,250.164,67.0,209.0,71.0,249.736,,,0.7464,0.2536,,False,on_map_at_end
1759,car,1520.0,,280.0,,828.635,90.0,135.0,145.0,193.118,,,0.4821,0.5179,,False,on_map_at_end
176,car,320.0,,1480.0,,1223.088,100.0,1292.0,188.0,1368.718,,,0.873,0.127,,False,on_map_at_end
1760,car,1521.0,,279.0,,657.998,52.0,147.0,132.0,213.558,,,0.5269,0.4731,,False,on_map_at_end
1761,car,1522.0,,278.0,,527.452,100.0,204.0,74.0,230.275,,,0.7338,0.2662,,False,on_map_at_end
1764,car,1530.0,,270.0,,1036.282,73.0,142.0,128.0,176.734,,,0.5259,0.4741,,False,on_map_at_end
1765,car,1532.0,,268.0,,214.399,100.0,246.0,22.0,248.704,,,0.9179,0.0821,,False,on_map_at_end
1766,car,1533.0,,267.0,,281.829,100.0,231.0,36.0,241.635,,,0.8652,0.1348,,False,on_map_at_end
1768,truck,1534.0,,266.0,,644.997,48.0,144.0,122.0,188.569,,,0.5414,0.4586,,False,on_map_at_end
1769,car,1535.0,,265.0,,1028.781,72.0,136.0,129.0,172.409,,,0.5132,0.4868,,False,on_map_at_end
177,car,320.0,,1480.0,,1879.472,100.0,1198.0,282.0,1288.642,,,0.8095,0.1905,,False,on_map_at_end
1770,car,1536.0,,264.0,,87.626,60.0,204.0,60.0,248.508,,,0.7727,0.2273,,False,on_map_at_end
1772,car,1538.0,,262.0,,312.487,84.0,209.0,53.0,233.266,,,0.7977,0.2023,,False,on_map_at_end
1774,car,1539.0,,261.0,,397.856,100.0,213.0,48.0,225.193,,,0.8161,0.1839,,False,on_map_at_end
1776,car,1541.0,,259.0,,537.646,84.0,180.0,79.0,205.585,,,0.695,0.305,,False,on_map_at_end
1779,car,1549.0,,251.0,,838.764,85.0,143.0,108.0,171.431,,,0.5697,0.4303,,False,on_map_at_end
1781,car,1551.0,,249.0,,89.433,100.0,187.0,62.0,240.951,,,0.751,0.249,,False,on_map_at_end
1782,car,1551.0,,249.0,,512.45,100.0,173.0,76.0,202.308,,,0.6948,0.3052,,False,on_map_at_end
1783,truck,1553.0,,247.0,,76.432,100.0,184.0,63.0,237.824,,,0.7449,0.2551,,False,on_map_at_end
1784,car,1554.0,,246.0,,837.207,100.0,155.0,91.0,164.478,,,0.6301,0.3699,,False,on_map_at_end
1786,car,1556.0,,244.0,,784.244,100.0,165.0,79.0,173.417,,,0.6762,0.3238,,False,on_map_at_end
1787,car,1559.0,,241.0,,988.079,100.0,127.0,114.0,151.803,,,0.527,0.473,,False,on_map_at_end
1788,truck,1559.0,,241.0,,523.969,100.0,169.0,72.0,177.686,,,0.7012,0.2988,,False,on_map_at_end
1789,car,1564.0,,236.0,,416.456,87.0,174.0,62.0,196.082,,,0.7373,0.2627,,False,on_map_at_end
179,truck,322.0,,1478.0,,906.309,100.0,1314.0,164.0,1368.927,,,0.889,0.111,,False,on_map_at_end
1790,car,1564.0,,236.0,,304.985,81.0,181.0,55.0,207.974,,,0.7669,0.2331,,False,on_map_at_end
1791,car,1565.0,,235.0,,453.347,90.0,158.0,77.0,176.859,,,0.6723,0.3277,,False,on_map_at_end
1792,car,1565.0,,235.0,,1285.479,100.0,108.0,127.0,115.952,,,0.4596,0.5404,,False,on_map_at_end
1793,truck,1565.0,,235.0,,620.729,28.0,144.0,91.0,154.894,,,0.6128,0.3872,,False,on_map_at_end
1794,car,1565.0,,235.0,,465.495,87.0,143.0,92.0,190.529,,,0.6085,0.3915,,False,on_map_at_end
1795,car,1566.0,,234.0,,631.614,96.0,146.0,88.0,176.649,,,0.6239,0.3761,,False,on_map_at_end
1796,car,1567.0,,233.0,,68.931,100.0,182.0,51.0,226.796,,,0.7811,0.2189,,False,on_map_at_end
1797,car,1570.0,,230.0,,850.115,78.0,112.0,118.0,145.084,,,0.487,0.513,,False,on_map_at_end
1799,car,1580.0,,220.0,,739.034,93.0,112.0,108.0,152.763,,,0.5091,0.4909,,False,on_map_at_end
180,car,324.0,,1476.0,,1970.527,72.0,1143.0,333.0,1193.093,,,0.7744,0.2256,,False,on_map_at_end
1800,car,1582.0,,218.0,,77.505,100.0,200.0,18.0,207.262,,,0.9174,0.0826,,False,on_map_at_end
1802,car,1584.0,,216.0,,516.468,100.0,147.0,69.0,157.795,,,0.6806,0.3194,,False,on_map_at_end
1803,truck,1584.0,,216.0,,1236.94,23.0,22.0,194.0,67.508,,,0.1019,0.8981,,False,on_map_at_end
1806,car,1590.0,,210.0,,1777.951,39.0,38.0,172.0,39.308,,,0.181,0.819,,False,on_map_at_end
1808,truck,1591.0,,209.0,,176.454,77.0,160.0,49.0,187.817,,,0.7656,0.2344,,False,on_map_at_end
1809,car,1591.0,,209.0,,1008.279,71.0,80.0,129.0,118.254,,,0.3828,0.6172,,False,on_map_at_end
181,car,327.0,,1473.0,,724.314,100.0,1323.0,150.0,1404.122,,,0.8982,0.1018,,False,on_map_at_end
1810,car,1592.0,,208.0,,10.249,100.0,205.0,3.0,207.078,,,0.9856,0.0144,,False,on_map_at_end
1811,car,1593.0,,207.0,,853.99,66.0,79.0,128.0,129.751,,,0.3816,0.6184,,False,on_map_at_end
1812,car,1596.0,,204.0,,80.125,57.0,141.0,63.0,187.975,,,0.6912,0.3088,,False,on_map_at_end
1814,car,1598.0,,202.0,,540.803,95.0,128.0,74.0,150.709,,,0.6337,0.3663,,False,on_map_at_end
1815,car,1600.0,,200.0,,147.748,98.0,163.0,37.0,182.129,,,0.815,0.185,,False,on_map_at_end
1816,car,1600.0,,200.0,,3.822,98.0,197.0,3.0,191.656,,,0.985,0.015,,False,on_map_at_end
1819,car,1603.0,,197.0,,464.304,100.0,133.0,64.0,145.654,,,0.6751,0.3249,,False,on_map_at_end
182,car,328.0,,1472.0,,56.398,100.0,1416.0,56.0,1466.924,,,0.962,0.038,,False,on_map_at_end
1822,car,1608.0,,192.0,,334.903,85.0,133.0,59.0,158.423,,,0.6927,0.3073,,False,on_map_at_end
1823,truck,1608.0,,192.0,,278.983,74.0,136.0,56.0,158.075,,,0.7083,0.2917,,False,on_map_at_end
1824,car,1610.0,,190.0,,651.332,97.0,119.0,71.0,131.057,,,0.6263,0.3737,,False,on_map_at_end
1827,car,1614.0,,186.0,,141.771,47.0,113.0,73.0,170.27,,,0.6075,0.3925,,False,on_map_at_end
1829,car,1617.0,,183.0,,456.803,100.0,124.0,59.0,135.298,,,0.6776,0.3224,,False,on_map_at_end
183,car,332.0,,1468.0,,2246.356,98.0,1127.0,341.0,1264.928,,,0.7677,0.2323,,False,on_map_at_end
1831,car,1791.0,,9.0,,0.0,9.0,9.0,0.0,9.0,,,1.0,0.0,,False,on_map_at_end
1832,car,1618.0,,182.0,,823.762,74.0,73.0,109.0,100.925,,,0.4011,0.5989,,False,on_map_at_end
1833,truck,1619.0,,181.0,,50.126,76.0,148.0,33.0,174.983,,,0.8177,0.1823,,False,on_map_at_end
1835,car,1623.0,,177.0,,761.741,96.0,97.0,80.0,108.443,,,0.548,0.452,,False,on_map_at_end
1836,car,1628.0,,172.0,,504.949,100.0,113.0,59.0,125.857,,,0.657,0.343,,False,on_map_at_end
1837,car,1628.0,,172.0,,72.624,59.0,110.0,62.0,155.256,,,0.6395,0.3605,,False,on_map_at_end
1838,truck,1629.0,,171.0,,586.761,55.0,86.0,85.0,100.561,,,0.5029,0.4971,,False,on_map_at_end
1839,car,1629.0,,171.0,,293.663,68.0,100.0,71.0,144.464,,,0.5848,0.4152,,False,on_map_at_end
184,truck,333.0,,1467.0,,1369.195,94.0,1246.0,221.0,1304.906,,,0.8494,0.1506,,False,on_map_at_end
1840,car,1630.0,,170.0,,1607.334,1.0,1.0,169.0,21.362,,,0.0059,0.9941,,False,on_map_at_end
1841,car,1634.0,,166.0,,133.33,50.0,95.0,71.0,148.707,,,0.5723,0.4277,,False,on_map_at_end
1842,car,1635.0,,165.0,,242.155,66.0,101.0,64.0,142.45,,,0.6121,0.3879,,False,on_map_at_end
1845,car,1636.0,,164.0,,1290.654,0.0,0.0,164.0,34.424,,,0.0,1.0,,False,on_map_at_end
1847,car,1638.0,,162.0,,593.686,29.0,74.0,88.0,93.201,,,0.4568,0.5432,,False,on_map_at_end
1848,truck,1638.0,,162.0,,59.623,55.0,101.0,61.0,151.465,,,0.6235,0.3765,,False,on_map_at_end
1849,car,1639.0,,161.0,,50.682,91.0,144.0,17.0,156.439,,,0.8944,0.1056,,False,on_map_at_end
185,car,333.0,,1467.0,,357.707,100.0,1396.0,71.0,1434.806,,,0.9516,0.0484,,False,on_map_at_end
1850,car,1640.0,,160.0,,125.148,52.0,93.0,67.0,145.14,,,0.5813,0.4187,,False,on_map_at_end
1851,car,1643.0,,157.0,,63.756,89.0,127.0,30.0,150.266,,,0.8089,0.1911,,False,on_map_at_end
1852,car,1644.0,,156.0,,670.744,39.0,38.0,118.0,95.632,,,0.2436,0.7564,,False,on_map_at_end
1853,truck,1644.0,,156.0,,27.597,92.0,138.0,18.0,152.687,,,0.8846,0.1154,,False,on_map_at_end
1855,car,1647.0,,153.0,,61.43,100.0,141.0,12.0,147.471,,,0.9216,0.0784,,False,on_map_at_end
1856,car,1647.0,,153.0,,238.823,100.0,123.0,30.0,130.19,,,0.8039,0.1961,,False,on_map_at_end
1857,car,1649.0,,151.0,,577.899,59.0,58.0,93.0,65.859,,,0.3841,0.6159,,False,on_map_at_end
1858,truck,1649.0,,151.0,,851.719,29.0,28.0,123.0,47.621,,,0.1854,0.8146,,False,on_map_at_end
1859,car,1650.0,,150.0,,81.694,81.0,118.0,32.0,142.647,,,0.7867,0.2133,,False,on_map_at_end
1862,car,1653.0,,147.0,,200.929,100.0,126.0,21.0,128.721,,,0.8571,0.1429,,False,on_map_at_end
1864,car,1654.0,,146.0,,497.448,92.0,91.0,55.0,100.675,,,0.6233,0.3767,,False,on_map_at_end
1865,car,1655.0,,145.0,,12.683,96.0,133.0,12.0,143.859,,,0.9172,0.0828,,False,on_map_at_end
1866,car,1658.0,,142.0,,677.145,58.0,57.0,85.0,70.651,,,0.4014,0.5986,,False,on_map_at_end
1867,car,1658.0,,142.0,,506.168,83.0,82.0,60.0,93.014,,,0.5775,0.4225,,False,on_map_at_end
1869,car,1665.0,,135.0,,716.301,39.0,38.0,97.0,58.017,,,0.2815,0.7185,,False,on_map_at_end
1870,car,1666.0,,134.0,,857.842,5.0,6.0,128.0,32.572,,,0.0448,0.9552,,False,on_map_at_end
1871,car,1667.0,,133.0,,8.894,91.0,117.0,16.0,123.2,,,0.8797,0.1203,,False,on_map_at_end
1872,car,1668.0,,132.0,,53.929,100.0,120.0,12.0,127.146,,,0.9091,0.0909,,False,on_map_at_end
1873,truck,1668.0,,132.0,,86.006,66.0,81.0,51.0,121.675,,,0.6136,0.3864,,False,on_map_at_end
1874,car,1669.0,,131.0,,140.247,92.0,91.0,40.0,116.089,,,0.6947,0.3053,,False,on_map_at_end
1875,car,1670.0,,130.0,,788.279,37.0,36.0,94.0,55.73,,,0.2769,0.7231,,False,on_map_at_end
1876,car,1671.0,,129.0,,207.671,66.0,70.0,59.0,110.309,,,0.5426,0.4574,,False,on_map_at_end
1877,car,1671.0,,129.0,,206.898,100.0,103.0,26.0,110.379,,,0.7984,0.2016,,False,on_map_at_end
1879,car,1673.0,,127.0,,116.922,54.0,64.0,63.0,113.013,,,0.5039,0.4961,,False,on_map_at_end
1880,car,1675.0,,125.0,,285.541,63.0,63.0,62.0,99.079,,,0.504,0.496,,False,on_map_at_end
1882,car,1681.0,,119.0,,360.349,77.0,76.0,43.0,86.568,,,0.6387,0.3613,,False,on_map_at_end
1883,truck,1681.0,,119.0,,952.391,0.0,0.0,119.0,4.667,,,0.0,1.0,,False,on_map_at_end
1885,car,1681.0,,119.0,,449.302,61.0,60.0,59.0,72.019,,,0.5042,0.4958,,False,on_map_at_end
1886,car,1682.0,,118.0,,552.41,35.0,34.0,84.0,46.159,,,0.2881,0.7119,,False,on_map_at_end
1887,car,1682.0,,118.0,,4.839,100.0,109.0,9.0,117.564,,,0.9237,0.0763,,False,on_map_at_end
1888,truck,1683.0,,117.0,,575.55,27.0,34.0,83.0,39.516,,,0.2906,0.7094,,False,on_map_at_end
1889,car,1684.0,,116.0,,132.745,90.0,89.0,27.0,98.399,,,0.7672,0.2328,,False,on_map_at_end
189,truck,336.0,,1464.0,,992.68,72.0,1239.0,225.0,1312.876,,,0.8463,0.1537,,False,on_map_at_end
1891,car,1689.0,,111.0,,998.17,8.0,8.0,103.0,20.233,,,0.0721,0.9279,,False,on_map_at_end
1893,truck,1691.0,,109.0,,874.503,0.0,0.0,109.0,4.018,,,0.0,1.0,,False,on_map_at_end
1894,car,1691.0,,109.0,,717.663,12.0,11.0,98.0,26.674,,,0.1009,0.8991,,False,on_map_at_end
1896,car,1692.0,,108.0,,592.331,35.0,35.0,73.0,54.461,,,0.3241,0.6759,,False,on_map_at_end
1897,car,1695.0,,105.0,,183.211,56.0,56.0,49.0,88.511,,,0.5333,0.4667,,False,on_map_at_end
1899,car,1696.0,,104.0,,693.766,6.0,5.0,99.0,27.697,,,0.0481,0.9519,,False,on_map_at_end
190,car,338.0,,1462.0,,709.312,100.0,1318.0,144.0,1391.372,,,0.9015,0.0985,,False,on_map_at_end
1900,car,1698.0,,102.0,,85.309,93.0,92.0,10.0,94.322,,,0.902,0.098,,False,on_map_at_end
1902,car,1701.0,,99.0,,192.524,74.0,73.0,26.0,80.806,,,0.7374,0.2626,,False,on_map_at_end
1903,truck,1702.0,,98.0,,475.05,30.0,29.0,69.0,40.843,,,0.2959,0.7041,,False,on_map_at_end
1904,car,1702.0,,98.0,,1063.854,0.0,0.0,98.0,2.252,,,0.0,1.0,,False,on_map_at_end
1905,car,1704.0,,96.0,,78.469,49.0,48.0,48.0,88.938,,,0.5,0.5,,False,on_map_at_end
1906,car,1704.0,,96.0,,185.023,69.0,68.0,28.0,78.386,,,0.7083,0.2917,,False,on_map_at_end
1907,car,1705.0,,95.0,,79.875,80.0,79.0,16.0,87.412,,,0.8316,0.1684,,False,on_map_at_end
1909,car,1708.0,,92.0,,846.523,0.0,0.0,92.0,15.812,,,0.0,1.0,,False,on_map_at_end
191,car,338.0,,1462.0,,2197.606,87.0,1111.0,351.0,1262.86,,,0.7599,0.2401,,False,on_map_at_end
1910,car,1709.0,,91.0,,376.63,41.0,40.0,51.0,55.823,,,0.4396,0.5604,,False,on_map_at_end
1911,car,1709.0,,91.0,,825.282,0.0,0.0,91.0,5.504,,,0.0,1.0,,False,on_map_at_end
1912,car,1709.0,,91.0,,485.666,34.0,33.0,58.0,44.206,,,0.3626,0.6374,,False,on_map_at_end
1913,truck,1711.0,,89.0,,139.977,64.0,63.0,26.0,72.196,,,0.7079,0.2921,,False,on_map_at_end
1914,car,1712.0,,88.0,,125.244,66.0,65.0,23.0,74.668,,,0.7386,0.2614,,False,on_map_at_end
1915,car,1731.0,,69.0,,1.293,63.0,62.0,7.0,68.884,,,0.8986,0.1014,,False,on_map_at_end
1916,car,1712.0,,88.0,,70.917,42.0,41.0,47.0,81.617,,,0.4659,0.5341,,False,on_map_at_end
1917,car,1713.0,,87.0,,871.079,0.0,0.0,87.0,4.03,,,0.0,1.0,,False,on_map_at_end
1918,truck,1715.0,,85.0,,566.391,2.0,1.0,84.0,14.11,,,0.0118,0.9882,,False,on_map_at_end
1919,car,1715.0,,85.0,,900.128,0.0,0.0,85.0,3.675,,,0.0,1.0,,False,on_map_at_end
192,car,339.0,,1461.0,,977.708,100.0,1233.0,228.0,1373.005,,,0.8439,0.1561,,False,on_map_at_end
1921,car,1716.0,,84.0,,52.122,41.0,40.0,44.0,76.483,,,0.4762,0.5238,,False,on_map_at_end
1923,truck,1718.0,,82.0,,187.928,51.0,50.0,32.0,59.44,,,0.6098,0.3902,,False,on_map_at_end
1924,car,1723.0,,77.0,,180.427,47.0,46.0,31.0,60.761,,,0.5974,0.4026,,False,on_map_at_end
1925,car,1724.0,,76.0,,712.059,0.0,0.0,76.0,4.994,,,0.0,1.0,,False,on_map_at_end
1926,car,1730.0,,70.0,,46.428,59.0,58.0,12.0,65.821,,,0.8286,0.1714,,False,on_map_at_end
1927,car,1731.0,,69.0,,615.377,0.0,0.0,69.0,4.925,,,0.0,1.0,,False,on_map_at_end
1928,truck,1732.0,,68.0,,167.425,40.0,39.0,29.0,47.901,,,0.5735,0.4265,,False,on_map_at_end
1930,car,1734.0,,66.0,,148.451,46.0,45.0,21.0,52.639,,,0.6818,0.3182,,False,on_map_at_end
1931,car,1736.0,,64.0,,696.654,0.0,0.0,64.0,1.3,,,0.0,1.0,,False,on_map_at_end
1932,car,1738.0,,62.0,,133.448,39.0,38.0,24.0,49.99,,,0.6129,0.3871,,False,on_map_at_end
1933,truck,1739.0,,61.0,,482.19,0.0,0.0,61.0,2.643,,,0.0,1.0,,False,on_map_at_end
1934,car,1740.0,,60.0,,610.233,0.0,0.0,60.0,3.492,,,0.0,1.0,,False,on_map_at_end
1935,car,1740.0,,60.0,,559.17,0.0,0.0,60.0,4.221,,,0.0,1.0,,False,on_map_at_end
1936,car,1740.0,,60.0,,44.621,37.0,36.0,24.0,52.326,,,0.6,0.4,,False,on_map_at_end
1937,car,1740.0,,60.0,,454.359,14.0,13.0,47.0,18.595,,,0.2167,0.7833,,False,on_map_at_end
1939,car,1742.0,,58.0,,580.695,0.0,0.0,58.0,5.142,,,0.0,1.0,,False,on_map_at_end
1940,car,1743.0,,57.0,,483.915,0.0,0.0,57.0,4.443,,,0.0,1.0,,False,on_map_at_end
1941,car,1744.0,,56.0,,124.975,31.0,30.0,26.0,41.475,,,0.5357,0.4643,,False,on_map_at_end
1943,truck,1745.0,,55.0,,398.358,0.0,0.0,55.0,4.411,,,0.0,1.0,,False,on_map_at_end
1944,car,1746.0,,54.0,,319.899,9.0,8.0,46.0,19.947,,,0.1481,0.8519,,False,on_map_at_end
1946,car,1749.0,,51.0,,15.301,35.0,35.0,16.0,49.623,,,0.6863,0.3137,,False,on_map_at_end
1947,car,1750.0,,50.0,,363.382,0.0,0.0,50.0,4.342,,,0.0,1.0,,False,on_map_at_end
1948,truck,1751.0,,49.0,,381.466,0.0,0.0,49.0,2.98,,,0.0,1.0,,False,on_map_at_end
1949,car,1752.0,,48.0,,84.063,5.0,4.0,44.0,40.154,,,0.0833,0.9167,,False,on_map_at_end
1951,car,1756.0,,44.0,,362.822,0.0,0.0,44.0,11.346,,,0.0,1.0,,False,on_map_at_end
1953,truck,1756.0,,44.0,,235.056,4.0,4.0,40.0,13.534,,,0.0909,0.9091,,False,on_map_at_end
1954,car,1758.0,,42.0,,38.926,32.0,31.0,11.0,38.497,,,0.7381,0.2619,,False,on_map_at_end
1956,car,1762.0,,38.0,,225.222,0.0,0.0,38.0,2.951,,,0.0,1.0,,False,on_map_at_end
1959,car,1765.0,,35.0,,264.939,0.0,0.0,35.0,5.354,,,0.0,1.0,,False,on_map_at_end
196,car,341.0,,1459.0,,465.679,100.0,1318.0,141.0,1373.462,,,0.9034,0.0966,,False,on_map_at_end
1960,car,1766.0,,34.0,,347.403,0.0,0.0,34.0,1.31,,,0.0,1.0,,False,on_map_at_end
1961,car,1767.0,,33.0,,95.379,22.0,21.0,12.0,24.416,,,0.6364,0.3636,,False,on_map_at_end
1962,car,1769.0,,31.0,,169.324,1.0,1.0,30.0,7.399,,,0.0323,0.9677,,False,on_map_at_end
1963,truck,1773.0,,27.0,,217.39,0.0,0.0,27.0,0.903,,,0.0,1.0,,False,on_map_at_end
1965,car,1776.0,,24.0,,261.249,0.0,0.0,24.0,0.487,,,0.0,1.0,,False,on_map_at_end
1966,car,1777.0,,23.0,,117.622,0.0,0.0,23.0,8.699,,,0.0,1.0,,False,on_map_at_end
1967,car,1779.0,,21.0,,159.769,0.0,0.0,21.0,6.621,,,0.0,1.0,,False,on_map_at_end
1968,truck,1781.0,,19.0,,132.351,0.0,0.0,19.0,2.652,,,0.0,1.0,,False,on_map_at_end
197,car,343.0,,1457.0,,420.78,100.0,1241.0,216.0,1410.936,,,0.8518,0.1482,,False,on_map_at_end
1970,car,1784.0,,16.0,,173.923,0.0,0.0,16.0,0.347,,,0.0,1.0,,False,on_map_at_end
1971,car,1786.0,,14.0,,107.708,0.0,0.0,14.0,2.697,,,0.0,1.0,,False,on_map_at_end
1972,car,1787.0,,13.0,,88.059,0.0,0.0,13.0,2.754,,,0.0,1.0,,False,on_map_at_end
1974,car,1790.0,,10.0,,108.515,0.0,0.0,10.0,0.234,,,0.0,1.0,,False,on_map_at_end
1975,car,1790.0,,10.0,,108.183,0.0,0.0,10.0,0.263,,,0.0,1.0,,False,on_map_at_end
1977,car,1791.0,,9.0,,31.174,0.0,0.0,9.0,6.194,,,0.0,1.0,,False,on_map_at_end
1978,truck,1792.0,,8.0,,52.836,0.0,0.0,8.0,1.657,,,0.0,1.0,,False,on_map_at_end
1979,car,1794.0,,6.0,,64.652,0.0,0.0,6.0,0.181,,,0.0,1.0,,False,on_map_at_end
1980,car,1794.0,,6.0,,2.702,1.0,0.0,6.0,5.757,,,0.0,1.0,,False,on_map_at_end
1981,car,1799.0,,1.0,,10.962,0.0,0.0,1.0,0.013,,,0.0,1.0,,False,on_map_at_end
1982,car,1799.0,,1.0,,6.002,0.0,0.0,1.0,0.46,,,0.0,1.0,,False,on_map_at_end
199,truck,349.0,,1451.0,,485.308,100.0,1343.0,108.0,1393.923,,,0.9256,0.0744,,False,on_map_at_end
200,car,351.0,,1449.0,,782.4,100.0,1326.0,123.0,1378.35,,,0.9151,0.0849,,False,on_map_at_end
201,car,351.0,,1449.0,,898.808,100.0,1297.0,152.0,1367.678,,,0.8951,0.1049,,False,on_map_at_end
203,car,354.0,,1446.0,,1849.624,0.0,1185.0,261.0,1262.453,,,0.8195,0.1805,,False,on_map_at_end
204,truck,355.0,,1445.0,,1918.863,71.0,984.0,461.0,1052.524,,,0.681,0.319,,False,on_map_at_end
205,car,356.0,,1444.0,,789.875,100.0,1293.0,151.0,1366.807,,,0.8954,0.1046,,False,on_map_at_end
207,car,364.0,,1436.0,,2189.051,88.0,1085.0,351.0,1236.911,,,0.7556,0.2444,,False,on_map_at_end
21,car,35.0,,1765.0,,2325.029,88.0,1426.0,339.0,1550.479,,,0.8079,0.1921,,False,on_map_at_end
210,car,370.0,,1430.0,,874.857,100.0,1266.0,164.0,1350.556,,,0.8853,0.1147,,False,on_map_at_end
211,car,367.0,,1433.0,,767.397,100.0,1309.0,124.0,1363.934,,,0.9135,0.0865,,False,on_map_at_end
212,car,369.0,,1431.0,,573.736,100.0,1343.0,88.0,1378.929,,,0.9385,0.0615,,False,on_map_at_end
215,car,375.0,,1425.0,,866.857,100.0,1184.0,241.0,1337.208,,,0.8309,0.1691,,False,on_map_at_end
216,car,377.0,,1423.0,,752.395,100.0,1295.0,128.0,1354.863,,,0.91,0.09,,False,on_map_at_end
217,car,380.0,,1420.0,,771.058,100.0,1257.0,163.0,1340.785,,,0.8852,0.1148,,False,on_map_at_end
218,car,382.0,,1418.0,,712.108,100.0,1299.0,119.0,1347.595,,,0.9161,0.0839,,False,on_map_at_end
219,truck,384.0,,1416.0,,1363.465,96.0,1174.0,242.0,1245.004,,,0.8291,0.1709,,False,on_map_at_end
22,car,36.0,,1764.0,,2171.134,100.0,1416.0,348.0,1569.136,,,0.8027,0.1973,,False,on_map_at_end
220,car,384.0,,1416.0,,1441.969,100.0,1251.0,165.0,1286.221,,,0.8835,0.1165,,False,on_map_at_end
222,car,387.0,,1413.0,,1117.946,100.0,1211.0,202.0,1306.969,,,0.857,0.143,,False,on_map_at_end
223,car,387.0,,1413.0,,453.489,100.0,1291.0,122.0,1366.53,,,0.9137,0.0863,,False,on_map_at_end
224,truck,390.0,,1410.0,,885.807,100.0,1230.0,180.0,1303.552,,,0.8723,0.1277,,False,on_map_at_end
225,car,390.0,,1410.0,,482.953,77.0,1272.0,138.0,1363.289,,,0.9021,0.0979,,False,on_map_at_end
226,car,391.0,,1409.0,,2056.996,90.0,1068.0,341.0,1222.942,,,0.758,0.242,,False,on_map_at_end
228,car,392.0,,1408.0,,662.988,100.0,1193.0,215.0,1346.435,,,0.8473,0.1527,,False,on_map_at_end
229,truck,393.0,,1407.0,,1823.73,13.0,1145.0,262.0,1188.724,,,0.8138,0.1862,,False,on_map_at_end
230,car,396.0,,1404.0,,458.178,100.0,1268.0,136.0,1327.575,,,0.9031,0.0969,,False,on_map_at_end
231,car,400.0,,1400.0,,859.356,100.0,1151.0,249.0,1309.389,,,0.8221,0.1779,,False,on_map_at_end
232,car,400.0,,1400.0,,1832.869,100.0,1151.0,249.0,1233.329,,,0.8221,0.1779,,False,on_map_at_end
234,truck,401.0,,1399.0,,515.365,41.0,1261.0,138.0,1337.276,,,0.9014,0.0986,,False,on_map_at_end
237,car,408.0,,1392.0,,623.333,100.0,1258.0,134.0,1332.618,,,0.9037,0.0963,,False,on_map_at_end
24,truck,38.0,,1762.0,,1431.656,100.0,1519.0,243.0,1590.978,,,0.8621,0.1379,,False,on_map_at_end
241,car,414.0,,1386.0,,1678.894,83.0,1114.0,272.0,1219.158,,,0.8038,0.1962,,False,on_map_at_end
242,car,416.0,,1384.0,,135.199,100.0,1312.0,72.0,1371.832,,,0.948,0.052,,False,on_map_at_end
243,car,417.0,,1383.0,,48.897,100.0,1320.0,63.0,1378.599,,,0.9544,0.0456,,False,on_map_at_end
244,truck,418.0,,1382.0,,1385.002,100.0,1118.0,264.0,1215.379,,,0.809,0.191,,False,on_map_at_end
246,car,450.0,,1350.0,,1225.441,100.0,1180.0,170.0,1239.373,,,0.8741,0.1259,,False,on_map_at_end
247,car,423.0,,1377.0,,1245.596,93.0,1140.0,237.0,1264.895,,,0.8279,0.1721,,False,on_map_at_end
248,car,428.0,,1372.0,,878.305,100.0,1214.0,158.0,1292.783,,,0.8848,0.1152,,False,on_map_at_end
25,car,43.0,,1757.0,,1573.548,90.0,1504.0,253.0,1614.555,,,0.856,0.144,,False,on_map_at_end
251,car,429.0,,1371.0,,1956.787,86.0,1046.0,325.0,1194.555,,,0.7629,0.2371,,False,on_map_at_end
253,car,432.0,,1368.0,,1002.02,98.0,1210.0,158.0,1277.817,,,0.8845,0.1155,,False,on_map_at_end
254,truck,435.0,,1365.0,,1421.167,100.0,1126.0,239.0,1187.285,,,0.8249,0.1751,,False,on_map_at_end
255,car,435.0,,1365.0,,668.169,100.0,1261.0,104.0,1302.088,,,0.9238,0.0762,,False,on_map_at_end
256,car,436.0,,1364.0,,41.395,100.0,1301.0,63.0,1360.274,,,0.9538,0.0462,,False,on_map_at_end
257,car,438.0,,1362.0,,33.894,100.0,1290.0,72.0,1358.949,,,0.9471,0.0529,,False,on_map_at_end
258,car,638.0,,1162.0,,26.393,100.0,1101.0,61.0,1159.625,,,0.9475,0.0525,,False,on_map_at_end
260,car,438.0,,1362.0,,1434.468,100.0,1187.0,175.0,1232.897,,,0.8715,0.1285,,False,on_map_at_end
261,car,440.0,,1360.0,,1671.007,85.0,1087.0,273.0,1193.289,,,0.7993,0.2007,,False,on_map_at_end
263,car,443.0,,1357.0,,1179.483,91.0,1164.0,193.0,1246.141,,,0.8578,0.1422,,False,on_map_at_end
264,truck,444.0,,1356.0,,989.019,94.0,1159.0,197.0,1237.27,,,0.8547,0.1453,,False,on_map_at_end
267,car,445.0,,1355.0,,438.487,100.0,1233.0,122.0,1313.159,,,0.91,0.09,,False,on_map_at_end
268,car,447.0,,1353.0,,1714.631,100.0,1109.0,244.0,1198.094,,,0.8197,0.1803,,False,on_map_at_end
269,truck,447.0,,1353.0,,763.683,100.0,1106.0,247.0,1261.321,,,0.8174,0.1826,,False,on_map_at_end
270,car,449.0,,1351.0,,660.668,100.0,1243.0,108.0,1288.478,,,0.9201,0.0799,,False,on_map_at_end
271,car,449.0,,1351.0,,870.798,100.0,1216.0,135.0,1261.56,,,0.9001,0.0999,,False,on_map_at_end
272,car,449.0,,1351.0,,1235.996,83.0,1117.0,234.0,1230.033,,,0.8268,0.1732,,False,on_map_at_end
273,car,450.0,,1350.0,,900.212,100.0,1110.0,240.0,1268.98,,,0.8222,0.1778,,False,on_map_at_end
276,car,453.0,,1347.0,,870.804,100.0,1183.0,164.0,1268.348,,,0.8782,0.1218,,False,on_map_at_end
278,car,454.0,,1346.0,,653.167,100.0,1235.0,111.0,1283.638,,,0.9175,0.0825,,False,on_map_at_end
281,car,462.0,,1338.0,,333.561,92.0,1241.0,97.0,1307.644,,,0.9275,0.0725,,False,on_map_at_end
283,car,466.0,,1334.0,,1637.041,92.0,1062.0,272.0,1179.763,,,0.7961,0.2039,,False,on_map_at_end
284,truck,467.0,,1333.0,,323.836,100.0,1220.0,113.0,1294.124,,,0.9152,0.0848,,False,on_map_at_end
285,car,468.0,,1332.0,,1665.167,100.0,1091.0,241.0,1180.891,,,0.8191,0.1809,,False,on_map_at_end
287,car,469.0,,1331.0,,759.719,100.0,1128.0,203.0,1252.617,,,0.8475,0.1525,,False,on_map_at_end
288,car,470.0,,1330.0,,1884.483,75.0,953.0,377.0,999.678,,,0.7165,0.2835,,False,on_map_at_end
289,truck,477.0,,1323.0,,1024.775,87.0,1130.0,193.0,1201.297,,,0.8541,0.1459,,False,on_map_at_end
29,truck,49.0,,1751.0,,2549.018,93.0,1266.0,485.0,1451.143,,,0.723,0.277,,False,on_map_at_end
290,car,472.0,,1328.0,,266.877,100.0,1248.0,80.0,1303.981,,,0.9398,0.0602,,False,on_map_at_end
291,car,473.0,,1327.0,,748.554,100.0,1153.0,174.0,1250.839,,,0.8689,0.1311,,False,on_map_at_end
292,car,475.0,,1325.0,,499.406,100.0,1194.0,131.0,1279.642,,,0.9011,0.0989,,False,on_map_at_end
293,car,476.0,,1324.0,,741.053,100.0,1147.0,177.0,1240.068,,,0.8663,0.1337,,False,on_map_at_end
295,car,481.0,,1319.0,,798.574,94.0,1088.0,231.0,1237.128,,,0.8249,0.1751,,False,on_map_at_end
297,car,481.0,,1319.0,,691.341,71.0,1167.0,152.0,1256.468,,,0.8848,0.1152,,False,on_map_at_end
299,truck,482.0,,1318.0,,1476.169,100.0,1077.0,241.0,1140.74,,,0.8171,0.1829,,False,on_map_at_end
301,car,483.0,,1317.0,,1585.863,92.0,1016.0,301.0,1165.806,,,0.7715,0.2285,,False,on_map_at_end
302,car,484.0,,1316.0,,508.569,93.0,1210.0,106.0,1269.475,,,0.9195,0.0805,,False,on_map_at_end
303,car,484.0,,1316.0,,714.712,88.0,1099.0,217.0,1233.517,,,0.8351,0.1649,,False,on_map_at_end
304,truck,488.0,,1312.0,,309.781,100.0,1132.0,180.0,1274.811,,,0.8628,0.1372,,False,on_map_at_end
306,car,491.0,,1309.0,,1285.09,100.0,1111.0,198.0,1187.903,,,0.8487,0.1513,,False,on_map_at_end
310,car,495.0,,1305.0,,645.666,100.0,1187.0,118.0,1242.76,,,0.9096,0.0904,,False,on_map_at_end
311,car,496.0,,1304.0,,935.268,91.0,1133.0,171.0,1214.488,,,0.8689,0.1311,,False,on_map_at_end
312,car,498.0,,1302.0,,1104.691,100.0,1119.0,183.0,1194.508,,,0.8594,0.1406,,False,on_map_at_end
314,truck,498.0,,1302.0,,618.194,100.0,1182.0,120.0,1225.075,,,0.9078,0.0922,,False,on_map_at_end
317,car,504.0,,1296.0,,806.728,89.0,1165.0,131.0,1223.08,,,0.8989,0.1011,,False,on_map_at_end
318,car,505.0,,1295.0,,481.589,100.0,1177.0,118.0,1250.802,,,0.9089,0.0911,,False,on_map_at_end
319,truck,507.0,,1293.0,,857.803,100.0,1100.0,193.0,1189.763,,,0.8507,0.1493,,False,on_map_at_end
320,car,507.0,,1293.0,,607.539,100.0,1185.0,108.0,1235.075,,,0.9165,0.0835,,False,on_map_at_end
321,car,508.0,,1292.0,,1381.329,100.0,1061.0,231.0,1109.84,,,0.8212,0.1788,,False,on_map_at_end
323,car,509.0,,1291.0,,846.769,100.0,1179.0,112.0,1201.801,,,0.9132,0.0868,,False,on_map_at_end
326,car,512.0,,1288.0,,831.358,100.0,1167.0,121.0,1161.042,,,0.9061,0.0939,,False,on_map_at_end
327,car,512.0,,1288.0,,1218.201,71.0,1098.0,190.0,1178.901,,,0.8525,0.1475,,False,on_map_at_end
328,car,513.0,,1287.0,,1556.799,100.0,1084.0,203.0,1131.857,,,0.8423,0.1577,,False,on_map_at_end
329,truck,515.0,,1285.0,,850.669,100.0,1132.0,153.0,1169.309,,,0.8809,0.1191,,False,on_map_at_end
330,car,515.0,,1285.0,,1265.949,100.0,1111.0,174.0,1162.215,,,0.8646,0.1354,,False,on_map_at_end
331,car,515.0,,1285.0,,600.038,100.0,1177.0,108.0,1229.696,,,0.916,0.084,,False,on_map_at_end
334,truck,518.0,,1282.0,,676.56,100.0,1074.0,208.0,1200.135,,,0.8378,0.1622,,False,on_map_at_end
335,car,523.0,,1277.0,,669.059,99.0,1096.0,181.0,1215.742,,,0.8583,0.1417,,False,on_map_at_end
337,car,530.0,,1270.0,,714.685,85.0,1121.0,149.0,1205.394,,,0.8827,0.1173,,False,on_map_at_end
338,car,531.0,,1269.0,,474.088,100.0,1125.0,144.0,1225.909,,,0.8865,0.1135,,False,on_map_at_end
341,car,534.0,,1266.0,,322.804,100.0,1201.0,65.0,1236.947,,,0.9487,0.0513,,False,on_map_at_end
344,truck,537.0,,1263.0,,309.803,100.0,1185.0,78.0,1225.809,,,0.9382,0.0618,,False,on_map_at_end
345,car,539.0,,1261.0,,553.267,100.0,1083.0,178.0,1208.925,,,0.8588,0.1412,,False,on_map_at_end
346,car,539.0,,1261.0,,358.309,100.0,1141.0,120.0,1228.752,,,0.9048,0.0952,,False,on_map_at_end
347,car,540.0,,1260.0,,1097.19,100.0,1090.0,170.0,1156.818,,,0.8651,0.1349,,False,on_map_at_end
348,car,540.0,,1260.0,,903.623,84.0,1084.0,176.0,1172.62,,,0.8603,0.1397,,False,on_map_at_end
349,truck,540.0,,1260.0,,445.177,100.0,1114.0,146.0,1184.221,,,0.8841,0.1159,,False,on_map_at_end
35,car,56.0,,1744.0,,2006.205,100.0,1480.0,264.0,1545.656,,,0.8486,0.1514,,False,on_map_at_end
352,car,542.0,,1258.0,,960.483,100.0,1111.0,147.0,1170.349,,,0.8831,0.1169,,False,on_map_at_end
353,car,543.0,,1257.0,,1057.547,100.0,1051.0,206.0,1135.311,,,0.8361,0.1639,,False,on_map_at_end
356,car,546.0,,1254.0,,623.428,100.0,1083.0,171.0,1197.14,,,0.8636,0.1364,,False,on_map_at_end
357,car,945.0,,855.0,,18.892,100.0,807.0,48.0,853.3,,,0.9439,0.0561,,False,on_map_at_end
358,car,549.0,,1251.0,,1808.865,100.0,984.0,267.0,1086.075,,,0.7866,0.2134,,False,on_map_at_end
359,truck,550.0,,1250.0,,1575.196,100.0,949.0,301.0,1050.912,,,0.7592,0.2408,,False,on_map_at_end
361,car,554.0,,1246.0,,311.029,87.0,1142.0,104.0,1218.007,,,0.9165,0.0835,,False,on_map_at_end
362,car,555.0,,1245.0,,111.029,100.0,1194.0,51.0,1235.007,,,0.959,0.041,,False,on_map_at_end
363,car,556.0,,1244.0,,1626.574,75.0,1018.0,226.0,1098.147,,,0.8183,0.1817,,False,on_map_at_end
364,truck,1552.0,,248.0,,5.891,100.0,232.0,16.0,247.293,,,0.9355,0.0645,,False,on_map_at_end
367,car,561.0,,1239.0,,592.537,100.0,1128.0,111.0,1184.633,,,0.9104,0.0896,,False,on_map_at_end
372,car,566.0,,1234.0,,343.307,100.0,1111.0,123.0,1203.102,,,0.9003,0.0997,,False,on_map_at_end
373,car,566.0,,1234.0,,2034.618,100.0,963.0,271.0,1049.102,,,0.7804,0.2196,,False,on_map_at_end
374,truck,568.0,,1232.0,,1159.32,94.0,863.0,369.0,938.289,,,0.7005,0.2995,,False,on_map_at_end
377,car,573.0,,1227.0,,1049.159,100.0,1065.0,162.0,1132.575,,,0.868,0.132,,False,on_map_at_end
378,car,575.0,,1225.0,,1956.825,100.0,960.0,265.0,1047.358,,,0.7837,0.2163,,False,on_map_at_end
381,car,579.0,,1221.0,,2020.53,100.0,947.0,274.0,1038.998,,,0.7756,0.2244,,False,on_map_at_end
382,car,581.0,,1219.0,,2025.167,100.0,939.0,280.0,1035.303,,,0.7703,0.2297,,False,on_map_at_end
383,car,584.0,,1216.0,,480.839,79.0,1062.0,154.0,1170.702,,,0.8734,0.1266,,False,on_map_at_end
384,truck,584.0,,1216.0,,1085.133,80.0,1002.0,214.0,1085.519,,,0.824,0.176,,False,on_map_at_end
385,car,586.0,,1214.0,,585.036,100.0,1107.0,107.0,1160.456,,,0.9119,0.0881,,False,on_map_at_end
386,car,587.0,,1213.0,,678.588,100.0,1045.0,168.0,1134.92,,,0.8615,0.1385,,False,on_map_at_end
387,car,590.0,,1210.0,,493.567,87.0,1101.0,109.0,1165.239,,,0.9099,0.0901,,False,on_map_at_end
388,car,590.0,,1210.0,,850.302,100.0,1046.0,164.0,1133.252,,,0.8645,0.1355,,False,on_map_at_end
389,truck,591.0,,1209.0,,235.041,100.0,1094.0,115.0,1180.784,,,0.9049,0.0951,,False,on_map_at_end
39,truck,67.0,,1733.0,,1235.562,100.0,1481.0,252.0,1585.994,,,0.8546,0.1454,,False,on_map_at_end
390,car,591.0,,1209.0,,656.643,95.0,1046.0,163.0,1149.759,,,0.8652,0.1348,,False,on_map_at_end
392,car,594.0,,1206.0,,152.487,96.0,1079.0,127.0,1192.276,,,0.8947,0.1053,,False,on_map_at_end
393,car,595.0,,1205.0,,473.489,100.0,1106.0,99.0,1162.353,,,0.9178,0.0822,,False,on_map_at_end
395,car,599.0,,1201.0,,1421.914,49.0,900.0,301.0,911.006,,,0.7494,0.2506,,False,on_map_at_end
396,car,601.0,,1199.0,,942.372,87.0,1028.0,171.0,1114.186,,,0.8574,0.1426,,False,on_map_at_end
398,car,602.0,,1198.0,,1297.018,100.0,998.0,200.0,1060.635,,,0.8331,0.1669,,False,on_map_at_end
399,truck,602.0,,1198.0,,1865.28,100.0,856.0,342.0,973.709,,,0.7145,0.2855,,False,on_map_at_end
400,car,602.0,,1198.0,,111.029,100.0,1131.0,67.0,1188.007,,,0.9441,0.0559,,False,on_map_at_end
401,car,602.0,,1198.0,,1461.167,100.0,980.0,218.0,1057.268,,,0.818,0.182,,False,on_map_at_end
402,car,603.0,,1197.0,,1361.199,100.0,1005.0,192.0,1071.538,,,0.8396,0.1604,,False,on_map_at_end
403,car,603.0,,1197.0,,1593.197,100.0,919.0,278.0,1025.289,,,0.7678,0.2322,,False,on_map_at_end
404,truck,604.0,,1196.0,,802.17,100.0,1019.0,177.0,1050.973,,,0.852,0.148,,False,on_map_at_end
405,car,604.0,,1196.0,,577.534,100.0,1082.0,114.0,1143.581,,,0.9047,0.0953,,False,on_map_at_end
406,car,605.0,,1195.0,,578.421,85.0,1031.0,164.0,1141.978,,,0.8628,0.1372,,False,on_map_at_end
409,truck,607.0,,1193.0,,465.52,99.0,1046.0,147.0,1136.948,,,0.8768,0.1232,,False,on_map_at_end
410,car,608.0,,1192.0,,632.375,100.0,1025.0,167.0,1134.694,,,0.8599,0.1401,,False,on_map_at_end
411,car,608.0,,1192.0,,552.409,100.0,1082.0,110.0,1142.283,,,0.9077,0.0923,,False,on_map_at_end
414,truck,610.0,,1190.0,,1436.969,95.0,965.0,225.0,1017.495,,,0.8109,0.1891,,False,on_map_at_end
415,car,611.0,,1189.0,,659.879,98.0,1076.0,113.0,1124.365,,,0.905,0.095,,False,on_map_at_end
416,car,611.0,,1189.0,,103.528,100.0,1127.0,62.0,1179.682,,,0.9479,0.0521,,False,on_map_at_end
417,car,612.0,,1188.0,,1168.248,60.0,857.0,331.0,943.501,,,0.7214,0.2786,,False,on_map_at_end
418,car,613.0,,1187.0,,624.756,100.0,1019.0,168.0,1130.771,,,0.8585,0.1415,,False,on_map_at_end
419,truck,613.0,,1187.0,,811.539,31.0,1008.0,179.0,1090.897,,,0.8492,0.1508,,False,on_map_at_end
42,car,75.0,,1725.0,,1953.278,91.0,1415.0,310.0,1549.743,,,0.8203,0.1797,,False,on_map_at_end
420,car,613.0,,1187.0,,380.479,100.0,1065.0,122.0,1149.097,,,0.8972,0.1028,,False,on_map_at_end
421,car,613.0,,1187.0,,210.32,100.0,1080.0,107.0,1168.521,,,0.9099,0.0901,,False,on_map_at_end
422,car,613.0,,1187.0,,152.568,100.0,1098.0,89.0,1173.269,,,0.925,0.075,,False,on_map_at_end
423,car,614.0,,1186.0,,104.812,100.0,1103.0,83.0,1176.567,,,0.93,0.07,,False,on_map_at_end
426,car,615.0,,1185.0,,1013.553,92.0,1008.0,177.0,1093.779,,,0.8506,0.1494,,False,on_map_at_end
427,car,615.0,,1185.0,,1426.967,100.0,1008.0,177.0,1056.572,,,0.8506,0.1494,,False,on_map_at_end
428,car,617.0,,1183.0,,467.146,85.0,1055.0,128.0,1140.956,,,0.8918,0.1082,,False,on_map_at_end
429,truck,618.0,,1182.0,,932.98,100.0,870.0,312.0,951.816,,,0.736,0.264,,False,on_map_at_end
430,car,618.0,,1182.0,,361.019,100.0,1060.0,122.0,1146.437,,,0.8968,0.1032,,False,on_map_at_end
431,car,619.0,,1181.0,,478.564,82.0,1045.0,136.0,1137.101,,,0.8848,0.1152,,False,on_map_at_end
432,car,620.0,,1180.0,,195.317,100.0,1067.0,113.0,1162.871,,,0.9042,0.0958,,False,on_map_at_end
433,car,619.0,,1181.0,,1447.98,100.0,964.0,217.0,1047.838,,,0.8163,0.1837,,False,on_map_at_end
436,car,620.0,,1180.0,,888.621,85.0,1024.0,156.0,1094.655,,,0.8678,0.1322,,False,on_map_at_end
438,car,621.0,,1179.0,,1299.317,100.0,992.0,187.0,1052.912,,,0.8414,0.1586,,False,on_map_at_end
44,truck,82.0,,1718.0,,676.256,98.0,1547.0,171.0,1638.138,,,0.9005,0.0995,,False,on_map_at_end
440,car,622.0,,1178.0,,457.231,100.0,1111.0,67.0,1136.786,,,0.9431,0.0569,,False,on_map_at_end
441,car,622.0,,1178.0,,1837.776,100.0,845.0,333.0,1009.86,,,0.7173,0.2827,,False,on_map_at_end
444,truck,624.0,,1176.0,,611.709,100.0,987.0,189.0,1102.566,,,0.8393,0.1607,,False,on_map_at_end
445,car,626.0,,1174.0,,604.195,100.0,986.0,188.0,1119.3,,,0.8399,0.1601,,False,on_map_at_end
446,car,625.0,,1175.0,,914.444,93.0,1016.0,159.0,1092.699,,,0.8647,0.1353,,False,on_map_at_end
448,car,627.0,,1173.0,,1006.052,89.0,997.0,176.0,1082.454,,,0.85,0.15,,False,on_map_at_end
449,truck,627.0,,1173.0,,509.709,100.0,1042.0,131.0,1113.131,,,0.8883,0.1117,,False,on_map_at_end
450,car,628.0,,1172.0,,596.692,100.0,977.0,195.0,1117.808,,,0.8336,0.1664,,False,on_map_at_end
451,car,628.0,,1172.0,,103.528,100.0,1092.0,80.0,1162.682,,,0.9317,0.0683,,False,on_map_at_end
452,car,630.0,,1170.0,,617.389,93.0,1015.0,155.0,1114.434,,,0.8675,0.1325,,False,on_map_at_end
453,car,632.0,,1168.0,,477.037,100.0,1061.0,107.0,1124.525,,,0.9084,0.0916,,False,on_map_at_end
456,car,632.0,,1168.0,,251.732,96.0,1036.0,132.0,1144.891,,,0.887,0.113,,False,on_map_at_end
457,car,633.0,,1167.0,,1071.949,100.0,1014.0,153.0,1063.568,,,0.8689,0.1311,,False,on_map_at_end
458,car,633.0,,1167.0,,355.706,100.0,1044.0,123.0,1134.986,,,0.8946,0.1054,,False,on_map_at_end
460,car,634.0,,1166.0,,2207.189,95.0,891.0,275.0,949.036,,,0.7642,0.2358,,False,on_map_at_end
461,car,635.0,,1165.0,,602.387,88.0,1001.0,164.0,1110.409,,,0.8592,0.1408,,False,on_map_at_end
462,car,636.0,,1164.0,,623.837,61.0,938.0,226.0,991.754,,,0.8058,0.1942,,False,on_map_at_end
466,car,638.0,,1162.0,,1335.636,100.0,926.0,236.0,1024.909,,,0.7969,0.2031,,False,on_map_at_end
467,car,639.0,,1161.0,,663.585,100.0,1006.0,155.0,1087.244,,,0.8665,0.1335,,False,on_map_at_end
470,car,639.0,,1161.0,,96.027,100.0,1090.0,71.0,1152.358,,,0.9388,0.0612,,False,on_map_at_end
471,car,639.0,,1161.0,,228.946,98.0,1037.0,124.0,1140.395,,,0.8932,0.1068,,False,on_map_at_end
474,truck,643.0,,1157.0,,934.248,100.0,887.0,270.0,940.507,,,0.7666,0.2334,,False,on_map_at_end
476,car,643.0,,1157.0,,544.908,100.0,1039.0,118.0,1107.958,,,0.898,0.102,,False,on_map_at_end
477,car,643.0,,1157.0,,315.02,100.0,1079.0,78.0,1128.231,,,0.9326,0.0674,,False,on_map_at_end
48,car,87.0,,1713.0,,913.879,100.0,1553.0,160.0,1619.396,,,0.9066,0.0934,,False,on_map_at_end
480,car,649.0,,1151.0,,537.407,100.0,1028.0,123.0,1102.633,,,0.8931,0.1069,,False,on_map_at_end
483,car,649.0,,1151.0,,409.385,88.0,1000.0,151.0,1092.208,,,0.8688,0.1312,,False,on_map_at_end
484,truck,651.0,,1149.0,,1194.829,95.0,924.0,225.0,1004.64,,,0.8042,0.1958,,False,on_map_at_end
485,car,651.0,,1149.0,,1684.536,100.0,885.0,264.0,977.115,,,0.7702,0.2298,,False,on_map_at_end
486,car,652.0,,1148.0,,712.443,86.0,980.0,168.0,1078.977,,,0.8537,0.1463,,False,on_map_at_end
487,car,655.0,,1145.0,,938.591,82.0,1003.0,142.0,1060.526,,,0.876,0.124,,False,on_map_at_end
488,car,656.0,,1144.0,,527.004,86.0,985.0,159.0,1082.566,,,0.861,0.139,,False,on_map_at_end
490,car,659.0,,1141.0,,529.906,100.0,1014.0,127.0,1093.308,,,0.8887,0.1113,,False,on_map_at_end
494,truck,660.0,,1140.0,,900.868,87.0,995.0,145.0,1014.7,,,0.8728,0.1272,,False,on_map_at_end
495,car,662.0,,1138.0,,423.633,100.0,1043.0,95.0,1099.534,,,0.9165,0.0835,,False,on_map_at_end
496,car,664.0,,1136.0,,576.189,100.0,988.0,148.0,1083.178,,,0.8697,0.1303,,False,on_map_at_end
497,car,664.0,,1136.0,,1236.623,100.0,911.0,225.0,1010.476,,,0.8019,0.1981,,False,on_map_at_end
498,car,665.0,,1135.0,,88.677,94.0,1045.0,90.0,1127.019,,,0.9207,0.0793,,False,on_map_at_end
499,truck,665.0,,1135.0,,347.704,100.0,1004.0,131.0,1093.259,,,0.8846,0.1154,,False,on_map_at_end
5,car,5.0,,1795.0,,1359.769,100.0,1587.0,208.0,1666.982,,,0.8841,0.1159,,False,on_map_at_end
502,car,666.0,,1134.0,,1056.947,100.0,970.0,164.0,1033.284,,,0.8554,0.1446,,False,on_map_at_end
503,car,667.0,,1133.0,,344.236,76.0,1007.0,126.0,1089.24,,,0.8888,0.1112,,False,on_map_at_end
504,truck,667.0,,1133.0,,700.043,98.0,999.0,134.0,1046.891,,,0.8817,0.1183,,False,on_map_at_end
505,car,668.0,,1132.0,,545.732,100.0,1043.0,89.0,1082.565,,,0.9214,0.0786,,False,on_map_at_end
506,car,668.0,,1132.0,,458.062,80.0,994.0,138.0,1090.445,,,0.8781,0.1219,,False,on_map_at_end
507,car,669.0,,1131.0,,1049.446,95.0,962.0,169.0,1026.934,,,0.8506,0.1494,,False,on_map_at_end
509,truck,672.0,,1128.0,,516.904,100.0,993.0,135.0,1065.947,,,0.8803,0.1197,,False,on_map_at_end
51,car,91.0,,1709.0,,2034.903,100.0,1432.0,277.0,1526.397,,,0.8379,0.1621,,False,on_map_at_end
510,car,673.0,,1127.0,,509.403,100.0,988.0,139.0,1081.153,,,0.8767,0.1233,,False,on_map_at_end
512,car,675.0,,1125.0,,498.945,81.0,968.0,157.0,1068.207,,,0.8604,0.1396,,False,on_map_at_end
513,car,676.0,,1124.0,,927.232,97.0,994.0,130.0,1030.903,,,0.8843,0.1157,,False,on_map_at_end
515,car,680.0,,1120.0,,621.388,100.0,1000.0,120.0,1058.404,,,0.8929,0.1071,,False,on_map_at_end
516,car,680.0,,1120.0,,483.579,80.0,966.0,154.0,1055.988,,,0.8625,0.1375,,False,on_map_at_end
517,car,681.0,,1119.0,,842.801,100.0,966.0,153.0,1042.361,,,0.8633,0.1367,,False,on_map_at_end
518,car,682.0,,1118.0,,501.902,100.0,985.0,133.0,1072.828,,,0.881,0.119,,False,on_map_at_end
519,truck,682.0,,1118.0,,192.36,100.0,991.0,127.0,1094.637,,,0.8864,0.1136,,False,on_map_at_end
520,car,682.0,,1118.0,,540.915,77.0,966.0,152.0,1067.953,,,0.864,0.136,,False,on_map_at_end
521,car,684.0,,1116.0,,1034.443,88.0,949.0,167.0,1016.155,,,0.8504,0.1496,,False,on_map_at_end
523,car,684.0,,1116.0,,86.49,81.0,1005.0,111.0,1108.216,,,0.9005,0.0995,,False,on_map_at_end
524,truck,684.0,,1116.0,,1238.028,90.0,876.0,240.0,965.14,,,0.7849,0.2151,,False,on_map_at_end
525,car,685.0,,1115.0,,96.027,100.0,1026.0,89.0,1106.358,,,0.9202,0.0798,,False,on_map_at_end
527,car,687.0,,1113.0,,318.013,100.0,991.0,122.0,1083.446,,,0.8904,0.1096,,False,on_map_at_end
529,truck,687.0,,1113.0,,381.382,85.0,979.0,134.0,1065.914,,,0.8796,0.1204,,False,on_map_at_end
53,car,96.0,,1704.0,,1856.854,70.0,1293.0,411.0,1535.422,,,0.7588,0.2412,,False,on_map_at_end
530,car,689.0,,1111.0,,560.104,81.0,972.0,139.0,1060.59,,,0.8749,0.1251,,False,on_map_at_end
532,car,690.0,,1110.0,,1499.086,100.0,866.0,244.0,968.383,,,0.7802,0.2198,,False,on_map_at_end
533,car,690.0,,1110.0,,437.675,100.0,978.0,132.0,1033.391,,,0.8811,0.1189,,False,on_map_at_end
534,truck,691.0,,1109.0,,1354.056,94.0,876.0,233.0,941.798,,,0.7899,0.2101,,False,on_map_at_end
535,car,691.0,,1109.0,,466.516,98.0,1011.0,98.0,1050.036,,,0.9116,0.0884,,False,on_map_at_end
537,car,691.0,,1109.0,,1216.204,100.0,904.0,205.0,995.591,,,0.8151,0.1849,,False,on_map_at_end
538,car,691.0,,1109.0,,1552.692,100.0,851.0,258.0,965.983,,,0.7674,0.2326,,False,on_map_at_end
541,car,693.0,,1107.0,,1543.367,43.0,879.0,228.0,949.521,,,0.794,0.206,,False,on_map_at_end
542,car,695.0,,1105.0,,310.82,84.0,998.0,107.0,1067.747,,,0.9032,0.0968,,False,on_map_at_end
543,car,696.0,,1104.0,,790.579,96.0,984.0,120.0,1032.265,,,0.8913,0.1087,,False,on_map_at_end
544,truck,697.0,,1103.0,,1423.968,91.0,870.0,233.0,932.055,,,0.7888,0.2112,,False,on_map_at_end
547,car,700.0,,1100.0,,451.289,100.0,1003.0,97.0,1047.31,,,0.9118,0.0882,,False,on_map_at_end
548,car,700.0,,1100.0,,1219.819,100.0,900.0,200.0,987.336,,,0.8182,0.1818,,False,on_map_at_end
549,truck,700.0,,1100.0,,1307.438,65.0,864.0,236.0,936.623,,,0.7855,0.2145,,False,on_map_at_end
550,car,701.0,,1099.0,,1026.942,86.0,937.0,162.0,1000.736,,,0.8526,0.1474,,False,on_map_at_end
551,car,702.0,,1098.0,,443.06,77.0,965.0,133.0,1057.608,,,0.8789,0.1211,,False,on_map_at_end
552,car,703.0,,1097.0,,431.641,78.0,979.0,118.0,1058.152,,,0.8924,0.1076,,False,on_map_at_end
554,truck,706.0,,1094.0,,83.025,100.0,1010.0,84.0,1084.033,,,0.9232,0.0768,,False,on_map_at_end
555,car,706.0,,1094.0,,494.401,100.0,976.0,118.0,1049.503,,,0.8921,0.1079,,False,on_map_at_end
556,car,708.0,,1092.0,,486.9,100.0,967.0,125.0,1048.179,,,0.8855,0.1145,,False,on_map_at_end
557,car,708.0,,1092.0,,802.709,100.0,889.0,203.0,926.433,,,0.8141,0.1859,,False,on_map_at_end
559,truck,710.0,,1090.0,,473.899,100.0,948.0,142.0,1033.109,,,0.8697,0.1303,,False,on_map_at_end
560,car,709.0,,1091.0,,1323.048,100.0,904.0,187.0,965.388,,,0.8286,0.1714,,False,on_map_at_end
561,car,710.0,,1090.0,,451.493,100.0,964.0,126.0,1040.483,,,0.8844,0.1156,,False,on_map_at_end
562,car,710.0,,1090.0,,898.459,92.0,956.0,134.0,1009.138,,,0.8771,0.1229,,False,on_map_at_end
563,car,710.0,,1090.0,,1476.066,74.0,841.0,249.0,948.736,,,0.7716,0.2284,,False,on_map_at_end
564,truck,711.0,,1089.0,,438.437,97.0,978.0,111.0,1037.579,,,0.8981,0.1019,,False,on_map_at_end
565,car,712.0,,1088.0,,839.328,92.0,958.0,130.0,1011.207,,,0.8805,0.1195,,False,on_map_at_end
566,car,713.0,,1087.0,,612.134,93.0,953.0,134.0,1024.11,,,0.8767,0.1233,,False,on_map_at_end
569,truck,715.0,,1085.0,,891.785,100.0,907.0,178.0,975.751,,,0.8359,0.1641,,False,on_map_at_end
57,car,100.0,,1700.0,,1331.319,66.0,1432.0,268.0,1558.4,,,0.8424,0.1576,,False,on_map_at_end
570,car,718.0,,1082.0,,307.2,100.0,1003.0,79.0,1054.352,,,0.927,0.073,,False,on_map_at_end
573,car,717.0,,1083.0,,697.838,98.0,963.0,120.0,1011.393,,,0.8892,0.1108,,False,on_map_at_end
576,car,719.0,,1081.0,,356.296,87.0,975.0,106.0,1048.933,,,0.9019,0.0981,,False,on_map_at_end
577,car,721.0,,1079.0,,307.802,100.0,980.0,99.0,1051.298,,,0.9082,0.0918,,False,on_map_at_end
580,car,722.0,,1078.0,,466.397,100.0,943.0,135.0,1036.024,,,0.8748,0.1252,,False,on_map_at_end
581,car,723.0,,1077.0,,443.788,100.0,983.0,94.0,1033.162,,,0.9127,0.0873,,False,on_map_at_end
582,car,724.0,,1076.0,,959.297,100.0,909.0,167.0,986.829,,,0.8448,0.1552,,False,on_map_at_end
584,truck,726.0,,1074.0,,779.117,100.0,918.0,156.0,980.469,,,0.8547,0.1453,,False,on_map_at_end
585,car,727.0,,1073.0,,1669.775,86.0,795.0,278.0,921.697,,,0.7409,0.2591,,False,on_map_at_end
586,car,728.0,,1072.0,,762.576,85.0,942.0,130.0,1002.592,,,0.8787,0.1213,,False,on_map_at_end
588,car,729.0,,1071.0,,612.409,100.0,944.0,127.0,1013.681,,,0.8814,0.1186,,False,on_map_at_end
589,truck,729.0,,1071.0,,83.026,100.0,984.0,87.0,1061.033,,,0.9188,0.0812,,False,on_map_at_end
59,truck,101.0,,1699.0,,847.859,100.0,1531.0,168.0,1597.36,,,0.9011,0.0989,,False,on_map_at_end
590,car,730.0,,1070.0,,497.087,100.0,963.0,107.0,1024.883,,,0.9,0.1,,False,on_map_at_end
591,car,730.0,,1070.0,,384.438,100.0,976.0,94.0,1034.502,,,0.9121,0.0879,,False,on_map_at_end
593,car,730.0,,1070.0,,751.256,100.0,864.0,206.0,888.077,,,0.8075,0.1925,,False,on_map_at_end
594,truck,734.0,,1066.0,,726.042,100.0,900.0,166.0,978.619,,,0.8443,0.1557,,False,on_map_at_end
595,car,734.0,,1066.0,,526.148,100.0,949.0,117.0,1018.495,,,0.8902,0.1098,,False,on_map_at_end
596,car,735.0,,1065.0,,430.174,100.0,940.0,125.0,999.1,,,0.8826,0.1174,,False,on_map_at_end
597,car,735.0,,1065.0,,314.701,100.0,986.0,79.0,1036.677,,,0.9258,0.0742,,False,on_map_at_end
599,truck,735.0,,1065.0,,1604.285,80.0,708.0,357.0,862.409,,,0.6648,0.3352,,False,on_map_at_end
600,car,736.0,,1064.0,,600.919,88.0,928.0,136.0,1002.453,,,0.8722,0.1278,,False,on_map_at_end
601,car,736.0,,1064.0,,75.524,100.0,980.0,84.0,1057.203,,,0.9211,0.0789,,False,on_map_at_end
602,car,737.0,,1063.0,,288.559,100.0,991.0,72.0,1037.029,,,0.9323,0.0677,,False,on_map_at_end
603,car,738.0,,1062.0,,530.73,100.0,944.0,118.0,1009.413,,,0.8889,0.1111,,False,on_map_at_end
604,truck,738.0,,1062.0,,1013.941,83.0,870.0,192.0,939.925,,,0.8192,0.1808,,False,on_map_at_end
606,car,738.0,,1062.0,,1320.694,100.0,845.0,217.0,938.464,,,0.7957,0.2043,,False,on_map_at_end
607,car,739.0,,1061.0,,458.896,100.0,935.0,126.0,1019.699,,,0.8812,0.1188,,False,on_map_at_end
608,car,740.0,,1060.0,,393.631,100.0,975.0,85.0,1024.573,,,0.9198,0.0802,,False,on_map_at_end
609,truck,740.0,,1060.0,,294.801,100.0,968.0,92.0,1024.61,,,0.9132,0.0868,,False,on_map_at_end
610,car,740.0,,1060.0,,2021.91,100.0,710.0,350.0,862.456,,,0.6698,0.3302,,False,on_map_at_end
611,car,741.0,,1059.0,,1232.505,71.0,784.0,275.0,848.218,,,0.7403,0.2597,,False,on_map_at_end
612,car,742.0,,1058.0,,1589.034,100.0,831.0,227.0,900.238,,,0.7854,0.2146,,False,on_map_at_end
614,truck,743.0,,1057.0,,445.895,100.0,915.0,142.0,1003.471,,,0.8657,0.1343,,False,on_map_at_end
615,car,743.0,,1057.0,,1468.943,100.0,812.0,245.0,914.306,,,0.7682,0.2318,,False,on_map_at_end
616,car,744.0,,1056.0,,890.958,91.0,934.0,122.0,975.813,,,0.8845,0.1155,,False,on_map_at_end
617,car,744.0,,1056.0,,604.908,100.0,922.0,134.0,993.969,,,0.8731,0.1269,,False,on_map_at_end
619,truck,747.0,,1053.0,,1532.19,100.0,742.0,311.0,867.934,,,0.7047,0.2953,,False,on_map_at_end
62,car,108.0,,1692.0,,1825.229,100.0,1460.0,232.0,1509.702,,,0.8629,0.1371,,False,on_map_at_end
620,car,747.0,,1053.0,,422.673,100.0,918.0,135.0,981.997,,,0.8718,0.1282,,False,on_map_at_end
622,car,748.0,,1052.0,,236.431,100.0,972.0,80.0,1030.721,,,0.924,0.076,,False,on_map_at_end
623,car,748.0,,1052.0,,876.783,100.0,894.0,158.0,969.106,,,0.8498,0.1502,,False,on_map_at_end
624,truck,748.0,,1052.0,,850.781,100.0,864.0,188.0,947.676,,,0.8213,0.1787,,False,on_map_at_end
626,car,749.0,,1051.0,,415.172,100.0,910.0,141.0,984.024,,,0.8658,0.1342,,False,on_map_at_end
627,car,750.0,,1050.0,,589.905,100.0,897.0,153.0,987.653,,,0.8543,0.1457,,False,on_map_at_end
628,car,751.0,,1049.0,,827.799,100.0,890.0,159.0,973.903,,,0.8484,0.1516,,False,on_map_at_end
629,truck,751.0,,1049.0,,490.643,100.0,891.0,158.0,990.099,,,0.8494,0.1506,,False,on_map_at_end
63,car,110.0,,1690.0,,1326.698,100.0,1449.0,241.0,1570.313,,,0.8574,0.1426,,False,on_map_at_end
630,car,752.0,,1048.0,,607.939,45.0,942.0,106.0,966.752,,,0.8989,0.1011,,False,on_map_at_end
631,car,752.0,,1048.0,,1406.464,100.0,880.0,168.0,921.417,,,0.8397,0.1603,,False,on_map_at_end
632,car,753.0,,1047.0,,768.064,100.0,900.0,147.0,976.73,,,0.8596,0.1404,,False,on_map_at_end
635,car,754.0,,1046.0,,173.019,100.0,996.0,50.0,1025.449,,,0.9522,0.0478,,False,on_map_at_end
636,car,755.0,,1045.0,,310.512,100.0,938.0,107.0,1015.069,,,0.8976,0.1024,,False,on_map_at_end
637,car,755.0,,1045.0,,504.588,100.0,929.0,116.0,998.59,,,0.889,0.111,,False,on_map_at_end
638,car,756.0,,1044.0,,416.639,74.0,922.0,122.0,1006.502,,,0.8831,0.1169,,False,on_map_at_end
64,truck,111.0,,1689.0,,1162.039,85.0,1466.0,223.0,1550.345,,,0.868,0.132,,False,on_map_at_end
641,car,762.0,,1038.0,,1368.165,86.0,801.0,237.0,911.531,,,0.7717,0.2283,,False,on_map_at_end
642,car,763.0,,1037.0,,438.394,100.0,907.0,130.0,997.544,,,0.8746,0.1254,,False,on_map_at_end
643,car,765.0,,1035.0,,1013.017,100.0,806.0,229.0,928.753,,,0.7787,0.2213,,False,on_map_at_end
644,truck,765.0,,1035.0,,956.724,100.0,878.0,157.0,880.489,,,0.8483,0.1517,,False,on_map_at_end
645,car,766.0,,1034.0,,74.914,82.0,967.0,67.0,1000.258,,,0.9352,0.0648,,False,on_map_at_end
646,car,767.0,,1033.0,,569.403,100.0,874.0,159.0,966.86,,,0.8461,0.1539,,False,on_map_at_end
647,car,767.0,,1033.0,,346.683,100.0,922.0,111.0,1001.16,,,0.8925,0.1075,,False,on_map_at_end
648,car,768.0,,1032.0,,1436.162,100.0,784.0,248.0,883.014,,,0.7597,0.2403,,False,on_map_at_end
650,car,769.0,,1031.0,,436.287,100.0,928.0,103.0,978.479,,,0.9001,0.0999,,False,on_map_at_end
651,car,769.0,,1031.0,,820.297,100.0,874.0,157.0,956.883,,,0.8477,0.1523,,False,on_map_at_end
653,car,771.0,,1029.0,,1360.664,86.0,804.0,225.0,904.264,,,0.7813,0.2187,,False,on_map_at_end
655,car,771.0,,1029.0,,430.893,100.0,896.0,133.0,990.219,,,0.8707,0.1293,,False,on_map_at_end
656,car,772.0,,1028.0,,1353.163,83.0,793.0,235.0,905.659,,,0.7714,0.2286,,False,on_map_at_end
657,car,772.0,,1028.0,,1984.815,94.0,779.0,249.0,848.264,,,0.7578,0.2422,,False,on_map_at_end
658,car,772.0,,1028.0,,1398.963,99.0,860.0,168.0,902.092,,,0.8366,0.1634,,False,on_map_at_end
659,truck,773.0,,1027.0,,423.285,100.0,917.0,110.0,975.391,,,0.8929,0.1071,,False,on_map_at_end
660,car,775.0,,1025.0,,258.555,100.0,934.0,91.0,1001.73,,,0.9112,0.0888,,False,on_map_at_end
661,car,775.0,,1025.0,,75.525,100.0,947.0,78.0,1018.203,,,0.9239,0.0761,,False,on_map_at_end
662,car,776.0,,1024.0,,754.996,63.0,788.0,236.0,841.085,,,0.7695,0.2305,,False,on_map_at_end
663,car,780.0,,1020.0,,273.557,100.0,916.0,104.0,995.38,,,0.898,0.102,,False,on_map_at_end
664,truck,780.0,,1020.0,,402.171,100.0,882.0,138.0,952.87,,,0.8647,0.1353,,False,on_map_at_end
665,car,780.0,,1020.0,,467.082,100.0,893.0,127.0,977.065,,,0.8755,0.1245,,False,on_map_at_end
666,car,780.0,,1020.0,,1686.969,100.0,744.0,276.0,867.839,,,0.7294,0.2706,,False,on_map_at_end
667,car,781.0,,1019.0,,561.902,100.0,855.0,164.0,952.858,,,0.8391,0.1609,,False,on_map_at_end
668,car,781.0,,1019.0,,1267.511,100.0,775.0,244.0,895.336,,,0.7605,0.2395,,False,on_map_at_end
669,truck,781.0,,1019.0,,62.523,100.0,938.0,81.0,1011.494,,,0.9205,0.0795,,False,on_map_at_end
670,car,781.0,,1019.0,,837.89,96.0,864.0,155.0,910.957,,,0.8479,0.1521,,False,on_map_at_end
671,car,782.0,,1018.0,,68.023,100.0,912.0,106.0,1011.878,,,0.8959,0.1041,,False,on_map_at_end
672,car,782.0,,1018.0,,1006.44,81.0,848.0,170.0,921.587,,,0.833,0.167,,False,on_map_at_end
674,truck,783.0,,1017.0,,1395.964,83.0,767.0,250.0,849.417,,,0.7542,0.2458,,False,on_map_at_end
675,car,783.0,,1017.0,,415.784,100.0,907.0,110.0,974.646,,,0.8918,0.1082,,False,on_map_at_end
676,car,784.0,,1016.0,,408.283,100.0,882.0,134.0,948.207,,,0.8681,0.1319,,False,on_map_at_end
677,car,787.0,,1013.0,,1611.096,100.0,719.0,294.0,819.963,,,0.7098,0.2902,,False,on_map_at_end
678,car,788.0,,1012.0,,60.879,87.0,948.0,64.0,979.521,,,0.9368,0.0632,,False,on_map_at_end
679,truck,789.0,,1011.0,,251.834,100.0,889.0,122.0,979.817,,,0.8793,0.1207,,False,on_map_at_end
68,car,118.0,,1682.0,,1801.317,89.0,1448.0,234.0,1520.243,,,0.8609,0.1391,,False,on_map_at_end
681,car,791.0,,1009.0,,1607.259,100.0,807.0,202.0,863.53,,,0.7998,0.2002,,False,on_map_at_end
682,car,791.0,,1009.0,,822.204,100.0,890.0,119.0,933.546,,,0.8821,0.1179,,False,on_map_at_end
683,car,791.0,,1009.0,,60.522,100.0,907.0,102.0,1003.553,,,0.8989,0.1011,,False,on_map_at_end
684,truck,792.0,,1008.0,,813.111,100.0,820.0,188.0,901.356,,,0.8135,0.1865,,False,on_map_at_end
685,car,793.0,,1007.0,,1408.966,88.0,799.0,208.0,880.192,,,0.7934,0.2066,,False,on_map_at_end
686,car,793.0,,1007.0,,459.581,100.0,888.0,119.0,965.299,,,0.8818,0.1182,,False,on_map_at_end
688,car,795.0,,1005.0,,299.049,95.0,942.0,63.0,978.085,,,0.9373,0.0627,,False,on_map_at_end
689,truck,795.0,,1005.0,,700.04,100.0,833.0,172.0,918.977,,,0.8289,0.1711,,False,on_map_at_end
69,truck,123.0,,1677.0,,1447.109,100.0,1356.0,321.0,1503.277,,,0.8086,0.1914,,False,on_map_at_end
690,car,796.0,,1004.0,,989.229,100.0,861.0,143.0,913.354,,,0.8576,0.1424,,False,on_map_at_end
691,car,798.0,,1002.0,,325.478,92.0,925.0,77.0,972.224,,,0.9232,0.0768,,False,on_map_at_end
692,car,798.0,,1002.0,,546.9,99.0,836.0,166.0,940.329,,,0.8343,0.1657,,False,on_map_at_end
693,car,798.0,,1002.0,,978.004,100.0,805.0,197.0,911.175,,,0.8034,0.1966,,False,on_map_at_end
694,truck,801.0,,999.0,,1836.109,100.0,726.0,273.0,778.36,,,0.7267,0.2733,,False,on_map_at_end
695,car,802.0,,998.0,,799.769,100.0,819.0,179.0,925.615,,,0.8206,0.1794,,False,on_map_at_end
697,car,803.0,,997.0,,1022.738,95.0,863.0,134.0,905.062,,,0.8656,0.1344,,False,on_map_at_end
698,car,803.0,,997.0,,243.932,100.0,942.0,55.0,975.046,,,0.9448,0.0552,,False,on_map_at_end
70,car,128.0,,1672.0,,1293.754,98.0,1455.0,217.0,1507.172,,,0.8702,0.1298,,False,on_map_at_end
700,car,1034.0,,766.0,,53.021,100.0,674.0,92.0,761.228,,,0.8799,0.1201,,False,on_map_at_end
701,car,805.0,,995.0,,442.138,100.0,847.0,148.0,954.593,,,0.8513,0.1487,,False,on_map_at_end
702,car,805.0,,995.0,,423.392,100.0,863.0,132.0,956.894,,,0.8673,0.1327,,False,on_map_at_end
703,car,805.0,,995.0,,394.67,100.0,845.0,150.0,921.082,,,0.8492,0.1508,,False,on_map_at_end
704,truck,806.0,,994.0,,86.312,100.0,886.0,108.0,983.453,,,0.8913,0.1087,,False,on_map_at_end
705,car,807.0,,993.0,,165.518,100.0,942.0,51.0,975.029,,,0.9486,0.0514,,False,on_map_at_end
706,car,807.0,,993.0,,945.001,100.0,833.0,160.0,891.232,,,0.8389,0.1611,,False,on_map_at_end
707,car,808.0,,992.0,,415.891,100.0,856.0,136.0,954.569,,,0.8629,0.1371,,False,on_map_at_end
708,car,809.0,,991.0,,331.93,100.0,879.0,112.0,960.156,,,0.887,0.113,,False,on_map_at_end
709,truck,809.0,,991.0,,381.669,100.0,836.0,155.0,920.421,,,0.8436,0.1564,,False,on_map_at_end
710,car,809.0,,991.0,,792.268,100.0,808.0,183.0,918.821,,,0.8153,0.1847,,False,on_map_at_end
711,car,809.0,,991.0,,408.389,100.0,852.0,139.0,954.245,,,0.8597,0.1403,,False,on_map_at_end
712,car,811.0,,989.0,,400.888,100.0,844.0,145.0,952.92,,,0.8534,0.1466,,False,on_map_at_end
714,truck,811.0,,989.0,,422.907,73.0,879.0,110.0,937.984,,,0.8888,0.1112,,False,on_map_at_end
716,car,816.0,,984.0,,58.961,100.0,872.0,112.0,978.693,,,0.8862,0.1138,,False,on_map_at_end
718,car,812.0,,988.0,,1338.401,92.0,795.0,193.0,859.253,,,0.8047,0.1953,,False,on_map_at_end
721,car,815.0,,985.0,,374.167,100.0,831.0,154.0,923.626,,,0.8437,0.1563,,False,on_map_at_end
722,car,817.0,,983.0,,366.666,100.0,825.0,158.0,920.217,,,0.8393,0.1607,,False,on_map_at_end
723,car,815.0,,985.0,,275.662,100.0,875.0,110.0,939.748,,,0.8883,0.1117,,False,on_map_at_end
724,truck,816.0,,984.0,,766.988,100.0,840.0,144.0,891.592,,,0.8537,0.1463,,False,on_map_at_end
725,car,816.0,,984.0,,158.016,100.0,926.0,58.0,963.207,,,0.9411,0.0589,,False,on_map_at_end
727,car,818.0,,982.0,,486.656,85.0,842.0,140.0,937.466,,,0.8574,0.1426,,False,on_map_at_end
728,car,822.0,,978.0,,393.387,100.0,839.0,139.0,942.595,,,0.8579,0.1421,,False,on_map_at_end
730,car,823.0,,977.0,,1408.549,96.0,715.0,262.0,850.229,,,0.7318,0.2682,,False,on_map_at_end
731,car,823.0,,977.0,,479.154,85.0,831.0,146.0,932.427,,,0.8506,0.1494,,False,on_map_at_end
732,car,823.0,,977.0,,385.886,97.0,836.0,141.0,942.27,,,0.8557,0.1443,,False,on_map_at_end
733,car,824.0,,976.0,,1917.078,83.0,574.0,402.0,799.003,,,0.5881,0.4119,,False,on_map_at_end
734,truck,824.0,,976.0,,108.203,100.0,924.0,52.0,964.331,,,0.9467,0.0533,,False,on_map_at_end
736,car,825.0,,975.0,,379.667,87.0,858.0,117.0,940.438,,,0.88,0.12,,False,on_map_at_end
737,car,825.0,,975.0,,537.707,100.0,846.0,129.0,906.279,,,0.8677,0.1323,,False,on_map_at_end
738,car,826.0,,974.0,,805.295,100.0,832.0,142.0,901.314,,,0.8542,0.1458,,False,on_map_at_end
739,truck,836.0,,964.0,,91.35,100.0,941.0,23.0,953.034,,,0.9761,0.0239,,False,on_map_at_end
74,truck,134.0,,1666.0,,786.598,100.0,1525.0,141.0,1570.889,,,0.9154,0.0846,,False,on_map_at_end
740,car,829.0,,971.0,,1753.046,96.0,730.0,241.0,804.583,,,0.7518,0.2482,,False,on_map_at_end
741,car,830.0,,970.0,,1320.692,82.0,668.0,302.0,726.253,,,0.6887,0.3113,,False,on_map_at_end
742,car,830.0,,970.0,,522.637,90.0,873.0,97.0,922.962,,,0.9,0.1,,False,on_map_at_end
743,car,831.0,,969.0,,378.385,95.0,829.0,140.0,934.945,,,0.8555,0.1445,,False,on_map_at_end
744,truck,831.0,,969.0,,1355.385,55.0,732.0,237.0,805.855,,,0.7554,0.2446,,False,on_map_at_end
745,car,831.0,,969.0,,229.331,100.0,847.0,122.0,945.179,,,0.8741,0.1259,,False,on_map_at_end
746,car,832.0,,968.0,,1547.928,100.0,761.0,207.0,821.957,,,0.7862,0.2138,,False,on_map_at_end
747,car,834.0,,966.0,,518.896,89.0,808.0,158.0,916.401,,,0.8364,0.1636,,False,on_map_at_end
749,truck,836.0,,964.0,,645.732,97.0,795.0,169.0,885.997,,,0.8247,0.1753,,False,on_map_at_end
750,car,837.0,,963.0,,488.892,79.0,812.0,151.0,907.164,,,0.8432,0.1568,,False,on_map_at_end
751,car,839.0,,961.0,,1323.158,74.0,767.0,194.0,840.563,,,0.7981,0.2019,,False,on_map_at_end
752,car,839.0,,961.0,,481.391,76.0,796.0,165.0,906.57,,,0.8283,0.1717,,False,on_map_at_end
753,car,840.0,,960.0,,857.156,89.0,817.0,143.0,879.266,,,0.851,0.149,,False,on_map_at_end
755,car,841.0,,959.0,,1308.587,100.0,698.0,261.0,840.694,,,0.7278,0.2722,,False,on_map_at_end
756,car,841.0,,959.0,,86.605,90.0,911.0,48.0,924.205,,,0.9499,0.0501,,False,on_map_at_end
757,car,842.0,,958.0,,359.165,100.0,806.0,152.0,891.847,,,0.8413,0.1587,,False,on_map_at_end
76,car,136.0,,1664.0,,1902.879,100.0,1321.0,343.0,1492.648,,,0.7939,0.2061,,False,on_map_at_end
760,car,844.0,,956.0,,415.056,72.0,855.0,101.0,917.842,,,0.8944,0.1056,,False,on_map_at_end
761,car,845.0,,955.0,,370.884,93.0,819.0,136.0,921.62,,,0.8576,0.1424,,False,on_map_at_end
762,car,845.0,,955.0,,150.515,100.0,898.0,57.0,937.158,,,0.9403,0.0597,,False,on_map_at_end
763,car,845.0,,955.0,,669.646,39.0,856.0,99.0,868.864,,,0.8963,0.1037,,False,on_map_at_end
764,truck,846.0,,954.0,,1378.461,91.0,737.0,217.0,788.518,,,0.7725,0.2275,,False,on_map_at_end
765,car,847.0,,953.0,,1393.156,85.0,623.0,330.0,798.35,,,0.6537,0.3463,,False,on_map_at_end
766,car,847.0,,953.0,,363.383,90.0,812.0,141.0,920.295,,,0.852,0.148,,False,on_map_at_end
767,car,849.0,,951.0,,60.206,89.0,890.0,61.0,946.121,,,0.9359,0.0641,,False,on_map_at_end
768,car,849.0,,951.0,,298.89,100.0,878.0,73.0,923.75,,,0.9232,0.0768,,False,on_map_at_end
769,truck,849.0,,951.0,,985.938,78.0,750.0,201.0,832.19,,,0.7886,0.2114,,False,on_map_at_end
77,car,137.0,,1663.0,,301.153,100.0,1521.0,142.0,1636.436,,,0.9146,0.0854,,False,on_map_at_end
770,car,850.0,,950.0,,935.368,96.0,779.0,171.0,857.106,,,0.82,0.18,,False,on_map_at_end
771,car,851.0,,949.0,,355.881,87.0,808.0,141.0,916.97,,,0.8514,0.1486,,False,on_map_at_end
772,car,970.0,,830.0,,672.307,61.0,601.0,229.0,643.146,,,0.7241,0.2759,,False,on_map_at_end
773,car,851.0,,949.0,,214.329,97.0,823.0,126.0,924.784,,,0.8672,0.1328,,False,on_map_at_end
774,truck,853.0,,947.0,,201.327,93.0,815.0,132.0,922.777,,,0.8606,0.1394,,False,on_map_at_end
775,car,854.0,,946.0,,351.664,100.0,795.0,151.0,882.484,,,0.8404,0.1596,,False,on_map_at_end
776,car,1338.0,,462.0,,45.52,100.0,385.0,77.0,457.903,,,0.8333,0.1667,,False,on_map_at_end
779,truck,856.0,,944.0,,1859.07,74.0,496.0,448.0,720.415,,,0.5254,0.4746,,False,on_map_at_end
781,car,856.0,,944.0,,1875.182,77.0,542.0,402.0,774.64,,,0.5742,0.4258,,False,on_map_at_end
782,car,858.0,,942.0,,1390.157,79.0,603.0,339.0,792.66,,,0.6401,0.3599,,False,on_map_at_end
784,truck,861.0,,939.0,,1594.258,100.0,690.0,249.0,747.393,,,0.7348,0.2652,,False,on_map_at_end
785,car,861.0,,939.0,,1391.462,96.0,769.0,170.0,813.767,,,0.819,0.181,,False,on_map_at_end
787,car,861.0,,939.0,,344.163,100.0,792.0,147.0,881.236,,,0.8435,0.1565,,False,on_map_at_end
789,truck,863.0,,937.0,,480.831,96.0,783.0,154.0,876.517,,,0.8356,0.1644,,False,on_map_at_end
79,truck,140.0,,1660.0,,768.979,100.0,1515.0,145.0,1565.52,,,0.9127,0.0873,,False,on_map_at_end
790,car,1345.0,,455.0,,38.019,100.0,385.0,70.0,451.578,,,0.8462,0.1538,,False,on_map_at_end
791,car,866.0,,934.0,,336.662,100.0,783.0,151.0,872.471,,,0.8383,0.1617,,False,on_map_at_end
792,car,867.0,,933.0,,1586.757,100.0,684.0,249.0,789.721,,,0.7331,0.2669,,False,on_map_at_end
793,car,869.0,,931.0,,727.699,100.0,753.0,178.0,860.897,,,0.8088,0.1912,,False,on_map_at_end
794,truck,869.0,,931.0,,694.396,91.0,783.0,148.0,803.336,,,0.841,0.159,,False,on_map_at_end
795,car,873.0,,927.0,,978.437,79.0,746.0,181.0,831.13,,,0.8047,0.1953,,False,on_map_at_end
796,car,873.0,,927.0,,393.281,100.0,815.0,112.0,889.373,,,0.8792,0.1208,,False,on_map_at_end
798,car,877.0,,923.0,,790.293,100.0,802.0,121.0,851.653,,,0.8689,0.1311,,False,on_map_at_end
799,truck,877.0,,923.0,,380.28,100.0,801.0,122.0,875.768,,,0.8678,0.1322,,False,on_map_at_end
80,car,142.0,,1658.0,,2200.542,100.0,1380.0,278.0,1449.28,,,0.8323,0.1677,,False,on_map_at_end
803,car,881.0,,919.0,,629.029,100.0,773.0,146.0,862.387,,,0.8411,0.1589,,False,on_map_at_end
804,truck,881.0,,919.0,,1160.911,98.0,702.0,217.0,779.202,,,0.7639,0.2361,,False,on_map_at_end
805,car,881.0,,919.0,,246.156,100.0,823.0,96.0,896.846,,,0.8955,0.1045,,False,on_map_at_end
807,car,883.0,,917.0,,684.269,85.0,817.0,100.0,851.535,,,0.8909,0.1091,,False,on_map_at_end
809,truck,890.0,,910.0,,258.044,84.0,814.0,96.0,879.022,,,0.8945,0.1055,,False,on_map_at_end
811,car,886.0,,914.0,,1579.256,100.0,673.0,241.0,771.225,,,0.7363,0.2637,,False,on_map_at_end
812,car,887.0,,913.0,,1251.478,100.0,736.0,177.0,799.077,,,0.8061,0.1939,,False,on_map_at_end
813,car,887.0,,913.0,,348.38,84.0,775.0,138.0,881.645,,,0.8488,0.1512,,False,on_map_at_end
814,truck,890.0,,910.0,,433.827,100.0,544.0,366.0,560.286,,,0.5978,0.4022,,False,on_map_at_end
815,car,890.0,,910.0,,329.161,100.0,764.0,146.0,856.742,,,0.8396,0.1604,,False,on_map_at_end
816,car,890.0,,910.0,,890.469,85.0,615.0,295.0,822.471,,,0.6758,0.3242,,False,on_map_at_end
818,car,891.0,,909.0,,148.819,75.0,815.0,94.0,892.866,,,0.8966,0.1034,,False,on_map_at_end
82,car,145.0,,1655.0,,761.478,100.0,1500.0,155.0,1578.069,,,0.9063,0.0937,,False,on_map_at_end
822,car,891.0,,909.0,,1897.449,73.0,482.0,427.0,735.282,,,0.5303,0.4697,,False,on_map_at_end
825,car,894.0,,906.0,,340.879,82.0,770.0,136.0,875.321,,,0.8499,0.1501,,False,on_map_at_end
826,car,895.0,,905.0,,321.659,100.0,755.0,150.0,846.575,,,0.8343,0.1657,,False,on_map_at_end
827,car,897.0,,903.0,,707.197,100.0,704.0,199.0,824.359,,,0.7796,0.2204,,False,on_map_at_end
828,car,898.0,,902.0,,555.879,81.0,776.0,126.0,850.074,,,0.8603,0.1397,,False,on_map_at_end
829,truck,899.0,,901.0,,760.948,100.0,704.0,197.0,809.529,,,0.7814,0.2186,,False,on_map_at_end
830,car,899.0,,901.0,,530.206,100.0,780.0,121.0,834.954,,,0.8657,0.1343,,False,on_map_at_end
831,car,899.0,,901.0,,30.805,100.0,835.0,66.0,897.718,,,0.9267,0.0733,,False,on_map_at_end
832,car,901.0,,899.0,,860.953,93.0,754.0,145.0,821.513,,,0.8387,0.1613,,False,on_map_at_end
833,car,901.0,,899.0,,333.378,78.0,755.0,144.0,866.623,,,0.8398,0.1602,,False,on_map_at_end
834,truck,902.0,,898.0,,344.162,73.0,785.0,113.0,856.325,,,0.8742,0.1258,,False,on_map_at_end
835,car,902.0,,898.0,,1169.476,80.0,555.0,343.0,771.959,,,0.618,0.382,,False,on_map_at_end
836,car,1353.0,,447.0,,30.518,100.0,381.0,66.0,444.253,,,0.8523,0.1477,,False,on_map_at_end
838,car,903.0,,897.0,,1228.657,82.0,562.0,335.0,782.522,,,0.6265,0.3735,,False,on_map_at_end
839,truck,903.0,,897.0,,1397.146,73.0,505.0,392.0,722.632,,,0.563,0.437,,False,on_map_at_end
84,truck,150.0,,1650.0,,1424.579,100.0,1389.0,261.0,1478.791,,,0.8418,0.1582,,False,on_map_at_end
840,car,904.0,,896.0,,1899.453,69.0,481.0,415.0,721.212,,,0.5368,0.4632,,False,on_map_at_end
841,car,904.0,,896.0,,103.468,100.0,838.0,58.0,832.688,,,0.9353,0.0647,,False,on_map_at_end
843,car,905.0,,895.0,,1947.676,100.0,637.0,258.0,718.52,,,0.7117,0.2883,,False,on_map_at_end
844,truck,905.0,,895.0,,445.651,70.0,776.0,119.0,840.842,,,0.867,0.133,,False,on_map_at_end
845,car,905.0,,895.0,,1108.998,100.0,726.0,169.0,778.667,,,0.8112,0.1888,,False,on_map_at_end
847,car,907.0,,893.0,,339.447,98.0,803.0,90.0,817.82,,,0.8992,0.1008,,False,on_map_at_end
850,car,909.0,,891.0,,974.117,94.0,713.0,178.0,803.329,,,0.8002,0.1998,,False,on_map_at_end
851,car,910.0,,890.0,,314.158,100.0,743.0,147.0,835.528,,,0.8348,0.1652,,False,on_map_at_end
853,car,1373.0,,427.0,,23.017,100.0,376.0,51.0,424.928,,,0.8806,0.1194,,False,on_map_at_end
855,car,912.0,,888.0,,457.233,83.0,769.0,119.0,840.516,,,0.866,0.134,,False,on_map_at_end
857,car,913.0,,887.0,,133.817,77.0,817.0,70.0,872.264,,,0.9211,0.0789,,False,on_map_at_end
858,car,914.0,,886.0,,1571.754,100.0,666.0,220.0,743.796,,,0.7517,0.2483,,False,on_map_at_end
860,car,920.0,,880.0,,384.179,93.0,798.0,82.0,845.424,,,0.9068,0.0932,,False,on_map_at_end
861,car,915.0,,885.0,,1421.992,100.0,656.0,229.0,727.531,,,0.7412,0.2588,,False,on_map_at_end
862,car,915.0,,885.0,,720.636,100.0,731.0,154.0,820.142,,,0.826,0.174,,False,on_map_at_end
863,car,915.0,,885.0,,306.657,100.0,733.0,152.0,836.35,,,0.8282,0.1718,,False,on_map_at_end
864,truck,925.0,,875.0,,1558.753,100.0,612.0,263.0,687.598,,,0.6994,0.3006,,False,on_map_at_end
865,car,918.0,,882.0,,68.481,95.0,838.0,44.0,848.837,,,0.9501,0.0499,,False,on_map_at_end
866,car,919.0,,881.0,,1388.463,83.0,675.0,206.0,756.037,,,0.7662,0.2338,,False,on_map_at_end
867,car,929.0,,871.0,,1551.252,97.0,605.0,266.0,730.983,,,0.6946,0.3054,,False,on_map_at_end
868,car,919.0,,881.0,,1287.131,76.0,520.0,361.0,753.286,,,0.5902,0.4098,,False,on_map_at_end
869,truck,919.0,,881.0,,1344.957,83.0,663.0,218.0,719.541,,,0.7526,0.2474,,False,on_map_at_end
870,car,920.0,,880.0,,53.378,82.0,802.0,78.0,848.196,,,0.9114,0.0886,,False,on_map_at_end
871,car,920.0,,880.0,,807.202,90.0,704.0,176.0,800.061,,,0.8,0.2,,False,on_map_at_end
872,car,922.0,,878.0,,2199.684,89.0,596.0,282.0,665.982,,,0.6788,0.3212,,False,on_map_at_end
875,car,922.0,,878.0,,258.554,100.0,775.0,103.0,854.73,,,0.8827,0.1173,,False,on_map_at_end
876,car,922.0,,878.0,,143.014,100.0,832.0,46.0,860.004,,,0.9476,0.0524,,False,on_map_at_end
878,car,933.0,,867.0,,376.677,89.0,783.0,84.0,833.099,,,0.9031,0.0969,,False,on_map_at_end
879,truck,924.0,,876.0,,1355.335,98.0,664.0,212.0,713.264,,,0.758,0.242,,False,on_map_at_end
88,car,166.0,,1634.0,,1804.727,100.0,1408.0,226.0,1462.076,,,0.8617,0.1383,,False,on_map_at_end
882,car,925.0,,875.0,,764.189,100.0,770.0,105.0,805.637,,,0.88,0.12,,False,on_map_at_end
883,car,925.0,,875.0,,1657.356,86.0,641.0,234.0,711.512,,,0.7326,0.2674,,False,on_map_at_end
884,truck,926.0,,874.0,,195.649,100.0,765.0,109.0,850.513,,,0.8753,0.1247,,False,on_map_at_end
885,car,927.0,,873.0,,705.634,100.0,713.0,160.0,809.492,,,0.8167,0.1833,,False,on_map_at_end
886,car,927.0,,873.0,,1370.96,89.0,691.0,182.0,749.612,,,0.7915,0.2085,,False,on_map_at_end
887,car,928.0,,872.0,,963.434,77.0,702.0,170.0,783.186,,,0.805,0.195,,False,on_map_at_end
888,car,1653.0,,147.0,,15.515,100.0,113.0,34.0,145.604,,,0.7687,0.2313,,False,on_map_at_end
889,truck,928.0,,872.0,,754.006,100.0,725.0,147.0,777.508,,,0.8314,0.1686,,False,on_map_at_end
890,car,932.0,,868.0,,325.877,75.0,726.0,142.0,838.671,,,0.8364,0.1636,,False,on_map_at_end
891,car,932.0,,868.0,,1380.962,83.0,653.0,215.0,743.712,,,0.7523,0.2477,,False,on_map_at_end
893,car,932.0,,868.0,,1328.514,79.0,540.0,328.0,748.433,,,0.6221,0.3779,,False,on_map_at_end
894,truck,933.0,,867.0,,243.052,100.0,751.0,116.0,837.822,,,0.8662,0.1338,,False,on_map_at_end
898,car,934.0,,866.0,,2192.139,88.0,584.0,282.0,662.15,,,0.6744,0.3256,,False,on_map_at_end
899,truck,935.0,,865.0,,476.132,81.0,736.0,129.0,807.841,,,0.8509,0.1491,,False,on_map_at_end
9,truck,12.0,,1788.0,,1426.468,100.0,1555.0,233.0,1617.444,,,0.8697,0.1303,,False,on_map_at_end
900,car,935.0,,865.0,,474.575,76.0,736.0,129.0,819.109,,,0.8509,0.1491,,False,on_map_at_end
901,car,935.0,,865.0,,424.077,91.0,718.0,147.0,825.882,,,0.8301,0.1699,,False,on_map_at_end
902,car,936.0,,864.0,,1337.456,80.0,656.0,208.0,743.628,,,0.7593,0.2407,,False,on_map_at_end
903,car,936.0,,864.0,,667.275,100.0,753.0,111.0,759.555,,,0.8715,0.1285,,False,on_map_at_end
905,car,938.0,,862.0,,1020.193,77.0,531.0,331.0,761.472,,,0.616,0.384,,False,on_map_at_end
906,car,938.0,,862.0,,126.314,76.0,788.0,74.0,846.873,,,0.9142,0.0858,,False,on_map_at_end
907,car,939.0,,861.0,,597.43,100.0,687.0,174.0,791.011,,,0.7979,0.2021,,False,on_map_at_end
909,truck,939.0,,861.0,,253.979,100.0,758.0,103.0,830.51,,,0.8804,0.1196,,False,on_map_at_end
910,car,939.0,,861.0,,1044.709,100.0,731.0,130.0,730.221,,,0.849,0.151,,False,on_map_at_end
911,car,941.0,,859.0,,318.945,90.0,776.0,83.0,785.491,,,0.9034,0.0966,,False,on_map_at_end
912,car,942.0,,858.0,,373.019,89.0,777.0,81.0,824.428,,,0.9056,0.0944,,False,on_map_at_end
913,car,942.0,,858.0,,188.148,100.0,749.0,109.0,841.067,,,0.873,0.127,,False,on_map_at_end
914,truck,943.0,,857.0,,54.714,93.0,811.0,46.0,823.432,,,0.9463,0.0537,,False,on_map_at_end
915,car,943.0,,857.0,,1373.461,80.0,646.0,211.0,733.387,,,0.7538,0.2462,,False,on_map_at_end
916,car,943.0,,857.0,,118.813,74.0,777.0,80.0,839.964,,,0.9067,0.0933,,False,on_map_at_end
917,car,943.0,,857.0,,318.376,73.0,715.0,142.0,828.346,,,0.8343,0.1657,,False,on_map_at_end
918,car,946.0,,854.0,,298.178,100.0,724.0,130.0,826.526,,,0.8478,0.1522,,False,on_map_at_end
919,truck,944.0,,856.0,,205.151,100.0,737.0,119.0,831.372,,,0.861,0.139,,False,on_map_at_end
92,car,175.0,,1625.0,,2285.219,100.0,1260.0,365.0,1419.392,,,0.7754,0.2246,,False,on_map_at_end
920,car,945.0,,855.0,,921.22,99.0,736.0,119.0,732.173,,,0.8608,0.1392,,False,on_map_at_end
921,car,945.0,,855.0,,111.312,73.0,770.0,85.0,842.557,,,0.9006,0.0994,,False,on_map_at_end
922,car,946.0,,854.0,,56.689,98.0,826.0,28.0,848.898,,,0.9672,0.0328,,False,on_map_at_end
923,car,949.0,,851.0,,310.875,71.0,709.0,142.0,823.021,,,0.8331,0.1669,,False,on_map_at_end
924,truck,949.0,,851.0,,1345.458,76.0,620.0,231.0,689.48,,,0.7286,0.2714,,False,on_map_at_end
927,car,949.0,,851.0,,45.877,80.0,775.0,76.0,819.871,,,0.9107,0.0893,,False,on_map_at_end
929,truck,951.0,,849.0,,1047.594,98.0,643.0,206.0,699.189,,,0.7574,0.2426,,False,on_map_at_end
93,car,176.0,,1624.0,,877.009,100.0,1471.0,153.0,1534.979,,,0.9058,0.0942,,False,on_map_at_end
930,car,951.0,,849.0,,1488.485,69.0,457.0,392.0,698.06,,,0.5383,0.4617,,False,on_map_at_end
931,car,952.0,,848.0,,420.815,100.0,703.0,145.0,803.878,,,0.829,0.171,,False,on_map_at_end
932,car,954.0,,846.0,,768.947,83.0,723.0,123.0,772.721,,,0.8546,0.1454,,False,on_map_at_end
933,car,954.0,,846.0,,799.701,89.0,683.0,163.0,768.537,,,0.8073,0.1927,,False,on_map_at_end
934,truck,955.0,,845.0,,657.035,100.0,661.0,184.0,766.124,,,0.7822,0.2178,,False,on_map_at_end
935,car,955.0,,845.0,,313.429,100.0,720.0,125.0,815.926,,,0.8521,0.1479,,False,on_map_at_end
936,car,956.0,,844.0,,284.473,82.0,748.0,96.0,817.965,,,0.8863,0.1137,,False,on_map_at_end
937,car,956.0,,844.0,,372.779,100.0,720.0,124.0,792.738,,,0.8531,0.1469,,False,on_map_at_end
938,car,956.0,,844.0,,1015.385,14.0,711.0,133.0,748.636,,,0.8424,0.1576,,False,on_map_at_end
942,car,1181.0,,619.0,,1096.013,90.0,439.0,180.0,509.244,,,0.7092,0.2908,,False,on_map_at_end
943,car,958.0,,842.0,,1696.723,100.0,614.0,228.0,688.472,,,0.7292,0.2708,,False,on_map_at_end
944,truck,959.0,,841.0,,437.719,90.0,744.0,97.0,787.071,,,0.8847,0.1153,,False,on_map_at_end
946,car,960.0,,840.0,,2634.117,87.0,528.0,312.0,598.497,,,0.6286,0.3714,,False,on_map_at_end
947,car,960.0,,840.0,,303.373,68.0,697.0,143.0,812.696,,,0.8298,0.1702,,False,on_map_at_end
948,car,964.0,,836.0,,1801.062,68.0,445.0,391.0,670.584,,,0.5323,0.4677,,False,on_map_at_end
95,car,181.0,,1619.0,,749.488,87.0,1485.0,134.0,1551.654,,,0.9172,0.0828,,False,on_map_at_end
950,car,963.0,,837.0,,197.65,100.0,720.0,117.0,819.211,,,0.8602,0.1398,,False,on_map_at_end
951,car,964.0,,836.0,,948.432,75.0,658.0,178.0,746.633,,,0.7871,0.2129,,False,on_map_at_end
952,car,964.0,,836.0,,103.81,72.0,753.0,83.0,822.392,,,0.9007,0.0993,,False,on_map_at_end
954,truck,965.0,,835.0,,413.076,100.0,692.0,143.0,784.974,,,0.8287,0.1713,,False,on_map_at_end
955,car,965.0,,835.0,,47.212,93.0,794.0,41.0,803.749,,,0.9509,0.0491,,False,on_map_at_end
956,car,965.0,,835.0,,1111.468,72.0,482.0,353.0,726.175,,,0.5772,0.4228,,False,on_map_at_end
957,car,966.0,,834.0,,468.631,82.0,726.0,108.0,791.823,,,0.8705,0.1295,,False,on_map_at_end
958,car,967.0,,833.0,,295.872,65.0,689.0,144.0,806.371,,,0.8271,0.1729,,False,on_map_at_end
959,truck,967.0,,833.0,,400.275,100.0,676.0,157.0,781.665,,,0.8115,0.1885,,False,on_map_at_end
960,car,968.0,,832.0,,175.215,100.0,722.0,110.0,816.23,,,0.8678,0.1322,,False,on_map_at_end
961,car,968.0,,832.0,,1365.96,78.0,629.0,203.0,709.062,,,0.756,0.244,,False,on_map_at_end
963,car,970.0,,830.0,,296.425,87.0,685.0,145.0,802.372,,,0.8253,0.1747,,False,on_map_at_end
964,truck,970.0,,830.0,,694.196,100.0,677.0,153.0,746.531,,,0.8157,0.1843,,False,on_map_at_end
965,car,973.0,,827.0,,1041.154,100.0,651.0,176.0,731.69,,,0.7872,0.2128,,False,on_map_at_end
966,car,973.0,,827.0,,430.218,85.0,723.0,104.0,779.151,,,0.8742,0.1258,,False,on_map_at_end
969,truck,975.0,,825.0,,359.778,100.0,702.0,123.0,781.758,,,0.8509,0.1491,,False,on_map_at_end
97,car,183.0,,1617.0,,1800.501,100.0,1275.0,342.0,1454.59,,,0.7885,0.2115,,False,on_map_at_end
971,car,977.0,,823.0,,160.212,100.0,710.0,113.0,808.581,,,0.8627,0.1373,,False,on_map_at_end
972,car,978.0,,822.0,,1358.459,78.0,625.0,197.0,699.737,,,0.7603,0.2397,,False,on_map_at_end
973,car,980.0,,820.0,,722.5,100.0,718.0,102.0,718.542,,,0.8756,0.1244,,False,on_map_at_end
974,truck,980.0,,820.0,,339.275,100.0,694.0,126.0,779.222,,,0.8463,0.1537,,False,on_map_at_end
975,car,981.0,,819.0,,299.156,100.0,663.0,156.0,755.25,,,0.8095,0.1905,,False,on_map_at_end
976,car,982.0,,818.0,,288.371,63.0,675.0,143.0,792.046,,,0.8252,0.1748,,False,on_map_at_end
977,car,982.0,,818.0,,415.909,84.0,718.0,100.0,778.771,,,0.8778,0.1222,,False,on_map_at_end
979,truck,984.0,,816.0,,681.194,100.0,650.0,166.0,733.542,,,0.7966,0.2034,,False,on_map_at_end
98,car,184.0,,1616.0,,974.357,100.0,1345.0,271.0,1519.184,,,0.8323,0.1677,,False,on_map_at_end
980,car,984.0,,816.0,,1337.956,76.0,625.0,191.0,695.583,,,0.7659,0.2341,,False,on_map_at_end
981,car,984.0,,816.0,,1083.671,100.0,661.0,155.0,708.189,,,0.81,0.19,,False,on_map_at_end
982,car,985.0,,815.0,,1561.68,50.0,486.0,329.0,545.343,,,0.5963,0.4037,,False,on_map_at_end
983,car,1668.0,,132.0,,8.014,100.0,110.0,22.0,131.279,,,0.8333,0.1667,,False,on_map_at_end
984,truck,986.0,,814.0,,275.37,60.0,663.0,151.0,780.942,,,0.8145,0.1855,,False,on_map_at_end
986,car,987.0,,813.0,,38.376,81.0,741.0,72.0,788.546,,,0.9114,0.0886,,False,on_map_at_end
987,car,989.0,,811.0,,67.956,94.0,757.0,54.0,760.884,,,0.9334,0.0666,,False,on_map_at_end
988,car,989.0,,811.0,,267.869,58.0,658.0,153.0,786.892,,,0.8113,0.1887,,False,on_map_at_end
989,truck,990.0,,810.0,,217.04,80.0,710.0,100.0,783.945,,,0.8765,0.1235,,False,on_map_at_end
99,truck,187.0,,1613.0,,588.738,100.0,1499.0,114.0,1541.647,,,0.9293,0.0707,,False,on_map_at_end
990,car,990.0,,810.0,,1412.973,100.0,632.0,178.0,678.124,,,0.7802,0.2198,,False,on_map_at_end
991,car,991.0,,809.0,,1277.799,100.0,604.0,205.0,687.626,,,0.7466,0.2534,,False,on_map_at_end
992,car,1195.0,,605.0,,23.304,100.0,563.0,42.0,602.411,,,0.9306,0.0694,,False,on_map_at_end
993,truck,991.0,,809.0,,318.773,100.0,687.0,122.0,770.21,,,0.8492,0.1508,,False,on_map_at_end
994,car,991.0,,809.0,,369.167,83.0,729.0,80.0,775.775,,,0.9011,0.0989,,False,on_map_at_end
995,car,991.0,,809.0,,243.469,80.0,707.0,102.0,786.646,,,0.8739,0.1261,,False,on_map_at_end
997,car,992.0,,808.0,,379.677,100.0,652.0,156.0,766.147,,,0.8069,0.1931,,False,on_map_at_end
999,car,1220.0,,580.0,,309.432,100.0,545.0,35.0,552.601,,,0.9397,0.0603,,False,on_map_at_end
