episode:0/100, train_demand:raw_data/grid4x4/od_hubs/demand_set/train_00.rou.xml
step:1800/1800, q_loss:0, rewards:-9.067222764756945, queue:1.0010416666666666, delay:0.05030185381571452, throughput:678
episode:0/100, real avg travel time:209.46165191740414
intersection:0, mean_episode_reward:-0.11388889700174332, mean_queue:1.038888931274414
intersection:1, mean_episode_reward:-0.8949998617172241, mean_queue:1.9444444179534912
intersection:2, mean_episode_reward:-0.6594444513320923, mean_queue:1.6111111640930176
intersection:3, mean_episode_reward:0.1111110970377922, mean_queue:0.894444465637207
intersection:4, mean_episode_reward:-0.31611111760139465, mean_queue:2.0611112117767334
intersection:5, mean_episode_reward:-1.7027783393859863, mean_queue:2.594444513320923
intersection:6, mean_episode_reward:-1.6711112260818481, mean_queue:3.0333333015441895
intersection:7, mean_episode_reward:-0.25888895988464355, mean_queue:1.7666666507720947
intersection:8, mean_episode_reward:0.2727777659893036, mean_queue:1.8777778148651123
intersection:9, mean_episode_reward:-3.0394442081451416, mean_queue:3.9388887882232666
intersection:10, mean_episode_reward:-3.3877782821655273, mean_queue:3.5999999046325684
intersection:11, mean_episode_reward:-0.03499998152256012, mean_queue:1.4111111164093018
intersection:12, mean_episode_reward:0.6211112141609192, mean_queue:1.1888889074325562
intersection:13, mean_episode_reward:-0.592222273349762, mean_queue:2.405555486679077
intersection:14, mean_episode_reward:-1.1327776908874512, mean_queue:2.094444513320923
intersection:15, mean_episode_reward:0.9050000309944153, mean_queue:0.5722222328186035
intersection:16, mean_episode_reward:0.0027777778450399637, mean_queue:0.0
intersection:17, mean_episode_reward:0.2199999988079071, mean_queue:0.0
intersection:18, mean_episode_reward:0.36888888478279114, mean_queue:0.0
intersection:19, mean_episode_reward:0.37222227454185486, mean_queue:0.0
intersection:20, mean_episode_reward:0.3199999928474426, mean_queue:0.0
intersection:21, mean_episode_reward:0.07833333313465118, mean_queue:0.0
intersection:22, mean_episode_reward:0.043888889253139496, mean_queue:0.0
intersection:23, mean_episode_reward:0.0016666667070239782, mean_queue:0.0
intersection:24, mean_episode_reward:0.0011111111380159855, mean_queue:0.0
intersection:25, mean_episode_reward:0.028888888657093048, mean_queue:0.0
intersection:26, mean_episode_reward:0.32722219824790955, mean_queue:0.0
intersection:27, mean_episode_reward:0.3655555248260498, mean_queue:0.0
intersection:28, mean_episode_reward:0.31388887763023376, mean_queue:0.0
intersection:29, mean_episode_reward:0.3016667068004608, mean_queue:0.0
intersection:30, mean_episode_reward:0.09333332628011703, mean_queue:0.0
intersection:31, mean_episode_reward:-0.012222222052514553, mean_queue:0.0
HELDOUT episode:0/100, demand:raw_data/grid4x4/od_hubs/demand_set/hold_00.rou.xml, travel time:488.9343434343434, rewards:-103.85720486111111, queue:8.181076388888888, delay:0.1249487664964464, throughput:198
HELDOUT episode:0/100, demand:raw_data/grid4x4/od_hubs/demand_set/hold_01.rou.xml, travel time:520.3171806167401, rewards:-98.24110243055556, queue:8.47048611111111, delay:0.13165354198879667, throughput:227
HELDOUT episode:0/100, demand:raw_data/grid4x4/od_hubs/demand_set/hold_02.rou.xml, travel time:495.2705314009662, rewards:-90.01722005208333, queue:8.3109375, delay:0.13262516657511395, throughput:207
HELDOUT_MEAN episode:0/100, travel time:501.5073518173499 (n=3)
episode:1/100, train_demand:raw_data/grid4x4/od_hubs/demand_set/train_01.rou.xml
step:1800/1800, q_loss:0, rewards:-8.384442816840277, queue:1.1369791666666667, delay:0.0538171821170383, throughput:718
episode:1/100, real avg travel time:218.09610027855155
intersection:0, mean_episode_reward:1.5433334112167358, mean_queue:0.7055555582046509
intersection:1, mean_episode_reward:0.03166666999459267, mean_queue:2.155555486679077
intersection:2, mean_episode_reward:-0.2555556297302246, mean_queue:1.7777777910232544
intersection:3, mean_episode_reward:0.10888893157243729, mean_queue:1.2000000476837158
intersection:4, mean_episode_reward:0.3711110055446625, mean_queue:2.4944443702697754
intersection:5, mean_episode_reward:-3.564444065093994, mean_queue:3.9666666984558105
intersection:6, mean_episode_reward:-2.28055477142334, mean_queue:2.9666666984558105
intersection:7, mean_episode_reward:-0.2894444465637207, mean_queue:1.7944444417953491
intersection:8, mean_episode_reward:0.3894444704055786, mean_queue:2.566666603088379
intersection:9, mean_episode_reward:-2.7505555152893066, mean_queue:4.30555534362793
intersection:10, mean_episode_reward:-3.035555601119995, mean_queue:3.644444465637207
intersection:11, mean_episode_reward:-0.4483332633972168, mean_queue:1.9166666269302368
intersection:12, mean_episode_reward:-0.05444445461034775, mean_queue:1.350000023841858
intersection:13, mean_episode_reward:-0.9711110591888428, mean_queue:2.7444443702697754
intersection:14, mean_episode_reward:-0.45944446325302124, mean_queue:1.9888888597488403
intersection:15, mean_episode_reward:0.6666667461395264, mean_queue:0.8055555820465088
intersection:16, mean_episode_reward:0.0, mean_queue:0.0
intersection:17, mean_episode_reward:0.039444442838430405, mean_queue:0.0
intersection:18, mean_episode_reward:0.2566666603088379, mean_queue:0.0
intersection:19, mean_episode_reward:0.1805555522441864, mean_queue:0.0
intersection:20, mean_episode_reward:0.23888887465000153, mean_queue:0.0
intersection:21, mean_episode_reward:0.18833334743976593, mean_queue:0.0
intersection:22, mean_episode_reward:0.016111109405755997, mean_queue:0.0
intersection:23, mean_episode_reward:0.0011111111380159855, mean_queue:0.0
intersection:24, mean_episode_reward:0.002222222276031971, mean_queue:0.0
intersection:25, mean_episode_reward:0.06611111760139465, mean_queue:0.0
intersection:26, mean_episode_reward:0.29055553674697876, mean_queue:0.0
intersection:27, mean_episode_reward:0.20333331823349, mean_queue:0.0
intersection:28, mean_episode_reward:0.4261111319065094, mean_queue:0.0
intersection:29, mean_episode_reward:0.504444420337677, mean_queue:0.0
intersection:30, mean_episode_reward:0.21111108362674713, mean_queue:0.0
intersection:31, mean_episode_reward:-0.011111111380159855, mean_queue:0.0
episode:2/100, train_demand:raw_data/grid4x4/od_hubs/demand_set/train_02.rou.xml
step:1800/1800, q_loss:0, rewards:-9.653887261284723, queue:1.0164930555555556, delay:0.0523432731628418, throughput:732
episode:2/100, real avg travel time:205.2377049180328
intersection:0, mean_episode_reward:0.3755555748939514, mean_queue:1.2388888597488403
intersection:1, mean_episode_reward:-0.05888887867331505, mean_queue:1.2833333015441895
intersection:2, mean_episode_reward:-0.6150001287460327, mean_queue:1.538888931274414
intersection:3, mean_episode_reward:0.42666685581207275, mean_queue:0.8777777552604675
intersection:4, mean_episode_reward:0.18444448709487915, mean_queue:2.155555486679077
intersection:5, mean_episode_reward:-2.321110963821411, mean_queue:2.972222328186035
intersection:6, mean_episode_reward:-2.7072219848632812, mean_queue:3.105555534362793
intersection:7, mean_episode_reward:-0.3505554497241974, mean_queue:1.9833333492279053
intersection:8, mean_episode_reward:-0.4016667306423187, mean_queue:1.899999976158142
intersection:9, mean_episode_reward:-2.432777166366577, mean_queue:3.6222221851348877
intersection:10, mean_episode_reward:-2.9888885021209717, mean_queue:3.4111111164093018
intersection:11, mean_episode_reward:-0.3116666376590729, mean_queue:1.8333333730697632
intersection:12, mean_episode_reward:-0.0483333095908165, mean_queue:1.6555556058883667
intersection:13, mean_episode_reward:-0.2672222852706909, mean_queue:2.3777778148651123
intersection:14, mean_episode_reward:-1.0850000381469727, mean_queue:1.9888888597488403
intersection:15, mean_episode_reward:0.4772222340106964, mean_queue:0.5833333134651184
intersection:16, mean_episode_reward:0.0033333334140479565, mean_queue:0.0
intersection:17, mean_episode_reward:0.03222222253680229, mean_queue:0.0
intersection:18, mean_episode_reward:0.19833332300186157, mean_queue:0.0
intersection:19, mean_episode_reward:0.42777782678604126, mean_queue:0.0
intersection:20, mean_episode_reward:0.273333340883255, mean_queue:0.0
intersection:21, mean_episode_reward:0.06333333253860474, mean_queue:0.0
intersection:22, mean_episode_reward:0.12222222238779068, mean_queue:0.0
intersection:23, mean_episode_reward:0.0011111111380159855, mean_queue:0.0
intersection:24, mean_episode_reward:0.0033333334140479565, mean_queue:0.0
intersection:25, mean_episode_reward:0.048333339393138885, mean_queue:0.0
intersection:26, mean_episode_reward:0.378888875246048, mean_queue:0.0
intersection:27, mean_episode_reward:0.24944445490837097, mean_queue:0.0
intersection:28, mean_episode_reward:0.24666666984558105, mean_queue:0.0
intersection:29, mean_episode_reward:0.27888888120651245, mean_queue:0.0
intersection:30, mean_episode_reward:0.1411110907793045, mean_queue:0.0
intersection:31, mean_episode_reward:0.002222222276031971, mean_queue:0.0
episode:3/100, train_demand:raw_data/grid4x4/od_hubs/demand_set/train_03.rou.xml
step:1800/1800, q_loss:0, rewards:-10.643334282769096, queue:1.2237847222222222, delay:0.05665737787882487, throughput:783
episode:3/100, real avg travel time:216.5351213282248
intersection:0, mean_episode_reward:0.958888828754425, mean_queue:1.2944444417953491
intersection:1, mean_episode_reward:-0.7772219181060791, mean_queue:2.2444443702697754
intersection:2, mean_episode_reward:-0.9033339023590088, mean_queue:2.2055554389953613
intersection:3, mean_episode_reward:0.63777756690979, mean_queue:1.2000000476837158
intersection:4, mean_episode_reward:-0.8094444274902344, mean_queue:3.038888931274414
intersection:5, mean_episode_reward:-3.21333384513855, mean_queue:3.711111068725586
intersection:6, mean_episode_reward:-3.0994441509246826, mean_queue:4.3222222328186035
intersection:7, mean_episode_reward:0.4922221302986145, mean_queue:2.0222222805023193
intersection:8, mean_episode_reward:-0.5611110925674438, mean_queue:2.344444513320923
intersection:9, mean_episode_reward:-2.2933332920074463, mean_queue:3.577777862548828
intersection:10, mean_episode_reward:-3.2638893127441406, mean_queue:4.30555534362793
intersection:11, mean_episode_reward:-0.22055546939373016, mean_queue:1.9222222566604614
intersection:12, mean_episode_reward:0.5305556654930115, mean_queue:1.2666666507720947
intersection:13, mean_episode_reward:-0.6355554461479187, mean_queue:2.6777777671813965
intersection:14, mean_episode_reward:-1.2627778053283691, mean_queue:2.288888931274414
intersection:15, mean_episode_reward:0.6061111092567444, mean_queue:0.7388888597488403
intersection:16, mean_episode_reward:0.011111111380159855, mean_queue:0.0
intersection:17, mean_episode_reward:0.06277777254581451, mean_queue:0.0
intersection:18, mean_episode_reward:0.3355555832386017, mean_queue:0.0
intersection:19, mean_episode_reward:0.48666664958000183, mean_queue:0.0
intersection:20, mean_episode_reward:0.39222225546836853, mean_queue:0.0
intersection:21, mean_episode_reward:0.08944443613290787, mean_queue:0.0
intersection:22, mean_episode_reward:0.06111111119389534, mean_queue:0.0
intersection:23, mean_episode_reward:0.0, mean_queue:0.0
intersection:24, mean_episode_reward:0.004444444552063942, mean_queue:0.0
intersection:25, mean_episode_reward:0.014444444328546524, mean_queue:0.0
intersection:26, mean_episode_reward:0.2644444406032562, mean_queue:0.0
intersection:27, mean_episode_reward:0.3149999976158142, mean_queue:0.0
intersection:28, mean_episode_reward:0.5122222304344177, mean_queue:0.0
intersection:29, mean_episode_reward:0.5411110520362854, mean_queue:0.0
intersection:30, mean_episode_reward:0.09222222119569778, mean_queue:0.0
intersection:31, mean_episode_reward:-0.01166666578501463, mean_queue:0.0
episode:4/100, train_demand:raw_data/grid4x4/od_hubs/demand_set/train_04.rou.xml
step:1800/1800, q_loss:0, rewards:-8.157222493489583, queue:0.9876736111111111, delay:0.05142665969000922, throughput:689
episode:4/100, real avg travel time:206.51233671988388
intersection:0, mean_episode_reward:0.09333334863185883, mean_queue:1.1777777671813965
intersection:1, mean_episode_reward:-0.3622224032878876, mean_queue:2.1222221851348877
intersection:2, mean_episode_reward:0.1488889753818512, mean_queue:1.6777777671813965
intersection:3, mean_episode_reward:-0.07055548578500748, mean_queue:1.3388888835906982
intersection:4, mean_episode_reward:0.851111114025116, mean_queue:1.755555510520935
intersection:5, mean_episode_reward:-2.9844439029693604, mean_queue:3.5
intersection:6, mean_episode_reward:-2.1450002193450928, mean_queue:2.8499999046325684
intersection:7, mean_episode_reward:-0.45333319902420044, mean_queue:1.7000000476837158
intersection:8, mean_episode_reward:-0.13944454491138458, mean_queue:2.144444465637207
intersection:9, mean_episode_reward:-1.4333335161209106, mean_queue:2.9555554389953613
intersection:10, mean_episode_reward:-2.451111078262329, mean_queue:2.827777862548828
intersection:11, mean_episode_reward:-0.7022222876548767, mean_queue:1.8111110925674438
intersection:12, mean_episode_reward:0.4022221565246582, mean_queue:0.9833333492279053
intersection:13, mean_episode_reward:-1.3083332777023315, mean_queue:2.3611111640930176
intersection:14, mean_episode_reward:-0.9205555319786072, mean_queue:1.5833333730697632
intersection:15, mean_episode_reward:0.49111121892929077, mean_queue:0.8166666626930237
intersection:16, mean_episode_reward:0.004444444552063942, mean_queue:0.0
intersection:17, mean_episode_reward:0.0533333346247673, mean_queue:0.0
intersection:18, mean_episode_reward:0.1783333271741867, mean_queue:0.0
intersection:19, mean_episode_reward:0.13222220540046692, mean_queue:0.0
intersection:20, mean_episode_reward:0.46666666865348816, mean_queue:0.0
intersection:21, mean_episode_reward:0.18000000715255737, mean_queue:0.0
intersection:22, mean_episode_reward:0.19499999284744263, mean_queue:0.0
intersection:23, mean_episode_reward:0.0, mean_queue:0.0
intersection:24, mean_episode_reward:0.0038888887502253056, mean_queue:0.0
intersection:25, mean_episode_reward:0.07277777791023254, mean_queue:0.0
intersection:26, mean_episode_reward:0.41999998688697815, mean_queue:0.0
intersection:27, mean_episode_reward:0.3427777886390686, mean_queue:0.0
intersection:28, mean_episode_reward:0.370555579662323, mean_queue:0.0
intersection:29, mean_episode_reward:0.20888887345790863, mean_queue:0.0
intersection:30, mean_episode_reward:0.21277779340744019, mean_queue:0.0
intersection:31, mean_episode_reward:-0.015000000596046448, mean_queue:0.0
episode:5/100, train_demand:raw_data/grid4x4/od_hubs/demand_set/train_05.rou.xml
step:1800/1800, q_loss:0.9250487089157104, rewards:-17.650556098090277, queue:2.4529513888888888, delay:0.07707330915662977, throughput:584
episode:5/100, real avg travel time:255.17979452054794
intersection:0, mean_episode_reward:-0.8149998784065247, mean_queue:3.2833333015441895
intersection:1, mean_episode_reward:-2.3872230052948, mean_queue:4.483333110809326
intersection:2, mean_episode_reward:0.347222238779068, mean_queue:3.3111112117767334
intersection:3, mean_episode_reward:-2.2149999141693115, mean_queue:3.7166666984558105
intersection:4, mean_episode_reward:1.070555329322815, mean_queue:3.0999999046325684
intersection:5, mean_episode_reward:-4.103333473205566, mean_queue:5.988888740539551
intersection:6, mean_episode_reward:-3.8349995613098145, mean_queue:7.5722222328186035
intersection:7, mean_episode_reward:-0.5944443345069885, mean_queue:5.983333110809326
intersection:8, mean_episode_reward:2.195556163787842, mean_queue:2.9166667461395264
intersection:9, mean_episode_reward:-2.779444932937622, mean_queue:6.5722222328186035
intersection:10, mean_episode_reward:-5.757777690887451, mean_queue:7.355555534362793
intersection:11, mean_episode_reward:0.7272220849990845, mean_queue:5.077777862548828
intersection:12, mean_episode_reward:0.2572222054004669, mean_queue:4.583333492279053
intersection:13, mean_episode_reward:-6.145001411437988, mean_queue:9.505555152893066
intersection:14, mean_episode_reward:-1.4427770376205444, mean_queue:3.2055554389953613
intersection:15, mean_episode_reward:1.706666350364685, mean_queue:1.8388888835906982
intersection:16, mean_episode_reward:0.0033333334140479565, mean_queue:0.0
intersection:17, mean_episode_reward:0.04055555537343025, mean_queue:0.0
intersection:18, mean_episode_reward:0.44888895750045776, mean_queue:0.0
intersection:19, mean_episode_reward:0.18333333730697632, mean_queue:0.0
intersection:20, mean_episode_reward:0.9783333539962769, mean_queue:0.0
intersection:21, mean_episode_reward:0.2755555510520935, mean_queue:0.0
intersection:22, mean_episode_reward:0.011111111380159855, mean_queue:0.0
intersection:23, mean_episode_reward:0.004444444552063942, mean_queue:0.0
intersection:24, mean_episode_reward:0.0, mean_queue:0.0
intersection:25, mean_episode_reward:0.5594444870948792, mean_queue:0.0
intersection:26, mean_episode_reward:0.5511111617088318, mean_queue:0.0
intersection:27, mean_episode_reward:1.0183333158493042, mean_queue:0.0
intersection:28, mean_episode_reward:0.5477777719497681, mean_queue:0.0
intersection:29, mean_episode_reward:1.0450000762939453, mean_queue:0.0
intersection:30, mean_episode_reward:0.45277777314186096, mean_queue:0.0
intersection:31, mean_episode_reward:0.0, mean_queue:0.0
episode:6/100, train_demand:raw_data/grid4x4/od_hubs/demand_set/train_06.rou.xml
step:1800/1800, q_loss:1.2728866338729858, rewards:-39.483333333333334, queue:4.804513888888889, delay:0.11175089942084418, throughput:512
episode:6/100, real avg travel time:407.173828125
intersection:0, mean_episode_reward:-5.034444332122803, mean_queue:8.094444274902344
intersection:1, mean_episode_reward:-9.364999771118164, mean_queue:14.20555591583252
intersection:2, mean_episode_reward:0.8855558037757874, mean_queue:4.894444465637207
intersection:3, mean_episode_reward:-6.2494425773620605, mean_queue:7.05555534362793
intersection:4, mean_episode_reward:-2.3316664695739746, mean_queue:6.633333206176758
intersection:5, mean_episode_reward:-4.960000038146973, mean_queue:11.76111125946045
intersection:6, mean_episode_reward:-8.839444160461426, mean_queue:16.58333396911621
intersection:7, mean_episode_reward:0.8838881850242615, mean_queue:15.188888549804688
intersection:8, mean_episode_reward:-1.7944440841674805, mean_queue:4.2833333015441895
intersection:9, mean_episode_reward:0.9833333492279053, mean_queue:9.572221755981445
intersection:10, mean_episode_reward:-6.112778186798096, mean_queue:8.516666412353516
intersection:11, mean_episode_reward:1.6794450283050537, mean_queue:11.033333778381348
intersection:12, mean_episode_reward:1.483888864517212, mean_queue:6.238888740539551
intersection:13, mean_episode_reward:-6.574445724487305, mean_queue:14.550000190734863
intersection:14, mean_episode_reward:-4.99666690826416, mean_queue:7.661110877990723
intersection:15, mean_episode_reward:1.2277783155441284, mean_queue:7.472222328186035
intersection:16, mean_episode_reward:0.0011111111380159855, mean_queue:0.0
intersection:17, mean_episode_reward:0.1644444465637207, mean_queue:0.0
intersection:18, mean_episode_reward:0.8616666197776794, mean_queue:0.0
intersection:19, mean_episode_reward:0.5644444823265076, mean_queue:0.0
intersection:20, mean_episode_reward:0.4272221326828003, mean_queue:0.0
intersection:21, mean_episode_reward:0.18944445252418518, mean_queue:0.0
intersection:22, mean_episode_reward:0.027222223579883575, mean_queue:0.0
intersection:23, mean_episode_reward:0.0, mean_queue:0.0
intersection:24, mean_episode_reward:0.0005555555690079927, mean_queue:0.0
intersection:25, mean_episode_reward:0.2988888919353485, mean_queue:0.0
intersection:26, mean_episode_reward:1.0800000429153442, mean_queue:0.0
intersection:27, mean_episode_reward:1.4127777814865112, mean_queue:0.0
intersection:28, mean_episode_reward:1.1305556297302246, mean_queue:0.0
intersection:29, mean_episode_reward:1.4961110353469849, mean_queue:0.0
intersection:30, mean_episode_reward:1.9766664505004883, mean_queue:0.0
intersection:31, mean_episode_reward:0.0, mean_queue:0.0
episode:7/100, train_demand:raw_data/grid4x4/od_hubs/demand_set/train_07.rou.xml
step:1800/1800, q_loss:3.1122326850891113, rewards:-21.336115180121528, queue:4.089583333333334, delay:0.10922618442111545, throughput:545
episode:7/100, real avg travel time:344.0623853211009
intersection:0, mean_episode_reward:0.3588886260986328, mean_queue:2.0222222805023193
intersection:1, mean_episode_reward:-0.22444462776184082, mean_queue:5.5333333015441895
intersection:2, mean_episode_reward:4.911666393280029, mean_queue:10.316666603088379
intersection:3, mean_episode_reward:2.1166672706604004, mean_queue:4.872222423553467
intersection:4, mean_episode_reward:-1.5738890171051025, mean_queue:4.422222137451172
intersection:5, mean_episode_reward:-1.763889193534851, mean_queue:9.416666984558105
intersection:6, mean_episode_reward:-15.52277946472168, mean_queue:20.922222137451172
intersection:7, mean_episode_reward:-2.9038898944854736, mean_queue:7.044444561004639
intersection:8, mean_episode_reward:0.6883332133293152, mean_queue:4.8222222328186035
intersection:9, mean_episode_reward:-5.623888969421387, mean_queue:14.105555534362793
intersection:10, mean_episode_reward:-1.798333764076233, mean_queue:9.283333778381348
intersection:11, mean_episode_reward:-1.6811110973358154, mean_queue:9.438888549804688
intersection:12, mean_episode_reward:-2.9399993419647217, mean_queue:8.149999618530273
intersection:13, mean_episode_reward:-1.8911105394363403, mean_queue:6.344444274902344
intersection:14, mean_episode_reward:-2.645000696182251, mean_queue:7.327777862548828
intersection:15, mean_episode_reward:-0.1900012195110321, mean_queue:6.844444274902344
intersection:16, mean_episode_reward:0.0, mean_queue:0.0
intersection:17, mean_episode_reward:0.9350000023841858, mean_queue:0.0
intersection:18, mean_episode_reward:0.23222219944000244, mean_queue:0.0
intersection:19, mean_episode_reward:3.6016669273376465, mean_queue:0.0
intersection:20, mean_episode_reward:0.2911111116409302, mean_queue:0.0
intersection:21, mean_episode_reward:0.6644443869590759, mean_queue:0.0
intersection:22, mean_episode_reward:0.021666666492819786, mean_queue:0.0
intersection:23, mean_episode_reward:0.0027777778450399637, mean_queue:0.0
intersection:24, mean_episode_reward:0.0061111110262572765, mean_queue:0.0
intersection:25, mean_episode_reward:0.04722222313284874, mean_queue:0.0
intersection:26, mean_episode_reward:2.032778024673462, mean_queue:0.0
intersection:27, mean_episode_reward:0.13111111521720886, mean_queue:0.0
intersection:28, mean_episode_reward:0.3444444537162781, mean_queue:0.0
intersection:29, mean_episode_reward:0.3216666877269745, mean_queue:0.0
intersection:30, mean_episode_reward:0.7238889932632446, mean_queue:0.0
intersection:31, mean_episode_reward:-0.009444444440305233, mean_queue:0.0
episode:8/100, train_demand:raw_data/grid4x4/od_hubs/demand_set/train_08.rou.xml
step:1800/1800, q_loss:6.092782020568848, rewards:-36.77111002604167, queue:5.00625, delay:0.1143631723192003, throughput:518
episode:8/100, real avg travel time:386.9034749034749
intersection:0, mean_episode_reward:-9.639443397521973, mean_queue:10.505555152893066
intersection:1, mean_episode_reward:-0.5294445157051086, mean_queue:5.75
intersection:2, mean_episode_reward:-2.8111109733581543, mean_queue:10.855555534362793
intersection:3, mean_episode_reward:2.483888864517212, mean_queue:8.36111068725586
intersection:4, mean_episode_reward:-1.201111078262329, mean_queue:4.755555629730225
intersection:5, mean_episode_reward:-4.988334655761719, mean_queue:11.772222518920898
intersection:6, mean_episode_reward:-4.666110515594482, mean_queue:12.211111068725586
intersection:7, mean_episode_reward:-4.967777729034424, mean_queue:8.472222328186035
intersection:8, mean_episode_reward:-3.5277771949768066, mean_queue:5.77222204208374
intersection:9, mean_episode_reward:-2.766111135482788, mean_queue:16.75
intersection:10, mean_episode_reward:-11.575554847717285, mean_queue:18.64444351196289
intersection:11, mean_episode_reward:0.044444501399993896, mean_queue:6.094444274902344
intersection:12, mean_episode_reward:-10.34999942779541, mean_queue:16.116666793823242
intersection:13, mean_episode_reward:7.811666488647461, mean_queue:8.927778244018555
intersection:14, mean_episode_reward:-2.8233330249786377, mean_queue:11.20555591583252
intersection:15, mean_episode_reward:-2.9327778816223145, mean_queue:4.005555629730225
intersection:16, mean_episode_reward:0.1527777761220932, mean_queue:0.0
intersection:17, mean_episode_reward:0.5899999737739563, mean_queue:0.0
intersection:18, mean_episode_reward:0.3355555534362793, mean_queue:0.0
intersection:19, mean_episode_reward:5.024445056915283, mean_queue:0.0
intersection:20, mean_episode_reward:3.6161112785339355, mean_queue:0.0
intersection:21, mean_episode_reward:0.22833332419395447, mean_queue:0.0
intersection:22, mean_episode_reward:0.23722222447395325, mean_queue:0.0
intersection:23, mean_episode_reward:0.18888889253139496, mean_queue:0.0
intersection:24, mean_episode_reward:0.002222222276031971, mean_queue:0.0
intersection:25, mean_episode_reward:0.02333333157002926, mean_queue:0.0
intersection:26, mean_episode_reward:1.6611109972000122, mean_queue:0.0
intersection:27, mean_episode_reward:0.3727777600288391, mean_queue:0.0
intersection:28, mean_episode_reward:0.5866666436195374, mean_queue:0.0
intersection:29, mean_episode_reward:1.086111068725586, mean_queue:0.0
intersection:30, mean_episode_reward:1.5622221231460571, mean_queue:0.0
intersection:31, mean_episode_reward:0.0, mean_queue:0.0
episode:9/100, train_demand:raw_data/grid4x4/od_hubs/demand_set/train_09.rou.xml
step:1800/1800, q_loss:9.288474082946777, rewards:-26.423331705729165, queue:4.253645833333334, delay:0.10544951756795247, throughput:520
episode:9/100, real avg travel time:357.75
intersection:0, mean_episode_reward:-6.68610954284668, mean_queue:7.844444274902344
intersection:1, mean_episode_reward:-0.06611105054616928, mean_queue:2.5444445610046387
intersection:2, mean_episode_reward:-0.33888888359069824, mean_queue:3.4833333492279053
intersection:3, mean_episode_reward:-2.8305556774139404, mean_queue:3.8222222328186035
intersection:4, mean_episode_reward:7.821112155914307, mean_queue:8.666666984558105
intersection:5, mean_episode_reward:-0.574444055557251, mean_queue:10.649999618530273
intersection:6, mean_episode_reward:-5.828333377838135, mean_queue:12.188888549804688
intersection:7, mean_episode_reward:-2.3449997901916504, mean_queue:6.722222328186035
intersection:8, mean_episode_reward:-9.987221717834473, mean_queue:16.238889694213867
intersection:9, mean_episode_reward:-0.9644444584846497, mean_queue:15.377778053283691
intersection:10, mean_episode_reward:-7.557220458984375, mean_queue:16.25
intersection:11, mean_episode_reward:3.3755548000335693, mean_queue:8.527777671813965
intersection:12, mean_episode_reward:-9.084444999694824, mean_queue:9.866666793823242
intersection:13, mean_episode_reward:-0.7322222590446472, mean_queue:8.416666984558105
intersection:14, mean_episode_reward:1.6372215747833252, mean_queue:2.6388888359069824
intersection:15, mean_episode_reward:-0.8911111354827881, mean_queue:2.8777778148651123
intersection:16, mean_episode_reward:0.011111111380159855, mean_queue:0.0
intersection:17, mean_episode_reward:0.4416666626930237, mean_queue:0.0
intersection:18, mean_episode_reward:0.78166663646698, mean_queue:0.0
intersection:19, mean_episode_reward:0.24111109972000122, mean_queue:0.0
intersection:20, mean_episode_reward:2.201111078262329, mean_queue:0.0
intersection:21, mean_episode_reward:0.08388888835906982, mean_queue:0.0
intersection:22, mean_episode_reward:0.042222220450639725, mean_queue:0.0
intersection:23, mean_episode_reward:0.0, mean_queue:0.0
intersection:24, mean_episode_reward:0.0027777778450399637, mean_queue:0.0
intersection:25, mean_episode_reward:0.012222221121191978, mean_queue:0.0
intersection:26, mean_episode_reward:0.30888891220092773, mean_queue:0.0
intersection:27, mean_episode_reward:0.8783333897590637, mean_queue:0.0
intersection:28, mean_episode_reward:1.2477777004241943, mean_queue:0.0
intersection:29, mean_episode_reward:0.32611116766929626, mean_queue:0.0
intersection:30, mean_episode_reward:2.049999952316284, mean_queue:0.0
intersection:31, mean_episode_reward:0.0, mean_queue:0.0
episode:10/100, train_demand:raw_data/grid4x4/od_hubs/demand_set/train_00.rou.xml
step:1800/1800, q_loss:11.754737854003906, rewards:-33.79166395399306, queue:3.832638888888889, delay:0.09630964067247179, throughput:464
episode:10/100, real avg travel time:322.4375
intersection:0, mean_episode_reward:4.177223205566406, mean_queue:2.9944443702697754
intersection:1, mean_episode_reward:-6.837222099304199, mean_queue:8.48888874053955
intersection:2, mean_episode_reward:-8.983333587646484, mean_queue:10.283333778381348
intersection:3, mean_episode_reward:1.9822226762771606, mean_queue:4.4277777671813965
intersection:4, mean_episode_reward:-0.10444442927837372, mean_queue:4.416666507720947
intersection:5, mean_episode_reward:0.3527778089046478, mean_queue:13.038888931274414
intersection:6, mean_episode_reward:-10.74222183227539, mean_queue:15.244444847106934
intersection:7, mean_episode_reward:-0.1855555921792984, mean_queue:8.338889122009277
intersection:8, mean_episode_reward:-1.972222089767456, mean_queue:5.122222423553467
intersection:9, mean_episode_reward:-1.771666407585144, mean_queue:13.522222518920898
intersection:10, mean_episode_reward:-1.73111093044281, mean_queue:5.738888740539551
intersection:11, mean_episode_reward:-0.8633336424827576, mean_queue:5.661110877990723
intersection:12, mean_episode_reward:-7.341110706329346, mean_queue:9.44444465637207
intersection:13, mean_episode_reward:-6.613888740539551, mean_queue:12.905555725097656
intersection:14, mean_episode_reward:-0.7394446730613708, mean_queue:1.4277777671813965
intersection:15, mean_episode_reward:-0.583888828754425, mean_queue:1.5888888835906982
intersection:16, mean_episode_reward:0.0016666667070239782, mean_queue:0.0
intersection:17, mean_episode_reward:0.5911111831665039, mean_queue:0.0
intersection:18, mean_episode_reward:2.0055556297302246, mean_queue:0.0
intersection:19, mean_episode_reward:0.152777761220932, mean_queue:0.0
intersection:20, mean_episode_reward:0.522777795791626, mean_queue:0.0
intersection:21, mean_episode_reward:0.3911111056804657, mean_queue:0.0
intersection:22, mean_episode_reward:0.24166665971279144, mean_queue:0.0
intersection:23, mean_episode_reward:0.002222222276031971, mean_queue:0.0
intersection:24, mean_episode_reward:0.0016666667070239782, mean_queue:0.0
intersection:25, mean_episode_reward:0.1433333307504654, mean_queue:0.0
intersection:26, mean_episode_reward:0.37111109495162964, mean_queue:0.0
intersection:27, mean_episode_reward:0.35111111402511597, mean_queue:0.0
intersection:28, mean_episode_reward:1.950555443763733, mean_queue:0.0
intersection:29, mean_episode_reward:0.43111109733581543, mean_queue:0.0
intersection:30, mean_episode_reward:1.0077776908874512, mean_queue:0.0
intersection:31, mean_episode_reward:0.0, mean_queue:0.0
HELDOUT episode:10/100, demand:raw_data/grid4x4/od_hubs/demand_set/hold_00.rou.xml, travel time:344.98805970149255, rewards:-55.75833875868056, queue:5.918402777777778, delay:0.11281248728434244, throughput:335
HELDOUT episode:10/100, demand:raw_data/grid4x4/od_hubs/demand_set/hold_01.rou.xml, travel time:310.80982905982904, rewards:-54.51222330729167, queue:4.715451388888889, delay:0.1100226190355089, throughput:468
HELDOUT episode:10/100, demand:raw_data/grid4x4/od_hubs/demand_set/hold_02.rou.xml, travel time:327.95226130653265, rewards:-41.41277398003472, queue:5.326736111111111, delay:0.11789889865451389, throughput:398
HELDOUT_MEAN episode:10/100, travel time:327.9167166892848 (n=3)
episode:11/100, train_demand:raw_data/grid4x4/od_hubs/demand_set/train_01.rou.xml
step:1800/1800, q_loss:13.838964462280273, rewards:-23.279443359375, queue:3.0522569444444443, delay:0.09963425530327691, throughput:561
episode:11/100, real avg travel time:296.60249554367203
intersection:0, mean_episode_reward:-1.617777705192566, mean_queue:3.577777862548828
intersection:1, mean_episode_reward:0.2916663885116577, mean_queue:2.405555486679077
intersection:2, mean_episode_reward:-4.677222728729248, mean_queue:6.816666603088379
intersection:3, mean_episode_reward:0.37444454431533813, mean_queue:3.6777777671813965
intersection:4, mean_episode_reward:-2.0005557537078857, mean_queue:3.905555486679077
intersection:5, mean_episode_reward:-4.921111583709717, mean_queue:9.70555591583252
intersection:6, mean_episode_reward:-5.635555267333984, mean_queue:12.366666793823242
intersection:7, mean_episode_reward:1.7877782583236694, mean_queue:6.183333396911621
intersection:8, mean_episode_reward:0.23888859152793884, mean_queue:4.494444370269775
intersection:9, mean_episode_reward:1.6872217655181885, mean_queue:7.733333110809326
intersection:10, mean_episode_reward:-3.482222557067871, mean_queue:9.161110877990723
intersection:11, mean_episode_reward:-1.7716673612594604, mean_queue:5.238888740539551
intersection:12, mean_episode_reward:-11.236109733581543, mean_queue:12.066666603088379
intersection:13, mean_episode_reward:0.024444371461868286, mean_queue:4.0333333015441895
intersection:14, mean_episode_reward:0.81166672706604, mean_queue:2.6222221851348877
intersection:15, mean_episode_reward:-2.43999981880188, mean_queue:3.683333396911621
intersection:16, mean_episode_reward:0.0016666667070239782, mean_queue:0.0
intersection:17, mean_episode_reward:0.5077778100967407, mean_queue:0.0
intersection:18, mean_episode_reward:1.2933332920074463, mean_queue:0.0
intersection:19, mean_episode_reward:2.230555772781372, mean_queue:0.0
intersection:20, mean_episode_reward:0.17277778685092926, mean_queue:0.0
intersection:21, mean_episode_reward:0.429999977350235, mean_queue:0.0
intersection:22, mean_episode_reward:0.17888888716697693, mean_queue:0.0
intersection:23, mean_episode_reward:0.007222222629934549, mean_queue:0.0
intersection:24, mean_episode_reward:0.002222222276031971, mean_queue:0.0
intersection:25, mean_episode_reward:0.12333333492279053, mean_queue:0.0
intersection:26, mean_episode_reward:0.8816667199134827, mean_queue:0.0
intersection:27, mean_episode_reward:1.2033332586288452, mean_queue:0.0
intersection:28, mean_episode_reward:1.1183332204818726, mean_queue:0.0
intersection:29, mean_episode_reward:0.8022222518920898, mean_queue:0.0
intersection:30, mean_episode_reward:0.3444444537162781, mean_queue:0.0
intersection:31, mean_episode_reward:-0.011111111380159855, mean_queue:0.0
episode:12/100, train_demand:raw_data/grid4x4/od_hubs/demand_set/train_02.rou.xml
step:1800/1800, q_loss:14.86070442199707, rewards:-35.31444498697917, queue:3.0927083333333334, delay:0.09374141693115234, throughput:596
episode:12/100, real avg travel time:294.741610738255
intersection:0, mean_episode_reward:-13.11833381652832, mean_queue:13.994444847106934
intersection:1, mean_episode_reward:-0.8366671800613403, mean_queue:1.7777777910232544
intersection:2, mean_episode_reward:-4.4911112785339355, mean_queue:7.5722222328186035
intersection:3, mean_episode_reward:0.24888882040977478, mean_queue:1.5
intersection:4, mean_episode_reward:0.5849999785423279, mean_queue:1.8388888835906982
intersection:5, mean_episode_reward:-1.0094441175460815, mean_queue:5.366666793823242
intersection:6, mean_episode_reward:-6.198331832885742, mean_queue:12.300000190734863
intersection:7, mean_episode_reward:-1.242222547531128, mean_queue:5.088889122009277
intersection:8, mean_episode_reward:-3.2522220611572266, mean_queue:6.449999809265137
intersection:9, mean_episode_reward:-2.508333683013916, mean_queue:7.088889122009277
intersection:10, mean_episode_reward:0.0744447261095047, mean_queue:6.205555438995361
intersection:11, mean_episode_reward:-1.7972222566604614, mean_queue:4.166666507720947
intersection:12, mean_episode_reward:-7.9855570793151855, mean_queue:12.13888931274414
intersection:13, mean_episode_reward:-0.6683332920074463, mean_queue:3.9000000953674316
intersection:14, mean_episode_reward:-0.1716667115688324, mean_queue:2.5055556297302246
intersection:15, mean_episode_reward:-5.972222328186035, mean_queue:7.0722222328186035
intersection:16, mean_episode_reward:0.0016666667070239782, mean_queue:0.0
intersection:17, mean_episode_reward:0.10055554658174515, mean_queue:0.0
intersection:18, mean_episode_reward:0.19555555284023285, mean_queue:0.0
intersection:19, mean_episode_reward:3.4583332538604736, mean_queue:0.0
intersection:20, mean_episode_reward:2.762777805328369, mean_queue:0.0
intersection:21, mean_episode_reward:0.0877777710556984, mean_queue:0.0
intersection:22, mean_episode_reward:0.7433333396911621, mean_queue:0.0
intersection:23, mean_episode_reward:0.0, mean_queue:0.0
intersection:24, mean_episode_reward:0.007222222629934549, mean_queue:0.0
intersection:25, mean_episode_reward:0.04277778044342995, mean_queue:0.0
intersection:26, mean_episode_reward:0.4649999737739563, mean_queue:0.0
intersection:27, mean_episode_reward:3.93999981880188, mean_queue:0.0
intersection:28, mean_episode_reward:0.38333332538604736, mean_queue:0.0
intersection:29, mean_episode_reward:0.6633332967758179, mean_queue:0.0
intersection:30, mean_episode_reward:0.1738888919353485, mean_queue:0.0
intersection:31, mean_episode_reward:0.0033333334140479565, mean_queue:0.0
episode:13/100, train_demand:raw_data/grid4x4/od_hubs/demand_set/train_03.rou.xml
step:1800/1800, q_loss:16.00489044189453, rewards:-19.676112196180554, queue:3.4350694444444443, delay:0.09354045655992296, throughput:632
episode:13/100, real avg travel time:311.375
intersection:0, mean_episode_reward:-2.027777671813965, mean_queue:2.9000000953674316
intersection:1, mean_episode_reward:-3.027778148651123, mean_queue:7.238888740539551
intersection:2, mean_episode_reward:1.0872223377227783, mean_queue:6.9666666984558105
intersection:3, mean_episode_reward:3.433889389038086, mean_queue:3.305555582046509
intersection:4, mean_episode_reward:2.4333338737487793, mean_queue:2.7722222805023193
intersection:5, mean_episode_reward:-7.752224445343018, mean_queue:11.505555152893066
intersection:6, mean_episode_reward:0.791666567325592, mean_queue:8.844444274902344
intersection:7, mean_episode_reward:-9.319443702697754, mean_queue:10.883333206176758
intersection:8, mean_episode_reward:-6.958332061767578, mean_queue:9.188888549804688
intersection:9, mean_episode_reward:-1.4627773761749268, mean_queue:10.661110877990723
intersection:10, mean_episode_reward:4.2772216796875, mean_queue:5.338889122009277
intersection:11, mean_episode_reward:-8.332222938537598, mean_queue:11.866666793823242
intersection:12, mean_episode_reward:-1.9844447374343872, mean_queue:5.105555534362793
intersection:13, mean_episode_reward:-0.7533330321311951, mean_queue:4.938889026641846
intersection:14, mean_episode_reward:0.831110954284668, mean_queue:3.4166667461395264
intersection:15, mean_episode_reward:3.1627776622772217, mean_queue:4.988888740539551
intersection:16, mean_episode_reward:0.18722222745418549, mean_queue:0.0
intersection:17, mean_episode_reward:0.09555557370185852, mean_queue:0.0
intersection:18, mean_episode_reward:1.3883333206176758, mean_queue:0.0
intersection:19, mean_episode_reward:1.0105557441711426, mean_queue:0.0
intersection:20, mean_episode_reward:0.1388888955116272, mean_queue:0.0
intersection:21, mean_episode_reward:0.3933333456516266, mean_queue:0.0
intersection:22, mean_episode_reward:0.1922222077846527, mean_queue:0.0
intersection:23, mean_episode_reward:0.002222222276031971, mean_queue:0.0
intersection:24, mean_episode_reward:0.0038888887502253056, mean_queue:0.0
intersection:25, mean_episode_reward:0.024444444105029106, mean_queue:0.0
intersection:26, mean_episode_reward:0.3444444537162781, mean_queue:0.0
intersection:27, mean_episode_reward:0.2405555248260498, mean_queue:0.0
intersection:28, mean_episode_reward:0.26722219586372375, mean_queue:0.0
intersection:29, mean_episode_reward:1.3305555582046509, mean_queue:0.0
intersection:30, mean_episode_reward:0.3172222375869751, mean_queue:0.0
intersection:31, mean_episode_reward:-0.01166666578501463, mean_queue:0.0
episode:14/100, train_demand:raw_data/grid4x4/od_hubs/demand_set/train_04.rou.xml
step:1800/1800, q_loss:16.214754104614258, rewards:-25.976112196180555, queue:2.6302083333333335, delay:0.09129876030815973, throughput:563
episode:14/100, real avg travel time:271.05328596802843
intersection:0, mean_episode_reward:1.4011108875274658, mean_queue:4.5333333015441895
intersection:1, mean_episode_reward:-3.8600008487701416, mean_queue:6.7833333015441895
intersection:2, mean_episode_reward:-4.548888683319092, mean_queue:6.372222423553467
intersection:3, mean_episode_reward:1.1244444847106934, mean_queue:2.1500000953674316
intersection:4, mean_episode_reward:-2.9583325386047363, mean_queue:4.627777576446533
intersection:5, mean_episode_reward:-0.03388890251517296, mean_queue:5.672222137451172
intersection:6, mean_episode_reward:-0.5127773880958557, mean_queue:5.811110973358154
intersection:7, mean_episode_reward:-2.262777805328369, mean_queue:5.0722222328186035
intersection:8, mean_episode_reward:-1.4622219800949097, mean_queue:3.366666555404663
intersection:9, mean_episode_reward:-0.9099999070167542, mean_queue:4.80555534362793
intersection:10, mean_episode_reward:1.0333330631256104, mean_queue:2.4777777194976807
intersection:11, mean_episode_reward:-7.860001087188721, mean_queue:10.233333587646484
intersection:12, mean_episode_reward:-4.081666946411133, mean_queue:7.52222204208374
intersection:13, mean_episode_reward:-3.9311115741729736, mean_queue:5.683333396911621
intersection:14, mean_episode_reward:1.4694446325302124, mean_queue:2.577777862548828
intersection:15, mean_episode_reward:-4.4355549812316895, mean_queue:6.47777795791626
intersection:16, mean_episode_reward:0.004444444552063942, mean_queue:0.0
intersection:17, mean_episode_reward:0.015555555000901222, mean_queue:0.0
intersection:18, mean_episode_reward:0.11500000208616257, mean_queue:0.0
intersection:19, mean_episode_reward:0.6272222399711609, mean_queue:0.0
intersection:20, mean_episode_reward:0.4238888919353485, mean_queue:0.0
intersection:21, mean_episode_reward:0.38833335041999817, mean_queue:0.0
intersection:22, mean_episode_reward:0.2544444501399994, mean_queue:0.0
intersection:23, mean_episode_reward:0.0038888887502253056, mean_queue:0.0
intersection:24, mean_episode_reward:0.0016666667070239782, mean_queue:0.0
intersection:25, mean_episode_reward:0.2866666615009308, mean_queue:0.0
intersection:26, mean_episode_reward:0.4372222423553467, mean_queue:0.0
intersection:27, mean_episode_reward:0.14444445073604584, mean_queue:0.0
intersection:28, mean_episode_reward:0.5616666078567505, mean_queue:0.0
intersection:29, mean_episode_reward:0.7283333539962769, mean_queue:0.0
intersection:30, mean_episode_reward:1.8772222995758057, mean_queue:0.0
intersection:31, mean_episode_reward:-0.017222221940755844, mean_queue:0.0
episode:15/100, train_demand:raw_data/grid4x4/od_hubs/demand_set/train_05.rou.xml
step:1800/1800, q_loss:16.330047607421875, rewards:-25.03388943142361, queue:2.8699652777777778, delay:0.09124805662367079, throughput:601
episode:15/100, real avg travel time:286.56073211314475
intersection:0, mean_episode_reward:-0.5738893151283264, mean_queue:3.3499999046325684
intersection:1, mean_episode_reward:-4.023333549499512, mean_queue:5.644444465637207
intersection:2, mean_episode_reward:0.7338889241218567, mean_queue:5.199999809265137
intersection:3, mean_episode_reward:3.354444980621338, mean_queue:3.155555486679077
intersection:4, mean_episode_reward:0.4200000762939453, mean_queue:2.2055554389953613
intersection:5, mean_episode_reward:-0.9438886046409607, mean_queue:4.150000095367432
intersection:6, mean_episode_reward:-4.426667213439941, mean_queue:9.144444465637207
intersection:7, mean_episode_reward:-2.161111354827881, mean_queue:6.97777795791626
intersection:8, mean_episode_reward:-2.0300002098083496, mean_queue:3.366666555404663
intersection:9, mean_episode_reward:-0.6266666650772095, mean_queue:7.655555725097656
intersection:10, mean_episode_reward:1.6955554485321045, mean_queue:4.6777777671813965
intersection:11, mean_episode_reward:-9.965556144714355, mean_queue:12.022222518920898
intersection:12, mean_episode_reward:-0.6588888168334961, mean_queue:2.26111102104187
intersection:13, mean_episode_reward:-5.113889217376709, mean_queue:7.566666603088379
intersection:14, mean_episode_reward:-2.9783334732055664, mean_queue:5.711111068725586
intersection:15, mean_episode_reward:-3.580000162124634, mean_queue:8.75
intersection:16, mean_episode_reward:0.0027777778450399637, mean_queue:0.0
intersection:17, mean_episode_reward:0.07222222536802292, mean_queue:0.0
intersection:18, mean_episode_reward:0.2383333444595337, mean_queue:0.0
intersection:19, mean_episode_reward:0.1638888716697693, mean_queue:0.0
intersection:20, mean_episode_reward:0.13055557012557983, mean_queue:0.0
intersection:21, mean_episode_reward:0.41777774691581726, mean_queue:0.0
intersection:22, mean_episode_reward:0.1827777624130249, mean_queue:0.0
intersection:23, mean_episode_reward:0.0016666667070239782, mean_queue:0.0
intersection:24, mean_episode_reward:0.0027777778450399637, mean_queue:0.0
intersection:25, mean_episode_reward:0.8516667485237122, mean_queue:0.0
intersection:26, mean_episode_reward:0.3194444179534912, mean_queue:0.0
intersection:27, mean_episode_reward:1.355555534362793, mean_queue:0.0
intersection:28, mean_episode_reward:0.3277777433395386, mean_queue:0.0
intersection:29, mean_episode_reward:0.42166668176651, mean_queue:0.0
intersection:30, mean_episode_reward:1.3550000190734863, mean_queue:0.0
intersection:31, mean_episode_reward:0.0005555555690079927, mean_queue:0.0
episode:16/100, train_demand:raw_data/grid4x4/od_hubs/demand_set/train_06.rou.xml
step:1800/1800, q_loss:16.261680603027344, rewards:-20.810557725694444, queue:2.2647569444444446, delay:0.08137678570217556, throughput:655
episode:16/100, real avg travel time:270.43664122137403
intersection:0, mean_episode_reward:-5.961667060852051, mean_queue:6.800000190734863
intersection:1, mean_episode_reward:-0.7772220969200134, mean_queue:1.9333332777023315
intersection:2, mean_episode_reward:-3.6844441890716553, mean_queue:5.344444274902344
intersection:3, mean_episode_reward:0.01111104991286993, mean_queue:2.444444417953491
intersection:4, mean_episode_reward:0.03888887166976929, mean_queue:2.277777671813965
intersection:5, mean_episode_reward:0.10222214460372925, mean_queue:3.4388887882232666
intersection:6, mean_episode_reward:-1.7461106777191162, mean_queue:4.361111164093018
intersection:7, mean_episode_reward:2.693333148956299, mean_queue:2.6888887882232666
intersection:8, mean_episode_reward:-4.07277774810791, mean_queue:5.933333396911621
intersection:9, mean_episode_reward:-0.37833335995674133, mean_queue:6.25
intersection:10, mean_episode_reward:-0.9999998211860657, mean_queue:3.6111111640930176
intersection:11, mean_episode_reward:-7.453334331512451, mean_queue:9.105555534362793
intersection:12, mean_episode_reward:-1.2244439125061035, mean_queue:4.94444465637207
intersection:13, mean_episode_reward:-4.55000114440918, mean_queue:7.27222204208374
intersection:14, mean_episode_reward:-2.6955552101135254, mean_queue:4.405555725097656
intersection:15, mean_episode_reward:4.80111026763916, mean_queue:1.6611111164093018
intersection:16, mean_episode_reward:0.0, mean_queue:0.0
intersection:17, mean_episode_reward:0.07666666060686111, mean_queue:0.0
intersection:18, mean_episode_reward:0.1133333295583725, mean_queue:0.0
intersection:19, mean_episode_reward:0.7266666889190674, mean_queue:0.0
intersection:20, mean_episode_reward:0.23333333432674408, mean_queue:0.0
intersection:21, mean_episode_reward:0.021666666492819786, mean_queue:0.0
intersection:22, mean_episode_reward:0.15444444119930267, mean_queue:0.0
intersection:23, mean_episode_reward:0.0, mean_queue:0.0
intersection:24, mean_episode_reward:0.0, mean_queue:0.0
intersection:25, mean_episode_reward:0.7422221899032593, mean_queue:0.0
intersection:26, mean_episode_reward:0.6933333277702332, mean_queue:0.0
intersection:27, mean_episode_reward:0.16111111640930176, mean_queue:0.0
intersection:28, mean_episode_reward:1.0044445991516113, mean_queue:0.0
intersection:29, mean_episode_reward:0.38111111521720886, mean_queue:0.0
intersection:30, mean_episode_reward:0.7894445061683655, mean_queue:0.0
intersection:31, mean_episode_reward:-0.011111111380159855, mean_queue:0.0
episode:17/100, train_demand:raw_data/grid4x4/od_hubs/demand_set/train_07.rou.xml
step:1800/1800, q_loss:16.52566909790039, rewards:-10.901109483506945, queue:2.0449652777777776, delay:0.07947647836473253, throughput:661
episode:17/100, real avg travel time:235.75491679273827
intersection:0, mean_episode_reward:1.255555510520935, mean_queue:1.8222222328186035
intersection:1, mean_episode_reward:-3.4627771377563477, mean_queue:4.483333110809326
intersection:2, mean_episode_reward:0.8922221660614014, mean_queue:3.894444465637207
intersection:3, mean_episode_reward:-1.6449999809265137, mean_queue:2.9944443702697754
intersection:4, mean_episode_reward:-0.6216667294502258, mean_queue:1.744444489479065
intersection:5, mean_episode_reward:-1.1427775621414185, mean_queue:3.23888897895813
intersection:6, mean_episode_reward:-0.5133333802223206, mean_queue:7.911110877990723
intersection:7, mean_episode_reward:0.5305556654930115, mean_queue:3.0055556297302246
intersection:8, mean_episode_reward:-0.32499992847442627, mean_queue:2.2277777194976807
intersection:9, mean_episode_reward:-0.22944454848766327, mean_queue:7.338889122009277
intersection:10, mean_episode_reward:-0.3199999928474426, mean_queue:6.827777862548828
intersection:11, mean_episode_reward:-0.6699998378753662, mean_queue:3.9777777194976807
intersection:12, mean_episode_reward:-0.4944443106651306, mean_queue:1.75
intersection:13, mean_episode_reward:-6.562222003936768, mean_queue:7.9666666984558105
intersection:14, mean_episode_reward:0.15333335101604462, mean_queue:1.744444489479065
intersection:15, mean_episode_reward:-3.8755550384521484, mean_queue:4.511111259460449
intersection:16, mean_episode_reward:0.0, mean_queue:0.0
intersection:17, mean_episode_reward:0.0950000137090683, mean_queue:0.0
intersection:18, mean_episode_reward:0.0949999988079071, mean_queue:0.0
intersection:19, mean_episode_reward:0.23888888955116272, mean_queue:0.0
intersection:20, mean_episode_reward:0.5566666722297668, mean_queue:0.0
intersection:21, mean_episode_reward:0.12555554509162903, mean_queue:0.0
intersection:22, mean_episode_reward:0.11999998986721039, mean_queue:0.0
intersection:23, mean_episode_reward:0.002222222276031971, mean_queue:0.0
intersection:24, mean_episode_reward:0.004999999888241291, mean_queue:0.0
intersection:25, mean_episode_reward:0.9566666483879089, mean_queue:0.0
intersection:26, mean_episode_reward:0.29499995708465576, mean_queue:0.0
intersection:27, mean_episode_reward:1.9127776622772217, mean_queue:0.0
intersection:28, mean_episode_reward:1.1977778673171997, mean_queue:0.0
intersection:29, mean_episode_reward:0.17888891696929932, mean_queue:0.0
intersection:30, mean_episode_reward:0.3611111640930176, mean_queue:0.0
intersection:31, mean_episode_reward:-0.011111111380159855, mean_queue:0.0
episode:18/100, train_demand:raw_data/grid4x4/od_hubs/demand_set/train_08.rou.xml
step:1800/1800, q_loss:16.301191329956055, rewards:-11.041668023003472, queue:1.8779513888888888, delay:0.07895613776312935, throughput:688
episode:18/100, real avg travel time:234.60901162790697
intersection:0, mean_episode_reward:-2.066110849380493, mean_queue:2.5888888835906982
intersection:1, mean_episode_reward:1.204444408416748, mean_queue:1.6111111640930176
intersection:2, mean_episode_reward:-0.6244444251060486, mean_queue:3.4777777194976807
intersection:3, mean_episode_reward:0.24222227931022644, mean_queue:1.0166666507720947
intersection:4, mean_episode_reward:-0.5805556178092957, mean_queue:1.9722222089767456
intersection:5, mean_episode_reward:-0.44055554270744324, mean_queue:2.866666555404663
intersection:6, mean_episode_reward:-5.404444217681885, mean_queue:8.427778244018555
intersection:7, mean_episode_reward:1.7288894653320312, mean_queue:2.105555534362793
intersection:8, mean_episode_reward:1.1427775621414185, mean_queue:1.3166667222976685
intersection:9, mean_episode_reward:-4.474444389343262, mean_queue:7.150000095367432
intersection:10, mean_episode_reward:2.505000114440918, mean_queue:5.7833333015441895
intersection:11, mean_episode_reward:-2.526111602783203, mean_queue:5.150000095367432
intersection:12, mean_episode_reward:-0.4183333218097687, mean_queue:2.038888931274414
intersection:13, mean_episode_reward:-2.4733335971832275, mean_queue:3.038888931274414
intersection:14, mean_episode_reward:1.5811113119125366, mean_queue:1.8611111640930176
intersection:15, mean_episode_reward:-9.284445762634277, mean_queue:9.688888549804688
intersection:16, mean_episode_reward:0.1827777922153473, mean_queue:0.0
intersection:17, mean_episode_reward:0.07833333313465118, mean_queue:0.0
intersection:18, mean_episode_reward:0.11722221225500107, mean_queue:0.0
intersection:19, mean_episode_reward:0.2155555784702301, mean_queue:0.0
intersection:20, mean_episode_reward:0.1922222077846527, mean_queue:0.0
intersection:21, mean_episode_reward:0.07444445043802261, mean_queue:0.0
intersection:22, mean_episode_reward:0.5744444131851196, mean_queue:0.0
intersection:23, mean_episode_reward:0.03333333507180214, mean_queue:0.0
intersection:24, mean_episode_reward:0.0038888887502253056, mean_queue:0.0
intersection:25, mean_episode_reward:0.33888888359069824, mean_queue:0.0
intersection:26, mean_episode_reward:0.4538889229297638, mean_queue:0.0
intersection:27, mean_episode_reward:4.315556049346924, mean_queue:0.0
intersection:28, mean_episode_reward:0.3083333671092987, mean_queue:0.0
intersection:29, mean_episode_reward:0.3938888907432556, mean_queue:0.0
intersection:30, mean_episode_reward:1.5638889074325562, mean_queue:0.0
intersection:31, mean_episode_reward:0.0, mean_queue:0.0
episode:19/100, train_demand:raw_data/grid4x4/od_hubs/demand_set/train_09.rou.xml
step:1800/1800, q_loss:15.989001274108887, rewards:-9.77778049045139, queue:1.981076388888889, delay:0.07713448206583659, throughput:662
episode:19/100, real avg travel time:249.71601208459214
intersection:0, mean_episode_reward:0.8183332085609436, mean_queue:1.8333333730697632
intersection:1, mean_episode_reward:-2.761111259460449, mean_queue:4.8222222328186035
intersection:2, mean_episode_reward:1.0588879585266113, mean_queue:2.9111111164093018
intersection:3, mean_episode_reward:0.9483333230018616, mean_queue:0.7277777791023254
intersection:4, mean_episode_reward:0.8350000381469727, mean_queue:1.355555534362793
intersection:5, mean_episode_reward:-0.5238890051841736, mean_queue:4.27222204208374
intersection:6, mean_episode_reward:-7.552778244018555, mean_queue:11.79444408416748
intersection:7, mean_episode_reward:0.716666579246521, mean_queue:2.6277778148651123
intersection:8, mean_episode_reward:-0.7444445490837097, mean_queue:2.4166667461395264
intersection:9, mean_episode_reward:-0.011666680686175823, mean_queue:5.338889122009277
intersection:10, mean_episode_reward:3.077777862548828, mean_queue:6.622222423553467
intersection:11, mean_episode_reward:-2.748332977294922, mean_queue:5.777777671813965
intersection:12, mean_episode_reward:-0.5272220969200134, mean_queue:1.4833333492279053
intersection:13, mean_episode_reward:-0.7511113286018372, mean_queue:2.1611111164093018
intersection:14, mean_episode_reward:-0.6833333969116211, mean_queue:1.0277777910232544
intersection:15, mean_episode_reward:-7.4988884925842285, mean_queue:8.222222328186035
intersection:16, mean_episode_reward:0.015555555000901222, mean_queue:0.0
intersection:17, mean_episode_reward:0.032777778804302216, mean_queue:0.0
intersection:18, mean_episode_reward:0.1133333295583725, mean_queue:0.0
intersection:19, mean_episode_reward:0.30666667222976685, mean_queue:0.0
intersection:20, mean_episode_reward:0.3005555272102356, mean_queue:0.0
intersection:21, mean_episode_reward:0.11555555462837219, mean_queue:0.0
intersection:22, mean_episode_reward:0.2272222340106964, mean_queue:0.0
intersection:23, mean_episode_reward:0.0, mean_queue:0.0
intersection:24, mean_episode_reward:0.0, mean_queue:0.0
intersection:25, mean_episode_reward:0.17944444715976715, mean_queue:0.0
intersection:26, mean_episode_reward:0.15666666626930237, mean_queue:0.0
intersection:27, mean_episode_reward:4.02555513381958, mean_queue:0.0
intersection:28, mean_episode_reward:0.24222221970558167, mean_queue:0.0
intersection:29, mean_episode_reward:0.22555556893348694, mean_queue:0.0
intersection:30, mean_episode_reward:0.6288889050483704, mean_queue:0.0
intersection:31, mean_episode_reward:0.0, mean_queue:0.0
episode:20/100, train_demand:raw_data/grid4x4/od_hubs/demand_set/train_00.rou.xml
step:1800/1800, q_loss:15.552270889282227, rewards:-10.322778998480903, queue:1.4168402777777778, delay:0.06509218215942383, throughput:646
episode:20/100, real avg travel time:221.9938080495356
intersection:0, mean_episode_reward:-0.028333308175206184, mean_queue:1.5
intersection:1, mean_episode_reward:-1.5233335494995117, mean_queue:2.7722222805023193
intersection:2, mean_episode_reward:-0.8911110758781433, mean_queue:2.4555554389953613
intersection:3, mean_episode_reward:-0.21222224831581116, mean_queue:0.6333333253860474
intersection:4, mean_episode_reward:-0.13777774572372437, mean_queue:1.350000023841858
intersection:5, mean_episode_reward:-0.5338887572288513, mean_queue:2.788888931274414
intersection:6, mean_episode_reward:-2.1255555152893066, mean_queue:4.905555725097656
intersection:7, mean_episode_reward:1.6016664505004883, mean_queue:1.6555556058883667
intersection:8, mean_episode_reward:-0.9372223019599915, mean_queue:1.994444489479065
intersection:9, mean_episode_reward:-0.7866666913032532, mean_queue:3.6611111164093018
intersection:10, mean_episode_reward:1.2322221994400024, mean_queue:3.3388888835906982
intersection:11, mean_episode_reward:-3.7261126041412354, mean_queue:5.388888835906982
intersection:12, mean_episode_reward:1.1261111497879028, mean_queue:0.7888888716697693
intersection:13, mean_episode_reward:-2.5188889503479004, mean_queue:2.9277777671813965
intersection:14, mean_episode_reward:-0.3666669726371765, mean_queue:1.1611111164093018
intersection:15, mean_episode_reward:-6.8327765464782715, mean_queue:8.016666412353516
intersection:16, mean_episode_reward:0.0038888887502253056, mean_queue:0.0
intersection:17, mean_episode_reward:0.21222223341464996, mean_queue:0.0
intersection:18, mean_episode_reward:0.12555555999279022, mean_queue:0.0
intersection:19, mean_episode_reward:0.3105555772781372, mean_queue:0.0
intersection:20, mean_episode_reward:0.1433333456516266, mean_queue:0.0
intersection:21, mean_episode_reward:0.06000000610947609, mean_queue:0.0
intersection:22, mean_episode_reward:0.24444444477558136, mean_queue:0.0
intersection:23, mean_episode_reward:0.0016666667070239782, mean_queue:0.0
intersection:24, mean_episode_reward:0.0011111111380159855, mean_queue:0.0
intersection:25, mean_episode_reward:0.08444444090127945, mean_queue:0.0
intersection:26, mean_episode_reward:0.20944444835186005, mean_queue:0.0
intersection:27, mean_episode_reward:3.832777500152588, mean_queue:0.0
intersection:28, mean_episode_reward:0.3172222673892975, mean_queue:0.0
intersection:29, mean_episode_reward:0.22611106932163239, mean_queue:0.0
intersection:30, mean_episode_reward:0.56333327293396, mean_queue:0.0
intersection:31, mean_episode_reward:0.0016666667070239782, mean_queue:0.0
HELDOUT episode:20/100, demand:raw_data/grid4x4/od_hubs/demand_set/hold_00.rou.xml, travel time:222.07727975270478, rewards:-9.055556233723959, queue:1.6854166666666666, delay:0.06776416566636827, throughput:647
HELDOUT episode:20/100, demand:raw_data/grid4x4/od_hubs/demand_set/hold_01.rou.xml, travel time:211.80758426966293, rewards:-7.261111789279514, queue:1.3260416666666666, delay:0.06593645413716634, throughput:712
HELDOUT episode:20/100, demand:raw_data/grid4x4/od_hubs/demand_set/hold_02.rou.xml, travel time:222.86083213773315, rewards:-7.3344434950086805, queue:1.3866319444444444, delay:0.0689657211303711, throughput:697
HELDOUT_MEAN episode:20/100, travel time:218.91523205336694 (n=3)
episode:21/100, train_demand:raw_data/grid4x4/od_hubs/demand_set/train_01.rou.xml
step:1800/1800, q_loss:14.636862754821777, rewards:-8.50333251953125, queue:1.3614583333333334, delay:0.06895501878526476, throughput:683
episode:21/100, real avg travel time:223.21961932650072
intersection:0, mean_episode_reward:-0.1894443780183792, mean_queue:1.2277777194976807
intersection:1, mean_episode_reward:0.16055560111999512, mean_queue:2.211111068725586
intersection:2, mean_episode_reward:-0.3683333396911621, mean_queue:2.894444465637207
intersection:3, mean_episode_reward:0.13722223043441772, mean_queue:1.0888888835906982
intersection:4, mean_episode_reward:-0.2866666615009308, mean_queue:1.5499999523162842
intersection:5, mean_episode_reward:-0.9777777194976807, mean_queue:2.5222222805023193
intersection:6, mean_episode_reward:-3.739443063735962, mean_queue:6.122222423553467
intersection:7, mean_episode_reward:0.9144445061683655, mean_queue:2.155555486679077
intersection:8, mean_episode_reward:-0.6816666722297668, mean_queue:1.6777777671813965
intersection:9, mean_episode_reward:-1.859444499015808, mean_queue:5.061110973358154
intersection:10, mean_episode_reward:1.29444420337677, mean_queue:4.377777576446533
intersection:11, mean_episode_reward:-0.4394443929195404, mean_queue:2.711111068725586
intersection:12, mean_episode_reward:0.03166660666465759, mean_queue:1.1111111640930176
intersection:13, mean_episode_reward:-1.7966665029525757, mean_queue:3.1611111164093018
intersection:14, mean_episode_reward:-0.4605555236339569, mean_queue:2.155555486679077
intersection:15, mean_episode_reward:-2.561666488647461, mean_queue:3.538888931274414
intersection:16, mean_episode_reward:0.0, mean_queue:0.0
intersection:17, mean_episode_reward:0.11055554449558258, mean_queue:0.0
intersection:18, mean_episode_reward:0.12444445490837097, mean_queue:0.0
intersection:19, mean_episode_reward:0.10999999940395355, mean_queue:0.0
intersection:20, mean_episode_reward:0.13388888537883759, mean_queue:0.0
intersection:21, mean_episode_reward:0.0811111107468605, mean_queue:0.0
intersection:22, mean_episode_reward:0.014444444328546524, mean_queue:0.0
intersection:23, mean_episode_reward:0.002222222276031971, mean_queue:0.0
intersection:24, mean_episode_reward:0.0038888887502253056, mean_queue:0.0
intersection:25, mean_episode_reward:0.4261111319065094, mean_queue:0.0
intersection:26, mean_episode_reward:0.4444444477558136, mean_queue:0.0
intersection:27, mean_episode_reward:0.22777777910232544, mean_queue:0.0
intersection:28, mean_episode_reward:0.2761111259460449, mean_queue:0.0
intersection:29, mean_episode_reward:0.21944443881511688, mean_queue:0.0
intersection:30, mean_episode_reward:0.1527777761220932, mean_queue:0.0
intersection:31, mean_episode_reward:-0.007777777500450611, mean_queue:0.0
episode:22/100, train_demand:raw_data/grid4x4/od_hubs/demand_set/train_02.rou.xml
step:1800/1800, q_loss:14.036066055297852, rewards:-7.471666124131945, queue:1.1708333333333334, delay:0.06155551274617513, throughput:705
episode:22/100, real avg travel time:205.6439716312057
intersection:0, mean_episode_reward:-0.4994443655014038, mean_queue:1.2777777910232544
intersection:1, mean_episode_reward:0.1166667491197586, mean_queue:1.2222222089767456
intersection:2, mean_episode_reward:0.2377777248620987, mean_queue:2.3777778148651123
intersection:3, mean_episode_reward:-0.2911111116409302, mean_queue:1.244444489479065
intersection:4, mean_episode_reward:0.8544442653656006, mean_queue:1.2000000476837158
intersection:5, mean_episode_reward:-1.213333249092102, mean_queue:3.194444417953491
intersection:6, mean_episode_reward:-2.376667022705078, mean_queue:4.705555438995361
intersection:7, mean_episode_reward:-0.38777780532836914, mean_queue:1.3222222328186035
intersection:8, mean_episode_reward:-1.69944429397583, mean_queue:2.4666666984558105
intersection:9, mean_episode_reward:-0.32888880372047424, mean_queue:4.238888740539551
intersection:10, mean_episode_reward:0.2994444668292999, mean_queue:3.277777671813965
intersection:11, mean_episode_reward:-1.3622221946716309, mean_queue:2.1888887882232666
intersection:12, mean_episode_reward:0.29444459080696106, mean_queue:0.8611111044883728
intersection:13, mean_episode_reward:-3.36555552482605, mean_queue:4.333333492279053
intersection:14, mean_episode_reward:0.8761111497879028, mean_queue:1.6111111640930176
intersection:15, mean_episode_reward:-1.229444146156311, mean_queue:1.9444444179534912
intersection:16, mean_episode_reward:0.0016666667070239782, mean_queue:0.0
intersection:17, mean_episode_reward:0.10555556416511536, mean_queue:0.0
intersection:18, mean_episode_reward:0.23944446444511414, mean_queue:0.0
intersection:19, mean_episode_reward:0.1644444316625595, mean_queue:0.0
intersection:20, mean_episode_reward:0.212777778506279, mean_queue:0.0
intersection:21, mean_episode_reward:0.10833333432674408, mean_queue:0.0
intersection:22, mean_episode_reward:0.1294444352388382, mean_queue:0.0
intersection:23, mean_episode_reward:0.0, mean_queue:0.0
intersection:24, mean_episode_reward:0.002222222276031971, mean_queue:0.0
intersection:25, mean_episode_reward:0.1638888716697693, mean_queue:0.0
intersection:26, mean_episode_reward:0.5416666269302368, mean_queue:0.0
intersection:27, mean_episode_reward:0.23888887465000153, mean_queue:0.0
intersection:28, mean_episode_reward:0.47555553913116455, mean_queue:0.0
intersection:29, mean_episode_reward:0.15166667103767395, mean_queue:0.0
intersection:30, mean_episode_reward:0.06111110746860504, mean_queue:0.0
intersection:31, mean_episode_reward:0.006666666828095913, mean_queue:0.0
episode:23/100, train_demand:raw_data/grid4x4/od_hubs/demand_set/train_03.rou.xml
step:1800/1800, q_loss:13.216084480285645, rewards:-9.953889973958333, queue:1.5253472222222222, delay:0.06811722649468316, throughput:731
episode:23/100, real avg travel time:215.00273597811218
intersection:0, mean_episode_reward:-0.698888897895813, mean_queue:1.1777777671813965
intersection:1, mean_episode_reward:0.6750001311302185, mean_queue:1.0666667222976685
intersection:2, mean_episode_reward:-0.4200000464916229, mean_queue:2.5
intersection:3, mean_episode_reward:-0.13055555522441864, mean_queue:0.6499999761581421
intersection:4, mean_episode_reward:0.3599998354911804, mean_queue:0.855555534362793
intersection:5, mean_episode_reward:-1.0411111116409302, mean_queue:2.4111111164093018
intersection:6, mean_episode_reward:-0.8572225570678711, mean_queue:4.3222222328186035
intersection:7, mean_episode_reward:0.03666655719280243, mean_queue:1.7999999523162842
intersection:8, mean_episode_reward:0.17944444715976715, mean_queue:1.644444465637207
intersection:9, mean_episode_reward:-4.279445171356201, mean_queue:7.833333492279053
intersection:10, mean_episode_reward:0.12499997019767761, mean_queue:7.833333492279053
intersection:11, mean_episode_reward:-1.2661110162734985, mean_queue:4.633333206176758
intersection:12, mean_episode_reward:0.3438888192176819, mean_queue:1.5722222328186035
intersection:13, mean_episode_reward:-2.9649996757507324, mean_queue:4.461111068725586
intersection:14, mean_episode_reward:0.3861111104488373, mean_queue:2.1111111640930176
intersection:15, mean_episode_reward:-3.491666316986084, mean_queue:3.9388887882232666
intersection:16, mean_episode_reward:0.12111110985279083, mean_queue:0.0
intersection:17, mean_episode_reward:0.05944443866610527, mean_queue:0.0
intersection:18, mean_episode_reward:0.18500001728534698, mean_queue:0.0
intersection:19, mean_episode_reward:0.6344444751739502, mean_queue:0.0
intersection:20, mean_episode_reward:0.14944444596767426, mean_queue:0.0
intersection:21, mean_episode_reward:0.06499999761581421, mean_queue:0.0
intersection:22, mean_episode_reward:0.022777777165174484, mean_queue:0.0
intersection:23, mean_episode_reward:0.0, mean_queue:0.0
intersection:24, mean_episode_reward:0.0, mean_queue:0.0
intersection:25, mean_episode_reward:0.185555562376976, mean_queue:0.0
intersection:26, mean_episode_reward:0.26222220063209534, mean_queue:0.0
intersection:27, mean_episode_reward:0.5544443726539612, mean_queue:0.0
intersection:28, mean_episode_reward:0.3611110746860504, mean_queue:0.0
intersection:29, mean_episode_reward:0.2611110806465149, mean_queue:0.0
intersection:30, mean_episode_reward:0.23555555939674377, mean_queue:0.0
intersection:31, mean_episode_reward:-0.007222222164273262, mean_queue:0.0
episode:24/100, train_demand:raw_data/grid4x4/od_hubs/demand_set/train_04.rou.xml
step:1800/1800, q_loss:12.493475914001465, rewards:-7.9311102973090275, queue:1.3246527777777777, delay:0.06321816444396973, throughput:634
episode:24/100, real avg travel time:202.57728706624604
intersection:0, mean_episode_reward:-0.0005554941017180681, mean_queue:0.9611111283302307
intersection:1, mean_episode_reward:-1.4794443845748901, mean_queue:2.644444465637207
intersection:2, mean_episode_reward:-1.2100001573562622, mean_queue:2.9944443702697754
intersection:3, mean_episode_reward:0.10333336889743805, mean_queue:0.6166666746139526
intersection:4, mean_episode_reward:-1.5188887119293213, mean_queue:2.722222328186035
intersection:5, mean_episode_reward:0.11666641384363174, mean_queue:2.2666666507720947
intersection:6, mean_episode_reward:0.2038888782262802, mean_queue:3.183333396911621
intersection:7, mean_episode_reward:-0.7922220826148987, mean_queue:1.7055555582046509
intersection:8, mean_episode_reward:-0.9138888120651245, mean_queue:1.8222222328186035
intersection:9, mean_episode_reward:-0.9055553078651428, mean_queue:4.77222204208374
intersection:10, mean_episode_reward:0.5472221374511719, mean_queue:3.98888897895813
intersection:11, mean_episode_reward:0.41888880729675293, mean_queue:1.8166667222976685
intersection:12, mean_episode_reward:0.4838889539241791, mean_queue:0.42222222685813904
intersection:13, mean_episode_reward:-2.0149998664855957, mean_queue:2.827777862548828
intersection:14, mean_episode_reward:1.1822222471237183, mean_queue:1.6833332777023315
intersection:15, mean_episode_reward:-7.362777233123779, mean_queue:7.961111068725586
intersection:16, mean_episode_reward:0.0038888887502253056, mean_queue:0.0
intersection:17, mean_episode_reward:0.12333333492279053, mean_queue:0.0
intersection:18, mean_episode_reward:0.13777779042720795, mean_queue:0.0
intersection:19, mean_episode_reward:0.11055555194616318, mean_queue:0.0
intersection:20, mean_episode_reward:0.1688889116048813, mean_queue:0.0
intersection:21, mean_episode_reward:0.2944444417953491, mean_queue:0.0
intersection:22, mean_episode_reward:0.36944442987442017, mean_queue:0.0
intersection:23, mean_episode_reward:0.0038888887502253056, mean_queue:0.0
intersection:24, mean_episode_reward:0.0, mean_queue:0.0
intersection:25, mean_episode_reward:0.11722221225500107, mean_queue:0.0
intersection:26, mean_episode_reward:0.42888885736465454, mean_queue:0.0
intersection:27, mean_episode_reward:2.8088889122009277, mean_queue:0.0
intersection:28, mean_episode_reward:0.19555555284023285, mean_queue:0.0
intersection:29, mean_episode_reward:0.2783333361148834, mean_queue:0.0
intersection:30, mean_episode_reward:0.18833334743976593, mean_queue:0.0
intersection:31, mean_episode_reward:-0.018333332613110542, mean_queue:0.0
episode:25/100, train_demand:raw_data/grid4x4/od_hubs/demand_set/train_05.rou.xml
step:1800/1800, q_loss:12.09776496887207, rewards:-7.6566650390625, queue:1.393923611111111, delay:0.06618915134006076, throughput:703
episode:25/100, real avg travel time:223.84637268847794
intersection:0, mean_episode_reward:-0.5994442701339722, mean_queue:1.4277777671813965
intersection:1, mean_episode_reward:-0.848333477973938, mean_queue:1.5499999523162842
intersection:2, mean_episode_reward:-0.17666669189929962, mean_queue:1.9722222089767456
intersection:3, mean_episode_reward:-0.0038889090064913034, mean_queue:0.9055555462837219
intersection:4, mean_episode_reward:0.8294442892074585, mean_queue:1.9777777194976807
intersection:5, mean_episode_reward:-0.5505555272102356, mean_queue:2.1222221851348877
intersection:6, mean_episode_reward:-0.2588891088962555, mean_queue:3.672222137451172
intersection:7, mean_episode_reward:-0.10777776688337326, mean_queue:1.3055555820465088
intersection:8, mean_episode_reward:-3.0933332443237305, mean_queue:4.344444274902344
intersection:9, mean_episode_reward:-1.6688883304595947, mean_queue:5.5
intersection:10, mean_episode_reward:1.0761114358901978, mean_queue:6.4277777671813965
intersection:11, mean_episode_reward:-0.5811112523078918, mean_queue:3.4555554389953613
intersection:12, mean_episode_reward:0.12333330512046814, mean_queue:0.855555534362793
intersection:13, mean_episode_reward:-2.488333225250244, mean_queue:3.5166666507720947
intersection:14, mean_episode_reward:-0.019444303587079048, mean_queue:2.5055556297302246
intersection:15, mean_episode_reward:-2.2850003242492676, mean_queue:3.066666603088379
intersection:16, mean_episode_reward:0.002222222276031971, mean_queue:0.0
intersection:17, mean_episode_reward:0.10333334654569626, mean_queue:0.0
intersection:18, mean_episode_reward:0.27166667580604553, mean_queue:0.0
intersection:19, mean_episode_reward:0.1111111119389534, mean_queue:0.0
intersection:20, mean_episode_reward:0.1461111158132553, mean_queue:0.0
intersection:21, mean_episode_reward:0.07500000298023224, mean_queue:0.0
intersection:22, mean_episode_reward:0.10833333432674408, mean_queue:0.0
intersection:23, mean_episode_reward:0.0005555555690079927, mean_queue:0.0
intersection:24, mean_episode_reward:0.0011111111380159855, mean_queue:0.0
intersection:25, mean_episode_reward:0.12000000476837158, mean_queue:0.0
intersection:26, mean_episode_reward:0.6766666769981384, mean_queue:0.0
intersection:27, mean_episode_reward:0.6638888716697693, mean_queue:0.0
intersection:28, mean_episode_reward:0.4549999535083771, mean_queue:0.0
intersection:29, mean_episode_reward:0.22611109912395477, mean_queue:0.0
intersection:30, mean_episode_reward:0.03222221881151199, mean_queue:0.0
intersection:31, mean_episode_reward:0.0027777778450399637, mean_queue:0.0
episode:26/100, train_demand:raw_data/grid4x4/od_hubs/demand_set/train_06.rou.xml
step:1800/1800, q_loss:11.626144409179688, rewards:-5.818886990017361, queue:0.9390625, delay:0.05575098991394043, throughput:712
episode:26/100, real avg travel time:192.60393258426967
intersection:0, mean_episode_reward:-1.1777777671813965, mean_queue:1.8111110925674438
intersection:1, mean_episode_reward:-0.6222222447395325, mean_queue:1.4277777671813965
intersection:2, mean_episode_reward:0.64000004529953, mean_queue:1.1722222566604614
intersection:3, mean_episode_reward:-0.7227776646614075, mean_queue:1.3055555820465088
intersection:4, mean_episode_reward:1.6294445991516113, mean_queue:0.9722222089767456
intersection:5, mean_episode_reward:-0.6838890314102173, mean_queue:2.316666603088379
intersection:6, mean_episode_reward:-0.5983331203460693, mean_queue:2.211111068725586
intersection:7, mean_episode_reward:-0.029999973252415657, mean_queue:1.2000000476837158
intersection:8, mean_episode_reward:-1.698889136314392, mean_queue:2.7666666507720947
intersection:9, mean_episode_reward:-1.8388887643814087, mean_queue:4.05555534362793
intersection:10, mean_episode_reward:-0.9811111688613892, mean_queue:2.8388888835906982
intersection:11, mean_episode_reward:-0.37111103534698486, mean_queue:1.3111110925674438
intersection:12, mean_episode_reward:1.2972221374511719, mean_queue:0.8777777552604675
intersection:13, mean_episode_reward:-3.048332452774048, mean_queue:3.9277777671813965
intersection:14, mean_episode_reward:0.3372221291065216, mean_queue:1.0777777433395386
intersection:15, mean_episode_reward:-0.1966666579246521, mean_queue:0.7777777910232544
intersection:16, mean_episode_reward:0.004999999888241291, mean_queue:0.0
intersection:17, mean_episode_reward:0.027222219854593277, mean_queue:0.0
intersection:18, mean_episode_reward:0.08499999344348907, mean_queue:0.0
intersection:19, mean_episode_reward:0.14999999105930328, mean_queue:0.0
intersection:20, mean_episode_reward:0.13722221553325653, mean_queue:0.0
intersection:21, mean_episode_reward:0.027222223579883575, mean_queue:0.0
intersection:22, mean_episode_reward:0.08166666328907013, mean_queue:0.0
intersection:23, mean_episode_reward:0.0, mean_queue:0.0
intersection:24, mean_episode_reward:0.0, mean_queue:0.0
intersection:25, mean_episode_reward:0.5122222304344177, mean_queue:0.0
intersection:26, mean_episode_reward:0.4144443869590759, mean_queue:0.0
intersection:27, mean_episode_reward:0.34833329916000366, mean_queue:0.0
intersection:28, mean_episode_reward:0.25111109018325806, mean_queue:0.0
intersection:29, mean_episode_reward:0.1761111319065094, mean_queue:0.0
intersection:30, mean_episode_reward:0.04333333298563957, mean_queue:0.0
intersection:31, mean_episode_reward:-0.011666667647659779, mean_queue:0.0
episode:27/100, train_demand:raw_data/grid4x4/od_hubs/demand_set/train_07.rou.xml
step:1800/1800, q_loss:11.544631958007812, rewards:-6.406667751736111, queue:0.8699652777777778, delay:0.05365903642442491, throughput:745
episode:27/100, real avg travel time:194.63221476510068
intersection:0, mean_episode_reward:-0.23500001430511475, mean_queue:0.8444444537162781
intersection:1, mean_episode_reward:0.19388890266418457, mean_queue:1.2166666984558105
intersection:2, mean_episode_reward:0.1994444578886032, mean_queue:1.5611110925674438
intersection:3, mean_episode_reward:-0.6538888216018677, mean_queue:1.255555510520935
intersection:4, mean_episode_reward:-0.5122223496437073, mean_queue:1.2999999523162842
intersection:5, mean_episode_reward:-1.0816669464111328, mean_queue:1.7999999523162842
intersection:6, mean_episode_reward:-0.6216667890548706, mean_queue:2.549999952316284
intersection:7, mean_episode_reward:-0.39777785539627075, mean_queue:1.9777777194976807
intersection:8, mean_episode_reward:-0.5633333921432495, mean_queue:1.5222222805023193
intersection:9, mean_episode_reward:-1.7422223091125488, mean_queue:3.0055556297302246
intersection:10, mean_episode_reward:-0.22055554389953613, mean_queue:2.605555534362793
intersection:11, mean_episode_reward:-0.34944450855255127, mean_queue:1.8166667222976685
intersection:12, mean_episode_reward:0.27666667103767395, mean_queue:0.6833333373069763
intersection:13, mean_episode_reward:-1.929444670677185, mean_queue:2.6222221851348877
intersection:14, mean_episode_reward:-0.5250004529953003, mean_queue:1.538888931274414
intersection:15, mean_episode_reward:-0.6305555701255798, mean_queue:1.538888931274414
intersection:16, mean_episode_reward:0.0, mean_queue:0.0
intersection:17, mean_episode_reward:0.12055555731058121, mean_queue:0.0
intersection:18, mean_episode_reward:0.09444444626569748, mean_queue:0.0
intersection:19, mean_episode_reward:0.09111110866069794, mean_queue:0.0
intersection:20, mean_episode_reward:0.20277775824069977, mean_queue:0.0
intersection:21, mean_episode_reward:0.09055554866790771, mean_queue:0.0
intersection:22, mean_episode_reward:0.02777777798473835, mean_queue:0.0
intersection:23, mean_episode_reward:0.0, mean_queue:0.0
intersection:24, mean_episode_reward:0.0011111111380159855, mean_queue:0.0
intersection:25, mean_episode_reward:0.5583333969116211, mean_queue:0.0
intersection:26, mean_episode_reward:0.37611114978790283, mean_queue:0.0
intersection:27, mean_episode_reward:0.3805555999279022, mean_queue:0.0
intersection:28, mean_episode_reward:0.25333335995674133, mean_queue:0.0
intersection:29, mean_episode_reward:0.12777778506278992, mean_queue:0.0
intersection:30, mean_episode_reward:0.07000000029802322, mean_queue:0.0
intersection:31, mean_episode_reward:-0.008333333767950535, mean_queue:0.0
episode:28/100, train_demand:raw_data/grid4x4/od_hubs/demand_set/train_08.rou.xml
step:1800/1800, q_loss:11.091443061828613, rewards:-6.414443630642361, queue:0.8973958333333333, delay:0.05436832110087077, throughput:752
episode:28/100, real avg travel time:192.5345744680851
intersection:0, mean_episode_reward:-1.3111110925674438, mean_queue:1.7777777910232544
intersection:1, mean_episode_reward:-0.12888887524604797, mean_queue:1.1833332777023315
intersection:2, mean_episode_reward:-0.20166656374931335, mean_queue:1.5444444417953491
intersection:3, mean_episode_reward:-0.10055553913116455, mean_queue:0.8111110925674438
intersection:4, mean_episode_reward:0.1022222638130188, mean_queue:1.5944443941116333
intersection:5, mean_episode_reward:-1.2477775812149048, mean_queue:1.9444444179534912
intersection:6, mean_episode_reward:-0.2927776873111725, mean_queue:2.5222222805023193
intersection:7, mean_episode_reward:-0.5027777552604675, mean_queue:1.394444465637207
intersection:8, mean_episode_reward:0.21333351731300354, mean_queue:1.4222222566604614
intersection:9, mean_episode_reward:-0.7422221899032593, mean_queue:3.3611111640930176
intersection:10, mean_episode_reward:-1.3433339595794678, mean_queue:3.2333333492279053
intersection:11, mean_episode_reward:-0.5205554962158203, mean_queue:1.1611111164093018
intersection:12, mean_episode_reward:0.04333335906267166, mean_queue:0.855555534362793
intersection:13, mean_episode_reward:-2.0622220039367676, mean_queue:3.0444445610046387
intersection:14, mean_episode_reward:-0.19222213327884674, mean_queue:1.4888888597488403
intersection:15, mean_episode_reward:-0.6649999618530273, mean_queue:1.3777778148651123
intersection:16, mean_episode_reward:0.06277777254581451, mean_queue:0.0
intersection:17, mean_episode_reward:0.0811111107468605, mean_queue:0.0
intersection:18, mean_episode_reward:0.10999999940395355, mean_queue:0.0
intersection:19, mean_episode_reward:0.2827778160572052, mean_queue:0.0
intersection:20, mean_episode_reward:0.14055556058883667, mean_queue:0.0
intersection:21, mean_episode_reward:0.09055554866790771, mean_queue:0.0
intersection:22, mean_episode_reward:0.09944445639848709, mean_queue:0.0
intersection:23, mean_episode_reward:0.09333332628011703, mean_queue:0.0
intersection:24, mean_episode_reward:0.0011111111380159855, mean_queue:0.0
intersection:25, mean_episode_reward:0.036666665226221085, mean_queue:0.0
intersection:26, mean_episode_reward:0.4466666877269745, mean_queue:0.0
intersection:27, mean_episode_reward:0.42444440722465515, mean_queue:0.0
intersection:28, mean_episode_reward:0.27666667103767395, mean_queue:0.0
intersection:29, mean_episode_reward:0.20555555820465088, mean_queue:0.0
intersection:30, mean_episode_reward:0.18444444239139557, mean_queue:0.0
intersection:31, mean_episode_reward:0.0016666667070239782, mean_queue:0.0
episode:29/100, train_demand:raw_data/grid4x4/od_hubs/demand_set/train_09.rou.xml
step:1800/1800, q_loss:10.732746124267578, rewards:-5.62888929578993, queue:0.9022569444444445, delay:0.05416360961066352, throughput:707
episode:29/100, real avg travel time:190.86280056577087
intersection:0, mean_episode_reward:-0.22277776896953583, mean_queue:0.9111111164093018
intersection:1, mean_episode_reward:-0.23888905346393585, mean_queue:1.5555555820465088
intersection:2, mean_episode_reward:-0.3244445025920868, mean_queue:2.98888897895813
intersection:3, mean_episode_reward:-0.6138888597488403, mean_queue:1.0444444417953491
intersection:4, mean_episode_reward:-0.021666713058948517, mean_queue:1.25
intersection:5, mean_episode_reward:-0.44555553793907166, mean_queue:2.0055556297302246
intersection:6, mean_episode_reward:0.41333335638046265, mean_queue:3.305555582046509
intersection:7, mean_episode_reward:3.3709739000187255e-08, mean_queue:1.244444489479065
intersection:8, mean_episode_reward:-0.8650000691413879, mean_queue:1.8777778148651123
intersection:9, mean_episode_reward:-0.24833333492279053, mean_queue:2.644444465637207
intersection:10, mean_episode_reward:-1.8444442749023438, mean_queue:3.461111068725586
intersection:11, mean_episode_reward:-1.472222089767456, mean_queue:1.9444444179534912
intersection:12, mean_episode_reward:0.0922221839427948, mean_queue:0.7277777791023254
intersection:13, mean_episode_reward:-1.1288890838623047, mean_queue:1.8055555820465088
intersection:14, mean_episode_reward:-0.5088889598846436, mean_queue:1.0833333730697632
intersection:15, mean_episode_reward:-0.36222219467163086, mean_queue:1.0222222805023193
intersection:16, mean_episode_reward:0.02666666731238365, mean_queue:0.0
intersection:17, mean_episode_reward:0.03166666626930237, mean_queue:0.0
intersection:18, mean_episode_reward:0.13055555522441864, mean_queue:0.0
intersection:19, mean_episode_reward:0.315555602312088, mean_queue:0.0
intersection:20, mean_episode_reward:0.24166668951511383, mean_queue:0.0
intersection:21, mean_episode_reward:0.09888889640569687, mean_queue:0.0
intersection:22, mean_episode_reward:0.16611111164093018, mean_queue:0.0
intersection:23, mean_episode_reward:0.0, mean_queue:0.0
intersection:24, mean_episode_reward:0.002222222276031971, mean_queue:0.0
intersection:25, mean_episode_reward:0.012777777388691902, mean_queue:0.0
intersection:26, mean_episode_reward:0.23000000417232513, mean_queue:0.0
intersection:27, mean_episode_reward:0.5166666507720947, mean_queue:0.0
intersection:28, mean_episode_reward:0.18888889253139496, mean_queue:0.0
intersection:29, mean_episode_reward:0.13388888537883759, mean_queue:0.0
intersection:30, mean_episode_reward:0.07777778059244156, mean_queue:0.0
intersection:31, mean_episode_reward:-0.010555555112659931, mean_queue:0.0
episode:30/100, train_demand:raw_data/grid4x4/od_hubs/demand_set/train_00.rou.xml
step:1800/1800, q_loss:10.40551471710205, rewards:-5.699999321831597, queue:0.7769097222222222, delay:0.04894703759087456, throughput:680
episode:30/100, real avg travel time:191.46323529411765
intersection:0, mean_episode_reward:-0.21000003814697266, mean_queue:0.8999999761581421
intersection:1, mean_episode_reward:-0.6916667819023132, mean_queue:1.2000000476837158
intersection:2, mean_episode_reward:-1.6272218227386475, mean_queue:2.5611112117767334
intersection:3, mean_episode_reward:0.015555532649159431, mean_queue:0.550000011920929
intersection:4, mean_episode_reward:-0.6844444870948792, mean_queue:1.755555510520935
intersection:5, mean_episode_reward:-0.4811110496520996, mean_queue:2.1222221851348877
intersection:6, mean_episode_reward:-0.16388866305351257, mean_queue:3.183333396911621
intersection:7, mean_episode_reward:-0.4333333671092987, mean_queue:1.4777777194976807
intersection:8, mean_episode_reward:-0.03222222253680229, mean_queue:1.2333333492279053
intersection:9, mean_episode_reward:-0.35833337903022766, mean_queue:1.8444443941116333
intersection:10, mean_episode_reward:-1.6672215461730957, mean_queue:2.722222328186035
intersection:11, mean_episode_reward:-0.8394447565078735, mean_queue:1.3444443941116333
intersection:12, mean_episode_reward:0.5799999833106995, mean_queue:0.4555555582046509
intersection:13, mean_episode_reward:-1.4250003099441528, mean_queue:1.8055555820465088
intersection:14, mean_episode_reward:0.047777801752090454, mean_queue:0.8222222328186035
intersection:15, mean_episode_reward:-0.43277767300605774, mean_queue:0.8833333253860474
intersection:16, mean_episode_reward:0.0, mean_queue:0.0
intersection:17, mean_episode_reward:0.049444448202848434, mean_queue:0.0
intersection:18, mean_episode_reward:0.11388887465000153, mean_queue:0.0
intersection:19, mean_episode_reward:0.24500001966953278, mean_queue:0.0
intersection:20, mean_episode_reward:0.2244444340467453, mean_queue:0.0
intersection:21, mean_episode_reward:0.06111111491918564, mean_queue:0.0
intersection:22, mean_episode_reward:0.5172222256660461, mean_queue:0.0
intersection:23, mean_episode_reward:0.002222222276031971, mean_queue:0.0
intersection:24, mean_episode_reward:0.0011111111380159855, mean_queue:0.0
intersection:25, mean_episode_reward:0.05666666477918625, mean_queue:0.0
intersection:26, mean_episode_reward:0.18222221732139587, mean_queue:0.0
intersection:27, mean_episode_reward:0.7738890051841736, mean_queue:0.0
intersection:28, mean_episode_reward:0.1833333522081375, mean_queue:0.0
intersection:29, mean_episode_reward:0.22611109912395477, mean_queue:0.0
intersection:30, mean_episode_reward:0.07888888567686081, mean_queue:0.0
intersection:31, mean_episode_reward:-0.012222222052514553, mean_queue:0.0
HELDOUT episode:30/100, demand:raw_data/grid4x4/od_hubs/demand_set/hold_00.rou.xml, travel time:205.93858267716536, rewards:-12.06944580078125, queue:1.613888888888889, delay:0.06748314963446723, throughput:635
HELDOUT episode:30/100, demand:raw_data/grid4x4/od_hubs/demand_set/hold_01.rou.xml, travel time:208.1100278551532, rewards:-10.493890380859375, queue:1.3067708333333334, delay:0.06327336099412706, throughput:718
HELDOUT episode:30/100, demand:raw_data/grid4x4/od_hubs/demand_set/hold_02.rou.xml, travel time:209.95681063122925, rewards:-20.879443359375, queue:2.1284722222222223, delay:0.06943400700887044, throughput:602
HELDOUT_MEAN episode:30/100, travel time:208.00180705451592 (n=3)
episode:31/100, train_demand:raw_data/grid4x4/od_hubs/demand_set/train_01.rou.xml
step:1800/1800, q_loss:10.505560874938965, rewards:-6.191666666666666, queue:1.0536458333333334, delay:0.05826115608215332, throughput:707
episode:31/100, real avg travel time:207.53323903818952
intersection:0, mean_episode_reward:-0.5572222471237183, mean_queue:1.1277778148651123
intersection:1, mean_episode_reward:-0.2983332872390747, mean_queue:1.4777777194976807
intersection:2, mean_episode_reward:0.5699999332427979, mean_queue:1.3333333730697632
intersection:3, mean_episode_reward:-0.6955556273460388, mean_queue:1.0111111402511597
intersection:4, mean_episode_reward:0.03277787193655968, mean_queue:1.7777777910232544
intersection:5, mean_episode_reward:-0.7194442749023438, mean_queue:2.616666555404663
intersection:6, mean_episode_reward:0.9055556654930115, mean_queue:3.077777862548828
intersection:7, mean_episode_reward:-0.7405557632446289, mean_queue:1.5555555820465088
intersection:8, mean_episode_reward:-1.6011112928390503, mean_queue:3.0
intersection:9, mean_episode_reward:0.058333106338977814, mean_queue:2.7333333492279053
intersection:10, mean_episode_reward:-5.118888854980469, mean_queue:6.333333492279053
intersection:11, mean_episode_reward:0.426666796207428, mean_queue:0.9833333492279053
intersection:12, mean_episode_reward:0.6955553889274597, mean_queue:0.9888888597488403
intersection:13, mean_episode_reward:-1.1927777528762817, mean_queue:2.355555534362793
intersection:14, mean_episode_reward:0.3844444751739502, mean_queue:2.144444465637207
intersection:15, mean_episode_reward:-0.4433332085609436, mean_queue:1.2000000476837158
intersection:16, mean_episode_reward:0.0, mean_queue:0.0
intersection:17, mean_episode_reward:0.022777779027819633, mean_queue:0.0
intersection:18, mean_episode_reward:0.3772222399711609, mean_queue:0.0
intersection:19, mean_episode_reward:0.10111110657453537, mean_queue:0.0
intersection:20, mean_episode_reward:0.2572222054004669, mean_queue:0.0
intersection:21, mean_episode_reward:0.07499999552965164, mean_queue:0.0
intersection:22, mean_episode_reward:0.022777777165174484, mean_queue:0.0
intersection:23, mean_episode_reward:0.0016666667070239782, mean_queue:0.0
intersection:24, mean_episode_reward:0.0, mean_queue:0.0
intersection:25, mean_episode_reward:0.12333333492279053, mean_queue:0.0
intersection:26, mean_episode_reward:0.23277775943279266, mean_queue:0.0
intersection:27, mean_episode_reward:0.34611111879348755, mean_queue:0.0
intersection:28, mean_episode_reward:0.24166668951511383, mean_queue:0.0
intersection:29, mean_episode_reward:0.18777777254581451, mean_queue:0.0
intersection:30, mean_episode_reward:0.12388888746500015, mean_queue:0.0
intersection:31, mean_episode_reward:-0.011111111380159855, mean_queue:0.0
episode:32/100, train_demand:raw_data/grid4x4/od_hubs/demand_set/train_02.rou.xml
step:1800/1800, q_loss:10.360516548156738, rewards:-6.131666395399305, queue:0.9819444444444444, delay:0.0545212533738878, throughput:718
episode:32/100, real avg travel time:196.94846796657382
intersection:0, mean_episode_reward:-0.40055567026138306, mean_queue:1.0444444417953491
intersection:1, mean_episode_reward:0.43777796626091003, mean_queue:0.6111111044883728
intersection:2, mean_episode_reward:-0.7694441676139832, mean_queue:2.4111111164093018
intersection:3, mean_episode_reward:-0.2938888967037201, mean_queue:0.7888888716697693
intersection:4, mean_episode_reward:-0.20944450795650482, mean_queue:1.4666666984558105
intersection:5, mean_episode_reward:-0.7311111688613892, mean_queue:2.155555486679077
intersection:6, mean_episode_reward:-2.9666666984558105, mean_queue:5.538888931274414
intersection:7, mean_episode_reward:0.6966666579246521, mean_queue:1.3611111640930176
intersection:8, mean_episode_reward:-1.1855555772781372, mean_queue:2.444444417953491
intersection:9, mean_episode_reward:-0.15333332121372223, mean_queue:2.2833333015441895
intersection:10, mean_episode_reward:-0.6861110925674438, mean_queue:2.7555556297302246
intersection:11, mean_episode_reward:-1.1349999904632568, mean_queue:1.961111068725586
intersection:12, mean_episode_reward:0.5922221541404724, mean_queue:0.855555534362793
intersection:13, mean_episode_reward:-2.531111240386963, mean_queue:3.672222137451172
intersection:14, mean_episode_reward:1.0133334398269653, mean_queue:1.4444444179534912
intersection:15, mean_episode_reward:-0.2155555784702301, mean_queue:0.6277777552604675
intersection:16, mean_episode_reward:0.002222222276031971, mean_queue:0.0
intersection:17, mean_episode_reward:0.08888889104127884, mean_queue:0.0
intersection:18, mean_episode_reward:0.10055555403232574, mean_queue:0.0
intersection:19, mean_episode_reward:0.19277776777744293, mean_queue:0.0
intersection:20, mean_episode_reward:0.1944444477558136, mean_queue:0.0
intersection:21, mean_episode_reward:0.04555555433034897, mean_queue:0.0
intersection:22, mean_episode_reward:0.5838889479637146, mean_queue:0.0
intersection:23, mean_episode_reward:0.0, mean_queue:0.0
intersection:24, mean_episode_reward:0.0011111111380159855, mean_queue:0.0
intersection:25, mean_episode_reward:0.02333333157002926, mean_queue:0.0
intersection:26, mean_episode_reward:0.3638888895511627, mean_queue:0.0
intersection:27, mean_episode_reward:0.41111111640930176, mean_queue:0.0
intersection:28, mean_episode_reward:0.1505555659532547, mean_queue:0.0
intersection:29, mean_episode_reward:0.19055555760860443, mean_queue:0.0
intersection:30, mean_episode_reward:0.05111110955476761, mean_queue:0.0
intersection:31, mean_episode_reward:0.0061111110262572765, mean_queue:0.0
episode:33/100, train_demand:raw_data/grid4x4/od_hubs/demand_set/train_03.rou.xml
step:1800/1800, q_loss:9.816014289855957, rewards:-7.822220865885416, queue:1.0248263888888889, delay:0.05489292144775391, throughput:771
episode:33/100, real avg travel time:194.42931258106356
intersection:0, mean_episode_reward:0.40777796506881714, mean_queue:0.3499999940395355
intersection:1, mean_episode_reward:-0.5222221612930298, mean_queue:1.4833333492279053
intersection:2, mean_episode_reward:-0.3288889229297638, mean_queue:1.3388888835906982
intersection:3, mean_episode_reward:-0.44555553793907166, mean_queue:0.8166666626930237
intersection:4, mean_episode_reward:-0.4605554938316345, mean_queue:1.2777777910232544
intersection:5, mean_episode_reward:-0.47999995946884155, mean_queue:2.26111102104187
intersection:6, mean_episode_reward:-1.3044443130493164, mean_queue:3.4666666984558105
intersection:7, mean_episode_reward:-0.6211110949516296, mean_queue:2.077777862548828
intersection:8, mean_episode_reward:0.11055554449558258, mean_queue:1.2166666984558105
intersection:9, mean_episode_reward:-1.4622223377227783, mean_queue:3.0166666507720947
intersection:10, mean_episode_reward:0.9961111545562744, mean_queue:2.7833333015441895
intersection:11, mean_episode_reward:-2.410555124282837, mean_queue:3.355555534362793
intersection:12, mean_episode_reward:0.5283334255218506, mean_queue:0.4611110985279083
intersection:13, mean_episode_reward:-2.149444103240967, mean_queue:3.0
intersection:14, mean_episode_reward:0.1361110955476761, mean_queue:1.8611111640930176
intersection:15, mean_episode_reward:-3.628333806991577, mean_queue:4.027777671813965
intersection:16, mean_episode_reward:0.011111111380159855, mean_queue:0.0
intersection:17, mean_episode_reward:0.06555555760860443, mean_queue:0.0
intersection:18, mean_episode_reward:0.21222223341464996, mean_queue:0.0
intersection:19, mean_episode_reward:0.2755555510520935, mean_queue:0.0
intersection:20, mean_episode_reward:0.1688888967037201, mean_queue:0.0
intersection:21, mean_episode_reward:0.04555555433034897, mean_queue:0.0
intersection:22, mean_episode_reward:0.03777777776122093, mean_queue:0.0
intersection:23, mean_episode_reward:0.0, mean_queue:0.0
intersection:24, mean_episode_reward:0.0, mean_queue:0.0
intersection:25, mean_episode_reward:0.018333332613110542, mean_queue:0.0
intersection:26, mean_episode_reward:0.24333332479000092, mean_queue:0.0
intersection:27, mean_episode_reward:1.8861112594604492, mean_queue:0.0
intersection:28, mean_episode_reward:0.27166664600372314, mean_queue:0.0
intersection:29, mean_episode_reward:0.522777795791626, mean_queue:0.0
intersection:30, mean_episode_reward:0.0650000050663948, mean_queue:0.0
intersection:31, mean_episode_reward:-0.01166666578501463, mean_queue:0.0
episode:34/100, train_demand:raw_data/grid4x4/od_hubs/demand_set/train_04.rou.xml
step:1800/1800, q_loss:9.51515007019043, rewards:-5.759444173177084, queue:0.8276041666666667, delay:0.05132789611816406, throughput:685
episode:34/100, real avg travel time:190.73284671532846
intersection:0, mean_episode_reward:-0.15333335101604462, mean_queue:0.7833333611488342
intersection:1, mean_episode_reward:-1.4727774858474731, mean_queue:2.144444465637207
intersection:2, mean_episode_reward:-0.5461111068725586, mean_queue:1.355555534362793
intersection:3, mean_episode_reward:-0.26722222566604614, mean_queue:0.7555555701255798
intersection:4, mean_episode_reward:0.26166677474975586, mean_queue:0.9055555462837219
intersection:5, mean_episode_reward:0.025555642321705818, mean_queue:2.4277777671813965
intersection:6, mean_episode_reward:-0.15833333134651184, mean_queue:2.5055556297302246
intersection:7, mean_episode_reward:-0.647777795791626, mean_queue:1.6722222566604614
intersection:8, mean_episode_reward:-1.1749999523162842, mean_queue:2.0999999046325684
intersection:9, mean_episode_reward:-0.8411107659339905, mean_queue:2.75
intersection:10, mean_episode_reward:-0.7272224426269531, mean_queue:2.3888888359069824
intersection:11, mean_episode_reward:-1.820555567741394, mean_queue:2.116666555404663
intersection:12, mean_episode_reward:0.7205554246902466, mean_queue:0.4166666567325592
intersection:13, mean_episode_reward:-0.42166668176651, mean_queue:1.5111111402511597
intersection:14, mean_episode_reward:0.16555558145046234, mean_queue:1.2166666984558105
intersection:15, mean_episode_reward:-0.8833333253860474, mean_queue:1.4333332777023315
intersection:16, mean_episode_reward:0.004999999888241291, mean_queue:0.0
intersection:17, mean_episode_reward:0.029444443061947823, mean_queue:0.0
intersection:18, mean_episode_reward:0.12055555731058121, mean_queue:0.0
intersection:19, mean_episode_reward:0.09444442391395569, mean_queue:0.0
intersection:20, mean_episode_reward:0.1900000274181366, mean_queue:0.0
intersection:21, mean_episode_reward:0.10333332419395447, mean_queue:0.0
intersection:22, mean_episode_reward:0.20999999344348907, mean_queue:0.0
intersection:23, mean_episode_reward:0.0, mean_queue:0.0
intersection:24, mean_episode_reward:0.0027777778450399637, mean_queue:0.0
intersection:25, mean_episode_reward:0.21166665852069855, mean_queue:0.0
intersection:26, mean_episode_reward:0.25111111998558044, mean_queue:0.0
intersection:27, mean_episode_reward:0.2061111181974411, mean_queue:0.0
intersection:28, mean_episode_reward:0.2683333158493042, mean_queue:0.0
intersection:29, mean_episode_reward:0.38777780532836914, mean_queue:0.0
intersection:30, mean_episode_reward:0.11611110717058182, mean_queue:0.0
intersection:31, mean_episode_reward:-0.015000000596046448, mean_queue:0.0
episode:35/100, train_demand:raw_data/grid4x4/od_hubs/demand_set/train_05.rou.xml
step:1800/1800, q_loss:8.955074310302734, rewards:-5.985557047526042, queue:0.8878472222222222, delay:0.053417370054456924, throughput:733
episode:35/100, real avg travel time:197.2387448840382
intersection:0, mean_episode_reward:-0.10555555671453476, mean_queue:0.6833333373069763
intersection:1, mean_episode_reward:-1.1466667652130127, mean_queue:1.6722222566604614
intersection:2, mean_episode_reward:-0.14055559039115906, mean_queue:0.8888888955116272
intersection:3, mean_episode_reward:-0.4733332693576813, mean_queue:1.0166666507720947
intersection:4, mean_episode_reward:0.014444394037127495, mean_queue:0.9444444179534912
intersection:5, mean_episode_reward:0.017222348600625992, mean_queue:1.4277777671813965
intersection:6, mean_episode_reward:-2.22444486618042, mean_queue:3.2166666984558105
intersection:7, mean_episode_reward:1.540555715560913, mean_queue:1.1833332777023315
intersection:8, mean_episode_reward:-1.9144452810287476, mean_queue:2.816666603088379
intersection:9, mean_episode_reward:0.37388890981674194, mean_queue:2.344444513320923
intersection:10, mean_episode_reward:-1.2805553674697876, mean_queue:2.5888888835906982
intersection:11, mean_episode_reward:-1.1427781581878662, mean_queue:1.788888931274414
intersection:12, mean_episode_reward:0.9077778458595276, mean_queue:1.244444489479065
intersection:13, mean_episode_reward:-1.6583333015441895, mean_queue:3.383333444595337
intersection:14, mean_episode_reward:-1.8972223997116089, mean_queue:2.51111102104187
intersection:15, mean_episode_reward:0.4838889241218567, mean_queue:0.699999988079071
intersection:16, mean_episode_reward:0.0038888887502253056, mean_queue:0.0
intersection:17, mean_episode_reward:0.04500000178813934, mean_queue:0.0
intersection:18, mean_episode_reward:0.12444444000720978, mean_queue:0.0
intersection:19, mean_episode_reward:0.11388888955116272, mean_queue:0.0
intersection:20, mean_episode_reward:0.16333334147930145, mean_queue:0.0
intersection:21, mean_episode_reward:0.0694444477558136, mean_queue:0.0
intersection:22, mean_episode_reward:0.01166666578501463, mean_queue:0.0
intersection:23, mean_episode_reward:0.0016666667070239782, mean_queue:0.0
intersection:24, mean_episode_reward:0.002222222276031971, mean_queue:0.0
intersection:25, mean_episode_reward:0.8516667485237122, mean_queue:0.0
intersection:26, mean_episode_reward:0.3605555295944214, mean_queue:0.0
intersection:27, mean_episode_reward:0.22388888895511627, mean_queue:0.0
intersection:28, mean_episode_reward:0.33222219347953796, mean_queue:0.0
intersection:29, mean_episode_reward:0.30888885259628296, mean_queue:0.0
intersection:30, mean_episode_reward:0.047777775675058365, mean_queue:0.0
intersection:31, mean_episode_reward:0.0, mean_queue:0.0
episode:36/100, train_demand:raw_data/grid4x4/od_hubs/demand_set/train_06.rou.xml
step:1800/1800, q_loss:8.546919822692871, rewards:-5.588888888888889, queue:0.9072916666666667, delay:0.052675448523627384, throughput:722
episode:36/100, real avg travel time:194.88504155124653
intersection:0, mean_episode_reward:-0.9855557084083557, mean_queue:1.5722222328186035
intersection:1, mean_episode_reward:-0.5122222900390625, mean_queue:1.1833332777023315
intersection:2, mean_episode_reward:0.4761110842227936, mean_queue:1.505555510520935
intersection:3, mean_episode_reward:-1.9049999713897705, mean_queue:2.3222222328186035
intersection:4, mean_episode_reward:1.0399998426437378, mean_queue:1.1611111164093018
intersection:5, mean_episode_reward:-0.7338888645172119, mean_queue:2.527777671813965
intersection:6, mean_episode_reward:-0.45833346247673035, mean_queue:2.3333332538604736
intersection:7, mean_episode_reward:0.6005556583404541, mean_queue:1.3444443941116333
intersection:8, mean_episode_reward:0.4644443094730377, mean_queue:1.7000000476837158
intersection:9, mean_episode_reward:-3.5894436836242676, mean_queue:5.655555725097656
intersection:10, mean_episode_reward:-1.421110987663269, mean_queue:2.055555582046509
intersection:11, mean_episode_reward:-0.203888937830925, mean_queue:0.9722222089767456
intersection:12, mean_episode_reward:0.38944438099861145, mean_queue:0.9055555462837219
intersection:13, mean_episode_reward:0.01999995857477188, mean_queue:2.2055554389953613
intersection:14, mean_episode_reward:-0.7027779221534729, mean_queue:0.9555555582046509
intersection:15, mean_episode_reward:-0.23666666448116302, mean_queue:0.6333333253860474
intersection:16, mean_episode_reward:0.0061111110262572765, mean_queue:0.0
intersection:17, mean_episode_reward:0.033888883888721466, mean_queue:0.0
intersection:18, mean_episode_reward:0.09611110389232635, mean_queue:0.0
intersection:19, mean_episode_reward:0.16722221672534943, mean_queue:0.0
intersection:20, mean_episode_reward:0.14222224056720734, mean_queue:0.0
intersection:21, mean_episode_reward:0.035555556416511536, mean_queue:0.0
intersection:22, mean_episode_reward:0.29222220182418823, mean_queue:0.0
intersection:23, mean_episode_reward:0.0, mean_queue:0.0
intersection:24, mean_episode_reward:0.0, mean_queue:0.0
intersection:25, mean_episode_reward:0.4122222363948822, mean_queue:0.0
intersection:26, mean_episode_reward:0.19833332300186157, mean_queue:0.0
intersection:27, mean_episode_reward:0.33000001311302185, mean_queue:0.0
intersection:28, mean_episode_reward:0.2427777647972107, mean_queue:0.0
intersection:29, mean_episode_reward:0.17277778685092926, mean_queue:0.0
intersection:30, mean_episode_reward:0.05166666954755783, mean_queue:0.0
intersection:31, mean_episode_reward:-0.01166666578501463, mean_queue:0.0
episode:37/100, train_demand:raw_data/grid4x4/od_hubs/demand_set/train_07.rou.xml
step:1800/1800, q_loss:7.948773384094238, rewards:-6.566666666666666, queue:0.8269097222222223, delay:0.048143026563856335, throughput:749
episode:37/100, real avg travel time:189.14953271028037
intersection:0, mean_episode_reward:0.44888895750045776, mean_queue:0.3888888955116272
intersection:1, mean_episode_reward:-0.11444442719221115, mean_queue:0.8333333134651184
intersection:2, mean_episode_reward:-0.06555556505918503, mean_queue:1.5277777910232544
intersection:3, mean_episode_reward:-1.2233335971832275, mean_queue:1.644444465637207
intersection:4, mean_episode_reward:-1.424444556236267, mean_queue:2.0222222805023193
intersection:5, mean_episode_reward:-1.1877776384353638, mean_queue:1.850000023841858
intersection:6, mean_episode_reward:-0.5311111807823181, mean_queue:2.7055554389953613
intersection:7, mean_episode_reward:-0.20000000298023224, mean_queue:2.277777671813965
intersection:8, mean_episode_reward:-0.8894442915916443, mean_queue:1.6888889074325562
intersection:9, mean_episode_reward:-1.375, mean_queue:2.7666666507720947
intersection:10, mean_episode_reward:-0.0594443753361702, mean_queue:1.7944444417953491
intersection:11, mean_episode_reward:-0.2705555558204651, mean_queue:0.9444444179534912
intersection:12, mean_episode_reward:0.43944451212882996, mean_queue:0.6722221970558167
intersection:13, mean_episode_reward:-2.046666383743286, mean_queue:2.6777777671813965
intersection:14, mean_episode_reward:0.299444317817688, mean_queue:1.4111111164093018
intersection:15, mean_episode_reward:-0.7894445061683655, mean_queue:1.255555510520935
intersection:16, mean_episode_reward:0.0, mean_queue:0.0
intersection:17, mean_episode_reward:0.3027777671813965, mean_queue:0.0
intersection:18, mean_episode_reward:0.09388888627290726, mean_queue:0.0
intersection:19, mean_episode_reward:0.08777777850627899, mean_queue:0.0
intersection:20, mean_episode_reward:0.18333333730697632, mean_queue:0.0
intersection:21, mean_episode_reward:0.08888889104127884, mean_queue:0.0
intersection:22, mean_episode_reward:0.1066666692495346, mean_queue:0.0
intersection:23, mean_episode_reward:0.0016666667070239782, mean_queue:0.0
intersection:24, mean_episode_reward:0.0016666667070239782, mean_queue:0.0
intersection:25, mean_episode_reward:0.4833333194255829, mean_queue:0.0
intersection:26, mean_episode_reward:0.25277775526046753, mean_queue:0.0
intersection:27, mean_episode_reward:0.3772221803665161, mean_queue:0.0
intersection:28, mean_episode_reward:0.2783333361148834, mean_queue:0.0
intersection:29, mean_episode_reward:0.15777777135372162, mean_queue:0.0
intersection:30, mean_episode_reward:0.020000001415610313, mean_queue:0.0
intersection:31, mean_episode_reward:-0.013333333656191826, mean_queue:0.0
episode:38/100, train_demand:raw_data/grid4x4/od_hubs/demand_set/train_08.rou.xml
step:1800/1800, q_loss:7.480459213256836, rewards:-6.391666666666667, queue:0.8725694444444444, delay:0.05340675777859158, throughput:753
episode:38/100, real avg travel time:189.52855245683932
intersection:0, mean_episode_reward:-0.08166670054197311, mean_queue:1.3166667222976685
intersection:1, mean_episode_reward:-0.09444445371627808, mean_queue:1.0166666507720947
intersection:2, mean_episode_reward:-0.6327778100967407, mean_queue:1.8222222328186035
intersection:3, mean_episode_reward:-0.448888897895813, mean_queue:1.005555510520935
intersection:4, mean_episode_reward:-1.3211108446121216, mean_queue:2.894444465637207
intersection:5, mean_episode_reward:-1.9266666173934937, mean_queue:2.3611111640930176
intersection:6, mean_episode_reward:0.05944446474313736, mean_queue:1.9333332777023315
intersection:7, mean_episode_reward:-0.7638887763023376, mean_queue:1.7944444417953491
intersection:8, mean_episode_reward:0.5211110711097717, mean_queue:1.1111111640930176
intersection:9, mean_episode_reward:-1.8394439220428467, mean_queue:3.4166667461395264
intersection:10, mean_episode_reward:-1.2161109447479248, mean_queue:3.405555486679077
intersection:11, mean_episode_reward:0.09666668623685837, mean_queue:0.9222221970558167
intersection:12, mean_episode_reward:0.011666536331176758, mean_queue:0.7444444298744202
intersection:13, mean_episode_reward:-1.2050001621246338, mean_queue:2.0611112117767334
intersection:14, mean_episode_reward:-0.4777778089046478, mean_queue:1.5722222328186035
intersection:15, mean_episode_reward:0.07499996572732925, mean_queue:0.5444444417953491
intersection:16, mean_episode_reward:0.03333333507180214, mean_queue:0.0
intersection:17, mean_episode_reward:0.050555553287267685, mean_queue:0.0
intersection:18, mean_episode_reward:0.1455555558204651, mean_queue:0.0
intersection:19, mean_episode_reward:0.162222221493721, mean_queue:0.0
intersection:20, mean_episode_reward:0.13944444060325623, mean_queue:0.0
intersection:21, mean_episode_reward:0.08500000089406967, mean_queue:0.0
intersection:22, mean_episode_reward:0.4627777934074402, mean_queue:0.0
intersection:23, mean_episode_reward:0.17888888716697693, mean_queue:0.0
intersection:24, mean_episode_reward:0.0, mean_queue:0.0
intersection:25, mean_episode_reward:0.3383333086967468, mean_queue:0.0
intersection:26, mean_episode_reward:0.26555556058883667, mean_queue:0.0
intersection:27, mean_episode_reward:0.286111056804657, mean_queue:0.0
intersection:28, mean_episode_reward:0.2383333146572113, mean_queue:0.0
intersection:29, mean_episode_reward:0.3905555307865143, mean_queue:0.0
intersection:30, mean_episode_reward:0.07555554807186127, mean_queue:0.0
intersection:31, mean_episode_reward:0.0, mean_queue:0.0
episode:39/100, train_demand:raw_data/grid4x4/od_hubs/demand_set/train_09.rou.xml
step:1800/1800, q_loss:6.94202995300293, rewards:-6.012778049045139, queue:0.7647569444444444, delay:0.04866681628757053, throughput:728
episode:39/100, real avg travel time:188.48763736263737
intersection:0, mean_episode_reward:0.5594443082809448, mean_queue:0.4555555582046509
intersection:1, mean_episode_reward:-0.6149998903274536, mean_queue:1.3611111640930176
intersection:2, mean_episode_reward:-0.41555556654930115, mean_queue:1.0277777910232544
intersection:3, mean_episode_reward:0.2216666042804718, mean_queue:0.25
intersection:4, mean_episode_reward:-0.25999999046325684, mean_queue:1.3333333730697632
intersection:5, mean_episode_reward:-1.8961117267608643, mean_queue:1.894444465637207
intersection:6, mean_episode_reward:-0.40722206234931946, mean_queue:1.6166666746139526
intersection:7, mean_episode_reward:-0.052222203463315964, mean_queue:1.2388888597488403
intersection:8, mean_episode_reward:-1.1227779388427734, mean_queue:2.3777778148651123
intersection:9, mean_episode_reward:-0.4594443142414093, mean_queue:2.3333332538604736
intersection:10, mean_episode_reward:-0.9411110877990723, mean_queue:2.1111111640930176
intersection:11, mean_episode_reward:-0.5083333849906921, mean_queue:1.4722222089767456
intersection:12, mean_episode_reward:0.2727777659893036, mean_queue:0.5222222208976746
intersection:13, mean_episode_reward:-0.32222214341163635, mean_queue:1.355555534362793
intersection:14, mean_episode_reward:1.3000003099441528, mean_queue:1.5444444417953491
intersection:15, mean_episode_reward:-3.195000171661377, mean_queue:3.577777862548828
intersection:16, mean_episode_reward:0.011111111380159855, mean_queue:0.0
intersection:17, mean_episode_reward:0.02500000037252903, mean_queue:0.0
intersection:18, mean_episode_reward:0.12222222238779068, mean_queue:0.0
intersection:19, mean_episode_reward:0.25555554032325745, mean_queue:0.0
intersection:20, mean_episode_reward:0.16111111640930176, mean_queue:0.0
intersection:21, mean_episode_reward:0.0972222089767456, mean_queue:0.0
intersection:22, mean_episode_reward:0.1550000011920929, mean_queue:0.0
intersection:23, mean_episode_reward:0.0, mean_queue:0.0
intersection:24, mean_episode_reward:0.0, mean_queue:0.0
intersection:25, mean_episode_reward:0.17944444715976715, mean_queue:0.0
intersection:26, mean_episode_reward:0.2383333444595337, mean_queue:0.0
intersection:27, mean_episode_reward:0.14111113548278809, mean_queue:0.0
intersection:28, mean_episode_reward:0.2038888931274414, mean_queue:0.0
intersection:29, mean_episode_reward:0.1344444304704666, mean_queue:0.0
intersection:30, mean_episode_reward:0.11499999463558197, mean_queue:0.0
intersection:31, mean_episode_reward:-0.011111111380159855, mean_queue:0.0
episode:40/100, train_demand:raw_data/grid4x4/od_hubs/demand_set/train_00.rou.xml
step:1800/1800, q_loss:6.380493640899658, rewards:-6.381666395399305, queue:0.7505208333333333, delay:0.04616125954522027, throughput:683
episode:40/100, real avg travel time:190.39531478770132
intersection:0, mean_episode_reward:0.3172221779823303, mean_queue:0.9777777791023254
intersection:1, mean_episode_reward:-1.782221794128418, mean_queue:2.405555486679077
intersection:2, mean_episode_reward:0.30888882279396057, mean_queue:1.0
intersection:3, mean_episode_reward:-0.05166668817400932, mean_queue:0.4444444477558136
intersection:4, mean_episode_reward:0.10444443672895432, mean_queue:1.1222221851348877
intersection:5, mean_episode_reward:-1.6794441938400269, mean_queue:1.7722222805023193
intersection:6, mean_episode_reward:-0.18833337724208832, mean_queue:1.6166666746139526
intersection:7, mean_episode_reward:-0.872778058052063, mean_queue:1.538888931274414
intersection:8, mean_episode_reward:-1.1583333015441895, mean_queue:2.155555486679077
intersection:9, mean_episode_reward:-0.5038890242576599, mean_queue:2.672222137451172
intersection:10, mean_episode_reward:-2.4544436931610107, mean_queue:3.6111111640930176
intersection:11, mean_episode_reward:0.6333334445953369, mean_queue:0.8222222328186035
intersection:12, mean_episode_reward:-0.02388886921107769, mean_queue:0.7111111283302307
intersection:13, mean_episode_reward:-1.2549999952316284, mean_queue:1.6777777671813965
intersection:14, mean_episode_reward:0.411666601896286, mean_queue:0.8666666746139526
intersection:15, mean_episode_reward:-0.14500001072883606, mean_queue:0.6222222447395325
intersection:16, mean_episode_reward:0.0, mean_queue:0.0
intersection:17, mean_episode_reward:0.052222225815057755, mean_queue:0.0
intersection:18, mean_episode_reward:0.13277778029441833, mean_queue:0.0
intersection:19, mean_episode_reward:0.1733333170413971, mean_queue:0.0
intersection:20, mean_episode_reward:0.1733333319425583, mean_queue:0.0
intersection:21, mean_episode_reward:0.058888889849185944, mean_queue:0.0
intersection:22, mean_episode_reward:0.04777777940034866, mean_queue:0.0
intersection:23, mean_episode_reward:0.0027777778450399637, mean_queue:0.0
intersection:24, mean_episode_reward:0.0, mean_queue:0.0
intersection:25, mean_episode_reward:0.24833332002162933, mean_queue:0.0
intersection:26, mean_episode_reward:0.17388887703418732, mean_queue:0.0
intersection:27, mean_episode_reward:0.19833332300186157, mean_queue:0.0
intersection:28, mean_episode_reward:0.2572222352027893, mean_queue:0.0
intersection:29, mean_episode_reward:0.3794444501399994, mean_queue:0.0
intersection:30, mean_episode_reward:0.0716666579246521, mean_queue:0.0
intersection:31, mean_episode_reward:-0.012222222052514553, mean_queue:0.0
HELDOUT episode:40/100, demand:raw_data/grid4x4/od_hubs/demand_set/hold_00.rou.xml, travel time:195.58861788617887, rewards:-6.91722412109375, queue:1.7395833333333333, delay:0.05589980549282498, throughput:615
HELDOUT episode:40/100, demand:raw_data/grid4x4/od_hubs/demand_set/hold_01.rou.xml, travel time:215.92924528301887, rewards:-7.801113552517361, queue:2.2328125, delay:0.06275114483303494, throughput:636
HELDOUT episode:40/100, demand:raw_data/grid4x4/od_hubs/demand_set/hold_02.rou.xml, travel time:214.69817578772802, rewards:-8.230003526475695, queue:2.2387152777777777, delay:0.06603668000962999, throughput:603
HELDOUT_MEAN episode:40/100, travel time:208.7386796523086 (n=3)
episode:41/100, train_demand:raw_data/grid4x4/od_hubs/demand_set/train_01.rou.xml
step:1800/1800, q_loss:5.84987735748291, rewards:-6.106111653645834, queue:0.8677083333333333, delay:0.05169808069864909, throughput:711
episode:41/100, real avg travel time:194.65119549929676
intersection:0, mean_episode_reward:0.44888895750045776, mean_queue:0.7777777910232544
intersection:1, mean_episode_reward:0.29944440722465515, mean_queue:1.5777777433395386
intersection:2, mean_episode_reward:-1.1761112213134766, mean_queue:1.8055555820465088
intersection:3, mean_episode_reward:-0.06555555015802383, mean_queue:0.42222222685813904
intersection:4, mean_episode_reward:-1.2805554866790771, mean_queue:2.383333444595337
intersection:5, mean_episode_reward:-1.4927780628204346, mean_queue:2.2277777194976807
intersection:6, mean_episode_reward:0.3605555295944214, mean_queue:1.9500000476837158
intersection:7, mean_episode_reward:-1.1388885974884033, mean_queue:1.9222222566604614
intersection:8, mean_episode_reward:0.7616667747497559, mean_queue:1.1388888359069824
intersection:9, mean_episode_reward:0.043333254754543304, mean_queue:1.9277777671813965
intersection:10, mean_episode_reward:-3.7572224140167236, mean_queue:4.955555438995361
intersection:11, mean_episode_reward:0.6811112761497498, mean_queue:1.1722222566604614
intersection:12, mean_episode_reward:-0.46277767419815063, mean_queue:1.1944444179534912
intersection:13, mean_episode_reward:-0.4666667580604553, mean_queue:1.3055555820465088
intersection:14, mean_episode_reward:-0.30888888239860535, mean_queue:1.755555510520935
intersection:15, mean_episode_reward:-0.5450000762939453, mean_queue:1.25
intersection:16, mean_episode_reward:0.0, mean_queue:0.0
intersection:17, mean_episode_reward:0.021666666492819786, mean_queue:0.0
intersection:18, mean_episode_reward:0.10777777433395386, mean_queue:0.0
intersection:19, mean_episode_reward:0.09222222119569778, mean_queue:0.0
intersection:20, mean_episode_reward:0.1322222352027893, mean_queue:0.0
intersection:21, mean_episode_reward:0.0694444477558136, mean_queue:0.0
intersection:22, mean_episode_reward:0.013333333656191826, mean_queue:0.0
intersection:23, mean_episode_reward:0.002222222276031971, mean_queue:0.0
intersection:24, mean_episode_reward:0.0, mean_queue:0.0
intersection:25, mean_episode_reward:0.4144444465637207, mean_queue:0.0
intersection:26, mean_episode_reward:0.2755555212497711, mean_queue:0.0
intersection:27, mean_episode_reward:0.12888890504837036, mean_queue:0.0
intersection:28, mean_episode_reward:0.2822222113609314, mean_queue:0.0
intersection:29, mean_episode_reward:0.3772222399711609, mean_queue:0.0
intersection:30, mean_episode_reward:0.08611111342906952, mean_queue:0.0
intersection:31, mean_episode_reward:-0.009999999776482582, mean_queue:0.0
episode:42/100, train_demand:raw_data/grid4x4/od_hubs/demand_set/train_02.rou.xml
step:1800/1800, q_loss:5.6395134925842285, rewards:-5.621111382378472, queue:0.6515625, delay:0.04430405033959283, throughput:741
episode:42/100, real avg travel time:179.2834008097166
intersection:0, mean_episode_reward:0.08055553585290909, mean_queue:0.6777777671813965
intersection:1, mean_episode_reward:1.0816668272018433, mean_queue:0.6000000238418579
intersection:2, mean_episode_reward:-1.3499997854232788, mean_queue:1.7722222805023193
intersection:3, mean_episode_reward:0.18888890743255615, mean_queue:0.41111111640930176
intersection:4, mean_episode_reward:0.3294444680213928, mean_queue:0.8833333253860474
intersection:5, mean_episode_reward:-1.8883345127105713, mean_queue:1.7999999523162842
intersection:6, mean_episode_reward:-1.244444489479065, mean_queue:1.7833333015441895
intersection:7, mean_episode_reward:-0.22944441437721252, mean_queue:1.255555510520935
intersection:8, mean_episode_reward:-1.0677775144577026, mean_queue:1.755555510520935
intersection:9, mean_episode_reward:-0.6611111760139465, mean_queue:2.355555534362793
intersection:10, mean_episode_reward:-1.862777590751648, mean_queue:2.4111111164093018
intersection:11, mean_episode_reward:-0.11333337426185608, mean_queue:1.0333333015441895
intersection:12, mean_episode_reward:-0.4027777910232544, mean_queue:1.0944443941116333
intersection:13, mean_episode_reward:-0.40888893604278564, mean_queue:1.8666666746139526
intersection:14, mean_episode_reward:-0.23722217977046967, mean_queue:0.8611111044883728
intersection:15, mean_episode_reward:0.024444499984383583, mean_queue:0.2888889014720917
intersection:16, mean_episode_reward:0.0, mean_queue:0.0
intersection:17, mean_episode_reward:0.02666666731238365, mean_queue:0.0
intersection:18, mean_episode_reward:0.08944443613290787, mean_queue:0.0
intersection:19, mean_episode_reward:0.16111110150814056, mean_queue:0.0
intersection:20, mean_episode_reward:0.125, mean_queue:0.0
intersection:21, mean_episode_reward:0.05388888344168663, mean_queue:0.0
intersection:22, mean_episode_reward:0.3850000202655792, mean_queue:0.0
intersection:23, mean_episode_reward:0.0, mean_queue:0.0
intersection:24, mean_episode_reward:0.0033333334140479565, mean_queue:0.0
intersection:25, mean_episode_reward:0.3611111044883728, mean_queue:0.0
intersection:26, mean_episode_reward:0.25833332538604736, mean_queue:0.0
intersection:27, mean_episode_reward:0.21444442868232727, mean_queue:0.0
intersection:28, mean_episode_reward:0.19999997317790985, mean_queue:0.0
intersection:29, mean_episode_reward:0.20888887345790863, mean_queue:0.0
intersection:30, mean_episode_reward:0.04888888821005821, mean_queue:0.0
intersection:31, mean_episode_reward:0.0038888887502253056, mean_queue:0.0
episode:43/100, train_demand:raw_data/grid4x4/od_hubs/demand_set/train_03.rou.xml
step:1800/1800, q_loss:5.094326496124268, rewards:-6.7199998643663195, queue:0.8211805555555556, delay:0.049480273988511826, throughput:783
episode:43/100, real avg travel time:186.0536398467433
intersection:0, mean_episode_reward:0.6322221755981445, mean_queue:0.47777777910232544
intersection:1, mean_episode_reward:-0.4950000047683716, mean_queue:1.7666666507720947
intersection:2, mean_episode_reward:-1.2649998664855957, mean_queue:1.894444465637207
intersection:3, mean_episode_reward:0.08722220361232758, mean_queue:0.47777777910232544
intersection:4, mean_episode_reward:-0.8877776861190796, mean_queue:1.7388888597488403
intersection:5, mean_episode_reward:-1.0233334302902222, mean_queue:1.538888931274414
intersection:6, mean_episode_reward:-0.7649997472763062, mean_queue:1.894444465637207
intersection:7, mean_episode_reward:-0.011666684411466122, mean_queue:0.9333333373069763
intersection:8, mean_episode_reward:0.9133330583572388, mean_queue:1.005555510520935
intersection:9, mean_episode_reward:-1.549444556236267, mean_queue:2.527777671813965
intersection:10, mean_episode_reward:-0.1927776336669922, mean_queue:2.51111102104187
intersection:11, mean_episode_reward:-0.9655554294586182, mean_queue:1.5944443941116333
intersection:12, mean_episode_reward:-0.04111112654209137, mean_queue:0.7888888716697693
intersection:13, mean_episode_reward:-1.578889012336731, mean_queue:2.183333396911621
intersection:14, mean_episode_reward:0.6900001168251038, mean_queue:2.0722222328186035
intersection:15, mean_episode_reward:-2.626667022705078, mean_queue:2.8722221851348877
intersection:16, mean_episode_reward:0.011111111380159855, mean_queue:0.0
intersection:17, mean_episode_reward:0.07888888567686081, mean_queue:0.0
intersection:18, mean_episode_reward:0.16944445669651031, mean_queue:0.0
intersection:19, mean_episode_reward:0.21333332359790802, mean_queue:0.0
intersection:20, mean_episode_reward:0.17666667699813843, mean_queue:0.0
intersection:21, mean_episode_reward:0.06611111015081406, mean_queue:0.0
intersection:22, mean_episode_reward:0.22833332419395447, mean_queue:0.0
intersection:23, mean_episode_reward:0.0, mean_queue:0.0
intersection:24, mean_episode_reward:0.0011111111380159855, mean_queue:0.0
intersection:25, mean_episode_reward:0.18388889729976654, mean_queue:0.0
intersection:26, mean_episode_reward:0.3544444441795349, mean_queue:0.0
intersection:27, mean_episode_reward:0.23333333432674408, mean_queue:0.0
intersection:28, mean_episode_reward:0.3099999725818634, mean_queue:0.0
intersection:29, mean_episode_reward:0.24611112475395203, mean_queue:0.0
intersection:30, mean_episode_reward:0.09666665643453598, mean_queue:0.0
intersection:31, mean_episode_reward:-0.009999999776482582, mean_queue:0.0
episode:44/100, train_demand:raw_data/grid4x4/od_hubs/demand_set/train_04.rou.xml
step:1800/1800, q_loss:4.592503070831299, rewards:-6.175555419921875, queue:0.6508680555555556, delay:0.040576198365953234, throughput:702
episode:44/100, real avg travel time:182.82905982905982
intersection:0, mean_episode_reward:-0.06999997049570084, mean_queue:0.75
intersection:1, mean_episode_reward:-0.2622221112251282, mean_queue:1.105555534362793
intersection:2, mean_episode_reward:-0.890555739402771, mean_queue:1.0666667222976685
intersection:3, mean_episode_reward:0.9861109256744385, mean_queue:0.4833333194255829
intersection:4, mean_episode_reward:0.3361111879348755, mean_queue:0.7444444298744202
intersection:5, mean_episode_reward:-1.0749999284744263, mean_queue:1.3777778148651123
intersection:6, mean_episode_reward:-0.9272220134735107, mean_queue:1.4722222089767456
intersection:7, mean_episode_reward:-3.3133327960968018, mean_queue:4.011111259460449
intersection:8, mean_episode_reward:-1.2088888883590698, mean_queue:1.8666666746139526
intersection:9, mean_episode_reward:-0.3294443190097809, mean_queue:1.7333333492279053
intersection:10, mean_episode_reward:-0.39444443583488464, mean_queue:1.600000023841858
intersection:11, mean_episode_reward:0.6538888216018677, mean_queue:1.2277777194976807
intersection:12, mean_episode_reward:0.5427777767181396, mean_queue:0.28333333134651184
intersection:13, mean_episode_reward:-1.2377780675888062, mean_queue:1.6111111640930176
intersection:14, mean_episode_reward:-0.8866665363311768, mean_queue:1.0277777910232544
intersection:15, mean_episode_reward:-0.08166662603616714, mean_queue:0.46666666865348816
intersection:16, mean_episode_reward:0.004444444552063942, mean_queue:0.0
intersection:17, mean_episode_reward:0.03500000014901161, mean_queue:0.0
intersection:18, mean_episode_reward:0.10833333432674408, mean_queue:0.0
intersection:19, mean_episode_reward:0.09999997913837433, mean_queue:0.0
intersection:20, mean_episode_reward:0.1733333319425583, mean_queue:0.0
intersection:21, mean_episode_reward:0.10555555671453476, mean_queue:0.0
intersection:22, mean_episode_reward:0.1455555558204651, mean_queue:0.0
intersection:23, mean_episode_reward:0.0, mean_queue:0.0
intersection:24, mean_episode_reward:0.002222222276031971, mean_queue:0.0
intersection:25, mean_episode_reward:0.43222224712371826, mean_queue:0.0
intersection:26, mean_episode_reward:0.2638888955116272, mean_queue:0.0
intersection:27, mean_episode_reward:0.15333333611488342, mean_queue:0.0
intersection:28, mean_episode_reward:0.23222221434116364, mean_queue:0.0
intersection:29, mean_episode_reward:0.15555556118488312, mean_queue:0.0
intersection:30, mean_episode_reward:0.08944444358348846, mean_queue:0.0
intersection:31, mean_episode_reward:-0.018333332613110542, mean_queue:0.0
episode:45/100, train_demand:raw_data/grid4x4/od_hubs/demand_set/train_05.rou.xml
step:1800/1800, q_loss:4.513584613800049, rewards:-6.324997965494791, queue:0.7592013888888889, delay:0.04603515730963813, throughput:729
episode:45/100, real avg travel time:186.67626886145405
intersection:0, mean_episode_reward:0.49166667461395264, mean_queue:0.7666666507720947
intersection:1, mean_episode_reward:-1.4016664028167725, mean_queue:2.2333333492279053
intersection:2, mean_episode_reward:0.16333331167697906, mean_queue:0.8722222447395325
intersection:3, mean_episode_reward:-0.7672222852706909, mean_queue:1.2000000476837158
intersection:4, mean_episode_reward:0.4088887572288513, mean_queue:0.7055555582046509
intersection:5, mean_episode_reward:-0.9144441485404968, mean_queue:1.6166666746139526
intersection:6, mean_episode_reward:-1.6933327913284302, mean_queue:2.0833332538604736
intersection:7, mean_episode_reward:0.5627778172492981, mean_queue:0.8388888835906982
intersection:8, mean_episode_reward:-1.5027775764465332, mean_queue:2.3222222328186035
intersection:9, mean_episode_reward:-0.4205555319786072, mean_queue:2.2166666984558105
intersection:10, mean_episode_reward:0.13999998569488525, mean_queue:1.8777778148651123
intersection:11, mean_episode_reward:-1.5694446563720703, mean_queue:1.961111068725586
intersection:12, mean_episode_reward:-0.8011111617088318, mean_queue:1.3888888359069824
intersection:13, mean_episode_reward:-0.013888845220208168, mean_queue:1.3722221851348877
intersection:14, mean_episode_reward:-1.4555548429489136, mean_queue:2.0444445610046387
intersection:15, mean_episode_reward:0.11111123859882355, mean_queue:0.7944444417953491
intersection:16, mean_episode_reward:0.0027777778450399637, mean_queue:0.0
intersection:17, mean_episode_reward:0.044999998062849045, mean_queue:0.0
intersection:18, mean_episode_reward:0.16777779161930084, mean_queue:0.0
intersection:19, mean_episode_reward:0.11388888955116272, mean_queue:0.0
intersection:20, mean_episode_reward:0.14888890087604523, mean_queue:0.0
intersection:21, mean_episode_reward:0.23666666448116302, mean_queue:0.0
intersection:22, mean_episode_reward:0.012222222052514553, mean_queue:0.0
intersection:23, mean_episode_reward:0.0, mean_queue:0.0
intersection:24, mean_episode_reward:0.0033333334140479565, mean_queue:0.0
intersection:25, mean_episode_reward:0.3638888895511627, mean_queue:0.0
intersection:26, mean_episode_reward:0.3500000238418579, mean_queue:0.0
intersection:27, mean_episode_reward:0.19166669249534607, mean_queue:0.0
intersection:28, mean_episode_reward:0.4583333730697632, mean_queue:0.0
intersection:29, mean_episode_reward:0.19333331286907196, mean_queue:0.0
intersection:30, mean_episode_reward:0.04944444075226784, mean_queue:0.0
intersection:31, mean_episode_reward:0.0, mean_queue:0.0
episode:46/100, train_demand:raw_data/grid4x4/od_hubs/demand_set/train_06.rou.xml
step:1800/1800, q_loss:4.321755886077881, rewards:-5.670556640625, queue:0.5954861111111112, delay:0.039877009391784665, throughput:741
episode:46/100, real avg travel time:178.75303643724698
intersection:0, mean_episode_reward:0.054444462060928345, mean_queue:0.5
intersection:1, mean_episode_reward:-0.007777750492095947, mean_queue:0.699999988079071
intersection:2, mean_episode_reward:-0.375, mean_queue:0.894444465637207
intersection:3, mean_episode_reward:-0.03388888016343117, mean_queue:0.4555555582046509
intersection:4, mean_episode_reward:0.7866666316986084, mean_queue:0.5277777910232544
intersection:5, mean_episode_reward:-1.5344445705413818, mean_queue:1.9388889074325562
intersection:6, mean_episode_reward:-1.2105555534362793, mean_queue:1.8444443941116333
intersection:7, mean_episode_reward:-0.3244445025920868, mean_queue:1.0444444417953491
intersection:8, mean_episode_reward:-0.32722219824790955, mean_queue:0.9777777791023254
intersection:9, mean_episode_reward:-0.5294443964958191, mean_queue:1.9055556058883667
intersection:10, mean_episode_reward:-1.5444445610046387, mean_queue:1.7277777194976807
intersection:11, mean_episode_reward:-0.15222221612930298, mean_queue:0.7833333611488342
intersection:12, mean_episode_reward:0.5444443821907043, mean_queue:0.7388888597488403
intersection:13, mean_episode_reward:-2.7383344173431396, mean_queue:3.3722221851348877
intersection:14, mean_episode_reward:0.10333334654569626, mean_queue:0.7555555701255798
intersection:15, mean_episode_reward:-0.5977776050567627, mean_queue:0.8888888955116272
intersection:16, mean_episode_reward:0.0055555556900799274, mean_queue:0.0
intersection:17, mean_episode_reward:0.031111110001802444, mean_queue:0.0
intersection:18, mean_episode_reward:0.11000000685453415, mean_queue:0.0
intersection:19, mean_episode_reward:0.15888889133930206, mean_queue:0.0
intersection:20, mean_episode_reward:0.11388889700174332, mean_queue:0.0
intersection:21, mean_episode_reward:0.035555556416511536, mean_queue:0.0
intersection:22, mean_episode_reward:0.14277778565883636, mean_queue:0.0
intersection:23, mean_episode_reward:0.0, mean_queue:0.0
intersection:24, mean_episode_reward:0.002222222276031971, mean_queue:0.0
intersection:25, mean_episode_reward:0.6288888454437256, mean_queue:0.0
intersection:26, mean_episode_reward:0.21111108362674713, mean_queue:0.0
intersection:27, mean_episode_reward:0.185555562376976, mean_queue:0.0
intersection:28, mean_episode_reward:0.3422221839427948, mean_queue:0.0
intersection:29, mean_episode_reward:0.21444442868232727, mean_queue:0.0
intersection:30, mean_episode_reward:0.04500000178813934, mean_queue:0.0
intersection:31, mean_episode_reward:-0.011111111380159855, mean_queue:0.0
episode:47/100, train_demand:raw_data/grid4x4/od_hubs/demand_set/train_07.rou.xml
step:1800/1800, q_loss:3.8929240703582764, rewards:-6.296666124131945, queue:0.6328125, delay:0.04126985073089599, throughput:754
episode:47/100, real avg travel time:177.4946949602122
intersection:0, mean_episode_reward:0.14055553078651428, mean_queue:0.6166666746139526
intersection:1, mean_episode_reward:-0.6433333158493042, mean_queue:1.2999999523162842
intersection:2, mean_episode_reward:-0.05888887867331505, mean_queue:0.6722221970558167
intersection:3, mean_episode_reward:0.9883332848548889, mean_queue:0.855555534362793
intersection:4, mean_episode_reward:0.18611113727092743, mean_queue:0.6111111044883728
intersection:5, mean_episode_reward:-1.54277765750885, mean_queue:1.6222221851348877
intersection:6, mean_episode_reward:-1.8011106252670288, mean_queue:1.9833333492279053
intersection:7, mean_episode_reward:-1.8577780723571777, mean_queue:2.7333333492279053
intersection:8, mean_episode_reward:-0.7899996638298035, mean_queue:1.2666666507720947
intersection:9, mean_episode_reward:-0.845555305480957, mean_queue:1.8888888359069824
intersection:10, mean_episode_reward:-0.7983332872390747, mean_queue:1.6555556058883667
intersection:11, mean_episode_reward:0.057777807116508484, mean_queue:1.038888931274414
intersection:12, mean_episode_reward:-0.17166668176651, mean_queue:0.8277778029441833
intersection:13, mean_episode_reward:-0.28500011563301086, mean_queue:1.3833333253860474
intersection:14, mean_episode_reward:-0.7838892340660095, mean_queue:1.4444444179534912
intersection:15, mean_episode_reward:0.12888890504837036, mean_queue:0.3499999940395355
intersection:16, mean_episode_reward:0.0, mean_queue:0.0
intersection:17, mean_episode_reward:0.1827777922153473, mean_queue:0.0
intersection:18, mean_episode_reward:0.09111110866069794, mean_queue:0.0
intersection:19, mean_episode_reward:0.09444444626569748, mean_queue:0.0
intersection:20, mean_episode_reward:0.18166664242744446, mean_queue:0.0
intersection:21, mean_episode_reward:0.09333332628011703, mean_queue:0.0
intersection:22, mean_episode_reward:0.02500000037252903, mean_queue:0.0
intersection:23, mean_episode_reward:0.006666666828095913, mean_queue:0.0
intersection:24, mean_episode_reward:0.002222222276031971, mean_queue:0.0
intersection:25, mean_episode_reward:0.13722221553325653, mean_queue:0.0
intersection:26, mean_episode_reward:0.30833330750465393, mean_queue:0.0
intersection:27, mean_episode_reward:0.16833335161209106, mean_queue:0.0
intersection:28, mean_episode_reward:0.2477777898311615, mean_queue:0.0
intersection:29, mean_episode_reward:0.19999997317790985, mean_queue:0.0
intersection:30, mean_episode_reward:0.05388888716697693, mean_queue:0.0
intersection:31, mean_episode_reward:-0.012777777388691902, mean_queue:0.0
episode:48/100, train_demand:raw_data/grid4x4/od_hubs/demand_set/train_08.rou.xml
step:1800/1800, q_loss:3.767002582550049, rewards:-5.85722181532118, queue:0.5402777777777777, delay:0.038383632236056855, throughput:765
episode:48/100, real avg travel time:168.9921568627451
intersection:0, mean_episode_reward:0.3444443941116333, mean_queue:0.31111112236976624
intersection:1, mean_episode_reward:-0.4983333945274353, mean_queue:1.2000000476837158
intersection:2, mean_episode_reward:-0.5355554819107056, mean_queue:0.8666666746139526
intersection:3, mean_episode_reward:0.13777771592140198, mean_queue:0.3166666626930237
intersection:4, mean_episode_reward:-0.36222246289253235, mean_queue:0.800000011920929
intersection:5, mean_episode_reward:-0.9144445657730103, mean_queue:1.3777778148651123
intersection:6, mean_episode_reward:-0.594444751739502, mean_queue:1.4166666269302368
intersection:7, mean_episode_reward:-0.536666750907898, mean_queue:1.2833333015441895
intersection:8, mean_episode_reward:-0.1322222203016281, mean_queue:1.0333333015441895
intersection:9, mean_episode_reward:-1.374999761581421, mean_queue:2.144444465637207
intersection:10, mean_episode_reward:-1.1816664934158325, mean_queue:1.7388888597488403
intersection:11, mean_episode_reward:-0.44999995827674866, mean_queue:0.8388888835906982
intersection:12, mean_episode_reward:-0.02333335392177105, mean_queue:0.5833333134651184
intersection:13, mean_episode_reward:-0.5333333015441895, mean_queue:1.2666666507720947
intersection:14, mean_episode_reward:-0.8650000095367432, mean_queue:1.461111068725586
intersection:15, mean_episode_reward:-0.19166666269302368, mean_queue:0.6499999761581421
intersection:16, mean_episode_reward:0.035555556416511536, mean_queue:0.0
intersection:17, mean_episode_reward:0.06888888776302338, mean_queue:0.0
intersection:18, mean_episode_reward:0.11166667193174362, mean_queue:0.0
intersection:19, mean_episode_reward:0.22555556893348694, mean_queue:0.0
intersection:20, mean_episode_reward:0.13333334028720856, mean_queue:0.0
intersection:21, mean_episode_reward:0.07555555552244186, mean_queue:0.0
intersection:22, mean_episode_reward:0.07500001043081284, mean_queue:0.0
intersection:23, mean_episode_reward:0.03333333507180214, mean_queue:0.0
intersection:24, mean_episode_reward:0.0, mean_queue:0.0
intersection:25, mean_episode_reward:0.09000000357627869, mean_queue:0.0
intersection:26, mean_episode_reward:0.2761111259460449, mean_queue:0.0
intersection:27, mean_episode_reward:0.21833333373069763, mean_queue:0.0
intersection:28, mean_episode_reward:0.24000000953674316, mean_queue:0.0
intersection:29, mean_episode_reward:0.17166668176651, mean_queue:0.0
intersection:30, mean_episode_reward:0.0994444340467453, mean_queue:0.0
intersection:31, mean_episode_reward:0.0, mean_queue:0.0
episode:49/100, train_demand:raw_data/grid4x4/od_hubs/demand_set/train_09.rou.xml
step:1800/1800, q_loss:3.546752691268921, rewards:-5.307222154405382, queue:0.5347222222222222, delay:0.038703038957383896, throughput:732
episode:49/100, real avg travel time:173.53688524590163
intersection:0, mean_episode_reward:0.0533333420753479, mean_queue:0.38333332538604736
intersection:1, mean_episode_reward:0.12555557489395142, mean_queue:0.8888888955116272
intersection:2, mean_episode_reward:-0.008333329111337662, mean_queue:0.5388888716697693
intersection:3, mean_episode_reward:-0.024999989196658134, mean_queue:0.3722222149372101
intersection:4, mean_episode_reward:0.21111111342906952, mean_queue:0.5388888716697693
intersection:5, mean_episode_reward:-1.6727780103683472, mean_queue:1.744444489479065
intersection:6, mean_episode_reward:-0.4394443929195404, mean_queue:1.4777777194976807
intersection:7, mean_episode_reward:0.22777777910232544, mean_queue:1.149999976158142
intersection:8, mean_episode_reward:-0.5899999141693115, mean_queue:1.288888931274414
intersection:9, mean_episode_reward:-0.415555477142334, mean_queue:1.644444465637207
intersection:10, mean_episode_reward:-2.058889150619507, mean_queue:2.3111112117767334
intersection:11, mean_episode_reward:-1.4188886880874634, mean_queue:1.8277777433395386
intersection:12, mean_episode_reward:-0.13777776062488556, mean_queue:0.6611111164093018
intersection:13, mean_episode_reward:0.061111148446798325, mean_queue:0.7944444417953491
intersection:14, mean_episode_reward:-0.9711108803749084, mean_queue:1.0277777910232544
intersection:15, mean_episode_reward:0.13388888537883759, mean_queue:0.4611110985279083
intersection:16, mean_episode_reward:0.015555555000901222, mean_queue:0.0
intersection:17, mean_episode_reward:0.02666666731238365, mean_queue:0.0
intersection:18, mean_episode_reward:0.1133333221077919, mean_queue:0.0
intersection:19, mean_episode_reward:0.3150000274181366, mean_queue:0.0
intersection:20, mean_episode_reward:0.16833335161209106, mean_queue:0.0
intersection:21, mean_episode_reward:0.15611110627651215, mean_queue:0.0
intersection:22, mean_episode_reward:0.03888888657093048, mean_queue:0.0
intersection:23, mean_episode_reward:0.0, mean_queue:0.0
intersection:24, mean_episode_reward:0.002222222276031971, mean_queue:0.0
intersection:25, mean_episode_reward:0.01166666578501463, mean_queue:0.0
intersection:26, mean_episode_reward:0.12666665017604828, mean_queue:0.0
intersection:27, mean_episode_reward:0.2016666680574417, mean_queue:0.0
intersection:28, mean_episode_reward:0.20444443821907043, mean_queue:0.0
intersection:29, mean_episode_reward:0.15166665613651276, mean_queue:0.0
intersection:30, mean_episode_reward:0.09666666388511658, mean_queue:0.0
intersection:31, mean_episode_reward:-0.011111111380159855, mean_queue:0.0
episode:50/100, train_demand:raw_data/grid4x4/od_hubs/demand_set/train_00.rou.xml
step:1800/1800, q_loss:3.312295913696289, rewards:-8.229445393880209, queue:0.6913194444444445, delay:0.04002688725789388, throughput:670
episode:50/100, real avg travel time:179.49253731343285
intersection:0, mean_episode_reward:-0.7327778935432434, mean_queue:1.2777777910232544
intersection:1, mean_episode_reward:-0.28777772188186646, mean_queue:1.0666667222976685
intersection:2, mean_episode_reward:-5.503334045410156, mean_queue:5.616666793823242
intersection:3, mean_episode_reward:1.49833345413208, mean_queue:1.105555534362793
intersection:4, mean_episode_reward:-0.3138888478279114, mean_queue:0.9888888597488403
intersection:5, mean_episode_reward:-0.4522223174571991, mean_queue:1.5833333730697632
intersection:6, mean_episode_reward:0.46222224831581116, mean_queue:1.9222222566604614
intersection:7, mean_episode_reward:-0.6127777695655823, mean_queue:1.1944444179534912
intersection:8, mean_episode_reward:-0.2755556106567383, mean_queue:0.8444444537162781
intersection:9, mean_episode_reward:-1.3272219896316528, mean_queue:1.5
intersection:10, mean_episode_reward:-1.1933335065841675, mean_queue:1.5888888835906982
intersection:11, mean_episode_reward:-0.33888885378837585, mean_queue:0.8277778029441833
intersection:12, mean_episode_reward:0.3661111295223236, mean_queue:0.3444444537162781
intersection:13, mean_episode_reward:-0.39166682958602905, mean_queue:0.75
intersection:14, mean_episode_reward:-0.9288891553878784, mean_queue:0.9722222089767456
intersection:15, mean_episode_reward:-0.11944445222616196, mean_queue:0.5388888716697693
intersection:16, mean_episode_reward:0.0033333334140479565, mean_queue:0.0
intersection:17, mean_episode_reward:0.047777775675058365, mean_queue:0.0
intersection:18, mean_episode_reward:0.1133333221077919, mean_queue:0.0
intersection:19, mean_episode_reward:0.20888885855674744, mean_queue:0.0
intersection:20, mean_episode_reward:0.14944444596767426, mean_queue:0.0
intersection:21, mean_episode_reward:0.10611111670732498, mean_queue:0.0
intersection:22, mean_episode_reward:0.07055556029081345, mean_queue:0.0
intersection:23, mean_episode_reward:0.0027777778450399637, mean_queue:0.0
intersection:24, mean_episode_reward:0.0011111111380159855, mean_queue:0.0
intersection:25, mean_episode_reward:0.05944444239139557, mean_queue:0.0
intersection:26, mean_episode_reward:0.20166662335395813, mean_queue:0.0
intersection:27, mean_episode_reward:0.35499998927116394, mean_queue:0.0
intersection:28, mean_episode_reward:0.3083333671092987, mean_queue:0.0
intersection:29, mean_episode_reward:0.21666663885116577, mean_queue:0.0
intersection:30, mean_episode_reward:0.08999999612569809, mean_queue:0.0
intersection:31, mean_episode_reward:-0.012777777388691902, mean_queue:0.0
HELDOUT episode:50/100, demand:raw_data/grid4x4/od_hubs/demand_set/hold_00.rou.xml, travel time:171.99030470914127, rewards:-5.472222561306424, queue:0.5694444444444444, delay:0.038803980085584854, throughput:722
HELDOUT episode:50/100, demand:raw_data/grid4x4/od_hubs/demand_set/hold_01.rou.xml, travel time:177.17615894039736, rewards:-5.7477783203125, queue:0.6581597222222222, delay:0.04258873462677002, throughput:755
HELDOUT episode:50/100, demand:raw_data/grid4x4/od_hubs/demand_set/hold_02.rou.xml, travel time:173.91405184174624, rewards:-5.6738878038194445, queue:0.6185763888888889, delay:0.04180189238654242, throughput:733
HELDOUT_MEAN episode:50/100, travel time:174.36017183042827 (n=3)
episode:51/100, train_demand:raw_data/grid4x4/od_hubs/demand_set/train_01.rou.xml
step:1800/1800, q_loss:3.16186785697937, rewards:-5.154444715711805, queue:0.4800347222222222, delay:0.0357539971669515, throughput:726
episode:51/100, real avg travel time:169.56749311294766
intersection:0, mean_episode_reward:0.21444442868232727, mean_queue:0.3777777850627899
intersection:1, mean_episode_reward:-0.03499995917081833, mean_queue:0.9333333373069763
intersection:2, mean_episode_reward:-0.5866666436195374, mean_queue:0.800000011920929
intersection:3, mean_episode_reward:0.006666665431112051, mean_queue:0.28333333134651184
intersection:4, mean_episode_reward:-0.09444444626569748, mean_queue:0.8666666746139526
intersection:5, mean_episode_reward:-1.5272220373153687, mean_queue:1.8166667222976685
intersection:6, mean_episode_reward:-0.1527777761220932, mean_queue:1.3333333730697632
intersection:7, mean_episode_reward:-0.37555554509162903, mean_queue:1.149999976158142
intersection:8, mean_episode_reward:-0.24444444477558136, mean_queue:0.7277777791023254
intersection:9, mean_episode_reward:-0.7127777934074402, mean_queue:1.3777778148651123
intersection:10, mean_episode_reward:-1.609444499015808, mean_queue:1.788888931274414
intersection:11, mean_episode_reward:-0.4061112403869629, mean_queue:0.8722222447395325
intersection:12, mean_episode_reward:0.01888888329267502, mean_queue:0.6388888955116272
intersection:13, mean_episode_reward:-0.4105556905269623, mean_queue:1.0111111402511597
intersection:14, mean_episode_reward:-0.9733335971832275, mean_queue:1.149999976158142
intersection:15, mean_episode_reward:0.4027777314186096, mean_queue:0.23333333432674408
intersection:16, mean_episode_reward:0.0, mean_queue:0.0
intersection:17, mean_episode_reward:0.020555555820465088, mean_queue:0.0
intersection:18, mean_episode_reward:0.10499998927116394, mean_queue:0.0
intersection:19, mean_episode_reward:0.10944443941116333, mean_queue:0.0
intersection:20, mean_episode_reward:0.12888889014720917, mean_queue:0.0
intersection:21, mean_episode_reward:0.07722222059965134, mean_queue:0.0
intersection:22, mean_episode_reward:0.014444444328546524, mean_queue:0.0
intersection:23, mean_episode_reward:0.005000000353902578, mean_queue:0.0
intersection:24, mean_episode_reward:0.0, mean_queue:0.0
intersection:25, mean_episode_reward:0.0716666653752327, mean_queue:0.0
intersection:26, mean_episode_reward:0.19055552780628204, mean_queue:0.0
intersection:27, mean_episode_reward:0.12000001221895218, mean_queue:0.0
intersection:28, mean_episode_reward:0.2250000238418579, mean_queue:0.0
intersection:29, mean_episode_reward:0.20333334803581238, mean_queue:0.0
intersection:30, mean_episode_reward:0.07111110538244247, mean_queue:0.0
intersection:31, mean_episode_reward:-0.011111111380159855, mean_queue:0.0
episode:52/100, train_demand:raw_data/grid4x4/od_hubs/demand_set/train_02.rou.xml
step:1800/1800, q_loss:2.9443585872650146, rewards:-5.50500013563368, queue:0.5197916666666667, delay:0.037210337320963544, throughput:744
episode:52/100, real avg travel time:172.2755376344086
intersection:0, mean_episode_reward:-0.31277769804000854, mean_queue:0.7611111402511597
intersection:1, mean_episode_reward:0.3905555307865143, mean_queue:0.5055555701255798
intersection:2, mean_episode_reward:-0.4422222673892975, mean_queue:0.8333333134651184
intersection:3, mean_episode_reward:0.11166667938232422, mean_queue:0.3888888955116272
intersection:4, mean_episode_reward:0.5422223210334778, mean_queue:0.6388888955116272
intersection:5, mean_episode_reward:-1.139444351196289, mean_queue:1.605555534362793
intersection:6, mean_episode_reward:-1.2022219896316528, mean_queue:2.1111111640930176
intersection:7, mean_episode_reward:-0.756111204624176, mean_queue:1.255555510520935
intersection:8, mean_episode_reward:-0.6138890385627747, mean_queue:1.0444444417953491
intersection:9, mean_episode_reward:-0.7855556011199951, mean_queue:1.7388888597488403
intersection:10, mean_episode_reward:-1.9377778768539429, mean_queue:2.1888887882232666
intersection:11, mean_episode_reward:-0.012222223915159702, mean_queue:0.6333333253860474
intersection:12, mean_episode_reward:-0.0077777742408216, mean_queue:0.5611110925674438
intersection:13, mean_episode_reward:-0.5544446110725403, mean_queue:1.2166666984558105
intersection:14, mean_episode_reward:-0.4477779269218445, mean_queue:0.9833333492279053
intersection:15, mean_episode_reward:0.18111112713813782, mean_queue:0.1666666716337204
intersection:16, mean_episode_reward:0.0016666667070239782, mean_queue:0.0
intersection:17, mean_episode_reward:0.06111111119389534, mean_queue:0.0
intersection:18, mean_episode_reward:0.09666666388511658, mean_queue:0.0
intersection:19, mean_episode_reward:0.15111111104488373, mean_queue:0.0
intersection:20, mean_episode_reward:0.11388887465000153, mean_queue:0.0
intersection:21, mean_episode_reward:0.06666667014360428, mean_queue:0.0
intersection:22, mean_episode_reward:0.08611111342906952, mean_queue:0.0
intersection:23, mean_episode_reward:0.0, mean_queue:0.0
intersection:24, mean_episode_reward:0.002222222276031971, mean_queue:0.0
intersection:25, mean_episode_reward:0.06499999761581421, mean_queue:0.0
intersection:26, mean_episode_reward:0.2544444799423218, mean_queue:0.0
intersection:27, mean_episode_reward:0.16333334147930145, mean_queue:0.0
intersection:28, mean_episode_reward:0.19722221791744232, mean_queue:0.0
intersection:29, mean_episode_reward:0.1644444465637207, mean_queue:0.0
intersection:30, mean_episode_reward:0.05388888716697693, mean_queue:0.0
intersection:31, mean_episode_reward:0.0038888887502253056, mean_queue:0.0
episode:53/100, train_demand:raw_data/grid4x4/od_hubs/demand_set/train_03.rou.xml
step:1800/1800, q_loss:2.807468891143799, rewards:-6.539444986979166, queue:0.5734375, delay:0.03877682156032986, throughput:793
episode:53/100, real avg travel time:170.78184110970997
intersection:0, mean_episode_reward:0.3861111104488373, mean_queue:0.27222222089767456
intersection:1, mean_episode_reward:-0.3311111330986023, mean_queue:1.0777777433395386
intersection:2, mean_episode_reward:-0.2961111068725586, mean_queue:0.7944444417953491
intersection:3, mean_episode_reward:-0.28777778148651123, mean_queue:0.644444465637207
intersection:4, mean_episode_reward:-0.11722220480442047, mean_queue:0.6611111164093018
intersection:5, mean_episode_reward:-1.2738885879516602, mean_queue:1.4055556058883667
intersection:6, mean_episode_reward:-0.5366670489311218, mean_queue:1.7277777194976807
intersection:7, mean_episode_reward:-0.7122222781181335, mean_queue:1.5777777433395386
intersection:8, mean_episode_reward:-0.2988888919353485, mean_queue:0.9555555582046509
intersection:9, mean_episode_reward:-1.075555682182312, mean_queue:1.7055555582046509
intersection:10, mean_episode_reward:-0.5033332109451294, mean_queue:2.105555534362793
intersection:11, mean_episode_reward:-0.7155556678771973, mean_queue:1.4833333492279053
intersection:12, mean_episode_reward:-0.40833333134651184, mean_queue:0.9722222089767456
intersection:13, mean_episode_reward:-0.6944444179534912, mean_queue:1.038888931274414
intersection:14, mean_episode_reward:-1.584444522857666, mean_queue:1.6777777671813965
intersection:15, mean_episode_reward:0.08388885110616684, mean_queue:0.25
intersection:16, mean_episode_reward:0.012222222052514553, mean_queue:0.0
intersection:17, mean_episode_reward:0.0811111107468605, mean_queue:0.0
intersection:18, mean_episode_reward:0.15555556118488312, mean_queue:0.0
intersection:19, mean_episode_reward:0.2449999898672104, mean_queue:0.0
intersection:20, mean_episode_reward:0.13111110031604767, mean_queue:0.0
intersection:21, mean_episode_reward:0.04277777671813965, mean_queue:0.0
intersection:22, mean_episode_reward:0.022777777165174484, mean_queue:0.0
intersection:23, mean_episode_reward:0.0, mean_queue:0.0
intersection:24, mean_episode_reward:0.0011111111380159855, mean_queue:0.0
intersection:25, mean_episode_reward:0.030000001192092896, mean_queue:0.0
intersection:26, mean_episode_reward:0.19388890266418457, mean_queue:0.0
intersection:27, mean_episode_reward:0.189444437623024, mean_queue:0.0
intersection:28, mean_episode_reward:0.38777783513069153, mean_queue:0.0
intersection:29, mean_episode_reward:0.2722221910953522, mean_queue:0.0
intersection:30, mean_episode_reward:0.07222221791744232, mean_queue:0.0
intersection:31, mean_episode_reward:-0.011111111380159855, mean_queue:0.0
episode:54/100, train_demand:raw_data/grid4x4/od_hubs/demand_set/train_04.rou.xml
step:1800/1800, q_loss:2.616309881210327, rewards:-5.077776760525174, queue:0.43524305555555554, delay:0.03258562088012695, throughput:703
episode:54/100, real avg travel time:166.97724039829302
intersection:0, mean_episode_reward:0.16388891637325287, mean_queue:0.4444444477558136
intersection:1, mean_episode_reward:-0.013333315029740334, mean_queue:0.7611111402511597
intersection:2, mean_episode_reward:-0.33666667342185974, mean_queue:0.605555534362793
intersection:3, mean_episode_reward:0.14055554568767548, mean_queue:0.3777777850627899
intersection:4, mean_episode_reward:-0.06388886272907257, mean_queue:0.7777777910232544
intersection:5, mean_episode_reward:-1.4549999237060547, mean_queue:1.5611110925674438
intersection:6, mean_episode_reward:-0.6111109256744385, mean_queue:1.394444465637207
intersection:7, mean_episode_reward:-0.6755554676055908, mean_queue:1.350000023841858
intersection:8, mean_episode_reward:-0.43999984860420227, mean_queue:0.9166666865348816
intersection:9, mean_episode_reward:-0.767777681350708, mean_queue:1.3222222328186035
intersection:10, mean_episode_reward:-1.1566663980484009, mean_queue:1.4555555582046509
intersection:11, mean_episode_reward:-0.5855554938316345, mean_queue:0.8055555820465088
intersection:12, mean_episode_reward:0.2405555546283722, mean_queue:0.28333333134651184
intersection:13, mean_episode_reward:-0.5883333683013916, mean_queue:0.9333333373069763
intersection:14, mean_episode_reward:-0.8500000238418579, mean_queue:0.7666666507720947
intersection:15, mean_episode_reward:0.22055555880069733, mean_queue:0.17222222685813904
intersection:16, mean_episode_reward:0.0038888887502253056, mean_queue:0.0
intersection:17, mean_episode_reward:0.041111111640930176, mean_queue:0.0
intersection:18, mean_episode_reward:0.12833334505558014, mean_queue:0.0
intersection:19, mean_episode_reward:0.09111110866069794, mean_queue:0.0
intersection:20, mean_episode_reward:0.15888890624046326, mean_queue:0.0
intersection:21, mean_episode_reward:0.09000000357627869, mean_queue:0.0
intersection:22, mean_episode_reward:0.10277777910232544, mean_queue:0.0
intersection:23, mean_episode_reward:0.0, mean_queue:0.0
intersection:24, mean_episode_reward:0.004444444552063942, mean_queue:0.0
intersection:25, mean_episode_reward:0.23944443464279175, mean_queue:0.0
intersection:26, mean_episode_reward:0.2288888692855835, mean_queue:0.0
intersection:27, mean_episode_reward:0.14222222566604614, mean_queue:0.0
intersection:28, mean_episode_reward:0.2038888931274414, mean_queue:0.0
intersection:29, mean_episode_reward:0.1805555820465088, mean_queue:0.0
intersection:30, mean_episode_reward:0.0994444414973259, mean_queue:0.0
intersection:31, mean_episode_reward:-0.014444444328546524, mean_queue:0.0
episode:55/100, train_demand:raw_data/grid4x4/od_hubs/demand_set/train_05.rou.xml
step:1800/1800, q_loss:2.622270107269287, rewards:-5.934999593098959, queue:0.49930555555555556, delay:0.03604029019673665, throughput:745
episode:55/100, real avg travel time:172.33422818791945
intersection:0, mean_episode_reward:-0.3272221088409424, mean_queue:0.8166666626930237
intersection:1, mean_episode_reward:-0.07722222805023193, mean_queue:0.7277777791023254
intersection:2, mean_episode_reward:-0.023333322256803513, mean_queue:0.4444444477558136
intersection:3, mean_episode_reward:-0.37611109018325806, mean_queue:0.7222222089767456
intersection:4, mean_episode_reward:0.2711111605167389, mean_queue:0.8611111044883728
intersection:5, mean_episode_reward:-1.5388885736465454, mean_queue:1.5555555820465088
intersection:6, mean_episode_reward:-0.9827776551246643, mean_queue:1.3611111640930176
intersection:7, mean_episode_reward:-0.006111113820225, mean_queue:0.800000011920929
intersection:8, mean_episode_reward:-0.5666666030883789, mean_queue:1.1888889074325562
intersection:9, mean_episode_reward:-0.9833335876464844, mean_queue:1.538888931274414
intersection:10, mean_episode_reward:-1.9238888025283813, mean_queue:2.183333396911621
intersection:11, mean_episode_reward:-0.48277777433395386, mean_queue:0.7833333611488342
intersection:12, mean_episode_reward:0.03833334892988205, mean_queue:0.8500000238418579
intersection:13, mean_episode_reward:-0.2933333218097687, mean_queue:0.9833333492279053
intersection:14, mean_episode_reward:-0.9355558753013611, mean_queue:1.0333333015441895
intersection:15, mean_episode_reward:0.5244444608688354, mean_queue:0.12777778506278992
intersection:16, mean_episode_reward:0.0038888887502253056, mean_queue:0.0
intersection:17, mean_episode_reward:0.07277777791023254, mean_queue:0.0
intersection:18, mean_episode_reward:0.10722220689058304, mean_queue:0.0
intersection:19, mean_episode_reward:0.0972222238779068, mean_queue:0.0
intersection:20, mean_episode_reward:0.15333332121372223, mean_queue:0.0
intersection:21, mean_episode_reward:0.07611110806465149, mean_queue:0.0
intersection:22, mean_episode_reward:0.012222222052514553, mean_queue:0.0
intersection:23, mean_episode_reward:0.0011111111380159855, mean_queue:0.0
intersection:24, mean_episode_reward:0.0038888887502253056, mean_queue:0.0
intersection:25, mean_episode_reward:0.11277777701616287, mean_queue:0.0
intersection:26, mean_episode_reward:0.33222222328186035, mean_queue:0.0
intersection:27, mean_episode_reward:0.1527777761220932, mean_queue:0.0
intersection:28, mean_episode_reward:0.34333333373069763, mean_queue:0.0
intersection:29, mean_episode_reward:0.2244444340467453, mean_queue:0.0
intersection:30, mean_episode_reward:0.054999999701976776, mean_queue:0.0
intersection:31, mean_episode_reward:0.0, mean_queue:0.0
episode:56/100, train_demand:raw_data/grid4x4/od_hubs/demand_set/train_06.rou.xml
step:1800/1800, q_loss:2.4783267974853516, rewards:-5.22388916015625, queue:0.46197916666666666, delay:0.03405678537156847, throughput:744
episode:56/100, real avg travel time:169.88172043010752
intersection:0, mean_episode_reward:-0.03333333879709244, mean_queue:0.6166666746139526
intersection:1, mean_episode_reward:-0.17555557191371918, mean_queue:0.6833333373069763
intersection:2, mean_episode_reward:-0.01944444514811039, mean_queue:0.605555534362793
intersection:3, mean_episode_reward:0.022777771577239037, mean_queue:0.2666666805744171
intersection:4, mean_episode_reward:0.5611110925674438, mean_queue:0.7277777791023254
intersection:5, mean_episode_reward:-1.305555820465088, mean_queue:1.2000000476837158
intersection:6, mean_episode_reward:-1.0277776718139648, mean_queue:1.8333333730697632
intersection:7, mean_episode_reward:-0.42222222685813904, mean_queue:1.1277778148651123
intersection:8, mean_episode_reward:-0.824444591999054, mean_queue:1.5166666507720947
intersection:9, mean_episode_reward:-0.8616666793823242, mean_queue:1.2611111402511597
intersection:10, mean_episode_reward:-1.6116666793823242, mean_queue:1.7611111402511597
intersection:11, mean_episode_reward:-0.26888883113861084, mean_queue:0.6166666746139526
intersection:12, mean_episode_reward:0.6327778100967407, mean_queue:0.5388888716697693
intersection:13, mean_episode_reward:-0.8061109185218811, mean_queue:1.0666667222976685
intersection:14, mean_episode_reward:-0.8394442796707153, mean_queue:0.8222222328186035
intersection:15, mean_episode_reward:0.28222230076789856, mean_queue:0.1388888955116272
intersection:16, mean_episode_reward:0.004444444552063942, mean_queue:0.0
intersection:17, mean_episode_reward:0.055555559694767, mean_queue:0.0
intersection:18, mean_episode_reward:0.11611109972000122, mean_queue:0.0
intersection:19, mean_episode_reward:0.17499999701976776, mean_queue:0.0
intersection:20, mean_episode_reward:0.14277778565883636, mean_queue:0.0
intersection:21, mean_episode_reward:0.03500000014901161, mean_queue:0.0
intersection:22, mean_episode_reward:0.038333334028720856, mean_queue:0.0
intersection:23, mean_episode_reward:0.0, mean_queue:0.0
intersection:24, mean_episode_reward:0.002222222276031971, mean_queue:0.0
intersection:25, mean_episode_reward:0.06277777999639511, mean_queue:0.0
intersection:26, mean_episode_reward:0.22555552423000336, mean_queue:0.0
intersection:27, mean_episode_reward:0.1272222250699997, mean_queue:0.0
intersection:28, mean_episode_reward:0.2611110806465149, mean_queue:0.0
intersection:29, mean_episode_reward:0.18777777254581451, mean_queue:0.0
intersection:30, mean_episode_reward:0.05055555701255798, mean_queue:0.0
intersection:31, mean_episode_reward:-0.011111111380159855, mean_queue:0.0
episode:57/100, train_demand:raw_data/grid4x4/od_hubs/demand_set/train_07.rou.xml
step:1800/1800, q_loss:2.558927059173584, rewards:-5.7272216796875, queue:0.49444444444444446, delay:0.03517591953277588, throughput:757
episode:57/100, real avg travel time:168.15059445178335
intersection:0, mean_episode_reward:0.08611109107732773, mean_queue:0.38333332538604736
intersection:1, mean_episode_reward:-0.05111108720302582, mean_queue:0.7277777791023254
intersection:2, mean_episode_reward:-0.208333358168602, mean_queue:0.6166666746139526
intersection:3, mean_episode_reward:0.23388893902301788, mean_queue:0.33888888359069824
intersection:4, mean_episode_reward:-0.07222222536802292, mean_queue:0.6833333373069763
intersection:5, mean_episode_reward:-1.6055554151535034, mean_queue:1.5166666507720947
intersection:6, mean_episode_reward:-0.35777774453163147, mean_queue:1.7333333492279053
intersection:7, mean_episode_reward:-1.0261108875274658, mean_queue:1.9666666984558105
intersection:8, mean_episode_reward:-0.3127777874469757, mean_queue:0.855555534362793
intersection:9, mean_episode_reward:-0.7516666650772095, mean_queue:1.4888888597488403
intersection:10, mean_episode_reward:-1.4522219896316528, mean_queue:1.8333333730697632
intersection:11, mean_episode_reward:-0.5255554914474487, mean_queue:0.8833333253860474
intersection:12, mean_episode_reward:-0.07499998807907104, mean_queue:0.6166666746139526
intersection:13, mean_episode_reward:-0.4622223675251007, mean_queue:0.9722222089767456
intersection:14, mean_episode_reward:-0.8649998903274536, mean_queue:1.0111111402511597
intersection:15, mean_episode_reward:0.2827777862548828, mean_queue:0.1944444477558136
intersection:16, mean_episode_reward:0.0, mean_queue:0.0
intersection:17, mean_episode_reward:0.14777778089046478, mean_queue:0.0
intersection:18, mean_episode_reward:0.09222222119569778, mean_queue:0.0
intersection:19, mean_episode_reward:0.08833333849906921, mean_queue:0.0
intersection:20, mean_episode_reward:0.16833332180976868, mean_queue:0.0
intersection:21, mean_episode_reward:0.09555555880069733, mean_queue:0.0
intersection:22, mean_episode_reward:0.028888888657093048, mean_queue:0.0
intersection:23, mean_episode_reward:0.0061111110262572765, mean_queue:0.0
intersection:24, mean_episode_reward:0.0038888887502253056, mean_queue:0.0
intersection:25, mean_episode_reward:0.07944444566965103, mean_queue:0.0
intersection:26, mean_episode_reward:0.20666664838790894, mean_queue:0.0
intersection:27, mean_episode_reward:0.14777779579162598, mean_queue:0.0
intersection:28, mean_episode_reward:0.2338888943195343, mean_queue:0.0
intersection:29, mean_episode_reward:0.1294444501399994, mean_queue:0.0
intersection:30, mean_episode_reward:0.02055555395781994, mean_queue:0.0
intersection:31, mean_episode_reward:-0.013333333656191826, mean_queue:0.0
episode:58/100, train_demand:raw_data/grid4x4/od_hubs/demand_set/train_08.rou.xml
step:1800/1800, q_loss:2.4082045555114746, rewards:-5.910000271267361, queue:0.4701388888888889, delay:0.033977545632256405, throughput:768
episode:58/100, real avg travel time:166.05859375
intersection:0, mean_episode_reward:-0.0016666637966409326, mean_queue:0.44999998807907104
intersection:1, mean_episode_reward:-0.07055558264255524, mean_queue:0.7111111283302307
intersection:2, mean_episode_reward:-0.3766668140888214, mean_queue:0.605555534362793
intersection:3, mean_episode_reward:0.21833325922489166, mean_queue:0.27222222089767456
intersection:4, mean_episode_reward:0.06055554375052452, mean_queue:0.6499999761581421
intersection:5, mean_episode_reward:-1.4866666793823242, mean_queue:1.4388889074325562
intersection:6, mean_episode_reward:-0.5933333039283752, mean_queue:1.4888888597488403
intersection:7, mean_episode_reward:-0.638888955116272, mean_queue:1.3888888359069824
intersection:8, mean_episode_reward:0.14000000059604645, mean_queue:0.7944444417953491
intersection:9, mean_episode_reward:-1.2083332538604736, mean_queue:1.8055555820465088
intersection:10, mean_episode_reward:-1.68833327293396, mean_queue:1.8277777433395386
intersection:11, mean_episode_reward:-0.46555566787719727, mean_queue:0.6277777552604675
intersection:12, mean_episode_reward:-0.31611108779907227, mean_queue:0.9222221970558167
intersection:13, mean_episode_reward:-0.6927777528762817, mean_queue:1.100000023841858
intersection:14, mean_episode_reward:-0.7127779722213745, mean_queue:0.7611111402511597
intersection:15, mean_episode_reward:0.2061111479997635, mean_queue:0.20000000298023224
intersection:16, mean_episode_reward:0.012222222052514553, mean_queue:0.0
intersection:17, mean_episode_reward:0.13555556535720825, mean_queue:0.0
intersection:18, mean_episode_reward:0.09388888627290726, mean_queue:0.0
intersection:19, mean_episode_reward:0.15833334624767303, mean_queue:0.0
intersection:20, mean_episode_reward:0.13944444060325623, mean_queue:0.0
intersection:21, mean_episode_reward:0.07333333045244217, mean_queue:0.0
intersection:22, mean_episode_reward:0.07222222536802292, mean_queue:0.0
intersection:23, mean_episode_reward:0.07722222059965134, mean_queue:0.0
intersection:24, mean_episode_reward:0.002222222276031971, mean_queue:0.0
intersection:25, mean_episode_reward:0.056111112236976624, mean_queue:0.0
intersection:26, mean_episode_reward:0.2894444465637207, mean_queue:0.0
intersection:27, mean_episode_reward:0.17666666209697723, mean_queue:0.0
intersection:28, mean_episode_reward:0.21111111342906952, mean_queue:0.0
intersection:29, mean_episode_reward:0.13944445550441742, mean_queue:0.0
intersection:30, mean_episode_reward:0.07944443821907043, mean_queue:0.0
intersection:31, mean_episode_reward:0.0, mean_queue:0.0
episode:59/100, train_demand:raw_data/grid4x4/od_hubs/demand_set/train_09.rou.xml
step:1800/1800, q_loss:2.3435842990875244, rewards:-5.191111246744792, queue:0.4473958333333333, delay:0.03350792990790473, throughput:735
episode:59/100, real avg travel time:168.48027210884354
intersection:0, mean_episode_reward:-0.032777782529592514, mean_queue:0.5333333611488342
intersection:1, mean_episode_reward:0.09166665375232697, mean_queue:0.6166666746139526
intersection:2, mean_episode_reward:-0.1366666704416275, mean_queue:0.4611110985279083
intersection:3, mean_episode_reward:0.10555553436279297, mean_queue:0.20000000298023224
intersection:4, mean_episode_reward:0.11888887733221054, mean_queue:0.800000011920929
intersection:5, mean_episode_reward:-1.2699998617172241, mean_queue:1.394444465637207
intersection:6, mean_episode_reward:-1.315555453300476, mean_queue:1.7222222089767456
intersection:7, mean_episode_reward:0.021111054345965385, mean_queue:0.6833333373069763
intersection:8, mean_episode_reward:-0.21888893842697144, mean_queue:0.8999999761581421
intersection:9, mean_episode_reward:-1.152777910232544, mean_queue:1.4666666984558105
intersection:10, mean_episode_reward:-1.6400002241134644, mean_queue:1.9833333492279053
intersection:11, mean_episode_reward:-0.7416665554046631, mean_queue:1.0555555820465088
intersection:12, mean_episode_reward:0.10555560141801834, mean_queue:0.605555534362793
intersection:13, mean_episode_reward:-0.14499999582767487, mean_queue:0.7333333492279053
intersection:14, mean_episode_reward:-0.675000011920929, mean_queue:0.8277778029441833
intersection:15, mean_episode_reward:0.17388902604579926, mean_queue:0.3333333432674408
intersection:16, mean_episode_reward:0.015555555000901222, mean_queue:0.0
intersection:17, mean_episode_reward:0.03222222253680229, mean_queue:0.0
intersection:18, mean_episode_reward:0.14722220599651337, mean_queue:0.0
intersection:19, mean_episode_reward:0.2827778160572052, mean_queue:0.0
intersection:20, mean_episode_reward:0.15222223103046417, mean_queue:0.0
intersection:21, mean_episode_reward:0.1066666692495346, mean_queue:0.0
intersection:22, mean_episode_reward:0.060555554926395416, mean_queue:0.0
intersection:23, mean_episode_reward:0.0, mean_queue:0.0
intersection:24, mean_episode_reward:0.0038888887502253056, mean_queue:0.0
intersection:25, mean_episode_reward:0.04611111059784889, mean_queue:0.0
intersection:26, mean_episode_reward:0.12888887524604797, mean_queue:0.0
intersection:27, mean_episode_reward:0.16611112654209137, mean_queue:0.0
intersection:28, mean_episode_reward:0.1666666716337204, mean_queue:0.0
intersection:29, mean_episode_reward:0.12833333015441895, mean_queue:0.0
intersection:30, mean_episode_reward:0.09444444626569748, mean_queue:0.0
intersection:31, mean_episode_reward:-0.011111111380159855, mean_queue:0.0
episode:60/100, train_demand:raw_data/grid4x4/od_hubs/demand_set/train_00.rou.xml
step:1800/1800, q_loss:2.253565788269043, rewards:-5.539999728732639, queue:0.42135416666666664, delay:0.03143983946906196, throughput:694
episode:60/100, real avg travel time:166.7435158501441
intersection:0, mean_episode_reward:-0.2577778100967407, mean_queue:0.6833333373069763
intersection:1, mean_episode_reward:-0.07944449037313461, mean_queue:0.6555555462837219
intersection:2, mean_episode_reward:-0.13555553555488586, mean_queue:0.39444443583488464
intersection:3, mean_episode_reward:0.061111126095056534, mean_queue:0.3722222149372101
intersection:4, mean_episode_reward:-0.33777788281440735, mean_queue:0.8722222447395325
intersection:5, mean_episode_reward:-0.8650000095367432, mean_queue:1.2611111402511597
intersection:6, mean_episode_reward:-1.4961109161376953, mean_queue:1.7055555582046509
intersection:7, mean_episode_reward:-0.4466666877269745, mean_queue:0.9277777671813965
intersection:8, mean_episode_reward:0.009444436989724636, mean_queue:0.6000000238418579
intersection:9, mean_episode_reward:-1.1772220134735107, mean_queue:1.4277777671813965
intersection:10, mean_episode_reward:-1.6338887214660645, mean_queue:1.6277778148651123
intersection:11, mean_episode_reward:-0.20000004768371582, mean_queue:0.5888888835906982
intersection:12, mean_episode_reward:0.2961110770702362, mean_queue:0.3222222328186035
intersection:13, mean_episode_reward:-0.5672221779823303, mean_queue:1.0444444417953491
intersection:14, mean_episode_reward:-0.9822227358818054, mean_queue:0.8833333253860474
intersection:15, mean_episode_reward:0.5983334183692932, mean_queue:0.11666666716337204
intersection:16, mean_episode_reward:0.0038888887502253056, mean_queue:0.0
intersection:17, mean_episode_reward:0.057777781039476395, mean_queue:0.0
intersection:18, mean_episode_reward:0.1550000011920929, mean_queue:0.0
intersection:19, mean_episode_reward:0.18777775764465332, mean_queue:0.0
intersection:20, mean_episode_reward:0.15111111104488373, mean_queue:0.0
intersection:21, mean_episode_reward:0.061666667461395264, mean_queue:0.0
intersection:22, mean_episode_reward:0.06444444507360458, mean_queue:0.0
intersection:23, mean_episode_reward:0.002222222276031971, mean_queue:0.0
intersection:24, mean_episode_reward:0.0, mean_queue:0.0
intersection:25, mean_episode_reward:0.1988888829946518, mean_queue:0.0
intersection:26, mean_episode_reward:0.1922222077846527, mean_queue:0.0
intersection:27, mean_episode_reward:0.16333335638046265, mean_queue:0.0
intersection:28, mean_episode_reward:0.1783333420753479, mean_queue:0.0
intersection:29, mean_episode_reward:0.20222218334674835, mean_queue:0.0
intersection:30, mean_episode_reward:0.0672222226858139, mean_queue:0.0
intersection:31, mean_episode_reward:-0.012222222052514553, mean_queue:0.0
HELDOUT episode:60/100, demand:raw_data/grid4x4/od_hubs/demand_set/hold_00.rou.xml, travel time:179.61897590361446, rewards:-8.375000678168403, queue:1.1833333333333333, delay:0.042332400215996636, throughput:664
HELDOUT episode:60/100, demand:raw_data/grid4x4/od_hubs/demand_set/hold_01.rou.xml, travel time:184.57226277372263, rewards:-11.548893229166667, queue:1.3802083333333333, delay:0.04825878143310547, throughput:685
HELDOUT episode:60/100, demand:raw_data/grid4x4/od_hubs/demand_set/hold_02.rou.xml, travel time:170.76268861454048, rewards:-6.9711113823784725, queue:0.5927083333333333, delay:0.03711717658572727, throughput:729
HELDOUT_MEAN episode:60/100, travel time:178.3179757639592 (n=3)
episode:61/100, train_demand:raw_data/grid4x4/od_hubs/demand_set/train_01.rou.xml
step:1800/1800, q_loss:2.1004602909088135, rewards:-5.4983330620659725, queue:0.4362847222222222, delay:0.03260690371195475, throughput:728
episode:61/100, real avg travel time:166.60164835164835
intersection:0, mean_episode_reward:0.1711111068725586, mean_queue:0.2777777910232544
intersection:1, mean_episode_reward:0.14555561542510986, mean_queue:0.6222222447395325
intersection:2, mean_episode_reward:-0.3327777087688446, mean_queue:0.5222222208976746
intersection:3, mean_episode_reward:-0.06388889253139496, mean_queue:0.3166666626930237
intersection:4, mean_episode_reward:-0.14388883113861084, mean_queue:0.800000011920929
intersection:5, mean_episode_reward:-1.8283334970474243, mean_queue:1.6666666269302368
intersection:6, mean_episode_reward:-0.11888888478279114, mean_queue:1.2166666984558105
intersection:7, mean_episode_reward:-0.9738889336585999, mean_queue:1.4166666269302368
intersection:8, mean_episode_reward:-0.16722221672534943, mean_queue:0.7055555582046509
intersection:9, mean_episode_reward:-1.3977776765823364, mean_queue:1.6277778148651123
intersection:10, mean_episode_reward:-1.1961110830307007, mean_queue:1.600000023841858
intersection:11, mean_episode_reward:0.026111118495464325, mean_queue:0.5111111402511597
intersection:12, mean_episode_reward:-0.20777778327465057, mean_queue:0.6777777671813965
intersection:13, mean_episode_reward:-0.32722222805023193, mean_queue:0.9333333373069763
intersection:14, mean_episode_reward:-0.7977777123451233, mean_queue:0.8999999761581421
intersection:15, mean_episode_reward:0.2916666269302368, mean_queue:0.1666666716337204
intersection:16, mean_episode_reward:0.0, mean_queue:0.0
intersection:17, mean_episode_reward:0.026111112907528877, mean_queue:0.0
intersection:18, mean_episode_reward:0.1272222250699997, mean_queue:0.0
intersection:19, mean_episode_reward:0.09333332628011703, mean_queue:0.0
intersection:20, mean_episode_reward:0.12166666239500046, mean_queue:0.0
intersection:21, mean_episode_reward:0.0811111107468605, mean_queue:0.0
intersection:22, mean_episode_reward:0.014444444328546524, mean_queue:0.0
intersection:23, mean_episode_reward:0.005000000353902578, mean_queue:0.0
intersection:24, mean_episode_reward:0.002222222276031971, mean_queue:0.0
intersection:25, mean_episode_reward:0.10111111402511597, mean_queue:0.0
intersection:26, mean_episode_reward:0.20888885855674744, mean_queue:0.0
intersection:27, mean_episode_reward:0.12166667729616165, mean_queue:0.0
intersection:28, mean_episode_reward:0.268888920545578, mean_queue:0.0
intersection:29, mean_episode_reward:0.189444437623024, mean_queue:0.0
intersection:30, mean_episode_reward:0.07277777045965195, mean_queue:0.0
intersection:31, mean_episode_reward:-0.011111111380159855, mean_queue:0.0
episode:62/100, train_demand:raw_data/grid4x4/od_hubs/demand_set/train_02.rou.xml
step:1800/1800, q_loss:1.955146312713623, rewards:-5.6983350965711805, queue:0.5885416666666666, delay:0.034873769018385146, throughput:745
episode:62/100, real avg travel time:176.80805369127518
intersection:0, mean_episode_reward:0.2205556035041809, mean_queue:0.22777777910232544
intersection:1, mean_episode_reward:0.12000000476837158, mean_queue:0.5722222328186035
intersection:2, mean_episode_reward:-0.23499995470046997, mean_queue:0.5944444537162781
intersection:3, mean_episode_reward:0.08277776837348938, mean_queue:0.2611111104488373
intersection:4, mean_episode_reward:2.6816658973693848, mean_queue:1.0777777433395386
intersection:5, mean_episode_reward:-1.8122222423553467, mean_queue:1.8277777433395386
intersection:6, mean_episode_reward:-1.2594445943832397, mean_queue:1.4166666269302368
intersection:7, mean_episode_reward:0.07722223550081253, mean_queue:0.6111111044883728
intersection:8, mean_episode_reward:-4.790000915527344, mean_queue:5.349999904632568
intersection:9, mean_episode_reward:-0.6844446659088135, mean_queue:1.5833333730697632
intersection:10, mean_episode_reward:-1.7916661500930786, mean_queue:1.7166666984558105
intersection:11, mean_episode_reward:-0.2061110883951187, mean_queue:0.6777777671813965
intersection:12, mean_episode_reward:0.791666567325592, mean_queue:0.6166666746139526
intersection:13, mean_episode_reward:-0.4966665804386139, mean_queue:1.211111068725586
intersection:14, mean_episode_reward:-0.850555419921875, mean_queue:0.9333333373069763
intersection:15, mean_episode_reward:0.45666661858558655, mean_queue:0.15555556118488312
intersection:16, mean_episode_reward:0.0005555555690079927, mean_queue:0.0
intersection:17, mean_episode_reward:0.05055555701255798, mean_queue:0.0
intersection:18, mean_episode_reward:0.617222249507904, mean_queue:0.0
intersection:19, mean_episode_reward:0.1638888716697693, mean_queue:0.0
intersection:20, mean_episode_reward:0.10944443941116333, mean_queue:0.0
intersection:21, mean_episode_reward:0.053333330899477005, mean_queue:0.0
intersection:22, mean_episode_reward:0.10611111670732498, mean_queue:0.0
intersection:23, mean_episode_reward:0.0, mean_queue:0.0
intersection:24, mean_episode_reward:0.0, mean_queue:0.0
intersection:25, mean_episode_reward:0.07055555284023285, mean_queue:0.0
intersection:26, mean_episode_reward:0.27222225069999695, mean_queue:0.0
intersection:27, mean_episode_reward:0.15166668593883514, mean_queue:0.0
intersection:28, mean_episode_reward:0.1805555522441864, mean_queue:0.0
intersection:29, mean_episode_reward:0.18166664242744446, mean_queue:0.0
intersection:30, mean_episode_reward:0.03500000387430191, mean_queue:0.0
intersection:31, mean_episode_reward:0.004444444552063942, mean_queue:0.0
episode:63/100, train_demand:raw_data/grid4x4/od_hubs/demand_set/train_03.rou.xml
step:1800/1800, q_loss:1.9765311479568481, rewards:-6.176665581597222, queue:0.4831597222222222, delay:0.03331642680697971, throughput:799
episode:63/100, real avg travel time:167.31914893617022
intersection:0, mean_episode_reward:0.20944438874721527, mean_queue:0.3166666626930237
intersection:1, mean_episode_reward:-0.24388886988162994, mean_queue:0.894444465637207
intersection:2, mean_episode_reward:-0.20222227275371552, mean_queue:0.7111111283302307
intersection:3, mean_episode_reward:0.0944443941116333, mean_queue:0.28333333134651184
intersection:4, mean_episode_reward:-0.051111120730638504, mean_queue:0.8666666746139526
intersection:5, mean_episode_reward:-1.7922219038009644, mean_queue:1.5
intersection:6, mean_episode_reward:-0.9177775979042053, mean_queue:1.7333333492279053
intersection:7, mean_episode_reward:-0.4061111509799957, mean_queue:1.2333333492279053
intersection:8, mean_episode_reward:-0.2522222399711609, mean_queue:0.9166666865348816
intersection:9, mean_episode_reward:-1.1800000667572021, mean_queue:1.649999976158142
intersection:10, mean_episode_reward:-1.8733327388763428, mean_queue:1.9166666269302368
intersection:11, mean_episode_reward:-0.07499996572732925, mean_queue:0.6611111164093018
intersection:12, mean_episode_reward:0.18388894200325012, mean_queue:0.4611110985279083
intersection:13, mean_episode_reward:-1.072222352027893, mean_queue:1.2388888597488403
intersection:14, mean_episode_reward:-0.4405556917190552, mean_queue:0.7444444298744202
intersection:15, mean_episode_reward:-0.03555556759238243, mean_queue:0.3333333432674408
intersection:16, mean_episode_reward:0.011111111380159855, mean_queue:0.0
intersection:17, mean_episode_reward:0.061666663736104965, mean_queue:0.0
intersection:18, mean_episode_reward:0.18444444239139557, mean_queue:0.0
intersection:19, mean_episode_reward:0.22333331406116486, mean_queue:0.0
intersection:20, mean_episode_reward:0.12666666507720947, mean_queue:0.0
intersection:21, mean_episode_reward:0.042222220450639725, mean_queue:0.0
intersection:22, mean_episode_reward:0.02666666731238365, mean_queue:0.0
intersection:23, mean_episode_reward:0.0, mean_queue:0.0
intersection:24, mean_episode_reward:0.0005555555690079927, mean_queue:0.0
intersection:25, mean_episode_reward:0.17999999225139618, mean_queue:0.0
intersection:26, mean_episode_reward:0.22666668891906738, mean_queue:0.0
intersection:27, mean_episode_reward:0.20499998331069946, mean_queue:0.0
intersection:28, mean_episode_reward:0.27888888120651245, mean_queue:0.0
intersection:29, mean_episode_reward:0.2477777898311615, mean_queue:0.0
intersection:30, mean_episode_reward:0.07500000298023224, mean_queue:0.0
intersection:31, mean_episode_reward:-0.012222222052514553, mean_queue:0.0
episode:64/100, train_demand:raw_data/grid4x4/od_hubs/demand_set/train_04.rou.xml
step:1800/1800, q_loss:1.9186333417892456, rewards:-5.168889702690972, queue:0.3871527777777778, delay:0.029595001538594564, throughput:708
episode:64/100, real avg travel time:164.4632768361582
intersection:0, mean_episode_reward:0.2611110806465149, mean_queue:0.3055555522441864
intersection:1, mean_episode_reward:-0.12666667997837067, mean_queue:0.7444444298744202
intersection:2, mean_episode_reward:0.01833333447575569, mean_queue:0.47777777910232544
intersection:3, mean_episode_reward:0.13499997556209564, mean_queue:0.4833333194255829
intersection:4, mean_episode_reward:-0.08888889104127884, mean_queue:0.699999988079071
intersection:5, mean_episode_reward:-1.6455559730529785, mean_queue:1.4388889074325562
intersection:6, mean_episode_reward:-1.2155555486679077, mean_queue:1.355555534362793
intersection:7, mean_episode_reward:-0.27277788519859314, mean_queue:0.8666666746139526
intersection:8, mean_episode_reward:-0.1944444477558136, mean_queue:0.6944444179534912
intersection:9, mean_episode_reward:-0.8188890814781189, mean_queue:1.2222222089767456
intersection:10, mean_episode_reward:-1.6966665983200073, mean_queue:1.5111111402511597
intersection:11, mean_episode_reward:-0.31055551767349243, mean_queue:0.5611110925674438
intersection:12, mean_episode_reward:0.25055551528930664, mean_queue:0.3333333432674408
intersection:13, mean_episode_reward:-0.7311111688613892, mean_queue:1.0277777910232544
intersection:14, mean_episode_reward:-0.5316665768623352, mean_queue:0.5055555701255798
intersection:15, mean_episode_reward:0.19277776777744293, mean_queue:0.16111111640930176
intersection:16, mean_episode_reward:0.0038888887502253056, mean_queue:0.0
intersection:17, mean_episode_reward:0.012777777388691902, mean_queue:0.0
intersection:18, mean_episode_reward:0.11833333969116211, mean_queue:0.0
intersection:19, mean_episode_reward:0.09499999135732651, mean_queue:0.0
intersection:20, mean_episode_reward:0.15111112594604492, mean_queue:0.0
intersection:21, mean_episode_reward:0.10611111670732498, mean_queue:0.0
intersection:22, mean_episode_reward:0.10944443941116333, mean_queue:0.0
intersection:23, mean_episode_reward:0.0, mean_queue:0.0
intersection:24, mean_episode_reward:0.0027777778450399637, mean_queue:0.0
intersection:25, mean_episode_reward:0.2061111032962799, mean_queue:0.0
intersection:26, mean_episode_reward:0.22166667878627777, mean_queue:0.0
intersection:27, mean_episode_reward:0.15166665613651276, mean_queue:0.0
intersection:28, mean_episode_reward:0.19277776777744293, mean_queue:0.0
intersection:29, mean_episode_reward:0.1461111158132553, mean_queue:0.0
intersection:30, mean_episode_reward:0.10611111670732498, mean_queue:0.0
intersection:31, mean_episode_reward:-0.017777778208255768, mean_queue:0.0
episode:65/100, train_demand:raw_data/grid4x4/od_hubs/demand_set/train_05.rou.xml
step:1800/1800, q_loss:1.8182275295257568, rewards:-5.323889499240451, queue:0.4071180555555556, delay:0.030850871404012045, throughput:745
episode:65/100, real avg travel time:165.59731543624162
intersection:0, mean_episode_reward:0.3038889467716217, mean_queue:0.21111111342906952
intersection:1, mean_episode_reward:-0.03444444388151169, mean_queue:0.6555555462837219
intersection:2, mean_episode_reward:-0.25777778029441833, mean_queue:0.5666666626930237
intersection:3, mean_episode_reward:0.153333380818367, mean_queue:0.3222222328186035
intersection:4, mean_episode_reward:0.0005555705283768475, mean_queue:0.4277777671813965
intersection:5, mean_episode_reward:-1.5555557012557983, mean_queue:1.25
intersection:6, mean_episode_reward:-0.9588894248008728, mean_queue:1.2166666984558105
intersection:7, mean_episode_reward:-0.30666667222976685, mean_queue:0.9055555462837219
intersection:8, mean_episode_reward:-0.5266667008399963, mean_queue:1.0222222805023193
intersection:9, mean_episode_reward:-1.4350000619888306, mean_queue:1.649999976158142
intersection:10, mean_episode_reward:-1.1361114978790283, mean_queue:1.5111111402511597
intersection:11, mean_episode_reward:-0.5577776432037354, mean_queue:0.7888888716697693
intersection:12, mean_episode_reward:0.16166672110557556, mean_queue:0.5555555820465088
intersection:13, mean_episode_reward:-0.3094443380832672, mean_queue:1.005555510520935
intersection:14, mean_episode_reward:-0.7611112594604492, mean_queue:0.8111110925674438
intersection:15, mean_episode_reward:0.4755556285381317, mean_queue:0.12777778506278992
intersection:16, mean_episode_reward:0.0005555555690079927, mean_queue:0.0
intersection:17, mean_episode_reward:0.025555558502674103, mean_queue:0.0
intersection:18, mean_episode_reward:0.11222221702337265, mean_queue:0.0
intersection:19, mean_episode_reward:0.10000000149011612, mean_queue:0.0
intersection:20, mean_episode_reward:0.1322222352027893, mean_queue:0.0
intersection:21, mean_episode_reward:0.06444443762302399, mean_queue:0.0
intersection:22, mean_episode_reward:0.01166666578501463, mean_queue:0.0
intersection:23, mean_episode_reward:0.0011111111380159855, mean_queue:0.0
intersection:24, mean_episode_reward:0.0011111111380159855, mean_queue:0.0
intersection:25, mean_episode_reward:0.09777776896953583, mean_queue:0.0
intersection:26, mean_episode_reward:0.23055553436279297, mean_queue:0.0
intersection:27, mean_episode_reward:0.13722223043441772, mean_queue:0.0
intersection:28, mean_episode_reward:0.25555557012557983, mean_queue:0.0
intersection:29, mean_episode_reward:0.19722221791744232, mean_queue:0.0
intersection:30, mean_episode_reward:0.05333332344889641, mean_queue:0.0
intersection:31, mean_episode_reward:0.0, mean_queue:0.0
episode:66/100, train_demand:raw_data/grid4x4/od_hubs/demand_set/train_06.rou.xml
step:1800/1800, q_loss:1.8029961585998535, rewards:-5.406111992730034, queue:0.4048611111111111, delay:0.03026497628953722, throughput:745
episode:66/100, real avg travel time:165.0765100671141
intersection:0, mean_episode_reward:-0.026111138984560966, mean_queue:0.5222222208976746
intersection:1, mean_episode_reward:-0.07555562257766724, mean_queue:0.6388888955116272
intersection:2, mean_episode_reward:-0.08166668564081192, mean_queue:0.5722222328186035
intersection:3, mean_episode_reward:0.02666667103767395, mean_queue:0.25
intersection:4, mean_episode_reward:0.6044446229934692, mean_queue:0.5055555701255798
intersection:5, mean_episode_reward:-1.6416670083999634, mean_queue:1.4111111164093018
intersection:6, mean_episode_reward:-1.415000081062317, mean_queue:1.6666666269302368
intersection:7, mean_episode_reward:-0.031111137941479683, mean_queue:0.6833333373069763
intersection:8, mean_episode_reward:-0.2161111682653427, mean_queue:0.7722222208976746
intersection:9, mean_episode_reward:-0.7549999952316284, mean_queue:1.1666666269302368
intersection:10, mean_episode_reward:-1.9233335256576538, mean_queue:1.7277777194976807
intersection:11, mean_episode_reward:-0.26444441080093384, mean_queue:0.6388888955116272
intersection:12, mean_episode_reward:-0.0077777886763215065, mean_queue:0.5444444417953491
intersection:13, mean_episode_reward:-0.6361111402511597, mean_queue:0.9944444298744202
intersection:14, mean_episode_reward:-0.7633334398269653, mean_queue:0.7111111283302307
intersection:15, mean_episode_reward:0.25777775049209595, mean_queue:0.15000000596046448
intersection:16, mean_episode_reward:0.004444444552063942, mean_queue:0.0
intersection:17, mean_episode_reward:0.028333330526947975, mean_queue:0.0
intersection:18, mean_episode_reward:0.12666665017604828, mean_queue:0.0
intersection:19, mean_episode_reward:0.2405555546283722, mean_queue:0.0
intersection:20, mean_episode_reward:0.11611112207174301, mean_queue:0.0
intersection:21, mean_episode_reward:0.021666666492819786, mean_queue:0.0
intersection:22, mean_episode_reward:0.04222222417593002, mean_queue:0.0
intersection:23, mean_episode_reward:0.0, mean_queue:0.0
intersection:24, mean_episode_reward:0.002222222276031971, mean_queue:0.0
intersection:25, mean_episode_reward:0.04722222313284874, mean_queue:0.0
intersection:26, mean_episode_reward:0.29722219705581665, mean_queue:0.0
intersection:27, mean_episode_reward:0.13277779519557953, mean_queue:0.0
intersection:28, mean_episode_reward:0.25999999046325684, mean_queue:0.0
intersection:29, mean_episode_reward:0.17444445192813873, mean_queue:0.0
intersection:30, mean_episode_reward:0.059999994933605194, mean_queue:0.0
intersection:31, mean_episode_reward:-0.011666667647659779, mean_queue:0.0
episode:67/100, train_demand:raw_data/grid4x4/od_hubs/demand_set/train_07.rou.xml
step:1800/1800, q_loss:1.7131015062332153, rewards:-5.728889295789931, queue:0.3972222222222222, delay:0.029337999555799694, throughput:760
episode:67/100, real avg travel time:162.6657894736842
intersection:0, mean_episode_reward:0.21999996900558472, mean_queue:0.25555557012557983
intersection:1, mean_episode_reward:-0.14222218096256256, mean_queue:0.5888888835906982
intersection:2, mean_episode_reward:-0.18944445252418518, mean_queue:0.6277777552604675
intersection:3, mean_episode_reward:-0.037777774035930634, mean_queue:0.3611111044883728
intersection:4, mean_episode_reward:-0.01555556058883667, mean_queue:0.6499999761581421
intersection:5, mean_episode_reward:-1.5572220087051392, mean_queue:1.3166667222976685
intersection:6, mean_episode_reward:-1.4722222089767456, mean_queue:1.6277778148651123
intersection:7, mean_episode_reward:0.06666664034128189, mean_queue:0.7666666507720947
intersection:8, mean_episode_reward:-0.5444445013999939, mean_queue:0.9666666388511658
intersection:9, mean_episode_reward:-1.3061113357543945, mean_queue:1.4333332777023315
intersection:10, mean_episode_reward:-1.5144444704055786, mean_queue:1.3388888835906982
intersection:11, mean_episode_reward:-0.03500001132488251, mean_queue:0.5222222208976746
intersection:12, mean_episode_reward:0.043888919055461884, mean_queue:0.5
intersection:13, mean_episode_reward:-0.4527778923511505, mean_queue:0.8222222328186035
intersection:14, mean_episode_reward:-0.5377779006958008, mean_queue:0.6499999761581421
intersection:15, mean_episode_reward:0.0972222313284874, mean_queue:0.28333333134651184
intersection:16, mean_episode_reward:0.0, mean_queue:0.0
intersection:17, mean_episode_reward:0.2083333283662796, mean_queue:0.0
intersection:18, mean_episode_reward:0.1344444453716278, mean_queue:0.0
intersection:19, mean_episode_reward:0.11000000685453415, mean_queue:0.0
intersection:20, mean_episode_reward:0.18333333730697632, mean_queue:0.0
intersection:21, mean_episode_reward:0.09055554866790771, mean_queue:0.0
intersection:22, mean_episode_reward:0.021666666492819786, mean_queue:0.0
intersection:23, mean_episode_reward:0.0038888887502253056, mean_queue:0.0
intersection:24, mean_episode_reward:0.0, mean_queue:0.0
intersection:25, mean_episode_reward:0.10555555671453476, mean_queue:0.0
intersection:26, mean_episode_reward:0.19388887286186218, mean_queue:0.0
intersection:27, mean_episode_reward:0.17777778208255768, mean_queue:0.0
intersection:28, mean_episode_reward:0.2572222352027893, mean_queue:0.0
intersection:29, mean_episode_reward:0.1600000113248825, mean_queue:0.0
intersection:30, mean_episode_reward:0.014444446191191673, mean_queue:0.0
intersection:31, mean_episode_reward:-0.012777777388691902, mean_queue:0.0
episode:68/100, train_demand:raw_data/grid4x4/od_hubs/demand_set/train_08.rou.xml
step:1800/1800, q_loss:1.676937222480774, rewards:-5.728334554036459, queue:0.3875, delay:0.028835336367289226, throughput:774
episode:68/100, real avg travel time:161.66020671834625
intersection:0, mean_episode_reward:0.11277773976325989, mean_queue:0.32777777314186096
intersection:1, mean_episode_reward:-0.3305554986000061, mean_queue:0.6555555462837219
intersection:2, mean_episode_reward:-0.056111108511686325, mean_queue:0.4333333373069763
intersection:3, mean_episode_reward:-0.051111117005348206, mean_queue:0.3055555522441864
intersection:4, mean_episode_reward:-0.23555558919906616, mean_queue:0.6666666865348816
intersection:5, mean_episode_reward:-1.4222220182418823, mean_queue:1.1111111640930176
intersection:6, mean_episode_reward:-1.0466668605804443, mean_queue:1.2277777194976807
intersection:7, mean_episode_reward:-0.09833338111639023, mean_queue:0.7555555701255798
intersection:8, mean_episode_reward:-0.09722219407558441, mean_queue:0.7444444298744202
intersection:9, mean_episode_reward:-1.7588893175125122, mean_queue:1.9222222566604614
intersection:10, mean_episode_reward:-1.52166748046875, mean_queue:1.4777777194976807
intersection:11, mean_episode_reward:-0.3822222054004669, mean_queue:0.5611110925674438
intersection:12, mean_episode_reward:0.16944439709186554, mean_queue:0.44999998807907104
intersection:13, mean_episode_reward:-0.2788890302181244, mean_queue:0.8888888955116272
intersection:14, mean_episode_reward:-0.5755555629730225, mean_queue:0.6277777552604675
intersection:15, mean_episode_reward:0.14444443583488464, mean_queue:0.24444444477558136
intersection:16, mean_episode_reward:0.030000001192092896, mean_queue:0.0
intersection:17, mean_episode_reward:0.04666666314005852, mean_queue:0.0
intersection:18, mean_episode_reward:0.09333334118127823, mean_queue:0.0
intersection:19, mean_episode_reward:0.2244444489479065, mean_queue:0.0
intersection:20, mean_episode_reward:0.13111111521720886, mean_queue:0.0
intersection:21, mean_episode_reward:0.08777777850627899, mean_queue:0.0
intersection:22, mean_episode_reward:0.06444443762302399, mean_queue:0.0
intersection:23, mean_episode_reward:0.03333333507180214, mean_queue:0.0
intersection:24, mean_episode_reward:0.0, mean_queue:0.0
intersection:25, mean_episode_reward:0.06111111119389534, mean_queue:0.0
intersection:26, mean_episode_reward:0.28333333134651184, mean_queue:0.0
intersection:27, mean_episode_reward:0.185555562376976, mean_queue:0.0
intersection:28, mean_episode_reward:0.212777778506279, mean_queue:0.0
intersection:29, mean_episode_reward:0.17277778685092926, mean_queue:0.0
intersection:30, mean_episode_reward:0.07333333045244217, mean_queue:0.0
intersection:31, mean_episode_reward:0.0, mean_queue:0.0
episode:69/100, train_demand:raw_data/grid4x4/od_hubs/demand_set/train_09.rou.xml
step:1800/1800, q_loss:1.660413146018982, rewards:-5.143333265516493, queue:0.4173611111111111, delay:0.030950095918443467, throughput:741
episode:69/100, real avg travel time:166.51686909581647
intersection:0, mean_episode_reward:0.16500002145767212, mean_queue:0.32777777314186096
intersection:1, mean_episode_reward:0.007222270127385855, mean_queue:0.6000000238418579
intersection:2, mean_episode_reward:-0.088333360850811, mean_queue:0.3888888955116272
intersection:3, mean_episode_reward:0.13222219049930573, mean_queue:0.1944444477558136
intersection:4, mean_episode_reward:0.19833332300186157, mean_queue:0.6000000238418579
intersection:5, mean_episode_reward:-1.7488892078399658, mean_queue:1.5277777910232544
intersection:6, mean_episode_reward:-1.1588886976242065, mean_queue:1.3444443941116333
intersection:7, mean_episode_reward:-0.05888891592621803, mean_queue:0.6277777552604675
intersection:8, mean_episode_reward:-0.15222221612930298, mean_queue:0.7166666388511658
intersection:9, mean_episode_reward:-0.9605556130409241, mean_queue:1.538888931274414
intersection:10, mean_episode_reward:-2.2583329677581787, mean_queue:2.3888888359069824
intersection:11, mean_episode_reward:-0.4411112368106842, mean_queue:0.8055555820465088
intersection:12, mean_episode_reward:0.07555557042360306, mean_queue:0.43888887763023376
intersection:13, mean_episode_reward:-0.10999997705221176, mean_queue:0.6777777671813965
intersection:14, mean_episode_reward:-0.984444260597229, mean_queue:0.9944444298744202
intersection:15, mean_episode_reward:0.5844443440437317, mean_queue:0.18333333730697632
intersection:16, mean_episode_reward:0.015555555000901222, mean_queue:0.0
intersection:17, mean_episode_reward:0.04888888821005821, mean_queue:0.0
intersection:18, mean_episode_reward:0.1316666603088379, mean_queue:0.0
intersection:19, mean_episode_reward:0.33500000834465027, mean_queue:0.0
intersection:20, mean_episode_reward:0.1461111158132553, mean_queue:0.0
intersection:21, mean_episode_reward:0.08055555075407028, mean_queue:0.0
intersection:22, mean_episode_reward:0.04055555537343025, mean_queue:0.0
intersection:23, mean_episode_reward:0.0, mean_queue:0.0
intersection:24, mean_episode_reward:0.0011111111380159855, mean_queue:0.0
intersection:25, mean_episode_reward:0.09611110389232635, mean_queue:0.0
intersection:26, mean_episode_reward:0.18555554747581482, mean_queue:0.0
intersection:27, mean_episode_reward:0.17888891696929932, mean_queue:0.0
intersection:28, mean_episode_reward:0.18166667222976685, mean_queue:0.0
intersection:29, mean_episode_reward:0.1344444453716278, mean_queue:0.0
intersection:30, mean_episode_reward:0.09055556356906891, mean_queue:0.0
intersection:31, mean_episode_reward:-0.011111111380159855, mean_queue:0.0
episode:70/100, train_demand:raw_data/grid4x4/od_hubs/demand_set/train_00.rou.xml
step:1800/1800, q_loss:1.6261318922042847, rewards:-5.486111111111111, queue:0.38229166666666664, delay:0.028955396016438803, throughput:694
episode:70/100, real avg travel time:164.0922190201729
intersection:0, mean_episode_reward:0.12055560201406479, mean_queue:0.38333332538604736
intersection:1, mean_episode_reward:-0.4594443142414093, mean_queue:0.75
intersection:2, mean_episode_reward:-0.07999999821186066, mean_queue:0.2888889014720917
intersection:3, mean_episode_reward:-0.030555542558431625, mean_queue:0.2944444417953491
intersection:4, mean_episode_reward:-0.16055560111999512, mean_queue:0.6833333373069763
intersection:5, mean_episode_reward:-1.0777777433395386, mean_queue:1.3611111640930176
intersection:6, mean_episode_reward:-1.5055558681488037, mean_queue:1.3888888359069824
intersection:7, mean_episode_reward:-0.21166665852069855, mean_queue:0.6611111164093018
intersection:8, mean_episode_reward:-0.24000000953674316, mean_queue:0.7277777791023254
intersection:9, mean_episode_reward:-1.2294442653656006, mean_queue:1.6722222566604614
intersection:10, mean_episode_reward:-1.619999885559082, mean_queue:1.5499999523162842
intersection:11, mean_episode_reward:-0.22833330929279327, mean_queue:0.6388888955116272
intersection:12, mean_episode_reward:0.38833335041999817, mean_queue:0.32777777314186096
intersection:13, mean_episode_reward:-0.41499999165534973, mean_queue:0.699999988079071
intersection:14, mean_episode_reward:-0.845000147819519, mean_queue:0.699999988079071
intersection:15, mean_episode_reward:0.5088889002799988, mean_queue:0.10555555671453476
intersection:16, mean_episode_reward:0.0, mean_queue:0.0
intersection:17, mean_episode_reward:0.052222225815057755, mean_queue:0.0
intersection:18, mean_episode_reward:0.10777777433395386, mean_queue:0.0
intersection:19, mean_episode_reward:0.2361111342906952, mean_queue:0.0
intersection:20, mean_episode_reward:0.1644444316625595, mean_queue:0.0
intersection:21, mean_episode_reward:0.06444444507360458, mean_queue:0.0
intersection:22, mean_episode_reward:0.054999999701976776, mean_queue:0.0
intersection:23, mean_episode_reward:0.0016666667070239782, mean_queue:0.0
intersection:24, mean_episode_reward:0.0, mean_queue:0.0
intersection:25, mean_episode_reward:0.027222223579883575, mean_queue:0.0
intersection:26, mean_episode_reward:0.16277776658535004, mean_queue:0.0
intersection:27, mean_episode_reward:0.1666666865348816, mean_queue:0.0
intersection:28, mean_episode_reward:0.22388890385627747, mean_queue:0.0
intersection:29, mean_episode_reward:0.2549999952316284, mean_queue:0.0
intersection:30, mean_episode_reward:0.0949999988079071, mean_queue:0.0
intersection:31, mean_episode_reward:-0.012777777388691902, mean_queue:0.0
HELDOUT episode:70/100, demand:raw_data/grid4x4/od_hubs/demand_set/hold_00.rou.xml, travel time:165.8927097661623, rewards:-5.874443901909722, queue:0.45538194444444446, delay:0.030899747212727865, throughput:727
HELDOUT episode:70/100, demand:raw_data/grid4x4/od_hubs/demand_set/hold_01.rou.xml, travel time:167.16666666666666, rewards:-6.159999593098958, queue:0.4543402777777778, delay:0.03274959458245171, throughput:768
HELDOUT episode:70/100, demand:raw_data/grid4x4/od_hubs/demand_set/hold_02.rou.xml, travel time:165.56724367509986, rewards:-6.192221408420139, queue:0.42291666666666666, delay:0.031827693515353736, throughput:751
HELDOUT_MEAN episode:70/100, travel time:166.2088733693096 (n=3)
episode:71/100, train_demand:raw_data/grid4x4/od_hubs/demand_set/train_01.rou.xml
step:1800/1800, q_loss:1.6124407052993774, rewards:-5.357777913411458, queue:0.3770833333333333, delay:0.028551838133070204, throughput:730
episode:71/100, real avg travel time:163.36301369863014
intersection:0, mean_episode_reward:0.21111105382442474, mean_queue:0.4055555462837219
intersection:1, mean_episode_reward:0.11055555194616318, mean_queue:0.5944444537162781
intersection:2, mean_episode_reward:-0.3649999499320984, mean_queue:0.4055555462837219
intersection:3, mean_episode_reward:-0.16388894617557526, mean_queue:0.3222222328186035
intersection:4, mean_episode_reward:-0.16055552661418915, mean_queue:0.7277777791023254
intersection:5, mean_episode_reward:-1.8083335161209106, mean_queue:1.5166666507720947
intersection:6, mean_episode_reward:-0.9494444727897644, mean_queue:0.9888888597488403
intersection:7, mean_episode_reward:-0.19944442808628082, mean_queue:0.5944444537162781
intersection:8, mean_episode_reward:-0.0672222375869751, mean_queue:0.5111111402511597
intersection:9, mean_episode_reward:-1.239444613456726, mean_queue:1.6888889074325562
intersection:10, mean_episode_reward:-1.278333067893982, mean_queue:1.2666666507720947
intersection:11, mean_episode_reward:-0.11000001430511475, mean_queue:0.6166666746139526
intersection:12, mean_episode_reward:0.09111111611127853, mean_queue:0.4055555462837219
intersection:13, mean_episode_reward:-0.7444445490837097, mean_queue:0.9666666388511658
intersection:14, mean_episode_reward:-0.8505555987358093, mean_queue:0.8777777552604675
intersection:15, mean_episode_reward:0.46944454312324524, mean_queue:0.17777778208255768
intersection:16, mean_episode_reward:0.0, mean_queue:0.0
intersection:17, mean_episode_reward:0.024444444105029106, mean_queue:0.0
intersection:18, mean_episode_reward:0.12055555731058121, mean_queue:0.0
intersection:19, mean_episode_reward:0.08499999344348907, mean_queue:0.0
intersection:20, mean_episode_reward:0.14166666567325592, mean_queue:0.0
intersection:21, mean_episode_reward:0.09222221374511719, mean_queue:0.0
intersection:22, mean_episode_reward:0.014444444328546524, mean_queue:0.0
intersection:23, mean_episode_reward:0.004444444552063942, mean_queue:0.0
intersection:24, mean_episode_reward:0.0011111111380159855, mean_queue:0.0
intersection:25, mean_episode_reward:0.21944443881511688, mean_queue:0.0
intersection:26, mean_episode_reward:0.2516666352748871, mean_queue:0.0
intersection:27, mean_episode_reward:0.11944445222616196, mean_queue:0.0
intersection:28, mean_episode_reward:0.2672222852706909, mean_queue:0.0
intersection:29, mean_episode_reward:0.2516666650772095, mean_queue:0.0
intersection:30, mean_episode_reward:0.11444444954395294, mean_queue:0.0
intersection:31, mean_episode_reward:-0.011111111380159855, mean_queue:0.0
episode:72/100, train_demand:raw_data/grid4x4/od_hubs/demand_set/train_02.rou.xml
step:1800/1800, q_loss:1.5564314126968384, rewards:-5.532777574327257, queue:0.3967013888888889, delay:0.02945934666527642, throughput:749
episode:72/100, real avg travel time:163.3871829105474
intersection:0, mean_episode_reward:0.11944444477558136, mean_queue:0.2944444417953491
intersection:1, mean_episode_reward:0.19166666269302368, mean_queue:0.4722222089767456
intersection:2, mean_episode_reward:-0.2338889241218567, mean_queue:0.5222222208976746
intersection:3, mean_episode_reward:0.08444447815418243, mean_queue:0.1944444477558136
intersection:4, mean_episode_reward:0.22888897359371185, mean_queue:0.4611110985279083
intersection:5, mean_episode_reward:-1.6850003004074097, mean_queue:1.4666666984558105
intersection:6, mean_episode_reward:-1.54277765750885, mean_queue:1.5277777910232544
intersection:7, mean_episode_reward:0.016111105680465698, mean_queue:0.5333333611488342
intersection:8, mean_episode_reward:-0.6344444155693054, mean_queue:0.9888888597488403
intersection:9, mean_episode_reward:-0.9199998378753662, mean_queue:1.5499999523162842
intersection:10, mean_episode_reward:-1.9961110353469849, mean_queue:1.7333333492279053
intersection:11, mean_episode_reward:0.059444453567266464, mean_queue:0.4611110985279083
intersection:12, mean_episode_reward:0.09888890385627747, mean_queue:0.4722222089767456
intersection:13, mean_episode_reward:-0.5672222375869751, mean_queue:1.0111111402511597
intersection:14, mean_episode_reward:-0.8272222876548767, mean_queue:0.9277777671813965
intersection:15, mean_episode_reward:0.615555465221405, mean_queue:0.07777778059244156
intersection:16, mean_episode_reward:0.0011111111380159855, mean_queue:0.0
intersection:17, mean_episode_reward:0.02222222276031971, mean_queue:0.0
intersection:18, mean_episode_reward:0.13722220063209534, mean_queue:0.0
intersection:19, mean_episode_reward:0.19999997317790985, mean_queue:0.0
intersection:20, mean_episode_reward:0.11055555194616318, mean_queue:0.0
intersection:21, mean_episode_reward:0.044999998062849045, mean_queue:0.0
intersection:22, mean_episode_reward:0.10666666179895401, mean_queue:0.0
intersection:23, mean_episode_reward:0.0, mean_queue:0.0
intersection:24, mean_episode_reward:0.0, mean_queue:0.0
intersection:25, mean_episode_reward:0.028888888657093048, mean_queue:0.0
intersection:26, mean_episode_reward:0.26777780055999756, mean_queue:0.0
intersection:27, mean_episode_reward:0.148333340883255, mean_queue:0.0
intersection:28, mean_episode_reward:0.14777779579162598, mean_queue:0.0
intersection:29, mean_episode_reward:0.19388890266418457, mean_queue:0.0
intersection:30, mean_episode_reward:0.04333333298563957, mean_queue:0.0
intersection:31, mean_episode_reward:0.006666666362434626, mean_queue:0.0
episode:73/100, train_demand:raw_data/grid4x4/od_hubs/demand_set/train_03.rou.xml
step:1800/1800, q_loss:1.4966241121292114, rewards:-6.147776963975694, queue:0.43211805555555555, delay:0.03120973375108507, throughput:800
episode:73/100, real avg travel time:164.66
intersection:0, mean_episode_reward:0.34944450855255127, mean_queue:0.3499999940395355
intersection:1, mean_episode_reward:-0.19833332300186157, mean_queue:0.7777777910232544
intersection:2, mean_episode_reward:-0.2638888955116272, mean_queue:0.7666666507720947
intersection:3, mean_episode_reward:0.11277780681848526, mean_queue:0.3055555522441864
intersection:4, mean_episode_reward:-0.16777785122394562, mean_queue:0.7055555582046509
intersection:5, mean_episode_reward:-1.391110897064209, mean_queue:1.0888888835906982
intersection:6, mean_episode_reward:-1.6072219610214233, mean_queue:1.8666666746139526
intersection:7, mean_episode_reward:-0.27500003576278687, mean_queue:0.9666666388511658
intersection:8, mean_episode_reward:-0.292222261428833, mean_queue:0.8222222328186035
intersection:9, mean_episode_reward:-1.4894441366195679, mean_queue:1.4888888597488403
intersection:10, mean_episode_reward:-1.728888750076294, mean_queue:1.7833333015441895
intersection:11, mean_episode_reward:-0.10833331942558289, mean_queue:0.6666666865348816
intersection:12, mean_episode_reward:-0.009444410912692547, mean_queue:0.47777777910232544
intersection:13, mean_episode_reward:-0.5666667222976685, mean_queue:0.8444444537162781
intersection:14, mean_episode_reward:-0.5133333206176758, mean_queue:0.7277777791023254
intersection:15, mean_episode_reward:0.10722219944000244, mean_queue:0.18888889253139496
intersection:16, mean_episode_reward:0.018333332613110542, mean_queue:0.0
intersection:17, mean_episode_reward:0.10388889163732529, mean_queue:0.0
intersection:18, mean_episode_reward:0.1550000160932541, mean_queue:0.0
intersection:19, mean_episode_reward:0.2199999988079071, mean_queue:0.0
intersection:20, mean_episode_reward:0.12999999523162842, mean_queue:0.0
intersection:21, mean_episode_reward:0.057777777314186096, mean_queue:0.0
intersection:22, mean_episode_reward:0.05222221836447716, mean_queue:0.0
intersection:23, mean_episode_reward:0.0, mean_queue:0.0
intersection:24, mean_episode_reward:0.0011111111380159855, mean_queue:0.0
intersection:25, mean_episode_reward:0.07388889044523239, mean_queue:0.0
intersection:26, mean_episode_reward:0.24000000953674316, mean_queue:0.0
intersection:27, mean_episode_reward:0.20222218334674835, mean_queue:0.0
intersection:28, mean_episode_reward:0.2522221803665161, mean_queue:0.0
intersection:29, mean_episode_reward:0.30666664242744446, mean_queue:0.0
intersection:30, mean_episode_reward:0.09166666865348816, mean_queue:0.0
intersection:31, mean_episode_reward:-0.010555555112659931, mean_queue:0.0
episode:74/100, train_demand:raw_data/grid4x4/od_hubs/demand_set/train_04.rou.xml
step:1800/1800, q_loss:1.4676092863082886, rewards:-5.14666748046875, queue:0.3423611111111111, delay:0.02651502291361491, throughput:708
episode:74/100, real avg travel time:161.8954802259887
intersection:0, mean_episode_reward:0.21111111342906952, mean_queue:0.23888888955116272
intersection:1, mean_episode_reward:-0.06111106276512146, mean_queue:0.5777778029441833
intersection:2, mean_episode_reward:-0.3700000047683716, mean_queue:0.5722222328186035
intersection:3, mean_episode_reward:-0.0077777742408216, mean_queue:0.3777777850627899
intersection:4, mean_episode_reward:0.04611111059784889, mean_queue:0.4444444477558136
intersection:5, mean_episode_reward:-1.467777967453003, mean_queue:1.3111110925674438
intersection:6, mean_episode_reward:-1.4138891696929932, mean_queue:1.394444465637207
intersection:7, mean_episode_reward:0.12277776002883911, mean_queue:0.6000000238418579
intersection:8, mean_episode_reward:-0.3733334541320801, mean_queue:0.7388888597488403
intersection:9, mean_episode_reward:-0.9216667413711548, mean_queue:1.1944444179534912
intersection:10, mean_episode_reward:-1.4388889074325562, mean_queue:1.3722221851348877
intersection:11, mean_episode_reward:-0.5488889813423157, mean_queue:0.7444444298744202
intersection:12, mean_episode_reward:0.15833333134651184, mean_queue:0.31111112236976624
intersection:13, mean_episode_reward:-0.3850000202655792, mean_queue:0.5722222328186035
intersection:14, mean_episode_reward:-0.5033332109451294, mean_queue:0.39444443583488464
intersection:15, mean_episode_reward:0.2500000298023224, mean_queue:0.1111111119389534
intersection:16, mean_episode_reward:0.0038888887502253056, mean_queue:0.0
intersection:17, mean_episode_reward:0.017222223803400993, mean_queue:0.0
intersection:18, mean_episode_reward:0.09666667878627777, mean_queue:0.0
intersection:19, mean_episode_reward:0.1272222250699997, mean_queue:0.0
intersection:20, mean_episode_reward:0.16111113131046295, mean_queue:0.0
intersection:21, mean_episode_reward:0.07666666060686111, mean_queue:0.0
intersection:22, mean_episode_reward:0.1483333259820938, mean_queue:0.0
intersection:23, mean_episode_reward:0.0, mean_queue:0.0
intersection:24, mean_episode_reward:0.0016666667070239782, mean_queue:0.0
intersection:25, mean_episode_reward:0.03666666895151138, mean_queue:0.0
intersection:26, mean_episode_reward:0.1988888829946518, mean_queue:0.0
intersection:27, mean_episode_reward:0.15777777135372162, mean_queue:0.0
intersection:28, mean_episode_reward:0.1872222125530243, mean_queue:0.0
intersection:29, mean_episode_reward:0.22555556893348694, mean_queue:0.0
intersection:30, mean_episode_reward:0.13555555045604706, mean_queue:0.0
intersection:31, mean_episode_reward:-0.01777777634561062, mean_queue:0.0
episode:75/100, train_demand:raw_data/grid4x4/od_hubs/demand_set/train_05.rou.xml
step:1800/1800, q_loss:1.45381498336792, rewards:-5.211111450195313, queue:0.3798611111111111, delay:0.027580240037706164, throughput:748
episode:75/100, real avg travel time:163.56550802139037
intersection:0, mean_episode_reward:0.18666669726371765, mean_queue:0.3222222328186035
intersection:1, mean_episode_reward:0.08611106872558594, mean_queue:0.4888888895511627
intersection:2, mean_episode_reward:-0.10666666179895401, mean_queue:0.4277777671813965
intersection:3, mean_episode_reward:-0.017777813598513603, mean_queue:0.38333332538604736
intersection:4, mean_episode_reward:0.11666666716337204, mean_queue:0.3333333432674408
intersection:5, mean_episode_reward:-1.5377776622772217, mean_queue:1.3444443941116333
intersection:6, mean_episode_reward:-1.3644448518753052, mean_queue:1.288888931274414
intersection:7, mean_episode_reward:-0.09444446861743927, mean_queue:0.8055555820465088
intersection:8, mean_episode_reward:-0.21555550396442413, mean_queue:0.6333333253860474
intersection:9, mean_episode_reward:-1.4416664838790894, mean_queue:1.5499999523162842
intersection:10, mean_episode_reward:-1.556111454963684, mean_queue:1.7388888597488403
intersection:11, mean_episode_reward:-0.3105555474758148, mean_queue:0.6277777552604675
intersection:12, mean_episode_reward:0.05666665360331535, mean_queue:0.4555555582046509
intersection:13, mean_episode_reward:-0.48111119866371155, mean_queue:0.8333333134651184
intersection:14, mean_episode_reward:-0.8616666793823242, mean_queue:0.8111110925674438
intersection:15, mean_episode_reward:0.5394445657730103, mean_queue:0.1111111119389534
intersection:16, mean_episode_reward:0.002222222276031971, mean_queue:0.0
intersection:17, mean_episode_reward:0.028888890519738197, mean_queue:0.0
intersection:18, mean_episode_reward:0.10833331942558289, mean_queue:0.0
intersection:19, mean_episode_reward:0.09555555880069733, mean_queue:0.0
intersection:20, mean_episode_reward:0.13388890027999878, mean_queue:0.0
intersection:21, mean_episode_reward:0.07555555552244186, mean_queue:0.0
intersection:22, mean_episode_reward:0.014444444328546524, mean_queue:0.0
intersection:23, mean_episode_reward:0.0011111111380159855, mean_queue:0.0
intersection:24, mean_episode_reward:0.0033333334140479565, mean_queue:0.0
intersection:25, mean_episode_reward:0.1572222113609314, mean_queue:0.0
intersection:26, mean_episode_reward:0.29055553674697876, mean_queue:0.0
intersection:27, mean_episode_reward:0.12555555999279022, mean_queue:0.0
intersection:28, mean_episode_reward:0.2727777659893036, mean_queue:0.0
intersection:29, mean_episode_reward:0.4144444465637207, mean_queue:0.0
intersection:30, mean_episode_reward:0.0672222226858139, mean_queue:0.0
intersection:31, mean_episode_reward:0.0, mean_queue:0.0
episode:76/100, train_demand:raw_data/grid4x4/od_hubs/demand_set/train_06.rou.xml
step:1800/1800, q_loss:1.4448672533035278, rewards:-5.301110161675347, queue:0.37777777777777777, delay:0.028692584567599825, throughput:742
episode:76/100, real avg travel time:163.53369272237197
intersection:0, mean_episode_reward:0.10055553913116455, mean_queue:0.39444443583488464
intersection:1, mean_episode_reward:-0.09666667878627777, mean_queue:0.6388888955116272
intersection:2, mean_episode_reward:0.0549999438226223, mean_queue:0.44999998807907104
intersection:3, mean_episode_reward:-0.07611110806465149, mean_queue:0.33888888359069824
intersection:4, mean_episode_reward:0.5099999904632568, mean_queue:0.3499999940395355
intersection:5, mean_episode_reward:-1.505000114440918, mean_queue:1.4555555582046509
intersection:6, mean_episode_reward:-1.6594434976577759, mean_queue:1.6333333253860474
intersection:7, mean_episode_reward:0.17555557191371918, mean_queue:0.5555555820465088
intersection:8, mean_episode_reward:-0.3561111092567444, mean_queue:0.8333333134651184
intersection:9, mean_episode_reward:-1.1872221231460571, mean_queue:1.3166667222976685
intersection:10, mean_episode_reward:-1.7699998617172241, mean_queue:1.5111111402511597
intersection:11, mean_episode_reward:-0.12222225219011307, mean_queue:0.5444444417953491
intersection:12, mean_episode_reward:0.12222220003604889, mean_queue:0.3888888955116272
intersection:13, mean_episode_reward:-0.46777787804603577, mean_queue:0.800000011920929
intersection:14, mean_episode_reward:-0.6888887882232666, mean_queue:0.5888888835906982
intersection:15, mean_episode_reward:0.14000003039836884, mean_queue:0.2888889014720917
intersection:16, mean_episode_reward:0.004999999888241291, mean_queue:0.0
intersection:17, mean_episode_reward:0.03722222149372101, mean_queue:0.0
intersection:18, mean_episode_reward:0.08999999612569809, mean_queue:0.0
intersection:19, mean_episode_reward:0.19277776777744293, mean_queue:0.0
intersection:20, mean_episode_reward:0.1300000101327896, mean_queue:0.0
intersection:21, mean_episode_reward:0.02111111208796501, mean_queue:0.0
intersection:22, mean_episode_reward:0.04055555537343025, mean_queue:0.0
intersection:23, mean_episode_reward:0.0, mean_queue:0.0
intersection:24, mean_episode_reward:0.0, mean_queue:0.0
intersection:25, mean_episode_reward:0.060555554926395416, mean_queue:0.0
intersection:26, mean_episode_reward:0.21666663885116577, mean_queue:0.0
intersection:27, mean_episode_reward:0.1988888829946518, mean_queue:0.0
intersection:28, mean_episode_reward:0.24555553495883942, mean_queue:0.0
intersection:29, mean_episode_reward:0.22833332419395447, mean_queue:0.0
intersection:30, mean_episode_reward:0.06999999284744263, mean_queue:0.0
intersection:31, mean_episode_reward:-0.011666667647659779, mean_queue:0.0
episode:77/100, train_demand:raw_data/grid4x4/od_hubs/demand_set/train_07.rou.xml
step:1800/1800, q_loss:1.406847596168518, rewards:-5.479444376627604, queue:0.34392361111111114, delay:0.02634789413876004, throughput:762
episode:77/100, real avg travel time:159.3228346456693
intersection:0, mean_episode_reward:0.3344443142414093, mean_queue:0.1666666716337204
intersection:1, mean_episode_reward:-0.10666674375534058, mean_queue:0.5722222328186035
intersection:2, mean_episode_reward:-0.25333335995674133, mean_queue:0.6555555462837219
intersection:3, mean_episode_reward:-0.10777778923511505, mean_queue:0.4055555462837219
intersection:4, mean_episode_reward:-0.14166666567325592, mean_queue:0.5833333134651184
intersection:5, mean_episode_reward:-1.6050001382827759, mean_queue:1.3611111640930176
intersection:6, mean_episode_reward:-1.3955557346343994, mean_queue:1.2666666507720947
intersection:7, mean_episode_reward:0.12611110508441925, mean_queue:0.5611110925674438
intersection:8, mean_episode_reward:-0.15111109614372253, mean_queue:0.5666666626930237
intersection:9, mean_episode_reward:-1.6094437837600708, mean_queue:1.494444489479065
intersection:10, mean_episode_reward:-1.168333649635315, mean_queue:1.0944443941116333
intersection:11, mean_episode_reward:-0.14944441616535187, mean_queue:0.4888888895511627
intersection:12, mean_episode_reward:0.13222219049930573, mean_queue:0.33888888359069824
intersection:13, mean_episode_reward:-0.47722214460372925, mean_queue:0.7722222208976746
intersection:14, mean_episode_reward:-0.6316666603088379, mean_queue:0.5666666626930237
intersection:15, mean_episode_reward:0.26888883113861084, mean_queue:0.1111111119389534
intersection:16, mean_episode_reward:0.0, mean_queue:0.0
intersection:17, mean_episode_reward:0.09000000357627869, mean_queue:0.0
intersection:18, mean_episode_reward:0.0833333358168602, mean_queue:0.0
intersection:19, mean_episode_reward:0.08944444358348846, mean_queue:0.0
intersection:20, mean_episode_reward:0.16555556654930115, mean_queue:0.0
intersection:21, mean_episode_reward:0.09555555880069733, mean_queue:0.0
intersection:22, mean_episode_reward:0.058888889849185944, mean_queue:0.0
intersection:23, mean_episode_reward:0.0033333334140479565, mean_queue:0.0
intersection:24, mean_episode_reward:0.0016666667070239782, mean_queue:0.0
intersection:25, mean_episode_reward:0.08222222328186035, mean_queue:0.0
intersection:26, mean_episode_reward:0.22111108899116516, mean_queue:0.0
intersection:27, mean_episode_reward:0.14777778089046478, mean_queue:0.0
intersection:28, mean_episode_reward:0.25833335518836975, mean_queue:0.0
intersection:29, mean_episode_reward:0.1572222262620926, mean_queue:0.0
intersection:30, mean_episode_reward:0.015000001527369022, mean_queue:0.0
intersection:31, mean_episode_reward:-0.013333332724869251, mean_queue:0.0
episode:78/100, train_demand:raw_data/grid4x4/od_hubs/demand_set/train_08.rou.xml
step:1800/1800, q_loss:1.435687780380249, rewards:-5.767777506510416, queue:0.39791666666666664, delay:0.02955993546379937, throughput:774
episode:78/100, real avg travel time:162.01937984496124
intersection:0, mean_episode_reward:0.16222217679023743, mean_queue:0.3333333432674408
intersection:1, mean_episode_reward:-0.11611105501651764, mean_queue:0.644444465637207
intersection:2, mean_episode_reward:-0.20333343744277954, mean_queue:0.550000011920929
intersection:3, mean_episode_reward:-0.04444444924592972, mean_queue:0.31111112236976624
intersection:4, mean_episode_reward:-0.092777781188488, mean_queue:0.6555555462837219
intersection:5, mean_episode_reward:-1.6400001049041748, mean_queue:1.399999976158142
intersection:6, mean_episode_reward:-1.6222221851348877, mean_queue:1.3611111640930176
intersection:7, mean_episode_reward:0.25055548548698425, mean_queue:0.4611110985279083
intersection:8, mean_episode_reward:-0.20666660368442535, mean_queue:0.9166666865348816
intersection:9, mean_episode_reward:-1.255555510520935, mean_queue:1.6277778148651123
intersection:10, mean_episode_reward:-1.5661107301712036, mean_queue:1.5
intersection:11, mean_episode_reward:-0.4377777576446533, mean_queue:0.6277777552604675
intersection:12, mean_episode_reward:0.2449999898672104, mean_queue:0.4166666567325592
intersection:13, mean_episode_reward:-0.7116665244102478, mean_queue:1.0722222328186035
intersection:14, mean_episode_reward:-0.5111111402511597, mean_queue:0.6722221970558167
intersection:15, mean_episode_reward:0.2566666007041931, mean_queue:0.18333333730697632
intersection:16, mean_episode_reward:0.030000001192092896, mean_queue:0.0
intersection:17, mean_episode_reward:0.04333333298563957, mean_queue:0.0
intersection:18, mean_episode_reward:0.10499999672174454, mean_queue:0.0
intersection:19, mean_episode_reward:0.1761111319065094, mean_queue:0.0
intersection:20, mean_episode_reward:0.13722223043441772, mean_queue:0.0
intersection:21, mean_episode_reward:0.06833333522081375, mean_queue:0.0
intersection:22, mean_episode_reward:0.08666666597127914, mean_queue:0.0
intersection:23, mean_episode_reward:0.02222222276031971, mean_queue:0.0
intersection:24, mean_episode_reward:0.0005555555690079927, mean_queue:0.0
intersection:25, mean_episode_reward:0.10055554658174515, mean_queue:0.0
intersection:26, mean_episode_reward:0.24333330988883972, mean_queue:0.0
intersection:27, mean_episode_reward:0.1944444477558136, mean_queue:0.0
intersection:28, mean_episode_reward:0.23277775943279266, mean_queue:0.0
intersection:29, mean_episode_reward:0.1711111217737198, mean_queue:0.0
intersection:30, mean_episode_reward:0.11388888955116272, mean_queue:0.0
intersection:31, mean_episode_reward:0.0, mean_queue:0.0
episode:79/100, train_demand:raw_data/grid4x4/od_hubs/demand_set/train_09.rou.xml
step:1800/1800, q_loss:1.4485745429992676, rewards:-5.088332790798611, queue:0.4001736111111111, delay:0.02950963709089491, throughput:741
episode:79/100, real avg travel time:165.53306342780027
intersection:0, mean_episode_reward:0.2727777659893036, mean_queue:0.2611111104488373
intersection:1, mean_episode_reward:0.058888908475637436, mean_queue:0.5
intersection:2, mean_episode_reward:0.24222218990325928, mean_queue:0.47777777910232544
intersection:3, mean_episode_reward:0.11277776211500168, mean_queue:0.21666666865348816
intersection:4, mean_episode_reward:0.17888878285884857, mean_queue:0.5111111402511597
intersection:5, mean_episode_reward:-1.5766665935516357, mean_queue:1.4777777194976807
intersection:6, mean_episode_reward:-1.834999442100525, mean_queue:1.9500000476837158
intersection:7, mean_episode_reward:-0.1088888943195343, mean_queue:0.7055555582046509
intersection:8, mean_episode_reward:-0.186111181974411, mean_queue:0.6611111164093018
intersection:9, mean_episode_reward:-1.1449998617172241, mean_queue:1.5333333015441895
intersection:10, mean_episode_reward:-1.737777829170227, mean_queue:1.8277777433395386
intersection:11, mean_episode_reward:-0.4949999153614044, mean_queue:0.7555555701255798
intersection:12, mean_episode_reward:0.22944436967372894, mean_queue:0.35555556416511536
intersection:13, mean_episode_reward:-0.18222226202487946, mean_queue:0.6722221970558167
intersection:14, mean_episode_reward:-0.8211113214492798, mean_queue:0.7277777791023254
intersection:15, mean_episode_reward:0.44000011682510376, mean_queue:0.17222222685813904
intersection:16, mean_episode_reward:0.011111111380159855, mean_queue:0.0
intersection:17, mean_episode_reward:0.03611110895872116, mean_queue:0.0
intersection:18, mean_episode_reward:0.11055555194616318, mean_queue:0.0
intersection:19, mean_episode_reward:0.2705555558204651, mean_queue:0.0
intersection:20, mean_episode_reward:0.15166667103767395, mean_queue:0.0
intersection:21, mean_episode_reward:0.08666665852069855, mean_queue:0.0
intersection:22, mean_episode_reward:0.046111106872558594, mean_queue:0.0
intersection:23, mean_episode_reward:0.0, mean_queue:0.0
intersection:24, mean_episode_reward:0.0011111111380159855, mean_queue:0.0
intersection:25, mean_episode_reward:0.011111111380159855, mean_queue:0.0
intersection:26, mean_episode_reward:0.17444443702697754, mean_queue:0.0
intersection:27, mean_episode_reward:0.15000002086162567, mean_queue:0.0
intersection:28, mean_episode_reward:0.15555556118488312, mean_queue:0.0
intersection:29, mean_episode_reward:0.16722221672534943, mean_queue:0.0
intersection:30, mean_episode_reward:0.10277777910232544, mean_queue:0.0
intersection:31, mean_episode_reward:-0.010555555112659931, mean_queue:0.0
episode:80/100, train_demand:raw_data/grid4x4/od_hubs/demand_set/train_00.rou.xml
step:1800/1800, q_loss:1.3979960680007935, rewards:-5.235556030273438, queue:0.3546875, delay:0.027432526482476127, throughput:693
episode:80/100, real avg travel time:162.2092352092352
intersection:0, mean_episode_reward:0.21055564284324646, mean_queue:0.3055555522441864
intersection:1, mean_episode_reward:-0.20944444835186005, mean_queue:0.6888889074325562
intersection:2, mean_episode_reward:-0.2638888657093048, mean_queue:0.5722222328186035
intersection:3, mean_episode_reward:-0.01777777448296547, mean_queue:0.31111112236976624
intersection:4, mean_episode_reward:-0.23111112415790558, mean_queue:0.8277778029441833
intersection:5, mean_episode_reward:-1.2638888359069824, mean_queue:1.288888931274414
intersection:6, mean_episode_reward:-1.402777910232544, mean_queue:1.2666666507720947
intersection:7, mean_episode_reward:-0.1411111056804657, mean_queue:0.6388888955116272
intersection:8, mean_episode_reward:-0.17000006139278412, mean_queue:0.5833333134651184
intersection:9, mean_episode_reward:-1.4322221279144287, mean_queue:1.5944443941116333
intersection:10, mean_episode_reward:-1.3211114406585693, mean_queue:1.2666666507720947
intersection:11, mean_episode_reward:-0.04444444552063942, mean_queue:0.4055555462837219
intersection:12, mean_episode_reward:0.30444449186325073, mean_queue:0.25
intersection:13, mean_episode_reward:-0.4183334410190582, mean_queue:0.6555555462837219
intersection:14, mean_episode_reward:-0.8016668558120728, mean_queue:0.5944444537162781
intersection:15, mean_episode_reward:0.42166668176651, mean_queue:0.10000000149011612
intersection:16, mean_episode_reward:0.0, mean_queue:0.0
intersection:17, mean_episode_reward:0.04666666314005852, mean_queue:0.0
intersection:18, mean_episode_reward:0.11777777224779129, mean_queue:0.0
intersection:19, mean_episode_reward:0.1711110919713974, mean_queue:0.0
intersection:20, mean_episode_reward:0.14722222089767456, mean_queue:0.0
intersection:21, mean_episode_reward:0.06499999761581421, mean_queue:0.0
intersection:22, mean_episode_reward:0.0811111107468605, mean_queue:0.0
intersection:23, mean_episode_reward:0.0027777778450399637, mean_queue:0.0
intersection:24, mean_episode_reward:0.0016666667070239782, mean_queue:0.0
intersection:25, mean_episode_reward:0.03722222149372101, mean_queue:0.0
intersection:26, mean_episode_reward:0.1572222113609314, mean_queue:0.0
intersection:27, mean_episode_reward:0.16388891637325287, mean_queue:0.0
intersection:28, mean_episode_reward:0.21000002324581146, mean_queue:0.0
intersection:29, mean_episode_reward:0.2594444155693054, mean_queue:0.0
intersection:30, mean_episode_reward:0.09666666388511658, mean_queue:0.0
intersection:31, mean_episode_reward:-0.012222222052514553, mean_queue:0.0
HELDOUT episode:80/100, demand:raw_data/grid4x4/od_hubs/demand_set/hold_00.rou.xml, travel time:163.37978142076503, rewards:-5.542776828342014, queue:0.3951388888888889, delay:0.029291884104410807, throughput:732
HELDOUT episode:80/100, demand:raw_data/grid4x4/od_hubs/demand_set/hold_01.rou.xml, travel time:163.39243807040418, rewards:-5.7199998643663195, queue:0.39826388888888886, delay:0.03065750863817003, throughput:767
HELDOUT episode:80/100, demand:raw_data/grid4x4/od_hubs/demand_set/hold_02.rou.xml, travel time:160.08811748998664, rewards:-5.6194444444444445, queue:0.3421875, delay:0.026992532942030165, throughput:749
HELDOUT_MEAN episode:80/100, travel time:162.28677899371863 (n=3)
episode:81/100, train_demand:raw_data/grid4x4/od_hubs/demand_set/train_01.rou.xml
step:1800/1800, q_loss:1.3809739351272583, rewards:-5.256110975477431, queue:0.36215277777777777, delay:0.028314685821533202, throughput:732
episode:81/100, real avg travel time:162.53142076502732
intersection:0, mean_episode_reward:0.42722219228744507, mean_queue:0.4277777671813965
intersection:1, mean_episode_reward:0.04111112654209137, mean_queue:0.605555534362793
intersection:2, mean_episode_reward:-0.43444445729255676, mean_queue:0.5777778029441833
intersection:3, mean_episode_reward:-0.04055556282401085, mean_queue:0.2777777910232544
intersection:4, mean_episode_reward:-0.49666649103164673, mean_queue:1.0333333015441895
intersection:5, mean_episode_reward:-1.6888893842697144, mean_queue:1.5333333015441895
intersection:6, mean_episode_reward:-0.9666668176651001, mean_queue:1.0222222805023193
intersection:7, mean_episode_reward:0.05111110955476761, mean_queue:0.4722222089767456
intersection:8, mean_episode_reward:-0.014444444328546524, mean_queue:0.550000011920929
intersection:9, mean_episode_reward:-1.1072219610214233, mean_queue:1.2777777910232544
intersection:10, mean_episode_reward:-1.4194440841674805, mean_queue:1.2055555582046509
intersection:11, mean_episode_reward:-0.15500003099441528, mean_queue:0.5888888835906982
intersection:12, mean_episode_reward:-0.15388889610767365, mean_queue:0.5944444537162781
intersection:13, mean_episode_reward:-0.3811110556125641, mean_queue:0.605555534362793
intersection:14, mean_episode_reward:-0.7477776408195496, mean_queue:0.6888889074325562
intersection:15, mean_episode_reward:0.4616667926311493, mean_queue:0.12777778506278992
intersection:16, mean_episode_reward:0.0, mean_queue:0.0
intersection:17, mean_episode_reward:0.023333335295319557, mean_queue:0.0
intersection:18, mean_episode_reward:0.12611110508441925, mean_queue:0.0
intersection:19, mean_episode_reward:0.09055554866790771, mean_queue:0.0
intersection:20, mean_episode_reward:0.12611111998558044, mean_queue:0.0
intersection:21, mean_episode_reward:0.07555555552244186, mean_queue:0.0
intersection:22, mean_episode_reward:0.014444444328546524, mean_queue:0.0
intersection:23, mean_episode_reward:0.0016666667070239782, mean_queue:0.0
intersection:24, mean_episode_reward:0.0011111111380159855, mean_queue:0.0
intersection:25, mean_episode_reward:0.04777777940034866, mean_queue:0.0
intersection:26, mean_episode_reward:0.2083333134651184, mean_queue:0.0
intersection:27, mean_episode_reward:0.12444446235895157, mean_queue:0.0
intersection:28, mean_episode_reward:0.23944446444511414, mean_queue:0.0
intersection:29, mean_episode_reward:0.21166665852069855, mean_queue:0.0
intersection:30, mean_episode_reward:0.08888889104127884, mean_queue:0.0
intersection:31, mean_episode_reward:-0.010555555112659931, mean_queue:0.0
episode:82/100, train_demand:raw_data/grid4x4/od_hubs/demand_set/train_02.rou.xml
step:1800/1800, q_loss:1.4131028652191162, rewards:-5.419444783528646, queue:0.4029513888888889, delay:0.02930713759528266, throughput:746
episode:82/100, real avg travel time:163.6769436997319
intersection:0, mean_episode_reward:0.23055557906627655, mean_queue:0.22777777910232544
intersection:1, mean_episode_reward:0.09555560350418091, mean_queue:0.4000000059604645
intersection:2, mean_episode_reward:0.042777810245752335, mean_queue:0.46666666865348816
intersection:3, mean_episode_reward:0.15666668117046356, mean_queue:0.2666666805744171
intersection:4, mean_episode_reward:0.3272222876548767, mean_queue:0.5111111402511597
intersection:5, mean_episode_reward:-1.580556035041809, mean_queue:1.7277777194976807
intersection:6, mean_episode_reward:-1.654999852180481, mean_queue:1.8444443941116333
intersection:7, mean_episode_reward:0.03499998897314072, mean_queue:0.6611111164093018
intersection:8, mean_episode_reward:-0.44611117243766785, mean_queue:0.8888888955116272
intersection:9, mean_episode_reward:-1.1366668939590454, mean_queue:1.6833332777023315
intersection:10, mean_episode_reward:-2.1877777576446533, mean_queue:1.8722221851348877
intersection:11, mean_episode_reward:-0.12666665017604828, mean_queue:0.5444444417953491
intersection:12, mean_episode_reward:0.10000000149011612, mean_queue:0.4444444477558136
intersection:13, mean_episode_reward:-0.4944444000720978, mean_queue:0.7722222208976746
intersection:14, mean_episode_reward:-0.5244446396827698, mean_queue:0.5388888716697693
intersection:15, mean_episode_reward:0.25999999046325684, mean_queue:0.04444444552063942
intersection:16, mean_episode_reward:0.0016666667070239782, mean_queue:0.0
intersection:17, mean_episode_reward:0.02222222276031971, mean_queue:0.0
intersection:18, mean_episode_reward:0.09222221374511719, mean_queue:0.0
intersection:19, mean_episode_reward:0.19333332777023315, mean_queue:0.0
intersection:20, mean_episode_reward:0.11055555194616318, mean_queue:0.0
intersection:21, mean_episode_reward:0.042222220450639725, mean_queue:0.0
intersection:22, mean_episode_reward:0.12444444000720978, mean_queue:0.0
intersection:23, mean_episode_reward:0.0, mean_queue:0.0
intersection:24, mean_episode_reward:0.0011111111380159855, mean_queue:0.0
intersection:25, mean_episode_reward:0.03444444388151169, mean_queue:0.0
intersection:26, mean_episode_reward:0.272777795791626, mean_queue:0.0
intersection:27, mean_episode_reward:0.15833336114883423, mean_queue:0.0
intersection:28, mean_episode_reward:0.1505555808544159, mean_queue:0.0
intersection:29, mean_episode_reward:0.1922222375869751, mean_queue:0.0
intersection:30, mean_episode_reward:0.08500000089406967, mean_queue:0.0
intersection:31, mean_episode_reward:0.0033333334140479565, mean_queue:0.0
episode:83/100, train_demand:raw_data/grid4x4/od_hubs/demand_set/train_03.rou.xml
step:1800/1800, q_loss:1.3824057579040527, rewards:-6.569998508029514, queue:0.4432291666666667, delay:0.030102348327636717, throughput:804
episode:83/100, real avg travel time:165.24129353233832
intersection:0, mean_episode_reward:0.3833332359790802, mean_queue:0.30000001192092896
intersection:1, mean_episode_reward:-0.2938888669013977, mean_queue:0.8722222447395325
intersection:2, mean_episode_reward:-0.30222228169441223, mean_queue:0.7555555701255798
intersection:3, mean_episode_reward:0.20944443345069885, mean_queue:0.25
intersection:4, mean_episode_reward:-0.026666635647416115, mean_queue:0.5611110925674438
intersection:5, mean_episode_reward:-1.7622214555740356, mean_queue:1.1944444179534912
intersection:6, mean_episode_reward:-1.5466662645339966, mean_queue:1.4888888597488403
intersection:7, mean_episode_reward:0.04055550694465637, mean_queue:0.644444465637207
intersection:8, mean_episode_reward:-0.3305554986000061, mean_queue:0.9444444179534912
intersection:9, mean_episode_reward:-1.3694442510604858, mean_queue:1.4777777194976807
intersection:10, mean_episode_reward:-1.4283334016799927, mean_queue:1.600000023841858
intersection:11, mean_episode_reward:-0.3311110734939575, mean_queue:0.8888888955116272
intersection:12, mean_episode_reward:0.02222222462296486, mean_queue:0.5333333611488342
intersection:13, mean_episode_reward:-0.5205555558204651, mean_queue:0.6555555462837219
intersection:14, mean_episode_reward:-0.4422222673892975, mean_queue:0.6166666746139526
intersection:15, mean_episode_reward:-1.1522223949432373, mean_queue:1.399999976158142
intersection:16, mean_episode_reward:0.011111111380159855, mean_queue:0.0
intersection:17, mean_episode_reward:0.057777777314186096, mean_queue:0.0
intersection:18, mean_episode_reward:0.15555556118488312, mean_queue:0.0
intersection:19, mean_episode_reward:0.22055555880069733, mean_queue:0.0
intersection:20, mean_episode_reward:0.12888889014720917, mean_queue:0.0
intersection:21, mean_episode_reward:0.05277777835726738, mean_queue:0.0
intersection:22, mean_episode_reward:0.12222222238779068, mean_queue:0.0
intersection:23, mean_episode_reward:0.0, mean_queue:0.0
intersection:24, mean_episode_reward:0.0016666667070239782, mean_queue:0.0
intersection:25, mean_episode_reward:0.012222222052514553, mean_queue:0.0
intersection:26, mean_episode_reward:0.1666666567325592, mean_queue:0.0
intersection:27, mean_episode_reward:0.7011110782623291, mean_queue:0.0
intersection:28, mean_episode_reward:0.27444443106651306, mean_queue:0.0
intersection:29, mean_episode_reward:0.2644444704055786, mean_queue:0.0
intersection:30, mean_episode_reward:0.11888888478279114, mean_queue:0.0
intersection:31, mean_episode_reward:-0.007777778431773186, mean_queue:0.0
episode:84/100, train_demand:raw_data/grid4x4/od_hubs/demand_set/train_04.rou.xml
step:1800/1800, q_loss:1.452767252922058, rewards:-5.1727783203125, queue:0.35520833333333335, delay:0.026619315147399902, throughput:707
episode:84/100, real avg travel time:162.24186704384724
intersection:0, mean_episode_reward:0.2622222602367401, mean_queue:0.2611111104488373
intersection:1, mean_episode_reward:-0.11944442242383957, mean_queue:0.5611110925674438
intersection:2, mean_episode_reward:-0.38388893008232117, mean_queue:0.5888888835906982
intersection:3, mean_episode_reward:-0.017222227528691292, mean_queue:0.2777777910232544
intersection:4, mean_episode_reward:0.09499994665384293, mean_queue:0.5722222328186035
intersection:5, mean_episode_reward:-1.5494447946548462, mean_queue:1.6111111640930176
intersection:6, mean_episode_reward:-1.4922220706939697, mean_queue:1.2277777194976807
intersection:7, mean_episode_reward:0.17944450676441193, mean_queue:0.6166666746139526
intersection:8, mean_episode_reward:-0.46777772903442383, mean_queue:0.8444444537162781
intersection:9, mean_episode_reward:-1.1066670417785645, mean_queue:1.2999999523162842
intersection:10, mean_episode_reward:-1.2277778387069702, mean_queue:1.244444489479065
intersection:11, mean_episode_reward:-0.5811110138893127, mean_queue:0.75
intersection:12, mean_episode_reward:0.23111112415790558, mean_queue:0.3166666626930237
intersection:13, mean_episode_reward:-0.46055543422698975, mean_queue:0.6555555462837219
intersection:14, mean_episode_reward:-0.46611133217811584, mean_queue:0.4277777671813965
intersection:15, mean_episode_reward:0.23333331942558289, mean_queue:0.1111111119389534
intersection:16, mean_episode_reward:0.004999999888241291, mean_queue:0.0
intersection:17, mean_episode_reward:0.009444443508982658, mean_queue:0.0
intersection:18, mean_episode_reward:0.11888889968395233, mean_queue:0.0
intersection:19, mean_episode_reward:0.09611108899116516, mean_queue:0.0
intersection:20, mean_episode_reward:0.15166667103767395, mean_queue:0.0
intersection:21, mean_episode_reward:0.08388888835906982, mean_queue:0.0
intersection:22, mean_episode_reward:0.25388890504837036, mean_queue:0.0
intersection:23, mean_episode_reward:0.0, mean_queue:0.0
intersection:24, mean_episode_reward:0.004444444552063942, mean_queue:0.0
intersection:25, mean_episode_reward:0.03666666895151138, mean_queue:0.0
intersection:26, mean_episode_reward:0.2427777796983719, mean_queue:0.0
intersection:27, mean_episode_reward:0.13277778029441833, mean_queue:0.0
intersection:28, mean_episode_reward:0.1850000023841858, mean_queue:0.0
intersection:29, mean_episode_reward:0.25111114978790283, mean_queue:0.0
intersection:30, mean_episode_reward:0.14499999582767487, mean_queue:0.0
intersection:31, mean_episode_reward:-0.018333332613110542, mean_queue:0.0
episode:85/100, train_demand:raw_data/grid4x4/od_hubs/demand_set/train_05.rou.xml
step:1800/1800, q_loss:1.3864247798919678, rewards:-5.28499993218316, queue:0.3697916666666667, delay:0.028394177224900986, throughput:750
episode:85/100, real avg travel time:164.02
intersection:0, mean_episode_reward:0.21777775883674622, mean_queue:0.27222222089767456
intersection:1, mean_episode_reward:0.006111137103289366, mean_queue:0.4444444477558136
intersection:2, mean_episode_reward:-0.2205556035041809, mean_queue:0.5
intersection:3, mean_episode_reward:0.00611111568287015, mean_queue:0.3888888955116272
intersection:4, mean_episode_reward:0.07111112028360367, mean_queue:0.49444442987442017
intersection:5, mean_episode_reward:-1.216111183166504, mean_queue:1.3277777433395386
intersection:6, mean_episode_reward:-1.4688889980316162, mean_queue:1.2055555582046509
intersection:7, mean_episode_reward:0.14944444596767426, mean_queue:0.5833333134651184
intersection:8, mean_episode_reward:-0.23277772963047028, mean_queue:0.7333333492279053
intersection:9, mean_episode_reward:-1.7222217321395874, mean_queue:1.8333333730697632
intersection:10, mean_episode_reward:-1.2011115550994873, mean_queue:1.288888931274414
intersection:11, mean_episode_reward:-0.44000011682510376, mean_queue:0.644444465637207
intersection:12, mean_episode_reward:0.07499999552965164, mean_queue:0.4888888895511627
intersection:13, mean_episode_reward:-0.5516666769981384, mean_queue:0.7944444417953491
intersection:14, mean_episode_reward:-0.7366666793823242, mean_queue:0.7388888597488403
intersection:15, mean_episode_reward:0.39000001549720764, mean_queue:0.09444444626569748
intersection:16, mean_episode_reward:0.002222222276031971, mean_queue:0.0
intersection:17, mean_episode_reward:0.021666672080755234, mean_queue:0.0
intersection:18, mean_episode_reward:0.12666666507720947, mean_queue:0.0
intersection:19, mean_episode_reward:0.11611109972000122, mean_queue:0.0
intersection:20, mean_episode_reward:0.13277778029441833, mean_queue:0.0
intersection:21, mean_episode_reward:0.0811111107468605, mean_queue:0.0
intersection:22, mean_episode_reward:0.01166666578501463, mean_queue:0.0
intersection:23, mean_episode_reward:0.0005555555690079927, mean_queue:0.0
intersection:24, mean_episode_reward:0.0033333334140479565, mean_queue:0.0
intersection:25, mean_episode_reward:0.06277777999639511, mean_queue:0.0
intersection:26, mean_episode_reward:0.2727777659893036, mean_queue:0.0
intersection:27, mean_episode_reward:0.14222222566604614, mean_queue:0.0
intersection:28, mean_episode_reward:0.3038889169692993, mean_queue:0.0
intersection:29, mean_episode_reward:0.23666666448116302, mean_queue:0.0
intersection:30, mean_episode_reward:0.07500000298023224, mean_queue:0.0
intersection:31, mean_episode_reward:0.0, mean_queue:0.0
episode:86/100, train_demand:raw_data/grid4x4/od_hubs/demand_set/train_06.rou.xml
step:1800/1800, q_loss:1.4110668897628784, rewards:-5.386111789279514, queue:0.3795138888888889, delay:0.028137365976969402, throughput:741
episode:86/100, real avg travel time:162.54925775978407
intersection:0, mean_episode_reward:0.28333336114883423, mean_queue:0.2666666805744171
intersection:1, mean_episode_reward:-0.2011110782623291, mean_queue:0.6888889074325562
intersection:2, mean_episode_reward:-0.07722222805023193, mean_queue:0.6222222447395325
intersection:3, mean_episode_reward:0.0016666522715240717, mean_queue:0.3499999940395355
intersection:4, mean_episode_reward:0.3238889276981354, mean_queue:0.5777778029441833
intersection:5, mean_episode_reward:-1.3466668128967285, mean_queue:1.4555555582046509
intersection:6, mean_episode_reward:-1.5961108207702637, mean_queue:1.5555555820465088
intersection:7, mean_episode_reward:-0.06999998539686203, mean_queue:0.7388888597488403
intersection:8, mean_episode_reward:-0.2705555260181427, mean_queue:0.6888889074325562
intersection:9, mean_episode_reward:-1.4533333778381348, mean_queue:1.5277777910232544
intersection:10, mean_episode_reward:-1.6572232246398926, mean_queue:1.5888888835906982
intersection:11, mean_episode_reward:-0.06888889521360397, mean_queue:0.5333333611488342
intersection:12, mean_episode_reward:0.15388889610767365, mean_queue:0.30000001192092896
intersection:13, mean_episode_reward:-0.38166648149490356, mean_queue:0.6888889074325562
intersection:14, mean_episode_reward:-0.6322222948074341, mean_queue:0.4833333194255829
intersection:15, mean_episode_reward:0.13500000536441803, mean_queue:0.07777778059244156
intersection:16, mean_episode_reward:0.0061111110262572765, mean_queue:0.0
intersection:17, mean_episode_reward:0.026666661724448204, mean_queue:0.0
intersection:18, mean_episode_reward:0.0972222238779068, mean_queue:0.0
intersection:19, mean_episode_reward:0.14499999582767487, mean_queue:0.0
intersection:20, mean_episode_reward:0.1066666692495346, mean_queue:0.0
intersection:21, mean_episode_reward:0.02111111208796501, mean_queue:0.0
intersection:22, mean_episode_reward:0.10222221910953522, mean_queue:0.0
intersection:23, mean_episode_reward:0.0, mean_queue:0.0
intersection:24, mean_episode_reward:0.0, mean_queue:0.0
intersection:25, mean_episode_reward:0.048333339393138885, mean_queue:0.0
intersection:26, mean_episode_reward:0.21666663885116577, mean_queue:0.0
intersection:27, mean_episode_reward:0.13500002026557922, mean_queue:0.0
intersection:28, mean_episode_reward:0.27500003576278687, mean_queue:0.0
intersection:29, mean_episode_reward:0.23111110925674438, mean_queue:0.0
intersection:30, mean_episode_reward:0.07111110538244247, mean_queue:0.0
intersection:31, mean_episode_reward:-0.011111111380159855, mean_queue:0.0
episode:87/100, train_demand:raw_data/grid4x4/od_hubs/demand_set/train_07.rou.xml
step:1800/1800, q_loss:1.4527326822280884, rewards:-5.758889431423611, queue:0.36180555555555555, delay:0.02757233248816596, throughput:760
episode:87/100, real avg travel time:160.92368421052632
intersection:0, mean_episode_reward:0.3111110329627991, mean_queue:0.20000000298023224
intersection:1, mean_episode_reward:-0.09166662395000458, mean_queue:0.5722222328186035
intersection:2, mean_episode_reward:-0.375, mean_queue:0.6611111164093018
intersection:3, mean_episode_reward:-0.09888887405395508, mean_queue:0.4277777671813965
intersection:4, mean_episode_reward:-0.342777818441391, mean_queue:0.6944444179534912
intersection:5, mean_episode_reward:-1.4688893556594849, mean_queue:1.2611111402511597
intersection:6, mean_episode_reward:-1.5294442176818848, mean_queue:1.5277777910232544
intersection:7, mean_episode_reward:0.1600000262260437, mean_queue:0.4611110985279083
intersection:8, mean_episode_reward:-0.02944444864988327, mean_queue:0.550000011920929
intersection:9, mean_episode_reward:-1.2483336925506592, mean_queue:1.4388889074325562
intersection:10, mean_episode_reward:-1.4044444561004639, mean_queue:1.3611111640930176
intersection:11, mean_episode_reward:-0.13666662573814392, mean_queue:0.5055555701255798
intersection:12, mean_episode_reward:-0.04500000923871994, mean_queue:0.4166666567325592
intersection:13, mean_episode_reward:-0.4616668224334717, mean_queue:0.7388888597488403
intersection:14, mean_episode_reward:-0.5783331394195557, mean_queue:0.5444444417953491
intersection:15, mean_episode_reward:0.13499996066093445, mean_queue:0.21666666865348816
intersection:16, mean_episode_reward:0.0, mean_queue:0.0
intersection:17, mean_episode_reward:0.08166666328907013, mean_queue:0.0
intersection:18, mean_episode_reward:0.08444444090127945, mean_queue:0.0
intersection:19, mean_episode_reward:0.10111111402511597, mean_queue:0.0
intersection:20, mean_episode_reward:0.16611112654209137, mean_queue:0.0
intersection:21, mean_episode_reward:0.09666667878627777, mean_queue:0.0
intersection:22, mean_episode_reward:0.03999999910593033, mean_queue:0.0
intersection:23, mean_episode_reward:0.006666666828095913, mean_queue:0.0
intersection:24, mean_episode_reward:0.0011111111380159855, mean_queue:0.0
intersection:25, mean_episode_reward:0.04888888821005821, mean_queue:0.0
intersection:26, mean_episode_reward:0.2544443905353546, mean_queue:0.0
intersection:27, mean_episode_reward:0.13555556535720825, mean_queue:0.0
intersection:28, mean_episode_reward:0.2477777898311615, mean_queue:0.0
intersection:29, mean_episode_reward:0.17444445192813873, mean_queue:0.0
intersection:30, mean_episode_reward:0.020000001415610313, mean_queue:0.0
intersection:31, mean_episode_reward:-0.013333333656191826, mean_queue:0.0
episode:88/100, train_demand:raw_data/grid4x4/od_hubs/demand_set/train_08.rou.xml
step:1800/1800, q_loss:1.3887884616851807, rewards:-5.644444105360243, queue:0.36788194444444444, delay:0.027657270431518555, throughput:773
episode:88/100, real avg travel time:160.3712807244502
intersection:0, mean_episode_reward:0.13555553555488586, mean_queue:0.4055555462837219
intersection:1, mean_episode_reward:-0.2888889014720917, mean_queue:0.7833333611488342
intersection:2, mean_episode_reward:-0.0650000050663948, mean_queue:0.49444442987442017
intersection:3, mean_episode_reward:-0.04111110046505928, mean_queue:0.28333333134651184
intersection:4, mean_episode_reward:-0.1461111456155777, mean_queue:0.5666666626930237
intersection:5, mean_episode_reward:-1.4605555534362793, mean_queue:1.2277777194976807
intersection:6, mean_episode_reward:-1.5138887166976929, mean_queue:1.244444489479065
intersection:7, mean_episode_reward:0.3333333432674408, mean_queue:0.38333332538604736
intersection:8, mean_episode_reward:0.019444439560174942, mean_queue:0.7333333492279053
intersection:9, mean_episode_reward:-1.7194443941116333, mean_queue:1.8333333730697632
intersection:10, mean_episode_reward:-1.4516665935516357, mean_queue:1.2944444417953491
intersection:11, mean_episode_reward:-0.28999993205070496, mean_queue:0.5277777910232544
intersection:12, mean_episode_reward:0.09611112624406815, mean_queue:0.47777777910232544
intersection:13, mean_episode_reward:-0.402222216129303, mean_queue:0.7055555582046509
intersection:14, mean_episode_reward:-0.6027777194976807, mean_queue:0.5666666626930237
intersection:15, mean_episode_reward:0.06777786463499069, mean_queue:0.24444444477558136
intersection:16, mean_episode_reward:0.01166666578501463, mean_queue:0.0
intersection:17, mean_episode_reward:0.04333333298563957, mean_queue:0.0
intersection:18, mean_episode_reward:0.092777781188488, mean_queue:0.0
intersection:19, mean_episode_reward:0.17222222685813904, mean_queue:0.0
intersection:20, mean_episode_reward:0.12555555999279022, mean_queue:0.0
intersection:21, mean_episode_reward:0.0716666728258133, mean_queue:0.0
intersection:22, mean_episode_reward:0.09333332628011703, mean_queue:0.0
intersection:23, mean_episode_reward:0.03888889029622078, mean_queue:0.0
intersection:24, mean_episode_reward:0.0, mean_queue:0.0
intersection:25, mean_episode_reward:0.03166666626930237, mean_queue:0.0
intersection:26, mean_episode_reward:0.28166666626930237, mean_queue:0.0
intersection:27, mean_episode_reward:0.2149999886751175, mean_queue:0.0
intersection:28, mean_episode_reward:0.22555556893348694, mean_queue:0.0
intersection:29, mean_episode_reward:0.17055554687976837, mean_queue:0.0
intersection:30, mean_episode_reward:0.1111111119389534, mean_queue:0.0
intersection:31, mean_episode_reward:0.0, mean_queue:0.0
episode:89/100, train_demand:raw_data/grid4x4/od_hubs/demand_set/train_09.rou.xml
step:1800/1800, q_loss:1.394445538520813, rewards:-4.955556911892361, queue:0.35625, delay:0.02771437962849935, throughput:743
episode:89/100, real avg travel time:163.64333781965007
intersection:0, mean_episode_reward:0.24166664481163025, mean_queue:0.2944444417953491
intersection:1, mean_episode_reward:0.03222221881151199, mean_queue:0.6499999761581421
intersection:2, mean_episode_reward:-0.12333333492279053, mean_queue:0.39444443583488464
intersection:3, mean_episode_reward:0.10944446921348572, mean_queue:0.17777778208255768
intersection:4, mean_episode_reward:0.2594444155693054, mean_queue:0.6277777552604675
intersection:5, mean_episode_reward:-1.6955558061599731, mean_queue:1.6555556058883667
intersection:6, mean_episode_reward:-1.5050005912780762, mean_queue:1.4833333492279053
intersection:7, mean_episode_reward:-0.027222225442528725, mean_queue:0.5222222208976746
intersection:8, mean_episode_reward:-0.09222221374511719, mean_queue:0.5555555820465088
intersection:9, mean_episode_reward:-1.3144445419311523, mean_queue:1.461111068725586
intersection:10, mean_episode_reward:-1.3533333539962769, mean_queue:1.3833333253860474
intersection:11, mean_episode_reward:-0.3838890790939331, mean_queue:0.5222222208976746
intersection:12, mean_episode_reward:0.2294444590806961, mean_queue:0.31111112236976624
intersection:13, mean_episode_reward:-0.2616666257381439, mean_queue:0.6555555462837219
intersection:14, mean_episode_reward:-0.866111159324646, mean_queue:0.6222222447395325
intersection:15, mean_episode_reward:0.27222222089767456, mean_queue:0.0833333358168602
intersection:16, mean_episode_reward:0.015555555000901222, mean_queue:0.0
intersection:17, mean_episode_reward:0.020555555820465088, mean_queue:0.0
intersection:18, mean_episode_reward:0.12222222238779068, mean_queue:0.0
intersection:19, mean_episode_reward:0.27666667103767395, mean_queue:0.0
intersection:20, mean_episode_reward:0.14666667580604553, mean_queue:0.0
intersection:21, mean_episode_reward:0.08388888835906982, mean_queue:0.0
intersection:22, mean_episode_reward:0.03555555269122124, mean_queue:0.0
intersection:23, mean_episode_reward:0.0, mean_queue:0.0
intersection:24, mean_episode_reward:0.0, mean_queue:0.0
intersection:25, mean_episode_reward:0.011111111380159855, mean_queue:0.0
intersection:26, mean_episode_reward:0.212777778506279, mean_queue:0.0
intersection:27, mean_episode_reward:0.15555556118488312, mean_queue:0.0
intersection:28, mean_episode_reward:0.16833333671092987, mean_queue:0.0
intersection:29, mean_episode_reward:0.1994444578886032, mean_queue:0.0
intersection:30, mean_episode_reward:0.0855555608868599, mean_queue:0.0
intersection:31, mean_episode_reward:-0.011111111380159855, mean_queue:0.0
episode:90/100, train_demand:raw_data/grid4x4/od_hubs/demand_set/train_00.rou.xml
step:1800/1800, q_loss:1.3905450105667114, rewards:-5.202222357855903, queue:0.3581597222222222, delay:0.02785597907172309, throughput:694
episode:90/100, real avg travel time:162.94812680115274
intersection:0, mean_episode_reward:0.2111111581325531, mean_queue:0.3722222149372101
intersection:1, mean_episode_reward:-0.3688889741897583, mean_queue:0.6777777671813965
intersection:2, mean_episode_reward:-0.12888889014720917, mean_queue:0.3333333432674408
intersection:3, mean_episode_reward:0.0533333420753479, mean_queue:0.22777777910232544
intersection:4, mean_episode_reward:-0.2166665643453598, mean_queue:0.9166666865348816
intersection:5, mean_episode_reward:-1.1022225618362427, mean_queue:1.5
intersection:6, mean_episode_reward:-1.532222032546997, mean_queue:1.5611110925674438
intersection:7, mean_episode_reward:-0.0766666829586029, mean_queue:0.5611110925674438
intersection:8, mean_episode_reward:-0.3122222423553467, mean_queue:0.6944444179534912
intersection:9, mean_episode_reward:-1.3405555486679077, mean_queue:1.5722222328186035
intersection:10, mean_episode_reward:-1.306111454963684, mean_queue:1.2999999523162842
intersection:11, mean_episode_reward:-0.12111105024814606, mean_queue:0.4333333373069763
intersection:12, mean_episode_reward:0.2972222566604614, mean_queue:0.2666666805744171
intersection:13, mean_episode_reward:-0.35111120343208313, mean_queue:0.5055555701255798
intersection:14, mean_episode_reward:-0.7172220945358276, mean_queue:0.49444442987442017
intersection:15, mean_episode_reward:0.28222230076789856, mean_queue:0.04444444552063942
intersection:16, mean_episode_reward:0.0, mean_queue:0.0
intersection:17, mean_episode_reward:0.04444444552063942, mean_queue:0.0
intersection:18, mean_episode_reward:0.12999999523162842, mean_queue:0.0
intersection:19, mean_episode_reward:0.1783333271741867, mean_queue:0.0
intersection:20, mean_episode_reward:0.14277777075767517, mean_queue:0.0
intersection:21, mean_episode_reward:0.059444449841976166, mean_queue:0.0
intersection:22, mean_episode_reward:0.0811111107468605, mean_queue:0.0
intersection:23, mean_episode_reward:0.0027777778450399637, mean_queue:0.0
intersection:24, mean_episode_reward:0.0016666667070239782, mean_queue:0.0
intersection:25, mean_episode_reward:0.02222222276031971, mean_queue:0.0
intersection:26, mean_episode_reward:0.15388886630535126, mean_queue:0.0
intersection:27, mean_episode_reward:0.17055557668209076, mean_queue:0.0
intersection:28, mean_episode_reward:0.185555562376976, mean_queue:0.0
intersection:29, mean_episode_reward:0.22555555403232574, mean_queue:0.0
intersection:30, mean_episode_reward:0.14222222566604614, mean_queue:0.0
intersection:31, mean_episode_reward:-0.012777777388691902, mean_queue:0.0
HELDOUT episode:90/100, demand:raw_data/grid4x4/od_hubs/demand_set/hold_00.rou.xml, travel time:163.65013774104682, rewards:-5.699444580078125, queue:0.4232638888888889, delay:0.0293167961968316, throughput:726
HELDOUT episode:90/100, demand:raw_data/grid4x4/od_hubs/demand_set/hold_01.rou.xml, travel time:163.88311688311688, rewards:-5.662777031792535, queue:0.4105902777777778, delay:0.029881607161627875, throughput:770
HELDOUT episode:90/100, demand:raw_data/grid4x4/od_hubs/demand_set/hold_02.rou.xml, travel time:160.9288590604027, rewards:-5.711667209201389, queue:0.378125, delay:0.02894668844011095, throughput:745
HELDOUT_MEAN episode:90/100, travel time:162.82070456152212 (n=3)
episode:91/100, train_demand:raw_data/grid4x4/od_hubs/demand_set/train_01.rou.xml
step:1800/1800, q_loss:1.3143048286437988, rewards:-5.5872216118706595, queue:0.37743055555555555, delay:0.02871028052435981, throughput:732
episode:91/100, real avg travel time:163.61475409836066
intersection:0, mean_episode_reward:0.30833327770233154, mean_queue:0.38333332538604736
intersection:1, mean_episode_reward:0.018888873979449272, mean_queue:0.550000011920929
intersection:2, mean_episode_reward:-0.4272221326828003, mean_queue:0.6000000238418579
intersection:3, mean_episode_reward:-0.24222218990325928, mean_queue:0.46666666865348816
intersection:4, mean_episode_reward:-0.41055551171302795, mean_queue:0.8999999761581421
intersection:5, mean_episode_reward:-1.5744444131851196, mean_queue:1.5777777433395386
intersection:6, mean_episode_reward:-1.0272225141525269, mean_queue:1.105555534362793
intersection:7, mean_episode_reward:0.14444443583488464, mean_queue:0.46666666865348816
intersection:8, mean_episode_reward:-0.03833332285284996, mean_queue:0.5888888835906982
intersection:9, mean_episode_reward:-1.259443998336792, mean_queue:1.4055556058883667
intersection:10, mean_episode_reward:-1.3916665315628052, mean_queue:1.144444465637207
intersection:11, mean_episode_reward:-0.0899999812245369, mean_queue:0.550000011920929
intersection:12, mean_episode_reward:-0.23111103475093842, mean_queue:0.6166666746139526
intersection:13, mean_episode_reward:-0.35277774930000305, mean_queue:0.550000011920929
intersection:14, mean_episode_reward:-0.9322220087051392, mean_queue:0.9555555582046509
intersection:15, mean_episode_reward:0.4544444680213928, mean_queue:0.21666666865348816
intersection:16, mean_episode_reward:0.0, mean_queue:0.0
intersection:17, mean_episode_reward:0.02055555395781994, mean_queue:0.0
intersection:18, mean_episode_reward:0.10499999672174454, mean_queue:0.0
intersection:19, mean_episode_reward:0.10888887941837311, mean_queue:0.0
intersection:20, mean_episode_reward:0.12111110985279083, mean_queue:0.0
intersection:21, mean_episode_reward:0.06777778267860413, mean_queue:0.0
intersection:22, mean_episode_reward:0.010555555112659931, mean_queue:0.0
intersection:23, mean_episode_reward:0.004444444552063942, mean_queue:0.0
intersection:24, mean_episode_reward:0.0011111111380159855, mean_queue:0.0
intersection:25, mean_episode_reward:0.03666666895151138, mean_queue:0.0
intersection:26, mean_episode_reward:0.21611109375953674, mean_queue:0.0
intersection:27, mean_episode_reward:0.1322222352027893, mean_queue:0.0
intersection:28, mean_episode_reward:0.2061111181974411, mean_queue:0.0
intersection:29, mean_episode_reward:0.24555553495883942, mean_queue:0.0
intersection:30, mean_episode_reward:0.19777776300907135, mean_queue:0.0
intersection:31, mean_episode_reward:-0.009999999776482582, mean_queue:0.0
episode:92/100, train_demand:raw_data/grid4x4/od_hubs/demand_set/train_02.rou.xml
step:1800/1800, q_loss:1.3372862339019775, rewards:-5.445000542534722, queue:0.36614583333333334, delay:0.027076562245686848, throughput:749
episode:92/100, real avg travel time:160.97730307076102
intersection:0, mean_episode_reward:0.12222222238779068, mean_queue:0.31111112236976624
intersection:1, mean_episode_reward:0.00888890866190195, mean_queue:0.4055555462837219
intersection:2, mean_episode_reward:-0.07222221791744232, mean_queue:0.4611110985279083
intersection:3, mean_episode_reward:0.020555559545755386, mean_queue:0.2222222238779068
intersection:4, mean_episode_reward:0.24666665494441986, mean_queue:0.4444444477558136
intersection:5, mean_episode_reward:-1.744999885559082, mean_queue:1.399999976158142
intersection:6, mean_episode_reward:-1.555556058883667, mean_queue:1.4444444179534912
intersection:7, mean_episode_reward:-0.029444444924592972, mean_queue:0.6277777552604675
intersection:8, mean_episode_reward:-0.26277780532836914, mean_queue:0.9055555462837219
intersection:9, mean_episode_reward:-1.3450000286102295, mean_queue:1.711111068725586
intersection:10, mean_episode_reward:-1.589444875717163, mean_queue:1.4388889074325562
intersection:11, mean_episode_reward:-0.0855555608868599, mean_queue:0.5333333611488342
intersection:12, mean_episode_reward:0.10111115872859955, mean_queue:0.4444444477558136
intersection:13, mean_episode_reward:-0.5605553984642029, mean_queue:0.8388888835906982
intersection:14, mean_episode_reward:-0.4250001311302185, mean_queue:0.4555555582046509
intersection:15, mean_episode_reward:0.2355554848909378, mean_queue:0.07222222536802292
intersection:16, mean_episode_reward:0.0016666667070239782, mean_queue:0.0
intersection:17, mean_episode_reward:0.02333333157002926, mean_queue:0.0
intersection:18, mean_episode_reward:0.12111110985279083, mean_queue:0.0
intersection:19, mean_episode_reward:0.16111110150814056, mean_queue:0.0
intersection:20, mean_episode_reward:0.10888887196779251, mean_queue:0.0
intersection:21, mean_episode_reward:0.04444444552063942, mean_queue:0.0
intersection:22, mean_episode_reward:0.1644444316625595, mean_queue:0.0
intersection:23, mean_episode_reward:0.0, mean_queue:0.0
intersection:24, mean_episode_reward:0.002222222276031971, mean_queue:0.0
intersection:25, mean_episode_reward:0.02222222276031971, mean_queue:0.0
intersection:26, mean_episode_reward:0.2361111044883728, mean_queue:0.0
intersection:27, mean_episode_reward:0.15111112594604492, mean_queue:0.0
intersection:28, mean_episode_reward:0.14111113548278809, mean_queue:0.0
intersection:29, mean_episode_reward:0.21166667342185974, mean_queue:0.0
intersection:30, mean_episode_reward:0.09499999135732651, mean_queue:0.0
intersection:31, mean_episode_reward:0.0061111110262572765, mean_queue:0.0
episode:93/100, train_demand:raw_data/grid4x4/od_hubs/demand_set/train_03.rou.xml
step:1800/1800, q_loss:1.3173679113388062, rewards:-6.105555555555555, queue:0.42083333333333334, delay:0.030310948689778645, throughput:799
episode:93/100, real avg travel time:163.91614518147685
intersection:0, mean_episode_reward:0.2427777647972107, mean_queue:0.4444444477558136
intersection:1, mean_episode_reward:-0.17722219228744507, mean_queue:0.7388888597488403
intersection:2, mean_episode_reward:-0.3216666877269745, mean_queue:0.7444444298744202
intersection:3, mean_episode_reward:0.08777777850627899, mean_queue:0.2777777910232544
intersection:4, mean_episode_reward:-0.1361110508441925, mean_queue:0.6722221970558167
intersection:5, mean_episode_reward:-1.7049998044967651, mean_queue:1.394444465637207
intersection:6, mean_episode_reward:-1.568333625793457, mean_queue:1.5499999523162842
intersection:7, mean_episode_reward:0.1788889318704605, mean_queue:0.6388888955116272
intersection:8, mean_episode_reward:-0.19055557250976562, mean_queue:0.8500000238418579
intersection:9, mean_episode_reward:-1.4922224283218384, mean_queue:1.6222221851348877
intersection:10, mean_episode_reward:-1.4288889169692993, mean_queue:1.600000023841858
intersection:11, mean_episode_reward:-0.24611110985279083, mean_queue:0.8277778029441833
intersection:12, mean_episode_reward:-0.01555557083338499, mean_queue:0.5222222208976746
intersection:13, mean_episode_reward:-0.4677777886390686, mean_queue:0.6111111044883728
intersection:14, mean_episode_reward:-0.556111216545105, mean_queue:0.6000000238418579
intersection:15, mean_episode_reward:-0.10999993234872818, mean_queue:0.3722222149372101
intersection:16, mean_episode_reward:0.015555555000901222, mean_queue:0.0
intersection:17, mean_episode_reward:0.07500000298023224, mean_queue:0.0
intersection:18, mean_episode_reward:0.1944444626569748, mean_queue:0.0
intersection:19, mean_episode_reward:0.22555555403232574, mean_queue:0.0
intersection:20, mean_episode_reward:0.1272222250699997, mean_queue:0.0
intersection:21, mean_episode_reward:0.04277777671813965, mean_queue:0.0
intersection:22, mean_episode_reward:0.09611110389232635, mean_queue:0.0
intersection:23, mean_episode_reward:0.0, mean_queue:0.0
intersection:24, mean_episode_reward:0.0011111111380159855, mean_queue:0.0
intersection:25, mean_episode_reward:0.02388888970017433, mean_queue:0.0
intersection:26, mean_episode_reward:0.16555553674697876, mean_queue:0.0
intersection:27, mean_episode_reward:0.19499999284744263, mean_queue:0.0
intersection:28, mean_episode_reward:0.24444442987442017, mean_queue:0.0
intersection:29, mean_episode_reward:0.2761111259460449, mean_queue:0.0
intersection:30, mean_episode_reward:0.12833333015441895, mean_queue:0.0
intersection:31, mean_episode_reward:-0.010555555112659931, mean_queue:0.0
episode:94/100, train_demand:raw_data/grid4x4/od_hubs/demand_set/train_04.rou.xml
step:1800/1800, q_loss:1.315324306488037, rewards:-5.110555013020833, queue:0.34878472222222223, delay:0.026885856522454156, throughput:708
episode:94/100, real avg travel time:161.62570621468927
intersection:0, mean_episode_reward:0.14944444596767426, mean_queue:0.3055555522441864
intersection:1, mean_episode_reward:-0.16944442689418793, mean_queue:0.5944444537162781
intersection:2, mean_episode_reward:-0.28333336114883423, mean_queue:0.6499999761581421
intersection:3, mean_episode_reward:-0.13277775049209595, mean_queue:0.41111111640930176
intersection:4, mean_episode_reward:0.062222205102443695, mean_queue:0.4833333194255829
intersection:5, mean_episode_reward:-1.6427781581878662, mean_queue:1.4888888597488403
intersection:6, mean_episode_reward:-1.3444442749023438, mean_queue:1.3277777433395386
intersection:7, mean_episode_reward:0.1688889116048813, mean_queue:0.5555555820465088
intersection:8, mean_episode_reward:-0.1733333319425583, mean_queue:0.644444465637207
intersection:9, mean_episode_reward:-1.221666693687439, mean_queue:1.355555534362793
intersection:10, mean_episode_reward:-1.2099995613098145, mean_queue:1.144444465637207
intersection:11, mean_episode_reward:-0.1711111217737198, mean_queue:0.5833333134651184
intersection:12, mean_episode_reward:0.16055551171302795, mean_queue:0.36666667461395264
intersection:13, mean_episode_reward:-0.4094446003437042, mean_queue:0.6333333253860474
intersection:14, mean_episode_reward:-0.6427775025367737, mean_queue:0.47777777910232544
intersection:15, mean_episode_reward:0.14166663587093353, mean_queue:0.1388888955116272
intersection:16, mean_episode_reward:0.004444444552063942, mean_queue:0.0
intersection:17, mean_episode_reward:0.008888889104127884, mean_queue:0.0
intersection:18, mean_episode_reward:0.11555556207895279, mean_queue:0.0
intersection:19, mean_episode_reward:0.09999998658895493, mean_queue:0.0
intersection:20, mean_episode_reward:0.15611112117767334, mean_queue:0.0
intersection:21, mean_episode_reward:0.07555555552244186, mean_queue:0.0
intersection:22, mean_episode_reward:0.2916666567325592, mean_queue:0.0
intersection:23, mean_episode_reward:0.0, mean_queue:0.0
intersection:24, mean_episode_reward:0.0033333334140479565, mean_queue:0.0
intersection:25, mean_episode_reward:0.03666666895151138, mean_queue:0.0
intersection:26, mean_episode_reward:0.20944444835186005, mean_queue:0.0
intersection:27, mean_episode_reward:0.13722221553325653, mean_queue:0.0
intersection:28, mean_episode_reward:0.1966666728258133, mean_queue:0.0
intersection:29, mean_episode_reward:0.17055556178092957, mean_queue:0.0
intersection:30, mean_episode_reward:0.12000000476837158, mean_queue:0.0
intersection:31, mean_episode_reward:-0.018333332613110542, mean_queue:0.0
episode:95/100, train_demand:raw_data/grid4x4/od_hubs/demand_set/train_05.rou.xml
step:1800/1800, q_loss:1.2723912000656128, rewards:-5.328333197699653, queue:0.38333333333333336, delay:0.028903637992011177, throughput:749
episode:95/100, real avg travel time:164.1909212283044
intersection:0, mean_episode_reward:0.28666675090789795, mean_queue:0.3333333432674408
intersection:1, mean_episode_reward:-0.31277772784233093, mean_queue:0.8277778029441833
intersection:2, mean_episode_reward:-0.18277780711650848, mean_queue:0.5444444417953491
intersection:3, mean_episode_reward:0.01722222939133644, mean_queue:0.3888888955116272
intersection:4, mean_episode_reward:0.08777773380279541, mean_queue:0.49444442987442017
intersection:5, mean_episode_reward:-1.3733336925506592, mean_queue:1.3333333730697632
intersection:6, mean_episode_reward:-1.3322224617004395, mean_queue:1.3055555820465088
intersection:7, mean_episode_reward:0.01611110381782055, mean_queue:0.644444465637207
intersection:8, mean_episode_reward:-0.08833330869674683, mean_queue:0.5
intersection:9, mean_episode_reward:-1.640555500984192, mean_queue:1.5111111402511597
intersection:10, mean_episode_reward:-1.1172220706939697, mean_queue:1.4222222566604614
intersection:11, mean_episode_reward:-0.5527778267860413, mean_queue:0.9166666865348816
intersection:12, mean_episode_reward:0.016666648909449577, mean_queue:0.4611110985279083
intersection:13, mean_episode_reward:-0.43388885259628296, mean_queue:0.75
intersection:14, mean_episode_reward:-0.7155554890632629, mean_queue:0.7111111283302307
intersection:15, mean_episode_reward:0.1950000375509262, mean_queue:0.12222222238779068
intersection:16, mean_episode_reward:0.0033333334140479565, mean_queue:0.0
intersection:17, mean_episode_reward:0.022777779027819633, mean_queue:0.0
intersection:18, mean_episode_reward:0.13055554032325745, mean_queue:0.0
intersection:19, mean_episode_reward:0.1272222101688385, mean_queue:0.0
intersection:20, mean_episode_reward:0.1322222352027893, mean_queue:0.0
intersection:21, mean_episode_reward:0.06222221627831459, mean_queue:0.0
intersection:22, mean_episode_reward:0.012777777388691902, mean_queue:0.0
intersection:23, mean_episode_reward:0.0033333334140479565, mean_queue:0.0
intersection:24, mean_episode_reward:0.0011111111380159855, mean_queue:0.0
intersection:25, mean_episode_reward:0.0694444477558136, mean_queue:0.0
intersection:26, mean_episode_reward:0.3333333432674408, mean_queue:0.0
intersection:27, mean_episode_reward:0.12833334505558014, mean_queue:0.0
intersection:28, mean_episode_reward:0.27888888120651245, mean_queue:0.0
intersection:29, mean_episode_reward:0.2755555212497711, mean_queue:0.0
intersection:30, mean_episode_reward:0.22055554389953613, mean_queue:0.0
intersection:31, mean_episode_reward:0.0, mean_queue:0.0
episode:96/100, train_demand:raw_data/grid4x4/od_hubs/demand_set/train_06.rou.xml
step:1800/1800, q_loss:1.311827301979065, rewards:-5.259444851345486, queue:0.3392361111111111, delay:0.026522339714898004, throughput:740
episode:96/100, real avg travel time:160.7945945945946
intersection:0, mean_episode_reward:0.1688888818025589, mean_queue:0.28333333134651184
intersection:1, mean_episode_reward:-0.1788889318704605, mean_queue:0.5388888716697693
intersection:2, mean_episode_reward:-0.06499996781349182, mean_queue:0.605555534362793
intersection:3, mean_episode_reward:0.00888887420296669, mean_queue:0.30000001192092896
intersection:4, mean_episode_reward:0.2999998927116394, mean_queue:0.39444443583488464
intersection:5, mean_episode_reward:-1.4888888597488403, mean_queue:1.1888889074325562
intersection:6, mean_episode_reward:-1.5916664600372314, mean_queue:1.5555555820465088
intersection:7, mean_episode_reward:0.05333332344889641, mean_queue:0.644444465637207
intersection:8, mean_episode_reward:-0.021666672080755234, mean_queue:0.5888888835906982
intersection:9, mean_episode_reward:-1.2049999237060547, mean_queue:1.1777777671813965
intersection:10, mean_episode_reward:-1.6600003242492676, mean_queue:1.2999999523162842
intersection:11, mean_episode_reward:-0.1994444727897644, mean_queue:0.6111111044883728
intersection:12, mean_episode_reward:0.11555551737546921, mean_queue:0.35555556416511536
intersection:13, mean_episode_reward:-0.5483332872390747, mean_queue:0.7388888597488403
intersection:14, mean_episode_reward:-0.685555636882782, mean_queue:0.5111111402511597
intersection:15, mean_episode_reward:0.19666670262813568, mean_queue:0.06111111119389534
intersection:16, mean_episode_reward:0.004444444552063942, mean_queue:0.0
intersection:17, mean_episode_reward:0.02611110731959343, mean_queue:0.0
intersection:18, mean_episode_reward:0.1066666692495346, mean_queue:0.0
intersection:19, mean_episode_reward:0.1638888716697693, mean_queue:0.0
intersection:20, mean_episode_reward:0.10722223669290543, mean_queue:0.0
intersection:21, mean_episode_reward:0.021666666492819786, mean_queue:0.0
intersection:22, mean_episode_reward:0.0994444414973259, mean_queue:0.0
intersection:23, mean_episode_reward:0.0, mean_queue:0.0
intersection:24, mean_episode_reward:0.0, mean_queue:0.0
intersection:25, mean_episode_reward:0.04722222313284874, mean_queue:0.0
intersection:26, mean_episode_reward:0.24444444477558136, mean_queue:0.0
intersection:27, mean_episode_reward:0.12777778506278992, mean_queue:0.0
intersection:28, mean_episode_reward:0.2777777910232544, mean_queue:0.0
intersection:29, mean_episode_reward:0.22111110389232635, mean_queue:0.0
intersection:30, mean_episode_reward:0.10499998927116394, mean_queue:0.0
intersection:31, mean_episode_reward:-0.011111111380159855, mean_queue:0.0
episode:97/100, train_demand:raw_data/grid4x4/od_hubs/demand_set/train_07.rou.xml
step:1800/1800, q_loss:1.267474889755249, rewards:-5.552777777777778, queue:0.3607638888888889, delay:0.0276065190633138, throughput:761
episode:97/100, real avg travel time:160.36136662286467
intersection:0, mean_episode_reward:0.28833332657814026, mean_queue:0.18333333730697632
intersection:1, mean_episode_reward:-0.06055554375052452, mean_queue:0.5
intersection:2, mean_episode_reward:-0.35555559396743774, mean_queue:0.6833333373069763
intersection:3, mean_episode_reward:0.038333337754011154, mean_queue:0.28333333134651184
intersection:4, mean_episode_reward:-0.1133333295583725, mean_queue:0.6388888955116272
intersection:5, mean_episode_reward:-1.8455556631088257, mean_queue:1.5277777910232544
intersection:6, mean_episode_reward:-1.2300000190734863, mean_queue:1.3166667222976685
intersection:7, mean_episode_reward:0.208333358168602, mean_queue:0.5166666507720947
intersection:8, mean_episode_reward:-0.16055555641651154, mean_queue:0.6499999761581421
intersection:9, mean_episode_reward:-1.2122225761413574, mean_queue:1.5499999523162842
intersection:10, mean_episode_reward:-1.38944411277771, mean_queue:1.288888931274414
intersection:11, mean_episode_reward:-0.2516665756702423, mean_queue:0.5777778029441833
intersection:12, mean_episode_reward:0.010555552318692207, mean_queue:0.4333333373069763
intersection:13, mean_episode_reward:-0.611666738986969, mean_queue:0.7555555701255798
intersection:14, mean_episode_reward:-0.5872220993041992, mean_queue:0.5333333611488342
intersection:15, mean_episode_reward:0.2688888907432556, mean_queue:0.10555555671453476
intersection:16, mean_episode_reward:0.0, mean_queue:0.0
intersection:17, mean_episode_reward:0.07999999821186066, mean_queue:0.0
intersection:18, mean_episode_reward:0.08444444090127945, mean_queue:0.0
intersection:19, mean_episode_reward:0.09388887882232666, mean_queue:0.0
intersection:20, mean_episode_reward:0.16499997675418854, mean_queue:0.0
intersection:21, mean_episode_reward:0.07777777314186096, mean_queue:0.0
intersection:22, mean_episode_reward:0.028888888657093048, mean_queue:0.0
intersection:23, mean_episode_reward:0.0033333334140479565, mean_queue:0.0
intersection:24, mean_episode_reward:0.0, mean_queue:0.0
intersection:25, mean_episode_reward:0.0833333358168602, mean_queue:0.0
intersection:26, mean_episode_reward:0.24166664481163025, mean_queue:0.0
intersection:27, mean_episode_reward:0.13111111521720886, mean_queue:0.0
intersection:28, mean_episode_reward:0.22111113369464874, mean_queue:0.0
intersection:29, mean_episode_reward:0.19500000774860382, mean_queue:0.0
intersection:30, mean_episode_reward:0.05833333358168602, mean_queue:0.0
intersection:31, mean_episode_reward:-0.013333333656191826, mean_queue:0.0
episode:98/100, train_demand:raw_data/grid4x4/od_hubs/demand_set/train_08.rou.xml
step:1800/1800, q_loss:1.2873800992965698, rewards:-5.581666056315104, queue:0.36041666666666666, delay:0.02743069330851237, throughput:772
episode:98/100, real avg travel time:160.26554404145077
intersection:0, mean_episode_reward:0.09777776896953583, mean_queue:0.2944444417953491
intersection:1, mean_episode_reward:-0.23500001430511475, mean_queue:0.5888888835906982
intersection:2, mean_episode_reward:-0.1700001209974289, mean_queue:0.44999998807907104
intersection:3, mean_episode_reward:0.09166664630174637, mean_queue:0.20000000298023224
intersection:4, mean_episode_reward:-0.12666665017604828, mean_queue:0.5055555701255798
intersection:5, mean_episode_reward:-1.3566666841506958, mean_queue:1.2944444417953491
intersection:6, mean_episode_reward:-1.1894443035125732, mean_queue:1.2222222089767456
intersection:7, mean_episode_reward:0.20222221314907074, mean_queue:0.47777777910232544
intersection:8, mean_episode_reward:-0.0044444771483540535, mean_queue:0.7222222089767456
intersection:9, mean_episode_reward:-1.785555362701416, mean_queue:1.8833333253860474
intersection:10, mean_episode_reward:-1.7311111688613892, mean_queue:1.4722222089767456
intersection:11, mean_episode_reward:-0.3977777659893036, mean_queue:0.644444465637207
intersection:12, mean_episode_reward:0.13111115992069244, mean_queue:0.5111111402511597
intersection:13, mean_episode_reward:-0.44444435834884644, mean_queue:0.7055555582046509
intersection:14, mean_episode_reward:-0.5600001215934753, mean_queue:0.4888888895511627
intersection:15, mean_episode_reward:0.18777772784233093, mean_queue:0.07222222536802292
intersection:16, mean_episode_reward:0.013333333656191826, mean_queue:0.0
intersection:17, mean_episode_reward:0.04500000178813934, mean_queue:0.0
intersection:18, mean_episode_reward:0.12055554986000061, mean_queue:0.0
intersection:19, mean_episode_reward:0.16611109673976898, mean_queue:0.0
intersection:20, mean_episode_reward:0.12444445490837097, mean_queue:0.0
intersection:21, mean_episode_reward:0.058888886123895645, mean_queue:0.0
intersection:22, mean_episode_reward:0.10388889163732529, mean_queue:0.0
intersection:23, mean_episode_reward:0.03333333507180214, mean_queue:0.0
intersection:24, mean_episode_reward:0.0, mean_queue:0.0
intersection:25, mean_episode_reward:0.04500000178813934, mean_queue:0.0
intersection:26, mean_episode_reward:0.22888891398906708, mean_queue:0.0
intersection:27, mean_episode_reward:0.16833332180976868, mean_queue:0.0
intersection:28, mean_episode_reward:0.2149999886751175, mean_queue:0.0
intersection:29, mean_episode_reward:0.19833333790302277, mean_queue:0.0
intersection:30, mean_episode_reward:0.18777777254581451, mean_queue:0.0
intersection:31, mean_episode_reward:0.0, mean_queue:0.0
episode:99/100, train_demand:raw_data/grid4x4/od_hubs/demand_set/train_09.rou.xml
step:1800/1800, q_loss:1.3197048902511597, rewards:-5.0622229682074655, queue:0.3421875, delay:0.026559999254014758, throughput:741
episode:99/100, real avg travel time:161.8798920377868
intersection:0, mean_episode_reward:0.1600000113248825, mean_queue:0.27222222089767456
intersection:1, mean_episode_reward:0.006111113354563713, mean_queue:0.4333333373069763
intersection:2, mean_episode_reward:-0.07499998062849045, mean_queue:0.3222222328186035
intersection:3, mean_episode_reward:0.11833329498767853, mean_queue:0.16111111640930176
intersection:4, mean_episode_reward:0.13055558502674103, mean_queue:0.44999998807907104
intersection:5, mean_episode_reward:-1.6355563402175903, mean_queue:1.4444444179534912
intersection:6, mean_episode_reward:-1.24833345413208, mean_queue:1.3611111640930176
intersection:7, mean_episode_reward:-0.15666666626930237, mean_queue:0.5611110925674438
intersection:8, mean_episode_reward:-0.03722221776843071, mean_queue:0.5444444417953491
intersection:9, mean_episode_reward:-1.2249997854232788, mean_queue:1.4444444179534912
intersection:10, mean_episode_reward:-1.516111135482788, mean_queue:1.4333332777023315
intersection:11, mean_episode_reward:-0.3383333086967468, mean_queue:0.6111111044883728
intersection:12, mean_episode_reward:0.24166664481163025, mean_queue:0.35555556416511536
intersection:13, mean_episode_reward:-0.37500008940696716, mean_queue:0.7555555701255798
intersection:14, mean_episode_reward:-0.7083333730697632, mean_queue:0.6000000238418579
intersection:15, mean_episode_reward:0.07611111551523209, mean_queue:0.20000000298023224
intersection:16, mean_episode_reward:0.015555555000901222, mean_queue:0.0
intersection:17, mean_episode_reward:0.020555555820465088, mean_queue:0.0
intersection:18, mean_episode_reward:0.15611109137535095, mean_queue:0.0
intersection:19, mean_episode_reward:0.26722222566604614, mean_queue:0.0
intersection:20, mean_episode_reward:0.14666667580604553, mean_queue:0.0
intersection:21, mean_episode_reward:0.08222221583127975, mean_queue:0.0
intersection:22, mean_episode_reward:0.06222222000360489, mean_queue:0.0
intersection:23, mean_episode_reward:0.0, mean_queue:0.0
intersection:24, mean_episode_reward:0.0011111111380159855, mean_queue:0.0
intersection:25, mean_episode_reward:0.01166666578501463, mean_queue:0.0
intersection:26, mean_episode_reward:0.17999999225139618, mean_queue:0.0
intersection:27, mean_episode_reward:0.148333340883255, mean_queue:0.0
intersection:28, mean_episode_reward:0.1527777761220932, mean_queue:0.0
intersection:29, mean_episode_reward:0.1455555558204651, mean_queue:0.0
intersection:30, mean_episode_reward:0.14166665077209473, mean_queue:0.0
intersection:31, mean_episode_reward:-0.011111111380159855, mean_queue:0.0
HELDOUT episode:100/100, demand:raw_data/grid4x4/od_hubs/demand_set/hold_00.rou.xml, travel time:163.89740082079342, rewards:-5.713332112630209, queue:0.4, delay:0.02955772876739502, throughput:731
HELDOUT episode:100/100, demand:raw_data/grid4x4/od_hubs/demand_set/hold_01.rou.xml, travel time:164.25260416666666, rewards:-5.985556369357639, queue:0.41006944444444443, delay:0.031311387485928, throughput:768
HELDOUT episode:100/100, demand:raw_data/grid4x4/od_hubs/demand_set/hold_02.rou.xml, travel time:162.05333333333334, rewards:-5.805556911892361, queue:0.3765625, delay:0.02818889617919922, throughput:750
HELDOUT_MEAN episode:100/100, travel time:163.40111277359782 (n=3)
Total time taken: 1638.5369899272919
