step:3600/3600, q_loss:0, rewards:-9.581667073567708, queue:6.192274305555555, delay:0.06189080874125163, throughput:1432
episode:0/200, real avg travel time:253.28631284916202
intersection:0, mean_episode_reward:-1.4513887166976929, mean_queue:11.630555152893066
intersection:1, mean_episode_reward:-0.9408330917358398, mean_queue:11.741666793823242
intersection:2, mean_episode_reward:-0.4572223126888275, mean_queue:11.699999809265137
intersection:3, mean_episode_reward:-1.7508329153060913, mean_queue:11.105555534362793
intersection:4, mean_episode_reward:-0.4563888609409332, mean_queue:11.86388874053955
intersection:5, mean_episode_reward:0.07138895988464355, mean_queue:11.144444465637207
intersection:6, mean_episode_reward:0.13333337008953094, mean_queue:11.38611125946045
intersection:7, mean_episode_reward:-0.5536109805107117, mean_queue:11.030555725097656
intersection:8, mean_episode_reward:-1.095000147819519, mean_queue:11.949999809265137
intersection:9, mean_episode_reward:-0.8477780818939209, mean_queue:11.952777862548828
intersection:10, mean_episode_reward:0.4524999260902405, mean_queue:11.88611125946045
intersection:11, mean_episode_reward:-0.17777785658836365, mean_queue:11.51111125946045
intersection:12, mean_episode_reward:-1.03000009059906, mean_queue:11.397222518920898
intersection:13, mean_episode_reward:-1.4033337831497192, mean_queue:11.933333396911621
intersection:14, mean_episode_reward:-0.8308332562446594, mean_queue:11.838889122009277
intersection:15, mean_episode_reward:-1.327222228050232, mean_queue:11.41944408416748
intersection:16, mean_episode_reward:0.05333331972360611, mean_queue:0.7749999761581421
intersection:17, mean_episode_reward:0.10055553913116455, mean_queue:0.7777777910232544
intersection:18, mean_episode_reward:0.1019444391131401, mean_queue:0.7888888716697693
intersection:19, mean_episode_reward:0.21555554866790771, mean_queue:0.8166666626930237
intersection:20, mean_episode_reward:0.20027773082256317, mean_queue:0.7527777552604675
intersection:21, mean_episode_reward:0.19833338260650635, mean_queue:0.8138889074325562
intersection:22, mean_episode_reward:0.0647222101688385, mean_queue:0.7888888716697693
intersection:23, mean_episode_reward:0.0072222184389829636, mean_queue:0.7805555462837219
intersection:24, mean_episode_reward:0.18277786672115326, mean_queue:0.7749999761581421
intersection:25, mean_episode_reward:0.0972222313284874, mean_queue:0.7749999761581421
intersection:26, mean_episode_reward:0.13277778029441833, mean_queue:0.75
intersection:27, mean_episode_reward:0.23138883709907532, mean_queue:0.769444465637207
intersection:28, mean_episode_reward:0.17472214996814728, mean_queue:0.7833333611488342
intersection:29, mean_episode_reward:0.11916673183441162, mean_queue:0.8333333134651184
intersection:30, mean_episode_reward:0.12944439053535461, mean_queue:0.8722222447395325
intersection:31, mean_episode_reward:0.0738888829946518, mean_queue:0.8083333373069763
Test step:0/200, travel time :691.8518518518518, rewards:-203.78446180555557, queue:17.459635416666668, delay:0.14370287789238823, throughput:540
step:3600/3600, q_loss:0, rewards:-10.036109754774305, queue:6.239756944444444, delay:0.06298954221937392, throughput:1427
episode:1/200, real avg travel time:257.0665732305536
intersection:0, mean_episode_reward:-1.3633333444595337, mean_queue:11.649999618530273
intersection:1, mean_episode_reward:-0.10972214490175247, mean_queue:11.38611125946045
intersection:2, mean_episode_reward:-1.3602783679962158, mean_queue:12.541666984558105
intersection:3, mean_episode_reward:-1.5566658973693848, mean_queue:10.983333587646484
intersection:4, mean_episode_reward:-0.9805558919906616, mean_queue:12.052778244018555
intersection:5, mean_episode_reward:-0.7136115431785583, mean_queue:11.602777481079102
intersection:6, mean_episode_reward:0.34861114621162415, mean_queue:11.522222518920898
intersection:7, mean_episode_reward:-0.9472218155860901, mean_queue:11.73611068725586
intersection:8, mean_episode_reward:-0.43972235918045044, mean_queue:11.48611068725586
intersection:9, mean_episode_reward:-0.3408333361148834, mean_queue:12.158333778381348
intersection:10, mean_episode_reward:-0.7511110901832581, mean_queue:12.166666984558105
intersection:11, mean_episode_reward:-0.2569444179534912, mean_queue:11.383333206176758
intersection:12, mean_episode_reward:-1.836388111114502, mean_queue:12.191666603088379
intersection:13, mean_episode_reward:-0.27749985456466675, mean_queue:11.725000381469727
intersection:14, mean_episode_reward:-0.17222227156162262, mean_queue:11.100000381469727
intersection:15, mean_episode_reward:-1.5911098718643188, mean_queue:11.324999809265137
intersection:16, mean_episode_reward:0.04666666314005852, mean_queue:0.7749999761581421
intersection:17, mean_episode_reward:0.1133333221077919, mean_queue:0.7777777910232544
intersection:18, mean_episode_reward:0.11083333939313889, mean_queue:0.7888888716697693
intersection:19, mean_episode_reward:0.2361111342906952, mean_queue:0.8166666626930237
intersection:20, mean_episode_reward:0.32138893008232117, mean_queue:0.7527777552604675
intersection:21, mean_episode_reward:0.21972224116325378, mean_queue:0.8138889074325562
intersection:22, mean_episode_reward:0.057500001043081284, mean_queue:0.7888888716697693
intersection:23, mean_episode_reward:-0.0027777780778706074, mean_queue:0.7805555462837219
intersection:24, mean_episode_reward:0.18527784943580627, mean_queue:0.7749999761581421
intersection:25, mean_episode_reward:0.09638889878988266, mean_queue:0.7749999761581421
intersection:26, mean_episode_reward:0.1719444841146469, mean_queue:0.75
intersection:27, mean_episode_reward:0.20138882100582123, mean_queue:0.769444465637207
intersection:28, mean_episode_reward:0.18583327531814575, mean_queue:0.7833333611488342
intersection:29, mean_episode_reward:0.1275000274181366, mean_queue:0.8333333134651184
intersection:30, mean_episode_reward:0.1613888442516327, mean_queue:0.8722222447395325
intersection:31, mean_episode_reward:0.08000000566244125, mean_queue:0.8083333373069763
Test step:1/200, travel time :691.8518518518518, rewards:-203.78446180555557, queue:17.459635416666668, delay:0.14370287789238823, throughput:540
step:3600/3600, q_loss:1.109173059463501, rewards:-12.084722222222222, queue:6.397048611111111, delay:0.07103687392340766, throughput:1389
episode:2/200, real avg travel time:264.3599712023038
intersection:0, mean_episode_reward:-1.3061110973358154, mean_queue:11.730555534362793
intersection:1, mean_episode_reward:-0.824444591999054, mean_queue:12.019444465637207
intersection:2, mean_episode_reward:-1.1566665172576904, mean_queue:12.574999809265137
intersection:3, mean_episode_reward:-1.4280552864074707, mean_queue:11.452777862548828
intersection:4, mean_episode_reward:-0.8669440150260925, mean_queue:12.494444847106934
intersection:5, mean_episode_reward:-0.46027788519859314, mean_queue:11.577777862548828
intersection:6, mean_episode_reward:0.26194438338279724, mean_queue:11.852777481079102
intersection:7, mean_episode_reward:-1.7877780199050903, mean_queue:12.144444465637207
intersection:8, mean_episode_reward:0.44111114740371704, mean_queue:11.641666412353516
intersection:9, mean_episode_reward:0.09222224354743958, mean_queue:11.641666412353516
intersection:10, mean_episode_reward:-0.3525000810623169, mean_queue:12.283333778381348
intersection:11, mean_episode_reward:-0.6474999189376831, mean_queue:11.727777481079102
intersection:12, mean_episode_reward:-2.5213890075683594, mean_queue:12.727777481079102
intersection:13, mean_episode_reward:-1.248333215713501, mean_queue:12.394444465637207
intersection:14, mean_episode_reward:-1.5905556678771973, mean_queue:12.041666984558105
intersection:15, mean_episode_reward:-1.2813889980316162, mean_queue:11.73888874053955
intersection:16, mean_episode_reward:0.02250000834465027, mean_queue:0.7749999761581421
intersection:17, mean_episode_reward:0.09888888150453568, mean_queue:0.7777777910232544
intersection:18, mean_episode_reward:0.0716666653752327, mean_queue:0.7888888716697693
intersection:19, mean_episode_reward:0.1761111319065094, mean_queue:0.8166666626930237
intersection:20, mean_episode_reward:0.36888888478279114, mean_queue:0.7527777552604675
intersection:21, mean_episode_reward:0.21861107647418976, mean_queue:0.8138889074325562
intersection:22, mean_episode_reward:0.09972216188907623, mean_queue:0.7888888716697693
intersection:23, mean_episode_reward:-0.0016666651936247945, mean_queue:0.7805555462837219
intersection:24, mean_episode_reward:0.21916677057743073, mean_queue:0.7749999761581421
intersection:25, mean_episode_reward:0.19499999284744263, mean_queue:0.7749999761581421
intersection:26, mean_episode_reward:0.22805556654930115, mean_queue:0.75
intersection:27, mean_episode_reward:0.25583329796791077, mean_queue:0.769444465637207
intersection:28, mean_episode_reward:0.19249996542930603, mean_queue:0.7833333611488342
intersection:29, mean_episode_reward:0.21166670322418213, mean_queue:0.8333333134651184
intersection:30, mean_episode_reward:0.15694443881511688, mean_queue:0.8722222447395325
intersection:31, mean_episode_reward:0.07805555313825607, mean_queue:0.8083333373069763
Test step:2/200, travel time :665.3296089385475, rewards:-146.63721788194445, queue:17.243663194444444, delay:0.14901453653971355, throughput:537
step:3600/3600, q_loss:2.031099796295166, rewards:-29.248060438368057, queue:10.139322916666666, delay:0.12201182047526042, throughput:1280
episode:3/200, real avg travel time:562.8625
intersection:0, mean_episode_reward:-2.8902783393859863, mean_queue:22.133333206176758
intersection:1, mean_episode_reward:-10.425280570983887, mean_queue:24.886110305786133
intersection:2, mean_episode_reward:-3.3763883113861084, mean_queue:24.024999618530273
intersection:3, mean_episode_reward:-6.326113700866699, mean_queue:22.508333206176758
intersection:4, mean_episode_reward:0.641111433506012, mean_queue:19.683332443237305
intersection:5, mean_episode_reward:3.945556640625, mean_queue:18.544445037841797
intersection:6, mean_episode_reward:-2.031111717224121, mean_queue:24.53611183166504
intersection:7, mean_episode_reward:0.7394439578056335, mean_queue:15.908333778381348
intersection:8, mean_episode_reward:-3.486665964126587, mean_queue:16.505556106567383
intersection:9, mean_episode_reward:0.19305530190467834, mean_queue:14.891666412353516
intersection:10, mean_episode_reward:-2.0299997329711914, mean_queue:17.77777862548828
intersection:11, mean_episode_reward:0.9044444561004639, mean_queue:13.350000381469727
intersection:12, mean_episode_reward:-8.663335800170898, mean_queue:23.127777099609375
intersection:13, mean_episode_reward:-4.869165420532227, mean_queue:20.511110305786133
intersection:14, mean_episode_reward:-1.1386109590530396, mean_queue:16.530555725097656
intersection:15, mean_episode_reward:-4.891665935516357, mean_queue:16.877777099609375
intersection:16, mean_episode_reward:0.31805557012557983, mean_queue:0.7749999761581421
intersection:17, mean_episode_reward:0.9152781367301941, mean_queue:0.7777777910232544
intersection:18, mean_episode_reward:0.0719444528222084, mean_queue:0.7888888716697693
intersection:19, mean_episode_reward:0.9475007057189941, mean_queue:0.8166666626930237
intersection:20, mean_episode_reward:0.909444272518158, mean_queue:0.7527777552604675
intersection:21, mean_episode_reward:1.461389183998108, mean_queue:0.8138889074325562
intersection:22, mean_episode_reward:0.43222227692604065, mean_queue:0.7888888716697693
intersection:23, mean_episode_reward:0.19777770340442657, mean_queue:0.7805555462837219
intersection:24, mean_episode_reward:0.5549999475479126, mean_queue:0.7749999761581421
intersection:25, mean_episode_reward:0.7199998497962952, mean_queue:0.7749999761581421
intersection:26, mean_episode_reward:3.5958333015441895, mean_queue:0.75
intersection:27, mean_episode_reward:1.9575002193450928, mean_queue:0.769444465637207
intersection:28, mean_episode_reward:0.516389012336731, mean_queue:0.7833333611488342
intersection:29, mean_episode_reward:0.7133331298828125, mean_queue:0.8333333134651184
intersection:30, mean_episode_reward:0.8191668391227722, mean_queue:0.8722222447395325
intersection:31, mean_episode_reward:0.3261111378669739, mean_queue:0.8083333373069763
Test step:3/200, travel time :598.666149068323, rewards:-119.41945529513889, queue:15.87734375, delay:0.14376270506117078, throughput:644
step:3600/3600, q_loss:5.837906360626221, rewards:-16.844449869791667, queue:8.0921875, delay:0.10652940538194444, throughput:1356
episode:4/200, real avg travel time:410.21165191740414
intersection:0, mean_episode_reward:-1.0936113595962524, mean_queue:12.619444847106934
intersection:1, mean_episode_reward:-3.06000018119812, mean_queue:16.469444274902344
intersection:2, mean_episode_reward:-1.1888887882232666, mean_queue:14.822221755981445
intersection:3, mean_episode_reward:-3.7386131286621094, mean_queue:13.247221946716309
intersection:4, mean_episode_reward:-9.687500953674316, mean_queue:21.96666717529297
intersection:5, mean_episode_reward:2.6166675090789795, mean_queue:11.350000381469727
intersection:6, mean_episode_reward:-0.887499988079071, mean_queue:12.961111068725586
intersection:7, mean_episode_reward:-4.173889636993408, mean_queue:14.647222518920898
intersection:8, mean_episode_reward:-3.54805850982666, mean_queue:24.038888931274414
intersection:9, mean_episode_reward:2.107499122619629, mean_queue:15.69444465637207
intersection:10, mean_episode_reward:0.13888901472091675, mean_queue:13.061111450195312
intersection:11, mean_episode_reward:0.9350001811981201, mean_queue:12.83055591583252
intersection:12, mean_episode_reward:-1.0394445657730103, mean_queue:17.741666793823242
intersection:13, mean_episode_reward:-2.91805362701416, mean_queue:18.086111068725586
intersection:14, mean_episode_reward:1.9366668462753296, mean_queue:11.927778244018555
intersection:15, mean_episode_reward:-4.926390171051025, mean_queue:14.824999809265137
intersection:16, mean_episode_reward:0.16777774691581726, mean_queue:0.7749999761581421
intersection:17, mean_episode_reward:0.8313891887664795, mean_queue:0.7777777910232544
intersection:18, mean_episode_reward:0.5466666221618652, mean_queue:0.7888888716697693
intersection:19, mean_episode_reward:1.2302778959274292, mean_queue:0.8166666626930237
intersection:20, mean_episode_reward:0.7458333969116211, mean_queue:0.7527777552604675
intersection:21, mean_episode_reward:0.47694435715675354, mean_queue:0.8138889074325562
intersection:22, mean_episode_reward:0.36722245812416077, mean_queue:0.7888888716697693
intersection:23, mean_episode_reward:0.017499983310699463, mean_queue:0.7805555462837219
intersection:24, mean_episode_reward:0.4061111509799957, mean_queue:0.7749999761581421
intersection:25, mean_episode_reward:0.17194445431232452, mean_queue:0.7749999761581421
intersection:26, mean_episode_reward:0.5761110782623291, mean_queue:0.75
intersection:27, mean_episode_reward:0.7688893675804138, mean_queue:0.769444465637207
intersection:28, mean_episode_reward:1.512222409248352, mean_queue:0.7833333611488342
intersection:29, mean_episode_reward:2.341944932937622, mean_queue:0.8333333134651184
intersection:30, mean_episode_reward:1.374166488647461, mean_queue:0.8722222447395325
intersection:31, mean_episode_reward:0.14777769148349762, mean_queue:0.8083333373069763
Test step:4/200, travel time :408.6663516068053, rewards:-47.309429253472224, queue:10.80876736111111, delay:0.11760726504855686, throughput:1058
step:3600/3600, q_loss:7.905071258544922, rewards:-14.621112738715278, queue:8.416840277777778, delay:0.10545917087131076, throughput:1304
episode:5/200, real avg travel time:396.3542944785276
intersection:0, mean_episode_reward:0.5936110615730286, mean_queue:15.547222137451172
intersection:1, mean_episode_reward:-9.96694278717041, mean_queue:24.797222137451172
intersection:2, mean_episode_reward:2.0708329677581787, mean_queue:16.52777862548828
intersection:3, mean_episode_reward:-6.061110973358154, mean_queue:18.413888931274414
intersection:4, mean_episode_reward:-2.1666667461395264, mean_queue:21.677778244018555
intersection:5, mean_episode_reward:3.058332920074463, mean_queue:19.844444274902344
intersection:6, mean_episode_reward:0.015833400189876556, mean_queue:17.108333587646484
intersection:7, mean_episode_reward:-0.2941665053367615, mean_queue:12.26111125946045
intersection:8, mean_episode_reward:-8.441390991210938, mean_queue:19.78333282470703
intersection:9, mean_episode_reward:1.268611192703247, mean_queue:11.527777671813965
intersection:10, mean_episode_reward:1.0499999523162842, mean_queue:11.725000381469727
intersection:11, mean_episode_reward:-0.79805588722229, mean_queue:12.872221946716309
intersection:12, mean_episode_reward:1.719722867012024, mean_queue:13.186111450195312
intersection:13, mean_episode_reward:-2.6133346557617188, mean_queue:14.95555591583252
intersection:14, mean_episode_reward:-0.8480556011199951, mean_queue:13.45555591583252
intersection:15, mean_episode_reward:-2.281111478805542, mean_queue:12.994444847106934
intersection:16, mean_episode_reward:0.2724999785423279, mean_queue:0.7749999761581421
intersection:17, mean_episode_reward:0.8872225284576416, mean_queue:0.7777777910232544
intersection:18, mean_episode_reward:0.2655555009841919, mean_queue:0.7888888716697693
intersection:19, mean_episode_reward:0.3819443881511688, mean_queue:0.8166666626930237
intersection:20, mean_episode_reward:0.23305562138557434, mean_queue:0.7527777552604675
intersection:21, mean_episode_reward:0.7774999141693115, mean_queue:0.8138889074325562
intersection:22, mean_episode_reward:0.44472235441207886, mean_queue:0.7888888716697693
intersection:23, mean_episode_reward:0.025555534288287163, mean_queue:0.7805555462837219
intersection:24, mean_episode_reward:0.9238889217376709, mean_queue:0.7749999761581421
intersection:25, mean_episode_reward:0.4116666615009308, mean_queue:0.7749999761581421
intersection:26, mean_episode_reward:1.0055559873580933, mean_queue:0.75
intersection:27, mean_episode_reward:0.31027764081954956, mean_queue:0.769444465637207
intersection:28, mean_episode_reward:1.4055556058883667, mean_queue:0.7833333611488342
intersection:29, mean_episode_reward:0.207777738571167, mean_queue:0.8333333134651184
intersection:30, mean_episode_reward:1.299999713897705, mean_queue:0.8722222447395325
intersection:31, mean_episode_reward:0.21999996900558472, mean_queue:0.8083333373069763
Test step:5/200, travel time :419.59574468085106, rewards:-34.339990234375, queue:12.298958333333333, delay:0.1277242766486274, throughput:893
step:3600/3600, q_loss:8.377528190612793, rewards:-9.681106906467013, queue:7.566319444444445, delay:0.09212519327799479, throughput:1362
episode:6/200, real avg travel time:347.27826725403816
intersection:0, mean_episode_reward:-1.3372224569320679, mean_queue:13.18055534362793
intersection:1, mean_episode_reward:-2.9286108016967773, mean_queue:13.336111068725586
intersection:2, mean_episode_reward:2.5847225189208984, mean_queue:13.76388931274414
intersection:3, mean_episode_reward:-2.7683322429656982, mean_queue:13.552778244018555
intersection:4, mean_episode_reward:0.22277787327766418, mean_queue:13.891666412353516
intersection:5, mean_episode_reward:12.444168090820312, mean_queue:14.808333396911621
intersection:6, mean_episode_reward:-19.491666793823242, mean_queue:34.47222137451172
intersection:7, mean_episode_reward:1.4683334827423096, mean_queue:11.536110877990723
intersection:8, mean_episode_reward:-0.6819443106651306, mean_queue:11.341666221618652
intersection:9, mean_episode_reward:-1.25083327293396, mean_queue:12.605555534362793
intersection:10, mean_episode_reward:0.8844443559646606, mean_queue:13.79444408416748
intersection:11, mean_episode_reward:0.24055542051792145, mean_queue:11.51388931274414
intersection:12, mean_episode_reward:-2.362499713897705, mean_queue:12.600000381469727
intersection:13, mean_episode_reward:-0.5252773761749268, mean_queue:13.338889122009277
intersection:14, mean_episode_reward:1.4838887453079224, mean_queue:12.01111125946045
intersection:15, mean_episode_reward:-3.5652778148651123, mean_queue:13.713889122009277
intersection:16, mean_episode_reward:0.31805557012557983, mean_queue:0.7749999761581421
intersection:17, mean_episode_reward:0.13138891756534576, mean_queue:0.7777777910232544
intersection:18, mean_episode_reward:0.15805555880069733, mean_queue:0.7888888716697693
intersection:19, mean_episode_reward:0.157777801156044, mean_queue:0.8166666626930237
intersection:20, mean_episode_reward:0.17055544257164001, mean_queue:0.7527777552604675
intersection:21, mean_episode_reward:0.11083333939313889, mean_queue:0.8138889074325562
intersection:22, mean_episode_reward:0.35277774930000305, mean_queue:0.7888888716697693
intersection:23, mean_episode_reward:0.01972220279276371, mean_queue:0.7805555462837219
intersection:24, mean_episode_reward:0.9638890027999878, mean_queue:0.7749999761581421
intersection:25, mean_episode_reward:0.6191664934158325, mean_queue:0.7749999761581421
intersection:26, mean_episode_reward:0.25361114740371704, mean_queue:0.75
intersection:27, mean_episode_reward:0.34249985218048096, mean_queue:0.769444465637207
intersection:28, mean_episode_reward:0.5555555820465088, mean_queue:0.7833333611488342
intersection:29, mean_episode_reward:0.2819444537162781, mean_queue:0.8333333134651184
intersection:30, mean_episode_reward:0.645833432674408, mean_queue:0.8722222447395325
intersection:31, mean_episode_reward:0.8199999332427979, mean_queue:0.8083333373069763
Test step:6/200, travel time :263.69458128078816, rewards:-8.910276285807292, queue:6.243489583333333, delay:0.07537691858079698, throughput:1421
step:3600/3600, q_loss:8.242134094238281, rewards:-8.381663004557291, queue:6.321614583333333, delay:0.07337687810262045, throughput:1427
episode:7/200, real avg travel time:270.11212333566925
intersection:0, mean_episode_reward:-0.824444055557251, mean_queue:11.283333778381348
intersection:1, mean_episode_reward:-0.43861088156700134, mean_queue:11.574999809265137
intersection:2, mean_episode_reward:-1.0316662788391113, mean_queue:13.23888874053955
intersection:3, mean_episode_reward:-1.4141671657562256, mean_queue:11.88888931274414
intersection:4, mean_episode_reward:0.29666656255722046, mean_queue:12.141666412353516
intersection:5, mean_episode_reward:-3.9583308696746826, mean_queue:14.791666984558105
intersection:6, mean_episode_reward:0.9088885188102722, mean_queue:11.766666412353516
intersection:7, mean_episode_reward:-0.7822222113609314, mean_queue:10.983333587646484
intersection:8, mean_episode_reward:-1.1652780771255493, mean_queue:11.244444847106934
intersection:9, mean_episode_reward:0.46222245693206787, mean_queue:11.186111450195312
intersection:10, mean_episode_reward:0.1380554884672165, mean_queue:11.41944408416748
intersection:11, mean_episode_reward:-0.3924999237060547, mean_queue:11.11388874053955
intersection:12, mean_episode_reward:-2.0769436359405518, mean_queue:11.783333778381348
intersection:13, mean_episode_reward:0.04222220182418823, mean_queue:11.166666984558105
intersection:14, mean_episode_reward:-0.7388889789581299, mean_queue:11.538888931274414
intersection:15, mean_episode_reward:-2.77555513381958, mean_queue:12.508333206176758
intersection:16, mean_episode_reward:0.28999999165534973, mean_queue:0.7749999761581421
intersection:17, mean_episode_reward:0.16055557131767273, mean_queue:0.7777777910232544
intersection:18, mean_episode_reward:0.20194441080093384, mean_queue:0.7888888716697693
intersection:19, mean_episode_reward:0.21166670322418213, mean_queue:0.8166666626930237
intersection:20, mean_episode_reward:0.16916657984256744, mean_queue:0.7527777552604675
intersection:21, mean_episode_reward:0.46111124753952026, mean_queue:0.8138889074325562
intersection:22, mean_episode_reward:0.39833343029022217, mean_queue:0.7888888716697693
intersection:23, mean_episode_reward:0.006388887297362089, mean_queue:0.7805555462837219
intersection:24, mean_episode_reward:0.9452776312828064, mean_queue:0.7749999761581421
intersection:25, mean_episode_reward:0.35277774930000305, mean_queue:0.7749999761581421
intersection:26, mean_episode_reward:0.20138895511627197, mean_queue:0.75
intersection:27, mean_episode_reward:0.46916669607162476, mean_queue:0.769444465637207
intersection:28, mean_episode_reward:0.7311112284660339, mean_queue:0.7833333611488342
intersection:29, mean_episode_reward:0.2683333456516266, mean_queue:0.8333333134651184
intersection:30, mean_episode_reward:0.33750006556510925, mean_queue:0.8722222447395325
intersection:31, mean_episode_reward:0.164166659116745, mean_queue:0.8083333373069763
Test step:7/200, travel time :317.9904181184669, rewards:-26.518318684895835, queue:8.790538194444444, delay:0.09414376152886285, throughput:1148
step:3600/3600, q_loss:7.0829548835754395, rewards:-10.173055013020834, queue:6.363975694444444, delay:0.07473807864718968, throughput:1429
episode:8/200, real avg travel time:273.80195941217636
intersection:0, mean_episode_reward:-0.6855560541152954, mean_queue:11.052778244018555
intersection:1, mean_episode_reward:-1.0816667079925537, mean_queue:10.975000381469727
intersection:2, mean_episode_reward:-1.1300005912780762, mean_queue:12.813888549804688
intersection:3, mean_episode_reward:-1.3058332204818726, mean_queue:11.19444465637207
intersection:4, mean_episode_reward:2.140554666519165, mean_queue:13.652777671813965
intersection:5, mean_episode_reward:0.10833326727151871, mean_queue:11.336111068725586
intersection:6, mean_episode_reward:0.3969443738460541, mean_queue:11.927778244018555
intersection:7, mean_episode_reward:-0.412777841091156, mean_queue:10.791666984558105
intersection:8, mean_episode_reward:-6.359165668487549, mean_queue:16.95833396911621
intersection:9, mean_episode_reward:-0.24083341658115387, mean_queue:11.116666793823242
intersection:10, mean_episode_reward:0.06555552035570145, mean_queue:11.225000381469727
intersection:11, mean_episode_reward:-0.7469446063041687, mean_queue:10.855555534362793
intersection:12, mean_episode_reward:-2.2136104106903076, mean_queue:11.719444274902344
intersection:13, mean_episode_reward:-0.5794445276260376, mean_queue:11.116666793823242
intersection:14, mean_episode_reward:-0.6772222518920898, mean_queue:11.494444847106934
intersection:15, mean_episode_reward:-2.8530564308166504, mean_queue:12.755555152893066
intersection:16, mean_episode_reward:0.12861108779907227, mean_queue:0.7749999761581421
intersection:17, mean_episode_reward:0.7752782106399536, mean_queue:0.7777777910232544
intersection:18, mean_episode_reward:0.14972224831581116, mean_queue:0.7888888716697693
intersection:19, mean_episode_reward:0.15666668117046356, mean_queue:0.8166666626930237
intersection:20, mean_episode_reward:0.3422222435474396, mean_queue:0.7527777552604675
intersection:21, mean_episode_reward:0.3277778923511505, mean_queue:0.8138889074325562
intersection:22, mean_episode_reward:0.4480556547641754, mean_queue:0.7888888716697693
intersection:23, mean_episode_reward:0.017777761444449425, mean_queue:0.7805555462837219
intersection:24, mean_episode_reward:0.89166659116745, mean_queue:0.7749999761581421
intersection:25, mean_episode_reward:0.4322223365306854, mean_queue:0.7749999761581421
intersection:26, mean_episode_reward:0.18583336472511292, mean_queue:0.75
intersection:27, mean_episode_reward:0.4908334016799927, mean_queue:0.769444465637207
intersection:28, mean_episode_reward:0.16944439709186554, mean_queue:0.7833333611488342
intersection:29, mean_episode_reward:0.166666641831398, mean_queue:0.8333333134651184
intersection:30, mean_episode_reward:0.2794445753097534, mean_queue:0.8722222447395325
intersection:31, mean_episode_reward:0.43944457173347473, mean_queue:0.8083333373069763
Test step:8/200, travel time :301.373484236055, rewards:-26.561954752604166, queue:8.093315972222221, delay:0.08798886934916178, throughput:1237
step:3600/3600, q_loss:6.361515522003174, rewards:-7.6288872612847225, queue:6.110763888888889, delay:0.0725248760647244, throughput:1432
episode:9/200, real avg travel time:253.86522346368716
intersection:0, mean_episode_reward:-0.7522222995758057, mean_queue:10.816666603088379
intersection:1, mean_episode_reward:-0.8255555033683777, mean_queue:11.01111125946045
intersection:2, mean_episode_reward:-1.7572216987609863, mean_queue:12.516666412353516
intersection:3, mean_episode_reward:-1.8122217655181885, mean_queue:11.274999618530273
intersection:4, mean_episode_reward:-0.8827773332595825, mean_queue:12.594444274902344
intersection:5, mean_episode_reward:0.8886111974716187, mean_queue:11.116666793823242
intersection:6, mean_episode_reward:0.4936109185218811, mean_queue:12.227777481079102
intersection:7, mean_episode_reward:-0.3705555498600006, mean_queue:10.98611068725586
intersection:8, mean_episode_reward:-1.9358330965042114, mean_queue:12.51111125946045
intersection:9, mean_episode_reward:0.21000012755393982, mean_queue:10.833333015441895
intersection:10, mean_episode_reward:0.02361108735203743, mean_queue:11.252778053283691
intersection:11, mean_episode_reward:-0.4938887655735016, mean_queue:10.933333396911621
intersection:12, mean_episode_reward:-1.1788889169692993, mean_queue:11.447221755981445
intersection:13, mean_episode_reward:-0.6441667079925537, mean_queue:10.80555534362793
intersection:14, mean_episode_reward:-0.7213891744613647, mean_queue:11.133333206176758
intersection:15, mean_episode_reward:-1.3799999952316284, mean_queue:11.422222137451172
intersection:16, mean_episode_reward:0.0922221913933754, mean_queue:0.7749999761581421
intersection:17, mean_episode_reward:0.563055694103241, mean_queue:0.7777777910232544
intersection:18, mean_episode_reward:0.03666667267680168, mean_queue:0.7888888716697693
intersection:19, mean_episode_reward:0.2458333522081375, mean_queue:0.8166666626930237
intersection:20, mean_episode_reward:0.20750004053115845, mean_queue:0.7527777552604675
intersection:21, mean_episode_reward:0.25472232699394226, mean_queue:0.8138889074325562
intersection:22, mean_episode_reward:0.5330557227134705, mean_queue:0.7888888716697693
intersection:23, mean_episode_reward:0.0080555509775877, mean_queue:0.7805555462837219
intersection:24, mean_episode_reward:0.24138900637626648, mean_queue:0.7749999761581421
intersection:25, mean_episode_reward:0.24750001728534698, mean_queue:0.7749999761581421
intersection:26, mean_episode_reward:0.14944444596767426, mean_queue:0.75
intersection:27, mean_episode_reward:0.17388884723186493, mean_queue:0.769444465637207
intersection:28, mean_episode_reward:0.12666666507720947, mean_queue:0.7833333611488342
intersection:29, mean_episode_reward:0.16805556416511536, mean_queue:0.8333333134651184
intersection:30, mean_episode_reward:0.23138900101184845, mean_queue:0.8722222447395325
intersection:31, mean_episode_reward:0.23055554926395416, mean_queue:0.8083333373069763
Test step:9/200, travel time :315.8651515151515, rewards:-18.215836588541666, queue:7.477864583333333, delay:0.08307438956366645, throughput:1320
step:3600/3600, q_loss:5.781667709350586, rewards:-7.44666748046875, queue:6.0621527777777775, delay:0.06808395385742187, throughput:1435
episode:10/200, real avg travel time:247.07595818815332
intersection:0, mean_episode_reward:-1.1558332443237305, mean_queue:10.833333015441895
intersection:1, mean_episode_reward:-0.8669446110725403, mean_queue:10.911110877990723
intersection:2, mean_episode_reward:-0.7088887691497803, mean_queue:11.591666221618652
intersection:3, mean_episode_reward:-0.94805508852005, mean_queue:10.427778244018555
intersection:4, mean_episode_reward:-0.80194491147995, mean_queue:11.791666984558105
intersection:5, mean_episode_reward:-0.1641666442155838, mean_queue:11.316666603088379
intersection:6, mean_episode_reward:0.29333338141441345, mean_queue:12.277777671813965
intersection:7, mean_episode_reward:-1.3402777910232544, mean_queue:11.661110877990723
intersection:8, mean_episode_reward:-0.6486111283302307, mean_queue:11.51388931274414
intersection:9, mean_episode_reward:0.04527774825692177, mean_queue:10.952777862548828
intersection:10, mean_episode_reward:-0.011110999621450901, mean_queue:11.197221755981445
intersection:11, mean_episode_reward:-0.11722215265035629, mean_queue:10.980555534362793
intersection:12, mean_episode_reward:-1.0916668176651, mean_queue:11.175000190734863
intersection:13, mean_episode_reward:-0.9208335280418396, mean_queue:11.036110877990723
intersection:14, mean_episode_reward:-2.127223253250122, mean_queue:12.13611125946045
intersection:15, mean_episode_reward:-0.6352778673171997, mean_queue:11.524999618530273
intersection:16, mean_episode_reward:0.06277775019407272, mean_queue:0.7749999761581421
intersection:17, mean_episode_reward:0.5294445753097534, mean_queue:0.7777777910232544
intersection:18, mean_episode_reward:0.07694444805383682, mean_queue:0.7888888716697693
intersection:19, mean_episode_reward:0.19388891756534576, mean_queue:0.8166666626930237
intersection:20, mean_episode_reward:0.2950000464916229, mean_queue:0.7527777552604675
intersection:21, mean_episode_reward:0.4238888919353485, mean_queue:0.8138889074325562
intersection:22, mean_episode_reward:0.43055567145347595, mean_queue:0.7888888716697693
intersection:23, mean_episode_reward:0.0416666641831398, mean_queue:0.7805555462837219
intersection:24, mean_episode_reward:0.1413889229297638, mean_queue:0.7749999761581421
intersection:25, mean_episode_reward:0.3077777028083801, mean_queue:0.7749999761581421
intersection:26, mean_episode_reward:0.16416668891906738, mean_queue:0.75
intersection:27, mean_episode_reward:0.18972215056419373, mean_queue:0.769444465637207
intersection:28, mean_episode_reward:0.17722222208976746, mean_queue:0.7833333611488342
intersection:29, mean_episode_reward:0.10111112892627716, mean_queue:0.8333333134651184
intersection:30, mean_episode_reward:0.32833343744277954, mean_queue:0.8722222447395325
intersection:31, mean_episode_reward:0.28888896107673645, mean_queue:0.8083333373069763
Test step:10/200, travel time :270.7749825296995, rewards:-7.425276692708334, queue:6.33984375, delay:0.0699484560224745, throughput:1431
step:3600/3600, q_loss:5.161784648895264, rewards:-7.645553927951389, queue:5.991753472222222, delay:0.06448819372389052, throughput:1438
episode:11/200, real avg travel time:239.00834492350486
intersection:0, mean_episode_reward:-1.2322217226028442, mean_queue:10.927778244018555
intersection:1, mean_episode_reward:0.16638891398906708, mean_queue:10.702777862548828
intersection:2, mean_episode_reward:-0.5211111903190613, mean_queue:11.41944408416748
intersection:3, mean_episode_reward:-1.3533332347869873, mean_queue:10.55555534362793
intersection:4, mean_episode_reward:-1.1361109018325806, mean_queue:11.949999809265137
intersection:5, mean_episode_reward:-0.8708332777023315, mean_queue:11.663888931274414
intersection:6, mean_episode_reward:0.8650006055831909, mean_queue:11.550000190734863
intersection:7, mean_episode_reward:-1.4774996042251587, mean_queue:11.5
intersection:8, mean_episode_reward:-0.7905562520027161, mean_queue:11.452777862548828
intersection:9, mean_episode_reward:0.4544444680213928, mean_queue:10.86111068725586
intersection:10, mean_episode_reward:0.2808334529399872, mean_queue:11.255555152893066
intersection:11, mean_episode_reward:-0.2719443738460541, mean_queue:10.791666984558105
intersection:12, mean_episode_reward:-1.6652780771255493, mean_queue:11.26111125946045
intersection:13, mean_episode_reward:-0.679444432258606, mean_queue:10.688888549804688
intersection:14, mean_episode_reward:-0.9722220301628113, mean_queue:11.30555534362793
intersection:15, mean_episode_reward:-1.4927778244018555, mean_queue:11.188888549804688
intersection:16, mean_episode_reward:0.143333300948143, mean_queue:0.7749999761581421
intersection:17, mean_episode_reward:0.29861101508140564, mean_queue:0.7777777910232544
intersection:18, mean_episode_reward:0.046388890594244, mean_queue:0.7888888716697693
intersection:19, mean_episode_reward:0.23083330690860748, mean_queue:0.8166666626930237
intersection:20, mean_episode_reward:0.2822222113609314, mean_queue:0.7527777552604675
intersection:21, mean_episode_reward:0.2969445288181305, mean_queue:0.8138889074325562
intersection:22, mean_episode_reward:0.37083354592323303, mean_queue:0.7888888716697693
intersection:23, mean_episode_reward:0.021666646003723145, mean_queue:0.7805555462837219
intersection:24, mean_episode_reward:0.1322222501039505, mean_queue:0.7749999761581421
intersection:25, mean_episode_reward:0.1608332395553589, mean_queue:0.7749999761581421
intersection:26, mean_episode_reward:0.25722217559814453, mean_queue:0.75
intersection:27, mean_episode_reward:0.15333330631256104, mean_queue:0.769444465637207
intersection:28, mean_episode_reward:0.12777778506278992, mean_queue:0.7833333611488342
intersection:29, mean_episode_reward:0.13055557012557983, mean_queue:0.8333333134651184
intersection:30, mean_episode_reward:0.2394445687532425, mean_queue:0.8722222447395325
intersection:31, mean_episode_reward:0.15888887643814087, mean_queue:0.8083333373069763
Test step:11/200, travel time :246.4323570432357, rewards:-7.920833333333333, queue:6.080729166666667, delay:0.0650851567586263, throughput:1434
step:3600/3600, q_loss:4.59914493560791, rewards:-7.23055419921875, queue:5.939670138888889, delay:0.061856847339206274, throughput:1434
episode:12/200, real avg travel time:233.3744769874477
intersection:0, mean_episode_reward:-1.0436111688613892, mean_queue:10.822221755981445
intersection:1, mean_episode_reward:-0.48750001192092896, mean_queue:10.66944408416748
intersection:2, mean_episode_reward:-1.133055329322815, mean_queue:11.683333396911621
intersection:3, mean_episode_reward:-0.8741663694381714, mean_queue:10.522222518920898
intersection:4, mean_episode_reward:-0.9463882446289062, mean_queue:11.313888549804688
intersection:5, mean_episode_reward:-0.1566666215658188, mean_queue:10.797222137451172
intersection:6, mean_episode_reward:0.6069443821907043, mean_queue:11.152777671813965
intersection:7, mean_episode_reward:-1.4936106204986572, mean_queue:11.266666412353516
intersection:8, mean_episode_reward:-0.7111111879348755, mean_queue:11.322221755981445
intersection:9, mean_episode_reward:0.2691667079925537, mean_queue:11.116666793823242
intersection:10, mean_episode_reward:-0.6638887524604797, mean_queue:11.869444847106934
intersection:11, mean_episode_reward:-0.028611106798052788, mean_queue:10.958333015441895
intersection:12, mean_episode_reward:-1.3044441938400269, mean_queue:11.061111450195312
intersection:13, mean_episode_reward:-0.616666853427887, mean_queue:10.66944408416748
intersection:14, mean_episode_reward:-0.98722243309021, mean_queue:11.161110877990723
intersection:15, mean_episode_reward:-0.9438890218734741, mean_queue:11.022222518920898
intersection:16, mean_episode_reward:0.14527776837348938, mean_queue:0.7749999761581421
intersection:17, mean_episode_reward:0.2502777576446533, mean_queue:0.7777777910232544
intersection:18, mean_episode_reward:0.078888900578022, mean_queue:0.7888888716697693
intersection:19, mean_episode_reward:0.2338888794183731, mean_queue:0.8166666626930237
intersection:20, mean_episode_reward:0.1936110407114029, mean_queue:0.7527777552604675
intersection:21, mean_episode_reward:0.2800000011920929, mean_queue:0.8138889074325562
intersection:22, mean_episode_reward:0.42027783393859863, mean_queue:0.7888888716697693
intersection:23, mean_episode_reward:0.011111095547676086, mean_queue:0.7805555462837219
intersection:24, mean_episode_reward:0.1347222626209259, mean_queue:0.7749999761581421
intersection:25, mean_episode_reward:0.25999993085861206, mean_queue:0.7749999761581421
intersection:26, mean_episode_reward:0.20638896524906158, mean_queue:0.75
intersection:27, mean_episode_reward:0.23472219705581665, mean_queue:0.769444465637207
intersection:28, mean_episode_reward:0.34916654229164124, mean_queue:0.7833333611488342
intersection:29, mean_episode_reward:0.1202777847647667, mean_queue:0.8333333134651184
intersection:30, mean_episode_reward:0.2902778387069702, mean_queue:0.8722222447395325
intersection:31, mean_episode_reward:0.07527779042720795, mean_queue:0.8083333373069763
Test step:12/200, travel time :241.7357695010541, rewards:-7.411667209201389, queue:6.046788194444445, delay:0.06321202913920085, throughput:1423
step:3600/3600, q_loss:4.390086650848389, rewards:-7.045834011501736, queue:5.880815972222222, delay:0.06001855532328288, throughput:1431
episode:13/200, real avg travel time:227.99231306778478
intersection:0, mean_episode_reward:-1.1366665363311768, mean_queue:10.938888549804688
intersection:1, mean_episode_reward:-0.08500000834465027, mean_queue:10.447221755981445
intersection:2, mean_episode_reward:-0.6861110329627991, mean_queue:11.225000381469727
intersection:3, mean_episode_reward:-1.020555853843689, mean_queue:10.277777671813965
intersection:4, mean_episode_reward:-0.6561111807823181, mean_queue:11.277777671813965
intersection:5, mean_episode_reward:-0.33138883113861084, mean_queue:10.816666603088379
intersection:6, mean_episode_reward:0.3038889467716217, mean_queue:10.869444847106934
intersection:7, mean_episode_reward:-0.9686112999916077, mean_queue:10.722222328186035
intersection:8, mean_episode_reward:-0.08666675537824631, mean_queue:11.186111450195312
intersection:9, mean_episode_reward:0.06472224742174149, mean_queue:10.880555152893066
intersection:10, mean_episode_reward:-0.22277778387069702, mean_queue:11.308333396911621
intersection:11, mean_episode_reward:0.058888912200927734, mean_queue:10.70555591583252
intersection:12, mean_episode_reward:-2.113889455795288, mean_queue:11.902777671813965
intersection:13, mean_episode_reward:-0.6380555629730225, mean_queue:10.824999809265137
intersection:14, mean_episode_reward:-0.8655555844306946, mean_queue:11.072221755981445
intersection:15, mean_episode_reward:-1.6050001382827759, mean_queue:11.06944465637207
intersection:16, mean_episode_reward:0.05833331122994423, mean_queue:0.7749999761581421
intersection:17, mean_episode_reward:0.2688888907432556, mean_queue:0.7777777910232544
intersection:18, mean_episode_reward:0.07055556029081345, mean_queue:0.7888888716697693
intersection:19, mean_episode_reward:0.1902778148651123, mean_queue:0.8166666626930237
intersection:20, mean_episode_reward:0.18138881027698517, mean_queue:0.7527777552604675
intersection:21, mean_episode_reward:0.16611112654209137, mean_queue:0.8138889074325562
intersection:22, mean_episode_reward:0.335833340883255, mean_queue:0.7888888716697693
intersection:23, mean_episode_reward:0.04027777910232544, mean_queue:0.7805555462837219
intersection:24, mean_episode_reward:0.13166669011116028, mean_queue:0.7749999761581421
intersection:25, mean_episode_reward:0.30472230911254883, mean_queue:0.7749999761581421
intersection:26, mean_episode_reward:0.39777788519859314, mean_queue:0.75
intersection:27, mean_episode_reward:0.18222220242023468, mean_queue:0.769444465637207
intersection:28, mean_episode_reward:0.17749996483325958, mean_queue:0.7833333611488342
intersection:29, mean_episode_reward:0.11083336919546127, mean_queue:0.8333333134651184
intersection:30, mean_episode_reward:0.22194451093673706, mean_queue:0.8722222447395325
intersection:31, mean_episode_reward:0.10472220182418823, mean_queue:0.8083333373069763
Test step:13/200, travel time :242.0965034965035, rewards:-7.585835774739583, queue:6.060329861111111, delay:0.06355209350585937, throughput:1430
step:3600/3600, q_loss:4.2681498527526855, rewards:-7.006388346354167, queue:5.895138888888889, delay:0.06105717023213705, throughput:1440
episode:14/200, real avg travel time:228.97986111111112
intersection:0, mean_episode_reward:-1.1297218799591064, mean_queue:10.86388874053955
intersection:1, mean_episode_reward:0.11583327502012253, mean_queue:10.538888931274414
intersection:2, mean_episode_reward:-0.9133334755897522, mean_queue:11.43055534362793
intersection:3, mean_episode_reward:-1.2816665172576904, mean_queue:10.449999809265137
intersection:4, mean_episode_reward:-0.9361115097999573, mean_queue:11.897222518920898
intersection:5, mean_episode_reward:-0.788611114025116, mean_queue:11.20555591583252
intersection:6, mean_episode_reward:0.09166669845581055, mean_queue:11.399999618530273
intersection:7, mean_episode_reward:-0.6261110901832581, mean_queue:10.577777862548828
intersection:8, mean_episode_reward:-0.8002780675888062, mean_queue:11.274999618530273
intersection:9, mean_episode_reward:0.43916672468185425, mean_queue:10.663888931274414
intersection:10, mean_episode_reward:-0.5422223210334778, mean_queue:11.427778244018555
intersection:11, mean_episode_reward:-0.5611111521720886, mean_queue:10.797222137451172
intersection:12, mean_episode_reward:-1.4136114120483398, mean_queue:11.097222328186035
intersection:13, mean_episode_reward:-0.735277533531189, mean_queue:10.941666603088379
intersection:14, mean_episode_reward:-0.44055548310279846, mean_queue:10.697221755981445
intersection:15, mean_episode_reward:-1.2405552864074707, mean_queue:10.719444274902344
intersection:16, mean_episode_reward:0.13305555284023285, mean_queue:0.7749999761581421
intersection:17, mean_episode_reward:0.6863888502120972, mean_queue:0.7777777910232544
intersection:18, mean_episode_reward:0.061388883739709854, mean_queue:0.7888888716697693
intersection:19, mean_episode_reward:0.20027786493301392, mean_queue:0.8166666626930237
intersection:20, mean_episode_reward:0.12249992042779922, mean_queue:0.7527777552604675
intersection:21, mean_episode_reward:0.2622222900390625, mean_queue:0.8138889074325562
intersection:22, mean_episode_reward:0.29722219705581665, mean_queue:0.7888888716697693
intersection:23, mean_episode_reward:0.03277777135372162, mean_queue:0.7805555462837219
intersection:24, mean_episode_reward:0.14416667819023132, mean_queue:0.7749999761581421
intersection:25, mean_episode_reward:0.42111116647720337, mean_queue:0.7749999761581421
intersection:26, mean_episode_reward:0.3447222113609314, mean_queue:0.75
intersection:27, mean_episode_reward:0.2541665732860565, mean_queue:0.769444465637207
intersection:28, mean_episode_reward:0.16444438695907593, mean_queue:0.7833333611488342
intersection:29, mean_episode_reward:0.136388897895813, mean_queue:0.8333333134651184
intersection:30, mean_episode_reward:0.366666704416275, mean_queue:0.8722222447395325
intersection:31, mean_episode_reward:0.12861111760139465, mean_queue:0.8083333373069763
Test step:14/200, travel time :238.12937062937064, rewards:-7.266668023003472, queue:6.051649305555555, delay:0.06476271947224935, throughput:1430
step:3600/3600, q_loss:4.127060890197754, rewards:-7.380000813802083, queue:5.872222222222222, delay:0.05901254018147786, throughput:1436
episode:15/200, real avg travel time:226.46378830083566
intersection:0, mean_episode_reward:-1.1172223091125488, mean_queue:10.838889122009277
intersection:1, mean_episode_reward:-0.31944435834884644, mean_queue:10.780555725097656
intersection:2, mean_episode_reward:-1.6438883543014526, mean_queue:12.125
intersection:3, mean_episode_reward:-1.041110634803772, mean_queue:10.308333396911621
intersection:4, mean_episode_reward:-1.3472224473953247, mean_queue:11.980555534362793
intersection:5, mean_episode_reward:-0.5625000596046448, mean_queue:10.875
intersection:6, mean_episode_reward:0.4319443106651306, mean_queue:11.022222518920898
intersection:7, mean_episode_reward:-0.6024999618530273, mean_queue:10.433333396911621
intersection:8, mean_episode_reward:-0.5336109399795532, mean_queue:10.797222137451172
intersection:9, mean_episode_reward:0.24499990046024323, mean_queue:10.70555591583252
intersection:10, mean_episode_reward:-0.21000003814697266, mean_queue:11.08055591583252
intersection:11, mean_episode_reward:-0.7752777934074402, mean_queue:10.813888549804688
intersection:12, mean_episode_reward:-1.4155558347702026, mean_queue:11.061111450195312
intersection:13, mean_episode_reward:-0.41027772426605225, mean_queue:10.699999809265137
intersection:14, mean_episode_reward:-0.7030554413795471, mean_queue:10.94444465637207
intersection:15, mean_episode_reward:-1.011667251586914, mean_queue:10.783333778381348
intersection:16, mean_episode_reward:0.05805552750825882, mean_queue:0.7749999761581421
intersection:17, mean_episode_reward:0.6786110997200012, mean_queue:0.7777777910232544
intersection:18, mean_episode_reward:0.044722218066453934, mean_queue:0.7888888716697693
intersection:19, mean_episode_reward:0.17027780413627625, mean_queue:0.8166666626930237
intersection:20, mean_episode_reward:0.13888876140117645, mean_queue:0.7527777552604675
intersection:21, mean_episode_reward:0.4441666901111603, mean_queue:0.8138889074325562
intersection:22, mean_episode_reward:0.44805559515953064, mean_queue:0.7888888716697693
intersection:23, mean_episode_reward:0.011944422498345375, mean_queue:0.7805555462837219
intersection:24, mean_episode_reward:0.2261110097169876, mean_queue:0.7749999761581421
intersection:25, mean_episode_reward:0.17805549502372742, mean_queue:0.7749999761581421
intersection:26, mean_episode_reward:0.20555557310581207, mean_queue:0.75
intersection:27, mean_episode_reward:0.21722206473350525, mean_queue:0.769444465637207
intersection:28, mean_episode_reward:0.2119443118572235, mean_queue:0.7833333611488342
intersection:29, mean_episode_reward:0.20055566728115082, mean_queue:0.8333333134651184
intersection:30, mean_episode_reward:0.27055561542510986, mean_queue:0.8722222447395325
intersection:31, mean_episode_reward:0.1316666603088379, mean_queue:0.8083333373069763
Test step:15/200, travel time :231.61130495464062, rewards:-7.052221001519097, queue:5.914496527777778, delay:0.06177051862080892, throughput:1433
step:3600/3600, q_loss:3.9943673610687256, rewards:-6.778333875868055, queue:5.850173611111111, delay:0.05886804792616102, throughput:1435
episode:16/200, real avg travel time:224.62717770034843
intersection:0, mean_episode_reward:-1.5436112880706787, mean_queue:11.161110877990723
intersection:1, mean_episode_reward:0.17583321034908295, mean_queue:10.56944465637207
intersection:2, mean_episode_reward:-0.8075003027915955, mean_queue:11.561111450195312
intersection:3, mean_episode_reward:-1.1788889169692993, mean_queue:10.31944465637207
intersection:4, mean_episode_reward:-1.0680558681488037, mean_queue:11.441666603088379
intersection:5, mean_episode_reward:-0.5819443464279175, mean_queue:11.002778053283691
intersection:6, mean_episode_reward:0.5016666650772095, mean_queue:10.994444847106934
intersection:7, mean_episode_reward:-0.7008334398269653, mean_queue:10.586111068725586
intersection:8, mean_episode_reward:-0.6827777028083801, mean_queue:10.872221946716309
intersection:9, mean_episode_reward:0.26916661858558655, mean_queue:10.744444847106934
intersection:10, mean_episode_reward:-0.0016667579766362906, mean_queue:11.116666793823242
intersection:11, mean_episode_reward:-0.40638890862464905, mean_queue:10.66944408416748
intersection:12, mean_episode_reward:-1.3252779245376587, mean_queue:11.002778053283691
intersection:13, mean_episode_reward:-0.8436112999916077, mean_queue:10.947221755981445
intersection:14, mean_episode_reward:-0.8305555582046509, mean_queue:10.86388874053955
intersection:15, mean_episode_reward:-1.2352774143218994, mean_queue:10.691666603088379
intersection:16, mean_episode_reward:0.05444442480802536, mean_queue:0.7749999761581421
intersection:17, mean_episode_reward:0.43638885021209717, mean_queue:0.7777777910232544
intersection:18, mean_episode_reward:0.06444444507360458, mean_queue:0.7888888716697693
intersection:19, mean_episode_reward:0.17527779936790466, mean_queue:0.8166666626930237
intersection:20, mean_episode_reward:0.13277767598628998, mean_queue:0.7527777552604675
intersection:21, mean_episode_reward:0.14555557072162628, mean_queue:0.8138889074325562
intersection:22, mean_episode_reward:0.36861130595207214, mean_queue:0.7888888716697693
intersection:23, mean_episode_reward:0.038055550307035446, mean_queue:0.7805555462837219
intersection:24, mean_episode_reward:0.366666704416275, mean_queue:0.7749999761581421
intersection:25, mean_episode_reward:0.5077779293060303, mean_queue:0.7749999761581421
intersection:26, mean_episode_reward:0.25916656851768494, mean_queue:0.75
intersection:27, mean_episode_reward:0.17611108720302582, mean_queue:0.769444465637207
intersection:28, mean_episode_reward:0.19777770340442657, mean_queue:0.7833333611488342
intersection:29, mean_episode_reward:0.13583333790302277, mean_queue:0.8333333134651184
intersection:30, mean_episode_reward:0.3016666769981384, mean_queue:0.8722222447395325
intersection:31, mean_episode_reward:0.12083332240581512, mean_queue:0.8083333373069763
Test step:16/200, travel time :226.12918994413408, rewards:-6.714166259765625, queue:5.914149305555555, delay:0.06162654028998481, throughput:1432
step:3600/3600, q_loss:3.6572699546813965, rewards:-6.748333740234375, queue:5.853559027777778, delay:0.059744209713406035, throughput:1440
episode:17/200, real avg travel time:224.17152777777778
intersection:0, mean_episode_reward:-1.1911115646362305, mean_queue:11.04444408416748
intersection:1, mean_episode_reward:0.21361105144023895, mean_queue:10.774999618530273
intersection:2, mean_episode_reward:-0.6508334279060364, mean_queue:11.308333396911621
intersection:3, mean_episode_reward:-0.8052781820297241, mean_queue:10.324999809265137
intersection:4, mean_episode_reward:-0.8472221493721008, mean_queue:11.219444274902344
intersection:5, mean_episode_reward:-0.5566666126251221, mean_queue:11.158333778381348
intersection:6, mean_episode_reward:-0.04555555433034897, mean_queue:11.252778053283691
intersection:7, mean_episode_reward:-0.7069445252418518, mean_queue:10.558333396911621
intersection:8, mean_episode_reward:-0.33333340287208557, mean_queue:10.802778244018555
intersection:9, mean_episode_reward:0.03416670113801956, mean_queue:10.73611068725586
intersection:10, mean_episode_reward:-0.02583332546055317, mean_queue:11.147222518920898
intersection:11, mean_episode_reward:-0.62416672706604, mean_queue:10.963889122009277
intersection:12, mean_episode_reward:-1.2188886404037476, mean_queue:10.880555152893066
intersection:13, mean_episode_reward:-0.5066666007041931, mean_queue:10.733333587646484
intersection:14, mean_episode_reward:-0.7644442915916443, mean_queue:11.047222137451172
intersection:15, mean_episode_reward:-1.4380552768707275, mean_queue:10.699999809265137
intersection:16, mean_episode_reward:0.10666663944721222, mean_queue:0.7749999761581421
intersection:17, mean_episode_reward:0.12916666269302368, mean_queue:0.7777777910232544
intersection:18, mean_episode_reward:0.05666667968034744, mean_queue:0.7888888716697693
intersection:19, mean_episode_reward:0.18916666507720947, mean_queue:0.8166666626930237
intersection:20, mean_episode_reward:0.13305547833442688, mean_queue:0.7527777552604675
intersection:21, mean_episode_reward:0.14527778327465057, mean_queue:0.8138889074325562
intersection:22, mean_episode_reward:0.29833337664604187, mean_queue:0.7888888716697693
intersection:23, mean_episode_reward:0.046111106872558594, mean_queue:0.7805555462837219
intersection:24, mean_episode_reward:0.24444454908370972, mean_queue:0.7749999761581421
intersection:25, mean_episode_reward:0.2822222113609314, mean_queue:0.7749999761581421
intersection:26, mean_episode_reward:0.2474999576807022, mean_queue:0.75
intersection:27, mean_episode_reward:0.22027768194675446, mean_queue:0.769444465637207
intersection:28, mean_episode_reward:0.16944442689418793, mean_queue:0.7833333611488342
intersection:29, mean_episode_reward:0.11194446682929993, mean_queue:0.8333333134651184
intersection:30, mean_episode_reward:0.2458333969116211, mean_queue:0.8722222447395325
intersection:31, mean_episode_reward:0.09277775883674622, mean_queue:0.8083333373069763
Test step:17/200, travel time :233.61635220125785, rewards:-7.085833062065972, queue:5.998697916666667, delay:0.06299136479695638, throughput:1431
step:3600/3600, q_loss:2.84769868850708, rewards:-6.6022216796875, queue:5.870659722222222, delay:0.058730930752224395, throughput:1437
episode:18/200, real avg travel time:225.42449547668755
intersection:0, mean_episode_reward:-1.4377774000167847, mean_queue:11.155555725097656
intersection:1, mean_episode_reward:0.14916661381721497, mean_queue:10.716666221618652
intersection:2, mean_episode_reward:-0.6480556130409241, mean_queue:11.491666793823242
intersection:3, mean_episode_reward:-0.9647223353385925, mean_queue:10.708333015441895
intersection:4, mean_episode_reward:-0.8930551409721375, mean_queue:11.469444274902344
intersection:5, mean_episode_reward:-0.7508333921432495, mean_queue:11.391666412353516
intersection:6, mean_episode_reward:0.34638890624046326, mean_queue:11.06944465637207
intersection:7, mean_episode_reward:-0.8805557489395142, mean_queue:10.536110877990723
intersection:8, mean_episode_reward:-0.10194449871778488, mean_queue:10.70555591583252
intersection:9, mean_episode_reward:0.1502777636051178, mean_queue:10.616666793823242
intersection:10, mean_episode_reward:-0.366388738155365, mean_queue:11.347222328186035
intersection:11, mean_episode_reward:0.12472216039896011, mean_queue:10.652777671813965
intersection:12, mean_episode_reward:-1.5727776288986206, mean_queue:11.230555534362793
intersection:13, mean_episode_reward:-0.0994444340467453, mean_queue:10.616666793823242
intersection:14, mean_episode_reward:-0.6877777576446533, mean_queue:10.655555725097656
intersection:15, mean_episode_reward:-1.3633328676223755, mean_queue:10.836111068725586
intersection:16, mean_episode_reward:0.060555532574653625, mean_queue:0.7749999761581421
intersection:17, mean_episode_reward:0.11416666954755783, mean_queue:0.7777777910232544
intersection:18, mean_episode_reward:0.055555567145347595, mean_queue:0.7888888716697693
intersection:19, mean_episode_reward:0.17583337426185608, mean_queue:0.8166666626930237
intersection:20, mean_episode_reward:0.19222214818000793, mean_queue:0.7527777552604675
intersection:21, mean_episode_reward:0.16472221910953522, mean_queue:0.8138889074325562
intersection:22, mean_episode_reward:0.10277768969535828, mean_queue:0.7888888716697693
intersection:23, mean_episode_reward:0.009999992325901985, mean_queue:0.7805555462837219
intersection:24, mean_episode_reward:0.23277783393859863, mean_queue:0.7749999761581421
intersection:25, mean_episode_reward:0.25527775287628174, mean_queue:0.7749999761581421
intersection:26, mean_episode_reward:0.19111116230487823, mean_queue:0.75
intersection:27, mean_episode_reward:0.1549999713897705, mean_queue:0.769444465637207
intersection:28, mean_episode_reward:0.32472217082977295, mean_queue:0.7833333611488342
intersection:29, mean_episode_reward:0.12861116230487823, mean_queue:0.8333333134651184
intersection:30, mean_episode_reward:0.1613888293504715, mean_queue:0.8722222447395325
intersection:31, mean_episode_reward:0.06916666775941849, mean_queue:0.8083333373069763
Test step:18/200, travel time :224.95340751043116, rewards:-6.370831976996528, queue:5.8597222222222225, delay:0.05921050177680121, throughput:1438
step:3600/3600, q_loss:2.2370595932006836, rewards:-6.526388210720486, queue:5.828385416666666, delay:0.057291513019137916, throughput:1439
episode:19/200, real avg travel time:221.45795691452398
intersection:0, mean_episode_reward:-1.3011109828948975, mean_queue:10.98888874053955
intersection:1, mean_episode_reward:-0.3050001561641693, mean_queue:10.56944465637207
intersection:2, mean_episode_reward:-0.7347221374511719, mean_queue:11.255555152893066
intersection:3, mean_episode_reward:-0.7533332109451294, mean_queue:10.19444465637207
intersection:4, mean_episode_reward:-1.139999508857727, mean_queue:11.69444465637207
intersection:5, mean_episode_reward:-0.0786110907793045, mean_queue:10.808333396911621
intersection:6, mean_episode_reward:0.42583325505256653, mean_queue:10.891666412353516
intersection:7, mean_episode_reward:-0.8977774977684021, mean_queue:10.608333587646484
intersection:8, mean_episode_reward:-0.4511113464832306, mean_queue:10.855555534362793
intersection:9, mean_episode_reward:0.15194453299045563, mean_queue:10.647222518920898
intersection:10, mean_episode_reward:0.13361111283302307, mean_queue:11.327777862548828
intersection:11, mean_episode_reward:-0.015555519610643387, mean_queue:10.574999809265137
intersection:12, mean_episode_reward:-1.2855556011199951, mean_queue:10.913888931274414
intersection:13, mean_episode_reward:-0.30000007152557373, mean_queue:10.588889122009277
intersection:14, mean_episode_reward:-1.3891661167144775, mean_queue:11.308333396911621
intersection:15, mean_episode_reward:-1.186111330986023, mean_queue:10.619444847106934
intersection:16, mean_episode_reward:0.17277775704860687, mean_queue:0.7749999761581421
intersection:17, mean_episode_reward:0.28527775406837463, mean_queue:0.7777777910232544
intersection:18, mean_episode_reward:0.07277777791023254, mean_queue:0.7888888716697693
intersection:19, mean_episode_reward:0.16611115634441376, mean_queue:0.8166666626930237
intersection:20, mean_episode_reward:0.1472221165895462, mean_queue:0.7527777552604675
intersection:21, mean_episode_reward:0.159722238779068, mean_queue:0.8138889074325562
intersection:22, mean_episode_reward:0.083333320915699, mean_queue:0.7888888716697693
intersection:23, mean_episode_reward:0.0005555579555220902, mean_queue:0.7805555462837219
intersection:24, mean_episode_reward:0.25055548548698425, mean_queue:0.7749999761581421
intersection:25, mean_episode_reward:0.3138889670372009, mean_queue:0.7749999761581421
intersection:26, mean_episode_reward:0.15444444119930267, mean_queue:0.75
intersection:27, mean_episode_reward:0.1594444215297699, mean_queue:0.769444465637207
intersection:28, mean_episode_reward:0.2047221064567566, mean_queue:0.7833333611488342
intersection:29, mean_episode_reward:0.12694448232650757, mean_queue:0.8333333134651184
intersection:30, mean_episode_reward:0.16666662693023682, mean_queue:0.8722222447395325
intersection:31, mean_episode_reward:0.13583332300186157, mean_queue:0.8083333373069763
Test step:19/200, travel time :221.014553014553, rewards:-6.620555284288194, queue:5.813975694444444, delay:0.05925174289279514, throughput:1443
step:3600/3600, q_loss:1.610796570777893, rewards:-6.663612196180556, queue:5.870225694444445, delay:0.05937565697564019, throughput:1437
episode:20/200, real avg travel time:226.5045233124565
intersection:0, mean_episode_reward:-1.5169448852539062, mean_queue:11.16944408416748
intersection:1, mean_episode_reward:-0.4705555737018585, mean_queue:10.56944465637207
intersection:2, mean_episode_reward:-0.8177781105041504, mean_queue:11.38888931274414
intersection:3, mean_episode_reward:-0.7955557703971863, mean_queue:10.380555152893066
intersection:4, mean_episode_reward:-0.23999983072280884, mean_queue:11.30555534362793
intersection:5, mean_episode_reward:-1.3775001764297485, mean_queue:12.0
intersection:6, mean_episode_reward:0.6261110901832581, mean_queue:10.855555534362793
intersection:7, mean_episode_reward:-0.870278000831604, mean_queue:10.61111068725586
intersection:8, mean_episode_reward:-0.7558334469795227, mean_queue:11.077777862548828
intersection:9, mean_episode_reward:0.6683334112167358, mean_queue:10.622221946716309
intersection:10, mean_episode_reward:-0.19138891994953156, mean_queue:11.149999618530273
intersection:11, mean_episode_reward:-0.06666667014360428, mean_queue:10.88611125946045
intersection:12, mean_episode_reward:-0.9472216963768005, mean_queue:10.88888931274414
intersection:13, mean_episode_reward:-0.6716665625572205, mean_queue:10.652777671813965
intersection:14, mean_episode_reward:-0.5086109042167664, mean_queue:10.538888931274414
intersection:15, mean_episode_reward:-1.3197230100631714, mean_queue:11.088889122009277
intersection:16, mean_episode_reward:0.15555553138256073, mean_queue:0.7749999761581421
intersection:17, mean_episode_reward:0.1963888555765152, mean_queue:0.7777777910232544
intersection:18, mean_episode_reward:0.09694443643093109, mean_queue:0.7888888716697693
intersection:19, mean_episode_reward:0.17055557668209076, mean_queue:0.8166666626930237
intersection:20, mean_episode_reward:0.2636110484600067, mean_queue:0.7527777552604675
intersection:21, mean_episode_reward:0.17722223699092865, mean_queue:0.8138889074325562
intersection:22, mean_episode_reward:0.22472232580184937, mean_queue:0.7888888716697693
intersection:23, mean_episode_reward:0.006388887297362089, mean_queue:0.7805555462837219
intersection:24, mean_episode_reward:0.21750004589557648, mean_queue:0.7749999761581421
intersection:25, mean_episode_reward:0.22527776658535004, mean_queue:0.7749999761581421
intersection:26, mean_episode_reward:0.12833333015441895, mean_queue:0.75
intersection:27, mean_episode_reward:0.16222219169139862, mean_queue:0.769444465637207
intersection:28, mean_episode_reward:0.16999994218349457, mean_queue:0.7833333611488342
intersection:29, mean_episode_reward:0.1550000011920929, mean_queue:0.8333333134651184
intersection:30, mean_episode_reward:0.1572222113609314, mean_queue:0.8722222447395325
intersection:31, mean_episode_reward:0.08472224324941635, mean_queue:0.8083333373069763
Test step:20/200, travel time :226.79108635097492, rewards:-6.561665852864583, queue:5.874739583333334, delay:0.06000005933973524, throughput:1436
step:3600/3600, q_loss:1.1960361003875732, rewards:-6.542222086588541, queue:5.845833333333333, delay:0.05792836083306207, throughput:1441
episode:21/200, real avg travel time:223.2241498959056
intersection:0, mean_episode_reward:-1.2077776193618774, mean_queue:10.991666793823242
intersection:1, mean_episode_reward:-0.2627778649330139, mean_queue:10.652777671813965
intersection:2, mean_episode_reward:-0.9505553245544434, mean_queue:11.574999809265137
intersection:3, mean_episode_reward:-0.6205556392669678, mean_queue:10.26388931274414
intersection:4, mean_episode_reward:-0.7163887619972229, mean_queue:11.324999809265137
intersection:5, mean_episode_reward:-0.7719441056251526, mean_queue:11.219444274902344
intersection:6, mean_episode_reward:0.3647223114967346, mean_queue:10.824999809265137
intersection:7, mean_episode_reward:-0.845277726650238, mean_queue:10.530555725097656
intersection:8, mean_episode_reward:-0.24555562436580658, mean_queue:10.894444465637207
intersection:9, mean_episode_reward:0.3819442391395569, mean_queue:10.711111068725586
intersection:10, mean_episode_reward:-0.7999998331069946, mean_queue:11.605555534362793
intersection:11, mean_episode_reward:0.1736110895872116, mean_queue:10.649999618530273
intersection:12, mean_episode_reward:-1.0427777767181396, mean_queue:10.88611125946045
intersection:13, mean_episode_reward:-0.9033337831497192, mean_queue:10.79444408416748
intersection:14, mean_episode_reward:-0.49555546045303345, mean_queue:10.683333396911621
intersection:15, mean_episode_reward:-0.8430560827255249, mean_queue:10.797222137451172
intersection:16, mean_episode_reward:0.05138886719942093, mean_queue:0.7749999761581421
intersection:17, mean_episode_reward:0.1527778059244156, mean_queue:0.7777777910232544
intersection:18, mean_episode_reward:0.07027778029441833, mean_queue:0.7888888716697693
intersection:19, mean_episode_reward:0.14944447576999664, mean_queue:0.8166666626930237
intersection:20, mean_episode_reward:0.16888880729675293, mean_queue:0.7527777552604675
intersection:21, mean_episode_reward:0.18444442749023438, mean_queue:0.8138889074325562
intersection:22, mean_episode_reward:0.2136112004518509, mean_queue:0.7888888716697693
intersection:23, mean_episode_reward:0.013055536895990372, mean_queue:0.7805555462837219
intersection:24, mean_episode_reward:0.18777786195278168, mean_queue:0.7749999761581421
intersection:25, mean_episode_reward:0.13138887286186218, mean_queue:0.7749999761581421
intersection:26, mean_episode_reward:0.14638890326023102, mean_queue:0.75
intersection:27, mean_episode_reward:0.16777774691581726, mean_queue:0.769444465637207
intersection:28, mean_episode_reward:0.1936110556125641, mean_queue:0.7833333611488342
intersection:29, mean_episode_reward:0.17555557191371918, mean_queue:0.8333333134651184
intersection:30, mean_episode_reward:0.15805552899837494, mean_queue:0.8722222447395325
intersection:31, mean_episode_reward:0.0786111056804657, mean_queue:0.8083333373069763
Test step:21/200, travel time :219.23905489923558, rewards:-6.655833604600694, queue:5.804947916666666, delay:0.056999291314019096, throughput:1439
step:3600/3600, q_loss:1.0706284046173096, rewards:-6.441944715711806, queue:5.800173611111111, delay:0.055868138207329644, throughput:1441
episode:22/200, real avg travel time:218.28521859819568
intersection:0, mean_episode_reward:-1.107499599456787, mean_queue:11.066666603088379
intersection:1, mean_episode_reward:-0.3936113715171814, mean_queue:10.497221946716309
intersection:2, mean_episode_reward:-0.8224995136260986, mean_queue:11.366666793823242
intersection:3, mean_episode_reward:-0.7716666460037231, mean_queue:10.18055534362793
intersection:4, mean_episode_reward:-0.5747223496437073, mean_queue:11.416666984558105
intersection:5, mean_episode_reward:-0.4672221839427948, mean_queue:10.847222328186035
intersection:6, mean_episode_reward:0.20500002801418304, mean_queue:11.038888931274414
intersection:7, mean_episode_reward:-0.8858336806297302, mean_queue:10.502778053283691
intersection:8, mean_episode_reward:-0.12527793645858765, mean_queue:10.702777862548828
intersection:9, mean_episode_reward:0.09666667878627777, mean_queue:10.583333015441895
intersection:10, mean_episode_reward:-0.18833330273628235, mean_queue:11.155555725097656
intersection:11, mean_episode_reward:-0.3077780306339264, mean_queue:10.627778053283691
intersection:12, mean_episode_reward:-1.3891667127609253, mean_queue:11.086111068725586
intersection:13, mean_episode_reward:-0.6077778339385986, mean_queue:10.61388874053955
intersection:14, mean_episode_reward:-0.45305556058883667, mean_queue:10.536110877990723
intersection:15, mean_episode_reward:-1.0474998950958252, mean_queue:10.722222328186035
intersection:16, mean_episode_reward:0.050555527210235596, mean_queue:0.7749999761581421
intersection:17, mean_episode_reward:0.1763889193534851, mean_queue:0.7777777910232544
intersection:18, mean_episode_reward:0.08222222328186035, mean_queue:0.7888888716697693
intersection:19, mean_episode_reward:0.1391666978597641, mean_queue:0.8166666626930237
intersection:20, mean_episode_reward:0.2438889890909195, mean_queue:0.7527777552604675
intersection:21, mean_episode_reward:0.15638889372348785, mean_queue:0.8138889074325562
intersection:22, mean_episode_reward:0.2072223275899887, mean_queue:0.7888888716697693
intersection:23, mean_episode_reward:0.008611109107732773, mean_queue:0.7805555462837219
intersection:24, mean_episode_reward:0.16416668891906738, mean_queue:0.7749999761581421
intersection:25, mean_episode_reward:0.1547221541404724, mean_queue:0.7749999761581421
intersection:26, mean_episode_reward:0.23083339631557465, mean_queue:0.75
intersection:27, mean_episode_reward:0.17944444715976715, mean_queue:0.769444465637207
intersection:28, mean_episode_reward:0.22638873755931854, mean_queue:0.7833333611488342
intersection:29, mean_episode_reward:0.17249999940395355, mean_queue:0.8333333134651184
intersection:30, mean_episode_reward:0.12749996781349182, mean_queue:0.8722222447395325
intersection:31, mean_episode_reward:0.07833333313465118, mean_queue:0.8083333373069763
Test step:22/200, travel time :217.58431644691186, rewards:-6.575832790798611, queue:5.787847222222222, delay:0.05495530234442817, throughput:1441
step:3600/3600, q_loss:1.0064877271652222, rewards:-6.98861083984375, queue:5.870572916666666, delay:0.058865218692355684, throughput:1437
episode:23/200, real avg travel time:226.1224773834377
intersection:0, mean_episode_reward:-0.9361108541488647, mean_queue:11.038888931274414
intersection:1, mean_episode_reward:-0.4205555319786072, mean_queue:10.51111125946045
intersection:2, mean_episode_reward:-0.7772218585014343, mean_queue:11.208333015441895
intersection:3, mean_episode_reward:-0.9216664433479309, mean_queue:10.18055534362793
intersection:4, mean_episode_reward:-0.08194438368082047, mean_queue:11.383333206176758
intersection:5, mean_episode_reward:-1.0197221040725708, mean_queue:11.322221755981445
intersection:6, mean_episode_reward:0.20333336293697357, mean_queue:11.052778244018555
intersection:7, mean_episode_reward:-0.4038888216018677, mean_queue:10.616666793823242
intersection:8, mean_episode_reward:-0.4169445335865021, mean_queue:10.733333587646484
intersection:9, mean_episode_reward:0.1813887059688568, mean_queue:10.5
intersection:10, mean_episode_reward:-0.10888894647359848, mean_queue:11.213889122009277
intersection:11, mean_episode_reward:-1.6336108446121216, mean_queue:11.947221755981445
intersection:12, mean_episode_reward:-1.1408333778381348, mean_queue:10.841666221618652
intersection:13, mean_episode_reward:-0.8658333420753479, mean_queue:10.847222328186035
intersection:14, mean_episode_reward:-0.605833113193512, mean_queue:10.755555152893066
intersection:15, mean_episode_reward:-0.770833432674408, mean_queue:11.04444408416748
intersection:16, mean_episode_reward:0.12805552780628204, mean_queue:0.7749999761581421
intersection:17, mean_episode_reward:0.19055546820163727, mean_queue:0.7777777910232544
intersection:18, mean_episode_reward:0.06277777999639511, mean_queue:0.7888888716697693
intersection:19, mean_episode_reward:0.14194446802139282, mean_queue:0.8166666626930237
intersection:20, mean_episode_reward:0.17861106991767883, mean_queue:0.7527777552604675
intersection:21, mean_episode_reward:0.12861110270023346, mean_queue:0.8138889074325562
intersection:22, mean_episode_reward:0.15083330869674683, mean_queue:0.7888888716697693
intersection:23, mean_episode_reward:0.0008333353325724602, mean_queue:0.7805555462837219
intersection:24, mean_episode_reward:0.1947222203016281, mean_queue:0.7749999761581421
intersection:25, mean_episode_reward:0.2452777475118637, mean_queue:0.7749999761581421
intersection:26, mean_episode_reward:0.28638893365859985, mean_queue:0.75
intersection:27, mean_episode_reward:0.2427777349948883, mean_queue:0.769444465637207
intersection:28, mean_episode_reward:0.21138878166675568, mean_queue:0.7833333611488342
intersection:29, mean_episode_reward:0.26944446563720703, mean_queue:0.8333333134651184
intersection:30, mean_episode_reward:0.2055555284023285, mean_queue:0.8722222447395325
intersection:31, mean_episode_reward:0.09277775883674622, mean_queue:0.8083333373069763
Test step:23/200, travel time :224.40222686151705, rewards:-6.593333604600694, queue:5.858680555555556, delay:0.05851115650600857, throughput:1437
step:3600/3600, q_loss:0.9885926842689514, rewards:-6.624445258246528, queue:5.789236111111111, delay:0.05770101547241211, throughput:1437
episode:24/200, real avg travel time:218.47390396659708
intersection:0, mean_episode_reward:-1.2002779245376587, mean_queue:11.061111450195312
intersection:1, mean_episode_reward:-0.7383334636688232, mean_queue:10.663888931274414
intersection:2, mean_episode_reward:-0.586111307144165, mean_queue:11.100000381469727
intersection:3, mean_episode_reward:-1.1433336734771729, mean_queue:10.158333778381348
intersection:4, mean_episode_reward:-0.09777763485908508, mean_queue:11.222222328186035
intersection:5, mean_episode_reward:-0.3011111319065094, mean_queue:10.572221755981445
intersection:6, mean_episode_reward:0.11694443225860596, mean_queue:10.925000190734863
intersection:7, mean_episode_reward:-0.8402777910232544, mean_queue:10.422222137451172
intersection:8, mean_episode_reward:-0.557777464389801, mean_queue:10.966666221618652
intersection:9, mean_episode_reward:0.08944457024335861, mean_queue:10.597222328186035
intersection:10, mean_episode_reward:-0.5708337426185608, mean_queue:11.377778053283691
intersection:11, mean_episode_reward:-0.29777786135673523, mean_queue:10.755555152893066
intersection:12, mean_episode_reward:-1.2000000476837158, mean_queue:10.947221755981445
intersection:13, mean_episode_reward:-0.5972222089767456, mean_queue:10.658333778381348
intersection:14, mean_episode_reward:-0.31555554270744324, mean_queue:10.536110877990723
intersection:15, mean_episode_reward:-1.2719444036483765, mean_queue:10.630555152893066
intersection:16, mean_episode_reward:0.10305554419755936, mean_queue:0.7749999761581421
intersection:17, mean_episode_reward:0.18361108005046844, mean_queue:0.7777777910232544
intersection:18, mean_episode_reward:0.0694444477558136, mean_queue:0.7888888716697693
intersection:19, mean_episode_reward:0.1558333784341812, mean_queue:0.8166666626930237
intersection:20, mean_episode_reward:0.24416671693325043, mean_queue:0.7527777552604675
intersection:21, mean_episode_reward:0.29250001907348633, mean_queue:0.8138889074325562
intersection:22, mean_episode_reward:0.1847221851348877, mean_queue:0.7888888716697693
intersection:23, mean_episode_reward:0.02555553987622261, mean_queue:0.7805555462837219
intersection:24, mean_episode_reward:0.19166669249534607, mean_queue:0.7749999761581421
intersection:25, mean_episode_reward:0.15361109375953674, mean_queue:0.7749999761581421
intersection:26, mean_episode_reward:0.3055555820465088, mean_queue:0.75
intersection:27, mean_episode_reward:0.22249998152256012, mean_queue:0.769444465637207
intersection:28, mean_episode_reward:0.23333323001861572, mean_queue:0.7833333611488342
intersection:29, mean_episode_reward:0.19083338975906372, mean_queue:0.8333333134651184
intersection:30, mean_episode_reward:0.24833321571350098, mean_queue:0.8722222447395325
intersection:31, mean_episode_reward:0.08277779072523117, mean_queue:0.8083333373069763
Test step:24/200, travel time :216.74426685198054, rewards:-6.721666124131945, queue:5.776649305555556, delay:0.05694663789537218, throughput:1439
step:3600/3600, q_loss:0.9560165405273438, rewards:-6.662223985460069, queue:5.789496527777778, delay:0.05554541481865777, throughput:1442
episode:25/200, real avg travel time:218.26352288488212
intersection:0, mean_episode_reward:-1.091944932937622, mean_queue:10.897222518920898
intersection:1, mean_episode_reward:-0.5677777528762817, mean_queue:10.586111068725586
intersection:2, mean_episode_reward:-0.6174997687339783, mean_queue:11.186111450195312
intersection:3, mean_episode_reward:-1.3300007581710815, mean_queue:10.43055534362793
intersection:4, mean_episode_reward:-0.57833331823349, mean_queue:11.213889122009277
intersection:5, mean_episode_reward:-0.18416661024093628, mean_queue:10.625
intersection:6, mean_episode_reward:0.33277764916419983, mean_queue:10.875
intersection:7, mean_episode_reward:-0.7186112403869629, mean_queue:10.466666221618652
intersection:8, mean_episode_reward:-0.2561110556125641, mean_queue:10.641666412353516
intersection:9, mean_episode_reward:-0.3225000500679016, mean_queue:10.752778053283691
intersection:10, mean_episode_reward:-0.3280557096004486, mean_queue:11.230555534362793
intersection:11, mean_episode_reward:-0.1594444215297699, mean_queue:10.747221946716309
intersection:12, mean_episode_reward:-1.1455553770065308, mean_queue:10.811111450195312
intersection:13, mean_episode_reward:-0.47472241520881653, mean_queue:10.541666984558105
intersection:14, mean_episode_reward:-0.5533334612846375, mean_queue:10.652777671813965
intersection:15, mean_episode_reward:-1.3866668939590454, mean_queue:10.94444465637207
intersection:16, mean_episode_reward:0.0852777510881424, mean_queue:0.7749999761581421
intersection:17, mean_episode_reward:0.1980554759502411, mean_queue:0.7777777910232544
intersection:18, mean_episode_reward:0.06750000268220901, mean_queue:0.7888888716697693
intersection:19, mean_episode_reward:0.13333337008953094, mean_queue:0.8166666626930237
intersection:20, mean_episode_reward:0.2644444704055786, mean_queue:0.7527777552604675
intersection:21, mean_episode_reward:0.2152777761220932, mean_queue:0.8138889074325562
intersection:22, mean_episode_reward:0.21888896822929382, mean_queue:0.7888888716697693
intersection:23, mean_episode_reward:0.12000007927417755, mean_queue:0.7805555462837219
intersection:24, mean_episode_reward:0.1925000101327896, mean_queue:0.7749999761581421
intersection:25, mean_episode_reward:0.18416665494441986, mean_queue:0.7749999761581421
intersection:26, mean_episode_reward:0.15888887643814087, mean_queue:0.75
intersection:27, mean_episode_reward:0.19749997556209564, mean_queue:0.769444465637207
intersection:28, mean_episode_reward:0.17833329737186432, mean_queue:0.7833333611488342
intersection:29, mean_episode_reward:0.26444441080093384, mean_queue:0.8333333134651184
intersection:30, mean_episode_reward:0.14277774095535278, mean_queue:0.8722222447395325
intersection:31, mean_episode_reward:0.09833333641290665, mean_queue:0.8083333373069763
Test step:25/200, travel time :221.8494101318529, rewards:-6.992222764756945, queue:5.828993055555555, delay:0.05677916208902995, throughput:1441
step:3600/3600, q_loss:0.9430190324783325, rewards:-6.571388075086806, queue:5.795486111111111, delay:0.05559092627631294, throughput:1440
episode:26/200, real avg travel time:218.52430555555554
intersection:0, mean_episode_reward:-1.0113890171051025, mean_queue:10.975000381469727
intersection:1, mean_episode_reward:-0.5288887619972229, mean_queue:10.594444274902344
intersection:2, mean_episode_reward:-0.726111114025116, mean_queue:11.063888549804688
intersection:3, mean_episode_reward:-1.1536113023757935, mean_queue:10.23611068725586
intersection:4, mean_episode_reward:-0.8002775311470032, mean_queue:11.11388874053955
intersection:5, mean_episode_reward:-0.05055554211139679, mean_queue:10.69444465637207
intersection:6, mean_episode_reward:-0.07777772098779678, mean_queue:11.269444465637207
intersection:7, mean_episode_reward:-0.7986112236976624, mean_queue:10.449999809265137
intersection:8, mean_episode_reward:-0.41027769446372986, mean_queue:10.63888931274414
intersection:9, mean_episode_reward:0.31833329796791077, mean_queue:10.497221946716309
intersection:10, mean_episode_reward:-0.9172220826148987, mean_queue:11.791666984558105
intersection:11, mean_episode_reward:0.4080553650856018, mean_queue:10.686111450195312
intersection:12, mean_episode_reward:-1.2477773427963257, mean_queue:10.800000190734863
intersection:13, mean_episode_reward:-0.7355552911758423, mean_queue:10.597222328186035
intersection:14, mean_episode_reward:-0.44611114263534546, mean_queue:10.502778053283691
intersection:15, mean_episode_reward:-1.3177778720855713, mean_queue:10.883333206176758
intersection:16, mean_episode_reward:0.23805558681488037, mean_queue:0.7749999761581421
intersection:17, mean_episode_reward:0.30361106991767883, mean_queue:0.7777777910232544
intersection:18, mean_episode_reward:0.059722233563661575, mean_queue:0.7888888716697693
intersection:19, mean_episode_reward:0.13833336532115936, mean_queue:0.8166666626930237
intersection:20, mean_episode_reward:0.1797221302986145, mean_queue:0.7527777552604675
intersection:21, mean_episode_reward:0.1994444727897644, mean_queue:0.8138889074325562
intersection:22, mean_episode_reward:0.16555553674697876, mean_queue:0.7888888716697693
intersection:23, mean_episode_reward:0.06333334743976593, mean_queue:0.7805555462837219
intersection:24, mean_episode_reward:0.2355554848909378, mean_queue:0.7749999761581421
intersection:25, mean_episode_reward:0.183055579662323, mean_queue:0.7749999761581421
intersection:26, mean_episode_reward:0.17972218990325928, mean_queue:0.75
intersection:27, mean_episode_reward:0.270833283662796, mean_queue:0.769444465637207
intersection:28, mean_episode_reward:0.22249990701675415, mean_queue:0.7833333611488342
intersection:29, mean_episode_reward:0.20722229778766632, mean_queue:0.8333333134651184
intersection:30, mean_episode_reward:0.2091667354106903, mean_queue:0.8722222447395325
intersection:31, mean_episode_reward:0.06833334267139435, mean_queue:0.8083333373069763
Test step:26/200, travel time :215.33866481223922, rewards:-6.551388888888889, queue:5.7639756944444445, delay:0.05409774250454373, throughput:1438
step:3600/3600, q_loss:0.9223739504814148, rewards:-6.624167209201389, queue:5.796788194444445, delay:0.056820191277398006, throughput:1439
episode:27/200, real avg travel time:218.69909659485754
intersection:0, mean_episode_reward:-1.3416668176651, mean_queue:11.227777481079102
intersection:1, mean_episode_reward:-0.33638879656791687, mean_queue:10.608333587646484
intersection:2, mean_episode_reward:-0.8036109209060669, mean_queue:11.188888549804688
intersection:3, mean_episode_reward:-0.9694445133209229, mean_queue:10.116666793823242
intersection:4, mean_episode_reward:-0.7349997758865356, mean_queue:11.127778053283691
intersection:5, mean_episode_reward:-0.3369445502758026, mean_queue:10.672222137451172
intersection:6, mean_episode_reward:0.29527774453163147, mean_queue:11.094444274902344
intersection:7, mean_episode_reward:-0.8202779293060303, mean_queue:10.538888931274414
intersection:8, mean_episode_reward:-0.40833336114883423, mean_queue:10.791666984558105
intersection:9, mean_episode_reward:0.011111084371805191, mean_queue:10.649999618530273
intersection:10, mean_episode_reward:-0.01555558666586876, mean_queue:11.127778053283691
intersection:11, mean_episode_reward:-0.3463889956474304, mean_queue:10.744444847106934
intersection:12, mean_episode_reward:-1.13027822971344, mean_queue:11.024999618530273
intersection:13, mean_episode_reward:-0.6050000190734863, mean_queue:10.644444465637207
intersection:14, mean_episode_reward:-0.5833333730697632, mean_queue:10.597222328186035
intersection:15, mean_episode_reward:-1.2813888788223267, mean_queue:10.68055534362793
intersection:16, mean_episode_reward:0.25416672229766846, mean_queue:0.7749999761581421
intersection:17, mean_episode_reward:0.27222222089767456, mean_queue:0.7777777910232544
intersection:18, mean_episode_reward:0.0716666728258133, mean_queue:0.7888888716697693
intersection:19, mean_episode_reward:0.14027781784534454, mean_queue:0.8166666626930237
intersection:20, mean_episode_reward:0.1966666281223297, mean_queue:0.7527777552604675
intersection:21, mean_episode_reward:0.24472211301326752, mean_queue:0.8138889074325562
intersection:22, mean_episode_reward:0.23055562376976013, mean_queue:0.7888888716697693
intersection:23, mean_episode_reward:0.006666666362434626, mean_queue:0.7805555462837219
intersection:24, mean_episode_reward:0.1600000113248825, mean_queue:0.7749999761581421
intersection:25, mean_episode_reward:0.20777778327465057, mean_queue:0.7749999761581421
intersection:26, mean_episode_reward:0.23777785897254944, mean_queue:0.75
intersection:27, mean_episode_reward:0.17777778208255768, mean_queue:0.769444465637207
intersection:28, mean_episode_reward:0.17277774214744568, mean_queue:0.7833333611488342
intersection:29, mean_episode_reward:0.148333340883255, mean_queue:0.8333333134651184
intersection:30, mean_episode_reward:0.19555549323558807, mean_queue:0.8722222447395325
intersection:31, mean_episode_reward:0.06611111760139465, mean_queue:0.8083333373069763
Test step:27/200, travel time :217.9089012517385, rewards:-6.344723171657986, queue:5.790885416666667, delay:0.05595533582899306, throughput:1438
step:3600/3600, q_loss:0.9114755988121033, rewards:-6.4119452582465275, queue:5.762239583333334, delay:0.054328298568725585, throughput:1439
episode:28/200, real avg travel time:214.65670604586518
intersection:0, mean_episode_reward:-0.897222638130188, mean_queue:10.788888931274414
intersection:1, mean_episode_reward:-0.32277795672416687, mean_queue:10.58055591583252
intersection:2, mean_episode_reward:-0.6944443583488464, mean_queue:10.927778244018555
intersection:3, mean_episode_reward:-1.0983333587646484, mean_queue:10.155555725097656
intersection:4, mean_episode_reward:-1.1047221422195435, mean_queue:11.333333015441895
intersection:5, mean_episode_reward:0.011666668578982353, mean_queue:10.677778244018555
intersection:6, mean_episode_reward:0.14055560529232025, mean_queue:10.91944408416748
intersection:7, mean_episode_reward:-0.40499988198280334, mean_queue:10.252778053283691
intersection:8, mean_episode_reward:-0.40805554389953613, mean_queue:10.652777671813965
intersection:9, mean_episode_reward:0.054444413632154465, mean_queue:10.722222328186035
intersection:10, mean_episode_reward:-0.22555556893348694, mean_queue:11.06944465637207
intersection:11, mean_episode_reward:-0.3855553865432739, mean_queue:10.600000381469727
intersection:12, mean_episode_reward:-1.2891669273376465, mean_queue:10.93055534362793
intersection:13, mean_episode_reward:-0.7680554986000061, mean_queue:10.772222518920898
intersection:14, mean_episode_reward:-0.5252777338027954, mean_queue:10.70555591583252
intersection:15, mean_episode_reward:-0.9805558323860168, mean_queue:10.641666412353516
intersection:16, mean_episode_reward:0.08722221851348877, mean_queue:0.7749999761581421
intersection:17, mean_episode_reward:0.2405555099248886, mean_queue:0.7777777910232544
intersection:18, mean_episode_reward:0.07277778536081314, mean_queue:0.7888888716697693
intersection:19, mean_episode_reward:0.1391667127609253, mean_queue:0.8166666626930237
intersection:20, mean_episode_reward:0.1799999177455902, mean_queue:0.7527777552604675
intersection:21, mean_episode_reward:0.20277775824069977, mean_queue:0.8138889074325562
intersection:22, mean_episode_reward:0.10916664451360703, mean_queue:0.7888888716697693
intersection:23, mean_episode_reward:0.007222222629934549, mean_queue:0.7805555462837219
intersection:24, mean_episode_reward:0.2961111068725586, mean_queue:0.7749999761581421
intersection:25, mean_episode_reward:0.2547222673892975, mean_queue:0.7749999761581421
intersection:26, mean_episode_reward:0.2016666829586029, mean_queue:0.75
intersection:27, mean_episode_reward:0.1916666179895401, mean_queue:0.769444465637207
intersection:28, mean_episode_reward:0.1961110681295395, mean_queue:0.7833333611488342
intersection:29, mean_episode_reward:0.1136111244559288, mean_queue:0.8333333134651184
intersection:30, mean_episode_reward:0.10777776688337326, mean_queue:0.8722222447395325
intersection:31, mean_episode_reward:0.08555557578802109, mean_queue:0.8083333373069763
Test step:28/200, travel time :217.75677553856846, rewards:-6.700833468967014, queue:5.786371527777778, delay:0.05663849512736003, throughput:1439
step:3600/3600, q_loss:0.9008415937423706, rewards:-6.50111083984375, queue:5.737239583333333, delay:0.0528725094265408, throughput:1441
episode:29/200, real avg travel time:212.54337265787646
intersection:0, mean_episode_reward:-0.9972223043441772, mean_queue:10.70555591583252
intersection:1, mean_episode_reward:-0.630000114440918, mean_queue:10.452777862548828
intersection:2, mean_episode_reward:-0.632777750492096, mean_queue:10.961111068725586
intersection:3, mean_episode_reward:-1.2786113023757935, mean_queue:10.144444465637207
intersection:4, mean_episode_reward:-0.8613883852958679, mean_queue:11.149999618530273
intersection:5, mean_episode_reward:-0.012222218327224255, mean_queue:10.352777481079102
intersection:6, mean_episode_reward:0.21944458782672882, mean_queue:10.93055534362793
intersection:7, mean_episode_reward:-0.5744442343711853, mean_queue:10.333333015441895
intersection:8, mean_episode_reward:-0.3200000822544098, mean_queue:10.663888931274414
intersection:9, mean_episode_reward:-0.04777778685092926, mean_queue:10.627778053283691
intersection:10, mean_episode_reward:-0.3930554986000061, mean_queue:11.036110877990723
intersection:11, mean_episode_reward:-0.09777776896953583, mean_queue:10.54444408416748
intersection:12, mean_episode_reward:-1.3249998092651367, mean_queue:11.030555725097656
intersection:13, mean_episode_reward:-0.7477778196334839, mean_queue:10.622221946716309
intersection:14, mean_episode_reward:-0.39694443345069885, mean_queue:10.51388931274414
intersection:15, mean_episode_reward:-1.4291666746139526, mean_queue:10.86111068725586
intersection:16, mean_episode_reward:0.054722197353839874, mean_queue:0.7749999761581421
intersection:17, mean_episode_reward:0.3955555260181427, mean_queue:0.7777777910232544
intersection:18, mean_episode_reward:0.07111112028360367, mean_queue:0.7888888716697693
intersection:19, mean_episode_reward:0.14166668057441711, mean_queue:0.8166666626930237
intersection:20, mean_episode_reward:0.21222226321697235, mean_queue:0.7527777552604675
intersection:21, mean_episode_reward:0.25388890504837036, mean_queue:0.8138889074325562
intersection:22, mean_episode_reward:0.12388888746500015, mean_queue:0.7888888716697693
intersection:23, mean_episode_reward:0.11666674166917801, mean_queue:0.7805555462837219
intersection:24, mean_episode_reward:0.37666675448417664, mean_queue:0.7749999761581421
intersection:25, mean_episode_reward:0.22055551409721375, mean_queue:0.7749999761581421
intersection:26, mean_episode_reward:0.1925000548362732, mean_queue:0.75
intersection:27, mean_episode_reward:0.18388885259628296, mean_queue:0.769444465637207
intersection:28, mean_episode_reward:0.1527777761220932, mean_queue:0.7833333611488342
intersection:29, mean_episode_reward:0.1950000524520874, mean_queue:0.8333333134651184
intersection:30, mean_episode_reward:0.24138900637626648, mean_queue:0.8722222447395325
intersection:31, mean_episode_reward:0.09111110866069794, mean_queue:0.8083333373069763
Test step:29/200, travel time :217.18541666666667, rewards:-6.283889431423611, queue:5.772743055555556, delay:0.05451253255208333, throughput:1440
step:3600/3600, q_loss:0.8847290277481079, rewards:-6.295278591579861, queue:5.748958333333333, delay:0.0538233757019043, throughput:1443
episode:30/200, real avg travel time:213.17532917532918
intersection:0, mean_episode_reward:-0.9808332920074463, mean_queue:10.855555534362793
intersection:1, mean_episode_reward:-0.6000000238418579, mean_queue:10.561111450195312
intersection:2, mean_episode_reward:-0.4552778899669647, mean_queue:10.872221946716309
intersection:3, mean_episode_reward:-1.3797224760055542, mean_queue:10.300000190734863
intersection:4, mean_episode_reward:-0.6672221422195435, mean_queue:11.286110877990723
intersection:5, mean_episode_reward:-0.055277787148952484, mean_queue:10.475000381469727
intersection:6, mean_episode_reward:0.02250002510845661, mean_queue:10.899999618530273
intersection:7, mean_episode_reward:-0.64083331823349, mean_queue:10.333333015441895
intersection:8, mean_episode_reward:-0.5327775478363037, mean_queue:10.813888549804688
intersection:9, mean_episode_reward:0.030555561184883118, mean_queue:10.550000190734863
intersection:10, mean_episode_reward:-0.12861107289791107, mean_queue:10.969444274902344
intersection:11, mean_episode_reward:-0.41222211718559265, mean_queue:10.594444274902344
intersection:12, mean_episode_reward:-0.9422224164009094, mean_queue:10.791666984558105
intersection:13, mean_episode_reward:-0.6061112880706787, mean_queue:10.647222518920898
intersection:14, mean_episode_reward:-0.6647221446037292, mean_queue:10.644444465637207
intersection:15, mean_episode_reward:-1.0847223997116089, mean_queue:10.711111068725586
intersection:16, mean_episode_reward:0.050555527210235596, mean_queue:0.7749999761581421
intersection:17, mean_episode_reward:0.29777777194976807, mean_queue:0.7777777910232544
intersection:18, mean_episode_reward:0.08694444596767426, mean_queue:0.7888888716697693
intersection:19, mean_episode_reward:0.1669444441795349, mean_queue:0.8166666626930237
intersection:20, mean_episode_reward:0.188888818025589, mean_queue:0.7527777552604675
intersection:21, mean_episode_reward:0.24666675925254822, mean_queue:0.8138889074325562
intersection:22, mean_episode_reward:0.13472220301628113, mean_queue:0.7888888716697693
intersection:23, mean_episode_reward:0.12055563181638718, mean_queue:0.7805555462837219
intersection:24, mean_episode_reward:0.22222228348255157, mean_queue:0.7749999761581421
intersection:25, mean_episode_reward:0.25166669487953186, mean_queue:0.7749999761581421
intersection:26, mean_episode_reward:0.22861120104789734, mean_queue:0.75
intersection:27, mean_episode_reward:0.19694440066814423, mean_queue:0.769444465637207
intersection:28, mean_episode_reward:0.22888877987861633, mean_queue:0.7833333611488342
intersection:29, mean_episode_reward:0.12833334505558014, mean_queue:0.8333333134651184
intersection:30, mean_episode_reward:0.16055554151535034, mean_queue:0.8722222447395325
intersection:31, mean_episode_reward:0.09194446355104446, mean_queue:0.8083333373069763
Test step:30/200, travel time :217.30048577376823, rewards:-6.379722764756944, queue:5.790277777777778, delay:0.05538150469462077, throughput:1441
step:3600/3600, q_loss:0.8700168132781982, rewards:-6.355278184678819, queue:5.7496527777777775, delay:0.05378637313842773, throughput:1441
episode:31/200, real avg travel time:213.2588480222068
intersection:0, mean_episode_reward:-0.771944522857666, mean_queue:10.808333396911621
intersection:1, mean_episode_reward:-0.5541669130325317, mean_queue:10.711111068725586
intersection:2, mean_episode_reward:-1.0516667366027832, mean_queue:11.333333015441895
intersection:3, mean_episode_reward:-0.9633335471153259, mean_queue:10.197221755981445
intersection:4, mean_episode_reward:-0.6705554127693176, mean_queue:10.975000381469727
intersection:5, mean_episode_reward:-0.19805550575256348, mean_queue:10.425000190734863
intersection:6, mean_episode_reward:-0.02333337441086769, mean_queue:10.997221946716309
intersection:7, mean_episode_reward:-0.5894444584846497, mean_queue:10.355555534362793
intersection:8, mean_episode_reward:-0.24472230672836304, mean_queue:10.51111125946045
intersection:9, mean_episode_reward:0.011944446712732315, mean_queue:10.48611068725586
intersection:10, mean_episode_reward:0.009444434195756912, mean_queue:11.005555152893066
intersection:11, mean_episode_reward:-0.2958333492279053, mean_queue:10.597222328186035
intersection:12, mean_episode_reward:-1.1947225332260132, mean_queue:10.938888549804688
intersection:13, mean_episode_reward:-0.6544444561004639, mean_queue:10.55555534362793
intersection:14, mean_episode_reward:-0.5711113214492798, mean_queue:10.655555725097656
intersection:15, mean_episode_reward:-1.456666350364685, mean_queue:10.774999618530273
intersection:16, mean_episode_reward:0.052777767181396484, mean_queue:0.7749999761581421
intersection:17, mean_episode_reward:0.16333335638046265, mean_queue:0.7777777910232544
intersection:18, mean_episode_reward:0.09166666865348816, mean_queue:0.7888888716697693
intersection:19, mean_episode_reward:0.17305563390254974, mean_queue:0.8166666626930237
intersection:20, mean_episode_reward:0.1936110109090805, mean_queue:0.7527777552604675
intersection:21, mean_episode_reward:0.32388898730278015, mean_queue:0.8138889074325562
intersection:22, mean_episode_reward:0.2580556571483612, mean_queue:0.7888888716697693
intersection:23, mean_episode_reward:0.03194442763924599, mean_queue:0.7805555462837219
intersection:24, mean_episode_reward:0.22555561363697052, mean_queue:0.7749999761581421
intersection:25, mean_episode_reward:0.20777782797813416, mean_queue:0.7749999761581421
intersection:26, mean_episode_reward:0.1827777475118637, mean_queue:0.75
intersection:27, mean_episode_reward:0.19249995052814484, mean_queue:0.769444465637207
intersection:28, mean_episode_reward:0.20277777314186096, mean_queue:0.7833333611488342
intersection:29, mean_episode_reward:0.20722228288650513, mean_queue:0.8333333134651184
intersection:30, mean_episode_reward:0.21055562794208527, mean_queue:0.8722222447395325
intersection:31, mean_episode_reward:0.1458333432674408, mean_queue:0.8083333373069763
Test step:31/200, travel time :215.7995839112344, rewards:-6.295555284288194, queue:5.777256944444445, delay:0.05410132937961155, throughput:1442
step:3600/3600, q_loss:0.8640385866165161, rewards:-6.4808336046006945, queue:5.753125, delay:0.053243626488579644, throughput:1440
episode:32/200, real avg travel time:213.98055555555555
intersection:0, mean_episode_reward:-0.9277777075767517, mean_queue:10.727777481079102
intersection:1, mean_episode_reward:-0.5444445013999939, mean_queue:10.602777481079102
intersection:2, mean_episode_reward:-0.8683334589004517, mean_queue:11.23611068725586
intersection:3, mean_episode_reward:-1.2994447946548462, mean_queue:10.26388931274414
intersection:4, mean_episode_reward:-1.0627775192260742, mean_queue:11.44444465637207
intersection:5, mean_episode_reward:-0.14027784764766693, mean_queue:10.441666603088379
intersection:6, mean_episode_reward:0.2977777421474457, mean_queue:10.833333015441895
intersection:7, mean_episode_reward:-0.6047223210334778, mean_queue:10.26388931274414
intersection:8, mean_episode_reward:-0.20083342492580414, mean_queue:10.574999809265137
intersection:9, mean_episode_reward:-0.01916666142642498, mean_queue:10.494444847106934
intersection:10, mean_episode_reward:-0.2852778136730194, mean_queue:11.202777862548828
intersection:11, mean_episode_reward:-0.39833343029022217, mean_queue:10.619444847106934
intersection:12, mean_episode_reward:-1.0225001573562622, mean_queue:10.855555534362793
intersection:13, mean_episode_reward:-0.6286108493804932, mean_queue:10.702777862548828
intersection:14, mean_episode_reward:-0.4108333885669708, mean_queue:10.550000190734863
intersection:15, mean_episode_reward:-1.1744449138641357, mean_queue:10.625
intersection:16, mean_episode_reward:0.06277776509523392, mean_queue:0.7749999761581421
intersection:17, mean_episode_reward:0.2813888490200043, mean_queue:0.7777777910232544
intersection:18, mean_episode_reward:0.08500000089406967, mean_queue:0.7888888716697693
intersection:19, mean_episode_reward:0.1372222751379013, mean_queue:0.8166666626930237
intersection:20, mean_episode_reward:0.1822221577167511, mean_queue:0.7527777552604675
intersection:21, mean_episode_reward:0.3172222971916199, mean_queue:0.8138889074325562
intersection:22, mean_episode_reward:0.27222225069999695, mean_queue:0.7888888716697693
intersection:23, mean_episode_reward:0.03305553272366524, mean_queue:0.7805555462837219
intersection:24, mean_episode_reward:0.24166670441627502, mean_queue:0.7749999761581421
intersection:25, mean_episode_reward:0.13055554032325745, mean_queue:0.7749999761581421
intersection:26, mean_episode_reward:0.20972225069999695, mean_queue:0.75
intersection:27, mean_episode_reward:0.18305552005767822, mean_queue:0.769444465637207
intersection:28, mean_episode_reward:0.22305545210838318, mean_queue:0.7833333611488342
intersection:29, mean_episode_reward:0.17527779936790466, mean_queue:0.8333333134651184
intersection:30, mean_episode_reward:0.15555551648139954, mean_queue:0.8722222447395325
intersection:31, mean_episode_reward:0.11916667222976685, mean_queue:0.8083333373069763
Test step:32/200, travel time :214.11961057023643, rewards:-6.54305419921875, queue:5.7574652777777775, delay:0.05388773812188043, throughput:1438
step:3600/3600, q_loss:0.8626992106437683, rewards:-6.365279134114584, queue:5.730034722222222, delay:0.051847150590684676, throughput:1438
episode:33/200, real avg travel time:211.14673157162727
intersection:0, mean_episode_reward:-1.075000286102295, mean_queue:10.725000381469727
intersection:1, mean_episode_reward:0.008611132390797138, mean_queue:10.530555725097656
intersection:2, mean_episode_reward:-0.5213887691497803, mean_queue:10.949999809265137
intersection:3, mean_episode_reward:-1.2205559015274048, mean_queue:10.152777671813965
intersection:4, mean_episode_reward:-0.8522220849990845, mean_queue:11.100000381469727
intersection:5, mean_episode_reward:-0.4152776896953583, mean_queue:10.752778053283691
intersection:6, mean_episode_reward:0.12805548310279846, mean_queue:10.813888549804688
intersection:7, mean_episode_reward:-0.8058335781097412, mean_queue:10.380555152893066
intersection:8, mean_episode_reward:-0.2319444715976715, mean_queue:10.505555152893066
intersection:9, mean_episode_reward:-0.06861111521720886, mean_queue:10.491666793823242
intersection:10, mean_episode_reward:0.0008333920850418508, mean_queue:10.913888931274414
intersection:11, mean_episode_reward:-0.4999999701976776, mean_queue:10.725000381469727
intersection:12, mean_episode_reward:-1.1816669702529907, mean_queue:10.91944408416748
intersection:13, mean_episode_reward:-0.679722249507904, mean_queue:10.58055591583252
intersection:14, mean_episode_reward:-0.4561110734939575, mean_queue:10.502778053283691
intersection:15, mean_episode_reward:-1.2533332109451294, mean_queue:10.655555725097656
intersection:16, mean_episode_reward:0.04833332076668739, mean_queue:0.7749999761581421
intersection:17, mean_episode_reward:0.22611109912395477, mean_queue:0.7777777910232544
intersection:18, mean_episode_reward:0.13305558264255524, mean_queue:0.7888888716697693
intersection:19, mean_episode_reward:0.13527780771255493, mean_queue:0.8166666626930237
intersection:20, mean_episode_reward:0.25194451212882996, mean_queue:0.7527777552604675
intersection:21, mean_episode_reward:0.2800000309944153, mean_queue:0.8138889074325562
intersection:22, mean_episode_reward:0.26805558800697327, mean_queue:0.7888888716697693
intersection:23, mean_episode_reward:0.03333330526947975, mean_queue:0.7805555462837219
intersection:24, mean_episode_reward:0.21611112356185913, mean_queue:0.7749999761581421
intersection:25, mean_episode_reward:0.09055556356906891, mean_queue:0.7749999761581421
intersection:26, mean_episode_reward:0.14472219347953796, mean_queue:0.75
intersection:27, mean_episode_reward:0.15111106634140015, mean_queue:0.769444465637207
intersection:28, mean_episode_reward:0.24305547773838043, mean_queue:0.7833333611488342
intersection:29, mean_episode_reward:0.13833333551883698, mean_queue:0.8333333134651184
intersection:30, mean_episode_reward:0.23805564641952515, mean_queue:0.8722222447395325
intersection:31, mean_episode_reward:0.16083334386348724, mean_queue:0.8083333373069763
Test step:33/200, travel time :223.47079276773297, rewards:-6.488331434461806, queue:5.85625, delay:0.05728276570638021, throughput:1438
step:3600/3600, q_loss:0.8471376299858093, rewards:-6.531943088107639, queue:5.809635416666667, delay:0.05648264355129666, throughput:1433
episode:34/200, real avg travel time:219.36147941381716
intersection:0, mean_episode_reward:-0.922222375869751, mean_queue:10.691666603088379
intersection:1, mean_episode_reward:0.5344445705413818, mean_queue:10.619444847106934
intersection:2, mean_episode_reward:-0.5141667723655701, mean_queue:10.972222328186035
intersection:3, mean_episode_reward:-1.3075000047683716, mean_queue:10.29444408416748
intersection:4, mean_episode_reward:-0.5422223210334778, mean_queue:11.199999809265137
intersection:5, mean_episode_reward:-1.3502769470214844, mean_queue:11.76111125946045
intersection:6, mean_episode_reward:0.07277779281139374, mean_queue:10.94444465637207
intersection:7, mean_episode_reward:-0.5955555438995361, mean_queue:10.266666412353516
intersection:8, mean_episode_reward:-0.34000012278556824, mean_queue:10.755555152893066
intersection:9, mean_episode_reward:-0.08805560320615768, mean_queue:10.722222328186035
intersection:10, mean_episode_reward:-0.0830555185675621, mean_queue:11.216666221618652
intersection:11, mean_episode_reward:-0.5961110591888428, mean_queue:10.76388931274414
intersection:12, mean_episode_reward:-1.3175005912780762, mean_queue:11.047222137451172
intersection:13, mean_episode_reward:-0.5677777528762817, mean_queue:10.591666221618652
intersection:14, mean_episode_reward:-0.20722217857837677, mean_queue:10.58055591583252
intersection:15, mean_episode_reward:-1.5005552768707275, mean_queue:10.81944465637207
intersection:16, mean_episode_reward:0.11833333224058151, mean_queue:0.7749999761581421
intersection:17, mean_episode_reward:0.2563888430595398, mean_queue:0.7777777910232544
intersection:18, mean_episode_reward:0.10111110657453537, mean_queue:0.7888888716697693
intersection:19, mean_episode_reward:0.1322222799062729, mean_queue:0.8166666626930237
intersection:20, mean_episode_reward:0.15638881921768188, mean_queue:0.7527777552604675
intersection:21, mean_episode_reward:0.22638891637325287, mean_queue:0.8138889074325562
intersection:22, mean_episode_reward:0.21194452047348022, mean_queue:0.7888888716697693
intersection:23, mean_episode_reward:0.09861118346452713, mean_queue:0.7805555462837219
intersection:24, mean_episode_reward:0.20944443345069885, mean_queue:0.7749999761581421
intersection:25, mean_episode_reward:0.13111108541488647, mean_queue:0.7749999761581421
intersection:26, mean_episode_reward:0.16444449126720428, mean_queue:0.75
intersection:27, mean_episode_reward:0.18444442749023438, mean_queue:0.769444465637207
intersection:28, mean_episode_reward:0.2349998950958252, mean_queue:0.7833333611488342
intersection:29, mean_episode_reward:0.13250002264976501, mean_queue:0.8333333134651184
intersection:30, mean_episode_reward:0.2716667950153351, mean_queue:0.8722222447395325
intersection:31, mean_episode_reward:0.16305555403232574, mean_queue:0.8083333373069763
Test step:34/200, travel time :213.88973647711512, rewards:-6.328888617621528, queue:5.748090277777778, delay:0.05378222465515137, throughput:1442
step:3600/3600, q_loss:0.8449184894561768, rewards:-6.448055013020833, queue:5.771267361111111, delay:0.055154175228542754, throughput:1441
episode:35/200, real avg travel time:215.80638445523942
intersection:0, mean_episode_reward:-1.1538885831832886, mean_queue:10.86388874053955
intersection:1, mean_episode_reward:-0.06777782738208771, mean_queue:10.66944408416748
intersection:2, mean_episode_reward:-0.6244445443153381, mean_queue:11.11388874053955
intersection:3, mean_episode_reward:-1.3947219848632812, mean_queue:10.425000190734863
intersection:4, mean_episode_reward:-0.8586108088493347, mean_queue:11.133333206176758
intersection:5, mean_episode_reward:-0.382222056388855, mean_queue:10.811111450195312
intersection:6, mean_episode_reward:0.29722222685813904, mean_queue:10.902777671813965
intersection:7, mean_episode_reward:-0.7569448947906494, mean_queue:10.408333778381348
intersection:8, mean_episode_reward:-0.19972215592861176, mean_queue:10.54444408416748
intersection:9, mean_episode_reward:-0.0975000262260437, mean_queue:10.63611125946045
intersection:10, mean_episode_reward:-0.2563888132572174, mean_queue:11.16944408416748
intersection:11, mean_episode_reward:-0.326944500207901, mean_queue:10.550000190734863
intersection:12, mean_episode_reward:-1.03694486618042, mean_queue:10.772222518920898
intersection:13, mean_episode_reward:-0.7213889360427856, mean_queue:10.683333396911621
intersection:14, mean_episode_reward:-0.44916653633117676, mean_queue:10.647222518920898
intersection:15, mean_episode_reward:-1.3905558586120605, mean_queue:10.688888549804688
intersection:16, mean_episode_reward:0.04277777299284935, mean_queue:0.7749999761581421
intersection:17, mean_episode_reward:0.15361110866069794, mean_queue:0.7777777910232544
intersection:18, mean_episode_reward:0.08444447070360184, mean_queue:0.7888888716697693
intersection:19, mean_episode_reward:0.13416671752929688, mean_queue:0.8166666626930237
intersection:20, mean_episode_reward:0.23888884484767914, mean_queue:0.7527777552604675
intersection:21, mean_episode_reward:0.26111119985580444, mean_queue:0.8138889074325562
intersection:22, mean_episode_reward:0.31694450974464417, mean_queue:0.7888888716697693
intersection:23, mean_episode_reward:0.23805557191371918, mean_queue:0.7805555462837219
intersection:24, mean_episode_reward:0.25388896465301514, mean_queue:0.7749999761581421
intersection:25, mean_episode_reward:0.14666663110256195, mean_queue:0.7749999761581421
intersection:26, mean_episode_reward:0.2566666603088379, mean_queue:0.75
intersection:27, mean_episode_reward:0.16944441199302673, mean_queue:0.769444465637207
intersection:28, mean_episode_reward:0.20666655898094177, mean_queue:0.7833333611488342
intersection:29, mean_episode_reward:0.14305554330348969, mean_queue:0.8333333134651184
intersection:30, mean_episode_reward:0.19777776300907135, mean_queue:0.8722222447395325
intersection:31, mean_episode_reward:0.12777775526046753, mean_queue:0.8083333373069763
Test step:35/200, travel time :220.5923611111111, rewards:-6.421943495008681, queue:5.826215277777778, delay:0.055827358033921984, throughput:1440
step:3600/3600, q_loss:0.8407006859779358, rewards:-6.497777642144097, queue:5.808680555555555, delay:0.05553216934204101, throughput:1435
episode:36/200, real avg travel time:218.81324041811845
intersection:0, mean_episode_reward:-1.675554871559143, mean_queue:11.600000381469727
intersection:1, mean_episode_reward:0.4383332133293152, mean_queue:10.519444465637207
intersection:2, mean_episode_reward:-0.5094444155693054, mean_queue:11.077777862548828
intersection:3, mean_episode_reward:-1.231388807296753, mean_queue:10.36388874053955
intersection:4, mean_episode_reward:-0.9716662168502808, mean_queue:11.29444408416748
intersection:5, mean_episode_reward:-0.3547223210334778, mean_queue:10.602777481079102
intersection:6, mean_episode_reward:0.599722146987915, mean_queue:10.802778244018555
intersection:7, mean_episode_reward:-0.7691664695739746, mean_queue:10.38611125946045
intersection:8, mean_episode_reward:-0.3891667127609253, mean_queue:10.81944465637207
intersection:9, mean_episode_reward:-0.0211111418902874, mean_queue:10.652777671813965
intersection:10, mean_episode_reward:-0.17583338916301727, mean_queue:11.277777671813965
intersection:11, mean_episode_reward:-0.6191667318344116, mean_queue:10.713889122009277
intersection:12, mean_episode_reward:-1.1319447755813599, mean_queue:10.98888874053955
intersection:13, mean_episode_reward:-0.9733334183692932, mean_queue:10.858333587646484
intersection:14, mean_episode_reward:0.05194448307156563, mean_queue:10.594444274902344
intersection:15, mean_episode_reward:-1.315278172492981, mean_queue:10.663888931274414
intersection:16, mean_episode_reward:0.10666663944721222, mean_queue:0.7749999761581421
intersection:17, mean_episode_reward:0.2236110419034958, mean_queue:0.7777777910232544
intersection:18, mean_episode_reward:0.07666667550802231, mean_queue:0.7888888716697693
intersection:19, mean_episode_reward:0.14055557548999786, mean_queue:0.8166666626930237
intersection:20, mean_episode_reward:0.16222211718559265, mean_queue:0.7527777552604675
intersection:21, mean_episode_reward:0.1644444614648819, mean_queue:0.8138889074325562
intersection:22, mean_episode_reward:0.1411110758781433, mean_queue:0.7888888716697693
intersection:23, mean_episode_reward:0.09500007331371307, mean_queue:0.7805555462837219
intersection:24, mean_episode_reward:0.22694452106952667, mean_queue:0.7749999761581421
intersection:25, mean_episode_reward:0.16749995946884155, mean_queue:0.7749999761581421
intersection:26, mean_episode_reward:0.1966666728258133, mean_queue:0.75
intersection:27, mean_episode_reward:0.17499996721744537, mean_queue:0.769444465637207
intersection:28, mean_episode_reward:0.21333323419094086, mean_queue:0.7833333611488342
intersection:29, mean_episode_reward:0.11333335191011429, mean_queue:0.8333333134651184
intersection:30, mean_episode_reward:0.26583346724510193, mean_queue:0.8722222447395325
intersection:31, mean_episode_reward:0.0811111256480217, mean_queue:0.8083333373069763
Test step:36/200, travel time :214.4298611111111, rewards:-6.3205552842881945, queue:5.752951388888889, delay:0.05435057746039496, throughput:1440
step:3600/3600, q_loss:0.8394578099250793, rewards:-6.329444715711806, queue:5.746614583333334, delay:0.05262493557400173, throughput:1441
episode:37/200, real avg travel time:212.45732130464955
intersection:0, mean_episode_reward:-0.6086109280586243, mean_queue:10.697221755981445
intersection:1, mean_episode_reward:-0.32138895988464355, mean_queue:10.48611068725586
intersection:2, mean_episode_reward:-0.487777441740036, mean_queue:10.93055534362793
intersection:3, mean_episode_reward:-1.0608336925506592, mean_queue:10.158333778381348
intersection:4, mean_episode_reward:-1.1741664409637451, mean_queue:11.522222518920898
intersection:5, mean_episode_reward:-0.3338889479637146, mean_queue:10.558333396911621
intersection:6, mean_episode_reward:0.25805556774139404, mean_queue:10.822221755981445
intersection:7, mean_episode_reward:-0.7644444704055786, mean_queue:10.36111068725586
intersection:8, mean_episode_reward:-0.4930557310581207, mean_queue:10.808333396911621
intersection:9, mean_episode_reward:0.17944447696208954, mean_queue:10.5
intersection:10, mean_episode_reward:0.0647222027182579, mean_queue:10.933333396911621
intersection:11, mean_episode_reward:-0.40583330392837524, mean_queue:10.56944465637207
intersection:12, mean_episode_reward:-1.0458335876464844, mean_queue:10.872221946716309
intersection:13, mean_episode_reward:-0.7036113142967224, mean_queue:10.725000381469727
intersection:14, mean_episode_reward:-0.34222227334976196, mean_queue:10.658333778381348
intersection:15, mean_episode_reward:-1.4691663980484009, mean_queue:10.627778053283691
intersection:16, mean_episode_reward:0.0994444340467453, mean_queue:0.7749999761581421
intersection:17, mean_episode_reward:0.11277777701616287, mean_queue:0.7777777910232544
intersection:18, mean_episode_reward:0.09861110150814056, mean_queue:0.7888888716697693
intersection:19, mean_episode_reward:0.1391666978597641, mean_queue:0.8166666626930237
intersection:20, mean_episode_reward:0.16972212493419647, mean_queue:0.7527777552604675
intersection:21, mean_episode_reward:0.25861114263534546, mean_queue:0.8138889074325562
intersection:22, mean_episode_reward:0.13138887286186218, mean_queue:0.7888888716697693
intersection:23, mean_episode_reward:0.05861111357808113, mean_queue:0.7805555462837219
intersection:24, mean_episode_reward:0.19083335995674133, mean_queue:0.7749999761581421
intersection:25, mean_episode_reward:0.13499996066093445, mean_queue:0.7749999761581421
intersection:26, mean_episode_reward:0.20305559039115906, mean_queue:0.75
intersection:27, mean_episode_reward:0.18361108005046844, mean_queue:0.769444465637207
intersection:28, mean_episode_reward:0.17694438993930817, mean_queue:0.7833333611488342
intersection:29, mean_episode_reward:0.12194444984197617, mean_queue:0.8333333134651184
intersection:30, mean_episode_reward:0.2255556285381317, mean_queue:0.8722222447395325
intersection:31, mean_episode_reward:0.07388889789581299, mean_queue:0.8083333373069763
Test step:37/200, travel time :212.7586926286509, rewards:-6.2444444444444445, queue:5.747135416666667, delay:0.052939118279351126, throughput:1438
step:3600/3600, q_loss:0.8301723003387451, rewards:-6.28027818467882, queue:5.748090277777778, delay:0.053250885009765624, throughput:1436
episode:38/200, real avg travel time:212.2284122562674
intersection:0, mean_episode_reward:-0.972777783870697, mean_queue:10.822221755981445
intersection:1, mean_episode_reward:0.10111118853092194, mean_queue:10.494444847106934
intersection:2, mean_episode_reward:-0.4850000739097595, mean_queue:11.01388931274414
intersection:3, mean_episode_reward:-1.0516669750213623, mean_queue:10.202777862548828
intersection:4, mean_episode_reward:-0.916944146156311, mean_queue:11.141666412353516
intersection:5, mean_episode_reward:-0.4427778422832489, mean_queue:10.80555534362793
intersection:6, mean_episode_reward:0.1711110919713974, mean_queue:10.899999618530273
intersection:7, mean_episode_reward:-0.8066666722297668, mean_queue:10.533333778381348
intersection:8, mean_episode_reward:-0.6722220182418823, mean_queue:10.70555591583252
intersection:9, mean_episode_reward:0.2763887345790863, mean_queue:10.550000190734863
intersection:10, mean_episode_reward:0.21583335101604462, mean_queue:10.808333396911621
intersection:11, mean_episode_reward:-0.49055570363998413, mean_queue:10.619444847106934
intersection:12, mean_episode_reward:-1.2038888931274414, mean_queue:10.836111068725586
intersection:13, mean_episode_reward:-0.6074998378753662, mean_queue:10.766666412353516
intersection:14, mean_episode_reward:-0.4652778208255768, mean_queue:10.54444408416748
intersection:15, mean_episode_reward:-1.2572226524353027, mean_queue:10.533333778381348
intersection:16, mean_episode_reward:0.08249998092651367, mean_queue:0.7749999761581421
intersection:17, mean_episode_reward:0.14222221076488495, mean_queue:0.7777777910232544
intersection:18, mean_episode_reward:0.06638889014720917, mean_queue:0.7888888716697693
intersection:19, mean_episode_reward:0.14083333313465118, mean_queue:0.8166666626930237
intersection:20, mean_episode_reward:0.1588888168334961, mean_queue:0.7527777552604675
intersection:21, mean_episode_reward:0.20111113786697388, mean_queue:0.8138889074325562
intersection:22, mean_episode_reward:0.24277788400650024, mean_queue:0.7888888716697693
intersection:23, mean_episode_reward:0.02972220815718174, mean_queue:0.7805555462837219
intersection:24, mean_episode_reward:0.1988888829946518, mean_queue:0.7749999761581421
intersection:25, mean_episode_reward:0.11222220212221146, mean_queue:0.7749999761581421
intersection:26, mean_episode_reward:0.19833335280418396, mean_queue:0.75
intersection:27, mean_episode_reward:0.1363888680934906, mean_queue:0.769444465637207
intersection:28, mean_episode_reward:0.23638877272605896, mean_queue:0.7833333611488342
intersection:29, mean_episode_reward:0.12472225725650787, mean_queue:0.8333333134651184
intersection:30, mean_episode_reward:0.17444443702697754, mean_queue:0.8722222447395325
intersection:31, mean_episode_reward:0.08194443583488464, mean_queue:0.8083333373069763
Test step:38/200, travel time :213.54210160055672, rewards:-6.5080552842881945, queue:5.745920138888889, delay:0.054245244132147895, throughput:1437
step:3600/3600, q_loss:0.8242002725601196, rewards:-6.420555962456597, queue:5.7321180555555555, delay:0.052007834116617836, throughput:1440
episode:39/200, real avg travel time:210.80972222222223
intersection:0, mean_episode_reward:-1.3047223091125488, mean_queue:10.947221755981445
intersection:1, mean_episode_reward:-0.17222227156162262, mean_queue:10.516666412353516
intersection:2, mean_episode_reward:-0.4380554258823395, mean_queue:11.04444408416748
intersection:3, mean_episode_reward:-1.0563890933990479, mean_queue:10.233333587646484
intersection:4, mean_episode_reward:-0.8125004172325134, mean_queue:11.083333015441895
intersection:5, mean_episode_reward:-0.23694434762001038, mean_queue:10.494444847106934
intersection:6, mean_episode_reward:0.2855556011199951, mean_queue:10.758333206176758
intersection:7, mean_episode_reward:-0.7677775621414185, mean_queue:10.497221946716309
intersection:8, mean_episode_reward:-0.2830555737018585, mean_queue:10.536110877990723
intersection:9, mean_episode_reward:-0.12277776747941971, mean_queue:10.63888931274414
intersection:10, mean_episode_reward:-0.03777775913476944, mean_queue:10.883333206176758
intersection:11, mean_episode_reward:-0.1833333522081375, mean_queue:10.43055534362793
intersection:12, mean_episode_reward:-1.135000228881836, mean_queue:10.833333015441895
intersection:13, mean_episode_reward:-0.4472220242023468, mean_queue:10.597222328186035
intersection:14, mean_episode_reward:-0.5133332014083862, mean_queue:10.644444465637207
intersection:15, mean_episode_reward:-1.4047224521636963, mean_queue:10.627778053283691
intersection:16, mean_episode_reward:0.09138887375593185, mean_queue:0.7749999761581421
intersection:17, mean_episode_reward:0.10305557399988174, mean_queue:0.7777777910232544
intersection:18, mean_episode_reward:0.05944446474313736, mean_queue:0.7888888716697693
intersection:19, mean_episode_reward:0.13666671514511108, mean_queue:0.8166666626930237
intersection:20, mean_episode_reward:0.2161109745502472, mean_queue:0.7527777552604675
intersection:21, mean_episode_reward:0.162222221493721, mean_queue:0.8138889074325562
intersection:22, mean_episode_reward:0.15999998152256012, mean_queue:0.7888888716697693
intersection:23, mean_episode_reward:-0.0022222218103706837, mean_queue:0.7805555462837219
intersection:24, mean_episode_reward:0.16833336651325226, mean_queue:0.7749999761581421
intersection:25, mean_episode_reward:0.16305550932884216, mean_queue:0.7749999761581421
intersection:26, mean_episode_reward:0.15444445610046387, mean_queue:0.75
intersection:27, mean_episode_reward:0.1799999475479126, mean_queue:0.769444465637207
intersection:28, mean_episode_reward:0.18416669964790344, mean_queue:0.7833333611488342
intersection:29, mean_episode_reward:0.1622222512960434, mean_queue:0.8333333134651184
intersection:30, mean_episode_reward:0.1872221827507019, mean_queue:0.8722222447395325
intersection:31, mean_episode_reward:0.08361112326383591, mean_queue:0.8083333373069763
Test step:39/200, travel time :210.11335187760778, rewards:-6.312221950954861, queue:5.719184027777778, delay:0.05201170709398058, throughput:1438
step:3600/3600, q_loss:0.8161733746528625, rewards:-6.312778049045139, queue:5.770659722222222, delay:0.05252321031358507, throughput:1439
episode:40/200, real avg travel time:214.60319666435024
intersection:0, mean_episode_reward:-1.1244444847106934, mean_queue:10.68055534362793
intersection:1, mean_episode_reward:0.7588886618614197, mean_queue:10.747221946716309
intersection:2, mean_episode_reward:-0.3780553638935089, mean_queue:10.941666603088379
intersection:3, mean_episode_reward:-1.0263887643814087, mean_queue:10.183333396911621
intersection:4, mean_episode_reward:-0.7688891291618347, mean_queue:11.038888931274414
intersection:5, mean_episode_reward:-1.2766664028167725, mean_queue:11.697221755981445
intersection:6, mean_episode_reward:0.2616667151451111, mean_queue:10.79444408416748
intersection:7, mean_episode_reward:-0.7927776575088501, mean_queue:10.574999809265137
intersection:8, mean_episode_reward:-0.4797222912311554, mean_queue:10.733333587646484
intersection:9, mean_episode_reward:0.11833339184522629, mean_queue:10.51111125946045
intersection:10, mean_episode_reward:-0.13805553317070007, mean_queue:10.824999809265137
intersection:11, mean_episode_reward:-0.24472235143184662, mean_queue:10.48611068725586
intersection:12, mean_episode_reward:-1.041388750076294, mean_queue:10.800000190734863
intersection:13, mean_episode_reward:-0.6616665124893188, mean_queue:10.788888931274414
intersection:14, mean_episode_reward:-0.508055567741394, mean_queue:10.597222328186035
intersection:15, mean_episode_reward:-1.2397223711013794, mean_queue:10.600000381469727
intersection:16, mean_episode_reward:0.1038888692855835, mean_queue:0.7749999761581421
intersection:17, mean_episode_reward:0.18972210586071014, mean_queue:0.7777777910232544
intersection:18, mean_episode_reward:0.11500001698732376, mean_queue:0.7888888716697693
intersection:19, mean_episode_reward:0.1344444751739502, mean_queue:0.8166666626930237
intersection:20, mean_episode_reward:0.14916658401489258, mean_queue:0.7527777552604675
intersection:21, mean_episode_reward:0.14750002324581146, mean_queue:0.8138889074325562
intersection:22, mean_episode_reward:0.17611108720302582, mean_queue:0.7888888716697693
intersection:23, mean_episode_reward:0.008611106313765049, mean_queue:0.7805555462837219
intersection:24, mean_episode_reward:0.19416667520999908, mean_queue:0.7749999761581421
intersection:25, mean_episode_reward:0.15805542469024658, mean_queue:0.7749999761581421
intersection:26, mean_episode_reward:0.1600000113248825, mean_queue:0.75
intersection:27, mean_episode_reward:0.16722221672534943, mean_queue:0.769444465637207
intersection:28, mean_episode_reward:0.16527774930000305, mean_queue:0.7833333611488342
intersection:29, mean_episode_reward:0.12166667729616165, mean_queue:0.8333333134651184
intersection:30, mean_episode_reward:0.16055552661418915, mean_queue:0.8722222447395325
intersection:31, mean_episode_reward:0.07750000059604645, mean_queue:0.8083333373069763
Test step:40/200, travel time :208.60361613351878, rewards:-6.23416748046875, queue:5.70390625, delay:0.051077185736762155, throughput:1438
step:3600/3600, q_loss:0.8137544393539429, rewards:-6.2388902452256945, queue:5.711979166666667, delay:0.0523937119377984, throughput:1438
episode:41/200, real avg travel time:209.7962447844228
intersection:0, mean_episode_reward:-1.0494444370269775, mean_queue:10.622221946716309
intersection:1, mean_episode_reward:-0.2763887941837311, mean_queue:10.411110877990723
intersection:2, mean_episode_reward:-0.5133332014083862, mean_queue:11.094444274902344
intersection:3, mean_episode_reward:-1.0802781581878662, mean_queue:10.088889122009277
intersection:4, mean_episode_reward:-0.7063888907432556, mean_queue:11.052778244018555
intersection:5, mean_episode_reward:-0.2080555558204651, mean_queue:10.48888874053955
intersection:6, mean_episode_reward:0.4683332145214081, mean_queue:10.769444465637207
intersection:7, mean_episode_reward:-0.9058336019515991, mean_queue:10.463889122009277
intersection:8, mean_episode_reward:-0.5630556344985962, mean_queue:10.772222518920898
intersection:9, mean_episode_reward:0.19388893246650696, mean_queue:10.438888549804688
intersection:10, mean_episode_reward:-0.020277775824069977, mean_queue:10.838889122009277
intersection:11, mean_episode_reward:-0.13805554807186127, mean_queue:10.36111068725586
intersection:12, mean_episode_reward:-0.9791668653488159, mean_queue:10.744444847106934
intersection:13, mean_episode_reward:-0.7261111736297607, mean_queue:10.752778053283691
intersection:14, mean_episode_reward:-0.31000009179115295, mean_queue:10.494444847106934
intersection:15, mean_episode_reward:-1.4827779531478882, mean_queue:10.727777481079102
intersection:16, mean_episode_reward:0.06972221285104752, mean_queue:0.7749999761581421
intersection:17, mean_episode_reward:0.13611112534999847, mean_queue:0.7777777910232544
intersection:18, mean_episode_reward:0.06472223252058029, mean_queue:0.7888888716697693
intersection:19, mean_episode_reward:0.12611114978790283, mean_queue:0.8166666626930237
intersection:20, mean_episode_reward:0.17555545270442963, mean_queue:0.7527777552604675
intersection:21, mean_episode_reward:0.12805555760860443, mean_queue:0.8138889074325562
intersection:22, mean_episode_reward:0.14444442093372345, mean_queue:0.7888888716697693
intersection:23, mean_episode_reward:-0.0022222218103706837, mean_queue:0.7805555462837219
intersection:24, mean_episode_reward:0.1741667240858078, mean_queue:0.7749999761581421
intersection:25, mean_episode_reward:0.1338888555765152, mean_queue:0.7749999761581421
intersection:26, mean_episode_reward:0.18222223222255707, mean_queue:0.75
intersection:27, mean_episode_reward:0.17222219705581665, mean_queue:0.769444465637207
intersection:28, mean_episode_reward:0.16444441676139832, mean_queue:0.7833333611488342
intersection:29, mean_episode_reward:0.12861111760139465, mean_queue:0.8333333134651184
intersection:30, mean_episode_reward:0.1780555248260498, mean_queue:0.8722222447395325
intersection:31, mean_episode_reward:0.08194443583488464, mean_queue:0.8083333373069763
Test step:41/200, travel time :212.23300970873785, rewards:-6.321668158637153, queue:5.740104166666667, delay:0.05249913533528646, throughput:1442
step:3600/3600, q_loss:0.8146169185638428, rewards:-6.328610568576389, queue:5.728993055555556, delay:0.05325644810994466, throughput:1443
episode:42/200, real avg travel time:211.55232155232156
intersection:0, mean_episode_reward:-1.1697221994400024, mean_queue:10.716666221618652
intersection:1, mean_episode_reward:-0.4138888120651245, mean_queue:10.324999809265137
intersection:2, mean_episode_reward:-0.6324998140335083, mean_queue:11.050000190734863
intersection:3, mean_episode_reward:-0.9713891744613647, mean_queue:10.016666412353516
intersection:4, mean_episode_reward:-0.708055853843689, mean_queue:11.18055534362793
intersection:5, mean_episode_reward:-0.10055548697710037, mean_queue:10.441666603088379
intersection:6, mean_episode_reward:0.42444437742233276, mean_queue:10.95555591583252
intersection:7, mean_episode_reward:-0.9863888025283813, mean_queue:10.677778244018555
intersection:8, mean_episode_reward:-0.436111181974411, mean_queue:10.68055534362793
intersection:9, mean_episode_reward:-0.033333368599414825, mean_queue:10.449999809265137
intersection:10, mean_episode_reward:0.1619444489479065, mean_queue:10.816666603088379
intersection:11, mean_episode_reward:-0.33000004291534424, mean_queue:10.54444408416748
intersection:12, mean_episode_reward:-1.1830556392669678, mean_queue:10.911110877990723
intersection:13, mean_episode_reward:-0.351944237947464, mean_queue:10.63611125946045
intersection:14, mean_episode_reward:-0.6030555963516235, mean_queue:10.630555152893066
intersection:15, mean_episode_reward:-1.2858330011367798, mean_queue:10.633333206176758
intersection:16, mean_episode_reward:0.09972220659255981, mean_queue:0.7749999761581421
intersection:17, mean_episode_reward:0.15722227096557617, mean_queue:0.7777777910232544
intersection:18, mean_episode_reward:0.07361111044883728, mean_queue:0.7888888716697693
intersection:19, mean_episode_reward:0.1391666978597641, mean_queue:0.8166666626930237
intersection:20, mean_episode_reward:0.20444446802139282, mean_queue:0.7527777552604675
intersection:21, mean_episode_reward:0.15222224593162537, mean_queue:0.8138889074325562
intersection:22, mean_episode_reward:0.14888885617256165, mean_queue:0.7888888716697693
intersection:23, mean_episode_reward:0.03138887137174606, mean_queue:0.7805555462837219
intersection:24, mean_episode_reward:0.1741667240858078, mean_queue:0.7749999761581421
intersection:25, mean_episode_reward:0.1658332347869873, mean_queue:0.7749999761581421
intersection:26, mean_episode_reward:0.18722227215766907, mean_queue:0.75
intersection:27, mean_episode_reward:0.18444441258907318, mean_queue:0.769444465637207
intersection:28, mean_episode_reward:0.17944440245628357, mean_queue:0.7833333611488342
intersection:29, mean_episode_reward:0.16500002145767212, mean_queue:0.8333333134651184
intersection:30, mean_episode_reward:0.14222219586372375, mean_queue:0.8722222447395325
intersection:31, mean_episode_reward:0.085833340883255, mean_queue:0.8083333373069763
Test step:42/200, travel time :208.63428174878555, rewards:-6.017221408420139, queue:5.703211805555555, delay:0.05147269037034777, throughput:1441
step:3600/3600, q_loss:0.8014957904815674, rewards:-6.221945529513889, queue:5.698003472222222, delay:0.05015224880642361, throughput:1444
episode:43/200, real avg travel time:207.99238227146813
intersection:0, mean_episode_reward:-0.9108332991600037, mean_queue:10.597222328186035
intersection:1, mean_episode_reward:-0.6069442629814148, mean_queue:10.48611068725586
intersection:2, mean_episode_reward:-0.4583333432674408, mean_queue:10.869444847106934
intersection:3, mean_episode_reward:-1.2758338451385498, mean_queue:10.26388931274414
intersection:4, mean_episode_reward:-0.7297220230102539, mean_queue:11.094444274902344
intersection:5, mean_episode_reward:0.05944444239139557, mean_queue:10.333333015441895
intersection:6, mean_episode_reward:0.21861116588115692, mean_queue:10.725000381469727
intersection:7, mean_episode_reward:-0.47250011563301086, mean_queue:10.30555534362793
intersection:8, mean_episode_reward:-0.4477781057357788, mean_queue:10.783333778381348
intersection:9, mean_episode_reward:0.07916665077209473, mean_queue:10.541666984558105
intersection:10, mean_episode_reward:0.1780555248260498, mean_queue:10.655555725097656
intersection:11, mean_episode_reward:-0.3344443738460541, mean_queue:10.458333015441895
intersection:12, mean_episode_reward:-1.0908339023590088, mean_queue:10.774999618530273
intersection:13, mean_episode_reward:-0.6716668605804443, mean_queue:10.649999618530273
intersection:14, mean_episode_reward:-0.5313889384269714, mean_queue:10.477777481079102
intersection:15, mean_episode_reward:-1.323333501815796, mean_queue:10.658333778381348
intersection:16, mean_episode_reward:0.06249997764825821, mean_queue:0.7749999761581421
intersection:17, mean_episode_reward:0.18777766823768616, mean_queue:0.7777777910232544
intersection:18, mean_episode_reward:0.0624999962747097, mean_queue:0.7888888716697693
intersection:19, mean_episode_reward:0.13111115992069244, mean_queue:0.8166666626930237
intersection:20, mean_episode_reward:0.18999989330768585, mean_queue:0.7527777552604675
intersection:21, mean_episode_reward:0.13305555284023285, mean_queue:0.8138889074325562
intersection:22, mean_episode_reward:0.1316666454076767, mean_queue:0.7888888716697693
intersection:23, mean_episode_reward:0.02277776226401329, mean_queue:0.7805555462837219
intersection:24, mean_episode_reward:0.18444451689720154, mean_queue:0.7749999761581421
intersection:25, mean_episode_reward:0.13944438099861145, mean_queue:0.7749999761581421
intersection:26, mean_episode_reward:0.16833339631557465, mean_queue:0.75
intersection:27, mean_episode_reward:0.1641666442155838, mean_queue:0.769444465637207
intersection:28, mean_episode_reward:0.15194439888000488, mean_queue:0.7833333611488342
intersection:29, mean_episode_reward:0.1208333745598793, mean_queue:0.8333333134651184
intersection:30, mean_episode_reward:0.1597221940755844, mean_queue:0.8722222447395325
intersection:31, mean_episode_reward:0.08611111342906952, mean_queue:0.8083333373069763
Test step:43/200, travel time :210.6846846846847, rewards:-6.251944986979167, queue:5.730034722222222, delay:0.052418592241075306, throughput:1443
step:3600/3600, q_loss:0.7915610671043396, rewards:-6.175001356336805, queue:5.731770833333333, delay:0.05256970723470052, throughput:1442
episode:44/200, real avg travel time:211.24202496532592
intersection:0, mean_episode_reward:-0.8655554056167603, mean_queue:10.577777862548828
intersection:1, mean_episode_reward:-0.6202782392501831, mean_queue:10.541666984558105
intersection:2, mean_episode_reward:-0.5372222661972046, mean_queue:10.975000381469727
intersection:3, mean_episode_reward:-1.2149996757507324, mean_queue:10.16944408416748
intersection:4, mean_episode_reward:-0.6025000810623169, mean_queue:11.230555534362793
intersection:5, mean_episode_reward:-0.10472220182418823, mean_queue:10.441666603088379
intersection:6, mean_episode_reward:0.24694451689720154, mean_queue:10.68055534362793
intersection:7, mean_episode_reward:-0.5938888788223267, mean_queue:10.391666412353516
intersection:8, mean_episode_reward:-0.4408334195613861, mean_queue:10.838889122009277
intersection:9, mean_episode_reward:-0.02583334781229496, mean_queue:10.719444274902344
intersection:10, mean_episode_reward:-0.33305567502975464, mean_queue:11.066666603088379
intersection:11, mean_episode_reward:-0.25361117720603943, mean_queue:10.508333206176758
intersection:12, mean_episode_reward:-1.0624998807907104, mean_queue:10.777777671813965
intersection:13, mean_episode_reward:-0.46138864755630493, mean_queue:10.702777862548828
intersection:14, mean_episode_reward:-0.36888888478279114, mean_queue:10.588889122009277
intersection:15, mean_episode_reward:-1.1436115503311157, mean_queue:10.54444408416748
intersection:16, mean_episode_reward:0.06777776777744293, mean_queue:0.7749999761581421
intersection:17, mean_episode_reward:0.20916666090488434, mean_queue:0.7777777910232544
intersection:18, mean_episode_reward:0.069444440305233, mean_queue:0.7888888716697693
intersection:19, mean_episode_reward:0.1255556046962738, mean_queue:0.8166666626930237
intersection:20, mean_episode_reward:0.1497221440076828, mean_queue:0.7527777552604675
intersection:21, mean_episode_reward:0.14222222566604614, mean_queue:0.8138889074325562
intersection:22, mean_episode_reward:0.2569444179534912, mean_queue:0.7888888716697693
intersection:23, mean_episode_reward:0.017499985173344612, mean_queue:0.7805555462837219
intersection:24, mean_episode_reward:0.15944446623325348, mean_queue:0.7749999761581421
intersection:25, mean_episode_reward:0.1699998825788498, mean_queue:0.7749999761581421
intersection:26, mean_episode_reward:0.15111111104488373, mean_queue:0.75
intersection:27, mean_episode_reward:0.17472220957279205, mean_queue:0.769444465637207
intersection:28, mean_episode_reward:0.18777777254581451, mean_queue:0.7833333611488342
intersection:29, mean_episode_reward:0.12444446235895157, mean_queue:0.8333333134651184
intersection:30, mean_episode_reward:0.11749996244907379, mean_queue:0.8722222447395325
intersection:31, mean_episode_reward:0.08361112326383591, mean_queue:0.8083333373069763
Test step:44/200, travel time :212.38781163434902, rewards:-6.152501085069445, queue:5.745138888888889, delay:0.05216357972886827, throughput:1444
step:3600/3600, q_loss:0.7868104577064514, rewards:-6.157500542534722, queue:5.736111111111111, delay:0.051883973015679256, throughput:1442
episode:45/200, real avg travel time:211.376560332871
intersection:0, mean_episode_reward:-0.7488889694213867, mean_queue:10.633333206176758
intersection:1, mean_episode_reward:-0.412777841091156, mean_queue:10.397222518920898
intersection:2, mean_episode_reward:-0.49305564165115356, mean_queue:10.844444274902344
intersection:3, mean_episode_reward:-0.9883331060409546, mean_queue:10.063888549804688
intersection:4, mean_episode_reward:-0.9402779340744019, mean_queue:11.413888931274414
intersection:5, mean_episode_reward:0.2966667711734772, mean_queue:10.425000190734863
intersection:6, mean_episode_reward:-0.16805563867092133, mean_queue:11.186111450195312
intersection:7, mean_episode_reward:-0.7363889217376709, mean_queue:10.586111068725586
intersection:8, mean_episode_reward:-0.3499998450279236, mean_queue:10.838889122009277
intersection:9, mean_episode_reward:0.053611163049936295, mean_queue:10.683333396911621
intersection:10, mean_episode_reward:0.00944444164633751, mean_queue:10.75
intersection:11, mean_episode_reward:-0.22722214460372925, mean_queue:10.38611125946045
intersection:12, mean_episode_reward:-1.1713892221450806, mean_queue:10.783333778381348
intersection:13, mean_episode_reward:-0.4938886761665344, mean_queue:10.69444465637207
intersection:14, mean_episode_reward:-0.5983335375785828, mean_queue:10.588889122009277
intersection:15, mean_episode_reward:-1.3391668796539307, mean_queue:10.619444847106934
intersection:16, mean_episode_reward:0.08249998092651367, mean_queue:0.7749999761581421
intersection:17, mean_episode_reward:0.19416660070419312, mean_queue:0.7777777910232544
intersection:18, mean_episode_reward:0.06583333760499954, mean_queue:0.7888888716697693
intersection:19, mean_episode_reward:0.12861114740371704, mean_queue:0.8166666626930237
intersection:20, mean_episode_reward:0.1469443440437317, mean_queue:0.7527777552604675
intersection:21, mean_episode_reward:0.12333335727453232, mean_queue:0.8138889074325562
intersection:22, mean_episode_reward:0.143333300948143, mean_queue:0.7888888716697693
intersection:23, mean_episode_reward:0.010833322070538998, mean_queue:0.7805555462837219
intersection:24, mean_episode_reward:0.1811111867427826, mean_queue:0.7749999761581421
intersection:25, mean_episode_reward:0.1658332347869873, mean_queue:0.7749999761581421
intersection:26, mean_episode_reward:0.14722223579883575, mean_queue:0.75
intersection:27, mean_episode_reward:0.22555546462535858, mean_queue:0.769444465637207
intersection:28, mean_episode_reward:0.15305553376674652, mean_queue:0.7833333611488342
intersection:29, mean_episode_reward:0.12361114472150803, mean_queue:0.8333333134651184
intersection:30, mean_episode_reward:0.15166664123535156, mean_queue:0.8722222447395325
intersection:31, mean_episode_reward:0.10694443434476852, mean_queue:0.8083333373069763
Test step:45/200, travel time :209.3347222222222, rewards:-6.127500406901041, queue:5.716927083333333, delay:0.05277488496568468, throughput:1440
step:3600/3600, q_loss:0.7840408086776733, rewards:-6.172777642144097, queue:5.74765625, delay:0.05342715581258138, throughput:1442
episode:46/200, real avg travel time:212.59292649098475
intersection:0, mean_episode_reward:-0.9022220969200134, mean_queue:10.56944465637207
intersection:1, mean_episode_reward:-0.39972221851348877, mean_queue:10.427778244018555
intersection:2, mean_episode_reward:-0.5977778434753418, mean_queue:11.038888931274414
intersection:3, mean_episode_reward:-1.2761114835739136, mean_queue:10.288888931274414
intersection:4, mean_episode_reward:-0.6269442439079285, mean_queue:10.969444274902344
intersection:5, mean_episode_reward:0.173611119389534, mean_queue:10.402777671813965
intersection:6, mean_episode_reward:-0.04944438487291336, mean_queue:11.274999618530273
intersection:7, mean_episode_reward:-0.5291664600372314, mean_queue:10.372221946716309
intersection:8, mean_episode_reward:-0.8691662549972534, mean_queue:11.147222518920898
intersection:9, mean_episode_reward:0.20194433629512787, mean_queue:10.766666412353516
intersection:10, mean_episode_reward:0.07388894259929657, mean_queue:10.827777862548828
intersection:11, mean_episode_reward:-0.33055537939071655, mean_queue:10.533333778381348
intersection:12, mean_episode_reward:-1.1361111402511597, mean_queue:10.877778053283691
intersection:13, mean_episode_reward:-0.3769443929195404, mean_queue:10.58055591583252
intersection:14, mean_episode_reward:-0.4769445061683655, mean_queue:10.602777481079102
intersection:15, mean_episode_reward:-1.1288893222808838, mean_queue:10.583333015441895
intersection:16, mean_episode_reward:0.04777776822447777, mean_queue:0.7749999761581421
intersection:17, mean_episode_reward:0.13972225785255432, mean_queue:0.7777777910232544
intersection:18, mean_episode_reward:0.09861107915639877, mean_queue:0.7888888716697693
intersection:19, mean_episode_reward:0.1341666877269745, mean_queue:0.8166666626930237
intersection:20, mean_episode_reward:0.17444440722465515, mean_queue:0.7527777552604675
intersection:21, mean_episode_reward:0.17750002443790436, mean_queue:0.8138889074325562
intersection:22, mean_episode_reward:0.1569444090127945, mean_queue:0.7888888716697693
intersection:23, mean_episode_reward:0.009444438852369785, mean_queue:0.7805555462837219
intersection:24, mean_episode_reward:0.1619444638490677, mean_queue:0.7749999761581421
intersection:25, mean_episode_reward:0.10305555909872055, mean_queue:0.7749999761581421
intersection:26, mean_episode_reward:0.17222219705581665, mean_queue:0.75
intersection:27, mean_episode_reward:0.15083330869674683, mean_queue:0.769444465637207
intersection:28, mean_episode_reward:0.20666658878326416, mean_queue:0.7833333611488342
intersection:29, mean_episode_reward:0.12944446504116058, mean_queue:0.8333333134651184
intersection:30, mean_episode_reward:0.12333329766988754, mean_queue:0.8722222447395325
intersection:31, mean_episode_reward:0.09166666865348816, mean_queue:0.8083333373069763
Test step:46/200, travel time :207.14632454923716, rewards:-6.094444444444444, queue:5.695138888888889, delay:0.05036279890272352, throughput:1442
step:3600/3600, q_loss:0.779123067855835, rewards:-6.25111083984375, queue:5.713628472222222, delay:0.05178613662719726, throughput:1442
episode:47/200, real avg travel time:209.28155339805826
intersection:0, mean_episode_reward:-0.9966661334037781, mean_queue:10.630555152893066
intersection:1, mean_episode_reward:-0.5558334589004517, mean_queue:10.516666412353516
intersection:2, mean_episode_reward:-0.5491667985916138, mean_queue:10.88611125946045
intersection:3, mean_episode_reward:-1.1925005912780762, mean_queue:10.130555152893066
intersection:4, mean_episode_reward:-0.9986110329627991, mean_queue:11.422222137451172
intersection:5, mean_episode_reward:0.08666665107011795, mean_queue:10.23611068725586
intersection:6, mean_episode_reward:0.4294445514678955, mean_queue:10.70555591583252
intersection:7, mean_episode_reward:-0.5524998903274536, mean_queue:10.383333206176758
intersection:8, mean_episode_reward:-0.2802777886390686, mean_queue:10.838889122009277
intersection:9, mean_episode_reward:-0.13944444060325623, mean_queue:10.538888931274414
intersection:10, mean_episode_reward:-0.011388898827135563, mean_queue:10.716666221618652
intersection:11, mean_episode_reward:-0.3241666853427887, mean_queue:10.441666603088379
intersection:12, mean_episode_reward:-1.1247227191925049, mean_queue:10.93055534362793
intersection:13, mean_episode_reward:-0.4102776348590851, mean_queue:10.602777481079102
intersection:14, mean_episode_reward:-0.5380554795265198, mean_queue:10.594444274902344
intersection:15, mean_episode_reward:-1.3169440031051636, mean_queue:10.600000381469727
intersection:16, mean_episode_reward:0.047499995678663254, mean_queue:0.7749999761581421
intersection:17, mean_episode_reward:0.26694434881210327, mean_queue:0.7777777910232544
intersection:18, mean_episode_reward:0.08500000834465027, mean_queue:0.7888888716697693
intersection:19, mean_episode_reward:0.14250001311302185, mean_queue:0.8166666626930237
intersection:20, mean_episode_reward:0.1727776974439621, mean_queue:0.7527777552604675
intersection:21, mean_episode_reward:0.1455555558204651, mean_queue:0.8138889074325562
intersection:22, mean_episode_reward:0.12361109256744385, mean_queue:0.7888888716697693
intersection:23, mean_episode_reward:0.03555554524064064, mean_queue:0.7805555462837219
intersection:24, mean_episode_reward:0.18527784943580627, mean_queue:0.7749999761581421
intersection:25, mean_episode_reward:0.14583328366279602, mean_queue:0.7749999761581421
intersection:26, mean_episode_reward:0.13500000536441803, mean_queue:0.75
intersection:27, mean_episode_reward:0.17722219228744507, mean_queue:0.769444465637207
intersection:28, mean_episode_reward:0.1711111068725586, mean_queue:0.7833333611488342
intersection:29, mean_episode_reward:0.09527778625488281, mean_queue:0.8333333134651184
intersection:30, mean_episode_reward:0.20999999344348907, mean_queue:0.8722222447395325
intersection:31, mean_episode_reward:0.08416666835546494, mean_queue:0.8083333373069763
Test step:47/200, travel time :208.2155232155232, rewards:-6.253333875868056, queue:5.702690972222222, delay:0.050403001573350696, throughput:1443
step:3600/3600, q_loss:0.7660244703292847, rewards:-6.206667751736111, queue:5.717447916666667, delay:0.05141751501295302, throughput:1441
episode:48/200, real avg travel time:209.13462873004858
intersection:0, mean_episode_reward:-1.1083331108093262, mean_queue:10.752778053283691
intersection:1, mean_episode_reward:-0.5066667199134827, mean_queue:10.466666221618652
intersection:2, mean_episode_reward:-0.6013891100883484, mean_queue:10.958333015441895
intersection:3, mean_episode_reward:-1.1844449043273926, mean_queue:10.197221755981445
intersection:4, mean_episode_reward:-0.7480553388595581, mean_queue:11.177778244018555
intersection:5, mean_episode_reward:-0.12833325564861298, mean_queue:10.44444465637207
intersection:6, mean_episode_reward:0.26805561780929565, mean_queue:10.752778053283691
intersection:7, mean_episode_reward:-0.43888893723487854, mean_queue:10.377778053283691
intersection:8, mean_episode_reward:-0.3936111330986023, mean_queue:10.755555152893066
intersection:9, mean_episode_reward:-0.013055560179054737, mean_queue:10.516666412353516
intersection:10, mean_episode_reward:0.033333297818899155, mean_queue:10.800000190734863
intersection:11, mean_episode_reward:-0.38749992847442627, mean_queue:10.54444408416748
intersection:12, mean_episode_reward:-0.9791669249534607, mean_queue:10.802778244018555
intersection:13, mean_episode_reward:-0.6702775955200195, mean_queue:10.683333396911621
intersection:14, mean_episode_reward:-0.40250012278556824, mean_queue:10.583333015441895
intersection:15, mean_episode_reward:-1.1283334493637085, mean_queue:10.483333587646484
intersection:16, mean_episode_reward:0.08694441616535187, mean_queue:0.7749999761581421
intersection:17, mean_episode_reward:0.19027771055698395, mean_queue:0.7777777910232544
intersection:18, mean_episode_reward:0.09222223609685898, mean_queue:0.7888888716697693
intersection:19, mean_episode_reward:0.14277780055999756, mean_queue:0.8166666626930237
intersection:20, mean_episode_reward:0.1847221404314041, mean_queue:0.7527777552604675
intersection:21, mean_episode_reward:0.14444445073604584, mean_queue:0.8138889074325562
intersection:22, mean_episode_reward:0.19666673243045807, mean_queue:0.7888888716697693
intersection:23, mean_episode_reward:0.036944430321455, mean_queue:0.7805555462837219
intersection:24, mean_episode_reward:0.1552778035402298, mean_queue:0.7749999761581421
intersection:25, mean_episode_reward:0.11972219496965408, mean_queue:0.7749999761581421
intersection:26, mean_episode_reward:0.1625000536441803, mean_queue:0.75
intersection:27, mean_episode_reward:0.14722220599651337, mean_queue:0.769444465637207
intersection:28, mean_episode_reward:0.1616666316986084, mean_queue:0.7833333611488342
intersection:29, mean_episode_reward:0.13111114501953125, mean_queue:0.8333333134651184
intersection:30, mean_episode_reward:0.1477777659893036, mean_queue:0.8722222447395325
intersection:31, mean_episode_reward:0.08222220093011856, mean_queue:0.8083333373069763
Test step:48/200, travel time :209.12838306731436, rewards:-6.1836127387152775, queue:5.720746527777778, delay:0.051331816779242624, throughput:1441
step:3600/3600, q_loss:0.7508015036582947, rewards:-6.192222086588542, queue:5.715451388888889, delay:0.051312796274820965, throughput:1441
episode:49/200, real avg travel time:208.65718251214435
intersection:0, mean_episode_reward:-0.8691669702529907, mean_queue:10.597222328186035
intersection:1, mean_episode_reward:-0.564166784286499, mean_queue:10.438888549804688
intersection:2, mean_episode_reward:-0.4861108660697937, mean_queue:10.866666793823242
intersection:3, mean_episode_reward:-1.0316669940948486, mean_queue:10.041666984558105
intersection:4, mean_episode_reward:-0.9708328247070312, mean_queue:11.26111125946045
intersection:5, mean_episode_reward:-0.11472227424383163, mean_queue:10.347222328186035
intersection:6, mean_episode_reward:0.3261110186576843, mean_queue:10.844444274902344
intersection:7, mean_episode_reward:-0.6761111617088318, mean_queue:10.43055534362793
intersection:8, mean_episode_reward:-0.7230558395385742, mean_queue:11.141666412353516
intersection:9, mean_episode_reward:0.2783333361148834, mean_queue:10.658333778381348
intersection:10, mean_episode_reward:-0.08722223341464996, mean_queue:10.79444408416748
intersection:11, mean_episode_reward:-0.39972221851348877, mean_queue:10.469444274902344
intersection:12, mean_episode_reward:-0.9111109375953674, mean_queue:10.63888931274414
intersection:13, mean_episode_reward:-0.6011109948158264, mean_queue:10.61388874053955
intersection:14, mean_episode_reward:-0.5058334469795227, mean_queue:10.522222518920898
intersection:15, mean_episode_reward:-1.1936105489730835, mean_queue:10.566666603088379
intersection:16, mean_episode_reward:0.12305554002523422, mean_queue:0.7749999761581421
intersection:17, mean_episode_reward:0.1852777749300003, mean_queue:0.7777777910232544
intersection:18, mean_episode_reward:0.0902777686715126, mean_queue:0.7888888716697693
intersection:19, mean_episode_reward:0.14500001072883606, mean_queue:0.8166666626930237
intersection:20, mean_episode_reward:0.20611105859279633, mean_queue:0.7527777552604675
intersection:21, mean_episode_reward:0.12833334505558014, mean_queue:0.8138889074325562
intersection:22, mean_episode_reward:0.1458333134651184, mean_queue:0.7888888716697693
intersection:23, mean_episode_reward:0.02805553749203682, mean_queue:0.7805555462837219
intersection:24, mean_episode_reward:0.15583336353302002, mean_queue:0.7749999761581421
intersection:25, mean_episode_reward:0.18472221493721008, mean_queue:0.7749999761581421
intersection:26, mean_episode_reward:0.18694446980953217, mean_queue:0.75
intersection:27, mean_episode_reward:0.17527775466442108, mean_queue:0.769444465637207
intersection:28, mean_episode_reward:0.17166663706302643, mean_queue:0.7833333611488342
intersection:29, mean_episode_reward:0.12583334743976593, mean_queue:0.8333333134651184
intersection:30, mean_episode_reward:0.17361107468605042, mean_queue:0.8722222447395325
intersection:31, mean_episode_reward:0.11194442212581635, mean_queue:0.8083333373069763
Test step:49/200, travel time :207.25589459084605, rewards:-6.317501491970486, queue:5.696006944444444, delay:0.05098356670803494, throughput:1442
step:3600/3600, q_loss:0.7429792881011963, rewards:-6.110834418402778, queue:5.704861111111111, delay:0.05198089811537001, throughput:1440
episode:50/200, real avg travel time:208.01597222222222
intersection:0, mean_episode_reward:-0.867222249507904, mean_queue:10.597222328186035
intersection:1, mean_episode_reward:-0.4447222352027893, mean_queue:10.383333206176758
intersection:2, mean_episode_reward:-0.6930556297302246, mean_queue:10.997221946716309
intersection:3, mean_episode_reward:-1.17027747631073, mean_queue:10.102777481079102
intersection:4, mean_episode_reward:-0.5852779150009155, mean_queue:11.052778244018555
intersection:5, mean_episode_reward:-0.25499993562698364, mean_queue:10.475000381469727
intersection:6, mean_episode_reward:0.39916670322418213, mean_queue:10.83055591583252
intersection:7, mean_episode_reward:-0.4772222638130188, mean_queue:10.338889122009277
intersection:8, mean_episode_reward:-0.496111124753952, mean_queue:10.783333778381348
intersection:9, mean_episode_reward:0.01444440707564354, mean_queue:10.69444465637207
intersection:10, mean_episode_reward:-0.3388887643814087, mean_queue:10.916666984558105
intersection:11, mean_episode_reward:-0.13972210884094238, mean_queue:10.344444274902344
intersection:12, mean_episode_reward:-1.0091667175292969, mean_queue:10.688888549804688
intersection:13, mean_episode_reward:-0.49777767062187195, mean_queue:10.647222518920898
intersection:14, mean_episode_reward:-0.4191667437553406, mean_queue:10.438888549804688
intersection:15, mean_episode_reward:-1.2994449138641357, mean_queue:10.602777481079102
intersection:16, mean_episode_reward:0.0786110907793045, mean_queue:0.7749999761581421
intersection:17, mean_episode_reward:0.2099999487400055, mean_queue:0.7777777910232544
intersection:18, mean_episode_reward:0.07611112296581268, mean_queue:0.7888888716697693
intersection:19, mean_episode_reward:0.13527782261371613, mean_queue:0.8166666626930237
intersection:20, mean_episode_reward:0.2011110484600067, mean_queue:0.7527777552604675
intersection:21, mean_episode_reward:0.14027777314186096, mean_queue:0.8138889074325562
intersection:22, mean_episode_reward:0.12416663765907288, mean_queue:0.7888888716697693
intersection:23, mean_episode_reward:0.02416665107011795, mean_queue:0.7805555462837219
intersection:24, mean_episode_reward:0.16638889908790588, mean_queue:0.7749999761581421
intersection:25, mean_episode_reward:0.136388897895813, mean_queue:0.7749999761581421
intersection:26, mean_episode_reward:0.15833336114883423, mean_queue:0.75
intersection:27, mean_episode_reward:0.14888890087604523, mean_queue:0.769444465637207
intersection:28, mean_episode_reward:0.1691666543483734, mean_queue:0.7833333611488342
intersection:29, mean_episode_reward:0.16277781128883362, mean_queue:0.8333333134651184
intersection:30, mean_episode_reward:0.13666664063930511, mean_queue:0.8722222447395325
intersection:31, mean_episode_reward:0.10027777403593063, mean_queue:0.8083333373069763
Test step:50/200, travel time :208.88280166435507, rewards:-6.248611111111111, queue:5.703125, delay:0.05078202353583442, throughput:1442
step:3600/3600, q_loss:0.7298991084098816, rewards:-6.211667209201389, queue:5.719184027777778, delay:0.0524845388200548, throughput:1442
episode:51/200, real avg travel time:210.57905686546462
intersection:0, mean_episode_reward:-1.032222032546997, mean_queue:10.647222518920898
intersection:1, mean_episode_reward:-0.25138887763023376, mean_queue:10.405555725097656
intersection:2, mean_episode_reward:-0.8786107301712036, mean_queue:11.272222518920898
intersection:3, mean_episode_reward:-1.2027778625488281, mean_queue:10.166666984558105
intersection:4, mean_episode_reward:-0.5652780532836914, mean_queue:11.052778244018555
intersection:5, mean_episode_reward:-0.22861109673976898, mean_queue:10.458333015441895
intersection:6, mean_episode_reward:0.24388885498046875, mean_queue:10.95555591583252
intersection:7, mean_episode_reward:-0.3188888430595398, mean_queue:10.311111450195312
intersection:8, mean_episode_reward:-0.33277764916419983, mean_queue:10.672222137451172
intersection:9, mean_episode_reward:-0.05833332985639572, mean_queue:10.48611068725586
intersection:10, mean_episode_reward:-0.06861111521720886, mean_queue:10.905555725097656
intersection:11, mean_episode_reward:-0.09500007331371307, mean_queue:10.477777481079102
intersection:12, mean_episode_reward:-1.2952778339385986, mean_queue:10.850000381469727
intersection:13, mean_episode_reward:-0.33750006556510925, mean_queue:10.519444465637207
intersection:14, mean_episode_reward:-0.45138901472091675, mean_queue:10.458333015441895
intersection:15, mean_episode_reward:-1.4083335399627686, mean_queue:10.713889122009277
intersection:16, mean_episode_reward:0.07416664808988571, mean_queue:0.7749999761581421
intersection:17, mean_episode_reward:0.13777777552604675, mean_queue:0.7777777910232544
intersection:18, mean_episode_reward:0.07611111551523209, mean_queue:0.7888888716697693
intersection:19, mean_episode_reward:0.1277778297662735, mean_queue:0.8166666626930237
intersection:20, mean_episode_reward:0.1658332645893097, mean_queue:0.7527777552604675
intersection:21, mean_episode_reward:0.14666667580604553, mean_queue:0.8138889074325562
intersection:22, mean_episode_reward:0.18888893723487854, mean_queue:0.7888888716697693
intersection:23, mean_episode_reward:0.0416666679084301, mean_queue:0.7805555462837219
intersection:24, mean_episode_reward:0.15000002086162567, mean_queue:0.7749999761581421
intersection:25, mean_episode_reward:0.1524999439716339, mean_queue:0.7749999761581421
intersection:26, mean_episode_reward:0.1527777761220932, mean_queue:0.75
intersection:27, mean_episode_reward:0.15111111104488373, mean_queue:0.769444465637207
intersection:28, mean_episode_reward:0.154722198843956, mean_queue:0.7833333611488342
intersection:29, mean_episode_reward:0.11444445699453354, mean_queue:0.8333333134651184
intersection:30, mean_episode_reward:0.11833329498767853, mean_queue:0.8722222447395325
intersection:31, mean_episode_reward:0.11666665971279144, mean_queue:0.8083333373069763
Test step:51/200, travel time :208.3150589868147, rewards:-6.0625, queue:5.702170138888889, delay:0.05079374313354492, throughput:1441
step:3600/3600, q_loss:0.7340039014816284, rewards:-6.11944580078125, queue:5.718923611111111, delay:0.05270905494689941, throughput:1441
episode:52/200, real avg travel time:210.15822345593338
intersection:0, mean_episode_reward:-0.9805554747581482, mean_queue:10.752778053283691
intersection:1, mean_episode_reward:-0.38555553555488586, mean_queue:10.574999809265137
intersection:2, mean_episode_reward:-0.7113890051841736, mean_queue:11.186111450195312
intersection:3, mean_episode_reward:-1.4336117506027222, mean_queue:10.380555152893066
intersection:4, mean_episode_reward:-0.9130554795265198, mean_queue:11.177778244018555
intersection:5, mean_episode_reward:-0.009444423951208591, mean_queue:10.26388931274414
intersection:6, mean_episode_reward:0.6441666483879089, mean_queue:10.713889122009277
intersection:7, mean_episode_reward:-0.6286112666130066, mean_queue:10.427778244018555
intersection:8, mean_episode_reward:-0.3411112129688263, mean_queue:10.625
intersection:9, mean_episode_reward:0.05888884514570236, mean_queue:10.483333587646484
intersection:10, mean_episode_reward:-0.1550000011920929, mean_queue:10.81944465637207
intersection:11, mean_episode_reward:-0.2616666257381439, mean_queue:10.422222137451172
intersection:12, mean_episode_reward:-1.1958338022232056, mean_queue:10.822221755981445
intersection:13, mean_episode_reward:-0.5152779221534729, mean_queue:10.627778053283691
intersection:14, mean_episode_reward:-0.4299998879432678, mean_queue:10.433333396911621
intersection:15, mean_episode_reward:-1.4555559158325195, mean_queue:10.633333206176758
intersection:16, mean_episode_reward:0.0783333107829094, mean_queue:0.7749999761581421
intersection:17, mean_episode_reward:0.1227777823805809, mean_queue:0.7777777910232544
intersection:18, mean_episode_reward:0.10000000149011612, mean_queue:0.7888888716697693
intersection:19, mean_episode_reward:0.1275000423192978, mean_queue:0.8166666626930237
intersection:20, mean_episode_reward:0.22388888895511627, mean_queue:0.7527777552604675
intersection:21, mean_episode_reward:0.15305554866790771, mean_queue:0.8138889074325562
intersection:22, mean_episode_reward:0.2833334505558014, mean_queue:0.7888888716697693
intersection:23, mean_episode_reward:0.11722230166196823, mean_queue:0.7805555462837219
intersection:24, mean_episode_reward:0.18027782440185547, mean_queue:0.7749999761581421
intersection:25, mean_episode_reward:0.1658332347869873, mean_queue:0.7749999761581421
intersection:26, mean_episode_reward:0.14499999582767487, mean_queue:0.75
intersection:27, mean_episode_reward:0.1666666716337204, mean_queue:0.769444465637207
intersection:28, mean_episode_reward:0.2661110460758209, mean_queue:0.7833333611488342
intersection:29, mean_episode_reward:0.16999998688697815, mean_queue:0.8333333134651184
intersection:30, mean_episode_reward:0.1805555373430252, mean_queue:0.8722222447395325
intersection:31, mean_episode_reward:0.11361109465360641, mean_queue:0.8083333373069763
Test step:52/200, travel time :210.42649098474342, rewards:-6.165557183159722, queue:5.718663194444445, delay:0.05253093507554796, throughput:1442
step:3600/3600, q_loss:0.7252817153930664, rewards:-6.156944444444444, queue:5.710850694444445, delay:0.051483371522691515, throughput:1440
episode:53/200, real avg travel time:209.6513888888889
intersection:0, mean_episode_reward:-1.0386110544204712, mean_queue:10.69444465637207
intersection:1, mean_episode_reward:-0.5238887071609497, mean_queue:10.505555152893066
intersection:2, mean_episode_reward:-0.49861106276512146, mean_queue:10.949999809265137
intersection:3, mean_episode_reward:-1.225555181503296, mean_queue:10.302778244018555
intersection:4, mean_episode_reward:-0.7194446325302124, mean_queue:11.155555725097656
intersection:5, mean_episode_reward:-0.06861117482185364, mean_queue:10.358333587646484
intersection:6, mean_episode_reward:0.17805559933185577, mean_queue:10.891666412353516
intersection:7, mean_episode_reward:-0.396388977766037, mean_queue:10.26111125946045
intersection:8, mean_episode_reward:-0.10972221940755844, mean_queue:10.505555152893066
intersection:9, mean_episode_reward:-0.21888898313045502, mean_queue:10.683333396911621
intersection:10, mean_episode_reward:-0.18666674196720123, mean_queue:10.855555534362793
intersection:11, mean_episode_reward:-0.10111108422279358, mean_queue:10.369444847106934
intersection:12, mean_episode_reward:-1.1791667938232422, mean_queue:10.788888931274414
intersection:13, mean_episode_reward:-0.575555682182312, mean_queue:10.58055591583252
intersection:14, mean_episode_reward:-0.3605555295944214, mean_queue:10.441666603088379
intersection:15, mean_episode_reward:-1.3988889455795288, mean_queue:10.741666793823242
intersection:16, mean_episode_reward:0.0786110907793045, mean_queue:0.7749999761581421
intersection:17, mean_episode_reward:0.12305557727813721, mean_queue:0.7777777910232544
intersection:18, mean_episode_reward:0.06805557012557983, mean_queue:0.7888888716697693
intersection:19, mean_episode_reward:0.1297222524881363, mean_queue:0.8166666626930237
intersection:20, mean_episode_reward:0.2661110758781433, mean_queue:0.7527777552604675
intersection:21, mean_episode_reward:0.1391666680574417, mean_queue:0.8138889074325562
intersection:22, mean_episode_reward:0.10472214967012405, mean_queue:0.7888888716697693
intersection:23, mean_episode_reward:0.14527784287929535, mean_queue:0.7805555462837219
intersection:24, mean_episode_reward:0.15694448351860046, mean_queue:0.7749999761581421
intersection:25, mean_episode_reward:0.13722218573093414, mean_queue:0.7749999761581421
intersection:26, mean_episode_reward:0.1744445115327835, mean_queue:0.75
intersection:27, mean_episode_reward:0.1805555522441864, mean_queue:0.769444465637207
intersection:28, mean_episode_reward:0.1594444215297699, mean_queue:0.7833333611488342
intersection:29, mean_episode_reward:0.10777781903743744, mean_queue:0.8333333134651184
intersection:30, mean_episode_reward:0.15638884902000427, mean_queue:0.8722222447395325
intersection:31, mean_episode_reward:0.1391666680574417, mean_queue:0.8083333373069763
Test step:53/200, travel time :208.7056786703601, rewards:-6.080556911892361, queue:5.706076388888889, delay:0.050853294796413845, throughput:1444
step:3600/3600, q_loss:0.7182987928390503, rewards:-6.1683336046006945, queue:5.694791666666666, delay:0.049865600797865124, throughput:1442
episode:54/200, real avg travel time:207.19001386962552
intersection:0, mean_episode_reward:-1.0627778768539429, mean_queue:10.733333587646484
intersection:1, mean_episode_reward:-0.40611106157302856, mean_queue:10.449999809265137
intersection:2, mean_episode_reward:-0.6808331608772278, mean_queue:11.05555534362793
intersection:3, mean_episode_reward:-1.2658334970474243, mean_queue:10.252778053283691
intersection:4, mean_episode_reward:-0.6102774739265442, mean_queue:11.027777671813965
intersection:5, mean_episode_reward:0.023888906463980675, mean_queue:10.19444465637207
intersection:6, mean_episode_reward:0.24027785658836365, mean_queue:10.81944465637207
intersection:7, mean_episode_reward:-0.5486111044883728, mean_queue:10.227777481079102
intersection:8, mean_episode_reward:-0.785277783870697, mean_queue:10.869444847106934
intersection:9, mean_episode_reward:0.043055497109889984, mean_queue:10.524999618530273
intersection:10, mean_episode_reward:-0.17722216248512268, mean_queue:10.897222518920898
intersection:11, mean_episode_reward:-0.19444440305233002, mean_queue:10.383333206176758
intersection:12, mean_episode_reward:-0.7975000739097595, mean_queue:10.574999809265137
intersection:13, mean_episode_reward:-0.6072221398353577, mean_queue:10.574999809265137
intersection:14, mean_episode_reward:-0.3641665577888489, mean_queue:10.397222518920898
intersection:15, mean_episode_reward:-1.346666693687439, mean_queue:10.588889122009277
intersection:16, mean_episode_reward:0.0924999862909317, mean_queue:0.7749999761581421
intersection:17, mean_episode_reward:0.12250000983476639, mean_queue:0.7777777910232544
intersection:18, mean_episode_reward:0.11083332449197769, mean_queue:0.7888888716697693
intersection:19, mean_episode_reward:0.13750001788139343, mean_queue:0.8166666626930237
intersection:20, mean_episode_reward:0.2080555409193039, mean_queue:0.7527777552604675
intersection:21, mean_episode_reward:0.12111112475395203, mean_queue:0.8138889074325562
intersection:22, mean_episode_reward:0.12166663259267807, mean_queue:0.7888888716697693
intersection:23, mean_episode_reward:0.1875, mean_queue:0.7805555462837219
intersection:24, mean_episode_reward:0.15416668355464935, mean_queue:0.7749999761581421
intersection:25, mean_episode_reward:0.13277775049209595, mean_queue:0.7749999761581421
intersection:26, mean_episode_reward:0.1627778261899948, mean_queue:0.75
intersection:27, mean_episode_reward:0.18194440007209778, mean_queue:0.769444465637207
intersection:28, mean_episode_reward:0.1966666281223297, mean_queue:0.7833333611488342
intersection:29, mean_episode_reward:0.1830555647611618, mean_queue:0.8333333134651184
intersection:30, mean_episode_reward:0.14638887345790863, mean_queue:0.8722222447395325
intersection:31, mean_episode_reward:0.11194445192813873, mean_queue:0.8083333373069763
Test step:54/200, travel time :206.76597222222222, rewards:-6.106667751736111, queue:5.699826388888889, delay:0.04934198591444228, throughput:1440
step:3600/3600, q_loss:0.7115764021873474, rewards:-6.343887668185764, queue:5.717881944444445, delay:0.050882148742675784, throughput:1442
episode:55/200, real avg travel time:209.7122052704577
intersection:0, mean_episode_reward:-1.0355556011199951, mean_queue:10.713889122009277
intersection:1, mean_episode_reward:-0.39111098647117615, mean_queue:10.447221755981445
intersection:2, mean_episode_reward:-0.5141668915748596, mean_queue:10.908333778381348
intersection:3, mean_episode_reward:-1.307499647140503, mean_queue:10.308333396911621
intersection:4, mean_episode_reward:-0.7283332943916321, mean_queue:11.088889122009277
intersection:5, mean_episode_reward:-0.14777782559394836, mean_queue:10.441666603088379
intersection:6, mean_episode_reward:0.24388889968395233, mean_queue:10.850000381469727
intersection:7, mean_episode_reward:-0.6361108422279358, mean_queue:10.316666603088379
intersection:8, mean_episode_reward:-0.28361114859580994, mean_queue:10.691666603088379
intersection:9, mean_episode_reward:-0.1916666477918625, mean_queue:10.672222137451172
intersection:10, mean_episode_reward:0.10694442689418793, mean_queue:10.73888874053955
intersection:11, mean_episode_reward:-0.15111111104488373, mean_queue:10.344444274902344
intersection:12, mean_episode_reward:-1.2469443082809448, mean_queue:10.897222518920898
intersection:13, mean_episode_reward:-0.5727778673171997, mean_queue:10.616666793823242
intersection:14, mean_episode_reward:-0.4947220981121063, mean_queue:10.563888549804688
intersection:15, mean_episode_reward:-1.4583330154418945, mean_queue:10.711111068725586
intersection:16, mean_episode_reward:0.09583330154418945, mean_queue:0.7749999761581421
intersection:17, mean_episode_reward:0.13138890266418457, mean_queue:0.7777777910232544
intersection:18, mean_episode_reward:0.0902777761220932, mean_queue:0.7888888716697693
intersection:19, mean_episode_reward:0.14944449067115784, mean_queue:0.8166666626930237
intersection:20, mean_episode_reward:0.21888883411884308, mean_queue:0.7527777552604675
intersection:21, mean_episode_reward:0.12638893723487854, mean_queue:0.8138889074325562
intersection:22, mean_episode_reward:0.16472217440605164, mean_queue:0.7888888716697693
intersection:23, mean_episode_reward:0.16222228109836578, mean_queue:0.7805555462837219
intersection:24, mean_episode_reward:0.2088889181613922, mean_queue:0.7749999761581421
intersection:25, mean_episode_reward:0.1900000274181366, mean_queue:0.7749999761581421
intersection:26, mean_episode_reward:0.12777778506278992, mean_queue:0.75
intersection:27, mean_episode_reward:0.17222222685813904, mean_queue:0.769444465637207
intersection:28, mean_episode_reward:0.18777777254581451, mean_queue:0.7833333611488342
intersection:29, mean_episode_reward:0.1158333495259285, mean_queue:0.8333333134651184
intersection:30, mean_episode_reward:0.17833329737186432, mean_queue:0.8722222447395325
intersection:31, mean_episode_reward:0.14500001072883606, mean_queue:0.8083333373069763
Test step:55/200, travel time :208.38615916955018, rewards:-6.247222222222222, queue:5.702864583333334, delay:0.05096262296040853, throughput:1445
step:3600/3600, q_loss:0.715326189994812, rewards:-6.281387668185764, queue:5.6969618055555555, delay:0.05058321952819824, throughput:1442
episode:56/200, real avg travel time:207.87101248266296
intersection:0, mean_episode_reward:-1.1844444274902344, mean_queue:10.788888931274414
intersection:1, mean_episode_reward:-0.3030555546283722, mean_queue:10.43055534362793
intersection:2, mean_episode_reward:-0.675277829170227, mean_queue:11.008333206176758
intersection:3, mean_episode_reward:-1.2947217226028442, mean_queue:10.175000190734863
intersection:4, mean_episode_reward:-0.8055552244186401, mean_queue:11.04444408416748
intersection:5, mean_episode_reward:0.024444444105029106, mean_queue:10.25
intersection:6, mean_episode_reward:0.21138885617256165, mean_queue:10.869444847106934
intersection:7, mean_episode_reward:-0.5027776956558228, mean_queue:10.19444465637207
intersection:8, mean_episode_reward:-0.24611112475395203, mean_queue:10.647222518920898
intersection:9, mean_episode_reward:-0.17694438993930817, mean_queue:10.566666603088379
intersection:10, mean_episode_reward:0.2761111557483673, mean_queue:10.769444465637207
intersection:11, mean_episode_reward:-0.3541666567325592, mean_queue:10.397222518920898
intersection:12, mean_episode_reward:-1.1638891696929932, mean_queue:10.774999618530273
intersection:13, mean_episode_reward:-0.646666407585144, mean_queue:10.622221946716309
intersection:14, mean_episode_reward:-0.5974999070167542, mean_queue:10.583333015441895
intersection:15, mean_episode_reward:-1.2547218799591064, mean_queue:10.519444465637207
intersection:16, mean_episode_reward:0.07611110061407089, mean_queue:0.7749999761581421
intersection:17, mean_episode_reward:0.1483333259820938, mean_queue:0.7777777910232544
intersection:18, mean_episode_reward:0.11305553466081619, mean_queue:0.7888888716697693
intersection:19, mean_episode_reward:0.1483333706855774, mean_queue:0.8166666626930237
intersection:20, mean_episode_reward:0.22305557131767273, mean_queue:0.7527777552604675
intersection:21, mean_episode_reward:0.13722220063209534, mean_queue:0.8138889074325562
intersection:22, mean_episode_reward:0.18916667997837067, mean_queue:0.7888888716697693
intersection:23, mean_episode_reward:0.1375000774860382, mean_queue:0.7805555462837219
intersection:24, mean_episode_reward:0.15666669607162476, mean_queue:0.7749999761581421
intersection:25, mean_episode_reward:0.1994444578886032, mean_queue:0.7749999761581421
intersection:26, mean_episode_reward:0.14388889074325562, mean_queue:0.75
intersection:27, mean_episode_reward:0.17277777194976807, mean_queue:0.769444465637207
intersection:28, mean_episode_reward:0.19111110270023346, mean_queue:0.7833333611488342
intersection:29, mean_episode_reward:0.11083336919546127, mean_queue:0.8333333134651184
intersection:30, mean_episode_reward:0.188888818025589, mean_queue:0.8722222447395325
intersection:31, mean_episode_reward:0.07611111551523209, mean_queue:0.8083333373069763
Test step:56/200, travel time :208.8, rewards:-6.403610568576389, queue:5.705555555555556, delay:0.05116981930202908, throughput:1440
step:3600/3600, q_loss:0.70453280210495, rewards:-6.216944037543403, queue:5.698263888888889, delay:0.05092121230231391, throughput:1441
episode:57/200, real avg travel time:207.1380985426787
intersection:0, mean_episode_reward:-0.9883332848548889, mean_queue:10.666666984558105
intersection:1, mean_episode_reward:-0.6572220921516418, mean_queue:10.524999618530273
intersection:2, mean_episode_reward:-0.357777863740921, mean_queue:10.922222137451172
intersection:3, mean_episode_reward:-1.2699999809265137, mean_queue:10.280555725097656
intersection:4, mean_episode_reward:-0.6925000548362732, mean_queue:11.063888549804688
intersection:5, mean_episode_reward:0.08527778089046478, mean_queue:10.197221755981445
intersection:6, mean_episode_reward:0.1111111119389534, mean_queue:10.866666793823242
intersection:7, mean_episode_reward:-0.5852779150009155, mean_queue:10.16944408416748
intersection:8, mean_episode_reward:-0.3544442057609558, mean_queue:10.608333587646484
intersection:9, mean_episode_reward:-0.08944444358348846, mean_queue:10.583333015441895
intersection:10, mean_episode_reward:-0.024166639894247055, mean_queue:10.908333778381348
intersection:11, mean_episode_reward:-0.3186109960079193, mean_queue:10.48611068725586
intersection:12, mean_episode_reward:-1.0802778005599976, mean_queue:10.808333396911621
intersection:13, mean_episode_reward:-0.645555317401886, mean_queue:10.572221755981445
intersection:14, mean_episode_reward:-0.3058333098888397, mean_queue:10.394444465637207
intersection:15, mean_episode_reward:-1.4275000095367432, mean_queue:10.630555152893066
intersection:16, mean_episode_reward:0.06499998271465302, mean_queue:0.7749999761581421
intersection:17, mean_episode_reward:0.13055557012557983, mean_queue:0.7777777910232544
intersection:18, mean_episode_reward:0.10972220450639725, mean_queue:0.7888888716697693
intersection:19, mean_episode_reward:0.13611114025115967, mean_queue:0.8166666626930237
intersection:20, mean_episode_reward:0.20361113548278809, mean_queue:0.7527777552604675
intersection:21, mean_episode_reward:0.12861110270023346, mean_queue:0.8138889074325562
intersection:22, mean_episode_reward:0.13361111283302307, mean_queue:0.7888888716697693
intersection:23, mean_episode_reward:0.1622222661972046, mean_queue:0.7805555462837219
intersection:24, mean_episode_reward:0.19972220063209534, mean_queue:0.7749999761581421
intersection:25, mean_episode_reward:0.20944444835186005, mean_queue:0.7749999761581421
intersection:26, mean_episode_reward:0.1719444841146469, mean_queue:0.75
intersection:27, mean_episode_reward:0.16916662454605103, mean_queue:0.769444465637207
intersection:28, mean_episode_reward:0.15805554389953613, mean_queue:0.7833333611488342
intersection:29, mean_episode_reward:0.10805558413267136, mean_queue:0.8333333134651184
intersection:30, mean_episode_reward:0.22777774930000305, mean_queue:0.8722222447395325
intersection:31, mean_episode_reward:0.07000000029802322, mean_queue:0.8083333373069763
Test step:57/200, travel time :206.81830790568654, rewards:-6.293056233723958, queue:5.6969618055555555, delay:0.049648380279541014, throughput:1442
step:3600/3600, q_loss:0.7039511203765869, rewards:-6.383055962456597, queue:5.706423611111111, delay:0.05122184223598904, throughput:1442
episode:58/200, real avg travel time:208.99930651872398
intersection:0, mean_episode_reward:-1.0041667222976685, mean_queue:10.686111450195312
intersection:1, mean_episode_reward:-0.5927779078483582, mean_queue:10.408333778381348
intersection:2, mean_episode_reward:-0.4591667056083679, mean_queue:10.858333587646484
intersection:3, mean_episode_reward:-1.336111068725586, mean_queue:10.372221946716309
intersection:4, mean_episode_reward:-0.8519445657730103, mean_queue:11.23611068725586
intersection:5, mean_episode_reward:0.10166668146848679, mean_queue:10.336111068725586
intersection:6, mean_episode_reward:0.2594444155693054, mean_queue:10.797222137451172
intersection:7, mean_episode_reward:-0.6613886952400208, mean_queue:10.372221946716309
intersection:8, mean_episode_reward:-0.2652777433395386, mean_queue:10.522222518920898
intersection:9, mean_episode_reward:-0.22999995946884155, mean_queue:10.61111068725586
intersection:10, mean_episode_reward:0.19777774810791016, mean_queue:10.711111068725586
intersection:11, mean_episode_reward:-0.3163888156414032, mean_queue:10.449999809265137
intersection:12, mean_episode_reward:-1.1961110830307007, mean_queue:10.791666984558105
intersection:13, mean_episode_reward:-0.7261111736297607, mean_queue:10.63611125946045
intersection:14, mean_episode_reward:-0.5455554723739624, mean_queue:10.566666603088379
intersection:15, mean_episode_reward:-1.36055588722229, mean_queue:10.588889122009277
intersection:16, mean_episode_reward:0.060555532574653625, mean_queue:0.7749999761581421
intersection:17, mean_episode_reward:0.2361110895872116, mean_queue:0.7777777910232544
intersection:18, mean_episode_reward:0.09333327412605286, mean_queue:0.7888888716697693
intersection:19, mean_episode_reward:0.13888892531394958, mean_queue:0.8166666626930237
intersection:20, mean_episode_reward:0.2377777099609375, mean_queue:0.7527777552604675
intersection:21, mean_episode_reward:0.16083334386348724, mean_queue:0.8138889074325562
intersection:22, mean_episode_reward:0.13472220301628113, mean_queue:0.7888888716697693
intersection:23, mean_episode_reward:0.08972228318452835, mean_queue:0.7805555462837219
intersection:24, mean_episode_reward:0.1600000113248825, mean_queue:0.7749999761581421
intersection:25, mean_episode_reward:0.2552778124809265, mean_queue:0.7749999761581421
intersection:26, mean_episode_reward:0.17777784168720245, mean_queue:0.75
intersection:27, mean_episode_reward:0.2236110270023346, mean_queue:0.769444465637207
intersection:28, mean_episode_reward:0.2213888168334961, mean_queue:0.7833333611488342
intersection:29, mean_episode_reward:0.13111113011837006, mean_queue:0.8333333134651184
intersection:30, mean_episode_reward:0.20777782797813416, mean_queue:0.8722222447395325
intersection:31, mean_episode_reward:0.07472222298383713, mean_queue:0.8083333373069763
Test step:58/200, travel time :207.29770992366412, rewards:-6.174721950954861, queue:5.693142361111111, delay:0.05043322775099013, throughput:1441
step:3600/3600, q_loss:0.6991210579872131, rewards:-6.260556369357639, queue:5.6956597222222225, delay:0.049018340640597874, throughput:1444
episode:59/200, real avg travel time:207.154432132964
intersection:0, mean_episode_reward:-1.0408332347869873, mean_queue:10.655555725097656
intersection:1, mean_episode_reward:-0.37305572628974915, mean_queue:10.413888931274414
intersection:2, mean_episode_reward:-0.29555559158325195, mean_queue:10.752778053283691
intersection:3, mean_episode_reward:-1.1155555248260498, mean_queue:10.202777862548828
intersection:4, mean_episode_reward:-0.6722221374511719, mean_queue:11.06944465637207
intersection:5, mean_episode_reward:-0.06888891011476517, mean_queue:10.283333778381348
intersection:6, mean_episode_reward:-0.03277771174907684, mean_queue:10.824999809265137
intersection:7, mean_episode_reward:-0.5588890314102173, mean_queue:10.23888874053955
intersection:8, mean_episode_reward:-0.5033335089683533, mean_queue:10.777777671813965
intersection:9, mean_episode_reward:-0.2013888955116272, mean_queue:10.649999618530273
intersection:10, mean_episode_reward:0.06194448098540306, mean_queue:10.797222137451172
intersection:11, mean_episode_reward:-0.17222225666046143, mean_queue:10.411110877990723
intersection:12, mean_episode_reward:-1.0555555820465088, mean_queue:10.716666221618652
intersection:13, mean_episode_reward:-0.5558332800865173, mean_queue:10.577777862548828
intersection:14, mean_episode_reward:-0.725000262260437, mean_queue:10.588889122009277
intersection:15, mean_episode_reward:-1.3088891506195068, mean_queue:10.63888931274414
intersection:16, mean_episode_reward:0.1361110955476761, mean_queue:0.7749999761581421
intersection:17, mean_episode_reward:0.189444437623024, mean_queue:0.7777777910232544
intersection:18, mean_episode_reward:0.12277780473232269, mean_queue:0.7888888716697693
intersection:19, mean_episode_reward:0.13611114025115967, mean_queue:0.8166666626930237
intersection:20, mean_episode_reward:0.2155555933713913, mean_queue:0.7527777552604675
intersection:21, mean_episode_reward:0.14222224056720734, mean_queue:0.8138889074325562
intersection:22, mean_episode_reward:0.09277775138616562, mean_queue:0.7888888716697693
intersection:23, mean_episode_reward:0.033055540174245834, mean_queue:0.7805555462837219
intersection:24, mean_episode_reward:0.16861113905906677, mean_queue:0.7749999761581421
intersection:25, mean_episode_reward:0.17444440722465515, mean_queue:0.7749999761581421
intersection:26, mean_episode_reward:0.15888893604278564, mean_queue:0.75
intersection:27, mean_episode_reward:0.17472219467163086, mean_queue:0.769444465637207
intersection:28, mean_episode_reward:0.20666655898094177, mean_queue:0.7833333611488342
intersection:29, mean_episode_reward:0.12166668474674225, mean_queue:0.8333333134651184
intersection:30, mean_episode_reward:0.20972231030464172, mean_queue:0.8722222447395325
intersection:31, mean_episode_reward:0.07472222298383713, mean_queue:0.8083333373069763
Test step:59/200, travel time :207.10880110880112, rewards:-6.271111382378472, queue:5.69453125, delay:0.049982674916585285, throughput:1443
step:3600/3600, q_loss:0.6919823288917542, rewards:-6.218333604600694, queue:5.690885416666666, delay:0.04980842272440592, throughput:1442
episode:60/200, real avg travel time:206.9126213592233
intersection:0, mean_episode_reward:-1.0819447040557861, mean_queue:10.797222137451172
intersection:1, mean_episode_reward:-0.5261111259460449, mean_queue:10.48611068725586
intersection:2, mean_episode_reward:-0.5252779126167297, mean_queue:10.899999618530273
intersection:3, mean_episode_reward:-0.9430554509162903, mean_queue:10.13611125946045
intersection:4, mean_episode_reward:-0.6933333277702332, mean_queue:10.958333015441895
intersection:5, mean_episode_reward:0.12611111998558044, mean_queue:10.213889122009277
intersection:6, mean_episode_reward:0.13916663825511932, mean_queue:10.741666793823242
intersection:7, mean_episode_reward:-0.6863887906074524, mean_queue:10.272222518920898
intersection:8, mean_episode_reward:-0.34222227334976196, mean_queue:10.602777481079102
intersection:9, mean_episode_reward:-0.325833261013031, mean_queue:10.786110877990723
intersection:10, mean_episode_reward:-0.09583333134651184, mean_queue:10.913888931274414
intersection:11, mean_episode_reward:-0.3277777433395386, mean_queue:10.372221946716309
intersection:12, mean_episode_reward:-1.1022223234176636, mean_queue:10.677778244018555
intersection:13, mean_episode_reward:-0.5483332276344299, mean_queue:10.661110877990723
intersection:14, mean_episode_reward:-0.46361100673675537, mean_queue:10.433333396911621
intersection:15, mean_episode_reward:-1.1905556917190552, mean_queue:10.494444847106934
intersection:16, mean_episode_reward:0.13999997079372406, mean_queue:0.7749999761581421
intersection:17, mean_episode_reward:0.1783333420753479, mean_queue:0.7777777910232544
intersection:18, mean_episode_reward:0.0950000137090683, mean_queue:0.7888888716697693
intersection:19, mean_episode_reward:0.14027780294418335, mean_queue:0.8166666626930237
intersection:20, mean_episode_reward:0.23444446921348572, mean_queue:0.7527777552604675
intersection:21, mean_episode_reward:0.1574999988079071, mean_queue:0.8138889074325562
intersection:22, mean_episode_reward:0.06722220778465271, mean_queue:0.7888888716697693
intersection:23, mean_episode_reward:0.05833333358168602, mean_queue:0.7805555462837219
intersection:24, mean_episode_reward:0.18194450438022614, mean_queue:0.7749999761581421
intersection:25, mean_episode_reward:0.19361110031604767, mean_queue:0.7749999761581421
intersection:26, mean_episode_reward:0.18222226202487946, mean_queue:0.75
intersection:27, mean_episode_reward:0.18138885498046875, mean_queue:0.769444465637207
intersection:28, mean_episode_reward:0.216666579246521, mean_queue:0.7833333611488342
intersection:29, mean_episode_reward:0.12416669726371765, mean_queue:0.8333333134651184
intersection:30, mean_episode_reward:0.1527777463197708, mean_queue:0.8722222447395325
intersection:31, mean_episode_reward:0.06499999761581421, mean_queue:0.8083333373069763
Test step:60/200, travel time :206.5048611111111, rewards:-6.038334147135417, queue:5.684027777777778, delay:0.049569023980034724, throughput:1440
step:3600/3600, q_loss:0.687870979309082, rewards:-6.246111382378472, queue:5.695052083333334, delay:0.049568525950113934, throughput:1441
episode:61/200, real avg travel time:206.34351145038167
intersection:0, mean_episode_reward:-1.041388750076294, mean_queue:10.744444847106934
intersection:1, mean_episode_reward:-0.6497222185134888, mean_queue:10.522222518920898
intersection:2, mean_episode_reward:-0.3636111915111542, mean_queue:10.838889122009277
intersection:3, mean_episode_reward:-1.0799996852874756, mean_queue:10.172222137451172
intersection:4, mean_episode_reward:-0.6544445753097534, mean_queue:10.980555534362793
intersection:5, mean_episode_reward:0.024999989196658134, mean_queue:10.333333015441895
intersection:6, mean_episode_reward:0.2244444340467453, mean_queue:10.769444465637207
intersection:7, mean_episode_reward:-0.6088889837265015, mean_queue:10.266666412353516
intersection:8, mean_episode_reward:-0.4952775835990906, mean_queue:10.647222518920898
intersection:9, mean_episode_reward:-0.15666668117046356, mean_queue:10.572221755981445
intersection:10, mean_episode_reward:-0.29083335399627686, mean_queue:10.933333396911621
intersection:11, mean_episode_reward:-0.24694456160068512, mean_queue:10.597222328186035
intersection:12, mean_episode_reward:-1.0522226095199585, mean_queue:10.711111068725586
intersection:13, mean_episode_reward:-0.6547224521636963, mean_queue:10.591666221618652
intersection:14, mean_episode_reward:-0.29083335399627686, mean_queue:10.286110877990723
intersection:15, mean_episode_reward:-1.2519447803497314, mean_queue:10.61388874053955
intersection:16, mean_episode_reward:0.1386110782623291, mean_queue:0.7749999761581421
intersection:17, mean_episode_reward:0.17111115157604218, mean_queue:0.7777777910232544
intersection:18, mean_episode_reward:0.15333333611488342, mean_queue:0.7888888716697693
intersection:19, mean_episode_reward:0.13861115276813507, mean_queue:0.8166666626930237
intersection:20, mean_episode_reward:0.22638893127441406, mean_queue:0.7527777552604675
intersection:21, mean_episode_reward:0.15666666626930237, mean_queue:0.8138889074325562
intersection:22, mean_episode_reward:0.07333330810070038, mean_queue:0.7888888716697693
intersection:23, mean_episode_reward:0.0369444414973259, mean_queue:0.7805555462837219
intersection:24, mean_episode_reward:0.19611111283302307, mean_queue:0.7749999761581421
intersection:25, mean_episode_reward:0.14861111342906952, mean_queue:0.7749999761581421
intersection:26, mean_episode_reward:0.14916668832302094, mean_queue:0.75
intersection:27, mean_episode_reward:0.20888879895210266, mean_queue:0.769444465637207
intersection:28, mean_episode_reward:0.18361110985279083, mean_queue:0.7833333611488342
intersection:29, mean_episode_reward:0.11638891696929932, mean_queue:0.8333333134651184
intersection:30, mean_episode_reward:0.17527776956558228, mean_queue:0.8722222447395325
intersection:31, mean_episode_reward:0.06888888031244278, mean_queue:0.8083333373069763
Test step:61/200, travel time :207.35803324099723, rewards:-5.984445529513889, queue:5.693489583333333, delay:0.04986421797010634, throughput:1444
step:3600/3600, q_loss:0.6907579898834229, rewards:-6.066387939453125, queue:5.681076388888889, delay:0.04819458855523003, throughput:1442
episode:62/200, real avg travel time:205.69070735090153
intersection:0, mean_episode_reward:-0.9961107969284058, mean_queue:10.616666793823242
intersection:1, mean_episode_reward:-0.3850000202655792, mean_queue:10.380555152893066
intersection:2, mean_episode_reward:-0.6408333778381348, mean_queue:10.911110877990723
intersection:3, mean_episode_reward:-0.9505555629730225, mean_queue:10.066666603088379
intersection:4, mean_episode_reward:-0.6886112093925476, mean_queue:10.952777862548828
intersection:5, mean_episode_reward:0.05138891190290451, mean_queue:10.23888874053955
intersection:6, mean_episode_reward:0.12777775526046753, mean_queue:10.902777671813965
intersection:7, mean_episode_reward:-0.7244443893432617, mean_queue:10.288888931274414
intersection:8, mean_episode_reward:-0.39861103892326355, mean_queue:10.75
intersection:9, mean_episode_reward:-0.060555554926395416, mean_queue:10.413888931274414
intersection:10, mean_episode_reward:0.003333335742354393, mean_queue:10.891666412353516
intersection:11, mean_episode_reward:-0.1991667002439499, mean_queue:10.458333015441895
intersection:12, mean_episode_reward:-1.0486104488372803, mean_queue:10.716666221618652
intersection:13, mean_episode_reward:-0.5791666507720947, mean_queue:10.530555725097656
intersection:14, mean_episode_reward:-0.4005555510520935, mean_queue:10.411110877990723
intersection:15, mean_episode_reward:-1.2652779817581177, mean_queue:10.602777481079102
intersection:16, mean_episode_reward:0.0761110857129097, mean_queue:0.7749999761581421
intersection:17, mean_episode_reward:0.17333337664604187, mean_queue:0.7777777910232544
intersection:18, mean_episode_reward:0.0858333483338356, mean_queue:0.7888888716697693
intersection:19, mean_episode_reward:0.14222224056720734, mean_queue:0.8166666626930237
intersection:20, mean_episode_reward:0.19361108541488647, mean_queue:0.7527777552604675
intersection:21, mean_episode_reward:0.17277778685092926, mean_queue:0.8138889074325562
intersection:22, mean_episode_reward:0.08249998092651367, mean_queue:0.7888888716697693
intersection:23, mean_episode_reward:0.038055554032325745, mean_queue:0.7805555462837219
intersection:24, mean_episode_reward:0.15000000596046448, mean_queue:0.7749999761581421
intersection:25, mean_episode_reward:0.17972218990325928, mean_queue:0.7749999761581421
intersection:26, mean_episode_reward:0.12583334743976593, mean_queue:0.75
intersection:27, mean_episode_reward:0.16611109673976898, mean_queue:0.769444465637207
intersection:28, mean_episode_reward:0.1805555373430252, mean_queue:0.7833333611488342
intersection:29, mean_episode_reward:0.1066666841506958, mean_queue:0.8333333134651184
intersection:30, mean_episode_reward:0.14722220599651337, mean_queue:0.8722222447395325
intersection:31, mean_episode_reward:0.06805556267499924, mean_queue:0.8083333373069763
Test step:62/200, travel time :206.26888426888428, rewards:-6.109723578559028, queue:5.686545138888889, delay:0.04935782750447591, throughput:1443
step:3600/3600, q_loss:0.6891174912452698, rewards:-6.144723849826389, queue:5.681076388888889, delay:0.04883877436319987, throughput:1442
episode:63/200, real avg travel time:205.42094313453538
intersection:0, mean_episode_reward:-1.083889365196228, mean_queue:10.672222137451172
intersection:1, mean_episode_reward:-0.542777955532074, mean_queue:10.41944408416748
intersection:2, mean_episode_reward:-0.6583332419395447, mean_queue:10.875
intersection:3, mean_episode_reward:-1.0311113595962524, mean_queue:10.141666412353516
intersection:4, mean_episode_reward:-0.6730558276176453, mean_queue:11.08055591583252
intersection:5, mean_episode_reward:0.10777775198221207, mean_queue:10.16944408416748
intersection:6, mean_episode_reward:0.23722228407859802, mean_queue:10.758333206176758
intersection:7, mean_episode_reward:-0.7222223877906799, mean_queue:10.291666984558105
intersection:8, mean_episode_reward:-0.36999982595443726, mean_queue:10.63888931274414
intersection:9, mean_episode_reward:-0.06666664779186249, mean_queue:10.475000381469727
intersection:10, mean_episode_reward:0.09666666388511658, mean_queue:10.777777671813965
intersection:11, mean_episode_reward:-0.3288889229297638, mean_queue:10.550000190734863
intersection:12, mean_episode_reward:-1.0674999952316284, mean_queue:10.699999809265137
intersection:13, mean_episode_reward:-0.6372220516204834, mean_queue:10.591666221618652
intersection:14, mean_episode_reward:-0.43666669726371765, mean_queue:10.369444847106934
intersection:15, mean_episode_reward:-1.3116668462753296, mean_queue:10.622221946716309
intersection:16, mean_episode_reward:0.07027775794267654, mean_queue:0.7749999761581421
intersection:17, mean_episode_reward:0.18638882040977478, mean_queue:0.7777777910232544
intersection:18, mean_episode_reward:0.11666664481163025, mean_queue:0.7888888716697693
intersection:19, mean_episode_reward:0.14694446325302124, mean_queue:0.8166666626930237
intersection:20, mean_episode_reward:0.25055554509162903, mean_queue:0.7527777552604675
intersection:21, mean_episode_reward:0.14305555820465088, mean_queue:0.8138889074325562
intersection:22, mean_episode_reward:0.09083329141139984, mean_queue:0.7888888716697693
intersection:23, mean_episode_reward:0.060277774930000305, mean_queue:0.7805555462837219
intersection:24, mean_episode_reward:0.1530555784702301, mean_queue:0.7749999761581421
intersection:25, mean_episode_reward:0.18444444239139557, mean_queue:0.7749999761581421
intersection:26, mean_episode_reward:0.1438889354467392, mean_queue:0.75
intersection:27, mean_episode_reward:0.17138886451721191, mean_queue:0.769444465637207
intersection:28, mean_episode_reward:0.2233332246541977, mean_queue:0.7833333611488342
intersection:29, mean_episode_reward:0.1252777874469757, mean_queue:0.8333333134651184
intersection:30, mean_episode_reward:0.19194437563419342, mean_queue:0.8722222447395325
intersection:31, mean_episode_reward:0.08527778089046478, mean_queue:0.8083333373069763
Test step:63/200, travel time :206.24879060124394, rewards:-6.168611653645834, queue:5.682291666666667, delay:0.04976742532518175, throughput:1447
step:3600/3600, q_loss:0.6920500993728638, rewards:-6.275834147135416, queue:5.686197916666667, delay:0.04970873726738824, throughput:1441
episode:64/200, real avg travel time:206.17279666897988
intersection:0, mean_episode_reward:-1.0844440460205078, mean_queue:10.772222518920898
intersection:1, mean_episode_reward:-0.7163887619972229, mean_queue:10.51111125946045
intersection:2, mean_episode_reward:-0.5136114358901978, mean_queue:10.891666412353516
intersection:3, mean_episode_reward:-1.1913890838623047, mean_queue:10.274999618530273
intersection:4, mean_episode_reward:-0.6341666579246521, mean_queue:10.922222137451172
intersection:5, mean_episode_reward:0.005277776625007391, mean_queue:10.230555534362793
intersection:6, mean_episode_reward:0.193888857960701, mean_queue:10.869444847106934
intersection:7, mean_episode_reward:-0.6305555701255798, mean_queue:10.36111068725586
intersection:8, mean_episode_reward:-0.32027775049209595, mean_queue:10.48888874053955
intersection:9, mean_episode_reward:-0.2358333021402359, mean_queue:10.583333015441895
intersection:10, mean_episode_reward:0.033333346247673035, mean_queue:10.841666221618652
intersection:11, mean_episode_reward:-0.3199998736381531, mean_queue:10.466666221618652
intersection:12, mean_episode_reward:-1.228611707687378, mean_queue:10.769444465637207
intersection:13, mean_episode_reward:-0.31999993324279785, mean_queue:10.383333206176758
intersection:14, mean_episode_reward:-0.44277775287628174, mean_queue:10.358333587646484
intersection:15, mean_episode_reward:-1.2916666269302368, mean_queue:10.572221755981445
intersection:16, mean_episode_reward:0.06111108884215355, mean_queue:0.7749999761581421
intersection:17, mean_episode_reward:0.15000000596046448, mean_queue:0.7777777910232544
intersection:18, mean_episode_reward:0.08972222357988358, mean_queue:0.7888888716697693
intersection:19, mean_episode_reward:0.13611115515232086, mean_queue:0.8166666626930237
intersection:20, mean_episode_reward:0.28055548667907715, mean_queue:0.7527777552604675
intersection:21, mean_episode_reward:0.15416668355464935, mean_queue:0.8138889074325562
intersection:22, mean_episode_reward:0.12388884276151657, mean_queue:0.7888888716697693
intersection:23, mean_episode_reward:0.10194449871778488, mean_queue:0.7805555462837219
intersection:24, mean_episode_reward:0.16527779400348663, mean_queue:0.7749999761581421
intersection:25, mean_episode_reward:0.22499993443489075, mean_queue:0.7749999761581421
intersection:26, mean_episode_reward:0.15916664898395538, mean_queue:0.75
intersection:27, mean_episode_reward:0.19333328306674957, mean_queue:0.769444465637207
intersection:28, mean_episode_reward:0.20611101388931274, mean_queue:0.7833333611488342
intersection:29, mean_episode_reward:0.13583335280418396, mean_queue:0.8333333134651184
intersection:30, mean_episode_reward:0.17138883471488953, mean_queue:0.8722222447395325
intersection:31, mean_episode_reward:0.06777779012918472, mean_queue:0.8083333373069763
Test step:64/200, travel time :205.1634349030471, rewards:-5.986388481987847, queue:5.680295138888889, delay:0.04902305603027344, throughput:1444
step:3600/3600, q_loss:0.6932650804519653, rewards:-6.247500271267361, queue:5.700260416666667, delay:0.04968530866834853, throughput:1441
episode:65/200, real avg travel time:207.39347675225537
intersection:0, mean_episode_reward:-1.0352779626846313, mean_queue:10.752778053283691
intersection:1, mean_episode_reward:-0.49972233176231384, mean_queue:10.436111450195312
intersection:2, mean_episode_reward:-0.471666544675827, mean_queue:10.933333396911621
intersection:3, mean_episode_reward:-1.0211111307144165, mean_queue:10.133333206176758
intersection:4, mean_episode_reward:-0.7191669940948486, mean_queue:10.983333587646484
intersection:5, mean_episode_reward:-0.03555556386709213, mean_queue:10.26111125946045
intersection:6, mean_episode_reward:-0.03222227096557617, mean_queue:10.969444274902344
intersection:7, mean_episode_reward:-0.5655555129051208, mean_queue:10.29444408416748
intersection:8, mean_episode_reward:-0.3363889753818512, mean_queue:10.547222137451172
intersection:9, mean_episode_reward:-0.20250000059604645, mean_queue:10.716666221618652
intersection:10, mean_episode_reward:-0.05222222954034805, mean_queue:10.883333206176758
intersection:11, mean_episode_reward:-0.19277778267860413, mean_queue:10.477777481079102
intersection:12, mean_episode_reward:-1.1366664171218872, mean_queue:10.755555152893066
intersection:13, mean_episode_reward:-0.5288887619972229, mean_queue:10.655555725097656
intersection:14, mean_episode_reward:-0.2474999725818634, mean_queue:10.283333778381348
intersection:15, mean_episode_reward:-1.4274994134902954, mean_queue:10.663888931274414
intersection:16, mean_episode_reward:0.13305553793907166, mean_queue:0.7749999761581421
intersection:17, mean_episode_reward:0.18805542588233948, mean_queue:0.7777777910232544
intersection:18, mean_episode_reward:0.11305554956197739, mean_queue:0.7888888716697693
intersection:19, mean_episode_reward:0.14805559813976288, mean_queue:0.8166666626930237
intersection:20, mean_episode_reward:0.17166656255722046, mean_queue:0.7527777552604675
intersection:21, mean_episode_reward:0.1369444578886032, mean_queue:0.8138889074325562
intersection:22, mean_episode_reward:0.05972221866250038, mean_queue:0.7888888716697693
intersection:23, mean_episode_reward:0.0369444414973259, mean_queue:0.7805555462837219
intersection:24, mean_episode_reward:0.16666670143604279, mean_queue:0.7749999761581421
intersection:25, mean_episode_reward:0.1994444578886032, mean_queue:0.7749999761581421
intersection:26, mean_episode_reward:0.1436111330986023, mean_queue:0.75
intersection:27, mean_episode_reward:0.17861109972000122, mean_queue:0.769444465637207
intersection:28, mean_episode_reward:0.20694436132907867, mean_queue:0.7833333611488342
intersection:29, mean_episode_reward:0.1344444453716278, mean_queue:0.8333333134651184
intersection:30, mean_episode_reward:0.1658332794904709, mean_queue:0.8722222447395325
intersection:31, mean_episode_reward:0.0741666704416275, mean_queue:0.8083333373069763
Test step:65/200, travel time :205.1905751905752, rewards:-6.31750013563368, queue:5.673697916666667, delay:0.049102502399020725, throughput:1443
step:3600/3600, q_loss:0.6871059536933899, rewards:-6.122222900390625, queue:5.703385416666666, delay:0.05052721235487196, throughput:1442
episode:66/200, real avg travel time:207.99237170596393
intersection:0, mean_episode_reward:-1.043333649635315, mean_queue:10.658333778381348
intersection:1, mean_episode_reward:-0.45888927578926086, mean_queue:10.397222518920898
intersection:2, mean_episode_reward:-0.4200000464916229, mean_queue:10.833333015441895
intersection:3, mean_episode_reward:-1.4102779626846313, mean_queue:10.375
intersection:4, mean_episode_reward:-0.7433329820632935, mean_queue:11.133333206176758
intersection:5, mean_episode_reward:0.05750000849366188, mean_queue:10.274999618530273
intersection:6, mean_episode_reward:-0.07250000536441803, mean_queue:10.969444274902344
intersection:7, mean_episode_reward:-0.4305555522441864, mean_queue:10.133333206176758
intersection:8, mean_episode_reward:-0.4372221529483795, mean_queue:10.702777862548828
intersection:9, mean_episode_reward:-0.04694444686174393, mean_queue:10.469444274902344
intersection:10, mean_episode_reward:-0.07777777314186096, mean_queue:10.81944465637207
intersection:11, mean_episode_reward:-0.14555557072162628, mean_queue:10.425000190734863
intersection:12, mean_episode_reward:-1.0027774572372437, mean_queue:10.780555725097656
intersection:13, mean_episode_reward:-0.7058332562446594, mean_queue:10.630555152893066
intersection:14, mean_episode_reward:-0.3263888955116272, mean_queue:10.441666603088379
intersection:15, mean_episode_reward:-1.4380556344985962, mean_queue:10.802778244018555
intersection:16, mean_episode_reward:0.08444442600011826, mean_queue:0.7749999761581421
intersection:17, mean_episode_reward:0.32277771830558777, mean_queue:0.7777777910232544
intersection:18, mean_episode_reward:0.1386110782623291, mean_queue:0.7888888716697693
intersection:19, mean_episode_reward:0.14499999582767487, mean_queue:0.8166666626930237
intersection:20, mean_episode_reward:0.18861104547977448, mean_queue:0.7527777552604675
intersection:21, mean_episode_reward:0.1388888955116272, mean_queue:0.8138889074325562
intersection:22, mean_episode_reward:0.055555559694767, mean_queue:0.7888888716697693
intersection:23, mean_episode_reward:0.08361118286848068, mean_queue:0.7805555462837219
intersection:24, mean_episode_reward:0.15916667878627777, mean_queue:0.7749999761581421
intersection:25, mean_episode_reward:0.1827777922153473, mean_queue:0.7749999761581421
intersection:26, mean_episode_reward:0.1527778059244156, mean_queue:0.75
intersection:27, mean_episode_reward:0.22055545449256897, mean_queue:0.769444465637207
intersection:28, mean_episode_reward:0.3683333098888397, mean_queue:0.7833333611488342
intersection:29, mean_episode_reward:0.10750002413988113, mean_queue:0.8333333134651184
intersection:30, mean_episode_reward:0.1572222113609314, mean_queue:0.8722222447395325
intersection:31, mean_episode_reward:0.07388889789581299, mean_queue:0.8083333373069763
Test step:66/200, travel time :206.67963863794301, rewards:-6.210833062065972, queue:5.684461805555555, delay:0.04947835074530708, throughput:1439
step:3600/3600, q_loss:0.6906461119651794, rewards:-6.377499728732639, queue:5.687413194444445, delay:0.049130577511257593, throughput:1439
episode:67/200, real avg travel time:205.90826963168868
intersection:0, mean_episode_reward:-0.8916664719581604, mean_queue:10.588889122009277
intersection:1, mean_episode_reward:-0.6936110854148865, mean_queue:10.494444847106934
intersection:2, mean_episode_reward:-0.5672222375869751, mean_queue:10.827777862548828
intersection:3, mean_episode_reward:-1.086111068725586, mean_queue:10.199999809265137
intersection:4, mean_episode_reward:-0.7816661596298218, mean_queue:10.983333587646484
intersection:5, mean_episode_reward:0.19111107289791107, mean_queue:10.211111068725586
intersection:6, mean_episode_reward:0.016666671261191368, mean_queue:10.869444847106934
intersection:7, mean_episode_reward:-0.5647221803665161, mean_queue:10.230555534362793
intersection:8, mean_episode_reward:-0.1858333796262741, mean_queue:10.550000190734863
intersection:9, mean_episode_reward:-0.35777777433395386, mean_queue:10.633333206176758
intersection:10, mean_episode_reward:-0.17000001668930054, mean_queue:10.922222137451172
intersection:11, mean_episode_reward:-0.026388902217149734, mean_queue:10.463889122009277
intersection:12, mean_episode_reward:-1.1927778720855713, mean_queue:10.816666603088379
intersection:13, mean_episode_reward:-0.5730553865432739, mean_queue:10.597222328186035
intersection:14, mean_episode_reward:-0.35777774453163147, mean_queue:10.308333396911621
intersection:15, mean_episode_reward:-1.3463889360427856, mean_queue:10.63888931274414
intersection:16, mean_episode_reward:0.08611109852790833, mean_queue:0.7749999761581421
intersection:17, mean_episode_reward:0.18222220242023468, mean_queue:0.7777777910232544
intersection:18, mean_episode_reward:0.17194443941116333, mean_queue:0.7888888716697693
intersection:19, mean_episode_reward:0.12888891994953156, mean_queue:0.8166666626930237
intersection:20, mean_episode_reward:0.19083325564861298, mean_queue:0.7527777552604675
intersection:21, mean_episode_reward:0.20083338022232056, mean_queue:0.8138889074325562
intersection:22, mean_episode_reward:0.06277777254581451, mean_queue:0.7888888716697693
intersection:23, mean_episode_reward:0.025555534288287163, mean_queue:0.7805555462837219
intersection:24, mean_episode_reward:0.14416669309139252, mean_queue:0.7749999761581421
intersection:25, mean_episode_reward:0.19305551052093506, mean_queue:0.7749999761581421
intersection:26, mean_episode_reward:0.12416668981313705, mean_queue:0.75
intersection:27, mean_episode_reward:0.143333300948143, mean_queue:0.769444465637207
intersection:28, mean_episode_reward:0.2180553823709488, mean_queue:0.7833333611488342
intersection:29, mean_episode_reward:0.13166670501232147, mean_queue:0.8333333134651184
intersection:30, mean_episode_reward:0.13222219049930573, mean_queue:0.8722222447395325
intersection:31, mean_episode_reward:0.07388889789581299, mean_queue:0.8083333373069763
Test step:67/200, travel time :205.13879250520472, rewards:-6.479722764756945, queue:5.674305555555556, delay:0.0491565121544732, throughput:1441
step:3600/3600, q_loss:0.6844278573989868, rewards:-6.165277777777778, queue:5.681423611111111, delay:0.04914836883544922, throughput:1441
episode:68/200, real avg travel time:206.0117973629424
intersection:0, mean_episode_reward:-1.012222170829773, mean_queue:10.666666984558105
intersection:1, mean_episode_reward:-0.5980556607246399, mean_queue:10.38611125946045
intersection:2, mean_episode_reward:-0.40000003576278687, mean_queue:10.788888931274414
intersection:3, mean_episode_reward:-1.2336115837097168, mean_queue:10.225000381469727
intersection:4, mean_episode_reward:-0.6491668224334717, mean_queue:10.913888931274414
intersection:5, mean_episode_reward:0.05611107498407364, mean_queue:10.213889122009277
intersection:6, mean_episode_reward:0.16583332419395447, mean_queue:10.86111068725586
intersection:7, mean_episode_reward:-0.5538888573646545, mean_queue:10.26111125946045
intersection:8, mean_episode_reward:-0.2330554723739624, mean_queue:10.502778053283691
intersection:9, mean_episode_reward:-0.3513889014720917, mean_queue:10.63888931274414
intersection:10, mean_episode_reward:-0.22944431006908417, mean_queue:10.91944408416748
intersection:11, mean_episode_reward:0.020833352580666542, mean_queue:10.405555725097656
intersection:12, mean_episode_reward:-1.206111192703247, mean_queue:10.875
intersection:13, mean_episode_reward:-0.4019443094730377, mean_queue:10.508333206176758
intersection:14, mean_episode_reward:-0.4624999165534973, mean_queue:10.372221946716309
intersection:15, mean_episode_reward:-1.2961108684539795, mean_queue:10.605555534362793
intersection:16, mean_episode_reward:0.07444442808628082, mean_queue:0.7749999761581421
intersection:17, mean_episode_reward:0.18861103057861328, mean_queue:0.7777777910232544
intersection:18, mean_episode_reward:0.14416667819023132, mean_queue:0.7888888716697693
intersection:19, mean_episode_reward:0.1530555933713913, mean_queue:0.8166666626930237
intersection:20, mean_episode_reward:0.19499996304512024, mean_queue:0.7527777552604675
intersection:21, mean_episode_reward:0.1691666543483734, mean_queue:0.8138889074325562
intersection:22, mean_episode_reward:0.06305555254220963, mean_queue:0.7888888716697693
intersection:23, mean_episode_reward:0.03638888895511627, mean_queue:0.7805555462837219
intersection:24, mean_episode_reward:0.15888890624046326, mean_queue:0.7749999761581421
intersection:25, mean_episode_reward:0.15805549919605255, mean_queue:0.7749999761581421
intersection:26, mean_episode_reward:0.14944446086883545, mean_queue:0.75
intersection:27, mean_episode_reward:0.18305552005767822, mean_queue:0.769444465637207
intersection:28, mean_episode_reward:0.1824999898672104, mean_queue:0.7833333611488342
intersection:29, mean_episode_reward:0.14027780294418335, mean_queue:0.8333333134651184
intersection:30, mean_episode_reward:0.14888885617256165, mean_queue:0.8722222447395325
intersection:31, mean_episode_reward:0.07444445043802261, mean_queue:0.8083333373069763
Test step:68/200, travel time :205.73523280055593, rewards:-6.245555284288194, queue:5.675260416666666, delay:0.049074014027913414, throughput:1439
step:3600/3600, q_loss:0.6793162822723389, rewards:-6.135277642144097, queue:5.671440972222222, delay:0.047893026140001085, throughput:1441
episode:69/200, real avg travel time:204.88965995836224
intersection:0, mean_episode_reward:-1.0619441270828247, mean_queue:10.577777862548828
intersection:1, mean_episode_reward:-0.4755554497241974, mean_queue:10.338889122009277
intersection:2, mean_episode_reward:-0.4922221004962921, mean_queue:10.894444465637207
intersection:3, mean_episode_reward:-1.0527781248092651, mean_queue:10.125
intersection:4, mean_episode_reward:-0.7036113739013672, mean_queue:10.88888931274414
intersection:5, mean_episode_reward:0.05138888210058212, mean_queue:10.175000190734863
intersection:6, mean_episode_reward:0.14055554568767548, mean_queue:10.872221946716309
intersection:7, mean_episode_reward:-0.7644446492195129, mean_queue:10.391666412353516
intersection:8, mean_episode_reward:-0.3444444537162781, mean_queue:10.600000381469727
intersection:9, mean_episode_reward:-0.07805557548999786, mean_queue:10.44444465637207
intersection:10, mean_episode_reward:-0.1111111119389534, mean_queue:10.86111068725586
intersection:11, mean_episode_reward:0.18500010669231415, mean_queue:10.358333587646484
intersection:12, mean_episode_reward:-1.1577783823013306, mean_queue:10.766666412353516
intersection:13, mean_episode_reward:-0.4713887870311737, mean_queue:10.466666221618652
intersection:14, mean_episode_reward:-0.5488886833190918, mean_queue:10.38611125946045
intersection:15, mean_episode_reward:-1.4480550289154053, mean_queue:10.677778244018555
intersection:16, mean_episode_reward:0.15305553376674652, mean_queue:0.7749999761581421
intersection:17, mean_episode_reward:0.13361111283302307, mean_queue:0.7777777910232544
intersection:18, mean_episode_reward:0.08361111581325531, mean_queue:0.7888888716697693
intersection:19, mean_episode_reward:0.1525000035762787, mean_queue:0.8166666626930237
intersection:20, mean_episode_reward:0.19888891279697418, mean_queue:0.7527777552604675
intersection:21, mean_episode_reward:0.1574999839067459, mean_queue:0.8138889074325562
intersection:22, mean_episode_reward:0.10583330690860748, mean_queue:0.7888888716697693
intersection:23, mean_episode_reward:0.058888889849185944, mean_queue:0.7805555462837219
intersection:24, mean_episode_reward:0.1527778059244156, mean_queue:0.7749999761581421
intersection:25, mean_episode_reward:0.15138886868953705, mean_queue:0.7749999761581421
intersection:26, mean_episode_reward:0.13861112296581268, mean_queue:0.75
intersection:27, mean_episode_reward:0.17944440245628357, mean_queue:0.769444465637207
intersection:28, mean_episode_reward:0.19333331286907196, mean_queue:0.7833333611488342
intersection:29, mean_episode_reward:0.11361113935709, mean_queue:0.8333333134651184
intersection:30, mean_episode_reward:0.15083329379558563, mean_queue:0.8722222447395325
intersection:31, mean_episode_reward:0.0741666704416275, mean_queue:0.8083333373069763
Test step:69/200, travel time :207.20263705759888, rewards:-6.347500271267361, queue:5.700607638888889, delay:0.049523851606580946, throughput:1441
step:3600/3600, q_loss:0.6745477914810181, rewards:-6.140001085069445, queue:5.6761284722222225, delay:0.04883964326646593, throughput:1444
episode:70/200, real avg travel time:204.8663434903047
intersection:0, mean_episode_reward:-1.205277919769287, mean_queue:10.79444408416748
intersection:1, mean_episode_reward:-0.2688888609409332, mean_queue:10.316666603088379
intersection:2, mean_episode_reward:-0.353055477142334, mean_queue:10.808333396911621
intersection:3, mean_episode_reward:-1.2252776622772217, mean_queue:10.233333587646484
intersection:4, mean_episode_reward:-0.60999995470047, mean_queue:10.902777671813965
intersection:5, mean_episode_reward:-0.10944449156522751, mean_queue:10.19444465637207
intersection:6, mean_episode_reward:-0.04277776554226875, mean_queue:10.855555534362793
intersection:7, mean_episode_reward:-0.632222056388855, mean_queue:10.302778244018555
intersection:8, mean_episode_reward:-0.20500017702579498, mean_queue:10.5
intersection:9, mean_episode_reward:-0.24833336472511292, mean_queue:10.491666793823242
intersection:10, mean_episode_reward:-0.10138892382383347, mean_queue:10.81944465637207
intersection:11, mean_episode_reward:0.040555547922849655, mean_queue:10.286110877990723
intersection:12, mean_episode_reward:-1.3949997425079346, mean_queue:10.911110877990723
intersection:13, mean_episode_reward:-0.4958333373069763, mean_queue:10.58055591583252
intersection:14, mean_episode_reward:-0.3644445538520813, mean_queue:10.377778053283691
intersection:15, mean_episode_reward:-1.3058336973190308, mean_queue:10.600000381469727
intersection:16, mean_episode_reward:0.12666666507720947, mean_queue:0.7749999761581421
intersection:17, mean_episode_reward:0.2169443964958191, mean_queue:0.7777777910232544
intersection:18, mean_episode_reward:0.10361111164093018, mean_queue:0.7888888716697693
intersection:19, mean_episode_reward:0.1458333432674408, mean_queue:0.8166666626930237
intersection:20, mean_episode_reward:0.17777767777442932, mean_queue:0.7527777552604675
intersection:21, mean_episode_reward:0.1411110907793045, mean_queue:0.8138889074325562
intersection:22, mean_episode_reward:0.14666663110256195, mean_queue:0.7888888716697693
intersection:23, mean_episode_reward:0.07444445043802261, mean_queue:0.7805555462837219
intersection:24, mean_episode_reward:0.19111116230487823, mean_queue:0.7749999761581421
intersection:25, mean_episode_reward:0.18083332479000092, mean_queue:0.7749999761581421
intersection:26, mean_episode_reward:0.15166665613651276, mean_queue:0.75
intersection:27, mean_episode_reward:0.15666666626930237, mean_queue:0.769444465637207
intersection:28, mean_episode_reward:0.18138889968395233, mean_queue:0.7833333611488342
intersection:29, mean_episode_reward:0.17000000178813934, mean_queue:0.8333333134651184
intersection:30, mean_episode_reward:0.1430555135011673, mean_queue:0.8722222447395325
intersection:31, mean_episode_reward:0.07444445043802261, mean_queue:0.8083333373069763
Test step:70/200, travel time :205.71814404432132, rewards:-6.1772216796875, queue:5.683159722222222, delay:0.04925311936272515, throughput:1444
step:3600/3600, q_loss:0.6747286319732666, rewards:-6.324723307291666, queue:5.694357638888889, delay:0.04924695226881239, throughput:1439
episode:71/200, real avg travel time:206.589298123697
intersection:0, mean_episode_reward:-0.9055556654930115, mean_queue:10.55555534362793
intersection:1, mean_episode_reward:-0.5013887882232666, mean_queue:10.399999618530273
intersection:2, mean_episode_reward:-0.9241667985916138, mean_queue:11.272222518920898
intersection:3, mean_episode_reward:-1.1538891792297363, mean_queue:10.125
intersection:4, mean_episode_reward:-0.8338890075683594, mean_queue:11.005555152893066
intersection:5, mean_episode_reward:0.16583330929279327, mean_queue:10.227777481079102
intersection:6, mean_episode_reward:0.5763886570930481, mean_queue:10.86111068725586
intersection:7, mean_episode_reward:-0.6613890528678894, mean_queue:10.29444408416748
intersection:8, mean_episode_reward:-0.5383334159851074, mean_queue:10.686111450195312
intersection:9, mean_episode_reward:-0.04611111059784889, mean_queue:10.48611068725586
intersection:10, mean_episode_reward:-0.10861111432313919, mean_queue:10.927778244018555
intersection:11, mean_episode_reward:-0.04305555671453476, mean_queue:10.416666984558105
intersection:12, mean_episode_reward:-1.2072227001190186, mean_queue:10.73888874053955
intersection:13, mean_episode_reward:-0.5591664910316467, mean_queue:10.491666793823242
intersection:14, mean_episode_reward:-0.3411112129688263, mean_queue:10.394444465637207
intersection:15, mean_episode_reward:-1.3369441032409668, mean_queue:10.675000190734863
intersection:16, mean_episode_reward:0.12416664510965347, mean_queue:0.7749999761581421
intersection:17, mean_episode_reward:0.13277778029441833, mean_queue:0.7777777910232544
intersection:18, mean_episode_reward:0.08416666835546494, mean_queue:0.7888888716697693
intersection:19, mean_episode_reward:0.15333335101604462, mean_queue:0.8166666626930237
intersection:20, mean_episode_reward:0.18027766048908234, mean_queue:0.7527777552604675
intersection:21, mean_episode_reward:0.15694446861743927, mean_queue:0.8138889074325562
intersection:22, mean_episode_reward:0.07777775824069977, mean_queue:0.7888888716697693
intersection:23, mean_episode_reward:0.09750007092952728, mean_queue:0.7805555462837219
intersection:24, mean_episode_reward:0.15777777135372162, mean_queue:0.7749999761581421
intersection:25, mean_episode_reward:0.12611109018325806, mean_queue:0.7749999761581421
intersection:26, mean_episode_reward:0.14222224056720734, mean_queue:0.75
intersection:27, mean_episode_reward:0.17666664719581604, mean_queue:0.769444465637207
intersection:28, mean_episode_reward:0.14888885617256165, mean_queue:0.7833333611488342
intersection:29, mean_episode_reward:0.11666667461395264, mean_queue:0.8333333134651184
intersection:30, mean_episode_reward:0.14416663348674774, mean_queue:0.8722222447395325
intersection:31, mean_episode_reward:0.07444444298744202, mean_queue:0.8083333373069763
Test step:71/200, travel time :205.59694232105628, rewards:-6.1802788628472225, queue:5.680729166666667, delay:0.04852572017245822, throughput:1439
step:3600/3600, q_loss:0.676329493522644, rewards:-6.385000271267361, queue:5.703038194444445, delay:0.049275249905056426, throughput:1439
episode:72/200, real avg travel time:207.02640722724115
intersection:0, mean_episode_reward:-1.1533336639404297, mean_queue:10.841666221618652
intersection:1, mean_episode_reward:-0.4822221100330353, mean_queue:10.497221946716309
intersection:2, mean_episode_reward:-0.6627777218818665, mean_queue:11.077777862548828
intersection:3, mean_episode_reward:-0.9997225403785706, mean_queue:10.188888549804688
intersection:4, mean_episode_reward:-0.7147224545478821, mean_queue:10.858333587646484
intersection:5, mean_episode_reward:0.11277778446674347, mean_queue:10.244444847106934
intersection:6, mean_episode_reward:0.07777783274650574, mean_queue:10.941666603088379
intersection:7, mean_episode_reward:-0.7099999189376831, mean_queue:10.338889122009277
intersection:8, mean_episode_reward:-0.47305557131767273, mean_queue:10.63611125946045
intersection:9, mean_episode_reward:-0.16138888895511627, mean_queue:10.597222328186035
intersection:10, mean_episode_reward:-0.08166666328907013, mean_queue:10.866666793823242
intersection:11, mean_episode_reward:0.1133333295583725, mean_queue:10.252778053283691
intersection:12, mean_episode_reward:-1.0838888883590698, mean_queue:10.73888874053955
intersection:13, mean_episode_reward:-0.4386110007762909, mean_queue:10.541666984558105
intersection:14, mean_episode_reward:-0.4330557584762573, mean_queue:10.441666603088379
intersection:15, mean_episode_reward:-1.5341659784317017, mean_queue:10.772222518920898
intersection:16, mean_episode_reward:0.126944437623024, mean_queue:0.7749999761581421
intersection:17, mean_episode_reward:0.10361109673976898, mean_queue:0.7777777910232544
intersection:18, mean_episode_reward:0.13472221791744232, mean_queue:0.7888888716697693
intersection:19, mean_episode_reward:0.13972224295139313, mean_queue:0.8166666626930237
intersection:20, mean_episode_reward:0.22055551409721375, mean_queue:0.7527777552604675
intersection:21, mean_episode_reward:0.12638889253139496, mean_queue:0.8138889074325562
intersection:22, mean_episode_reward:0.16722218692302704, mean_queue:0.7888888716697693
intersection:23, mean_episode_reward:0.059166666120290756, mean_queue:0.7805555462837219
intersection:24, mean_episode_reward:0.15194447338581085, mean_queue:0.7749999761581421
intersection:25, mean_episode_reward:0.1386111080646515, mean_queue:0.7749999761581421
intersection:26, mean_episode_reward:0.1344444453716278, mean_queue:0.75
intersection:27, mean_episode_reward:0.19138884544372559, mean_queue:0.769444465637207
intersection:28, mean_episode_reward:0.18888886272907257, mean_queue:0.7833333611488342
intersection:29, mean_episode_reward:0.1525000035762787, mean_queue:0.8333333134651184
intersection:30, mean_episode_reward:0.12166663259267807, mean_queue:0.8722222447395325
intersection:31, mean_episode_reward:0.08194443583488464, mean_queue:0.8083333373069763
Test step:72/200, travel time :206.37083333333334, rewards:-6.275555419921875, queue:5.689236111111111, delay:0.04988228480021159, throughput:1440
step:3600/3600, q_loss:0.6715134978294373, rewards:-6.0777777777777775, queue:5.675086805555556, delay:0.04846881760491265, throughput:1439
episode:73/200, real avg travel time:204.60528144544824
intersection:0, mean_episode_reward:-1.121666669845581, mean_queue:10.755555152893066
intersection:1, mean_episode_reward:-0.4405555725097656, mean_queue:10.366666793823242
intersection:2, mean_episode_reward:-0.613611102104187, mean_queue:10.897222518920898
intersection:3, mean_episode_reward:-0.9808332920074463, mean_queue:10.030555725097656
intersection:4, mean_episode_reward:-0.6658334732055664, mean_queue:10.877778053283691
intersection:5, mean_episode_reward:0.10083331167697906, mean_queue:10.241666793823242
intersection:6, mean_episode_reward:0.16361106932163239, mean_queue:10.716666221618652
intersection:7, mean_episode_reward:-0.7163890600204468, mean_queue:10.247221946716309
intersection:8, mean_episode_reward:-0.4630553722381592, mean_queue:10.655555725097656
intersection:9, mean_episode_reward:-0.11055555194616318, mean_queue:10.494444847106934
intersection:10, mean_episode_reward:-0.14000007510185242, mean_queue:10.902777671813965
intersection:11, mean_episode_reward:-0.035277772694826126, mean_queue:10.324999809265137
intersection:12, mean_episode_reward:-1.0647220611572266, mean_queue:10.816666603088379
intersection:13, mean_episode_reward:-0.5986112952232361, mean_queue:10.588889122009277
intersection:14, mean_episode_reward:-0.33972224593162537, mean_queue:10.449999809265137
intersection:15, mean_episode_reward:-1.2863891124725342, mean_queue:10.574999809265137
intersection:16, mean_episode_reward:0.11472219973802567, mean_queue:0.7749999761581421
intersection:17, mean_episode_reward:0.1066666841506958, mean_queue:0.7777777910232544
intersection:18, mean_episode_reward:0.1436110883951187, mean_queue:0.7888888716697693
intersection:19, mean_episode_reward:0.17611108720302582, mean_queue:0.8166666626930237
intersection:20, mean_episode_reward:0.21666666865348816, mean_queue:0.7527777552604675
intersection:21, mean_episode_reward:0.1227777898311615, mean_queue:0.8138889074325562
intersection:22, mean_episode_reward:0.05944443866610527, mean_queue:0.7888888716697693
intersection:23, mean_episode_reward:0.09694451093673706, mean_queue:0.7805555462837219
intersection:24, mean_episode_reward:0.17750000953674316, mean_queue:0.7749999761581421
intersection:25, mean_episode_reward:0.21472221612930298, mean_queue:0.7749999761581421
intersection:26, mean_episode_reward:0.13972222805023193, mean_queue:0.75
intersection:27, mean_episode_reward:0.15583330392837524, mean_queue:0.769444465637207
intersection:28, mean_episode_reward:0.17416661977767944, mean_queue:0.7833333611488342
intersection:29, mean_episode_reward:0.13333334028720856, mean_queue:0.8333333134651184
intersection:30, mean_episode_reward:0.13055554032325745, mean_queue:0.8722222447395325
intersection:31, mean_episode_reward:0.07222222536802292, mean_queue:0.8083333373069763
Test step:73/200, travel time :205.33287101248266, rewards:-6.02611083984375, queue:5.684114583333334, delay:0.048557652367485896, throughput:1442
step:3600/3600, q_loss:0.670703649520874, rewards:-6.110555691189236, queue:5.686458333333333, delay:0.05015420383877224, throughput:1443
episode:74/200, real avg travel time:206.8863478863479
intersection:0, mean_episode_reward:-0.8927780985832214, mean_queue:10.644444465637207
intersection:1, mean_episode_reward:-0.6274999976158142, mean_queue:10.413888931274414
intersection:2, mean_episode_reward:-0.6227774024009705, mean_queue:10.891666412353516
intersection:3, mean_episode_reward:-0.9997217655181885, mean_queue:10.08055591583252
intersection:4, mean_episode_reward:-0.6611111760139465, mean_queue:11.008333206176758
intersection:5, mean_episode_reward:0.25277772545814514, mean_queue:10.108333587646484
intersection:6, mean_episode_reward:0.05472224950790405, mean_queue:10.872221946716309
intersection:7, mean_episode_reward:-0.6380556225776672, mean_queue:10.324999809265137
intersection:8, mean_episode_reward:-0.4519446790218353, mean_queue:10.725000381469727
intersection:9, mean_episode_reward:-0.17638882994651794, mean_queue:10.633333206176758
intersection:10, mean_episode_reward:0.046111129224300385, mean_queue:10.866666793823242
intersection:11, mean_episode_reward:-0.0975000187754631, mean_queue:10.383333206176758
intersection:12, mean_episode_reward:-1.020555853843689, mean_queue:10.766666412353516
intersection:13, mean_episode_reward:-0.4933333396911621, mean_queue:10.524999618530273
intersection:14, mean_episode_reward:-0.6280555129051208, mean_queue:10.508333206176758
intersection:15, mean_episode_reward:-1.2416664361953735, mean_queue:10.552778244018555
intersection:16, mean_episode_reward:0.08833332359790802, mean_queue:0.7749999761581421
intersection:17, mean_episode_reward:0.12166666239500046, mean_queue:0.7777777910232544
intersection:18, mean_episode_reward:0.09666664153337479, mean_queue:0.7888888716697693
intersection:19, mean_episode_reward:0.14777779579162598, mean_queue:0.8166666626930237
intersection:20, mean_episode_reward:0.1902776062488556, mean_queue:0.7527777552604675
intersection:21, mean_episode_reward:0.13611111044883728, mean_queue:0.8138889074325562
intersection:22, mean_episode_reward:0.11555549502372742, mean_queue:0.7888888716697693
intersection:23, mean_episode_reward:0.011944422498345375, mean_queue:0.7805555462837219
intersection:24, mean_episode_reward:0.17555557191371918, mean_queue:0.7749999761581421
intersection:25, mean_episode_reward:0.14861108362674713, mean_queue:0.7749999761581421
intersection:26, mean_episode_reward:0.14166665077209473, mean_queue:0.75
intersection:27, mean_episode_reward:0.168611079454422, mean_queue:0.769444465637207
intersection:28, mean_episode_reward:0.1616666465997696, mean_queue:0.7833333611488342
intersection:29, mean_episode_reward:0.14444448053836823, mean_queue:0.8333333134651184
intersection:30, mean_episode_reward:0.1661110818386078, mean_queue:0.8722222447395325
intersection:31, mean_episode_reward:0.07222222536802292, mean_queue:0.8083333373069763
Test step:74/200, travel time :205.43421052631578, rewards:-6.135555691189236, queue:5.674045138888889, delay:0.048536353641086154, throughput:1444
step:3600/3600, q_loss:0.6654524803161621, rewards:-6.218610297309028, queue:5.674045138888889, delay:0.0483056280348036, throughput:1442
episode:75/200, real avg travel time:205.45423023578363
intersection:0, mean_episode_reward:-0.9141666889190674, mean_queue:10.625
intersection:1, mean_episode_reward:-0.5322221517562866, mean_queue:10.38888931274414
intersection:2, mean_episode_reward:-0.5074997544288635, mean_queue:10.788888931274414
intersection:3, mean_episode_reward:-1.103055715560913, mean_queue:10.183333396911621
intersection:4, mean_episode_reward:-0.777500331401825, mean_queue:11.016666412353516
intersection:5, mean_episode_reward:-0.18472211062908173, mean_queue:10.33055591583252
intersection:6, mean_episode_reward:0.14583328366279602, mean_queue:10.811111450195312
intersection:7, mean_episode_reward:-0.5699999928474426, mean_queue:10.241666793823242
intersection:8, mean_episode_reward:-0.1158333271741867, mean_queue:10.463889122009277
intersection:9, mean_episode_reward:-0.17027777433395386, mean_queue:10.505555152893066
intersection:10, mean_episode_reward:0.16194449365139008, mean_queue:10.691666603088379
intersection:11, mean_episode_reward:-0.43416664004325867, mean_queue:10.433333396911621
intersection:12, mean_episode_reward:-1.1302776336669922, mean_queue:10.872221946716309
intersection:13, mean_episode_reward:-0.5997219681739807, mean_queue:10.547222137451172
intersection:14, mean_episode_reward:-0.3161112666130066, mean_queue:10.377778053283691
intersection:15, mean_episode_reward:-1.329999566078186, mean_queue:10.630555152893066
intersection:16, mean_episode_reward:0.12666666507720947, mean_queue:0.7749999761581421
intersection:17, mean_episode_reward:0.11972224712371826, mean_queue:0.7777777910232544
intersection:18, mean_episode_reward:0.09111111611127853, mean_queue:0.7888888716697693
intersection:19, mean_episode_reward:0.14305557310581207, mean_queue:0.8166666626930237
intersection:20, mean_episode_reward:0.22499999403953552, mean_queue:0.7527777552604675
intersection:21, mean_episode_reward:0.12222222238779068, mean_queue:0.8138889074325562
intersection:22, mean_episode_reward:0.1202777549624443, mean_queue:0.7888888716697693
intersection:23, mean_episode_reward:0.03416665270924568, mean_queue:0.7805555462837219
intersection:24, mean_episode_reward:0.1647222340106964, mean_queue:0.7749999761581421
intersection:25, mean_episode_reward:0.14000000059604645, mean_queue:0.7749999761581421
intersection:26, mean_episode_reward:0.1527778059244156, mean_queue:0.75
intersection:27, mean_episode_reward:0.18055549263954163, mean_queue:0.769444465637207
intersection:28, mean_episode_reward:0.19249995052814484, mean_queue:0.7833333611488342
intersection:29, mean_episode_reward:0.13388890027999878, mean_queue:0.8333333134651184
intersection:30, mean_episode_reward:0.1311110556125641, mean_queue:0.8722222447395325
intersection:31, mean_episode_reward:0.08138889074325562, mean_queue:0.8083333373069763
Test step:75/200, travel time :202.87508674531574, rewards:-6.111943901909722, queue:5.656510416666666, delay:0.04746556282043457, throughput:1441
step:3600/3600, q_loss:0.6654025316238403, rewards:-6.071389431423611, queue:5.659114583333333, delay:0.048716757032606334, throughput:1443
episode:76/200, real avg travel time:204.36729036729037
intersection:0, mean_episode_reward:-0.863611102104187, mean_queue:10.54444408416748
intersection:1, mean_episode_reward:-0.5083332657814026, mean_queue:10.375
intersection:2, mean_episode_reward:-0.5302780866622925, mean_queue:10.822221755981445
intersection:3, mean_episode_reward:-1.1352776288986206, mean_queue:10.097222328186035
intersection:4, mean_episode_reward:-0.5455556511878967, mean_queue:10.76111125946045
intersection:5, mean_episode_reward:0.02861110307276249, mean_queue:10.16944408416748
intersection:6, mean_episode_reward:0.21500013768672943, mean_queue:10.730555534362793
intersection:7, mean_episode_reward:-0.72138911485672, mean_queue:10.29444408416748
intersection:8, mean_episode_reward:-0.39416664838790894, mean_queue:10.608333587646484
intersection:9, mean_episode_reward:-0.03388892114162445, mean_queue:10.463889122009277
intersection:10, mean_episode_reward:-0.10777784138917923, mean_queue:10.79444408416748
intersection:11, mean_episode_reward:-0.33138883113861084, mean_queue:10.483333587646484
intersection:12, mean_episode_reward:-1.2227778434753418, mean_queue:10.897222518920898
intersection:13, mean_episode_reward:-0.4141666293144226, mean_queue:10.438888549804688
intersection:14, mean_episode_reward:-0.3652779161930084, mean_queue:10.36111068725586
intersection:15, mean_episode_reward:-1.3358330726623535, mean_queue:10.588889122009277
intersection:16, mean_episode_reward:0.0786110982298851, mean_queue:0.7749999761581421
intersection:17, mean_episode_reward:0.08972222357988358, mean_queue:0.7777777910232544
intersection:18, mean_episode_reward:0.08194445073604584, mean_queue:0.7888888716697693
intersection:19, mean_episode_reward:0.14972223341464996, mean_queue:0.8166666626930237
intersection:20, mean_episode_reward:0.1844443827867508, mean_queue:0.7527777552604675
intersection:21, mean_episode_reward:0.12277776747941971, mean_queue:0.8138889074325562
intersection:22, mean_episode_reward:0.2461111694574356, mean_queue:0.7888888716697693
intersection:23, mean_episode_reward:0.047222234308719635, mean_queue:0.7805555462837219
intersection:24, mean_episode_reward:0.14722223579883575, mean_queue:0.7749999761581421
intersection:25, mean_episode_reward:0.16555552184581757, mean_queue:0.7749999761581421
intersection:26, mean_episode_reward:0.13249999284744263, mean_queue:0.75
intersection:27, mean_episode_reward:0.1641666442155838, mean_queue:0.769444465637207
intersection:28, mean_episode_reward:0.16361106932163239, mean_queue:0.7833333611488342
intersection:29, mean_episode_reward:0.11694446206092834, mean_queue:0.8333333134651184
intersection:30, mean_episode_reward:0.22444453835487366, mean_queue:0.8722222447395325
intersection:31, mean_episode_reward:0.07972221821546555, mean_queue:0.8083333373069763
Test step:76/200, travel time :203.73545706371192, rewards:-6.014444986979167, queue:5.667708333333334, delay:0.04820720354715983, throughput:1444
step:3600/3600, q_loss:0.6643013954162598, rewards:-6.149165852864583, queue:5.675607638888889, delay:0.04967293209499783, throughput:1441
episode:77/200, real avg travel time:205.45176960444135
intersection:0, mean_episode_reward:-1.0077778100967407, mean_queue:10.677778244018555
intersection:1, mean_episode_reward:-0.5141665935516357, mean_queue:10.41944408416748
intersection:2, mean_episode_reward:-0.704444408416748, mean_queue:11.074999809265137
intersection:3, mean_episode_reward:-0.8255555033683777, mean_queue:10.027777671813965
intersection:4, mean_episode_reward:-0.6394445300102234, mean_queue:10.983333587646484
intersection:5, mean_episode_reward:-0.06888885796070099, mean_queue:10.23888874053955
intersection:6, mean_episode_reward:0.19444438815116882, mean_queue:10.877778053283691
intersection:7, mean_episode_reward:-0.75083327293396, mean_queue:10.383333206176758
intersection:8, mean_episode_reward:-0.22777774930000305, mean_queue:10.480555534362793
intersection:9, mean_episode_reward:-0.30222219228744507, mean_queue:10.63888931274414
intersection:10, mean_episode_reward:0.09000005573034286, mean_queue:10.725000381469727
intersection:11, mean_episode_reward:-0.3305554986000061, mean_queue:10.336111068725586
intersection:12, mean_episode_reward:-1.0030555725097656, mean_queue:10.566666603088379
intersection:13, mean_episode_reward:-0.5061109662055969, mean_queue:10.497221946716309
intersection:14, mean_episode_reward:-0.4875001311302185, mean_queue:10.441666603088379
intersection:15, mean_episode_reward:-1.2699999809265137, mean_queue:10.588889122009277
intersection:16, mean_episode_reward:0.05944443121552467, mean_queue:0.7749999761581421
intersection:17, mean_episode_reward:0.17444448173046112, mean_queue:0.7777777910232544
intersection:18, mean_episode_reward:0.09111110121011734, mean_queue:0.7888888716697693
intersection:19, mean_episode_reward:0.15222224593162537, mean_queue:0.8166666626930237
intersection:20, mean_episode_reward:0.2408333718776703, mean_queue:0.7527777552604675
intersection:21, mean_episode_reward:0.16305556893348694, mean_queue:0.8138889074325562
intersection:22, mean_episode_reward:0.10805552452802658, mean_queue:0.7888888716697693
intersection:23, mean_episode_reward:0.048333339393138885, mean_queue:0.7805555462837219
intersection:24, mean_episode_reward:0.15166668593883514, mean_queue:0.7749999761581421
intersection:25, mean_episode_reward:0.20666667819023132, mean_queue:0.7749999761581421
intersection:26, mean_episode_reward:0.13083332777023315, mean_queue:0.75
intersection:27, mean_episode_reward:0.16999998688697815, mean_queue:0.769444465637207
intersection:28, mean_episode_reward:0.1505555510520935, mean_queue:0.7833333611488342
intersection:29, mean_episode_reward:0.13750001788139343, mean_queue:0.8333333134651184
intersection:30, mean_episode_reward:0.14027772843837738, mean_queue:0.8722222447395325
intersection:31, mean_episode_reward:0.07972221821546555, mean_queue:0.8083333373069763
Test step:77/200, travel time :206.36307053941908, rewards:-6.167778862847222, queue:5.692100694444444, delay:0.0497285525004069, throughput:1446
step:3600/3600, q_loss:0.666016161441803, rewards:-6.081667073567709, queue:5.655555555555556, delay:0.04744765493604872, throughput:1443
episode:78/200, real avg travel time:202.72002772002773
intersection:0, mean_episode_reward:-0.8741663694381714, mean_queue:10.483333587646484
intersection:1, mean_episode_reward:-0.5097223520278931, mean_queue:10.358333587646484
intersection:2, mean_episode_reward:-0.3063890337944031, mean_queue:10.66944408416748
intersection:3, mean_episode_reward:-1.177777647972107, mean_queue:10.11111068725586
intersection:4, mean_episode_reward:-0.5499997735023499, mean_queue:10.899999618530273
intersection:5, mean_episode_reward:-0.05166669562458992, mean_queue:10.322221755981445
intersection:6, mean_episode_reward:0.036111146211624146, mean_queue:10.847222328186035
intersection:7, mean_episode_reward:-0.5594446063041687, mean_queue:10.208333015441895
intersection:8, mean_episode_reward:-0.3736112415790558, mean_queue:10.494444847106934
intersection:9, mean_episode_reward:-0.2474999576807022, mean_queue:10.527777671813965
intersection:10, mean_episode_reward:0.14638885855674744, mean_queue:10.755555152893066
intersection:11, mean_episode_reward:-0.41638877987861633, mean_queue:10.502778053283691
intersection:12, mean_episode_reward:-1.1222224235534668, mean_queue:10.780555725097656
intersection:13, mean_episode_reward:-0.335000216960907, mean_queue:10.41944408416748
intersection:14, mean_episode_reward:-0.49111121892929077, mean_queue:10.402777671813965
intersection:15, mean_episode_reward:-1.2594447135925293, mean_queue:10.533333778381348
intersection:16, mean_episode_reward:0.07249998301267624, mean_queue:0.7749999761581421
intersection:17, mean_episode_reward:0.092777781188488, mean_queue:0.7777777910232544
intersection:18, mean_episode_reward:0.08416666835546494, mean_queue:0.7888888716697693
intersection:19, mean_episode_reward:0.13944444060325623, mean_queue:0.8166666626930237
intersection:20, mean_episode_reward:0.18222211301326752, mean_queue:0.7527777552604675
intersection:21, mean_episode_reward:0.13305556774139404, mean_queue:0.8138889074325562
intersection:22, mean_episode_reward:0.07944443076848984, mean_queue:0.7888888716697693
intersection:23, mean_episode_reward:0.048055559396743774, mean_queue:0.7805555462837219
intersection:24, mean_episode_reward:0.18166673183441162, mean_queue:0.7749999761581421
intersection:25, mean_episode_reward:0.12583333253860474, mean_queue:0.7749999761581421
intersection:26, mean_episode_reward:0.1716666966676712, mean_queue:0.75
intersection:27, mean_episode_reward:0.16722218692302704, mean_queue:0.769444465637207
intersection:28, mean_episode_reward:0.16749998927116394, mean_queue:0.7833333611488342
intersection:29, mean_episode_reward:0.12027779966592789, mean_queue:0.8333333134651184
intersection:30, mean_episode_reward:0.1686110645532608, mean_queue:0.8722222447395325
intersection:31, mean_episode_reward:0.07583332806825638, mean_queue:0.8083333373069763
Test step:78/200, travel time :205.45951557093426, rewards:-6.071389431423611, queue:5.679079861111111, delay:0.049008941650390624, throughput:1445
step:3600/3600, q_loss:0.6602722406387329, rewards:-6.177500406901042, queue:5.683854166666666, delay:0.04901968108283149, throughput:1443
episode:79/200, real avg travel time:205.87941787941787
intersection:0, mean_episode_reward:-0.9200000166893005, mean_queue:10.672222137451172
intersection:1, mean_episode_reward:-0.6016667485237122, mean_queue:10.41944408416748
intersection:2, mean_episode_reward:-0.5930553674697876, mean_queue:10.855555534362793
intersection:3, mean_episode_reward:-1.014722228050232, mean_queue:10.158333778381348
intersection:4, mean_episode_reward:-0.5994440913200378, mean_queue:10.941666603088379
intersection:5, mean_episode_reward:0.19861112534999847, mean_queue:10.288888931274414
intersection:6, mean_episode_reward:0.10722214728593826, mean_queue:10.733333587646484
intersection:7, mean_episode_reward:-0.6591667532920837, mean_queue:10.308333396911621
intersection:8, mean_episode_reward:-0.45472225546836853, mean_queue:10.483333587646484
intersection:9, mean_episode_reward:-0.12638886272907257, mean_queue:10.588889122009277
intersection:10, mean_episode_reward:0.022777758538722992, mean_queue:10.877778053283691
intersection:11, mean_episode_reward:-0.34027767181396484, mean_queue:10.51388931274414
intersection:12, mean_episode_reward:-1.1033332347869873, mean_queue:10.713889122009277
intersection:13, mean_episode_reward:-0.6066669225692749, mean_queue:10.619444847106934
intersection:14, mean_episode_reward:-0.39194440841674805, mean_queue:10.408333778381348
intersection:15, mean_episode_reward:-1.3524999618530273, mean_queue:10.63888931274414
intersection:16, mean_episode_reward:0.05944443121552467, mean_queue:0.7749999761581421
intersection:17, mean_episode_reward:0.10249998420476913, mean_queue:0.7777777910232544
intersection:18, mean_episode_reward:0.09194444119930267, mean_queue:0.7888888716697693
intersection:19, mean_episode_reward:0.13750001788139343, mean_queue:0.8166666626930237
intersection:20, mean_episode_reward:0.17361101508140564, mean_queue:0.7527777552604675
intersection:21, mean_episode_reward:0.17972218990325928, mean_queue:0.8138889074325562
intersection:22, mean_episode_reward:0.09027773886919022, mean_queue:0.7888888716697693
intersection:23, mean_episode_reward:0.048333339393138885, mean_queue:0.7805555462837219
intersection:24, mean_episode_reward:0.18305560946464539, mean_queue:0.7749999761581421
intersection:25, mean_episode_reward:0.23694434762001038, mean_queue:0.7749999761581421
intersection:26, mean_episode_reward:0.15111112594604492, mean_queue:0.75
intersection:27, mean_episode_reward:0.1736111044883728, mean_queue:0.769444465637207
intersection:28, mean_episode_reward:0.19194439053535461, mean_queue:0.7833333611488342
intersection:29, mean_episode_reward:0.14111113548278809, mean_queue:0.8333333134651184
intersection:30, mean_episode_reward:0.21750009059906006, mean_queue:0.8722222447395325
intersection:31, mean_episode_reward:0.07916668057441711, mean_queue:0.8083333373069763
Test step:79/200, travel time :205.31692094313453, rewards:-6.1647216796875, queue:5.671961805555555, delay:0.04967068036397298, throughput:1442
step:3600/3600, q_loss:0.6556100845336914, rewards:-6.168055555555555, queue:5.67734375, delay:0.04941141340467665, throughput:1443
episode:80/200, real avg travel time:205.52252252252254
intersection:0, mean_episode_reward:-0.7633333206176758, mean_queue:10.558333396911621
intersection:1, mean_episode_reward:-0.6130554676055908, mean_queue:10.45555591583252
intersection:2, mean_episode_reward:-0.3572221100330353, mean_queue:10.808333396911621
intersection:3, mean_episode_reward:-1.171388864517212, mean_queue:10.155555725097656
intersection:4, mean_episode_reward:-0.7491669654846191, mean_queue:11.019444465637207
intersection:5, mean_episode_reward:0.01916666328907013, mean_queue:10.19444465637207
intersection:6, mean_episode_reward:0.11416666954755783, mean_queue:10.866666793823242
intersection:7, mean_episode_reward:-0.722777783870697, mean_queue:10.313888549804688
intersection:8, mean_episode_reward:-0.31694453954696655, mean_queue:10.533333778381348
intersection:9, mean_episode_reward:-0.2386111170053482, mean_queue:10.522222518920898
intersection:10, mean_episode_reward:0.04000001400709152, mean_queue:10.88611125946045
intersection:11, mean_episode_reward:-0.026111118495464325, mean_queue:10.302778244018555
intersection:12, mean_episode_reward:-1.1069444417953491, mean_queue:10.836111068725586
intersection:13, mean_episode_reward:-0.40444415807724, mean_queue:10.38888931274414
intersection:14, mean_episode_reward:-0.4597223401069641, mean_queue:10.438888549804688
intersection:15, mean_episode_reward:-1.5080549716949463, mean_queue:10.733333587646484
intersection:16, mean_episode_reward:0.0786110982298851, mean_queue:0.7749999761581421
intersection:17, mean_episode_reward:0.09999997168779373, mean_queue:0.7777777910232544
intersection:18, mean_episode_reward:0.10083331912755966, mean_queue:0.7888888716697693
intersection:19, mean_episode_reward:0.13722224533557892, mean_queue:0.8166666626930237
intersection:20, mean_episode_reward:0.1894443780183792, mean_queue:0.7527777552604675
intersection:21, mean_episode_reward:0.176111102104187, mean_queue:0.8138889074325562
intersection:22, mean_episode_reward:0.08805552870035172, mean_queue:0.7888888716697693
intersection:23, mean_episode_reward:0.03333331644535065, mean_queue:0.7805555462837219
intersection:24, mean_episode_reward:0.17027778923511505, mean_queue:0.7749999761581421
intersection:25, mean_episode_reward:0.13277778029441833, mean_queue:0.7749999761581421
intersection:26, mean_episode_reward:0.13722221553325653, mean_queue:0.75
intersection:27, mean_episode_reward:0.152777761220932, mean_queue:0.769444465637207
intersection:28, mean_episode_reward:0.18888889253139496, mean_queue:0.7833333611488342
intersection:29, mean_episode_reward:0.12805557250976562, mean_queue:0.8333333134651184
intersection:30, mean_episode_reward:0.20277780294418335, mean_queue:0.8722222447395325
intersection:31, mean_episode_reward:0.07999999076128006, mean_queue:0.8083333373069763
Test step:80/200, travel time :204.93901593901595, rewards:-6.145278591579861, queue:5.673871527777778, delay:0.049002181159125434, throughput:1443
step:3600/3600, q_loss:0.6503190994262695, rewards:-6.250554741753472, queue:5.673871527777778, delay:0.04884701834784614, throughput:1442
episode:81/200, real avg travel time:205.34188626907073
intersection:0, mean_episode_reward:-0.9599997401237488, mean_queue:10.63888931274414
intersection:1, mean_episode_reward:-0.5063889622688293, mean_queue:10.352777481079102
intersection:2, mean_episode_reward:-0.5672219395637512, mean_queue:10.86388874053955
intersection:3, mean_episode_reward:-0.8788890242576599, mean_queue:10.024999618530273
intersection:4, mean_episode_reward:-0.7111111879348755, mean_queue:10.963889122009277
intersection:5, mean_episode_reward:0.013888852670788765, mean_queue:10.211111068725586
intersection:6, mean_episode_reward:0.21638889610767365, mean_queue:10.769444465637207
intersection:7, mean_episode_reward:-0.8544447422027588, mean_queue:10.411110877990723
intersection:8, mean_episode_reward:-0.3561113178730011, mean_queue:10.51388931274414
intersection:9, mean_episode_reward:-0.21250003576278687, mean_queue:10.508333206176758
intersection:10, mean_episode_reward:0.45000022649765015, mean_queue:10.711111068725586
intersection:11, mean_episode_reward:-0.5263888835906982, mean_queue:10.583333015441895
intersection:12, mean_episode_reward:-1.1475000381469727, mean_queue:10.802778244018555
intersection:13, mean_episode_reward:-0.3683333992958069, mean_queue:10.397222518920898
intersection:14, mean_episode_reward:-0.6263886094093323, mean_queue:10.516666412353516
intersection:15, mean_episode_reward:-1.3841662406921387, mean_queue:10.633333206176758
intersection:16, mean_episode_reward:0.06499998271465302, mean_queue:0.7749999761581421
intersection:17, mean_episode_reward:0.11194447427988052, mean_queue:0.7777777910232544
intersection:18, mean_episode_reward:0.08527778834104538, mean_queue:0.7888888716697693
intersection:19, mean_episode_reward:0.1619444489479065, mean_queue:0.8166666626930237
intersection:20, mean_episode_reward:0.24138882756233215, mean_queue:0.7527777552604675
intersection:21, mean_episode_reward:0.15138888359069824, mean_queue:0.8138889074325562
intersection:22, mean_episode_reward:0.06361109763383865, mean_queue:0.7888888716697693
intersection:23, mean_episode_reward:0.03666665405035019, mean_queue:0.7805555462837219
intersection:24, mean_episode_reward:0.17555557191371918, mean_queue:0.7749999761581421
intersection:25, mean_episode_reward:0.17777778208255768, mean_queue:0.7749999761581421
intersection:26, mean_episode_reward:0.12444445490837097, mean_queue:0.75
intersection:27, mean_episode_reward:0.20166663825511932, mean_queue:0.769444465637207
intersection:28, mean_episode_reward:0.16499997675418854, mean_queue:0.7833333611488342
intersection:29, mean_episode_reward:0.19250009953975677, mean_queue:0.8333333134651184
intersection:30, mean_episode_reward:0.1427777260541916, mean_queue:0.8722222447395325
intersection:31, mean_episode_reward:0.0716666653752327, mean_queue:0.8083333373069763
Test step:81/200, travel time :206.60208333333333, rewards:-6.185556369357639, queue:5.687934027777778, delay:0.05020443598429362, throughput:1440
step:3600/3600, q_loss:0.6530455946922302, rewards:-6.257779269748264, queue:5.655381944444445, delay:0.04845640394422743, throughput:1442
episode:82/200, real avg travel time:203.4750346740638
intersection:0, mean_episode_reward:-1.0294445753097534, mean_queue:10.602777481079102
intersection:1, mean_episode_reward:-0.556944727897644, mean_queue:10.338889122009277
intersection:2, mean_episode_reward:-0.46638888120651245, mean_queue:10.786110877990723
intersection:3, mean_episode_reward:-1.1544444561004639, mean_queue:10.172222137451172
intersection:4, mean_episode_reward:-0.6180553436279297, mean_queue:10.872221946716309
intersection:5, mean_episode_reward:0.1530555933713913, mean_queue:10.219444274902344
intersection:6, mean_episode_reward:0.2722221910953522, mean_queue:10.597222328186035
intersection:7, mean_episode_reward:-0.6922222375869751, mean_queue:10.258333206176758
intersection:8, mean_episode_reward:-0.4594445526599884, mean_queue:10.48888874053955
intersection:9, mean_episode_reward:-0.35111120343208313, mean_queue:10.608333587646484
intersection:10, mean_episode_reward:-0.11194446682929993, mean_queue:10.808333396911621
intersection:11, mean_episode_reward:-0.14527776837348938, mean_queue:10.369444847106934
intersection:12, mean_episode_reward:-1.0358335971832275, mean_queue:10.69444465637207
intersection:13, mean_episode_reward:-0.5341667532920837, mean_queue:10.527777671813965
intersection:14, mean_episode_reward:-0.5669445395469666, mean_queue:10.397222518920898
intersection:15, mean_episode_reward:-1.2052781581878662, mean_queue:10.56944465637207
intersection:16, mean_episode_reward:0.06777776032686234, mean_queue:0.7749999761581421
intersection:17, mean_episode_reward:0.10861111432313919, mean_queue:0.7777777910232544
intersection:18, mean_episode_reward:0.07027778774499893, mean_queue:0.7888888716697693
intersection:19, mean_episode_reward:0.13972225785255432, mean_queue:0.8166666626930237
intersection:20, mean_episode_reward:0.23944434523582458, mean_queue:0.7527777552604675
intersection:21, mean_episode_reward:0.15694446861743927, mean_queue:0.8138889074325562
intersection:22, mean_episode_reward:0.08805552124977112, mean_queue:0.7888888716697693
intersection:23, mean_episode_reward:0.04722222685813904, mean_queue:0.7805555462837219
intersection:24, mean_episode_reward:0.20249998569488525, mean_queue:0.7749999761581421
intersection:25, mean_episode_reward:0.23916667699813843, mean_queue:0.7749999761581421
intersection:26, mean_episode_reward:0.1433333456516266, mean_queue:0.75
intersection:27, mean_episode_reward:0.18583329021930695, mean_queue:0.769444465637207
intersection:28, mean_episode_reward:0.17722219228744507, mean_queue:0.7833333611488342
intersection:29, mean_episode_reward:0.12916669249534607, mean_queue:0.8333333134651184
intersection:30, mean_episode_reward:0.1774999350309372, mean_queue:0.8722222447395325
intersection:31, mean_episode_reward:0.0716666728258133, mean_queue:0.8083333373069763
Test step:82/200, travel time :204.11789181692095, rewards:-6.154167344835069, queue:5.66328125, delay:0.04816277821858724, throughput:1442
step:3600/3600, q_loss:0.65376877784729, rewards:-6.193333604600695, queue:5.663454861111111, delay:0.048111306296454534, throughput:1444
episode:83/200, real avg travel time:203.82963988919667
intersection:0, mean_episode_reward:-0.9563894271850586, mean_queue:10.536110877990723
intersection:1, mean_episode_reward:-0.5905555486679077, mean_queue:10.383333206176758
intersection:2, mean_episode_reward:-0.5119444131851196, mean_queue:10.79444408416748
intersection:3, mean_episode_reward:-1.0711110830307007, mean_queue:10.05555534362793
intersection:4, mean_episode_reward:-0.5313887000083923, mean_queue:10.833333015441895
intersection:5, mean_episode_reward:-0.05055559054017067, mean_queue:10.352777481079102
intersection:6, mean_episode_reward:0.31249991059303284, mean_queue:10.76111125946045
intersection:7, mean_episode_reward:-0.8116670250892639, mean_queue:10.316666603088379
intersection:8, mean_episode_reward:-0.4158332943916321, mean_queue:10.522222518920898
intersection:9, mean_episode_reward:-0.2844443619251251, mean_queue:10.594444274902344
intersection:10, mean_episode_reward:0.12916669249534607, mean_queue:10.70555591583252
intersection:11, mean_episode_reward:-0.15222223103046417, mean_queue:10.333333015441895
intersection:12, mean_episode_reward:-1.0849997997283936, mean_queue:10.76388931274414
intersection:13, mean_episode_reward:-0.4580557942390442, mean_queue:10.502778053283691
intersection:14, mean_episode_reward:-0.30194443464279175, mean_queue:10.372221946716309
intersection:15, mean_episode_reward:-1.478055477142334, mean_queue:10.741666793823242
intersection:16, mean_episode_reward:0.06166666001081467, mean_queue:0.7749999761581421
intersection:17, mean_episode_reward:0.0925000011920929, mean_queue:0.7777777910232544
intersection:18, mean_episode_reward:0.06694444268941879, mean_queue:0.7888888716697693
intersection:19, mean_episode_reward:0.12888891994953156, mean_queue:0.8166666626930237
intersection:20, mean_episode_reward:0.2124999761581421, mean_queue:0.7527777552604675
intersection:21, mean_episode_reward:0.19472219049930573, mean_queue:0.8138889074325562
intersection:22, mean_episode_reward:0.0786110907793045, mean_queue:0.7888888716697693
intersection:23, mean_episode_reward:0.03749999403953552, mean_queue:0.7805555462837219
intersection:24, mean_episode_reward:0.15583336353302002, mean_queue:0.7749999761581421
intersection:25, mean_episode_reward:0.1341666430234909, mean_queue:0.7749999761581421
intersection:26, mean_episode_reward:0.12555557489395142, mean_queue:0.75
intersection:27, mean_episode_reward:0.1849999576807022, mean_queue:0.769444465637207
intersection:28, mean_episode_reward:0.18666665256023407, mean_queue:0.7833333611488342
intersection:29, mean_episode_reward:0.1525000035762787, mean_queue:0.8333333134651184
intersection:30, mean_episode_reward:0.17694443464279175, mean_queue:0.8722222447395325
intersection:31, mean_episode_reward:0.0741666704416275, mean_queue:0.8083333373069763
Test step:83/200, travel time :205.2862092862093, rewards:-6.135833740234375, queue:5.670920138888889, delay:0.049174171023898657, throughput:1443
step:3600/3600, q_loss:0.6539367437362671, rewards:-6.105278862847222, queue:5.677864583333333, delay:0.048905128902859155, throughput:1443
episode:84/200, real avg travel time:205.007623007623
intersection:0, mean_episode_reward:-0.8952778577804565, mean_queue:10.550000190734863
intersection:1, mean_episode_reward:-0.6663890480995178, mean_queue:10.477777481079102
intersection:2, mean_episode_reward:-0.24500003457069397, mean_queue:10.702777862548828
intersection:3, mean_episode_reward:-1.1508337259292603, mean_queue:10.213889122009277
intersection:4, mean_episode_reward:-0.6027777194976807, mean_queue:10.94444465637207
intersection:5, mean_episode_reward:0.1988888829946518, mean_queue:10.177778244018555
intersection:6, mean_episode_reward:0.12555557489395142, mean_queue:10.76388931274414
intersection:7, mean_episode_reward:-0.7263888120651245, mean_queue:10.26388931274414
intersection:8, mean_episode_reward:-0.5388889908790588, mean_queue:10.588889122009277
intersection:9, mean_episode_reward:-0.3816666901111603, mean_queue:10.619444847106934
intersection:10, mean_episode_reward:-0.03555554524064064, mean_queue:10.81944465637207
intersection:11, mean_episode_reward:-0.13305559754371643, mean_queue:10.36111068725586
intersection:12, mean_episode_reward:-1.013889193534851, mean_queue:10.797222137451172
intersection:13, mean_episode_reward:-0.368055522441864, mean_queue:10.502778053283691
intersection:14, mean_episode_reward:-0.4772222340106964, mean_queue:10.491666793823242
intersection:15, mean_episode_reward:-1.3794447183609009, mean_queue:10.755555152893066
intersection:16, mean_episode_reward:0.05944443121552467, mean_queue:0.7749999761581421
intersection:17, mean_episode_reward:0.09805551916360855, mean_queue:0.7777777910232544
intersection:18, mean_episode_reward:0.09944441169500351, mean_queue:0.7888888716697693
intersection:19, mean_episode_reward:0.13111114501953125, mean_queue:0.8166666626930237
intersection:20, mean_episode_reward:0.21833325922489166, mean_queue:0.7527777552604675
intersection:21, mean_episode_reward:0.18333330750465393, mean_queue:0.8138889074325562
intersection:22, mean_episode_reward:0.08138887584209442, mean_queue:0.7888888716697693
intersection:23, mean_episode_reward:0.048055559396743774, mean_queue:0.7805555462837219
intersection:24, mean_episode_reward:0.15861113369464874, mean_queue:0.7749999761581421
intersection:25, mean_episode_reward:0.18666665256023407, mean_queue:0.7749999761581421
intersection:26, mean_episode_reward:0.1388888955116272, mean_queue:0.75
intersection:27, mean_episode_reward:0.16555553674697876, mean_queue:0.769444465637207
intersection:28, mean_episode_reward:0.18222221732139587, mean_queue:0.7833333611488342
intersection:29, mean_episode_reward:0.1252777874469757, mean_queue:0.8333333134651184
intersection:30, mean_episode_reward:0.19972220063209534, mean_queue:0.8722222447395325
intersection:31, mean_episode_reward:0.10861111432313919, mean_queue:0.8083333373069763
Test step:84/200, travel time :203.5326388888889, rewards:-6.235276963975695, queue:5.666493055555556, delay:0.04811445342169868, throughput:1440
step:3600/3600, q_loss:0.6529001593589783, rewards:-6.086111111111111, queue:5.656336805555555, delay:0.049069611231486, throughput:1441
episode:85/200, real avg travel time:203.59472588480222
intersection:0, mean_episode_reward:-1.2249999046325684, mean_queue:10.713889122009277
intersection:1, mean_episode_reward:-0.22277778387069702, mean_queue:10.341666221618652
intersection:2, mean_episode_reward:-0.36305558681488037, mean_queue:10.75
intersection:3, mean_episode_reward:-1.1066665649414062, mean_queue:10.116666793823242
intersection:4, mean_episode_reward:-0.6866668462753296, mean_queue:10.972222328186035
intersection:5, mean_episode_reward:-0.06555555760860443, mean_queue:10.23888874053955
intersection:6, mean_episode_reward:0.3397221565246582, mean_queue:10.666666984558105
intersection:7, mean_episode_reward:-0.7922220230102539, mean_queue:10.230555534362793
intersection:8, mean_episode_reward:-0.4358333647251129, mean_queue:10.502778053283691
intersection:9, mean_episode_reward:-0.20777776837348938, mean_queue:10.48611068725586
intersection:10, mean_episode_reward:0.07361108809709549, mean_queue:10.73611068725586
intersection:11, mean_episode_reward:-0.25722214579582214, mean_queue:10.26111125946045
intersection:12, mean_episode_reward:-1.033333659172058, mean_queue:10.711111068725586
intersection:13, mean_episode_reward:-0.473611056804657, mean_queue:10.5
intersection:14, mean_episode_reward:-0.5772222280502319, mean_queue:10.541666984558105
intersection:15, mean_episode_reward:-1.3255553245544434, mean_queue:10.572221755981445
intersection:16, mean_episode_reward:0.10416664183139801, mean_queue:0.7749999761581421
intersection:17, mean_episode_reward:0.09972218424081802, mean_queue:0.7777777910232544
intersection:18, mean_episode_reward:0.13138891756534576, mean_queue:0.7888888716697693
intersection:19, mean_episode_reward:0.12888891994953156, mean_queue:0.8166666626930237
intersection:20, mean_episode_reward:0.16861099004745483, mean_queue:0.7527777552604675
intersection:21, mean_episode_reward:0.18666668236255646, mean_queue:0.8138889074325562
intersection:22, mean_episode_reward:0.07277775555849075, mean_queue:0.7888888716697693
intersection:23, mean_episode_reward:0.051944442093372345, mean_queue:0.7805555462837219
intersection:24, mean_episode_reward:0.1761111319065094, mean_queue:0.7749999761581421
intersection:25, mean_episode_reward:0.17833329737186432, mean_queue:0.7749999761581421
intersection:26, mean_episode_reward:0.16861115396022797, mean_queue:0.75
intersection:27, mean_episode_reward:0.1941666305065155, mean_queue:0.769444465637207
intersection:28, mean_episode_reward:0.19722217321395874, mean_queue:0.7833333611488342
intersection:29, mean_episode_reward:0.14694446325302124, mean_queue:0.8333333134651184
intersection:30, mean_episode_reward:0.17694440484046936, mean_queue:0.8722222447395325
intersection:31, mean_episode_reward:0.09055556356906891, mean_queue:0.8083333373069763
Test step:85/200, travel time :205.178596247394, rewards:-6.203055826822917, queue:5.6765625, delay:0.05019398795233832, throughput:1439
step:3600/3600, q_loss:0.6480036973953247, rewards:-6.182500542534722, queue:5.691145833333334, delay:0.050331295861138235, throughput:1445
episode:86/200, real avg travel time:206.2249134948097
intersection:0, mean_episode_reward:-1.1397219896316528, mean_queue:10.75
intersection:1, mean_episode_reward:-0.3572222888469696, mean_queue:10.45555591583252
intersection:2, mean_episode_reward:-0.4613889157772064, mean_queue:10.938888549804688
intersection:3, mean_episode_reward:-1.2502778768539429, mean_queue:10.147222518920898
intersection:4, mean_episode_reward:-0.660277783870697, mean_queue:10.949999809265137
intersection:5, mean_episode_reward:0.019444486126303673, mean_queue:10.274999618530273
intersection:6, mean_episode_reward:0.4033333659172058, mean_queue:10.716666221618652
intersection:7, mean_episode_reward:-0.7638893127441406, mean_queue:10.369444847106934
intersection:8, mean_episode_reward:-0.28999993205070496, mean_queue:10.472222328186035
intersection:9, mean_episode_reward:-0.3366667330265045, mean_queue:10.61111068725586
intersection:10, mean_episode_reward:0.07666664570569992, mean_queue:10.716666221618652
intersection:11, mean_episode_reward:-0.26583331823349, mean_queue:10.391666412353516
intersection:12, mean_episode_reward:-0.9380553960800171, mean_queue:10.711111068725586
intersection:13, mean_episode_reward:-0.6138888001441956, mean_queue:10.66944408416748
intersection:14, mean_episode_reward:-0.5863888263702393, mean_queue:10.588889122009277
intersection:15, mean_episode_reward:-1.3447222709655762, mean_queue:10.691666603088379
intersection:16, mean_episode_reward:0.08916666358709335, mean_queue:0.7749999761581421
intersection:17, mean_episode_reward:0.10111106932163239, mean_queue:0.7777777910232544
intersection:18, mean_episode_reward:0.11916667968034744, mean_queue:0.7888888716697693
intersection:19, mean_episode_reward:0.13388891518115997, mean_queue:0.8166666626930237
intersection:20, mean_episode_reward:0.18083320558071136, mean_queue:0.7527777552604675
intersection:21, mean_episode_reward:0.1855555921792984, mean_queue:0.8138889074325562
intersection:22, mean_episode_reward:0.13888885080814362, mean_queue:0.7888888716697693
intersection:23, mean_episode_reward:0.047222234308719635, mean_queue:0.7805555462837219
intersection:24, mean_episode_reward:0.1713889092206955, mean_queue:0.7749999761581421
intersection:25, mean_episode_reward:0.1894443780183792, mean_queue:0.7749999761581421
intersection:26, mean_episode_reward:0.17027783393859863, mean_queue:0.75
intersection:27, mean_episode_reward:0.16361108422279358, mean_queue:0.769444465637207
intersection:28, mean_episode_reward:0.19583331048488617, mean_queue:0.7833333611488342
intersection:29, mean_episode_reward:0.15361113846302032, mean_queue:0.8333333134651184
intersection:30, mean_episode_reward:0.17611107230186462, mean_queue:0.8722222447395325
intersection:31, mean_episode_reward:0.11027777940034866, mean_queue:0.8083333373069763
Test step:86/200, travel time :203.87916666666666, rewards:-6.161667887369791, queue:5.668229166666666, delay:0.0488396856519911, throughput:1440
step:3600/3600, q_loss:0.652191698551178, rewards:-6.230277506510417, queue:5.674826388888889, delay:0.04967031478881836, throughput:1440
episode:87/200, real avg travel time:204.81944444444446
intersection:0, mean_episode_reward:-1.1880558729171753, mean_queue:10.741666793823242
intersection:1, mean_episode_reward:-0.48388880491256714, mean_queue:10.45555591583252
intersection:2, mean_episode_reward:-0.42194458842277527, mean_queue:10.80555534362793
intersection:3, mean_episode_reward:-1.0252774953842163, mean_queue:10.094444274902344
intersection:4, mean_episode_reward:-0.6663888692855835, mean_queue:10.941666603088379
intersection:5, mean_episode_reward:0.1272222250699997, mean_queue:10.225000381469727
intersection:6, mean_episode_reward:-0.02388886921107769, mean_queue:10.752778053283691
intersection:7, mean_episode_reward:-0.6316666603088379, mean_queue:10.225000381469727
intersection:8, mean_episode_reward:-0.6352778673171997, mean_queue:10.574999809265137
intersection:9, mean_episode_reward:-0.14416669309139252, mean_queue:10.51388931274414
intersection:10, mean_episode_reward:0.09944446384906769, mean_queue:10.70555591583252
intersection:11, mean_episode_reward:-0.24666665494441986, mean_queue:10.352777481079102
intersection:12, mean_episode_reward:-0.9744447469711304, mean_queue:10.66944408416748
intersection:13, mean_episode_reward:-0.497222363948822, mean_queue:10.616666793823242
intersection:14, mean_episode_reward:-0.551666796207428, mean_queue:10.58055591583252
intersection:15, mean_episode_reward:-1.252777338027954, mean_queue:10.677778244018555
intersection:16, mean_episode_reward:0.11888886243104935, mean_queue:0.7749999761581421
intersection:17, mean_episode_reward:0.10833331197500229, mean_queue:0.7777777910232544
intersection:18, mean_episode_reward:0.10472222417593002, mean_queue:0.7888888716697693
intersection:19, mean_episode_reward:0.1391666829586029, mean_queue:0.8166666626930237
intersection:20, mean_episode_reward:0.21999995410442352, mean_queue:0.7527777552604675
intersection:21, mean_episode_reward:0.18916670978069305, mean_queue:0.8138889074325562
intersection:22, mean_episode_reward:0.13222220540046692, mean_queue:0.7888888716697693
intersection:23, mean_episode_reward:0.056111112236976624, mean_queue:0.7805555462837219
intersection:24, mean_episode_reward:0.14972224831581116, mean_queue:0.7749999761581421
intersection:25, mean_episode_reward:0.1891666203737259, mean_queue:0.7749999761581421
intersection:26, mean_episode_reward:0.12638889253139496, mean_queue:0.75
intersection:27, mean_episode_reward:0.14972220361232758, mean_queue:0.769444465637207
intersection:28, mean_episode_reward:0.17527776956558228, mean_queue:0.7833333611488342
intersection:29, mean_episode_reward:0.15416668355464935, mean_queue:0.8333333134651184
intersection:30, mean_episode_reward:0.15888884663581848, mean_queue:0.8722222447395325
intersection:31, mean_episode_reward:0.11444442719221115, mean_queue:0.8083333373069763
Test step:87/200, travel time :204.14732453092427, rewards:-6.196388753255208, queue:5.667013888888889, delay:0.049332072999742294, throughput:1439
step:3600/3600, q_loss:0.6490471959114075, rewards:-6.18361070421007, queue:5.678819444444445, delay:0.049510833952162, throughput:1441
episode:88/200, real avg travel time:204.45454545454547
intersection:0, mean_episode_reward:-0.9875003099441528, mean_queue:10.616666793823242
intersection:1, mean_episode_reward:-0.5472221970558167, mean_queue:10.355555534362793
intersection:2, mean_episode_reward:-0.5183333158493042, mean_queue:10.969444274902344
intersection:3, mean_episode_reward:-0.9666664004325867, mean_queue:10.172222137451172
intersection:4, mean_episode_reward:-0.7549998760223389, mean_queue:10.847222328186035
intersection:5, mean_episode_reward:-0.01944447122514248, mean_queue:10.280555725097656
intersection:6, mean_episode_reward:0.08861108124256134, mean_queue:10.777777671813965
intersection:7, mean_episode_reward:-0.559166669845581, mean_queue:10.25
intersection:8, mean_episode_reward:-0.3963890075683594, mean_queue:10.563888549804688
intersection:9, mean_episode_reward:-0.28305548429489136, mean_queue:10.699999809265137
intersection:10, mean_episode_reward:0.0002778049383778125, mean_queue:10.83055591583252
intersection:11, mean_episode_reward:-0.34111106395721436, mean_queue:10.402777671813965
intersection:12, mean_episode_reward:-0.9711105227470398, mean_queue:10.691666603088379
intersection:13, mean_episode_reward:-0.559722363948822, mean_queue:10.658333778381348
intersection:14, mean_episode_reward:-0.44222232699394226, mean_queue:10.449999809265137
intersection:15, mean_episode_reward:-1.076388955116272, mean_queue:10.494444847106934
intersection:16, mean_episode_reward:0.09055554866790771, mean_queue:0.7749999761581421
intersection:17, mean_episode_reward:0.14694444835186005, mean_queue:0.7777777910232544
intersection:18, mean_episode_reward:0.13333337008953094, mean_queue:0.7888888716697693
intersection:19, mean_episode_reward:0.1341666877269745, mean_queue:0.8166666626930237
intersection:20, mean_episode_reward:0.200833261013031, mean_queue:0.7527777552604675
intersection:21, mean_episode_reward:0.17083333432674408, mean_queue:0.8138889074325562
intersection:22, mean_episode_reward:0.07138887047767639, mean_queue:0.7888888716697693
intersection:23, mean_episode_reward:0.025555534288287163, mean_queue:0.7805555462837219
intersection:24, mean_episode_reward:0.17055559158325195, mean_queue:0.7749999761581421
intersection:25, mean_episode_reward:0.15111109614372253, mean_queue:0.7749999761581421
intersection:26, mean_episode_reward:0.15722227096557617, mean_queue:0.75
intersection:27, mean_episode_reward:0.14388887584209442, mean_queue:0.769444465637207
intersection:28, mean_episode_reward:0.19555552303791046, mean_queue:0.7833333611488342
intersection:29, mean_episode_reward:0.13333335518836975, mean_queue:0.8333333134651184
intersection:30, mean_episode_reward:0.14944441616535187, mean_queue:0.8722222447395325
intersection:31, mean_episode_reward:0.07611111551523209, mean_queue:0.8083333373069763
Test step:88/200, travel time :206.09072022160666, rewards:-6.039444986979166, queue:5.687326388888889, delay:0.05007089508904351, throughput:1444
step:3600/3600, q_loss:0.6430975794792175, rewards:-6.266110568576389, queue:5.684809027777778, delay:0.04989938206142849, throughput:1442
episode:89/200, real avg travel time:206.1879334257975
intersection:0, mean_episode_reward:-1.2033332586288452, mean_queue:10.838889122009277
intersection:1, mean_episode_reward:-0.23833338916301727, mean_queue:10.36388874053955
intersection:2, mean_episode_reward:-0.4749998450279236, mean_queue:10.844444274902344
intersection:3, mean_episode_reward:-1.279721975326538, mean_queue:10.274999618530273
intersection:4, mean_episode_reward:-0.6041666269302368, mean_queue:11.036110877990723
intersection:5, mean_episode_reward:0.02361108548939228, mean_queue:10.33055591583252
intersection:6, mean_episode_reward:0.18833334743976593, mean_queue:10.75
intersection:7, mean_episode_reward:-0.5608333349227905, mean_queue:10.274999618530273
intersection:8, mean_episode_reward:-0.5113887190818787, mean_queue:10.605555534362793
intersection:9, mean_episode_reward:-0.3213888704776764, mean_queue:10.588889122009277
intersection:10, mean_episode_reward:-0.09583333134651184, mean_queue:10.813888549804688
intersection:11, mean_episode_reward:-0.06416666507720947, mean_queue:10.272222518920898
intersection:12, mean_episode_reward:-1.0200001001358032, mean_queue:10.713889122009277
intersection:13, mean_episode_reward:-0.5802777409553528, mean_queue:10.5
intersection:14, mean_episode_reward:-0.3627777099609375, mean_queue:10.408333778381348
intersection:15, mean_episode_reward:-1.3194442987442017, mean_queue:10.63611125946045
intersection:16, mean_episode_reward:0.143333300948143, mean_queue:0.7749999761581421
intersection:17, mean_episode_reward:0.13527776300907135, mean_queue:0.7777777910232544
intersection:18, mean_episode_reward:0.08305556327104568, mean_queue:0.7888888716697693
intersection:19, mean_episode_reward:0.14083331823349, mean_queue:0.8166666626930237
intersection:20, mean_episode_reward:0.205833300948143, mean_queue:0.7527777552604675
intersection:21, mean_episode_reward:0.17222222685813904, mean_queue:0.8138889074325562
intersection:22, mean_episode_reward:0.10611109435558319, mean_queue:0.7888888716697693
intersection:23, mean_episode_reward:0.04750001057982445, mean_queue:0.7805555462837219
intersection:24, mean_episode_reward:0.18305563926696777, mean_queue:0.7749999761581421
intersection:25, mean_episode_reward:0.12388886511325836, mean_queue:0.7749999761581421
intersection:26, mean_episode_reward:0.14166668057441711, mean_queue:0.75
intersection:27, mean_episode_reward:0.1755555421113968, mean_queue:0.769444465637207
intersection:28, mean_episode_reward:0.1875, mean_queue:0.7833333611488342
intersection:29, mean_episode_reward:0.12944446504116058, mean_queue:0.8333333134651184
intersection:30, mean_episode_reward:0.12194440513849258, mean_queue:0.8722222447395325
intersection:31, mean_episode_reward:0.061388880014419556, mean_queue:0.8083333373069763
Test step:89/200, travel time :205.7088255733148, rewards:-6.183609347873264, queue:5.683767361111111, delay:0.04961144659254286, throughput:1439
step:3600/3600, q_loss:0.6465359330177307, rewards:-6.288332790798611, queue:5.668923611111111, delay:0.04942808151245117, throughput:1441
episode:90/200, real avg travel time:205.17696044413603
intersection:0, mean_episode_reward:-0.9855560064315796, mean_queue:10.666666984558105
intersection:1, mean_episode_reward:-0.43444445729255676, mean_queue:10.43055534362793
intersection:2, mean_episode_reward:-0.5044443607330322, mean_queue:10.916666984558105
intersection:3, mean_episode_reward:-1.2372221946716309, mean_queue:10.208333015441895
intersection:4, mean_episode_reward:-0.6955557465553284, mean_queue:10.911110877990723
intersection:5, mean_episode_reward:0.1527777463197708, mean_queue:10.091666221618652
intersection:6, mean_episode_reward:0.06638891994953156, mean_queue:10.844444274902344
intersection:7, mean_episode_reward:-0.6080554723739624, mean_queue:10.241666793823242
intersection:8, mean_episode_reward:-0.2749999165534973, mean_queue:10.524999618530273
intersection:9, mean_episode_reward:-0.21944446861743927, mean_queue:10.51388931274414
intersection:10, mean_episode_reward:-0.0036111020017415285, mean_queue:10.758333206176758
intersection:11, mean_episode_reward:-0.08388884365558624, mean_queue:10.286110877990723
intersection:12, mean_episode_reward:-0.8977777361869812, mean_queue:10.63611125946045
intersection:13, mean_episode_reward:-0.729166567325592, mean_queue:10.5
intersection:14, mean_episode_reward:-0.5325002074241638, mean_queue:10.502778053283691
intersection:15, mean_episode_reward:-1.3855547904968262, mean_queue:10.711111068725586
intersection:16, mean_episode_reward:0.08638887107372284, mean_queue:0.7749999761581421
intersection:17, mean_episode_reward:0.09138888120651245, mean_queue:0.7777777910232544
intersection:18, mean_episode_reward:0.07444444298744202, mean_queue:0.7888888716697693
intersection:19, mean_episode_reward:0.13972225785255432, mean_queue:0.8166666626930237
intersection:20, mean_episode_reward:0.15361100435256958, mean_queue:0.7527777552604675
intersection:21, mean_episode_reward:0.20805563032627106, mean_queue:0.8138889074325562
intersection:22, mean_episode_reward:0.07583331316709518, mean_queue:0.7888888716697693
intersection:23, mean_episode_reward:0.023055532947182655, mean_queue:0.7805555462837219
intersection:24, mean_episode_reward:0.15000002086162567, mean_queue:0.7749999761581421
intersection:25, mean_episode_reward:0.15611110627651215, mean_queue:0.7749999761581421
intersection:26, mean_episode_reward:0.15888890624046326, mean_queue:0.75
intersection:27, mean_episode_reward:0.17833329737186432, mean_queue:0.769444465637207
intersection:28, mean_episode_reward:0.17138886451721191, mean_queue:0.7833333611488342
intersection:29, mean_episode_reward:0.15722224116325378, mean_queue:0.8333333134651184
intersection:30, mean_episode_reward:0.18833327293395996, mean_queue:0.8722222447395325
intersection:31, mean_episode_reward:0.07194444537162781, mean_queue:0.8083333373069763
Test step:90/200, travel time :206.45908460471568, rewards:-6.16583251953125, queue:5.688454861111111, delay:0.049946392907036674, throughput:1442
step:3600/3600, q_loss:0.6435925960540771, rewards:-6.284723578559028, queue:5.673784722222222, delay:0.049950488408406574, throughput:1442
episode:91/200, real avg travel time:205.66712898751734
intersection:0, mean_episode_reward:-1.0363893508911133, mean_queue:10.602777481079102
intersection:1, mean_episode_reward:-0.5366669297218323, mean_queue:10.422222137451172
intersection:2, mean_episode_reward:-0.43222224712371826, mean_queue:10.833333015441895
intersection:3, mean_episode_reward:-1.1422226428985596, mean_queue:10.18055534362793
intersection:4, mean_episode_reward:-0.5577777624130249, mean_queue:10.91944408416748
intersection:5, mean_episode_reward:-0.021388879045844078, mean_queue:10.269444465637207
intersection:6, mean_episode_reward:0.17166666686534882, mean_queue:10.649999618530273
intersection:7, mean_episode_reward:-0.7238888144493103, mean_queue:10.269444465637207
intersection:8, mean_episode_reward:-0.5188885927200317, mean_queue:10.538888931274414
intersection:9, mean_episode_reward:-0.12583337724208832, mean_queue:10.441666603088379
intersection:10, mean_episode_reward:-0.11083332449197769, mean_queue:10.786110877990723
intersection:11, mean_episode_reward:-0.1916665881872177, mean_queue:10.350000381469727
intersection:12, mean_episode_reward:-1.1644444465637207, mean_queue:10.86388874053955
intersection:13, mean_episode_reward:-0.5705556273460388, mean_queue:10.633333206176758
intersection:14, mean_episode_reward:-0.5544445514678955, mean_queue:10.58055591583252
intersection:15, mean_episode_reward:-1.0655559301376343, mean_queue:10.558333396911621
intersection:16, mean_episode_reward:0.0922221913933754, mean_queue:0.7749999761581421
intersection:17, mean_episode_reward:0.1719444841146469, mean_queue:0.7777777910232544
intersection:18, mean_episode_reward:0.10777774453163147, mean_queue:0.7888888716697693
intersection:19, mean_episode_reward:0.13750003278255463, mean_queue:0.8166666626930237
intersection:20, mean_episode_reward:0.20083338022232056, mean_queue:0.7527777552604675
intersection:21, mean_episode_reward:0.17527776956558228, mean_queue:0.8138889074325562
intersection:22, mean_episode_reward:0.15055552124977112, mean_queue:0.7888888716697693
intersection:23, mean_episode_reward:0.10305563360452652, mean_queue:0.7805555462837219
intersection:24, mean_episode_reward:0.15333335101604462, mean_queue:0.7749999761581421
intersection:25, mean_episode_reward:0.19611111283302307, mean_queue:0.7749999761581421
intersection:26, mean_episode_reward:0.1322222501039505, mean_queue:0.75
intersection:27, mean_episode_reward:0.1644444316625595, mean_queue:0.769444465637207
intersection:28, mean_episode_reward:0.16277773678302765, mean_queue:0.7833333611488342
intersection:29, mean_episode_reward:0.13805556297302246, mean_queue:0.8333333134651184
intersection:30, mean_episode_reward:0.14249998331069946, mean_queue:0.8722222447395325
intersection:31, mean_episode_reward:0.06777779012918472, mean_queue:0.8083333373069763
Test step:91/200, travel time :208.624826629681, rewards:-6.105277506510417, queue:5.7078125, delay:0.051254362530178496, throughput:1442
step:3600/3600, q_loss:0.639790415763855, rewards:-6.224165852864584, queue:5.677951388888889, delay:0.0496422979566786, throughput:1447
episode:92/200, real avg travel time:205.16862474084311
intersection:0, mean_episode_reward:-1.0730557441711426, mean_queue:10.686111450195312
intersection:1, mean_episode_reward:-0.41194456815719604, mean_queue:10.43055534362793
intersection:2, mean_episode_reward:-0.1827777922153473, mean_queue:10.713889122009277
intersection:3, mean_episode_reward:-1.2541663646697998, mean_queue:10.241666793823242
intersection:4, mean_episode_reward:-0.7022221684455872, mean_queue:10.947221755981445
intersection:5, mean_episode_reward:0.013888898305594921, mean_queue:10.274999618530273
intersection:6, mean_episode_reward:0.06444443762302399, mean_queue:10.758333206176758
intersection:7, mean_episode_reward:-0.6375000476837158, mean_queue:10.288888931274414
intersection:8, mean_episode_reward:-0.6149997711181641, mean_queue:10.73888874053955
intersection:9, mean_episode_reward:-0.2294444590806961, mean_queue:10.472222328186035
intersection:10, mean_episode_reward:-0.1272222250699997, mean_queue:10.733333587646484
intersection:11, mean_episode_reward:-0.11249998211860657, mean_queue:10.36111068725586
intersection:12, mean_episode_reward:-0.8994445204734802, mean_queue:10.73888874053955
intersection:13, mean_episode_reward:-0.4772222340106964, mean_queue:10.5
intersection:14, mean_episode_reward:-0.4863887429237366, mean_queue:10.48611068725586
intersection:15, mean_episode_reward:-1.3280553817749023, mean_queue:10.661110877990723
intersection:16, mean_episode_reward:0.12444441765546799, mean_queue:0.7749999761581421
intersection:17, mean_episode_reward:0.16750004887580872, mean_queue:0.7777777910232544
intersection:18, mean_episode_reward:0.1227777823805809, mean_queue:0.7888888716697693
intersection:19, mean_episode_reward:0.14222224056720734, mean_queue:0.8166666626930237
intersection:20, mean_episode_reward:0.13472214341163635, mean_queue:0.7527777552604675
intersection:21, mean_episode_reward:0.17499999701976776, mean_queue:0.8138889074325562
intersection:22, mean_episode_reward:0.13361108303070068, mean_queue:0.7888888716697693
intersection:23, mean_episode_reward:0.1255556344985962, mean_queue:0.7805555462837219
intersection:24, mean_episode_reward:0.17777782678604126, mean_queue:0.7749999761581421
intersection:25, mean_episode_reward:0.1249999925494194, mean_queue:0.7749999761581421
intersection:26, mean_episode_reward:0.11777779459953308, mean_queue:0.75
intersection:27, mean_episode_reward:0.17138886451721191, mean_queue:0.769444465637207
intersection:28, mean_episode_reward:0.16722221672534943, mean_queue:0.7833333611488342
intersection:29, mean_episode_reward:0.1275000125169754, mean_queue:0.8333333134651184
intersection:30, mean_episode_reward:0.14138886332511902, mean_queue:0.8722222447395325
intersection:31, mean_episode_reward:0.08055555820465088, mean_queue:0.8083333373069763
Test step:92/200, travel time :204.5932085932086, rewards:-6.119443766276041, queue:5.671267361111111, delay:0.04964858161078559, throughput:1443
step:3600/3600, q_loss:0.6427021622657776, rewards:-6.250276692708334, queue:5.671788194444445, delay:0.04931797451443142, throughput:1442
episode:93/200, real avg travel time:205.39251040221913
intersection:0, mean_episode_reward:-1.0991665124893188, mean_queue:10.730555534362793
intersection:1, mean_episode_reward:-0.44611120223999023, mean_queue:10.449999809265137
intersection:2, mean_episode_reward:-0.34638887643814087, mean_queue:10.858333587646484
intersection:3, mean_episode_reward:-1.1586108207702637, mean_queue:10.197221755981445
intersection:4, mean_episode_reward:-0.5477780103683472, mean_queue:10.847222328186035
intersection:5, mean_episode_reward:0.06888889521360397, mean_queue:10.288888931274414
intersection:6, mean_episode_reward:-0.03138887509703636, mean_queue:10.752778053283691
intersection:7, mean_episode_reward:-0.5963886976242065, mean_queue:10.155555725097656
intersection:8, mean_episode_reward:-0.3733333647251129, mean_queue:10.602777481079102
intersection:9, mean_episode_reward:-0.32055556774139404, mean_queue:10.605555534362793
intersection:10, mean_episode_reward:0.04972224682569504, mean_queue:10.66944408416748
intersection:11, mean_episode_reward:-0.3497222363948822, mean_queue:10.377778053283691
intersection:12, mean_episode_reward:-1.01527738571167, mean_queue:10.816666603088379
intersection:13, mean_episode_reward:-0.5797221660614014, mean_queue:10.594444274902344
intersection:14, mean_episode_reward:-0.4461110830307007, mean_queue:10.38611125946045
intersection:15, mean_episode_reward:-1.1577776670455933, mean_queue:10.502778053283691
intersection:16, mean_episode_reward:0.06777776777744293, mean_queue:0.7749999761581421
intersection:17, mean_episode_reward:0.12055554986000061, mean_queue:0.7777777910232544
intersection:18, mean_episode_reward:0.09166666865348816, mean_queue:0.7888888716697693
intersection:19, mean_episode_reward:0.16361114382743835, mean_queue:0.8166666626930237
intersection:20, mean_episode_reward:0.13416658341884613, mean_queue:0.7527777552604675
intersection:21, mean_episode_reward:0.17861106991767883, mean_queue:0.8138889074325562
intersection:22, mean_episode_reward:0.07916664332151413, mean_queue:0.7888888716697693
intersection:23, mean_episode_reward:0.07777782529592514, mean_queue:0.7805555462837219
intersection:24, mean_episode_reward:0.19722221791744232, mean_queue:0.7749999761581421
intersection:25, mean_episode_reward:0.17333324253559113, mean_queue:0.7749999761581421
intersection:26, mean_episode_reward:0.125, mean_queue:0.75
intersection:27, mean_episode_reward:0.1480555534362793, mean_queue:0.769444465637207
intersection:28, mean_episode_reward:0.18111109733581543, mean_queue:0.7833333611488342
intersection:29, mean_episode_reward:0.14972223341464996, mean_queue:0.8333333134651184
intersection:30, mean_episode_reward:0.13999997079372406, mean_queue:0.8722222447395325
intersection:31, mean_episode_reward:0.0716666728258133, mean_queue:0.8083333373069763
Test step:93/200, travel time :204.26264726264725, rewards:-6.167776828342014, queue:5.662673611111111, delay:0.04904802640279134, throughput:1443
step:3600/3600, q_loss:0.6353198885917664, rewards:-6.018611653645833, queue:5.690885416666666, delay:0.04984192318386502, throughput:1441
episode:94/200, real avg travel time:206.73143650242886
intersection:0, mean_episode_reward:-0.9625000953674316, mean_queue:10.574999809265137
intersection:1, mean_episode_reward:-0.45777785778045654, mean_queue:10.413888931274414
intersection:2, mean_episode_reward:-0.29249998927116394, mean_queue:10.79444408416748
intersection:3, mean_episode_reward:-1.2858333587646484, mean_queue:10.344444274902344
intersection:4, mean_episode_reward:-0.6377776861190796, mean_queue:10.938888549804688
intersection:5, mean_episode_reward:-0.13666662573814392, mean_queue:10.411110877990723
intersection:6, mean_episode_reward:0.23805546760559082, mean_queue:10.802778244018555
intersection:7, mean_episode_reward:-0.5969443917274475, mean_queue:10.416666984558105
intersection:8, mean_episode_reward:-0.3411111533641815, mean_queue:10.572221755981445
intersection:9, mean_episode_reward:-0.28777775168418884, mean_queue:10.519444465637207
intersection:10, mean_episode_reward:0.0741666927933693, mean_queue:10.672222137451172
intersection:11, mean_episode_reward:-0.24027778208255768, mean_queue:10.574999809265137
intersection:12, mean_episode_reward:-1.0683335065841675, mean_queue:10.73611068725586
intersection:13, mean_episode_reward:-0.46722212433815, mean_queue:10.48888874053955
intersection:14, mean_episode_reward:-0.4927777051925659, mean_queue:10.433333396911621
intersection:15, mean_episode_reward:-1.3874996900558472, mean_queue:10.752778053283691
intersection:16, mean_episode_reward:0.07527776062488556, mean_queue:0.7749999761581421
intersection:17, mean_episode_reward:0.08833334594964981, mean_queue:0.7777777910232544
intersection:18, mean_episode_reward:0.1341666579246521, mean_queue:0.7888888716697693
intersection:19, mean_episode_reward:0.16972221434116364, mean_queue:0.8166666626930237
intersection:20, mean_episode_reward:0.14527766406536102, mean_queue:0.7527777552604675
intersection:21, mean_episode_reward:0.15861110389232635, mean_queue:0.8138889074325562
intersection:22, mean_episode_reward:0.09027773886919022, mean_queue:0.7888888716697693
intersection:23, mean_episode_reward:0.10416673123836517, mean_queue:0.7805555462837219
intersection:24, mean_episode_reward:0.19277776777744293, mean_queue:0.7749999761581421
intersection:25, mean_episode_reward:0.20388883352279663, mean_queue:0.7749999761581421
intersection:26, mean_episode_reward:0.13388888537883759, mean_queue:0.75
intersection:27, mean_episode_reward:0.17166666686534882, mean_queue:0.769444465637207
intersection:28, mean_episode_reward:0.18416666984558105, mean_queue:0.7833333611488342
intersection:29, mean_episode_reward:0.26249998807907104, mean_queue:0.8333333134651184
intersection:30, mean_episode_reward:0.14194442331790924, mean_queue:0.8722222447395325
intersection:31, mean_episode_reward:0.06750000268220901, mean_queue:0.8083333373069763
Test step:94/200, travel time :204.6615811373093, rewards:-6.1875, queue:5.6624131944444445, delay:0.04963704215155707, throughput:1442
step:3600/3600, q_loss:0.6361696124076843, rewards:-6.2933336046006945, queue:5.679253472222222, delay:0.04981617397732205, throughput:1442
episode:95/200, real avg travel time:205.75936199722608
intersection:0, mean_episode_reward:-1.0641664266586304, mean_queue:10.600000381469727
intersection:1, mean_episode_reward:-0.5208331942558289, mean_queue:10.411110877990723
intersection:2, mean_episode_reward:-0.368611216545105, mean_queue:10.800000190734863
intersection:3, mean_episode_reward:-1.0605556964874268, mean_queue:10.108333587646484
intersection:4, mean_episode_reward:-0.7647222876548767, mean_queue:11.002778053283691
intersection:5, mean_episode_reward:-0.06444447487592697, mean_queue:10.297222137451172
intersection:6, mean_episode_reward:0.17833328247070312, mean_queue:10.788888931274414
intersection:7, mean_episode_reward:-0.7297223210334778, mean_queue:10.26388931274414
intersection:8, mean_episode_reward:-0.23666666448116302, mean_queue:10.591666221618652
intersection:9, mean_episode_reward:-0.131944477558136, mean_queue:10.491666793823242
intersection:10, mean_episode_reward:-0.01972220279276371, mean_queue:10.741666793823242
intersection:11, mean_episode_reward:-0.30361106991767883, mean_queue:10.425000190734863
intersection:12, mean_episode_reward:-1.172499656677246, mean_queue:10.872221946716309
intersection:13, mean_episode_reward:-0.36944442987442017, mean_queue:10.524999618530273
intersection:14, mean_episode_reward:-0.578889012336731, mean_queue:10.54444408416748
intersection:15, mean_episode_reward:-1.3002781867980957, mean_queue:10.61111068725586
intersection:16, mean_episode_reward:0.09638888388872147, mean_queue:0.7749999761581421
intersection:17, mean_episode_reward:0.12444446235895157, mean_queue:0.7777777910232544
intersection:18, mean_episode_reward:0.10277774930000305, mean_queue:0.7888888716697693
intersection:19, mean_episode_reward:0.1486111581325531, mean_queue:0.8166666626930237
intersection:20, mean_episode_reward:0.16972212493419647, mean_queue:0.7527777552604675
intersection:21, mean_episode_reward:0.20555561780929565, mean_queue:0.8138889074325562
intersection:22, mean_episode_reward:0.10972220450639725, mean_queue:0.7888888716697693
intersection:23, mean_episode_reward:0.03722222149372101, mean_queue:0.7805555462837219
intersection:24, mean_episode_reward:0.18416674435138702, mean_queue:0.7749999761581421
intersection:25, mean_episode_reward:0.1683332473039627, mean_queue:0.7749999761581421
intersection:26, mean_episode_reward:0.1344444453716278, mean_queue:0.75
intersection:27, mean_episode_reward:0.1736111044883728, mean_queue:0.769444465637207
intersection:28, mean_episode_reward:0.16944442689418793, mean_queue:0.7833333611488342
intersection:29, mean_episode_reward:0.16083332896232605, mean_queue:0.8333333134651184
intersection:30, mean_episode_reward:0.15749995410442352, mean_queue:0.8722222447395325
intersection:31, mean_episode_reward:0.0716666728258133, mean_queue:0.8083333373069763
Test step:95/200, travel time :205.33056133056132, rewards:-6.259165445963542, queue:5.675086805555556, delay:0.04873093499077691, throughput:1443
step:3600/3600, q_loss:0.6392290592193604, rewards:-6.156943088107639, queue:5.672395833333334, delay:0.049914222293429907, throughput:1444
episode:96/200, real avg travel time:205.4376731301939
intersection:0, mean_episode_reward:-0.9761111736297607, mean_queue:10.519444465637207
intersection:1, mean_episode_reward:-0.5394443273544312, mean_queue:10.377778053283691
intersection:2, mean_episode_reward:-0.4694441556930542, mean_queue:10.933333396911621
intersection:3, mean_episode_reward:-1.059166431427002, mean_queue:10.247221946716309
intersection:4, mean_episode_reward:-0.6238887906074524, mean_queue:10.897222518920898
intersection:5, mean_episode_reward:0.04000001400709152, mean_queue:10.208333015441895
intersection:6, mean_episode_reward:0.26055559515953064, mean_queue:10.61388874053955
intersection:7, mean_episode_reward:-0.6647219061851501, mean_queue:10.29444408416748
intersection:8, mean_episode_reward:-0.48361146450042725, mean_queue:10.461111068725586
intersection:9, mean_episode_reward:-0.32638877630233765, mean_queue:10.633333206176758
intersection:10, mean_episode_reward:-0.08000004291534424, mean_queue:10.783333778381348
intersection:11, mean_episode_reward:-0.30388885736465454, mean_queue:10.438888549804688
intersection:12, mean_episode_reward:-1.1308337450027466, mean_queue:10.877778053283691
intersection:13, mean_episode_reward:-0.4638887643814087, mean_queue:10.644444465637207
intersection:14, mean_episode_reward:-0.3655554950237274, mean_queue:10.394444465637207
intersection:15, mean_episode_reward:-1.2377773523330688, mean_queue:10.530555725097656
intersection:16, mean_episode_reward:0.059722211211919785, mean_queue:0.7749999761581421
intersection:17, mean_episode_reward:0.13166667520999908, mean_queue:0.7777777910232544
intersection:18, mean_episode_reward:0.13722223043441772, mean_queue:0.7888888716697693
intersection:19, mean_episode_reward:0.17277778685092926, mean_queue:0.8166666626930237
intersection:20, mean_episode_reward:0.1474999040365219, mean_queue:0.7527777552604675
intersection:21, mean_episode_reward:0.17500001192092896, mean_queue:0.8138889074325562
intersection:22, mean_episode_reward:0.07944442331790924, mean_queue:0.7888888716697693
intersection:23, mean_episode_reward:0.09750007092952728, mean_queue:0.7805555462837219
intersection:24, mean_episode_reward:0.18861116468906403, mean_queue:0.7749999761581421
intersection:25, mean_episode_reward:0.23861107230186462, mean_queue:0.7749999761581421
intersection:26, mean_episode_reward:0.1113889068365097, mean_queue:0.75
intersection:27, mean_episode_reward:0.17444442212581635, mean_queue:0.769444465637207
intersection:28, mean_episode_reward:0.1874999850988388, mean_queue:0.7833333611488342
intersection:29, mean_episode_reward:0.155277818441391, mean_queue:0.8333333134651184
intersection:30, mean_episode_reward:0.14527775347232819, mean_queue:0.8722222447395325
intersection:31, mean_episode_reward:0.06527777761220932, mean_queue:0.8083333373069763
Test step:96/200, travel time :205.5939015939016, rewards:-6.246666802300347, queue:5.675, delay:0.048509703742133245, throughput:1443
step:3600/3600, q_loss:0.6417499780654907, rewards:-6.3097215440538195, queue:5.674392361111111, delay:0.04896115197075738, throughput:1445
episode:97/200, real avg travel time:205.18408304498269
intersection:0, mean_episode_reward:-0.9233330488204956, mean_queue:10.522222518920898
intersection:1, mean_episode_reward:-0.6888889074325562, mean_queue:10.38888931274414
intersection:2, mean_episode_reward:-0.37333348393440247, mean_queue:10.800000190734863
intersection:3, mean_episode_reward:-1.2055555582046509, mean_queue:10.186111450195312
intersection:4, mean_episode_reward:-0.6433329582214355, mean_queue:10.838889122009277
intersection:5, mean_episode_reward:0.06833335757255554, mean_queue:10.297222137451172
intersection:6, mean_episode_reward:0.026388876140117645, mean_queue:10.852777481079102
intersection:7, mean_episode_reward:-0.4722222685813904, mean_queue:10.18055534362793
intersection:8, mean_episode_reward:-0.5580554008483887, mean_queue:10.716666221618652
intersection:9, mean_episode_reward:-0.38944438099861145, mean_queue:10.63888931274414
intersection:10, mean_episode_reward:0.04027777165174484, mean_queue:10.672222137451172
intersection:11, mean_episode_reward:-0.35611090064048767, mean_queue:10.438888549804688
intersection:12, mean_episode_reward:-0.961666464805603, mean_queue:10.858333587646484
intersection:13, mean_episode_reward:-0.4619443118572235, mean_queue:10.56944465637207
intersection:14, mean_episode_reward:-0.4536111652851105, mean_queue:10.366666793823242
intersection:15, mean_episode_reward:-1.220833659172058, mean_queue:10.591666221618652
intersection:16, mean_episode_reward:0.04777776822447777, mean_queue:0.7749999761581421
intersection:17, mean_episode_reward:0.18833321332931519, mean_queue:0.7777777910232544
intersection:18, mean_episode_reward:0.09166667610406876, mean_queue:0.7888888716697693
intersection:19, mean_episode_reward:0.12944446504116058, mean_queue:0.8166666626930237
intersection:20, mean_episode_reward:0.1611110121011734, mean_queue:0.7527777552604675
intersection:21, mean_episode_reward:0.17555555701255798, mean_queue:0.8138889074325562
intersection:22, mean_episode_reward:0.07194443792104721, mean_queue:0.7888888716697693
intersection:23, mean_episode_reward:0.061944447457790375, mean_queue:0.7805555462837219
intersection:24, mean_episode_reward:0.21277782320976257, mean_queue:0.7749999761581421
intersection:25, mean_episode_reward:0.2380555272102356, mean_queue:0.7749999761581421
intersection:26, mean_episode_reward:0.12333333492279053, mean_queue:0.75
intersection:27, mean_episode_reward:0.1711111068725586, mean_queue:0.769444465637207
intersection:28, mean_episode_reward:0.18388888239860535, mean_queue:0.7833333611488342
intersection:29, mean_episode_reward:0.19972223043441772, mean_queue:0.8333333134651184
intersection:30, mean_episode_reward:0.1411110758781433, mean_queue:0.8722222447395325
intersection:31, mean_episode_reward:0.06583333015441895, mean_queue:0.8083333373069763
Test step:97/200, travel time :205.27096327096328, rewards:-6.245833333333334, queue:5.678993055555556, delay:0.048331970638699, throughput:1443
step:3600/3600, q_loss:0.6404310464859009, rewards:-6.339999728732639, queue:5.678385416666667, delay:0.04867555300394694, throughput:1442
episode:98/200, real avg travel time:204.95769764216365
intersection:0, mean_episode_reward:-1.1699997186660767, mean_queue:10.708333015441895
intersection:1, mean_episode_reward:-0.5863888263702393, mean_queue:10.463889122009277
intersection:2, mean_episode_reward:-0.41555556654930115, mean_queue:10.866666793823242
intersection:3, mean_episode_reward:-1.159999966621399, mean_queue:10.213889122009277
intersection:4, mean_episode_reward:-0.5183330774307251, mean_queue:10.866666793823242
intersection:5, mean_episode_reward:0.06499995291233063, mean_queue:10.19444465637207
intersection:6, mean_episode_reward:0.10083325952291489, mean_queue:10.716666221618652
intersection:7, mean_episode_reward:-0.7183332443237305, mean_queue:10.311111450195312
intersection:8, mean_episode_reward:-0.45555543899536133, mean_queue:10.658333778381348
intersection:9, mean_episode_reward:-0.19055548310279846, mean_queue:10.608333587646484
intersection:10, mean_episode_reward:0.10250001400709152, mean_queue:10.663888931274414
intersection:11, mean_episode_reward:-0.39388877153396606, mean_queue:10.422222137451172
intersection:12, mean_episode_reward:-0.9983335137367249, mean_queue:10.752778053283691
intersection:13, mean_episode_reward:-0.3888888955116272, mean_queue:10.561111450195312
intersection:14, mean_episode_reward:-0.41333329677581787, mean_queue:10.43055534362793
intersection:15, mean_episode_reward:-1.3452777862548828, mean_queue:10.608333587646484
intersection:16, mean_episode_reward:0.019166676327586174, mean_queue:0.7749999761581421
intersection:17, mean_episode_reward:0.15444444119930267, mean_queue:0.7777777910232544
intersection:18, mean_episode_reward:0.12388889491558075, mean_queue:0.7888888716697693
intersection:19, mean_episode_reward:0.13388891518115997, mean_queue:0.8166666626930237
intersection:20, mean_episode_reward:0.169999897480011, mean_queue:0.7527777552604675
intersection:21, mean_episode_reward:0.16305555403232574, mean_queue:0.8138889074325562
intersection:22, mean_episode_reward:0.09833325445652008, mean_queue:0.7888888716697693
intersection:23, mean_episode_reward:0.05194444581866264, mean_queue:0.7805555462837219
intersection:24, mean_episode_reward:0.18166673183441162, mean_queue:0.7749999761581421
intersection:25, mean_episode_reward:0.11749998480081558, mean_queue:0.7749999761581421
intersection:26, mean_episode_reward:0.1316666603088379, mean_queue:0.75
intersection:27, mean_episode_reward:0.15527774393558502, mean_queue:0.769444465637207
intersection:28, mean_episode_reward:0.1736110895872116, mean_queue:0.7833333611488342
intersection:29, mean_episode_reward:0.19888891279697418, mean_queue:0.8333333134651184
intersection:30, mean_episode_reward:0.16249996423721313, mean_queue:0.8722222447395325
intersection:31, mean_episode_reward:0.11027774959802628, mean_queue:0.8083333373069763
Test step:98/200, travel time :204.9271844660194, rewards:-6.170277235243056, queue:5.674045138888889, delay:0.049052386813693574, throughput:1442
step:3600/3600, q_loss:0.6401862502098083, rewards:-6.381944444444445, queue:5.669184027777778, delay:0.04824039671156141, throughput:1443
episode:99/200, real avg travel time:204.8780318780319
intersection:0, mean_episode_reward:-1.0422219038009644, mean_queue:10.563888549804688
intersection:1, mean_episode_reward:-0.6574999690055847, mean_queue:10.38611125946045
intersection:2, mean_episode_reward:-0.28333330154418945, mean_queue:10.86111068725586
intersection:3, mean_episode_reward:-1.1813892126083374, mean_queue:10.216666221618652
intersection:4, mean_episode_reward:-0.6241664886474609, mean_queue:10.875
intersection:5, mean_episode_reward:0.17916665971279144, mean_queue:10.202777862548828
intersection:6, mean_episode_reward:-0.04083334282040596, mean_queue:10.747221946716309
intersection:7, mean_episode_reward:-0.5330554842948914, mean_queue:10.233333587646484
intersection:8, mean_episode_reward:-0.40250006318092346, mean_queue:10.463889122009277
intersection:9, mean_episode_reward:-0.2172222137451172, mean_queue:10.552778244018555
intersection:10, mean_episode_reward:0.12861110270023346, mean_queue:10.730555534362793
intersection:11, mean_episode_reward:-0.3699999153614044, mean_queue:10.436111450195312
intersection:12, mean_episode_reward:-0.9808331727981567, mean_queue:10.75
intersection:13, mean_episode_reward:-0.5647221207618713, mean_queue:10.661110877990723
intersection:14, mean_episode_reward:-0.43472227454185486, mean_queue:10.438888549804688
intersection:15, mean_episode_reward:-1.3163888454437256, mean_queue:10.633333206176758
intersection:16, mean_episode_reward:0.0483333058655262, mean_queue:0.7749999761581421
intersection:17, mean_episode_reward:0.11000003665685654, mean_queue:0.7777777910232544
intersection:18, mean_episode_reward:0.06861111521720886, mean_queue:0.7888888716697693
intersection:19, mean_episode_reward:0.16166667640209198, mean_queue:0.8166666626930237
intersection:20, mean_episode_reward:0.14444436132907867, mean_queue:0.7527777552604675
intersection:21, mean_episode_reward:0.19083335995674133, mean_queue:0.8138889074325562
intersection:22, mean_episode_reward:0.07694441825151443, mean_queue:0.7888888716697693
intersection:23, mean_episode_reward:0.036666661500930786, mean_queue:0.7805555462837219
intersection:24, mean_episode_reward:0.1647222489118576, mean_queue:0.7749999761581421
intersection:25, mean_episode_reward:0.1663888543844223, mean_queue:0.7749999761581421
intersection:26, mean_episode_reward:0.12999999523162842, mean_queue:0.75
intersection:27, mean_episode_reward:0.154722198843956, mean_queue:0.769444465637207
intersection:28, mean_episode_reward:0.16749998927116394, mean_queue:0.7833333611488342
intersection:29, mean_episode_reward:0.14250001311302185, mean_queue:0.8333333134651184
intersection:30, mean_episode_reward:0.10888883471488953, mean_queue:0.8722222447395325
intersection:31, mean_episode_reward:0.08694445341825485, mean_queue:0.8083333373069763
Test step:99/200, travel time :205.5676613462873, rewards:-6.244443766276041, queue:5.682986111111111, delay:0.04901923073662652, throughput:1441
step:3600/3600, q_loss:0.6352483034133911, rewards:-6.070278591579861, queue:5.661458333333333, delay:0.048558643129136825, throughput:1441
episode:100/200, real avg travel time:203.4795281054823
intersection:0, mean_episode_reward:-1.100833535194397, mean_queue:10.686111450195312
intersection:1, mean_episode_reward:-0.5288890600204468, mean_queue:10.458333015441895
intersection:2, mean_episode_reward:-0.5383333563804626, mean_queue:10.949999809265137
intersection:3, mean_episode_reward:-1.0344444513320923, mean_queue:10.122221946716309
intersection:4, mean_episode_reward:-0.6674999594688416, mean_queue:10.850000381469727
intersection:5, mean_episode_reward:0.1894443780183792, mean_queue:10.255555152893066
intersection:6, mean_episode_reward:0.3027777671813965, mean_queue:10.769444465637207
intersection:7, mean_episode_reward:-0.5430554747581482, mean_queue:10.252778053283691
intersection:8, mean_episode_reward:-0.4705554246902466, mean_queue:10.480555534362793
intersection:9, mean_episode_reward:-0.1972222477197647, mean_queue:10.402777671813965
intersection:10, mean_episode_reward:0.10527776181697845, mean_queue:10.68055534362793
intersection:11, mean_episode_reward:-0.5605558156967163, mean_queue:10.472222328186035
intersection:12, mean_episode_reward:-1.06527841091156, mean_queue:10.73611068725586
intersection:13, mean_episode_reward:-0.3477775752544403, mean_queue:10.408333778381348
intersection:14, mean_episode_reward:-0.5858332514762878, mean_queue:10.449999809265137
intersection:15, mean_episode_reward:-1.1597217321395874, mean_queue:10.530555725097656
intersection:16, mean_episode_reward:0.059999980032444, mean_queue:0.7749999761581421
intersection:17, mean_episode_reward:0.1297222524881363, mean_queue:0.7777777910232544
intersection:18, mean_episode_reward:0.07833333313465118, mean_queue:0.7888888716697693
intersection:19, mean_episode_reward:0.13944445550441742, mean_queue:0.8166666626930237
intersection:20, mean_episode_reward:0.13166657090187073, mean_queue:0.7527777552604675
intersection:21, mean_episode_reward:0.1644444465637207, mean_queue:0.8138889074325562
intersection:22, mean_episode_reward:0.08361108601093292, mean_queue:0.7888888716697693
intersection:23, mean_episode_reward:0.04750001057982445, mean_queue:0.7805555462837219
intersection:24, mean_episode_reward:0.24555562436580658, mean_queue:0.7749999761581421
intersection:25, mean_episode_reward:0.17527775466442108, mean_queue:0.7749999761581421
intersection:26, mean_episode_reward:0.1275000274181366, mean_queue:0.75
intersection:27, mean_episode_reward:0.1961110681295395, mean_queue:0.769444465637207
intersection:28, mean_episode_reward:0.16777776181697845, mean_queue:0.7833333611488342
intersection:29, mean_episode_reward:0.17472220957279205, mean_queue:0.8333333134651184
intersection:30, mean_episode_reward:0.1272221952676773, mean_queue:0.8722222447395325
intersection:31, mean_episode_reward:0.0833333283662796, mean_queue:0.8083333373069763
Test step:100/200, travel time :202.98613998614, rewards:-6.167222086588541, queue:5.648524305555555, delay:0.0481202867296007, throughput:1443
step:3600/3600, q_loss:0.6318345665931702, rewards:-6.125834147135417, queue:5.657725694444444, delay:0.04863258997599284, throughput:1443
episode:101/200, real avg travel time:204.000693000693
intersection:0, mean_episode_reward:-1.0450001955032349, mean_queue:10.558333396911621
intersection:1, mean_episode_reward:-0.5852779150009155, mean_queue:10.350000381469727
intersection:2, mean_episode_reward:-0.19583329558372498, mean_queue:10.725000381469727
intersection:3, mean_episode_reward:-1.1366666555404663, mean_queue:10.155555725097656
intersection:4, mean_episode_reward:-0.5966663360595703, mean_queue:10.925000190734863
intersection:5, mean_episode_reward:0.16750001907348633, mean_queue:10.116666793823242
intersection:6, mean_episode_reward:0.07499999552965164, mean_queue:10.708333015441895
intersection:7, mean_episode_reward:-0.633611261844635, mean_queue:10.29444408416748
intersection:8, mean_episode_reward:-0.6208332777023315, mean_queue:10.630555152893066
intersection:9, mean_episode_reward:-0.157777801156044, mean_queue:10.508333206176758
intersection:10, mean_episode_reward:-0.0011111567728221416, mean_queue:10.744444847106934
intersection:11, mean_episode_reward:-0.4172222912311554, mean_queue:10.477777481079102
intersection:12, mean_episode_reward:-0.9755558371543884, mean_queue:10.70555591583252
intersection:13, mean_episode_reward:-0.47222214937210083, mean_queue:10.55555534362793
intersection:14, mean_episode_reward:-0.3230556547641754, mean_queue:10.36111068725586
intersection:15, mean_episode_reward:-1.2355555295944214, mean_queue:10.56944465637207
intersection:16, mean_episode_reward:0.038888901472091675, mean_queue:0.7749999761581421
intersection:17, mean_episode_reward:0.155277818441391, mean_queue:0.7777777910232544
intersection:18, mean_episode_reward:0.08722221851348877, mean_queue:0.7888888716697693
intersection:19, mean_episode_reward:0.1413888931274414, mean_queue:0.8166666626930237
intersection:20, mean_episode_reward:0.1655554473400116, mean_queue:0.7527777552604675
intersection:21, mean_episode_reward:0.16083335876464844, mean_queue:0.8138889074325562
intersection:22, mean_episode_reward:0.07472220808267593, mean_queue:0.7888888716697693
intersection:23, mean_episode_reward:0.023611098527908325, mean_queue:0.7805555462837219
intersection:24, mean_episode_reward:0.186111181974411, mean_queue:0.7749999761581421
intersection:25, mean_episode_reward:0.11611109972000122, mean_queue:0.7749999761581421
intersection:26, mean_episode_reward:0.12611116468906403, mean_queue:0.75
intersection:27, mean_episode_reward:0.18999993801116943, mean_queue:0.769444465637207
intersection:28, mean_episode_reward:0.16749998927116394, mean_queue:0.7833333611488342
intersection:29, mean_episode_reward:0.1619444489479065, mean_queue:0.8333333134651184
intersection:30, mean_episode_reward:0.16138885915279388, mean_queue:0.8722222447395325
intersection:31, mean_episode_reward:0.07138889282941818, mean_queue:0.8083333373069763
Test step:101/200, travel time :204.377947295423, rewards:-6.2036119249131945, queue:5.663454861111111, delay:0.0489411195119222, throughput:1442
step:3600/3600, q_loss:0.6314831972122192, rewards:-6.316109890407986, queue:5.677777777777778, delay:0.04883046150207519, throughput:1441
episode:102/200, real avg travel time:205.65163081193614
intersection:0, mean_episode_reward:-1.0352776050567627, mean_queue:10.666666984558105
intersection:1, mean_episode_reward:-0.4724998474121094, mean_queue:10.38888931274414
intersection:2, mean_episode_reward:-0.3299999535083771, mean_queue:10.824999809265137
intersection:3, mean_episode_reward:-1.1416667699813843, mean_queue:10.11111068725586
intersection:4, mean_episode_reward:-0.9022224545478821, mean_queue:11.063888549804688
intersection:5, mean_episode_reward:0.14833329617977142, mean_queue:10.23888874053955
intersection:6, mean_episode_reward:0.06444445252418518, mean_queue:10.79444408416748
intersection:7, mean_episode_reward:-0.6811109781265259, mean_queue:10.347222328186035
intersection:8, mean_episode_reward:-0.320277601480484, mean_queue:10.524999618530273
intersection:9, mean_episode_reward:-0.31250008940696716, mean_queue:10.663888931274414
intersection:10, mean_episode_reward:0.02222220040857792, mean_queue:10.76388931274414
intersection:11, mean_episode_reward:-0.3799999952316284, mean_queue:10.475000381469727
intersection:12, mean_episode_reward:-1.044999599456787, mean_queue:10.719444274902344
intersection:13, mean_episode_reward:-0.463333398103714, mean_queue:10.519444465637207
intersection:14, mean_episode_reward:-0.3936111330986023, mean_queue:10.469444274902344
intersection:15, mean_episode_reward:-1.0627774000167847, mean_queue:10.45555591583252
intersection:16, mean_episode_reward:0.04805554822087288, mean_queue:0.7749999761581421
intersection:17, mean_episode_reward:0.11805558949708939, mean_queue:0.7777777910232544
intersection:18, mean_episode_reward:0.09083334356546402, mean_queue:0.7888888716697693
intersection:19, mean_episode_reward:0.1394444704055786, mean_queue:0.8166666626930237
intersection:20, mean_episode_reward:0.15416660904884338, mean_queue:0.7527777552604675
intersection:21, mean_episode_reward:0.14444445073604584, mean_queue:0.8138889074325562
intersection:22, mean_episode_reward:0.0830555260181427, mean_queue:0.7888888716697693
intersection:23, mean_episode_reward:0.022777756676077843, mean_queue:0.7805555462837219
intersection:24, mean_episode_reward:0.17694446444511414, mean_queue:0.7749999761581421
intersection:25, mean_episode_reward:0.12055552750825882, mean_queue:0.7749999761581421
intersection:26, mean_episode_reward:0.12916667759418488, mean_queue:0.75
intersection:27, mean_episode_reward:0.20222221314907074, mean_queue:0.769444465637207
intersection:28, mean_episode_reward:0.17222219705581665, mean_queue:0.7833333611488342
intersection:29, mean_episode_reward:0.17944450676441193, mean_queue:0.8333333134651184
intersection:30, mean_episode_reward:0.12361107766628265, mean_queue:0.8722222447395325
intersection:31, mean_episode_reward:0.08416666090488434, mean_queue:0.8083333373069763
Test step:102/200, travel time :203.64750692520775, rewards:-6.070833333333334, queue:5.660329861111111, delay:0.04912997881571452, throughput:1444
step:3600/3600, q_loss:0.628749430179596, rewards:-6.2455559624565975, queue:5.669357638888889, delay:0.04901595645480686, throughput:1444
episode:103/200, real avg travel time:204.58864265927977
intersection:0, mean_episode_reward:-1.1200001239776611, mean_queue:10.63888931274414
intersection:1, mean_episode_reward:-0.5188890099525452, mean_queue:10.352777481079102
intersection:2, mean_episode_reward:-0.3333333432674408, mean_queue:10.730555534362793
intersection:3, mean_episode_reward:-1.0916668176651, mean_queue:10.11111068725586
intersection:4, mean_episode_reward:-0.7486110925674438, mean_queue:11.097222328186035
intersection:5, mean_episode_reward:0.14499999582767487, mean_queue:10.288888931274414
intersection:6, mean_episode_reward:-0.036666665226221085, mean_queue:10.811111450195312
intersection:7, mean_episode_reward:-0.5461112260818481, mean_queue:10.219444274902344
intersection:8, mean_episode_reward:-0.4127776622772217, mean_queue:10.530555725097656
intersection:9, mean_episode_reward:-0.21138890087604523, mean_queue:10.48611068725586
intersection:10, mean_episode_reward:0.01999998837709427, mean_queue:10.727777481079102
intersection:11, mean_episode_reward:-0.35194435715675354, mean_queue:10.399999618530273
intersection:12, mean_episode_reward:-1.0622222423553467, mean_queue:10.777777671813965
intersection:13, mean_episode_reward:-0.5199999809265137, mean_queue:10.583333015441895
intersection:14, mean_episode_reward:-0.19777780771255493, mean_queue:10.408333778381348
intersection:15, mean_episode_reward:-1.2533332109451294, mean_queue:10.594444274902344
intersection:16, mean_episode_reward:0.15333332121372223, mean_queue:0.7749999761581421
intersection:17, mean_episode_reward:0.15833334624767303, mean_queue:0.7777777910232544
intersection:18, mean_episode_reward:0.10111109167337418, mean_queue:0.7888888716697693
intersection:19, mean_episode_reward:0.13027779757976532, mean_queue:0.8166666626930237
intersection:20, mean_episode_reward:0.142777681350708, mean_queue:0.7527777552604675
intersection:21, mean_episode_reward:0.1572222262620926, mean_queue:0.8138889074325562
intersection:22, mean_episode_reward:0.07444442808628082, mean_queue:0.7888888716697693
intersection:23, mean_episode_reward:-0.0022222218103706837, mean_queue:0.7805555462837219
intersection:24, mean_episode_reward:0.15944446623325348, mean_queue:0.7749999761581421
intersection:25, mean_episode_reward:0.12194440513849258, mean_queue:0.7749999761581421
intersection:26, mean_episode_reward:0.1369444727897644, mean_queue:0.75
intersection:27, mean_episode_reward:0.17194439470767975, mean_queue:0.769444465637207
intersection:28, mean_episode_reward:0.16222219169139862, mean_queue:0.7833333611488342
intersection:29, mean_episode_reward:0.14000001549720764, mean_queue:0.8333333134651184
intersection:30, mean_episode_reward:0.10472219437360764, mean_queue:0.8722222447395325
intersection:31, mean_episode_reward:0.08166667073965073, mean_queue:0.8083333373069763
Test step:103/200, travel time :204.10887656033287, rewards:-6.286389838324653, queue:5.665277777777778, delay:0.04848115709092882, throughput:1442
step:3600/3600, q_loss:0.6279516220092773, rewards:-6.360557725694444, queue:5.67734375, delay:0.04855946434868707, throughput:1444
episode:104/200, real avg travel time:205.16204986149583
intersection:0, mean_episode_reward:-1.0649999380111694, mean_queue:10.547222137451172
intersection:1, mean_episode_reward:-0.6155555248260498, mean_queue:10.336111068725586
intersection:2, mean_episode_reward:-0.42722219228744507, mean_queue:10.891666412353516
intersection:3, mean_episode_reward:-1.1525002717971802, mean_queue:10.255555152893066
intersection:4, mean_episode_reward:-0.6513888239860535, mean_queue:10.983333587646484
intersection:5, mean_episode_reward:0.21111120283603668, mean_queue:10.186111450195312
intersection:6, mean_episode_reward:0.18638883531093597, mean_queue:10.788888931274414
intersection:7, mean_episode_reward:-0.6061112880706787, mean_queue:10.358333587646484
intersection:8, mean_episode_reward:-0.26555564999580383, mean_queue:10.508333206176758
intersection:9, mean_episode_reward:-0.2963889539241791, mean_queue:10.480555534362793
intersection:10, mean_episode_reward:0.19583334028720856, mean_queue:10.683333396911621
intersection:11, mean_episode_reward:-0.4355555772781372, mean_queue:10.438888549804688
intersection:12, mean_episode_reward:-1.3200005292892456, mean_queue:11.002778053283691
intersection:13, mean_episode_reward:-0.3780555725097656, mean_queue:10.508333206176758
intersection:14, mean_episode_reward:-0.39333346486091614, mean_queue:10.380555152893066
intersection:15, mean_episode_reward:-1.3955559730529785, mean_queue:10.663888931274414
intersection:16, mean_episode_reward:0.08916664123535156, mean_queue:0.7749999761581421
intersection:17, mean_episode_reward:0.08777778595685959, mean_queue:0.7777777910232544
intersection:18, mean_episode_reward:0.10111108422279358, mean_queue:0.7888888716697693
intersection:19, mean_episode_reward:0.15333335101604462, mean_queue:0.8166666626930237
intersection:20, mean_episode_reward:0.1658332496881485, mean_queue:0.7527777552604675
intersection:21, mean_episode_reward:0.14500001072883606, mean_queue:0.8138889074325562
intersection:22, mean_episode_reward:0.09833326190710068, mean_queue:0.7888888716697693
intersection:23, mean_episode_reward:0.023333312943577766, mean_queue:0.7805555462837219
intersection:24, mean_episode_reward:0.1880556046962738, mean_queue:0.7749999761581421
intersection:25, mean_episode_reward:0.15138883888721466, mean_queue:0.7749999761581421
intersection:26, mean_episode_reward:0.14694449305534363, mean_queue:0.75
intersection:27, mean_episode_reward:0.19277776777744293, mean_queue:0.769444465637207
intersection:28, mean_episode_reward:0.1799999624490738, mean_queue:0.7833333611488342
intersection:29, mean_episode_reward:0.15694443881511688, mean_queue:0.8333333134651184
intersection:30, mean_episode_reward:0.10055553913116455, mean_queue:0.8722222447395325
intersection:31, mean_episode_reward:0.06777779012918472, mean_queue:0.8083333373069763
Test step:104/200, travel time :203.62629757785467, rewards:-6.174166531032986, queue:5.658767361111111, delay:0.04823542700873481, throughput:1445
step:3600/3600, q_loss:0.6320634484291077, rewards:-6.232223849826389, queue:5.6671875, delay:0.048857657114664714, throughput:1439
episode:105/200, real avg travel time:204.74565670604588
intersection:0, mean_episode_reward:-1.0469447374343872, mean_queue:10.56944465637207
intersection:1, mean_episode_reward:-0.4602776765823364, mean_queue:10.336111068725586
intersection:2, mean_episode_reward:-0.27694445848464966, mean_queue:10.774999618530273
intersection:3, mean_episode_reward:-1.204167366027832, mean_queue:10.247221946716309
intersection:4, mean_episode_reward:-0.7097222805023193, mean_queue:10.927778244018555
intersection:5, mean_episode_reward:0.23722225427627563, mean_queue:10.094444274902344
intersection:6, mean_episode_reward:-0.20000004768371582, mean_queue:11.008333206176758
intersection:7, mean_episode_reward:-0.5130557417869568, mean_queue:10.269444465637207
intersection:8, mean_episode_reward:-0.5711112022399902, mean_queue:10.54444408416748
intersection:9, mean_episode_reward:-0.051388930529356, mean_queue:10.377778053283691
intersection:10, mean_episode_reward:0.13944441080093384, mean_queue:10.708333015441895
intersection:11, mean_episode_reward:-0.32333338260650635, mean_queue:10.425000190734863
intersection:12, mean_episode_reward:-1.1444445848464966, mean_queue:10.822221755981445
intersection:13, mean_episode_reward:-0.3752777576446533, mean_queue:10.550000190734863
intersection:14, mean_episode_reward:-0.5841667652130127, mean_queue:10.48888874053955
intersection:15, mean_episode_reward:-1.1524999141693115, mean_queue:10.54444408416748
intersection:16, mean_episode_reward:0.07944442331790924, mean_queue:0.7749999761581421
intersection:17, mean_episode_reward:0.0902777761220932, mean_queue:0.7777777910232544
intersection:18, mean_episode_reward:0.11361109465360641, mean_queue:0.7888888716697693
intersection:19, mean_episode_reward:0.11861113458871841, mean_queue:0.8166666626930237
intersection:20, mean_episode_reward:0.17638875544071198, mean_queue:0.7527777552604675
intersection:21, mean_episode_reward:0.14222221076488495, mean_queue:0.8138889074325562
intersection:22, mean_episode_reward:0.06333331763744354, mean_queue:0.7888888716697693
intersection:23, mean_episode_reward:0.015555541031062603, mean_queue:0.7805555462837219
intersection:24, mean_episode_reward:0.2036110758781433, mean_queue:0.7749999761581421
intersection:25, mean_episode_reward:0.1986110508441925, mean_queue:0.7749999761581421
intersection:26, mean_episode_reward:0.11527778953313828, mean_queue:0.75
intersection:27, mean_episode_reward:0.15833334624767303, mean_queue:0.769444465637207
intersection:28, mean_episode_reward:0.18166667222976685, mean_queue:0.7833333611488342
intersection:29, mean_episode_reward:0.15861111879348755, mean_queue:0.8333333134651184
intersection:30, mean_episode_reward:0.09861107915639877, mean_queue:0.8722222447395325
intersection:31, mean_episode_reward:0.0902777910232544, mean_queue:0.8083333373069763
Test step:105/200, travel time :202.04504504504504, rewards:-6.241388617621528, queue:5.648958333333334, delay:0.04674324459499783, throughput:1443
step:3600/3600, q_loss:0.6319519281387329, rewards:-6.1483344184027775, queue:5.658767361111111, delay:0.04769423802693685, throughput:1438
episode:106/200, real avg travel time:203.04172461752435
intersection:0, mean_episode_reward:-0.9722219705581665, mean_queue:10.494444847106934
intersection:1, mean_episode_reward:-0.5686113238334656, mean_queue:10.449999809265137
intersection:2, mean_episode_reward:-0.3855554461479187, mean_queue:10.772222518920898
intersection:3, mean_episode_reward:-1.1611117124557495, mean_queue:10.105555534362793
intersection:4, mean_episode_reward:-0.6538892388343811, mean_queue:10.902777671813965
intersection:5, mean_episode_reward:0.04777773097157478, mean_queue:10.297222137451172
intersection:6, mean_episode_reward:0.22833330929279327, mean_queue:10.783333778381348
intersection:7, mean_episode_reward:-0.6394445896148682, mean_queue:10.327777862548828
intersection:8, mean_episode_reward:-0.4388885498046875, mean_queue:10.483333587646484
intersection:9, mean_episode_reward:-0.11361113935709, mean_queue:10.427778244018555
intersection:10, mean_episode_reward:-0.12027774751186371, mean_queue:10.786110877990723
intersection:11, mean_episode_reward:-0.26250001788139343, mean_queue:10.36111068725586
intersection:12, mean_episode_reward:-1.209999918937683, mean_queue:10.877778053283691
intersection:13, mean_episode_reward:-0.34527766704559326, mean_queue:10.438888549804688
intersection:14, mean_episode_reward:-0.45472222566604614, mean_queue:10.297222137451172
intersection:15, mean_episode_reward:-1.250278115272522, mean_queue:10.61388874053955
intersection:16, mean_episode_reward:0.06555554270744324, mean_queue:0.7749999761581421
intersection:17, mean_episode_reward:0.10444445163011551, mean_queue:0.7777777910232544
intersection:18, mean_episode_reward:0.10583332926034927, mean_queue:0.7888888716697693
intersection:19, mean_episode_reward:0.1391666829586029, mean_queue:0.8166666626930237
intersection:20, mean_episode_reward:0.18083325028419495, mean_queue:0.7527777552604675
intersection:21, mean_episode_reward:0.18666668236255646, mean_queue:0.8138889074325562
intersection:22, mean_episode_reward:0.08888886123895645, mean_queue:0.7888888716697693
intersection:23, mean_episode_reward:0.024166645482182503, mean_queue:0.7805555462837219
intersection:24, mean_episode_reward:0.21277783811092377, mean_queue:0.7749999761581421
intersection:25, mean_episode_reward:0.1752776950597763, mean_queue:0.7749999761581421
intersection:26, mean_episode_reward:0.14972224831581116, mean_queue:0.75
intersection:27, mean_episode_reward:0.16833332180976868, mean_queue:0.769444465637207
intersection:28, mean_episode_reward:0.19972218573093414, mean_queue:0.7833333611488342
intersection:29, mean_episode_reward:0.14555558562278748, mean_queue:0.8333333134651184
intersection:30, mean_episode_reward:0.09527775645256042, mean_queue:0.8722222447395325
intersection:31, mean_episode_reward:0.10972221195697784, mean_queue:0.8083333373069763
Test step:106/200, travel time :201.68241834607366, rewards:-6.16583251953125, queue:5.6389756944444445, delay:0.047645717196994355, throughput:1439
step:3600/3600, q_loss:0.6330677270889282, rewards:-6.288054741753472, queue:5.657638888888889, delay:0.04802894592285156, throughput:1444
episode:107/200, real avg travel time:203.56094182825484
intersection:0, mean_episode_reward:-1.116666555404663, mean_queue:10.574999809265137
intersection:1, mean_episode_reward:-0.49000003933906555, mean_queue:10.350000381469727
intersection:2, mean_episode_reward:-0.5361111164093018, mean_queue:10.938888549804688
intersection:3, mean_episode_reward:-1.1494439840316772, mean_queue:10.149999618530273
intersection:4, mean_episode_reward:-0.6530553698539734, mean_queue:10.76111125946045
intersection:5, mean_episode_reward:0.2191665917634964, mean_queue:10.063888549804688
intersection:6, mean_episode_reward:0.13083328306674957, mean_queue:10.824999809265137
intersection:7, mean_episode_reward:-0.6027775406837463, mean_queue:10.300000190734863
intersection:8, mean_episode_reward:-0.4016667604446411, mean_queue:10.475000381469727
intersection:9, mean_episode_reward:-0.021666675806045532, mean_queue:10.433333396911621
intersection:10, mean_episode_reward:0.22388890385627747, mean_queue:10.697221755981445
intersection:11, mean_episode_reward:-0.6791666150093079, mean_queue:10.605555534362793
intersection:12, mean_episode_reward:-1.2772220373153687, mean_queue:10.911110877990723
intersection:13, mean_episode_reward:-0.34499984979629517, mean_queue:10.408333778381348
intersection:14, mean_episode_reward:-0.5619444847106934, mean_queue:10.375
intersection:15, mean_episode_reward:-1.0355554819107056, mean_queue:10.51388931274414
intersection:16, mean_episode_reward:0.0716666504740715, mean_queue:0.7749999761581421
intersection:17, mean_episode_reward:0.09055554866790771, mean_queue:0.7777777910232544
intersection:18, mean_episode_reward:0.10722221434116364, mean_queue:0.7888888716697693
intersection:19, mean_episode_reward:0.1255555897951126, mean_queue:0.8166666626930237
intersection:20, mean_episode_reward:0.1866665929555893, mean_queue:0.7527777552604675
intersection:21, mean_episode_reward:0.16277778148651123, mean_queue:0.8138889074325562
intersection:22, mean_episode_reward:0.10027770698070526, mean_queue:0.7888888716697693
intersection:23, mean_episode_reward:0.02833331748843193, mean_queue:0.7805555462837219
intersection:24, mean_episode_reward:0.16305558383464813, mean_queue:0.7749999761581421
intersection:25, mean_episode_reward:0.14888884127140045, mean_queue:0.7749999761581421
intersection:26, mean_episode_reward:0.11944445222616196, mean_queue:0.75
intersection:27, mean_episode_reward:0.16999998688697815, mean_queue:0.769444465637207
intersection:28, mean_episode_reward:0.15749995410442352, mean_queue:0.7833333611488342
intersection:29, mean_episode_reward:0.13722223043441772, mean_queue:0.8333333134651184
intersection:30, mean_episode_reward:0.14694443345069885, mean_queue:0.8722222447395325
intersection:31, mean_episode_reward:0.09222221374511719, mean_queue:0.8083333373069763
Test step:107/200, travel time :202.205412907703, rewards:-6.21805419921875, queue:5.653645833333333, delay:0.047725147671169706, throughput:1441
step:3600/3600, q_loss:0.6293965578079224, rewards:-6.209722900390625, queue:5.664496527777778, delay:0.048364151848687066, throughput:1442
episode:108/200, real avg travel time:203.61858529819696
intersection:0, mean_episode_reward:-0.9716665744781494, mean_queue:10.572221755981445
intersection:1, mean_episode_reward:-0.5649999976158142, mean_queue:10.355555534362793
intersection:2, mean_episode_reward:-0.3816666603088379, mean_queue:10.811111450195312
intersection:3, mean_episode_reward:-1.1125003099441528, mean_queue:10.158333778381348
intersection:4, mean_episode_reward:-0.6705556511878967, mean_queue:10.872221946716309
intersection:5, mean_episode_reward:0.011388853192329407, mean_queue:10.302778244018555
intersection:6, mean_episode_reward:0.08388889580965042, mean_queue:10.797222137451172
intersection:7, mean_episode_reward:-0.5774999260902405, mean_queue:10.286110877990723
intersection:8, mean_episode_reward:-0.43805551528930664, mean_queue:10.527777671813965
intersection:9, mean_episode_reward:-0.12694445252418518, mean_queue:10.341666221618652
intersection:10, mean_episode_reward:0.04972220957279205, mean_queue:10.725000381469727
intersection:11, mean_episode_reward:-0.4233331084251404, mean_queue:10.463889122009277
intersection:12, mean_episode_reward:-1.1061112880706787, mean_queue:10.883333206176758
intersection:13, mean_episode_reward:-0.47000011801719666, mean_queue:10.5
intersection:14, mean_episode_reward:-0.38749998807907104, mean_queue:10.380555152893066
intersection:15, mean_episode_reward:-1.1699999570846558, mean_queue:10.625
intersection:16, mean_episode_reward:0.11611108481884003, mean_queue:0.7749999761581421
intersection:17, mean_episode_reward:0.09583335369825363, mean_queue:0.7777777910232544
intersection:18, mean_episode_reward:0.10666666179895401, mean_queue:0.7888888716697693
intersection:19, mean_episode_reward:0.13305555284023285, mean_queue:0.8166666626930237
intersection:20, mean_episode_reward:0.1658332645893097, mean_queue:0.7527777552604675
intersection:21, mean_episode_reward:0.14527781307697296, mean_queue:0.8138889074325562
intersection:22, mean_episode_reward:0.1086110845208168, mean_queue:0.7888888716697693
intersection:23, mean_episode_reward:0.019999979063868523, mean_queue:0.7805555462837219
intersection:24, mean_episode_reward:0.19222228229045868, mean_queue:0.7749999761581421
intersection:25, mean_episode_reward:0.16749992966651917, mean_queue:0.7749999761581421
intersection:26, mean_episode_reward:0.11472222208976746, mean_queue:0.75
intersection:27, mean_episode_reward:0.1661110818386078, mean_queue:0.769444465637207
intersection:28, mean_episode_reward:0.15749995410442352, mean_queue:0.7833333611488342
intersection:29, mean_episode_reward:0.17111113667488098, mean_queue:0.8333333134651184
intersection:30, mean_episode_reward:0.1063888669013977, mean_queue:0.8722222447395325
intersection:31, mean_episode_reward:0.07916668057441711, mean_queue:0.8083333373069763
Test step:108/200, travel time :203.33610533610533, rewards:-6.2163886176215275, queue:5.6578993055555555, delay:0.04806579483879937, throughput:1443
step:3600/3600, q_loss:0.6337051391601562, rewards:-6.187778049045139, queue:5.650868055555556, delay:0.04795348909166124, throughput:1443
episode:109/200, real avg travel time:202.86625086625088
intersection:0, mean_episode_reward:-1.1283329725265503, mean_queue:10.633333206176758
intersection:1, mean_episode_reward:-0.7152776718139648, mean_queue:10.463889122009277
intersection:2, mean_episode_reward:-0.27555567026138306, mean_queue:10.697221755981445
intersection:3, mean_episode_reward:-1.3236111402511597, mean_queue:10.26388931274414
intersection:4, mean_episode_reward:-0.4438891112804413, mean_queue:10.755555152893066
intersection:5, mean_episode_reward:0.06388892233371735, mean_queue:10.266666412353516
intersection:6, mean_episode_reward:0.013055529445409775, mean_queue:10.741666793823242
intersection:7, mean_episode_reward:-0.49861112236976624, mean_queue:10.18055534362793
intersection:8, mean_episode_reward:-0.4313887357711792, mean_queue:10.48611068725586
intersection:9, mean_episode_reward:-0.07194442301988602, mean_queue:10.405555725097656
intersection:10, mean_episode_reward:0.05694444850087166, mean_queue:10.744444847106934
intersection:11, mean_episode_reward:-0.34944427013397217, mean_queue:10.36388874053955
intersection:12, mean_episode_reward:-1.3266669511795044, mean_queue:10.927778244018555
intersection:13, mean_episode_reward:-0.21055558323860168, mean_queue:10.350000381469727
intersection:14, mean_episode_reward:-0.5461111664772034, mean_queue:10.38888931274414
intersection:15, mean_episode_reward:-1.184722661972046, mean_queue:10.497221946716309
intersection:16, mean_episode_reward:0.0830555409193039, mean_queue:0.7749999761581421
intersection:17, mean_episode_reward:0.10583332180976868, mean_queue:0.7777777910232544
intersection:18, mean_episode_reward:0.09777776151895523, mean_queue:0.7888888716697693
intersection:19, mean_episode_reward:0.12972226738929749, mean_queue:0.8166666626930237
intersection:20, mean_episode_reward:0.26888883113861084, mean_queue:0.7527777552604675
intersection:21, mean_episode_reward:0.17916665971279144, mean_queue:0.8138889074325562
intersection:22, mean_episode_reward:0.06888887286186218, mean_queue:0.7888888716697693
intersection:23, mean_episode_reward:0.10000007599592209, mean_queue:0.7805555462837219
intersection:24, mean_episode_reward:0.16416670382022858, mean_queue:0.7749999761581421
intersection:25, mean_episode_reward:0.1638888418674469, mean_queue:0.7749999761581421
intersection:26, mean_episode_reward:0.12027779966592789, mean_queue:0.75
intersection:27, mean_episode_reward:0.14583329856395721, mean_queue:0.769444465637207
intersection:28, mean_episode_reward:0.1758333295583725, mean_queue:0.7833333611488342
intersection:29, mean_episode_reward:0.17944447696208954, mean_queue:0.8333333134651184
intersection:30, mean_episode_reward:0.12583330273628235, mean_queue:0.8722222447395325
intersection:31, mean_episode_reward:0.07583333551883698, mean_queue:0.8083333373069763
Test step:109/200, travel time :203.77754677754677, rewards:-6.24888916015625, queue:5.6624131944444445, delay:0.04816796514723036, throughput:1443
step:3600/3600, q_loss:0.6314002275466919, rewards:-6.138611518012153, queue:5.643923611111111, delay:0.048054483201768666, throughput:1442
episode:110/200, real avg travel time:202.29056865464634
intersection:0, mean_episode_reward:-0.8913885951042175, mean_queue:10.43055534362793
intersection:1, mean_episode_reward:-0.5650001168251038, mean_queue:10.302778244018555
intersection:2, mean_episode_reward:-0.3588886260986328, mean_queue:10.727777481079102
intersection:3, mean_episode_reward:-1.2383333444595337, mean_queue:10.175000190734863
intersection:4, mean_episode_reward:-0.7741665244102478, mean_queue:10.88611125946045
intersection:5, mean_episode_reward:0.29833319783210754, mean_queue:10.11388874053955
intersection:6, mean_episode_reward:0.07777781784534454, mean_queue:10.883333206176758
intersection:7, mean_episode_reward:-0.5980557203292847, mean_queue:10.252778053283691
intersection:8, mean_episode_reward:-0.5169442296028137, mean_queue:10.433333396911621
intersection:9, mean_episode_reward:-0.04805554822087288, mean_queue:10.26111125946045
intersection:10, mean_episode_reward:-0.029999997466802597, mean_queue:10.813888549804688
intersection:11, mean_episode_reward:-0.3938889801502228, mean_queue:10.350000381469727
intersection:12, mean_episode_reward:-1.0097222328186035, mean_queue:10.744444847106934
intersection:13, mean_episode_reward:-0.607499897480011, mean_queue:10.619444847106934
intersection:14, mean_episode_reward:-0.3358333706855774, mean_queue:10.38611125946045
intersection:15, mean_episode_reward:-1.311389446258545, mean_queue:10.563888549804688
intersection:16, mean_episode_reward:0.06805554032325745, mean_queue:0.7749999761581421
intersection:17, mean_episode_reward:0.0994444191455841, mean_queue:0.7777777910232544
intersection:18, mean_episode_reward:0.11694443970918655, mean_queue:0.7888888716697693
intersection:19, mean_episode_reward:0.11805558949708939, mean_queue:0.8166666626930237
intersection:20, mean_episode_reward:0.1794443577528, mean_queue:0.7527777552604675
intersection:21, mean_episode_reward:0.1508333384990692, mean_queue:0.8138889074325562
intersection:22, mean_episode_reward:0.09249995648860931, mean_queue:0.7888888716697693
intersection:23, mean_episode_reward:0.03249998763203621, mean_queue:0.7805555462837219
intersection:24, mean_episode_reward:0.1688889116048813, mean_queue:0.7749999761581421
intersection:25, mean_episode_reward:0.22222217917442322, mean_queue:0.7749999761581421
intersection:26, mean_episode_reward:0.15222227573394775, mean_queue:0.75
intersection:27, mean_episode_reward:0.16027775406837463, mean_queue:0.769444465637207
intersection:28, mean_episode_reward:0.15666666626930237, mean_queue:0.7833333611488342
intersection:29, mean_episode_reward:0.2138889580965042, mean_queue:0.8333333134651184
intersection:30, mean_episode_reward:0.1430555284023285, mean_queue:0.8722222447395325
intersection:31, mean_episode_reward:0.08944445848464966, mean_queue:0.8083333373069763
Test step:110/200, travel time :202.17337031900138, rewards:-6.093332926432292, queue:5.653298611111111, delay:0.04772153430514865, throughput:1442
step:3600/3600, q_loss:0.6310161352157593, rewards:-6.228889973958333, queue:5.673177083333333, delay:0.04808074103461372, throughput:1442
episode:111/200, real avg travel time:204.3509015256588
intersection:0, mean_episode_reward:-1.144444465637207, mean_queue:10.627778053283691
intersection:1, mean_episode_reward:-0.2641667425632477, mean_queue:10.302778244018555
intersection:2, mean_episode_reward:-0.3722224235534668, mean_queue:10.652777671813965
intersection:3, mean_episode_reward:-1.2563890218734741, mean_queue:10.13888931274414
intersection:4, mean_episode_reward:-0.8530552387237549, mean_queue:11.077777862548828
intersection:5, mean_episode_reward:0.21194443106651306, mean_queue:10.300000190734863
intersection:6, mean_episode_reward:0.07472224533557892, mean_queue:10.797222137451172
intersection:7, mean_episode_reward:-0.5577777624130249, mean_queue:10.23888874053955
intersection:8, mean_episode_reward:-0.48361122608184814, mean_queue:10.594444274902344
intersection:9, mean_episode_reward:0.23333337903022766, mean_queue:10.41944408416748
intersection:10, mean_episode_reward:-0.11444444954395294, mean_queue:10.811111450195312
intersection:11, mean_episode_reward:-0.5280553698539734, mean_queue:10.48611068725586
intersection:12, mean_episode_reward:-1.2861112356185913, mean_queue:10.977777481079102
intersection:13, mean_episode_reward:-0.46555548906326294, mean_queue:10.516666412353516
intersection:14, mean_episode_reward:-0.3652777671813965, mean_queue:10.338889122009277
intersection:15, mean_episode_reward:-1.157778024673462, mean_queue:10.600000381469727
intersection:16, mean_episode_reward:0.07916665822267532, mean_queue:0.7749999761581421
intersection:17, mean_episode_reward:0.11249999701976776, mean_queue:0.7777777910232544
intersection:18, mean_episode_reward:0.07250000536441803, mean_queue:0.7888888716697693
intersection:19, mean_episode_reward:0.1552778035402298, mean_queue:0.8166666626930237
intersection:20, mean_episode_reward:0.17638875544071198, mean_queue:0.7527777552604675
intersection:21, mean_episode_reward:0.18666669726371765, mean_queue:0.8138889074325562
intersection:22, mean_episode_reward:0.07138887792825699, mean_queue:0.7888888716697693
intersection:23, mean_episode_reward:0.02944442629814148, mean_queue:0.7805555462837219
intersection:24, mean_episode_reward:0.15555556118488312, mean_queue:0.7749999761581421
intersection:25, mean_episode_reward:0.18194442987442017, mean_queue:0.7749999761581421
intersection:26, mean_episode_reward:0.13277778029441833, mean_queue:0.75
intersection:27, mean_episode_reward:0.16277776658535004, mean_queue:0.769444465637207
intersection:28, mean_episode_reward:0.1780555248260498, mean_queue:0.7833333611488342
intersection:29, mean_episode_reward:0.14916667342185974, mean_queue:0.8333333134651184
intersection:30, mean_episode_reward:0.16527773439884186, mean_queue:0.8722222447395325
intersection:31, mean_episode_reward:0.09111110866069794, mean_queue:0.8083333373069763
Test step:111/200, travel time :201.88116747741486, rewards:-6.033889431423611, queue:5.642100694444444, delay:0.047954961988661025, throughput:1439
step:3600/3600, q_loss:0.6293297410011292, rewards:-6.2483330620659725, queue:5.657118055555555, delay:0.04866588380601671, throughput:1442
episode:112/200, real avg travel time:203.1990291262136
intersection:0, mean_episode_reward:-0.9561111330986023, mean_queue:10.51111125946045
intersection:1, mean_episode_reward:-0.6280555129051208, mean_queue:10.436111450195312
intersection:2, mean_episode_reward:-0.6008333563804626, mean_queue:10.94444465637207
intersection:3, mean_episode_reward:-1.0602771043777466, mean_queue:10.11111068725586
intersection:4, mean_episode_reward:-0.7211112380027771, mean_queue:10.91944408416748
intersection:5, mean_episode_reward:0.4161111116409302, mean_queue:10.050000190734863
intersection:6, mean_episode_reward:0.01083331648260355, mean_queue:10.816666603088379
intersection:7, mean_episode_reward:-0.5750001072883606, mean_queue:10.216666221618652
intersection:8, mean_episode_reward:-0.4383332431316376, mean_queue:10.536110877990723
intersection:9, mean_episode_reward:0.008055554702877998, mean_queue:10.394444465637207
intersection:10, mean_episode_reward:-0.1158333271741867, mean_queue:10.816666603088379
intersection:11, mean_episode_reward:-0.3355554938316345, mean_queue:10.333333015441895
intersection:12, mean_episode_reward:-1.23111093044281, mean_queue:10.872221946716309
intersection:13, mean_episode_reward:-0.6152780055999756, mean_queue:10.552778244018555
intersection:14, mean_episode_reward:-0.47305530309677124, mean_queue:10.436111450195312
intersection:15, mean_episode_reward:-1.0230555534362793, mean_queue:10.41944408416748
intersection:16, mean_episode_reward:0.03500000014901161, mean_queue:0.7749999761581421
intersection:17, mean_episode_reward:0.10111106932163239, mean_queue:0.7777777910232544
intersection:18, mean_episode_reward:0.13305555284023285, mean_queue:0.7888888716697693
intersection:19, mean_episode_reward:0.11777779459953308, mean_queue:0.8166666626930237
intersection:20, mean_episode_reward:0.19305546581745148, mean_queue:0.7527777552604675
intersection:21, mean_episode_reward:0.16277776658535004, mean_queue:0.8138889074325562
intersection:22, mean_episode_reward:0.08499997854232788, mean_queue:0.7888888716697693
intersection:23, mean_episode_reward:0.013055538758635521, mean_queue:0.7805555462837219
intersection:24, mean_episode_reward:0.22638899087905884, mean_queue:0.7749999761581421
intersection:25, mean_episode_reward:0.18888884782791138, mean_queue:0.7749999761581421
intersection:26, mean_episode_reward:0.11972224712371826, mean_queue:0.75
intersection:27, mean_episode_reward:0.1524999737739563, mean_queue:0.769444465637207
intersection:28, mean_episode_reward:0.1524999886751175, mean_queue:0.7833333611488342
intersection:29, mean_episode_reward:0.18250007927417755, mean_queue:0.8333333134651184
intersection:30, mean_episode_reward:0.143333300948143, mean_queue:0.8722222447395325
intersection:31, mean_episode_reward:0.08361111581325531, mean_queue:0.8083333373069763
Test step:112/200, travel time :202.0339100346021, rewards:-6.120277235243056, queue:5.642708333333333, delay:0.047505484686957464, throughput:1445
step:3600/3600, q_loss:0.62661212682724, rewards:-6.299167209201389, queue:5.644965277777778, delay:0.04744451310899522, throughput:1442
episode:113/200, real avg travel time:202.41955617198334
intersection:0, mean_episode_reward:-0.9897224307060242, mean_queue:10.472222328186035
intersection:1, mean_episode_reward:-0.5594444870948792, mean_queue:10.436111450195312
intersection:2, mean_episode_reward:-0.4066668152809143, mean_queue:10.824999809265137
intersection:3, mean_episode_reward:-1.036666750907898, mean_queue:10.04444408416748
intersection:4, mean_episode_reward:-0.7808331847190857, mean_queue:10.908333778381348
intersection:5, mean_episode_reward:0.2847222089767456, mean_queue:10.144444465637207
intersection:6, mean_episode_reward:-0.010555476881563663, mean_queue:10.813888549804688
intersection:7, mean_episode_reward:-0.7280555963516235, mean_queue:10.308333396911621
intersection:8, mean_episode_reward:-0.314444363117218, mean_queue:10.372221946716309
intersection:9, mean_episode_reward:-0.01916665770113468, mean_queue:10.38888931274414
intersection:10, mean_episode_reward:-0.0013888929970562458, mean_queue:10.622221946716309
intersection:11, mean_episode_reward:-0.4233330488204956, mean_queue:10.29444408416748
intersection:12, mean_episode_reward:-1.1466665267944336, mean_queue:10.850000381469727
intersection:13, mean_episode_reward:-0.5547223687171936, mean_queue:10.625
intersection:14, mean_episode_reward:-0.479999840259552, mean_queue:10.344444274902344
intersection:15, mean_episode_reward:-1.2499998807907104, mean_queue:10.527777671813965
intersection:16, mean_episode_reward:0.07305553555488586, mean_queue:0.7749999761581421
intersection:17, mean_episode_reward:0.09916664659976959, mean_queue:0.7777777910232544
intersection:18, mean_episode_reward:0.09138889610767365, mean_queue:0.7888888716697693
intersection:19, mean_episode_reward:0.13833335041999817, mean_queue:0.8166666626930237
intersection:20, mean_episode_reward:0.1588888019323349, mean_queue:0.7527777552604675
intersection:21, mean_episode_reward:0.14083331823349, mean_queue:0.8138889074325562
intersection:22, mean_episode_reward:0.09916659444570541, mean_queue:0.7888888716697693
intersection:23, mean_episode_reward:0.03555554524064064, mean_queue:0.7805555462837219
intersection:24, mean_episode_reward:0.1736111342906952, mean_queue:0.7749999761581421
intersection:25, mean_episode_reward:0.2219443917274475, mean_queue:0.7749999761581421
intersection:26, mean_episode_reward:0.13750001788139343, mean_queue:0.75
intersection:27, mean_episode_reward:0.14916662871837616, mean_queue:0.769444465637207
intersection:28, mean_episode_reward:0.15583331882953644, mean_queue:0.7833333611488342
intersection:29, mean_episode_reward:0.21861115097999573, mean_queue:0.8333333134651184
intersection:30, mean_episode_reward:0.14833331108093262, mean_queue:0.8722222447395325
intersection:31, mean_episode_reward:0.0763888955116272, mean_queue:0.8083333373069763
Test step:113/200, travel time :201.57370242214532, rewards:-6.020833333333333, queue:5.641319444444444, delay:0.046932649612426755, throughput:1445
step:3600/3600, q_loss:0.6278759241104126, rewards:-6.206944444444445, queue:5.668229166666666, delay:0.049015850490993926, throughput:1444
episode:114/200, real avg travel time:204.7146814404432
intersection:0, mean_episode_reward:-1.1019446849822998, mean_queue:10.572221755981445
intersection:1, mean_episode_reward:-0.40444445610046387, mean_queue:10.333333015441895
intersection:2, mean_episode_reward:-0.3702778220176697, mean_queue:10.852777481079102
intersection:3, mean_episode_reward:-1.2697221040725708, mean_queue:10.269444465637207
intersection:4, mean_episode_reward:-0.6947224736213684, mean_queue:10.841666221618652
intersection:5, mean_episode_reward:0.11666666716337204, mean_queue:10.258333206176758
intersection:6, mean_episode_reward:0.19833332300186157, mean_queue:10.733333587646484
intersection:7, mean_episode_reward:-0.5772220492362976, mean_queue:10.302778244018555
intersection:8, mean_episode_reward:-0.41305530071258545, mean_queue:10.477777481079102
intersection:9, mean_episode_reward:-0.0022222260013222694, mean_queue:10.48611068725586
intersection:10, mean_episode_reward:-0.09972226619720459, mean_queue:10.833333015441895
intersection:11, mean_episode_reward:-0.42499983310699463, mean_queue:10.44444465637207
intersection:12, mean_episode_reward:-1.1227773427963257, mean_queue:10.730555534362793
intersection:13, mean_episode_reward:-0.3533334732055664, mean_queue:10.463889122009277
intersection:14, mean_episode_reward:-0.6027776002883911, mean_queue:10.522222518920898
intersection:15, mean_episode_reward:-1.171944499015808, mean_queue:10.600000381469727
intersection:16, mean_episode_reward:0.044722214341163635, mean_queue:0.7749999761581421
intersection:17, mean_episode_reward:0.10555558651685715, mean_queue:0.7777777910232544
intersection:18, mean_episode_reward:0.08111110329627991, mean_queue:0.7888888716697693
intersection:19, mean_episode_reward:0.1255556046962738, mean_queue:0.8166666626930237
intersection:20, mean_episode_reward:0.16972212493419647, mean_queue:0.7527777552604675
intersection:21, mean_episode_reward:0.15555554628372192, mean_queue:0.8138889074325562
intersection:22, mean_episode_reward:0.08166664838790894, mean_queue:0.7888888716697693
intersection:23, mean_episode_reward:0.027777766808867455, mean_queue:0.7805555462837219
intersection:24, mean_episode_reward:0.17027780413627625, mean_queue:0.7749999761581421
intersection:25, mean_episode_reward:0.15972216427326202, mean_queue:0.7749999761581421
intersection:26, mean_episode_reward:0.1391666829586029, mean_queue:0.75
intersection:27, mean_episode_reward:0.189444437623024, mean_queue:0.769444465637207
intersection:28, mean_episode_reward:0.16249996423721313, mean_queue:0.7833333611488342
intersection:29, mean_episode_reward:0.24638888239860535, mean_queue:0.8333333134651184
intersection:30, mean_episode_reward:0.14472220838069916, mean_queue:0.8722222447395325
intersection:31, mean_episode_reward:0.0833333358168602, mean_queue:0.8083333373069763
Test step:114/200, travel time :201.8910478834143, rewards:-6.016110568576389, queue:5.6422743055555555, delay:0.0469887998369005, throughput:1441
step:3600/3600, q_loss:0.629831075668335, rewards:-6.20527818467882, queue:5.658420138888889, delay:0.047741678025987416, throughput:1445
episode:115/200, real avg travel time:203.13287197231833
intersection:0, mean_episode_reward:-0.9297221899032593, mean_queue:10.547222137451172
intersection:1, mean_episode_reward:-0.509166955947876, mean_queue:10.38888931274414
intersection:2, mean_episode_reward:-0.42527779936790466, mean_queue:10.852777481079102
intersection:3, mean_episode_reward:-1.2116668224334717, mean_queue:10.166666984558105
intersection:4, mean_episode_reward:-0.5636112093925476, mean_queue:10.791666984558105
intersection:5, mean_episode_reward:0.01944447122514248, mean_queue:10.213889122009277
intersection:6, mean_episode_reward:0.18583332002162933, mean_queue:10.758333206176758
intersection:7, mean_episode_reward:-0.7274999022483826, mean_queue:10.411110877990723
intersection:8, mean_episode_reward:-0.3391667306423187, mean_queue:10.44444465637207
intersection:9, mean_episode_reward:-0.10972220450639725, mean_queue:10.405555725097656
intersection:10, mean_episode_reward:-0.01638888567686081, mean_queue:10.797222137451172
intersection:11, mean_episode_reward:-0.39499998092651367, mean_queue:10.313888549804688
intersection:12, mean_episode_reward:-1.222499966621399, mean_queue:10.877778053283691
intersection:13, mean_episode_reward:-0.4999998211860657, mean_queue:10.472222328186035
intersection:14, mean_episode_reward:-0.5516667366027832, mean_queue:10.41944408416748
intersection:15, mean_episode_reward:-1.1533331871032715, mean_queue:10.547222137451172
intersection:16, mean_episode_reward:0.05888887122273445, mean_queue:0.7749999761581421
intersection:17, mean_episode_reward:0.09055554866790771, mean_queue:0.7777777910232544
intersection:18, mean_episode_reward:0.11416666954755783, mean_queue:0.7888888716697693
intersection:19, mean_episode_reward:0.1480555683374405, mean_queue:0.8166666626930237
intersection:20, mean_episode_reward:0.18027767539024353, mean_queue:0.7527777552604675
intersection:21, mean_episode_reward:0.12499997019767761, mean_queue:0.8138889074325562
intersection:22, mean_episode_reward:0.09999993443489075, mean_queue:0.7888888716697693
intersection:23, mean_episode_reward:0.02972220815718174, mean_queue:0.7805555462837219
intersection:24, mean_episode_reward:0.23527786135673523, mean_queue:0.7749999761581421
intersection:25, mean_episode_reward:0.15972217917442322, mean_queue:0.7749999761581421
intersection:26, mean_episode_reward:0.1300000250339508, mean_queue:0.75
intersection:27, mean_episode_reward:0.14416663348674774, mean_queue:0.769444465637207
intersection:28, mean_episode_reward:0.15194442868232727, mean_queue:0.7833333611488342
intersection:29, mean_episode_reward:0.3077777326107025, mean_queue:0.8333333134651184
intersection:30, mean_episode_reward:0.15416662395000458, mean_queue:0.8722222447395325
intersection:31, mean_episode_reward:0.11444442719221115, mean_queue:0.8083333373069763
Test step:115/200, travel time :201.7234927234927, rewards:-6.1361097547743055, queue:5.64375, delay:0.04701399273342556, throughput:1443
step:3600/3600, q_loss:0.6289878487586975, rewards:-6.148609754774306, queue:5.630729166666667, delay:0.0467753463321262, throughput:1442
episode:116/200, real avg travel time:200.98058252427185
intersection:0, mean_episode_reward:-0.9591664671897888, mean_queue:10.461111068725586
intersection:1, mean_episode_reward:-0.6024999618530273, mean_queue:10.352777481079102
intersection:2, mean_episode_reward:-0.33000004291534424, mean_queue:10.79444408416748
intersection:3, mean_episode_reward:-1.120277762413025, mean_queue:10.177778244018555
intersection:4, mean_episode_reward:-0.5308332443237305, mean_queue:10.802778244018555
intersection:5, mean_episode_reward:0.1038888543844223, mean_queue:10.211111068725586
intersection:6, mean_episode_reward:0.07222221791744232, mean_queue:10.755555152893066
intersection:7, mean_episode_reward:-0.5480556488037109, mean_queue:10.141666412353516
intersection:8, mean_episode_reward:-0.48916658759117126, mean_queue:10.405555725097656
intersection:9, mean_episode_reward:-0.1158333271741867, mean_queue:10.399999618530273
intersection:10, mean_episode_reward:0.009722231887280941, mean_queue:10.658333778381348
intersection:11, mean_episode_reward:-0.4391666054725647, mean_queue:10.36111068725586
intersection:12, mean_episode_reward:-1.0030550956726074, mean_queue:10.61388874053955
intersection:13, mean_episode_reward:-0.4702775776386261, mean_queue:10.427778244018555
intersection:14, mean_episode_reward:-0.5200000405311584, mean_queue:10.438888549804688
intersection:15, mean_episode_reward:-1.1374999284744263, mean_queue:10.519444465637207
intersection:16, mean_episode_reward:0.05027775093913078, mean_queue:0.7749999761581421
intersection:17, mean_episode_reward:0.09083331376314163, mean_queue:0.7777777910232544
intersection:18, mean_episode_reward:0.0694444477558136, mean_queue:0.7888888716697693
intersection:19, mean_episode_reward:0.11944447457790375, mean_queue:0.8166666626930237
intersection:20, mean_episode_reward:0.2202777862548828, mean_queue:0.7527777552604675
intersection:21, mean_episode_reward:0.14749997854232788, mean_queue:0.8138889074325562
intersection:22, mean_episode_reward:0.07722219079732895, mean_queue:0.7888888716697693
intersection:23, mean_episode_reward:0.023055536672472954, mean_queue:0.7805555462837219
intersection:24, mean_episode_reward:0.17166668176651, mean_queue:0.7749999761581421
intersection:25, mean_episode_reward:0.14638888835906982, mean_queue:0.7749999761581421
intersection:26, mean_episode_reward:0.14916667342185974, mean_queue:0.75
intersection:27, mean_episode_reward:0.152777761220932, mean_queue:0.769444465637207
intersection:28, mean_episode_reward:0.16472217440605164, mean_queue:0.7833333611488342
intersection:29, mean_episode_reward:0.12916666269302368, mean_queue:0.8333333134651184
intersection:30, mean_episode_reward:0.13583329319953918, mean_queue:0.8722222447395325
intersection:31, mean_episode_reward:0.08361111581325531, mean_queue:0.8083333373069763
Test step:116/200, travel time :202.14077669902912, rewards:-5.92833251953125, queue:5.653559027777778, delay:0.047220102945963544, throughput:1442
step:3600/3600, q_loss:0.6209176182746887, rewards:-6.103055826822916, queue:5.661545138888889, delay:0.04716401100158692, throughput:1441
episode:117/200, real avg travel time:203.31922276197085
intersection:0, mean_episode_reward:-1.0805556774139404, mean_queue:10.702777862548828
intersection:1, mean_episode_reward:-0.3894444704055786, mean_queue:10.347222328186035
intersection:2, mean_episode_reward:-0.4938887655735016, mean_queue:10.827777862548828
intersection:3, mean_episode_reward:-1.0777779817581177, mean_queue:10.027777671813965
intersection:4, mean_episode_reward:-0.714999794960022, mean_queue:10.877778053283691
intersection:5, mean_episode_reward:0.08194445818662643, mean_queue:10.26388931274414
intersection:6, mean_episode_reward:0.22361114621162415, mean_queue:10.713889122009277
intersection:7, mean_episode_reward:-0.5594443678855896, mean_queue:10.163888931274414
intersection:8, mean_episode_reward:-0.25999993085861206, mean_queue:10.586111068725586
intersection:9, mean_episode_reward:-0.07555554062128067, mean_queue:10.427778244018555
intersection:10, mean_episode_reward:-0.028055548667907715, mean_queue:10.79444408416748
intersection:11, mean_episode_reward:-0.37055566906929016, mean_queue:10.436111450195312
intersection:12, mean_episode_reward:-1.2241663932800293, mean_queue:10.855555534362793
intersection:13, mean_episode_reward:-0.48722225427627563, mean_queue:10.347222328186035
intersection:14, mean_episode_reward:-0.5638888478279114, mean_queue:10.5
intersection:15, mean_episode_reward:-1.2025001049041748, mean_queue:10.63611125946045
intersection:16, mean_episode_reward:0.056111082434654236, mean_queue:0.7749999761581421
intersection:17, mean_episode_reward:0.08277779072523117, mean_queue:0.7777777910232544
intersection:18, mean_episode_reward:0.18444442749023438, mean_queue:0.7888888716697693
intersection:19, mean_episode_reward:0.12861114740371704, mean_queue:0.8166666626930237
intersection:20, mean_episode_reward:0.2130555659532547, mean_queue:0.7527777552604675
intersection:21, mean_episode_reward:0.13638891279697418, mean_queue:0.8138889074325562
intersection:22, mean_episode_reward:0.0786110907793045, mean_queue:0.7888888716697693
intersection:23, mean_episode_reward:0.02833331748843193, mean_queue:0.7805555462837219
intersection:24, mean_episode_reward:0.18861116468906403, mean_queue:0.7749999761581421
intersection:25, mean_episode_reward:0.1994444727897644, mean_queue:0.7749999761581421
intersection:26, mean_episode_reward:0.1300000101327896, mean_queue:0.75
intersection:27, mean_episode_reward:0.17444443702697754, mean_queue:0.769444465637207
intersection:28, mean_episode_reward:0.152777761220932, mean_queue:0.7833333611488342
intersection:29, mean_episode_reward:0.14694446325302124, mean_queue:0.8333333134651184
intersection:30, mean_episode_reward:0.1430555284023285, mean_queue:0.8722222447395325
intersection:31, mean_episode_reward:0.07583333551883698, mean_queue:0.8083333373069763
Test step:117/200, travel time :202.68260568260567, rewards:-6.103333197699653, queue:5.655989583333334, delay:0.047638750076293944, throughput:1443
step:3600/3600, q_loss:0.6249969601631165, rewards:-6.219167073567708, queue:5.659375, delay:0.04778279728359646, throughput:1441
episode:118/200, real avg travel time:202.91672449687718
intersection:0, mean_episode_reward:-0.9388889074325562, mean_queue:10.458333015441895
intersection:1, mean_episode_reward:-0.44111141562461853, mean_queue:10.311111450195312
intersection:2, mean_episode_reward:-0.6494443416595459, mean_queue:11.038888931274414
intersection:3, mean_episode_reward:-1.153611183166504, mean_queue:10.141666412353516
intersection:4, mean_episode_reward:-0.7677780389785767, mean_queue:10.880555152893066
intersection:5, mean_episode_reward:0.29972219467163086, mean_queue:10.116666793823242
intersection:6, mean_episode_reward:0.0533333346247673, mean_queue:10.872221946716309
intersection:7, mean_episode_reward:-0.6519444584846497, mean_queue:10.26111125946045
intersection:8, mean_episode_reward:-0.3791665732860565, mean_queue:10.508333206176758
intersection:9, mean_episode_reward:-0.13472221791744232, mean_queue:10.425000190734863
intersection:10, mean_episode_reward:0.058055564761161804, mean_queue:10.747221946716309
intersection:11, mean_episode_reward:-0.43111106753349304, mean_queue:10.366666793823242
intersection:12, mean_episode_reward:-1.0330559015274048, mean_queue:10.719444274902344
intersection:13, mean_episode_reward:-0.6325000524520874, mean_queue:10.55555534362793
intersection:14, mean_episode_reward:-0.541388750076294, mean_queue:10.44444465637207
intersection:15, mean_episode_reward:-1.1533329486846924, mean_queue:10.591666221618652
intersection:16, mean_episode_reward:0.06861107796430588, mean_queue:0.7749999761581421
intersection:17, mean_episode_reward:0.10444445163011551, mean_queue:0.7777777910232544
intersection:18, mean_episode_reward:0.1780555695295334, mean_queue:0.7888888716697693
intersection:19, mean_episode_reward:0.13944444060325623, mean_queue:0.8166666626930237
intersection:20, mean_episode_reward:0.1936110109090805, mean_queue:0.7527777552604675
intersection:21, mean_episode_reward:0.13555553555488586, mean_queue:0.8138889074325562
intersection:22, mean_episode_reward:0.13111108541488647, mean_queue:0.7888888716697693
intersection:23, mean_episode_reward:0.13111117482185364, mean_queue:0.7805555462837219
intersection:24, mean_episode_reward:0.19944442808628082, mean_queue:0.7749999761581421
intersection:25, mean_episode_reward:0.17361107468605042, mean_queue:0.7749999761581421
intersection:26, mean_episode_reward:0.12305557727813721, mean_queue:0.75
intersection:27, mean_episode_reward:0.17888885736465454, mean_queue:0.769444465637207
intersection:28, mean_episode_reward:0.1502777487039566, mean_queue:0.7833333611488342
intersection:29, mean_episode_reward:0.16583333909511566, mean_queue:0.8333333134651184
intersection:30, mean_episode_reward:0.12861108779907227, mean_queue:0.8722222447395325
intersection:31, mean_episode_reward:0.07611110806465149, mean_queue:0.8083333373069763
Test step:118/200, travel time :204.9423210562891, rewards:-6.173611111111111, queue:5.672743055555555, delay:0.04912826750013563, throughput:1439
step:3600/3600, q_loss:0.6252050995826721, rewards:-6.090001085069445, queue:5.672743055555555, delay:0.048242775599161784, throughput:1440
episode:119/200, real avg travel time:204.33263888888888
intersection:0, mean_episode_reward:-1.1144447326660156, mean_queue:10.661110877990723
intersection:1, mean_episode_reward:-0.39750006794929504, mean_queue:10.383333206176758
intersection:2, mean_episode_reward:-0.8894446492195129, mean_queue:11.300000190734863
intersection:3, mean_episode_reward:-0.9277775883674622, mean_queue:9.961111068725586
intersection:4, mean_episode_reward:-0.6588888764381409, mean_queue:10.841666221618652
intersection:5, mean_episode_reward:0.25749993324279785, mean_queue:10.141666412353516
intersection:6, mean_episode_reward:0.25972235202789307, mean_queue:10.769444465637207
intersection:7, mean_episode_reward:-0.5411110520362854, mean_queue:10.230555534362793
intersection:8, mean_episode_reward:-0.2691669166088104, mean_queue:10.508333206176758
intersection:9, mean_episode_reward:-0.1997222751379013, mean_queue:10.491666793823242
intersection:10, mean_episode_reward:-0.013333354145288467, mean_queue:10.79444408416748
intersection:11, mean_episode_reward:-0.4908333122730255, mean_queue:10.483333587646484
intersection:12, mean_episode_reward:-1.0752779245376587, mean_queue:10.73888874053955
intersection:13, mean_episode_reward:-0.6074998378753662, mean_queue:10.58055591583252
intersection:14, mean_episode_reward:-0.3772221803665161, mean_queue:10.449999809265137
intersection:15, mean_episode_reward:-1.1086115837097168, mean_queue:10.530555725097656
intersection:16, mean_episode_reward:0.04666666314005852, mean_queue:0.7749999761581421
intersection:17, mean_episode_reward:0.0925000011920929, mean_queue:0.7777777910232544
intersection:18, mean_episode_reward:0.1436111032962799, mean_queue:0.7888888716697693
intersection:19, mean_episode_reward:0.13111111521720886, mean_queue:0.8166666626930237
intersection:20, mean_episode_reward:0.21638889610767365, mean_queue:0.7527777552604675
intersection:21, mean_episode_reward:0.12805554270744324, mean_queue:0.8138889074325562
intersection:22, mean_episode_reward:0.12416663765907288, mean_queue:0.7888888716697693
intersection:23, mean_episode_reward:0.02722220867872238, mean_queue:0.7805555462837219
intersection:24, mean_episode_reward:0.17055557668209076, mean_queue:0.7749999761581421
intersection:25, mean_episode_reward:0.16027770936489105, mean_queue:0.7749999761581421
intersection:26, mean_episode_reward:0.1486111432313919, mean_queue:0.75
intersection:27, mean_episode_reward:0.16249997913837433, mean_queue:0.769444465637207
intersection:28, mean_episode_reward:0.15333330631256104, mean_queue:0.7833333611488342
intersection:29, mean_episode_reward:0.15916667878627777, mean_queue:0.8333333134651184
intersection:30, mean_episode_reward:0.11611108481884003, mean_queue:0.8722222447395325
intersection:31, mean_episode_reward:0.08333335071802139, mean_queue:0.8083333373069763
Test step:119/200, travel time :200.85416666666666, rewards:-5.986943901909722, queue:5.637586805555555, delay:0.04668156305948893, throughput:1440
step:3600/3600, q_loss:0.6265305280685425, rewards:-6.053055148654514, queue:5.641666666666667, delay:0.04679183959960938, throughput:1441
episode:120/200, real avg travel time:201.4378903539209
intersection:0, mean_episode_reward:-0.9572221636772156, mean_queue:10.483333587646484
intersection:1, mean_episode_reward:-0.5319444537162781, mean_queue:10.391666412353516
intersection:2, mean_episode_reward:-0.48305544257164, mean_queue:10.913888931274414
intersection:3, mean_episode_reward:-1.0802775621414185, mean_queue:10.066666603088379
intersection:4, mean_episode_reward:-0.6297227144241333, mean_queue:10.883333206176758
intersection:5, mean_episode_reward:0.29249995946884155, mean_queue:10.130555152893066
intersection:6, mean_episode_reward:-0.09805546700954437, mean_queue:10.791666984558105
intersection:7, mean_episode_reward:-0.5902775526046753, mean_queue:10.102777481079102
intersection:8, mean_episode_reward:-0.3044443130493164, mean_queue:10.461111068725586
intersection:9, mean_episode_reward:-0.1849999725818634, mean_queue:10.51388931274414
intersection:10, mean_episode_reward:0.13805556297302246, mean_queue:10.591666221618652
intersection:11, mean_episode_reward:-0.39194440841674805, mean_queue:10.244444847106934
intersection:12, mean_episode_reward:-1.012222170829773, mean_queue:10.644444465637207
intersection:13, mean_episode_reward:-0.6466662883758545, mean_queue:10.563888549804688
intersection:14, mean_episode_reward:-0.5852777361869812, mean_queue:10.54444408416748
intersection:15, mean_episode_reward:-1.1038891077041626, mean_queue:10.54444408416748
intersection:16, mean_episode_reward:0.07277775555849075, mean_queue:0.7749999761581421
intersection:17, mean_episode_reward:0.10138887912034988, mean_queue:0.7777777910232544
intersection:18, mean_episode_reward:0.1619444489479065, mean_queue:0.7888888716697693
intersection:19, mean_episode_reward:0.11944448947906494, mean_queue:0.8166666626930237
intersection:20, mean_episode_reward:0.14666658639907837, mean_queue:0.7527777552604675
intersection:21, mean_episode_reward:0.12055553495883942, mean_queue:0.8138889074325562
intersection:22, mean_episode_reward:0.1497221738100052, mean_queue:0.7888888716697693
intersection:23, mean_episode_reward:0.07388889789581299, mean_queue:0.7805555462837219
intersection:24, mean_episode_reward:0.169166699051857, mean_queue:0.7749999761581421
intersection:25, mean_episode_reward:0.1297222077846527, mean_queue:0.7749999761581421
intersection:26, mean_episode_reward:0.1274999976158142, mean_queue:0.75
intersection:27, mean_episode_reward:0.18777772784233093, mean_queue:0.769444465637207
intersection:28, mean_episode_reward:0.17499996721744537, mean_queue:0.7833333611488342
intersection:29, mean_episode_reward:0.15361112356185913, mean_queue:0.8333333134651184
intersection:30, mean_episode_reward:0.14694438874721527, mean_queue:0.8722222447395325
intersection:31, mean_episode_reward:0.08027777820825577, mean_queue:0.8083333373069763
Test step:120/200, travel time :200.71547536433033, rewards:-6.175832790798611, queue:5.636284722222222, delay:0.04679590861002604, throughput:1441
step:3600/3600, q_loss:0.6204092502593994, rewards:-6.096944173177083, queue:5.681076388888889, delay:0.048575539059109156, throughput:1441
episode:121/200, real avg travel time:204.83900069396253
intersection:0, mean_episode_reward:-1.0886108875274658, mean_queue:10.633333206176758
intersection:1, mean_episode_reward:-0.5455557107925415, mean_queue:10.469444274902344
intersection:2, mean_episode_reward:-0.0811111256480217, mean_queue:10.716666221618652
intersection:3, mean_episode_reward:-1.0944441556930542, mean_queue:10.11111068725586
intersection:4, mean_episode_reward:-0.678055465221405, mean_queue:10.808333396911621
intersection:5, mean_episode_reward:0.09416670352220535, mean_queue:10.213889122009277
intersection:6, mean_episode_reward:-0.20638877153396606, mean_queue:10.880555152893066
intersection:7, mean_episode_reward:-0.5558332800865173, mean_queue:10.222222328186035
intersection:8, mean_episode_reward:-0.32972198724746704, mean_queue:10.51111125946045
intersection:9, mean_episode_reward:0.00944447610527277, mean_queue:10.441666603088379
intersection:10, mean_episode_reward:-0.3663890063762665, mean_queue:11.186111450195312
intersection:11, mean_episode_reward:-0.39222222566604614, mean_queue:10.369444847106934
intersection:12, mean_episode_reward:-1.0399999618530273, mean_queue:10.661110877990723
intersection:13, mean_episode_reward:-0.6391669511795044, mean_queue:10.605555534362793
intersection:14, mean_episode_reward:-0.21222199499607086, mean_queue:10.727777481079102
intersection:15, mean_episode_reward:-1.0563890933990479, mean_queue:10.574999809265137
intersection:16, mean_episode_reward:0.044722218066453934, mean_queue:0.7749999761581421
intersection:17, mean_episode_reward:0.11055558174848557, mean_queue:0.7777777910232544
intersection:18, mean_episode_reward:0.10305555909872055, mean_queue:0.7888888716697693
intersection:19, mean_episode_reward:0.13111114501953125, mean_queue:0.8166666626930237
intersection:20, mean_episode_reward:0.34777772426605225, mean_queue:0.7527777552604675
intersection:21, mean_episode_reward:0.1319444477558136, mean_queue:0.8138889074325562
intersection:22, mean_episode_reward:0.10694442689418793, mean_queue:0.7888888716697693
intersection:23, mean_episode_reward:0.010555548593401909, mean_queue:0.7805555462837219
intersection:24, mean_episode_reward:0.17055557668209076, mean_queue:0.7749999761581421
intersection:25, mean_episode_reward:0.13444441556930542, mean_queue:0.7749999761581421
intersection:26, mean_episode_reward:0.14694447815418243, mean_queue:0.75
intersection:27, mean_episode_reward:0.17055554687976837, mean_queue:0.769444465637207
intersection:28, mean_episode_reward:0.1522221863269806, mean_queue:0.7833333611488342
intersection:29, mean_episode_reward:0.12694446742534637, mean_queue:0.8333333134651184
intersection:30, mean_episode_reward:0.11722220480442047, mean_queue:0.8722222447395325
intersection:31, mean_episode_reward:0.08000000566244125, mean_queue:0.8083333373069763
Test step:121/200, travel time :202.86111111111111, rewards:-6.200554741753472, queue:5.655295138888889, delay:0.047857374615139434, throughput:1440
step:3600/3600, q_loss:0.621982991695404, rewards:-6.135833062065972, queue:5.638715277777778, delay:0.0472850587632921, throughput:1441
episode:122/200, real avg travel time:201.6148507980569
intersection:0, mean_episode_reward:-0.902499794960022, mean_queue:10.38611125946045
intersection:1, mean_episode_reward:-0.678055465221405, mean_queue:10.494444847106934
intersection:2, mean_episode_reward:-0.30833348631858826, mean_queue:10.699999809265137
intersection:3, mean_episode_reward:-1.176666498184204, mean_queue:10.091666221618652
intersection:4, mean_episode_reward:-0.6091665625572205, mean_queue:10.850000381469727
intersection:5, mean_episode_reward:0.20166677236557007, mean_queue:10.222222328186035
intersection:6, mean_episode_reward:-0.10694444179534912, mean_queue:10.80555534362793
intersection:7, mean_episode_reward:-0.5475000143051147, mean_queue:10.233333587646484
intersection:8, mean_episode_reward:-0.3849998414516449, mean_queue:10.469444274902344
intersection:9, mean_episode_reward:-0.1891666203737259, mean_queue:10.427778244018555
intersection:10, mean_episode_reward:0.002222210867330432, mean_queue:10.697221755981445
intersection:11, mean_episode_reward:-0.45249998569488525, mean_queue:10.322221755981445
intersection:12, mean_episode_reward:-0.981388509273529, mean_queue:10.647222518920898
intersection:13, mean_episode_reward:-0.5786112546920776, mean_queue:10.552778244018555
intersection:14, mean_episode_reward:-0.34388887882232666, mean_queue:10.405555725097656
intersection:15, mean_episode_reward:-1.1172223091125488, mean_queue:10.472222328186035
intersection:16, mean_episode_reward:0.02694445475935936, mean_queue:0.7749999761581421
intersection:17, mean_episode_reward:0.13083335757255554, mean_queue:0.7777777910232544
intersection:18, mean_episode_reward:0.14277775585651398, mean_queue:0.7888888716697693
intersection:19, mean_episode_reward:0.16777777671813965, mean_queue:0.8166666626930237
intersection:20, mean_episode_reward:0.21527782082557678, mean_queue:0.7527777552604675
intersection:21, mean_episode_reward:0.14416666328907013, mean_queue:0.8138889074325562
intersection:22, mean_episode_reward:0.09694436192512512, mean_queue:0.7888888716697693
intersection:23, mean_episode_reward:0.011944428086280823, mean_queue:0.7805555462837219
intersection:24, mean_episode_reward:0.16416668891906738, mean_queue:0.7749999761581421
intersection:25, mean_episode_reward:0.10805559158325195, mean_queue:0.7749999761581421
intersection:26, mean_episode_reward:0.11333334445953369, mean_queue:0.75
intersection:27, mean_episode_reward:0.19694440066814423, mean_queue:0.769444465637207
intersection:28, mean_episode_reward:0.18722222745418549, mean_queue:0.7833333611488342
intersection:29, mean_episode_reward:0.14444446563720703, mean_queue:0.8333333134651184
intersection:30, mean_episode_reward:0.11249998211860657, mean_queue:0.8722222447395325
intersection:31, mean_episode_reward:0.07388889789581299, mean_queue:0.8083333373069763
Test step:122/200, travel time :201.96113809854268, rewards:-6.210833062065972, queue:5.6484375, delay:0.0472169558207194, throughput:1441
step:3600/3600, q_loss:0.6163457632064819, rewards:-6.064444308810764, queue:5.647048611111111, delay:0.04667024612426758, throughput:1441
episode:123/200, real avg travel time:202.1707147814018
intersection:0, mean_episode_reward:-0.9236112833023071, mean_queue:10.51388931274414
intersection:1, mean_episode_reward:-0.5024999976158142, mean_queue:10.408333778381348
intersection:2, mean_episode_reward:-0.5591667890548706, mean_queue:10.844444274902344
intersection:3, mean_episode_reward:-1.041388988494873, mean_queue:10.072221755981445
intersection:4, mean_episode_reward:-0.6205554604530334, mean_queue:10.83055591583252
intersection:5, mean_episode_reward:0.05666665360331535, mean_queue:10.163888931274414
intersection:6, mean_episode_reward:0.026388825848698616, mean_queue:10.824999809265137
intersection:7, mean_episode_reward:-0.5791665315628052, mean_queue:10.23611068725586
intersection:8, mean_episode_reward:-0.5363887548446655, mean_queue:10.538888931274414
intersection:9, mean_episode_reward:-0.10055554658174515, mean_queue:10.411110877990723
intersection:10, mean_episode_reward:0.02861115150153637, mean_queue:10.755555152893066
intersection:11, mean_episode_reward:-0.2216666340827942, mean_queue:10.31944465637207
intersection:12, mean_episode_reward:-0.93833327293396, mean_queue:10.652777671813965
intersection:13, mean_episode_reward:-0.5097222924232483, mean_queue:10.408333778381348
intersection:14, mean_episode_reward:-0.12138890475034714, mean_queue:10.324999809265137
intersection:15, mean_episode_reward:-1.4999995231628418, mean_queue:10.73888874053955
intersection:16, mean_episode_reward:0.03500000387430191, mean_queue:0.7749999761581421
intersection:17, mean_episode_reward:0.1413889080286026, mean_queue:0.7777777910232544
intersection:18, mean_episode_reward:0.08277778327465057, mean_queue:0.7888888716697693
intersection:19, mean_episode_reward:0.12472224980592728, mean_queue:0.8166666626930237
intersection:20, mean_episode_reward:0.18249988555908203, mean_queue:0.7527777552604675
intersection:21, mean_episode_reward:0.14277778565883636, mean_queue:0.8138889074325562
intersection:22, mean_episode_reward:0.09999993443489075, mean_queue:0.7888888716697693
intersection:23, mean_episode_reward:0.03555554524064064, mean_queue:0.7805555462837219
intersection:24, mean_episode_reward:0.1736111342906952, mean_queue:0.7749999761581421
intersection:25, mean_episode_reward:0.14000000059604645, mean_queue:0.7749999761581421
intersection:26, mean_episode_reward:0.12305554002523422, mean_queue:0.75
intersection:27, mean_episode_reward:0.15194442868232727, mean_queue:0.769444465637207
intersection:28, mean_episode_reward:0.193888857960701, mean_queue:0.7833333611488342
intersection:29, mean_episode_reward:0.14500002562999725, mean_queue:0.8333333134651184
intersection:30, mean_episode_reward:0.12527774274349213, mean_queue:0.8722222447395325
intersection:31, mean_episode_reward:0.08083334565162659, mean_queue:0.8083333373069763
Test step:123/200, travel time :199.69770674079223, rewards:-6.086943901909722, queue:5.622309027777778, delay:0.045459620157877606, throughput:1439
step:3600/3600, q_loss:0.615689754486084, rewards:-6.317221408420139, queue:5.630989583333333, delay:0.04542933570014106, throughput:1441
episode:124/200, real avg travel time:200.64746703678
intersection:0, mean_episode_reward:-0.7783331871032715, mean_queue:10.369444847106934
intersection:1, mean_episode_reward:-0.483333557844162, mean_queue:10.308333396911621
intersection:2, mean_episode_reward:-0.5866664052009583, mean_queue:10.899999618530273
intersection:3, mean_episode_reward:-1.0733329057693481, mean_queue:10.058333396911621
intersection:4, mean_episode_reward:-0.5372220277786255, mean_queue:10.76111125946045
intersection:5, mean_episode_reward:0.10222221910953522, mean_queue:10.191666603088379
intersection:6, mean_episode_reward:0.1622222512960434, mean_queue:10.73611068725586
intersection:7, mean_episode_reward:-0.6602779030799866, mean_queue:10.230555534362793
intersection:8, mean_episode_reward:-0.458333283662796, mean_queue:10.43055534362793
intersection:9, mean_episode_reward:-0.15944446623325348, mean_queue:10.366666793823242
intersection:10, mean_episode_reward:0.08361105620861053, mean_queue:10.69444465637207
intersection:11, mean_episode_reward:-0.3011111617088318, mean_queue:10.36111068725586
intersection:12, mean_episode_reward:-1.0811110734939575, mean_queue:10.602777481079102
intersection:13, mean_episode_reward:-0.5400000810623169, mean_queue:10.408333778381348
intersection:14, mean_episode_reward:-0.3544444739818573, mean_queue:10.313888549804688
intersection:15, mean_episode_reward:-1.5038882493972778, mean_queue:10.797222137451172
intersection:16, mean_episode_reward:0.04194445163011551, mean_queue:0.7749999761581421
intersection:17, mean_episode_reward:0.11027782410383224, mean_queue:0.7777777910232544
intersection:18, mean_episode_reward:0.07888888567686081, mean_queue:0.7888888716697693
intersection:19, mean_episode_reward:0.14166668057441711, mean_queue:0.8166666626930237
intersection:20, mean_episode_reward:0.1519443690776825, mean_queue:0.7527777552604675
intersection:21, mean_episode_reward:0.12138890475034714, mean_queue:0.8138889074325562
intersection:22, mean_episode_reward:0.08388886600732803, mean_queue:0.7888888716697693
intersection:23, mean_episode_reward:0.042222216725349426, mean_queue:0.7805555462837219
intersection:24, mean_episode_reward:0.16416668891906738, mean_queue:0.7749999761581421
intersection:25, mean_episode_reward:0.10944443941116333, mean_queue:0.7749999761581421
intersection:26, mean_episode_reward:0.13305556774139404, mean_queue:0.75
intersection:27, mean_episode_reward:0.1549999862909317, mean_queue:0.769444465637207
intersection:28, mean_episode_reward:0.17416663467884064, mean_queue:0.7833333611488342
intersection:29, mean_episode_reward:0.1297222524881363, mean_queue:0.8333333134651184
intersection:30, mean_episode_reward:0.1136111170053482, mean_queue:0.8722222447395325
intersection:31, mean_episode_reward:0.10083333402872086, mean_queue:0.8083333373069763
Test step:124/200, travel time :200.43919388464212, rewards:-6.078610568576389, queue:5.629340277777778, delay:0.045891761779785156, throughput:1439
step:3600/3600, q_loss:0.6162415146827698, rewards:-6.260277642144097, queue:5.641319444444444, delay:0.046906534830729166, throughput:1442
episode:125/200, real avg travel time:202.27045769764217
intersection:0, mean_episode_reward:-1.0408332347869873, mean_queue:10.519444465637207
intersection:1, mean_episode_reward:-0.5000001192092896, mean_queue:10.283333778381348
intersection:2, mean_episode_reward:-0.33055543899536133, mean_queue:10.800000190734863
intersection:3, mean_episode_reward:-1.205832839012146, mean_queue:10.133333206176758
intersection:4, mean_episode_reward:-0.6261110901832581, mean_queue:10.866666793823242
intersection:5, mean_episode_reward:0.1644444763660431, mean_queue:10.13888931274414
intersection:6, mean_episode_reward:0.027499988675117493, mean_queue:10.727777481079102
intersection:7, mean_episode_reward:-0.6302778124809265, mean_queue:10.302778244018555
intersection:8, mean_episode_reward:-0.4458332359790802, mean_queue:10.536110877990723
intersection:9, mean_episode_reward:-0.10833335667848587, mean_queue:10.41944408416748
intersection:10, mean_episode_reward:0.09583337604999542, mean_queue:10.686111450195312
intersection:11, mean_episode_reward:-0.2363889068365097, mean_queue:10.247221946716309
intersection:12, mean_episode_reward:-0.9883338212966919, mean_queue:10.594444274902344
intersection:13, mean_episode_reward:-0.5844444036483765, mean_queue:10.54444408416748
intersection:14, mean_episode_reward:-0.5647221207618713, mean_queue:10.461111068725586
intersection:15, mean_episode_reward:-1.2788887023925781, mean_queue:10.600000381469727
intersection:16, mean_episode_reward:0.048611097037792206, mean_queue:0.7749999761581421
intersection:17, mean_episode_reward:0.11916669458150864, mean_queue:0.7777777910232544
intersection:18, mean_episode_reward:0.1366666704416275, mean_queue:0.7888888716697693
intersection:19, mean_episode_reward:0.14250001311302185, mean_queue:0.8166666626930237
intersection:20, mean_episode_reward:0.18361102044582367, mean_queue:0.7527777552604675
intersection:21, mean_episode_reward:0.17222222685813904, mean_queue:0.8138889074325562
intersection:22, mean_episode_reward:0.08805552870035172, mean_queue:0.7888888716697693
intersection:23, mean_episode_reward:0.023055540397763252, mean_queue:0.7805555462837219
intersection:24, mean_episode_reward:0.1619444489479065, mean_queue:0.7749999761581421
intersection:25, mean_episode_reward:0.10472223162651062, mean_queue:0.7749999761581421
intersection:26, mean_episode_reward:0.15027782320976257, mean_queue:0.75
intersection:27, mean_episode_reward:0.16749998927116394, mean_queue:0.769444465637207
intersection:28, mean_episode_reward:0.14611107110977173, mean_queue:0.7833333611488342
intersection:29, mean_episode_reward:0.1644444614648819, mean_queue:0.8333333134651184
intersection:30, mean_episode_reward:0.10277775675058365, mean_queue:0.8722222447395325
intersection:31, mean_episode_reward:0.08083334565162659, mean_queue:0.8083333373069763
Test step:125/200, travel time :199.90568654646324, rewards:-6.104166666666667, queue:5.625868055555555, delay:0.0451718807220459, throughput:1442
step:3600/3600, q_loss:0.6107009053230286, rewards:-6.112778049045139, queue:5.652170138888889, delay:0.047634220123291014, throughput:1442
episode:126/200, real avg travel time:203.05963938973647
intersection:0, mean_episode_reward:-0.9688889980316162, mean_queue:10.466666221618652
intersection:1, mean_episode_reward:-0.45416638255119324, mean_queue:10.36111068725586
intersection:2, mean_episode_reward:-0.3691667318344116, mean_queue:10.875
intersection:3, mean_episode_reward:-1.28083336353302, mean_queue:10.213889122009277
intersection:4, mean_episode_reward:-0.6477775573730469, mean_queue:10.858333587646484
intersection:5, mean_episode_reward:0.2619445025920868, mean_queue:10.102777481079102
intersection:6, mean_episode_reward:0.02527777850627899, mean_queue:10.755555152893066
intersection:7, mean_episode_reward:-0.508333683013916, mean_queue:10.20555591583252
intersection:8, mean_episode_reward:-0.3166666626930237, mean_queue:10.55555534362793
intersection:9, mean_episode_reward:-0.2677777111530304, mean_queue:10.516666412353516
intersection:10, mean_episode_reward:0.14972221851348877, mean_queue:10.744444847106934
intersection:11, mean_episode_reward:-0.270833283662796, mean_queue:10.322221755981445
intersection:12, mean_episode_reward:-1.01638925075531, mean_queue:10.716666221618652
intersection:13, mean_episode_reward:-0.5997222065925598, mean_queue:10.41944408416748
intersection:14, mean_episode_reward:-0.39472201466560364, mean_queue:10.402777671813965
intersection:15, mean_episode_reward:-1.3566666841506958, mean_queue:10.691666603088379
intersection:16, mean_episode_reward:0.06027776002883911, mean_queue:0.7749999761581421
intersection:17, mean_episode_reward:0.09638888388872147, mean_queue:0.7777777910232544
intersection:18, mean_episode_reward:0.09416662901639938, mean_queue:0.7888888716697693
intersection:19, mean_episode_reward:0.1391666829586029, mean_queue:0.8166666626930237
intersection:20, mean_episode_reward:0.1472221314907074, mean_queue:0.7527777552604675
intersection:21, mean_episode_reward:0.1458333432674408, mean_queue:0.8138889074325562
intersection:22, mean_episode_reward:0.09305551648139954, mean_queue:0.7888888716697693
intersection:23, mean_episode_reward:0.028333311900496483, mean_queue:0.7805555462837219
intersection:24, mean_episode_reward:0.18166673183441162, mean_queue:0.7749999761581421
intersection:25, mean_episode_reward:0.09361111372709274, mean_queue:0.7749999761581421
intersection:26, mean_episode_reward:0.13500002026557922, mean_queue:0.75
intersection:27, mean_episode_reward:0.1822221726179123, mean_queue:0.769444465637207
intersection:28, mean_episode_reward:0.1591666340827942, mean_queue:0.7833333611488342
intersection:29, mean_episode_reward:0.17222227156162262, mean_queue:0.8333333134651184
intersection:30, mean_episode_reward:0.09055553376674652, mean_queue:0.8722222447395325
intersection:31, mean_episode_reward:0.08333335071802139, mean_queue:0.8083333373069763
Test step:126/200, travel time :204.79042331714086, rewards:-6.252777777777778, queue:5.664149305555555, delay:0.04821694691975911, throughput:1441
step:3600/3600, q_loss:0.6081514954566956, rewards:-5.979722764756945, queue:5.626128472222222, delay:0.04602903260125054, throughput:1443
episode:127/200, real avg travel time:200.16354816354817
intersection:0, mean_episode_reward:-0.9636112451553345, mean_queue:10.41944408416748
intersection:1, mean_episode_reward:-0.40972238779067993, mean_queue:10.341666221618652
intersection:2, mean_episode_reward:-0.48222222924232483, mean_queue:10.777777671813965
intersection:3, mean_episode_reward:-1.2244446277618408, mean_queue:10.133333206176758
intersection:4, mean_episode_reward:-0.5152775049209595, mean_queue:10.727777481079102
intersection:5, mean_episode_reward:0.10583329945802689, mean_queue:10.149999618530273
intersection:6, mean_episode_reward:-0.07750017940998077, mean_queue:10.713889122009277
intersection:7, mean_episode_reward:-0.3638888895511627, mean_queue:10.202777862548828
intersection:8, mean_episode_reward:-0.46249982714653015, mean_queue:10.397222518920898
intersection:9, mean_episode_reward:-0.11111113429069519, mean_queue:10.458333015441895
intersection:10, mean_episode_reward:0.12833333015441895, mean_queue:10.725000381469727
intersection:11, mean_episode_reward:-0.4047222435474396, mean_queue:10.333333015441895
intersection:12, mean_episode_reward:-0.9652779698371887, mean_queue:10.655555725097656
intersection:13, mean_episode_reward:-0.54749995470047, mean_queue:10.41944408416748
intersection:14, mean_episode_reward:-0.39416661858558655, mean_queue:10.38888931274414
intersection:15, mean_episode_reward:-1.1963889598846436, mean_queue:10.530555725097656
intersection:16, mean_episode_reward:0.06972219794988632, mean_queue:0.7749999761581421
intersection:17, mean_episode_reward:0.11277779191732407, mean_queue:0.7777777910232544
intersection:18, mean_episode_reward:0.07833334803581238, mean_queue:0.7888888716697693
intersection:19, mean_episode_reward:0.16527777910232544, mean_queue:0.8166666626930237
intersection:20, mean_episode_reward:0.16249991953372955, mean_queue:0.7527777552604675
intersection:21, mean_episode_reward:0.14666666090488434, mean_queue:0.8138889074325562
intersection:22, mean_episode_reward:0.09527771174907684, mean_queue:0.7888888716697693
intersection:23, mean_episode_reward:0.012499979697167873, mean_queue:0.7805555462837219
intersection:24, mean_episode_reward:0.17027778923511505, mean_queue:0.7749999761581421
intersection:25, mean_episode_reward:0.09527779370546341, mean_queue:0.7749999761581421
intersection:26, mean_episode_reward:0.10972221940755844, mean_queue:0.75
intersection:27, mean_episode_reward:0.16749998927116394, mean_queue:0.769444465637207
intersection:28, mean_episode_reward:0.1874999850988388, mean_queue:0.7833333611488342
intersection:29, mean_episode_reward:0.15805557370185852, mean_queue:0.8333333134651184
intersection:30, mean_episode_reward:0.09749998152256012, mean_queue:0.8722222447395325
intersection:31, mean_episode_reward:0.07555555552244186, mean_queue:0.8083333373069763
Test step:127/200, travel time :202.18055555555554, rewards:-6.161110432942708, queue:5.6409722222222225, delay:0.047561730278862846, throughput:1440
step:3600/3600, q_loss:0.6082542538642883, rewards:-6.121389431423611, queue:5.639670138888889, delay:0.046450604332817926, throughput:1444
episode:128/200, real avg travel time:201.5360110803324
intersection:0, mean_episode_reward:-0.7922224998474121, mean_queue:10.411110877990723
intersection:1, mean_episode_reward:-0.4461110830307007, mean_queue:10.274999618530273
intersection:2, mean_episode_reward:-0.2763887941837311, mean_queue:10.688888549804688
intersection:3, mean_episode_reward:-1.2125002145767212, mean_queue:10.086111068725586
intersection:4, mean_episode_reward:-0.7113888263702393, mean_queue:10.938888549804688
intersection:5, mean_episode_reward:0.07166668772697449, mean_queue:10.272222518920898
intersection:6, mean_episode_reward:-0.08444436639547348, mean_queue:10.847222328186035
intersection:7, mean_episode_reward:-0.536666750907898, mean_queue:10.25
intersection:8, mean_episode_reward:-0.6380555033683777, mean_queue:10.563888549804688
intersection:9, mean_episode_reward:-0.005555522162467241, mean_queue:10.352777481079102
intersection:10, mean_episode_reward:0.13944444060325623, mean_queue:10.73888874053955
intersection:11, mean_episode_reward:-0.26277774572372437, mean_queue:10.377778053283691
intersection:12, mean_episode_reward:-0.9174997806549072, mean_queue:10.597222328186035
intersection:13, mean_episode_reward:-0.6616665720939636, mean_queue:10.449999809265137
intersection:14, mean_episode_reward:-0.5013889074325562, mean_queue:10.458333015441895
intersection:15, mean_episode_reward:-1.1102781295776367, mean_queue:10.5
intersection:16, mean_episode_reward:0.06277775764465332, mean_queue:0.7749999761581421
intersection:17, mean_episode_reward:0.1019444391131401, mean_queue:0.7777777910232544
intersection:18, mean_episode_reward:0.09722219407558441, mean_queue:0.7888888716697693
intersection:19, mean_episode_reward:0.13083335757255554, mean_queue:0.8166666626930237
intersection:20, mean_episode_reward:0.18583324551582336, mean_queue:0.7527777552604675
intersection:21, mean_episode_reward:0.12611110508441925, mean_queue:0.8138889074325562
intersection:22, mean_episode_reward:0.06749998778104782, mean_queue:0.7888888716697693
intersection:23, mean_episode_reward:0.023333312943577766, mean_queue:0.7805555462837219
intersection:24, mean_episode_reward:0.18388894200325012, mean_queue:0.7749999761581421
intersection:25, mean_episode_reward:0.07416665554046631, mean_queue:0.7749999761581421
intersection:26, mean_episode_reward:0.11333335191011429, mean_queue:0.75
intersection:27, mean_episode_reward:0.15444442629814148, mean_queue:0.769444465637207
intersection:28, mean_episode_reward:0.15194441378116608, mean_queue:0.7833333611488342
intersection:29, mean_episode_reward:0.148333340883255, mean_queue:0.8333333134651184
intersection:30, mean_episode_reward:0.10777775198221207, mean_queue:0.8722222447395325
intersection:31, mean_episode_reward:0.0950000137090683, mean_queue:0.8083333373069763
Test step:128/200, travel time :203.18698060941827, rewards:-5.944999864366319, queue:5.6500868055555555, delay:0.04832686318291558, throughput:1444
step:3600/3600, q_loss:0.6102708578109741, rewards:-6.130554877387153, queue:5.647135416666667, delay:0.04728335274590386, throughput:1440
episode:129/200, real avg travel time:202.21180555555554
intersection:0, mean_episode_reward:-1.0097225904464722, mean_queue:10.463889122009277
intersection:1, mean_episode_reward:-0.4761110544204712, mean_queue:10.411110877990723
intersection:2, mean_episode_reward:-0.13055549561977386, mean_queue:10.752778053283691
intersection:3, mean_episode_reward:-1.1919444799423218, mean_queue:10.172222137451172
intersection:4, mean_episode_reward:-0.6388887763023376, mean_queue:10.883333206176758
intersection:5, mean_episode_reward:0.21722231805324554, mean_queue:10.163888931274414
intersection:6, mean_episode_reward:-0.1644444465637207, mean_queue:10.83055591583252
intersection:7, mean_episode_reward:-0.5150002837181091, mean_queue:10.191666603088379
intersection:8, mean_episode_reward:-0.7197219133377075, mean_queue:10.622221946716309
intersection:9, mean_episode_reward:0.049166738986968994, mean_queue:10.372221946716309
intersection:10, mean_episode_reward:0.13499999046325684, mean_queue:10.822221755981445
intersection:11, mean_episode_reward:-0.36444443464279175, mean_queue:10.394444465637207
intersection:12, mean_episode_reward:-0.8247222304344177, mean_queue:10.597222328186035
intersection:13, mean_episode_reward:-0.516944169998169, mean_queue:10.38611125946045
intersection:14, mean_episode_reward:-0.5147222876548767, mean_queue:10.402777671813965
intersection:15, mean_episode_reward:-1.2897217273712158, mean_queue:10.58055591583252
intersection:16, mean_episode_reward:0.048888880759477615, mean_queue:0.7749999761581421
intersection:17, mean_episode_reward:0.09916664659976959, mean_queue:0.7777777910232544
intersection:18, mean_episode_reward:0.09277775883674622, mean_queue:0.7888888716697693
intersection:19, mean_episode_reward:0.14194446802139282, mean_queue:0.8166666626930237
intersection:20, mean_episode_reward:0.18499992787837982, mean_queue:0.7527777552604675
intersection:21, mean_episode_reward:0.15444444119930267, mean_queue:0.8138889074325562
intersection:22, mean_episode_reward:0.07083331048488617, mean_queue:0.7888888716697693
intersection:23, mean_episode_reward:0.027777761220932007, mean_queue:0.7805555462837219
intersection:24, mean_episode_reward:0.18194448947906494, mean_queue:0.7749999761581421
intersection:25, mean_episode_reward:0.07388889789581299, mean_queue:0.7749999761581421
intersection:26, mean_episode_reward:0.11527777463197708, mean_queue:0.75
intersection:27, mean_episode_reward:0.16555553674697876, mean_queue:0.769444465637207
intersection:28, mean_episode_reward:0.1458333134651184, mean_queue:0.7833333611488342
intersection:29, mean_episode_reward:0.14222221076488495, mean_queue:0.8333333134651184
intersection:30, mean_episode_reward:0.1038888692855835, mean_queue:0.8722222447395325
intersection:31, mean_episode_reward:0.07555555552244186, mean_queue:0.8083333373069763
Test step:129/200, travel time :200.7725381414702, rewards:-6.1727783203125, queue:5.630121527777778, delay:0.0468693733215332, throughput:1442
step:3600/3600, q_loss:0.6110978722572327, rewards:-6.15694580078125, queue:5.662152777777778, delay:0.047684897316826715, throughput:1444
episode:130/200, real avg travel time:203.8663434903047
intersection:0, mean_episode_reward:-1.0333335399627686, mean_queue:10.480555534362793
intersection:1, mean_episode_reward:-0.3802776336669922, mean_queue:10.29444408416748
intersection:2, mean_episode_reward:-0.32888877391815186, mean_queue:10.969444274902344
intersection:3, mean_episode_reward:-1.2755557298660278, mean_queue:10.163888931274414
intersection:4, mean_episode_reward:-0.483611136674881, mean_queue:10.816666603088379
intersection:5, mean_episode_reward:0.08472221344709396, mean_queue:10.149999618530273
intersection:6, mean_episode_reward:-0.028611158952116966, mean_queue:10.822221755981445
intersection:7, mean_episode_reward:-0.46083351969718933, mean_queue:10.116666793823242
intersection:8, mean_episode_reward:-0.5202779769897461, mean_queue:10.600000381469727
intersection:9, mean_episode_reward:0.06472219526767731, mean_queue:10.466666221618652
intersection:10, mean_episode_reward:0.018055537715554237, mean_queue:10.933333396911621
intersection:11, mean_episode_reward:-0.15555556118488312, mean_queue:10.241666793823242
intersection:12, mean_episode_reward:-0.9716666340827942, mean_queue:10.66944408416748
intersection:13, mean_episode_reward:-0.7633337378501892, mean_queue:10.658333778381348
intersection:14, mean_episode_reward:-0.543055534362793, mean_queue:10.577777862548828
intersection:15, mean_episode_reward:-1.243333339691162, mean_queue:10.566666603088379
intersection:16, mean_episode_reward:0.05055553466081619, mean_queue:0.7749999761581421
intersection:17, mean_episode_reward:0.09444445371627808, mean_queue:0.7777777910232544
intersection:18, mean_episode_reward:0.11416668444871902, mean_queue:0.7888888716697693
intersection:19, mean_episode_reward:0.17888887226581573, mean_queue:0.8166666626930237
intersection:20, mean_episode_reward:0.16249991953372955, mean_queue:0.7527777552604675
intersection:21, mean_episode_reward:0.13027776777744293, mean_queue:0.8138889074325562
intersection:22, mean_episode_reward:0.07277776300907135, mean_queue:0.7888888716697693
intersection:23, mean_episode_reward:0.02111109346151352, mean_queue:0.7805555462837219
intersection:24, mean_episode_reward:0.16972224414348602, mean_queue:0.7749999761581421
intersection:25, mean_episode_reward:0.08611113578081131, mean_queue:0.7749999761581421
intersection:26, mean_episode_reward:0.11888890713453293, mean_queue:0.75
intersection:27, mean_episode_reward:0.15361106395721436, mean_queue:0.769444465637207
intersection:28, mean_episode_reward:0.1661110818386078, mean_queue:0.7833333611488342
intersection:29, mean_episode_reward:0.1552777886390686, mean_queue:0.8333333134651184
intersection:30, mean_episode_reward:0.1038888692855835, mean_queue:0.8722222447395325
intersection:31, mean_episode_reward:0.0855555608868599, mean_queue:0.8083333373069763
Test step:130/200, travel time :202.12941176470588, rewards:-6.260831705729166, queue:5.645138888888889, delay:0.047068685955471465, throughput:1445
step:3600/3600, q_loss:0.6135894656181335, rewards:-6.000832112630208, queue:5.640017361111111, delay:0.04694895744323731, throughput:1442
episode:131/200, real avg travel time:201.32801664355063
intersection:0, mean_episode_reward:-0.9074996709823608, mean_queue:10.48888874053955
intersection:1, mean_episode_reward:-0.441944420337677, mean_queue:10.308333396911621
intersection:2, mean_episode_reward:-0.2338889241218567, mean_queue:10.755555152893066
intersection:3, mean_episode_reward:-1.1449997425079346, mean_queue:10.108333587646484
intersection:4, mean_episode_reward:-0.4733332693576813, mean_queue:10.75
intersection:5, mean_episode_reward:0.08694445341825485, mean_queue:10.149999618530273
intersection:6, mean_episode_reward:-0.011388897895812988, mean_queue:10.88888931274414
intersection:7, mean_episode_reward:-0.5933335423469543, mean_queue:10.255555152893066
intersection:8, mean_episode_reward:-0.5074997544288635, mean_queue:10.508333206176758
intersection:9, mean_episode_reward:-0.21083331108093262, mean_queue:10.394444465637207
intersection:10, mean_episode_reward:0.4197221100330353, mean_queue:10.688888549804688
intersection:11, mean_episode_reward:-0.4791666269302368, mean_queue:10.441666603088379
intersection:12, mean_episode_reward:-1.0219446420669556, mean_queue:10.647222518920898
intersection:13, mean_episode_reward:-0.520832896232605, mean_queue:10.38611125946045
intersection:14, mean_episode_reward:-0.6472222805023193, mean_queue:10.51388931274414
intersection:15, mean_episode_reward:-1.2549999952316284, mean_queue:10.533333778381348
intersection:16, mean_episode_reward:0.04916665703058243, mean_queue:0.7749999761581421
intersection:17, mean_episode_reward:0.10555555671453476, mean_queue:0.7777777910232544
intersection:18, mean_episode_reward:0.0808333307504654, mean_queue:0.7888888716697693
intersection:19, mean_episode_reward:0.14750002324581146, mean_queue:0.8166666626930237
intersection:20, mean_episode_reward:0.2291666865348816, mean_queue:0.7527777552604675
intersection:21, mean_episode_reward:0.11222220212221146, mean_queue:0.8138889074325562
intersection:22, mean_episode_reward:0.06638887524604797, mean_queue:0.7888888716697693
intersection:23, mean_episode_reward:0.03555554524064064, mean_queue:0.7805555462837219
intersection:24, mean_episode_reward:0.19777779281139374, mean_queue:0.7749999761581421
intersection:25, mean_episode_reward:0.08888889104127884, mean_queue:0.7749999761581421
intersection:26, mean_episode_reward:0.10722222924232483, mean_queue:0.75
intersection:27, mean_episode_reward:0.15444442629814148, mean_queue:0.769444465637207
intersection:28, mean_episode_reward:0.16361109912395477, mean_queue:0.7833333611488342
intersection:29, mean_episode_reward:0.19444450736045837, mean_queue:0.8333333134651184
intersection:30, mean_episode_reward:0.13305552303791046, mean_queue:0.8722222447395325
intersection:31, mean_episode_reward:0.07555555552244186, mean_queue:0.8083333373069763
Test step:131/200, travel time :201.82189882189883, rewards:-6.219166395399306, queue:5.644357638888889, delay:0.04602346950107151, throughput:1443
step:3600/3600, q_loss:0.611676812171936, rewards:-6.234444173177083, queue:5.626736111111111, delay:0.04544097052680122, throughput:1442
episode:132/200, real avg travel time:199.62898751733704
intersection:0, mean_episode_reward:-1.0427778959274292, mean_queue:10.527777671813965
intersection:1, mean_episode_reward:-0.45027780532836914, mean_queue:10.347222328186035
intersection:2, mean_episode_reward:-0.44055554270744324, mean_queue:10.877778053283691
intersection:3, mean_episode_reward:-1.1138890981674194, mean_queue:10.022222518920898
intersection:4, mean_episode_reward:-0.5080556869506836, mean_queue:10.73611068725586
intersection:5, mean_episode_reward:0.1083332821726799, mean_queue:10.13888931274414
intersection:6, mean_episode_reward:0.11277773976325989, mean_queue:10.788888931274414
intersection:7, mean_episode_reward:-0.5319442749023438, mean_queue:10.144444465637207
intersection:8, mean_episode_reward:-0.6775000095367432, mean_queue:10.61388874053955
intersection:9, mean_episode_reward:0.033888932317495346, mean_queue:10.350000381469727
intersection:10, mean_episode_reward:0.1524999737739563, mean_queue:10.56944465637207
intersection:11, mean_episode_reward:-0.39277786016464233, mean_queue:10.216666221618652
intersection:12, mean_episode_reward:-0.9074999690055847, mean_queue:10.56944465637207
intersection:13, mean_episode_reward:-0.6266663670539856, mean_queue:10.48888874053955
intersection:14, mean_episode_reward:-0.4688887298107147, mean_queue:10.425000190734863
intersection:15, mean_episode_reward:-1.2900002002716064, mean_queue:10.577777862548828
intersection:16, mean_episode_reward:0.04999997839331627, mean_queue:0.7749999761581421
intersection:17, mean_episode_reward:0.131944477558136, mean_queue:0.7777777910232544
intersection:18, mean_episode_reward:0.06444443762302399, mean_queue:0.7888888716697693
intersection:19, mean_episode_reward:0.13055558502674103, mean_queue:0.8166666626930237
intersection:20, mean_episode_reward:0.2174999862909317, mean_queue:0.7527777552604675
intersection:21, mean_episode_reward:0.11472219973802567, mean_queue:0.8138889074325562
intersection:22, mean_episode_reward:0.0963888168334961, mean_queue:0.7888888716697693
intersection:23, mean_episode_reward:0.012222201563417912, mean_queue:0.7805555462837219
intersection:24, mean_episode_reward:0.17194445431232452, mean_queue:0.7749999761581421
intersection:25, mean_episode_reward:0.10250000655651093, mean_queue:0.7749999761581421
intersection:26, mean_episode_reward:0.10611113160848618, mean_queue:0.75
intersection:27, mean_episode_reward:0.15944445133209229, mean_queue:0.769444465637207
intersection:28, mean_episode_reward:0.15361107885837555, mean_queue:0.7833333611488342
intersection:29, mean_episode_reward:0.11277779191732407, mean_queue:0.8333333134651184
intersection:30, mean_episode_reward:0.10083331912755966, mean_queue:0.8722222447395325
intersection:31, mean_episode_reward:0.08388889580965042, mean_queue:0.8083333373069763
Test step:132/200, travel time :201.50691562932226, rewards:-6.030554877387153, queue:5.637413194444444, delay:0.047147003809611, throughput:1446
step:3600/3600, q_loss:0.6102661490440369, rewards:-6.133055962456597, queue:5.646440972222222, delay:0.047525352901882596, throughput:1444
episode:133/200, real avg travel time:202.542243767313
intersection:0, mean_episode_reward:-1.027499794960022, mean_queue:10.461111068725586
intersection:1, mean_episode_reward:-0.5472220778465271, mean_queue:10.469444274902344
intersection:2, mean_episode_reward:-0.3211112320423126, mean_queue:10.847222328186035
intersection:3, mean_episode_reward:-1.184444546699524, mean_queue:10.161110877990723
intersection:4, mean_episode_reward:-0.51500004529953, mean_queue:10.774999618530273
intersection:5, mean_episode_reward:0.1480555385351181, mean_queue:10.083333015441895
intersection:6, mean_episode_reward:0.25749996304512024, mean_queue:10.677778244018555
intersection:7, mean_episode_reward:-0.5394444465637207, mean_queue:10.222222328186035
intersection:8, mean_episode_reward:-0.34194451570510864, mean_queue:10.54444408416748
intersection:9, mean_episode_reward:-0.06222221627831459, mean_queue:10.327777862548828
intersection:10, mean_episode_reward:0.01583332195878029, mean_queue:10.875
intersection:11, mean_episode_reward:-0.363055557012558, mean_queue:10.377778053283691
intersection:12, mean_episode_reward:-1.1341670751571655, mean_queue:10.786110877990723
intersection:13, mean_episode_reward:-0.7049997448921204, mean_queue:10.447221755981445
intersection:14, mean_episode_reward:-0.4161107838153839, mean_queue:10.441666603088379
intersection:15, mean_episode_reward:-1.2530553340911865, mean_queue:10.527777671813965
intersection:16, mean_episode_reward:0.03750000149011612, mean_queue:0.7749999761581421
intersection:17, mean_episode_reward:0.11194447427988052, mean_queue:0.7777777910232544
intersection:18, mean_episode_reward:0.11194445192813873, mean_queue:0.7888888716697693
intersection:19, mean_episode_reward:0.14666669070720673, mean_queue:0.8166666626930237
intersection:20, mean_episode_reward:0.17499986290931702, mean_queue:0.7527777552604675
intersection:21, mean_episode_reward:0.11361109465360641, mean_queue:0.8138889074325562
intersection:22, mean_episode_reward:0.07555553317070007, mean_queue:0.7888888716697693
intersection:23, mean_episode_reward:0.03277776390314102, mean_queue:0.7805555462837219
intersection:24, mean_episode_reward:0.19833332300186157, mean_queue:0.7749999761581421
intersection:25, mean_episode_reward:0.12194440513849258, mean_queue:0.7749999761581421
intersection:26, mean_episode_reward:0.10583335161209106, mean_queue:0.75
intersection:27, mean_episode_reward:0.1530555635690689, mean_queue:0.769444465637207
intersection:28, mean_episode_reward:0.15666663646697998, mean_queue:0.7833333611488342
intersection:29, mean_episode_reward:0.1277777999639511, mean_queue:0.8333333134651184
intersection:30, mean_episode_reward:0.10638885200023651, mean_queue:0.8722222447395325
intersection:31, mean_episode_reward:0.08083334565162659, mean_queue:0.8083333373069763
Test step:133/200, travel time :199.18585298196948, rewards:-5.9880560980902775, queue:5.615972222222222, delay:0.04523275163438585, throughput:1442
step:3600/3600, q_loss:0.6088085770606995, rewards:-6.314166259765625, queue:5.648263888888889, delay:0.047028764088948564, throughput:1443
episode:134/200, real avg travel time:202.84407484407484
intersection:0, mean_episode_reward:-1.0280557870864868, mean_queue:10.600000381469727
intersection:1, mean_episode_reward:-0.38055557012557983, mean_queue:10.391666412353516
intersection:2, mean_episode_reward:-0.24388891458511353, mean_queue:10.908333778381348
intersection:3, mean_episode_reward:-1.3663891553878784, mean_queue:10.297222137451172
intersection:4, mean_episode_reward:-0.40527772903442383, mean_queue:10.824999809265137
intersection:5, mean_episode_reward:0.060555584728717804, mean_queue:10.152777671813965
intersection:6, mean_episode_reward:0.1186111643910408, mean_queue:10.652777671813965
intersection:7, mean_episode_reward:-0.6311110258102417, mean_queue:10.158333778381348
intersection:8, mean_episode_reward:-0.5494444370269775, mean_queue:10.619444847106934
intersection:9, mean_episode_reward:-0.13305553793907166, mean_queue:10.327777862548828
intersection:10, mean_episode_reward:0.1527777761220932, mean_queue:10.699999809265137
intersection:11, mean_episode_reward:-0.21250002086162567, mean_queue:10.344444274902344
intersection:12, mean_episode_reward:-0.946944534778595, mean_queue:10.594444274902344
intersection:13, mean_episode_reward:-0.5811107754707336, mean_queue:10.397222518920898
intersection:14, mean_episode_reward:-0.6141664981842041, mean_queue:10.408333778381348
intersection:15, mean_episode_reward:-1.4127776622772217, mean_queue:10.70555591583252
intersection:16, mean_episode_reward:0.06027776002883911, mean_queue:0.7749999761581421
intersection:17, mean_episode_reward:0.08250001817941666, mean_queue:0.7777777910232544
intersection:18, mean_episode_reward:0.10333334654569626, mean_queue:0.7888888716697693
intersection:19, mean_episode_reward:0.12805557250976562, mean_queue:0.8166666626930237
intersection:20, mean_episode_reward:0.16027766466140747, mean_queue:0.7527777552604675
intersection:21, mean_episode_reward:0.10972214490175247, mean_queue:0.8138889074325562
intersection:22, mean_episode_reward:0.13694442808628082, mean_queue:0.7888888716697693
intersection:23, mean_episode_reward:0.039722222834825516, mean_queue:0.7805555462837219
intersection:24, mean_episode_reward:0.17027780413627625, mean_queue:0.7749999761581421
intersection:25, mean_episode_reward:0.0972222313284874, mean_queue:0.7749999761581421
intersection:26, mean_episode_reward:0.11555556952953339, mean_queue:0.75
intersection:27, mean_episode_reward:0.176111102104187, mean_queue:0.769444465637207
intersection:28, mean_episode_reward:0.1477777510881424, mean_queue:0.7833333611488342
intersection:29, mean_episode_reward:0.15361112356185913, mean_queue:0.8333333134651184
intersection:30, mean_episode_reward:0.099166639149189, mean_queue:0.8722222447395325
intersection:31, mean_episode_reward:0.0786111056804657, mean_queue:0.8083333373069763
Test step:134/200, travel time :202.3916955017301, rewards:-6.188612196180555, queue:5.645920138888889, delay:0.0465648545159234, throughput:1445
step:3600/3600, q_loss:0.611602246761322, rewards:-6.1819444444444445, queue:5.662673611111111, delay:0.047744099299112955, throughput:1441
episode:135/200, real avg travel time:203.8584316446912
intersection:0, mean_episode_reward:-1.1094443798065186, mean_queue:10.625
intersection:1, mean_episode_reward:-0.2508333921432495, mean_queue:10.408333778381348
intersection:2, mean_episode_reward:-0.7736115455627441, mean_queue:11.188888549804688
intersection:3, mean_episode_reward:-1.212499737739563, mean_queue:10.149999618530273
intersection:4, mean_episode_reward:-0.5308333039283752, mean_queue:10.755555152893066
intersection:5, mean_episode_reward:0.03361114487051964, mean_queue:10.23888874053955
intersection:6, mean_episode_reward:0.25333333015441895, mean_queue:10.73888874053955
intersection:7, mean_episode_reward:-0.47527796030044556, mean_queue:10.127778053283691
intersection:8, mean_episode_reward:-0.523888885974884, mean_queue:10.583333015441895
intersection:9, mean_episode_reward:0.12833338975906372, mean_queue:10.427778244018555
intersection:10, mean_episode_reward:0.34500008821487427, mean_queue:10.663888931274414
intersection:11, mean_episode_reward:-0.2652776837348938, mean_queue:10.311111450195312
intersection:12, mean_episode_reward:-0.966666579246521, mean_queue:10.594444274902344
intersection:13, mean_episode_reward:-0.7563890814781189, mean_queue:10.597222328186035
intersection:14, mean_episode_reward:-0.6394444108009338, mean_queue:10.475000381469727
intersection:15, mean_episode_reward:-1.3597218990325928, mean_queue:10.658333778381348
intersection:16, mean_episode_reward:0.0738888680934906, mean_queue:0.7749999761581421
intersection:17, mean_episode_reward:0.11694448441267014, mean_queue:0.7777777910232544
intersection:18, mean_episode_reward:0.09277775883674622, mean_queue:0.7888888716697693
intersection:19, mean_episode_reward:0.13277782499790192, mean_queue:0.8166666626930237
intersection:20, mean_episode_reward:0.18861103057861328, mean_queue:0.7527777552604675
intersection:21, mean_episode_reward:0.15250001847743988, mean_queue:0.8138889074325562
intersection:22, mean_episode_reward:0.0944444015622139, mean_queue:0.7888888716697693
intersection:23, mean_episode_reward:0.033055540174245834, mean_queue:0.7805555462837219
intersection:24, mean_episode_reward:0.16805557906627655, mean_queue:0.7749999761581421
intersection:25, mean_episode_reward:0.09416668862104416, mean_queue:0.7749999761581421
intersection:26, mean_episode_reward:0.10916667431592941, mean_queue:0.75
intersection:27, mean_episode_reward:0.16333331167697906, mean_queue:0.769444465637207
intersection:28, mean_episode_reward:0.1711110919713974, mean_queue:0.7833333611488342
intersection:29, mean_episode_reward:0.1277777999639511, mean_queue:0.8333333134651184
intersection:30, mean_episode_reward:0.12472221255302429, mean_queue:0.8722222447395325
intersection:31, mean_episode_reward:0.07833333313465118, mean_queue:0.8083333373069763
Test step:135/200, travel time :203.2009702009702, rewards:-6.153055826822917, queue:5.660677083333334, delay:0.04713329739040799, throughput:1443
step:3600/3600, q_loss:0.6110455989837646, rewards:-6.1, queue:5.651215277777778, delay:0.047715685102674696, throughput:1442
episode:136/200, real avg travel time:202.90360610263522
intersection:0, mean_episode_reward:-1.0466668605804443, mean_queue:10.480555534362793
intersection:1, mean_episode_reward:-0.5144445896148682, mean_queue:10.483333587646484
intersection:2, mean_episode_reward:-0.2591666579246521, mean_queue:10.702777862548828
intersection:3, mean_episode_reward:-1.214999794960022, mean_queue:10.18055534362793
intersection:4, mean_episode_reward:-0.44194459915161133, mean_queue:10.836111068725586
intersection:5, mean_episode_reward:0.1086111068725586, mean_queue:10.286110877990723
intersection:6, mean_episode_reward:0.08138883858919144, mean_queue:10.733333587646484
intersection:7, mean_episode_reward:-0.635555624961853, mean_queue:10.313888549804688
intersection:8, mean_episode_reward:-0.6386107802391052, mean_queue:10.55555534362793
intersection:9, mean_episode_reward:0.05611109733581543, mean_queue:10.43055534362793
intersection:10, mean_episode_reward:0.21111106872558594, mean_queue:10.677778244018555
intersection:11, mean_episode_reward:-0.2883334159851074, mean_queue:10.288888931274414
intersection:12, mean_episode_reward:-1.0961112976074219, mean_queue:10.727777481079102
intersection:13, mean_episode_reward:-0.5224997401237488, mean_queue:10.48611068725586
intersection:14, mean_episode_reward:-0.641389012336731, mean_queue:10.433333396911621
intersection:15, mean_episode_reward:-1.2430555820465088, mean_queue:10.561111450195312
intersection:16, mean_episode_reward:0.053055539727211, mean_queue:0.7749999761581421
intersection:17, mean_episode_reward:0.11638891696929932, mean_queue:0.7777777910232544
intersection:18, mean_episode_reward:0.07527777552604675, mean_queue:0.7888888716697693
intersection:19, mean_episode_reward:0.159722238779068, mean_queue:0.8166666626930237
intersection:20, mean_episode_reward:0.21944443881511688, mean_queue:0.7527777552604675
intersection:21, mean_episode_reward:0.15416668355464935, mean_queue:0.8138889074325562
intersection:22, mean_episode_reward:0.1199999675154686, mean_queue:0.7888888716697693
intersection:23, mean_episode_reward:0.07388889789581299, mean_queue:0.7805555462837219
intersection:24, mean_episode_reward:0.17777779698371887, mean_queue:0.7749999761581421
intersection:25, mean_episode_reward:0.09583333134651184, mean_queue:0.7749999761581421
intersection:26, mean_episode_reward:0.10583335161209106, mean_queue:0.75
intersection:27, mean_episode_reward:0.14972221851348877, mean_queue:0.769444465637207
intersection:28, mean_episode_reward:0.15416663885116577, mean_queue:0.7833333611488342
intersection:29, mean_episode_reward:0.13166667520999908, mean_queue:0.8333333134651184
intersection:30, mean_episode_reward:0.10583330690860748, mean_queue:0.8722222447395325
intersection:31, mean_episode_reward:0.09277777373790741, mean_queue:0.8083333373069763
Test step:136/200, travel time :202.20706371191136, rewards:-6.153889295789931, queue:5.647135416666667, delay:0.047257783677842884, throughput:1444
step:3600/3600, q_loss:0.6130855679512024, rewards:-6.151388888888889, queue:5.651822916666666, delay:0.0473660151163737, throughput:1443
episode:137/200, real avg travel time:203.13790713790715
intersection:0, mean_episode_reward:-1.1408334970474243, mean_queue:10.633333206176758
intersection:1, mean_episode_reward:-0.3127777576446533, mean_queue:10.422222137451172
intersection:2, mean_episode_reward:-0.36111077666282654, mean_queue:10.86388874053955
intersection:3, mean_episode_reward:-1.155833125114441, mean_queue:10.097222328186035
intersection:4, mean_episode_reward:-0.6327776312828064, mean_queue:11.058333396911621
intersection:5, mean_episode_reward:0.1980554312467575, mean_queue:10.26388931274414
intersection:6, mean_episode_reward:0.0511111244559288, mean_queue:10.786110877990723
intersection:7, mean_episode_reward:-0.6177778244018555, mean_queue:10.213889122009277
intersection:8, mean_episode_reward:-0.5316668152809143, mean_queue:10.533333778381348
intersection:9, mean_episode_reward:0.14777785539627075, mean_queue:10.258333206176758
intersection:10, mean_episode_reward:0.21083331108093262, mean_queue:10.630555152893066
intersection:11, mean_episode_reward:-0.3588889539241791, mean_queue:10.225000381469727
intersection:12, mean_episode_reward:-1.0677776336669922, mean_queue:10.63888931274414
intersection:13, mean_episode_reward:-0.7386108636856079, mean_queue:10.536110877990723
intersection:14, mean_episode_reward:-0.6291669011116028, mean_queue:10.452777862548828
intersection:15, mean_episode_reward:-1.2983334064483643, mean_queue:10.583333015441895
intersection:16, mean_episode_reward:0.04333334043622017, mean_queue:0.7749999761581421
intersection:17, mean_episode_reward:0.12194447219371796, mean_queue:0.7777777910232544
intersection:18, mean_episode_reward:0.08749999105930328, mean_queue:0.7888888716697693
intersection:19, mean_episode_reward:0.1347222477197647, mean_queue:0.8166666626930237
intersection:20, mean_episode_reward:0.27777770161628723, mean_queue:0.7527777552604675
intersection:21, mean_episode_reward:0.14611110091209412, mean_queue:0.8138889074325562
intersection:22, mean_episode_reward:0.08833328634500504, mean_queue:0.7888888716697693
intersection:23, mean_episode_reward:0.018888866528868675, mean_queue:0.7805555462837219
intersection:24, mean_episode_reward:0.17777779698371887, mean_queue:0.7749999761581421
intersection:25, mean_episode_reward:0.1897221952676773, mean_queue:0.7749999761581421
intersection:26, mean_episode_reward:0.11611112207174301, mean_queue:0.75
intersection:27, mean_episode_reward:0.16111111640930176, mean_queue:0.769444465637207
intersection:28, mean_episode_reward:0.157222181558609, mean_queue:0.7833333611488342
intersection:29, mean_episode_reward:0.13833335041999817, mean_queue:0.8333333134651184
intersection:30, mean_episode_reward:0.09888887405395508, mean_queue:0.8722222447395325
intersection:31, mean_episode_reward:0.12861110270023346, mean_queue:0.8083333373069763
Test step:137/200, travel time :202.5598615916955, rewards:-6.144167751736111, queue:5.652604166666666, delay:0.048210122850206164, throughput:1445
step:3600/3600, q_loss:0.6100997924804688, rewards:-6.098611111111111, queue:5.644010416666666, delay:0.04665372106764051, throughput:1443
episode:138/200, real avg travel time:201.63201663201664
intersection:0, mean_episode_reward:-0.8708333373069763, mean_queue:10.394444465637207
intersection:1, mean_episode_reward:-0.4736112952232361, mean_queue:10.411110877990723
intersection:2, mean_episode_reward:-0.3552776873111725, mean_queue:10.658333778381348
intersection:3, mean_episode_reward:-1.1572222709655762, mean_queue:10.074999809265137
intersection:4, mean_episode_reward:-0.6155557632446289, mean_queue:10.872221946716309
intersection:5, mean_episode_reward:0.12555557489395142, mean_queue:10.19444465637207
intersection:6, mean_episode_reward:0.015833325684070587, mean_queue:10.675000190734863
intersection:7, mean_episode_reward:-0.625555694103241, mean_queue:10.222222328186035
intersection:8, mean_episode_reward:-0.39499977231025696, mean_queue:10.633333206176758
intersection:9, mean_episode_reward:-0.026388851925730705, mean_queue:10.408333778381348
intersection:10, mean_episode_reward:0.01555556058883667, mean_queue:10.811111450195312
intersection:11, mean_episode_reward:-0.25333335995674133, mean_queue:10.31944465637207
intersection:12, mean_episode_reward:-1.1522225141525269, mean_queue:10.813888549804688
intersection:13, mean_episode_reward:-0.3983333110809326, mean_queue:10.324999809265137
intersection:14, mean_episode_reward:-0.5402776598930359, mean_queue:10.44444465637207
intersection:15, mean_episode_reward:-1.3400002717971802, mean_queue:10.688888549804688
intersection:16, mean_episode_reward:0.023055559024214745, mean_queue:0.7749999761581421
intersection:17, mean_episode_reward:0.11638892441987991, mean_queue:0.7777777910232544
intersection:18, mean_episode_reward:0.10472223162651062, mean_queue:0.7888888716697693
intersection:19, mean_episode_reward:0.11916670203208923, mean_queue:0.8166666626930237
intersection:20, mean_episode_reward:0.16499987244606018, mean_queue:0.7527777552604675
intersection:21, mean_episode_reward:0.11749996244907379, mean_queue:0.8138889074325562
intersection:22, mean_episode_reward:0.08416665345430374, mean_queue:0.7888888716697693
intersection:23, mean_episode_reward:0.07361110299825668, mean_queue:0.7805555462837219
intersection:24, mean_episode_reward:0.1738889068365097, mean_queue:0.7749999761581421
intersection:25, mean_episode_reward:0.14166666567325592, mean_queue:0.7749999761581421
intersection:26, mean_episode_reward:0.14944444596767426, mean_queue:0.75
intersection:27, mean_episode_reward:0.15194441378116608, mean_queue:0.769444465637207
intersection:28, mean_episode_reward:0.18611109256744385, mean_queue:0.7833333611488342
intersection:29, mean_episode_reward:0.14472222328186035, mean_queue:0.8333333134651184
intersection:30, mean_episode_reward:0.09555552899837494, mean_queue:0.8722222447395325
intersection:31, mean_episode_reward:0.10111112892627716, mean_queue:0.8083333373069763
Test step:138/200, travel time :201.62577962577961, rewards:-6.209445529513889, queue:5.643402777777778, delay:0.04692340426974827, throughput:1443
step:3600/3600, q_loss:0.6140715479850769, rewards:-6.24888916015625, queue:5.665538194444444, delay:0.048004998101128474, throughput:1443
episode:139/200, real avg travel time:204.05682605682605
intersection:0, mean_episode_reward:-1.0069442987442017, mean_queue:10.644444465637207
intersection:1, mean_episode_reward:-0.38250020146369934, mean_queue:10.51388931274414
intersection:2, mean_episode_reward:-0.4452781677246094, mean_queue:10.741666793823242
intersection:3, mean_episode_reward:-1.1100000143051147, mean_queue:9.983333587646484
intersection:4, mean_episode_reward:-0.6127776503562927, mean_queue:10.897222518920898
intersection:5, mean_episode_reward:0.04666668549180031, mean_queue:10.274999618530273
intersection:6, mean_episode_reward:0.11277777701616287, mean_queue:10.719444274902344
intersection:7, mean_episode_reward:-0.5847223401069641, mean_queue:10.344444274902344
intersection:8, mean_episode_reward:-0.6458332538604736, mean_queue:10.649999618530273
intersection:9, mean_episode_reward:0.004166656173765659, mean_queue:10.372221946716309
intersection:10, mean_episode_reward:0.2630554735660553, mean_queue:10.733333587646484
intersection:11, mean_episode_reward:-0.349444717168808, mean_queue:10.458333015441895
intersection:12, mean_episode_reward:-1.0519444942474365, mean_queue:10.699999809265137
intersection:13, mean_episode_reward:-0.5830554962158203, mean_queue:10.497221946716309
intersection:14, mean_episode_reward:-0.5497222542762756, mean_queue:10.405555725097656
intersection:15, mean_episode_reward:-1.35611093044281, mean_queue:10.699999809265137
intersection:16, mean_episode_reward:0.05027776211500168, mean_queue:0.7749999761581421
intersection:17, mean_episode_reward:0.13999998569488525, mean_queue:0.7777777910232544
intersection:18, mean_episode_reward:0.0786111131310463, mean_queue:0.7888888716697693
intersection:19, mean_episode_reward:0.12833337485790253, mean_queue:0.8166666626930237
intersection:20, mean_episode_reward:0.18583323061466217, mean_queue:0.7527777552604675
intersection:21, mean_episode_reward:0.14166668057441711, mean_queue:0.8138889074325562
intersection:22, mean_episode_reward:0.06388888508081436, mean_queue:0.7888888716697693
intersection:23, mean_episode_reward:0.02138887718319893, mean_queue:0.7805555462837219
intersection:24, mean_episode_reward:0.20750001072883606, mean_queue:0.7749999761581421
intersection:25, mean_episode_reward:0.14749997854232788, mean_queue:0.7749999761581421
intersection:26, mean_episode_reward:0.11833333969116211, mean_queue:0.75
intersection:27, mean_episode_reward:0.1477777361869812, mean_queue:0.769444465637207
intersection:28, mean_episode_reward:0.1505555361509323, mean_queue:0.7833333611488342
intersection:29, mean_episode_reward:0.12222225219011307, mean_queue:0.8333333134651184
intersection:30, mean_episode_reward:0.10638885200023651, mean_queue:0.8722222447395325
intersection:31, mean_episode_reward:0.1925000250339508, mean_queue:0.8083333373069763
Test step:139/200, travel time :202.32571032571033, rewards:-6.14888916015625, queue:5.647222222222222, delay:0.04714982774522569, throughput:1443
step:3600/3600, q_loss:0.6169130802154541, rewards:-6.207501220703125, queue:5.651736111111111, delay:0.046923626793755426, throughput:1443
episode:140/200, real avg travel time:202.85932085932086
intersection:0, mean_episode_reward:-0.9477778673171997, mean_queue:10.494444847106934
intersection:1, mean_episode_reward:-0.5025001168251038, mean_queue:10.494444847106934
intersection:2, mean_episode_reward:-0.4627779722213745, mean_queue:10.905555725097656
intersection:3, mean_episode_reward:-1.2922221422195435, mean_queue:10.122221946716309
intersection:4, mean_episode_reward:-0.5905554294586182, mean_queue:10.897222518920898
intersection:5, mean_episode_reward:0.15472222864627838, mean_queue:10.213889122009277
intersection:6, mean_episode_reward:0.2263888418674469, mean_queue:10.691666603088379
intersection:7, mean_episode_reward:-0.5269445776939392, mean_queue:10.191666603088379
intersection:8, mean_episode_reward:-0.43972209095954895, mean_queue:10.583333015441895
intersection:9, mean_episode_reward:0.09555553644895554, mean_queue:10.352777481079102
intersection:10, mean_episode_reward:0.033888913691043854, mean_queue:10.850000381469727
intersection:11, mean_episode_reward:-0.2722221910953522, mean_queue:10.308333396911621
intersection:12, mean_episode_reward:-1.0361114740371704, mean_queue:10.713889122009277
intersection:13, mean_episode_reward:-0.6319444179534912, mean_queue:10.475000381469727
intersection:14, mean_episode_reward:-0.607222318649292, mean_queue:10.355555534362793
intersection:15, mean_episode_reward:-1.3341671228408813, mean_queue:10.54444408416748
intersection:16, mean_episode_reward:0.03083333745598793, mean_queue:0.7749999761581421
intersection:17, mean_episode_reward:0.10472224652767181, mean_queue:0.7777777910232544
intersection:18, mean_episode_reward:0.10249998420476913, mean_queue:0.7888888716697693
intersection:19, mean_episode_reward:0.12666670978069305, mean_queue:0.8166666626930237
intersection:20, mean_episode_reward:0.1975000649690628, mean_queue:0.7527777552604675
intersection:21, mean_episode_reward:0.12999998033046722, mean_queue:0.8138889074325562
intersection:22, mean_episode_reward:0.07249998301267624, mean_queue:0.7888888716697693
intersection:23, mean_episode_reward:0.026388872414827347, mean_queue:0.7805555462837219
intersection:24, mean_episode_reward:0.2088889479637146, mean_queue:0.7749999761581421
intersection:25, mean_episode_reward:0.13138888776302338, mean_queue:0.7749999761581421
intersection:26, mean_episode_reward:0.1136111170053482, mean_queue:0.75
intersection:27, mean_episode_reward:0.143333300948143, mean_queue:0.769444465637207
intersection:28, mean_episode_reward:0.1433333158493042, mean_queue:0.7833333611488342
intersection:29, mean_episode_reward:0.1552777886390686, mean_queue:0.8333333134651184
intersection:30, mean_episode_reward:0.13277775049209595, mean_queue:0.8722222447395325
intersection:31, mean_episode_reward:0.10638889670372009, mean_queue:0.8083333373069763
Test step:140/200, travel time :202.59515570934255, rewards:-6.201942952473958, queue:5.642013888888889, delay:0.047201050652398005, throughput:1445
step:3600/3600, q_loss:0.6156851649284363, rewards:-6.285833740234375, queue:5.664496527777778, delay:0.047854010264078775, throughput:1444
episode:141/200, real avg travel time:203.7880886426593
intersection:0, mean_episode_reward:-1.014444351196289, mean_queue:10.497221946716309
intersection:1, mean_episode_reward:-0.4088887572288513, mean_queue:10.36111068725586
intersection:2, mean_episode_reward:-0.465000182390213, mean_queue:10.927778244018555
intersection:3, mean_episode_reward:-1.2469446659088135, mean_queue:10.19444465637207
intersection:4, mean_episode_reward:-0.6027778387069702, mean_queue:10.994444847106934
intersection:5, mean_episode_reward:0.12861110270023346, mean_queue:10.280555725097656
intersection:6, mean_episode_reward:0.07194450497627258, mean_queue:10.800000190734863
intersection:7, mean_episode_reward:-0.5127778053283691, mean_queue:10.191666603088379
intersection:8, mean_episode_reward:-0.41194456815719604, mean_queue:10.533333778381348
intersection:9, mean_episode_reward:-0.09527776390314102, mean_queue:10.502778053283691
intersection:10, mean_episode_reward:0.04333337023854256, mean_queue:10.727777481079102
intersection:11, mean_episode_reward:-0.24194446206092834, mean_queue:10.280555725097656
intersection:12, mean_episode_reward:-0.9983333945274353, mean_queue:10.641666412353516
intersection:13, mean_episode_reward:-0.7522218227386475, mean_queue:10.577777862548828
intersection:14, mean_episode_reward:-0.5466665625572205, mean_queue:10.425000190734863
intersection:15, mean_episode_reward:-1.3513892889022827, mean_queue:10.666666984558105
intersection:16, mean_episode_reward:0.0347222276031971, mean_queue:0.7749999761581421
intersection:17, mean_episode_reward:0.17250008881092072, mean_queue:0.7777777910232544
intersection:18, mean_episode_reward:0.12111113965511322, mean_queue:0.7888888716697693
intersection:19, mean_episode_reward:0.12277781218290329, mean_queue:0.8166666626930237
intersection:20, mean_episode_reward:0.20000001788139343, mean_queue:0.7527777552604675
intersection:21, mean_episode_reward:0.12472222745418549, mean_queue:0.8138889074325562
intersection:22, mean_episode_reward:0.14222219586372375, mean_queue:0.7888888716697693
intersection:23, mean_episode_reward:0.03833332285284996, mean_queue:0.7805555462837219
intersection:24, mean_episode_reward:0.17472225427627563, mean_queue:0.7749999761581421
intersection:25, mean_episode_reward:0.11944443732500076, mean_queue:0.7749999761581421
intersection:26, mean_episode_reward:0.13388888537883759, mean_queue:0.75
intersection:27, mean_episode_reward:0.16472220420837402, mean_queue:0.769444465637207
intersection:28, mean_episode_reward:0.15111109614372253, mean_queue:0.7833333611488342
intersection:29, mean_episode_reward:0.14722223579883575, mean_queue:0.8333333134651184
intersection:30, mean_episode_reward:0.11972219496965408, mean_queue:0.8722222447395325
intersection:31, mean_episode_reward:0.15166668593883514, mean_queue:0.8083333373069763
Test step:141/200, travel time :203.78932778932779, rewards:-6.132221815321181, queue:5.654774305555556, delay:0.04694665273030599, throughput:1443
step:3600/3600, q_loss:0.6217101812362671, rewards:-6.0688897026909725, queue:5.645138888888889, delay:0.04800918896993001, throughput:1444
episode:142/200, real avg travel time:202.74792243767314
intersection:0, mean_episode_reward:-1.017222285270691, mean_queue:10.54444408416748
intersection:1, mean_episode_reward:-0.290277898311615, mean_queue:10.31944465637207
intersection:2, mean_episode_reward:-0.35111096501350403, mean_queue:10.677778244018555
intersection:3, mean_episode_reward:-1.1552784442901611, mean_queue:10.11111068725586
intersection:4, mean_episode_reward:-0.6594445109367371, mean_queue:10.983333587646484
intersection:5, mean_episode_reward:0.05333331972360611, mean_queue:10.197221755981445
intersection:6, mean_episode_reward:0.08416668325662613, mean_queue:10.730555534362793
intersection:7, mean_episode_reward:-0.6944445371627808, mean_queue:10.316666603088379
intersection:8, mean_episode_reward:-0.4544445872306824, mean_queue:10.597222328186035
intersection:9, mean_episode_reward:-0.004444405902177095, mean_queue:10.411110877990723
intersection:10, mean_episode_reward:-0.062222253531217575, mean_queue:10.716666221618652
intersection:11, mean_episode_reward:-0.08888885378837585, mean_queue:10.16944408416748
intersection:12, mean_episode_reward:-1.0799996852874756, mean_queue:10.777777671813965
intersection:13, mean_episode_reward:-0.573888897895813, mean_queue:10.422222137451172
intersection:14, mean_episode_reward:-0.41638877987861633, mean_queue:10.355555534362793
intersection:15, mean_episode_reward:-1.4516667127609253, mean_queue:10.652777671813965
intersection:16, mean_episode_reward:0.04083333909511566, mean_queue:0.7749999761581421
intersection:17, mean_episode_reward:0.162777841091156, mean_queue:0.7777777910232544
intersection:18, mean_episode_reward:0.10027779638767242, mean_queue:0.7888888716697693
intersection:19, mean_episode_reward:0.1550000011920929, mean_queue:0.8166666626930237
intersection:20, mean_episode_reward:0.1772221177816391, mean_queue:0.7527777552604675
intersection:21, mean_episode_reward:0.11055552959442139, mean_queue:0.8138889074325562
intersection:22, mean_episode_reward:0.10055549442768097, mean_queue:0.7888888716697693
intersection:23, mean_episode_reward:0.0741666629910469, mean_queue:0.7805555462837219
intersection:24, mean_episode_reward:0.18027782440185547, mean_queue:0.7749999761581421
intersection:25, mean_episode_reward:0.1663888394832611, mean_queue:0.7749999761581421
intersection:26, mean_episode_reward:0.15472224354743958, mean_queue:0.75
intersection:27, mean_episode_reward:0.15416665375232697, mean_queue:0.769444465637207
intersection:28, mean_episode_reward:0.18222220242023468, mean_queue:0.7833333611488342
intersection:29, mean_episode_reward:0.1391666829586029, mean_queue:0.8333333134651184
intersection:30, mean_episode_reward:0.10555552691221237, mean_queue:0.8722222447395325
intersection:31, mean_episode_reward:0.08944445848464966, mean_queue:0.8083333373069763
Test step:142/200, travel time :201.90650969529085, rewards:-6.209166802300347, queue:5.642013888888889, delay:0.04659099049038357, throughput:1444
step:3600/3600, q_loss:0.6237689256668091, rewards:-6.11138916015625, queue:5.642100694444444, delay:0.04670003255208333, throughput:1444
episode:143/200, real avg travel time:202.42520775623268
intersection:0, mean_episode_reward:-0.8844446539878845, mean_queue:10.480555534362793
intersection:1, mean_episode_reward:-0.4569445252418518, mean_queue:10.405555725097656
intersection:2, mean_episode_reward:-0.35027772188186646, mean_queue:10.658333778381348
intersection:3, mean_episode_reward:-1.240277647972107, mean_queue:10.074999809265137
intersection:4, mean_episode_reward:-0.5825002789497375, mean_queue:10.941666603088379
intersection:5, mean_episode_reward:0.08111108094453812, mean_queue:10.26111125946045
intersection:6, mean_episode_reward:0.12027781456708908, mean_queue:10.730555534362793
intersection:7, mean_episode_reward:-0.5286113023757935, mean_queue:10.149999618530273
intersection:8, mean_episode_reward:-0.41472193598747253, mean_queue:10.54444408416748
intersection:9, mean_episode_reward:-0.09999998658895493, mean_queue:10.408333778381348
intersection:10, mean_episode_reward:0.11055567115545273, mean_queue:10.641666412353516
intersection:11, mean_episode_reward:-0.17666666209697723, mean_queue:10.272222518920898
intersection:12, mean_episode_reward:-1.0355556011199951, mean_queue:10.652777671813965
intersection:13, mean_episode_reward:-0.7258332967758179, mean_queue:10.56944465637207
intersection:14, mean_episode_reward:-0.5380556583404541, mean_queue:10.338889122009277
intersection:15, mean_episode_reward:-1.4619438648223877, mean_queue:10.755555152893066
intersection:16, mean_episode_reward:0.04638887941837311, mean_queue:0.7749999761581421
intersection:17, mean_episode_reward:0.11805557459592819, mean_queue:0.7777777910232544
intersection:18, mean_episode_reward:0.09611112624406815, mean_queue:0.7888888716697693
intersection:19, mean_episode_reward:0.14500004053115845, mean_queue:0.8166666626930237
intersection:20, mean_episode_reward:0.15555545687675476, mean_queue:0.7527777552604675
intersection:21, mean_episode_reward:0.14194442331790924, mean_queue:0.8138889074325562
intersection:22, mean_episode_reward:0.10999998450279236, mean_queue:0.7888888716697693
intersection:23, mean_episode_reward:0.02027776464819908, mean_queue:0.7805555462837219
intersection:24, mean_episode_reward:0.21027781069278717, mean_queue:0.7749999761581421
intersection:25, mean_episode_reward:0.18250001966953278, mean_queue:0.7749999761581421
intersection:26, mean_episode_reward:0.13805556297302246, mean_queue:0.75
intersection:27, mean_episode_reward:0.17861109972000122, mean_queue:0.769444465637207
intersection:28, mean_episode_reward:0.14666664600372314, mean_queue:0.7833333611488342
intersection:29, mean_episode_reward:0.14888891577720642, mean_queue:0.8333333134651184
intersection:30, mean_episode_reward:0.10583330690860748, mean_queue:0.8722222447395325
intersection:31, mean_episode_reward:0.12833331525325775, mean_queue:0.8083333373069763
Test step:143/200, travel time :203.07969507969509, rewards:-6.276665581597222, queue:5.651041666666667, delay:0.0478931638929579, throughput:1443
step:3600/3600, q_loss:0.6274445056915283, rewards:-6.277777777777778, queue:5.653385416666667, delay:0.046148390240139434, throughput:1444
episode:144/200, real avg travel time:202.80678670360112
intersection:0, mean_episode_reward:-0.95194411277771, mean_queue:10.466666221618652
intersection:1, mean_episode_reward:-0.47694429755210876, mean_queue:10.333333015441895
intersection:2, mean_episode_reward:-0.3569445312023163, mean_queue:10.752778053283691
intersection:3, mean_episode_reward:-1.178610920906067, mean_queue:10.161110877990723
intersection:4, mean_episode_reward:-0.7758336663246155, mean_queue:11.155555725097656
intersection:5, mean_episode_reward:0.10055556893348694, mean_queue:10.277777671813965
intersection:6, mean_episode_reward:0.0855555459856987, mean_queue:10.713889122009277
intersection:7, mean_episode_reward:-0.5836111903190613, mean_queue:10.23888874053955
intersection:8, mean_episode_reward:-0.4222225546836853, mean_queue:10.563888549804688
intersection:9, mean_episode_reward:-0.10333331674337387, mean_queue:10.324999809265137
intersection:10, mean_episode_reward:0.038333337754011154, mean_queue:10.713889122009277
intersection:11, mean_episode_reward:-0.14638888835906982, mean_queue:10.350000381469727
intersection:12, mean_episode_reward:-1.1238887310028076, mean_queue:10.730555534362793
intersection:13, mean_episode_reward:-0.6661112308502197, mean_queue:10.461111068725586
intersection:14, mean_episode_reward:-0.49250003695487976, mean_queue:10.391666412353516
intersection:15, mean_episode_reward:-1.3719444274902344, mean_queue:10.61111068725586
intersection:16, mean_episode_reward:0.04666665568947792, mean_queue:0.7749999761581421
intersection:17, mean_episode_reward:0.16555558145046234, mean_queue:0.7777777910232544
intersection:18, mean_episode_reward:0.1113889142870903, mean_queue:0.7888888716697693
intersection:19, mean_episode_reward:0.14972224831581116, mean_queue:0.8166666626930237
intersection:20, mean_episode_reward:0.20555557310581207, mean_queue:0.7527777552604675
intersection:21, mean_episode_reward:0.129444420337677, mean_queue:0.8138889074325562
intersection:22, mean_episode_reward:0.12222220003604889, mean_queue:0.7888888716697693
intersection:23, mean_episode_reward:0.02138887718319893, mean_queue:0.7805555462837219
intersection:24, mean_episode_reward:0.218333438038826, mean_queue:0.7749999761581421
intersection:25, mean_episode_reward:0.13249997794628143, mean_queue:0.7749999761581421
intersection:26, mean_episode_reward:0.15194447338581085, mean_queue:0.75
intersection:27, mean_episode_reward:0.1663888543844223, mean_queue:0.769444465637207
intersection:28, mean_episode_reward:0.1688888520002365, mean_queue:0.7833333611488342
intersection:29, mean_episode_reward:0.1572222113609314, mean_queue:0.8333333134651184
intersection:30, mean_episode_reward:0.11194442212581635, mean_queue:0.8722222447395325
intersection:31, mean_episode_reward:0.08888889849185944, mean_queue:0.8083333373069763
Test step:144/200, travel time :200.16597510373444, rewards:-6.196387396918403, queue:5.62109375, delay:0.04663072162204319, throughput:1446
step:3600/3600, q_loss:0.6290239691734314, rewards:-6.25500013563368, queue:5.660069444444445, delay:0.04755451414320204, throughput:1444
episode:145/200, real avg travel time:203.72853185595568
intersection:0, mean_episode_reward:-0.9108328819274902, mean_queue:10.48888874053955
intersection:1, mean_episode_reward:-0.37722232937812805, mean_queue:10.36388874053955
intersection:2, mean_episode_reward:-0.3266666531562805, mean_queue:10.752778053283691
intersection:3, mean_episode_reward:-1.3219443559646606, mean_queue:10.26388931274414
intersection:4, mean_episode_reward:-0.7152776122093201, mean_queue:11.041666984558105
intersection:5, mean_episode_reward:0.17250002920627594, mean_queue:10.227777481079102
intersection:6, mean_episode_reward:-0.07750000804662704, mean_queue:10.852777481079102
intersection:7, mean_episode_reward:-0.488611102104187, mean_queue:10.225000381469727
intersection:8, mean_episode_reward:-0.38638895750045776, mean_queue:10.533333778381348
intersection:9, mean_episode_reward:-0.13166669011116028, mean_queue:10.449999809265137
intersection:10, mean_episode_reward:0.11638890206813812, mean_queue:10.688888549804688
intersection:11, mean_episode_reward:-0.18027780950069427, mean_queue:10.266666412353516
intersection:12, mean_episode_reward:-1.2525001764297485, mean_queue:10.88611125946045
intersection:13, mean_episode_reward:-0.4294445514678955, mean_queue:10.436111450195312
intersection:14, mean_episode_reward:-0.5233330726623535, mean_queue:10.411110877990723
intersection:15, mean_episode_reward:-1.3461114168167114, mean_queue:10.572221755981445
intersection:16, mean_episode_reward:0.046111106872558594, mean_queue:0.7749999761581421
intersection:17, mean_episode_reward:0.08861113339662552, mean_queue:0.7777777910232544
intersection:18, mean_episode_reward:0.1272222250699997, mean_queue:0.7888888716697693
intersection:19, mean_episode_reward:0.14777779579162598, mean_queue:0.8166666626930237
intersection:20, mean_episode_reward:0.16861100494861603, mean_queue:0.7527777552604675
intersection:21, mean_episode_reward:0.12611109018325806, mean_queue:0.8138889074325562
intersection:22, mean_episode_reward:0.1269444078207016, mean_queue:0.7888888716697693
intersection:23, mean_episode_reward:0.039444450289011, mean_queue:0.7805555462837219
intersection:24, mean_episode_reward:0.1666666716337204, mean_queue:0.7749999761581421
intersection:25, mean_episode_reward:0.10944444686174393, mean_queue:0.7749999761581421
intersection:26, mean_episode_reward:0.1347222477197647, mean_queue:0.75
intersection:27, mean_episode_reward:0.1552777737379074, mean_queue:0.769444465637207
intersection:28, mean_episode_reward:0.14666664600372314, mean_queue:0.7833333611488342
intersection:29, mean_episode_reward:0.12833334505558014, mean_queue:0.8333333134651184
intersection:30, mean_episode_reward:0.11194442212581635, mean_queue:0.8722222447395325
intersection:31, mean_episode_reward:0.09999998658895493, mean_queue:0.8083333373069763
Test step:145/200, travel time :203.25502425502427, rewards:-6.325556098090278, queue:5.651041666666667, delay:0.04681073824564616, throughput:1443
step:3600/3600, q_loss:0.6337645649909973, rewards:-6.380832926432292, queue:5.673177083333333, delay:0.048540724648369685, throughput:1447
episode:146/200, real avg travel time:204.81755355908777
intersection:0, mean_episode_reward:-0.9913888573646545, mean_queue:10.516666412353516
intersection:1, mean_episode_reward:-0.4638887643814087, mean_queue:10.447221755981445
intersection:2, mean_episode_reward:-0.5147222876548767, mean_queue:10.76111125946045
intersection:3, mean_episode_reward:-1.1033332347869873, mean_queue:10.149999618530273
intersection:4, mean_episode_reward:-0.7283331751823425, mean_queue:10.983333587646484
intersection:5, mean_episode_reward:0.11055555194616318, mean_queue:10.269444465637207
intersection:6, mean_episode_reward:0.09111107885837555, mean_queue:10.79444408416748
intersection:7, mean_episode_reward:-0.6800000071525574, mean_queue:10.26111125946045
intersection:8, mean_episode_reward:-0.4613887369632721, mean_queue:10.61388874053955
intersection:9, mean_episode_reward:0.0488889180123806, mean_queue:10.43055534362793
intersection:10, mean_episode_reward:0.0013888680841773748, mean_queue:10.88888931274414
intersection:11, mean_episode_reward:-0.1752777248620987, mean_queue:10.219444274902344
intersection:12, mean_episode_reward:-1.1836111545562744, mean_queue:10.855555534362793
intersection:13, mean_episode_reward:-0.5919446349143982, mean_queue:10.563888549804688
intersection:14, mean_episode_reward:-0.4213888347148895, mean_queue:10.477777481079102
intersection:15, mean_episode_reward:-1.3502774238586426, mean_queue:10.647222518920898
intersection:16, mean_episode_reward:0.0786110907793045, mean_queue:0.7749999761581421
intersection:17, mean_episode_reward:0.09888886660337448, mean_queue:0.7777777910232544
intersection:18, mean_episode_reward:0.11194442957639694, mean_queue:0.7888888716697693
intersection:19, mean_episode_reward:0.1508333534002304, mean_queue:0.8166666626930237
intersection:20, mean_episode_reward:0.16527768969535828, mean_queue:0.7527777552604675
intersection:21, mean_episode_reward:0.1199999675154686, mean_queue:0.8138889074325562
intersection:22, mean_episode_reward:0.09194441884756088, mean_queue:0.7888888716697693
intersection:23, mean_episode_reward:0.07361110299825668, mean_queue:0.7805555462837219
intersection:24, mean_episode_reward:0.18222227692604065, mean_queue:0.7749999761581421
intersection:25, mean_episode_reward:0.15388886630535126, mean_queue:0.7749999761581421
intersection:26, mean_episode_reward:0.13138888776302338, mean_queue:0.75
intersection:27, mean_episode_reward:0.17166666686534882, mean_queue:0.769444465637207
intersection:28, mean_episode_reward:0.14694443345069885, mean_queue:0.7833333611488342
intersection:29, mean_episode_reward:0.15694443881511688, mean_queue:0.8333333134651184
intersection:30, mean_episode_reward:0.10749997943639755, mean_queue:0.8722222447395325
intersection:31, mean_episode_reward:0.09111110866069794, mean_queue:0.8083333373069763
Test step:146/200, travel time :201.9757785467128, rewards:-6.360834418402778, queue:5.645833333333333, delay:0.046851433648003475, throughput:1445
step:3600/3600, q_loss:0.640720009803772, rewards:-6.282222493489583, queue:5.664756944444444, delay:0.047612910800509986, throughput:1444
episode:147/200, real avg travel time:204.38781163434902
intersection:0, mean_episode_reward:-0.9724994897842407, mean_queue:10.447221755981445
intersection:1, mean_episode_reward:-0.6075000762939453, mean_queue:10.458333015441895
intersection:2, mean_episode_reward:-0.33972248435020447, mean_queue:10.81944465637207
intersection:3, mean_episode_reward:-1.3547221422195435, mean_queue:10.402777671813965
intersection:4, mean_episode_reward:-1.038055658340454, mean_queue:11.241666793823242
intersection:5, mean_episode_reward:0.6252779364585876, mean_queue:10.102777481079102
intersection:6, mean_episode_reward:-0.16749997437000275, mean_queue:10.947221755981445
intersection:7, mean_episode_reward:-0.44361117482185364, mean_queue:10.241666793823242
intersection:8, mean_episode_reward:-0.36916664242744446, mean_queue:10.519444465637207
intersection:9, mean_episode_reward:-0.08583332598209381, mean_queue:10.408333778381348
intersection:10, mean_episode_reward:0.10472223162651062, mean_queue:10.755555152893066
intersection:11, mean_episode_reward:-0.27749985456466675, mean_queue:10.36111068725586
intersection:12, mean_episode_reward:-1.041388988494873, mean_queue:10.644444465637207
intersection:13, mean_episode_reward:-0.6602779626846313, mean_queue:10.461111068725586
intersection:14, mean_episode_reward:-0.30611100792884827, mean_queue:10.222222328186035
intersection:15, mean_episode_reward:-1.356666922569275, mean_queue:10.577777862548828
intersection:16, mean_episode_reward:0.07138887047767639, mean_queue:0.7749999761581421
intersection:17, mean_episode_reward:0.12361109256744385, mean_queue:0.7777777910232544
intersection:18, mean_episode_reward:0.12638890743255615, mean_queue:0.7888888716697693
intersection:19, mean_episode_reward:0.16166669130325317, mean_queue:0.8166666626930237
intersection:20, mean_episode_reward:0.1822221279144287, mean_queue:0.7527777552604675
intersection:21, mean_episode_reward:0.11388886719942093, mean_queue:0.8138889074325562
intersection:22, mean_episode_reward:0.08611109107732773, mean_queue:0.7888888716697693
intersection:23, mean_episode_reward:0.033055540174245834, mean_queue:0.7805555462837219
intersection:24, mean_episode_reward:0.1852778047323227, mean_queue:0.7749999761581421
intersection:25, mean_episode_reward:0.1341666877269745, mean_queue:0.7749999761581421
intersection:26, mean_episode_reward:0.12555557489395142, mean_queue:0.75
intersection:27, mean_episode_reward:0.176111102104187, mean_queue:0.769444465637207
intersection:28, mean_episode_reward:0.154722198843956, mean_queue:0.7833333611488342
intersection:29, mean_episode_reward:0.15944446623325348, mean_queue:0.8333333134651184
intersection:30, mean_episode_reward:0.10833331197500229, mean_queue:0.8722222447395325
intersection:31, mean_episode_reward:0.06638889014720917, mean_queue:0.8083333373069763
Test step:147/200, travel time :202.74220374220374, rewards:-6.272222222222222, queue:5.654253472222222, delay:0.046425851186116536, throughput:1443
step:3600/3600, q_loss:0.6410709619522095, rewards:-6.368611653645833, queue:5.656336805555555, delay:0.04723970625135634, throughput:1444
episode:148/200, real avg travel time:203.07548476454295
intersection:0, mean_episode_reward:-0.9924999475479126, mean_queue:10.48611068725586
intersection:1, mean_episode_reward:-0.401944637298584, mean_queue:10.369444847106934
intersection:2, mean_episode_reward:-0.47472211718559265, mean_queue:10.908333778381348
intersection:3, mean_episode_reward:-1.0533332824707031, mean_queue:10.133333206176758
intersection:4, mean_episode_reward:-0.6688889861106873, mean_queue:10.911110877990723
intersection:5, mean_episode_reward:0.17805565893650055, mean_queue:10.100000381469727
intersection:6, mean_episode_reward:-0.1116667240858078, mean_queue:10.73611068725586
intersection:7, mean_episode_reward:-0.5058332085609436, mean_queue:10.152777671813965
intersection:8, mean_episode_reward:-0.4994446337223053, mean_queue:10.48888874053955
intersection:9, mean_episode_reward:0.00638893898576498, mean_queue:10.449999809265137
intersection:10, mean_episode_reward:0.028611108660697937, mean_queue:10.719444274902344
intersection:11, mean_episode_reward:-0.20916658639907837, mean_queue:10.288888931274414
intersection:12, mean_episode_reward:-1.1724998950958252, mean_queue:10.824999809265137
intersection:13, mean_episode_reward:-0.6136112809181213, mean_queue:10.61111068725586
intersection:14, mean_episode_reward:-0.565277636051178, mean_queue:10.5
intersection:15, mean_episode_reward:-1.3069446086883545, mean_queue:10.661110877990723
intersection:16, mean_episode_reward:0.062499985098838806, mean_queue:0.7749999761581421
intersection:17, mean_episode_reward:0.10666663944721222, mean_queue:0.7777777910232544
intersection:18, mean_episode_reward:0.12694445252418518, mean_queue:0.7888888716697693
intersection:19, mean_episode_reward:0.13166669011116028, mean_queue:0.8166666626930237
intersection:20, mean_episode_reward:0.1802777200937271, mean_queue:0.7527777552604675
intersection:21, mean_episode_reward:0.14944444596767426, mean_queue:0.8138889074325562
intersection:22, mean_episode_reward:0.11333329975605011, mean_queue:0.7888888716697693
intersection:23, mean_episode_reward:0.018888873979449272, mean_queue:0.7805555462837219
intersection:24, mean_episode_reward:0.17250001430511475, mean_queue:0.7749999761581421
intersection:25, mean_episode_reward:0.13500000536441803, mean_queue:0.7749999761581421
intersection:26, mean_episode_reward:0.12583334743976593, mean_queue:0.75
intersection:27, mean_episode_reward:0.17722220718860626, mean_queue:0.769444465637207
intersection:28, mean_episode_reward:0.14972218871116638, mean_queue:0.7833333611488342
intersection:29, mean_episode_reward:0.16500002145767212, mean_queue:0.8333333134651184
intersection:30, mean_episode_reward:0.0969444140791893, mean_queue:0.8722222447395325
intersection:31, mean_episode_reward:0.08222223073244095, mean_queue:0.8083333373069763
Test step:148/200, travel time :201.22399445214978, rewards:-6.1674994574652775, queue:5.642361111111111, delay:0.04700599246554905, throughput:1442
step:3600/3600, q_loss:0.6419124007225037, rewards:-6.516112603081597, queue:5.646961805555556, delay:0.047017309400770396, throughput:1444
episode:149/200, real avg travel time:202.23753462603878
intersection:0, mean_episode_reward:-0.9813889265060425, mean_queue:10.422222137451172
intersection:1, mean_episode_reward:-0.43527793884277344, mean_queue:10.336111068725586
intersection:2, mean_episode_reward:-0.40055546164512634, mean_queue:10.697221755981445
intersection:3, mean_episode_reward:-1.2583333253860474, mean_queue:10.211111068725586
intersection:4, mean_episode_reward:-0.7941671013832092, mean_queue:11.050000190734863
intersection:5, mean_episode_reward:0.11972218751907349, mean_queue:10.116666793823242
intersection:6, mean_episode_reward:0.03416666015982628, mean_queue:10.791666984558105
intersection:7, mean_episode_reward:-0.5622221827507019, mean_queue:10.225000381469727
intersection:8, mean_episode_reward:-0.4627777934074402, mean_queue:10.56944465637207
intersection:9, mean_episode_reward:-0.0005555615061894059, mean_queue:10.316666603088379
intersection:10, mean_episode_reward:0.11833330988883972, mean_queue:10.733333587646484
intersection:11, mean_episode_reward:-0.24333339929580688, mean_queue:10.26111125946045
intersection:12, mean_episode_reward:-1.0286113023757935, mean_queue:10.69444465637207
intersection:13, mean_episode_reward:-0.7627778053283691, mean_queue:10.516666412353516
intersection:14, mean_episode_reward:-0.5580556392669678, mean_queue:10.441666603088379
intersection:15, mean_episode_reward:-1.3930556774139404, mean_queue:10.658333778381348
intersection:16, mean_episode_reward:0.061944425106048584, mean_queue:0.7749999761581421
intersection:17, mean_episode_reward:0.15944446623325348, mean_queue:0.7777777910232544
intersection:18, mean_episode_reward:0.12833334505558014, mean_queue:0.7888888716697693
intersection:19, mean_episode_reward:0.14277780055999756, mean_queue:0.8166666626930237
intersection:20, mean_episode_reward:0.1563887894153595, mean_queue:0.7527777552604675
intersection:21, mean_episode_reward:0.1177777573466301, mean_queue:0.8138889074325562
intersection:22, mean_episode_reward:0.12888886034488678, mean_queue:0.7888888716697693
intersection:23, mean_episode_reward:0.02944442629814148, mean_queue:0.7805555462837219
intersection:24, mean_episode_reward:0.17777779698371887, mean_queue:0.7749999761581421
intersection:25, mean_episode_reward:0.16055552661418915, mean_queue:0.7749999761581421
intersection:26, mean_episode_reward:0.1347222477197647, mean_queue:0.75
intersection:27, mean_episode_reward:0.18833331763744354, mean_queue:0.769444465637207
intersection:28, mean_episode_reward:0.14972220361232758, mean_queue:0.7833333611488342
intersection:29, mean_episode_reward:0.15333333611488342, mean_queue:0.8333333134651184
intersection:30, mean_episode_reward:0.11944440007209778, mean_queue:0.8722222447395325
intersection:31, mean_episode_reward:0.08388890326023102, mean_queue:0.8083333373069763
Test step:149/200, travel time :202.24307479224376, rewards:-6.194999186197917, queue:5.647482638888889, delay:0.04682874149746365, throughput:1444
step:3600/3600, q_loss:0.6471026539802551, rewards:-6.411943901909722, queue:5.654340277777778, delay:0.04667051103379991, throughput:1446
episode:150/200, real avg travel time:203.10995850622407
intersection:0, mean_episode_reward:-0.9450002908706665, mean_queue:10.43055534362793
intersection:1, mean_episode_reward:-0.48611098527908325, mean_queue:10.324999809265137
intersection:2, mean_episode_reward:-0.43194451928138733, mean_queue:10.813888549804688
intersection:3, mean_episode_reward:-1.1499993801116943, mean_queue:10.23888874053955
intersection:4, mean_episode_reward:-0.7730551958084106, mean_queue:11.058333396911621
intersection:5, mean_episode_reward:0.3488888740539551, mean_queue:10.11388874053955
intersection:6, mean_episode_reward:0.14027780294418335, mean_queue:10.73611068725586
intersection:7, mean_episode_reward:-0.6694443821907043, mean_queue:10.274999618530273
intersection:8, mean_episode_reward:-0.7427777051925659, mean_queue:10.661110877990723
intersection:9, mean_episode_reward:-0.19277772307395935, mean_queue:10.561111450195312
intersection:10, mean_episode_reward:0.2405555099248886, mean_queue:10.661110877990723
intersection:11, mean_episode_reward:-0.26666659116744995, mean_queue:10.311111450195312
intersection:12, mean_episode_reward:-1.0394443273544312, mean_queue:10.63611125946045
intersection:13, mean_episode_reward:-0.535000205039978, mean_queue:10.547222137451172
intersection:14, mean_episode_reward:-0.6230552792549133, mean_queue:10.447221755981445
intersection:15, mean_episode_reward:-1.2616667747497559, mean_queue:10.461111068725586
intersection:16, mean_episode_reward:0.05583331733942032, mean_queue:0.7749999761581421
intersection:17, mean_episode_reward:0.11111113429069519, mean_queue:0.7777777910232544
intersection:18, mean_episode_reward:0.14972226321697235, mean_queue:0.7888888716697693
intersection:19, mean_episode_reward:0.14972226321697235, mean_queue:0.8166666626930237
intersection:20, mean_episode_reward:0.19777780771255493, mean_queue:0.7527777552604675
intersection:21, mean_episode_reward:0.12138888239860535, mean_queue:0.8138889074325562
intersection:22, mean_episode_reward:0.06333331763744354, mean_queue:0.7888888716697693
intersection:23, mean_episode_reward:0.024722201749682426, mean_queue:0.7805555462837219
intersection:24, mean_episode_reward:0.21638895571231842, mean_queue:0.7749999761581421
intersection:25, mean_episode_reward:0.12833333015441895, mean_queue:0.7749999761581421
intersection:26, mean_episode_reward:0.10944444686174393, mean_queue:0.75
intersection:27, mean_episode_reward:0.1572222113609314, mean_queue:0.769444465637207
intersection:28, mean_episode_reward:0.17305554449558258, mean_queue:0.7833333611488342
intersection:29, mean_episode_reward:0.1527777910232544, mean_queue:0.8333333134651184
intersection:30, mean_episode_reward:0.09611108899116516, mean_queue:0.8722222447395325
intersection:31, mean_episode_reward:0.06833333522081375, mean_queue:0.8083333373069763
Test step:150/200, travel time :200.51487889273358, rewards:-6.1413892957899305, queue:5.631510416666667, delay:0.04614139133029514, throughput:1445
step:3600/3600, q_loss:0.6482576131820679, rewards:-6.149167209201389, queue:5.655555555555556, delay:0.04673073026869032, throughput:1446
episode:151/200, real avg travel time:202.58298755186723
intersection:0, mean_episode_reward:-1.0233334302902222, mean_queue:10.533333778381348
intersection:1, mean_episode_reward:-0.4405556619167328, mean_queue:10.369444847106934
intersection:2, mean_episode_reward:-0.5324999690055847, mean_queue:10.80555534362793
intersection:3, mean_episode_reward:-1.1063883304595947, mean_queue:10.155555725097656
intersection:4, mean_episode_reward:-0.6894443035125732, mean_queue:10.83055591583252
intersection:5, mean_episode_reward:0.29277774691581726, mean_queue:10.166666984558105
intersection:6, mean_episode_reward:0.18111103773117065, mean_queue:10.70555591583252
intersection:7, mean_episode_reward:-0.5147222876548767, mean_queue:10.152777671813965
intersection:8, mean_episode_reward:-0.5694442987442017, mean_queue:10.558333396911621
intersection:9, mean_episode_reward:-0.2513887584209442, mean_queue:10.675000190734863
intersection:10, mean_episode_reward:0.05416666716337204, mean_queue:10.752778053283691
intersection:11, mean_episode_reward:-0.4908333122730255, mean_queue:10.48888874053955
intersection:12, mean_episode_reward:-1.1516669988632202, mean_queue:10.711111068725586
intersection:13, mean_episode_reward:-0.4483334422111511, mean_queue:10.48611068725586
intersection:14, mean_episode_reward:-0.4624999463558197, mean_queue:10.427778244018555
intersection:15, mean_episode_reward:-1.1205559968948364, mean_queue:10.497221946716309
intersection:16, mean_episode_reward:0.04388889670372009, mean_queue:0.7749999761581421
intersection:17, mean_episode_reward:0.11055557429790497, mean_queue:0.7777777910232544
intersection:18, mean_episode_reward:0.19249990582466125, mean_queue:0.7888888716697693
intersection:19, mean_episode_reward:0.18472224473953247, mean_queue:0.8166666626930237
intersection:20, mean_episode_reward:0.21527771651744843, mean_queue:0.7527777552604675
intersection:21, mean_episode_reward:0.16611109673976898, mean_queue:0.8138889074325562
intersection:22, mean_episode_reward:0.08861108869314194, mean_queue:0.7888888716697693
intersection:23, mean_episode_reward:0.061666667461395264, mean_queue:0.7805555462837219
intersection:24, mean_episode_reward:0.17777779698371887, mean_queue:0.7749999761581421
intersection:25, mean_episode_reward:0.1291666328907013, mean_queue:0.7749999761581421
intersection:26, mean_episode_reward:0.11750002205371857, mean_queue:0.75
intersection:27, mean_episode_reward:0.15416663885116577, mean_queue:0.769444465637207
intersection:28, mean_episode_reward:0.17416664958000183, mean_queue:0.7833333611488342
intersection:29, mean_episode_reward:0.13500000536441803, mean_queue:0.8333333134651184
intersection:30, mean_episode_reward:0.10499996691942215, mean_queue:0.8722222447395325
intersection:31, mean_episode_reward:0.06833333522081375, mean_queue:0.8083333373069763
Test step:151/200, travel time :200.90883977900552, rewards:-6.0922227647569445, queue:5.632291666666666, delay:0.046154027514987525, throughput:1448
step:3600/3600, q_loss:0.6515783667564392, rewards:-6.198610432942709, queue:5.666927083333333, delay:0.04790417353312174, throughput:1445
episode:152/200, real avg travel time:203.34532871972317
intersection:0, mean_episode_reward:-1.0019444227218628, mean_queue:10.519444465637207
intersection:1, mean_episode_reward:-0.4777776598930359, mean_queue:10.466666221618652
intersection:2, mean_episode_reward:-0.4727775454521179, mean_queue:10.79444408416748
intersection:3, mean_episode_reward:-1.1297221183776855, mean_queue:10.18055534362793
intersection:4, mean_episode_reward:-0.8758330345153809, mean_queue:11.027777671813965
intersection:5, mean_episode_reward:0.10749992728233337, mean_queue:10.338889122009277
intersection:6, mean_episode_reward:0.1711111217737198, mean_queue:10.802778244018555
intersection:7, mean_episode_reward:-0.4277779459953308, mean_queue:10.274999618530273
intersection:8, mean_episode_reward:-0.5436109304428101, mean_queue:10.55555534362793
intersection:9, mean_episode_reward:0.032500009983778, mean_queue:10.416666984558105
intersection:10, mean_episode_reward:0.0949999988079071, mean_queue:10.716666221618652
intersection:11, mean_episode_reward:-0.5497221946716309, mean_queue:10.536110877990723
intersection:12, mean_episode_reward:-1.0688894987106323, mean_queue:10.619444847106934
intersection:13, mean_episode_reward:-0.512222170829773, mean_queue:10.502778053283691
intersection:14, mean_episode_reward:-0.49166661500930786, mean_queue:10.422222137451172
intersection:15, mean_episode_reward:-1.160555362701416, mean_queue:10.505555152893066
intersection:16, mean_episode_reward:0.047222234308719635, mean_queue:0.7749999761581421
intersection:17, mean_episode_reward:0.12000001221895218, mean_queue:0.7777777910232544
intersection:18, mean_episode_reward:0.1486111581325531, mean_queue:0.7888888716697693
intersection:19, mean_episode_reward:0.157777801156044, mean_queue:0.8166666626930237
intersection:20, mean_episode_reward:0.17166656255722046, mean_queue:0.7527777552604675
intersection:21, mean_episode_reward:0.17694446444511414, mean_queue:0.8138889074325562
intersection:22, mean_episode_reward:0.09305551648139954, mean_queue:0.7888888716697693
intersection:23, mean_episode_reward:0.03583332523703575, mean_queue:0.7805555462837219
intersection:24, mean_episode_reward:0.20750001072883606, mean_queue:0.7749999761581421
intersection:25, mean_episode_reward:0.14499996602535248, mean_queue:0.7749999761581421
intersection:26, mean_episode_reward:0.12722226977348328, mean_queue:0.75
intersection:27, mean_episode_reward:0.16555555164813995, mean_queue:0.769444465637207
intersection:28, mean_episode_reward:0.14722220599651337, mean_queue:0.7833333611488342
intersection:29, mean_episode_reward:0.17055557668209076, mean_queue:0.8333333134651184
intersection:30, mean_episode_reward:0.10944442451000214, mean_queue:0.8722222447395325
intersection:31, mean_episode_reward:0.08416666835546494, mean_queue:0.8083333373069763
Test step:152/200, travel time :199.60484429065744, rewards:-6.018332248263889, queue:5.626736111111111, delay:0.04579875734117296, throughput:1445
step:3600/3600, q_loss:0.6462767720222473, rewards:-6.182500542534722, queue:5.645746527777778, delay:0.046959537929958765, throughput:1444
episode:153/200, real avg travel time:201.71537396121883
intersection:0, mean_episode_reward:-0.9938890337944031, mean_queue:10.566666603088379
intersection:1, mean_episode_reward:-0.39194440841674805, mean_queue:10.380555152893066
intersection:2, mean_episode_reward:-0.6119445562362671, mean_queue:10.822221755981445
intersection:3, mean_episode_reward:-1.053611159324646, mean_queue:10.077777862548828
intersection:4, mean_episode_reward:-0.760555624961853, mean_queue:10.963889122009277
intersection:5, mean_episode_reward:0.24388885498046875, mean_queue:10.116666793823242
intersection:6, mean_episode_reward:0.26527783274650574, mean_queue:10.663888931274414
intersection:7, mean_episode_reward:-0.6044444441795349, mean_queue:10.175000190734863
intersection:8, mean_episode_reward:-0.38277795910835266, mean_queue:10.519444465637207
intersection:9, mean_episode_reward:0.0019444944337010384, mean_queue:10.461111068725586
intersection:10, mean_episode_reward:0.01722223125398159, mean_queue:10.747221946716309
intersection:11, mean_episode_reward:-0.332777738571167, mean_queue:10.336111068725586
intersection:12, mean_episode_reward:-1.1244442462921143, mean_queue:10.719444274902344
intersection:13, mean_episode_reward:-0.7399998903274536, mean_queue:10.627778053283691
intersection:14, mean_episode_reward:-0.4458334147930145, mean_queue:10.300000190734863
intersection:15, mean_episode_reward:-1.2941668033599854, mean_queue:10.524999618530273
intersection:16, mean_episode_reward:0.07499997317790985, mean_queue:0.7749999761581421
intersection:17, mean_episode_reward:0.10722222924232483, mean_queue:0.7777777910232544
intersection:18, mean_episode_reward:0.1552777737379074, mean_queue:0.7888888716697693
intersection:19, mean_episode_reward:0.15638890862464905, mean_queue:0.8166666626930237
intersection:20, mean_episode_reward:0.17916658520698547, mean_queue:0.7527777552604675
intersection:21, mean_episode_reward:0.13999997079372406, mean_queue:0.8138889074325562
intersection:22, mean_episode_reward:0.07277775555849075, mean_queue:0.7888888716697693
intersection:23, mean_episode_reward:0.012777757830917835, mean_queue:0.7805555462837219
intersection:24, mean_episode_reward:0.20833340287208557, mean_queue:0.7749999761581421
intersection:25, mean_episode_reward:0.15861107409000397, mean_queue:0.7749999761581421
intersection:26, mean_episode_reward:0.1133333295583725, mean_queue:0.75
intersection:27, mean_episode_reward:0.15444444119930267, mean_queue:0.769444465637207
intersection:28, mean_episode_reward:0.14861108362674713, mean_queue:0.7833333611488342
intersection:29, mean_episode_reward:0.15555556118488312, mean_queue:0.8333333134651184
intersection:30, mean_episode_reward:0.10111109167337418, mean_queue:0.8722222447395325
intersection:31, mean_episode_reward:0.08694444596767426, mean_queue:0.8083333373069763
Test step:153/200, travel time :202.56193771626297, rewards:-6.236665852864584, queue:5.651215277777778, delay:0.04760359658135308, throughput:1445
step:3600/3600, q_loss:0.6460119485855103, rewards:-6.172499593098959, queue:5.636111111111111, delay:0.04667718145582411, throughput:1444
episode:154/200, real avg travel time:200.5062326869806
intersection:0, mean_episode_reward:-1.105833649635315, mean_queue:10.633333206176758
intersection:1, mean_episode_reward:-0.3500000834465027, mean_queue:10.327777862548828
intersection:2, mean_episode_reward:-0.4380553662776947, mean_queue:10.76111125946045
intersection:3, mean_episode_reward:-1.184166431427002, mean_queue:10.16944408416748
intersection:4, mean_episode_reward:-0.7163887619972229, mean_queue:10.93055534362793
intersection:5, mean_episode_reward:0.15333332121372223, mean_queue:10.172222137451172
intersection:6, mean_episode_reward:-0.0422222726047039, mean_queue:10.755555152893066
intersection:7, mean_episode_reward:-0.4469444751739502, mean_queue:10.211111068725586
intersection:8, mean_episode_reward:-0.3116667568683624, mean_queue:10.413888931274414
intersection:9, mean_episode_reward:-0.2288888692855835, mean_queue:10.377778053283691
intersection:10, mean_episode_reward:0.1711110770702362, mean_queue:10.677778244018555
intersection:11, mean_episode_reward:-0.446388840675354, mean_queue:10.449999809265137
intersection:12, mean_episode_reward:-1.1441665887832642, mean_queue:10.688888549804688
intersection:13, mean_episode_reward:-0.45611101388931274, mean_queue:10.375
intersection:14, mean_episode_reward:-0.42166662216186523, mean_queue:10.302778244018555
intersection:15, mean_episode_reward:-1.1949998140335083, mean_queue:10.447221755981445
intersection:16, mean_episode_reward:0.07916664332151413, mean_queue:0.7749999761581421
intersection:17, mean_episode_reward:0.10777780413627625, mean_queue:0.7777777910232544
intersection:18, mean_episode_reward:0.09861107915639877, mean_queue:0.7888888716697693
intersection:19, mean_episode_reward:0.15500004589557648, mean_queue:0.8166666626930237
intersection:20, mean_episode_reward:0.16916659474372864, mean_queue:0.7527777552604675
intersection:21, mean_episode_reward:0.15333332121372223, mean_queue:0.8138889074325562
intersection:22, mean_episode_reward:0.06138887256383896, mean_queue:0.7888888716697693
intersection:23, mean_episode_reward:0.0741666629910469, mean_queue:0.7805555462837219
intersection:24, mean_episode_reward:0.18222227692604065, mean_queue:0.7749999761581421
intersection:25, mean_episode_reward:0.10555557906627655, mean_queue:0.7749999761581421
intersection:26, mean_episode_reward:0.12194445729255676, mean_queue:0.75
intersection:27, mean_episode_reward:0.15611112117767334, mean_queue:0.769444465637207
intersection:28, mean_episode_reward:0.14194442331790924, mean_queue:0.7833333611488342
intersection:29, mean_episode_reward:0.155277818441391, mean_queue:0.8333333134651184
intersection:30, mean_episode_reward:0.11861108988523483, mean_queue:0.8722222447395325
intersection:31, mean_episode_reward:0.11027777940034866, mean_queue:0.8083333373069763
Test step:154/200, travel time :202.01106500691563, rewards:-6.166943359375, queue:5.64765625, delay:0.04694479836357964, throughput:1446
step:3600/3600, q_loss:0.6459810733795166, rewards:-6.199723307291666, queue:5.647569444444445, delay:0.04660124778747558, throughput:1446
episode:155/200, real avg travel time:202.2524204702628
intersection:0, mean_episode_reward:-0.9397225379943848, mean_queue:10.477777481079102
intersection:1, mean_episode_reward:-0.43999984860420227, mean_queue:10.26388931274414
intersection:2, mean_episode_reward:-0.4191663861274719, mean_queue:10.730555534362793
intersection:3, mean_episode_reward:-1.3033332824707031, mean_queue:10.244444847106934
intersection:4, mean_episode_reward:-0.8308334350585938, mean_queue:11.13888931274414
intersection:5, mean_episode_reward:0.1669444590806961, mean_queue:10.230555534362793
intersection:6, mean_episode_reward:0.16138893365859985, mean_queue:10.688888549804688
intersection:7, mean_episode_reward:-0.5519445538520813, mean_queue:10.213889122009277
intersection:8, mean_episode_reward:-0.3938891887664795, mean_queue:10.458333015441895
intersection:9, mean_episode_reward:-0.21833325922489166, mean_queue:10.51111125946045
intersection:10, mean_episode_reward:0.027499988675117493, mean_queue:10.766666412353516
intersection:11, mean_episode_reward:-0.2316666692495346, mean_queue:10.286110877990723
intersection:12, mean_episode_reward:-1.215556025505066, mean_queue:10.76388931274414
intersection:13, mean_episode_reward:-0.5216665267944336, mean_queue:10.483333587646484
intersection:14, mean_episode_reward:-0.5030556321144104, mean_queue:10.377778053283691
intersection:15, mean_episode_reward:-1.137222409248352, mean_queue:10.425000190734863
intersection:16, mean_episode_reward:0.09055553376674652, mean_queue:0.7749999761581421
intersection:17, mean_episode_reward:0.169166699051857, mean_queue:0.7777777910232544
intersection:18, mean_episode_reward:0.1061110571026802, mean_queue:0.7888888716697693
intersection:19, mean_episode_reward:0.18638890981674194, mean_queue:0.8166666626930237
intersection:20, mean_episode_reward:0.16249991953372955, mean_queue:0.7527777552604675
intersection:21, mean_episode_reward:0.1341666579246521, mean_queue:0.8138889074325562
intersection:22, mean_episode_reward:0.0713888630270958, mean_queue:0.7888888716697693
intersection:23, mean_episode_reward:0.0741666629910469, mean_queue:0.7805555462837219
intersection:24, mean_episode_reward:0.1833333969116211, mean_queue:0.7749999761581421
intersection:25, mean_episode_reward:0.14499996602535248, mean_queue:0.7749999761581421
intersection:26, mean_episode_reward:0.13166670501232147, mean_queue:0.75
intersection:27, mean_episode_reward:0.13666661083698273, mean_queue:0.769444465637207
intersection:28, mean_episode_reward:0.16055551171302795, mean_queue:0.7833333611488342
intersection:29, mean_episode_reward:0.1922222524881363, mean_queue:0.8333333134651184
intersection:30, mean_episode_reward:0.1130555123090744, mean_queue:0.8722222447395325
intersection:31, mean_episode_reward:0.09388888627290726, mean_queue:0.8083333373069763
Test step:155/200, travel time :201.7833910034602, rewards:-6.226390245225694, queue:5.645399305555555, delay:0.04683844248453776, throughput:1445
step:3600/3600, q_loss:0.6420632004737854, rewards:-6.217500813802084, queue:5.636892361111111, delay:0.04675326877170139, throughput:1445
episode:156/200, real avg travel time:201.5833910034602
intersection:0, mean_episode_reward:-1.0575002431869507, mean_queue:10.619444847106934
intersection:1, mean_episode_reward:-0.5097222924232483, mean_queue:10.397222518920898
intersection:2, mean_episode_reward:-0.26083341240882874, mean_queue:10.666666984558105
intersection:3, mean_episode_reward:-1.1597228050231934, mean_queue:10.144444465637207
intersection:4, mean_episode_reward:-0.6769446134567261, mean_queue:10.88888931274414
intersection:5, mean_episode_reward:0.15611118078231812, mean_queue:10.119444847106934
intersection:6, mean_episode_reward:0.1755555421113968, mean_queue:10.583333015441895
intersection:7, mean_episode_reward:-0.7163887619972229, mean_queue:10.286110877990723
intersection:8, mean_episode_reward:-0.2161111682653427, mean_queue:10.377778053283691
intersection:9, mean_episode_reward:-0.2711111605167389, mean_queue:10.491666793823242
intersection:10, mean_episode_reward:-0.018333330750465393, mean_queue:10.702777862548828
intersection:11, mean_episode_reward:-0.3105555772781372, mean_queue:10.347222328186035
intersection:12, mean_episode_reward:-1.130555272102356, mean_queue:10.652777671813965
intersection:13, mean_episode_reward:-0.4980557858943939, mean_queue:10.522222518920898
intersection:14, mean_episode_reward:-0.4688888192176819, mean_queue:10.350000381469727
intersection:15, mean_episode_reward:-1.3274996280670166, mean_queue:10.56944465637207
intersection:16, mean_episode_reward:0.10222219675779343, mean_queue:0.7749999761581421
intersection:17, mean_episode_reward:0.11333335191011429, mean_queue:0.7777777910232544
intersection:18, mean_episode_reward:0.11000000685453415, mean_queue:0.7888888716697693
intersection:19, mean_episode_reward:0.1688889116048813, mean_queue:0.8166666626930237
intersection:20, mean_episode_reward:0.16194435954093933, mean_queue:0.7527777552604675
intersection:21, mean_episode_reward:0.15138888359069824, mean_queue:0.8138889074325562
intersection:22, mean_episode_reward:0.07222220301628113, mean_queue:0.7888888716697693
intersection:23, mean_episode_reward:0.028888873755931854, mean_queue:0.7805555462837219
intersection:24, mean_episode_reward:0.17777779698371887, mean_queue:0.7749999761581421
intersection:25, mean_episode_reward:0.13305552303791046, mean_queue:0.7749999761581421
intersection:26, mean_episode_reward:0.15833337604999542, mean_queue:0.75
intersection:27, mean_episode_reward:0.16027776896953583, mean_queue:0.769444465637207
intersection:28, mean_episode_reward:0.1597221940755844, mean_queue:0.7833333611488342
intersection:29, mean_episode_reward:0.1897222250699997, mean_queue:0.8333333134651184
intersection:30, mean_episode_reward:0.0969444140791893, mean_queue:0.8722222447395325
intersection:31, mean_episode_reward:0.08833333849906921, mean_queue:0.8083333373069763
Test step:156/200, travel time :201.68439226519337, rewards:-6.2716661241319445, queue:5.644270833333334, delay:0.0469575564066569, throughput:1448
step:3600/3600, q_loss:0.6398993730545044, rewards:-6.191387939453125, queue:5.649913194444444, delay:0.046450106302897136, throughput:1446
episode:157/200, real avg travel time:202.00691562932226
intersection:0, mean_episode_reward:-1.0322223901748657, mean_queue:10.58055591583252
intersection:1, mean_episode_reward:-0.5872222185134888, mean_queue:10.38888931274414
intersection:2, mean_episode_reward:-0.40666651725769043, mean_queue:10.800000190734863
intersection:3, mean_episode_reward:-1.2805554866790771, mean_queue:10.241666793823242
intersection:4, mean_episode_reward:-0.6080553531646729, mean_queue:10.958333015441895
intersection:5, mean_episode_reward:0.10555557906627655, mean_queue:10.177778244018555
intersection:6, mean_episode_reward:0.29444456100463867, mean_queue:10.550000190734863
intersection:7, mean_episode_reward:-0.5730555057525635, mean_queue:10.186111450195312
intersection:8, mean_episode_reward:-0.2783333361148834, mean_queue:10.463889122009277
intersection:9, mean_episode_reward:-0.11694443970918655, mean_queue:10.358333587646484
intersection:10, mean_episode_reward:-0.021944483742117882, mean_queue:10.772222518920898
intersection:11, mean_episode_reward:-0.35083335638046265, mean_queue:10.452777862548828
intersection:12, mean_episode_reward:-1.1547222137451172, mean_queue:10.713889122009277
intersection:13, mean_episode_reward:-0.6499999165534973, mean_queue:10.597222328186035
intersection:14, mean_episode_reward:-0.33722221851348877, mean_queue:10.316666603088379
intersection:15, mean_episode_reward:-1.2799994945526123, mean_queue:10.577777862548828
intersection:16, mean_episode_reward:0.07888887077569962, mean_queue:0.7749999761581421
intersection:17, mean_episode_reward:0.17027783393859863, mean_queue:0.7777777910232544
intersection:18, mean_episode_reward:0.10666664689779282, mean_queue:0.7888888716697693
intersection:19, mean_episode_reward:0.1644444614648819, mean_queue:0.8166666626930237
intersection:20, mean_episode_reward:0.22166664898395538, mean_queue:0.7527777552604675
intersection:21, mean_episode_reward:0.17194442451000214, mean_queue:0.8138889074325562
intersection:22, mean_episode_reward:0.07888887077569962, mean_queue:0.7888888716697693
intersection:23, mean_episode_reward:0.02944442629814148, mean_queue:0.7805555462837219
intersection:24, mean_episode_reward:0.1808333694934845, mean_queue:0.7749999761581421
intersection:25, mean_episode_reward:0.1161111444234848, mean_queue:0.7749999761581421
intersection:26, mean_episode_reward:0.11777779459953308, mean_queue:0.75
intersection:27, mean_episode_reward:0.15916664898395538, mean_queue:0.769444465637207
intersection:28, mean_episode_reward:0.1641666740179062, mean_queue:0.7833333611488342
intersection:29, mean_episode_reward:0.1341666877269745, mean_queue:0.8333333134651184
intersection:30, mean_episode_reward:0.10138887912034988, mean_queue:0.8722222447395325
intersection:31, mean_episode_reward:0.0905555710196495, mean_queue:0.8083333373069763
Test step:157/200, travel time :202.58961937716262, rewards:-6.2266655815972225, queue:5.65703125, delay:0.04740598996480306, throughput:1445
step:3600/3600, q_loss:0.6386542320251465, rewards:-6.158055962456597, queue:5.636805555555555, delay:0.04759980307685004, throughput:1442
episode:158/200, real avg travel time:201.38349514563106
intersection:0, mean_episode_reward:-0.9730557203292847, mean_queue:10.547222137451172
intersection:1, mean_episode_reward:-0.5974999070167542, mean_queue:10.283333778381348
intersection:2, mean_episode_reward:-0.40055543184280396, mean_queue:10.725000381469727
intersection:3, mean_episode_reward:-1.2027775049209595, mean_queue:10.149999618530273
intersection:4, mean_episode_reward:-0.4561111032962799, mean_queue:10.727777481079102
intersection:5, mean_episode_reward:0.09138889610767365, mean_queue:10.038888931274414
intersection:6, mean_episode_reward:0.10194441676139832, mean_queue:10.655555725097656
intersection:7, mean_episode_reward:-0.6233333349227905, mean_queue:10.19444465637207
intersection:8, mean_episode_reward:-0.48916664719581604, mean_queue:10.497221946716309
intersection:9, mean_episode_reward:-0.09333334118127823, mean_queue:10.497221946716309
intersection:10, mean_episode_reward:0.1277777999639511, mean_queue:10.702777862548828
intersection:11, mean_episode_reward:-0.29472222924232483, mean_queue:10.297222137451172
intersection:12, mean_episode_reward:-1.1325002908706665, mean_queue:10.708333015441895
intersection:13, mean_episode_reward:-0.5611112117767334, mean_queue:10.55555534362793
intersection:14, mean_episode_reward:-0.5941669940948486, mean_queue:10.552778244018555
intersection:15, mean_episode_reward:-1.0691667795181274, mean_queue:10.583333015441895
intersection:16, mean_episode_reward:0.08111109584569931, mean_queue:0.7749999761581421
intersection:17, mean_episode_reward:0.10222224146127701, mean_queue:0.7777777910232544
intersection:18, mean_episode_reward:0.11000000685453415, mean_queue:0.7888888716697693
intersection:19, mean_episode_reward:0.14888891577720642, mean_queue:0.8166666626930237
intersection:20, mean_episode_reward:0.20194445550441742, mean_queue:0.7527777552604675
intersection:21, mean_episode_reward:0.14472222328186035, mean_queue:0.8138889074325562
intersection:22, mean_episode_reward:0.0738888680934906, mean_queue:0.7888888716697693
intersection:23, mean_episode_reward:0.046666670590639114, mean_queue:0.7805555462837219
intersection:24, mean_episode_reward:0.17000001668930054, mean_queue:0.7749999761581421
intersection:25, mean_episode_reward:0.15388883650302887, mean_queue:0.7749999761581421
intersection:26, mean_episode_reward:0.1183333471417427, mean_queue:0.75
intersection:27, mean_episode_reward:0.15138888359069824, mean_queue:0.769444465637207
intersection:28, mean_episode_reward:0.15583333373069763, mean_queue:0.7833333611488342
intersection:29, mean_episode_reward:0.1780555695295334, mean_queue:0.8333333134651184
intersection:30, mean_episode_reward:0.09722219407558441, mean_queue:0.8722222447395325
intersection:31, mean_episode_reward:0.0741666704416275, mean_queue:0.8083333373069763
Test step:158/200, travel time :202.77739251040222, rewards:-6.272222900390625, queue:5.65078125, delay:0.04703487820095486, throughput:1442
step:3600/3600, q_loss:0.6308797001838684, rewards:-6.20916748046875, queue:5.669357638888889, delay:0.04715613259209527, throughput:1446
episode:159/200, real avg travel time:204.28907330567083
intersection:0, mean_episode_reward:-0.9513895511627197, mean_queue:10.600000381469727
intersection:1, mean_episode_reward:-0.5477776527404785, mean_queue:10.408333778381348
intersection:2, mean_episode_reward:-0.27916669845581055, mean_queue:10.727777481079102
intersection:3, mean_episode_reward:-1.3313887119293213, mean_queue:10.25
intersection:4, mean_episode_reward:-0.8674998879432678, mean_queue:11.152777671813965
intersection:5, mean_episode_reward:0.14694443345069885, mean_queue:10.225000381469727
intersection:6, mean_episode_reward:-0.005555506329983473, mean_queue:10.786110877990723
intersection:7, mean_episode_reward:-0.5200000405311584, mean_queue:10.172222137451172
intersection:8, mean_episode_reward:-0.4688888490200043, mean_queue:10.54444408416748
intersection:9, mean_episode_reward:-0.10166670382022858, mean_queue:10.416666984558105
intersection:10, mean_episode_reward:-0.26194438338279724, mean_queue:11.102777481079102
intersection:11, mean_episode_reward:-0.3488888740539551, mean_queue:10.291666984558105
intersection:12, mean_episode_reward:-0.914167046546936, mean_queue:10.558333396911621
intersection:13, mean_episode_reward:-0.5547221899032593, mean_queue:10.536110877990723
intersection:14, mean_episode_reward:-0.2647221088409424, mean_queue:10.538888931274414
intersection:15, mean_episode_reward:-1.1472222805023193, mean_queue:10.447221755981445
intersection:16, mean_episode_reward:0.09055553376674652, mean_queue:0.7749999761581421
intersection:17, mean_episode_reward:0.13611111044883728, mean_queue:0.7777777910232544
intersection:18, mean_episode_reward:0.12583334743976593, mean_queue:0.7888888716697693
intersection:19, mean_episode_reward:0.164166659116745, mean_queue:0.8166666626930237
intersection:20, mean_episode_reward:0.20472219586372375, mean_queue:0.7527777552604675
intersection:21, mean_episode_reward:0.15861108899116516, mean_queue:0.8138889074325562
intersection:22, mean_episode_reward:0.07333330810070038, mean_queue:0.7888888716697693
intersection:23, mean_episode_reward:0.07972230017185211, mean_queue:0.7805555462837219
intersection:24, mean_episode_reward:0.1575000137090683, mean_queue:0.7749999761581421
intersection:25, mean_episode_reward:0.14611107110977173, mean_queue:0.7749999761581421
intersection:26, mean_episode_reward:0.16805557906627655, mean_queue:0.75
intersection:27, mean_episode_reward:0.17083331942558289, mean_queue:0.769444465637207
intersection:28, mean_episode_reward:0.17833329737186432, mean_queue:0.7833333611488342
intersection:29, mean_episode_reward:0.16305553913116455, mean_queue:0.8333333134651184
intersection:30, mean_episode_reward:0.09611108899116516, mean_queue:0.8722222447395325
intersection:31, mean_episode_reward:0.09583333134651184, mean_queue:0.8083333373069763
Test step:159/200, travel time :202.08707671043538, rewards:-6.1547227647569445, queue:5.641666666666667, delay:0.04585858450995551, throughput:1447
step:3600/3600, q_loss:0.622275710105896, rewards:-6.1738878038194445, queue:5.644618055555555, delay:0.047294637891981336, throughput:1443
episode:160/200, real avg travel time:202.06652806652806
intersection:0, mean_episode_reward:-0.8758332133293152, mean_queue:10.602777481079102
intersection:1, mean_episode_reward:-0.4883335530757904, mean_queue:10.36111068725586
intersection:2, mean_episode_reward:-0.3405555188655853, mean_queue:10.647222518920898
intersection:3, mean_episode_reward:-1.2727774381637573, mean_queue:10.266666412353516
intersection:4, mean_episode_reward:-0.8305552005767822, mean_queue:11.105555534362793
intersection:5, mean_episode_reward:-0.01361111644655466, mean_queue:10.191666603088379
intersection:6, mean_episode_reward:0.11416668444871902, mean_queue:10.63888931274414
intersection:7, mean_episode_reward:-0.6222220659255981, mean_queue:10.191666603088379
intersection:8, mean_episode_reward:-0.16694451868534088, mean_queue:10.461111068725586
intersection:9, mean_episode_reward:-0.14444446563720703, mean_queue:10.5
intersection:10, mean_episode_reward:0.016111137345433235, mean_queue:10.797222137451172
intersection:11, mean_episode_reward:-0.23833335936069489, mean_queue:10.26111125946045
intersection:12, mean_episode_reward:-1.079166293144226, mean_queue:10.541666984558105
intersection:13, mean_episode_reward:-0.46138855814933777, mean_queue:10.358333587646484
intersection:14, mean_episode_reward:-0.6336109638214111, mean_queue:10.480555534362793
intersection:15, mean_episode_reward:-1.246944546699524, mean_queue:10.561111450195312
intersection:16, mean_episode_reward:0.06055554375052452, mean_queue:0.7749999761581421
intersection:17, mean_episode_reward:0.09666665643453598, mean_queue:0.7777777910232544
intersection:18, mean_episode_reward:0.12166668474674225, mean_queue:0.7888888716697693
intersection:19, mean_episode_reward:0.15388894081115723, mean_queue:0.8166666626930237
intersection:20, mean_episode_reward:0.22027769684791565, mean_queue:0.7527777552604675
intersection:21, mean_episode_reward:0.1455555409193039, mean_queue:0.8138889074325562
intersection:22, mean_episode_reward:0.09833326190710068, mean_queue:0.7888888716697693
intersection:23, mean_episode_reward:0.04138888418674469, mean_queue:0.7805555462837219
intersection:24, mean_episode_reward:0.1622222363948822, mean_queue:0.7749999761581421
intersection:25, mean_episode_reward:0.10861112922430038, mean_queue:0.7749999761581421
intersection:26, mean_episode_reward:0.19000007212162018, mean_queue:0.75
intersection:27, mean_episode_reward:0.15555556118488312, mean_queue:0.769444465637207
intersection:28, mean_episode_reward:0.15916666388511658, mean_queue:0.7833333611488342
intersection:29, mean_episode_reward:0.1780555695295334, mean_queue:0.8333333134651184
intersection:30, mean_episode_reward:0.11194442212581635, mean_queue:0.8722222447395325
intersection:31, mean_episode_reward:0.1066666692495346, mean_queue:0.8083333373069763
Test step:160/200, travel time :202.81648199445982, rewards:-6.177499728732639, queue:5.652951388888889, delay:0.04728678597344293, throughput:1444
step:3600/3600, q_loss:0.6207380294799805, rewards:-6.296944173177083, queue:5.6428819444444445, delay:0.046469762590196396, throughput:1445
episode:161/200, real avg travel time:202.10242214532872
intersection:0, mean_episode_reward:-0.8538892865180969, mean_queue:10.483333587646484
intersection:1, mean_episode_reward:-0.613611102104187, mean_queue:10.408333778381348
intersection:2, mean_episode_reward:-0.29916658997535706, mean_queue:10.63611125946045
intersection:3, mean_episode_reward:-1.301944613456726, mean_queue:10.208333015441895
intersection:4, mean_episode_reward:-0.5691666007041931, mean_queue:10.774999618530273
intersection:5, mean_episode_reward:-0.04916666820645332, mean_queue:10.116666793823242
intersection:6, mean_episode_reward:0.18749994039535522, mean_queue:10.566666603088379
intersection:7, mean_episode_reward:-0.4624997079372406, mean_queue:10.186111450195312
intersection:8, mean_episode_reward:-0.4952775239944458, mean_queue:10.572221755981445
intersection:9, mean_episode_reward:0.07777772843837738, mean_queue:10.366666793823242
intersection:10, mean_episode_reward:0.1644444316625595, mean_queue:10.727777481079102
intersection:11, mean_episode_reward:-0.31805557012557983, mean_queue:10.433333396911621
intersection:12, mean_episode_reward:-1.2288894653320312, mean_queue:10.716666221618652
intersection:13, mean_episode_reward:-0.48388874530792236, mean_queue:10.466666221618652
intersection:14, mean_episode_reward:-0.6302778720855713, mean_queue:10.483333587646484
intersection:15, mean_episode_reward:-1.47833251953125, mean_queue:10.76388931274414
intersection:16, mean_episode_reward:0.05444442480802536, mean_queue:0.7749999761581421
intersection:17, mean_episode_reward:0.0902777761220932, mean_queue:0.7777777910232544
intersection:18, mean_episode_reward:0.14638890326023102, mean_queue:0.7888888716697693
intersection:19, mean_episode_reward:0.15916670858860016, mean_queue:0.8166666626930237
intersection:20, mean_episode_reward:0.16749988496303558, mean_queue:0.7527777552604675
intersection:21, mean_episode_reward:0.15888890624046326, mean_queue:0.8138889074325562
intersection:22, mean_episode_reward:0.10722219944000244, mean_queue:0.7888888716697693
intersection:23, mean_episode_reward:0.013055538758635521, mean_queue:0.7805555462837219
intersection:24, mean_episode_reward:0.1641666740179062, mean_queue:0.7749999761581421
intersection:25, mean_episode_reward:0.11055557429790497, mean_queue:0.7749999761581421
intersection:26, mean_episode_reward:0.10583332926034927, mean_queue:0.75
intersection:27, mean_episode_reward:0.13472215831279755, mean_queue:0.769444465637207
intersection:28, mean_episode_reward:0.164166659116745, mean_queue:0.7833333611488342
intersection:29, mean_episode_reward:0.14499999582767487, mean_queue:0.8333333134651184
intersection:30, mean_episode_reward:0.1016666516661644, mean_queue:0.8722222447395325
intersection:31, mean_episode_reward:0.2344445139169693, mean_queue:0.8083333373069763
Test step:161/200, travel time :202.1516620498615, rewards:-6.269167751736111, queue:5.640711805555555, delay:0.04806505839029948, throughput:1444
step:3600/3600, q_loss:0.6231378316879272, rewards:-6.42805650499132, queue:5.67734375, delay:0.048914262983534074, throughput:1445
episode:162/200, real avg travel time:205.92525951557093
intersection:0, mean_episode_reward:-0.9255555272102356, mean_queue:10.600000381469727
intersection:1, mean_episode_reward:-0.6186109185218811, mean_queue:10.416666984558105
intersection:2, mean_episode_reward:-0.48611119389533997, mean_queue:10.925000190734863
intersection:3, mean_episode_reward:-1.149444580078125, mean_queue:10.277777671813965
intersection:4, mean_episode_reward:-0.6777775883674622, mean_queue:10.936111450195312
intersection:5, mean_episode_reward:0.14305557310581207, mean_queue:10.155555725097656
intersection:6, mean_episode_reward:0.16972222924232483, mean_queue:10.79444408416748
intersection:7, mean_episode_reward:-0.5980557203292847, mean_queue:10.26111125946045
intersection:8, mean_episode_reward:-0.5336112380027771, mean_queue:10.552778244018555
intersection:9, mean_episode_reward:-0.19500000774860382, mean_queue:10.508333206176758
intersection:10, mean_episode_reward:0.15333335101604462, mean_queue:10.697221755981445
intersection:11, mean_episode_reward:-0.2380555421113968, mean_queue:10.316666603088379
intersection:12, mean_episode_reward:-1.2197226285934448, mean_queue:10.855555534362793
intersection:13, mean_episode_reward:-0.503888726234436, mean_queue:10.61388874053955
intersection:14, mean_episode_reward:-0.44972240924835205, mean_queue:10.469444274902344
intersection:15, mean_episode_reward:-1.367777705192566, mean_queue:10.633333206176758
intersection:16, mean_episode_reward:0.04777777940034866, mean_queue:0.7749999761581421
intersection:17, mean_episode_reward:0.13527777791023254, mean_queue:0.7777777910232544
intersection:18, mean_episode_reward:0.08611111342906952, mean_queue:0.7888888716697693
intersection:19, mean_episode_reward:0.16527782380580902, mean_queue:0.8166666626930237
intersection:20, mean_episode_reward:0.21777775883674622, mean_queue:0.7527777552604675
intersection:21, mean_episode_reward:0.14999999105930328, mean_queue:0.8138889074325562
intersection:22, mean_episode_reward:0.07222221046686172, mean_queue:0.7888888716697693
intersection:23, mean_episode_reward:0.038055554032325745, mean_queue:0.7805555462837219
intersection:24, mean_episode_reward:0.18361115455627441, mean_queue:0.7749999761581421
intersection:25, mean_episode_reward:0.17888882756233215, mean_queue:0.7749999761581421
intersection:26, mean_episode_reward:0.1436111479997635, mean_queue:0.75
intersection:27, mean_episode_reward:0.14527775347232819, mean_queue:0.769444465637207
intersection:28, mean_episode_reward:0.15916666388511658, mean_queue:0.7833333611488342
intersection:29, mean_episode_reward:0.14999999105930328, mean_queue:0.8333333134651184
intersection:30, mean_episode_reward:0.11194442957639694, mean_queue:0.8722222447395325
intersection:31, mean_episode_reward:0.08416668325662613, mean_queue:0.8083333373069763
Test step:162/200, travel time :201.36168741355462, rewards:-6.180277506510417, queue:5.631423611111111, delay:0.0464776357014974, throughput:1446
step:3600/3600, q_loss:0.6209642887115479, rewards:-6.205555555555556, queue:5.646006944444444, delay:0.04630575180053711, throughput:1446
episode:163/200, real avg travel time:202.40802213001382
intersection:0, mean_episode_reward:-0.9908332824707031, mean_queue:10.527777671813965
intersection:1, mean_episode_reward:-0.5313887596130371, mean_queue:10.38888931274414
intersection:2, mean_episode_reward:-0.45555537939071655, mean_queue:10.847222328186035
intersection:3, mean_episode_reward:-1.200555682182312, mean_queue:10.300000190734863
intersection:4, mean_episode_reward:-0.8258334398269653, mean_queue:11.04444408416748
intersection:5, mean_episode_reward:0.29750004410743713, mean_queue:10.102777481079102
intersection:6, mean_episode_reward:0.07222220301628113, mean_queue:10.675000190734863
intersection:7, mean_episode_reward:-0.6074998378753662, mean_queue:10.227777481079102
intersection:8, mean_episode_reward:-0.5022222995758057, mean_queue:10.461111068725586
intersection:9, mean_episode_reward:0.10333337634801865, mean_queue:10.36388874053955
intersection:10, mean_episode_reward:-0.08277774602174759, mean_queue:10.783333778381348
intersection:11, mean_episode_reward:-0.24305559694766998, mean_queue:10.244444847106934
intersection:12, mean_episode_reward:-1.0313892364501953, mean_queue:10.591666221618652
intersection:13, mean_episode_reward:-0.6402781009674072, mean_queue:10.527777671813965
intersection:14, mean_episode_reward:-0.43888887763023376, mean_queue:10.458333015441895
intersection:15, mean_episode_reward:-1.1127773523330688, mean_queue:10.466666221618652
intersection:16, mean_episode_reward:0.04750000685453415, mean_queue:0.7749999761581421
intersection:17, mean_episode_reward:0.1250000298023224, mean_queue:0.7777777910232544
intersection:18, mean_episode_reward:0.09833331406116486, mean_queue:0.7888888716697693
intersection:19, mean_episode_reward:0.1394444853067398, mean_queue:0.8166666626930237
intersection:20, mean_episode_reward:0.17861101031303406, mean_queue:0.7527777552604675
intersection:21, mean_episode_reward:0.1552778035402298, mean_queue:0.8138889074325562
intersection:22, mean_episode_reward:0.07388886064291, mean_queue:0.7888888716697693
intersection:23, mean_episode_reward:0.030555544421076775, mean_queue:0.7805555462837219
intersection:24, mean_episode_reward:0.17805559933185577, mean_queue:0.7749999761581421
intersection:25, mean_episode_reward:0.11249998956918716, mean_queue:0.7749999761581421
intersection:26, mean_episode_reward:0.1530556082725525, mean_queue:0.75
intersection:27, mean_episode_reward:0.1455555409193039, mean_queue:0.769444465637207
intersection:28, mean_episode_reward:0.1780555248260498, mean_queue:0.7833333611488342
intersection:29, mean_episode_reward:0.16500000655651093, mean_queue:0.8333333134651184
intersection:30, mean_episode_reward:0.11249998211860657, mean_queue:0.8722222447395325
intersection:31, mean_episode_reward:0.09111110866069794, mean_queue:0.8083333373069763
Test step:163/200, travel time :203.898891966759, rewards:-6.422221544053819, queue:5.669965277777778, delay:0.047693263159857856, throughput:1444
step:3600/3600, q_loss:0.61628657579422, rewards:-6.205555555555556, queue:5.653125, delay:0.04793135325113932, throughput:1447
episode:164/200, real avg travel time:203.19972356599862
intersection:0, mean_episode_reward:-0.964999794960022, mean_queue:10.494444847106934
intersection:1, mean_episode_reward:-0.5575000047683716, mean_queue:10.408333778381348
intersection:2, mean_episode_reward:-0.3672221004962921, mean_queue:10.81944465637207
intersection:3, mean_episode_reward:-1.25166654586792, mean_queue:10.166666984558105
intersection:4, mean_episode_reward:-0.6255557537078857, mean_queue:10.949999809265137
intersection:5, mean_episode_reward:-0.023611098527908325, mean_queue:10.269444465637207
intersection:6, mean_episode_reward:0.046944502741098404, mean_queue:10.777777671813965
intersection:7, mean_episode_reward:-0.6497223973274231, mean_queue:10.26388931274414
intersection:8, mean_episode_reward:-0.5533334612846375, mean_queue:10.547222137451172
intersection:9, mean_episode_reward:0.10388892143964767, mean_queue:10.458333015441895
intersection:10, mean_episode_reward:0.08972220122814178, mean_queue:10.75
intersection:11, mean_episode_reward:-0.29222217202186584, mean_queue:10.341666221618652
intersection:12, mean_episode_reward:-1.1597224473953247, mean_queue:10.655555725097656
intersection:13, mean_episode_reward:-0.4063887298107147, mean_queue:10.472222328186035
intersection:14, mean_episode_reward:-0.47083333134651184, mean_queue:10.38888931274414
intersection:15, mean_episode_reward:-1.248888611793518, mean_queue:10.475000381469727
intersection:16, mean_episode_reward:0.044166672974824905, mean_queue:0.7749999761581421
intersection:17, mean_episode_reward:0.12361110746860504, mean_queue:0.7777777910232544
intersection:18, mean_episode_reward:0.11611112952232361, mean_queue:0.7888888716697693
intersection:19, mean_episode_reward:0.13416670262813568, mean_queue:0.8166666626930237
intersection:20, mean_episode_reward:0.21944446861743927, mean_queue:0.7527777552604675
intersection:21, mean_episode_reward:0.17500001192092896, mean_queue:0.8138889074325562
intersection:22, mean_episode_reward:0.12666663527488708, mean_queue:0.7888888716697693
intersection:23, mean_episode_reward:0.0741666629910469, mean_queue:0.7805555462837219
intersection:24, mean_episode_reward:0.17583335936069489, mean_queue:0.7749999761581421
intersection:25, mean_episode_reward:0.13749997317790985, mean_queue:0.7749999761581421
intersection:26, mean_episode_reward:0.1511111855506897, mean_queue:0.75
intersection:27, mean_episode_reward:0.1436110883951187, mean_queue:0.769444465637207
intersection:28, mean_episode_reward:0.13916665315628052, mean_queue:0.7833333611488342
intersection:29, mean_episode_reward:0.16972221434116364, mean_queue:0.8333333134651184
intersection:30, mean_episode_reward:0.11861108243465424, mean_queue:0.8722222447395325
intersection:31, mean_episode_reward:0.07666667550802231, mean_queue:0.8083333373069763
Test step:164/200, travel time :202.94109494109495, rewards:-6.1794447157118055, queue:5.6546006944444445, delay:0.04758736292521159, throughput:1443
step:3600/3600, q_loss:0.6153324842453003, rewards:-6.270277235243055, queue:5.657204861111111, delay:0.04760001500447591, throughput:1443
episode:165/200, real avg travel time:203.71656271656272
intersection:0, mean_episode_reward:-0.986944317817688, mean_queue:10.51111125946045
intersection:1, mean_episode_reward:-0.4136112332344055, mean_queue:10.338889122009277
intersection:2, mean_episode_reward:-0.4341667592525482, mean_queue:10.708333015441895
intersection:3, mean_episode_reward:-0.9372219443321228, mean_queue:10.030555725097656
intersection:4, mean_episode_reward:-0.38555559515953064, mean_queue:10.838889122009277
intersection:5, mean_episode_reward:-0.09833333641290665, mean_queue:10.208333015441895
intersection:6, mean_episode_reward:-0.03333333507180214, mean_queue:10.788888931274414
intersection:7, mean_episode_reward:-0.6758332848548889, mean_queue:10.247221946716309
intersection:8, mean_episode_reward:-0.6349998712539673, mean_queue:10.574999809265137
intersection:9, mean_episode_reward:0.008333340287208557, mean_queue:10.350000381469727
intersection:10, mean_episode_reward:0.032500043511390686, mean_queue:10.797222137451172
intersection:11, mean_episode_reward:-0.16305547952651978, mean_queue:10.38888931274414
intersection:12, mean_episode_reward:-1.0572223663330078, mean_queue:10.730555534362793
intersection:13, mean_episode_reward:-0.6211112141609192, mean_queue:10.633333206176758
intersection:14, mean_episode_reward:-0.45527786016464233, mean_queue:10.472222328186035
intersection:15, mean_episode_reward:-1.3544445037841797, mean_queue:10.75
intersection:16, mean_episode_reward:0.04222222790122032, mean_queue:0.7749999761581421
intersection:17, mean_episode_reward:0.11694443970918655, mean_queue:0.7777777910232544
intersection:18, mean_episode_reward:0.10750000178813934, mean_queue:0.7888888716697693
intersection:19, mean_episode_reward:0.1297222524881363, mean_queue:0.8166666626930237
intersection:20, mean_episode_reward:0.1822221279144287, mean_queue:0.7527777552604675
intersection:21, mean_episode_reward:0.14194445312023163, mean_queue:0.8138889074325562
intersection:22, mean_episode_reward:0.07527776062488556, mean_queue:0.7888888716697693
intersection:23, mean_episode_reward:0.03861111402511597, mean_queue:0.7805555462837219
intersection:24, mean_episode_reward:0.15583334863185883, mean_queue:0.7749999761581421
intersection:25, mean_episode_reward:0.13722223043441772, mean_queue:0.7749999761581421
intersection:26, mean_episode_reward:0.1558333933353424, mean_queue:0.75
intersection:27, mean_episode_reward:0.14694443345069885, mean_queue:0.769444465637207
intersection:28, mean_episode_reward:0.15833330154418945, mean_queue:0.7833333611488342
intersection:29, mean_episode_reward:0.13777779042720795, mean_queue:0.8333333134651184
intersection:30, mean_episode_reward:0.1152777373790741, mean_queue:0.8722222447395325
intersection:31, mean_episode_reward:0.09833333641290665, mean_queue:0.8083333373069763
Test step:165/200, travel time :203.564226519337, rewards:-6.247220865885416, queue:5.6578993055555555, delay:0.047798675960964626, throughput:1448
step:3600/3600, q_loss:0.6116564273834229, rewards:-6.245277235243056, queue:5.666145833333333, delay:0.04759644932217068, throughput:1447
episode:166/200, real avg travel time:204.54941257774706
intersection:0, mean_episode_reward:-0.9297217726707458, mean_queue:10.5
intersection:1, mean_episode_reward:-0.5702776908874512, mean_queue:10.45555591583252
intersection:2, mean_episode_reward:-0.47472241520881653, mean_queue:10.791666984558105
intersection:3, mean_episode_reward:-1.241666555404663, mean_queue:10.19444465637207
intersection:4, mean_episode_reward:-0.44916656613349915, mean_queue:10.838889122009277
intersection:5, mean_episode_reward:-0.1830555647611618, mean_queue:10.352777481079102
intersection:6, mean_episode_reward:0.16666671633720398, mean_queue:10.711111068725586
intersection:7, mean_episode_reward:-0.5947225093841553, mean_queue:10.225000381469727
intersection:8, mean_episode_reward:-0.571388840675354, mean_queue:10.616666793823242
intersection:9, mean_episode_reward:0.16527783870697021, mean_queue:10.36111068725586
intersection:10, mean_episode_reward:-0.1469445377588272, mean_queue:10.913888931274414
intersection:11, mean_episode_reward:-0.44777771830558777, mean_queue:10.436111450195312
intersection:12, mean_episode_reward:-1.0786113739013672, mean_queue:10.702777862548828
intersection:13, mean_episode_reward:-0.6327775120735168, mean_queue:10.597222328186035
intersection:14, mean_episode_reward:-0.3683333098888397, mean_queue:10.48888874053955
intersection:15, mean_episode_reward:-1.040000081062317, mean_queue:10.469444274902344
intersection:16, mean_episode_reward:0.046111106872558594, mean_queue:0.7749999761581421
intersection:17, mean_episode_reward:0.12611109018325806, mean_queue:0.7777777910232544
intersection:18, mean_episode_reward:0.15222223103046417, mean_queue:0.7888888716697693
intersection:19, mean_episode_reward:0.13111115992069244, mean_queue:0.8166666626930237
intersection:20, mean_episode_reward:0.1705554574728012, mean_queue:0.7527777552604675
intersection:21, mean_episode_reward:0.14777779579162598, mean_queue:0.8138889074325562
intersection:22, mean_episode_reward:0.0877777561545372, mean_queue:0.7888888716697693
intersection:23, mean_episode_reward:0.07277775555849075, mean_queue:0.7805555462837219
intersection:24, mean_episode_reward:0.1811111718416214, mean_queue:0.7749999761581421
intersection:25, mean_episode_reward:0.2519443929195404, mean_queue:0.7749999761581421
intersection:26, mean_episode_reward:0.11361110210418701, mean_queue:0.75
intersection:27, mean_episode_reward:0.1594444066286087, mean_queue:0.769444465637207
intersection:28, mean_episode_reward:0.14666663110256195, mean_queue:0.7833333611488342
intersection:29, mean_episode_reward:0.16861112415790558, mean_queue:0.8333333134651184
intersection:30, mean_episode_reward:0.1313888430595398, mean_queue:0.8722222447395325
intersection:31, mean_episode_reward:0.0647222176194191, mean_queue:0.8083333373069763
Test step:166/200, travel time :201.53670360110803, rewards:-6.094444444444444, queue:5.636458333333334, delay:0.04729688962300618, throughput:1444
step:3600/3600, q_loss:0.6119694709777832, rewards:-6.082223171657986, queue:5.640711805555555, delay:0.047124290466308595, throughput:1445
episode:167/200, real avg travel time:202.19723183391002
intersection:0, mean_episode_reward:-0.8402782082557678, mean_queue:10.441666603088379
intersection:1, mean_episode_reward:-0.6036110520362854, mean_queue:10.413888931274414
intersection:2, mean_episode_reward:-0.37250015139579773, mean_queue:10.658333778381348
intersection:3, mean_episode_reward:-1.3063892126083374, mean_queue:10.216666221618652
intersection:4, mean_episode_reward:-0.6663889288902283, mean_queue:10.833333015441895
intersection:5, mean_episode_reward:0.09500007331371307, mean_queue:10.108333587646484
intersection:6, mean_episode_reward:0.3266667127609253, mean_queue:10.51111125946045
intersection:7, mean_episode_reward:-0.7144445776939392, mean_queue:10.300000190734863
intersection:8, mean_episode_reward:-0.3258334994316101, mean_queue:10.416666984558105
intersection:9, mean_episode_reward:-0.09833331406116486, mean_queue:10.427778244018555
intersection:10, mean_episode_reward:-0.1158333271741867, mean_queue:10.780555725097656
intersection:11, mean_episode_reward:-0.33444467186927795, mean_queue:10.461111068725586
intersection:12, mean_episode_reward:-1.2330557107925415, mean_queue:10.758333206176758
intersection:13, mean_episode_reward:-0.4719442129135132, mean_queue:10.472222328186035
intersection:14, mean_episode_reward:-0.4122222065925598, mean_queue:10.472222328186035
intersection:15, mean_episode_reward:-1.1319445371627808, mean_queue:10.56944465637207
intersection:16, mean_episode_reward:0.04750000685453415, mean_queue:0.7749999761581421
intersection:17, mean_episode_reward:0.1252777874469757, mean_queue:0.7777777910232544
intersection:18, mean_episode_reward:0.11055554449558258, mean_queue:0.7888888716697693
intersection:19, mean_episode_reward:0.12833338975906372, mean_queue:0.8166666626930237
intersection:20, mean_episode_reward:0.21888887882232666, mean_queue:0.7527777552604675
intersection:21, mean_episode_reward:0.14666667580604553, mean_queue:0.8138889074325562
intersection:22, mean_episode_reward:0.09388885647058487, mean_queue:0.7888888716697693
intersection:23, mean_episode_reward:0.07277775555849075, mean_queue:0.7805555462837219
intersection:24, mean_episode_reward:0.2158334106206894, mean_queue:0.7749999761581421
intersection:25, mean_episode_reward:0.13222219049930573, mean_queue:0.7749999761581421
intersection:26, mean_episode_reward:0.1580556184053421, mean_queue:0.75
intersection:27, mean_episode_reward:0.16305555403232574, mean_queue:0.769444465637207
intersection:28, mean_episode_reward:0.17416661977767944, mean_queue:0.7833333611488342
intersection:29, mean_episode_reward:0.1436111181974411, mean_queue:0.8333333134651184
intersection:30, mean_episode_reward:0.1224999651312828, mean_queue:0.8722222447395325
intersection:31, mean_episode_reward:0.07000000774860382, mean_queue:0.8083333373069763
Test step:167/200, travel time :203.09223300970874, rewards:-6.125, queue:5.650868055555556, delay:0.04821027649773492, throughput:1442
step:3600/3600, q_loss:0.613369345664978, rewards:-6.039166259765625, queue:5.6565972222222225, delay:0.04829975763956706, throughput:1443
episode:168/200, real avg travel time:203.37491337491338
intersection:0, mean_episode_reward:-1.0649998188018799, mean_queue:10.602777481079102
intersection:1, mean_episode_reward:-0.5780553817749023, mean_queue:10.472222328186035
intersection:2, mean_episode_reward:-0.30361106991767883, mean_queue:10.644444465637207
intersection:3, mean_episode_reward:-1.125, mean_queue:10.086111068725586
intersection:4, mean_episode_reward:-0.6022223234176636, mean_queue:10.93055534362793
intersection:5, mean_episode_reward:0.2305554747581482, mean_queue:10.163888931274414
intersection:6, mean_episode_reward:0.1272222399711609, mean_queue:10.702777862548828
intersection:7, mean_episode_reward:-0.598888635635376, mean_queue:10.324999809265137
intersection:8, mean_episode_reward:-0.33916667103767395, mean_queue:10.458333015441895
intersection:9, mean_episode_reward:-0.08666665107011795, mean_queue:10.427778244018555
intersection:10, mean_episode_reward:0.1266666203737259, mean_queue:10.644444465637207
intersection:11, mean_episode_reward:-0.4119444489479065, mean_queue:10.480555534362793
intersection:12, mean_episode_reward:-1.228610634803772, mean_queue:10.788888931274414
intersection:13, mean_episode_reward:-0.5177775621414185, mean_queue:10.51111125946045
intersection:14, mean_episode_reward:-0.4316668212413788, mean_queue:10.452777862548828
intersection:15, mean_episode_reward:-1.3113889694213867, mean_queue:10.658333778381348
intersection:16, mean_episode_reward:0.05166663974523544, mean_queue:0.7749999761581421
intersection:17, mean_episode_reward:0.09611112624406815, mean_queue:0.7777777910232544
intersection:18, mean_episode_reward:0.0855555608868599, mean_queue:0.7888888716697693
intersection:19, mean_episode_reward:0.14472225308418274, mean_queue:0.8166666626930237
intersection:20, mean_episode_reward:0.19305546581745148, mean_queue:0.7527777552604675
intersection:21, mean_episode_reward:0.13305553793907166, mean_queue:0.8138889074325562
intersection:22, mean_episode_reward:0.10333330184221268, mean_queue:0.7888888716697693
intersection:23, mean_episode_reward:0.022222211584448814, mean_queue:0.7805555462837219
intersection:24, mean_episode_reward:0.1833333969116211, mean_queue:0.7749999761581421
intersection:25, mean_episode_reward:0.18527768552303314, mean_queue:0.7749999761581421
intersection:26, mean_episode_reward:0.17805561423301697, mean_queue:0.75
intersection:27, mean_episode_reward:0.1824999451637268, mean_queue:0.769444465637207
intersection:28, mean_episode_reward:0.15999996662139893, mean_queue:0.7833333611488342
intersection:29, mean_episode_reward:0.13861115276813507, mean_queue:0.8333333134651184
intersection:30, mean_episode_reward:0.1291666328907013, mean_queue:0.8722222447395325
intersection:31, mean_episode_reward:0.08972223103046417, mean_queue:0.8083333373069763
Test step:168/200, travel time :204.15512465373962, rewards:-6.1097222222222225, queue:5.659375, delay:0.04801476796468099, throughput:1444
step:3600/3600, q_loss:0.611889660358429, rewards:-6.167221408420139, queue:5.6637152777777775, delay:0.048565610249837236, throughput:1442
episode:169/200, real avg travel time:204.5131761442441
intersection:0, mean_episode_reward:-1.0622220039367676, mean_queue:10.588889122009277
intersection:1, mean_episode_reward:-0.6102776527404785, mean_queue:10.405555725097656
intersection:2, mean_episode_reward:-0.5158333778381348, mean_queue:10.852777481079102
intersection:3, mean_episode_reward:-1.2530555725097656, mean_queue:10.163888931274414
intersection:4, mean_episode_reward:-0.9172219038009644, mean_queue:11.26388931274414
intersection:5, mean_episode_reward:0.3052777051925659, mean_queue:10.233333587646484
intersection:6, mean_episode_reward:0.4247221350669861, mean_queue:10.702777862548828
intersection:7, mean_episode_reward:-0.5674999952316284, mean_queue:10.272222518920898
intersection:8, mean_episode_reward:-0.4227779507637024, mean_queue:10.425000190734863
intersection:9, mean_episode_reward:-0.058611106127500534, mean_queue:10.358333587646484
intersection:10, mean_episode_reward:-0.07888886332511902, mean_queue:10.75
intersection:11, mean_episode_reward:-0.3602777123451233, mean_queue:10.391666412353516
intersection:12, mean_episode_reward:-1.131666660308838, mean_queue:10.722222328186035
intersection:13, mean_episode_reward:-0.3613889813423157, mean_queue:10.502778053283691
intersection:14, mean_episode_reward:-0.41249987483024597, mean_queue:10.436111450195312
intersection:15, mean_episode_reward:-1.2544442415237427, mean_queue:10.508333206176758
intersection:16, mean_episode_reward:0.0713888630270958, mean_queue:0.7749999761581421
intersection:17, mean_episode_reward:0.15805557370185852, mean_queue:0.7777777910232544
intersection:18, mean_episode_reward:0.10583330690860748, mean_queue:0.7888888716697693
intersection:19, mean_episode_reward:0.12055559456348419, mean_queue:0.8166666626930237
intersection:20, mean_episode_reward:0.18749989569187164, mean_queue:0.7527777552604675
intersection:21, mean_episode_reward:0.1524999886751175, mean_queue:0.8138889074325562
intersection:22, mean_episode_reward:0.07305553555488586, mean_queue:0.7888888716697693
intersection:23, mean_episode_reward:0.02944442629814148, mean_queue:0.7805555462837219
intersection:24, mean_episode_reward:0.2555556297302246, mean_queue:0.7749999761581421
intersection:25, mean_episode_reward:0.11611112952232361, mean_queue:0.7749999761581421
intersection:26, mean_episode_reward:0.14666669070720673, mean_queue:0.75
intersection:27, mean_episode_reward:0.16972221434116364, mean_queue:0.769444465637207
intersection:28, mean_episode_reward:0.14611108601093292, mean_queue:0.7833333611488342
intersection:29, mean_episode_reward:0.13305556774139404, mean_queue:0.8333333134651184
intersection:30, mean_episode_reward:0.16027773916721344, mean_queue:0.8722222447395325
intersection:31, mean_episode_reward:0.08361112326383591, mean_queue:0.8083333373069763
Test step:169/200, travel time :201.92435808466342, rewards:-6.086109754774306, queue:5.6409722222222225, delay:0.047101365195380315, throughput:1441
step:3600/3600, q_loss:0.6186332106590271, rewards:-6.124167209201389, queue:5.651822916666666, delay:0.04849927160474989, throughput:1444
episode:170/200, real avg travel time:203.22506925207756
intersection:0, mean_episode_reward:-0.9994450807571411, mean_queue:10.563888549804688
intersection:1, mean_episode_reward:-0.5594444870948792, mean_queue:10.466666221618652
intersection:2, mean_episode_reward:-0.7330552935600281, mean_queue:11.016666412353516
intersection:3, mean_episode_reward:-1.1749999523162842, mean_queue:10.144444465637207
intersection:4, mean_episode_reward:-0.5538888573646545, mean_queue:10.833333015441895
intersection:5, mean_episode_reward:0.2380555421113968, mean_queue:10.152777671813965
intersection:6, mean_episode_reward:0.27805566787719727, mean_queue:10.586111068725586
intersection:7, mean_episode_reward:-0.5974997878074646, mean_queue:10.177778244018555
intersection:8, mean_episode_reward:-0.36611077189445496, mean_queue:10.438888549804688
intersection:9, mean_episode_reward:-0.23499996960163116, mean_queue:10.616666793823242
intersection:10, mean_episode_reward:0.17388881742954254, mean_queue:10.69444465637207
intersection:11, mean_episode_reward:-0.4566667377948761, mean_queue:10.397222518920898
intersection:12, mean_episode_reward:-1.1641665697097778, mean_queue:10.747221946716309
intersection:13, mean_episode_reward:-0.28833332657814026, mean_queue:10.352777481079102
intersection:14, mean_episode_reward:-0.5666666626930237, mean_queue:10.433333396911621
intersection:15, mean_episode_reward:-1.1788890361785889, mean_queue:10.574999809265137
intersection:16, mean_episode_reward:0.038611117750406265, mean_queue:0.7749999761581421
intersection:17, mean_episode_reward:0.0763889029622078, mean_queue:0.7777777910232544
intersection:18, mean_episode_reward:0.13277778029441833, mean_queue:0.7888888716697693
intersection:19, mean_episode_reward:0.11666669696569443, mean_queue:0.8166666626930237
intersection:20, mean_episode_reward:0.17388878762722015, mean_queue:0.7527777552604675
intersection:21, mean_episode_reward:0.11944443732500076, mean_queue:0.8138889074325562
intersection:22, mean_episode_reward:0.19111114740371704, mean_queue:0.7888888716697693
intersection:23, mean_episode_reward:0.023333312943577766, mean_queue:0.7805555462837219
intersection:24, mean_episode_reward:0.21361114084720612, mean_queue:0.7749999761581421
intersection:25, mean_episode_reward:0.1336110681295395, mean_queue:0.7749999761581421
intersection:26, mean_episode_reward:0.1411111205816269, mean_queue:0.75
intersection:27, mean_episode_reward:0.16083332896232605, mean_queue:0.769444465637207
intersection:28, mean_episode_reward:0.1733333170413971, mean_queue:0.7833333611488342
intersection:29, mean_episode_reward:0.14666667580604553, mean_queue:0.8333333134651184
intersection:30, mean_episode_reward:0.1272221803665161, mean_queue:0.8722222447395325
intersection:31, mean_episode_reward:0.09138888120651245, mean_queue:0.8083333373069763
Test step:170/200, travel time :201.75744975744976, rewards:-6.099722629123264, queue:5.640625, delay:0.0469252692328559, throughput:1443
step:3600/3600, q_loss:0.6178429126739502, rewards:-6.15527818467882, queue:5.665972222222222, delay:0.04797568851047092, throughput:1443
episode:171/200, real avg travel time:203.86278586278587
intersection:0, mean_episode_reward:-0.967222273349762, mean_queue:10.472222328186035
intersection:1, mean_episode_reward:-0.5425000786781311, mean_queue:10.399999618530273
intersection:2, mean_episode_reward:-0.46138861775398254, mean_queue:10.786110877990723
intersection:3, mean_episode_reward:-1.323055386543274, mean_queue:10.227777481079102
intersection:4, mean_episode_reward:-0.8088885545730591, mean_queue:11.030555725097656
intersection:5, mean_episode_reward:0.20444437861442566, mean_queue:10.23611068725586
intersection:6, mean_episode_reward:0.41888901591300964, mean_queue:10.649999618530273
intersection:7, mean_episode_reward:-0.6313892602920532, mean_queue:10.25
intersection:8, mean_episode_reward:-0.22833338379859924, mean_queue:10.477777481079102
intersection:9, mean_episode_reward:0.026666680350899696, mean_queue:10.391666412353516
intersection:10, mean_episode_reward:-0.03638892620801926, mean_queue:10.791666984558105
intersection:11, mean_episode_reward:-0.40416690707206726, mean_queue:10.497221946716309
intersection:12, mean_episode_reward:-1.3375003337860107, mean_queue:10.894444465637207
intersection:13, mean_episode_reward:-0.3438888192176819, mean_queue:10.475000381469727
intersection:14, mean_episode_reward:-0.4988888204097748, mean_queue:10.522222518920898
intersection:15, mean_episode_reward:-1.1658334732055664, mean_queue:10.547222137451172
intersection:16, mean_episode_reward:0.06444443017244339, mean_queue:0.7749999761581421
intersection:17, mean_episode_reward:0.0950000137090683, mean_queue:0.7777777910232544
intersection:18, mean_episode_reward:0.09555553644895554, mean_queue:0.7888888716697693
intersection:19, mean_episode_reward:0.13361115753650665, mean_queue:0.8166666626930237
intersection:20, mean_episode_reward:0.16777770221233368, mean_queue:0.7527777552604675
intersection:21, mean_episode_reward:0.12916666269302368, mean_queue:0.8138889074325562
intersection:22, mean_episode_reward:0.06166666001081467, mean_queue:0.7888888716697693
intersection:23, mean_episode_reward:0.044166672974824905, mean_queue:0.7805555462837219
intersection:24, mean_episode_reward:0.1836111694574356, mean_queue:0.7749999761581421
intersection:25, mean_episode_reward:0.11083333939313889, mean_queue:0.7749999761581421
intersection:26, mean_episode_reward:0.15416671335697174, mean_queue:0.75
intersection:27, mean_episode_reward:0.16722221672534943, mean_queue:0.769444465637207
intersection:28, mean_episode_reward:0.16361106932163239, mean_queue:0.7833333611488342
intersection:29, mean_episode_reward:0.1788889318704605, mean_queue:0.8333333134651184
intersection:30, mean_episode_reward:0.12749995291233063, mean_queue:0.8722222447395325
intersection:31, mean_episode_reward:0.06694445013999939, mean_queue:0.8083333373069763
Test step:171/200, travel time :202.00069108500347, rewards:-6.101388888888889, queue:5.6409722222222225, delay:0.046797657012939455, throughput:1447
step:3600/3600, q_loss:0.622341513633728, rewards:-6.181667751736111, queue:5.666145833333333, delay:0.04823115666707357, throughput:1446
episode:172/200, real avg travel time:204.3298755186722
intersection:0, mean_episode_reward:-1.069166898727417, mean_queue:10.547222137451172
intersection:1, mean_episode_reward:-0.45694440603256226, mean_queue:10.375
intersection:2, mean_episode_reward:-0.3188888132572174, mean_queue:10.811111450195312
intersection:3, mean_episode_reward:-1.3550001382827759, mean_queue:10.297222137451172
intersection:4, mean_episode_reward:-0.6286112666130066, mean_queue:10.975000381469727
intersection:5, mean_episode_reward:0.09611112624406815, mean_queue:10.26111125946045
intersection:6, mean_episode_reward:0.0969444066286087, mean_queue:10.811111450195312
intersection:7, mean_episode_reward:-0.6472221612930298, mean_queue:10.280555725097656
intersection:8, mean_episode_reward:-0.25916674733161926, mean_queue:10.394444465637207
intersection:9, mean_episode_reward:-0.11027778685092926, mean_queue:10.33055591583252
intersection:10, mean_episode_reward:0.06361110508441925, mean_queue:10.813888549804688
intersection:11, mean_episode_reward:-0.36750009655952454, mean_queue:10.433333396911621
intersection:12, mean_episode_reward:-1.255555510520935, mean_queue:10.83055591583252
intersection:13, mean_episode_reward:-0.5169442892074585, mean_queue:10.51388931274414
intersection:14, mean_episode_reward:-0.37444445490837097, mean_queue:10.441666603088379
intersection:15, mean_episode_reward:-1.3233336210250854, mean_queue:10.538888931274414
intersection:16, mean_episode_reward:0.04444444924592972, mean_queue:0.7749999761581421
intersection:17, mean_episode_reward:0.1319444477558136, mean_queue:0.7777777910232544
intersection:18, mean_episode_reward:0.11111108958721161, mean_queue:0.7888888716697693
intersection:19, mean_episode_reward:0.1322222352027893, mean_queue:0.8166666626930237
intersection:20, mean_episode_reward:0.18055544793605804, mean_queue:0.7527777552604675
intersection:21, mean_episode_reward:0.13722221553325653, mean_queue:0.8138889074325562
intersection:22, mean_episode_reward:0.17861106991767883, mean_queue:0.7888888716697693
intersection:23, mean_episode_reward:0.027222199365496635, mean_queue:0.7805555462837219
intersection:24, mean_episode_reward:0.33361122012138367, mean_queue:0.7749999761581421
intersection:25, mean_episode_reward:0.12138891220092773, mean_queue:0.7749999761581421
intersection:26, mean_episode_reward:0.15833337604999542, mean_queue:0.75
intersection:27, mean_episode_reward:0.17833329737186432, mean_queue:0.769444465637207
intersection:28, mean_episode_reward:0.1552778035402298, mean_queue:0.7833333611488342
intersection:29, mean_episode_reward:0.14805558323860168, mean_queue:0.8333333134651184
intersection:30, mean_episode_reward:0.12194440513849258, mean_queue:0.8722222447395325
intersection:31, mean_episode_reward:0.08444444090127945, mean_queue:0.8083333373069763
Test step:172/200, travel time :201.05886426592798, rewards:-5.959999593098958, queue:5.635763888888889, delay:0.046806547376844615, throughput:1444
step:3600/3600, q_loss:0.6269169449806213, rewards:-6.101666937934028, queue:5.656423611111111, delay:0.04776249991522895, throughput:1447
episode:173/200, real avg travel time:203.53144436765723
intersection:0, mean_episode_reward:-0.8672224283218384, mean_queue:10.48611068725586
intersection:1, mean_episode_reward:-0.6411111950874329, mean_queue:10.475000381469727
intersection:2, mean_episode_reward:-0.3072221875190735, mean_queue:10.627778053283691
intersection:3, mean_episode_reward:-1.3405554294586182, mean_queue:10.23611068725586
intersection:4, mean_episode_reward:-0.8327779173851013, mean_queue:11.13611125946045
intersection:5, mean_episode_reward:0.21194438636302948, mean_queue:10.258333206176758
intersection:6, mean_episode_reward:0.11500002443790436, mean_queue:10.780555725097656
intersection:7, mean_episode_reward:-0.37916672229766846, mean_queue:10.191666603088379
intersection:8, mean_episode_reward:-0.2688888609409332, mean_queue:10.469444274902344
intersection:9, mean_episode_reward:0.04972226917743683, mean_queue:10.288888931274414
intersection:10, mean_episode_reward:-0.026111096143722534, mean_queue:10.730555534362793
intersection:11, mean_episode_reward:-0.2438887655735016, mean_queue:10.286110877990723
intersection:12, mean_episode_reward:-1.2658331394195557, mean_queue:10.800000190734863
intersection:13, mean_episode_reward:-0.6324996948242188, mean_queue:10.572221755981445
intersection:14, mean_episode_reward:-0.45027774572372437, mean_queue:10.402777671813965
intersection:15, mean_episode_reward:-1.36055588722229, mean_queue:10.602777481079102
intersection:16, mean_episode_reward:0.07444442808628082, mean_queue:0.7749999761581421
intersection:17, mean_episode_reward:0.11944446712732315, mean_queue:0.7777777910232544
intersection:18, mean_episode_reward:0.1391666978597641, mean_queue:0.7888888716697693
intersection:19, mean_episode_reward:0.1227777823805809, mean_queue:0.8166666626930237
intersection:20, mean_episode_reward:0.17499984800815582, mean_queue:0.7527777552604675
intersection:21, mean_episode_reward:0.1363888829946518, mean_queue:0.8138889074325562
intersection:22, mean_episode_reward:0.0966666042804718, mean_queue:0.7888888716697693
intersection:23, mean_episode_reward:0.038055554032325745, mean_queue:0.7805555462837219
intersection:24, mean_episode_reward:0.22138898074626923, mean_queue:0.7749999761581421
intersection:25, mean_episode_reward:0.12527777254581451, mean_queue:0.7749999761581421
intersection:26, mean_episode_reward:0.21500004827976227, mean_queue:0.75
intersection:27, mean_episode_reward:0.17638885974884033, mean_queue:0.769444465637207
intersection:28, mean_episode_reward:0.15888887643814087, mean_queue:0.7833333611488342
intersection:29, mean_episode_reward:0.15694446861743927, mean_queue:0.8333333134651184
intersection:30, mean_episode_reward:0.10749997198581696, mean_queue:0.8722222447395325
intersection:31, mean_episode_reward:0.07444445043802261, mean_queue:0.8083333373069763
Test step:173/200, travel time :201.70429362880887, rewards:-6.033056640625, queue:5.642100694444444, delay:0.04703573120964898, throughput:1444
step:3600/3600, q_loss:0.6288840174674988, rewards:-6.060555013020833, queue:5.647482638888889, delay:0.04776601791381836, throughput:1445
episode:174/200, real avg travel time:202.56401384083046
intersection:0, mean_episode_reward:-1.0849997997283936, mean_queue:10.641666412353516
intersection:1, mean_episode_reward:-0.5394445657730103, mean_queue:10.527777671813965
intersection:2, mean_episode_reward:-0.3947222828865051, mean_queue:10.783333778381348
intersection:3, mean_episode_reward:-1.282500147819519, mean_queue:10.13611125946045
intersection:4, mean_episode_reward:-0.7536108493804932, mean_queue:11.097222328186035
intersection:5, mean_episode_reward:0.16138891875743866, mean_queue:10.188888549804688
intersection:6, mean_episode_reward:0.22305552661418915, mean_queue:10.547222137451172
intersection:7, mean_episode_reward:-0.4763888418674469, mean_queue:10.144444465637207
intersection:8, mean_episode_reward:-0.48305583000183105, mean_queue:10.597222328186035
intersection:9, mean_episode_reward:0.023333342745900154, mean_queue:10.36388874053955
intersection:10, mean_episode_reward:-0.026111092418432236, mean_queue:10.719444274902344
intersection:11, mean_episode_reward:-0.4288890063762665, mean_queue:10.333333015441895
intersection:12, mean_episode_reward:-1.1055554151535034, mean_queue:10.76111125946045
intersection:13, mean_episode_reward:-0.4619443714618683, mean_queue:10.441666603088379
intersection:14, mean_episode_reward:-0.3480556607246399, mean_queue:10.311111450195312
intersection:15, mean_episode_reward:-1.1613887548446655, mean_queue:10.463889122009277
intersection:16, mean_episode_reward:0.04222222417593002, mean_queue:0.7749999761581421
intersection:17, mean_episode_reward:0.11500001698732376, mean_queue:0.7777777910232544
intersection:18, mean_episode_reward:0.12027779966592789, mean_queue:0.7888888716697693
intersection:19, mean_episode_reward:0.12416671216487885, mean_queue:0.8166666626930237
intersection:20, mean_episode_reward:0.1772221177816391, mean_queue:0.7527777552604675
intersection:21, mean_episode_reward:0.15305554866790771, mean_queue:0.8138889074325562
intersection:22, mean_episode_reward:0.14472216367721558, mean_queue:0.7888888716697693
intersection:23, mean_episode_reward:0.07277775555849075, mean_queue:0.7805555462837219
intersection:24, mean_episode_reward:0.1786111444234848, mean_queue:0.7749999761581421
intersection:25, mean_episode_reward:0.1569443643093109, mean_queue:0.7749999761581421
intersection:26, mean_episode_reward:0.10944443941116333, mean_queue:0.75
intersection:27, mean_episode_reward:0.152777761220932, mean_queue:0.769444465637207
intersection:28, mean_episode_reward:0.1369444578886032, mean_queue:0.7833333611488342
intersection:29, mean_episode_reward:0.1372222751379013, mean_queue:0.8333333134651184
intersection:30, mean_episode_reward:0.15861105918884277, mean_queue:0.8722222447395325
intersection:31, mean_episode_reward:0.09833333641290665, mean_queue:0.8083333373069763
Test step:174/200, travel time :201.81730103806228, rewards:-6.038611518012153, queue:5.638454861111111, delay:0.04685574637518989, throughput:1445
step:3600/3600, q_loss:0.6270056962966919, rewards:-6.100832112630209, queue:5.640798611111111, delay:0.0468174934387207, throughput:1443
episode:175/200, real avg travel time:202.0977130977131
intersection:0, mean_episode_reward:-0.9652772545814514, mean_queue:10.475000381469727
intersection:1, mean_episode_reward:-0.6311109662055969, mean_queue:10.608333587646484
intersection:2, mean_episode_reward:-0.3522220551967621, mean_queue:10.655555725097656
intersection:3, mean_episode_reward:-1.2288883924484253, mean_queue:10.161110877990723
intersection:4, mean_episode_reward:-0.6461110711097717, mean_queue:10.869444847106934
intersection:5, mean_episode_reward:0.2791667580604553, mean_queue:10.191666603088379
intersection:6, mean_episode_reward:0.20444446802139282, mean_queue:10.727777481079102
intersection:7, mean_episode_reward:-0.47527772188186646, mean_queue:10.219444274902344
intersection:8, mean_episode_reward:-0.31555551290512085, mean_queue:10.41944408416748
intersection:9, mean_episode_reward:-0.16027776896953583, mean_queue:10.375
intersection:10, mean_episode_reward:-0.10111112892627716, mean_queue:10.741666793823242
intersection:11, mean_episode_reward:-0.24722221493721008, mean_queue:10.311111450195312
intersection:12, mean_episode_reward:-1.1058332920074463, mean_queue:10.791666984558105
intersection:13, mean_episode_reward:-0.659166693687439, mean_queue:10.508333206176758
intersection:14, mean_episode_reward:-0.3497222661972046, mean_queue:10.291666984558105
intersection:15, mean_episode_reward:-1.3027780055999756, mean_queue:10.497221946716309
intersection:16, mean_episode_reward:0.025277789682149887, mean_queue:0.7749999761581421
intersection:17, mean_episode_reward:0.09583333134651184, mean_queue:0.7777777910232544
intersection:18, mean_episode_reward:0.13972222805023193, mean_queue:0.7888888716697693
intersection:19, mean_episode_reward:0.11805559694766998, mean_queue:0.8166666626930237
intersection:20, mean_episode_reward:0.1986110657453537, mean_queue:0.7527777552604675
intersection:21, mean_episode_reward:0.12611110508441925, mean_queue:0.8138889074325562
intersection:22, mean_episode_reward:0.07083331048488617, mean_queue:0.7888888716697693
intersection:23, mean_episode_reward:0.07249999791383743, mean_queue:0.7805555462837219
intersection:24, mean_episode_reward:0.22666676342487335, mean_queue:0.7749999761581421
intersection:25, mean_episode_reward:0.10083334147930145, mean_queue:0.7749999761581421
intersection:26, mean_episode_reward:0.13750000298023224, mean_queue:0.75
intersection:27, mean_episode_reward:0.1691666543483734, mean_queue:0.769444465637207
intersection:28, mean_episode_reward:0.15111108124256134, mean_queue:0.7833333611488342
intersection:29, mean_episode_reward:0.14722223579883575, mean_queue:0.8333333134651184
intersection:30, mean_episode_reward:0.10555552691221237, mean_queue:0.8722222447395325
intersection:31, mean_episode_reward:0.07111112028360367, mean_queue:0.8083333373069763
Test step:175/200, travel time :202.03536754507627, rewards:-6.159722222222222, queue:5.648611111111111, delay:0.046507612864176436, throughput:1442
step:3600/3600, q_loss:0.6274353861808777, rewards:-6.039444986979166, queue:5.629340277777778, delay:0.04577149815029568, throughput:1442
episode:176/200, real avg travel time:200.31622746185852
intersection:0, mean_episode_reward:-0.9927780032157898, mean_queue:10.541666984558105
intersection:1, mean_episode_reward:-0.5027777552604675, mean_queue:10.355555534362793
intersection:2, mean_episode_reward:-0.379444420337677, mean_queue:10.719444274902344
intersection:3, mean_episode_reward:-1.2425001859664917, mean_queue:10.11388874053955
intersection:4, mean_episode_reward:-0.5125002264976501, mean_queue:10.858333587646484
intersection:5, mean_episode_reward:0.03833334147930145, mean_queue:10.183333396911621
intersection:6, mean_episode_reward:0.2858331799507141, mean_queue:10.677778244018555
intersection:7, mean_episode_reward:-0.5908332467079163, mean_queue:10.244444847106934
intersection:8, mean_episode_reward:-0.40499958395957947, mean_queue:10.452777862548828
intersection:9, mean_episode_reward:-0.12361110001802444, mean_queue:10.341666221618652
intersection:10, mean_episode_reward:0.038055580109357834, mean_queue:10.663888931274414
intersection:11, mean_episode_reward:-0.3811113238334656, mean_queue:10.316666603088379
intersection:12, mean_episode_reward:-1.1027774810791016, mean_queue:10.683333396911621
intersection:13, mean_episode_reward:-0.5005554556846619, mean_queue:10.44444465637207
intersection:14, mean_episode_reward:-0.3755554258823395, mean_queue:10.308333396911621
intersection:15, mean_episode_reward:-1.3508336544036865, mean_queue:10.572221755981445
intersection:16, mean_episode_reward:0.017500005662441254, mean_queue:0.7749999761581421
intersection:17, mean_episode_reward:0.11722221225500107, mean_queue:0.7777777910232544
intersection:18, mean_episode_reward:0.09833330661058426, mean_queue:0.7888888716697693
intersection:19, mean_episode_reward:0.12027781456708908, mean_queue:0.8166666626930237
intersection:20, mean_episode_reward:0.19722217321395874, mean_queue:0.7527777552604675
intersection:21, mean_episode_reward:0.12833333015441895, mean_queue:0.8138889074325562
intersection:22, mean_episode_reward:0.10722219944000244, mean_queue:0.7888888716697693
intersection:23, mean_episode_reward:0.021944427862763405, mean_queue:0.7805555462837219
intersection:24, mean_episode_reward:0.2016666680574417, mean_queue:0.7749999761581421
intersection:25, mean_episode_reward:0.1638888269662857, mean_queue:0.7749999761581421
intersection:26, mean_episode_reward:0.13805556297302246, mean_queue:0.75
intersection:27, mean_episode_reward:0.193888857960701, mean_queue:0.769444465637207
intersection:28, mean_episode_reward:0.1619444042444229, mean_queue:0.7833333611488342
intersection:29, mean_episode_reward:0.19138897955417633, mean_queue:0.8333333134651184
intersection:30, mean_episode_reward:0.11055554449558258, mean_queue:0.8722222447395325
intersection:31, mean_episode_reward:0.08916668593883514, mean_queue:0.8083333373069763
Test step:176/200, travel time :202.21775312066575, rewards:-6.156945122612847, queue:5.646267361111111, delay:0.046271498998006186, throughput:1442
step:3600/3600, q_loss:0.6234663128852844, rewards:-6.121389431423611, queue:5.657986111111111, delay:0.047614240646362306, throughput:1441
episode:177/200, real avg travel time:203.0
intersection:0, mean_episode_reward:-1.0738890171051025, mean_queue:10.688888549804688
intersection:1, mean_episode_reward:-0.41666680574417114, mean_queue:10.413888931274414
intersection:2, mean_episode_reward:-0.5394445061683655, mean_queue:10.774999618530273
intersection:3, mean_episode_reward:-1.2283326387405396, mean_queue:10.225000381469727
intersection:4, mean_episode_reward:-0.7894439697265625, mean_queue:11.097222328186035
intersection:5, mean_episode_reward:0.12222224473953247, mean_queue:10.266666412353516
intersection:6, mean_episode_reward:0.13499999046325684, mean_queue:10.741666793823242
intersection:7, mean_episode_reward:-0.47527801990509033, mean_queue:10.233333587646484
intersection:8, mean_episode_reward:-0.2811111807823181, mean_queue:10.452777862548828
intersection:9, mean_episode_reward:-0.24222224950790405, mean_queue:10.5
intersection:10, mean_episode_reward:0.016111144796013832, mean_queue:10.766666412353516
intersection:11, mean_episode_reward:-0.21722231805324554, mean_queue:10.247221946716309
intersection:12, mean_episode_reward:-1.1200003623962402, mean_queue:10.699999809265137
intersection:13, mean_episode_reward:-0.4719447195529938, mean_queue:10.38611125946045
intersection:14, mean_episode_reward:-0.3083333969116211, mean_queue:10.338889122009277
intersection:15, mean_episode_reward:-1.358055591583252, mean_queue:10.561111450195312
intersection:16, mean_episode_reward:0.15138886868953705, mean_queue:0.7749999761581421
intersection:17, mean_episode_reward:0.11500001698732376, mean_queue:0.7777777910232544
intersection:18, mean_episode_reward:0.1038888543844223, mean_queue:0.7888888716697693
intersection:19, mean_episode_reward:0.1227777823805809, mean_queue:0.8166666626930237
intersection:20, mean_episode_reward:0.1916666030883789, mean_queue:0.7527777552604675
intersection:21, mean_episode_reward:0.12472222745418549, mean_queue:0.8138889074325562
intersection:22, mean_episode_reward:0.08194442093372345, mean_queue:0.7888888716697693
intersection:23, mean_episode_reward:0.07305554300546646, mean_queue:0.7805555462837219
intersection:24, mean_episode_reward:0.21027781069278717, mean_queue:0.7749999761581421
intersection:25, mean_episode_reward:0.11444442719221115, mean_queue:0.7749999761581421
intersection:26, mean_episode_reward:0.15222224593162537, mean_queue:0.75
intersection:27, mean_episode_reward:0.16499997675418854, mean_queue:0.769444465637207
intersection:28, mean_episode_reward:0.1638888418674469, mean_queue:0.7833333611488342
intersection:29, mean_episode_reward:0.1830555647611618, mean_queue:0.8333333134651184
intersection:30, mean_episode_reward:0.10694442689418793, mean_queue:0.8722222447395325
intersection:31, mean_episode_reward:0.06694445013999939, mean_queue:0.8083333373069763
Test step:177/200, travel time :206.02011095700416, rewards:-6.107222493489584, queue:5.672829861111111, delay:0.04953309165106879, throughput:1442
step:3600/3600, q_loss:0.6145578026771545, rewards:-6.103331841362847, queue:5.647048611111111, delay:0.04688089158799913, throughput:1442
episode:178/200, real avg travel time:201.86546463245492
intersection:0, mean_episode_reward:-0.9474997520446777, mean_queue:10.480555534362793
intersection:1, mean_episode_reward:-0.4813890755176544, mean_queue:10.405555725097656
intersection:2, mean_episode_reward:-0.478055477142334, mean_queue:10.686111450195312
intersection:3, mean_episode_reward:-1.1652768850326538, mean_queue:10.147222518920898
intersection:4, mean_episode_reward:-0.7322224378585815, mean_queue:10.938888549804688
intersection:5, mean_episode_reward:0.2530556321144104, mean_queue:10.158333778381348
intersection:6, mean_episode_reward:0.12499997019767761, mean_queue:10.744444847106934
intersection:7, mean_episode_reward:-0.5466666221618652, mean_queue:10.23611068725586
intersection:8, mean_episode_reward:-0.3902773857116699, mean_queue:10.44444465637207
intersection:9, mean_episode_reward:-0.32583320140838623, mean_queue:10.591666221618652
intersection:10, mean_episode_reward:-0.10527773946523666, mean_queue:10.936111450195312
intersection:11, mean_episode_reward:-0.2377777248620987, mean_queue:10.341666221618652
intersection:12, mean_episode_reward:-1.0119445323944092, mean_queue:10.608333587646484
intersection:13, mean_episode_reward:-0.3297223448753357, mean_queue:10.422222137451172
intersection:14, mean_episode_reward:-0.36861106753349304, mean_queue:10.399999618530273
intersection:15, mean_episode_reward:-1.2741669416427612, mean_queue:10.502778053283691
intersection:16, mean_episode_reward:0.06527777016162872, mean_queue:0.7749999761581421
intersection:17, mean_episode_reward:0.12861110270023346, mean_queue:0.7777777910232544
intersection:18, mean_episode_reward:0.10805558413267136, mean_queue:0.7888888716697693
intersection:19, mean_episode_reward:0.12694448232650757, mean_queue:0.8166666626930237
intersection:20, mean_episode_reward:0.1613887995481491, mean_queue:0.7527777552604675
intersection:21, mean_episode_reward:0.14472223818302155, mean_queue:0.8138889074325562
intersection:22, mean_episode_reward:0.06388888508081436, mean_queue:0.7888888716697693
intersection:23, mean_episode_reward:0.08000007271766663, mean_queue:0.7805555462837219
intersection:24, mean_episode_reward:0.1577778160572052, mean_queue:0.7749999761581421
intersection:25, mean_episode_reward:0.10972221940755844, mean_queue:0.7749999761581421
intersection:26, mean_episode_reward:0.13972221314907074, mean_queue:0.75
intersection:27, mean_episode_reward:0.1619444489479065, mean_queue:0.769444465637207
intersection:28, mean_episode_reward:0.15416662395000458, mean_queue:0.7833333611488342
intersection:29, mean_episode_reward:0.13944445550441742, mean_queue:0.8333333134651184
intersection:30, mean_episode_reward:0.10361108928918839, mean_queue:0.8722222447395325
intersection:31, mean_episode_reward:0.06805556267499924, mean_queue:0.8083333373069763
Test step:178/200, travel time :203.20902777777778, rewards:-6.024723307291667, queue:5.656770833333334, delay:0.04722922643025716, throughput:1440
step:3600/3600, q_loss:0.6184585690498352, rewards:-6.213332790798611, queue:5.676736111111111, delay:0.049640931023491756, throughput:1441
episode:179/200, real avg travel time:205.99653018736987
intersection:0, mean_episode_reward:-0.8380556106567383, mean_queue:10.61111068725586
intersection:1, mean_episode_reward:-0.6452778577804565, mean_queue:10.652777671813965
intersection:2, mean_episode_reward:-0.5522220134735107, mean_queue:10.902777671813965
intersection:3, mean_episode_reward:-1.2366665601730347, mean_queue:10.119444847106934
intersection:4, mean_episode_reward:-0.723333477973938, mean_queue:10.977777481079102
intersection:5, mean_episode_reward:0.19388887286186218, mean_queue:10.241666793823242
intersection:6, mean_episode_reward:0.2388889342546463, mean_queue:10.86111068725586
intersection:7, mean_episode_reward:-0.5205556154251099, mean_queue:10.225000381469727
intersection:8, mean_episode_reward:-0.39138874411582947, mean_queue:10.48888874053955
intersection:9, mean_episode_reward:-0.09916667640209198, mean_queue:10.497221946716309
intersection:10, mean_episode_reward:-0.11416661739349365, mean_queue:10.788888931274414
intersection:11, mean_episode_reward:-0.32027775049209595, mean_queue:10.31944465637207
intersection:12, mean_episode_reward:-1.0966660976409912, mean_queue:10.83055591583252
intersection:13, mean_episode_reward:-0.5455555319786072, mean_queue:10.566666603088379
intersection:14, mean_episode_reward:-0.29611101746559143, mean_queue:10.347222328186035
intersection:15, mean_episode_reward:-1.352222204208374, mean_queue:10.563888549804688
intersection:16, mean_episode_reward:0.025833342224359512, mean_queue:0.7749999761581421
intersection:17, mean_episode_reward:0.12472223490476608, mean_queue:0.7777777910232544
intersection:18, mean_episode_reward:0.11750002950429916, mean_queue:0.7888888716697693
intersection:19, mean_episode_reward:0.1344444751739502, mean_queue:0.8166666626930237
intersection:20, mean_episode_reward:0.19249992072582245, mean_queue:0.7527777552604675
intersection:21, mean_episode_reward:0.12777777016162872, mean_queue:0.8138889074325562
intersection:22, mean_episode_reward:0.0761110931634903, mean_queue:0.7888888716697693
intersection:23, mean_episode_reward:0.021666651591658592, mean_queue:0.7805555462837219
intersection:24, mean_episode_reward:0.20194441080093384, mean_queue:0.7749999761581421
intersection:25, mean_episode_reward:0.17749997973442078, mean_queue:0.7749999761581421
intersection:26, mean_episode_reward:0.13750001788139343, mean_queue:0.75
intersection:27, mean_episode_reward:0.17861106991767883, mean_queue:0.769444465637207
intersection:28, mean_episode_reward:0.17527776956558228, mean_queue:0.7833333611488342
intersection:29, mean_episode_reward:0.19055557250976562, mean_queue:0.8333333134651184
intersection:30, mean_episode_reward:0.10722219944000244, mean_queue:0.8722222447395325
intersection:31, mean_episode_reward:0.09638889133930206, mean_queue:0.8083333373069763
Test step:179/200, travel time :201.904432132964, rewards:-6.026946343315972, queue:5.63828125, delay:0.04704277780320909, throughput:1444
step:3600/3600, q_loss:0.6168091893196106, rewards:-6.094443088107639, queue:5.6539930555555555, delay:0.04726276397705078, throughput:1439
episode:180/200, real avg travel time:203.22168172341904
intersection:0, mean_episode_reward:-0.92249995470047, mean_queue:10.583333015441895
intersection:1, mean_episode_reward:-0.4063887298107147, mean_queue:10.438888549804688
intersection:2, mean_episode_reward:-0.41527774930000305, mean_queue:10.702777862548828
intersection:3, mean_episode_reward:-1.2297217845916748, mean_queue:10.155555725097656
intersection:4, mean_episode_reward:-0.6588889360427856, mean_queue:10.98888874053955
intersection:5, mean_episode_reward:-0.15388888120651245, mean_queue:10.300000190734863
intersection:6, mean_episode_reward:0.14638884365558624, mean_queue:10.791666984558105
intersection:7, mean_episode_reward:-0.42277780175209045, mean_queue:10.252778053283691
intersection:8, mean_episode_reward:-0.20805570483207703, mean_queue:10.627778053283691
intersection:9, mean_episode_reward:-0.3008333146572113, mean_queue:10.51388931274414
intersection:10, mean_episode_reward:0.043333303183317184, mean_queue:10.58055591583252
intersection:11, mean_episode_reward:-0.4813888669013977, mean_queue:10.375
intersection:12, mean_episode_reward:-1.0250002145767212, mean_queue:10.713889122009277
intersection:13, mean_episode_reward:-0.5538888573646545, mean_queue:10.472222328186035
intersection:14, mean_episode_reward:-0.3563889265060425, mean_queue:10.286110877990723
intersection:15, mean_episode_reward:-1.2352776527404785, mean_queue:10.483333587646484
intersection:16, mean_episode_reward:0.058333318680524826, mean_queue:0.7749999761581421
intersection:17, mean_episode_reward:0.1297222375869751, mean_queue:0.7777777910232544
intersection:18, mean_episode_reward:0.1158333569765091, mean_queue:0.7888888716697693
intersection:19, mean_episode_reward:0.13361114263534546, mean_queue:0.8166666626930237
intersection:20, mean_episode_reward:0.19249990582466125, mean_queue:0.7527777552604675
intersection:21, mean_episode_reward:0.1550000011920929, mean_queue:0.8138889074325562
intersection:22, mean_episode_reward:0.09805548936128616, mean_queue:0.7888888716697693
intersection:23, mean_episode_reward:0.008888882584869862, mean_queue:0.7805555462837219
intersection:24, mean_episode_reward:0.1647222340106964, mean_queue:0.7749999761581421
intersection:25, mean_episode_reward:0.18861109018325806, mean_queue:0.7749999761581421
intersection:26, mean_episode_reward:0.15416669845581055, mean_queue:0.75
intersection:27, mean_episode_reward:0.1916666179895401, mean_queue:0.769444465637207
intersection:28, mean_episode_reward:0.13777779042720795, mean_queue:0.7833333611488342
intersection:29, mean_episode_reward:0.17333337664604187, mean_queue:0.8333333134651184
intersection:30, mean_episode_reward:0.10916666686534882, mean_queue:0.8722222447395325
intersection:31, mean_episode_reward:0.07472223043441772, mean_queue:0.8083333373069763
Test step:180/200, travel time :201.92152777777778, rewards:-6.184444851345486, queue:5.638715277777778, delay:0.04660390747918023, throughput:1440
step:3600/3600, q_loss:0.6192857623100281, rewards:-6.182223171657986, queue:5.6506944444444445, delay:0.0467854552798801, throughput:1444
episode:181/200, real avg travel time:202.5207756232687
intersection:0, mean_episode_reward:-1.0166665315628052, mean_queue:10.597222328186035
intersection:1, mean_episode_reward:-0.4252777099609375, mean_queue:10.286110877990723
intersection:2, mean_episode_reward:-0.42249998450279236, mean_queue:10.755555152893066
intersection:3, mean_episode_reward:-1.3408335447311401, mean_queue:10.227777481079102
intersection:4, mean_episode_reward:-0.6538891196250916, mean_queue:10.983333587646484
intersection:5, mean_episode_reward:0.10444440692663193, mean_queue:10.11388874053955
intersection:6, mean_episode_reward:0.2044445276260376, mean_queue:10.711111068725586
intersection:7, mean_episode_reward:-0.4975000023841858, mean_queue:10.163888931274414
intersection:8, mean_episode_reward:-0.27500003576278687, mean_queue:10.550000190734863
intersection:9, mean_episode_reward:-0.17083334922790527, mean_queue:10.358333587646484
intersection:10, mean_episode_reward:-0.10055557638406754, mean_queue:10.855555534362793
intersection:11, mean_episode_reward:-0.2194444090127945, mean_queue:10.36388874053955
intersection:12, mean_episode_reward:-1.0105561017990112, mean_queue:10.79444408416748
intersection:13, mean_episode_reward:-0.6899998784065247, mean_queue:10.566666603088379
intersection:14, mean_episode_reward:-0.2766668200492859, mean_queue:10.336111068725586
intersection:15, mean_episode_reward:-1.3450002670288086, mean_queue:10.497221946716309
intersection:16, mean_episode_reward:0.03638889268040657, mean_queue:0.7749999761581421
intersection:17, mean_episode_reward:0.11444446444511414, mean_queue:0.7777777910232544
intersection:18, mean_episode_reward:0.08055555820465088, mean_queue:0.7888888716697693
intersection:19, mean_episode_reward:0.11972226202487946, mean_queue:0.8166666626930237
intersection:20, mean_episode_reward:0.1822221279144287, mean_queue:0.7527777552604675
intersection:21, mean_episode_reward:0.14944444596767426, mean_queue:0.8138889074325562
intersection:22, mean_episode_reward:0.08138886839151382, mean_queue:0.7888888716697693
intersection:23, mean_episode_reward:0.006944444961845875, mean_queue:0.7805555462837219
intersection:24, mean_episode_reward:0.1738889217376709, mean_queue:0.7749999761581421
intersection:25, mean_episode_reward:0.13611111044883728, mean_queue:0.7749999761581421
intersection:26, mean_episode_reward:0.17138893902301788, mean_queue:0.75
intersection:27, mean_episode_reward:0.18666668236255646, mean_queue:0.769444465637207
intersection:28, mean_episode_reward:0.15916664898395538, mean_queue:0.7833333611488342
intersection:29, mean_episode_reward:0.16249999403953552, mean_queue:0.8333333134651184
intersection:30, mean_episode_reward:0.11472218483686447, mean_queue:0.8722222447395325
intersection:31, mean_episode_reward:0.07805556058883667, mean_queue:0.8083333373069763
Test step:181/200, travel time :205.4259002770083, rewards:-6.001944308810764, queue:5.680208333333334, delay:0.04904794692993164, throughput:1444
step:3600/3600, q_loss:0.620079517364502, rewards:-6.132223849826389, queue:5.659288194444445, delay:0.04739564259847005, throughput:1444
episode:182/200, real avg travel time:202.97368421052633
intersection:0, mean_episode_reward:-1.0119445323944092, mean_queue:10.588889122009277
intersection:1, mean_episode_reward:-0.3522222638130188, mean_queue:10.311111450195312
intersection:2, mean_episode_reward:-0.6974999904632568, mean_queue:11.022222518920898
intersection:3, mean_episode_reward:-1.1344448328018188, mean_queue:10.036110877990723
intersection:4, mean_episode_reward:-0.8088890910148621, mean_queue:11.058333396911621
intersection:5, mean_episode_reward:0.12861107289791107, mean_queue:10.16944408416748
intersection:6, mean_episode_reward:0.38777774572372437, mean_queue:10.755555152893066
intersection:7, mean_episode_reward:-0.6672223210334778, mean_queue:10.297222137451172
intersection:8, mean_episode_reward:-0.25250011682510376, mean_queue:10.530555725097656
intersection:9, mean_episode_reward:-0.0005555783282034099, mean_queue:10.300000190734863
intersection:10, mean_episode_reward:0.07222222536802292, mean_queue:10.691666603088379
intersection:11, mean_episode_reward:-0.24388889968395233, mean_queue:10.322221755981445
intersection:12, mean_episode_reward:-1.2297227382659912, mean_queue:10.847222328186035
intersection:13, mean_episode_reward:-0.630000114440918, mean_queue:10.472222328186035
intersection:14, mean_episode_reward:-0.3858332633972168, mean_queue:10.350000381469727
intersection:15, mean_episode_reward:-1.4805554151535034, mean_queue:10.683333396911621
intersection:16, mean_episode_reward:0.04833332821726799, mean_queue:0.7749999761581421
intersection:17, mean_episode_reward:0.10888887196779251, mean_queue:0.7777777910232544
intersection:18, mean_episode_reward:0.12416668236255646, mean_queue:0.7888888716697693
intersection:19, mean_episode_reward:0.14333337545394897, mean_queue:0.8166666626930237
intersection:20, mean_episode_reward:0.1872221678495407, mean_queue:0.7527777552604675
intersection:21, mean_episode_reward:0.1322222203016281, mean_queue:0.8138889074325562
intersection:22, mean_episode_reward:0.09749992191791534, mean_queue:0.7888888716697693
intersection:23, mean_episode_reward:0.022222211584448814, mean_queue:0.7805555462837219
intersection:24, mean_episode_reward:0.159722238779068, mean_queue:0.7749999761581421
intersection:25, mean_episode_reward:0.28638896346092224, mean_queue:0.7749999761581421
intersection:26, mean_episode_reward:0.12638889253139496, mean_queue:0.75
intersection:27, mean_episode_reward:0.2011110782623291, mean_queue:0.769444465637207
intersection:28, mean_episode_reward:0.15805551409721375, mean_queue:0.7833333611488342
intersection:29, mean_episode_reward:0.16250000894069672, mean_queue:0.8333333134651184
intersection:30, mean_episode_reward:0.11388885974884033, mean_queue:0.8722222447395325
intersection:31, mean_episode_reward:0.10250000655651093, mean_queue:0.8083333373069763
Test step:182/200, travel time :203.53910034602077, rewards:-6.266388617621528, queue:5.658333333333333, delay:0.048222923278808595, throughput:1445
step:3600/3600, q_loss:0.6162399649620056, rewards:-6.217222086588541, queue:5.663107638888889, delay:0.04782087537977431, throughput:1443
episode:183/200, real avg travel time:203.6943866943867
intersection:0, mean_episode_reward:-1.1408329010009766, mean_queue:10.711111068725586
intersection:1, mean_episode_reward:-0.34194445610046387, mean_queue:10.222222328186035
intersection:2, mean_episode_reward:-0.40166667103767395, mean_queue:10.733333587646484
intersection:3, mean_episode_reward:-1.181944489479065, mean_queue:10.130555152893066
intersection:4, mean_episode_reward:-0.5522222518920898, mean_queue:10.93055534362793
intersection:5, mean_episode_reward:0.18861117959022522, mean_queue:10.122221946716309
intersection:6, mean_episode_reward:0.09666666388511658, mean_queue:10.769444465637207
intersection:7, mean_episode_reward:-0.57527756690979, mean_queue:10.316666603088379
intersection:8, mean_episode_reward:-0.43694454431533813, mean_queue:10.55555534362793
intersection:9, mean_episode_reward:-0.2688888609409332, mean_queue:10.45555591583252
intersection:10, mean_episode_reward:0.15583331882953644, mean_queue:10.76388931274414
intersection:11, mean_episode_reward:-0.4147222638130188, mean_queue:10.51111125946045
intersection:12, mean_episode_reward:-1.1836109161376953, mean_queue:10.86111068725586
intersection:13, mean_episode_reward:-0.23500026762485504, mean_queue:10.38888931274414
intersection:14, mean_episode_reward:-0.4111109972000122, mean_queue:10.411110877990723
intersection:15, mean_episode_reward:-1.480555772781372, mean_queue:10.675000190734863
intersection:16, mean_episode_reward:0.061944425106048584, mean_queue:0.7749999761581421
intersection:17, mean_episode_reward:0.10833331942558289, mean_queue:0.7777777910232544
intersection:18, mean_episode_reward:0.09555552899837494, mean_queue:0.7888888716697693
intersection:19, mean_episode_reward:0.16361114382743835, mean_queue:0.8166666626930237
intersection:20, mean_episode_reward:0.20416666567325592, mean_queue:0.7527777552604675
intersection:21, mean_episode_reward:0.12166667729616165, mean_queue:0.8138889074325562
intersection:22, mean_episode_reward:0.07999996840953827, mean_queue:0.7888888716697693
intersection:23, mean_episode_reward:0.022222211584448814, mean_queue:0.7805555462837219
intersection:24, mean_episode_reward:0.17027778923511505, mean_queue:0.7749999761581421
intersection:25, mean_episode_reward:0.11611109972000122, mean_queue:0.7749999761581421
intersection:26, mean_episode_reward:0.12944446504116058, mean_queue:0.75
intersection:27, mean_episode_reward:0.17638887465000153, mean_queue:0.769444465637207
intersection:28, mean_episode_reward:0.15333332121372223, mean_queue:0.7833333611488342
intersection:29, mean_episode_reward:0.14722226560115814, mean_queue:0.8333333134651184
intersection:30, mean_episode_reward:0.10833331942558289, mean_queue:0.8722222447395325
intersection:31, mean_episode_reward:0.10777778923511505, mean_queue:0.8083333373069763
Test step:183/200, travel time :203.31319444444443, rewards:-6.069445122612847, queue:5.661111111111111, delay:0.04740247196621365, throughput:1440
step:3600/3600, q_loss:0.6203901767730713, rewards:-5.980278862847222, queue:5.650173611111111, delay:0.04781901571485731, throughput:1439
episode:184/200, real avg travel time:203.43710910354412
intersection:0, mean_episode_reward:-1.0861108303070068, mean_queue:10.655555725097656
intersection:1, mean_episode_reward:-0.4658333361148834, mean_queue:10.433333396911621
intersection:2, mean_episode_reward:-0.3355556130409241, mean_queue:10.672222137451172
intersection:3, mean_episode_reward:-1.2758333683013916, mean_queue:10.211111068725586
intersection:4, mean_episode_reward:-0.6436113119125366, mean_queue:10.938888549804688
intersection:5, mean_episode_reward:0.06916666775941849, mean_queue:10.269444465637207
intersection:6, mean_episode_reward:0.1830555647611618, mean_queue:10.713889122009277
intersection:7, mean_episode_reward:-0.44916656613349915, mean_queue:10.186111450195312
intersection:8, mean_episode_reward:-0.4466666281223297, mean_queue:10.561111450195312
intersection:9, mean_episode_reward:-0.15916666388511658, mean_queue:10.336111068725586
intersection:10, mean_episode_reward:0.07277778536081314, mean_queue:10.73888874053955
intersection:11, mean_episode_reward:-0.15638884902000427, mean_queue:10.375
intersection:12, mean_episode_reward:-1.0527780055999756, mean_queue:10.733333587646484
intersection:13, mean_episode_reward:-0.4794444143772125, mean_queue:10.311111450195312
intersection:14, mean_episode_reward:-0.5213887691497803, mean_queue:10.350000381469727
intersection:15, mean_episode_reward:-1.4377785921096802, mean_queue:10.658333778381348
intersection:16, mean_episode_reward:0.07666665315628052, mean_queue:0.7749999761581421
intersection:17, mean_episode_reward:0.12194442003965378, mean_queue:0.7777777910232544
intersection:18, mean_episode_reward:0.18500006198883057, mean_queue:0.7888888716697693
intersection:19, mean_episode_reward:0.14166668057441711, mean_queue:0.8166666626930237
intersection:20, mean_episode_reward:0.16499993205070496, mean_queue:0.7527777552604675
intersection:21, mean_episode_reward:0.1316666603088379, mean_queue:0.8138889074325562
intersection:22, mean_episode_reward:0.15833330154418945, mean_queue:0.7888888716697693
intersection:23, mean_episode_reward:0.02833331748843193, mean_queue:0.7805555462837219
intersection:24, mean_episode_reward:0.2061111032962799, mean_queue:0.7749999761581421
intersection:25, mean_episode_reward:0.14888888597488403, mean_queue:0.7749999761581421
intersection:26, mean_episode_reward:0.15666672587394714, mean_queue:0.75
intersection:27, mean_episode_reward:0.17722220718860626, mean_queue:0.769444465637207
intersection:28, mean_episode_reward:0.16277773678302765, mean_queue:0.7833333611488342
intersection:29, mean_episode_reward:0.134444460272789, mean_queue:0.8333333134651184
intersection:30, mean_episode_reward:0.12277774512767792, mean_queue:0.8722222447395325
intersection:31, mean_episode_reward:0.08694446086883545, mean_queue:0.8083333373069763
Test step:184/200, travel time :202.60166551006245, rewards:-5.952222357855903, queue:5.6515625, delay:0.04645407994588216, throughput:1441
step:3600/3600, q_loss:0.6104533076286316, rewards:-5.936110432942709, queue:5.655121527777778, delay:0.04725457827250163, throughput:1444
episode:185/200, real avg travel time:202.98891966759004
intersection:0, mean_episode_reward:-0.9922223687171936, mean_queue:10.616666793823242
intersection:1, mean_episode_reward:-0.43277767300605774, mean_queue:10.313888549804688
intersection:2, mean_episode_reward:-0.4755553901195526, mean_queue:10.730555534362793
intersection:3, mean_episode_reward:-1.2016663551330566, mean_queue:10.149999618530273
intersection:4, mean_episode_reward:-0.6158334016799927, mean_queue:10.869444847106934
intersection:5, mean_episode_reward:0.11305555701255798, mean_queue:10.23611068725586
intersection:6, mean_episode_reward:0.09416667371988297, mean_queue:10.786110877990723
intersection:7, mean_episode_reward:-0.4850000739097595, mean_queue:10.16944408416748
intersection:8, mean_episode_reward:-0.23555554449558258, mean_queue:10.51111125946045
intersection:9, mean_episode_reward:-0.19555552303791046, mean_queue:10.44444465637207
intersection:10, mean_episode_reward:-0.07111115753650665, mean_queue:10.827777862548828
intersection:11, mean_episode_reward:-0.11749998480081558, mean_queue:10.227777481079102
intersection:12, mean_episode_reward:-1.1336114406585693, mean_queue:10.79444408416748
intersection:13, mean_episode_reward:-0.5369443893432617, mean_queue:10.483333587646484
intersection:14, mean_episode_reward:-0.395833283662796, mean_queue:10.480555534362793
intersection:15, mean_episode_reward:-1.4874993562698364, mean_queue:10.661110877990723
intersection:16, mean_episode_reward:0.14027774333953857, mean_queue:0.7749999761581421
intersection:17, mean_episode_reward:0.11333334445953369, mean_queue:0.7777777910232544
intersection:18, mean_episode_reward:0.10805558413267136, mean_queue:0.7888888716697693
intersection:19, mean_episode_reward:0.1325000375509262, mean_queue:0.8166666626930237
intersection:20, mean_episode_reward:0.17166656255722046, mean_queue:0.7527777552604675
intersection:21, mean_episode_reward:0.13555553555488586, mean_queue:0.8138889074325562
intersection:22, mean_episode_reward:0.11694443225860596, mean_queue:0.7888888716697693
intersection:23, mean_episode_reward:0.022222211584448814, mean_queue:0.7805555462837219
intersection:24, mean_episode_reward:0.2386111617088318, mean_queue:0.7749999761581421
intersection:25, mean_episode_reward:0.24638892710208893, mean_queue:0.7749999761581421
intersection:26, mean_episode_reward:0.1297222375869751, mean_queue:0.75
intersection:27, mean_episode_reward:0.1755555421113968, mean_queue:0.769444465637207
intersection:28, mean_episode_reward:0.1661110818386078, mean_queue:0.7833333611488342
intersection:29, mean_episode_reward:0.15027779340744019, mean_queue:0.8333333134651184
intersection:30, mean_episode_reward:0.11166663467884064, mean_queue:0.8722222447395325
intersection:31, mean_episode_reward:0.07444445043802261, mean_queue:0.8083333373069763
Test step:185/200, travel time :201.81774081774083, rewards:-6.023333062065972, queue:5.640798611111111, delay:0.046366712782118055, throughput:1443
step:3600/3600, q_loss:0.6115604043006897, rewards:-6.03583238389757, queue:5.665972222222222, delay:0.04842354456583659, throughput:1443
episode:186/200, real avg travel time:203.973665973666
intersection:0, mean_episode_reward:-0.8136110901832581, mean_queue:10.577777862548828
intersection:1, mean_episode_reward:-0.48583319783210754, mean_queue:10.347222328186035
intersection:2, mean_episode_reward:-0.6044442653656006, mean_queue:10.922222137451172
intersection:3, mean_episode_reward:-1.129721999168396, mean_queue:10.241666793823242
intersection:4, mean_episode_reward:-0.6611109972000122, mean_queue:11.061111450195312
intersection:5, mean_episode_reward:0.24166660010814667, mean_queue:10.291666984558105
intersection:6, mean_episode_reward:-0.05916663631796837, mean_queue:10.938888549804688
intersection:7, mean_episode_reward:-0.3658333122730255, mean_queue:10.172222137451172
intersection:8, mean_episode_reward:-0.44166648387908936, mean_queue:10.572221755981445
intersection:9, mean_episode_reward:-0.027222193777561188, mean_queue:10.30555534362793
intersection:10, mean_episode_reward:0.01527776475995779, mean_queue:10.791666984558105
intersection:11, mean_episode_reward:-0.3944445252418518, mean_queue:10.380555152893066
intersection:12, mean_episode_reward:-1.0113890171051025, mean_queue:10.633333206176758
intersection:13, mean_episode_reward:-0.6722218990325928, mean_queue:10.51388931274414
intersection:14, mean_episode_reward:-0.3894443213939667, mean_queue:10.391666412353516
intersection:15, mean_episode_reward:-1.3436113595962524, mean_queue:10.508333206176758
intersection:16, mean_episode_reward:0.06777775287628174, mean_queue:0.7749999761581421
intersection:17, mean_episode_reward:0.10499998927116394, mean_queue:0.7777777910232544
intersection:18, mean_episode_reward:0.11861114203929901, mean_queue:0.7888888716697693
intersection:19, mean_episode_reward:0.1319444626569748, mean_queue:0.8166666626930237
intersection:20, mean_episode_reward:0.1791665405035019, mean_queue:0.7527777552604675
intersection:21, mean_episode_reward:0.13472223281860352, mean_queue:0.8138889074325562
intersection:22, mean_episode_reward:0.08805552870035172, mean_queue:0.7888888716697693
intersection:23, mean_episode_reward:0.006666668690741062, mean_queue:0.7805555462837219
intersection:24, mean_episode_reward:0.18000005185604095, mean_queue:0.7749999761581421
intersection:25, mean_episode_reward:0.19083330035209656, mean_queue:0.7749999761581421
intersection:26, mean_episode_reward:0.16472227871418, mean_queue:0.75
intersection:27, mean_episode_reward:0.19583329558372498, mean_queue:0.769444465637207
intersection:28, mean_episode_reward:0.18361110985279083, mean_queue:0.7833333611488342
intersection:29, mean_episode_reward:0.13777780532836914, mean_queue:0.8333333134651184
intersection:30, mean_episode_reward:0.10666663199663162, mean_queue:0.8722222447395325
intersection:31, mean_episode_reward:0.11555558443069458, mean_queue:0.8083333373069763
Test step:186/200, travel time :202.96740638002774, rewards:-6.051112874348958, queue:5.654513888888889, delay:0.047011375427246094, throughput:1442
step:3600/3600, q_loss:0.6119817495346069, rewards:-6.023333740234375, queue:5.677777777777778, delay:0.04913132985432943, throughput:1443
episode:187/200, real avg travel time:205.8801108801109
intersection:0, mean_episode_reward:-0.8916666507720947, mean_queue:10.502778053283691
intersection:1, mean_episode_reward:-0.4277777075767517, mean_queue:10.272222518920898
intersection:2, mean_episode_reward:-0.3713887929916382, mean_queue:10.79444408416748
intersection:3, mean_episode_reward:-1.1108336448669434, mean_queue:10.13611125946045
intersection:4, mean_episode_reward:-0.7933335304260254, mean_queue:11.20555591583252
intersection:5, mean_episode_reward:0.2338889241218567, mean_queue:10.272222518920898
intersection:6, mean_episode_reward:-0.08194439113140106, mean_queue:10.91944408416748
intersection:7, mean_episode_reward:-0.5786110758781433, mean_queue:10.26388931274414
intersection:8, mean_episode_reward:-0.4483335614204407, mean_queue:10.647222518920898
intersection:9, mean_episode_reward:-0.016111090779304504, mean_queue:10.394444465637207
intersection:10, mean_episode_reward:0.17277778685092926, mean_queue:10.811111450195312
intersection:11, mean_episode_reward:-0.41499993205070496, mean_queue:10.552778244018555
intersection:12, mean_episode_reward:-1.2058335542678833, mean_queue:10.813888549804688
intersection:13, mean_episode_reward:-0.5991664528846741, mean_queue:10.411110877990723
intersection:14, mean_episode_reward:-0.23888882994651794, mean_queue:10.31944465637207
intersection:15, mean_episode_reward:-1.4511111974716187, mean_queue:10.711111068725586
intersection:16, mean_episode_reward:0.05194444581866264, mean_queue:0.7749999761581421
intersection:17, mean_episode_reward:0.18777768313884735, mean_queue:0.7777777910232544
intersection:18, mean_episode_reward:0.2477777898311615, mean_queue:0.7888888716697693
intersection:19, mean_episode_reward:0.1269444227218628, mean_queue:0.8166666626930237
intersection:20, mean_episode_reward:0.13972212374210358, mean_queue:0.7527777552604675
intersection:21, mean_episode_reward:0.11388886719942093, mean_queue:0.8138889074325562
intersection:22, mean_episode_reward:0.09749992936849594, mean_queue:0.7888888716697693
intersection:23, mean_episode_reward:0.021944433450698853, mean_queue:0.7805555462837219
intersection:24, mean_episode_reward:0.18611115217208862, mean_queue:0.7749999761581421
intersection:25, mean_episode_reward:0.19749996066093445, mean_queue:0.7749999761581421
intersection:26, mean_episode_reward:0.13583332300186157, mean_queue:0.75
intersection:27, mean_episode_reward:0.1966666281223297, mean_queue:0.769444465637207
intersection:28, mean_episode_reward:0.16055552661418915, mean_queue:0.7833333611488342
intersection:29, mean_episode_reward:0.12611113488674164, mean_queue:0.8333333134651184
intersection:30, mean_episode_reward:0.11611106991767883, mean_queue:0.8722222447395325
intersection:31, mean_episode_reward:0.09361112117767334, mean_queue:0.8083333373069763
Test step:187/200, travel time :202.85773768216515, rewards:-5.930832926432291, queue:5.645833333333333, delay:0.04745946460300022, throughput:1441
step:3600/3600, q_loss:0.6075872778892517, rewards:-5.923888481987847, queue:5.6578993055555555, delay:0.04915475315517849, throughput:1444
episode:188/200, real avg travel time:204.41481994459835
intersection:0, mean_episode_reward:-0.947222113609314, mean_queue:10.588889122009277
intersection:1, mean_episode_reward:-0.4613887667655945, mean_queue:10.41944408416748
intersection:2, mean_episode_reward:-0.4561109244823456, mean_queue:10.755555152893066
intersection:3, mean_episode_reward:-1.0333335399627686, mean_queue:10.108333587646484
intersection:4, mean_episode_reward:-0.7277775406837463, mean_queue:10.980555534362793
intersection:5, mean_episode_reward:0.409166544675827, mean_queue:10.163888931274414
intersection:6, mean_episode_reward:-0.06444442272186279, mean_queue:10.88611125946045
intersection:7, mean_episode_reward:-0.6841667890548706, mean_queue:10.311111450195312
intersection:8, mean_episode_reward:-0.19972223043441772, mean_queue:10.405555725097656
intersection:9, mean_episode_reward:-0.1927778273820877, mean_queue:10.5
intersection:10, mean_episode_reward:0.10249998420476913, mean_queue:10.755555152893066
intersection:11, mean_episode_reward:-0.33861109614372253, mean_queue:10.441666603088379
intersection:12, mean_episode_reward:-1.1138885021209717, mean_queue:10.780555725097656
intersection:13, mean_episode_reward:-0.6349999308586121, mean_queue:10.472222328186035
intersection:14, mean_episode_reward:-0.491111159324646, mean_queue:10.322221755981445
intersection:15, mean_episode_reward:-1.2650002241134644, mean_queue:10.5
intersection:16, mean_episode_reward:0.05388886481523514, mean_queue:0.7749999761581421
intersection:17, mean_episode_reward:0.14305558800697327, mean_queue:0.7777777910232544
intersection:18, mean_episode_reward:0.13055559992790222, mean_queue:0.7888888716697693
intersection:19, mean_episode_reward:0.14277778565883636, mean_queue:0.8166666626930237
intersection:20, mean_episode_reward:0.16472212970256805, mean_queue:0.7527777552604675
intersection:21, mean_episode_reward:0.14027777314186096, mean_queue:0.8138889074325562
intersection:22, mean_episode_reward:0.07444441318511963, mean_queue:0.7888888716697693
intersection:23, mean_episode_reward:0.06916668266057968, mean_queue:0.7805555462837219
intersection:24, mean_episode_reward:0.19833329319953918, mean_queue:0.7749999761581421
intersection:25, mean_episode_reward:0.1941666305065155, mean_queue:0.7749999761581421
intersection:26, mean_episode_reward:0.17861109972000122, mean_queue:0.75
intersection:27, mean_episode_reward:0.1780555546283722, mean_queue:0.769444465637207
intersection:28, mean_episode_reward:0.16944439709186554, mean_queue:0.7833333611488342
intersection:29, mean_episode_reward:0.12638889253139496, mean_queue:0.8333333134651184
intersection:30, mean_episode_reward:0.1202777549624443, mean_queue:0.8722222447395325
intersection:31, mean_episode_reward:0.09083335846662521, mean_queue:0.8083333373069763
Test step:188/200, travel time :205.40373961218836, rewards:-5.999445258246528, queue:5.670399305555556, delay:0.048372009065416124, throughput:1444
step:3600/3600, q_loss:0.6143516302108765, rewards:-6.020834689670139, queue:5.681684027777778, delay:0.04908175998263889, throughput:1445
episode:189/200, real avg travel time:207.1439446366782
intersection:0, mean_episode_reward:-0.860833466053009, mean_queue:10.550000190734863
intersection:1, mean_episode_reward:-0.5061113238334656, mean_queue:10.44444465637207
intersection:2, mean_episode_reward:-0.501944363117218, mean_queue:10.852777481079102
intersection:3, mean_episode_reward:-1.455556035041809, mean_queue:10.288888931274414
intersection:4, mean_episode_reward:-0.7677777409553528, mean_queue:11.108333587646484
intersection:5, mean_episode_reward:0.2200000286102295, mean_queue:10.38611125946045
intersection:6, mean_episode_reward:0.16527782380580902, mean_queue:10.897222518920898
intersection:7, mean_episode_reward:-0.4733332395553589, mean_queue:10.233333587646484
intersection:8, mean_episode_reward:-0.652222216129303, mean_queue:10.625
intersection:9, mean_episode_reward:-0.0716666728258133, mean_queue:10.36388874053955
intersection:10, mean_episode_reward:-0.04999999329447746, mean_queue:10.808333396911621
intersection:11, mean_episode_reward:-0.10861112922430038, mean_queue:10.36111068725586
intersection:12, mean_episode_reward:-1.0999997854232788, mean_queue:10.722222328186035
intersection:13, mean_episode_reward:-0.44333338737487793, mean_queue:10.38888931274414
intersection:14, mean_episode_reward:-0.517777681350708, mean_queue:10.43055534362793
intersection:15, mean_episode_reward:-1.398055911064148, mean_queue:10.691666603088379
intersection:16, mean_episode_reward:0.10694442689418793, mean_queue:0.7749999761581421
intersection:17, mean_episode_reward:0.12583333253860474, mean_queue:0.7777777910232544
intersection:18, mean_episode_reward:0.2733333706855774, mean_queue:0.7888888716697693
intersection:19, mean_episode_reward:0.12361114472150803, mean_queue:0.8166666626930237
intersection:20, mean_episode_reward:0.1611109972000122, mean_queue:0.7527777552604675
intersection:21, mean_episode_reward:0.1180555671453476, mean_queue:0.8138889074325562
intersection:22, mean_episode_reward:0.10249993950128555, mean_queue:0.7888888716697693
intersection:23, mean_episode_reward:0.07972230762243271, mean_queue:0.7805555462837219
intersection:24, mean_episode_reward:0.18222226202487946, mean_queue:0.7749999761581421
intersection:25, mean_episode_reward:0.2674999535083771, mean_queue:0.7749999761581421
intersection:26, mean_episode_reward:0.14916670322418213, mean_queue:0.75
intersection:27, mean_episode_reward:0.1894444078207016, mean_queue:0.769444465637207
intersection:28, mean_episode_reward:0.19749996066093445, mean_queue:0.7833333611488342
intersection:29, mean_episode_reward:0.19222228229045868, mean_queue:0.8333333134651184
intersection:30, mean_episode_reward:0.10444442182779312, mean_queue:0.8722222447395325
intersection:31, mean_episode_reward:0.1274999976158142, mean_queue:0.8083333373069763
Test step:189/200, travel time :204.49167822468794, rewards:-5.91944580078125, queue:5.661631944444444, delay:0.04812296231587728, throughput:1442
step:3600/3600, q_loss:0.6155579686164856, rewards:-5.823890516493056, queue:5.650868055555556, delay:0.047945631874932185, throughput:1441
episode:190/200, real avg travel time:203.0263705759889
intersection:0, mean_episode_reward:-0.9188891649246216, mean_queue:10.51388931274414
intersection:1, mean_episode_reward:-0.5394443273544312, mean_queue:10.375
intersection:2, mean_episode_reward:-0.48111119866371155, mean_queue:10.76388931274414
intersection:3, mean_episode_reward:-1.0583338737487793, mean_queue:10.147222518920898
intersection:4, mean_episode_reward:-0.616944432258606, mean_queue:10.994444847106934
intersection:5, mean_episode_reward:0.3044445216655731, mean_queue:10.16944408416748
intersection:6, mean_episode_reward:-0.06638884544372559, mean_queue:10.88888931274414
intersection:7, mean_episode_reward:-0.495833158493042, mean_queue:10.199999809265137
intersection:8, mean_episode_reward:-0.5338886976242065, mean_queue:10.649999618530273
intersection:9, mean_episode_reward:-0.0930556207895279, mean_queue:10.347222328186035
intersection:10, mean_episode_reward:-0.11638891696929932, mean_queue:10.802778244018555
intersection:11, mean_episode_reward:-0.15833331644535065, mean_queue:10.286110877990723
intersection:12, mean_episode_reward:-1.0216667652130127, mean_queue:10.744444847106934
intersection:13, mean_episode_reward:-0.5363888740539551, mean_queue:10.436111450195312
intersection:14, mean_episode_reward:-0.4069443941116333, mean_queue:10.31944465637207
intersection:15, mean_episode_reward:-1.2866674661636353, mean_queue:10.527777671813965
intersection:16, mean_episode_reward:0.06277775764465332, mean_queue:0.7749999761581421
intersection:17, mean_episode_reward:0.11472222954034805, mean_queue:0.7777777910232544
intersection:18, mean_episode_reward:0.2680555582046509, mean_queue:0.7888888716697693
intersection:19, mean_episode_reward:0.1461111456155777, mean_queue:0.8166666626930237
intersection:20, mean_episode_reward:0.14861102402210236, mean_queue:0.7527777552604675
intersection:21, mean_episode_reward:0.11638887226581573, mean_queue:0.8138889074325562
intersection:22, mean_episode_reward:0.07944442331790924, mean_queue:0.7888888716697693
intersection:23, mean_episode_reward:0.06444444507360458, mean_queue:0.7805555462837219
intersection:24, mean_episode_reward:0.20750001072883606, mean_queue:0.7749999761581421
intersection:25, mean_episode_reward:0.1449999213218689, mean_queue:0.7749999761581421
intersection:26, mean_episode_reward:0.13750001788139343, mean_queue:0.75
intersection:27, mean_episode_reward:0.1758333295583725, mean_queue:0.769444465637207
intersection:28, mean_episode_reward:0.17944441735744476, mean_queue:0.7833333611488342
intersection:29, mean_episode_reward:0.14722223579883575, mean_queue:0.8333333134651184
intersection:30, mean_episode_reward:0.10666663199663162, mean_queue:0.8722222447395325
intersection:31, mean_episode_reward:0.10222223401069641, mean_queue:0.8083333373069763
Test step:190/200, travel time :205.41510741510743, rewards:-5.8477796766493055, queue:5.6765625, delay:0.04748721652560764, throughput:1443
step:3600/3600, q_loss:0.6192581057548523, rewards:-5.961943901909722, queue:5.654253472222222, delay:0.04751635127597385, throughput:1442
episode:191/200, real avg travel time:203.1393897364771
intersection:0, mean_episode_reward:-0.9624995589256287, mean_queue:10.586111068725586
intersection:1, mean_episode_reward:-0.7136109471321106, mean_queue:10.447221755981445
intersection:2, mean_episode_reward:-0.4280557334423065, mean_queue:10.702777862548828
intersection:3, mean_episode_reward:-1.0858335494995117, mean_queue:10.086111068725586
intersection:4, mean_episode_reward:-0.5000000596046448, mean_queue:10.94444465637207
intersection:5, mean_episode_reward:0.13083335757255554, mean_queue:10.241666793823242
intersection:6, mean_episode_reward:0.13888885080814362, mean_queue:10.891666412353516
intersection:7, mean_episode_reward:-0.548611044883728, mean_queue:10.25
intersection:8, mean_episode_reward:-0.37111109495162964, mean_queue:10.588889122009277
intersection:9, mean_episode_reward:-0.08277778327465057, mean_queue:10.377778053283691
intersection:10, mean_episode_reward:-0.026388876140117645, mean_queue:10.73888874053955
intersection:11, mean_episode_reward:-0.28361111879348755, mean_queue:10.213889122009277
intersection:12, mean_episode_reward:-1.1908332109451294, mean_queue:10.824999809265137
intersection:13, mean_episode_reward:-0.6027779579162598, mean_queue:10.502778053283691
intersection:14, mean_episode_reward:-0.36916664242744446, mean_queue:10.358333587646484
intersection:15, mean_episode_reward:-1.305833339691162, mean_queue:10.519444465637207
intersection:16, mean_episode_reward:0.09138885140419006, mean_queue:0.7749999761581421
intersection:17, mean_episode_reward:0.11666665971279144, mean_queue:0.7777777910232544
intersection:18, mean_episode_reward:0.2363889068365097, mean_queue:0.7888888716697693
intersection:19, mean_episode_reward:0.12194449454545975, mean_queue:0.8166666626930237
intersection:20, mean_episode_reward:0.16472212970256805, mean_queue:0.7527777552604675
intersection:21, mean_episode_reward:0.14694446325302124, mean_queue:0.8138889074325562
intersection:22, mean_episode_reward:0.08805552870035172, mean_queue:0.7888888716697693
intersection:23, mean_episode_reward:0.0019444430945441127, mean_queue:0.7805555462837219
intersection:24, mean_episode_reward:0.20750001072883606, mean_queue:0.7749999761581421
intersection:25, mean_episode_reward:0.21166664361953735, mean_queue:0.7749999761581421
intersection:26, mean_episode_reward:0.1780555546283722, mean_queue:0.75
intersection:27, mean_episode_reward:0.18361108005046844, mean_queue:0.769444465637207
intersection:28, mean_episode_reward:0.15138886868953705, mean_queue:0.7833333611488342
intersection:29, mean_episode_reward:0.1486111283302307, mean_queue:0.8333333134651184
intersection:30, mean_episode_reward:0.101666659116745, mean_queue:0.8722222447395325
intersection:31, mean_episode_reward:0.08888892829418182, mean_queue:0.8083333373069763
Test step:191/200, travel time :203.54362880886427, rewards:-5.868612331814236, queue:5.652256944444445, delay:0.04765689108106825, throughput:1444
step:3600/3600, q_loss:0.6225440502166748, rewards:-5.999167209201389, queue:5.656163194444445, delay:0.046977806091308597, throughput:1442
episode:192/200, real avg travel time:203.4008321775312
intersection:0, mean_episode_reward:-0.9225001931190491, mean_queue:10.574999809265137
intersection:1, mean_episode_reward:-0.5216667652130127, mean_queue:10.433333396911621
intersection:2, mean_episode_reward:-0.49000003933906555, mean_queue:10.79444408416748
intersection:3, mean_episode_reward:-1.1447221040725708, mean_queue:10.105555534362793
intersection:4, mean_episode_reward:-0.6038889288902283, mean_queue:10.958333015441895
intersection:5, mean_episode_reward:0.07444446533918381, mean_queue:10.333333015441895
intersection:6, mean_episode_reward:0.17277783155441284, mean_queue:10.866666793823242
intersection:7, mean_episode_reward:-0.44555550813674927, mean_queue:10.23611068725586
intersection:8, mean_episode_reward:-0.14666663110256195, mean_queue:10.461111068725586
intersection:9, mean_episode_reward:-0.23583340644836426, mean_queue:10.355555534362793
intersection:10, mean_episode_reward:-0.0036111129447817802, mean_queue:10.777777671813965
intersection:11, mean_episode_reward:-0.2666666805744171, mean_queue:10.283333778381348
intersection:12, mean_episode_reward:-1.2213889360427856, mean_queue:10.808333396911621
intersection:13, mean_episode_reward:-0.46999990940093994, mean_queue:10.300000190734863
intersection:14, mean_episode_reward:-0.366666704416275, mean_queue:10.369444847106934
intersection:15, mean_episode_reward:-1.4236111640930176, mean_queue:10.677778244018555
intersection:16, mean_episode_reward:0.06138886883854866, mean_queue:0.7749999761581421
intersection:17, mean_episode_reward:0.1063888743519783, mean_queue:0.7777777910232544
intersection:18, mean_episode_reward:0.11611112952232361, mean_queue:0.7888888716697693
intersection:19, mean_episode_reward:0.13777780532836914, mean_queue:0.8166666626930237
intersection:20, mean_episode_reward:0.2055555135011673, mean_queue:0.7527777552604675
intersection:21, mean_episode_reward:0.13805556297302246, mean_queue:0.8138889074325562
intersection:22, mean_episode_reward:0.07666663825511932, mean_queue:0.7888888716697693
intersection:23, mean_episode_reward:-0.0013888863613829017, mean_queue:0.7805555462837219
intersection:24, mean_episode_reward:0.17333336174488068, mean_queue:0.7749999761581421
intersection:25, mean_episode_reward:0.16749997437000275, mean_queue:0.7749999761581421
intersection:26, mean_episode_reward:0.1322222203016281, mean_queue:0.75
intersection:27, mean_episode_reward:0.17749999463558197, mean_queue:0.769444465637207
intersection:28, mean_episode_reward:0.17916664481163025, mean_queue:0.7833333611488342
intersection:29, mean_episode_reward:0.14527778327465057, mean_queue:0.8333333134651184
intersection:30, mean_episode_reward:0.11416663974523544, mean_queue:0.8722222447395325
intersection:31, mean_episode_reward:0.08666668832302094, mean_queue:0.8083333373069763
Test step:192/200, travel time :204.4878387769284, rewards:-6.056389024522569, queue:5.675868055555555, delay:0.04771068361070421, throughput:1439
step:3600/3600, q_loss:0.626198410987854, rewards:-6.020277235243055, queue:5.6722222222222225, delay:0.048197804556952585, throughput:1437
episode:193/200, real avg travel time:204.41614474599862
intersection:0, mean_episode_reward:-1.006388783454895, mean_queue:10.608333587646484
intersection:1, mean_episode_reward:-0.5799997448921204, mean_queue:10.369444847106934
intersection:2, mean_episode_reward:-0.4383332431316376, mean_queue:10.866666793823242
intersection:3, mean_episode_reward:-1.1236109733581543, mean_queue:10.225000381469727
intersection:4, mean_episode_reward:-0.5286111831665039, mean_queue:10.95555591583252
intersection:5, mean_episode_reward:0.19305557012557983, mean_queue:10.222222328186035
intersection:6, mean_episode_reward:0.1361110955476761, mean_queue:10.844444274902344
intersection:7, mean_episode_reward:-0.673888623714447, mean_queue:10.31944465637207
intersection:8, mean_episode_reward:-0.4850000739097595, mean_queue:10.66944408416748
intersection:9, mean_episode_reward:-0.24333322048187256, mean_queue:10.508333206176758
intersection:10, mean_episode_reward:0.08944444358348846, mean_queue:10.774999618530273
intersection:11, mean_episode_reward:-0.22249995172023773, mean_queue:10.322221755981445
intersection:12, mean_episode_reward:-1.3261109590530396, mean_queue:10.894444465637207
intersection:13, mean_episode_reward:-0.5155557990074158, mean_queue:10.394444465637207
intersection:14, mean_episode_reward:-0.3647221028804779, mean_queue:10.30555534362793
intersection:15, mean_episode_reward:-1.309444546699524, mean_queue:10.56944465637207
intersection:16, mean_episode_reward:0.053055539727211, mean_queue:0.7749999761581421
intersection:17, mean_episode_reward:0.13583333790302277, mean_queue:0.7777777910232544
intersection:18, mean_episode_reward:0.27000004053115845, mean_queue:0.7888888716697693
intersection:19, mean_episode_reward:0.1297222524881363, mean_queue:0.8166666626930237
intersection:20, mean_episode_reward:0.20472213625907898, mean_queue:0.7527777552604675
intersection:21, mean_episode_reward:0.11888892203569412, mean_queue:0.8138889074325562
intersection:22, mean_episode_reward:0.09583327919244766, mean_queue:0.7888888716697693
intersection:23, mean_episode_reward:0.07277775555849075, mean_queue:0.7805555462837219
intersection:24, mean_episode_reward:0.2597222924232483, mean_queue:0.7749999761581421
intersection:25, mean_episode_reward:0.19777780771255493, mean_queue:0.7749999761581421
intersection:26, mean_episode_reward:0.1480555683374405, mean_queue:0.75
intersection:27, mean_episode_reward:0.18138885498046875, mean_queue:0.769444465637207
intersection:28, mean_episode_reward:0.15833330154418945, mean_queue:0.7833333611488342
intersection:29, mean_episode_reward:0.17222222685813904, mean_queue:0.8333333134651184
intersection:30, mean_episode_reward:0.10555552691221237, mean_queue:0.8722222447395325
intersection:31, mean_episode_reward:0.07472222298383713, mean_queue:0.8083333373069763
Test step:193/200, travel time :202.6706045865184, rewards:-5.997777642144097, queue:5.652604166666666, delay:0.04786295360989041, throughput:1439
step:3600/3600, q_loss:0.6229496002197266, rewards:-5.858889431423611, queue:5.642447916666667, delay:0.04751456578572591, throughput:1439
episode:194/200, real avg travel time:202.6455872133426
intersection:0, mean_episode_reward:-0.9252778887748718, mean_queue:10.458333015441895
intersection:1, mean_episode_reward:-0.5002779960632324, mean_queue:10.433333396911621
intersection:2, mean_episode_reward:-0.4441666603088379, mean_queue:10.81944465637207
intersection:3, mean_episode_reward:-1.1850005388259888, mean_queue:10.033333778381348
intersection:4, mean_episode_reward:-0.7113886475563049, mean_queue:10.95555591583252
intersection:5, mean_episode_reward:-0.050555519759655, mean_queue:10.283333778381348
intersection:6, mean_episode_reward:0.30444425344467163, mean_queue:10.758333206176758
intersection:7, mean_episode_reward:-0.5416665077209473, mean_queue:10.213889122009277
intersection:8, mean_episode_reward:-0.14638876914978027, mean_queue:10.311111450195312
intersection:9, mean_episode_reward:-0.11888888478279114, mean_queue:10.355555534362793
intersection:10, mean_episode_reward:-0.22527790069580078, mean_queue:10.994444847106934
intersection:11, mean_episode_reward:-0.3613889515399933, mean_queue:10.369444847106934
intersection:12, mean_episode_reward:-1.128333568572998, mean_queue:10.663888931274414
intersection:13, mean_episode_reward:-0.6066668629646301, mean_queue:10.397222518920898
intersection:14, mean_episode_reward:-0.19722217321395874, mean_queue:10.227777481079102
intersection:15, mean_episode_reward:-1.3408325910568237, mean_queue:10.622221946716309
intersection:16, mean_episode_reward:0.07388886064291, mean_queue:0.7749999761581421
intersection:17, mean_episode_reward:0.19027771055698395, mean_queue:0.7777777910232544
intersection:18, mean_episode_reward:0.08083333820104599, mean_queue:0.7888888716697693
intersection:19, mean_episode_reward:0.14027778804302216, mean_queue:0.8166666626930237
intersection:20, mean_episode_reward:0.2083333134651184, mean_queue:0.7527777552604675
intersection:21, mean_episode_reward:0.14916664361953735, mean_queue:0.8138889074325562
intersection:22, mean_episode_reward:0.09777770936489105, mean_queue:0.7888888716697693
intersection:23, mean_episode_reward:0.07972230017185211, mean_queue:0.7805555462837219
intersection:24, mean_episode_reward:0.17500001192092896, mean_queue:0.7749999761581421
intersection:25, mean_episode_reward:0.18777775764465332, mean_queue:0.7749999761581421
intersection:26, mean_episode_reward:0.11083334684371948, mean_queue:0.75
intersection:27, mean_episode_reward:0.18888886272907257, mean_queue:0.769444465637207
intersection:28, mean_episode_reward:0.19944441318511963, mean_queue:0.7833333611488342
intersection:29, mean_episode_reward:0.1413888931274414, mean_queue:0.8333333134651184
intersection:30, mean_episode_reward:0.10055553913116455, mean_queue:0.8722222447395325
intersection:31, mean_episode_reward:0.19583339989185333, mean_queue:0.8083333373069763
Test step:194/200, travel time :204.53958333333333, rewards:-6.093056233723958, queue:5.668229166666666, delay:0.04848477575514051, throughput:1440
step:3600/3600, q_loss:0.6205793023109436, rewards:-6.105000813802083, queue:5.6625, delay:0.048104752434624566, throughput:1441
episode:195/200, real avg travel time:203.88272033310201
intersection:0, mean_episode_reward:-0.9827777147293091, mean_queue:10.586111068725586
intersection:1, mean_episode_reward:-0.506944477558136, mean_queue:10.405555725097656
intersection:2, mean_episode_reward:-0.44944462180137634, mean_queue:10.866666793823242
intersection:3, mean_episode_reward:-1.1344443559646606, mean_queue:10.26111125946045
intersection:4, mean_episode_reward:-0.5397224426269531, mean_queue:10.875
intersection:5, mean_episode_reward:0.08472224324941635, mean_queue:10.25
intersection:6, mean_episode_reward:0.11444441229104996, mean_queue:10.81944465637207
intersection:7, mean_episode_reward:-0.739166259765625, mean_queue:10.336111068725586
intersection:8, mean_episode_reward:-0.25027763843536377, mean_queue:10.411110877990723
intersection:9, mean_episode_reward:-0.11138886213302612, mean_queue:10.436111450195312
intersection:10, mean_episode_reward:-0.055000025779008865, mean_queue:10.741666793823242
intersection:11, mean_episode_reward:-0.15194444358348846, mean_queue:10.336111068725586
intersection:12, mean_episode_reward:-1.3136111497879028, mean_queue:10.81944465637207
intersection:13, mean_episode_reward:-0.44249987602233887, mean_queue:10.391666412353516
intersection:14, mean_episode_reward:-0.24388891458511353, mean_queue:10.288888931274414
intersection:15, mean_episode_reward:-1.5697228908538818, mean_queue:10.713889122009277
intersection:16, mean_episode_reward:0.048888880759477615, mean_queue:0.7749999761581421
intersection:17, mean_episode_reward:0.18444444239139557, mean_queue:0.7777777910232544
intersection:18, mean_episode_reward:0.07527776807546616, mean_queue:0.7888888716697693
intersection:19, mean_episode_reward:0.12444448471069336, mean_queue:0.8166666626930237
intersection:20, mean_episode_reward:0.20166662335395813, mean_queue:0.7527777552604675
intersection:21, mean_episode_reward:0.13833332061767578, mean_queue:0.8138889074325562
intersection:22, mean_episode_reward:0.16305550932884216, mean_queue:0.7888888716697693
intersection:23, mean_episode_reward:0.07055555284023285, mean_queue:0.7805555462837219
intersection:24, mean_episode_reward:0.20305553078651428, mean_queue:0.7749999761581421
intersection:25, mean_episode_reward:0.1288888156414032, mean_queue:0.7749999761581421
intersection:26, mean_episode_reward:0.1602778285741806, mean_queue:0.75
intersection:27, mean_episode_reward:0.17305554449558258, mean_queue:0.769444465637207
intersection:28, mean_episode_reward:0.15999998152256012, mean_queue:0.7833333611488342
intersection:29, mean_episode_reward:0.1480555683374405, mean_queue:0.8333333134651184
intersection:30, mean_episode_reward:0.10749997943639755, mean_queue:0.8722222447395325
intersection:31, mean_episode_reward:0.09916666150093079, mean_queue:0.8083333373069763
Test step:195/200, travel time :204.17107093184978, rewards:-6.135834418402778, queue:5.670746527777778, delay:0.04709941016303169, throughput:1438
step:3600/3600, q_loss:0.6201596856117249, rewards:-6.110834418402778, queue:5.673611111111111, delay:0.04828280342949761, throughput:1438
episode:196/200, real avg travel time:204.46592489568846
intersection:0, mean_episode_reward:-0.908333420753479, mean_queue:10.527777671813965
intersection:1, mean_episode_reward:-0.4708332419395447, mean_queue:10.36388874053955
intersection:2, mean_episode_reward:-0.4052777886390686, mean_queue:10.777777671813965
intersection:3, mean_episode_reward:-1.1502786874771118, mean_queue:10.202777862548828
intersection:4, mean_episode_reward:-0.7000001072883606, mean_queue:11.005555152893066
intersection:5, mean_episode_reward:-0.08277776837348938, mean_queue:10.277777671813965
intersection:6, mean_episode_reward:-0.03388892859220505, mean_queue:10.938888549804688
intersection:7, mean_episode_reward:-0.49138882756233215, mean_queue:10.333333015441895
intersection:8, mean_episode_reward:-0.16833330690860748, mean_queue:10.51111125946045
intersection:9, mean_episode_reward:0.013611081056296825, mean_queue:10.300000190734863
intersection:10, mean_episode_reward:-0.13638892769813538, mean_queue:10.94444465637207
intersection:11, mean_episode_reward:-0.29722240567207336, mean_queue:10.347222328186035
intersection:12, mean_episode_reward:-1.1619442701339722, mean_queue:10.73888874053955
intersection:13, mean_episode_reward:-0.4694443643093109, mean_queue:10.44444465637207
intersection:14, mean_episode_reward:-0.3727777600288391, mean_queue:10.494444847106934
intersection:15, mean_episode_reward:-1.294166922569275, mean_queue:10.686111450195312
intersection:16, mean_episode_reward:0.06166664883494377, mean_queue:0.7749999761581421
intersection:17, mean_episode_reward:0.1272222250699997, mean_queue:0.7777777910232544
intersection:18, mean_episode_reward:0.06000000610947609, mean_queue:0.7888888716697693
intersection:19, mean_episode_reward:0.13555558025836945, mean_queue:0.8166666626930237
intersection:20, mean_episode_reward:0.18999992311000824, mean_queue:0.7527777552604675
intersection:21, mean_episode_reward:0.1388888955116272, mean_queue:0.8138889074325562
intersection:22, mean_episode_reward:0.13805553317070007, mean_queue:0.7888888716697693
intersection:23, mean_episode_reward:0.01972220279276371, mean_queue:0.7805555462837219
intersection:24, mean_episode_reward:0.18833336234092712, mean_queue:0.7749999761581421
intersection:25, mean_episode_reward:0.1088888943195343, mean_queue:0.7749999761581421
intersection:26, mean_episode_reward:0.12444445490837097, mean_queue:0.75
intersection:27, mean_episode_reward:0.18444444239139557, mean_queue:0.769444465637207
intersection:28, mean_episode_reward:0.1619444042444229, mean_queue:0.7833333611488342
intersection:29, mean_episode_reward:0.17305555939674377, mean_queue:0.8333333134651184
intersection:30, mean_episode_reward:0.10999998450279236, mean_queue:0.8722222447395325
intersection:31, mean_episode_reward:0.09638889878988266, mean_queue:0.8083333373069763
Test step:196/200, travel time :200.96247394023626, rewards:-5.921944173177083, queue:5.642013888888889, delay:0.04672893948025174, throughput:1439
step:3600/3600, q_loss:0.6132484078407288, rewards:-5.961111789279514, queue:5.642361111111111, delay:0.04586008919609918, throughput:1440
episode:197/200, real avg travel time:201.21805555555557
intersection:0, mean_episode_reward:-0.8883334398269653, mean_queue:10.563888549804688
intersection:1, mean_episode_reward:-0.5772221088409424, mean_queue:10.350000381469727
intersection:2, mean_episode_reward:-0.43361130356788635, mean_queue:10.697221755981445
intersection:3, mean_episode_reward:-1.102500319480896, mean_queue:10.141666412353516
intersection:4, mean_episode_reward:-0.7866668701171875, mean_queue:11.008333206176758
intersection:5, mean_episode_reward:0.11638891696929932, mean_queue:10.255555152893066
intersection:6, mean_episode_reward:0.2038888782262802, mean_queue:10.791666984558105
intersection:7, mean_episode_reward:-0.5841665863990784, mean_queue:10.311111450195312
intersection:8, mean_episode_reward:-0.27194449305534363, mean_queue:10.452777862548828
intersection:9, mean_episode_reward:-0.060277774930000305, mean_queue:10.366666793823242
intersection:10, mean_episode_reward:-0.2122221440076828, mean_queue:10.83055591583252
intersection:11, mean_episode_reward:0.04888887330889702, mean_queue:10.155555725097656
intersection:12, mean_episode_reward:-1.1391665935516357, mean_queue:10.616666793823242
intersection:13, mean_episode_reward:-0.508333146572113, mean_queue:10.288888931274414
intersection:14, mean_episode_reward:-0.4466666281223297, mean_queue:10.44444465637207
intersection:15, mean_episode_reward:-1.3550001382827759, mean_queue:10.619444847106934
intersection:16, mean_episode_reward:0.04194444417953491, mean_queue:0.7749999761581421
intersection:17, mean_episode_reward:0.16777777671813965, mean_queue:0.7777777910232544
intersection:18, mean_episode_reward:0.07277777791023254, mean_queue:0.7888888716697693
intersection:19, mean_episode_reward:0.13555558025836945, mean_queue:0.8166666626930237
intersection:20, mean_episode_reward:0.28361108899116516, mean_queue:0.7527777552604675
intersection:21, mean_episode_reward:0.12194445729255676, mean_queue:0.8138889074325562
intersection:22, mean_episode_reward:0.08611108362674713, mean_queue:0.7888888716697693
intersection:23, mean_episode_reward:0.02722220867872238, mean_queue:0.7805555462837219
intersection:24, mean_episode_reward:0.17333334684371948, mean_queue:0.7749999761581421
intersection:25, mean_episode_reward:0.12000001966953278, mean_queue:0.7749999761581421
intersection:26, mean_episode_reward:0.16333335638046265, mean_queue:0.75
intersection:27, mean_episode_reward:0.17861109972000122, mean_queue:0.769444465637207
intersection:28, mean_episode_reward:0.15444442629814148, mean_queue:0.7833333611488342
intersection:29, mean_episode_reward:0.11805557459592819, mean_queue:0.8333333134651184
intersection:30, mean_episode_reward:0.10555552691221237, mean_queue:0.8722222447395325
intersection:31, mean_episode_reward:0.08555557578802109, mean_queue:0.8083333373069763
Test step:197/200, travel time :201.1405817174515, rewards:-5.998333740234375, queue:5.639670138888889, delay:0.046600251727634004, throughput:1444
step:3600/3600, q_loss:0.6125614047050476, rewards:-5.962498643663195, queue:5.645659722222222, delay:0.047735404968261716, throughput:1443
episode:198/200, real avg travel time:202.5994455994456
intersection:0, mean_episode_reward:-1.080832839012146, mean_queue:10.597222328186035
intersection:1, mean_episode_reward:-0.4905553162097931, mean_queue:10.422222137451172
intersection:2, mean_episode_reward:-0.4700002372264862, mean_queue:10.927778244018555
intersection:3, mean_episode_reward:-1.0824997425079346, mean_queue:10.077777862548828
intersection:4, mean_episode_reward:-0.6847219467163086, mean_queue:10.891666412353516
intersection:5, mean_episode_reward:0.05611104890704155, mean_queue:10.144444465637207
intersection:6, mean_episode_reward:0.06388888508081436, mean_queue:11.0
intersection:7, mean_episode_reward:-0.4755555987358093, mean_queue:10.219444274902344
intersection:8, mean_episode_reward:-0.10388889163732529, mean_queue:10.33055591583252
intersection:9, mean_episode_reward:-0.04416663944721222, mean_queue:10.316666603088379
intersection:10, mean_episode_reward:0.04583333805203438, mean_queue:10.711111068725586
intersection:11, mean_episode_reward:-0.016388868913054466, mean_queue:10.213889122009277
intersection:12, mean_episode_reward:-1.0794447660446167, mean_queue:10.608333587646484
intersection:13, mean_episode_reward:-0.6108332872390747, mean_queue:10.377778053283691
intersection:14, mean_episode_reward:-0.35944437980651855, mean_queue:10.355555534362793
intersection:15, mean_episode_reward:-1.619166374206543, mean_queue:10.80555534362793
intersection:16, mean_episode_reward:0.049722205847501755, mean_queue:0.7749999761581421
intersection:17, mean_episode_reward:0.13638891279697418, mean_queue:0.7777777910232544
intersection:18, mean_episode_reward:0.07833332568407059, mean_queue:0.7888888716697693
intersection:19, mean_episode_reward:0.1252778172492981, mean_queue:0.8166666626930237
intersection:20, mean_episode_reward:0.2055555135011673, mean_queue:0.7527777552604675
intersection:21, mean_episode_reward:0.1594444215297699, mean_queue:0.8138889074325562
intersection:22, mean_episode_reward:0.09416662901639938, mean_queue:0.7888888716697693
intersection:23, mean_episode_reward:0.054444462060928345, mean_queue:0.7805555462837219
intersection:24, mean_episode_reward:0.15555556118488312, mean_queue:0.7749999761581421
intersection:25, mean_episode_reward:0.143333300948143, mean_queue:0.7749999761581421
intersection:26, mean_episode_reward:0.1366666853427887, mean_queue:0.75
intersection:27, mean_episode_reward:0.17055554687976837, mean_queue:0.769444465637207
intersection:28, mean_episode_reward:0.16805551946163177, mean_queue:0.7833333611488342
intersection:29, mean_episode_reward:0.13861112296581268, mean_queue:0.8333333134651184
intersection:30, mean_episode_reward:0.10472219437360764, mean_queue:0.8722222447395325
intersection:31, mean_episode_reward:0.06833334267139435, mean_queue:0.8083333373069763
Test step:198/200, travel time :201.8016643550624, rewards:-5.943334282769097, queue:5.631684027777778, delay:0.04720608393351237, throughput:1442
step:3600/3600, q_loss:0.6144620180130005, rewards:-6.067778862847222, queue:5.65234375, delay:0.04716467327541775, throughput:1442
episode:199/200, real avg travel time:202.73994452149793
intersection:0, mean_episode_reward:-1.059444785118103, mean_queue:10.652777671813965
intersection:1, mean_episode_reward:-0.49666664004325867, mean_queue:10.274999618530273
intersection:2, mean_episode_reward:-0.30749985575675964, mean_queue:10.769444465637207
intersection:3, mean_episode_reward:-1.1002779006958008, mean_queue:10.047222137451172
intersection:4, mean_episode_reward:-0.8008331060409546, mean_queue:11.019444465637207
intersection:5, mean_episode_reward:0.003888854058459401, mean_queue:10.43055534362793
intersection:6, mean_episode_reward:0.1397222876548767, mean_queue:10.866666793823242
intersection:7, mean_episode_reward:-0.6369443535804749, mean_queue:10.31944465637207
intersection:8, mean_episode_reward:-0.3200000822544098, mean_queue:10.458333015441895
intersection:9, mean_episode_reward:-0.0691666528582573, mean_queue:10.36111068725586
intersection:10, mean_episode_reward:-0.006111119873821735, mean_queue:10.76388931274414
intersection:11, mean_episode_reward:-0.18388889729976654, mean_queue:10.324999809265137
intersection:12, mean_episode_reward:-1.0575006008148193, mean_queue:10.58055591583252
intersection:13, mean_episode_reward:-0.47472232580184937, mean_queue:10.322221755981445
intersection:14, mean_episode_reward:-0.43111106753349304, mean_queue:10.369444847106934
intersection:15, mean_episode_reward:-1.3944447040557861, mean_queue:10.652777671813965
intersection:16, mean_episode_reward:0.04444444924592972, mean_queue:0.7749999761581421
intersection:17, mean_episode_reward:0.14750002324581146, mean_queue:0.7777777910232544
intersection:18, mean_episode_reward:0.09916666150093079, mean_queue:0.7888888716697693
intersection:19, mean_episode_reward:0.1344444751739502, mean_queue:0.8166666626930237
intersection:20, mean_episode_reward:0.2772221565246582, mean_queue:0.7527777552604675
intersection:21, mean_episode_reward:0.1572222113609314, mean_queue:0.8138889074325562
intersection:22, mean_episode_reward:0.1291666328907013, mean_queue:0.7888888716697693
intersection:23, mean_episode_reward:0.003333331784233451, mean_queue:0.7805555462837219
intersection:24, mean_episode_reward:0.18305560946464539, mean_queue:0.7749999761581421
intersection:25, mean_episode_reward:0.1091666966676712, mean_queue:0.7749999761581421
intersection:26, mean_episode_reward:0.1394444704055786, mean_queue:0.75
intersection:27, mean_episode_reward:0.17805549502372742, mean_queue:0.769444465637207
intersection:28, mean_episode_reward:0.15916664898395538, mean_queue:0.7833333611488342
intersection:29, mean_episode_reward:0.18277780711650848, mean_queue:0.8333333134651184
intersection:30, mean_episode_reward:0.1038888692855835, mean_queue:0.8722222447395325
intersection:31, mean_episode_reward:0.07916668802499771, mean_queue:0.8083333373069763
Test step:199/200, travel time :201.94660194174756, rewards:-6.033610026041667, queue:5.644444444444445, delay:0.045977184507581925, throughput:1442
Final Travel Time is 201.9466, mean rewards: -6.0336, queue: 5.6444, delay: 0.0460, throughput: 1442
Total time taken: 26870.79779601097
