vehicle_id,vehicle_type,enter_time_s,departure_time_s,travel_time_s,route_distance_m,distance_traveled_m,accumulated_waiting_time_s,custom_wait_s,moving_time_s,time_loss_s,free_flow_time_s,delay_s,waiting_fraction,moving_fraction,schedule_efficiency,completed_trip,trip_status
10,pkw,14.0,87.0,73.0,,408.714,16.0,17.0,56.0,23.726,,,0.2329,0.7671,,True,completed
11,pkw,18.0,117.0,99.0,,951.508,0.0,0.0,99.0,7.329,,,0.0,1.0,,True,completed
41,pkw,74.0,121.0,47.0,,380.082,0.0,0.0,47.0,3.998,,,0.0,1.0,,True,completed
26,pkw,44.0,162.0,118.0,,1036.206,0.0,0.0,118.0,11.157,,,0.0,1.0,,True,completed
50,pkw,91.0,209.0,118.0,,1056.274,0.0,0.0,118.0,12.33,,,0.0,1.0,,True,completed
13,pkw,20.0,213.0,193.0,,731.45,88.0,114.0,79.0,126.169,,,0.5907,0.4093,,True,completed
18,pkw,30.0,214.0,184.0,,1813.544,2.0,2.0,182.0,18.466,,,0.0109,0.9891,,True,completed
12,pkw,19.0,219.0,200.0,,2099.343,0.0,0.0,200.0,9.352,,,0.0,1.0,,True,completed
20,pkw,34.0,221.0,187.0,,1779.057,0.0,0.0,187.0,14.053,,,0.0,1.0,,True,completed
60,pkw,103.0,223.0,120.0,,884.86,0.0,0.0,120.0,11.122,,,0.0,1.0,,True,completed
8,pkw,9.0,225.0,216.0,,1656.824,0.0,0.0,216.0,16.983,,,0.0,1.0,,True,completed
43,pkw,80.0,236.0,156.0,,1400.952,0.0,0.0,156.0,11.01,,,0.0,1.0,,True,completed
73,pkw,130.0,257.0,127.0,,1096.256,7.0,7.0,120.0,10.294,,,0.0551,0.9449,,True,completed
1,pkw,2.0,278.0,276.0,,1691.938,15.0,95.0,181.0,121.834,,,0.3442,0.6558,,True,completed
75,pkw,136.0,286.0,150.0,,1523.732,0.0,0.0,150.0,7.633,,,0.0,1.0,,True,completed
27,pkw,46.0,292.0,246.0,,1798.605,29.0,56.0,190.0,68.935,,,0.2276,0.7724,,True,completed
93,pkw,176.0,294.0,118.0,,1034.038,3.0,3.0,115.0,13.363,,,0.0254,0.9746,,True,completed
22,pkw,36.0,297.0,261.0,,2616.398,6.0,6.0,255.0,23.66,,,0.023,0.977,,True,completed
19,pkw,32.0,314.0,282.0,,2828.945,0.0,0.0,282.0,23.779,,,0.0,1.0,,True,completed
109,pkw,211.0,316.0,105.0,,1034.96,0.0,0.0,105.0,5.778,,,0.0,1.0,,True,completed
55,pkw,98.0,320.0,222.0,,2221.633,0.0,6.0,216.0,12.476,,,0.027,0.973,,True,completed
85,pkw,152.0,324.0,172.0,,739.278,33.0,91.0,81.0,104.464,,,0.5291,0.4709,,True,completed
114,pkw,223.0,337.0,114.0,,1131.909,0.0,0.0,114.0,8.349,,,0.0,1.0,,True,completed
58,pkw,100.0,345.0,245.0,,1589.497,86.0,86.0,159.0,99.546,,,0.351,0.649,,True,completed
79,pkw,140.0,349.0,209.0,,1276.152,44.0,62.0,147.0,80.649,,,0.2967,0.7033,,True,completed
163,pkw,307.0,353.0,46.0,,442.957,0.0,0.0,46.0,4.987,,,0.0,1.0,,True,completed
64,pkw,111.0,353.0,242.0,,2436.737,0.0,3.0,239.0,21.198,,,0.0124,0.9876,,True,completed
107,pkw,207.0,356.0,149.0,,1396.15,0.0,2.0,147.0,18.307,,,0.0134,0.9866,,True,completed
78,pkw,138.0,356.0,218.0,,1275.656,40.0,63.0,155.0,85.368,,,0.289,0.711,,True,completed
65,pkw,114.0,363.0,249.0,,1440.634,49.0,95.0,154.0,113.623,,,0.3815,0.6185,,True,completed
28,pkw,49.0,366.0,317.0,,1577.712,62.0,153.0,164.0,163.5,,,0.4826,0.5174,,True,completed
186,pkw,333.0,375.0,42.0,,435.394,0.0,0.0,42.0,1.814,,,0.0,1.0,,True,completed
90,pkw,171.0,388.0,217.0,,2255.857,0.0,0.0,217.0,11.549,,,0.0,1.0,,True,completed
71,pkw,128.0,393.0,265.0,,2100.991,31.0,32.0,233.0,51.071,,,0.1208,0.8792,,True,completed
24,pkw,38.0,395.0,357.0,,2150.583,89.0,138.0,219.0,161.551,,,0.3866,0.6134,,True,completed
68,pkw,118.0,395.0,277.0,,2543.66,0.0,27.0,250.0,45.9,,,0.0975,0.9025,,True,completed
53,pkw,96.0,401.0,305.0,,2170.492,90.0,93.0,212.0,108.261,,,0.3049,0.6951,,True,completed
29,pkw,49.0,403.0,354.0,,2747.959,75.0,75.0,279.0,96.95,,,0.2119,0.7881,,True,completed
67,pkw,117.0,405.0,288.0,,2331.354,53.0,53.0,235.0,72.533,,,0.184,0.816,,True,completed
32,pkw,52.0,418.0,366.0,,1692.507,0.0,132.0,234.0,146.731,,,0.3607,0.6393,,True,completed
88,pkw,166.0,419.0,253.0,,1825.862,50.0,50.0,203.0,78.411,,,0.1976,0.8024,,True,completed
214,pkw,374.0,422.0,48.0,,380.503,0.0,0.0,48.0,3.698,,,0.0,1.0,,True,completed
121,pkw,239.0,423.0,184.0,,1492.531,0.0,12.0,172.0,28.188,,,0.0652,0.9348,,True,completed
153,pkw,294.0,424.0,130.0,,1171.774,0.0,5.0,125.0,23.539,,,0.0385,0.9615,,True,completed
100,pkw,188.0,426.0,238.0,,2254.319,0.0,6.0,232.0,21.731,,,0.0252,0.9748,,True,completed
110,pkw,212.0,426.0,214.0,,645.609,95.0,128.0,86.0,140.531,,,0.5981,0.4019,,True,completed
74,pkw,134.0,432.0,298.0,,2623.736,0.0,25.0,273.0,49.669,,,0.0839,0.9161,,True,completed
175,pkw,320.0,437.0,117.0,,739.828,34.0,41.0,76.0,49.415,,,0.3504,0.6496,,True,completed
122,pkw,240.0,447.0,207.0,,2144.629,0.0,0.0,207.0,12.034,,,0.0,1.0,,True,completed
3,pkw,3.0,457.0,454.0,,1407.514,99.0,305.0,149.0,323.555,,,0.6718,0.3282,,True,completed
127,pkw,243.0,465.0,222.0,,2253.129,0.0,0.0,222.0,12.921,,,0.0,1.0,,True,completed
197,pkw,343.0,472.0,129.0,,1070.622,0.0,18.0,111.0,31.228,,,0.1395,0.8605,,True,completed
192,pkw,339.0,485.0,146.0,,1411.068,3.0,3.0,143.0,17.718,,,0.0205,0.9795,,True,completed
132,pkw,247.0,491.0,244.0,,2330.547,4.0,4.0,240.0,25.433,,,0.0164,0.9836,,True,completed
195,pkw,341.0,503.0,162.0,,1641.382,0.0,0.0,162.0,9.378,,,0.0,1.0,,True,completed
227,pkw,391.0,504.0,113.0,,1059.988,0.0,0.0,113.0,9.035,,,0.0,1.0,,True,completed
135,pkw,256.0,506.0,250.0,,2215.762,0.0,15.0,235.0,35.16,,,0.06,0.94,,True,completed
249,pkw,428.0,517.0,89.0,,740.477,9.0,9.0,80.0,20.406,,,0.1011,0.8989,,True,completed
82,pkw,145.0,518.0,373.0,,2962.37,0.0,56.0,317.0,93.362,,,0.1501,0.8499,,True,completed
62,pkw,108.0,526.0,418.0,,2972.281,0.0,95.0,323.0,129.844,,,0.2273,0.7727,,True,completed
217,pkw,380.0,528.0,148.0,,1399.723,0.0,0.0,148.0,10.965,,,0.0,1.0,,True,completed
199,pkw,349.0,530.0,181.0,,1726.274,0.0,0.0,181.0,15.736,,,0.0,1.0,,True,completed
188,pkw,335.0,532.0,197.0,,1803.588,0.0,17.0,180.0,32.632,,,0.0863,0.9137,,True,completed
339,pkw,532.0,540.0,8.0,,75.319,0.0,0.0,8.0,0.221,,,0.0,1.0,,True,completed
7,pkw,9.0,546.0,537.0,,2201.468,9.0,309.0,228.0,332.231,,,0.5754,0.4246,,True,completed
36,pkw,59.0,552.0,493.0,,1839.398,0.0,300.0,193.0,314.999,,,0.6085,0.3915,,True,completed
37,pkw,65.0,569.0,504.0,,1812.66,100.0,300.0,204.0,319.886,,,0.5952,0.4048,,True,completed
259,pkw,438.0,570.0,132.0,,1106.629,0.0,0.0,132.0,9.848,,,0.0,1.0,,True,completed
170,pkw,315.0,575.0,260.0,,2599.248,0.0,0.0,260.0,24.344,,,0.0,1.0,,True,completed
332,pkw,516.0,577.0,61.0,,473.824,8.0,8.0,53.0,17.355,,,0.1311,0.8689,,True,completed
333,pkw,516.0,577.0,61.0,,456.787,11.0,11.0,50.0,18.538,,,0.1803,0.8197,,True,completed
293,pkw,476.0,598.0,122.0,,1030.308,0.0,0.0,122.0,10.564,,,0.0,1.0,,True,completed
252,pkw,430.0,602.0,172.0,,1522.756,0.0,13.0,159.0,29.532,,,0.0756,0.9244,,True,completed
202,pkw,352.0,604.0,252.0,,1791.672,0.0,0.0,252.0,28.091,,,0.0,1.0,,True,completed
224,pkw,390.0,608.0,218.0,,1986.103,0.0,15.0,203.0,37.679,,,0.0688,0.9312,,True,completed
165,pkw,309.0,610.0,301.0,,2579.0,0.0,0.0,301.0,26.933,,,0.0,1.0,,True,completed
274,pkw,455.0,611.0,156.0,,1578.15,0.0,0.0,156.0,11.658,,,0.0,1.0,,True,completed
277,pkw,453.0,611.0,158.0,,1643.212,0.0,0.0,158.0,9.109,,,0.0,1.0,,True,completed
313,pkw,498.0,612.0,114.0,,1012.097,0.0,0.0,114.0,9.839,,,0.0,1.0,,True,completed
129,pkw,245.0,619.0,374.0,,2353.254,0.0,137.0,237.0,160.102,,,0.3663,0.6337,,True,completed
232,pkw,400.0,630.0,230.0,,1871.286,12.0,30.0,200.0,58.274,,,0.1304,0.8696,,True,completed
244,pkw,418.0,631.0,213.0,,1678.164,7.0,24.0,189.0,46.503,,,0.1127,0.8873,,True,completed
159,pkw,303.0,632.0,329.0,,2492.234,0.0,77.0,252.0,101.094,,,0.234,0.766,,True,completed
220,pkw,384.0,632.0,248.0,,2601.524,0.0,0.0,248.0,12.613,,,0.0,1.0,,True,completed
265,pkw,444.0,632.0,188.0,,1491.793,0.0,25.0,163.0,41.99,,,0.133,0.867,,True,completed
422,pkw,613.0,632.0,19.0,,189.528,0.0,0.0,19.0,0.942,,,0.0,1.0,,True,completed
181,pkw,327.0,633.0,306.0,,2772.148,3.0,16.0,290.0,48.704,,,0.0523,0.9477,,True,completed
246,pkw,437.0,635.0,198.0,,1973.837,0.0,0.0,198.0,17.946,,,0.0,1.0,,True,completed
335,pkw,523.0,641.0,118.0,,1134.808,0.0,0.0,118.0,13.549,,,0.0,1.0,,True,completed
124,pkw,240.0,647.0,407.0,,2697.293,0.0,141.0,266.0,162.588,,,0.3464,0.6536,,True,completed
190,pkw,338.0,647.0,309.0,,2674.15,1.0,19.0,290.0,49.984,,,0.0615,0.9385,,True,completed
179,pkw,322.0,655.0,333.0,,2691.4,0.0,61.0,272.0,86.552,,,0.1832,0.8168,,True,completed
201,pkw,351.0,658.0,307.0,,2498.439,0.0,50.0,257.0,80.314,,,0.1629,0.8371,,True,completed
279,pkw,454.0,661.0,207.0,,1654.249,0.0,4.0,203.0,23.328,,,0.0193,0.9807,,True,completed
189,pkw,336.0,664.0,328.0,,2248.181,0.0,31.0,297.0,61.359,,,0.0945,0.9055,,True,completed
262,pkw,442.0,664.0,222.0,,1172.868,80.0,83.0,139.0,105.568,,,0.3739,0.6261,,True,completed
368,pkw,561.0,664.0,103.0,,1074.994,0.0,0.0,103.0,4.88,,,0.0,1.0,,True,completed
296,pkw,481.0,665.0,184.0,,1828.374,1.0,1.0,183.0,17.714,,,0.0054,0.9946,,True,completed
275,pkw,452.0,666.0,214.0,,736.959,35.0,138.0,76.0,146.673,,,0.6449,0.3551,,True,completed
340,pkw,532.0,669.0,137.0,,1394.533,0.0,0.0,137.0,10.491,,,0.0,1.0,,True,completed
268,pkw,447.0,674.0,227.0,,2209.969,1.0,1.0,226.0,25.774,,,0.0044,0.9956,,True,completed
306,pkw,493.0,684.0,191.0,,1868.41,0.0,0.0,191.0,19.018,,,0.0,1.0,,True,completed
321,pkw,509.0,686.0,177.0,,1800.588,0.0,0.0,177.0,12.394,,,0.0,1.0,,True,completed
411,pkw,608.0,699.0,91.0,,810.745,0.0,0.0,91.0,7.069,,,0.0,1.0,,True,completed
16,pkw,24.0,702.0,678.0,,738.003,52.0,600.0,78.0,611.659,,,0.885,0.115,,True,completed
285,pkw,468.0,703.0,235.0,,2273.875,0.0,4.0,231.0,26.044,,,0.017,0.983,,True,completed
291,pkw,473.0,703.0,230.0,,2109.196,1.0,1.0,229.0,21.1,,,0.0043,0.9957,,True,completed
198,pkw,349.0,704.0,355.0,,751.335,97.0,271.0,84.0,285.135,,,0.7634,0.2366,,True,completed
424,pkw,614.0,704.0,90.0,,796.036,0.0,0.0,90.0,9.511,,,0.0,1.0,,True,completed
286,pkw,468.0,705.0,237.0,,458.591,97.0,189.0,48.0,194.726,,,0.7975,0.2025,,True,completed
536,pkw,691.0,707.0,16.0,,133.895,0.0,0.0,16.0,2.949,,,0.0,1.0,,True,completed
314,pkw,498.0,709.0,211.0,,1863.028,4.0,9.0,202.0,35.271,,,0.0427,0.9573,,True,completed
111,pkw,216.0,710.0,494.0,,1862.464,93.0,276.0,218.0,308.085,,,0.5587,0.4413,,True,completed
137,pkw,261.0,710.0,449.0,,528.128,92.0,382.0,67.0,399.876,,,0.8508,0.1492,,True,completed
430,pkw,618.0,710.0,92.0,,887.776,0.0,0.0,92.0,7.2,,,0.0,1.0,,True,completed
508,pkw,672.0,715.0,43.0,,444.719,0.0,0.0,43.0,1.975,,,0.0,1.0,,True,completed
310,pkw,495.0,721.0,226.0,,1933.709,7.0,14.0,212.0,33.564,,,0.0619,0.9381,,True,completed
435,pkw,620.0,721.0,101.0,,738.601,19.0,19.0,82.0,32.485,,,0.1881,0.8119,,True,completed
511,pkw,674.0,721.0,47.0,,381.092,0.0,0.0,47.0,8.793,,,0.0,1.0,,True,completed
366,pkw,558.0,723.0,165.0,,1524.476,0.0,3.0,162.0,22.647,,,0.0182,0.9818,,True,completed
0,pkw,2.0,724.0,722.0,,2110.652,37.0,504.0,218.0,518.362,,,0.6981,0.3019,,True,completed
38,pkw,65.0,730.0,665.0,,2095.491,35.0,444.0,221.0,461.997,,,0.6677,0.3323,,True,completed
407,pkw,605.0,734.0,129.0,,1122.673,0.0,0.0,129.0,15.839,,,0.0,1.0,,True,completed
255,pkw,435.0,739.0,304.0,,2677.178,1.0,28.0,276.0,52.902,,,0.0921,0.9079,,True,completed
174,pkw,319.0,744.0,425.0,,2961.788,1.0,73.0,352.0,107.792,,,0.1718,0.8282,,True,completed
358,pkw,549.0,745.0,196.0,,1828.233,8.0,10.0,186.0,28.425,,,0.051,0.949,,True,completed
464,pkw,636.0,749.0,113.0,,1022.454,0.0,0.0,113.0,7.248,,,0.0,1.0,,True,completed
319,pkw,507.0,751.0,244.0,,1991.344,0.0,42.0,202.0,62.364,,,0.1721,0.8279,,True,completed
248,pkw,428.0,753.0,325.0,,2052.283,0.0,120.0,205.0,137.414,,,0.3692,0.6308,,True,completed
328,pkw,513.0,753.0,240.0,,2202.648,3.0,3.0,237.0,34.317,,,0.0125,0.9875,,True,completed
2,pkw,2.0,768.0,766.0,,1533.08,0.0,600.0,166.0,621.62,,,0.7833,0.2167,,True,completed
475,pkw,643.0,776.0,133.0,,918.051,0.0,21.0,112.0,33.836,,,0.1579,0.8421,,True,completed
144,pkw,277.0,778.0,501.0,,1803.66,77.0,300.0,201.0,324.587,,,0.5988,0.4012,,True,completed
454,pkw,632.0,779.0,147.0,,992.136,17.0,22.0,125.0,38.698,,,0.1497,0.8503,,True,completed
558,pkw,708.0,789.0,81.0,,737.115,0.0,0.0,81.0,8.592,,,0.0,1.0,,True,completed
331,pkw,515.0,792.0,277.0,,2615.937,0.0,7.0,270.0,31.535,,,0.0253,0.9747,,True,completed
327,pkw,512.0,793.0,281.0,,2190.231,1.0,58.0,223.0,82.595,,,0.2064,0.7936,,True,completed
172,pkw,318.0,802.0,484.0,,1255.833,78.0,350.0,134.0,369.881,,,0.7231,0.2769,,True,completed
230,pkw,396.0,802.0,406.0,,2903.747,18.0,40.0,366.0,100.572,,,0.0985,0.9015,,True,completed
349,pkw,540.0,803.0,263.0,,2022.808,0.0,24.0,239.0,44.704,,,0.0913,0.9087,,True,completed
482,pkw,649.0,806.0,157.0,,1141.722,35.0,35.0,122.0,48.689,,,0.2229,0.7771,,True,completed
579,pkw,722.0,808.0,86.0,,460.117,35.0,35.0,51.0,43.062,,,0.407,0.593,,True,completed
605,pkw,738.0,808.0,70.0,,445.766,20.0,20.0,50.0,28.881,,,0.2857,0.7143,,True,completed
480,pkw,649.0,810.0,161.0,,1474.405,0.0,0.0,161.0,13.15,,,0.0,1.0,,True,completed
9,pkw,12.0,812.0,800.0,,1864.37,51.0,599.0,201.0,626.239,,,0.7488,0.2512,,True,completed
483,pkw,649.0,815.0,166.0,,1214.633,11.0,11.0,155.0,30.38,,,0.0663,0.9337,,True,completed
455,pkw,632.0,818.0,186.0,,979.652,31.0,45.0,141.0,77.335,,,0.2419,0.7581,,True,completed
386,pkw,587.0,820.0,233.0,,1966.864,0.0,0.0,233.0,24.975,,,0.0,1.0,,True,completed
408,pkw,612.0,820.0,208.0,,2008.984,3.0,3.0,205.0,24.734,,,0.0144,0.9856,,True,completed
45,pkw,84.0,821.0,737.0,,1374.069,28.0,575.0,162.0,597.555,,,0.7802,0.2198,,True,completed
416,pkw,611.0,823.0,212.0,,1822.926,0.0,2.0,210.0,20.632,,,0.0094,0.9906,,True,completed
574,pkw,718.0,823.0,105.0,,881.471,0.0,0.0,105.0,14.216,,,0.0,1.0,,True,completed
654,pkw,771.0,823.0,52.0,,404.772,0.0,0.0,52.0,9.493,,,0.0,1.0,,True,completed
404,pkw,604.0,825.0,221.0,,2104.441,0.0,0.0,221.0,16.454,,,0.0,1.0,,True,completed
428,pkw,617.0,826.0,209.0,,1493.556,15.0,41.0,168.0,61.168,,,0.1962,0.8038,,True,completed
152,pkw,294.0,828.0,534.0,,1858.192,85.0,318.0,216.0,355.857,,,0.5955,0.4045,,True,completed
636,pkw,755.0,830.0,75.0,,729.498,0.0,0.0,75.0,5.98,,,0.0,1.0,,True,completed
439,pkw,621.0,836.0,215.0,,1967.293,0.0,20.0,195.0,36.243,,,0.093,0.907,,True,completed
630,pkw,752.0,836.0,84.0,,732.602,9.0,9.0,75.0,17.065,,,0.1071,0.8929,,True,completed
414,pkw,610.0,841.0,231.0,,2144.208,3.0,9.0,222.0,35.763,,,0.039,0.961,,True,completed
158,pkw,302.0,843.0,541.0,,2001.163,24.0,328.0,213.0,359.371,,,0.6063,0.3937,,True,completed
481,pkw,663.0,843.0,180.0,,1551.079,0.0,27.0,153.0,30.934,,,0.15,0.85,,True,completed
105,pkw,198.0,852.0,654.0,,2821.457,11.0,376.0,278.0,398.9,,,0.5749,0.4251,,True,completed
618,pkw,745.0,863.0,118.0,,984.977,0.0,0.0,118.0,14.54,,,0.0,1.0,,True,completed
160,pkw,303.0,869.0,566.0,,2426.581,99.0,317.0,249.0,345.685,,,0.5601,0.4399,,True,completed
30,pkw,51.0,869.0,818.0,,2116.74,32.0,600.0,218.0,619.894,,,0.7335,0.2665,,True,completed
281,pkw,462.0,873.0,411.0,,940.166,40.0,297.0,114.0,324.724,,,0.7226,0.2774,,True,completed
613,pkw,742.0,875.0,133.0,,1147.383,0.0,19.0,114.0,28.329,,,0.1429,0.8571,,True,completed
467,pkw,639.0,877.0,238.0,,2048.928,2.0,2.0,236.0,28.401,,,0.0084,0.9916,,True,completed
118,pkw,232.0,879.0,647.0,,,0.0,514.0,133.0,0.0,,,0.7944,0.2056,,True,completed
478,pkw,645.0,880.0,235.0,,2373.982,0.0,0.0,235.0,14.049,,,0.0,1.0,,True,completed
384,pkw,584.0,890.0,306.0,,2031.078,21.0,82.0,224.0,104.402,,,0.268,0.732,,True,completed
405,pkw,604.0,890.0,286.0,,2805.107,0.0,5.0,281.0,24.212,,,0.0175,0.9825,,True,completed
564,pkw,711.0,895.0,184.0,,1135.814,24.0,55.0,129.0,75.495,,,0.2989,0.7011,,True,completed
569,pkw,715.0,899.0,184.0,,1645.146,13.0,13.0,171.0,31.518,,,0.0707,0.9293,,True,completed
504,pkw,667.0,900.0,233.0,,1474.52,18.0,63.0,170.0,84.592,,,0.2704,0.7296,,True,completed
463,pkw,636.0,901.0,265.0,,2339.396,0.0,0.0,265.0,27.249,,,0.0,1.0,,True,completed
555,pkw,706.0,906.0,200.0,,1863.296,0.0,6.0,194.0,26.108,,,0.03,0.97,,True,completed
759,pkw,844.0,906.0,62.0,,627.266,0.0,0.0,62.0,4.545,,,0.0,1.0,,True,completed
667,pkw,781.0,910.0,129.0,,1058.514,0.0,0.0,129.0,15.665,,,0.0,1.0,,True,completed
543,pkw,696.0,912.0,216.0,,1689.056,12.0,39.0,177.0,61.875,,,0.1806,0.8194,,True,completed
544,pkw,697.0,912.0,215.0,,2144.203,4.0,4.0,211.0,19.613,,,0.0186,0.9814,,True,completed
423,pkw,614.0,914.0,300.0,,1023.068,14.0,168.0,132.0,206.479,,,0.56,0.44,,True,completed
633,pkw,753.0,916.0,163.0,,1643.422,3.0,3.0,160.0,14.091,,,0.0184,0.9816,,True,completed
621,pkw,748.0,926.0,178.0,,1655.474,0.0,0.0,178.0,19.52,,,0.0,1.0,,True,completed
659,pkw,773.0,928.0,155.0,,1050.178,18.0,18.0,137.0,41.723,,,0.1161,0.8839,,True,completed
381,pkw,579.0,930.0,351.0,,2494.036,9.0,79.0,272.0,116.849,,,0.2251,0.7749,,True,completed
673,pkw,783.0,931.0,148.0,,1524.526,0.0,0.0,148.0,7.2,,,0.0,1.0,,True,completed
802,pkw,880.0,935.0,55.0,,443.226,7.0,7.0,48.0,14.109,,,0.1273,0.8727,,True,completed
625,pkw,750.0,941.0,191.0,,1741.488,0.0,0.0,191.0,21.217,,,0.0,1.0,,True,completed
578,pkw,722.0,942.0,220.0,,1623.772,21.0,21.0,199.0,42.686,,,0.0955,0.9045,,True,completed
748,pkw,834.0,943.0,109.0,,732.554,0.0,0.0,109.0,10.007,,,0.0,1.0,,True,completed
128,pkw,244.0,944.0,700.0,,2233.022,10.0,470.0,230.0,491.835,,,0.6714,0.3286,,True,completed
148,pkw,287.0,944.0,657.0,,3417.255,29.0,306.0,351.0,336.078,,,0.4658,0.5342,,True,completed
567,pkw,714.0,947.0,233.0,,1846.718,20.0,39.0,194.0,61.5,,,0.1674,0.8326,,True,completed
585,pkw,727.0,954.0,227.0,,1828.22,25.0,33.0,194.0,58.744,,,0.1454,0.8546,,True,completed
388,pkw,590.0,955.0,365.0,,1983.959,0.0,172.0,193.0,176.13,,,0.4712,0.5288,,True,completed
200,pkw,351.0,956.0,605.0,,3003.489,31.0,296.0,309.0,332.783,,,0.4893,0.5107,,True,completed
653,pkw,771.0,960.0,189.0,,1882.864,0.0,2.0,187.0,16.145,,,0.0106,0.9894,,True,completed
680,pkw,791.0,960.0,169.0,,1387.53,0.0,0.0,169.0,17.586,,,0.0,1.0,,True,completed
731,pkw,823.0,962.0,139.0,,1138.896,12.0,12.0,127.0,33.94,,,0.0863,0.9137,,True,completed
631,pkw,752.0,965.0,213.0,,2094.911,0.0,4.0,209.0,23.001,,,0.0188,0.9812,,True,completed
846,pkw,906.0,966.0,60.0,,608.909,0.0,0.0,60.0,4.198,,,0.0,1.0,,True,completed
242,pkw,416.0,968.0,552.0,,1761.863,0.0,368.0,184.0,379.499,,,0.6667,0.3333,,True,completed
656,pkw,772.0,969.0,197.0,,1913.081,0.0,1.0,196.0,23.025,,,0.0051,0.9949,,True,completed
102,pkw,192.0,970.0,778.0,,1502.994,96.0,612.0,166.0,639.64,,,0.7866,0.2134,,True,completed
531,pkw,690.0,970.0,280.0,,2144.497,0.0,34.0,246.0,56.366,,,0.1214,0.8786,,True,completed
487,pkw,655.0,971.0,316.0,,1724.796,70.0,127.0,189.0,151.498,,,0.4019,0.5981,,True,completed
754,pkw,840.0,972.0,132.0,,1232.491,3.0,3.0,129.0,18.699,,,0.0227,0.9773,,True,completed
626,pkw,749.0,985.0,236.0,,1762.891,0.0,16.0,220.0,44.25,,,0.0678,0.9322,,True,completed
620,pkw,747.0,988.0,241.0,,1824.261,0.0,17.0,224.0,39.886,,,0.0705,0.9295,,True,completed
818,pkw,891.0,989.0,98.0,,669.674,17.0,17.0,81.0,33.407,,,0.1735,0.8265,,True,completed
530,pkw,689.0,991.0,302.0,,2319.21,0.0,63.0,239.0,82.905,,,0.2086,0.7914,,True,completed
749,pkw,836.0,991.0,155.0,,1580.652,0.0,0.0,155.0,10.048,,,0.0,1.0,,True,completed
240,pkw,412.0,992.0,580.0,,2478.737,0.0,303.0,277.0,354.828,,,0.5224,0.4776,,True,completed
687,pkw,795.0,993.0,198.0,,1899.428,0.0,1.0,197.0,17.866,,,0.0051,0.9949,,True,completed
801,pkw,879.0,996.0,117.0,,968.877,13.0,13.0,104.0,22.692,,,0.1111,0.8889,,True,completed
790,pkw,865.0,1004.0,139.0,,1352.675,1.0,1.0,138.0,15.122,,,0.0072,0.9928,,True,completed
270,pkw,449.0,1005.0,556.0,,1301.445,89.0,371.0,185.0,430.669,,,0.6673,0.3327,,True,completed
870,pkw,920.0,1008.0,88.0,,732.548,11.0,11.0,77.0,21.07,,,0.125,0.875,,True,completed
518,pkw,682.0,1009.0,327.0,,2622.687,30.0,44.0,283.0,78.958,,,0.1346,0.8654,,True,completed
681,pkw,791.0,1010.0,219.0,,2161.23,0.0,6.0,213.0,15.175,,,0.0274,0.9726,,True,completed
750,pkw,837.0,1011.0,174.0,,1496.664,0.0,14.0,160.0,26.205,,,0.0805,0.9195,,True,completed
824,pkw,894.0,1013.0,119.0,,1061.401,0.0,0.0,119.0,11.483,,,0.0,1.0,,True,completed
241,pkw,414.0,1014.0,600.0,,1994.787,79.0,342.0,258.0,403.615,,,0.57,0.43,,True,completed
180,pkw,324.0,1016.0,692.0,,3385.82,9.0,323.0,369.0,377.944,,,0.4668,0.5332,,True,completed
814,pkw,890.0,1017.0,127.0,,1168.164,0.0,10.0,117.0,19.64,,,0.0787,0.9213,,True,completed
789,pkw,863.0,1018.0,155.0,,1464.783,4.0,4.0,151.0,17.111,,,0.0258,0.9742,,True,completed
545,pkw,772.0,1022.0,250.0,,2005.416,16.0,40.0,210.0,65.769,,,0.16,0.84,,True,completed
967,pkw,974.0,1022.0,48.0,,381.377,0.0,0.0,48.0,3.426,,,0.0,1.0,,True,completed
751,pkw,839.0,1027.0,188.0,,1914.535,0.0,0.0,188.0,12.77,,,0.0,1.0,,True,completed
700,pkw,805.0,1028.0,223.0,,2254.405,0.0,0.0,223.0,17.384,,,0.0,1.0,,True,completed
697,pkw,803.0,1029.0,226.0,,1816.561,0.0,45.0,181.0,51.554,,,0.1991,0.8009,,True,completed
786,pkw,861.0,1034.0,173.0,,1494.43,11.0,11.0,162.0,31.746,,,0.0636,0.9364,,True,completed
216,pkw,377.0,1038.0,661.0,,3152.89,10.0,335.0,326.0,368.68,,,0.5068,0.4932,,True,completed
842,pkw,904.0,1038.0,134.0,,1113.33,0.0,11.0,123.0,32.799,,,0.0821,0.9179,,True,completed
777,pkw,856.0,1042.0,186.0,,1773.732,0.0,0.0,186.0,11.524,,,0.0,1.0,,True,completed
936,pkw,956.0,1045.0,89.0,,506.593,25.0,25.0,64.0,41.38,,,0.2809,0.7191,,True,completed
895,pkw,933.0,1046.0,113.0,,1115.221,0.0,0.0,113.0,7.34,,,0.0,1.0,,True,completed
817,pkw,890.0,1047.0,157.0,,1426.688,0.0,17.0,140.0,26.916,,,0.1083,0.8917,,True,completed
261,pkw,440.0,1049.0,609.0,,1826.402,82.0,352.0,257.0,427.325,,,0.578,0.422,,True,completed
925,pkw,949.0,1050.0,101.0,,810.153,11.0,12.0,89.0,19.552,,,0.1188,0.8812,,True,completed
173,pkw,318.0,1052.0,734.0,,2811.567,7.0,429.0,305.0,469.442,,,0.5845,0.4155,,True,completed
742,pkw,830.0,1052.0,222.0,,733.254,80.0,131.0,91.0,155.007,,,0.5901,0.4099,,True,completed
601,pkw,736.0,1055.0,319.0,,2499.568,0.0,65.0,254.0,91.005,,,0.2038,0.7962,,True,completed
389,pkw,591.0,1056.0,465.0,,1777.04,0.0,263.0,202.0,295.305,,,0.5656,0.4344,,True,completed
896,pkw,933.0,1056.0,123.0,,1002.209,2.0,2.0,121.0,14.858,,,0.0163,0.9837,,True,completed
921,pkw,945.0,1058.0,113.0,,1038.155,0.0,0.0,113.0,15.704,,,0.0,1.0,,True,completed
709,pkw,809.0,1059.0,250.0,,1885.126,0.0,8.0,242.0,33.141,,,0.032,0.968,,True,completed
985,pkw,987.0,1073.0,86.0,,542.524,25.0,25.0,61.0,36.172,,,0.2907,0.7093,,True,completed
856,pkw,913.0,1074.0,161.0,,1398.986,0.0,22.0,139.0,34.09,,,0.1366,0.8634,,True,completed
157,pkw,302.0,1079.0,777.0,,1660.67,94.0,613.0,164.0,624.547,,,0.7889,0.2111,,True,completed
139,pkw,263.0,1082.0,819.0,,2001.168,88.0,607.0,212.0,629.689,,,0.7411,0.2589,,True,completed
783,pkw,859.0,1084.0,225.0,,1831.539,0.0,18.0,207.0,39.198,,,0.08,0.92,,True,completed
819,pkw,891.0,1084.0,193.0,,1099.241,26.0,62.0,131.0,85.124,,,0.3212,0.6788,,True,completed
960,pkw,968.0,1086.0,118.0,,1206.282,0.0,0.0,118.0,8.061,,,0.0,1.0,,True,completed
532,pkw,690.0,1088.0,398.0,,2675.839,0.0,107.0,291.0,141.287,,,0.2688,0.7312,,True,completed
691,pkw,800.0,1088.0,288.0,,2191.042,11.0,52.0,236.0,88.102,,,0.1806,0.8194,,True,completed
292,pkw,475.0,1094.0,619.0,,2399.607,0.0,351.0,268.0,379.132,,,0.567,0.433,,True,completed
729,pkw,827.0,1096.0,269.0,,1830.689,36.0,64.0,205.0,86.32,,,0.2379,0.7621,,True,completed
823,pkw,894.0,1096.0,202.0,,1625.353,21.0,21.0,181.0,43.889,,,0.104,0.896,,True,completed
926,pkw,949.0,1098.0,149.0,,1140.736,24.0,24.0,125.0,40.393,,,0.1611,0.8389,,True,completed
807,pkw,883.0,1099.0,216.0,,1872.732,0.0,21.0,195.0,37.601,,,0.0972,0.9028,,True,completed
612,pkw,742.0,1101.0,359.0,,2502.261,2.0,61.0,298.0,107.674,,,0.1699,0.8301,,True,completed
498,pkw,665.0,1102.0,437.0,,2070.095,0.0,194.0,243.0,240.52,,,0.4439,0.5561,,True,completed
722,pkw,817.0,1103.0,286.0,,1829.564,22.0,46.0,240.0,82.99,,,0.1608,0.8392,,True,completed
1185,pkw,1088.0,1104.0,16.0,,158.992,0.0,0.0,16.0,0.691,,,0.0,1.0,,True,completed
941,pkw,958.0,1108.0,150.0,,1341.955,11.0,11.0,139.0,24.637,,,0.0733,0.9267,,True,completed
1025,pkw,1010.0,1112.0,102.0,,731.839,13.0,13.0,89.0,31.83,,,0.1275,0.8725,,True,completed
1013,pkw,1001.0,1114.0,113.0,,599.864,46.0,46.0,67.0,58.012,,,0.4071,0.5929,,True,completed
5,pkw,5.0,1119.0,1114.0,,1536.674,44.0,931.0,183.0,968.598,,,0.8357,0.1643,,True,completed
739,pkw,829.0,1119.0,290.0,,1818.591,95.0,109.0,181.0,125.241,,,0.3759,0.6241,,True,completed
853,pkw,911.0,1119.0,208.0,,1823.38,0.0,0.0,208.0,13.342,,,0.0,1.0,,True,completed
932,pkw,954.0,1120.0,166.0,,1731.518,0.0,0.0,166.0,7.9,,,0.0,1.0,,True,completed
845,pkw,905.0,1122.0,217.0,,1119.305,72.0,72.0,145.0,98.094,,,0.3318,0.6682,,True,completed
1019,pkw,1006.0,1123.0,117.0,,1055.858,0.0,0.0,117.0,11.076,,,0.0,1.0,,True,completed
784,pkw,860.0,1125.0,265.0,,2216.053,3.0,20.0,245.0,62.583,,,0.0755,0.9245,,True,completed
658,pkw,772.0,1126.0,354.0,,2224.969,85.0,137.0,217.0,151.566,,,0.387,0.613,,True,completed
49,pkw,90.0,1128.0,1038.0,,2128.929,38.0,816.0,222.0,844.569,,,0.7861,0.2139,,True,completed
611,pkw,741.0,1129.0,388.0,,2278.153,83.0,152.0,236.0,179.281,,,0.3918,0.6082,,True,completed
959,pkw,967.0,1129.0,162.0,,1465.304,9.0,10.0,152.0,22.879,,,0.0617,0.9383,,True,completed
651,pkw,769.0,1130.0,361.0,,2128.993,51.0,112.0,249.0,158.899,,,0.3102,0.6898,,True,completed
747,pkw,834.0,1130.0,296.0,,2111.419,76.0,76.0,220.0,98.714,,,0.2568,0.7432,,True,completed
764,pkw,846.0,1130.0,284.0,,2113.053,69.0,69.0,215.0,91.848,,,0.243,0.757,,True,completed
883,pkw,926.0,1131.0,205.0,,1841.434,0.0,0.0,205.0,20.671,,,0.0,1.0,,True,completed
56,pkw,98.0,1132.0,1034.0,,2110.743,0.0,785.0,249.0,807.575,,,0.7592,0.2408,,True,completed
452,pkw,630.0,1133.0,503.0,,2614.292,0.0,202.0,301.0,263.68,,,0.4016,0.5984,,True,completed
869,pkw,919.0,1134.0,215.0,,2092.754,0.0,5.0,210.0,25.092,,,0.0233,0.9767,,True,completed
1111,pkw,1049.0,1135.0,86.0,,793.346,0.0,0.0,86.0,5.588,,,0.0,1.0,,True,completed
1102,pkw,1045.0,1136.0,91.0,,634.199,18.0,18.0,73.0,32.922,,,0.1978,0.8022,,True,completed
1063,pkw,1029.0,1137.0,108.0,,948.478,3.0,3.0,105.0,11.749,,,0.0278,0.9722,,True,completed
1152,pkw,1071.0,1137.0,66.0,,411.698,18.0,18.0,48.0,25.557,,,0.2727,0.7273,,True,completed
1059,pkw,1027.0,1139.0,112.0,,740.957,20.0,20.0,92.0,43.505,,,0.1786,0.8214,,True,completed
1070,pkw,1030.0,1140.0,110.0,,1148.351,0.0,0.0,110.0,5.647,,,0.0,1.0,,True,completed
858,pkw,914.0,1140.0,226.0,,2028.506,0.0,22.0,204.0,41.433,,,0.0973,0.9027,,True,completed
798,pkw,877.0,1141.0,264.0,,1926.676,0.0,46.0,218.0,89.17,,,0.1742,0.8258,,True,completed
996,pkw,991.0,1141.0,150.0,,1155.688,0.0,0.0,150.0,12.123,,,0.0,1.0,,True,completed
628,pkw,751.0,1143.0,392.0,,2554.542,0.0,115.0,277.0,151.417,,,0.2934,0.7066,,True,completed
1139,pkw,1065.0,1145.0,80.0,,732.389,0.0,0.0,80.0,12.168,,,0.0,1.0,,True,completed
517,pkw,681.0,1147.0,466.0,,2695.303,13.0,184.0,282.0,202.223,,,0.3948,0.6052,,True,completed
1118,pkw,1052.0,1148.0,96.0,,740.62,16.0,16.0,80.0,28.344,,,0.1667,0.8333,,True,completed
791,pkw,866.0,1150.0,284.0,,1882.498,0.0,51.0,233.0,71.974,,,0.1796,0.8204,,True,completed
738,pkw,826.0,1153.0,327.0,,2048.137,0.0,90.0,237.0,139.023,,,0.2752,0.7248,,True,completed
1074,pkw,1034.0,1154.0,120.0,,1051.828,0.0,0.0,120.0,9.87,,,0.0,1.0,,True,completed
725,pkw,816.0,1154.0,338.0,,2268.969,13.0,100.0,238.0,123.833,,,0.2959,0.7041,,True,completed
792,pkw,867.0,1154.0,287.0,,2386.206,8.0,25.0,262.0,69.296,,,0.0871,0.9129,,True,completed
811,pkw,886.0,1155.0,269.0,,2211.461,0.0,40.0,229.0,67.853,,,0.1487,0.8513,,True,completed
970,pkw,976.0,1161.0,185.0,,1460.175,0.0,38.0,147.0,52.578,,,0.2054,0.7946,,True,completed
1094,pkw,1042.0,1164.0,122.0,,1154.107,4.0,4.0,118.0,16.285,,,0.0328,0.9672,,True,completed
1066,pkw,1030.0,1166.0,136.0,,1229.976,0.0,14.0,122.0,23.676,,,0.1029,0.8971,,True,completed
1065,pkw,1033.0,1169.0,136.0,,1112.007,5.0,5.0,131.0,30.501,,,0.0368,0.9632,,True,completed
873,pkw,921.0,1170.0,249.0,,2366.245,0.0,5.0,244.0,26.505,,,0.0201,0.9799,,True,completed
971,pkw,977.0,1172.0,195.0,,2031.384,0.0,0.0,195.0,10.811,,,0.0,1.0,,True,completed
288,pkw,470.0,1173.0,703.0,,2115.754,99.0,475.0,228.0,504.74,,,0.6757,0.3243,,True,completed
519,pkw,686.0,1173.0,487.0,,1390.258,7.0,254.0,233.0,310.3,,,0.5216,0.4784,,True,completed
171,pkw,315.0,1174.0,859.0,,2989.027,98.0,508.0,351.0,548.443,,,0.5914,0.4086,,True,completed
289,pkw,471.0,1177.0,706.0,,3352.789,26.0,339.0,367.0,400.004,,,0.4802,0.5198,,True,completed
826,pkw,895.0,1182.0,287.0,,2122.771,0.0,29.0,258.0,53.128,,,0.101,0.899,,True,completed
1107,pkw,1048.0,1184.0,136.0,,750.831,40.0,40.0,96.0,65.733,,,0.2941,0.7059,,True,completed
47,pkw,85.0,1184.0,1099.0,,,0.0,962.0,137.0,0.0,,,0.8753,0.1247,,True,completed
1327,pkw,1162.0,1185.0,23.0,,135.269,4.0,4.0,19.0,9.826,,,0.1739,0.8261,,True,completed
461,pkw,635.0,1185.0,550.0,,2613.472,0.0,218.0,332.0,292.339,,,0.3964,0.6036,,True,completed
576,pkw,719.0,1187.0,468.0,,2372.141,0.0,176.0,292.0,250.32,,,0.3761,0.6239,,True,completed
1149,pkw,1070.0,1188.0,118.0,,1068.085,0.0,0.0,118.0,10.508,,,0.0,1.0,,True,completed
1096,pkw,1043.0,1189.0,146.0,,1403.278,0.0,0.0,146.0,17.43,,,0.0,1.0,,True,completed
1109,pkw,1048.0,1190.0,142.0,,1398.507,1.0,4.0,138.0,15.133,,,0.0282,0.9718,,True,completed
957,pkw,966.0,1193.0,227.0,,726.935,91.0,137.0,90.0,160.575,,,0.6035,0.3965,,True,completed
1108,pkw,1048.0,1195.0,147.0,,1530.23,0.0,0.0,147.0,6.734,,,0.0,1.0,,True,completed
953,pkw,965.0,1195.0,230.0,,1812.858,0.0,47.0,183.0,64.236,,,0.2043,0.7957,,True,completed
1045,pkw,1018.0,1199.0,181.0,,1887.437,0.0,0.0,181.0,8.697,,,0.0,1.0,,True,completed
962,pkw,969.0,1199.0,230.0,,1826.315,0.0,46.0,184.0,63.091,,,0.2,0.8,,True,completed
1089,pkw,1078.0,1201.0,123.0,,1025.703,0.0,0.0,123.0,13.124,,,0.0,1.0,,True,completed
1015,pkw,1002.0,1205.0,203.0,,931.072,47.0,89.0,114.0,117.756,,,0.4384,0.5616,,True,completed
1093,pkw,1042.0,1206.0,164.0,,1246.993,7.0,7.0,157.0,25.015,,,0.0427,0.9573,,True,completed
1296,pkw,1146.0,1212.0,66.0,,689.625,0.0,0.0,66.0,2.933,,,0.0,1.0,,True,completed
1122,pkw,1053.0,1214.0,161.0,,1643.478,0.0,0.0,161.0,12.064,,,0.0,1.0,,True,completed
1047,pkw,1019.0,1216.0,197.0,,1812.177,0.0,6.0,191.0,31.079,,,0.0305,0.9695,,True,completed
1037,pkw,1014.0,1217.0,203.0,,1742.009,16.0,16.0,187.0,33.198,,,0.0788,0.9212,,True,completed
323,pkw,510.0,1218.0,708.0,,1619.797,64.0,462.0,246.0,546.848,,,0.6525,0.3475,,True,completed
1055,pkw,1024.0,1221.0,197.0,,1833.726,0.0,5.0,192.0,29.224,,,0.0254,0.9746,,True,completed
1249,pkw,1122.0,1223.0,101.0,,707.533,9.0,9.0,92.0,25.91,,,0.0891,0.9109,,True,completed
972,pkw,978.0,1225.0,247.0,,2031.525,38.0,38.0,209.0,63.005,,,0.1538,0.8462,,True,completed
1189,pkw,1091.0,1228.0,137.0,,1274.266,0.0,0.0,137.0,13.821,,,0.0,1.0,,True,completed
1297,pkw,1146.0,1230.0,84.0,,509.565,0.0,0.0,84.0,7.288,,,0.0,1.0,,True,completed
453,pkw,632.0,1230.0,598.0,,,0.0,318.0,280.0,0.0,,,0.5318,0.4682,,True,completed
489,pkw,658.0,1239.0,581.0,,102.404,93.0,563.0,18.0,554.3,,,0.969,0.031,,True,completed
1261,pkw,1126.0,1240.0,114.0,,802.691,6.0,6.0,108.0,27.299,,,0.0526,0.9474,,True,completed
864,pkw,921.0,1240.0,319.0,,2024.78,57.0,100.0,219.0,134.189,,,0.3135,0.6865,,True,completed
975,pkw,981.0,1242.0,261.0,,2016.443,0.0,0.0,261.0,21.086,,,0.0,1.0,,True,completed
1197,pkw,1095.0,1244.0,149.0,,1498.161,0.0,0.0,149.0,7.986,,,0.0,1.0,,True,completed
1181,pkw,1084.0,1246.0,162.0,,1487.766,0.0,12.0,150.0,25.657,,,0.0741,0.9259,,True,completed
688,pkw,795.0,1246.0,451.0,,2432.194,15.0,177.0,274.0,215.0,,,0.3925,0.6075,,True,completed
863,pkw,915.0,1246.0,331.0,,2126.476,0.0,76.0,255.0,107.887,,,0.2296,0.7704,,True,completed
968,pkw,1023.0,1246.0,223.0,,1617.429,0.0,56.0,167.0,71.116,,,0.2511,0.7489,,True,completed
1042,pkw,1016.0,1248.0,232.0,,2083.21,0.0,29.0,203.0,43.509,,,0.125,0.875,,True,completed
31,pkw,51.0,1254.0,1203.0,,553.384,94.0,1129.0,74.0,1152.503,,,0.9385,0.0615,,True,completed
204,pkw,355.0,1255.0,900.0,,3422.074,95.0,529.0,371.0,576.66,,,0.5878,0.4122,,True,completed
283,pkw,466.0,1255.0,789.0,,2572.582,26.0,468.0,321.0,549.151,,,0.5932,0.4068,,True,completed
1378,pkw,1198.0,1257.0,59.0,,494.28,7.0,7.0,52.0,13.514,,,0.1186,0.8814,,True,completed
1418,pkw,1221.0,1257.0,36.0,,372.913,0.0,0.0,36.0,1.437,,,0.0,1.0,,True,completed
307,pkw,491.0,1258.0,767.0,,1679.247,65.0,464.0,303.0,498.758,,,0.605,0.395,,True,completed
1087,pkw,1039.0,1262.0,223.0,,1816.652,0.0,7.0,216.0,33.162,,,0.0314,0.9686,,True,completed
1416,pkw,1220.0,1263.0,43.0,,444.185,0.0,0.0,43.0,2.023,,,0.0,1.0,,True,completed
1299,pkw,1147.0,1266.0,119.0,,1035.901,10.0,10.0,109.0,21.044,,,0.084,0.916,,True,completed
239,pkw,411.0,1269.0,858.0,,3414.066,91.0,472.0,386.0,531.256,,,0.5501,0.4499,,True,completed
91,pkw,173.0,1271.0,1098.0,,1241.136,93.0,945.0,153.0,976.829,,,0.8607,0.1393,,True,completed
815,pkw,890.0,1272.0,382.0,,2958.639,0.0,41.0,341.0,76.349,,,0.1073,0.8927,,True,completed
746,pkw,832.0,1273.0,441.0,,2716.342,0.0,150.0,291.0,189.016,,,0.3401,0.6599,,True,completed
1136,pkw,1062.0,1276.0,214.0,,2129.112,0.0,1.0,213.0,19.02,,,0.0047,0.9953,,True,completed
1228,pkw,1112.0,1279.0,167.0,,1208.675,0.0,26.0,141.0,48.219,,,0.1557,0.8443,,True,completed
1222,pkw,1108.0,1280.0,172.0,,1212.802,0.0,28.0,144.0,46.307,,,0.1628,0.8372,,True,completed
161,pkw,305.0,1283.0,978.0,,1626.204,78.0,632.0,346.0,667.661,,,0.6462,0.3538,,True,completed
912,pkw,942.0,1285.0,343.0,,1242.279,44.0,212.0,131.0,229.108,,,0.6181,0.3819,,True,completed
1360,pkw,1187.0,1287.0,100.0,,725.05,15.0,15.0,85.0,27.613,,,0.15,0.85,,True,completed
337,pkw,530.0,1287.0,757.0,,1188.271,87.0,576.0,181.0,647.705,,,0.7609,0.2391,,True,completed
272,pkw,449.0,1290.0,841.0,,1696.102,58.0,499.0,342.0,543.906,,,0.5933,0.4067,,True,completed
419,pkw,613.0,1290.0,677.0,,2731.328,1.0,385.0,292.0,429.433,,,0.5687,0.4313,,True,completed
867,pkw,923.0,1291.0,368.0,,2022.344,54.0,141.0,227.0,184.391,,,0.3832,0.6168,,True,completed
561,pkw,710.0,1293.0,583.0,,1995.229,0.0,356.0,227.0,401.706,,,0.6106,0.3894,,True,completed
593,pkw,730.0,1295.0,565.0,,2322.914,0.0,313.0,252.0,339.301,,,0.554,0.446,,True,completed
196,pkw,341.0,1296.0,955.0,,3906.171,0.0,398.0,557.0,522.326,,,0.4168,0.5832,,True,completed
151,pkw,291.0,1307.0,1016.0,,763.691,57.0,805.0,211.0,816.742,,,0.7923,0.2077,,True,completed
1116,pkw,1051.0,1309.0,258.0,,1876.555,0.0,33.0,225.0,50.465,,,0.1279,0.8721,,True,completed
1421,pkw,1222.0,1309.0,87.0,,849.388,0.0,0.0,87.0,5.465,,,0.0,1.0,,True,completed
1207,pkw,1101.0,1311.0,210.0,,1926.5,0.0,2.0,208.0,34.818,,,0.0095,0.9905,,True,completed
990,pkw,990.0,1311.0,321.0,,2668.854,0.0,35.0,286.0,74.493,,,0.109,0.891,,True,completed
1349,pkw,1178.0,1312.0,134.0,,890.588,7.0,8.0,126.0,23.89,,,0.0597,0.9403,,True,completed
1278,pkw,1137.0,1316.0,179.0,,1491.93,0.0,14.0,165.0,31.201,,,0.0782,0.9218,,True,completed
882,pkw,925.0,1317.0,392.0,,2361.784,0.0,145.0,247.0,176.016,,,0.3699,0.6301,,True,completed
1478,pkw,1274.0,1320.0,46.0,,372.835,0.0,0.0,46.0,5.36,,,0.0,1.0,,True,completed
942,pkw,958.0,1320.0,362.0,,1619.933,58.0,167.0,195.0,203.879,,,0.4613,0.5387,,True,completed
1106,pkw,1047.0,1321.0,274.0,,2667.911,0.0,1.0,273.0,29.134,,,0.0036,0.9964,,True,completed
1286,pkw,1142.0,1323.0,181.0,,1383.875,26.0,26.0,155.0,45.344,,,0.1436,0.8564,,True,completed
1032,pkw,1012.0,1324.0,312.0,,2158.624,30.0,83.0,229.0,115.743,,,0.266,0.734,,True,completed
1303,pkw,1149.0,1326.0,177.0,,1385.626,21.0,21.0,156.0,42.206,,,0.1186,0.8814,,True,completed
1175,pkw,1082.0,1329.0,247.0,,1147.729,52.0,113.0,134.0,130.727,,,0.4575,0.5425,,True,completed
1407,pkw,1215.0,1329.0,114.0,,1090.598,2.0,2.0,112.0,14.845,,,0.0175,0.9825,,True,completed
1178,pkw,1083.0,1334.0,251.0,,1903.129,25.0,55.0,196.0,73.023,,,0.2191,0.7809,,True,completed
809,pkw,886.0,1345.0,459.0,,2396.948,0.0,189.0,270.0,241.839,,,0.4118,0.5882,,True,completed
1034,pkw,1012.0,1347.0,335.0,,2363.016,0.0,81.0,254.0,120.27,,,0.2418,0.7582,,True,completed
112,pkw,216.0,1349.0,1133.0,,1233.224,84.0,965.0,168.0,1018.673,,,0.8517,0.1483,,True,completed
1344,pkw,1173.0,1350.0,177.0,,1171.154,10.0,35.0,142.0,59.268,,,0.1977,0.8023,,True,completed
1051,pkw,1022.0,1354.0,332.0,,2150.714,13.0,79.0,253.0,129.943,,,0.238,0.762,,True,completed
1010,pkw,1000.0,1357.0,357.0,,1663.102,53.0,154.0,203.0,195.564,,,0.4314,0.5686,,True,completed
1443,pkw,1238.0,1357.0,119.0,,475.789,64.0,64.0,55.0,75.179,,,0.5378,0.4622,,True,completed
989,pkw,990.0,1361.0,371.0,,1690.946,0.0,145.0,226.0,179.338,,,0.3908,0.6092,,True,completed
1316,pkw,1156.0,1364.0,208.0,,2054.059,0.0,4.0,204.0,19.18,,,0.0192,0.9808,,True,completed
1225,pkw,1109.0,1370.0,261.0,,1884.704,0.0,14.0,247.0,40.649,,,0.0536,0.9464,,True,completed
1054,pkw,1024.0,1372.0,348.0,,1936.811,51.0,122.0,226.0,166.664,,,0.3506,0.6494,,True,completed
1195,pkw,1093.0,1374.0,281.0,,2476.456,22.0,25.0,256.0,52.832,,,0.089,0.911,,True,completed
391,pkw,594.0,1376.0,782.0,,1853.756,75.0,501.0,281.0,608.577,,,0.6407,0.3593,,True,completed
1368,pkw,1191.0,1377.0,186.0,,1520.915,0.0,24.0,162.0,43.426,,,0.129,0.871,,True,completed
1110,pkw,1049.0,1380.0,331.0,,2023.369,43.0,104.0,227.0,146.891,,,0.3142,0.6858,,True,completed
1400,pkw,1213.0,1381.0,168.0,,1461.324,8.0,8.0,160.0,29.54,,,0.0476,0.9524,,True,completed
57,pkw,100.0,1383.0,1283.0,,1579.15,100.0,1070.0,213.0,1111.814,,,0.834,0.166,,True,completed
685,pkw,793.0,1384.0,591.0,,2604.33,93.0,318.0,273.0,345.129,,,0.5381,0.4619,,True,completed
899,pkw,935.0,1386.0,451.0,,2606.959,0.0,171.0,280.0,214.192,,,0.3792,0.6208,,True,completed
343,pkw,536.0,1390.0,854.0,,1548.601,93.0,685.0,169.0,703.658,,,0.8021,0.1979,,True,completed
1231,pkw,1111.0,1394.0,283.0,,2279.934,0.0,45.0,238.0,64.489,,,0.159,0.841,,True,completed
1213,pkw,1103.0,1396.0,293.0,,2495.558,8.0,9.0,284.0,66.243,,,0.0307,0.9693,,True,completed
316,pkw,502.0,1396.0,894.0,,1600.308,88.0,717.0,177.0,731.258,,,0.802,0.198,,True,completed
1000,pkw,995.0,1401.0,406.0,,2269.954,28.0,158.0,248.0,198.844,,,0.3892,0.6108,,True,completed
707,pkw,808.0,1403.0,595.0,,2615.122,25.0,282.0,313.0,352.324,,,0.4739,0.5261,,True,completed
1504,pkw,1299.0,1406.0,107.0,,809.322,5.0,12.0,95.0,19.458,,,0.1121,0.8879,,True,completed
711,pkw,809.0,1406.0,597.0,,2616.012,23.0,280.0,317.0,350.444,,,0.469,0.531,,True,completed
1332,pkw,1165.0,1411.0,246.0,,1598.603,4.0,34.0,212.0,61.183,,,0.1382,0.8618,,True,completed
302,pkw,484.0,1412.0,928.0,,1806.398,99.0,737.0,191.0,746.183,,,0.7942,0.2058,,True,completed
1409,pkw,1217.0,1415.0,198.0,,1924.792,0.0,0.0,198.0,16.804,,,0.0,1.0,,True,completed
1162,pkw,1076.0,1417.0,341.0,,2269.661,14.0,94.0,247.0,134.792,,,0.2757,0.7243,,True,completed
44,pkw,82.0,1417.0,1335.0,,2116.456,55.0,1102.0,233.0,1139.74,,,0.8255,0.1745,,True,completed
1446,pkw,1239.0,1419.0,180.0,,1811.751,0.0,0.0,180.0,14.566,,,0.0,1.0,,True,completed
1447,pkw,1240.0,1421.0,181.0,,1809.806,0.0,0.0,181.0,14.561,,,0.0,1.0,,True,completed
767,pkw,849.0,1421.0,572.0,,2479.691,14.0,286.0,286.0,345.559,,,0.5,0.5,,True,completed
1199,pkw,1095.0,1426.0,331.0,,2362.264,9.0,78.0,253.0,116.859,,,0.2356,0.7644,,True,completed
1252,pkw,1123.0,1426.0,303.0,,2687.824,0.0,33.0,270.0,57.314,,,0.1089,0.8911,,True,completed
1301,pkw,1149.0,1431.0,282.0,,2206.592,4.0,41.0,241.0,79.396,,,0.1454,0.8546,,True,completed
233,pkw,401.0,1431.0,1030.0,,2185.215,0.0,744.0,286.0,768.256,,,0.7223,0.2777,,True,completed
1338,pkw,1167.0,1433.0,266.0,,2078.857,5.0,41.0,225.0,76.638,,,0.1541,0.8459,,True,completed
1112,pkw,1049.0,1435.0,386.0,,2142.232,4.0,149.0,237.0,190.432,,,0.386,0.614,,True,completed
1455,pkw,1249.0,1436.0,187.0,,1139.178,67.0,67.0,120.0,79.491,,,0.3583,0.6417,,True,completed
1515,pkw,1310.0,1439.0,129.0,,1282.899,0.0,0.0,129.0,9.729,,,0.0,1.0,,True,completed
1141,pkw,1066.0,1453.0,387.0,,2578.866,0.0,77.0,310.0,121.959,,,0.199,0.801,,True,completed
1348,pkw,1177.0,1455.0,278.0,,2333.034,13.0,20.0,258.0,55.846,,,0.0719,0.9281,,True,completed
1243,pkw,1117.0,1457.0,340.0,,2361.599,15.0,72.0,268.0,124.985,,,0.2118,0.7882,,True,completed
1520,pkw,1316.0,1465.0,149.0,,1521.298,0.0,0.0,149.0,7.26,,,0.0,1.0,,True,completed
533,pkw,690.0,1465.0,775.0,,,0.0,552.0,223.0,0.0,,,0.7123,0.2877,,True,completed
231,pkw,400.0,1466.0,1066.0,,1560.87,100.0,816.0,250.0,862.356,,,0.7655,0.2345,,True,completed
1524,pkw,1319.0,1467.0,148.0,,1521.908,0.0,0.0,148.0,7.497,,,0.0,1.0,,True,completed
429,pkw,618.0,1480.0,862.0,,1095.269,99.0,738.0,124.0,762.878,,,0.8561,0.1439,,True,completed
474,pkw,643.0,1481.0,838.0,,1070.861,98.0,709.0,129.0,740.132,,,0.8461,0.1539,,True,completed
1458,pkw,1251.0,1488.0,237.0,,1817.873,0.0,0.0,237.0,18.5,,,0.0,1.0,,True,completed
1324,pkw,1161.0,1489.0,328.0,,2124.12,0.0,68.0,260.0,93.755,,,0.2073,0.7927,,True,completed
1624,pkw,1398.0,1490.0,92.0,,736.889,8.0,8.0,84.0,19.96,,,0.087,0.913,,True,completed
4,pkw,5.0,1500.0,1495.0,,1484.359,78.0,1232.0,263.0,1276.294,,,0.8241,0.1759,,True,completed
1376,pkw,1195.0,1504.0,309.0,,2128.285,0.0,12.0,297.0,43.437,,,0.0388,0.9612,,True,completed
1555,pkw,1342.0,1504.0,162.0,,1156.611,12.0,40.0,122.0,56.255,,,0.2469,0.7531,,True,completed
1645,pkw,1415.0,1505.0,90.0,,896.326,0.0,0.0,90.0,6.53,,,0.0,1.0,,True,completed
1570,pkw,1351.0,1507.0,156.0,,1428.453,0.0,1.0,155.0,18.068,,,0.0064,0.9936,,True,completed
1314,pkw,1156.0,1508.0,352.0,,2607.643,1.0,77.0,275.0,111.291,,,0.2188,0.7812,,True,completed
1436,pkw,1233.0,1515.0,282.0,,2243.37,0.0,10.0,272.0,55.867,,,0.0355,0.9645,,True,completed
1625,pkw,1401.0,1516.0,115.0,,1030.013,1.0,1.0,114.0,13.115,,,0.0087,0.9913,,True,completed
361,pkw,554.0,1522.0,968.0,,1631.34,59.0,750.0,218.0,818.942,,,0.7748,0.2252,,True,completed
1659,pkw,1427.0,1530.0,103.0,,1039.436,0.0,0.0,103.0,6.803,,,0.0,1.0,,True,completed
1127,pkw,1055.0,1535.0,480.0,,1697.031,0.0,273.0,207.0,326.096,,,0.5687,0.4313,,True,completed
1637,pkw,1409.0,1538.0,129.0,,893.035,19.0,19.0,110.0,29.943,,,0.1473,0.8527,,True,completed
1577,pkw,1355.0,1539.0,184.0,,1488.583,0.0,0.0,184.0,22.299,,,0.0,1.0,,True,completed
1312,pkw,1154.0,1545.0,391.0,,2578.598,0.0,85.0,306.0,117.286,,,0.2174,0.7826,,True,completed
1073,pkw,1032.0,1546.0,514.0,,1891.362,86.0,310.0,204.0,340.718,,,0.6031,0.3969,,True,completed
1617,pkw,1395.0,1547.0,152.0,,1517.683,0.0,0.0,152.0,11.323,,,0.0,1.0,,True,completed
1634,pkw,1408.0,1550.0,142.0,,1052.323,6.0,6.0,136.0,25.444,,,0.0423,0.9577,,True,completed
1619,pkw,1395.0,1551.0,156.0,,1120.551,27.0,27.0,129.0,41.615,,,0.1731,0.8269,,True,completed
209,pkw,365.0,1551.0,1186.0,,2095.427,98.0,856.0,330.0,897.526,,,0.7218,0.2782,,True,completed
523,pkw,684.0,1552.0,868.0,,665.405,94.0,745.0,123.0,795.026,,,0.8583,0.1417,,True,completed
1076,pkw,1035.0,1555.0,520.0,,1524.287,76.0,348.0,172.0,368.826,,,0.6692,0.3308,,True,completed
353,pkw,543.0,1555.0,1012.0,,1760.474,92.0,753.0,259.0,814.74,,,0.7441,0.2559,,True,completed
1561,pkw,1347.0,1558.0,211.0,,2070.38,0.0,6.0,205.0,21.979,,,0.0284,0.9716,,True,completed
1535,pkw,1328.0,1559.0,231.0,,1892.987,0.0,0.0,231.0,18.367,,,0.0,1.0,,True,completed
1273,pkw,1133.0,1563.0,430.0,,1941.063,86.0,229.0,201.0,253.524,,,0.5326,0.4674,,True,completed
1590,pkw,1371.0,1575.0,204.0,,2028.351,0.0,1.0,203.0,19.653,,,0.0049,0.9951,,True,completed
1724,pkw,1487.0,1575.0,88.0,,644.567,16.0,16.0,72.0,28.356,,,0.1818,0.8182,,True,completed
1767,pkw,1533.0,1575.0,42.0,,436.734,0.0,0.0,42.0,1.694,,,0.0,1.0,,True,completed
325,pkw,512.0,1576.0,1064.0,,648.05,98.0,963.0,101.0,990.36,,,0.9051,0.0949,,True,completed
126,pkw,241.0,1578.0,1337.0,,1328.604,96.0,1180.0,157.0,1213.575,,,0.8826,0.1174,,True,completed
87,pkw,165.0,1579.0,1414.0,,1586.73,100.0,1224.0,190.0,1267.254,,,0.8656,0.1344,,True,completed
147,pkw,286.0,1580.0,1294.0,,1210.949,95.0,1146.0,148.0,1179.28,,,0.8856,0.1144,,True,completed
1648,pkw,1417.0,1588.0,171.0,,1782.6,0.0,0.0,171.0,8.757,,,0.0,1.0,,True,completed
911,pkw,941.0,1588.0,647.0,,2220.734,94.0,409.0,238.0,442.62,,,0.6321,0.3679,,True,completed
1271,pkw,1132.0,1592.0,460.0,,2713.214,0.0,125.0,335.0,191.011,,,0.2717,0.7283,,True,completed
211,pkw,367.0,1594.0,1227.0,,2013.314,83.0,1005.0,222.0,1034.386,,,0.8191,0.1809,,True,completed
728,pkw,822.0,1595.0,773.0,,2196.948,0.0,523.0,250.0,560.95,,,0.6766,0.3234,,True,completed
250,pkw,429.0,1599.0,1170.0,,819.799,86.0,1056.0,114.0,1095.125,,,0.9026,0.0974,,True,completed
1652,pkw,1423.0,1601.0,178.0,,1572.152,0.0,23.0,155.0,33.6,,,0.1292,0.8708,,True,completed
149,pkw,290.0,1603.0,1313.0,,2573.228,0.0,989.0,324.0,1078.861,,,0.7532,0.2468,,True,completed
70,pkw,128.0,1604.0,1476.0,,3149.64,0.0,1087.0,389.0,1179.2,,,0.7364,0.2636,,True,completed
443,pkw,624.0,1606.0,982.0,,1567.278,50.0,810.0,172.0,822.112,,,0.8248,0.1752,,True,completed
1033,pkw,1012.0,1607.0,595.0,,1493.976,32.0,393.0,202.0,450.58,,,0.6605,0.3395,,True,completed
1628,pkw,1417.0,1612.0,195.0,,1626.522,0.0,4.0,191.0,25.117,,,0.0205,0.9795,,True,completed
1566,pkw,1349.0,1622.0,273.0,,1925.667,0.0,71.0,202.0,97.85,,,0.2601,0.7399,,True,completed
1119,pkw,1053.0,1623.0,570.0,,2958.541,3.0,218.0,352.0,263.6,,,0.3825,0.6175,,True,completed
1672,pkw,1439.0,1625.0,186.0,,1911.172,0.0,0.0,186.0,11.17,,,0.0,1.0,,True,completed
1275,pkw,1134.0,1626.0,492.0,,2105.955,5.0,249.0,243.0,282.144,,,0.5061,0.4939,,True,completed
1716,pkw,1470.0,1627.0,157.0,,1425.258,10.0,10.0,147.0,25.984,,,0.0637,0.9363,,True,completed
1798,pkw,1574.0,1627.0,53.0,,380.487,7.0,7.0,46.0,15.81,,,0.1321,0.8679,,True,completed
1389,pkw,1204.0,1631.0,427.0,,2109.016,0.0,184.0,243.0,211.686,,,0.4309,0.5691,,True,completed
1736,pkw,1494.0,1631.0,137.0,,1061.385,13.0,18.0,119.0,31.45,,,0.1314,0.8686,,True,completed
1442,pkw,1238.0,1635.0,397.0,,1778.844,0.0,186.0,211.0,227.7,,,0.4685,0.5315,,True,completed
1601,pkw,1380.0,1635.0,255.0,,2078.414,14.0,44.0,211.0,65.451,,,0.1725,0.8275,,True,completed
1493,pkw,1290.0,1636.0,346.0,,2675.574,0.0,51.0,295.0,94.694,,,0.1474,0.8526,,True,completed
1423,pkw,1224.0,1649.0,425.0,,1393.937,74.0,241.0,184.0,284.026,,,0.5671,0.4329,,True,completed
1255,pkw,1124.0,1652.0,528.0,,2388.83,70.0,238.0,290.0,310.431,,,0.4508,0.5492,,True,completed
1661,pkw,1430.0,1655.0,225.0,,1912.39,0.0,1.0,224.0,19.967,,,0.0044,0.9956,,True,completed
1593,pkw,1372.0,1672.0,300.0,,2359.284,0.0,48.0,252.0,82.929,,,0.16,0.84,,True,completed
1212,pkw,1103.0,1675.0,572.0,,2402.047,2.0,287.0,285.0,353.676,,,0.5017,0.4983,,True,completed
1635,pkw,1409.0,1677.0,268.0,,2340.736,0.0,25.0,243.0,55.089,,,0.0933,0.9067,,True,completed
1696,pkw,1454.0,1679.0,225.0,,1655.33,0.0,1.0,224.0,22.398,,,0.0044,0.9956,,True,completed
1250,pkw,1122.0,1685.0,563.0,,1765.36,100.0,321.0,242.0,339.052,,,0.5702,0.4298,,True,completed
1151,pkw,1071.0,1687.0,616.0,,2826.782,0.0,273.0,343.0,359.276,,,0.4432,0.5568,,True,completed
25,pkw,43.0,1688.0,1645.0,,3373.091,13.0,1228.0,417.0,1299.614,,,0.7465,0.2535,,True,completed
1294,pkw,1146.0,1691.0,545.0,,2137.549,11.0,267.0,278.0,310.696,,,0.4899,0.5101,,True,completed
1698,pkw,1456.0,1704.0,248.0,,1925.333,0.0,56.0,192.0,73.022,,,0.2258,0.7742,,True,completed
1821,pkw,1606.0,1706.0,100.0,,1053.194,0.0,0.0,100.0,4.212,,,0.0,1.0,,True,completed
1744,pkw,1503.0,1709.0,206.0,,2133.799,0.0,0.0,206.0,10.575,,,0.0,1.0,,True,completed
1745,pkw,1505.0,1713.0,208.0,,1100.739,38.0,91.0,117.0,105.637,,,0.4375,0.5625,,True,completed
21,pkw,35.0,1716.0,1681.0,,2888.611,58.0,1371.0,310.0,1411.766,,,0.8156,0.1844,,True,completed
1764,pkw,1530.0,1723.0,193.0,,1886.62,0.0,3.0,190.0,20.154,,,0.0155,0.9845,,True,completed
1549,pkw,1336.0,1725.0,389.0,,1489.377,75.0,212.0,177.0,240.239,,,0.545,0.455,,True,completed
1769,pkw,1535.0,1727.0,192.0,,1895.658,0.0,0.0,192.0,18.005,,,0.0,1.0,,True,completed
1666,pkw,1432.0,1728.0,296.0,,2717.239,0.0,8.0,288.0,32.52,,,0.027,0.973,,True,completed
1600,pkw,1380.0,1733.0,353.0,,2919.717,0.0,37.0,316.0,81.155,,,0.1048,0.8952,,True,completed
1168,pkw,1080.0,1737.0,657.0,,1051.84,100.0,433.0,224.0,443.14,,,0.6591,0.3409,,True,completed
1664,pkw,1431.0,1743.0,312.0,,1880.983,0.0,85.0,227.0,104.668,,,0.2724,0.7276,,True,completed
1647,pkw,1417.0,1744.0,327.0,,889.871,0.0,174.0,153.0,219.202,,,0.5321,0.4679,,True,completed
1900,pkw,1698.0,1749.0,51.0,,502.495,0.0,0.0,51.0,3.427,,,0.0,1.0,,True,completed
641,pkw,762.0,1754.0,992.0,,,0.0,508.0,484.0,0.0,,,0.5121,0.4879,,True,completed
164,pkw,309.0,1768.0,1459.0,,634.28,100.0,1270.0,189.0,1296.323,,,0.8705,0.1295,,True,completed
1806,pkw,1590.0,1770.0,180.0,,1838.317,0.0,0.0,180.0,11.087,,,0.0,1.0,,True,completed
1841,pkw,1634.0,1771.0,137.0,,1219.672,0.0,0.0,137.0,12.131,,,0.0,1.0,,True,completed
1730,pkw,1490.0,1785.0,295.0,,2301.96,3.0,40.0,255.0,68.743,,,0.1356,0.8644,,True,completed
276,pkw,453.0,1787.0,1334.0,,2679.315,94.0,955.0,379.0,993.718,,,0.7159,0.2841,,True,completed
94,pkw,181.0,1788.0,1607.0,,2246.411,77.0,1344.0,263.0,1384.208,,,0.8363,0.1637,,True,completed
133,pkw,251.0,1794.0,1543.0,,2483.356,93.0,1281.0,262.0,1318.186,,,0.8302,0.1698,,True,completed
1809,pkw,1591.0,1795.0,204.0,,2076.505,0.0,0.0,204.0,13.102,,,0.0,1.0,,True,completed
1922,pkw,1716.0,1795.0,79.0,,458.218,30.0,30.0,49.0,36.284,,,0.3797,0.6203,,True,completed
1831,pkw,1618.0,1797.0,179.0,,1678.186,0.0,2.0,177.0,16.447,,,0.0112,0.9888,,True,completed
1761,pkw,1522.0,1800.0,278.0,,2689.243,0.0,9.0,269.0,33.61,,,0.0324,0.9676,,True,completed
1002,pkw,997.0,,803.0,,965.084,100.0,624.0,179.0,675.871,,,0.7771,0.2229,,False,on_map_at_end
1003,pkw,998.0,,802.0,,2032.937,100.0,550.0,252.0,619.034,,,0.6858,0.3142,,False,on_map_at_end
1004,pkw,998.0,,802.0,,513.422,100.0,719.0,83.0,755.792,,,0.8965,0.1035,,False,on_map_at_end
1005,pkw,998.0,,802.0,,94.878,100.0,770.0,32.0,793.056,,,0.9601,0.0399,,False,on_map_at_end
1006,pkw,1000.0,,800.0,,1122.948,100.0,646.0,154.0,680.931,,,0.8075,0.1925,,False,on_map_at_end
1007,pkw,1000.0,,800.0,,97.449,100.0,772.0,28.0,788.729,,,0.965,0.035,,False,on_map_at_end
1008,pkw,1000.0,,800.0,,84.557,100.0,773.0,27.0,792.39,,,0.9663,0.0337,,False,on_map_at_end
1009,pkw,1000.0,,800.0,,720.155,100.0,676.0,124.0,725.025,,,0.845,0.155,,False,on_map_at_end
101,pkw,188.0,,1612.0,,1023.795,97.0,1468.0,144.0,1518.897,,,0.9107,0.0893,,False,on_map_at_end
1011,pkw,1001.0,,799.0,,996.939,100.0,669.0,130.0,700.491,,,0.8373,0.1627,,False,on_map_at_end
1012,pkw,1001.0,,799.0,,285.669,100.0,746.0,53.0,772.955,,,0.9337,0.0663,,False,on_map_at_end
1017,pkw,1005.0,,795.0,,385.852,100.0,727.0,68.0,756.412,,,0.9145,0.0855,,False,on_map_at_end
1018,pkw,1006.0,,794.0,,210.668,100.0,751.0,43.0,775.04,,,0.9458,0.0542,,False,on_map_at_end
1020,pkw,1007.0,,793.0,,600.068,95.0,707.0,86.0,738.275,,,0.8916,0.1084,,False,on_map_at_end
1021,pkw,1012.0,,788.0,,431.354,100.0,713.0,75.0,748.85,,,0.9048,0.0952,,False,on_map_at_end
1022,pkw,1008.0,,792.0,,1623.811,97.0,610.0,182.0,630.307,,,0.7702,0.2298,,False,on_map_at_end
1023,pkw,1008.0,,792.0,,989.438,100.0,664.0,128.0,694.94,,,0.8384,0.1616,,False,on_map_at_end
1024,pkw,1090.0,,710.0,,509.183,100.0,618.0,92.0,655.234,,,0.8704,0.1296,,False,on_map_at_end
1027,pkw,1009.0,,791.0,,594.691,88.0,655.0,136.0,737.297,,,0.8281,0.1719,,False,on_map_at_end
1028,pkw,1010.0,,790.0,,592.567,94.0,708.0,82.0,734.989,,,0.8962,0.1038,,False,on_map_at_end
1029,pkw,1010.0,,790.0,,173.364,100.0,752.0,38.0,774.397,,,0.9519,0.0481,,False,on_map_at_end
103,pkw,195.0,,1605.0,,95.379,100.0,1558.0,47.0,1596.416,,,0.9707,0.0293,,False,on_map_at_end
1030,pkw,1011.0,,789.0,,87.377,100.0,755.0,34.0,780.534,,,0.9569,0.0431,,False,on_map_at_end
1031,pkw,1011.0,,789.0,,1045.545,100.0,633.0,156.0,685.041,,,0.8023,0.1977,,False,on_map_at_end
1035,pkw,1015.0,,785.0,,152.228,100.0,744.0,41.0,771.299,,,0.9478,0.0522,,False,on_map_at_end
1036,pkw,1014.0,,786.0,,79.627,100.0,757.0,29.0,778.312,,,0.9631,0.0369,,False,on_map_at_end
1038,pkw,1015.0,,785.0,,79.876,100.0,753.0,32.0,777.096,,,0.9592,0.0408,,False,on_map_at_end
1039,pkw,1015.0,,785.0,,587.19,87.0,648.0,137.0,731.514,,,0.8255,0.1745,,False,on_map_at_end
104,pkw,196.0,,1604.0,,1536.304,100.0,1400.0,204.0,1433.211,,,0.8728,0.1272,,False,on_map_at_end
1040,pkw,1016.0,,784.0,,1458.357,100.0,615.0,169.0,642.257,,,0.7844,0.2156,,False,on_map_at_end
1041,pkw,1016.0,,784.0,,486.185,100.0,688.0,96.0,720.973,,,0.8776,0.1224,,False,on_map_at_end
1044,pkw,1017.0,,783.0,,267.523,100.0,727.0,56.0,758.923,,,0.9285,0.0715,,False,on_map_at_end
1048,pkw,1020.0,,780.0,,2054.873,100.0,565.0,215.0,594.546,,,0.7244,0.2756,,False,on_map_at_end
1049,pkw,1021.0,,779.0,,406.433,100.0,710.0,69.0,742.421,,,0.9114,0.0886,,False,on_map_at_end
1052,pkw,1022.0,,778.0,,1926.834,99.0,575.0,203.0,600.338,,,0.7391,0.2609,,False,on_map_at_end
1053,pkw,1023.0,,777.0,,1077.942,100.0,621.0,156.0,665.289,,,0.7992,0.2008,,False,on_map_at_end
1056,pkw,1024.0,,776.0,,2105.123,100.0,546.0,230.0,586.075,,,0.7036,0.2964,,False,on_map_at_end
1057,pkw,1024.0,,776.0,,1383.611,97.0,615.0,161.0,651.474,,,0.7925,0.2075,,False,on_map_at_end
1058,pkw,1026.0,,774.0,,72.126,100.0,745.0,29.0,767.162,,,0.9625,0.0375,,False,on_map_at_end
106,pkw,202.0,,1598.0,,245.339,100.0,1560.0,38.0,1575.919,,,0.9762,0.0238,,False,on_map_at_end
1060,pkw,1028.0,,772.0,,1359.125,100.0,624.0,148.0,649.582,,,0.8083,0.1917,,False,on_map_at_end
1061,pkw,1028.0,,772.0,,1735.469,100.0,536.0,236.0,604.928,,,0.6943,0.3057,,False,on_map_at_end
1062,pkw,1029.0,,771.0,,1000.479,100.0,659.0,112.0,680.447,,,0.8547,0.1453,,False,on_map_at_end
1064,pkw,1029.0,,771.0,,260.022,100.0,718.0,53.0,747.598,,,0.9313,0.0687,,False,on_map_at_end
1067,pkw,1030.0,,770.0,,240.655,100.0,711.0,59.0,745.553,,,0.9234,0.0766,,False,on_map_at_end
1068,pkw,1030.0,,770.0,,941.484,100.0,634.0,136.0,669.525,,,0.8234,0.1766,,False,on_map_at_end
1069,pkw,1030.0,,770.0,,496.144,92.0,661.0,109.0,724.689,,,0.8584,0.1416,,False,on_map_at_end
1072,pkw,1032.0,,768.0,,481.142,90.0,655.0,113.0,724.355,,,0.8529,0.1471,,False,on_map_at_end
1077,pkw,1035.0,,765.0,,660.868,100.0,654.0,111.0,694.838,,,0.8549,0.1451,,False,on_map_at_end
1078,pkw,1035.0,,765.0,,519.579,100.0,683.0,82.0,718.047,,,0.8928,0.1072,,False,on_map_at_end
1079,pkw,1036.0,,764.0,,252.521,100.0,708.0,56.0,741.271,,,0.9267,0.0733,,False,on_map_at_end
108,pkw,209.0,,1591.0,,686.087,100.0,1500.0,91.0,1526.3,,,0.9428,0.0572,,False,on_map_at_end
1080,pkw,1036.0,,764.0,,77.056,100.0,735.0,29.0,757.065,,,0.962,0.038,,False,on_map_at_end
1081,pkw,1037.0,,763.0,,1254.406,100.0,611.0,152.0,649.219,,,0.8008,0.1992,,False,on_map_at_end
1082,pkw,1037.0,,763.0,,1891.893,100.0,508.0,255.0,587.487,,,0.6658,0.3342,,False,on_map_at_end
1083,pkw,1038.0,,762.0,,233.065,100.0,715.0,47.0,741.255,,,0.9383,0.0617,,False,on_map_at_end
1084,pkw,1037.0,,763.0,,454.534,98.0,681.0,82.0,721.889,,,0.8925,0.1075,,False,on_map_at_end
1085,pkw,1043.0,,757.0,,1053.015,100.0,611.0,146.0,661.153,,,0.8071,0.1929,,False,on_map_at_end
1086,pkw,1038.0,,762.0,,296.837,100.0,708.0,54.0,734.693,,,0.9291,0.0709,,False,on_map_at_end
1088,pkw,1040.0,,760.0,,484.35,100.0,658.0,102.0,697.822,,,0.8658,0.1342,,False,on_map_at_end
1090,pkw,1040.0,,760.0,,2047.372,100.0,546.0,214.0,575.509,,,0.7184,0.2816,,False,on_map_at_end
1091,pkw,1116.0,,684.0,,168.509,86.0,609.0,75.0,668.834,,,0.8904,0.1096,,False,on_map_at_end
1092,pkw,1041.0,,759.0,,585.066,93.0,676.0,83.0,705.392,,,0.8906,0.1094,,False,on_map_at_end
1095,pkw,1042.0,,758.0,,270.667,100.0,706.0,52.0,732.887,,,0.9314,0.0686,,False,on_map_at_end
1097,pkw,1043.0,,757.0,,1219.819,89.0,573.0,184.0,630.589,,,0.7569,0.2431,,False,on_map_at_end
1098,pkw,1043.0,,757.0,,577.565,93.0,679.0,78.0,703.811,,,0.897,0.103,,False,on_map_at_end
1099,pkw,1044.0,,756.0,,173.504,100.0,723.0,33.0,740.384,,,0.9563,0.0437,,False,on_map_at_end
1100,pkw,1044.0,,756.0,,1774.298,95.0,555.0,201.0,588.572,,,0.7341,0.2659,,False,on_map_at_end
1101,pkw,1046.0,,754.0,,1141.435,100.0,608.0,146.0,650.881,,,0.8064,0.1936,,False,on_map_at_end
1103,pkw,1046.0,,754.0,,401.24,100.0,687.0,67.0,717.888,,,0.9111,0.0889,,False,on_map_at_end
1113,pkw,1049.0,,751.0,,1422.782,100.0,567.0,184.0,622.001,,,0.755,0.245,,False,on_map_at_end
1114,pkw,1050.0,,750.0,,1432.509,100.0,553.0,197.0,604.881,,,0.7373,0.2627,,False,on_map_at_end
1115,pkw,1050.0,,750.0,,72.375,100.0,713.0,37.0,742.437,,,0.9507,0.0493,,False,on_map_at_end
1120,pkw,1053.0,,747.0,,2069.875,100.0,521.0,226.0,560.029,,,0.6975,0.3025,,False,on_map_at_end
1121,pkw,1053.0,,747.0,,1544.341,100.0,554.0,193.0,605.176,,,0.7416,0.2584,,False,on_map_at_end
1123,pkw,1054.0,,746.0,,144.606,100.0,706.0,40.0,732.897,,,0.9464,0.0536,,False,on_map_at_end
1124,pkw,1054.0,,746.0,,1244.889,100.0,588.0,158.0,632.984,,,0.7882,0.2118,,False,on_map_at_end
1126,pkw,1055.0,,745.0,,1593.602,100.0,575.0,170.0,595.866,,,0.7718,0.2282,,False,on_map_at_end
1128,pkw,1055.0,,745.0,,828.985,100.0,639.0,106.0,667.851,,,0.8577,0.1423,,False,on_map_at_end
1129,pkw,1055.0,,745.0,,236.476,100.0,683.0,62.0,719.434,,,0.9168,0.0832,,False,on_map_at_end
113,pkw,218.0,,1582.0,,1381.072,97.0,1409.0,173.0,1456.393,,,0.8906,0.1094,,False,on_map_at_end
1130,pkw,1056.0,,744.0,,552.409,95.0,667.0,77.0,694.283,,,0.8965,0.1035,,False,on_map_at_end
1131,pkw,1058.0,,742.0,,1181.464,100.0,585.0,157.0,634.264,,,0.7884,0.2116,,False,on_map_at_end
1132,pkw,1058.0,,742.0,,263.166,100.0,689.0,53.0,717.694,,,0.9286,0.0714,,False,on_map_at_end
1133,pkw,1058.0,,742.0,,505.921,100.0,662.0,80.0,696.467,,,0.8922,0.1078,,False,on_map_at_end
1134,pkw,1061.0,,739.0,,194.967,100.0,684.0,55.0,721.002,,,0.9256,0.0744,,False,on_map_at_end
1135,pkw,1061.0,,739.0,,548.05,90.0,651.0,88.0,684.151,,,0.8809,0.1191,,False,on_map_at_end
1137,pkw,1063.0,,737.0,,1592.721,93.0,559.0,178.0,585.373,,,0.7585,0.2415,,False,on_map_at_end
1138,pkw,1065.0,,735.0,,620.155,94.0,650.0,85.0,676.33,,,0.8844,0.1156,,False,on_map_at_end
1140,pkw,1066.0,,734.0,,488.749,100.0,652.0,82.0,690.012,,,0.8883,0.1117,,False,on_map_at_end
1143,pkw,1067.0,,733.0,,1218.973,100.0,576.0,157.0,622.406,,,0.7858,0.2142,,False,on_map_at_end
1144,pkw,1068.0,,732.0,,478.684,100.0,646.0,86.0,672.677,,,0.8825,0.1175,,False,on_map_at_end
1145,pkw,1068.0,,732.0,,1434.448,100.0,531.0,201.0,596.934,,,0.7254,0.2746,,False,on_map_at_end
1146,pkw,1069.0,,731.0,,64.625,100.0,701.0,30.0,724.897,,,0.959,0.041,,False,on_map_at_end
1147,pkw,1069.0,,731.0,,1025.434,100.0,594.0,137.0,627.379,,,0.8126,0.1874,,False,on_map_at_end
1148,pkw,1069.0,,731.0,,927.579,100.0,572.0,159.0,606.65,,,0.7825,0.2175,,False,on_map_at_end
115,pkw,224.0,,1576.0,,314.188,100.0,1505.0,71.0,1524.243,,,0.9549,0.0451,,False,on_map_at_end
1150,pkw,1070.0,,730.0,,1228.014,100.0,586.0,144.0,618.61,,,0.8027,0.1973,,False,on_map_at_end
1153,pkw,1071.0,,729.0,,1212.318,88.0,555.0,174.0,609.429,,,0.7613,0.2387,,False,on_map_at_end
1154,pkw,1072.0,,728.0,,437.198,100.0,632.0,96.0,661.293,,,0.8681,0.1319,,False,on_map_at_end
1155,pkw,1072.0,,728.0,,926.327,100.0,614.0,114.0,644.047,,,0.8434,0.1566,,False,on_map_at_end
1156,pkw,1072.0,,728.0,,544.908,94.0,649.0,79.0,678.958,,,0.8915,0.1085,,False,on_map_at_end
1157,pkw,1073.0,,727.0,,2504.459,95.0,444.0,283.0,499.65,,,0.6107,0.3893,,False,on_map_at_end
1158,pkw,1073.0,,727.0,,619.368,100.0,635.0,92.0,660.427,,,0.8735,0.1265,,False,on_map_at_end
1159,pkw,1075.0,,725.0,,829.066,100.0,590.0,135.0,646.872,,,0.8138,0.1862,,False,on_map_at_end
116,pkw,230.0,,1570.0,,107.778,100.0,1520.0,50.0,1560.3,,,0.9682,0.0318,,False,on_map_at_end
1160,pkw,1075.0,,725.0,,1093.061,98.0,594.0,131.0,626.139,,,0.8193,0.1807,,False,on_map_at_end
1161,pkw,1075.0,,725.0,,203.167,100.0,689.0,36.0,706.232,,,0.9503,0.0497,,False,on_map_at_end
1163,pkw,1076.0,,724.0,,601.977,100.0,628.0,96.0,667.037,,,0.8674,0.1326,,False,on_map_at_end
1164,pkw,1077.0,,723.0,,544.625,100.0,631.0,92.0,666.01,,,0.8728,0.1272,,False,on_map_at_end
1165,pkw,1079.0,,721.0,,452.928,100.0,656.0,65.0,679.71,,,0.9098,0.0902,,False,on_map_at_end
1166,pkw,1078.0,,722.0,,940.467,100.0,615.0,107.0,635.313,,,0.8518,0.1482,,False,on_map_at_end
1167,pkw,1080.0,,720.0,,266.833,100.0,666.0,54.0,695.321,,,0.925,0.075,,False,on_map_at_end
1169,pkw,1080.0,,720.0,,566.758,100.0,634.0,86.0,668.451,,,0.8806,0.1194,,False,on_map_at_end
117,pkw,231.0,,1569.0,,211.158,100.0,1506.0,63.0,1549.188,,,0.9598,0.0402,,False,on_map_at_end
1170,pkw,1080.0,,720.0,,537.407,93.0,637.0,83.0,671.633,,,0.8847,0.1153,,False,on_map_at_end
1171,pkw,1081.0,,719.0,,1306.421,100.0,476.0,243.0,545.756,,,0.662,0.338,,False,on_map_at_end
1173,pkw,1081.0,,719.0,,218.169,100.0,684.0,35.0,699.365,,,0.9513,0.0487,,False,on_map_at_end
1176,pkw,1082.0,,718.0,,195.666,100.0,684.0,34.0,700.39,,,0.9526,0.0474,,False,on_map_at_end
1177,pkw,1082.0,,718.0,,470.388,94.0,623.0,95.0,642.689,,,0.8677,0.1323,,False,on_map_at_end
1179,pkw,1083.0,,717.0,,1586.101,100.0,549.0,168.0,573.415,,,0.7657,0.2343,,False,on_map_at_end
1180,pkw,1083.0,,717.0,,1012.933,100.0,588.0,129.0,619.108,,,0.8201,0.1799,,False,on_map_at_end
1182,pkw,1084.0,,716.0,,1047.938,100.0,559.0,157.0,611.249,,,0.7807,0.2193,,False,on_map_at_end
1183,pkw,1085.0,,715.0,,443.095,100.0,645.0,70.0,674.787,,,0.9021,0.0979,,False,on_map_at_end
1184,pkw,1087.0,,713.0,,579.327,100.0,618.0,95.0,653.067,,,0.8668,0.1332,,False,on_map_at_end
1186,pkw,1088.0,,712.0,,576.873,100.0,612.0,100.0,650.664,,,0.8596,0.1404,,False,on_map_at_end
1187,pkw,1088.0,,712.0,,1145.472,100.0,575.0,137.0,607.295,,,0.8076,0.1924,,False,on_map_at_end
1188,pkw,1089.0,,711.0,,1066.417,100.0,575.0,136.0,610.608,,,0.8087,0.1913,,False,on_map_at_end
119,pkw,232.0,,1568.0,,2392.529,100.0,1286.0,282.0,1348.194,,,0.8202,0.1798,,False,on_map_at_end
1190,pkw,1091.0,,709.0,,466.14,91.0,618.0,91.0,666.605,,,0.8717,0.1283,,False,on_map_at_end
1192,pkw,1091.0,,709.0,,64.874,100.0,673.0,36.0,701.793,,,0.9492,0.0508,,False,on_map_at_end
1193,pkw,1091.0,,709.0,,210.668,100.0,672.0,37.0,689.948,,,0.9478,0.0522,,False,on_map_at_end
1194,pkw,1092.0,,708.0,,165.863,100.0,676.0,32.0,693.072,,,0.9548,0.0452,,False,on_map_at_end
1196,pkw,1093.0,,707.0,,829.497,100.0,597.0,110.0,615.162,,,0.8444,0.1556,,False,on_map_at_end
1198,pkw,1095.0,,705.0,,936.93,100.0,580.0,125.0,617.006,,,0.8227,0.1773,,False,on_map_at_end
120,pkw,237.0,,1563.0,,171.057,100.0,1492.0,71.0,1540.25,,,0.9546,0.0454,,False,on_map_at_end
1200,pkw,1095.0,,705.0,,1298.92,100.0,470.0,235.0,571.445,,,0.6667,0.3333,,False,on_map_at_end
1202,pkw,1098.0,,702.0,,529.906,92.0,617.0,85.0,654.308,,,0.8789,0.1211,,False,on_map_at_end
1203,pkw,1098.0,,702.0,,948.772,98.0,584.0,118.0,610.947,,,0.8319,0.1681,,False,on_map_at_end
1204,pkw,1098.0,,702.0,,977.976,100.0,593.0,109.0,612.646,,,0.8447,0.1553,,False,on_map_at_end
1205,pkw,1098.0,,702.0,,89.948,100.0,672.0,30.0,691.317,,,0.9573,0.0427,,False,on_map_at_end
1206,pkw,1100.0,,700.0,,69.555,100.0,668.0,32.0,693.74,,,0.9543,0.0457,,False,on_map_at_end
1208,pkw,1101.0,,699.0,,2541.162,92.0,362.0,337.0,428.547,,,0.5179,0.4821,,False,on_map_at_end
1209,pkw,1102.0,,698.0,,532.887,100.0,631.0,67.0,650.04,,,0.904,0.096,,False,on_map_at_end
1210,pkw,1102.0,,698.0,,166.003,100.0,664.0,34.0,683.06,,,0.9513,0.0487,,False,on_map_at_end
1211,pkw,1102.0,,698.0,,571.826,100.0,604.0,94.0,636.601,,,0.8653,0.1347,,False,on_map_at_end
1214,pkw,1104.0,,696.0,,1200.952,100.0,547.0,149.0,580.303,,,0.7859,0.2141,,False,on_map_at_end
1216,pkw,1105.0,,695.0,,1766.797,91.0,495.0,200.0,527.443,,,0.7122,0.2878,,False,on_map_at_end
1217,pkw,1105.0,,695.0,,905.076,100.0,541.0,154.0,581.44,,,0.7784,0.2216,,False,on_map_at_end
1219,pkw,1106.0,,694.0,,181.518,100.0,648.0,46.0,677.663,,,0.9337,0.0663,,False,on_map_at_end
1220,pkw,1107.0,,693.0,,1092.445,100.0,519.0,174.0,585.867,,,0.7489,0.2511,,False,on_map_at_end
1221,pkw,1107.0,,693.0,,82.447,100.0,662.0,31.0,683.479,,,0.9553,0.0447,,False,on_map_at_end
1223,pkw,1108.0,,692.0,,57.373,100.0,666.0,26.0,686.105,,,0.9624,0.0376,,False,on_map_at_end
1224,pkw,1113.0,,687.0,,879.585,100.0,580.0,107.0,607.119,,,0.8443,0.1557,,False,on_map_at_end
1226,pkw,1110.0,,690.0,,1344.646,88.0,492.0,198.0,561.885,,,0.713,0.287,,False,on_map_at_end
1227,pkw,1109.0,,691.0,,158.362,100.0,660.0,31.0,676.747,,,0.9551,0.0449,,False,on_map_at_end
1229,pkw,1114.0,,686.0,,1888.668,100.0,472.0,214.0,503.148,,,0.688,0.312,,False,on_map_at_end
123,pkw,240.0,,1560.0,,315.044,100.0,1484.0,76.0,1521.147,,,0.9513,0.0487,,False,on_map_at_end
1230,pkw,1251.0,,549.0,,114.968,95.0,502.0,47.0,538.653,,,0.9144,0.0856,,False,on_map_at_end
1232,pkw,1111.0,,689.0,,483.418,100.0,611.0,78.0,645.492,,,0.8868,0.1132,,False,on_map_at_end
1233,pkw,1111.0,,689.0,,1113.129,100.0,563.0,126.0,586.621,,,0.8171,0.1829,,False,on_map_at_end
1234,pkw,1112.0,,688.0,,618.305,100.0,596.0,92.0,611.997,,,0.8663,0.1337,,False,on_map_at_end
1235,pkw,1112.0,,688.0,,962.974,100.0,571.0,117.0,600.02,,,0.8299,0.1701,,False,on_map_at_end
1236,pkw,1112.0,,688.0,,189.709,96.0,657.0,31.0,667.96,,,0.9549,0.0451,,False,on_map_at_end
1237,pkw,1113.0,,687.0,,471.183,100.0,610.0,77.0,636.093,,,0.8879,0.1121,,False,on_map_at_end
1238,pkw,1115.0,,685.0,,748.891,100.0,543.0,142.0,599.91,,,0.7927,0.2073,,False,on_map_at_end
1240,pkw,1115.0,,685.0,,907.716,100.0,550.0,135.0,594.78,,,0.8029,0.1971,,False,on_map_at_end
1241,pkw,1116.0,,684.0,,687.572,100.0,568.0,116.0,621.048,,,0.8304,0.1696,,False,on_map_at_end
1242,pkw,1116.0,,684.0,,1200.647,100.0,523.0,161.0,559.403,,,0.7646,0.2354,,False,on_map_at_end
1244,pkw,1118.0,,682.0,,889.143,100.0,543.0,139.0,600.549,,,0.7962,0.2038,,False,on_map_at_end
1246,pkw,1120.0,,680.0,,501.682,100.0,594.0,86.0,626.154,,,0.8735,0.1265,,False,on_map_at_end
1247,pkw,1120.0,,680.0,,54.553,100.0,660.0,20.0,675.09,,,0.9706,0.0294,,False,on_map_at_end
1248,pkw,1121.0,,679.0,,1307.994,100.0,499.0,180.0,559.77,,,0.7349,0.2651,,False,on_map_at_end
125,pkw,240.0,,1560.0,,1209.269,100.0,1413.0,147.0,1429.436,,,0.9058,0.0942,,False,on_map_at_end
1251,pkw,1122.0,,678.0,,522.405,92.0,608.0,70.0,630.983,,,0.8968,0.1032,,False,on_map_at_end
1253,pkw,1123.0,,677.0,,860.569,100.0,546.0,131.0,598.598,,,0.8065,0.1935,,False,on_map_at_end
1254,pkw,1123.0,,677.0,,1873.666,100.0,470.0,207.0,499.209,,,0.6942,0.3058,,False,on_map_at_end
1256,pkw,1124.0,,676.0,,57.124,100.0,646.0,30.0,669.811,,,0.9556,0.0444,,False,on_map_at_end
1257,pkw,1124.0,,676.0,,1085.297,100.0,541.0,135.0,578.265,,,0.8003,0.1997,,False,on_map_at_end
1259,pkw,1125.0,,675.0,,514.904,92.0,607.0,68.0,628.658,,,0.8993,0.1007,,False,on_map_at_end
1262,pkw,1127.0,,673.0,,74.946,100.0,646.0,27.0,662.359,,,0.9599,0.0401,,False,on_map_at_end
1263,pkw,1128.0,,672.0,,1120.416,100.0,517.0,155.0,568.751,,,0.7693,0.2307,,False,on_map_at_end
1264,pkw,1129.0,,671.0,,458.639,90.0,575.0,96.0,629.453,,,0.8569,0.1431,,False,on_map_at_end
1265,pkw,1129.0,,671.0,,845.329,100.0,538.0,133.0,564.836,,,0.8018,0.1982,,False,on_map_at_end
1266,pkw,1130.0,,670.0,,1002.437,100.0,523.0,147.0,577.159,,,0.7806,0.2194,,False,on_map_at_end
1267,pkw,1130.0,,670.0,,689.198,100.0,570.0,100.0,607.972,,,0.8507,0.1493,,False,on_map_at_end
1268,pkw,1131.0,,669.0,,1204.817,88.0,489.0,180.0,552.396,,,0.7309,0.2691,,False,on_map_at_end
1269,pkw,1131.0,,669.0,,221.168,100.0,635.0,34.0,648.727,,,0.9492,0.0508,,False,on_map_at_end
1270,pkw,1132.0,,668.0,,1420.229,96.0,492.0,176.0,533.146,,,0.7365,0.2635,,False,on_map_at_end
1272,pkw,1254.0,,546.0,,107.467,93.0,497.0,49.0,536.328,,,0.9103,0.0897,,False,on_map_at_end
1274,pkw,1133.0,,667.0,,514.621,100.0,588.0,79.0,617.84,,,0.8816,0.1184,,False,on_map_at_end
1276,pkw,1134.0,,666.0,,1351.957,100.0,508.0,158.0,544.323,,,0.7628,0.2372,,False,on_map_at_end
1277,pkw,1136.0,,664.0,,1404.896,100.0,493.0,171.0,528.445,,,0.7425,0.2575,,False,on_map_at_end
1279,pkw,1139.0,,661.0,,348.969,100.0,605.0,56.0,622.197,,,0.9153,0.0847,,False,on_map_at_end
1280,pkw,1139.0,,661.0,,1866.165,100.0,433.0,228.0,478.66,,,0.6551,0.3449,,False,on_map_at_end
1283,pkw,1140.0,,660.0,,853.068,100.0,533.0,127.0,581.981,,,0.8076,0.1924,,False,on_map_at_end
1284,pkw,1141.0,,659.0,,450.489,100.0,598.0,61.0,618.456,,,0.9074,0.0926,,False,on_map_at_end
1285,pkw,1141.0,,659.0,,592.7,100.0,574.0,85.0,597.656,,,0.871,0.129,,False,on_map_at_end
1288,pkw,1144.0,,656.0,,617.373,100.0,580.0,76.0,592.436,,,0.8841,0.1159,,False,on_map_at_end
1289,pkw,1144.0,,656.0,,474.573,100.0,590.0,66.0,612.964,,,0.8994,0.1006,,False,on_map_at_end
1290,pkw,1144.0,,656.0,,1344.456,100.0,495.0,161.0,534.998,,,0.7546,0.2454,,False,on_map_at_end
1291,pkw,1145.0,,655.0,,507.403,91.0,588.0,67.0,609.333,,,0.8977,0.1023,,False,on_map_at_end
1292,pkw,1145.0,,655.0,,853.068,100.0,524.0,131.0,577.138,,,0.8,0.2,,False,on_map_at_end
1293,pkw,1145.0,,655.0,,440.818,100.0,593.0,62.0,615.326,,,0.9053,0.0947,,False,on_map_at_end
1295,pkw,1146.0,,654.0,,921.928,100.0,544.0,110.0,566.832,,,0.8318,0.1682,,False,on_map_at_end
1298,pkw,1147.0,,653.0,,195.666,100.0,619.0,34.0,635.39,,,0.9479,0.0521,,False,on_map_at_end
130,pkw,245.0,,1555.0,,1755.979,100.0,1351.0,204.0,1388.384,,,0.8688,0.1312,,False,on_map_at_end
1302,pkw,1149.0,,651.0,,499.902,90.0,585.0,66.0,606.008,,,0.8986,0.1014,,False,on_map_at_end
1305,pkw,1150.0,,650.0,,160.069,100.0,598.0,52.0,635.585,,,0.92,0.08,,False,on_map_at_end
1306,pkw,1150.0,,650.0,,1594.48,0.0,464.0,186.0,497.459,,,0.7138,0.2862,,False,on_map_at_end
1307,pkw,1151.0,,649.0,,47.052,100.0,634.0,15.0,644.765,,,0.9769,0.0231,,False,on_map_at_end
1308,pkw,1151.0,,649.0,,492.401,91.0,583.0,66.0,604.684,,,0.8983,0.1017,,False,on_map_at_end
1309,pkw,1151.0,,649.0,,49.872,100.0,622.0,27.0,643.923,,,0.9584,0.0416,,False,on_map_at_end
131,pkw,246.0,,1554.0,,308.556,100.0,1477.0,77.0,1525.699,,,0.9505,0.0495,,False,on_map_at_end
1310,pkw,1152.0,,648.0,,484.9,90.0,581.0,67.0,604.359,,,0.8966,0.1034,,False,on_map_at_end
1311,pkw,1151.0,,649.0,,461.522,100.0,575.0,74.0,589.999,,,0.886,0.114,,False,on_map_at_end
1313,pkw,1155.0,,645.0,,188.165,100.0,605.0,40.0,627.867,,,0.938,0.062,,False,on_map_at_end
1315,pkw,1156.0,,644.0,,203.167,100.0,605.0,39.0,625.708,,,0.9394,0.0606,,False,on_map_at_end
1317,pkw,1156.0,,644.0,,476.903,97.0,557.0,87.0,599.956,,,0.8649,0.1351,,False,on_map_at_end
1318,pkw,1156.0,,644.0,,421.133,88.0,560.0,84.0,606.017,,,0.8696,0.1304,,False,on_map_at_end
1319,pkw,1158.0,,642.0,,446.418,100.0,568.0,74.0,591.706,,,0.8847,0.1153,,False,on_map_at_end
1321,pkw,1160.0,,640.0,,413.632,89.0,555.0,85.0,602.598,,,0.8672,0.1328,,False,on_map_at_end
1325,pkw,1161.0,,639.0,,454.021,100.0,561.0,78.0,578.501,,,0.8779,0.1221,,False,on_map_at_end
1326,pkw,1161.0,,639.0,,49.623,100.0,607.0,32.0,633.925,,,0.9499,0.0501,,False,on_map_at_end
1329,pkw,1163.0,,637.0,,916.05,100.0,528.0,109.0,548.502,,,0.8289,0.1711,,False,on_map_at_end
1330,pkw,1164.0,,636.0,,248.164,100.0,582.0,54.0,613.019,,,0.9151,0.0849,,False,on_map_at_end
1331,pkw,1164.0,,636.0,,1164.394,100.0,500.0,136.0,521.795,,,0.7862,0.2138,,False,on_map_at_end
1333,pkw,1165.0,,635.0,,42.371,100.0,610.0,25.0,631.187,,,0.9606,0.0394,,False,on_map_at_end
1334,pkw,1165.0,,635.0,,1156.892,100.0,493.0,142.0,521.848,,,0.7764,0.2236,,False,on_map_at_end
1335,pkw,1166.0,,634.0,,509.598,100.0,559.0,75.0,578.749,,,0.8817,0.1183,,False,on_map_at_end
1336,pkw,1167.0,,633.0,,1337.145,88.0,448.0,185.0,503.088,,,0.7077,0.2923,,False,on_map_at_end
1339,pkw,1167.0,,633.0,,240.662,100.0,580.0,53.0,610.93,,,0.9163,0.0837,,False,on_map_at_end
134,pkw,255.0,,1545.0,,557.697,100.0,1463.0,82.0,1485.347,,,0.9469,0.0531,,False,on_map_at_end
1341,pkw,1169.0,,631.0,,391.129,88.0,549.0,82.0,586.619,,,0.87,0.13,,False,on_map_at_end
1342,pkw,1173.0,,627.0,,914.427,100.0,513.0,114.0,537.775,,,0.8182,0.1818,,False,on_map_at_end
1343,pkw,1173.0,,627.0,,886.859,100.0,468.0,159.0,530.603,,,0.7464,0.2536,,False,on_map_at_end
1346,pkw,1177.0,,623.0,,897.575,100.0,446.0,177.0,482.019,,,0.7159,0.2841,,False,on_map_at_end
1347,pkw,1177.0,,623.0,,879.358,100.0,459.0,164.0,528.819,,,0.7368,0.2632,,False,on_map_at_end
1350,pkw,1179.0,,621.0,,808.062,100.0,487.0,134.0,547.405,,,0.7842,0.2158,,False,on_map_at_end
1351,pkw,1180.0,,620.0,,806.739,100.0,516.0,104.0,547.203,,,0.8323,0.1677,,False,on_map_at_end
1352,pkw,1181.0,,619.0,,2100.019,100.0,378.0,241.0,429.996,,,0.6107,0.3893,,False,on_map_at_end
1353,pkw,1181.0,,619.0,,1174.813,87.0,432.0,187.0,498.619,,,0.6979,0.3021,,False,on_map_at_end
1354,pkw,1181.0,,619.0,,379.447,100.0,540.0,79.0,584.849,,,0.8724,0.1276,,False,on_map_at_end
1356,pkw,1187.0,,613.0,,2120.265,100.0,362.0,251.0,421.663,,,0.5905,0.4095,,False,on_map_at_end
1357,pkw,1184.0,,616.0,,1057.296,100.0,449.0,167.0,513.913,,,0.7289,0.2711,,False,on_map_at_end
1358,pkw,1186.0,,614.0,,612.354,92.0,513.0,101.0,547.063,,,0.8355,0.1645,,False,on_map_at_end
1359,pkw,1187.0,,613.0,,871.857,100.0,454.0,159.0,521.93,,,0.7406,0.2594,,False,on_map_at_end
136,pkw,258.0,,1542.0,,100.277,100.0,1488.0,54.0,1532.975,,,0.965,0.035,,False,on_map_at_end
1362,pkw,1188.0,,612.0,,1336.954,100.0,451.0,161.0,491.673,,,0.7369,0.2631,,False,on_map_at_end
1363,pkw,1188.0,,612.0,,115.5,88.0,555.0,57.0,592.55,,,0.9069,0.0931,,False,on_map_at_end
1364,pkw,1190.0,,610.0,,1167.312,88.0,427.0,183.0,490.942,,,0.7,0.3,,False,on_map_at_end
1365,pkw,1190.0,,610.0,,502.097,100.0,533.0,77.0,555.436,,,0.8738,0.1262,,False,on_map_at_end
1366,pkw,1190.0,,610.0,,67.445,100.0,584.0,26.0,602.41,,,0.9574,0.0426,,False,on_map_at_end
1367,pkw,1190.0,,610.0,,1070.384,87.0,446.0,164.0,511.251,,,0.7311,0.2689,,False,on_map_at_end
1369,pkw,1191.0,,609.0,,174.707,94.0,580.0,29.0,591.565,,,0.9524,0.0476,,False,on_map_at_end
1370,pkw,1191.0,,609.0,,39.551,100.0,595.0,14.0,605.44,,,0.977,0.023,,False,on_map_at_end
1371,pkw,1243.0,,557.0,,319.439,100.0,462.0,95.0,528.25,,,0.8294,0.1706,,False,on_map_at_end
1372,pkw,1192.0,,608.0,,383.628,88.0,520.0,88.0,564.473,,,0.8553,0.1447,,False,on_map_at_end
1373,pkw,1194.0,,606.0,,565.798,100.0,514.0,92.0,537.854,,,0.8482,0.1518,,False,on_map_at_end
1374,pkw,1194.0,,606.0,,278.71,100.0,539.0,67.0,580.916,,,0.8894,0.1106,,False,on_map_at_end
1375,pkw,1194.0,,606.0,,1390.225,94.0,429.0,177.0,469.234,,,0.7079,0.2921,,False,on_map_at_end
1379,pkw,1199.0,,601.0,,158.502,100.0,567.0,34.0,586.735,,,0.9434,0.0566,,False,on_map_at_end
138,pkw,262.0,,1538.0,,168.956,100.0,1494.0,44.0,1517.115,,,0.9714,0.0286,,False,on_map_at_end
1381,pkw,1199.0,,601.0,,159.015,100.0,556.0,45.0,586.689,,,0.9251,0.0749,,False,on_map_at_end
1382,pkw,1201.0,,599.0,,54.553,100.0,567.0,32.0,594.09,,,0.9466,0.0534,,False,on_map_at_end
1383,pkw,1201.0,,599.0,,150.861,100.0,568.0,31.0,585.422,,,0.9482,0.0518,,False,on_map_at_end
1384,pkw,1201.0,,599.0,,477.398,89.0,532.0,67.0,556.034,,,0.8881,0.1119,,False,on_map_at_end
1385,pkw,1202.0,,598.0,,180.664,100.0,560.0,38.0,581.74,,,0.9365,0.0635,,False,on_map_at_end
1387,pkw,1203.0,,597.0,,635.064,100.0,487.0,110.0,537.413,,,0.8157,0.1843,,False,on_map_at_end
1388,pkw,1203.0,,597.0,,455.386,94.0,518.0,79.0,540.254,,,0.8677,0.1323,,False,on_map_at_end
1390,pkw,1204.0,,596.0,,469.897,89.0,530.0,66.0,553.709,,,0.8893,0.1107,,False,on_map_at_end
1391,pkw,1205.0,,595.0,,728.065,100.0,459.0,136.0,516.372,,,0.7714,0.2286,,False,on_map_at_end
1392,pkw,1205.0,,595.0,,1111.265,100.0,465.0,130.0,489.414,,,0.7815,0.2185,,False,on_map_at_end
1394,pkw,1208.0,,592.0,,1293.25,100.0,418.0,174.0,469.678,,,0.7061,0.2939,,False,on_map_at_end
1395,pkw,1209.0,,591.0,,151.001,100.0,558.0,33.0,577.41,,,0.9442,0.0558,,False,on_map_at_end
1396,pkw,1209.0,,591.0,,183.663,100.0,554.0,37.0,573.895,,,0.9374,0.0626,,False,on_map_at_end
1397,pkw,1211.0,,589.0,,277.509,100.0,543.0,46.0,563.772,,,0.9219,0.0781,,False,on_map_at_end
1398,pkw,1212.0,,588.0,,720.564,100.0,462.0,126.0,521.785,,,0.7857,0.2143,,False,on_map_at_end
1399,pkw,1213.0,,587.0,,1064.205,100.0,460.0,127.0,489.903,,,0.7836,0.2164,,False,on_map_at_end
14,pkw,21.0,,1779.0,,555.86,100.0,1677.0,102.0,1713.195,,,0.9427,0.0573,,False,on_map_at_end
140,pkw,264.0,,1536.0,,2586.189,100.0,1231.0,305.0,1301.761,,,0.8014,0.1986,,False,on_map_at_end
1401,pkw,1213.0,,587.0,,1642.686,100.0,399.0,188.0,437.972,,,0.6797,0.3203,,False,on_map_at_end
1402,pkw,1213.0,,587.0,,32.05,100.0,579.0,8.0,584.115,,,0.9864,0.0136,,False,on_map_at_end
1404,pkw,1214.0,,586.0,,526.489,96.0,505.0,81.0,530.473,,,0.8618,0.1382,,False,on_map_at_end
1405,pkw,1214.0,,586.0,,462.393,89.0,519.0,67.0,544.384,,,0.8857,0.1143,,False,on_map_at_end
1406,pkw,1215.0,,585.0,,2571.166,94.0,244.0,341.0,308.04,,,0.4171,0.5829,,False,on_map_at_end
1408,pkw,1215.0,,585.0,,1068.123,100.0,453.0,132.0,484.537,,,0.7744,0.2256,,False,on_map_at_end
141,pkw,265.0,,1535.0,,178.558,100.0,1472.0,63.0,1518.638,,,0.959,0.041,,False,on_map_at_end
1410,pkw,1218.0,,582.0,,114.602,100.0,547.0,35.0,571.501,,,0.9399,0.0601,,False,on_map_at_end
1411,pkw,1218.0,,582.0,,454.872,90.0,516.0,66.0,541.061,,,0.8866,0.1134,,False,on_map_at_end
1412,pkw,1219.0,,581.0,,47.052,100.0,549.0,32.0,576.765,,,0.9449,0.0551,,False,on_map_at_end
1413,pkw,1219.0,,581.0,,1248.163,100.0,440.0,141.0,467.534,,,0.7573,0.2427,,False,on_map_at_end
1414,pkw,1219.0,,581.0,,34.87,100.0,555.0,26.0,577.862,,,0.9552,0.0448,,False,on_map_at_end
1415,pkw,1220.0,,580.0,,555.195,100.0,501.0,79.0,522.032,,,0.8638,0.1362,,False,on_map_at_end
142,pkw,269.0,,1531.0,,688.789,100.0,1428.0,103.0,1442.967,,,0.9327,0.0673,,False,on_map_at_end
1420,pkw,1221.0,,579.0,,130.065,100.0,541.0,38.0,567.166,,,0.9344,0.0656,,False,on_map_at_end
1424,pkw,1224.0,,576.0,,1707.854,100.0,385.0,191.0,411.86,,,0.6684,0.3316,,False,on_map_at_end
1425,pkw,1225.0,,575.0,,1325.691,100.0,432.0,143.0,454.886,,,0.7513,0.2487,,False,on_map_at_end
1426,pkw,1225.0,,575.0,,24.549,100.0,570.0,5.0,572.791,,,0.9913,0.0087,,False,on_map_at_end
1427,pkw,1227.0,,573.0,,39.551,100.0,540.0,33.0,569.44,,,0.9424,0.0576,,False,on_map_at_end
1428,pkw,1228.0,,572.0,,792.821,100.0,450.0,122.0,467.849,,,0.7867,0.2133,,False,on_map_at_end
1429,pkw,1228.0,,572.0,,438.917,100.0,487.0,85.0,515.247,,,0.8514,0.1486,,False,on_map_at_end
143,pkw,276.0,,1524.0,,367.591,100.0,1460.0,64.0,1491.565,,,0.958,0.042,,False,on_map_at_end
1430,pkw,1230.0,,570.0,,644.192,97.0,472.0,98.0,512.022,,,0.8281,0.1719,,False,on_map_at_end
1431,pkw,1232.0,,568.0,,2062.183,91.0,332.0,236.0,377.049,,,0.5845,0.4155,,False,on_map_at_end
1432,pkw,1232.0,,568.0,,34.621,100.0,536.0,32.0,564.884,,,0.9437,0.0563,,False,on_map_at_end
1433,pkw,1232.0,,568.0,,339.77,100.0,504.0,64.0,537.069,,,0.8873,0.1127,,False,on_map_at_end
1434,pkw,1233.0,,567.0,,1299.449,100.0,418.0,149.0,450.048,,,0.7372,0.2628,,False,on_map_at_end
1435,pkw,1233.0,,567.0,,371.852,95.0,483.0,84.0,524.533,,,0.8519,0.1481,,False,on_map_at_end
1437,pkw,1234.0,,566.0,,1152.31,86.0,399.0,167.0,451.813,,,0.7049,0.2951,,False,on_map_at_end
1439,pkw,1235.0,,565.0,,632.608,100.0,473.0,92.0,508.065,,,0.8372,0.1628,,False,on_map_at_end
1440,pkw,1260.0,,540.0,,27.369,100.0,518.0,22.0,537.537,,,0.9593,0.0407,,False,on_map_at_end
1441,pkw,1236.0,,564.0,,1141.687,100.0,400.0,164.0,460.96,,,0.7092,0.2908,,False,on_map_at_end
1444,pkw,1239.0,,561.0,,1707.794,93.0,349.0,212.0,392.878,,,0.6221,0.3779,,False,on_map_at_end
1445,pkw,1239.0,,561.0,,622.982,100.0,444.0,117.0,503.541,,,0.7914,0.2086,,False,on_map_at_end
1448,pkw,1241.0,,559.0,,1280.551,100.0,394.0,165.0,438.624,,,0.7048,0.2952,,False,on_map_at_end
145,pkw,277.0,,1523.0,,1487.359,98.0,1319.0,204.0,1379.623,,,0.8661,0.1339,,False,on_map_at_end
1450,pkw,1243.0,,557.0,,398.278,100.0,458.0,99.0,520.933,,,0.8223,0.1777,,False,on_map_at_end
1451,pkw,1243.0,,557.0,,17.048,100.0,553.0,4.0,555.466,,,0.9928,0.0072,,False,on_map_at_end
1452,pkw,1243.0,,557.0,,233.161,100.0,504.0,53.0,535.233,,,0.9048,0.0952,,False,on_map_at_end
1453,pkw,1245.0,,555.0,,405.589,100.0,480.0,75.0,517.842,,,0.8649,0.1351,,False,on_map_at_end
1454,pkw,1249.0,,551.0,,9.547,100.0,546.0,5.0,550.141,,,0.9909,0.0091,,False,on_map_at_end
1456,pkw,1249.0,,551.0,,701.731,100.0,422.0,129.0,480.291,,,0.7659,0.2341,,False,on_map_at_end
1457,pkw,1251.0,,549.0,,159.705,93.0,514.0,35.0,532.821,,,0.9362,0.0638,,False,on_map_at_end
146,pkw,279.0,,1521.0,,1703.039,100.0,1317.0,204.0,1358.223,,,0.8659,0.1341,,False,on_map_at_end
1460,pkw,1255.0,,545.0,,1737.798,95.0,330.0,215.0,375.491,,,0.6055,0.3945,,False,on_map_at_end
1461,pkw,1256.0,,544.0,,1162.461,100.0,395.0,149.0,439.377,,,0.7261,0.2739,,False,on_map_at_end
1462,pkw,1264.0,,536.0,,27.12,100.0,509.0,27.0,533.559,,,0.9496,0.0504,,False,on_map_at_end
1463,pkw,1259.0,,541.0,,598.573,100.0,433.0,108.0,485.964,,,0.8004,0.1996,,False,on_map_at_end
1465,pkw,1260.0,,540.0,,1047.881,86.0,397.0,143.0,440.97,,,0.7352,0.2648,,False,on_map_at_end
1466,pkw,1264.0,,536.0,,716.459,100.0,443.0,93.0,455.889,,,0.8265,0.1735,,False,on_map_at_end
1467,pkw,1264.0,,536.0,,1630.528,100.0,366.0,170.0,388.194,,,0.6828,0.3172,,False,on_map_at_end
1469,pkw,1265.0,,535.0,,773.207,100.0,421.0,114.0,454.133,,,0.7869,0.2131,,False,on_map_at_end
1471,pkw,1266.0,,534.0,,364.351,91.0,459.0,75.0,492.208,,,0.8596,0.1404,,False,on_map_at_end
1473,pkw,1269.0,,531.0,,356.85,92.0,453.0,78.0,489.883,,,0.8531,0.1469,,False,on_map_at_end
1475,pkw,1272.0,,528.0,,459.524,100.0,455.0,73.0,486.138,,,0.8617,0.1383,,False,on_map_at_end
1476,pkw,1275.0,,525.0,,686.076,100.0,417.0,108.0,444.146,,,0.7943,0.2057,,False,on_map_at_end
1477,pkw,1274.0,,526.0,,32.05,100.0,491.0,35.0,523.116,,,0.9335,0.0665,,False,on_map_at_end
1479,pkw,1275.0,,525.0,,752.218,100.0,392.0,133.0,444.867,,,0.7467,0.2533,,False,on_map_at_end
1481,pkw,1280.0,,520.0,,419.846,100.0,461.0,59.0,481.988,,,0.8865,0.1135,,False,on_map_at_end
1482,pkw,1282.0,,518.0,,444.522,100.0,445.0,73.0,476.746,,,0.8591,0.1409,,False,on_map_at_end
1483,pkw,1282.0,,518.0,,675.558,100.0,407.0,111.0,455.803,,,0.7857,0.2143,,False,on_map_at_end
1484,pkw,1284.0,,516.0,,1585.875,100.0,345.0,171.0,370.583,,,0.6686,0.3314,,False,on_map_at_end
1486,pkw,1284.0,,516.0,,19.868,100.0,500.0,16.0,514.212,,,0.969,0.031,,False,on_map_at_end
1487,pkw,1284.0,,516.0,,2534.56,91.0,236.0,280.0,282.561,,,0.4574,0.5426,,False,on_map_at_end
1488,pkw,1285.0,,515.0,,173.163,100.0,481.0,34.0,499.415,,,0.934,0.066,,False,on_map_at_end
1490,pkw,1287.0,,513.0,,656.724,100.0,385.0,128.0,445.121,,,0.7505,0.2495,,False,on_map_at_end
1491,pkw,1289.0,,511.0,,1286.967,100.0,370.0,141.0,394.062,,,0.7241,0.2759,,False,on_map_at_end
1494,pkw,1291.0,,509.0,,447.322,90.0,443.0,66.0,468.741,,,0.8703,0.1297,,False,on_map_at_end
1495,pkw,1291.0,,509.0,,233.703,100.0,449.0,60.0,487.966,,,0.8821,0.1179,,False,on_map_at_end
1497,pkw,1291.0,,509.0,,432.883,92.0,437.0,72.0,458.99,,,0.8585,0.1415,,False,on_map_at_end
1498,pkw,1292.0,,508.0,,1831.799,100.0,324.0,184.0,342.029,,,0.6378,0.3622,,False,on_map_at_end
1499,pkw,1293.0,,507.0,,857.417,100.0,348.0,159.0,373.967,,,0.6864,0.3136,,False,on_map_at_end
15,pkw,22.0,,1778.0,,1440.853,100.0,1592.0,186.0,1647.396,,,0.8954,0.1046,,False,on_map_at_end
150,pkw,291.0,,1509.0,,85.275,100.0,1451.0,58.0,1501.325,,,0.9616,0.0384,,False,on_map_at_end
1501,pkw,1296.0,,504.0,,1029.549,100.0,373.0,131.0,410.598,,,0.7401,0.2599,,False,on_map_at_end
1502,pkw,1297.0,,503.0,,932.378,100.0,400.0,103.0,410.131,,,0.7952,0.2048,,False,on_map_at_end
1503,pkw,1298.0,,502.0,,412.984,100.0,448.0,54.0,464.831,,,0.8924,0.1076,,False,on_map_at_end
1505,pkw,1300.0,,500.0,,714.713,100.0,376.0,124.0,417.239,,,0.752,0.248,,False,on_map_at_end
1506,pkw,1300.0,,500.0,,1144.809,86.0,346.0,154.0,388.69,,,0.692,0.308,,False,on_map_at_end
1507,pkw,1301.0,,499.0,,1291.948,100.0,349.0,150.0,382.723,,,0.6994,0.3006,,False,on_map_at_end
1509,pkw,1306.0,,494.0,,163.612,100.0,462.0,32.0,479.161,,,0.9352,0.0648,,False,on_map_at_end
1510,pkw,1306.0,,494.0,,813.577,100.0,384.0,110.0,420.777,,,0.7773,0.2227,,False,on_map_at_end
1512,pkw,1308.0,,492.0,,439.719,89.0,427.0,65.0,452.425,,,0.8679,0.1321,,False,on_map_at_end
1513,pkw,1309.0,,491.0,,412.87,100.0,436.0,55.0,445.841,,,0.888,0.112,,False,on_map_at_end
1516,pkw,1310.0,,490.0,,143.36,100.0,455.0,35.0,474.972,,,0.9286,0.0714,,False,on_map_at_end
1517,pkw,1312.0,,488.0,,12.118,100.0,472.0,16.0,486.909,,,0.9672,0.0328,,False,on_map_at_end
1518,pkw,1314.0,,486.0,,367.338,100.0,427.0,59.0,452.714,,,0.8786,0.1214,,False,on_map_at_end
1522,pkw,1317.0,,483.0,,870.148,100.0,361.0,122.0,400.363,,,0.7474,0.2526,,False,on_map_at_end
1523,pkw,1318.0,,482.0,,702.648,100.0,391.0,91.0,406.427,,,0.8112,0.1888,,False,on_map_at_end
1526,pkw,1320.0,,480.0,,24.549,100.0,456.0,24.0,477.791,,,0.95,0.05,,False,on_map_at_end
1527,pkw,1321.0,,479.0,,431.976,89.0,415.0,64.0,440.122,,,0.8664,0.1336,,False,on_map_at_end
1528,pkw,1322.0,,478.0,,341.848,90.0,400.0,78.0,438.233,,,0.8368,0.1632,,False,on_map_at_end
1529,pkw,1322.0,,478.0,,425.448,100.0,418.0,60.0,438.977,,,0.8745,0.1255,,False,on_map_at_end
1530,pkw,1322.0,,478.0,,405.369,100.0,426.0,52.0,433.516,,,0.8912,0.1088,,False,on_map_at_end
1531,pkw,1323.0,,477.0,,648.229,100.0,359.0,118.0,398.481,,,0.7526,0.2474,,False,on_map_at_end
1533,pkw,1332.0,,468.0,,424.019,100.0,409.0,59.0,423.259,,,0.8739,0.1261,,False,on_map_at_end
1534,pkw,1327.0,,473.0,,2.046,100.0,468.0,5.0,472.816,,,0.9894,0.0106,,False,on_map_at_end
1536,pkw,1328.0,,472.0,,1645.456,95.0,269.0,203.0,319.42,,,0.5699,0.4301,,False,on_map_at_end
1537,pkw,1329.0,,471.0,,424.032,90.0,407.0,64.0,432.837,,,0.8641,0.1359,,False,on_map_at_end
1538,pkw,1329.0,,471.0,,240.004,100.0,427.0,44.0,449.399,,,0.9066,0.0934,,False,on_map_at_end
1539,pkw,1330.0,,470.0,,954.886,100.0,361.0,109.0,382.354,,,0.7681,0.2319,,False,on_map_at_end
154,pkw,299.0,,1501.0,,342.039,100.0,1430.0,71.0,1470.324,,,0.9527,0.0473,,False,on_map_at_end
1540,pkw,1330.0,,470.0,,436.958,100.0,414.0,56.0,429.025,,,0.8809,0.1191,,False,on_map_at_end
1541,pkw,1330.0,,470.0,,602.604,98.0,402.0,68.0,415.765,,,0.8553,0.1447,,False,on_map_at_end
1542,pkw,1331.0,,469.0,,191.835,99.0,426.0,43.0,451.22,,,0.9083,0.0917,,False,on_map_at_end
1543,pkw,1332.0,,468.0,,650.42,100.0,351.0,117.0,391.268,,,0.75,0.25,,False,on_map_at_end
1544,pkw,1334.0,,466.0,,999.539,100.0,328.0,138.0,365.16,,,0.7039,0.2961,,False,on_map_at_end
1545,pkw,1334.0,,466.0,,977.857,100.0,340.0,126.0,377.917,,,0.7296,0.2704,,False,on_map_at_end
1546,pkw,1335.0,,465.0,,2032.37,100.0,248.0,217.0,281.694,,,0.5333,0.4667,,False,on_map_at_end
1547,pkw,1335.0,,465.0,,1302.209,100.0,316.0,149.0,339.505,,,0.6796,0.3204,,False,on_map_at_end
1548,pkw,1336.0,,464.0,,807.908,100.0,339.0,125.0,376.01,,,0.7306,0.2694,,False,on_map_at_end
155,pkw,301.0,,1499.0,,1004.607,100.0,1376.0,123.0,1386.652,,,0.9179,0.0821,,False,on_map_at_end
1550,pkw,1337.0,,463.0,,431.416,100.0,380.0,83.0,408.53,,,0.8207,0.1793,,False,on_map_at_end
1551,pkw,1338.0,,462.0,,161.16,100.0,432.0,30.0,446.916,,,0.9351,0.0649,,False,on_map_at_end
1552,pkw,1339.0,,461.0,,173.989,100.0,403.0,58.0,445.341,,,0.8742,0.1258,,False,on_map_at_end
1553,pkw,1340.0,,460.0,,226.202,100.0,400.0,60.0,439.642,,,0.8696,0.1304,,False,on_map_at_end
1556,pkw,1343.0,,457.0,,66.219,91.0,407.0,50.0,442.04,,,0.8906,0.1094,,False,on_map_at_end
1557,pkw,1344.0,,456.0,,143.5,100.0,432.0,24.0,443.085,,,0.9474,0.0526,,False,on_map_at_end
1558,pkw,1344.0,,456.0,,416.231,91.0,394.0,62.0,418.539,,,0.864,0.136,,False,on_map_at_end
1559,pkw,1344.0,,456.0,,137.202,91.0,424.0,32.0,442.579,,,0.9298,0.0702,,False,on_map_at_end
156,pkw,302.0,,1498.0,,1415.575,100.0,1329.0,169.0,1348.145,,,0.8872,0.1128,,False,on_map_at_end
1560,pkw,1345.0,,455.0,,794.057,100.0,341.0,114.0,360.259,,,0.7495,0.2505,,False,on_map_at_end
1562,pkw,1347.0,,453.0,,849.916,100.0,305.0,148.0,331.539,,,0.6733,0.3267,,False,on_map_at_end
1563,pkw,1348.0,,452.0,,39.806,90.0,429.0,23.0,447.962,,,0.9491,0.0509,,False,on_map_at_end
1567,pkw,1349.0,,451.0,,742.677,94.0,333.0,118.0,372.901,,,0.7384,0.2616,,False,on_map_at_end
1568,pkw,1350.0,,450.0,,1685.291,92.0,226.0,224.0,281.484,,,0.5022,0.4978,,False,on_map_at_end
1569,pkw,1351.0,,449.0,,176.126,100.0,385.0,64.0,433.149,,,0.8575,0.1425,,False,on_map_at_end
1571,pkw,1352.0,,448.0,,472.683,100.0,382.0,66.0,397.458,,,0.8527,0.1473,,False,on_map_at_end
1572,pkw,1414.0,,386.0,,799.238,100.0,281.0,105.0,313.969,,,0.728,0.272,,False,on_map_at_end
1573,pkw,1564.0,,236.0,,12.367,100.0,226.0,10.0,234.887,,,0.9576,0.0424,,False,on_map_at_end
1574,pkw,1353.0,,447.0,,380.209,100.0,394.0,53.0,412.041,,,0.8814,0.1186,,False,on_map_at_end
1575,pkw,1353.0,,447.0,,489.855,100.0,376.0,71.0,394.913,,,0.8412,0.1588,,False,on_map_at_end
1576,pkw,1354.0,,446.0,,1533.594,99.0,260.0,186.0,304.082,,,0.583,0.417,,False,on_map_at_end
1578,pkw,1355.0,,445.0,,408.384,92.0,386.0,59.0,408.245,,,0.8674,0.1326,,False,on_map_at_end
1579,pkw,1358.0,,442.0,,153.659,100.0,415.0,27.0,427.6,,,0.9389,0.0611,,False,on_map_at_end
1580,pkw,1362.0,,438.0,,2024.869,100.0,239.0,199.0,255.475,,,0.5457,0.4543,,False,on_map_at_end
1581,pkw,1363.0,,437.0,,390.367,100.0,388.0,49.0,393.867,,,0.8879,0.1121,,False,on_map_at_end
1582,pkw,1365.0,,435.0,,597.584,92.0,351.0,84.0,373.069,,,0.8069,0.1931,,False,on_map_at_end
1583,pkw,1375.0,,425.0,,452.388,95.0,357.0,68.0,380.217,,,0.84,0.16,,False,on_map_at_end
1584,pkw,1366.0,,434.0,,574.849,89.0,334.0,100.0,357.189,,,0.7696,0.2304,,False,on_map_at_end
1585,pkw,1366.0,,434.0,,1385.977,94.0,276.0,158.0,303.667,,,0.6359,0.3641,,False,on_map_at_end
1586,pkw,1367.0,,433.0,,399.574,93.0,377.0,56.0,397.038,,,0.8707,0.1293,,False,on_map_at_end
1588,pkw,1368.0,,432.0,,334.347,90.0,369.0,63.0,392.908,,,0.8542,0.1458,,False,on_map_at_end
1589,pkw,1369.0,,431.0,,622.469,100.0,334.0,97.0,370.161,,,0.7749,0.2251,,False,on_map_at_end
1592,pkw,1371.0,,429.0,,309.766,100.0,381.0,48.0,400.774,,,0.8881,0.1119,,False,on_map_at_end
1594,pkw,1373.0,,427.0,,203.157,100.0,390.0,37.0,408.41,,,0.9133,0.0867,,False,on_map_at_end
1595,pkw,1373.0,,427.0,,917.968,100.0,323.0,104.0,343.151,,,0.7564,0.2436,,False,on_map_at_end
1596,pkw,1415.0,,385.0,,32.457,89.0,362.0,23.0,382.079,,,0.9403,0.0597,,False,on_map_at_end
1597,pkw,1375.0,,425.0,,158.161,100.0,401.0,24.0,410.765,,,0.9435,0.0565,,False,on_map_at_end
1599,pkw,1376.0,,424.0,,948.476,100.0,276.0,148.0,321.701,,,0.6509,0.3491,,False,on_map_at_end
1602,pkw,1381.0,,419.0,,129.701,90.0,385.0,34.0,405.021,,,0.9189,0.0811,,False,on_map_at_end
1603,pkw,1381.0,,419.0,,186.115,100.0,388.0,31.0,402.001,,,0.926,0.074,,False,on_map_at_end
1605,pkw,1382.0,,418.0,,423.915,100.0,349.0,69.0,371.06,,,0.8349,0.1651,,False,on_map_at_end
1606,pkw,1383.0,,417.0,,1422.288,100.0,222.0,195.0,286.328,,,0.5324,0.4676,,False,on_map_at_end
1607,pkw,1384.0,,416.0,,593.909,100.0,312.0,104.0,348.685,,,0.75,0.25,,False,on_map_at_end
1609,pkw,1387.0,,413.0,,2105.57,38.0,168.0,245.0,191.158,,,0.4068,0.5932,,False,on_map_at_end
1610,pkw,1388.0,,412.0,,228.646,100.0,348.0,64.0,391.422,,,0.8447,0.1553,,False,on_map_at_end
1611,pkw,1389.0,,411.0,,1563.372,100.0,243.0,168.0,269.287,,,0.5912,0.4088,,False,on_map_at_end
1612,pkw,1391.0,,409.0,,571.704,50.0,344.0,65.0,356.833,,,0.8411,0.1589,,False,on_map_at_end
1613,pkw,1391.0,,409.0,,410.38,90.0,340.0,69.0,358.812,,,0.8313,0.1687,,False,on_map_at_end
1614,pkw,1391.0,,409.0,,111.029,100.0,392.0,17.0,399.007,,,0.9584,0.0416,,False,on_map_at_end
1615,pkw,1392.0,,408.0,,135.859,100.0,379.0,29.0,395.773,,,0.9289,0.0711,,False,on_map_at_end
1616,pkw,1393.0,,407.0,,203.607,100.0,376.0,31.0,388.675,,,0.9238,0.0762,,False,on_map_at_end
162,pkw,305.0,,1495.0,,1912.688,100.0,1282.0,213.0,1318.349,,,0.8575,0.1425,,False,on_map_at_end
1621,pkw,1398.0,,402.0,,2027.174,89.0,165.0,237.0,192.045,,,0.4104,0.5896,,False,on_map_at_end
1622,pkw,1398.0,,402.0,,302.265,100.0,356.0,46.0,374.68,,,0.8856,0.1144,,False,on_map_at_end
1623,pkw,1398.0,,402.0,,1294.705,100.0,247.0,155.0,277.712,,,0.6144,0.3856,,False,on_map_at_end
1626,pkw,1402.0,,398.0,,128.358,100.0,368.0,30.0,386.448,,,0.9246,0.0754,,False,on_map_at_end
1627,pkw,1402.0,,398.0,,812.411,100.0,276.0,122.0,293.953,,,0.6935,0.3065,,False,on_map_at_end
1629,pkw,1404.0,,396.0,,326.846,87.0,341.0,55.0,357.584,,,0.8611,0.1389,,False,on_map_at_end
1630,pkw,1405.0,,395.0,,1276.946,100.0,264.0,131.0,280.074,,,0.6684,0.3316,,False,on_map_at_end
1631,pkw,1407.0,,393.0,,696.995,100.0,275.0,118.0,322.744,,,0.6997,0.3003,,False,on_map_at_end
1632,pkw,1407.0,,393.0,,59.944,100.0,369.0,24.0,386.343,,,0.9389,0.0611,,False,on_map_at_end
1633,pkw,1408.0,,392.0,,655.268,100.0,299.0,93.0,333.025,,,0.7628,0.2372,,False,on_map_at_end
1636,pkw,1409.0,,391.0,,135.999,100.0,363.0,28.0,378.76,,,0.9284,0.0716,,False,on_map_at_end
1638,pkw,1410.0,,390.0,,342.704,100.0,342.0,48.0,358.958,,,0.8769,0.1231,,False,on_map_at_end
1639,pkw,1411.0,,389.0,,52.443,100.0,366.0,23.0,382.413,,,0.9409,0.0591,,False,on_map_at_end
1640,pkw,1412.0,,388.0,,421.926,100.0,322.0,66.0,334.702,,,0.8299,0.1701,,False,on_map_at_end
1641,pkw,1412.0,,388.0,,391.233,95.0,335.0,53.0,352.789,,,0.8634,0.1366,,False,on_map_at_end
1642,pkw,1412.0,,388.0,,319.345,87.0,340.0,48.0,350.259,,,0.8763,0.1237,,False,on_map_at_end
1644,pkw,1415.0,,385.0,,607.439,99.0,310.0,75.0,330.33,,,0.8052,0.1948,,False,on_map_at_end
1646,pkw,1416.0,,384.0,,590.058,99.0,294.0,90.0,329.974,,,0.7656,0.2344,,False,on_map_at_end
1649,pkw,1418.0,,382.0,,593.424,100.0,288.0,94.0,327.111,,,0.7539,0.2461,,False,on_map_at_end
1650,pkw,1422.0,,378.0,,375.441,95.0,323.0,55.0,343.801,,,0.8545,0.1455,,False,on_map_at_end
1651,pkw,1422.0,,378.0,,1541.168,100.0,213.0,165.0,237.409,,,0.5635,0.4365,,False,on_map_at_end
1653,pkw,1423.0,,377.0,,540.917,100.0,296.0,81.0,327.122,,,0.7851,0.2149,,False,on_map_at_end
1654,pkw,1423.0,,377.0,,647.767,100.0,284.0,93.0,318.7,,,0.7533,0.2467,,False,on_map_at_end
1656,pkw,1425.0,,375.0,,362.418,100.0,326.0,49.0,341.917,,,0.8693,0.1307,,False,on_map_at_end
1658,pkw,1426.0,,374.0,,93.992,100.0,339.0,35.0,365.541,,,0.9064,0.0936,,False,on_map_at_end
166,pkw,312.0,,1488.0,,1355.706,100.0,1302.0,186.0,1364.939,,,0.875,0.125,,False,on_map_at_end
1662,pkw,1430.0,,370.0,,844.265,100.0,273.0,97.0,290.452,,,0.7378,0.2622,,False,on_map_at_end
1663,pkw,1431.0,,369.0,,834.357,100.0,273.0,96.0,292.696,,,0.7398,0.2602,,False,on_map_at_end
1665,pkw,1431.0,,369.0,,1958.745,100.0,173.0,196.0,192.711,,,0.4688,0.5312,,False,on_map_at_end
1667,pkw,1434.0,,366.0,,382.85,96.0,313.0,53.0,331.543,,,0.8552,0.1448,,False,on_map_at_end
1668,pkw,1434.0,,366.0,,959.146,100.0,226.0,140.0,279.676,,,0.6175,0.3825,,False,on_map_at_end
1669,pkw,1526.0,,274.0,,9.547,100.0,257.0,17.0,273.141,,,0.938,0.062,,False,on_map_at_end
167,pkw,313.0,,1487.0,,80.377,100.0,1428.0,59.0,1479.766,,,0.9603,0.0397,,False,on_map_at_end
1670,pkw,1436.0,,364.0,,797.409,100.0,224.0,140.0,246.199,,,0.6154,0.3846,,False,on_map_at_end
1671,pkw,1437.0,,363.0,,373.284,97.0,309.0,54.0,329.404,,,0.8512,0.1488,,False,on_map_at_end
1673,pkw,1439.0,,361.0,,365.231,99.0,309.0,52.0,328.129,,,0.856,0.144,,False,on_map_at_end
1674,pkw,1440.0,,360.0,,311.464,100.0,303.0,57.0,315.128,,,0.8417,0.1583,,False,on_map_at_end
1676,pkw,1440.0,,360.0,,681.993,100.0,244.0,116.0,295.297,,,0.6778,0.3222,,False,on_map_at_end
1677,pkw,1440.0,,360.0,,435.487,100.0,307.0,53.0,320.806,,,0.8528,0.1472,,False,on_map_at_end
1678,pkw,1441.0,,359.0,,418.315,100.0,301.0,58.0,321.351,,,0.8384,0.1616,,False,on_map_at_end
1679,pkw,1442.0,,358.0,,599.938,99.0,291.0,67.0,304.005,,,0.8128,0.1872,,False,on_map_at_end
168,pkw,313.0,,1487.0,,196.156,100.0,1410.0,77.0,1468.451,,,0.9482,0.0518,,False,on_map_at_end
1680,pkw,1443.0,,357.0,,967.634,100.0,201.0,156.0,255.962,,,0.563,0.437,,False,on_map_at_end
1681,pkw,1444.0,,356.0,,44.942,100.0,341.0,15.0,350.745,,,0.9579,0.0421,,False,on_map_at_end
1682,pkw,1444.0,,356.0,,1562.62,90.0,166.0,190.0,203.062,,,0.4663,0.5337,,False,on_map_at_end
1683,pkw,1445.0,,355.0,,116.459,99.0,307.0,48.0,343.845,,,0.8648,0.1352,,False,on_map_at_end
1684,pkw,1445.0,,355.0,,674.492,100.0,240.0,115.0,290.413,,,0.6761,0.3239,,False,on_map_at_end
1685,pkw,1445.0,,355.0,,395.812,100.0,295.0,60.0,319.377,,,0.831,0.169,,False,on_map_at_end
1686,pkw,1446.0,,354.0,,951.303,100.0,249.0,105.0,267.048,,,0.7034,0.2966,,False,on_map_at_end
1687,pkw,1446.0,,354.0,,311.844,87.0,309.0,45.0,316.934,,,0.8729,0.1271,,False,on_map_at_end
1688,pkw,1446.0,,354.0,,836.764,100.0,258.0,96.0,275.538,,,0.7288,0.2712,,False,on_map_at_end
1689,pkw,1447.0,,353.0,,408.913,100.0,286.0,67.0,301.689,,,0.8102,0.1898,,False,on_map_at_end
169,pkw,314.0,,1486.0,,173.404,100.0,1419.0,67.0,1469.863,,,0.9549,0.0451,,False,on_map_at_end
1692,pkw,1451.0,,349.0,,1386.123,0.0,198.0,151.0,219.481,,,0.5673,0.4327,,False,on_map_at_end
1694,pkw,1451.0,,349.0,,962.134,100.0,235.0,114.0,258.969,,,0.6734,0.3266,,False,on_map_at_end
1695,pkw,1452.0,,348.0,,357.471,100.0,300.0,48.0,315.827,,,0.8621,0.1379,,False,on_map_at_end
1697,pkw,1455.0,,345.0,,111.029,100.0,325.0,20.0,335.007,,,0.942,0.058,,False,on_map_at_end
1699,pkw,1456.0,,344.0,,726.841,100.0,225.0,119.0,274.088,,,0.6541,0.3459,,False,on_map_at_end
17,pkw,27.0,,1773.0,,1594.244,100.0,1584.0,189.0,1617.118,,,0.8934,0.1066,,False,on_map_at_end
1700,pkw,1568.0,,232.0,,4.866,100.0,225.0,7.0,231.562,,,0.9698,0.0302,,False,on_map_at_end
1701,pkw,1456.0,,344.0,,1685.912,100.0,158.0,186.0,191.636,,,0.4593,0.5407,,False,on_map_at_end
1703,pkw,1459.0,,341.0,,686.455,100.0,244.0,97.0,265.459,,,0.7155,0.2845,,False,on_map_at_end
1704,pkw,1460.0,,340.0,,437.079,100.0,275.0,65.0,298.924,,,0.8088,0.1912,,False,on_map_at_end
1705,pkw,1461.0,,339.0,,875.039,100.0,205.0,134.0,260.246,,,0.6047,0.3953,,False,on_map_at_end
1706,pkw,1461.0,,339.0,,1137.307,86.0,183.0,156.0,222.496,,,0.5398,0.4602,,False,on_map_at_end
1708,pkw,1463.0,,337.0,,696.837,100.0,208.0,129.0,266.243,,,0.6172,0.3828,,False,on_map_at_end
1709,pkw,1464.0,,336.0,,1011.461,100.0,220.0,116.0,243.665,,,0.6548,0.3452,,False,on_map_at_end
1710,pkw,1465.0,,335.0,,54.714,100.0,313.0,22.0,330.076,,,0.9343,0.0657,,False,on_map_at_end
1711,pkw,1465.0,,335.0,,401.412,100.0,275.0,60.0,290.827,,,0.8209,0.1791,,False,on_map_at_end
1712,pkw,1466.0,,334.0,,1173.71,30.0,164.0,170.0,179.123,,,0.491,0.509,,False,on_map_at_end
1713,pkw,1467.0,,333.0,,78.709,100.0,320.0,13.0,325.916,,,0.961,0.039,,False,on_map_at_end
1715,pkw,1469.0,,331.0,,380.442,100.0,273.0,58.0,296.348,,,0.8248,0.1752,,False,on_map_at_end
1717,pkw,1473.0,,327.0,,304.343,87.0,283.0,44.0,290.86,,,0.8654,0.1346,,False,on_map_at_end
1718,pkw,1473.0,,327.0,,936.642,100.0,203.0,124.0,242.701,,,0.6208,0.3792,,False,on_map_at_end
1719,pkw,1475.0,,325.0,,296.842,86.0,278.0,47.0,290.0,,,0.8554,0.1446,,False,on_map_at_end
1720,pkw,1477.0,,323.0,,360.583,100.0,271.0,52.0,290.179,,,0.839,0.161,,False,on_map_at_end
1721,pkw,1477.0,,323.0,,526.4,100.0,212.0,111.0,263.219,,,0.6563,0.3437,,False,on_map_at_end
1722,pkw,1479.0,,321.0,,427.986,100.0,268.0,53.0,282.481,,,0.8349,0.1651,,False,on_map_at_end
1723,pkw,1481.0,,319.0,,349.898,100.0,283.0,36.0,287.509,,,0.8871,0.1129,,False,on_map_at_end
1725,pkw,1486.0,,314.0,,567.348,89.0,216.0,98.0,238.057,,,0.6879,0.3121,,False,on_map_at_end
1726,pkw,1486.0,,314.0,,894.069,100.0,216.0,98.0,232.541,,,0.6879,0.3121,,False,on_map_at_end
1727,pkw,1487.0,,313.0,,929.141,100.0,194.0,119.0,229.376,,,0.6198,0.3802,,False,on_map_at_end
1728,pkw,1487.0,,313.0,,455.488,100.0,240.0,73.0,269.925,,,0.7668,0.2332,,False,on_map_at_end
1729,pkw,1490.0,,310.0,,342.384,100.0,273.0,37.0,279.185,,,0.8806,0.1194,,False,on_map_at_end
1731,pkw,1490.0,,310.0,,1245.067,90.0,171.0,139.0,193.783,,,0.5516,0.4484,,False,on_map_at_end
1732,pkw,1491.0,,309.0,,334.88,100.0,271.0,38.0,278.861,,,0.877,0.123,,False,on_map_at_end
1735,pkw,1494.0,,306.0,,188.697,97.0,254.0,52.0,289.017,,,0.8301,0.1699,,False,on_map_at_end
1737,pkw,1495.0,,305.0,,1974.838,90.0,111.0,194.0,126.911,,,0.3639,0.6361,,False,on_map_at_end
1739,pkw,1499.0,,301.0,,120.857,100.0,272.0,29.0,290.123,,,0.9037,0.0963,,False,on_map_at_end
1740,pkw,1501.0,,299.0,,128.498,100.0,274.0,25.0,287.435,,,0.9164,0.0836,,False,on_map_at_end
1741,pkw,1502.0,,298.0,,902.966,100.0,195.0,103.0,215.134,,,0.6544,0.3456,,False,on_map_at_end
1742,pkw,1502.0,,298.0,,363.389,100.0,259.0,39.0,264.967,,,0.8691,0.1309,,False,on_map_at_end
1743,pkw,1502.0,,298.0,,289.341,86.0,254.0,44.0,271.959,,,0.8523,0.1477,,False,on_map_at_end
1746,pkw,1505.0,,295.0,,638.679,100.0,197.0,98.0,230.745,,,0.6678,0.3322,,False,on_map_at_end
1747,pkw,1507.0,,293.0,,281.84,85.0,249.0,44.0,267.634,,,0.8498,0.1502,,False,on_map_at_end
1748,pkw,1509.0,,291.0,,120.997,100.0,269.0,22.0,280.11,,,0.9244,0.0756,,False,on_map_at_end
1749,pkw,1509.0,,291.0,,1095.926,31.0,119.0,172.0,136.651,,,0.4089,0.5911,,False,on_map_at_end
1750,pkw,1512.0,,288.0,,497.156,100.0,215.0,73.0,241.907,,,0.7465,0.2535,,False,on_map_at_end
1751,pkw,1590.0,,210.0,,4.617,100.0,203.0,7.0,209.585,,,0.9667,0.0333,,False,on_map_at_end
1752,pkw,1515.0,,285.0,,1943.743,91.0,90.0,195.0,110.061,,,0.3158,0.6842,,False,on_map_at_end
1753,pkw,1515.0,,285.0,,327.378,100.0,250.0,35.0,255.536,,,0.8772,0.1228,,False,on_map_at_end
1754,pkw,1518.0,,282.0,,89.289,100.0,271.0,11.0,273.964,,,0.961,0.039,,False,on_map_at_end
1755,pkw,1518.0,,282.0,,360.492,100.0,238.0,44.0,241.374,,,0.844,0.156,,False,on_map_at_end
1756,pkw,1519.0,,281.0,,1118.793,32.0,105.0,176.0,131.003,,,0.3737,0.6263,,False,on_map_at_end
1757,pkw,1520.0,,280.0,,403.312,100.0,225.0,55.0,243.702,,,0.8036,0.1964,,False,on_map_at_end
1758,pkw,1520.0,,280.0,,897.987,100.0,179.0,101.0,197.165,,,0.6393,0.3607,,False,on_map_at_end
1759,pkw,1520.0,,280.0,,387.877,88.0,214.0,66.0,236.949,,,0.7643,0.2357,,False,on_map_at_end
176,pkw,320.0,,1480.0,,1128.993,95.0,1329.0,151.0,1376.639,,,0.898,0.102,,False,on_map_at_end
1762,pkw,1524.0,,276.0,,319.877,100.0,243.0,33.0,247.211,,,0.8804,0.1196,,False,on_map_at_end
1763,pkw,1527.0,,273.0,,312.376,100.0,241.0,32.0,244.886,,,0.8828,0.1172,,False,on_map_at_end
1765,pkw,1532.0,,268.0,,272.261,100.0,221.0,47.0,243.496,,,0.8246,0.1754,,False,on_map_at_end
1766,pkw,1533.0,,267.0,,406.223,100.0,199.0,68.0,230.44,,,0.7453,0.2547,,False,on_map_at_end
177,pkw,320.0,,1480.0,,898.266,100.0,1342.0,138.0,1358.264,,,0.9068,0.0932,,False,on_map_at_end
1770,pkw,1536.0,,264.0,,1097.154,33.0,105.0,159.0,128.143,,,0.3977,0.6023,,False,on_map_at_end
1771,pkw,1538.0,,262.0,,304.875,100.0,228.0,34.0,234.561,,,0.8702,0.1298,,False,on_map_at_end
1774,pkw,1539.0,,261.0,,507.098,100.0,188.0,73.0,215.361,,,0.7203,0.2797,,False,on_map_at_end
1776,pkw,1541.0,,259.0,,910.287,100.0,151.0,108.0,172.375,,,0.583,0.417,,False,on_map_at_end
1777,pkw,1543.0,,257.0,,183.64,100.0,213.0,44.0,240.284,,,0.8288,0.1712,,False,on_map_at_end
1778,pkw,1546.0,,254.0,,297.374,100.0,223.0,31.0,227.236,,,0.878,0.122,,False,on_map_at_end
1779,pkw,1549.0,,251.0,,821.762,100.0,163.0,88.0,172.492,,,0.6494,0.3506,,False,on_map_at_end
178,pkw,321.0,,1479.0,,161.455,100.0,1437.0,42.0,1462.574,,,0.9716,0.0284,,False,on_map_at_end
1780,pkw,1549.0,,251.0,,1345.219,61.0,96.0,155.0,126.208,,,0.3825,0.6175,,False,on_map_at_end
1781,pkw,1551.0,,249.0,,274.339,85.0,206.0,43.0,224.309,,,0.8273,0.1727,,False,on_map_at_end
1782,pkw,1551.0,,249.0,,2155.801,0.0,35.0,214.0,53.168,,,0.1406,0.8594,,False,on_map_at_end
1783,pkw,1552.0,,248.0,,266.838,86.0,205.0,43.0,223.984,,,0.8266,0.1734,,False,on_map_at_end
1785,pkw,1555.0,,245.0,,289.873,100.0,215.0,30.0,218.911,,,0.8776,0.1224,,False,on_map_at_end
1786,pkw,1556.0,,244.0,,885.986,100.0,148.0,96.0,164.26,,,0.6066,0.3934,,False,on_map_at_end
1787,pkw,1559.0,,241.0,,1851.491,54.0,53.0,188.0,73.738,,,0.2199,0.7801,,False,on_map_at_end
1788,pkw,1559.0,,241.0,,288.961,100.0,197.0,44.0,209.139,,,0.8174,0.1826,,False,on_map_at_end
1789,pkw,1564.0,,236.0,,399.453,100.0,189.0,47.0,197.445,,,0.8008,0.1992,,False,on_map_at_end
1791,pkw,1565.0,,235.0,,762.546,100.0,127.0,108.0,147.723,,,0.5404,0.4596,,False,on_map_at_end
1792,pkw,1565.0,,235.0,,887.963,100.0,136.0,99.0,153.728,,,0.5787,0.4213,,False,on_map_at_end
1793,pkw,1565.0,,235.0,,678.954,100.0,130.0,105.0,143.554,,,0.5532,0.4468,,False,on_map_at_end
1794,pkw,1565.0,,235.0,,81.788,100.0,225.0,10.0,227.639,,,0.9574,0.0426,,False,on_map_at_end
1795,pkw,1567.0,,233.0,,24.71,100.0,211.0,22.0,230.776,,,0.9056,0.0944,,False,on_map_at_end
1796,pkw,1567.0,,233.0,,259.337,87.0,194.0,39.0,209.659,,,0.8326,0.1674,,False,on_map_at_end
1799,pkw,1580.0,,220.0,,234.708,100.0,187.0,33.0,198.051,,,0.85,0.15,,False,on_map_at_end
1800,pkw,1582.0,,218.0,,511.065,100.0,143.0,75.0,162.705,,,0.656,0.344,,False,on_map_at_end
1801,pkw,1654.0,,146.0,,16.495,94.0,122.0,24.0,144.515,,,0.8356,0.1644,,False,on_map_at_end
1802,pkw,1584.0,,216.0,,281.46,100.0,170.0,46.0,183.603,,,0.787,0.213,,False,on_map_at_end
1803,pkw,1584.0,,216.0,,1928.741,25.0,25.0,191.0,42.412,,,0.1157,0.8843,,False,on_map_at_end
1804,pkw,1585.0,,215.0,,103.528,100.0,196.0,19.0,205.625,,,0.9116,0.0884,,False,on_map_at_end
1805,pkw,1587.0,,213.0,,1337.718,53.0,67.0,146.0,88.909,,,0.3146,0.6854,,False,on_map_at_end
1807,pkw,1746.0,,54.0,,319.005,6.0,5.0,49.0,19.999,,,0.0926,0.9074,,False,on_map_at_end
1810,pkw,1592.0,,208.0,,399.574,100.0,151.0,57.0,169.792,,,0.726,0.274,,False,on_map_at_end
1811,pkw,1593.0,,207.0,,1465.05,55.0,54.0,153.0,73.767,,,0.2609,0.7391,,False,on_map_at_end
1812,pkw,1596.0,,204.0,,1074.833,34.0,43.0,161.0,59.542,,,0.2108,0.7892,,False,on_map_at_end
1813,pkw,1748.0,,52.0,,17.279,47.0,46.0,6.0,49.854,,,0.8846,0.1154,,False,on_map_at_end
1814,pkw,1598.0,,202.0,,123.655,100.0,177.0,25.0,190.369,,,0.8762,0.1238,,False,on_map_at_end
1815,pkw,1600.0,,200.0,,451.289,100.0,137.0,63.0,145.291,,,0.685,0.315,,False,on_map_at_end
1816,pkw,1600.0,,200.0,,335.821,100.0,159.0,41.0,169.038,,,0.795,0.205,,False,on_map_at_end
1817,pkw,1704.0,,96.0,,1.493,91.0,90.0,6.0,95.866,,,0.9375,0.0625,,False,on_map_at_end
1818,pkw,1601.0,,199.0,,103.528,100.0,178.0,21.0,189.682,,,0.8945,0.1055,,False,on_map_at_end
182,pkw,328.0,,1472.0,,679.673,100.0,1241.0,231.0,1273.303,,,0.8431,0.1569,,False,on_map_at_end
1820,pkw,1606.0,,194.0,,96.027,100.0,177.0,17.0,185.357,,,0.9124,0.0876,,False,on_map_at_end
1822,pkw,1609.0,,191.0,,310.4,100.0,152.0,39.0,159.751,,,0.7958,0.2042,,False,on_map_at_end
1824,pkw,1610.0,,190.0,,707.813,100.0,108.0,82.0,126.063,,,0.5684,0.4316,,False,on_map_at_end
1825,pkw,1611.0,,189.0,,282.372,100.0,158.0,31.0,163.586,,,0.836,0.164,,False,on_map_at_end
1827,pkw,1614.0,,186.0,,1269.635,46.0,45.0,141.0,63.452,,,0.2419,0.7581,,False,on_map_at_end
1828,pkw,1616.0,,184.0,,71.208,100.0,172.0,12.0,177.591,,,0.9348,0.0652,,False,on_map_at_end
183,pkw,332.0,,1468.0,,1009.841,100.0,1331.0,137.0,1377.148,,,0.9067,0.0933,,False,on_map_at_end
1832,pkw,1618.0,,182.0,,791.758,94.0,93.0,89.0,103.588,,,0.511,0.489,,False,on_map_at_end
1833,pkw,1619.0,,181.0,,88.577,100.0,166.0,15.0,173.028,,,0.9171,0.0829,,False,on_map_at_end
1835,pkw,1623.0,,177.0,,810.721,97.0,96.0,81.0,104.034,,,0.5424,0.4576,,False,on_map_at_end
1836,pkw,1628.0,,172.0,,905.79,50.0,78.0,94.0,89.718,,,0.4535,0.5465,,False,on_map_at_end
1837,pkw,1628.0,,172.0,,774.906,10.0,9.0,163.0,29.963,,,0.0523,0.9477,,False,on_map_at_end
1838,pkw,1629.0,,171.0,,93.866,100.0,151.0,20.0,162.552,,,0.883,0.117,,False,on_map_at_end
1839,pkw,1629.0,,171.0,,935.642,71.0,70.0,101.0,85.715,,,0.4094,0.5906,,False,on_map_at_end
184,pkw,333.0,,1467.0,,1453.918,100.0,1296.0,171.0,1333.368,,,0.8834,0.1166,,False,on_map_at_end
1840,pkw,1630.0,,170.0,,1639.281,0.0,4.0,166.0,18.62,,,0.0235,0.9765,,False,on_map_at_end
1842,pkw,1635.0,,165.0,,852.981,65.0,67.0,98.0,86.999,,,0.4061,0.5939,,False,on_map_at_end
1843,pkw,1635.0,,165.0,,274.871,100.0,137.0,28.0,140.261,,,0.8303,0.1697,,False,on_map_at_end
1845,pkw,1636.0,,164.0,,1294.259,18.0,18.0,146.0,34.222,,,0.1098,0.8902,,False,on_map_at_end
1847,pkw,1638.0,,162.0,,671.453,72.0,71.0,91.0,83.588,,,0.4383,0.5617,,False,on_map_at_end
1848,pkw,1638.0,,162.0,,1017.939,0.0,0.0,162.0,34.696,,,0.0,1.0,,False,on_map_at_end
1849,pkw,1639.0,,161.0,,96.729,94.0,144.0,17.0,152.294,,,0.8944,0.1056,,False,on_map_at_end
185,pkw,333.0,,1467.0,,85.275,100.0,1407.0,60.0,1459.325,,,0.9591,0.0409,,False,on_map_at_end
1850,pkw,1640.0,,160.0,,1262.134,21.0,20.0,140.0,35.356,,,0.125,0.875,,False,on_map_at_end
1851,pkw,1643.0,,157.0,,531.704,49.0,96.0,61.0,106.217,,,0.6115,0.3885,,False,on_map_at_end
1852,pkw,1644.0,,156.0,,113.496,100.0,142.0,14.0,145.785,,,0.9103,0.0897,,False,on_map_at_end
1853,pkw,1644.0,,156.0,,89.228,90.0,135.0,21.0,147.969,,,0.8654,0.1346,,False,on_map_at_end
1854,pkw,1645.0,,155.0,,1298.329,16.0,20.0,135.0,34.135,,,0.129,0.871,,False,on_map_at_end
1855,pkw,1647.0,,153.0,,251.836,85.0,113.0,40.0,130.335,,,0.7386,0.2614,,False,on_map_at_end
1856,pkw,1647.0,,153.0,,295.304,100.0,111.0,42.0,124.796,,,0.7255,0.2745,,False,on_map_at_end
1857,pkw,1649.0,,151.0,,577.899,54.0,53.0,98.0,65.398,,,0.351,0.649,,False,on_map_at_end
1858,pkw,1649.0,,151.0,,667.513,48.0,56.0,95.0,81.469,,,0.3709,0.6291,,False,on_map_at_end
1859,pkw,1650.0,,150.0,,424.332,100.0,101.0,49.0,111.81,,,0.6733,0.3267,,False,on_map_at_end
1861,pkw,1652.0,,148.0,,380.81,66.0,104.0,44.0,113.727,,,0.7027,0.2973,,False,on_map_at_end
1862,pkw,1653.0,,147.0,,390.481,100.0,102.0,45.0,111.478,,,0.6939,0.3061,,False,on_map_at_end
1863,pkw,1654.0,,146.0,,267.37,100.0,117.0,29.0,121.936,,,0.8014,0.1986,,False,on_map_at_end
1864,pkw,1654.0,,146.0,,589.639,81.0,83.0,63.0,92.204,,,0.5685,0.4315,,False,on_map_at_end
1865,pkw,1655.0,,145.0,,97.406,100.0,132.0,13.0,136.233,,,0.9103,0.0897,,False,on_map_at_end
1866,pkw,1658.0,,142.0,,703.739,58.0,57.0,85.0,67.746,,,0.4014,0.5986,,False,on_map_at_end
1867,pkw,1658.0,,142.0,,108.652,100.0,126.0,16.0,131.48,,,0.8873,0.1127,,False,on_map_at_end
1868,pkw,1662.0,,138.0,,9.801,87.0,125.0,13.0,136.61,,,0.9058,0.0942,,False,on_map_at_end
1869,pkw,1665.0,,135.0,,643.28,51.0,50.0,85.0,65.107,,,0.3704,0.6296,,False,on_map_at_end
187,pkw,334.0,,1466.0,,153.954,100.0,1417.0,49.0,1446.647,,,0.9666,0.0334,,False,on_map_at_end
1870,pkw,1666.0,,134.0,,515.658,55.0,56.0,78.0,68.487,,,0.4179,0.5821,,False,on_map_at_end
1871,pkw,1667.0,,133.0,,78.954,93.0,109.0,24.0,125.772,,,0.8195,0.1805,,False,on_map_at_end
1872,pkw,1668.0,,132.0,,244.335,85.0,92.0,40.0,110.01,,,0.697,0.303,,False,on_map_at_end
1873,pkw,1668.0,,132.0,,299.049,100.0,101.0,31.0,105.085,,,0.7652,0.2348,,False,on_map_at_end
1874,pkw,1669.0,,131.0,,443.788,72.0,71.0,60.0,83.709,,,0.542,0.458,,False,on_map_at_end
1875,pkw,1670.0,,130.0,,850.279,44.0,43.0,87.0,49.977,,,0.3308,0.6692,,False,on_map_at_end
1876,pkw,1671.0,,129.0,,929.978,36.0,36.0,93.0,44.435,,,0.2791,0.7209,,False,on_map_at_end
1877,pkw,1671.0,,129.0,,257.259,100.0,102.0,27.0,105.551,,,0.7907,0.2093,,False,on_map_at_end
1879,pkw,1673.0,,127.0,,1169.277,0.0,0.0,127.0,10.736,,,0.0,1.0,,False,on_map_at_end
1880,pkw,1675.0,,125.0,,905.638,33.0,32.0,93.0,41.541,,,0.256,0.744,,False,on_map_at_end
1881,pkw,1680.0,,120.0,,8.601,100.0,117.0,3.0,119.226,,,0.975,0.025,,False,on_map_at_end
1882,pkw,1681.0,,119.0,,409.33,79.0,78.0,41.0,82.16,,,0.6555,0.3445,,False,on_map_at_end
1883,pkw,1681.0,,119.0,,1255.257,0.0,0.0,119.0,5.731,,,0.0,1.0,,False,on_map_at_end
1884,pkw,1681.0,,119.0,,96.027,100.0,106.0,13.0,109.977,,,0.8908,0.1092,,False,on_map_at_end
1886,pkw,1682.0,,118.0,,378.909,61.0,60.0,58.0,67.865,,,0.5085,0.4915,,False,on_map_at_end
1887,pkw,1682.0,,118.0,,322.33,64.0,82.0,36.0,88.652,,,0.6949,0.3051,,False,on_map_at_end
1888,pkw,1683.0,,117.0,,204.704,88.0,89.0,28.0,98.308,,,0.7607,0.2393,,False,on_map_at_end
1889,pkw,1684.0,,116.0,,436.287,51.0,50.0,66.0,58.035,,,0.431,0.569,,False,on_map_at_end
1890,pkw,1688.0,,112.0,,105.65,88.0,91.0,21.0,102.062,,,0.8125,0.1875,,False,on_map_at_end
1891,pkw,1689.0,,111.0,,323.078,76.0,75.0,36.0,81.342,,,0.6757,0.3243,,False,on_map_at_end
1893,pkw,1691.0,,109.0,,1114.279,0.0,0.0,109.0,7.814,,,0.0,1.0,,False,on_map_at_end
1894,pkw,1691.0,,109.0,,380.376,54.0,53.0,56.0,61.06,,,0.4862,0.5138,,False,on_map_at_end
1895,pkw,1691.0,,109.0,,88.526,98.0,97.0,12.0,101.033,,,0.8899,0.1101,,False,on_map_at_end
1896,pkw,1692.0,,108.0,,670.308,42.0,41.0,67.0,47.433,,,0.3796,0.6204,,False,on_map_at_end
1897,pkw,1695.0,,105.0,,866.351,14.0,14.0,91.0,25.889,,,0.1333,0.8667,,False,on_map_at_end
1898,pkw,1695.0,,105.0,,259.869,78.0,77.0,28.0,81.612,,,0.7333,0.2667,,False,on_map_at_end
1899,pkw,1696.0,,104.0,,351.189,55.0,54.0,50.0,62.254,,,0.5192,0.4808,,False,on_map_at_end
1901,pkw,1698.0,,102.0,,252.368,75.0,74.0,28.0,79.287,,,0.7255,0.2745,,False,on_map_at_end
1902,pkw,1701.0,,99.0,,2.046,96.0,95.0,4.0,98.816,,,0.9596,0.0404,,False,on_map_at_end
1903,pkw,1702.0,,98.0,,113.356,86.0,85.0,13.0,87.798,,,0.8673,0.1327,,False,on_map_at_end
1904,pkw,1702.0,,98.0,,520.942,44.0,44.0,54.0,51.115,,,0.449,0.551,,False,on_map_at_end
1905,pkw,1704.0,,96.0,,971.253,0.0,0.0,96.0,6.908,,,0.0,1.0,,False,on_map_at_end
1908,pkw,1707.0,,93.0,,244.867,64.0,63.0,30.0,67.805,,,0.6774,0.3226,,False,on_map_at_end
1909,pkw,1708.0,,92.0,,950.322,0.0,0.0,92.0,6.039,,,0.0,1.0,,False,on_map_at_end
191,pkw,338.0,,1462.0,,150.901,100.0,1401.0,61.0,1447.856,,,0.9583,0.0417,,False,on_map_at_end
1911,pkw,1709.0,,91.0,,806.514,0.0,0.0,91.0,7.827,,,0.0,1.0,,False,on_map_at_end
1912,pkw,1709.0,,91.0,,101.151,78.0,77.0,14.0,81.155,,,0.8462,0.1538,,False,on_map_at_end
1913,pkw,1711.0,,89.0,,37.441,83.0,82.0,7.0,84.904,,,0.9213,0.0787,,False,on_map_at_end
1914,pkw,1712.0,,88.0,,391.922,38.0,37.0,51.0,46.177,,,0.4205,0.5795,,False,on_map_at_end
1915,pkw,1712.0,,88.0,,45.599,82.0,81.0,7.0,83.896,,,0.9205,0.0795,,False,on_map_at_end
1916,pkw,1712.0,,88.0,,291.548,58.0,57.0,31.0,61.76,,,0.6477,0.3523,,False,on_map_at_end
1917,pkw,1713.0,,87.0,,849.87,0.0,0.0,87.0,5.742,,,0.0,1.0,,False,on_map_at_end
1918,pkw,1715.0,,85.0,,570.397,3.0,2.0,83.0,10.985,,,0.0235,0.9765,,False,on_map_at_end
1919,pkw,1715.0,,85.0,,886.71,0.0,0.0,85.0,4.871,,,0.0,1.0,,False,on_map_at_end
1920,pkw,1715.0,,85.0,,237.366,60.0,59.0,26.0,63.637,,,0.6941,0.3059,,False,on_map_at_end
1921,pkw,1716.0,,84.0,,458.178,12.0,11.0,73.0,20.077,,,0.131,0.869,,False,on_map_at_end
1923,pkw,1718.0,,82.0,,467.152,33.0,32.0,50.0,38.918,,,0.3902,0.6098,,False,on_map_at_end
1924,pkw,1723.0,,77.0,,452.15,24.0,23.0,54.0,35.088,,,0.2987,0.7013,,False,on_map_at_end
1926,pkw,1730.0,,70.0,,236.834,36.0,35.0,35.0,48.685,,,0.5,0.5,,False,on_map_at_end
1927,pkw,1731.0,,69.0,,606.264,0.0,0.0,69.0,6.681,,,0.0,1.0,,False,on_map_at_end
1928,pkw,1732.0,,68.0,,570.369,0.0,0.0,68.0,6.141,,,0.0,1.0,,False,on_map_at_end
193,pkw,339.0,,1461.0,,70.273,100.0,1412.0,49.0,1454.675,,,0.9665,0.0335,,False,on_map_at_end
1931,pkw,1736.0,,64.0,,517.291,10.0,10.0,54.0,17.443,,,0.1562,0.8438,,False,on_map_at_end
1933,pkw,1739.0,,61.0,,624.246,0.0,0.0,61.0,3.942,,,0.0,1.0,,False,on_map_at_end
1934,pkw,1740.0,,60.0,,599.281,0.0,0.0,60.0,4.611,,,0.0,1.0,,False,on_map_at_end
1936,pkw,1740.0,,60.0,,324.644,0.0,0.0,60.0,4.168,,,0.0,1.0,,False,on_map_at_end
1937,pkw,1740.0,,60.0,,93.65,47.0,46.0,14.0,51.033,,,0.7667,0.2333,,False,on_map_at_end
1938,pkw,1741.0,,59.0,,78.959,50.0,49.0,10.0,51.894,,,0.8305,0.1695,,False,on_map_at_end
1939,pkw,1742.0,,58.0,,40.973,52.0,51.0,7.0,54.312,,,0.8793,0.1207,,False,on_map_at_end
194,pkw,340.0,,1460.0,,62.772,100.0,1410.0,50.0,1454.35,,,0.9658,0.0342,,False,on_map_at_end
1940,pkw,1743.0,,57.0,,480.387,0.0,0.0,57.0,4.806,,,0.0,1.0,,False,on_map_at_end
1941,pkw,1744.0,,56.0,,29.939,51.0,50.0,6.0,52.52,,,0.8929,0.1071,,False,on_map_at_end
1942,pkw,1745.0,,55.0,,532.679,0.0,0.0,55.0,5.761,,,0.0,1.0,,False,on_map_at_end
1943,pkw,1745.0,,55.0,,250.141,16.0,15.0,40.0,21.558,,,0.2727,0.7273,,False,on_map_at_end
1944,pkw,1746.0,,54.0,,287.897,17.0,16.0,38.0,22.818,,,0.2963,0.7037,,False,on_map_at_end
1946,pkw,1749.0,,51.0,,314.829,14.0,14.0,37.0,22.296,,,0.2745,0.7255,,False,on_map_at_end
1947,pkw,1750.0,,50.0,,336.186,2.0,1.0,49.0,7.719,,,0.02,0.98,,False,on_map_at_end
1948,pkw,1751.0,,49.0,,459.783,0.0,0.0,49.0,3.584,,,0.0,1.0,,False,on_map_at_end
1949,pkw,1752.0,,48.0,,156.204,28.0,28.0,20.0,33.715,,,0.5833,0.4167,,False,on_map_at_end
1950,pkw,1755.0,,45.0,,88.526,35.0,34.0,11.0,37.033,,,0.7556,0.2444,,False,on_map_at_end
1951,pkw,1756.0,,44.0,,10.969,41.0,40.0,4.0,43.013,,,0.9091,0.0909,,False,on_map_at_end
1953,pkw,1756.0,,44.0,,400.789,0.0,0.0,44.0,4.68,,,0.0,1.0,,False,on_map_at_end
1954,pkw,1758.0,,42.0,,229.333,18.0,17.0,25.0,21.36,,,0.4048,0.5952,,False,on_map_at_end
1955,pkw,1761.0,,39.0,,229.865,16.0,15.0,24.0,18.312,,,0.3846,0.6154,,False,on_map_at_end
1959,pkw,1765.0,,35.0,,287.846,0.0,0.0,35.0,2.782,,,0.0,1.0,,False,on_map_at_end
1960,pkw,1766.0,,34.0,,341.224,0.0,0.0,34.0,1.892,,,0.0,1.0,,False,on_map_at_end
1963,pkw,1773.0,,27.0,,285.962,0.0,0.0,27.0,1.263,,,0.0,1.0,,False,on_map_at_end
1965,pkw,1776.0,,24.0,,105.995,11.0,10.0,14.0,14.46,,,0.4167,0.5833,,False,on_map_at_end
1966,pkw,1777.0,,23.0,,165.914,0.0,0.0,23.0,2.711,,,0.0,1.0,,False,on_map_at_end
1967,pkw,1779.0,,21.0,,204.874,0.0,0.0,21.0,2.561,,,0.0,1.0,,False,on_map_at_end
1969,pkw,1784.0,,16.0,,140.302,0.0,0.0,16.0,2.57,,,0.0,1.0,,False,on_map_at_end
1970,pkw,1784.0,,16.0,,171.218,0.0,0.0,16.0,0.59,,,0.0,1.0,,False,on_map_at_end
1971,pkw,1786.0,,14.0,,127.816,0.0,0.0,14.0,0.587,,,0.0,1.0,,False,on_map_at_end
1972,pkw,1787.0,,13.0,,102.694,0.0,0.0,13.0,1.051,,,0.0,1.0,,False,on_map_at_end
1973,pkw,1790.0,,10.0,,89.244,0.0,0.0,10.0,1.968,,,0.0,1.0,,False,on_map_at_end
1974,pkw,1790.0,,10.0,,107.478,0.0,0.0,10.0,0.327,,,0.0,1.0,,False,on_map_at_end
1975,pkw,1790.0,,10.0,,105.974,0.0,0.0,10.0,0.462,,,0.0,1.0,,False,on_map_at_end
1976,pkw,1791.0,,9.0,,80.129,0.0,0.0,9.0,1.788,,,0.0,1.0,,False,on_map_at_end
1977,pkw,1791.0,,9.0,,94.928,0.0,0.0,9.0,0.456,,,0.0,1.0,,False,on_map_at_end
1978,pkw,1792.0,,8.0,,59.413,0.0,0.0,8.0,1.221,,,0.0,1.0,,False,on_map_at_end
1979,pkw,1794.0,,6.0,,64.563,0.0,0.0,6.0,0.189,,,0.0,1.0,,False,on_map_at_end
1980,pkw,1794.0,,6.0,,2.868,3.0,3.0,3.0,5.742,,,0.5,0.5,,False,on_map_at_end
1981,pkw,1799.0,,1.0,,10.594,0.0,0.0,1.0,0.046,,,0.0,1.0,,False,on_map_at_end
1982,pkw,1799.0,,1.0,,10.754,0.0,0.0,1.0,0.032,,,0.0,1.0,,False,on_map_at_end
203,pkw,354.0,,1446.0,,146.453,100.0,1392.0,54.0,1426.352,,,0.9627,0.0373,,False,on_map_at_end
205,pkw,356.0,,1444.0,,2133.056,100.0,1170.0,274.0,1240.055,,,0.8102,0.1898,,False,on_map_at_end
206,pkw,359.0,,1441.0,,138.952,100.0,1387.0,54.0,1425.815,,,0.9625,0.0375,,False,on_map_at_end
207,pkw,364.0,,1436.0,,173.404,100.0,1365.0,71.0,1419.891,,,0.9506,0.0494,,False,on_map_at_end
208,pkw,365.0,,1435.0,,1813.091,98.0,1203.0,232.0,1245.894,,,0.8383,0.1617,,False,on_map_at_end
210,pkw,366.0,,1434.0,,780.762,95.0,1315.0,119.0,1362.751,,,0.917,0.083,,False,on_map_at_end
212,pkw,369.0,,1431.0,,286.302,100.0,1359.0,72.0,1395.576,,,0.9497,0.0503,,False,on_map_at_end
213,pkw,370.0,,1430.0,,131.451,100.0,1368.0,62.0,1410.597,,,0.9566,0.0434,,False,on_map_at_end
218,pkw,382.0,,1418.0,,1570.578,100.0,1221.0,197.0,1270.845,,,0.8611,0.1389,,False,on_map_at_end
219,pkw,384.0,,1416.0,,991.77,100.0,1284.0,132.0,1325.94,,,0.9068,0.0932,,False,on_map_at_end
221,pkw,385.0,,1415.0,,482.587,100.0,1345.0,70.0,1379.92,,,0.9505,0.0495,,False,on_map_at_end
222,pkw,387.0,,1413.0,,2402.007,62.0,1160.0,253.0,1188.904,,,0.8209,0.1791,,False,on_map_at_end
223,pkw,387.0,,1413.0,,1777.982,100.0,1139.0,274.0,1238.309,,,0.8061,0.1939,,False,on_map_at_end
225,pkw,390.0,,1410.0,,2160.076,96.0,1107.0,303.0,1208.544,,,0.7851,0.2149,,False,on_map_at_end
228,pkw,392.0,,1408.0,,1350.999,100.0,1245.0,163.0,1284.457,,,0.8842,0.1158,,False,on_map_at_end
229,pkw,393.0,,1407.0,,2137.695,100.0,1161.0,246.0,1213.206,,,0.8252,0.1748,,False,on_map_at_end
23,pkw,36.0,,1764.0,,915.852,92.0,1654.0,110.0,1682.653,,,0.9376,0.0624,,False,on_map_at_end
234,pkw,401.0,,1399.0,,497.689,100.0,1332.0,67.0,1364.283,,,0.9521,0.0479,,False,on_map_at_end
235,pkw,403.0,,1397.0,,123.95,100.0,1336.0,61.0,1381.497,,,0.9563,0.0437,,False,on_map_at_end
237,pkw,408.0,,1392.0,,2189.925,100.0,1115.0,277.0,1189.054,,,0.801,0.199,,False,on_map_at_end
238,pkw,408.0,,1392.0,,143.4,100.0,1337.0,55.0,1378.51,,,0.9605,0.0395,,False,on_map_at_end
243,pkw,417.0,,1383.0,,285.927,100.0,1205.0,178.0,1219.201,,,0.8713,0.1287,,False,on_map_at_end
245,pkw,421.0,,1379.0,,70.273,100.0,1319.0,60.0,1372.675,,,0.9565,0.0435,,False,on_map_at_end
247,pkw,423.0,,1377.0,,1867.633,100.0,1132.0,245.0,1208.857,,,0.8221,0.1779,,False,on_map_at_end
251,pkw,429.0,,1371.0,,2267.041,100.0,1084.0,287.0,1117.82,,,0.7907,0.2093,,False,on_map_at_end
253,pkw,432.0,,1368.0,,382.942,100.0,1297.0,71.0,1332.093,,,0.9481,0.0519,,False,on_map_at_end
254,pkw,436.0,,1364.0,,1540.628,100.0,1173.0,191.0,1223.124,,,0.86,0.14,,False,on_map_at_end
256,pkw,436.0,,1364.0,,278.426,100.0,1187.0,177.0,1200.876,,,0.8702,0.1298,,False,on_map_at_end
257,pkw,437.0,,1363.0,,63.899,100.0,1335.0,28.0,1349.249,,,0.9795,0.0205,,False,on_map_at_end
258,pkw,438.0,,1362.0,,56.398,100.0,1328.0,34.0,1348.924,,,0.975,0.025,,False,on_map_at_end
260,pkw,438.0,,1362.0,,2346.52,100.0,1093.0,269.0,1149.639,,,0.8025,0.1975,,False,on_map_at_end
263,pkw,443.0,,1357.0,,1903.176,100.0,1037.0,320.0,1178.306,,,0.7642,0.2358,,False,on_map_at_end
264,pkw,444.0,,1356.0,,342.04,100.0,1289.0,67.0,1317.115,,,0.9506,0.0494,,False,on_map_at_end
266,pkw,731.0,,1069.0,,40.269,100.0,1032.0,37.0,1065.376,,,0.9654,0.0346,,False,on_map_at_end
267,pkw,445.0,,1355.0,,2018.404,100.0,1125.0,230.0,1171.325,,,0.8303,0.1697,,False,on_map_at_end
269,pkw,447.0,,1353.0,,1647.38,85.0,1171.0,182.0,1204.535,,,0.8655,0.1345,,False,on_map_at_end
271,pkw,449.0,,1351.0,,854.156,100.0,1224.0,127.0,1263.041,,,0.906,0.094,,False,on_map_at_end
273,pkw,450.0,,1350.0,,1476.344,100.0,1143.0,207.0,1216.35,,,0.8467,0.1533,,False,on_map_at_end
278,pkw,454.0,,1346.0,,2220.97,95.0,1039.0,307.0,1136.884,,,0.7719,0.2281,,False,on_map_at_end
280,pkw,458.0,,1342.0,,628.763,100.0,1245.0,97.0,1281.643,,,0.9277,0.0723,,False,on_map_at_end
282,pkw,465.0,,1335.0,,1368.846,100.0,1150.0,185.0,1203.114,,,0.8614,0.1386,,False,on_map_at_end
284,pkw,467.0,,1333.0,,335.197,100.0,1261.0,72.0,1302.452,,,0.946,0.054,,False,on_map_at_end
287,pkw,469.0,,1331.0,,1384.981,100.0,1109.0,222.0,1195.921,,,0.8332,0.1668,,False,on_map_at_end
290,pkw,472.0,,1328.0,,274.378,100.0,1284.0,44.0,1303.306,,,0.9669,0.0331,,False,on_map_at_end
294,pkw,481.0,,1319.0,,816.369,95.0,1185.0,134.0,1226.135,,,0.8984,0.1016,,False,on_map_at_end
295,pkw,481.0,,1319.0,,1503.589,100.0,1122.0,197.0,1186.821,,,0.8506,0.1494,,False,on_map_at_end
297,pkw,481.0,,1319.0,,312.529,100.0,1269.0,50.0,1290.872,,,0.9621,0.0379,,False,on_map_at_end
298,pkw,481.0,,1319.0,,116.449,100.0,1255.0,64.0,1303.981,,,0.9515,0.0485,,False,on_map_at_end
299,pkw,482.0,,1318.0,,741.232,100.0,1202.0,116.0,1243.294,,,0.912,0.088,,False,on_map_at_end
300,pkw,482.0,,1318.0,,1135.632,100.0,1164.0,154.0,1211.466,,,0.8832,0.1168,,False,on_map_at_end
301,pkw,483.0,,1317.0,,884.851,100.0,1192.0,125.0,1237.242,,,0.9051,0.0949,,False,on_map_at_end
303,pkw,484.0,,1316.0,,1559.506,100.0,1095.0,221.0,1157.129,,,0.8321,0.1679,,False,on_map_at_end
304,pkw,488.0,,1312.0,,813.996,100.0,1185.0,127.0,1238.206,,,0.9032,0.0968,,False,on_map_at_end
305,pkw,489.0,,1311.0,,913.025,100.0,1186.0,125.0,1228.617,,,0.9047,0.0953,,False,on_map_at_end
309,pkw,492.0,,1308.0,,1483.619,100.0,1128.0,180.0,1173.867,,,0.8624,0.1376,,False,on_map_at_end
311,pkw,496.0,,1304.0,,108.947,100.0,1241.0,63.0,1290.737,,,0.9517,0.0483,,False,on_map_at_end
312,pkw,498.0,,1302.0,,2575.818,100.0,951.0,351.0,1057.911,,,0.7304,0.2696,,False,on_map_at_end
315,pkw,502.0,,1298.0,,222.836,100.0,1258.0,40.0,1278.035,,,0.9692,0.0308,,False,on_map_at_end
317,pkw,504.0,,1296.0,,1778.779,100.0,1088.0,208.0,1126.729,,,0.8395,0.1605,,False,on_map_at_end
318,pkw,505.0,,1295.0,,158.651,100.0,1234.0,61.0,1279.858,,,0.9529,0.0471,,False,on_map_at_end
320,pkw,507.0,,1293.0,,2699.404,100.0,980.0,313.0,1027.543,,,0.7579,0.2421,,False,on_map_at_end
322,pkw,509.0,,1291.0,,444.308,100.0,1164.0,127.0,1187.404,,,0.9016,0.0984,,False,on_map_at_end
324,pkw,509.0,,1291.0,,591.257,100.0,1184.0,107.0,1234.523,,,0.9171,0.0829,,False,on_map_at_end
326,pkw,512.0,,1288.0,,2267.252,100.0,1022.0,266.0,1082.282,,,0.7935,0.2065,,False,on_map_at_end
329,pkw,515.0,,1285.0,,878.299,100.0,1153.0,132.0,1180.957,,,0.8973,0.1027,,False,on_map_at_end
33,pkw,54.0,,1746.0,,682.756,100.0,1612.0,134.0,1668.999,,,0.9233,0.0767,,False,on_map_at_end
330,pkw,515.0,,1285.0,,1256.908,100.0,1138.0,147.0,1171.239,,,0.8856,0.1144,,False,on_map_at_end
334,pkw,518.0,,1282.0,,1241.189,100.0,1088.0,194.0,1167.887,,,0.8487,0.1513,,False,on_map_at_end
336,pkw,524.0,,1276.0,,101.446,100.0,1221.0,55.0,1262.703,,,0.9569,0.0431,,False,on_map_at_end
338,pkw,531.0,,1269.0,,339.409,100.0,1155.0,114.0,1174.594,,,0.9102,0.0898,,False,on_map_at_end
34,pkw,55.0,,1745.0,,1160.016,93.0,1592.0,153.0,1638.554,,,0.9123,0.0877,,False,on_map_at_end
342,pkw,535.0,,1265.0,,424.024,100.0,1176.0,89.0,1224.182,,,0.9296,0.0704,,False,on_map_at_end
345,pkw,539.0,,1261.0,,1138.617,100.0,1096.0,165.0,1155.938,,,0.8692,0.1308,,False,on_map_at_end
347,pkw,540.0,,1260.0,,3174.069,100.0,853.0,407.0,965.401,,,0.677,0.323,,False,on_map_at_end
348,pkw,540.0,,1260.0,,93.945,100.0,1203.0,57.0,1248.173,,,0.9548,0.0452,,False,on_map_at_end
35,pkw,56.0,,1744.0,,2257.937,97.0,1478.0,266.0,1532.828,,,0.8475,0.1525,,False,on_map_at_end
350,pkw,540.0,,1260.0,,668.117,100.0,1140.0,120.0,1163.359,,,0.9048,0.0952,,False,on_map_at_end
351,pkw,541.0,,1259.0,,1154.077,100.0,1105.0,154.0,1152.18,,,0.8777,0.1223,,False,on_map_at_end
352,pkw,542.0,,1258.0,,942.755,100.0,1138.0,120.0,1171.84,,,0.9046,0.0954,,False,on_map_at_end
354,pkw,544.0,,1256.0,,230.566,100.0,1179.0,77.0,1229.056,,,0.9387,0.0613,,False,on_map_at_end
355,pkw,545.0,,1255.0,,507.628,100.0,1169.0,86.0,1201.27,,,0.9315,0.0685,,False,on_map_at_end
356,pkw,546.0,,1254.0,,1178.774,100.0,1083.0,171.0,1146.992,,,0.8636,0.1364,,False,on_map_at_end
357,pkw,547.0,,1253.0,,48.897,100.0,1222.0,31.0,1240.599,,,0.9753,0.0247,,False,on_map_at_end
359,pkw,550.0,,1250.0,,753.168,100.0,1108.0,142.0,1144.351,,,0.8864,0.1136,,False,on_map_at_end
360,pkw,551.0,,1249.0,,1194.367,100.0,1104.0,145.0,1139.115,,,0.8839,0.1161,,False,on_map_at_end
362,pkw,555.0,,1245.0,,305.028,100.0,1192.0,53.0,1217.35,,,0.9574,0.0426,,False,on_map_at_end
363,pkw,556.0,,1244.0,,661.343,100.0,1150.0,94.0,1185.019,,,0.9244,0.0756,,False,on_map_at_end
364,pkw,556.0,,1244.0,,41.396,100.0,1212.0,32.0,1232.274,,,0.9743,0.0257,,False,on_map_at_end
365,pkw,556.0,,1244.0,,2040.319,98.0,808.0,436.0,876.033,,,0.6495,0.3505,,False,on_map_at_end
367,pkw,561.0,,1239.0,,1505.777,100.0,986.0,253.0,1096.488,,,0.7958,0.2042,,False,on_map_at_end
369,pkw,562.0,,1238.0,,86.444,98.0,1181.0,57.0,1228.184,,,0.954,0.046,,False,on_map_at_end
370,pkw,563.0,,1237.0,,33.895,100.0,1203.0,34.0,1225.949,,,0.9725,0.0275,,False,on_map_at_end
371,pkw,610.0,,1190.0,,26.394,100.0,1157.0,33.0,1179.625,,,0.9723,0.0277,,False,on_map_at_end
373,pkw,566.0,,1234.0,,1162.686,100.0,1094.0,140.0,1126.3,,,0.8865,0.1135,,False,on_map_at_end
374,pkw,568.0,,1232.0,,1190.848,100.0,1039.0,193.0,1109.573,,,0.8433,0.1567,,False,on_map_at_end
375,pkw,569.0,,1231.0,,78.943,97.0,1174.0,57.0,1222.298,,,0.9537,0.0463,,False,on_map_at_end
376,pkw,1087.0,,713.0,,47.77,100.0,679.0,34.0,708.701,,,0.9523,0.0477,,False,on_map_at_end
377,pkw,573.0,,1227.0,,1867.475,100.0,983.0,244.0,1044.823,,,0.8011,0.1989,,False,on_map_at_end
379,pkw,576.0,,1224.0,,352.937,100.0,1149.0,75.0,1190.793,,,0.9387,0.0613,,False,on_map_at_end
380,pkw,577.0,,1223.0,,1544.504,100.0,1007.0,216.0,1065.008,,,0.8234,0.1766,,False,on_map_at_end
382,pkw,581.0,,1219.0,,323.469,100.0,1146.0,73.0,1165.876,,,0.9401,0.0599,,False,on_map_at_end
383,pkw,584.0,,1216.0,,1133.699,100.0,1045.0,171.0,1111.22,,,0.8594,0.1406,,False,on_map_at_end
385,pkw,586.0,,1214.0,,2444.718,100.0,873.0,341.0,986.16,,,0.7191,0.2809,,False,on_map_at_end
387,pkw,590.0,,1210.0,,1448.318,100.0,1044.0,166.0,1078.432,,,0.8628,0.1372,,False,on_map_at_end
39,pkw,67.0,,1733.0,,259.039,100.0,1678.0,55.0,1710.226,,,0.9683,0.0317,,False,on_map_at_end
390,pkw,591.0,,1209.0,,1729.453,100.0,926.0,283.0,1052.81,,,0.7659,0.2341,,False,on_map_at_end
392,pkw,594.0,,1206.0,,914.145,100.0,1074.0,132.0,1123.237,,,0.8905,0.1095,,False,on_map_at_end
393,pkw,595.0,,1205.0,,331.908,100.0,1087.0,118.0,1115.185,,,0.9021,0.0979,,False,on_map_at_end
394,pkw,599.0,,1201.0,,210.869,100.0,1159.0,42.0,1182.022,,,0.965,0.035,,False,on_map_at_end
395,pkw,599.0,,1201.0,,2488.295,100.0,864.0,337.0,961.408,,,0.7194,0.2806,,False,on_map_at_end
396,pkw,601.0,,1199.0,,245.339,100.0,1145.0,54.0,1176.919,,,0.955,0.045,,False,on_map_at_end
398,pkw,602.0,,1198.0,,611.867,100.0,1085.0,113.0,1122.564,,,0.9057,0.0943,,False,on_map_at_end
40,pkw,70.0,,1730.0,,363.299,100.0,1652.0,78.0,1689.101,,,0.9549,0.0451,,False,on_map_at_end
400,pkw,602.0,,1198.0,,379.953,100.0,1114.0,84.0,1163.894,,,0.9299,0.0701,,False,on_map_at_end
401,pkw,602.0,,1198.0,,666.221,100.0,1094.0,104.0,1128.826,,,0.9132,0.0868,,False,on_map_at_end
402,pkw,603.0,,1197.0,,538.75,100.0,1117.0,80.0,1145.345,,,0.9332,0.0668,,False,on_map_at_end
403,pkw,603.0,,1197.0,,730.665,100.0,1077.0,120.0,1112.745,,,0.8997,0.1003,,False,on_map_at_end
406,pkw,605.0,,1195.0,,1163.772,100.0,1035.0,160.0,1079.041,,,0.8661,0.1339,,False,on_map_at_end
409,pkw,607.0,,1193.0,,1550.894,92.0,943.0,250.0,1042.075,,,0.7904,0.2096,,False,on_map_at_end
410,pkw,608.0,,1192.0,,2251.368,100.0,884.0,308.0,984.723,,,0.7416,0.2584,,False,on_map_at_end
412,pkw,609.0,,1191.0,,237.838,100.0,1136.0,55.0,1169.594,,,0.9538,0.0462,,False,on_map_at_end
413,pkw,609.0,,1191.0,,513.669,100.0,1115.0,76.0,1142.066,,,0.9362,0.0638,,False,on_map_at_end
415,pkw,611.0,,1189.0,,2622.916,100.0,848.0,341.0,939.592,,,0.7132,0.2868,,False,on_map_at_end
417,pkw,612.0,,1188.0,,1413.113,100.0,1000.0,188.0,1060.282,,,0.8418,0.1582,,False,on_map_at_end
418,pkw,613.0,,1187.0,,2243.867,100.0,865.0,322.0,983.662,,,0.7287,0.2713,,False,on_map_at_end
42,pkw,75.0,,1725.0,,2049.659,100.0,1492.0,233.0,1540.116,,,0.8649,0.1351,,False,on_map_at_end
420,pkw,613.0,,1187.0,,1314.799,96.0,1038.0,149.0,1064.747,,,0.8745,0.1255,,False,on_map_at_end
421,pkw,613.0,,1187.0,,1531.978,100.0,1001.0,186.0,1048.597,,,0.8433,0.1567,,False,on_map_at_end
425,pkw,615.0,,1185.0,,859.789,100.0,1057.0,128.0,1089.45,,,0.892,0.108,,False,on_map_at_end
426,pkw,615.0,,1185.0,,1969.749,100.0,947.0,238.0,1007.034,,,0.7992,0.2008,,False,on_map_at_end
427,pkw,615.0,,1185.0,,2201.999,100.0,924.0,261.0,986.077,,,0.7797,0.2203,,False,on_map_at_end
431,pkw,619.0,,1181.0,,1418.314,100.0,1001.0,180.0,1051.608,,,0.8476,0.1524,,False,on_map_at_end
432,pkw,619.0,,1181.0,,1527.177,100.0,993.0,188.0,1042.471,,,0.8408,0.1592,,False,on_map_at_end
433,pkw,619.0,,1181.0,,1476.886,100.0,1008.0,173.0,1045.108,,,0.8535,0.1465,,False,on_map_at_end
434,pkw,619.0,,1181.0,,1201.924,100.0,1042.0,139.0,1071.072,,,0.8823,0.1177,,False,on_map_at_end
436,pkw,620.0,,1180.0,,71.442,96.0,1122.0,58.0,1171.309,,,0.9508,0.0492,,False,on_map_at_end
437,pkw,621.0,,1179.0,,63.941,95.0,1119.0,60.0,1171.677,,,0.9491,0.0509,,False,on_map_at_end
438,pkw,621.0,,1179.0,,1319.319,100.0,1011.0,168.0,1050.981,,,0.8575,0.1425,,False,on_map_at_end
440,pkw,622.0,,1178.0,,1366.365,100.0,997.0,181.0,1038.961,,,0.8463,0.1537,,False,on_map_at_end
442,pkw,624.0,,1176.0,,1559.737,100.0,1003.0,173.0,1035.391,,,0.8529,0.1471,,False,on_map_at_end
444,pkw,624.0,,1176.0,,2305.202,100.0,833.0,343.0,965.295,,,0.7083,0.2917,,False,on_map_at_end
445,pkw,625.0,,1175.0,,1721.952,100.0,889.0,286.0,1019.356,,,0.7566,0.2434,,False,on_map_at_end
446,pkw,625.0,,1175.0,,1611.918,100.0,970.0,205.0,1019.405,,,0.8255,0.1745,,False,on_map_at_end
448,pkw,627.0,,1173.0,,1700.925,100.0,959.0,214.0,1009.629,,,0.8176,0.1824,,False,on_map_at_end
449,pkw,627.0,,1173.0,,1351.936,100.0,986.0,187.0,1051.865,,,0.8406,0.1594,,False,on_map_at_end
450,pkw,628.0,,1172.0,,1714.451,100.0,878.0,294.0,1016.654,,,0.7491,0.2509,,False,on_map_at_end
451,pkw,628.0,,1172.0,,1725.771,100.0,960.0,212.0,1014.704,,,0.8191,0.1809,,False,on_map_at_end
456,pkw,632.0,,1168.0,,1862.539,100.0,928.0,240.0,993.473,,,0.7945,0.2055,,False,on_map_at_end
457,pkw,633.0,,1167.0,,1654.767,100.0,892.0,275.0,1005.76,,,0.7644,0.2356,,False,on_map_at_end
459,pkw,915.0,,885.0,,18.893,100.0,861.0,24.0,883.3,,,0.9729,0.0271,,False,on_map_at_end
46,pkw,84.0,,1716.0,,338.809,100.0,1657.0,59.0,1684.119,,,0.9656,0.0344,,False,on_map_at_end
460,pkw,634.0,,1166.0,,56.44,93.0,1107.0,59.0,1157.772,,,0.9494,0.0506,,False,on_map_at_end
462,pkw,636.0,,1164.0,,916.282,100.0,1024.0,140.0,1082.227,,,0.8797,0.1203,,False,on_map_at_end
465,pkw,638.0,,1162.0,,470.086,100.0,1062.0,100.0,1103.56,,,0.9139,0.0861,,False,on_map_at_end
466,pkw,638.0,,1162.0,,1655.396,100.0,886.0,276.0,996.662,,,0.7625,0.2375,,False,on_map_at_end
468,pkw,1221.0,,579.0,,11.392,100.0,563.0,16.0,577.975,,,0.9724,0.0276,,False,on_map_at_end
469,pkw,1526.0,,274.0,,3.89,100.0,267.0,7.0,273.65,,,0.9745,0.0255,,False,on_map_at_end
470,pkw,639.0,,1161.0,,305.028,100.0,1108.0,53.0,1133.547,,,0.9543,0.0457,,False,on_map_at_end
471,pkw,639.0,,1161.0,,733.337,100.0,1002.0,159.0,1094.056,,,0.863,0.137,,False,on_map_at_end
476,pkw,643.0,,1157.0,,2639.214,100.0,820.0,337.0,910.52,,,0.7087,0.2913,,False,on_map_at_end
477,pkw,643.0,,1157.0,,312.694,100.0,1100.0,57.0,1128.436,,,0.9507,0.0493,,False,on_map_at_end
48,pkw,87.0,,1713.0,,2877.247,97.0,1362.0,351.0,1437.969,,,0.7951,0.2049,,False,on_map_at_end
484,pkw,651.0,,1149.0,,1128.077,100.0,832.0,317.0,876.985,,,0.7241,0.2759,,False,on_map_at_end
485,pkw,651.0,,1149.0,,837.286,100.0,1025.0,124.0,1062.07,,,0.8921,0.1079,,False,on_map_at_end
486,pkw,652.0,,1148.0,,1697.121,100.0,939.0,209.0,989.974,,,0.8179,0.1821,,False,on_map_at_end
488,pkw,656.0,,1144.0,,1245.676,100.0,955.0,189.0,1007.856,,,0.8348,0.1652,,False,on_map_at_end
490,pkw,659.0,,1141.0,,2654.216,100.0,786.0,355.0,893.417,,,0.6889,0.3111,,False,on_map_at_end
491,pkw,659.0,,1141.0,,203.368,100.0,1100.0,41.0,1122.697,,,0.9641,0.0359,,False,on_map_at_end
492,pkw,659.0,,1141.0,,48.939,90.0,1082.0,59.0,1134.547,,,0.9483,0.0517,,False,on_map_at_end
494,pkw,660.0,,1140.0,,842.277,100.0,1030.0,110.0,1063.398,,,0.9035,0.0965,,False,on_map_at_end
495,pkw,662.0,,1138.0,,143.649,100.0,1083.0,55.0,1124.23,,,0.9517,0.0483,,False,on_map_at_end
496,pkw,664.0,,1136.0,,1706.95,100.0,847.0,289.0,980.353,,,0.7456,0.2544,,False,on_map_at_end
497,pkw,664.0,,1136.0,,1595.388,100.0,859.0,277.0,978.252,,,0.7562,0.2438,,False,on_map_at_end
500,pkw,665.0,,1135.0,,906.014,93.0,1005.0,130.0,1046.892,,,0.8855,0.1145,,False,on_map_at_end
501,pkw,665.0,,1135.0,,596.865,100.0,1031.0,104.0,1073.079,,,0.9084,0.0916,,False,on_map_at_end
502,pkw,666.0,,1134.0,,1523.567,100.0,875.0,259.0,970.811,,,0.7716,0.2284,,False,on_map_at_end
503,pkw,667.0,,1133.0,,1077.819,100.0,965.0,168.0,1022.564,,,0.8517,0.1483,,False,on_map_at_end
505,pkw,668.0,,1132.0,,200.538,100.0,1086.0,46.0,1114.022,,,0.9594,0.0406,,False,on_map_at_end
506,pkw,668.0,,1132.0,,1403.312,100.0,956.0,176.0,1004.611,,,0.8445,0.1555,,False,on_map_at_end
507,pkw,669.0,,1131.0,,1516.066,100.0,863.0,268.0,970.3,,,0.763,0.237,,False,on_map_at_end
509,pkw,672.0,,1128.0,,1271.259,100.0,901.0,227.0,1001.839,,,0.7988,0.2012,,False,on_map_at_end
51,pkw,91.0,,1709.0,,2330.411,96.0,1445.0,264.0,1498.95,,,0.8455,0.1545,,False,on_map_at_end
510,pkw,673.0,,1127.0,,1263.758,100.0,898.0,229.0,1004.938,,,0.7968,0.2032,,False,on_map_at_end
512,pkw,675.0,,1125.0,,1304.963,100.0,951.0,174.0,995.618,,,0.8453,0.1547,,False,on_map_at_end
513,pkw,676.0,,1124.0,,1943.393,100.0,881.0,243.0,935.116,,,0.7838,0.2162,,False,on_map_at_end
514,pkw,678.0,,1122.0,,1144.657,100.0,961.0,161.0,1002.302,,,0.8565,0.1435,,False,on_map_at_end
515,pkw,680.0,,1120.0,,1181.703,100.0,887.0,233.0,1003.703,,,0.792,0.208,,False,on_map_at_end
516,pkw,680.0,,1120.0,,1203.171,100.0,949.0,171.0,980.833,,,0.8473,0.1527,,False,on_map_at_end
52,pkw,93.0,,1707.0,,1235.401,100.0,1547.0,160.0,1595.161,,,0.9063,0.0937,,False,on_map_at_end
520,pkw,682.0,,1118.0,,1351.068,97.0,944.0,174.0,994.499,,,0.8444,0.1556,,False,on_map_at_end
521,pkw,684.0,,1116.0,,1508.565,100.0,845.0,271.0,968.06,,,0.7572,0.2428,,False,on_map_at_end
522,pkw,684.0,,1116.0,,41.438,91.0,1067.0,49.0,1109.876,,,0.9561,0.0439,,False,on_map_at_end
524,pkw,684.0,,1116.0,,498.965,100.0,1023.0,93.0,1057.885,,,0.9167,0.0833,,False,on_map_at_end
525,pkw,685.0,,1115.0,,297.527,100.0,1058.0,57.0,1088.222,,,0.9489,0.0511,,False,on_map_at_end
526,pkw,688.0,,1112.0,,506.364,100.0,1025.0,87.0,1066.139,,,0.9218,0.0782,,False,on_map_at_end
527,pkw,687.0,,1113.0,,772.724,100.0,1019.0,94.0,1042.716,,,0.9155,0.0845,,False,on_map_at_end
529,pkw,687.0,,1113.0,,1085.552,100.0,957.0,156.0,992.248,,,0.8598,0.1402,,False,on_map_at_end
534,pkw,691.0,,1109.0,,1686.528,100.0,836.0,273.0,936.404,,,0.7538,0.2462,,False,on_map_at_end
535,pkw,691.0,,1109.0,,1484.495,100.0,891.0,218.0,956.835,,,0.8034,0.1966,,False,on_map_at_end
537,pkw,691.0,,1109.0,,1498.46,100.0,859.0,250.0,970.112,,,0.7746,0.2254,,False,on_map_at_end
538,pkw,691.0,,1109.0,,693.858,100.0,1017.0,92.0,1043.766,,,0.917,0.083,,False,on_map_at_end
54,pkw,96.0,,1704.0,,224.137,100.0,1657.0,47.0,1684.368,,,0.9724,0.0276,,False,on_map_at_end
540,pkw,693.0,,1107.0,,454.359,100.0,1041.0,66.0,1065.851,,,0.9404,0.0596,,False,on_map_at_end
541,pkw,693.0,,1107.0,,147.782,100.0,1058.0,49.0,1094.24,,,0.9557,0.0443,,False,on_map_at_end
542,pkw,695.0,,1105.0,,1293.028,100.0,921.0,184.0,984.724,,,0.8335,0.1665,,False,on_map_at_end
546,pkw,698.0,,1102.0,,595.933,100.0,1006.0,96.0,1048.365,,,0.9129,0.0871,,False,on_map_at_end
547,pkw,700.0,,1100.0,,1325.129,100.0,918.0,182.0,977.27,,,0.8345,0.1655,,False,on_map_at_end
548,pkw,700.0,,1100.0,,1565.383,100.0,836.0,264.0,955.913,,,0.76,0.24,,False,on_map_at_end
550,pkw,701.0,,1099.0,,1493.563,100.0,847.0,252.0,954.041,,,0.7707,0.2293,,False,on_map_at_end
551,pkw,702.0,,1098.0,,1332.879,100.0,941.0,157.0,969.308,,,0.857,0.143,,False,on_map_at_end
552,pkw,703.0,,1097.0,,1339.385,100.0,935.0,162.0,968.462,,,0.8523,0.1477,,False,on_map_at_end
553,pkw,703.0,,1097.0,,33.937,90.0,1051.0,46.0,1093.103,,,0.9581,0.0419,,False,on_map_at_end
554,pkw,706.0,,1094.0,,290.026,100.0,1049.0,45.0,1067.829,,,0.9589,0.0411,,False,on_map_at_end
556,pkw,708.0,,1092.0,,1211.251,100.0,868.0,224.0,975.804,,,0.7949,0.2051,,False,on_map_at_end
557,pkw,708.0,,1092.0,,860.2,100.0,926.0,166.0,1014.465,,,0.848,0.152,,False,on_map_at_end
559,pkw,709.0,,1091.0,,1181.247,100.0,864.0,227.0,979.242,,,0.7919,0.2081,,False,on_map_at_end
560,pkw,709.0,,1091.0,,1336.953,100.0,926.0,165.0,964.449,,,0.8488,0.1512,,False,on_map_at_end
562,pkw,710.0,,1090.0,,237.838,100.0,1042.0,48.0,1068.594,,,0.956,0.044,,False,on_map_at_end
563,pkw,710.0,,1090.0,,1697.402,100.0,895.0,195.0,936.875,,,0.8211,0.1789,,False,on_map_at_end
565,pkw,712.0,,1088.0,,1870.846,97.0,871.0,217.0,918.092,,,0.8006,0.1994,,False,on_map_at_end
566,pkw,713.0,,1087.0,,1134.944,100.0,849.0,238.0,965.493,,,0.781,0.219,,False,on_map_at_end
568,pkw,714.0,,1086.0,,1497.764,100.0,910.0,176.0,947.617,,,0.8379,0.1621,,False,on_map_at_end
572,pkw,717.0,,1083.0,,26.436,90.0,1035.0,48.0,1079.599,,,0.9557,0.0443,,False,on_map_at_end
573,pkw,717.0,,1083.0,,1630.428,100.0,860.0,223.0,926.265,,,0.7941,0.2059,,False,on_map_at_end
580,pkw,722.0,,1078.0,,1173.745,100.0,853.0,225.0,965.493,,,0.7913,0.2087,,False,on_map_at_end
581,pkw,723.0,,1077.0,,1150.663,100.0,913.0,164.0,969.136,,,0.8477,0.1523,,False,on_map_at_end
582,pkw,724.0,,1076.0,,2283.232,100.0,806.0,270.0,858.047,,,0.7491,0.2509,,False,on_map_at_end
583,pkw,724.0,,1076.0,,1089.226,100.0,923.0,153.0,963.154,,,0.8578,0.1422,,False,on_map_at_end
584,pkw,726.0,,1074.0,,1848.895,95.0,855.0,219.0,907.408,,,0.7961,0.2039,,False,on_map_at_end
586,pkw,728.0,,1072.0,,1774.827,100.0,859.0,213.0,911.199,,,0.8013,0.1987,,False,on_map_at_end
587,pkw,728.0,,1072.0,,1834.19,100.0,843.0,229.0,900.751,,,0.7864,0.2136,,False,on_map_at_end
588,pkw,729.0,,1071.0,,2006.457,94.0,858.0,213.0,888.146,,,0.8011,0.1989,,False,on_map_at_end
589,pkw,729.0,,1071.0,,275.024,100.0,1025.0,46.0,1046.248,,,0.957,0.043,,False,on_map_at_end
59,pkw,101.0,,1699.0,,778.914,100.0,1585.0,114.0,1629.977,,,0.9329,0.0671,,False,on_map_at_end
590,pkw,730.0,,1070.0,,125.279,100.0,1036.0,34.0,1059.265,,,0.9682,0.0318,,False,on_map_at_end
591,pkw,730.0,,1070.0,,136.148,100.0,1016.0,54.0,1056.885,,,0.9495,0.0505,,False,on_map_at_end
592,pkw,730.0,,1070.0,,234.739,100.0,1022.0,48.0,1048.873,,,0.9551,0.0449,,False,on_map_at_end
594,pkw,734.0,,1066.0,,1607.744,100.0,842.0,224.0,898.965,,,0.7899,0.2101,,False,on_map_at_end
595,pkw,734.0,,1066.0,,823.405,100.0,892.0,174.0,991.611,,,0.8368,0.1632,,False,on_map_at_end
596,pkw,735.0,,1065.0,,2677.707,93.0,743.0,322.0,792.576,,,0.6977,0.3023,,False,on_map_at_end
599,pkw,735.0,,1065.0,,717.53,100.0,956.0,109.0,1000.358,,,0.8977,0.1023,,False,on_map_at_end
6,pkw,7.0,,1793.0,,1379.558,94.0,1632.0,161.0,1669.919,,,0.9102,0.0898,,False,on_map_at_end
600,pkw,736.0,,1064.0,,1607.925,100.0,854.0,210.0,911.07,,,0.8026,0.1974,,False,on_map_at_end
603,pkw,738.0,,1062.0,,402.756,84.0,831.0,231.0,846.338,,,0.7825,0.2175,,False,on_map_at_end
604,pkw,738.0,,1062.0,,1373.546,84.0,850.0,212.0,933.62,,,0.8004,0.1996,,False,on_map_at_end
606,pkw,738.0,,1062.0,,431.856,100.0,996.0,66.0,1022.431,,,0.9379,0.0621,,False,on_map_at_end
607,pkw,739.0,,1061.0,,2043.749,0.0,737.0,324.0,836.063,,,0.6946,0.3054,,False,on_map_at_end
608,pkw,740.0,,1060.0,,407.535,100.0,1002.0,58.0,1023.322,,,0.9453,0.0547,,False,on_map_at_end
61,pkw,106.0,,1694.0,,1087.169,100.0,1525.0,169.0,1585.719,,,0.9002,0.0998,,False,on_map_at_end
610,pkw,740.0,,1060.0,,1081.725,100.0,909.0,151.0,939.179,,,0.8575,0.1425,,False,on_map_at_end
614,pkw,743.0,,1057.0,,1140.059,100.0,843.0,214.0,948.099,,,0.7975,0.2025,,False,on_map_at_end
615,pkw,743.0,,1057.0,,584.189,100.0,965.0,92.0,1003.883,,,0.913,0.087,,False,on_map_at_end
616,pkw,744.0,,1056.0,,230.337,100.0,1013.0,43.0,1035.269,,,0.9593,0.0407,,False,on_map_at_end
617,pkw,744.0,,1056.0,,1052.788,100.0,914.0,142.0,953.774,,,0.8655,0.1345,,False,on_map_at_end
619,pkw,747.0,,1053.0,,656.353,100.0,942.0,111.0,978.821,,,0.8946,0.1054,,False,on_map_at_end
622,pkw,748.0,,1052.0,,265.337,100.0,1012.0,40.0,1028.119,,,0.962,0.038,,False,on_map_at_end
623,pkw,748.0,,1052.0,,1939.796,100.0,821.0,231.0,871.167,,,0.7804,0.2196,,False,on_map_at_end
624,pkw,748.0,,1052.0,,1899.69,100.0,810.0,242.0,875.612,,,0.77,0.23,,False,on_map_at_end
627,pkw,750.0,,1050.0,,1881.219,100.0,811.0,239.0,865.469,,,0.7724,0.2276,,False,on_map_at_end
629,pkw,751.0,,1049.0,,815.904,100.0,873.0,176.0,975.292,,,0.8322,0.1678,,False,on_map_at_end
63,pkw,110.0,,1690.0,,1899.708,100.0,1479.0,211.0,1518.455,,,0.8751,0.1249,,False,on_map_at_end
632,pkw,753.0,,1047.0,,1863.082,100.0,828.0,219.0,877.86,,,0.7908,0.2092,,False,on_map_at_end
634,pkw,754.0,,1046.0,,279.625,100.0,993.0,53.0,1020.585,,,0.9493,0.0507,,False,on_map_at_end
635,pkw,754.0,,1046.0,,1495.568,100.0,851.0,195.0,905.5,,,0.8136,0.1864,,False,on_map_at_end
637,pkw,755.0,,1045.0,,395.255,86.0,825.0,220.0,842.342,,,0.7895,0.2105,,False,on_map_at_end
638,pkw,756.0,,1044.0,,1276.454,100.0,887.0,157.0,928.187,,,0.8496,0.1504,,False,on_map_at_end
639,pkw,756.0,,1044.0,,1222.024,100.0,869.0,175.0,932.139,,,0.8324,0.1676,,False,on_map_at_end
640,pkw,758.0,,1042.0,,588.432,100.0,947.0,95.0,989.041,,,0.9088,0.0912,,False,on_map_at_end
642,pkw,763.0,,1037.0,,1087.552,100.0,832.0,205.0,931.994,,,0.8023,0.1977,,False,on_map_at_end
643,pkw,765.0,,1035.0,,644.748,95.0,931.0,104.0,962.852,,,0.8995,0.1005,,False,on_map_at_end
644,pkw,765.0,,1035.0,,353.178,100.0,975.0,60.0,1002.687,,,0.942,0.058,,False,on_map_at_end
645,pkw,766.0,,1034.0,,578.761,100.0,937.0,97.0,981.911,,,0.9062,0.0938,,False,on_map_at_end
646,pkw,767.0,,1033.0,,1998.838,93.0,803.0,230.0,837.941,,,0.7773,0.2227,,False,on_map_at_end
647,pkw,767.0,,1033.0,,128.646,100.0,987.0,46.0,1020.592,,,0.9555,0.0445,,False,on_map_at_end
648,pkw,768.0,,1032.0,,1360.041,100.0,542.0,490.0,580.306,,,0.5252,0.4748,,False,on_map_at_end
650,pkw,769.0,,1031.0,,1434.887,100.0,833.0,198.0,887.362,,,0.808,0.192,,False,on_map_at_end
655,pkw,771.0,,1029.0,,990.038,86.0,844.0,185.0,934.099,,,0.8202,0.1798,,False,on_map_at_end
657,pkw,772.0,,1028.0,,92.058,100.0,1009.0,19.0,1019.715,,,0.9815,0.0185,,False,on_map_at_end
66,pkw,117.0,,1683.0,,299.186,100.0,1621.0,62.0,1648.334,,,0.9632,0.0368,,False,on_map_at_end
661,pkw,775.0,,1025.0,,267.523,100.0,979.0,46.0,1000.923,,,0.9551,0.0449,,False,on_map_at_end
662,pkw,776.0,,1024.0,,717.204,100.0,922.0,102.0,949.153,,,0.9004,0.0996,,False,on_map_at_end
664,pkw,780.0,,1020.0,,1085.339,90.0,859.0,161.0,891.801,,,0.8422,0.1578,,False,on_map_at_end
665,pkw,780.0,,1020.0,,99.559,100.0,995.0,25.0,1011.04,,,0.9755,0.0245,,False,on_map_at_end
666,pkw,780.0,,1020.0,,709.278,100.0,928.0,92.0,955.582,,,0.9098,0.0902,,False,on_map_at_end
668,pkw,781.0,,1019.0,,375.674,100.0,947.0,72.0,979.342,,,0.9293,0.0707,,False,on_map_at_end
669,pkw,781.0,,1019.0,,297.527,100.0,967.0,52.0,992.222,,,0.949,0.051,,False,on_map_at_end
670,pkw,988.0,,812.0,,18.935,90.0,773.0,39.0,809.703,,,0.952,0.048,,False,on_map_at_end
671,pkw,782.0,,1018.0,,282.525,100.0,962.0,56.0,992.573,,,0.945,0.055,,False,on_map_at_end
672,pkw,782.0,,1018.0,,1109.692,90.0,880.0,138.0,911.005,,,0.8644,0.1356,,False,on_map_at_end
674,pkw,783.0,,1017.0,,1468.989,95.0,836.0,181.0,873.683,,,0.822,0.178,,False,on_map_at_end
675,pkw,783.0,,1017.0,,1143.162,100.0,846.0,171.0,908.378,,,0.8319,0.1681,,False,on_map_at_end
676,pkw,784.0,,1016.0,,1397.382,100.0,772.0,244.0,845.532,,,0.7598,0.2402,,False,on_map_at_end
677,pkw,787.0,,1013.0,,691.843,100.0,884.0,129.0,925.16,,,0.8727,0.1273,,False,on_map_at_end
678,pkw,788.0,,1012.0,,709.703,100.0,916.0,96.0,937.441,,,0.9051,0.0949,,False,on_map_at_end
679,pkw,789.0,,1011.0,,1297.745,95.0,852.0,159.0,887.94,,,0.8427,0.1573,,False,on_map_at_end
682,pkw,1100.0,,700.0,,11.434,89.0,670.0,30.0,698.873,,,0.9571,0.0429,,False,on_map_at_end
683,pkw,791.0,,1009.0,,290.026,100.0,951.0,58.0,982.897,,,0.9425,0.0575,,False,on_map_at_end
684,pkw,792.0,,1008.0,,195.867,100.0,970.0,38.0,990.372,,,0.9623,0.0377,,False,on_map_at_end
686,pkw,793.0,,1007.0,,84.557,100.0,984.0,23.0,999.39,,,0.9772,0.0228,,False,on_map_at_end
689,pkw,795.0,,1005.0,,1762.051,100.0,766.0,239.0,827.334,,,0.7622,0.2378,,False,on_map_at_end
69,pkw,123.0,,1677.0,,1987.614,98.0,1441.0,236.0,1488.652,,,0.8593,0.1407,,False,on_map_at_end
690,pkw,1708.0,,92.0,,3.933,83.0,82.0,10.0,91.609,,,0.8913,0.1087,,False,on_map_at_end
693,pkw,798.0,,1002.0,,866.619,100.0,762.0,240.0,778.076,,,0.7605,0.2395,,False,on_map_at_end
694,pkw,801.0,,999.0,,525.606,100.0,922.0,77.0,951.397,,,0.9229,0.0771,,False,on_map_at_end
695,pkw,802.0,,998.0,,188.366,100.0,959.0,39.0,981.047,,,0.9609,0.0391,,False,on_map_at_end
696,pkw,802.0,,998.0,,684.342,100.0,879.0,119.0,931.652,,,0.8808,0.1192,,False,on_map_at_end
698,pkw,803.0,,997.0,,242.834,100.0,961.0,36.0,975.145,,,0.9639,0.0361,,False,on_map_at_end
701,pkw,805.0,,995.0,,2191.36,100.0,680.0,315.0,790.789,,,0.6834,0.3166,,False,on_map_at_end
702,pkw,805.0,,995.0,,951.499,95.0,833.0,162.0,900.739,,,0.8372,0.1628,,False,on_map_at_end
703,pkw,805.0,,995.0,,1055.097,100.0,819.0,176.0,852.363,,,0.8231,0.1769,,False,on_map_at_end
704,pkw,806.0,,994.0,,382.069,100.0,871.0,123.0,959.311,,,0.8763,0.1237,,False,on_map_at_end
705,pkw,807.0,,993.0,,1537.973,100.0,797.0,196.0,851.062,,,0.8026,0.1974,,False,on_map_at_end
706,pkw,807.0,,993.0,,300.689,100.0,809.0,184.0,819.396,,,0.8147,0.1853,,False,on_map_at_end
708,pkw,809.0,,991.0,,136.147,100.0,938.0,53.0,977.794,,,0.9465,0.0535,,False,on_map_at_end
710,pkw,809.0,,991.0,,180.865,100.0,952.0,39.0,974.722,,,0.9606,0.0394,,False,on_map_at_end
713,pkw,810.0,,990.0,,608.058,95.0,883.0,107.0,921.385,,,0.8919,0.1081,,False,on_map_at_end
714,pkw,811.0,,989.0,,1272.871,100.0,826.0,163.0,872.899,,,0.8352,0.1648,,False,on_map_at_end
715,pkw,811.0,,989.0,,573.43,100.0,890.0,99.0,937.391,,,0.8999,0.1001,,False,on_map_at_end
716,pkw,811.0,,989.0,,1795.182,100.0,719.0,270.0,823.229,,,0.727,0.273,,False,on_map_at_end
718,pkw,812.0,,988.0,,1634.021,100.0,746.0,242.0,831.809,,,0.7551,0.2449,,False,on_map_at_end
72,pkw,129.0,,1671.0,,2376.043,100.0,1351.0,320.0,1389.906,,,0.8085,0.1915,,False,on_map_at_end
721,pkw,815.0,,985.0,,1047.596,100.0,810.0,175.0,856.007,,,0.8223,0.1777,,False,on_map_at_end
723,pkw,815.0,,985.0,,992.928,100.0,810.0,175.0,864.286,,,0.8223,0.1777,,False,on_map_at_end
724,pkw,816.0,,984.0,,764.172,100.0,880.0,104.0,914.035,,,0.8943,0.1057,,False,on_map_at_end
726,pkw,817.0,,983.0,,219.737,100.0,936.0,47.0,963.223,,,0.9522,0.0478,,False,on_map_at_end
727,pkw,818.0,,982.0,,996.759,100.0,836.0,146.0,891.15,,,0.8513,0.1487,,False,on_map_at_end
730,pkw,823.0,,977.0,,490.867,100.0,908.0,69.0,932.822,,,0.9294,0.0706,,False,on_map_at_end
732,pkw,823.0,,977.0,,799.599,95.0,853.0,124.0,886.461,,,0.8731,0.1269,,False,on_map_at_end
733,pkw,824.0,,976.0,,1075.271,100.0,843.0,133.0,878.669,,,0.8637,0.1363,,False,on_map_at_end
734,pkw,824.0,,976.0,,2146.624,100.0,736.0,240.0,782.393,,,0.7541,0.2459,,False,on_map_at_end
736,pkw,826.0,,974.0,,979.893,100.0,831.0,143.0,885.451,,,0.8532,0.1468,,False,on_map_at_end
737,pkw,825.0,,975.0,,733.392,100.0,822.0,153.0,908.804,,,0.8431,0.1569,,False,on_map_at_end
741,pkw,830.0,,970.0,,1029.707,85.0,786.0,184.0,861.925,,,0.8103,0.1897,,False,on_map_at_end
743,pkw,831.0,,969.0,,792.098,94.0,849.0,120.0,891.776,,,0.8762,0.1238,,False,on_map_at_end
744,pkw,831.0,,969.0,,401.852,100.0,900.0,69.0,932.372,,,0.9288,0.0712,,False,on_map_at_end
752,pkw,839.0,,961.0,,1970.605,95.0,736.0,225.0,772.34,,,0.7659,0.2341,,False,on_map_at_end
755,pkw,841.0,,959.0,,565.929,100.0,862.0,97.0,908.066,,,0.8989,0.1011,,False,on_map_at_end
756,pkw,841.0,,959.0,,1043.848,100.0,829.0,130.0,860.647,,,0.8644,0.1356,,False,on_map_at_end
757,pkw,842.0,,958.0,,1025.093,100.0,780.0,178.0,819.883,,,0.8142,0.1858,,False,on_map_at_end
76,pkw,136.0,,1664.0,,1723.656,81.0,1454.0,210.0,1509.545,,,0.8738,0.1262,,False,on_map_at_end
760,pkw,844.0,,956.0,,1242.867,100.0,792.0,164.0,842.861,,,0.8285,0.1715,,False,on_map_at_end
761,pkw,845.0,,955.0,,773.979,96.0,843.0,112.0,877.014,,,0.8827,0.1173,,False,on_map_at_end
762,pkw,845.0,,955.0,,1463.157,100.0,767.0,188.0,807.443,,,0.8031,0.1969,,False,on_map_at_end
763,pkw,845.0,,955.0,,556.258,100.0,856.0,99.0,904.936,,,0.8963,0.1037,,False,on_map_at_end
765,pkw,847.0,,953.0,,766.105,100.0,645.0,308.0,661.638,,,0.6768,0.3232,,False,on_map_at_end
766,pkw,847.0,,953.0,,758.977,94.0,842.0,111.0,876.988,,,0.8835,0.1165,,False,on_map_at_end
768,pkw,849.0,,951.0,,305.293,100.0,903.0,48.0,923.237,,,0.9495,0.0505,,False,on_map_at_end
769,pkw,849.0,,951.0,,1071.949,100.0,832.0,119.0,849.935,,,0.8749,0.1251,,False,on_map_at_end
77,pkw,137.0,,1663.0,,322.318,100.0,1592.0,71.0,1634.015,,,0.9573,0.0427,,False,on_map_at_end
771,pkw,851.0,,949.0,,751.476,93.0,833.0,116.0,878.565,,,0.8778,0.1222,,False,on_map_at_end
772,pkw,858.0,,942.0,,585.758,100.0,838.0,104.0,888.658,,,0.8896,0.1104,,False,on_map_at_end
773,pkw,851.0,,949.0,,1665.862,94.0,767.0,182.0,793.784,,,0.8082,0.1918,,False,on_map_at_end
774,pkw,853.0,,947.0,,1519.269,95.0,765.0,182.0,804.524,,,0.8078,0.1922,,False,on_map_at_end
776,pkw,855.0,,945.0,,252.521,100.0,898.0,47.0,922.273,,,0.9503,0.0497,,False,on_map_at_end
778,pkw,856.0,,944.0,,1295.986,100.0,780.0,164.0,820.908,,,0.8263,0.1737,,False,on_map_at_end
779,pkw,856.0,,944.0,,1052.768,100.0,813.0,131.0,848.849,,,0.8612,0.1388,,False,on_map_at_end
781,pkw,856.0,,944.0,,204.735,100.0,894.0,50.0,925.574,,,0.947,0.053,,False,on_map_at_end
782,pkw,858.0,,942.0,,528.904,100.0,851.0,91.0,880.081,,,0.9034,0.0966,,False,on_map_at_end
785,pkw,861.0,,939.0,,2107.562,100.0,658.0,281.0,693.511,,,0.7007,0.2993,,False,on_map_at_end
787,pkw,861.0,,939.0,,1017.592,100.0,769.0,170.0,810.207,,,0.819,0.181,,False,on_map_at_end
794,pkw,869.0,,931.0,,197.234,100.0,879.0,52.0,913.249,,,0.9441,0.0559,,False,on_map_at_end
795,pkw,873.0,,927.0,,1041.945,100.0,792.0,135.0,825.169,,,0.8544,0.1456,,False,on_map_at_end
796,pkw,873.0,,927.0,,1285.061,100.0,770.0,157.0,798.627,,,0.8306,0.1694,,False,on_map_at_end
799,pkw,877.0,,923.0,,1539.808,100.0,527.0,396.0,539.904,,,0.571,0.429,,False,on_map_at_end
80,pkw,142.0,,1658.0,,1821.201,90.0,1406.0,252.0,1486.114,,,0.848,0.152,,False,on_map_at_end
803,pkw,881.0,,919.0,,1451.685,100.0,747.0,172.0,787.558,,,0.8128,0.1872,,False,on_map_at_end
804,pkw,881.0,,919.0,,1471.689,98.0,693.0,226.0,778.881,,,0.7541,0.2459,,False,on_map_at_end
806,pkw,882.0,,918.0,,1117.608,100.0,775.0,143.0,807.802,,,0.8442,0.1558,,False,on_map_at_end
81,pkw,144.0,,1656.0,,379.545,100.0,1593.0,63.0,1621.949,,,0.962,0.038,,False,on_map_at_end
810,pkw,886.0,,914.0,,760.814,100.0,762.0,152.0,805.531,,,0.8337,0.1663,,False,on_map_at_end
812,pkw,887.0,,913.0,,1287.789,100.0,754.0,159.0,795.353,,,0.8258,0.1742,,False,on_map_at_end
813,pkw,887.0,,913.0,,743.975,92.0,795.0,118.0,838.618,,,0.8708,0.1292,,False,on_map_at_end
816,pkw,890.0,,910.0,,115.473,100.0,879.0,31.0,894.818,,,0.9659,0.0341,,False,on_map_at_end
820,pkw,891.0,,909.0,,345.67,100.0,839.0,70.0,871.112,,,0.923,0.077,,False,on_map_at_end
822,pkw,891.0,,909.0,,1076.145,100.0,772.0,137.0,811.651,,,0.8493,0.1507,,False,on_map_at_end
825,pkw,894.0,,906.0,,728.973,91.0,798.0,108.0,835.142,,,0.8808,0.1192,,False,on_map_at_end
828,pkw,900.0,,900.0,,621.388,100.0,823.0,77.0,842.12,,,0.9144,0.0856,,False,on_map_at_end
829,pkw,899.0,,901.0,,181.005,100.0,864.0,37.0,884.709,,,0.9589,0.0411,,False,on_map_at_end
83,pkw,149.0,,1651.0,,1262.816,97.0,1457.0,194.0,1517.377,,,0.8825,0.1175,,False,on_map_at_end
830,pkw,899.0,,901.0,,639.698,97.0,769.0,132.0,843.217,,,0.8535,0.1465,,False,on_map_at_end
831,pkw,899.0,,901.0,,288.374,100.0,792.0,109.0,874.577,,,0.879,0.121,,False,on_map_at_end
832,pkw,901.0,,899.0,,211.009,100.0,860.0,39.0,880.009,,,0.9566,0.0434,,False,on_map_at_end
833,pkw,901.0,,899.0,,699.311,89.0,789.0,110.0,821.761,,,0.8776,0.1224,,False,on_map_at_end
834,pkw,902.0,,898.0,,1111.697,100.0,747.0,151.0,796.673,,,0.8318,0.1682,,False,on_map_at_end
835,pkw,902.0,,898.0,,536.857,100.0,777.0,121.0,829.576,,,0.8653,0.1347,,False,on_map_at_end
836,pkw,902.0,,898.0,,260.022,100.0,844.0,54.0,874.598,,,0.9399,0.0601,,False,on_map_at_end
837,pkw,902.0,,898.0,,516.189,100.0,810.0,88.0,833.01,,,0.902,0.098,,False,on_map_at_end
838,pkw,903.0,,897.0,,379.349,100.0,828.0,69.0,862.172,,,0.9231,0.0769,,False,on_map_at_end
839,pkw,903.0,,897.0,,603.846,100.0,778.0,119.0,816.907,,,0.8673,0.1327,,False,on_map_at_end
84,pkw,150.0,,1650.0,,2792.22,95.0,1328.0,322.0,1392.322,,,0.8048,0.1952,,False,on_map_at_end
840,pkw,904.0,,896.0,,1106.152,100.0,758.0,138.0,795.478,,,0.846,0.154,,False,on_map_at_end
841,pkw,904.0,,896.0,,1942.54,100.0,679.0,217.0,719.339,,,0.7578,0.2422,,False,on_map_at_end
843,pkw,905.0,,895.0,,99.559,100.0,863.0,32.0,886.04,,,0.9642,0.0358,,False,on_map_at_end
844,pkw,905.0,,895.0,,981.757,100.0,771.0,124.0,804.689,,,0.8615,0.1385,,False,on_map_at_end
847,pkw,907.0,,893.0,,1514.588,94.0,720.0,173.0,755.675,,,0.8063,0.1937,,False,on_map_at_end
849,pkw,909.0,,891.0,,196.007,100.0,843.0,48.0,873.359,,,0.9461,0.0539,,False,on_map_at_end
850,pkw,909.0,,891.0,,203.508,100.0,847.0,44.0,872.684,,,0.9506,0.0494,,False,on_map_at_end
851,pkw,910.0,,890.0,,980.086,100.0,715.0,175.0,761.508,,,0.8034,0.1966,,False,on_map_at_end
852,pkw,910.0,,890.0,,438.36,100.0,814.0,76.0,850.547,,,0.9146,0.0854,,False,on_map_at_end
855,pkw,912.0,,888.0,,1208.778,100.0,728.0,160.0,766.71,,,0.8198,0.1802,,False,on_map_at_end
857,pkw,913.0,,887.0,,1290.225,95.0,742.0,145.0,768.361,,,0.8365,0.1635,,False,on_map_at_end
859,pkw,915.0,,885.0,,632.197,95.0,745.0,140.0,827.818,,,0.8418,0.1582,,False,on_map_at_end
86,pkw,154.0,,1646.0,,347.417,100.0,1574.0,72.0,1614.507,,,0.9563,0.0437,,False,on_map_at_end
860,pkw,917.0,,883.0,,624.696,94.0,737.0,146.0,826.287,,,0.8347,0.1653,,False,on_map_at_end
861,pkw,915.0,,885.0,,631.835,100.0,756.0,129.0,803.761,,,0.8542,0.1458,,False,on_map_at_end
862,pkw,915.0,,885.0,,1715.927,100.0,661.0,224.0,720.512,,,0.7469,0.2531,,False,on_map_at_end
865,pkw,918.0,,882.0,,868.91,100.0,746.0,136.0,802.729,,,0.8458,0.1542,,False,on_map_at_end
866,pkw,919.0,,881.0,,1453.987,94.0,706.0,175.0,749.645,,,0.8014,0.1986,,False,on_map_at_end
868,pkw,919.0,,881.0,,188.506,100.0,833.0,48.0,864.034,,,0.9455,0.0545,,False,on_map_at_end
876,pkw,922.0,,878.0,,1291.254,100.0,707.0,171.0,754.434,,,0.8052,0.1948,,False,on_map_at_end
877,pkw,922.0,,878.0,,1117.91,100.0,738.0,140.0,771.394,,,0.8405,0.1595,,False,on_map_at_end
878,pkw,926.0,,874.0,,617.195,92.0,737.0,137.0,817.753,,,0.8432,0.1568,,False,on_map_at_end
879,pkw,924.0,,876.0,,579.588,100.0,786.0,90.0,823.503,,,0.8973,0.1027,,False,on_map_at_end
885,pkw,927.0,,873.0,,1520.79,100.0,686.0,187.0,735.758,,,0.7858,0.2142,,False,on_map_at_end
886,pkw,927.0,,873.0,,2099.879,100.0,644.0,229.0,683.129,,,0.7377,0.2623,,False,on_map_at_end
887,pkw,928.0,,872.0,,1011.941,100.0,748.0,124.0,779.087,,,0.8578,0.1422,,False,on_map_at_end
888,pkw,928.0,,872.0,,1645.546,100.0,687.0,185.0,720.891,,,0.7878,0.2122,,False,on_map_at_end
889,pkw,928.0,,872.0,,816.751,100.0,740.0,132.0,772.832,,,0.8486,0.1514,,False,on_map_at_end
89,pkw,168.0,,1632.0,,236.536,100.0,1578.0,54.0,1611.252,,,0.9669,0.0331,,False,on_map_at_end
891,pkw,932.0,,868.0,,1441.969,95.0,698.0,170.0,738.222,,,0.8041,0.1959,,False,on_map_at_end
892,pkw,932.0,,868.0,,849.218,93.0,752.0,116.0,781.36,,,0.8664,0.1336,,False,on_map_at_end
893,pkw,932.0,,868.0,,430.859,100.0,791.0,77.0,829.222,,,0.9113,0.0887,,False,on_map_at_end
900,pkw,935.0,,865.0,,538.084,100.0,785.0,80.0,813.477,,,0.9075,0.0925,,False,on_map_at_end
901,pkw,935.0,,865.0,,77.056,100.0,848.0,17.0,858.065,,,0.9803,0.0197,,False,on_map_at_end
902,pkw,936.0,,864.0,,2084.877,100.0,647.0,217.0,675.851,,,0.7488,0.2512,,False,on_map_at_end
903,pkw,936.0,,864.0,,189.733,100.0,814.0,50.0,846.924,,,0.9421,0.0579,,False,on_map_at_end
905,pkw,938.0,,862.0,,395.076,100.0,780.0,82.0,818.487,,,0.9049,0.0951,,False,on_map_at_end
906,pkw,938.0,,862.0,,1426.682,89.0,636.0,226.0,721.905,,,0.7378,0.2622,,False,on_map_at_end
907,pkw,939.0,,861.0,,1562.738,100.0,653.0,208.0,703.794,,,0.7584,0.2416,,False,on_map_at_end
909,pkw,939.0,,861.0,,290.191,100.0,811.0,50.0,834.567,,,0.9419,0.0581,,False,on_map_at_end
910,pkw,939.0,,861.0,,488.101,100.0,781.0,80.0,816.694,,,0.9071,0.0929,,False,on_map_at_end
914,pkw,943.0,,857.0,,699.601,100.0,758.0,99.0,793.261,,,0.8845,0.1155,,False,on_map_at_end
915,pkw,943.0,,857.0,,1419.381,93.0,684.0,173.0,729.254,,,0.7981,0.2019,,False,on_map_at_end
916,pkw,943.0,,857.0,,1474.805,92.0,673.0,184.0,706.191,,,0.7853,0.2147,,False,on_map_at_end
917,pkw,943.0,,857.0,,668.169,97.0,772.0,85.0,793.864,,,0.9008,0.0992,,False,on_map_at_end
918,pkw,944.0,,856.0,,121.145,100.0,823.0,33.0,844.238,,,0.9614,0.0386,,False,on_map_at_end
92,pkw,175.0,,1625.0,,1683.298,100.0,1427.0,198.0,1454.822,,,0.8782,0.1218,,False,on_map_at_end
920,pkw,945.0,,855.0,,308.172,100.0,788.0,67.0,826.556,,,0.9216,0.0784,,False,on_map_at_end
922,pkw,946.0,,854.0,,1154.898,95.0,715.0,139.0,749.408,,,0.8372,0.1628,,False,on_map_at_end
923,pkw,949.0,,851.0,,660.668,96.0,766.0,85.0,790.804,,,0.9001,0.0999,,False,on_map_at_end
924,pkw,949.0,,851.0,,1426.943,94.0,684.0,167.0,722.574,,,0.8038,0.1962,,False,on_map_at_end
927,pkw,949.0,,851.0,,692.1,100.0,751.0,100.0,788.583,,,0.8825,0.1175,,False,on_map_at_end
928,pkw,950.0,,850.0,,92.058,100.0,816.0,34.0,841.715,,,0.96,0.04,,False,on_map_at_end
929,pkw,951.0,,849.0,,323.167,100.0,781.0,68.0,817.783,,,0.9199,0.0801,,False,on_map_at_end
930,pkw,951.0,,849.0,,624.333,100.0,733.0,116.0,776.214,,,0.8634,0.1366,,False,on_map_at_end
931,pkw,952.0,,848.0,,1250.98,100.0,675.0,173.0,728.785,,,0.796,0.204,,False,on_map_at_end
934,pkw,955.0,,845.0,,1640.917,100.0,649.0,196.0,696.44,,,0.768,0.232,,False,on_map_at_end
935,pkw,955.0,,845.0,,128.646,100.0,792.0,53.0,832.564,,,0.9373,0.0627,,False,on_map_at_end
937,pkw,956.0,,844.0,,1070.441,100.0,680.0,164.0,725.059,,,0.8057,0.1943,,False,on_map_at_end
938,pkw,956.0,,844.0,,1251.384,88.0,659.0,185.0,725.893,,,0.7808,0.2192,,False,on_map_at_end
939,pkw,956.0,,844.0,,438.746,100.0,761.0,83.0,804.467,,,0.9017,0.0983,,False,on_map_at_end
940,pkw,958.0,,842.0,,2181.769,96.0,604.0,238.0,636.342,,,0.7173,0.2827,,False,on_map_at_end
944,pkw,959.0,,841.0,,1792.374,93.0,631.0,210.0,661.507,,,0.7503,0.2497,,False,on_map_at_end
946,pkw,962.0,,838.0,,1000.038,100.0,714.0,124.0,747.13,,,0.852,0.148,,False,on_map_at_end
947,pkw,960.0,,840.0,,653.167,95.0,752.0,88.0,778.158,,,0.8952,0.1048,,False,on_map_at_end
948,pkw,963.0,,837.0,,992.759,100.0,717.0,120.0,747.122,,,0.8566,0.1434,,False,on_map_at_end
949,pkw,963.0,,837.0,,102.379,100.0,803.0,34.0,826.749,,,0.9594,0.0406,,False,on_map_at_end
95,pkw,181.0,,1619.0,,624.485,100.0,1502.0,117.0,1563.241,,,0.9277,0.0723,,False,on_map_at_end
951,pkw,964.0,,836.0,,1004.44,100.0,711.0,125.0,741.297,,,0.8505,0.1495,,False,on_map_at_end
952,pkw,964.0,,836.0,,1313.133,92.0,641.0,195.0,701.393,,,0.7667,0.2333,,False,on_map_at_end
954,pkw,965.0,,835.0,,69.555,100.0,820.0,15.0,828.74,,,0.982,0.018,,False,on_map_at_end
955,pkw,965.0,,835.0,,853.625,96.0,701.0,134.0,732.045,,,0.8395,0.1605,,False,on_map_at_end
956,pkw,965.0,,835.0,,521.855,100.0,745.0,90.0,779.32,,,0.8922,0.1078,,False,on_map_at_end
958,pkw,967.0,,833.0,,645.666,94.0,743.0,90.0,771.308,,,0.892,0.108,,False,on_map_at_end
96,pkw,181.0,,1619.0,,184.087,100.0,1583.0,36.0,1599.299,,,0.9778,0.0222,,False,on_map_at_end
961,pkw,968.0,,832.0,,1411.412,94.0,660.0,172.0,704.972,,,0.7933,0.2067,,False,on_map_at_end
963,pkw,970.0,,830.0,,102.379,100.0,793.0,37.0,819.927,,,0.9554,0.0446,,False,on_map_at_end
965,pkw,973.0,,827.0,,1223.706,93.0,662.0,165.0,714.851,,,0.8005,0.1995,,False,on_map_at_end
966,pkw,973.0,,827.0,,1600.24,93.0,632.0,195.0,673.647,,,0.7642,0.2358,,False,on_map_at_end
969,pkw,975.0,,825.0,,1165.666,100.0,648.0,177.0,709.962,,,0.7855,0.2145,,False,on_map_at_end
97,pkw,183.0,,1617.0,,1869.707,100.0,1403.0,214.0,1444.805,,,0.8677,0.1323,,False,on_map_at_end
973,pkw,980.0,,820.0,,167.23,100.0,771.0,49.0,804.949,,,0.9402,0.0598,,False,on_map_at_end
974,pkw,980.0,,820.0,,1050.539,100.0,660.0,160.0,715.22,,,0.8049,0.1951,,False,on_map_at_end
976,pkw,982.0,,818.0,,638.165,93.0,733.0,85.0,759.178,,,0.8961,0.1039,,False,on_map_at_end
977,pkw,982.0,,818.0,,1134.489,100.0,661.0,157.0,704.017,,,0.8081,0.1919,,False,on_map_at_end
978,pkw,984.0,,816.0,,521.334,100.0,708.0,108.0,751.749,,,0.8676,0.1324,,False,on_map_at_end
98,pkw,184.0,,1616.0,,1517.363,97.0,1410.0,206.0,1470.003,,,0.8725,0.1275,,False,on_map_at_end
980,pkw,984.0,,816.0,,2329.659,100.0,556.0,260.0,606.329,,,0.6814,0.3186,,False,on_map_at_end
981,pkw,984.0,,816.0,,396.237,100.0,748.0,68.0,771.056,,,0.9167,0.0833,,False,on_map_at_end
982,pkw,994.0,,806.0,,928.135,92.0,676.0,130.0,699.284,,,0.8387,0.1613,,False,on_map_at_end
983,pkw,985.0,,815.0,,218.169,100.0,777.0,38.0,795.243,,,0.9534,0.0466,,False,on_map_at_end
984,pkw,986.0,,814.0,,616.194,96.0,733.0,81.0,754.814,,,0.9005,0.0995,,False,on_map_at_end
986,pkw,987.0,,813.0,,712.266,100.0,722.0,91.0,756.379,,,0.8881,0.1119,,False,on_map_at_end
987,pkw,989.0,,811.0,,1968.734,100.0,599.0,212.0,623.877,,,0.7386,0.2614,,False,on_map_at_end
988,pkw,989.0,,811.0,,607.569,97.0,731.0,80.0,754.691,,,0.9014,0.0986,,False,on_map_at_end
99,pkw,187.0,,1613.0,,338.809,100.0,1539.0,74.0,1578.476,,,0.9541,0.0459,,False,on_map_at_end
991,pkw,991.0,,809.0,,1422.958,90.0,620.0,189.0,674.205,,,0.7664,0.2336,,False,on_map_at_end
992,pkw,991.0,,809.0,,258.37,99.0,713.0,96.0,785.346,,,0.8813,0.1187,,False,on_map_at_end
993,pkw,991.0,,809.0,,1158.264,100.0,632.0,177.0,689.109,,,0.7812,0.2188,,False,on_map_at_end
994,pkw,991.0,,809.0,,609.693,90.0,674.0,135.0,754.104,,,0.8331,0.1669,,False,on_map_at_end
995,pkw,991.0,,809.0,,469.536,100.0,733.0,76.0,766.238,,,0.9061,0.0939,,False,on_map_at_end
997,pkw,992.0,,808.0,,1295.986,100.0,632.0,176.0,683.052,,,0.7822,0.2178,,False,on_map_at_end
998,pkw,993.0,,807.0,,326.841,100.0,743.0,64.0,777.101,,,0.9207,0.0793,,False,on_map_at_end
999,pkw,993.0,,807.0,,1045.514,100.0,666.0,141.0,712.776,,,0.8253,0.1747,,False,on_map_at_end
