vehicle_id,vehicle_type,enter_time_s,departure_time_s,travel_time_s,route_distance_m,distance_traveled_m,accumulated_waiting_time_s,custom_wait_s,moving_time_s,time_loss_s,free_flow_time_s,delay_s,waiting_fraction,moving_fraction,schedule_efficiency,completed_trip,trip_status
10,pkw,14.0,87.0,73.0,,409.264,16.0,17.0,56.0,23.66,,,0.2329,0.7671,,True,completed
11,pkw,18.0,117.0,99.0,,951.541,0.0,0.0,99.0,7.326,,,0.0,1.0,,True,completed
41,pkw,74.0,121.0,47.0,,379.297,0.0,0.0,47.0,4.068,,,0.0,1.0,,True,completed
26,pkw,44.0,162.0,118.0,,1036.094,0.0,0.0,118.0,11.17,,,0.0,1.0,,True,completed
50,pkw,91.0,211.0,120.0,,1065.468,0.0,0.0,120.0,13.26,,,0.0,1.0,,True,completed
13,pkw,20.0,213.0,193.0,,733.963,88.0,114.0,79.0,125.943,,,0.5907,0.4093,,True,completed
18,pkw,30.0,214.0,184.0,,1804.835,3.0,3.0,181.0,19.239,,,0.0163,0.9837,,True,completed
12,pkw,19.0,219.0,200.0,,2097.838,0.0,0.0,200.0,9.53,,,0.0,1.0,,True,completed
20,pkw,34.0,221.0,187.0,,1775.597,0.0,0.0,187.0,14.357,,,0.0,1.0,,True,completed
60,pkw,103.0,223.0,120.0,,885.315,0.0,0.0,120.0,11.087,,,0.0,1.0,,True,completed
8,pkw,9.0,225.0,216.0,,1655.882,0.0,0.0,216.0,17.115,,,0.0,1.0,,True,completed
43,pkw,80.0,238.0,158.0,,1399.429,0.0,0.0,158.0,13.084,,,0.0,1.0,,True,completed
73,pkw,130.0,248.0,118.0,,1098.522,0.0,0.0,118.0,8.263,,,0.0,1.0,,True,completed
1,pkw,2.0,278.0,276.0,,1693.148,16.0,96.0,180.0,121.442,,,0.3478,0.6522,,True,completed
75,pkw,136.0,285.0,149.0,,1518.69,0.0,0.0,149.0,7.336,,,0.0,1.0,,True,completed
93,pkw,176.0,288.0,112.0,,1028.371,0.0,0.0,112.0,7.87,,,0.0,1.0,,True,completed
27,pkw,46.0,294.0,248.0,,1804.956,27.0,58.0,190.0,74.76,,,0.2339,0.7661,,True,completed
22,pkw,36.0,297.0,261.0,,2615.917,7.0,7.0,254.0,23.708,,,0.0268,0.9732,,True,completed
19,pkw,32.0,310.0,278.0,,2829.792,0.0,0.0,278.0,19.82,,,0.0,1.0,,True,completed
109,pkw,211.0,317.0,106.0,,1043.855,0.0,0.0,106.0,5.919,,,0.0,1.0,,True,completed
55,pkw,98.0,322.0,224.0,,2217.541,0.0,8.0,216.0,12.873,,,0.0357,0.9643,,True,completed
85,pkw,152.0,323.0,171.0,,733.424,32.0,91.0,80.0,103.991,,,0.5322,0.4678,,True,completed
24,pkw,38.0,335.0,297.0,,2147.883,29.0,79.0,218.0,101.799,,,0.266,0.734,,True,completed
114,pkw,223.0,338.0,115.0,,1134.542,0.0,0.0,115.0,9.393,,,0.0,1.0,,True,completed
53,pkw,96.0,341.0,245.0,,2177.036,32.0,32.0,213.0,47.65,,,0.1306,0.8694,,True,completed
29,pkw,49.0,343.0,294.0,,2752.892,14.0,14.0,280.0,36.552,,,0.0476,0.9524,,True,completed
58,pkw,100.0,346.0,246.0,,1590.737,87.0,87.0,159.0,100.542,,,0.3537,0.6463,,True,completed
67,pkw,117.0,346.0,229.0,,2331.393,0.0,0.0,229.0,13.807,,,0.0,1.0,,True,completed
163,pkw,307.0,352.0,45.0,,446.903,0.0,0.0,45.0,3.624,,,0.0,1.0,,True,completed
79,pkw,140.0,352.0,212.0,,1272.268,42.0,59.0,153.0,83.976,,,0.2783,0.7217,,True,completed
64,pkw,111.0,353.0,242.0,,2437.894,0.0,4.0,238.0,21.087,,,0.0165,0.9835,,True,completed
107,pkw,207.0,355.0,148.0,,1387.246,0.0,2.0,146.0,18.117,,,0.0135,0.9865,,True,completed
78,pkw,138.0,359.0,221.0,,1275.391,39.0,66.0,155.0,86.802,,,0.2986,0.7014,,True,completed
65,pkw,114.0,364.0,250.0,,1437.626,50.0,97.0,153.0,114.782,,,0.388,0.612,,True,completed
28,pkw,49.0,367.0,318.0,,1582.889,62.0,153.0,165.0,174.034,,,0.4811,0.5189,,True,completed
186,pkw,333.0,375.0,42.0,,436.812,0.0,0.0,42.0,1.687,,,0.0,1.0,,True,completed
90,pkw,171.0,387.0,216.0,,2249.489,0.0,0.0,216.0,11.114,,,0.0,1.0,,True,completed
71,pkw,128.0,393.0,265.0,,2102.426,31.0,34.0,231.0,61.494,,,0.1283,0.8717,,True,completed
68,pkw,118.0,394.0,276.0,,2544.809,0.0,27.0,249.0,44.809,,,0.0978,0.9022,,True,completed
32,pkw,52.0,416.0,364.0,,1692.909,0.0,132.0,232.0,137.741,,,0.3626,0.6374,,True,completed
88,pkw,166.0,419.0,253.0,,1825.922,51.0,51.0,202.0,78.444,,,0.2016,0.7984,,True,completed
214,pkw,374.0,422.0,48.0,,378.748,0.0,0.0,48.0,3.822,,,0.0,1.0,,True,completed
121,pkw,239.0,423.0,184.0,,1491.276,0.0,12.0,172.0,27.938,,,0.0652,0.9348,,True,completed
153,pkw,294.0,425.0,131.0,,1178.949,0.0,6.0,125.0,23.894,,,0.0458,0.9542,,True,completed
110,pkw,212.0,426.0,214.0,,644.26,95.0,129.0,85.0,140.65,,,0.6028,0.3972,,True,completed
100,pkw,188.0,427.0,239.0,,2260.16,0.0,5.0,234.0,21.668,,,0.0209,0.9791,,True,completed
74,pkw,134.0,432.0,298.0,,2622.393,0.0,25.0,273.0,49.092,,,0.0839,0.9161,,True,completed
175,pkw,320.0,436.0,116.0,,732.898,35.0,40.0,76.0,49.039,,,0.3448,0.6552,,True,completed
122,pkw,240.0,454.0,214.0,,2142.606,6.0,6.0,208.0,19.123,,,0.028,0.972,,True,completed
3,pkw,3.0,457.0,454.0,,1406.799,99.0,305.0,149.0,323.62,,,0.6718,0.3282,,True,completed
127,pkw,243.0,464.0,221.0,,2255.739,0.0,0.0,221.0,11.974,,,0.0,1.0,,True,completed
62,pkw,108.0,468.0,360.0,,2969.019,1.0,36.0,324.0,71.797,,,0.1,0.9,,True,completed
192,pkw,339.0,483.0,144.0,,1408.766,4.0,4.0,140.0,15.968,,,0.0278,0.9722,,True,completed
132,pkw,247.0,491.0,244.0,,2328.233,5.0,5.0,239.0,26.205,,,0.0205,0.9795,,True,completed
195,pkw,341.0,504.0,163.0,,1650.207,0.0,0.0,163.0,9.563,,,0.0,1.0,,True,completed
227,pkw,391.0,504.0,113.0,,1055.198,0.0,0.0,113.0,9.76,,,0.0,1.0,,True,completed
135,pkw,256.0,507.0,251.0,,2214.944,0.0,15.0,236.0,35.463,,,0.0598,0.9402,,True,completed
197,pkw,343.0,509.0,166.0,,1074.3,2.0,53.0,113.0,57.876,,,0.3193,0.6807,,True,completed
249,pkw,428.0,520.0,92.0,,735.87,8.0,8.0,84.0,23.745,,,0.087,0.913,,True,completed
217,pkw,380.0,528.0,148.0,,1400.082,0.0,0.0,148.0,10.858,,,0.0,1.0,,True,completed
7,pkw,9.0,531.0,522.0,,2200.395,0.0,300.0,222.0,317.329,,,0.5747,0.4253,,True,completed
188,pkw,335.0,533.0,198.0,,1804.501,0.0,16.0,182.0,33.642,,,0.0808,0.9192,,True,completed
339,pkw,532.0,540.0,8.0,,74.75,0.0,0.0,8.0,0.272,,,0.0,1.0,,True,completed
199,pkw,349.0,550.0,201.0,,1730.721,12.0,12.0,189.0,34.576,,,0.0597,0.9403,,True,completed
36,pkw,59.0,551.0,492.0,,1835.609,0.0,300.0,192.0,314.562,,,0.6098,0.3902,,True,completed
37,pkw,65.0,568.0,503.0,,1812.66,100.0,300.0,203.0,319.181,,,0.5964,0.4036,,True,completed
259,pkw,438.0,571.0,133.0,,1103.92,0.0,0.0,133.0,11.019,,,0.0,1.0,,True,completed
170,pkw,315.0,573.0,258.0,,2597.293,0.0,0.0,258.0,22.537,,,0.0,1.0,,True,completed
82,pkw,145.0,577.0,432.0,,2962.056,0.0,111.0,321.0,152.062,,,0.2569,0.7431,,True,completed
332,pkw,516.0,597.0,81.0,,474.285,26.0,26.0,55.0,37.314,,,0.321,0.679,,True,completed
333,pkw,516.0,597.0,81.0,,457.171,30.0,30.0,51.0,38.498,,,0.3704,0.6296,,True,completed
293,pkw,476.0,598.0,122.0,,1032.004,0.0,0.0,122.0,10.131,,,0.0,1.0,,True,completed
252,pkw,430.0,601.0,171.0,,1523.99,0.0,14.0,157.0,28.346,,,0.0819,0.9181,,True,completed
202,pkw,352.0,604.0,252.0,,1791.493,0.0,1.0,251.0,28.151,,,0.004,0.996,,True,completed
244,pkw,418.0,606.0,188.0,,1686.721,0.0,3.0,185.0,21.382,,,0.016,0.984,,True,completed
224,pkw,390.0,608.0,218.0,,1989.159,0.0,17.0,201.0,37.09,,,0.078,0.922,,True,completed
165,pkw,309.0,610.0,301.0,,2579.972,0.0,0.0,301.0,27.593,,,0.0,1.0,,True,completed
313,pkw,498.0,612.0,114.0,,1005.937,0.0,0.0,114.0,9.934,,,0.0,1.0,,True,completed
274,pkw,455.0,613.0,158.0,,1584.697,0.0,0.0,158.0,12.418,,,0.0,1.0,,True,completed
129,pkw,245.0,619.0,374.0,,2354.635,0.0,138.0,236.0,159.697,,,0.369,0.631,,True,completed
277,pkw,453.0,624.0,171.0,,1643.949,0.0,6.0,165.0,20.611,,,0.0351,0.9649,,True,completed
232,pkw,400.0,627.0,227.0,,1864.205,37.0,37.0,190.0,55.753,,,0.163,0.837,,True,completed
220,pkw,384.0,631.0,247.0,,2599.006,0.0,0.0,247.0,11.859,,,0.0,1.0,,True,completed
265,pkw,444.0,632.0,188.0,,1491.389,0.0,24.0,164.0,41.971,,,0.1277,0.8723,,True,completed
422,pkw,613.0,632.0,19.0,,189.485,0.0,0.0,19.0,0.946,,,0.0,1.0,,True,completed
159,pkw,303.0,633.0,330.0,,2491.169,0.0,77.0,253.0,102.503,,,0.2333,0.7667,,True,completed
246,pkw,435.0,633.0,198.0,,1976.659,1.0,1.0,197.0,17.882,,,0.0051,0.9949,,True,completed
181,pkw,327.0,635.0,308.0,,2768.408,0.0,16.0,292.0,51.331,,,0.0519,0.9481,,True,completed
335,pkw,523.0,640.0,117.0,,1132.427,0.0,0.0,117.0,12.781,,,0.0,1.0,,True,completed
190,pkw,338.0,643.0,305.0,,2674.08,0.0,18.0,287.0,45.957,,,0.059,0.941,,True,completed
124,pkw,240.0,645.0,405.0,,2691.809,0.0,140.0,265.0,160.689,,,0.3457,0.6543,,True,completed
179,pkw,322.0,658.0,336.0,,2694.433,0.0,62.0,274.0,88.528,,,0.1845,0.8155,,True,completed
201,pkw,351.0,658.0,307.0,,2496.766,0.0,49.0,258.0,80.198,,,0.1596,0.8404,,True,completed
279,pkw,454.0,659.0,205.0,,1655.734,0.0,2.0,203.0,21.245,,,0.0098,0.9902,,True,completed
189,pkw,336.0,664.0,328.0,,2246.222,0.0,33.0,295.0,61.73,,,0.1006,0.8994,,True,completed
262,pkw,442.0,664.0,222.0,,1168.308,80.0,82.0,140.0,105.983,,,0.3694,0.6306,,True,completed
368,pkw,561.0,664.0,103.0,,1074.984,0.0,0.0,103.0,4.9,,,0.0,1.0,,True,completed
296,pkw,481.0,665.0,184.0,,1831.2,0.0,0.0,184.0,17.183,,,0.0,1.0,,True,completed
275,pkw,452.0,666.0,214.0,,738.728,35.0,138.0,76.0,146.514,,,0.6449,0.3551,,True,completed
340,pkw,532.0,669.0,137.0,,1398.994,0.0,0.0,137.0,10.089,,,0.0,1.0,,True,completed
268,pkw,447.0,676.0,229.0,,2207.089,0.0,0.0,229.0,27.697,,,0.0,1.0,,True,completed
306,pkw,491.0,679.0,188.0,,1858.785,2.0,2.0,186.0,17.481,,,0.0106,0.9894,,True,completed
321,pkw,509.0,686.0,177.0,,1800.963,0.0,0.0,177.0,12.412,,,0.0,1.0,,True,completed
16,pkw,24.0,700.0,676.0,,729.765,53.0,600.0,76.0,610.401,,,0.8876,0.1124,,True,completed
285,pkw,468.0,702.0,234.0,,2266.998,0.0,4.0,230.0,25.626,,,0.0171,0.9829,,True,completed
411,pkw,608.0,703.0,95.0,,815.995,2.0,2.0,93.0,10.581,,,0.0211,0.9789,,True,completed
424,pkw,614.0,704.0,90.0,,795.981,0.0,0.0,90.0,9.655,,,0.0,1.0,,True,completed
198,pkw,349.0,705.0,356.0,,755.064,96.0,272.0,84.0,285.765,,,0.764,0.236,,True,completed
286,pkw,468.0,705.0,237.0,,456.946,97.0,189.0,48.0,194.874,,,0.7975,0.2025,,True,completed
291,pkw,473.0,705.0,232.0,,2109.873,0.0,0.0,232.0,21.896,,,0.0,1.0,,True,completed
536,pkw,691.0,707.0,16.0,,132.257,0.0,0.0,16.0,3.097,,,0.0,1.0,,True,completed
137,pkw,261.0,709.0,448.0,,523.647,93.0,383.0,65.0,399.454,,,0.8549,0.1451,,True,completed
111,pkw,216.0,710.0,494.0,,1859.265,93.0,279.0,215.0,308.686,,,0.5648,0.4352,,True,completed
314,pkw,498.0,710.0,212.0,,1870.626,3.0,9.0,203.0,35.509,,,0.0425,0.9575,,True,completed
430,pkw,618.0,711.0,93.0,,887.648,0.0,0.0,93.0,8.272,,,0.0,1.0,,True,completed
435,pkw,620.0,714.0,94.0,,739.102,11.0,11.0,83.0,25.439,,,0.117,0.883,,True,completed
508,pkw,672.0,714.0,42.0,,436.443,0.0,0.0,42.0,1.72,,,0.0,1.0,,True,completed
310,pkw,495.0,721.0,226.0,,1933.381,5.0,12.0,214.0,33.683,,,0.0531,0.9469,,True,completed
511,pkw,674.0,721.0,47.0,,372.157,2.0,2.0,45.0,9.54,,,0.0426,0.9574,,True,completed
366,pkw,558.0,723.0,165.0,,1523.51,1.0,6.0,159.0,22.779,,,0.0364,0.9636,,True,completed
0,pkw,2.0,725.0,723.0,,2111.434,36.0,502.0,221.0,518.291,,,0.6943,0.3057,,True,completed
328,pkw,513.0,742.0,229.0,,2205.725,1.0,1.0,228.0,23.025,,,0.0044,0.9956,,True,completed
358,pkw,549.0,744.0,195.0,,1822.742,7.0,9.0,186.0,28.179,,,0.0462,0.9538,,True,completed
407,pkw,605.0,744.0,139.0,,1124.506,6.0,6.0,133.0,25.661,,,0.0432,0.9568,,True,completed
174,pkw,319.0,747.0,428.0,,2958.194,0.0,72.0,356.0,111.004,,,0.1682,0.8318,,True,completed
319,pkw,507.0,750.0,243.0,,1981.161,0.0,41.0,202.0,62.257,,,0.1687,0.8313,,True,completed
248,pkw,428.0,754.0,326.0,,2050.022,0.0,117.0,209.0,138.579,,,0.3589,0.6411,,True,completed
454,pkw,632.0,760.0,128.0,,998.015,0.0,5.0,123.0,19.228,,,0.0391,0.9609,,True,completed
464,pkw,636.0,767.0,131.0,,1023.826,8.0,8.0,123.0,16.234,,,0.0611,0.9389,,True,completed
2,pkw,2.0,769.0,767.0,,1539.158,0.0,600.0,167.0,622.533,,,0.7823,0.2177,,True,completed
144,pkw,277.0,770.0,493.0,,1802.202,77.0,300.0,193.0,316.653,,,0.6085,0.3915,,True,completed
475,pkw,643.0,777.0,134.0,,919.501,0.0,20.0,114.0,34.51,,,0.1493,0.8507,,True,completed
558,pkw,708.0,788.0,80.0,,730.051,0.0,0.0,80.0,7.818,,,0.0,1.0,,True,completed
172,pkw,318.0,792.0,474.0,,1254.805,78.0,339.0,135.0,359.982,,,0.7152,0.2848,,True,completed
331,pkw,515.0,792.0,277.0,,2614.776,0.0,5.0,272.0,31.887,,,0.0181,0.9819,,True,completed
230,pkw,396.0,802.0,406.0,,2900.792,24.0,49.0,357.0,101.085,,,0.1207,0.8793,,True,completed
349,pkw,540.0,803.0,263.0,,2019.18,0.0,25.0,238.0,45.076,,,0.0951,0.9049,,True,completed
482,pkw,649.0,807.0,158.0,,1147.166,36.0,36.0,122.0,49.443,,,0.2278,0.7722,,True,completed
579,pkw,722.0,807.0,85.0,,455.576,35.0,35.0,50.0,42.638,,,0.4118,0.5882,,True,completed
605,pkw,738.0,807.0,69.0,,443.04,20.0,20.0,49.0,28.126,,,0.2899,0.7101,,True,completed
44,pkw,82.0,808.0,726.0,,2112.348,60.0,504.0,222.0,529.555,,,0.6942,0.3058,,True,completed
480,pkw,649.0,810.0,161.0,,1474.941,0.0,0.0,161.0,12.983,,,0.0,1.0,,True,completed
9,pkw,12.0,810.0,798.0,,1858.186,52.0,593.0,205.0,616.6,,,0.7431,0.2569,,True,completed
408,pkw,612.0,817.0,205.0,,2002.485,4.0,4.0,201.0,22.83,,,0.0195,0.9805,,True,completed
455,pkw,632.0,819.0,187.0,,983.492,34.0,50.0,137.0,77.89,,,0.2674,0.7326,,True,completed
574,pkw,718.0,821.0,103.0,,888.274,0.0,0.0,103.0,11.708,,,0.0,1.0,,True,completed
416,pkw,611.0,824.0,213.0,,1826.221,0.0,1.0,212.0,21.417,,,0.0047,0.9953,,True,completed
654,pkw,771.0,824.0,53.0,,412.492,0.0,0.0,53.0,9.768,,,0.0,1.0,,True,completed
428,pkw,617.0,826.0,209.0,,1495.537,15.0,41.0,168.0,52.643,,,0.1962,0.8038,,True,completed
152,pkw,294.0,828.0,534.0,,1856.268,86.0,319.0,215.0,355.641,,,0.5974,0.4026,,True,completed
481,pkw,663.0,828.0,165.0,,1555.599,0.0,11.0,154.0,17.608,,,0.0667,0.9333,,True,completed
636,pkw,755.0,831.0,76.0,,728.015,0.0,0.0,76.0,7.086,,,0.0,1.0,,True,completed
45,pkw,84.0,835.0,751.0,,1379.083,30.0,591.0,160.0,610.635,,,0.787,0.213,,True,completed
439,pkw,621.0,838.0,217.0,,1970.517,0.0,23.0,194.0,27.959,,,0.106,0.894,,True,completed
630,pkw,752.0,838.0,86.0,,737.475,11.0,11.0,75.0,18.627,,,0.1279,0.8721,,True,completed
414,pkw,610.0,839.0,229.0,,2144.117,1.0,6.0,223.0,33.996,,,0.0262,0.9738,,True,completed
483,pkw,649.0,840.0,191.0,,1217.356,22.0,35.0,156.0,55.402,,,0.1832,0.8168,,True,completed
158,pkw,302.0,842.0,540.0,,1996.637,25.0,329.0,211.0,358.724,,,0.6093,0.3907,,True,completed
105,pkw,198.0,852.0,654.0,,2818.743,11.0,376.0,278.0,399.216,,,0.5749,0.4251,,True,completed
386,pkw,587.0,853.0,266.0,,1971.701,24.0,24.0,242.0,56.396,,,0.0902,0.9098,,True,completed
160,pkw,303.0,867.0,564.0,,2426.457,99.0,319.0,245.0,343.968,,,0.5656,0.4344,,True,completed
30,pkw,51.0,868.0,817.0,,2117.186,34.0,600.0,217.0,618.427,,,0.7344,0.2656,,True,completed
118,pkw,232.0,873.0,641.0,,997.28,100.0,512.0,129.0,528.201,,,0.7988,0.2012,,True,completed
613,pkw,742.0,875.0,133.0,,1151.559,0.0,18.0,115.0,27.949,,,0.1353,0.8647,,True,completed
523,pkw,684.0,876.0,192.0,,669.453,65.0,87.0,105.0,129.005,,,0.4531,0.5469,,True,completed
504,pkw,667.0,878.0,211.0,,1471.846,24.0,43.0,168.0,71.406,,,0.2038,0.7962,,True,completed
353,pkw,543.0,879.0,336.0,,1756.099,63.0,88.0,248.0,148.814,,,0.2619,0.7381,,True,completed
618,pkw,745.0,879.0,134.0,,979.578,13.0,13.0,121.0,31.564,,,0.097,0.903,,True,completed
487,pkw,655.0,885.0,230.0,,1721.994,14.0,30.0,200.0,73.518,,,0.1304,0.8696,,True,completed
281,pkw,462.0,889.0,427.0,,941.189,35.0,308.0,119.0,340.485,,,0.7213,0.2787,,True,completed
555,pkw,706.0,889.0,183.0,,1862.462,0.0,0.0,183.0,9.214,,,0.0,1.0,,True,completed
384,pkw,584.0,890.0,306.0,,2031.405,21.0,80.0,226.0,95.329,,,0.2614,0.7386,,True,completed
405,pkw,604.0,891.0,287.0,,2806.401,0.0,4.0,283.0,25.206,,,0.0139,0.9861,,True,completed
564,pkw,711.0,893.0,182.0,,1137.346,13.0,25.0,157.0,73.399,,,0.1374,0.8626,,True,completed
478,pkw,645.0,906.0,261.0,,2371.718,22.0,22.0,239.0,39.636,,,0.0843,0.9157,,True,completed
463,pkw,636.0,907.0,271.0,,2345.552,0.0,0.0,271.0,33.182,,,0.0,1.0,,True,completed
467,pkw,639.0,909.0,270.0,,2051.449,37.0,37.0,233.0,60.033,,,0.137,0.863,,True,completed
667,pkw,781.0,909.0,128.0,,1060.477,0.0,0.0,128.0,14.096,,,0.0,1.0,,True,completed
423,pkw,614.0,914.0,300.0,,1021.73,22.0,176.0,124.0,206.601,,,0.5867,0.4133,,True,completed
633,pkw,753.0,916.0,163.0,,1638.031,3.0,3.0,160.0,14.576,,,0.0184,0.9816,,True,completed
759,pkw,844.0,918.0,74.0,,635.916,2.0,2.0,72.0,15.767,,,0.027,0.973,,True,completed
543,pkw,696.0,920.0,224.0,,1686.776,8.0,20.0,204.0,70.009,,,0.0893,0.9107,,True,completed
569,pkw,715.0,920.0,205.0,,1649.342,17.0,18.0,187.0,51.887,,,0.0878,0.9122,,True,completed
621,pkw,748.0,927.0,179.0,,1655.256,0.0,0.0,179.0,19.912,,,0.0,1.0,,True,completed
585,pkw,727.0,928.0,201.0,,1829.678,0.0,8.0,193.0,33.086,,,0.0398,0.9602,,True,completed
381,pkw,579.0,931.0,352.0,,2491.043,7.0,80.0,272.0,125.942,,,0.2273,0.7727,,True,completed
673,pkw,783.0,931.0,148.0,,1524.002,0.0,0.0,148.0,7.322,,,0.0,1.0,,True,completed
802,pkw,880.0,935.0,55.0,,443.383,7.0,7.0,48.0,14.095,,,0.1273,0.8727,,True,completed
625,pkw,751.0,941.0,190.0,,1741.428,0.0,0.0,190.0,19.571,,,0.0,1.0,,True,completed
545,pkw,702.0,942.0,240.0,,2009.474,13.0,28.0,212.0,55.536,,,0.1167,0.8833,,True,completed
748,pkw,834.0,943.0,109.0,,732.666,0.0,0.0,109.0,10.145,,,0.0,1.0,,True,completed
567,pkw,714.0,946.0,232.0,,1837.656,19.0,37.0,195.0,61.021,,,0.1595,0.8405,,True,completed
388,pkw,590.0,955.0,365.0,,1983.483,0.0,172.0,193.0,184.951,,,0.4712,0.5288,,True,completed
255,pkw,435.0,957.0,522.0,,2674.417,98.0,246.0,276.0,270.738,,,0.4713,0.5287,,True,completed
200,pkw,351.0,958.0,607.0,,3006.024,37.0,304.0,303.0,334.586,,,0.5008,0.4992,,True,completed
404,pkw,604.0,960.0,356.0,,2111.162,96.0,129.0,227.0,150.81,,,0.3624,0.6376,,True,completed
653,pkw,771.0,961.0,190.0,,1887.266,0.0,2.0,188.0,16.73,,,0.0105,0.9895,,True,completed
680,pkw,791.0,961.0,170.0,,1387.083,0.0,0.0,170.0,19.062,,,0.0,1.0,,True,completed
148,pkw,287.0,962.0,675.0,,3419.49,33.0,318.0,357.0,354.342,,,0.4711,0.5289,,True,completed
518,pkw,682.0,962.0,280.0,,2614.721,0.0,9.0,271.0,32.758,,,0.0321,0.9679,,True,completed
731,pkw,823.0,964.0,141.0,,1131.922,19.0,19.0,122.0,36.545,,,0.1348,0.8652,,True,completed
128,pkw,244.0,966.0,722.0,,2241.283,18.0,483.0,239.0,513.221,,,0.669,0.331,,True,completed
846,pkw,906.0,966.0,60.0,,607.717,0.0,0.0,60.0,4.305,,,0.0,1.0,,True,completed
242,pkw,416.0,968.0,552.0,,1761.964,0.0,370.0,182.0,388.558,,,0.6703,0.3297,,True,completed
656,pkw,772.0,968.0,196.0,,1910.49,0.0,1.0,195.0,22.345,,,0.0051,0.9949,,True,completed
531,pkw,690.0,970.0,280.0,,2149.552,0.0,35.0,245.0,64.634,,,0.125,0.875,,True,completed
578,pkw,722.0,970.0,248.0,,1622.319,0.0,48.0,200.0,71.146,,,0.1935,0.8065,,True,completed
754,pkw,840.0,972.0,132.0,,1230.936,6.0,6.0,126.0,18.761,,,0.0455,0.9545,,True,completed
544,pkw,697.0,977.0,280.0,,2140.006,5.0,64.0,216.0,84.778,,,0.2286,0.7714,,True,completed
626,pkw,749.0,984.0,235.0,,1760.848,0.0,18.0,217.0,43.465,,,0.0766,0.9234,,True,completed
530,pkw,689.0,987.0,298.0,,2321.443,1.0,34.0,264.0,86.894,,,0.1141,0.8859,,True,completed
620,pkw,747.0,987.0,240.0,,1826.261,0.0,19.0,221.0,38.466,,,0.0792,0.9208,,True,completed
659,pkw,773.0,989.0,216.0,,1060.231,63.0,79.0,137.0,102.077,,,0.3657,0.6343,,True,completed
818,pkw,891.0,989.0,98.0,,672.788,16.0,16.0,82.0,33.012,,,0.1633,0.8367,,True,completed
240,pkw,412.0,994.0,582.0,,2480.518,2.0,320.0,262.0,356.633,,,0.5498,0.4502,,True,completed
687,pkw,795.0,995.0,200.0,,1901.832,0.0,2.0,198.0,19.717,,,0.01,0.99,,True,completed
749,pkw,836.0,999.0,163.0,,1578.272,0.0,3.0,160.0,18.663,,,0.0184,0.9816,,True,completed
801,pkw,879.0,1000.0,121.0,,970.516,15.0,15.0,106.0,26.132,,,0.124,0.876,,True,completed
270,pkw,449.0,1005.0,556.0,,1302.318,89.0,378.0,178.0,430.779,,,0.6799,0.3201,,True,completed
790,pkw,865.0,1005.0,140.0,,1356.851,4.0,4.0,136.0,15.787,,,0.0286,0.9714,,True,completed
658,pkw,772.0,1006.0,234.0,,2226.196,16.0,16.0,218.0,31.339,,,0.0684,0.9316,,True,completed
739,pkw,829.0,1006.0,177.0,,1815.22,0.0,0.0,177.0,12.541,,,0.0,1.0,,True,completed
681,pkw,791.0,1007.0,216.0,,2165.196,0.0,1.0,215.0,19.208,,,0.0046,0.9954,,True,completed
611,pkw,741.0,1009.0,268.0,,2276.013,8.0,33.0,235.0,59.729,,,0.1231,0.8769,,True,completed
870,pkw,920.0,1009.0,89.0,,738.821,12.0,12.0,77.0,21.505,,,0.1348,0.8652,,True,completed
806,pkw,882.0,1010.0,128.0,,1122.773,0.0,0.0,128.0,15.97,,,0.0,1.0,,True,completed
241,pkw,414.0,1014.0,600.0,,1997.282,79.0,349.0,251.0,403.706,,,0.5817,0.4183,,True,completed
824,pkw,894.0,1014.0,120.0,,1065.343,0.0,0.0,120.0,11.829,,,0.0,1.0,,True,completed
750,pkw,837.0,1017.0,180.0,,1500.201,1.0,12.0,168.0,32.156,,,0.0667,0.9333,,True,completed
292,pkw,475.0,1018.0,543.0,,2398.202,13.0,280.0,263.0,320.269,,,0.5157,0.4843,,True,completed
814,pkw,890.0,1018.0,128.0,,1171.187,0.0,9.0,119.0,20.322,,,0.0703,0.9297,,True,completed
789,pkw,863.0,1019.0,156.0,,1473.55,6.0,6.0,150.0,17.48,,,0.0385,0.9615,,True,completed
967,pkw,974.0,1022.0,48.0,,378.736,0.0,0.0,48.0,3.745,,,0.0,1.0,,True,completed
38,pkw,65.0,1025.0,960.0,,2097.29,37.0,744.0,216.0,759.25,,,0.775,0.225,,True,completed
751,pkw,839.0,1025.0,186.0,,1906.933,0.0,0.0,186.0,11.272,,,0.0,1.0,,True,completed
729,pkw,825.0,1031.0,206.0,,1828.352,1.0,3.0,203.0,23.794,,,0.0146,0.9854,,True,completed
786,pkw,861.0,1034.0,173.0,,1491.705,0.0,8.0,165.0,31.901,,,0.0462,0.9538,,True,completed
842,pkw,904.0,1038.0,134.0,,1115.968,0.0,10.0,124.0,32.562,,,0.0746,0.9254,,True,completed
777,pkw,856.0,1042.0,186.0,,1774.981,0.0,0.0,186.0,11.248,,,0.0,1.0,,True,completed
697,pkw,803.0,1043.0,240.0,,1815.473,9.0,54.0,186.0,74.394,,,0.225,0.775,,True,completed
936,pkw,956.0,1044.0,88.0,,502.06,28.0,28.0,60.0,41.011,,,0.3182,0.6818,,True,completed
817,pkw,890.0,1048.0,158.0,,1426.845,0.0,16.0,142.0,27.926,,,0.1013,0.8987,,True,completed
261,pkw,440.0,1050.0,610.0,,1828.264,81.0,362.0,248.0,428.468,,,0.5934,0.4066,,True,completed
389,pkw,591.0,1050.0,459.0,,1781.417,1.0,268.0,191.0,297.027,,,0.5839,0.4161,,True,completed
747,pkw,834.0,1050.0,216.0,,2110.671,0.0,0.0,216.0,18.806,,,0.0,1.0,,True,completed
925,pkw,949.0,1051.0,102.0,,817.519,10.0,12.0,90.0,20.117,,,0.1176,0.8824,,True,completed
742,pkw,830.0,1052.0,222.0,,730.554,81.0,132.0,90.0,155.249,,,0.5946,0.4054,,True,completed
819,pkw,891.0,1054.0,163.0,,1096.711,18.0,35.0,128.0,55.496,,,0.2147,0.7853,,True,completed
921,pkw,945.0,1058.0,113.0,,1039.22,1.0,1.0,112.0,15.475,,,0.0088,0.9912,,True,completed
651,pkw,769.0,1059.0,290.0,,2122.499,47.0,52.0,238.0,88.285,,,0.1793,0.8207,,True,completed
709,pkw,809.0,1059.0,250.0,,1877.135,0.0,8.0,242.0,33.442,,,0.032,0.968,,True,completed
180,pkw,324.0,1060.0,736.0,,3384.869,33.0,368.0,368.0,422.229,,,0.5,0.5,,True,completed
288,pkw,470.0,1068.0,598.0,,2116.273,99.0,370.0,228.0,399.195,,,0.6187,0.3813,,True,completed
171,pkw,315.0,1069.0,754.0,,2987.448,98.0,401.0,353.0,443.442,,,0.5318,0.4682,,True,completed
5,pkw,5.0,1069.0,1064.0,,1536.71,0.0,887.0,177.0,918.435,,,0.8336,0.1664,,True,completed
157,pkw,302.0,1072.0,770.0,,1666.433,88.0,601.0,169.0,619.827,,,0.7805,0.2195,,True,completed
856,pkw,913.0,1073.0,160.0,,1391.334,0.0,21.0,139.0,33.779,,,0.1313,0.8688,,True,completed
985,pkw,987.0,1073.0,86.0,,538.589,26.0,26.0,60.0,36.527,,,0.3023,0.6977,,True,completed
896,pkw,933.0,1074.0,141.0,,998.101,10.0,10.0,131.0,33.286,,,0.0709,0.9291,,True,completed
216,pkw,377.0,1081.0,704.0,,3154.508,10.0,375.0,329.0,411.54,,,0.5327,0.4673,,True,completed
783,pkw,859.0,1083.0,224.0,,1827.949,0.0,19.0,205.0,38.453,,,0.0848,0.9152,,True,completed
960,pkw,968.0,1083.0,115.0,,1195.556,0.0,0.0,115.0,5.973,,,0.0,1.0,,True,completed
691,pkw,798.0,1088.0,290.0,,2193.397,10.0,59.0,231.0,89.702,,,0.2034,0.7966,,True,completed
532,pkw,690.0,1089.0,399.0,,2677.095,0.0,106.0,293.0,150.224,,,0.2657,0.7343,,True,completed
895,pkw,933.0,1095.0,162.0,,1118.372,45.0,45.0,117.0,56.096,,,0.2778,0.7222,,True,completed
700,pkw,805.0,1096.0,291.0,,2253.402,51.0,61.0,230.0,85.858,,,0.2096,0.7904,,True,completed
823,pkw,894.0,1096.0,202.0,,1628.509,25.0,25.0,177.0,43.573,,,0.1238,0.8762,,True,completed
146,pkw,279.0,1099.0,820.0,,1759.879,0.0,614.0,206.0,647.759,,,0.7488,0.2512,,True,completed
926,pkw,949.0,1099.0,150.0,,1146.486,25.0,25.0,125.0,40.969,,,0.1667,0.8333,,True,completed
498,pkw,665.0,1100.0,435.0,,2079.563,0.0,195.0,240.0,245.736,,,0.4483,0.5517,,True,completed
807,pkw,883.0,1101.0,218.0,,1872.448,0.0,20.0,198.0,39.612,,,0.0917,0.9083,,True,completed
612,pkw,742.0,1102.0,360.0,,2503.233,4.0,61.0,299.0,109.05,,,0.1694,0.8306,,True,completed
1185,pkw,1088.0,1104.0,16.0,,159.339,0.0,0.0,16.0,0.659,,,0.0,1.0,,True,completed
722,pkw,817.0,1104.0,287.0,,1828.39,21.0,42.0,245.0,84.096,,,0.1463,0.8537,,True,completed
941,pkw,958.0,1106.0,148.0,,1343.191,7.0,7.0,141.0,22.944,,,0.0473,0.9527,,True,completed
1025,pkw,1010.0,1108.0,98.0,,736.037,11.0,11.0,87.0,27.434,,,0.1122,0.8878,,True,completed
1013,pkw,1001.0,1117.0,116.0,,603.299,47.0,47.0,69.0,60.703,,,0.4052,0.5948,,True,completed
1152,pkw,1071.0,1117.0,46.0,,408.03,0.0,0.0,46.0,5.916,,,0.0,1.0,,True,completed
932,pkw,954.0,1120.0,166.0,,1730.13,0.0,0.0,166.0,8.017,,,0.0,1.0,,True,completed
601,pkw,736.0,1123.0,387.0,,2497.239,59.0,129.0,258.0,159.389,,,0.3333,0.6667,,True,completed
1019,pkw,1006.0,1124.0,118.0,,1061.222,0.0,0.0,118.0,11.949,,,0.0,1.0,,True,completed
784,pkw,860.0,1127.0,267.0,,2209.426,4.0,22.0,245.0,64.901,,,0.0824,0.9176,,True,completed
1063,pkw,1029.0,1131.0,102.0,,950.967,0.0,0.0,102.0,5.471,,,0.0,1.0,,True,completed
764,pkw,846.0,1132.0,286.0,,2113.109,72.0,72.0,214.0,93.795,,,0.2517,0.7483,,True,completed
853,pkw,911.0,1133.0,222.0,,1824.148,5.0,6.0,216.0,27.368,,,0.027,0.973,,True,completed
452,pkw,630.0,1134.0,504.0,,2612.632,0.0,205.0,299.0,264.877,,,0.4067,0.5933,,True,completed
959,pkw,967.0,1134.0,167.0,,1468.777,2.0,8.0,159.0,20.497,,,0.0479,0.9521,,True,completed
1111,pkw,1049.0,1135.0,86.0,,794.689,0.0,0.0,86.0,5.665,,,0.0,1.0,,True,completed
869,pkw,919.0,1135.0,216.0,,2097.708,0.0,4.0,212.0,25.608,,,0.0185,0.9815,,True,completed
1102,pkw,1045.0,1136.0,91.0,,626.91,19.0,19.0,72.0,33.578,,,0.2088,0.7912,,True,completed
1070,pkw,1030.0,1140.0,110.0,,1144.417,0.0,0.0,110.0,6.001,,,0.0,1.0,,True,completed
996,pkw,991.0,1140.0,149.0,,1157.216,0.0,0.0,149.0,11.013,,,0.0,1.0,,True,completed
798,pkw,877.0,1141.0,264.0,,1921.567,0.0,47.0,217.0,89.584,,,0.178,0.822,,True,completed
883,pkw,925.0,1141.0,216.0,,1845.423,7.0,7.0,209.0,31.143,,,0.0324,0.9676,,True,completed
1059,pkw,1027.0,1142.0,115.0,,732.341,21.0,21.0,94.0,46.857,,,0.1826,0.8174,,True,completed
858,pkw,914.0,1142.0,228.0,,2025.204,0.0,21.0,207.0,43.756,,,0.0921,0.9079,,True,completed
792,pkw,867.0,1144.0,277.0,,2386.466,2.0,19.0,258.0,59.657,,,0.0686,0.9314,,True,completed
628,pkw,751.0,1145.0,394.0,,2555.658,0.0,111.0,283.0,161.043,,,0.2817,0.7183,,True,completed
1139,pkw,1065.0,1146.0,81.0,,732.698,0.0,0.0,81.0,12.645,,,0.0,1.0,,True,completed
1118,pkw,1052.0,1148.0,96.0,,732.661,16.0,16.0,80.0,29.06,,,0.1667,0.8333,,True,completed
517,pkw,681.0,1148.0,467.0,,2694.105,13.0,181.0,286.0,219.877,,,0.3876,0.6124,,True,completed
791,pkw,866.0,1150.0,284.0,,1882.362,0.0,50.0,234.0,71.569,,,0.1761,0.8239,,True,completed
738,pkw,826.0,1154.0,328.0,,2046.462,0.0,93.0,235.0,140.495,,,0.2835,0.7165,,True,completed
1074,pkw,1034.0,1155.0,121.0,,1054.479,0.0,0.0,121.0,10.632,,,0.0,1.0,,True,completed
725,pkw,816.0,1155.0,339.0,,2273.655,13.0,100.0,239.0,124.761,,,0.295,0.705,,True,completed
173,pkw,318.0,1156.0,838.0,,2803.974,10.0,519.0,319.0,574.805,,,0.6193,0.3807,,True,completed
811,pkw,886.0,1159.0,273.0,,2210.98,2.0,40.0,233.0,71.509,,,0.1465,0.8535,,True,completed
970,pkw,976.0,1161.0,185.0,,1460.624,0.0,38.0,147.0,52.538,,,0.2054,0.7946,,True,completed
519,pkw,685.0,1162.0,477.0,,1389.921,0.0,259.0,218.0,308.31,,,0.543,0.457,,True,completed
1089,pkw,1041.0,1163.0,122.0,,1022.985,0.0,0.0,122.0,11.475,,,0.0,1.0,,True,completed
1094,pkw,1042.0,1163.0,121.0,,1150.804,5.0,5.0,116.0,15.552,,,0.0413,0.9587,,True,completed
1066,pkw,1030.0,1164.0,134.0,,1229.109,0.0,14.0,120.0,22.024,,,0.1045,0.8955,,True,completed
1065,pkw,1033.0,1170.0,137.0,,1116.862,5.0,5.0,132.0,30.903,,,0.0365,0.9635,,True,completed
873,pkw,921.0,1172.0,251.0,,2370.904,0.0,5.0,246.0,28.004,,,0.0199,0.9801,,True,completed
971,pkw,977.0,1175.0,198.0,,2035.278,0.0,0.0,198.0,13.025,,,0.0,1.0,,True,completed
47,pkw,85.0,1177.0,1092.0,,1228.48,100.0,960.0,132.0,981.368,,,0.8791,0.1209,,True,completed
289,pkw,471.0,1178.0,707.0,,3356.39,25.0,336.0,371.0,400.874,,,0.4752,0.5248,,True,completed
826,pkw,895.0,1183.0,288.0,,2125.362,0.0,30.0,258.0,53.447,,,0.1042,0.8958,,True,completed
1107,pkw,1048.0,1185.0,137.0,,754.379,39.0,39.0,98.0,65.507,,,0.2847,0.7153,,True,completed
1327,pkw,1162.0,1185.0,23.0,,135.485,5.0,5.0,18.0,9.806,,,0.2174,0.7826,,True,completed
1149,pkw,1070.0,1186.0,116.0,,1070.278,0.0,0.0,116.0,8.309,,,0.0,1.0,,True,completed
461,pkw,635.0,1186.0,551.0,,2614.791,0.0,222.0,329.0,292.732,,,0.4029,0.5971,,True,completed
66,pkw,117.0,1187.0,1070.0,,2418.279,5.0,811.0,259.0,843.351,,,0.7579,0.2421,,True,completed
576,pkw,719.0,1188.0,469.0,,2377.161,0.0,178.0,291.0,251.168,,,0.3795,0.6205,,True,completed
1096,pkw,1043.0,1189.0,146.0,,1397.012,0.0,0.0,146.0,18.373,,,0.0,1.0,,True,completed
1109,pkw,1048.0,1190.0,142.0,,1396.378,1.0,4.0,138.0,15.325,,,0.0282,0.9718,,True,completed
204,pkw,355.0,1191.0,836.0,,3422.717,84.0,452.0,384.0,522.531,,,0.5407,0.4593,,True,completed
957,pkw,966.0,1193.0,227.0,,723.347,91.0,138.0,89.0,160.898,,,0.6079,0.3921,,True,completed
1108,pkw,1048.0,1195.0,147.0,,1528.768,0.0,0.0,147.0,6.848,,,0.0,1.0,,True,completed
953,pkw,965.0,1195.0,230.0,,1812.451,0.0,47.0,183.0,64.276,,,0.2043,0.7957,,True,completed
1045,pkw,1018.0,1198.0,180.0,,1881.722,0.0,0.0,180.0,8.004,,,0.0,1.0,,True,completed
962,pkw,969.0,1199.0,230.0,,1825.601,0.0,43.0,187.0,63.363,,,0.187,0.813,,True,completed
1093,pkw,1042.0,1206.0,164.0,,1244.475,9.0,9.0,155.0,25.733,,,0.0549,0.9451,,True,completed
1296,pkw,1146.0,1212.0,66.0,,689.814,0.0,0.0,66.0,2.916,,,0.0,1.0,,True,completed
1037,pkw,1014.0,1217.0,203.0,,1743.314,16.0,16.0,187.0,32.716,,,0.0788,0.9212,,True,completed
1047,pkw,1019.0,1219.0,200.0,,1812.11,2.0,9.0,191.0,33.581,,,0.045,0.955,,True,completed
323,pkw,510.0,1219.0,709.0,,1616.38,63.0,474.0,235.0,548.874,,,0.6685,0.3315,,True,completed
1055,pkw,1024.0,1223.0,199.0,,1833.989,0.0,5.0,194.0,31.009,,,0.0251,0.9749,,True,completed
1015,pkw,1002.0,1224.0,222.0,,931.183,72.0,115.0,107.0,136.828,,,0.518,0.482,,True,completed
1249,pkw,1122.0,1224.0,102.0,,705.652,14.0,14.0,88.0,27.358,,,0.1373,0.8627,,True,completed
972,pkw,978.0,1226.0,248.0,,2032.034,38.0,38.0,210.0,63.918,,,0.1532,0.8468,,True,completed
1189,pkw,1091.0,1228.0,137.0,,1277.514,0.0,0.0,137.0,13.384,,,0.0,1.0,,True,completed
1297,pkw,1146.0,1230.0,84.0,,509.363,0.0,0.0,84.0,7.361,,,0.0,1.0,,True,completed
688,pkw,795.0,1232.0,437.0,,2435.997,0.0,165.0,272.0,200.317,,,0.3776,0.6224,,True,completed
49,pkw,90.0,1233.0,1143.0,,2129.651,38.0,919.0,224.0,949.508,,,0.804,0.196,,True,completed
1175,pkw,1082.0,1234.0,152.0,,1147.345,8.0,22.0,130.0,36.284,,,0.1447,0.8553,,True,completed
864,pkw,921.0,1235.0,314.0,,2028.355,51.0,89.0,225.0,128.585,,,0.2834,0.7166,,True,completed
489,pkw,658.0,1239.0,581.0,,101.962,93.0,565.0,16.0,563.34,,,0.9725,0.0275,,True,completed
1122,pkw,1053.0,1241.0,188.0,,1644.577,16.0,20.0,168.0,38.968,,,0.1064,0.8936,,True,completed
1261,pkw,1126.0,1242.0,116.0,,801.592,10.0,10.0,106.0,29.522,,,0.0862,0.9138,,True,completed
975,pkw,981.0,1243.0,262.0,,2017.425,0.0,0.0,262.0,22.496,,,0.0,1.0,,True,completed
912,pkw,942.0,1244.0,302.0,,1236.787,44.0,173.0,129.0,188.418,,,0.5728,0.4272,,True,completed
1181,pkw,1084.0,1246.0,162.0,,1484.395,0.0,12.0,150.0,25.955,,,0.0741,0.9259,,True,completed
863,pkw,915.0,1246.0,331.0,,2126.058,0.0,74.0,257.0,108.049,,,0.2236,0.7764,,True,completed
1197,pkw,1095.0,1247.0,152.0,,1503.11,0.0,0.0,152.0,10.459,,,0.0,1.0,,True,completed
337,pkw,530.0,1247.0,717.0,,1187.883,84.0,540.0,177.0,607.568,,,0.7531,0.2469,,True,completed
968,pkw,1023.0,1248.0,225.0,,1620.194,0.0,56.0,169.0,72.686,,,0.2489,0.7511,,True,completed
31,pkw,51.0,1254.0,1203.0,,552.584,94.0,1130.0,73.0,1152.576,,,0.9393,0.0607,,True,completed
283,pkw,466.0,1255.0,789.0,,2571.992,26.0,478.0,311.0,549.198,,,0.6058,0.3942,,True,completed
1418,pkw,1221.0,1258.0,37.0,,381.456,0.0,0.0,37.0,1.669,,,0.0,1.0,,True,completed
1042,pkw,1016.0,1259.0,243.0,,2087.874,2.0,31.0,212.0,54.089,,,0.1276,0.8724,,True,completed
1087,pkw,1039.0,1261.0,222.0,,1812.784,0.0,8.0,214.0,32.852,,,0.036,0.964,,True,completed
1378,pkw,1198.0,1261.0,63.0,,489.175,4.0,4.0,59.0,17.974,,,0.0635,0.9365,,True,completed
1416,pkw,1220.0,1263.0,43.0,,444.31,0.0,0.0,43.0,2.012,,,0.0,1.0,,True,completed
631,pkw,752.0,1269.0,517.0,,2100.634,97.0,303.0,214.0,326.478,,,0.5861,0.4139,,True,completed
1299,pkw,1147.0,1270.0,123.0,,1041.896,6.0,8.0,115.0,24.521,,,0.065,0.935,,True,completed
102,pkw,192.0,1271.0,1079.0,,1501.917,97.0,910.0,169.0,941.291,,,0.8434,0.1566,,True,completed
845,pkw,905.0,1271.0,366.0,,1121.667,96.0,231.0,135.0,247.094,,,0.6311,0.3689,,True,completed
1136,pkw,1062.0,1275.0,213.0,,2131.486,0.0,1.0,212.0,17.805,,,0.0047,0.9953,,True,completed
1228,pkw,1112.0,1278.0,166.0,,1205.914,0.0,27.0,139.0,47.385,,,0.1627,0.8373,,True,completed
1222,pkw,1108.0,1279.0,171.0,,1220.511,0.0,28.0,143.0,44.286,,,0.1637,0.8363,,True,completed
1178,pkw,1083.0,1281.0,198.0,,1902.692,0.0,0.0,198.0,20.006,,,0.0,1.0,,True,completed
942,pkw,958.0,1286.0,328.0,,1627.366,55.0,133.0,195.0,169.674,,,0.4055,0.5945,,True,completed
112,pkw,216.0,1287.0,1071.0,,1236.278,74.0,907.0,164.0,956.358,,,0.8469,0.1531,,True,completed
867,pkw,924.0,1289.0,365.0,,2022.01,53.0,135.0,230.0,181.088,,,0.3699,0.6301,,True,completed
1360,pkw,1187.0,1296.0,109.0,,726.686,20.0,20.0,89.0,29.14,,,0.1835,0.8165,,True,completed
196,pkw,341.0,1296.0,955.0,,3905.951,0.0,406.0,549.0,523.124,,,0.4251,0.5749,,True,completed
1349,pkw,1178.0,1303.0,125.0,,891.879,0.0,1.0,124.0,15.002,,,0.008,0.992,,True,completed
746,pkw,832.0,1303.0,471.0,,2718.448,0.0,183.0,288.0,218.756,,,0.3885,0.6115,,True,completed
391,pkw,594.0,1307.0,713.0,,1860.852,74.0,439.0,274.0,539.024,,,0.6157,0.3843,,True,completed
151,pkw,291.0,1308.0,1017.0,,759.23,57.0,803.0,214.0,808.143,,,0.7896,0.2104,,True,completed
1116,pkw,1051.0,1309.0,258.0,,1873.551,0.0,31.0,227.0,50.438,,,0.1202,0.8798,,True,completed
1421,pkw,1222.0,1309.0,87.0,,846.153,0.0,0.0,87.0,5.469,,,0.0,1.0,,True,completed
419,pkw,613.0,1310.0,697.0,,2728.539,0.0,404.0,293.0,449.687,,,0.5796,0.4204,,True,completed
561,pkw,710.0,1312.0,602.0,,1994.761,0.0,381.0,221.0,420.583,,,0.6329,0.3671,,True,completed
1278,pkw,1137.0,1315.0,178.0,,1495.416,0.0,13.0,165.0,30.152,,,0.073,0.927,,True,completed
1478,pkw,1274.0,1320.0,46.0,,378.952,0.0,0.0,46.0,4.925,,,0.0,1.0,,True,completed
1032,pkw,1012.0,1324.0,312.0,,2161.822,32.0,84.0,228.0,115.548,,,0.2692,0.7308,,True,completed
1407,pkw,1215.0,1326.0,111.0,,1093.186,0.0,0.0,111.0,11.612,,,0.0,1.0,,True,completed
593,pkw,730.0,1326.0,596.0,,2321.594,0.0,338.0,258.0,380.711,,,0.5671,0.4329,,True,completed
361,pkw,554.0,1328.0,774.0,,1633.111,45.0,560.0,214.0,624.748,,,0.7235,0.2765,,True,completed
1054,pkw,1024.0,1329.0,305.0,,1934.79,52.0,87.0,218.0,123.638,,,0.2852,0.7148,,True,completed
1010,pkw,1000.0,1330.0,330.0,,1653.941,51.0,130.0,200.0,169.254,,,0.3939,0.6061,,True,completed
990,pkw,990.0,1330.0,340.0,,2669.083,0.0,67.0,273.0,93.866,,,0.1971,0.8029,,True,completed
250,pkw,429.0,1332.0,903.0,,,0.0,762.0,141.0,0.0,,,0.8439,0.1561,,True,completed
1207,pkw,1101.0,1339.0,238.0,,1920.424,2.0,35.0,203.0,63.356,,,0.1471,0.8529,,True,completed
882,pkw,925.0,1346.0,421.0,,2362.374,0.0,175.0,246.0,204.685,,,0.4157,0.5843,,True,completed
134,pkw,255.0,1348.0,1093.0,,2262.914,70.0,776.0,317.0,885.168,,,0.71,0.29,,True,completed
1106,pkw,1047.0,1350.0,303.0,,2670.321,0.0,25.0,278.0,57.704,,,0.0825,0.9175,,True,completed
1344,pkw,1173.0,1350.0,177.0,,1170.946,16.0,36.0,141.0,59.201,,,0.2034,0.7966,,True,completed
1267,pkw,1130.0,1351.0,221.0,,725.544,70.0,114.0,107.0,154.7,,,0.5158,0.4842,,True,completed
1368,pkw,1191.0,1351.0,160.0,,1520.62,0.0,5.0,155.0,17.419,,,0.0312,0.9688,,True,completed
1051,pkw,1022.0,1357.0,335.0,,2148.682,0.0,99.0,236.0,133.005,,,0.2955,0.7045,,True,completed
1209,pkw,1102.0,1357.0,255.0,,1531.042,94.0,104.0,151.0,116.205,,,0.4078,0.5922,,True,completed
1443,pkw,1238.0,1357.0,119.0,,478.446,67.0,67.0,52.0,74.939,,,0.563,0.437,,True,completed
1000,pkw,995.0,1359.0,364.0,,2267.045,30.0,119.0,245.0,157.065,,,0.3269,0.6731,,True,completed
329,pkw,515.0,1359.0,844.0,,1523.695,38.0,660.0,184.0,684.901,,,0.782,0.218,,True,completed
453,pkw,632.0,1362.0,730.0,,,0.0,448.0,282.0,0.0,,,0.6137,0.3863,,True,completed
809,pkw,886.0,1362.0,476.0,,2391.842,0.0,212.0,264.0,259.275,,,0.4454,0.5546,,True,completed
1231,pkw,1111.0,1365.0,254.0,,2277.259,0.0,14.0,240.0,36.062,,,0.0551,0.9449,,True,completed
1316,pkw,1156.0,1366.0,210.0,,2046.62,0.0,3.0,207.0,22.162,,,0.0143,0.9857,,True,completed
989,pkw,990.0,1366.0,376.0,,1689.253,0.0,148.0,228.0,184.418,,,0.3936,0.6064,,True,completed
1034,pkw,1012.0,1367.0,355.0,,2361.119,0.0,107.0,248.0,140.413,,,0.3014,0.6986,,True,completed
1195,pkw,1093.0,1367.0,274.0,,2477.408,21.0,24.0,250.0,45.468,,,0.0876,0.9124,,True,completed
1225,pkw,1109.0,1375.0,266.0,,1884.459,1.0,17.0,249.0,45.808,,,0.0639,0.9361,,True,completed
1110,pkw,1049.0,1376.0,327.0,,2023.769,48.0,106.0,221.0,143.019,,,0.3242,0.6758,,True,completed
429,pkw,618.0,1376.0,758.0,,1094.99,99.0,631.0,127.0,658.853,,,0.8325,0.1675,,True,completed
474,pkw,643.0,1377.0,734.0,,1070.854,98.0,606.0,128.0,636.135,,,0.8256,0.1744,,True,completed
1400,pkw,1213.0,1381.0,168.0,,1456.264,8.0,8.0,160.0,30.161,,,0.0476,0.9524,,True,completed
1286,pkw,1142.0,1386.0,244.0,,1388.92,65.0,88.0,156.0,108.12,,,0.3607,0.6393,,True,completed
1303,pkw,1149.0,1389.0,240.0,,1392.818,63.0,84.0,156.0,104.867,,,0.35,0.65,,True,completed
899,pkw,935.0,1395.0,460.0,,2615.656,0.0,171.0,289.0,222.228,,,0.3717,0.6283,,True,completed
139,pkw,263.0,1396.0,1133.0,,2001.833,88.0,911.0,222.0,941.585,,,0.8041,0.1959,,True,completed
1504,pkw,1299.0,1396.0,97.0,,815.589,1.0,2.0,95.0,9.156,,,0.0206,0.9794,,True,completed
1213,pkw,1103.0,1398.0,295.0,,2496.482,0.0,34.0,261.0,68.1,,,0.1153,0.8847,,True,completed
1162,pkw,1076.0,1404.0,328.0,,2272.263,30.0,86.0,242.0,121.007,,,0.2622,0.7378,,True,completed
1321,pkw,1160.0,1408.0,248.0,,445.114,72.0,170.0,78.0,206.748,,,0.6855,0.3145,,True,completed
1332,pkw,1165.0,1409.0,244.0,,1598.845,6.0,32.0,212.0,59.103,,,0.1311,0.8689,,True,completed
327,pkw,512.0,1410.0,898.0,,2193.289,89.0,649.0,249.0,699.295,,,0.7227,0.2773,,True,completed
302,pkw,484.0,1412.0,928.0,,1806.806,99.0,738.0,190.0,745.262,,,0.7953,0.2047,,True,completed
1199,pkw,1095.0,1413.0,318.0,,2361.925,22.0,71.0,247.0,103.923,,,0.2233,0.7767,,True,completed
1301,pkw,1149.0,1413.0,264.0,,2215.243,26.0,31.0,233.0,60.253,,,0.1174,0.8826,,True,completed
1243,pkw,1117.0,1415.0,298.0,,2357.887,21.0,54.0,244.0,83.289,,,0.1812,0.8188,,True,completed
1409,pkw,1217.0,1415.0,198.0,,1928.621,0.0,0.0,198.0,16.812,,,0.0,1.0,,True,completed
1446,pkw,1239.0,1417.0,178.0,,1812.942,0.0,0.0,178.0,12.485,,,0.0,1.0,,True,completed
767,pkw,849.0,1417.0,568.0,,2481.613,9.0,294.0,274.0,341.71,,,0.5176,0.4824,,True,completed
1447,pkw,1240.0,1420.0,180.0,,1809.435,0.0,0.0,180.0,14.008,,,0.0,1.0,,True,completed
685,pkw,793.0,1421.0,628.0,,2603.668,90.0,344.0,284.0,382.21,,,0.5478,0.4522,,True,completed
1252,pkw,1123.0,1423.0,300.0,,2688.152,0.0,14.0,286.0,54.506,,,0.0467,0.9533,,True,completed
95,pkw,181.0,1427.0,1246.0,,1256.502,51.0,882.0,364.0,947.949,,,0.7079,0.2921,,True,completed
1348,pkw,1177.0,1428.0,251.0,,2327.872,0.0,0.0,251.0,29.612,,,0.0,1.0,,True,completed
1338,pkw,1167.0,1429.0,262.0,,2079.63,8.0,48.0,214.0,73.008,,,0.1832,0.8168,,True,completed
56,pkw,98.0,1433.0,1335.0,,2110.281,0.0,1086.0,249.0,1107.171,,,0.8135,0.1865,,True,completed
233,pkw,401.0,1434.0,1033.0,,2187.059,1.0,742.0,291.0,771.145,,,0.7183,0.2817,,True,completed
1455,pkw,1249.0,1436.0,187.0,,1139.585,67.0,67.0,120.0,79.529,,,0.3583,0.6417,,True,completed
1112,pkw,1049.0,1437.0,388.0,,2145.291,3.0,165.0,223.0,192.277,,,0.4253,0.5747,,True,completed
1515,pkw,1310.0,1437.0,127.0,,1278.802,0.0,0.0,127.0,7.856,,,0.0,1.0,,True,completed
1141,pkw,1066.0,1442.0,376.0,,2582.789,0.0,67.0,309.0,109.536,,,0.1782,0.8218,,True,completed
607,pkw,739.0,1450.0,711.0,,2202.597,0.0,376.0,335.0,477.032,,,0.5288,0.4712,,True,completed
1033,pkw,1012.0,1455.0,443.0,,1494.805,9.0,249.0,194.0,298.46,,,0.5621,0.4379,,True,completed
25,pkw,43.0,1459.0,1416.0,,3374.231,4.0,996.0,420.0,1070.454,,,0.7034,0.2966,,True,completed
57,pkw,100.0,1480.0,1380.0,,1579.15,100.0,1161.0,219.0,1215.001,,,0.8413,0.1587,,True,completed
1127,pkw,1055.0,1485.0,430.0,,1698.487,0.0,253.0,177.0,275.797,,,0.5884,0.4116,,True,completed
84,pkw,150.0,1486.0,1336.0,,2876.51,100.0,935.0,401.0,993.707,,,0.6999,0.3001,,True,completed
1458,pkw,1251.0,1488.0,237.0,,1815.28,0.0,0.0,237.0,18.73,,,0.0,1.0,,True,completed
1314,pkw,1156.0,1492.0,336.0,,2612.657,0.0,65.0,271.0,95.12,,,0.1935,0.8065,,True,completed
1324,pkw,1161.0,1493.0,332.0,,2120.678,0.0,69.0,263.0,88.575,,,0.2078,0.7922,,True,completed
149,pkw,290.0,1493.0,1203.0,,2583.299,0.0,895.0,308.0,967.535,,,0.744,0.256,,True,completed
1271,pkw,1132.0,1494.0,362.0,,2717.561,0.0,55.0,307.0,92.203,,,0.1519,0.8481,,True,completed
133,pkw,251.0,1495.0,1244.0,,2484.258,93.0,978.0,266.0,1014.32,,,0.7862,0.2138,,True,completed
70,pkw,128.0,1496.0,1368.0,,3147.62,0.0,1011.0,357.0,1068.421,,,0.739,0.261,,True,completed
471,pkw,639.0,1502.0,863.0,,2253.162,0.0,548.0,315.0,657.768,,,0.635,0.365,,True,completed
1555,pkw,1342.0,1504.0,162.0,,1155.391,12.0,39.0,123.0,56.542,,,0.2407,0.7593,,True,completed
1645,pkw,1415.0,1504.0,89.0,,894.543,0.0,0.0,89.0,5.727,,,0.0,1.0,,True,completed
1376,pkw,1195.0,1505.0,310.0,,2126.267,0.0,12.0,298.0,45.278,,,0.0387,0.9613,,True,completed
1625,pkw,1401.0,1511.0,110.0,,1029.036,0.0,0.0,110.0,8.248,,,0.0,1.0,,True,completed
1436,pkw,1233.0,1515.0,282.0,,2244.992,0.0,10.0,272.0,55.405,,,0.0355,0.9645,,True,completed
1644,pkw,1415.0,1516.0,101.0,,740.864,21.0,21.0,80.0,32.233,,,0.2079,0.7921,,True,completed
1679,pkw,1442.0,1519.0,77.0,,733.786,0.0,0.0,77.0,8.943,,,0.0,1.0,,True,completed
21,pkw,35.0,1520.0,1485.0,,2900.809,58.0,1161.0,324.0,1215.293,,,0.7818,0.2182,,True,completed
1624,pkw,1398.0,1521.0,123.0,,730.182,32.0,35.0,88.0,51.46,,,0.2846,0.7154,,True,completed
1619,pkw,1395.0,1534.0,139.0,,1126.803,9.0,9.0,130.0,24.033,,,0.0647,0.9353,,True,completed
395,pkw,599.0,1538.0,939.0,,2517.007,99.0,610.0,329.0,695.152,,,0.6496,0.3504,,True,completed
1577,pkw,1355.0,1539.0,184.0,,1488.396,0.0,0.0,184.0,22.653,,,0.0,1.0,,True,completed
1294,pkw,1146.0,1540.0,394.0,,2138.33,4.0,119.0,275.0,159.249,,,0.302,0.698,,True,completed
1073,pkw,1032.0,1546.0,514.0,,1891.714,86.0,311.0,203.0,330.399,,,0.6051,0.3949,,True,completed
1312,pkw,1154.0,1546.0,392.0,,2579.206,0.0,85.0,307.0,108.378,,,0.2168,0.7832,,True,completed
307,pkw,491.0,1546.0,1055.0,,1676.992,91.0,758.0,297.0,789.206,,,0.7185,0.2815,,True,completed
1076,pkw,1035.0,1556.0,521.0,,1525.996,75.0,350.0,171.0,359.9,,,0.6718,0.3282,,True,completed
1520,pkw,1316.0,1556.0,240.0,,1522.002,0.0,85.0,155.0,98.398,,,0.3542,0.6458,,True,completed
1561,pkw,1347.0,1557.0,210.0,,2068.25,0.0,7.0,203.0,21.369,,,0.0333,0.9667,,True,completed
1151,pkw,1071.0,1558.0,487.0,,2829.456,0.0,167.0,320.0,230.15,,,0.3429,0.6571,,True,completed
1524,pkw,1319.0,1558.0,239.0,,1522.586,0.0,84.0,155.0,98.375,,,0.3515,0.6485,,True,completed
1570,pkw,1351.0,1563.0,212.0,,1432.478,0.0,54.0,158.0,73.538,,,0.2547,0.7453,,True,completed
1535,pkw,1328.0,1567.0,239.0,,1887.8,6.0,6.0,233.0,26.7,,,0.0251,0.9749,,True,completed
1212,pkw,1103.0,1568.0,465.0,,2409.42,3.0,197.0,268.0,246.137,,,0.4237,0.5763,,True,completed
91,pkw,173.0,1576.0,1403.0,,1243.37,97.0,1243.0,160.0,1281.313,,,0.886,0.114,,True,completed
443,pkw,624.0,1577.0,953.0,,1565.214,54.0,785.0,168.0,792.443,,,0.8237,0.1763,,True,completed
325,pkw,512.0,1578.0,1066.0,,645.81,100.0,967.0,99.0,993.658,,,0.9071,0.0929,,True,completed
1306,pkw,1150.0,1580.0,430.0,,2269.862,14.0,161.0,269.0,222.907,,,0.3744,0.6256,,True,completed
1305,pkw,1150.0,1581.0,431.0,,2284.932,14.0,158.0,273.0,213.54,,,0.3666,0.6334,,True,completed
1634,pkw,1408.0,1584.0,176.0,,1051.509,0.0,38.0,138.0,59.597,,,0.2159,0.7841,,True,completed
1767,pkw,1533.0,1587.0,54.0,,442.559,3.0,3.0,51.0,13.169,,,0.0556,0.9444,,True,completed
1659,pkw,1427.0,1594.0,167.0,,1040.773,62.0,62.0,105.0,70.758,,,0.3713,0.6287,,True,completed
1652,pkw,1423.0,1602.0,179.0,,1568.75,0.0,22.0,157.0,34.887,,,0.1229,0.8771,,True,completed
1601,pkw,1380.0,1610.0,230.0,,2081.748,9.0,19.0,211.0,40.727,,,0.0826,0.9174,,True,completed
1590,pkw,1371.0,1611.0,240.0,,2024.216,0.0,36.0,204.0,56.067,,,0.15,0.85,,True,completed
1736,pkw,1494.0,1611.0,117.0,,1059.67,0.0,0.0,117.0,12.136,,,0.0,1.0,,True,completed
1549,pkw,1336.0,1612.0,276.0,,1490.417,69.0,110.0,166.0,127.777,,,0.3986,0.6014,,True,completed
1566,pkw,1349.0,1619.0,270.0,,1924.11,2.0,78.0,192.0,94.977,,,0.2889,0.7111,,True,completed
1672,pkw,1439.0,1625.0,186.0,,1909.015,0.0,0.0,186.0,11.486,,,0.0,1.0,,True,completed
1716,pkw,1470.0,1627.0,157.0,,1426.981,9.0,9.0,148.0,25.772,,,0.0573,0.9427,,True,completed
711,pkw,809.0,1629.0,820.0,,2596.183,16.0,533.0,287.0,572.629,,,0.65,0.35,,True,completed
1648,pkw,1417.0,1632.0,215.0,,1780.517,25.0,25.0,190.0,44.879,,,0.1163,0.8837,,True,completed
1493,pkw,1290.0,1634.0,344.0,,2677.208,0.0,60.0,284.0,93.019,,,0.1744,0.8256,,True,completed
1628,pkw,1443.0,1643.0,200.0,,1624.679,0.0,6.0,194.0,30.453,,,0.03,0.97,,True,completed
1798,pkw,1574.0,1647.0,73.0,,378.009,17.0,17.0,56.0,28.016,,,0.2329,0.7671,,True,completed
1661,pkw,1430.0,1653.0,223.0,,1908.661,0.0,2.0,221.0,18.478,,,0.009,0.991,,True,completed
1745,pkw,1505.0,1655.0,150.0,,1098.592,36.0,36.0,114.0,48.239,,,0.24,0.76,,True,completed
1637,pkw,1409.0,1658.0,249.0,,893.361,33.0,136.0,113.0,139.729,,,0.5462,0.4538,,True,completed
1593,pkw,1372.0,1670.0,298.0,,2360.265,0.0,55.0,243.0,80.723,,,0.1846,0.8154,,True,completed
1617,pkw,1395.0,1674.0,279.0,,1519.041,0.0,120.0,159.0,128.166,,,0.4301,0.5699,,True,completed
343,pkw,536.0,1698.0,1162.0,,1549.447,93.0,981.0,181.0,1021.579,,,0.8442,0.1558,,True,completed
316,pkw,502.0,1702.0,1200.0,,1601.094,88.0,1021.0,179.0,1045.195,,,0.8508,0.1492,,True,completed
35,pkw,56.0,1705.0,1649.0,,2289.72,100.0,1373.0,276.0,1429.398,,,0.8326,0.1674,,True,completed
1821,pkw,1606.0,1706.0,100.0,,1054.74,0.0,0.0,100.0,4.072,,,0.0,1.0,,True,completed
1744,pkw,1503.0,1710.0,207.0,,2137.767,0.0,0.0,207.0,11.196,,,0.0,1.0,,True,completed
705,pkw,807.0,1710.0,903.0,,2303.202,38.0,466.0,437.0,494.333,,,0.5161,0.4839,,True,completed
1764,pkw,1530.0,1724.0,194.0,,1895.29,0.0,4.0,190.0,20.442,,,0.0206,0.9794,,True,completed
1769,pkw,1535.0,1727.0,192.0,,1895.536,0.0,0.0,192.0,18.065,,,0.0,1.0,,True,completed
662,pkw,776.0,1732.0,956.0,,1517.504,49.0,686.0,270.0,732.163,,,0.7176,0.2824,,True,completed
1600,pkw,1380.0,1733.0,353.0,,2926.344,0.0,46.0,307.0,80.439,,,0.1303,0.8697,,True,completed
1698,pkw,1456.0,1733.0,277.0,,1927.569,0.0,82.0,195.0,101.667,,,0.296,0.704,,True,completed
421,pkw,613.0,1734.0,1121.0,,2003.772,48.0,905.0,216.0,939.143,,,0.8073,0.1927,,True,completed
1666,pkw,1432.0,1738.0,306.0,,2713.294,0.0,12.0,294.0,42.904,,,0.0392,0.9608,,True,completed
72,pkw,129.0,1739.0,1610.0,,2404.128,100.0,1355.0,255.0,1388.894,,,0.8416,0.1584,,True,completed
1664,pkw,1431.0,1744.0,313.0,,1882.235,0.0,86.0,227.0,105.275,,,0.2748,0.7252,,True,completed
303,pkw,484.0,1747.0,1263.0,,1992.541,56.0,1008.0,255.0,1056.438,,,0.7981,0.2019,,True,completed
1900,pkw,1698.0,1749.0,51.0,,502.783,0.0,0.0,51.0,3.389,,,0.0,1.0,,True,completed
641,pkw,762.0,1759.0,997.0,,,0.0,512.0,485.0,0.0,,,0.5135,0.4865,,True,completed
1275,pkw,1134.0,1762.0,628.0,,2111.618,92.0,368.0,260.0,417.669,,,0.586,0.414,,True,completed
1119,pkw,1053.0,1764.0,711.0,,2956.822,92.0,341.0,370.0,405.441,,,0.4796,0.5204,,True,completed
1696,pkw,1454.0,1764.0,310.0,,1658.71,0.0,85.0,225.0,106.586,,,0.2742,0.7258,,True,completed
1389,pkw,1204.0,1766.0,562.0,,2106.229,90.0,295.0,267.0,348.179,,,0.5249,0.4751,,True,completed
1442,pkw,1238.0,1769.0,531.0,,1786.814,88.0,293.0,238.0,360.375,,,0.5518,0.4482,,True,completed
1712,pkw,1466.0,1769.0,303.0,,1874.253,0.0,64.0,239.0,91.275,,,0.2112,0.7888,,True,completed
1273,pkw,1133.0,1771.0,638.0,,1948.947,84.0,436.0,202.0,460.684,,,0.6834,0.3166,,True,completed
1841,pkw,1634.0,1771.0,137.0,,1220.297,0.0,0.0,137.0,12.26,,,0.0,1.0,,True,completed
1635,pkw,1409.0,1774.0,365.0,,2339.996,0.0,128.0,237.0,151.915,,,0.3507,0.6493,,True,completed
582,pkw,724.0,1780.0,1056.0,,2377.396,97.0,660.0,396.0,707.792,,,0.625,0.375,,True,completed
273,pkw,450.0,1785.0,1335.0,,1629.73,100.0,1077.0,258.0,1126.528,,,0.8067,0.1933,,True,completed
1168,pkw,1080.0,1788.0,708.0,,1051.84,100.0,439.0,269.0,455.88,,,0.6201,0.3799,,True,completed
208,pkw,365.0,1788.0,1423.0,,1815.16,100.0,1195.0,228.0,1232.258,,,0.8398,0.1602,,True,completed
1730,pkw,1490.0,1792.0,302.0,,2305.337,0.0,50.0,252.0,75.542,,,0.1656,0.8344,,True,completed
1806,pkw,1590.0,1795.0,205.0,,1836.857,0.0,14.0,191.0,28.749,,,0.0683,0.9317,,True,completed
1922,pkw,1716.0,1795.0,79.0,,458.314,29.0,29.0,50.0,36.272,,,0.3671,0.6329,,True,completed
1002,pkw,997.0,,803.0,,957.583,100.0,622.0,181.0,676.015,,,0.7746,0.2254,,False,on_map_at_end
1003,pkw,998.0,,802.0,,2032.937,94.0,579.0,223.0,619.034,,,0.7219,0.2781,,False,on_map_at_end
1004,pkw,998.0,,802.0,,503.098,100.0,715.0,87.0,756.721,,,0.8915,0.1085,,False,on_map_at_end
1005,pkw,998.0,,802.0,,72.375,100.0,773.0,29.0,794.821,,,0.9638,0.0362,,False,on_map_at_end
1006,pkw,1000.0,,800.0,,1085.443,100.0,641.0,159.0,684.565,,,0.8013,0.1987,,False,on_map_at_end
1007,pkw,1000.0,,800.0,,97.449,100.0,779.0,21.0,788.729,,,0.9738,0.0262,,False,on_map_at_end
1008,pkw,1000.0,,800.0,,84.557,100.0,773.0,27.0,792.39,,,0.9663,0.0337,,False,on_map_at_end
1009,pkw,1000.0,,800.0,,735.157,91.0,669.0,131.0,723.681,,,0.8363,0.1637,,False,on_map_at_end
101,pkw,188.0,,1612.0,,1035.934,94.0,1462.0,150.0,1517.766,,,0.9069,0.0931,,False,on_map_at_end
1011,pkw,1001.0,,799.0,,989.857,98.0,669.0,130.0,700.873,,,0.8373,0.1627,,False,on_map_at_end
1012,pkw,1001.0,,799.0,,285.669,100.0,745.0,54.0,772.654,,,0.9324,0.0676,,False,on_map_at_end
1017,pkw,1005.0,,795.0,,385.852,100.0,727.0,68.0,756.413,,,0.9145,0.0855,,False,on_map_at_end
1018,pkw,1006.0,,794.0,,245.02,99.0,743.0,51.0,771.948,,,0.9358,0.0642,,False,on_map_at_end
1020,pkw,1007.0,,793.0,,592.537,93.0,715.0,78.0,739.111,,,0.9016,0.0984,,False,on_map_at_end
1021,pkw,1012.0,,788.0,,421.03,100.0,714.0,74.0,749.771,,,0.9061,0.0939,,False,on_map_at_end
1022,pkw,1008.0,,792.0,,1613.376,97.0,607.0,185.0,641.303,,,0.7664,0.2336,,False,on_map_at_end
1023,pkw,1008.0,,792.0,,982.031,100.0,664.0,128.0,695.419,,,0.8384,0.1616,,False,on_map_at_end
1024,pkw,1090.0,,710.0,,501.682,100.0,620.0,90.0,655.563,,,0.8732,0.1268,,False,on_map_at_end
1026,pkw,1009.0,,791.0,,1445.461,91.0,581.0,210.0,643.126,,,0.7345,0.2655,,False,on_map_at_end
1027,pkw,1009.0,,791.0,,617.195,100.0,636.0,155.0,735.276,,,0.804,0.196,,False,on_map_at_end
1028,pkw,1010.0,,790.0,,570.806,94.0,716.0,74.0,736.663,,,0.9063,0.0937,,False,on_map_at_end
1029,pkw,1010.0,,790.0,,165.863,100.0,759.0,31.0,775.072,,,0.9608,0.0392,,False,on_map_at_end
103,pkw,195.0,,1605.0,,95.379,100.0,1562.0,43.0,1596.416,,,0.9732,0.0268,,False,on_map_at_end
1030,pkw,1011.0,,789.0,,64.874,100.0,758.0,31.0,782.627,,,0.9607,0.0393,,False,on_map_at_end
1031,pkw,1011.0,,789.0,,1113.044,92.0,612.0,177.0,660.949,,,0.7757,0.2243,,False,on_map_at_end
1035,pkw,1015.0,,785.0,,152.228,100.0,742.0,43.0,771.299,,,0.9452,0.0548,,False,on_map_at_end
1036,pkw,1014.0,,786.0,,87.128,100.0,752.0,34.0,777.537,,,0.9567,0.0433,,False,on_map_at_end
1038,pkw,1015.0,,785.0,,57.373,100.0,754.0,31.0,779.133,,,0.9605,0.0395,,False,on_map_at_end
1039,pkw,1015.0,,785.0,,609.694,99.0,626.0,159.0,729.435,,,0.7975,0.2025,,False,on_map_at_end
104,pkw,196.0,,1604.0,,1528.803,92.0,1406.0,198.0,1442.922,,,0.8766,0.1234,,False,on_map_at_end
1040,pkw,1016.0,,784.0,,1458.356,100.0,604.0,180.0,639.469,,,0.7704,0.2296,,False,on_map_at_end
1041,pkw,1016.0,,784.0,,493.686,100.0,700.0,84.0,719.995,,,0.8929,0.1071,,False,on_map_at_end
1044,pkw,1017.0,,783.0,,267.523,100.0,723.0,60.0,758.923,,,0.9234,0.0766,,False,on_map_at_end
1048,pkw,1020.0,,780.0,,2062.374,93.0,557.0,223.0,593.866,,,0.7141,0.2859,,False,on_map_at_end
1049,pkw,1021.0,,779.0,,396.109,100.0,706.0,73.0,743.35,,,0.9063,0.0937,,False,on_map_at_end
1052,pkw,1022.0,,778.0,,1918.836,99.0,577.0,201.0,601.0,,,0.7416,0.2584,,False,on_map_at_end
1053,pkw,1023.0,,777.0,,1134.451,98.0,612.0,165.0,660.222,,,0.7876,0.2124,,False,on_map_at_end
1056,pkw,1024.0,,776.0,,2097.622,100.0,553.0,223.0,586.826,,,0.7126,0.2874,,False,on_map_at_end
1057,pkw,1024.0,,776.0,,1378.936,89.0,612.0,164.0,651.895,,,0.7887,0.2113,,False,on_map_at_end
1058,pkw,1026.0,,774.0,,79.627,100.0,738.0,36.0,766.489,,,0.9535,0.0465,,False,on_map_at_end
106,pkw,202.0,,1598.0,,245.339,100.0,1553.0,45.0,1575.919,,,0.9718,0.0282,,False,on_map_at_end
1060,pkw,1028.0,,772.0,,1468.398,99.0,598.0,174.0,639.417,,,0.7746,0.2254,,False,on_map_at_end
1061,pkw,1028.0,,772.0,,1742.97,100.0,532.0,240.0,604.899,,,0.6891,0.3109,,False,on_map_at_end
1062,pkw,1029.0,,771.0,,1000.479,100.0,656.0,115.0,680.523,,,0.8508,0.1492,,False,on_map_at_end
1064,pkw,1029.0,,771.0,,299.089,100.0,728.0,43.0,744.339,,,0.9442,0.0558,,False,on_map_at_end
1067,pkw,1030.0,,770.0,,233.154,100.0,710.0,60.0,746.158,,,0.9221,0.0779,,False,on_map_at_end
1068,pkw,1030.0,,770.0,,903.978,100.0,672.0,98.0,672.339,,,0.8727,0.1273,,False,on_map_at_end
1069,pkw,1030.0,,770.0,,594.692,97.0,622.0,148.0,715.909,,,0.8078,0.1922,,False,on_map_at_end
1072,pkw,1032.0,,768.0,,511.146,94.0,651.0,117.0,721.604,,,0.8477,0.1523,,False,on_map_at_end
1077,pkw,1035.0,,765.0,,720.155,91.0,631.0,134.0,689.489,,,0.8248,0.1752,,False,on_map_at_end
1078,pkw,1035.0,,765.0,,519.579,100.0,683.0,82.0,717.978,,,0.8928,0.1072,,False,on_map_at_end
1079,pkw,1036.0,,764.0,,218.169,100.0,729.0,35.0,744.362,,,0.9542,0.0458,,False,on_map_at_end
108,pkw,209.0,,1591.0,,678.722,100.0,1499.0,92.0,1526.791,,,0.9422,0.0578,,False,on_map_at_end
1080,pkw,1036.0,,764.0,,77.056,100.0,734.0,30.0,757.065,,,0.9607,0.0393,,False,on_map_at_end
1081,pkw,1037.0,,763.0,,1215.86,100.0,608.0,155.0,643.596,,,0.7969,0.2031,,False,on_map_at_end
1082,pkw,1037.0,,763.0,,1869.39,82.0,537.0,226.0,589.651,,,0.7038,0.2962,,False,on_map_at_end
1083,pkw,1039.0,,761.0,,260.022,100.0,709.0,52.0,737.299,,,0.9317,0.0683,,False,on_map_at_end
1084,pkw,1037.0,,763.0,,447.033,100.0,684.0,79.0,722.598,,,0.8965,0.1035,,False,on_map_at_end
1085,pkw,1043.0,,757.0,,1117.308,97.0,595.0,162.0,647.315,,,0.786,0.214,,False,on_map_at_end
1086,pkw,1038.0,,762.0,,289.337,100.0,704.0,58.0,735.369,,,0.9239,0.0761,,False,on_map_at_end
1088,pkw,1040.0,,760.0,,627.005,100.0,659.0,101.0,684.814,,,0.8671,0.1329,,False,on_map_at_end
1090,pkw,1040.0,,760.0,,2069.875,100.0,537.0,223.0,573.459,,,0.7066,0.2934,,False,on_map_at_end
1091,pkw,1063.0,,737.0,,258.522,100.0,633.0,104.0,713.733,,,0.8589,0.1411,,False,on_map_at_end
1092,pkw,1041.0,,759.0,,577.535,92.0,686.0,73.0,706.281,,,0.9038,0.0962,,False,on_map_at_end
1095,pkw,1042.0,,758.0,,270.667,100.0,703.0,55.0,732.902,,,0.9274,0.0726,,False,on_map_at_end
1098,pkw,1043.0,,757.0,,552.409,96.0,687.0,70.0,707.283,,,0.9075,0.0925,,False,on_map_at_end
1099,pkw,1044.0,,756.0,,173.364,100.0,721.0,35.0,740.397,,,0.9537,0.0463,,False,on_map_at_end
1100,pkw,1044.0,,756.0,,1766.797,100.0,557.0,199.0,588.778,,,0.7368,0.2632,,False,on_map_at_end
1101,pkw,1044.0,,756.0,,1141.435,100.0,612.0,144.0,652.661,,,0.8095,0.1905,,False,on_map_at_end
1103,pkw,1046.0,,754.0,,401.24,100.0,686.0,68.0,717.888,,,0.9098,0.0902,,False,on_map_at_end
1105,pkw,1047.0,,753.0,,477.889,100.0,678.0,75.0,696.362,,,0.9004,0.0996,,False,on_map_at_end
1113,pkw,1049.0,,751.0,,1445.285,100.0,580.0,171.0,620.362,,,0.7723,0.2277,,False,on_map_at_end
1114,pkw,1050.0,,750.0,,1425.008,100.0,574.0,176.0,605.692,,,0.7653,0.2347,,False,on_map_at_end
1115,pkw,1050.0,,750.0,,72.126,100.0,711.0,39.0,742.818,,,0.948,0.052,,False,on_map_at_end
1120,pkw,1053.0,,747.0,,2054.873,100.0,533.0,214.0,561.373,,,0.7135,0.2865,,False,on_map_at_end
1121,pkw,1053.0,,747.0,,1566.844,100.0,564.0,183.0,603.214,,,0.755,0.245,,False,on_map_at_end
1123,pkw,1054.0,,746.0,,137.105,100.0,703.0,43.0,733.564,,,0.9424,0.0576,,False,on_map_at_end
1124,pkw,1054.0,,746.0,,1077.443,84.0,597.0,149.0,642.253,,,0.8003,0.1997,,False,on_map_at_end
1126,pkw,1055.0,,745.0,,1586.101,100.0,574.0,171.0,596.275,,,0.7705,0.2295,,False,on_map_at_end
1128,pkw,1055.0,,745.0,,807.833,99.0,649.0,96.0,670.563,,,0.8711,0.1289,,False,on_map_at_end
1129,pkw,1055.0,,745.0,,243.977,100.0,679.0,66.0,707.773,,,0.9114,0.0886,,False,on_map_at_end
113,pkw,218.0,,1582.0,,1385.71,94.0,1402.0,180.0,1455.967,,,0.8862,0.1138,,False,on_map_at_end
1130,pkw,1056.0,,744.0,,544.908,96.0,672.0,72.0,694.958,,,0.9032,0.0968,,False,on_map_at_end
1131,pkw,1058.0,,742.0,,1188.965,100.0,582.0,160.0,634.083,,,0.7844,0.2156,,False,on_map_at_end
1132,pkw,1058.0,,742.0,,263.165,100.0,691.0,51.0,718.004,,,0.9313,0.0687,,False,on_map_at_end
1133,pkw,1058.0,,742.0,,495.596,100.0,647.0,95.0,697.396,,,0.872,0.128,,False,on_map_at_end
1134,pkw,1061.0,,739.0,,202.468,100.0,684.0,55.0,720.383,,,0.9256,0.0744,,False,on_map_at_end
1137,pkw,1063.0,,737.0,,1592.343,91.0,556.0,181.0,585.417,,,0.7544,0.2456,,False,on_map_at_end
1138,pkw,1065.0,,735.0,,619.725,92.0,646.0,89.0,676.359,,,0.8789,0.1211,,False,on_map_at_end
1140,pkw,1066.0,,734.0,,485.925,100.0,637.0,97.0,690.266,,,0.8678,0.1322,,False,on_map_at_end
1143,pkw,1067.0,,733.0,,1226.474,100.0,571.0,162.0,621.361,,,0.779,0.221,,False,on_map_at_end
1144,pkw,1068.0,,732.0,,461.923,100.0,656.0,76.0,672.392,,,0.8962,0.1038,,False,on_map_at_end
1145,pkw,1068.0,,732.0,,1441.949,100.0,523.0,209.0,595.914,,,0.7145,0.2855,,False,on_map_at_end
1146,pkw,1069.0,,731.0,,64.625,100.0,688.0,43.0,724.863,,,0.9412,0.0588,,False,on_map_at_end
1147,pkw,1069.0,,731.0,,1107.946,100.0,586.0,145.0,619.904,,,0.8016,0.1984,,False,on_map_at_end
1148,pkw,1069.0,,731.0,,920.078,100.0,573.0,158.0,607.218,,,0.7839,0.2161,,False,on_map_at_end
115,pkw,224.0,,1576.0,,191.588,100.0,1527.0,49.0,1550.883,,,0.9689,0.0311,,False,on_map_at_end
1150,pkw,1070.0,,730.0,,1228.014,100.0,587.0,143.0,618.634,,,0.8041,0.1959,,False,on_map_at_end
1153,pkw,1071.0,,729.0,,1219.819,94.0,560.0,169.0,608.772,,,0.7682,0.2318,,False,on_map_at_end
1154,pkw,1072.0,,728.0,,373.734,100.0,664.0,64.0,688.918,,,0.9121,0.0879,,False,on_map_at_end
1155,pkw,1072.0,,728.0,,900.899,100.0,622.0,106.0,646.058,,,0.8544,0.1456,,False,on_map_at_end
1156,pkw,1072.0,,728.0,,537.407,95.0,655.0,73.0,679.633,,,0.8997,0.1003,,False,on_map_at_end
1157,pkw,1073.0,,727.0,,2496.958,100.0,462.0,265.0,499.542,,,0.6355,0.3645,,False,on_map_at_end
1158,pkw,1073.0,,727.0,,609.764,100.0,629.0,98.0,652.405,,,0.8652,0.1348,,False,on_map_at_end
1159,pkw,1075.0,,725.0,,874.073,100.0,594.0,131.0,642.441,,,0.8193,0.1807,,False,on_map_at_end
116,pkw,230.0,,1570.0,,107.778,100.0,1521.0,49.0,1560.3,,,0.9688,0.0312,,False,on_map_at_end
1160,pkw,1075.0,,725.0,,1089.715,89.0,597.0,128.0,626.494,,,0.8234,0.1766,,False,on_map_at_end
1161,pkw,1075.0,,725.0,,210.668,100.0,686.0,39.0,705.545,,,0.9462,0.0538,,False,on_map_at_end
1163,pkw,1076.0,,724.0,,678.555,95.0,600.0,124.0,652.04,,,0.8287,0.1713,,False,on_map_at_end
1164,pkw,1077.0,,723.0,,537.124,100.0,635.0,88.0,666.635,,,0.8783,0.1217,,False,on_map_at_end
1165,pkw,1078.0,,722.0,,568.254,100.0,636.0,86.0,662.031,,,0.8809,0.1191,,False,on_map_at_end
1166,pkw,1078.0,,722.0,,940.467,100.0,612.0,110.0,634.912,,,0.8476,0.1524,,False,on_map_at_end
1167,pkw,1080.0,,720.0,,266.833,100.0,664.0,56.0,695.364,,,0.9222,0.0778,,False,on_map_at_end
1169,pkw,1080.0,,720.0,,551.756,100.0,630.0,90.0,660.58,,,0.875,0.125,,False,on_map_at_end
117,pkw,231.0,,1569.0,,218.659,100.0,1507.0,62.0,1548.545,,,0.9605,0.0395,,False,on_map_at_end
1170,pkw,1080.0,,720.0,,529.906,95.0,650.0,70.0,672.308,,,0.9028,0.0972,,False,on_map_at_end
1171,pkw,1081.0,,719.0,,1283.918,81.0,510.0,209.0,548.094,,,0.7093,0.2907,,False,on_map_at_end
1173,pkw,1081.0,,719.0,,252.521,100.0,670.0,49.0,696.273,,,0.9318,0.0682,,False,on_map_at_end
1176,pkw,1082.0,,718.0,,245.02,100.0,667.0,51.0,695.948,,,0.929,0.071,,False,on_map_at_end
1177,pkw,1082.0,,718.0,,462.887,100.0,625.0,93.0,643.857,,,0.8705,0.1295,,False,on_map_at_end
1179,pkw,1083.0,,717.0,,1555.658,100.0,559.0,158.0,576.605,,,0.7796,0.2204,,False,on_map_at_end
1180,pkw,1083.0,,717.0,,989.359,96.0,599.0,118.0,621.421,,,0.8354,0.1646,,False,on_map_at_end
1182,pkw,1084.0,,716.0,,1055.439,100.0,577.0,139.0,610.703,,,0.8059,0.1941,,False,on_map_at_end
1183,pkw,1085.0,,715.0,,443.094,100.0,644.0,71.0,674.777,,,0.9007,0.0993,,False,on_map_at_end
1184,pkw,1087.0,,713.0,,586.828,100.0,621.0,92.0,652.583,,,0.871,0.129,,False,on_map_at_end
1186,pkw,1088.0,,712.0,,666.297,96.0,587.0,125.0,643.522,,,0.8244,0.1756,,False,on_map_at_end
1187,pkw,1088.0,,712.0,,1145.472,100.0,582.0,130.0,607.376,,,0.8174,0.1826,,False,on_map_at_end
1188,pkw,1089.0,,711.0,,1051.415,100.0,569.0,142.0,611.686,,,0.8003,0.1997,,False,on_map_at_end
119,pkw,232.0,,1568.0,,2392.529,100.0,1309.0,259.0,1348.04,,,0.8348,0.1652,,False,on_map_at_end
1190,pkw,1091.0,,709.0,,503.645,94.0,610.0,99.0,663.289,,,0.8604,0.1396,,False,on_map_at_end
1192,pkw,1091.0,,709.0,,49.872,100.0,678.0,31.0,703.821,,,0.9563,0.0437,,False,on_map_at_end
1193,pkw,1091.0,,709.0,,203.167,100.0,671.0,38.0,690.622,,,0.9464,0.0536,,False,on_map_at_end
1194,pkw,1092.0,,708.0,,165.863,100.0,672.0,36.0,693.072,,,0.9492,0.0508,,False,on_map_at_end
1196,pkw,1093.0,,707.0,,784.236,100.0,616.0,91.0,626.243,,,0.8713,0.1287,,False,on_map_at_end
1198,pkw,1095.0,,705.0,,929.429,100.0,583.0,122.0,617.801,,,0.827,0.173,,False,on_map_at_end
120,pkw,237.0,,1563.0,,178.558,100.0,1507.0,56.0,1546.93,,,0.9642,0.0358,,False,on_map_at_end
1200,pkw,1095.0,,705.0,,1263.929,90.0,515.0,190.0,574.632,,,0.7305,0.2695,,False,on_map_at_end
1202,pkw,1098.0,,702.0,,522.405,94.0,631.0,71.0,654.983,,,0.8989,0.1011,,False,on_map_at_end
1203,pkw,1098.0,,702.0,,939.788,98.0,590.0,112.0,611.964,,,0.8405,0.1595,,False,on_map_at_end
1204,pkw,1098.0,,702.0,,977.976,100.0,592.0,110.0,612.463,,,0.8433,0.1567,,False,on_map_at_end
1205,pkw,1098.0,,702.0,,89.948,100.0,681.0,21.0,691.317,,,0.9701,0.0299,,False,on_map_at_end
1206,pkw,1100.0,,700.0,,69.555,100.0,670.0,30.0,693.74,,,0.9571,0.0429,,False,on_map_at_end
1208,pkw,1101.0,,699.0,,2201.227,87.0,403.0,296.0,455.094,,,0.5765,0.4235,,False,on_map_at_end
1210,pkw,1102.0,,698.0,,158.362,100.0,669.0,29.0,683.747,,,0.9585,0.0415,,False,on_map_at_end
1211,pkw,1102.0,,698.0,,579.327,100.0,603.0,95.0,635.488,,,0.8639,0.1361,,False,on_map_at_end
1214,pkw,1104.0,,696.0,,1200.952,100.0,545.0,151.0,580.15,,,0.783,0.217,,False,on_map_at_end
1216,pkw,1105.0,,695.0,,1511.947,80.0,531.0,164.0,535.735,,,0.764,0.236,,False,on_map_at_end
1217,pkw,1105.0,,695.0,,897.575,100.0,546.0,149.0,582.28,,,0.7856,0.2144,,False,on_map_at_end
1219,pkw,1106.0,,694.0,,189.019,100.0,649.0,45.0,676.988,,,0.9352,0.0648,,False,on_map_at_end
1220,pkw,1107.0,,693.0,,929.916,87.0,560.0,133.0,600.6,,,0.8081,0.1919,,False,on_map_at_end
1221,pkw,1107.0,,693.0,,82.447,100.0,671.0,22.0,683.479,,,0.9683,0.0317,,False,on_map_at_end
1223,pkw,1108.0,,692.0,,42.371,100.0,668.0,24.0,688.187,,,0.9653,0.0347,,False,on_map_at_end
1224,pkw,1114.0,,686.0,,879.585,100.0,577.0,109.0,605.915,,,0.8411,0.1589,,False,on_map_at_end
1226,pkw,1110.0,,690.0,,1359.648,94.0,508.0,182.0,560.376,,,0.7362,0.2638,,False,on_map_at_end
1227,pkw,1109.0,,691.0,,158.362,100.0,654.0,37.0,676.747,,,0.9465,0.0535,,False,on_map_at_end
1229,pkw,1114.0,,686.0,,1446.924,84.0,511.0,175.0,535.216,,,0.7449,0.2551,,False,on_map_at_end
123,pkw,240.0,,1560.0,,176.586,100.0,1514.0,46.0,1533.025,,,0.9705,0.0295,,False,on_map_at_end
1230,pkw,1250.0,,550.0,,153.508,92.0,476.0,74.0,536.184,,,0.8655,0.1345,,False,on_map_at_end
1232,pkw,1111.0,,689.0,,480.594,100.0,604.0,85.0,645.746,,,0.8766,0.1234,,False,on_map_at_end
1233,pkw,1111.0,,689.0,,1113.129,100.0,566.0,123.0,586.571,,,0.8215,0.1785,,False,on_map_at_end
1234,pkw,1112.0,,688.0,,602.263,100.0,594.0,94.0,612.483,,,0.8634,0.1366,,False,on_map_at_end
1235,pkw,1112.0,,688.0,,962.974,100.0,570.0,118.0,600.027,,,0.8285,0.1715,,False,on_map_at_end
1236,pkw,1112.0,,688.0,,182.208,100.0,655.0,33.0,668.845,,,0.952,0.048,,False,on_map_at_end
1237,pkw,1113.0,,687.0,,463.682,100.0,619.0,68.0,636.904,,,0.901,0.099,,False,on_map_at_end
1238,pkw,1115.0,,685.0,,756.392,100.0,540.0,145.0,599.447,,,0.7883,0.2117,,False,on_map_at_end
1240,pkw,1115.0,,685.0,,834.235,85.0,561.0,124.0,601.531,,,0.819,0.181,,False,on_map_at_end
1241,pkw,1116.0,,684.0,,695.073,100.0,562.0,122.0,620.406,,,0.8216,0.1784,,False,on_map_at_end
1242,pkw,1116.0,,684.0,,1109.594,100.0,532.0,152.0,566.908,,,0.7778,0.2222,,False,on_map_at_end
1244,pkw,1118.0,,682.0,,860.569,91.0,569.0,113.0,603.313,,,0.8343,0.1657,,False,on_map_at_end
1246,pkw,1120.0,,680.0,,494.181,100.0,594.0,86.0,626.892,,,0.8735,0.1265,,False,on_map_at_end
1247,pkw,1120.0,,680.0,,54.553,100.0,659.0,21.0,675.09,,,0.9691,0.0309,,False,on_map_at_end
1248,pkw,1121.0,,679.0,,1285.491,83.0,527.0,152.0,561.821,,,0.7761,0.2239,,False,on_map_at_end
125,pkw,240.0,,1560.0,,1209.269,93.0,1412.0,148.0,1436.763,,,0.9051,0.0949,,False,on_map_at_end
1250,pkw,1122.0,,678.0,,1696.977,100.0,491.0,187.0,524.183,,,0.7242,0.2758,,False,on_map_at_end
1251,pkw,1122.0,,678.0,,514.904,93.0,612.0,66.0,631.658,,,0.9027,0.0973,,False,on_map_at_end
1253,pkw,1123.0,,677.0,,853.068,90.0,567.0,110.0,599.46,,,0.8375,0.1625,,False,on_map_at_end
1254,pkw,1123.0,,677.0,,1426.528,84.0,508.0,169.0,532.122,,,0.7504,0.2496,,False,on_map_at_end
1255,pkw,1124.0,,676.0,,2321.824,89.0,410.0,266.0,465.867,,,0.6065,0.3935,,False,on_map_at_end
1256,pkw,1124.0,,676.0,,57.124,100.0,641.0,35.0,670.192,,,0.9482,0.0518,,False,on_map_at_end
1257,pkw,1124.0,,676.0,,1082.214,89.0,539.0,137.0,578.531,,,0.7973,0.2027,,False,on_map_at_end
1259,pkw,1125.0,,675.0,,507.403,92.0,608.0,67.0,629.333,,,0.9007,0.0993,,False,on_map_at_end
126,pkw,241.0,,1559.0,,1318.849,100.0,1380.0,179.0,1437.517,,,0.8852,0.1148,,False,on_map_at_end
1262,pkw,1127.0,,673.0,,74.946,100.0,648.0,25.0,662.359,,,0.9629,0.0371,,False,on_map_at_end
1263,pkw,1128.0,,672.0,,1127.916,100.0,509.0,163.0,567.982,,,0.7574,0.2426,,False,on_map_at_end
1264,pkw,1129.0,,671.0,,488.643,92.0,569.0,102.0,626.728,,,0.848,0.152,,False,on_map_at_end
1265,pkw,1129.0,,671.0,,814.284,100.0,525.0,146.0,567.04,,,0.7824,0.2176,,False,on_map_at_end
1266,pkw,1130.0,,670.0,,1009.938,100.0,516.0,154.0,576.408,,,0.7701,0.2299,,False,on_map_at_end
1268,pkw,1131.0,,669.0,,1189.815,93.0,484.0,185.0,554.397,,,0.7235,0.2765,,False,on_map_at_end
1269,pkw,1131.0,,669.0,,221.168,100.0,633.0,36.0,648.717,,,0.9462,0.0538,,False,on_map_at_end
1270,pkw,1132.0,,668.0,,1178.974,81.0,522.0,146.0,550.053,,,0.7814,0.2186,,False,on_map_at_end
1272,pkw,1253.0,,547.0,,146.007,91.0,483.0,64.0,533.859,,,0.883,0.117,,False,on_map_at_end
1274,pkw,1133.0,,667.0,,507.12,100.0,588.0,79.0,618.53,,,0.8816,0.1184,,False,on_map_at_end
1276,pkw,1134.0,,666.0,,1356.433,90.0,517.0,149.0,543.92,,,0.7763,0.2237,,False,on_map_at_end
1277,pkw,1136.0,,664.0,,1381.352,100.0,487.0,177.0,529.506,,,0.7334,0.2666,,False,on_map_at_end
1279,pkw,1139.0,,661.0,,348.969,100.0,608.0,53.0,622.236,,,0.9198,0.0802,,False,on_map_at_end
1280,pkw,1139.0,,661.0,,1382.799,85.0,480.0,181.0,514.325,,,0.7262,0.2738,,False,on_map_at_end
1283,pkw,1140.0,,660.0,,845.567,86.0,548.0,112.0,583.0,,,0.8303,0.1697,,False,on_map_at_end
1284,pkw,1141.0,,659.0,,442.988,100.0,590.0,69.0,619.131,,,0.8953,0.1047,,False,on_map_at_end
1285,pkw,1141.0,,659.0,,561.655,100.0,564.0,95.0,599.451,,,0.8558,0.1442,,False,on_map_at_end
1288,pkw,1144.0,,656.0,,586.328,100.0,566.0,90.0,594.23,,,0.8628,0.1372,,False,on_map_at_end
1289,pkw,1144.0,,656.0,,474.573,100.0,595.0,61.0,612.96,,,0.907,0.093,,False,on_map_at_end
1290,pkw,1144.0,,656.0,,1341.431,89.0,500.0,156.0,535.27,,,0.7622,0.2378,,False,on_map_at_end
1291,pkw,1145.0,,655.0,,499.902,92.0,589.0,66.0,610.008,,,0.8992,0.1008,,False,on_map_at_end
1292,pkw,1145.0,,655.0,,838.066,86.0,541.0,114.0,578.796,,,0.826,0.174,,False,on_map_at_end
1293,pkw,1145.0,,655.0,,433.317,100.0,586.0,69.0,616.001,,,0.8947,0.1053,,False,on_map_at_end
1295,pkw,1146.0,,654.0,,914.427,100.0,548.0,106.0,567.551,,,0.8379,0.1621,,False,on_map_at_end
1298,pkw,1147.0,,653.0,,218.169,100.0,608.0,45.0,633.365,,,0.9311,0.0689,,False,on_map_at_end
130,pkw,245.0,,1555.0,,1755.979,95.0,1350.0,205.0,1388.283,,,0.8682,0.1318,,False,on_map_at_end
1302,pkw,1149.0,,651.0,,492.401,91.0,584.0,67.0,606.683,,,0.8971,0.1029,,False,on_map_at_end
1307,pkw,1151.0,,649.0,,47.052,100.0,633.0,16.0,644.765,,,0.9753,0.0247,,False,on_map_at_end
1308,pkw,1151.0,,649.0,,484.9,91.0,582.0,67.0,605.359,,,0.8968,0.1032,,False,on_map_at_end
1309,pkw,1151.0,,649.0,,34.87,100.0,626.0,23.0,645.862,,,0.9646,0.0354,,False,on_map_at_end
131,pkw,246.0,,1554.0,,308.556,100.0,1475.0,79.0,1525.59,,,0.9492,0.0508,,False,on_map_at_end
1310,pkw,1152.0,,648.0,,477.399,90.0,579.0,69.0,605.034,,,0.8935,0.1065,,False,on_map_at_end
1311,pkw,1151.0,,649.0,,445.479,100.0,569.0,80.0,589.805,,,0.8767,0.1233,,False,on_map_at_end
1313,pkw,1155.0,,645.0,,195.666,100.0,606.0,39.0,627.191,,,0.9395,0.0605,,False,on_map_at_end
1315,pkw,1156.0,,644.0,,210.668,100.0,597.0,47.0,625.032,,,0.927,0.073,,False,on_map_at_end
1317,pkw,1156.0,,644.0,,514.408,100.0,550.0,94.0,596.366,,,0.854,0.146,,False,on_map_at_end
1318,pkw,1156.0,,644.0,,466.14,90.0,554.0,90.0,601.973,,,0.8602,0.1398,,False,on_map_at_end
1319,pkw,1158.0,,642.0,,446.418,100.0,574.0,68.0,591.689,,,0.8941,0.1059,,False,on_map_at_end
1325,pkw,1161.0,,639.0,,422.976,100.0,546.0,93.0,580.707,,,0.8545,0.1455,,False,on_map_at_end
1326,pkw,1161.0,,639.0,,49.623,100.0,603.0,36.0,633.82,,,0.9437,0.0563,,False,on_map_at_end
1329,pkw,1163.0,,637.0,,886.191,50.0,539.0,98.0,541.215,,,0.8462,0.1538,,False,on_map_at_end
1330,pkw,1164.0,,636.0,,248.163,100.0,584.0,52.0,613.346,,,0.9182,0.0818,,False,on_map_at_end
1331,pkw,1164.0,,636.0,,1148.351,100.0,499.0,137.0,522.552,,,0.7846,0.2154,,False,on_map_at_end
1333,pkw,1165.0,,635.0,,27.368,100.0,613.0,22.0,632.537,,,0.9654,0.0346,,False,on_map_at_end
1334,pkw,1165.0,,635.0,,1133.349,100.0,497.0,138.0,523.009,,,0.7827,0.2173,,False,on_map_at_end
1335,pkw,1166.0,,634.0,,509.598,100.0,561.0,73.0,578.763,,,0.8849,0.1151,,False,on_map_at_end
1336,pkw,1167.0,,633.0,,1344.646,93.0,459.0,174.0,502.623,,,0.7251,0.2749,,False,on_map_at_end
1339,pkw,1167.0,,633.0,,240.662,100.0,580.0,53.0,610.902,,,0.9163,0.0837,,False,on_map_at_end
1341,pkw,1169.0,,631.0,,451.138,91.0,532.0,99.0,590.026,,,0.8431,0.1569,,False,on_map_at_end
1342,pkw,1173.0,,627.0,,906.926,100.0,516.0,111.0,538.401,,,0.823,0.177,,False,on_map_at_end
1343,pkw,1173.0,,627.0,,871.857,90.0,506.0,121.0,531.943,,,0.807,0.193,,False,on_map_at_end
1346,pkw,1177.0,,623.0,,872.419,100.0,455.0,168.0,484.261,,,0.7303,0.2697,,False,on_map_at_end
1347,pkw,1177.0,,623.0,,864.356,90.0,501.0,122.0,530.004,,,0.8042,0.1958,,False,on_map_at_end
1350,pkw,1179.0,,621.0,,750.568,89.0,521.0,100.0,552.582,,,0.839,0.161,,False,on_map_at_end
1351,pkw,1180.0,,620.0,,23.628,100.0,607.0,13.0,607.873,,,0.979,0.021,,False,on_map_at_end
1352,pkw,1181.0,,619.0,,2061.41,91.0,400.0,219.0,433.471,,,0.6462,0.3538,,False,on_map_at_end
1353,pkw,1181.0,,619.0,,1182.314,92.0,447.0,172.0,498.426,,,0.7221,0.2779,,False,on_map_at_end
1354,pkw,1208.0,,592.0,,341.942,83.0,525.0,67.0,561.225,,,0.8868,0.1132,,False,on_map_at_end
1356,pkw,1187.0,,613.0,,2103.041,92.0,388.0,225.0,423.206,,,0.633,0.367,,False,on_map_at_end
1357,pkw,1184.0,,616.0,,1019.791,87.0,479.0,137.0,517.495,,,0.7776,0.2224,,False,on_map_at_end
1358,pkw,1186.0,,614.0,,604.853,100.0,518.0,96.0,547.874,,,0.8436,0.1564,,False,on_map_at_end
1359,pkw,1187.0,,613.0,,856.855,90.0,496.0,117.0,523.528,,,0.8091,0.1909,,False,on_map_at_end
136,pkw,258.0,,1542.0,,100.277,100.0,1488.0,54.0,1532.975,,,0.965,0.035,,False,on_map_at_end
1362,pkw,1188.0,,612.0,,1333.93,88.0,460.0,152.0,491.945,,,0.7516,0.2484,,False,on_map_at_end
1363,pkw,1188.0,,612.0,,175.509,91.0,542.0,70.0,596.118,,,0.8856,0.1144,,False,on_map_at_end
1364,pkw,1190.0,,610.0,,1174.813,93.0,436.0,174.0,490.42,,,0.7148,0.2852,,False,on_map_at_end
1365,pkw,1190.0,,610.0,,502.097,100.0,537.0,73.0,555.123,,,0.8803,0.1197,,False,on_map_at_end
1366,pkw,1190.0,,610.0,,67.445,100.0,586.0,24.0,602.41,,,0.9607,0.0393,,False,on_map_at_end
1367,pkw,1190.0,,610.0,,1092.887,94.0,469.0,141.0,509.28,,,0.7689,0.2311,,False,on_map_at_end
1369,pkw,1191.0,,609.0,,167.206,100.0,579.0,30.0,592.345,,,0.9507,0.0493,,False,on_map_at_end
1370,pkw,1191.0,,609.0,,54.553,100.0,577.0,32.0,604.09,,,0.9475,0.0525,,False,on_map_at_end
1371,pkw,1227.0,,573.0,,319.439,82.0,518.0,55.0,544.25,,,0.904,0.096,,False,on_map_at_end
1372,pkw,1192.0,,608.0,,443.637,90.0,507.0,101.0,567.592,,,0.8339,0.1661,,False,on_map_at_end
1373,pkw,1194.0,,606.0,,534.753,100.0,506.0,100.0,539.63,,,0.835,0.165,,False,on_map_at_end
1374,pkw,1194.0,,606.0,,286.211,100.0,536.0,70.0,580.241,,,0.8845,0.1155,,False,on_map_at_end
1375,pkw,1194.0,,606.0,,1084.983,84.0,469.0,137.0,494.227,,,0.7739,0.2261,,False,on_map_at_end
1379,pkw,1199.0,,601.0,,150.861,100.0,572.0,29.0,587.422,,,0.9517,0.0483,,False,on_map_at_end
138,pkw,262.0,,1538.0,,169.085,100.0,1497.0,41.0,1517.099,,,0.9733,0.0267,,False,on_map_at_end
1381,pkw,1199.0,,601.0,,166.516,100.0,553.0,48.0,586.013,,,0.9201,0.0799,,False,on_map_at_end
1382,pkw,1201.0,,599.0,,39.551,100.0,582.0,17.0,595.44,,,0.9716,0.0284,,False,on_map_at_end
1383,pkw,1201.0,,599.0,,150.861,100.0,563.0,36.0,585.422,,,0.9399,0.0601,,False,on_map_at_end
1384,pkw,1201.0,,599.0,,469.898,90.0,534.0,65.0,556.709,,,0.8915,0.1085,,False,on_map_at_end
1385,pkw,1202.0,,598.0,,188.165,100.0,557.0,41.0,581.065,,,0.9314,0.0686,,False,on_map_at_end
1387,pkw,1203.0,,597.0,,642.565,100.0,478.0,119.0,536.319,,,0.8007,0.1993,,False,on_map_at_end
1388,pkw,1203.0,,597.0,,447.885,100.0,520.0,77.0,541.164,,,0.871,0.129,,False,on_map_at_end
1390,pkw,1204.0,,596.0,,462.397,89.0,531.0,65.0,554.384,,,0.8909,0.1091,,False,on_map_at_end
1391,pkw,1205.0,,595.0,,720.564,90.0,490.0,105.0,517.18,,,0.8235,0.1765,,False,on_map_at_end
1392,pkw,1205.0,,595.0,,1103.764,100.0,462.0,133.0,490.063,,,0.7765,0.2235,,False,on_map_at_end
1394,pkw,1208.0,,592.0,,1278.239,87.0,438.0,154.0,471.093,,,0.7399,0.2601,,False,on_map_at_end
1395,pkw,1209.0,,591.0,,143.359,100.0,562.0,29.0,578.098,,,0.9509,0.0491,,False,on_map_at_end
1396,pkw,1209.0,,591.0,,183.663,100.0,551.0,40.0,573.89,,,0.9323,0.0677,,False,on_map_at_end
1397,pkw,1211.0,,589.0,,306.028,100.0,550.0,39.0,561.226,,,0.9338,0.0662,,False,on_map_at_end
1398,pkw,1212.0,,588.0,,705.562,88.0,488.0,100.0,522.979,,,0.8299,0.1701,,False,on_map_at_end
1399,pkw,1213.0,,587.0,,1064.205,100.0,463.0,124.0,490.044,,,0.7888,0.2112,,False,on_map_at_end
14,pkw,21.0,,1779.0,,425.731,100.0,1705.0,74.0,1734.906,,,0.9584,0.0416,,False,on_map_at_end
140,pkw,264.0,,1536.0,,2578.689,100.0,1227.0,309.0,1302.438,,,0.7988,0.2012,,False,on_map_at_end
1401,pkw,1213.0,,587.0,,1608.378,100.0,409.0,178.0,440.763,,,0.6968,0.3032,,False,on_map_at_end
1402,pkw,1213.0,,587.0,,47.052,100.0,558.0,29.0,582.765,,,0.9506,0.0494,,False,on_map_at_end
1404,pkw,1214.0,,586.0,,526.489,100.0,513.0,73.0,530.577,,,0.8754,0.1246,,False,on_map_at_end
1405,pkw,1214.0,,586.0,,454.896,89.0,518.0,68.0,545.059,,,0.884,0.116,,False,on_map_at_end
1406,pkw,1215.0,,585.0,,2134.385,93.0,292.0,293.0,351.009,,,0.4991,0.5009,,False,on_map_at_end
1408,pkw,1215.0,,585.0,,1060.622,100.0,448.0,137.0,488.143,,,0.7658,0.2342,,False,on_map_at_end
141,pkw,265.0,,1535.0,,178.558,100.0,1477.0,58.0,1518.647,,,0.9622,0.0378,,False,on_map_at_end
1410,pkw,1218.0,,582.0,,114.602,100.0,545.0,37.0,571.495,,,0.9364,0.0636,,False,on_map_at_end
1411,pkw,1218.0,,582.0,,447.395,88.0,515.0,67.0,541.734,,,0.8849,0.1151,,False,on_map_at_end
1412,pkw,1219.0,,581.0,,32.05,100.0,566.0,15.0,578.116,,,0.9742,0.0258,,False,on_map_at_end
1413,pkw,1219.0,,581.0,,1248.163,100.0,446.0,135.0,467.719,,,0.7676,0.2324,,False,on_map_at_end
1414,pkw,1219.0,,581.0,,19.867,100.0,557.0,24.0,579.212,,,0.9587,0.0413,,False,on_map_at_end
1415,pkw,1220.0,,580.0,,524.15,100.0,500.0,80.0,522.826,,,0.8621,0.1379,,False,on_map_at_end
142,pkw,269.0,,1531.0,,688.789,100.0,1425.0,106.0,1450.972,,,0.9308,0.0692,,False,on_map_at_end
1420,pkw,1221.0,,579.0,,160.069,100.0,527.0,52.0,564.429,,,0.9102,0.0898,,False,on_map_at_end
1423,pkw,1224.0,,576.0,,1367.004,86.0,399.0,177.0,430.696,,,0.6927,0.3073,,False,on_map_at_end
1424,pkw,1224.0,,576.0,,1645.985,100.0,376.0,200.0,425.394,,,0.6528,0.3472,,False,on_map_at_end
1425,pkw,1225.0,,575.0,,1325.691,100.0,438.0,137.0,454.932,,,0.7617,0.2383,,False,on_map_at_end
1426,pkw,1225.0,,575.0,,39.551,100.0,552.0,23.0,571.44,,,0.96,0.04,,False,on_map_at_end
1427,pkw,1227.0,,573.0,,24.549,100.0,555.0,18.0,570.791,,,0.9686,0.0314,,False,on_map_at_end
1428,pkw,1228.0,,572.0,,769.278,100.0,449.0,123.0,469.478,,,0.785,0.215,,False,on_map_at_end
1429,pkw,1228.0,,572.0,,438.917,100.0,490.0,82.0,515.243,,,0.8566,0.1434,,False,on_map_at_end
143,pkw,276.0,,1524.0,,379.545,100.0,1443.0,81.0,1489.949,,,0.9469,0.0531,,False,on_map_at_end
1430,pkw,1230.0,,570.0,,666.695,100.0,476.0,94.0,509.997,,,0.8351,0.1649,,False,on_map_at_end
1431,pkw,1232.0,,568.0,,2092.187,100.0,323.0,245.0,374.097,,,0.5687,0.4313,,False,on_map_at_end
1432,pkw,1232.0,,568.0,,34.621,100.0,534.0,34.0,564.884,,,0.9401,0.0599,,False,on_map_at_end
1433,pkw,1232.0,,568.0,,339.77,100.0,502.0,66.0,537.037,,,0.8838,0.1162,,False,on_map_at_end
1434,pkw,1233.0,,567.0,,1281.423,86.0,415.0,152.0,451.671,,,0.7319,0.2681,,False,on_map_at_end
1435,pkw,1233.0,,567.0,,428.634,89.0,473.0,94.0,528.217,,,0.8342,0.1658,,False,on_map_at_end
1437,pkw,1234.0,,566.0,,1159.811,92.0,412.0,154.0,451.067,,,0.7279,0.2721,,False,on_map_at_end
1439,pkw,1235.0,,565.0,,659.194,100.0,471.0,94.0,505.672,,,0.8336,0.1664,,False,on_map_at_end
1440,pkw,1266.0,,534.0,,12.366,100.0,516.0,18.0,532.887,,,0.9663,0.0337,,False,on_map_at_end
1441,pkw,1236.0,,564.0,,1089.549,89.0,421.0,143.0,465.73,,,0.7465,0.2535,,False,on_map_at_end
1444,pkw,1239.0,,561.0,,1745.299,100.0,355.0,206.0,389.283,,,0.6328,0.3672,,False,on_map_at_end
1445,pkw,1239.0,,561.0,,577.934,86.0,475.0,86.0,507.671,,,0.8467,0.1533,,False,on_map_at_end
1448,pkw,1241.0,,559.0,,1288.052,100.0,386.0,173.0,438.218,,,0.6905,0.3095,,False,on_map_at_end
145,pkw,277.0,,1523.0,,1476.996,87.0,1311.0,212.0,1381.106,,,0.8608,0.1392,,False,on_map_at_end
1450,pkw,1243.0,,557.0,,333.283,88.0,499.0,58.0,526.828,,,0.8959,0.1041,,False,on_map_at_end
1451,pkw,1243.0,,557.0,,32.05,100.0,531.0,26.0,554.116,,,0.9533,0.0467,,False,on_map_at_end
1452,pkw,1243.0,,557.0,,233.161,100.0,504.0,53.0,535.576,,,0.9048,0.0952,,False,on_map_at_end
1453,pkw,1245.0,,555.0,,405.589,100.0,482.0,73.0,517.637,,,0.8685,0.1315,,False,on_map_at_end
1454,pkw,1249.0,,551.0,,17.048,100.0,534.0,17.0,549.466,,,0.9691,0.0309,,False,on_map_at_end
1456,pkw,1249.0,,551.0,,686.727,87.0,444.0,107.0,481.628,,,0.8058,0.1942,,False,on_map_at_end
1457,pkw,1251.0,,549.0,,152.204,100.0,516.0,33.0,533.669,,,0.9399,0.0601,,False,on_map_at_end
1460,pkw,1255.0,,545.0,,1340.687,88.0,357.0,188.0,406.748,,,0.655,0.345,,False,on_map_at_end
1462,pkw,1268.0,,532.0,,27.12,100.0,502.0,30.0,529.559,,,0.9436,0.0564,,False,on_map_at_end
1463,pkw,1259.0,,541.0,,576.07,87.0,461.0,80.0,488.227,,,0.8521,0.1479,,False,on_map_at_end
1465,pkw,1260.0,,540.0,,1055.382,93.0,413.0,127.0,440.133,,,0.7648,0.2352,,False,on_map_at_end
1466,pkw,1264.0,,536.0,,724.272,100.0,441.0,95.0,454.708,,,0.8228,0.1772,,False,on_map_at_end
1469,pkw,1265.0,,535.0,,795.709,100.0,426.0,109.0,451.858,,,0.7963,0.2037,,False,on_map_at_end
147,pkw,286.0,,1514.0,,1214.031,100.0,1354.0,160.0,1400.891,,,0.8943,0.1057,,False,on_map_at_end
1470,pkw,1265.0,,535.0,,489.747,100.0,441.0,94.0,458.335,,,0.8243,0.1757,,False,on_map_at_end
1471,pkw,1266.0,,534.0,,421.133,90.0,451.0,83.0,495.85,,,0.8446,0.1554,,False,on_map_at_end
1475,pkw,1272.0,,528.0,,459.524,100.0,458.0,70.0,485.226,,,0.8674,0.1326,,False,on_map_at_end
1476,pkw,1273.0,,527.0,,661.813,100.0,428.0,99.0,451.494,,,0.8121,0.1879,,False,on_map_at_end
1477,pkw,1274.0,,526.0,,24.549,100.0,501.0,25.0,523.791,,,0.9525,0.0475,,False,on_map_at_end
1479,pkw,1275.0,,525.0,,737.17,89.0,409.0,116.0,446.225,,,0.779,0.221,,False,on_map_at_end
1481,pkw,1280.0,,520.0,,419.846,100.0,464.0,56.0,481.993,,,0.8923,0.1077,,False,on_map_at_end
1482,pkw,1284.0,,516.0,,452.023,100.0,448.0,68.0,475.092,,,0.8682,0.1318,,False,on_map_at_end
1483,pkw,1282.0,,518.0,,652.951,86.0,432.0,86.0,457.405,,,0.834,0.166,,False,on_map_at_end
1484,pkw,1284.0,,516.0,,1585.875,100.0,346.0,170.0,370.904,,,0.6705,0.3295,,False,on_map_at_end
1486,pkw,1284.0,,516.0,,19.619,100.0,495.0,21.0,514.234,,,0.9593,0.0407,,False,on_map_at_end
1487,pkw,1284.0,,516.0,,2116.572,96.0,303.0,213.0,315.446,,,0.5872,0.4128,,False,on_map_at_end
1488,pkw,1285.0,,515.0,,180.664,100.0,476.0,39.0,498.74,,,0.9243,0.0757,,False,on_map_at_end
1490,pkw,1287.0,,513.0,,627.098,91.0,417.0,96.0,447.948,,,0.8129,0.1871,,False,on_map_at_end
1491,pkw,1289.0,,511.0,,1286.967,100.0,365.0,146.0,394.083,,,0.7143,0.2857,,False,on_map_at_end
1494,pkw,1291.0,,509.0,,439.894,87.0,442.0,67.0,469.409,,,0.8684,0.1316,,False,on_map_at_end
1495,pkw,1291.0,,509.0,,241.204,100.0,441.0,68.0,487.291,,,0.8664,0.1336,,False,on_map_at_end
1496,pkw,1291.0,,509.0,,511.487,100.0,440.0,69.0,461.88,,,0.8644,0.1356,,False,on_map_at_end
1497,pkw,1291.0,,509.0,,425.382,100.0,437.0,72.0,459.848,,,0.8585,0.1415,,False,on_map_at_end
1498,pkw,1292.0,,508.0,,1831.799,100.0,322.0,186.0,341.619,,,0.6339,0.3661,,False,on_map_at_end
1499,pkw,1293.0,,507.0,,849.916,100.0,349.0,158.0,374.447,,,0.6884,0.3116,,False,on_map_at_end
15,pkw,22.0,,1778.0,,1433.352,100.0,1601.0,177.0,1648.149,,,0.9004,0.0996,,False,on_map_at_end
150,pkw,291.0,,1509.0,,85.275,100.0,1450.0,59.0,1501.325,,,0.9609,0.0391,,False,on_map_at_end
1501,pkw,1296.0,,504.0,,980.915,91.0,390.0,114.0,415.351,,,0.7738,0.2262,,False,on_map_at_end
1502,pkw,1297.0,,503.0,,893.833,100.0,403.0,100.0,421.637,,,0.8012,0.1988,,False,on_map_at_end
1503,pkw,1298.0,,502.0,,397.982,100.0,448.0,54.0,466.181,,,0.8924,0.1076,,False,on_map_at_end
1505,pkw,1300.0,,500.0,,648.155,96.0,404.0,96.0,423.381,,,0.808,0.192,,False,on_map_at_end
1506,pkw,1300.0,,500.0,,1152.31,90.0,352.0,148.0,388.162,,,0.704,0.296,,False,on_map_at_end
1507,pkw,1301.0,,499.0,,1273.922,86.0,346.0,153.0,384.346,,,0.6934,0.3066,,False,on_map_at_end
1509,pkw,1306.0,,494.0,,173.163,100.0,452.0,42.0,478.391,,,0.915,0.085,,False,on_map_at_end
1510,pkw,1306.0,,494.0,,768.567,93.0,401.0,93.0,424.828,,,0.8117,0.1883,,False,on_map_at_end
1512,pkw,1308.0,,492.0,,432.393,88.0,426.0,66.0,453.084,,,0.8659,0.1341,,False,on_map_at_end
1513,pkw,1309.0,,491.0,,381.826,100.0,439.0,52.0,447.635,,,0.8941,0.1059,,False,on_map_at_end
1516,pkw,1310.0,,490.0,,143.36,100.0,463.0,27.0,474.972,,,0.9449,0.0551,,False,on_map_at_end
1517,pkw,1570.0,,230.0,,4.865,100.0,222.0,8.0,229.562,,,0.9652,0.0348,,False,on_map_at_end
1518,pkw,1314.0,,486.0,,367.339,100.0,426.0,60.0,452.663,,,0.8765,0.1235,,False,on_map_at_end
1523,pkw,1318.0,,482.0,,710.149,100.0,390.0,92.0,405.873,,,0.8091,0.1909,,False,on_map_at_end
1526,pkw,1320.0,,480.0,,17.048,100.0,466.0,14.0,478.466,,,0.9708,0.0292,,False,on_map_at_end
1527,pkw,1321.0,,479.0,,424.891,88.0,414.0,65.0,440.759,,,0.8643,0.1357,,False,on_map_at_end
1528,pkw,1322.0,,478.0,,376.678,94.0,412.0,66.0,434.099,,,0.8619,0.1381,,False,on_map_at_end
1529,pkw,1322.0,,478.0,,425.448,100.0,417.0,61.0,439.345,,,0.8724,0.1276,,False,on_map_at_end
1530,pkw,1322.0,,478.0,,374.325,100.0,423.0,55.0,435.31,,,0.8849,0.1151,,False,on_map_at_end
1531,pkw,1323.0,,477.0,,587.403,99.0,383.0,94.0,403.973,,,0.8029,0.1971,,False,on_map_at_end
1533,pkw,1333.0,,467.0,,416.518,100.0,410.0,57.0,422.406,,,0.8779,0.1221,,False,on_map_at_end
1534,pkw,1327.0,,473.0,,9.547,100.0,460.0,13.0,472.141,,,0.9725,0.0275,,False,on_map_at_end
1536,pkw,1328.0,,472.0,,1652.957,100.0,266.0,206.0,318.676,,,0.5636,0.4364,,False,on_map_at_end
1537,pkw,1329.0,,471.0,,417.39,87.0,405.0,66.0,433.434,,,0.8599,0.1401,,False,on_map_at_end
1538,pkw,1329.0,,471.0,,279.004,100.0,424.0,47.0,445.889,,,0.9002,0.0998,,False,on_map_at_end
1539,pkw,1332.0,,468.0,,954.886,100.0,360.0,108.0,380.425,,,0.7692,0.2308,,False,on_map_at_end
154,pkw,299.0,,1501.0,,378.985,100.0,1437.0,64.0,1465.449,,,0.9574,0.0426,,False,on_map_at_end
1540,pkw,1330.0,,470.0,,429.457,100.0,413.0,57.0,421.623,,,0.8787,0.1213,,False,on_map_at_end
1541,pkw,1330.0,,470.0,,620.547,100.0,394.0,76.0,414.15,,,0.8383,0.1617,,False,on_map_at_end
1542,pkw,1331.0,,469.0,,225.922,100.0,425.0,44.0,448.202,,,0.9062,0.0938,,False,on_map_at_end
1543,pkw,1332.0,,468.0,,657.921,100.0,355.0,113.0,390.059,,,0.7585,0.2415,,False,on_map_at_end
1544,pkw,1334.0,,466.0,,940.975,100.0,351.0,115.0,370.471,,,0.7532,0.2468,,False,on_map_at_end
1545,pkw,1334.0,,466.0,,982.334,86.0,344.0,122.0,377.509,,,0.7382,0.2618,,False,on_map_at_end
1546,pkw,1335.0,,465.0,,2024.868,100.0,257.0,208.0,282.355,,,0.5527,0.4473,,False,on_map_at_end
1547,pkw,1335.0,,465.0,,1302.201,93.0,316.0,149.0,339.73,,,0.6796,0.3204,,False,on_map_at_end
1548,pkw,1336.0,,464.0,,772.774,98.0,369.0,95.0,386.487,,,0.7953,0.2047,,False,on_map_at_end
155,pkw,301.0,,1499.0,,1004.607,100.0,1374.0,125.0,1394.663,,,0.9166,0.0834,,False,on_map_at_end
1550,pkw,1337.0,,463.0,,431.416,100.0,392.0,71.0,408.537,,,0.8467,0.1533,,False,on_map_at_end
1551,pkw,1338.0,,462.0,,161.16,100.0,433.0,29.0,446.907,,,0.9372,0.0628,,False,on_map_at_end
1552,pkw,1339.0,,461.0,,121.859,91.0,431.0,30.0,450.033,,,0.9349,0.0651,,False,on_map_at_end
1553,pkw,1340.0,,460.0,,233.703,100.0,402.0,58.0,438.966,,,0.8739,0.1261,,False,on_map_at_end
1556,pkw,1343.0,,457.0,,101.049,96.0,419.0,38.0,437.906,,,0.9168,0.0832,,False,on_map_at_end
1557,pkw,1344.0,,456.0,,135.858,100.0,433.0,23.0,443.773,,,0.9496,0.0504,,False,on_map_at_end
1558,pkw,1344.0,,456.0,,409.889,88.0,390.0,66.0,419.11,,,0.8553,0.1447,,False,on_map_at_end
1559,pkw,1344.0,,456.0,,129.701,100.0,424.0,32.0,443.386,,,0.9298,0.0702,,False,on_map_at_end
156,pkw,302.0,,1498.0,,1415.575,100.0,1323.0,175.0,1355.521,,,0.8832,0.1168,,False,on_map_at_end
1560,pkw,1345.0,,455.0,,801.558,100.0,342.0,113.0,359.406,,,0.7516,0.2484,,False,on_map_at_end
1562,pkw,1347.0,,453.0,,842.415,100.0,305.0,148.0,332.981,,,0.6733,0.3267,,False,on_map_at_end
1563,pkw,1348.0,,452.0,,17.302,90.0,437.0,15.0,449.883,,,0.9668,0.0332,,False,on_map_at_end
1567,pkw,1349.0,,451.0,,750.178,100.0,330.0,121.0,372.132,,,0.7317,0.2683,,False,on_map_at_end
1568,pkw,1350.0,,450.0,,1294.515,92.0,295.0,155.0,321.433,,,0.6556,0.3444,,False,on_map_at_end
1569,pkw,1351.0,,449.0,,116.248,89.0,411.0,38.0,438.538,,,0.9154,0.0846,,False,on_map_at_end
1571,pkw,1352.0,,448.0,,425.816,100.0,383.0,65.0,409.676,,,0.8549,0.1451,,False,on_map_at_end
1572,pkw,1416.0,,384.0,,776.735,100.0,298.0,86.0,313.997,,,0.776,0.224,,False,on_map_at_end
1573,pkw,1588.0,,212.0,,12.118,100.0,201.0,11.0,210.909,,,0.9481,0.0519,,False,on_map_at_end
1574,pkw,1353.0,,447.0,,380.209,100.0,397.0,50.0,412.103,,,0.8881,0.1119,,False,on_map_at_end
1575,pkw,1353.0,,447.0,,442.988,100.0,384.0,63.0,407.131,,,0.8591,0.1409,,False,on_map_at_end
1576,pkw,1354.0,,446.0,,992.611,90.0,324.0,122.0,352.917,,,0.7265,0.2735,,False,on_map_at_end
1578,pkw,1355.0,,445.0,,402.388,87.0,378.0,67.0,408.785,,,0.8494,0.1506,,False,on_map_at_end
1579,pkw,1358.0,,442.0,,153.659,100.0,412.0,30.0,427.606,,,0.9321,0.0679,,False,on_map_at_end
1580,pkw,1362.0,,438.0,,2017.367,100.0,233.0,205.0,256.148,,,0.532,0.468,,False,on_map_at_end
1581,pkw,1363.0,,437.0,,335.999,100.0,394.0,43.0,406.76,,,0.9016,0.0984,,False,on_map_at_end
1582,pkw,1365.0,,435.0,,597.222,91.0,346.0,89.0,373.048,,,0.7954,0.2046,,False,on_map_at_end
1583,pkw,1365.0,,435.0,,452.388,100.0,381.0,54.0,390.492,,,0.8759,0.1241,,False,on_map_at_end
1584,pkw,1366.0,,434.0,,567.347,100.0,339.0,95.0,358.219,,,0.7811,0.2189,,False,on_map_at_end
1585,pkw,1366.0,,434.0,,1378.476,100.0,285.0,149.0,304.49,,,0.6567,0.3433,,False,on_map_at_end
1586,pkw,1367.0,,433.0,,394.887,88.0,369.0,64.0,397.46,,,0.8522,0.1478,,False,on_map_at_end
1588,pkw,1368.0,,432.0,,367.883,95.0,380.0,52.0,388.89,,,0.8796,0.1204,,False,on_map_at_end
1589,pkw,1369.0,,431.0,,571.885,99.0,359.0,72.0,374.648,,,0.8329,0.1671,,False,on_map_at_end
1592,pkw,1371.0,,429.0,,309.766,100.0,382.0,47.0,400.79,,,0.8904,0.1096,,False,on_map_at_end
1594,pkw,1373.0,,427.0,,203.157,100.0,389.0,38.0,408.412,,,0.911,0.089,,False,on_map_at_end
1595,pkw,1373.0,,427.0,,917.968,100.0,320.0,107.0,343.197,,,0.7494,0.2506,,False,on_map_at_end
1596,pkw,1410.0,,390.0,,24.956,90.0,370.0,20.0,387.754,,,0.9487,0.0513,,False,on_map_at_end
1597,pkw,1375.0,,425.0,,165.662,100.0,399.0,26.0,410.09,,,0.9388,0.0612,,False,on_map_at_end
1599,pkw,1376.0,,424.0,,910.971,100.0,305.0,119.0,325.116,,,0.7193,0.2807,,False,on_map_at_end
1602,pkw,1381.0,,419.0,,122.2,100.0,394.0,25.0,406.004,,,0.9403,0.0597,,False,on_map_at_end
1603,pkw,1381.0,,419.0,,195.666,100.0,391.0,28.0,401.248,,,0.9332,0.0668,,False,on_map_at_end
1605,pkw,1382.0,,418.0,,423.915,100.0,357.0,61.0,371.05,,,0.8541,0.1459,,False,on_map_at_end
1606,pkw,1383.0,,417.0,,1384.782,100.0,269.0,148.0,289.684,,,0.6451,0.3549,,False,on_map_at_end
1607,pkw,1384.0,,416.0,,556.404,100.0,335.0,81.0,352.058,,,0.8053,0.1947,,False,on_map_at_end
1609,pkw,1387.0,,413.0,,2077.372,34.0,166.0,247.0,194.144,,,0.4019,0.5981,,False,on_map_at_end
161,pkw,305.0,,1495.0,,1372.428,93.0,1310.0,185.0,1369.637,,,0.8763,0.1237,,False,on_map_at_end
1611,pkw,1389.0,,411.0,,1563.372,100.0,239.0,172.0,268.892,,,0.5815,0.4185,,False,on_map_at_end
1612,pkw,1391.0,,409.0,,51.546,100.0,388.0,21.0,404.361,,,0.9487,0.0513,,False,on_map_at_end
1613,pkw,1391.0,,409.0,,402.879,100.0,344.0,65.0,360.151,,,0.8411,0.1589,,False,on_map_at_end
1614,pkw,1391.0,,409.0,,186.115,100.0,382.0,27.0,392.25,,,0.934,0.066,,False,on_map_at_end
1615,pkw,1392.0,,408.0,,128.357,100.0,385.0,23.0,396.448,,,0.9436,0.0564,,False,on_map_at_end
1616,pkw,1393.0,,407.0,,203.608,100.0,374.0,33.0,388.675,,,0.9189,0.0811,,False,on_map_at_end
162,pkw,305.0,,1495.0,,1346.857,100.0,1341.0,154.0,1368.662,,,0.897,0.103,,False,on_map_at_end
1621,pkw,1398.0,,402.0,,2034.418,90.0,161.0,241.0,192.289,,,0.4005,0.5995,,False,on_map_at_end
1622,pkw,1398.0,,402.0,,302.265,100.0,355.0,47.0,374.689,,,0.8831,0.1169,,False,on_map_at_end
1623,pkw,1398.0,,402.0,,1273.061,94.0,262.0,140.0,279.622,,,0.6517,0.3483,,False,on_map_at_end
1626,pkw,1402.0,,398.0,,120.856,100.0,376.0,22.0,387.123,,,0.9447,0.0553,,False,on_map_at_end
1627,pkw,1402.0,,398.0,,804.91,100.0,275.0,123.0,294.557,,,0.691,0.309,,False,on_map_at_end
1629,pkw,1404.0,,396.0,,360.382,94.0,350.0,46.0,353.565,,,0.8838,0.1162,,False,on_map_at_end
1630,pkw,1405.0,,395.0,,1266.421,87.0,255.0,140.0,281.021,,,0.6456,0.3544,,False,on_map_at_end
1631,pkw,1407.0,,393.0,,659.49,100.0,305.0,88.0,326.112,,,0.7761,0.2239,,False,on_map_at_end
1632,pkw,1407.0,,393.0,,59.944,100.0,376.0,17.0,386.343,,,0.9567,0.0433,,False,on_map_at_end
1633,pkw,1408.0,,392.0,,617.763,100.0,322.0,70.0,336.401,,,0.8214,0.1786,,False,on_map_at_end
1636,pkw,1409.0,,391.0,,135.859,100.0,359.0,32.0,378.773,,,0.9182,0.0818,,False,on_map_at_end
1638,pkw,1410.0,,390.0,,342.704,100.0,339.0,51.0,358.804,,,0.8692,0.1308,,False,on_map_at_end
1639,pkw,1411.0,,389.0,,52.443,100.0,372.0,17.0,382.413,,,0.9563,0.0437,,False,on_map_at_end
164,pkw,309.0,,1491.0,,348.981,100.0,1427.0,64.0,1458.15,,,0.9571,0.0429,,False,on_map_at_end
1640,pkw,1412.0,,388.0,,429.427,100.0,321.0,67.0,333.751,,,0.8273,0.1727,,False,on_map_at_end
1641,pkw,1412.0,,388.0,,387.386,88.0,325.0,63.0,353.135,,,0.8376,0.1624,,False,on_map_at_end
1642,pkw,1412.0,,388.0,,352.881,93.0,342.0,46.0,346.24,,,0.8814,0.1186,,False,on_map_at_end
1646,pkw,1416.0,,384.0,,597.559,100.0,293.0,91.0,329.305,,,0.763,0.237,,False,on_map_at_end
1647,pkw,1492.0,,308.0,,32.755,95.0,299.0,9.0,305.052,,,0.9708,0.0292,,False,on_map_at_end
1649,pkw,1418.0,,382.0,,556.914,94.0,304.0,78.0,330.321,,,0.7958,0.2042,,False,on_map_at_end
1650,pkw,1422.0,,378.0,,393.384,100.0,321.0,57.0,342.259,,,0.8492,0.1508,,False,on_map_at_end
1651,pkw,1422.0,,378.0,,1541.168,90.0,208.0,170.0,226.999,,,0.5503,0.4497,,False,on_map_at_end
1653,pkw,1423.0,,377.0,,523.522,98.0,305.0,72.0,328.639,,,0.809,0.191,,False,on_map_at_end
1654,pkw,1423.0,,377.0,,610.262,100.0,308.0,69.0,322.076,,,0.817,0.183,,False,on_map_at_end
1656,pkw,1425.0,,375.0,,332.414,100.0,321.0,54.0,344.602,,,0.856,0.144,,False,on_map_at_end
166,pkw,312.0,,1488.0,,1368.107,94.0,1310.0,178.0,1364.365,,,0.8804,0.1196,,False,on_map_at_end
1662,pkw,1430.0,,370.0,,836.764,100.0,275.0,95.0,291.518,,,0.7432,0.2568,,False,on_map_at_end
1663,pkw,1431.0,,369.0,,834.357,100.0,274.0,95.0,292.502,,,0.7425,0.2575,,False,on_map_at_end
1665,pkw,1431.0,,369.0,,1951.244,67.0,172.0,197.0,193.386,,,0.4661,0.5339,,False,on_map_at_end
1667,pkw,1434.0,,366.0,,379.885,86.0,302.0,64.0,331.81,,,0.8251,0.1749,,False,on_map_at_end
1668,pkw,1434.0,,366.0,,908.489,100.0,262.0,104.0,284.235,,,0.7158,0.2842,,False,on_map_at_end
1669,pkw,1530.0,,270.0,,2.046,100.0,263.0,7.0,269.816,,,0.9741,0.0259,,False,on_map_at_end
167,pkw,313.0,,1487.0,,80.377,100.0,1433.0,54.0,1479.766,,,0.9637,0.0363,,False,on_map_at_end
1670,pkw,1436.0,,364.0,,789.907,100.0,221.0,143.0,246.22,,,0.6071,0.3929,,False,on_map_at_end
1671,pkw,1437.0,,363.0,,372.383,87.0,300.0,63.0,329.485,,,0.8264,0.1736,,False,on_map_at_end
1673,pkw,1439.0,,361.0,,364.881,87.0,299.0,62.0,328.16,,,0.8283,0.1717,,False,on_map_at_end
1674,pkw,1440.0,,360.0,,311.464,100.0,302.0,58.0,315.182,,,0.8389,0.1611,,False,on_map_at_end
1676,pkw,1440.0,,360.0,,644.487,100.0,289.0,71.0,298.676,,,0.8028,0.1972,,False,on_map_at_end
1677,pkw,1440.0,,360.0,,390.481,100.0,312.0,48.0,324.856,,,0.8667,0.1333,,False,on_map_at_end
1678,pkw,1441.0,,359.0,,388.311,100.0,299.0,60.0,324.052,,,0.8329,0.1671,,False,on_map_at_end
168,pkw,313.0,,1487.0,,203.657,100.0,1420.0,67.0,1467.706,,,0.9549,0.0451,,False,on_map_at_end
1680,pkw,1443.0,,357.0,,916.978,100.0,243.0,114.0,260.349,,,0.6807,0.3193,,False,on_map_at_end
1681,pkw,1444.0,,356.0,,44.942,100.0,341.0,15.0,350.745,,,0.9579,0.0421,,False,on_map_at_end
1682,pkw,1444.0,,356.0,,1569.839,90.0,168.0,188.0,202.272,,,0.4719,0.5281,,False,on_map_at_end
1683,pkw,1445.0,,355.0,,123.96,100.0,308.0,47.0,343.216,,,0.8676,0.1324,,False,on_map_at_end
1684,pkw,1445.0,,355.0,,636.986,100.0,282.0,73.0,293.709,,,0.7944,0.2056,,False,on_map_at_end
1685,pkw,1445.0,,355.0,,380.81,100.0,302.0,53.0,320.727,,,0.8507,0.1493,,False,on_map_at_end
1686,pkw,1446.0,,354.0,,951.303,100.0,245.0,109.0,262.457,,,0.6921,0.3079,,False,on_map_at_end
1687,pkw,1446.0,,354.0,,345.38,92.0,311.0,43.0,312.915,,,0.8785,0.1215,,False,on_map_at_end
1688,pkw,1446.0,,354.0,,829.263,100.0,268.0,86.0,276.192,,,0.7571,0.2429,,False,on_map_at_end
1689,pkw,1447.0,,353.0,,408.913,100.0,286.0,67.0,301.678,,,0.8102,0.1898,,False,on_map_at_end
169,pkw,314.0,,1486.0,,173.404,100.0,1421.0,65.0,1469.217,,,0.9563,0.0437,,False,on_map_at_end
1690,pkw,1797.0,,3.0,,1.126,2.0,3.0,0.0,2.899,,,1.0,0.0,,False,on_map_at_end
1692,pkw,1451.0,,349.0,,1467.168,70.0,183.0,166.0,212.602,,,0.5244,0.4756,,False,on_map_at_end
1694,pkw,1451.0,,349.0,,922.2,97.0,254.0,95.0,262.586,,,0.7278,0.2722,,False,on_map_at_end
1695,pkw,1452.0,,348.0,,357.375,86.0,296.0,52.0,315.836,,,0.8506,0.1494,,False,on_map_at_end
1697,pkw,1455.0,,345.0,,158.161,100.0,317.0,28.0,330.765,,,0.9188,0.0812,,False,on_map_at_end
1699,pkw,1456.0,,344.0,,689.335,100.0,270.0,74.0,277.432,,,0.7849,0.2151,,False,on_map_at_end
17,pkw,27.0,,1773.0,,1594.244,100.0,1577.0,196.0,1617.572,,,0.8895,0.1105,,False,on_map_at_end
1700,pkw,1592.0,,208.0,,4.617,100.0,199.0,9.0,207.585,,,0.9567,0.0433,,False,on_map_at_end
1701,pkw,1456.0,,344.0,,1640.699,99.0,182.0,162.0,195.704,,,0.5291,0.4709,,False,on_map_at_end
1703,pkw,1459.0,,341.0,,693.956,100.0,247.0,94.0,264.613,,,0.7243,0.2757,,False,on_map_at_end
1704,pkw,1460.0,,340.0,,430.643,99.0,291.0,49.0,299.851,,,0.8559,0.1441,,False,on_map_at_end
1705,pkw,1461.0,,339.0,,837.533,100.0,251.0,88.0,263.621,,,0.7404,0.2596,,False,on_map_at_end
1706,pkw,1461.0,,339.0,,1144.809,91.0,187.0,152.0,222.078,,,0.5516,0.4484,,False,on_map_at_end
1708,pkw,1463.0,,337.0,,659.331,100.0,251.0,86.0,269.909,,,0.7448,0.2552,,False,on_map_at_end
1709,pkw,1464.0,,336.0,,1011.461,100.0,222.0,114.0,243.983,,,0.6607,0.3393,,False,on_map_at_end
1710,pkw,1465.0,,335.0,,54.714,100.0,312.0,23.0,330.076,,,0.9313,0.0687,,False,on_map_at_end
1711,pkw,1465.0,,335.0,,401.412,100.0,276.0,59.0,290.812,,,0.8239,0.1761,,False,on_map_at_end
1713,pkw,1467.0,,333.0,,74.149,100.0,318.0,15.0,326.327,,,0.955,0.045,,False,on_map_at_end
1715,pkw,1469.0,,331.0,,387.943,100.0,274.0,57.0,295.292,,,0.8278,0.1722,,False,on_map_at_end
1717,pkw,1473.0,,327.0,,337.879,92.0,285.0,42.0,286.591,,,0.8716,0.1284,,False,on_map_at_end
1718,pkw,1473.0,,327.0,,885.986,100.0,236.0,91.0,247.26,,,0.7217,0.2783,,False,on_map_at_end
1719,pkw,1475.0,,325.0,,330.378,90.0,280.0,45.0,285.266,,,0.8615,0.1385,,False,on_map_at_end
1720,pkw,1477.0,,323.0,,353.082,100.0,273.0,50.0,290.851,,,0.8452,0.1548,,False,on_map_at_end
1721,pkw,1477.0,,323.0,,488.894,100.0,257.0,66.0,266.346,,,0.7957,0.2043,,False,on_map_at_end
1722,pkw,1479.0,,321.0,,397.982,100.0,263.0,58.0,285.181,,,0.8193,0.1807,,False,on_map_at_end
1723,pkw,1481.0,,319.0,,349.869,86.0,269.0,50.0,287.511,,,0.8433,0.1567,,False,on_map_at_end
1724,pkw,1488.0,,312.0,,552.478,95.0,247.0,65.0,262.016,,,0.7917,0.2083,,False,on_map_at_end
1725,pkw,1486.0,,314.0,,559.846,100.0,221.0,93.0,239.007,,,0.7038,0.2962,,False,on_map_at_end
1726,pkw,1486.0,,314.0,,894.069,100.0,211.0,103.0,223.139,,,0.672,0.328,,False,on_map_at_end
1727,pkw,1487.0,,313.0,,870.729,100.0,226.0,87.0,234.634,,,0.722,0.278,,False,on_map_at_end
1728,pkw,1487.0,,313.0,,432.985,100.0,259.0,54.0,262.066,,,0.8275,0.1725,,False,on_map_at_end
1729,pkw,1490.0,,310.0,,342.348,85.0,260.0,50.0,279.188,,,0.8387,0.1613,,False,on_map_at_end
1731,pkw,1490.0,,310.0,,1304.878,99.0,156.0,154.0,180.285,,,0.5032,0.4968,,False,on_map_at_end
1732,pkw,1491.0,,309.0,,334.824,84.0,258.0,51.0,278.866,,,0.835,0.165,,False,on_map_at_end
1735,pkw,1494.0,,306.0,,196.198,100.0,255.0,51.0,288.342,,,0.8333,0.1667,,False,on_map_at_end
1737,pkw,1495.0,,305.0,,1967.337,68.0,110.0,195.0,127.599,,,0.3607,0.6393,,False,on_map_at_end
1739,pkw,1499.0,,301.0,,113.355,100.0,278.0,23.0,290.798,,,0.9236,0.0764,,False,on_map_at_end
1740,pkw,1501.0,,299.0,,128.358,100.0,275.0,24.0,287.448,,,0.9197,0.0803,,False,on_map_at_end
1741,pkw,1502.0,,298.0,,902.966,100.0,194.0,104.0,215.121,,,0.651,0.349,,False,on_map_at_end
1742,pkw,1502.0,,298.0,,1339.04,85.0,139.0,159.0,176.804,,,0.4664,0.5336,,False,on_map_at_end
1743,pkw,1502.0,,298.0,,322.877,90.0,256.0,42.0,258.941,,,0.8591,0.1409,,False,on_map_at_end
1746,pkw,1505.0,,295.0,,593.418,100.0,222.0,73.0,234.648,,,0.7525,0.2475,,False,on_map_at_end
1747,pkw,1507.0,,293.0,,315.376,88.0,249.0,44.0,254.616,,,0.8498,0.1502,,False,on_map_at_end
1748,pkw,1509.0,,291.0,,120.856,100.0,269.0,22.0,280.123,,,0.9244,0.0756,,False,on_map_at_end
1749,pkw,1509.0,,291.0,,2030.316,0.0,20.0,271.0,53.364,,,0.0687,0.9313,,False,on_map_at_end
1750,pkw,1512.0,,288.0,,504.657,100.0,233.0,55.0,241.288,,,0.809,0.191,,False,on_map_at_end
1752,pkw,1515.0,,285.0,,1943.743,65.0,86.0,199.0,110.061,,,0.3018,0.6982,,False,on_map_at_end
1753,pkw,1515.0,,285.0,,327.274,84.0,237.0,48.0,255.545,,,0.8316,0.1684,,False,on_map_at_end
1754,pkw,1518.0,,282.0,,89.289,100.0,270.0,12.0,273.964,,,0.9574,0.0426,,False,on_map_at_end
1755,pkw,1518.0,,282.0,,385.883,100.0,219.0,63.0,247.04,,,0.7766,0.2234,,False,on_map_at_end
1756,pkw,1519.0,,281.0,,2057.421,2.0,15.0,266.0,43.84,,,0.0534,0.9466,,False,on_map_at_end
1757,pkw,1520.0,,280.0,,373.309,100.0,222.0,58.0,246.402,,,0.7929,0.2071,,False,on_map_at_end
1758,pkw,1520.0,,280.0,,897.987,100.0,177.0,103.0,190.008,,,0.6321,0.3679,,False,on_map_at_end
1759,pkw,1520.0,,280.0,,380.375,100.0,223.0,57.0,237.762,,,0.7964,0.2036,,False,on_map_at_end
176,pkw,320.0,,1480.0,,1170.581,100.0,1321.0,159.0,1372.967,,,0.8926,0.1074,,False,on_map_at_end
1761,pkw,1522.0,,278.0,,2164.701,0.0,56.0,222.0,81.711,,,0.2014,0.7986,,False,on_map_at_end
1762,pkw,1524.0,,276.0,,319.395,86.0,230.0,46.0,247.254,,,0.8333,0.1667,,False,on_map_at_end
1763,pkw,1527.0,,273.0,,311.679,88.0,230.0,43.0,244.949,,,0.8425,0.1575,,False,on_map_at_end
1765,pkw,1532.0,,268.0,,272.261,100.0,220.0,48.0,243.496,,,0.8209,0.1791,,False,on_map_at_end
1766,pkw,1533.0,,267.0,,355.567,100.0,230.0,37.0,234.999,,,0.8614,0.1386,,False,on_map_at_end
177,pkw,320.0,,1480.0,,898.266,100.0,1338.0,142.0,1366.294,,,0.9041,0.0959,,False,on_map_at_end
1770,pkw,1536.0,,264.0,,1179.977,30.0,97.0,167.0,110.579,,,0.3674,0.6326,,False,on_map_at_end
1771,pkw,1538.0,,262.0,,303.731,88.0,219.0,43.0,234.664,,,0.8359,0.1641,,False,on_map_at_end
1774,pkw,1539.0,,261.0,,461.837,100.0,214.0,47.0,219.434,,,0.8199,0.1801,,False,on_map_at_end
1776,pkw,1541.0,,259.0,,880.283,100.0,161.0,98.0,174.988,,,0.6216,0.3784,,False,on_map_at_end
1777,pkw,1543.0,,257.0,,114.222,96.0,237.0,20.0,246.453,,,0.9222,0.0778,,False,on_map_at_end
1778,pkw,1546.0,,254.0,,295.701,90.0,214.0,40.0,227.387,,,0.8425,0.1575,,False,on_map_at_end
1779,pkw,1549.0,,251.0,,814.261,100.0,165.0,86.0,173.658,,,0.6574,0.3426,,False,on_map_at_end
178,pkw,321.0,,1479.0,,306.983,100.0,1413.0,66.0,1441.926,,,0.9554,0.0446,,False,on_map_at_end
1780,pkw,1549.0,,251.0,,1397.726,74.0,95.0,156.0,120.909,,,0.3785,0.6215,,False,on_map_at_end
1781,pkw,1551.0,,249.0,,307.875,88.0,206.0,43.0,221.291,,,0.8273,0.1727,,False,on_map_at_end
1782,pkw,1551.0,,249.0,,2142.498,0.0,35.0,214.0,54.557,,,0.1406,0.8594,,False,on_map_at_end
1783,pkw,1552.0,,248.0,,300.374,89.0,204.0,44.0,220.966,,,0.8226,0.1774,,False,on_map_at_end
1785,pkw,1555.0,,245.0,,287.49,92.0,208.0,37.0,219.126,,,0.849,0.151,,False,on_map_at_end
1786,pkw,1556.0,,244.0,,833.224,100.0,162.0,82.0,169.009,,,0.6639,0.3361,,False,on_map_at_end
1787,pkw,1559.0,,241.0,,2077.927,36.0,36.0,205.0,53.646,,,0.1494,0.8506,,False,on_map_at_end
1788,pkw,1559.0,,241.0,,288.961,100.0,195.0,46.0,209.138,,,0.8091,0.1909,,False,on_map_at_end
1789,pkw,1564.0,,236.0,,391.952,100.0,191.0,45.0,198.327,,,0.8093,0.1907,,False,on_map_at_end
1791,pkw,1565.0,,235.0,,732.542,100.0,140.0,95.0,150.392,,,0.5957,0.4043,,False,on_map_at_end
1792,pkw,1565.0,,235.0,,887.964,100.0,133.0,102.0,153.792,,,0.566,0.434,,False,on_map_at_end
1793,pkw,1565.0,,235.0,,686.455,100.0,132.0,103.0,142.48,,,0.5617,0.4383,,False,on_map_at_end
1794,pkw,1565.0,,235.0,,81.788,100.0,224.0,11.0,227.639,,,0.9532,0.0468,,False,on_map_at_end
1795,pkw,1567.0,,233.0,,24.71,100.0,212.0,21.0,230.776,,,0.9099,0.0901,,False,on_map_at_end
1796,pkw,1567.0,,233.0,,292.873,89.0,193.0,40.0,206.641,,,0.8283,0.1717,,False,on_map_at_end
1799,pkw,1580.0,,220.0,,234.708,100.0,183.0,37.0,190.086,,,0.8318,0.1682,,False,on_map_at_end
1800,pkw,1582.0,,218.0,,481.061,100.0,155.0,63.0,165.538,,,0.711,0.289,,False,on_map_at_end
1801,pkw,1584.0,,216.0,,23.996,100.0,185.0,31.0,213.84,,,0.8565,0.1435,,False,on_map_at_end
1802,pkw,1584.0,,216.0,,281.46,100.0,169.0,47.0,183.751,,,0.7824,0.2176,,False,on_map_at_end
1803,pkw,1584.0,,216.0,,1928.741,25.0,26.0,190.0,42.412,,,0.1204,0.8796,,False,on_map_at_end
1804,pkw,1585.0,,215.0,,148.61,100.0,187.0,28.0,201.032,,,0.8698,0.1302,,False,on_map_at_end
1805,pkw,1587.0,,213.0,,1382.724,39.0,63.0,150.0,83.709,,,0.2958,0.7042,,False,on_map_at_end
1807,pkw,1614.0,,186.0,,334.006,100.0,138.0,48.0,150.418,,,0.7419,0.2581,,False,on_map_at_end
1809,pkw,1591.0,,209.0,,1929.467,0.0,11.0,198.0,33.363,,,0.0526,0.9474,,False,on_map_at_end
1810,pkw,1592.0,,208.0,,414.576,100.0,161.0,47.0,168.861,,,0.774,0.226,,False,on_map_at_end
1811,pkw,1593.0,,207.0,,1465.05,41.0,55.0,152.0,74.018,,,0.2657,0.7343,,False,on_map_at_end
1812,pkw,1596.0,,204.0,,1132.809,32.0,35.0,169.0,53.964,,,0.1716,0.8284,,False,on_map_at_end
1813,pkw,1640.0,,160.0,,319.004,57.0,111.0,49.0,114.81,,,0.6937,0.3063,,False,on_map_at_end
1814,pkw,1598.0,,202.0,,123.655,100.0,174.0,28.0,190.376,,,0.8614,0.1386,,False,on_map_at_end
1815,pkw,1600.0,,200.0,,451.289,100.0,137.0,63.0,145.296,,,0.685,0.315,,False,on_map_at_end
1816,pkw,1600.0,,200.0,,305.817,84.0,162.0,38.0,171.829,,,0.81,0.19,,False,on_map_at_end
1817,pkw,1642.0,,158.0,,16.495,100.0,136.0,22.0,156.515,,,0.8608,0.1392,,False,on_map_at_end
1818,pkw,1601.0,,199.0,,111.029,100.0,177.0,22.0,189.007,,,0.8894,0.1106,,False,on_map_at_end
182,pkw,328.0,,1472.0,,636.526,98.0,1262.0,210.0,1275.187,,,0.8573,0.1427,,False,on_map_at_end
1820,pkw,1606.0,,194.0,,111.029,100.0,170.0,24.0,184.007,,,0.8763,0.1237,,False,on_map_at_end
1822,pkw,1609.0,,191.0,,302.898,100.0,153.0,38.0,159.954,,,0.801,0.199,,False,on_map_at_end
1824,pkw,1610.0,,190.0,,677.809,100.0,120.0,70.0,128.752,,,0.6316,0.3684,,False,on_map_at_end
1825,pkw,1611.0,,189.0,,278.923,93.0,153.0,36.0,163.897,,,0.8095,0.1905,,False,on_map_at_end
1827,pkw,1614.0,,186.0,,1277.137,37.0,36.0,150.0,62.715,,,0.1935,0.8065,,False,on_map_at_end
1828,pkw,1616.0,,184.0,,66.648,100.0,171.0,13.0,178.002,,,0.9293,0.0707,,False,on_map_at_end
183,pkw,332.0,,1468.0,,1009.841,100.0,1331.0,137.0,1377.133,,,0.9067,0.0933,,False,on_map_at_end
1831,pkw,1618.0,,182.0,,1625.155,0.0,5.0,177.0,25.181,,,0.0275,0.9725,,False,on_map_at_end
1832,pkw,1618.0,,182.0,,776.755,97.0,96.0,86.0,104.973,,,0.5275,0.4725,,False,on_map_at_end
1833,pkw,1619.0,,181.0,,46.412,100.0,161.0,20.0,176.823,,,0.8895,0.1105,,False,on_map_at_end
1835,pkw,1623.0,,177.0,,780.716,100.0,99.0,78.0,106.735,,,0.5593,0.4407,,False,on_map_at_end
1836,pkw,1628.0,,172.0,,1194.1,20.0,49.0,123.0,63.42,,,0.2849,0.7151,,False,on_map_at_end
1837,pkw,1628.0,,172.0,,752.402,9.0,8.0,164.0,32.073,,,0.0465,0.9535,,False,on_map_at_end
1838,pkw,1629.0,,171.0,,93.866,100.0,150.0,21.0,162.552,,,0.8772,0.1228,,False,on_map_at_end
1839,pkw,1629.0,,171.0,,943.143,66.0,68.0,103.0,85.045,,,0.3977,0.6023,,False,on_map_at_end
184,pkw,333.0,,1467.0,,1488.389,100.0,1285.0,182.0,1329.652,,,0.8759,0.1241,,False,on_map_at_end
1840,pkw,1630.0,,170.0,,1645.52,0.0,3.0,167.0,17.793,,,0.0176,0.9824,,False,on_map_at_end
1842,pkw,1635.0,,165.0,,860.482,61.0,62.0,103.0,85.876,,,0.3758,0.6242,,False,on_map_at_end
1843,pkw,1635.0,,165.0,,270.377,94.0,131.0,34.0,140.666,,,0.7939,0.2061,,False,on_map_at_end
1845,pkw,1636.0,,164.0,,1299.07,18.0,18.0,146.0,33.373,,,0.1098,0.8902,,False,on_map_at_end
1847,pkw,1638.0,,162.0,,678.954,71.0,70.0,92.0,82.725,,,0.4321,0.5679,,False,on_map_at_end
1848,pkw,1638.0,,162.0,,1003.579,0.0,0.0,162.0,35.825,,,0.0,1.0,,False,on_map_at_end
1849,pkw,1639.0,,161.0,,92.576,96.0,146.0,15.0,152.668,,,0.9068,0.0932,,False,on_map_at_end
185,pkw,333.0,,1467.0,,92.776,100.0,1413.0,54.0,1458.65,,,0.9632,0.0368,,False,on_map_at_end
1850,pkw,1640.0,,160.0,,1269.635,17.0,16.0,144.0,34.537,,,0.1,0.9,,False,on_map_at_end
1851,pkw,1643.0,,157.0,,563.991,46.0,90.0,67.0,93.292,,,0.5732,0.4268,,False,on_map_at_end
1852,pkw,1644.0,,156.0,,113.355,100.0,142.0,14.0,145.798,,,0.9103,0.0897,,False,on_map_at_end
1853,pkw,1644.0,,156.0,,85.075,95.0,140.0,16.0,148.343,,,0.8974,0.1026,,False,on_map_at_end
1854,pkw,1645.0,,155.0,,1229.16,16.0,21.0,134.0,40.144,,,0.1355,0.8645,,False,on_map_at_end
1855,pkw,1647.0,,153.0,,360.704,94.0,110.0,43.0,120.536,,,0.719,0.281,,False,on_map_at_end
1856,pkw,1647.0,,153.0,,265.3,100.0,122.0,31.0,127.662,,,0.7974,0.2026,,False,on_map_at_end
1857,pkw,1649.0,,151.0,,577.899,57.0,56.0,95.0,65.924,,,0.3709,0.6291,,False,on_map_at_end
1858,pkw,1649.0,,151.0,,727.675,63.0,62.0,89.0,74.841,,,0.4106,0.5894,,False,on_map_at_end
1859,pkw,1650.0,,150.0,,394.328,100.0,110.0,40.0,114.51,,,0.7333,0.2667,,False,on_map_at_end
1861,pkw,1652.0,,148.0,,358.307,67.0,104.0,44.0,115.752,,,0.7027,0.2973,,False,on_map_at_end
1862,pkw,1653.0,,147.0,,367.978,100.0,104.0,43.0,113.525,,,0.7075,0.2925,,False,on_map_at_end
1863,pkw,1654.0,,146.0,,261.623,96.0,116.0,30.0,122.454,,,0.7945,0.2055,,False,on_map_at_end
1864,pkw,1654.0,,146.0,,1129.127,21.0,24.0,122.0,36.042,,,0.1644,0.8356,,False,on_map_at_end
1865,pkw,1655.0,,145.0,,112.408,100.0,124.0,21.0,134.883,,,0.8552,0.1448,,False,on_map_at_end
1866,pkw,1658.0,,142.0,,703.739,60.0,59.0,83.0,68.082,,,0.4155,0.5845,,False,on_map_at_end
1867,pkw,1658.0,,142.0,,108.653,100.0,127.0,15.0,131.517,,,0.8944,0.1056,,False,on_map_at_end
1868,pkw,1662.0,,138.0,,9.801,95.0,133.0,5.0,136.61,,,0.9638,0.0362,,False,on_map_at_end
1869,pkw,1665.0,,135.0,,567.217,55.0,54.0,81.0,71.935,,,0.4,0.6,,False,on_map_at_end
187,pkw,334.0,,1466.0,,161.584,100.0,1417.0,49.0,1445.688,,,0.9666,0.0334,,False,on_map_at_end
1870,pkw,1666.0,,134.0,,508.157,56.0,56.0,78.0,69.647,,,0.4179,0.5821,,False,on_map_at_end
1871,pkw,1667.0,,133.0,,71.453,100.0,116.0,17.0,116.73,,,0.8722,0.1278,,False,on_map_at_end
1872,pkw,1668.0,,132.0,,353.203,89.0,88.0,44.0,100.211,,,0.6667,0.3333,,False,on_map_at_end
1873,pkw,1668.0,,132.0,,299.049,100.0,100.0,32.0,105.085,,,0.7576,0.2424,,False,on_map_at_end
1874,pkw,1669.0,,131.0,,443.788,75.0,74.0,57.0,83.706,,,0.5649,0.4351,,False,on_map_at_end
1875,pkw,1670.0,,130.0,,820.274,46.0,45.0,85.0,52.578,,,0.3462,0.6538,,False,on_map_at_end
1876,pkw,1671.0,,129.0,,928.82,37.0,37.0,92.0,44.489,,,0.2868,0.7132,,False,on_map_at_end
1877,pkw,1671.0,,129.0,,257.259,100.0,101.0,28.0,105.548,,,0.7829,0.2171,,False,on_map_at_end
1878,pkw,1672.0,,128.0,,8.994,100.0,123.0,5.0,127.191,,,0.9609,0.0391,,False,on_map_at_end
1879,pkw,1673.0,,127.0,,1172.569,0.0,0.0,127.0,9.978,,,0.0,1.0,,False,on_map_at_end
1880,pkw,1675.0,,125.0,,905.638,32.0,31.0,94.0,41.987,,,0.248,0.752,,False,on_map_at_end
1881,pkw,1794.0,,6.0,,5.85,0.0,0.0,6.0,5.474,,,0.0,1.0,,False,on_map_at_end
1882,pkw,1681.0,,119.0,,379.325,81.0,80.0,39.0,84.86,,,0.6723,0.3277,,False,on_map_at_end
1883,pkw,1681.0,,119.0,,1257.393,0.0,0.0,119.0,5.524,,,0.0,1.0,,False,on_map_at_end
1884,pkw,1681.0,,119.0,,103.528,100.0,106.0,13.0,109.272,,,0.8908,0.1092,,False,on_map_at_end
1886,pkw,1682.0,,118.0,,378.909,62.0,61.0,57.0,67.86,,,0.5169,0.4831,,False,on_map_at_end
1887,pkw,1682.0,,118.0,,292.326,66.0,84.0,34.0,91.401,,,0.7119,0.2881,,False,on_map_at_end
1888,pkw,1683.0,,117.0,,204.704,88.0,89.0,28.0,98.324,,,0.7607,0.2393,,False,on_map_at_end
1889,pkw,1684.0,,116.0,,436.287,51.0,50.0,66.0,58.029,,,0.431,0.569,,False,on_map_at_end
1890,pkw,1688.0,,112.0,,78.959,96.0,99.0,13.0,104.894,,,0.8839,0.1161,,False,on_map_at_end
1891,pkw,1689.0,,111.0,,323.078,73.0,72.0,39.0,81.623,,,0.6486,0.3514,,False,on_map_at_end
1893,pkw,1691.0,,109.0,,1125.224,0.0,0.0,109.0,6.84,,,0.0,1.0,,False,on_map_at_end
1894,pkw,1691.0,,109.0,,351.189,57.0,56.0,53.0,64.906,,,0.5138,0.4862,,False,on_map_at_end
1895,pkw,1691.0,,109.0,,103.528,98.0,97.0,12.0,99.682,,,0.8899,0.1101,,False,on_map_at_end
1896,pkw,1692.0,,108.0,,640.303,44.0,43.0,65.0,50.191,,,0.3981,0.6019,,False,on_map_at_end
1897,pkw,1695.0,,105.0,,876.556,12.0,12.0,93.0,24.917,,,0.1143,0.8857,,False,on_map_at_end
1898,pkw,1695.0,,105.0,,253.538,75.0,75.0,30.0,82.181,,,0.7143,0.2857,,False,on_map_at_end
1899,pkw,1696.0,,104.0,,343.688,54.0,53.0,51.0,63.132,,,0.5096,0.4904,,False,on_map_at_end
1901,pkw,1698.0,,102.0,,245.255,76.0,75.0,27.0,79.927,,,0.7353,0.2647,,False,on_map_at_end
1903,pkw,1702.0,,98.0,,105.854,85.0,84.0,14.0,88.473,,,0.8571,0.1429,,False,on_map_at_end
1904,pkw,1702.0,,98.0,,524.915,44.0,44.0,54.0,50.757,,,0.449,0.551,,False,on_map_at_end
1905,pkw,1704.0,,96.0,,967.887,0.0,0.0,96.0,7.203,,,0.0,1.0,,False,on_map_at_end
1908,pkw,1707.0,,93.0,,237.64,64.0,63.0,30.0,68.549,,,0.6774,0.3226,,False,on_map_at_end
1909,pkw,1708.0,,92.0,,952.174,0.0,0.0,92.0,5.468,,,0.0,1.0,,False,on_map_at_end
191,pkw,338.0,,1462.0,,150.901,100.0,1404.0,58.0,1447.844,,,0.9603,0.0397,,False,on_map_at_end
1911,pkw,1709.0,,91.0,,812.397,0.0,0.0,91.0,7.127,,,0.0,1.0,,False,on_map_at_end
1912,pkw,1709.0,,91.0,,101.152,76.0,75.0,16.0,80.738,,,0.8242,0.1758,,False,on_map_at_end
1913,pkw,1711.0,,89.0,,37.441,83.0,82.0,7.0,84.904,,,0.9213,0.0787,,False,on_map_at_end
1914,pkw,1712.0,,88.0,,399.423,37.0,36.0,52.0,45.385,,,0.4091,0.5909,,False,on_map_at_end
1915,pkw,1712.0,,88.0,,45.599,82.0,81.0,7.0,83.896,,,0.9205,0.0795,,False,on_map_at_end
1916,pkw,1712.0,,88.0,,291.548,58.0,57.0,31.0,61.76,,,0.6477,0.3523,,False,on_map_at_end
1917,pkw,1713.0,,87.0,,853.022,0.0,0.0,87.0,5.58,,,0.0,1.0,,False,on_map_at_end
1918,pkw,1715.0,,85.0,,570.393,3.0,2.0,83.0,11.063,,,0.0235,0.9765,,False,on_map_at_end
1919,pkw,1715.0,,85.0,,886.764,0.0,0.0,85.0,4.869,,,0.0,1.0,,False,on_map_at_end
1920,pkw,1715.0,,85.0,,230.0,62.0,61.0,24.0,64.3,,,0.7176,0.2824,,False,on_map_at_end
1921,pkw,1716.0,,84.0,,465.679,11.0,10.0,74.0,19.496,,,0.119,0.881,,False,on_map_at_end
1923,pkw,1718.0,,82.0,,467.152,34.0,33.0,49.0,38.868,,,0.4024,0.5976,,False,on_map_at_end
1924,pkw,1723.0,,77.0,,452.15,24.0,23.0,54.0,35.094,,,0.2987,0.7013,,False,on_map_at_end
1926,pkw,1730.0,,70.0,,285.372,32.0,31.0,39.0,44.316,,,0.4429,0.5571,,False,on_map_at_end
1927,pkw,1731.0,,69.0,,599.35,0.0,0.0,69.0,7.613,,,0.0,1.0,,False,on_map_at_end
1928,pkw,1732.0,,68.0,,566.039,0.0,0.0,68.0,6.478,,,0.0,1.0,,False,on_map_at_end
193,pkw,339.0,,1461.0,,70.273,100.0,1416.0,45.0,1454.675,,,0.9692,0.0308,,False,on_map_at_end
1931,pkw,1736.0,,64.0,,519.917,10.0,10.0,54.0,17.207,,,0.1562,0.8438,,False,on_map_at_end
1933,pkw,1739.0,,61.0,,624.057,0.0,0.0,61.0,4.001,,,0.0,1.0,,False,on_map_at_end
1934,pkw,1740.0,,60.0,,606.256,0.0,0.0,60.0,3.912,,,0.0,1.0,,False,on_map_at_end
1936,pkw,1740.0,,60.0,,319.982,0.0,0.0,60.0,4.97,,,0.0,1.0,,False,on_map_at_end
1937,pkw,1740.0,,60.0,,93.651,47.0,46.0,14.0,51.038,,,0.7667,0.2333,,False,on_map_at_end
1938,pkw,1741.0,,59.0,,71.458,51.0,50.0,9.0,52.569,,,0.8475,0.1525,,False,on_map_at_end
1939,pkw,1742.0,,58.0,,25.971,53.0,52.0,6.0,55.663,,,0.8966,0.1034,,False,on_map_at_end
194,pkw,340.0,,1460.0,,62.772,100.0,1414.0,46.0,1454.35,,,0.9685,0.0315,,False,on_map_at_end
1940,pkw,1743.0,,57.0,,463.584,0.0,0.0,57.0,6.629,,,0.0,1.0,,False,on_map_at_end
1941,pkw,1744.0,,56.0,,29.939,51.0,50.0,6.0,52.52,,,0.8929,0.1071,,False,on_map_at_end
1942,pkw,1745.0,,55.0,,548.153,0.0,0.0,55.0,4.364,,,0.0,1.0,,False,on_map_at_end
1943,pkw,1745.0,,55.0,,257.642,14.0,13.0,42.0,20.597,,,0.2364,0.7636,,False,on_map_at_end
1944,pkw,1746.0,,54.0,,265.393,19.0,18.0,36.0,25.136,,,0.3333,0.6667,,False,on_map_at_end
1946,pkw,1749.0,,51.0,,292.326,18.0,18.0,33.0,24.191,,,0.3529,0.6471,,False,on_map_at_end
1947,pkw,1750.0,,50.0,,328.686,3.0,2.0,48.0,8.25,,,0.04,0.96,,False,on_map_at_end
1948,pkw,1751.0,,49.0,,463.021,0.0,0.0,49.0,3.205,,,0.0,1.0,,False,on_map_at_end
1949,pkw,1752.0,,48.0,,166.296,28.0,28.0,20.0,32.809,,,0.5833,0.4167,,False,on_map_at_end
1950,pkw,1755.0,,45.0,,96.027,35.0,34.0,11.0,36.357,,,0.7556,0.2444,,False,on_map_at_end
1951,pkw,1756.0,,44.0,,10.969,40.0,39.0,5.0,43.013,,,0.8864,0.1136,,False,on_map_at_end
1953,pkw,1756.0,,44.0,,393.868,0.0,0.0,44.0,5.11,,,0.0,1.0,,False,on_map_at_end
1954,pkw,1758.0,,42.0,,345.702,7.0,6.0,36.0,10.886,,,0.1429,0.8571,,False,on_map_at_end
1955,pkw,1761.0,,39.0,,222.432,15.0,14.0,25.0,18.981,,,0.359,0.641,,False,on_map_at_end
1959,pkw,1765.0,,35.0,,279.724,0.0,0.0,35.0,3.707,,,0.0,1.0,,False,on_map_at_end
1960,pkw,1766.0,,34.0,,341.578,0.0,0.0,34.0,1.858,,,0.0,1.0,,False,on_map_at_end
1963,pkw,1773.0,,27.0,,153.602,9.0,9.0,18.0,13.176,,,0.3333,0.6667,,False,on_map_at_end
1965,pkw,1776.0,,24.0,,105.854,12.0,11.0,13.0,14.473,,,0.4583,0.5417,,False,on_map_at_end
1966,pkw,1777.0,,23.0,,164.873,0.0,0.0,23.0,2.837,,,0.0,1.0,,False,on_map_at_end
1967,pkw,1779.0,,21.0,,203.445,0.0,0.0,21.0,2.69,,,0.0,1.0,,False,on_map_at_end
1969,pkw,1784.0,,16.0,,139.382,0.0,0.0,16.0,2.637,,,0.0,1.0,,False,on_map_at_end
1970,pkw,1784.0,,16.0,,169.051,0.0,0.0,16.0,0.785,,,0.0,1.0,,False,on_map_at_end
1971,pkw,1786.0,,14.0,,124.654,0.0,0.0,14.0,0.919,,,0.0,1.0,,False,on_map_at_end
1972,pkw,1787.0,,13.0,,100.091,0.0,0.0,13.0,1.353,,,0.0,1.0,,False,on_map_at_end
1973,pkw,1790.0,,10.0,,102.446,0.0,0.0,10.0,0.78,,,0.0,1.0,,False,on_map_at_end
1974,pkw,1790.0,,10.0,,106.298,0.0,0.0,10.0,0.433,,,0.0,1.0,,False,on_map_at_end
1975,pkw,1790.0,,10.0,,106.165,0.0,0.0,10.0,0.445,,,0.0,1.0,,False,on_map_at_end
1976,pkw,1791.0,,9.0,,87.87,0.0,0.0,9.0,1.092,,,0.0,1.0,,False,on_map_at_end
1977,pkw,1791.0,,9.0,,96.31,0.0,0.0,9.0,0.332,,,0.0,1.0,,False,on_map_at_end
1978,pkw,1792.0,,8.0,,59.313,0.0,0.0,8.0,1.232,,,0.0,1.0,,False,on_map_at_end
1979,pkw,1794.0,,6.0,,62.952,0.0,0.0,6.0,0.334,,,0.0,1.0,,False,on_map_at_end
1981,pkw,1799.0,,1.0,,10.309,0.0,0.0,1.0,0.072,,,0.0,1.0,,False,on_map_at_end
1982,pkw,1799.0,,1.0,,10.53,0.0,0.0,1.0,0.052,,,0.0,1.0,,False,on_map_at_end
203,pkw,354.0,,1446.0,,154.083,100.0,1395.0,51.0,1425.328,,,0.9647,0.0353,,False,on_map_at_end
205,pkw,356.0,,1444.0,,2110.553,100.0,1177.0,267.0,1242.125,,,0.8151,0.1849,,False,on_map_at_end
206,pkw,359.0,,1441.0,,146.582,100.0,1390.0,51.0,1424.981,,,0.9646,0.0354,,False,on_map_at_end
207,pkw,364.0,,1436.0,,180.905,100.0,1368.0,68.0,1419.23,,,0.9526,0.0474,,False,on_map_at_end
209,pkw,365.0,,1435.0,,1400.573,100.0,1252.0,183.0,1306.039,,,0.8725,0.1275,,False,on_map_at_end
210,pkw,366.0,,1434.0,,798.705,100.0,1317.0,117.0,1361.344,,,0.9184,0.0816,,False,on_map_at_end
211,pkw,367.0,,1433.0,,1868.948,100.0,1219.0,214.0,1264.327,,,0.8507,0.1493,,False,on_map_at_end
212,pkw,369.0,,1431.0,,293.803,100.0,1358.0,73.0,1403.69,,,0.949,0.051,,False,on_map_at_end
213,pkw,370.0,,1430.0,,139.081,100.0,1374.0,56.0,1409.471,,,0.9608,0.0392,,False,on_map_at_end
215,pkw,375.0,,1425.0,,1523.72,92.0,1208.0,217.0,1277.865,,,0.8477,0.1523,,False,on_map_at_end
218,pkw,382.0,,1418.0,,1692.596,99.0,1199.0,219.0,1259.815,,,0.8456,0.1544,,False,on_map_at_end
219,pkw,384.0,,1416.0,,991.77,100.0,1287.0,129.0,1325.917,,,0.9089,0.0911,,False,on_map_at_end
221,pkw,385.0,,1415.0,,367.46,100.0,1349.0,66.0,1382.468,,,0.9534,0.0466,,False,on_map_at_end
222,pkw,387.0,,1413.0,,2361.363,66.0,1164.0,249.0,1192.861,,,0.8238,0.1762,,False,on_map_at_end
223,pkw,387.0,,1413.0,,1922.503,94.0,1170.0,243.0,1224.946,,,0.828,0.172,,False,on_map_at_end
225,pkw,390.0,,1410.0,,2152.547,89.0,1115.0,295.0,1209.462,,,0.7908,0.2092,,False,on_map_at_end
226,pkw,638.0,,1162.0,,57.874,100.0,1117.0,45.0,1156.791,,,0.9613,0.0387,,False,on_map_at_end
228,pkw,392.0,,1408.0,,1218.617,100.0,1266.0,142.0,1296.612,,,0.8991,0.1009,,False,on_map_at_end
229,pkw,393.0,,1407.0,,2130.194,100.0,1156.0,251.0,1213.911,,,0.8216,0.1784,,False,on_map_at_end
23,pkw,36.0,,1764.0,,915.521,90.0,1646.0,118.0,1682.683,,,0.9331,0.0669,,False,on_map_at_end
231,pkw,400.0,,1400.0,,1422.486,100.0,1211.0,189.0,1258.331,,,0.865,0.135,,False,on_map_at_end
234,pkw,401.0,,1399.0,,374.961,100.0,1247.0,152.0,1280.513,,,0.8914,0.1086,,False,on_map_at_end
235,pkw,403.0,,1397.0,,131.58,100.0,1344.0,53.0,1380.543,,,0.9621,0.0379,,False,on_map_at_end
236,pkw,406.0,,1394.0,,337.456,100.0,1340.0,54.0,1364.169,,,0.9613,0.0387,,False,on_map_at_end
237,pkw,408.0,,1392.0,,2181.447,100.0,1127.0,265.0,1181.191,,,0.8096,0.1904,,False,on_map_at_end
238,pkw,408.0,,1392.0,,143.4,100.0,1335.0,57.0,1378.505,,,0.9591,0.0409,,False,on_map_at_end
239,pkw,411.0,,1389.0,,3273.597,100.0,1010.0,379.0,1085.891,,,0.7271,0.2729,,False,on_map_at_end
243,pkw,417.0,,1383.0,,285.927,100.0,1204.0,179.0,1197.201,,,0.8706,0.1294,,False,on_map_at_end
245,pkw,731.0,,1069.0,,40.269,100.0,1034.0,35.0,1065.376,,,0.9673,0.0327,,False,on_map_at_end
247,pkw,423.0,,1377.0,,1860.132,100.0,1142.0,235.0,1209.53,,,0.8293,0.1707,,False,on_map_at_end
251,pkw,429.0,,1371.0,,2274.542,92.0,1081.0,290.0,1118.23,,,0.7885,0.2115,,False,on_map_at_end
253,pkw,432.0,,1368.0,,292.557,100.0,1314.0,54.0,1344.114,,,0.9605,0.0395,,False,on_map_at_end
254,pkw,436.0,,1364.0,,1533.127,100.0,1171.0,193.0,1224.492,,,0.8585,0.1415,,False,on_map_at_end
256,pkw,436.0,,1364.0,,285.927,100.0,1185.0,179.0,1178.201,,,0.8688,0.1312,,False,on_map_at_end
257,pkw,437.0,,1363.0,,63.899,100.0,1331.0,32.0,1327.249,,,0.9765,0.0235,,False,on_map_at_end
258,pkw,438.0,,1362.0,,56.398,100.0,1325.0,37.0,1326.924,,,0.9728,0.0272,,False,on_map_at_end
260,pkw,438.0,,1362.0,,2192.48,100.0,1108.0,254.0,1164.643,,,0.8135,0.1865,,False,on_map_at_end
263,pkw,443.0,,1357.0,,1959.766,100.0,1044.0,313.0,1163.158,,,0.7693,0.2307,,False,on_map_at_end
264,pkw,444.0,,1356.0,,245.339,100.0,1311.0,45.0,1333.919,,,0.9668,0.0332,,False,on_map_at_end
266,pkw,1086.0,,714.0,,32.768,100.0,688.0,26.0,711.051,,,0.9636,0.0364,,False,on_map_at_end
267,pkw,445.0,,1355.0,,1988.4,100.0,1120.0,235.0,1174.035,,,0.8266,0.1734,,False,on_map_at_end
269,pkw,447.0,,1353.0,,1491.837,100.0,1176.0,177.0,1218.06,,,0.8692,0.1308,,False,on_map_at_end
271,pkw,449.0,,1351.0,,855.796,100.0,1216.0,135.0,1262.435,,,0.9001,0.0999,,False,on_map_at_end
272,pkw,449.0,,1351.0,,1193.704,88.0,1123.0,228.0,1182.797,,,0.8312,0.1688,,False,on_map_at_end
276,pkw,453.0,,1347.0,,2504.459,100.0,1079.0,268.0,1120.374,,,0.801,0.199,,False,on_map_at_end
278,pkw,454.0,,1346.0,,2211.788,91.0,1050.0,296.0,1137.609,,,0.7801,0.2199,,False,on_map_at_end
280,pkw,458.0,,1342.0,,621.262,100.0,1237.0,105.0,1282.346,,,0.9218,0.0782,,False,on_map_at_end
282,pkw,465.0,,1335.0,,1368.846,100.0,1145.0,190.0,1203.192,,,0.8577,0.1423,,False,on_map_at_end
284,pkw,467.0,,1333.0,,344.338,100.0,1260.0,73.0,1301.612,,,0.9452,0.0548,,False,on_map_at_end
287,pkw,469.0,,1331.0,,1582.009,100.0,1133.0,198.0,1178.205,,,0.8512,0.1488,,False,on_map_at_end
290,pkw,472.0,,1328.0,,281.879,100.0,1268.0,60.0,1302.631,,,0.9548,0.0452,,False,on_map_at_end
294,pkw,480.0,,1320.0,,816.369,95.0,1192.0,128.0,1226.881,,,0.903,0.097,,False,on_map_at_end
295,pkw,481.0,,1319.0,,1453.841,100.0,1111.0,208.0,1187.848,,,0.8423,0.1577,,False,on_map_at_end
297,pkw,481.0,,1319.0,,319.944,100.0,1269.0,50.0,1289.194,,,0.9621,0.0379,,False,on_map_at_end
298,pkw,481.0,,1319.0,,124.079,100.0,1263.0,56.0,1302.997,,,0.9575,0.0425,,False,on_map_at_end
299,pkw,482.0,,1318.0,,733.731,100.0,1195.0,123.0,1243.981,,,0.9067,0.0933,,False,on_map_at_end
300,pkw,482.0,,1318.0,,1142.901,100.0,1148.0,170.0,1211.71,,,0.871,0.129,,False,on_map_at_end
301,pkw,483.0,,1317.0,,877.35,100.0,1187.0,130.0,1237.915,,,0.9013,0.0987,,False,on_map_at_end
304,pkw,488.0,,1312.0,,960.923,84.0,1127.0,185.0,1225.003,,,0.859,0.141,,False,on_map_at_end
305,pkw,489.0,,1311.0,,913.025,100.0,1183.0,128.0,1228.609,,,0.9024,0.0976,,False,on_map_at_end
308,pkw,491.0,,1309.0,,352.458,100.0,1246.0,63.0,1277.819,,,0.9519,0.0481,,False,on_map_at_end
309,pkw,492.0,,1308.0,,1468.753,100.0,1120.0,188.0,1175.354,,,0.8563,0.1437,,False,on_map_at_end
311,pkw,496.0,,1304.0,,116.577,100.0,1249.0,55.0,1289.808,,,0.9578,0.0422,,False,on_map_at_end
312,pkw,498.0,,1302.0,,2565.292,88.0,958.0,344.0,1058.887,,,0.7358,0.2642,,False,on_map_at_end
315,pkw,502.0,,1298.0,,348.852,100.0,1223.0,75.0,1249.504,,,0.9422,0.0578,,False,on_map_at_end
317,pkw,504.0,,1296.0,,1879.457,100.0,1037.0,259.0,1074.515,,,0.8002,0.1998,,False,on_map_at_end
318,pkw,505.0,,1295.0,,158.651,100.0,1239.0,56.0,1279.896,,,0.9568,0.0432,,False,on_map_at_end
320,pkw,507.0,,1293.0,,2806.126,84.0,889.0,404.0,961.61,,,0.6875,0.3125,,False,on_map_at_end
322,pkw,509.0,,1291.0,,451.809,100.0,1157.0,134.0,1187.271,,,0.8962,0.1038,,False,on_map_at_end
324,pkw,509.0,,1291.0,,583.756,100.0,1179.0,112.0,1235.168,,,0.9132,0.0868,,False,on_map_at_end
326,pkw,512.0,,1288.0,,321.835,100.0,1216.0,72.0,1258.566,,,0.9441,0.0559,,False,on_map_at_end
33,pkw,54.0,,1746.0,,433.232,100.0,1602.0,144.0,1634.456,,,0.9175,0.0825,,False,on_map_at_end
330,pkw,515.0,,1285.0,,1250.947,100.0,1140.0,145.0,1171.765,,,0.8872,0.1128,,False,on_map_at_end
334,pkw,518.0,,1282.0,,1348.204,86.0,1063.0,219.0,1158.07,,,0.8292,0.1708,,False,on_map_at_end
336,pkw,524.0,,1276.0,,109.076,100.0,1221.0,55.0,1261.703,,,0.9569,0.0431,,False,on_map_at_end
338,pkw,531.0,,1269.0,,151.15,100.0,1211.0,58.0,1254.975,,,0.9543,0.0457,,False,on_map_at_end
34,pkw,55.0,,1745.0,,1152.515,100.0,1597.0,148.0,1639.31,,,0.9152,0.0848,,False,on_map_at_end
341,pkw,944.0,,856.0,,42.872,100.0,823.0,33.0,852.142,,,0.9614,0.0386,,False,on_map_at_end
342,pkw,535.0,,1265.0,,416.523,100.0,1173.0,92.0,1224.933,,,0.9273,0.0727,,False,on_map_at_end
344,pkw,1553.0,,247.0,,12.868,100.0,238.0,9.0,245.842,,,0.9636,0.0364,,False,on_map_at_end
345,pkw,539.0,,1261.0,,1309.767,91.0,1050.0,211.0,1139.979,,,0.8327,0.1673,,False,on_map_at_end
347,pkw,540.0,,1260.0,,3159.067,100.0,858.0,402.0,967.141,,,0.681,0.319,,False,on_map_at_end
348,pkw,540.0,,1260.0,,101.575,100.0,1207.0,53.0,1247.213,,,0.9579,0.0421,,False,on_map_at_end
350,pkw,540.0,,1260.0,,537.802,100.0,1167.0,93.0,1208.698,,,0.9262,0.0738,,False,on_map_at_end
351,pkw,541.0,,1259.0,,1146.576,100.0,1111.0,148.0,1152.896,,,0.8824,0.1176,,False,on_map_at_end
352,pkw,542.0,,1258.0,,1480.888,100.0,1091.0,167.0,1124.655,,,0.8672,0.1328,,False,on_map_at_end
354,pkw,544.0,,1256.0,,223.065,100.0,1174.0,82.0,1229.67,,,0.9347,0.0653,,False,on_map_at_end
355,pkw,545.0,,1255.0,,500.226,100.0,1171.0,84.0,1202.027,,,0.9331,0.0669,,False,on_map_at_end
356,pkw,546.0,,1254.0,,1432.435,93.0,1061.0,193.0,1124.004,,,0.8461,0.1539,,False,on_map_at_end
357,pkw,547.0,,1253.0,,48.897,100.0,1218.0,35.0,1228.599,,,0.9721,0.0279,,False,on_map_at_end
359,pkw,550.0,,1250.0,,753.168,100.0,1109.0,141.0,1144.512,,,0.8872,0.1128,,False,on_map_at_end
360,pkw,551.0,,1249.0,,1194.367,100.0,1108.0,141.0,1138.98,,,0.8871,0.1129,,False,on_map_at_end
362,pkw,555.0,,1245.0,,297.527,100.0,1194.0,51.0,1218.02,,,0.959,0.041,,False,on_map_at_end
363,pkw,556.0,,1244.0,,1364.871,100.0,1009.0,235.0,1035.662,,,0.8111,0.1889,,False,on_map_at_end
364,pkw,556.0,,1244.0,,41.396,100.0,1210.0,34.0,1220.274,,,0.9727,0.0273,,False,on_map_at_end
365,pkw,556.0,,1244.0,,1837.275,93.0,1006.0,238.0,1073.883,,,0.8087,0.1913,,False,on_map_at_end
367,pkw,561.0,,1239.0,,1562.367,100.0,987.0,252.0,1091.255,,,0.7966,0.2034,,False,on_map_at_end
369,pkw,562.0,,1238.0,,94.074,100.0,1192.0,46.0,1227.318,,,0.9628,0.0372,,False,on_map_at_end
370,pkw,563.0,,1237.0,,33.895,100.0,1201.0,36.0,1213.949,,,0.9709,0.0291,,False,on_map_at_end
371,pkw,611.0,,1189.0,,26.394,100.0,1158.0,31.0,1166.625,,,0.9739,0.0261,,False,on_map_at_end
373,pkw,566.0,,1234.0,,1172.086,100.0,1097.0,137.0,1127.465,,,0.889,0.111,,False,on_map_at_end
374,pkw,568.0,,1232.0,,1240.052,91.0,993.0,239.0,1072.342,,,0.806,0.194,,False,on_map_at_end
375,pkw,569.0,,1231.0,,86.573,100.0,1188.0,43.0,1221.456,,,0.9651,0.0349,,False,on_map_at_end
377,pkw,573.0,,1227.0,,2008.973,95.0,973.0,254.0,1046.005,,,0.793,0.207,,False,on_map_at_end
379,pkw,576.0,,1224.0,,364.414,100.0,1148.0,76.0,1188.726,,,0.9379,0.0621,,False,on_map_at_end
380,pkw,577.0,,1223.0,,1553.724,92.0,995.0,228.0,1064.148,,,0.8136,0.1864,,False,on_map_at_end
382,pkw,581.0,,1219.0,,120.897,100.0,1173.0,46.0,1207.536,,,0.9623,0.0377,,False,on_map_at_end
383,pkw,584.0,,1216.0,,1118.697,94.0,1056.0,160.0,1112.546,,,0.8684,0.1316,,False,on_map_at_end
385,pkw,586.0,,1214.0,,2479.026,100.0,869.0,345.0,974.679,,,0.7158,0.2842,,False,on_map_at_end
387,pkw,590.0,,1210.0,,1440.817,100.0,1046.0,164.0,1079.079,,,0.8645,0.1355,,False,on_map_at_end
39,pkw,67.0,,1733.0,,251.538,100.0,1682.0,51.0,1710.901,,,0.9706,0.0294,,False,on_map_at_end
390,pkw,591.0,,1209.0,,1726.429,88.0,944.0,265.0,1043.071,,,0.7808,0.2192,,False,on_map_at_end
392,pkw,594.0,,1206.0,,878.359,91.0,1046.0,160.0,1126.432,,,0.8673,0.1327,,False,on_map_at_end
393,pkw,595.0,,1205.0,,324.407,100.0,1086.0,119.0,1111.894,,,0.9012,0.0988,,False,on_map_at_end
394,pkw,599.0,,1201.0,,210.869,100.0,1162.0,39.0,1182.022,,,0.9675,0.0325,,False,on_map_at_end
396,pkw,601.0,,1199.0,,237.838,100.0,1153.0,46.0,1177.594,,,0.9616,0.0384,,False,on_map_at_end
398,pkw,602.0,,1198.0,,601.543,100.0,1085.0,113.0,1123.408,,,0.9057,0.0943,,False,on_map_at_end
4,pkw,5.0,,1795.0,,1216.508,93.0,1621.0,174.0,1678.799,,,0.9031,0.0969,,False,on_map_at_end
40,pkw,70.0,,1730.0,,363.299,100.0,1643.0,87.0,1689.101,,,0.9497,0.0503,,False,on_map_at_end
400,pkw,602.0,,1198.0,,312.529,100.0,1135.0,63.0,1169.615,,,0.9474,0.0526,,False,on_map_at_end
401,pkw,602.0,,1198.0,,633.919,100.0,1098.0,100.0,1131.637,,,0.9165,0.0835,,False,on_map_at_end
402,pkw,603.0,,1197.0,,638.248,100.0,1062.0,135.0,1085.207,,,0.8872,0.1128,,False,on_map_at_end
403,pkw,603.0,,1197.0,,1478.93,92.0,867.0,330.0,899.642,,,0.7243,0.2757,,False,on_map_at_end
406,pkw,605.0,,1195.0,,1193.776,93.0,1025.0,170.0,1086.504,,,0.8577,0.1423,,False,on_map_at_end
409,pkw,607.0,,1193.0,,1528.391,100.0,971.0,222.0,1044.904,,,0.8139,0.1861,,False,on_map_at_end
410,pkw,608.0,,1192.0,,2243.867,96.0,906.0,286.0,974.349,,,0.7601,0.2399,,False,on_map_at_end
412,pkw,609.0,,1191.0,,230.337,100.0,1142.0,49.0,1170.269,,,0.9589,0.0411,,False,on_map_at_end
413,pkw,609.0,,1191.0,,513.669,100.0,1119.0,72.0,1142.071,,,0.9395,0.0605,,False,on_map_at_end
415,pkw,611.0,,1189.0,,2622.916,94.0,848.0,341.0,940.226,,,0.7132,0.2868,,False,on_map_at_end
417,pkw,612.0,,1188.0,,1283.594,100.0,1022.0,166.0,1071.951,,,0.8603,0.1397,,False,on_map_at_end
418,pkw,613.0,,1187.0,,2251.368,100.0,899.0,288.0,972.958,,,0.7574,0.2426,,False,on_map_at_end
42,pkw,75.0,,1725.0,,2037.258,100.0,1490.0,235.0,1541.037,,,0.8638,0.1362,,False,on_map_at_end
420,pkw,613.0,,1187.0,,1314.799,96.0,1029.0,158.0,1064.742,,,0.8669,0.1331,,False,on_map_at_end
425,pkw,615.0,,1185.0,,852.288,100.0,1059.0,126.0,1090.247,,,0.8937,0.1063,,False,on_map_at_end
426,pkw,615.0,,1185.0,,1993.971,91.0,940.0,245.0,1004.871,,,0.7932,0.2068,,False,on_map_at_end
427,pkw,615.0,,1185.0,,2242.095,85.0,902.0,283.0,982.553,,,0.7612,0.2388,,False,on_map_at_end
431,pkw,619.0,,1181.0,,1395.811,100.0,1002.0,179.0,1046.186,,,0.8484,0.1516,,False,on_map_at_end
432,pkw,619.0,,1181.0,,1539.479,100.0,1012.0,169.0,1042.185,,,0.8569,0.1431,,False,on_map_at_end
433,pkw,619.0,,1181.0,,1475.563,100.0,1006.0,175.0,1045.278,,,0.8518,0.1482,,False,on_map_at_end
434,pkw,619.0,,1181.0,,1180.119,100.0,1050.0,131.0,1073.464,,,0.8891,0.1109,,False,on_map_at_end
436,pkw,620.0,,1180.0,,79.072,100.0,1133.0,47.0,1170.381,,,0.9602,0.0398,,False,on_map_at_end
437,pkw,621.0,,1179.0,,71.571,100.0,1129.0,50.0,1170.803,,,0.9576,0.0424,,False,on_map_at_end
438,pkw,621.0,,1179.0,,1341.807,100.0,1007.0,172.0,1048.908,,,0.8541,0.1459,,False,on_map_at_end
440,pkw,622.0,,1178.0,,1456.559,95.0,970.0,208.0,1041.448,,,0.8234,0.1766,,False,on_map_at_end
442,pkw,624.0,,1176.0,,1552.236,100.0,1005.0,171.0,1036.155,,,0.8546,0.1454,,False,on_map_at_end
444,pkw,624.0,,1176.0,,2312.703,100.0,835.0,341.0,954.681,,,0.71,0.29,,False,on_map_at_end
445,pkw,625.0,,1175.0,,1718.928,86.0,878.0,297.0,1009.611,,,0.7472,0.2528,,False,on_map_at_end
446,pkw,625.0,,1175.0,,1849.856,91.0,930.0,245.0,1008.259,,,0.7915,0.2085,,False,on_map_at_end
448,pkw,627.0,,1173.0,,1726.029,100.0,949.0,224.0,999.416,,,0.809,0.191,,False,on_map_at_end
449,pkw,627.0,,1173.0,,1336.934,85.0,1010.0,163.0,1045.215,,,0.861,0.139,,False,on_map_at_end
450,pkw,628.0,,1172.0,,1711.427,86.0,865.0,307.0,1006.91,,,0.7381,0.2619,,False,on_map_at_end
451,pkw,628.0,,1172.0,,1740.773,100.0,972.0,200.0,1013.205,,,0.8294,0.1706,,False,on_map_at_end
456,pkw,632.0,,1168.0,,1847.537,100.0,919.0,249.0,994.638,,,0.7868,0.2132,,False,on_map_at_end
457,pkw,633.0,,1167.0,,2452.628,64.0,813.0,354.0,932.608,,,0.6967,0.3033,,False,on_map_at_end
459,pkw,917.0,,883.0,,18.893,100.0,858.0,25.0,861.3,,,0.9717,0.0283,,False,on_map_at_end
46,pkw,84.0,,1716.0,,460.066,100.0,1638.0,78.0,1673.746,,,0.9545,0.0455,,False,on_map_at_end
460,pkw,634.0,,1166.0,,64.07,100.0,1120.0,46.0,1156.66,,,0.9605,0.0395,,False,on_map_at_end
462,pkw,636.0,,1164.0,,724.348,94.0,1039.0,125.0,1098.134,,,0.8926,0.1074,,False,on_map_at_end
465,pkw,638.0,,1162.0,,459.762,100.0,1064.0,98.0,1104.206,,,0.9157,0.0843,,False,on_map_at_end
466,pkw,638.0,,1162.0,,1639.393,100.0,881.0,281.0,998.211,,,0.7582,0.2418,,False,on_map_at_end
468,pkw,1223.0,,577.0,,11.392,100.0,560.0,17.0,575.975,,,0.9705,0.0295,,False,on_map_at_end
469,pkw,1531.0,,269.0,,3.891,100.0,263.0,6.0,268.65,,,0.9777,0.0223,,False,on_map_at_end
470,pkw,639.0,,1161.0,,290.026,100.0,1107.0,54.0,1134.897,,,0.9535,0.0465,,False,on_map_at_end
476,pkw,643.0,,1157.0,,2654.216,100.0,828.0,329.0,909.397,,,0.7156,0.2844,,False,on_map_at_end
477,pkw,643.0,,1157.0,,341.475,100.0,1098.0,59.0,1125.836,,,0.949,0.051,,False,on_map_at_end
48,pkw,87.0,,1713.0,,2883.605,90.0,1379.0,334.0,1437.302,,,0.805,0.195,,False,on_map_at_end
484,pkw,651.0,,1149.0,,425.584,100.0,1080.0,69.0,1104.603,,,0.9399,0.0601,,False,on_map_at_end
485,pkw,651.0,,1149.0,,829.785,100.0,1032.0,117.0,1062.495,,,0.8982,0.1018,,False,on_map_at_end
486,pkw,652.0,,1148.0,,1498.806,91.0,944.0,204.0,989.459,,,0.8223,0.1777,,False,on_map_at_end
488,pkw,656.0,,1144.0,,1307.564,93.0,966.0,178.0,1012.304,,,0.8444,0.1556,,False,on_map_at_end
490,pkw,659.0,,1141.0,,2646.715,93.0,813.0,328.0,893.798,,,0.7125,0.2875,,False,on_map_at_end
491,pkw,659.0,,1141.0,,203.368,100.0,1102.0,39.0,1122.697,,,0.9658,0.0342,,False,on_map_at_end
492,pkw,659.0,,1141.0,,56.569,100.0,1093.0,48.0,1133.541,,,0.9579,0.0421,,False,on_map_at_end
494,pkw,660.0,,1140.0,,857.279,100.0,1027.0,113.0,1061.282,,,0.9009,0.0991,,False,on_map_at_end
495,pkw,662.0,,1138.0,,331.219,100.0,1019.0,119.0,1044.858,,,0.8954,0.1046,,False,on_map_at_end
496,pkw,664.0,,1136.0,,1703.926,86.0,842.0,294.0,981.076,,,0.7412,0.2588,,False,on_map_at_end
497,pkw,664.0,,1136.0,,1601.888,100.0,839.0,297.0,977.713,,,0.7386,0.2614,,False,on_map_at_end
500,pkw,665.0,,1135.0,,906.017,94.0,1010.0,125.0,1046.935,,,0.8899,0.1101,,False,on_map_at_end
501,pkw,665.0,,1135.0,,579.04,100.0,1027.0,108.0,1074.72,,,0.9048,0.0952,,False,on_map_at_end
502,pkw,666.0,,1134.0,,1601.259,100.0,851.0,283.0,979.617,,,0.7504,0.2496,,False,on_map_at_end
503,pkw,667.0,,1133.0,,1062.817,100.0,983.0,150.0,1015.724,,,0.8676,0.1324,,False,on_map_at_end
505,pkw,668.0,,1132.0,,185.536,100.0,1087.0,45.0,1115.291,,,0.9602,0.0398,,False,on_map_at_end
506,pkw,668.0,,1132.0,,1388.31,100.0,961.0,171.0,1006.229,,,0.8489,0.1511,,False,on_map_at_end
507,pkw,669.0,,1131.0,,1563.753,100.0,858.0,273.0,973.222,,,0.7586,0.2414,,False,on_map_at_end
509,pkw,672.0,,1128.0,,2700.549,100.0,753.0,375.0,870.563,,,0.6676,0.3324,,False,on_map_at_end
51,pkw,91.0,,1709.0,,2335.049,93.0,1436.0,273.0,1498.513,,,0.8403,0.1597,,False,on_map_at_end
510,pkw,673.0,,1127.0,,2693.048,100.0,740.0,387.0,874.437,,,0.6566,0.3434,,False,on_map_at_end
512,pkw,675.0,,1125.0,,1466.892,90.0,900.0,225.0,980.966,,,0.8,0.2,,False,on_map_at_end
513,pkw,676.0,,1124.0,,1684.672,100.0,883.0,241.0,941.119,,,0.7856,0.2144,,False,on_map_at_end
515,pkw,680.0,,1120.0,,1225.708,100.0,886.0,234.0,999.811,,,0.7911,0.2089,,False,on_map_at_end
516,pkw,680.0,,1120.0,,1225.774,100.0,903.0,217.0,970.802,,,0.8063,0.1937,,False,on_map_at_end
52,pkw,93.0,,1707.0,,1235.401,100.0,1549.0,158.0,1594.703,,,0.9074,0.0926,,False,on_map_at_end
520,pkw,682.0,,1118.0,,1176.173,92.0,953.0,165.0,1010.501,,,0.8524,0.1476,,False,on_map_at_end
521,pkw,684.0,,1116.0,,1538.569,100.0,853.0,263.0,965.404,,,0.7643,0.2357,,False,on_map_at_end
522,pkw,684.0,,1116.0,,49.068,100.0,1076.0,40.0,1108.748,,,0.9642,0.0358,,False,on_map_at_end
524,pkw,684.0,,1116.0,,491.464,100.0,1024.0,92.0,1058.1,,,0.9176,0.0824,,False,on_map_at_end
525,pkw,685.0,,1115.0,,305.028,100.0,1050.0,65.0,1087.547,,,0.9417,0.0583,,False,on_map_at_end
526,pkw,686.0,,1114.0,,503.541,100.0,1033.0,81.0,1068.399,,,0.9273,0.0727,,False,on_map_at_end
527,pkw,687.0,,1113.0,,772.724,100.0,1021.0,92.0,1042.778,,,0.9173,0.0827,,False,on_map_at_end
529,pkw,687.0,,1113.0,,1108.155,100.0,929.0,184.0,982.338,,,0.8347,0.1653,,False,on_map_at_end
533,pkw,690.0,,1110.0,,1092.84,100.0,928.0,182.0,967.716,,,0.836,0.164,,False,on_map_at_end
534,pkw,691.0,,1109.0,,1664.025,100.0,839.0,270.0,938.462,,,0.7565,0.2435,,False,on_map_at_end
537,pkw,691.0,,1109.0,,1512.461,100.0,847.0,262.0,968.626,,,0.7638,0.2362,,False,on_map_at_end
538,pkw,691.0,,1109.0,,686.357,100.0,1014.0,95.0,1044.479,,,0.9143,0.0857,,False,on_map_at_end
54,pkw,96.0,,1704.0,,239.139,100.0,1652.0,52.0,1683.017,,,0.9695,0.0305,,False,on_map_at_end
540,pkw,693.0,,1107.0,,446.858,100.0,1042.0,65.0,1066.409,,,0.9413,0.0587,,False,on_map_at_end
541,pkw,693.0,,1107.0,,147.782,100.0,1051.0,56.0,1094.24,,,0.9494,0.0506,,False,on_map_at_end
542,pkw,695.0,,1105.0,,1327.352,93.0,927.0,178.0,981.775,,,0.8389,0.1611,,False,on_map_at_end
546,pkw,698.0,,1102.0,,585.609,100.0,1010.0,92.0,1049.295,,,0.9165,0.0835,,False,on_map_at_end
547,pkw,700.0,,1100.0,,1218.273,100.0,895.0,205.0,949.88,,,0.8136,0.1864,,False,on_map_at_end
548,pkw,700.0,,1100.0,,1531.697,100.0,854.0,246.0,958.881,,,0.7764,0.2236,,False,on_map_at_end
550,pkw,701.0,,1099.0,,1531.068,100.0,840.0,259.0,950.591,,,0.7643,0.2357,,False,on_map_at_end
551,pkw,702.0,,1098.0,,1332.879,100.0,945.0,153.0,976.524,,,0.8607,0.1393,,False,on_map_at_end
552,pkw,703.0,,1097.0,,1339.386,100.0,941.0,156.0,975.172,,,0.8578,0.1422,,False,on_map_at_end
553,pkw,703.0,,1097.0,,41.567,100.0,1060.0,37.0,1092.227,,,0.9663,0.0337,,False,on_map_at_end
554,pkw,706.0,,1094.0,,334.947,100.0,1027.0,67.0,1063.45,,,0.9388,0.0612,,False,on_map_at_end
556,pkw,708.0,,1092.0,,1255.256,100.0,866.0,226.0,971.783,,,0.793,0.207,,False,on_map_at_end
557,pkw,708.0,,1092.0,,1696.425,87.0,833.0,259.0,938.828,,,0.7628,0.2372,,False,on_map_at_end
559,pkw,709.0,,1091.0,,1247.755,100.0,862.0,229.0,973.274,,,0.7901,0.2099,,False,on_map_at_end
560,pkw,709.0,,1091.0,,1338.593,100.0,919.0,172.0,964.036,,,0.8423,0.1577,,False,on_map_at_end
562,pkw,710.0,,1090.0,,230.337,100.0,1046.0,44.0,1069.269,,,0.9596,0.0404,,False,on_map_at_end
563,pkw,710.0,,1090.0,,1703.58,100.0,894.0,196.0,928.351,,,0.8202,0.1798,,False,on_map_at_end
565,pkw,712.0,,1088.0,,1609.261,100.0,874.0,214.0,923.657,,,0.8033,0.1967,,False,on_map_at_end
566,pkw,713.0,,1087.0,,1178.95,100.0,847.0,240.0,967.226,,,0.7792,0.2208,,False,on_map_at_end
568,pkw,714.0,,1086.0,,1497.764,100.0,905.0,181.0,946.97,,,0.8333,0.1667,,False,on_map_at_end
572,pkw,717.0,,1083.0,,34.066,100.0,1044.0,39.0,1078.617,,,0.964,0.036,,False,on_map_at_end
573,pkw,717.0,,1083.0,,1664.153,89.0,838.0,245.0,922.997,,,0.7738,0.2262,,False,on_map_at_end
580,pkw,722.0,,1078.0,,1240.254,100.0,859.0,219.0,959.794,,,0.7968,0.2032,,False,on_map_at_end
581,pkw,723.0,,1077.0,,1185.668,100.0,905.0,172.0,948.225,,,0.8403,0.1597,,False,on_map_at_end
583,pkw,724.0,,1076.0,,1089.226,100.0,921.0,155.0,963.246,,,0.8559,0.1441,,False,on_map_at_end
584,pkw,726.0,,1074.0,,1846.031,86.0,832.0,242.0,907.673,,,0.7747,0.2253,,False,on_map_at_end
586,pkw,728.0,,1072.0,,1540.61,100.0,870.0,202.0,914.49,,,0.8116,0.1884,,False,on_map_at_end
587,pkw,728.0,,1072.0,,1847.969,100.0,845.0,227.0,899.818,,,0.7882,0.2118,,False,on_map_at_end
588,pkw,729.0,,1071.0,,2006.469,92.0,855.0,216.0,888.179,,,0.7983,0.2017,,False,on_map_at_end
589,pkw,729.0,,1071.0,,282.525,100.0,1022.0,49.0,1045.573,,,0.9542,0.0458,,False,on_map_at_end
59,pkw,101.0,,1699.0,,746.908,100.0,1599.0,100.0,1632.318,,,0.9411,0.0589,,False,on_map_at_end
590,pkw,730.0,,1070.0,,402.756,100.0,846.0,224.0,864.666,,,0.7907,0.2093,,False,on_map_at_end
591,pkw,730.0,,1070.0,,143.649,100.0,1023.0,47.0,1056.201,,,0.9561,0.0439,,False,on_map_at_end
592,pkw,730.0,,1070.0,,234.739,100.0,1025.0,45.0,1048.873,,,0.9579,0.0421,,False,on_map_at_end
594,pkw,734.0,,1066.0,,1550.337,100.0,857.0,209.0,896.095,,,0.8039,0.1961,,False,on_map_at_end
595,pkw,734.0,,1066.0,,860.909,100.0,893.0,173.0,989.448,,,0.8377,0.1623,,False,on_map_at_end
596,pkw,735.0,,1065.0,,2670.206,100.0,746.0,319.0,793.275,,,0.7005,0.2995,,False,on_map_at_end
599,pkw,735.0,,1065.0,,710.029,100.0,961.0,104.0,1001.049,,,0.9023,0.0977,,False,on_map_at_end
6,pkw,7.0,,1793.0,,1379.558,95.0,1633.0,160.0,1669.919,,,0.9108,0.0892,,False,on_map_at_end
600,pkw,736.0,,1064.0,,1381.209,100.0,876.0,188.0,913.471,,,0.8233,0.1767,,False,on_map_at_end
603,pkw,738.0,,1062.0,,99.559,100.0,1040.0,22.0,1052.424,,,0.9793,0.0207,,False,on_map_at_end
604,pkw,738.0,,1062.0,,1388.549,94.0,839.0,223.0,932.463,,,0.79,0.21,,False,on_map_at_end
606,pkw,738.0,,1062.0,,424.355,100.0,995.0,67.0,1022.757,,,0.9369,0.0631,,False,on_map_at_end
608,pkw,740.0,,1060.0,,401.574,100.0,992.0,68.0,1023.858,,,0.9358,0.0642,,False,on_map_at_end
61,pkw,106.0,,1694.0,,1189.932,91.0,1506.0,188.0,1586.463,,,0.889,0.111,,False,on_map_at_end
610,pkw,740.0,,1060.0,,1081.725,100.0,903.0,157.0,947.096,,,0.8519,0.1481,,False,on_map_at_end
614,pkw,743.0,,1057.0,,1172.744,100.0,841.0,216.0,945.141,,,0.7956,0.2044,,False,on_map_at_end
615,pkw,743.0,,1057.0,,569.187,100.0,968.0,89.0,995.276,,,0.9158,0.0842,,False,on_map_at_end
616,pkw,744.0,,1056.0,,195.867,100.0,1020.0,36.0,1038.372,,,0.9659,0.0341,,False,on_map_at_end
617,pkw,744.0,,1056.0,,1045.287,100.0,919.0,137.0,954.596,,,0.8703,0.1297,,False,on_map_at_end
619,pkw,747.0,,1053.0,,648.852,100.0,941.0,112.0,979.251,,,0.8936,0.1064,,False,on_map_at_end
622,pkw,748.0,,1052.0,,264.014,100.0,1012.0,40.0,1028.238,,,0.962,0.038,,False,on_map_at_end
623,pkw,748.0,,1052.0,,1937.195,100.0,822.0,230.0,873.46,,,0.7814,0.2186,,False,on_map_at_end
624,pkw,748.0,,1052.0,,1954.786,84.0,804.0,248.0,872.772,,,0.7643,0.2357,,False,on_map_at_end
627,pkw,750.0,,1050.0,,1861.333,100.0,819.0,231.0,867.183,,,0.78,0.22,,False,on_map_at_end
629,pkw,751.0,,1049.0,,844.907,100.0,866.0,183.0,972.735,,,0.8255,0.1745,,False,on_map_at_end
63,pkw,110.0,,1690.0,,1917.989,100.0,1471.0,219.0,1517.668,,,0.8704,0.1296,,False,on_map_at_end
632,pkw,753.0,,1047.0,,1869.666,81.0,805.0,242.0,877.438,,,0.7689,0.2311,,False,on_map_at_end
634,pkw,754.0,,1046.0,,272.124,100.0,988.0,58.0,1021.324,,,0.9446,0.0554,,False,on_map_at_end
635,pkw,754.0,,1046.0,,1553.966,84.0,830.0,216.0,900.544,,,0.7935,0.2065,,False,on_map_at_end
637,pkw,755.0,,1045.0,,395.255,81.0,809.0,236.0,831.342,,,0.7742,0.2258,,False,on_map_at_end
638,pkw,756.0,,1044.0,,1261.452,100.0,883.0,161.0,929.114,,,0.8458,0.1542,,False,on_map_at_end
639,pkw,756.0,,1044.0,,1055.316,100.0,892.0,152.0,929.407,,,0.8544,0.1456,,False,on_map_at_end
640,pkw,758.0,,1042.0,,578.108,100.0,951.0,91.0,989.97,,,0.9127,0.0873,,False,on_map_at_end
642,pkw,763.0,,1037.0,,1005.041,96.0,844.0,193.0,939.416,,,0.8139,0.1861,,False,on_map_at_end
643,pkw,765.0,,1035.0,,644.748,95.0,931.0,104.0,962.773,,,0.8995,0.1005,,False,on_map_at_end
644,pkw,765.0,,1035.0,,353.178,100.0,972.0,63.0,994.046,,,0.9391,0.0609,,False,on_map_at_end
645,pkw,766.0,,1034.0,,568.437,100.0,938.0,96.0,982.84,,,0.9072,0.0928,,False,on_map_at_end
646,pkw,767.0,,1033.0,,1991.154,92.0,804.0,229.0,838.207,,,0.7783,0.2217,,False,on_map_at_end
647,pkw,767.0,,1033.0,,121.146,100.0,995.0,38.0,1021.228,,,0.9632,0.0368,,False,on_map_at_end
648,pkw,768.0,,1032.0,,551.408,100.0,927.0,105.0,962.429,,,0.8983,0.1017,,False,on_map_at_end
650,pkw,769.0,,1031.0,,1444.987,83.0,819.0,212.0,886.738,,,0.7944,0.2056,,False,on_map_at_end
655,pkw,771.0,,1029.0,,997.54,95.0,843.0,186.0,933.495,,,0.8192,0.1808,,False,on_map_at_end
657,pkw,772.0,,1028.0,,402.756,86.0,811.0,217.0,831.666,,,0.7889,0.2111,,False,on_map_at_end
661,pkw,775.0,,1025.0,,267.523,100.0,978.0,47.0,1000.923,,,0.9541,0.0459,,False,on_map_at_end
665,pkw,780.0,,1020.0,,92.058,100.0,997.0,23.0,1011.715,,,0.9775,0.0225,,False,on_map_at_end
666,pkw,780.0,,1020.0,,709.278,100.0,929.0,91.0,955.554,,,0.9108,0.0892,,False,on_map_at_end
668,pkw,781.0,,1019.0,,368.173,100.0,950.0,69.0,980.012,,,0.9323,0.0677,,False,on_map_at_end
669,pkw,781.0,,1019.0,,305.028,100.0,963.0,56.0,991.547,,,0.945,0.055,,False,on_map_at_end
670,pkw,781.0,,1019.0,,26.565,100.0,981.0,38.0,1015.777,,,0.9627,0.0373,,False,on_map_at_end
671,pkw,782.0,,1018.0,,297.527,100.0,955.0,63.0,991.222,,,0.9381,0.0619,,False,on_map_at_end
672,pkw,782.0,,1018.0,,1087.189,100.0,886.0,132.0,913.851,,,0.8703,0.1297,,False,on_map_at_end
674,pkw,783.0,,1017.0,,1453.946,100.0,838.0,179.0,875.25,,,0.824,0.176,,False,on_map_at_end
675,pkw,783.0,,1017.0,,1165.765,100.0,866.0,151.0,888.424,,,0.8515,0.1485,,False,on_map_at_end
676,pkw,784.0,,1016.0,,1369.979,100.0,779.0,237.0,848.213,,,0.7667,0.2333,,False,on_map_at_end
677,pkw,787.0,,1013.0,,699.344,100.0,883.0,130.0,924.407,,,0.8717,0.1283,,False,on_map_at_end
678,pkw,788.0,,1012.0,,752.108,100.0,905.0,107.0,925.971,,,0.8943,0.1057,,False,on_map_at_end
679,pkw,789.0,,1011.0,,1297.277,92.0,848.0,163.0,888.063,,,0.8388,0.1612,,False,on_map_at_end
682,pkw,992.0,,808.0,,19.064,100.0,774.0,34.0,806.121,,,0.9579,0.0421,,False,on_map_at_end
683,pkw,791.0,,1009.0,,260.022,100.0,959.0,50.0,985.598,,,0.9504,0.0496,,False,on_map_at_end
684,pkw,792.0,,1008.0,,188.366,100.0,971.0,37.0,991.047,,,0.9633,0.0367,,False,on_map_at_end
686,pkw,793.0,,1007.0,,84.557,100.0,982.0,25.0,999.39,,,0.9752,0.0248,,False,on_map_at_end
689,pkw,795.0,,1005.0,,1734.125,92.0,781.0,224.0,817.771,,,0.7771,0.2229,,False,on_map_at_end
69,pkw,123.0,,1677.0,,1992.252,95.0,1442.0,235.0,1497.234,,,0.8599,0.1401,,False,on_map_at_end
690,pkw,1597.0,,203.0,,11.563,100.0,191.0,12.0,201.849,,,0.9409,0.0591,,False,on_map_at_end
692,pkw,798.0,,1002.0,,1971.173,96.0,775.0,227.0,811.864,,,0.7735,0.2265,,False,on_map_at_end
693,pkw,798.0,,1002.0,,130.475,100.0,967.0,35.0,988.208,,,0.9651,0.0349,,False,on_map_at_end
694,pkw,801.0,,999.0,,525.606,100.0,919.0,80.0,951.41,,,0.9199,0.0801,,False,on_map_at_end
695,pkw,802.0,,998.0,,210.869,100.0,952.0,46.0,979.022,,,0.9539,0.0461,,False,on_map_at_end
696,pkw,802.0,,998.0,,691.843,100.0,880.0,118.0,930.924,,,0.8818,0.1182,,False,on_map_at_end
698,pkw,803.0,,997.0,,249.012,100.0,956.0,41.0,974.589,,,0.9589,0.0411,,False,on_map_at_end
701,pkw,805.0,,995.0,,2191.359,100.0,683.0,312.0,790.559,,,0.6864,0.3136,,False,on_map_at_end
702,pkw,805.0,,995.0,,1524.161,58.0,757.0,238.0,778.148,,,0.7608,0.2392,,False,on_map_at_end
703,pkw,805.0,,995.0,,1055.097,96.0,814.0,181.0,852.552,,,0.8181,0.1819,,False,on_map_at_end
704,pkw,806.0,,994.0,,411.072,100.0,856.0,138.0,956.637,,,0.8612,0.1388,,False,on_map_at_end
706,pkw,807.0,,993.0,,866.618,92.0,735.0,258.0,755.089,,,0.7402,0.2598,,False,on_map_at_end
707,pkw,808.0,,992.0,,799.599,100.0,887.0,105.0,915.581,,,0.8942,0.1058,,False,on_map_at_end
708,pkw,809.0,,991.0,,128.647,100.0,947.0,44.0,978.522,,,0.9556,0.0444,,False,on_map_at_end
710,pkw,809.0,,991.0,,203.368,100.0,944.0,47.0,972.697,,,0.9526,0.0474,,False,on_map_at_end
712,pkw,811.0,,989.0,,792.098,100.0,874.0,115.0,908.669,,,0.8837,0.1163,,False,on_map_at_end
713,pkw,810.0,,990.0,,578.054,100.0,893.0,97.0,933.69,,,0.902,0.098,,False,on_map_at_end
714,pkw,811.0,,989.0,,1272.871,100.0,823.0,166.0,872.133,,,0.8322,0.1678,,False,on_map_at_end
715,pkw,811.0,,989.0,,563.106,100.0,891.0,98.0,938.32,,,0.9009,0.0991,,False,on_map_at_end
716,pkw,813.0,,987.0,,1787.681,92.0,738.0,249.0,821.449,,,0.7477,0.2523,,False,on_map_at_end
718,pkw,812.0,,988.0,,1649.023,100.0,735.0,253.0,830.627,,,0.7439,0.2561,,False,on_map_at_end
721,pkw,815.0,,985.0,,1047.593,94.0,805.0,180.0,855.62,,,0.8173,0.1827,,False,on_map_at_end
723,pkw,815.0,,985.0,,985.427,100.0,825.0,160.0,855.18,,,0.8376,0.1624,,False,on_map_at_end
724,pkw,816.0,,984.0,,780.432,100.0,869.0,115.0,911.758,,,0.8831,0.1169,,False,on_map_at_end
726,pkw,817.0,,983.0,,219.737,100.0,934.0,49.0,963.223,,,0.9502,0.0498,,False,on_map_at_end
727,pkw,818.0,,982.0,,989.258,100.0,858.0,124.0,892.077,,,0.8737,0.1263,,False,on_map_at_end
728,pkw,822.0,,978.0,,773.979,100.0,869.0,109.0,899.51,,,0.8885,0.1115,,False,on_map_at_end
730,pkw,823.0,,977.0,,490.867,100.0,905.0,72.0,932.822,,,0.9263,0.0737,,False,on_map_at_end
732,pkw,823.0,,977.0,,766.478,100.0,865.0,112.0,898.703,,,0.8854,0.1146,,False,on_map_at_end
733,pkw,824.0,,976.0,,1067.77,100.0,843.0,133.0,879.262,,,0.8637,0.1363,,False,on_map_at_end
734,pkw,824.0,,976.0,,2131.622,100.0,764.0,212.0,783.757,,,0.7828,0.2172,,False,on_map_at_end
735,pkw,1602.0,,198.0,,4.062,100.0,190.0,8.0,197.505,,,0.9596,0.0404,,False,on_map_at_end
736,pkw,825.0,,975.0,,882.269,100.0,867.0,108.0,895.174,,,0.8892,0.1108,,False,on_map_at_end
737,pkw,825.0,,975.0,,762.395,100.0,801.0,174.0,906.082,,,0.8215,0.1785,,False,on_map_at_end
741,pkw,830.0,,970.0,,1455.778,100.0,733.0,237.0,766.007,,,0.7557,0.2443,,False,on_map_at_end
743,pkw,831.0,,969.0,,758.977,100.0,862.0,107.0,895.488,,,0.8896,0.1104,,False,on_map_at_end
744,pkw,831.0,,969.0,,394.351,100.0,900.0,69.0,933.053,,,0.9288,0.0712,,False,on_map_at_end
745,pkw,831.0,,969.0,,1519.269,100.0,795.0,174.0,823.862,,,0.8204,0.1796,,False,on_map_at_end
752,pkw,839.0,,961.0,,1956.002,95.0,735.0,226.0,773.703,,,0.7648,0.2352,,False,on_map_at_end
755,pkw,841.0,,959.0,,555.605,100.0,863.0,96.0,908.995,,,0.8999,0.1001,,False,on_map_at_end
756,pkw,841.0,,959.0,,1043.848,100.0,829.0,130.0,860.929,,,0.8644,0.1356,,False,on_map_at_end
757,pkw,842.0,,958.0,,1024.202,94.0,778.0,180.0,819.374,,,0.8121,0.1879,,False,on_map_at_end
76,pkw,136.0,,1664.0,,1731.158,84.0,1452.0,212.0,1508.893,,,0.8726,0.1274,,False,on_map_at_end
760,pkw,844.0,,956.0,,1242.866,100.0,793.0,163.0,842.864,,,0.8295,0.1705,,False,on_map_at_end
761,pkw,845.0,,955.0,,751.476,100.0,853.0,102.0,879.844,,,0.8932,0.1068,,False,on_map_at_end
762,pkw,845.0,,955.0,,1470.658,93.0,758.0,197.0,807.04,,,0.7937,0.2063,,False,on_map_at_end
763,pkw,845.0,,955.0,,545.934,100.0,860.0,95.0,905.865,,,0.9005,0.0995,,False,on_map_at_end
765,pkw,847.0,,953.0,,779.208,100.0,615.0,338.0,628.764,,,0.6453,0.3547,,False,on_map_at_end
766,pkw,847.0,,953.0,,743.975,100.0,849.0,104.0,878.892,,,0.8909,0.1091,,False,on_map_at_end
768,pkw,849.0,,951.0,,311.471,100.0,900.0,51.0,922.675,,,0.9464,0.0536,,False,on_map_at_end
769,pkw,849.0,,951.0,,1071.949,97.0,829.0,122.0,850.255,,,0.8717,0.1283,,False,on_map_at_end
77,pkw,137.0,,1663.0,,322.318,100.0,1589.0,74.0,1634.007,,,0.9555,0.0445,,False,on_map_at_end
771,pkw,851.0,,949.0,,728.973,100.0,848.0,101.0,880.842,,,0.8936,0.1064,,False,on_map_at_end
772,pkw,874.0,,926.0,,573.349,94.0,855.0,71.0,868.423,,,0.9233,0.0767,,False,on_map_at_end
773,pkw,851.0,,949.0,,1638.555,95.0,762.0,187.0,796.254,,,0.803,0.197,,False,on_map_at_end
774,pkw,853.0,,947.0,,1511.768,100.0,769.0,178.0,805.828,,,0.812,0.188,,False,on_map_at_end
775,pkw,854.0,,946.0,,1886.155,100.0,708.0,238.0,736.036,,,0.7484,0.2516,,False,on_map_at_end
776,pkw,855.0,,945.0,,275.024,100.0,885.0,60.0,920.248,,,0.9365,0.0635,,False,on_map_at_end
778,pkw,856.0,,944.0,,1295.986,100.0,797.0,147.0,820.637,,,0.8443,0.1557,,False,on_map_at_end
779,pkw,856.0,,944.0,,1045.267,100.0,812.0,132.0,849.492,,,0.8602,0.1398,,False,on_map_at_end
781,pkw,856.0,,944.0,,204.735,100.0,895.0,49.0,925.574,,,0.9481,0.0519,,False,on_map_at_end
785,pkw,861.0,,939.0,,2099.879,96.0,722.0,217.0,749.673,,,0.7689,0.2311,,False,on_map_at_end
787,pkw,861.0,,939.0,,1015.495,95.0,767.0,172.0,810.292,,,0.8168,0.1832,,False,on_map_at_end
794,pkw,869.0,,931.0,,197.234,100.0,881.0,50.0,913.249,,,0.9463,0.0537,,False,on_map_at_end
795,pkw,873.0,,927.0,,1041.923,93.0,786.0,141.0,825.357,,,0.8479,0.1521,,False,on_map_at_end
796,pkw,873.0,,927.0,,1356.709,98.0,683.0,244.0,726.996,,,0.7368,0.2632,,False,on_map_at_end
799,pkw,877.0,,923.0,,1362.478,95.0,723.0,200.0,782.26,,,0.7833,0.2167,,False,on_map_at_end
80,pkw,142.0,,1658.0,,1866.207,96.0,1407.0,251.0,1482.108,,,0.8486,0.1514,,False,on_map_at_end
803,pkw,881.0,,919.0,,1444.184,100.0,763.0,156.0,788.223,,,0.8303,0.1697,,False,on_map_at_end
804,pkw,881.0,,919.0,,1456.687,100.0,676.0,243.0,779.786,,,0.7356,0.2644,,False,on_map_at_end
81,pkw,144.0,,1656.0,,387.046,100.0,1586.0,70.0,1621.274,,,0.9577,0.0423,,False,on_map_at_end
810,pkw,886.0,,914.0,,753.313,100.0,755.0,159.0,806.039,,,0.826,0.174,,False,on_map_at_end
812,pkw,887.0,,913.0,,1293.968,100.0,757.0,156.0,795.305,,,0.8291,0.1709,,False,on_map_at_end
813,pkw,887.0,,913.0,,721.472,100.0,810.0,103.0,841.554,,,0.8872,0.1128,,False,on_map_at_end
815,pkw,890.0,,910.0,,2923.594,100.0,562.0,348.0,609.022,,,0.6176,0.3824,,False,on_map_at_end
816,pkw,890.0,,910.0,,115.473,100.0,876.0,34.0,894.818,,,0.9626,0.0374,,False,on_map_at_end
820,pkw,891.0,,909.0,,338.169,100.0,837.0,72.0,871.796,,,0.9208,0.0792,,False,on_map_at_end
822,pkw,891.0,,909.0,,1068.644,100.0,767.0,142.0,812.339,,,0.8438,0.1562,,False,on_map_at_end
825,pkw,894.0,,906.0,,2431.818,76.0,540.0,366.0,561.435,,,0.596,0.404,,False,on_map_at_end
828,pkw,898.0,,902.0,,621.388,96.0,822.0,80.0,844.122,,,0.9113,0.0887,,False,on_map_at_end
829,pkw,899.0,,901.0,,180.865,100.0,863.0,38.0,884.722,,,0.9578,0.0422,,False,on_map_at_end
83,pkw,149.0,,1651.0,,1274.955,96.0,1458.0,193.0,1516.123,,,0.8831,0.1169,,False,on_map_at_end
830,pkw,899.0,,901.0,,662.201,100.0,745.0,156.0,841.177,,,0.8269,0.1731,,False,on_map_at_end
831,pkw,899.0,,901.0,,303.376,100.0,794.0,107.0,873.341,,,0.8812,0.1188,,False,on_map_at_end
832,pkw,901.0,,899.0,,195.867,100.0,858.0,41.0,881.372,,,0.9544,0.0456,,False,on_map_at_end
833,pkw,901.0,,899.0,,676.808,96.0,807.0,92.0,825.269,,,0.8977,0.1023,,False,on_map_at_end
834,pkw,902.0,,898.0,,1160.764,85.0,728.0,170.0,792.471,,,0.8107,0.1893,,False,on_map_at_end
835,pkw,902.0,,898.0,,526.533,100.0,788.0,110.0,830.658,,,0.8775,0.1225,,False,on_map_at_end
836,pkw,902.0,,898.0,,737.176,80.0,720.0,178.0,728.957,,,0.8018,0.1982,,False,on_map_at_end
837,pkw,902.0,,898.0,,516.189,100.0,810.0,88.0,833.01,,,0.902,0.098,,False,on_map_at_end
838,pkw,903.0,,897.0,,371.848,100.0,828.0,69.0,862.865,,,0.9231,0.0769,,False,on_map_at_end
839,pkw,903.0,,897.0,,596.345,100.0,776.0,121.0,817.852,,,0.8651,0.1349,,False,on_map_at_end
840,pkw,904.0,,896.0,,1098.652,100.0,752.0,144.0,795.901,,,0.8393,0.1607,,False,on_map_at_end
841,pkw,904.0,,896.0,,1959.204,90.0,678.0,218.0,714.281,,,0.7567,0.2433,,False,on_map_at_end
843,pkw,905.0,,895.0,,99.559,100.0,862.0,33.0,886.04,,,0.9631,0.0369,,False,on_map_at_end
844,pkw,905.0,,895.0,,966.755,100.0,774.0,121.0,805.383,,,0.8648,0.1352,,False,on_map_at_end
847,pkw,907.0,,893.0,,1504.062,97.0,719.0,174.0,756.654,,,0.8052,0.1948,,False,on_map_at_end
849,pkw,909.0,,891.0,,173.364,100.0,851.0,40.0,875.397,,,0.9551,0.0449,,False,on_map_at_end
850,pkw,909.0,,891.0,,188.366,100.0,849.0,42.0,874.047,,,0.9529,0.0471,,False,on_map_at_end
851,pkw,910.0,,890.0,,972.585,100.0,718.0,172.0,761.921,,,0.8067,0.1933,,False,on_map_at_end
852,pkw,910.0,,890.0,,438.36,100.0,818.0,72.0,850.547,,,0.9191,0.0809,,False,on_map_at_end
855,pkw,912.0,,888.0,,1163.772,87.0,720.0,168.0,771.217,,,0.8108,0.1892,,False,on_map_at_end
857,pkw,913.0,,887.0,,1289.776,93.0,737.0,150.0,768.329,,,0.8309,0.1691,,False,on_map_at_end
859,pkw,915.0,,885.0,,654.7,100.0,729.0,156.0,825.882,,,0.8237,0.1763,,False,on_map_at_end
86,pkw,154.0,,1646.0,,354.918,100.0,1576.0,70.0,1613.832,,,0.9575,0.0425,,False,on_map_at_end
860,pkw,917.0,,883.0,,647.199,100.0,722.0,161.0,824.211,,,0.8177,0.1823,,False,on_map_at_end
861,pkw,915.0,,885.0,,631.834,100.0,757.0,128.0,803.79,,,0.8554,0.1446,,False,on_map_at_end
862,pkw,915.0,,885.0,,1767.712,90.0,651.0,234.0,707.852,,,0.7356,0.2644,,False,on_map_at_end
865,pkw,918.0,,882.0,,881.283,87.0,740.0,142.0,801.627,,,0.839,0.161,,False,on_map_at_end
866,pkw,919.0,,881.0,,1438.944,100.0,711.0,170.0,751.494,,,0.807,0.193,,False,on_map_at_end
868,pkw,919.0,,881.0,,180.865,100.0,833.0,48.0,864.722,,,0.9455,0.0545,,False,on_map_at_end
87,pkw,165.0,,1635.0,,1574.434,100.0,1434.0,201.0,1489.54,,,0.8771,0.1229,,False,on_map_at_end
876,pkw,922.0,,878.0,,1183.629,100.0,739.0,139.0,764.086,,,0.8417,0.1583,,False,on_map_at_end
877,pkw,922.0,,878.0,,1110.41,100.0,737.0,141.0,772.093,,,0.8394,0.1606,,False,on_map_at_end
878,pkw,926.0,,874.0,,639.698,100.0,715.0,159.0,815.847,,,0.8181,0.1819,,False,on_map_at_end
879,pkw,924.0,,876.0,,579.588,100.0,786.0,90.0,823.507,,,0.8973,0.1027,,False,on_map_at_end
885,pkw,927.0,,873.0,,1490.785,100.0,724.0,149.0,738.492,,,0.8293,0.1707,,False,on_map_at_end
886,pkw,927.0,,873.0,,2092.378,96.0,654.0,219.0,684.095,,,0.7491,0.2509,,False,on_map_at_end
887,pkw,928.0,,872.0,,1008.41,96.0,750.0,122.0,779.421,,,0.8601,0.1399,,False,on_map_at_end
888,pkw,928.0,,872.0,,1638.045,100.0,696.0,176.0,721.909,,,0.7982,0.2018,,False,on_map_at_end
889,pkw,928.0,,872.0,,810.79,100.0,745.0,127.0,773.361,,,0.8544,0.1456,,False,on_map_at_end
89,pkw,168.0,,1632.0,,229.035,100.0,1573.0,59.0,1611.927,,,0.9638,0.0362,,False,on_map_at_end
890,pkw,932.0,,868.0,,668.169,95.0,786.0,82.0,805.682,,,0.9055,0.0945,,False,on_map_at_end
891,pkw,932.0,,868.0,,1431.443,99.0,703.0,165.0,739.169,,,0.8099,0.1901,,False,on_map_at_end
892,pkw,932.0,,868.0,,841.717,100.0,755.0,113.0,782.744,,,0.8698,0.1302,,False,on_map_at_end
893,pkw,932.0,,868.0,,430.859,100.0,795.0,73.0,829.222,,,0.9159,0.0841,,False,on_map_at_end
900,pkw,935.0,,865.0,,537.924,93.0,783.0,82.0,813.529,,,0.9052,0.0948,,False,on_map_at_end
901,pkw,935.0,,865.0,,77.056,100.0,846.0,19.0,858.065,,,0.978,0.022,,False,on_map_at_end
902,pkw,936.0,,864.0,,2099.879,100.0,652.0,212.0,674.494,,,0.7546,0.2454,,False,on_map_at_end
903,pkw,936.0,,864.0,,189.733,100.0,812.0,52.0,846.924,,,0.9398,0.0602,,False,on_map_at_end
905,pkw,938.0,,862.0,,384.752,100.0,773.0,89.0,819.439,,,0.8968,0.1032,,False,on_map_at_end
906,pkw,938.0,,862.0,,1426.683,100.0,625.0,237.0,721.568,,,0.7251,0.2749,,False,on_map_at_end
907,pkw,939.0,,861.0,,1637.748,93.0,615.0,246.0,679.093,,,0.7143,0.2857,,False,on_map_at_end
909,pkw,939.0,,861.0,,277.211,100.0,812.0,49.0,836.322,,,0.9431,0.0569,,False,on_map_at_end
910,pkw,939.0,,861.0,,488.101,100.0,779.0,82.0,816.333,,,0.9048,0.0952,,False,on_map_at_end
911,pkw,941.0,,859.0,,2196.171,100.0,604.0,255.0,648.462,,,0.7031,0.2969,,False,on_map_at_end
914,pkw,943.0,,857.0,,754.709,93.0,711.0,146.0,770.074,,,0.8296,0.1704,,False,on_map_at_end
915,pkw,943.0,,857.0,,1408.94,94.0,691.0,166.0,730.194,,,0.8063,0.1937,,False,on_map_at_end
916,pkw,943.0,,857.0,,1481.764,100.0,681.0,176.0,706.722,,,0.7946,0.2054,,False,on_map_at_end
917,pkw,943.0,,857.0,,660.668,95.0,773.0,84.0,794.771,,,0.902,0.098,,False,on_map_at_end
918,pkw,944.0,,856.0,,102.379,100.0,827.0,29.0,845.977,,,0.9661,0.0339,,False,on_map_at_end
92,pkw,175.0,,1625.0,,1683.298,100.0,1425.0,200.0,1462.487,,,0.8769,0.1231,,False,on_map_at_end
920,pkw,945.0,,855.0,,308.172,100.0,786.0,69.0,826.774,,,0.9193,0.0807,,False,on_map_at_end
922,pkw,946.0,,854.0,,1139.855,100.0,717.0,137.0,751.175,,,0.8396,0.1604,,False,on_map_at_end
923,pkw,949.0,,851.0,,653.167,95.0,770.0,81.0,791.531,,,0.9048,0.0952,,False,on_map_at_end
924,pkw,949.0,,851.0,,1416.441,95.0,690.0,161.0,723.519,,,0.8108,0.1892,,False,on_map_at_end
927,pkw,949.0,,851.0,,788.889,90.0,706.0,145.0,761.839,,,0.8296,0.1704,,False,on_map_at_end
928,pkw,950.0,,850.0,,92.058,100.0,817.0,33.0,841.715,,,0.9612,0.0388,,False,on_map_at_end
929,pkw,951.0,,849.0,,315.666,100.0,782.0,67.0,818.45,,,0.9211,0.0789,,False,on_map_at_end
930,pkw,951.0,,849.0,,624.333,100.0,738.0,111.0,775.964,,,0.8693,0.1307,,False,on_map_at_end
931,pkw,952.0,,848.0,,1441.216,92.0,629.0,219.0,685.609,,,0.7417,0.2583,,False,on_map_at_end
934,pkw,955.0,,845.0,,1693.4,92.0,614.0,231.0,658.537,,,0.7266,0.2734,,False,on_map_at_end
935,pkw,955.0,,845.0,,94.878,100.0,815.0,30.0,835.66,,,0.9645,0.0355,,False,on_map_at_end
937,pkw,956.0,,844.0,,1040.437,100.0,712.0,132.0,727.789,,,0.8436,0.1564,,False,on_map_at_end
938,pkw,956.0,,844.0,,1303.892,92.0,652.0,192.0,721.1,,,0.7725,0.2275,,False,on_map_at_end
939,pkw,956.0,,844.0,,438.745,100.0,760.0,84.0,804.467,,,0.9005,0.0995,,False,on_map_at_end
94,pkw,181.0,,1619.0,,1831.639,65.0,1389.0,230.0,1431.244,,,0.8579,0.1421,,False,on_map_at_end
940,pkw,958.0,,842.0,,2174.268,100.0,606.0,236.0,638.215,,,0.7197,0.2803,,False,on_map_at_end
944,pkw,959.0,,841.0,,1781.799,100.0,640.0,201.0,664.073,,,0.761,0.239,,False,on_map_at_end
946,pkw,962.0,,838.0,,992.538,100.0,715.0,123.0,747.905,,,0.8532,0.1468,,False,on_map_at_end
947,pkw,960.0,,840.0,,645.666,94.0,755.0,85.0,778.977,,,0.8988,0.1012,,False,on_map_at_end
948,pkw,963.0,,837.0,,985.259,100.0,714.0,123.0,747.802,,,0.853,0.147,,False,on_map_at_end
949,pkw,963.0,,837.0,,87.377,100.0,808.0,29.0,828.141,,,0.9654,0.0346,,False,on_map_at_end
951,pkw,964.0,,836.0,,998.054,97.0,710.0,126.0,742.06,,,0.8493,0.1507,,False,on_map_at_end
952,pkw,964.0,,836.0,,1350.638,97.0,635.0,201.0,698.237,,,0.7596,0.2404,,False,on_map_at_end
954,pkw,965.0,,835.0,,69.555,100.0,818.0,17.0,828.74,,,0.9796,0.0204,,False,on_map_at_end
955,pkw,965.0,,835.0,,839.591,96.0,697.0,138.0,733.287,,,0.8347,0.1653,,False,on_map_at_end
956,pkw,965.0,,835.0,,511.531,100.0,733.0,102.0,780.478,,,0.8778,0.1222,,False,on_map_at_end
958,pkw,967.0,,833.0,,638.165,93.0,753.0,80.0,772.295,,,0.904,0.096,,False,on_map_at_end
96,pkw,181.0,,1619.0,,301.82,98.0,1554.0,65.0,1588.834,,,0.9599,0.0401,,False,on_map_at_end
961,pkw,968.0,,832.0,,1401.439,92.0,664.0,168.0,705.869,,,0.7981,0.2019,,False,on_map_at_end
963,pkw,970.0,,830.0,,102.379,100.0,792.0,38.0,819.886,,,0.9542,0.0458,,False,on_map_at_end
965,pkw,973.0,,827.0,,1246.209,99.0,654.0,173.0,712.785,,,0.7908,0.2092,,False,on_map_at_end
966,pkw,973.0,,827.0,,1599.844,91.0,630.0,197.0,673.391,,,0.7618,0.2382,,False,on_map_at_end
969,pkw,975.0,,825.0,,1245.675,92.0,630.0,195.0,684.751,,,0.7636,0.2364,,False,on_map_at_end
97,pkw,183.0,,1617.0,,1878.56,100.0,1408.0,209.0,1444.964,,,0.8707,0.1293,,False,on_map_at_end
973,pkw,980.0,,820.0,,167.23,100.0,769.0,51.0,804.949,,,0.9378,0.0622,,False,on_map_at_end
974,pkw,980.0,,820.0,,1013.033,100.0,698.0,122.0,718.692,,,0.8512,0.1488,,False,on_map_at_end
976,pkw,982.0,,818.0,,630.664,91.0,739.0,79.0,759.974,,,0.9034,0.0966,,False,on_map_at_end
977,pkw,982.0,,818.0,,1156.271,86.0,646.0,172.0,701.831,,,0.7897,0.2103,,False,on_map_at_end
978,pkw,984.0,,816.0,,760.42,100.0,491.0,325.0,522.3,,,0.6017,0.3983,,False,on_map_at_end
98,pkw,184.0,,1616.0,,1522.001,95.0,1414.0,202.0,1469.557,,,0.875,0.125,,False,on_map_at_end
980,pkw,984.0,,816.0,,2322.158,94.0,575.0,241.0,607.004,,,0.7047,0.2953,,False,on_map_at_end
981,pkw,984.0,,816.0,,396.237,100.0,753.0,63.0,771.064,,,0.9228,0.0772,,False,on_map_at_end
982,pkw,993.0,,807.0,,1224.819,100.0,610.0,197.0,626.263,,,0.7559,0.2441,,False,on_map_at_end
983,pkw,985.0,,815.0,,252.521,100.0,766.0,49.0,792.152,,,0.9399,0.0601,,False,on_map_at_end
984,pkw,986.0,,814.0,,607.539,94.0,737.0,77.0,758.119,,,0.9054,0.0946,,False,on_map_at_end
986,pkw,987.0,,813.0,,511.964,100.0,750.0,63.0,766.196,,,0.9225,0.0775,,False,on_map_at_end
987,pkw,989.0,,811.0,,1922.687,100.0,584.0,227.0,626.885,,,0.7201,0.2799,,False,on_map_at_end
988,pkw,989.0,,811.0,,600.038,93.0,734.0,77.0,755.64,,,0.9051,0.0949,,False,on_map_at_end
99,pkw,187.0,,1613.0,,338.809,100.0,1541.0,72.0,1578.442,,,0.9554,0.0446,,False,on_map_at_end
991,pkw,991.0,,809.0,,1467.964,93.0,605.0,204.0,669.998,,,0.7478,0.2522,,False,on_map_at_end
992,pkw,991.0,,809.0,,288.374,100.0,703.0,106.0,782.609,,,0.869,0.131,,False,on_map_at_end
993,pkw,991.0,,809.0,,1223.112,92.0,612.0,197.0,665.215,,,0.7565,0.2435,,False,on_map_at_end
994,pkw,991.0,,809.0,,624.696,100.0,658.0,151.0,752.755,,,0.8133,0.1867,,False,on_map_at_end
995,pkw,991.0,,809.0,,943.949,98.0,683.0,126.0,723.634,,,0.8443,0.1557,,False,on_map_at_end
997,pkw,992.0,,808.0,,1408.401,92.0,605.0,203.0,665.097,,,0.7488,0.2512,,False,on_map_at_end
998,pkw,993.0,,807.0,,319.341,100.0,742.0,65.0,777.771,,,0.9195,0.0805,,False,on_map_at_end
999,pkw,993.0,,807.0,,1159.669,93.0,647.0,160.0,694.483,,,0.8017,0.1983,,False,on_map_at_end
