vehicle_id,vehicle_type,enter_time_s,departure_time_s,travel_time_s,route_distance_m,distance_traveled_m,accumulated_waiting_time_s,custom_wait_s,moving_time_s,time_loss_s,free_flow_time_s,delay_s,waiting_fraction,moving_fraction,schedule_efficiency,completed_trip,trip_status
17,car,24.0,103.0,79.0,,774.753,1.0,1.0,78.0,8.019,,,0.0127,0.9873,,True,completed
15,truck,20.0,113.0,93.0,,736.373,0.0,0.0,93.0,3.6,,,0.0,1.0,,True,completed
32,car,51.0,120.0,69.0,,599.467,1.0,1.0,68.0,13.061,,,0.0145,0.9855,,True,completed
43,car,74.0,125.0,51.0,,375.877,0.0,0.0,51.0,4.271,,,0.0,1.0,,True,completed
13,car,18.0,145.0,127.0,,955.387,23.0,23.0,104.0,37.587,,,0.1811,0.8189,,True,completed
3,car,3.0,162.0,159.0,,1503.267,3.0,3.0,156.0,19.35,,,0.0189,0.9811,,True,completed
6,car,7.0,167.0,160.0,,1607.8,0.0,0.0,160.0,14.297,,,0.0,1.0,,True,completed
1,car,2.0,174.0,172.0,,1596.101,0.0,0.0,172.0,17.827,,,0.0,1.0,,True,completed
41,car,70.0,174.0,104.0,,985.656,0.0,0.0,104.0,8.248,,,0.0,1.0,,True,completed
4,car,5.0,198.0,193.0,,1552.604,24.0,24.0,169.0,44.011,,,0.1244,0.8756,,True,completed
20,truck,30.0,205.0,175.0,,1380.238,0.0,0.0,175.0,7.943,,,0.0,1.0,,True,completed
29,car,49.0,208.0,159.0,,1581.193,3.0,4.0,155.0,15.443,,,0.0252,0.9748,,True,completed
51,car,91.0,208.0,117.0,,1063.384,0.0,0.0,117.0,14.63,,,0.0,1.0,,True,completed
5,truck,5.0,213.0,208.0,,1581.9,0.0,0.0,208.0,16.555,,,0.0,1.0,,True,completed
14,car,19.0,218.0,199.0,,2094.07,0.0,0.0,199.0,8.746,,,0.0,1.0,,True,completed
59,car,103.0,219.0,116.0,,885.206,0.0,0.0,116.0,10.57,,,0.0,1.0,,True,completed
0,truck,2.0,222.0,220.0,,1689.794,0.0,1.0,219.0,15.781,,,0.0045,0.9955,,True,completed
88,car,152.0,225.0,73.0,,732.731,0.0,0.0,73.0,6.054,,,0.0,1.0,,True,completed
8,car,9.0,226.0,217.0,,1656.768,0.0,0.0,217.0,17.87,,,0.0,1.0,,True,completed
9,car,11.0,228.0,217.0,,2254.703,0.0,0.0,217.0,11.461,,,0.0,1.0,,True,completed
28,car,43.0,233.0,190.0,,1520.065,29.0,29.0,161.0,49.091,,,0.1526,0.8474,,True,completed
47,car,84.0,235.0,151.0,,1408.79,0.0,0.0,151.0,13.101,,,0.0,1.0,,True,completed
23,car,36.0,237.0,201.0,,1970.815,1.0,1.0,200.0,20.646,,,0.005,0.995,,True,completed
35,truck,55.0,243.0,188.0,,1346.053,0.0,4.0,184.0,24.269,,,0.0213,0.9787,,True,completed
24,car,36.0,254.0,218.0,,1913.128,0.0,3.0,215.0,34.383,,,0.0138,0.9862,,True,completed
53,car,93.0,259.0,166.0,,1690.35,0.0,0.0,166.0,11.883,,,0.0,1.0,,True,completed
102,car,182.0,260.0,78.0,,692.721,3.0,3.0,75.0,13.265,,,0.0385,0.9615,,True,completed
7,car,9.0,264.0,255.0,,2215.378,9.0,15.0,240.0,48.172,,,0.0588,0.9412,,True,completed
33,car,52.0,273.0,221.0,,1686.57,0.0,5.0,216.0,33.003,,,0.0226,0.9774,,True,completed
38,car,65.0,277.0,212.0,,1829.957,0.0,4.0,208.0,24.923,,,0.0189,0.9811,,True,completed
95,truck,168.0,277.0,109.0,,680.129,10.0,13.0,96.0,25.691,,,0.1193,0.8807,,True,completed
37,car,59.0,278.0,219.0,,1874.981,0.0,15.0,204.0,41.33,,,0.0685,0.9315,,True,completed
80,truck,138.0,279.0,141.0,,1005.692,2.0,2.0,139.0,19.02,,,0.0142,0.9858,,True,completed
83,car,144.0,279.0,135.0,,1269.316,5.0,5.0,130.0,18.215,,,0.037,0.963,,True,completed
19,car,28.0,281.0,253.0,,2211.834,10.0,13.0,240.0,51.891,,,0.0514,0.9486,,True,completed
76,car,136.0,282.0,146.0,,1516.612,0.0,0.0,146.0,7.44,,,0.0,1.0,,True,completed
27,car,41.0,283.0,242.0,,2161.526,3.0,20.0,222.0,43.889,,,0.0826,0.9174,,True,completed
56,car,100.0,284.0,184.0,,1632.377,0.0,0.0,184.0,28.659,,,0.0,1.0,,True,completed
74,car,134.0,285.0,151.0,,1207.494,24.0,24.0,127.0,37.441,,,0.1589,0.8411,,True,completed
117,car,215.0,289.0,74.0,,718.641,0.0,0.0,74.0,6.645,,,0.0,1.0,,True,completed
60,truck,106.0,293.0,187.0,,1410.002,3.0,3.0,184.0,16.461,,,0.016,0.984,,True,completed
64,car,115.0,293.0,178.0,,1389.637,0.0,0.0,178.0,22.816,,,0.0,1.0,,True,completed
109,car,195.0,294.0,99.0,,887.435,0.0,0.0,99.0,12.449,,,0.0,1.0,,True,completed
58,car,101.0,294.0,193.0,,1663.143,4.0,12.0,181.0,41.911,,,0.0622,0.9378,,True,completed
69,car,124.0,294.0,170.0,,1469.571,5.0,5.0,165.0,29.977,,,0.0294,0.9706,,True,completed
48,car,84.0,297.0,213.0,,1590.086,24.0,25.0,188.0,58.017,,,0.1174,0.8826,,True,completed
116,car,212.0,299.0,87.0,,648.688,0.0,0.0,87.0,9.373,,,0.0,1.0,,True,completed
124,car,231.0,299.0,68.0,,535.233,6.0,6.0,62.0,18.494,,,0.0882,0.9118,,True,completed
34,car,54.0,299.0,245.0,,2299.106,0.0,3.0,242.0,27.257,,,0.0122,0.9878,,True,completed
122,car,224.0,302.0,78.0,,750.14,0.0,0.0,78.0,5.614,,,0.0,1.0,,True,completed
45,truck,80.0,312.0,232.0,,1389.328,31.0,37.0,195.0,63.875,,,0.1595,0.8405,,True,completed
78,car,137.0,312.0,175.0,,1520.427,10.0,10.0,165.0,30.671,,,0.0571,0.9429,,True,completed
42,car,74.0,316.0,242.0,,1877.819,19.0,31.0,211.0,64.724,,,0.1281,0.8719,,True,completed
31,car,53.0,318.0,265.0,,2529.721,0.0,6.0,259.0,35.285,,,0.0226,0.9774,,True,completed
25,truck,38.0,326.0,288.0,,2143.631,0.0,4.0,284.0,29.661,,,0.0139,0.9861,,True,completed
39,car,65.0,327.0,262.0,,2126.235,23.0,33.0,229.0,64.777,,,0.126,0.874,,True,completed
61,car,110.0,329.0,219.0,,1974.519,5.0,14.0,205.0,38.972,,,0.0639,0.9361,,True,completed
10,truck,12.0,332.0,320.0,,1962.29,42.0,50.0,270.0,82.273,,,0.1562,0.8438,,True,completed
54,car,96.0,332.0,236.0,,2168.192,7.0,7.0,229.0,39.672,,,0.0297,0.9703,,True,completed
36,car,56.0,337.0,281.0,,2333.899,16.0,21.0,260.0,56.83,,,0.0747,0.9253,,True,completed
93,car,165.0,339.0,174.0,,1629.14,2.0,2.0,172.0,18.056,,,0.0115,0.9885,,True,completed
108,car,192.0,341.0,149.0,,1504.716,0.0,0.0,149.0,10.82,,,0.0,1.0,,True,completed
21,car,32.0,346.0,314.0,,2827.024,5.0,7.0,307.0,44.453,,,0.0223,0.9777,,True,completed
57,car,100.0,348.0,248.0,,1589.493,72.0,76.0,172.0,97.754,,,0.3065,0.6935,,True,completed
75,truck,135.0,348.0,213.0,,1496.047,6.0,14.0,199.0,32.403,,,0.0657,0.9343,,True,completed
81,car,140.0,348.0,208.0,,1278.437,63.0,69.0,139.0,86.221,,,0.3317,0.6683,,True,completed
89,car,153.0,351.0,198.0,,1528.361,4.0,6.0,192.0,54.863,,,0.0303,0.9697,,True,completed
144,car,261.0,355.0,94.0,,526.905,23.0,23.0,71.0,45.225,,,0.2447,0.7553,,True,completed
90,truck,154.0,355.0,201.0,,1434.379,7.0,11.0,190.0,27.806,,,0.0547,0.9453,,True,completed
118,car,216.0,356.0,140.0,,1230.224,6.0,6.0,134.0,25.668,,,0.0429,0.9571,,True,completed
26,car,39.0,357.0,318.0,,2636.852,5.0,24.0,294.0,69.968,,,0.0755,0.9245,,True,completed
99,car,176.0,357.0,181.0,,1028.568,31.0,31.0,150.0,58.481,,,0.1713,0.8287,,True,completed
145,truck,262.0,359.0,97.0,,665.246,8.0,8.0,89.0,16.139,,,0.0825,0.9175,,True,completed
63,car,114.0,359.0,245.0,,1441.116,82.0,93.0,152.0,110.817,,,0.3796,0.6204,,True,completed
11,car,15.0,360.0,345.0,,2578.131,1.0,58.0,287.0,93.139,,,0.1681,0.8319,,True,completed
62,car,111.0,361.0,250.0,,2436.595,4.0,4.0,246.0,27.878,,,0.016,0.984,,True,completed
66,car,117.0,361.0,244.0,,2334.826,0.0,0.0,244.0,26.904,,,0.0,1.0,,True,completed
2,car,3.0,363.0,360.0,,3304.666,11.0,15.0,345.0,60.015,,,0.0417,0.9583,,True,completed
92,car,160.0,363.0,203.0,,1500.178,0.0,25.0,178.0,62.613,,,0.1232,0.8768,,True,completed
111,car,202.0,364.0,162.0,,1483.368,3.0,7.0,155.0,26.676,,,0.0432,0.9568,,True,completed
12,car,15.0,364.0,349.0,,2644.064,58.0,72.0,277.0,105.868,,,0.2063,0.7937,,True,completed
22,car,35.0,365.0,330.0,,3002.246,0.0,20.0,310.0,53.586,,,0.0606,0.9394,,True,completed
143,car,258.0,366.0,108.0,,898.951,0.0,0.0,108.0,25.249,,,0.0,1.0,,True,completed
68,car,123.0,368.0,245.0,,2093.39,24.0,28.0,217.0,55.369,,,0.1143,0.8857,,True,completed
94,car,166.0,368.0,202.0,,1829.441,3.0,3.0,199.0,21.647,,,0.0149,0.9851,,True,completed
18,car,27.0,369.0,342.0,,2808.137,0.0,36.0,306.0,75.196,,,0.1053,0.8947,,True,completed
44,car,75.0,370.0,295.0,,2668.413,18.0,18.0,277.0,50.395,,,0.061,0.939,,True,completed
133,car,241.0,375.0,134.0,,1326.789,0.0,0.0,134.0,11.128,,,0.0,1.0,,True,completed
82,car,142.0,375.0,233.0,,2161.209,0.0,2.0,231.0,23.327,,,0.0086,0.9914,,True,completed
180,truck,320.0,376.0,56.0,,439.637,0.0,0.0,56.0,2.222,,,0.0,1.0,,True,completed
149,car,269.0,386.0,117.0,,1141.564,0.0,0.0,117.0,8.41,,,0.0,1.0,,True,completed
46,car,82.0,388.0,306.0,,2750.466,0.0,17.0,289.0,43.604,,,0.0556,0.9444,,True,completed
114,car,209.0,390.0,181.0,,1388.794,11.0,26.0,155.0,48.014,,,0.1436,0.8564,,True,completed
179,car,320.0,390.0,70.0,,733.918,0.0,0.0,70.0,2.947,,,0.0,1.0,,True,completed
86,car,149.0,390.0,241.0,,1824.231,0.0,23.0,218.0,61.696,,,0.0954,0.9046,,True,completed
119,car,218.0,393.0,175.0,,1682.352,6.0,6.0,169.0,19.917,,,0.0343,0.9657,,True,completed
71,car,128.0,393.0,265.0,,2100.297,1.0,35.0,230.0,61.746,,,0.1321,0.8679,,True,completed
50,truck,90.0,398.0,308.0,,2227.289,3.0,7.0,301.0,39.027,,,0.0227,0.9773,,True,completed
115,truck,211.0,403.0,192.0,,1034.447,19.0,42.0,150.0,65.718,,,0.2188,0.7812,,True,completed
158,car,294.0,406.0,112.0,,1175.251,0.0,0.0,112.0,5.226,,,0.0,1.0,,True,completed
73,car,130.0,410.0,280.0,,2544.785,3.0,26.0,254.0,49.368,,,0.0929,0.9071,,True,completed
96,car,171.0,411.0,240.0,,2250.152,2.0,2.0,238.0,35.373,,,0.0083,0.9917,,True,completed
16,car,22.0,412.0,390.0,,3087.55,16.0,63.0,327.0,109.414,,,0.1615,0.8385,,True,completed
104,car,187.0,416.0,229.0,,1915.243,1.0,18.0,211.0,50.255,,,0.0786,0.9214,,True,completed
128,car,239.0,417.0,178.0,,1490.742,0.0,3.0,175.0,20.94,,,0.0169,0.9831,,True,completed
98,car,175.0,417.0,242.0,,2378.724,3.0,3.0,239.0,26.336,,,0.0124,0.9876,,True,completed
106,car,191.0,420.0,229.0,,2356.048,0.0,0.0,229.0,14.121,,,0.0,1.0,,True,completed
219,car,374.0,421.0,47.0,,381.729,0.0,0.0,47.0,3.73,,,0.0,1.0,,True,completed
173,car,314.0,422.0,108.0,,942.199,4.0,8.0,100.0,21.999,,,0.0741,0.9259,,True,completed
30,truck,49.0,425.0,376.0,,2748.93,4.0,12.0,364.0,42.97,,,0.0319,0.9681,,True,completed
84,car,144.0,430.0,286.0,,2392.843,3.0,28.0,258.0,60.069,,,0.0979,0.9021,,True,completed
65,truck,117.0,432.0,315.0,,2441.227,0.0,2.0,313.0,20.386,,,0.0063,0.9937,,True,completed
101,car,181.0,434.0,253.0,,2334.233,1.0,13.0,240.0,34.484,,,0.0514,0.9486,,True,completed
130,truck,240.0,434.0,194.0,,1477.575,0.0,0.0,194.0,14.355,,,0.0,1.0,,True,completed
77,car,136.0,438.0,302.0,,2633.267,27.0,27.0,275.0,59.132,,,0.0894,0.9106,,True,completed
139,car,250.0,439.0,189.0,,1899.47,0.0,0.0,189.0,12.175,,,0.0,1.0,,True,completed
150,truck,273.0,439.0,166.0,,967.49,36.0,36.0,130.0,48.73,,,0.2169,0.7831,,True,completed
107,car,191.0,440.0,249.0,,1975.994,5.0,20.0,229.0,45.652,,,0.0803,0.9197,,True,completed
79,car,138.0,440.0,302.0,,1726.65,43.0,102.0,200.0,130.956,,,0.3377,0.6623,,True,completed
121,car,223.0,443.0,220.0,,1725.19,5.0,19.0,201.0,48.193,,,0.0864,0.9136,,True,completed
72,car,129.0,443.0,314.0,,2813.462,0.0,22.0,292.0,57.895,,,0.0701,0.9299,,True,completed
167,car,305.0,444.0,139.0,,1445.474,0.0,0.0,139.0,7.398,,,0.0,1.0,,True,completed
97,car,173.0,449.0,276.0,,2109.443,0.0,43.0,233.0,71.232,,,0.1558,0.8442,,True,completed
55,truck,98.0,450.0,352.0,,2118.949,0.0,52.0,300.0,80.466,,,0.1477,0.8523,,True,completed
201,car,343.0,452.0,109.0,,1069.833,0.0,0.0,109.0,11.387,,,0.0,1.0,,True,completed
49,car,87.0,459.0,372.0,,3035.213,10.0,10.0,362.0,88.11,,,0.0269,0.9731,,True,completed
183,car,322.0,460.0,138.0,,843.784,33.0,33.0,105.0,57.854,,,0.2391,0.7609,,True,completed
198,car,339.0,461.0,122.0,,1017.447,10.0,10.0,112.0,29.159,,,0.082,0.918,,True,completed
40,truck,67.0,462.0,395.0,,2745.971,6.0,22.0,373.0,63.888,,,0.0557,0.9443,,True,completed
162,car,302.0,467.0,165.0,,1697.049,0.0,0.0,165.0,10.3,,,0.0,1.0,,True,completed
146,car,263.0,469.0,206.0,,2010.415,0.0,3.0,203.0,23.007,,,0.0146,0.9854,,True,completed
105,truck,188.0,474.0,286.0,,1639.162,46.0,50.0,236.0,87.913,,,0.1748,0.8252,,True,completed
126,car,234.0,475.0,241.0,,2100.4,0.0,2.0,239.0,42.731,,,0.0083,0.9917,,True,completed
195,truck,338.0,478.0,140.0,,1042.932,2.0,2.0,138.0,13.448,,,0.0143,0.9857,,True,completed
251,car,419.0,479.0,60.0,,606.916,0.0,0.0,60.0,4.338,,,0.0,1.0,,True,completed
172,car,313.0,480.0,167.0,,1688.505,0.0,0.0,167.0,13.518,,,0.0,1.0,,True,completed
217,car,370.0,480.0,110.0,,981.366,5.0,5.0,105.0,15.358,,,0.0455,0.9545,,True,completed
113,car,207.0,490.0,283.0,,2462.476,9.0,12.0,271.0,59.832,,,0.0424,0.9576,,True,completed
138,car,247.0,490.0,243.0,,2324.579,10.0,10.0,233.0,27.834,,,0.0412,0.9588,,True,completed
277,car,454.0,492.0,38.0,,376.323,0.0,0.0,38.0,3.131,,,0.0,1.0,,True,completed
218,car,373.0,493.0,120.0,,1093.606,0.0,0.0,120.0,10.749,,,0.0,1.0,,True,completed
176,car,318.0,496.0,178.0,,1643.7,1.0,2.0,176.0,26.036,,,0.0112,0.9888,,True,completed
136,car,245.0,498.0,253.0,,2361.752,0.0,15.0,238.0,36.2,,,0.0593,0.9407,,True,completed
148,car,265.0,498.0,233.0,,1626.723,50.0,53.0,180.0,84.624,,,0.2275,0.7725,,True,completed
91,car,158.0,498.0,340.0,,2214.284,23.0,25.0,315.0,100.987,,,0.0735,0.9265,,True,completed
156,car,291.0,502.0,211.0,,2045.928,0.0,6.0,205.0,22.879,,,0.0284,0.9716,,True,completed
249,car,418.0,502.0,84.0,,654.539,3.0,3.0,81.0,23.707,,,0.0357,0.9643,,True,completed
242,car,409.0,503.0,94.0,,832.845,0.0,0.0,94.0,7.474,,,0.0,1.0,,True,completed
52,car,91.0,503.0,412.0,,3262.331,0.0,22.0,390.0,56.653,,,0.0534,0.9466,,True,completed
67,car,118.0,505.0,387.0,,2543.21,0.0,135.0,252.0,155.751,,,0.3488,0.6512,,True,completed
239,car,406.0,506.0,100.0,,1052.399,0.0,0.0,100.0,4.283,,,0.0,1.0,,True,completed
253,car,422.0,507.0,85.0,,762.337,8.0,9.0,76.0,15.389,,,0.1059,0.8941,,True,completed
163,car,302.0,508.0,206.0,,1790.319,0.0,0.0,206.0,14.511,,,0.0,1.0,,True,completed
87,car,150.0,509.0,359.0,,2923.275,13.0,41.0,318.0,89.613,,,0.1142,0.8858,,True,completed
177,car,318.0,514.0,196.0,,1628.598,0.0,8.0,188.0,44.343,,,0.0408,0.9592,,True,completed
152,car,279.0,517.0,238.0,,1795.046,29.0,33.0,205.0,65.3,,,0.1387,0.8613,,True,completed
190,truck,333.0,520.0,187.0,,1476.001,0.0,0.0,187.0,8.551,,,0.0,1.0,,True,completed
132,car,240.0,521.0,281.0,,2269.642,8.0,40.0,241.0,70.196,,,0.1423,0.8577,,True,completed
110,truck,196.0,522.0,326.0,,2421.367,0.0,3.0,323.0,32.48,,,0.0092,0.9908,,True,completed
147,car,264.0,526.0,262.0,,1906.494,21.0,37.0,225.0,68.513,,,0.1412,0.8588,,True,completed
169,car,307.0,527.0,220.0,,2009.666,5.0,13.0,207.0,36.57,,,0.0591,0.9409,,True,completed
134,car,243.0,528.0,285.0,,2250.99,13.0,26.0,259.0,80.557,,,0.0912,0.9088,,True,completed
127,car,235.0,531.0,296.0,,2114.163,22.0,39.0,257.0,67.729,,,0.1318,0.8682,,True,completed
129,car,240.0,531.0,291.0,,2660.262,0.0,15.0,276.0,43.579,,,0.0515,0.9485,,True,completed
278,car,452.0,534.0,82.0,,741.094,4.0,4.0,78.0,14.301,,,0.0488,0.9512,,True,completed
151,car,277.0,535.0,258.0,,2086.239,6.0,23.0,235.0,54.573,,,0.0891,0.9109,,True,completed
187,car,330.0,537.0,207.0,,1894.437,0.0,0.0,207.0,32.285,,,0.0,1.0,,True,completed
192,car,335.0,540.0,205.0,,1892.922,0.0,0.0,205.0,31.328,,,0.0,1.0,,True,completed
157,car,294.0,546.0,252.0,,1855.882,52.0,52.0,200.0,82.069,,,0.2063,0.7937,,True,completed
311,car,491.0,547.0,56.0,,582.656,0.0,0.0,56.0,2.56,,,0.0,1.0,,True,completed
112,car,207.0,550.0,343.0,,2760.639,0.0,5.0,338.0,90.05,,,0.0146,0.9854,,True,completed
225,truck,385.0,550.0,165.0,,1263.039,0.0,1.0,164.0,12.18,,,0.0061,0.9939,,True,completed
103,car,184.0,553.0,369.0,,3320.9,7.0,7.0,362.0,40.942,,,0.019,0.981,,True,completed
209,car,359.0,553.0,194.0,,1648.719,0.0,25.0,169.0,43.064,,,0.1289,0.8711,,True,completed
283,car,462.0,554.0,92.0,,906.254,0.0,0.0,92.0,8.044,,,0.0,1.0,,True,completed
70,truck,128.0,558.0,430.0,,3163.897,0.0,13.0,417.0,48.623,,,0.0302,0.9698,,True,completed
131,car,240.0,559.0,319.0,,1987.828,44.0,55.0,264.0,91.777,,,0.1724,0.8276,,True,completed
135,truck,244.0,560.0,316.0,,2262.528,0.0,9.0,307.0,40.87,,,0.0285,0.9715,,True,completed
262,car,436.0,562.0,126.0,,973.736,11.0,15.0,111.0,32.282,,,0.119,0.881,,True,completed
223,car,384.0,566.0,182.0,,1269.629,25.0,46.0,136.0,62.52,,,0.2527,0.7473,,True,completed
238,car,406.0,566.0,160.0,,1411.186,0.0,3.0,157.0,31.269,,,0.0187,0.9812,,True,completed
199,car,340.0,568.0,228.0,,2284.1,0.0,2.0,226.0,19.758,,,0.0088,0.9912,,True,completed
120,truck,219.0,569.0,350.0,,2292.053,31.0,43.0,307.0,73.221,,,0.1229,0.8771,,True,completed
161,car,302.0,569.0,267.0,,2133.832,12.0,33.0,234.0,69.5,,,0.1236,0.8764,,True,completed
205,truck,352.0,571.0,219.0,,1662.117,0.0,0.0,219.0,16.863,,,0.0,1.0,,True,completed
100,truck,181.0,572.0,391.0,,2414.967,4.0,47.0,344.0,94.874,,,0.1202,0.8798,,True,completed
168,car,305.0,573.0,268.0,,2010.439,18.0,45.0,223.0,76.389,,,0.1679,0.8321,,True,completed
85,truck,145.0,575.0,430.0,,2955.155,3.0,39.0,391.0,73.945,,,0.0907,0.9093,,True,completed
244,car,413.0,577.0,164.0,,1307.493,1.0,14.0,150.0,35.195,,,0.0854,0.9146,,True,completed
123,car,230.0,578.0,348.0,,2599.16,46.0,64.0,284.0,102.788,,,0.1839,0.8161,,True,completed
324,car,509.0,578.0,69.0,,594.844,2.0,2.0,67.0,13.541,,,0.029,0.971,,True,completed
189,car,333.0,579.0,246.0,,2437.492,6.0,8.0,238.0,23.588,,,0.0325,0.9675,,True,completed
248,car,417.0,580.0,163.0,,1525.874,0.0,4.0,159.0,21.173,,,0.0245,0.9755,,True,completed
137,car,245.0,581.0,336.0,,1900.404,50.0,90.0,246.0,147.539,,,0.2679,0.7321,,True,completed
141,car,255.0,581.0,326.0,,2721.518,0.0,47.0,279.0,70.713,,,0.1442,0.8558,,True,completed
212,car,365.0,583.0,218.0,,1832.158,0.0,1.0,217.0,24.843,,,0.0046,0.9954,,True,completed
237,car,401.0,583.0,182.0,,1657.41,4.0,13.0,169.0,30.91,,,0.0714,0.9286,,True,completed
309,car,491.0,585.0,94.0,,658.25,19.0,20.0,74.0,32.926,,,0.2128,0.7872,,True,completed
213,car,365.0,586.0,221.0,,2128.568,2.0,2.0,219.0,21.824,,,0.009,0.991,,True,completed
269,car,444.0,586.0,142.0,,1268.135,3.0,3.0,139.0,25.69,,,0.0211,0.9789,,True,completed
159,car,299.0,590.0,291.0,,2961.034,0.0,1.0,290.0,20.693,,,0.0034,0.9966,,True,completed
166,car,304.0,590.0,286.0,,2667.255,3.0,9.0,277.0,41.623,,,0.0315,0.9685,,True,completed
227,car,390.0,590.0,200.0,,1833.445,0.0,4.0,196.0,31.865,,,0.02,0.98,,True,completed
230,truck,392.0,592.0,200.0,,1517.253,3.0,3.0,197.0,16.758,,,0.015,0.985,,True,completed
197,car,339.0,594.0,255.0,,2054.699,0.0,2.0,253.0,67.1,,,0.0078,0.9922,,True,completed
318,car,507.0,594.0,87.0,,738.757,3.0,3.0,84.0,14.48,,,0.0345,0.9655,,True,completed
234,car,400.0,595.0,195.0,,1632.347,3.0,3.0,192.0,21.359,,,0.0154,0.9846,,True,completed
267,car,442.0,596.0,154.0,,886.29,39.0,40.0,114.0,73.17,,,0.2597,0.7403,,True,completed
308,car,489.0,596.0,107.0,,876.467,7.0,7.0,100.0,26.696,,,0.0654,0.9346,,True,completed
326,car,512.0,598.0,86.0,,643.832,0.0,0.0,86.0,9.834,,,0.0,1.0,,True,completed
382,car,575.0,598.0,23.0,,174.372,1.0,1.0,22.0,6.306,,,0.0435,0.9565,,True,completed
216,car,367.0,600.0,233.0,,1922.584,18.0,36.0,197.0,56.877,,,0.1545,0.8455,,True,completed
263,car,436.0,600.0,164.0,,1493.255,0.0,0.0,164.0,16.495,,,0.0,1.0,,True,completed
228,car,391.0,604.0,213.0,,1858.175,0.0,17.0,196.0,42.179,,,0.0798,0.9202,,True,completed
194,car,338.0,608.0,270.0,,1782.111,0.0,33.0,237.0,94.115,,,0.1222,0.8778,,True,completed
337,car,524.0,608.0,84.0,,751.983,1.0,1.0,83.0,9.882,,,0.0119,0.9881,,True,completed
203,car,349.0,610.0,261.0,,1723.15,0.0,29.0,232.0,88.538,,,0.1111,0.8889,,True,completed
210,truck,359.0,611.0,252.0,,1667.219,28.0,28.0,224.0,50.382,,,0.1111,0.8889,,True,completed
235,truck,400.0,613.0,213.0,,1289.797,25.0,28.0,185.0,56.439,,,0.1315,0.8685,,True,completed
206,car,354.0,615.0,261.0,,2298.0,0.0,2.0,259.0,39.927,,,0.0077,0.9923,,True,completed
142,car,256.0,616.0,360.0,,2207.471,57.0,115.0,245.0,158.691,,,0.3194,0.6806,,True,completed
279,car,453.0,620.0,167.0,,1637.902,1.0,1.0,166.0,18.587,,,0.006,0.994,,True,completed
191,car,334.0,621.0,287.0,,2339.704,23.0,23.0,264.0,69.191,,,0.0801,0.9199,,True,completed
236,car,401.0,627.0,226.0,,2012.104,0.0,0.0,226.0,22.073,,,0.0,1.0,,True,completed
186,car,328.0,628.0,300.0,,2358.715,0.0,30.0,270.0,62.068,,,0.1,0.9,,True,completed
254,car,423.0,631.0,208.0,,2086.621,0.0,0.0,208.0,18.709,,,0.0,1.0,,True,completed
374,car,562.0,631.0,69.0,,663.865,0.0,0.0,69.0,4.028,,,0.0,1.0,,True,completed
357,car,545.0,632.0,87.0,,726.061,1.0,1.0,86.0,16.512,,,0.0115,0.9885,,True,completed
155,truck,290.0,633.0,343.0,,2574.702,0.0,7.0,336.0,32.567,,,0.0204,0.9796,,True,completed
140,truck,251.0,636.0,385.0,,2511.707,18.0,44.0,341.0,82.475,,,0.1143,0.8857,,True,completed
202,car,349.0,636.0,287.0,,1702.025,64.0,73.0,214.0,113.434,,,0.2544,0.7456,,True,completed
153,car,285.0,637.0,352.0,,2745.229,1.0,48.0,304.0,88.209,,,0.1364,0.8636,,True,completed
185,truck,327.0,639.0,312.0,,1360.964,33.0,117.0,195.0,147.103,,,0.375,0.625,,True,completed
221,car,382.0,640.0,258.0,,2304.719,0.0,22.0,236.0,40.683,,,0.0853,0.9147,,True,completed
224,car,384.0,645.0,261.0,,2137.703,0.0,0.0,261.0,19.837,,,0.0,1.0,,True,completed
261,car,435.0,645.0,210.0,,1277.988,38.0,55.0,155.0,79.314,,,0.2619,0.7381,,True,completed
363,car,549.0,645.0,96.0,,737.888,18.0,18.0,78.0,27.665,,,0.1875,0.8125,,True,completed
370,truck,556.0,646.0,90.0,,686.645,0.0,0.0,90.0,6.292,,,0.0,1.0,,True,completed
265,truck,439.0,650.0,211.0,,1497.898,0.0,0.0,211.0,13.178,,,0.0,1.0,,True,completed
125,truck,232.0,652.0,420.0,,3188.806,1.0,2.0,418.0,33.135,,,0.0048,0.9952,,True,completed
296,car,480.0,652.0,172.0,,1468.197,0.0,27.0,145.0,38.64,,,0.157,0.843,,True,completed
287,car,468.0,653.0,185.0,,1807.037,1.0,1.0,184.0,19.635,,,0.0054,0.9946,,True,completed
160,truck,301.0,654.0,353.0,,2248.448,16.0,53.0,300.0,77.636,,,0.1501,0.8499,,True,completed
188,car,332.0,654.0,322.0,,2777.357,0.0,8.0,314.0,70.004,,,0.0248,0.9752,,True,completed
164,car,303.0,661.0,358.0,,1822.977,61.0,107.0,251.0,158.54,,,0.2989,0.7011,,True,completed
222,car,382.0,661.0,279.0,,2214.334,4.0,18.0,261.0,59.419,,,0.0645,0.9355,,True,completed
258,car,430.0,662.0,232.0,,1895.689,0.0,4.0,228.0,53.639,,,0.0172,0.9828,,True,completed
286,car,466.0,663.0,197.0,,1815.655,0.0,0.0,197.0,23.148,,,0.0,1.0,,True,completed
274,car,449.0,665.0,216.0,,1826.338,3.0,3.0,213.0,37.147,,,0.0139,0.9861,,True,completed
316,car,504.0,665.0,161.0,,1472.351,6.0,6.0,155.0,24.384,,,0.0373,0.9627,,True,completed
260,truck,435.0,666.0,231.0,,1738.301,0.0,2.0,229.0,21.239,,,0.0087,0.9913,,True,completed
343,car,532.0,666.0,134.0,,1016.964,15.0,23.0,111.0,40.919,,,0.1716,0.8284,,True,completed
367,car,552.0,667.0,115.0,,888.884,1.0,1.0,114.0,19.704,,,0.0087,0.9913,,True,completed
342,car,532.0,669.0,137.0,,1014.813,2.0,7.0,130.0,32.161,,,0.0511,0.9489,,True,completed
247,car,417.0,670.0,253.0,,2445.546,0.0,5.0,248.0,28.315,,,0.0198,0.9802,,True,completed
298,car,481.0,670.0,189.0,,1916.079,0.0,0.0,189.0,12.062,,,0.0,1.0,,True,completed
281,car,454.0,671.0,217.0,,2147.444,0.0,0.0,217.0,19.329,,,0.0,1.0,,True,completed
154,car,287.0,672.0,385.0,,3425.591,0.0,11.0,374.0,69.707,,,0.0286,0.9714,,True,completed
181,car,320.0,673.0,353.0,,2346.843,11.0,65.0,288.0,126.5,,,0.1841,0.8159,,True,completed
377,car,565.0,673.0,108.0,,882.709,3.0,3.0,105.0,17.673,,,0.0278,0.9722,,True,completed
211,car,364.0,679.0,315.0,,2251.455,2.0,73.0,242.0,106.239,,,0.2317,0.7683,,True,completed
289,car,469.0,681.0,212.0,,1707.899,18.0,28.0,184.0,55.991,,,0.1321,0.8679,,True,completed
174,car,315.0,683.0,368.0,,2207.174,23.0,71.0,297.0,127.315,,,0.1929,0.8071,,True,completed
220,truck,380.0,684.0,304.0,,2135.296,4.0,16.0,288.0,46.393,,,0.0526,0.9474,,True,completed
214,car,365.0,685.0,320.0,,2180.318,20.0,72.0,248.0,108.338,,,0.225,0.775,,True,completed
336,car,523.0,686.0,163.0,,1132.851,0.0,6.0,157.0,57.662,,,0.0368,0.9632,,True,completed
273,car,447.0,687.0,240.0,,1985.341,0.0,32.0,208.0,58.309,,,0.1333,0.8667,,True,completed
241,car,408.0,689.0,281.0,,2578.583,0.0,9.0,272.0,45.896,,,0.032,0.968,,True,completed
270,truck,444.0,690.0,246.0,,1719.048,0.0,8.0,238.0,37.782,,,0.0325,0.9675,,True,completed
282,car,458.0,691.0,233.0,,1835.369,13.0,15.0,218.0,47.526,,,0.0644,0.9356,,True,completed
297,car,481.0,691.0,210.0,,1867.019,0.0,13.0,197.0,32.259,,,0.0619,0.9381,,True,completed
304,car,483.0,691.0,208.0,,2138.502,0.0,0.0,208.0,13.238,,,0.0,1.0,,True,completed
315,truck,502.0,691.0,189.0,,1473.705,0.0,0.0,189.0,10.847,,,0.0,1.0,,True,completed
401,car,602.0,693.0,91.0,,782.462,0.0,0.0,91.0,18.738,,,0.0,1.0,,True,completed
170,truck,309.0,694.0,385.0,,2579.041,0.0,5.0,380.0,37.959,,,0.013,0.987,,True,completed
393,car,590.0,694.0,104.0,,739.47,17.0,17.0,87.0,31.102,,,0.1635,0.8365,,True,completed
255,truck,428.0,695.0,267.0,,1885.701,0.0,0.0,267.0,16.673,,,0.0,1.0,,True,completed
366,car,552.0,696.0,144.0,,1155.568,0.0,7.0,137.0,36.473,,,0.0486,0.9514,,True,completed
352,car,541.0,698.0,157.0,,1325.335,13.0,13.0,144.0,33.49,,,0.0828,0.9172,,True,completed
196,car,339.0,701.0,362.0,,2742.443,75.0,75.0,287.0,99.178,,,0.2072,0.7928,,True,completed
351,car,540.0,701.0,161.0,,1355.975,0.0,0.0,161.0,34.938,,,0.0,1.0,,True,completed
383,car,576.0,701.0,125.0,,1153.559,10.0,10.0,115.0,20.179,,,0.08,0.92,,True,completed
246,car,416.0,702.0,286.0,,2103.478,0.0,52.0,234.0,94.8,,,0.1818,0.8182,,True,completed
257,car,429.0,703.0,274.0,,2442.73,22.0,25.0,249.0,51.359,,,0.0912,0.9088,,True,completed
411,car,607.0,703.0,96.0,,510.306,22.0,22.0,74.0,30.376,,,0.2292,0.7708,,True,completed
165,truck,303.0,705.0,402.0,,2129.288,29.0,109.0,293.0,145.175,,,0.2711,0.7289,,True,completed
323,car,509.0,705.0,196.0,,1397.251,43.0,43.0,153.0,64.92,,,0.2194,0.7806,,True,completed
312,car,492.0,706.0,214.0,,1503.848,60.0,60.0,154.0,76.094,,,0.2804,0.7196,,True,completed
301,car,481.0,708.0,227.0,,2185.918,0.0,0.0,227.0,18.509,,,0.0,1.0,,True,completed
355,truck,544.0,708.0,164.0,,1036.593,2.0,21.0,143.0,38.103,,,0.128,0.872,,True,completed
348,car,539.0,711.0,172.0,,1584.725,6.0,6.0,166.0,28.342,,,0.0349,0.9651,,True,completed
436,car,620.0,714.0,94.0,,736.031,19.0,19.0,75.0,26.757,,,0.2021,0.7979,,True,completed
396,car,594.0,715.0,121.0,,1115.402,7.0,7.0,114.0,18.062,,,0.0579,0.9421,,True,completed
536,car,691.0,715.0,24.0,,135.283,5.0,5.0,19.0,10.824,,,0.2083,0.7917,,True,completed
182,car,321.0,716.0,395.0,,2360.382,95.0,121.0,274.0,167.879,,,0.3063,0.6937,,True,completed
284,car,465.0,717.0,252.0,,1630.696,45.0,52.0,200.0,94.877,,,0.2063,0.7937,,True,completed
328,car,514.0,718.0,204.0,,1823.286,11.0,11.0,193.0,32.715,,,0.0539,0.9461,,True,completed
331,car,515.0,718.0,203.0,,1982.145,0.0,6.0,197.0,22.877,,,0.0296,0.9704,,True,completed
414,car,609.0,723.0,114.0,,733.731,34.0,34.0,80.0,46.223,,,0.2982,0.7018,,True,completed
508,car,674.0,723.0,49.0,,377.666,0.0,0.0,49.0,4.819,,,0.0,1.0,,True,completed
303,car,482.0,725.0,243.0,,2231.182,0.0,4.0,239.0,38.847,,,0.0165,0.9835,,True,completed
373,car,561.0,725.0,164.0,,949.681,29.0,47.0,117.0,74.541,,,0.2866,0.7134,,True,completed
171,car,312.0,727.0,415.0,,1963.715,59.0,162.0,253.0,219.302,,,0.3904,0.6096,,True,completed
259,car,434.0,730.0,296.0,,1218.713,46.0,129.0,167.0,173.521,,,0.4358,0.5642,,True,completed
468,car,639.0,732.0,93.0,,853.707,0.0,0.0,93.0,13.834,,,0.0,1.0,,True,completed
425,truck,615.0,735.0,120.0,,797.33,7.0,7.0,113.0,19.659,,,0.0583,0.9417,,True,completed
515,truck,680.0,735.0,55.0,,381.206,0.0,0.0,55.0,6.806,,,0.0,1.0,,True,completed
200,truck,341.0,736.0,395.0,,2536.849,0.0,70.0,325.0,89.091,,,0.1772,0.8228,,True,completed
317,car,505.0,745.0,240.0,,2373.705,0.0,7.0,233.0,23.673,,,0.0292,0.9708,,True,completed
388,car,584.0,745.0,161.0,,1521.869,0.0,7.0,154.0,20.508,,,0.0435,0.9565,,True,completed
474,car,643.0,746.0,103.0,,1072.616,0.0,0.0,103.0,4.996,,,0.0,1.0,,True,completed
469,car,640.0,748.0,108.0,,857.948,5.0,5.0,103.0,28.263,,,0.0463,0.9537,,True,completed
403,car,602.0,750.0,148.0,,1411.005,5.0,5.0,143.0,19.368,,,0.0338,0.9662,,True,completed
361,car,547.0,753.0,206.0,,1523.744,21.0,29.0,177.0,63.321,,,0.1408,0.8592,,True,completed
313,car,495.0,754.0,259.0,,2262.282,25.0,28.0,231.0,53.267,,,0.1081,0.8919,,True,completed
344,car,534.0,755.0,221.0,,1685.386,24.0,37.0,184.0,67.559,,,0.1674,0.8326,,True,completed
431,car,618.0,755.0,137.0,,1187.453,14.0,14.0,123.0,28.401,,,0.1022,0.8978,,True,completed
523,car,684.0,756.0,72.0,,664.466,0.0,0.0,72.0,9.518,,,0.0,1.0,,True,completed
299,car,481.0,757.0,276.0,,1415.899,66.0,100.0,176.0,146.679,,,0.3623,0.6377,,True,completed
408,car,605.0,757.0,152.0,,1120.325,16.0,16.0,136.0,39.131,,,0.1053,0.8947,,True,completed
454,car,632.0,757.0,125.0,,992.192,1.0,1.0,124.0,16.901,,,0.008,0.992,,True,completed
477,car,643.0,759.0,116.0,,1038.344,3.0,3.0,113.0,18.615,,,0.0259,0.9741,,True,completed
272,car,447.0,760.0,313.0,,2388.91,0.0,47.0,266.0,94.665,,,0.1502,0.8498,,True,completed
491,car,659.0,760.0,101.0,,661.445,24.0,24.0,77.0,34.86,,,0.2376,0.7624,,True,completed
335,truck,518.0,761.0,243.0,,1681.474,0.0,7.0,236.0,39.392,,,0.0288,0.9712,,True,completed
481,car,649.0,762.0,113.0,,919.863,0.0,6.0,107.0,17.452,,,0.0531,0.9469,,True,completed
302,car,482.0,763.0,281.0,,2024.766,28.0,39.0,242.0,84.364,,,0.1388,0.8612,,True,completed
288,car,469.0,764.0,295.0,,2244.075,0.0,14.0,281.0,62.499,,,0.0475,0.9525,,True,completed
310,truck,491.0,770.0,279.0,,1726.516,47.0,47.0,232.0,65.749,,,0.1685,0.8315,,True,completed
575,truck,721.0,776.0,55.0,,229.887,12.0,12.0,43.0,22.833,,,0.2182,0.7818,,True,completed
375,truck,563.0,777.0,214.0,,1676.405,0.0,0.0,214.0,11.751,,,0.0,1.0,,True,completed
493,car,660.0,777.0,117.0,,1047.198,0.0,0.0,117.0,20.428,,,0.0,1.0,,True,completed
539,car,693.0,777.0,84.0,,699.71,6.0,6.0,78.0,16.614,,,0.0714,0.9286,,True,completed
229,car,391.0,778.0,387.0,,2069.467,52.0,141.0,246.0,197.367,,,0.3643,0.6357,,True,completed
471,car,639.0,778.0,139.0,,1048.689,3.0,21.0,118.0,41.152,,,0.1511,0.8489,,True,completed
379,car,568.0,780.0,212.0,,1740.437,5.0,9.0,203.0,37.27,,,0.0425,0.9575,,True,completed
354,car,543.0,783.0,240.0,,1758.356,26.0,37.0,203.0,58.423,,,0.1542,0.8458,,True,completed
368,car,554.0,783.0,229.0,,1699.794,0.0,27.0,202.0,61.689,,,0.1179,0.8821,,True,completed
582,car,722.0,785.0,63.0,,457.98,13.0,13.0,50.0,20.106,,,0.2063,0.7937,,True,completed
607,car,738.0,785.0,47.0,,444.819,0.0,0.0,47.0,5.966,,,0.0,1.0,,True,completed
353,car,542.0,786.0,244.0,,2308.075,6.0,6.0,238.0,33.231,,,0.0246,0.9754,,True,completed
482,car,649.0,786.0,137.0,,1142.73,16.0,16.0,121.0,28.693,,,0.1168,0.8832,,True,completed
497,car,665.0,786.0,121.0,,945.386,1.0,3.0,118.0,20.036,,,0.0248,0.9752,,True,completed
306,car,487.0,787.0,300.0,,2402.923,36.0,55.0,245.0,81.843,,,0.1833,0.8167,,True,completed
175,truck,315.0,790.0,475.0,,2286.073,23.0,144.0,331.0,198.752,,,0.3032,0.6968,,True,completed
604,car,737.0,792.0,55.0,,369.677,8.0,8.0,47.0,20.729,,,0.1455,0.8545,,True,completed
233,car,397.0,796.0,399.0,,2908.206,17.0,80.0,319.0,129.386,,,0.2005,0.7995,,True,completed
433,car,619.0,796.0,177.0,,1707.232,0.0,0.0,177.0,19.279,,,0.0,1.0,,True,completed
325,truck,511.0,797.0,286.0,,1477.21,87.0,91.0,195.0,106.867,,,0.3182,0.6818,,True,completed
215,truck,366.0,798.0,432.0,,2395.088,19.0,116.0,316.0,143.404,,,0.2685,0.7315,,True,completed
347,car,539.0,799.0,260.0,,2354.68,0.0,22.0,238.0,45.57,,,0.0846,0.9154,,True,completed
397,car,594.0,802.0,208.0,,1861.701,0.0,9.0,199.0,35.312,,,0.0433,0.9567,,True,completed
271,car,445.0,803.0,358.0,,2259.672,4.0,118.0,240.0,151.059,,,0.3296,0.6704,,True,completed
581,car,722.0,803.0,81.0,,833.879,0.0,0.0,81.0,4.95,,,0.0,1.0,,True,completed
627,car,751.0,804.0,53.0,,446.16,1.0,1.0,52.0,11.747,,,0.0189,0.9811,,True,completed
293,car,472.0,805.0,333.0,,2770.836,1.0,43.0,290.0,79.078,,,0.1291,0.8709,,True,completed
345,truck,535.0,805.0,270.0,,2045.832,0.0,4.0,266.0,21.639,,,0.0148,0.9852,,True,completed
300,truck,481.0,807.0,326.0,,2330.39,2.0,12.0,314.0,44.665,,,0.0368,0.9632,,True,completed
394,car,599.0,810.0,211.0,,1644.458,3.0,5.0,206.0,60.919,,,0.0237,0.9763,,True,completed
207,car,355.0,812.0,457.0,,3420.238,19.0,93.0,364.0,139.816,,,0.2035,0.7965,,True,completed
292,car,471.0,812.0,341.0,,2790.521,13.0,46.0,295.0,88.002,,,0.1349,0.8651,,True,completed
341,car,531.0,812.0,281.0,,2155.539,0.0,22.0,259.0,49.805,,,0.0783,0.9217,,True,completed
590,truck,729.0,813.0,84.0,,665.508,0.0,0.0,84.0,3.107,,,0.0,1.0,,True,completed
437,car,620.0,814.0,194.0,,1417.228,5.0,26.0,168.0,60.426,,,0.134,0.866,,True,completed
208,car,359.0,815.0,456.0,,2635.357,49.0,149.0,307.0,209.777,,,0.3268,0.6732,,True,completed
226,car,387.0,815.0,428.0,,2013.777,31.0,171.0,257.0,242.11,,,0.3995,0.6005,,True,completed
321,car,509.0,815.0,306.0,,2802.728,0.0,5.0,301.0,34.323,,,0.0163,0.9837,,True,completed
570,truck,716.0,815.0,99.0,,617.678,10.0,10.0,89.0,23.329,,,0.101,0.899,,True,completed
560,truck,708.0,816.0,108.0,,734.486,7.0,7.0,101.0,17.768,,,0.0648,0.9352,,True,completed
384,car,577.0,817.0,240.0,,2090.971,0.0,10.0,230.0,37.031,,,0.0417,0.9583,,True,completed
538,car,692.0,817.0,125.0,,973.726,14.0,14.0,111.0,35.445,,,0.112,0.888,,True,completed
376,car,564.0,818.0,254.0,,2219.051,1.0,14.0,240.0,49.14,,,0.0551,0.9449,,True,completed
443,car,624.0,820.0,196.0,,1821.236,9.0,9.0,187.0,28.67,,,0.0459,0.9541,,True,completed
424,car,614.0,822.0,208.0,,1856.429,14.0,14.0,194.0,37.271,,,0.0673,0.9327,,True,completed
418,car,611.0,823.0,212.0,,1826.414,1.0,13.0,199.0,40.452,,,0.0613,0.9387,,True,completed
427,car,615.0,823.0,208.0,,2043.717,0.0,0.0,208.0,22.687,,,0.0,1.0,,True,completed
596,car,732.0,824.0,92.0,,662.993,5.0,5.0,87.0,30.795,,,0.0543,0.9457,,True,completed
451,car,628.0,825.0,197.0,,1509.34,9.0,35.0,162.0,59.538,,,0.1777,0.8223,,True,completed
659,car,784.0,825.0,41.0,,378.739,0.0,0.0,41.0,5.913,,,0.0,1.0,,True,completed
243,car,411.0,827.0,416.0,,1639.282,63.0,187.0,229.0,258.885,,,0.4495,0.5505,,True,completed
407,car,605.0,827.0,222.0,,1681.685,26.0,29.0,193.0,67.768,,,0.1306,0.8694,,True,completed
294,car,475.0,828.0,353.0,,1662.775,73.0,128.0,225.0,159.64,,,0.3626,0.6374,,True,completed
410,truck,607.0,829.0,222.0,,1688.775,0.0,2.0,220.0,17.955,,,0.009,0.991,,True,completed
360,truck,546.0,835.0,289.0,,1148.437,45.0,118.0,171.0,149.31,,,0.4083,0.5917,,True,completed
571,car,716.0,835.0,119.0,,974.607,6.0,6.0,113.0,24.556,,,0.0504,0.9496,,True,completed
399,car,599.0,836.0,237.0,,1865.577,0.0,24.0,213.0,58.14,,,0.1013,0.8987,,True,completed
339,car,530.0,837.0,307.0,,1190.406,49.0,147.0,160.0,197.55,,,0.4788,0.5212,,True,completed
479,car,648.0,840.0,192.0,,1441.125,12.0,34.0,158.0,61.053,,,0.1771,0.8229,,True,completed
266,car,440.0,841.0,401.0,,1828.82,67.0,134.0,267.0,235.076,,,0.3342,0.6658,,True,completed
409,car,606.0,841.0,235.0,,2265.772,0.0,0.0,235.0,29.974,,,0.0,1.0,,True,completed
592,car,730.0,841.0,111.0,,873.163,8.0,8.0,103.0,30.463,,,0.0721,0.9279,,True,completed
423,car,613.0,844.0,231.0,,1953.891,0.0,23.0,208.0,41.684,,,0.0996,0.9004,,True,completed
455,truck,632.0,845.0,213.0,,975.365,40.0,60.0,153.0,91.493,,,0.2817,0.7183,,True,completed
307,car,488.0,846.0,358.0,,1644.04,58.0,153.0,205.0,207.624,,,0.4274,0.5726,,True,completed
634,car,755.0,846.0,91.0,,729.011,10.0,10.0,81.0,20.974,,,0.1099,0.8901,,True,completed
193,car,336.0,847.0,511.0,,2247.741,51.0,180.0,331.0,268.364,,,0.3523,0.6477,,True,completed
204,car,351.0,848.0,497.0,,2831.3,38.0,148.0,349.0,235.556,,,0.2978,0.7022,,True,completed
564,car,710.0,848.0,138.0,,1076.869,14.0,14.0,124.0,40.081,,,0.1014,0.8986,,True,completed
462,car,636.0,852.0,216.0,,2106.526,0.0,4.0,212.0,22.512,,,0.0185,0.9815,,True,completed
413,car,608.0,854.0,246.0,,1973.751,36.0,38.0,208.0,66.904,,,0.1545,0.8455,,True,completed
577,car,719.0,854.0,135.0,,978.2,17.0,24.0,111.0,42.82,,,0.1778,0.8222,,True,completed
522,car,684.0,856.0,172.0,,1326.17,20.0,20.0,152.0,40.311,,,0.1163,0.8837,,True,completed
330,truck,515.0,857.0,342.0,,2091.321,14.0,57.0,285.0,87.421,,,0.1667,0.8333,,True,completed
525,truck,685.0,858.0,173.0,,1266.037,0.0,0.0,173.0,19.8,,,0.0,1.0,,True,completed
245,truck,414.0,859.0,445.0,,1989.872,49.0,135.0,310.0,201.086,,,0.3034,0.6966,,True,completed
386,car,581.0,860.0,279.0,,2156.909,5.0,20.0,259.0,69.839,,,0.0717,0.9283,,True,completed
426,car,615.0,860.0,245.0,,2203.402,2.0,3.0,242.0,29.675,,,0.0122,0.9878,,True,completed
510,truck,676.0,860.0,184.0,,1455.433,0.0,0.0,184.0,8.278,,,0.0,1.0,,True,completed
512,car,678.0,860.0,182.0,,1534.545,0.0,5.0,177.0,41.038,,,0.0275,0.9725,,True,completed
664,car,778.0,860.0,82.0,,746.387,2.0,2.0,80.0,13.825,,,0.0244,0.9756,,True,completed
576,car,718.0,861.0,143.0,,882.808,7.0,7.0,136.0,27.453,,,0.049,0.951,,True,completed
444,car,624.0,863.0,239.0,,2142.437,5.0,10.0,229.0,42.711,,,0.0418,0.9582,,True,completed
628,car,752.0,863.0,111.0,,734.274,37.0,37.0,74.0,43.915,,,0.3333,0.6667,,True,completed
622,car,748.0,864.0,116.0,,957.437,0.0,0.0,116.0,27.679,,,0.0,1.0,,True,completed
458,car,633.0,867.0,234.0,,1561.972,15.0,56.0,178.0,92.159,,,0.2393,0.7607,,True,completed
327,car,512.0,868.0,356.0,,1939.934,56.0,131.0,225.0,178.814,,,0.368,0.632,,True,completed
449,car,627.0,868.0,241.0,,1975.079,3.0,8.0,233.0,61.174,,,0.0332,0.9668,,True,completed
651,car,770.0,869.0,99.0,,746.232,9.0,9.0,90.0,29.681,,,0.0909,0.9091,,True,completed
441,car,622.0,871.0,249.0,,2140.345,4.0,11.0,238.0,45.483,,,0.0442,0.9558,,True,completed
358,car,545.0,872.0,327.0,,1904.808,53.0,84.0,243.0,144.194,,,0.2569,0.7431,,True,completed
350,truck,540.0,874.0,334.0,,1557.678,60.0,90.0,244.0,144.18,,,0.2695,0.7305,,True,completed
618,car,744.0,874.0,130.0,,1263.649,3.0,3.0,127.0,14.122,,,0.0231,0.9769,,True,completed
364,car,550.0,876.0,326.0,,2547.319,4.0,12.0,314.0,69.884,,,0.0368,0.9632,,True,completed
600,truck,735.0,877.0,142.0,,759.762,10.0,27.0,115.0,49.384,,,0.1901,0.8099,,True,completed
653,car,771.0,877.0,106.0,,406.938,32.0,32.0,74.0,60.188,,,0.3019,0.6981,,True,completed
643,car,765.0,878.0,113.0,,1008.842,0.0,0.0,113.0,18.39,,,0.0,1.0,,True,completed
446,car,625.0,881.0,256.0,,2458.856,4.0,4.0,252.0,32.189,,,0.0156,0.9844,,True,completed
256,car,430.0,882.0,452.0,,1972.645,53.0,154.0,298.0,224.216,,,0.3407,0.6593,,True,completed
385,truck,579.0,882.0,303.0,,1794.305,11.0,52.0,251.0,85.815,,,0.1716,0.8284,,True,completed
686,car,791.0,882.0,91.0,,590.593,15.0,15.0,76.0,36.846,,,0.1648,0.8352,,True,completed
541,car,695.0,885.0,190.0,,1492.696,8.0,10.0,180.0,51.867,,,0.0526,0.9474,,True,completed
240,truck,409.0,886.0,477.0,,2331.202,18.0,131.0,346.0,193.215,,,0.2746,0.7254,,True,completed
484,car,651.0,887.0,236.0,,1813.48,0.0,23.0,213.0,63.924,,,0.0975,0.9025,,True,completed
593,car,730.0,887.0,157.0,,1372.404,6.0,12.0,145.0,32.097,,,0.0764,0.9236,,True,completed
459,car,633.0,888.0,255.0,,1530.969,23.0,73.0,182.0,115.783,,,0.2863,0.7137,,True,completed
615,truck,742.0,888.0,146.0,,1146.037,0.0,0.0,146.0,6.96,,,0.0,1.0,,True,completed
689,car,793.0,890.0,97.0,,659.264,12.0,12.0,85.0,35.787,,,0.1237,0.8763,,True,completed
611,car,740.0,892.0,152.0,,1454.31,0.0,0.0,152.0,18.116,,,0.0,1.0,,True,completed
432,car,620.0,894.0,274.0,,884.146,50.0,132.0,142.0,185.77,,,0.4818,0.5182,,True,completed
464,car,636.0,895.0,259.0,,1624.35,17.0,72.0,187.0,109.729,,,0.278,0.722,,True,completed
614,car,742.0,896.0,154.0,,1246.158,15.0,15.0,139.0,31.019,,,0.0974,0.9026,,True,completed
657,car,773.0,897.0,124.0,,474.2,72.0,72.0,52.0,80.322,,,0.5806,0.4194,,True,completed
487,car,655.0,899.0,244.0,,1718.422,21.0,65.0,179.0,88.001,,,0.2664,0.7336,,True,completed
184,car,324.0,900.0,576.0,,2802.795,38.0,163.0,413.0,299.806,,,0.283,0.717,,True,completed
415,truck,609.0,901.0,292.0,,2120.567,0.0,0.0,292.0,19.036,,,0.0,1.0,,True,completed
555,truck,706.0,904.0,198.0,,1410.72,0.0,11.0,187.0,27.436,,,0.0556,0.9444,,True,completed
566,car,711.0,904.0,193.0,,1135.841,18.0,51.0,142.0,74.251,,,0.2642,0.7358,,True,completed
709,car,806.0,904.0,98.0,,817.356,4.0,5.0,93.0,13.781,,,0.051,0.949,,True,completed
505,truck,669.0,906.0,237.0,,1825.782,1.0,1.0,236.0,16.535,,,0.0042,0.9958,,True,completed
362,car,547.0,907.0,360.0,,1841.826,38.0,129.0,231.0,184.749,,,0.3583,0.6417,,True,completed
569,car,714.0,907.0,193.0,,1842.53,6.0,6.0,187.0,22.544,,,0.0311,0.9689,,True,completed
483,car,649.0,909.0,260.0,,1224.159,11.0,97.0,163.0,124.052,,,0.3731,0.6269,,True,completed
743,car,830.0,909.0,79.0,,725.13,1.0,1.0,78.0,12.738,,,0.0127,0.9873,,True,completed
519,car,682.0,910.0,228.0,,1820.166,0.0,17.0,211.0,46.445,,,0.0746,0.9254,,True,completed
268,car,443.0,912.0,469.0,,2016.941,42.0,167.0,302.0,281.751,,,0.3561,0.6439,,True,completed
421,car,613.0,913.0,300.0,,2725.6,0.0,9.0,291.0,52.685,,,0.03,0.97,,True,completed
334,car,516.0,914.0,398.0,,2018.749,37.0,120.0,278.0,199.694,,,0.3015,0.6985,,True,completed
635,truck,756.0,914.0,158.0,,1107.397,0.0,12.0,146.0,24.059,,,0.0759,0.9241,,True,completed
542,car,696.0,915.0,219.0,,1687.458,8.0,41.0,178.0,64.032,,,0.1872,0.8128,,True,completed
662,car,775.0,916.0,141.0,,922.312,28.0,28.0,113.0,51.688,,,0.1986,0.8014,,True,completed
769,car,846.0,918.0,72.0,,690.077,1.0,1.0,71.0,8.892,,,0.0139,0.9861,,True,completed
573,car,717.0,919.0,202.0,,1532.147,8.0,31.0,171.0,53.281,,,0.1535,0.8465,,True,completed
380,truck,569.0,920.0,351.0,,2329.838,0.0,38.0,313.0,69.262,,,0.1083,0.8917,,True,completed
463,car,636.0,922.0,286.0,,2342.86,0.0,18.0,268.0,47.985,,,0.0629,0.9371,,True,completed
252,car,419.0,924.0,505.0,,2958.679,0.0,119.0,386.0,235.047,,,0.2356,0.7644,,True,completed
404,car,602.0,924.0,322.0,,2247.963,16.0,22.0,300.0,77.098,,,0.0683,0.9317,,True,completed
672,car,782.0,925.0,143.0,,1144.303,16.0,19.0,124.0,37.983,,,0.1329,0.8671,,True,completed
314,car,498.0,926.0,428.0,,2378.842,10.0,139.0,289.0,205.285,,,0.3248,0.6752,,True,completed
416,car,610.0,927.0,317.0,,2140.727,67.0,91.0,226.0,121.46,,,0.2871,0.7129,,True,completed
502,car,668.0,928.0,260.0,,1836.778,16.0,51.0,209.0,92.416,,,0.1962,0.8038,,True,completed
554,car,703.0,928.0,225.0,,1331.318,53.0,57.0,168.0,95.011,,,0.2533,0.7467,,True,completed
500,truck,667.0,929.0,262.0,,1815.071,6.0,12.0,250.0,42.328,,,0.0458,0.9542,,True,completed
632,car,754.0,929.0,175.0,,1309.27,9.0,9.0,166.0,49.823,,,0.0514,0.9486,,True,completed
524,car,684.0,930.0,246.0,,1871.664,32.0,36.0,210.0,62.356,,,0.1463,0.8537,,True,completed
620,truck,745.0,931.0,186.0,,983.233,41.0,46.0,140.0,66.364,,,0.2473,0.7527,,True,completed
452,car,630.0,933.0,303.0,,2615.587,0.0,17.0,286.0,63.525,,,0.0561,0.9439,,True,completed
526,car,685.0,933.0,248.0,,2206.841,16.0,23.0,225.0,47.695,,,0.0927,0.9073,,True,completed
473,car,640.0,934.0,294.0,,2543.949,25.0,25.0,269.0,62.957,,,0.085,0.915,,True,completed
467,car,639.0,937.0,298.0,,2216.965,0.0,26.0,272.0,62.147,,,0.0872,0.9128,,True,completed
501,car,667.0,938.0,271.0,,1469.082,50.0,111.0,160.0,132.759,,,0.4096,0.5904,,True,completed
478,car,645.0,939.0,294.0,,2370.048,10.0,40.0,254.0,73.467,,,0.1361,0.8639,,True,completed
470,truck,639.0,941.0,302.0,,2219.132,0.0,12.0,290.0,32.481,,,0.0397,0.9603,,True,completed
563,car,710.0,943.0,233.0,,1993.234,0.0,28.0,205.0,52.193,,,0.1202,0.8798,,True,completed
439,car,621.0,944.0,323.0,,2603.842,5.0,17.0,306.0,86.385,,,0.0526,0.9474,,True,completed
789,car,862.0,944.0,82.0,,664.458,8.0,8.0,74.0,18.6,,,0.0976,0.9024,,True,completed
584,car,724.0,946.0,222.0,,1890.818,13.0,13.0,209.0,48.217,,,0.0586,0.9414,,True,completed
529,car,687.0,948.0,261.0,,1496.822,4.0,74.0,187.0,112.375,,,0.2835,0.7165,,True,completed
674,car,783.0,952.0,169.0,,1520.343,2.0,2.0,167.0,12.697,,,0.0118,0.9882,,True,completed
547,car,700.0,953.0,253.0,,1634.09,0.0,49.0,204.0,92.104,,,0.1937,0.8063,,True,completed
631,car,753.0,954.0,201.0,,1636.211,0.0,33.0,168.0,52.676,,,0.1642,0.8358,,True,completed
760,truck,843.0,954.0,111.0,,677.998,17.0,17.0,94.0,28.374,,,0.1532,0.8468,,True,completed
583,car,723.0,955.0,232.0,,1629.843,0.0,35.0,197.0,72.542,,,0.1509,0.8491,,True,completed
533,car,690.0,957.0,267.0,,2144.175,4.0,13.0,254.0,58.702,,,0.0487,0.9513,,True,completed
520,truck,682.0,961.0,279.0,,1949.784,7.0,13.0,266.0,42.848,,,0.0466,0.9534,,True,completed
544,car,698.0,962.0,264.0,,1352.287,30.0,75.0,189.0,132.542,,,0.2841,0.7159,,True,completed
371,car,556.0,963.0,407.0,,2166.587,48.0,146.0,261.0,210.11,,,0.3587,0.6413,,True,completed
556,car,706.0,963.0,257.0,,1371.829,21.0,72.0,185.0,122.279,,,0.2802,0.7198,,True,completed
333,car,516.0,965.0,449.0,,1690.487,61.0,152.0,297.0,255.591,,,0.3385,0.6615,,True,completed
624,car,749.0,965.0,216.0,,1760.982,0.0,3.0,213.0,25.767,,,0.0139,0.9861,,True,completed
798,car,869.0,965.0,96.0,,904.601,4.0,4.0,92.0,12.593,,,0.0417,0.9583,,True,completed
387,car,581.0,967.0,386.0,,1819.264,51.0,151.0,235.0,219.671,,,0.3912,0.6088,,True,completed
636,car,755.0,967.0,212.0,,1022.429,50.0,69.0,143.0,118.625,,,0.3255,0.6745,,True,completed
853,car,906.0,967.0,61.0,,616.903,0.0,0.0,61.0,4.478,,,0.0,1.0,,True,completed
305,truck,484.0,972.0,488.0,,2088.325,67.0,191.0,297.0,235.864,,,0.3914,0.6086,,True,completed
503,car,668.0,972.0,304.0,,2536.177,0.0,33.0,271.0,62.577,,,0.1086,0.8914,,True,completed
329,car,513.0,973.0,460.0,,3004.421,27.0,127.0,333.0,187.041,,,0.2761,0.7239,,True,completed
693,car,796.0,974.0,178.0,,1488.324,4.0,6.0,172.0,39.305,,,0.0337,0.9663,,True,completed
751,car,834.0,975.0,141.0,,1102.745,14.0,18.0,123.0,36.658,,,0.1277,0.8723,,True,completed
417,car,610.0,979.0,369.0,,1383.858,49.0,138.0,231.0,239.941,,,0.374,0.626,,True,completed
461,car,635.0,979.0,344.0,,2614.826,17.0,32.0,312.0,85.965,,,0.093,0.907,,True,completed
320,truck,508.0,980.0,472.0,,1806.306,36.0,181.0,291.0,253.128,,,0.3835,0.6165,,True,completed
824,car,890.0,980.0,90.0,,657.264,19.0,19.0,71.0,29.027,,,0.2111,0.7889,,True,completed
761,car,844.0,982.0,138.0,,635.917,37.0,45.0,93.0,79.767,,,0.3261,0.6739,,True,completed
856,car,909.0,982.0,73.0,,735.876,0.0,0.0,73.0,4.926,,,0.0,1.0,,True,completed
630,truck,753.0,985.0,232.0,,1693.921,6.0,10.0,222.0,27.058,,,0.0431,0.9569,,True,completed
494,car,664.0,986.0,322.0,,2012.775,50.0,95.0,227.0,137.165,,,0.295,0.705,,True,completed
290,truck,470.0,987.0,517.0,,2265.903,33.0,171.0,346.0,243.353,,,0.3308,0.6692,,True,completed
548,car,701.0,989.0,288.0,,1665.679,25.0,89.0,199.0,135.031,,,0.309,0.691,,True,completed
448,car,627.0,990.0,363.0,,2668.32,3.0,70.0,293.0,120.093,,,0.1928,0.8072,,True,completed
332,car,515.0,993.0,478.0,,2802.307,0.0,147.0,331.0,211.698,,,0.3075,0.6925,,True,completed
697,car,801.0,993.0,192.0,,1636.312,3.0,3.0,189.0,42.603,,,0.0156,0.9844,,True,completed
658,car,773.0,995.0,222.0,,1923.964,0.0,10.0,212.0,47.349,,,0.045,0.955,,True,completed
676,car,783.0,997.0,214.0,,1281.22,12.0,19.0,195.0,53.198,,,0.0888,0.9112,,True,completed
827,car,891.0,998.0,107.0,,760.297,19.0,19.0,88.0,31.37,,,0.1776,0.8224,,True,completed
322,car,509.0,999.0,490.0,,2538.69,35.0,147.0,343.0,258.058,,,0.3,0.7,,True,completed
603,car,736.0,999.0,263.0,,2270.852,10.0,11.0,252.0,34.043,,,0.0418,0.9582,,True,completed
702,car,803.0,999.0,196.0,,1699.634,0.0,0.0,196.0,21.725,,,0.0,1.0,,True,completed
338,car,527.0,1000.0,473.0,,2768.229,37.0,148.0,325.0,214.819,,,0.3129,0.6871,,True,completed
552,car,702.0,1005.0,303.0,,2337.769,31.0,49.0,254.0,88.516,,,0.1617,0.8383,,True,completed
546,car,698.0,1006.0,308.0,,2090.424,0.0,39.0,269.0,77.583,,,0.1266,0.8734,,True,completed
472,car,640.0,1007.0,367.0,,2869.303,6.0,43.0,324.0,106.102,,,0.1172,0.8828,,True,completed
597,car,734.0,1007.0,273.0,,2187.414,3.0,13.0,260.0,62.219,,,0.0476,0.9524,,True,completed
716,car,809.0,1007.0,198.0,,1374.012,15.0,27.0,171.0,72.518,,,0.1364,0.8636,,True,completed
734,car,823.0,1010.0,187.0,,1138.07,13.0,35.0,152.0,82.508,,,0.1872,0.8128,,True,completed
591,car,730.0,1011.0,281.0,,1837.393,14.0,59.0,222.0,113.639,,,0.21,0.79,,True,completed
894,car,926.0,1011.0,85.0,,594.965,15.0,15.0,70.0,29.738,,,0.1765,0.8235,,True,completed
319,car,509.0,1016.0,507.0,,1963.374,14.0,212.0,295.0,310.13,,,0.4181,0.5819,,True,completed
530,truck,688.0,1016.0,328.0,,1185.071,25.0,113.0,215.0,183.983,,,0.3445,0.6555,,True,completed
567,car,712.0,1016.0,304.0,,2504.41,6.0,34.0,270.0,75.341,,,0.1118,0.8882,,True,completed
984,car,974.0,1016.0,42.0,,372.801,0.0,0.0,42.0,2.83,,,0.0,1.0,,True,completed
496,car,673.0,1017.0,344.0,,2510.123,0.0,37.0,307.0,96.906,,,0.1076,0.8924,,True,completed
369,car,555.0,1018.0,463.0,,2281.705,59.0,183.0,280.0,252.246,,,0.3952,0.6048,,True,completed
486,car,652.0,1020.0,368.0,,3092.48,0.0,7.0,361.0,74.812,,,0.019,0.981,,True,completed
791,car,864.0,1020.0,156.0,,1412.706,0.0,8.0,148.0,26.15,,,0.0513,0.9487,,True,completed
509,car,675.0,1023.0,348.0,,2205.725,1.0,62.0,286.0,118.799,,,0.1782,0.8218,,True,completed
578,car,719.0,1024.0,305.0,,2369.231,24.0,48.0,257.0,81.487,,,0.1574,0.8426,,True,completed
475,truck,643.0,1028.0,385.0,,2432.776,0.0,63.0,322.0,91.738,,,0.1636,0.8364,,True,completed
903,car,932.0,1028.0,96.0,,949.827,0.0,0.0,96.0,7.998,,,0.0,1.0,,True,completed
912,car,935.0,1029.0,94.0,,656.481,10.0,10.0,84.0,33.129,,,0.1064,0.8936,,True,completed
777,car,868.0,1030.0,162.0,,1219.318,11.0,30.0,132.0,44.1,,,0.1852,0.8148,,True,completed
232,car,396.0,1031.0,635.0,,2902.268,21.0,188.0,447.0,324.511,,,0.2961,0.7039,,True,completed
861,car,912.0,1032.0,120.0,,785.292,24.0,24.0,96.0,41.149,,,0.2,0.8,,True,completed
587,car,728.0,1033.0,305.0,,2550.718,5.0,27.0,278.0,68.408,,,0.0885,0.9115,,True,completed
838,car,901.0,1035.0,134.0,,1263.29,0.0,3.0,131.0,17.836,,,0.0224,0.9776,,True,completed
825,truck,892.0,1036.0,144.0,,666.475,29.0,40.0,104.0,62.614,,,0.2778,0.7222,,True,completed
637,car,756.0,1037.0,281.0,,2490.128,5.0,10.0,271.0,44.428,,,0.0356,0.9644,,True,completed
922,car,940.0,1037.0,97.0,,974.274,0.0,0.0,97.0,7.018,,,0.0,1.0,,True,completed
771,car,847.0,1040.0,193.0,,1916.007,0.0,0.0,193.0,10.727,,,0.0,1.0,,True,completed
786,car,859.0,1041.0,182.0,,1828.162,0.0,0.0,182.0,15.442,,,0.0,1.0,,True,completed
919,car,939.0,1043.0,104.0,,851.228,11.0,11.0,93.0,25.521,,,0.1058,0.8942,,True,completed
641,car,763.0,1044.0,281.0,,1366.847,17.0,79.0,202.0,137.978,,,0.2811,0.7189,,True,completed
849,car,904.0,1044.0,140.0,,1114.579,0.0,0.0,140.0,38.687,,,0.0,1.0,,True,completed
532,car,689.0,1045.0,356.0,,2317.566,0.0,109.0,247.0,145.24,,,0.3062,0.6938,,True,completed
927,car,943.0,1045.0,102.0,,1070.206,0.0,0.0,102.0,4.447,,,0.0,1.0,,True,completed
807,car,879.0,1048.0,169.0,,966.356,42.0,46.0,123.0,71.526,,,0.2722,0.7278,,True,completed
514,car,680.0,1050.0,370.0,,1248.799,53.0,141.0,229.0,247.573,,,0.3811,0.6189,,True,completed
957,car,959.0,1050.0,91.0,,667.934,11.0,11.0,80.0,21.066,,,0.1209,0.8791,,True,completed
534,car,690.0,1052.0,362.0,,2676.971,0.0,56.0,306.0,108.846,,,0.1547,0.8453,,True,completed
602,car,736.0,1053.0,317.0,,2403.28,9.0,31.0,286.0,85.415,,,0.0978,0.9022,,True,completed
588,car,728.0,1054.0,326.0,,2565.608,4.0,58.0,268.0,92.481,,,0.1779,0.8221,,True,completed
572,car,717.0,1055.0,338.0,,2953.224,0.0,22.0,316.0,62.727,,,0.0651,0.9349,,True,completed
606,car,738.0,1055.0,317.0,,1912.368,2.0,61.0,256.0,130.73,,,0.1924,0.8076,,True,completed
727,car,816.0,1057.0,241.0,,1529.584,8.0,33.0,208.0,101.403,,,0.1369,0.8631,,True,completed
864,car,914.0,1057.0,143.0,,1390.861,0.0,0.0,143.0,16.821,,,0.0,1.0,,True,completed
250,truck,418.0,1058.0,640.0,,3355.465,37.0,173.0,467.0,235.038,,,0.2703,0.7297,,True,completed
918,car,939.0,1059.0,120.0,,875.859,5.0,5.0,115.0,21.511,,,0.0417,0.9583,,True,completed
625,truck,750.0,1060.0,310.0,,2001.77,7.0,30.0,280.0,66.547,,,0.0968,0.9032,,True,completed
356,car,544.0,1061.0,517.0,,2962.062,39.0,165.0,352.0,243.989,,,0.3191,0.6809,,True,completed
920,truck,941.0,1061.0,120.0,,847.567,4.0,4.0,116.0,16.725,,,0.0333,0.9667,,True,completed
685,truck,791.0,1062.0,271.0,,1737.731,14.0,22.0,249.0,60.702,,,0.0812,0.9188,,True,completed
843,car,902.0,1062.0,160.0,,1411.309,0.0,15.0,145.0,31.314,,,0.0938,0.9062,,True,completed
540,truck,693.0,1063.0,370.0,,1909.338,8.0,78.0,292.0,138.648,,,0.2108,0.7892,,True,completed
594,car,730.0,1063.0,333.0,,2320.785,0.0,64.0,269.0,119.614,,,0.1922,0.8078,,True,completed
737,car,825.0,1063.0,238.0,,1764.488,11.0,44.0,194.0,75.868,,,0.1849,0.8151,,True,completed
793,car,865.0,1063.0,198.0,,1349.127,49.0,50.0,148.0,74.849,,,0.2525,0.7475,,True,completed
565,truck,710.0,1064.0,354.0,,2559.23,10.0,13.0,341.0,45.476,,,0.0367,0.9633,,True,completed
893,car,925.0,1064.0,139.0,,994.47,3.0,16.0,123.0,48.012,,,0.1151,0.8849,,True,completed
949,car,956.0,1064.0,108.0,,501.855,28.0,32.0,76.0,60.548,,,0.2963,0.7037,,True,completed
280,truck,454.0,1066.0,612.0,,3505.072,0.0,132.0,480.0,184.526,,,0.2157,0.7843,,True,completed
879,car,920.0,1066.0,146.0,,740.206,48.0,48.0,98.0,78.381,,,0.3288,0.6712,,True,completed
466,car,638.0,1072.0,434.0,,1703.992,50.0,140.0,294.0,263.466,,,0.3226,0.6774,,True,completed
511,car,677.0,1073.0,396.0,,2656.755,3.0,90.0,306.0,155.126,,,0.2273,0.7727,,True,completed
801,car,873.0,1073.0,200.0,,1259.918,31.0,43.0,157.0,84.829,,,0.215,0.785,,True,completed
586,car,724.0,1074.0,350.0,,2458.268,2.0,91.0,259.0,127.394,,,0.26,0.74,,True,completed
1064,car,1022.0,1077.0,55.0,,459.345,5.0,5.0,50.0,12.26,,,0.0909,0.9091,,True,completed
1085,car,1032.0,1077.0,45.0,,441.927,0.0,0.0,45.0,4.226,,,0.0,1.0,,True,completed
276,car,451.0,1078.0,627.0,,2878.157,66.0,228.0,399.0,364.634,,,0.3636,0.6364,,True,completed
1098,car,1038.0,1080.0,42.0,,435.44,0.0,0.0,42.0,1.81,,,0.0,1.0,,True,completed
340,truck,531.0,1081.0,550.0,,2547.945,66.0,168.0,382.0,242.737,,,0.3055,0.6945,,True,completed
434,car,619.0,1081.0,462.0,,2026.953,64.0,156.0,306.0,277.702,,,0.3377,0.6623,,True,completed
649,car,769.0,1081.0,312.0,,2243.05,0.0,34.0,278.0,84.755,,,0.109,0.891,,True,completed
775,truck,850.0,1083.0,233.0,,1604.712,0.0,9.0,224.0,38.612,,,0.0386,0.9614,,True,completed
488,car,656.0,1084.0,428.0,,2554.396,6.0,120.0,308.0,195.439,,,0.2804,0.7196,,True,completed
906,car,933.0,1085.0,152.0,,1440.108,0.0,0.0,152.0,9.269,,,0.0,1.0,,True,completed
295,truck,475.0,1087.0,612.0,,2371.156,92.0,292.0,320.0,326.035,,,0.4771,0.5229,,True,completed
551,car,701.0,1087.0,386.0,,2604.951,2.0,111.0,275.0,149.553,,,0.2876,0.7124,,True,completed
1022,car,998.0,1088.0,90.0,,866.708,0.0,0.0,90.0,10.128,,,0.0,1.0,,True,completed
730,truck,818.0,1088.0,270.0,,1683.117,0.0,38.0,232.0,66.562,,,0.1407,0.8593,,True,completed
264,car,438.0,1089.0,651.0,,3186.815,12.0,203.0,448.0,318.86,,,0.3118,0.6882,,True,completed
788,car,861.0,1090.0,229.0,,1493.674,10.0,55.0,174.0,86.012,,,0.2402,0.7598,,True,completed
391,car,593.0,1091.0,498.0,,1328.138,91.0,356.0,142.0,377.349,,,0.7149,0.2851,,True,completed
872,car,915.0,1092.0,177.0,,1567.695,4.0,4.0,173.0,25.832,,,0.0226,0.9774,,True,completed
1077,car,1029.0,1095.0,66.0,,673.683,0.0,0.0,66.0,4.296,,,0.0,1.0,,True,completed
938,car,949.0,1095.0,146.0,,1141.191,23.0,23.0,123.0,37.515,,,0.1575,0.8425,,True,completed
359,car,546.0,1096.0,550.0,,2505.544,62.0,179.0,371.0,310.45,,,0.3255,0.6745,,True,completed
732,car,822.0,1096.0,274.0,,1833.86,10.0,51.0,223.0,91.537,,,0.1861,0.8139,,True,completed
447,car,625.0,1098.0,473.0,,2277.776,52.0,135.0,338.0,265.296,,,0.2854,0.7146,,True,completed
516,car,681.0,1100.0,419.0,,2501.649,0.0,118.0,301.0,166.276,,,0.2816,0.7184,,True,completed
752,car,836.0,1100.0,264.0,,1579.382,14.0,79.0,185.0,119.711,,,0.2992,0.7008,,True,completed
781,car,856.0,1102.0,246.0,,1777.524,9.0,35.0,211.0,81.568,,,0.1423,0.8577,,True,completed
980,truck,970.0,1102.0,132.0,,978.342,0.0,1.0,131.0,11.87,,,0.0076,0.9924,,True,completed
428,car,617.0,1103.0,486.0,,2287.488,31.0,181.0,305.0,274.229,,,0.3724,0.6276,,True,completed
859,car,912.0,1103.0,191.0,,1685.304,15.0,15.0,176.0,32.476,,,0.0785,0.9215,,True,completed
1194,car,1088.0,1104.0,16.0,,160.792,0.0,0.0,16.0,0.529,,,0.0,1.0,,True,completed
772,car,848.0,1105.0,257.0,,1161.705,9.0,83.0,174.0,125.609,,,0.323,0.677,,True,completed
804,car,877.0,1106.0,229.0,,1926.913,0.0,28.0,201.0,54.286,,,0.1223,0.8777,,True,completed
691,car,795.0,1107.0,312.0,,2431.141,46.0,48.0,264.0,79.099,,,0.1538,0.8462,,True,completed
851,car,905.0,1109.0,204.0,,1697.434,6.0,7.0,197.0,47.941,,,0.0343,0.9657,,True,completed
990,truck,980.0,1109.0,129.0,,922.523,4.0,4.0,125.0,17.069,,,0.031,0.969,,True,completed
562,car,710.0,1110.0,400.0,,1306.321,62.0,151.0,249.0,272.557,,,0.3775,0.6225,,True,completed
809,car,880.0,1110.0,230.0,,2127.926,10.0,12.0,218.0,34.013,,,0.0522,0.9478,,True,completed
1130,car,1051.0,1111.0,60.0,,441.372,5.0,5.0,55.0,19.063,,,0.0833,0.9167,,True,completed
1029,car,1001.0,1112.0,111.0,,603.151,42.0,42.0,69.0,55.716,,,0.3784,0.6216,,True,completed
1031,truck,1002.0,1112.0,110.0,,747.393,8.0,8.0,102.0,19.277,,,0.0727,0.9273,,True,completed
633,car,754.0,1112.0,358.0,,3026.789,0.0,20.0,338.0,70.233,,,0.0559,0.9441,,True,completed
690,truck,795.0,1112.0,317.0,,1893.402,2.0,57.0,260.0,88.659,,,0.1798,0.8202,,True,completed
489,car,659.0,1116.0,457.0,,2014.421,36.0,135.0,322.0,258.849,,,0.2954,0.7046,,True,completed
442,car,622.0,1117.0,495.0,,2418.146,43.0,145.0,350.0,275.415,,,0.2929,0.7071,,True,completed
952,car,958.0,1117.0,159.0,,1334.722,10.0,10.0,149.0,33.307,,,0.0629,0.9371,,True,completed
739,car,826.0,1119.0,293.0,,2053.792,0.0,70.0,223.0,105.766,,,0.2389,0.7611,,True,completed
880,truck,920.0,1119.0,199.0,,1409.437,6.0,6.0,193.0,27.829,,,0.0302,0.9698,,True,completed
1044,car,1010.0,1121.0,111.0,,1076.306,0.0,0.0,111.0,13.132,,,0.0,1.0,,True,completed
1063,car,1022.0,1121.0,99.0,,841.272,8.0,8.0,91.0,22.212,,,0.0808,0.9192,,True,completed
671,car,781.0,1121.0,340.0,,2337.209,8.0,70.0,270.0,125.797,,,0.2059,0.7941,,True,completed
406,car,603.0,1122.0,519.0,,2019.109,62.0,302.0,217.0,327.097,,,0.5819,0.4181,,True,completed
959,car,960.0,1123.0,163.0,,1112.383,21.0,32.0,131.0,59.721,,,0.1963,0.8037,,True,completed
989,car,978.0,1125.0,147.0,,1207.362,0.0,0.0,147.0,10.661,,,0.0,1.0,,True,completed
810,truck,881.0,1129.0,248.0,,1632.043,0.0,19.0,229.0,50.537,,,0.0766,0.9234,,True,completed
929,car,943.0,1130.0,187.0,,1818.986,0.0,0.0,187.0,11.509,,,0.0,1.0,,True,completed
639,car,758.0,1132.0,374.0,,1793.953,69.0,158.0,216.0,202.597,,,0.4225,0.5775,,True,completed
726,car,815.0,1132.0,317.0,,1683.707,3.0,92.0,225.0,154.462,,,0.2902,0.7098,,True,completed
808,car,880.0,1135.0,255.0,,1819.649,0.0,27.0,228.0,70.612,,,0.1059,0.8941,,True,completed
987,car,976.0,1136.0,160.0,,1460.768,0.0,16.0,144.0,27.53,,,0.1,0.9,,True,completed
1053,car,1016.0,1137.0,121.0,,973.356,14.0,15.0,106.0,27.543,,,0.124,0.876,,True,completed
1072,car,1027.0,1137.0,110.0,,738.283,24.0,24.0,86.0,41.458,,,0.2182,0.7818,,True,completed
735,truck,824.0,1137.0,313.0,,2332.3,0.0,2.0,311.0,31.695,,,0.0064,0.9936,,True,completed
1166,truck,1073.0,1140.0,67.0,,475.827,0.0,0.0,67.0,8.878,,,0.0,1.0,,True,completed
688,car,793.0,1140.0,347.0,,2600.954,5.0,55.0,292.0,111.544,,,0.1585,0.8415,,True,completed
1058,car,1019.0,1141.0,122.0,,971.575,11.0,12.0,110.0,26.792,,,0.0984,0.9016,,True,completed
767,car,846.0,1142.0,296.0,,2616.652,4.0,5.0,291.0,58.794,,,0.0169,0.9831,,True,completed
1078,car,1030.0,1144.0,114.0,,1117.51,0.0,0.0,114.0,8.844,,,0.0,1.0,,True,completed
907,car,933.0,1144.0,211.0,,999.479,54.0,64.0,147.0,100.623,,,0.3033,0.6967,,True,completed
994,car,982.0,1144.0,162.0,,1490.481,0.0,9.0,153.0,24.829,,,0.0556,0.9444,,True,completed
925,truck,942.0,1146.0,204.0,,1237.277,22.0,27.0,177.0,54.385,,,0.1324,0.8676,,True,completed
860,truck,911.0,1147.0,236.0,,1819.375,0.0,0.0,236.0,12.771,,,0.0,1.0,,True,completed
291,car,471.0,1148.0,677.0,,3058.504,75.0,318.0,359.0,395.076,,,0.4697,0.5303,,True,completed
440,truck,621.0,1148.0,527.0,,1961.032,74.0,221.0,306.0,290.367,,,0.4194,0.5806,,True,completed
956,car,959.0,1148.0,189.0,,1505.063,14.0,14.0,175.0,50.799,,,0.0741,0.9259,,True,completed
285,truck,466.0,1152.0,686.0,,2505.945,44.0,292.0,394.0,374.441,,,0.4257,0.5743,,True,completed
835,truck,899.0,1152.0,253.0,,1856.936,0.0,1.0,252.0,25.518,,,0.004,0.996,,True,completed
499,car,666.0,1153.0,487.0,,2006.644,46.0,175.0,312.0,302.49,,,0.3593,0.6407,,True,completed
869,car,914.0,1153.0,239.0,,801.369,25.0,101.0,138.0,153.812,,,0.4226,0.5774,,True,completed
1202,car,1091.0,1154.0,63.0,,589.621,1.0,1.0,62.0,8.934,,,0.0159,0.9841,,True,completed
700,truck,802.0,1154.0,352.0,,1880.903,36.0,79.0,273.0,121.29,,,0.2244,0.7756,,True,completed
720,truck,811.0,1154.0,343.0,,1792.019,27.0,95.0,248.0,126.285,,,0.277,0.723,,True,completed
840,truck,902.0,1155.0,253.0,,1854.176,0.0,4.0,249.0,28.248,,,0.0158,0.9842,,True,completed
892,car,925.0,1157.0,232.0,,1840.012,10.0,23.0,209.0,64.414,,,0.0991,0.9009,,True,completed
790,truck,863.0,1158.0,295.0,,1467.977,33.0,80.0,215.0,114.035,,,0.2712,0.7288,,True,completed
950,truck,956.0,1158.0,202.0,,1571.684,0.0,0.0,202.0,10.992,,,0.0,1.0,,True,completed
1128,car,1053.0,1160.0,107.0,,803.862,7.0,7.0,100.0,25.667,,,0.0654,0.9346,,True,completed
1107,car,1042.0,1163.0,121.0,,1150.065,4.0,4.0,117.0,15.626,,,0.0331,0.9669,,True,completed
349,car,540.0,1163.0,623.0,,3850.422,0.0,157.0,466.0,265.962,,,0.252,0.748,,True,completed
1151,truck,1065.0,1166.0,101.0,,733.017,0.0,0.0,101.0,11.188,,,0.0,1.0,,True,completed
660,truck,775.0,1167.0,392.0,,2675.273,0.0,29.0,363.0,65.919,,,0.074,0.926,,True,completed
723,car,812.0,1170.0,358.0,,1523.591,35.0,134.0,224.0,191.098,,,0.3743,0.6257,,True,completed
812,car,881.0,1171.0,290.0,,1354.466,29.0,102.0,188.0,158.445,,,0.3517,0.6483,,True,completed
1071,truck,1026.0,1172.0,146.0,,1104.565,0.0,0.0,146.0,11.228,,,0.0,1.0,,True,completed
962,car,963.0,1173.0,210.0,,899.75,68.0,74.0,136.0,127.277,,,0.3524,0.6476,,True,completed
1118,car,1048.0,1174.0,126.0,,751.169,37.0,37.0,89.0,55.847,,,0.2937,0.7063,,True,completed
390,truck,588.0,1177.0,589.0,,1963.913,23.0,259.0,330.0,351.1,,,0.4397,0.5603,,True,completed
692,car,795.0,1177.0,382.0,,2587.473,0.0,74.0,308.0,122.02,,,0.1937,0.8063,,True,completed
782,car,856.0,1177.0,321.0,,2002.111,9.0,62.0,259.0,132.9,,,0.1931,0.8069,,True,completed
904,car,932.0,1179.0,247.0,,977.537,15.0,92.0,155.0,150.287,,,0.3725,0.6275,,True,completed
1201,truck,1091.0,1181.0,90.0,,528.532,10.0,10.0,80.0,24.978,,,0.1111,0.8889,,True,completed
711,car,807.0,1183.0,376.0,,2440.439,0.0,88.0,288.0,148.255,,,0.234,0.766,,True,completed
1155,car,1089.0,1184.0,95.0,,801.457,0.0,0.0,95.0,14.706,,,0.0,1.0,,True,completed
1160,car,1069.0,1184.0,115.0,,907.807,2.0,2.0,113.0,29.089,,,0.0174,0.9826,,True,completed
1054,car,1017.0,1185.0,168.0,,1544.14,0.0,0.0,168.0,25.305,,,0.0,1.0,,True,completed
395,truck,591.0,1185.0,594.0,,3082.165,0.0,140.0,454.0,220.348,,,0.2357,0.7643,,True,completed
762,car,844.0,1185.0,341.0,,1667.729,64.0,121.0,220.0,187.977,,,0.3548,0.6452,,True,completed
728,car,816.0,1186.0,370.0,,2269.622,0.0,105.0,265.0,156.457,,,0.2838,0.7162,,True,completed
574,car,718.0,1187.0,469.0,,1890.16,66.0,221.0,248.0,297.142,,,0.4712,0.5288,,True,completed
882,car,921.0,1187.0,266.0,,2370.11,3.0,9.0,257.0,38.811,,,0.0338,0.9662,,True,completed
445,truck,624.0,1188.0,564.0,,2539.694,57.0,189.0,375.0,257.599,,,0.3351,0.6649,,True,completed
842,car,902.0,1188.0,286.0,,2395.052,3.0,44.0,242.0,68.07,,,0.1538,0.8462,,True,completed
1152,car,1066.0,1189.0,123.0,,1165.867,0.0,3.0,120.0,13.874,,,0.0244,0.9756,,True,completed
960,truck,961.0,1189.0,228.0,,1731.3,0.0,4.0,224.0,18.83,,,0.0175,0.9825,,True,completed
818,car,887.0,1192.0,305.0,,1721.047,29.0,94.0,211.0,148.865,,,0.3082,0.6918,,True,completed
1192,car,1087.0,1193.0,106.0,,883.01,14.0,14.0,92.0,24.357,,,0.1321,0.8679,,True,completed
392,car,590.0,1195.0,605.0,,2100.303,97.0,370.0,235.0,414.663,,,0.6116,0.3884,,True,completed
1057,car,1018.0,1196.0,178.0,,885.176,44.0,44.0,134.0,75.933,,,0.2472,0.7528,,True,completed
402,car,602.0,1196.0,594.0,,1306.708,96.0,410.0,184.0,460.834,,,0.6902,0.3098,,True,completed
797,car,869.0,1196.0,327.0,,2332.802,14.0,65.0,262.0,111.158,,,0.1988,0.8012,,True,completed
747,car,832.0,1197.0,365.0,,2716.032,0.0,69.0,296.0,115.461,,,0.189,0.811,,True,completed
829,car,894.0,1197.0,303.0,,1631.624,6.0,95.0,208.0,144.534,,,0.3135,0.6865,,True,completed
1225,car,1107.0,1198.0,91.0,,766.713,10.0,10.0,81.0,20.995,,,0.1099,0.8901,,True,completed
178,car,319.0,1198.0,879.0,,2960.732,95.0,453.0,426.0,580.144,,,0.5154,0.4846,,True,completed
997,car,984.0,1200.0,216.0,,1329.042,37.0,52.0,164.0,86.915,,,0.2407,0.7593,,True,completed
400,truck,602.0,1201.0,599.0,,1510.191,93.0,379.0,220.0,412.788,,,0.6327,0.3673,,True,completed
528,car,687.0,1201.0,514.0,,1789.196,93.0,317.0,197.0,351.945,,,0.6167,0.3833,,True,completed
1032,car,1003.0,1202.0,199.0,,1328.799,34.0,34.0,165.0,72.336,,,0.1709,0.8291,,True,completed
419,car,612.0,1203.0,591.0,,1967.184,66.0,319.0,272.0,409.928,,,0.5398,0.4602,,True,completed
456,car,632.0,1203.0,571.0,,1929.426,89.0,340.0,231.0,389.291,,,0.5954,0.4046,,True,completed
1230,car,1108.0,1204.0,96.0,,868.219,2.0,2.0,94.0,16.454,,,0.0208,0.9792,,True,completed
465,truck,638.0,1204.0,566.0,,1170.965,91.0,369.0,197.0,420.518,,,0.6519,0.3481,,True,completed
1050,car,1014.0,1206.0,192.0,,1840.436,0.0,0.0,192.0,17.685,,,0.0,1.0,,True,completed
346,car,537.0,1206.0,669.0,,1633.482,85.0,469.0,200.0,520.723,,,0.701,0.299,,True,completed
601,car,735.0,1206.0,471.0,,1628.866,90.0,279.0,192.0,323.32,,,0.5924,0.4076,,True,completed
1131,truck,1052.0,1207.0,155.0,,734.456,48.0,48.0,107.0,65.83,,,0.3097,0.6903,,True,completed
381,car,573.0,1207.0,634.0,,2552.842,67.0,313.0,321.0,400.846,,,0.4937,0.5063,,True,completed
645,truck,766.0,1207.0,441.0,,2571.642,0.0,57.0,384.0,105.641,,,0.1293,0.8707,,True,completed
828,car,891.0,1207.0,316.0,,1974.755,15.0,92.0,224.0,134.225,,,0.2911,0.7089,,True,completed
884,car,922.0,1207.0,285.0,,1690.908,20.0,68.0,217.0,125.447,,,0.2386,0.7614,,True,completed
1120,car,1048.0,1209.0,161.0,,1392.192,2.0,23.0,138.0,34.701,,,0.1429,0.8571,,True,completed
779,car,854.0,1210.0,356.0,,2578.301,0.0,13.0,343.0,72.465,,,0.0365,0.9635,,True,completed
438,car,621.0,1211.0,590.0,,2360.767,43.0,266.0,324.0,354.509,,,0.4508,0.5492,,True,completed
495,truck,664.0,1211.0,547.0,,1679.17,50.0,200.0,347.0,342.162,,,0.3656,0.6344,,True,completed
1252,car,1119.0,1212.0,93.0,,678.778,9.0,9.0,84.0,30.013,,,0.0968,0.9032,,True,completed
492,car,660.0,1213.0,553.0,,2236.101,45.0,182.0,371.0,348.825,,,0.3291,0.6709,,True,completed
1115,car,1045.0,1215.0,170.0,,987.017,28.0,28.0,142.0,58.016,,,0.1647,0.8353,,True,completed
940,truck,950.0,1215.0,265.0,,1592.357,0.0,54.0,211.0,70.706,,,0.2038,0.7962,,True,completed
1106,truck,1042.0,1218.0,176.0,,1245.115,2.0,2.0,174.0,24.999,,,0.0114,0.9886,,True,completed
1185,car,1082.0,1220.0,138.0,,1145.899,10.0,12.0,126.0,32.193,,,0.087,0.913,,True,completed
963,car,963.0,1220.0,257.0,,1975.038,22.0,28.0,229.0,77.441,,,0.1089,0.8911,,True,completed
1084,car,1032.0,1223.0,191.0,,1894.876,0.0,0.0,191.0,18.144,,,0.0,1.0,,True,completed
914,car,936.0,1223.0,287.0,,2124.425,0.0,5.0,282.0,51.857,,,0.0174,0.9826,,True,completed
941,car,950.0,1225.0,275.0,,2263.335,0.0,1.0,274.0,67.662,,,0.0036,0.9964,,True,completed
736,car,824.0,1227.0,403.0,,2915.139,0.0,64.0,339.0,138.48,,,0.1588,0.8412,,True,completed
1111,truck,1044.0,1229.0,185.0,,1266.919,0.0,20.0,165.0,31.547,,,0.1081,0.8919,,True,completed
605,truck,737.0,1229.0,492.0,,1720.993,23.0,221.0,271.0,283.94,,,0.4492,0.5508,,True,completed
1302,car,1146.0,1232.0,86.0,,688.939,9.0,9.0,77.0,22.995,,,0.1047,0.8953,,True,completed
1238,car,1111.0,1234.0,123.0,,847.397,0.0,0.0,123.0,20.006,,,0.0,1.0,,True,completed
871,car,915.0,1236.0,321.0,,2045.466,7.0,87.0,234.0,135.439,,,0.271,0.729,,True,completed
915,truck,936.0,1236.0,300.0,,1621.93,0.0,70.0,230.0,103.978,,,0.2333,0.7667,,True,completed
1293,car,1143.0,1239.0,96.0,,685.423,8.0,8.0,88.0,27.45,,,0.0833,0.9167,,True,completed
1330,car,1174.0,1240.0,66.0,,575.147,3.0,3.0,63.0,13.236,,,0.0455,0.9545,,True,completed
275,truck,450.0,1240.0,790.0,,3035.15,51.0,386.0,404.0,423.488,,,0.4886,0.5114,,True,completed
934,car,945.0,1240.0,295.0,,2366.141,34.0,34.0,261.0,57.96,,,0.1153,0.8847,,True,completed
655,truck,773.0,1242.0,469.0,,1909.728,28.0,169.0,300.0,238.741,,,0.3603,0.6397,,True,completed
429,car,615.0,1244.0,629.0,,2518.966,53.0,350.0,279.0,401.065,,,0.5564,0.4436,,True,completed
398,car,595.0,1245.0,650.0,,2779.906,48.0,350.0,300.0,397.138,,,0.5385,0.4615,,True,completed
714,car,809.0,1246.0,437.0,,1884.652,35.0,153.0,284.0,220.759,,,0.3501,0.6499,,True,completed
1049,car,1014.0,1247.0,233.0,,900.376,67.0,100.0,133.0,150.274,,,0.4292,0.5708,,True,completed
1040,car,1008.0,1248.0,240.0,,738.266,27.0,118.0,122.0,168.749,,,0.4917,0.5083,,True,completed
974,car,968.0,1248.0,280.0,,1204.152,19.0,95.0,185.0,170.15,,,0.3393,0.6607,,True,completed
1025,car,1127.0,1250.0,123.0,,987.537,17.0,22.0,101.0,32.816,,,0.1789,0.8211,,True,completed
1141,truck,1055.0,1251.0,196.0,,1086.366,12.0,42.0,154.0,64.123,,,0.2143,0.7857,,True,completed
1329,car,1160.0,1252.0,92.0,,694.527,13.0,13.0,79.0,27.433,,,0.1413,0.8587,,True,completed
699,car,802.0,1253.0,451.0,,1475.589,86.0,274.0,177.0,316.574,,,0.6075,0.3925,,True,completed
1303,car,1146.0,1254.0,108.0,,945.465,0.0,0.0,108.0,20.355,,,0.0,1.0,,True,completed
683,car,791.0,1254.0,463.0,,1275.72,34.0,240.0,223.0,335.531,,,0.5184,0.4816,,True,completed
731,car,822.0,1254.0,432.0,,2223.336,56.0,172.0,260.0,221.562,,,0.3981,0.6019,,True,completed
946,car,954.0,1254.0,300.0,,2302.155,0.0,28.0,272.0,71.79,,,0.0933,0.9067,,True,completed
947,car,955.0,1256.0,301.0,,1724.212,13.0,87.0,214.0,144.529,,,0.289,0.711,,True,completed
1261,truck,1125.0,1257.0,132.0,,770.085,12.0,12.0,120.0,37.411,,,0.0909,0.9091,,True,completed
998,car,984.0,1257.0,273.0,,2620.537,1.0,1.0,272.0,34.944,,,0.0037,0.9963,,True,completed
1271,truck,1130.0,1258.0,128.0,,723.687,25.0,25.0,103.0,40.123,,,0.1953,0.8047,,True,completed
1055,car,1017.0,1260.0,243.0,,1537.869,3.0,51.0,192.0,96.732,,,0.2099,0.7901,,True,completed
939,car,949.0,1265.0,316.0,,1218.831,7.0,143.0,173.0,198.533,,,0.4525,0.5475,,True,completed
1035,car,1006.0,1266.0,260.0,,1058.812,12.0,87.0,173.0,148.457,,,0.3346,0.6654,,True,completed
1384,car,1198.0,1266.0,68.0,,489.535,0.0,0.0,68.0,22.941,,,0.0,1.0,,True,completed
543,car,697.0,1266.0,569.0,,2220.51,19.0,222.0,347.0,315.614,,,0.3902,0.6098,,True,completed
1174,car,1077.0,1267.0,190.0,,1444.2,21.0,21.0,169.0,39.492,,,0.1105,0.8895,,True,completed
1334,car,1162.0,1270.0,108.0,,667.113,27.0,27.0,81.0,41.805,,,0.25,0.75,,True,completed
490,truck,659.0,1270.0,611.0,,1925.249,23.0,351.0,260.0,378.468,,,0.5745,0.4255,,True,completed
1074,car,1028.0,1271.0,243.0,,2065.907,0.0,21.0,222.0,54.326,,,0.0864,0.9136,,True,completed
1105,car,1041.0,1278.0,237.0,,1122.477,83.0,122.0,115.0,133.987,,,0.5148,0.4852,,True,completed
1372,car,1191.0,1279.0,88.0,,686.092,0.0,0.0,88.0,7.044,,,0.0,1.0,,True,completed
756,car,840.0,1279.0,439.0,,2797.984,0.0,109.0,330.0,156.483,,,0.2483,0.7517,,True,completed
1020,car,998.0,1283.0,285.0,,2335.999,14.0,40.0,245.0,73.227,,,0.1404,0.8596,,True,completed
1444,car,1238.0,1285.0,47.0,,479.356,0.0,0.0,47.0,2.858,,,0.0,1.0,,True,completed
968,car,965.0,1286.0,321.0,,1794.322,10.0,87.0,234.0,150.938,,,0.271,0.729,,True,completed
1015,car,993.0,1287.0,294.0,,1526.418,0.0,91.0,203.0,155.39,,,0.3095,0.6905,,True,completed
1135,car,1053.0,1287.0,234.0,,1636.044,0.0,55.0,179.0,85.755,,,0.235,0.765,,True,completed
1187,car,1083.0,1287.0,204.0,,1898.464,0.0,1.0,203.0,21.047,,,0.0049,0.9951,,True,completed
1207,car,1095.0,1289.0,194.0,,1897.465,0.0,0.0,194.0,14.211,,,0.0,1.0,,True,completed
1093,car,1036.0,1290.0,254.0,,1818.057,0.0,16.0,238.0,59.246,,,0.063,0.937,,True,completed
1200,car,1091.0,1293.0,202.0,,1736.837,9.0,10.0,192.0,37.775,,,0.0495,0.9505,,True,completed
1443,car,1238.0,1296.0,58.0,,572.026,0.0,0.0,58.0,3.047,,,0.0,1.0,,True,completed
1346,truck,1169.0,1297.0,128.0,,747.652,16.0,16.0,112.0,36.223,,,0.125,0.875,,True,completed
931,car,944.0,1297.0,353.0,,1794.758,36.0,99.0,254.0,182.307,,,0.2805,0.7195,,True,completed
1345,car,1169.0,1298.0,129.0,,1107.784,0.0,0.0,129.0,11.202,,,0.0,1.0,,True,completed
1354,car,1178.0,1299.0,121.0,,997.336,4.0,5.0,116.0,30.014,,,0.0413,0.9587,,True,completed
1003,car,987.0,1300.0,313.0,,1501.324,0.0,103.0,210.0,167.622,,,0.3291,0.6709,,True,completed
1387,car,1199.0,1301.0,102.0,,974.827,3.0,3.0,99.0,11.969,,,0.0294,0.9706,,True,completed
1171,truck,1075.0,1302.0,227.0,,1697.389,0.0,0.0,227.0,12.89,,,0.0,1.0,,True,completed
1306,truck,1147.0,1302.0,155.0,,1161.067,0.0,1.0,154.0,12.869,,,0.0065,0.9935,,True,completed
1401,truck,1209.0,1303.0,94.0,,726.01,0.0,0.0,94.0,5.342,,,0.0,1.0,,True,completed
855,truck,908.0,1305.0,397.0,,1758.168,38.0,127.0,270.0,183.444,,,0.3199,0.6801,,True,completed
1097,car,1038.0,1308.0,270.0,,1530.922,0.0,72.0,198.0,130.056,,,0.2667,0.7333,,True,completed
1217,car,1102.0,1308.0,206.0,,1524.494,3.0,37.0,169.0,67.794,,,0.1796,0.8204,,True,completed
1259,car,1123.0,1310.0,187.0,,1134.313,1.0,43.0,144.0,81.714,,,0.2299,0.7701,,True,completed
1480,car,1274.0,1316.0,42.0,,373.694,0.0,0.0,42.0,3.237,,,0.0,1.0,,True,completed
1007,car,990.0,1319.0,329.0,,1688.54,0.0,84.0,245.0,143.08,,,0.2553,0.7447,,True,completed
992,car,981.0,1322.0,341.0,,1903.338,0.0,128.0,213.0,165.901,,,0.3754,0.6246,,True,completed
1189,car,1084.0,1323.0,239.0,,1914.646,0.0,22.0,217.0,63.967,,,0.0921,0.9079,,True,completed
1017,car,996.0,1325.0,329.0,,1688.415,16.0,91.0,238.0,156.843,,,0.2766,0.7234,,True,completed
923,car,940.0,1325.0,385.0,,2019.809,17.0,94.0,291.0,197.006,,,0.2442,0.7558,,True,completed
988,car,977.0,1328.0,351.0,,2032.602,4.0,95.0,256.0,166.369,,,0.2707,0.7293,,True,completed
885,truck,922.0,1329.0,407.0,,2141.154,0.0,83.0,324.0,148.631,,,0.2039,0.7961,,True,completed
967,car,965.0,1332.0,367.0,,1593.58,32.0,127.0,240.0,211.312,,,0.346,0.654,,True,completed
833,car,897.0,1333.0,436.0,,2790.595,0.0,90.0,346.0,151.11,,,0.2064,0.7936,,True,completed
1325,car,1156.0,1335.0,179.0,,1503.845,0.0,16.0,163.0,38.958,,,0.0894,0.9106,,True,completed
1004,car,989.0,1336.0,347.0,,1978.519,71.0,103.0,244.0,165.612,,,0.2968,0.7032,,True,completed
1157,car,1067.0,1336.0,269.0,,2043.134,0.0,47.0,222.0,83.089,,,0.1747,0.8253,,True,completed
1424,car,1221.0,1336.0,115.0,,982.855,5.0,5.0,110.0,25.012,,,0.0435,0.9565,,True,completed
609,car,739.0,1337.0,598.0,,2984.65,2.0,161.0,437.0,323.983,,,0.2692,0.7308,,True,completed
506,car,672.0,1338.0,666.0,,2959.522,67.0,239.0,427.0,394.08,,,0.3589,0.6411,,True,completed
1144,car,1058.0,1339.0,281.0,,2076.54,14.0,35.0,246.0,90.012,,,0.1246,0.8754,,True,completed
1430,car,1226.0,1339.0,113.0,,1024.077,0.0,0.0,113.0,18.686,,,0.0,1.0,,True,completed
1294,car,1144.0,1340.0,196.0,,637.067,65.0,94.0,102.0,137.663,,,0.4796,0.5204,,True,completed
507,car,673.0,1345.0,672.0,,2955.696,63.0,239.0,433.0,387.429,,,0.3557,0.6443,,True,completed
1389,car,1201.0,1346.0,145.0,,1269.004,6.0,10.0,135.0,28.384,,,0.069,0.931,,True,completed
1248,car,1116.0,1347.0,231.0,,1528.615,6.0,52.0,179.0,85.647,,,0.2251,0.7749,,True,completed
973,car,967.0,1347.0,380.0,,1472.772,64.0,151.0,229.0,238.361,,,0.3974,0.6026,,True,completed
619,car,744.0,1348.0,604.0,,2332.961,33.0,253.0,351.0,376.625,,,0.4189,0.5811,,True,completed
1234,car,1109.0,1349.0,240.0,,1370.679,58.0,78.0,162.0,114.846,,,0.325,0.675,,True,completed
1218,car,1102.0,1351.0,249.0,,1476.724,61.0,73.0,176.0,114.231,,,0.2932,0.7068,,True,completed
1465,car,1259.0,1352.0,93.0,,664.315,14.0,14.0,79.0,24.965,,,0.1505,0.8495,,True,completed
1317,car,1151.0,1353.0,202.0,,586.094,60.0,94.0,108.0,133.473,,,0.4653,0.5347,,True,completed
742,car,831.0,1353.0,522.0,,1555.956,55.0,308.0,214.0,332.337,,,0.59,0.41,,True,completed
1471,truck,1267.0,1354.0,87.0,,672.715,0.0,0.0,87.0,4.994,,,0.0,1.0,,True,completed
1204,car,1093.0,1361.0,268.0,,2595.413,12.0,12.0,256.0,33.033,,,0.0448,0.9552,,True,completed
1079,car,1030.0,1362.0,332.0,,1228.722,55.0,137.0,195.0,218.669,,,0.4127,0.5873,,True,completed
705,truck,805.0,1366.0,561.0,,2255.26,0.0,248.0,313.0,289.051,,,0.4421,0.5579,,True,completed
1429,car,1224.0,1368.0,144.0,,557.526,58.0,62.0,82.0,92.418,,,0.4306,0.5694,,True,completed
1457,car,1249.0,1368.0,119.0,,1141.496,0.0,0.0,119.0,11.059,,,0.0,1.0,,True,completed
1450,car,1243.0,1370.0,127.0,,1071.622,6.0,8.0,119.0,29.206,,,0.063,0.937,,True,completed
1127,car,1050.0,1376.0,326.0,,2085.541,26.0,71.0,255.0,136.456,,,0.2178,0.7822,,True,completed
1420,car,1220.0,1376.0,156.0,,735.134,60.0,60.0,96.0,87.878,,,0.3846,0.6154,,True,completed
1408,car,1213.0,1377.0,164.0,,1421.778,0.0,7.0,157.0,29.984,,,0.0427,0.9573,,True,completed
1138,car,1055.0,1379.0,324.0,,2596.512,10.0,30.0,294.0,85.319,,,0.0926,0.9074,,True,completed
1576,truck,1353.0,1379.0,26.0,,180.648,0.0,0.0,26.0,2.845,,,0.0,1.0,,True,completed
717,car,812.0,1380.0,568.0,,1219.46,47.0,348.0,220.0,443.879,,,0.6127,0.3873,,True,completed
1270,car,1130.0,1382.0,252.0,,1883.321,5.0,40.0,212.0,79.124,,,0.1587,0.8413,,True,completed
1253,car,1123.0,1383.0,260.0,,1452.375,26.0,74.0,186.0,124.317,,,0.2846,0.7154,,True,completed
895,truck,927.0,1383.0,456.0,,2657.637,6.0,84.0,372.0,135.292,,,0.1842,0.8158,,True,completed
585,truck,724.0,1384.0,660.0,,2412.221,18.0,285.0,375.0,366.841,,,0.4318,0.5682,,True,completed
1475,car,1270.0,1387.0,117.0,,980.455,6.0,6.0,111.0,23.744,,,0.0513,0.9487,,True,completed
1419,car,1219.0,1388.0,169.0,,1605.745,9.0,9.0,160.0,22.895,,,0.0533,0.9467,,True,completed
1360,car,1183.0,1389.0,206.0,,1594.954,0.0,22.0,184.0,46.39,,,0.1068,0.8932,,True,completed
1244,car,1112.0,1390.0,278.0,,1527.235,7.0,74.0,204.0,132.906,,,0.2662,0.7338,,True,completed
1393,car,1202.0,1391.0,189.0,,1661.258,0.0,0.0,189.0,24.918,,,0.0,1.0,,True,completed
1422,car,1220.0,1392.0,172.0,,1411.282,20.0,20.0,152.0,39.131,,,0.1163,0.8837,,True,completed
765,truck,845.0,1392.0,547.0,,2238.466,56.0,223.0,324.0,276.229,,,0.4077,0.5923,,True,completed
995,car,982.0,1392.0,410.0,,1954.946,57.0,164.0,246.0,229.97,,,0.4,0.6,,True,completed
1102,car,1304.0,1393.0,89.0,,685.003,4.0,4.0,85.0,25.579,,,0.0449,0.9551,,True,completed
1251,truck,1118.0,1395.0,277.0,,1684.152,0.0,47.0,230.0,73.017,,,0.1697,0.8303,,True,completed
1504,car,1303.0,1400.0,97.0,,673.565,9.0,9.0,88.0,33.48,,,0.0928,0.9072,,True,completed
1223,car,1105.0,1402.0,297.0,,2274.324,6.0,13.0,284.0,52.489,,,0.0438,0.9562,,True,completed
1542,car,1329.0,1402.0,73.0,,664.645,1.0,1.0,72.0,12.181,,,0.0137,0.9863,,True,completed
545,truck,698.0,1407.0,709.0,,1999.222,32.0,381.0,328.0,467.255,,,0.5374,0.4626,,True,completed
1502,car,1292.0,1413.0,121.0,,972.935,7.0,7.0,114.0,22.907,,,0.0579,0.9421,,True,completed
753,car,837.0,1413.0,576.0,,1498.709,31.0,336.0,240.0,432.529,,,0.5833,0.4167,,True,completed
1398,car,1205.0,1414.0,209.0,,1693.262,5.0,26.0,183.0,52.971,,,0.1244,0.8756,,True,completed
821,car,890.0,1417.0,527.0,,1166.133,29.0,337.0,190.0,416.313,,,0.6395,0.3605,,True,completed
805,truck,877.0,1419.0,542.0,,2079.79,48.0,222.0,320.0,289.4,,,0.4096,0.5904,,True,completed
1404,car,1211.0,1420.0,209.0,,1824.284,0.0,0.0,209.0,16.437,,,0.0,1.0,,True,completed
1210,car,1096.0,1421.0,325.0,,1488.018,48.0,143.0,182.0,184.924,,,0.44,0.56,,True,completed
1570,car,1348.0,1422.0,74.0,,431.803,23.0,23.0,51.0,34.137,,,0.3108,0.6892,,True,completed
430,truck,617.0,1425.0,808.0,,2111.593,51.0,468.0,340.0,553.254,,,0.5792,0.4208,,True,completed
1263,car,1124.0,1426.0,302.0,,2912.775,0.0,7.0,295.0,29.197,,,0.0232,0.9768,,True,completed
1385,car,1199.0,1426.0,227.0,,1867.911,0.0,20.0,207.0,48.089,,,0.0881,0.9119,,True,completed
1462,car,1254.0,1426.0,172.0,,1629.062,7.0,7.0,165.0,21.075,,,0.0407,0.9593,,True,completed
1523,car,1312.0,1426.0,114.0,,905.586,14.0,14.0,100.0,30.106,,,0.1228,0.8772,,True,completed
652,car,771.0,1427.0,656.0,,1886.451,46.0,341.0,315.0,483.736,,,0.5198,0.4802,,True,completed
725,truck,815.0,1427.0,612.0,,2001.789,75.0,327.0,285.0,370.129,,,0.5343,0.4657,,True,completed
1153,car,1066.0,1428.0,362.0,,1960.798,4.0,96.0,266.0,177.469,,,0.2652,0.7348,,True,completed
1538,car,1324.0,1428.0,104.0,,800.675,14.0,14.0,90.0,30.219,,,0.1346,0.8654,,True,completed
1454,car,1245.0,1429.0,184.0,,1587.204,0.0,0.0,184.0,38.363,,,0.0,1.0,,True,completed
1183,car,1081.0,1430.0,349.0,,2339.043,0.0,77.0,272.0,133.508,,,0.2206,0.7794,,True,completed
1452,car,1243.0,1430.0,187.0,,1442.973,10.0,19.0,168.0,52.778,,,0.1016,0.8984,,True,completed
1601,truck,1372.0,1431.0,59.0,,461.918,0.0,0.0,59.0,2.548,,,0.0,1.0,,True,completed
1300,car,1146.0,1436.0,290.0,,2616.482,7.0,9.0,281.0,52.341,,,0.031,0.969,,True,completed
1517,car,1309.0,1438.0,129.0,,1081.79,5.0,5.0,124.0,28.483,,,0.0388,0.9612,,True,completed
1288,car,1140.0,1439.0,299.0,,2750.751,7.0,13.0,286.0,45.653,,,0.0435,0.9565,,True,completed
1324,car,1156.0,1440.0,284.0,,2775.501,0.0,6.0,278.0,32.185,,,0.0211,0.9789,,True,completed
670,truck,781.0,1441.0,660.0,,1412.868,53.0,416.0,244.0,489.011,,,0.6303,0.3697,,True,completed
1581,truck,1356.0,1443.0,87.0,,530.444,6.0,6.0,81.0,21.832,,,0.069,0.931,,True,completed
1075,car,1028.0,1444.0,416.0,,2561.576,0.0,88.0,328.0,172.405,,,0.2115,0.7885,,True,completed
1555,car,1345.0,1444.0,99.0,,821.66,2.0,3.0,96.0,23.599,,,0.0303,0.9697,,True,completed
898,car,928.0,1444.0,516.0,,2101.982,45.0,281.0,235.0,317.606,,,0.5446,0.4554,,True,completed
1168,car,1074.0,1445.0,371.0,,2449.977,25.0,85.0,286.0,138.483,,,0.2291,0.7709,,True,completed
675,truck,783.0,1447.0,664.0,,2413.208,0.0,353.0,311.0,374.5,,,0.5316,0.4684,,True,completed
1624,car,1391.0,1452.0,61.0,,589.591,0.0,0.0,61.0,6.936,,,0.0,1.0,,True,completed
1539,car,1340.0,1453.0,113.0,,943.227,0.0,0.0,113.0,25.727,,,0.0,1.0,,True,completed
1560,car,1342.0,1454.0,112.0,,1149.368,0.0,0.0,112.0,6.646,,,0.0,1.0,,True,completed
1489,car,1284.0,1458.0,174.0,,906.548,47.0,52.0,122.0,90.312,,,0.2989,0.7011,,True,completed
1096,truck,1037.0,1460.0,423.0,,2460.462,23.0,64.0,359.0,126.219,,,0.1513,0.8487,,True,completed
1485,car,1281.0,1462.0,181.0,,1385.929,34.0,34.0,147.0,53.571,,,0.1878,0.8122,,True,completed
1521,truck,1310.0,1464.0,154.0,,1074.176,0.0,9.0,145.0,24.047,,,0.0584,0.9416,,True,completed
1332,car,1161.0,1469.0,308.0,,1496.57,0.0,123.0,185.0,164.813,,,0.3994,0.6006,,True,completed
1139,car,1055.0,1470.0,415.0,,734.305,42.0,248.0,167.0,343.965,,,0.5976,0.4024,,True,completed
1269,car,1129.0,1471.0,342.0,,1899.948,0.0,112.0,230.0,159.014,,,0.3275,0.6725,,True,completed
1355,car,1179.0,1472.0,293.0,,2213.922,17.0,41.0,252.0,85.926,,,0.1399,0.8601,,True,completed
1357,car,1181.0,1474.0,293.0,,2622.893,2.0,5.0,288.0,54.949,,,0.0171,0.9829,,True,completed
1344,car,1169.0,1476.0,307.0,,2335.123,1.0,46.0,261.0,88.824,,,0.1498,0.8502,,True,completed
1595,car,1370.0,1477.0,107.0,,756.476,10.0,10.0,97.0,36.724,,,0.0935,0.9065,,True,completed
1315,car,1151.0,1478.0,327.0,,1838.155,9.0,87.0,240.0,148.821,,,0.2661,0.7339,,True,completed
1563,car,1344.0,1478.0,134.0,,1263.635,6.0,6.0,128.0,17.969,,,0.0448,0.9552,,True,completed
1591,truck,1368.0,1480.0,112.0,,753.434,0.0,0.0,112.0,20.287,,,0.0,1.0,,True,completed
640,truck,762.0,1480.0,718.0,,2129.663,28.0,360.0,358.0,460.72,,,0.5014,0.4986,,True,completed
1080,car,1030.0,1482.0,452.0,,2595.361,30.0,108.0,344.0,215.149,,,0.2389,0.7611,,True,completed
1126,truck,1050.0,1483.0,433.0,,2009.169,4.0,83.0,350.0,187.883,,,0.1917,0.8083,,True,completed
1379,car,1193.0,1492.0,299.0,,2298.497,0.0,43.0,256.0,90.109,,,0.1438,0.8562,,True,completed
1663,car,1425.0,1492.0,67.0,,550.285,5.0,5.0,62.0,16.474,,,0.0746,0.9254,,True,completed
460,truck,634.0,1492.0,858.0,,2316.49,100.0,474.0,384.0,515.674,,,0.5524,0.4476,,True,completed
1124,car,1049.0,1495.0,446.0,,1759.568,81.0,197.0,249.0,240.266,,,0.4417,0.5583,,True,completed
654,car,771.0,1496.0,725.0,,1299.786,95.0,454.0,271.0,601.121,,,0.6262,0.3738,,True,completed
1310,car,1150.0,1498.0,348.0,,1612.718,50.0,141.0,207.0,191.152,,,0.4052,0.5948,,True,completed
535,truck,691.0,1499.0,808.0,,1848.835,91.0,432.0,376.0,582.721,,,0.5347,0.4653,,True,completed
1698,car,1449.0,1501.0,52.0,,415.331,0.0,0.0,52.0,13.62,,,0.0,1.0,,True,completed
1086,truck,1034.0,1504.0,470.0,,2185.678,1.0,99.0,371.0,204.808,,,0.2106,0.7894,,True,completed
1602,car,1373.0,1504.0,131.0,,1048.583,1.0,1.0,130.0,33.788,,,0.0076,0.9924,,True,completed
498,car,665.0,1505.0,840.0,,1306.994,98.0,650.0,190.0,710.953,,,0.7738,0.2262,,True,completed
1487,car,1284.0,1508.0,224.0,,2091.804,2.0,3.0,221.0,24.228,,,0.0134,0.9866,,True,completed
453,car,632.0,1512.0,880.0,,2205.549,95.0,643.0,237.0,679.893,,,0.7307,0.2693,,True,completed
1364,car,1187.0,1513.0,326.0,,1723.437,18.0,106.0,220.0,169.295,,,0.3252,0.6748,,True,completed
513,car,678.0,1516.0,838.0,,2079.88,96.0,538.0,300.0,606.909,,,0.642,0.358,,True,completed
557,car,707.0,1517.0,810.0,,2238.619,82.0,424.0,386.0,605.957,,,0.5235,0.4765,,True,completed
661,car,776.0,1517.0,741.0,,1328.008,88.0,547.0,194.0,607.138,,,0.7382,0.2618,,True,completed
1536,truck,1322.0,1518.0,196.0,,1257.704,12.0,22.0,174.0,43.387,,,0.1122,0.8878,,True,completed
852,car,905.0,1518.0,613.0,,1121.816,95.0,459.0,154.0,494.756,,,0.7488,0.2512,,True,completed
1702,car,1451.0,1520.0,69.0,,600.815,1.0,1.0,68.0,12.867,,,0.0145,0.9855,,True,completed
435,truck,619.0,1520.0,901.0,,2161.428,86.0,578.0,323.0,639.31,,,0.6415,0.3585,,True,completed
741,car,829.0,1520.0,691.0,,1812.906,94.0,480.0,211.0,526.411,,,0.6946,0.3054,,True,completed
629,car,752.0,1522.0,770.0,,2094.823,93.0,524.0,246.0,580.141,,,0.6805,0.3195,,True,completed
668,car,780.0,1522.0,742.0,,1793.202,89.0,527.0,215.0,579.297,,,0.7102,0.2898,,True,completed
1710,car,1456.0,1527.0,71.0,,639.834,4.0,4.0,67.0,12.196,,,0.0563,0.9437,,True,completed
1613,car,1382.0,1528.0,146.0,,1144.168,7.0,7.0,139.0,41.08,,,0.0479,0.9521,,True,completed
613,car,741.0,1529.0,788.0,,2277.409,82.0,531.0,257.0,581.192,,,0.6739,0.3261,,True,completed
1686,truck,1443.0,1533.0,90.0,,681.7,0.0,0.0,90.0,6.756,,,0.0,1.0,,True,completed
1519,car,1310.0,1535.0,225.0,,1949.003,3.0,5.0,220.0,46.036,,,0.0222,0.9778,,True,completed
1361,truck,1183.0,1539.0,356.0,,2663.882,0.0,5.0,351.0,34.616,,,0.014,0.986,,True,completed
1598,car,1371.0,1539.0,168.0,,1543.163,0.0,0.0,168.0,15.736,,,0.0,1.0,,True,completed
1557,car,1340.0,1540.0,200.0,,1975.087,0.0,0.0,200.0,18.835,,,0.0,1.0,,True,completed
746,car,831.0,1541.0,710.0,,1645.097,38.0,435.0,275.0,554.545,,,0.6127,0.3873,,True,completed
412,car,608.0,1543.0,935.0,,2567.623,62.0,634.0,301.0,698.664,,,0.6781,0.3219,,True,completed
1685,car,1442.0,1544.0,102.0,,988.041,0.0,0.0,102.0,10.878,,,0.0,1.0,,True,completed
617,car,743.0,1549.0,806.0,,1818.693,57.0,569.0,237.0,641.174,,,0.706,0.294,,True,completed
740,truck,827.0,1555.0,728.0,,1439.155,86.0,493.0,235.0,550.384,,,0.6772,0.3228,,True,completed
1495,car,1288.0,1557.0,269.0,,2437.033,4.0,26.0,243.0,48.054,,,0.0967,0.9033,,True,completed
1532,car,1320.0,1558.0,238.0,,1597.592,0.0,0.0,238.0,33.03,,,0.0,1.0,,True,completed
867,car,918.0,1558.0,640.0,,878.169,67.0,396.0,244.0,559.425,,,0.6188,0.3812,,True,completed
680,truck,788.0,1559.0,771.0,,1641.316,65.0,487.0,284.0,572.289,,,0.6316,0.3684,,True,completed
616,car,743.0,1561.0,818.0,,2020.792,48.0,430.0,388.0,620.825,,,0.5257,0.4743,,True,completed
837,car,901.0,1564.0,663.0,,796.459,45.0,432.0,231.0,588.922,,,0.6516,0.3484,,True,completed
1760,car,1507.0,1569.0,62.0,,528.52,0.0,0.0,62.0,11.321,,,0.0,1.0,,True,completed
744,car,831.0,1569.0,738.0,,1435.811,58.0,431.0,307.0,601.979,,,0.584,0.416,,True,completed
1442,car,1236.0,1570.0,334.0,,1621.061,0.0,81.0,253.0,186.103,,,0.2425,0.7575,,True,completed
1712,car,1458.0,1572.0,114.0,,973.518,2.0,2.0,112.0,20.173,,,0.0175,0.9825,,True,completed
778,car,852.0,1574.0,722.0,,1731.361,21.0,411.0,311.0,553.881,,,0.5693,0.4307,,True,completed
1784,car,1533.0,1576.0,43.0,,445.177,0.0,0.0,43.0,1.934,,,0.0,1.0,,True,completed
944,car,952.0,1576.0,624.0,,3083.169,0.0,226.0,398.0,323.378,,,0.3622,0.6378,,True,completed
1100,car,1039.0,1578.0,539.0,,1811.095,6.0,258.0,281.0,362.386,,,0.4787,0.5213,,True,completed
1412,car,1215.0,1580.0,365.0,,2048.136,3.0,90.0,275.0,179.228,,,0.2466,0.7534,,True,completed
1709,car,1456.0,1582.0,126.0,,1006.647,6.0,6.0,120.0,27.743,,,0.0476,0.9524,,True,completed
1505,car,1296.0,1586.0,290.0,,1687.718,4.0,58.0,232.0,135.858,,,0.2,0.8,,True,completed
875,truck,918.0,1586.0,668.0,,885.083,45.0,445.0,223.0,560.348,,,0.6662,0.3338,,True,completed
1046,truck,1011.0,1587.0,576.0,,1128.635,6.0,357.0,219.0,436.878,,,0.6198,0.3802,,True,completed
1431,truck,1228.0,1587.0,359.0,,1908.764,0.0,78.0,281.0,127.77,,,0.2173,0.7827,,True,completed
1525,car,1316.0,1587.0,271.0,,2184.174,0.0,25.0,246.0,63.385,,,0.0923,0.9077,,True,completed
1154,car,1066.0,1588.0,522.0,,2579.548,0.0,191.0,331.0,248.061,,,0.3659,0.6341,,True,completed
1528,car,1317.0,1588.0,271.0,,1534.595,14.0,63.0,208.0,126.365,,,0.2325,0.7675,,True,completed
1589,car,1366.0,1590.0,224.0,,1654.481,14.0,25.0,199.0,53.005,,,0.1116,0.8884,,True,completed
1526,truck,1316.0,1592.0,276.0,,2120.731,0.0,0.0,276.0,14.922,,,0.0,1.0,,True,completed
626,car,751.0,1595.0,844.0,,2358.773,53.0,440.0,404.0,629.645,,,0.5213,0.4787,,True,completed
1400,car,1208.0,1598.0,390.0,,2048.944,1.0,95.0,295.0,200.698,,,0.2436,0.7564,,True,completed
1510,car,1301.0,1598.0,297.0,,1987.603,3.0,75.0,222.0,109.207,,,0.2525,0.7475,,True,completed
1716,truck,1462.0,1599.0,137.0,,663.276,44.0,44.0,93.0,54.889,,,0.3212,0.6788,,True,completed
1732,car,1484.0,1599.0,115.0,,974.624,5.0,5.0,110.0,20.196,,,0.0435,0.9565,,True,completed
1655,car,1416.0,1601.0,185.0,,1529.144,1.0,21.0,164.0,44.939,,,0.1135,0.8865,,True,completed
776,car,851.0,1601.0,750.0,,1272.279,48.0,457.0,293.0,631.206,,,0.6093,0.3907,,True,completed
1626,truck,1393.0,1614.0,221.0,,1589.068,15.0,15.0,206.0,29.197,,,0.0679,0.9321,,True,completed
924,car,941.0,1617.0,676.0,,2327.788,83.0,386.0,290.0,452.393,,,0.571,0.429,,True,completed
599,car,735.0,1620.0,885.0,,2901.014,20.0,423.0,462.0,588.606,,,0.478,0.522,,True,completed
648,car,768.0,1625.0,857.0,,2623.954,48.0,434.0,423.0,616.409,,,0.5064,0.4936,,True,completed
687,car,792.0,1625.0,833.0,,1401.128,97.0,655.0,178.0,704.088,,,0.7863,0.2137,,True,completed
231,car,393.0,1627.0,1234.0,,,0.0,758.0,476.0,0.0,,,0.6143,0.3857,,True,completed
642,car,765.0,1627.0,862.0,,1625.608,96.0,649.0,213.0,707.465,,,0.7529,0.2471,,True,completed
1661,truck,1423.0,1628.0,205.0,,1131.054,0.0,47.0,158.0,67.317,,,0.2293,0.7707,,True,completed
1812,car,1574.0,1628.0,54.0,,376.554,0.0,0.0,54.0,9.479,,,0.0,1.0,,True,completed
580,truck,721.0,1630.0,909.0,,1993.375,93.0,608.0,301.0,668.582,,,0.6689,0.3311,,True,completed
1340,car,1165.0,1634.0,469.0,,1380.009,71.0,258.0,211.0,328.314,,,0.5501,0.4499,,True,completed
814,car,883.0,1638.0,755.0,,1871.471,42.0,464.0,291.0,584.194,,,0.6146,0.3854,,True,completed
1730,car,1481.0,1640.0,159.0,,1024.321,25.0,38.0,121.0,64.744,,,0.239,0.761,,True,completed
1790,car,1539.0,1641.0,102.0,,784.219,15.0,17.0,85.0,29.469,,,0.1667,0.8333,,True,completed
1403,car,1210.0,1643.0,433.0,,1294.498,92.0,246.0,187.0,288.163,,,0.5681,0.4319,,True,completed
1432,car,1228.0,1652.0,424.0,,1039.458,75.0,263.0,161.0,302.203,,,0.6203,0.3797,,True,completed
1793,car,1543.0,1652.0,109.0,,1064.244,0.0,0.0,109.0,10.632,,,0.0,1.0,,True,completed
966,car,965.0,1653.0,688.0,,1804.578,58.0,466.0,222.0,522.688,,,0.6773,0.3227,,True,completed
1241,truck,1112.0,1654.0,542.0,,644.687,82.0,413.0,129.0,463.26,,,0.762,0.238,,True,completed
550,truck,701.0,1655.0,954.0,,2124.056,16.0,601.0,353.0,696.164,,,0.63,0.37,,True,completed
978,car,969.0,1658.0,689.0,,1824.434,53.0,461.0,228.0,522.366,,,0.6691,0.3309,,True,completed
1109,car,1043.0,1660.0,617.0,,1403.82,51.0,429.0,188.0,488.163,,,0.6953,0.3047,,True,completed
638,car,756.0,1661.0,905.0,,1964.174,62.0,601.0,304.0,722.403,,,0.6641,0.3359,,True,completed
1479,car,1273.0,1662.0,389.0,,824.111,76.0,274.0,115.0,303.303,,,0.7044,0.2956,,True,completed
623,car,748.0,1662.0,914.0,,2669.408,50.0,537.0,377.0,667.639,,,0.5875,0.4125,,True,completed
750,truck,834.0,1662.0,828.0,,1546.143,91.0,618.0,210.0,642.345,,,0.7464,0.2536,,True,completed
1541,truck,1328.0,1663.0,335.0,,2558.953,0.0,9.0,326.0,26.644,,,0.0269,0.9731,,True,completed
1588,car,1366.0,1664.0,298.0,,1672.833,11.0,59.0,239.0,133.389,,,0.198,0.802,,True,completed
1530,car,1318.0,1666.0,348.0,,888.902,73.0,233.0,115.0,260.472,,,0.6695,0.3305,,True,completed
1743,car,1491.0,1668.0,177.0,,1508.271,5.0,24.0,153.0,40.254,,,0.1356,0.8644,,True,completed
819,car,887.0,1671.0,784.0,,2235.378,46.0,484.0,300.0,573.041,,,0.6173,0.3827,,True,completed
969,car,965.0,1672.0,707.0,,,0.0,591.0,116.0,0.0,,,0.8359,0.1641,,True,completed
1313,car,1151.0,1673.0,522.0,,2211.004,68.0,253.0,269.0,319.553,,,0.4847,0.5153,,True,completed
1574,car,1352.0,1674.0,322.0,,739.038,64.0,233.0,89.0,254.486,,,0.7236,0.2764,,True,completed
965,truck,964.0,1674.0,710.0,,1602.34,100.0,442.0,268.0,476.664,,,0.6225,0.3775,,True,completed
1488,car,1284.0,1675.0,391.0,,1324.647,65.0,227.0,164.0,267.177,,,0.5806,0.4194,,True,completed
1512,car,1303.0,1677.0,374.0,,1326.867,64.0,204.0,170.0,246.095,,,0.5455,0.4545,,True,completed
1809,car,1566.0,1677.0,111.0,,922.2,6.0,6.0,105.0,25.705,,,0.0541,0.9459,,True,completed
768,car,846.0,1678.0,832.0,,1695.031,64.0,478.0,354.0,668.899,,,0.5745,0.4255,,True,completed
1448,car,1241.0,1681.0,440.0,,2061.786,61.0,204.0,236.0,247.882,,,0.4636,0.5364,,True,completed
1282,car,1136.0,1689.0,553.0,,1577.512,53.0,322.0,231.0,408.545,,,0.5823,0.4177,,True,completed
1748,car,1494.0,1695.0,201.0,,1164.028,36.0,36.0,165.0,92.508,,,0.1791,0.8209,,True,completed
945,truck,956.0,1695.0,739.0,,1718.983,29.0,406.0,333.0,531.477,,,0.5494,0.4506,,True,completed
1811,truck,1570.0,1696.0,126.0,,978.067,0.0,0.0,126.0,7.585,,,0.0,1.0,,True,completed
480,truck,649.0,1697.0,1048.0,,2569.608,40.0,636.0,412.0,737.632,,,0.6069,0.3931,,True,completed
1090,car,1250.0,1699.0,449.0,,1491.689,59.0,267.0,182.0,312.063,,,0.5947,0.4053,,True,completed
1125,car,1049.0,1699.0,650.0,,1821.682,58.0,356.0,294.0,470.771,,,0.5477,0.4523,,True,completed
610,truck,740.0,1701.0,961.0,,2425.013,53.0,600.0,361.0,668.294,,,0.6243,0.3757,,True,completed
834,car,898.0,1701.0,803.0,,1254.338,53.0,480.0,323.0,682.835,,,0.5978,0.4022,,True,completed
1706,truck,1454.0,1704.0,250.0,,1650.833,0.0,10.0,240.0,30.524,,,0.04,0.96,,True,completed
1764,car,1511.0,1704.0,193.0,,1463.934,15.0,35.0,158.0,59.559,,,0.1813,0.8187,,True,completed
1226,truck,1106.0,1705.0,599.0,,2247.401,0.0,259.0,340.0,327.864,,,0.4324,0.5676,,True,completed
1735,car,1487.0,1705.0,218.0,,1725.311,9.0,25.0,193.0,61.645,,,0.1147,0.8853,,True,completed
1383,car,1197.0,1706.0,509.0,,1605.604,49.0,304.0,205.0,357.463,,,0.5972,0.4028,,True,completed
1646,truck,1409.0,1706.0,297.0,,1367.354,46.0,85.0,212.0,131.654,,,0.2862,0.7138,,True,completed
1664,car,1425.0,1707.0,282.0,,696.466,42.0,184.0,98.0,217.823,,,0.6525,0.3475,,True,completed
1335,car,1163.0,1709.0,546.0,,1464.624,40.0,312.0,234.0,406.566,,,0.5714,0.4286,,True,completed
1687,car,1444.0,1710.0,266.0,,629.422,43.0,147.0,119.0,208.351,,,0.5526,0.4474,,True,completed
1073,car,1028.0,1711.0,683.0,,2548.686,45.0,313.0,370.0,446.424,,,0.4583,0.5417,,True,completed
1729,car,1480.0,1711.0,231.0,,2032.835,12.0,12.0,219.0,36.851,,,0.0519,0.9481,,True,completed
1782,car,1533.0,1712.0,179.0,,1547.452,6.0,16.0,163.0,37.985,,,0.0894,0.9106,,True,completed
1882,car,1668.0,1712.0,44.0,,456.052,0.0,0.0,44.0,1.955,,,0.0,1.0,,True,completed
1773,car,1520.0,1714.0,194.0,,734.417,38.0,91.0,103.0,123.2,,,0.4691,0.5309,,True,completed
1006,truck,989.0,1717.0,728.0,,1340.325,77.0,434.0,294.0,498.7,,,0.5962,0.4038,,True,completed
1011,truck,991.0,1718.0,727.0,,1151.573,42.0,440.0,287.0,586.851,,,0.6052,0.3948,,True,completed
1565,car,1345.0,1720.0,375.0,,985.72,69.0,244.0,131.0,271.684,,,0.6507,0.3493,,True,completed
1147,car,1061.0,1721.0,660.0,,1274.077,61.0,484.0,176.0,534.972,,,0.7333,0.2667,,True,completed
1651,truck,1413.0,1721.0,308.0,,1436.048,81.0,103.0,205.0,132.069,,,0.3344,0.6656,,True,completed
1648,car,1410.0,1722.0,312.0,,1301.663,32.0,106.0,206.0,193.582,,,0.3397,0.6603,,True,completed
1188,car,1083.0,1723.0,640.0,,1275.705,20.0,389.0,251.0,512.813,,,0.6078,0.3922,,True,completed
774,car,849.0,1724.0,875.0,,1969.358,45.0,483.0,392.0,692.26,,,0.552,0.448,,True,completed
986,car,975.0,1727.0,752.0,,2208.148,35.0,401.0,351.0,532.162,,,0.5332,0.4668,,True,completed
1637,car,1402.0,1728.0,326.0,,1479.436,29.0,127.0,199.0,190.275,,,0.3896,0.6104,,True,completed
1092,car,1036.0,1729.0,693.0,,2395.42,34.0,314.0,379.0,464.991,,,0.4531,0.5469,,True,completed
608,car,738.0,1731.0,993.0,,1718.151,56.0,739.0,254.0,835.777,,,0.7442,0.2558,,True,completed
794,car,866.0,1731.0,865.0,,1828.513,25.0,653.0,212.0,692.881,,,0.7549,0.2451,,True,completed
372,car,557.0,1732.0,1175.0,,3227.035,10.0,755.0,420.0,876.891,,,0.6426,0.3574,,True,completed
1094,car,1036.0,1733.0,697.0,,2918.661,0.0,322.0,375.0,397.687,,,0.462,0.538,,True,completed
1789,car,1539.0,1746.0,207.0,,1409.647,25.0,36.0,171.0,78.858,,,0.1739,0.8261,,True,completed
985,truck,977.0,1747.0,770.0,,1611.383,40.0,431.0,339.0,575.13,,,0.5597,0.4403,,True,completed
1728,car,1479.0,1748.0,269.0,,971.569,4.0,119.0,150.0,174.894,,,0.4424,0.5576,,True,completed
1322,car,1156.0,1749.0,593.0,,2001.69,41.0,294.0,299.0,403.363,,,0.4958,0.5042,,True,completed
537,car,691.0,1752.0,1061.0,,2145.278,39.0,746.0,315.0,845.834,,,0.7031,0.2969,,True,completed
1359,car,1684.0,1754.0,70.0,,658.88,2.0,3.0,67.0,9.452,,,0.0429,0.9571,,True,completed
1860,car,1642.0,1754.0,112.0,,1153.614,0.0,0.0,112.0,6.481,,,0.0,1.0,,True,completed
1657,car,1418.0,1755.0,337.0,,1683.268,37.0,137.0,200.0,183.279,,,0.4065,0.5935,,True,completed
1714,car,1461.0,1755.0,294.0,,2051.136,2.0,62.0,232.0,108.057,,,0.2109,0.7891,,True,completed
673,car,782.0,1757.0,975.0,,3310.137,0.0,467.0,508.0,663.273,,,0.479,0.521,,True,completed
1458,car,1249.0,1760.0,511.0,,1213.958,15.0,301.0,210.0,383.657,,,0.589,0.411,,True,completed
755,truck,840.0,1760.0,920.0,,1557.344,49.0,639.0,281.0,731.229,,,0.6946,0.3054,,True,completed
832,car,895.0,1760.0,865.0,,2121.21,32.0,432.0,433.0,621.762,,,0.4994,0.5006,,True,completed
1928,car,1716.0,1761.0,45.0,,457.694,0.0,0.0,45.0,2.225,,,0.0,1.0,,True,completed
1249,car,1116.0,1765.0,649.0,,2273.583,0.0,318.0,331.0,427.849,,,0.49,0.51,,True,completed
1597,car,1371.0,1765.0,394.0,,1774.311,50.0,168.0,226.0,218.949,,,0.4264,0.5736,,True,completed
1577,car,1353.0,1766.0,413.0,,1636.841,0.0,230.0,183.0,264.331,,,0.5569,0.4431,,True,completed
951,car,958.0,1766.0,808.0,,2370.772,0.0,407.0,401.0,585.92,,,0.5037,0.4963,,True,completed
1877,car,1662.0,1767.0,105.0,,901.227,4.0,4.0,101.0,20.72,,,0.0381,0.9619,,True,completed
1750,car,1499.0,1769.0,270.0,,1867.912,0.0,30.0,240.0,88.775,,,0.1111,0.8889,,True,completed
1856,truck,1636.0,1769.0,133.0,,971.181,0.0,0.0,133.0,12.58,,,0.0,1.0,,True,completed
991,car,980.0,1770.0,790.0,,2815.887,0.0,356.0,434.0,500.642,,,0.4506,0.5494,,True,completed
1585,car,1363.0,1772.0,409.0,,948.405,41.0,286.0,123.0,312.03,,,0.6993,0.3007,,True,completed
955,truck,959.0,1773.0,814.0,,2048.394,15.0,429.0,385.0,558.769,,,0.527,0.473,,True,completed
1600,car,1371.0,1776.0,405.0,,1584.216,3.0,224.0,181.0,260.749,,,0.5531,0.4469,,True,completed
518,car,682.0,1780.0,1098.0,,2624.09,44.0,705.0,393.0,850.066,,,0.6421,0.3579,,True,completed
1289,car,1140.0,1782.0,642.0,,2139.003,49.0,338.0,304.0,440.672,,,0.5265,0.4735,,True,completed
1902,car,1691.0,1782.0,91.0,,663.884,15.0,15.0,76.0,29.258,,,0.1648,0.8352,,True,completed
1671,truck,1431.0,1786.0,355.0,,2599.215,19.0,23.0,332.0,41.969,,,0.0648,0.9352,,True,completed
656,car,772.0,1789.0,1017.0,,2474.313,75.0,621.0,396.0,792.819,,,0.6106,0.3894,,True,completed
1494,car,1287.0,1795.0,508.0,,1511.298,2.0,257.0,251.0,353.418,,,0.5059,0.4941,,True,completed
1612,car,1381.0,1797.0,416.0,,2336.917,0.0,146.0,270.0,200.341,,,0.351,0.649,,True,completed
1464,car,1256.0,1800.0,544.0,,3130.059,17.0,140.0,404.0,251.459,,,0.2574,0.7426,,True,completed
1000,car,985.0,,815.0,,1225.938,100.0,674.0,141.0,703.931,,,0.827,0.173,,False,on_map_at_end
1001,truck,986.0,,814.0,,1082.052,70.0,539.0,275.0,682.514,,,0.6622,0.3378,,False,on_map_at_end
1002,car,987.0,,813.0,,1555.383,100.0,646.0,167.0,672.673,,,0.7946,0.2054,,False,on_map_at_end
1005,car,989.0,,811.0,,1867.04,45.0,457.0,354.0,641.777,,,0.5635,0.4365,,False,on_map_at_end
1008,car,990.0,,810.0,,2300.669,95.0,503.0,307.0,597.295,,,0.621,0.379,,False,on_map_at_end
1009,car,991.0,,809.0,,1367.149,100.0,627.0,182.0,679.963,,,0.775,0.225,,False,on_map_at_end
1010,car,991.0,,809.0,,1491.212,52.0,513.0,296.0,672.743,,,0.6341,0.3659,,False,on_map_at_end
1012,car,991.0,,809.0,,673.356,100.0,710.0,99.0,739.976,,,0.8776,0.1224,,False,on_map_at_end
1013,car,992.0,,808.0,,1820.744,100.0,565.0,243.0,642.102,,,0.6993,0.3007,,False,on_map_at_end
1014,car,993.0,,807.0,,491.166,100.0,742.0,65.0,761.491,,,0.9195,0.0805,,False,on_map_at_end
1016,truck,995.0,,805.0,,1514.247,89.0,561.0,244.0,622.839,,,0.6969,0.3031,,False,on_map_at_end
1018,car,997.0,,803.0,,1004.591,91.0,623.0,180.0,669.718,,,0.7758,0.2242,,False,on_map_at_end
1019,car,998.0,,802.0,,1408.838,100.0,617.0,185.0,673.375,,,0.7693,0.2307,,False,on_map_at_end
1021,truck,998.0,,802.0,,575.863,100.0,656.0,146.0,732.869,,,0.818,0.182,,False,on_map_at_end
1023,car,1000.0,,800.0,,1499.735,49.0,492.0,308.0,642.166,,,0.615,0.385,,False,on_map_at_end
1024,car,1000.0,,800.0,,1546.504,100.0,591.0,209.0,660.031,,,0.7388,0.2612,,False,on_map_at_end
1026,truck,1000.0,,800.0,,1117.509,90.0,590.0,210.0,662.263,,,0.7375,0.2625,,False,on_map_at_end
1027,car,1001.0,,799.0,,1021.443,92.0,654.0,145.0,702.554,,,0.8185,0.1815,,False,on_map_at_end
1028,car,1001.0,,799.0,,1265.913,100.0,640.0,159.0,683.85,,,0.801,0.199,,False,on_map_at_end
1030,car,1002.0,,798.0,,829.785,100.0,685.0,113.0,718.199,,,0.8584,0.1416,,False,on_map_at_end
1033,car,1005.0,,795.0,,613.807,100.0,713.0,82.0,739.757,,,0.8969,0.1031,,False,on_map_at_end
1034,car,1006.0,,794.0,,1210.936,100.0,654.0,140.0,684.588,,,0.8237,0.1763,,False,on_map_at_end
1036,truck,1007.0,,793.0,,930.997,72.0,592.0,201.0,681.178,,,0.7465,0.2535,,False,on_map_at_end
1037,car,1137.0,,663.0,,428.286,100.0,538.0,125.0,624.186,,,0.8115,0.1885,,False,on_map_at_end
1038,car,1008.0,,792.0,,1013.942,93.0,647.0,145.0,696.103,,,0.8169,0.1831,,False,on_map_at_end
1039,car,1008.0,,792.0,,591.695,93.0,691.0,101.0,729.345,,,0.8725,0.1275,,False,on_map_at_end
1041,truck,1009.0,,791.0,,1354.148,100.0,581.0,210.0,625.687,,,0.7345,0.2655,,False,on_map_at_end
1042,car,1009.0,,791.0,,2053.317,52.0,463.0,328.0,600.064,,,0.5853,0.4147,,False,on_map_at_end
1043,car,1010.0,,790.0,,1238.249,51.0,572.0,218.0,669.895,,,0.7241,0.2759,,False,on_map_at_end
1045,car,1011.0,,789.0,,1611.158,100.0,579.0,210.0,634.687,,,0.7338,0.2662,,False,on_map_at_end
1047,car,1012.0,,788.0,,1661.059,96.0,556.0,232.0,637.6,,,0.7056,0.2944,,False,on_map_at_end
1048,car,1013.0,,787.0,,1796.527,100.0,565.0,222.0,624.242,,,0.7179,0.2821,,False,on_map_at_end
1051,truck,1015.0,,785.0,,983.259,76.0,513.0,272.0,666.962,,,0.6535,0.3465,,False,on_map_at_end
1052,car,1016.0,,784.0,,826.322,100.0,618.0,166.0,701.312,,,0.7883,0.2117,,False,on_map_at_end
1056,truck,1018.0,,782.0,,1622.31,70.0,452.0,330.0,587.245,,,0.578,0.422,,False,on_map_at_end
1059,car,1019.0,,781.0,,1629.925,80.0,537.0,244.0,633.05,,,0.6876,0.3124,,False,on_map_at_end
1060,car,1020.0,,780.0,,2024.869,100.0,543.0,237.0,597.607,,,0.6962,0.3038,,False,on_map_at_end
1061,truck,1021.0,,779.0,,474.374,100.0,657.0,122.0,722.052,,,0.8434,0.1566,,False,on_map_at_end
1062,car,1021.0,,779.0,,1434.529,96.0,500.0,279.0,648.658,,,0.6418,0.3582,,False,on_map_at_end
1065,car,1022.0,,778.0,,1729.595,51.0,453.0,325.0,611.301,,,0.5823,0.4177,,False,on_map_at_end
1066,truck,1023.0,,777.0,,1385.984,57.0,489.0,288.0,610.532,,,0.6293,0.3707,,False,on_map_at_end
1067,car,1024.0,,776.0,,1556.367,87.0,532.0,244.0,627.905,,,0.6856,0.3144,,False,on_map_at_end
1068,car,1024.0,,776.0,,1597.155,81.0,539.0,237.0,630.373,,,0.6946,0.3054,,False,on_map_at_end
1069,car,1024.0,,776.0,,2067.618,100.0,524.0,252.0,587.963,,,0.6753,0.3247,,False,on_map_at_end
1070,car,1024.0,,776.0,,1370.961,100.0,605.0,171.0,652.612,,,0.7796,0.2204,,False,on_map_at_end
1076,truck,1029.0,,771.0,,1361.734,24.0,471.0,300.0,607.29,,,0.6109,0.3891,,False,on_map_at_end
1081,truck,1030.0,,770.0,,834.406,74.0,515.0,255.0,669.831,,,0.6688,0.3312,,False,on_map_at_end
1082,car,1030.0,,770.0,,1852.015,89.0,477.0,293.0,603.019,,,0.6195,0.3805,,False,on_map_at_end
1083,car,1032.0,,768.0,,826.884,72.0,503.0,265.0,692.769,,,0.6549,0.3451,,False,on_map_at_end
1087,car,1034.0,,766.0,,768.082,68.0,507.0,259.0,696.476,,,0.6619,0.3381,,False,on_map_at_end
1088,car,1035.0,,765.0,,1483.953,78.0,435.0,330.0,583.611,,,0.5686,0.4314,,False,on_map_at_end
1089,car,1035.0,,765.0,,1786.085,100.0,448.0,317.0,580.36,,,0.5856,0.4144,,False,on_map_at_end
1091,truck,1035.0,,765.0,,742.034,100.0,647.0,118.0,675.92,,,0.8458,0.1542,,False,on_map_at_end
1095,car,1037.0,,763.0,,2774.17,90.0,339.0,424.0,507.84,,,0.4443,0.5557,,False,on_map_at_end
1099,car,1038.0,,762.0,,446.858,100.0,707.0,55.0,721.193,,,0.9278,0.0722,,False,on_map_at_end
1101,truck,1040.0,,760.0,,2257.775,92.0,446.0,314.0,488.691,,,0.5868,0.4132,,False,on_map_at_end
1103,car,1040.0,,760.0,,2011.867,100.0,524.0,236.0,578.637,,,0.6895,0.3105,,False,on_map_at_end
1104,car,1078.0,,722.0,,1144.755,60.0,465.0,257.0,618.748,,,0.644,0.356,,False,on_map_at_end
1108,car,1042.0,,758.0,,2100.106,86.0,414.0,344.0,567.531,,,0.5462,0.4538,,False,on_map_at_end
1110,car,1043.0,,757.0,,1163.813,100.0,575.0,182.0,639.145,,,0.7596,0.2404,,False,on_map_at_end
1112,car,1044.0,,756.0,,1055.02,61.0,504.0,252.0,650.297,,,0.6667,0.3333,,False,on_map_at_end
1113,car,1044.0,,756.0,,1306.458,100.0,610.0,146.0,637.673,,,0.8069,0.1931,,False,on_map_at_end
1114,car,1044.0,,756.0,,1922.739,100.0,522.0,234.0,581.387,,,0.6905,0.3095,,False,on_map_at_end
1116,truck,1046.0,,754.0,,1709.562,100.0,513.0,241.0,548.538,,,0.6804,0.3196,,False,on_map_at_end
1117,car,1047.0,,753.0,,652.854,100.0,651.0,102.0,680.615,,,0.8645,0.1355,,False,on_map_at_end
1119,car,1048.0,,752.0,,1201.166,69.0,495.0,257.0,642.848,,,0.6582,0.3418,,False,on_map_at_end
1121,truck,1050.0,,750.0,,1468.648,89.0,516.0,234.0,573.552,,,0.688,0.312,,False,on_map_at_end
1122,car,1049.0,,751.0,,1817.84,100.0,530.0,221.0,585.18,,,0.7057,0.2943,,False,on_map_at_end
1123,car,1049.0,,751.0,,873.272,100.0,618.0,133.0,673.527,,,0.8229,0.1771,,False,on_map_at_end
1129,car,1051.0,,749.0,,1460.779,79.0,430.0,319.0,581.054,,,0.5741,0.4259,,False,on_map_at_end
1132,car,1054.0,,746.0,,1445.777,76.0,442.0,304.0,585.455,,,0.5925,0.4075,,False,on_map_at_end
1133,car,1053.0,,747.0,,2009.867,100.0,516.0,231.0,565.777,,,0.6908,0.3092,,False,on_map_at_end
1134,car,1053.0,,747.0,,1198.637,59.0,569.0,178.0,630.96,,,0.7617,0.2383,,False,on_map_at_end
1136,truck,1054.0,,746.0,,289.127,100.0,698.0,48.0,711.291,,,0.9357,0.0643,,False,on_map_at_end
1137,car,1054.0,,746.0,,2912.565,0.0,302.0,444.0,469.321,,,0.4048,0.5952,,False,on_map_at_end
1140,car,1055.0,,745.0,,1298.016,89.0,512.0,233.0,627.544,,,0.6872,0.3128,,False,on_map_at_end
1142,car,1055.0,,745.0,,1328.904,100.0,579.0,166.0,622.354,,,0.7772,0.2228,,False,on_map_at_end
1143,car,1056.0,,744.0,,1191.136,57.0,564.0,180.0,630.028,,,0.7581,0.2419,,False,on_map_at_end
1145,car,1058.0,,742.0,,1220.906,100.0,592.0,150.0,631.435,,,0.7978,0.2022,,False,on_map_at_end
1146,truck,1058.0,,742.0,,555.361,100.0,593.0,149.0,675.33,,,0.7992,0.2008,,False,on_map_at_end
1148,car,1062.0,,738.0,,1522.357,78.0,447.0,291.0,599.348,,,0.6057,0.3943,,False,on_map_at_end
1149,car,1063.0,,737.0,,1034.269,60.0,492.0,245.0,637.007,,,0.6676,0.3324,,False,on_map_at_end
1150,car,1065.0,,735.0,,1454.211,97.0,533.0,202.0,595.625,,,0.7252,0.2748,,False,on_map_at_end
1156,truck,1067.0,,733.0,,854.279,67.0,497.0,236.0,629.933,,,0.678,0.322,,False,on_map_at_end
1158,car,1068.0,,732.0,,575.912,100.0,633.0,99.0,667.982,,,0.8648,0.1352,,False,on_map_at_end
1159,car,1068.0,,732.0,,1792.741,100.0,515.0,217.0,568.059,,,0.7036,0.2964,,False,on_map_at_end
1161,truck,1069.0,,731.0,,1372.983,53.0,447.0,284.0,559.491,,,0.6115,0.3885,,False,on_map_at_end
1162,car,1069.0,,731.0,,982.088,90.0,563.0,168.0,611.583,,,0.7702,0.2298,,False,on_map_at_end
1163,car,1071.0,,729.0,,1507.355,79.0,450.0,279.0,586.456,,,0.6173,0.3827,,False,on_map_at_end
1164,car,1072.0,,728.0,,1499.854,78.0,443.0,285.0,590.317,,,0.6085,0.3915,,False,on_map_at_end
1165,car,1072.0,,728.0,,893.398,100.0,544.0,184.0,646.15,,,0.7473,0.2527,,False,on_map_at_end
1167,car,1073.0,,727.0,,1155.161,100.0,596.0,131.0,621.552,,,0.8198,0.1802,,False,on_map_at_end
1169,car,1075.0,,725.0,,1637.763,90.0,471.0,254.0,575.64,,,0.6497,0.3503,,False,on_map_at_end
1170,car,1075.0,,725.0,,1074.238,100.0,573.0,152.0,628.318,,,0.7903,0.2097,,False,on_map_at_end
1172,car,1075.0,,725.0,,1316.587,100.0,510.0,215.0,576.671,,,0.7034,0.2966,,False,on_map_at_end
1173,car,1076.0,,724.0,,1461.147,89.0,503.0,221.0,591.758,,,0.6948,0.3052,,False,on_map_at_end
1175,car,1448.0,,352.0,,946.362,52.0,194.0,158.0,266.251,,,0.5511,0.4489,,False,on_map_at_end
1176,truck,1078.0,,722.0,,1097.15,100.0,562.0,160.0,590.159,,,0.7784,0.2216,,False,on_map_at_end
1177,car,1080.0,,720.0,,1410.273,66.0,418.0,302.0,520.179,,,0.5806,0.4194,,False,on_map_at_end
1178,car,1080.0,,720.0,,873.159,100.0,546.0,174.0,641.038,,,0.7583,0.2417,,False,on_map_at_end
1179,car,1080.0,,720.0,,774.211,100.0,618.0,102.0,650.135,,,0.8583,0.1417,,False,on_map_at_end
1180,car,1080.0,,720.0,,915.995,58.0,560.0,160.0,634.107,,,0.7778,0.2222,,False,on_map_at_end
1181,truck,1081.0,,719.0,,372.175,100.0,655.0,64.0,674.321,,,0.911,0.089,,False,on_map_at_end
1182,car,1081.0,,719.0,,1192.566,92.0,525.0,194.0,610.567,,,0.7302,0.2698,,False,on_map_at_end
1184,car,1082.0,,718.0,,2681.529,82.0,307.0,411.0,468.72,,,0.4276,0.5724,,False,on_map_at_end
1186,truck,1082.0,,718.0,,2476.707,76.0,310.0,408.0,420.58,,,0.4318,0.5682,,False,on_map_at_end
1190,car,1084.0,,716.0,,1574.408,51.0,416.0,300.0,556.511,,,0.581,0.419,,False,on_map_at_end
1191,truck,1085.0,,715.0,,2006.375,100.0,405.0,310.0,473.699,,,0.5664,0.4336,,False,on_map_at_end
1193,car,1087.0,,713.0,,940.95,100.0,463.0,250.0,476.029,,,0.6494,0.3506,,False,on_map_at_end
1195,car,1088.0,,712.0,,1350.665,91.0,515.0,197.0,589.713,,,0.7233,0.2767,,False,on_map_at_end
1196,truck,1089.0,,711.0,,1285.482,100.0,521.0,190.0,556.274,,,0.7328,0.2672,,False,on_map_at_end
1197,car,1089.0,,711.0,,1397.018,15.0,426.0,285.0,580.749,,,0.5992,0.4008,,False,on_map_at_end
1198,car,1091.0,,709.0,,831.769,68.0,475.0,234.0,627.243,,,0.67,0.33,,False,on_map_at_end
1199,car,1091.0,,709.0,,1446.137,89.0,517.0,192.0,578.247,,,0.7292,0.2708,,False,on_map_at_end
1203,car,1092.0,,708.0,,1201.76,96.0,518.0,190.0,550.688,,,0.7316,0.2684,,False,on_map_at_end
1205,car,1093.0,,707.0,,2227.991,90.0,336.0,371.0,504.63,,,0.4752,0.5248,,False,on_map_at_end
1206,truck,1095.0,,705.0,,1145.168,78.0,449.0,256.0,567.525,,,0.6369,0.3631,,False,on_map_at_end
1208,car,1095.0,,705.0,,1438.494,89.0,518.0,187.0,575.009,,,0.7348,0.2652,,False,on_map_at_end
1209,car,1095.0,,705.0,,2491.811,63.0,341.0,364.0,462.541,,,0.4837,0.5163,,False,on_map_at_end
1211,truck,1098.0,,702.0,,902.994,50.0,517.0,185.0,593.477,,,0.7365,0.2635,,False,on_map_at_end
1212,car,1098.0,,702.0,,1262.583,100.0,548.0,154.0,587.895,,,0.7806,0.2194,,False,on_map_at_end
1213,car,1098.0,,702.0,,1134.659,100.0,560.0,142.0,599.108,,,0.7977,0.2023,,False,on_map_at_end
1214,car,1098.0,,702.0,,122.974,100.0,670.0,32.0,686.302,,,0.9544,0.0456,,False,on_map_at_end
1215,car,1100.0,,700.0,,1900.484,100.0,481.0,219.0,527.411,,,0.6871,0.3129,,False,on_map_at_end
1216,truck,1101.0,,699.0,,1558.373,88.0,441.0,258.0,511.915,,,0.6309,0.3691,,False,on_map_at_end
1219,car,1102.0,,698.0,,736.849,100.0,599.0,99.0,619.085,,,0.8582,0.1418,,False,on_map_at_end
1220,car,1103.0,,697.0,,1283.014,89.0,472.0,225.0,581.041,,,0.6772,0.3228,,False,on_map_at_end
1221,truck,1103.0,,697.0,,1522.869,88.0,433.0,264.0,514.117,,,0.6212,0.3788,,False,on_map_at_end
1222,car,1104.0,,696.0,,1386.502,100.0,510.0,186.0,570.66,,,0.7328,0.2672,,False,on_map_at_end
1224,car,1105.0,,695.0,,954.084,91.0,495.0,200.0,540.259,,,0.7122,0.2878,,False,on_map_at_end
1227,car,1107.0,,693.0,,2290.986,62.0,339.0,354.0,477.36,,,0.4892,0.5108,,False,on_map_at_end
1228,car,1107.0,,693.0,,260.586,94.0,597.0,96.0,608.87,,,0.8615,0.1385,,False,on_map_at_end
1229,car,1108.0,,692.0,,824.215,66.0,454.0,238.0,605.146,,,0.6561,0.3439,,False,on_map_at_end
1231,truck,1110.0,,690.0,,1023.266,100.0,540.0,150.0,567.06,,,0.7826,0.2174,,False,on_map_at_end
1232,car,1109.0,,691.0,,1395.271,64.0,398.0,293.0,527.975,,,0.576,0.424,,False,on_map_at_end
1233,car,1110.0,,690.0,,1268.138,100.0,509.0,181.0,557.093,,,0.7377,0.2623,,False,on_map_at_end
1235,car,1112.0,,688.0,,796.975,71.0,452.0,236.0,604.694,,,0.657,0.343,,False,on_map_at_end
1236,truck,1110.0,,690.0,,889.993,54.0,514.0,176.0,583.126,,,0.7449,0.2551,,False,on_map_at_end
1237,car,1111.0,,689.0,,1137.254,37.0,432.0,257.0,586.42,,,0.627,0.373,,False,on_map_at_end
1239,car,1111.0,,689.0,,532.857,100.0,556.0,133.0,641.042,,,0.807,0.193,,False,on_map_at_end
1240,car,1111.0,,689.0,,1267.371,100.0,515.0,174.0,572.904,,,0.7475,0.2525,,False,on_map_at_end
1242,car,1112.0,,688.0,,433.37,100.0,564.0,124.0,648.996,,,0.8198,0.1802,,False,on_map_at_end
1243,car,1114.0,,686.0,,1253.135,100.0,502.0,184.0,554.878,,,0.7318,0.2682,,False,on_map_at_end
1245,car,1113.0,,687.0,,641.914,100.0,439.0,248.0,464.829,,,0.639,0.361,,False,on_map_at_end
1246,truck,1115.0,,685.0,,941.083,91.0,487.0,198.0,541.743,,,0.7109,0.2891,,False,on_map_at_end
1247,car,1115.0,,685.0,,1408.413,42.0,415.0,270.0,552.023,,,0.6058,0.3942,,False,on_map_at_end
1250,car,1117.0,,683.0,,1430.559,89.0,494.0,189.0,553.801,,,0.7233,0.2767,,False,on_map_at_end
1254,car,1120.0,,680.0,,548.69,91.0,593.0,87.0,625.258,,,0.8721,0.1279,,False,on_map_at_end
1255,car,1120.0,,680.0,,1877.732,100.0,458.0,222.0,508.019,,,0.6735,0.3265,,False,on_map_at_end
1256,truck,1122.0,,678.0,,1157.633,32.0,488.0,190.0,538.169,,,0.7198,0.2802,,False,on_map_at_end
1257,car,1122.0,,678.0,,1626.846,92.0,486.0,192.0,530.7,,,0.7168,0.2832,,False,on_map_at_end
1258,car,1123.0,,677.0,,860.331,50.0,507.0,170.0,595.027,,,0.7489,0.2511,,False,on_map_at_end
1260,car,1123.0,,677.0,,757.581,70.0,443.0,234.0,593.25,,,0.6544,0.3456,,False,on_map_at_end
1262,car,1124.0,,676.0,,1031.233,100.0,523.0,153.0,582.803,,,0.7737,0.2263,,False,on_map_at_end
1264,car,1125.0,,675.0,,1150.132,28.0,490.0,185.0,563.544,,,0.7259,0.2741,,False,on_map_at_end
1265,car,1125.0,,675.0,,755.427,68.0,460.0,215.0,606.618,,,0.6815,0.3185,,False,on_map_at_end
1266,truck,1127.0,,673.0,,92.449,100.0,649.0,24.0,661.154,,,0.9643,0.0357,,False,on_map_at_end
1267,car,1128.0,,672.0,,1120.47,100.0,516.0,156.0,570.057,,,0.7679,0.2321,,False,on_map_at_end
1268,car,1129.0,,671.0,,702.096,73.0,486.0,185.0,607.714,,,0.7243,0.2757,,False,on_map_at_end
1272,car,1131.0,,669.0,,1113.307,100.0,505.0,164.0,554.772,,,0.7549,0.2451,,False,on_map_at_end
1273,car,1131.0,,669.0,,390.852,100.0,611.0,58.0,633.305,,,0.9133,0.0867,,False,on_map_at_end
1274,car,1133.0,,667.0,,387.981,76.0,512.0,155.0,629.896,,,0.7676,0.2324,,False,on_map_at_end
1275,car,1132.0,,668.0,,2237.6,70.0,332.0,336.0,454.687,,,0.497,0.503,,False,on_map_at_end
1276,truck,1194.0,,606.0,,1436.452,0.0,335.0,271.0,433.104,,,0.5528,0.4472,,False,on_map_at_end
1277,car,1133.0,,667.0,,1795.656,100.0,466.0,201.0,504.923,,,0.6987,0.3013,,False,on_map_at_end
1278,car,1133.0,,667.0,,561.629,91.0,573.0,94.0,609.792,,,0.8591,0.1409,,False,on_map_at_end
1279,car,1134.0,,666.0,,747.319,69.0,428.0,238.0,589.902,,,0.6426,0.3574,,False,on_map_at_end
1280,car,1134.0,,666.0,,1290.45,100.0,494.0,172.0,549.858,,,0.7417,0.2583,,False,on_map_at_end
1281,truck,1135.0,,665.0,,1334.733,85.0,407.0,258.0,504.768,,,0.612,0.388,,False,on_map_at_end
1283,car,1137.0,,663.0,,728.319,76.0,456.0,207.0,591.222,,,0.6878,0.3122,,False,on_map_at_end
1284,car,1139.0,,661.0,,440.957,100.0,582.0,79.0,607.264,,,0.8805,0.1195,,False,on_map_at_end
1285,car,1139.0,,661.0,,720.552,78.0,445.0,216.0,585.933,,,0.6732,0.3268,,False,on_map_at_end
1286,truck,1141.0,,659.0,,406.239,100.0,592.0,67.0,608.058,,,0.8983,0.1017,,False,on_map_at_end
1287,car,1140.0,,660.0,,1258.954,91.0,452.0,208.0,543.537,,,0.6848,0.3152,,False,on_map_at_end
1290,car,1140.0,,660.0,,495.352,98.0,550.0,110.0,615.418,,,0.8333,0.1667,,False,on_map_at_end
1291,truck,1141.0,,659.0,,1012.846,100.0,489.0,170.0,536.939,,,0.742,0.258,,False,on_map_at_end
1292,car,1142.0,,658.0,,933.582,89.0,483.0,175.0,538.905,,,0.734,0.266,,False,on_map_at_end
1295,car,1144.0,,656.0,,639.596,100.0,576.0,80.0,598.233,,,0.878,0.122,,False,on_map_at_end
1296,truck,1144.0,,656.0,,1269.948,100.0,455.0,201.0,503.545,,,0.6936,0.3064,,False,on_map_at_end
1297,car,1145.0,,655.0,,859.989,44.0,508.0,147.0,573.535,,,0.7756,0.2244,,False,on_map_at_end
1298,car,1145.0,,655.0,,1906.737,84.0,369.0,286.0,477.703,,,0.5634,0.4366,,False,on_map_at_end
1299,car,1145.0,,655.0,,500.683,99.0,541.0,114.0,609.938,,,0.826,0.174,,False,on_map_at_end
1301,truck,1146.0,,654.0,,970.937,91.0,503.0,151.0,535.994,,,0.7691,0.2309,,False,on_map_at_end
1304,car,1147.0,,653.0,,503.688,100.0,584.0,69.0,606.179,,,0.8943,0.1057,,False,on_map_at_end
1305,car,1147.0,,653.0,,361.019,80.0,506.0,147.0,615.433,,,0.7749,0.2251,,False,on_map_at_end
1307,car,1468.0,,332.0,,1615.639,0.0,147.0,185.0,186.324,,,0.4428,0.5572,,False,on_map_at_end
1308,car,1149.0,,651.0,,1422.113,90.0,468.0,183.0,522.496,,,0.7189,0.2811,,False,on_map_at_end
1309,car,1149.0,,651.0,,1142.631,27.0,482.0,169.0,540.17,,,0.7404,0.2596,,False,on_map_at_end
1311,truck,1150.0,,650.0,,1206.362,84.0,410.0,240.0,505.179,,,0.6308,0.3692,,False,on_map_at_end
1312,car,1150.0,,650.0,,1204.504,86.0,433.0,217.0,541.507,,,0.6662,0.3338,,False,on_map_at_end
1314,car,1151.0,,649.0,,852.488,44.0,502.0,147.0,566.644,,,0.7735,0.2265,,False,on_map_at_end
1316,truck,1153.0,,647.0,,1115.16,18.0,464.0,183.0,512.34,,,0.7172,0.2828,,False,on_map_at_end
1318,car,1152.0,,648.0,,279.838,78.0,522.0,126.0,620.124,,,0.8056,0.1944,,False,on_map_at_end
1319,car,1154.0,,646.0,,1643.086,100.0,370.0,276.0,462.283,,,0.5728,0.4272,,False,on_map_at_end
1320,car,1155.0,,645.0,,2072.343,91.0,417.0,228.0,454.558,,,0.6465,0.3535,,False,on_map_at_end
1321,truck,1156.0,,644.0,,1659.627,99.0,389.0,255.0,444.683,,,0.604,0.396,,False,on_map_at_end
1323,car,1156.0,,644.0,,1515.368,86.0,392.0,252.0,506.659,,,0.6087,0.3913,,False,on_map_at_end
1326,truck,1158.0,,642.0,,490.687,100.0,562.0,80.0,583.063,,,0.8754,0.1246,,False,on_map_at_end
1327,car,1159.0,,641.0,,692.508,72.0,461.0,180.0,578.349,,,0.7192,0.2808,,False,on_map_at_end
1328,car,1160.0,,640.0,,2630.825,1.0,295.0,345.0,401.068,,,0.4609,0.5391,,False,on_map_at_end
1331,truck,1161.0,,639.0,,1359.766,58.0,365.0,274.0,446.195,,,0.5712,0.4288,,False,on_map_at_end
1333,car,1161.0,,639.0,,1757.831,100.0,439.0,200.0,479.771,,,0.687,0.313,,False,on_map_at_end
1336,truck,1164.0,,636.0,,1079.465,100.0,470.0,166.0,506.078,,,0.739,0.261,,False,on_map_at_end
1337,car,1164.0,,636.0,,1251.02,100.0,467.0,169.0,521.623,,,0.7343,0.2657,,False,on_map_at_end
1338,car,1165.0,,635.0,,1361.014,94.0,439.0,196.0,511.778,,,0.6913,0.3087,,False,on_map_at_end
1339,car,1165.0,,635.0,,1742.58,100.0,433.0,202.0,476.091,,,0.6819,0.3181,,False,on_map_at_end
1341,truck,1167.0,,633.0,,1339.031,95.0,422.0,211.0,471.81,,,0.6667,0.3333,,False,on_map_at_end
1342,car,1167.0,,633.0,,1046.355,89.0,480.0,153.0,538.372,,,0.7583,0.2417,,False,on_map_at_end
1343,car,1167.0,,633.0,,1071.964,100.0,468.0,165.0,535.339,,,0.7393,0.2607,,False,on_map_at_end
1347,car,1170.0,,630.0,,677.203,69.0,438.0,192.0,568.631,,,0.6952,0.3048,,False,on_map_at_end
1348,car,1173.0,,627.0,,963.435,91.0,499.0,128.0,534.953,,,0.7959,0.2041,,False,on_map_at_end
1349,car,1173.0,,627.0,,1301.941,39.0,400.0,227.0,492.556,,,0.638,0.362,,False,on_map_at_end
1350,car,1175.0,,625.0,,1710.229,100.0,427.0,198.0,470.377,,,0.6832,0.3168,,False,on_map_at_end
1351,truck,1177.0,,623.0,,1453.861,72.0,356.0,267.0,448.467,,,0.5714,0.4286,,False,on_map_at_end
1352,car,1177.0,,623.0,,1263.279,39.0,392.0,231.0,487.892,,,0.6292,0.3708,,False,on_map_at_end
1353,car,1177.0,,623.0,,1533.864,85.0,379.0,244.0,471.954,,,0.6083,0.3917,,False,on_map_at_end
1356,truck,1180.0,,620.0,,1918.066,52.0,273.0,347.0,389.593,,,0.4403,0.5597,,False,on_map_at_end
1358,car,1181.0,,619.0,,938.719,100.0,477.0,142.0,527.144,,,0.7706,0.2294,,False,on_map_at_end
1362,car,1186.0,,614.0,,716.31,100.0,486.0,128.0,520.908,,,0.7915,0.2085,,False,on_map_at_end
1363,car,1186.0,,614.0,,1316.133,97.0,447.0,167.0,495.11,,,0.728,0.272,,False,on_map_at_end
1365,car,1187.0,,613.0,,264.836,73.0,489.0,124.0,585.234,,,0.7977,0.2023,,False,on_map_at_end
1366,truck,1188.0,,612.0,,1593.547,100.0,383.0,229.0,420.274,,,0.6258,0.3742,,False,on_map_at_end
1367,car,1188.0,,612.0,,1254.946,100.0,438.0,174.0,499.054,,,0.7157,0.2843,,False,on_map_at_end
1368,car,1188.0,,612.0,,401.574,72.0,449.0,163.0,575.422,,,0.7337,0.2663,,False,on_map_at_end
1369,car,1190.0,,610.0,,199.327,61.0,523.0,87.0,589.64,,,0.8574,0.1426,,False,on_map_at_end
1370,car,1190.0,,610.0,,926.081,89.0,444.0,166.0,483.675,,,0.7279,0.2721,,False,on_map_at_end
1371,truck,1190.0,,610.0,,79.448,100.0,586.0,24.0,600.197,,,0.9607,0.0393,,False,on_map_at_end
1373,car,1190.0,,610.0,,978.873,100.0,483.0,127.0,519.77,,,0.7918,0.2082,,False,on_map_at_end
1374,car,1191.0,,609.0,,156.32,71.0,529.0,80.0,589.602,,,0.8686,0.1314,,False,on_map_at_end
1375,car,1191.0,,609.0,,314.167,100.0,552.0,57.0,574.9,,,0.9064,0.0936,,False,on_map_at_end
1376,truck,1191.0,,609.0,,1989.545,100.0,325.0,284.0,369.337,,,0.5337,0.4663,,False,on_map_at_end
1377,car,1739.0,,61.0,,394.449,16.0,16.0,45.0,22.733,,,0.2623,0.7377,,False,on_map_at_end
1378,car,1191.0,,609.0,,656.701,68.0,437.0,172.0,549.705,,,0.7176,0.2824,,False,on_map_at_end
1380,car,1194.0,,606.0,,581.589,100.0,521.0,85.0,553.252,,,0.8597,0.1403,,False,on_map_at_end
1381,truck,1194.0,,606.0,,2074.334,58.0,253.0,353.0,356.98,,,0.4175,0.5825,,False,on_map_at_end
1382,car,1195.0,,605.0,,1352.265,60.0,346.0,259.0,426.869,,,0.5719,0.4281,,False,on_map_at_end
1386,truck,1199.0,,601.0,,1470.249,100.0,401.0,200.0,421.848,,,0.6672,0.3328,,False,on_map_at_end
1388,car,1201.0,,599.0,,1486.744,99.0,417.0,182.0,464.342,,,0.6962,0.3038,,False,on_map_at_end
1390,car,1201.0,,599.0,,844.987,45.0,470.0,129.0,517.293,,,0.7846,0.2154,,False,on_map_at_end
1391,truck,1202.0,,598.0,,637.504,100.0,472.0,126.0,510.872,,,0.7893,0.2107,,False,on_map_at_end
1392,car,1202.0,,598.0,,1130.133,100.0,465.0,133.0,495.528,,,0.7776,0.2224,,False,on_map_at_end
1394,car,1203.0,,597.0,,334.845,100.0,537.0,60.0,566.262,,,0.8995,0.1005,,False,on_map_at_end
1395,car,1203.0,,597.0,,559.342,100.0,503.0,94.0,538.092,,,0.8425,0.1575,,False,on_map_at_end
1396,truck,1204.0,,596.0,,576.905,72.0,441.0,155.0,526.103,,,0.7399,0.2601,,False,on_map_at_end
1397,car,1204.0,,596.0,,1623.483,100.0,359.0,237.0,444.605,,,0.6023,0.3977,,False,on_map_at_end
1399,car,1207.0,,593.0,,1363.998,100.0,422.0,171.0,469.832,,,0.7116,0.2884,,False,on_map_at_end
1402,car,1209.0,,591.0,,327.344,100.0,533.0,58.0,561.07,,,0.9019,0.0981,,False,on_map_at_end
1405,car,1212.0,,588.0,,1707.942,92.0,333.0,255.0,431.607,,,0.5663,0.4337,,False,on_map_at_end
1406,truck,1213.0,,587.0,,1362.186,98.0,377.0,210.0,422.125,,,0.6422,0.3578,,False,on_map_at_end
1407,car,1213.0,,587.0,,1725.198,100.0,403.0,184.0,430.777,,,0.6865,0.3135,,False,on_map_at_end
1409,car,1233.0,,567.0,,350.623,74.0,419.0,148.0,535.368,,,0.739,0.261,,False,on_map_at_end
1410,car,1214.0,,586.0,,1122.129,27.0,444.0,142.0,478.858,,,0.7577,0.2423,,False,on_map_at_end
1411,truck,1215.0,,585.0,,1316.75,65.0,324.0,261.0,403.181,,,0.5538,0.4462,,False,on_map_at_end
1413,car,1215.0,,585.0,,970.759,100.0,468.0,117.0,497.223,,,0.8,0.2,,False,on_map_at_end
1414,car,1218.0,,582.0,,2216.165,74.0,262.0,320.0,380.142,,,0.4502,0.5498,,False,on_map_at_end
1415,car,1218.0,,582.0,,1114.628,24.0,438.0,144.0,473.916,,,0.7526,0.2474,,False,on_map_at_end
1416,truck,1651.0,,149.0,,152.009,65.0,87.0,62.0,130.752,,,0.5839,0.4161,,False,on_map_at_end
1417,car,1219.0,,581.0,,2184.182,55.0,244.0,337.0,383.93,,,0.42,0.58,,False,on_map_at_end
1418,car,1219.0,,581.0,,1224.162,100.0,378.0,203.0,469.905,,,0.6506,0.3494,,False,on_map_at_end
1421,truck,1220.0,,580.0,,1286.089,76.0,333.0,247.0,400.842,,,0.5741,0.4259,,False,on_map_at_end
1423,car,1221.0,,579.0,,2112.497,94.0,332.0,247.0,374.444,,,0.5734,0.4266,,False,on_map_at_end
1425,car,1221.0,,579.0,,2675.296,73.0,214.0,365.0,335.731,,,0.3696,0.6304,,False,on_map_at_end
1426,truck,1222.0,,578.0,,118.079,89.0,517.0,61.0,563.816,,,0.8945,0.1055,,False,on_map_at_end
1427,car,1237.0,,563.0,,1758.514,100.0,321.0,242.0,403.531,,,0.5702,0.4298,,False,on_map_at_end
1428,car,1224.0,,576.0,,569.404,69.0,426.0,150.0,511.87,,,0.7396,0.2604,,False,on_map_at_end
1433,car,1230.0,,570.0,,1704.498,67.0,301.0,269.0,416.186,,,0.5281,0.4719,,False,on_map_at_end
1434,car,1232.0,,568.0,,893.788,59.0,401.0,167.0,486.312,,,0.706,0.294,,False,on_map_at_end
1435,car,1232.0,,568.0,,1351.592,97.0,406.0,162.0,445.548,,,0.7148,0.2852,,False,on_map_at_end
1436,truck,1233.0,,567.0,,914.93,89.0,430.0,137.0,456.896,,,0.7584,0.2416,,False,on_map_at_end
1437,car,1233.0,,567.0,,649.2,68.0,411.0,156.0,508.408,,,0.7249,0.2751,,False,on_map_at_end
1438,car,1234.0,,566.0,,1642.485,2.0,311.0,255.0,398.459,,,0.5495,0.4505,,False,on_map_at_end
1439,car,1234.0,,566.0,,2104.996,94.0,338.0,228.0,374.512,,,0.5972,0.4028,,False,on_map_at_end
1440,car,1235.0,,565.0,,1696.997,64.0,283.0,282.0,411.947,,,0.5009,0.4991,,False,on_map_at_end
1441,truck,1236.0,,564.0,,1180.376,100.0,405.0,159.0,422.072,,,0.7181,0.2819,,False,on_map_at_end
1445,car,1239.0,,561.0,,554.402,66.0,412.0,149.0,504.162,,,0.7344,0.2656,,False,on_map_at_end
1446,truck,1239.0,,561.0,,1260.905,100.0,364.0,197.0,409.631,,,0.6488,0.3512,,False,on_map_at_end
1447,car,1240.0,,560.0,,1253.404,100.0,363.0,197.0,447.193,,,0.6482,0.3518,,False,on_map_at_end
1449,car,1241.0,,559.0,,319.843,100.0,503.0,56.0,529.538,,,0.8998,0.1002,,False,on_map_at_end
1451,truck,1243.0,,557.0,,404.856,100.0,479.0,78.0,508.398,,,0.86,0.14,,False,on_map_at_end
1453,car,1243.0,,557.0,,1701.576,100.0,355.0,202.0,401.161,,,0.6373,0.3627,,False,on_map_at_end
1455,car,1249.0,,551.0,,1631.846,73.0,268.0,283.0,401.247,,,0.4864,0.5136,,False,on_map_at_end
1456,truck,1249.0,,551.0,,395.812,100.0,471.0,80.0,503.484,,,0.8548,0.1452,,False,on_map_at_end
1459,car,1251.0,,549.0,,263.661,100.0,495.0,54.0,522.389,,,0.9016,0.0984,,False,on_map_at_end
1460,car,1251.0,,549.0,,1258.086,71.0,314.0,235.0,395.67,,,0.5719,0.4281,,False,on_map_at_end
1461,truck,1254.0,,546.0,,2204.265,0.0,230.0,316.0,280.105,,,0.4212,0.5788,,False,on_map_at_end
1463,car,1255.0,,545.0,,539.399,62.0,400.0,145.0,488.85,,,0.7339,0.2661,,False,on_map_at_end
1466,truck,1260.0,,540.0,,935.868,100.0,392.0,148.0,427.592,,,0.7259,0.2741,,False,on_map_at_end
1467,car,1264.0,,536.0,,887.828,100.0,402.0,134.0,442.892,,,0.75,0.25,,False,on_map_at_end
1468,car,1264.0,,536.0,,1558.339,96.0,365.0,171.0,394.022,,,0.681,0.319,,False,on_map_at_end
1469,car,1265.0,,535.0,,797.71,100.0,421.0,114.0,451.807,,,0.7869,0.2131,,False,on_map_at_end
1470,car,1265.0,,535.0,,608.297,100.0,409.0,126.0,456.672,,,0.7645,0.2355,,False,on_map_at_end
1472,car,1267.0,,533.0,,1296.489,94.0,361.0,172.0,416.315,,,0.6773,0.3227,,False,on_map_at_end
1473,car,1269.0,,531.0,,641.699,68.0,386.0,145.0,473.246,,,0.7269,0.2731,,False,on_map_at_end
1474,car,1269.0,,531.0,,1175.369,69.0,305.0,226.0,424.962,,,0.5744,0.4256,,False,on_map_at_end
1476,truck,1272.0,,528.0,,546.759,100.0,433.0,95.0,462.227,,,0.8201,0.1799,,False,on_map_at_end
1477,car,1273.0,,527.0,,1223.4,100.0,359.0,168.0,416.893,,,0.6812,0.3188,,False,on_map_at_end
1478,car,1274.0,,526.0,,1215.899,100.0,353.0,173.0,416.568,,,0.6711,0.3289,,False,on_map_at_end
1481,truck,1275.0,,525.0,,1211.426,11.0,275.0,250.0,379.265,,,0.5238,0.4762,,False,on_map_at_end
1482,car,1276.0,,524.0,,1422.903,57.0,258.0,266.0,395.924,,,0.4924,0.5076,,False,on_map_at_end
1483,car,1279.0,,521.0,,1578.545,100.0,337.0,184.0,377.998,,,0.6468,0.3532,,False,on_map_at_end
1484,car,1280.0,,520.0,,471.577,100.0,439.0,81.0,476.782,,,0.8442,0.1558,,False,on_map_at_end
1486,truck,1282.0,,518.0,,1652.358,87.0,276.0,242.0,319.033,,,0.5328,0.4672,,False,on_map_at_end
1490,car,1284.0,,516.0,,1416.356,62.0,265.0,251.0,387.868,,,0.5136,0.4864,,False,on_map_at_end
1491,truck,1284.0,,516.0,,1273.987,73.0,303.0,213.0,363.06,,,0.5872,0.4128,,False,on_map_at_end
1492,car,1285.0,,515.0,,1092.627,100.0,384.0,131.0,416.04,,,0.7456,0.2544,,False,on_map_at_end
1493,car,1286.0,,514.0,,1284.477,100.0,374.0,140.0,396.348,,,0.7276,0.2724,,False,on_map_at_end
1496,truck,1289.0,,511.0,,1390.786,100.0,325.0,186.0,343.899,,,0.636,0.364,,False,on_map_at_end
1497,car,1289.0,,511.0,,1571.044,100.0,330.0,181.0,368.844,,,0.6458,0.3542,,False,on_map_at_end
1498,car,1290.0,,510.0,,1829.913,72.0,217.0,293.0,336.835,,,0.4255,0.5745,,False,on_map_at_end
1499,car,1291.0,,509.0,,829.985,51.0,395.0,114.0,423.387,,,0.776,0.224,,False,on_map_at_end
1500,car,1291.0,,509.0,,545.051,76.0,407.0,102.0,451.499,,,0.7996,0.2004,,False,on_map_at_end
1501,truck,1291.0,,509.0,,516.337,100.0,419.0,90.0,445.928,,,0.8232,0.1768,,False,on_map_at_end
1506,truck,1298.0,,502.0,,429.987,100.0,426.0,76.0,450.381,,,0.8486,0.1514,,False,on_map_at_end
1507,car,1300.0,,500.0,,1232.952,14.0,254.0,246.0,376.102,,,0.508,0.492,,False,on_map_at_end
1508,car,1300.0,,500.0,,110.578,87.0,439.0,61.0,487.055,,,0.878,0.122,,False,on_map_at_end
1509,car,1301.0,,499.0,,1234.444,99.0,345.0,154.0,387.899,,,0.6914,0.3086,,False,on_map_at_end
1511,truck,1301.0,,499.0,,1780.971,100.0,227.0,272.0,284.326,,,0.4549,0.5451,,False,on_map_at_end
1513,car,1306.0,,494.0,,1062.623,98.0,368.0,126.0,397.68,,,0.7449,0.2551,,False,on_map_at_end
1514,car,1307.0,,493.0,,1563.543,100.0,306.0,187.0,350.696,,,0.6207,0.3793,,False,on_map_at_end
1515,car,1308.0,,492.0,,778.796,100.0,382.0,110.0,408.886,,,0.7764,0.2236,,False,on_map_at_end
1516,truck,1308.0,,492.0,,1074.816,18.0,335.0,157.0,356.832,,,0.6809,0.3191,,False,on_map_at_end
1518,car,1309.0,,491.0,,1976.156,100.0,277.0,214.0,312.961,,,0.5642,0.4358,,False,on_map_at_end
1520,car,1313.0,,487.0,,1113.601,100.0,311.0,176.0,383.497,,,0.6386,0.3614,,False,on_map_at_end
1522,car,1311.0,,489.0,,1765.72,100.0,249.0,240.0,329.178,,,0.5092,0.4908,,False,on_map_at_end
1524,car,1314.0,,486.0,,442.349,100.0,422.0,64.0,446.078,,,0.8683,0.1317,,False,on_map_at_end
1527,car,1317.0,,483.0,,1126.961,95.0,338.0,145.0,373.849,,,0.6998,0.3002,,False,on_map_at_end
1529,car,1318.0,,482.0,,1373.351,54.0,232.0,250.0,357.668,,,0.4813,0.5187,,False,on_map_at_end
1531,truck,1319.0,,481.0,,1202.898,100.0,280.0,201.0,336.595,,,0.5821,0.4179,,False,on_map_at_end
1533,car,1690.0,,110.0,,419.269,62.0,61.0,49.0,71.414,,,0.5545,0.4455,,False,on_map_at_end
1534,car,1320.0,,480.0,,826.471,100.0,354.0,126.0,382.205,,,0.7375,0.2625,,False,on_map_at_end
1535,car,1322.0,,478.0,,1174.894,100.0,286.0,192.0,372.258,,,0.5983,0.4017,,False,on_map_at_end
1537,car,1323.0,,477.0,,1229.555,15.0,231.0,246.0,354.216,,,0.4843,0.5157,,False,on_map_at_end
1540,car,1328.0,,472.0,,1493.568,96.0,250.0,222.0,312.829,,,0.5297,0.4703,,False,on_map_at_end
1543,car,1330.0,,470.0,,477.619,89.0,391.0,79.0,421.434,,,0.8319,0.1681,,False,on_map_at_end
1544,car,1330.0,,470.0,,1435.337,71.0,228.0,242.0,340.67,,,0.4851,0.5149,,False,on_map_at_end
1545,car,1332.0,,468.0,,1984.04,93.0,204.0,264.0,288.223,,,0.4359,0.5641,,False,on_map_at_end
1546,truck,1334.0,,466.0,,1783.455,59.0,149.0,317.0,251.443,,,0.3197,0.6803,,False,on_map_at_end
1547,car,1334.0,,466.0,,2135.805,88.0,184.0,282.0,259.211,,,0.3948,0.6052,,False,on_map_at_end
1548,car,1335.0,,465.0,,1952.335,100.0,247.0,218.0,288.673,,,0.5312,0.4688,,False,on_map_at_end
1549,car,1335.0,,465.0,,496.394,59.0,338.0,127.0,411.112,,,0.7269,0.2731,,False,on_map_at_end
1550,car,1336.0,,464.0,,1684.706,48.0,189.0,275.0,304.991,,,0.4073,0.5927,,False,on_map_at_end
1551,truck,1336.0,,464.0,,1803.588,69.0,178.0,286.0,245.792,,,0.3836,0.6164,,False,on_map_at_end
1553,car,1338.0,,462.0,,282.338,100.0,418.0,44.0,435.918,,,0.9048,0.0952,,False,on_map_at_end
1554,car,1339.0,,461.0,,626.697,67.0,315.0,146.0,404.409,,,0.6833,0.3167,,False,on_map_at_end
1556,truck,1340.0,,460.0,,2183.085,94.0,164.0,296.0,197.214,,,0.3565,0.6435,,False,on_map_at_end
1558,car,1341.0,,459.0,,1178.269,70.0,250.0,209.0,352.405,,,0.5447,0.4553,,False,on_map_at_end
1559,car,1342.0,,458.0,,1613.219,100.0,251.0,207.0,311.779,,,0.548,0.452,,False,on_map_at_end
1561,truck,1343.0,,457.0,,768.979,52.0,335.0,122.0,364.686,,,0.733,0.267,,False,on_map_at_end
1562,car,1343.0,,457.0,,351.068,67.0,339.0,118.0,425.068,,,0.7418,0.2582,,False,on_map_at_end
1564,car,1344.0,,456.0,,761.478,50.0,329.0,127.0,378.536,,,0.7215,0.2785,,False,on_map_at_end
1566,truck,1347.0,,453.0,,1212.754,68.0,246.0,207.0,307.411,,,0.543,0.457,,False,on_map_at_end
1567,car,1347.0,,453.0,,1390.882,88.0,237.0,216.0,282.95,,,0.5232,0.4768,,False,on_map_at_end
1568,car,1348.0,,452.0,,179.86,65.0,382.0,70.0,435.314,,,0.8451,0.1549,,False,on_map_at_end
1569,car,1348.0,,452.0,,1077.49,53.0,225.0,227.0,354.76,,,0.4978,0.5022,,False,on_map_at_end
1571,truck,1349.0,,451.0,,1162.939,59.0,217.0,234.0,310.605,,,0.4812,0.5188,,False,on_map_at_end
1572,car,1350.0,,450.0,,488.893,56.0,323.0,127.0,403.096,,,0.7178,0.2822,,False,on_map_at_end
1573,car,1351.0,,449.0,,1167.393,100.0,274.0,175.0,343.934,,,0.6102,0.3898,,False,on_map_at_end
1575,car,1352.0,,448.0,,1242.577,100.0,249.0,199.0,334.914,,,0.5558,0.4442,,False,on_map_at_end
1578,car,1354.0,,446.0,,103.077,85.0,389.0,57.0,435.236,,,0.8722,0.1278,,False,on_map_at_end
1579,car,1355.0,,445.0,,95.576,84.0,386.0,59.0,433.324,,,0.8674,0.1326,,False,on_map_at_end
1580,car,1355.0,,445.0,,753.977,48.0,325.0,120.0,372.946,,,0.7303,0.2697,,False,on_map_at_end
1582,car,1358.0,,442.0,,2452.164,76.0,107.0,335.0,203.373,,,0.2421,0.7579,,False,on_map_at_end
1583,car,1358.0,,442.0,,422.486,100.0,381.0,61.0,403.976,,,0.862,0.138,,False,on_map_at_end
1584,car,1362.0,,438.0,,1937.333,100.0,241.0,197.0,263.09,,,0.5502,0.4498,,False,on_map_at_end
1586,truck,1365.0,,435.0,,1319.838,100.0,229.0,206.0,275.924,,,0.5264,0.4736,,False,on_map_at_end
1587,car,1365.0,,435.0,,642.47,48.0,323.0,112.0,367.051,,,0.7425,0.2575,,False,on_map_at_end
1590,car,1367.0,,433.0,,746.476,48.0,320.0,113.0,360.155,,,0.739,0.261,,False,on_map_at_end
1592,car,1368.0,,432.0,,619.196,67.0,285.0,147.0,375.831,,,0.6597,0.3403,,False,on_map_at_end
1593,car,1369.0,,431.0,,1198.544,13.0,196.0,235.0,299.314,,,0.4548,0.5452,,False,on_map_at_end
1594,car,1369.0,,431.0,,1226.943,97.0,275.0,156.0,320.574,,,0.6381,0.3619,,False,on_map_at_end
1596,truck,1370.0,,430.0,,733.475,49.0,307.0,123.0,341.948,,,0.714,0.286,,False,on_map_at_end
1599,car,1371.0,,429.0,,1037.333,100.0,308.0,121.0,334.684,,,0.7179,0.2821,,False,on_map_at_end
1603,car,1373.0,,427.0,,1026.145,100.0,311.0,116.0,333.139,,,0.7283,0.2717,,False,on_map_at_end
1604,car,1375.0,,425.0,,1176.544,100.0,252.0,173.0,304.546,,,0.5929,0.4071,,False,on_map_at_end
1605,car,1378.0,,422.0,,804.784,100.0,317.0,105.0,349.266,,,0.7512,0.2488,,False,on_map_at_end
1606,truck,1376.0,,424.0,,1602.497,100.0,209.0,215.0,231.18,,,0.4929,0.5071,,False,on_map_at_end
1607,car,1380.0,,420.0,,872.419,96.0,272.0,148.0,298.417,,,0.6476,0.3524,,False,on_map_at_end
1608,car,1380.0,,420.0,,788.107,100.0,279.0,141.0,349.07,,,0.6643,0.3357,,False,on_map_at_end
1609,car,1381.0,,419.0,,430.218,74.0,307.0,112.0,374.532,,,0.7327,0.2673,,False,on_map_at_end
1610,car,1381.0,,419.0,,220.656,100.0,381.0,38.0,397.449,,,0.9093,0.0907,,False,on_map_at_end
1611,truck,1381.0,,419.0,,1122.029,91.0,255.0,164.0,284.167,,,0.6086,0.3914,,False,on_map_at_end
1614,car,1382.0,,418.0,,899.928,90.0,299.0,119.0,331.809,,,0.7153,0.2847,,False,on_map_at_end
1615,car,1383.0,,417.0,,2243.458,55.0,114.0,303.0,209.241,,,0.2734,0.7266,,False,on_map_at_end
1616,truck,1383.0,,417.0,,949.429,100.0,289.0,128.0,302.577,,,0.693,0.307,,False,on_map_at_end
1617,car,1383.0,,417.0,,1182.769,14.0,189.0,228.0,298.268,,,0.4532,0.5468,,False,on_map_at_end
1618,car,1384.0,,416.0,,1195.495,13.0,185.0,231.0,296.569,,,0.4447,0.5553,,False,on_map_at_end
1619,car,1386.0,,414.0,,612.466,65.0,321.0,93.0,350.536,,,0.7754,0.2246,,False,on_map_at_end
1620,car,1387.0,,413.0,,1160.784,69.0,204.0,209.0,268.948,,,0.4939,0.5061,,False,on_map_at_end
1621,truck,1388.0,,412.0,,1252.076,80.0,223.0,189.0,261.166,,,0.5413,0.4587,,False,on_map_at_end
1622,car,1391.0,,409.0,,725.974,48.0,300.0,109.0,339.805,,,0.7335,0.2665,,False,on_map_at_end
1623,car,1391.0,,409.0,,1605.433,19.0,191.0,218.0,258.719,,,0.467,0.533,,False,on_map_at_end
1625,car,1392.0,,408.0,,1112.091,100.0,276.0,132.0,307.413,,,0.6765,0.3235,,False,on_map_at_end
1627,car,1395.0,,405.0,,1103.886,94.0,252.0,153.0,305.649,,,0.6222,0.3778,,False,on_map_at_end
1628,car,1693.0,,107.0,,411.768,60.0,59.0,48.0,69.031,,,0.5514,0.4486,,False,on_map_at_end
1629,car,1395.0,,405.0,,384.009,73.0,305.0,100.0,360.907,,,0.7531,0.2469,,False,on_map_at_end
1630,car,1396.0,,404.0,,1139.863,63.0,227.0,177.0,292.555,,,0.5619,0.4381,,False,on_map_at_end
1631,truck,1398.0,,402.0,,990.052,100.0,241.0,161.0,282.203,,,0.5995,0.4005,,False,on_map_at_end
1632,car,1398.0,,402.0,,1029.832,100.0,288.0,114.0,308.57,,,0.7164,0.2836,,False,on_map_at_end
1633,car,1398.0,,402.0,,376.507,71.0,295.0,107.0,360.2,,,0.7338,0.2662,,False,on_map_at_end
1634,car,1398.0,,402.0,,88.075,83.0,352.0,50.0,391.129,,,0.8756,0.1244,,False,on_map_at_end
1635,car,1399.0,,401.0,,1365.697,100.0,260.0,141.0,277.745,,,0.6484,0.3516,,False,on_map_at_end
1636,truck,1401.0,,399.0,,865.706,13.0,212.0,187.0,294.9,,,0.5313,0.4687,,False,on_map_at_end
1638,car,1402.0,,398.0,,864.918,95.0,267.0,131.0,289.371,,,0.6709,0.3291,,False,on_map_at_end
1639,car,1634.0,,166.0,,467.889,49.0,95.0,71.0,107.575,,,0.5723,0.4277,,False,on_map_at_end
1640,car,1405.0,,395.0,,1342.519,45.0,179.0,216.0,271.86,,,0.4532,0.5468,,False,on_map_at_end
1641,truck,1405.0,,395.0,,1213.942,96.0,205.0,190.0,249.269,,,0.519,0.481,,False,on_map_at_end
1642,car,1407.0,,393.0,,1858.232,53.0,111.0,282.0,221.377,,,0.2824,0.7176,,False,on_map_at_end
1643,car,1407.0,,393.0,,71.947,100.0,375.0,18.0,384.353,,,0.9542,0.0458,,False,on_map_at_end
1644,car,1409.0,,391.0,,911.309,90.0,234.0,157.0,308.161,,,0.5985,0.4015,,False,on_map_at_end
1645,car,1409.0,,391.0,,718.473,47.0,281.0,110.0,324.584,,,0.7187,0.2813,,False,on_map_at_end
1647,car,1410.0,,390.0,,710.972,47.0,280.0,110.0,320.773,,,0.7179,0.2821,,False,on_map_at_end
1649,car,1412.0,,388.0,,610.736,78.0,290.0,98.0,316.216,,,0.7474,0.2526,,False,on_map_at_end
1650,car,1412.0,,388.0,,683.919,56.0,286.0,102.0,322.48,,,0.7371,0.2629,,False,on_map_at_end
1652,car,1415.0,,385.0,,1025.601,72.0,204.0,181.0,290.346,,,0.5299,0.4701,,False,on_map_at_end
1653,car,1415.0,,385.0,,1383.381,87.0,182.0,203.0,224.002,,,0.4727,0.5273,,False,on_map_at_end
1654,car,1415.0,,385.0,,80.574,82.0,332.0,53.0,376.226,,,0.8623,0.1377,,False,on_map_at_end
1656,truck,1417.0,,383.0,,756.653,67.0,240.0,143.0,292.165,,,0.6266,0.3734,,False,on_map_at_end
1658,car,1422.0,,378.0,,1325.506,51.0,160.0,218.0,254.776,,,0.4233,0.5767,,False,on_map_at_end
1659,car,1422.0,,378.0,,1489.968,100.0,216.0,162.0,243.125,,,0.5714,0.4286,,False,on_map_at_end
1660,car,1423.0,,377.0,,734.598,69.0,246.0,131.0,310.226,,,0.6525,0.3475,,False,on_map_at_end
1662,car,1424.0,,376.0,,1957.918,1.0,155.0,221.0,194.84,,,0.4122,0.5878,,False,on_map_at_end
1665,car,1426.0,,374.0,,1139.925,69.0,221.0,153.0,270.344,,,0.5909,0.4091,,False,on_map_at_end
1666,truck,1427.0,,373.0,,67.573,82.0,322.0,51.0,364.405,,,0.8633,0.1367,,False,on_map_at_end
1667,car,1766.0,,34.0,,5.229,31.0,30.0,4.0,33.403,,,0.8824,0.1176,,False,on_map_at_end
1668,car,1430.0,,370.0,,859.267,93.0,263.0,107.0,288.678,,,0.7108,0.2892,,False,on_map_at_end
1669,car,1431.0,,369.0,,911.868,100.0,263.0,106.0,285.936,,,0.7127,0.2873,,False,on_map_at_end
1670,car,1431.0,,369.0,,1136.091,71.0,173.0,196.0,225.802,,,0.4688,0.5312,,False,on_map_at_end
1672,car,1432.0,,368.0,,706.303,36.0,217.0,151.0,294.406,,,0.5897,0.4103,,False,on_map_at_end
1673,car,1432.0,,368.0,,1687.547,82.0,133.0,235.0,204.745,,,0.3614,0.6386,,False,on_map_at_end
1674,car,1434.0,,366.0,,668.169,51.0,258.0,108.0,292.883,,,0.7049,0.2951,,False,on_map_at_end
1675,car,1434.0,,366.0,,250.615,100.0,323.0,43.0,343.444,,,0.8825,0.1175,,False,on_map_at_end
1676,truck,1436.0,,364.0,,829.414,93.0,218.0,146.0,243.235,,,0.5989,0.4011,,False,on_map_at_end
1677,car,1437.0,,363.0,,660.668,52.0,257.0,106.0,299.003,,,0.708,0.292,,False,on_map_at_end
1678,car,1439.0,,361.0,,1156.971,70.0,201.0,160.0,256.872,,,0.5568,0.4432,,False,on_map_at_end
1679,car,1439.0,,361.0,,653.167,51.0,255.0,106.0,299.045,,,0.7064,0.2936,,False,on_map_at_end
1680,car,1440.0,,360.0,,348.969,95.0,314.0,46.0,322.41,,,0.8722,0.1278,,False,on_map_at_end
1681,truck,1440.0,,360.0,,963.726,51.0,185.0,175.0,244.305,,,0.5139,0.4861,,False,on_map_at_end
1682,car,1440.0,,360.0,,1503.472,54.0,113.0,247.0,216.841,,,0.3139,0.6861,,False,on_map_at_end
1683,car,1440.0,,360.0,,366.48,100.0,290.0,70.0,327.017,,,0.8056,0.1944,,False,on_map_at_end
1684,car,1441.0,,359.0,,987.689,67.0,226.0,133.0,269.796,,,0.6295,0.3705,,False,on_map_at_end
1688,car,1444.0,,356.0,,369.004,68.0,260.0,96.0,318.113,,,0.7303,0.2697,,False,on_map_at_end
1689,car,1445.0,,355.0,,1014.837,100.0,237.0,118.0,261.174,,,0.6676,0.3324,,False,on_map_at_end
1690,car,1445.0,,355.0,,1562.977,57.0,118.0,237.0,206.431,,,0.3324,0.6676,,False,on_map_at_end
1691,truck,1445.0,,355.0,,386.813,100.0,290.0,65.0,308.564,,,0.8169,0.1831,,False,on_map_at_end
1692,car,1446.0,,354.0,,988.808,100.0,242.0,112.0,262.147,,,0.6836,0.3164,,False,on_map_at_end
1693,car,1446.0,,354.0,,611.695,67.0,213.0,141.0,298.592,,,0.6017,0.3983,,False,on_map_at_end
1694,car,1446.0,,354.0,,851.766,93.0,257.0,97.0,272.658,,,0.726,0.274,,False,on_map_at_end
1695,car,1447.0,,353.0,,446.418,94.0,285.0,68.0,296.304,,,0.8074,0.1926,,False,on_map_at_end
1699,car,1449.0,,351.0,,844.265,93.0,255.0,96.0,272.405,,,0.7265,0.2735,,False,on_map_at_end
1700,car,1450.0,,350.0,,883.944,47.0,204.0,146.0,268.646,,,0.5829,0.4171,,False,on_map_at_end
1701,truck,1451.0,,349.0,,1346.474,93.0,158.0,191.0,186.907,,,0.4527,0.5473,,False,on_map_at_end
1703,car,1451.0,,349.0,,60.072,79.0,297.0,52.0,342.091,,,0.851,0.149,,False,on_map_at_end
1704,car,1452.0,,348.0,,645.666,50.0,244.0,104.0,286.891,,,0.7011,0.2989,,False,on_map_at_end
1705,car,1452.0,,348.0,,903.808,84.0,203.0,145.0,266.083,,,0.5833,0.4167,,False,on_map_at_end
1707,car,1455.0,,345.0,,1992.153,91.0,118.0,227.0,161.593,,,0.342,0.658,,False,on_map_at_end
1708,car,1456.0,,344.0,,1522.907,47.0,102.0,242.0,198.511,,,0.2965,0.7035,,False,on_map_at_end
1711,truck,1456.0,,344.0,,734.395,69.0,206.0,138.0,255.837,,,0.5988,0.4012,,False,on_map_at_end
1713,car,1459.0,,341.0,,875.265,77.0,226.0,115.0,251.935,,,0.6628,0.3372,,False,on_map_at_end
1715,car,1461.0,,339.0,,52.571,78.0,287.0,52.0,332.731,,,0.8466,0.1534,,False,on_map_at_end
1717,car,1463.0,,337.0,,1401.506,67.0,127.0,210.0,200.57,,,0.3769,0.6231,,False,on_map_at_end
1718,car,1464.0,,336.0,,1048.966,98.0,219.0,117.0,240.85,,,0.6518,0.3482,,False,on_map_at_end
1719,car,1465.0,,335.0,,754.277,98.0,243.0,92.0,266.794,,,0.7254,0.2746,,False,on_map_at_end
1720,car,1466.0,,334.0,,1106.061,74.0,148.0,186.0,200.172,,,0.4431,0.5569,,False,on_map_at_end
1721,truck,1467.0,,333.0,,2117.262,8.0,27.0,306.0,76.234,,,0.0811,0.9189,,False,on_map_at_end
1722,car,1469.0,,331.0,,2256.028,0.0,61.0,270.0,118.7,,,0.1843,0.8157,,False,on_map_at_end
1723,car,1473.0,,327.0,,604.193,67.0,191.0,136.0,272.41,,,0.5841,0.4159,,False,on_map_at_end
1724,car,1473.0,,327.0,,593.909,44.0,187.0,140.0,254.054,,,0.5719,0.4281,,False,on_map_at_end
1725,car,1475.0,,325.0,,596.692,66.0,190.0,135.0,270.839,,,0.5846,0.4154,,False,on_map_at_end
1726,truck,1478.0,,322.0,,968.689,58.0,157.0,165.0,205.711,,,0.4876,0.5124,,False,on_map_at_end
1727,car,1477.0,,323.0,,586.408,37.0,178.0,145.0,261.197,,,0.5511,0.4489,,False,on_map_at_end
1731,truck,1481.0,,319.0,,632.665,48.0,204.0,115.0,242.946,,,0.6395,0.3605,,False,on_map_at_end
1733,car,1486.0,,314.0,,649.859,100.0,222.0,92.0,232.162,,,0.707,0.293,,False,on_map_at_end
1734,car,1486.0,,314.0,,947.385,98.0,209.0,105.0,227.88,,,0.6656,0.3344,,False,on_map_at_end
1736,truck,1487.0,,313.0,,1227.696,62.0,108.0,205.0,165.213,,,0.345,0.655,,False,on_map_at_end
1737,car,1488.0,,312.0,,737.654,95.0,209.0,103.0,230.424,,,0.6699,0.3301,,False,on_map_at_end
1738,car,1490.0,,310.0,,607.539,51.0,202.0,108.0,254.543,,,0.6516,0.3484,,False,on_map_at_end
1739,car,1490.0,,310.0,,1070.888,83.0,112.0,198.0,161.107,,,0.3613,0.6387,,False,on_map_at_end
1740,car,1490.0,,310.0,,64.446,100.0,293.0,17.0,303.14,,,0.9452,0.0548,,False,on_map_at_end
1741,truck,1492.0,,308.0,,594.538,48.0,192.0,116.0,236.161,,,0.6234,0.3766,,False,on_map_at_end
1742,car,1491.0,,309.0,,1268.486,88.0,166.0,143.0,194.707,,,0.5372,0.4628,,False,on_map_at_end
1744,car,1492.0,,308.0,,2246.207,51.0,63.0,245.0,98.438,,,0.2045,0.7955,,False,on_map_at_end
1745,car,1493.0,,307.0,,721.545,37.0,180.0,127.0,237.606,,,0.5863,0.4137,,False,on_map_at_end
1746,truck,1494.0,,306.0,,363.84,100.0,247.0,59.0,262.322,,,0.8072,0.1928,,False,on_map_at_end
1747,car,1494.0,,306.0,,276.402,75.0,247.0,59.0,272.758,,,0.8072,0.1928,,False,on_map_at_end
1749,car,1495.0,,305.0,,1909.329,100.0,119.0,186.0,132.665,,,0.3902,0.6098,,False,on_map_at_end
1751,truck,1499.0,,301.0,,583.691,66.0,157.0,144.0,230.929,,,0.5216,0.4784,,False,on_map_at_end
1752,car,1501.0,,299.0,,920.695,46.0,143.0,156.0,216.137,,,0.4783,0.5217,,False,on_map_at_end
1753,car,1501.0,,299.0,,411.018,99.0,245.0,54.0,261.475,,,0.8194,0.1806,,False,on_map_at_end
1754,car,1502.0,,298.0,,972.976,100.0,195.0,103.0,209.744,,,0.6544,0.3456,,False,on_map_at_end
1755,car,1502.0,,298.0,,1271.559,91.0,139.0,159.0,182.825,,,0.4664,0.5336,,False,on_map_at_end
1756,truck,1502.0,,298.0,,856.539,83.0,166.0,132.0,193.456,,,0.557,0.443,,False,on_map_at_end
1757,car,1503.0,,297.0,,1123.832,72.0,150.0,147.0,195.854,,,0.5051,0.4949,,False,on_map_at_end
1758,car,1505.0,,295.0,,56.945,100.0,277.0,18.0,287.815,,,0.939,0.061,,False,on_map_at_end
1759,car,1505.0,,295.0,,1016.255,100.0,139.0,156.0,197.946,,,0.4712,0.5288,,False,on_map_at_end
1761,truck,1509.0,,291.0,,1137.707,89.0,126.0,165.0,154.191,,,0.433,0.567,,False,on_map_at_end
1762,car,1509.0,,291.0,,1248.865,71.0,91.0,200.0,145.957,,,0.3127,0.6873,,False,on_map_at_end
1763,car,1510.0,,290.0,,1573.147,100.0,131.0,159.0,147.251,,,0.4517,0.5483,,False,on_map_at_end
1765,car,1512.0,,288.0,,1557.736,46.0,83.0,205.0,147.259,,,0.2882,0.7118,,False,on_map_at_end
1766,truck,1513.0,,287.0,,1748.339,51.0,51.0,236.0,76.592,,,0.1777,0.8223,,False,on_map_at_end
1767,car,1515.0,,285.0,,2595.117,15.0,17.0,268.0,50.932,,,0.0596,0.9404,,False,on_map_at_end
1768,car,1515.0,,285.0,,587.037,49.0,183.0,102.0,231.071,,,0.6421,0.3579,,False,on_map_at_end
1769,car,1516.0,,284.0,,579.536,49.0,179.0,105.0,231.013,,,0.6303,0.3697,,False,on_map_at_end
1770,car,1518.0,,282.0,,102.104,100.0,258.0,24.0,272.489,,,0.9149,0.0851,,False,on_map_at_end
1771,truck,1518.0,,282.0,,938.785,78.0,103.0,179.0,169.301,,,0.3652,0.6348,,False,on_map_at_end
1772,car,1519.0,,281.0,,1063.387,82.0,103.0,178.0,144.089,,,0.3665,0.6335,,False,on_map_at_end
1774,car,1520.0,,280.0,,470.388,100.0,216.0,64.0,224.916,,,0.7714,0.2286,,False,on_map_at_end
1775,car,1521.0,,279.0,,2063.992,37.0,38.0,241.0,87.076,,,0.1362,0.8638,,False,on_map_at_end
1776,truck,1522.0,,278.0,,883.306,79.0,111.0,167.0,171.857,,,0.3993,0.6007,,False,on_map_at_end
1777,car,1524.0,,276.0,,675.308,41.0,165.0,111.0,211.485,,,0.5978,0.4022,,False,on_map_at_end
1778,car,1527.0,,273.0,,552.409,55.0,177.0,96.0,223.283,,,0.6484,0.3516,,False,on_map_at_end
1779,car,1528.0,,272.0,,1565.646,100.0,117.0,155.0,130.31,,,0.4301,0.5699,,False,on_map_at_end
1780,car,1530.0,,270.0,,1086.789,85.0,143.0,127.0,172.188,,,0.5296,0.4704,,False,on_map_at_end
1781,truck,1532.0,,268.0,,913.012,92.0,143.0,125.0,158.01,,,0.5336,0.4664,,False,on_map_at_end
1783,car,1533.0,,267.0,,169.299,100.0,243.0,24.0,251.763,,,0.9101,0.0899,,False,on_map_at_end
1785,car,1534.0,,266.0,,2025.182,0.0,47.0,219.0,74.48,,,0.1767,0.8233,,False,on_map_at_end
1786,truck,1536.0,,264.0,,1050.386,81.0,83.0,181.0,116.188,,,0.3144,0.6856,,False,on_map_at_end
1787,car,1538.0,,262.0,,544.908,53.0,166.0,96.0,212.958,,,0.6336,0.3664,,False,on_map_at_end
1788,car,1538.0,,262.0,,1590.745,89.0,97.0,165.0,116.671,,,0.3702,0.6298,,False,on_map_at_end
1791,truck,1540.0,,260.0,,1545.144,46.0,51.0,209.0,74.176,,,0.1962,0.8038,,False,on_map_at_end
1792,car,1541.0,,259.0,,1594.301,28.0,59.0,200.0,109.792,,,0.2278,0.7722,,False,on_map_at_end
1794,car,1546.0,,254.0,,537.407,52.0,157.0,97.0,205.633,,,0.6181,0.3819,,False,on_map_at_end
1795,car,1549.0,,251.0,,45.07,78.0,221.0,30.0,244.197,,,0.8805,0.1195,,False,on_map_at_end
1796,truck,1551.0,,249.0,,550.188,69.0,132.0,117.0,182.951,,,0.5301,0.4699,,False,on_map_at_end
1797,car,1551.0,,249.0,,855.303,75.0,98.0,151.0,171.243,,,0.3936,0.6064,,False,on_map_at_end
1798,car,1552.0,,248.0,,533.649,74.0,133.0,115.0,199.971,,,0.5363,0.4637,,False,on_map_at_end
1799,car,1554.0,,246.0,,839.708,58.0,109.0,137.0,160.892,,,0.4431,0.5569,,False,on_map_at_end
1800,car,1555.0,,245.0,,529.906,52.0,149.0,96.0,197.308,,,0.6082,0.3918,,False,on_map_at_end
1801,truck,1556.0,,244.0,,793.91,91.0,103.0,141.0,128.345,,,0.4221,0.5779,,False,on_map_at_end
1802,car,1559.0,,241.0,,599.41,87.0,159.0,82.0,187.053,,,0.6598,0.3402,,False,on_map_at_end
1803,car,1559.0,,241.0,,786.409,87.0,92.0,149.0,120.305,,,0.3817,0.6183,,False,on_map_at_end
1804,car,1559.0,,241.0,,333.967,94.0,184.0,57.0,195.973,,,0.7635,0.2365,,False,on_map_at_end
1805,car,1564.0,,236.0,,393.953,93.0,184.0,52.0,197.579,,,0.7797,0.2203,,False,on_map_at_end
1806,truck,1564.0,,236.0,,1564.743,23.0,29.0,207.0,47.256,,,0.1229,0.8771,,False,on_map_at_end
1807,car,1565.0,,235.0,,1493.608,12.0,34.0,201.0,77.91,,,0.1447,0.8553,,False,on_map_at_end
1808,car,1565.0,,235.0,,957.974,100.0,130.0,105.0,147.999,,,0.5532,0.4468,,False,on_map_at_end
1810,car,1567.0,,233.0,,526.148,74.0,130.0,103.0,185.142,,,0.5579,0.4421,,False,on_map_at_end
1813,car,1575.0,,225.0,,1674.555,13.0,32.0,193.0,74.014,,,0.1422,0.8578,,False,on_map_at_end
1814,car,1580.0,,220.0,,280.523,93.0,181.0,39.0,194.522,,,0.8227,0.1773,,False,on_map_at_end
1815,car,1582.0,,218.0,,1368.975,13.0,34.0,184.0,88.671,,,0.156,0.844,,False,on_map_at_end
1816,truck,1584.0,,216.0,,848.556,92.0,98.0,118.0,113.343,,,0.4537,0.5463,,False,on_map_at_end
1817,car,1584.0,,216.0,,326.466,93.0,169.0,47.0,180.03,,,0.7824,0.2176,,False,on_map_at_end
1818,car,1584.0,,216.0,,2165.516,4.0,4.0,212.0,21.102,,,0.0185,0.9815,,False,on_map_at_end
1819,car,1585.0,,215.0,,961.558,62.0,90.0,125.0,127.07,,,0.4186,0.5814,,False,on_map_at_end
1820,car,1587.0,,213.0,,37.569,78.0,185.0,28.0,208.229,,,0.8685,0.1315,,False,on_map_at_end
1821,truck,1590.0,,210.0,,1158.759,58.0,57.0,153.0,70.779,,,0.2714,0.7286,,False,on_map_at_end
1822,car,1590.0,,210.0,,1499.167,11.0,10.0,200.0,71.209,,,0.0476,0.9524,,False,on_map_at_end
1823,car,1591.0,,209.0,,1433.962,18.0,46.0,163.0,79.162,,,0.2201,0.7799,,False,on_map_at_end
1824,car,1591.0,,209.0,,1051.285,60.0,59.0,150.0,114.383,,,0.2823,0.7177,,False,on_map_at_end
1825,car,1593.0,,207.0,,1429.299,44.0,47.0,160.0,77.058,,,0.2271,0.7729,,False,on_map_at_end
1826,truck,1596.0,,204.0,,1029.884,42.0,41.0,163.0,58.656,,,0.201,0.799,,False,on_map_at_end
1827,car,1598.0,,202.0,,358.511,91.0,140.0,62.0,165.289,,,0.6931,0.3069,,False,on_map_at_end
1828,car,1598.0,,202.0,,193.665,100.0,172.0,30.0,184.039,,,0.8515,0.1485,,False,on_map_at_end
1829,car,1600.0,,200.0,,578.905,39.0,75.0,125.0,130.707,,,0.375,0.625,,False,on_map_at_end
1830,car,1600.0,,200.0,,1478.986,0.0,17.0,183.0,66.269,,,0.085,0.915,,False,on_map_at_end
1831,truck,1601.0,,199.0,,667.949,59.0,74.0,125.0,118.814,,,0.3719,0.6281,,False,on_map_at_end
1832,car,1606.0,,194.0,,952.007,48.0,63.0,131.0,107.385,,,0.3247,0.6753,,False,on_map_at_end
1833,car,1606.0,,194.0,,563.905,86.0,107.0,87.0,143.248,,,0.5515,0.4485,,False,on_map_at_end
1834,car,1608.0,,192.0,,319.902,92.0,142.0,50.0,157.616,,,0.7396,0.2604,,False,on_map_at_end
1835,car,1608.0,,192.0,,1549.74,16.0,31.0,161.0,50.354,,,0.1615,0.8385,,False,on_map_at_end
1836,truck,1610.0,,190.0,,1186.453,12.0,12.0,178.0,47.245,,,0.0632,0.9368,,False,on_map_at_end
1837,car,1611.0,,189.0,,1162.362,17.0,21.0,168.0,80.281,,,0.1111,0.8889,,False,on_map_at_end
1838,car,1611.0,,189.0,,522.403,50.0,104.0,85.0,141.983,,,0.5503,0.4497,,False,on_map_at_end
1839,car,1614.0,,186.0,,525.82,63.0,116.0,70.0,128.551,,,0.6237,0.3763,,False,on_map_at_end
1840,car,1616.0,,184.0,,559.441,73.0,77.0,107.0,133.65,,,0.4185,0.5815,,False,on_map_at_end
1841,truck,1617.0,,183.0,,711.78,40.0,60.0,123.0,96.784,,,0.3279,0.6721,,False,on_map_at_end
1842,car,1617.0,,183.0,,1317.669,25.0,30.0,153.0,59.229,,,0.1639,0.8361,,False,on_map_at_end
1843,car,1635.0,,165.0,,331.639,64.0,119.0,46.0,129.945,,,0.7212,0.2788,,False,on_map_at_end
1844,car,1618.0,,182.0,,780.757,62.0,85.0,97.0,109.102,,,0.467,0.533,,False,on_map_at_end
1845,car,1619.0,,181.0,,1139.646,56.0,56.0,125.0,78.431,,,0.3094,0.6906,,False,on_map_at_end
1847,car,1623.0,,177.0,,1209.729,14.0,14.0,163.0,68.123,,,0.0791,0.9209,,False,on_map_at_end
1848,car,1628.0,,172.0,,840.3,68.0,77.0,95.0,95.938,,,0.4477,0.5523,,False,on_map_at_end
1849,car,1628.0,,172.0,,771.406,35.0,34.0,138.0,61.99,,,0.1977,0.8023,,False,on_map_at_end
1850,car,1629.0,,171.0,,116.369,96.0,146.0,25.0,160.47,,,0.8538,0.1462,,False,on_map_at_end
1851,truck,1629.0,,171.0,,911.641,49.0,48.0,123.0,61.323,,,0.2807,0.7193,,False,on_map_at_end
1852,car,1630.0,,170.0,,1122.898,28.0,39.0,131.0,65.516,,,0.2294,0.7706,,False,on_map_at_end
1853,car,1634.0,,166.0,,236.109,88.0,126.0,40.0,139.913,,,0.759,0.241,,False,on_map_at_end
1854,car,1635.0,,165.0,,869.984,70.0,72.0,93.0,84.693,,,0.4364,0.5636,,False,on_map_at_end
1855,car,1635.0,,165.0,,514.896,49.0,81.0,84.0,118.659,,,0.4909,0.5091,,False,on_map_at_end
1857,car,1638.0,,162.0,,957.719,2.0,2.0,160.0,19.657,,,0.0123,0.9877,,False,on_map_at_end
1858,car,1639.0,,161.0,,121.503,94.0,139.0,22.0,149.769,,,0.8634,0.1366,,False,on_map_at_end
1859,car,1640.0,,160.0,,228.608,85.0,120.0,40.0,135.836,,,0.75,0.25,,False,on_map_at_end
1861,truck,1643.0,,157.0,,745.709,30.0,50.0,107.0,67.479,,,0.3185,0.6815,,False,on_map_at_end
1862,car,1644.0,,156.0,,771.036,44.0,44.0,112.0,85.858,,,0.2821,0.7179,,False,on_map_at_end
1863,car,1644.0,,156.0,,1219.488,9.0,12.0,144.0,41.012,,,0.0769,0.9231,,False,on_map_at_end
1864,car,1645.0,,155.0,,30.068,77.0,128.0,27.0,151.459,,,0.8258,0.1742,,False,on_map_at_end
1865,car,1647.0,,153.0,,457.649,90.0,105.0,48.0,111.811,,,0.6863,0.3137,,False,on_map_at_end
1866,truck,1647.0,,153.0,,909.189,13.0,12.0,141.0,43.854,,,0.0784,0.9216,,False,on_map_at_end
1867,car,1649.0,,151.0,,577.899,62.0,61.0,90.0,69.258,,,0.404,0.596,,False,on_map_at_end
1868,car,1649.0,,151.0,,971.221,27.0,26.0,125.0,51.332,,,0.1722,0.8278,,False,on_map_at_end
1869,car,1650.0,,150.0,,1045.009,14.0,14.0,136.0,55.948,,,0.0933,0.9067,,False,on_map_at_end
1871,truck,1652.0,,148.0,,602.134,69.0,68.0,80.0,75.715,,,0.4595,0.5405,,False,on_map_at_end
1872,car,1653.0,,147.0,,596.803,69.0,71.0,76.0,93.287,,,0.483,0.517,,False,on_map_at_end
1873,car,1654.0,,146.0,,507.325,47.0,59.0,87.0,100.34,,,0.4041,0.5959,,False,on_map_at_end
1874,car,1654.0,,146.0,,1209.55,10.0,12.0,134.0,24.791,,,0.0822,0.9178,,False,on_map_at_end
1875,car,1655.0,,145.0,,687.653,55.0,61.0,84.0,82.721,,,0.4207,0.5793,,False,on_map_at_end
1876,truck,1658.0,,142.0,,173.163,100.0,117.0,25.0,121.128,,,0.8239,0.1761,,False,on_map_at_end
1878,car,1665.0,,135.0,,1224.785,6.0,5.0,130.0,16.733,,,0.037,0.963,,False,on_map_at_end
1879,car,1666.0,,134.0,,619.855,44.0,45.0,89.0,59.183,,,0.3358,0.6642,,False,on_map_at_end
1880,car,1667.0,,133.0,,786.112,16.0,43.0,90.0,59.389,,,0.3233,0.6767,,False,on_map_at_end
1881,truck,1668.0,,132.0,,415.323,75.0,75.0,57.0,82.141,,,0.5682,0.4318,,False,on_map_at_end
1883,car,1669.0,,131.0,,571.394,25.0,24.0,107.0,74.431,,,0.1832,0.8168,,False,on_map_at_end
1884,car,1670.0,,130.0,,561.766,53.0,53.0,77.0,78.92,,,0.4077,0.5923,,False,on_map_at_end
1885,car,1671.0,,129.0,,1226.394,6.0,6.0,123.0,17.59,,,0.0465,0.9535,,False,on_map_at_end
1886,truck,1671.0,,129.0,,763.937,31.0,30.0,99.0,37.291,,,0.2326,0.7674,,False,on_map_at_end
1887,car,1672.0,,128.0,,1122.761,12.0,12.0,116.0,26.312,,,0.0938,0.9062,,False,on_map_at_end
1888,car,1673.0,,127.0,,221.107,82.0,81.0,46.0,100.039,,,0.6378,0.3622,,False,on_map_at_end
1889,car,1675.0,,125.0,,1268.109,0.0,0.0,125.0,9.361,,,0.0,1.0,,False,on_map_at_end
1890,car,1675.0,,125.0,,856.886,37.0,36.0,89.0,47.172,,,0.288,0.712,,False,on_map_at_end
1891,truck,1680.0,,120.0,,952.721,0.0,0.0,120.0,5.306,,,0.0,1.0,,False,on_map_at_end
1892,car,1681.0,,119.0,,796.289,14.0,14.0,105.0,47.333,,,0.1176,0.8824,,False,on_map_at_end
1893,car,1681.0,,119.0,,1030.783,15.0,14.0,105.0,26.229,,,0.1176,0.8824,,False,on_map_at_end
1894,car,1681.0,,119.0,,583.658,54.0,53.0,66.0,66.47,,,0.4454,0.5546,,False,on_map_at_end
1895,car,1681.0,,119.0,,1063.61,7.0,7.0,112.0,17.976,,,0.0588,0.9412,,False,on_map_at_end
1896,truck,1682.0,,118.0,,418.415,58.0,57.0,61.0,67.77,,,0.4831,0.5169,,False,on_map_at_end
1897,car,1682.0,,118.0,,765.798,39.0,38.0,80.0,47.672,,,0.322,0.678,,False,on_map_at_end
1898,car,1683.0,,117.0,,206.705,89.0,88.0,29.0,97.655,,,0.7521,0.2479,,False,on_map_at_end
1899,car,1684.0,,116.0,,563.766,6.0,6.0,110.0,52.487,,,0.0517,0.9483,,False,on_map_at_end
1900,car,1688.0,,112.0,,732.132,31.0,30.0,82.0,45.464,,,0.2679,0.7321,,False,on_map_at_end
1901,truck,1689.0,,111.0,,819.731,1.0,0.0,111.0,12.398,,,0.0,1.0,,False,on_map_at_end
1903,car,1691.0,,109.0,,462.887,47.0,46.0,63.0,55.967,,,0.422,0.578,,False,on_map_at_end
1904,car,1692.0,,108.0,,900.899,3.0,3.0,105.0,26.176,,,0.0278,0.9722,,False,on_map_at_end
1905,car,1695.0,,105.0,,1029.155,1.0,1.0,104.0,10.916,,,0.0095,0.9905,,False,on_map_at_end
1906,truck,1695.0,,105.0,,494.243,14.0,14.0,91.0,45.667,,,0.1333,0.8667,,False,on_map_at_end
1907,car,1696.0,,104.0,,455.386,41.0,40.0,64.0,50.988,,,0.3846,0.6154,,False,on_map_at_end
1908,car,1698.0,,102.0,,765.717,0.0,0.0,102.0,11.369,,,0.0,1.0,,False,on_map_at_end
1909,car,1698.0,,102.0,,486.2,13.0,13.0,89.0,58.242,,,0.1275,0.8725,,False,on_map_at_end
1910,car,1702.0,,98.0,,984.251,0.0,0.0,98.0,8.123,,,0.0,1.0,,False,on_map_at_end
1911,truck,1702.0,,98.0,,781.412,0.0,0.0,98.0,3.935,,,0.0,1.0,,False,on_map_at_end
1912,car,1702.0,,98.0,,1034.129,0.0,0.0,98.0,4.927,,,0.0,1.0,,False,on_map_at_end
1913,car,1704.0,,96.0,,969.683,0.0,0.0,96.0,8.193,,,0.0,1.0,,False,on_map_at_end
1914,car,1704.0,,96.0,,893.375,6.0,6.0,90.0,14.942,,,0.0625,0.9375,,False,on_map_at_end
1915,car,1705.0,,95.0,,850.826,0.0,0.0,95.0,17.425,,,0.0,1.0,,False,on_map_at_end
1916,truck,1708.0,,92.0,,366.775,44.0,43.0,49.0,47.969,,,0.4674,0.5326,,False,on_map_at_end
1917,car,1709.0,,91.0,,338.809,51.0,50.0,41.0,60.089,,,0.5495,0.4505,,False,on_map_at_end
1918,car,1710.0,,90.0,,354.274,42.0,41.0,49.0,58.115,,,0.4556,0.5444,,False,on_map_at_end
1919,car,1709.0,,91.0,,165.662,73.0,72.0,19.0,75.561,,,0.7912,0.2088,,False,on_map_at_end
1920,car,1711.0,,89.0,,49.444,79.0,78.0,11.0,82.249,,,0.8764,0.1236,,False,on_map_at_end
1921,truck,1712.0,,88.0,,554.73,12.0,11.0,77.0,21.289,,,0.125,0.875,,False,on_map_at_end
1922,car,1712.0,,88.0,,44.699,82.0,81.0,7.0,83.977,,,0.9205,0.0795,,False,on_map_at_end
1923,car,1712.0,,88.0,,624.876,22.0,22.0,66.0,31.761,,,0.25,0.75,,False,on_map_at_end
1924,car,1713.0,,87.0,,862.467,0.0,0.0,87.0,5.259,,,0.0,1.0,,False,on_map_at_end
1925,car,1715.0,,85.0,,570.398,1.0,0.0,85.0,9.796,,,0.0,1.0,,False,on_map_at_end
1926,truck,1715.0,,85.0,,680.829,0.0,0.0,85.0,3.268,,,0.0,1.0,,False,on_map_at_end
1927,car,1715.0,,85.0,,477.924,7.0,7.0,78.0,41.986,,,0.0824,0.9176,,False,on_map_at_end
1929,car,1718.0,,82.0,,280.928,48.0,47.0,35.0,56.716,,,0.5732,0.4268,,False,on_map_at_end
1930,car,1723.0,,77.0,,273.427,44.0,43.0,34.0,52.391,,,0.5584,0.4416,,False,on_map_at_end
1931,truck,1724.0,,76.0,,518.514,5.0,5.0,71.0,12.944,,,0.0658,0.9342,,False,on_map_at_end
1932,car,1730.0,,70.0,,384.179,29.0,28.0,42.0,35.424,,,0.4,0.6,,False,on_map_at_end
1933,car,1731.0,,69.0,,709.697,0.0,0.0,69.0,4.516,,,0.0,1.0,,False,on_map_at_end
1934,car,1731.0,,69.0,,218.659,37.0,36.0,33.0,49.012,,,0.5217,0.4783,,False,on_map_at_end
1935,car,1732.0,,68.0,,648.255,0.0,0.0,68.0,8.82,,,0.0,1.0,,False,on_map_at_end
1936,truck,1734.0,,66.0,,460.878,2.0,2.0,64.0,10.672,,,0.0303,0.9697,,False,on_map_at_end
1937,car,1736.0,,64.0,,681.297,0.0,0.0,64.0,2.683,,,0.0,1.0,,False,on_map_at_end
1938,car,1737.0,,63.0,,590.452,2.0,2.0,61.0,9.859,,,0.0317,0.9683,,False,on_map_at_end
1939,car,1739.0,,61.0,,203.266,36.0,35.0,26.0,42.42,,,0.5738,0.4262,,False,on_map_at_end
1940,car,1739.0,,61.0,,596.241,1.0,1.0,60.0,7.338,,,0.0164,0.9836,,False,on_map_at_end
1941,truck,1740.0,,60.0,,474.364,0.0,0.0,60.0,3.054,,,0.0,1.0,,False,on_map_at_end
1942,car,1740.0,,60.0,,391.869,15.0,14.0,46.0,23.343,,,0.2333,0.7667,,False,on_map_at_end
1943,car,1740.0,,60.0,,275.844,0.0,0.0,60.0,5.844,,,0.0,1.0,,False,on_map_at_end
1944,car,1740.0,,60.0,,158.161,40.0,39.0,21.0,45.148,,,0.65,0.35,,False,on_map_at_end
1945,car,1741.0,,59.0,,551.524,0.0,0.0,59.0,9.362,,,0.0,1.0,,False,on_map_at_end
1946,truck,1742.0,,58.0,,29.973,53.0,52.0,6.0,54.402,,,0.8966,0.1034,,False,on_map_at_end
1947,car,1743.0,,57.0,,413.291,0.0,0.0,57.0,5.479,,,0.0,1.0,,False,on_map_at_end
1948,car,1744.0,,56.0,,41.943,49.0,48.0,8.0,51.186,,,0.8571,0.1429,,False,on_map_at_end
1949,car,1745.0,,55.0,,22.567,39.0,38.0,17.0,52.493,,,0.6909,0.3091,,False,on_map_at_end
1950,car,1745.0,,55.0,,412.949,5.0,4.0,51.0,12.013,,,0.0727,0.9273,,False,on_map_at_end
1951,truck,1746.0,,54.0,,216.169,21.0,21.0,33.0,27.708,,,0.3889,0.6111,,False,on_map_at_end
1952,car,1746.0,,54.0,,562.207,0.0,0.0,54.0,3.287,,,0.0,1.0,,False,on_map_at_end
1953,car,1747.0,,53.0,,366.408,13.0,13.0,40.0,20.023,,,0.2453,0.7547,,False,on_map_at_end
1954,car,1749.0,,51.0,,535.874,0.0,0.0,51.0,2.513,,,0.0,1.0,,False,on_map_at_end
1955,car,1750.0,,50.0,,307.706,0.0,0.0,50.0,4.298,,,0.0,1.0,,False,on_map_at_end
1956,truck,1751.0,,49.0,,383.285,0.0,0.0,49.0,2.66,,,0.0,1.0,,False,on_map_at_end
1957,car,1752.0,,48.0,,485.104,0.0,0.0,48.0,4.043,,,0.0,1.0,,False,on_map_at_end
1958,car,1754.0,,46.0,,211.102,15.0,14.0,32.0,26.273,,,0.3043,0.6957,,False,on_map_at_end
1959,car,1755.0,,45.0,,422.497,0.0,0.0,45.0,6.975,,,0.0,1.0,,False,on_map_at_end
1961,truck,1756.0,,44.0,,320.316,0.0,0.0,44.0,5.547,,,0.0,1.0,,False,on_map_at_end
1962,car,1756.0,,44.0,,368.657,0.0,0.0,44.0,4.787,,,0.0,1.0,,False,on_map_at_end
1963,car,1758.0,,42.0,,398.245,0.0,0.0,42.0,6.158,,,0.0,1.0,,False,on_map_at_end
1964,car,1761.0,,39.0,,415.701,0.0,0.0,39.0,1.587,,,0.0,1.0,,False,on_map_at_end
1965,car,1762.0,,38.0,,336.667,0.0,0.0,38.0,2.634,,,0.0,1.0,,False,on_map_at_end
1966,truck,1763.0,,37.0,,297.376,0.0,0.0,37.0,1.301,,,0.0,1.0,,False,on_map_at_end
1967,car,1764.0,,36.0,,320.901,0.0,0.0,36.0,7.082,,,0.0,1.0,,False,on_map_at_end
1968,car,1765.0,,35.0,,276.486,0.0,0.0,35.0,2.942,,,0.0,1.0,,False,on_map_at_end
1969,car,1766.0,,34.0,,346.498,0.0,0.0,34.0,2.383,,,0.0,1.0,,False,on_map_at_end
1970,car,1767.0,,33.0,,196.858,4.0,4.0,29.0,13.936,,,0.1212,0.8788,,False,on_map_at_end
1971,truck,1769.0,,31.0,,242.784,0.0,0.0,31.0,1.854,,,0.0,1.0,,False,on_map_at_end
1972,car,1783.0,,17.0,,115.243,1.0,0.0,17.0,6.628,,,0.0,1.0,,False,on_map_at_end
1973,car,1773.0,,27.0,,285.223,0.0,0.0,27.0,1.33,,,0.0,1.0,,False,on_map_at_end
1974,car,1786.0,,14.0,,98.854,0.0,0.0,14.0,5.103,,,0.0,1.0,,False,on_map_at_end
1975,car,1777.0,,23.0,,174.811,0.0,0.0,23.0,3.49,,,0.0,1.0,,False,on_map_at_end
1976,truck,1779.0,,21.0,,167.365,0.0,0.0,21.0,0.908,,,0.0,1.0,,False,on_map_at_end
1977,car,1781.0,,19.0,,102.379,6.0,5.0,14.0,8.971,,,0.2632,0.7368,,False,on_map_at_end
1978,car,1784.0,,16.0,,64.017,6.0,6.0,10.0,9.891,,,0.375,0.625,,False,on_map_at_end
1979,car,1785.0,,15.0,,150.807,0.0,0.0,15.0,1.009,,,0.0,1.0,,False,on_map_at_end
1980,car,1786.0,,14.0,,148.516,0.0,0.0,14.0,0.633,,,0.0,1.0,,False,on_map_at_end
1981,truck,1787.0,,13.0,,103.569,0.0,0.0,13.0,0.567,,,0.0,1.0,,False,on_map_at_end
1982,car,1790.0,,10.0,,106.547,0.0,0.0,10.0,0.411,,,0.0,1.0,,False,on_map_at_end
1983,car,1790.0,,10.0,,86.861,0.0,0.0,10.0,1.403,,,0.0,1.0,,False,on_map_at_end
1984,car,1790.0,,10.0,,107.755,0.0,0.0,10.0,0.302,,,0.0,1.0,,False,on_map_at_end
1985,car,1791.0,,9.0,,87.415,0.0,0.0,9.0,1.133,,,0.0,1.0,,False,on_map_at_end
1986,truck,1791.0,,9.0,,72.033,0.0,0.0,9.0,0.353,,,0.0,1.0,,False,on_map_at_end
1987,car,1794.0,,6.0,,64.005,0.0,0.0,6.0,0.24,,,0.0,1.0,,False,on_map_at_end
1988,car,1795.0,,5.0,,22.071,0.0,1.0,4.0,3.014,,,0.2,0.8,,False,on_map_at_end
1989,car,1799.0,,1.0,,11.066,0.0,0.0,1.0,0.004,,,0.0,1.0,,False,on_map_at_end
1990,car,1799.0,,1.0,,10.871,0.0,0.0,1.0,0.022,,,0.0,1.0,,False,on_map_at_end
365,truck,551.0,,1249.0,,2281.839,100.0,885.0,364.0,974.864,,,0.7086,0.2914,,False,on_map_at_end
378,car,566.0,,1234.0,,2400.259,68.0,876.0,358.0,1015.687,,,0.7099,0.2901,,False,on_map_at_end
389,car,586.0,,1214.0,,2008.977,100.0,923.0,291.0,1023.598,,,0.7603,0.2397,,False,on_map_at_end
405,truck,603.0,,1197.0,,1965.487,92.0,895.0,302.0,962.025,,,0.7477,0.2523,,False,on_map_at_end
420,truck,613.0,,1187.0,,2238.367,100.0,856.0,331.0,917.554,,,0.7211,0.2789,,False,on_map_at_end
422,car,613.0,,1187.0,,2266.279,100.0,845.0,342.0,978.515,,,0.7119,0.2881,,False,on_map_at_end
450,truck,628.0,,1172.0,,1863.934,100.0,872.0,300.0,947.961,,,0.744,0.256,,False,on_map_at_end
457,car,633.0,,1167.0,,2615.324,100.0,776.0,391.0,919.411,,,0.665,0.335,,False,on_map_at_end
476,car,643.0,,1157.0,,2646.715,100.0,806.0,351.0,909.858,,,0.6966,0.3034,,False,on_map_at_end
485,truck,651.0,,1149.0,,2162.304,64.0,821.0,328.0,889.381,,,0.7145,0.2855,,False,on_map_at_end
504,car,669.0,,1131.0,,3099.288,100.0,667.0,464.0,841.932,,,0.5897,0.4103,,False,on_map_at_end
517,car,681.0,,1119.0,,2370.027,64.0,752.0,367.0,902.77,,,0.672,0.328,,False,on_map_at_end
521,car,684.0,,1116.0,,3058.283,100.0,634.0,482.0,826.266,,,0.5681,0.4319,,False,on_map_at_end
527,car,686.0,,1114.0,,2773.787,100.0,728.0,386.0,861.457,,,0.6535,0.3465,,False,on_map_at_end
531,car,689.0,,1111.0,,2420.87,100.0,753.0,358.0,889.925,,,0.6778,0.3222,,False,on_map_at_end
549,car,701.0,,1099.0,,2521.812,100.0,664.0,435.0,859.523,,,0.6042,0.3958,,False,on_map_at_end
553,car,703.0,,1097.0,,2284.149,100.0,813.0,284.0,890.523,,,0.7411,0.2589,,False,on_map_at_end
558,car,708.0,,1092.0,,2196.312,100.0,743.0,349.0,885.598,,,0.6804,0.3196,,False,on_map_at_end
559,car,708.0,,1092.0,,2514.311,100.0,653.0,439.0,859.188,,,0.598,0.402,,False,on_map_at_end
561,car,709.0,,1091.0,,2213.863,100.0,777.0,314.0,886.329,,,0.7122,0.2878,,False,on_map_at_end
568,car,713.0,,1087.0,,2107.004,100.0,694.0,393.0,883.878,,,0.6385,0.3615,,False,on_map_at_end
579,car,720.0,,1080.0,,2099.879,100.0,802.0,278.0,890.703,,,0.7426,0.2574,,False,on_map_at_end
589,car,729.0,,1071.0,,1993.975,100.0,808.0,263.0,883.241,,,0.7544,0.2456,,False,on_map_at_end
595,truck,732.0,,1068.0,,1727.955,100.0,716.0,352.0,860.562,,,0.6704,0.3296,,False,on_map_at_end
598,car,734.0,,1066.0,,1740.956,100.0,729.0,337.0,908.65,,,0.6839,0.3161,,False,on_map_at_end
612,car,740.0,,1060.0,,2044.414,100.0,769.0,291.0,854.545,,,0.7255,0.2745,,False,on_map_at_end
621,car,747.0,,1053.0,,1580.196,100.0,812.0,241.0,899.28,,,0.7711,0.2289,,False,on_map_at_end
644,car,766.0,,1034.0,,1997.474,70.0,773.0,261.0,847.258,,,0.7476,0.2524,,False,on_map_at_end
646,car,767.0,,1033.0,,1898.169,100.0,721.0,312.0,846.59,,,0.698,0.302,,False,on_map_at_end
647,car,768.0,,1032.0,,1473.668,100.0,811.0,221.0,882.756,,,0.7859,0.2141,,False,on_map_at_end
650,truck,769.0,,1031.0,,2377.946,77.0,554.0,477.0,720.642,,,0.5373,0.4627,,False,on_map_at_end
663,car,776.0,,1024.0,,1810.539,64.0,755.0,269.0,859.718,,,0.7373,0.2627,,False,on_map_at_end
665,truck,786.0,,1014.0,,1431.529,100.0,783.0,231.0,842.148,,,0.7722,0.2278,,False,on_map_at_end
666,car,780.0,,1020.0,,2390.947,88.0,553.0,467.0,765.21,,,0.5422,0.4578,,False,on_map_at_end
667,car,780.0,,1020.0,,2181.925,100.0,729.0,291.0,821.477,,,0.7147,0.2853,,False,on_map_at_end
669,car,781.0,,1019.0,,1297.516,100.0,820.0,199.0,894.866,,,0.8047,0.1953,,False,on_map_at_end
677,car,785.0,,1015.0,,2100.223,61.0,651.0,364.0,778.015,,,0.6414,0.3586,,False,on_map_at_end
678,car,785.0,,1015.0,,1875.779,100.0,635.0,380.0,837.941,,,0.6256,0.3744,,False,on_map_at_end
679,car,787.0,,1013.0,,1555.327,100.0,785.0,228.0,859.324,,,0.7749,0.2251,,False,on_map_at_end
681,car,804.0,,996.0,,1964.415,100.0,684.0,312.0,817.932,,,0.6867,0.3133,,False,on_map_at_end
682,car,789.0,,1011.0,,2139.264,98.0,680.0,331.0,817.189,,,0.6726,0.3274,,False,on_map_at_end
684,car,791.0,,1009.0,,1772.639,74.0,752.0,257.0,848.62,,,0.7453,0.2547,,False,on_map_at_end
694,car,798.0,,1002.0,,1437.978,100.0,812.0,190.0,871.052,,,0.8104,0.1896,,False,on_map_at_end
695,truck,798.0,,1002.0,,1434.55,51.0,755.0,247.0,828.694,,,0.7535,0.2465,,False,on_map_at_end
696,car,799.0,,1001.0,,2221.421,100.0,613.0,388.0,799.944,,,0.6124,0.3876,,False,on_map_at_end
698,car,802.0,,998.0,,2243.149,100.0,611.0,387.0,794.673,,,0.6122,0.3878,,False,on_map_at_end
701,car,803.0,,997.0,,1385.483,77.0,774.0,223.0,870.315,,,0.7763,0.2237,,False,on_map_at_end
703,car,803.0,,997.0,,2585.2,82.0,662.0,335.0,762.598,,,0.664,0.336,,False,on_map_at_end
704,car,804.0,,996.0,,1862.025,100.0,767.0,229.0,828.095,,,0.7701,0.2299,,False,on_map_at_end
706,car,805.0,,995.0,,2178.358,100.0,648.0,347.0,793.02,,,0.6513,0.3487,,False,on_map_at_end
707,car,805.0,,995.0,,2581.206,100.0,596.0,399.0,755.301,,,0.599,0.401,,False,on_map_at_end
708,car,805.0,,995.0,,1803.066,75.0,585.0,410.0,767.986,,,0.5879,0.4121,,False,on_map_at_end
710,truck,807.0,,993.0,,2187.918,100.0,572.0,421.0,729.374,,,0.576,0.424,,False,on_map_at_end
712,car,807.0,,993.0,,993.007,100.0,824.0,169.0,897.057,,,0.8298,0.1702,,False,on_map_at_end
713,car,808.0,,992.0,,1830.66,94.0,686.0,306.0,822.015,,,0.6915,0.3085,,False,on_map_at_end
715,truck,810.0,,990.0,,1826.729,80.0,622.0,368.0,770.015,,,0.6283,0.3717,,False,on_map_at_end
718,car,810.0,,990.0,,2024.291,95.0,597.0,393.0,801.865,,,0.603,0.397,,False,on_map_at_end
719,car,813.0,,987.0,,1593.036,100.0,772.0,215.0,842.795,,,0.7822,0.2178,,False,on_map_at_end
721,car,814.0,,986.0,,1787.681,100.0,699.0,287.0,822.292,,,0.7089,0.2911,,False,on_map_at_end
722,car,814.0,,986.0,,1819.228,76.0,626.0,360.0,812.054,,,0.6349,0.3651,,False,on_map_at_end
724,car,815.0,,985.0,,1528.558,74.0,610.0,375.0,794.76,,,0.6193,0.3807,,False,on_map_at_end
729,car,817.0,,983.0,,1370.118,100.0,809.0,174.0,858.911,,,0.823,0.177,,False,on_map_at_end
733,car,825.0,,975.0,,1440.555,100.0,768.0,207.0,845.349,,,0.7877,0.2123,,False,on_map_at_end
738,car,825.0,,975.0,,1662.447,100.0,605.0,370.0,825.056,,,0.6205,0.3795,,False,on_map_at_end
745,truck,831.0,,969.0,,1151.262,100.0,777.0,192.0,828.348,,,0.8019,0.1981,,False,on_map_at_end
748,car,837.0,,963.0,,1882.349,100.0,663.0,300.0,787.004,,,0.6885,0.3115,,False,on_map_at_end
749,car,834.0,,966.0,,1989.418,100.0,635.0,331.0,754.133,,,0.6573,0.3427,,False,on_map_at_end
754,car,839.0,,961.0,,1815.658,91.0,640.0,321.0,790.094,,,0.666,0.334,,False,on_map_at_end
757,car,840.0,,960.0,,1106.368,100.0,815.0,145.0,860.44,,,0.849,0.151,,False,on_map_at_end
758,car,841.0,,959.0,,1169.079,100.0,807.0,152.0,851.436,,,0.8415,0.1585,,False,on_map_at_end
759,car,842.0,,958.0,,1188.758,73.0,735.0,223.0,782.6,,,0.7672,0.2328,,False,on_map_at_end
763,car,844.0,,956.0,,1544.531,100.0,749.0,207.0,815.87,,,0.7835,0.2165,,False,on_map_at_end
764,car,845.0,,955.0,,2551.678,100.0,535.0,420.0,708.48,,,0.5602,0.4398,,False,on_map_at_end
766,car,845.0,,955.0,,1814.968,95.0,736.0,219.0,790.914,,,0.7707,0.2293,,False,on_map_at_end
770,truck,847.0,,953.0,,758.135,100.0,793.0,160.0,856.669,,,0.8321,0.1679,,False,on_map_at_end
773,car,849.0,,951.0,,1860.438,87.0,666.0,285.0,782.273,,,0.7003,0.2997,,False,on_map_at_end
780,truck,855.0,,945.0,,2122.849,98.0,639.0,306.0,688.73,,,0.6762,0.3238,,False,on_map_at_end
783,car,856.0,,944.0,,1235.075,100.0,757.0,187.0,815.235,,,0.8019,0.1981,,False,on_map_at_end
784,car,856.0,,944.0,,1294.193,100.0,757.0,187.0,827.075,,,0.8019,0.1981,,False,on_map_at_end
785,truck,858.0,,942.0,,745.134,100.0,787.0,155.0,852.402,,,0.8355,0.1645,,False,on_map_at_end
787,car,861.0,,939.0,,2047.372,100.0,662.0,277.0,754.436,,,0.705,0.295,,False,on_map_at_end
792,car,865.0,,935.0,,1622.162,88.0,708.0,227.0,787.909,,,0.7572,0.2428,,False,on_map_at_end
795,truck,867.0,,933.0,,1602.259,89.0,667.0,266.0,740.134,,,0.7149,0.2851,,False,on_map_at_end
796,car,867.0,,933.0,,1288.026,84.0,738.0,195.0,814.167,,,0.791,0.209,,False,on_map_at_end
799,car,873.0,,927.0,,1322.006,65.0,706.0,221.0,796.668,,,0.7616,0.2384,,False,on_map_at_end
800,truck,873.0,,927.0,,1879.45,92.0,600.0,327.0,700.778,,,0.6472,0.3528,,False,on_map_at_end
802,car,875.0,,925.0,,2293.236,71.0,569.0,356.0,717.779,,,0.6151,0.3849,,False,on_map_at_end
803,car,1000.0,,800.0,,1315.507,92.0,601.0,199.0,679.22,,,0.7512,0.2488,,False,on_map_at_end
806,car,878.0,,922.0,,684.403,100.0,808.0,114.0,860.362,,,0.8764,0.1236,,False,on_map_at_end
811,car,881.0,,919.0,,1636.205,70.0,599.0,320.0,765.835,,,0.6518,0.3482,,False,on_map_at_end
813,car,882.0,,918.0,,1117.608,100.0,742.0,176.0,796.851,,,0.8083,0.1917,,False,on_map_at_end
815,truck,886.0,,914.0,,1726.305,100.0,642.0,272.0,706.402,,,0.7024,0.2976,,False,on_map_at_end
816,car,886.0,,914.0,,925.138,100.0,761.0,153.0,800.001,,,0.8326,0.1674,,False,on_map_at_end
817,car,886.0,,914.0,,1579.756,86.0,656.0,258.0,771.587,,,0.7177,0.2823,,False,on_map_at_end
820,truck,888.0,,912.0,,1450.988,100.0,706.0,206.0,737.448,,,0.7741,0.2259,,False,on_map_at_end
822,car,890.0,,910.0,,2817.286,27.0,438.0,472.0,608.866,,,0.4813,0.5187,,False,on_map_at_end
823,car,890.0,,910.0,,320.579,100.0,828.0,82.0,876.947,,,0.9099,0.0901,,False,on_map_at_end
826,car,891.0,,909.0,,617.487,100.0,793.0,116.0,846.547,,,0.8724,0.1276,,False,on_map_at_end
830,truck,894.0,,906.0,,2347.04,99.0,559.0,347.0,624.242,,,0.617,0.383,,False,on_map_at_end
831,car,894.0,,906.0,,2493.671,100.0,512.0,394.0,670.735,,,0.5651,0.4349,,False,on_map_at_end
836,car,899.0,,901.0,,1543.054,100.0,694.0,207.0,747.239,,,0.7703,0.2297,,False,on_map_at_end
839,car,901.0,,899.0,,2143.811,17.0,499.0,400.0,691.757,,,0.5551,0.4449,,False,on_map_at_end
841,car,902.0,,898.0,,649.409,100.0,752.0,146.0,814.826,,,0.8374,0.1626,,False,on_map_at_end
844,car,902.0,,898.0,,730.132,100.0,750.0,148.0,810.909,,,0.8352,0.1648,,False,on_map_at_end
845,truck,903.0,,897.0,,582.159,100.0,771.0,126.0,826.578,,,0.8595,0.1405,,False,on_map_at_end
846,car,903.0,,897.0,,902.799,100.0,771.0,126.0,805.478,,,0.8595,0.1405,,False,on_map_at_end
847,car,904.0,,896.0,,1270.477,100.0,753.0,143.0,778.784,,,0.8404,0.1596,,False,on_map_at_end
848,car,904.0,,896.0,,1886.013,100.0,656.0,240.0,725.132,,,0.7321,0.2679,,False,on_map_at_end
850,truck,905.0,,895.0,,1995.997,100.0,592.0,303.0,654.741,,,0.6615,0.3385,,False,on_map_at_end
854,car,907.0,,893.0,,1522.089,100.0,711.0,182.0,755.149,,,0.7962,0.2038,,False,on_map_at_end
857,car,909.0,,891.0,,574.658,100.0,770.0,121.0,837.171,,,0.8642,0.1358,,False,on_map_at_end
858,car,910.0,,890.0,,1689.062,100.0,627.0,263.0,737.42,,,0.7045,0.2955,,False,on_map_at_end
862,car,912.0,,888.0,,1804.934,85.0,625.0,263.0,723.937,,,0.7038,0.2962,,False,on_map_at_end
863,car,913.0,,887.0,,2141.329,100.0,544.0,343.0,691.312,,,0.6133,0.3867,,False,on_map_at_end
865,truck,913.0,,887.0,,1961.886,100.0,510.0,377.0,650.655,,,0.575,0.425,,False,on_map_at_end
866,car,916.0,,884.0,,1572.255,86.0,635.0,249.0,742.113,,,0.7183,0.2817,,False,on_map_at_end
868,car,920.0,,880.0,,1943.548,94.0,517.0,363.0,703.475,,,0.5875,0.4125,,False,on_map_at_end
870,truck,915.0,,885.0,,989.818,100.0,731.0,154.0,750.969,,,0.826,0.174,,False,on_map_at_end
873,car,915.0,,885.0,,2041.872,100.0,636.0,249.0,700.974,,,0.7186,0.2814,,False,on_map_at_end
874,car,922.0,,878.0,,1557.253,84.0,644.0,234.0,737.132,,,0.7335,0.2665,,False,on_map_at_end
876,car,923.0,,877.0,,1549.752,84.0,645.0,232.0,737.126,,,0.7355,0.2645,,False,on_map_at_end
877,car,919.0,,881.0,,1360.535,100.0,618.0,263.0,757.21,,,0.7015,0.2985,,False,on_map_at_end
878,car,919.0,,881.0,,2026.87,100.0,630.0,251.0,697.745,,,0.7151,0.2849,,False,on_map_at_end
881,car,921.0,,879.0,,2194.688,95.0,617.0,262.0,672.967,,,0.7019,0.2981,,False,on_map_at_end
883,car,926.0,,874.0,,1542.251,83.0,640.0,234.0,721.765,,,0.7323,0.2677,,False,on_map_at_end
886,car,922.0,,878.0,,1282.235,100.0,726.0,152.0,754.015,,,0.8269,0.1731,,False,on_map_at_end
887,car,928.0,,872.0,,1936.047,93.0,516.0,356.0,697.058,,,0.5917,0.4083,,False,on_map_at_end
888,car,924.0,,876.0,,866.25,100.0,737.0,139.0,797.79,,,0.8413,0.1587,,False,on_map_at_end
889,car,930.0,,870.0,,1583.938,90.0,516.0,354.0,726.363,,,0.5931,0.4069,,False,on_map_at_end
890,truck,925.0,,875.0,,1424.007,100.0,637.0,238.0,704.051,,,0.728,0.272,,False,on_map_at_end
891,car,925.0,,875.0,,1681.561,100.0,620.0,255.0,722.9,,,0.7086,0.2914,,False,on_map_at_end
896,car,927.0,,873.0,,2032.37,100.0,627.0,246.0,689.713,,,0.7182,0.2818,,False,on_map_at_end
897,car,928.0,,872.0,,1071.949,96.0,741.0,131.0,771.065,,,0.8498,0.1502,,False,on_map_at_end
899,car,928.0,,872.0,,2689.494,91.0,525.0,347.0,613.971,,,0.6021,0.3979,,False,on_map_at_end
900,truck,930.0,,870.0,,1913.697,94.0,563.0,307.0,640.264,,,0.6471,0.3529,,False,on_map_at_end
901,car,932.0,,868.0,,2463.666,48.0,469.0,399.0,633.729,,,0.5403,0.4597,,False,on_map_at_end
902,car,932.0,,868.0,,1434.468,100.0,700.0,168.0,738.897,,,0.8065,0.1935,,False,on_map_at_end
905,truck,942.0,,858.0,,661.747,100.0,736.0,122.0,778.879,,,0.8578,0.1422,,False,on_map_at_end
908,car,933.0,,867.0,,1444.509,100.0,695.0,172.0,736.993,,,0.8016,0.1984,,False,on_map_at_end
909,car,934.0,,866.0,,2187.187,94.0,613.0,253.0,661.089,,,0.7079,0.2921,,False,on_map_at_end
910,truck,935.0,,865.0,,1874.518,92.0,544.0,321.0,639.968,,,0.6289,0.3711,,False,on_map_at_end
911,car,935.0,,865.0,,774.352,51.0,717.0,148.0,782.27,,,0.8289,0.1711,,False,on_map_at_end
913,car,936.0,,864.0,,2034.371,100.0,622.0,242.0,680.555,,,0.7199,0.2801,,False,on_map_at_end
916,car,938.0,,862.0,,495.723,100.0,731.0,131.0,798.619,,,0.848,0.152,,False,on_map_at_end
917,car,938.0,,862.0,,1606.235,70.0,533.0,329.0,707.446,,,0.6183,0.3817,,False,on_map_at_end
921,car,939.0,,861.0,,2185.117,91.0,535.0,326.0,663.527,,,0.6214,0.3786,,False,on_map_at_end
926,car,942.0,,858.0,,1346.328,100.0,684.0,174.0,736.829,,,0.7972,0.2028,,False,on_map_at_end
928,car,943.0,,857.0,,1426.967,100.0,690.0,167.0,728.572,,,0.8051,0.1949,,False,on_map_at_end
930,truck,945.0,,855.0,,1799.41,91.0,564.0,291.0,635.855,,,0.6596,0.3404,,False,on_map_at_end
932,car,944.0,,856.0,,1876.989,100.0,574.0,282.0,686.873,,,0.6706,0.3294,,False,on_map_at_end
933,car,945.0,,855.0,,1937.47,100.0,608.0,247.0,678.907,,,0.7111,0.2889,,False,on_map_at_end
935,truck,946.0,,854.0,,1100.225,100.0,674.0,180.0,721.92,,,0.7892,0.2108,,False,on_map_at_end
936,car,949.0,,851.0,,1791.343,92.0,561.0,290.0,680.448,,,0.6592,0.3408,,False,on_map_at_end
937,car,949.0,,851.0,,1419.466,100.0,683.0,168.0,723.247,,,0.8026,0.1974,,False,on_map_at_end
942,car,951.0,,849.0,,472.489,100.0,771.0,78.0,801.917,,,0.9081,0.0919,,False,on_map_at_end
943,car,951.0,,849.0,,852.288,100.0,736.0,113.0,763.817,,,0.8669,0.1331,,False,on_map_at_end
948,car,955.0,,845.0,,1441.356,100.0,628.0,217.0,714.497,,,0.7432,0.2568,,False,on_map_at_end
953,car,958.0,,842.0,,1185.118,82.0,612.0,230.0,717.243,,,0.7268,0.2732,,False,on_map_at_end
954,car,958.0,,842.0,,1745.066,100.0,568.0,274.0,684.181,,,0.6746,0.3254,,False,on_map_at_end
958,car,962.0,,838.0,,1150.059,100.0,715.0,123.0,733.566,,,0.8532,0.1468,,False,on_map_at_end
961,car,963.0,,837.0,,1306.817,95.0,646.0,191.0,661.954,,,0.7718,0.2282,,False,on_map_at_end
964,car,964.0,,836.0,,1064.448,95.0,696.0,140.0,735.983,,,0.8325,0.1675,,False,on_map_at_end
970,truck,965.0,,835.0,,595.296,100.0,694.0,141.0,757.018,,,0.8311,0.1689,,False,on_map_at_end
971,car,966.0,,834.0,,1056.947,94.0,691.0,143.0,732.61,,,0.8285,0.1715,,False,on_map_at_end
972,car,967.0,,833.0,,1782.029,93.0,555.0,278.0,664.243,,,0.6663,0.3337,,False,on_map_at_end
975,truck,968.0,,832.0,,1385.963,100.0,628.0,204.0,665.618,,,0.7548,0.2452,,False,on_map_at_end
976,car,976.0,,824.0,,1757.465,100.0,562.0,262.0,665.327,,,0.682,0.318,,False,on_map_at_end
977,car,969.0,,831.0,,1049.446,94.0,688.0,143.0,731.082,,,0.8279,0.1721,,False,on_map_at_end
979,car,970.0,,830.0,,1441.605,100.0,623.0,207.0,699.313,,,0.7506,0.2494,,False,on_map_at_end
981,car,972.0,,828.0,,1160.093,74.0,552.0,276.0,716.075,,,0.6667,0.3333,,False,on_map_at_end
982,car,973.0,,827.0,,1506.988,70.0,526.0,301.0,688.529,,,0.636,0.364,,False,on_map_at_end
983,car,973.0,,827.0,,2545.292,24.0,413.0,414.0,581.676,,,0.4994,0.5006,,False,on_map_at_end
993,car,982.0,,818.0,,1737.234,96.0,546.0,272.0,652.492,,,0.6675,0.3325,,False,on_map_at_end
996,truck,984.0,,816.0,,1028.944,93.0,657.0,159.0,691.649,,,0.8051,0.1949,,False,on_map_at_end
999,car,984.0,,816.0,,506.466,100.0,730.0,86.0,764.198,,,0.8946,0.1054,,False,on_map_at_end
