vehicle_id,vehicle_type,enter_time_s,departure_time_s,travel_time_s,route_distance_m,distance_traveled_m,accumulated_waiting_time_s,custom_wait_s,moving_time_s,time_loss_s,free_flow_time_s,delay_s,waiting_fraction,moving_fraction,schedule_efficiency,completed_trip,trip_status
10,car,14.0,77.0,63.0,,406.62,6.0,7.0,56.0,13.924,,,0.1111,0.8889,,True,completed
13,car,20.0,90.0,70.0,,734.57,0.0,0.0,70.0,2.888,,,0.0,1.0,,True,completed
16,car,24.0,106.0,82.0,,783.605,0.0,0.0,82.0,10.475,,,0.0,1.0,,True,completed
41,car,74.0,125.0,51.0,,377.209,1.0,1.0,50.0,8.154,,,0.0196,0.9804,,True,completed
31,car,51.0,128.0,77.0,,596.949,8.0,8.0,69.0,21.523,,,0.1039,0.8961,,True,completed
11,car,18.0,146.0,128.0,,949.244,22.0,22.0,106.0,36.218,,,0.1719,0.8281,,True,completed
6,car,7.0,161.0,154.0,,1604.182,0.0,0.0,154.0,8.622,,,0.0,1.0,,True,completed
26,car,44.0,162.0,118.0,,1038.865,0.0,0.0,118.0,11.01,,,0.0,1.0,,True,completed
3,car,3.0,163.0,160.0,,1499.776,3.0,3.0,157.0,20.844,,,0.0187,0.9812,,True,completed
2,car,2.0,167.0,165.0,,1589.597,0.0,0.0,165.0,14.865,,,0.0,1.0,,True,completed
40,car,70.0,174.0,104.0,,982.384,0.0,0.0,104.0,6.274,,,0.0,1.0,,True,completed
1,car,2.0,175.0,173.0,,1691.711,0.0,3.0,170.0,18.452,,,0.0173,0.9827,,True,completed
5,car,5.0,179.0,174.0,,1578.2,0.0,4.0,170.0,23.945,,,0.023,0.977,,True,completed
28,car,49.0,200.0,151.0,,1577.274,0.0,0.0,151.0,7.652,,,0.0,1.0,,True,completed
50,car,91.0,210.0,119.0,,1063.614,0.0,0.0,119.0,12.964,,,0.0,1.0,,True,completed
18,car,30.0,214.0,184.0,,1814.443,3.0,3.0,181.0,18.034,,,0.0163,0.9837,,True,completed
47,car,85.0,214.0,129.0,,1261.86,0.0,3.0,126.0,13.88,,,0.0233,0.9767,,True,completed
85,car,152.0,224.0,72.0,,734.947,0.0,0.0,72.0,4.854,,,0.0,1.0,,True,completed
8,car,9.0,226.0,217.0,,1658.398,0.0,0.0,217.0,17.721,,,0.0,1.0,,True,completed
60,car,103.0,228.0,125.0,,884.758,3.0,3.0,122.0,16.246,,,0.024,0.976,,True,completed
27,car,46.0,231.0,185.0,,1799.92,0.0,0.0,185.0,11.871,,,0.0,1.0,,True,completed
12,car,19.0,232.0,213.0,,2095.123,0.0,7.0,206.0,22.732,,,0.0329,0.9671,,True,completed
4,truck,5.0,234.0,229.0,,1546.724,20.0,20.0,209.0,41.077,,,0.0873,0.9127,,True,completed
45,car,84.0,241.0,157.0,,1404.097,3.0,3.0,154.0,17.673,,,0.0191,0.9809,,True,completed
20,car,34.0,244.0,210.0,,1777.914,2.0,2.0,208.0,37.148,,,0.0095,0.9905,,True,completed
73,car,130.0,248.0,118.0,,1096.468,0.0,0.0,118.0,8.985,,,0.0,1.0,,True,completed
23,car,36.0,249.0,213.0,,1916.896,5.0,9.0,204.0,34.194,,,0.0423,0.9577,,True,completed
7,car,9.0,253.0,244.0,,2214.571,2.0,2.0,242.0,37.303,,,0.0082,0.9918,,True,completed
89,truck,168.0,256.0,88.0,,680.54,0.0,0.0,88.0,4.788,,,0.0,1.0,,True,completed
52,car,93.0,257.0,164.0,,1685.852,0.0,0.0,164.0,9.626,,,0.0,1.0,,True,completed
34,truck,55.0,258.0,203.0,,1348.316,8.0,11.0,192.0,39.482,,,0.0542,0.9458,,True,completed
61,car,106.0,260.0,154.0,,1412.027,0.0,0.0,154.0,24.89,,,0.0,1.0,,True,completed
43,car,80.0,265.0,185.0,,1398.994,24.0,24.0,161.0,39.896,,,0.1297,0.8703,,True,completed
30,car,51.0,271.0,220.0,,2148.751,0.0,0.0,220.0,17.245,,,0.0,1.0,,True,completed
36,car,59.0,277.0,218.0,,1875.159,20.0,20.0,198.0,40.137,,,0.0917,0.9083,,True,completed
81,car,144.0,278.0,134.0,,1271.745,6.0,6.0,128.0,17.671,,,0.0448,0.9552,,True,completed
46,car,84.0,284.0,200.0,,1592.13,14.0,14.0,186.0,42.358,,,0.07,0.93,,True,completed
37,car,65.0,285.0,220.0,,1832.506,0.0,0.0,220.0,33.517,,,0.0,1.0,,True,completed
38,car,65.0,291.0,226.0,,2131.944,0.0,0.0,226.0,30.408,,,0.0,1.0,,True,completed
75,car,136.0,292.0,156.0,,1518.865,0.0,0.0,156.0,14.257,,,0.0,1.0,,True,completed
110,car,212.0,293.0,81.0,,642.394,0.0,0.0,81.0,7.842,,,0.0,1.0,,True,completed
0,truck,2.0,295.0,293.0,,2126.284,4.0,14.0,279.0,35.981,,,0.0478,0.9522,,True,completed
32,car,52.0,296.0,244.0,,1688.957,0.0,6.0,238.0,35.222,,,0.0246,0.9754,,True,completed
117,car,231.0,299.0,68.0,,536.35,5.0,5.0,63.0,17.941,,,0.0735,0.9265,,True,completed
103,car,195.0,300.0,105.0,,887.999,4.0,4.0,101.0,17.966,,,0.0381,0.9619,,True,completed
22,car,36.0,302.0,266.0,,2617.1,0.0,7.0,259.0,28.378,,,0.0263,0.9737,,True,completed
33,car,54.0,304.0,250.0,,2297.885,0.0,0.0,250.0,25.591,,,0.0,1.0,,True,completed
58,car,100.0,308.0,208.0,,1591.129,41.0,41.0,167.0,62.463,,,0.1971,0.8029,,True,completed
91,car,173.0,310.0,137.0,,1281.441,0.0,0.0,137.0,9.88,,,0.0,1.0,,True,completed
79,truck,140.0,314.0,174.0,,1270.897,6.0,6.0,168.0,18.035,,,0.0345,0.9655,,True,completed
115,car,224.0,318.0,94.0,,750.168,7.0,7.0,87.0,17.747,,,0.0745,0.9255,,True,completed
65,car,114.0,320.0,206.0,,1442.082,48.0,52.0,154.0,70.392,,,0.2524,0.7476,,True,completed
9,truck,12.0,320.0,308.0,,1960.556,19.0,40.0,268.0,70.155,,,0.1299,0.8701,,True,completed
24,truck,38.0,323.0,285.0,,2144.269,0.0,6.0,279.0,26.585,,,0.0211,0.9789,,True,completed
93,car,176.0,324.0,148.0,,1028.969,23.0,23.0,125.0,44.093,,,0.1554,0.8446,,True,completed
137,car,261.0,326.0,65.0,,523.326,7.0,7.0,58.0,16.398,,,0.1077,0.8923,,True,completed
55,car,98.0,326.0,228.0,,2225.203,0.0,0.0,228.0,25.417,,,0.0,1.0,,True,completed
57,car,100.0,328.0,228.0,,1631.35,6.0,15.0,213.0,57.449,,,0.0658,0.9342,,True,completed
39,truck,67.0,330.0,263.0,,1970.532,0.0,5.0,258.0,24.678,,,0.019,0.981,,True,completed
14,truck,21.0,331.0,310.0,,2354.776,1.0,1.0,309.0,24.222,,,0.0032,0.9968,,True,completed
17,car,27.0,333.0,306.0,,2808.227,3.0,3.0,303.0,30.49,,,0.0098,0.9902,,True,completed
120,car,237.0,334.0,97.0,,853.593,4.0,4.0,93.0,18.775,,,0.0412,0.9588,,True,completed
63,car,110.0,334.0,224.0,,1968.291,1.0,1.0,223.0,45.373,,,0.0045,0.9955,,True,completed
87,car,165.0,338.0,173.0,,1625.892,1.0,1.0,172.0,20.881,,,0.0058,0.9942,,True,completed
138,car,262.0,340.0,78.0,,661.942,1.0,1.0,77.0,11.761,,,0.0128,0.9872,,True,completed
59,truck,101.0,340.0,239.0,,1654.601,10.0,13.0,226.0,38.632,,,0.0544,0.9456,,True,completed
102,car,192.0,341.0,149.0,,1505.248,0.0,0.0,149.0,10.786,,,0.0,1.0,,True,completed
56,car,98.0,341.0,243.0,,2130.876,0.0,1.0,242.0,22.548,,,0.0041,0.9959,,True,completed
35,car,56.0,348.0,292.0,,2335.964,18.0,18.0,274.0,72.38,,,0.0616,0.9384,,True,completed
163,car,307.0,350.0,43.0,,443.197,0.0,0.0,43.0,1.981,,,0.0,1.0,,True,completed
71,car,128.0,352.0,224.0,,2103.636,1.0,1.0,223.0,20.274,,,0.0045,0.9955,,True,completed
88,car,166.0,354.0,188.0,,1822.664,0.0,0.0,188.0,13.361,,,0.0,1.0,,True,completed
136,car,258.0,355.0,97.0,,904.02,0.0,0.0,97.0,8.337,,,0.0,1.0,,True,completed
108,car,209.0,357.0,148.0,,1395.219,1.0,1.0,147.0,17.037,,,0.0068,0.9932,,True,completed
112,car,216.0,357.0,141.0,,1235.266,13.0,13.0,128.0,26.884,,,0.0922,0.9078,,True,completed
107,car,207.0,362.0,155.0,,1390.797,2.0,4.0,151.0,24.912,,,0.0258,0.9742,,True,completed
118,car,232.0,362.0,130.0,,1011.037,0.0,0.0,130.0,15.474,,,0.0,1.0,,True,completed
106,car,202.0,364.0,162.0,,1476.509,9.0,9.0,153.0,27.268,,,0.0556,0.9444,,True,completed
51,car,91.0,368.0,277.0,,2636.037,10.0,10.0,267.0,37.484,,,0.0361,0.9639,,True,completed
53,car,96.0,371.0,275.0,,2171.247,36.0,42.0,233.0,78.128,,,0.1527,0.8473,,True,completed
67,car,117.0,371.0,254.0,,2334.39,18.0,18.0,236.0,39.272,,,0.0709,0.9291,,True,completed
186,car,333.0,375.0,42.0,,437.232,0.0,0.0,42.0,1.649,,,0.0,1.0,,True,completed
21,car,35.0,376.0,341.0,,2999.889,10.0,14.0,327.0,61.407,,,0.0411,0.9589,,True,completed
66,car,117.0,377.0,260.0,,2446.294,1.0,7.0,253.0,30.706,,,0.0269,0.9731,,True,completed
114,truck,223.0,378.0,155.0,,1128.989,5.0,5.0,150.0,17.565,,,0.0323,0.9677,,True,completed
42,car,75.0,382.0,307.0,,2668.589,1.0,6.0,301.0,59.502,,,0.0195,0.9805,,True,completed
68,car,118.0,384.0,266.0,,2544.505,0.0,17.0,249.0,34.861,,,0.0639,0.9361,,True,completed
126,car,241.0,385.0,144.0,,1325.486,3.0,3.0,141.0,20.84,,,0.0208,0.9792,,True,completed
113,car,218.0,386.0,168.0,,1693.727,0.0,0.0,168.0,12.416,,,0.0,1.0,,True,completed
143,car,276.0,386.0,110.0,,1150.199,0.0,0.0,110.0,5.481,,,0.0,1.0,,True,completed
151,car,291.0,387.0,96.0,,842.057,5.0,5.0,91.0,19.116,,,0.0521,0.9479,,True,completed
175,car,320.0,390.0,70.0,,731.967,0.0,0.0,70.0,3.122,,,0.0,1.0,,True,completed
44,truck,82.0,390.0,308.0,,2213.581,3.0,11.0,297.0,40.901,,,0.0357,0.9643,,True,completed
109,truck,211.0,393.0,182.0,,1036.616,21.0,29.0,153.0,56.051,,,0.1593,0.8407,,True,completed
77,car,137.0,394.0,257.0,,2549.687,0.0,7.0,250.0,24.889,,,0.0272,0.9728,,True,completed
49,truck,90.0,396.0,306.0,,2224.768,5.0,16.0,290.0,37.403,,,0.0523,0.9477,,True,completed
83,car,149.0,399.0,250.0,,1825.506,5.0,14.0,236.0,63.103,,,0.056,0.944,,True,completed
15,car,22.0,402.0,380.0,,3082.009,17.0,64.0,316.0,98.852,,,0.1684,0.8316,,True,completed
164,truck,309.0,402.0,93.0,,728.146,0.0,0.0,93.0,4.164,,,0.0,1.0,,True,completed
86,car,154.0,402.0,248.0,,2302.785,2.0,5.0,243.0,37.748,,,0.0202,0.9798,,True,completed
69,truck,123.0,404.0,281.0,,2087.864,0.0,13.0,268.0,29.325,,,0.0463,0.9537,,True,completed
153,car,294.0,405.0,111.0,,1169.442,0.0,0.0,111.0,4.749,,,0.0,1.0,,True,completed
76,car,136.0,406.0,270.0,,2628.106,3.0,3.0,267.0,31.343,,,0.0111,0.9889,,True,completed
54,truck,96.0,407.0,311.0,,2412.044,0.0,2.0,309.0,20.439,,,0.0064,0.9936,,True,completed
147,car,286.0,409.0,123.0,,1213.536,0.0,0.0,123.0,8.52,,,0.0,1.0,,True,completed
125,car,240.0,412.0,172.0,,1358.027,12.0,12.0,160.0,46.004,,,0.0698,0.9302,,True,completed
96,car,181.0,414.0,233.0,,2337.285,0.0,0.0,233.0,17.721,,,0.0,1.0,,True,completed
97,car,183.0,422.0,239.0,,2140.349,19.0,25.0,214.0,44.337,,,0.1046,0.8954,,True,completed
121,car,239.0,423.0,184.0,,1491.33,0.0,7.0,177.0,27.929,,,0.038,0.962,,True,completed
95,car,181.0,423.0,242.0,,1417.283,40.0,58.0,184.0,110.546,,,0.2397,0.7603,,True,completed
198,car,349.0,424.0,75.0,,749.805,0.0,0.0,75.0,5.255,,,0.0,1.0,,True,completed
214,truck,374.0,424.0,50.0,,376.806,0.0,0.0,50.0,2.578,,,0.0,1.0,,True,completed
141,car,265.0,425.0,160.0,,1624.308,0.0,0.0,160.0,12.081,,,0.0,1.0,,True,completed
92,car,175.0,425.0,250.0,,2378.233,5.0,13.0,237.0,34.283,,,0.052,0.948,,True,completed
72,car,129.0,430.0,301.0,,2444.87,33.0,48.0,253.0,78.501,,,0.1595,0.8405,,True,completed
19,truck,32.0,432.0,400.0,,2822.131,4.0,14.0,386.0,59.642,,,0.035,0.965,,True,completed
25,car,43.0,436.0,393.0,,3389.407,0.0,7.0,386.0,45.422,,,0.0178,0.9822,,True,completed
62,car,108.0,438.0,330.0,,2971.204,0.0,1.0,329.0,41.296,,,0.003,0.997,,True,completed
101,car,188.0,439.0,251.0,,1647.202,29.0,33.0,218.0,98.746,,,0.1315,0.8685,,True,completed
193,car,343.0,443.0,100.0,,787.507,2.0,2.0,98.0,27.35,,,0.02,0.98,,True,completed
122,car,240.0,445.0,205.0,,2143.203,0.0,0.0,205.0,10.196,,,0.0,1.0,,True,completed
172,car,318.0,447.0,129.0,,1270.305,0.0,0.0,129.0,13.05,,,0.0,1.0,,True,completed
64,truck,111.0,448.0,337.0,,2429.966,3.0,17.0,320.0,44.287,,,0.0504,0.9496,,True,completed
206,car,359.0,450.0,91.0,,661.957,17.0,17.0,74.0,27.168,,,0.1868,0.8132,,True,completed
99,truck,187.0,453.0,266.0,,1914.448,0.0,6.0,260.0,29.999,,,0.0226,0.9774,,True,completed
169,truck,314.0,455.0,141.0,,991.211,6.0,6.0,135.0,19.501,,,0.0426,0.9574,,True,completed
167,car,313.0,457.0,144.0,,1486.764,0.0,0.0,144.0,8.262,,,0.0,1.0,,True,completed
194,truck,346.0,457.0,111.0,,784.987,0.0,0.0,111.0,15.433,,,0.0,1.0,,True,completed
210,car,366.0,460.0,94.0,,925.966,0.0,0.0,94.0,8.361,,,0.0,1.0,,True,completed
90,car,171.0,466.0,295.0,,2250.593,34.0,58.0,237.0,89.99,,,0.1966,0.8034,,True,completed
197,car,343.0,467.0,124.0,,1067.891,8.0,8.0,116.0,26.298,,,0.0645,0.9355,,True,completed
100,car,188.0,469.0,281.0,,2256.311,24.0,37.0,244.0,64.392,,,0.1317,0.8683,,True,completed
146,car,279.0,478.0,199.0,,1791.0,0.0,4.0,195.0,26.897,,,0.0201,0.9799,,True,completed
157,car,302.0,478.0,176.0,,1693.617,7.0,7.0,169.0,22.329,,,0.0398,0.9602,,True,completed
142,car,269.0,483.0,214.0,,1947.13,6.0,6.0,208.0,29.002,,,0.028,0.972,,True,completed
82,car,145.0,493.0,348.0,,2952.419,3.0,12.0,336.0,68.918,,,0.0345,0.9655,,True,completed
161,car,305.0,494.0,189.0,,1691.492,0.0,0.0,189.0,32.502,,,0.0,1.0,,True,completed
192,car,339.0,496.0,157.0,,1411.261,0.0,0.0,157.0,28.743,,,0.0,1.0,,True,completed
105,car,198.0,497.0,299.0,,2833.833,0.0,19.0,280.0,42.248,,,0.0635,0.9365,,True,completed
213,car,370.0,498.0,128.0,,979.911,17.0,17.0,111.0,29.088,,,0.1328,0.8672,,True,completed
132,car,247.0,503.0,256.0,,2335.831,14.0,14.0,242.0,36.292,,,0.0547,0.9453,,True,completed
195,car,341.0,503.0,162.0,,1641.495,0.0,0.0,162.0,9.42,,,0.0,1.0,,True,completed
227,car,391.0,504.0,113.0,,1059.441,0.0,0.0,113.0,9.333,,,0.0,1.0,,True,completed
29,truck,49.0,504.0,455.0,,2745.718,58.0,93.0,362.0,123.819,,,0.2044,0.7956,,True,completed
128,car,244.0,507.0,263.0,,2268.548,6.0,20.0,243.0,50.993,,,0.076,0.924,,True,completed
250,car,429.0,509.0,80.0,,810.021,0.0,0.0,80.0,6.014,,,0.0,1.0,,True,completed
286,car,468.0,512.0,44.0,,458.033,0.0,0.0,44.0,1.777,,,0.0,1.0,,True,completed
145,car,277.0,515.0,238.0,,2085.489,4.0,8.0,230.0,38.902,,,0.0336,0.9664,,True,completed
94,truck,181.0,516.0,335.0,,2314.021,5.0,20.0,315.0,53.754,,,0.0597,0.9403,,True,completed
238,car,408.0,518.0,110.0,,1112.555,0.0,0.0,110.0,7.921,,,0.0,1.0,,True,completed
144,truck,277.0,521.0,244.0,,1834.234,0.0,2.0,242.0,22.466,,,0.0082,0.9918,,True,completed
249,truck,428.0,523.0,95.0,,732.335,0.0,0.0,95.0,5.311,,,0.0,1.0,,True,completed
98,car,184.0,525.0,341.0,,2100.462,67.0,84.0,257.0,140.619,,,0.2463,0.7537,,True,completed
221,car,385.0,526.0,141.0,,1266.979,0.0,2.0,139.0,25.25,,,0.0142,0.9858,,True,completed
185,car,333.0,528.0,195.0,,1458.79,22.0,34.0,161.0,62.708,,,0.1744,0.8256,,True,completed
123,car,240.0,529.0,289.0,,1562.514,72.0,91.0,198.0,128.716,,,0.3149,0.6851,,True,completed
168,car,313.0,529.0,216.0,,2118.49,0.0,1.0,215.0,21.43,,,0.0046,0.9954,,True,completed
104,truck,196.0,530.0,334.0,,2417.296,0.0,6.0,328.0,42.039,,,0.018,0.982,,True,completed
162,car,305.0,530.0,225.0,,2008.496,15.0,15.0,210.0,38.202,,,0.0667,0.9333,,True,completed
139,truck,263.0,532.0,269.0,,2007.961,5.0,5.0,264.0,26.861,,,0.0186,0.9814,,True,completed
156,car,302.0,534.0,232.0,,2130.45,12.0,12.0,220.0,34.484,,,0.0517,0.9483,,True,completed
275,car,452.0,534.0,82.0,,742.275,3.0,3.0,79.0,14.195,,,0.0366,0.9634,,True,completed
70,car,128.0,536.0,408.0,,3166.919,0.0,61.0,347.0,105.784,,,0.1495,0.8505,,True,completed
48,car,87.0,538.0,451.0,,3033.917,54.0,69.0,382.0,161.112,,,0.153,0.847,,True,completed
235,car,403.0,541.0,138.0,,1327.105,0.0,0.0,138.0,10.466,,,0.0,1.0,,True,completed
339,truck,532.0,541.0,9.0,,64.754,0.0,0.0,9.0,0.226,,,0.0,1.0,,True,completed
266,car,445.0,543.0,98.0,,880.353,5.0,6.0,92.0,17.767,,,0.0612,0.9388,,True,completed
74,truck,134.0,544.0,410.0,,2613.207,49.0,66.0,344.0,93.615,,,0.161,0.839,,True,completed
140,car,264.0,548.0,284.0,,2652.998,0.0,0.0,284.0,43.089,,,0.0,1.0,,True,completed
308,car,491.0,548.0,57.0,,591.542,0.0,0.0,57.0,2.761,,,0.0,1.0,,True,completed
129,truck,245.0,551.0,306.0,,2357.302,3.0,3.0,303.0,21.794,,,0.0098,0.9902,,True,completed
188,car,335.0,551.0,216.0,,1812.911,2.0,2.0,214.0,50.801,,,0.0093,0.9907,,True,completed
245,car,419.0,551.0,132.0,,905.9,12.0,17.0,115.0,41.545,,,0.1288,0.8712,,True,completed
158,car,302.0,553.0,251.0,,2005.197,4.0,39.0,212.0,68.877,,,0.1554,0.8446,,True,completed
256,car,436.0,553.0,117.0,,975.212,5.0,5.0,112.0,22.799,,,0.0427,0.9573,,True,completed
127,car,243.0,555.0,312.0,,2255.728,37.0,66.0,246.0,102.993,,,0.2115,0.7885,,True,completed
155,car,301.0,559.0,258.0,,2246.032,16.0,18.0,240.0,50.231,,,0.0698,0.9302,,True,completed
332,car,516.0,562.0,46.0,,477.949,0.0,0.0,46.0,1.984,,,0.0,1.0,,True,completed
133,car,251.0,563.0,312.0,,2517.4,4.0,35.0,277.0,82.596,,,0.1122,0.8878,,True,completed
166,car,312.0,563.0,251.0,,1970.526,23.0,28.0,223.0,71.313,,,0.1116,0.8884,,True,completed
236,car,406.0,567.0,161.0,,1408.647,0.0,0.0,161.0,32.158,,,0.0,1.0,,True,completed
182,car,328.0,570.0,242.0,,2219.114,2.0,13.0,229.0,36.649,,,0.0537,0.9463,,True,completed
262,car,442.0,571.0,129.0,,1172.899,0.0,0.0,129.0,12.514,,,0.0,1.0,,True,completed
150,car,291.0,572.0,281.0,,2616.968,11.0,14.0,267.0,38.667,,,0.0498,0.9502,,True,completed
135,car,256.0,574.0,318.0,,2210.125,35.0,62.0,256.0,103.113,,,0.195,0.805,,True,completed
160,car,303.0,575.0,272.0,,2531.055,7.0,19.0,253.0,42.172,,,0.0699,0.9301,,True,completed
364,truck,556.0,575.0,19.0,,145.668,0.0,0.0,19.0,0.513,,,0.0,1.0,,True,completed
217,car,380.0,577.0,197.0,,1395.65,27.0,33.0,164.0,60.375,,,0.1675,0.8325,,True,completed
170,car,315.0,579.0,264.0,,2608.583,0.0,1.0,263.0,27.435,,,0.0038,0.9962,,True,completed
333,car,516.0,579.0,63.0,,460.002,5.0,5.0,58.0,20.069,,,0.0794,0.9206,,True,completed
219,truck,384.0,584.0,200.0,,1568.23,0.0,0.0,200.0,10.024,,,0.0,1.0,,True,completed
259,truck,438.0,585.0,147.0,,1104.823,0.0,0.0,147.0,11.371,,,0.0,1.0,,True,completed
294,truck,480.0,593.0,113.0,,837.117,0.0,0.0,113.0,8.085,,,0.0,1.0,,True,completed
124,truck,240.0,594.0,354.0,,2689.487,4.0,4.0,350.0,29.974,,,0.0113,0.9887,,True,completed
265,car,444.0,600.0,156.0,,1491.283,0.0,0.0,156.0,10.024,,,0.0,1.0,,True,completed
176,car,320.0,601.0,281.0,,2543.77,2.0,6.0,275.0,42.006,,,0.0214,0.9786,,True,completed
228,car,392.0,603.0,211.0,,1994.461,0.0,0.0,211.0,24.444,,,0.0,1.0,,True,completed
84,truck,150.0,603.0,453.0,,2926.296,3.0,57.0,396.0,99.777,,,0.1258,0.8742,,True,completed
336,car,524.0,605.0,81.0,,752.206,0.0,0.0,81.0,5.364,,,0.0,1.0,,True,completed
215,car,375.0,606.0,231.0,,2209.337,0.0,0.0,231.0,17.397,,,0.0,1.0,,True,completed
202,car,352.0,609.0,257.0,,1790.551,0.0,10.0,247.0,33.615,,,0.0389,0.9611,,True,completed
252,car,430.0,612.0,182.0,,1521.716,0.0,1.0,181.0,39.624,,,0.0055,0.9945,,True,completed
313,car,498.0,612.0,114.0,,1008.487,0.0,0.0,114.0,10.186,,,0.0,1.0,,True,completed
300,car,482.0,615.0,133.0,,1266.562,0.0,0.0,133.0,14.547,,,0.0,1.0,,True,completed
165,car,309.0,616.0,307.0,,2581.25,0.0,0.0,307.0,33.009,,,0.0,1.0,,True,completed
208,car,365.0,616.0,251.0,,1830.947,0.0,35.0,216.0,58.052,,,0.1394,0.8606,,True,completed
325,car,512.0,616.0,104.0,,643.645,18.0,18.0,86.0,30.781,,,0.1731,0.8269,,True,completed
78,car,138.0,616.0,478.0,,1269.06,95.0,331.0,147.0,353.962,,,0.6925,0.3075,,True,completed
232,car,400.0,617.0,217.0,,1864.533,9.0,14.0,203.0,45.593,,,0.0645,0.9355,,True,completed
80,car,142.0,618.0,476.0,,2286.437,92.0,227.0,249.0,258.26,,,0.4769,0.5231,,True,completed
183,car,332.0,619.0,287.0,,2767.434,6.0,6.0,281.0,35.529,,,0.0209,0.9791,,True,completed
212,car,369.0,619.0,250.0,,2244.205,6.0,21.0,229.0,45.121,,,0.084,0.916,,True,completed
243,car,417.0,620.0,203.0,,1526.384,25.0,28.0,175.0,58.544,,,0.1379,0.8621,,True,completed
258,car,439.0,623.0,184.0,,1523.699,13.0,13.0,171.0,38.139,,,0.0707,0.9293,,True,completed
264,truck,444.0,624.0,180.0,,1262.932,9.0,9.0,171.0,26.984,,,0.05,0.95,,True,completed
277,car,453.0,626.0,173.0,,1637.826,2.0,6.0,167.0,24.594,,,0.0347,0.9653,,True,completed
231,car,400.0,628.0,228.0,,1622.379,5.0,41.0,187.0,67.09,,,0.1798,0.8202,,True,completed
322,car,509.0,629.0,120.0,,1002.735,11.0,11.0,109.0,26.983,,,0.0917,0.9083,,True,completed
149,truck,290.0,630.0,340.0,,2577.011,0.0,5.0,335.0,28.867,,,0.0147,0.9853,,True,completed
177,car,320.0,633.0,313.0,,2346.063,15.0,41.0,272.0,76.846,,,0.131,0.869,,True,completed
111,car,216.0,635.0,419.0,,1856.675,90.0,202.0,217.0,233.404,,,0.4821,0.5179,,True,completed
273,car,450.0,635.0,185.0,,1696.431,0.0,0.0,185.0,30.452,,,0.0,1.0,,True,completed
282,car,465.0,635.0,170.0,,1628.305,0.0,0.0,170.0,12.059,,,0.0,1.0,,True,completed
247,car,423.0,637.0,214.0,,2089.476,0.0,0.0,214.0,24.829,,,0.0,1.0,,True,completed
422,car,613.0,638.0,25.0,,198.932,0.0,0.0,25.0,6.096,,,0.0,1.0,,True,completed
242,car,416.0,640.0,224.0,,1761.171,0.0,5.0,219.0,60.451,,,0.0223,0.9777,,True,completed
203,car,354.0,641.0,287.0,,2301.858,0.0,20.0,267.0,52.531,,,0.0697,0.9303,,True,completed
234,truck,401.0,641.0,240.0,,1660.335,4.0,16.0,224.0,38.881,,,0.0667,0.9333,,True,completed
190,car,338.0,643.0,305.0,,2675.043,1.0,11.0,294.0,45.333,,,0.0361,0.9639,,True,completed
130,car,245.0,648.0,403.0,,1905.498,79.0,179.0,224.0,220.618,,,0.4442,0.5558,,True,completed
311,car,496.0,653.0,157.0,,1491.769,0.0,0.0,157.0,15.405,,,0.0,1.0,,True,completed
344,truck,537.0,653.0,116.0,,878.747,0.0,1.0,115.0,9.508,,,0.0086,0.9914,,True,completed
224,truck,390.0,660.0,270.0,,1984.402,0.0,15.0,255.0,30.669,,,0.0556,0.9444,,True,completed
316,car,502.0,664.0,162.0,,1610.287,0.0,4.0,158.0,15.827,,,0.0247,0.9753,,True,completed
340,car,532.0,664.0,132.0,,1395.715,0.0,0.0,132.0,5.384,,,0.0,1.0,,True,completed
209,truck,365.0,667.0,302.0,,2126.092,13.0,19.0,283.0,45.38,,,0.0629,0.9371,,True,completed
248,car,428.0,669.0,241.0,,2049.81,0.0,4.0,237.0,53.483,,,0.0166,0.9834,,True,completed
369,truck,562.0,669.0,107.0,,664.944,18.0,18.0,89.0,26.175,,,0.1682,0.8318,,True,completed
318,car,505.0,670.0,165.0,,1710.016,0.0,0.0,165.0,9.255,,,0.0,1.0,,True,completed
220,car,384.0,671.0,287.0,,2604.02,5.0,17.0,270.0,51.414,,,0.0592,0.9408,,True,completed
119,truck,232.0,672.0,440.0,,3188.044,18.0,18.0,422.0,53.346,,,0.0409,0.9591,,True,completed
159,truck,303.0,672.0,369.0,,2493.727,33.0,34.0,335.0,68.235,,,0.0921,0.9079,,True,completed
335,car,523.0,673.0,150.0,,1136.453,4.0,6.0,144.0,45.311,,,0.04,0.96,,True,completed
315,car,502.0,674.0,172.0,,1482.71,19.0,20.0,152.0,36.627,,,0.1163,0.8837,,True,completed
489,truck,658.0,674.0,16.0,,118.235,0.0,0.0,16.0,0.806,,,0.0,1.0,,True,completed
171,car,315.0,675.0,360.0,,2987.64,2.0,17.0,343.0,49.832,,,0.0472,0.9528,,True,completed
218,car,382.0,675.0,293.0,,2224.58,9.0,55.0,238.0,84.931,,,0.1877,0.8123,,True,completed
280,car,458.0,675.0,217.0,,1829.076,0.0,3.0,214.0,31.783,,,0.0138,0.9862,,True,completed
293,car,476.0,675.0,199.0,,1033.203,48.0,48.0,151.0,87.343,,,0.2412,0.7588,,True,completed
229,truck,393.0,679.0,286.0,,2253.212,0.0,0.0,286.0,13.656,,,0.0,1.0,,True,completed
260,car,438.0,681.0,243.0,,2455.434,0.0,0.0,243.0,19.685,,,0.0,1.0,,True,completed
305,car,489.0,681.0,192.0,,1682.154,0.0,0.0,192.0,38.288,,,0.0,1.0,,True,completed
279,truck,454.0,683.0,229.0,,1646.722,0.0,0.0,229.0,13.855,,,0.0,1.0,,True,completed
350,car,540.0,683.0,143.0,,1356.576,0.0,0.0,143.0,15.647,,,0.0,1.0,,True,completed
351,car,541.0,684.0,143.0,,1322.648,3.0,3.0,140.0,19.632,,,0.021,0.979,,True,completed
154,truck,299.0,686.0,387.0,,2958.733,0.0,11.0,376.0,30.742,,,0.0284,0.9716,,True,completed
302,car,484.0,687.0,203.0,,1819.978,4.0,4.0,199.0,35.648,,,0.0197,0.9803,,True,completed
233,car,401.0,688.0,287.0,,2270.191,0.0,7.0,280.0,80.447,,,0.0244,0.9756,,True,completed
309,truck,492.0,688.0,196.0,,1501.202,0.0,1.0,195.0,14.535,,,0.0051,0.9949,,True,completed
354,truck,544.0,690.0,146.0,,1032.481,0.0,5.0,141.0,19.937,,,0.0342,0.9658,,True,completed
393,car,595.0,690.0,95.0,,784.473,3.0,3.0,92.0,21.226,,,0.0316,0.9684,,True,completed
343,car,536.0,694.0,158.0,,1564.176,3.0,3.0,155.0,15.838,,,0.019,0.981,,True,completed
435,car,620.0,695.0,75.0,,735.567,0.0,0.0,75.0,6.762,,,0.0,1.0,,True,completed
397,car,602.0,696.0,94.0,,785.677,9.0,9.0,85.0,21.884,,,0.0957,0.9043,,True,completed
199,truck,349.0,697.0,348.0,,1726.102,20.0,101.0,247.0,138.956,,,0.2902,0.7098,,True,completed
324,truck,509.0,700.0,191.0,,1385.699,0.0,0.0,191.0,22.742,,,0.0,1.0,,True,completed
411,car,608.0,701.0,93.0,,811.8,0.0,0.0,93.0,8.933,,,0.0,1.0,,True,completed
296,car,481.0,703.0,222.0,,1832.318,0.0,21.0,201.0,54.982,,,0.0946,0.9054,,True,completed
536,car,691.0,704.0,13.0,,126.801,0.0,0.0,13.0,0.588,,,0.0,1.0,,True,completed
412,car,609.0,705.0,96.0,,732.326,18.0,18.0,78.0,28.345,,,0.1875,0.8125,,True,completed
368,car,561.0,706.0,145.0,,1069.148,38.0,38.0,107.0,47.235,,,0.2621,0.7379,,True,completed
287,car,469.0,708.0,239.0,,2241.998,0.0,0.0,239.0,24.906,,,0.0,1.0,,True,completed
346,car,539.0,708.0,169.0,,1589.276,1.0,3.0,166.0,24.836,,,0.0178,0.9822,,True,completed
244,truck,418.0,710.0,292.0,,1685.841,33.0,56.0,236.0,88.266,,,0.1918,0.8082,,True,completed
508,car,672.0,714.0,42.0,,436.744,0.0,0.0,42.0,1.693,,,0.0,1.0,,True,completed
272,car,449.0,716.0,267.0,,1829.281,0.0,34.0,233.0,90.272,,,0.1273,0.8727,,True,completed
173,car,318.0,718.0,400.0,,2806.451,43.0,51.0,349.0,144.718,,,0.1275,0.8725,,True,completed
267,car,445.0,718.0,273.0,,2264.839,3.0,23.0,250.0,65.604,,,0.0842,0.9158,,True,completed
511,car,674.0,719.0,45.0,,372.422,0.0,0.0,45.0,7.586,,,0.0,1.0,,True,completed
341,car,534.0,720.0,186.0,,1495.796,9.0,16.0,170.0,42.435,,,0.086,0.914,,True,completed
284,truck,467.0,721.0,254.0,,1641.282,0.0,32.0,222.0,55.448,,,0.126,0.874,,True,completed
131,car,246.0,722.0,476.0,,2783.354,28.0,158.0,318.0,221.443,,,0.3319,0.6681,,True,completed
310,car,495.0,722.0,227.0,,1933.98,0.0,16.0,211.0,34.454,,,0.0705,0.9295,,True,completed
360,car,551.0,722.0,171.0,,1455.527,14.0,14.0,157.0,34.591,,,0.0819,0.9181,,True,completed
317,car,504.0,723.0,219.0,,1913.06,0.0,5.0,214.0,44.949,,,0.0228,0.9772,,True,completed
288,car,470.0,724.0,254.0,,2217.299,2.0,6.0,248.0,45.576,,,0.0236,0.9764,,True,completed
424,truck,615.0,724.0,109.0,,796.486,0.0,0.0,109.0,12.019,,,0.0,1.0,,True,completed
116,car,230.0,727.0,497.0,,2594.995,34.0,194.0,303.0,259.469,,,0.3903,0.6097,,True,completed
357,car,547.0,733.0,186.0,,1522.05,12.0,16.0,170.0,42.107,,,0.086,0.914,,True,completed
181,car,327.0,735.0,408.0,,2771.999,32.0,62.0,346.0,150.512,,,0.152,0.848,,True,completed
356,car,546.0,735.0,189.0,,1690.653,1.0,1.0,188.0,34.104,,,0.0053,0.9947,,True,completed
423,car,615.0,735.0,120.0,,1023.893,0.0,0.0,120.0,26.333,,,0.0,1.0,,True,completed
298,car,481.0,736.0,255.0,,2334.607,2.0,9.0,246.0,35.996,,,0.0353,0.9647,,True,completed
223,car,387.0,738.0,351.0,,2012.761,25.0,91.0,260.0,153.153,,,0.2593,0.7407,,True,completed
205,car,356.0,739.0,383.0,,2341.83,19.0,92.0,291.0,158.8,,,0.2402,0.7598,,True,completed
292,car,475.0,742.0,267.0,,2400.825,0.0,6.0,261.0,43.765,,,0.0225,0.9775,,True,completed
314,truck,498.0,742.0,244.0,,1860.311,0.0,4.0,240.0,19.342,,,0.0164,0.9836,,True,completed
301,car,483.0,743.0,260.0,,2139.057,9.0,12.0,248.0,65.323,,,0.0462,0.9538,,True,completed
358,car,549.0,743.0,194.0,,1825.262,0.0,7.0,187.0,26.903,,,0.0361,0.9639,,True,completed
492,car,659.0,745.0,86.0,,664.196,3.0,3.0,83.0,18.124,,,0.0349,0.9651,,True,completed
269,truck,447.0,748.0,301.0,,2225.517,1.0,2.0,299.0,31.923,,,0.0066,0.9934,,True,completed
468,car,639.0,748.0,109.0,,853.911,4.0,4.0,105.0,29.459,,,0.0367,0.9633,,True,completed
334,truck,518.0,749.0,231.0,,1684.0,0.0,7.0,224.0,26.655,,,0.0303,0.9697,,True,completed
189,truck,336.0,750.0,414.0,,2238.515,42.0,75.0,339.0,110.007,,,0.1812,0.8188,,True,completed
211,car,367.0,750.0,383.0,,2009.087,0.0,174.0,209.0,200.572,,,0.4543,0.5457,,True,completed
295,car,481.0,750.0,269.0,,2371.166,0.0,8.0,261.0,53.662,,,0.0297,0.9703,,True,completed
475,car,643.0,751.0,108.0,,919.946,0.0,0.0,108.0,8.612,,,0.0,1.0,,True,completed
329,truck,515.0,754.0,239.0,,1534.674,0.0,36.0,203.0,50.101,,,0.1506,0.8494,,True,completed
366,car,558.0,754.0,196.0,,1524.377,0.0,14.0,182.0,53.539,,,0.0714,0.9286,,True,completed
352,car,542.0,756.0,214.0,,1631.643,0.0,20.0,194.0,64.185,,,0.0935,0.9065,,True,completed
297,car,481.0,757.0,276.0,,1421.699,64.0,87.0,189.0,145.122,,,0.3152,0.6848,,True,completed
222,car,387.0,760.0,373.0,,2864.271,26.0,37.0,336.0,87.856,,,0.0992,0.9008,,True,completed
396,car,601.0,761.0,160.0,,1270.206,10.0,20.0,140.0,43.655,,,0.125,0.875,,True,completed
400,car,602.0,761.0,159.0,,1416.231,6.0,6.0,153.0,29.28,,,0.0377,0.9623,,True,completed
328,car,513.0,762.0,249.0,,2214.505,24.0,24.0,225.0,42.549,,,0.0964,0.9036,,True,completed
523,car,684.0,764.0,80.0,,673.161,6.0,6.0,74.0,16.644,,,0.075,0.925,,True,completed
319,truck,507.0,768.0,261.0,,1984.668,0.0,5.0,256.0,21.474,,,0.0192,0.9808,,True,completed
462,car,636.0,768.0,132.0,,1205.653,0.0,0.0,132.0,20.184,,,0.0,1.0,,True,completed
469,truck,641.0,770.0,129.0,,847.539,11.0,14.0,115.0,25.977,,,0.1085,0.8915,,True,completed
491,car,659.0,770.0,111.0,,984.888,0.0,0.0,111.0,11.83,,,0.0,1.0,,True,completed
464,truck,636.0,771.0,135.0,,1019.584,0.0,0.0,135.0,9.475,,,0.0,1.0,,True,completed
602,car,737.0,774.0,37.0,,374.464,0.0,0.0,37.0,2.298,,,0.0,1.0,,True,completed
345,car,539.0,776.0,237.0,,1908.171,0.0,8.0,229.0,60.049,,,0.0338,0.9662,,True,completed
353,car,543.0,776.0,233.0,,1760.532,10.0,19.0,214.0,45.106,,,0.0815,0.9185,,True,completed
482,car,649.0,776.0,127.0,,1144.086,4.0,4.0,123.0,18.329,,,0.0315,0.9685,,True,completed
429,truck,618.0,779.0,161.0,,1185.983,1.0,1.0,160.0,17.625,,,0.0062,0.9938,,True,completed
500,car,665.0,779.0,114.0,,949.462,1.0,1.0,113.0,21.024,,,0.0088,0.9912,,True,completed
579,truck,722.0,780.0,58.0,,455.508,0.0,0.0,58.0,2.261,,,0.0,1.0,,True,completed
605,car,738.0,781.0,43.0,,442.798,0.0,0.0,43.0,2.148,,,0.0,1.0,,True,completed
526,car,700.0,782.0,82.0,,566.872,20.0,20.0,62.0,29.174,,,0.2439,0.7561,,True,completed
201,car,351.0,783.0,432.0,,2493.872,65.0,98.0,334.0,205.546,,,0.2269,0.7731,,True,completed
474,truck,643.0,783.0,140.0,,1067.682,0.0,0.0,140.0,10.827,,,0.0,1.0,,True,completed
184,truck,333.0,785.0,452.0,,3331.159,0.0,10.0,442.0,45.723,,,0.0221,0.9779,,True,completed
372,car,566.0,785.0,219.0,,1950.187,8.0,8.0,211.0,41.403,,,0.0365,0.9635,,True,completed
179,truck,322.0,786.0,464.0,,2685.352,46.0,92.0,372.0,140.015,,,0.1983,0.8017,,True,completed
443,car,624.0,786.0,162.0,,1560.145,1.0,1.0,161.0,19.916,,,0.0062,0.9938,,True,completed
499,truck,665.0,786.0,121.0,,802.665,11.0,11.0,110.0,23.642,,,0.0909,0.9091,,True,completed
558,car,708.0,792.0,84.0,,735.531,0.0,0.0,84.0,11.72,,,0.0,1.0,,True,completed
276,car,453.0,795.0,342.0,,2731.919,14.0,62.0,280.0,92.771,,,0.1813,0.8187,,True,completed
428,car,617.0,796.0,179.0,,1493.11,0.0,3.0,176.0,31.209,,,0.0168,0.9832,,True,completed
392,car,594.0,797.0,203.0,,1670.703,0.0,6.0,197.0,49.813,,,0.0296,0.9704,,True,completed
540,car,693.0,800.0,107.0,,699.678,26.0,26.0,81.0,40.771,,,0.243,0.757,,True,completed
570,car,716.0,800.0,84.0,,621.31,11.0,11.0,73.0,26.022,,,0.131,0.869,,True,completed
375,car,569.0,801.0,232.0,,2335.626,0.0,0.0,232.0,16.59,,,0.0,1.0,,True,completed
379,truck,576.0,803.0,227.0,,1586.106,14.0,14.0,213.0,35.12,,,0.0617,0.9383,,True,completed
406,car,605.0,805.0,200.0,,1689.486,0.0,4.0,196.0,45.317,,,0.02,0.98,,True,completed
253,car,432.0,808.0,376.0,,3363.875,0.0,13.0,363.0,64.046,,,0.0346,0.9654,,True,completed
431,car,619.0,809.0,190.0,,1699.089,0.0,2.0,188.0,33.502,,,0.0105,0.9895,,True,completed
454,truck,632.0,809.0,177.0,,992.151,34.0,34.0,143.0,53.913,,,0.1921,0.8079,,True,completed
480,car,649.0,809.0,160.0,,1471.761,0.0,0.0,160.0,12.553,,,0.0,1.0,,True,completed
383,car,584.0,810.0,226.0,,1992.596,0.0,14.0,212.0,37.31,,,0.0619,0.9381,,True,completed
494,truck,660.0,810.0,150.0,,1048.213,4.0,6.0,144.0,22.574,,,0.04,0.96,,True,completed
370,car,563.0,811.0,248.0,,1678.259,17.0,58.0,190.0,95.955,,,0.2339,0.7661,,True,completed
589,truck,729.0,814.0,85.0,,666.606,0.0,0.0,85.0,3.975,,,0.0,1.0,,True,completed
407,car,605.0,818.0,213.0,,1124.874,66.0,77.0,136.0,99.217,,,0.3615,0.6385,,True,completed
268,car,447.0,819.0,372.0,,2209.142,46.0,94.0,278.0,170.86,,,0.2527,0.7473,,True,completed
398,car,602.0,819.0,217.0,,1304.907,58.0,58.0,159.0,77.478,,,0.2673,0.7327,,True,completed
251,car,429.0,821.0,392.0,,2450.009,71.0,77.0,315.0,168.1,,,0.1964,0.8036,,True,completed
376,car,583.0,821.0,238.0,,1559.055,18.0,62.0,176.0,96.306,,,0.2605,0.7395,,True,completed
598,car,735.0,821.0,86.0,,763.752,0.0,0.0,86.0,14.957,,,0.0,1.0,,True,completed
306,car,491.0,824.0,333.0,,1856.077,39.0,87.0,246.0,161.973,,,0.2613,0.7387,,True,completed
290,car,472.0,825.0,353.0,,2879.407,13.0,25.0,328.0,91.463,,,0.0708,0.9292,,True,completed
327,car,512.0,825.0,313.0,,2188.658,70.0,71.0,242.0,114.743,,,0.2268,0.7732,,True,completed
254,truck,435.0,826.0,391.0,,2367.699,75.0,76.0,315.0,105.008,,,0.1944,0.8056,,True,completed
562,car,710.0,826.0,116.0,,1082.323,6.0,6.0,110.0,17.59,,,0.0517,0.9483,,True,completed
630,car,752.0,826.0,74.0,,735.908,0.0,0.0,74.0,6.768,,,0.0,1.0,,True,completed
442,car,624.0,828.0,204.0,,1820.22,5.0,10.0,194.0,38.27,,,0.049,0.951,,True,completed
539,truck,692.0,829.0,137.0,,968.631,1.0,1.0,136.0,18.998,,,0.0073,0.9927,,True,completed
660,car,786.0,830.0,44.0,,372.431,0.0,0.0,44.0,9.481,,,0.0,1.0,,True,completed
307,car,491.0,832.0,341.0,,1732.776,80.0,130.0,211.0,171.279,,,0.3812,0.6188,,True,completed
389,truck,591.0,832.0,241.0,,1779.095,0.0,6.0,235.0,26.423,,,0.0249,0.9751,,True,completed
571,car,716.0,832.0,116.0,,972.778,2.0,2.0,114.0,22.308,,,0.0172,0.9828,,True,completed
636,car,755.0,832.0,77.0,,724.871,0.0,0.0,77.0,8.419,,,0.0,1.0,,True,completed
483,car,649.0,833.0,184.0,,1217.626,13.0,24.0,160.0,48.11,,,0.1304,0.8696,,True,completed
255,car,435.0,834.0,399.0,,2671.189,9.0,85.0,314.0,147.9,,,0.213,0.787,,True,completed
416,car,611.0,834.0,223.0,,1823.336,0.0,10.0,213.0,31.378,,,0.0448,0.9552,,True,completed
436,car,620.0,834.0,214.0,,1417.347,48.0,50.0,164.0,79.139,,,0.2336,0.7664,,True,completed
575,car,719.0,834.0,115.0,,972.05,1.0,1.0,114.0,22.137,,,0.0087,0.9913,,True,completed
574,truck,718.0,836.0,118.0,,882.905,0.0,0.0,118.0,10.481,,,0.0,1.0,,True,completed
459,truck,633.0,840.0,207.0,,1526.426,0.0,0.0,207.0,22.756,,,0.0,1.0,,True,completed
591,car,730.0,840.0,110.0,,867.415,8.0,8.0,102.0,30.091,,,0.0727,0.9273,,True,completed
200,car,351.0,841.0,490.0,,2996.059,0.0,192.0,298.0,218.492,,,0.3918,0.6082,,True,completed
388,car,590.0,841.0,251.0,,1980.709,0.0,7.0,244.0,71.397,,,0.0279,0.9721,,True,completed
271,car,449.0,843.0,394.0,,3039.401,0.0,68.0,326.0,107.799,,,0.1726,0.8274,,True,completed
381,car,579.0,843.0,264.0,,2498.214,0.0,13.0,251.0,37.366,,,0.0492,0.9508,,True,completed
622,car,748.0,843.0,95.0,,956.3,0.0,0.0,95.0,6.566,,,0.0,1.0,,True,completed
148,car,287.0,844.0,557.0,,3423.433,0.0,202.0,355.0,235.986,,,0.3627,0.6373,,True,completed
481,car,649.0,845.0,196.0,,1547.809,6.0,39.0,157.0,55.32,,,0.199,0.801,,True,completed
458,car,633.0,848.0,215.0,,1554.306,11.0,27.0,188.0,73.834,,,0.1256,0.8744,,True,completed
394,truck,599.0,850.0,251.0,,1863.413,0.0,2.0,249.0,25.424,,,0.008,0.992,,True,completed
683,car,791.0,850.0,59.0,,583.153,0.0,0.0,59.0,5.516,,,0.0,1.0,,True,completed
240,car,412.0,854.0,442.0,,2486.013,10.0,165.0,277.0,215.934,,,0.3733,0.6267,,True,completed
613,car,742.0,854.0,112.0,,1153.47,0.0,0.0,112.0,6.592,,,0.0,1.0,,True,completed
522,car,684.0,856.0,172.0,,1327.902,23.0,23.0,149.0,40.196,,,0.1337,0.8663,,True,completed
380,car,577.0,859.0,282.0,,2087.411,3.0,35.0,247.0,72.775,,,0.1241,0.8759,,True,completed
618,car,745.0,859.0,114.0,,984.222,0.0,0.0,114.0,11.198,,,0.0,1.0,,True,completed
430,car,618.0,860.0,242.0,,886.032,43.0,104.0,138.0,157.03,,,0.4298,0.5702,,True,completed
479,truck,648.0,865.0,217.0,,1435.273,11.0,21.0,196.0,43.698,,,0.0968,0.9032,,True,completed
152,car,294.0,866.0,572.0,,1854.321,95.0,339.0,233.0,393.596,,,0.5927,0.4073,,True,completed
285,car,468.0,866.0,398.0,,2271.19,42.0,109.0,289.0,189.061,,,0.2739,0.7261,,True,completed
338,car,531.0,866.0,335.0,,1480.109,41.0,136.0,199.0,193.726,,,0.406,0.594,,True,completed
426,car,615.0,866.0,251.0,,2040.575,11.0,34.0,217.0,65.886,,,0.1355,0.8645,,True,completed
506,car,669.0,867.0,198.0,,1701.193,0.0,0.0,198.0,42.508,,,0.0,1.0,,True,completed
374,truck,568.0,869.0,301.0,,2103.125,1.0,17.0,284.0,46.735,,,0.0565,0.9435,,True,completed
365,car,556.0,872.0,316.0,,2522.665,23.0,46.0,270.0,82.349,,,0.1456,0.8544,,True,completed
440,car,622.0,872.0,250.0,,2141.803,8.0,10.0,240.0,49.439,,,0.04,0.96,,True,completed
525,car,685.0,873.0,188.0,,1267.44,0.0,38.0,150.0,72.145,,,0.2021,0.7979,,True,completed
455,car,632.0,874.0,242.0,,982.803,40.0,82.0,160.0,132.651,,,0.3388,0.6612,,True,completed
488,car,656.0,874.0,218.0,,1631.046,4.0,18.0,200.0,56.249,,,0.0826,0.9174,,True,completed
592,car,730.0,874.0,144.0,,1375.091,0.0,5.0,139.0,18.415,,,0.0347,0.9653,,True,completed
542,car,695.0,875.0,180.0,,1486.513,1.0,13.0,167.0,40.617,,,0.0722,0.9278,,True,completed
134,truck,255.0,876.0,621.0,,2272.923,88.0,288.0,333.0,346.659,,,0.4638,0.5362,,True,completed
274,truck,513.0,876.0,363.0,,1576.495,57.0,114.0,249.0,172.297,,,0.314,0.686,,True,completed
553,car,703.0,876.0,173.0,,1327.582,11.0,18.0,155.0,47.433,,,0.104,0.896,,True,completed
178,car,321.0,879.0,558.0,,2359.819,85.0,263.0,295.0,340.101,,,0.4713,0.5287,,True,completed
652,car,770.0,879.0,109.0,,746.771,13.0,13.0,96.0,39.786,,,0.1193,0.8807,,True,completed
230,car,396.0,883.0,487.0,,2894.32,36.0,102.0,385.0,182.477,,,0.2094,0.7906,,True,completed
342,car,535.0,883.0,348.0,,1951.665,28.0,132.0,216.0,168.236,,,0.3793,0.6207,,True,completed
654,truck,771.0,885.0,114.0,,402.215,52.0,52.0,62.0,64.711,,,0.4561,0.5439,,True,completed
246,car,440.0,886.0,446.0,,1970.159,35.0,185.0,261.0,266.122,,,0.4148,0.5852,,True,completed
180,car,324.0,887.0,563.0,,3384.776,2.0,187.0,376.0,249.344,,,0.3321,0.6679,,True,completed
304,truck,488.0,887.0,399.0,,1636.694,50.0,151.0,248.0,201.306,,,0.3784,0.6216,,True,completed
371,car,564.0,887.0,323.0,,2213.809,21.0,70.0,253.0,119.159,,,0.2167,0.7833,,True,completed
470,car,639.0,887.0,248.0,,2219.848,0.0,0.0,248.0,32.458,,,0.0,1.0,,True,completed
505,car,668.0,888.0,220.0,,1834.584,1.0,10.0,210.0,53.266,,,0.0455,0.9545,,True,completed
451,car,628.0,889.0,261.0,,1940.055,17.0,30.0,231.0,83.44,,,0.1149,0.8851,,True,completed
478,car,645.0,889.0,244.0,,2372.265,0.0,1.0,243.0,23.195,,,0.0041,0.9959,,True,completed
597,car,735.0,890.0,155.0,,1459.351,0.0,0.0,155.0,22.657,,,0.0,1.0,,True,completed
299,truck,482.0,894.0,412.0,,2019.107,23.0,138.0,274.0,168.357,,,0.335,0.665,,True,completed
473,car,642.0,894.0,252.0,,2063.582,11.0,29.0,223.0,65.175,,,0.1151,0.8849,,True,completed
520,car,682.0,895.0,213.0,,1962.045,1.0,2.0,211.0,32.458,,,0.0094,0.9906,,True,completed
644,truck,765.0,895.0,130.0,,1006.968,0.0,0.0,130.0,7.133,,,0.0,1.0,,True,completed
384,truck,584.0,897.0,313.0,,2027.193,17.0,42.0,271.0,67.202,,,0.1342,0.8658,,True,completed
321,car,508.0,899.0,391.0,,1798.893,48.0,134.0,257.0,226.718,,,0.3427,0.6573,,True,completed
686,car,793.0,899.0,106.0,,652.546,25.0,25.0,81.0,45.629,,,0.2358,0.7642,,True,completed
708,car,809.0,899.0,90.0,,530.304,16.0,16.0,74.0,40.321,,,0.1778,0.8222,,True,completed
463,car,636.0,902.0,266.0,,2344.851,0.0,0.0,266.0,27.55,,,0.0,1.0,,True,completed
413,car,609.0,904.0,295.0,,2124.516,14.0,31.0,264.0,59.975,,,0.1051,0.8949,,True,completed
465,car,638.0,905.0,267.0,,1175.298,61.0,122.0,145.0,143.516,,,0.4569,0.5431,,True,completed
554,truck,706.0,906.0,200.0,,1411.7,0.0,14.0,186.0,29.239,,,0.07,0.93,,True,completed
555,car,706.0,906.0,200.0,,1870.055,0.0,6.0,194.0,25.341,,,0.03,0.97,,True,completed
291,car,473.0,907.0,434.0,,2109.1,64.0,156.0,278.0,224.148,,,0.3594,0.6406,,True,completed
216,car,377.0,908.0,531.0,,3147.766,4.0,200.0,331.0,239.512,,,0.3766,0.6234,,True,completed
438,car,621.0,908.0,287.0,,1966.935,9.0,64.0,223.0,96.898,,,0.223,0.777,,True,completed
501,car,665.0,908.0,243.0,,1310.184,57.0,90.0,153.0,115.424,,,0.3704,0.6296,,True,completed
616,car,744.0,908.0,164.0,,1270.395,11.0,23.0,141.0,47.642,,,0.1402,0.8598,,True,completed
667,car,781.0,909.0,128.0,,1056.715,0.0,0.0,128.0,14.421,,,0.0,1.0,,True,completed
742,car,830.0,909.0,79.0,,723.486,3.0,3.0,76.0,12.886,,,0.038,0.962,,True,completed
434,truck,619.0,910.0,291.0,,2081.009,11.0,14.0,277.0,39.684,,,0.0481,0.9519,,True,completed
567,car,714.0,910.0,196.0,,1846.522,6.0,6.0,190.0,24.1,,,0.0306,0.9694,,True,completed
671,car,782.0,910.0,128.0,,1142.77,1.0,1.0,127.0,23.547,,,0.0078,0.9922,,True,completed
174,truck,319.0,911.0,592.0,,2952.179,72.0,163.0,429.0,211.547,,,0.2753,0.7247,,True,completed
281,car,462.0,911.0,449.0,,946.264,51.0,322.0,127.0,362.215,,,0.7171,0.2829,,True,completed
527,car,687.0,911.0,224.0,,1038.221,24.0,86.0,138.0,128.066,,,0.3839,0.6161,,True,completed
363,car,556.0,913.0,357.0,,2450.718,0.0,73.0,284.0,134.469,,,0.2045,0.7955,,True,completed
401,car,602.0,915.0,313.0,,2391.741,1.0,55.0,258.0,87.076,,,0.1757,0.8243,,True,completed
633,car,753.0,916.0,163.0,,1638.429,1.0,1.0,162.0,14.54,,,0.0061,0.9939,,True,completed
446,car,625.0,917.0,292.0,,2467.5,3.0,30.0,262.0,67.616,,,0.1027,0.8973,,True,completed
484,truck,651.0,918.0,267.0,,1804.994,12.0,15.0,252.0,48.529,,,0.0562,0.9438,,True,completed
498,car,665.0,918.0,253.0,,2071.008,27.0,29.0,224.0,64.067,,,0.1146,0.8854,,True,completed
425,car,615.0,919.0,304.0,,2205.544,3.0,28.0,276.0,85.267,,,0.0921,0.9079,,True,completed
452,car,630.0,921.0,291.0,,2613.796,7.0,16.0,275.0,52.192,,,0.055,0.945,,True,completed
487,car,655.0,921.0,266.0,,1731.293,16.0,58.0,208.0,108.887,,,0.218,0.782,,True,completed
617,car,744.0,923.0,179.0,,1161.511,37.0,37.0,142.0,65.485,,,0.2067,0.7933,,True,completed
585,car,727.0,924.0,197.0,,1826.114,7.0,9.0,188.0,29.05,,,0.0457,0.9543,,True,completed
472,car,640.0,926.0,286.0,,2052.421,1.0,28.0,258.0,68.763,,,0.0979,0.9021,,True,completed
647,car,767.0,926.0,159.0,,1447.518,0.0,5.0,154.0,26.232,,,0.0314,0.9686,,True,completed
758,car,843.0,927.0,84.0,,682.645,0.0,0.0,84.0,17.937,,,0.0,1.0,,True,completed
780,car,856.0,927.0,71.0,,642.059,5.0,5.0,66.0,11.886,,,0.0704,0.9296,,True,completed
191,car,338.0,928.0,590.0,,2384.523,62.0,264.0,326.0,372.409,,,0.4475,0.5525,,True,completed
207,car,364.0,928.0,564.0,,2364.837,62.0,260.0,304.0,348.046,,,0.461,0.539,,True,completed
461,car,635.0,928.0,293.0,,2610.154,0.0,6.0,287.0,35.108,,,0.0205,0.9795,,True,completed
495,car,662.0,928.0,266.0,,1837.765,24.0,41.0,225.0,90.773,,,0.1541,0.8459,,True,completed
414,truck,610.0,929.0,319.0,,2140.413,11.0,33.0,286.0,60.666,,,0.1034,0.8966,,True,completed
563,car,710.0,931.0,221.0,,2203.411,0.0,0.0,221.0,20.862,,,0.0,1.0,,True,completed
621,car,748.0,933.0,185.0,,1655.2,3.0,3.0,182.0,26.297,,,0.0162,0.9838,,True,completed
503,car,667.0,934.0,267.0,,1820.768,43.0,53.0,214.0,97.63,,,0.1985,0.8015,,True,completed
673,car,783.0,935.0,152.0,,1523.956,0.0,0.0,152.0,11.288,,,0.0,1.0,,True,completed
637,car,755.0,936.0,181.0,,1021.649,25.0,55.0,126.0,86.884,,,0.3039,0.6961,,True,completed
561,car,710.0,938.0,228.0,,1992.089,0.0,23.0,205.0,46.881,,,0.1009,0.8991,,True,completed
634,truck,754.0,938.0,184.0,,1303.332,3.0,4.0,180.0,26.044,,,0.0217,0.9783,,True,completed
578,car,722.0,939.0,217.0,,1623.199,16.0,16.0,201.0,40.676,,,0.0737,0.9263,,True,completed
625,car,751.0,941.0,190.0,,1741.954,0.0,0.0,190.0,20.576,,,0.0,1.0,,True,completed
330,car,515.0,942.0,427.0,,3494.187,0.0,43.0,384.0,110.023,,,0.1007,0.8993,,True,completed
504,truck,667.0,943.0,276.0,,1469.516,8.0,61.0,215.0,95.085,,,0.221,0.779,,True,completed
531,car,690.0,943.0,253.0,,2148.285,0.0,1.0,252.0,37.514,,,0.004,0.996,,True,completed
748,car,834.0,944.0,110.0,,729.479,0.0,0.0,110.0,11.12,,,0.0,1.0,,True,completed
516,car,680.0,945.0,265.0,,1277.212,7.0,67.0,198.0,127.086,,,0.2528,0.7472,,True,completed
187,car,334.0,946.0,612.0,,2334.904,53.0,320.0,292.0,388.796,,,0.5229,0.4771,,True,completed
270,car,449.0,946.0,497.0,,1300.849,63.0,300.0,197.0,371.992,,,0.6036,0.3964,,True,completed
226,car,391.0,948.0,557.0,,2264.881,51.0,265.0,292.0,351.554,,,0.4758,0.5242,,True,completed
759,truck,844.0,948.0,104.0,,627.886,14.0,14.0,90.0,27.623,,,0.1346,0.8654,,True,completed
524,truck,684.0,949.0,265.0,,1864.77,1.0,16.0,249.0,38.045,,,0.0604,0.9396,,True,completed
529,truck,687.0,949.0,262.0,,1494.134,0.0,45.0,217.0,80.378,,,0.1718,0.8282,,True,completed
788,car,862.0,951.0,89.0,,669.382,15.0,15.0,74.0,24.317,,,0.1685,0.8315,,True,completed
448,car,627.0,952.0,325.0,,2657.87,5.0,25.0,300.0,83.459,,,0.0769,0.9231,,True,completed
564,truck,711.0,952.0,241.0,,1132.406,7.0,60.0,181.0,103.992,,,0.249,0.751,,True,completed
403,car,603.0,954.0,351.0,,2027.626,48.0,85.0,266.0,147.062,,,0.2422,0.7578,,True,completed
802,car,880.0,955.0,75.0,,445.675,28.0,28.0,47.0,33.889,,,0.3733,0.6267,,True,completed
427,car,615.0,956.0,341.0,,2520.339,47.0,80.0,261.0,112.474,,,0.2346,0.7654,,True,completed
432,car,619.0,956.0,337.0,,2616.595,0.0,35.0,302.0,84.996,,,0.1039,0.8961,,True,completed
449,truck,627.0,956.0,329.0,,1976.068,0.0,51.0,278.0,90.777,,,0.155,0.845,,True,completed
680,car,791.0,959.0,168.0,,1383.384,0.0,0.0,168.0,17.349,,,0.0,1.0,,True,completed
731,car,823.0,960.0,137.0,,1132.398,7.0,7.0,130.0,32.44,,,0.0511,0.9489,,True,completed
690,car,796.0,963.0,167.0,,1485.832,0.0,0.0,167.0,30.073,,,0.0,1.0,,True,completed
620,car,747.0,965.0,218.0,,1824.502,0.0,0.0,218.0,16.668,,,0.0,1.0,,True,completed
261,car,440.0,969.0,529.0,,1827.2,32.0,240.0,289.0,347.245,,,0.4537,0.5463,,True,completed
355,car,545.0,971.0,426.0,,1902.018,47.0,183.0,243.0,244.114,,,0.4296,0.5704,,True,completed
590,car,730.0,971.0,241.0,,1834.145,10.0,43.0,198.0,74.187,,,0.1784,0.8216,,True,completed
568,car,714.0,973.0,259.0,,1762.54,21.0,49.0,210.0,93.878,,,0.1892,0.8108,,True,completed
846,car,906.0,974.0,68.0,,616.19,1.0,1.0,67.0,11.542,,,0.0147,0.9853,,True,completed
543,car,696.0,976.0,280.0,,1686.165,9.0,61.0,219.0,126.268,,,0.2179,0.7821,,True,completed
387,car,590.0,980.0,390.0,,3036.36,22.0,81.0,309.0,113.99,,,0.2077,0.7923,,True,completed
546,car,698.0,980.0,282.0,,2090.077,0.0,21.0,261.0,51.175,,,0.0745,0.9255,,True,completed
241,car,414.0,981.0,567.0,,1996.257,28.0,273.0,294.0,370.435,,,0.4815,0.5185,,True,completed
419,truck,613.0,982.0,369.0,,2727.054,0.0,9.0,360.0,40.599,,,0.0244,0.9756,,True,completed
794,truck,869.0,982.0,113.0,,895.239,0.0,0.0,113.0,4.237,,,0.0,1.0,,True,completed
326,car,512.0,983.0,471.0,,2339.775,53.0,196.0,275.0,255.727,,,0.4161,0.5839,,True,completed
682,car,791.0,983.0,192.0,,1739.815,1.0,1.0,191.0,32.119,,,0.0052,0.9948,,True,completed
544,truck,697.0,985.0,288.0,,2137.266,4.0,4.0,284.0,29.82,,,0.0139,0.9861,,True,completed
640,car,758.0,986.0,228.0,,1793.692,27.0,28.0,200.0,51.858,,,0.1228,0.8772,,True,completed
626,car,749.0,987.0,238.0,,1764.372,4.0,4.0,234.0,46.151,,,0.0168,0.9832,,True,completed
583,car,724.0,991.0,267.0,,2151.34,0.0,5.0,262.0,53.027,,,0.0187,0.9813,,True,completed
569,truck,715.0,992.0,277.0,,1641.476,3.0,26.0,251.0,76.682,,,0.0939,0.9061,,True,completed
609,truck,740.0,995.0,255.0,,1588.582,0.0,41.0,214.0,63.294,,,0.1608,0.8392,,True,completed
661,car,775.0,995.0,220.0,,1331.208,52.0,60.0,160.0,85.996,,,0.2727,0.7273,,True,completed
599,truck,735.0,999.0,264.0,,1626.668,51.0,51.0,213.0,67.722,,,0.1932,0.8068,,True,completed
530,car,689.0,1000.0,311.0,,2318.069,0.0,57.0,254.0,100.692,,,0.1833,0.8167,,True,completed
549,truck,700.0,1001.0,301.0,,1667.871,28.0,73.0,228.0,98.26,,,0.2425,0.7575,,True,completed
849,truck,909.0,1003.0,94.0,,725.871,0.0,0.0,94.0,5.293,,,0.0,1.0,,True,completed
453,car,632.0,1004.0,372.0,,2226.044,76.0,119.0,253.0,169.129,,,0.3199,0.6801,,True,completed
348,car,540.0,1005.0,465.0,,1556.08,78.0,253.0,212.0,316.229,,,0.5441,0.4559,,True,completed
695,car,802.0,1005.0,203.0,,1478.479,19.0,31.0,172.0,67.785,,,0.1527,0.8473,,True,completed
756,car,841.0,1005.0,164.0,,1324.556,6.0,6.0,158.0,38.735,,,0.0366,0.9634,,True,completed
687,car,795.0,1006.0,211.0,,1898.77,0.0,2.0,209.0,30.573,,,0.0095,0.9905,,True,completed
717,car,812.0,1008.0,196.0,,1573.737,0.0,9.0,187.0,37.011,,,0.0459,0.9541,,True,completed
638,car,756.0,1009.0,253.0,,2490.769,0.0,0.0,253.0,18.1,,,0.0,1.0,,True,completed
547,car,700.0,1010.0,310.0,,1630.031,4.0,66.0,244.0,149.525,,,0.2129,0.7871,,True,completed
666,car,780.0,1010.0,230.0,,1811.453,43.0,43.0,187.0,65.387,,,0.187,0.813,,True,completed
724,truck,816.0,1011.0,195.0,,1530.336,0.0,0.0,195.0,9.835,,,0.0,1.0,,True,completed
477,car,643.0,1015.0,372.0,,2848.228,11.0,46.0,326.0,110.476,,,0.1237,0.8763,,True,completed
884,truck,926.0,1016.0,90.0,,594.482,2.0,2.0,88.0,17.218,,,0.0222,0.9778,,True,completed
611,car,741.0,1017.0,276.0,,2280.162,22.0,39.0,237.0,67.231,,,0.1413,0.8587,,True,completed
901,car,936.0,1020.0,84.0,,648.237,4.0,4.0,80.0,24.124,,,0.0476,0.9524,,True,completed
433,car,619.0,1022.0,403.0,,3051.22,7.0,73.0,330.0,122.344,,,0.1811,0.8189,,True,completed
801,car,879.0,1022.0,143.0,,969.713,16.0,35.0,108.0,48.727,,,0.2448,0.7552,,True,completed
486,car,652.0,1024.0,372.0,,3093.034,0.0,19.0,353.0,78.81,,,0.0511,0.9489,,True,completed
904,truck,936.0,1025.0,89.0,,679.309,0.0,0.0,89.0,6.253,,,0.0,1.0,,True,completed
727,car,818.0,1027.0,209.0,,1689.672,4.0,9.0,200.0,54.401,,,0.0431,0.9569,,True,completed
581,car,723.0,1028.0,305.0,,1627.469,7.0,86.0,219.0,153.352,,,0.282,0.718,,True,completed
706,car,807.0,1028.0,221.0,,1312.979,65.0,76.0,145.0,94.893,,,0.3439,0.6561,,True,completed
303,car,484.0,1029.0,545.0,,2095.156,75.0,267.0,278.0,334.502,,,0.4899,0.5101,,True,completed
768,car,849.0,1029.0,180.0,,1548.813,0.0,0.0,180.0,21.094,,,0.0,1.0,,True,completed
359,truck,550.0,1031.0,481.0,,2535.72,0.0,111.0,370.0,162.35,,,0.2308,0.7692,,True,completed
754,truck,840.0,1032.0,192.0,,1227.193,4.0,19.0,173.0,43.421,,,0.099,0.901,,True,completed
670,car,781.0,1033.0,252.0,,2333.018,8.0,10.0,242.0,34.722,,,0.0397,0.9603,,True,completed
744,truck,831.0,1034.0,203.0,,1501.72,6.0,6.0,197.0,21.218,,,0.0296,0.9704,,True,completed
587,car,728.0,1039.0,311.0,,2557.651,2.0,45.0,266.0,73.337,,,0.1447,0.8553,,True,completed
985,car,987.0,1039.0,52.0,,542.578,0.0,0.0,52.0,2.168,,,0.0,1.0,,True,completed
842,car,904.0,1040.0,136.0,,1109.751,0.0,0.0,136.0,35.121,,,0.0,1.0,,True,completed
945,car,959.0,1040.0,81.0,,667.539,4.0,4.0,77.0,13.843,,,0.0494,0.9506,,True,completed
821,car,891.0,1041.0,150.0,,758.999,55.0,61.0,89.0,78.95,,,0.4067,0.5933,,True,completed
770,car,850.0,1045.0,195.0,,1611.924,0.0,0.0,195.0,32.034,,,0.0,1.0,,True,completed
927,car,949.0,1046.0,97.0,,837.116,0.0,0.0,97.0,20.276,,,0.0,1.0,,True,completed
512,car,675.0,1047.0,372.0,,2204.408,0.0,90.0,282.0,156.427,,,0.2419,0.7581,,True,completed
700,car,805.0,1047.0,242.0,,2257.102,2.0,5.0,237.0,36.705,,,0.0207,0.9793,,True,completed
895,car,933.0,1047.0,114.0,,1116.732,0.0,0.0,114.0,7.36,,,0.0,1.0,,True,completed
386,car,587.0,1048.0,461.0,,1973.606,51.0,167.0,294.0,252.478,,,0.3623,0.6377,,True,completed
606,car,738.0,1048.0,310.0,,1717.281,50.0,88.0,222.0,149.023,,,0.2839,0.7161,,True,completed
576,car,721.0,1049.0,328.0,,2368.311,17.0,21.0,307.0,110.586,,,0.064,0.936,,True,completed
720,car,813.0,1049.0,236.0,,1437.42,50.0,55.0,181.0,98.569,,,0.2331,0.7669,,True,completed
786,car,861.0,1049.0,188.0,,1492.119,12.0,22.0,166.0,46.775,,,0.117,0.883,,True,completed
532,car,690.0,1050.0,360.0,,2674.142,0.0,60.0,300.0,111.051,,,0.1667,0.8333,,True,completed
856,car,913.0,1050.0,137.0,,1389.974,0.0,0.0,137.0,10.901,,,0.0,1.0,,True,completed
349,truck,540.0,1051.0,511.0,,2015.712,51.0,189.0,322.0,245.883,,,0.3699,0.6301,,True,completed
772,car,910.0,1051.0,141.0,,1213.06,3.0,6.0,135.0,28.892,,,0.0426,0.9574,,True,completed
832,car,901.0,1052.0,151.0,,1269.548,8.0,12.0,139.0,34.616,,,0.0795,0.9205,,True,completed
967,car,974.0,1052.0,78.0,,372.177,27.0,27.0,51.0,34.288,,,0.3462,0.6538,,True,completed
541,car,693.0,1054.0,361.0,,1917.3,55.0,134.0,227.0,177.537,,,0.3712,0.6288,,True,completed
631,car,752.0,1054.0,302.0,,2096.383,86.0,86.0,216.0,111.932,,,0.2848,0.7152,,True,completed
722,car,817.0,1054.0,237.0,,1821.378,0.0,0.0,237.0,34.825,,,0.0,1.0,,True,completed
735,car,824.0,1054.0,230.0,,1582.584,4.0,25.0,205.0,73.676,,,0.1087,0.8913,,True,completed
865,car,918.0,1054.0,136.0,,1186.622,3.0,3.0,133.0,27.455,,,0.0221,0.9779,,True,completed
685,car,793.0,1058.0,265.0,,2603.45,0.0,4.0,261.0,29.521,,,0.0151,0.9849,,True,completed
806,car,882.0,1058.0,176.0,,1123.574,40.0,40.0,136.0,64.016,,,0.2273,0.7727,,True,completed
854,truck,912.0,1059.0,147.0,,780.69,29.0,32.0,115.0,52.054,,,0.2177,0.7823,,True,completed
694,truck,801.0,1060.0,259.0,,2045.521,0.0,0.0,259.0,12.084,,,0.0,1.0,,True,completed
331,car,515.0,1061.0,546.0,,2623.877,43.0,185.0,361.0,299.636,,,0.3388,0.6612,,True,completed
535,car,691.0,1061.0,370.0,,2309.39,4.0,61.0,309.0,140.976,,,0.1649,0.8351,,True,completed
514,truck,678.0,1062.0,384.0,,2078.287,34.0,93.0,291.0,132.461,,,0.2422,0.7578,,True,completed
777,car,856.0,1062.0,206.0,,1768.256,1.0,1.0,205.0,32.166,,,0.0049,0.9951,,True,completed
808,car,884.0,1062.0,178.0,,977.709,35.0,60.0,118.0,81.255,,,0.3371,0.6629,,True,completed
565,car,712.0,1063.0,351.0,,2507.138,0.0,63.0,288.0,121.901,,,0.1795,0.8205,,True,completed
936,car,956.0,1064.0,108.0,,502.195,33.0,37.0,71.0,61.049,,,0.3426,0.6574,,True,completed
593,car,730.0,1065.0,335.0,,2322.032,1.0,65.0,270.0,119.252,,,0.194,0.806,,True,completed
361,car,554.0,1067.0,513.0,,1637.704,0.0,278.0,235.0,363.683,,,0.5419,0.4581,,True,completed
538,car,691.0,1067.0,376.0,,2142.087,27.0,101.0,275.0,178.228,,,0.2686,0.7314,,True,completed
337,car,530.0,1068.0,538.0,,1195.883,59.0,336.0,202.0,427.967,,,0.6245,0.3755,,True,completed
658,car,772.0,1070.0,298.0,,2223.565,49.0,57.0,241.0,95.742,,,0.1913,0.8087,,True,completed
263,car,443.0,1071.0,628.0,,2009.71,58.0,326.0,302.0,438.648,,,0.5191,0.4809,,True,completed
973,car,980.0,1075.0,95.0,,922.837,0.0,0.0,95.0,9.762,,,0.0,1.0,,True,completed
572,car,717.0,1076.0,359.0,,2959.062,2.0,46.0,313.0,83.237,,,0.1281,0.8719,,True,completed
1014,car,1003.0,1078.0,75.0,,745.224,0.0,0.0,75.0,6.929,,,0.0,1.0,,True,completed
603,car,738.0,1078.0,340.0,,1911.956,47.0,86.0,254.0,138.044,,,0.2529,0.7471,,True,completed
926,car,949.0,1078.0,129.0,,1140.293,8.0,8.0,121.0,20.466,,,0.062,0.938,,True,completed
513,car,676.0,1081.0,405.0,,2787.152,3.0,60.0,345.0,134.751,,,0.1481,0.8519,,True,completed
1044,car,1017.0,1082.0,65.0,,672.922,0.0,0.0,65.0,3.436,,,0.0,1.0,,True,completed
818,car,891.0,1082.0,191.0,,671.589,51.0,97.0,94.0,126.184,,,0.5079,0.4921,,True,completed
914,truck,943.0,1082.0,139.0,,1068.047,0.0,0.0,139.0,9.68,,,0.0,1.0,,True,completed
615,car,743.0,1083.0,340.0,,1813.116,61.0,149.0,191.0,174.874,,,0.4382,0.5618,,True,completed
736,car,825.0,1083.0,258.0,,1766.194,51.0,59.0,199.0,96.932,,,0.2287,0.7713,,True,completed
800,car,878.0,1083.0,205.0,,1182.841,11.0,75.0,130.0,89.364,,,0.3659,0.6341,,True,completed
551,car,702.0,1084.0,382.0,,2336.259,88.0,118.0,264.0,167.043,,,0.3089,0.6911,,True,completed
912,car,942.0,1084.0,142.0,,1238.103,6.0,6.0,136.0,28.298,,,0.0423,0.9577,,True,completed
632,car,753.0,1085.0,332.0,,2097.937,5.0,41.0,291.0,140.732,,,0.1235,0.8765,,True,completed
710,car,809.0,1087.0,278.0,,1373.834,76.0,102.0,176.0,151.991,,,0.3669,0.6331,,True,completed
783,car,859.0,1088.0,229.0,,1834.649,25.0,25.0,204.0,42.97,,,0.1092,0.8908,,True,completed
586,car,728.0,1091.0,363.0,,2555.287,5.0,53.0,310.0,125.875,,,0.146,0.854,,True,completed
600,car,736.0,1095.0,359.0,,2393.448,5.0,53.0,306.0,128.298,,,0.1476,0.8524,,True,completed
674,truck,783.0,1097.0,314.0,,2435.166,0.0,1.0,313.0,20.082,,,0.0032,0.9968,,True,completed
805,car,881.0,1097.0,216.0,,1353.718,26.0,43.0,173.0,85.529,,,0.1991,0.8009,,True,completed
845,car,905.0,1097.0,192.0,,1122.412,35.0,46.0,146.0,73.096,,,0.2396,0.7604,,True,completed
870,car,920.0,1097.0,177.0,,740.779,84.0,90.0,87.0,109.329,,,0.5085,0.4915,,True,completed
1015,car,1002.0,1098.0,96.0,,932.329,0.0,0.0,96.0,10.828,,,0.0,1.0,,True,completed
552,car,703.0,1098.0,395.0,,2634.364,49.0,101.0,294.0,155.89,,,0.2557,0.7443,,True,completed
1013,truck,1001.0,1099.0,98.0,,600.963,12.0,12.0,86.0,24.856,,,0.1224,0.8776,,True,completed
892,car,932.0,1099.0,167.0,,982.172,24.0,34.0,133.0,67.668,,,0.2036,0.7964,,True,completed
908,car,939.0,1099.0,160.0,,850.848,30.0,47.0,113.0,81.866,,,0.2938,0.7063,,True,completed
957,car,966.0,1099.0,133.0,,725.182,39.0,39.0,94.0,66.733,,,0.2932,0.7068,,True,completed
739,truck,835.0,1100.0,265.0,,1813.205,20.0,22.0,243.0,46.328,,,0.083,0.917,,True,completed
871,car,920.0,1102.0,182.0,,1408.964,4.0,10.0,172.0,45.389,,,0.0549,0.9451,,True,completed
910,car,939.0,1102.0,163.0,,1655.823,0.0,0.0,163.0,11.884,,,0.0,1.0,,True,completed
765,car,847.0,1103.0,256.0,,1554.547,49.0,59.0,197.0,95.437,,,0.2305,0.7695,,True,completed
696,car,802.0,1104.0,302.0,,1886.987,57.0,79.0,223.0,125.321,,,0.2616,0.7384,,True,completed
1117,car,1051.0,1105.0,54.0,,448.026,2.0,2.0,52.0,12.59,,,0.037,0.963,,True,completed
648,car,768.0,1105.0,337.0,,1912.253,49.0,108.0,229.0,143.746,,,0.3205,0.6795,,True,completed
656,car,772.0,1107.0,335.0,,1906.677,38.0,120.0,215.0,161.663,,,0.3582,0.6418,,True,completed
986,car,987.0,1107.0,120.0,,1119.843,0.0,0.0,120.0,17.607,,,0.0,1.0,,True,completed
691,car,798.0,1108.0,310.0,,2194.87,52.0,60.0,250.0,109.489,,,0.1935,0.8065,,True,completed
941,car,958.0,1108.0,150.0,,1340.042,0.0,0.0,150.0,25.249,,,0.0,1.0,,True,completed
594,truck,734.0,1109.0,375.0,,2197.619,0.0,43.0,332.0,109.666,,,0.1147,0.8853,,True,completed
1050,car,1022.0,1111.0,89.0,,840.175,2.0,2.0,87.0,12.143,,,0.0225,0.9775,,True,completed
798,car,877.0,1111.0,234.0,,1921.249,0.0,28.0,206.0,59.563,,,0.1197,0.8803,,True,completed
1005,car,998.0,1113.0,115.0,,872.737,19.0,19.0,96.0,34.73,,,0.1652,0.8348,,True,completed
1185,car,1088.0,1114.0,26.0,,158.814,5.0,5.0,21.0,10.707,,,0.1923,0.8077,,True,completed
719,truck,812.0,1114.0,302.0,,1517.374,18.0,77.0,225.0,117.484,,,0.255,0.745,,True,completed
790,car,865.0,1114.0,249.0,,1352.859,55.0,86.0,163.0,125.448,,,0.3454,0.6546,,True,completed
417,car,612.0,1115.0,503.0,,1967.985,65.0,246.0,257.0,323.438,,,0.4891,0.5109,,True,completed
283,car,466.0,1116.0,650.0,,2572.954,38.0,297.0,353.0,410.413,,,0.4569,0.5431,,True,completed
852,car,916.0,1116.0,200.0,,1687.275,13.0,19.0,181.0,40.997,,,0.095,0.905,,True,completed
601,car,736.0,1118.0,382.0,,2505.593,73.0,108.0,274.0,153.379,,,0.2827,0.7173,,True,completed
715,car,811.0,1121.0,310.0,,1799.653,82.0,104.0,206.0,138.52,,,0.3355,0.6645,,True,completed
738,car,826.0,1121.0,295.0,,2048.106,0.0,73.0,222.0,107.172,,,0.2475,0.7525,,True,completed
377,car,573.0,1122.0,549.0,,2555.364,65.0,246.0,303.0,316.571,,,0.4481,0.5519,,True,completed
257,car,437.0,1124.0,687.0,,2628.686,57.0,318.0,369.0,446.004,,,0.4629,0.5371,,True,completed
970,car,976.0,1124.0,148.0,,1456.309,0.0,0.0,148.0,15.926,,,0.0,1.0,,True,completed
1059,car,1027.0,1125.0,98.0,,733.156,9.0,9.0,89.0,29.994,,,0.0918,0.9082,,True,completed
853,car,911.0,1125.0,214.0,,1824.164,1.0,1.0,213.0,19.395,,,0.0047,0.9953,,True,completed
320,car,507.0,1128.0,621.0,,2987.783,30.0,234.0,387.0,327.407,,,0.3768,0.6232,,True,completed
439,truck,621.0,1128.0,507.0,,1959.17,59.0,211.0,296.0,270.615,,,0.4162,0.5838,,True,completed
729,truck,822.0,1128.0,306.0,,1834.14,7.0,51.0,255.0,81.842,,,0.1667,0.8333,,True,completed
619,truck,747.0,1129.0,382.0,,2146.808,24.0,85.0,297.0,122.182,,,0.2225,0.7775,,True,completed
323,car,509.0,1130.0,621.0,,1620.569,53.0,347.0,274.0,460.625,,,0.5588,0.4412,,True,completed
410,car,608.0,1130.0,522.0,,2571.289,12.0,211.0,311.0,284.389,,,0.4042,0.5958,,True,completed
896,car,933.0,1134.0,201.0,,1002.356,50.0,56.0,145.0,93.002,,,0.2786,0.7214,,True,completed
693,car,798.0,1135.0,337.0,,2045.947,20.0,97.0,240.0,148.094,,,0.2878,0.7122,,True,completed
1001,car,996.0,1137.0,141.0,,746.26,47.0,52.0,89.0,65.667,,,0.3688,0.6312,,True,completed
362,car,555.0,1138.0,583.0,,2276.678,73.0,302.0,281.0,367.675,,,0.518,0.482,,True,completed
1064,car,1029.0,1139.0,110.0,,668.209,40.0,40.0,70.0,48.861,,,0.3636,0.6364,,True,completed
1107,car,1048.0,1139.0,91.0,,753.019,8.0,8.0,83.0,20.382,,,0.0879,0.9121,,True,completed
746,car,832.0,1140.0,308.0,,2715.428,1.0,31.0,277.0,55.505,,,0.1006,0.8994,,True,completed
812,car,887.0,1140.0,253.0,,2472.553,0.0,2.0,251.0,26.589,,,0.0079,0.9921,,True,completed
996,car,991.0,1141.0,150.0,,1157.021,0.0,0.0,150.0,11.897,,,0.0,1.0,,True,completed
1139,car,1065.0,1142.0,77.0,,732.644,0.0,0.0,77.0,9.075,,,0.0,1.0,,True,completed
610,car,740.0,1142.0,402.0,,2438.005,42.0,99.0,303.0,165.975,,,0.2463,0.7537,,True,completed
824,truck,894.0,1142.0,248.0,,1058.741,27.0,89.0,159.0,119.152,,,0.3589,0.6411,,True,completed
395,car,599.0,1143.0,544.0,,2516.087,0.0,206.0,338.0,301.006,,,0.3787,0.6213,,True,completed
437,car,621.0,1143.0,522.0,,2359.12,65.0,223.0,299.0,300.149,,,0.4272,0.5728,,True,completed
623,car,748.0,1143.0,395.0,,2767.743,4.0,38.0,357.0,139.947,,,0.0962,0.9038,,True,completed
584,truck,726.0,1145.0,419.0,,2693.868,0.0,25.0,394.0,94.28,,,0.0597,0.9403,,True,completed
1065,car,1030.0,1146.0,116.0,,1116.428,2.0,2.0,114.0,9.788,,,0.0172,0.9828,,True,completed
1063,truck,1029.0,1149.0,120.0,,945.331,0.0,0.0,120.0,5.478,,,0.0,1.0,,True,completed
1192,car,1091.0,1150.0,59.0,,536.12,0.0,0.0,59.0,8.384,,,0.0,1.0,,True,completed
848,car,908.0,1150.0,242.0,,1763.132,13.0,26.0,216.0,72.951,,,0.1074,0.8926,,True,completed
668,car,781.0,1151.0,370.0,,2159.457,5.0,121.0,249.0,163.707,,,0.327,0.673,,True,completed
204,truck,355.0,1152.0,797.0,,3412.847,0.0,317.0,480.0,386.294,,,0.3977,0.6023,,True,completed
734,truck,824.0,1152.0,328.0,,2340.75,8.0,18.0,310.0,45.584,,,0.0549,0.9451,,True,completed
1083,truck,1039.0,1153.0,114.0,,665.842,24.0,24.0,90.0,33.067,,,0.2105,0.7895,,True,completed
1070,car,1030.0,1154.0,124.0,,1148.682,7.0,9.0,115.0,19.618,,,0.0726,0.9274,,True,completed
875,car,922.0,1154.0,232.0,,1692.712,11.0,21.0,211.0,72.804,,,0.0905,0.9095,,True,completed
1074,car,1034.0,1155.0,121.0,,1053.179,0.0,0.0,121.0,10.707,,,0.0,1.0,,True,completed
1094,car,1042.0,1155.0,113.0,,1153.625,0.0,0.0,113.0,7.3,,,0.0,1.0,,True,completed
519,truck,682.0,1155.0,473.0,,1393.493,0.0,222.0,251.0,283.936,,,0.4693,0.5307,,True,completed
688,car,795.0,1155.0,360.0,,2432.448,86.0,97.0,263.0,124.336,,,0.2694,0.7306,,True,completed
726,car,817.0,1157.0,340.0,,2509.509,62.0,64.0,276.0,103.024,,,0.1882,0.8118,,True,completed
953,car,965.0,1159.0,194.0,,1813.715,0.0,0.0,194.0,28.177,,,0.0,1.0,,True,completed
515,car,680.0,1160.0,480.0,,1252.824,53.0,247.0,233.0,355.473,,,0.5146,0.4854,,True,completed
466,car,638.0,1162.0,524.0,,1701.763,50.0,232.0,292.0,353.581,,,0.4427,0.5573,,True,completed
962,car,969.0,1162.0,193.0,,1825.913,0.0,0.0,193.0,26.533,,,0.0,1.0,,True,completed
467,car,639.0,1163.0,524.0,,2054.222,8.0,229.0,295.0,313.082,,,0.437,0.563,,True,completed
528,car,687.0,1164.0,477.0,,2205.977,55.0,255.0,222.0,276.863,,,0.5346,0.4654,,True,completed
844,truck,905.0,1164.0,259.0,,1682.671,2.0,26.0,233.0,54.93,,,0.1004,0.8996,,True,completed
939,truck,956.0,1164.0,208.0,,1575.798,0.0,5.0,203.0,17.515,,,0.024,0.976,,True,completed
196,car,341.0,1168.0,827.0,,3902.692,0.0,284.0,543.0,395.886,,,0.3434,0.6566,,True,completed
829,truck,899.0,1168.0,269.0,,1862.164,0.0,13.0,256.0,43.716,,,0.0483,0.9517,,True,completed
1193,truck,1091.0,1171.0,80.0,,586.421,1.0,1.0,79.0,8.601,,,0.0125,0.9875,,True,completed
816,car,890.0,1173.0,283.0,,2045.82,3.0,48.0,235.0,88.108,,,0.1696,0.8304,,True,completed
819,truck,891.0,1173.0,282.0,,1095.199,21.0,130.0,152.0,149.205,,,0.461,0.539,,True,completed
1111,car,1049.0,1175.0,126.0,,793.561,22.0,33.0,93.0,45.779,,,0.2619,0.7381,,True,completed
1327,car,1162.0,1175.0,13.0,,127.543,0.0,0.0,13.0,0.521,,,0.0,1.0,,True,completed
405,car,604.0,1175.0,571.0,,2805.246,33.0,225.0,346.0,309.115,,,0.394,0.606,,True,completed
834,truck,902.0,1175.0,273.0,,1852.995,0.0,24.0,249.0,48.758,,,0.0879,0.9121,,True,completed
850,car,909.0,1175.0,266.0,,2349.236,0.0,10.0,256.0,43.793,,,0.0376,0.9624,,True,completed
378,car,587.0,1176.0,589.0,,2282.79,41.0,249.0,340.0,379.786,,,0.4228,0.5772,,True,completed
751,car,839.0,1178.0,339.0,,1914.428,44.0,119.0,220.0,163.798,,,0.351,0.649,,True,completed
367,car,561.0,1179.0,618.0,,1613.355,36.0,346.0,272.0,464.816,,,0.5599,0.4401,,True,completed
972,car,978.0,1179.0,201.0,,2031.599,3.0,3.0,198.0,16.956,,,0.0149,0.9851,,True,completed
764,truck,846.0,1180.0,334.0,,2109.753,2.0,48.0,286.0,79.728,,,0.1437,0.8563,,True,completed
1029,car,1010.0,1181.0,171.0,,1084.859,24.0,51.0,120.0,72.362,,,0.2982,0.7018,,True,completed
1109,car,1048.0,1181.0,133.0,,1397.984,0.0,0.0,133.0,6.18,,,0.0,1.0,,True,completed
873,car,921.0,1182.0,261.0,,2372.817,0.0,3.0,258.0,37.921,,,0.0115,0.9885,,True,completed
239,truck,411.0,1184.0,773.0,,3411.662,2.0,282.0,491.0,362.075,,,0.3648,0.6352,,True,completed
612,car,742.0,1186.0,444.0,,2506.783,9.0,134.0,310.0,192.589,,,0.3018,0.6982,,True,completed
730,car,823.0,1186.0,363.0,,2211.259,5.0,79.0,284.0,161.972,,,0.2176,0.7824,,True,completed
659,truck,773.0,1187.0,414.0,,1052.484,31.0,237.0,177.0,285.034,,,0.5725,0.4275,,True,completed
421,car,613.0,1190.0,577.0,,2106.453,63.0,316.0,261.0,384.569,,,0.5477,0.4523,,True,completed
709,truck,809.0,1190.0,381.0,,1879.358,41.0,80.0,301.0,127.17,,,0.21,0.79,,True,completed
1071,car,1031.0,1191.0,160.0,,1410.132,0.0,13.0,147.0,30.833,,,0.0813,0.9187,,True,completed
1102,car,1045.0,1192.0,147.0,,636.061,64.0,64.0,83.0,88.754,,,0.4354,0.5646,,True,completed
823,car,894.0,1192.0,298.0,,1631.015,3.0,105.0,193.0,139.158,,,0.3523,0.6477,,True,completed
949,truck,963.0,1194.0,231.0,,899.538,56.0,73.0,158.0,121.412,,,0.316,0.684,,True,completed
1058,truck,1026.0,1195.0,169.0,,1102.816,3.0,18.0,151.0,34.651,,,0.1065,0.8935,,True,completed
382,car,581.0,1197.0,616.0,,2362.234,44.0,264.0,352.0,400.085,,,0.4286,0.5714,,True,completed
408,car,628.0,1197.0,569.0,,2004.54,53.0,260.0,309.0,386.667,,,0.4569,0.5431,,True,completed
749,truck,836.0,1197.0,361.0,,1574.166,55.0,124.0,237.0,170.263,,,0.3435,0.6565,,True,completed
1025,car,1010.0,1198.0,188.0,,738.064,41.0,71.0,117.0,117.317,,,0.3777,0.6223,,True,completed
778,car,856.0,1198.0,342.0,,2010.536,5.0,66.0,276.0,152.289,,,0.193,0.807,,True,completed
460,car,634.0,1199.0,565.0,,2334.098,46.0,248.0,317.0,335.474,,,0.4389,0.5611,,True,completed
782,car,858.0,1199.0,341.0,,2413.571,0.0,53.0,288.0,103.918,,,0.1554,0.8446,,True,completed
404,truck,604.0,1200.0,596.0,,2107.571,0.0,275.0,321.0,341.371,,,0.4614,0.5386,,True,completed
573,car,717.0,1200.0,483.0,,3707.649,0.0,50.0,433.0,134.898,,,0.1035,0.8965,,True,completed
1099,car,1044.0,1202.0,158.0,,1264.849,3.0,19.0,139.0,41.751,,,0.1203,0.8797,,True,completed
1146,car,1069.0,1202.0,133.0,,904.154,16.0,24.0,109.0,48.782,,,0.1805,0.8195,,True,completed
928,car,950.0,1202.0,252.0,,2261.562,0.0,18.0,234.0,44.055,,,0.0714,0.9286,,True,completed
1267,car,1130.0,1203.0,73.0,,732.104,0.0,0.0,73.0,6.11,,,0.0,1.0,,True,completed
803,car,881.0,1203.0,322.0,,1633.248,25.0,137.0,185.0,172.371,,,0.4255,0.5745,,True,completed
1076,car,1035.0,1204.0,169.0,,1529.664,0.0,1.0,168.0,16.838,,,0.0059,0.9941,,True,completed
409,truck,607.0,1204.0,597.0,,1673.511,79.0,342.0,255.0,393.152,,,0.5729,0.4271,,True,completed
675,car,783.0,1206.0,423.0,,1287.158,17.0,236.0,187.0,300.095,,,0.5579,0.4421,,True,completed
789,truck,863.0,1206.0,343.0,,1469.601,52.0,113.0,230.0,162.531,,,0.3294,0.6706,,True,completed
1096,car,1043.0,1207.0,164.0,,1405.246,21.0,21.0,143.0,35.672,,,0.128,0.872,,True,completed
1175,car,1082.0,1207.0,125.0,,1146.931,0.0,0.0,125.0,9.123,,,0.0,1.0,,True,completed
925,car,949.0,1207.0,258.0,,808.17,10.0,168.0,90.0,176.998,,,0.6512,0.3488,,True,completed
1093,truck,1042.0,1208.0,166.0,,1239.609,0.0,0.0,166.0,10.047,,,0.0,1.0,,True,completed
651,car,769.0,1210.0,441.0,,2129.397,2.0,210.0,231.0,238.594,,,0.4762,0.5238,,True,completed
705,car,807.0,1211.0,404.0,,2444.525,0.0,81.0,323.0,178.559,,,0.2005,0.7995,,True,completed
793,car,869.0,1211.0,342.0,,2337.83,0.0,75.0,267.0,125.414,,,0.2193,0.7807,,True,completed
911,car,941.0,1211.0,270.0,,2219.532,25.0,28.0,242.0,65.174,,,0.1037,0.8963,,True,completed
918,car,944.0,1215.0,271.0,,1793.92,32.0,46.0,225.0,99.849,,,0.1697,0.8303,,True,completed
1176,car,1082.0,1216.0,134.0,,1143.021,9.0,9.0,125.0,29.166,,,0.0672,0.9328,,True,completed
725,car,816.0,1216.0,400.0,,2267.777,2.0,103.0,297.0,185.984,,,0.2575,0.7425,,True,completed
1118,truck,1052.0,1217.0,165.0,,729.63,53.0,53.0,112.0,76.409,,,0.3212,0.6788,,True,completed
1036,car,1014.0,1218.0,204.0,,893.815,60.0,62.0,142.0,122.013,,,0.3039,0.6961,,True,completed
1296,car,1146.0,1219.0,73.0,,689.559,2.0,2.0,71.0,9.939,,,0.0274,0.9726,,True,completed
1152,car,1071.0,1220.0,149.0,,404.021,55.0,59.0,90.0,109.206,,,0.396,0.604,,True,completed
635,car,754.0,1221.0,467.0,,3028.55,0.0,79.0,388.0,174.016,,,0.1692,0.8308,,True,completed
641,car,762.0,1221.0,459.0,,2212.532,24.0,193.0,266.0,253.758,,,0.4205,0.5795,,True,completed
1030,car,1011.0,1222.0,211.0,,1610.419,5.0,17.0,194.0,58.894,,,0.0806,0.9194,,True,completed
1038,truck,1016.0,1223.0,207.0,,1435.939,2.0,8.0,199.0,32.886,,,0.0386,0.9614,,True,completed
1218,truck,1106.0,1226.0,120.0,,766.743,15.0,19.0,101.0,26.954,,,0.1583,0.8417,,True,completed
560,car,709.0,1227.0,518.0,,3750.668,0.0,80.0,438.0,161.607,,,0.1544,0.8456,,True,completed
979,truck,984.0,1227.0,243.0,,1324.658,8.0,43.0,200.0,82.271,,,0.177,0.823,,True,completed
995,car,991.0,1227.0,236.0,,1380.501,5.0,57.0,179.0,109.721,,,0.2415,0.7585,,True,completed
1223,truck,1108.0,1229.0,121.0,,863.562,1.0,1.0,120.0,15.863,,,0.0083,0.9917,,True,completed
650,car,769.0,1229.0,460.0,,2246.65,0.0,143.0,317.0,240.887,,,0.3109,0.6891,,True,completed
762,car,845.0,1229.0,384.0,,2238.881,7.0,71.0,313.0,174.739,,,0.1849,0.8151,,True,completed
1016,car,1003.0,1230.0,227.0,,1330.345,11.0,42.0,185.0,101.614,,,0.185,0.815,,True,completed
1181,car,1084.0,1230.0,146.0,,1482.991,0.0,0.0,146.0,10.375,,,0.0,1.0,,True,completed
1322,car,1160.0,1231.0,71.0,,679.523,0.0,0.0,71.0,7.095,,,0.0,1.0,,True,completed
977,car,982.0,1231.0,249.0,,1953.563,0.0,29.0,220.0,68.294,,,0.1165,0.8835,,True,completed
880,car,924.0,1232.0,308.0,,2066.443,8.0,34.0,274.0,120.304,,,0.1104,0.8896,,True,completed
1042,car,1016.0,1233.0,217.0,,2080.702,0.0,10.0,207.0,28.735,,,0.0461,0.9539,,True,completed
883,car,925.0,1236.0,311.0,,1844.022,4.0,96.0,215.0,126.682,,,0.3087,0.6913,,True,completed
903,car,936.0,1236.0,300.0,,2118.851,0.0,43.0,257.0,73.119,,,0.1433,0.8567,,True,completed
1297,car,1146.0,1237.0,91.0,,510.574,4.0,4.0,87.0,14.07,,,0.044,0.956,,True,completed
1256,car,1124.0,1238.0,114.0,,785.302,16.0,16.0,98.0,40.48,,,0.1404,0.8596,,True,completed
689,truck,795.0,1239.0,444.0,,2580.606,0.0,65.0,379.0,129.992,,,0.1464,0.8536,,True,completed
1032,car,1012.0,1243.0,231.0,,2158.434,14.0,14.0,217.0,34.816,,,0.0606,0.9394,,True,completed
1079,car,1036.0,1246.0,210.0,,1533.064,3.0,37.0,173.0,63.893,,,0.1762,0.8238,,True,completed
391,car,594.0,1246.0,652.0,,1855.914,95.0,357.0,295.0,478.561,,,0.5475,0.4525,,True,completed
1287,car,1143.0,1248.0,105.0,,687.185,7.0,7.0,98.0,38.986,,,0.0667,0.9333,,True,completed
627,car,750.0,1248.0,498.0,,2334.01,7.0,186.0,312.0,272.014,,,0.3735,0.6265,,True,completed
1419,car,1221.0,1249.0,28.0,,84.028,12.0,13.0,15.0,19.327,,,0.4643,0.5357,,True,completed
1298,truck,1147.0,1250.0,103.0,,667.138,13.0,13.0,90.0,21.911,,,0.1262,0.8738,,True,completed
1311,car,1151.0,1250.0,99.0,,591.831,1.0,1.0,98.0,34.976,,,0.0101,0.9899,,True,completed
1128,truck,1055.0,1251.0,196.0,,1084.253,5.0,45.0,151.0,63.919,,,0.2296,0.7704,,True,completed
980,car,984.0,1255.0,271.0,,2616.57,2.0,2.0,269.0,32.852,,,0.0074,0.9926,,True,completed
1320,car,1159.0,1257.0,98.0,,877.642,6.0,6.0,92.0,16.895,,,0.0612,0.9388,,True,completed
859,truck,916.0,1258.0,342.0,,869.673,33.0,134.0,208.0,236.597,,,0.3918,0.6082,,True,completed
954,truck,965.0,1258.0,293.0,,1589.547,30.0,55.0,238.0,100.29,,,0.1877,0.8123,,True,completed
1416,car,1220.0,1263.0,43.0,,442.906,0.0,0.0,43.0,2.138,,,0.0,1.0,,True,completed
831,car,933.0,1263.0,330.0,,795.943,19.0,140.0,190.0,256.039,,,0.4242,0.5758,,True,completed
894,truck,933.0,1265.0,332.0,,1968.547,26.0,57.0,275.0,94.522,,,0.1717,0.8283,,True,completed
1161,car,1075.0,1266.0,191.0,,1329.104,0.0,19.0,172.0,43.905,,,0.0995,0.9005,,True,completed
582,car,726.0,1266.0,540.0,,2414.966,21.0,206.0,334.0,308.368,,,0.3815,0.6185,,True,completed
1323,truck,1183.0,1268.0,85.0,,576.608,0.0,0.0,85.0,14.779,,,0.0,1.0,,True,completed
1418,truck,1221.0,1269.0,48.0,,375.63,0.0,0.0,48.0,1.906,,,0.0,1.0,,True,completed
1378,truck,1198.0,1271.0,73.0,,485.959,6.0,6.0,67.0,13.662,,,0.0822,0.9178,,True,completed
1043,truck,1017.0,1276.0,259.0,,1537.845,4.0,36.0,223.0,72.956,,,0.139,0.861,,True,completed
1201,car,1096.0,1276.0,180.0,,1485.333,0.0,2.0,178.0,35.638,,,0.0111,0.9889,,True,completed
987,car,989.0,1277.0,288.0,,1981.0,47.0,65.0,223.0,107.02,,,0.2257,0.7743,,True,completed
1019,car,1006.0,1278.0,272.0,,1060.2,50.0,118.0,154.0,165.589,,,0.4338,0.5662,,True,completed
1321,car,1160.0,1278.0,118.0,,444.484,34.0,34.0,84.0,76.837,,,0.2881,0.7119,,True,completed
862,car,915.0,1278.0,363.0,,2043.78,2.0,110.0,253.0,178.026,,,0.303,0.697,,True,completed
1253,truck,1123.0,1280.0,157.0,,1127.165,0.0,1.0,156.0,20.461,,,0.0064,0.9936,,True,completed
827,car,897.0,1283.0,386.0,,2785.195,4.0,42.0,344.0,108.57,,,0.1088,0.8912,,True,completed
669,truck,781.0,1286.0,505.0,,1416.899,67.0,281.0,224.0,333.451,,,0.5564,0.4436,,True,completed
960,car,968.0,1287.0,319.0,,1196.925,27.0,138.0,181.0,209.878,,,0.4326,0.5674,,True,completed
1073,truck,1032.0,1288.0,256.0,,1883.914,3.0,5.0,251.0,28.08,,,0.0195,0.9805,,True,completed
1191,car,1091.0,1288.0,197.0,,1744.271,4.0,5.0,192.0,32.279,,,0.0254,0.9746,,True,completed
1328,truck,1162.0,1289.0,127.0,,665.196,30.0,30.0,97.0,46.145,,,0.2362,0.7638,,True,completed
723,car,815.0,1291.0,476.0,,1694.856,3.0,220.0,256.0,283.524,,,0.4622,0.5378,,True,completed
1288,truck,1144.0,1295.0,151.0,,632.26,29.0,48.0,103.0,74.098,,,0.3179,0.6821,,True,completed
278,car,454.0,1295.0,841.0,,2281.622,89.0,516.0,325.0,624.68,,,0.6136,0.3864,,True,completed
750,car,837.0,1296.0,459.0,,1501.118,26.0,248.0,211.0,311.352,,,0.5403,0.4597,,True,completed
1395,car,1209.0,1297.0,88.0,,733.8,1.0,1.0,87.0,20.344,,,0.0114,0.9886,,True,completed
502,car,666.0,1297.0,631.0,,2010.855,34.0,281.0,350.0,437.681,,,0.4453,0.5547,,True,completed
950,car,963.0,1298.0,335.0,,1971.9,28.0,80.0,255.0,155.76,,,0.2388,0.7612,,True,completed
1080,car,1036.0,1299.0,263.0,,1817.92,0.0,39.0,224.0,78.789,,,0.1483,0.8517,,True,completed
1381,car,1199.0,1299.0,100.0,,978.849,0.0,0.0,100.0,9.652,,,0.0,1.0,,True,completed
1033,truck,1012.0,1300.0,288.0,,1489.426,7.0,75.0,213.0,107.975,,,0.2604,0.7396,,True,completed
608,car,740.0,1300.0,560.0,,2426.124,55.0,277.0,283.0,339.332,,,0.4946,0.5054,,True,completed
745,car,831.0,1300.0,469.0,,1642.191,17.0,239.0,230.0,311.119,,,0.5096,0.4904,,True,completed
225,car,390.0,1302.0,912.0,,2327.023,79.0,613.0,299.0,693.855,,,0.6721,0.3279,,True,completed
1131,car,1058.0,1303.0,245.0,,2009.604,0.0,42.0,203.0,60.797,,,0.1714,0.8286,,True,completed
237,car,408.0,1303.0,895.0,,2330.09,79.0,599.0,296.0,678.776,,,0.6693,0.3307,,True,completed
662,car,776.0,1303.0,527.0,,1646.4,51.0,295.0,232.0,375.995,,,0.5598,0.4402,,True,completed
1122,car,1053.0,1304.0,251.0,,1638.509,0.0,62.0,189.0,102.517,,,0.247,0.753,,True,completed
289,truck,471.0,1304.0,833.0,,3356.313,49.0,327.0,506.0,428.651,,,0.3926,0.6074,,True,completed
907,car,939.0,1304.0,365.0,,1714.696,17.0,120.0,245.0,193.062,,,0.3288,0.6712,,True,completed
809,truck,886.0,1305.0,419.0,,2386.109,47.0,92.0,327.0,131.248,,,0.2196,0.7804,,True,completed
1412,car,1219.0,1306.0,87.0,,648.283,11.0,11.0,76.0,27.019,,,0.1264,0.8736,,True,completed
990,car,990.0,1306.0,316.0,,2676.873,0.0,11.0,305.0,69.102,,,0.0348,0.9652,,True,completed
1047,car,1019.0,1307.0,288.0,,1804.77,47.0,64.0,224.0,122.238,,,0.2222,0.7778,,True,completed
1007,car,1000.0,1308.0,308.0,,1810.277,0.0,92.0,216.0,138.809,,,0.2987,0.7013,,True,completed
882,car,925.0,1308.0,383.0,,2362.759,45.0,84.0,299.0,166.88,,,0.2193,0.7807,,True,completed
390,car,591.0,1311.0,720.0,,1866.114,81.0,440.0,280.0,550.158,,,0.6111,0.3889,,True,completed
1209,car,1102.0,1316.0,214.0,,1524.428,6.0,46.0,168.0,75.8,,,0.215,0.785,,True,completed
1402,car,1213.0,1319.0,106.0,,651.209,25.0,25.0,81.0,45.669,,,0.2358,0.7642,,True,completed
1443,truck,1238.0,1319.0,81.0,,476.258,15.0,15.0,66.0,22.826,,,0.1852,0.8148,,True,completed
1003,truck,998.0,1321.0,323.0,,2333.333,7.0,20.0,303.0,41.413,,,0.0619,0.9381,,True,completed
653,car,771.0,1321.0,550.0,,1882.54,58.0,289.0,261.0,377.343,,,0.5255,0.4745,,True,completed
1478,truck,1274.0,1322.0,48.0,,371.72,0.0,0.0,48.0,2.355,,,0.0,1.0,,True,completed
933,car,954.0,1322.0,368.0,,2911.402,36.0,51.0,317.0,97.681,,,0.1386,0.8614,,True,completed
1055,car,1024.0,1323.0,299.0,,1824.21,41.0,73.0,226.0,132.319,,,0.2441,0.7559,,True,completed
678,car,788.0,1323.0,535.0,,1644.725,56.0,304.0,231.0,384.044,,,0.5682,0.4318,,True,completed
1452,car,1243.0,1324.0,81.0,,827.51,0.0,0.0,81.0,4.656,,,0.0,1.0,,True,completed
1286,car,1142.0,1325.0,183.0,,1392.291,19.0,19.0,164.0,46.822,,,0.1038,0.8962,,True,completed
830,car,899.0,1325.0,426.0,,2249.641,0.0,120.0,306.0,218.217,,,0.2817,0.7183,,True,completed
1462,car,1258.0,1326.0,68.0,,675.435,0.0,0.0,68.0,5.901,,,0.0,1.0,,True,completed
866,car,919.0,1326.0,407.0,,1560.106,66.0,231.0,176.0,264.751,,,0.5676,0.4324,,True,completed
1241,car,1116.0,1327.0,211.0,,1528.833,17.0,47.0,164.0,70.985,,,0.2227,0.7773,,True,completed
1244,car,1118.0,1328.0,210.0,,1688.608,6.0,14.0,196.0,54.259,,,0.0667,0.9333,,True,completed
847,car,907.0,1328.0,421.0,,1696.706,63.0,226.0,195.0,265.849,,,0.5368,0.4632,,True,completed
1344,car,1173.0,1329.0,156.0,,1167.79,4.0,19.0,137.0,38.719,,,0.1218,0.8782,,True,completed
1349,car,1178.0,1329.0,151.0,,896.965,9.0,10.0,141.0,40.796,,,0.0662,0.9338,,True,completed
471,car,639.0,1330.0,691.0,,2251.724,0.0,344.0,347.0,486.026,,,0.4978,0.5022,,True,completed
1037,car,1014.0,1331.0,317.0,,1741.933,15.0,89.0,228.0,146.84,,,0.2808,0.7192,,True,completed
1238,truck,1115.0,1331.0,216.0,,1553.799,0.0,9.0,207.0,24.889,,,0.0417,0.9583,,True,completed
891,car,932.0,1332.0,400.0,,1616.817,61.0,213.0,187.0,252.966,,,0.5325,0.4675,,True,completed
999,car,993.0,1332.0,339.0,,1532.655,5.0,122.0,217.0,199.908,,,0.3599,0.6401,,True,completed
1127,car,1055.0,1334.0,279.0,,1701.668,0.0,71.0,208.0,124.66,,,0.2545,0.7455,,True,completed
961,car,968.0,1335.0,367.0,,1560.256,58.0,192.0,175.0,225.147,,,0.5232,0.4768,,True,completed
934,truck,955.0,1338.0,383.0,,1717.138,7.0,122.0,261.0,175.674,,,0.3185,0.6815,,True,completed
1440,car,1238.0,1340.0,102.0,,715.366,6.0,6.0,96.0,34.93,,,0.0588,0.9412,,True,completed
1464,car,1259.0,1340.0,81.0,,661.015,6.0,6.0,75.0,15.739,,,0.0741,0.9259,,True,completed
989,truck,990.0,1340.0,350.0,,1686.155,0.0,81.0,269.0,128.184,,,0.2314,0.7686,,True,completed
1178,truck,1083.0,1342.0,259.0,,1890.642,0.0,6.0,253.0,30.842,,,0.0232,0.9768,,True,completed
1227,car,1109.0,1342.0,233.0,,1375.156,29.0,44.0,189.0,107.001,,,0.1888,0.8112,,True,completed
1426,car,1225.0,1345.0,120.0,,1028.745,8.0,8.0,112.0,24.904,,,0.0667,0.9333,,True,completed
1145,car,1068.0,1348.0,280.0,,2155.214,0.0,27.0,253.0,77.296,,,0.0964,0.9036,,True,completed
1143,truck,1067.0,1349.0,282.0,,1880.933,0.0,32.0,250.0,54.874,,,0.1135,0.8865,,True,completed
1210,car,1102.0,1349.0,247.0,,1479.896,36.0,58.0,189.0,112.226,,,0.2348,0.7652,,True,completed
1315,car,1156.0,1349.0,193.0,,1144.862,8.0,54.0,139.0,87.426,,,0.2798,0.7202,,True,completed
607,car,739.0,1349.0,610.0,,2203.363,0.0,291.0,319.0,375.312,,,0.477,0.523,,True,completed
533,car,690.0,1350.0,660.0,,1248.433,70.0,438.0,222.0,499.742,,,0.6636,0.3364,,True,completed
1125,car,1055.0,1351.0,296.0,,2591.605,9.0,15.0,281.0,53.029,,,0.0507,0.9493,,True,completed
1303,truck,1149.0,1352.0,203.0,,1383.017,15.0,15.0,188.0,32.714,,,0.0739,0.9261,,True,completed
876,car,922.0,1353.0,431.0,,2138.268,40.0,153.0,278.0,229.247,,,0.355,0.645,,True,completed
1382,car,1201.0,1355.0,154.0,,1094.033,11.0,16.0,138.0,45.91,,,0.1039,0.8961,,True,completed
444,truck,624.0,1358.0,734.0,,2539.159,28.0,310.0,424.0,427.425,,,0.4223,0.5777,,True,completed
959,truck,967.0,1358.0,391.0,,1468.085,28.0,137.0,254.0,210.177,,,0.3504,0.6496,,True,completed
1134,car,1074.0,1360.0,286.0,,2274.838,3.0,11.0,275.0,71.527,,,0.0385,0.9615,,True,completed
1281,car,1140.0,1361.0,221.0,,1330.374,24.0,48.0,173.0,96.132,,,0.2172,0.7828,,True,completed
1415,car,1220.0,1363.0,143.0,,732.679,29.0,29.0,114.0,76.058,,,0.2028,0.7972,,True,completed
1455,car,1249.0,1363.0,114.0,,1138.389,0.0,0.0,114.0,6.81,,,0.0,1.0,,True,completed
347,car,540.0,1363.0,823.0,,3361.174,39.0,360.0,463.0,510.756,,,0.4374,0.5626,,True,completed
1450,car,1243.0,1367.0,124.0,,1072.341,2.0,2.0,122.0,26.036,,,0.0161,0.9839,,True,completed
971,car,978.0,1368.0,390.0,,2035.92,4.0,131.0,259.0,204.95,,,0.3359,0.6641,,True,completed
1061,car,1028.0,1369.0,341.0,,2563.112,0.0,32.0,309.0,96.917,,,0.0938,0.9062,,True,completed
1066,car,1030.0,1370.0,340.0,,1231.914,29.0,146.0,194.0,227.505,,,0.4294,0.5706,,True,completed
1337,car,1167.0,1371.0,204.0,,867.387,54.0,70.0,134.0,124.495,,,0.3431,0.6569,,True,completed
663,car,788.0,1371.0,583.0,,2419.632,10.0,313.0,270.0,364.635,,,0.5369,0.4631,,True,completed
1263,truck,1128.0,1372.0,244.0,,1791.005,4.0,4.0,240.0,26.939,,,0.0164,0.9836,,True,completed
1304,car,1150.0,1372.0,222.0,,1610.015,17.0,24.0,198.0,74.815,,,0.1081,0.8919,,True,completed
1474,car,1270.0,1372.0,102.0,,983.71,0.0,0.0,102.0,7.921,,,0.0,1.0,,True,completed
1383,truck,1201.0,1373.0,172.0,,1260.249,4.0,4.0,168.0,19.506,,,0.0233,0.9767,,True,completed
1300,car,1147.0,1374.0,227.0,,2053.222,0.0,18.0,209.0,38.448,,,0.0793,0.9207,,True,completed
1081,car,1037.0,1375.0,338.0,,2504.583,9.0,37.0,301.0,109.557,,,0.1095,0.8905,,True,completed
885,car,927.0,1375.0,448.0,,2661.215,2.0,128.0,320.0,206.302,,,0.2857,0.7143,,True,completed
1106,car,1047.0,1376.0,329.0,,2675.234,0.0,19.0,310.0,83.286,,,0.0578,0.9422,,True,completed
1207,car,1101.0,1376.0,275.0,,1922.372,0.0,41.0,234.0,100.038,,,0.1491,0.8509,,True,completed
1334,car,1165.0,1377.0,212.0,,1352.526,10.0,29.0,183.0,88.196,,,0.1368,0.8632,,True,completed
1387,car,1203.0,1381.0,178.0,,1378.263,3.0,3.0,175.0,47.532,,,0.0169,0.9831,,True,completed
909,truck,939.0,1381.0,442.0,,2639.657,4.0,69.0,373.0,124.044,,,0.1561,0.8439,,True,completed
1368,truck,1191.0,1384.0,193.0,,1518.23,0.0,0.0,193.0,9.191,,,0.0,1.0,,True,completed
1149,car,1070.0,1385.0,315.0,,1066.541,45.0,116.0,199.0,207.706,,,0.3683,0.6317,,True,completed
402,car,603.0,1385.0,782.0,,2191.117,64.0,480.0,302.0,578.872,,,0.6138,0.3862,,True,completed
545,car,712.0,1385.0,673.0,,2000.507,31.0,358.0,315.0,489.221,,,0.5319,0.4681,,True,completed
1309,car,1151.0,1386.0,235.0,,1844.14,0.0,24.0,211.0,60.51,,,0.1021,0.8979,,True,completed
1500,car,1295.0,1386.0,91.0,,684.312,9.0,10.0,81.0,27.313,,,0.1099,0.8901,,True,completed
1332,car,1165.0,1387.0,222.0,,1594.176,0.0,0.0,222.0,38.048,,,0.0,1.0,,True,completed
1325,car,1161.0,1388.0,227.0,,1492.345,5.0,42.0,185.0,80.104,,,0.185,0.815,,True,completed
1085,car,1038.0,1389.0,351.0,,1539.09,2.0,151.0,200.0,210.425,,,0.4302,0.5698,,True,completed
1265,car,1129.0,1390.0,261.0,,1899.243,1.0,32.0,229.0,67.099,,,0.1226,0.8774,,True,completed
1009,car,1295.0,1394.0,99.0,,980.746,2.0,3.0,96.0,9.565,,,0.0303,0.9697,,True,completed
1141,car,1066.0,1394.0,328.0,,2576.656,0.0,14.0,314.0,62.409,,,0.0427,0.9573,,True,completed
1174,car,1081.0,1395.0,314.0,,2334.355,0.0,53.0,261.0,96.667,,,0.1688,0.8312,,True,completed
684,truck,792.0,1396.0,604.0,,,0.0,400.0,204.0,0.0,,,0.6623,0.3377,,True,completed
312,car,498.0,1397.0,899.0,,3647.875,0.0,434.0,465.0,555.812,,,0.4828,0.5172,,True,completed
1565,car,1349.0,1399.0,50.0,,431.728,2.0,2.0,48.0,10.144,,,0.04,0.96,,True,completed
1084,car,1037.0,1400.0,363.0,,2464.229,17.0,74.0,289.0,133.548,,,0.2039,0.7961,,True,completed
817,car,890.0,1401.0,511.0,,1429.216,62.0,283.0,228.0,380.72,,,0.5538,0.4462,,True,completed
1355,car,1188.0,1406.0,218.0,,1592.099,0.0,29.0,189.0,60.495,,,0.133,0.867,,True,completed
1504,car,1299.0,1406.0,107.0,,807.426,5.0,12.0,95.0,19.468,,,0.1121,0.8879,,True,completed
1608,truck,1387.0,1406.0,19.0,,143.795,0.0,0.0,19.0,0.738,,,0.0,1.0,,True,completed
994,car,991.0,1408.0,417.0,,1154.675,63.0,200.0,217.0,311.139,,,0.4796,0.5204,,True,completed
418,car,613.0,1409.0,796.0,,2318.152,95.0,507.0,289.0,585.362,,,0.6369,0.3631,,True,completed
559,truck,710.0,1409.0,699.0,,1607.348,56.0,370.0,329.0,504.297,,,0.5293,0.4707,,True,completed
1517,car,1312.0,1411.0,99.0,,902.886,4.0,4.0,95.0,15.402,,,0.0404,0.9596,,True,completed
741,car,830.0,1411.0,581.0,,1554.519,55.0,361.0,220.0,403.738,,,0.6213,0.3787,,True,completed
1195,car,1093.0,1412.0,319.0,,2473.883,9.0,52.0,267.0,91.099,,,0.163,0.837,,True,completed
1463,truck,1259.0,1412.0,153.0,,1097.791,8.0,9.0,144.0,19.955,,,0.0588,0.9412,,True,completed
456,car,632.0,1412.0,780.0,,1920.686,95.0,525.0,255.0,600.099,,,0.6731,0.3269,,True,completed
1266,car,1130.0,1413.0,283.0,,1879.988,30.0,53.0,230.0,108.411,,,0.1873,0.8127,,True,completed
915,car,943.0,1413.0,470.0,,2438.309,0.0,210.0,260.0,249.031,,,0.4468,0.5532,,True,completed
964,truck,970.0,1415.0,445.0,,2786.503,0.0,54.0,391.0,109.232,,,0.1213,0.8787,,True,completed
1386,car,1202.0,1419.0,217.0,,1662.398,0.0,20.0,197.0,47.126,,,0.0922,0.9078,,True,completed
485,car,651.0,1425.0,774.0,,2527.897,70.0,430.0,344.0,531.289,,,0.5556,0.4444,,True,completed
497,car,664.0,1425.0,761.0,,1684.951,72.0,445.0,316.0,594.922,,,0.5848,0.4152,,True,completed
548,car,700.0,1429.0,729.0,,1696.565,69.0,438.0,291.0,571.797,,,0.6008,0.3992,,True,completed
1234,car,1112.0,1431.0,319.0,,2479.45,11.0,31.0,288.0,81.965,,,0.0972,0.9028,,True,completed
1245,car,1118.0,1433.0,315.0,,1454.408,23.0,78.0,237.0,176.163,,,0.2476,0.7524,,True,completed
1391,car,1205.0,1433.0,228.0,,1687.134,0.0,18.0,210.0,44.861,,,0.0789,0.9211,,True,completed
921,car,945.0,1436.0,491.0,,1044.355,39.0,279.0,212.0,392.962,,,0.5682,0.4318,,True,completed
1445,car,1239.0,1437.0,198.0,,1417.101,0.0,29.0,169.0,67.813,,,0.1465,0.8535,,True,completed
1051,car,1022.0,1438.0,416.0,,2150.735,69.0,140.0,276.0,213.911,,,0.3365,0.6635,,True,completed
1397,car,1211.0,1438.0,227.0,,1823.201,0.0,2.0,225.0,28.748,,,0.0088,0.9912,,True,completed
1516,car,1310.0,1439.0,129.0,,1082.4,2.0,2.0,127.0,14.537,,,0.0155,0.9845,,True,completed
774,truck,853.0,1441.0,588.0,,1725.225,2.0,283.0,305.0,379.241,,,0.4813,0.5187,,True,completed
1294,car,1146.0,1442.0,296.0,,2135.695,0.0,9.0,287.0,61.977,,,0.0304,0.9696,,True,completed
1379,car,1199.0,1442.0,243.0,,1858.904,0.0,28.0,215.0,67.995,,,0.1152,0.8848,,True,completed
1480,car,1283.0,1442.0,159.0,,1002.662,44.0,46.0,113.0,66.945,,,0.2893,0.7107,,True,completed
1215,car,1105.0,1444.0,339.0,,1807.393,15.0,75.0,264.0,168.857,,,0.2212,0.7788,,True,completed
1087,car,1039.0,1445.0,406.0,,1810.928,0.0,153.0,253.0,217.534,,,0.3768,0.6232,,True,completed
1407,car,1215.0,1445.0,230.0,,1093.039,36.0,53.0,177.0,130.626,,,0.2304,0.7696,,True,completed
1564,car,1348.0,1447.0,99.0,,947.045,0.0,0.0,99.0,10.676,,,0.0,1.0,,True,completed
1614,car,1391.0,1447.0,56.0,,582.267,0.0,0.0,56.0,2.595,,,0.0,1.0,,True,completed
629,truck,751.0,1447.0,696.0,,2549.02,0.0,263.0,433.0,388.138,,,0.3779,0.6221,,True,completed
1587,car,1368.0,1448.0,80.0,,747.24,0.0,0.0,80.0,10.632,,,0.0,1.0,,True,completed
775,car,854.0,1448.0,594.0,,2131.729,31.0,254.0,340.0,359.168,,,0.4276,0.5724,,True,completed
1283,truck,1140.0,1449.0,309.0,,1876.772,25.0,46.0,263.0,81.754,,,0.1489,0.8511,,True,completed
814,truck,890.0,1449.0,559.0,,1164.978,14.0,340.0,219.0,418.097,,,0.6082,0.3918,,True,completed
1352,car,1181.0,1451.0,270.0,,2621.19,4.0,10.0,260.0,31.961,,,0.037,0.963,,True,completed
1350,car,1179.0,1454.0,275.0,,2209.497,14.0,14.0,261.0,72.455,,,0.0509,0.9491,,True,completed
1555,car,1342.0,1454.0,112.0,,1148.995,0.0,0.0,112.0,6.87,,,0.0,1.0,,True,completed
1573,truck,1353.0,1454.0,101.0,,780.577,0.0,0.0,101.0,5.281,,,0.0,1.0,,True,completed
1114,car,1050.0,1458.0,408.0,,2005.761,5.0,108.0,300.0,210.345,,,0.2647,0.7353,,True,completed
1373,truck,1194.0,1460.0,266.0,,1619.853,0.0,39.0,227.0,70.132,,,0.1466,0.8534,,True,completed
596,car,735.0,1461.0,726.0,,2900.413,16.0,309.0,417.0,432.311,,,0.4256,0.5744,,True,completed
992,car,1110.0,1462.0,352.0,,761.007,36.0,161.0,191.0,281.159,,,0.4574,0.5426,,True,completed
1340,car,1169.0,1464.0,295.0,,2339.993,0.0,14.0,281.0,75.513,,,0.0475,0.9525,,True,completed
373,car,566.0,1469.0,903.0,,2927.001,49.0,471.0,432.0,635.848,,,0.5216,0.4784,,True,completed
518,car,682.0,1470.0,788.0,,2617.067,41.0,402.0,386.0,540.455,,,0.5102,0.4898,,True,completed
399,truck,604.0,1474.0,870.0,,2561.448,25.0,412.0,458.0,560.178,,,0.4736,0.5264,,True,completed
1356,car,1183.0,1477.0,294.0,,2677.645,2.0,8.0,286.0,50.637,,,0.0272,0.9728,,True,completed
1529,car,1322.0,1477.0,155.0,,1264.163,15.0,22.0,133.0,38.749,,,0.1419,0.8581,,True,completed
447,car,625.0,1477.0,852.0,,2277.514,56.0,437.0,415.0,643.773,,,0.5129,0.4871,,True,completed
493,car,660.0,1477.0,817.0,,2242.204,57.0,429.0,388.0,611.899,,,0.5251,0.4749,,True,completed
645,car,766.0,1479.0,713.0,,2052.787,55.0,446.0,267.0,525.41,,,0.6255,0.3745,,True,completed
1557,car,1344.0,1484.0,140.0,,1263.76,5.0,5.0,135.0,24.21,,,0.0357,0.9643,,True,completed
1457,car,1251.0,1486.0,235.0,,1403.206,25.0,74.0,161.0,91.809,,,0.3149,0.6851,,True,completed
1598,truck,1376.0,1486.0,110.0,,679.399,11.0,16.0,94.0,27.188,,,0.1455,0.8545,,True,completed
441,car,622.0,1489.0,867.0,,2423.373,49.0,444.0,423.0,645.946,,,0.5121,0.4879,,True,completed
1486,car,1285.0,1493.0,208.0,,891.594,83.0,87.0,121.0,126.257,,,0.4183,0.5817,,True,completed
1594,car,1373.0,1497.0,124.0,,1048.302,7.0,7.0,117.0,27.584,,,0.0565,0.9435,,True,completed
1644,car,1415.0,1497.0,82.0,,733.786,2.0,2.0,80.0,13.415,,,0.0244,0.9756,,True,completed
1549,car,1336.0,1500.0,164.0,,1495.563,0.0,0.0,164.0,14.739,,,0.0,1.0,,True,completed
753,car,840.0,1503.0,663.0,,1559.251,50.0,392.0,271.0,516.431,,,0.5913,0.4087,,True,completed
791,car,866.0,1506.0,640.0,,1880.249,47.0,285.0,355.0,427.766,,,0.4453,0.5547,,True,completed
1292,car,1146.0,1510.0,364.0,,1975.461,63.0,107.0,257.0,182.557,,,0.294,0.706,,True,completed
868,car,919.0,1515.0,596.0,,1457.788,97.0,416.0,180.0,451.778,,,0.698,0.302,,True,completed
1380,car,1199.0,1516.0,317.0,,1583.882,96.0,134.0,183.0,162.64,,,0.4227,0.5773,,True,completed
1679,car,1442.0,1517.0,75.0,,736.398,0.0,0.0,75.0,6.711,,,0.0,1.0,,True,completed
1414,car,1219.0,1518.0,299.0,,1606.735,95.0,106.0,193.0,144.847,,,0.3545,0.6455,,True,completed
841,car,904.0,1521.0,617.0,,2014.041,90.0,404.0,213.0,432.265,,,0.6548,0.3452,,True,completed
415,car,611.0,1522.0,911.0,,2714.159,90.0,563.0,348.0,652.685,,,0.618,0.382,,True,completed
869,truck,919.0,1522.0,603.0,,2093.394,93.0,323.0,280.0,350.687,,,0.5357,0.4643,,True,completed
1068,truck,1030.0,1524.0,494.0,,2603.406,0.0,98.0,396.0,179.625,,,0.1984,0.8016,,True,completed
1637,car,1409.0,1524.0,115.0,,890.732,3.0,3.0,112.0,15.803,,,0.0261,0.9739,,True,completed
681,car,791.0,1524.0,733.0,,2161.843,36.0,432.0,301.0,536.073,,,0.5894,0.4106,,True,completed
490,car,659.0,1527.0,868.0,,2752.249,87.0,507.0,361.0,610.295,,,0.5841,0.4159,,True,completed
807,car,883.0,1527.0,644.0,,1870.815,35.0,313.0,331.0,465.573,,,0.486,0.514,,True,completed
932,car,954.0,1528.0,574.0,,1727.615,35.0,296.0,278.0,416.26,,,0.5157,0.4843,,True,completed
1121,car,1053.0,1529.0,476.0,,2816.663,7.0,115.0,361.0,217.109,,,0.2416,0.7584,,True,completed
1273,truck,1134.0,1530.0,396.0,,1943.416,81.0,145.0,251.0,161.697,,,0.3662,0.6338,,True,completed
997,car,992.0,1531.0,539.0,,2402.247,44.0,193.0,346.0,306.897,,,0.3581,0.6419,,True,completed
1060,car,1028.0,1533.0,505.0,,2554.362,43.0,185.0,320.0,269.707,,,0.3663,0.6337,,True,completed
1427,car,1227.0,1534.0,307.0,,1905.539,24.0,69.0,238.0,121.947,,,0.2248,0.7752,,True,completed
1634,car,1408.0,1535.0,127.0,,1051.366,0.0,0.0,127.0,10.133,,,0.0,1.0,,True,completed
1707,car,1462.0,1535.0,73.0,,663.802,0.0,0.0,73.0,7.783,,,0.0,1.0,,True,completed
1441,car,1236.0,1536.0,300.0,,1624.849,10.0,49.0,251.0,151.607,,,0.1633,0.8367,,True,completed
1357,car,1184.0,1540.0,356.0,,2399.677,6.0,62.0,294.0,126.016,,,0.1742,0.8258,,True,completed
1647,car,1417.0,1543.0,126.0,,889.954,0.0,1.0,125.0,18.587,,,0.0079,0.9921,,True,completed
1261,car,1126.0,1547.0,421.0,,799.628,24.0,240.0,181.0,333.941,,,0.5701,0.4299,,True,completed
886,car,927.0,1547.0,620.0,,2411.573,66.0,360.0,260.0,400.983,,,0.5806,0.4194,,True,completed
1693,truck,1451.0,1552.0,101.0,,592.525,11.0,11.0,90.0,28.442,,,0.1089,0.8911,,True,completed
517,car,681.0,1556.0,875.0,,2692.41,38.0,510.0,365.0,628.281,,,0.5829,0.4171,,True,completed
1249,car,1122.0,1557.0,435.0,,704.932,36.0,262.0,173.0,360.095,,,0.6023,0.3977,,True,completed
1724,car,1487.0,1558.0,71.0,,645.144,0.0,0.0,71.0,11.368,,,0.0,1.0,,True,completed
476,car,643.0,1559.0,916.0,,3033.711,55.0,536.0,380.0,632.611,,,0.5852,0.4148,,True,completed
1394,car,1208.0,1566.0,358.0,,2057.3,2.0,52.0,306.0,165.565,,,0.1453,0.8547,,True,completed
534,truck,691.0,1567.0,876.0,,1849.404,85.0,500.0,376.0,648.107,,,0.5708,0.4292,,True,completed
1113,truck,1049.0,1569.0,520.0,,2588.14,12.0,122.0,398.0,207.397,,,0.2346,0.7654,,True,completed
968,car,975.0,1570.0,595.0,,1619.534,37.0,322.0,273.0,442.932,,,0.5412,0.4588,,True,completed
1702,car,1458.0,1572.0,114.0,,973.862,6.0,6.0,108.0,19.015,,,0.0526,0.9474,,True,completed
1542,car,1331.0,1573.0,242.0,,1588.755,7.0,44.0,198.0,87.621,,,0.1818,0.8182,,True,completed
1522,car,1317.0,1575.0,258.0,,1534.24,4.0,53.0,205.0,114.617,,,0.2054,0.7946,,True,completed
1501,car,1296.0,1577.0,281.0,,1683.182,9.0,62.0,219.0,127.826,,,0.2206,0.7794,,True,completed
785,car,861.0,1577.0,716.0,,2526.048,52.0,460.0,256.0,487.143,,,0.6425,0.3575,,True,completed
902,car,936.0,1578.0,642.0,,2637.837,36.0,362.0,280.0,401.189,,,0.5639,0.4361,,True,completed
1767,car,1533.0,1579.0,46.0,,442.5,0.0,0.0,46.0,5.175,,,0.0,1.0,,True,completed
677,car,787.0,1580.0,793.0,,1888.792,57.0,483.0,310.0,565.197,,,0.6091,0.3909,,True,completed
1258,truck,1124.0,1581.0,457.0,,2910.954,0.0,77.0,380.0,106.437,,,0.1685,0.8315,,True,completed
1514,car,1309.0,1581.0,272.0,,1451.203,10.0,87.0,185.0,130.755,,,0.3199,0.6801,,True,completed
1700,car,1456.0,1583.0,127.0,,1007.719,14.0,15.0,112.0,33.217,,,0.1181,0.8819,,True,completed
826,car,895.0,1588.0,693.0,,2119.21,30.0,316.0,377.0,459.227,,,0.456,0.544,,True,completed
577,car,721.0,1590.0,869.0,,1998.424,98.0,644.0,225.0,687.435,,,0.7411,0.2589,,True,completed
639,truck,756.0,1591.0,835.0,,1962.358,52.0,476.0,359.0,597.843,,,0.5701,0.4299,,True,completed
763,car,845.0,1592.0,747.0,,2054.57,80.0,477.0,270.0,559.907,,,0.6386,0.3614,,True,completed
718,car,812.0,1593.0,781.0,,1824.432,79.0,444.0,337.0,607.008,,,0.5685,0.4315,,True,completed
1526,car,1320.0,1594.0,274.0,,1681.409,10.0,65.0,209.0,112.778,,,0.2372,0.7628,,True,completed
855,car,912.0,1597.0,685.0,,1964.689,48.0,364.0,321.0,503.294,,,0.5314,0.4686,,True,completed
931,car,952.0,1597.0,645.0,,3093.28,0.0,239.0,406.0,346.239,,,0.3705,0.6295,,True,completed
1532,car,1557.0,1599.0,42.0,,408.047,0.0,0.0,42.0,3.773,,,0.0,1.0,,True,completed
1264,car,1129.0,1600.0,471.0,,2249.891,0.0,140.0,331.0,263.142,,,0.2972,0.7028,,True,completed
1459,car,1254.0,1602.0,348.0,,2297.401,0.0,78.0,270.0,126.732,,,0.2241,0.7759,,True,completed
697,car,803.0,1602.0,799.0,,1814.54,44.0,505.0,294.0,633.881,,,0.632,0.368,,True,completed
1115,car,1050.0,1603.0,553.0,,2094.75,91.0,265.0,288.0,361.57,,,0.4792,0.5208,,True,completed
1748,truck,1509.0,1603.0,94.0,,725.774,0.0,0.0,94.0,5.377,,,0.0,1.0,,True,completed
1653,truck,1423.0,1607.0,184.0,,1126.45,0.0,35.0,149.0,47.519,,,0.1902,0.8098,,True,completed
1428,truck,1228.0,1614.0,386.0,,1044.242,77.0,224.0,162.0,256.067,,,0.5803,0.4197,,True,completed
1735,car,1494.0,1615.0,121.0,,1114.53,4.0,4.0,117.0,18.926,,,0.0331,0.9669,,True,completed
1124,car,1054.0,1617.0,563.0,,3024.501,0.0,148.0,415.0,266.636,,,0.2629,0.7371,,True,completed
776,car,855.0,1618.0,763.0,,2274.528,70.0,461.0,302.0,554.721,,,0.6042,0.3958,,True,completed
1552,car,1339.0,1619.0,280.0,,2258.104,0.0,8.0,272.0,66.816,,,0.0286,0.9714,,True,completed
1631,car,1407.0,1622.0,215.0,,820.434,47.0,70.0,145.0,132.266,,,0.3256,0.6744,,True,completed
657,car,772.0,1622.0,850.0,,2478.554,67.0,438.0,412.0,624.146,,,0.5153,0.4847,,True,completed
1248,truck,1121.0,1624.0,503.0,,2556.736,0.0,108.0,395.0,193.98,,,0.2147,0.7853,,True,completed
804,truck,881.0,1626.0,745.0,,1672.507,64.0,385.0,360.0,542.264,,,0.5168,0.4832,,True,completed
944,truck,959.0,1626.0,667.0,,2049.4,2.0,309.0,358.0,417.288,,,0.4633,0.5367,,True,completed
628,car,751.0,1629.0,878.0,,2549.886,44.0,474.0,404.0,645.829,,,0.5399,0.4601,,True,completed
1798,truck,1574.0,1630.0,56.0,,370.32,2.0,2.0,54.0,10.544,,,0.0357,0.9643,,True,completed
1775,car,1539.0,1632.0,93.0,,785.871,5.0,6.0,87.0,20.727,,,0.0645,0.9355,,True,completed
1715,car,1469.0,1635.0,166.0,,1680.764,0.0,0.0,166.0,12.163,,,0.0,1.0,,True,completed
1716,car,1470.0,1637.0,167.0,,1427.015,20.0,20.0,147.0,35.836,,,0.1198,0.8802,,True,completed
614,truck,743.0,1638.0,895.0,,1601.821,43.0,548.0,347.0,700.92,,,0.6123,0.3877,,True,completed
872,car,922.0,1638.0,716.0,,2358.874,52.0,400.0,316.0,487.184,,,0.5587,0.4413,,True,completed
815,car,890.0,1639.0,749.0,,2958.925,6.0,308.0,441.0,443.977,,,0.4112,0.5888,,True,completed
906,car,938.0,1642.0,704.0,,1700.227,61.0,391.0,313.0,537.647,,,0.5554,0.4446,,True,completed
940,car,958.0,1646.0,688.0,,2370.658,17.0,313.0,375.0,462.085,,,0.4549,0.5451,,True,completed
755,car,841.0,1651.0,810.0,,1304.353,37.0,655.0,155.0,691.386,,,0.8086,0.1914,,True,completed
649,truck,768.0,1654.0,886.0,,2621.306,35.0,403.0,483.0,568.494,,,0.4549,0.5451,,True,completed
836,car,902.0,1659.0,757.0,,1383.632,88.0,605.0,152.0,629.228,,,0.7992,0.2008,,True,completed
1448,truck,1241.0,1660.0,419.0,,3049.248,0.0,17.0,402.0,50.794,,,0.0406,0.9594,,True,completed
1045,car,1018.0,1661.0,643.0,,1891.193,37.0,310.0,333.0,470.337,,,0.4821,0.5179,,True,completed
624,truck,748.0,1661.0,913.0,,2663.049,40.0,436.0,477.0,589.948,,,0.4775,0.5225,,True,completed
747,car,834.0,1669.0,835.0,,2109.841,94.0,547.0,288.0,637.867,,,0.6551,0.3449,,True,completed
1056,car,1024.0,1670.0,646.0,,2220.205,91.0,404.0,242.0,444.619,,,0.6254,0.3746,,True,completed
1777,car,1543.0,1670.0,127.0,,1066.84,1.0,1.0,126.0,29.375,,,0.0079,0.9921,,True,completed
1048,truck,1020.0,1674.0,654.0,,2167.989,87.0,359.0,295.0,392.737,,,0.5489,0.4511,,True,completed
1108,truck,1048.0,1674.0,626.0,,1524.583,30.0,320.0,306.0,441.977,,,0.5112,0.4888,,True,completed
1031,car,1011.0,1677.0,666.0,,1143.926,6.0,455.0,211.0,552.213,,,0.6832,0.3168,,True,completed
1795,car,1566.0,1677.0,111.0,,922.451,12.0,12.0,99.0,25.31,,,0.1081,0.8919,,True,completed
716,car,927.0,1677.0,750.0,,1915.871,87.0,462.0,288.0,571.726,,,0.616,0.384,,True,completed
740,car,844.0,1679.0,835.0,,2596.482,26.0,417.0,418.0,598.463,,,0.4994,0.5006,,True,completed
1190,car,1091.0,1680.0,589.0,,2610.541,0.0,181.0,408.0,335.536,,,0.3073,0.6927,,True,completed
797,car,875.0,1680.0,805.0,,2350.205,49.0,430.0,375.0,590.782,,,0.5342,0.4658,,True,completed
899,truck,935.0,1682.0,747.0,,2606.247,53.0,383.0,364.0,432.94,,,0.5127,0.4873,,True,completed
974,truck,980.0,1686.0,706.0,,1277.361,5.0,461.0,245.0,551.21,,,0.653,0.347,,True,completed
1797,car,1570.0,1691.0,121.0,,980.639,10.0,10.0,111.0,23.474,,,0.0826,0.9174,,True,completed
1222,car,1108.0,1697.0,589.0,,1219.516,29.0,311.0,278.0,462.281,,,0.528,0.472,,True,completed
1189,car,1091.0,1699.0,608.0,,1283.505,25.0,329.0,279.0,483.933,,,0.5411,0.4589,,True,completed
1372,car,1192.0,1702.0,510.0,,2251.295,0.0,144.0,366.0,300.826,,,0.2824,0.7176,,True,completed
1665,car,1431.0,1711.0,280.0,,2604.126,7.0,12.0,268.0,44.143,,,0.0429,0.9571,,True,completed
952,car,964.0,1713.0,749.0,,1684.338,43.0,417.0,332.0,580.653,,,0.5567,0.4433,,True,completed
1120,car,1053.0,1715.0,662.0,,2529.56,50.0,365.0,297.0,432.738,,,0.5514,0.4486,,True,completed
1197,car,1095.0,1719.0,624.0,,1498.629,50.0,330.0,294.0,482.741,,,0.5288,0.4712,,True,completed
975,car,981.0,1721.0,740.0,,2013.953,52.0,346.0,394.0,500.855,,,0.4676,0.5324,,True,completed
1291,car,1145.0,1724.0,579.0,,1817.564,0.0,317.0,262.0,395.968,,,0.5475,0.4525,,True,completed
1513,truck,1309.0,1725.0,416.0,,1524.492,0.0,210.0,206.0,231.988,,,0.5048,0.4952,,True,completed
1873,truck,1668.0,1725.0,57.0,,448.323,0.0,0.0,57.0,2.18,,,0.0,1.0,,True,completed
1745,car,1505.0,1726.0,221.0,,1098.249,7.0,92.0,129.0,119.369,,,0.4163,0.5837,,True,completed
743,car,831.0,1729.0,898.0,,1438.677,35.0,594.0,304.0,761.325,,,0.6615,0.3385,,True,completed
1585,car,1366.0,1733.0,367.0,,1511.161,68.0,170.0,197.0,221.688,,,0.4632,0.5368,,True,completed
1536,car,1328.0,1738.0,410.0,,2561.633,1.0,144.0,266.0,173.305,,,0.3512,0.6488,,True,completed
1680,car,1443.0,1738.0,295.0,,1754.706,16.0,48.0,247.0,121.528,,,0.1627,0.8373,,True,completed
1655,car,1424.0,1740.0,316.0,,2915.445,0.0,12.0,304.0,48.296,,,0.038,0.962,,True,completed
1543,truck,1332.0,1742.0,410.0,,2844.136,10.0,34.0,376.0,66.412,,,0.0829,0.9171,,True,completed
1136,car,1062.0,1743.0,681.0,,2126.917,33.0,321.0,360.0,486.323,,,0.4714,0.5286,,True,completed
1696,car,1454.0,1743.0,289.0,,1654.519,0.0,60.0,229.0,86.012,,,0.2076,0.7924,,True,completed
1559,car,1344.0,1744.0,400.0,,3077.121,9.0,44.0,356.0,114.434,,,0.11,0.89,,True,completed
1116,car,1051.0,1745.0,694.0,,1879.568,32.0,321.0,373.0,485.877,,,0.4625,0.5375,,True,completed
1866,car,1658.0,1745.0,87.0,,734.687,0.0,0.0,87.0,8.792,,,0.0,1.0,,True,completed
655,car,771.0,1747.0,976.0,,1307.128,94.0,684.0,292.0,851.684,,,0.7008,0.2992,,True,completed
1646,car,1416.0,1748.0,332.0,,1531.818,2.0,162.0,170.0,191.834,,,0.488,0.512,,True,completed
1895,car,1691.0,1748.0,57.0,,590.767,0.0,0.0,57.0,2.83,,,0.0,1.0,,True,completed
924,truck,949.0,1748.0,799.0,,2414.773,0.0,467.0,332.0,509.147,,,0.5845,0.4155,,True,completed
1668,truck,1434.0,1749.0,315.0,,1914.9,0.0,43.0,272.0,84.12,,,0.1365,0.8635,,True,completed
991,car,991.0,1749.0,758.0,,1857.621,60.0,420.0,338.0,583.238,,,0.5541,0.4459,,True,completed
1228,truck,1112.0,1752.0,640.0,,1216.14,31.0,338.0,302.0,492.43,,,0.5281,0.4719,,True,completed
1705,car,1461.0,1753.0,292.0,,2055.376,2.0,53.0,239.0,105.824,,,0.1815,0.8185,,True,completed
1225,car,1109.0,1754.0,645.0,,1885.797,33.0,274.0,371.0,424.833,,,0.4248,0.5752,,True,completed
1597,car,1375.0,1754.0,379.0,,1328.287,87.0,214.0,165.0,241.751,,,0.5646,0.4354,,True,completed
1844,car,1636.0,1755.0,119.0,,973.74,7.0,7.0,112.0,28.014,,,0.0588,0.9412,,True,completed
1471,car,1266.0,1757.0,491.0,,1190.009,45.0,272.0,219.0,381.605,,,0.554,0.446,,True,completed
1730,car,1490.0,1757.0,267.0,,2304.796,8.0,8.0,259.0,40.375,,,0.03,0.97,,True,completed
898,car,934.0,1757.0,823.0,,2335.01,55.0,502.0,321.0,604.91,,,0.61,0.39,,True,completed
978,car,984.0,1757.0,773.0,,,0.0,542.0,231.0,0.0,,,0.7012,0.2988,,True,completed
1135,car,1061.0,1759.0,698.0,,1449.041,37.0,391.0,307.0,557.511,,,0.5602,0.4398,,True,completed
733,car,824.0,1761.0,937.0,,2092.112,80.0,692.0,245.0,745.115,,,0.7385,0.2615,,True,completed
1250,car,1122.0,1762.0,640.0,,1785.634,52.0,381.0,259.0,477.169,,,0.5953,0.4047,,True,completed
1922,car,1716.0,1764.0,48.0,,454.566,0.0,0.0,48.0,5.732,,,0.0,1.0,,True,completed
1027,car,1009.0,1765.0,756.0,,2323.79,77.0,424.0,332.0,542.196,,,0.5608,0.4392,,True,completed
1377,car,1197.0,1767.0,570.0,,2792.811,5.0,226.0,344.0,285.242,,,0.3965,0.6035,,True,completed
1546,car,1335.0,1768.0,433.0,,2177.779,77.0,204.0,229.0,235.454,,,0.4711,0.5289,,True,completed
1752,car,1515.0,1768.0,253.0,,2603.268,0.0,0.0,253.0,17.068,,,0.0,1.0,,True,completed
1318,truck,1156.0,1770.0,614.0,,2251.533,62.0,226.0,388.0,342.204,,,0.3681,0.6319,,True,completed
784,truck,861.0,1770.0,909.0,,2211.017,27.0,538.0,371.0,641.677,,,0.5919,0.4081,,True,completed
1341,car,1169.0,1776.0,607.0,,2373.621,0.0,244.0,363.0,391.661,,,0.402,0.598,,True,completed
837,car,902.0,1778.0,876.0,,2212.105,0.0,580.0,296.0,614.461,,,0.6621,0.3379,,True,completed
792,car,867.0,1779.0,912.0,,2390.776,24.0,538.0,374.0,694.083,,,0.5899,0.4101,,True,completed
1360,car,1187.0,1785.0,598.0,,733.663,35.0,443.0,155.0,525.064,,,0.7408,0.2592,,True,completed
1727,car,1487.0,1793.0,306.0,,1724.01,25.0,82.0,224.0,149.525,,,0.268,0.732,,True,completed
1231,car,1111.0,1795.0,684.0,,2277.101,63.0,383.0,301.0,465.907,,,0.5599,0.4401,,True,completed
1278,truck,1137.0,1795.0,658.0,,1492.933,7.0,324.0,334.0,475.998,,,0.4924,0.5076,,True,completed
1619,car,1395.0,1800.0,405.0,,1122.022,28.0,174.0,231.0,290.015,,,0.4296,0.5704,,True,completed
1000,car,995.0,,805.0,,1572.255,100.0,587.0,218.0,662.769,,,0.7292,0.2708,,False,on_map_at_end
1002,car,997.0,,803.0,,946.583,86.0,603.0,200.0,677.22,,,0.7509,0.2491,,False,on_map_at_end
1004,car,998.0,,802.0,,599.864,100.0,714.0,88.0,748.012,,,0.8903,0.1097,,False,on_map_at_end
1006,car,1000.0,,800.0,,1408.885,96.0,547.0,253.0,655.37,,,0.6837,0.3163,,False,on_map_at_end
1008,truck,1000.0,,800.0,,1541.253,100.0,545.0,255.0,614.506,,,0.6813,0.3187,,False,on_map_at_end
1010,car,1000.0,,800.0,,1193.113,100.0,598.0,202.0,681.901,,,0.7475,0.2525,,False,on_map_at_end
1011,car,1001.0,,799.0,,976.437,87.0,647.0,152.0,702.076,,,0.8098,0.1902,,False,on_map_at_end
1012,car,1001.0,,799.0,,1343.725,100.0,635.0,164.0,676.916,,,0.7947,0.2053,,False,on_map_at_end
1017,car,1005.0,,795.0,,704.62,100.0,700.0,95.0,724.534,,,0.8805,0.1195,,False,on_map_at_end
1018,truck,1006.0,,794.0,,1195.434,100.0,627.0,167.0,650.043,,,0.7897,0.2103,,False,on_map_at_end
1020,car,1007.0,,793.0,,1019.13,37.0,564.0,229.0,698.077,,,0.7112,0.2888,,False,on_map_at_end
1021,car,1329.0,,471.0,,320.416,100.0,420.0,51.0,441.836,,,0.8917,0.1083,,False,on_map_at_end
1022,car,1008.0,,792.0,,1412.026,100.0,519.0,273.0,659.316,,,0.6553,0.3447,,False,on_map_at_end
1023,truck,1008.0,,792.0,,963.435,87.0,625.0,167.0,674.906,,,0.7891,0.2109,,False,on_map_at_end
1024,car,1008.0,,792.0,,541.189,88.0,682.0,110.0,734.032,,,0.8611,0.1389,,False,on_map_at_end
1026,car,1009.0,,791.0,,2131.339,45.0,416.0,375.0,580.121,,,0.5259,0.4741,,False,on_map_at_end
1028,truck,1010.0,,790.0,,1260.752,37.0,548.0,242.0,636.968,,,0.6937,0.3063,,False,on_map_at_end
1034,car,1012.0,,788.0,,2008.318,100.0,534.0,254.0,606.285,,,0.6777,0.3223,,False,on_map_at_end
1035,car,1015.0,,785.0,,1879.509,100.0,551.0,234.0,614.651,,,0.7019,0.2981,,False,on_map_at_end
1039,car,1015.0,,785.0,,1705.922,100.0,514.0,271.0,630.23,,,0.6548,0.3452,,False,on_map_at_end
1040,car,1016.0,,784.0,,809.318,100.0,650.0,134.0,697.759,,,0.8291,0.1709,,False,on_map_at_end
1041,car,1016.0,,784.0,,694.728,100.0,674.0,110.0,700.77,,,0.8597,0.1403,,False,on_map_at_end
1046,car,1019.0,,781.0,,1422.006,100.0,577.0,204.0,652.531,,,0.7388,0.2612,,False,on_map_at_end
1049,car,1021.0,,779.0,,477.873,100.0,704.0,75.0,735.991,,,0.9037,0.0963,,False,on_map_at_end
1052,car,1022.0,,778.0,,1688.591,100.0,464.0,314.0,621.718,,,0.5964,0.4036,,False,on_map_at_end
1053,truck,1023.0,,777.0,,1224.258,14.0,568.0,209.0,629.475,,,0.731,0.269,,False,on_map_at_end
1054,car,1024.0,,776.0,,1533.864,100.0,558.0,218.0,631.863,,,0.7191,0.2809,,False,on_map_at_end
1057,car,1024.0,,776.0,,1438.94,100.0,587.0,189.0,646.494,,,0.7564,0.2436,,False,on_map_at_end
1062,car,1029.0,,771.0,,1211.167,100.0,632.0,139.0,661.541,,,0.8197,0.1803,,False,on_map_at_end
1067,car,1030.0,,770.0,,436.985,100.0,695.0,75.0,727.26,,,0.9026,0.0974,,False,on_map_at_end
1069,car,1030.0,,770.0,,2108.184,100.0,463.0,307.0,577.556,,,0.6013,0.3987,,False,on_map_at_end
1072,car,1032.0,,768.0,,1698.421,100.0,500.0,268.0,614.125,,,0.651,0.349,,False,on_map_at_end
1075,car,1034.0,,766.0,,1414.505,100.0,561.0,205.0,637.989,,,0.7324,0.2676,,False,on_map_at_end
1077,car,1477.0,,323.0,,949.594,100.0,209.0,114.0,236.959,,,0.6471,0.3529,,False,on_map_at_end
1078,truck,1035.0,,765.0,,819.846,100.0,641.0,124.0,666.579,,,0.8379,0.1621,,False,on_map_at_end
1082,car,1037.0,,763.0,,2744.088,100.0,384.0,379.0,510.294,,,0.5033,0.4967,,False,on_map_at_end
1086,car,1038.0,,762.0,,506.168,100.0,690.0,72.0,713.718,,,0.9055,0.0945,,False,on_map_at_end
1088,truck,1040.0,,760.0,,565.292,100.0,648.0,112.0,689.452,,,0.8526,0.1474,,False,on_map_at_end
1089,car,1635.0,,165.0,,240.754,100.0,131.0,34.0,142.884,,,0.7939,0.2061,,False,on_map_at_end
1090,car,1040.0,,760.0,,2277.009,100.0,484.0,276.0,554.834,,,0.6368,0.3632,,False,on_map_at_end
1091,car,1041.0,,759.0,,1302.243,100.0,528.0,231.0,641.196,,,0.6957,0.3043,,False,on_map_at_end
1092,car,1041.0,,759.0,,1010.164,34.0,528.0,231.0,661.359,,,0.6957,0.3043,,False,on_map_at_end
1095,car,1042.0,,758.0,,2501.777,100.0,430.0,328.0,530.052,,,0.5673,0.4327,,False,on_map_at_end
1097,car,1043.0,,757.0,,1933.576,47.0,387.0,370.0,564.494,,,0.5112,0.4888,,False,on_map_at_end
1098,truck,1043.0,,757.0,,966.261,36.0,522.0,235.0,639.197,,,0.6896,0.3104,,False,on_map_at_end
1100,car,1044.0,,756.0,,2010.633,65.0,398.0,358.0,565.325,,,0.5265,0.4735,,False,on_map_at_end
1101,car,1044.0,,756.0,,1369.389,100.0,569.0,187.0,631.96,,,0.7526,0.2474,,False,on_map_at_end
1103,truck,1046.0,,754.0,,1451.839,19.0,484.0,270.0,512.653,,,0.6419,0.3581,,False,on_map_at_end
1104,car,1046.0,,754.0,,1851.179,65.0,496.0,258.0,586.591,,,0.6578,0.3422,,False,on_map_at_end
1105,car,1047.0,,753.0,,693.858,100.0,645.0,108.0,676.482,,,0.8566,0.1434,,False,on_map_at_end
1110,car,1049.0,,751.0,,1549.752,100.0,548.0,203.0,611.112,,,0.7297,0.2703,,False,on_map_at_end
1112,car,1049.0,,751.0,,1183.93,100.0,582.0,169.0,643.358,,,0.775,0.225,,False,on_map_at_end
1119,car,1053.0,,747.0,,2004.795,42.0,350.0,397.0,534.41,,,0.4685,0.5315,,False,on_map_at_end
1123,truck,1054.0,,746.0,,340.936,100.0,682.0,64.0,705.018,,,0.9142,0.0858,,False,on_map_at_end
1126,car,1055.0,,745.0,,1348.518,100.0,467.0,278.0,617.729,,,0.6268,0.3732,,False,on_map_at_end
1129,car,1055.0,,745.0,,1406.837,100.0,561.0,184.0,616.67,,,0.753,0.247,,False,on_map_at_end
1130,car,1056.0,,744.0,,1238.249,36.0,513.0,231.0,623.405,,,0.6895,0.3105,,False,on_map_at_end
1132,car,1058.0,,742.0,,1278.914,100.0,589.0,153.0,626.011,,,0.7938,0.2062,,False,on_map_at_end
1133,truck,1058.0,,742.0,,558.86,100.0,636.0,106.0,674.91,,,0.8571,0.1429,,False,on_map_at_end
1137,car,1063.0,,737.0,,2211.914,58.0,393.0,344.0,529.129,,,0.5332,0.4668,,False,on_map_at_end
1138,truck,1065.0,,735.0,,1443.211,100.0,503.0,232.0,561.745,,,0.6844,0.3156,,False,on_map_at_end
1140,car,1066.0,,734.0,,569.691,100.0,648.0,86.0,682.727,,,0.8828,0.1172,,False,on_map_at_end
1142,car,1067.0,,733.0,,1796.261,66.0,485.0,248.0,569.827,,,0.6617,0.3383,,False,on_map_at_end
1144,car,1068.0,,732.0,,618.917,100.0,618.0,114.0,658.434,,,0.8443,0.1557,,False,on_map_at_end
1147,car,1069.0,,731.0,,1020.604,22.0,541.0,190.0,627.709,,,0.7401,0.2599,,False,on_map_at_end
1148,truck,1069.0,,731.0,,905.579,86.0,555.0,176.0,598.709,,,0.7592,0.2408,,False,on_map_at_end
1150,car,1070.0,,730.0,,1440.966,100.0,551.0,179.0,599.29,,,0.7548,0.2452,,False,on_map_at_end
1151,car,1071.0,,729.0,,2190.178,100.0,444.0,285.0,530.635,,,0.6091,0.3909,,False,on_map_at_end
1153,truck,1071.0,,729.0,,1273.154,62.0,500.0,229.0,574.936,,,0.6859,0.3141,,False,on_map_at_end
1154,car,1072.0,,728.0,,521.468,100.0,639.0,89.0,674.65,,,0.8777,0.1223,,False,on_map_at_end
1155,car,1072.0,,728.0,,888.398,100.0,551.0,177.0,647.238,,,0.7569,0.2431,,False,on_map_at_end
1156,car,1072.0,,728.0,,1213.639,32.0,515.0,213.0,613.874,,,0.7074,0.2926,,False,on_map_at_end
1157,car,1073.0,,727.0,,1967.314,100.0,475.0,252.0,548.421,,,0.6534,0.3466,,False,on_map_at_end
1158,truck,1073.0,,727.0,,524.287,100.0,621.0,106.0,663.691,,,0.8542,0.1458,,False,on_map_at_end
1159,car,1075.0,,725.0,,1645.764,100.0,478.0,247.0,572.091,,,0.6593,0.3407,,False,on_map_at_end
1160,car,1075.0,,725.0,,1142.218,100.0,557.0,168.0,621.851,,,0.7683,0.2317,,False,on_map_at_end
1162,car,1076.0,,724.0,,1514.247,100.0,542.0,182.0,587.077,,,0.7486,0.2514,,False,on_map_at_end
1163,truck,1076.0,,724.0,,1366.167,100.0,500.0,224.0,559.293,,,0.6906,0.3094,,False,on_map_at_end
1164,car,1077.0,,723.0,,526.124,88.0,613.0,110.0,667.659,,,0.8479,0.1521,,False,on_map_at_end
1166,car,1078.0,,722.0,,1128.652,100.0,561.0,161.0,618.334,,,0.777,0.223,,False,on_map_at_end
1167,car,1080.0,,720.0,,463.163,100.0,654.0,66.0,676.982,,,0.9083,0.0917,,False,on_map_at_end
1168,truck,1080.0,,720.0,,868.159,100.0,549.0,171.0,615.686,,,0.7625,0.2375,,False,on_map_at_end
1169,car,1080.0,,720.0,,839.719,100.0,615.0,105.0,643.897,,,0.8542,0.1458,,False,on_map_at_end
1170,car,1080.0,,720.0,,939.208,32.0,507.0,213.0,629.713,,,0.7042,0.2958,,False,on_map_at_end
1171,car,1081.0,,719.0,,2110.111,100.0,342.0,377.0,458.047,,,0.4757,0.5243,,False,on_map_at_end
1172,car,1081.0,,719.0,,413.179,100.0,648.0,71.0,672.477,,,0.9013,0.0987,,False,on_map_at_end
1173,truck,1081.0,,719.0,,1223.119,100.0,512.0,207.0,571.669,,,0.7121,0.2879,,False,on_map_at_end
1177,car,1082.0,,718.0,,656.353,100.0,585.0,133.0,623.325,,,0.8148,0.1852,,False,on_map_at_end
1179,car,1083.0,,717.0,,1333.516,27.0,435.0,282.0,596.132,,,0.6067,0.3933,,False,on_map_at_end
1180,car,1083.0,,717.0,,1002.626,23.0,530.0,187.0,619.939,,,0.7392,0.2608,,False,on_map_at_end
1182,car,1084.0,,716.0,,986.506,24.0,524.0,192.0,617.082,,,0.7318,0.2682,,False,on_map_at_end
1183,truck,1085.0,,715.0,,2107.858,100.0,430.0,285.0,461.595,,,0.6014,0.3986,,False,on_map_at_end
1184,car,1087.0,,713.0,,837.286,100.0,597.0,116.0,629.793,,,0.8373,0.1627,,False,on_map_at_end
1186,car,1088.0,,712.0,,1384.068,100.0,494.0,218.0,585.69,,,0.6938,0.3062,,False,on_map_at_end
1187,car,1095.0,,705.0,,1358.424,100.0,534.0,171.0,581.184,,,0.7574,0.2426,,False,on_map_at_end
1188,truck,1089.0,,711.0,,1035.415,100.0,496.0,215.0,586.628,,,0.6976,0.3024,,False,on_map_at_end
1194,car,1092.0,,708.0,,1227.962,100.0,537.0,171.0,596.52,,,0.7585,0.2415,,False,on_map_at_end
1196,car,1093.0,,707.0,,2222.991,100.0,388.0,319.0,505.997,,,0.5488,0.4512,,False,on_map_at_end
1198,truck,1095.0,,705.0,,920.43,87.0,550.0,155.0,594.294,,,0.7801,0.2199,,False,on_map_at_end
1199,car,1095.0,,705.0,,1486.649,100.0,511.0,194.0,570.878,,,0.7248,0.2752,,False,on_map_at_end
1200,car,1095.0,,705.0,,2117.612,100.0,336.0,369.0,496.836,,,0.4766,0.5234,,False,on_map_at_end
1202,car,1098.0,,702.0,,926.399,31.0,495.0,207.0,610.718,,,0.7051,0.2949,,False,on_map_at_end
1203,truck,1098.0,,702.0,,940.554,100.0,538.0,164.0,589.081,,,0.7664,0.2336,,False,on_map_at_end
1204,car,1098.0,,702.0,,1166.161,100.0,556.0,146.0,595.572,,,0.792,0.208,,False,on_map_at_end
1205,car,1098.0,,702.0,,145.477,100.0,666.0,36.0,684.722,,,0.9487,0.0513,,False,on_map_at_end
1206,car,1100.0,,700.0,,1992.577,67.0,444.0,256.0,519.18,,,0.6343,0.3657,,False,on_map_at_end
1208,truck,1101.0,,699.0,,1702.279,62.0,333.0,366.0,471.049,,,0.4764,0.5236,,False,on_map_at_end
1211,car,1102.0,,698.0,,807.282,100.0,577.0,121.0,614.93,,,0.8266,0.1734,,False,on_map_at_end
1212,car,1103.0,,697.0,,1636.179,100.0,466.0,231.0,549.126,,,0.6686,0.3314,,False,on_map_at_end
1213,truck,1103.0,,697.0,,1896.536,100.0,424.0,273.0,469.098,,,0.6083,0.3917,,False,on_map_at_end
1214,car,1104.0,,696.0,,1374.135,100.0,509.0,187.0,564.604,,,0.7313,0.2687,,False,on_map_at_end
1216,car,1105.0,,695.0,,1886.509,13.0,324.0,371.0,515.538,,,0.4662,0.5338,,False,on_map_at_end
1217,car,1105.0,,695.0,,898.078,86.0,535.0,160.0,582.278,,,0.7698,0.2302,,False,on_map_at_end
1220,car,1107.0,,693.0,,1917.237,100.0,400.0,293.0,509.957,,,0.5772,0.4228,,False,on_map_at_end
1221,car,1107.0,,693.0,,117.474,100.0,663.0,30.0,679.435,,,0.9567,0.0433,,False,on_map_at_end
1224,car,1110.0,,690.0,,1067.77,100.0,552.0,138.0,592.875,,,0.8,0.2,,False,on_map_at_end
1226,car,1110.0,,690.0,,1375.499,66.0,468.0,222.0,558.201,,,0.6783,0.3217,,False,on_map_at_end
1229,car,1116.0,,684.0,,1651.055,7.0,341.0,343.0,522.045,,,0.4985,0.5015,,False,on_map_at_end
1230,car,1110.0,,690.0,,1264.738,100.0,449.0,241.0,575.803,,,0.6507,0.3493,,False,on_map_at_end
1232,car,1111.0,,689.0,,530.856,100.0,589.0,100.0,641.222,,,0.8549,0.1451,,False,on_map_at_end
1233,truck,1111.0,,689.0,,1320.228,100.0,499.0,190.0,529.572,,,0.7242,0.2758,,False,on_map_at_end
1235,car,1112.0,,688.0,,1143.658,100.0,540.0,148.0,583.553,,,0.7849,0.2151,,False,on_map_at_end
1236,car,1112.0,,688.0,,390.676,100.0,622.0,66.0,649.434,,,0.9041,0.0959,,False,on_map_at_end
1237,car,1113.0,,687.0,,588.913,100.0,585.0,102.0,624.508,,,0.8515,0.1485,,False,on_map_at_end
1239,car,1115.0,,685.0,,424.355,100.0,615.0,70.0,646.371,,,0.8978,0.1022,,False,on_map_at_end
1240,car,1115.0,,685.0,,760.602,44.0,530.0,155.0,608.227,,,0.7737,0.2263,,False,on_map_at_end
1242,car,1116.0,,684.0,,1222.383,100.0,447.0,237.0,565.381,,,0.6535,0.3465,,False,on_map_at_end
1243,truck,1117.0,,683.0,,1466.147,100.0,474.0,209.0,506.472,,,0.694,0.306,,False,on_map_at_end
1246,car,1120.0,,680.0,,490.682,87.0,575.0,105.0,627.168,,,0.8456,0.1544,,False,on_map_at_end
1247,car,1120.0,,680.0,,1991.995,66.0,427.0,253.0,499.538,,,0.6279,0.3721,,False,on_map_at_end
1251,car,1122.0,,678.0,,905.569,36.0,479.0,199.0,588.229,,,0.7065,0.2935,,False,on_map_at_end
1252,car,1123.0,,677.0,,1829.078,100.0,442.0,235.0,511.454,,,0.6529,0.3471,,False,on_map_at_end
1254,car,1123.0,,677.0,,1642.689,4.0,344.0,333.0,520.383,,,0.5081,0.4919,,False,on_map_at_end
1255,car,1124.0,,676.0,,1458.646,100.0,471.0,205.0,543.862,,,0.6967,0.3033,,False,on_map_at_end
1257,car,1124.0,,676.0,,1187.224,100.0,533.0,143.0,568.13,,,0.7885,0.2115,,False,on_map_at_end
1259,car,1125.0,,675.0,,1193.137,22.0,453.0,222.0,554.907,,,0.6711,0.3289,,False,on_map_at_end
1260,car,1125.0,,675.0,,1358.499,100.0,474.0,201.0,552.081,,,0.7022,0.2978,,False,on_map_at_end
1262,car,1127.0,,673.0,,355.508,94.0,493.0,180.0,501.266,,,0.7325,0.2675,,False,on_map_at_end
1268,truck,1131.0,,669.0,,1161.812,67.0,453.0,216.0,528.791,,,0.6771,0.3229,,False,on_map_at_end
1269,car,1131.0,,669.0,,416.854,100.0,600.0,69.0,631.119,,,0.8969,0.1031,,False,on_map_at_end
1270,car,1132.0,,668.0,,1238.885,4.0,401.0,267.0,551.604,,,0.6003,0.3997,,False,on_map_at_end
1271,car,1132.0,,668.0,,2502.302,100.0,363.0,305.0,418.356,,,0.5434,0.4566,,False,on_map_at_end
1272,car,1205.0,,595.0,,1847.689,91.0,307.0,288.0,423.663,,,0.516,0.484,,False,on_map_at_end
1274,car,1133.0,,667.0,,503.621,87.0,573.0,94.0,618.604,,,0.8591,0.1409,,False,on_map_at_end
1275,car,1134.0,,666.0,,1629.951,0.0,328.0,338.0,500.502,,,0.4925,0.5075,,False,on_map_at_end
1276,car,1134.0,,666.0,,1378.932,100.0,476.0,190.0,541.895,,,0.7147,0.2853,,False,on_map_at_end
1277,car,1136.0,,664.0,,1383.627,100.0,419.0,245.0,538.309,,,0.631,0.369,,False,on_map_at_end
1279,car,1139.0,,661.0,,468.961,100.0,572.0,89.0,609.402,,,0.8654,0.1346,,False,on_map_at_end
1280,car,1139.0,,661.0,,1603.831,4.0,328.0,333.0,502.001,,,0.4962,0.5038,,False,on_map_at_end
1282,car,1141.0,,659.0,,1266.955,100.0,451.0,208.0,537.614,,,0.6844,0.3156,,False,on_map_at_end
1284,car,1141.0,,659.0,,497.353,100.0,557.0,102.0,614.238,,,0.8452,0.1548,,False,on_map_at_end
1289,car,1144.0,,656.0,,710.028,100.0,554.0,102.0,591.683,,,0.8445,0.1555,,False,on_map_at_end
1290,car,1144.0,,656.0,,1386.433,100.0,474.0,182.0,531.22,,,0.7226,0.2774,,False,on_map_at_end
1293,truck,1145.0,,655.0,,515.685,100.0,556.0,99.0,593.093,,,0.8489,0.1511,,False,on_map_at_end
1295,car,1146.0,,654.0,,874.269,95.0,543.0,111.0,571.228,,,0.8303,0.1697,,False,on_map_at_end
1299,car,1147.0,,653.0,,445.986,60.0,486.0,167.0,608.896,,,0.7443,0.2557,,False,on_map_at_end
1301,car,1149.0,,651.0,,1430.643,100.0,485.0,166.0,521.315,,,0.745,0.255,,False,on_map_at_end
1302,car,1149.0,,651.0,,1087.606,28.0,429.0,222.0,539.373,,,0.659,0.341,,False,on_map_at_end
1305,car,1150.0,,650.0,,1573.089,100.0,439.0,211.0,508.117,,,0.6754,0.3246,,False,on_map_at_end
1306,car,1150.0,,650.0,,1570.671,100.0,436.0,214.0,507.556,,,0.6708,0.3292,,False,on_map_at_end
1307,car,1151.0,,649.0,,2161.171,100.0,394.0,255.0,453.247,,,0.6071,0.3929,,False,on_map_at_end
1308,truck,1151.0,,649.0,,794.599,48.0,449.0,200.0,553.571,,,0.6918,0.3082,,False,on_map_at_end
1310,car,1152.0,,648.0,,787.098,49.0,453.0,195.0,569.742,,,0.6991,0.3009,,False,on_map_at_end
1312,car,1154.0,,646.0,,1639.084,100.0,415.0,231.0,465.471,,,0.6424,0.3576,,False,on_map_at_end
1313,truck,1155.0,,645.0,,2109.848,100.0,338.0,307.0,389.943,,,0.524,0.476,,False,on_map_at_end
1314,car,1156.0,,644.0,,2462.861,100.0,369.0,275.0,417.758,,,0.573,0.427,,False,on_map_at_end
1316,car,1156.0,,644.0,,1821.577,100.0,413.0,231.0,479.552,,,0.6413,0.3587,,False,on_map_at_end
1317,car,1156.0,,644.0,,1889.923,100.0,420.0,224.0,472.26,,,0.6522,0.3478,,False,on_map_at_end
1319,car,1158.0,,642.0,,536.405,100.0,554.0,88.0,581.704,,,0.8629,0.1371,,False,on_map_at_end
1324,car,1161.0,,639.0,,1664.774,64.0,288.0,351.0,448.341,,,0.4507,0.5493,,False,on_map_at_end
1326,car,1161.0,,639.0,,1856.843,67.0,396.0,243.0,470.561,,,0.6197,0.3803,,False,on_map_at_end
1329,car,1163.0,,637.0,,882.547,100.0,469.0,168.0,551.509,,,0.7363,0.2637,,False,on_map_at_end
1330,car,1164.0,,636.0,,1165.476,100.0,492.0,144.0,529.914,,,0.7736,0.2264,,False,on_map_at_end
1331,car,1164.0,,636.0,,1640.046,100.0,422.0,214.0,484.702,,,0.6635,0.3365,,False,on_map_at_end
1333,truck,1165.0,,635.0,,1815.59,66.0,355.0,280.0,416.372,,,0.5591,0.4409,,False,on_map_at_end
1335,car,1166.0,,634.0,,736.849,100.0,528.0,106.0,558.505,,,0.8328,0.1672,,False,on_map_at_end
1336,car,1167.0,,633.0,,1329.644,67.0,433.0,200.0,503.874,,,0.684,0.316,,False,on_map_at_end
1338,truck,1171.0,,629.0,,1043.355,100.0,468.0,161.0,503.316,,,0.744,0.256,,False,on_map_at_end
1339,car,1167.0,,633.0,,1157.975,100.0,488.0,145.0,527.984,,,0.7709,0.2291,,False,on_map_at_end
1342,car,1173.0,,627.0,,866.768,95.0,515.0,112.0,542.097,,,0.8214,0.1786,,False,on_map_at_end
1343,truck,1173.0,,627.0,,772.665,43.0,447.0,180.0,532.67,,,0.7129,0.2871,,False,on_map_at_end
1345,car,1175.0,,625.0,,1775.737,64.0,381.0,244.0,463.911,,,0.6096,0.3904,,False,on_map_at_end
1346,car,1177.0,,623.0,,857.417,94.0,444.0,179.0,485.613,,,0.7127,0.2873,,False,on_map_at_end
1347,car,1177.0,,623.0,,756.088,41.0,442.0,181.0,539.835,,,0.7095,0.2905,,False,on_map_at_end
1348,truck,1177.0,,623.0,,1505.861,100.0,392.0,231.0,440.305,,,0.6292,0.3708,,False,on_map_at_end
1351,car,1180.0,,620.0,,1980.769,100.0,313.0,307.0,441.407,,,0.5048,0.4952,,False,on_map_at_end
1353,truck,1181.0,,619.0,,1075.558,63.0,418.0,201.0,487.206,,,0.6753,0.3247,,False,on_map_at_end
1358,truck,1186.0,,614.0,,744.813,100.0,471.0,143.0,524.014,,,0.7671,0.2329,,False,on_map_at_end
1359,car,1187.0,,613.0,,574.102,54.0,450.0,163.0,548.859,,,0.7341,0.2659,,False,on_map_at_end
1361,car,1191.0,,609.0,,1692.559,63.0,356.0,253.0,455.249,,,0.5846,0.4154,,False,on_map_at_end
1362,car,1188.0,,612.0,,1363.93,100.0,433.0,179.0,489.245,,,0.7075,0.2925,,False,on_map_at_end
1363,truck,1188.0,,612.0,,1336.782,84.0,313.0,299.0,451.522,,,0.5114,0.4886,,False,on_map_at_end
1364,car,1190.0,,610.0,,1049.54,41.0,424.0,186.0,500.547,,,0.6951,0.3049,,False,on_map_at_end
1365,car,1190.0,,610.0,,693.844,100.0,500.0,110.0,538.053,,,0.8197,0.1803,,False,on_map_at_end
1366,car,1190.0,,610.0,,97.449,100.0,587.0,23.0,599.034,,,0.9623,0.0377,,False,on_map_at_end
1367,car,1190.0,,610.0,,1096.543,67.0,439.0,171.0,508.692,,,0.7197,0.2803,,False,on_map_at_end
1369,car,1191.0,,609.0,,338.169,100.0,542.0,67.0,576.285,,,0.89,0.11,,False,on_map_at_end
1370,car,1191.0,,609.0,,1956.542,100.0,372.0,237.0,431.702,,,0.6108,0.3892,,False,on_map_at_end
1374,car,1194.0,,606.0,,2367.039,100.0,312.0,294.0,391.351,,,0.5149,0.4851,,False,on_map_at_end
1375,car,1194.0,,606.0,,395.67,66.0,481.0,125.0,564.135,,,0.7937,0.2063,,False,on_map_at_end
1376,car,1195.0,,605.0,,1649.765,60.0,251.0,354.0,387.671,,,0.4149,0.5851,,False,on_map_at_end
1384,car,1201.0,,599.0,,773.979,45.0,417.0,182.0,521.731,,,0.6962,0.3038,,False,on_map_at_end
1385,car,1202.0,,598.0,,1102.13,100.0,451.0,147.0,498.066,,,0.7542,0.2458,,False,on_map_at_end
1388,truck,1203.0,,597.0,,583.344,100.0,479.0,118.0,525.659,,,0.8023,0.1977,,False,on_map_at_end
1389,car,1204.0,,596.0,,1136.671,42.0,309.0,287.0,481.857,,,0.5185,0.4815,,False,on_map_at_end
1390,car,1204.0,,596.0,,1498.178,46.0,332.0,264.0,452.901,,,0.557,0.443,,False,on_map_at_end
1392,car,1205.0,,595.0,,1059.761,100.0,397.0,198.0,494.061,,,0.6672,0.3328,,False,on_map_at_end
1393,truck,1207.0,,593.0,,1315.493,100.0,393.0,200.0,435.078,,,0.6627,0.3373,,False,on_map_at_end
1396,car,1209.0,,591.0,,356.846,100.0,520.0,71.0,558.327,,,0.8799,0.1201,,False,on_map_at_end
1398,truck,1212.0,,588.0,,1702.942,100.0,334.0,254.0,382.593,,,0.568,0.432,,False,on_map_at_end
1399,car,1213.0,,587.0,,1263.453,100.0,434.0,153.0,472.076,,,0.7394,0.2606,,False,on_map_at_end
1400,car,1213.0,,587.0,,1342.035,100.0,419.0,168.0,460.798,,,0.7138,0.2862,,False,on_map_at_end
1401,car,1213.0,,587.0,,1810.433,100.0,372.0,215.0,422.297,,,0.6337,0.3663,,False,on_map_at_end
1403,truck,1366.0,,434.0,,431.885,58.0,302.0,132.0,382.153,,,0.6959,0.3041,,False,on_map_at_end
1404,car,1214.0,,586.0,,1002.326,44.0,357.0,229.0,482.765,,,0.6092,0.3908,,False,on_map_at_end
1405,car,1214.0,,586.0,,766.478,44.0,403.0,183.0,511.029,,,0.6877,0.3123,,False,on_map_at_end
1406,car,1215.0,,585.0,,1626.929,61.0,250.0,335.0,396.908,,,0.4274,0.5726,,False,on_map_at_end
1408,truck,1215.0,,585.0,,1234.218,100.0,408.0,177.0,436.4,,,0.6974,0.3026,,False,on_map_at_end
1409,car,1217.0,,583.0,,1424.309,100.0,401.0,182.0,447.434,,,0.6878,0.3122,,False,on_map_at_end
1410,car,1218.0,,582.0,,219.617,100.0,526.0,56.0,562.104,,,0.9038,0.0962,,False,on_map_at_end
1411,car,1218.0,,582.0,,758.977,41.0,399.0,183.0,508.048,,,0.6856,0.3144,,False,on_map_at_end
1413,truck,1219.0,,581.0,,1198.66,100.0,348.0,233.0,436.586,,,0.599,0.401,,False,on_map_at_end
1417,car,1221.0,,579.0,,2174.186,100.0,325.0,254.0,377.846,,,0.5613,0.4387,,False,on_map_at_end
1420,car,1221.0,,579.0,,1520.582,100.0,398.0,181.0,440.126,,,0.6874,0.3126,,False,on_map_at_end
1421,car,1222.0,,578.0,,273.414,67.0,488.0,90.0,549.118,,,0.8443,0.1557,,False,on_map_at_end
1422,car,1224.0,,576.0,,1740.513,100.0,378.0,198.0,419.081,,,0.6562,0.3438,,False,on_map_at_end
1423,truck,1224.0,,576.0,,872.009,61.0,312.0,264.0,468.669,,,0.5417,0.4583,,False,on_map_at_end
1424,car,1224.0,,576.0,,1700.09,100.0,360.0,216.0,420.565,,,0.625,0.375,,False,on_map_at_end
1425,car,1225.0,,575.0,,1457.869,100.0,395.0,180.0,442.877,,,0.687,0.313,,False,on_map_at_end
1429,car,1228.0,,572.0,,516.189,100.0,481.0,91.0,505.269,,,0.8409,0.1591,,False,on_map_at_end
1430,car,1230.0,,570.0,,1976.701,100.0,343.0,227.0,391.95,,,0.6018,0.3982,,False,on_map_at_end
1431,car,1232.0,,568.0,,1208.298,61.0,317.0,251.0,457.569,,,0.5581,0.4419,,False,on_map_at_end
1432,car,1232.0,,568.0,,1340.592,100.0,386.0,182.0,446.2,,,0.6796,0.3204,,False,on_map_at_end
1433,truck,1232.0,,568.0,,1221.579,100.0,398.0,170.0,421.175,,,0.7007,0.2993,,False,on_map_at_end
1434,car,1233.0,,567.0,,1328.425,100.0,419.0,148.0,447.441,,,0.739,0.261,,False,on_map_at_end
1435,car,1233.0,,567.0,,1591.909,50.0,304.0,263.0,423.011,,,0.5362,0.4638,,False,on_map_at_end
1436,car,1233.0,,567.0,,1611.922,61.0,246.0,321.0,399.478,,,0.4339,0.5661,,False,on_map_at_end
1437,car,1234.0,,566.0,,465.536,44.0,453.0,113.0,515.342,,,0.8004,0.1996,,False,on_map_at_end
1438,truck,1234.0,,566.0,,2161.185,100.0,260.0,306.0,302.356,,,0.4594,0.5406,,False,on_map_at_end
1439,car,1235.0,,565.0,,1969.2,100.0,333.0,232.0,387.77,,,0.5894,0.4106,,False,on_map_at_end
1442,car,1238.0,,562.0,,167.322,69.0,475.0,87.0,544.56,,,0.8452,0.1548,,False,on_map_at_end
1444,car,1239.0,,561.0,,838.907,61.0,331.0,230.0,474.66,,,0.59,0.41,,False,on_map_at_end
1446,car,1239.0,,561.0,,1344.863,100.0,401.0,160.0,439.585,,,0.7148,0.2852,,False,on_map_at_end
1447,car,1240.0,,560.0,,1337.362,100.0,399.0,161.0,438.765,,,0.7125,0.2875,,False,on_map_at_end
1449,car,1241.0,,559.0,,1911.411,100.0,324.0,235.0,385.75,,,0.5796,0.4204,,False,on_map_at_end
1451,car,1243.0,,557.0,,1385.679,100.0,367.0,190.0,431.425,,,0.6589,0.3411,,False,on_map_at_end
1453,truck,1245.0,,555.0,,1264.386,100.0,373.0,182.0,402.535,,,0.6721,0.3279,,False,on_map_at_end
1454,car,1249.0,,551.0,,1417.488,100.0,372.0,179.0,422.625,,,0.6751,0.3249,,False,on_map_at_end
1456,car,1249.0,,551.0,,430.751,62.0,413.0,138.0,504.54,,,0.7495,0.2505,,False,on_map_at_end
1458,truck,1251.0,,549.0,,1577.899,60.0,215.0,334.0,328.686,,,0.3916,0.6084,,False,on_map_at_end
1460,car,1255.0,,545.0,,823.905,58.0,305.0,240.0,461.251,,,0.5596,0.4404,,False,on_map_at_end
1461,car,1256.0,,544.0,,2022.256,100.0,283.0,261.0,361.686,,,0.5202,0.4798,,False,on_map_at_end
1465,car,1260.0,,540.0,,1042.381,67.0,388.0,152.0,441.591,,,0.7185,0.2815,,False,on_map_at_end
1466,car,1264.0,,536.0,,882.068,100.0,409.0,127.0,440.414,,,0.7631,0.2369,,False,on_map_at_end
1467,car,1264.0,,536.0,,1612.527,100.0,331.0,205.0,389.815,,,0.6175,0.3825,,False,on_map_at_end
1468,truck,1496.0,,304.0,,679.407,100.0,201.0,103.0,222.108,,,0.6612,0.3388,,False,on_map_at_end
1469,car,1265.0,,535.0,,769.708,100.0,419.0,116.0,454.117,,,0.7832,0.2168,,False,on_map_at_end
1470,car,1265.0,,535.0,,634.577,100.0,423.0,112.0,453.416,,,0.7907,0.2093,,False,on_map_at_end
1472,car,1267.0,,533.0,,1264.987,100.0,379.0,154.0,419.15,,,0.7111,0.2889,,False,on_map_at_end
1473,truck,1269.0,,531.0,,1606.605,1.0,245.0,286.0,337.688,,,0.4614,0.5386,,False,on_map_at_end
1475,car,1272.0,,528.0,,658.772,100.0,431.0,97.0,468.116,,,0.8163,0.1837,,False,on_map_at_end
1476,car,1273.0,,527.0,,739.818,100.0,400.0,127.0,449.439,,,0.759,0.241,,False,on_map_at_end
1477,car,1274.0,,526.0,,2010.49,59.0,285.0,241.0,342.422,,,0.5418,0.4582,,False,on_map_at_end
1479,car,1275.0,,525.0,,534.619,64.0,370.0,155.0,464.442,,,0.7048,0.2952,,False,on_map_at_end
1481,car,1280.0,,520.0,,596.591,100.0,429.0,91.0,466.025,,,0.825,0.175,,False,on_map_at_end
1482,car,1282.0,,518.0,,643.77,100.0,428.0,90.0,459.55,,,0.8263,0.1737,,False,on_map_at_end
1483,truck,1282.0,,518.0,,1621.854,100.0,284.0,234.0,322.457,,,0.5483,0.4517,,False,on_map_at_end
1484,car,1284.0,,516.0,,1712.197,100.0,321.0,195.0,359.187,,,0.6221,0.3779,,False,on_map_at_end
1485,car,1284.0,,516.0,,1280.472,100.0,349.0,167.0,392.475,,,0.6764,0.3236,,False,on_map_at_end
1487,car,1284.0,,516.0,,1599.53,59.0,238.0,278.0,370.052,,,0.4612,0.5388,,False,on_map_at_end
1488,truck,1285.0,,515.0,,1031.121,100.0,361.0,154.0,390.824,,,0.701,0.299,,False,on_map_at_end
1489,car,1286.0,,514.0,,1685.109,100.0,324.0,190.0,361.237,,,0.6304,0.3696,,False,on_map_at_end
1490,car,1287.0,,513.0,,419.88,65.0,379.0,134.0,466.348,,,0.7388,0.2612,,False,on_map_at_end
1491,car,1289.0,,511.0,,1446.016,100.0,350.0,161.0,379.378,,,0.6849,0.3151,,False,on_map_at_end
1492,car,1289.0,,511.0,,1677.556,62.0,305.0,206.0,359.51,,,0.5969,0.4031,,False,on_map_at_end
1493,truck,1290.0,,510.0,,2259.665,100.0,192.0,318.0,236.633,,,0.3765,0.6235,,False,on_map_at_end
1494,car,1291.0,,509.0,,751.476,39.0,344.0,165.0,431.104,,,0.6758,0.3242,,False,on_map_at_end
1495,car,1291.0,,509.0,,2314.532,100.0,247.0,262.0,300.382,,,0.4853,0.5147,,False,on_map_at_end
1496,car,1291.0,,509.0,,946.135,40.0,304.0,205.0,422.151,,,0.5972,0.4028,,False,on_map_at_end
1497,car,1291.0,,509.0,,555.34,100.0,419.0,90.0,446.181,,,0.8232,0.1768,,False,on_map_at_end
1498,truck,1292.0,,508.0,,1226.899,100.0,332.0,176.0,360.713,,,0.6535,0.3465,,False,on_map_at_end
1499,car,1293.0,,507.0,,829.414,91.0,332.0,175.0,376.88,,,0.6548,0.3452,,False,on_map_at_end
1502,car,1297.0,,503.0,,858.008,100.0,335.0,168.0,425.087,,,0.666,0.334,,False,on_map_at_end
1503,truck,1298.0,,502.0,,391.484,100.0,425.0,77.0,455.003,,,0.8466,0.1534,,False,on_map_at_end
1505,car,1300.0,,500.0,,511.055,65.0,343.0,157.0,435.683,,,0.686,0.314,,False,on_map_at_end
1506,car,1300.0,,500.0,,201.092,65.0,408.0,92.0,477.42,,,0.816,0.184,,False,on_map_at_end
1507,car,1301.0,,499.0,,1320.924,100.0,351.0,148.0,380.116,,,0.7034,0.2966,,False,on_map_at_end
1508,truck,1303.0,,497.0,,1203.964,100.0,311.0,186.0,352.194,,,0.6258,0.3742,,False,on_map_at_end
1509,car,1306.0,,494.0,,1023.62,100.0,347.0,147.0,400.897,,,0.7024,0.2976,,False,on_map_at_end
1510,car,1306.0,,494.0,,1640.767,100.0,279.0,215.0,346.119,,,0.5648,0.4352,,False,on_map_at_end
1511,car,1307.0,,493.0,,1670.054,61.0,285.0,208.0,341.914,,,0.5781,0.4219,,False,on_map_at_end
1512,car,1308.0,,492.0,,743.975,45.0,333.0,159.0,417.992,,,0.6768,0.3232,,False,on_map_at_end
1515,car,1310.0,,490.0,,1122.6,100.0,355.0,135.0,386.254,,,0.7245,0.2755,,False,on_map_at_end
1518,truck,1314.0,,486.0,,499.581,100.0,404.0,82.0,426.026,,,0.8313,0.1687,,False,on_map_at_end
1519,car,1315.0,,485.0,,1789.027,100.0,281.0,204.0,323.617,,,0.5794,0.4206,,False,on_map_at_end
1520,car,1316.0,,484.0,,1219.398,100.0,329.0,155.0,374.253,,,0.6798,0.3202,,False,on_map_at_end
1521,car,1317.0,,483.0,,1095.459,100.0,345.0,138.0,383.065,,,0.7143,0.2857,,False,on_map_at_end
1523,truck,1318.0,,482.0,,782.246,100.0,348.0,134.0,387.406,,,0.722,0.278,,False,on_map_at_end
1524,car,1319.0,,481.0,,1211.897,100.0,325.0,156.0,371.928,,,0.6757,0.3243,,False,on_map_at_end
1525,car,1553.0,,247.0,,630.902,97.0,169.0,78.0,189.452,,,0.6842,0.3158,,False,on_map_at_end
1527,car,1321.0,,479.0,,736.474,46.0,331.0,148.0,405.055,,,0.691,0.309,,False,on_map_at_end
1528,truck,1322.0,,478.0,,841.908,61.0,273.0,205.0,376.931,,,0.5711,0.4289,,False,on_map_at_end
1530,car,1322.0,,478.0,,896.024,100.0,362.0,116.0,396.636,,,0.7573,0.2427,,False,on_map_at_end
1531,car,1323.0,,477.0,,502.977,63.0,338.0,139.0,411.598,,,0.7086,0.2914,,False,on_map_at_end
1533,truck,1324.0,,476.0,,388.515,92.0,393.0,83.0,428.491,,,0.8256,0.1744,,False,on_map_at_end
1534,car,1327.0,,473.0,,1898.451,62.0,239.0,234.0,299.998,,,0.5053,0.4947,,False,on_map_at_end
1535,car,1328.0,,472.0,,1506.066,100.0,256.0,216.0,298.509,,,0.5424,0.4576,,False,on_map_at_end
1537,car,1329.0,,471.0,,728.973,45.0,319.0,152.0,400.708,,,0.6773,0.3227,,False,on_map_at_end
1538,truck,1329.0,,471.0,,1111.623,100.0,316.0,155.0,337.292,,,0.6709,0.3291,,False,on_map_at_end
1539,car,1330.0,,470.0,,1094.209,100.0,355.0,115.0,370.226,,,0.7553,0.2447,,False,on_map_at_end
1540,car,1330.0,,470.0,,421.956,93.0,403.0,67.0,430.348,,,0.8574,0.1426,,False,on_map_at_end
1541,car,1330.0,,470.0,,1916.693,100.0,239.0,231.0,297.309,,,0.5085,0.4915,,False,on_map_at_end
1544,car,1334.0,,466.0,,1860.965,100.0,208.0,258.0,287.464,,,0.4464,0.5536,,False,on_map_at_end
1545,car,1334.0,,466.0,,984.33,100.0,342.0,124.0,377.339,,,0.7339,0.2661,,False,on_map_at_end
1547,car,1335.0,,465.0,,808.901,61.0,253.0,212.0,384.234,,,0.5441,0.4559,,False,on_map_at_end
1548,truck,1336.0,,464.0,,1658.934,100.0,206.0,258.0,260.397,,,0.444,0.556,,False,on_map_at_end
1550,car,1337.0,,463.0,,480.685,100.0,385.0,78.0,402.322,,,0.8315,0.1685,,False,on_map_at_end
1551,car,1338.0,,462.0,,315.841,100.0,414.0,48.0,432.986,,,0.8961,0.1039,,False,on_map_at_end
1553,truck,1340.0,,460.0,,2239.274,100.0,164.0,296.0,190.079,,,0.3565,0.6435,,False,on_map_at_end
1554,car,1342.0,,458.0,,1753.226,63.0,246.0,212.0,299.227,,,0.5371,0.4629,,False,on_map_at_end
1556,car,1343.0,,457.0,,1928.313,0.0,193.0,264.0,277.859,,,0.4223,0.5777,,False,on_map_at_end
1558,truck,1344.0,,456.0,,678.919,55.0,314.0,142.0,374.497,,,0.6886,0.3114,,False,on_map_at_end
1560,car,1345.0,,455.0,,873.655,100.0,308.0,147.0,351.588,,,0.6769,0.3231,,False,on_map_at_end
1561,car,1347.0,,453.0,,1542.146,64.0,222.0,231.0,313.288,,,0.4901,0.5099,,False,on_map_at_end
1562,car,1347.0,,453.0,,821.913,91.0,293.0,160.0,334.586,,,0.6468,0.3532,,False,on_map_at_end
1563,truck,1349.0,,451.0,,265.123,39.0,357.0,94.0,416.373,,,0.7916,0.2084,,False,on_map_at_end
1566,car,1349.0,,451.0,,1614.379,100.0,273.0,178.0,304.944,,,0.6053,0.3947,,False,on_map_at_end
1567,car,1349.0,,451.0,,1252.452,100.0,280.0,171.0,323.34,,,0.6208,0.3792,,False,on_map_at_end
1568,truck,1350.0,,450.0,,750.467,59.0,238.0,212.0,358.289,,,0.5289,0.4711,,False,on_map_at_end
1569,car,1351.0,,449.0,,1190.829,100.0,298.0,151.0,341.22,,,0.6637,0.3363,,False,on_map_at_end
1570,car,1351.0,,449.0,,1421.159,57.0,265.0,184.0,312.042,,,0.5902,0.4098,,False,on_map_at_end
1571,car,1352.0,,448.0,,614.437,100.0,372.0,76.0,392.7,,,0.8304,0.1696,,False,on_map_at_end
1572,car,1352.0,,448.0,,1190.029,100.0,276.0,172.0,340.627,,,0.6161,0.3839,,False,on_map_at_end
1574,car,1353.0,,447.0,,567.262,100.0,362.0,85.0,395.204,,,0.8098,0.1902,,False,on_map_at_end
1575,car,1353.0,,447.0,,601.604,100.0,359.0,88.0,392.855,,,0.8031,0.1969,,False,on_map_at_end
1576,car,1354.0,,446.0,,159.709,63.0,351.0,95.0,427.812,,,0.787,0.213,,False,on_map_at_end
1577,car,1355.0,,445.0,,150.161,62.0,346.0,99.0,424.694,,,0.7775,0.2225,,False,on_map_at_end
1578,truck,1355.0,,445.0,,663.169,53.0,307.0,138.0,365.388,,,0.6899,0.3101,,False,on_map_at_end
1579,car,1358.0,,442.0,,293.338,100.0,394.0,48.0,415.167,,,0.8914,0.1086,,False,on_map_at_end
1580,car,1362.0,,438.0,,2092.378,89.0,209.0,229.0,249.408,,,0.4772,0.5228,,False,on_map_at_end
1581,car,1363.0,,437.0,,494.615,100.0,364.0,73.0,392.484,,,0.833,0.167,,False,on_map_at_end
1582,car,1365.0,,435.0,,1299.837,100.0,275.0,160.0,309.178,,,0.6322,0.3678,,False,on_map_at_end
1583,truck,1365.0,,435.0,,759.37,32.0,276.0,159.0,343.664,,,0.6345,0.3655,,False,on_map_at_end
1586,car,1367.0,,433.0,,655.668,57.0,309.0,124.0,370.222,,,0.7136,0.2864,,False,on_map_at_end
1588,truck,1368.0,,432.0,,828.907,60.0,231.0,201.0,332.491,,,0.5347,0.4653,,False,on_map_at_end
1589,car,1369.0,,431.0,,494.778,63.0,303.0,128.0,381.633,,,0.703,0.297,,False,on_map_at_end
1590,car,1371.0,,429.0,,1189.393,100.0,284.0,145.0,321.954,,,0.662,0.338,,False,on_map_at_end
1591,car,1371.0,,429.0,,1225.428,100.0,282.0,147.0,318.676,,,0.6573,0.3427,,False,on_map_at_end
1592,car,1371.0,,429.0,,1059.836,100.0,317.0,112.0,332.927,,,0.7389,0.2611,,False,on_map_at_end
1593,truck,1372.0,,428.0,,1560.374,100.0,198.0,230.0,240.506,,,0.4626,0.5374,,False,on_map_at_end
1595,car,1373.0,,427.0,,1037.145,100.0,311.0,116.0,332.183,,,0.7283,0.2717,,False,on_map_at_end
1596,car,1429.0,,371.0,,630.516,46.0,194.0,177.0,314.253,,,0.5229,0.4771,,False,on_map_at_end
1599,car,1376.0,,424.0,,1722.139,83.0,153.0,271.0,251.749,,,0.3608,0.6392,,False,on_map_at_end
1600,car,1380.0,,420.0,,1586.376,100.0,214.0,206.0,276.401,,,0.5095,0.4905,,False,on_map_at_end
1601,car,1380.0,,420.0,,789.604,100.0,322.0,98.0,348.935,,,0.7667,0.2333,,False,on_map_at_end
1602,car,1381.0,,419.0,,244.657,100.0,373.0,46.0,391.779,,,0.8902,0.1098,,False,on_map_at_end
1603,truck,1381.0,,419.0,,1099.026,100.0,258.0,161.0,286.573,,,0.6158,0.3842,,False,on_map_at_end
1604,car,1381.0,,419.0,,1109.355,100.0,264.0,155.0,312.751,,,0.6301,0.3699,,False,on_map_at_end
1605,car,1382.0,,418.0,,465.683,100.0,354.0,64.0,366.444,,,0.8469,0.1531,,False,on_map_at_end
1606,car,1383.0,,417.0,,2245.857,79.0,142.0,275.0,212.012,,,0.3405,0.6595,,False,on_map_at_end
1607,car,1384.0,,416.0,,485.109,62.0,284.0,132.0,358.355,,,0.6827,0.3173,,False,on_map_at_end
1609,car,1387.0,,413.0,,1430.775,72.0,166.0,247.0,251.94,,,0.4019,0.5981,,False,on_map_at_end
1610,car,1388.0,,412.0,,1259.975,100.0,256.0,156.0,298.295,,,0.6214,0.3786,,False,on_map_at_end
1611,car,1389.0,,411.0,,1659.69,100.0,231.0,180.0,260.152,,,0.562,0.438,,False,on_map_at_end
1612,car,1391.0,,409.0,,1362.694,100.0,236.0,173.0,286.117,,,0.577,0.423,,False,on_map_at_end
1613,truck,1391.0,,409.0,,519.836,100.0,319.0,90.0,345.648,,,0.78,0.22,,False,on_map_at_end
1615,car,1392.0,,408.0,,1064.085,100.0,272.0,136.0,310.983,,,0.6667,0.3333,,False,on_map_at_end
1616,car,1393.0,,407.0,,335.849,100.0,356.0,51.0,376.773,,,0.8747,0.1253,,False,on_map_at_end
1617,car,1395.0,,405.0,,1151.888,100.0,267.0,138.0,301.329,,,0.6593,0.3407,,False,on_map_at_end
1618,truck,1563.0,,237.0,,610.4,95.0,149.0,88.0,163.584,,,0.6287,0.3713,,False,on_map_at_end
1620,car,1396.0,,404.0,,1150.363,100.0,247.0,157.0,294.386,,,0.6114,0.3886,,False,on_map_at_end
1621,car,1398.0,,402.0,,1146.415,65.0,204.0,198.0,284.249,,,0.5075,0.4925,,False,on_map_at_end
1622,car,1398.0,,402.0,,1052.335,100.0,291.0,111.0,306.826,,,0.7239,0.2761,,False,on_map_at_end
1623,truck,1398.0,,402.0,,704.695,64.0,225.0,177.0,317.077,,,0.5597,0.4403,,False,on_map_at_end
1624,car,1398.0,,402.0,,133.9,65.0,317.0,85.0,386.047,,,0.7886,0.2114,,False,on_map_at_end
1625,car,1401.0,,399.0,,713.568,100.0,303.0,96.0,326.656,,,0.7594,0.2406,,False,on_map_at_end
1626,car,1402.0,,398.0,,1148.104,100.0,250.0,148.0,293.662,,,0.6281,0.3719,,False,on_map_at_end
1627,car,1402.0,,398.0,,814.412,90.0,266.0,132.0,294.03,,,0.6683,0.3317,,False,on_map_at_end
1628,truck,1735.0,,65.0,,382.963,7.0,8.0,57.0,16.349,,,0.1231,0.8769,,False,on_map_at_end
1629,car,1404.0,,396.0,,821.406,61.0,212.0,184.0,321.717,,,0.5354,0.4646,,False,on_map_at_end
1630,car,1405.0,,395.0,,1255.416,100.0,253.0,142.0,282.011,,,0.6405,0.3595,,False,on_map_at_end
1632,car,1407.0,,393.0,,89.948,100.0,374.0,19.0,383.011,,,0.9517,0.0483,,False,on_map_at_end
1633,truck,1408.0,,392.0,,1444.242,80.0,150.0,242.0,218.622,,,0.3827,0.6173,,False,on_map_at_end
1635,car,1409.0,,391.0,,1552.873,99.0,185.0,206.0,250.775,,,0.4731,0.5269,,False,on_map_at_end
1636,car,1409.0,,391.0,,1140.603,100.0,249.0,142.0,287.465,,,0.6368,0.3632,,False,on_map_at_end
1638,truck,1410.0,,390.0,,484.028,100.0,321.0,69.0,331.716,,,0.8231,0.1769,,False,on_map_at_end
1639,car,1411.0,,389.0,,82.447,100.0,369.0,20.0,378.644,,,0.9486,0.0514,,False,on_map_at_end
1640,car,1412.0,,388.0,,453.019,100.0,317.0,71.0,330.444,,,0.817,0.183,,False,on_map_at_end
1641,car,1412.0,,388.0,,648.167,54.0,270.0,118.0,327.261,,,0.6959,0.3041,,False,on_map_at_end
1642,car,1412.0,,388.0,,1580.381,11.0,167.0,221.0,245.296,,,0.4304,0.5696,,False,on_map_at_end
1643,truck,1413.0,,387.0,,2015.236,57.0,74.0,313.0,144.222,,,0.1912,0.8088,,False,on_map_at_end
1645,car,1415.0,,385.0,,119.453,63.0,298.0,87.0,373.068,,,0.774,0.226,,False,on_map_at_end
1648,truck,1417.0,,383.0,,1058.317,64.0,184.0,199.0,255.951,,,0.4804,0.5196,,False,on_map_at_end
1649,car,1418.0,,382.0,,1428.115,100.0,218.0,164.0,251.598,,,0.5707,0.4293,,False,on_map_at_end
1650,car,1422.0,,378.0,,1570.847,90.0,179.0,199.0,236.003,,,0.4735,0.5265,,False,on_map_at_end
1651,car,1422.0,,378.0,,861.257,100.0,265.0,113.0,300.486,,,0.7011,0.2989,,False,on_map_at_end
1652,car,1423.0,,377.0,,1022.058,69.0,187.0,190.0,283.112,,,0.496,0.504,,False,on_map_at_end
1654,car,1423.0,,377.0,,919.526,100.0,205.0,172.0,293.917,,,0.5438,0.4562,,False,on_map_at_end
1656,car,1425.0,,375.0,,409.022,100.0,311.0,64.0,337.751,,,0.8293,0.1707,,False,on_map_at_end
1657,car,1426.0,,374.0,,1667.38,62.0,174.0,200.0,223.333,,,0.4652,0.5348,,False,on_map_at_end
1658,truck,1426.0,,374.0,,1101.92,100.0,225.0,149.0,241.062,,,0.6016,0.3984,,False,on_map_at_end
1659,car,1427.0,,373.0,,103.661,63.0,284.0,89.0,362.467,,,0.7614,0.2386,,False,on_map_at_end
1660,car,1758.0,,42.0,,100.582,17.0,17.0,25.0,32.844,,,0.4048,0.5952,,False,on_map_at_end
1661,car,1430.0,,370.0,,89.342,63.0,284.0,86.0,357.292,,,0.7676,0.2324,,False,on_map_at_end
1662,car,1430.0,,370.0,,808.761,90.0,265.0,105.0,293.951,,,0.7162,0.2838,,False,on_map_at_end
1663,truck,1431.0,,369.0,,953.034,100.0,234.0,135.0,254.242,,,0.6341,0.3659,,False,on_map_at_end
1664,car,1431.0,,369.0,,1415.773,67.0,126.0,243.0,204.139,,,0.3415,0.6585,,False,on_map_at_end
1666,car,1432.0,,368.0,,2258.102,90.0,112.0,256.0,146.571,,,0.3043,0.6957,,False,on_map_at_end
1667,car,1434.0,,366.0,,640.666,56.0,247.0,119.0,306.059,,,0.6749,0.3251,,False,on_map_at_end
1669,car,1434.0,,366.0,,1355.675,100.0,213.0,153.0,242.501,,,0.582,0.418,,False,on_map_at_end
1670,car,1436.0,,364.0,,786.409,88.0,211.0,153.0,246.849,,,0.5797,0.4203,,False,on_map_at_end
1671,car,1437.0,,363.0,,633.164,54.0,242.0,121.0,303.658,,,0.6667,0.3333,,False,on_map_at_end
1672,car,1439.0,,361.0,,1431.674,69.0,160.0,201.0,230.913,,,0.4432,0.5568,,False,on_map_at_end
1673,truck,1439.0,,361.0,,602.539,51.0,228.0,133.0,288.604,,,0.6316,0.3684,,False,on_map_at_end
1674,car,1440.0,,360.0,,348.969,100.0,299.0,61.0,309.075,,,0.8306,0.1694,,False,on_map_at_end
1675,car,1440.0,,360.0,,981.728,100.0,227.0,133.0,268.233,,,0.6306,0.3694,,False,on_map_at_end
1676,car,1440.0,,360.0,,1516.573,83.0,149.0,211.0,219.931,,,0.4139,0.5861,,False,on_map_at_end
1677,car,1440.0,,360.0,,422.986,100.0,286.0,74.0,321.931,,,0.7944,0.2056,,False,on_map_at_end
1678,truck,1441.0,,359.0,,443.319,100.0,288.0,71.0,305.78,,,0.8022,0.1978,,False,on_map_at_end
1681,car,1444.0,,356.0,,74.946,100.0,336.0,20.0,347.237,,,0.9438,0.0562,,False,on_map_at_end
1682,car,1444.0,,356.0,,662.22,66.0,197.0,159.0,284.294,,,0.5534,0.4466,,False,on_map_at_end
1683,truck,1445.0,,355.0,,1053.148,100.0,201.0,154.0,227.569,,,0.5662,0.4338,,False,on_map_at_end
1684,car,1445.0,,355.0,,1475.558,80.0,139.0,216.0,218.081,,,0.3915,0.6085,,False,on_map_at_end
1685,car,1445.0,,355.0,,338.808,100.0,303.0,52.0,324.507,,,0.8535,0.1465,,False,on_map_at_end
1686,car,1446.0,,354.0,,1047.621,100.0,235.0,119.0,258.482,,,0.6638,0.3362,,False,on_map_at_end
1687,car,1446.0,,354.0,,785.902,52.0,205.0,149.0,283.034,,,0.5791,0.4209,,False,on_map_at_end
1688,truck,1446.0,,354.0,,795.76,90.0,232.0,122.0,258.277,,,0.6554,0.3446,,False,on_map_at_end
1689,car,1447.0,,353.0,,446.418,100.0,284.0,69.0,296.977,,,0.8045,0.1955,,False,on_map_at_end
1692,car,1451.0,,349.0,,1394.979,100.0,175.0,174.0,219.107,,,0.5014,0.4986,,False,on_map_at_end
1694,car,1451.0,,349.0,,75.65,64.0,264.0,85.0,340.216,,,0.7564,0.2436,,False,on_map_at_end
1695,car,1452.0,,348.0,,595.038,54.0,230.0,118.0,292.81,,,0.6609,0.3391,,False,on_map_at_end
1697,car,1455.0,,345.0,,954.057,100.0,230.0,115.0,258.272,,,0.6667,0.3333,,False,on_map_at_end
1698,truck,1456.0,,344.0,,1489.365,91.0,139.0,205.0,165.071,,,0.4041,0.5959,,False,on_map_at_end
1699,car,1456.0,,344.0,,1515.506,77.0,137.0,207.0,202.848,,,0.3983,0.6017,,False,on_map_at_end
1701,car,1456.0,,344.0,,1022.435,68.0,175.0,169.0,251.303,,,0.5087,0.4913,,False,on_map_at_end
1703,truck,1459.0,,341.0,,716.459,100.0,239.0,102.0,254.942,,,0.7009,0.2991,,False,on_map_at_end
1704,car,1460.0,,340.0,,1330.533,100.0,192.0,148.0,217.755,,,0.5647,0.4353,,False,on_map_at_end
1706,car,1548.0,,252.0,,63.075,67.0,175.0,77.0,243.96,,,0.6944,0.3056,,False,on_map_at_end
1708,truck,1463.0,,337.0,,1015.603,100.0,166.0,171.0,210.471,,,0.4926,0.5074,,False,on_map_at_end
1709,car,1464.0,,336.0,,1107.779,100.0,216.0,120.0,234.722,,,0.6429,0.3571,,False,on_map_at_end
1710,car,1465.0,,335.0,,789.782,100.0,241.0,94.0,263.201,,,0.7194,0.2806,,False,on_map_at_end
1711,car,1465.0,,335.0,,438.917,100.0,273.0,62.0,286.69,,,0.8149,0.1851,,False,on_map_at_end
1712,car,1466.0,,334.0,,1400.771,61.0,96.0,238.0,165.801,,,0.2874,0.7126,,False,on_map_at_end
1713,truck,1467.0,,333.0,,2271.337,28.0,33.0,300.0,60.33,,,0.0991,0.9009,,False,on_map_at_end
1714,car,1469.0,,331.0,,1071.85,100.0,193.0,138.0,229.453,,,0.5831,0.4169,,False,on_map_at_end
1717,car,1473.0,,327.0,,778.401,50.0,178.0,149.0,256.152,,,0.5443,0.4557,,False,on_map_at_end
1718,truck,1473.0,,327.0,,1500.69,26.0,85.0,242.0,146.845,,,0.2599,0.7401,,False,on_map_at_end
1719,car,1475.0,,325.0,,763.398,48.0,173.0,152.0,256.136,,,0.5323,0.4677,,False,on_map_at_end
1720,car,1477.0,,323.0,,2209.027,74.0,98.0,225.0,122.939,,,0.3034,0.6966,,False,on_map_at_end
1721,car,1477.0,,323.0,,474.959,61.0,203.0,120.0,267.748,,,0.6285,0.3715,,False,on_map_at_end
1722,car,1479.0,,321.0,,392.982,100.0,252.0,69.0,285.631,,,0.785,0.215,,False,on_map_at_end
1723,truck,1481.0,,319.0,,581.99,57.0,195.0,124.0,249.092,,,0.6113,0.3887,,False,on_map_at_end
1725,car,1486.0,,314.0,,649.859,95.0,212.0,102.0,227.072,,,0.6752,0.3248,,False,on_map_at_end
1726,car,1486.0,,314.0,,977.389,100.0,204.0,110.0,225.237,,,0.6497,0.3503,,False,on_map_at_end
1728,truck,1487.0,,313.0,,1273.603,100.0,138.0,175.0,159.631,,,0.4409,0.5591,,False,on_map_at_end
1729,car,1490.0,,310.0,,570.484,56.0,191.0,119.0,257.621,,,0.6161,0.3839,,False,on_map_at_end
1731,car,1553.0,,247.0,,51.09,66.0,170.0,77.0,240.837,,,0.6883,0.3117,,False,on_map_at_end
1732,car,1491.0,,309.0,,551.873,53.0,185.0,124.0,259.331,,,0.5987,0.4013,,False,on_map_at_end
1733,truck,1491.0,,309.0,,1169.422,100.0,146.0,163.0,168.613,,,0.4725,0.5275,,False,on_map_at_end
1734,car,1491.0,,309.0,,1500.277,88.0,126.0,183.0,166.552,,,0.4078,0.5922,,False,on_map_at_end
1736,car,1494.0,,306.0,,589.906,72.0,174.0,132.0,245.196,,,0.5686,0.4314,,False,on_map_at_end
1737,car,1495.0,,305.0,,2092.378,91.0,94.0,211.0,116.345,,,0.3082,0.6918,,False,on_map_at_end
1738,truck,1497.0,,303.0,,916.219,100.0,180.0,123.0,193.01,,,0.5941,0.4059,,False,on_map_at_end
1739,car,1499.0,,301.0,,1103.097,100.0,161.0,140.0,200.241,,,0.5349,0.4651,,False,on_map_at_end
1740,car,1501.0,,299.0,,975.47,100.0,198.0,101.0,211.207,,,0.6622,0.3378,,False,on_map_at_end
1741,car,1502.0,,298.0,,1000.479,100.0,190.0,108.0,206.356,,,0.6376,0.3624,,False,on_map_at_end
1742,car,1502.0,,298.0,,1328.035,100.0,147.0,151.0,177.761,,,0.4933,0.5067,,False,on_map_at_end
1743,truck,1502.0,,298.0,,750.397,46.0,142.0,156.0,207.916,,,0.4765,0.5235,,False,on_map_at_end
1744,car,1503.0,,297.0,,1416.672,65.0,104.0,193.0,167.935,,,0.3502,0.6498,,False,on_map_at_end
1746,car,1505.0,,295.0,,954.205,77.0,143.0,152.0,201.608,,,0.4847,0.5153,,False,on_map_at_end
1747,car,1507.0,,293.0,,694.206,43.0,139.0,154.0,230.152,,,0.4744,0.5256,,False,on_map_at_end
1749,car,1509.0,,291.0,,1284.369,81.0,90.0,201.0,128.328,,,0.3093,0.6907,,False,on_map_at_end
1750,car,1512.0,,288.0,,1178.774,66.0,156.0,132.0,180.147,,,0.5417,0.4583,,False,on_map_at_end
1751,car,1513.0,,287.0,,1738.337,95.0,106.0,181.0,128.812,,,0.3693,0.6307,,False,on_map_at_end
1753,truck,1515.0,,285.0,,534.98,53.0,159.0,126.0,220.777,,,0.5579,0.4421,,False,on_map_at_end
1754,car,1518.0,,282.0,,89.289,100.0,270.0,12.0,273.964,,,0.9574,0.0426,,False,on_map_at_end
1755,car,1518.0,,282.0,,1527.841,89.0,109.0,173.0,144.132,,,0.3865,0.6135,,False,on_map_at_end
1756,car,1519.0,,281.0,,1370.767,59.0,60.0,221.0,105.987,,,0.2135,0.7865,,False,on_map_at_end
1757,car,1520.0,,280.0,,383.311,100.0,218.0,62.0,245.502,,,0.7786,0.2214,,False,on_map_at_end
1758,truck,1520.0,,280.0,,968.656,100.0,146.0,134.0,162.884,,,0.5214,0.4786,,False,on_map_at_end
1759,car,1520.0,,280.0,,470.388,95.0,210.0,70.0,227.885,,,0.75,0.25,,False,on_map_at_end
1760,car,1521.0,,279.0,,1010.894,100.0,149.0,130.0,180.813,,,0.5341,0.4659,,False,on_map_at_end
1761,car,1522.0,,278.0,,1451.86,86.0,113.0,165.0,146.866,,,0.4065,0.5935,,False,on_map_at_end
1762,car,1524.0,,276.0,,521.174,53.0,157.0,119.0,229.094,,,0.5688,0.4312,,False,on_map_at_end
1763,truck,1527.0,,273.0,,504.285,52.0,148.0,125.0,212.462,,,0.5421,0.4579,,False,on_map_at_end
1764,car,1530.0,,270.0,,1401.67,65.0,88.0,182.0,142.344,,,0.3259,0.6741,,False,on_map_at_end
1765,car,1532.0,,268.0,,956.017,100.0,168.0,100.0,181.761,,,0.6269,0.3731,,False,on_map_at_end
1766,car,1533.0,,267.0,,713.449,100.0,146.0,121.0,201.998,,,0.5468,0.4532,,False,on_map_at_end
1768,truck,1534.0,,266.0,,997.893,100.0,120.0,146.0,145.994,,,0.4511,0.5489,,False,on_map_at_end
1769,car,1535.0,,265.0,,1394.169,62.0,82.0,183.0,137.806,,,0.3094,0.6906,,False,on_map_at_end
1770,car,1536.0,,264.0,,1363.265,56.0,56.0,208.0,102.729,,,0.2121,0.7879,,False,on_map_at_end
1771,car,1538.0,,262.0,,493.469,51.0,145.0,117.0,217.587,,,0.5534,0.4466,,False,on_map_at_end
1772,car,1538.0,,262.0,,1741.351,43.0,49.0,213.0,103.122,,,0.187,0.813,,False,on_map_at_end
1774,car,1539.0,,261.0,,1132.277,24.0,81.0,180.0,158.892,,,0.3103,0.6897,,False,on_map_at_end
1776,car,1541.0,,259.0,,1268.424,65.0,93.0,166.0,139.609,,,0.3591,0.6409,,False,on_map_at_end
1778,truck,1546.0,,254.0,,478.919,51.0,131.0,123.0,196.507,,,0.5157,0.4843,,False,on_map_at_end
1779,car,1549.0,,251.0,,752.754,90.0,154.0,97.0,179.074,,,0.6135,0.3865,,False,on_map_at_end
1780,car,1564.0,,236.0,,41.561,66.0,171.0,65.0,231.618,,,0.7246,0.2754,,False,on_map_at_end
1781,car,1551.0,,249.0,,658.701,39.0,113.0,136.0,189.096,,,0.4538,0.5462,,False,on_map_at_end
1782,car,1551.0,,249.0,,1436.858,75.0,94.0,155.0,118.835,,,0.3775,0.6225,,False,on_map_at_end
1783,truck,1553.0,,247.0,,645.698,45.0,117.0,130.0,169.485,,,0.4737,0.5263,,False,on_map_at_end
1784,car,1554.0,,246.0,,901.217,100.0,150.0,96.0,158.717,,,0.6098,0.3902,,False,on_map_at_end
1785,car,1555.0,,245.0,,470.974,51.0,127.0,118.0,202.612,,,0.5184,0.4816,,False,on_map_at_end
1786,car,1556.0,,244.0,,1505.957,23.0,52.0,192.0,108.343,,,0.2131,0.7869,,False,on_map_at_end
1787,car,1560.0,,240.0,,601.411,96.0,165.0,75.0,185.873,,,0.6875,0.3125,,False,on_map_at_end
1788,truck,1559.0,,241.0,,320.966,100.0,190.0,51.0,202.12,,,0.7884,0.2116,,False,on_map_at_end
1789,car,1564.0,,236.0,,350.947,89.0,173.0,63.0,201.879,,,0.7331,0.2669,,False,on_map_at_end
1790,car,1564.0,,236.0,,1704.083,24.0,35.0,201.0,80.917,,,0.1483,0.8517,,False,on_map_at_end
1791,car,1565.0,,235.0,,1201.979,45.0,64.0,171.0,105.536,,,0.2723,0.7277,,False,on_map_at_end
1792,car,1565.0,,235.0,,985.477,100.0,128.0,107.0,144.883,,,0.5447,0.4553,,False,on_map_at_end
1793,truck,1565.0,,235.0,,703.458,100.0,131.0,104.0,144.032,,,0.5574,0.4426,,False,on_map_at_end
1794,car,1565.0,,235.0,,81.788,100.0,225.0,10.0,227.639,,,0.9574,0.0426,,False,on_map_at_end
1796,car,1567.0,,233.0,,638.185,43.0,111.0,122.0,175.219,,,0.4764,0.5236,,False,on_map_at_end
1799,car,1580.0,,220.0,,318.028,100.0,178.0,42.0,190.589,,,0.8091,0.1909,,False,on_map_at_end
1800,car,1582.0,,218.0,,1153.724,24.0,49.0,169.0,104.249,,,0.2248,0.7752,,False,on_map_at_end
1801,car,1584.0,,216.0,,911.374,100.0,117.0,99.0,132.52,,,0.5417,0.4583,,False,on_map_at_end
1802,car,1584.0,,216.0,,313.465,100.0,168.0,48.0,179.753,,,0.7778,0.2222,,False,on_map_at_end
1803,truck,1584.0,,216.0,,1670.758,0.0,0.0,216.0,15.429,,,0.0,1.0,,False,on_map_at_end
1804,car,1585.0,,215.0,,890.549,100.0,112.0,103.0,133.031,,,0.5209,0.4791,,False,on_map_at_end
1805,car,1632.0,,168.0,,33.251,65.0,111.0,57.0,164.486,,,0.6607,0.3393,,False,on_map_at_end
1806,car,1590.0,,210.0,,1270.266,68.0,71.0,139.0,92.958,,,0.3381,0.6619,,False,on_map_at_end
1807,car,1590.0,,210.0,,323.006,90.0,160.0,50.0,175.468,,,0.7619,0.2381,,False,on_map_at_end
1808,truck,1591.0,,209.0,,1537.842,2.0,2.0,207.0,24.151,,,0.0096,0.9904,,False,on_map_at_end
1809,car,1591.0,,209.0,,1364.164,41.0,42.0,167.0,84.185,,,0.201,0.799,,False,on_map_at_end
1810,car,1592.0,,208.0,,203.348,100.0,176.0,32.0,189.322,,,0.8462,0.1538,,False,on_map_at_end
1811,car,1593.0,,207.0,,1502.555,43.0,42.0,165.0,70.633,,,0.2029,0.7971,,False,on_map_at_end
1812,car,1596.0,,204.0,,1348.263,9.0,12.0,192.0,32.422,,,0.0588,0.9412,,False,on_map_at_end
1813,truck,1597.0,,203.0,,310.005,89.0,149.0,54.0,164.947,,,0.734,0.266,,False,on_map_at_end
1814,car,1598.0,,202.0,,221.168,100.0,170.0,32.0,181.593,,,0.8416,0.1584,,False,on_map_at_end
1815,car,1600.0,,200.0,,461.737,62.0,87.0,113.0,144.113,,,0.435,0.565,,False,on_map_at_end
1816,car,1600.0,,200.0,,293.315,100.0,146.0,54.0,172.857,,,0.73,0.27,,False,on_map_at_end
1817,car,1601.0,,199.0,,1679.956,20.0,20.0,179.0,47.043,,,0.1005,0.8995,,False,on_map_at_end
1818,truck,1601.0,,199.0,,752.367,100.0,102.0,97.0,108.68,,,0.5126,0.4874,,False,on_map_at_end
1819,car,1603.0,,197.0,,964.796,91.0,90.0,107.0,100.211,,,0.4569,0.5431,,False,on_map_at_end
1820,car,1606.0,,194.0,,873.497,85.0,91.0,103.0,114.544,,,0.4691,0.5309,,False,on_map_at_end
1821,car,1606.0,,194.0,,537.903,90.0,130.0,64.0,145.588,,,0.6701,0.3299,,False,on_map_at_end
1822,car,1608.0,,192.0,,248.893,89.0,146.0,46.0,165.796,,,0.7604,0.2396,,False,on_map_at_end
1823,truck,1608.0,,192.0,,1118.589,18.0,36.0,156.0,57.498,,,0.1875,0.8125,,False,on_map_at_end
1824,car,1610.0,,190.0,,958.61,47.0,58.0,132.0,103.48,,,0.3053,0.6947,,False,on_map_at_end
1825,car,1611.0,,189.0,,463.399,49.0,99.0,90.0,147.294,,,0.5238,0.4762,,False,on_map_at_end
1826,car,1647.0,,153.0,,268.024,39.0,61.0,92.0,128.878,,,0.3987,0.6013,,False,on_map_at_end
1827,car,1614.0,,186.0,,1183.9,28.0,28.0,158.0,71.027,,,0.1505,0.8495,,False,on_map_at_end
1828,truck,1616.0,,184.0,,893.17,68.0,67.0,117.0,76.777,,,0.3641,0.6359,,False,on_map_at_end
1829,car,1617.0,,183.0,,957.295,80.0,79.0,104.0,89.18,,,0.4317,0.5683,,False,on_map_at_end
1830,car,1617.0,,183.0,,1374.831,12.0,18.0,165.0,52.378,,,0.0984,0.9016,,False,on_map_at_end
1831,car,1736.0,,64.0,,33.839,55.0,55.0,9.0,60.255,,,0.8594,0.1406,,False,on_map_at_end
1832,car,1618.0,,182.0,,737.752,90.0,90.0,92.0,109.091,,,0.4945,0.5055,,False,on_map_at_end
1833,truck,1619.0,,181.0,,988.891,52.0,52.0,129.0,61.94,,,0.2873,0.7127,,False,on_map_at_end
1835,car,1623.0,,177.0,,1047.434,37.0,37.0,140.0,82.73,,,0.209,0.791,,False,on_map_at_end
1836,car,1628.0,,172.0,,1066.554,31.0,59.0,113.0,74.699,,,0.343,0.657,,False,on_map_at_end
1837,car,1628.0,,172.0,,720.9,9.0,8.0,164.0,34.8,,,0.0465,0.9535,,False,on_map_at_end
1838,truck,1629.0,,171.0,,160.255,100.0,138.0,33.0,151.762,,,0.807,0.193,,False,on_map_at_end
1839,car,1629.0,,171.0,,980.648,62.0,61.0,110.0,81.172,,,0.3567,0.6433,,False,on_map_at_end
1840,car,1630.0,,170.0,,1242.263,43.0,42.0,128.0,54.319,,,0.2471,0.7529,,False,on_map_at_end
1841,car,1634.0,,166.0,,529.898,60.0,71.0,95.0,105.677,,,0.4277,0.5723,,False,on_map_at_end
1842,car,1635.0,,165.0,,912.989,66.0,68.0,97.0,80.951,,,0.4121,0.5879,,False,on_map_at_end
1843,truck,1635.0,,165.0,,450.396,50.0,70.0,95.0,110.931,,,0.4242,0.5758,,False,on_map_at_end
1845,car,1636.0,,164.0,,1382.23,7.0,7.0,157.0,24.592,,,0.0427,0.9573,,False,on_map_at_end
1846,car,1637.0,,163.0,,1551.929,1.0,4.0,159.0,23.325,,,0.0245,0.9755,,False,on_map_at_end
1847,car,1638.0,,162.0,,690.957,70.0,69.0,93.0,81.06,,,0.4259,0.5741,,False,on_map_at_end
1848,truck,1638.0,,162.0,,819.485,1.0,1.0,161.0,40.255,,,0.0062,0.9938,,False,on_map_at_end
1849,car,1639.0,,161.0,,347.523,41.0,60.0,101.0,129.492,,,0.3727,0.6273,,False,on_map_at_end
1850,car,1640.0,,160.0,,1142.572,6.0,6.0,154.0,46.03,,,0.0375,0.9625,,False,on_map_at_end
1851,car,1643.0,,157.0,,1006.258,21.0,21.0,136.0,63.273,,,0.1338,0.8662,,False,on_map_at_end
1852,car,1644.0,,156.0,,768.535,73.0,75.0,81.0,86.831,,,0.4808,0.5192,,False,on_map_at_end
1853,truck,1644.0,,156.0,,609.472,42.0,63.0,93.0,82.478,,,0.4038,0.5962,,False,on_map_at_end
1854,car,1645.0,,155.0,,25.57,65.0,104.0,51.0,151.936,,,0.671,0.329,,False,on_map_at_end
1855,car,1647.0,,153.0,,885.185,64.0,63.0,90.0,73.333,,,0.4118,0.5882,,False,on_map_at_end
1856,car,1647.0,,153.0,,574.125,47.0,62.0,91.0,98.166,,,0.4052,0.5948,,False,on_map_at_end
1857,car,1649.0,,151.0,,652.88,45.0,45.0,106.0,58.213,,,0.298,0.702,,False,on_map_at_end
1858,truck,1649.0,,151.0,,924.357,18.0,18.0,133.0,39.173,,,0.1192,0.8808,,False,on_map_at_end
1859,car,1650.0,,150.0,,667.735,48.0,48.0,102.0,89.709,,,0.32,0.68,,False,on_map_at_end
1861,car,1652.0,,148.0,,317.802,100.0,110.0,38.0,119.398,,,0.7432,0.2568,,False,on_map_at_end
1862,car,1653.0,,147.0,,285.928,100.0,111.0,36.0,120.989,,,0.7551,0.2449,,False,on_map_at_end
1863,truck,1654.0,,146.0,,437.381,49.0,51.0,95.0,93.493,,,0.3493,0.6507,,False,on_map_at_end
1864,car,1654.0,,146.0,,1183.638,11.0,13.0,133.0,26.098,,,0.089,0.911,,False,on_map_at_end
1865,car,1655.0,,145.0,,943.038,28.0,44.0,101.0,59.773,,,0.3034,0.6966,,False,on_map_at_end
1867,car,1658.0,,142.0,,206.166,100.0,116.0,26.0,122.724,,,0.8169,0.1831,,False,on_map_at_end
1868,truck,1749.0,,51.0,,0.0,51.0,51.0,0.0,51.0,,,1.0,0.0,,False,on_map_at_end
1869,car,1665.0,,135.0,,1061.775,7.0,6.0,129.0,26.368,,,0.0444,0.9556,,False,on_map_at_end
1870,car,1666.0,,134.0,,619.855,35.0,35.0,99.0,55.388,,,0.2612,0.7388,,False,on_map_at_end
1871,car,1667.0,,133.0,,924.016,39.0,38.0,95.0,48.626,,,0.2857,0.7143,,False,on_map_at_end
1872,car,1668.0,,132.0,,836.68,36.0,35.0,97.0,56.698,,,0.2652,0.7348,,False,on_map_at_end
1874,car,1669.0,,131.0,,425.175,46.0,46.0,85.0,85.686,,,0.3511,0.6489,,False,on_map_at_end
1875,car,1670.0,,130.0,,1043.702,11.0,10.0,120.0,32.569,,,0.0769,0.9231,,False,on_map_at_end
1876,car,1671.0,,129.0,,1206.381,2.0,1.0,128.0,19.548,,,0.0078,0.9922,,False,on_map_at_end
1877,car,1671.0,,129.0,,842.693,40.0,39.0,90.0,52.519,,,0.3023,0.6977,,False,on_map_at_end
1878,truck,1676.0,,124.0,,931.838,5.0,4.0,120.0,12.135,,,0.0323,0.9677,,False,on_map_at_end
1879,car,1673.0,,127.0,,1116.612,0.0,0.0,127.0,15.209,,,0.0,1.0,,False,on_map_at_end
1880,car,1675.0,,125.0,,935.642,26.0,25.0,100.0,38.989,,,0.2,0.8,,False,on_map_at_end
1881,car,1680.0,,120.0,,551.639,48.0,47.0,73.0,58.361,,,0.3917,0.6083,,False,on_map_at_end
1882,car,1681.0,,119.0,,633.323,18.0,18.0,101.0,62.0,,,0.1513,0.8487,,False,on_map_at_end
1883,truck,1681.0,,119.0,,948.567,0.0,0.0,119.0,5.126,,,0.0,1.0,,False,on_map_at_end
1884,car,1681.0,,119.0,,612.941,46.0,45.0,74.0,60.98,,,0.3782,0.6218,,False,on_map_at_end
1885,car,1681.0,,119.0,,886.165,7.0,6.0,113.0,32.35,,,0.0504,0.9496,,False,on_map_at_end
1886,car,1682.0,,118.0,,410.914,57.0,56.0,62.0,63.63,,,0.4746,0.5254,,False,on_map_at_end
1887,car,1682.0,,118.0,,217.777,94.0,93.0,25.0,98.173,,,0.7881,0.2119,,False,on_map_at_end
1888,truck,1683.0,,117.0,,264.023,82.0,81.0,36.0,85.305,,,0.6923,0.3077,,False,on_map_at_end
1889,car,1684.0,,116.0,,413.426,20.0,20.0,96.0,61.018,,,0.1724,0.8276,,False,on_map_at_end
1890,car,1688.0,,112.0,,759.609,32.0,31.0,81.0,42.911,,,0.2768,0.7232,,False,on_map_at_end
1891,car,1689.0,,111.0,,886.008,17.0,16.0,95.0,30.412,,,0.1441,0.8559,,False,on_map_at_end
1893,truck,1691.0,,109.0,,469.894,49.0,48.0,61.0,52.59,,,0.4404,0.5596,,False,on_map_at_end
1894,car,1691.0,,109.0,,462.887,37.0,36.0,73.0,50.849,,,0.3303,0.6697,,False,on_map_at_end
1896,car,1692.0,,108.0,,863.674,9.0,9.0,99.0,30.095,,,0.0833,0.9167,,False,on_map_at_end
1897,car,1696.0,,104.0,,1050.767,0.0,0.0,104.0,8.433,,,0.0,1.0,,False,on_map_at_end
1898,truck,1695.0,,105.0,,424.33,13.0,12.0,93.0,54.06,,,0.1143,0.8857,,False,on_map_at_end
1899,car,1696.0,,104.0,,455.386,34.0,33.0,71.0,50.287,,,0.3173,0.6827,,False,on_map_at_end
1900,car,1698.0,,102.0,,156.436,84.0,83.0,19.0,87.921,,,0.8137,0.1863,,False,on_map_at_end
1901,car,1698.0,,102.0,,416.715,9.0,9.0,93.0,64.495,,,0.0882,0.9118,,False,on_map_at_end
1902,car,1701.0,,99.0,,1005.882,0.0,0.0,99.0,7.671,,,0.0,1.0,,False,on_map_at_end
1903,truck,1702.0,,98.0,,720.033,2.0,2.0,96.0,11.351,,,0.0204,0.9796,,False,on_map_at_end
1904,car,1702.0,,98.0,,844.729,13.0,13.0,85.0,21.974,,,0.1327,0.8673,,False,on_map_at_end
1905,car,1704.0,,96.0,,852.611,0.0,0.0,96.0,17.504,,,0.0,1.0,,False,on_map_at_end
1906,car,1704.0,,96.0,,988.62,0.0,0.0,96.0,6.078,,,0.0,1.0,,False,on_map_at_end
1907,car,1705.0,,95.0,,977.321,0.0,0.0,95.0,6.235,,,0.0,1.0,,False,on_map_at_end
1908,truck,1707.0,,93.0,,403.528,9.0,9.0,84.0,44.557,,,0.0968,0.9032,,False,on_map_at_end
1909,car,1708.0,,92.0,,436.891,35.0,34.0,58.0,52.679,,,0.3696,0.6304,,False,on_map_at_end
1910,car,1709.0,,91.0,,401.342,46.0,46.0,45.0,54.028,,,0.5055,0.4945,,False,on_map_at_end
1911,car,1710.0,,90.0,,722.507,0.0,0.0,90.0,16.466,,,0.0,1.0,,False,on_map_at_end
1912,car,1709.0,,91.0,,198.665,68.0,67.0,24.0,71.901,,,0.7363,0.2637,,False,on_map_at_end
1913,truck,1711.0,,89.0,,61.945,80.0,79.0,10.0,81.564,,,0.8876,0.1124,,False,on_map_at_end
1914,car,1712.0,,88.0,,411.426,36.0,35.0,53.0,44.101,,,0.3977,0.6023,,False,on_map_at_end
1915,car,1712.0,,88.0,,733.168,13.0,13.0,75.0,20.51,,,0.1477,0.8523,,False,on_map_at_end
1916,car,1712.0,,88.0,,850.584,3.0,3.0,85.0,11.447,,,0.0341,0.9659,,False,on_map_at_end
1917,car,1713.0,,87.0,,852.148,0.0,0.0,87.0,5.637,,,0.0,1.0,,False,on_map_at_end
1918,truck,1715.0,,85.0,,615.401,0.0,0.0,85.0,7.997,,,0.0,1.0,,False,on_map_at_end
1919,car,1715.0,,85.0,,882.23,0.0,0.0,85.0,4.968,,,0.0,1.0,,False,on_map_at_end
1920,car,1715.0,,85.0,,395.433,8.0,8.0,77.0,49.411,,,0.0941,0.9059,,False,on_map_at_end
1921,car,1716.0,,84.0,,540.371,3.0,3.0,81.0,12.281,,,0.0357,0.9643,,False,on_map_at_end
1923,truck,1718.0,,82.0,,242.923,45.0,44.0,38.0,52.838,,,0.5366,0.4634,,False,on_map_at_end
1924,car,1723.0,,77.0,,200.929,46.0,45.0,32.0,58.916,,,0.5844,0.4156,,False,on_map_at_end
1925,car,1724.0,,76.0,,705.625,0.0,0.0,76.0,5.582,,,0.0,1.0,,False,on_map_at_end
1926,car,1730.0,,70.0,,434.92,15.0,15.0,55.0,30.459,,,0.2143,0.7857,,False,on_map_at_end
1927,car,1731.0,,69.0,,291.356,26.0,26.0,43.0,37.553,,,0.3768,0.6232,,False,on_map_at_end
1928,truck,1732.0,,68.0,,187.928,42.0,41.0,27.0,45.44,,,0.6029,0.3971,,False,on_map_at_end
1929,car,1732.0,,68.0,,685.859,0.0,0.0,68.0,5.196,,,0.0,1.0,,False,on_map_at_end
1930,car,1734.0,,66.0,,600.887,4.0,4.0,62.0,11.92,,,0.0606,0.9394,,False,on_map_at_end
1931,car,1736.0,,64.0,,682.736,0.0,0.0,64.0,2.553,,,0.0,1.0,,False,on_map_at_end
1932,car,1737.0,,63.0,,590.72,1.0,1.0,62.0,9.835,,,0.0159,0.9841,,False,on_map_at_end
1933,truck,1740.0,,60.0,,389.278,9.0,8.0,52.0,13.268,,,0.1333,0.8667,,False,on_map_at_end
1934,car,1740.0,,60.0,,603.047,0.0,0.0,60.0,4.22,,,0.0,1.0,,False,on_map_at_end
1935,car,1740.0,,60.0,,391.869,7.0,6.0,54.0,19.279,,,0.1,0.9,,False,on_map_at_end
1936,car,1740.0,,60.0,,317.182,0.0,0.0,60.0,5.451,,,0.0,1.0,,False,on_map_at_end
1937,car,1740.0,,60.0,,191.164,39.0,38.0,22.0,42.283,,,0.6333,0.3667,,False,on_map_at_end
1938,truck,1741.0,,59.0,,192.629,32.0,31.0,28.0,35.875,,,0.5254,0.4746,,False,on_map_at_end
1939,car,1742.0,,58.0,,70.977,50.0,49.0,9.0,51.612,,,0.8448,0.1552,,False,on_map_at_end
1940,car,1743.0,,57.0,,481.891,0.0,0.0,57.0,4.564,,,0.0,1.0,,False,on_map_at_end
1941,car,1744.0,,56.0,,54.444,48.0,47.0,9.0,49.672,,,0.8393,0.1607,,False,on_map_at_end
1942,car,1745.0,,55.0,,18.064,32.0,31.0,24.0,53.227,,,0.5636,0.4364,,False,on_map_at_end
1943,truck,1745.0,,55.0,,264.145,16.0,15.0,40.0,21.23,,,0.2727,0.7273,,False,on_map_at_end
1944,car,1746.0,,54.0,,233.891,21.0,20.0,34.0,28.028,,,0.3704,0.6296,,False,on_map_at_end
1945,car,1747.0,,53.0,,448.911,3.0,3.0,50.0,12.417,,,0.0566,0.9434,,False,on_map_at_end
1946,car,1749.0,,51.0,,139.149,29.0,28.0,23.0,38.169,,,0.549,0.451,,False,on_map_at_end
1947,car,1750.0,,50.0,,355.562,0.0,0.0,50.0,4.865,,,0.0,1.0,,False,on_map_at_end
1948,truck,1751.0,,49.0,,381.894,0.0,0.0,49.0,2.92,,,0.0,1.0,,False,on_map_at_end
1949,car,1752.0,,48.0,,482.623,0.0,0.0,48.0,4.366,,,0.0,1.0,,False,on_map_at_end
1950,car,1755.0,,45.0,,312.529,14.0,13.0,32.0,16.872,,,0.2889,0.7111,,False,on_map_at_end
1951,car,1756.0,,44.0,,48.474,35.0,34.0,10.0,39.637,,,0.7727,0.2273,,False,on_map_at_end
1952,car,1756.0,,44.0,,454.694,0.0,0.0,44.0,2.82,,,0.0,1.0,,False,on_map_at_end
1953,truck,1756.0,,44.0,,324.232,0.0,0.0,44.0,2.893,,,0.0,1.0,,False,on_map_at_end
1954,car,1758.0,,42.0,,447.14,0.0,0.0,42.0,1.757,,,0.0,1.0,,False,on_map_at_end
1955,car,1761.0,,39.0,,387.232,0.0,0.0,39.0,4.149,,,0.0,1.0,,False,on_map_at_end
1956,car,1762.0,,38.0,,219.795,0.0,0.0,38.0,3.529,,,0.0,1.0,,False,on_map_at_end
1957,car,1763.0,,37.0,,265.434,7.0,7.0,30.0,12.942,,,0.1892,0.8108,,False,on_map_at_end
1958,truck,1765.0,,35.0,,236.583,0.0,0.0,35.0,6.599,,,0.0,1.0,,False,on_map_at_end
1959,car,1765.0,,35.0,,279.102,0.0,0.0,35.0,3.769,,,0.0,1.0,,False,on_map_at_end
1960,car,1766.0,,34.0,,343.43,0.0,0.0,34.0,1.684,,,0.0,1.0,,False,on_map_at_end
1961,car,1767.0,,33.0,,348.662,0.0,0.0,33.0,1.62,,,0.0,1.0,,False,on_map_at_end
1962,car,1769.0,,31.0,,169.339,1.0,1.0,30.0,7.397,,,0.0323,0.9677,,False,on_map_at_end
1963,truck,1773.0,,27.0,,214.763,0.0,0.0,27.0,1.218,,,0.0,1.0,,False,on_map_at_end
1964,car,1783.0,,17.0,,148.832,0.0,0.0,17.0,3.605,,,0.0,1.0,,False,on_map_at_end
1965,car,1776.0,,24.0,,251.86,0.0,0.0,24.0,1.332,,,0.0,1.0,,False,on_map_at_end
1966,car,1777.0,,23.0,,160.885,0.0,0.0,23.0,3.388,,,0.0,1.0,,False,on_map_at_end
1967,car,1779.0,,21.0,,180.423,3.0,2.0,19.0,4.762,,,0.0952,0.9048,,False,on_map_at_end
1968,truck,1781.0,,19.0,,144.168,0.0,0.0,19.0,1.461,,,0.0,1.0,,False,on_map_at_end
1969,car,1784.0,,16.0,,102.188,0.0,0.0,16.0,5.784,,,0.0,1.0,,False,on_map_at_end
1970,car,1784.0,,16.0,,171.326,0.0,0.0,16.0,0.58,,,0.0,1.0,,False,on_map_at_end
1971,car,1786.0,,14.0,,126.02,0.0,0.0,14.0,0.776,,,0.0,1.0,,False,on_map_at_end
1972,car,1787.0,,13.0,,99.437,0.0,0.0,13.0,1.43,,,0.0,1.0,,False,on_map_at_end
1973,truck,1790.0,,10.0,,80.516,0.0,0.0,10.0,0.334,,,0.0,1.0,,False,on_map_at_end
1974,car,1790.0,,10.0,,105.757,0.0,0.0,10.0,0.482,,,0.0,1.0,,False,on_map_at_end
1975,car,1790.0,,10.0,,105.989,0.0,0.0,10.0,0.461,,,0.0,1.0,,False,on_map_at_end
1976,car,1791.0,,9.0,,64.552,0.0,0.0,9.0,3.19,,,0.0,1.0,,False,on_map_at_end
1977,car,1791.0,,9.0,,93.923,0.0,0.0,9.0,0.547,,,0.0,1.0,,False,on_map_at_end
1978,truck,1792.0,,8.0,,54.279,0.0,0.0,8.0,1.484,,,0.0,1.0,,False,on_map_at_end
1979,car,1794.0,,6.0,,63.905,0.0,0.0,6.0,0.249,,,0.0,1.0,,False,on_map_at_end
1980,car,1794.0,,6.0,,28.418,0.0,1.0,5.0,3.442,,,0.1667,0.8333,,False,on_map_at_end
1981,car,1799.0,,1.0,,10.164,0.0,0.0,1.0,0.085,,,0.0,1.0,,False,on_map_at_end
1982,car,1799.0,,1.0,,10.888,0.0,0.0,1.0,0.02,,,0.0,1.0,,False,on_map_at_end
385,car,586.0,,1214.0,,2768.287,100.0,816.0,398.0,956.019,,,0.6722,0.3278,,False,on_map_at_end
420,car,613.0,,1187.0,,2258.778,100.0,872.0,315.0,979.672,,,0.7346,0.2654,,False,on_map_at_end
445,car,625.0,,1175.0,,1853.942,100.0,870.0,305.0,1006.71,,,0.7404,0.2596,,False,on_map_at_end
450,car,628.0,,1172.0,,1846.441,100.0,861.0,311.0,1004.492,,,0.7346,0.2654,,False,on_map_at_end
457,car,633.0,,1167.0,,2617.795,100.0,763.0,404.0,918.954,,,0.6538,0.3462,,False,on_map_at_end
496,car,664.0,,1136.0,,1816.437,100.0,831.0,305.0,970.717,,,0.7315,0.2685,,False,on_map_at_end
507,car,669.0,,1131.0,,3009.778,100.0,675.0,456.0,839.809,,,0.5968,0.4032,,False,on_map_at_end
509,truck,672.0,,1128.0,,2883.669,100.0,601.0,527.0,778.949,,,0.5328,0.4672,,False,on_map_at_end
510,car,673.0,,1127.0,,2896.67,100.0,649.0,478.0,856.307,,,0.5759,0.4241,,False,on_map_at_end
521,car,684.0,,1116.0,,2917.043,100.0,687.0,429.0,840.303,,,0.6156,0.3844,,False,on_map_at_end
537,car,691.0,,1109.0,,2976.987,100.0,640.0,469.0,835.081,,,0.5771,0.4229,,False,on_map_at_end
550,car,701.0,,1099.0,,2499.779,100.0,704.0,395.0,863.408,,,0.6406,0.3594,,False,on_map_at_end
556,car,708.0,,1092.0,,2189.281,100.0,701.0,391.0,887.294,,,0.6419,0.3581,,False,on_map_at_end
557,car,708.0,,1092.0,,1808.936,100.0,771.0,321.0,928.653,,,0.706,0.294,,False,on_map_at_end
566,car,713.0,,1087.0,,2122.476,100.0,746.0,341.0,882.314,,,0.6863,0.3137,,False,on_map_at_end
580,car,722.0,,1078.0,,2603.767,100.0,697.0,381.0,835.347,,,0.6466,0.3534,,False,on_map_at_end
588,car,729.0,,1071.0,,1956.177,100.0,762.0,309.0,892.678,,,0.7115,0.2885,,False,on_map_at_end
595,car,734.0,,1066.0,,1793.934,100.0,734.0,332.0,904.132,,,0.6886,0.3114,,False,on_map_at_end
604,truck,738.0,,1062.0,,1507.777,43.0,764.0,298.0,880.965,,,0.7194,0.2806,,False,on_map_at_end
642,car,763.0,,1037.0,,2058.264,100.0,657.0,380.0,844.132,,,0.6336,0.3664,,False,on_map_at_end
643,car,765.0,,1035.0,,1603.729,100.0,802.0,233.0,874.063,,,0.7749,0.2251,,False,on_map_at_end
646,car,767.0,,1033.0,,1907.672,100.0,728.0,305.0,846.357,,,0.7047,0.2953,,False,on_map_at_end
664,truck,780.0,,1020.0,,1229.576,50.0,796.0,224.0,852.93,,,0.7804,0.2196,,False,on_map_at_end
665,car,780.0,,1020.0,,2187.425,100.0,748.0,272.0,821.511,,,0.7333,0.2667,,False,on_map_at_end
672,car,782.0,,1018.0,,1399.384,33.0,794.0,224.0,881.887,,,0.78,0.22,,False,on_map_at_end
676,car,784.0,,1016.0,,1867.236,100.0,690.0,326.0,797.04,,,0.6791,0.3209,,False,on_map_at_end
679,truck,789.0,,1011.0,,2053.897,100.0,658.0,353.0,763.296,,,0.6508,0.3492,,False,on_map_at_end
692,car,798.0,,1002.0,,1900.171,100.0,695.0,307.0,818.085,,,0.6936,0.3064,,False,on_map_at_end
698,car,803.0,,997.0,,2630.206,100.0,645.0,352.0,758.435,,,0.6469,0.3531,,False,on_map_at_end
699,truck,804.0,,996.0,,1887.527,100.0,741.0,255.0,773.274,,,0.744,0.256,,False,on_map_at_end
701,car,805.0,,995.0,,2424.528,100.0,634.0,361.0,768.783,,,0.6372,0.3628,,False,on_map_at_end
702,car,805.0,,995.0,,2676.719,92.0,569.0,426.0,740.282,,,0.5719,0.4281,,False,on_map_at_end
703,car,805.0,,995.0,,1070.099,95.0,814.0,181.0,850.483,,,0.8181,0.1819,,False,on_map_at_end
704,truck,806.0,,994.0,,1261.837,100.0,735.0,259.0,843.695,,,0.7394,0.2606,,False,on_map_at_end
707,car,808.0,,992.0,,1768.935,100.0,736.0,256.0,827.767,,,0.7419,0.2581,,False,on_map_at_end
711,car,809.0,,991.0,,1761.434,100.0,734.0,257.0,823.814,,,0.7407,0.2593,,False,on_map_at_end
712,car,811.0,,989.0,,2030.261,82.0,642.0,347.0,796.607,,,0.6491,0.3509,,False,on_map_at_end
713,car,810.0,,990.0,,1892.343,100.0,629.0,361.0,814.095,,,0.6354,0.3646,,False,on_map_at_end
714,truck,811.0,,989.0,,1589.987,100.0,767.0,222.0,797.275,,,0.7755,0.2245,,False,on_map_at_end
721,car,815.0,,985.0,,1062.598,94.0,808.0,177.0,854.547,,,0.8203,0.1797,,False,on_map_at_end
728,car,822.0,,978.0,,1693.976,100.0,737.0,241.0,815.104,,,0.7536,0.2464,,False,on_map_at_end
732,car,823.0,,977.0,,2002.258,26.0,633.0,344.0,785.622,,,0.6479,0.3521,,False,on_map_at_end
737,car,825.0,,975.0,,1756.429,100.0,645.0,330.0,816.282,,,0.6615,0.3385,,False,on_map_at_end
752,car,839.0,,961.0,,1855.165,100.0,675.0,286.0,782.892,,,0.7024,0.2976,,False,on_map_at_end
757,car,842.0,,958.0,,1019.593,90.0,765.0,193.0,820.061,,,0.7985,0.2015,,False,on_map_at_end
760,car,844.0,,956.0,,1582.136,100.0,754.0,202.0,811.787,,,0.7887,0.2113,,False,on_map_at_end
761,car,845.0,,955.0,,2603.176,0.0,570.0,385.0,705.649,,,0.5969,0.4031,,False,on_map_at_end
766,car,847.0,,953.0,,1613.466,100.0,698.0,255.0,798.086,,,0.7324,0.2676,,False,on_map_at_end
767,car,849.0,,951.0,,1852.937,100.0,667.0,284.0,783.292,,,0.7014,0.2986,,False,on_map_at_end
769,truck,849.0,,951.0,,1043.946,93.0,783.0,168.0,825.463,,,0.8233,0.1767,,False,on_map_at_end
771,car,851.0,,949.0,,1218.754,56.0,663.0,286.0,835.855,,,0.6986,0.3014,,False,on_map_at_end
773,car,851.0,,949.0,,1537.596,100.0,705.0,244.0,805.402,,,0.7429,0.2571,,False,on_map_at_end
779,truck,856.0,,944.0,,1341.688,100.0,761.0,183.0,782.644,,,0.8061,0.1939,,False,on_map_at_end
781,car,856.0,,944.0,,1377.619,100.0,794.0,150.0,819.332,,,0.8411,0.1589,,False,on_map_at_end
787,car,861.0,,939.0,,1012.092,89.0,754.0,185.0,811.22,,,0.803,0.197,,False,on_map_at_end
795,car,873.0,,927.0,,1036.445,91.0,777.0,150.0,825.986,,,0.8382,0.1618,,False,on_map_at_end
796,car,873.0,,927.0,,1844.733,100.0,636.0,291.0,757.739,,,0.6861,0.3139,,False,on_map_at_end
799,truck,877.0,,923.0,,1689.529,100.0,650.0,273.0,719.603,,,0.7042,0.2958,,False,on_map_at_end
810,car,886.0,,914.0,,1016.231,100.0,734.0,180.0,777.429,,,0.8031,0.1969,,False,on_map_at_end
811,car,886.0,,914.0,,2042.361,47.0,598.0,316.0,729.688,,,0.6543,0.3457,,False,on_map_at_end
813,car,887.0,,913.0,,1538.455,100.0,664.0,249.0,764.363,,,0.7273,0.2727,,False,on_map_at_end
820,car,891.0,,909.0,,1304.119,100.0,740.0,169.0,774.563,,,0.8141,0.1859,,False,on_map_at_end
822,car,891.0,,909.0,,1346.564,100.0,741.0,168.0,785.214,,,0.8152,0.1848,,False,on_map_at_end
825,car,894.0,,906.0,,1913.268,8.0,581.0,325.0,726.345,,,0.6413,0.3587,,False,on_map_at_end
828,car,898.0,,902.0,,613.887,94.0,805.0,97.0,844.772,,,0.8925,0.1075,,False,on_map_at_end
833,car,901.0,,899.0,,1211.253,55.0,625.0,274.0,768.247,,,0.6952,0.3048,,False,on_map_at_end
835,car,902.0,,898.0,,642.078,100.0,788.0,110.0,819.629,,,0.8775,0.1225,,False,on_map_at_end
838,car,903.0,,897.0,,1347.542,89.0,698.0,199.0,769.007,,,0.7781,0.2219,,False,on_map_at_end
839,truck,903.0,,897.0,,874.265,100.0,749.0,148.0,785.603,,,0.835,0.165,,False,on_map_at_end
840,car,904.0,,896.0,,1354.069,100.0,724.0,172.0,770.158,,,0.808,0.192,,False,on_map_at_end
843,car,905.0,,895.0,,2143.632,61.0,536.0,359.0,699.632,,,0.5989,0.4011,,False,on_map_at_end
851,car,910.0,,890.0,,997.09,88.0,698.0,192.0,760.08,,,0.7843,0.2157,,False,on_map_at_end
857,car,913.0,,887.0,,1947.384,100.0,588.0,299.0,708.951,,,0.6629,0.3371,,False,on_map_at_end
858,car,914.0,,886.0,,1825.486,59.0,612.0,274.0,721.152,,,0.6907,0.3093,,False,on_map_at_end
860,car,918.0,,882.0,,2243.925,100.0,500.0,382.0,678.035,,,0.5669,0.4331,,False,on_map_at_end
861,car,915.0,,885.0,,1019.609,100.0,733.0,152.0,766.716,,,0.8282,0.1718,,False,on_map_at_end
863,car,915.0,,885.0,,2069.529,100.0,504.0,381.0,667.693,,,0.5695,0.4305,,False,on_map_at_end
864,truck,922.0,,878.0,,1602.259,100.0,622.0,256.0,685.147,,,0.7084,0.2916,,False,on_map_at_end
867,car,924.0,,876.0,,1594.758,100.0,616.0,260.0,732.105,,,0.7032,0.2968,,False,on_map_at_end
874,truck,921.0,,879.0,,2328.829,65.0,432.0,447.0,598.776,,,0.4915,0.5085,,False,on_map_at_end
877,car,922.0,,878.0,,1332.324,100.0,704.0,174.0,748.851,,,0.8018,0.1982,,False,on_map_at_end
878,car,927.0,,873.0,,2236.424,100.0,495.0,378.0,669.06,,,0.567,0.433,,False,on_map_at_end
879,truck,924.0,,876.0,,2084.548,35.0,585.0,291.0,624.438,,,0.6678,0.3322,,False,on_map_at_end
881,car,925.0,,875.0,,1487.307,100.0,697.0,178.0,741.032,,,0.7966,0.2034,,False,on_map_at_end
887,car,928.0,,872.0,,1006.441,88.0,727.0,145.0,779.404,,,0.8337,0.1663,,False,on_map_at_end
888,car,928.0,,872.0,,1755.775,100.0,612.0,260.0,710.183,,,0.7018,0.2982,,False,on_map_at_end
889,truck,928.0,,872.0,,2734.069,100.0,463.0,409.0,538.942,,,0.531,0.469,,False,on_map_at_end
890,car,932.0,,868.0,,1384.361,29.0,578.0,290.0,738.373,,,0.6659,0.3341,,False,on_map_at_end
893,car,932.0,,868.0,,788.629,100.0,780.0,88.0,797.023,,,0.8986,0.1014,,False,on_map_at_end
897,car,933.0,,867.0,,1479.806,100.0,688.0,179.0,733.484,,,0.7935,0.2065,,False,on_map_at_end
900,car,935.0,,865.0,,532.584,92.0,774.0,91.0,814.203,,,0.8948,0.1052,,False,on_map_at_end
905,car,938.0,,862.0,,474.017,100.0,775.0,87.0,811.136,,,0.8991,0.1009,,False,on_map_at_end
913,car,942.0,,858.0,,1404.128,100.0,699.0,159.0,731.627,,,0.8147,0.1853,,False,on_map_at_end
916,car,943.0,,857.0,,1886.998,100.0,513.0,344.0,667.348,,,0.5986,0.4014,,False,on_map_at_end
917,car,943.0,,857.0,,1397.269,93.0,600.0,257.0,724.691,,,0.7001,0.2999,,False,on_map_at_end
919,truck,944.0,,856.0,,1841.484,100.0,568.0,288.0,634.933,,,0.6636,0.3364,,False,on_map_at_end
920,car,945.0,,855.0,,2035.453,100.0,615.0,240.0,670.085,,,0.7193,0.2807,,False,on_map_at_end
922,car,946.0,,854.0,,1563.238,100.0,661.0,193.0,709.272,,,0.774,0.226,,False,on_map_at_end
923,car,949.0,,851.0,,1389.768,91.0,596.0,255.0,724.268,,,0.7004,0.2996,,False,on_map_at_end
929,truck,951.0,,849.0,,619.588,100.0,749.0,100.0,774.438,,,0.8822,0.1178,,False,on_map_at_end
930,car,951.0,,849.0,,950.602,100.0,719.0,130.0,746.664,,,0.8469,0.1531,,False,on_map_at_end
935,car,955.0,,845.0,,1477.109,100.0,664.0,181.0,711.233,,,0.7858,0.2142,,False,on_map_at_end
937,car,956.0,,844.0,,1491.396,100.0,607.0,237.0,687.111,,,0.7192,0.2808,,False,on_map_at_end
938,car,956.0,,844.0,,2706.29,15.0,412.0,432.0,593.374,,,0.4882,0.5118,,False,on_map_at_end
942,car,1107.0,,693.0,,1081.012,100.0,530.0,163.0,585.183,,,0.7648,0.2352,,False,on_map_at_end
943,car,958.0,,842.0,,1881.562,56.0,525.0,317.0,671.404,,,0.6235,0.3765,,False,on_map_at_end
946,car,960.0,,840.0,,2178.45,20.0,533.0,307.0,567.596,,,0.6345,0.3655,,False,on_map_at_end
947,car,960.0,,840.0,,1140.059,50.0,568.0,272.0,730.197,,,0.6762,0.3238,,False,on_map_at_end
948,car,964.0,,836.0,,1194.589,100.0,693.0,143.0,725.426,,,0.8289,0.1711,,False,on_map_at_end
951,car,964.0,,836.0,,983.938,89.0,686.0,150.0,743.199,,,0.8206,0.1794,,False,on_map_at_end
955,car,965.0,,835.0,,921.019,100.0,703.0,132.0,726.556,,,0.8419,0.1581,,False,on_map_at_end
956,car,965.0,,835.0,,600.796,100.0,732.0,103.0,772.405,,,0.8766,0.1234,,False,on_map_at_end
958,car,967.0,,833.0,,1361.764,91.0,590.0,243.0,700.536,,,0.7083,0.2917,,False,on_map_at_end
963,car,970.0,,830.0,,1469.608,100.0,627.0,203.0,696.463,,,0.7554,0.2446,,False,on_map_at_end
965,car,973.0,,827.0,,2603.601,18.0,417.0,410.0,589.659,,,0.5042,0.4958,,False,on_map_at_end
966,car,973.0,,827.0,,2326.469,100.0,459.0,368.0,607.89,,,0.555,0.445,,False,on_map_at_end
969,truck,975.0,,825.0,,1411.486,100.0,569.0,256.0,655.379,,,0.6897,0.3103,,False,on_map_at_end
976,car,982.0,,818.0,,1132.558,47.0,550.0,268.0,712.234,,,0.6724,0.3276,,False,on_map_at_end
981,car,984.0,,816.0,,627.283,100.0,723.0,93.0,749.335,,,0.886,0.114,,False,on_map_at_end
982,car,985.0,,815.0,,1203.189,48.0,604.0,211.0,694.149,,,0.7411,0.2589,,False,on_map_at_end
983,car,985.0,,815.0,,1208.435,100.0,668.0,147.0,705.02,,,0.8196,0.1804,,False,on_map_at_end
984,truck,986.0,,814.0,,1035.383,33.0,563.0,251.0,689.704,,,0.6916,0.3084,,False,on_map_at_end
988,car,989.0,,811.0,,1027.512,30.0,558.0,253.0,711.795,,,0.688,0.312,,False,on_map_at_end
993,truck,991.0,,809.0,,1390.984,85.0,541.0,268.0,641.096,,,0.6687,0.3313,,False,on_map_at_end
998,truck,993.0,,807.0,,561.757,100.0,711.0,96.0,739.281,,,0.881,0.119,,False,on_map_at_end
